Workbook
Name Department: MD!$A$19:$A$36
Name LIST_CT: MD!$B$4:$B$11
Name Mth_PP: '>PowerPoint'!$B$2
Name PreviousCell: !A1048576

Sheet >PowerPoint
A2: Tháng | B2: 12

Sheet Định nghĩa
A1: ĐỊNH NGHĨA PHÂN LOẠI Ý TƯỞNG
A3: STT | B3: LOẠI | C3: ĐỊNH NGHĨA
A4: 1 | B4: Tăng năng suất | C4: Giảm lao động, giảm di chuyển, giảm chờ đợi
A5: 2 | B5: Tự động hóa | C5: Áp dụng MMTB để tăng hiệu suất làm việc, tăng an toàn lao động,…
A6: 3 | B6: Giảm hao hụt trong sản xuất | C6: Giảm hao hụt mất đi | D6: Hao hụt
A7: 4 | B7: Tiết kiệm năng lượng | C7: Tiết kiệm điện, nước, xăng dầu,…
A8: 5 | B8: Giảm tỷ lệ phó sản | C8: Giảm tỷ lệ phó sản phát sinh trong sản xuất | D8: Hao hụt
A9: 6 | B9: Gia tăng giá trị phó sản | C9: Xử lý tái sử dụng phó sản, gia công phó sản để bán
A10: 7 | B10: Kiểm soát giá mua
A11: 8 | B11: Khác
A15: BỘ PHẬN
A17: STT | B17: BỘ PHẬN
A18: 1 | B18: SX PET
A19: 2 | B19: SX HDPE
A20: 3 | B20: Tự động hóa
A21: 4 | B21: Phòng Mua
A22: 5 | B22: Kỹ Thuật
A23: 6 | B23: Kế Toán Quản Trị
A24: 7 | B24: Kế Toán Tài Chính
A25: 8 | B25: Quản Lý Chất Lượng HDPE
A26: 9 | B26: Quản Lý Chất Lượng PET
A27: 10 | B27: Kho
A28: 11 | B28: Cung ứng
A29: 12 | B29: R&D
... A34: 17 | B34: VPGĐ

Sheet Nội dung
C4: KẾT QUẢ THỰC HIỆN TIẾT KIỆM
C6: CHI PHÍ BÌNH QUÂN / TẤN
C8: PHÂN TÍCH NHÂN TỐ TÁC ĐỘNG CHI PHÍ /TẤN
C10: KẾ HOẠCH ĐẠT MỤC TIÊU

Sheet Trình bày
A2: Link
A3: 2023-SANXUAT-TK-303 | B3: Sản xuất | C3: 1. GIẢM TỶ LỆ PHÓ SẢN PHÁT SINH - XỬ LÝ B8 NGAY TẠI CHUYỀN.
C5: Trước cải tiến | E5: Sau cải tiến
C6: Chai B8 được lựa ra -> ép kiện -> lưu kho -> băm lại -> rửa nóng -> rửa lạnh -> phối trộn 25% Tỷ lệ chai B8: 6% | E6: Sắp xếp lại nhân công lựa và trang bị công cụ dao, kéo, kềm để xử lý các chai này trong lúc sản xuất để đưa vào Băm, không lưu kho. Tỷ lệ chai B8: 0%
C8: Sau cải tiến giảm tỷ lệ phó sản chai dơ B8 phát sinh tại chuyền từ 6% còn 0% => giảm giá thành 20 USD/tấn.
A22: 2023-SANXUAT-TK-706 | B22: Sản xuất | C22: 2. GIẢM TỶ LỆ PHÓ SẢN PHÁT SINH - QUAY ĐẦU RỬA LẠI ZIGZAG, TOMRA ĐỂ THU HỒI VẢY TẠO HẠT
C23: Trước cải tiến | E23: Sau cải tiến
C24: Phó sản sinh ra -> lưu kho -> phân loại -> xử lý theo từng loại phó sản Tỷ lệ zigzag: 4,9% Tỷ lệ Tomra: 3,2% | E24: Phó sản sinh ra -> phân loại + xử lý quay đầu tại chuyền Tỷ lệ zigzag: 0,1% Tỷ lệ Tomra: 0,6%
C25: Sau cải tiến quay đầu phó sản Zigzag, Tomra => giảm 29$/ tấn
A28: 2023-VANPHONG-TK-466 | B28: Tự động hóa | C28: 3. CẢI TIẾN LỘT NHÃN BÌNH LAVIE 5 GALLON + CẤP LIỆU VÀO MÁY BĂM CARN-01
C30: Trước cải tiến | E30: Sau cải tiến
C31: Lột nhãn bằng tay -> bỏ bình sau lột nhãn vào bao Jumbo -> kéo bao Jumbo đến máy băm để băm. Khâu lột nhãn : cần 5 người Khâu băm: cần 2 người Tổng cộng: 7 người | E31: 1. Lắp đặt máy khò nhiệt để dễ lột nhãn 2. Đặt máy khò gần máy băm 3. Công nhân lột nhãn nhanh -> bỏ thẳng và băng tải dẫn lên máy băm => tiết kiêm được 2 nhân công => nhân sự cần cho công đoạn này: 5 người
C32: Sau cải tiến => giảm giá thành 10 USD/tấn
A46: RECKT-23.182.045 | B46: Tự động hóa | C46: 4. CẢI TIẾN LẮP THIẾT BỊ XẢ BAO JUMBO VẢY 500kg TỰ ĐỘNG - GIẢM NGƯỜI CHUYỀN RỬA
C48: Trước cải tiến | E48: Sau cải tiến
C49: - Xe nâng nâng bao vảy lên vị trí khung đỡ để nhân viên mở đáy bao -> đặt lên khung -> nhân viên này phụ trách xả vảy ra khỏi bao (thường xuyên dùng dụng cụ tác động vào bao để vảy rơi xuống) - Mỗi trạm xả bao cần xe nâng và 1 nhân viên đứng xả vảy | E49: Lắp đặt Palang xả bao tự động: nhân viên dùng xe nâng tay kéo bao Jumbo đến vị trí cần nạp liêu, dùng Palang cẩu bao lên và bấm nút xả bao tự động. (Palang có hệ thống vỗ bao tự động) => Giảm 1 xe nâng và 0,5 công | G49: Hiện tại đã làm 5 trạm:
G50: Rửa nóng 1
G51: Rửa lạnh 1
G52: Rửa lạnh 2
G53: Star 2
G54: Star 3
G55: 257tr/hệ
A66: 2023-SANXUAT-TK-705 | B66: Sản xuất | C66: 5. ĐẦU TƯ XE NÂNG CÂN ĐIỆN TỬ, GIẢM NGƯỜI CHUYỀN RỬA
C68: Trước cải tiến | E68: Sau cải tiến
C69: Vảy sạch được cân bằng cân bàn: Nhân viên đóng gói bao vảy từ máy rửa khi khối lượng gần đầy thì dùng xe nâng dầu nâng lên cân bàn kiểm tra khối lượng, nếu thiếu thì châm thêm, nếu dư thì xúc ra bớt. Nhân công đóng gói: 1 người Nhân công đứng cân: 1 người Xe nâng: 1 | E69: Đầu tư xe nâng tay có cân: Bao vảy đặt trên xe nâng có cân -> khi đủ khối lượng thì nhân viên kéo bao ra. Nhân công đóng gói: 1 người => giảm 1 người, 1 xe nâng + 1 tài xế | G69: Đã đầu tư bao nhiêu cái, giá bao nhiêu?
C70: Sau cải tiến xả bao jumbo và xe nâng có cân điện tử => giảm giá thành 2 USD/tấn.
H71: Đã mua 5 cái, giá ~ 38tr/cái
A89: 2023-VANPHONG-TK-560 | B89: Tự động hóa | C89: 6. CẢI TIẾN QUY TRÌNH LỰA CHAI TRÊN CHUYỀN BĂM PET 1 và 2 | G89: Tự động hóa
C91: Trước cải tiến | E91: Sau cải tiến
C92: Trên băng tải lựa chai của chuyển băm 1 và 2 các nhân viên vừa lựa chai và xử lý nhãn. Chuyền Băm 1: cần 8 người Chuyền Băm 2: cần 10 người | E92: Lắp thêm các vách ngăn bằng inox, phân 2 người đầu tiên chỉ lựa chai, chai còn nhãn thì bỏ vào vách ngăn inox để những người tiếp theo xử lý lột nhãn rồi bỏ chai lại vào băng tải. Chuyền Băm 1: cần 6 người => tiết kiệm 2 người Chuyền Băm 2: cần 9 người => tiết kiệm 1 người
C93: Sau cải tiến => giảm giá thành 2 USD/tấn.
A110: 2023-SANXUAT-TK-705 | B110: Sản xuất | C110: 7. CẢI TIẾN GIẢM XE NÂNG CHUYỀN TẠO HẠT
C112: Trước cải tiến | E112: Sau cải tiến | G112: Đã đầu tư bao nhiêu cái, giá bao nhiêu?
C113: Các vị trí ra hạt dùng xe nâng lớn (dầu hoặc điện) để lấy hạt. Nguy cơ va chạm, mất an toàn lao động và ảnh hưởng khói dầu đến sản phẩm. | E113: Đàu tư xe nâng tay điện. Nhân viên vận hành xử dụng xe nâng tay để lấy hạt => giảm 2 tài xế và xe nâng lớn | G113: Đã mua 1 cái, giá ~ 81tr/cái
C114: Sau cải tiến => giảm giá thành 2 USD/tấn thành vảy rPET băm chưa rửa.
A135: 2024-SANXUAT-TK-186 | B135: Sản xuất | C135: 8. XỬ LÝ PHÓ SẢN HD QMT LOẠI 2 THÀNH VẢY HV01.3 | G135: 8. XỬ LÝ PHÓ SẢN HD THỔI TRONG VẢY L2 QMT
C137: Trước cải tiến | E137: Sau cải tiến
C138: Phó sản loại 2 từ vảy QMT chưa có hướng xử lý để tồn kho | E138: Đem tách màu -> vảy HV01.3 -> tạo ra hạt MBF01. => tăng giá trị sản phẩm | G138: 160012457 | H138: Phó Sản HD Thổi Trong Vảy L1 QMT
C139: Sau cải tiến đã xử lý 180,9 tấn, thu lợi 668 triệu. | G139: 160012458 | H139: Phó Sản HD Thổi Trong Vảy L2 QMT
G141: 160012450 | H141: Vảy HD Thổi Trong HV-01.3
A160: 2024-KT-CTST-64 | B160: Kỹ thuật | C160: 9. TÁI SỬ DỤNG HÓA CHẤT TẨY RỬA CHUYỀN BĂM
C162: Trước cải tiến | E162: Sau cải tiến
B163: Tính thêm giá trị RP7 sv NAOH | C163: sử dụng RP7 vệ sinh bộ trao đổi nhiệt dầu của các máy tạo hạt Starlinger, chân không máy SSP | E163: Sử dụng hóa chất NAOH thay cho chai RP7 = > 1. Tăng thời hạn sử dụng thiết bị từ 2 năm -> 4 năm -> giảm chi phí thiết bị 2. giảm chi phí vệ sinh
C164: Sau cải tiến
A189: 2024-KT-CTST-56 | B189: Kỹ thuật | C189: 10. TẬN DỤNG BỒN TRỘN MÁY STARLINGER
C191: Trước cải tiến | E191: Sau cải tiến
C192: Sử dụng máy MIX để trộn nguyên liệu -> đưa vào bồn trộn của máy để nạp liệu | E192: ở chuyền Starlinger 1 và 2 tận dụng bồn trộn liệu có sẵn trên máy để trộn liệu, không cần trộn trước. => tiết kiệm 1 nhân công, chi phí điện | G192: Công suất máy 3 lớn, không trộn kịp
C194: Sau cải tiến => giảm giá thành 6 USD/tấn thành hạt rPET
A218: 2024-NL-CTST-63 | B218: Kỹ thuật | C218: 11. GIẢM THỜI GIAN / CHI PHÍ VỆ SINH LỌC ETTLINGER
B220: HDPE | C220: Trước cải tiến | E220: Sau cải tiến
C221: Trước đây việc vệ sinh lọc ETTLINGER cần gửi qua Malaysia với chi phí khoảng 700 USD trong thời gian 4 tuần | E221: Cải tiến đầu tư thiết bị vệ sinh chân không để vệ sinh lọc ETTLINGER ở tại nhà máy t => tiết kiệm chi phí & thời gian chờ.
C222: Sau cải tiến => giảm giá thành 3 USD/tấn thành hạt rHDPE
A246: 2024-DTR-TK-206 | B246: Kỹ thuật | C246: 12. THAY ĐỔI CÙM DAO MÁY STARLINGER 3 ĐỂ TĂNG TUỔI THỌ/GIẢM CHI PHÍU DAO/KHUÔN
C248: Trước cải tiến | E248: Sau cải tiến
C249: Máy Stalinger 3 sử dụng cùm dao 20 dao/cùm. - Máy chạy 130 giờ dừng máy 3 tiếng để thay dao + khuôn - Tổng số giờ sử dụng khuôn 390 giờ - Số lượng dao sử dụng 1 tháng ~ 111 cái - Số lượng khuôn sử dụng 1 tháng ~2 cái | E249: Cải tiến thay đổi sử dụng cùm dao 24 dao/cùm. => giảm tốc độ dao cắt tăng tuổi thọ các thiết bị trên máy, tăng thời gian sủ dụng khuôn dao, giảm số lần dừng máy thay khuôn dao: - Máy chạy 300 giờ dừng máy 3 tiếng để thay dao + khuôn - Tổng số giờ sử dụng khuôn 600 giờ - Số lượng dao sử dụng 1 tháng ~ 48 cái - Số lượng khuôn sử dụng 1 tháng ~1 cái | G249: Dao ~ 165K/ dao Khuôn ~ 308 tr/khuôn)
C250: Sau cải tiến => giảm giá thành 4 USD/tấn thành hạt rPET
A273: 2024-KT-TK-182 | B273: Kỹ thuật | C273: 13. TÁI SỬ DỤNG BỘ LỌC STARLINGER 1,2 CHO STARLINGER 3
C275: Trước cải tiến | E275: Sau cải tiến
C276: Sử dụng lọc mới BUSCH 0532 140 159 (710022797) cho máy Starlinger 3 | E276: Tái sử dụng lọc cũ BUSCH 0532 140 159 từ máy stalinger 1, 2 (ở các vị trí bơm chân không) cho máy Stalinger 3 => tiết kiệm chi phí. | G276: Bộ lọc ở các vị trí bơm chân không, lọc khí ra khỏi dầu máy Star 1: 20 cái, máy Star 2: 4 cái => TC 24 cái máy Star 3 cần 14 cái
C277: Sau cải tiến => giảm giá thành 0,1 USD/tấn thành hạt rPET
A300: 2024-KT-TK-290 | C300: 14. THAY ĐỔI DẦU VACCUM MÁY STARLINGER, SSP ĐỂ GIẢM THIỂU DỪNG MÁY
C302: Trước cải tiến | E302: Sau cải tiến
C303: Hiện tại sử dụng S2 B100 - Chu kỳ thay dầu 1.000 giờ - Số lần ngưng máy 8 lần /1 năm/máy | E303: Sử dụng dầu thay thế MILES SB COMP OIL 100 - Chu kỳ thay dầu 2.000 giờ - Số lần ngưng máy 4 lần/1 năm/máy
C304: Sau cải tiến => giảm giá thành 0,1 USD/tấn thành hạt rPET
G307: Số giờ dừng máy để thay dầu?
A318: 2024-KT-TK-39 | C318: 15. THAY ĐỔI NHÀ CUNG CẤP LỌC ETTLINGER ĐỂ GIẢM CHI PHÍ
C320: Trước cải tiến | E320: Sau cải tiến
C321: Mua bộ vật tư phụ kiện cho bộ lọc nhà cung cấp Ettlinger (Giá 156,6 triệu/ bộ) | E321: Đổi nhà cung cấp mới QingDao HongSu Technology (39,3 triệu/bộ) - Giá rẻ hơn 70%
C322: Sau cải tiến => giảm giá thành 15 USD/tấn thành hạt rHD
A335: 240624005 | B335: Quản Lý Chất Lượng HDPE | C335: 16. XỬ LÝ PHÓ SẢN HDPE ĐỂ TẠO HẠT
A337: 24 | C337: Trước cải tiến | E337: Sau cải tiến
C338: Phó sản 1,2 sau tách màu được lưu kho ngoài trời không có giá trị cao, chưa có hướng xử lý, chiếm diện tích kho. | E338: Tạo mã bán thành phẩm (SP-HV-01.4, SP-HV-01.5) phù hợp tiêu chuẩn cho phó sản 1,2 sau tách màu. Bán thành phẩm SP-HV-01.4, SP-HV-01.5 sẽ được phối trộn để tạo ra hạt thành phẩm MBF01, rHDB03N02, rHDB03N03. Các mã này sẽ được bán cho các khách hàng không yêu cầu về màu sắc đại trà.
C339: Sau cải tiến đã xử lý 180,9 tấn, thu lợi 668 triệu.
A361: 2024-SANXUAT-TK-180 | C361: 17. CẢI TIẾN TĂNG NĂNG SUÂT MÁY HD
C363: Trước cải tiến | E363: Sau cải tiến
C364: Năng suất Chuyền Active ~ 500 kg/h Năng suất chuyền Moogetech rửa ~ 350kg/h | E364: Khảo sát thực tế máy chạy xử lý thắt cổ chai từng công đoạn và nhờ kỹ thuật hiệu chỉnh máy móc thiết bị được tối ưu sản xuất. => tăng năng suất máy: Năng suất Chuyền Active ~ 700 kg/h Năng suất chuyền Moogetech rửa ~ 600kg/h
C365: Sau cải tiến => giảm giá thành USD/tấn thành hạt rHDPE
C373: 18. CẢI TIẾN GIẢM CÔNG MÁY TẠO HẠT HD
C374: Trước cải tiến | E374: Sau cải tiến
A375: 2024-SANXUAT-TK-183 | C375: Máy NGR-01 tạo hạt MBF01: 5 nhân viên/ ca (2 nạp liệu, 2 đóng gói, 1 xe nâng) Máy POLY-01 tạo hạt: 2 nhân viên / ca (1 nạp liêu, 1 đóng gói) | E375: Khảo sát bố trí nhân viên cắt giảm các công đoạn, các thao tác không tạo ra gia trị lớn. => tiết kiêm nhân công Máy NGR-01 tạo hạt MBF01: 3 nhân viên/ ca (1 nạp liệu, 1 đóng gói, 1 xe nâng) Máy POLY-01 tạo hạt: 1 nhân viên / ca (1 người vừa nạp liệu vừa đóng gói)
C376: Sau cải tiến => giảm giá thành USD/tấn thành hạt rHDPE
A384: 240628008 | C384: 19. TIẾT KIỆM CHI PHÍ SẢN XUẤT PALLET ONEWAY
C385: Trước cải tiến | E385: Sau cải tiến
C386: Hiện tại khi sx pallet oneway thì DTR sẽ tạo hạt và gởi qua DTP gia công, tốn chi phí tạo hạt | E386: Đề xuất sử dụng 100% vảy pp loại 4 mix màu xong gởi DTP gia công luôn, không qua bước tạo hạt nhằm tiết kiệm chi phí tạo hạt
C387: Sau cải tiến => giảm giá thành USD/tấn thành hạt rHDPE
A410: 240824002 | C410: 20. TIẾT KIỆM CHI PHÍ BAO BÌ MANG ĐI GIA CÔNG PALLET ONEWAY
C411: Trước cải tiến | E411: Sau cải tiến
C412: Dự án tiết kiệm chi phí bao bì cho gia công Pallet ONEWAY | E412: Cải tiến sử dụng bao Jumbo cũ
C413: Sau cải tiến => giảm giá thành USD/tấn thành hạt rHDPE
A438: 240523002 | C438: 21
C439: Trước cải tiến | E439: Sau cải tiến
C441: Sau cải tiến => giảm giá thành USD/tấn thành hạt rHDPE

Sheet Tóm tắt
A1: 1. | B1: ="TÌNH HÌNH THỰC HIỆN CẢI TIẾN ĐẾN THÁNG "&TEXT(Mth_PP,"00")&" /2025" -> TÌNH HÌNH THỰC HIỆN CẢI TIẾN ĐẾN THÁNG 12 /2025
A3: STT | B3: Nội dung | C3: Giá trị
A4: 1 | B4: Mục tiêu giá trị cải tiến tiết kiệm 2025 (tỷ) | C4: =Q21 -> 50000
A5: 2 | B5: % Mục tiêu giá trị tiết kiệm / doanh thu 2025 | C5: =C4/Q24 -> 0.024225368
A6: 3 | B6: ="Giá trị tiết kiệm thực hiện lũy kế đến T"&Mth_PP&"/2025 (tỷ)" -> Giá trị tiết kiệm thực hiện lũy kế đến T12/2025 (tỷ) | C6: =Q14 -> 38926.054
A7: 4 | B7: % thực hiện giá trị tiết kiệm / doanh thu | C7: =Q18 -> 0.02528975
A8: 5 | B8: ="Đến tháng "&Mth_PP&" tỷ lệ % hoàn thành mục tiêu giá trị tiết kiệm 2025:" -> Đến tháng 12 tỷ lệ % hoàn thành mục tiêu giá trị tiết kiệm 2025: | C8: =C6/C4 -> 0.77852108
R10: 1 | S10: 2 | T10: 3 | U10: 4 | V10: 5 | W10: 6 | X10: 7 | Y10: 8 | Z10: 9 | AA10: 10 | AB10: 11 | AC10: 12
A11: STT | B11: Diễn giải | C11: 2023 | D11: T1/24 | E11: T2 | F11: T3 | G11: T4 | H11: T5 | I11: T6 | J11: T7 | K11: T8 | L11: T9 | M11: T10 | N11: T11 | O11: T12 | P11: 2024 | Q11: Lũy kế 2025 | R11: T1/25 | S11: T2 | T11: T3 | U11: T4 | V11: T5 | W11: T6 | X11: T7 | Y11: T8 | Z11: T9 | AA11: T10 | AB11: T11 | AC11: T12
A12: 1 | B12: Số ý tưởng cải tiến khả thi | C12: 15 | D12: 16 | E12: 2 | F12: 14 | G12: 13 | H12: 15 | I12: 37 | J12: 27 | K12: 27 | L12: 29 | M12: 25 | N12: 41 | O12: 21 | P12: =SUM(D12:O12) -> 267 | Q12: =SUM(R12:AC12) -> 250 | R12: 3 | S12: 3 | T12: 22 | U12: 42 | V12: 44 | W12: 24 | X12: 20 | Y12: 17 | Z12: 15 | AA12: 10 | AB12: 25 | AC12: 25
A13: 2 | B13: - Trong đó số ý tưởng đem lại giá trị tiết kiệm | C13: 15 | D13: 8 | E13: 2 | F13: 2 | G13: 2 | H13: 4 | I13: 1 | J13: 4 | K13: 2 | L13: 4 | M13: 2 | N13: 9 | O13: 5 | P13: =SUM(D13:O13) -> 45 | Q13: =SUM(R13:AC13) -> 78 | R13: 3 | S13: 3 | T13: 8 | U13: 9 | V13: 9 | W13: 9 | X13: 6 | Y13: 7 | Z13: 7 | AA13: 4 | AB13: 6 | AC13: 7
A14: 3 | B14: Giá trị tiết kiệm đã thực hiện (trđ) | C14: 8910 | D14: ='GTTK chung'!AX143/10^6 -> 1373.0045 | E14: ='GTTK chung'!AY143/10^6 -> 800.03973 | F14: ='GTTK chung'!AZ143/10^6 -> 1588.4742 | G14: ='GTTK chung'!BA143/10^6 -> 1473.7039 | H14: ='GTTK chung'!BB143/10^6 -> 1692.3523 | I14: ='GTTK chung'!BC143/10^6 -> 1461.3109 | J14: ='GTTK chung'!BD143/10^6 -> 2024.4786 | K14: ='GTTK chung'!BE143/10^6 -> 5210.0133 | ... O14: ='GTTK chung'!BI143/10^6 -> 3832.2542 | P14: =SUM(D14:O14) -> 35633.354 | Q14: =SUM(R14:AC14) -> 38926.054 | R14: =IF(Mth_PP>=R$10,'GTTK chung'!AJ143/10^6,0) -> 2819.4198 | S14: =IF(Mth_PP>=S$10,'GTTK chung'!AK143/10^6,0) -> 3540.6355 | T14: =IF(Mth_PP>=T$10,'GTTK chung'!AL143/10^6,0) -> 1384.2882 | U14: =IF(Mth_PP>=U$10,'GTTK chung'!AM143/10^6,0) -> 2451.4174 | V14: =IF(Mth_PP>=V$10,'GTTK chung'!AN143/10^6,0) -> 6343.0406 | W14: =IF(Mth_PP>=W$10,'GTTK chung'!AO143/10^6,0) -> 3559.933 | X14: =IF(Mth_PP>=X$10,'GTTK chung'!AP143/10^6,0) -> 3634.5071 | Y14: =IF(Mth_PP>=Y$10,'GTTK chung'!AQ143/10^6,0) -> 5611.7852 | ... AC14: =IF(Mth_PP>=AC$10,'GTTK chung'!AU143/10^6,0) -> 1603.54
A15: 4 | B15: Giá trị tiết kiệm kế hoạch (trđ) | D15: ='GTTK chung'!AX147/10^6 -> 1133.6667 | E15: ='GTTK chung'!AY147/10^6 -> 1173.6667 | F15: ='GTTK chung'!AZ147/10^6 -> 1283.6667 | G15: ='GTTK chung'!BA147/10^6 -> 1283.6667 | H15: ='GTTK chung'!BB147/10^6 -> 1283.6667 | I15: ='GTTK chung'!BC147/10^6 -> 2535.0952 | J15: ='GTTK chung'!BD147/10^6 -> 1825.0952 | K15: ='GTTK chung'!BE147/10^6 -> 1825.0952 | ... O15: ='GTTK chung'!BI147/10^6 -> 5385.0952 | P15: =SUM(D15:O15) -> 22804 | Q15: =SUM(R15:AC15) -> 50000 | R15: =IF(Mth_PP>=R$10,'GTTK chung'!AJ147/10^6,0) -> 2980 | S15: =IF(Mth_PP>=S$10,'GTTK chung'!AK147/10^6,0) -> 2990 | T15: =IF(Mth_PP>=T$10,'GTTK chung'!AL147/10^6,0) -> 4459 | U15: =IF(Mth_PP>=U$10,'GTTK chung'!AM147/10^6,0) -> 3365 | V15: =IF(Mth_PP>=V$10,'GTTK chung'!AN147/10^6,0) -> 3355 | W15: =IF(Mth_PP>=W$10,'GTTK chung'!AO147/10^6,0) -> 6159 | X15: =IF(Mth_PP>=X$10,'GTTK chung'!AP147/10^6,0) -> 3415 | Y15: =IF(Mth_PP>=Y$10,'GTTK chung'!AQ147/10^6,0) -> 3510 | ... AC15: =IF(Mth_PP>=AC$10,'GTTK chung'!AU147/10^6,0) -> 8368
A16: 5 | B16: % Giá trị tiết kiệm đã thực hiện sv kế hoạch | D16: =IFERROR(D14/D15,0) -> 1.2111184 | E16: =IFERROR(E14/E15,0) -> 0.68165839 | F16: =IFERROR(F14/F15,0) -> 1.2374507 | G16: =IFERROR(G14/G15,0) -> 1.1480425 | H16: =IFERROR(H14/H15,0) -> 1.3183736 | I16: =IFERROR(I14/I15,0) -> 0.57643233 | J16: =IFERROR(J14/J15,0) -> 1.1092454 | K16: =IFERROR(K14/K15,0) -> 2.8546528 | ... AC16: =IFERROR(AC14/AC15,0) -> 0.19162763
A17: 6 | B17: Doanh thu (trđ) | C17: 685519.22 | D17: 95961.617 | E17: 68939.747 | F17: 92109.508 | G17: 97489.093 | H17: 102365 | I17: 68093.17 | J17: 56451.27 | K17: 154027.87 | L17: 156829.9 | M17: 116812.6 | N17: 76126.14 | O17: 105815.34 | P17: =SUM(D17:O17) -> 1191021.2 | Q17: =SUM(R17:AC17) -> 1539202.8 | R17: 114462.51 | S17: 187999.46 | T17: 150253.33 | U17: 125429.65 | V17: 152067.14 | W17: 119134.67 | X17: 137991.41 | Y17: 168442.65 | Z17: 84710.435 | AA17: 108928.56 | AB17: 88347.881 | AC17: 101435.08 | AD17: Tự gõ thêm
A18: 7 | B18: % Giá trị cải tiến tiết kiệm / doanh thu | C18: =IFERROR(C14/C17,0) -> 0.012997447 | D18: =IFERROR(D14/D17,0) -> 0.014307851 | E18: =IFERROR(E14/E17,0) -> 0.011604912 | F18: =IFERROR(F14/F17,0) -> 0.017245496 | G18: =IFERROR(G14/G17,0) -> 0.015116603 | H18: =IFERROR(H14/H17,0) -> 0.016532529 | I18: =IFERROR(I14/I17,0) -> 0.021460462 | J18: =IFERROR(J14/J17,0) -> 0.03586241 | ... AC18: =IFERROR(AC14/AC17,0) -> 0.015808535
B21: Giá trị tiết kiệm kế hoạch (trđ) - Đạt bổ lại từ T8 | D21: ='GTTK chung'!AX147/10^6 -> 1133.6667 | E21: ='GTTK chung'!AY147/10^6 -> 1173.6667 | F21: ='GTTK chung'!AZ147/10^6 -> 1283.6667 | G21: ='GTTK chung'!BA147/10^6 -> 1283.6667 | H21: ='GTTK chung'!BB147/10^6 -> 1283.6667 | I21: ='GTTK chung'!BC147/10^6 -> 2535.0952 | J21: ='GTTK chung'!BD147/10^6 -> 1825.0952 | K21: ='GTTK chung'!BE147/10^6 -> 1825.0952 | ... O21: ='GTTK chung'!BI147/10^6 -> 5385.0952 | P21: =SUM(D21:O21) -> 22804 | Q21: =SUM(R21:AC21) -> 50000 | R21: ='GTTK chung'!AJ147/10^6 -> 2980 | S21: ='GTTK chung'!AK147/10^6 -> 2990 | T21: ='GTTK chung'!AL147/10^6 -> 4459 | U21: ='GTTK chung'!AM147/10^6 -> 3365 | V21: ='GTTK chung'!AN147/10^6 -> 3355 | W21: ='GTTK chung'!AO147/10^6 -> 6159 | X21: ='GTTK chung'!AP147/10^6 -> 3415 | Y21: ='GTTK chung'!AQ147/10^6 -> 3510 | ... AC21: ='GTTK chung'!AU147/10^6 -> 8368
B22: Giá trị tiết kiệm kế hoạch (trđ) - Cũ | D22: ='GTTK chung'!AX151/10^6 -> 1133.6667 | E22: ='GTTK chung'!AY151/10^6 -> 1173.6667 | F22: ='GTTK chung'!AZ151/10^6 -> 1283.6667 | G22: ='GTTK chung'!BA151/10^6 -> 1283.6667 | H22: ='GTTK chung'!BB151/10^6 -> 1283.6667 | I22: ='GTTK chung'!BC151/10^6 -> 2455.0952 | J22: ='GTTK chung'!BD151/10^6 -> 1755.0952 | K22: ='GTTK chung'!BE151/10^6 -> 1755.0952 | ... O22: ='GTTK chung'!BI151/10^6 -> 5385.0952 | P22: =SUM(D22:O22) -> 22374 | Q22: =SUM(R22:AC22) -> 0
B24: Doanh thu NS (trđ) | D24: 67851.85 | E24: 87319.475 | F24: 92151.1 | G24: 104778.43 | H24: 115974.55 | I24: 114450.4 | J24: 168962.82 | K24: 163198.48 | L24: 164820.86 | M24: 180708.39 | N24: 171078.56 | O24: 173350.77 | P24: =SUM(D24:O24) -> 1604645.7 | Q24: =SUM(R24:AC24) -> 2063952.1 | R24: 100827.36 | S24: 122613.53 | T24: 119512.19 | U24: 131181.8 | V24: 173339.44 | W24: 166096.72 | X24: 190799.85 | Y24: 189650.59 | Z24: 224394.41 | AA24: 228412.04 | AB24: 209261.95 | AC24: 207862.2

Sheet Thống kê theo phân loại
A1: 2. | B1: GIÁ TRỊ TIẾT KIỆM THEO NHÓM MỤC TIÊU
B3: ĐVT: triệu đồng | S3: =S4&".24" -> 2.24 | T3: =T4&".24" -> 3.24 | U3: =U4&".24" -> 4.24 | V3: =V4&".24" -> 5.24 | W3: =W4&".24" -> 6.24 | X3: =X4&".24" -> 7.24 | Y3: =Y4&".24" -> 8.24 | Z3: =Z4&".24" -> 9.24 | ... AC3: =AC4&".24" -> 12.24
A4: STT | B4: Nhóm mục tiêu | C4: 1.24 | D4: 2.24 | E4: 3.24 | F4: 4.24 | G4: 5.24 | H4: 6.24 | I4: 7.24 | J4: 8.24 | K4: 9.24 | L4: 10.24 | M4: 11.24 | N4: 12.24 | O4: 2024 | P4: 2025 | Q4: %2025 | R4: 1.25 | S4: 2 | T4: 3 | U4: 4 | V4: 5 | W4: 6 | X4: 7 | Y4: 8 | Z4: 9 | AA4: 10 | AB4: 11 | AC4: 12 | AF4: Rank | AG4: STT | AH4: Nhóm mục tiêu | AI4: 2025 | AJ4: 1.25 | AK4: 2 | AL4: 3 | AM4: 4 | AN4: 5 | AO4: 6 | AP4: 7 | AQ4: 8 | AR4: 9 | AS4: 10 | AT4: 11 | AU4: 12 | AW4: Số liệu_Rank
A5: 1 | B5: =INDEX($AH$5:$AH$12,MATCH($A5,$AF$5:$AF$12,0)) -> Kiểm soát giá mua | C5: =SUMIFS('GTTK chung'!AX$4:AX$143,'GTTK chung'!$E$4:$E$143,$B5)/10^6 -> 585.03792 | D5: =SUMIFS('GTTK chung'!AY$4:AY$143,'GTTK chung'!$E$4:$E$143,$B5)/10^6 -> 41.204 | E5: =SUMIFS('GTTK chung'!AZ$4:AZ$143,'GTTK chung'!$E$4:$E$143,$B5)/10^6 -> 901.89337 | F5: =SUMIFS('GTTK chung'!BA$4:BA$143,'GTTK chung'!$E$4:$E$143,$B5)/10^6 -> 668.32915 | G5: =SUMIFS('GTTK chung'!BB$4:BB$143,'GTTK chung'!$E$4:$E$143,$B5)/10^6 -> 229.23847 | H5: =SUMIFS('GTTK chung'!BC$4:BC$143,'GTTK chung'!$E$4:$E$143,$B5)/10^6 -> 239.86231 | I5: =SUMIFS('GTTK chung'!BD$4:BD$143,'GTTK chung'!$E$4:$E$143,$B5)/10^6 -> 682.26801 | J5: =SUMIFS('GTTK chung'!BE$4:BE$143,'GTTK chung'!$E$4:$E$143,$B5)/10^6 -> 434.30448 | ... N5: =SUMIFS('GTTK chung'!BI$4:BI$143,'GTTK chung'!$E$4:$E$143,$B5)/10^6 -> 46.896868 | O5: =SUM(C5:N5) -> 12553.577 | P5: =SUM(R5:AC5) -> 13135.545 | Q5: =P5/P$13 -> 0.33744867 | R5: =SUMIFS(AJ$5:AJ$12,$AF$5:$AF$12,$A5) -> 1578.087 | S5: =SUMIFS(AK$5:AK$12,$AF$5:$AF$12,$A5) -> 2434.8426 | T5: =SUMIFS(AL$5:AL$12,$AF$5:$AF$12,$A5) -> 130.49078 | U5: =SUMIFS(AM$5:AM$12,$AF$5:$AF$12,$A5) -> 1048.6522 | V5: =SUMIFS(AN$5:AN$12,$AF$5:$AF$12,$A5) -> 1068.1828 | W5: =SUMIFS(AO$5:AO$12,$AF$5:$AF$12,$A5) -> 523.52433 | X5: =SUMIFS(AP$5:AP$12,$AF$5:$AF$12,$A5) -> 1888.3505 | Y5: =SUMIFS(AQ$5:AQ$12,$AF$5:$AF$12,$A5) -> 2645.2808 | ... AC5: =SUMIFS(AU$5:AU$12,$AF$5:$AF$12,$A5) -> 348.41577 | AF5: =_xlfn.RANK.AVG($AW5,$AW$5:$AW$12,0) -> 6 | AG5: 1 | AH5: Tăng năng suất | AI5: =SUM(AJ5:AU5) -> 769.90102 | AJ5: =SUMIFS('GTTK chung'!AJ$4:AJ$143,'GTTK chung'!$E$4:$E$143,$AH5)/10^6 -> 233.96003 | AK5: =SUMIFS('GTTK chung'!AK$4:AK$143,'GTTK chung'!$E$4:$E$143,$AH5)/10^6 -> 192.87787 | AL5: =SUMIFS('GTTK chung'!AL$4:AL$143,'GTTK chung'!$E$4:$E$143,$AH5)/10^6 -> 191.42907 | AM5: =SUMIFS('GTTK chung'!AM$4:AM$143,'GTTK chung'!$E$4:$E$143,$AH5)/10^6 -> 151.63405 | AN5: =SUMIFS('GTTK chung'!AN$4:AN$143,'GTTK chung'!$E$4:$E$143,$AH5)/10^6 -> 0 | AO5: =SUMIFS('GTTK chung'!AO$4:AO$143,'GTTK chung'!$E$4:$E$143,$AH5)/10^6 -> 0 | AP5: =SUMIFS('GTTK chung'!AP$4:AP$143,'GTTK chung'!$E$4:$E$143,$AH5)/10^6 -> 0 | AQ5: =SUMIFS('GTTK chung'!AQ$4:AQ$143,'GTTK chung'!$E$4:$E$143,$AH5)/10^6 -> 0 | ... AU5: =SUMIFS('GTTK chung'!AU$4:AU$143,'GTTK chung'!$E$4:$E$143,$AH5)/10^6 -> 0 | AW5: =AI5+COUNTIFS(AI$5:AI5,AI5)*0.01 -> 769.91102
A6: 2 | B6: =INDEX($AH$5:$AH$12,MATCH($A6,$AF$5:$AF$12,0)) -> Giảm hao hụt trong sản xuất | C6: =SUMIFS('GTTK chung'!AX$4:AX$143,'GTTK chung'!$E$4:$E$143,$B6)/10^6 -> 0 | D6: =SUMIFS('GTTK chung'!AY$4:AY$143,'GTTK chung'!$E$4:$E$143,$B6)/10^6 -> 0 | E6: =SUMIFS('GTTK chung'!AZ$4:AZ$143,'GTTK chung'!$E$4:$E$143,$B6)/10^6 -> 19.545754 | F6: =SUMIFS('GTTK chung'!BA$4:BA$143,'GTTK chung'!$E$4:$E$143,$B6)/10^6 -> 19.545754 | G6: =SUMIFS('GTTK chung'!BB$4:BB$143,'GTTK chung'!$E$4:$E$143,$B6)/10^6 -> 50.49203 | H6: =SUMIFS('GTTK chung'!BC$4:BC$143,'GTTK chung'!$E$4:$E$143,$B6)/10^6 -> 94.041796 | I6: =SUMIFS('GTTK chung'!BD$4:BD$143,'GTTK chung'!$E$4:$E$143,$B6)/10^6 -> 19.545754 | J6: =SUMIFS('GTTK chung'!BE$4:BE$143,'GTTK chung'!$E$4:$E$143,$B6)/10^6 -> 108.85238 | ... N6: =SUMIFS('GTTK chung'!BI$4:BI$143,'GTTK chung'!$E$4:$E$143,$B6)/10^6 -> 1177.3296 | O6: =SUM(C6:N6) -> 3097.1917 | P6: =SUM(R6:AC6) -> 13127.535 | Q6: =P6/P$13 -> 0.3372429 | R6: =SUMIFS(AJ$5:AJ$12,$AF$5:$AF$12,$A6) -> 643.66103 | S6: =SUMIFS(AK$5:AK$12,$AF$5:$AF$12,$A6) -> 440.46678 | T6: =SUMIFS(AL$5:AL$12,$AF$5:$AF$12,$A6) -> 203.81421 | U6: =SUMIFS(AM$5:AM$12,$AF$5:$AF$12,$A6) -> 85.071216 | V6: =SUMIFS(AN$5:AN$12,$AF$5:$AF$12,$A6) -> 4105.9403 | W6: =SUMIFS(AO$5:AO$12,$AF$5:$AF$12,$A6) -> 1061.0261 | X6: =SUMIFS(AP$5:AP$12,$AF$5:$AF$12,$A6) -> 843.26026 | Y6: =SUMIFS(AQ$5:AQ$12,$AF$5:$AF$12,$A6) -> 2168.0207 | ... AC6: =SUMIFS(AU$5:AU$12,$AF$5:$AF$12,$A6) -> 389.25069 | AF6: =_xlfn.RANK.AVG($AW6,$AW$5:$AW$12,0) -> 4 | AG6: 2 | AH6: Gia tăng giá trị phó sản | AI6: =SUM(AJ6:AU6) -> 3965.5121 | AJ6: =SUMIFS('GTTK chung'!AJ$4:AJ$143,'GTTK chung'!$E$4:$E$143,$AH6)/10^6 -> 0 | AK6: =SUMIFS('GTTK chung'!AK$4:AK$143,'GTTK chung'!$E$4:$E$143,$AH6)/10^6 -> 0 | AL6: =SUMIFS('GTTK chung'!AL$4:AL$143,'GTTK chung'!$E$4:$E$143,$AH6)/10^6 -> 56.7825 | AM6: =SUMIFS('GTTK chung'!AM$4:AM$143,'GTTK chung'!$E$4:$E$143,$AH6)/10^6 -> 384.04499 | AN6: =SUMIFS('GTTK chung'!AN$4:AN$143,'GTTK chung'!$E$4:$E$143,$AH6)/10^6 -> 511.7685 | AO6: =SUMIFS('GTTK chung'!AO$4:AO$143,'GTTK chung'!$E$4:$E$143,$AH6)/10^6 -> 497.56731 | AP6: =SUMIFS('GTTK chung'!AP$4:AP$143,'GTTK chung'!$E$4:$E$143,$AH6)/10^6 -> 494.3551 | AQ6: =SUMIFS('GTTK chung'!AQ$4:AQ$143,'GTTK chung'!$E$4:$E$143,$AH6)/10^6 -> 85.67415 | ... AU6: =SUMIFS('GTTK chung'!AU$4:AU$143,'GTTK chung'!$E$4:$E$143,$AH6)/10^6 -> 387.9075 | AW6: =AI6+COUNTIFS(AI$5:AI6,AI6)*0.01 -> 3965.5221
A7: 3 | B7: =INDEX($AH$5:$AH$12,MATCH($A7,$AF$5:$AF$12,0)) -> Khác | C7: =SUMIFS('GTTK chung'!AX$4:AX$143,'GTTK chung'!$E$4:$E$143,$B7)/10^6 -> 0.48 | D7: =SUMIFS('GTTK chung'!AY$4:AY$143,'GTTK chung'!$E$4:$E$143,$B7)/10^6 -> 72 | E7: =SUMIFS('GTTK chung'!AZ$4:AZ$143,'GTTK chung'!$E$4:$E$143,$B7)/10^6 -> 56.96 | F7: =SUMIFS('GTTK chung'!BA$4:BA$143,'GTTK chung'!$E$4:$E$143,$B7)/10^6 -> 80 | G7: =SUMIFS('GTTK chung'!BB$4:BB$143,'GTTK chung'!$E$4:$E$143,$B7)/10^6 -> 98.351589 | H7: =SUMIFS('GTTK chung'!BC$4:BC$143,'GTTK chung'!$E$4:$E$143,$B7)/10^6 -> 90.5256 | I7: =SUMIFS('GTTK chung'!BD$4:BD$143,'GTTK chung'!$E$4:$E$143,$B7)/10^6 -> 337.17721 | J7: =SUMIFS('GTTK chung'!BE$4:BE$143,'GTTK chung'!$E$4:$E$143,$B7)/10^6 -> 828.5918 | ... N7: =SUMIFS('GTTK chung'!BI$4:BI$143,'GTTK chung'!$E$4:$E$143,$B7)/10^6 -> 1799.6019 | O7: =SUM(C7:N7) -> 6923.5434 | P7: =SUM(R7:AC7) -> 4788.5143 | Q7: =P7/P$13 -> 0.12301566 | R7: =SUMIFS(AJ$5:AJ$12,$AF$5:$AF$12,$A7) -> 361.38621 | S7: =SUMIFS(AK$5:AK$12,$AF$5:$AF$12,$A7) -> 165.44825 | T7: =SUMIFS(AL$5:AL$12,$AF$5:$AF$12,$A7) -> 529.66271 | U7: =SUMIFS(AM$5:AM$12,$AF$5:$AF$12,$A7) -> 478.34446 | V7: =SUMIFS(AN$5:AN$12,$AF$5:$AF$12,$A7) -> 301.50613 | W7: =SUMIFS(AO$5:AO$12,$AF$5:$AF$12,$A7) -> 1223.3442 | X7: =SUMIFS(AP$5:AP$12,$AF$5:$AF$12,$A7) -> 179.32877 | Y7: =SUMIFS(AQ$5:AQ$12,$AF$5:$AF$12,$A7) -> 391.68254 | ... AC7: =SUMIFS(AU$5:AU$12,$AF$5:$AF$12,$A7) -> 268.8903 | AF7: =_xlfn.RANK.AVG($AW7,$AW$5:$AW$12,0) -> 1 | AG7: 3 | AH7: Kiểm soát giá mua | AI7: =SUM(AJ7:AU7) -> 13135.545 | AJ7: =SUMIFS('GTTK chung'!AJ$4:AJ$143,'GTTK chung'!$E$4:$E$143,$AH7)/10^6 -> 1578.087 | AK7: =SUMIFS('GTTK chung'!AK$4:AK$143,'GTTK chung'!$E$4:$E$143,$AH7)/10^6 -> 2434.8426 | AL7: =SUMIFS('GTTK chung'!AL$4:AL$143,'GTTK chung'!$E$4:$E$143,$AH7)/10^6 -> 130.49078 | AM7: =SUMIFS('GTTK chung'!AM$4:AM$143,'GTTK chung'!$E$4:$E$143,$AH7)/10^6 -> 1048.6522 | AN7: =SUMIFS('GTTK chung'!AN$4:AN$143,'GTTK chung'!$E$4:$E$143,$AH7)/10^6 -> 1068.1828 | AO7: =SUMIFS('GTTK chung'!AO$4:AO$143,'GTTK chung'!$E$4:$E$143,$AH7)/10^6 -> 523.52433 | AP7: =SUMIFS('GTTK chung'!AP$4:AP$143,'GTTK chung'!$E$4:$E$143,$AH7)/10^6 -> 1888.3505 | AQ7: =SUMIFS('GTTK chung'!AQ$4:AQ$143,'GTTK chung'!$E$4:$E$143,$AH7)/10^6 -> 2645.2808 | ... AU7: =SUMIFS('GTTK chung'!AU$4:AU$143,'GTTK chung'!$E$4:$E$143,$AH7)/10^6 -> 348.41577 | AW7: =AI7+COUNTIFS(AI$5:AI7,AI7)*0.01 -> 13135.555
A8: 4 | B8: =INDEX($AH$5:$AH$12,MATCH($A8,$AF$5:$AF$12,0)) -> Gia tăng giá trị phó sản | C8: =SUMIFS('GTTK chung'!AX$4:AX$143,'GTTK chung'!$E$4:$E$143,$B8)/10^6 -> 0 | D8: =SUMIFS('GTTK chung'!AY$4:AY$143,'GTTK chung'!$E$4:$E$143,$B8)/10^6 -> 0 | E8: =SUMIFS('GTTK chung'!AZ$4:AZ$143,'GTTK chung'!$E$4:$E$143,$B8)/10^6 -> 0 | F8: =SUMIFS('GTTK chung'!BA$4:BA$143,'GTTK chung'!$E$4:$E$143,$B8)/10^6 -> 0 | G8: =SUMIFS('GTTK chung'!BB$4:BB$143,'GTTK chung'!$E$4:$E$143,$B8)/10^6 -> 0 | H8: =SUMIFS('GTTK chung'!BC$4:BC$143,'GTTK chung'!$E$4:$E$143,$B8)/10^6 -> 0 | I8: =SUMIFS('GTTK chung'!BD$4:BD$143,'GTTK chung'!$E$4:$E$143,$B8)/10^6 -> 356.46654 | J8: =SUMIFS('GTTK chung'!BE$4:BE$143,'GTTK chung'!$E$4:$E$143,$B8)/10^6 -> 3324.7192 | ... N8: =SUMIFS('GTTK chung'!BI$4:BI$143,'GTTK chung'!$E$4:$E$143,$B8)/10^6 -> 0 | O8: =SUM(C8:N8) -> 3702.5856 | P8: =SUM(R8:AC8) -> 3965.5121 | Q8: =P8/P$13 -> 0.10187295 | R8: =SUMIFS(AJ$5:AJ$12,$AF$5:$AF$12,$A8) -> 0 | S8: =SUMIFS(AK$5:AK$12,$AF$5:$AF$12,$A8) -> 0 | T8: =SUMIFS(AL$5:AL$12,$AF$5:$AF$12,$A8) -> 56.7825 | U8: =SUMIFS(AM$5:AM$12,$AF$5:$AF$12,$A8) -> 384.04499 | V8: =SUMIFS(AN$5:AN$12,$AF$5:$AF$12,$A8) -> 511.7685 | W8: =SUMIFS(AO$5:AO$12,$AF$5:$AF$12,$A8) -> 497.56731 | X8: =SUMIFS(AP$5:AP$12,$AF$5:$AF$12,$A8) -> 494.3551 | Y8: =SUMIFS(AQ$5:AQ$12,$AF$5:$AF$12,$A8) -> 85.67415 | ... AC8: =SUMIFS(AU$5:AU$12,$AF$5:$AF$12,$A8) -> 387.9075 | AF8: =_xlfn.RANK.AVG($AW8,$AW$5:$AW$12,0) -> 8 | AG8: 4 | AH8: Giảm tỷ lệ phó sản | AI8: =SUM(AJ8:AU8) -> 42.662102 | AJ8: =SUMIFS('GTTK chung'!AJ$4:AJ$143,'GTTK chung'!$E$4:$E$143,$AH8)/10^6 -> 2.325523 | AK8: =SUMIFS('GTTK chung'!AK$4:AK$143,'GTTK chung'!$E$4:$E$143,$AH8)/10^6 -> 0 | AL8: =SUMIFS('GTTK chung'!AL$4:AL$143,'GTTK chung'!$E$4:$E$143,$AH8)/10^6 -> 0 | AM8: =SUMIFS('GTTK chung'!AM$4:AM$143,'GTTK chung'!$E$4:$E$143,$AH8)/10^6 -> 11.872 | AN8: =SUMIFS('GTTK chung'!AN$4:AN$143,'GTTK chung'!$E$4:$E$143,$AH8)/10^6 -> 4.128579 | AO8: =SUMIFS('GTTK chung'!AO$4:AO$143,'GTTK chung'!$E$4:$E$143,$AH8)/10^6 -> 24.336 | AP8: =SUMIFS('GTTK chung'!AP$4:AP$143,'GTTK chung'!$E$4:$E$143,$AH8)/10^6 -> 0 | AQ8: =SUMIFS('GTTK chung'!AQ$4:AQ$143,'GTTK chung'!$E$4:$E$143,$AH8)/10^6 -> 0 | ... AU8: =SUMIFS('GTTK chung'!AU$4:AU$143,'GTTK chung'!$E$4:$E$143,$AH8)/10^6 -> 0 | AW8: =AI8+COUNTIFS(AI$5:AI8,AI8)*0.01 -> 42.672102
A9: 5 | B9: =INDEX($AH$5:$AH$12,MATCH($A9,$AF$5:$AF$12,0)) -> Tự động hóa | C9: =SUMIFS('GTTK chung'!AX$4:AX$143,'GTTK chung'!$E$4:$E$143,$B9)/10^6 -> 386.36125 | D9: =SUMIFS('GTTK chung'!AY$4:AY$143,'GTTK chung'!$E$4:$E$143,$B9)/10^6 -> 92.051947 | E9: =SUMIFS('GTTK chung'!AZ$4:AZ$143,'GTTK chung'!$E$4:$E$143,$B9)/10^6 -> 131.32679 | F9: =SUMIFS('GTTK chung'!BA$4:BA$143,'GTTK chung'!$E$4:$E$143,$B9)/10^6 -> 108.801 | G9: =SUMIFS('GTTK chung'!BB$4:BB$143,'GTTK chung'!$E$4:$E$143,$B9)/10^6 -> 114.8619 | H9: =SUMIFS('GTTK chung'!BC$4:BC$143,'GTTK chung'!$E$4:$E$143,$B9)/10^6 -> 103.7016 | I9: =SUMIFS('GTTK chung'!BD$4:BD$143,'GTTK chung'!$E$4:$E$143,$B9)/10^6 -> 57.6468 | J9: =SUMIFS('GTTK chung'!BE$4:BE$143,'GTTK chung'!$E$4:$E$143,$B9)/10^6 -> 63.5328 | ... N9: =SUMIFS('GTTK chung'!BI$4:BI$143,'GTTK chung'!$E$4:$E$143,$B9)/10^6 -> 133.18714 | O9: =SUM(C9:N9) -> 1757.3777 | P9: =SUM(R9:AC9) -> 2757.1574 | Q9: =P9/P$13 -> 0.070830642 | R9: =SUMIFS(AJ$5:AJ$12,$AF$5:$AF$12,$A9) -> 0 | S9: =SUMIFS(AK$5:AK$12,$AF$5:$AF$12,$A9) -> 307 | T9: =SUMIFS(AL$5:AL$12,$AF$5:$AF$12,$A9) -> 272.10897 | U9: =SUMIFS(AM$5:AM$12,$AF$5:$AF$12,$A9) -> 206.35084 | V9: =SUMIFS(AN$5:AN$12,$AF$5:$AF$12,$A9) -> 255.10135 | W9: =SUMIFS(AO$5:AO$12,$AF$5:$AF$12,$A9) -> 223.02556 | X9: =SUMIFS(AP$5:AP$12,$AF$5:$AF$12,$A9) -> 214.37779 | Y9: =SUMIFS(AQ$5:AQ$12,$AF$5:$AF$12,$A9) -> 243.59032 | ... AC9: =SUMIFS(AU$5:AU$12,$AF$5:$AF$12,$A9) -> 196.88347 | AF9: =_xlfn.RANK.AVG($AW9,$AW$5:$AW$12,0) -> 3 | AG9: 5 | AH9: Khác | AI9: =SUM(AJ9:AU9) -> 4788.5143 | AJ9: =SUMIFS('GTTK chung'!AJ$4:AJ$143,'GTTK chung'!$E$4:$E$143,$AH9)/10^6 -> 361.38621 | AK9: =SUMIFS('GTTK chung'!AK$4:AK$143,'GTTK chung'!$E$4:$E$143,$AH9)/10^6 -> 165.44825 | AL9: =SUMIFS('GTTK chung'!AL$4:AL$143,'GTTK chung'!$E$4:$E$143,$AH9)/10^6 -> 529.66271 | AM9: =SUMIFS('GTTK chung'!AM$4:AM$143,'GTTK chung'!$E$4:$E$143,$AH9)/10^6 -> 478.34446 | AN9: =SUMIFS('GTTK chung'!AN$4:AN$143,'GTTK chung'!$E$4:$E$143,$AH9)/10^6 -> 301.50613 | AO9: =SUMIFS('GTTK chung'!AO$4:AO$143,'GTTK chung'!$E$4:$E$143,$AH9)/10^6 -> 1223.3442 | AP9: =SUMIFS('GTTK chung'!AP$4:AP$143,'GTTK chung'!$E$4:$E$143,$AH9)/10^6 -> 179.32877 | AQ9: =SUMIFS('GTTK chung'!AQ$4:AQ$143,'GTTK chung'!$E$4:$E$143,$AH9)/10^6 -> 391.68254 | ... AU9: =SUMIFS('GTTK chung'!AU$4:AU$143,'GTTK chung'!$E$4:$E$143,$AH9)/10^6 -> 268.8903 | AW9: =AI9+COUNTIFS(AI$5:AI9,AI9)*0.01 -> 4788.5243
A10: 6 | B10: =INDEX($AH$5:$AH$12,MATCH($A10,$AF$5:$AF$12,0)) -> Tăng năng suất | C10: =SUMIFS('GTTK chung'!AX$4:AX$143,'GTTK chung'!$E$4:$E$143,$B10)/10^6 -> 279.07186 | D10: =SUMIFS('GTTK chung'!AY$4:AY$143,'GTTK chung'!$E$4:$E$143,$B10)/10^6 -> 196.4322 | E10: =SUMIFS('GTTK chung'!AZ$4:AZ$143,'GTTK chung'!$E$4:$E$143,$B10)/10^6 -> 301.92445 | F10: =SUMIFS('GTTK chung'!BA$4:BA$143,'GTTK chung'!$E$4:$E$143,$B10)/10^6 -> 275.31098 | G10: =SUMIFS('GTTK chung'!BB$4:BB$143,'GTTK chung'!$E$4:$E$143,$B10)/10^6 -> 500.2596 | H10: =SUMIFS('GTTK chung'!BC$4:BC$143,'GTTK chung'!$E$4:$E$143,$B10)/10^6 -> 445.73381 | I10: =SUMIFS('GTTK chung'!BD$4:BD$143,'GTTK chung'!$E$4:$E$143,$B10)/10^6 -> 378.27478 | J10: =SUMIFS('GTTK chung'!BE$4:BE$143,'GTTK chung'!$E$4:$E$143,$B10)/10^6 -> 318.19793 | ... N10: =SUMIFS('GTTK chung'!BI$4:BI$143,'GTTK chung'!$E$4:$E$143,$B10)/10^6 -> 584.48332 | O10: =SUM(C10:N10) -> 4549.3283 | P10: =SUM(R10:AC10) -> 769.90102 | Q10: =P10/P$13 -> 0.019778553 | R10: =SUMIFS(AJ$5:AJ$12,$AF$5:$AF$12,$A10) -> 233.96003 | S10: =SUMIFS(AK$5:AK$12,$AF$5:$AF$12,$A10) -> 192.87787 | T10: =SUMIFS(AL$5:AL$12,$AF$5:$AF$12,$A10) -> 191.42907 | U10: =SUMIFS(AM$5:AM$12,$AF$5:$AF$12,$A10) -> 151.63405 | V10: =SUMIFS(AN$5:AN$12,$AF$5:$AF$12,$A10) -> 0 | W10: =SUMIFS(AO$5:AO$12,$AF$5:$AF$12,$A10) -> 0 | X10: =SUMIFS(AP$5:AP$12,$AF$5:$AF$12,$A10) -> 0 | Y10: =SUMIFS(AQ$5:AQ$12,$AF$5:$AF$12,$A10) -> 0 | ... AC10: =SUMIFS(AU$5:AU$12,$AF$5:$AF$12,$A10) -> 0 | AF10: =_xlfn.RANK.AVG($AW10,$AW$5:$AW$12,0) -> 5 | AG10: 6 | AH10: Tự động hóa | AI10: =SUM(AJ10:AU10) -> 2757.1574 | AJ10: =SUMIFS('GTTK chung'!AJ$4:AJ$143,'GTTK chung'!$E$4:$E$143,$AH10)/10^6 -> 0 | AK10: =SUMIFS('GTTK chung'!AK$4:AK$143,'GTTK chung'!$E$4:$E$143,$AH10)/10^6 -> 307 | AL10: =SUMIFS('GTTK chung'!AL$4:AL$143,'GTTK chung'!$E$4:$E$143,$AH10)/10^6 -> 272.10897 | AM10: =SUMIFS('GTTK chung'!AM$4:AM$143,'GTTK chung'!$E$4:$E$143,$AH10)/10^6 -> 206.35084 | AN10: =SUMIFS('GTTK chung'!AN$4:AN$143,'GTTK chung'!$E$4:$E$143,$AH10)/10^6 -> 255.10135 | AO10: =SUMIFS('GTTK chung'!AO$4:AO$143,'GTTK chung'!$E$4:$E$143,$AH10)/10^6 -> 223.02556 | AP10: =SUMIFS('GTTK chung'!AP$4:AP$143,'GTTK chung'!$E$4:$E$143,$AH10)/10^6 -> 214.37779 | AQ10: =SUMIFS('GTTK chung'!AQ$4:AQ$143,'GTTK chung'!$E$4:$E$143,$AH10)/10^6 -> 243.59032 | ... AU10: =SUMIFS('GTTK chung'!AU$4:AU$143,'GTTK chung'!$E$4:$E$143,$AH10)/10^6 -> 196.88347 | AW10: =AI10+COUNTIFS(AI$5:AI10,AI10)*0.01 -> 2757.1674
A11: 7 | B11: =INDEX($AH$5:$AH$12,MATCH($A11,$AF$5:$AF$12,0)) -> Tiết kiệm năng lượng | C11: =SUMIFS('GTTK chung'!AX$4:AX$143,'GTTK chung'!$E$4:$E$143,$B11)/10^6 -> 0 | D11: =SUMIFS('GTTK chung'!AY$4:AY$143,'GTTK chung'!$E$4:$E$143,$B11)/10^6 -> 0 | E11: =SUMIFS('GTTK chung'!AZ$4:AZ$143,'GTTK chung'!$E$4:$E$143,$B11)/10^6 -> 0 | F11: =SUMIFS('GTTK chung'!BA$4:BA$143,'GTTK chung'!$E$4:$E$143,$B11)/10^6 -> 0 | G11: =SUMIFS('GTTK chung'!BB$4:BB$143,'GTTK chung'!$E$4:$E$143,$B11)/10^6 -> 0 | H11: =SUMIFS('GTTK chung'!BC$4:BC$143,'GTTK chung'!$E$4:$E$143,$B11)/10^6 -> 0 | I11: =SUMIFS('GTTK chung'!BD$4:BD$143,'GTTK chung'!$E$4:$E$143,$B11)/10^6 -> 0 | J11: =SUMIFS('GTTK chung'!BE$4:BE$143,'GTTK chung'!$E$4:$E$143,$B11)/10^6 -> 0 | ... N11: =SUMIFS('GTTK chung'!BI$4:BI$143,'GTTK chung'!$E$4:$E$143,$B11)/10^6 -> 0 | O11: =SUM(C11:N11) -> 0 | P11: =SUM(R11:AC11) -> 339.2267 | Q11: =P11/P$13 -> 0.0087146439 | R11: =SUMIFS(AJ$5:AJ$12,$AF$5:$AF$12,$A11) -> 0 | S11: =SUMIFS(AK$5:AK$12,$AF$5:$AF$12,$A11) -> 0 | T11: =SUMIFS(AL$5:AL$12,$AF$5:$AF$12,$A11) -> 0 | U11: =SUMIFS(AM$5:AM$12,$AF$5:$AF$12,$A11) -> 85.44758 | V11: =SUMIFS(AN$5:AN$12,$AF$5:$AF$12,$A11) -> 96.41288 | W11: =SUMIFS(AO$5:AO$12,$AF$5:$AF$12,$A11) -> 7.109589 | X11: =SUMIFS(AP$5:AP$12,$AF$5:$AF$12,$A11) -> 14.834686 | Y11: =SUMIFS(AQ$5:AQ$12,$AF$5:$AF$12,$A11) -> 77.536721 | ... AC11: =SUMIFS(AU$5:AU$12,$AF$5:$AF$12,$A11) -> 12.192308 | AF11: =_xlfn.RANK.AVG($AW11,$AW$5:$AW$12,0) -> 2 | AG11: 7 | AH11: Giảm hao hụt trong sản xuất | AI11: =SUM(AJ11:AU11) -> 13127.535 | AJ11: =SUMIFS('GTTK chung'!AJ$4:AJ$143,'GTTK chung'!$E$4:$E$143,$AH11)/10^6 -> 643.66103 | AK11: =SUMIFS('GTTK chung'!AK$4:AK$143,'GTTK chung'!$E$4:$E$143,$AH11)/10^6 -> 440.46678 | AL11: =SUMIFS('GTTK chung'!AL$4:AL$143,'GTTK chung'!$E$4:$E$143,$AH11)/10^6 -> 203.81421 | AM11: =SUMIFS('GTTK chung'!AM$4:AM$143,'GTTK chung'!$E$4:$E$143,$AH11)/10^6 -> 85.071216 | AN11: =SUMIFS('GTTK chung'!AN$4:AN$143,'GTTK chung'!$E$4:$E$143,$AH11)/10^6 -> 4105.9403 | AO11: =SUMIFS('GTTK chung'!AO$4:AO$143,'GTTK chung'!$E$4:$E$143,$AH11)/10^6 -> 1061.0261 | AP11: =SUMIFS('GTTK chung'!AP$4:AP$143,'GTTK chung'!$E$4:$E$143,$AH11)/10^6 -> 843.26026 | AQ11: =SUMIFS('GTTK chung'!AQ$4:AQ$143,'GTTK chung'!$E$4:$E$143,$AH11)/10^6 -> 2168.0207 | ... AU11: =SUMIFS('GTTK chung'!AU$4:AU$143,'GTTK chung'!$E$4:$E$143,$AH11)/10^6 -> 389.25069 | AW11: =AI11+COUNTIFS(AI$5:AI11,AI11)*0.01 -> 13127.545
A12: 8 | B12: =INDEX($AH$5:$AH$12,MATCH($A12,$AF$5:$AF$12,0)) -> Giảm tỷ lệ phó sản | C12: =SUMIFS('GTTK chung'!AX$4:AX$143,'GTTK chung'!$E$4:$E$143,$B12)/10^6 -> 122.05351 | D12: =SUMIFS('GTTK chung'!AY$4:AY$143,'GTTK chung'!$E$4:$E$143,$B12)/10^6 -> 398.35158 | E12: =SUMIFS('GTTK chung'!AZ$4:AZ$143,'GTTK chung'!$E$4:$E$143,$B12)/10^6 -> 176.82381 | F12: =SUMIFS('GTTK chung'!BA$4:BA$143,'GTTK chung'!$E$4:$E$143,$B12)/10^6 -> 321.717 | G12: =SUMIFS('GTTK chung'!BB$4:BB$143,'GTTK chung'!$E$4:$E$143,$B12)/10^6 -> 699.14871 | H12: =SUMIFS('GTTK chung'!BC$4:BC$143,'GTTK chung'!$E$4:$E$143,$B12)/10^6 -> 487.44574 | I12: =SUMIFS('GTTK chung'!BD$4:BD$143,'GTTK chung'!$E$4:$E$143,$B12)/10^6 -> 193.09946 | J12: =SUMIFS('GTTK chung'!BE$4:BE$143,'GTTK chung'!$E$4:$E$143,$B12)/10^6 -> 131.81464 | ... N12: =SUMIFS('GTTK chung'!BI$4:BI$143,'GTTK chung'!$E$4:$E$143,$B12)/10^6 -> 90.7554 | O12: =SUM(C12:N12) -> 3049.7507 | P12: =SUM(R12:AC12) -> 42.662102 | Q12: =P12/P$13 -> 0.0010959781 | R12: =SUMIFS(AJ$5:AJ$12,$AF$5:$AF$12,$A12) -> 2.325523 | S12: =SUMIFS(AK$5:AK$12,$AF$5:$AF$12,$A12) -> 0 | T12: =SUMIFS(AL$5:AL$12,$AF$5:$AF$12,$A12) -> 0 | U12: =SUMIFS(AM$5:AM$12,$AF$5:$AF$12,$A12) -> 11.872 | V12: =SUMIFS(AN$5:AN$12,$AF$5:$AF$12,$A12) -> 4.128579 | W12: =SUMIFS(AO$5:AO$12,$AF$5:$AF$12,$A12) -> 24.336 | X12: =SUMIFS(AP$5:AP$12,$AF$5:$AF$12,$A12) -> 0 | Y12: =SUMIFS(AQ$5:AQ$12,$AF$5:$AF$12,$A12) -> 0 | ... AC12: =SUMIFS(AU$5:AU$12,$AF$5:$AF$12,$A12) -> 0 | AF12: =_xlfn.RANK.AVG($AW12,$AW$5:$AW$12,0) -> 7 | AG12: 8 | AH12: Tiết kiệm năng lượng | AI12: =SUM(AJ12:AU12) -> 339.2267 | AJ12: =SUMIFS('GTTK chung'!AJ$4:AJ$143,'GTTK chung'!$E$4:$E$143,$AH12)/10^6 -> 0 | AK12: =SUMIFS('GTTK chung'!AK$4:AK$143,'GTTK chung'!$E$4:$E$143,$AH12)/10^6 -> 0 | AL12: =SUMIFS('GTTK chung'!AL$4:AL$143,'GTTK chung'!$E$4:$E$143,$AH12)/10^6 -> 0 | AM12: =SUMIFS('GTTK chung'!AM$4:AM$143,'GTTK chung'!$E$4:$E$143,$AH12)/10^6 -> 85.44758 | AN12: =SUMIFS('GTTK chung'!AN$4:AN$143,'GTTK chung'!$E$4:$E$143,$AH12)/10^6 -> 96.41288 | AO12: =SUMIFS('GTTK chung'!AO$4:AO$143,'GTTK chung'!$E$4:$E$143,$AH12)/10^6 -> 7.109589 | AP12: =SUMIFS('GTTK chung'!AP$4:AP$143,'GTTK chung'!$E$4:$E$143,$AH12)/10^6 -> 14.834686 | AQ12: =SUMIFS('GTTK chung'!AQ$4:AQ$143,'GTTK chung'!$E$4:$E$143,$AH12)/10^6 -> 77.536721 | ... AU12: =SUMIFS('GTTK chung'!AU$4:AU$143,'GTTK chung'!$E$4:$E$143,$AH12)/10^6 -> 12.192308 | AW12: =AI12+COUNTIFS(AI$5:AI12,AI12)*0.01 -> 339.2367
B13: CỘNG | C13: =SUM(C5:C12) -> 1373.0045 | D13: =SUM(D5:D12) -> 800.03973 | E13: =SUM(E5:E12) -> 1588.4742 | F13: =SUM(F5:F12) -> 1473.7039 | G13: =SUM(G5:G12) -> 1692.3523 | H13: =SUM(H5:H12) -> 1461.3109 | I13: =SUM(I5:I12) -> 2024.4786 | J13: =SUM(J5:J12) -> 5210.0133 | ... P13: =SUM(P5:P12) -> 38926.054 | Q13: =P13/P$13 -> 1 | R13: =SUM(R5:R12) -> 2819.4198 | S13: =SUM(S5:S12) -> 3540.6355 | T13: =SUM(T5:T12) -> 1384.2882 | U13: =SUM(U5:U12) -> 2451.4174 | V13: =SUM(V5:V12) -> 6343.0406 | W13: =SUM(W5:W12) -> 3559.933 | X13: =SUM(X5:X12) -> 3634.5071 | Y13: =SUM(Y5:Y12) -> 5611.7852 | ... AC13: =SUM(AC5:AC12) -> 1603.54 | AH13: CỘNG | AI13: =SUM(AI5:AI12) -> 38926.054 | AJ13: =SUM(AJ5:AJ12) -> 2819.4198 | AK13: =SUM(AK5:AK12) -> 3540.6355 | AL13: =SUM(AL5:AL12) -> 1384.2882 | AM13: =SUM(AM5:AM12) -> 2451.4174 | AN13: =SUM(AN5:AN12) -> 6343.0406 | AO13: =SUM(AO5:AO12) -> 3559.933 | AP13: =SUM(AP5:AP12) -> 3634.5071 | ... AU13: =SUM(AU5:AU12) -> 1603.54
B14: Check | O14: =O13-'GTTK chung'!$BJ$143/10^6 -> 0 | P14: =P13-'GTTK chung'!$AV$143/10^6 -> 0 | AH14: Check | AI14: =AI13-'GTTK chung'!$AV$143/10^6 -> 0 | AJ14: =AJ13-'GTTK chung'!AJ143/10^6 -> 0 | AK14: =AK13-'GTTK chung'!AK143/10^6 -> 0 | AL14: =AL13-'GTTK chung'!AL143/10^6 -> 0 | AM14: =AM13-'GTTK chung'!AM143/10^6 -> 0 | AN14: =AN13-'GTTK chung'!AN143/10^6 -> 0 | AO14: =AO13-'GTTK chung'!AO143/10^6 -> 0 | AP14: =AP13-'GTTK chung'!AP143/10^6 -> 0 | AQ14: =AQ13-'GTTK chung'!AQ143/10^6 -> 0 | ... AU14: =AU13-'GTTK chung'!AU143/10^6 -> 0
A16: 3. | B16: GIÁ TRỊ TIẾT KIỆM THEO BỘ PHẬN
B17: ĐVT: triệu đồng
A18: STT | B18: BỘ PHẬN | C18: 1.24 | D18: 2.24 | E18: 3.24 | F18: 4.24 | G18: 5.24 | H18: 6.24 | I18: 7.24 | J18: 8.24 | K18: 9.24 | L18: 10.24 | M18: 11.24 | N18: 12.24 | O18: 2024 | P18: KH 2025 | Q18: TT 2025 | R18: % TT sv KH | S18: 1.25 | T18: 2 | U18: 3 | V18: 4 | W18: 5 | X18: 6 | Y18: 7 | Z18: 8 | AA18: 9 | AB18: 10 | AC18: 11 | AD18: 12 | AF18: Rank | AG18: STT | AH18: BỘ PHẬN | AI18: 2025 | AJ18: 1.25 | AK18: 2 | AL18: 3 | AM18: 4 | AN18: 5 | AO18: 6 | AP18: 7 | AQ18: 8 | AR18: 9 | AS18: 10 | AT18: 11 | AU18: 12 | AW18: Số liệu TT_Rank | AY18: Mục tiêu | BA18: Rank_Thực tế | BB18: Số liệu KH_Rank | BC18: Rank_Kế hoạch
A19: 1 | B19: =INDEX($AH$19:$AH$32,MATCH($A19,$AF$19:$AF$32,0)) -> Kỹ Thuật | C19: =IF($B19="Kế toán",SUM(C$36:C$38),IF($B19="Quản lý chất lượng",SUM(C$40:C$41),SUMIFS('GTTK chung'!AX$4:AX$143,'GTTK chung'!$G$4:$G$143,$B19)/10^6)) -> 556.59492 | D19: =IF($B19="Kế toán",SUM(D$36:D$38),IF($B19="Quản lý chất lượng",SUM(D$40:D$41),SUMIFS('GTTK chung'!AY$4:AY$143,'GTTK chung'!$G$4:$G$143,$B19)/10^6)) -> 0 | E19: =IF($B19="Kế toán",SUM(E$36:E$38),IF($B19="Quản lý chất lượng",SUM(E$40:E$41),SUMIFS('GTTK chung'!AZ$4:AZ$143,'GTTK chung'!$G$4:$G$143,$B19)/10^6)) -> 24.478717 | F19: =IF($B19="Kế toán",SUM(F$36:F$38),IF($B19="Quản lý chất lượng",SUM(F$40:F$41),SUMIFS('GTTK chung'!BA$4:BA$143,'GTTK chung'!$G$4:$G$143,$B19)/10^6)) -> 89.104991 | G19: =IF($B19="Kế toán",SUM(G$36:G$38),IF($B19="Quản lý chất lượng",SUM(G$40:G$41),SUMIFS('GTTK chung'!BB$4:BB$143,'GTTK chung'!$G$4:$G$143,$B19)/10^6)) -> 291.89948 | H19: =IF($B19="Kế toán",SUM(H$36:H$38),IF($B19="Quản lý chất lượng",SUM(H$40:H$41),SUMIFS('GTTK chung'!BC$4:BC$143,'GTTK chung'!$G$4:$G$143,$B19)/10^6)) -> 292.11951 | I19: =IF($B19="Kế toán",SUM(I$36:I$38),IF($B19="Quản lý chất lượng",SUM(I$40:I$41),SUMIFS('GTTK chung'!BD$4:BD$143,'GTTK chung'!$G$4:$G$143,$B19)/10^6)) -> 867.87556 | J19: =IF($B19="Kế toán",SUM(J$36:J$38),IF($B19="Quản lý chất lượng",SUM(J$40:J$41),SUMIFS('GTTK chung'!BE$4:BE$143,'GTTK chung'!$G$4:$G$143,$B19)/10^6)) -> 126.2427 | ... N19: =IF($B19="Kế toán",SUM(N$36:N$38),IF($B19="Quản lý chất lượng",SUM(N$40:N$41),SUMIFS('GTTK chung'!BI$4:BI$143,'GTTK chung'!$G$4:$G$143,$B19)/10^6)) -> 1323.3643 | O19: =SUM(C19:N19) -> 6207.375 | P19: =SUMIFS(AY$19:AY$32,$AF$19:$AF$32,$A19) -> 7250 | Q19: =SUM(S19:AD19) -> 8116.2135 | R19: =Q19/P19 -> 1.1194777 | S19: =SUMIFS(AJ$19:AJ$32,$AF$19:$AF$32,$A19) -> 618.57657 | T19: =SUMIFS(AK$19:AK$32,$AF$19:$AF$32,$A19) -> 2685.8001 | U19: =SUMIFS(AL$19:AL$32,$AF$19:$AF$32,$A19) -> 203.37224 | V19: =SUMIFS(AM$19:AM$32,$AF$19:$AF$32,$A19) -> 548.3141 | W19: =SUMIFS(AN$19:AN$32,$AF$19:$AF$32,$A19) -> 1817.5794 | X19: =SUMIFS(AO$19:AO$32,$AF$19:$AF$32,$A19) -> 180.74745 | Y19: =SUMIFS(AP$19:AP$32,$AF$19:$AF$32,$A19) -> 468.85834 | Z19: =SUMIFS(AQ$19:AQ$32,$AF$19:$AF$32,$A19) -> 874.07642 | ... AD19: =SUMIFS(AU$19:AU$32,$AF$19:$AF$32,$A19) -> 40.166408 | AE19: =Q19/$Q$33 -> 0.20850337 | AF19: =BA19+BC19 -> 3 | AG19: 1 | AH19: SX PET | AI19: =SUM(AJ19:AU19) -> 5671.7553 | AJ19: =SUMIFS('GTTK chung'!AJ$4:AJ$143,'GTTK chung'!$G$4:$G$143,$AH19)/10^6 -> 0 | AK19: =SUMIFS('GTTK chung'!AK$4:AK$143,'GTTK chung'!$G$4:$G$143,$AH19)/10^6 -> 153.5 | AL19: =SUMIFS('GTTK chung'!AL$4:AL$143,'GTTK chung'!$G$4:$G$143,$AH19)/10^6 -> 144.84716 | AM19: =SUMIFS('GTTK chung'!AM$4:AM$143,'GTTK chung'!$G$4:$G$143,$AH19)/10^6 -> 463.61502 | AN19: =SUMIFS('GTTK chung'!AN$4:AN$143,'GTTK chung'!$G$4:$G$143,$AH19)/10^6 -> 1026.9614 | AO19: =SUMIFS('GTTK chung'!AO$4:AO$143,'GTTK chung'!$G$4:$G$143,$AH19)/10^6 -> 669.60518 | AP19: =SUMIFS('GTTK chung'!AP$4:AP$143,'GTTK chung'!$G$4:$G$143,$AH19)/10^6 -> 607.6077 | AQ19: =SUMIFS('GTTK chung'!AQ$4:AQ$143,'GTTK chung'!$G$4:$G$143,$AH19)/10^6 -> 322.53488 | ... AU19: =SUMIFS('GTTK chung'!AU$4:AU$143,'GTTK chung'!$G$4:$G$143,$AH19)/10^6 -> 387.9075 | AW19: =AI19+COUNTIFS(AI$19:AI19,AI19)*0.01 -> 5671.7653 | AY19: ='SX PET'!O4/10^6 -> 3500 | BA19: =IF($AI19=0,0,RANK($AW19,$AW$19:$AW$32,0)) -> 3 | BB19: =IF($BA19=0,AY19+COUNTIFS(AY$19:AY19,AY19)*0.01,0) -> 0 | BC19: =IF($BA19=0,MAX($BA$19:$BA$32)+RANK($BB19,$BB$19:$BB$32,0),0) -> 0
A20: 2 | B20: =INDEX($AH$19:$AH$32,MATCH($A20,$AF$19:$AF$32,0)) -> Phòng Mua | C20: =IF($B20="Kế toán",SUM(C$36:C$38),IF($B20="Quản lý chất lượng",SUM(C$40:C$41),SUMIFS('GTTK chung'!AX$4:AX$143,'GTTK chung'!$G$4:$G$143,$B20)/10^6)) -> 28.443 | D20: =IF($B20="Kế toán",SUM(D$36:D$38),IF($B20="Quản lý chất lượng",SUM(D$40:D$41),SUMIFS('GTTK chung'!AY$4:AY$143,'GTTK chung'!$G$4:$G$143,$B20)/10^6)) -> 41.204 | E20: =IF($B20="Kế toán",SUM(E$36:E$38),IF($B20="Quản lý chất lượng",SUM(E$40:E$41),SUMIFS('GTTK chung'!AZ$4:AZ$143,'GTTK chung'!$G$4:$G$143,$B20)/10^6)) -> 901.89337 | F20: =IF($B20="Kế toán",SUM(F$36:F$38),IF($B20="Quản lý chất lượng",SUM(F$40:F$41),SUMIFS('GTTK chung'!BA$4:BA$143,'GTTK chung'!$G$4:$G$143,$B20)/10^6)) -> 668.32915 | G20: =IF($B20="Kế toán",SUM(G$36:G$38),IF($B20="Quản lý chất lượng",SUM(G$40:G$41),SUMIFS('GTTK chung'!BB$4:BB$143,'GTTK chung'!$G$4:$G$143,$B20)/10^6)) -> 229.23847 | H20: =IF($B20="Kế toán",SUM(H$36:H$38),IF($B20="Quản lý chất lượng",SUM(H$40:H$41),SUMIFS('GTTK chung'!BC$4:BC$143,'GTTK chung'!$G$4:$G$143,$B20)/10^6)) -> 124.53159 | I20: =IF($B20="Kế toán",SUM(I$36:I$38),IF($B20="Quản lý chất lượng",SUM(I$40:I$41),SUMIFS('GTTK chung'!BD$4:BD$143,'GTTK chung'!$G$4:$G$143,$B20)/10^6)) -> 28.2719 | J20: =IF($B20="Kế toán",SUM(J$36:J$38),IF($B20="Quản lý chất lượng",SUM(J$40:J$41),SUMIFS('GTTK chung'!BE$4:BE$143,'GTTK chung'!$G$4:$G$143,$B20)/10^6)) -> 434.30448 | ... N20: =IF($B20="Kế toán",SUM(N$36:N$38),IF($B20="Quản lý chất lượng",SUM(N$40:N$41),SUMIFS('GTTK chung'!BI$4:BI$143,'GTTK chung'!$G$4:$G$143,$B20)/10^6)) -> 14.459268 | O20: =SUM(C20:N20) -> 10059.598 | P20: =SUMIFS(AY$19:AY$32,$AF$19:$AF$32,$A20) -> 7250 | Q20: =SUM(S20:AD20) -> 7688.5202 | R20: =Q20/P20 -> 1.0604855 | S20: =SUMIFS(AJ$19:AJ$32,$AF$19:$AF$32,$A20) -> 1471.2709 | T20: =SUMIFS(AK$19:AK$32,$AF$19:$AF$32,$A20) -> 369.18423 | U20: =SUMIFS(AL$19:AL$32,$AF$19:$AF$32,$A20) -> 124.33074 | V20: =SUMIFS(AM$19:AM$32,$AF$19:$AF$32,$A20) -> 442.38637 | W20: =SUMIFS(AN$19:AN$32,$AF$19:$AF$32,$A20) -> 1012.2285 | X20: =SUMIFS(AO$19:AO$32,$AF$19:$AF$32,$A20) -> 439.63299 | Y20: =SUMIFS(AP$19:AP$32,$AF$19:$AF$32,$A20) -> 1513.6281 | Z20: =SUMIFS(AQ$19:AQ$32,$AF$19:$AF$32,$A20) -> 2022.9145 | ... AD20: =SUMIFS(AU$19:AU$32,$AF$19:$AF$32,$A20) -> 0 | AE20: =Q20/$Q$33 -> 0.19751604 | AF20: =BA20+BC20 -> 4 | AG20: 2 | AH20: SX HDPE | AI20: =SUM(AJ20:AU20) -> 3464.6566 | AJ20: =SUMIFS('GTTK chung'!AJ$4:AJ$143,'GTTK chung'!$G$4:$G$143,$AH20)/10^6 -> 2.325523 | AK20: =SUMIFS('GTTK chung'!AK$4:AK$143,'GTTK chung'!$G$4:$G$143,$AH20)/10^6 -> 91.995754 | AL20: =SUMIFS('GTTK chung'!AL$4:AL$143,'GTTK chung'!$G$4:$G$143,$AH20)/10^6 -> 328.24345 | AM20: =SUMIFS('GTTK chung'!AM$4:AM$143,'GTTK chung'!$G$4:$G$143,$AH20)/10^6 -> 229.54223 | AN20: =SUMIFS('GTTK chung'!AN$4:AN$143,'GTTK chung'!$G$4:$G$143,$AH20)/10^6 -> 180.68804 | AO20: =SUMIFS('GTTK chung'!AO$4:AO$143,'GTTK chung'!$G$4:$G$143,$AH20)/10^6 -> 117.48093 | AP20: =SUMIFS('GTTK chung'!AP$4:AP$143,'GTTK chung'!$G$4:$G$143,$AH20)/10^6 -> 116.84703 | AQ20: =SUMIFS('GTTK chung'!AQ$4:AQ$143,'GTTK chung'!$G$4:$G$143,$AH20)/10^6 -> 960.03429 | ... AU20: =SUMIFS('GTTK chung'!AU$4:AU$143,'GTTK chung'!$G$4:$G$143,$AH20)/10^6 -> 245.41286 | AW20: =AI20+COUNTIFS(AI$19:AI20,AI20)*0.01 -> 3464.6666 | AY20: =' SX HDPE.PP'!O4/10^6 -> 2000 | BA20: =IF($AI20=0,0,RANK($AW20,$AW$19:$AW$32,0)) -> 4 | BB20: =IF($BA20=0,AY20+COUNTIFS(AY$19:AY20,AY20)*0.01,0) -> 0 | BC20: =IF($BA20=0,MAX($BA$19:$BA$32)+RANK($BB20,$BB$19:$BB$32,0),0) -> 0
A21: 3 | B21: =INDEX($AH$19:$AH$32,MATCH($A21,$AF$19:$AF$32,0)) -> SX PET | C21: =IF($B21="Kế toán",SUM(C$36:C$38),IF($B21="Quản lý chất lượng",SUM(C$40:C$41),SUMIFS('GTTK chung'!AX$4:AX$143,'GTTK chung'!$G$4:$G$143,$B21)/10^6)) -> 221.08907 | D21: =IF($B21="Kế toán",SUM(D$36:D$38),IF($B21="Quản lý chất lượng",SUM(D$40:D$41),SUMIFS('GTTK chung'!AY$4:AY$143,'GTTK chung'!$G$4:$G$143,$B21)/10^6)) -> 189.00799 | E21: =IF($B21="Kế toán",SUM(E$36:E$38),IF($B21="Quản lý chất lượng",SUM(E$40:E$41),SUMIFS('GTTK chung'!AZ$4:AZ$143,'GTTK chung'!$G$4:$G$143,$B21)/10^6)) -> 276.18667 | F21: =IF($B21="Kế toán",SUM(F$36:F$38),IF($B21="Quản lý chất lượng",SUM(F$40:F$41),SUMIFS('GTTK chung'!BA$4:BA$143,'GTTK chung'!$G$4:$G$143,$B21)/10^6)) -> 420.63784 | G21: =IF($B21="Kế toán",SUM(G$36:G$38),IF($B21="Quản lý chất lượng",SUM(G$40:G$41),SUMIFS('GTTK chung'!BB$4:BB$143,'GTTK chung'!$G$4:$G$143,$B21)/10^6)) -> 239.68791 | H21: =IF($B21="Kế toán",SUM(H$36:H$38),IF($B21="Quản lý chất lượng",SUM(H$40:H$41),SUMIFS('GTTK chung'!BC$4:BC$143,'GTTK chung'!$G$4:$G$143,$B21)/10^6)) -> 173.49949 | I21: =IF($B21="Kế toán",SUM(I$36:I$38),IF($B21="Quản lý chất lượng",SUM(I$40:I$41),SUMIFS('GTTK chung'!BD$4:BD$143,'GTTK chung'!$G$4:$G$143,$B21)/10^6)) -> 202.3854 | J21: =IF($B21="Kế toán",SUM(J$36:J$38),IF($B21="Quản lý chất lượng",SUM(J$40:J$41),SUMIFS('GTTK chung'!BE$4:BE$143,'GTTK chung'!$G$4:$G$143,$B21)/10^6)) -> 182.94672 | ... N21: =IF($B21="Kế toán",SUM(N$36:N$38),IF($B21="Quản lý chất lượng",SUM(N$40:N$41),SUMIFS('GTTK chung'!BI$4:BI$143,'GTTK chung'!$G$4:$G$143,$B21)/10^6)) -> 96.511266 | O21: =SUM(C21:N21) -> 2455.7487 | P21: =SUMIFS(AY$19:AY$32,$AF$19:$AF$32,$A21) -> 3500 | Q21: =SUM(S21:AD21) -> 5671.7553 | R21: =Q21/P21 -> 1.6205015 | S21: =SUMIFS(AJ$19:AJ$32,$AF$19:$AF$32,$A21) -> 0 | T21: =SUMIFS(AK$19:AK$32,$AF$19:$AF$32,$A21) -> 153.5 | U21: =SUMIFS(AL$19:AL$32,$AF$19:$AF$32,$A21) -> 144.84716 | V21: =SUMIFS(AM$19:AM$32,$AF$19:$AF$32,$A21) -> 463.61502 | W21: =SUMIFS(AN$19:AN$32,$AF$19:$AF$32,$A21) -> 1026.9614 | X21: =SUMIFS(AO$19:AO$32,$AF$19:$AF$32,$A21) -> 669.60518 | Y21: =SUMIFS(AP$19:AP$32,$AF$19:$AF$32,$A21) -> 607.6077 | Z21: =SUMIFS(AQ$19:AQ$32,$AF$19:$AF$32,$A21) -> 322.53488 | ... AD21: =SUMIFS(AU$19:AU$32,$AF$19:$AF$32,$A21) -> 387.9075 | AE21: =Q21/$Q$33 -> 0.14570589 | AF21: =BA21+BC21 -> 8 | AG21: 3 | AH21: Tự động hóa | AI21: =SUM(AJ21:AU21) -> 1880.9378 | AJ21: =SUMIFS('GTTK chung'!AJ$4:AJ$143,'GTTK chung'!$G$4:$G$143,$AH21)/10^6 -> 0 | AK21: =SUMIFS('GTTK chung'!AK$4:AK$143,'GTTK chung'!$G$4:$G$143,$AH21)/10^6 -> 153.5 | AL21: =SUMIFS('GTTK chung'!AL$4:AL$143,'GTTK chung'!$G$4:$G$143,$AH21)/10^6 -> 88.064661 | AM21: =SUMIFS('GTTK chung'!AM$4:AM$143,'GTTK chung'!$G$4:$G$143,$AH21)/10^6 -> 79.570028 | AN21: =SUMIFS('GTTK chung'!AN$4:AN$143,'GTTK chung'!$G$4:$G$143,$AH21)/10^6 -> 215.31144 | AO21: =SUMIFS('GTTK chung'!AO$4:AO$143,'GTTK chung'!$G$4:$G$143,$AH21)/10^6 -> 194.94361 | AP21: =SUMIFS('GTTK chung'!AP$4:AP$143,'GTTK chung'!$G$4:$G$143,$AH21)/10^6 -> 170.64551 | AQ21: =SUMIFS('GTTK chung'!AQ$4:AQ$143,'GTTK chung'!$G$4:$G$143,$AH21)/10^6 -> 191.49512 | ... AU21: =SUMIFS('GTTK chung'!AU$4:AU$143,'GTTK chung'!$G$4:$G$143,$AH21)/10^6 -> 140.07103 | AW21: =AI21+COUNTIFS(AI$19:AI21,AI21)*0.01 -> 1880.9478 | AY21: ='Phân bổ của TĐH'!O4/10^6 -> 5250 | BA21: =IF($AI21=0,0,RANK($AW21,$AW$19:$AW$32,0)) -> 8 | BB21: =IF($BA21=0,AY21+COUNTIFS(AY$19:AY21,AY21)*0.01,0) -> 0 | BC21: =IF($BA21=0,MAX($BA$19:$BA$32)+RANK($BB21,$BB$19:$BB$32,0),0) -> 0
A22: 4 | B22: =INDEX($AH$19:$AH$32,MATCH($A22,$AF$19:$AF$32,0)) -> SX HDPE | C22: =IF($B22="Kế toán",SUM(C$36:C$38),IF($B22="Quản lý chất lượng",SUM(C$40:C$41),SUMIFS('GTTK chung'!AX$4:AX$143,'GTTK chung'!$G$4:$G$143,$B22)/10^6)) -> 75.794164 | D22: =IF($B22="Kế toán",SUM(D$36:D$38),IF($B22="Quản lý chất lượng",SUM(D$40:D$41),SUMIFS('GTTK chung'!AY$4:AY$143,'GTTK chung'!$G$4:$G$143,$B22)/10^6)) -> 31.324059 | E22: =IF($B22="Kế toán",SUM(E$36:E$38),IF($B22="Quản lý chất lượng",SUM(E$40:E$41),SUMIFS('GTTK chung'!AZ$4:AZ$143,'GTTK chung'!$G$4:$G$143,$B22)/10^6)) -> 58.715965 | F22: =IF($B22="Kế toán",SUM(F$36:F$38),IF($B22="Quản lý chất lượng",SUM(F$40:F$41),SUMIFS('GTTK chung'!BA$4:BA$143,'GTTK chung'!$G$4:$G$143,$B22)/10^6)) -> 13.10017 | G22: =IF($B22="Kế toán",SUM(G$36:G$38),IF($B22="Quản lý chất lượng",SUM(G$40:G$41),SUMIFS('GTTK chung'!BB$4:BB$143,'GTTK chung'!$G$4:$G$143,$B22)/10^6)) -> 473.95208 | H22: =IF($B22="Kế toán",SUM(H$36:H$38),IF($B22="Quản lý chất lượng",SUM(H$40:H$41),SUMIFS('GTTK chung'!BC$4:BC$143,'GTTK chung'!$G$4:$G$143,$B22)/10^6)) -> 240.25712 | I22: =IF($B22="Kế toán",SUM(I$36:I$38),IF($B22="Quản lý chất lượng",SUM(I$40:I$41),SUMIFS('GTTK chung'!BD$4:BD$143,'GTTK chung'!$G$4:$G$143,$B22)/10^6)) -> 76.139331 | J22: =IF($B22="Kế toán",SUM(J$36:J$38),IF($B22="Quản lý chất lượng",SUM(J$40:J$41),SUMIFS('GTTK chung'!BE$4:BE$143,'GTTK chung'!$G$4:$G$143,$B22)/10^6)) -> 184.13775 | ... N22: =IF($B22="Kế toán",SUM(N$36:N$38),IF($B22="Quản lý chất lượng",SUM(N$40:N$41),SUMIFS('GTTK chung'!BI$4:BI$143,'GTTK chung'!$G$4:$G$143,$B22)/10^6)) -> 95.763739 | O22: =SUM(C22:N22) -> 1590.696 | P22: =SUMIFS(AY$19:AY$32,$AF$19:$AF$32,$A22) -> 2000 | Q22: =SUM(S22:AD22) -> 3464.6566 | R22: =Q22/P22 -> 1.7323283 | S22: =SUMIFS(AJ$19:AJ$32,$AF$19:$AF$32,$A22) -> 2.325523 | T22: =SUMIFS(AK$19:AK$32,$AF$19:$AF$32,$A22) -> 91.995754 | U22: =SUMIFS(AL$19:AL$32,$AF$19:$AF$32,$A22) -> 328.24345 | V22: =SUMIFS(AM$19:AM$32,$AF$19:$AF$32,$A22) -> 229.54223 | W22: =SUMIFS(AN$19:AN$32,$AF$19:$AF$32,$A22) -> 180.68804 | X22: =SUMIFS(AO$19:AO$32,$AF$19:$AF$32,$A22) -> 117.48093 | Y22: =SUMIFS(AP$19:AP$32,$AF$19:$AF$32,$A22) -> 116.84703 | Z22: =SUMIFS(AQ$19:AQ$32,$AF$19:$AF$32,$A22) -> 960.03429 | ... AD22: =SUMIFS(AU$19:AU$32,$AF$19:$AF$32,$A22) -> 245.41286 | AE22: =Q22/$Q$33 -> 0.089006108 | AF22: =BA22+BC22 -> 2 | AG22: 4 | AH22: Phòng Mua | AI22: =SUM(AJ22:AU22) -> 7688.5202 | AJ22: =SUMIFS('GTTK chung'!AJ$4:AJ$143,'GTTK chung'!$G$4:$G$143,$AH22)/10^6 -> 1471.2709 | AK22: =SUMIFS('GTTK chung'!AK$4:AK$143,'GTTK chung'!$G$4:$G$143,$AH22)/10^6 -> 369.18423 | AL22: =SUMIFS('GTTK chung'!AL$4:AL$143,'GTTK chung'!$G$4:$G$143,$AH22)/10^6 -> 124.33074 | AM22: =SUMIFS('GTTK chung'!AM$4:AM$143,'GTTK chung'!$G$4:$G$143,$AH22)/10^6 -> 442.38637 | AN22: =SUMIFS('GTTK chung'!AN$4:AN$143,'GTTK chung'!$G$4:$G$143,$AH22)/10^6 -> 1012.2285 | AO22: =SUMIFS('GTTK chung'!AO$4:AO$143,'GTTK chung'!$G$4:$G$143,$AH22)/10^6 -> 439.63299 | AP22: =SUMIFS('GTTK chung'!AP$4:AP$143,'GTTK chung'!$G$4:$G$143,$AH22)/10^6 -> 1513.6281 | AQ22: =SUMIFS('GTTK chung'!AQ$4:AQ$143,'GTTK chung'!$G$4:$G$143,$AH22)/10^6 -> 2022.9145 | ... AU22: =SUMIFS('GTTK chung'!AU$4:AU$143,'GTTK chung'!$G$4:$G$143,$AH22)/10^6 -> 0 | AW22: =AI22+COUNTIFS(AI$19:AI22,AI22)*0.01 -> 7688.5302 | AY22: ='Phòng mua-XNK'!O4/10^6 -> 7250 | BA22: =IF($AI22=0,0,RANK($AW22,$AW$19:$AW$32,0)) -> 2 | BB22: =IF($BA22=0,AY22+COUNTIFS(AY$19:AY22,AY22)*0.01,0) -> 0 | BC22: =IF($BA22=0,MAX($BA$19:$BA$32)+RANK($BB22,$BB$19:$BB$32,0),0) -> 0
A23: 5 | B23: =INDEX($AH$19:$AH$32,MATCH($A23,$AF$19:$AF$32,0)) -> Quản Lý Chất Lượng | C23: =IF($B23="Kế toán",SUM(C$36:C$38),IF($B23="Quản lý chất lượng",SUM(C$40:C$41),SUMIFS('GTTK chung'!AX$4:AX$143,'GTTK chung'!$G$4:$G$143,$B23)/10^6)) -> 0 | D23: =IF($B23="Kế toán",SUM(D$36:D$38),IF($B23="Quản lý chất lượng",SUM(D$40:D$41),SUMIFS('GTTK chung'!AY$4:AY$143,'GTTK chung'!$G$4:$G$143,$B23)/10^6)) -> 0 | E23: =IF($B23="Kế toán",SUM(E$36:E$38),IF($B23="Quản lý chất lượng",SUM(E$40:E$41),SUMIFS('GTTK chung'!AZ$4:AZ$143,'GTTK chung'!$G$4:$G$143,$B23)/10^6)) -> 0 | F23: =IF($B23="Kế toán",SUM(F$36:F$38),IF($B23="Quản lý chất lượng",SUM(F$40:F$41),SUMIFS('GTTK chung'!BA$4:BA$143,'GTTK chung'!$G$4:$G$143,$B23)/10^6)) -> 0 | G23: =IF($B23="Kế toán",SUM(G$36:G$38),IF($B23="Quản lý chất lượng",SUM(G$40:G$41),SUMIFS('GTTK chung'!BB$4:BB$143,'GTTK chung'!$G$4:$G$143,$B23)/10^6)) -> 25.717932 | H23: =IF($B23="Kế toán",SUM(H$36:H$38),IF($B23="Quản lý chất lượng",SUM(H$40:H$41),SUMIFS('GTTK chung'!BC$4:BC$143,'GTTK chung'!$G$4:$G$143,$B23)/10^6)) -> 69.743085 | I23: =IF($B23="Kế toán",SUM(I$36:I$38),IF($B23="Quản lý chất lượng",SUM(I$40:I$41),SUMIFS('GTTK chung'!BD$4:BD$143,'GTTK chung'!$G$4:$G$143,$B23)/10^6)) -> 356.46654 | J23: =IF($B23="Kế toán",SUM(J$36:J$38),IF($B23="Quản lý chất lượng",SUM(J$40:J$41),SUMIFS('GTTK chung'!BE$4:BE$143,'GTTK chung'!$G$4:$G$143,$B23)/10^6)) -> 86.677685 | ... N23: =IF($B23="Kế toán",SUM(N$36:N$38),IF($B23="Quản lý chất lượng",SUM(N$40:N$41),SUMIFS('GTTK chung'!BI$4:BI$143,'GTTK chung'!$G$4:$G$143,$B23)/10^6)) -> 309.91836 | O23: =SUM(C23:N23) -> 1504.0483 | P23: =SUMIFS(AY$19:AY$32,$AF$19:$AF$32,$A23) -> 4250 | Q23: =SUM(S23:AD23) -> 3053.6536 | R23: =Q23/P23 -> 0.71850673 | S23: =SUMIFS(AJ$19:AJ$32,$AF$19:$AF$32,$A23) -> 273.36062 | T23: =SUMIFS(AK$19:AK$32,$AF$19:$AF$32,$A23) -> 13.202904 | U23: =SUMIFS(AL$19:AL$32,$AF$19:$AF$32,$A23) -> 132.63109 | V23: =SUMIFS(AM$19:AM$32,$AF$19:$AF$32,$A23) -> 125.53165 | W23: =SUMIFS(AN$19:AN$32,$AF$19:$AF$32,$A23) -> 626.80467 | X23: =SUMIFS(AO$19:AO$32,$AF$19:$AF$32,$A23) -> 278.35134 | Y23: =SUMIFS(AP$19:AP$32,$AF$19:$AF$32,$A23) -> 255.18688 | Z23: =SUMIFS(AQ$19:AQ$32,$AF$19:$AF$32,$A23) -> 394.27648 | ... AD23: =SUMIFS(AU$19:AU$32,$AF$19:$AF$32,$A23) -> 183.2984 | AE23: =Q23/$Q$33 -> 0.078447551 | AF23: =BA23+BC23 -> 1 | AG23: 5 | AH23: Kỹ Thuật | AI23: =SUM(AJ23:AU23) -> 8116.2135 | AJ23: =SUMIFS('GTTK chung'!AJ$4:AJ$143,'GTTK chung'!$G$4:$G$143,$AH23)/10^6 -> 618.57657 | AK23: =SUMIFS('GTTK chung'!AK$4:AK$143,'GTTK chung'!$G$4:$G$143,$AH23)/10^6 -> 2685.8001 | AL23: =SUMIFS('GTTK chung'!AL$4:AL$143,'GTTK chung'!$G$4:$G$143,$AH23)/10^6 -> 203.37224 | AM23: =SUMIFS('GTTK chung'!AM$4:AM$143,'GTTK chung'!$G$4:$G$143,$AH23)/10^6 -> 548.3141 | AN23: =SUMIFS('GTTK chung'!AN$4:AN$143,'GTTK chung'!$G$4:$G$143,$AH23)/10^6 -> 1817.5794 | AO23: =SUMIFS('GTTK chung'!AO$4:AO$143,'GTTK chung'!$G$4:$G$143,$AH23)/10^6 -> 180.74745 | AP23: =SUMIFS('GTTK chung'!AP$4:AP$143,'GTTK chung'!$G$4:$G$143,$AH23)/10^6 -> 468.85834 | AQ23: =SUMIFS('GTTK chung'!AQ$4:AQ$143,'GTTK chung'!$G$4:$G$143,$AH23)/10^6 -> 874.07642 | ... AU23: =SUMIFS('GTTK chung'!AU$4:AU$143,'GTTK chung'!$G$4:$G$143,$AH23)/10^6 -> 40.166408 | AW23: =AI23+COUNTIFS(AI$19:AI23,AI23)*0.01 -> 8116.2235 | AY23: ='Kỹ Thuật'!O4/10^6 -> 7250 | BA23: =IF($AI23=0,0,RANK($AW23,$AW$19:$AW$32,0)) -> 1 | BB23: =IF($BA23=0,AY23+COUNTIFS(AY$19:AY23,AY23)*0.01,0) -> 0 | BC23: =IF($BA23=0,MAX($BA$19:$BA$32)+RANK($BB23,$BB$19:$BB$32,0),0) -> 0
A24: 6 | B24: =INDEX($AH$19:$AH$32,MATCH($A24,$AF$19:$AF$32,0)) -> Kế hoạch | C24: =IF($B24="Kế toán",SUM(C$36:C$38),IF($B24="Quản lý chất lượng",SUM(C$40:C$41),SUMIFS('GTTK chung'!AX$4:AX$143,'GTTK chung'!$G$4:$G$143,$B24)/10^6)) -> 0 | D24: =IF($B24="Kế toán",SUM(D$36:D$38),IF($B24="Quản lý chất lượng",SUM(D$40:D$41),SUMIFS('GTTK chung'!AY$4:AY$143,'GTTK chung'!$G$4:$G$143,$B24)/10^6)) -> 0 | E24: =IF($B24="Kế toán",SUM(E$36:E$38),IF($B24="Quản lý chất lượng",SUM(E$40:E$41),SUMIFS('GTTK chung'!AZ$4:AZ$143,'GTTK chung'!$G$4:$G$143,$B24)/10^6)) -> 0 | F24: =IF($B24="Kế toán",SUM(F$36:F$38),IF($B24="Quản lý chất lượng",SUM(F$40:F$41),SUMIFS('GTTK chung'!BA$4:BA$143,'GTTK chung'!$G$4:$G$143,$B24)/10^6)) -> 0 | G24: =IF($B24="Kế toán",SUM(G$36:G$38),IF($B24="Quản lý chất lượng",SUM(G$40:G$41),SUMIFS('GTTK chung'!BB$4:BB$143,'GTTK chung'!$G$4:$G$143,$B24)/10^6)) -> 0 | H24: =IF($B24="Kế toán",SUM(H$36:H$38),IF($B24="Quản lý chất lượng",SUM(H$40:H$41),SUMIFS('GTTK chung'!BC$4:BC$143,'GTTK chung'!$G$4:$G$143,$B24)/10^6)) -> 0 | I24: =IF($B24="Kế toán",SUM(I$36:I$38),IF($B24="Quản lý chất lượng",SUM(I$40:I$41),SUMIFS('GTTK chung'!BD$4:BD$143,'GTTK chung'!$G$4:$G$143,$B24)/10^6)) -> 0 | J24: =IF($B24="Kế toán",SUM(J$36:J$38),IF($B24="Quản lý chất lượng",SUM(J$40:J$41),SUMIFS('GTTK chung'!BE$4:BE$143,'GTTK chung'!$G$4:$G$143,$B24)/10^6)) -> 0 | ... N24: =IF($B24="Kế toán",SUM(N$36:N$38),IF($B24="Quản lý chất lượng",SUM(N$40:N$41),SUMIFS('GTTK chung'!BI$4:BI$143,'GTTK chung'!$G$4:$G$143,$B24)/10^6)) -> 0 | O24: =SUM(C24:N24) -> 0 | P24: =SUMIFS(AY$19:AY$32,$AF$19:$AF$32,$A24) -> 750 | Q24: =SUM(S24:AD24) -> 2521.2706 | R24: =Q24/P24 -> 3.3616941 | S24: =SUMIFS(AJ$19:AJ$32,$AF$19:$AF$32,$A24) -> 0 | T24: =SUMIFS(AK$19:AK$32,$AF$19:$AF$32,$A24) -> 0 | U24: =SUMIFS(AL$19:AL$32,$AF$19:$AF$32,$A24) -> 56.841896 | V24: =SUMIFS(AM$19:AM$32,$AF$19:$AF$32,$A24) -> 13.897994 | W24: =SUMIFS(AN$19:AN$32,$AF$19:$AF$32,$A24) -> 830.74617 | X24: =SUMIFS(AO$19:AO$32,$AF$19:$AF$32,$A24) -> 284.59789 | Y24: =SUMIFS(AP$19:AP$32,$AF$19:$AF$32,$A24) -> 227.18483 | Z24: =SUMIFS(AQ$19:AQ$32,$AF$19:$AF$32,$A24) -> 398.45956 | ... AD24: =SUMIFS(AU$19:AU$32,$AF$19:$AF$32,$A24) -> 51.802854 | AE24: =Q24/$Q$33 -> 0.064770772 | AF24: =BA24+BC24 -> 9 | AG24: 6 | AH24: R&D | AI24: =SUM(AJ24:AU24) -> 1756.9569 | AJ24: =SUMIFS('GTTK chung'!AJ$4:AJ$143,'GTTK chung'!$G$4:$G$143,$AH24)/10^6 -> 0 | AK24: =SUMIFS('GTTK chung'!AK$4:AK$143,'GTTK chung'!$G$4:$G$143,$AH24)/10^6 -> 0 | AL24: =SUMIFS('GTTK chung'!AL$4:AL$143,'GTTK chung'!$G$4:$G$143,$AH24)/10^6 -> 0 | AM24: =SUMIFS('GTTK chung'!AM$4:AM$143,'GTTK chung'!$G$4:$G$143,$AH24)/10^6 -> 0 | AN24: =SUMIFS('GTTK chung'!AN$4:AN$143,'GTTK chung'!$G$4:$G$143,$AH24)/10^6 -> 515.19285 | AO24: =SUMIFS('GTTK chung'!AO$4:AO$143,'GTTK chung'!$G$4:$G$143,$AH24)/10^6 -> 308.59722 | AP24: =SUMIFS('GTTK chung'!AP$4:AP$143,'GTTK chung'!$G$4:$G$143,$AH24)/10^6 -> 133.86889 | AQ24: =SUMIFS('GTTK chung'!AQ$4:AQ$143,'GTTK chung'!$G$4:$G$143,$AH24)/10^6 -> 248.03011 | ... AU24: =SUMIFS('GTTK chung'!AU$4:AU$143,'GTTK chung'!$G$4:$G$143,$AH24)/10^6 -> 48.116945 | AW24: =AI24+COUNTIFS(AI$19:AI24,AI24)*0.01 -> 1756.9669 | AY24: ='Phòng R&D'!O4/10^6 -> 7250 | BA24: =IF($AI24=0,0,RANK($AW24,$AW$19:$AW$32,0)) -> 9 | BB24: =IF($BA24=0,AY24+COUNTIFS(AY$19:AY24,AY24)*0.01,0) -> 0 | BC24: =IF($BA24=0,MAX($BA$19:$BA$32)+RANK($BB24,$BB$19:$BB$32,0),0) -> 0
A25: 7 | B25: =INDEX($AH$19:$AH$32,MATCH($A25,$AF$19:$AF$32,0)) -> Kế Toán | C25: =IF($B25="Kế toán",SUM(C$36:C$38),IF($B25="Quản lý chất lượng",SUM(C$40:C$41),SUMIFS('GTTK chung'!AX$4:AX$143,'GTTK chung'!$G$4:$G$143,$B25)/10^6)) -> 0 | D25: =IF($B25="Kế toán",SUM(D$36:D$38),IF($B25="Quản lý chất lượng",SUM(D$40:D$41),SUMIFS('GTTK chung'!AY$4:AY$143,'GTTK chung'!$G$4:$G$143,$B25)/10^6)) -> 72 | E25: =IF($B25="Kế toán",SUM(E$36:E$38),IF($B25="Quản lý chất lượng",SUM(E$40:E$41),SUMIFS('GTTK chung'!AZ$4:AZ$143,'GTTK chung'!$G$4:$G$143,$B25)/10^6)) -> 56 | F25: =IF($B25="Kế toán",SUM(F$36:F$38),IF($B25="Quản lý chất lượng",SUM(F$40:F$41),SUMIFS('GTTK chung'!BA$4:BA$143,'GTTK chung'!$G$4:$G$143,$B25)/10^6)) -> 80 | G25: =IF($B25="Kế toán",SUM(G$36:G$38),IF($B25="Quản lý chất lượng",SUM(G$40:G$41),SUMIFS('GTTK chung'!BB$4:BB$143,'GTTK chung'!$G$4:$G$143,$B25)/10^6)) -> 98.351589 | H25: =IF($B25="Kế toán",SUM(H$36:H$38),IF($B25="Quản lý chất lượng",SUM(H$40:H$41),SUMIFS('GTTK chung'!BC$4:BC$143,'GTTK chung'!$G$4:$G$143,$B25)/10^6)) -> 205.33073 | I25: =IF($B25="Kế toán",SUM(I$36:I$38),IF($B25="Quản lý chất lượng",SUM(I$40:I$41),SUMIFS('GTTK chung'!BD$4:BD$143,'GTTK chung'!$G$4:$G$143,$B25)/10^6)) -> 291.61489 | J25: =IF($B25="Kế toán",SUM(J$36:J$38),IF($B25="Quản lý chất lượng",SUM(J$40:J$41),SUMIFS('GTTK chung'!BE$4:BE$143,'GTTK chung'!$G$4:$G$143,$B25)/10^6)) -> 711.98856 | ... N25: =IF($B25="Kế toán",SUM(N$36:N$38),IF($B25="Quản lý chất lượng",SUM(N$40:N$41),SUMIFS('GTTK chung'!BI$4:BI$143,'GTTK chung'!$G$4:$G$143,$B25)/10^6)) -> 1738.95 | O25: =SUM(C25:N25) -> 6636.5672 | P25: =SUMIFS(AY$19:AY$32,$AF$19:$AF$32,$A25) -> 4250 | Q25: =SUM(S25:AD25) -> 2213.962 | R25: =Q25/P25 -> 0.52093223 | S25: =SUMIFS(AJ$19:AJ$32,$AF$19:$AF$32,$A25) -> 453.88621 | T25: =SUMIFS(AK$19:AK$32,$AF$19:$AF$32,$A25) -> 73.4525 | U25: =SUMIFS(AL$19:AL$32,$AF$19:$AF$32,$A25) -> 148.005 | V25: =SUMIFS(AM$19:AM$32,$AF$19:$AF$32,$A25) -> 85.882797 | W25: =SUMIFS(AN$19:AN$32,$AF$19:$AF$32,$A25) -> 38.098899 | X25: =SUMIFS(AO$19:AO$32,$AF$19:$AF$32,$A25) -> 967.04452 | Y25: =SUMIFS(AP$19:AP$32,$AF$19:$AF$32,$A25) -> 60.519332 | Z25: =SUMIFS(AQ$19:AQ$32,$AF$19:$AF$32,$A25) -> 103.37468 | ... AD25: =SUMIFS(AU$19:AU$32,$AF$19:$AF$32,$A25) -> 39.443749 | AE25: =Q25/$Q$33 -> 0.056876095 | AF25: =BA25+BC25 -> 10 | AG25: 7 | AH25: Cung ứng | AI25: =SUM(AJ25:AU25) -> 920.07502 | AJ25: =SUMIFS('GTTK chung'!AJ$4:AJ$143,'GTTK chung'!$G$4:$G$143,$AH25)/10^6 -> 0 | AK25: =SUMIFS('GTTK chung'!AK$4:AK$143,'GTTK chung'!$G$4:$G$143,$AH25)/10^6 -> 0 | AL25: =SUMIFS('GTTK chung'!AL$4:AL$143,'GTTK chung'!$G$4:$G$143,$AH25)/10^6 -> 0 | AM25: =SUMIFS('GTTK chung'!AM$4:AM$143,'GTTK chung'!$G$4:$G$143,$AH25)/10^6 -> 0 | AN25: =SUMIFS('GTTK chung'!AN$4:AN$143,'GTTK chung'!$G$4:$G$143,$AH25)/10^6 -> 0 | AO25: =SUMIFS('GTTK chung'!AO$4:AO$143,'GTTK chung'!$G$4:$G$143,$AH25)/10^6 -> 0 | AP25: =SUMIFS('GTTK chung'!AP$4:AP$143,'GTTK chung'!$G$4:$G$143,$AH25)/10^6 -> 0 | AQ25: =SUMIFS('GTTK chung'!AQ$4:AQ$143,'GTTK chung'!$G$4:$G$143,$AH25)/10^6 -> 0 | ... AU25: =SUMIFS('GTTK chung'!AU$4:AU$143,'GTTK chung'!$G$4:$G$143,$AH25)/10^6 -> 295.70238 | AW25: =AI25+COUNTIFS(AI$19:AI25,AI25)*0.01 -> 920.08502 | AY25: ='Phòng cung ứng'!O4/10^6 -> 4750 | BA25: =IF($AI25=0,0,RANK($AW25,$AW$19:$AW$32,0)) -> 10 | BB25: =IF($BA25=0,AY25+COUNTIFS(AY$19:AY25,AY25)*0.01,0) -> 0 | BC25: =IF($BA25=0,MAX($BA$19:$BA$32)+RANK($BB25,$BB$19:$BB$32,0),0) -> 0
A26: 8 | B26: =INDEX($AH$19:$AH$32,MATCH($A26,$AF$19:$AF$32,0)) -> Tự động hóa | C26: =IF($B26="Kế toán",SUM(C$36:C$38),IF($B26="Quản lý chất lượng",SUM(C$40:C$41),SUMIFS('GTTK chung'!AX$4:AX$143,'GTTK chung'!$G$4:$G$143,$B26)/10^6)) -> 473.96058 | D26: =IF($B26="Kế toán",SUM(D$36:D$38),IF($B26="Quản lý chất lượng",SUM(D$40:D$41),SUMIFS('GTTK chung'!AY$4:AY$143,'GTTK chung'!$G$4:$G$143,$B26)/10^6)) -> 149.15048 | E26: =IF($B26="Kế toán",SUM(E$36:E$38),IF($B26="Quản lý chất lượng",SUM(E$40:E$41),SUMIFS('GTTK chung'!AZ$4:AZ$143,'GTTK chung'!$G$4:$G$143,$B26)/10^6)) -> 238.89186 | F26: =IF($B26="Kế toán",SUM(F$36:F$38),IF($B26="Quản lý chất lượng",SUM(F$40:F$41),SUMIFS('GTTK chung'!BA$4:BA$143,'GTTK chung'!$G$4:$G$143,$B26)/10^6)) -> 191.12033 | G26: =IF($B26="Kế toán",SUM(G$36:G$38),IF($B26="Quản lý chất lượng",SUM(G$40:G$41),SUMIFS('GTTK chung'!BB$4:BB$143,'GTTK chung'!$G$4:$G$143,$B26)/10^6)) -> 230.97323 | H26: =IF($B26="Kế toán",SUM(H$36:H$38),IF($B26="Quản lý chất lượng",SUM(H$40:H$41),SUMIFS('GTTK chung'!BC$4:BC$143,'GTTK chung'!$G$4:$G$143,$B26)/10^6)) -> 181.79693 | I26: =IF($B26="Kế toán",SUM(I$36:I$38),IF($B26="Quản lý chất lượng",SUM(I$40:I$41),SUMIFS('GTTK chung'!BD$4:BD$143,'GTTK chung'!$G$4:$G$143,$B26)/10^6)) -> 145.24613 | J26: =IF($B26="Kế toán",SUM(J$36:J$38),IF($B26="Quản lý chất lượng",SUM(J$40:J$41),SUMIFS('GTTK chung'!BE$4:BE$143,'GTTK chung'!$G$4:$G$143,$B26)/10^6)) -> 142.68413 | ... N26: =IF($B26="Kế toán",SUM(N$36:N$38),IF($B26="Quản lý chất lượng",SUM(N$40:N$41),SUMIFS('GTTK chung'!BI$4:BI$143,'GTTK chung'!$G$4:$G$143,$B26)/10^6)) -> 162.53186 | O26: =SUM(C26:N26) -> 2454.4279 | P26: =SUMIFS(AY$19:AY$32,$AF$19:$AF$32,$A26) -> 5250 | Q26: =SUM(S26:AD26) -> 1880.9378 | R26: =Q26/P26 -> 0.35827386 | S26: =SUMIFS(AJ$19:AJ$32,$AF$19:$AF$32,$A26) -> 0 | T26: =SUMIFS(AK$19:AK$32,$AF$19:$AF$32,$A26) -> 153.5 | U26: =SUMIFS(AL$19:AL$32,$AF$19:$AF$32,$A26) -> 88.064661 | V26: =SUMIFS(AM$19:AM$32,$AF$19:$AF$32,$A26) -> 79.570028 | W26: =SUMIFS(AN$19:AN$32,$AF$19:$AF$32,$A26) -> 215.31144 | X26: =SUMIFS(AO$19:AO$32,$AF$19:$AF$32,$A26) -> 194.94361 | Y26: =SUMIFS(AP$19:AP$32,$AF$19:$AF$32,$A26) -> 170.64551 | Z26: =SUMIFS(AQ$19:AQ$32,$AF$19:$AF$32,$A26) -> 191.49512 | ... AD26: =SUMIFS(AU$19:AU$32,$AF$19:$AF$32,$A26) -> 140.07103 | AE26: =Q26/$Q$33 -> 0.048320792 | AF26: =BA26+BC26 -> 11 | AG26: 8 | AH26: Kho | AI26: =SUM(AJ26:AU26) -> 623.808 | AJ26: =SUMIFS('GTTK chung'!AJ$4:AJ$143,'GTTK chung'!$G$4:$G$143,$AH26)/10^6 -> 0 | AK26: =SUMIFS('GTTK chung'!AK$4:AK$143,'GTTK chung'!$G$4:$G$143,$AH26)/10^6 -> 0 | AL26: =SUMIFS('GTTK chung'!AL$4:AL$143,'GTTK chung'!$G$4:$G$143,$AH26)/10^6 -> 155.952 | AM26: =SUMIFS('GTTK chung'!AM$4:AM$143,'GTTK chung'!$G$4:$G$143,$AH26)/10^6 -> 51.984 | AN26: =SUMIFS('GTTK chung'!AN$4:AN$143,'GTTK chung'!$G$4:$G$143,$AH26)/10^6 -> 51.984 | AO26: =SUMIFS('GTTK chung'!AO$4:AO$143,'GTTK chung'!$G$4:$G$143,$AH26)/10^6 -> 51.984 | AP26: =SUMIFS('GTTK chung'!AP$4:AP$143,'GTTK chung'!$G$4:$G$143,$AH26)/10^6 -> 51.984 | AQ26: =SUMIFS('GTTK chung'!AQ$4:AQ$143,'GTTK chung'!$G$4:$G$143,$AH26)/10^6 -> 51.984 | ... AU26: =SUMIFS('GTTK chung'!AU$4:AU$143,'GTTK chung'!$G$4:$G$143,$AH26)/10^6 -> 0 | AW26: =AI26+COUNTIFS(AI$19:AI26,AI26)*0.01 -> 623.818 | AY26: =Kho!O4/10^6 -> 1250 | BA26: =IF($AI26=0,0,RANK($AW26,$AW$19:$AW$32,0)) -> 11 | BB26: =IF($BA26=0,AY26+COUNTIFS(AY$19:AY26,AY26)*0.01,0) -> 0 | BC26: =IF($BA26=0,MAX($BA$19:$BA$32)+RANK($BB26,$BB$19:$BB$32,0),0) -> 0
A27: 9 | B27: =INDEX($AH$19:$AH$32,MATCH($A27,$AF$19:$AF$32,0)) -> R&D | C27: =IF($B27="Kế toán",SUM(C$36:C$38),IF($B27="Quản lý chất lượng",SUM(C$40:C$41),SUMIFS('GTTK chung'!AX$4:AX$143,'GTTK chung'!$G$4:$G$143,$B27)/10^6)) -> 0 | D27: =IF($B27="Kế toán",SUM(D$36:D$38),IF($B27="Quản lý chất lượng",SUM(D$40:D$41),SUMIFS('GTTK chung'!AY$4:AY$143,'GTTK chung'!$G$4:$G$143,$B27)/10^6)) -> 0 | E27: =IF($B27="Kế toán",SUM(E$36:E$38),IF($B27="Quản lý chất lượng",SUM(E$40:E$41),SUMIFS('GTTK chung'!AZ$4:AZ$143,'GTTK chung'!$G$4:$G$143,$B27)/10^6)) -> 0 | F27: =IF($B27="Kế toán",SUM(F$36:F$38),IF($B27="Quản lý chất lượng",SUM(F$40:F$41),SUMIFS('GTTK chung'!BA$4:BA$143,'GTTK chung'!$G$4:$G$143,$B27)/10^6)) -> 0 | G27: =IF($B27="Kế toán",SUM(G$36:G$38),IF($B27="Quản lý chất lượng",SUM(G$40:G$41),SUMIFS('GTTK chung'!BB$4:BB$143,'GTTK chung'!$G$4:$G$143,$B27)/10^6)) -> 0 | H27: =IF($B27="Kế toán",SUM(H$36:H$38),IF($B27="Quản lý chất lượng",SUM(H$40:H$41),SUMIFS('GTTK chung'!BC$4:BC$143,'GTTK chung'!$G$4:$G$143,$B27)/10^6)) -> 0 | I27: =IF($B27="Kế toán",SUM(I$36:I$38),IF($B27="Quản lý chất lượng",SUM(I$40:I$41),SUMIFS('GTTK chung'!BD$4:BD$143,'GTTK chung'!$G$4:$G$143,$B27)/10^6)) -> 0 | J27: =IF($B27="Kế toán",SUM(J$36:J$38),IF($B27="Quản lý chất lượng",SUM(J$40:J$41),SUMIFS('GTTK chung'!BE$4:BE$143,'GTTK chung'!$G$4:$G$143,$B27)/10^6)) -> 3324.7192 | ... N27: =IF($B27="Kế toán",SUM(N$36:N$38),IF($B27="Quản lý chất lượng",SUM(N$40:N$41),SUMIFS('GTTK chung'!BI$4:BI$143,'GTTK chung'!$G$4:$G$143,$B27)/10^6)) -> 0 | O27: =SUM(C27:N27) -> 3346.119 | P27: =SUMIFS(AY$19:AY$32,$AF$19:$AF$32,$A27) -> 7250 | Q27: =SUM(S27:AD27) -> 1756.9569 | R27: =Q27/P27 -> 0.24233888 | S27: =SUMIFS(AJ$19:AJ$32,$AF$19:$AF$32,$A27) -> 0 | T27: =SUMIFS(AK$19:AK$32,$AF$19:$AF$32,$A27) -> 0 | U27: =SUMIFS(AL$19:AL$32,$AF$19:$AF$32,$A27) -> 0 | V27: =SUMIFS(AM$19:AM$32,$AF$19:$AF$32,$A27) -> 0 | W27: =SUMIFS(AN$19:AN$32,$AF$19:$AF$32,$A27) -> 515.19285 | X27: =SUMIFS(AO$19:AO$32,$AF$19:$AF$32,$A27) -> 308.59722 | Y27: =SUMIFS(AP$19:AP$32,$AF$19:$AF$32,$A27) -> 133.86889 | Z27: =SUMIFS(AQ$19:AQ$32,$AF$19:$AF$32,$A27) -> 248.03011 | ... AD27: =SUMIFS(AU$19:AU$32,$AF$19:$AF$32,$A27) -> 48.116945 | AE27: =Q27/$Q$33 -> 0.045135756 | AF27: =BA27+BC27 -> 12 | AG27: 9 | AH27: Kinh doanh | AI27: =SUM(AJ27:AU27) -> 497.02221 | AJ27: =SUMIFS('GTTK chung'!AJ$4:AJ$143,'GTTK chung'!$G$4:$G$143,$AH27)/10^6 -> 0 | AK27: =SUMIFS('GTTK chung'!AK$4:AK$143,'GTTK chung'!$G$4:$G$143,$AH27)/10^6 -> 0 | AL27: =SUMIFS('GTTK chung'!AL$4:AL$143,'GTTK chung'!$G$4:$G$143,$AH27)/10^6 -> 0 | AM27: =SUMIFS('GTTK chung'!AM$4:AM$143,'GTTK chung'!$G$4:$G$143,$AH27)/10^6 -> 206.1932 | AN27: =SUMIFS('GTTK chung'!AN$4:AN$143,'GTTK chung'!$G$4:$G$143,$AH27)/10^6 -> 23.445193 | AO27: =SUMIFS('GTTK chung'!AO$4:AO$143,'GTTK chung'!$G$4:$G$143,$AH27)/10^6 -> 7.321882 | AP27: =SUMIFS('GTTK chung'!AP$4:AP$143,'GTTK chung'!$G$4:$G$143,$AH27)/10^6 -> 12.283557 | AQ27: =SUMIFS('GTTK chung'!AQ$4:AQ$143,'GTTK chung'!$G$4:$G$143,$AH27)/10^6 -> 40.60518 | ... AU27: =SUMIFS('GTTK chung'!AU$4:AU$143,'GTTK chung'!$G$4:$G$143,$AH27)/10^6 -> 71.047919 | AW27: =AI27+COUNTIFS(AI$19:AI27,AI27)*0.01 -> 497.03221 | AY27: ='Kinh doanh'!O4/10^6 -> 750 | BA27: =IF($AI27=0,0,RANK($AW27,$AW$19:$AW$32,0)) -> 12 | BB27: =IF($BA27=0,AY27+COUNTIFS(AY$19:AY27,AY27)*0.01,0) -> 0 | BC27: =IF($BA27=0,MAX($BA$19:$BA$32)+RANK($BB27,$BB$19:$BB$32,0),0) -> 0
A28: 10 | B28: =INDEX($AH$19:$AH$32,MATCH($A28,$AF$19:$AF$32,0)) -> Cung ứng | C28: =IF($B28="Kế toán",SUM(C$36:C$38),IF($B28="Quản lý chất lượng",SUM(C$40:C$41),SUMIFS('GTTK chung'!AX$4:AX$143,'GTTK chung'!$G$4:$G$143,$B28)/10^6)) -> 17.1228 | D28: =IF($B28="Kế toán",SUM(D$36:D$38),IF($B28="Quản lý chất lượng",SUM(D$40:D$41),SUMIFS('GTTK chung'!AY$4:AY$143,'GTTK chung'!$G$4:$G$143,$B28)/10^6)) -> 317.3532 | E28: =IF($B28="Kế toán",SUM(E$36:E$38),IF($B28="Quản lý chất lượng",SUM(E$40:E$41),SUMIFS('GTTK chung'!AZ$4:AZ$143,'GTTK chung'!$G$4:$G$143,$B28)/10^6)) -> 32.3076 | F28: =IF($B28="Kế toán",SUM(F$36:F$38),IF($B28="Quản lý chất lượng",SUM(F$40:F$41),SUMIFS('GTTK chung'!BA$4:BA$143,'GTTK chung'!$G$4:$G$143,$B28)/10^6)) -> 11.4114 | G28: =IF($B28="Kế toán",SUM(G$36:G$38),IF($B28="Quản lý chất lượng",SUM(G$40:G$41),SUMIFS('GTTK chung'!BB$4:BB$143,'GTTK chung'!$G$4:$G$143,$B28)/10^6)) -> 102.5316 | H28: =IF($B28="Kế toán",SUM(H$36:H$38),IF($B28="Quản lý chất lượng",SUM(H$40:H$41),SUMIFS('GTTK chung'!BC$4:BC$143,'GTTK chung'!$G$4:$G$143,$B28)/10^6)) -> 174.0324 | I28: =IF($B28="Kế toán",SUM(I$36:I$38),IF($B28="Quản lý chất lượng",SUM(I$40:I$41),SUMIFS('GTTK chung'!BD$4:BD$143,'GTTK chung'!$G$4:$G$143,$B28)/10^6)) -> 56.4788 | J28: =IF($B28="Kế toán",SUM(J$36:J$38),IF($B28="Quản lý chất lượng",SUM(J$40:J$41),SUMIFS('GTTK chung'!BE$4:BE$143,'GTTK chung'!$G$4:$G$143,$B28)/10^6)) -> 16.312 | ... N28: =IF($B28="Kế toán",SUM(N$36:N$38),IF($B28="Quản lý chất lượng",SUM(N$40:N$41),SUMIFS('GTTK chung'!BI$4:BI$143,'GTTK chung'!$G$4:$G$143,$B28)/10^6)) -> 90.7554 | O28: =SUM(C28:N28) -> 1378.7738 | P28: =SUMIFS(AY$19:AY$32,$AF$19:$AF$32,$A28) -> 4750 | Q28: =SUM(S28:AD28) -> 920.07502 | R28: =Q28/P28 -> 0.1937 | S28: =SUMIFS(AJ$19:AJ$32,$AF$19:$AF$32,$A28) -> 0 | T28: =SUMIFS(AK$19:AK$32,$AF$19:$AF$32,$A28) -> 0 | U28: =SUMIFS(AL$19:AL$32,$AF$19:$AF$32,$A28) -> 0 | V28: =SUMIFS(AM$19:AM$32,$AF$19:$AF$32,$A28) -> 0 | W28: =SUMIFS(AN$19:AN$32,$AF$19:$AF$32,$A28) -> 0 | X28: =SUMIFS(AO$19:AO$32,$AF$19:$AF$32,$A28) -> 0 | Y28: =SUMIFS(AP$19:AP$32,$AF$19:$AF$32,$A28) -> 0 | Z28: =SUMIFS(AQ$19:AQ$32,$AF$19:$AF$32,$A28) -> 0 | ... AD28: =SUMIFS(AU$19:AU$32,$AF$19:$AF$32,$A28) -> 295.70238 | AE28: =Q28/$Q$33 -> 0.023636483 | AF28: =BA28+BC28 -> 13 | AG28: 10 | AH28: VPGĐ | AI28: =SUM(AJ28:AU28) -> 297.07 | AJ28: =SUMIFS('GTTK chung'!AJ$4:AJ$143,'GTTK chung'!$G$4:$G$143,$AH28)/10^6 -> 0 | AK28: =SUMIFS('GTTK chung'!AK$4:AK$143,'GTTK chung'!$G$4:$G$143,$AH28)/10^6 -> 0 | AL28: =SUMIFS('GTTK chung'!AL$4:AL$143,'GTTK chung'!$G$4:$G$143,$AH28)/10^6 -> 0 | AM28: =SUMIFS('GTTK chung'!AM$4:AM$143,'GTTK chung'!$G$4:$G$143,$AH28)/10^6 -> 200.5 | AN28: =SUMIFS('GTTK chung'!AN$4:AN$143,'GTTK chung'!$G$4:$G$143,$AH28)/10^6 -> 0 | AO28: =SUMIFS('GTTK chung'!AO$4:AO$143,'GTTK chung'!$G$4:$G$143,$AH28)/10^6 -> 0 | AP28: =SUMIFS('GTTK chung'!AP$4:AP$143,'GTTK chung'!$G$4:$G$143,$AH28)/10^6 -> 0 | AQ28: =SUMIFS('GTTK chung'!AQ$4:AQ$143,'GTTK chung'!$G$4:$G$143,$AH28)/10^6 -> 0 | ... AU28: =SUMIFS('GTTK chung'!AU$4:AU$143,'GTTK chung'!$G$4:$G$143,$AH28)/10^6 -> 96.57 | AW28: =AI28+COUNTIFS(AI$19:AI28,AI28)*0.01 -> 297.08 | AY28: ='Nhân sự'!O4/10^6 -> 1000 | BA28: =IF($AI28=0,0,RANK($AW28,$AW$19:$AW$32,0)) -> 13 | BB28: =IF($BA28=0,AY28+COUNTIFS(AY$19:AY28,AY28)*0.01,0) -> 0 | BC28: =IF($BA28=0,MAX($BA$19:$BA$32)+RANK($BB28,$BB$19:$BB$32,0),0) -> 0
A29: 11 | B29: =INDEX($AH$19:$AH$32,MATCH($A29,$AF$19:$AF$32,0)) -> Kho | C29: =IF($B29="Kế toán",SUM(C$36:C$38),IF($B29="Quản lý chất lượng",SUM(C$40:C$41),SUMIFS('GTTK chung'!AX$4:AX$143,'GTTK chung'!$G$4:$G$143,$B29)/10^6)) -> 0 | D29: =IF($B29="Kế toán",SUM(D$36:D$38),IF($B29="Quản lý chất lượng",SUM(D$40:D$41),SUMIFS('GTTK chung'!AY$4:AY$143,'GTTK chung'!$G$4:$G$143,$B29)/10^6)) -> 0 | E29: =IF($B29="Kế toán",SUM(E$36:E$38),IF($B29="Quản lý chất lượng",SUM(E$40:E$41),SUMIFS('GTTK chung'!AZ$4:AZ$143,'GTTK chung'!$G$4:$G$143,$B29)/10^6)) -> 0 | F29: =IF($B29="Kế toán",SUM(F$36:F$38),IF($B29="Quản lý chất lượng",SUM(F$40:F$41),SUMIFS('GTTK chung'!BA$4:BA$143,'GTTK chung'!$G$4:$G$143,$B29)/10^6)) -> 0 | G29: =IF($B29="Kế toán",SUM(G$36:G$38),IF($B29="Quản lý chất lượng",SUM(G$40:G$41),SUMIFS('GTTK chung'!BB$4:BB$143,'GTTK chung'!$G$4:$G$143,$B29)/10^6)) -> 0 | H29: =IF($B29="Kế toán",SUM(H$36:H$38),IF($B29="Quản lý chất lượng",SUM(H$40:H$41),SUMIFS('GTTK chung'!BC$4:BC$143,'GTTK chung'!$G$4:$G$143,$B29)/10^6)) -> 0 | I29: =IF($B29="Kế toán",SUM(I$36:I$38),IF($B29="Quản lý chất lượng",SUM(I$40:I$41),SUMIFS('GTTK chung'!BD$4:BD$143,'GTTK chung'!$G$4:$G$143,$B29)/10^6)) -> 0 | J29: =IF($B29="Kế toán",SUM(J$36:J$38),IF($B29="Quản lý chất lượng",SUM(J$40:J$41),SUMIFS('GTTK chung'!BE$4:BE$143,'GTTK chung'!$G$4:$G$143,$B29)/10^6)) -> 0 | ... N29: =IF($B29="Kế toán",SUM(N$36:N$38),IF($B29="Quản lý chất lượng",SUM(N$40:N$41),SUMIFS('GTTK chung'!BI$4:BI$143,'GTTK chung'!$G$4:$G$143,$B29)/10^6)) -> 0 | O29: =SUM(C29:N29) -> 0 | P29: =SUMIFS(AY$19:AY$32,$AF$19:$AF$32,$A29) -> 1250 | Q29: =SUM(S29:AD29) -> 623.808 | R29: =Q29/P29 -> 0.4990464 | S29: =SUMIFS(AJ$19:AJ$32,$AF$19:$AF$32,$A29) -> 0 | T29: =SUMIFS(AK$19:AK$32,$AF$19:$AF$32,$A29) -> 0 | U29: =SUMIFS(AL$19:AL$32,$AF$19:$AF$32,$A29) -> 155.952 | V29: =SUMIFS(AM$19:AM$32,$AF$19:$AF$32,$A29) -> 51.984 | W29: =SUMIFS(AN$19:AN$32,$AF$19:$AF$32,$A29) -> 51.984 | X29: =SUMIFS(AO$19:AO$32,$AF$19:$AF$32,$A29) -> 51.984 | Y29: =SUMIFS(AP$19:AP$32,$AF$19:$AF$32,$A29) -> 51.984 | Z29: =SUMIFS(AQ$19:AQ$32,$AF$19:$AF$32,$A29) -> 51.984 | ... AD29: =SUMIFS(AU$19:AU$32,$AF$19:$AF$32,$A29) -> 0 | AE29: =Q29/$Q$33 -> 0.016025462 | AF29: =BA29+BC29 -> 6 | AG29: 11 | AH29: Kế hoạch | AI29: =SUM(AJ29:AU29) -> 2521.2706 | AJ29: =SUMIFS('GTTK chung'!AJ$4:AJ$143,'GTTK chung'!$G$4:$G$143,$AH29)/10^6 -> 0 | AK29: =SUMIFS('GTTK chung'!AK$4:AK$143,'GTTK chung'!$G$4:$G$143,$AH29)/10^6 -> 0 | AL29: =SUMIFS('GTTK chung'!AL$4:AL$143,'GTTK chung'!$G$4:$G$143,$AH29)/10^6 -> 56.841896 | AM29: =SUMIFS('GTTK chung'!AM$4:AM$143,'GTTK chung'!$G$4:$G$143,$AH29)/10^6 -> 13.897994 | AN29: =SUMIFS('GTTK chung'!AN$4:AN$143,'GTTK chung'!$G$4:$G$143,$AH29)/10^6 -> 830.74617 | AO29: =SUMIFS('GTTK chung'!AO$4:AO$143,'GTTK chung'!$G$4:$G$143,$AH29)/10^6 -> 284.59789 | AP29: =SUMIFS('GTTK chung'!AP$4:AP$143,'GTTK chung'!$G$4:$G$143,$AH29)/10^6 -> 227.18483 | AQ29: =SUMIFS('GTTK chung'!AQ$4:AQ$143,'GTTK chung'!$G$4:$G$143,$AH29)/10^6 -> 398.45956 | ... AU29: =SUMIFS('GTTK chung'!AU$4:AU$143,'GTTK chung'!$G$4:$G$143,$AH29)/10^6 -> 51.802854 | AW29: =AI29+COUNTIFS(AI$19:AI29,AI29)*0.01 -> 2521.2806 | AY29: =VPGĐ!O4/10^6 -> 750 | BA29: =IF($AI29=0,0,RANK($AW29,$AW$19:$AW$32,0)) -> 6 | BB29: =IF($BA29=0,AY29+COUNTIFS(AY$19:AY29,AY29)*0.01,0) -> 0 | BC29: =IF($BA29=0,MAX($BA$19:$BA$32)+RANK($BB29,$BB$19:$BB$32,0),0) -> 0
A30: 12 | B30: =INDEX($AH$19:$AH$32,MATCH($A30,$AF$19:$AF$32,0)) -> Kinh doanh | C30: =IF($B30="Kế toán",SUM(C$36:C$38),IF($B30="Quản lý chất lượng",SUM(C$40:C$41),SUMIFS('GTTK chung'!AX$4:AX$143,'GTTK chung'!$G$4:$G$143,$B30)/10^6)) -> 0 | D30: =IF($B30="Kế toán",SUM(D$36:D$38),IF($B30="Quản lý chất lượng",SUM(D$40:D$41),SUMIFS('GTTK chung'!AY$4:AY$143,'GTTK chung'!$G$4:$G$143,$B30)/10^6)) -> 0 | E30: =IF($B30="Kế toán",SUM(E$36:E$38),IF($B30="Quản lý chất lượng",SUM(E$40:E$41),SUMIFS('GTTK chung'!AZ$4:AZ$143,'GTTK chung'!$G$4:$G$143,$B30)/10^6)) -> 0 | F30: =IF($B30="Kế toán",SUM(F$36:F$38),IF($B30="Quản lý chất lượng",SUM(F$40:F$41),SUMIFS('GTTK chung'!BA$4:BA$143,'GTTK chung'!$G$4:$G$143,$B30)/10^6)) -> 0 | G30: =IF($B30="Kế toán",SUM(G$36:G$38),IF($B30="Quản lý chất lượng",SUM(G$40:G$41),SUMIFS('GTTK chung'!BB$4:BB$143,'GTTK chung'!$G$4:$G$143,$B30)/10^6)) -> 0 | H30: =IF($B30="Kế toán",SUM(H$36:H$38),IF($B30="Quản lý chất lượng",SUM(H$40:H$41),SUMIFS('GTTK chung'!BC$4:BC$143,'GTTK chung'!$G$4:$G$143,$B30)/10^6)) -> 0 | I30: =IF($B30="Kế toán",SUM(I$36:I$38),IF($B30="Quản lý chất lượng",SUM(I$40:I$41),SUMIFS('GTTK chung'!BD$4:BD$143,'GTTK chung'!$G$4:$G$143,$B30)/10^6)) -> 0 | J30: =IF($B30="Kế toán",SUM(J$36:J$38),IF($B30="Quản lý chất lượng",SUM(J$40:J$41),SUMIFS('GTTK chung'!BE$4:BE$143,'GTTK chung'!$G$4:$G$143,$B30)/10^6)) -> 0 | ... N30: =IF($B30="Kế toán",SUM(N$36:N$38),IF($B30="Quản lý chất lượng",SUM(N$40:N$41),SUMIFS('GTTK chung'!BI$4:BI$143,'GTTK chung'!$G$4:$G$143,$B30)/10^6)) -> 0 | O30: =SUM(C30:N30) -> 0 | P30: =SUMIFS(AY$19:AY$32,$AF$19:$AF$32,$A30) -> 750 | Q30: =SUM(S30:AD30) -> 497.02221 | R30: =Q30/P30 -> 0.66269628 | S30: =SUMIFS(AJ$19:AJ$32,$AF$19:$AF$32,$A30) -> 0 | T30: =SUMIFS(AK$19:AK$32,$AF$19:$AF$32,$A30) -> 0 | U30: =SUMIFS(AL$19:AL$32,$AF$19:$AF$32,$A30) -> 0 | V30: =SUMIFS(AM$19:AM$32,$AF$19:$AF$32,$A30) -> 206.1932 | W30: =SUMIFS(AN$19:AN$32,$AF$19:$AF$32,$A30) -> 23.445193 | X30: =SUMIFS(AO$19:AO$32,$AF$19:$AF$32,$A30) -> 7.321882 | Y30: =SUMIFS(AP$19:AP$32,$AF$19:$AF$32,$A30) -> 12.283557 | Z30: =SUMIFS(AQ$19:AQ$32,$AF$19:$AF$32,$A30) -> 40.60518 | ... AD30: =SUMIFS(AU$19:AU$32,$AF$19:$AF$32,$A30) -> 71.047919 | AE30: =Q30/$Q$33 -> 0.012768369 | AF30: =BA30+BC30 -> 14 | AG30: 12 | AH30: Nhân sự | AI30: =SUM(AJ30:AU30) -> 220.15265 | AJ30: =SUM(AJ43:AJ44) -> 0 | AK30: =SUM(AK43:AK44) -> 0 | AL30: =SUM(AL43:AL44) -> 2 | AM30: =SUM(AM43:AM44) -> 4 | AN30: =SUM(AN43:AN44) -> 4 | AO30: =SUM(AO43:AO44) -> 59.626 | AP30: =SUM(AP43:AP44) -> 15.89291 | AQ30: =SUM(AQ43:AQ44) -> 4 | ... AU30: =SUM(AU43:AU44) -> 4 | AV30: x | AW30: =AI30+COUNTIFS(AI$19:AI30,AI30)*0.01 -> 220.16265 | AY30: ='Kế hoạch'!O4/10^6 -> 500 | BA30: =IF($AI30=0,0,RANK($AW30,$AW$19:$AW$32,0)) -> 14 | BB30: =IF($BA30=0,AY30+COUNTIFS(AY$19:AY30,AY30)*0.01,0) -> 0 | BC30: =IF($BA30=0,MAX($BA$19:$BA$32)+RANK($BB30,$BB$19:$BB$32,0),0) -> 0
A31: 13 | B31: =INDEX($AH$19:$AH$32,MATCH($A31,$AF$19:$AF$32,0)) -> VPGĐ | C31: =IF($B31="Kế toán",SUM(C$36:C$38),IF($B31="Quản lý chất lượng",SUM(C$40:C$41),SUMIFS('GTTK chung'!AX$4:AX$143,'GTTK chung'!$G$4:$G$143,$B31)/10^6)) -> 0 | D31: =IF($B31="Kế toán",SUM(D$36:D$38),IF($B31="Quản lý chất lượng",SUM(D$40:D$41),SUMIFS('GTTK chung'!AY$4:AY$143,'GTTK chung'!$G$4:$G$143,$B31)/10^6)) -> 0 | E31: =IF($B31="Kế toán",SUM(E$36:E$38),IF($B31="Quản lý chất lượng",SUM(E$40:E$41),SUMIFS('GTTK chung'!AZ$4:AZ$143,'GTTK chung'!$G$4:$G$143,$B31)/10^6)) -> 0 | F31: =IF($B31="Kế toán",SUM(F$36:F$38),IF($B31="Quản lý chất lượng",SUM(F$40:F$41),SUMIFS('GTTK chung'!BA$4:BA$143,'GTTK chung'!$G$4:$G$143,$B31)/10^6)) -> 0 | G31: =IF($B31="Kế toán",SUM(G$36:G$38),IF($B31="Quản lý chất lượng",SUM(G$40:G$41),SUMIFS('GTTK chung'!BB$4:BB$143,'GTTK chung'!$G$4:$G$143,$B31)/10^6)) -> 0 | H31: =IF($B31="Kế toán",SUM(H$36:H$38),IF($B31="Quản lý chất lượng",SUM(H$40:H$41),SUMIFS('GTTK chung'!BC$4:BC$143,'GTTK chung'!$G$4:$G$143,$B31)/10^6)) -> 0 | I31: =IF($B31="Kế toán",SUM(I$36:I$38),IF($B31="Quản lý chất lượng",SUM(I$40:I$41),SUMIFS('GTTK chung'!BD$4:BD$143,'GTTK chung'!$G$4:$G$143,$B31)/10^6)) -> 0 | J31: =IF($B31="Kế toán",SUM(J$36:J$38),IF($B31="Quản lý chất lượng",SUM(J$40:J$41),SUMIFS('GTTK chung'!BE$4:BE$143,'GTTK chung'!$G$4:$G$143,$B31)/10^6)) -> 0 | ... N31: =IF($B31="Kế toán",SUM(N$36:N$38),IF($B31="Quản lý chất lượng",SUM(N$40:N$41),SUMIFS('GTTK chung'!BI$4:BI$143,'GTTK chung'!$G$4:$G$143,$B31)/10^6)) -> 0 | O31: =SUM(C31:N31) -> 0 | P31: =SUMIFS(AY$19:AY$32,$AF$19:$AF$32,$A31) -> 1000 | Q31: =SUM(S31:AD31) -> 297.07 | R31: =Q31/P31 -> 0.29707 | S31: =SUMIFS(AJ$19:AJ$32,$AF$19:$AF$32,$A31) -> 0 | T31: =SUMIFS(AK$19:AK$32,$AF$19:$AF$32,$A31) -> 0 | U31: =SUMIFS(AL$19:AL$32,$AF$19:$AF$32,$A31) -> 0 | V31: =SUMIFS(AM$19:AM$32,$AF$19:$AF$32,$A31) -> 200.5 | W31: =SUMIFS(AN$19:AN$32,$AF$19:$AF$32,$A31) -> 0 | X31: =SUMIFS(AO$19:AO$32,$AF$19:$AF$32,$A31) -> 0 | Y31: =SUMIFS(AP$19:AP$32,$AF$19:$AF$32,$A31) -> 0 | Z31: =SUMIFS(AQ$19:AQ$32,$AF$19:$AF$32,$A31) -> 0 | ... AD31: =SUMIFS(AU$19:AU$32,$AF$19:$AF$32,$A31) -> 96.57 | AE31: =Q31/$Q$33 -> 0.0076316494 | AF31: =BA31+BC31 -> 7 | AG31: 13 | AH31: Kế Toán | AI31: =SUM(AJ31:AU31) -> 2213.962 | AJ31: =SUM(AJ36:AJ38) -> 453.88621 | AK31: =SUM(AK36:AK38) -> 73.4525 | AL31: =SUM(AL36:AL38) -> 148.005 | AM31: =SUM(AM36:AM38) -> 85.882797 | AN31: =SUM(AN36:AN38) -> 38.098899 | AO31: =SUM(AO36:AO38) -> 967.04452 | AP31: =SUM(AP36:AP38) -> 60.519332 | AQ31: =SUM(AQ36:AQ38) -> 103.37468 | ... AU31: =SUM(AU36:AU38) -> 39.443749 | AV31: x | AW31: =AI31+COUNTIFS(AI$19:AI31,AI31)*0.01 -> 2213.972 | AY31: =SUM(AY36:AY38) -> 4250 | BA31: =IF($AI31=0,0,RANK($AW31,$AW$19:$AW$32,0)) -> 7 | BB31: =IF($BA31=0,AY31+COUNTIFS(AY$19:AY31,AY31)*0.01,0) -> 0 | BC31: =IF($BA31=0,MAX($BA$19:$BA$32)+RANK($BB31,$BB$19:$BB$32,0),0) -> 0
A32: 14 | B32: =INDEX($AH$19:$AH$32,MATCH($A32,$AF$19:$AF$32,0)) -> Nhân sự | C32: =IF($B32="Kế toán",SUM(C$36:C$38),IF($B32="Quản lý chất lượng",SUM(C$40:C$41),SUMIFS('GTTK chung'!AX$4:AX$143,'GTTK chung'!$G$4:$G$143,$B32)/10^6)) -> 0 | D32: =IF($B32="Kế toán",SUM(D$36:D$38),IF($B32="Quản lý chất lượng",SUM(D$40:D$41),SUMIFS('GTTK chung'!AY$4:AY$143,'GTTK chung'!$G$4:$G$143,$B32)/10^6)) -> 0 | E32: =IF($B32="Kế toán",SUM(E$36:E$38),IF($B32="Quản lý chất lượng",SUM(E$40:E$41),SUMIFS('GTTK chung'!AZ$4:AZ$143,'GTTK chung'!$G$4:$G$143,$B32)/10^6)) -> 0 | F32: =IF($B32="Kế toán",SUM(F$36:F$38),IF($B32="Quản lý chất lượng",SUM(F$40:F$41),SUMIFS('GTTK chung'!BA$4:BA$143,'GTTK chung'!$G$4:$G$143,$B32)/10^6)) -> 0 | G32: =IF($B32="Kế toán",SUM(G$36:G$38),IF($B32="Quản lý chất lượng",SUM(G$40:G$41),SUMIFS('GTTK chung'!BB$4:BB$143,'GTTK chung'!$G$4:$G$143,$B32)/10^6)) -> 0 | H32: =IF($B32="Kế toán",SUM(H$36:H$38),IF($B32="Quản lý chất lượng",SUM(H$40:H$41),SUMIFS('GTTK chung'!BC$4:BC$143,'GTTK chung'!$G$4:$G$143,$B32)/10^6)) -> 0 | I32: =IF($B32="Kế toán",SUM(I$36:I$38),IF($B32="Quản lý chất lượng",SUM(I$40:I$41),SUMIFS('GTTK chung'!BD$4:BD$143,'GTTK chung'!$G$4:$G$143,$B32)/10^6)) -> 0 | J32: =IF($B32="Kế toán",SUM(J$36:J$38),IF($B32="Quản lý chất lượng",SUM(J$40:J$41),SUMIFS('GTTK chung'!BE$4:BE$143,'GTTK chung'!$G$4:$G$143,$B32)/10^6)) -> 0 | ... N32: =IF($B32="Kế toán",SUM(N$36:N$38),IF($B32="Quản lý chất lượng",SUM(N$40:N$41),SUMIFS('GTTK chung'!BI$4:BI$143,'GTTK chung'!$G$4:$G$143,$B32)/10^6)) -> 0 | O32: =SUM(C32:N32) -> 0 | P32: =SUMIFS(AY$19:AY$32,$AF$19:$AF$32,$A32) -> 500 | Q32: =SUM(S32:AD32) -> 220.15265 | R32: =Q32/P32 -> 0.4403053 | S32: =SUMIFS(AJ$19:AJ$32,$AF$19:$AF$32,$A32) -> 0 | T32: =SUMIFS(AK$19:AK$32,$AF$19:$AF$32,$A32) -> 0 | U32: =SUMIFS(AL$19:AL$32,$AF$19:$AF$32,$A32) -> 2 | V32: =SUMIFS(AM$19:AM$32,$AF$19:$AF$32,$A32) -> 4 | W32: =SUMIFS(AN$19:AN$32,$AF$19:$AF$32,$A32) -> 4 | X32: =SUMIFS(AO$19:AO$32,$AF$19:$AF$32,$A32) -> 59.626 | Y32: =SUMIFS(AP$19:AP$32,$AF$19:$AF$32,$A32) -> 15.89291 | Z32: =SUMIFS(AQ$19:AQ$32,$AF$19:$AF$32,$A32) -> 4 | ... AD32: =SUMIFS(AU$19:AU$32,$AF$19:$AF$32,$A32) -> 4 | AE32: =Q32/$Q$33 -> 0.0056556632 | AF32: =BA32+BC32 -> 5 | AG32: 14 | AH32: Quản Lý Chất Lượng | AI32: =SUM(AJ32:AU32) -> 3053.6536 | AJ32: =SUM(AJ40:AJ41) -> 273.36062 | AK32: =SUM(AK40:AK41) -> 13.202904 | AL32: =SUM(AL40:AL41) -> 132.63109 | AM32: =SUM(AM40:AM41) -> 125.53165 | AN32: =SUM(AN40:AN41) -> 626.80467 | AO32: =SUM(AO40:AO41) -> 278.35134 | AP32: =SUM(AP40:AP41) -> 255.18688 | AQ32: =SUM(AQ40:AQ41) -> 394.27648 | ... AU32: =SUM(AU40:AU41) -> 183.2984 | AV32: x | AW32: =AI32+COUNTIFS(AI$19:AI32,AI32)*0.01 -> 3053.6636 | AY32: =QLCL!O4/10^6 -> 4250 | BA32: =IF($AI32=0,0,RANK($AW32,$AW$19:$AW$32,0)) -> 5 | BB32: =IF($BA32=0,AY32+COUNTIFS(AY$19:AY32,AY32)*0.01,0) -> 0 | BC32: =IF($BA32=0,MAX($BA$19:$BA$32)+RANK($BB32,$BB$19:$BB$32,0),0) -> 0
B33: CỘNG | C33: =SUM(C19:C32) -> 1373.0045 | D33: =SUM(D19:D32) -> 800.03973 | E33: =SUM(E19:E32) -> 1588.4742 | F33: =SUM(F19:F32) -> 1473.7039 | G33: =SUM(G19:G32) -> 1692.3523 | H33: =SUM(H19:H32) -> 1461.3109 | I33: =SUM(I19:I32) -> 2024.4786 | J33: =SUM(J19:J32) -> 5210.0133 | ... Q33: =SUM(Q19:Q32) -> 38926.054 | R33: =Q33/P33 -> 0.77852108 | S33: =SUM(S19:S32) -> 2819.4198 | T33: =SUM(T19:T32) -> 3540.6355 | U33: =SUM(U19:U32) -> 1384.2882 | V33: =SUM(V19:V32) -> 2451.4174 | W33: =SUM(W19:W32) -> 6343.0406 | X33: =SUM(X19:X32) -> 3559.933 | Y33: =SUM(Y19:Y32) -> 3634.5071 | Z33: =SUM(Z19:Z32) -> 5611.7852 | ... AD33: =SUM(AD19:AD32) -> 1603.54 | AH33: CỘNG | AI33: =SUM(AI19:AI32) -> 38926.054 | AJ33: =SUM(AJ19:AJ32) -> 2819.4198 | AK33: =SUM(AK19:AK32) -> 3540.6355 | AL33: =SUM(AL19:AL32) -> 1384.2882 | AM33: =SUM(AM19:AM32) -> 2451.4174 | AN33: =SUM(AN19:AN32) -> 6343.0406 | AO33: =SUM(AO19:AO32) -> 3559.933 | AP33: =SUM(AP19:AP32) -> 3634.5071 | ... AU33: =SUM(AU19:AU32) -> 1603.54 | AY33: =SUM(AY19:AY32) -> 50000
B34: Check | O34: =O33-'GTTK chung'!$BJ$143/10^6 -> 0 | Q34: =Q33-'GTTK chung'!$AV$143/10^6 -> 0 | AH34: Check | AI34: =AI33-'GTTK chung'!$AV$143/10^6 -> 0 | AJ34: =AJ33-'GTTK chung'!AJ143/10^6 -> 0 | AK34: =AK33-'GTTK chung'!AK143/10^6 -> 0 | AL34: =AL33-'GTTK chung'!AL143/10^6 -> 0 | AM34: =AM33-'GTTK chung'!AM143/10^6 -> 0 | AN34: =AN33-'GTTK chung'!AN143/10^6 -> 0 | AO34: =AO33-'GTTK chung'!AO143/10^6 -> 0 | AP34: =AP33-'GTTK chung'!AP143/10^6 -> 0 | AQ34: =AQ33-'GTTK chung'!AQ143/10^6 -> 0 | ... AU34: =AU33-'GTTK chung'!AU143/10^6 -> 0
B36: Kế Toán Quản Trị | C36: =SUMIFS('GTTK chung'!AX$4:AX$143,'GTTK chung'!$G$4:$G$143,$B36)/10^6 -> 0 | D36: =SUMIFS('GTTK chung'!AY$4:AY$143,'GTTK chung'!$G$4:$G$143,$B36)/10^6 -> 0 | E36: =SUMIFS('GTTK chung'!AZ$4:AZ$143,'GTTK chung'!$G$4:$G$143,$B36)/10^6 -> 0 | F36: =SUMIFS('GTTK chung'!BA$4:BA$143,'GTTK chung'!$G$4:$G$143,$B36)/10^6 -> 0 | G36: =SUMIFS('GTTK chung'!BB$4:BB$143,'GTTK chung'!$G$4:$G$143,$B36)/10^6 -> 0 | H36: =SUMIFS('GTTK chung'!BC$4:BC$143,'GTTK chung'!$G$4:$G$143,$B36)/10^6 -> 115.33073 | I36: =SUMIFS('GTTK chung'!BD$4:BD$143,'GTTK chung'!$G$4:$G$143,$B36)/10^6 -> 0 | J36: =SUMIFS('GTTK chung'!BE$4:BE$143,'GTTK chung'!$G$4:$G$143,$B36)/10^6 -> 0 | ... N36: =SUMIFS('GTTK chung'!BI$4:BI$143,'GTTK chung'!$G$4:$G$143,$B36)/10^6 -> 1183.82 | O36: =SUM(C36:N36) -> 3770.1457 | AG36: Kế toán | AH36: Kế Toán Quản Trị | AI36: =SUM(AJ36:AT36) -> 1317.5559 | AJ36: =SUMIFS('GTTK chung'!AJ$4:AJ$143,'GTTK chung'!$G$4:$G$143,$AH36)/10^6 -> 141.835 | AK36: =SUMIFS('GTTK chung'!AK$4:AK$143,'GTTK chung'!$G$4:$G$143,$AH36)/10^6 -> 73.4525 | AL36: =SUMIFS('GTTK chung'!AL$4:AL$143,'GTTK chung'!$G$4:$G$143,$AH36)/10^6 -> 148.005 | AM36: =SUMIFS('GTTK chung'!AM$4:AM$143,'GTTK chung'!$G$4:$G$143,$AH36)/10^6 -> 0 | AN36: =SUMIFS('GTTK chung'!AN$4:AN$143,'GTTK chung'!$G$4:$G$143,$AH36)/10^6 -> 0 | AO36: =SUMIFS('GTTK chung'!AO$4:AO$143,'GTTK chung'!$G$4:$G$143,$AH36)/10^6 -> 910.04539 | AP36: =SUMIFS('GTTK chung'!AP$4:AP$143,'GTTK chung'!$G$4:$G$143,$AH36)/10^6 -> 10.218 | AQ36: =SUMIFS('GTTK chung'!AQ$4:AQ$143,'GTTK chung'!$G$4:$G$143,$AH36)/10^6 -> 0 | ... AU36: =SUMIFS('GTTK chung'!AU$4:AU$143,'GTTK chung'!$G$4:$G$143,$AH36)/10^6 -> 0 | AY36: =KTQT!O4/10^6 -> 1000
B37: Kế Toán Tài Chính | C37: =SUMIFS('GTTK chung'!AX$4:AX$143,'GTTK chung'!$G$4:$G$143,$B37)/10^6 -> 0 | D37: =SUMIFS('GTTK chung'!AY$4:AY$143,'GTTK chung'!$G$4:$G$143,$B37)/10^6 -> 72 | E37: =SUMIFS('GTTK chung'!AZ$4:AZ$143,'GTTK chung'!$G$4:$G$143,$B37)/10^6 -> 56 | F37: =SUMIFS('GTTK chung'!BA$4:BA$143,'GTTK chung'!$G$4:$G$143,$B37)/10^6 -> 80 | G37: =SUMIFS('GTTK chung'!BB$4:BB$143,'GTTK chung'!$G$4:$G$143,$B37)/10^6 -> 98.351589 | H37: =SUMIFS('GTTK chung'!BC$4:BC$143,'GTTK chung'!$G$4:$G$143,$B37)/10^6 -> 90 | I37: =SUMIFS('GTTK chung'!BD$4:BD$143,'GTTK chung'!$G$4:$G$143,$B37)/10^6 -> 291.61489 | J37: =SUMIFS('GTTK chung'!BE$4:BE$143,'GTTK chung'!$G$4:$G$143,$B37)/10^6 -> 711.98856 | ... N37: =SUMIFS('GTTK chung'!BI$4:BI$143,'GTTK chung'!$G$4:$G$143,$B37)/10^6 -> 555.13 | O37: =SUM(C37:N37) -> 2866.4215 | AG37: Kế toán | AH37: Kế Toán Tài Chính | AI37: =SUM(AJ37:AT37) -> 856.96232 | AJ37: =SUMIFS('GTTK chung'!AJ$4:AJ$143,'GTTK chung'!$G$4:$G$143,$AH37)/10^6 -> 312.05121 | AK37: =SUMIFS('GTTK chung'!AK$4:AK$143,'GTTK chung'!$G$4:$G$143,$AH37)/10^6 -> 0 | AL37: =SUMIFS('GTTK chung'!AL$4:AL$143,'GTTK chung'!$G$4:$G$143,$AH37)/10^6 -> 0 | AM37: =SUMIFS('GTTK chung'!AM$4:AM$143,'GTTK chung'!$G$4:$G$143,$AH37)/10^6 -> 85.882797 | AN37: =SUMIFS('GTTK chung'!AN$4:AN$143,'GTTK chung'!$G$4:$G$143,$AH37)/10^6 -> 38.098899 | AO37: =SUMIFS('GTTK chung'!AO$4:AO$143,'GTTK chung'!$G$4:$G$143,$AH37)/10^6 -> 56.999127 | AP37: =SUMIFS('GTTK chung'!AP$4:AP$143,'GTTK chung'!$G$4:$G$143,$AH37)/10^6 -> 50.301332 | AQ37: =SUMIFS('GTTK chung'!AQ$4:AQ$143,'GTTK chung'!$G$4:$G$143,$AH37)/10^6 -> 103.37468 | ... AU37: =SUMIFS('GTTK chung'!AU$4:AU$143,'GTTK chung'!$G$4:$G$143,$AH37)/10^6 -> 39.443749 | AY37: =KTTC!O4/10^6 -> 1000
B38: CFO | C38: =SUMIFS('GTTK chung'!AX$4:AX$143,'GTTK chung'!$G$4:$G$143,$B38)/10^6 -> 0 | D38: =SUMIFS('GTTK chung'!AY$4:AY$143,'GTTK chung'!$G$4:$G$143,$B38)/10^6 -> 0 | E38: =SUMIFS('GTTK chung'!AZ$4:AZ$143,'GTTK chung'!$G$4:$G$143,$B38)/10^6 -> 0 | F38: =SUMIFS('GTTK chung'!BA$4:BA$143,'GTTK chung'!$G$4:$G$143,$B38)/10^6 -> 0 | G38: =SUMIFS('GTTK chung'!BB$4:BB$143,'GTTK chung'!$G$4:$G$143,$B38)/10^6 -> 0 | H38: =SUMIFS('GTTK chung'!BC$4:BC$143,'GTTK chung'!$G$4:$G$143,$B38)/10^6 -> 0 | I38: =SUMIFS('GTTK chung'!BD$4:BD$143,'GTTK chung'!$G$4:$G$143,$B38)/10^6 -> 0 | J38: =SUMIFS('GTTK chung'!BE$4:BE$143,'GTTK chung'!$G$4:$G$143,$B38)/10^6 -> 0 | ... N38: =SUMIFS('GTTK chung'!BI$4:BI$143,'GTTK chung'!$G$4:$G$143,$B38)/10^6 -> 0 | O38: =SUM(C38:N38) -> 0 | AG38: Kế toán | AH38: CFO | AI38: =SUM(AJ38:AT38) -> 0 | AJ38: =SUMIFS('GTTK chung'!AJ$4:AJ$143,'GTTK chung'!$G$4:$G$143,$AH38)/10^6 -> 0 | AK38: =SUMIFS('GTTK chung'!AK$4:AK$143,'GTTK chung'!$G$4:$G$143,$AH38)/10^6 -> 0 | AL38: =SUMIFS('GTTK chung'!AL$4:AL$143,'GTTK chung'!$G$4:$G$143,$AH38)/10^6 -> 0 | AM38: =SUMIFS('GTTK chung'!AM$4:AM$143,'GTTK chung'!$G$4:$G$143,$AH38)/10^6 -> 0 | AN38: =SUMIFS('GTTK chung'!AN$4:AN$143,'GTTK chung'!$G$4:$G$143,$AH38)/10^6 -> 0 | AO38: =SUMIFS('GTTK chung'!AO$4:AO$143,'GTTK chung'!$G$4:$G$143,$AH38)/10^6 -> 0 | AP38: =SUMIFS('GTTK chung'!AP$4:AP$143,'GTTK chung'!$G$4:$G$143,$AH38)/10^6 -> 0 | AQ38: =SUMIFS('GTTK chung'!AQ$4:AQ$143,'GTTK chung'!$G$4:$G$143,$AH38)/10^6 -> 0 | ... AU38: =SUMIFS('GTTK chung'!AU$4:AU$143,'GTTK chung'!$G$4:$G$143,$AH38)/10^6 -> 0 | AY38: =CFO!O4/10^6 -> 2250
B40: Quản Lý Chất Lượng HDPE | C40: =SUMIFS('GTTK chung'!AX$4:AX$143,'GTTK chung'!$G$4:$G$143,$B40)/10^6 -> 0 | D40: =SUMIFS('GTTK chung'!AY$4:AY$143,'GTTK chung'!$G$4:$G$143,$B40)/10^6 -> 0 | E40: =SUMIFS('GTTK chung'!AZ$4:AZ$143,'GTTK chung'!$G$4:$G$143,$B40)/10^6 -> 0 | F40: =SUMIFS('GTTK chung'!BA$4:BA$143,'GTTK chung'!$G$4:$G$143,$B40)/10^6 -> 0 | G40: =SUMIFS('GTTK chung'!BB$4:BB$143,'GTTK chung'!$G$4:$G$143,$B40)/10^6 -> 0 | H40: =SUMIFS('GTTK chung'!BC$4:BC$143,'GTTK chung'!$G$4:$G$143,$B40)/10^6 -> 0 | I40: =SUMIFS('GTTK chung'!BD$4:BD$143,'GTTK chung'!$G$4:$G$143,$B40)/10^6 -> 356.46654 | J40: =SUMIFS('GTTK chung'!BE$4:BE$143,'GTTK chung'!$G$4:$G$143,$B40)/10^6 -> 0 | ... N40: =SUMIFS('GTTK chung'!BI$4:BI$143,'GTTK chung'!$G$4:$G$143,$B40)/10^6 -> 32.4376 | O40: =SUM(C40:N40) -> 931.87497 | AG40: Quản Lý Chất Lượng | AH40: Quản Lý Chất Lượng HDPE | AI40: =SUM(AJ40:AU40) -> 205.4326 | AJ40: =SUMIFS('GTTK chung'!AJ$4:AJ$143,'GTTK chung'!$G$4:$G$143,$AH40)/10^6 -> 0 | AK40: =SUMIFS('GTTK chung'!AK$4:AK$143,'GTTK chung'!$G$4:$G$143,$AH40)/10^6 -> 0 | AL40: =SUMIFS('GTTK chung'!AL$4:AL$143,'GTTK chung'!$G$4:$G$143,$AH40)/10^6 -> 0 | AM40: =SUMIFS('GTTK chung'!AM$4:AM$143,'GTTK chung'!$G$4:$G$143,$AH40)/10^6 -> 93.103 | AN40: =SUMIFS('GTTK chung'!AN$4:AN$143,'GTTK chung'!$G$4:$G$143,$AH40)/10^6 -> 0 | AO40: =SUMIFS('GTTK chung'!AO$4:AO$143,'GTTK chung'!$G$4:$G$143,$AH40)/10^6 -> 2.259267 | AP40: =SUMIFS('GTTK chung'!AP$4:AP$143,'GTTK chung'!$G$4:$G$143,$AH40)/10^6 -> 0 | AQ40: =SUMIFS('GTTK chung'!AQ$4:AQ$143,'GTTK chung'!$G$4:$G$143,$AH40)/10^6 -> 0 | ... AU40: =SUMIFS('GTTK chung'!AU$4:AU$143,'GTTK chung'!$G$4:$G$143,$AH40)/10^6 -> 62.42507
B41: Quản Lý Chất Lượng PET | C41: =SUMIFS('GTTK chung'!AX$4:AX$143,'GTTK chung'!$G$4:$G$143,$B41)/10^6 -> 0 | D41: =SUMIFS('GTTK chung'!AY$4:AY$143,'GTTK chung'!$G$4:$G$143,$B41)/10^6 -> 0 | E41: =SUMIFS('GTTK chung'!AZ$4:AZ$143,'GTTK chung'!$G$4:$G$143,$B41)/10^6 -> 0 | F41: =SUMIFS('GTTK chung'!BA$4:BA$143,'GTTK chung'!$G$4:$G$143,$B41)/10^6 -> 0 | G41: =SUMIFS('GTTK chung'!BB$4:BB$143,'GTTK chung'!$G$4:$G$143,$B41)/10^6 -> 25.717932 | H41: =SUMIFS('GTTK chung'!BC$4:BC$143,'GTTK chung'!$G$4:$G$143,$B41)/10^6 -> 69.743085 | I41: =SUMIFS('GTTK chung'!BD$4:BD$143,'GTTK chung'!$G$4:$G$143,$B41)/10^6 -> 0 | J41: =SUMIFS('GTTK chung'!BE$4:BE$143,'GTTK chung'!$G$4:$G$143,$B41)/10^6 -> 86.677685 | ... N41: =SUMIFS('GTTK chung'!BI$4:BI$143,'GTTK chung'!$G$4:$G$143,$B41)/10^6 -> 277.48076 | O41: =SUM(C41:N41) -> 572.17335 | AG41: Quản Lý Chất Lượng | AH41: Quản Lý Chất Lượng PET | AI41: =SUM(AJ41:AU41) -> 2848.221 | AJ41: =SUMIFS('GTTK chung'!AJ$4:AJ$143,'GTTK chung'!$G$4:$G$143,$AH41)/10^6 -> 273.36062 | AK41: =SUMIFS('GTTK chung'!AK$4:AK$143,'GTTK chung'!$G$4:$G$143,$AH41)/10^6 -> 13.202904 | AL41: =SUMIFS('GTTK chung'!AL$4:AL$143,'GTTK chung'!$G$4:$G$143,$AH41)/10^6 -> 132.63109 | AM41: =SUMIFS('GTTK chung'!AM$4:AM$143,'GTTK chung'!$G$4:$G$143,$AH41)/10^6 -> 32.428652 | AN41: =SUMIFS('GTTK chung'!AN$4:AN$143,'GTTK chung'!$G$4:$G$143,$AH41)/10^6 -> 626.80467 | AO41: =SUMIFS('GTTK chung'!AO$4:AO$143,'GTTK chung'!$G$4:$G$143,$AH41)/10^6 -> 276.09208 | AP41: =SUMIFS('GTTK chung'!AP$4:AP$143,'GTTK chung'!$G$4:$G$143,$AH41)/10^6 -> 255.18688 | AQ41: =SUMIFS('GTTK chung'!AQ$4:AQ$143,'GTTK chung'!$G$4:$G$143,$AH41)/10^6 -> 394.27648 | ... AU41: =SUMIFS('GTTK chung'!AU$4:AU$143,'GTTK chung'!$G$4:$G$143,$AH41)/10^6 -> 120.87333
AG43: Nhân sự | AH43: Nhân sự | AI43: =SUM(AJ43:AU43) -> 130.4006 | AJ43: =SUMIFS('GTTK chung'!AJ$4:AJ$143,'GTTK chung'!$G$4:$G$143,$AH43)/10^6 -> 0 | AK43: =SUMIFS('GTTK chung'!AK$4:AK$143,'GTTK chung'!$G$4:$G$143,$AH43)/10^6 -> 0 | AL43: =SUMIFS('GTTK chung'!AL$4:AL$143,'GTTK chung'!$G$4:$G$143,$AH43)/10^6 -> 2 | AM43: =SUMIFS('GTTK chung'!AM$4:AM$143,'GTTK chung'!$G$4:$G$143,$AH43)/10^6 -> 4 | AN43: =SUMIFS('GTTK chung'!AN$4:AN$143,'GTTK chung'!$G$4:$G$143,$AH43)/10^6 -> 4 | AO43: =SUMIFS('GTTK chung'!AO$4:AO$143,'GTTK chung'!$G$4:$G$143,$AH43)/10^6 -> 50.626 | AP43: =SUMIFS('GTTK chung'!AP$4:AP$143,'GTTK chung'!$G$4:$G$143,$AH43)/10^6 -> 15.89291 | AQ43: =SUMIFS('GTTK chung'!AQ$4:AQ$143,'GTTK chung'!$G$4:$G$143,$AH43)/10^6 -> 4 | ... AU43: =SUMIFS('GTTK chung'!AU$4:AU$143,'GTTK chung'!$G$4:$G$143,$AH43)/10^6 -> 4
AG44: Nhân sự | AH44: QTHT | AI44: =SUM(AJ44:AU44) -> 89.752055 | AJ44: =SUMIFS('GTTK chung'!AJ$4:AJ$143,'GTTK chung'!$G$4:$G$143,$AH44)/10^6 -> 0 | AK44: =SUMIFS('GTTK chung'!AK$4:AK$143,'GTTK chung'!$G$4:$G$143,$AH44)/10^6 -> 0 | AL44: =SUMIFS('GTTK chung'!AL$4:AL$143,'GTTK chung'!$G$4:$G$143,$AH44)/10^6 -> 0 | AM44: =SUMIFS('GTTK chung'!AM$4:AM$143,'GTTK chung'!$G$4:$G$143,$AH44)/10^6 -> 0 | AN44: =SUMIFS('GTTK chung'!AN$4:AN$143,'GTTK chung'!$G$4:$G$143,$AH44)/10^6 -> 0 | AO44: =SUMIFS('GTTK chung'!AO$4:AO$143,'GTTK chung'!$G$4:$G$143,$AH44)/10^6 -> 9 | AP44: =SUMIFS('GTTK chung'!AP$4:AP$143,'GTTK chung'!$G$4:$G$143,$AH44)/10^6 -> 0 | AQ44: =SUMIFS('GTTK chung'!AQ$4:AQ$143,'GTTK chung'!$G$4:$G$143,$AH44)/10^6 -> 0 | ... AU44: =SUMIFS('GTTK chung'!AU$4:AU$143,'GTTK chung'!$G$4:$G$143,$AH44)/10^6 -> 0

Sheet GTTK chung
A2: STT | B2: Code 1 | C2: Code 2 | D2: Code hệ thống | E2: LOẠI Ý TƯỞNG | F2: NHÓM SẢN PHẨM | G2: BỘ PHẬN | H2: NỘI DUNG CẢI TIẾN | I2: NỘI DUNG - PHẦN MỀM QUẢN LÝ Ý TƯỞNG | J2: NGÀY CẬP NHẬT | K2: TRƯỞNG DỰ ÁN | L2: TRƯỚC CẢI TIẾN | M2: SAU CẢI TIẾN | N2: File đính kèm | O2: Giá trị tiết kiệm / tấn TP (USD) | P2: Năm tính tiết kiệm | Q2: Tháng tính tiết kiệm | R2: Nội dung trình bày | S2: Ghi nhạn MỚI | T2: KTQT | V2: GIÁ TRỊ TIẾT KIỆM 2026 | AJ2: GIÁ TRỊ TIẾT KIỆM 2025 | AX2: GIÁ TRỊ TIẾT KIỆM 2024
S3: Năm 2025 | V3: T1 | W3: T2 | X3: T3 | Y3: T4 | Z3: T5 | AA3: T6 | AB3: T7 | AC3: T8 | AD3: T9 | AE3: T10 | AF3: T11 | AG3: T12 | AH3: TỔNG | AJ3: T1 | AK3: T2 | AL3: T3 | AM3: T4 | AN3: T5 | AO3: T6 | AP3: T7 | AQ3: T8 | AR3: T9 | AS3: T10 | AT3: T11 | AU3: T12 | AV3: TỔNG | AX3: T1 | AY3: T2 | AZ3: T3 | BA3: T4 | BB3: T5 | BC3: T6 | BD3: T7 | BE3: T8 | BF3: T9 | BG3: T10 | BH3: T11 | BI3: T12 | BJ3: TỔNG | BK3: Check sheet "Trình bày"
A4: =IF(G4<>"",SUBTOTAL(103,$G$4:G4),"") -> 1 | B4: CAITIEN24-001 | C4: SXPET24-001 | D4: 2023-SANXUAT-TK-303 | E4: Giảm tỷ lệ phó sản | F4: PET | G4: SX PET | H4: Cải tiến giảm chai phế chuyền băm | I4: Cải tiến giảm tỷ lệ chai B8 (chai phế) từ 5.8% xuống 2.8% (Giảm 3%) Mỗi tháng ước tính giảm 67.5 T. Lợi ích tiết kiệm 371.250.000 đồng Mỗi năm tiết kiệm 4.455.000.000 đồng (bốn tỷ bốn trăm năm mươi lăm triệu đồng | J4: 21/02/2024 | K4: Trần Trường Giang | L4: Chai B8 được lựa ra -> ép kiện -> lưu kho -> băm lại -> rửa nóng -> rửa lạnh -> phối trộn 25% Tỷ lệ chai B8: 6% | M4: Sắp xếp lại nhân công lựa và trang bị công cụ dao, kéo, kềm để xử lý các chai này trong lúc sản xuất để đưa vào Băm, không lưu kho. Tỷ lệ chai B8: 0% | N4: Link | O4: 20 | P4: 2024 | Q4: 1 | R4: Phân loại chai B8 tại chuyền | AH4: =SUM(V4:AG4) -> 0 | AV4: =SUM(AJ4:AU4) -> 0 | AX4: 104930709 | AY4: 80998381 | AZ4: 144516214 | BA4: 310305600 | BB4: 150463738 | BC4: 91260015 | BD4: 136620660 | BE4: 115502640 | BF4: 151273980 | BJ4: =SUM(AX4:BI4) -> 1285871937 | BK4: =VLOOKUP($D4,'Trình bày'!$A:$A,1,0) -> #N/A
A5: =IF(G5<>"",SUBTOTAL(103,$G$4:G5),"") -> 2 | B5: CAITIEN24-002 | C5: SXPET24-002 | D5: 2023-SANXUAT-TK-706 | E5: Tăng năng suất | F5: PET | G5: SX PET | H5: Cải tiến giảm nhân sự máy trộn | I5: Thực trạng: Máy trộn 5 T và máy trộn Maguire hiện đang vận hành tổng cộng 5 nhân viên: Trong đó 1 xe nâng và 4 vận hành máy Công việc lãng phí gây tốn nhân sự có thể giảm thiểu là: việc cân đong công thức trộn và đóng gói phải dùng gào xúc vảy để đảm bảo khối lượng đóng gói. => Hiện 2 nhân viên phối hợp cân thủ công: => Cải tiến mua xe nâng tay vừa lấy hàng vừa cân đong khối lượng => Giảm 1 nhân công/máy=> 4 máy 4 nhân công. Tổng giảm 8 người Lợi ích: Giảm nhân công thao tác, giảm rơi vảy ra sàn khi sang chiết thủ công. Cải tiến này áp dụng cho 2 máy trộn 10T đang đầu tư Tiết kiệm: 800 triệuđồng/ tháng | K5: Trần Trường Giang | L5: Phó sản sinh ra -> lưu kho -> phân loại -> xử lý theo từng loại phó sản Tỷ lệ zigzag: 4,9% Tỷ lệ Tomra: 3,2% | M5: Phó sản sinh ra -> phân loại + xử lý quay đầu tại chuyền Tỷ lệ zigzag: 0,1% Tỷ lệ Tomra: 0,6% | N5: Link | O5: 29 | P5: 2024 | Q5: 2 | R5: Giảm tỷ lệ vảy tomra | AH5: =SUM(V5:AG5) -> 0 | AV5: =SUM(AJ5:AU5) -> 0 | AX5: - | AY5: 21600000 | AZ5: 19920000 | BF5: 0 | BJ5: =SUM(AX5:BI5) -> 41520000 | BK5: =VLOOKUP($D5,'Trình bày'!$A:$A,1,0) -> 2023-SANXUAT-TK-706
A6: =IF(G6<>"",SUBTOTAL(103,$G$4:G6),"") -> 3 | B6: CAITIEN24-003 | C6: SXPET24-003 | D6: 2023-SANXUAT-TK-705 | E6: Tăng năng suất | F6: PET | G6: SX PET | H6: Cải tiến giảm nhân công chuyền tạo hạt và chuyền rửa | I6: Xe nâng lấy hạt ở máy Starlinger đang sử dụng xe nâng điện lớn tuy nhiên không gian nơi lấy hạt lại quá hẹp. Tiền sử đã xảy xa các vụ va chạm vào thiết bị máy móc làm hư hỏng thiết bị. Để vận hành được xe nâng đó cần phải tốn chi phí thuê 1 nhân viên vận hành xe nâng => Đề án cải tiến: Mua xe nâng điện dắt tay, nhỏ gọn để lấy hạt. Chi phí đầu tư: 85 triệu, không cần thuê tài xế , nhân viên đóng gói tự điều khiển lấy hạt => Lợi ích: Giảm 2 nv xe nâng (1 ca12 giảm 1 người, mỗi ngày 2 ca giảm 2 người). Hạn chế nguy cơ va chạm vào thiết bị máy móc, hạn chế sự cố tai nạn xe nâng. - Lợi nhuận: mỗi năm lợi nhuận 240 triệu đồng chi phí gảm nhân công. Thời gian hoàn vốn: 4 tháng Giảm 1 xe nâng lấy hạt => Chuyển xe nâng cho kho. Tiết kiệm chi phí mua xe nâng cho kho: 470 triệu đồng Tổng giá trị cải tiến: 240 triệu + 470 triệu = 710 triệu | J6: 21/02/2024 | K6: Trần Trường Giang | L6: 1. Chuyền rửa: Vảy sạch được cân bằng cân bàn: Nhân viên đóng gói bao vảy từ máy rửa khi khối lượng gần đầy thì dùng xe nâng dầu nâng lên cân bàn kiểm tra khối lượng, nếu thiếu thì châm thêm, nếu dư thì xúc ra bớt. Nhân công đóng gói: 1 người Nhân công đứng cân: 1 người Xe nâng: 1 2. Tạo hạt: Các vị trí ra hạt dùng xe nâng lớn (dầu hoặc điện) để lấy hạt. Nguy cơ va chạm, mất an toàn lao động và ảnh hưởng khói dầu đến sản phẩm. | M6: 1. Chuyền rửa: Đầu tư xe nâng tay có cân: Bao vảy đặt trên xe nâng có cân -> khi đủ khối lượng thì nhân viên kéo bao ra. Nhân công đóng gói: 1 người => giảm 1 người, 1 xe nâng + 1 tài xế 2. Tạo hạt: Đầu tư xe nâng tay điện. Nhân viên vận hành xử dụng xe nâng tay để lấy hạt => giảm 2 tài xế và xe nâng lớn | N6: Link | O6: 4 | P6: 2024 | Q6: 1 | AH6: =SUM(V6:AG6) -> 0 | AV6: =SUM(AJ6:AU6) -> 0 | AX6: 1.1615837e+08 | AY6: 86409610 | AZ6: 1.1175046e+08 | BA6: 1.1033224e+08 | BB6: 89224170 | BC6: 82239479 | BD6: 65764739 | BE6: 67444084 | BF6: 74761188 | BG6: 88168700 | BH6: 94570587 | BI6: 81503980 | BJ6: =SUM(AX6:BI6) -> 1.0683276e+09 | BK6: =VLOOKUP($D6,'Trình bày'!$A:$A,1,0) -> #N/A
A7: =IF(G7<>"",SUBTOTAL(103,$G$4:G7),"") -> 4 | B7: CAITIEN24-004 | C7: SXHDPE24-001 | D7: 2024-SANXUAT-TK-180 | E7: Tăng năng suất | F7: HDPE | G7: SX HDPE | H7: Cải tiến tăng năng suất máy HD | I7: Hiện tại các máy HD sản lượng nâng suất thấp. Cải tiến: Khảo sát thực tế máy chạy xử lý thắt cổ chai từng công đoạn và nhờ kỹ thuật hiệu chỉnh máy móc thiết bị được tối ưu sản xuất. Bằng chứng các sản phẩm đã tăng năng suất so với routing như máy: - ACTI rửa vảy HD thổi trong 500kg/giờ => 600kg - 800kg/giờ - MOOG rửa vảy Olefin từ 350kg/giờ => 500kg - 700kg/giờ Giá trị mang lại: Giảm giờ công, giảm giờ máy chạy tiêu hao điện năng,.... | K7: Lê Hữu Phước | N7: Link | O7: 38 | P7: 2024 | Q7: 2 | AH7: =SUM(V7:AG7) -> 0 | AV7: =SUM(AJ7:AU7) -> 0 | AX7: 19623664 | AY7: 22166309 | AZ7: 35837215 | BA7: 3573170.1 | BB7: 2038364.6 | BC7: 5338696.6 | BD7: 4785509.6 | BE7: 12771756 | BF7: 8660188.8 | BG7: 31908268 | BH7: 31712998 | BI7: 20655136 | BJ7: =SUM(AX7:BI7) -> 1.9907128e+08 | BK7: =VLOOKUP($D7,'Trình bày'!$A:$A,1,0) -> 2024-SANXUAT-TK-180
A8: =IF(G8<>"",SUBTOTAL(103,$G$4:G8),"") -> 5 | B8: CAITIEN24-005 | C8: SXHDPE24-002 | D8: 2024-SANXUAT-TK-183 | E8: Tăng năng suất | F8: HDPE | G8: SX HDPE | H8: Cải tiến giảm công máy HD | I8: Khảo sát bố trí nhân viên cắt giảm các công đoạn, các thao tác không tạo ra gia trị lớn. Bằng chứng đã giảm nhân viên sắp xếp chạy máy các sản phẩm thấp hơn routing (xem file đính kèm thư mục giá trị cải tiến) như: - Máy NGR-01 tạo hạt MBF01 từ 5 nhân viên/ ca => còn 3 nhân viên/ ca - Máy POLY-01 tạo hạt từ 2 nhân viên => còn 1 nhân viên/ ca | J8: 21/02/2024 | K8: Lê Hữu Phước | N8: Link | O8: 7.5 | P8: 2024 | Q8: 1 | AH8: =SUM(V8:AG8) -> 0 | AV8: =SUM(AJ8:AU8) -> 0 | AX8: 55690500 | AY8: 9157750 | AZ8: 21918750 | BA8: 9527000 | BB8: 25760350 | BC8: 12239500 | BD8: 25791500 | BE8: 54762750 | BF8: 25592000 | BG8: 6299125 | BH8: 20042750 | BI8: 14456750 | BJ8: =SUM(AX8:BI8) -> 281238725 | BK8: =VLOOKUP($D8,'Trình bày'!$A:$A,1,0) -> 2024-SANXUAT-TK-183
A9: =IF(G9<>"",SUBTOTAL(103,$G$4:G9),"") -> 6 | B9: CAITIEN24-006 | C9: SXHDPE24-003 | D9: 2024-SANXUAT-TK-186 | E9: Giảm tỷ lệ phó sản | F9: HDPE | G9: SX HDPE | H9: 04- Xử lý Phó Sản HD Thổi Trong Vảy L2 QMT | I9: PS2 QMT có lẫn rất nhiều vảy HD ép màu dương ( ~ 40 - 50% ). đưa PS này lên máy TAIH để tách lấy lượng vảy HD ép dương này ( HD ép đang rất cần màu dương để đáp ứng nhu cầu thị trường ). Lượng PS2 QMT này đang tồn ~ 100 tấn, và còn phát sinh thêm trong quá trình sản xuất | J9: 45451 | K9: Nguyễn Quang Cảnh | L9: Phó sản loại 2 từ vảy QMT chưa có hướng xử lý để tồn kho | M9: Đem tách màu -> vảy HV01.3 -> tạo ra hạt MBF01. => tăng giá trị sản phẩm | N9: Link | P9: 2024 | Q9: 5 | T9: Danh | AH9: =SUM(V9:AG9) -> 0 | AJ9: 2325523 | AV9: =SUM(AJ9:AU9) -> 2325523 | AX9: - | AY9: - | BB9: 446153370 | BC9: 222153328 | BD9: 0 | BF9: 26012299 | BJ9: =SUM(AX9:BI9) -> 694318997 | BK9: =VLOOKUP($D9,'Trình bày'!$A:$A,1,0) -> 2024-SANXUAT-TK-186
A10: =IF(G10<>"",SUBTOTAL(103,$G$4:G10),"") -> 7 | B10: CAITIEN24-007 | C10: TUDONGHOA24-001 | D10: 2023-VANPHONG-TK-466 | E10: Tăng năng suất | F10: PET | G10: Tự động hóa | H10: Cải Tiến Lột Nhãn | I10: Hiện trạng: sau khi lột nhãn bình 5 gallon, nhân viên phải bỏ bình vào bao, thay bao khi bao đầy, kéo bao lại vị trí máy băm, cấp tay bình lên băng tải máy băm. Cải tiến: 1. Xem xét năng suất lột nhãn hiện tại, có thể bố trí thêm 1 bồn co nhiệt để tăng năng suất lột (1 máy cần 1 người cấp và 2 người lột, 2 máy có thể 1 người cấp và 4 người lột )=> tiết kiệm 1 người cấp vào bồn co 2. Sau khi năng suất lột tương đương năng suất máy băm (~1.5tấn/h), dời vị trí lột nhãn lại trước băng tải máy băm, nhân viên lột nhãn xong thì bỏ bình thẳng vào băng tải => giảm 1 người cấp vào băng tải, giảm công vô bao, kéo bao, dẹp bao.... Với năng suất 50tấn/ tháng, khả năng tiết kiệm rất lớn. | J10: 21/02/2024 | K10: Nguyễn Minh Tâm | L10: Lột nhãn bằng tay -> bỏ bình sau lột nhãn vào bao Jumbo -> kéo bao Jumbo đến máy băm để băm. Khâu lột nhãn : cần 5 người Khâu băm: cần 2 người Tổng cộng: 7 người | M10: 1. Lắp đặt máy khò nhiệt để dễ lột nhãn 2. Đặt máy khò gần máy băm 3. Công nhân lột nhãn nhanh -> bỏ thẳng và băng tải dẫn lên máy băm => tiết kiêm được 2 nhân công => nhân sự cần cho công đoạn này: 5 người | N10: Link | O10: 10 | P10: 2024 | Q10: 1 | R10: Cải tiến lột nhãn bình lavie 5 gallon + cấp liệu vào máy băm CARN-01 | AH10: =SUM(V10:AG10) -> 0 | AV10: =SUM(AJ10:AU10) -> 0 | AX10: 24239333 | AY10: 17903333 | AZ10: 36588667 | BA10: 15791333 | BB10: 23183333 | BC10: 35855333 | BD10: 30575333 | BE10: 26351333 | BF10: 26400000 | BG10: 0 | BJ10: =SUM(AX10:BI10) -> 236887998 | BK10: =VLOOKUP($D10,'Trình bày'!$A:$A,1,0) -> 2023-VANPHONG-TK-466
A11: =IF(G11<>"",SUBTOTAL(103,$G$4:G11),"") -> 8 | B11: CAITIEN24-008 | C11: TUDONGHOA24-002 | D11: RECKT-23.182.045 | E11: Tự động hóa | F11: PET | G11: Tự động hóa | H11: Cải tiến xả vảy bao jumbo tự động | J11: 21/02/2024 | K11: Nguyễn Minh Tâm | L11: - Xe nâng nâng bao vảy lên vị trí khung đỡ để nhân viên mở đáy bao -> đặt lên khung -> nhân viên này phụ trách xả vảy ra khỏi bao (thường xuyên dùng dụng cụ tác động vào bao để vảy rơi xuống) - Mỗi trạm xả bao cần xe nâng và 1 nhân viên đứng xả vảy | M11: Lắp đặt Palang xả bao tự động: nhân viên dùng xe nâng tay kéo bao Jumbo đến vị trí cần nạp liêu, dùng Palang cẩu bao lên và bấm nút xả bao tự động. (Palang có hệ thống vỗ bao tự động) => Giảm 1 xe nâng và 0,5 công | N11: Link | P11: 2024 | Q11: 1 | AH11: =SUM(V11:AG11) -> 0 | AV11: =SUM(AJ11:AU11) -> 0 | AX11: 386361250 | AY11: 92051947 | AZ11: 131326790 | BA11: 108801000 | BB11: 114861900 | BC11: 103701600 | BD11: 57646800 | BE11: 63532800 | BF11: 91345371 | BG11: 123447771 | BH11: 120913371 | BI11: 103172571 | BJ11: =SUM(AX11:BI11) -> 1497163171 | BK11: =VLOOKUP($D11,'Trình bày'!$A:$A,1,0) -> RECKT-23.182.045
A12: =IF(G12<>"",SUBTOTAL(103,$G$4:G12),"") -> 9 | B12: CAITIEN24-009 | C12: TUDONGHOA24-003 | D12: 2023-VANPHONG-TK-560 | E12: Tăng năng suất | F12: PET | G12: Tự động hóa | H12: Cải tiến quy trình lựa chai trên chuyền băm PET1, PET 2 | I12: Chuyền băm PET: Công nhân lựa chai còn nhiều thao tác thừa, 1 người làm nhiều việc chưa tối ưu hiệu suất. Cải tiến: Lắp thêm thanh chia đôi băng tải và 2 thanh giới hạn băng tải 2 bên, áp dụng quy trình lựa chai mới: 2 người đầu chỉ lựa và lấy chai ra, 4 người tiếp theo chỉ lột nhãn. Giá trị tiết kiệm: Chuyền băm 1: giảm từ 8 còn 6 người/ca Chuyền băm 2: Có thể giảm từ 10 còn 8 người/ca. Đã triển khai trên chuyền băm 1 và đang làm cho chuyền băm 2, dự kiến ngày 6/12 sẽ lắp đặt. | J12: 21/02/2024 | K12: Nguyễn Minh Tâm | L12: Trên băng tải lựa chai của chuyển băm 1 và 2 các nhân viên vừa lựa chai và xử lý nhãn. Chuyền Băm 1: cần 8 người Chuyền Băm 2: cần 10 người | M12: Lắp thêm các vách ngăn bằng inox, phân 2 người đầu tiên chỉ lựa chai, chai còn nhãn thì bỏ vào vách ngăn inox để những người tiếp theo xử lý lột nhãn rồi bỏ chai lại vào băng tải. Chuyền Băm 1: cần 6 người => tiết kiệm 2 người Chuyền Băm 2: cần 9 người => tiết kiệm 1 người | N12: Link | O12: 2.4 | P12: 2024 | Q12: 1 | AH12: =SUM(V12:AG12) -> 0 | AV12: =SUM(AJ12:AU12) -> 0 | AX12: 63360000 | AY12: 39195200 | AZ12: 70976400 | BA12: 66528000 | BB12: 92928000 | BC12: 42240000 | BD12: 57024000 | BE12: 52800000 | BF12: 42240000 | BG12: 41184000 | BH12: 47520000 | BI12: 44352000 | BJ12: =SUM(AX12:BI12) -> 660347600 | BK12: =VLOOKUP($D12,'Trình bày'!$A:$A,1,0) -> 2023-VANPHONG-TK-560
A13: =IF(G13<>"",SUBTOTAL(103,$G$4:G13),"") -> 10 | B13: CAITIEN24-010 | C13: PHONGMUA24-001 | E13: Kiểm soát giá mua | F13: CHUNG | G13: Phòng Mua | H13: Đàm phán/Tìm nhà cung cấp với giá cả tốt hơn | J13: 45599 | K13: Tăng Khánh Tùng | N13: Link | O13: 3 | P13: 2024 | Q13: 1 | T13: Diễm | AH13: =SUM(V13:AG13) -> 0 | AJ13: 1471270900 | AK13: 369184226 | AL13: 124330739 | AM13: 442386366 | AN13: 1012228539 | AO13: 439632993 | AP13: 1513628125 | AQ13: 2022914472 | AR13: 194098996 | AS13: 6750210 | AT13: 92094600 | AV13: =SUM(AJ13:AU13) -> 7688520166 | AX13: 28443000 | AY13: 41204000 | AZ13: 901893375 | BA13: 668329146 | BB13: 229238473 | BC13: 124531585 | BD13: 28271900 | BE13: 434304485 | BF13: 7403465480 | BG13: 42219000 | BH13: 143238519 | BI13: 14459268 | BJ13: =SUM(AX13:BI13) -> 10059598231 | BK13: =VLOOKUP($D13,'Trình bày'!$A:$A,1,0) -> #N/A
A14: =IF(G14<>"",SUBTOTAL(103,$G$4:G14),"") -> 11 | B14: CAITIEN24-011 | C14: KYTHUAT24-001 | E14: Kiểm soát giá mua | F14: PET | G14: Kỹ Thuật | H14: Thay đổi NCC mua lưới lọc Starlinger | J14: Tháng 1/2023 | K14: Ngô Quốc Huy | N14: Link | P14: 2024 | Q14: 1 | AH14: =SUM(V14:AG14) -> 0 | AV14: =SUM(AJ14:AU14) -> 0 | AX14: =2467275641/12 -> 2.056063e+08 | BF14: 0 | BJ14: =SUM(AX14:BI14) -> 2.056063e+08 | BK14: =VLOOKUP($D14,'Trình bày'!$A:$A,1,0) -> #N/A
A15: =IF(G15<>"",SUBTOTAL(103,$G$4:G15),"") -> 12 | B15: CAITIEN24-012 | C15: KYTHUAT24-002 | E15: Kiểm soát giá mua | F15: PET | G15: Kỹ Thuật | H15: Đổi nhà cung cấp khuôn Starlinger | J15: Tháng 1/2023 | K15: Ngô Quốc Huy | N15: Link | P15: 2024 | Q15: 1 | AH15: =SUM(V15:AG15) -> 0 | AV15: =SUM(AJ15:AU15) -> 0 | AX15: =14408180/12 -> 1200681.7 | BF15: 0 | BJ15: =SUM(AX15:BI15) -> 1200681.7 | BK15: =VLOOKUP($D15,'Trình bày'!$A:$A,1,0) -> #N/A
A16: =IF(G16<>"",SUBTOTAL(103,$G$4:G16),"") -> 13 | B16: CAITIEN24-013 | C16: KYTHUAT24-003 | D16: 2024-KT-CTST-64 | E16: Giảm hao hụt trong sản xuất | F16: PET | G16: Kỹ Thuật | H16: Sử dụng hỗn hợp hóa chất tẩy rửa các chuyền băm rửa để vệ sinh bộ trao đổi nhiệt dầu của các máy chân không của các máy starlinger. Giảm thời gian vệ sinh , Hiệu quả vệ sinh rất tốt, tiết kiệm hơn nhiều so với sử dụng RP7 vệ sinh | I16: Sử dụng hỗn hợp hóa chất tẩy rửa các chuyền băm rửa để vệ sinh bộ trao đổi nhiệt dầu của các máy chân không của các máy starlinger. Giảm thời gian vệ sinh , Hiệu quả vệ sinh rất tốt, tiết kiệm hơn nhiều so với sử dụng RP7 vệ sinh | J16: Tháng 3/2024 | K16: Nguyễn Minh Thiện | L16: sử dụng RP7 vệ sinh bộ trao đổi nhiệt dầu của các máy tạo hạt Starlinger, chân không máy SSP | M16: Sử dụng hóa chất NAOH thay cho chai RP7 = > 1. Tăng thời hạn sử dụng thiết bị từ 2 năm -> 4 năm -> giảm chi phí thiết bị 2. giảm chi phí vệ sinh | N16: Link | O16: 0.3 | P16: 2024 | Q16: 3 | T16: Danh | AH16: =SUM(V16:AG16) -> 0 | AJ16: 19545754 | AK16: 19545754 | AV16: =SUM(AJ16:AU16) -> 39091508 | AZ16: 19545754 | BA16: 19545754 | BB16: 19545754 | BC16: 19545754 | BD16: 19545754 | BE16: 19545754 | BF16: 19545754 | BG16: 19545754 | BH16: 19545754 | BI16: 19545754 | BJ16: =SUM(AX16:BI16) -> 1.9545754e+08 | BK16: =VLOOKUP($D16,'Trình bày'!$A:$A,1,0) -> 2024-KT-CTST-64
A17: =IF(G17<>"",SUBTOTAL(103,$G$4:G17),"") -> 14 | B17: CAITIEN24-014 | C17: KYTHUAT24-004 | D17: 2024-KT-CTST-56 | E17: Tăng năng suất | F17: PET | G17: Kỹ Thuật | H17: Hiện tại trên chuyền starlinger 01, 02 có hệ phối trộn liệu. Nguồn vảy tạo hạt đa phần đến từ các công thức trộn. Ý tưởng: Sử dụng hệ trộn liệu này để trộn liệu, nguồn liệu nạp vào không cần trộn trước. | I17: Hiện tại trên chuyền starlinger 01, 02 có hệ phối trộn liệu. Nguồn vảy tạo hạt đa phần đến từ các công thức trộn. Ý tưởng: Sử dụng hệ trộn liệu này để trộn liệu, nguồn liệu nạp vào không cần trộn trước. | J17: Tháng 3/2024 | K17: Ngô Quốc Huy | L17: Sử dụng máy MIX để trộn nguyên liệu -> đưa vào bồn trộn của máy để nạp liệu | M17: ở chuyền Starlinger 1 và 2 tận dụng bồn trộn liệu có sẵn trên máy để trộn liệu, không cần trộn trước. => tiết kiệm 1 nhân công, chi phí điện | N17: Link | O17: 6.2 | P17: 2024 | Q17: 3 | T17: Danh | AH17: =SUM(V17:AG17) -> 0 | AJ17: 100639554 | AK17: 84473783 | AV17: =SUM(AJ17:AU17) -> 185113337 | AX17: 0 | AY17: 0 | AZ17: 4932962.4 | BA17: 48896451 | BB17: 79878708 | BC17: 70655250 | BD17: 23625935 | BE17: 21895382 | BF17: 69502565 | BG17: 76283010 | BH17: 1.147519e+08 | BI17: 64621271 | BJ17: =SUM(AX17:BI17) -> 5.7504343e+08 | BK17: =VLOOKUP($D17,'Trình bày'!$A:$A,1,0) -> 2024-KT-CTST-56
A18: =IF(G18<>"",SUBTOTAL(103,$G$4:G18),"") -> 15 | B18: CAITIEN24-015 | C18: KYTHUAT24-005 | D18: 2024-NL-CTST-63 | E18: Tăng năng suất | F18: HDPE | G18: Kỹ Thuật | H18: Vệ sinh lưới lọc Ettlinger bằng máy vệ sinh chân không : Bộ lọc nhựa Ettlinger sau thời gian khoảng 7 ngày sử dụng tạp chất sẽ bám lên bề mặt lưới nên cần tháo ra để vệ sinh bằng lò đốt trong môi trường chân không để đảm bảo hiệu quả sử dụng. | I18: Trước đây việc vệ sinh lọc ETTLINGER cần gửi qua Malaysia với chi phí khoảng 700 USD trong thời gian 2 tuần Cải tiến đầu tư thiết bị vệ sinh chân không để vệ sinh lọc ETTLINGER ở tại nhà máy tiết kiệm chi phí & thời gian | J18: Tháng 4/2024 | K18: Nguyễn Ngọc Liễu | L18: Trước đây việc vệ sinh lọc ETTLINGER cần gửi qua Malaysia với chi phí khoảng 700 USD trong thời gian 4 tuần | M18: Cải tiến đầu tư thiết bị vệ sinh chân không để vệ sinh lọc ETTLINGER ở tại nhà máy t => tiết kiệm chi phí & thời gian chờ. | N18: Link | O18: 2.6 | P18: 2024 | Q18: 4 | T18: Danh | AH18: =SUM(V18:AG18) -> 0 | AJ18: 20662785 | AK18: 20662785 | AL18: 20662785 | AV18: =SUM(AJ18:AU18) -> 61988355 | BA18: 20662785 | BB18: 20662785 | BC18: =247953420/12 -> 20662785 | BD18: 20662785 | BE18: 20662785 | BF18: 20662785 | BG18: 20662785 | BH18: 20662785 | BI18: 20662785 | BJ18: =SUM(AX18:BI18) -> 185965065 | BK18: =VLOOKUP($D18,'Trình bày'!$A:$A,1,0) -> 2024-NL-CTST-63
A19: =IF(G19<>"",SUBTOTAL(103,$G$4:G19),"") -> 16 | B19: CAITIEN24-016 | C19: KYTHUAT24-006 | D19: 2024-KT-TK-39 | E19: Kiểm soát giá mua | F19: HDPE | G19: Kỹ Thuật | H19: Thay đổi NCC vật tư phụ kiện cho bộ lọc Ettlinger ( dao cạo phế và lưới lọc ) | I19: Lọc Ettlinger hiện tại sử dụng trên máy tạo hạt NGR-01 với giá trị cao NCC mới báo giá bộ lọc giá rẻ hơn 70% so với NCC hiện hữu | J19: Tháng 5/2024 | K19: Ngô Quốc Huy | L19: Mua bộ vật tư phụ kiện cho bộ lọc Ettlinger nhà cung cấp | N19: Link | O19: 15 | P19: 2024 | Q19: 5 | T19: Danh | AH19: =SUM(V19:AG19) -> 0 | AJ19: 4160044 | AK19: 73747994 | AL19: 4160043.4 | AM19: 4160044 | AN19: 4160043 | AP19: 215954214 | AQ19: 4162391 | AR19: 212274784 | AV19: =SUM(AJ19:AU19) -> 5.2277956e+08 | AX19: 0 | AY19: 0 | AZ19: 0 | BA19: 0 | BB19: 0 | BC19: 0 | BD19: 0 | BE19: 0 | BF19: 0 | BG19: 0 | BH19: 77908037 | BJ19: =SUM(AX19:BI19) -> 77908037 | BK19: =VLOOKUP($D19,'Trình bày'!$A:$A,1,0) -> 2024-KT-TK-39
A20: =IF(G20<>"",SUBTOTAL(103,$G$4:G20),"") -> 17 | B20: CAITIEN24-017 | C20: KYTHUAT24-007 | D20: 2024-DTR-TK-206 | E20: Tăng năng suất | F20: PET | G20: Kỹ thuật | H20: Sủ dụng cùm dao 24 dao/cụm thay cho cùm dao 20 dao/cụm trên máy starlinger 3 | I20: CẢI TIẾN TĂNG SỐ LƯỢNG DAO CẮT TRÊN CÙM DAO CẮT MÁY STARLINGER 330 TỪ 20 DAO/ CÙM LÊN 24 DAO / CÙM. MỤC ĐÍCH GIẢM TỐC ĐỘ DAO CẮT TĂNG TUỔI THỌ CÁC THIẾT BỊ TRÊN MÁY, TĂNG THỜI GIAN SỦ DỤNG KHUÔN DAO, GIẢM SỐ LẦN DỪNG MÁY THAY KHUÔN DAO | J20: Tháng 5/2024 | K20: Phạm Thanh Thái | N20: Link | O20: 4.5 | P20: 2024 | Q20: 5 | T20: Danh | AH20: =SUM(V20:AG20) -> 0 | AJ20: 112657694 | AK20: 87741300 | AL20: 170766283 | AM20: 151634053 | AV20: =SUM(AJ20:AU20) -> 5.2279933e+08 | AX20: 0 | AY20: 0 | AZ20: 0 | BA20: 0 | BB20: 1.6658389e+08 | BC20: 1.4344724e+08 | BD20: 4538343.1 | BE20: 61509839 | BF20: 1.0279161e+08 | BG20: 1.3912364e+08 | BH20: 1.5848606e+08 | BI20: 1.492314e+08 | BJ20: =SUM(AX20:BI20) -> 9.2571202e+08 | BK20: =VLOOKUP($D20,'Trình bày'!$A:$A,1,0) -> 2024-DTR-TK-206
A21: =IF(G21<>"",SUBTOTAL(103,$G$4:G21),"") -> 18 | B21: CAITIEN24-018 | C21: KYTHUAT24-008 | D21: 2024-KT-TK-182 | E21: Giảm hao hụt trong sản xuất | F21: PET | G21: Kỹ Thuật | H21: Cải tiến tái sử dụng lọc tách từ vacuum chân không star ,SSP cho bộ lọc tách dầu bôi trơn trục cánh hút vacuum hệ booster SSP star -3. thay vì sử dụng lọc mới mất chi phí 63 triệu/năm .đây là vị trí có thể tái sử dụng các lọc vacuum để tiết kiệm 63 triệu/năm. | I21: Cải tiến tái sử dụng lọc tách từ vacuum chân không star ,SSP cho bộ lọc tách dầu bôi trơn trục cánh hút vacuum hệ booster SSP star -3. thay vì sử dụng lọc mới mất chi phí 63 triệu/năm .đây là vị trí có thể tái sử dụng các lọc vacuum để tiết kiệm 63 triệu/năm. | J21: Tháng 5/2025 | K21: Nguyễn Thành Thức | N21: Link | O21: 0.1 | P21: 2024 | Q21: 5 | T21: Danh | AH21: =SUM(V21:AG21) -> 0 | AK21: 6864375 | AL21: 5557125 | AM21: 5062313 | AV21: =SUM(AJ21:AU21) -> 17483813 | AX21: 0 | AY21: 0 | AZ21: 0 | BA21: 0 | BB21: 5228343.8 | BC21: 4752956.2 | BD21: 0 | BE21: 2628937.5 | BF21: 3844312.5 | BG21: 4541250 | BH21: 5102343.8 | BI21: 4612125 | BJ21: =SUM(AX21:BI21) -> 30710269 | BK21: =VLOOKUP($D21,'Trình bày'!$A:$A,1,0) -> 2024-KT-TK-182
A22: =IF(G22<>"",SUBTOTAL(103,$G$4:G22),"") -> 19 | B22: CAITIEN24-019 | C22: KYTHUAT24-009 | D22: 2024-KT-TK-290 | E22: Tăng năng suất | F22: PET | G22: Kỹ Thuật | H22: Cải tiến thay thế dầu vacuum star,SSP hiện tại S2 B100 chu kỳ thay dầu 1000H và số lần ngưng máy 8 lần /1 năm/máy .Sử dụng dầu thay thế MILES SB COMP OIL 100 chu kỳ thay dầu 2000H và số lần ngưng máy 4 lần/1 năm/máy . => Giảm chi phí thay dầu gần 29 triệu /1 năm và giảm thời gian ngừng máy mang lại giá trị và lợi nhuận thành phẩm cho công ty 144 tấn /năm = 3,6 tỉ | I22: Cải tiến thay thế dầu vacuum star,SSP hiện tại S2 B100 chu kỳ thay dầu 1000H và số lần ngưng máy 8 lần /1 năm/máy .Sử dụng dầu thay thế MILES SB COMP OIL 100 chu kỳ thay dầu 2000H và số lần ngưng máy 4 lần/1 năm/máy . => Giảm chi phí thay dầu gần 29 triệu /1 năm và giảm thời gian ngừng máy mang lại giá trị và lợi nhuận thành phẩm cho công ty 144 tấn /năm = 3,6 tỉ | J22: Tháng 5/2024 | K22: Nguyễn Thành Thức | N22: Link | O22: 0.6 | P22: 2024 | Q22: 5 | AH22: =SUM(V22:AG22) -> 0 | AV22: =SUM(AJ22:AU22) -> 0 | AX22: 0 | AY22: 0 | AZ22: 0 | BA22: 0 | BB22: 0 | BC22: 33055526 | BD22: 1.4550663e+08 | BE22: 0 | BF22: 7652473.7 | BG22: 0 | BH22: 0 | BI22: 189000000 | BJ22: =SUM(AX22:BI22) -> 3.7521463e+08 | BK22: =VLOOKUP($D22,'Trình bày'!$A:$A,1,0) -> 2024-KT-TK-290
A23: =IF(G23<>"",SUBTOTAL(103,$G$4:G23),"") -> 20 | B23: CAITIEN24-020 | C23: KTQT24-001 | D23: 240607002 | E23: Kiểm soát giá mua | F23: CHUNG | G23: Kế Toán Quản Trị | H23: Deal giá NCC | I23: Thay đổi nhà may đồng phục công ty từ Chánh Đakao (áo sơ mi, quần áo bảo vệ), Duyên Trang (áo thun các màu) sang nhà may Sư Tử Vàng giá thành thấp hơn để tiết kiệm chi phí | K23: Nguyễn Thị Thanh Diễm | L23: Nhà cung cấp đồng phục Chánh ĐaKao - Áo sơ mi nhân viên: 445.000 đ/áo - Quần bảo vệ: 445.000 đ/quần - Áo bảo vệ: 380.000 đ/áo | M23: Nhà cung cấp đồng phục Sư tử Vàng - Áo sơ mi nhân viên: 240.000 / áo - Quần bảo vệ: 250.000 / quần - Áo bảo vệ: 240.000 / áo | N23: Link | O23: 0.17164229 | P23: 2024 | Q23: 6 | AH23: =SUM(V23:AG23) -> 0 | AV23: =SUM(AJ23:AU23) -> 0 | BC23: 115330729 | BF23: 0 | BG23: 13760000 | BJ23: =SUM(AX23:BI23) -> 129090729 | BK23: =VLOOKUP($D23,'Trình bày'!$A:$A,1,0) -> #N/A
A24: =IF(G24<>"",SUBTOTAL(103,$G$4:G24),"") -> 21 | B24: CAITIEN24-021 | C24: KTTC24-001 | D24: 240723008 | E24: Khác | F24: CHUNG | G24: Kế Toán Tài Chính | H24: Hoàn tiền thuế trước thời hạn | I24: Hoàn thuế: chuẩn bị tốt hồ sơ hoàn thuế để cơ quan thuế xem xét hồ sơ theo loại hình hoàn trước, kiểm sau--> Cơ quan thuế sẽ giải quyết hồ sơ trong vòng 6 ngày làm việc--> Công ty sẽ nhận được tiền hoàn thuế Nếu hồ sơ không tốt (có rủi ro) Cơ quan thuế sẽ xem xét hồ sơ theo loại hình kiểm trước, hoàn sau khoảng 60 ngày làm việc-->Công ty sẽ nhận được tiền hoàn thuế | K24: Phạm Huỳnh Ý Nhi | N24: Link | O24: 0.35993032 | P24: 2024 | Q24: 7 | T24: Danh | AH24: =SUM(V24:AG24) -> 0 | AJ24: 128373614 | AV24: =SUM(AJ24:AU24) -> 128373614 | BD24: 241846142 | BF24: 0 | BJ24: =SUM(AX24:BI24) -> 241846142 | BK24: =VLOOKUP($D24,'Trình bày'!$A:$A,1,0) -> #N/A
A25: =IF(G25<>"",SUBTOTAL(103,$G$4:G25),"") -> 22 | B25: CAITIEN24-022 | C25: KTTC24-002 | D25: 240723007 | E25: Khác | F25: CHUNG | G25: Kế Toán Tài Chính | H25: Bán USD | I25: Tiết kiệm về việc bán USD trong các lần giao dịch: thương lượng giữa các ngân hàng để bán USD cao hơn giá niêm yết tại các ngân hàng | K25: Phạm Huỳnh Ý Nhi | N25: Link | O25: 0.93502825 | P25: 2024 | Q25: 7 | T25: Danh | AH25: =SUM(V25:AG25) -> 0 | AJ25: 159050000 | AV25: =SUM(AJ25:AU25) -> 159050000 | AX25: 0 | AY25: 72000000 | AZ25: 56000000 | BA25: 80000000 | BB25: 63000000 | BC25: 90000000 | BD25: 49768750 | BE25: 456380000 | BF25: 478000000 | BG25: 166060000 | BH25: 238780000 | BI25: 555130000 | BJ25: =SUM(AX25:BI25) -> 2305118750 | BK25: =VLOOKUP($D25,'Trình bày'!$A:$A,1,0) -> #N/A
A26: =IF(G26<>"",SUBTOTAL(103,$G$4:G26),"") -> 23 | B26: CAITIEN24-023 | C26: KTTC24-003 | D26: 240724007 | E26: Khác | F26: CHUNG | G26: Kế Toán Tài Chính | H26: Đảo nợ | I26: Đảo nợ ngân hàng: trả nợ khoản vay với lãi suất trước kỳ hạn, vay lại với lãi suất thấp hơn lãi suất ban đầu | K26: Phạm Huỳnh Ý Nhi | N26: Link | O26: 0.1 | P26: 2024 | Q26: 7 | AH26: =SUM(V26:AG26) -> 0 | AV26: =SUM(AJ26:AU26) -> 0 | AX26: 0 | AY26: 0 | AZ26: 0 | BA26: 0 | BB26: 35351589 | BC26: 0 | BD26: 0 | BE26: 2.5560856e+08 | BF26: 0 | BG26: 0 | BH26: 0 | BI26: 0 | BJ26: =SUM(AX26:BI26) -> 2.9096014e+08 | BK26: =VLOOKUP($D26,'Trình bày'!$A:$A,1,0) -> #N/A
A27: =IF(G27<>"",SUBTOTAL(103,$G$4:G27),"") -> 24 | B27: CAITIEN24-024 | C27: SXHDPE24-004 | D27: 240624005 | E27: Gia tăng giá trị phó sản | F27: HDPE | G27: Quản Lý Chất Lượng HDPE | H27: Sử dụng phó sản để tạo hạt thành phẩm: - Trước cải tiến: Phó sản 1,2 sau tách màu sẽ được lưu kho không có giá trị cao, chưa có hướng xử lý. - Sau cải tiến: Tạo mã BTP (SP-HV-01.4, SP-HV-01.5) phù hợp tiêu chuẩn cho PS1,2 sau tách màu. BTP SP-HV-01.4, SP-HV-01.5 sẽ được phối trộn để tạo ra hạt thành phẩm MBF01, rHDB03N02, rHDB03N03. Các mã này sẽ được bán cho các khách hàng không yêu cầu về màu sắc đại trà. | I27: Sử dụng phó sản để tạo hạt thành phẩm: - Trước cải tiến: Phó sản 1,2 sau tách màu sẽ được lưu kho không có giá trị cao, chưa có hướng xử lý. - Sau cải tiến: Tạo mã BTP (SP-HV-01.4, SP-HV-01.5) phù hợp tiêu chuẩn cho PS1,2 sau tách màu. BTP SP-HV-01.4, SP-HV-01.5 sẽ được phối trộn để tạo ra hạt thành phẩm MBF01, rHDB03N02, rHDB03N03. Các mã này sẽ được bán cho các khách hàng không yêu cầu về màu sắc đại trà. | K27: Sầm Minh Tuấn | L27: Phó sản 1,2 sau tách màu được lưu kho ngoài trời không có giá trị cao, chưa có hướng xử lý, chiếm diện tích kho. | M27: Tạo mã bán thành phẩm (SP-HV-01.4, SP-HV-01.5) phù hợp tiêu chuẩn cho phó sản 1,2 sau tách màu. Bán thành phẩm SP-HV-01.4, SP-HV-01.5 sẽ được phối trộn để tạo ra hạt thành phẩm MBF01, rHDB03N02, rHDB03N03. Các mã này sẽ được bán cho các khách hàng không yêu cầu về màu sắc đại trà. | N27: Link | P27: 2024 | Q27: 7 | AH27: =SUM(V27:AG27) -> 0 | AV27: =SUM(AJ27:AU27) -> 0 | BD27: 356466542 | BF27: 0 | BJ27: =SUM(AX27:BI27) -> 356466542 | BK27: =VLOOKUP($D27,'Trình bày'!$A:$A,1,0) -> 240624005
A28: =IF(G28<>"",SUBTOTAL(103,$G$4:G28),"") -> 25 | B28: CAITIEN24-025 | C28: TUDONGHOA24-004 | D28: 240719002 | E28: Tự động hóa | F28: PET | G28: Tự động hóa | H28: Cải tiến phối hợp với SX.PET giảm xe nâng dầu trong F03 (GTTK chia 2) : Tâm đăng ký ý tưởng làm 3 Palang cấp kiện - GĐ 1 | K28: Nguyễn Minh Tâm | L28: Cần 2 xe nâng + 7 nhân viên cho các vị trí + Nạp liệu RN2, RN3, RL3. + Nạp kiện chuyền Băm 1, 2, 3 | M28: + Nạp liệu RN2, RN3, RL3: Lắp hệ palang xả bao, dùng xe nâng kéo tay điện chuyển bao tới. + Nạp kiện chuyền Băm 1,2,3: Lắp hệ palang cấp kiện, dùng xe nâng kéo tay điện chuyển kiện tới. | N28: Link | P28: 2024 | Q28: 8 | T28: Danh | AH28: =SUM(V28:AG28) -> 0 | AK28: 58000000 | AL28: 20791199 | AM28: 19781549 | AN28: 39376622 | AO28: 35929208 | AP28: 37808824 | AQ28: 38803463 | AV28: =SUM(AJ28:AU28) -> 250490865 | BF28: =30014571.4285714/2 -> 15007286 | BG28: =30014571.4285714/2 -> 15007286 | BH28: =30014571.4285714/2 -> 15007286 | BI28: =30014571.4285714/2 -> 15007286 | BJ28: =SUM(AX28:BI28) -> 60029143 | BK28: =VLOOKUP($D28,'Trình bày'!$A:$A,1,0) -> #N/A
A29: =IF(G29<>"",SUBTOTAL(103,$G$4:G29),"") -> 26 | B29: CAITIEN24-025 | C29: TUDONGHOA24-004 | D29: 240719002 | E29: Tự động hóa | F29: PET | G29: SX PET | H29: Cải tiến phối hợp với SX.PET giảm xe nâng dầu trong F03 (GTTK chia 2) : Tâm đăng ký ý tưởng làm 3 Palang cấp kiện - GĐ 1 | K29: Trần Trường Giang | L29: Cần 2 xe nâng + 7 nhân viên cho các vị trí + Nạp liệu RN2, RN3, RL3. + Nạp kiện chuyền Băm 1, 2, 3 | M29: + Nạp liệu RN2, RN3, RL3: Lắp hệ palang xả bao, dùng xe nâng kéo tay điện chuyển bao tới. + Nạp kiện chuyền Băm 1,2,3: Lắp hệ palang cấp kiện, dùng xe nâng kéo tay điện chuyển kiện tới. | N29: Link | P29: 2024 | Q29: 8 | T29: Danh | AH29: =SUM(V29:AG29) -> 0 | AK29: 58000000 | AL29: 20791199 | AM29: 19781549 | AV29: =SUM(AJ29:AU29) -> 98572748 | BF29: =30014571.4285714/2 -> 15007286 | BG29: =30014571.4285714/2 -> 15007286 | BH29: =30014571.4285714/2 -> 15007286 | BI29: =30014571.4285714/2 -> 15007286 | BJ29: =SUM(AX29:BI29) -> 60029143 | BK29: =VLOOKUP($D29,'Trình bày'!$A:$A,1,0) -> #N/A
A30: =IF(G30<>"",SUBTOTAL(103,$G$4:G30),"") -> 27 | B30: CAITIEN24-025 | C30: TUDONGHOA24-004 | D30: 240719002 | E30: Tự động hóa | F30: PET | G30: Tự động hóa | H30: Cải tiến phối hợp với SX.PET giảm xe nâng dầu trong F03 (GTTK chia 2) : Tâm đăng ký ý tưởng làm 3 Palang cấp kiện - GĐ 2 | K30: Nguyễn Minh Tâm | L30: Cần 2 xe nâng + 7 nhân viên cho các vị trí + Nạp liệu RN2, RN3, RL3. + Nạp kiện chuyền Băm 1, 2, 3 | M30: + Nạp liệu RN2, RN3, RL3: Lắp hệ palang xả bao, dùng xe nâng kéo tay điện chuyển bao tới. + Nạp kiện chuyền Băm 1,2,3: Lắp hệ palang cấp kiện, dùng xe nâng kéo tay điện chuyển kiện tới. | N30: Link | P30: 2024 | Q30: 8 | T30: Nhâm | AH30: =SUM(V30:AG30) -> 0 | AK30: 95500000 | AL30: 67273462 | AM30: 59788479 | AN30: 130199816 | AO30: 123855735 | AP30: 117815351 | AQ30: 110789989 | AR30: 104551617 | AS30: 121157233 | AT30: 108313735 | AU30: 103170063 | AV30: =SUM(AJ30:AU30) -> 1142415480 | BJ30: =SUM(AX30:BI30) -> 0 | BK30: =VLOOKUP($D30,'Trình bày'!$A:$A,1,0) -> #N/A
A31: =IF(G31<>"",SUBTOTAL(103,$G$4:G31),"") -> 28 | B31: CAITIEN24-025 | C31: TUDONGHOA24-004 | D31: 240719002 | E31: Tự động hóa | F31: PET | G31: SX PET | H31: Cải tiến phối hợp với SX.PET giảm xe nâng dầu trong F03 (GTTK chia 2) : Tâm đăng ký ý tưởng làm 3 Palang cấp kiện - GĐ 2 | K31: Trần Trường Giang | L31: Cần 2 xe nâng + 7 nhân viên cho các vị trí + Nạp liệu RN2, RN3, RL3. + Nạp kiện chuyền Băm 1, 2, 3 | M31: + Nạp liệu RN2, RN3, RL3: Lắp hệ palang xả bao, dùng xe nâng kéo tay điện chuyển bao tới. + Nạp kiện chuyền Băm 1,2,3: Lắp hệ palang cấp kiện, dùng xe nâng kéo tay điện chuyển kiện tới. | N31: Link | P31: 2024 | Q31: 8 | T31: Nhâm | AH31: =SUM(V31:AG31) -> 0 | AK31: 95500000 | AL31: 67273462 | AM31: 59788479 | AV31: =SUM(AJ31:AU31) -> 222561941 | BJ31: =SUM(AX31:BI31) -> 0 | BK31: =VLOOKUP($D31,'Trình bày'!$A:$A,1,0) -> #N/A
A32: =IF(G32<>"",SUBTOTAL(103,$G$4:G32),"") -> 29 | B32: CAITIEN24-026 | C32: R&D24-001 | D32: 240731003 | E32: Gia tăng giá trị phó sản | F32: PET | G32: R&D | H32: Cải tiến công thức sản xuất hạt rPET, thay thế nguyên liệu B1/B3 chất lượng A1, A2 bằng nguyên liệu mới/phó sản/chất lượng A3 để tiết kiệm chi phí nguyên liệu và tối ưu năng suất sản xuất | K32: Lâm Hoàng Hảo | L32: Các loại phó sản zigzag, Tomra, B6.2, B5 được lưu kho hoặc nhập về từ Trạm nhưng chưa sử dụng, không có giá trị cao, chưa có hướng xử lý, chiếm diện tích kho. | M32: RnD đã công bố và bàn giao được 8 công thức sản xuất mã hạt chính phẩm iSS01G, WSS01G bằng nguyên liệu phó sản/vảy phân lập chất lượng A3 để tiết kiệm chi phí nguyên liệu và tối ưu năng suất sản xuất, tăng giá trị sản phẩm rPET. | N32: Link | P32: 2024 | Q32: 8 | AH32: =SUM(V32:AG32) -> 0 | AV32: =SUM(AJ32:AU32) -> 0 | BE32: 3324719230 | BF32: 0 | BH32: 21399812 | BJ32: =SUM(AX32:BI32) -> 3346119042 | BK32: =VLOOKUP($D32,'Trình bày'!$A:$A,1,0) -> #N/A
A33: =IF(G33<>"",SUBTOTAL(103,$G$4:G33),"") -> 30 | B33: CAITIEN24-027 | C33: SXHDPE24-004 | D33: 240628008 | E33: Khác | F33: HDPE | G33: SX HDPE | H33: Dự án tiết kiệm chi phí gia công Pallet ONEWAY từ Vảy (Trước cải tiến là từ hạt) | K33: Trần Văn Hiền | N33: Link | P33: 2024 | T33: Danh | AH33: =SUM(V33:AG33) -> 0 | AK33: 91995754 | AL33: 52686468 | AM33: 58407661 | AQ33: 136965300 | AV33: =SUM(AJ33:AU33) -> 340055183 | AX33: - | AY33: - | AZ33: - | BA33: - | BB33: - | BC33: - | BD33: - | BE33: - | BF33: 76499700 | BG33: 0 | BH33: 60145363 | BI33: 60145357 | BJ33: =SUM(AX33:BI33) -> 1.9679042e+08 | BK33: =VLOOKUP($D33,'Trình bày'!$A:$A,1,0) -> 240628008
A34: =IF(G34<>"",SUBTOTAL(103,$G$4:G34),"") -> 31 | B34: CAITIEN24-028 | C34: SXHDPE24-005 | D34: 240824002 | E34: Khác | F34: HDPE | G34: SX HDPE | H34: Dự án tiết kiệm chi phí bao bì cho gia công Pallet ONEWAY. Trước cải tiến sử dụng bao 25 kg => Cải tiến sử dụng bao Jumbo cũ | K34: Trần Văn Hiền | N34: Link | P34: 2024 | AH34: =SUM(V34:AG34) -> 0 | AV34: =SUM(AJ34:AU34) -> 0 | AX34: 480000 | AY34: 0 | AZ34: 960000 | BA34: 0 | BB34: 0 | BC34: 525600 | BD34: 595248 | BE34: 0 | BF34: 0 | BG34: 670080 | BH34: 175248 | BI34: 506496 | BJ34: =SUM(AX34:BI34) -> 3912672 | BK34: =VLOOKUP($D34,'Trình bày'!$A:$A,1,0) -> 240824002
A35: =IF(G35<>"",SUBTOTAL(103,$G$4:G35),"") -> 32 | B35: CAITIEN24-029 | C35: SXHDPE24-006 | D35: 240523002 | E35: Khác | F35: HDPE | G35: SX HDPE | H35: Cải tiến Vảy HDPE MBF01 Mixed không sử dụng Phụ gia TiO2 => Thay thế là Vảy HD Thổi Trắng Sữa HV-02.1 và HV-02.2 | K35: Trần Văn Hiền | N35: Link | P35: 2024 | T35: Danh | AH35: =SUM(V35:AG35) -> 0 | AL35: 12003442 | AM35: 23892796 | AN35: 33465338 | AO35: 11591158 | AV35: =SUM(AJ35:AU35) -> 80952734 | BD35: 44967074 | BE35: 1.1660324e+08 | BF35: 53793542 | BJ35: =SUM(AX35:BI35) -> 2.1536386e+08
A36: =IF(G36<>"",SUBTOTAL(103,$G$4:G36),"") -> 33 | B36: CAITIEN24-029 | C36: SXHDPE24-006 | E36: Khác | F36: CHUNG | G36: Kế Toán Tài Chính | H36: Cung cấp hồ sơ sớm nên khách hàng thanh toán sớm hơn thời hạn trong hợp đồng (Unilever) Cung cấp hồ sơ sớm nên khách hàng thanh toán sớm hơn thời hạn trong hợp đồng (PRO) | K36: Ngô Thị Phượng Hằng | P36: 2024 | AH36: =SUM(V36:AG36) -> 0 | AV36: =SUM(AJ36:AU36) -> 0 | BG36: 28496421 | BJ36: =SUM(AX36:BI36) -> 28496421 | BK36: =VLOOKUP($D36,'Trình bày'!$A:$A,1,0) -> #N/A
A37: =IF(G37<>"",SUBTOTAL(103,$G$4:G37),"") -> 34 | B37: CAITIEN24-029 | C37: SXHDPE24-006 | D37: 241024001 | E37: Khác | F37: CHUNG | G37: Kế Toán Quản Trị | H37: Đề nghị RD không sử dụng vảy B6 trong công thức sản xuất WSS05SB Sử dụng vảy B6.2 để tạo hạt WSS05SB => Giá thành cao, bán không đem lại lợi nhuận Cảnh báo không sử dụng vảy B6.2 để giảm giá thành sản phẩm => RD đã không dùng công thức sản xuất từ B6.2 | K37: Hoàng Thị Nhâm | N37: Link | P37: 2024 | T37: Nhâm | AH37: =SUM(V37:AG37) -> 0 | AJ37: 49335000 | AK37: 73452500 | AL37: 148005000 | AO37: 910045390 | AV37: =SUM(AJ37:AU37) -> 1180837890 | BG37: 2407900000 | BH37: 49335000 | BI37: 1.18382e+09 | BJ37: =SUM(AX37:BI37) -> 3.641055e+09 | BK37: =VLOOKUP($D37,'Trình bày'!$A:$A,1,0) -> #N/A
A38: =IF(G38<>"",SUBTOTAL(103,$G$4:G38),"") -> 35 | D38: 2023-QC-TK-261 | E38: Kiểm soát giá mua | F38: HDPE | G38: Quản Lý Chất Lượng HDPE | H38: Thay đổi Pallet gỗ 1 mặt sang sử dụng Pallet cũ 2 mặt | K38: Sầm Minh Tuấn | N38: Link | O38: =117.954909090909/25 -> 4.7181964 | P38: 2024 | Q38: 1 | R38: Giảm chi phí pallet thành phẩm | AH38: =SUM(V38:AG38) -> 0 | AV38: =SUM(AJ38:AU38) -> 0 | BH38: 368653324 | BI38: 32437600 | BJ38: =SUM(AX38:BI38) -> 401090924
A39: =IF(G39<>"",SUBTOTAL(103,$G$4:G39),"") -> 36 | D39: 241014005 | E39: Kiểm soát giá mua | F39: HDPE | G39: Quản Lý Chất Lượng HDPE | H39: Cải tiến giảm chi phí test chứng nhận Reach của hạt nhựa rHDPE/Test gộp mã cho cùng 1 report giúp tiết kiệm chi phí do cùng công thức nguyên liệu | K39: Sầm Minh Tuấn | N39: Link | P39: 2024 | Q39: 3 | T39: Huyền | AH39: =SUM(V39:AG39) -> 0 | AM39: 93103000 | AV39: =SUM(AJ39:AU39) -> 93103000 | BH39: 174317500 | BJ39: =SUM(AX39:BI39) -> 174317500
A40: =IF(G40<>"",SUBTOTAL(103,$G$4:G40),"") -> 37 | D40: 240829001 | E40: Giảm hao hụt trong sản xuất | F40: PET | G40: Quản Lý Chất Lượng PET | H40: Xây dựng quy trình mới giảm sản lượng hàng bị lỗi IV. | K40: Đặng Lê Châu Đoan | N40: Link | P40: 2024 | T40: Danh | AH40: =SUM(V40:AG40) -> 0 | AJ40: 263204540 | AO40: 47160852 | AP40: 22901340 | AQ40: 55909656 | AV40: =SUM(AJ40:AU40) -> 389176388 | AY40: 0 | AZ40: 0 | BA40: 0 | BB40: 25717932 | BC40: 69743085 | BD40: 0 | BE40: 86677685 | BF40: -5362362.5 | BG40: -3.4714905e+08 | BH40: 3.2490905e+08 | BI40: 2.7748076e+08 | BJ40: =SUM(AX40:BI40) -> 4.320171e+08
A41: =IF(G41<>"",SUBTOTAL(103,$G$4:G41),"") -> 38 | D41: 241004010 | E41: Kiểm soát giá mua | F41: CHUNG | G41: Cung ứng | H41: Tiết kiệm chi phí hợp tác truyền thông với khách hàng | K41: Trần Minh Hoàng | P41: 2024 | AH41: =SUM(V41:AG41) -> 0 | AV41: =SUM(AJ41:AU41) -> 0 | BH41: 309214045 | BJ41: =SUM(AX41:BI41) -> 309214045
A42: =IF(G42<>"",SUBTOTAL(103,$G$4:G42),"") -> 39 | D42: 2024-CTST-289 | E42: Giảm hao hụt trong sản xuất | F42: PET | G42: Kỹ Thuật | H42: Sử dụng B1 để tạo mã hạt iSS084G. Điều chỉnh thông số máy tạo hạt, hệ SSP phù hợp để nâng iV đáp ứng chuẩn hạt 084G | K42: Ngô Quốc Huy | N42: Link | O42: =34*11001980/48640220+N("$34 áp dụng cho mỗi iss1084G => nhân thêm tỷ lệ bán hàng NS25") -> 7.690494 | P42: 2024 | Q42: 9 | T42: Nhâm | AH42: =SUM(V42:AG42) -> 0 | AJ42: 360910735 | AK42: 414056653 | AM42: -2492731 | AN42: =1754618345-659964318 -> 1094654027 | AV42: =SUM(AJ42:AU42) -> 1867128684 | BH42: 1563315823 | BI42: 8.7569093e+08 | BJ42: =SUM(AX42:BI42) -> 2.4390068e+09
A43: =IF(G43<>"",SUBTOTAL(103,$G$4:G43),"") -> 40 | D43: 241204004 | E43: Kiểm soát giá mua | F43: PET | G43: Kỹ Thuật | H43: Chi phí cải tiến nâng cấp hệ chân không cho máy Starlinger-03 là 24,464 EUR ~ 653,996,112 VND Làm việc với NCC Starlinger chi phí cải tiến nâng cấp hệ chân không là miễn phí (Free of Charge) Giá trị tiết kiệm: 24,464 EUR ~ 653,996,112 VND | K43: Huỳnh Tỷ Phú | N43: Link | P43: 2024 | AH43: =SUM(V43:AG43) -> 0 | AV43: =SUM(AJ43:AU43) -> 0 | BD43: 653996112 | BJ43: =SUM(AX43:BI43) -> 653996112
A44: =IF(G44<>"",SUBTOTAL(103,$G$4:G44),"") -> 41 | D44: 241204005 | E44: Kiểm soát giá mua | F44: PET | G44: Kỹ Thuật | H44: Chi phí nâng cấp cho bồn HAD và PDU của máy Starlinger 1 là: 13,084.5 EUR ~ 349,787,938 VND Làm việc trao đổi với NCC Starlinger chi phí để nâng cấp là miễn phí (Free of Charge) | K44: Huỳnh Tỷ Phú | N44: Link | P44: 2024 | AH44: =SUM(V44:AG44) -> 0 | AV44: =SUM(AJ44:AU44) -> 0 | AX44: 349787938 | BJ44: =SUM(AX44:BI44) -> 349787938
A45: =IF(G45<>"",SUBTOTAL(103,$G$4:G45),"") -> 42 | D45: 241204006 | E45: Kiểm soát giá mua | F45: PET | G45: Kỹ Thuật | H45: Chi phí lắp đặt Static Mixer cho máy Starlinger-01 là 5,586.39 EUR ~ 149,340,963 VND Làm việc trao đổi với NCC Starlinger chi phí lắp đặt là miễn phí (Free of Charge | K45: Huỳnh Tỷ Phú | N45: Link | P45: 2024 | AH45: =SUM(V45:AG45) -> 0 | AV45: =SUM(AJ45:AU45) -> 0 | BH45: 149340963 | BJ45: =SUM(AX45:BI45) -> 149340963
A46: =IF(G46<>"",SUBTOTAL(103,$G$4:G46),"") -> 43 | D46: 241204007 | E46: Kiểm soát giá mua | F46: PET | G46: Kỹ Thuật | H46: Tiết kiệm chi phí mua lưới lọc cho máy Starlinger 03 | K46: Huỳnh Tỷ Phú | N46: Link | P46: 2024 | AH46: =SUM(V46:AG46) -> 0 | AV46: =SUM(AJ46:AU46) -> 0 | BH46: 42425271 | BJ46: =SUM(AX46:BI46) -> 42425271
A47: =IF(G47<>"",SUBTOTAL(103,$G$4:G47),"") -> 44 | D47: 241004004 | E47: Tự động hóa | F47: PET | G47: Quản Lý Chất Lượng PET | H47: Cải tiến tự động hóa công việc, giảm thời gian thao tác, tiết kiệm CP: Việc tạo batch cho từng bao thành phẩm để kiểm soát hàng có thể giao và tuổi kho mất 5-6 tiếng/ngày/nhân sự. Ý tưởng giải quyết vấn đề: tạo chương trình để upload thông tin một cách tự động lên SAP, mỗi lần load mất 5 phút | K47: Đặng Lê Châu Đoan | P47: 2024 | AH47: =SUM(V47:AG47) -> 0 | AV47: =SUM(AJ47:AU47) -> 0 | BH47: 140156250 | BJ47: =SUM(AX47:BI47) -> 140156250
A48: =IF(G48<>"",SUBTOTAL(103,$G$4:G48),"") -> 45 | D48: 241130004 | E48: Giảm tỷ lệ phó sản | F48: HDPE | G48: Cung ứng | H48: Hiện trạng: DTR đang mua các loại nguyên liệu thấp hơn TCKT đầu vào đã ban hành do đặc thì ngành tái chế tại VN, dẫn đến phát sinh rất nhiều lượng hàng hóa phó sản giá trị thấp, nhưng chưa thanh lý được, chưa nghiên cứu được nhiều ứng dụng cho các phó sản, cũng như chiếm dụng mặt bằng kho.. Nhà cung cấp khó sản xuất hàng hóa đạt theo TCKT của DTR, dẫn đến việc bị trừ loại, trừ tiền, không thỏa thuận được giá nên phải chở hàng về xử lý lại hoặc bán cho đối thủ => rủi ro mất 1 lượng lớn NCC. Văn hóa "sạc trả bì" là truyền thống lâu đời của ngành phế liệu. Đề xuất: chuyển đổi dần quy cách mua các loại vảy, chuyển hướng NCC sang bán hàng theo phương án tách màu trả phó sản, trả các lượng tách màu, tách loại và hàng chìm. Hiệu quả: Giảm lượng phó sản cần xử lý, lưu trữ tại DTR, giải quyết được bài toán mặt bằng. NCC có thể dễ dàng đồng hành cùng DTR, không cần tự đầu tư thêm máy móc thiết bị quá nhiều tiền, có thể tương lại trở thành đối thủ cạnh tranh với DTR. Khó khăn: thuyết phục NCC chuyển đổi không phải dễ dàng, ngoài ra cần quản lý tốt việc phó sản trả đúng cho NCC, không lẫn với các NCC khác, tránh các khiếu nại dẫn đến việc các NCC không hợp tác nữa. Đề xuất: tính tiết kiệm đối với các mã hàng đã chuyển đổi tách màu trả phó sản dựa trên nguồn tiền thu lại từ các NCC đã thực hiện. | K48: Trần Minh Hoàng | P48: 2024 | AH48: =SUM(V48:AG48) -> 0 | AV48: =SUM(AJ48:AU48) -> 0 | AX48: 17122800 | AY48: 317353200 | AZ48: 32307600 | BA48: 11411400 | BB48: 102531600 | BC48: 174032400 | BD48: 56478800 | BE48: 16312000 | BF48: 13531800 | BG48: 46990800 | BH48: 1.90732e+08 | BI48: 90755400 | BJ48: =SUM(AX48:BI48) -> 1069559800
A49: =IF(G49<>"",SUBTOTAL(103,$G$4:G49),"") -> 46 | D49: 250104001 | E49: Kiểm soát giá mua | F49: CHUNG | G49: Kế Toán Quản Trị | H49: Thương lượng giảm giá quyết toán hạng mục thi công đường hơi, nước xưởng F3, F5 | K49: Lữ Ngọc Mỹ Huyền | P49: 2025 | S49: x | T49: Huyền | AH49: =SUM(V49:AG49) -> 0 | AJ49: 88000000 | AV49: =SUM(AJ49:AU49) -> 88000000 | BJ49: =SUM(AX49:BI49) -> 0
A50: =IF(G50<>"",SUBTOTAL(103,$G$4:G50),"") -> 47 | D50: 241116001 | E50: Kiểm soát giá mua | F50: CHUNG | G50: Kế Toán Quản Trị | H50: Deal giá hạng mục thi công Cung cấp và Lắp đặt ống thoát Silo mới xưởng F2 (NCC Châu Phú): | K50: Lữ Ngọc Mỹ Huyền | P50: 2025 | S50: x | T50: Huyền | AH50: =SUM(V50:AG50) -> 0 | AJ50: 4500000 | AV50: =SUM(AJ50:AU50) -> 4500000 | BJ50: =SUM(AX50:BI50) -> 0
A51: =IF(G51<>"",SUBTOTAL(103,$G$4:G51),"") -> 48 | D51: 240930001 | E51: Kiểm soát giá mua | F51: PET | G51: Quản Lý Chất Lượng PET | H51: Thay đổi hóa chất Phenol đo IV theo ASTM D4603 từ hãng Sigma - xx Switzerland thành Labort - xx India | K51: Phan Thùy Mỹ Hồng | P51: 2025 | Q51: 1 | S51: x | T51: Huyền | AH51: =SUM(V51:AG51) -> 0 | AJ51: 10156080 | AK51: 13202904 | AN51: 43163340 | AO51: 17265336 | AQ51: 31483848 | AS51: 34530672 | AT51: 25390200 | AV51: =SUM(AJ51:AU51) -> 175192380 | BJ51: =SUM(AX51:BI51) -> 0
A52: =IF(G52<>"",SUBTOTAL(103,$G$4:G52),"") -> 49 | D52: 241111005 | E52: Kiểm soát giá mua | F52: PET | G52: Kỹ Thuật | H52: Đề xuất sử dụng máy tách vảy của NCC SESOTEC thay thế cho máy tách vảy của NCC TOMRA cho chuyền rửa 3 tấn/h xưởng F05 | K52: Huỳnh Tỷ Phú | P52: 2025 | S52: x | T52: Danh | AH52: =SUM(V52:AG52) -> 0 | AK52: 1859900000 | AV52: =SUM(AJ52:AU52) -> 1859900000 | BJ52: =SUM(AX52:BI52) -> 0
A53: =IF(G53<>"",SUBTOTAL(103,$G$4:G53),"") -> 50 | D53: 241111006 | E53: Kiểm soát giá mua | F53: PET | G53: Kỹ Thuật | H53: Đề xuất sử dụng máy kim loại của NCC LONGI thay thế cho máy tách kim loại của NCC FUSHUN cho chuyền rửa 3 tấn/h xưởng F05 | K53: Huỳnh Tỷ Phú | P53: 2025 | S53: x | T53: Danh | AH53: =SUM(V53:AG53) -> 0 | AK53: 118807500 | AV53: =SUM(AJ53:AU53) -> 118807500 | BJ53: =SUM(AX53:BI53) -> 0
A54: =IF(G54<>"",SUBTOTAL(103,$G$4:G54),"") -> 51 | D54: 250203001 | E54: Gia tăng giá trị phó sản | F54: PET | G54: SX PET | H54: Lựa, phân loại và đưa vào rửa lạnh để ra được các vảy BTP đem vào tạo hạt WSS01G, ISS01G, WSS04, WSS05SB | K54: Trần Trường Giang | P54: 2025 | S54: x | T54: Nhâm | AH54: =SUM(V54:AG54) -> 0 | AL54: 56782500 | AM54: 384044993 | AN54: 511768500 | AO54: 497567312 | AP54: 494355100 | AQ54: 85674150 | AS54: 1280286030 | AT54: 267126020 | AU54: 387907500 | AV54: =SUM(AJ54:AU54) -> 3965512105 | BJ54: =SUM(AX54:BI54) -> 0
A55: =IF(G55<>"",SUBTOTAL(103,$G$4:G55),"") -> 52 | D55: 250326001 | E55: Khác | F55: HDPE | G55: SX HDPE | H55: Hiện tại hạt MBF01 dùng vảy HV02.2 thay Tio2 đã đưa vào sx ổn định . Đề xuất thử nghiệm dùng vảy HV02.2 sx hạt PCF01 để tiết kiệm chi phí , giảm thời gian vệ sinh bồn định kỳ bồn trộn, giảm nguy cơ phát sinh chấm đen | K55: Trần Văn Hiền | P55: 2025 | Q55: 3 | S55: x | T55: Danh | AH55: =SUM(V55:AG55) -> 0 | AL55: 2837800 | AV55: =SUM(AJ55:AU55) -> 2837800 | BJ55: =SUM(AX55:BI55) -> 0
A56: =IF(G56<>"",SUBTOTAL(103,$G$4:G56),"") -> 53 | D56: 240812004 | E56: Giảm hao hụt trong sản xuất | F56: HDPE | G56: SX HDPE | H56: Hạt màu đen MT1700345 mua về thường chất lượng không ổn định, ,mỗi lô nhập về đều phải cân chỉnh công thức, tốn nhiều thời gian, công sức ảnh hưởng giá thành. Đề xuất tìm mua hạt màu đen khác có chất lượng ổn định hơn để giảm chi phí cân chỉnh công thức , thay đổi BOM | K56: Trần Văn Hiền | P56: 2025 | Q56: 2 | S56: x | T56: Danh | AH56: =SUM(V56:AG56) -> 0 | AL56: 8784097 | AM56: 36174988 | AN56: 51320206 | AO56: 1487829 | AP56: 18185 | AQ56: 15299893 | AR56: 477035 | AS56: 89143431 | AT56: 97910244 | AU56: 1038554 | AV56: =SUM(AJ56:AU56) -> 301654462 | BJ56: =SUM(AX56:BI56) -> 0
A57: =IF(G57<>"",SUBTOTAL(103,$G$4:G57),"") -> 54 | D57: 240920002 | E57: Khác | F57: CHUNG | G57: SX HDPE | H57: Chuyển đổi cách sắp ca bộ phận kho từ 2k3k sang hành chánh tăng ca, vẫn đáp ứng đúng luật và giảm nhân sự (chia đôi với SX HDPE) | K57: Trịnh Thị Leng Ly | P57: 2025 | Q57: 1 | S57: x | T57: Danh | AH57: =SUM(V57:AG57) -> 0 | AL57: 155952000 | AM57: 51984000 | AN57: 51984000 | AO57: 51984000 | AP57: 51984000 | AQ57: 51984000 | AR57: 51984000 | AS57: 51984000 | AT57: 103968000 | AV57: =SUM(AJ57:AU57) -> 623808000 | BJ57: =SUM(AX57:BI57) -> 0
A58: =IF(G58<>"",SUBTOTAL(103,$G$4:G58),"") -> 55 | D58: 240920002 | E58: Khác | F58: CHUNG | G58: Kho | H58: Chuyển đổi cách sắp ca bộ phận kho từ 2k3k sang hành chánh tăng ca, vẫn đáp ứng đúng luật và giảm nhân sự (chia đôi với Kho) | K58: Nguyễn Quang Cảnh | P58: 2025 | Q58: 1 | S58: x | T58: Danh | AH58: =SUM(V58:AG58) -> 0 | AL58: 155952000 | AM58: 51984000 | AN58: 51984000 | AO58: 51984000 | AP58: 51984000 | AQ58: 51984000 | AR58: 51984000 | AS58: 51984000 | AT58: 103968000 | AV58: =SUM(AJ58:AU58) -> 623808000 | BJ58: =SUM(AX58:BI58) -> 0
A59: =IF(G59<>"",SUBTOTAL(103,$G$4:G59),"") -> 56 | D59: 241007008 | E59: Tự động hóa | F59: PET | G59: SX HDPE | H59: Vảy sạch lưu tại F2 thay vì chuyển về F5 => giảm 2 nhân sự kho quản lý số liệu, giảm dầu xe nâng | K59: Nguyễn Quang Cảnh | P59: 2025 | Q59: 1 | S59: x | T59: Danh | AH59: =SUM(V59:AG59) -> 0 | AL59: 95979643 | AM59: 47210781 | AN59: 39789916 | AO59: 28081946 | AP59: 39702323 | AQ59: 49861221 | AR59: 39357998 | AS59: 38802495 | AT59: 34360499 | AU59: 26834044 | AV59: =SUM(AJ59:AU59) -> 439980866 | BJ59: =SUM(AX59:BI59) -> 0
A60: =IF(G60<>"",SUBTOTAL(103,$G$4:G60),"") -> 57 | D60: 250213003 | E60: Kiểm soát giá mua | F60: CHUNG | G60: Nhân sự | H60: Tiết kiệm giá thuê xe 29c (75707) mới | K60: Võ Thị Hà Thi | S60: x | T60: Diễm | AH60: =SUM(V60:AG60) -> 0 | AL60: 2000000 | AM60: 4000000 | AN60: 4000000 | AO60: 4000000 | AP60: 4000000 | AQ60: 4000000 | AR60: 4000000 | AS60: 4000000 | AT60: 4000000 | AU60: 4000000 | AV60: =SUM(AJ60:AU60) -> 38000000 | BJ60: =SUM(AX60:BI60) -> 0
A61: =IF(G61<>"",SUBTOTAL(103,$G$4:G61),"") -> 58 | D61: 241202004 | E61: Giảm hao hụt trong sản xuất | F61: PET | G61: Quản Lý Chất Lượng PET | H61: Thay đổi hướng xử lý rửa vảy | K61: Đặng Lê Châu Đoan | S61: x | T61: Nhâm | AH61: =SUM(V61:AG61) -> 0 | AL61: 1.3263109e+08 | AM61: 32428652 | AN61: 68448474 | AO61: =56611464*70% -> 39628025 | AP61: =170047050*70% -> 1.1903293e+08 | AQ61: =100031784*70% -> 70022249 | AR61: 1.0201913e+08 | AS61: 24081350 | AT61: 146368481 | AU61: 1.2087333e+08 | AV61: =SUM(AJ61:AU61) -> 855533714 | BJ61: =SUM(AX61:BI61) -> 0
A62: =IF(G62<>"",SUBTOTAL(103,$G$4:G62),"") -> 59 | D62: 241202004 | E62: Giảm hao hụt trong sản xuất | F62: PET | G62: Kế hoạch | H62: Thay đổi hướng xử lý rửa vảy | K62: Ngô Văn Nam | S62: x | T62: Nhâm | AH62: =SUM(V62:AG62) -> 0 | AL62: 56841896 | AM62: 13897994 | AN62: 29335060 | AO62: =56611464*30% -> 16983439 | AP62: =170047050*30% -> 51014115 | AQ62: =100031784*30% -> 30009535 | AR62: 43722485 | AS62: 10320578 | AT62: 62729349 | AU62: 51802854 | AV62: =SUM(AJ62:AU62) -> 366657306
A63: =IF(G63<>"",SUBTOTAL(103,$G$4:G63),"") -> 60 | D63: 250221003 | E63: Khác | F63: CHUNG | G63: Kỹ Thuật | H63: Hiện tại: Hóa chất Chất phá bọt Antifoam CS04 là hóa chất thử nghiệm, đã hết hạn. Triển khai quy trình thu gom, lưu trữ, xử lý theo CTNH. Tận dụng Chất phá bọt Antifoam CS04 cho việc phá bọt trạm XLNT 400m3. Tiết kiệm chi phí | K63: Lê Minh Thanh | P63: 2025 | Q63: 3 | S63: x | T63: Danh | AH63: =SUM(V63:AG63) -> 0 | AL63: 2226000 | AV63: =SUM(AJ63:AU63) -> 2226000 | BJ63: =SUM(AX63:BI63) -> 0
A64: =IF(G64<>"",SUBTOTAL(103,$G$4:G64),"") -> 61 | D64: 250326006 | E64: Khác | F64: CHUNG | G64: Kế Toán Tài Chính | H64: Vay Ngân hàng lãi suất thấp và cho vay với lãi suất cao hơn. | K64: Phạm Huỳnh Ý Nhi | P64: 2025 | Q64: 4 | S64: x | T64: Danh | AH64: =SUM(V64:AG64) -> 0 | AM64: 12000000 | AN64: 12000000 | AO64: 17833333 | AP64: 17833333 | AQ64: 64500000 | AR64: 29500000 | AS64: 40000000 | AT64: 28333333 | AU64: 10000000 | AV64: =SUM(AJ64:AU64) -> 231999999
A65: =IF(G65<>"",SUBTOTAL(103,$G$4:G65),"") -> 62 | D65: 250331008 | E65: Tiết kiệm năng lượng | F65: HDPE | G65: Kỹ Thuật | H65: Hiện tại thời gian vừa qua máy thường hay chạy sản xuất mã hạt MBF01 (không qua sấy khử mùi) nhưng vẫn phải mở 3 bộ hút hạt ( của hệ thống PIOVAN) chạy liên tục để đáp ứng đúng chu trình của máy từ bồn sấy chuyển sang bồn làm mát ra silo xả cân thành phẩm Cải tiến: kết nối thêm đường ống từ vị trí máy hút cuối cùng vào trực tiếp phễu hút hạt thay cho máy hút đầu tiên => giảm được 2 máy hút hoạt động , giảm chi phí điện khi chạy sản xuất mã hạt MBF 01 | K65: Hồ Thanh Trường | P65: 2025 | Q65: 4 | S65: x | T65: Danh | AH65: =SUM(V65:AG65) -> 0 | AM65: 10101026 | AN65: 14038418 | AO65: 7109589 | AP65: 14834686 | AQ65: 12045674 | AR65: 11103615 | AU65: 5735633 | AV65: =SUM(AJ65:AU65) -> 74968641
A66: =IF(G66<>"",SUBTOTAL(103,$G$4:G66),"") -> 63 | D66: 250321010 | E66: Tiết kiệm năng lượng | F66: CHUNG | G66: Kỹ Thuật | H66: Hiện tại: Sử dụng Máy nén khí Công suất: 7.5 kW (10HP), Áp suất làm việc: 8 kg/cm2 Cho việc ép bùn trạm 500m3. Tiêu tốn điện năng: 75% công suất: 5,6 kw/giờ 1 ngày hoạt động 16 giờ: 5,6*16 = 90 kw/ngày. giá điện năng: tạm tính trung bình 2,000 (vnđ/ kw). 1 ngày tiêu tốn: 90*2,000 = 180,000 (vnđ/ngày) 1 năm tiêu tốn: 180,000 *365 = 65, 700,000 (vnđ/năm). Cải tiến: Tận dụng đường hơi hệ máy nén khí trung tâm lắp đặt sau xưởng f5 Áp suất làm việc: 8 kg/cm2 thỏa điều kiện cần cung cấp khí cho máy ép bùn trạm 500m3, giảm chi phí điện năng nhà máy (đặc biệt các giờ cao điểm giá điện >3,200 (vnđ/kw), đáp ứng ISO 14064,... Giá trị cải tiến: 65,700,000 (vnđ/năm) Bằng chữ: sáu mươi lăm triệu bảy trăm nghìn đồng. | K66: Lê Minh Thanh | P66: 2025 | Q66: 4 | S66: x | T66: Danh | AH66: =SUM(V66:AG66) -> 0 | AM66: 4988069 | AV66: =SUM(AJ66:AU66) -> 4988069
A67: =IF(G67<>"",SUBTOTAL(103,$G$4:G67),"") -> 64 | D67: 250115005 | E67: Giảm tỷ lệ phó sản | F67: HDPE | G67: SX HDPE | H67: Hiện tại rửa Vảy tách màu trả NCC chỉ trả Phó sản 1, Phó sản 2, Meyer, Vảy chìm. Còn lại nhãn zigzag chưa trả => Làm việc với NCC cho trả luôn nhãn Zigzag | K67: Lê Hữu Phước | P67: 2025 | Q67: 4 | S67: x | T67: Danh | AH67: =SUM(V67:AG67) -> 0 | AM67: 11872000 | AN67: 4128579 | AO67: 24336000 | AV67: =SUM(AJ67:AU67) -> 40336579
A68: =IF(G68<>"",SUBTOTAL(103,$G$4:G68),"") -> 65 | D68: 250227011 | E68: Kiểm soát giá mua | F68: CHUNG | G68: VPGĐ | H68: Dự án thay đổi logo DUYTAN Recycling | K68: Phan Minh Tân | P68: 2024 | S68: x | T68: Huyền | AH68: =SUM(V68:AG68) -> 0 | AM68: 200500000 | AV68: =SUM(AJ68:AU68) -> 200500000
A69: =IF(G69<>"",SUBTOTAL(103,$G$4:G69),"") -> 66 | D69: 250310001 | E69: Kiểm soát giá mua | F69: CHUNG | G69: Kỹ Thuật | H69: Giảm chi phí thi công lắp đặt vật tư cụm bơm nước sản xuất F3 | K69: Lê Minh Thanh | P69: 2025 | S69: x | T69: Danh | AH69: =SUM(V69:AG69) -> 0 | AM69: 92320099 | AV69: =SUM(AJ69:AU69) -> 92320099
A70: =IF(G70<>"",SUBTOTAL(103,$G$4:G70),"") -> 67 | D70: 250312010 | E70: Tiết kiệm năng lượng | F70: CHUNG | G70: Kỹ Thuật | H70: Khai thác nước giếng nhà hút thuốc đưa về trạm 500m3 ngày đêm xử lý - tái sử dụng tuần hoàn vào sản xuất. => giảm chi phí mua nước thủy cục, phát triển bền vững, chủ động được nguồn nước (trường hợp nhà cung cấp mất nước, cúp nước do sự cố ngoài ý muốn). | K70: Lê Minh Thanh | P70: 2025 | Q70: 1 | S70: x | T70: Danh | AH70: =SUM(V70:AG70) -> 0 | AM70: 70358485 | AV70: =SUM(AJ70:AU70) -> 70358485
A71: =IF(G71<>"",SUBTOTAL(103,$G$4:G71),"") -> 68 | B71: =IF(H71<>"",SUBTOTAL(103,$G$4:H71),"") -> 136 | C71: =IF(I71<>"",SUBTOTAL(103,$G$4:I71),"") | E71: Khác | F71: CHUNG | G71: Kinh doanh | H71: Deal giá: Giá bán thực tế cao hơn giá duyệt tháng | K71: Nguyễn Ngọc Thụy Vy | S71: x | T71: Diễm | AH71: =SUM(V71:AG71) -> 0 | AM71: 206193203 | AN71: 23445193 | AO71: 7321882 | AP71: 12283557 | AQ71: 40605180 | AR71: 51479531 | AS71: 65066561 | AT71: 19579184 | AU71: 71047919 | AV71: =SUM(AJ71:AU71) -> 497022210
A72: =IF(G72<>"",SUBTOTAL(103,$G$4:G72),"") -> 69 | D72: 250331004 | E72: Kiểm soát giá mua | F72: HDPE | G72: Kỹ Thuật | H72: Bộ lọc + Melt Pump của Kitech để lắp cho máy YEPP-01 với chi phí là 60,600 USD (FOB). Phòng Kỹ Thuật trao đổi với NCC giảm giá còn 58,800 USD (CIF) | K72: Huỳnh Tỷ Phú | P72: 2025 | S72: x | T72: Danh | AH72: =SUM(V72:AG72) -> 0 | AM72: 59409000 | AV72: =SUM(AJ72:AU72) -> 59409000
A73: =IF(G73<>"",SUBTOTAL(103,$G$4:G73),"") -> 70 | D73: 250424005 | E73: Kiểm soát giá mua | F73: PET | G73: Kỹ Thuật | H73: Đầu tư hệ hút hạt nâng cấp hệ thống chân không cho máy cho máy Starlinger 01 với chi phí 50,800 EUR. Phòng Kỹ Thuật trao đổi với NCC giảm giá còn 45,580 EUR. | K73: Huỳnh Tỷ Phú | P73: 2025 | S73: x | T73: Danh | AH73: =SUM(V73:AG73) -> 0 | AM73: 152773740 | AV73: =SUM(AJ73:AU73) -> 152773740
A74: =IF(G74<>"",SUBTOTAL(103,$G$4:G74),"") -> 71 | D74: 241104004 | E74: Khác | F74: CHUNG | G74: Kế Toán Tài Chính | H74: Thương thảo với Ngân hàng để giảm lãi suất | K74: Phạm Huỳnh Ý Nhi | P74: 2025 | Q74: 1 | T74: Danh | AH74: =SUM(V74:AG74) -> 0 | AJ74: 24627599 | AM74: 73882797 | AN74: 24627599 | AO74: 24627599 | AP74: 24627599 | AQ74: 24627599 | AR74: 24627599 | AS74: 24627599 | AT74: 24627599 | AU74: 24627599 | AV74: =SUM(AJ74:AU74) -> 295531188
A75: =IF(G75<>"",SUBTOTAL(103,$G$4:G75),"") -> 72 | D75: 241002002 | E75: Khác | F75: CHUNG | G75: Kỹ Thuật | H75: Tiết kiệm chi phí hiệu chuẩn đồng hồ điện | K75: Nguyễn Tấn Huệ | P75: 2025 | Q75: 5 | T75: Danh | AH75: =SUM(V75:AG75) -> 0 | AN75: 104000000 | AV75: =SUM(AJ75:AU75) -> 104000000
A76: =IF(G76<>"",SUBTOTAL(103,$G$4:G76),"") -> 73 | D76: 250320004 | E76: Kiểm soát giá mua | F76: CHUNG | G76: Kỹ Thuật | H76: Deal giảm giá với nhà cung cấp CNX lập báo cáo công tác bảo vệ môi trường | K76: Lê Minh Thanh | P76: 2025 | Q76: 5 | T76: Danh | AH76: =SUM(V76:AG76) -> 0 | AN76: 3159600 | AV76: =SUM(AJ76:AU76) -> 3159600
A77: =IF(G77<>"",SUBTOTAL(103,$G$4:G77),"") -> 74 | D77: 240704001 | E77: Tiết kiệm năng lượng | F77: CHUNG | G77: Kỹ Thuật | H77: Tận dụng nước xả từ tháp giải nhiệt máy Starlinfer đưa vào hệ XLNT | K77: Trần Văn Chí Linh | P77: 2025 | Q77: 2 | T77: Danh | AH77: =SUM(V77:AG77) -> 0 | AN77: 81486600 | AV77: =SUM(AJ77:AU77) -> 81486600
A78: =IF(G78<>"",SUBTOTAL(103,$G$4:G78),"") -> 75 | D78: 250224008 | E78: Tiết kiệm năng lượng | F78: CHUNG | G78: Kỹ Thuật | H78: Cho toàn bộ 100% nước thải bỏ từ việc vệ sinh hồ nước sản xuất, quay về trạm XLNT, XLNT - TSD tuần hoàn về hồ sản xuất, phục vụ sản xuất. | K78: Lê Minh Thanh | P78: 2025 | Q78: 5 | T78: Danh | AH78: =SUM(V78:AG78) -> 0 | AN78: 887862 | AU78: 2948398 | AV78: =SUM(AJ78:AU78) -> 3836260
A79: =IF(G79<>"",SUBTOTAL(103,$G$4:G79),"") -> 76 | D79: 250506003 | E79: Kiểm soát giá mua | F79: CHUNG | G79: Kế Toán Tài Chính | H79: Thanh toán phí cơ sở hạ tầng bằng Ngân hàng Vietcombank thay vì Ngân hàng Vietinbank | K79: Nguyễn Huỳnh Ngọc Nhi | P79: 2025 | Q79: 3 | T79: Danh | AH79: =SUM(V79:AG79) -> 0 | AN79: 117700 | AP79: 66000 | AR79: 42900 | AS79: 19800 | AT79: 14300 | AU79: 286420 | AV79: =SUM(AJ79:AU79) -> 547120
A80: =IF(G80<>"",SUBTOTAL(103,$G$4:G80),"") -> 77 | D80: 250514013 | E80: Kiểm soát giá mua | F80: CHUNG | G80: Kế Toán Tài Chính | H80: Deal giá 2 hợp đồng thuê máy photocopy VP F2+F3 (Model RICOH MPC 4503) | K80: Nguyễn Huỳnh Ngọc Nhi | P80: 2025 | Q80: 5 | T80: Danh | AH80: =SUM(V80:AG80) -> 0 | AN80: 1353600 | AP80: 3374400 | AR80: 4028600 | AS80: 1495800 | AT80: 1220600 | AU80: 1352600 | AV80: =SUM(AJ80:AU80) -> 12825600
A81: =IF(G81<>"",SUBTOTAL(103,$G$4:G81),"") -> 78 | D81: 241215001 | E81: Giảm hao hụt trong sản xuất | F81: PET | G81: Kế hoạch | H81: Xử lý hàng luân chuyển chậm B2.2 (28%) | K81: Ngô Văn Nam | T81: Nhâm | AH81: =SUM(V81:AG81) -> 0 | AN81: =1571243622*28% -> 4.3994821e+08 | AO81: 93379952 | AP81: =62711093*28% -> 17559106 | AQ81: =375650643*28% -> 1.0518218e+08 | AR81: 82479981 | AS81: 30728435 | AT81: 23908604 | AV81: =SUM(AJ81:AU81) -> 7.9318647e+08
A82: =IF(G82<>"",SUBTOTAL(103,$G$4:G82),"") -> 79 | D82: 241215001 | E82: Giảm hao hụt trong sản xuất | F82: PET | G82: Quản Lý Chất Lượng PET | H82: Xử lý hàng luân chuyển chậm B2.2 (18%) | K82: Đặng Lê Châu Đoan | T82: Nhâm | AH82: =SUM(V82:AG82) -> 0 | AN82: =1571243622*18% -> 2.8282385e+08 | AO82: 60029969 | AP82: =62711093*18% -> 11287997 | AQ82: =375650643*18% -> 67617116 | AR82: 53022845 | AS82: 19753994 | AT82: 15369817 | AV82: =SUM(AJ82:AU82) -> 5.0990559e+08
A83: =IF(G83<>"",SUBTOTAL(103,$G$4:G83),"") -> 80 | D83: 241215001 | E83: Giảm hao hụt trong sản xuất | F83: PET | G83: R&D | H83: Xử lý hàng luân chuyển chậm B2.2 (18%) | K83: Lâm Hoàng Hảo | T83: Nhâm | AH83: =SUM(V83:AG83) -> 0 | AN83: =1571243622*18% -> 2.8282385e+08 | AO83: 60029969 | AP83: =62711093*18% -> 11287997 | AQ83: =375650643*18% -> 67617116 | AR83: 53022845 | AS83: 19753994 | AT83: 15369817 | AV83: =SUM(AJ83:AU83) -> 5.0990559e+08
A84: =IF(G84<>"",SUBTOTAL(103,$G$4:G84),"") -> 81 | D84: 241215001 | E84: Giảm hao hụt trong sản xuất | F84: PET | G84: Kỹ Thuật | H84: Xử lý hàng luân chuyển chậm B2.2 (18%) | K84: Ngô Quốc Huy | T84: Nhâm | AH84: =SUM(V84:AG84) -> 0 | AN84: =1571243622*18% -> 2.8282385e+08 | AO84: 60029969 | AP84: 11287997 | AQ84: =375650643*18% -> 67617116 | AR84: 53022845 | AS84: 19753994 | AT84: 15369817 | AV84: =SUM(AJ84:AU84) -> 5.0990559e+08
A85: =IF(G85<>"",SUBTOTAL(103,$G$4:G85),"") -> 82 | D85: 241215001 | E85: Giảm hao hụt trong sản xuất | F85: PET | G85: SX PET | H85: Xử lý hàng luân chuyển chậm B2.2 (18%) | K85: Trần Trường Giang | T85: Nhâm | AH85: =SUM(V85:AG85) -> 0 | AN85: =1571243622*18% -> 2.8282385e+08 | AO85: 60029969 | AP85: =62711093*18% -> 11287997 | AQ85: 67617116 | AR85: 53022845 | AS85: 19753994 | AT85: 15369817 | AV85: =SUM(AJ85:AU85) -> 5.0990559e+08
A86: =IF(G86<>"",SUBTOTAL(103,$G$4:G86),"") -> 83 | D86: 241128002 | E86: Giảm hao hụt trong sản xuất | F86: PET | G86: Kế hoạch | H86: Xử lý hàng chậm luân chuyển vảy PET B6.2 và vảy nắp B6.2 (28%) | K86: Ngô Văn Nam | T86: Nhâm | AH86: =SUM(V86:AG86) -> 0 | AN86: =1290938902*28% -> 3.6146289e+08 | AO86: 1.742345e+08 | AP86: =566470034*28% -> 1.5861161e+08 | AQ86: =940242308*28% -> 2.6326785e+08 | AR86: 1.848881e+08 | AS86: 1.7466283e+08 | AT86: 44299015 | AV86: =SUM(AJ86:AU86) -> 1.3614268e+09
A87: =IF(G87<>"",SUBTOTAL(103,$G$4:G87),"") -> 84 | D87: 241128002 | E87: Giảm hao hụt trong sản xuất | F87: PET | G87: Quản Lý Chất Lượng PET | H87: Xử lý hàng chậm luân chuyển vảy PET B6.2 và vảy nắp B6.2 (18%) | K87: Đặng Lê Châu Đoan | T87: Nhâm | AH87: =SUM(V87:AG87) -> 0 | AN87: =1290938902*18% -> 2.32369e+08 | AO87: 1.1200789e+08 | AP87: =566470034*18% -> 1.0196461e+08 | AQ87: =940242308*18% -> 1.6924362e+08 | AR87: 1.1885664e+08 | AS87: 1.1228325e+08 | AT87: 28477938 | AV87: =SUM(AJ87:AU87) -> 8.7520294e+08
A88: =IF(G88<>"",SUBTOTAL(103,$G$4:G88),"") -> 85 | D88: 241128002 | E88: Giảm hao hụt trong sản xuất | F88: PET | G88: R&D | H88: Xử lý hàng chậm luân chuyển vảy PET B6.2 và vảy nắp B6.2 (18%) | K88: Lâm Hoàng Hảo | T88: Nhâm | AH88: =SUM(V88:AG88) -> 0 | AN88: =1290938902*18% -> 2.32369e+08 | AO88: 1.1200789e+08 | AP88: =566470034*18% -> 1.0196461e+08 | AQ88: =940242308*18% -> 1.6924362e+08 | AR88: 1.1885664e+08 | AS88: 1.1228325e+08 | AT88: 28477938 | AV88: =SUM(AJ88:AU88) -> 8.7520294e+08
A89: =IF(G89<>"",SUBTOTAL(103,$G$4:G89),"") -> 86 | D89: 241128002 | E89: Giảm hao hụt trong sản xuất | F89: PET | G89: Kỹ Thuật | H89: Xử lý hàng chậm luân chuyển vảy PET B6.2 và vảy nắp B6.2 (18%) | K89: Ngô Quốc Huy | T89: Nhâm | AH89: =SUM(V89:AG89) -> 0 | AN89: =1290938902*18% -> 2.32369e+08 | AO89: 1.1200789e+08 | AP89: 1.0196461e+08 | AQ89: =940242308*18% -> 1.6924362e+08 | AR89: 1.1885664e+08 | AS89: 1.1228325e+08 | AT89: 28477938 | AV89: =SUM(AJ89:AU89) -> 8.7520294e+08
A90: =IF(G90<>"",SUBTOTAL(103,$G$4:G90),"") -> 87 | D90: 241128002 | E90: Giảm hao hụt trong sản xuất | F90: PET | G90: SX PET | H90: Xử lý hàng chậm luân chuyển vảy PET B6.2 và vảy nắp B6.2 (18%) | K90: Trần Trường Giang | T90: Nhâm | AH90: =SUM(V90:AG90) -> 0 | AN90: =1290938902*18% -> 2.32369e+08 | AO90: 1.1200789e+08 | AP90: =566470034*18% -> 1.0196461e+08 | AQ90: 1.6924362e+08 | AR90: 1.1885664e+08 | AS90: 1.1228325e+08 | AT90: 28477938 | AV90: =SUM(AJ90:AU90) -> 8.7520294e+08
A91: =IF(G91<>"",SUBTOTAL(103,$G$4:G91),"") -> 88 | D91: 250103003 | E91: Tự động hóa | F91: PET | G91: Tự động hóa | H91: Lắp đặt 7 Palang xả bao vảy 1 tấn (có hệ thống thu bụi đi kèm) | K91: Nguyễn Minh Tâm | T91: Nhâm | AH91: =SUM(V91:AG91) -> 0 | AN91: 45735000 | AO91: 35158667 | AP91: 15021333 | AQ91: 41901667 | AR91: 63546000 | AS91: 33046667 | AT91: 5403667 | AU91: 3592333 | AV91: =SUM(AJ91:AU91) -> 243405334
A92: =IF(G92<>"",SUBTOTAL(103,$G$4:G92),"") -> 89 | D92: 250228006 | E92: Kiểm soát giá mua | F92: PET | G92: QTHT | H92: Tiết kiệm chi phí đánh giá ISO cho 3 trạm | K92: Trương Hoàng Ân | T92: Huyền | AH92: =SUM(V92:AG92) -> 0 | AO92: 9000000 | AV92: =SUM(AJ92:AU92) -> 9000000
A93: =IF(G93<>"",SUBTOTAL(103,$G$4:G93),"") -> 90 | D93: 250526004 | E93: Kiểm soát giá mua | F93: PET | G93: Kỹ Thuật | H93: Deal giá với Châu Phú giảm giá hạng mục thi công bậc tam cấp cho các palang nạp liệu chuyền BRT F05. | K93: Huỳnh Tỷ Phú | T93: Danh | AH93: =SUM(V93:AG93) -> 0 | AO93: 600000 | AV93: =SUM(AJ93:AU93) -> 600000
A94: =IF(G94<>"",SUBTOTAL(103,$G$4:G94),"") -> 91 | D94: 250526003 | E94: Kiểm soát giá mua | F94: PET | G94: Kỹ Thuật | H94: Deal giá với Châu Phú giảm giá chi phí nhân công hạng mục thi công thu bụi cyclone máy Zigzag 3 | K94: Huỳnh Tỷ Phú | T94: Danh | AH94: =SUM(V94:AG94) -> 0 | AO94: 1000000 | AV94: =SUM(AJ94:AU94) -> 1000000
A95: =IF(G95<>"",SUBTOTAL(103,$G$4:G95),"") -> 92 | D95: 250512002 | E95: Khác | F95: CHUNG | G95: Kế Toán Tài Chính | H95: Trao đổi với ngân hàng không thu phí Kế ước giải ngân tại ngân hàng ACB, giải ngân theo từng UNC đính kèm | K95: Phạm Huỳnh Ý Nhi | T95: Danh | AH95: =SUM(V95:AG95) -> 0 | AO95: 9138195.1 | AQ95: 9847081.2 | AR95: 4004702 | AV95: =SUM(AJ95:AU95) -> 22989978
A96: =IF(G96<>"",SUBTOTAL(103,$G$4:G96),"") -> 93 | D96: 250428004 | E96: Kiểm soát giá mua | F96: CHUNG | G96: Kế Toán Tài Chính | H96: Deal giá NCC về dịch vụ thuê xe 29 chỗ | K96: Giang Văn Lộc | T96: Danh | AH96: =SUM(V96:AG96) -> 0 | AO96: 4400000 | AP96: 4400000 | AQ96: 4400000 | AR96: 3300000 | AS96: 3300000 | AU96: 2200000 | AV96: =SUM(AJ96:AU96) -> 22000000
A97: =IF(G97<>"",SUBTOTAL(103,$G$4:G97),"") -> 94 | D97: 250428005 | E97: Kiểm soát giá mua | F97: CHUNG | G97: Kế Toán Tài Chính | H97: Deal giá giảm chi phí chăm sóc cỏ | K97: Giang Văn Lộc | T97: Danh | AH97: =SUM(V97:AG97) -> 0 | AO97: 1000000 | AV97: =SUM(AJ97:AU97) -> 1000000
A98: =IF(G98<>"",SUBTOTAL(103,$G$4:G98),"") -> 95 | D98: 250508005 | E98: Khác | F98: CHUNG | G98: Quản lý Chất lượng HDPE | H98: Thay đổi quy cách hũ lưu mẫu | K98: Đặng Thị Anh Thư | T98: Huyền | AH98: =SUM(V98:AG98) -> 0 | AO98: 2259267 | AT98: 5816236 | AV98: =SUM(AJ98:AU98) -> 8075503
A99: =IF(G99<>"",SUBTOTAL(103,$G$4:G99),"") -> 96 | D99: 250203002 | E99: Khác | F99: HDPE | G99: R&D | H99: Đưa phụ gia MTA 1800050 thay vảy QMT trong công thức tạo hạt MBF01 | K99: Văng Hoài Ân (Lâm Hoàng Hảo) | T99: Nhâm | AH99: =SUM(V99:AG99) -> 0 | AO99: 136559356 | AP99: 20616284 | AQ99: 11169378 | AR99: 5221430 | AS99: 11424263 | AT99: 26489476 | AU99: 48116945 | AV99: =SUM(AJ99:AU99) -> 259597132
A100: =IF(G100<>"",SUBTOTAL(103,$G$4:G100),"") -> 97 | D100: 250415004 | E100: Kiểm soát giá mua | F100: CHUNG | G100: Nhân sự | H100: Chuyển dời thiết bị tại khu vực F06 sang phòng đào tạo để tiết kiệm chi phí đầu tư. | K100: Trịnh Minh Ninh | T100: Diễm | AH100: =SUM(V100:AG100) -> 0 | AO100: 46626000 | AV100: =SUM(AJ100:AU100) -> 46626000
A101: =IF(G101<>"",SUBTOTAL(103,$G$4:G101),"") -> 98 | D101: 250212007 | E101: Giảm hao hụt trong sản xuất | F101: HDPE | G101: SX HDPE | H101: Tận dụng bao, màng PE thu lại từ quấn bao jumpo PET để tạo hạt rLDPE | K101: Trần Văn Hiền | T101: Danh | AH101: =SUM(V101:AG101) -> 0 | AP101: 21112560 | AR101: 28748385 | AU101: 9037949 | AV101: =SUM(AJ101:AU101) -> 58898894
...

Sheet tiết kiệm CP-tấn
B1: GIÁ TRỊ TIẾT KIỆM / TẤN THÀNH PHẨM
B3: PET
B4: ĐVT: triệu đồng
A5: STT | B5: Nhóm mục tiêu | C5: 2025 | D5: 1 | E5: 2 | F5: 3 | G5: 4 | H5: 5 | I5: 6 | J5: 7 | K5: 8 | L5: 9 | M5: 10 | N5: 11 | O5: 12 | R5: STT | S5: Nhóm mục tiêu | T5: 2025 | U5: 1 | V5: 2 | W5: 3 | X5: 4 | Y5: 5 | Z5: 6 | AA5: 7 | AB5: 8 | AC5: 9 | AD5: 10 | AE5: 11 | AF5: 12
A6: 1 | B6: Tăng năng suất | C6: =SUM(D6:O6) -> 0 | D6: =SUMIFS('GTTK chung'!$P$4:$P$143,'GTTK chung'!$Q$4:$Q$143,2025,'GTTK chung'!$Q$4:$Q$143,D$5,'GTTK chung'!$E$4:$E$143,$B6,'GTTK chung'!$F$4:$F$143,"PET") -> 0 | E6: =SUMIFS('GTTK chung'!$P$4:$P$143,'GTTK chung'!$Q$4:$Q$143,2025,'GTTK chung'!$Q$4:$Q$143,E$5,'GTTK chung'!$E$4:$E$143,$B6,'GTTK chung'!$F$4:$F$143,"PET") -> 0 | F6: =SUMIFS('GTTK chung'!$P$4:$P$143,'GTTK chung'!$Q$4:$Q$143,2025,'GTTK chung'!$Q$4:$Q$143,F$5,'GTTK chung'!$E$4:$E$143,$B6,'GTTK chung'!$F$4:$F$143,"PET") -> 0 | G6: =SUMIFS('GTTK chung'!$P$4:$P$143,'GTTK chung'!$Q$4:$Q$143,2025,'GTTK chung'!$Q$4:$Q$143,G$5,'GTTK chung'!$E$4:$E$143,$B6,'GTTK chung'!$F$4:$F$143,"PET") -> 0 | H6: =SUMIFS('GTTK chung'!$P$4:$P$143,'GTTK chung'!$Q$4:$Q$143,2025,'GTTK chung'!$Q$4:$Q$143,H$5,'GTTK chung'!$E$4:$E$143,$B6,'GTTK chung'!$F$4:$F$143,"PET") -> 0 | I6: =SUMIFS('GTTK chung'!$P$4:$P$143,'GTTK chung'!$Q$4:$Q$143,2025,'GTTK chung'!$Q$4:$Q$143,I$5,'GTTK chung'!$E$4:$E$143,$B6,'GTTK chung'!$F$4:$F$143,"PET") -> 0 | J6: =SUMIFS('GTTK chung'!$P$4:$P$143,'GTTK chung'!$Q$4:$Q$143,2025,'GTTK chung'!$Q$4:$Q$143,J$5,'GTTK chung'!$E$4:$E$143,$B6,'GTTK chung'!$F$4:$F$143,"PET") -> 0 | K6: =SUMIFS('GTTK chung'!$P$4:$P$143,'GTTK chung'!$Q$4:$Q$143,2025,'GTTK chung'!$Q$4:$Q$143,K$5,'GTTK chung'!$E$4:$E$143,$B6,'GTTK chung'!$F$4:$F$143,"PET") -> 0 | ... O6: =SUMIFS('GTTK chung'!$P$4:$P$143,'GTTK chung'!$Q$4:$Q$143,2025,'GTTK chung'!$Q$4:$Q$143,O$5,'GTTK chung'!$E$4:$E$143,$B6,'GTTK chung'!$F$4:$F$143,"PET") -> 0 | R6: 1 | S6: Tăng năng suất | U6: =SUM($D6:D6) -> 0 | V6: =SUM($D6:E6) -> 0 | W6: =SUM($D6:F6) -> 0 | X6: =SUM($D6:G6) -> 0 | Y6: =SUM($D6:H6) -> 0 | Z6: =SUM($D6:I6) -> 0 | AA6: =SUM($D6:J6) -> 0 | AB6: =SUM($D6:K6) -> 0 | ... AF6: =SUM($D6:O6) -> 0
A7: 2 | B7: Tự động hóa | C7: =SUM(D7:O7) -> 0 | D7: =SUMIFS('GTTK chung'!$P$4:$P$143,'GTTK chung'!$Q$4:$Q$143,2025,'GTTK chung'!$Q$4:$Q$143,D$5,'GTTK chung'!$E$4:$E$143,$B7,'GTTK chung'!$F$4:$F$143,"PET") -> 0 | E7: =SUMIFS('GTTK chung'!$P$4:$P$143,'GTTK chung'!$Q$4:$Q$143,2025,'GTTK chung'!$Q$4:$Q$143,E$5,'GTTK chung'!$E$4:$E$143,$B7,'GTTK chung'!$F$4:$F$143,"PET") -> 0 | F7: =SUMIFS('GTTK chung'!$P$4:$P$143,'GTTK chung'!$Q$4:$Q$143,2025,'GTTK chung'!$Q$4:$Q$143,F$5,'GTTK chung'!$E$4:$E$143,$B7,'GTTK chung'!$F$4:$F$143,"PET") -> 0 | G7: =SUMIFS('GTTK chung'!$P$4:$P$143,'GTTK chung'!$Q$4:$Q$143,2025,'GTTK chung'!$Q$4:$Q$143,G$5,'GTTK chung'!$E$4:$E$143,$B7,'GTTK chung'!$F$4:$F$143,"PET") -> 0 | H7: =SUMIFS('GTTK chung'!$P$4:$P$143,'GTTK chung'!$Q$4:$Q$143,2025,'GTTK chung'!$Q$4:$Q$143,H$5,'GTTK chung'!$E$4:$E$143,$B7,'GTTK chung'!$F$4:$F$143,"PET") -> 0 | I7: =SUMIFS('GTTK chung'!$P$4:$P$143,'GTTK chung'!$Q$4:$Q$143,2025,'GTTK chung'!$Q$4:$Q$143,I$5,'GTTK chung'!$E$4:$E$143,$B7,'GTTK chung'!$F$4:$F$143,"PET") -> 0 | J7: =SUMIFS('GTTK chung'!$P$4:$P$143,'GTTK chung'!$Q$4:$Q$143,2025,'GTTK chung'!$Q$4:$Q$143,J$5,'GTTK chung'!$E$4:$E$143,$B7,'GTTK chung'!$F$4:$F$143,"PET") -> 0 | K7: =SUMIFS('GTTK chung'!$P$4:$P$143,'GTTK chung'!$Q$4:$Q$143,2025,'GTTK chung'!$Q$4:$Q$143,K$5,'GTTK chung'!$E$4:$E$143,$B7,'GTTK chung'!$F$4:$F$143,"PET") -> 0 | ... O7: =SUMIFS('GTTK chung'!$P$4:$P$143,'GTTK chung'!$Q$4:$Q$143,2025,'GTTK chung'!$Q$4:$Q$143,O$5,'GTTK chung'!$E$4:$E$143,$B7,'GTTK chung'!$F$4:$F$143,"PET") -> 0 | R7: 2 | S7: Gia tăng giá trị phó sản | U7: =SUM($D7:D7) -> 0 | V7: =SUM($D7:E7) -> 0 | W7: =SUM($D7:F7) -> 0 | X7: =SUM($D7:G7) -> 0 | Y7: =SUM($D7:H7) -> 0 | Z7: =SUM($D7:I7) -> 0 | AA7: =SUM($D7:J7) -> 0 | AB7: =SUM($D7:K7) -> 0 | ... AF7: =SUM($D7:O7) -> 0
A8: 3 | B8: Giảm hao hụt trong sản xuất | C8: =SUM(D8:O8) -> 0 | D8: =SUMIFS('GTTK chung'!$P$4:$P$143,'GTTK chung'!$Q$4:$Q$143,2025,'GTTK chung'!$Q$4:$Q$143,D$5,'GTTK chung'!$E$4:$E$143,$B8,'GTTK chung'!$F$4:$F$143,"PET") -> 0 | E8: =SUMIFS('GTTK chung'!$P$4:$P$143,'GTTK chung'!$Q$4:$Q$143,2025,'GTTK chung'!$Q$4:$Q$143,E$5,'GTTK chung'!$E$4:$E$143,$B8,'GTTK chung'!$F$4:$F$143,"PET") -> 0 | F8: =SUMIFS('GTTK chung'!$P$4:$P$143,'GTTK chung'!$Q$4:$Q$143,2025,'GTTK chung'!$Q$4:$Q$143,F$5,'GTTK chung'!$E$4:$E$143,$B8,'GTTK chung'!$F$4:$F$143,"PET") -> 0 | G8: =SUMIFS('GTTK chung'!$P$4:$P$143,'GTTK chung'!$Q$4:$Q$143,2025,'GTTK chung'!$Q$4:$Q$143,G$5,'GTTK chung'!$E$4:$E$143,$B8,'GTTK chung'!$F$4:$F$143,"PET") -> 0 | H8: =SUMIFS('GTTK chung'!$P$4:$P$143,'GTTK chung'!$Q$4:$Q$143,2025,'GTTK chung'!$Q$4:$Q$143,H$5,'GTTK chung'!$E$4:$E$143,$B8,'GTTK chung'!$F$4:$F$143,"PET") -> 0 | I8: =SUMIFS('GTTK chung'!$P$4:$P$143,'GTTK chung'!$Q$4:$Q$143,2025,'GTTK chung'!$Q$4:$Q$143,I$5,'GTTK chung'!$E$4:$E$143,$B8,'GTTK chung'!$F$4:$F$143,"PET") -> 0 | J8: =SUMIFS('GTTK chung'!$P$4:$P$143,'GTTK chung'!$Q$4:$Q$143,2025,'GTTK chung'!$Q$4:$Q$143,J$5,'GTTK chung'!$E$4:$E$143,$B8,'GTTK chung'!$F$4:$F$143,"PET") -> 0 | K8: =SUMIFS('GTTK chung'!$P$4:$P$143,'GTTK chung'!$Q$4:$Q$143,2025,'GTTK chung'!$Q$4:$Q$143,K$5,'GTTK chung'!$E$4:$E$143,$B8,'GTTK chung'!$F$4:$F$143,"PET") -> 0 | ... O8: =SUMIFS('GTTK chung'!$P$4:$P$143,'GTTK chung'!$Q$4:$Q$143,2025,'GTTK chung'!$Q$4:$Q$143,O$5,'GTTK chung'!$E$4:$E$143,$B8,'GTTK chung'!$F$4:$F$143,"PET") -> 0 | R8: 3 | S8: Kiểm soát giá mua | U8: =SUM($D8:D8) -> 0 | V8: =SUM($D8:E8) -> 0 | W8: =SUM($D8:F8) -> 0 | X8: =SUM($D8:G8) -> 0 | Y8: =SUM($D8:H8) -> 0 | Z8: =SUM($D8:I8) -> 0 | AA8: =SUM($D8:J8) -> 0 | AB8: =SUM($D8:K8) -> 0 | ... AF8: =SUM($D8:O8) -> 0
A9: 4 | B9: Tiết kiệm năng lượng | C9: =SUM(D9:O9) -> 0 | D9: =SUMIFS('GTTK chung'!$P$4:$P$143,'GTTK chung'!$Q$4:$Q$143,2025,'GTTK chung'!$Q$4:$Q$143,D$5,'GTTK chung'!$E$4:$E$143,$B9,'GTTK chung'!$F$4:$F$143,"PET") -> 0 | E9: =SUMIFS('GTTK chung'!$P$4:$P$143,'GTTK chung'!$Q$4:$Q$143,2025,'GTTK chung'!$Q$4:$Q$143,E$5,'GTTK chung'!$E$4:$E$143,$B9,'GTTK chung'!$F$4:$F$143,"PET") -> 0 | F9: =SUMIFS('GTTK chung'!$P$4:$P$143,'GTTK chung'!$Q$4:$Q$143,2025,'GTTK chung'!$Q$4:$Q$143,F$5,'GTTK chung'!$E$4:$E$143,$B9,'GTTK chung'!$F$4:$F$143,"PET") -> 0 | G9: =SUMIFS('GTTK chung'!$P$4:$P$143,'GTTK chung'!$Q$4:$Q$143,2025,'GTTK chung'!$Q$4:$Q$143,G$5,'GTTK chung'!$E$4:$E$143,$B9,'GTTK chung'!$F$4:$F$143,"PET") -> 0 | H9: =SUMIFS('GTTK chung'!$P$4:$P$143,'GTTK chung'!$Q$4:$Q$143,2025,'GTTK chung'!$Q$4:$Q$143,H$5,'GTTK chung'!$E$4:$E$143,$B9,'GTTK chung'!$F$4:$F$143,"PET") -> 0 | I9: =SUMIFS('GTTK chung'!$P$4:$P$143,'GTTK chung'!$Q$4:$Q$143,2025,'GTTK chung'!$Q$4:$Q$143,I$5,'GTTK chung'!$E$4:$E$143,$B9,'GTTK chung'!$F$4:$F$143,"PET") -> 0 | J9: =SUMIFS('GTTK chung'!$P$4:$P$143,'GTTK chung'!$Q$4:$Q$143,2025,'GTTK chung'!$Q$4:$Q$143,J$5,'GTTK chung'!$E$4:$E$143,$B9,'GTTK chung'!$F$4:$F$143,"PET") -> 0 | K9: =SUMIFS('GTTK chung'!$P$4:$P$143,'GTTK chung'!$Q$4:$Q$143,2025,'GTTK chung'!$Q$4:$Q$143,K$5,'GTTK chung'!$E$4:$E$143,$B9,'GTTK chung'!$F$4:$F$143,"PET") -> 0 | ... O9: =SUMIFS('GTTK chung'!$P$4:$P$143,'GTTK chung'!$Q$4:$Q$143,2025,'GTTK chung'!$Q$4:$Q$143,O$5,'GTTK chung'!$E$4:$E$143,$B9,'GTTK chung'!$F$4:$F$143,"PET") -> 0 | R9: 4 | S9: Giảm tỷ lệ phó sản | U9: =SUM($D9:D9) -> 0 | V9: =SUM($D9:E9) -> 0 | W9: =SUM($D9:F9) -> 0 | X9: =SUM($D9:G9) -> 0 | Y9: =SUM($D9:H9) -> 0 | Z9: =SUM($D9:I9) -> 0 | AA9: =SUM($D9:J9) -> 0 | AB9: =SUM($D9:K9) -> 0 | ... AF9: =SUM($D9:O9) -> 0
A10: 5 | B10: Giảm tỷ lệ phó sản | C10: =SUM(D10:O10) -> 0 | D10: =SUMIFS('GTTK chung'!$P$4:$P$143,'GTTK chung'!$Q$4:$Q$143,2025,'GTTK chung'!$Q$4:$Q$143,D$5,'GTTK chung'!$E$4:$E$143,$B10,'GTTK chung'!$F$4:$F$143,"PET") -> 0 | E10: =SUMIFS('GTTK chung'!$P$4:$P$143,'GTTK chung'!$Q$4:$Q$143,2025,'GTTK chung'!$Q$4:$Q$143,E$5,'GTTK chung'!$E$4:$E$143,$B10,'GTTK chung'!$F$4:$F$143,"PET") -> 0 | F10: =SUMIFS('GTTK chung'!$P$4:$P$143,'GTTK chung'!$Q$4:$Q$143,2025,'GTTK chung'!$Q$4:$Q$143,F$5,'GTTK chung'!$E$4:$E$143,$B10,'GTTK chung'!$F$4:$F$143,"PET") -> 0 | G10: =SUMIFS('GTTK chung'!$P$4:$P$143,'GTTK chung'!$Q$4:$Q$143,2025,'GTTK chung'!$Q$4:$Q$143,G$5,'GTTK chung'!$E$4:$E$143,$B10,'GTTK chung'!$F$4:$F$143,"PET") -> 0 | H10: =SUMIFS('GTTK chung'!$P$4:$P$143,'GTTK chung'!$Q$4:$Q$143,2025,'GTTK chung'!$Q$4:$Q$143,H$5,'GTTK chung'!$E$4:$E$143,$B10,'GTTK chung'!$F$4:$F$143,"PET") -> 0 | I10: =SUMIFS('GTTK chung'!$P$4:$P$143,'GTTK chung'!$Q$4:$Q$143,2025,'GTTK chung'!$Q$4:$Q$143,I$5,'GTTK chung'!$E$4:$E$143,$B10,'GTTK chung'!$F$4:$F$143,"PET") -> 0 | J10: =SUMIFS('GTTK chung'!$P$4:$P$143,'GTTK chung'!$Q$4:$Q$143,2025,'GTTK chung'!$Q$4:$Q$143,J$5,'GTTK chung'!$E$4:$E$143,$B10,'GTTK chung'!$F$4:$F$143,"PET") -> 0 | K10: =SUMIFS('GTTK chung'!$P$4:$P$143,'GTTK chung'!$Q$4:$Q$143,2025,'GTTK chung'!$Q$4:$Q$143,K$5,'GTTK chung'!$E$4:$E$143,$B10,'GTTK chung'!$F$4:$F$143,"PET") -> 0 | ... O10: =SUMIFS('GTTK chung'!$P$4:$P$143,'GTTK chung'!$Q$4:$Q$143,2025,'GTTK chung'!$Q$4:$Q$143,O$5,'GTTK chung'!$E$4:$E$143,$B10,'GTTK chung'!$F$4:$F$143,"PET") -> 0 | R10: 5 | S10: Khác | U10: =SUM($D10:D10) -> 0 | V10: =SUM($D10:E10) -> 0 | W10: =SUM($D10:F10) -> 0 | X10: =SUM($D10:G10) -> 0 | Y10: =SUM($D10:H10) -> 0 | Z10: =SUM($D10:I10) -> 0 | AA10: =SUM($D10:J10) -> 0 | AB10: =SUM($D10:K10) -> 0 | ... AF10: =SUM($D10:O10) -> 0
A11: 6 | B11: Gia tăng giá trị phó sản | C11: =SUM(D11:O11) -> 0 | D11: =SUMIFS('GTTK chung'!$P$4:$P$143,'GTTK chung'!$Q$4:$Q$143,2025,'GTTK chung'!$Q$4:$Q$143,D$5,'GTTK chung'!$E$4:$E$143,$B11,'GTTK chung'!$F$4:$F$143,"PET") -> 0 | E11: =SUMIFS('GTTK chung'!$P$4:$P$143,'GTTK chung'!$Q$4:$Q$143,2025,'GTTK chung'!$Q$4:$Q$143,E$5,'GTTK chung'!$E$4:$E$143,$B11,'GTTK chung'!$F$4:$F$143,"PET") -> 0 | F11: =SUMIFS('GTTK chung'!$P$4:$P$143,'GTTK chung'!$Q$4:$Q$143,2025,'GTTK chung'!$Q$4:$Q$143,F$5,'GTTK chung'!$E$4:$E$143,$B11,'GTTK chung'!$F$4:$F$143,"PET") -> 0 | G11: =SUMIFS('GTTK chung'!$P$4:$P$143,'GTTK chung'!$Q$4:$Q$143,2025,'GTTK chung'!$Q$4:$Q$143,G$5,'GTTK chung'!$E$4:$E$143,$B11,'GTTK chung'!$F$4:$F$143,"PET") -> 0 | H11: =SUMIFS('GTTK chung'!$P$4:$P$143,'GTTK chung'!$Q$4:$Q$143,2025,'GTTK chung'!$Q$4:$Q$143,H$5,'GTTK chung'!$E$4:$E$143,$B11,'GTTK chung'!$F$4:$F$143,"PET") -> 0 | I11: =SUMIFS('GTTK chung'!$P$4:$P$143,'GTTK chung'!$Q$4:$Q$143,2025,'GTTK chung'!$Q$4:$Q$143,I$5,'GTTK chung'!$E$4:$E$143,$B11,'GTTK chung'!$F$4:$F$143,"PET") -> 0 | J11: =SUMIFS('GTTK chung'!$P$4:$P$143,'GTTK chung'!$Q$4:$Q$143,2025,'GTTK chung'!$Q$4:$Q$143,J$5,'GTTK chung'!$E$4:$E$143,$B11,'GTTK chung'!$F$4:$F$143,"PET") -> 0 | K11: =SUMIFS('GTTK chung'!$P$4:$P$143,'GTTK chung'!$Q$4:$Q$143,2025,'GTTK chung'!$Q$4:$Q$143,K$5,'GTTK chung'!$E$4:$E$143,$B11,'GTTK chung'!$F$4:$F$143,"PET") -> 0 | ... O11: =SUMIFS('GTTK chung'!$P$4:$P$143,'GTTK chung'!$Q$4:$Q$143,2025,'GTTK chung'!$Q$4:$Q$143,O$5,'GTTK chung'!$E$4:$E$143,$B11,'GTTK chung'!$F$4:$F$143,"PET") -> 0 | R11: 6 | S11: Tự động hóa | U11: =SUM($D11:D11) -> 0 | V11: =SUM($D11:E11) -> 0 | W11: =SUM($D11:F11) -> 0 | X11: =SUM($D11:G11) -> 0 | Y11: =SUM($D11:H11) -> 0 | Z11: =SUM($D11:I11) -> 0 | AA11: =SUM($D11:J11) -> 0 | AB11: =SUM($D11:K11) -> 0 | ... AF11: =SUM($D11:O11) -> 0
A12: 7 | B12: Kiểm soát giá mua | C12: =SUM(D12:O12) -> 0 | D12: =SUMIFS('GTTK chung'!$P$4:$P$143,'GTTK chung'!$Q$4:$Q$143,2025,'GTTK chung'!$Q$4:$Q$143,D$5,'GTTK chung'!$E$4:$E$143,$B12,'GTTK chung'!$F$4:$F$143,"PET") -> 0 | E12: =SUMIFS('GTTK chung'!$P$4:$P$143,'GTTK chung'!$Q$4:$Q$143,2025,'GTTK chung'!$Q$4:$Q$143,E$5,'GTTK chung'!$E$4:$E$143,$B12,'GTTK chung'!$F$4:$F$143,"PET") -> 0 | F12: =SUMIFS('GTTK chung'!$P$4:$P$143,'GTTK chung'!$Q$4:$Q$143,2025,'GTTK chung'!$Q$4:$Q$143,F$5,'GTTK chung'!$E$4:$E$143,$B12,'GTTK chung'!$F$4:$F$143,"PET") -> 0 | G12: =SUMIFS('GTTK chung'!$P$4:$P$143,'GTTK chung'!$Q$4:$Q$143,2025,'GTTK chung'!$Q$4:$Q$143,G$5,'GTTK chung'!$E$4:$E$143,$B12,'GTTK chung'!$F$4:$F$143,"PET") -> 0 | H12: =SUMIFS('GTTK chung'!$P$4:$P$143,'GTTK chung'!$Q$4:$Q$143,2025,'GTTK chung'!$Q$4:$Q$143,H$5,'GTTK chung'!$E$4:$E$143,$B12,'GTTK chung'!$F$4:$F$143,"PET") -> 0 | I12: =SUMIFS('GTTK chung'!$P$4:$P$143,'GTTK chung'!$Q$4:$Q$143,2025,'GTTK chung'!$Q$4:$Q$143,I$5,'GTTK chung'!$E$4:$E$143,$B12,'GTTK chung'!$F$4:$F$143,"PET") -> 0 | J12: =SUMIFS('GTTK chung'!$P$4:$P$143,'GTTK chung'!$Q$4:$Q$143,2025,'GTTK chung'!$Q$4:$Q$143,J$5,'GTTK chung'!$E$4:$E$143,$B12,'GTTK chung'!$F$4:$F$143,"PET") -> 0 | K12: =SUMIFS('GTTK chung'!$P$4:$P$143,'GTTK chung'!$Q$4:$Q$143,2025,'GTTK chung'!$Q$4:$Q$143,K$5,'GTTK chung'!$E$4:$E$143,$B12,'GTTK chung'!$F$4:$F$143,"PET") -> 0 | ... O12: =SUMIFS('GTTK chung'!$P$4:$P$143,'GTTK chung'!$Q$4:$Q$143,2025,'GTTK chung'!$Q$4:$Q$143,O$5,'GTTK chung'!$E$4:$E$143,$B12,'GTTK chung'!$F$4:$F$143,"PET") -> 0 | R12: 7 | S12: Giảm hao hụt trong sản xuất | U12: =SUM($D12:D12) -> 0 | V12: =SUM($D12:E12) -> 0 | W12: =SUM($D12:F12) -> 0 | X12: =SUM($D12:G12) -> 0 | Y12: =SUM($D12:H12) -> 0 | Z12: =SUM($D12:I12) -> 0 | AA12: =SUM($D12:J12) -> 0 | AB12: =SUM($D12:K12) -> 0 | ... AF12: =SUM($D12:O12) -> 0
A13: 8 | B13: Khác | C13: =SUM(D13:O13) -> 0 | D13: =SUMIFS('GTTK chung'!$P$4:$P$143,'GTTK chung'!$Q$4:$Q$143,2025,'GTTK chung'!$Q$4:$Q$143,D$5,'GTTK chung'!$E$4:$E$143,$B13,'GTTK chung'!$F$4:$F$143,"PET") -> 0 | E13: =SUMIFS('GTTK chung'!$P$4:$P$143,'GTTK chung'!$Q$4:$Q$143,2025,'GTTK chung'!$Q$4:$Q$143,E$5,'GTTK chung'!$E$4:$E$143,$B13,'GTTK chung'!$F$4:$F$143,"PET") -> 0 | F13: =SUMIFS('GTTK chung'!$P$4:$P$143,'GTTK chung'!$Q$4:$Q$143,2025,'GTTK chung'!$Q$4:$Q$143,F$5,'GTTK chung'!$E$4:$E$143,$B13,'GTTK chung'!$F$4:$F$143,"PET") -> 0 | G13: =SUMIFS('GTTK chung'!$P$4:$P$143,'GTTK chung'!$Q$4:$Q$143,2025,'GTTK chung'!$Q$4:$Q$143,G$5,'GTTK chung'!$E$4:$E$143,$B13,'GTTK chung'!$F$4:$F$143,"PET") -> 0 | H13: =SUMIFS('GTTK chung'!$P$4:$P$143,'GTTK chung'!$Q$4:$Q$143,2025,'GTTK chung'!$Q$4:$Q$143,H$5,'GTTK chung'!$E$4:$E$143,$B13,'GTTK chung'!$F$4:$F$143,"PET") -> 0 | I13: =SUMIFS('GTTK chung'!$P$4:$P$143,'GTTK chung'!$Q$4:$Q$143,2025,'GTTK chung'!$Q$4:$Q$143,I$5,'GTTK chung'!$E$4:$E$143,$B13,'GTTK chung'!$F$4:$F$143,"PET") -> 0 | J13: =SUMIFS('GTTK chung'!$P$4:$P$143,'GTTK chung'!$Q$4:$Q$143,2025,'GTTK chung'!$Q$4:$Q$143,J$5,'GTTK chung'!$E$4:$E$143,$B13,'GTTK chung'!$F$4:$F$143,"PET") -> 0 | K13: =SUMIFS('GTTK chung'!$P$4:$P$143,'GTTK chung'!$Q$4:$Q$143,2025,'GTTK chung'!$Q$4:$Q$143,K$5,'GTTK chung'!$E$4:$E$143,$B13,'GTTK chung'!$F$4:$F$143,"PET") -> 0 | ... O13: =SUMIFS('GTTK chung'!$P$4:$P$143,'GTTK chung'!$Q$4:$Q$143,2025,'GTTK chung'!$Q$4:$Q$143,O$5,'GTTK chung'!$E$4:$E$143,$B13,'GTTK chung'!$F$4:$F$143,"PET") -> 0 | R13: 8 | S13: Tiết kiệm năng lượng | U13: =SUM($D13:D13) -> 0 | V13: =SUM($D13:E13) -> 0 | W13: =SUM($D13:F13) -> 0 | X13: =SUM($D13:G13) -> 0 | Y13: =SUM($D13:H13) -> 0 | Z13: =SUM($D13:I13) -> 0 | AA13: =SUM($D13:J13) -> 0 | AB13: =SUM($D13:K13) -> 0 | ... AF13: =SUM($D13:O13) -> 0
B14: CỘNG | C14: =SUM(C6:C13) -> 0 | D14: =SUM(D6:D13) -> 0 | E14: =SUM(E6:E13) -> 0 | F14: =SUM(F6:F13) -> 0 | G14: =SUM(G6:G13) -> 0 | H14: =SUM(H6:H13) -> 0 | I14: =SUM(I6:I13) -> 0 | J14: =SUM(J6:J13) -> 0 | ... O14: =SUM(O6:O13) -> 0 | S14: CỘNG | U14: =SUM(U6:U13) -> 0 | V14: =SUM(V6:V13) -> 0 | W14: =SUM(W6:W13) -> 0 | X14: =SUM(X6:X13) -> 0 | Y14: =SUM(Y6:Y13) -> 0 | Z14: =SUM(Z6:Z13) -> 0 | AA14: =SUM(AA6:AA13) -> 0 | AB14: =SUM(AB6:AB13) -> 0 | ... AF14: =SUM(AF6:AF13) -> 0
B35: HDPE
B36: ĐVT: triệu đồng
A37: STT | B37: Nhóm mục tiêu | C37: 2025 | D37: 1 | E37: 2 | F37: 3 | G37: 4 | H37: 5 | I37: 6 | J37: 7 | K37: 8 | L37: 9 | M37: 10 | N37: 11 | O37: 12 | R37: STT | S37: Nhóm mục tiêu | T37: 2025 | U37: 1 | V37: 2 | W37: 3 | X37: 4 | Y37: 5 | Z37: 6 | AA37: 7 | AB37: 8 | AC37: 9 | AD37: 10 | AE37: 11 | AF37: 12
A38: 1 | B38: Tăng năng suất | C38: =SUM(D38:O38) -> 0 | D38: =SUMIFS('GTTK chung'!$P$4:$P$143,'GTTK chung'!$Q$4:$Q$143,2025,'GTTK chung'!$Q$4:$Q$143,D$37,'GTTK chung'!$E$4:$E$143,$B38,'GTTK chung'!$F$4:$F$143,"hdpe") -> 0 | E38: =SUMIFS('GTTK chung'!$P$4:$P$143,'GTTK chung'!$Q$4:$Q$143,2025,'GTTK chung'!$Q$4:$Q$143,E$37,'GTTK chung'!$E$4:$E$143,$B38,'GTTK chung'!$F$4:$F$143,"hdpe") -> 0 | F38: =SUMIFS('GTTK chung'!$P$4:$P$143,'GTTK chung'!$Q$4:$Q$143,2025,'GTTK chung'!$Q$4:$Q$143,F$37,'GTTK chung'!$E$4:$E$143,$B38,'GTTK chung'!$F$4:$F$143,"hdpe") -> 0 | G38: =SUMIFS('GTTK chung'!$P$4:$P$143,'GTTK chung'!$Q$4:$Q$143,2025,'GTTK chung'!$Q$4:$Q$143,G$37,'GTTK chung'!$E$4:$E$143,$B38,'GTTK chung'!$F$4:$F$143,"hdpe") -> 0 | H38: =SUMIFS('GTTK chung'!$P$4:$P$143,'GTTK chung'!$Q$4:$Q$143,2025,'GTTK chung'!$Q$4:$Q$143,H$37,'GTTK chung'!$E$4:$E$143,$B38,'GTTK chung'!$F$4:$F$143,"hdpe") -> 0 | I38: =SUMIFS('GTTK chung'!$P$4:$P$143,'GTTK chung'!$Q$4:$Q$143,2025,'GTTK chung'!$Q$4:$Q$143,I$37,'GTTK chung'!$E$4:$E$143,$B38,'GTTK chung'!$F$4:$F$143,"hdpe") -> 0 | J38: =SUMIFS('GTTK chung'!$P$4:$P$143,'GTTK chung'!$Q$4:$Q$143,2025,'GTTK chung'!$Q$4:$Q$143,J$37,'GTTK chung'!$E$4:$E$143,$B38,'GTTK chung'!$F$4:$F$143,"hdpe") -> 0 | K38: =SUMIFS('GTTK chung'!$P$4:$P$143,'GTTK chung'!$Q$4:$Q$143,2025,'GTTK chung'!$Q$4:$Q$143,K$37,'GTTK chung'!$E$4:$E$143,$B38,'GTTK chung'!$F$4:$F$143,"hdpe") -> 0 | ... O38: =SUMIFS('GTTK chung'!$P$4:$P$143,'GTTK chung'!$Q$4:$Q$143,2025,'GTTK chung'!$Q$4:$Q$143,O$37,'GTTK chung'!$E$4:$E$143,$B38,'GTTK chung'!$F$4:$F$143,"hdpe") -> 0 | R38: 1 | S38: Tăng năng suất | U38: =SUM($D38:D38) -> 0 | V38: =SUM($D38:E38) -> 0 | W38: =SUM($D38:F38) -> 0 | X38: =SUM($D38:G38) -> 0 | Y38: =SUM($D38:H38) -> 0 | Z38: =SUM($D38:I38) -> 0 | AA38: =SUM($D38:J38) -> 0 | AB38: =SUM($D38:K38) -> 0 | ... AF38: =SUM($D38:O38) -> 0
A39: 2 | B39: Tự động hóa | C39: =SUM(D39:O39) -> 0 | D39: =SUMIFS('GTTK chung'!$P$4:$P$143,'GTTK chung'!$Q$4:$Q$143,2025,'GTTK chung'!$Q$4:$Q$143,D$37,'GTTK chung'!$E$4:$E$143,$B39,'GTTK chung'!$F$4:$F$143,"hdpe") -> 0 | E39: =SUMIFS('GTTK chung'!$P$4:$P$143,'GTTK chung'!$Q$4:$Q$143,2025,'GTTK chung'!$Q$4:$Q$143,E$37,'GTTK chung'!$E$4:$E$143,$B39,'GTTK chung'!$F$4:$F$143,"hdpe") -> 0 | F39: =SUMIFS('GTTK chung'!$P$4:$P$143,'GTTK chung'!$Q$4:$Q$143,2025,'GTTK chung'!$Q$4:$Q$143,F$37,'GTTK chung'!$E$4:$E$143,$B39,'GTTK chung'!$F$4:$F$143,"hdpe") -> 0 | G39: =SUMIFS('GTTK chung'!$P$4:$P$143,'GTTK chung'!$Q$4:$Q$143,2025,'GTTK chung'!$Q$4:$Q$143,G$37,'GTTK chung'!$E$4:$E$143,$B39,'GTTK chung'!$F$4:$F$143,"hdpe") -> 0 | H39: =SUMIFS('GTTK chung'!$P$4:$P$143,'GTTK chung'!$Q$4:$Q$143,2025,'GTTK chung'!$Q$4:$Q$143,H$37,'GTTK chung'!$E$4:$E$143,$B39,'GTTK chung'!$F$4:$F$143,"hdpe") -> 0 | I39: =SUMIFS('GTTK chung'!$P$4:$P$143,'GTTK chung'!$Q$4:$Q$143,2025,'GTTK chung'!$Q$4:$Q$143,I$37,'GTTK chung'!$E$4:$E$143,$B39,'GTTK chung'!$F$4:$F$143,"hdpe") -> 0 | J39: =SUMIFS('GTTK chung'!$P$4:$P$143,'GTTK chung'!$Q$4:$Q$143,2025,'GTTK chung'!$Q$4:$Q$143,J$37,'GTTK chung'!$E$4:$E$143,$B39,'GTTK chung'!$F$4:$F$143,"hdpe") -> 0 | K39: =SUMIFS('GTTK chung'!$P$4:$P$143,'GTTK chung'!$Q$4:$Q$143,2025,'GTTK chung'!$Q$4:$Q$143,K$37,'GTTK chung'!$E$4:$E$143,$B39,'GTTK chung'!$F$4:$F$143,"hdpe") -> 0 | ... O39: =SUMIFS('GTTK chung'!$P$4:$P$143,'GTTK chung'!$Q$4:$Q$143,2025,'GTTK chung'!$Q$4:$Q$143,O$37,'GTTK chung'!$E$4:$E$143,$B39,'GTTK chung'!$F$4:$F$143,"hdpe") -> 0 | R39: 2 | S39: Gia tăng giá trị phó sản | U39: =SUM($D39:D39) -> 0 | V39: =SUM($D39:E39) -> 0 | W39: =SUM($D39:F39) -> 0 | X39: =SUM($D39:G39) -> 0 | Y39: =SUM($D39:H39) -> 0 | Z39: =SUM($D39:I39) -> 0 | AA39: =SUM($D39:J39) -> 0 | AB39: =SUM($D39:K39) -> 0 | ... AF39: =SUM($D39:O39) -> 0
A40: 3 | B40: Giảm hao hụt trong sản xuất | C40: =SUM(D40:O40) -> 0 | D40: =SUMIFS('GTTK chung'!$P$4:$P$143,'GTTK chung'!$Q$4:$Q$143,2025,'GTTK chung'!$Q$4:$Q$143,D$37,'GTTK chung'!$E$4:$E$143,$B40,'GTTK chung'!$F$4:$F$143,"hdpe") -> 0 | E40: =SUMIFS('GTTK chung'!$P$4:$P$143,'GTTK chung'!$Q$4:$Q$143,2025,'GTTK chung'!$Q$4:$Q$143,E$37,'GTTK chung'!$E$4:$E$143,$B40,'GTTK chung'!$F$4:$F$143,"hdpe") -> 0 | F40: =SUMIFS('GTTK chung'!$P$4:$P$143,'GTTK chung'!$Q$4:$Q$143,2025,'GTTK chung'!$Q$4:$Q$143,F$37,'GTTK chung'!$E$4:$E$143,$B40,'GTTK chung'!$F$4:$F$143,"hdpe") -> 0 | G40: =SUMIFS('GTTK chung'!$P$4:$P$143,'GTTK chung'!$Q$4:$Q$143,2025,'GTTK chung'!$Q$4:$Q$143,G$37,'GTTK chung'!$E$4:$E$143,$B40,'GTTK chung'!$F$4:$F$143,"hdpe") -> 0 | H40: =SUMIFS('GTTK chung'!$P$4:$P$143,'GTTK chung'!$Q$4:$Q$143,2025,'GTTK chung'!$Q$4:$Q$143,H$37,'GTTK chung'!$E$4:$E$143,$B40,'GTTK chung'!$F$4:$F$143,"hdpe") -> 0 | I40: =SUMIFS('GTTK chung'!$P$4:$P$143,'GTTK chung'!$Q$4:$Q$143,2025,'GTTK chung'!$Q$4:$Q$143,I$37,'GTTK chung'!$E$4:$E$143,$B40,'GTTK chung'!$F$4:$F$143,"hdpe") -> 0 | J40: =SUMIFS('GTTK chung'!$P$4:$P$143,'GTTK chung'!$Q$4:$Q$143,2025,'GTTK chung'!$Q$4:$Q$143,J$37,'GTTK chung'!$E$4:$E$143,$B40,'GTTK chung'!$F$4:$F$143,"hdpe") -> 0 | K40: =SUMIFS('GTTK chung'!$P$4:$P$143,'GTTK chung'!$Q$4:$Q$143,2025,'GTTK chung'!$Q$4:$Q$143,K$37,'GTTK chung'!$E$4:$E$143,$B40,'GTTK chung'!$F$4:$F$143,"hdpe") -> 0 | ... O40: =SUMIFS('GTTK chung'!$P$4:$P$143,'GTTK chung'!$Q$4:$Q$143,2025,'GTTK chung'!$Q$4:$Q$143,O$37,'GTTK chung'!$E$4:$E$143,$B40,'GTTK chung'!$F$4:$F$143,"hdpe") -> 0 | R40: 3 | S40: Kiểm soát giá mua | U40: =SUM($D40:D40) -> 0 | V40: =SUM($D40:E40) -> 0 | W40: =SUM($D40:F40) -> 0 | X40: =SUM($D40:G40) -> 0 | Y40: =SUM($D40:H40) -> 0 | Z40: =SUM($D40:I40) -> 0 | AA40: =SUM($D40:J40) -> 0 | AB40: =SUM($D40:K40) -> 0 | ... AF40: =SUM($D40:O40) -> 0
A41: 4 | B41: Tiết kiệm năng lượng | C41: =SUM(D41:O41) -> 0 | D41: =SUMIFS('GTTK chung'!$P$4:$P$143,'GTTK chung'!$Q$4:$Q$143,2025,'GTTK chung'!$Q$4:$Q$143,D$37,'GTTK chung'!$E$4:$E$143,$B41,'GTTK chung'!$F$4:$F$143,"hdpe") -> 0 | E41: =SUMIFS('GTTK chung'!$P$4:$P$143,'GTTK chung'!$Q$4:$Q$143,2025,'GTTK chung'!$Q$4:$Q$143,E$37,'GTTK chung'!$E$4:$E$143,$B41,'GTTK chung'!$F$4:$F$143,"hdpe") -> 0 | F41: =SUMIFS('GTTK chung'!$P$4:$P$143,'GTTK chung'!$Q$4:$Q$143,2025,'GTTK chung'!$Q$4:$Q$143,F$37,'GTTK chung'!$E$4:$E$143,$B41,'GTTK chung'!$F$4:$F$143,"hdpe") -> 0 | G41: =SUMIFS('GTTK chung'!$P$4:$P$143,'GTTK chung'!$Q$4:$Q$143,2025,'GTTK chung'!$Q$4:$Q$143,G$37,'GTTK chung'!$E$4:$E$143,$B41,'GTTK chung'!$F$4:$F$143,"hdpe") -> 0 | H41: =SUMIFS('GTTK chung'!$P$4:$P$143,'GTTK chung'!$Q$4:$Q$143,2025,'GTTK chung'!$Q$4:$Q$143,H$37,'GTTK chung'!$E$4:$E$143,$B41,'GTTK chung'!$F$4:$F$143,"hdpe") -> 0 | I41: =SUMIFS('GTTK chung'!$P$4:$P$143,'GTTK chung'!$Q$4:$Q$143,2025,'GTTK chung'!$Q$4:$Q$143,I$37,'GTTK chung'!$E$4:$E$143,$B41,'GTTK chung'!$F$4:$F$143,"hdpe") -> 0 | J41: =SUMIFS('GTTK chung'!$P$4:$P$143,'GTTK chung'!$Q$4:$Q$143,2025,'GTTK chung'!$Q$4:$Q$143,J$37,'GTTK chung'!$E$4:$E$143,$B41,'GTTK chung'!$F$4:$F$143,"hdpe") -> 0 | K41: =SUMIFS('GTTK chung'!$P$4:$P$143,'GTTK chung'!$Q$4:$Q$143,2025,'GTTK chung'!$Q$4:$Q$143,K$37,'GTTK chung'!$E$4:$E$143,$B41,'GTTK chung'!$F$4:$F$143,"hdpe") -> 0 | ... O41: =SUMIFS('GTTK chung'!$P$4:$P$143,'GTTK chung'!$Q$4:$Q$143,2025,'GTTK chung'!$Q$4:$Q$143,O$37,'GTTK chung'!$E$4:$E$143,$B41,'GTTK chung'!$F$4:$F$143,"hdpe") -> 0 | R41: 4 | S41: Giảm tỷ lệ phó sản | U41: =SUM($D41:D41) -> 0 | V41: =SUM($D41:E41) -> 0 | W41: =SUM($D41:F41) -> 0 | X41: =SUM($D41:G41) -> 0 | Y41: =SUM($D41:H41) -> 0 | Z41: =SUM($D41:I41) -> 0 | AA41: =SUM($D41:J41) -> 0 | AB41: =SUM($D41:K41) -> 0 | ... AF41: =SUM($D41:O41) -> 0
A42: 5 | B42: Giảm tỷ lệ phó sản | C42: =SUM(D42:O42) -> 0 | D42: =SUMIFS('GTTK chung'!$P$4:$P$143,'GTTK chung'!$Q$4:$Q$143,2025,'GTTK chung'!$Q$4:$Q$143,D$37,'GTTK chung'!$E$4:$E$143,$B42,'GTTK chung'!$F$4:$F$143,"hdpe") -> 0 | E42: =SUMIFS('GTTK chung'!$P$4:$P$143,'GTTK chung'!$Q$4:$Q$143,2025,'GTTK chung'!$Q$4:$Q$143,E$37,'GTTK chung'!$E$4:$E$143,$B42,'GTTK chung'!$F$4:$F$143,"hdpe") -> 0 | F42: =SUMIFS('GTTK chung'!$P$4:$P$143,'GTTK chung'!$Q$4:$Q$143,2025,'GTTK chung'!$Q$4:$Q$143,F$37,'GTTK chung'!$E$4:$E$143,$B42,'GTTK chung'!$F$4:$F$143,"hdpe") -> 0 | G42: =SUMIFS('GTTK chung'!$P$4:$P$143,'GTTK chung'!$Q$4:$Q$143,2025,'GTTK chung'!$Q$4:$Q$143,G$37,'GTTK chung'!$E$4:$E$143,$B42,'GTTK chung'!$F$4:$F$143,"hdpe") -> 0 | H42: =SUMIFS('GTTK chung'!$P$4:$P$143,'GTTK chung'!$Q$4:$Q$143,2025,'GTTK chung'!$Q$4:$Q$143,H$37,'GTTK chung'!$E$4:$E$143,$B42,'GTTK chung'!$F$4:$F$143,"hdpe") -> 0 | I42: =SUMIFS('GTTK chung'!$P$4:$P$143,'GTTK chung'!$Q$4:$Q$143,2025,'GTTK chung'!$Q$4:$Q$143,I$37,'GTTK chung'!$E$4:$E$143,$B42,'GTTK chung'!$F$4:$F$143,"hdpe") -> 0 | J42: =SUMIFS('GTTK chung'!$P$4:$P$143,'GTTK chung'!$Q$4:$Q$143,2025,'GTTK chung'!$Q$4:$Q$143,J$37,'GTTK chung'!$E$4:$E$143,$B42,'GTTK chung'!$F$4:$F$143,"hdpe") -> 0 | K42: =SUMIFS('GTTK chung'!$P$4:$P$143,'GTTK chung'!$Q$4:$Q$143,2025,'GTTK chung'!$Q$4:$Q$143,K$37,'GTTK chung'!$E$4:$E$143,$B42,'GTTK chung'!$F$4:$F$143,"hdpe") -> 0 | ... O42: =SUMIFS('GTTK chung'!$P$4:$P$143,'GTTK chung'!$Q$4:$Q$143,2025,'GTTK chung'!$Q$4:$Q$143,O$37,'GTTK chung'!$E$4:$E$143,$B42,'GTTK chung'!$F$4:$F$143,"hdpe") -> 0 | R42: 5 | S42: Khác | U42: =SUM($D42:D42) -> 0 | V42: =SUM($D42:E42) -> 0 | W42: =SUM($D42:F42) -> 0 | X42: =SUM($D42:G42) -> 0 | Y42: =SUM($D42:H42) -> 0 | Z42: =SUM($D42:I42) -> 0 | AA42: =SUM($D42:J42) -> 0 | AB42: =SUM($D42:K42) -> 0 | ... AF42: =SUM($D42:O42) -> 0
A43: 6 | B43: Gia tăng giá trị phó sản | C43: =SUM(D43:O43) -> 0 | D43: =SUMIFS('GTTK chung'!$P$4:$P$143,'GTTK chung'!$Q$4:$Q$143,2025,'GTTK chung'!$Q$4:$Q$143,D$37,'GTTK chung'!$E$4:$E$143,$B43,'GTTK chung'!$F$4:$F$143,"hdpe") -> 0 | E43: =SUMIFS('GTTK chung'!$P$4:$P$143,'GTTK chung'!$Q$4:$Q$143,2025,'GTTK chung'!$Q$4:$Q$143,E$37,'GTTK chung'!$E$4:$E$143,$B43,'GTTK chung'!$F$4:$F$143,"hdpe") -> 0 | F43: =SUMIFS('GTTK chung'!$P$4:$P$143,'GTTK chung'!$Q$4:$Q$143,2025,'GTTK chung'!$Q$4:$Q$143,F$37,'GTTK chung'!$E$4:$E$143,$B43,'GTTK chung'!$F$4:$F$143,"hdpe") -> 0 | G43: =SUMIFS('GTTK chung'!$P$4:$P$143,'GTTK chung'!$Q$4:$Q$143,2025,'GTTK chung'!$Q$4:$Q$143,G$37,'GTTK chung'!$E$4:$E$143,$B43,'GTTK chung'!$F$4:$F$143,"hdpe") -> 0 | H43: =SUMIFS('GTTK chung'!$P$4:$P$143,'GTTK chung'!$Q$4:$Q$143,2025,'GTTK chung'!$Q$4:$Q$143,H$37,'GTTK chung'!$E$4:$E$143,$B43,'GTTK chung'!$F$4:$F$143,"hdpe") -> 0 | I43: =SUMIFS('GTTK chung'!$P$4:$P$143,'GTTK chung'!$Q$4:$Q$143,2025,'GTTK chung'!$Q$4:$Q$143,I$37,'GTTK chung'!$E$4:$E$143,$B43,'GTTK chung'!$F$4:$F$143,"hdpe") -> 0 | J43: =SUMIFS('GTTK chung'!$P$4:$P$143,'GTTK chung'!$Q$4:$Q$143,2025,'GTTK chung'!$Q$4:$Q$143,J$37,'GTTK chung'!$E$4:$E$143,$B43,'GTTK chung'!$F$4:$F$143,"hdpe") -> 0 | K43: =SUMIFS('GTTK chung'!$P$4:$P$143,'GTTK chung'!$Q$4:$Q$143,2025,'GTTK chung'!$Q$4:$Q$143,K$37,'GTTK chung'!$E$4:$E$143,$B43,'GTTK chung'!$F$4:$F$143,"hdpe") -> 0 | ... O43: =SUMIFS('GTTK chung'!$P$4:$P$143,'GTTK chung'!$Q$4:$Q$143,2025,'GTTK chung'!$Q$4:$Q$143,O$37,'GTTK chung'!$E$4:$E$143,$B43,'GTTK chung'!$F$4:$F$143,"hdpe") -> 0 | R43: 6 | S43: Tự động hóa | U43: =SUM($D43:D43) -> 0 | V43: =SUM($D43:E43) -> 0 | W43: =SUM($D43:F43) -> 0 | X43: =SUM($D43:G43) -> 0 | Y43: =SUM($D43:H43) -> 0 | Z43: =SUM($D43:I43) -> 0 | AA43: =SUM($D43:J43) -> 0 | AB43: =SUM($D43:K43) -> 0 | ... AF43: =SUM($D43:O43) -> 0
A44: 7 | B44: Kiểm soát giá mua | C44: =SUM(D44:O44) -> 0 | D44: =SUMIFS('GTTK chung'!$P$4:$P$143,'GTTK chung'!$Q$4:$Q$143,2025,'GTTK chung'!$Q$4:$Q$143,D$37,'GTTK chung'!$E$4:$E$143,$B44,'GTTK chung'!$F$4:$F$143,"hdpe") -> 0 | E44: =SUMIFS('GTTK chung'!$P$4:$P$143,'GTTK chung'!$Q$4:$Q$143,2025,'GTTK chung'!$Q$4:$Q$143,E$37,'GTTK chung'!$E$4:$E$143,$B44,'GTTK chung'!$F$4:$F$143,"hdpe") -> 0 | F44: =SUMIFS('GTTK chung'!$P$4:$P$143,'GTTK chung'!$Q$4:$Q$143,2025,'GTTK chung'!$Q$4:$Q$143,F$37,'GTTK chung'!$E$4:$E$143,$B44,'GTTK chung'!$F$4:$F$143,"hdpe") -> 0 | G44: =SUMIFS('GTTK chung'!$P$4:$P$143,'GTTK chung'!$Q$4:$Q$143,2025,'GTTK chung'!$Q$4:$Q$143,G$37,'GTTK chung'!$E$4:$E$143,$B44,'GTTK chung'!$F$4:$F$143,"hdpe") -> 0 | H44: =SUMIFS('GTTK chung'!$P$4:$P$143,'GTTK chung'!$Q$4:$Q$143,2025,'GTTK chung'!$Q$4:$Q$143,H$37,'GTTK chung'!$E$4:$E$143,$B44,'GTTK chung'!$F$4:$F$143,"hdpe") -> 0 | I44: =SUMIFS('GTTK chung'!$P$4:$P$143,'GTTK chung'!$Q$4:$Q$143,2025,'GTTK chung'!$Q$4:$Q$143,I$37,'GTTK chung'!$E$4:$E$143,$B44,'GTTK chung'!$F$4:$F$143,"hdpe") -> 0 | J44: =SUMIFS('GTTK chung'!$P$4:$P$143,'GTTK chung'!$Q$4:$Q$143,2025,'GTTK chung'!$Q$4:$Q$143,J$37,'GTTK chung'!$E$4:$E$143,$B44,'GTTK chung'!$F$4:$F$143,"hdpe") -> 0 | K44: =SUMIFS('GTTK chung'!$P$4:$P$143,'GTTK chung'!$Q$4:$Q$143,2025,'GTTK chung'!$Q$4:$Q$143,K$37,'GTTK chung'!$E$4:$E$143,$B44,'GTTK chung'!$F$4:$F$143,"hdpe") -> 0 | ... O44: =SUMIFS('GTTK chung'!$P$4:$P$143,'GTTK chung'!$Q$4:$Q$143,2025,'GTTK chung'!$Q$4:$Q$143,O$37,'GTTK chung'!$E$4:$E$143,$B44,'GTTK chung'!$F$4:$F$143,"hdpe") -> 0 | R44: 7 | S44: Giảm hao hụt trong sản xuất | U44: =SUM($D44:D44) -> 0 | V44: =SUM($D44:E44) -> 0 | W44: =SUM($D44:F44) -> 0 | X44: =SUM($D44:G44) -> 0 | Y44: =SUM($D44:H44) -> 0 | Z44: =SUM($D44:I44) -> 0 | AA44: =SUM($D44:J44) -> 0 | AB44: =SUM($D44:K44) -> 0 | ... AF44: =SUM($D44:O44) -> 0
A45: 8 | B45: Khác | C45: =SUM(D45:O45) -> 0 | D45: =SUMIFS('GTTK chung'!$P$4:$P$143,'GTTK chung'!$Q$4:$Q$143,2025,'GTTK chung'!$Q$4:$Q$143,D$37,'GTTK chung'!$E$4:$E$143,$B45,'GTTK chung'!$F$4:$F$143,"hdpe") -> 0 | E45: =SUMIFS('GTTK chung'!$P$4:$P$143,'GTTK chung'!$Q$4:$Q$143,2025,'GTTK chung'!$Q$4:$Q$143,E$37,'GTTK chung'!$E$4:$E$143,$B45,'GTTK chung'!$F$4:$F$143,"hdpe") -> 0 | F45: =SUMIFS('GTTK chung'!$P$4:$P$143,'GTTK chung'!$Q$4:$Q$143,2025,'GTTK chung'!$Q$4:$Q$143,F$37,'GTTK chung'!$E$4:$E$143,$B45,'GTTK chung'!$F$4:$F$143,"hdpe") -> 0 | G45: =SUMIFS('GTTK chung'!$P$4:$P$143,'GTTK chung'!$Q$4:$Q$143,2025,'GTTK chung'!$Q$4:$Q$143,G$37,'GTTK chung'!$E$4:$E$143,$B45,'GTTK chung'!$F$4:$F$143,"hdpe") -> 0 | H45: =SUMIFS('GTTK chung'!$P$4:$P$143,'GTTK chung'!$Q$4:$Q$143,2025,'GTTK chung'!$Q$4:$Q$143,H$37,'GTTK chung'!$E$4:$E$143,$B45,'GTTK chung'!$F$4:$F$143,"hdpe") -> 0 | I45: =SUMIFS('GTTK chung'!$P$4:$P$143,'GTTK chung'!$Q$4:$Q$143,2025,'GTTK chung'!$Q$4:$Q$143,I$37,'GTTK chung'!$E$4:$E$143,$B45,'GTTK chung'!$F$4:$F$143,"hdpe") -> 0 | J45: =SUMIFS('GTTK chung'!$P$4:$P$143,'GTTK chung'!$Q$4:$Q$143,2025,'GTTK chung'!$Q$4:$Q$143,J$37,'GTTK chung'!$E$4:$E$143,$B45,'GTTK chung'!$F$4:$F$143,"hdpe") -> 0 | K45: =SUMIFS('GTTK chung'!$P$4:$P$143,'GTTK chung'!$Q$4:$Q$143,2025,'GTTK chung'!$Q$4:$Q$143,K$37,'GTTK chung'!$E$4:$E$143,$B45,'GTTK chung'!$F$4:$F$143,"hdpe") -> 0 | ... O45: =SUMIFS('GTTK chung'!$P$4:$P$143,'GTTK chung'!$Q$4:$Q$143,2025,'GTTK chung'!$Q$4:$Q$143,O$37,'GTTK chung'!$E$4:$E$143,$B45,'GTTK chung'!$F$4:$F$143,"hdpe") -> 0 | R45: 8 | S45: Tiết kiệm năng lượng | U45: =SUM($D45:D45) -> 0 | V45: =SUM($D45:E45) -> 0 | W45: =SUM($D45:F45) -> 0 | X45: =SUM($D45:G45) -> 0 | Y45: =SUM($D45:H45) -> 0 | Z45: =SUM($D45:I45) -> 0 | AA45: =SUM($D45:J45) -> 0 | AB45: =SUM($D45:K45) -> 0 | ... AF45: =SUM($D45:O45) -> 0
B46: CỘNG | C46: =SUM(C38:C45) -> 0 | D46: =SUM(D38:D45) -> 0 | E46: =SUM(E38:E45) -> 0 | F46: =SUM(F38:F45) -> 0 | G46: =SUM(G38:G45) -> 0 | H46: =SUM(H38:H45) -> 0 | I46: =SUM(I38:I45) -> 0 | J46: =SUM(J38:J45) -> 0 | ... O46: =SUM(O38:O45) -> 0 | S46: CỘNG | U46: =SUM(U38:U45) -> 0 | V46: =SUM(V38:V45) -> 0 | W46: =SUM(W38:W45) -> 0 | X46: =SUM(X38:X45) -> 0 | Y46: =SUM(Y38:Y45) -> 0 | Z46: =SUM(Z38:Z45) -> 0 | AA46: =SUM(AA38:AA45) -> 0 | AB46: =SUM(AB38:AB45) -> 0 | ... AF46: =SUM(AF38:AF45) -> 0
B66: CHUNG
B67: ĐVT: triệu đồng
A68: STT | B68: Nhóm mục tiêu | R68: STT | S68: Nhóm mục tiêu
A69: 1 | B69: Tăng năng suất | R69: 1 | S69: Tăng năng suất
A70: 2 | B70: Tự động hóa | R70: 2 | S70: Gia tăng giá trị phó sản
A71: 3 | B71: Giảm hao hụt trong sản xuất | R71: 3 | S71: Kiểm soát giá mua
A72: 4 | B72: Tiết kiệm năng lượng | R72: 4 | S72: Giảm tỷ lệ phó sản
A73: 5 | B73: Giảm tỷ lệ phó sản | R73: 5 | S73: Khác
A74: 6 | B74: Gia tăng giá trị phó sản | R74: 6 | S74: Tự động hóa
A75: 7 | B75: Kiểm soát giá mua | R75: 7 | S75: Giảm hao hụt trong sản xuất
A76: 8 | B76: Khác | R76: 8 | S76: Tiết kiệm năng lượng
B77: CỘNG | S77: CỘNG

Sheet PET-HDPE
A3: STT | B3: Nội dung | C3: Tiết kiệm (USD/tấn)
A4: 1 | B4: Phân loại chai B8 tại chuyền | C4: -20
A5: 2 | B5: Cải tiến lột nhãn bình Lavie 5 gallon + cấp liệu vào máy băm CARN-01 | C5: -10.1
A6: 3 | B6: Cải tiến lắp thiết bị xả bao jumbo vảy 500kg tự động + đầu tư xe nâng cân điện tử -> giảm người chuyền rửa | C6: -1.8
A7: 4 | B7: Cải tiến quy trình lựa chai trên chuyền băm PET 1 và 2 | C7: -2.4
A8: 5 | B8: Giảm xe nâng chuyền tạo hạt | C8: -2.4
A9: 6 | B9: Giảm tỷ lệ vảy Tomra, Zigzag | C9: -28.9
A10: 7 | B10: Đổi sử dụng hóa chất tẩy rửa chuyền băm RP7 - NaOH | C10: -0.3
A11: 8 | B11: Tận dụng bồn trộn máy Starlinger | C11: -6.2
A12: 9 | B12: Thay đổi cùm dao máy Starlinger 330 để tăng tuổi thọ/giảm chi phí dao/khuôn | C12: -4.5
