Workbook

Sheet Cảnh báo giá mua
B3: C:\Data\GĐ Tài chính\Cost Controlling\Costing Flow Chart\Báo CT _Model\PET_FULL_CFO_OPTIMIZATION.xlsx
B5: Cty | C5: CPC
B6: Cty | C6: Far Eastern
B7: Cty | C7: Nhóm Trung Quốc

Sheet Sheet3
B2: BẢNG TÍNH SETTLEMENT RULE BOM - ROUTING (co-product)
M3: Hide | P3: Giá BO sau Phân loại
B4: I. | C4: CÔNG ĐOẠN PHÂN LOẠI CHAI | D4: BOM - KẾ HOẠCH | F4: Sản lượng thành phẩm thực tế | G4: Hệ số quy đổi | H4: Sản lượng thành phẩm quy đổi | I4: Giá trị nguyên liệu phân bổ cho thành phẩm quy đổi | J4: Settlement rule - BOM | K4: Settlement rule - ROUTING | L4: Ghi chú | M4: Giá bán hiện tại | N4: Hệ số quy đổi giá bán | O4: Gap (đảm bảo chi phí và lợi nhuận) | P4: GT NVL | Q4: CFSX | R4: GT SP Trạm | S4: LG | T4: % | V4: Đlộc | X4: KN | Z4: ĐLâm | AB4: Giá thị trường
D5: Số lượng | E5: Tỷ lệ | F5: (1) | G5: (2) | H5: (3)= (1)*(2) | I5: (4) | J5: Tỷ lệ | K5: Tỷ lệ | M5: =MAX(V5,X5,Z5) -> 0.10667325 | U5: Hao hụt | V5: ='[1]1. Đại Lộc'!$O$334 -> 0.10096034 | X5: ='[1]2. Khánh Nga'!$O$39 -> 0.097733527 | Z5: ='[1]3. Đồng Lâm'!$O$344 -> 0.10667325
B6: 150000001 | C6: Chai PET xá | D6: 1000 | E6: =SUM(E7:E20) -> 1 | I6: =D6*$M$6 -> 11300000 | J6: =SUM(J7:J19) -> 1 | K6: =SUM(K7:K19) -> 1 | M6: 11300 | Q6: 3000 | V6: ='[2]3.CP_TAN'!$Q$78 -> 3684.4011 | X6: ='[2]3.CP_TAN'!$R$78 -> 2894.8843 | Z6: ='[2]3.CP_TAN'!$S$78 -> 2609.6553 | AB6: 10000
B7: 160000001 | C7: Chai PET B1.1 | D7: 540 | E7: 0.54 | F7: =D7 -> 540 | G7: 1.25 | H7: =F7*G7 -> 675 | I7: =$I$6/$H$21*H7 -> 7257373.9 | J7: =I7/$I$6 -> 0.64224548 | K7: =J7 -> 0.64224548 | L7: (4) = Tổng giá trị NVL /(Tổng số lượng TP quy đổi) * Sl Tp quy đổi. (5) = Giá trị nguyên liệu phân bổ cho thành phẩm quy đổi / Tổng giá trị nguyên liệu phân bổ cho thành phẩm quy đổi | M7: =ROUND($M$6+$M$6*$M$5+O7,-2) -> 16400 | N7: =M7/$M$21 -> 1.2471483 | O7: 3900 | P7: =I7/F7 -> 13439.581 | Q7: =$Q$6*K7 -> 1926.7364 | R7: =P7+Q7 -> 15366.318 | S7: =M7-R7 -> 1033.6822 | T7: =S7/M7 -> 0.063029403 | U7: ='[1]1. Đại Lộc'!B327 -> % Chai B1 | V7: ='[1]1. Đại Lộc'!O327 -> 0.65050165 | W7: ='[1]2. Khánh Nga'!B32 -> % Chai B1 | X7: ='[1]2. Khánh Nga'!O32 -> 0.5258354 | Y7: ='[1]3. Đồng Lâm'!B337 -> % Chai B1 | Z7: ='[1]3. Đồng Lâm'!O337 -> 0.50053443 | AB7: 14500 | AC7: 11200 | AE7: =T7*V7 -> 0.041000731 | AF7: =ROUND($M$6+$M$6*$M$5,-2) -> 12500
B8: 160000081 | C8: Chai PET B1.3 | F8: =D8 -> 0 | H8: =F8*G8 -> 0 | I8: =$I$6/$H$21*H8 -> 0 | J8: =I8/$I$6 -> 0 | K8: =J8 -> 0 | N8: =M8/$M$21 -> 0 | O8: =O7 -> 3900 | P8: =I8/F8 -> #DIV/0! | Q8: =$Q$6*K8 -> 0 | R8: =P8+Q8 -> #DIV/0! | S8: =M8-R8 -> #DIV/0! | T8: =S8/M8 -> #DIV/0! | AE8: =T8*V8 -> #DIV/0!
B9: 160000002 | C9: Chai PET B2.2 | D9: 30 | E9: 0.03 | F9: =D9 -> 30 | G9: 1.1 | H9: =F9*G9 -> 33 | I9: =$I$6/$H$21*H9 -> 354804.95 | J9: =I9/$I$6 -> 0.031398668 | K9: =J9 -> 0.031398668 | M9: =ROUND($M$6+$M$6*$M$5+O9,-2) -> 14500 | N9: =M9/$M$21 -> 1.1026616 | O9: 2000 | P9: =I9/F9 -> 11826.832 | Q9: =$Q$6*K9 -> 94.196004 | R9: =P9+Q9 -> 11921.028 | S9: =M9-R9 -> 2578.9724 | T9: =S9/M9 -> 0.17786017 | U9: ='[1]1. Đại Lộc'!B328 -> % Chai B2.2 | V9: ='[1]1. Đại Lộc'!O328 -> 0.0053561787 | W9: ='[1]2. Khánh Nga'!B33 -> % Chai B2.2 | X9: ='[1]2. Khánh Nga'!O33 -> 0.078724377 | Y9: ='[1]3. Đồng Lâm'!B338 -> % Chai B2.2 | Z9: ='[1]3. Đồng Lâm'!O338 -> 0.08356034 | AE9: =T9*V9 -> 0.00095265083
B10: 160000063 | C10: Chai PET B4 | D10: 20 | E10: 0.02 | F10: =D10 -> 20 | G10: 1 | H10: =F10*G10 -> 20 | I10: =$I$6/$H$21*H10 -> 215033.3 | J10: =I10/$I$6 -> 0.019029496 | K10: =J10 -> 0.019029496 | M10: =ROUND($M$6+$M$6*$M$5+O10,-2) -> 13000 | N10: =M10/$M$21 -> 0.98859316 | O10: 500 | P10: =I10/F10 -> 10751.665 | Q10: =$Q$6*K10 -> 57.088487 | R10: =P10+Q10 -> 10808.754 | S10: =M10-R10 -> 2191.2464 | T10: =S10/M10 -> 0.16855742 | U10: ='[1]2. Khánh Nga'!B35 -> % Chai B4 | V10: ='[1]2. Khánh Nga'!O35 -> 0.014912634 | W10: ='[1]2. Khánh Nga'!B35 -> % Chai B4 | X10: ='[1]2. Khánh Nga'!O35 -> 0.014912634 | Y10: ='[1]3. Đồng Lâm'!B340 -> % Chai B4 | Z10: ='[1]3. Đồng Lâm'!O340 -> 0.019139602 | AE10: =T10*V10 -> 0.0025136351
B11: 160000004 | C11: Chai PET B5 | D11: 20 | E11: 0.02 | F11: =D11 -> 20 | G11: 1 | H11: =F11*G11 -> 20 | I11: =$I$6/$H$21*H11 -> 215033.3 | J11: =I11/$I$6 -> 0.019029496 | K11: =J11 -> 0.019029496 | M11: =ROUND($M$6+$M$6*$M$5+O11,-2) -> 13000 | N11: =M11/$M$21 -> 0.98859316 | O11: =O10 -> 500 | P11: =I11/F11 -> 10751.665 | Q11: =$Q$6*K11 -> 57.088487 | R11: =P11+Q11 -> 10808.754 | S11: =M11-R11 -> 2191.2464 | T11: =S11/M11 -> 0.16855742 | U11: ='[1]2. Khánh Nga'!B36 -> % Chai B5 | V11: ='[1]2. Khánh Nga'!O36 -> 0.019802359 | W11: ='[1]2. Khánh Nga'!B36 -> % Chai B5 | X11: ='[1]2. Khánh Nga'!O36 -> 0.019802359 | Y11: ='[1]3. Đồng Lâm'!B341 -> % Chai B5 | Z11: ='[1]3. Đồng Lâm'!O341 -> 0.010656982 | AE11: =T11*V11 -> 0.0033378344
C12: Chai PET B6.1 | F12: =D12 -> 0 | H12: =F12*G12 -> 0 | I12: =$I$6/$H$21*H12 -> 0 | J12: =I12/$I$6 -> 0 | K12: =J12 -> 0 | N12: =M12/$M$21 -> 0 | O12: =O8 -> 3900 | P12: =I12/F12 -> #DIV/0! | Q12: =$Q$6*K12 -> 0 | R12: =P12+Q12 -> #DIV/0! | S12: =M12-R12 -> #DIV/0! | T12: =S12/M12 -> #DIV/0! | AE12: =T12*V12 -> #DIV/0!
B13: 160000005 | C13: Chai PET B6.2 | D13: 270 | E13: 0.27 | F13: =D13 -> 270 | G13: 1.1 | H13: =F13*G13 -> 297 | I13: =$I$6/$H$21*H13 -> 3193244.5 | J13: =I13/$I$6 -> 0.28258801 | K13: =J13 -> 0.28258801 | M13: =ROUND($M$6+$M$6*$M$5+O13,-2) -> 14500 | N13: =M13/$M$21 -> 1.1026616 | O13: =O9 -> 2000 | P13: =I13/F13 -> 11826.832 | Q13: =$Q$6*K13 -> 847.76403 | R13: =P13+Q13 -> 12674.596 | S13: =M13-R13 -> 1825.4044 | T13: =S13/M13 -> 0.12588996 | U13: ='[1]1. Đại Lộc'!B329 -> % Chai B6.2 | V13: ='[1]1. Đại Lộc'!O329 -> 0.19170632 | W13: ='[1]2. Khánh Nga'!B34 -> % Chai B6.2 | X13: ='[1]2. Khánh Nga'!O34 -> 0.23118717 | Y13: ='[1]3. Đồng Lâm'!B339 -> % Chai B6.2 | Z13: ='[1]3. Đồng Lâm'!O339 -> 0.26757253 | AE13: =T13*V13 -> 0.024133901
B14: 160000007 | C14: Nắp HD Ép Các Màu HDE-06 | D14: 10 | E14: 0.01 | F14: =D14 -> 10 | G14: 0.6 | H14: =F14*G14 -> 6 | I14: =$I$6/$H$21*H14 -> 64509.99 | J14: =I14/$I$6 -> 0.0057088487 | K14: =J14 -> 0.0057088487 | M14: =ROUND($M$6+$M$6*$M$5+O14,-2) -> 7500 | N14: =M14/$M$21 -> 0.57034221 | O14: -5000 | P14: =I14/F14 -> 6450.999 | Q14: =$Q$6*K14 -> 17.126546 | R14: =P14+Q14 -> 6468.1256 | S14: =M14-R14 -> 1031.8744 | T14: =S14/M14 -> 0.13758325 | U14: ='[1]2. Khánh Nga'!B37 -> % Nắp | V14: ='[1]2. Khánh Nga'!O37 -> 0.031786115 | W14: ='[1]2. Khánh Nga'!B37 -> % Nắp | X14: ='[1]2. Khánh Nga'!O37 -> 0.031786115 | Y14: ='[1]3. Đồng Lâm'!B342 -> % Nắp | Z14: ='[1]3. Đồng Lâm'!O342 -> 0.0029470813 | AE14: =T14*V14 -> 0.0043732371
C15: Chai PET B7.1 | E15: 0 | N15: =M15/$M$21 -> 0 | P15: =I15/F15 -> #DIV/0! | Q15: =$Q$6*K15 -> 0 | R15: =P15+Q15 -> #DIV/0! | S15: =M15-R15 -> #DIV/0! | T15: =S15/M15 -> #DIV/0! | AE15: =T15*V15 -> #DIV/0!
B16: 160000084 | C16: Chai PET B7.2 | E16: 0 | N16: =M16/$M$21 -> 0 | O16: -1000 | P16: =I16/F16 -> #DIV/0! | Q16: =$Q$6*K16 -> 0 | R16: =P16+Q16 -> #DIV/0! | S16: =M16-R16 -> #DIV/0! | T16: =S16/M16 -> #DIV/0! | U16: ='[1]2. Khánh Nga'!B38 -> % Chai B7.2 | V16: ='[1]2. Khánh Nga'!O38 -> 1.842727e-05 | W16: ='[1]2. Khánh Nga'!B38 -> % Chai B7.2 | X16: ='[1]2. Khánh Nga'!O38 -> 1.842727e-05 | Y16: ='[1]3. Đồng Lâm'!B343 -> % Phó sản | Z16: ='[1]3. Đồng Lâm'!O343 -> 0.0089157794
B17: 160000062 | C17: Cổ Chai PET | E17: 0 | N17: =M17/$M$21 -> 0 | O17: 2000 | P17: =I17/F17 -> #DIV/0! | Q17: =$Q$6*K17 -> 0 | R17: =P17+Q17 -> #DIV/0! | S17: =M17-R17 -> #DIV/0! | T17: =S17/M17 -> #DIV/0!
B18: 160000006 | C18: Hao Hụt - Tạp chất | D18: 10 | E18: 0.01 | P18: =I18/F18 -> #DIV/0! | Q18: =$Q$6*K18 -> 0 | R18: =P18+Q18 -> #DIV/0! | S18: =M18-R18 -> #DIV/0! | T18: =S18/M18 -> #DIV/0!
B19: 800000006 | C19: Hao hụt - nhãn chai PET | D19: 60 | E19: 0.06 | P19: =I19/F19 -> #DIV/0! | Q19: =$Q$6*K19 -> 0 | R19: =P19+Q19 -> #DIV/0! | S19: =M19-R19 -> #DIV/0! | T19: =S19/M19 -> #DIV/0!
C20: Hao hụt vô hình | D20: =D6-SUM(D7:D19) -> 40 | E20: 0.04 | P20: =I20/F20 -> #DIV/0! | Q20: =$Q$6*K20 -> 0 | R20: =P20+Q20 -> #DIV/0! | S20: =M20-R20 -> #DIV/0! | T20: =S20/M20 -> #DIV/0!
C21: TỔNG | D21: =SUM(D7:D20) -> 1000 | E21: =SUM(E7:E20) -> 1 | F21: =SUM(F7:F20) -> 890 | G21: =SUM(G7:G20) -> 6.05 | H21: =SUM(H7:H20) -> 1051 | I21: =SUM(I7:I20) -> 11300000 | M21: =AVERAGE(M7:M19) -> 13150 | P21: =I21/F21 -> 12696.629 | T21: =S21/M21 -> 0
P22: =10000/(F21/1000)-P21 -> -1460.6742
B24: II. | C24: CÔNG ĐOẠN BĂM CHAI B6.2 | D24: BOM - KẾ HOẠCH | F24: Sản lượng thành phẩm thực tế | G24: Hệ số quy đổi | H24: Sản lượng thành phẩm quy đổi | I24: Giá trị nguyên liệu phân bổ cho thành phẩm quy đổi | J24: Settlement rule - BOM | K24: Settlement rule - ROUTING | L24: Ghi chú | M24: Giá bán hiện tại | N24: Hệ số quy đổi giá bán
D25: Số lượng | E25: Tỷ lệ | F25: (1) | G25: (2) | H25: (3)= (1)*(2) | I25: (4) | J25: Tỷ lệ | K25: Tỷ lệ
B26: 160000005 | C26: Chai PET B6.2 | D26: 600 | F26: =SUM(F27:F31) -> 1080 | G26: =SUM(G27:G31) -> 4.1 | I26: =I13/F13*D26 -> 7096099
B27: 160000027 | C27: Vảy PET B6.2_A6 | D27: =D26*E27 -> 510 | E27: 0.85 | F27: =D27 -> 510 | G27: 1.35 | H27: =F27*G27 -> 688.5 | I27: =$I$26/$H$31*H27 -> 6886066.4 | J27: =I27/$I$26 -> 0.97040169 | K27: =J27 -> 0.97040169 | L27: (4) = Tổng giá trị NVL /(Tổng số lượng TP quy đổi) * Sl Tp quy đổi. (5) = Giá trị nguyên liệu phân bổ cho thành phẩm quy đổi / Tổng giá trị nguyên liệu phân bổ cho thành phẩm quy đổi | M27: =ROUND($M$13+O27,-2) -> 16500 | N27: =M27/$M$31 -> 1.2692308 | O27: 2000 | P27: 2500
B28: 160000059 | C28: Vảy nắp hỗn hợp B6.2 | D28: =D26*E28 -> 30 | E28: 0.05 | F28: =D28 -> 30 | G28: 0.7 | H28: =F28*G28 -> 21 | I28: =$I$26/$H$31*H28 -> 210032.53 | J28: =I28/$I$26 -> 0.029598309 | K28: =J28 -> 0.029598309 | M28: =ROUND($M$14+O28,-2) -> 9500 | N28: =M28/$M$31 -> 0.73076923 | O28: =O27 -> 2000 | P28: 2500
C29: Phó sản bụi cám | D29: =D26*5% -> 30
C30: Hao hụt vô hình | D30: =D26*5% -> 30
C31: TỔNG | D31: =SUM(D27:D30) -> 600 | F31: =SUM(F27:F30) -> 540 | G31: =SUM(G27:G30) -> 2.05 | H31: =SUM(H27:H30) -> 709.5 | M31: =AVERAGE(M27:M30) -> 13000
C33: Vảy PET_A5.1 mua ngoài | AB33: 16300

Sheet BOM&NRV
B2: BẢNG TÍNH SETTLEMENT RULE BOM - ROUTING (co-product)
M3: Hide
B4: I. | C4: CÔNG ĐOẠN PHÂN LOẠI CHAI | D4: BOM - KẾ HOẠCH | F4: Sản lượng thành phẩm thực tế | G4: Hệ số quy đổi | H4: Sản lượng thành phẩm quy đổi | I4: Giá trị nguyên liệu phân bổ cho thành phẩm quy đổi | J4: Settlement rule - BOM | K4: Settlement rule - ROUTING | L4: Ghi chú | M4: Giá bán hiện tại | N4: Hệ số quy đổi giá bán | P4: GT NVL | Q4: CFSX | R4: GT SP Trạm | S4: LG | T4: %
D5: Số lượng | E5: Tỷ lệ | F5: (1) | G5: (2) | H5: (3)= (1)*(2) | I5: (4) | J5: Tỷ lệ | K5: Tỷ lệ
B6: 150000001 | C6: Chai PET xá | D6: 1000 | E6: =SUM(E7:E20) -> 1 | I6: =D6*10000 -> 10000000 | J6: =SUM(J7:J19) -> 1 | K6: =SUM(K7:K19) -> 1 | Q6: 3000
B7: 160000001 | C7: Chai PET B1.1 | D7: 540 | E7: 0.54 | F7: =D7 -> 540 | G7: 1.25 | H7: =F7*G7 -> 675 | I7: =$I$6/$H$21*H7 -> 6422454.8 | J7: =I7/$I$6 -> 0.64224548 | K7: =J7 -> 0.64224548 | L7: (4) = Tổng giá trị NVL /(Tổng số lượng TP quy đổi) * Sl Tp quy đổi. (5) = Giá trị nguyên liệu phân bổ cho thành phẩm quy đổi / Tổng giá trị nguyên liệu phân bổ cho thành phẩm quy đổi | M7: =ROUND(11000+11000*14%+4000,-2) -> 16500 | N7: =M7/$M$21 -> 1.2222222 | P7: =I7/F7 -> 11893.435 | Q7: =$Q$6*K7 -> 1926.7364 | R7: =P7+Q7 -> 13820.171 | S7: =M7-R7 -> 2679.8287 | T7: =S7/M7 -> 0.16241386
B8: 160000081 | C8: Chai PET B1.3 | F8: =D8 -> 0 | H8: =F8*G8 -> 0 | I8: =$I$6/$H$21*H8 -> 0 | J8: =I8/$I$6 -> 0 | K8: =J8 -> 0 | N8: =M8/$M$21 -> 0 | P8: =I8/F8 -> #DIV/0! | Q8: =$Q$6*K8 -> 0 | R8: =P8+Q8 -> #DIV/0! | S8: =M8-R8 -> #DIV/0! | T8: =S8/M8 -> #DIV/0!
B9: 160000002 | C9: Chai PET B2.2 | D9: 30 | E9: 0.03 | F9: =D9 -> 30 | G9: 1.1 | H9: =F9*G9 -> 33 | I9: =$I$6/$H$21*H9 -> 313986.68 | J9: =I9/$I$6 -> 0.031398668 | K9: =J9 -> 0.031398668 | M9: =ROUND(11000+11000*14%+2500,-2) -> 15000 | N9: =M9/$M$21 -> 1.1111111 | P9: =I9/F9 -> 10466.223 | Q9: =$Q$6*K9 -> 94.196004 | R9: =P9+Q9 -> 10560.419 | S9: =M9-R9 -> 4439.5814 | T9: =S9/M9 -> 0.29597209
B10: 160000063 | C10: Chai PET B4 | D10: 20 | E10: 0.02 | F10: =D10 -> 20 | G10: 1 | H10: =F10*G10 -> 20 | I10: =$I$6/$H$21*H10 -> 190294.96 | J10: =I10/$I$6 -> 0.019029496 | K10: =J10 -> 0.019029496 | M10: =ROUND(11000+11000*14%+1000,-2) -> 13500 | N10: =M10/$M$21 -> 1 | P10: =I10/F10 -> 9514.7479 | Q10: =$Q$6*K10 -> 57.088487 | R10: =P10+Q10 -> 9571.8363 | S10: =M10-R10 -> 3928.1637 | T10: =S10/M10 -> 0.29097509
B11: 160000004 | C11: Chai PET B5 | D11: 20 | E11: 0.02 | F11: =D11 -> 20 | G11: 1 | H11: =F11*G11 -> 20 | I11: =$I$6/$H$21*H11 -> 190294.96 | J11: =I11/$I$6 -> 0.019029496 | K11: =J11 -> 0.019029496 | M11: =ROUND(11000+11000*14%+1000,-2) -> 13500 | N11: =M11/$M$21 -> 1 | P11: =I11/F11 -> 9514.7479 | Q11: =$Q$6*K11 -> 57.088487 | R11: =P11+Q11 -> 9571.8363 | S11: =M11-R11 -> 3928.1637 | T11: =S11/M11 -> 0.29097509
C12: Chai PET B6.1 | F12: =D12 -> 0 | H12: =F12*G12 -> 0 | I12: =$I$6/$H$21*H12 -> 0 | J12: =I12/$I$6 -> 0 | K12: =J12 -> 0 | N12: =M12/$M$21 -> 0 | P12: =I12/F12 -> #DIV/0! | Q12: =$Q$6*K12 -> 0 | R12: =P12+Q12 -> #DIV/0! | S12: =M12-R12 -> #DIV/0! | T12: =S12/M12 -> #DIV/0!
B13: 160000005 | C13: Chai PET B6.2 | D13: 270 | E13: 0.27 | F13: =D13 -> 270 | G13: 1.1 | H13: =F13*G13 -> 297 | I13: =$I$6/$H$21*H13 -> 2825880.1 | J13: =I13/$I$6 -> 0.28258801 | K13: =J13 -> 0.28258801 | M13: =ROUND(11000+11000*14%+2500,-2) -> 15000 | N13: =M13/$M$21 -> 1.1111111 | P13: =I13/F13 -> 10466.223 | Q13: =$Q$6*K13 -> 847.76403 | R13: =P13+Q13 -> 11313.987 | S13: =M13-R13 -> 3686.0133 | T13: =S13/M13 -> 0.24573422
B14: 160000007 | C14: Nắp HD Ép Các Màu HDE-06 | D14: 10 | E14: 0.01 | F14: =D14 -> 10 | G14: 0.6 | H14: =F14*G14 -> 6 | I14: =$I$6/$H$21*H14 -> 57088.487 | J14: =I14/$I$6 -> 0.0057088487 | K14: =J14 -> 0.0057088487 | M14: =ROUND(11000+11000*14%-5000,-2) -> 7500 | N14: =M14/$M$21 -> 0.55555556 | P14: =I14/F14 -> 5708.8487 | Q14: =$Q$6*K14 -> 17.126546 | R14: =P14+Q14 -> 5725.9753 | S14: =M14-R14 -> 1774.0247 | T14: =S14/M14 -> 0.23653663
C15: Chai PET B7.1 | E15: 0 | N15: =M15/$M$21 -> 0 | P15: =I15/F15 -> #DIV/0! | Q15: =$Q$6*K15 -> 0 | R15: =P15+Q15 -> #DIV/0! | S15: =M15-R15 -> #DIV/0! | T15: =S15/M15 -> #DIV/0!
B16: 160000084 | C16: Chai PET B7.2 | E16: 0 | N16: =M16/$M$21 -> 0 | P16: =I16/F16 -> #DIV/0! | Q16: =$Q$6*K16 -> 0 | R16: =P16+Q16 -> #DIV/0! | S16: =M16-R16 -> #DIV/0! | T16: =S16/M16 -> #DIV/0!
B17: 160000062 | C17: Cổ Chai PET | E17: 0 | N17: =M17/$M$21 -> 0 | P17: =I17/F17 -> #DIV/0! | Q17: =$Q$6*K17 -> 0 | R17: =P17+Q17 -> #DIV/0! | S17: =M17-R17 -> #DIV/0! | T17: =S17/M17 -> #DIV/0!
B18: 160000006 | C18: Hao Hụt - Tạp chất | D18: 10 | E18: 0.01 | P18: =I18/F18 -> #DIV/0! | Q18: =$Q$6*K18 -> 0 | R18: =P18+Q18 -> #DIV/0! | S18: =M18-R18 -> #DIV/0! | T18: =S18/M18 -> #DIV/0!
B19: 800000006 | C19: Hao hụt - nhãn chai PET | D19: 60 | E19: 0.06 | P19: =I19/F19 -> #DIV/0! | Q19: =$Q$6*K19 -> 0 | R19: =P19+Q19 -> #DIV/0! | S19: =M19-R19 -> #DIV/0! | T19: =S19/M19 -> #DIV/0!
C20: Hao hụt vô hình | D20: =D6-SUM(D7:D19) -> 40 | E20: 0.04 | P20: =I20/F20 -> #DIV/0! | Q20: =$Q$6*K20 -> 0 | R20: =P20+Q20 -> #DIV/0! | S20: =M20-R20 -> #DIV/0! | T20: =S20/M20 -> #DIV/0!
C21: TỔNG | D21: =SUM(D7:D20) -> 1000 | E21: =SUM(E7:E20) -> 1 | F21: =SUM(F7:F20) -> 890 | G21: =SUM(G7:G20) -> 6.05 | H21: =SUM(H7:H20) -> 1051 | I21: =SUM(I7:I20) -> 10000000 | M21: =AVERAGE(M7:M19) -> 13500 | P21: =I21/F21 -> 11235.955 | T21: =S21/M21 -> 0
P22: =10000/(F21/1000)-P21 -> 0
B24: II. | C24: CÔNG ĐOẠN BĂM CHAI B6.2 | D24: BOM - KẾ HOẠCH | F24: Sản lượng thành phẩm thực tế | G24: Hệ số quy đổi | H24: Sản lượng thành phẩm quy đổi | I24: Giá trị nguyên liệu phân bổ cho thành phẩm quy đổi | J24: Settlement rule - BOM | K24: Settlement rule - ROUTING | L24: Ghi chú | M24: Giá bán hiện tại | N24: Hệ số quy đổi giá bán
D25: Số lượng | E25: Tỷ lệ | F25: (1) | G25: (2) | H25: (3)= (1)*(2) | I25: (4) | J25: Tỷ lệ | K25: Tỷ lệ
B26: 160000005 | C26: Chai PET B6.2 | D26: 600 | F26: =SUM(F27:F31) -> 1080 | G26: =SUM(G27:G31) -> 4.1 | I26: =I13/F13*D26 -> 6279733.6
B27: 160000027 | C27: Vảy PET B6.2_A6 | D27: =D26*E27 -> 510 | E27: 0.85 | F27: =D27 -> 510 | G27: 1.35 | H27: =F27*G27 -> 688.5 | I27: =$I$26/$H$31*H27 -> 6093864.1 | J27: =I27/$I$26 -> 0.97040169 | K27: =J27 -> 0.97040169 | L27: (4) = Tổng giá trị NVL /(Tổng số lượng TP quy đổi) * Sl Tp quy đổi. (5) = Giá trị nguyên liệu phân bổ cho thành phẩm quy đổi / Tổng giá trị nguyên liệu phân bổ cho thành phẩm quy đổi | M27: 18500 | N27: =M27/$M$31 -> 1.3214286
B28: 160000059 | C28: Vảy nắp hỗn hợp B6.2 | D28: =D26*E28 -> 30 | E28: 0.05 | F28: =D28 -> 30 | G28: 0.7 | H28: =F28*G28 -> 21 | I28: =$I$26/$H$31*H28 -> 185869.49 | J28: =I28/$I$26 -> 0.029598309 | K28: =J28 -> 0.029598309 | M28: 9500 | N28: =M28/$M$31 -> 0.67857143
C29: Phó sản bụi cám | D29: =D26*5% -> 30
C30: Hao hụt vô hình | D30: =D26*5% -> 30
C31: TỔNG | D31: =SUM(D27:D30) -> 600 | F31: =SUM(F27:F30) -> 540 | G31: =SUM(G27:G30) -> 2.05 | H31: =SUM(H27:H30) -> 709.5 | M31: =AVERAGE(M27:M30) -> 14000

Sheet GAP
B3: BẢNG TÍNH GIÁ MUA CHAI, VẢY TỪ CÁC TRẠM
J4: Giá B0 | K4: Giá B0 | L4: Giá B0 | M4: Giá B0
I5: ĐVT: đồng/ký | J5: 9500 | K5: 10000 | L5: 10000 | M5: 11300
B6: Nhóm chai PET | C6: Thành phần chai PET sau phân loại | D6: Giá B0 | E6: Hao hụt | G6: Gap (đảm bảo chi phí và lợi nhuận) | H6: Giá mua theo công thức | I6: Giá mua đề xuất
E7: Tỷ lệ | F7: Quy ra tiền
B8: A. Giá mua Chai
B9: Chai PET nhóm 1 | C9: B1.1 + B1.2 + B1.3 + B2.1 + B3 + B6.1 | D9: 11300 | E9: 0.11 | F9: =D9*E9 -> 1243 | G9: 3500 | H9: =D9+F9+G9 -> 16043 | I9: 16300 | J9: =I9-D9 -> 5000 | K9: 5000 | L9: 15800 | M9: 16300
B10: Chai PET nhóm 2 | C10: B4 + B5 | D10: 11300 | E10: 0.11 | F10: =D10*E10 -> 1243 | G10: 500 | H10: =D10+F10+G10 -> 13043 | I10: 13300 | J10: =I10-D10 -> 2000 | K10: 2000 | L10: 12800 | M10: 13300
B11: Chai PET nhóm 3 | C11: B2.2 + B6.2 | D11: 11300 | E11: 0.11 | F11: =D11*E11 -> 1243 | G11: 2000 | H11: =D11+F11+G11 -> 14543 | I11: 14800 | J11: =I11-D11 -> 3500 | K11: 3500 | L11: 14300 | M11: 14800
B12: Chai PET nhóm 4 | C12: Nắp HD Ép, cổ chai, PP (quai) | D12: 11300 | E12: 0.11 | F12: =D12*E12 -> 1243 | G12: -5000 | H12: =D12+F12+G12 -> 7543 | I12: 7800 | J12: =I12-D12 -> -3500 | K12: -3500 | L12: 7300 | M12: 7800
B13: B. Giá mua Vảy | L13: =J13-K13 -> 0
B14: Nhóm 1 | C14: Vảy B6.2 | D14: =I11 -> 14800 | E14: 0.08 | F14: =D14*E14 -> 1184 | G14: 2000 | H14: =D14+F14+G14 -> 17984 | I14: 17800 | J14: =I14-D14 -> 3000 | K14: 3000 | L14: 17300 | M14: 17800
C15: Phó sản | K15: -8000
B16: BẢNG COPY QUA TỜ TRÌNH DUYỆT
B17: Mã SAP | C17: Tên Chai | D17: Giá đề xuất
C18: Chai PET B1.1 | D18: =$I$9 -> 16300
C19: Chai PET B1 KPL (B1.2) | D19: =D18-500 -> 15800
C20: Chai PET B1.3 | D20: =$I$9 -> 16300
B21: 150000004 | C21: Chai PET B2.1 | D21: =$I$9 -> 16300
B22: 150000050 | C22: Chai PET B2.2 | D22: =$I$11 -> 14800
B23: 150000005 | C23: Chai PET B3 | D23: =$I$9 -> 16300
B24: 150000014 | C24: Chai PET B4 | D24: =$I$10 -> 13300
B25: 150000015 | C25: Chai PET B5 | D25: =$I$10 -> 13300
B26: 150000016 | C26: Chai PET B6.1 | D26: =$I$9 -> 16300
B27: 150000114 | C27: Chai PET B6.2 | D27: =$I$11 -> 14800
C28: Nắp HD Ép, cổ chai | D28: =$I$12 -> 7800
C29: PP (quai) | D29: =$I$12 -> 7800
B30: 150000061 | C30: Vảy PET B6.2_A6 | D30: =I14 -> 17800

Sheet So sánh thiệt hại
B1: Giá chai B0 | C1: 10000 | K1: Giá chai B0 | L1: 10000 | T1: Giá chai B0 | U1: 10000 | AC1: Giá chai B0 | AD1: 11300
B2: Chi phí phân loại | C2: 3000 | K2: Chi phí phân loại | L2: 3000 | T2: Chi phí phân loại | U2: 3000 | AC2: Chi phí phân loại | AD2: 3000
B3: Tỷ lệ hao hụt thực tế | C3: 0.1 | K3: Tỷ lệ hao hụt thực tế | L3: 0.1 | T3: Tỷ lệ hao hụt thực tế | U3: 0.1 | AC3: Tỷ lệ hao hụt thực tế | AD3: 0.1
B4: Tổng chi phí | C4: =SUM(C1:C2) -> 13000 | K4: Tổng chi phí | L4: =SUM(L1:L2) -> 13000 | T4: Tổng chi phí | U4: =SUM(U1:U2) -> 13000 | AC4: Tổng chi phí | AD4: =SUM(AD1:AD2) -> 14300
B5: Chi phí hao hụt | C5: =C4*C3/(1-C3) -> 1444.4444 | K5: Chi phí hao hụt | L5: =L4*L3/(1-L3) -> 1444.4444 | T5: Chi phí hao hụt | U5: =U4*U3/(1-U3) -> 1444.4444 | AC5: Chi phí hao hụt | AD5: =AD4*AD3/(1-AD3) -> 1588.8889
B6: Giá bán hòa vốn đơn vị | C6: =+C4/(1-C3) -> 14444.444 | K6: Giá bán hòa vốn đơn vị | L6: =+L4/(1-L3) -> 14444.444 | T6: Giá bán hòa vốn đơn vị | U6: =+U4/(1-U3) -> 14444.444 | AC6: Giá bán hòa vốn đơn vị | AD6: =+AD4/(1-AD3) -> 15888.889
A7: STT | B7: Tên vật tư | C7: Cơ cấu thành phẩm thực tế | D7: Giá bán 3 trạm về DTR | J7: STT | K7: Tên vật tư | L7: Cơ cấu thành phẩm thực tế | M7: Giá bán 3 trạm về DTR | S7: STT | T7: Tên vật tư | U7: Cơ cấu thành phẩm thực tế | V7: Giá bán 3 trạm về DTR | AB7: STT | AC7: Tên vật tư | AD7: Cơ cấu thành phẩm thực tế | AE7: Giá bán 3 trạm về DTR
A8: 1 | B8: Chai PET B1 | C8: ='[3]4. 3 Trạm'!$S334 -> 0.51133536 | D8: =$C$1+GAP!$K$9 -> 15000 | J8: 1 | K8: Chai PET B1 | L8: ='[3]4. 3 Trạm'!$T334 -> 0.49706416 | M8: =$L$1+GAP!$K$9 -> 15000 | S8: 1 | T8: Chai PET B1 | U8: ='[3]4. 3 Trạm'!$U334 -> 0.50434739 | V8: =$U$1+GAP!$K$9 -> 15000 | AB8: 1 | AC8: Chai PET B1 | AD8: ='[3]4. 3 Trạm'!$V334 -> 0.51736865 | AE8: =$AD$1+GAP!$K$9 -> 16300
A9: 5 | B9: Chai PET B2.2 | C9: ='[3]4. 3 Trạm'!$S335 -> 0.064970641 | D9: =$C$1+GAP!$K$11 -> 13500 | J9: 5 | K9: Chai PET B2.2 | L9: ='[3]4. 3 Trạm'!$T335 -> 0.058399137 | M9: =$L$1+GAP!$K$11 -> 13500 | S9: 5 | T9: Chai PET B2.2 | U9: ='[3]4. 3 Trạm'!$U335 -> 0.055507957 | V9: =$U$1+GAP!$K$11 -> 13500 | AB9: 5 | AC9: Chai PET B2.2 | AD9: ='[3]4. 3 Trạm'!$V335 -> 0.044495104 | AE9: =$AD$1+GAP!$K$11 -> 14800
A10: 7 | B10: Chai PET B4 | C10: ='[3]4. 3 Trạm'!$S337 -> 0.015890206 | D10: =$C$1+GAP!$K$10 -> 12000 | J10: 7 | K10: Chai PET B4 | L10: ='[3]4. 3 Trạm'!$T337 -> 0.016398176 | M10: =$L$1+GAP!$K$10 -> 12000 | S10: 7 | T10: Chai PET B4 | U10: ='[3]4. 3 Trạm'!$U337 -> 0.01571854 | V10: =$U$1+GAP!$K$10 -> 12000 | AB10: 7 | AC10: Chai PET B4 | AD10: ='[3]4. 3 Trạm'!$V337 -> 0.015093888 | AE10: =$AD$1+GAP!$K$10 -> 13300
A11: 8 | B11: Chai PET B5 | C11: ='[3]4. 3 Trạm'!$S338 -> 0.016100854 | D11: =$C$1+GAP!$K$10 -> 12000 | J11: 8 | K11: Chai PET B5 | L11: ='[3]4. 3 Trạm'!$T338 -> 0.015470359 | M11: =$L$1+GAP!$K$10 -> 12000 | S11: 8 | T11: Chai PET B5 | U11: ='[3]4. 3 Trạm'!$U338 -> 0.01547887 | V11: =$U$1+GAP!$K$10 -> 12000 | AB11: 8 | AC11: Chai PET B5 | AD11: ='[3]4. 3 Trạm'!$V338 -> 0.015516825 | AE11: =$AD$1+GAP!$K$10 -> 13300
A12: 10 | B12: Chai PET B6.2 | C12: ='[3]4. 3 Trạm'!$S336 -> 0.26768431 | D12: =$C$1+GAP!$K$11 -> 13500 | J12: 10 | K12: Chai PET B6.2 | L12: ='[3]4. 3 Trạm'!$T336 -> 0.29014887 | M12: =$L$1+GAP!$K$11 -> 13500 | S12: 10 | T12: Chai PET B6.2 | U12: ='[3]4. 3 Trạm'!$U336 -> 0.27717466 | V12: =$U$1+GAP!$K$11 -> 13500 | AB12: 10 | AC12: Chai PET B6.2 | AD12: ='[3]4. 3 Trạm'!$V336 -> 0.27679036 | AE12: =$AD$1+GAP!$K$11 -> 14800
A13: 11 | B13: Nắp HD ép, cổ chai | C13: ='[3]4. 3 Trạm'!$S339 -> 0.015679732 | D13: =$C$1+GAP!$K$12 -> 6500 | J13: 11 | K13: Nắp HD ép, cổ chai | L13: ='[3]4. 3 Trạm'!$T339 -> 0.018909499 | M13: =$L$1+GAP!$K$12 -> 6500 | S13: 11 | T13: Nắp HD ép, cổ chai | U13: ='[3]4. 3 Trạm'!$U339 -> 0.018094122 | V13: =$U$1+GAP!$K$12 -> 6500 | AB13: 11 | AC13: Nắp HD ép, cổ chai | AD13: ='[3]4. 3 Trạm'!$V339 -> 0.023950693 | AE13: =$AD$1+GAP!$K$12 -> 7800
A14: 12 | B14: Phó sản | C14: ='[3]4. 3 Trạm'!$S341 -> 0.003848365 | D14: =$C$1+GAP!$K$15 -> 2000 | J14: 12 | K14: Phó sản | L14: ='[3]4. 3 Trạm'!$T341 -> 0.0040771834 | M14: =$L$1+GAP!$K$15 -> 2000 | S14: 12 | T14: Phó sản | U14: ='[3]4. 3 Trạm'!$U341 -> 0.0076438512 | V14: =$U$1+GAP!$K$15 -> 2000 | AB14: 12 | AC14: Phó sản | AD14: ='[3]4. 3 Trạm'!$V341 -> 0.0042130059 | AE14: =$AD$1+GAP!$K$15 -> 3300
A15: 13 | B15: Hao hụt | C15: ='[3]4. 3 Trạm'!$S$342 -> 0.10316976 | D15: =C15*$C$1 -> 1031.6976 | J15: 13 | K15: Hao hụt | L15: ='[3]4. 3 Trạm'!$S$342 -> 0.10316976 | M15: =L15*$L$1 -> 1031.6976 | S15: 13 | T15: Hao hụt | U15: ='[3]4. 3 Trạm'!$S$342 -> 0.10316976 | V15: =U15*$U$1 -> 1031.6976 | AB15: 13 | AC15: Hao hụt | AD15: ='[3]4. 3 Trạm'!$S$342 -> 0.10316976 | AE15: =AD15*$AD$1 -> 1165.8183
E17: Tháng 1 | N17: Tháng 2 | W17: Tháng 3 | AF17: Tháng 4
C18: Cơ cấu thành phẩm theo BOM | D18: CL | E18: ĐG | F18: SL | G18: TH SL | H18: GT | L18: Cơ cấu thành phẩm theo BOM | M18: CL | N18: ĐG | O18: SL | P18: TH SL | Q18: GT | U18: Cơ cấu thành phẩm theo BOM | V18: CL | W18: ĐG | X18: SL | Y18: TH SL | Z18: GT | AD18: Cơ cấu thành phẩm theo BOM | AE18: CL | AF18: ĐG | AG18: SL | AH18: TH SL | AI18: GT
A19: 1 | B19: Chai PET B1 | C19: 0.54 | D19: =C8-C19 -> -0.028664637 | E19: =D8*D19 -> -429.96956 | F19: ='[3]4. 3 Trạm'!S89 -> 467032 | G19: =F19*D19 -> -13387.303 | H19: =D8*G19 -> -2.0080954e+08 | J19: 1 | K19: Chai PET B1 | L19: 0.54 | M19: =L8-L19 -> -0.042935837 | N19: =M8*M19 -> -644.03755 | O19: ='[3]4. 3 Trạm'!T89 -> 299036 | P19: =O19*M19 -> -12839.361 | Q19: =M8*P19 -> -1.9259041e+08 | S19: 1 | T19: Chai PET B1 | U19: 0.54 | V19: =U8-U19 -> -0.035652613 | W19: =V8*V19 -> -534.78919 | X19: ='[3]4. 3 Trạm'!U89 -> 848224 | Y19: =X19*V19 -> -30241.402 | Z19: =V8*Y19 -> -4.5362103e+08 | AB19: 1 | AC19: Chai PET B1 | AD19: 0.54 | AE19: =AD8-AD19 -> -0.022631351 | AF19: =AE8*AE19 -> -368.89102 | AG19: ='[3]4. 3 Trạm'!V89 -> 446897 | AH19: =AG19*AE19 -> -10113.883 | AI19: =AE8*AH19 -> -1.6485629e+08
A20: 5 | B20: Chai PET B2.2 | C20: 0.03 | D20: =C9-C20 -> 0.034970641 | E20: =D9*D20 -> 472.10366 | F20: ='[3]4. 3 Trạm'!S90 -> 45769 | G20: =F20*D20 -> 1600.5713 | H20: =D9*G20 -> 21607712 | J20: 5 | K20: Chai PET B2.2 | L20: 0.03 | M20: =L9-L20 -> 0.028399137 | N20: =M9*M20 -> 383.38835 | O20: ='[3]4. 3 Trạm'!T90 -> 23322 | P20: =O20*M20 -> 662.32467 | Q20: =M9*P20 -> 8941383 | S20: 5 | T20: Chai PET B2.2 | U20: 0.03 | V20: =U9-U20 -> 0.025507957 | W20: =V9*V20 -> 344.35742 | X20: ='[3]4. 3 Trạm'!U90 -> 88500 | Y20: =X20*V20 -> 2257.4542 | Z20: =V9*Y20 -> 30475632 | AB20: 5 | AC20: Chai PET B2.2 | AD20: 0.03 | AE20: =AD9-AD20 -> 0.014495104 | AF20: =AE9*AE20 -> 214.52754 | AG20: ='[3]4. 3 Trạm'!V90 -> 31654 | AH20: =AG20*AE20 -> 458.82802 | AI20: =AE9*AH20 -> 6790654.6
A21: 7 | B21: Chai PET B4 | C21: 0.02 | D21: =C10-C21 -> -0.0041097939 | E21: =D10*D21 -> -49.317527 | F21: ='[3]4. 3 Trạm'!S92 -> 14995 | G21: =F21*D21 -> -61.626359 | H21: =D10*G21 -> -739516.31 | J21: 7 | K21: Chai PET B4 | L21: 0.02 | M21: =L10-L21 -> -0.0036018237 | N21: =M10*M21 -> -43.221884 | O21: ='[3]4. 3 Trạm'!T92 -> 10167 | P21: =O21*M21 -> -36.619741 | Q21: =M10*P21 -> -439436.9 | S21: 7 | T21: Chai PET B4 | U21: 0.02 | V21: =U10-U21 -> -0.0042814599 | W21: =V10*V21 -> -51.377518 | X21: ='[3]4. 3 Trạm'!U92 -> 28617 | Y21: =X21*V21 -> -122.52254 | Z21: =V10*Y21 -> -1470270.4 | AB21: 7 | AC21: Chai PET B4 | AD21: 0.02 | AE21: =AD10-AD21 -> -0.0049061125 | AF21: =AE10*AE21 -> -65.251296 | AG21: ='[3]4. 3 Trạm'!V92 -> 14779 | AH21: =AG21*AE21 -> -72.507437 | AI21: =AE10*AH21 -> -964348.91
A22: 8 | B22: Chai PET B5 | C22: 0.02 | D22: =C11-C22 -> -0.0038991456 | E22: =D11*D22 -> -46.789747 | F22: ='[3]4. 3 Trạm'!S93 -> 12807 | G22: =F22*D22 -> -49.936358 | H22: =D11*G22 -> -599236.3 | J22: 8 | K22: Chai PET B5 | L22: 0.02 | M22: =L11-L22 -> -0.0045296408 | N22: =M11*M22 -> -54.355689 | O22: ='[3]4. 3 Trạm'!T93 -> 8490 | P22: =O22*M22 -> -38.45665 | Q22: =M11*P22 -> -461479.8 | S22: 8 | T22: Chai PET B5 | U22: 0.02 | V22: =U11-U22 -> -0.0045211303 | W22: =V11*V22 -> -54.253563 | X22: ='[3]4. 3 Trạm'!U93 -> 22312 | Y22: =X22*V22 -> -100.87546 | Z22: =V11*Y22 -> -1210505.5 | AB22: 8 | AC22: Chai PET B5 | AD22: 0.02 | AE22: =AD11-AD22 -> -0.0044831751 | AF22: =AE11*AE22 -> -59.626229 | AG22: ='[3]4. 3 Trạm'!V93 -> 12733 | AH22: =AG22*AE22 -> -57.084269 | AI22: =AE11*AH22 -> -759220.78
A23: 10 | B23: Chai PET B6.2 | C23: 0.28 | D23: =C12-C23 -> -0.012315686 | E23: =D12*D23 -> -166.26176 | F23: ='[3]4. 3 Trạm'!S91 -> 275166 | G23: =F23*D23 -> -3388.8579 | H23: =D12*G23 -> -45749582 | J23: 10 | K23: Chai PET B6.2 | L23: 0.28 | M23: =L12-L23 -> 0.010148872 | N23: =M12*M23 -> 137.00977 | O23: ='[3]4. 3 Trạm'!T91 -> 202466 | P23: =O23*M23 -> 2054.8016 | Q23: =M12*P23 -> 27739821 | S23: 10 | T23: Chai PET B6.2 | U23: 0.28 | V23: =U12-U23 -> -0.0028253375 | W23: =V12*V23 -> -38.142056 | X23: ='[3]4. 3 Trạm'!U91 -> 526884 | Y23: =X23*V23 -> -1488.6251 | Z23: =V12*Y23 -> -20096439 | AB23: 10 | AC23: Chai PET B6.2 | AD23: 0.28 | AE23: =AD12-AD23 -> -0.0032096362 | AF23: =AE12*AE23 -> -47.502615 | AG23: ='[3]4. 3 Trạm'!V91 -> 278043 | AH23: =AG23*AE23 -> -892.41687 | AI23: =AE12*AH23 -> -13207770
A24: 11 | B24: Nắp HD ép, cổ chai | C24: 0.01 | D24: =C13-C24 -> 0.0056797323 | E24: =D13*D24 -> 36.91826 | F24: ='[3]4. 3 Trạm'!S94 -> 13231 | G24: =F24*D24 -> 75.148538 | H24: =D13*G24 -> 488465.5 | J24: 11 | K24: Nắp HD ép, cổ chai | L24: 0.01 | M24: =L13-L24 -> 0.0089094987 | N24: =M13*M24 -> 57.911741 | O24: ='[3]4. 3 Trạm'!T94 -> 9601 | P24: =O24*M24 -> 85.540097 | Q24: =M13*P24 -> 556010.63 | S24: 11 | T24: Nắp HD ép, cổ chai | U24: 0.01 | V24: =U13-U24 -> 0.0080941222 | W24: =V13*V24 -> 52.611794 | X24: ='[3]4. 3 Trạm'!U94 -> 28372 | Y24: =X24*V24 -> 229.64644 | Z24: =V13*Y24 -> 1492701.8 | AB24: 11 | AC24: Nắp HD ép, cổ chai | AD24: 0.01 | AE24: =AD13-AD24 -> 0.013950693 | AF24: =AE13*AE24 -> 108.81541 | AG24: ='[3]4. 3 Trạm'!V94 -> 21393 | AH24: =AG24*AE24 -> 298.44718 | AI24: =AE13*AH24 -> 2327888
A25: 12 | B25: Phó sản | C25: 0 | D25: =C14-C25 -> 0.003848365 | E25: =D14*D25 -> 7.69673 | F25: ='[3]4. 3 Trạm'!S95 -> 0 | G25: =F25*D25 -> 0 | H25: =D14*G25 -> 0 | J25: 12 | K25: Phó sản | L25: 0 | M25: =L14-L25 -> 0.0040771834 | N25: =M14*M25 -> 8.1543667 | O25: ='[3]4. 3 Trạm'!T95 -> 0 | P25: =O25*M25 -> 0 | Q25: =M14*P25 -> 0 | S25: 12 | T25: Phó sản | U25: 0 | V25: =U14-U25 -> 0.0076438512 | W25: =V14*V25 -> 15.287702 | X25: ='[3]4. 3 Trạm'!U95 -> 0 | Y25: =X25*V25 -> 0 | Z25: =V14*Y25 -> 0 | AB25: 12 | AC25: Phó sản | AD25: 0 | AE25: =AD14-AD25 -> 0.0042130059 | AF25: =AE14*AE25 -> 13.90292 | AG25: ='[3]4. 3 Trạm'!V95 -> 200.611 | AH25: =AG25*AE25 -> 0.84517533 | AI25: =AE14*AH25 -> 2789.0786
A26: 13 | B26: Hao hụt | C26: 0.1 | D26: =C15-C26 -> 0.0031697636 | E26: =D26*C1 -> 31.697636 | F26: ='[3]4. 3 Trạm'!S97 -> 117019 | G26: =-F26*D26 -> -370.92256 | H26: =$C$1*G26 -> -3709225.6 | J26: 13 | K26: Hao hụt | L26: 0.1 | M26: =L15-L26 -> 0.0031697636 | N26: =M26*L1 -> 31.697636 | O26: ='[3]4. 3 Trạm'!T97 -> 77982 | P26: =-O26*M26 -> -247.1845 | Q26: =$L$1*P26 -> -2471845 | S26: 13 | T26: Hao hụt | U26: 0.1 | V26: =U15-U26 -> 0.0031697636 | W26: =V26*U1 -> 31.697636 | X26: ='[3]4. 3 Trạm'!U97 -> 205626 | Y26: =-X26*V26 -> -651.7858 | Z26: =$U$1*Y26 -> -6517858 | AB26: 13 | AC26: Hao hụt | AD26: 0.1 | AE26: =AD15-AD26 -> 0.0031697636 | AF26: =AE26*AD1 -> 35.818328 | AG26: ='[3]4. 3 Trạm'!V97 -> 92319.389 | AH26: =-AG26*AE26 -> -292.63064 | AI26: =$AD$1*AH26 -> -3306726.2
F27: =SUM(F19:F26) -> 946019 | G27: =SUM(G19:G26) -> -15582.926 | H27: =SUM(H19:H26) -> -2.2951093e+08 | O27: =SUM(O19:O26) -> 631064 | P27: =SUM(P19:P26) -> -10358.955 | Q27: =SUM(Q19:Q26) -> -1.5872596e+08 | X27: =SUM(X19:X26) -> 1748535 | Y27: =SUM(Y19:Y26) -> -30118.11 | Z27: =SUM(Z19:Z26) -> -4.5094777e+08 | AG27: =SUM(AG19:AG26) -> 898019 | AH27: =SUM(AH19:AH26) -> -10670.402 | AI27: =SUM(AI19:AI26) -> -1.7397303e+08
H28: =H27/F27 -> -242.6071 | Q28: =Q27/O27 -> -251.52118 | Z28: =Z27/X27 -> -257.90034 | AI28: =AI27/AG27 -> -193.72978

Sheet Giá mua Chai-Vảy
A2: 2026
A3: 3
B6: Giá chai B0 | C6: 11300
B7: Chi phí phân loại | C7: 3000
B8: Tỷ lệ hao hụt thực tế | C8: 0.1
B9: Tổng chi phí | C9: =SUM(C6:C7) -> 14300
B10: Chi phí hao hụt | C10: =C9*C8/(1-C8) -> 1588.8889
B11: Giá bán hòa vốn đơn vị | C11: =+C9/(1-C8) -> 15888.889 | X11: So giá mua BO
B12: Chai | S12: Check với SAP | V12: TT | W12: BOM | X12: TT | Y12: BOM
A13: STT | B13: Tên vật tư | C13: Cơ cấu thành phẩm theo BOM | E13: Giá bán chai 3 trạm về DTR | F13: Cơ cấu nguyên vật liệu BOM (gram) | G13: Cơ cấu thành phẩm thực tế | H13: Tỷ trọng giá trị | I13: Phân bổ giá B0 | J13: Phân bổ chi phí phân loại | K13: Chi phí sau phân loại | L13: Doanh thu đơn vị | M13: Lợi nhuận đơn vị | N13: Giá thành 1kg sau phân loại | O13: Giá bán chai 4 trạm về DTR | P13: Diff | R13: Giá BO sau phân loại | S13: BOM SAP | T13: Diff | U13: %Diff | V13: Tỷ 3 cấp chất lượng | W13: Tỷ 3 cấp chất lượng | X13: Tỷ 3 cấp chất lượng | Y13: Tỷ 3 cấp chất lượng | Z13: Cơ cấu giá trừ chất lượng | AA13: GAP so BO | AC13: Giá mua theo phân loại | AD13: Chi phí Băm Vảy | AE13: Vảy
A14: 1 | B14: Chai PET B1 | C14: 0.54 | E14: 16300 | F14: =C14*1000 -> 540 | G14: =F14/1000/(1-$C$8) -> 0.6 | H14: =E14*G14/SUMPRODUCT($E$14:$E$20,$G$14:$G$20) -> 0.63543171 | I14: =$C$6*H14 -> 7180.3783 | J14: =($C$7+$C$10)*H14 -> 2915.9255 | K14: =I14+J14 -> 10096.304 | L14: =E14*G14 -> 9780 | M14: =L14-K14 -> -316.30378 | N14: =K14/(F14/(1-$C$8))*1000 -> 16827.173 | O14: 15000 | P14: =O14-N14 -> -1827.173 | Q14: =P14/E14 -> -0.1120965 | R14: =I14/F14*1000 -> 13296.997 | S14: ='[4]BOM (Long)'!$P$7 -> 11536.632 | T14: =R14-S14 -> 1760.365 | U14: =T14/S14 -> 0.15258917 | V14: =R14/R$16 -> 1.2255639 | W14: =S14/S$16 -> 1.25 | X14: =S14/C$6 -> 1.0209409 | Y14: =S14/C$6 -> 1.0209409 | Z14: 9700 | AC14: 12500 | AE14: =AC14+AD14 -> 12500
A15: 5 | B15: Chai PET B2.2 | C15: 0.03 | E15: 14800 | F15: =C15*1000 -> 30 | G15: =F15/1000/(1-$C$8) -> 0.033333333 | H15: =E15*G15/SUMPRODUCT($E$14:$E$20,$G$14:$G$20) -> 0.032053133 | I15: =$C$6*H15 -> 362.2004 | J15: =($C$7+$C$10)*H15 -> 147.08827 | K15: =I15+J15 -> 509.28867 | L15: =E15*G15 -> 493.33333 | M15: =L15-K15 -> -15.955337 | N15: =K15/(F15/(1-$C$8))*1000 -> 15278.66 | O15: 13500 | P15: =O15-N15 -> -1778.6601 | Q15: =P15/E15 -> -0.12017974 | R15: =I15/F15*1000 -> 12073.347 | S15: ='[4]BOM (Long)'!$P$9 -> 10152.236 | T15: =R15-S15 -> 1921.1108 | U15: =T15/S15 -> 0.18923032 | V15: =R15/R$16 -> 1.112782 | W15: =S15/S$16 -> 1.1 | X15: =S15/C$6 -> 0.89842796 | Y15: =S15/C$6 -> 0.89842796 | Z15: =Z14/$Y$15 -> 10796.636 | AA15: =Z15-$Z$14 -> 1096.6364 | AB15: =Z15-Z14 -> 1096.6364 | AC15: 10000
A16: 7 | B16: Chai PET B4 | C16: 0.02 | E16: 13300 | F16: =C16*1000 -> 20 | G16: =F16/1000/(1-$C$8) -> 0.022222222 | H16: =E16*G16/SUMPRODUCT($E$14:$E$20,$G$14:$G$20) -> 0.019203003 | I16: =$C$6*H16 -> 216.99394 | J16: =($C$7+$C$10)*H16 -> 88.120448 | K16: =I16+J16 -> 305.11438 | L16: =E16*G16 -> 295.55556 | M16: =L16-K16 -> -9.5588282 | N16: =K16/(F16/(1-$C$8))*1000 -> 13730.147 | O16: 12000 | P16: =O16-N16 -> -1730.1473 | Q16: =P16/E16 -> -0.13008626 | R16: =I16/F16*1000 -> 10849.697 | S16: ='[4]BOM (Long)'!$P$10 -> 9229.3054 | T16: =R16-S16 -> 1620.3914 | U16: =T16/S16 -> 0.17557024 | V16: =R16/R$16 -> 1 | W16: =S16/S$16 -> 1 | X16: =S16/C$6 -> 0.81675269 | Y16: =S16/C$6 -> 0.81675269 | Z16: =Z15/$Y$15 -> 12017.253 | AA16: =Z16-$Z$14 -> 2317.2533 | AB16: =Z16-Z15 -> 1220.6169 | AC16: 9000
A17: 8 | B17: Chai PET B5 | C17: 0.02 | E17: 13300 | F17: =C17*1000 -> 20 | G17: =F17/1000/(1-$C$8) -> 0.022222222 | H17: =E17*G17/SUMPRODUCT($E$14:$E$20,$G$14:$G$20) -> 0.019203003 | I17: =$C$6*H17 -> 216.99394 | J17: =($C$7+$C$10)*H17 -> 88.120448 | K17: =I17+J17 -> 305.11438 | L17: =E17*G17 -> 295.55556 | M17: =L17-K17 -> -9.5588282 | N17: =K17/(F17/(1-$C$8))*1000 -> 13730.147 | O17: 12000 | P17: =O17-N17 -> -1730.1473 | Q17: =P17/E17 -> -0.13008626 | R17: =I17/F17*1000 -> 10849.697 | S17: ='[4]BOM (Long)'!$P$11 -> 9229.3054 | T17: =R17-S17 -> 1620.3914 | U17: =T17/S17 -> 0.17557024 | V17: =R17/R$16 -> 1 | W17: =S17/S$16 -> 1 | X17: =S17/C$6 -> 0.81675269 | Y17: =S17/C$6 -> 0.81675269 | Z17: =Z16/$Y$15 -> 13375.867 | AA17: =Z17-$Z$14 -> 3675.8674 | AB17: =Z17-Z16 -> 1358.6141 | AC17: 9000
A18: 10 | B18: Chai PET B6.2 | C18: 0.27 | E18: 14800 | F18: =C18*1000 -> 270 | G18: =F18/1000/(1-$C$8) -> 0.3 | H18: =E18*G18/SUMPRODUCT($E$14:$E$20,$G$14:$G$20) -> 0.2884782 | I18: =$C$6*H18 -> 3259.8036 | J18: =($C$7+$C$10)*H18 -> 1323.7944 | K18: =I18+J18 -> 4583.598 | L18: =E18*G18 -> 4440 | M18: =L18-K18 -> -143.59804 | N18: =K18/(F18/(1-$C$8))*1000 -> 15278.66 | O18: 13500 | P18: =O18-N18 -> -1778.6601 | Q18: =P18/E18 -> -0.12017974 | R18: =I18/F18*1000 -> 12073.347 | S18: ='[4]BOM (Long)'!$P$13 -> 10152.236 | T18: =R18-S18 -> 1921.1108 | U18: =T18/S18 -> 0.18923032 | V18: =R18/R$16 -> 1.112782 | W18: =S18/S$16 -> 1.1 | X18: =S18/C$6 -> 0.89842796 | Y18: =S18/C$6 -> 0.89842796 | Z18: =Z17/$Y$15 -> 14888.08 | AA18: =Z18-$Z$14 -> 5188.08 | AB18: =Z18-Z17 -> 1512.2126 | AC18: 10000 | AD18: ='[5]CP Công đoạn (3)'!$CJ$6 -> 2321.031 | AE18: =AC18+AD18 -> 12321.031
A19: 11 | B19: Nắp HD ép, cổ chai | C19: 0.01 | E19: 7800 | F19: =C19*1000 -> 10 | G19: =F19/1000/(1-$C$8) -> 0.011111111 | H19: =E19*G19/SUMPRODUCT($E$14:$E$20,$G$14:$G$20) -> 0.0056309558 | I19: =$C$6*H19 -> 63.629801 | J19: =($C$7+$C$10)*H19 -> 25.839831 | K19: =I19+J19 -> 89.469631 | L19: =E19*G19 -> 86.666667 | M19: =L19-K19 -> -2.8029647 | N19: =K19/(F19/(1-$C$8))*1000 -> 8052.2668 | O19: 6500 | P19: =O19-N19 -> -1552.2668 | Q19: =P19/E19 -> -0.19900857 | R19: =I19/F19*1000 -> 6362.9801 | S19: ='[4]BOM (Long)'!$P$14 -> 5537.5833 | T19: =R19-S19 -> 825.39682 | U19: =T19/S19 -> 0.14905362 | V19: =R19/R$16 -> 0.58646617 | W19: =S19/S$16 -> 0.6 | X19: =S19/C$6 -> 0.49005162 | Y19: =S19/C$6 -> 0.49005162 | Z19: =Z18/$Y$15 -> 16571.256 | AA19: =Z19-$Z$14 -> 6871.2563 | AB19: =Z19-Z18 -> 1683.1763 | AC19: 5000
F20: =C20*1000 -> 0 | G20: =F20/1000/(1-$C$8) -> 0 | H20: =E20*G20/SUMPRODUCT($E$14:$E$20,$G$14:$G$20) -> 0 | I20: =$C$6*H20 -> 0 | J20: =($C$7+$C$10)*H20 -> 0 | K20: =I20+J20 -> 0 | L20: =E20*G20 -> 0 | M20: =L20-K20 -> 0 | N20: =K20/(F20/(1-$C$8))*1000 -> #DIV/0! | P20: =O20-N20 -> #DIV/0! | Q20: =P20/E20 -> #DIV/0!
B21: Thành phẩm thu được sau lựa | C21: =SUM(C14:C20) -> 0.89 | E21: =E14-E18 -> 1500 | F21: =SUM(F14:F20) -> 890 | G21: =SUM(G14:G20) -> 0.98888889 | H21: =SUM(H14:H20) -> 1 | I21: =SUM(I14:I20) -> 11300 | J21: =SUM(J14:J20) -> 4588.8889 | K21: =SUM(K14:K20) -> 15888.889 | L21: =SUM(L14:L20) -> 15391.111 | M21: =SUM(M14:M20) -> -497.77778 | N21: =SUMPRODUCT(C14:C19,N14:N19) -> 14300 | P21: =O21-N21 -> -14300
B22: Hao hụt (%) | C22: =100%-C21 -> 0.11 | E22: =E21/E14 -> 0.09202454 | N22: =K21-N21 -> 1588.8889 | P22: =O22-N22 -> -1588.8889
B23: Hao hụt (gram_BOM) | F23: =1000-F21 -> 110
B26: Giá chai BX mix sau phân loại | C26: =C11 -> 15888.889
B27: Chi phí rữa | C27: 1500
B28: Tỷ lệ hao hụt thực tế | C28: 0.06
B29: Tổng chi phí | C29: =SUM(C26:C27) -> 17388.889
B30: Chi phí hao hụt | C30: =C29*C28/(1-C28) -> 1109.9291
B31: Giá bán hòa vốn đơn vị | C31: =+C29/(1-C28) -> 18498.818
X32: So giá mua BO
B33: Vảy | S33: Check với SAP | V33: TT | W33: BOM | X33: TT | Y33: BOM
A34: STT | B34: Tên vật tư | C34: Cơ cấu thành phẩm theo BOM | E34: Giá bán thành chai trước băm | F34: Cơ cấu nguyên vật liệu BOM (gram) | G34: Cơ cấu thành phẩm thực tế | H34: Tỷ trọng giá trị | I34: Phân bổ giá chai băm | J34: Chi phí băm | K34: Giá thành sau băm | L34: Doanh thu đơn vị | M34: Lợi nhuận đơn vị | N34: Giá thành 1kg sau Băm | O34: Giá bán vảy 3 trạm về DTR | P34: Diff | R34: Giá BO sau phân loại | S34: BOM SAP | T34: Diff | U34: %Diff | V34: Tỷ 3 cấp chất lượng | W34: Tỷ 3 cấp chất lượng | X34: Tỷ 3 cấp chất lượng | Y34: Tỷ 3 cấp chất lượng | Z34: Cơ cấu giá trừ chất lượng | AA34: GAP so BO
A35: 1 | B35: Vảy_ Chai PET B1 | C35: 0.54 | E35: =N14 -> 16827.173 | F35: =C35*1000 -> 540 | G35: =F35/1000/(1-$C$28) -> 0.57446809 | H35: =E35*G35/SUMPRODUCT($E$35:$E$40,$G$35:$G$40) -> 0.63543171 | I35: =$C$26*H35 -> 10096.304 | J35: =($C$27+$C$30)*H35 -> 1658.4317 | K35: =I35+J35 -> 11754.735 | L35: =O35 -> 18300 | M35: =L35-N35 -> -2161.9469 | N35: =K35/(F35/(1-$C$28))*1000 -> 20461.947 | O35: 18300 | P35: =O35-N35 -> -2161.9469 | Q35: =P35/E35 -> -0.12847951 | R35: =I35/F35*1000 -> 18696.859 | S35: ='[4]BOM (Long)'!$P$7 -> 11536.632 | T35: =R35-S35 -> 7160.2271 | U35: =T35/S35 -> 0.62065144 | V35: =R35/R$16 -> 1.723261 | W35: =S35/S$16 -> 1.25 | X35: =S35/C$6 -> 1.0209409 | Y35: =S35/C$6 -> 1.0209409 | Z35: 9700
A36: 5 | B36: Vảy_Chai PET B2.2 | C36: 0.03 | E36: =N15 -> 15278.66 | F36: =C36*1000 -> 30 | G36: =F36/1000/(1-$C$28) -> 0.031914894 | H36: =E36*G36/SUMPRODUCT($E$35:$E$40,$G$35:$G$40) -> 0.032053133 | I36: =$C$26*H36 -> 509.28867 | J36: =($C$27+$C$30)*H36 -> 83.656404 | K36: =I36+J36 -> 592.94507 | L36: =O36 -> 16800 | M36: =L36-N36 -> -1778.9457 | N36: =K36/(F36/(1-$C$28))*1000 -> 18578.946 | O36: =O35-1500 -> 16800 | P36: =O36-N36 -> -1778.9457 | Q36: =P36/E36 -> -0.11643336 | R36: =I36/F36*1000 -> 16976.289 | S36: ='[4]BOM (Long)'!$P$9 -> 10152.236 | T36: =R36-S36 -> 6824.0531 | U36: =T36/S36 -> 0.67217242 | V36: =R36/R$16 -> 1.5646787 | W36: =S36/S$16 -> 1.1 | X36: =S36/C$6 -> 0.89842796 | Y36: =S36/C$6 -> 0.89842796 | Z36: =Z35/$Y$15 -> 10796.636 | AA36: =Z36-$Z$14 -> 1096.6364 | AB36: =Z36-Z35 -> 1096.6364
A37: 7 | B37: Vảy_Chai PET B4 | C37: 0.02 | E37: =N16 -> 13730.147 | F37: =C37*1000 -> 20 | G37: =F37/1000/(1-$C$28) -> 0.021276596 | H37: =E37*G37/SUMPRODUCT($E$35:$E$40,$G$35:$G$40) -> 0.019203003 | I37: =$C$26*H37 -> 305.11438 | J37: =($C$27+$C$30)*H37 -> 50.118476 | K37: =I37+J37 -> 355.23286 | L37: =O37 -> 15300 | M37: =L37-N37 -> -1395.9444 | N37: =K37/(F37/(1-$C$28))*1000 -> 16695.944 | O37: =O35-3000 -> 15300 | P37: =O37-N37 -> -1395.9444 | Q37: =P37/E37 -> -0.10167003 | R37: =I37/F37*1000 -> 15255.719 | S37: ='[4]BOM (Long)'!$P$10 -> 9229.3054 | T37: =R37-S37 -> 6026.4138 | U37: =T37/S37 -> 0.65296504 | V37: =R37/R$16 -> 1.4060964 | W37: =S37/S$16 -> 1 | X37: =S37/C$6 -> 0.81675269 | Y37: =S37/C$6 -> 0.81675269 | Z37: =Z36/$Y$15 -> 12017.253 | AA37: =Z37-$Z$14 -> 2317.2533 | AB37: =Z37-Z36 -> 1220.6169
A38: 8 | B38: Vảy_Chai PET B5 | C38: 0.02 | E38: =N17 -> 13730.147 | F38: =C38*1000 -> 20 | G38: =F38/1000/(1-$C$28) -> 0.021276596 | H38: =E38*G38/SUMPRODUCT($E$35:$E$40,$G$35:$G$40) -> 0.019203003 | I38: =$C$26*H38 -> 305.11438 | J38: =($C$27+$C$30)*H38 -> 50.118476 | K38: =I38+J38 -> 355.23286 | L38: =O38 -> 15300 | M38: =L38-N38 -> -1395.9444 | N38: =K38/(F38/(1-$C$28))*1000 -> 16695.944 | O38: =O37 -> 15300 | P38: =O38-N38 -> -1395.9444 | Q38: =P38/E38 -> -0.10167003 | R38: =I38/F38*1000 -> 15255.719 | S38: ='[4]BOM (Long)'!$P$11 -> 9229.3054 | T38: =R38-S38 -> 6026.4138 | U38: =T38/S38 -> 0.65296504 | V38: =R38/R$16 -> 1.4060964 | W38: =S38/S$16 -> 1 | X38: =S38/C$6 -> 0.81675269 | Y38: =S38/C$6 -> 0.81675269 | Z38: =Z37/$Y$15 -> 13375.867 | AA38: =Z38-$Z$14 -> 3675.8674 | AB38: =Z38-Z37 -> 1358.6141
A39: 10 | B39: Vảy_Chai PET B6.2 | C39: 0.27 | E39: =N18 -> 15278.66 | F39: =C39*1000 -> 270 | G39: =F39/1000/(1-$C$28) -> 0.28723404 | H39: =E39*G39/SUMPRODUCT($E$35:$E$40,$G$35:$G$40) -> 0.2884782 | I39: =$C$26*H39 -> 4583.598 | J39: =($C$27+$C$30)*H39 -> 752.90764 | K39: =I39+J39 -> 5336.5057 | L39: =O39 -> 17800 | M39: =L39-N39 -> -778.94568 | N39: =K39/(F39/(1-$C$28))*1000 -> 18578.946 | O39: 17800 | P39: =O39-N39 -> -778.94568 | Q39: =P39/E39 -> -0.050982591 | R39: =I39/F39*1000 -> 16976.289 | S39: ='[4]BOM (Long)'!$P$13 -> 10152.236 | T39: =R39-S39 -> 6824.0531 | U39: =T39/S39 -> 0.67217242 | V39: =R39/R$16 -> 1.5646787 | W39: =S39/S$16 -> 1.1 | X39: =S39/C$6 -> 0.89842796 | Y39: =S39/C$6 -> 0.89842796 | Z39: =Z38/$Y$15 -> 14888.08 | AA39: =Z39-$Z$14 -> 5188.08 | AB39: =Z39-Z38 -> 1512.2126
A40: 11 | B40: Vảy_Nắp HD ép, cổ chai | C40: 0.01 | E40: =N19 -> 8052.2668 | F40: =C40*1000 -> 10 | G40: =F40/1000/(1-$C$28) -> 0.010638298 | H40: =E40*G40/SUMPRODUCT($E$35:$E$40,$G$35:$G$40) -> 0.0056309558 | I40: =$C$26*H40 -> 89.469631 | J40: =($C$27+$C$30)*H40 -> 14.696395 | K40: =I40+J40 -> 104.16603 | L40: =O40 -> 12550 | M40: =L40-N40 -> 2758.3935 | N40: =K40/(F40/(1-$C$28))*1000 -> 9791.6065 | O40: =C6+1250 -> 12550 | P40: =O40-N40 -> 2758.3935 | Q40: =P40/E40 -> 0.34256111 | R40: =I40/F40*1000 -> 8946.9631 | S40: ='[4]BOM (Long)'!$P$14 -> 5537.5833 | T40: =R40-S40 -> 3409.3799 | U40: =T40/S40 -> 0.61568011 | V40: =R40/R$16 -> 0.82462794 | W40: =S40/S$16 -> 0.6 | X40: =S40/C$6 -> 0.49005162 | Y40: =S40/C$6 -> 0.49005162 | Z40: =Z39/$Y$15 -> 16571.256 | AA40: =Z40-$Z$14 -> 6871.2563 | AB40: =Z40-Z39 -> 1683.1763
F41: =C41*1000 -> 0 | G41: =F41/1000/(1-$C$8) -> 0 | H41: =E41*G41/SUMPRODUCT($E$14:$E$20,$G$14:$G$20) -> 0 | I41: =$C$6*H41 -> 0 | J41: =($C$7+$C$10)*H41 -> 0 | K41: =I41+J41 -> 0 | L41: =E41*G41 -> 0 | M41: =L41-K41 -> 0 | N41: =K41/(F41/(1-$C$8))*1000 -> #DIV/0! | P41: =O41-N41 -> #DIV/0! | Q41: =P41/E41 -> #DIV/0!
B42: Thành phẩm thu được sau lựa | C42: =SUM(C35:C41) -> 0.89 | F42: =SUM(F35:F41) -> 890 | G42: =SUM(G35:G41) -> 0.94680851 | H42: =SUM(H35:H41) -> 1 | I42: =SUM(I35:I41) -> 15888.889 | J42: =SUM(J35:J41) -> 2609.9291 | K42: =SUM(K35:K41) -> 18498.818 | L42: =SUMPRODUCT(C35:C40,L35:L40) -> 15929.5 | M42: =SUM(M35:M41) -> -4753.3337
B43: Hao hụt (%) | C43: =100%-C42 -> 0.11
B44: Hao hụt (gram_BOM) | F44: =1000-F42 -> 110

Sheet Giá mua Chai-Vảy (Giá giảm)
A2: 2026
A3: 4
B6: Giá chai B0 | C6: 11300
B7: Chi phí phân loại | C7: 3000
B8: Tỷ lệ hao hụt thực tế | C8: 0.1
B9: Tổng chi phí | C9: =SUM(C6:C7) -> 14300
B10: Chi phí hao hụt | C10: =C9*C8/(1-C8) -> 1588.8889
B11: Giá bán hòa vốn đơn vị | C11: =+C9/(1-C8) -> 15888.889 | X11: So giá mua BO
B12: Chai | E12: 0 | S12: Check với SAP | V12: TT | W12: BOM | X12: TT | Y12: BOM
A13: STT | B13: Tên vật tư | C13: Cơ cấu thành phẩm theo BOM | E13: Giá bán chai 3 trạm về DTR | F13: Cơ cấu nguyên vật liệu BOM (gram) | G13: Cơ cấu thành phẩm thực tế | H13: Tỷ trọng giá trị | I13: Phân bổ giá B0 | J13: Phân bổ chi phí phân loại | K13: Chi phí sau phân loại | L13: Doanh thu đơn vị | M13: Lợi nhuận đơn vị | N13: Giá thành 1kg sau phân loại | O13: Giá bán chai 3 trạm về DTR | P13: Diff | R13: Giá BO sau phân loại | S13: BOM SAP | T13: Diff | U13: %Diff | V13: Tỷ 3 cấp chất lượng | W13: Tỷ 3 cấp chất lượng | X13: Tỷ 3 cấp chất lượng | Y13: Tỷ 3 cấp chất lượng | Z13: Cơ cấu giá trừ chất lượng | AA13: GAP so BO | AC13: Giá mua theo phân loại | AD13: Chi phí Băm Vảy | AE13: Vảy
A14: 1 | B14: Chai PET B1 | C14: 0.53 | E14: ='Giá mua Chai-Vảy'!E14-$E$12 -> 16300 | F14: =C14*1000 -> 530 | G14: =F14/1000/(1-$C$8) -> 0.58888889 | H14: =E14*G14/SUMPRODUCT($E$14:$E$20,$G$14:$G$20) -> 0.61465671 | I14: =$C$6*H14 -> 6945.6208 | J14: =($C$7+$C$10)*H14 -> 2820.5913 | K14: =I14+J14 -> 9766.2121 | L14: =E14*G14 -> 9598.8889 | M14: =L14-K14 -> -167.32321 | N14: =K14/(F14/(1-$C$8))*1000 -> 16584.134 | O14: 16300 | P14: =O14-N14 -> -284.13376 | Q14: =P14/E14 -> -0.017431519 | R14: =I14/F14*1000 -> 13104.945 | S14: ='[4]BOM (Long)'!$P$7 -> 11536.632 | T14: =R14-S14 -> 1568.3131 | U14: =T14/S14 -> 0.13594202 | V14: =R14/R$16 -> 1.2255639 | W14: =S14/S$16 -> 1.25 | X14: =S14/C$6 -> 1.0209409 | Y14: =S14/C$6 -> 1.0209409 | Z14: 9700 | AC14: 12500 | AE14: =AC14+AD14 -> 12500
A15: 5 | B15: Chai PET B2.2 | C15: 0.03 | E15: ='Giá mua Chai-Vảy'!E15-$E$12 -> 14800 | F15: =C15*1000 -> 30 | G15: =F15/1000/(1-$C$8) -> 0.033333333 | H15: =E15*G15/SUMPRODUCT($E$14:$E$20,$G$14:$G$20) -> 0.031590181 | I15: =$C$6*H15 -> 356.96905 | J15: =($C$7+$C$10)*H15 -> 144.96383 | K15: =I15+J15 -> 501.93288 | L15: =E15*G15 -> 493.33333 | M15: =L15-K15 -> -8.5995494 | N15: =K15/(F15/(1-$C$8))*1000 -> 15057.986 | O15: 14800 | P15: =O15-N15 -> -257.98648 | Q15: =P15/E15 -> -0.017431519 | R15: =I15/F15*1000 -> 11898.968 | S15: ='[4]BOM (Long)'!$P$9 -> 10152.236 | T15: =R15-S15 -> 1746.7324 | U15: =T15/S15 -> 0.17205396 | V15: =R15/R$16 -> 1.112782 | W15: =S15/S$16 -> 1.1 | X15: =S15/C$6 -> 0.89842796 | Y15: =S15/C$6 -> 0.89842796 | Z15: =Z14/$Y$15 -> 10796.636 | AA15: =Z15-$Z$14 -> 1096.6364 | AB15: =Z15-Z14 -> 1096.6364 | AC15: 10000
A16: 7 | B16: Chai PET B4 | C16: 0.02 | E16: ='Giá mua Chai-Vảy'!E16-$E$12 -> 13300 | F16: =C16*1000 -> 20 | G16: =F16/1000/(1-$C$8) -> 0.022222222 | H16: =E16*G16/SUMPRODUCT($E$14:$E$20,$G$14:$G$20) -> 0.018925649 | I16: =$C$6*H16 -> 213.85984 | J16: =($C$7+$C$10)*H16 -> 86.847701 | K16: =I16+J16 -> 300.70754 | L16: =E16*G16 -> 295.55556 | M16: =L16-K16 -> -5.1519823 | N16: =K16/(F16/(1-$C$8))*1000 -> 13531.839 | O16: 13300 | P16: =O16-N16 -> -231.8392 | Q16: =P16/E16 -> -0.017431519 | R16: =I16/F16*1000 -> 10692.992 | S16: ='[4]BOM (Long)'!$P$10 -> 9229.3054 | T16: =R16-S16 -> 1463.6864 | U16: =T16/S16 -> 0.15859118 | V16: =R16/R$16 -> 1 | W16: =S16/S$16 -> 1 | X16: =S16/C$6 -> 0.81675269 | Y16: =S16/C$6 -> 0.81675269 | Z16: =Z15/$Y$15 -> 12017.253 | AA16: =Z16-$Z$14 -> 2317.2533 | AB16: =Z16-Z15 -> 1220.6169 | AC16: 9000
A17: 8 | B17: Chai PET B5 | C17: 0.02 | E17: ='Giá mua Chai-Vảy'!E17-$E$12 -> 13300 | F17: =C17*1000 -> 20 | G17: =F17/1000/(1-$C$8) -> 0.022222222 | H17: =E17*G17/SUMPRODUCT($E$14:$E$20,$G$14:$G$20) -> 0.018925649 | I17: =$C$6*H17 -> 213.85984 | J17: =($C$7+$C$10)*H17 -> 86.847701 | K17: =I17+J17 -> 300.70754 | L17: =E17*G17 -> 295.55556 | M17: =L17-K17 -> -5.1519823 | N17: =K17/(F17/(1-$C$8))*1000 -> 13531.839 | O17: 13300 | P17: =O17-N17 -> -231.8392 | Q17: =P17/E17 -> -0.017431519 | R17: =I17/F17*1000 -> 10692.992 | S17: ='[4]BOM (Long)'!$P$11 -> 9229.3054 | T17: =R17-S17 -> 1463.6864 | U17: =T17/S17 -> 0.15859118 | V17: =R17/R$16 -> 1 | W17: =S17/S$16 -> 1 | X17: =S17/C$6 -> 0.81675269 | Y17: =S17/C$6 -> 0.81675269 | Z17: =Z16/$Y$15 -> 13375.867 | AA17: =Z17-$Z$14 -> 3675.8674 | AB17: =Z17-Z16 -> 1358.6141 | AC17: 9000
A18: 10 | B18: Chai PET B6.2 | C18: 0.3 | E18: ='Giá mua Chai-Vảy'!E18-$E$12 -> 14800 | F18: =C18*1000 -> 300 | G18: =F18/1000/(1-$C$8) -> 0.33333333 | H18: =E18*G18/SUMPRODUCT($E$14:$E$20,$G$14:$G$20) -> 0.31590181 | I18: =$C$6*H18 -> 3569.6905 | J18: =($C$7+$C$10)*H18 -> 1449.6383 | K18: =I18+J18 -> 5019.3288 | L18: =E18*G18 -> 4933.3333 | M18: =L18-K18 -> -85.995494 | N18: =K18/(F18/(1-$C$8))*1000 -> 15057.986 | O18: 14800 | P18: =O18-N18 -> -257.98648 | Q18: =P18/E18 -> -0.017431519 | R18: =I18/F18*1000 -> 11898.968 | S18: ='[4]BOM (Long)'!$P$13 -> 10152.236 | T18: =R18-S18 -> 1746.7324 | U18: =T18/S18 -> 0.17205396 | V18: =R18/R$16 -> 1.112782 | W18: =S18/S$16 -> 1.1 | X18: =S18/C$6 -> 0.89842796 | Y18: =S18/C$6 -> 0.89842796 | Z18: =Z17/$Y$15 -> 14888.08 | AA18: =Z18-$Z$14 -> 5188.08 | AB18: =Z18-Z17 -> 1512.2126 | AC18: 10000 | AD18: ='[5]CP Công đoạn (3)'!$CJ$6 -> 2321.031 | AE18: =AC18+AD18 -> 12321.031
A19: 11 | B19: Nắp HD ép, cổ chai | E19: ='Giá mua Chai-Vảy'!E19-$E$12 -> 7800 | F19: =C19*1000 -> 0 | G19: =F19/1000/(1-$C$8) -> 0 | H19: =E19*G19/SUMPRODUCT($E$14:$E$20,$G$14:$G$20) -> 0 | I19: =$C$6*H19 -> 0 | J19: =($C$7+$C$10)*H19 -> 0 | K19: =I19+J19 -> 0 | L19: =E19*G19 -> 0 | M19: =L19-K19 -> 0 | N19: =K19/(F19/(1-$C$8))*1000 -> #DIV/0! | O19: 7800 | P19: =O19-N19 -> #DIV/0! | Q19: =P19/E19 -> #DIV/0! | R19: =I19/F19*1000 -> #DIV/0! | S19: ='[4]BOM (Long)'!$P$14 -> 5537.5833 | T19: =R19-S19 -> #DIV/0! | U19: =T19/S19 -> #DIV/0! | V19: =R19/R$16 -> #DIV/0! | W19: =S19/S$16 -> 0.6 | X19: =S19/C$6 -> 0.49005162 | Y19: =S19/C$6 -> 0.49005162 | Z19: =Z18/$Y$15 -> 16571.256 | AA19: =Z19-$Z$14 -> 6871.2563 | AB19: =Z19-Z18 -> 1683.1763 | AC19: 5000
F20: =C20*1000 -> 0 | G20: =F20/1000/(1-$C$8) -> 0 | H20: =E20*G20/SUMPRODUCT($E$14:$E$20,$G$14:$G$20) -> 0 | I20: =$C$6*H20 -> 0 | J20: =($C$7+$C$10)*H20 -> 0 | K20: =I20+J20 -> 0 | L20: =E20*G20 -> 0 | M20: =L20-K20 -> 0 | N20: =K20/(F20/(1-$C$8))*1000 -> #DIV/0! | P20: =O20-N20 -> #DIV/0! | Q20: =P20/E20 -> #DIV/0!
B21: Thành phẩm thu được sau lựa | C21: =SUM(C14:C20) -> 0.9 | F21: =SUM(F14:F20) -> 900 | G21: =SUM(G14:G20) -> 1 | H21: =SUM(H14:H20) -> 1 | I21: =SUM(I14:I20) -> 11300 | J21: =SUM(J14:J20) -> 4588.8889 | K21: =SUM(K14:K20) -> 15888.889 | L21: =SUM(L14:L20) -> 15616.667 | M21: =SUM(M14:M20) -> -272.22222 | N21: =SUMPRODUCT(C14:C18,N14:N18) -> 14300 | O21: =AVERAGE(O14:O18) -> 14500 | R21: =SUMPRODUCT(F14:F18,R14:R18) -> 11300000
B22: Hao hụt (%) | C22: =100%-C21 -> 0.1 | I22: =C10/J21 -> 0.34624697 | J22: =C7/J21 -> 0.65375303 | K22: HH B0 | L22: CF SX | N22: =K21-N21 -> 1588.8889 | O22: =SUMPRODUCT(C14:C18,O14:O18) -> 14055
B23: Hao hụt (gram_BOM) | F23: =1000-F21 -> 100 | I23: =I14/$K14 -> 0.71118881 | J23: =J14/$K14 -> 0.28881119 | K23: =J23*I22 -> 0.1 | L23: =J23*J22 -> 0.18881119 | N23: =K14/$K14 -> 1
I24: =$N14*I$23 -> 11794.45 | J24: =$N14*J$23 -> 4789.6834 | K24: =$N14*K$23 -> 1658.4134 | L24: =$N14*L$23 -> 3131.27 | N24: =$N14*N$23 -> 16584.134
I25: =$N15*I$23 -> 10709.072 | J25: =$N15*J$23 -> 4348.915 | K25: =$N15*K$23 -> 1505.7986 | L25: =$N15*L$23 -> 2843.1163 | N25: =$N15*N$23 -> 15057.986
B26: Giá chai BX mix sau phân loại | C26: =C11 -> 15888.889 | I26: =$N16*I$23 -> 9623.6926 | J26: =$N16*J$23 -> 3908.1466 | K26: =$N16*K$23 -> 1353.1839 | L26: =$N16*L$23 -> 2554.9626 | N26: =$N16*N$23 -> 13531.839
B27: Chi phí phân loại | C27: 1500 | I27: =$N17*I$23 -> 9623.6926 | J27: =$N17*J$23 -> 3908.1466 | K27: =$N17*K$23 -> 1353.1839 | L27: =$N17*L$23 -> 2554.9626 | N27: =$N17*N$23 -> 13531.839
B28: Tỷ lệ hao hụt thực tế | C28: 0.06 | I28: =$N18*I$23 -> 10709.072 | J28: =$N18*J$23 -> 4348.915 | K28: =$N18*K$23 -> 1505.7986 | L28: =$N18*L$23 -> 2843.1163 | N28: =$N18*N$23 -> 15057.986
B29: Tổng chi phí | C29: =SUM(C26:C27) -> 17388.889
B30: Chi phí hao hụt | C30: =C29*C28/(1-C28) -> 1109.9291
B31: Giá bán hòa vốn đơn vị | C31: =+C29/(1-C28) -> 18498.818
X32: So giá mua BO
B33: Vảy | S33: Check với SAP | V33: TT | W33: BOM | X33: TT | Y33: BOM
A34: STT | B34: Tên vật tư | C34: Cơ cấu thành phẩm theo BOM | E34: Giá bán thành chai trước băm | F34: Cơ cấu nguyên vật liệu BOM (gram) | G34: Cơ cấu thành phẩm thực tế | H34: Tỷ trọng giá trị | I34: Phân bổ giá chai băm | J34: Chi phí băm | K34: Giá thành sau băm | L34: Doanh thu đơn vị | M34: Lợi nhuận đơn vị | N34: Giá thành 1kg sau Băm | O34: Giá bán vảy 3 trạm về DTR | P34: Diff | R34: Giá BO sau phân loại | S34: BOM SAP | T34: Diff | U34: %Diff | V34: Tỷ 3 cấp chất lượng | W34: Tỷ 3 cấp chất lượng | X34: Tỷ 3 cấp chất lượng | Y34: Tỷ 3 cấp chất lượng | Z34: Cơ cấu giá trừ chất lượng | AA34: GAP so BO
A35: 1 | B35: Vảy_ Chai PET B1 | C35: 0.54 | E35: =N14 -> 16584.134 | F35: =C35*1000 -> 540 | G35: =F35/1000/(1-$C$28) -> 0.57446809 | H35: =E35*G35/SUMPRODUCT($E$35:$E$40,$G$35:$G$40) -> #DIV/0! | I35: =$C$26*H35 -> #DIV/0! | J35: =$C$27+$C$30 -> 2609.9291 | K35: =N14+J35 -> 19194.063 | L35: =O35 -> 19300 | M35: =L35-K35 -> 105.93716 | N35: =K35 -> 19194.063 | O35: =O14+3000 -> 19300 | P35: =O35-N35 -> 105.93716 | Q35: =P35/E35 -> 0.0063878622 | R35: =I35/F35*1000 -> #DIV/0! | S35: ='[4]BOM (Long)'!$P$7 -> 11536.632 | T35: =R35-S35 -> #DIV/0! | U35: =T35/S35 -> #DIV/0! | V35: =R35/R$16 -> #DIV/0! | W35: =S35/S$16 -> 1.25 | X35: =S35/C$6 -> 1.0209409 | Y35: =S35/C$6 -> 1.0209409 | Z35: 9700
A36: 5 | B36: Vảy_Chai PET B2.2 | C36: 0.03 | E36: =N15 -> 15057.986 | F36: =C36*1000 -> 30 | G36: =F36/1000/(1-$C$28) -> 0.031914894 | H36: =E36*G36/SUMPRODUCT($E$35:$E$40,$G$35:$G$40) -> #DIV/0! | I36: =$C$26*H36 -> #DIV/0! | J36: =$C$27+$C$30 -> 2609.9291 | K36: =N15+J36 -> 17667.916 | L36: =O36 -> 17800 | M36: =L36-K36 -> 132.08444 | N36: =K36 -> 17667.916 | O36: =O15+3000 -> 17800 | P36: =O36-N36 -> 132.08444 | Q36: =P36/E36 -> 0.0087717199 | R36: =I36/F36*1000 -> #DIV/0! | S36: ='[4]BOM (Long)'!$P$9 -> 10152.236 | T36: =R36-S36 -> #DIV/0! | U36: =T36/S36 -> #DIV/0! | V36: =R36/R$16 -> #DIV/0! | W36: =S36/S$16 -> 1.1 | X36: =S36/C$6 -> 0.89842796 | Y36: =S36/C$6 -> 0.89842796 | Z36: =Z35/$Y$15 -> 10796.636 | AA36: =Z36-$Z$14 -> 1096.6364 | AB36: =Z36-Z35 -> 1096.6364
A37: 7 | B37: Vảy_Chai PET B4 | C37: 0.02 | E37: =N16 -> 13531.839 | F37: =C37*1000 -> 20 | G37: =F37/1000/(1-$C$28) -> 0.021276596 | H37: =E37*G37/SUMPRODUCT($E$35:$E$40,$G$35:$G$40) -> #DIV/0! | I37: =$C$26*H37 -> #DIV/0! | J37: =$C$27+$C$30 -> 2609.9291 | K37: =N16+J37 -> 16141.768 | L37: =O37 -> 16300 | M37: =L37-K37 -> 158.23172 | N37: =K37 -> 16141.768 | O37: =O16+3000 -> 16300 | P37: =O37-N37 -> 158.23172 | Q37: =P37/E37 -> 0.01169329 | R37: =I37/F37*1000 -> #DIV/0! | S37: ='[4]BOM (Long)'!$P$10 -> 9229.3054 | T37: =R37-S37 -> #DIV/0! | U37: =T37/S37 -> #DIV/0! | V37: =R37/R$16 -> #DIV/0! | W37: =S37/S$16 -> 1 | X37: =S37/C$6 -> 0.81675269 | Y37: =S37/C$6 -> 0.81675269 | Z37: =Z36/$Y$15 -> 12017.253 | AA37: =Z37-$Z$14 -> 2317.2533 | AB37: =Z37-Z36 -> 1220.6169
A38: 8 | B38: Vảy_Chai PET B5 | C38: 0.02 | E38: =N17 -> 13531.839 | F38: =C38*1000 -> 20 | G38: =F38/1000/(1-$C$28) -> 0.021276596 | H38: =E38*G38/SUMPRODUCT($E$35:$E$40,$G$35:$G$40) -> #DIV/0! | I38: =$C$26*H38 -> #DIV/0! | J38: =$C$27+$C$30 -> 2609.9291 | K38: =N17+J38 -> 16141.768 | L38: =O38 -> 16300 | M38: =L38-K38 -> 158.23172 | N38: =K38 -> 16141.768 | O38: =O17+3000 -> 16300 | P38: =O38-N38 -> 158.23172 | Q38: =P38/E38 -> 0.01169329 | R38: =I38/F38*1000 -> #DIV/0! | S38: ='[4]BOM (Long)'!$P$11 -> 9229.3054 | T38: =R38-S38 -> #DIV/0! | U38: =T38/S38 -> #DIV/0! | V38: =R38/R$16 -> #DIV/0! | W38: =S38/S$16 -> 1 | X38: =S38/C$6 -> 0.81675269 | Y38: =S38/C$6 -> 0.81675269 | Z38: =Z37/$Y$15 -> 13375.867 | AA38: =Z38-$Z$14 -> 3675.8674 | AB38: =Z38-Z37 -> 1358.6141
A39: 10 | B39: Vảy_Chai PET B6.2 | C39: 0.27 | E39: =N18 -> 15057.986 | F39: =C39*1000 -> 270 | G39: =F39/1000/(1-$C$28) -> 0.28723404 | H39: =E39*G39/SUMPRODUCT($E$35:$E$40,$G$35:$G$40) -> #DIV/0! | I39: =$C$26*H39 -> #DIV/0! | J39: =$C$27+$C$30 -> 2609.9291 | K39: =N18+J39 -> 17667.916 | L39: =O39 -> 17800 | M39: =L39-K39 -> 132.08444 | N39: =K39 -> 17667.916 | O39: =O18+3000 -> 17800 | P39: =O39-N39 -> 132.08444 | Q39: =P39/E39 -> 0.0087717199 | R39: =I39/F39*1000 -> #DIV/0! | S39: ='[4]BOM (Long)'!$P$13 -> 10152.236 | T39: =R39-S39 -> #DIV/0! | U39: =T39/S39 -> #DIV/0! | V39: =R39/R$16 -> #DIV/0! | W39: =S39/S$16 -> 1.1 | X39: =S39/C$6 -> 0.89842796 | Y39: =S39/C$6 -> 0.89842796 | Z39: =Z38/$Y$15 -> 14888.08 | AA39: =Z39-$Z$14 -> 5188.08 | AB39: =Z39-Z38 -> 1512.2126
A40: 11 | B40: Vảy_Nắp HD ép, cổ chai | C40: 0.01 | E40: =N19 -> #DIV/0! | F40: =C40*1000 -> 10 | G40: =F40/1000/(1-$C$28) -> 0.010638298 | H40: =E40*G40/SUMPRODUCT($E$35:$E$40,$G$35:$G$40) -> #DIV/0! | I40: =$C$26*H40 -> #DIV/0! | J40: =$C$27+$C$30 -> 2609.9291 | K40: =N19+J40 -> #DIV/0! | L40: =O40 -> 10800 | M40: =L40-K40 -> #DIV/0! | N40: =K40 -> #DIV/0! | O40: =O19+3000 -> 10800 | P40: =O40-N40 -> #DIV/0! | Q40: =P40/E40 -> #DIV/0! | R40: =I40/F40*1000 -> #DIV/0! | S40: ='[4]BOM (Long)'!$P$14 -> 5537.5833 | T40: =R40-S40 -> #DIV/0! | U40: =T40/S40 -> #DIV/0! | V40: =R40/R$16 -> #DIV/0! | W40: =S40/S$16 -> 0.6 | X40: =S40/C$6 -> 0.49005162 | Y40: =S40/C$6 -> 0.49005162 | Z40: =Z39/$Y$15 -> 16571.256 | AA40: =Z40-$Z$14 -> 6871.2563 | AB40: =Z40-Z39 -> 1683.1763
F41: =C41*1000 -> 0 | G41: =F41/1000/(1-$C$8) -> 0 | H41: =E41*G41/SUMPRODUCT($E$14:$E$20,$G$14:$G$20) -> 0 | I41: =$C$6*H41 -> 0 | J41: =($C$7+$C$10)*H41 -> 0 | K41: =I41+J41 -> 0 | L41: =E41*G41 -> 0 | M41: =L41-K41 -> 0 | N41: =K41/(F41/(1-$C$8))*1000 -> #DIV/0! | P41: =O41-N41 -> #DIV/0! | Q41: =P41/E41 -> #DIV/0!
B42: Thành phẩm thu được sau lựa | C42: =SUM(C35:C41) -> 0.89 | F42: =SUM(F35:F41) -> 890 | G42: =SUM(G35:G41) -> 0.94680851 | H42: =SUM(H35:H41) -> #DIV/0! | I42: =SUM(I35:I41) -> #DIV/0! | J42: =SUM(J35:J41) -> 15659.574 | K42: =SUM(K35:K41) -> #DIV/0! | L42: =SUM(L35:L41) -> 98300 | M42: =SUM(M35:M41) -> #DIV/0!
B43: Hao hụt (%) | C43: =100%-C42 -> 0.11
B44: Hao hụt (gram_BOM) | F44: =1000-F42 -> 110

Sheet Hiệu suất
B3: Giá mua chai B0 | C3: CF PL | D3: Chai Sau PL | J3: Vảy chưa rữa (HSTH và GT)-Băm | T3: Vảy sau rữa (HSTH và GT) -Rữa | AD3: Tạo hạt_CF Nhựa
B4: 11300 | C4: 3000 | D4: Tỷ lệ HH Mua B0 | E4: Chai B 1 | F4: Chai B2.2 | G4: Chai B4 | H4: Chai B5 | I4: Chai B6.2 | J4: Chai B 1 | L4: Chai B2.2 | N4: Chai B4 | P4: Chai B5 | R4: Chai B6.2 | T4: Chai B 1 | V4: Chai B2.2 | X4: Chai B4 | Z4: Chai B5 | AB4: Chai B6.2 | AD4: Công thức sản xuất | AI4: Hạt rPET iSS01084G | AK4: Hạt rPET iSS01G | AM4: Hạt rPET WSS01G | AO4: Hạt rPET WSS03G | AQ4: Hạt WSS03NC | AS4: Hạt WSS04NC | AU4: Hạt WSS04SB | AW4: Hạt WSS05SB (sợi ngắn)
J5: % | K5: VND | L5: % | M5: VND | N5: % | O5: VND | P5: % | Q5: VND | R5: % | S5: VND | T5: % | U5: VND | V5: % | W5: VND | X5: % | Y5: VND | Z5: % | AA5: VND | AB5: % | AC5: VND | AD5: Vảy B 1_A1/A2 | AE5: Vảy B2.2 | AF5: Vảy B4 | AG5: Vảy B5 | AH5: Vảy B6.2 | AI5: % | AJ5: VND | AK5: % | AL5: VND | AM5: % | AN5: VND | AO5: % | AP5: VND | AQ5: % | AR5: VND | AS5: % | AT5: VND | AU5: % | AV5: VND | AW5: % | AX5: VND
D6: 0.07 | E6: =E$9/$D$9*$D6 -> 11608.894 | F6: =F$9/$D$9*$D6 -> 10540.591 | G6: =G$9/$D$9*$D6 -> 9472.2874 | H6: =H$9/$D$9*$D6 -> 9472.2874 | I6: =I$9/$D$9*$D6 -> 10540.591 | J6: =J7+1% -> 0.90140264 | K6: =$E$9/J6 -> 18398.142 | L6: =L7+1% -> 0.9393 | M6: =$F$9/L6 -> 16031.073 | N6: =N7+1% -> 0.903 | O6: =G6/N6 -> 10489.798 | P6: =P7+1% -> 0.9288 | Q6: =$H$9/P6 -> 14569.164 | R6: =R7+1% -> 0.87436654 | S6: =$I$9/R6 -> 17221.595 | T6: =T7+1% -> 0.95743291 | U6: =$K$9/T6 -> 19877.674 | V6: =V7+1% -> 0.9703 | W6: =$M$9/V6 -> 17066.862 | X6: =X7+1% -> 0.916 | Y6: =$O$9/X6 -> 16921.822 | Z6: =Z7+1% -> 0.943 | AA6: =$Q$9/Z6 -> 15965.483 | AB6: =AB7+1% -> 0.9512 | AC6: =$S$9/AB6 -> 18748.393 | AJ6: ='H_Tỷ lệ HH&PS (-PS)'!AF5 -> 0 | AL6: ='H_Tỷ lệ HH&PS (-PS)'!AF41 -> 0 | AN6: ='H_Tỷ lệ HH&PS (-PS)'!AF69 -> 0 | AP6: ='H_Tỷ lệ HH&PS (-PS)'!AF94 -> 0 | AR6: ='H_Tỷ lệ HH&PS (-PS)'!AF123 -> 0
D7: =D6+1% -> 0.08 | E7: =E$9/$D$9*$D7 -> 13267.307 | F7: =F$9/$D$9*$D7 -> 12046.389 | G7: =G$9/$D$9*$D7 -> 10825.471 | H7: =H$9/$D$9*$D7 -> 10825.471 | I7: =I$9/$D$9*$D7 -> 12046.389 | J7: =J8+1% -> 0.89140264 | K7: =$E$9/J7 -> 18604.537 | L7: =L8+1% -> 0.9293 | M7: =$F$9/L7 -> 16203.58 | N7: =N8+1% -> 0.893 | O7: =G7/N7 -> 12122.588 | P7: =P8+1% -> 0.9188 | Q7: =$H$9/P7 -> 14727.731 | R7: =R8+1% -> 0.86436654 | S7: =$I$9/R7 -> 17420.835 | T7: =T8+1% -> 0.94743291 | U7: =$K$9/T7 -> 20087.48 | V7: =V8+1% -> 0.9603 | W7: =$M$9/V7 -> 17244.586 | X7: =X8+1% -> 0.906 | Y7: =$O$9/X7 -> 17108.597 | Z7: =Z8+1% -> 0.933 | AA7: =$Q$9/Z7 -> 16136.603 | AB7: =AB8+1% -> 0.9412 | AC7: =$S$9/AB7 -> 18947.59 | AJ7: ='H_Tỷ lệ HH&PS (-PS)'!AF5 -> 0 | AL7: ='H_Tỷ lệ HH&PS (-PS)'!AF41 -> 0 | AN7: ='H_Tỷ lệ HH&PS (-PS)'!AF69 -> 0 | AP7: ='H_Tỷ lệ HH&PS (-PS)'!AF94 -> 0 | AR7: ='H_Tỷ lệ HH&PS (-PS)'!AF123 -> 0
D8: =D7+1% -> 0.09 | E8: =E$9/$D$9*$D8 -> 14925.72 | F8: =F$9/$D$9*$D8 -> 13552.188 | G8: =G$9/$D$9*$D8 -> 12178.655 | H8: =H$9/$D$9*$D8 -> 12178.655 | I8: =I$9/$D$9*$D8 -> 13552.188 | J8: =J9+1% -> 0.88140264 | K8: =$E$9/J8 -> 18815.616 | L8: =L9+1% -> 0.9193 | M8: =$F$9/L8 -> 16379.84 | N8: =N9+1% -> 0.883 | O8: =G8/N8 -> 13792.362 | P8: =P9+1% -> 0.9088 | Q8: =$H$9/P8 -> 14889.788 | R8: =R9+1% -> 0.85436654 | S8: =$I$9/R8 -> 17624.738 | T8: =T9+1% -> 0.93743291 | U8: =$K$9/T8 -> 20301.762 | V8: =V9+1% -> 0.9503 | W8: =$M$9/V8 -> 17426.051 | X8: =X9+1% -> 0.896 | Y8: =$O$9/X8 -> 17299.541 | Z8: =Z9+1% -> 0.923 | AA8: =$Q$9/Z8 -> 16311.431 | AB8: =AB9+1% -> 0.9312 | AC8: =$S$9/AB8 -> 19151.065 | AJ8: ='H_Tỷ lệ HH&PS (-PS)'!AF5 -> 0 | AL8: ='H_Tỷ lệ HH&PS (-PS)'!AF41 -> 0 | AN8: ='H_Tỷ lệ HH&PS (-PS)'!AF69 -> 0 | AP8: ='H_Tỷ lệ HH&PS (-PS)'!AF94 -> 0 | AR8: ='H_Tỷ lệ HH&PS (-PS)'!AF123 -> 0
D9: 0.1 | E9: 16584.134 | F9: 15057.986 | G9: 13531.839 | H9: 13531.839 | I9: 15057.986 | J9: ='H_Tỷ lệ HH&PS (-PS)'!Z6 -> 0.87140264 | K9: =$E$9/J9 -> 19031.54 | L9: ='H_Tỷ lệ HH&PS (-PS)'!Z42 -> 0.9093 | M9: =$F$9/L9 -> 16559.976 | N9: ='H_Tỷ lệ HH&PS (-PS)'!Z71 -> 0.873 | O9: =G9/N9 -> 15500.389 | P9: ='H_Tỷ lệ HH&PS (-PS)'!Z95 -> 0.8988 | Q9: =$H$9/P9 -> 15055.451 | R9: ='H_Tỷ lệ HH&PS (-PS)'!Z124 -> 0.84436654 | S9: =$I$9/R9 -> 17833.471 | T9: ='H_Tỷ lệ HH&PS (-PS)'!AH6 -> 0.92743291 | U9: =$K$9/T9 -> 20520.664 | V9: ='H_Tỷ lệ HH&PS (-PS)'!AH42 -> 0.9403 | W9: =$M$9/V9 -> 17611.375 | X9: ='H_Tỷ lệ HH&PS (-PS)'!AH71 -> 0.886 | Y9: =$O$9/X9 -> 17494.795 | Z9: ='H_Tỷ lệ HH&PS (-PS)'!AH95 -> 0.913 | AA9: =$Q$9/Z9 -> 16490.089 | AB9: ='H_Tỷ lệ HH&PS (-PS)'!AH124 -> 0.9212 | AC9: =$S$9/AB9 -> 19358.957 | AD9: 1 | AI9: ='H_Tỷ lệ HH&PS (-PS)'!BA6 -> 0.963 | AJ9: ='H_Tỷ lệ HH&PS (-PS)'!AZ7 -> 21887.285 | AK9: ='H_Tỷ lệ HH&PS (-PS)'!BA46 -> 0.95235331 | AL9: ='H_Tỷ lệ HH&PS (-PS)'!AZ46 -> 20954.977 | AM9: ='H_Tỷ lệ HH&PS (-PS)'!BA104 -> 0.953 | AN9: ='H_Tỷ lệ HH&PS (-PS)'!AZ104 -> 21532.701 | AO9: ='H_Tỷ lệ HH&PS (-PS)'!BA210 -> 0.95058804 | AP9: ='H_Tỷ lệ HH&PS (-PS)'!AZ210 -> 20456.109 | AQ9: ='H_Tỷ lệ HH&PS (-PS)'!BA274 -> 0.914 | AR9: ='H_Tỷ lệ HH&PS (-PS)'!AZ274 -> 21274.98 | AS9: ='H_Tỷ lệ HH&PS (-PS)'!BA305 -> 0.95058804 | AT9: ='H_Tỷ lệ HH&PS (-PS)'!AZ305 -> 21220.709 | AU9: ='H_Tỷ lệ HH&PS (-PS)'!BA305 -> 0.95058804 | AV9: ='H_Tỷ lệ HH&PS (-PS)'!AZ305 -> 21220.709 | AW9: ='H_Tỷ lệ HH&PS (-PS)'!BA337 -> 0.893 | AX9: ='H_Tỷ lệ HH&PS (-PS)'!AZ337 -> 21775.288
D10: =D9+1% -> 0.11 | E10: =E$9/$D$9*$D10 -> 18242.547 | F10: =F$9/$D$9*$D10 -> 16563.785 | G10: =G$9/$D$9*$D10 -> 14885.023 | H10: =H$9/$D$9*$D10 -> 14885.023 | I10: =I$9/$D$9*$D10 -> 16563.785 | J10: =J9-1% -> 0.86140264 | K10: =$E$9/J10 -> 19252.476 | L10: =L9-1% -> 0.8993 | M10: =$F$9/L10 -> 16744.119 | N10: =N9-1% -> 0.863 | O10: =G10/N10 -> 17247.999 | P10: =P9-1% -> 0.8888 | Q10: =$H$9/P10 -> 15224.842 | R10: =R9-1% -> 0.83436654 | S10: =$I$9/R10 -> 18047.208 | T10: =T9-1% -> 0.91743291 | U10: =$K$9/T10 -> 20744.339 | V10: =V9-1% -> 0.9303 | W10: =$M$9/V10 -> 17800.684 | X10: =X9-1% -> 0.876 | Y10: =$O$9/X10 -> 17694.507 | Z10: =Z9-1% -> 0.903 | AA10: =$Q$9/Z10 -> 16672.703 | AB10: =AB9-1% -> 0.9112 | AC10: =$S$9/AB10 -> 19571.413 | AJ10: ='H_Tỷ lệ HH&PS (-PS)'!AF5 -> 0 | AL10: ='H_Tỷ lệ HH&PS (-PS)'!AF41 -> 0 | AN10: ='H_Tỷ lệ HH&PS (-PS)'!AF69 -> 0 | AP10: ='H_Tỷ lệ HH&PS (-PS)'!AF94 -> 0 | AR10: ='H_Tỷ lệ HH&PS (-PS)'!AF123 -> 0
D11: =D10+1% -> 0.12 | E11: =E$9/$D$9*$D11 -> 19900.961 | F11: =F$9/$D$9*$D11 -> 18069.584 | G11: =G$9/$D$9*$D11 -> 16238.207 | H11: =H$9/$D$9*$D11 -> 16238.207 | I11: =I$9/$D$9*$D11 -> 18069.584 | J11: =J10-1% -> 0.85140264 | K11: =$E$9/J11 -> 19478.603 | L11: =L10-1% -> 0.8893 | M11: =$F$9/L11 -> 16932.404 | N11: =N10-1% -> 0.853 | O11: =G11/N11 -> 19036.585 | P11: =P10-1% -> 0.8788 | Q11: =$H$9/P11 -> 15398.087 | R11: =R10-1% -> 0.82436654 | S11: =$I$9/R11 -> 18266.13 | T11: =T10-1% -> 0.90743291 | U11: =$K$9/T11 -> 20972.944 | V11: =V10-1% -> 0.9203 | W11: =$M$9/V11 -> 17994.107 | X11: =X10-1% -> 0.866 | Y11: =$O$9/X11 -> 17898.832 | Z11: =Z10-1% -> 0.893 | AA11: =$Q$9/Z11 -> 16859.407 | AB11: =AB10-1% -> 0.9012 | AC11: =$S$9/AB11 -> 19788.583
D12: =D11+1% -> 0.13 | E12: =E$9/$D$9*$D12 -> 21559.374 | F12: =F$9/$D$9*$D12 -> 19575.382 | G12: =G$9/$D$9*$D12 -> 17591.391 | H12: =H$9/$D$9*$D12 -> 17591.391 | I12: =I$9/$D$9*$D12 -> 19575.382 | J12: =J11-1% -> 0.84140264 | K12: =$E$9/J12 -> 19710.104 | L12: =L11-1% -> 0.8793 | M12: =$F$9/L12 -> 17124.97 | N12: =N11-1% -> 0.843 | O12: =G12/N12 -> 20867.605 | P12: =P11-1% -> 0.8688 | Q12: =$H$9/P12 -> 15575.321 | R12: =R11-1% -> 0.81436654 | S12: =$I$9/R12 -> 18490.429 | T12: =T11-1% -> 0.89743291 | U12: =$K$9/T12 -> 21206.643 | V12: =V11-1% -> 0.9103 | W12: =$M$9/V12 -> 18191.779 | X12: =X11-1% -> 0.856 | Y12: =$O$9/X12 -> 18107.931 | Z12: =Z11-1% -> 0.883 | AA12: =$Q$9/Z12 -> 17050.341 | AB12: =AB11-1% -> 0.8912 | AC12: =$S$9/AB12 -> 20010.628
E13: =E6-E7 -> -1658.4134 | F13: =F6-F7 -> -1505.7986 | G13: =G6-G7 -> -1353.1839 | H13: =H6-H7 -> -1353.1839 | I13: =I6-I7 -> -1505.7986 | K13: =K6-K7 -> -206.39542 | M13: =M6-M7 -> -172.50697 | O13: =O6-O7 -> -1632.7905 | Q13: =Q6-Q7 -> -158.5673 | S13: =S6-S7 -> -199.23949 | T13: =T6-T7 -> 0.01 | U13: =U6-U7 -> -209.80561 | V13: =V6-V7 -> 0.01 | W13: =W6-W7 -> -177.72428 | X13: =X6-X7 -> 0.01 | Y13: =Y6-Y7 -> -186.77507 | Z13: =Z6-Z7 -> 0.01 | ... AC13: =AC6-AC7 -> -199.19669
E14: =E7-E8 -> -1658.4134 | F14: =F7-F8 -> -1505.7986 | G14: =G7-G8 -> -1353.1839 | H14: =H7-H8 -> -1353.1839 | I14: =I7-I8 -> -1505.7986 | K14: =K7-K8 -> -211.07876 | M14: =M7-M8 -> -176.25998 | O14: =O7-O8 -> -1669.7733 | Q14: =Q7-Q8 -> -162.0569 | S14: =S7-S8 -> -203.90352 | T14: =T7-T8 -> 0.01 | U14: =U7-U8 -> -214.28179 | V14: =V7-V8 -> 0.01 | W14: =W7-W8 -> -181.46466 | X14: =X7-X8 -> 0.01 | Y14: =Y7-Y8 -> -190.94416 | Z14: =Z7-Z8 -> 0.01 | ... AC14: =AC7-AC8 -> -203.47497
E15: =E8-E9 -> -1658.4134 | F15: =F8-F9 -> -1505.7986 | G15: =G8-G9 -> -1353.1839 | H15: =H8-H9 -> -1353.1839 | I15: =I8-I9 -> -1505.7986 | K15: =K8-K9 -> -215.92333 | M15: =M8-M9 -> -180.1368 | O15: =O8-O9 -> -1708.027 | Q15: =Q8-Q9 -> -165.66297 | S15: =S8-S9 -> -208.73326 | T15: =T8-T9 -> 0.01 | U15: =U8-U9 -> -218.90275 | V15: =V8-V9 -> 0.01 | W15: =W8-W9 -> -185.32438 | X15: =X8-X9 -> 0.01 | Y15: =Y8-Y9 -> -195.25441 | Z15: =Z8-Z9 -> 0.01 | ... AC15: =AC8-AC9 -> -207.89258
E16: =E9-E10 -> -1658.4134 | F16: =F9-F10 -> -1505.7986 | G16: =G9-G10 -> -1353.1839 | H16: =H9-H10 -> -1353.1839 | I16: =I9-I10 -> -1505.7986 | K16: =K9-K10 -> -220.93663 | M16: =M9-M10 -> -184.14296 | O16: =O9-O10 -> -1747.6104 | Q16: =Q9-Q10 -> -169.39076 | S16: =S9-S10 -> -213.73665 | T16: =T9-T10 -> 0.01 | U16: =U9-U10 -> -223.67482 | V16: =V9-V10 -> 0.01 | W16: =W9-W10 -> -189.30856 | X16: =X9-X10 -> 0.01 | Y16: =Y9-Y10 -> -199.71227 | Z16: =Z9-Z10 -> 0.01 | ... AC16: =AC9-AC10 -> -212.45563
E17: =E10-E11 -> -1658.4134 | F17: =F10-F11 -> -1505.7986 | G17: =G10-G11 -> -1353.1839 | H17: =H10-H11 -> -1353.1839 | I17: =I10-I11 -> -1505.7986 | K17: =K10-K11 -> -226.12657 | M17: =M10-M11 -> -188.28426 | O17: =O10-O11 -> -1788.5861 | Q17: =Q10-Q11 -> -173.24581 | S17: =S10-S11 -> -218.92213 | T17: =T10-T11 -> 0.01 | U17: =U10-U11 -> -228.60466 | V17: =V10-V11 -> 0.01 | W17: =W10-W11 -> -193.42262 | X17: =X10-X11 -> 0.01 | Y17: =Y10-Y11 -> -204.32457 | Z17: =Z10-Z11 -> 0.01 | ... AC17: =AC10-AC11 -> -217.17058
E18: =E11-E12 -> -1658.4134 | F18: =F11-F12 -> -1505.7986 | G18: =G11-G12 -> -1353.1839 | H18: =H11-H12 -> -1353.1839 | I18: =I11-I12 -> -1505.7986 | K18: =K11-K12 -> -231.50157 | M18: =M11-M12 -> -192.56685 | O18: =O11-O12 -> -1831.0199 | Q18: =Q11-Q12 -> -177.23397 | S18: =S11-S12 -> -224.29863 | T18: =T11-T12 -> 0.01 | U18: =U11-U12 -> -233.69929 | V18: =V11-V12 -> 0.01 | W18: =W11-W12 -> -197.67227 | X18: =X11-X12 -> 0.01 | Y18: =Y11-Y12 -> -209.09851 | Z18: =Z11-Z12 -> 0.01 | ... AC18: =AC11-AC12 -> -222.04425
AC22: =U9-AC9 -> 1161.7073
AC23: =AC22/U9 -> 0.056611581 | AD23: 0.9 | AE23: =AC23*AD23 -> 0.050950423

Sheet H_Tỷ lệ HH&PS
B1: C:\Data\GĐ Tài chính\Cost Controlling\Costing Flow Chart\Hảo\WF all.xlsx | BA1: Từ Vảy | BD1: Từ B0 | BN1: =BN6 -> 1864.95 | BO1: =BO6 -> 1273.8558 | BP1: =SUM(BN1:BO1) -> 3138.8058 | BQ1: =BP1/BQ2 -> 118.4455 | BV1: =BV6/CC1 -> 889.97606 | BW1: =BW6/CC1 -> 70.375471 | BX1: =BX6/CC1 -> 48.070032 | BY1: =BY6/CC1 -> 75.507147 | BZ1: =BZ6/CC1 -> 51.926881 | CA1: =SUM(BV1:BZ1) -> 1135.8556 | CB1: =SUM(BW1:BZ1) -> 245.87953 | CC1: 26.5 | CE1: =CE6/($CC$1) -> 6.1272061 | CF1: =CF6/($CC$1) -> 32.792446 | CG1: =CG6/($CC$1) -> 26.087475 | CH1: =SUM(CE1:CG1) -> 65.007127 | CJ1: 140
M2: B0 | N2: =$E$5*$L$7 -> 6945.6208 | AK2: HSTH Vảy_Tất cả | BD2: HSTH Vảy_Tất cả | BH2: Chai B0 | BI2: Tỷ lệ hao hụt | BJ2: Chi phí phân loại | BK2: Chai sau PL | BL2: Chai Sau PL | BM2: CF nhựa_ Vảy | BN2: CF Băm | BO2: CF Rữa | BP2: GT Vảy | BQ2: 26.5 | BR2: =140/2 -> 70 | BS2: Pro.Order | BV2: CF nhựa_ Hạt | BW2: CF Băm | BX2: CF Rữa | BY2: CF Tạo Hạt | BZ2: CF Nâng IV | CA2: GT Hạt | CC2: USD | CE2: CF BH | CF2: CFQL | CG2: CF TC | CH2: TC | CI2: GBHV | CJ2: GBHV
M3: CF | N3: =(($E$5+$H$5)*$G$5/(1-$G$5)+$H$5)*$L$7 -> 2930.324 | Z3: =$V$7*Z6+$V$43*Z42+$V$71*Z71+$V$125*Z124 -> 0.77807836 | AK3: =$V$7*AK6+$V$43*AK42+$V$71*AK70+$V$125*AK124 -> 0.71989821 | BA3: =($BC$5*$BA$6+$BC$24*$BA$25+$BC$67*$BA$68+$BC$192*$BA$193)/0.53 -> 0.91425998 | BD3: =AVERAGE(BD6,BD25,BD46,BD68,BD128,) -> 0.62668676 | BQ3: USD | BR3: USD | BZ3: 8h
E4: Giá Mua | G4: Tỷ lệ HH | H4: CF PL | J4: Gram | K4: Tỷ lệ BOM | L4: NRV | M4: CF sau PB | N4: =N2+N3 -> 9875.9448 | AK4: HS TH Vảy | BO4: ='H_Tỷ lệ HH&PS (-PS)'!CD6+'H_Tỷ lệ HH&PS (-PS)'!CQ6 -> -1013.0467 | BP4: =BP6-BP5 -> 867.12345 | BQ4: =BP4+BO4 -> -145.92321 | BV4: =BL6/BV5 -> 21962.839
E5: 11300 | G5: 0.11 | H5: 3000 | M5: Giá B1 | N5: =N4/($J$7/(1-$G$5))*1000 -> 16584.134 | O5: =$E$5/(1-$G$5) -> 12696.629 | P5: =N5-O5 -> 3887.5045 | Z5: =N5/Z6 -> 19031.54 | AH5: =Z5/AH6 -> 20520.664 | AI5: NRV | AJ5: =V7 -> 0.53 | AK5: =N5/AK6 -> 20520.664 | AZ5: =AZ7-AZ6 -> 1621.5261 | BB5: NRV | BC5: ='Hảo_R&D (Vảy sạch)'!BR2 -> 0.066666667 | BD5: HS TH Hạt | BE5: Check từ B0 | BM5: =$AK6 -> 0.80816749 | BP5: ='H_Tỷ lệ HH&PS (-PS)'!CT6 -> 22792.347 | BS5: =AT11 -> Tạo hạt iSS01084G | BV5: =BD6 -> 0.75509971
Z6: =SUM(Z7:Z9) -> 0.87140264 | AH6: =SUM(AH7:AH16) -> 0.92743291 | AK6: =Z6*AH6 -> 0.80816749 | AZ6: =AH5/BA6 -> 21962.839 | BA6: =SUM(BA7:BA13) -> 0.93433567 | BB6: =SUM(BA7*BB7,BA9*BB9,BA11*BB11,BA13*BB13) -> 1.0679423 | BD6: =AK6*BA6 -> 0.75509971 | BE6: =N5/BD6 -> 21962.839 | BF6: =BE6-AZ6 -> 0 | BH6: =$E$5 -> 11300 | BI6: =G5 -> 0.11 | BJ6: =H5 -> 3000 | BK6: =N7 -> Chai B1 | BL6: =N5 -> 16584.134 | BM6: =AK5 -> 20520.664 | BN6: =[6]TH!$O$6 -> 1864.95 | BO6: =[6]TH!$O$7 -> 1273.8558 | BP6: =SUM(BM6:BO6) -> 23659.47 | BQ6: =BP6/$BQ$2 -> 892.8102 | BR6: =$BR$2+BQ6 -> 962.8102 | BT6: =AX11 -> 100%B1.A1,A2 | BU6: =BC7 -> Hạt rPET iSS01084G | BV6: =AZ7 -> 23584.366 | BW6: =BN6 -> 1864.95 | BX6: =BO6 -> 1273.8558 | BY6: =[6]TH!$O$10 -> 2000.9394 | BZ6: =[6]TH!$O$11 -> 1376.0623 | CA6: =SUM(BV6:BZ6) -> 30100.173 | CC6: =CA6/$CC$1 -> 1135.8556 | CE6: ='[7]Chụp hình'!$L$38*1000 -> 162.37096 | CF6: ='[7]Chụp hình'!$L$39*10^3 -> 868.99983 | CG6: ='[7]Chụp hình'!$L$37*10^3 -> 691.31809 | CH6: =SUM(CE6:CG6) -> 1722.6889 | CI6: =CC6+$CH$1 -> 1200.8627 | CJ6: =CC6+$CJ$1 -> 1275.8556
E7: Chai B0 | H7: Phân loại | J7: 530 | K7: 0.53 | L7: ='Giá mua Chai-Vảy (Giá giảm)'!H14 -> 0.61465671 | N7: Chai B1 | S7: Chai B1.1 Sau phân loại | V7: 0.53 | W7: Băm | Z7: 0.43017946 | AB7: Chai 1.1 chưa rửa 1 | AH7: 0.46161477 | AI7: 100% | AJ7: Vảy B1_A1 DT | AL7: =AI7/$AI$7 -> 1 | AM7: Tạo mẫu | AR7: Thành phẩm | AZ7: =$AZ$6/$BB$6*BB7 -> 23584.366 | BA7: 0.89417194 | BB7: ='Hảo_R&D (Vảy sạch)'!$BH$2 -> 1.146789 | BC7: Hạt rPET iSS01084G | BM7: =$AK42 -> 0.85501479 | BV7: =BV6-BV8 -> 1132.0495
AE8: Rửa | AZ8: =AZ7-AZ9 -> 1132.0495 | BK8: =N43 -> Chai B2.2 | BL8: =N41 -> 15057.986 | BM8: =AK41 -> 17611.375 | BN8: =BN6 -> 1864.95 | BO8: =BO6 -> 1273.8558 | BP8: =SUM(BM8:BO8) -> 20750.181 | BQ8: =BP8/$BQ$2 -> 783.02571 | BR8: =$BR$2+BQ8 -> 853.02571 | BU8: =BC9 -> Hạt rPET iSS01G | BV8: =AZ9 -> 22452.316 | BW8: =BW6 -> 1864.95 | BX8: =BX6 -> 1273.8558 | BY8: =BY6 -> 2000.9394 | BZ8: =BZ6 -> 1376.0623 | CA8: =SUM(BV8:BZ8) -> 28968.124 | CC8: =CA8/$CC$1 -> 1093.1367 | CE8: =CE6 -> 162.37096 | CF8: =CF6 -> 868.99983 | CG8: =CG6 -> 691.31809 | CH8: =SUM(CE8:CG8) -> 1722.6889 | CI8: =CC8+$CH$1 -> 1158.1439 | CJ8: =CC8+$CJ$1 -> 1233.1367
Z9: 0.44122318 | AB9: Chai 1.1 chưa rửa 2 | AH9: 0.095080369 | AI9: 80% | AJ9: Vảy B1_A2.1 DT | AL9: =AI9/$AI$7 -> 0.8 | AZ9: =$AZ$6/$BB$6*BB9 -> 22452.316 | BA9: 0.015953365 | BB9: ='Hảo_R&D (Vảy sạch)'!BH3 -> 1.0917431 | BC9: Hạt rPET iSS01G | BM9: =$AK70 -> 0.773478 | BV9: =BV6-BV10 -> 1698.0743
AZ10: =AZ7-AZ11 -> 1698.0743 | BK10: =N71 -> Chai B4 | BL10: =N69 -> 13531.839 | BM10: =AK69 -> 17494.795 | BN10: =BN6 -> 1864.95 | BO10: =BO6 -> 1273.8558 | BP10: =SUM(BM10:BO10) -> 20633.601 | BQ10: =BP10/$BQ$2 -> 778.62645 | BR10: =$BR$2+BQ10 -> 848.62645 | BU10: =BC11 -> Hạt rPET WSS01G | BV10: =AZ11 -> 21886.291 | BW10: =BW6 -> 1864.95 | BX10: =BX6 -> 1273.8558 | BY10: =BY6 -> 2000.9394 | BZ10: =BZ6 -> 1376.0623 | CA10: =SUM(BV10:BZ10) -> 28402.099 | CC10: =CA10/$CC$1 -> 1071.7773 | CE10: =CE6 -> 162.37096 | CF10: =CF6 -> 868.99983 | CG10: =CG6 -> 691.31809 | CH10: =SUM(CE10:CG10) -> 1722.6889 | CI10: =CC10+$CH$1 -> 1136.7844 | CJ10: =CC10+$CJ$1 -> 1211.7773
AH11: 0.29600175 | AI11: 60% | AJ11: Vảy B1_A2.2 DT | AL11: =AI11/$AI$7 -> 0.6 | AT11: Tạo hạt iSS01084G | AX11: 100%B1.A1,A2 | AZ11: =$AZ$6/$BB$6*BB11 -> 21886.291 | BA11: 0 | BB11: ='Hảo_R&D (Vảy sạch)'!BH4 -> 1.0642202 | BC11: Hạt rPET WSS01G | BM11: =$AK124 -> 0.77783046 | BV11: =BV6-BV12 -> 2264.0991
Z12: =SUM(Z13:Z29) -> 0.12863516 | AZ12: =AZ7-AZ13 -> 2264.0991 | BK12: =N125 -> Chai B6.2 | BL12: =N123 -> 15057.986 | BM12: =AK123 -> 19358.957 | BN12: =BN6 -> 1864.95 | BO12: =BO6 -> 1273.8558 | BP12: =SUM(BM12:BO12) -> 22497.763 | BQ12: =BP12/$BQ$2 -> 848.97219 | BR12: =$BR$2+BQ12 -> 918.97219 | BU12: =BC13 -> Hạt rPET WSS03G | BV12: =AZ13 -> 21320.266 | BW12: =BW6 -> 1864.95 | BX12: =BX6 -> 1273.8558 | BY12: =BY6 -> 2000.9394 | BZ12: =BZ6 -> 1376.0623 | CA12: =SUM(BV12:BZ12) -> 27836.074 | CC12: =CA12/$CC$1 -> 1050.4179 | CE12: =CE6 -> 162.37096 | CF12: =CF6 -> 868.99983 | CG12: =CG6 -> 691.31809 | CH12: =SUM(CE12:CG12) -> 1722.6889 | CI12: =CC12+$CH$1 -> 1115.425 | CJ12: =CC12+$CJ$1 -> 1190.4179
Z13: 0.046699188 | AB13: PET B1/B8 Vảy-Nắp | AH13: 0.063639115 | AI13: 50% | AJ13: Vảy B1_A3 DT | AL13: =AI13/$AI$7 -> 0.5 | AZ13: =$AZ$6/$BB$6*BB13 -> 21320.266 | BA13: 0.024210369 | BB13: ='Hảo_R&D (Vảy sạch)'!BH5 -> 1.0366972 | BC13: Hạt rPET WSS03G | BV13: =BL6/BV14 -> 22020.878
BS14: =AT28 -> Tạo hạt iSS01G | BV14: =BD25 -> 0.75310956
Z15: 0.0067787447 | AB15: Phó Sản PET Tromel | AH15: 0.011096913 | AJ15: Vảy B1_A3 PL | AL15: Rework | AZ15: =$BC$6*BA15*BB15 -> 0 | BA15: 0.010793245 | BC15: Hạt rPET iSS01G 1 PL | BT15: =AX28 -> 70% B1-A3 DT/MN + 25% B6.2-A3.1/Nạp Star + 5% Hạt WSS03G PL | BU15: =BC26 -> Hạt nhựa rPET iSS01G 2 | BV15: =AZ26 -> 22871.058 | BW15: =BW6 -> 1864.95 | BX15: =BX6 -> 1273.8558 | BY15: =BY6 -> 2000.9394 | BZ15: =BZ6 -> 1376.0623 | CA15: =SUM(BV15:BZ15) -> 29386.865 | CC15: =CA15/$CC$1 -> 1108.9383 | CE15: =CE6 -> 162.37096 | CF15: =CF6 -> 868.99983 | CG15: =CG6 -> 691.31809 | CH15: =SUM(CE15:CG15) -> 1722.6889 | CI15: =CC15+$CH$1 -> 1173.9454 | CJ15: =CC15+$CJ$1 -> 1248.9383
BV16: =BV15-BV17 -> 576.58128
Z17: 0.00051852927 | AB17: Phó Sản PET Bụi Tank A | BT17: =AX49 -> 85.5% B1-A1/A2 MN + 9.5% B2.2-A1/A2 + 5% Hạt WSS03G PL | BU17: =BC30 -> Hạt nhựa rPET WSS01G 2 | BV17: =AZ30 -> 22294.476 | BW17: =BW6 -> 1864.95 | BX17: =BX6 -> 1273.8558 | BY17: =BY6 -> 2000.9394 | BZ17: =BZ6 -> 1376.0623 | CA17: =SUM(BV17:BZ17) -> 28810.284 | CC17: =CA17/$CC$1 -> 1087.1805 | CE17: =CE6 -> 162.37096 | CF17: =CF6 -> 868.99983 | CG17: =CG6 -> 691.31809 | CH17: =SUM(CE17:CG17) -> 1722.6889 | CI17: =CC17+$CH$1 -> 1152.1876 | CJ17: =CC17+$CJ$1 -> 1227.1805
BV18: =BV15-BV19 -> 1153.1626
Z19: 0.026484961 | AB19: Phó Sản B1/B8 Nắp Chưa Băm | BA19: 0.0081900547 | BC19: Phó Sản PET Hạt Chưa Kết Tinh | BU19: =BC32 -> Hạt nhựa rPET WSS03G | BV19: =AZ32 -> 21717.895 | BW19: =BW6 -> 1864.95 | BX19: =BX6 -> 1273.8558 | BY19: =BY6 -> 2000.9394 | BZ19: =BZ6 -> 1376.0623 | CA19: =SUM(BV19:BZ19) -> 28233.703 | CC19: =CA19/$CC$1 -> 1065.4227 | CE19: =CE6 -> 162.37096 | CF19: =CF6 -> 868.99983 | CG19: =CG6 -> 691.31809 | CH19: =SUM(CE19:CG19) -> 1722.6889 | CI19: =CC19+$CH$1 -> 1130.4299 | CJ19: =CC19+$CJ$1 -> 1205.4227
AH20: =SUM(AH21:AH36) -> 0.072553487
Z21: 0.0010507317 | AB21: Nhãn, PVC, OPP… | AH21: 0.0221 | AJ21: Phó Sản PET Tomra Cổng 3 | BA21: 0.023911112 | BC21: Phó Sản PET HAD | BS21: =AT71 -> Tạo hạt WSS01G | BV21: =BL6/BV22 -> 23438.521
BU22: =AX71 -> 100% B1.2_A2 DT (STAR 1) | BV22: =BD68 -> 0.70755888
Z23: 0.0017996016 | AB23: Phế khác (dây, bao, kẽm..) | AH23: 0.0034888022 | AJ23: Phó Sản PET Tuyển nổi 2 | BA23: 0.016976414 | BC23: Phó Sản PET Đầu Keo | BT23: =AX71 -> 100% B1.2_A2 DT (STAR 1) | BU23: =BC69 -> Hạt nhựa rPET WSS01G 1 | BV23: =AZ69 -> 26789.036 | BW23: =BW6 -> 1864.95 | BX23: =BX6 -> 1273.8558 | BY23: =BY6 -> 2000.9394 | BZ23: =BZ6 -> 1376.0623 | CA23: =SUM(BV23:BZ23) -> 33304.843 | CC23: =CA23/$CC$1 -> 1256.7865 | CE23: =CE6 -> 162.37096 | CF23: =CF6 -> 868.99983 | CG23: =CG6 -> 691.31809 | CH23: =SUM(CE23:CG23) -> 1722.6889 | CI23: =CC23+$CH$1 -> 1321.7937 | CJ23: =CC23+$CJ$1 -> 1396.7865
AZ24: =AZ26-AZ25 -> 1365.569 | BB24: NRV | BC24: ='Hảo_R&D (Vảy sạch)'!BR3 -> 0.13333333 | BM24: =$AK25 -> 0
Z25: 0.043 | AB25: Hao hụt khác | AH25: 0.004094929 | AJ25: Phó Sản PET Bụi Tank B | AZ25: =($AH$5*0.7+$AH$123*0.25+$AH$5*0.05)/BA25 -> 21505.488 | BA25: =SUM(BA26,BA30:BA32) -> 0.94070114 | BB25: =SUM(BA26*BB26,BA30*BB30,BA32*BB32) -> 1.0265581 | BD25: =(AK6*0.7+AK124*0.25+AK6*0.05)*BA25 -> 0.75310956 | BE25: =($N$5/BD25)*0.75+($N$123/BD25)*0.25 -> 21514.263 | BF25: =BE25-AZ25 -> 8.7743077 | BL25: =N24 -> 0 | BM25: =AK24 -> 0 | BU25: =BC71 -> Hạt nhựa rPET WSS03G | BV25: =AZ71 -> 26096.216 | BW25: =BW6 -> 1864.95 | BX25: =BX6 -> 1273.8558 | BY25: =BY6 -> 2000.9394 | BZ25: =BZ6 -> 1376.0623 | CA25: =SUM(BV25:BZ25) -> 32612.023 | CC25: =CA25/$CC$1 -> 1230.6424 | CE25: =CE6 -> 162.37096 | CF25: =CF6 -> 868.99983 | CG25: =CG6 -> 691.31809 | CH25: =SUM(CE25:CG25) -> 1722.6889 | CI25: =CC25+$CH$1 -> 1295.6495 | CJ25: =CC25+$CJ$1 -> 1370.6424
AZ26: =$AZ$25/$BB$25*BB26 -> 22871.058 | BA26: 0.9272 | BB26: =BB9 -> 1.0917431 | BC26: Hạt nhựa rPET iSS01G 2 | BV26: =BL6/BV27 -> 21525.172
Z27: 0.0002997583 | AB27: Chai PET B6 Sau Phân Loại | AH27: 0.0028650212 | AJ27: Phó Sản PET Bụi Tank D | BU27: =AX131 -> 100% B1.2_A2 DT (STAR 2) | BV27: =BD128 -> 0.770453
Z28: 0.0019121424 | AB28: Chai PET B5 Sau Phân Loại | AT28: Tạo hạt iSS01G | AX28: 70% B1-A3 DT/MN + 25% B6.2-A3.1/Nạp Star + 5% Hạt WSS03G PL | BA28: 0.0189 | BC28: Hạt Nhựa rPET iSS01G 2 PL | BT28: =AX131 -> 100% B1.2_A2 DT (STAR 2) | BU28: =BC133 -> Hạt nhựa rPET iSS01G 2 | BV28: =AZ133 -> 23172.008 | BW28: =BW6 -> 1864.95 | BX28: =BX6 -> 1273.8558 | BY28: =BY6 -> 2000.9394 | BZ28: =BZ6 -> 1376.0623 | CA28: =SUM(BV28:BZ28) -> 29687.815 | CC28: =CA28/$CC$1 -> 1120.2949 | CE28: =CE6 -> 162.37096 | CF28: =CF6 -> 868.99983 | CG28: =CG6 -> 691.31809 | CH28: =SUM(CE28:CG28) -> 1722.6889 | CI28: =CC28+$CH$1 -> 1185.302 | CJ28: =CC28+$CJ$1 -> 1260.2949
Z29: 9.1505165e-05 | AB29: Chai PET B4 Sau Phân Loại | AH29: 0.0021016881 | AJ29: Phó Sản PET Zigzag
AZ30: =$AZ$25/$BB$25*BB30 -> 22294.476 | BA30: 0.010800912 | BB30: =BB11 -> 1.0642202 | BC30: Hạt nhựa rPET WSS01G 2 | BT30: =AX149 -> 95% B1-A1/A2.1 MN + 5% Hạt WSS03G PL | BU30: =BC129 -> Hạt nhựa rPET WSS01G 2 | BV30: =AZ129 -> 22587.839 | BW30: =BW6 -> 1864.95 | BX30: =BX6 -> 1273.8558 | BY30: =BY6 -> 2000.9394 | BZ30: =BZ6 -> 1376.0623 | CA30: =SUM(BV30:BZ30) -> 29103.647 | CC30: =CA30/$CC$1 -> 1098.2508 | CE30: =CE6 -> 162.37096 | CF30: =CF6 -> 868.99983 | CG30: =CG6 -> 691.31809 | CH30: =SUM(CE30:CG30) -> 1722.6889 | CI30: =CC30+$CH$1 -> 1163.258 | CJ30: =CC30+$CJ$1 -> 1238.2508
AH31: 0.0013030466 | AJ31: Phó Sản PET Zigzag sau lựa
AZ32: =$AZ$25/$BB$25*BB32 -> 21717.895 | BA32: 0.002700228 | BB32: =BB13 -> 1.0366972 | BC32: Hạt nhựa rPET WSS03G | BT32: =AX172 -> 85.5% B1-A2.2 DT/MN + 9.5% B6.2-A1/A2 + 5% Hạt WSS03G PL | BU32: =BC131 -> Hạt nhựa rPET WSS03G | BV32: =AZ131 -> 22003.671 | BW32: =BW6 -> 1864.95 | BX32: =BX6 -> 1273.8558 | BY32: =BY6 -> 2000.9394 | BZ32: =BZ6 -> 1376.0623 | CA32: =SUM(BV32:BZ32) -> 28519.479 | CC32: =CA32/$CC$1 -> 1076.2067 | CE32: =CE6 -> 162.37096 | CF32: =CF6 -> 868.99983 | CG32: =CG6 -> 691.31809 | CH32: =SUM(CE32:CG32) -> 1722.6889 | CI32: =CC32+$CH$1 -> 1141.2139 | CJ32: =CC32+$CJ$1 -> 1216.2067
AH33: 0.0093 | AJ33: Phó sản PET bụi cám sau sàn rung
BS34: =AT196 -> Tạo hạt WSS03G | BV34: =BD193 -> 0.75905331
AH35: 0.0273 | AJ35: Hao hụt | BT35: =AX196 -> 30% B1-A3/A2.2 MN + 15% B2.2-A3/A2 + 55% B6.2 Nạp Star/A2 + 5% Hạt WSS03G PL | BU35: =BC194 -> Hạt nhựa rPET WSS03G | BV35: =AZ193 -> 20456.109 | BW35: =BW6 -> 1864.95 | BX35: =BX6 -> 1273.8558 | BY35: =BY6 -> 2000.9394 | BZ35: =BZ6 -> 1376.0623 | CA35: =SUM(BV35:BZ35) -> 26971.916 | CC35: =CA35/$CC$1 -> 1017.8082 | CE35: =CE6 -> 162.37096 | CF35: =CF6 -> 868.99983 | CG35: =CG6 -> 691.31809 | CH35: =SUM(CE35:CG35) -> 1722.6889 | CI35: =CC35+$CH$1 -> 1082.8153 | CJ35: =CC35+$CJ$1 -> 1157.8082
BV36: =BD215 -> 0.68603513
BT37: =AX218 -> 30% Vảy PET Mix B2-B3-B7 + 70% Vảy PET B6.2_A3.1 | BU37: =BC216 -> Hạt nhựa rPET WSS03G | BV37: =AZ215 -> 21990.583 | BW37: =BW6 -> 1864.95 | BX37: =BX6 -> 1273.8558 | BY37: =BY6 -> 2000.9394 | BZ37: =BZ6 -> 1376.0623 | CA37: =SUM(BV37:BZ37) -> 28506.391 | CC37: =CA37/$CC$1 -> 1075.7129 | CE37: =CE6 -> 162.37096 | CF37: =CF6 -> 868.99983 | CG37: =CG6 -> 691.31809 | CH37: =SUM(CE37:CG37) -> 1722.6889 | CI37: =CC37+$CH$1 -> 1140.72 | CJ37: =CC37+$CJ$1 -> 1215.7129
M38: B0 | N38: =$E$5*$L$43 -> 356.96905 | BA38: 0.030070721 | BC38: Phó Sản PET Hạt Chưa Kết Tinh
M39: CF | N39: =(($E$5+$H$5)*$G$5/(1-$G$5)+$H$5)*$L$43 -> 150.60353 | BT39: 89% B6.2 + 11% B4 | BU39: Hạt WSS03NC | BV39: =BM12*0.89+BM10*0.11 -> 19153.899 | BW39: =BW6 -> 1864.95 | BX39: =BX6 -> 1273.8558 | BY39: =BY6 -> 2000.9394 | BZ39: =BZ6 -> 1376.0623 | CA39: =SUM(BV39:BZ39) -> 25669.707 | CC39: =CA39/$CC$1 -> 968.66818 | CE39: =CE6 -> 162.37096 | CF39: =CF6 -> 868.99983 | CG39: =CG6 -> 691.31809 | CH39: =SUM(CE39:CG39) -> 1722.6889 | CI39: =CC39+$CH$1 -> 1033.6753 | CJ39: =CC39+$CJ$1 -> 1108.6682
M40: CF sau PB | N40: =N38+N39 -> 507.57258 | BA40: 0.0044406478 | BC40: Phó Sản PET HAD | BT40: 95% B6.2 + 5% B4 | BU40: Hạt WSS04NC | BV40: =BM12*0.95+BM10*0.05 -> 19265.749 | BW40: =BW6 -> 1864.95 | BX40: =BX6 -> 1273.8558 | BY40: =BY6 -> 2000.9394 | BZ40: =BZ6 -> 1376.0623 | CA40: =SUM(BV40:BZ40) -> 25781.557 | CC40: =CA40/$CC$1 -> 972.88893 | CE40: =CE6 -> 162.37096 | CF40: =CF6 -> 868.99983 | CG40: =CG6 -> 691.31809 | CH40: =SUM(CE40:CG40) -> 1722.6889 | CI40: =CC40+$CH$1 -> 1037.8961 | CJ40: =CC40+$CJ$1 -> 1112.8889
M41: Giá B2.2 | N41: =N40/($J$43/(1-$G$5))*1000 -> 15057.986 | Z41: =N41/Z42 -> 16559.976 | AH41: =Z41/AH42 -> 17611.375 | AI41: NRV | AJ41: =V43 -> 0.05 | AK41: =N41/AK42 -> 17611.375 | BM41: =$AK42 -> 0.85501479 | BS41: Hyosung | BT41: 100%B1.A1,A2 | BU41: Hạt WSS04SB | BV41: =BM6 -> 20520.664 | BW41: =BW6 -> 1864.95 | BX41: =BX6 -> 1273.8558 | BY41: =BY6 -> 2000.9394 | BZ41: =BZ6 -> 1376.0623 | CA41: =SUM(BV41:BZ41) -> 27036.472 | CC41: =CA41/$CC$1 -> 1020.2442 | CE41: =CE6 -> 162.37096 | CF41: =CF6 -> 868.99983 | CG41: =CG6 -> 691.31809 | CH41: =SUM(CE41:CG41) -> 1722.6889 | CI41: =CC41+$CH$1 -> 1085.2514 | CJ41: =CC41+$CJ$1 -> 1160.2442
Z42: =SUM(Z43:Z44) -> 0.9093 | AH42: =SUM(AH43:AH48) -> 0.9403 | AK42: =Z42*AH42 -> 0.85501479 | BA42: 0.0054004561 | BC42: Phó Sản PET Đầu Keo | BL42: =N41 -> 15057.986 | BM42: =AK41 -> 17611.375 | BT42: 95% B6.2 + 5% B4 | BU42: Hạt WSS05SB (sợi ngắn) | BV42: =BM12*0.95+BM8*0.05 -> 19271.578 | BW42: =BW6 -> 1864.95 | BX42: =BX6 -> 1273.8558 | BY42: =BY6 -> 2000.9394 | BZ42: =BZ6 -> 1376.0623 | CA42: =SUM(BV42:BZ42) -> 25787.386 | CC42: =CA42/$CC$1 -> 973.10889 | CE42: =CE6 -> 162.37096 | CF42: =CF6 -> 868.99983 | CG42: =CG6 -> 691.31809 | CH42: =SUM(CE42:CG42) -> 1722.6889 | CI42: =CC42+$CH$1 -> 1038.116 | CJ42: =CC42+$CJ$1 -> 1113.1089
J43: 30 | K43: 0.03 | L43: ='Giá mua Chai-Vảy (Giá giảm)'!H15 -> 0.031590181 | N43: Chai B2.2 | S43: Chai B2.2 | V43: 0.05 | W43: Băm | Z43: 0.9093 | AB43: Chai 2.2 chưa rửa | AE43: Rửa | AH43: 0.341 | AI43: 100% | AJ43: Vảy B2.2/B5_A1 DT | AM43: Tạo mẫu | AP43: Thành phẩm
BS44: Vảy FPET 201 | BT44: 15% B1-A2.2 DT/MN + 65% B6.2-A1/A2 + 20% B5 | BU44: Vảy FPET 201 | BV44: =BM6*0.15+BM12*0.65+BM8*0.2 -> 19183.697 | BW44: =BW6 -> 1864.95 | BX44: =BX6 -> 1273.8558 | CA44: =BV44+BW44+BX44 -> 22322.503 | CC44: =CA44/$CC$1 -> 842.35859 | CE44: =CE6 -> 162.37096 | CF44: =CF6 -> 868.99983 | CG44: =CG6 -> 691.31809 | CH44: =SUM(CE44:CG44) -> 1722.6889 | CI44: =CC44+$CH$1 -> 907.36572 | CJ44: =CC44+$CJ$1/2 -> 912.35859
AH45: 0.466 | AI45: 80% | AJ45: Vảy B2.2/B5_A2 DT | AZ45: =AZ47-AZ46 -> 1066.6474 | BB45: NRV | BC45: ='Hảo_R&D (Vảy sạch)'!BR3 -> 0.13333333
AZ46: =($AH$5*0.855+$AH$41*0.095+$AH$5*0.05)/BA46 -> 21257.113 | BA46: =SUM(BA47:BA49,BA53) -> 0.95235331 | BB46: =SUM(BA47*BB47,BA49*BB49,BA53*BB53) -> 1.0395787 | BD46: =(0.855*AK6+AK42*0.095+0.05*AK6)*BA46 -> 0.77389943 | BE46: =($N$5/BD46)*0.905+($N$41/BD46)*0.095 -> 21241.972 | BF46: =BE46-AZ46 -> -15.141158
AH47: 0.1333 | AI47: 60% | AJ47: Vảy B2.2/B5_A3 DT | AZ47: =$AZ$46/$BB$46*BB47 -> 22323.76 | BA47: 0.9470329 | BB47: =BB9 -> 1.0917431 | BC47: Hạt nhựa rPET iSS01G 1 | BS47: Niagara | BT47: 90%B1.A1,A2 +10% B6.2-A1/A2 | BU47: Hạt WSS01G-Nia | BV47: =BM6*0.9+BM12*0.2 -> 22340.389 | BW47: =BW6 -> 1864.95 | BX47: =BX6 -> 1273.8558 | BY47: =BY6 -> 2000.9394 | BZ47: =BZ6 -> 1376.0623 | CA47: =SUM(BV47:BZ47) -> 28856.197 | CC47: =CA47/$CC$1 -> 1088.9131 | CE47: =CE6 -> 162.37096 | CF47: =CF6 -> 868.99983 | CG47: =CG6 -> 691.31809 | CH47: =SUM(CE47:CG47) -> 1722.6889 | CI47: =CC47+$CH$1 -> 1153.9202 | CJ47: =CC47+$CJ$1 -> 1228.9131
U48: =Z48+AH50 -> 0.15030832 | Z48: =SUM(Z49:Z66) -> 0.090660916 | AZ48: =AZ47-AZ49 -> 562.78387
Z49: 0.04173 | AB49: Phó Sản PET B2 Vảy-Nắp | AX49: 85.5% B1-A1/A2 MN + 9.5% B2.2-A1/A2 + 5% Hạt WSS03G PL | AZ49: =$AZ$46/$BB$46*BB49 -> 21760.976 | BA49: 0.0053204096 | BB49: =BB11 -> 1.0642202 | BC49: Hạt nhựa rPET WSS01G 1 | BU49: Hạt WSS03SB
AH50: =SUM(AH51:AH62) -> 0.059647403 | BU50: Hạt WSS04SB
Z51: 0.008873 | AB51: Chai PET B4/B5/B6 sau phân loại | AH51: 0.0019230708 | AJ51: Phó Sản PET Bụi Cám Sau Sàn Rung | BA51: 0.0053204096 | BC51: Hạt Nhựa rPET iSS01G 1 PL
AZ52: =AZ49-AZ53 -> 562.78387
Z53: 0.014863672 | AB53: Phó Sản PET Tromel | AH53: 0.0019230708 | AJ53: Phó Sản PET Zigzag Sau Lựa | AZ53: =$AZ$46/$BB$46*BB53 -> 21198.193 | BA53: 0 | BB53: =BB13 -> 1.0366972 | BC53: Hạt nhựa rPET WSS03G
Z55: 0.016055213 | AB55: Phó Sản B1/B8 Nắp Chưa Băm | AH55: 0.0019230708 | AJ55: Phó Sản PET Tomra Cổng 3
Z57: 0.0025637067 | AB57: PET B1/B8 Vảy-Nắp | AH57: 0.0014423031 | AJ57: Phó Sản PET Bụi Tank D
Z59: 0.0034959636 | AB59: Phó Sản PET Bụi Tank A | AH59: 0.002935888 | AJ59: Phó Sản PET Bụi LB | BA59: 0.0032406131 | BC59: Phó Sản Hạt PET Quét Nền
Z61: 0.0022665497 | AB61: Nhãn, PVC, OPP… | AH61: 0.0495 | AJ61: Hao hụt | BA61: 0.016164372 | BC61: Phó Sản PET HAD
Z63: 0.00081281154 | AB63: Phế khác (dây, bao, kẽm..) | BA63: 0.0076178592 | BC63: Phó Sản PET Đầu Keo
M66: B0 | N66: =$E$5*$L$71 -> 213.85984 | BE66: =BE67/BE6 -> 0.067189931
M67: CF | N67: =(($E$5+$H$5)*$G$5/(1-$G$5)+$H$5)*$L$71 -> 90.226438 | AZ67: =AZ69-AZ68 -> 3350.5147 | BB67: NRV | BC67: ='Hảo_R&D (Vảy sạch)'!BR4 -> 0.26666667 | BE67: =BE68-BE6 -> 1475.6817
L68: NRV | M68: CF sau PB | N68: =N66+N67 -> 304.08627 | AQ68: 26.5 | AZ68: =($AH$5)/BA68 -> 23438.521 | BA68: =SUM(BA69:BA71) -> 0.8755102 | BB68: =SUM(BA69*BB69,BA71*BB71) -> 0.93111777 | BD68: =AK6*BA68 -> 0.70755888 | BE68: =($N$5/BD68) -> 23438.521 | BF68: =BE68-AZ68 -> 0
M69: Giá B4 | N69: =N68/($J$71/(1-$G$5))*1000 -> 13531.839 | AI69: NRV | AJ69: =V71 -> 0.02 | AK69: =N69/AK70 -> 17494.795 | AM69: 6000 | AP69: =AK69+AM69 -> 23494.795 | AQ69: =AP69/AQ68 -> 886.59605 | AZ69: =$AZ$68/$BB$68*BB69 -> 26789.036 | BA69: 0.85306122 | BB69: =BB11 -> 1.0642202 | BC69: Hạt nhựa rPET WSS01G 1
Z70: =N69/Z71 -> 15500.389 | AH70: =Z70/AH71 -> 17494.795 | AK70: =AH71*Z71 -> 0.773478 | AZ70: =AZ69-AZ71 -> 692.81989
J71: 20 | K71: 0.02 | L71: ='Giá mua Chai-Vảy (Giá giảm)'!H16 -> 0.018925649 | N71: Chai B4 | S71: Chai B4 | V71: 0.02 | W71: Băm | Z71: 0.873 | AB71: Chai 4 chưa rửa 1 | AE71: Rửa | AH71: =SUM(AH72:AH73) -> 0.886 | AJ71: Vảy B4_A1/A2 DT | AM71: Gia công | AP71: Dây Đai | AT71: Tạo hạt WSS01G | AX71: 100% B1.2_A2 DT (STAR 1) | AZ71: =$AZ$68/$BB$68*BB71 -> 26096.216 | BA71: 0.02244898 | BB71: =BB13 -> 1.0366972 | BC71: Hạt nhựa rPET WSS03G
Z73: =SUM(Z74:Z89) -> 0.127 | AH73: 0.886 | AI73: 100% | AJ73: Vảy B4_A3 DT | BA73: 0.044897959 | BC73: Hạt Nhựa rPET WSS01G 1 PL
Z74: 0.001 | AB74: Nhãn, PVC, OPP… | AH74: =SUM(AH75:AH89) -> 0.091
AH75: 0.005 | AJ75: Phó Sản PET Tomra Cổng 3
Z76: 0.005 | AB76: Phó Sản B1/B8 Nắp Chưa Băm
AH77: 0.028 | AJ77: Phó Sản PET Tuyển nổi 2
Z78: 0.042 | AB78: PET B4 Vảy-Nắp
AH79: 0.01 | AJ79: Phó Sản PET Bụi Cám Sau Sàn Rung
Z80: 0.027 | AB80: Phó Sản PET Bụi Tank A
AH81: 0.007 | AJ81: Phó Sản PET Bụi Tank B
Z82: 0.013 | AB82: Phó Sản PET Tromel
AH83: 0.005 | AJ83: Phó Sản PET Bụi Tank D
Z84: 0.01 | AB84: Phó Sản PET Zigzag_sau lựa
AH85: 0.004 | AJ85: Phó Sản PET Zigzag_Sau lựa
Z86: 0.008 | AB86: Phế khác
AH87: 0.032 | AJ87: Hao hụt | BA87: 0.021428571 | BC87: Phó Sản PET HAD
Z88: 0.021 | AB88: Hao hụt
BA89: 0.02244898 | BC89: Phó Sản PET Hạt Chưa Kết Tinh
M91: B0 | N91: =$E$5*$L$43 -> 356.96905
M92: CF | N92: =(($E$5+$H$5)*$G$5/(1-$G$5)+$H$5)*$L$96 -> 90.226438
M93: CF sau PB | N93: =N91+N92 -> 447.19549
M94: Giá B5 | N94: =N93/($J$43/(1-$G$5))*1000 -> 13266.799 | Z94: =N94/Z95 -> 14760.569 | AH94: =Z94/AH95 -> 16167.107 | AI94: NRV | AJ94: =V96 -> 0.05 | AK94: =N94/AK95 -> 16167.107
Z95: =SUM(Z96:Z99) -> 0.8988 | AH95: =SUM(AH96:AH101) -> 0.913 | AK95: =Z95*AH95 -> 0.8206044
J96: 20 | K96: 0.02 | L96: ='Giá mua Chai-Vảy (Giá giảm)'!H17 -> 0.018925649 | N96: Chai B5 | S96: Chai B5 | V96: 0.05 | W96: Băm | Z96: 0.5913 | AB96: Chai B5 chưa rửa 1 | AE96: Rửa | AH96: 0.075 | AI96: 100% | AJ96: Vảy B5_A1 DT | AM96: Tạo mẫu | AP96: Thành phẩm
Z98: 0.3075 | AB98: Chai B5 chưa rửa 2 | AH98: 0.769 | AI98: 80% | AJ98: Vảy B5_A2 DT
AH100: 0.069 | AI100: 60% | AJ100: Vảy B5_A3 DT
U101: =Z101+AH103 -> 0.18111281 | Z101: =SUM(Z102:Z119) -> 0.10111281
Z102: 0.0364 | AB102: Phó Sản PET B5 Vảy-Nắp
AH103: =SUM(AH104:AH117) -> 0.08
Z104: 0.0021 | AB104: Chai PET B4/B5/B6 sau phân loại | AH104: 0.002 | AJ104: Phó Sản PET Zigzag Sau Lựa
Z106: 0.0024 | AB106: Phó Sản PET Tromel | AH106: 0.005 | AJ106: Phó Sản PET tuyển nổi 2
Z108: 0.0074 | AB108: Phó Sản B1/B8 Nắp Chưa Băm | AH108: 0.035 | AJ108: Phó Sản PET Tomra Cổng 3
Z110: 0.0072 | AB110: Phó Sản PET Bụi Tank A | AH110: 0.02 | AJ110: Phó Sản PET Bụi Tank B
Z112: 0.00081281154 | AB112: Nhãn, PVC, OPP… | AH112: 0.005 | AJ112: Phó Sản PET Bụi LB
Z114: 0.0014 | AB114: Phế khác (dây, bao, kẽm..) | AH114: 0.006 | AJ114: Phó Sản PET Bụi Tank C
Z116: 0.0434 | AB116: Hao hụt | AH116: 0.007 | AJ116: Phó Sản PET Bụi Tank D
AH119: 0.007 | AJ119: Hao hụt
...

Sheet H_Tỷ lệ HH&PS (-PS)
B1: C:\Data\GĐ Tài chính\Cost Controlling\Costing Flow Chart\Hảo\WF all.xlsx | N1: =N2+N38+N66+N91+N120 -> 11300 | O1: =N3+N39+N67+N92+N121 -> 4588.8889 | Z1: HSTH Vảy A0_Tất cả | AA1: =AA5-N5 -> 1747.4765 | AC1: Vảy A0 | AH1: =AH5-Z5 -> 1489.1248 | AI1: =AI5-AA5 -> 1875.9367 | AK1: HSTH Vảy A1 DT_Tất cả | AZ1: =AZ6-AH5 -> 463.28889 | BA1: Từ Vảy | BC1: Từ B0 | BD1: HSTH Hạt_Tất cả | CC1: =CC4/$CU$2 -> 70.375471 | CO1: =CO4/$CU$2 -> 48.070032 | DT1: Min | DU1: =DU6/$EG$1 -> 804.11702 | DV1: =DV6/$EG$1 -> 571.87903 | DW1: =DW6/$EG$1 -> 280.54077 | DZ1: =DZ6/$EG$1 -> -12.143823 | EA1: =EA6/$EG$1 -> 80.411702 | EB1: =EB6/$EG$1 -> 75.507147 | EC1: =EC6/$EG$1 -> 0 | EE1: =SUM(DU1:EC1) -> 1800.3118 | EF1: =SUM(DV1:EC1) -> 996.19482 | EG1: 26.5 | EI1: =EI6/($EG$1) -> 82 | EJ1: =EJ6/($EG$1) -> 44 | EK1: =EK6/($EG$1) -> 14 | EL1: =SUM(EI1:EK1) -> 140 | EN1: 140 | EO1: ='Hảo_R&D (Vảy sạch) (-PS)'!CE11 -> 56 | ER1: =ER10 -> 571.76807 | ES1: =ES10 -> 534.83977 | ET1: =ET10 -> 50 | EU1: =SUM(ER1:ET1) -> 1156.6078 | EW1: =EW10 -> 15151.854 | EX1: =EX10 -> 14173.254 | EY1: =EY10 -> 1325 | EZ1: =SUM(EW1:EY1) -> 30650.108 | FB1: =FB10 -> 545.10343 | FC1: =FC10 -> 26.664636 | FD1: =FD10 -> 394.83977 | FE1: =FE10 -> 140 | FF1: =FF10 -> 50 | FG1: =SUM(FB1:FF1) -> 1156.6078 | FI1: =FI10 -> 14445.241 | FJ1: =FJ10 -> 706.61285 | FK1: =FK10 -> 10463.254 | FL1: =FL10 -> 3710 | FM1: =FM10 -> 1325 | FN1: =SUM(FI1:FM1) -> 30650.108 | FP1: =(FF1+FE1)/FG1 -> 0.16427349 | FQ1: =FF1/FG1 -> 0.043229865
M2: B0 | N2: =$E$5*$L$7 -> 6945.6208 | Z2: =$V$7*Z6+$V$43*Z42+$V$71*Z71+$V$125*Z124 -> 0.75989236 | AI2: NRV | AK2: =($V$7*AK6+$V$43*AK42+$V$71*AK70+$V$96*AK95+$V$125*AK124)/($V$125+$V$96+$V$71+$V$43+$V$7) -> 0.79912222 | BA2: =($BC$5*$BA$6+$BC$24*$BA$25+$BC$84*$BA$85+$BC$209*$BA$210)/0.53 -> 0.91786555 | BB2: NRV | BD2: =AVERAGE(BD6,BD25,BD46,BD65,BD85,BD104,BD122,BD145,BD210,BD241) -> 0.75940969 | BE2: =BA2*AK2 -> 0.73348676 | BF2: =BD2-BE2 -> 0.025922929 | BH2: Chai B0 | BI2: Tỷ lệ chai sau PL | BJ2: Tỷ trọng giá trị | BK2: Chai Sau PL | BL2: CF nhựa_ chai B0 sau phân loại | BS2: Chai Sau PL | BW2: Vảy A0 | CC2: =CC5/$CU$2 -> 122.29884 | CH2: Vảy A1 | CO2: =CO5/$CU$2 -> 75.983409 | CU2: 26.5 | CV2: =140/2 -> 70 | CY2: Vảy A1 | DF2: =DF5/$CU$2 -> 75.983409 | DL2: 26.5 | DM2: =140/2 -> 70 | DP2: Pro.Order | DR2: Hạt | DT2: Max | DU2: =DU7/$EG$1 -> 804.11702 | DV2: =DV7/$EG$1 -> 571.87903 | DW2: =DW7/$EG$1 -> 227.8097 | DZ2: =DZ7/$EG$1 -> -12.143823 | EA2: =EA7/$EG$1 -> 80.411702 | EB2: =EB7/$EG$1 -> 105.54176 | EC2: =EC7/$EG$1 -> 0 | EE2: =SUM(DU2:EC2) -> 1777.6154 | EF2: =SUM(DV2:EC2) -> 973.49836 | EI2: =EI7/($EG$1) -> 82 | EJ2: =EJ7/($EG$1) -> 44 | EK2: =EK7/($EG$1) -> 14 | EL2: =SUM(EI2:EK2) -> 140 | EN2: =EN1*EG1 -> 3710 | EO2: =EO6 -> 100 | ER2: =ER11 -> 571.76807 | ES2: =ES11 -> 540.60806 | ET2: =ET11 -> 50 | EU2: =SUM(ER2:ET2) -> 1162.3761 | EW2: =EW11 -> 15151.854 | EX2: =EX11 -> 14326.114 | EY2: =EY11 -> 1325 | EZ2: =SUM(EW2:EY2) -> 30802.968 | FB2: =FB11 -> 545.10343 | FC2: =FC11 -> 26.664636 | FD2: =FD11 -> 400.60806 | FE2: =FE11 -> 140 | FF2: =FF11 -> 50 | FG2: =SUM(FB2:FF2) -> 1162.3761 | FI2: =FI11 -> 14445.241 | FJ2: =FJ11 -> 706.61285 | FK2: =FK11 -> 10616.114 | FL2: =FL11 -> 3710 | FM2: =FM11 -> 1325 | FN2: =SUM(FI2:FM2) -> 30802.968 | FP2: =(FF2+FE2)/FG2 -> 0.16345828 | FQ2: =FF2/FG2 -> 0.043015336
M3: CF | N3: =(($E$5+$H$5)*$G$5/(1-$G$5)+$H$5)*$L$7 -> 2820.5913 | Q3: PB giá trị B0 => B1 | R3: HH B0 => B1 | S3: CFPL B0 | T3: Check | Z3: PB giá trị B1 => Vảy A0 | AA3: HH B1 => Vảy A0_Băm | AB3: CFPL B0 tớí Vảy A0 | AC3: Check | AH3: PB giá trị B1 => A1_DT | AI3: HH A0 =>A1_DT | AJ3: CFPL B0 tớí Vảy A1_DT | AK3: Check | BA3: PB giá trị B1 =>Hạt | BB3: HH Vảy A1_DT => Hạt | BC3: CFPL B0 tớí Hạt | BD3: Check | BH3: Tỷ lệ hao hụt | BL3: BO | BM3: Hao hụt công đoạn phân loại B0 | BO3: Nhựa /1kg | BP3: Cphi phí sx | BQ3: Chi phi phí sau phân loại | BR3: Nhựa /1kg | BS3: Cộng | BT3: =Q3 -> PB giá trị B0 => B1 | BU3: =S3 -> CFPL B0 | BV3: =R3 -> HH B0 => B1 | BX3: % thu hồi | CA3: =Z3 -> PB giá trị B1 => Vảy A0 | CB3: =$BU$3&" tới "&BW2 -> CFPL B0 tới Vảy A0 | CC3: CF Băm | CD3: Phó sản -CĐ Băm | CE3: =AA3 -> HH B1 => Vảy A0_Băm | CG3: Gía thành Vảy A0 | CI3: % thu hồi | CK3: CF nhựa_ Vảy A1_DT | CL3: =AH3 -> PB giá trị B1 => A1_DT | CM3: =$BU$3&" tới "&CH2&"_DT" -> CFPL B0 tới Vảy A1_DT | CN3: CF Băm | CO3: CF Rữa | CP3: Phó sản -CĐ Băm | CQ3: Phó sản CĐ Rữa | CR3: =AI3 -> HH A0 =>A1_DT | CT3: Giá thành Vảy_A1 DT | CU3: USD | CV3: USD | CW3: NRV_IN | CZ3: % thu hồi | DB3: CF nhựa_ Vảy A1_DT | DC3: =AH3 -> PB giá trị B1 => A1_DT | DD3: =AJ3 -> CFPL B0 tớí Vảy A1_DT | DE3: CF Băm | DF3: CF Rữa | DG3: Phó sản -CĐ Băm | DH3: Phó sản CĐ Rữa | DI3: =AI3 -> HH A0 =>A1_DT | DK3: Giá thành Vảy_A1 DT | DL3: USD | DM3: USD | DN3: NRV_IN | DS3: % thu hồi | DU3: CF nhựa_ Hạt | DV3: =BA3 -> PB giá trị B1 =>Hạt | DW3: =BC3 -> CFPL B0 tớí Hạt | DX3: Phó sản -CĐ Băm | DY3: Phó sản CĐ Rữa | DZ3: Phó sản CĐ tạo hạt | EA3: =BB3 -> HH Vảy A1_DT => Hạt | EB3: CF Tạo Hạt | EC3: CF Nâng IV (8h) | ED3: CF Nâng IV (10h) | EE3: Giá thành Hạt | EG3: USD | EI3: CF BH | EJ3: CFQL | EK3: CF TC | EL3: TC | EM3: Điểm hòa vốn (D+E) _VND | EN3: Điểm hòa vốn (D+E) _USD | EO3: LN MM | EP3: Gía bán theo giá trị | ER3: CF nhựa_ Hạt | ES3: Chi phí SX | ET3: LN MM | EU3: Gíá V HB | EW3: CF nhựa_ Hạt | EX3: Chi phí SX | EY3: LN MM | EZ3: Gíá V HB | FB3: CF nhựa_ Hạt | FC3: Hao hụt về tiền | FD3: Chi phí SX | FE3: CP quản lý, bán hàng, lãi vay | FF3: LN MM | FG3: Gíá bán theo giá trị | FI3: CF nhựa_ Hạt | FJ3: Hao hụt về tiền | FK3: Chi phí SX | FL3: CP quản lý, bán hàng, lãi vay | FM3: LN MM | FN3: Gíá bán theo giá trị | FP3: % LG mới | FQ3: % LNST | FS3: KTQT | FT3: LG mới-PS-KTQT | FU3: % LG mới-PS-KTQT | FV3: Cao hơn(+) /Thấp hơn (-) | FW3: Room
E4: Giá Mua | G4: Tỷ lệ HH | H4: CF PL | J4: Gram | K4: Tỷ lệ BOM | L4: NRV | M4: CF sau PB | N4: =N2+N3 -> 9766.2121 | O4: =(N4*(1-G5))/J7 -> 16.584134 | Z4: =Q5/$Z$6 -> 13535.018 | AA4: =R5/$Z$6 -> 1903.154 | AB4: =S5/$Z$6 -> 3593.3676 | AC4: =Z5-Z4-AA4-AB4 -> 0 | AH4: =Z4/$AH$6 -> 14594.067 | AI4: =AA4/$AH$6 -> 2052.0664 | AJ4: =AB4/$AH$6 -> 3874.531 | AK4: =AH5-AH4-AI4-AJ4 -> 0 | BA4: =AH4/$BA$6 -> 15154.794 | BB4: =AI4/$BA$6 -> 2130.9101 | BC4: =AJ4/$BA$6 -> 4023.3967 | BD4: =BA5-BA4-BB4-BC4 -> 0 | BH4: =$E$5 -> 11300 | CC4: =CC6 -> 1864.95 | CO4: =CO6 -> 1273.8558 | CZ4: NRV | DF4: =DF6 -> 1273.8558 | DU4: =BS6/DU5 -> 21309.101 | EB4: =EB6 -> 2000.9394 | EC4: =[6]TH!$O$11 -> 1376.0623 | EI4: 82 | EJ4: 44 | EK4: 14 | EL4: =SUM(EI4:EK4) -> 140 | ER4: =ER1/$EU1 -> 0.49434912 | ES4: =ES1/$EU1 -> 0.46242101 | ET4: =ET1/$EU1 -> 0.043229865 | EU4: =EU1/$EU1 -> 1 | EW4: =EW1/$EZ1 -> 0.49434912 | EX4: =EX1/$EZ1 -> 0.46242101 | EY4: =EY1/$EZ1 -> 0.043229865 | EZ4: =EZ1/$EZ1 -> 1 | FB4: =FB1/$FG1 -> 0.47129495 | FC4: =FC1/$FG1 -> 0.023054172 | FD4: =FD1/$FG1 -> 0.34137739 | FE4: =FE1/$FG1 -> 0.12104362 | FF4: =FF1/$FG1 -> 0.043229865 | FG4: =FG1/$FG1 -> 1 | FI4: =FI1/$FN1 -> 0.47129495 | FJ4: =FJ1/$FN1 -> 0.023054172 | FK4: =FK1/$FN1 -> 0.34137739 | FL4: =FL1/$FN1 -> 0.12104362 | FM4: =FM1/$FN1 -> 0.043229865 | FN4: =FN1/$FN1 -> 1
E5: 11300 | G5: 0.1 | H5: 3000 | M5: Giá B1 | N5: =N4/($J$7/(1-$G$5))*1000 -> 16584.134 | O5: ='Giá mua Chai-Vảy'!E14 -> 16300 | P5: =N5-O5 -> 284.13376 | Q5: ='Giá mua Chai-Vảy (Giá giảm)'!I24 -> 11794.45 | R5: ='Giá mua Chai-Vảy (Giá giảm)'!K24 -> 1658.4134 | S5: ='Giá mua Chai-Vảy (Giá giảm)'!L24 -> 3131.27 | T5: =N5-Q5-R5-S5 -> 0 | Y5: =Z5-N5-AA12-AA30 -> 1034.3588 | Z5: =N5/Z6 -> 19031.54 | AA5: =Z5-AA12 -> 18331.61 | AH5: =Z5/AH6 -> 20520.664 | AI5: =AH5-AI20 -> 20207.547 | AJ5: =V7 -> 0.53 | AK5: =N5/AK6 -> 20520.664 | AZ5: =$AZ$7-$BA$5 -> 578.18419 | BA5: =AH5/BA6 -> 21309.101 | BB5: =BA5-BB17 -> 20987.29 | BC5: ='Hảo_R&D (Vảy sạch)'!BR2 -> 0.066666667 | BD5: HS TH Hạt | BE5: Check từ B0 | BH5: =G5 -> 0.1 | BJ5: =H5 -> 3000 | BX5: =Z6 -> 0.87140264 | CC5: =CC7 -> 3240.9193 | CD5: =CE5/CU2 -> 51.92337 | CE5: =CC5-CC4 -> 1375.9693 | CI5: =AH6 -> 0.92743291 | CO5: =CO7 -> 2013.5603 | CQ5: =CR5/DW2 -> 3.247028 | CR5: =CO5-CO4 -> 739.70448 | CT5: =CG6/CI5 -> 21776.842 | CZ5: =AH6 -> 0.92743291 | DF5: =DF7 -> 2013.5603 | DH5: =DI5/EN2 -> 0.19938126 | DI5: =DF5-DF4 -> 739.70448 | DP5: =AT11 -> Tạo hạt iSS01084G | DS5: =BA6 -> 0.963 | DU5: =BD6 -> 0.77826529 | EB5: =EB7 -> 2796.8565 | EC5: =[6]TH!$Q$11 -> 2064.9528 | EE5: =DK6/DS5 -> 23668.065 | EF5: =EE6-EF6 -> 2554.8465 | EI5: =EI4*26.5 -> 2173 | EJ5: =EJ4*26.5 -> 1166 | EK5: =EK4*26.5 -> 371 | EL5: =SUM(EI5:EK5) -> 3710 | ER5: =ER2/$EU2 -> 0.49189591 | ES5: =ES2/$EU2 -> 0.46508875 | ET5: =ET2/$EU2 -> 0.043015336 | EU5: =EU2/$EU2 -> 1 | EW5: =EW2/$EZ2 -> 0.49189591 | EX5: =EX2/$EZ2 -> 0.46508875 | EY5: =EY2/$EZ2 -> 0.043015336 | EZ5: =EZ2/$EZ2 -> 1 | FB5: =FB2/$FG2 -> 0.46895615 | FC5: =FC2/$FG2 -> 0.022939765 | FD5: =FD2/$FG2 -> 0.34464581 | FE5: =FE2/$FG2 -> 0.12044294 | FF5: =FF2/$FG2 -> 0.043015336 | FG5: =FG2/$FG2 -> 1 | FI5: =FI2/$FN2 -> 0.46895615 | FJ5: =FJ2/$FN2 -> 0.022939765 | FK5: =FK2/$FN2 -> 0.34464581 | FL5: =FL2/$FN2 -> 0.12044294 | FM5: =FM2/$FN2 -> 0.043015336 | FN5: =FN2/$FN2 -> 1
Z6: =SUM(Z7:Z9) -> 0.87140264 | AH6: =SUM(AH7:AH16) -> 0.92743291 | AI6: =SUM(AH7*AI7,AH9*AI9,AH11*AI11,AH13*AI13,AH15*AI15) -> 0.75153844 | AK6: =Z6*AH6 -> 0.80816749 | AL6: =SUM(AL7:AL16) -> 3.3 | AZ6: =AI5/BA6 -> 20983.953 | BA6: =SUM(BA7:BA13) -> 0.963 | BB6: =SUM(BA7*BB7,BA9*BB9,BA11*BB11,BA13*BB13) -> 1.0994587 | BD6: =AK6*BA6 -> 0.77826529 | BE6: =N5/BD6 -> 21309.101 | BF6: =BE6-AZ6 -> 325.14785 | BH6: =V7 -> 0.53 | BI6: 530 | BJ6: ='Giá mua Chai-Vảy (Giá giảm)'!H14 -> 0.61465671 | BK6: =N7 -> Chai B1 | BL6: =BJ6*$BH$4/(1-$BH$5)-BM6 -> 6945.6208 | BM6: =BJ6*$BH$4*$BH$5/(1-$BH$5) -> 771.73564 | BN6: =BL6+BM6 -> 7717.3564 | BO6: =BN6/(BI6/(1-$BH$5))*1000 -> 13104.945 | BP6: =($BJ$5+$BJ$5*$BH$5/(1-$BH$5))*BJ6 -> 2048.8557 | BQ6: =BL6+BM6+BP6 -> 9766.2121 | BR6: =BQ6/(BI6/(1-$BH$5))*1000 -> 16584.134 | BS6: =N5 -> 16584.134 | BT6: =Q5 -> 11794.45 | BU6: =S5 -> 3131.27 | BV6: =R5 -> 1658.4134 | BW6: =LEFT($BW$2,3)&" "&RIGHT(BK6,2)&"_"&RIGHT($BW$2,3) -> Vảy B1_ A0 | BY6: Min | BZ6: =BS6/BX5 -> 19031.54 | CA6: =Z4 -> 13535.018 | CB6: =AB4 -> 3593.3676 | CC6: =[6]TH!$O$6 -> 1864.95 | CD6: =-AA12 -> -699.92929 | CE6: =AA4 -> 1903.154 | CG6: =SUM(CA6:CE6) -> 20196.56 | CH6: =LEFT($CH$2,3)&" "&RIGHT(BK6,2)&"_"&RIGHT($CH$2,3)&" DT" -> Vảy B1_ A1 DT | CJ6: Min | CK6: =BZ6/CI5 -> 20520.664 | CL6: =CA6/$CI$5 -> 14594.067 | CM6: =CB6/$CI$5 -> 3874.531 | CN6: =CC6/$CI$5 -> 2010.8732 | CO6: =[6]TH!$O$7 -> 1273.8558 | CP6: =CD6 -> -699.92929 | CQ6: =-AI20 -> -313.11738 | CR6: =CE6/CI5 -> 2052.0664 | CT6: =SUM(CL6:CR6) -> 22792.347 | CU6: =CT6/$CU$2 -> 860.08856 | CV6: =$CV$2+CU6 -> 930.08856 | CW6: =CV6/$CV$12 -> 1.1937264 | CY6: =LEFT($CH$2,3)&" "&RIGHT(BK6,2)&"_"&RIGHT($CH$2,3)&" DT" -> Vảy B1_ A1 DT | DA6: Min | DB6: =BZ6/CZ5 -> 20520.664 | DC6: =CL6 -> 14594.067 | DD6: =CM6 -> 3874.531 | DE6: =CN6 -> 2010.8732 | DF6: =CO6 -> 1273.8558 | DG6: =CP6 -> -699.92929 | DH6: =CQ6 -> -313.11738 | DI6: =CR6 -> 2052.0664 | DK6: =SUM(DC6:DI6) -> 22792.347 | DL6: =DK6/$CU$2 -> 860.08856 | DM6: =$CV$2+DL6 -> 930.08856 | DN6: =DM6/$DM$12 -> 1.8600124 | DQ6: =AX11 -> 100%B1.A1,A2 | DR6: =BC7 -> Hạt rPET iSS01084G | DT6: Min | DU6: =DB6/$DS$5 -> 21309.101 | DV6: =DC6/$DS$5 -> 15154.794 | DW6: =(DD6+DE6+DF6)/$DS$5 -> 7434.3303 | DX6: =DG6/$DS$5 -> -726.82169 | DY6: =DH6/$DS$5 -> -325.14785 | DZ6: =-BB17 -> -321.81131 | EA6: =DI6/$DS$5 -> 2130.9101 | EB6: =[6]TH!$O$10 -> 2000.9394 | EE6: =SUM(DV6:EC6) -> 25347.193 | EF6: =CT6 -> 22792.347 | EG6: =EE6/$EG$1 -> 956.49786 | EI6: =EI5 -> 2173 | EJ6: =EJ5 -> 1166 | EK6: =EK5 -> 371 | EL6: =SUM(EI6:EK6) -> 3710 | EM6: =EE6+EL6 -> 29057.193 | EN6: =EG6+$EN$1 -> 1096.4979 | EO6: 100 | EP6: =EN6+EO6 -> 1196.4979 | ER6: =SUM(DV6,EA6,DX6:DZ6)/$EG$1 -> 600.44995 | ES6: =(SUM(DW6,EB6,EC6,EI6:EK6))/$EG$1 -> 496.04791 | ET6: =EO6 -> 100 | EU6: =SUM(ER6:ET6) -> 1196.4979 | EW6: =SUM(DV6,EA6,DX6:DZ6) -> 15911.924 | EX6: =SUM(DW6,EB6,EC6,EI6:EK6) -> 13145.27 | EY6: =EO6*$EG$1 -> 2650 | EZ6: =SUM(EW6:EY6) -> 31707.193 | FB6: =DV6/$EG$1 -> 571.87903 | FC6: =SUM(DX6:EA6)/$EG$1 -> 28.570916 | FD6: =SUM(DW6,EB6,EC6)/$EG$1 -> 356.04791 | FE6: =SUM(EI6:EK6)/$EG$1 -> 140 | FF6: =ET6 -> 100 | FG6: =SUM(FB6:FF6) -> 1196.4979 | FH6: =FG6-EU6 -> 0 | FI6: =DV6 -> 15154.794 | FJ6: =SUM(DX6:EA6) -> 757.12926 | FK6: =SUM(DW6,EB6,EC6) -> 9435.2697 | FL6: =SUM(EI6:EK6) -> 3710 | FM6: =EY6 -> 2650 | FN6: =SUM(FI6:FM6) -> 31707.193 | FO6: =FN6-EZ6 -> 0 | FP6: =(FF6+FE6)/FG6 -> 0.2005854 | FQ6: =FF6/FG6 -> 0.083577249 | FS6: ='Hảo_R&D (Vảy sạch) (-PS)'!CN2 -> 1470 | FT6: =FS6-SUM(FB6:FD6) -> 513.50214 | FU6: =FT6/FS6 -> 0.34932118 | FV6: =FS6-FG6 -> 273.50214 | FW6: =FV6/FS6 -> 0.18605588
E7: Chai B0 | H7: Phân loại | J7: 530 | K7: 0.53 | L7: ='Giá mua Chai-Vảy (Giá giảm)'!H14 -> 0.61465671 | N7: Chai B1 | S7: Chai B1.1 Sau phân loại | V7: 0.53 | W7: Băm | Z7: 0.43017946 | AB7: Chai 1.1 chưa rửa 1 | AG7: =$AI$5*AL7 -> 20207.547 | AH7: 0.46161477 | AI7: 100% | AJ7: Vảy B1_A1 DT | AL7: =AI7/$AI$7 -> 1 | AM7: Tạo mẫu | AR7: Thành phẩm | AZ7: =$AZ$6/$BB$6*BB7 -> 21887.285 | BA7: 0.907 | BB7: ='Hảo_R&D (Vảy sạch)'!$BH$2 -> 1.146789 | BC7: Hạt rPET iSS01084G | BX7: =$Z42 -> 0.9093 | BY7: Max | BZ7: =BZ6 -> 19031.54 | CA7: =CA6 -> 13535.018 | CB7: =CB6 -> 3593.3676 | CC7: =[6]TH!$Q$6 -> 3240.9193 | CD7: =CD6 -> -699.92929 | CE7: =CE6 -> 1903.154 | CG7: =SUM(CA7:CE7) -> 21572.53 | CI7: =AH42 -> 0.9403 | CJ7: Max | CK7: =CK6 -> 20520.664 | CL7: =CL6 -> 14594.067 | CM7: =AJ4 -> 3874.531 | CN7: =+CC7/$CI$5 -> 3494.5054 | CO7: =[6]TH!$Q$7 -> 2013.5603 | CP7: =CD7 -> -699.92929 | CQ7: =CQ6 -> -313.11738 | CR7: =CR6 -> 2052.0664 | CT7: =SUM(CL7:CR7) -> 25015.683 | CU7: =CT7/$CU$2 -> 943.98805 | CV7: =$CV$2+CU7 -> 1013.9881 | CZ7: 1 | DA7: Max | DB7: =DB6 -> 20520.664 | DC7: =DC6 -> 14594.067 | DD7: =CM7 -> 3874.531 | DE7: =CN7 -> 3494.5054 | DF7: =CO7 -> 2013.5603 | DG7: =CP7 -> -699.92929 | DH7: =DH6 -> -313.11738 | DI7: =DI6 -> 2052.0664 | DK7: =SUM(DC7:DI7) -> 25015.683 | DL7: =DK7/$CU$2 -> 943.98805 | DM7: =$CV$2+DL7 -> 1013.9881 | DS7: =AW42 -> 0 | DT7: Max | DU7: =DU6 -> 21309.101 | DV7: =DV6 -> 15154.794 | DW7: =DD7/$DS$5+DF7 -> 6036.957 | DX7: =DG7/$DS$5 -> -726.82169 | DY7: =DH7/$DS$5 -> -325.14785 | DZ7: =DZ6 -> -321.81131 | EA7: =EA6 -> 2130.9101 | EB7: =[6]TH!$Q$10 -> 2796.8565 | EE7: =SUM(DV7:EC7) -> 24745.737 | EF7: =EE8-EF8 -> 2030.1447 | EG7: =EE7/$EG$1 -> 933.8014 | EI7: =EI6 -> 2173 | EJ7: =EJ6 -> 1166 | EK7: =EK6 -> 371 | EL7: =SUM(EI7:EK7) -> 3710 | EM7: =EE7+EL7 -> 28455.737 | EN7: =EG7+$EN$1 -> 1073.8014 | EO7: 100 | EP7: =EN7+EO7 -> 1173.8014 | ER7: =SUM(DV7,EA7,DX7:DZ7)/$EG$1 -> 600.44995 | ES7: =(SUM(DW7,EB7,EC7,EI7:EK7))/$EG$1 -> 473.35145 | ET7: =EO7 -> 100 | EU7: =SUM(ER7:ET7) -> 1173.8014 | EW7: =SUM(DV7,EA7,DX7:DZ7) -> 15911.924 | EX7: =SUM(DW7,EB7,EC7,EI7:EK7) -> 12543.814 | EY7: =EO7*$EG$1 -> 2650 | EZ7: =SUM(EW7:EY7) -> 31105.737 | FB7: =DV7/$EG$1 -> 571.87903 | FC7: =SUM(DX7:EA7)/$EG$1 -> 28.570916 | FD7: =SUM(DW7,EB7,EC7)/$EG$1 -> 333.35145 | FE7: =SUM(EI7:EK7)/$EG$1 -> 140 | FF7: =ET7 -> 100 | FG7: =SUM(FB7:FF7) -> 1173.8014 | FH7: =FG7-EU7 -> 0 | FI7: =DV7 -> 15154.794 | FJ7: =SUM(DX7:EA7) -> 757.12926 | FK7: =SUM(DW7,EB7,EC7) -> 8833.8136 | FL7: =SUM(EI7:EK7) -> 3710 | FM7: =EY7 -> 2650 | FN7: =SUM(FI7:FM7) -> 31105.737 | FO7: =FN7-EZ7 -> 0 | FP7: =(FF7+FE7)/FG7 -> 0.20446389 | FQ7: =FF7/FG7 -> 0.085193287 | FS7: =FS6 -> 1470 | FT7: =FS7-SUM(FB7:FD7) -> 536.1986 | FU7: =FT7/FS7 -> 0.36476095 | FV7: =FS7-FG7 -> 296.1986 | FW7: =FV7/FS7 -> 0.20149565
AE8: Rửa | AZ8: =$AZ$9-$BA$5 -> -472.4055 | BH8: =V43 -> 0.03 | BI8: 30 | BJ8: ='Giá mua Chai-Vảy (Giá giảm)'!H15 -> 0.031590181 | BK8: =N43 -> Chai B2.2 | BL8: =BJ8*$BH$4/(1-$BH$5)-BM8 -> 356.96905 | BM8: =BJ8*$BH$4*$BH$5/(1-$BH$5) -> 39.663228 | BN8: =BL8+BM8 -> 396.63228 | BO8: =BN8/(BI8/(1-$BH$5))*1000 -> 11898.968 | BP8: =($BJ$5+$BJ$5*$BH$5/(1-$BH$5))*BJ8 -> 105.3006 | BQ8: =BL8+BM8+BP8 -> 501.93288 | BR8: =BQ8/(BI8/(1-$BH$5))*1000 -> 15057.986 | BS8: =N41 -> 15057.986 | BT8: =Q41 -> 10709.072 | BU8: =S41 -> 2843.1163 | BV8: =R41 -> 1505.7986 | BW8: =LEFT($BW$2,3)&" "&RIGHT(BK8,5)&"_"&RIGHT($BW$2,3) -> Vảy B2.2 _ A0 | BY8: Min | BZ8: =BS8/BX7 -> 16559.976 | CA8: =Z40 -> 11777.27 | CB8: =AB40 -> 3126.7088 | CC8: =CC6 -> 1864.95 | CD8: =-AA48 -> -707.44548 | CE8: =AA40 -> 1655.9976 | CG8: =SUM(CA8:CE8) -> 17717.481 | CH8: =LEFT($CH$2,3)&" "&RIGHT(BK8,5)&"_"&RIGHT($CH$2,3)&" DT" -> Vảy B2.2 _ A1 DT | CJ8: Min | CK8: =BZ8/CI7 -> 17611.375 | CL8: =AH40 -> 12525.013 | CM8: =AJ40 -> 3325.2247 | CN8: =+CC8/$CI$7 -> 1983.3564 | CO8: =CO6 -> 1273.8558 | CP8: =CD8 -> -707.44548 | CQ8: =-AI50 -> -45.990237 | CR8: =AI40 -> 1761.1375 | CT8: =SUM(CL8:CR8) -> 20115.152 | CU8: =CT8/$CU$2 -> 759.06234 | CV8: =$CV$2+CU8 -> 829.06234 | CW8: =CV8/$CV$12 -> 1.0640638 | CY8: =LEFT($CH$2,3)&" "&RIGHT($BK$6,2)&"_"&"A"&"2.1"&" DT" -> Vảy B1_A2.1 DT | DA8: Min | DB8: =DB6*$CZ$9 -> 16416.531 | DC8: =DC6*$CZ$9 -> 11675.254 | DD8: =DD6*$CZ$9 -> 3099.6248 | DE8: =DE6*$CZ$9 -> 1608.6986 | DF8: =DF6*$CZ$9 -> 1019.0847 | DG8: =DG6*$CZ$9 -> -559.94343 | DH8: =DH6*$CZ$9 -> -250.4939 | DI8: =DI6*$CZ$9 -> 1641.6531 | DK8: =SUM(DC8:DI8) -> 18233.877 | DL8: =DK8/$CU$2 -> 688.07085 | DM8: =$CV$2+DL8 -> 758.07085 | DN8: =DM8/$DM$12 -> 1.5160074 | DQ8: =DQ6 -> 100%B1.A1,A2 | DR8: =BC9 -> Hạt rPET iSS01G | DT8: Min | DU8: =AZ9 -> 20836.696 | DV8: =DV$6/$DU$6*$DU8 -> 14818.825 | DW8: =DW$6/$DU$6*$DU8 -> 7269.5172 | DX8: =DX$6/$DU$6*$DU8 -> -710.70864 | DY8: =DY$6/$DU$6*$DU8 -> -317.93958 | DZ8: =DZ6 -> -321.81131 | EA8: =EA$6/$DU$6*$DU8 -> 2083.6696 | EB8: =EB6 -> 2000.9394 | EE8: =SUM(DV8:EC8) -> 24822.491 | EF8: =EF6 -> 22792.347 | EG8: =EE8/$EG$1 -> 936.69779 | EI8: =EI6 -> 2173 | EJ8: =EJ6 -> 1166 | EK8: =EK6 -> 371 | EL8: =SUM(EI8:EK8) -> 3710 | EM8: =EE8+EL8 -> 28532.491 | EN8: =EG8+$EN$1 -> 1076.6978 | EO8: 70 | EP8: =EN8+EO8 -> 1146.6978 | ER8: =SUM(DV8,EA8,DX8:DZ8)/$EG$1 -> 586.86924 | ES8: =(SUM(DW8,EB8,EC8,EI8:EK8))/$EG$1 -> 489.82855 | ET8: =EO8 -> 70 | EU8: =SUM(ER8:ET8) -> 1146.6978 | EW8: =SUM(DV8,EA8,DX8:DZ8) -> 15552.035 | EX8: =SUM(DW8,EB8,EC8,EI8:EK8) -> 12980.457 | EY8: =EO8*$EG$1 -> 1855 | EZ8: =SUM(EW8:EY8) -> 30387.491 | FB8: =DV8/$EG$1 -> 559.20093 | FC8: =SUM(DX8:EA8)/$EG$1 -> 27.668303 | FD8: =SUM(DW8,EB8,EC8)/$EG$1 -> 349.82855 | FE8: =SUM(EI8:EK8)/$EG$1 -> 140 | FF8: =ET8 -> 70 | FG8: =SUM(FB8:FF8) -> 1146.6978 | FH8: =FG8-EU8 -> 0 | FI8: =DV8 -> 14818.825 | FJ8: =SUM(DX8:EA8) -> 733.21002 | FK8: =SUM(DW8,EB8,EC8) -> 9270.4566 | FL8: =SUM(EI8:EK8) -> 3710 | FM8: =EY8 -> 1855 | FN8: =SUM(FI8:FM8) -> 30387.491 | FO8: =FN8-EZ8 -> 0 | FP8: =(FF8+FE8)/FG8 -> 0.18313456 | FQ8: =FF8/FG8 -> 0.061044855 | FS8: ='Hảo_R&D (Vảy sạch) (-PS)'!DL3 -> 1410 | FT8: =FS8-SUM(FB8:FD8) -> 473.30221 | FU8: =FT8/FS8 -> 0.33567533 | FV8: =FS8-FG8 -> 263.30221 | FW8: =FV8/FS8 -> 0.18673916
Z9: 0.44122318 | AB9: Chai 1.1 chưa rửa 2 | AG9: =$AI$5*AL9 -> 16166.038 | AH9: 0.095080369 | AI9: 80% | AJ9: Vảy B1_A2.1 DT | AL9: =AI9/$AI$7 -> 0.8 | AZ9: =$AZ$6/$BB$6*BB9 -> 20836.696 | BA9: 0.023 | BB9: ='Hảo_R&D (Vảy sạch)'!BH3 -> 1.0917431 | BC9: Hạt rPET iSS01G | BX9: =$Z71 -> 0.873 | BY9: Max | BZ9: =BZ8 -> 16559.976 | CA9: =CA8 -> 11777.27 | CB9: =CB8 -> 3126.7088 | CC9: =CC7 -> 3240.9193 | CD9: =CD8 -> -707.44548 | CE9: =CE8 -> 1655.9976 | CG9: =SUM(CA9:CE9) -> 19093.45 | CI9: =AH71 -> 0.886 | CJ9: Max | CK9: =CK8 -> 17611.375 | CL9: =CL8 -> 12525.013 | CM9: =AJ40 -> 3325.2247 | CN9: =+CC9/$CI$7 -> 3446.6865 | CO9: =CO7 -> 2013.5603 | CP9: =CD9 -> -707.44548 | CQ9: =CQ8 -> -45.990237 | CR9: =CR8 -> 1761.1375 | CT9: =SUM(CL9:CR9) -> 22318.187 | CU9: =CT9/$CU$2 -> 842.19572 | CV9: =$CV$2+CU9 -> 912.19572 | CZ9: 0.8 | DA9: Max | DB9: =DB7*$CZ$9 -> 16416.531 | DC9: =DC7*$CZ$9 -> 11675.254 | DD9: =DD7*$CZ$9 -> 3099.6248 | DE9: =DE7*$CZ$9 -> 2795.6043 | DF9: =DF7*$CZ$9 -> 1610.8483 | DG9: =DG7*$CZ$9 -> -559.94343 | DH9: =DH7*$CZ$9 -> -250.4939 | DI9: =DI7*$CZ$9 -> 1641.6531 | DK9: =SUM(DC9:DI9) -> 20012.547 | DL9: =DK9/$CU$2 -> 755.19044 | DM9: =$CV$2+DL9 -> 825.19044 | DS9: =AW71 -> 0 | DT9: Max | DU9: =DU8 -> 20836.696 | DV9: =DV7/$DU$7*$DU9 -> 14818.825 | DW9: =DW7/$DU$7*$DU9 -> 5903.1226 | DX9: =DX7/$DU$7*$DU9 -> -710.70864 | DY9: =DY7/$DU$7*$DU9 -> -317.93958 | DZ9: =DZ8 -> -321.81131 | EA9: =EA8 -> 2083.6696 | EB9: =EB7 -> 2796.8565 | EE9: =SUM(DV9:EC9) -> 24252.014 | EF9: =EE10-EF10 -> 2822.7609 | EG9: =EE9/$EG$1 -> 915.17034 | EI9: =EI7 -> 2173 | EJ9: =EJ7 -> 1166 | EK9: =EK7 -> 371 | EL9: =SUM(EI9:EK9) -> 3710 | EM9: =EE9+EL9 -> 27962.014 | EN9: =EG9+$EN$1 -> 1055.1703 | EO9: 70 | EP9: =EN9+EO9 -> 1125.1703 | ER9: =SUM(DV9,EA9,DX9:DZ9)/$EG$1 -> 586.86924 | ES9: =(SUM(DW9,EB9,EC9,EI9:EK9))/$EG$1 -> 468.3011 | ET9: =EO9 -> 70 | EU9: =SUM(ER9:ET9) -> 1125.1703 | EW9: =SUM(DV9,EA9,DX9:DZ9) -> 15552.035 | EX9: =SUM(DW9,EB9,EC9,EI9:EK9) -> 12409.979 | EY9: =EO9*$EG$1 -> 1855 | EZ9: =SUM(EW9:EY9) -> 29817.014 | FB9: =DV9/$EG$1 -> 559.20093 | FC9: =SUM(DX9:EA9)/$EG$1 -> 27.668303 | FD9: =SUM(DW9,EB9,EC9)/$EG$1 -> 328.3011 | FE9: =SUM(EI9:EK9)/$EG$1 -> 140 | FF9: =ET9 -> 70 | FG9: =SUM(FB9:FF9) -> 1125.1703 | FH9: =FG9-EU9 -> 0 | FI9: =DV9 -> 14818.825 | FJ9: =SUM(DX9:EA9) -> 733.21002 | FK9: =SUM(DW9,EB9,EC9) -> 8699.9791 | FL9: =SUM(EI9:EK9) -> 3710 | FM9: =EY9 -> 1855 | FN9: =SUM(FI9:FM9) -> 29817.014 | FO9: =FN9-EZ9 -> 0 | FP9: =(FF9+FE9)/FG9 -> 0.18663841 | FQ9: =FF9/FG9 -> 0.062212803 | FS9: =FS8 -> 1410 | FT9: =FS9-SUM(FB9:FD9) -> 494.82966 | FU9: =FT9/FS9 -> 0.35094302 | FV9: =FS9-FG9 -> 284.82966 | FW9: =FV9/FS9 -> 0.20200685
AZ10: =$AZ$11-$BA$5 -> -997.70035 | BH10: =V71 -> 0.02 | BI10: 20 | BJ10: ='Giá mua Chai-Vảy (Giá giảm)'!H16 -> 0.018925649 | BK10: =N71 -> Chai B4 | BL10: =BJ10*$BH$4/(1-$BH$5)-BM10 -> 213.85984 | BM10: =BJ10*$BH$4*$BH$5/(1-$BH$5) -> 23.762204 | BN10: =BL10+BM10 -> 237.62204 | BO10: =BN10/(BI10/(1-$BH$5))*1000 -> 10692.992 | BP10: =($BJ$5+$BJ$5*$BH$5/(1-$BH$5))*BJ10 -> 63.085497 | BQ10: =BL10+BM10+BP10 -> 300.70754 | BR10: =BQ10/(BI10/(1-$BH$5))*1000 -> 13531.839 | BS10: =N69 -> 13531.839 | BT10: =Q69 -> 9623.6926 | BU10: =S69 -> 2554.9626 | BV10: =R69 -> 1353.1839 | BW10: =LEFT($BW$2,3)&" "&RIGHT(BK10,2)&"_"&RIGHT($BW$2,3) -> Vảy B4_ A0 | BY10: Min | BZ10: =BS10/BX9 -> 15500.389 | CA10: =Z68 -> 11023.703 | CB10: =AB68 -> 2926.6468 | CC10: =CC6 -> 1864.95 | CD10: =-AA73 -> -673.2 | CE10: =AA68 -> 1550.0389 | CG10: =SUM(CA10:CE10) -> 16692.139 | CH10: =LEFT($CH$2,3)&" "&RIGHT(BK10,2)&"_"&RIGHT($CH$2,3)&" DT" -> Vảy B4_ A1 DT | CJ10: Min | CK10: =BZ10/CI9 -> 17494.795 | CL10: =AH68 -> 12442.103 | CM10: =AJ68 -> 3303.2131 | CN10: =+CC10/$CI$9 -> 2104.9097 | CO10: =CO6 -> 1273.8558 | CP10: =CD10 -> -673.2 | CQ10: =-AI74 -> -453 | CR10: =AI68 -> 1749.4795 | CT10: =SUM(CL10:CR10) -> 19747.361 | CU10: =CT10/$CU$2 -> 745.18342 | CV10: =$CV$2+CU10 -> 815.18342 | CW10: =CV10/$CV$12 -> 1.0462509 | CY10: =LEFT($CH$2,3)&" "&RIGHT($BK$6,2)&"_"&"A"&"2.2"&" DT" -> Vảy B1_A2.2 DT | DA10: Min | DB10: =DB6*$CZ$11 -> 12312.399 | DC10: =DC6*$CZ$11 -> 8756.4401 | DD10: =DD6*$CZ$11 -> 2324.7186 | DE10: =DE6*$CZ$11 -> 1206.5239 | DF10: =DF6*$CZ$11 -> 764.31351 | DG10: =DG6*$CZ$11 -> -419.95757 | DH10: =DH6*$CZ$11 -> -187.87043 | DI10: =DI6*$CZ$11 -> 1231.2399 | DK10: =SUM(DC10:DI10) -> 13675.408 | DL10: =DK10/$CU$2 -> 516.05313 | DM10: =$CV$2+DL10 -> 586.05313 | DN10: =DM10/$DM$12 -> 1.1720025 | DQ10: =DQ8 -> 100%B1.A1,A2 | DR10: =BC11 -> Hạt rPET WSS01G | DT10: Min | DU10: =AZ11 -> 20311.401 | DV10: =DV$6/$DU$6*$DU10 -> 14445.241 | DW10: =DW$6/$DU$6*$DU10 -> 7086.2521 | DX10: =DX$6/$DU$6*$DU10 -> -692.79162 | DY10: =DY$6/$DU$6*$DU10 -> -309.9243 | DZ10: =DZ6 -> -321.81131 | EA10: =EA$6/$DU$6*$DU10 -> 2031.1401 | EB10: =EB8 -> 2000.9394 | EC10: =EC4 -> 1376.0623 | EE10: =SUM(DV10:EC10) -> 25615.108 | EF10: =EF6 -> 22792.347 | EG10: =EE10/$EG$1 -> 966.60784 | EI10: =EI6 -> 2173 | EJ10: =EJ6 -> 1166 | EK10: =EK6 -> 371 | EL10: =SUM(EI10:EK10) -> 3710 | EM10: =EE10+EL10 -> 29325.108 | EN10: =EG10+$EN$1 -> 1106.6078 | EO10: 50 | EP10: =EN10+EO10 -> 1156.6078 | ER10: =SUM(DV10,EA10,DX10:DZ10)/$EG$1 -> 571.76807 | ES10: =(SUM(DW10,EB10,EC10,EI10:EK10))/$EG$1 -> 534.83977 | ET10: =EO10 -> 50 | EU10: =SUM(ER10:ET10) -> 1156.6078 | EW10: =SUM(DV10,EA10,DX10:DZ10) -> 15151.854 | EX10: =SUM(DW10,EB10,EC10,EI10:EK10) -> 14173.254 | EY10: =EO10*$EG$1 -> 1325 | EZ10: =SUM(EW10:EY10) -> 30650.108 | FB10: =DV10/$EG$1 -> 545.10343 | FC10: =SUM(DX10:EA10)/$EG$1 -> 26.664636 | FD10: =SUM(DW10,EB10,EC10)/$EG$1 -> 394.83977 | FE10: =SUM(EI10:EK10)/$EG$1 -> 140 | FF10: =ET10 -> 50 | FG10: =SUM(FB10:FF10) -> 1156.6078 | FH10: =FG10-EU10 -> 0 | FI10: =DV10 -> 14445.241 | FJ10: =SUM(DX10:EA10) -> 706.61285 | FK10: =SUM(DW10,EB10,EC10) -> 10463.254 | FL10: =SUM(EI10:EK10) -> 3710 | FM10: =EY10 -> 1325 | FN10: =SUM(FI10:FM10) -> 30650.108 | FO10: =FN10-EZ10 -> 0 | FP10: =(FF10+FE10)/FG10 -> 0.16427349 | FQ10: =FF10/FG10 -> 0.043229865 | FS10: ='Hảo_R&D (Vảy sạch) (-PS)'!DL4 -> 1380 | FT10: =FS10-SUM(FB10:FD10) -> 413.39216 | FU10: =FT10/FS10 -> 0.29955954 | FV10: =FS10-FG10 -> 223.39216 | FW10: =FV10/FS10 -> 0.16187838
AG11: =$AI$5*AL11 -> 12124.528 | AH11: 0.29600175 | AI11: 60% | AJ11: Vảy B1_A2.2 DT | AL11: =AI11/$AI$7 -> 0.6 | AT11: Tạo hạt iSS01084G | AX11: 100%B1.A1,A2 | AZ11: =$AZ$6/$BB$6*BB11 -> 20311.401 | BA11: 0 | BB11: ='Hảo_R&D (Vảy sạch)'!BH4 -> 1.0642202 | BC11: Hạt rPET WSS01G | BX11: =$Z95 -> 0.8988 | BY11: Max | BZ11: =BZ10 -> 15500.389 | CA11: =CA10 -> 11023.703 | CB11: =CB10 -> 2926.6468 | CC11: =CC7 -> 3240.9193 | CD11: =CD10 -> -673.2 | CE11: =CE10 -> 1550.0389 | CG11: =SUM(CA11:CE11) -> 18068.108 | CI11: =AH95 -> 0.913 | CJ11: Max | CK11: =CK10 -> 17494.795 | CL11: =CL10 -> 12442.103 | CM11: =AJ68 -> 3303.2131 | CN11: =+CC11/$CI$9 -> 3657.9225 | CO11: =CO7 -> 2013.5603 | CP11: =CD11 -> -673.2 | CQ11: =CQ10 -> -453 | CR11: =CR10 -> 1749.4795 | CT11: =SUM(CL11:CR11) -> 22040.078 | CU11: =CT11/$CU$2 -> 831.70106 | CV11: =$CV$2+CU11 -> 901.70106 | CZ11: 0.6 | DA11: Max | DB11: =DB7*$CZ$11 -> 12312.399 | DC11: =DC7*$CZ$11 -> 8756.4401 | DD11: =DD7*$CZ$11 -> 2324.7186 | DE11: =DE7*$CZ$11 -> 2096.7032 | DF11: =DF7*$CZ$11 -> 1208.1362 | DG11: =DG7*$CZ$11 -> -419.95757 | DH11: =DH7*$CZ$11 -> -187.87043 | DI11: =DI7*$CZ$11 -> 1231.2399 | DK11: =SUM(DC11:DI11) -> 15009.41 | DL11: =DK11/$CU$2 -> 566.39283 | DM11: =$CV$2+DL11 -> 636.39283 | DS11: =AW95 -> 0 | DT11: Max | DU11: =DU10 -> 20311.401 | DV11: =DV$7/$DU$7*$DU11 -> 14445.241 | DW11: =DW$7/$DU$7*$DU11 -> 5754.3044 | DX11: =DX$7/$DU$7*$DU11 -> -692.79162 | DY11: =DY$7/$DU$7*$DU11 -> -309.9243 | DZ11: =DZ10 -> -321.81131 | EA11: =EA10 -> 2031.1401 | EB11: =EB9 -> 2796.8565 | EC11: =EC5 -> 2064.9528 | EE11: =SUM(DV11:EC11) -> 25767.968 | EF11: =EE12-EF12 -> 2239.3148 | EG11: =EE11/$EG$1 -> 972.37613 | EI11: =EI7 -> 2173 | EJ11: =EJ7 -> 1166 | EK11: =EK7 -> 371 | EL11: =SUM(EI11:EK11) -> 3710 | EM11: =EE11+EL11 -> 29477.968 | EN11: =EG11+$EN$1 -> 1112.3761 | EO11: 50 | EP11: =EN11+EO11 -> 1162.3761 | ER11: =SUM(DV11,EA11,DX11:DZ11)/$EG$1 -> 571.76807 | ES11: =(SUM(DW11,EB11,EC11,EI11:EK11))/$EG$1 -> 540.60806 | ET11: =EO11 -> 50 | EU11: =SUM(ER11:ET11) -> 1162.3761 | EW11: =SUM(DV11,EA11,DX11:DZ11) -> 15151.854 | EX11: =SUM(DW11,EB11,EC11,EI11:EK11) -> 14326.114 | EY11: =EO11*$EG$1 -> 1325 | EZ11: =SUM(EW11:EY11) -> 30802.968 | FB11: =DV11/$EG$1 -> 545.10343 | FC11: =SUM(DX11:EA11)/$EG$1 -> 26.664636 | FD11: =SUM(DW11,EB11,EC11)/$EG$1 -> 400.60806 | FE11: =SUM(EI11:EK11)/$EG$1 -> 140 | FF11: =ET11 -> 50 | FG11: =SUM(FB11:FF11) -> 1162.3761 | FH11: =FG11-EU11 -> 0 | FI11: =DV11 -> 14445.241 | FJ11: =SUM(DX11:EA11) -> 706.61285 | FK11: =SUM(DW11,EB11,EC11) -> 10616.114 | FL11: =SUM(EI11:EK11) -> 3710 | FM11: =EY11 -> 1325 | FN11: =SUM(FI11:FM11) -> 30802.968 | FO11: =FN11-EZ11 -> 0 | FP11: =(FF11+FE11)/FG11 -> 0.16345828 | FQ11: =FF11/FG11 -> 0.043015336 | FS11: =FS10 -> 1380 | FT11: =FS11-SUM(FB11:FD11) -> 407.62387 | FU11: =FT11/FS11 -> 0.29537961 | FV11: =FS11-FG11 -> 217.62387 | FW11: =FV11/FS11 -> 0.15769845
Z12: =SUM(Z13:Z27) -> 0.085635162 | AA12: =SUM(AA13:AA27) -> 699.92929 | AZ12: =$AZ$13-$BA$5 -> -1522.9952 | BH12: =V96 -> 0.02 | BI12: 20 | BJ12: ='Giá mua Chai-Vảy (Giá giảm)'!G17 -> 0.022222222 | BK12: =N96 -> Chai B5 | BL12: =BJ12*$BH$4/(1-$BH$5)-BM12 -> 251.11111 | BM12: =BJ12*$BH$4*$BH$5/(1-$BH$5) -> 27.901235 | BN12: =BL12+BM12 -> 279.01235 | BO12: =BN12/(BI12/(1-$BH$5))*1000 -> 12555.556 | BP12: =($BJ$5+$BJ$5*$BH$5/(1-$BH$5))*BJ12 -> 74.074074 | BQ12: =BL12+BM12+BP12 -> 353.08642 | BR12: =BQ12/(BI12/(1-$BH$5))*1000 -> 15888.889 | BS12: =N94 -> 13531.839 | BT12: =Q94 -> 9623.6926 | BU12: =S94 -> 2554.9626 | BV12: =R94 -> 1353.1839 | BW12: =LEFT($BW$2,3)&" "&RIGHT(BK12,2)&"_"&RIGHT($BW$2,3) -> Vảy B5_ A0 | BY12: Min | BZ12: =BS12/BX11 -> 15055.451 | CA12: =Z93 -> 10707.268 | CB12: =AB93 -> 2842.6376 | CC12: =CC8 -> 1864.95 | CD12: =-AA101 -> -479.05616 | CE12: =AA93 -> 1505.5451 | CG12: =SUM(CA12:CE12) -> 16441.345 | CH12: =LEFT($CH$2,3)&" "&RIGHT(BK12,2)&"_"&RIGHT($CH$2,3)&" DT" -> Vảy B5_ A1 DT | CJ12: Min | CK12: =BZ12/CI11 -> 16490.089 | CL12: =AH93 -> 11727.566 | CM12: =AJ93 -> 3113.5132 | CN12: =+CC12/$CI$11 -> 2042.6615 | CO12: =CO8 -> 1273.8558 | CP12: =CD12/$CI$11 -> -524.70554 | CQ12: =-AI103 -> -489.5 | CR12: =AI93 -> 1649.0089 | CT12: =SUM(CL12:CR12) -> 18792.4 | CU12: =CT12/$CU$2 -> 709.14718 | CV12: =$CV$2+CU12 -> 779.14718 | CW12: =CV12/$CV$12 -> 1 | CY12: =LEFT($CH$2,3)&" "&RIGHT($BK$6,2)&"_"&"A"&"3"&" DT" -> Vảy B1_A3 DT | DA12: Min | DB12: =DB6*$CZ$13 -> 10260.332 | DC12: =DC6*$CZ$13 -> 7297.0334 | DD12: =DD6*$CZ$13 -> 1937.2655 | DE12: =DE6*$CZ$13 -> 1005.4366 | DF12: =DF6*$CZ$13 -> 636.92792 | DG12: =DG6*$CZ$13 -> -349.96464 | DH12: =DH6*$CZ$13 -> -156.55869 | DI12: =DI6*$CZ$13 -> 1026.0332 | DK12: =SUM(DC12:DI12) -> 11396.173 | DL12: =DK12/$CU$2 -> 430.04428 | DM12: =$CV$2+DL12 -> 500.04428 | DN12: =DM12/$DM$12 -> 1 | DQ12: =DQ10 -> 100%B1.A1,A2 | DR12: =BC13 -> Hạt rPET WSS03G | DT12: Min | DU12: =AZ13 -> 19786.106 | DV12: =DV$6/$DU$6*$DU12 -> 14071.657 | DW12: =DW$6/$DU$6*$DU12 -> 6902.9869 | DX12: =DX$6/$DU$6*$DU12 -> -674.87459 | DY12: =DY$6/$DU$6*$DU12 -> -301.90902 | DZ12: =DZ6 -> -321.81131 | EA12: =EA$6/$DU$6*$DU12 -> 1978.6106 | EB12: =EB10 -> 2000.9394 | EC12: =EC4 -> 1376.0623 | EE12: =SUM(DV12:EC12) -> 25031.661 | EF12: =EF6 -> 22792.347 | EG12: =EE12/$EG$1 -> 944.591 | EI12: =EI6 -> 2173 | EJ12: =EJ6 -> 1166 | EK12: =EK6 -> 371 | EL12: =SUM(EI12:EK12) -> 3710 | EM12: =EE12+EL12 -> 28741.661 | EN12: =EG12+$EN$1 -> 1084.591 | EO12: 50 | EP12: =EN12+EO12 -> 1134.591 | ER12: =SUM(DV12,EA12,DX12:DZ12)/$EG$1 -> 556.6669 | ES12: =(SUM(DW12,EB12,EC12,EI12:EK12))/$EG$1 -> 527.9241 | ET12: =EO12 -> 50 | EU12: =SUM(ER12:ET12) -> 1134.591 | EW12: =SUM(DV12,EA12,DX12:DZ12) -> 14751.673 | EX12: =SUM(DW12,EB12,EC12,EI12:EK12) -> 13989.989 | EY12: =EO12*$EG$1 -> 1325 | EZ12: =SUM(EW12:EY12) -> 30066.661 | FB12: =DV12/$EG$1 -> 531.00593 | FC12: =SUM(DX12:EA12)/$EG$1 -> 25.660969 | FD12: =SUM(DW12,EB12,EC12)/$EG$1 -> 387.9241 | FE12: =SUM(EI12:EK12)/$EG$1 -> 140 | FF12: =ET12 -> 50 | FG12: =SUM(FB12:FF12) -> 1134.591 | FH12: =FG12-EU12 -> 0 | FI12: =DV12 -> 14071.657 | FJ12: =SUM(DX12:EA12) -> 680.01567 | FK12: =SUM(DW12,EB12,EC12) -> 10279.989 | FL12: =SUM(EI12:EK12) -> 3710 | FM12: =EY12 -> 1325 | FN12: =SUM(FI12:FM12) -> 30066.661 | FO12: =FN12-EZ12 -> 0 | FP12: =(FF12+FE12)/FG12 -> 0.16746123 | FQ12: =FF12/FG12 -> 0.044068744 | FS12: ='Hảo_R&D (Vảy sạch) (-PS)'!DL5 -> 1310 | FT12: =FS12-SUM(FB12:FD12) -> 365.409 | FU12: =FT12/FS12 -> 0.27893817 | FV12: =FS12-FG12 -> 175.409 | FW12: =FV12/FS12 -> 0.1339
Y13: 10000 | Z13: 0.046699188 | AA13: =Y13*Z13 -> 466.99188 | AB13: PET B1/B8 Vảy-Nắp | AG13: =$AI$5*AI13 -> 10103.773 | AH13: 0.063639115 | AI13: 50% | AJ13: Vảy B1_A3 DT | AL13: =AI13/$AI$7 -> 0.5 | AZ13: =$AZ$6/$BB$6*BB13 -> 19786.106 | BA13: 0.033 | BB13: ='Hảo_R&D (Vảy sạch)'!BH5 -> 1.0366972 | BC13: Hạt rPET WSS03G | BX13: =$Z124 -> 0.84436654 | BY13: Max | BZ13: =BZ12 -> 15055.451 | CA13: =CA12 -> 10707.268 | CB13: =CB12 -> 2842.6376 | CC13: =CC9 -> 3240.9193 | CD13: =CD12 -> -479.05616 | CE13: =CE12 -> 1505.5451 | CG13: =SUM(CA13:CE13) -> 17817.314 | CI13: =AH124 -> 0.9212 | CJ13: Max | CK13: =CK12 -> 16490.089 | CL13: =CL12 -> 11727.566 | CM13: =AJ93 -> 3113.5132 | CN13: =+CC13/$CI$11 -> 3549.7473 | CO13: =CO9 -> 2013.5603 | CP13: =CD13 -> -479.05616 | CQ13: =CQ12 -> -489.5 | CR13: =CR12 -> 1649.0089 | CT13: =SUM(CL13:CR13) -> 21084.84 | CU13: =CT13/$CU$2 -> 795.65434 | CV13: =$CV$2+CU13 -> 865.65434 | CZ13: 0.5 | DA13: Max | DB13: =DB7*$CZ$13 -> 10260.332 | DC13: =DC7*$CZ$13 -> 7297.0334 | DD13: =DD7*$CZ$13 -> 1937.2655 | DE13: =DE7*$CZ$13 -> 1747.2527 | DF13: =DF7*$CZ$13 -> 1006.7802 | DG13: =DG7*$CZ$13 -> -349.96464 | DH13: =DH7*$CZ$13 -> -156.55869 | DI13: =DI7*$CZ$13 -> 1026.0332 | DK13: =SUM(DC13:DI13) -> 12507.842 | DL13: =DK13/$CU$2 -> 471.99403 | DM13: =$CV$2+DL13 -> 541.99403 | DS13: =AW124 -> 0 | DT13: Max | DU13: =DU12 -> 19786.106 | DV13: =DV11/$DU$7*$DU13 -> 13412.817 | DW13: =DW11/$DU$7*$DU13 -> 5343.0351 | DX13: =DX11/$DU$7*$DU13 -> -643.2767 | DY13: =DY11/$DU$7*$DU13 -> -287.77352 | DZ13: =DZ12 -> -321.81131 | EA13: =EA12 -> 1978.6106 | EB13: =EB11 -> 2796.8565 | EC13: =EC5 -> 2064.9528 | EE13: =SUM(DV13:EC13) -> 24343.41 | EG13: =EE13/$EG$1 -> 918.61925 | EI13: =EI7 -> 2173 | EJ13: =EJ7 -> 1166 | EK13: =EK7 -> 371 | EL13: =SUM(EI13:EK13) -> 3710 | EM13: =EE13+EL13 -> 28053.41 | EN13: =EG13+$EN$1 -> 1058.6193 | EO13: 50 | EP13: =EN13+EO13 -> 1108.6193 | ER13: =SUM(DV13,EA13,DX13:DZ13)/$EG$1 -> 533.53078 | ES13: =(SUM(DW13,EB13,EC13,EI13:EK13))/$EG$1 -> 525.08847 | ET13: =EO13 -> 50 | EU13: =SUM(ER13:ET13) -> 1108.6193 | EW13: =SUM(DV13,EA13,DX13:DZ13) -> 14138.566 | EX13: =SUM(DW13,EB13,EC13,EI13:EK13) -> 13914.844 | EY13: =EO13*$EG$1 -> 1325 | EZ13: =SUM(EW13:EY13) -> 29378.41 | FB13: =DV13/$EG$1 -> 506.14403 | FC13: =SUM(DX13:EA13)/$EG$1 -> 27.386757 | FD13: =SUM(DW13,EB13,EC13)/$EG$1 -> 385.08847 | FE13: =SUM(EI13:EK13)/$EG$1 -> 140 | FF13: =ET13 -> 50 | FG13: =SUM(FB13:FF13) -> 1108.6193 | FH13: =FG13-EU13 -> 0 | FI13: =DV13 -> 13412.817 | FJ13: =SUM(DX13:EA13) -> 725.74906 | FK13: =SUM(DW13,EB13,EC13) -> 10204.844 | FL13: =SUM(EI13:EK13) -> 3710 | FM13: =EY13 -> 1325 | FN13: =SUM(FI13:FM13) -> 29378.41 | FO13: =FN13-EZ13 -> 0 | FP13: =(FF13+FE13)/FG13 -> 0.17138436 | FQ13: =FF13/FG13 -> 0.045101147 | FS13: =FS12 -> 1310 | FT13: =FS13-SUM(FB13:FD13) -> 391.38075 | FU13: =FT13/FS13 -> 0.29876393 | FV13: =FS13-FG13 -> 201.38075 | FW13: =FV13/FS13 -> 0.15372576
BH14: =V125 -> 0.3 | BI14: 300 | BJ14: ='Giá mua Chai-Vảy (Giá giảm)'!H18 -> 0.31590181 | BK14: =N125 -> Chai B6.2 | BL14: =BJ14*$BH$4/(1-$BH$5)-BM14 -> 3569.6905 | BM14: =BJ14*$BH$4*$BH$5/(1-$BH$5) -> 396.63228 | BN14: =BL14+BM14 -> 3966.3228 | BO14: =BN14/(BI14/(1-$BH$5))*1000 -> 11898.968 | BP14: =($BJ$5+$BJ$5*$BH$5/(1-$BH$5))*BJ14 -> 1053.006 | BQ14: =BL14+BM14+BP14 -> 5019.3288 | BR14: =BQ14/(BI14/(1-$BH$5))*1000 -> 15057.986 | BS14: =N123 -> 15057.986 | BT14: =Q123 -> 10709.072 | BU14: =S123 -> 2843.1163 | BV14: =R123 -> 1505.7986 | BW14: =LEFT($BW$2,3)&" "&RIGHT(BK14,5)&"_"&RIGHT($BW$2,3) -> Vảy B6.2_ A0 | BY14: Min | BZ14: =BS14/BX13 -> 17833.471 | CA14: =Z122 -> 12682.965 | CB14: =AB122 -> 3367.1589 | CC14: =CC6 -> 1864.95 | CD14: =-AA130 -> -855.64167 | CE14: =AA122 -> 1783.3471 | CG14: =SUM(CA14:CE14) -> 18842.78 | CH14: =LEFT($CH$2,3)&" "&RIGHT(BK14,5)&"_"&RIGHT($CH$2,3)&" DT" -> Vảy B6.2_ A1 DT | CJ14: Min | CK14: =BZ14/CI13 -> 19358.957 | CL14: =AH122 -> 13767.874 | CM14: =AJ122 -> 3655.1877 | CN14: =+CC14/$CI$13 -> 2024.4789 | CO14: =CO6 -> 1273.8558 | CP14: =CD14 -> -855.64167 | CQ14: =-AI138 -> -239.66667 | CR14: =AI122 -> 1935.8957 | CT14: =SUM(CL14:CR14) -> 21561.984 | CU14: =CT14/$CU$2 -> 813.65976 | CV14: =$CV$2+CU14 -> 883.65976 | CW14: =CV14/$CV$12 -> 1.1341371
Y15: 2000 | Z15: 0.0067787447 | AA15: =Y15*Z15 -> 13.557489 | AB15: Phó Sản PET Tromel | AG15: =$AI$5*AI15 -> 8083.0188 | AH15: 0.011096913 | AI15: 40% | AJ15: Vảy B1_A3 PL | AL15: =AI15/$AI$7 -> 0.4 | AM15: Rework | AZ15: =$BC$6*BA15*BB15 -> 0 | BA15: 0.014 | BC15: Hạt rPET iSS01G 1 PL | BY15: Max | BZ15: =BZ14 -> 17833.471 | CA15: =CA14 -> 12682.965 | CB15: =CB14 -> 3367.1589 | CC15: =CC7 -> 3240.9193 | CD15: =CD14 -> -855.64167 | CE15: =CE14 -> 1783.3471 | CG15: =SUM(CA15:CE15) -> 20218.749 | CJ15: Max | CK15: =CK14 -> 19358.957 | CL15: =CL14 -> 13767.874 | CM15: =AJ122 -> 3655.1877 | CN15: =+CC15/$CI$13 -> 3518.1495 | CO15: =CO11 -> 2013.5603 | CP15: =CD15 -> -855.64167 | CQ15: =CQ14 -> -239.66667 | CR15: =CR14 -> 1935.8957 | CT15: =SUM(CL15:CR15) -> 23795.359 | CU15: =CT15/$CU$2 -> 897.93806 | CV15: =$CV$2+CU15 -> 967.93806 | CZ15: NRV | DS15: =BA25 -> 0.94070114 | DU15: =BD25 -> 0.75310956 | DV15: =0.75*DC12+0.25*DC48+0.5*DV12 -> 14573.785
BL16: =SUM(BL6:BL15) -> 11337.251 | BM16: =SUM(BM6:BM15) -> 1259.6946 | BP16: =SUM(BP6:BP15) -> 3344.3219 | BQ16: =SUM(BQ6:BQ15) -> 15941.268 | BR16: =AVERAGE(BR6,BR8,BR10,BR12,BR14) -> 15224.167 | BS16: =BL16+BM16+BP16 -> 15941.268 | CK16: =$AK6 -> 0.80816749 | CZ16: =AH42 -> 0.9403 | DP16: =AT28 -> Tạo hạt iSS01G | DR16: =BC26 -> Hạt nhựa rPET iSS01G 2 | DT16: Min | DU16: =AZ26 -> 22537.826 | DV16: =0.7*$DC$12+0.25*$DC$48+0.05*$DV$12 -> 7876.6873 | DW16: =0.7*($DD$12+$DE$12+$DF$12)+0.25*($DD$48+$DE$48+$DF$48)+0.05*($DW$12) -> 3893.9187 | DX16: =0.7*$DG$12+0.25*$DG$48+0.05*$DX$12 -> -381.39598 | DY16: =0.7*$DH$12+0.25*$DH$48+0.05*$DY$12 -> -160.63653 | DZ16: =-BB34 -> -493.05796 | EA16: =0.7*$DI$12+0.25*$DI$48+0.05*$EA$12 -> 1107.5381 | EB16: =EB6 -> 2000.9394 | EC16: =EC6 -> 0 | EE16: =SUM(DV16:EC16) -> 13843.993 | EF16: 24986.473 | EG16: =EE16/$EG$1 -> 522.41484 | EI16: =EI6 -> 2173 | EJ16: =EJ6 -> 1166 | EK16: =EK6 -> 371 | EL16: =SUM(EI16:EK16) -> 3710 | EM16: =EE16+EL16 -> 17553.993 | EN16: =EG16+$EN$1 -> 662.41484 | EO16: =EO9 -> 70 | EP16: =EN16+EO16 -> 732.41484 | ER16: =SUM(DV16,EA16,DX16:DZ16)/$EG$1 -> 299.96736 | ES16: =(SUM(DW16,EB16,EC16,EI16:EK16))/$EG$1 -> 362.44748 | ET16: =EO16 -> 70 | EU16: =SUM(ER16:ET16) -> 732.41484 | EW16: =SUM(DV16,EA16,DX16:DZ16) -> 7949.135 | EX16: =SUM(DW16,EB16,EC16,EI16:EK16) -> 9604.8581 | EY16: =EO16*$EG$1 -> 1855 | EZ16: =SUM(EW16:EY16) -> 19408.993 | FB16: =DV16/$EG$1 -> 297.23348 | FC16: =SUM(DX16:EA16)/$EG$1 -> 2.7338743 | FD16: =SUM(DW16,EB16,EC16)/$EG$1 -> 222.44748 | FE16: =SUM(EI16:EK16)/$EG$1 -> 140 | FF16: =ET16 -> 70 | FG16: =SUM(FB16:FF16) -> 732.41484 | FH16: =FG16-EU16 -> 0 | FI16: =DV16 -> 7876.6873 | FJ16: =SUM(DX16:EA16) -> 72.447668 | FK16: =SUM(DW16,EB16,EC16) -> 5894.8581 | FL16: =SUM(EI16:EK16) -> 3710 | FM16: =EY16 -> 1855 | FN16: =SUM(FI16:FM16) -> 19408.993 | FO16: =FN16-EZ16 -> 0 | FP16: =(FF16+FE16)/FG16 -> 0.28672276 | FQ16: =FF16/FG16 -> 0.095574252 | FS16: =FS15 -> 0 | FT16: =FS16-SUM(FB16:FD16) -> -522.41484 | FU16: =FT16/FS16 -> #DIV/0! | FV16: =FS16-FG16 -> -732.41484 | FW16: =FV16/FS16 -> #DIV/0!
Y17: 4166.6667 | Z17: 0.00051852927 | AA17: =Y17*Z17 -> 2.1605386 | AB17: Phó Sản PET Bụi Tank A | BA17: =SUM(BA18:BA23) -> 0.040976414 | BB17: =SUM(BB18:BB22) -> 321.81131 | BR17: =BR16-BQ16 -> -717.10081 | CK17: =BS6/CK16 -> 20520.664 | CY17: =LEFT($CH$2,3)&" "&RIGHT(BK8,5)&"_"&RIGHT($CH$2,3)&" DT" -> Vảy B2.2 _ A1 DT | DA17: Min | DB17: =BZ8/CZ16 -> 17611.375 | DC17: =CL8 -> 12525.013 | DD17: =CM8 -> 3325.2247 | DE17: =CN8 -> 1983.3564 | DF17: =CO8 -> 1273.8558 | DG17: =CP8 -> -707.44548 | DH17: =CQ8 -> -45.990237 | DI17: =CR8 -> 1761.1375 | DK17: =SUM(DC17:DI17) -> 20115.152 | DL17: =DK17/$CU$2 -> 759.06234 | DM17: =$CV$2+DL17 -> 829.06234 | DN17: =DM17/$DM$21 -> 1.5778518 | DQ17: =AX28 -> 70% B1-A3 DT/MN + 25% B6.2-A3.1/Nạp Star + 5% Hạt WSS03G PL | DT17: Max | DU17: =DU16 -> 22537.826 | DV17: =DV16 -> 7876.6873 | DW17: =0.7*($DD$12+$DE$12+$DF$12)+0.25*($DD$48+$DE$48+$DF$48)+0.05*($DW$12) -> 3893.9187 | DX17: =0.7*$DG$12+0.25*$DG$48+0.05*$DX$12 -> -381.39598 | DY17: =0.7*$DH$12+0.25*$DH$48+0.05*$DY$12 -> -160.63653 | DZ17: =-BB35 -> -420.9901 | EA17: =0.7*$DI$12+0.25*$DI$48+0.05*$EA$12 -> 1107.5381 | EB17: =EB7 -> 2796.8565 | EC17: =EC7 -> 0 | EE17: =SUM(DV17:EC17) -> 14711.978 | EF17: 24986.473
AZ18: 14000 | BA18: 0.004 | BB18: =AZ18*BA18 -> 56 | BC18: Phó Sản PET Hạt Chưa Kết Tinh | CK18: =$AK42 -> 0.85501479 | CZ18: 1 | DA18: Max | DB18: =DB17 -> 17611.375 | DC18: =DC17 -> 12525.013 | DD18: =CM9 -> 3325.2247 | DE18: =CN9 -> 3446.6865 | DF18: =CO9 -> 2013.5603 | DG18: =CP9 -> -707.44548 | DH18: =DH17 -> -45.990237 | DI18: =DI17 -> 1761.1375 | DK18: =SUM(DC18:DI18) -> 22318.187 | DL18: =DK18/$CU$2 -> 842.19572 | DM18: =$CV$2+DL18 -> 912.19572 | DR18: =BC30 -> Hạt nhựa rPET WSS01G 2 | DT18: Min | DU18: =AZ30 -> 21969.646 | DV18: =DV6 -> 15154.794 | DW18: =DW6 -> 7434.3303 | DZ18: =-BB93 -> -616.83673 | EA18: =EA6 -> 2130.9101 | EB18: =EB6 -> 2000.9394 | EC18: =EC6 -> 0 | EE18: =SUM(DV18:EC18) -> 26104.137 | EF18: 24986.473 | EG18: =EE18/$EG$1 -> 985.06179 | EI18: =EI6 -> 2173 | EJ18: =EJ6 -> 1166 | EK18: =EK6 -> 371 | EL18: =SUM(EI18:EK18) -> 3710 | EM18: =EE18+EL18 -> 29814.137 | EN18: =EG18+$EN$1 -> 1125.0618 | EO18: =EO11 -> 50 | EP18: =EN18+EO18 -> 1175.0618 | ER18: =SUM(DV18,EA18,DX18:DZ18)/$EG$1 -> 629.01387 | ES18: =(SUM(DW18,EB18,EC18,EI18:EK18))/$EG$1 -> 496.04791 | ET18: =EO18 -> 50 | EU18: =SUM(ER18:ET18) -> 1175.0618 | EW18: =SUM(DV18,EA18,DX18:DZ18) -> 16668.868 | EX18: =SUM(DW18,EB18,EC18,EI18:EK18) -> 13145.27 | EY18: =EO18*$EG$1 -> 1325 | EZ18: =SUM(EW18:EY18) -> 31139.137 | FB18: =DV18/$EG$1 -> 571.87903 | FC18: =SUM(DX18:EA18)/$EG$1 -> 57.134844 | FD18: =(SUM(EL18,EP18,EQ18,EV18:EX18))/$EG$1 -> 1309.4037 | FE18: =SUM(EI18:EK18)/$EG$1 -> 140 | FF18: =ET18 -> 50 | FG18: =SUM(FB18:FD18) -> 1938.4176 | FH18: =FG18-EU18 -> 763.35583 | FI18: =DV18 -> 15154.794 | FJ18: =SUM(DX18:EA18) -> 1514.0734 | FK18: =SUM(DW18,EB18,EC18) -> 9435.2697 | FL18: =SUM(EI18:EK18) -> 3710 | FM18: =EY18 -> 1325 | FN18: =SUM(FI18:FM18) -> 31139.137 | FP18: =(FF18+FE18)/FG18 -> 0.098018094 | FQ18: =FF18/FG18 -> 0.025794235 | FS18: =FS17 -> 0 | FT18: =FS18-SUM(FB18:FD18) -> -1938.4176 | FU18: =FT18/FS18 -> #DIV/0! | FV18: =FS18-FG18 -> -1938.4176 | FW18: =FV18/FS18 -> #DIV/0!
Y19: 7000 | Z19: 0.026484961 | AA19: =Y19*Z19 -> 185.39472 | AB19: Phó Sản B1/B8 Nắp Chưa Băm | CK19: =BS8/CK18 -> 17611.375 | CY19: =LEFT($CH$2,3)&" "&RIGHT($BK$8,5)&"_"&"A"&"2"&" DT" -> Vảy B2.2 _A2 DT | DA19: Min | DB19: =DB17*$CZ$20 -> 14089.1 | DC19: =DC17*$CZ$20 -> 10020.011 | DD19: =DD17*$CZ$20 -> 2660.1798 | DE19: =DE17*$CZ$20 -> 1586.6851 | DF19: =DF17*$CZ$20 -> 1019.0847 | DG19: =DG17*$CZ$20 -> -565.95638 | DH19: =DH17*$CZ$20 -> -36.79219 | DI19: =DI17*$CZ$20 -> 1408.91 | DK19: =SUM(DC19:DI19) -> 16092.122 | DL19: =DK19/$CU$2 -> 607.24987 | DM19: =$CV$2+DL19 -> 677.24987 | DN19: =DM19/$DM$21 -> 1.2889259 | DQ19: =AX49 -> 85.5% B1-A1/A2 MN + 9.5% B2.2-A1/A2 + 5% Hạt WSS03G PL | DT19: Max | DU19: =DU16-DU20 -> 1136.361
AH20: =SUM(AH21:AH34) -> 0.045253487 | AI20: =SUM(AI21:AI34) -> 313.11738 | AZ20: 6500 | BA20: 0.02 | BB20: =AZ20*BA20 -> 130 | BC20: Phó Sản PET HAD | CK20: =$AK70 -> 0.773478 | CZ20: 0.8 | DA20: Max | DB20: =DB18*$CZ$20 -> 14089.1 | DC20: =DC18*$CZ$20 -> 10020.011 | DD20: =DD18*$CZ$20 -> 2660.1798 | DE20: =DE18*$CZ$20 -> 2757.3492 | DF20: =DF18*$CZ$20 -> 1610.8483 | DG20: =DG18*$CZ$20 -> -565.95638 | DH20: =DH18*$CZ$20 -> -36.79219 | DI20: =DI18*$CZ$20 -> 1408.91 | DK20: =SUM(DC20:DI20) -> 17854.549 | DL20: =DK20/$CU$2 -> 673.75657 | DM20: =$CV$2+DL20 -> 743.75657 | DR20: =BC32 -> Hạt nhựa rPET WSS03G | DT20: Min | DU20: =AZ32 -> 21401.465 | DV20: =DV6 -> 15154.794 | DW20: =DW6 -> 7434.3303 | DZ20: =-BB215 -> -127.58088 | EA20: =EA6 -> 2130.9101 | EB20: =EB6 -> 2000.9394 | EC20: =EC6 -> 0 | EE20: =SUM(DV20:EC20) -> 26593.393 | EF20: 24986.473 | EG20: =EE20/$EG$1 -> 1003.5243 | EI20: =EI6 -> 2173 | EJ20: =EJ6 -> 1166 | EK20: =EK6 -> 371 | EL20: =SUM(EI20:EK20) -> 3710 | EM20: =EE20+EL20 -> 30303.393 | EN20: =EG20+$EN$1 -> 1143.5243 | EO20: =EO12 -> 50 | EP20: =EN20+EO20 -> 1193.5243 | ER20: =SUM(DV20,EA20,DX20:DZ20)/$EG$1 -> 647.47636 | ES20: =(SUM(DW20,EB20,EC20,EI20:EK20))/$EG$1 -> 496.04791 | ET20: =EO20 -> 50 | EU20: =SUM(ER20:ET20) -> 1193.5243 | EW20: =SUM(DV20,EA20,DX20:DZ20) -> 17158.124 | EX20: =SUM(DW20,EB20,EC20,EI20:EK20) -> 13145.27 | EY20: =EO20*$EG$1 -> 1325 | EZ20: =SUM(EW20:EX20) -> 30303.393 | FB20: =DV20/$EG$1 -> 571.87903 | FC20: =SUM(DX20:EA20)/$EG$1 -> 75.597329 | FD20: =(SUM(EL20,EP20,EQ20,EV20:EX20))/$EG$1 -> 1328.5629 | FE20: =SUM(EI20:EK20)/$EG$1 -> 140 | FF20: =ET20 -> 50 | FG20: =SUM(FB20:FD20) -> 1976.0393 | FH20: =FG20-EU20 -> 782.51501 | FI20: =DV20 -> 15154.794 | FJ20: =SUM(DX20:EA20) -> 2003.3292 | FK20: =SUM(DW20,EB20,EC20) -> 9435.2697 | FL20: =SUM(EI20:EK20) -> 3710 | FM20: =EY20 -> 1325 | FN20: =SUM(FI20:FM20) -> 31628.393 | FP20: =(FF20+FE20)/FG20 -> 0.096151935 | FQ20: =FF20/FG20 -> 0.025303141 | FS20: =FS19 -> 0 | FT20: =FS20-SUM(FB20:FD20) -> -1976.0393 | FU20: =FT20/FS20 -> #DIV/0! | FV20: =FS20-FG20 -> -1976.0393 | FW20: =FV20/FS20 -> #DIV/0!
Y21: -300 | Z21: 0.0010507317 | AA21: =Y21*Z21 -> -0.31521952 | AB21: Nhãn, PVC, OPP… | AG21: =AG75 -> 8000 | AH21: 0.0221 | AI21: =AG21*AH21 -> 176.8 | AJ21: Phó Sản PET Tomra Cổng 3 | CK21: =BS10/CK20 -> 17494.795 | CY21: =LEFT($CH$2,3)&" "&RIGHT($BK$8,5)&"_"&"A"&"3"&" DT" -> Vảy B2.2 _A3 DT | DA21: Min | DB21: =DB17*$CZ$22 -> 10566.825 | DC21: =DC17*$CZ$22 -> 7515.0079 | DD21: =DD17*$CZ$22 -> 1995.1348 | DE21: =DE17*$CZ$22 -> 1190.0138 | DF21: =DF17*$CZ$22 -> 764.31351 | DG21: =DG17*$CZ$22 -> -424.46729 | DH21: =DH17*$CZ$22 -> -27.594142 | DI21: =DI17*$CZ$22 -> 1056.6825 | DK21: =SUM(DC21:DI21) -> 12069.091 | DL21: =DK21/$CU$2 -> 455.4374 | DM21: =$CV$2+DL21 -> 525.4374 | DN21: =DM21/$DM$21 -> 1 | DT21: Max
AZ22: 8000 | BA22: 0.016976414 | BB22: =AZ22*BA22 -> 135.81131 | BC22: Phó Sản PET Đầu Keo | CK22: =$AK95 -> 0.8206044 | CZ22: 0.6 | DA22: Max | DB22: =DB18*$CZ$22 -> 10566.825 | DC22: =DC18*$CZ$22 -> 7515.0079 | DD22: =DD18*$CZ$22 -> 1995.1348 | DE22: =DE18*$CZ$22 -> 2068.0119 | DF22: =DF18*$CZ$22 -> 1208.1362 | DG22: =DG18*$CZ$22 -> -424.46729 | DH22: =DH18*$CZ$22 -> -27.594142 | DI22: =DI18*$CZ$22 -> 1056.6825 | DK22: =SUM(DC22:DI22) -> 13390.912 | DL22: =DK22/$CU$2 -> 505.31743 | DM22: =$CV$2+DL22 -> 575.31743 | DU22: =BS6/DU23 -> 23438.521
Y23: 2500 | Z23: 0.0017996016 | AA23: =Y23*Z23 -> 4.499004 | AB23: Phế khác (dây, bao, kẽm..) | AG23: =AG77 -> 10500 | AH23: 0.0034888022 | AI23: =AG23*AH23 -> 36.632423 | AJ23: Phó Sản PET Tuyển nổi 2 | CK23: =BS12/CK22 -> 16490.089 | DP23: =AT88 -> Tạo hạt WSS01G | DR23: =AX88 -> 100% B1.2_A2 DT (STAR 1) | DU23: =BD85 -> 0.70755888
AZ24: =AZ26-AZ25 -> 1345.6727 | BB24: NRV | BC24: ='Hảo_R&D (Vảy sạch)'!BR3 -> 0.13333333 | BZ24: =$AK25 -> 0 | CK24: =$AK124 -> 0.77783046 | CZ24: NRV | DR24: =BC86 -> Hạt nhựa rPET WSS01G 1 | DT24: Min | DU24: =AZ86 -> 26380.272 | DV24: =DV6 -> 15154.794 | DW24: =DW6 -> 7434.3303 | DZ24: =-BB93 -> -616.83673 | EA24: =EA6 -> 2130.9101 | EB24: =EB6 -> 2000.9394 | EC24: =EC6 -> 0 | EE24: =SUM(DV24:EC24) -> 26104.137 | EF24: 24986.473 | EG24: =EE24/$EG$1 -> 985.06179 | EI24: =EI6 -> 2173 | EJ24: =EJ6 -> 1166 | EK24: =EK6 -> 371 | EL24: =SUM(EI24:EK24) -> 3710 | EM24: =EE24+EL24 -> 29814.137 | EN24: =EG24+$EN$1 -> 1125.0618 | EO24: =EO10 -> 50 | EP24: =EN24+EO24 -> 1175.0618 | ER24: =SUM(DV24,EA24,DX24:DZ24)/$EG$1 -> 629.01387 | ES24: =(SUM(DW24,EB24,EC24,EI24:EK24))/$EG$1 -> 496.04791 | ET24: =EO24 -> 50 | EU24: =SUM(ER24:ET24) -> 1175.0618 | EW24: =SUM(DV24,DZ24,EA24) -> 16668.868 | EX24: =(SUM(DW24,EB24,EC24,EI24:EK24))+EO24*$EG$1 -> 14470.27 | EY24: =EO24*$EG$1 -> 1325 | EZ24: =SUM(EW24:EX24) -> 31139.137 | FB24: =DV24/$EG$1 -> 571.87903 | FC24: =SUM(DX24:EA24)/$EG$1 -> 57.134844 | FD24: =(SUM(EL24,EP24,EQ24,EV24:EX24))/$EG$1 -> 1359.4037 | FE24: =SUM(EI24:EK24)/$EG$1 -> 140 | FF24: =ET24 -> 50 | FG24: =SUM(FB24:FD24) -> 1988.4176 | FH24: =FG24-EU24 -> 813.35583 | FI24: =DV24 -> 15154.794 | FJ24: =SUM(DX24:EA24) -> 1514.0734 | FK24: =SUM(DW24,EB24,EC24) -> 9435.2697 | FL24: =SUM(EI24:EK24) -> 3710 | FM24: =EY24 -> 1325 | FN24: =SUM(FI24:FM24) -> 31139.137 | FP24: =(FF24+FE24)/FG24 -> 0.095553368 | FQ24: =FF24/FG24 -> 0.025145623 | FS24: =FS23 -> 0 | FT24: =FS24-SUM(FB24:FD24) -> -1988.4176 | FU24: =FT24/FS24 -> #DIV/0! | FV24: =FS24-FG24 -> -1988.4176 | FW24: =FV24/FS24 -> #DIV/0!
Y25: 12000 | Z25: 0.0002997583 | AA25: =Y25*Z25 -> 3.5970996 | AB25: Chai PET B6 Sau Phân Loại | AG25: =Y59 -> 4166.6667 | AH25: 0.004094929 | AI25: =AG25*AH25 -> 17.062204 | AJ25: Phó Sản PET Bụi Tank B | AZ25: =($AI$5*0.7+$AI$123*0.25+$AI$5*0.05)/BA25 -> 21192.153 | BA25: =SUM(BA26,BA30:BA32) -> 0.94070114 | BB25: =SUM(BA26*BB26,BA30*BB30,BA32*BB32) -> 1.0265581 | BD25: =(AK6*0.7+AK124*0.25+AK6*0.05)*BA25 -> 0.75310956 | BE25: =($N$5/BD25)*0.75+($N$123/BD25)*0.25 -> 21514.263 | BF25: =BE25-AZ25 -> 322.10942 | BS25: =N24 -> 0 | BZ25: =AK24 -> 0 | CK25: =BS14/CK24 -> 19358.957 | CZ25: =AH71 -> 0.886 | DQ25: =AX88 -> 100% B1.2_A2 DT (STAR 1) | DT25: Max
Y26: 12000 | Z26: 0.0019121424 | AA26: =Y26*Z26 -> 22.945709 | AB26: Chai PET B5 Sau Phân Loại | AZ26: =$AZ$25/$BB$25*BB26 -> 22537.826 | BA26: 0.9272 | BB26: =BB9 -> 1.0917431 | BC26: Hạt nhựa rPET iSS01G 2 | CY26: =LEFT($CH$2,3)&" "&RIGHT(BK10,2)&"_"&RIGHT($CH$2,3)&" DT" -> Vảy B4_ A1 DT | DA26: Min | DB26: =BZ10/CZ25 -> 17494.795 | DC26: =CL10 -> 12442.103 | DD26: =CM10 -> 3303.2131 | DE26: =CN10 -> 2104.9097 | DF26: =CO10 -> 1273.8558 | DG26: =CP10 -> -673.2 | DH26: =CQ10 -> -453 | DI26: =CR10 -> 1749.4795 | DK26: =SUM(DC26:DI26) -> 19747.361 | DL26: =DK26/$CU$2 -> 745.18342 | DM26: =$CV$2+DL26 -> 815.18342 | DN26: =DM26/$DM$30 -> 1.5764215 | DR26: =BC88 -> Hạt nhựa rPET WSS03G | DT26: Min | DU26: =AZ88 -> 25698.023 | DV26: =DV6 -> 15154.794 | DW26: =DW6 -> 7434.3303 | EB26: =EB6 -> 2000.9394 | EC26: =EC6 -> 0 | EE26: =SUM(DV26:EC26) -> 24590.064 | EF26: 24986.473 | EG26: =EE26/$EG$1 -> 927.92694 | EI26: =EI6 -> 2173 | EJ26: =EJ6 -> 1166 | EK26: =EK6 -> 371 | EL26: =SUM(EI26:EK26) -> 3710 | EM26: =EE26+EL26 -> 28300.064 | EN26: =EG26+$EN$1 -> 1067.9269 | EO26: =EO12 -> 50 | EP26: =EN26+EO26 -> 1117.9269 | ER26: =SUM(DV26,EA26,DX26:DZ26)/$EG$1 -> 571.87903 | ES26: =(SUM(DW26,EB26,EC26,EI26:EK26))/$EG$1 -> 496.04791 | ET26: =EO26 -> 50 | EU26: =SUM(ER26:ET26) -> 1117.9269 | EW26: =SUM(DV26,DZ26,EA26) -> 15154.794 | EX26: =(SUM(DW26,EB26,EC26,EI26:EK26))+EO26*$EG$1 -> 14470.27 | EY26: =EO26*$EG$1 -> 1325 | EZ26: =SUM(EW26:EX26) -> 29625.064 | FB26: =DV26/$EG$1 -> 571.87903 | FC26: =SUM(DX26:EA26)/$EG$1 -> 0 | FD26: =(SUM(EL26,EP26,EQ26,EV26:EX26))/$EG$1 -> 1300.1129 | FE26: =SUM(EI26:EK26)/$EG$1 -> 140 | FF26: =ET26 -> 50 | FG26: =SUM(FB26:FD26) -> 1871.9919 | FH26: =FG26-EU26 -> 754.06495 | FI26: =DV26 -> 15154.794 | FJ26: =SUM(DX26:EA26) -> 0 | FK26: =SUM(DW26,EB26,EC26) -> 9435.2697 | FL26: =SUM(EI26:EK26) -> 3710 | FM26: =EY26 -> 1325 | FN26: =SUM(FI26:FM26) -> 29625.064 | FP26: =(FF26+FE26)/FG26 -> 0.10149617 | FQ26: =FF26/FG26 -> 0.026709517 | FS26: =FS25 -> 0 | FT26: =FS26-SUM(FB26:FD26) -> -1871.9919 | FU26: =FT26/FS26 -> #DIV/0! | FV26: =FS26-FG26 -> -1871.9919 | FW26: =FV26/FS26 -> #DIV/0!
Y27: 12000 | Z27: 9.1505165e-05 | AA27: =Y27*Z27 -> 1.098062 | AB27: Chai PET B4 Sau Phân Loại | AG27: =AG25 -> 4166.6667 | AH27: 0.0028650212 | AI27: =AG27*AH27 -> 11.937588 | AJ27: Phó Sản PET Bụi Tank D | CZ27: 1 | DA27: Max | DB27: =DB26 -> 17494.795 | DC27: =DC26 -> 12442.103 | DD27: =AJ68 -> 3303.2131 | DE27: =+CC11 -> 3240.9193 | DF27: =DF7 -> 2013.5603 | DG27: =CP11 -> -673.2 | DH27: =DH26 -> -453 | DI27: =DI26 -> 1749.4795 | DK27: =SUM(DC27:DI27) -> 21623.075 | DL27: =DK27/$CU$2 -> 815.96509 | DM27: =$CV$2+DL27 -> 885.96509 | DT27: Max | DU27: =BS6/DU28 -> 21532.701
AT28: Tạo hạt iSS01G | AX28: 70% B1-A3 DT/MN + 25% B6.2-A3.1/Nạp Star + 5% Hạt WSS03G PL | BA28: 0.0189 | BC28: Hạt Nhựa rPET iSS01G 2 PL | CY28: =LEFT($CH$2,3)&" "&RIGHT($BK$10,2)&"_"&"A"&"2"&" DT" -> Vảy B4_A2 DT | DA28: Min | DB28: =DB26*$CZ$29 -> 13995.836 | DC28: =DC26*$CZ$29 -> 9953.6821 | DD28: =DD26*$CZ$29 -> 2642.5705 | DE28: =DE26*$CZ$29 -> 1683.9277 | DF28: =DF26*$CZ$29 -> 1019.0847 | DG28: =DG26*$CZ$29 -> -538.56 | DH28: =DH26*$CZ$29 -> -362.4 | DI28: =DI26*$CZ$29 -> 1399.5836 | DK28: =SUM(DC28:DI28) -> 15797.889 | DL28: =DK28/$CU$2 -> 596.14674 | DM28: =$CV$2+DL28 -> 666.14674 | DN28: =DM28/$DM$30 -> 1.2882108 | DR28: =AX107 -> 0 | DU28: =BD104 -> 0.77018362
AG29: =AG151 -> 10000 | AH29: 0.0021016881 | AI29: =AG29*AH29 -> 21.016881 | AJ29: Phó Sản PET Zigzag | CZ29: 0.8 | DA29: Max | DB29: =DB27*$CZ$29 -> 13995.836 | DC29: =DC27*$CZ$29 -> 9953.6821 | DD29: =DD27*$CZ$29 -> 2642.5705 | DE29: =DE27*$CZ$29 -> 2592.7354 | DF29: =DF27*$CZ$29 -> 1610.8483 | DG29: =DG27*$CZ$29 -> -538.56 | DH29: =DH27*$CZ$29 -> -362.4 | DI29: =DI27*$CZ$29 -> 1399.5836 | DK29: =SUM(DC29:DI29) -> 17298.46 | DL29: =DK29/$CU$2 -> 652.77207 | DM29: =$CV$2+DL29 -> 722.77207 | DR29: =BC109 -> Hạt nhựa rPET iSS01G 2 | DT29: Min | DU29: =AZ109 -> 23189.063 | DV29: =DV6 -> 15154.794 | DW29: =DW6 -> 7434.3303 | EB29: =EB6 -> 2000.9394 | EC29: =EC6 -> 0 | EE29: =SUM(DV29:EC29) -> 24590.064 | EF29: 24986.473 | EG29: =EE29/$EG$1 -> 927.92694 | EI29: =EI6 -> 2173 | EJ29: =EJ6 -> 1166 | EK29: =EK6 -> 371 | EL29: =SUM(EI29:EK29) -> 3710 | EM29: =EE29+EL29 -> 28300.064 | EN29: =EG29+$EN$1 -> 1067.9269 | EO29: =EO8 -> 70 | EP29: =EN29+EO29 -> 1137.9269 | ER29: =SUM(DV29,EA29,DX29:DZ29)/$EG$1 -> 571.87903 | ES29: =(SUM(DW29,EB29,EC29,EI29:EK29))/$EG$1 -> 496.04791 | ET29: =EO29 -> 70 | EU29: =SUM(ER29:ET29) -> 1137.9269 | EW29: =SUM(DV29,DZ29,EA29) -> 15154.794 | EX29: =(SUM(DW29,EB29,EC29,EI29:EK29))+EO29*$EG$1 -> 15000.27 | EY29: =EO29*$EG$1 -> 1855 | EZ29: =SUM(EW29:EX29) -> 30155.064 | FB29: =DV29/$EG$1 -> 571.87903 | FC29: =SUM(DX29:EA29)/$EG$1 -> 0 | FD29: =(SUM(EL29,EP29,EQ29,EV29:EX29))/$EG$1 -> 1320.8676 | FE29: =SUM(EI29:EK29)/$EG$1 -> 140 | FF29: =ET29 -> 70 | FG29: =SUM(FB29:FD29) -> 1892.7466 | FH29: =FG29-EU29 -> 754.81967 | FI29: =DV29 -> 15154.794 | FJ29: =SUM(DX29:EA29) -> 0 | FK29: =SUM(DW29,EB29,EC29) -> 9435.2697 | FL29: =SUM(EI29:EK29) -> 3710 | FM29: =EY29 -> 1855 | FN29: =SUM(FI29:FM29) -> 30155.064 | FP29: =(FF29+FE29)/FG29 -> 0.11094988 | FQ29: =FF29/FG29 -> 0.036983292 | FS29: =FS28 -> 0 | FT29: =FS29-SUM(FB29:FD29) -> -1892.7466 | FU29: =FT29/FS29 -> #DIV/0! | FV29: =FS29-FG29 -> -1892.7466 | FW29: =FV29/FS29 -> #DIV/0!
Y30: =N5 -> 16584.134 | Z30: 0.043 | AA30: =Y30*Z30 -> 713.11775 | AB30: Hao hụt khác | AZ30: =$AZ$25/$BB$25*BB30 -> 21969.646 | BA30: 0.010800912 | BB30: =BB11 -> 1.0642202 | BC30: Hạt nhựa rPET WSS01G 2 | CY30: =LEFT($CH$2,3)&" "&RIGHT($BK$10,2)&"_"&"A"&"3"&" DT" -> Vảy B4_A3 DT | DA30: Min | DB30: =DB26*$CZ$31 -> 10496.877 | DC30: =DC26*$CZ$31 -> 7465.2616 | DD30: =DD26*$CZ$31 -> 1981.9278 | DE30: =DE26*$CZ$31 -> 1262.9458 | DF30: =DF26*$CZ$31 -> 764.31351 | DG30: =DG26*$CZ$31 -> -403.92 | DH30: =DH26*$CZ$31 -> -271.8 | DI30: =DI26*$CZ$31 -> 1049.6877 | DK30: =SUM(DC30:DI30) -> 11848.416 | DL30: =DK30/$CU$2 -> 447.11005 | DM30: =$CV$2+DL30 -> 517.11005 | DN30: =DM30/$DM$30 -> 1 | DQ30: =AX107 -> 0 | DT30: Max
AG31: =AG53 -> 6000 | AH31: 0.0013030466 | AI31: =AG31*AH31 -> 7.8182796 | AJ31: Phó Sản PET Zigzag sau lựa | CZ31: 0.6 | DA31: Max | DB31: =DB27*$CZ$31 -> 10496.877 | DC31: =DC27*$CZ$31 -> 7465.2616 | DD31: =DD27*$CZ$31 -> 1981.9278 | DE31: =DE27*$CZ$31 -> 1944.5516 | DF31: =DF27*$CZ$31 -> 1208.1362 | DG31: =DG27*$CZ$31 -> -403.92 | DH31: =DH27*$CZ$31 -> -271.8 | DI31: =DI27*$CZ$31 -> 1049.6877 | DK31: =SUM(DC31:DI31) -> 12973.845 | DL31: =DK31/$CU$2 -> 489.57905 | DM31: =$CV$2+DL31 -> 559.57905 | DR31: =BC105 -> Hạt nhựa rPET WSS01G 2 | DT31: Min | DU31: =AZ105 -> 22604.465 | DV31: =DV6 -> 15154.794 | DW31: =DW6 -> 7434.3303 | EB31: =EB6 -> 2000.9394 | EC31: =EC6 -> 0 | EE31: =SUM(DV31:EC31) -> 24590.064 | EF31: 24986.473 | EG31: =EE31/$EG$1 -> 927.92694 | EI31: =EI6 -> 2173 | EJ31: =EJ6 -> 1166 | EK31: =EK6 -> 371 | EL31: =SUM(EI31:EK31) -> 3710 | EM31: =EE31+EL31 -> 28300.064 | EN31: =EG31+$EN$1 -> 1067.9269 | EO31: =EO10 -> 50 | EP31: =EN31+EO31 -> 1117.9269 | ER31: =SUM(DV31,EA31,DX31:DZ31)/$EG$1 -> 571.87903 | ES31: =(SUM(DW31,EB31,EC31,EI31:EK31))/$EG$1 -> 496.04791 | ET31: =EO31 -> 50 | EU31: =SUM(ER31:ET31) -> 1117.9269 | EW31: =SUM(DV31,DZ31,EA31) -> 15154.794 | EX31: =(SUM(DW31,EB31,EC31,EI31:EK31))+EO31*$EG$1 -> 14470.27 | EY31: =EO31*$EG$1 -> 1325 | EZ31: =SUM(EW31:EX31) -> 29625.064 | FB31: =DV31/$EG$1 -> 571.87903 | FC31: =SUM(DX31:EA31)/$EG$1 -> 0 | FD31: =(SUM(EL31,EP31,EQ31,EV31:EX31))/$EG$1 -> 1300.1129 | FE31: =SUM(EI31:EK31)/$EG$1 -> 140 | FF31: =ET31 -> 50 | FG31: =SUM(FB31:FD31) -> 1871.9919 | FH31: =FG31-EU31 -> 754.06495 | FI31: =DV31 -> 15154.794 | FJ31: =SUM(DX31:EA31) -> 0 | FK31: =SUM(DW31,EB31,EC31) -> 9435.2697 | FL31: =SUM(EI31:EK31) -> 3710 | FM31: =EY31 -> 1325 | FN31: =SUM(FI31:FM31) -> 29625.064 | FP31: =(FF31+FE31)/FG31 -> 0.10149617 | FQ31: =FF31/FG31 -> 0.026709517 | FS31: =FS30 -> 0 | FT31: =FS31-SUM(FB31:FD31) -> -1871.9919 | FU31: =FT31/FS31 -> #DIV/0! | FV31: =FS31-FG31 -> -1871.9919 | FW31: =FV31/FS31 -> #DIV/0!
AZ32: =$AZ$25/$BB$25*BB32 -> 21401.465 | BA32: 0.002700228 | BB32: =BB13 -> 1.0366972 | BC32: Hạt nhựa rPET WSS03G | DQ32: =AX125 -> 95% B1-A1/A2.1 MN + 5% Hạt WSS03G PL | DT32: Max
AG33: 4500 | AH33: 0.0093 | AI33: =AG33*AH33 -> 41.85 | AJ33: Phó sản PET bụi cám sau sàn rung | CZ33: NRV | DR33: =BC107 -> Hạt nhựa rPET WSS03G | DT33: Min | DU33: =AZ107 -> 22019.867 | DV33: =DV6 -> 15154.794 | DW33: =DW6 -> 7434.3303 | EB33: =EB6 -> 2000.9394 | EC33: =EC6 -> 0 | EE33: =SUM(DV33:EC33) -> 24590.064 | EF33: 24986.473 | EG33: =EE33/$EG$1 -> 927.92694 | EI33: =EI6 -> 2173 | EJ33: =EJ6 -> 1166 | EK33: =EK6 -> 371 | EL33: =SUM(EI33:EK33) -> 3710 | EM33: =EE33+EL33 -> 28300.064 | EN33: =EG33+$EN$1 -> 1067.9269 | EO33: =EO12 -> 50 | EP33: =EN33+EO33 -> 1117.9269 | ER33: =SUM(DV33,EA33,DX33:DZ33)/$EG$1 -> 571.87903 | ES33: =(SUM(DW33,EB33,EC33,EI33:EK33))/$EG$1 -> 496.04791 | ET33: =EO33 -> 50 | EU33: =SUM(ER33:ET33) -> 1117.9269 | EW33: =SUM(DV33,DZ33,EA33) -> 15154.794 | EX33: =(SUM(DW33,EB33,EC33,EI33:EK33))+EO33*$EG$1 -> 14470.27 | EY33: =EO33*$EG$1 -> 1325 | EZ33: =SUM(EW33:EX33) -> 29625.064 | FB33: =DV33/$EG$1 -> 571.87903 | FC33: =SUM(DX33:EA33)/$EG$1 -> 0 | FD33: =(SUM(EL33,EP33,EQ33,EV33:EX33))/$EG$1 -> 1300.1129 | FE33: =SUM(EI33:EK33)/$EG$1 -> 140 | FF33: =ET33 -> 50 | FG33: =SUM(FB33:FD33) -> 1871.9919 | FH33: =FG33-EU33 -> 754.06495 | FI33: =DV33 -> 15154.794 | FJ33: =SUM(DX33:EA33) -> 0 | FK33: =SUM(DW33,EB33,EC33) -> 9435.2697 | FL33: =SUM(EI33:EK33) -> 3710 | FM33: =EY33 -> 1325 | FN33: =SUM(FI33:FM33) -> 29625.064 | FP33: =(FF33+FE33)/FG33 -> 0.10149617 | FQ33: =FF33/FG33 -> 0.026709517 | FS33: =FS32 -> 0 | FT33: =FS33-SUM(FB33:FD33) -> -1871.9919 | FU33: =FT33/FS33 -> #DIV/0! | FV33: =FS33-FG33 -> -1871.9919 | FW33: =FV33/FS33 -> #DIV/0!
BB34: =SUM(BB35:BB39) -> 493.05796 | CZ34: =AH95 -> 0.913 | DQ34: =AX148 -> 85.5% B1-A2.2 DT/MN + 9.5% B6.2-A1/A2 + 5% Hạt WSS03G PL | DT34: Max
AG35: =Z5 -> 19031.54 | AH35: 0.0273 | AI35: =AG35*AH35 -> 519.56103 | AJ35: Hao hụt | AZ35: 14000 | BA35: 0.030070721 | BB35: =AZ35*BA35 -> 420.9901 | BC35: Phó Sản PET Hạt Chưa Kết Tinh | CY35: =LEFT($CH$2,3)&" "&RIGHT(BK12,2)&"_"&RIGHT($CH$2,3)&" DT" -> Vảy B5_ A1 DT | DA35: Min | DB35: =BZ12/CZ34 -> 16490.089 | DC35: =CL12 -> 11727.566 | DD35: =CM12 -> 3113.5132 | DE35: =CN12 -> 2042.6615 | DF35: =CO12 -> 1273.8558 | DG35: =CP12 -> -524.70554 | DH35: =CQ12 -> -489.5 | DI35: =CR12 -> 1649.0089 | DK35: =SUM(DC35:DI35) -> 18792.4 | DL35: =DK35/$CU$2 -> 709.14718 | DM35: =$CV$2+DL35 -> 779.14718 | DN35: =DM35/$DM$39 -> 1.5649789 | DU35: =BD210 -> 0.75905331
CZ36: 1 | DA36: Max | DB36: =DB35 -> 16490.089 | DC36: =DC35 -> 11727.566 | DD36: =AJ93 -> 3113.5132 | DE36: =+CC13 -> 3240.9193 | DF36: =DF29 -> 1610.8483 | DG36: =CP13 -> -479.05616 | DH36: =DH35 -> -489.5 | DI36: =DI35 -> 1649.0089 | DK36: =SUM(DC36:DI36) -> 20373.3 | DL36: =DK36/$CU$2 -> 768.80377 | DM36: =$CV$2+DL36 -> 838.80377 | DP36: =AT213 -> Tạo hạt WSS03G | DR36: =BC211 -> Hạt nhựa rPET WSS03G | DT36: Min | DU36: =AZ210 -> 20456.109 | DV36: =DV6 -> 15154.794 | DW36: =DW6 -> 7434.3303 | EB36: =EB6 -> 2000.9394 | EC36: =EC6 -> 0 | EE36: =SUM(DV36:EC36) -> 24590.064 | EF36: 24986.473 | EG36: =EE36/$EG$1 -> 927.92694 | EI36: =EI6 -> 2173 | EJ36: =EJ6 -> 1166 | EK36: =EK6 -> 371 | EL36: =SUM(EI36:EK36) -> 3710 | EM36: =EE36+EL36 -> 28300.064 | EN36: =EG36+$EN$1 -> 1067.9269 | EO36: =EO12 -> 50 | EP36: =EN36+EO36 -> 1117.9269 | ER36: =SUM(DV36,EA36,DX36:DZ36)/$EG$1 -> 571.87903 | ES36: =(SUM(DW36,EB36,EC36,EI36:EK36))/$EG$1 -> 496.04791 | ET36: =EO36 -> 50 | EU36: =SUM(ER36:ET36) -> 1117.9269 | EW36: =SUM(DV36,DZ36,EA36) -> 15154.794 | EX36: =(SUM(DW36,EB36,EC36,EI36:EK36))+EO36*$EG$1 -> 14470.27 | EY36: =EO36*$EG$1 -> 1325 | EZ36: =SUM(EW36:EX36) -> 29625.064 | FB36: =DV36/$EG$1 -> 571.87903 | FC36: =SUM(DX36:EA36)/$EG$1 -> 0 | FD36: =(SUM(EL36,EP36,EQ36,EV36:EX36))/$EG$1 -> 1300.1129 | FE36: =SUM(EI36:EK36)/$EG$1 -> 140 | FF36: =ET36 -> 50 | FG36: =SUM(FB36:FD36) -> 1871.9919 | FH36: =FG36-EU36 -> 754.06495 | FI36: =DV36 -> 15154.794 | FJ36: =SUM(DX36:EA36) -> 0 | FK36: =SUM(DW36,EB36,EC36) -> 9435.2697 | FL36: =SUM(EI36:EK36) -> 3710 | FM36: =EY36 -> 1325 | FN36: =SUM(FI36:FM36) -> 29625.064 | FP36: =(FF36+FE36)/FG36 -> 0.10149617 | FQ36: =FF36/FG36 -> 0.026709517 | FS36: =FS35 -> 0 | FT36: =FS36-SUM(FB36:FD36) -> -1871.9919 | FU36: =FT36/FS36 -> #DIV/0! | FV36: =FS36-FG36 -> -1871.9919 | FW36: =FV36/FS36 -> #DIV/0!
AZ37: 6500 | BA37: 0.0044406478 | BB37: =AZ37*BA37 -> 28.86421 | BC37: Phó Sản PET HAD | CY37: =LEFT($CH$2,3)&" "&RIGHT($BK$12,2)&"_"&"A"&"2"&" DT" -> Vảy B5_A2 DT | DA37: Min | DB37: =DB35*$CZ$38 -> 13192.071 | DC37: =DC35*$CZ$38 -> 9382.0532 | DD37: =DD35*$CZ$38 -> 2490.8106 | DE37: =DE35*$CZ$38 -> 1634.1292 | DF37: =DF35*$CZ$38 -> 1019.0847 | DG37: =DG35*$CZ$38 -> -419.76443 | DH37: =DH35*$CZ$38 -> -391.6 | DI37: =DI35*$CZ$38 -> 1319.2071 | DK37: =SUM(DC37:DI37) -> 15033.92 | DL37: =DK37/$CU$2 -> 567.31775 | DM37: =$CV$2+DL37 -> 637.31775 | DN37: =DM37/$DM$39 -> 1.2801032 | DQ37: =AX213 -> 30% B1-A3/A2.2 MN + 15% B2.2-A3/A2 + 55% B6.2 Nạp Star/A2 + 5% Hạt WSS03G PL | DT37: Max | DU37: =BD225 -> 0.68603513
M38: B0 | N38: =$E$5*$L$43 -> 356.96905 | AI38: NRV | CZ38: 0.8 | DA38: Max | DB38: =DB36*$CZ$38 -> 13192.071 | DC38: =DC36*$CZ$38 -> 9382.0532 | DD38: =DD36*$CZ$38 -> 2490.8106 | DE38: =DE36*$CZ$38 -> 2592.7354 | DF38: =DF36*$CZ$38 -> 1288.6786 | DG38: =DG36*$CZ$38 -> -383.24493 | DH38: =DH36*$CZ$38 -> -391.6 | DI38: =DI36*$CZ$38 -> 1319.2071 | DK38: =SUM(DC38:DI38) -> 16298.64 | DL38: =DK38/$CU$2 -> 615.04302 | DM38: =$CV$2+DL38 -> 685.04302 | DR38: =BC226 -> Hạt nhựa rPET WSS03G | DT38: Min | DU38: =AZ225 -> 21990.583 | DV38: =DV6 -> 15154.794 | DW38: =DW6 -> 7434.3303 | EB38: =EB6 -> 2000.9394 | EC38: =EC6 -> 0 | EE38: =SUM(DV38:EC38) -> 24590.064 | EF38: 24986.473 | EG38: =EE38/$EG$1 -> 927.92694 | EI38: =EI6 -> 2173 | EJ38: =EJ6 -> 1166 | EK38: =EK6 -> 371 | EL38: =SUM(EI38:EK38) -> 3710 | EM38: =EE38+EL38 -> 28300.064 | EN38: =EG38+$EN$1 -> 1067.9269 | EO38: =EO12 -> 50 | EP38: =EN38+EO38 -> 1117.9269 | ER38: =SUM(DV38,EA38,DX38:DZ38)/$EG$1 -> 571.87903 | ES38: =(SUM(DW38,EB38,EC38,EI38:EK38))/$EG$1 -> 496.04791 | ET38: =EO38 -> 50 | EU38: =SUM(ER38:ET38) -> 1117.9269 | EW38: =SUM(DV38,DZ38,EA38) -> 15154.794 | EX38: =(SUM(DW38,EB38,EC38,EI38:EK38))+EO38*$EG$1 -> 14470.27 | EY38: =EO38*$EG$1 -> 1325 | EZ38: =SUM(EW38:EX38) -> 29625.064 | FB38: =DV38/$EG$1 -> 571.87903 | FC38: =SUM(DX38:EA38)/$EG$1 -> 0 | FD38: =(SUM(EL38,EP38,EQ38,EV38:EX38))/$EG$1 -> 1300.1129 | FE38: =SUM(EI38:EK38)/$EG$1 -> 140 | FF38: =ET38 -> 50 | FG38: =SUM(FB38:FD38) -> 1871.9919 | FH38: =FG38-EU38 -> 754.06495 | FI38: =DV38 -> 15154.794 | FJ38: =SUM(DX38:EA38) -> 0 | FK38: =SUM(DW38,EB38,EC38) -> 9435.2697 | FL38: =SUM(EI38:EK38) -> 3710 | FM38: =EY38 -> 1325 | FN38: =SUM(FI38:FM38) -> 29625.064 | FP38: =(FF38+FE38)/FG38 -> 0.10149617 | FQ38: =FF38/FG38 -> 0.026709517 | FS38: =FS37 -> 0 | FT38: =FS38-SUM(FB38:FD38) -> -1871.9919 | FU38: =FT38/FS38 -> #DIV/0! | FV38: =FS38-FG38 -> -1871.9919 | FW38: =FV38/FS38 -> #DIV/0!
M39: CF | N39: =(($E$5+$H$5)*$G$5/(1-$G$5)+$H$5)*$L$43 -> 144.96383 | Q39: PB giá trị B0 => B1 | R39: HH B0 => B1 | S39: CFPL | T39: Check | Z39: PB giá trị B0 => B1 | AA39: HH B0 => B1 | AB39: CFPL | AC39: Check | AH39: PB giá trị B1=>A0_DT | AI39: HH B1=>A0_DT | AJ39: CFPL B1=>A0_DT | AK39: Check | AZ39: 8000 | BA39: 0.0054004561 | BB39: =AZ39*BA39 -> 43.203649 | BC39: Phó Sản PET Đầu Keo | CY39: =LEFT($CH$2,3)&" "&RIGHT($BK$12,2)&"_"&"A"&"3"&" DT" -> Vảy B5_A3 DT | DA39: Min | DB39: =DB35*$CZ$40 -> 9894.0531 | DC39: =DC35*$CZ$40 -> 7036.5399 | DD39: =DD35*$CZ$40 -> 1868.1079 | DE39: =DE35*$CZ$40 -> 1225.5969 | DF39: =DF35*$CZ$40 -> 764.31351 | DG39: =DG37*$CZ$40 -> -251.85866 | DH39: =DH35*$CZ$40 -> -293.7 | DI39: =DI35*$CZ$40 -> 989.40531 | DK39: =SUM(DC39:DI39) -> 11338.405 | DL39: =DK39/$CU$2 -> 427.86434 | DM39: =$CV$2+DL39 -> 497.86434 | DN39: =DM39/$DM$39 -> 1 | DQ39: =AX228 -> 30% Vảy PET Mix B2-B3-B7 + 70% Vảy PET B6.2_A3.1 | DT39: Max
M40: CF sau PB | N40: =N38+N39 -> 501.93288 | Z40: =Q41/$Z$42 -> 11777.27 | AA40: =R41/$Z$42 -> 1655.9976 | AB40: =S41/$Z$42 -> 3126.7088 | AC40: =Z41-Z40-AA40-AB40 -> 0 | AH40: =Z40/$AH$42 -> 12525.013 | AI40: =AA40/$AH$42 -> 1761.1375 | AJ40: =AB40/$AH$42 -> 3325.2247 | AK40: =AH41-AH40-AI40-AJ40 -> 0 | CZ40: 0.6 | DA40: Max | DB40: =DB36*$CZ$40 -> 9894.0531 | DC40: =DC36*$CZ$40 -> 7036.5399 | DD40: =DD36*$CZ$40 -> 1868.1079 | DE40: =DE36*$CZ$40 -> 1944.5516 | DF40: =DF36*$CZ$40 -> 966.50896 | DG40: =DG38*$CZ$40 -> -229.94696 | DH40: =DH36*$CZ$40 -> -293.7 | DI40: =DI36*$CZ$40 -> 989.40531 | DK40: =SUM(DC40:DI40) -> 12281.467 | DL40: =DK40/$CU$2 -> 463.45157 | DM40: =$CV$2+DL40 -> 533.45157 | DR40: Hạt WSS03NC | DU40: =BZ14*0.89+BZ10*0.11 -> 17576.832 | DV40: =DV6 -> 15154.794 | DW40: =DW6 -> 7434.3303 | EB40: =EB6 -> 2000.9394 | EC40: =EC6 -> 0 | EE40: =SUM(DV40:EC40) -> 24590.064 | EF40: 24986.473 | EG40: =EE40/$EG$1 -> 927.92694 | EI40: =EI6 -> 2173 | EJ40: =EJ6 -> 1166 | EK40: =EK6 -> 371 | EL40: =SUM(EI40:EK40) -> 3710 | EM40: =EE40+EL40 -> 28300.064 | EN40: =EG40+$EN$1 -> 1067.9269 | EO40: =EO38 -> 50 | EP40: =EN40+EO40 -> 1117.9269 | ER40: =SUM(DV40,EA40,DX40:DZ40)/$EG$1 -> 571.87903 | ES40: =(SUM(DW40,EB40,EC40,EI40:EK40))/$EG$1 -> 496.04791 | ET40: =EO40 -> 50 | EU40: =SUM(ER40:ET40) -> 1117.9269 | EW40: =SUM(DV40,DZ40,EA40) -> 15154.794 | EX40: =(SUM(DW40,EB40,EC40,EI40:EK40))+EO40*$EG$1 -> 14470.27 | EY40: =EO40*$EG$1 -> 1325 | EZ40: =SUM(EW40:EX40) -> 29625.064 | FB40: =DV40/$EG$1 -> 571.87903 | FC40: =SUM(DX40:EA40)/$EG$1 -> 0 | FD40: =(SUM(EL40,EP40,EQ40,EV40:EX40))/$EG$1 -> 1300.1129 | FE40: =SUM(EI40:EK40)/$EG$1 -> 140 | FF40: =ET40 -> 50 | FG40: =SUM(FB40:FD40) -> 1871.9919 | FH40: =FG40-EU40 -> 754.06495 | FI40: =DV40 -> 15154.794 | FJ40: =SUM(DX40:EA40) -> 0 | FK40: =SUM(DW40,EB40,EC40) -> 9435.2697 | FL40: =SUM(EI40:EK40) -> 3710 | FM40: =EY40 -> 1325 | FN40: =SUM(FI40:FM40) -> 29625.064 | FP40: =(FF40+FE40)/FG40 -> 0.10149617 | FQ40: =FF40/FG40 -> 0.026709517 | FS40: =FS39 -> 0 | FT40: =FS40-SUM(FB40:FD40) -> -1871.9919 | FU40: =FT40/FS40 -> #DIV/0! | FV40: =FS40-FG40 -> -1871.9919 | FW40: =FV40/FS40 -> #DIV/0!
M41: Giá B2.2 | N41: =N40/($J$43/(1-$G$5))*1000 -> 15057.986 | O41: ='Giá mua Chai-Vảy'!E15 -> 14800 | P41: =N41-O41 -> 257.98648 | Q41: ='Giá mua Chai-Vảy (Giá giảm)'!I25 -> 10709.072 | R41: ='Giá mua Chai-Vảy (Giá giảm)'!K25 -> 1505.7986 | S41: ='Giá mua Chai-Vảy (Giá giảm)'!L25 -> 2843.1163 | T41: =N41-Q41-R41-S41 -> 0 | Z41: =N41/Z42 -> 16559.976 | AA41: =Z41-AA48 -> 15852.531 | AH41: =Z41/AH42 -> 17611.375 | AI41: =AH41-AI50 -> 17565.385 | AJ41: =V43 -> 0.03 | AK41: =N41/AK42 -> 17611.375 | BZ41: =$AK42 -> 0.85501479 | DQ41: 89% B6.2 + 11% B4 | DR41: Hạt WSS04NC | DU41: =BZ14*0.95+BZ10*0.05 -> 17716.817 | DV41: =DV6 -> 15154.794 | DW41: =DW6 -> 7434.3303 | EB41: =EB6 -> 2000.9394 | EC41: =EC6 -> 0 | EE41: =SUM(DV41:EC41) -> 24590.064 | EF41: 24986.473 | EG41: =EE41/$EG$1 -> 927.92694 | EI41: =EI6 -> 2173 | EJ41: =EJ6 -> 1166 | EK41: =EK6 -> 371 | EL41: =SUM(EI41:EK41) -> 3710 | EM41: =EE41+EL41 -> 28300.064 | EN41: =EG41+$EN$1 -> 1067.9269 | EO41: =EO40 -> 50 | EP41: =EN41+EO41 -> 1117.9269 | ER41: =SUM(DV41,EA41,DX41:DZ41)/$EG$1 -> 571.87903 | ES41: =(SUM(DW41,EB41,EC41,EI41:EK41))/$EG$1 -> 496.04791 | ET41: =EO41 -> 50 | EU41: =SUM(ER41:ET41) -> 1117.9269 | EW41: =SUM(DV41,DZ41,EA41) -> 15154.794 | EX41: =(SUM(DW41,EB41,EC41,EI41:EK41))+EO41*$EG$1 -> 14470.27 | EY41: =EO41*$EG$1 -> 1325 | EZ41: =SUM(EW41:EX41) -> 29625.064 | FB41: =DV41/$EG$1 -> 571.87903 | FC41: =SUM(DX41:EA41)/$EG$1 -> 0 | FD41: =(SUM(EL41,EP41,EQ41,EV41:EX41))/$EG$1 -> 1300.1129 | FE41: =SUM(EI41:EK41)/$EG$1 -> 140 | FF41: =ET41 -> 50 | FG41: =SUM(FB41:FD41) -> 1871.9919 | FH41: =FG41-EU41 -> 754.06495 | FI41: =DV41 -> 15154.794 | FJ41: =SUM(DX41:EA41) -> 0 | FK41: =SUM(DW41,EB41,EC41) -> 9435.2697 | FL41: =SUM(EI41:EK41) -> 3710 | FM41: =EY41 -> 1325 | FN41: =SUM(FI41:FM41) -> 29625.064 | FP41: =(FF41+FE41)/FG41 -> 0.10149617 | FQ41: =FF41/FG41 -> 0.026709517 | FS41: =FS40 -> 0 | FT41: =FS41-SUM(FB41:FD41) -> -1871.9919 | FU41: =FT41/FS41 -> #DIV/0! | FV41: =FS41-FG41 -> -1871.9919 | FW41: =FV41/FS41 -> #DIV/0!
Z42: =SUM(Z43:Z44) -> 0.9093 | AH42: =SUM(AH43:AH48) -> 0.9403 | AK42: =Z42*AH42 -> 0.85501479 | BS42: =N41 -> 15057.986 | BZ42: =AK41 -> 17611.375 | CZ42: NRV | DQ42: 95% B6.2 + 5% B4 | DR42: Hạt WSS04SB | DU42: =BZ6 -> 19031.54 | DV42: =DV6 -> 15154.794 | DW42: =DW6 -> 7434.3303 | EB42: =EB6 -> 2000.9394 | EC42: =EC6 -> 0 | EE42: =SUM(DV42:EC42) -> 24590.064 | EF42: 24986.473 | EG42: =EE42/$EG$1 -> 927.92694 | EI42: =EI6 -> 2173 | EJ42: =EJ6 -> 1166 | EK42: =EK6 -> 371 | EL42: =SUM(EI42:EK42) -> 3710 | EM42: =EE42+EL42 -> 28300.064 | EN42: =EG42+$EN$1 -> 1067.9269 | EO42: =EO40 -> 50 | EP42: =EN42+EO42 -> 1117.9269 | ER42: =SUM(DV42,EA42,DX42:DZ42)/$EG$1 -> 571.87903 | ES42: =(SUM(DW42,EB42,EC42,EI42:EK42))/$EG$1 -> 496.04791 | ET42: =EO42 -> 50 | EU42: =SUM(ER42:ET42) -> 1117.9269 | EW42: =SUM(DV42,DZ42,EA42) -> 15154.794 | EX42: =(SUM(DW42,EB42,EC42,EI42:EK42))+EO42*$EG$1 -> 14470.27 | EY42: =EO42*$EG$1 -> 1325 | EZ42: =SUM(EW42:EX42) -> 29625.064 | FB42: =DV42/$EG$1 -> 571.87903 | FC42: =SUM(DX42:EA42)/$EG$1 -> 0 | FD42: =(SUM(EL42,EP42,EQ42,EV42:EX42))/$EG$1 -> 1300.1129 | FE42: =SUM(EI42:EK42)/$EG$1 -> 140 | FF42: =ET42 -> 50 | FG42: =SUM(FB42:FD42) -> 1871.9919 | FH42: =FG42-EU42 -> 754.06495 | FI42: =DV42 -> 15154.794 | FJ42: =SUM(DX42:EA42) -> 0 | FK42: =SUM(DW42,EB42,EC42) -> 9435.2697 | FL42: =SUM(EI42:EK42) -> 3710 | FM42: =EY42 -> 1325 | FN42: =SUM(FI42:FM42) -> 29625.064 | FP42: =(FF42+FE42)/FG42 -> 0.10149617 | FQ42: =FF42/FG42 -> 0.026709517 | FS42: =FS41 -> 0 | FT42: =FS42-SUM(FB42:FD42) -> -1871.9919 | FU42: =FT42/FS42 -> #DIV/0! | FV42: =FS42-FG42 -> -1871.9919 | FW42: =FV42/FS42 -> #DIV/0!
E43: Chai B0 | H43: Phân loại | J43: 30 | K43: 0.03 | L43: ='Giá mua Chai-Vảy (Giá giảm)'!H15 -> 0.031590181 | N43: Chai B2.2 | S43: Chai B2.2 | V43: 0.03 | W43: Băm | Z43: 0.9093 | AB43: Chai 2.2 chưa rửa | AE43: Rửa | AG43: =$AI$41*$AI43 -> 17565.385 | AH43: 0.341 | AI43: 100% | AJ43: Vảy B2.2_A1 DT | AM43: Tạo mẫu | AP43: Thành phẩm | CZ43: =AH124 -> 0.9212 | DP43: Hyosung | DQ43: 100%B1.A1,A2 | DR43: Hạt WSS05SB (sợi ngắn) | DU43: =BZ14*0.95+BZ8*0.05 -> 17769.797 | DV43: =DV6 -> 15154.794 | DW43: =DW6 -> 7434.3303 | EB43: =EB6 -> 2000.9394 | EC43: =EC6 -> 0 | EE43: =SUM(DV43:EC43) -> 24590.064 | EF43: 24986.473 | EG43: =EE43/$EG$1 -> 927.92694 | EI43: =EI6 -> 2173 | EJ43: =EJ6 -> 1166 | EK43: =EK6 -> 371 | EL43: =SUM(EI43:EK43) -> 3710 | EM43: =EE43+EL43 -> 28300.064 | EN43: =EG43+$EN$1 -> 1067.9269 | EO43: =EO41 -> 50 | EP43: =EN43+EO43 -> 1117.9269 | ER43: =SUM(DV43,EA43,DX43:DZ43)/$EG$1 -> 571.87903 | ES43: =(SUM(DW43,EB43,EC43,EI43:EK43))/$EG$1 -> 496.04791 | ET43: =EO43 -> 50 | EU43: =SUM(ER43:ET43) -> 1117.9269 | EW43: =SUM(DV43,DZ43,EA43) -> 15154.794 | EX43: =(SUM(DW43,EB43,EC43,EI43:EK43))+EO43*$EG$1 -> 14470.27 | EY43: =EO43*$EG$1 -> 1325 | EZ43: =SUM(EW43:EX43) -> 29625.064 | FB43: =DV43/$EG$1 -> 571.87903 | FC43: =SUM(DX43:EA43)/$EG$1 -> 0 | FD43: =(SUM(EL43,EP43,EQ43,EV43:EX43))/$EG$1 -> 1300.1129 | FE43: =SUM(EI43:EK43)/$EG$1 -> 140 | FF43: =ET43 -> 50 | FG43: =SUM(FB43:FD43) -> 1871.9919 | FH43: =FG43-EU43 -> 754.06495 | FI43: =DV43 -> 15154.794 | FJ43: =SUM(DX43:EA43) -> 0 | FK43: =SUM(DW43,EB43,EC43) -> 9435.2697 | FL43: =SUM(EI43:EK43) -> 3710 | FM43: =EY43 -> 1325 | FN43: =SUM(FI43:FM43) -> 29625.064 | FP43: =(FF43+FE43)/FG43 -> 0.10149617 | FQ43: =FF43/FG43 -> 0.026709517 | FS43: =FS42 -> 0 | FT43: =FS43-SUM(FB43:FD43) -> -1871.9919 | FU43: =FT43/FS43 -> #DIV/0! | FV43: =FS43-FG43 -> -1871.9919 | FW43: =FV43/FS43 -> #DIV/0!
CY44: =LEFT($CH$2,3)&" "&RIGHT(BK14,5)&"_"&RIGHT($CH$2,3)&" DT" -> Vảy B6.2_ A1 DT | DA44: Min | DB44: =BZ14/CZ43 -> 19358.957 | DC44: =CL14 -> 13767.874 | DD44: =CM14 -> 3655.1877 | DE44: =CN14 -> 2024.4789 | DF44: =CO14 -> 1273.8558 | DG44: =CP14 -> -855.64167 | DH44: =CQ14 -> -239.66667 | DI44: =CR14 -> 1935.8957 | DK44: =SUM(DC44:DI44) -> 21561.984 | DL44: =DK44/$CU$2 -> 813.65976 | DM44: =$CV$2+DL44 -> 883.65976 | DN44: =DM44/$DM$48 -> 1.5721512 | DQ44: 95% B6.2 + 5% B4
AG45: =$AI$41*$AI45 -> 14052.308 | AH45: 0.466 | AI45: 80% | AJ45: Vảy B2.2_A2 DT | AZ45: =AZ47-AZ46 -> 1051.4867 | BB45: NRV | BC45: ='Hảo_R&D (Vảy sạch)'!BR3 -> 0.13333333 | CZ45: 1 | DA45: Max | DB45: =DB44 -> 19358.957 | DC45: =DC44 -> 13767.874 | DD45: =AJ122 -> 3655.1877 | DE45: =+CC15 -> 3240.9193 | DF45: =DF29 -> 1610.8483 | DG45: =CP15 -> -855.64167 | DH45: =DH44 -> -239.66667 | DI45: =DI44 -> 1935.8957 | DK45: =SUM(DC45:DI45) -> 23115.416 | DL45: =DK45/$CU$2 -> 872.27986 | DM45: =$CV$2+DL45 -> 942.27986 | DR45: Vảy FPET 201 | DT45: Min | DU45: =BZ6*0.15+BZ14*0.65+BZ8*0.2 -> 17758.483 | DV45: =DV6 -> 15154.794 | DW45: =DW6 -> 7434.3303 | EE45: =SUM(DV45:EC45) -> 22589.125 | EF45: 24986.473 | EG45: =EE45/$EG$1 -> 852.4198 | EI45: =EI6 -> 2173 | EJ45: =EJ6 -> 1166 | EK45: =EK6 -> 371 | EL45: =SUM(EI45:EK45) -> 3710 | EM45: =EE45+EL45 -> 26299.125 | EN45: =EG45+$EN$1/2 -> 922.4198 | EO45: =EO43 -> 50 | EP45: =EN45+EO45 -> 972.4198 | ER45: =SUM(DV45,EA45,DX45:DZ45)/$EG$1 -> 571.87903 | ES45: =(SUM(DW45,EB45,EC45,EI45:EK45))/$EG$1 -> 420.54077 | ET45: =EO45 -> 50 | EU45: =SUM(ER45:ET45) -> 1042.4198 | EW45: =SUM(DV45,DZ45,EA45) -> 15154.794 | EX45: =(SUM(DW45,EB45,EC45,EI45:EK45))+EO45*$EG$1 -> 12469.33 | EY45: =EO45*$EG$1 -> 1325 | EZ45: =SUM(EW45:EX45) -> 27624.125 | FB45: =DV45/$EG$1 -> 571.87903 | FC45: =SUM(DX45:EA45)/$EG$1 -> 0 | FD45: =(SUM(EL45,EP45,EQ45,EV45:EX45))/$EG$1 -> 1219.1149 | FE45: =SUM(EI45:EK45)/$EG$1 -> 140 | FF45: =ET45 -> 50 | FG45: =SUM(FB45:FD45) -> 1790.9939 | FH45: =FG45-EU45 -> 748.57412 | FI45: =DV45 -> 15154.794 | FJ45: =SUM(DX45:EA45) -> 0 | FK45: =SUM(DW45,EB45,EC45) -> 7434.3303 | FL45: =SUM(EI45:EK45) -> 3710 | FM45: =EY45 -> 1325 | FN45: =SUM(FI45:FM45) -> 27624.125 | FP45: =(FF45+FE45)/FG45 -> 0.10608635 | FQ45: =FF45/FG45 -> 0.02791746 | FS45: =FS44 -> 0 | FT45: =FS45-SUM(FB45:FD45) -> -1790.9939 | FU45: =FT45/FS45 -> #DIV/0! | FV45: =FS45-FG45 -> -1790.9939 | FW45: =FV45/FS45 -> #DIV/0!
AZ46: =($AI$5*0.855+$AI$41*0.095+$AI$5*0.05)/BA46 -> 20954.977 | BA46: =SUM(BA47:BA49,BA53) -> 0.95235331 | BB46: =SUM(BA47*BB47,BA49*BB49,BA53*BB53) -> 1.0395787 | BD46: =(0.855*AK6+AK42*0.095+0.05*AK6)*BA46 -> 0.77389943 | BE46: =($N$5/BD46)*0.905+($N$41/BD46)*0.095 -> 21241.972 | BF46: =BE46-AZ46 -> 286.99492 | CY46: =LEFT($CH$2,3)&" "&RIGHT($BK$14,5)&"_"&"A"&"2"&" DT" -> Vảy B6.2_A2 DT | DA46: Min | DB46: =DB44*$CZ$47 -> 15487.166 | DC46: =DC44*$CZ$47 -> 11014.299 | DD46: =DD44*$CZ$47 -> 2924.1502 | DE46: =DE44*$CZ$47 -> 1619.5831 | DF46: =DF44*$CZ$47 -> 1019.0847 | DG46: =DG44*$CZ$47 -> -684.51333 | DH46: =DH44*$CZ$47 -> -191.73333 | DI46: =DI44*$CZ$47 -> 1548.7166 | DK46: =SUM(DC46:DI46) -> 17249.587 | DL46: =DK46/$CU$2 -> 650.92781 | DM46: =$CV$2+DL46 -> 720.92781 | DN46: =DM46/$DM$48 -> 1.2826289 | DP46: Vảy FPET 201 | DQ46: 15% B1-A2.2 DT/MN + 65% B6.2-A1/A2 + 20% B5 | DT46: Max
AG47: =$AI$41*$AI47 -> 10539.231 | AH47: 0.1333 | AI47: 60% | AJ47: Vảy B2.2_A3 DT | AZ47: =$AZ$46/$BB$46*BB47 -> 22006.464 | BA47: 0.9470329 | BB47: =BB9 -> 1.0917431 | BC47: Hạt nhựa rPET iSS01G 1 | CZ47: 0.8 | DA47: Max | DB47: =DB45*$CZ$47 -> 15487.166 | DC47: =DC45*$CZ$47 -> 11014.299 | DD47: =DD45*$CZ$47 -> 2924.1502 | DE47: =DE45*$CZ$47 -> 2592.7354 | DF47: =DF45*$CZ$47 -> 1288.6786 | DG47: =DG45*$CZ$47 -> -684.51333 | DH47: =DH45*$CZ$47 -> -191.73333 | DI47: =DI45*$CZ$47 -> 1548.7166 | DK47: =SUM(DC47:DI47) -> 18492.333 | DL47: =DK47/$CU$2 -> 697.82389 | DM47: =$CV$2+DL47 -> 767.82389
U48: =Z48+AH50 -> 0.10080832 | Z48: =SUM(Z49:Z66) -> 0.090660916 | AA48: =SUM(AA49:AA65) -> 707.44548 | AZ48: =AZ47-AZ49 -> 554.7848 | CY48: =LEFT($CH$2,3)&" "&RIGHT($BK$14,5)&"_"&"A"&"3"&" DT" -> Vảy B6.2_A3 DT | DA48: Min | DB48: =DB44*$CZ$49 -> 11615.374 | DC48: =DC44*$CZ$49 -> 8260.7242 | DD48: =DD44*$CZ$49 -> 2193.1126 | DE48: =DE44*$CZ$49 -> 1214.6874 | DF48: =DF44*$CZ$49 -> 764.31351 | DG48: =DG46*$CZ$49 -> -410.708 | DH48: =DH44*$CZ$49 -> -143.8 | DI48: =DI44*$CZ$49 -> 1161.5374 | DK48: =SUM(DC48:DI48) -> 13039.867 | DL48: =DK48/$CU$2 -> 492.07046 | DM48: =$CV$2+DL48 -> 562.07046 | DN48: =DM48/$DM$48 -> 1 | DR48: Hạt WSS01G-Nia | DT48: Min | DU48: =BZ6*0.9+BZ14*0.2 -> 20695.08 | DV48: =DV6 -> 15154.794 | DW48: =DW6 -> 7434.3303 | EB48: =EB6 -> 2000.9394 | EC48: =EC6 -> 0 | EE48: =SUM(DV48:EC48) -> 24590.064 | EG48: =EE48/$EG$1 -> 927.92694 | EI48: =EI6 -> 2173 | EJ48: =EJ6 -> 1166 | EK48: =EK6 -> 371 | EL48: =SUM(EI48:EK48) -> 3710 | EM48: =EE48+EL48 -> 28300.064 | EN48: =EG48+$EN$1 -> 1067.9269 | EO48: =EO10 -> 50 | EP48: =EN48+EO48 -> 1117.9269 | ER48: =SUM(DV48,EA48,DX48:DZ48)/$EG$1 -> 571.87903 | ES48: =(SUM(DW48,EB48,EC48,EI48:EK48))/$EG$1 -> 496.04791 | ET48: =EO48 -> 50 | EU48: =SUM(ER48:ET48) -> 1117.9269 | EW48: =SUM(DV48,DZ48,EA48) -> 15154.794 | EX48: =(SUM(DW48,EB48,EC48,EI48:EK48))+EO48*$EG$1 -> 14470.27 | EY48: =EO48*$EG$1 -> 1325 | EZ48: =SUM(EW48:EX48) -> 29625.064 | FB48: =DV48/$EG$1 -> 571.87903 | FC48: =SUM(DX48:EA48)/$EG$1 -> 0 | FD48: =(SUM(EL48,EP48,EQ48,EV48:EX48))/$EG$1 -> 1300.1129 | FE48: =SUM(EI48:EK48)/$EG$1 -> 140 | FF48: =ET48 -> 50 | FG48: =SUM(FB48:FD48) -> 1871.9919 | FH48: =FG48-EU48 -> 754.06495 | FI48: =DV48 -> 15154.794 | FJ48: =SUM(DX48:EA48) -> 0 | FK48: =SUM(DW48,EB48,EC48) -> 9435.2697 | FL48: =SUM(EI48:EK48) -> 3710 | FM48: =EY48 -> 1325 | FN48: =SUM(FI48:FM48) -> 29625.064 | FP48: =(FF48+FE48)/FG48 -> 0.10149617 | FQ48: =FF48/FG48 -> 0.026709517 | FS48: =FS47 -> 0 | FT48: =FS48-SUM(FB48:FD48) -> -1871.9919 | FU48: =FT48/FS48 -> #DIV/0! | FV48: =FS48-FG48 -> -1871.9919 | FW48: =FV48/FS48 -> #DIV/0!
Y49: =Y13 -> 10000 | Z49: 0.04173 | AA49: =Y49*Z49 -> 417.3 | AB49: Phó Sản PET B2 Vảy-Nắp | AX49: 85.5% B1-A1/A2 MN + 9.5% B2.2-A1/A2 + 5% Hạt WSS03G PL | AZ49: =$AZ$46/$BB$46*BB49 -> 21451.679 | BA49: 0.0053204096 | BB49: =BB11 -> 1.0642202 | BC49: Hạt nhựa rPET WSS01G 1 | CZ49: 0.6 | DA49: Max | DB49: =DB45*$CZ$49 -> 11615.374 | DC49: =DC45*$CZ$49 -> 8260.7242 | DD49: =DD45*$CZ$49 -> 2193.1126 | DE49: =DE45*$CZ$49 -> 1944.5516 | DF49: =DF45*$CZ$49 -> 966.50896 | DG49: =DG47*$CZ$49 -> -410.708 | DH49: =DH45*$CZ$49 -> -143.8 | DI49: =DI45*$CZ$49 -> 1161.5374 | DK49: =SUM(DC49:DI49) -> 13971.927 | DL49: =DK49/$CU$2 -> 527.24252 | DM49: =$CV$2+DL49 -> 597.24252 | DP49: Niagara | DQ49: 90%B1.A1,A2 +10% B6.2-A1/A2 | DT49: Max
AH50: =SUM(AH51:AH59) -> 0.010147403 | AI50: =SUM(AI51:AI60) -> 45.990237 | DR50: Hạt WSS03SB | EO50: =EO40 -> 50 | EP50: =EN50+EO50 -> 50 | ER50: =SUM(DV50,DZ50,EA50)/$EG$1 -> 0 | ES50: =(SUM(DW50,EB50,EC50,EI50:EK50))/$EG$1 -> 0 | EU50: =SUM(ER50:ES50) -> 0 | EW50: =SUM(DV50,DZ50,EA50) -> 0 | EX50: =(SUM(DW50,EB50,EC50,EI50:EK50))+EO50*$EG$1 -> 1325 | EZ50: =SUM(EW50:EX50) -> 1325 | FB50: =SUM(EK50,EN50,EO50)/$EG$1 -> 1.8867925 | FD50: =(SUM(EL50,EP50,EQ50,EV50:EX50))/$EG$1 -> 51.886792 | FG50: =SUM(FB50:FD50) -> 53.773585 | FI50: =DV50 -> 0 | FJ50: =SUM(DX50:EA50) -> 0 | FK50: =SUM(DW50,EB50,EC50) -> 0 | FL50: =SUM(EI50:EK50) -> 0 | FM50: =EY50 -> 0 | FN50: =SUM(FI50:FM50) -> 0
Y51: 12000 | Z51: 0.008873 | AA51: =Y51*Z51 -> 106.476 | AB51: Chai PET B4/B5/B6 sau phân loại | AG51: =AG33 -> 4500 | AH51: 0.0019230708 | AI51: =AG51*AH51 -> 8.6538184 | AJ51: Phó Sản PET Bụi Cám Sau Sàn Rung | BA51: 0.0053204096 | BC51: Hạt Nhựa rPET iSS01G 1 PL | DR51: Hạt WSS04SB | EO51: =EO41 -> 50 | EP51: =EN51+EO51 -> 50 | ER51: =SUM(DV51,DZ51,EA51)/$EG$1 -> 0 | ES51: =(SUM(DW51,EB51,EC51,EI51:EK51))/$EG$1 -> 0 | EU51: =SUM(ER51:ES51) -> 0 | EW51: =SUM(DV51,DZ51,EA51) -> 0 | EX51: =(SUM(DW51,EB51,EC51,EI51:EK51))+EO51*$EG$1 -> 1325 | EZ51: =SUM(EW51:EX51) -> 1325 | FB51: =SUM(EK51,EN51,EO51)/$EG$1 -> 1.8867925 | FD51: =(SUM(EL51,EP51,EQ51,EV51:EX51))/$EG$1 -> 51.886792 | FG51: =SUM(FB51:FD51) -> 53.773585 | FI51: =DV51 -> 0 | FJ51: =SUM(DX51:EA51) -> 0 | FK51: =SUM(DW51,EB51,EC51) -> 0 | FL51: =SUM(EI51:EK51) -> 0 | FM51: =EY51 -> 0 | FN51: =SUM(FI51:FM51) -> 0
AZ52: =AZ49-AZ53 -> 554.7848
Y53: =Y15 -> 2000 | Z53: 0.014863672 | AA53: =Y53*Z53 -> 29.727344 | AB53: Phó Sản PET Tromel | AG53: =Y84 -> 6000 | AH53: 0.0019230708 | AI53: =AG53*AH53 -> 11.538425 | AJ53: Phó Sản PET Zigzag Sau Lựa | AZ53: =$AZ$46/$BB$46*BB53 -> 20896.894 | BA53: 0 | BB53: =BB13 -> 1.0366972 | BC53: Hạt nhựa rPET WSS03G
Y55: =Y19 -> 7000 | Z55: 0.016055213 | AA55: =Y55*Z55 -> 112.38649 | AB55: Phó Sản B1/B8 Nắp Chưa Băm | AG55: =AG21 -> 8000 | AH55: 0.0019230708 | AI55: =AG55*AH55 -> 15.384566 | AJ55: Phó Sản PET Tomra Cổng 3
BB56: =SUM(BB57:BB61) -> 227.79358
Y57: =Y13 -> 10000 | Z57: 0.0025637067 | AA57: =Y57*Z57 -> 25.637067 | AB57: PET B1/B8 Vảy-Nắp | AG57: =AG27 -> 4166.6667 | AH57: 0.0014423031 | AI57: =AG57*AH57 -> 6.0095961 | AJ57: Phó Sản PET Bụi Tank D | AZ57: 19065 | BA57: 0.0032406131 | BB57: =AZ57*BA57 -> 61.782289 | BC57: Phó Sản Hạt PET Quét Nền
Y59: =Y17 -> 4166.6667 | Z59: 0.0034959636 | AA59: =Y59*Z59 -> 14.566515 | AB59: Phó Sản PET Bụi Tank A | AG59: =AG112 -> 1500 | AH59: 0.002935888 | AI59: =AG59*AH59 -> 4.403832 | AJ59: Phó Sản PET Bụi LB | AZ59: 6500 | BA59: 0.016164372 | BB59: =AZ59*BA59 -> 105.06842 | BC59: Phó Sản PET HAD
Y61: =Y21 -> -300 | Z61: 0.0022665497 | AA61: =Y61*Z61 -> -0.67996492 | AB61: Nhãn, PVC, OPP… | AG61: =Z41 -> 16559.976 | AH61: 0.0495 | AI61: =AG61*AH61 -> 819.71883 | AJ61: Hao hụt | AZ61: 8000 | BA61: 0.0076178592 | BB61: =AZ61*BA61 -> 60.942873 | BC61: Phó Sản PET Đầu Keo
Y63: =Y23 -> 2500 | Z63: 0.00081281154 | AA63: =Y63*Z63 -> 2.0320289 | AB63: Phế khác (dây, bao, kẽm..)
AZ64: =AZ66-AZ65 -> -935.33293 | BB64: NRV | BC64: ='Hảo_R&D (Vảy sạch)'!BR3 -> 0.13333333
AZ65: =($AI$5*0.6+$AI$123*0.25+$AI$5*0.15+$AI$5*0.05)/BA65 -> 22941.796 | BA65: =SUM(BA66:BA68,BA72) -> 0.913 | BB65: =SUM(BA66*BB66,BA68*BB68,BA72*BB72) -> 0.99084404 | BD65: =(0.6*AK6+AK124*0.25+AK6*0.15+0.05*AK6)*BA65 -> 0.76782533 | BE65: =($N$5/BD65)*0.6+($N$123/BD65)*0.25+($N$5/BD65)*0.15+($N$5/BD65)*0.05 -> 22181.872 | BF65: =BE65-AZ65 -> -759.92407
M66: B0 | N66: =$E$5*$L$71 -> 213.85984 | AZ66: =$AZ$46/$BB$46*BB66 -> 22006.464 | BA66: 0.721 | BB66: =BB26 -> 1.0917431 | BC66: Hạt nhựa rPET iSS01G 2
M67: CF | N67: =(($E$5+$H$5)*$G$5/(1-$G$5)+$H$5)*$L$71 -> 86.847701 | Q67: PB giá trị B0 => B1 | R67: HH B0 => B1 | S67: CFPL | T67: Check | Z67: PB giá trị B0 => B1 | AA67: HH B0 => B1 | AB67: CFPL | AC67: Check | AH67: PB giá trị B1=>A0_DT | AI67: HH B1=>A0_DT | AJ67: CFPL B1=>A0_DT | AK67: Check | AZ67: =AZ66-AZ68 -> 554.7848
L68: NRV | M68: CF sau PB | N68: =N66+N67 -> 300.70754 | Z68: =Q69/$Z$70 -> 11023.703 | AA68: =R69/$Z$70 -> 1550.0389 | AB68: =S69/$Z$70 -> 2926.6468 | AC68: =Z69-Z68-AA68-AB68 -> 0 | AH68: =Z68/$AH$71 -> 12442.103 | AI68: =AA68/$AH$71 -> 1749.4795 | AJ68: =AB68/$AH$71 -> 3303.2131 | AK68: =AH70-AH68-AI68-AJ68 -> 3.6379788e-12 | AQ68: 26.5 | AX68: 15% B3-A5.2_A3 + 60% B1-A1/A2 MN/DT+ 25% B6.2-A3.1/Nạp Star + 5% Hạt WSS03G PL | AZ68: =$AZ$46/$BB$46*BB68 -> 21451.679 | BA68: 0.169 | BB68: =BB30 -> 1.0642202 | BC68: Hạt nhựa rPET WSS01G 2
M69: Giá B4 | N69: =N68/($J$71/(1-$G$5))*1000 -> 13531.839 | O69: ='Giá mua Chai-Vảy'!E16 -> 13300 | P69: =N69-O69 -> 231.8392 | Q69: ='Giá mua Chai-Vảy (Giá giảm)'!I26 -> 9623.6926 | R69: ='Giá mua Chai-Vảy (Giá giảm)'!K26 -> 1353.1839 | S69: ='Giá mua Chai-Vảy (Giá giảm)'!L26 -> 2554.9626 | T69: =N69-Q69-R69-S69 -> 0 | Z69: =N69/Z70 -> 15500.389 | AA69: =Z69-AA73 -> 14827.189 | AI69: NRV | AJ69: =V71 -> 0.02 | AK69: =N69/AK70 -> 17494.795 | AM69: 6000 | AP69: =AK69+AM69 -> 23494.795 | AQ69: =AP69/AQ68 -> 886.59605
Z70: =Z71 -> 0.873 | AH70: =Z69/AH71 -> 17494.795 | AI70: =AH70-AI74 -> 17041.795 | AK70: =AH71*Z71 -> 0.773478 | BA70: 0.017 | BC70: Hạt Nhựa rPET iSS01G 2 PL
E71: Chai B0 | H71: Phân loại | J71: 20 | K71: 0.02 | L71: ='Giá mua Chai-Vảy (Giá giảm)'!H16 -> 0.018925649 | N71: Chai B4 | S71: Chai B4 | V71: 0.02 | W71: Băm | Z71: 0.873 | AB71: Chai 4 chưa rửa 1 | AE71: Rửa | AG71: =AI70 -> 17041.795 | AH71: =SUM(AH72:AH73) -> 0.886 | AJ71: Vảy B4_A1/A2 DT | AM71: Gia công | AP71: Dây Đai | AZ71: =AZ68-AZ72 -> 554.7848
AZ72: =$AZ$46/$BB$46*BB72 -> 20896.894 | BA72: 0.023 | BB72: =BB32 -> 1.0366972 | BC72: Hạt nhựa rPET WSS03G
Z73: =SUM(Z74:Z86) -> 0.106 | AA73: =SUM(AA74:AA87) -> 673.2 | AH73: 0.886 | AI73: 100% | AJ73: Vảy B4_A3 DT
Y74: =Y21 -> -300 | Z74: 0.001 | AA74: =Y74*Z74 -> -0.3 | AB74: Nhãn, PVC, OPP… | AH74: =SUM(AH75:AH85) -> 0.059 | AI74: =SUM(AI75:AI86) -> 453
AG75: 8000 | AH75: 0.005 | AI75: =AG75*AH75 -> 40 | AJ75: Phó Sản PET Tomra Cổng 3 | BB75: =SUM(BB76:BB80) -> 405.5
Y76: =Y19 -> 7000 | Z76: 0.005 | AA76: =Y76*Z76 -> 35 | AB76: Phó Sản B1/B8 Nắp Chưa Băm | AZ76: 19065 | BA76: 0 | BB76: =AZ76*BA76 -> 0 | BC76: Phó Sản Hạt PET Quét Nền
AG77: 10500 | AH77: 0.028 | AI77: =AG77*AH77 -> 294 | AJ77: Phó Sản PET Tuyển nổi 2
Y78: =Y13 -> 10000 | Z78: 0.042 | AA78: =Y78*Z78 -> 420 | AB78: PET B4 Vảy-Nắp | AZ78: 6500 | BA78: 0.039 | BB78: =AZ78*BA78 -> 253.5 | BC78: Phó Sản PET HAD
AG79: =AG51 -> 4500 | AH79: 0.01 | AI79: =AG79*AH79 -> 45 | AJ79: Phó Sản PET Bụi Cám Sau Sàn Rung
Y80: =Y17 -> 4166.6667 | Z80: 0.027 | AA80: =Y80*Z80 -> 112.5 | AB80: Phó Sản PET Bụi Tank A | AZ80: 8000 | BA80: 0.019 | BB80: =AZ80*BA80 -> 152 | BC80: Phó Sản PET Đầu Keo
AG81: =AG25 -> 4166.6667 | AH81: 0.007 | AI81: =AG81*AH81 -> 29.166667 | AJ81: Phó Sản PET Bụi Tank B
Y82: =Y15 -> 2000 | Z82: 0.013 | AA82: =Y82*Z82 -> 26 | AB82: Phó Sản PET Tromel
AG83: =AG27 -> 4166.6667 | AH83: 0.005 | AI83: =AG83*AH83 -> 20.833333 | AJ83: Phó Sản PET Bụi Tank D | BE83: =BE84/BE6 -> 0.09993007
Y84: 6000 | Z84: 0.01 | AA84: =Y84*Z84 -> 60 | AB84: Phó Sản PET Zigzag_sau lựa | AZ84: =AZ86-AZ85 -> 3299.3904 | BB84: NRV | BC84: ='Hảo_R&D (Vảy sạch)'!BR4 -> 0.26666667 | BE84: =BE85-BE6 -> 2129.42
AG85: =AG53 -> 6000 | AH85: 0.004 | AI85: =AG85*AH85 -> 24 | AJ85: Phó Sản PET Zigzag_Sau lựa | AZ85: =($AI$5)/BA85 -> 23080.881 | BA85: =SUM(BA86:BA88) -> 0.8755102 | BB85: =SUM(BA86*BB86,BA88*BB88) -> 0.93111777 | BD85: =AK6*BA85 -> 0.70755888 | BE85: =($N$5/BD85) -> 23438.521 | BF85: =BE85-AZ85 -> 357.63989
Y86: =Y23 -> 2500 | Z86: 0.008 | AA86: =Y86*Z86 -> 20 | AB86: Phế khác | AZ86: =$AZ$85/$BB$85*BB86 -> 26380.272 | BA86: 0.85306122 | BB86: =BB11 -> 1.0642202 | BC86: Hạt nhựa rPET WSS01G 1
AG87: =Z69 -> 15500.389 | AH87: 0.032 | AI87: =AG87*AH87 -> 496.01243 | AJ87: Hao hụt | AZ87: =AZ86-AZ88 -> 682.2484
Y88: =N69 -> 13531.839 | Z88: 0.021 | AA88: =Y88*Z88 -> 284.16862 | AB88: Hao hụt | AT88: Tạo hạt WSS01G | AX88: 100% B1.2_A2 DT (STAR 1) | AZ88: =$AZ$85/$BB$85*BB88 -> 25698.023 | BA88: 0.02244898 | BB88: =BB13 -> 1.0366972 | BC88: Hạt nhựa rPET WSS03G
BA90: 0.044897959 | BC90: Hạt Nhựa rPET WSS01G 1 PL
M91: B0 | N91: =$E$5*$L$96 -> 213.85984 | AI91: NRV
M92: CF | N92: =(($E$5+$H$5)*$G$5/(1-$G$5)+$H$5)*$L$96 -> 86.847701 | Q92: PB giá trị B0 => B1 | R92: HH B0 => B1 | S92: CFPL | T92: Check | Z92: PB giá trị B0 => B1 | AA92: HH B0 => B1 | AB92: CFPL | AC92: Check | AH92: PB giá trị B1=>A0_DT | AI92: HH B1=>A0_DT | AJ92: CFPL B1=>A0_DT | AK92: Check
M93: CF sau PB | N93: =N91+N92 -> 300.70754 | Z93: =Q94/$Z$95 -> 10707.268 | AA93: =R94/$Z$95 -> 1505.5451 | AB93: =S94/$Z$95 -> 2842.6376 | AC93: =Z94-Z93-AA93-AB93 -> 0 | AH93: =Z93/$AH$95 -> 11727.566 | AI93: =AA93/$AH$95 -> 1649.0089 | AJ93: =AB93/$AH$95 -> 3113.5132 | AK93: =AH94-AH93-AI93-AJ93 -> 0 | BB93: =SUM(BB94:BB98) -> 616.83673
M94: Giá B5 | N94: =N93/($J$96/(1-$G$5))*1000 -> 13531.839 | O94: ='Giá mua Chai-Vảy'!E17 -> 13300 | P94: =N94-O94 -> 231.8392 | Q94: ='Giá mua Chai-Vảy (Giá giảm)'!I27 -> 9623.6926 | R94: ='Giá mua Chai-Vảy (Giá giảm)'!K27 -> 1353.1839 | S94: ='Giá mua Chai-Vảy (Giá giảm)'!L27 -> 2554.9626 | T94: =N94-Q94-R94-S94 -> 0 | Z94: =N94/Z95 -> 15055.451 | AA94: =Z94-AA101 -> 14576.395 | AH94: =Z94/AH95 -> 16490.089 | AI94: =AH94-AI103 -> 16000.589 | AJ94: =V96 -> 0.02 | AK94: =N94/AK95 -> 16490.089 | AZ94: 6500 | BA94: 0.021428571 | BB94: =AZ94*BA94 -> 139.28571 | BC94: Phó Sản PET HAD
Z95: =SUM(Z96:Z99) -> 0.8988 | AH95: =SUM(AH96:AH101) -> 0.913 | AK95: =Z95*AH95 -> 0.8206044
E96: Chai B0 | H96: Phân loại | J96: 20 | K96: 0.02 | L96: ='Giá mua Chai-Vảy (Giá giảm)'!H17 -> 0.018925649 | N96: Chai B5 | S96: Chai B5 | V96: 0.02 | W96: Băm | Z96: 0.5913 | AB96: Chai B5 chưa rửa 1 | AE96: Rửa | AG96: =$AI$94*$AI96 -> 16000.589 | AH96: 0.075 | AI96: 100% | AJ96: Vảy B5_A1 DT | AM96: Tạo mẫu | AP96: Thành phẩm | AZ96: 14000 | BA96: 0.02244898 | BB96: =AZ96*BA96 -> 314.28571 | BC96: Phó Sản PET Hạt Chưa Kết Tinh
Z98: 0.3075 | AB98: Chai B5 chưa rửa 2 | AG98: =$AI$94*$AI98 -> 12800.471 | AH98: 0.769 | AI98: 80% | AJ98: Vảy B5_A2 DT | AZ98: 8000 | BA98: 0.020408163 | BB98: =AZ98*BA98 -> 163.26531 | BC98: Phó Sản PET Đầu Keo
AG100: =$AI$94*$AI100 -> 9600.3531 | AH100: 0.069 | AI100: 60% | AJ100: Vảy B5_A3 DT
U101: =Z101+AH103 -> 0.13771281 | Z101: =SUM(Z102:Z115) -> 0.057712812 | AA101: =SUM(AA102:AA115) -> 479.05616
Y102: =Y13 -> 10000 | Z102: 0.0364 | AA102: =Y102*Z102 -> 364 | AB102: Phó Sản PET B5 Vảy-Nắp
AH103: =SUM(AH104:AH117) -> 0.08 | AI103: =SUM(AI104:AI117) -> 489.5 | AZ103: =AZ109-AZ104 -> 1656.3616 | BB103: NRV | BC103: ='Hảo_R&D (Vảy sạch)'!BR4 -> 0.26666667
Y104: =Y51 -> 12000 | Z104: 0.0021 | AA104: =Y104*Z104 -> 25.2 | AB104: Chai PET B4/B5/B6 sau phân loại | AG104: =AG85 -> 6000 | AH104: 0.002 | AI104: =AG104*AH104 -> 12 | AJ104: Phó Sản PET Zigzag Sau Lựa | AZ104: =($AH$5)/BA104 -> 21532.701 | BA104: =SUM(BA105:BA109) -> 0.953 | BB104: =SUM(BA105*BB105,BA107*BB107,BA109*BB109) -> 1.0137615 | BD104: =AK6*BA104 -> 0.77018362 | BE104: =($N$5/BD104) -> 21532.701 | BF104: =BE104-AZ104 -> 0
AZ105: =$AZ$104/$BB$104*BB105 -> 22604.465 | BA105: 0.627 | BB105: =BB11 -> 1.0642202 | BC105: Hạt nhựa rPET WSS01G 2
Y106: =Y15 -> 2000 | Z106: 0.0024 | AA106: =Y106*Z106 -> 4.8 | AB106: Phó Sản PET Tromel | AG106: =AG77 -> 10500 | AH106: 0.005 | AI106: =AG106*AH106 -> 52.5 | AJ106: Phó Sản PET tuyển nổi 2 | AZ106: =AZ105-AZ107 -> 584.59823
AZ107: =$AZ$104/$BB$104*BB107 -> 22019.867 | BA107: 0.171 | BB107: =BB13 -> 1.0366972 | BC107: Hạt nhựa rPET WSS03G
...

Sheet Chart
I4: STT | J4: ='H_Tỷ lệ HH&PS (-PS)'!DR6 -> Hạt rPET iSS01084G | K4: Giá trị | L4: %
I5: 1 | J5: Chi phí NVL | K5: ='H_Tỷ lệ HH&PS (-PS)'!FB6 -> 571.87903 | L5: =K5/$K$12 -> 0.47796076
I6: =I5+1 -> 2 | J6: Chi phí sản xuất | K6: ='H_Tỷ lệ HH&PS (-PS)'!FD6 -> 356.04791 | L6: =K6/$K$12 -> 0.29757505
I7: =I6+1 -> 3 | J7: Hao hụt về tiền | K7: ='H_Tỷ lệ HH&PS (-PS)'!FC6 -> 28.570916 | L7: =K7/$K$12 -> 0.023878785
I8: =I7+1 -> 4 | J8: CP QL + bán hàng + lãi vay | K8: ='H_Tỷ lệ HH&PS (-PS)'!FE6 -> 140 | L8: =K8/$K$12 -> 0.11700815
I9: =I8+1 -> 5 | J9: Lợi nhuận MM | K9: ='H_Tỷ lệ HH&PS (-PS)'!FF6 -> 100 | L9: =K9/$K$12 -> 0.083577249
I10: =I9+1 -> 6 | J10: Thuế TNDN | K10: =K9*20% -> 20 | L10: =K10/$K$12 -> 0.01671545
I11: =I10+1 -> 7 | J11: Lợi nhuận sau thuế | K11: =K9-K10 -> 80 | L11: =K11/$K$12 -> 0.0668618
I12: =I11+1 -> 8 | J12: Giá bán | K12: ='H_Tỷ lệ HH&PS (-PS)'!FG6 -> 1196.4979 | L12: =K12/$K$12 -> 1
I43: STT | J43: ='H_Tỷ lệ HH&PS (-PS)'!DR8 -> Hạt rPET iSS01G | K43: Giá trị | L43: %
I44: 1 | J44: Chi phí NVL | K44: ='H_Tỷ lệ HH&PS (-PS)'!FB8 -> 559.20093 | L44: =K44/$K$51 -> 0.487662
I45: =I44+1 -> 2 | J45: Chi phí sản xuất | K45: ='H_Tỷ lệ HH&PS (-PS)'!FD8 -> 349.82855 | L45: =K45/$K$51 -> 0.30507476
I46: =I45+1 -> 3 | J46: Hao hụt về tiền | K46: ='H_Tỷ lệ HH&PS (-PS)'!FC8 -> 27.668303 | L46: =K46/$K$51 -> 0.024128679
I47: =I46+1 -> 4 | J47: CP QL + bán hàng + lãi vay | K47: ='H_Tỷ lệ HH&PS (-PS)'!FE8 -> 140 | L47: =K47/$K$51 -> 0.12208971
I48: =I47+1 -> 5 | J48: Lợi nhuận MM | K48: ='H_Tỷ lệ HH&PS (-PS)'!FF8 -> 70 | L48: =K48/$K$51 -> 0.061044855
I49: =I48+1 -> 6 | J49: Thuế TNDN | K49: =K48*20% -> 14 | L49: =K49/$K$51 -> 0.012208971
I50: =I49+1 -> 7 | J50: Lợi nhuận sau thuế | K50: =K48-K49 -> 56 | L50: =K50/$K$51 -> 0.048835884
I51: =I50+1 -> 8 | J51: Giá bán | K51: ='H_Tỷ lệ HH&PS (-PS)'!FG8 -> 1146.6978 | L51: =K51/$K$51 -> 1
I79: STT | J79: ='H_Tỷ lệ HH&PS (-PS)'!DR10 -> Hạt rPET WSS01G | K79: Giá trị | L79: %
I80: 1 | J80: Chi phí NVL | K80: ='H_Tỷ lệ HH&PS (-PS)'!FB10 -> 545.10343 | L80: =K80/$K$87 -> 0.47129495
I81: =I80+1 -> 2 | J81: Chi phí sản xuất | K81: ='H_Tỷ lệ HH&PS (-PS)'!FD10 -> 394.83977 | L81: =K81/$K$87 -> 0.34137739
I82: =I81+1 -> 3 | J82: Hao hụt về tiền | K82: ='H_Tỷ lệ HH&PS (-PS)'!FC10 -> 26.664636 | L82: =K82/$K$87 -> 0.023054172
I83: =I82+1 -> 4 | J83: CP QL + bán hàng + lãi vay | K83: ='H_Tỷ lệ HH&PS (-PS)'!FE10 -> 140 | L83: =K83/$K$87 -> 0.12104362
I84: =I83+1 -> 5 | J84: Lợi nhuận MM | K84: ='H_Tỷ lệ HH&PS (-PS)'!FF10 -> 50 | L84: =K84/$K$87 -> 0.043229865
I85: =I84+1 -> 6 | J85: Thuế TNDN | K85: =K84*20% -> 10 | L85: =K85/$K$87 -> 0.0086459729
I86: =I85+1 -> 7 | J86: Lợi nhuận sau thuế | K86: =K84-K85 -> 40 | L86: =K86/$K$87 -> 0.034583892
I87: =I86+1 -> 8 | J87: Giá bán | K87: ='H_Tỷ lệ HH&PS (-PS)'!FG10 -> 1156.6078 | L87: =K87/$K$87 -> 1
I124: STT | J124: ='H_Tỷ lệ HH&PS (-PS)'!DR12 -> Hạt rPET WSS03G | K124: Giá trị | L124: %
I125: 1 | J125: Chi phí NVL | K125: ='H_Tỷ lệ HH&PS (-PS)'!FB12 -> 531.00593 | L125: =K125/$K$132 -> 0.46801528
I126: =I125+1 -> 2 | J126: Chi phí sản xuất | K126: ='H_Tỷ lệ HH&PS (-PS)'!FD12 -> 387.9241 | L126: =K126/$K$132 -> 0.34190656
I127: =I126+1 -> 3 | J127: Hao hụt về tiền | K127: ='H_Tỷ lệ HH&PS (-PS)'!FC12 -> 25.660969 | L127: =K127/$K$132 -> 0.022616933
I128: =I127+1 -> 4 | J128: CP QL + bán hàng + lãi vay | K128: ='H_Tỷ lệ HH&PS (-PS)'!FE12 -> 140 | L128: =K128/$K$132 -> 0.12339248
I129: =I128+1 -> 5 | J129: Lợi nhuận MM | K129: ='H_Tỷ lệ HH&PS (-PS)'!FF12 -> 50 | L129: =K129/$K$132 -> 0.044068744
I130: =I129+1 -> 6 | J130: Thuế TNDN | K130: =K129*20% -> 10 | L130: =K130/$K$132 -> 0.0088137487
I131: =I130+1 -> 7 | J131: Lợi nhuận sau thuế | K131: =K129-K130 -> 40 | L131: =K131/$K$132 -> 0.035254995
I132: =I131+1 -> 8 | J132: Giá bán | K132: ='H_Tỷ lệ HH&PS (-PS)'!FG12 -> 1134.591 | L132: =K132/$K$132 -> 1

Sheet Hảo_R&D
B1: Sơ đồ khối dòng nguyên liệu-sản phẩm hiện tại của DTR. | AJ1: Giá chai | AK1: ='Giá mua Chai-Vảy'!E18 -> 14800 | AM1: ='Giá mua Chai-Vảy'!E14 -> 16300 | AN1: =AM3-AM1-AN3 -> -847.55676 | AO1: ='Giá mua Chai-Vảy'!E15 -> 14800 | AQ1: ='Giá mua Chai-Vảy'!E17 -> 13300 | AR1: ='[5]18. Vảy B5'!$I$10 -> 411.6804 | AS1: ='[5]16.1 Rửa vảy B7'!$I$9 -> 7971.0145 | AT1: ='[5]16.1 Rửa vảy B7'!$I$10 -> 84.555435 | AU1: ='Giá mua Chai-Vảy'!E17 -> 13300
B2: Với phân bố và định hướng sản phẩm như hiện nay, một số nguyên liệu đầu vào (B2.2/B4/B5) đang gặp khó khăn về giá, do gánh chung dòng chảy với chỉ khoảng 53% nguyên liệu chính B1.1. | AJ2: HSTH | AK2: ='H_Tỷ lệ HH&PS'!AK124 -> 0.77783046 | AM2: ='H_Tỷ lệ HH&PS'!AK6 -> 0.80816749 | AN2: ='[5]12. 100% vảy->hạt WSS01-iSS01'!$I$10 -> 1636.9775 | AO2: ='H_Tỷ lệ HH&PS'!AK42 -> 0.85501479 | AQ2: ='H_Tỷ lệ HH&PS'!AK42 -> 0.85501479 | AU2: ='H_Tỷ lệ HH&PS'!AK70 -> 0.773478
AC3: Vảy chưa rửa | AE3: Vảy sau rửa | AG3: Hạt | AJ3: Giá thành vảy (SX) => | AK3: =AK1/AK2 -> 19027.283 | AM3: =AM1/AM2 -> 20169.087 | AN3: ='[5]10. 100% chai->hạt WSS01-iSS01'!$I$21+'[5]10. 100% chai->hạt WSS01-iSS01'!$I$37 -> 4716.6433 | AO3: =AO1/AO2 -> 17309.642 | AQ3: =AQ1/AQ2 -> 15555.286 | AS3: ='[5]16.1 Rửa vảy B7'!$I$48 -> 14341.25 | AU3: =AU1/AU2 -> 17195.059 | AW3: Giá thành nhựa_vảy sạch | AY3: Giá bán Hạt | AZ3: Exw
Y4: BO quy đổi cần | AB4: Loại chai sau phân loại | AC4: Loại vảy chưa rửa | AE4: Loại vảy sau rửa | AG4: Loại vảy sau rửa | AJ4: Tên TP | AK4: Loại vảy 1 | AM4: Loại vảy 2 | AO4: Loại vảy 3 | AQ4: Loại vảy 4 | AS4: Loại vảy 5 | AU4: Loại vảy 6 | AW4: Cộng | AY4: 26500
Y5: B6.2 | Z5: 0.3 | AA5: Hệ số BOM | AB5: B6.2 | AC5: B6.2_A0 | AE5: B6.2 | AG5: B6.2 | AK5: B6.2 | AL5: VND | AM5: B1 | AN5: VND | AO5: B2.2 | AP5: VND | AQ5: B5 | AR5: VND | AS5: B7 | AT5: VND | AU5: B4 | AV5: VND | AX5: VND | AY5: VND | AZ5: USD
AA6: 2500 | AB6: 2500 | AC6: =SUM(AC7:AC11) -> 1 | AE6: =SUM(AE7:AE11) -> 1 | AG6: =SUM(AG7:AG11) -> 1.0061253 | AJ6: Chai B6.2 | AK6: =SUM(AC8:AC11) -> 0.214 | AW6: 0.3
AA7: =1/AC7 -> 1.2722646 | AB7: =$AB$6*$AA7 -> 3180.6616 | AC7: 0.786 | AD7: Vảy chưa rửa | AE7: 0.883 | AF7: Vảy sạch | AG7: ='H_Tỷ lệ HH&PS'!BA7 -> 0.89417194 | AH7: Hạt WSS01G-Nia | AJ7: Hạt WSS01G-Nia | AK7: 0.1 | AL7: =AK7*$AK$3 -> 1902.7283 | AM7: 0.9 | AN7: =AM7*$AM$3 -> 18152.178 | AP7: =AO7*$AO$3 -> 0 | AR7: =AQ7*$AQ$3 -> 0 | AT7: =AS7*$AS$3 -> 0 | AV7: =AU7*$AU$3 -> 0 | AW7: =AK7+AM7+AO7+AQ7+AS7+AU7 -> 1 | AX7: =AL7+AN7+AP7+AR7+AT7+AV7 -> 20054.906 | AY7: =$AY$4*AZ7 -> 30740000 | AZ7: 1160
AA8: =-AC8 -> -0.132 | AB8: =$AB$7*$AA8 -> -419.84733 | AC8: 0.132 | AD8: Olefin | AE8: 0.021 | AF8: Tomra | AG8: ='H_Tỷ lệ HH&PS'!BA9 -> 0.015953365 | AH8: Hạt WSS01S | AJ8: Hạt iSS01G-Out | AK8: 0.3 | AL8: =AK8*$AK$3 -> 5708.1848 | AM8: 0.7 | AN8: =AM8*$AM$3 -> 14118.361 | AP8: =AO8*$AO$3 -> 0 | AR8: =AQ8*$AQ$3 -> 0 | AT8: =AS8*$AS$3 -> 0 | AV8: =AU8*$AU$3 -> 0 | AW8: =AK8+AM8+AO8+AQ8+AS8+AU8 -> 1 | AX8: =AL8+AN8+AP8+AR8+AT8+AV8 -> 19826.545 | AY8: =$AY$4*AZ8 -> 31535000 | AZ8: =AZ7+30 -> 1190
AA9: =-AC9 -> -0.018 | AB9: =$AB$7*$AA9 -> -57.251908 | AC9: 0.018 | AD9: Bụi cám | AE9: 0.026 | AF9: Bụi sàn rung | AG9: 0.026 | AH9: Hạt WSS03G-PW | AJ9: Hạt WSS03G-PW | AK9: 0.55 | AL9: =AK9*$AK$3 -> 10465.005 | AM9: 0.3 | AN9: =AM9*$AM$3 -> 6050.726 | AO9: 0.15 | AP9: =AO9*$AO$3 -> 2596.4463 | AR9: =AQ9*$AQ$3 -> 0 | AT9: =AS9*$AS$3 -> 0 | AV9: =AU9*$AU$3 -> 0 | AW9: =AK9+AM9+AO9+AQ9+AS9+AU9 -> 1 | AX9: =AL9+AN9+AP9+AR9+AT9+AV9 -> 19112.178 | AY9: =$AY$4*AZ9 -> 28885000 | AZ9: =AZ7-70 -> 1090
AA10: =-AC10 -> -0.015 | AB10: =$AB$7*$AA10 -> -47.709924 | AC10: 0.015 | AD10: Phó sản khác | AE10: 0.046 | AF10: Bụi băm | AG10: 0.046 | AH10: Hạt WSS05SB (sợi ngắn) | AJ10: Hạt WSS05SB (sợi ngắn) | AK10: 0.95 | AL10: =AK10*$AK$3 -> 18075.919 | AN10: =AM10*$AM$3 -> 0 | AP10: =AO10*$AO$3 -> 0 | AQ10: 0.05 | AR10: =AQ10*$AQ$3 -> 777.76432 | AT10: =AS10*$AS$3 -> 0 | AV10: =AU10*$AU$3 -> 0 | AW10: =AK10+AM10+AO10+AQ10+AS10+AU10 -> 1 | AX10: =AL10+AN10+AP10+AR10+AT10+AV10 -> 18853.683 | AY10: =$AY$4*AZ10 -> 19080000 | AZ10: 720
AA11: =-AC11 -> -0.049 | AB11: =$AB$7*$AA11 -> -155.85242 | AC11: 0.049 | AD11: Hao hụt | AE11: 0.024 | AF11: Hao hụt | AG11: 0.024 | AH11: Vảy FPET201-Out | AJ11: Vảy FPET201-Out | AK11: 0.65 | AL11: =AK11*$AK$3 -> 12367.734 | AM11: 0.15 | AN11: =AM11*$AM$3 -> 3025.363 | AP11: =AO11*$AO$3 -> 0 | AQ11: 0.2 | AR11: =AQ11*$AQ$3 -> 3111.0573 | AT11: =AS11*$AS$3 -> 0 | AV11: =AU11*$AU$3 -> 0 | AW11: =AK11+AM11+AO11+AQ11+AS11+AU11 -> 1 | AX11: =AL11+AN11+AP11+AR11+AT11+AV11 -> 18504.154 | AY11: =$AY$4*AZ11 -> 0
AG12: 0.024 | AH12: Hao hụt
Y14: B1.1 | Z14: 0.53 | AA14: Hệ số BOM | AB14: B1.1 | AC14: B1.1_A0 | AE14: B1.1 | AG14: B1.1 | AJ14: Chai B1.1 | AK14: =SUM(AC17:AC21) -> 0.0861 | AM14: B1.1 | AW14: 0.53
AA15: 2500 | AB15: 2500 | AC15: =SUM(AC16:AC20) -> 1 | AE15: =SUM(AE16:AE20) -> 0.9995 | AG15: =SUM(AG16:AG20) -> 0.9995 | AJ15: Hạt WSS01G | AL15: =AK15*$AK$3 -> 0 | AM15: 1 | AN15: =AM15*$AM$3 -> 20169.087 | AP15: =AO15*$AO$3 -> 0 | AR15: =AQ15*$AQ$3 -> 0 | AT15: =AS15*$AS$3 -> 0 | AV15: =AU15*$AU$3 -> 0 | AW15: =AK15+AM15+AO15+AQ15+AS15+AU15 -> 1 | AX15: =AL15+AN15+AP15+AR15+AT15+AV15 -> 20169.087 | AY15: =$AY$4*AZ15 -> 30740000 | AZ15: =AZ7 -> 1160
AA16: =1/AC16 -> 1.0942116 | AB16: =$AB$6*$AA16 -> 2735.5291 | AC16: 0.9139 | AD16: Vảy chưa rửa | AE16: 0.9637 | AF16: Vảy sạch | AG16: 0.9637 | AH16: Hạt iSS01084G | AJ16: Hạt iSS01G | AL16: =AK16*$AK$3 -> 0 | AM16: 1 | AN16: =AM16*$AM$3 -> 20169.087 | AP16: =AO16*$AO$3 -> 0 | AR16: =AQ16*$AQ$3 -> 0 | AT16: =AS16*$AS$3 -> 0 | AV16: =AU16*$AU$3 -> 0 | AW16: =AK16+AM16+AO16+AQ16+AS16+AU16 -> 1 | AX16: =AL16+AN16+AP16+AR16+AT16+AV16 -> 20169.087 | AY16: =$AY$4*AZ16 -> 31535000 | AZ16: =AZ7+30 -> 1190
AA17: =-AC17 -> -0.0807 | AB17: =$AB$16*$AA17 -> -220.75719 | AC17: 0.0807 | AD17: Olefin | AF17: Tomra | AH17: Hạt iSS01G | AJ17: Hạt iSS01084G | AL17: =AK17*$AK$3 -> 0 | AM17: 1 | AN17: =AM17*$AM$3 -> 20169.087 | AP17: =AO17*$AO$3 -> 0 | AR17: =AQ17*$AQ$3 -> 0 | AT17: =AS17*$AS$3 -> 0 | AV17: =AU17*$AU$3 -> 0 | AW17: =AK17+AM17+AO17+AQ17+AS17+AU17 -> 1 | AX17: =AL17+AN17+AP17+AR17+AT17+AV17 -> 20169.087 | AY17: =$AY$4*AZ17 -> 33125000 | AZ17: =AZ7+90 -> 1250
AA18: =-AC18 -> 0 | AB18: =$AB$16*$AA18 -> 0 | AD18: Bụi cám | AF18: Bụi sàn rung | AH18: Hạt WSS01G | AJ18: Hạt WSS03G | AL18: =AK18*$AK$3 -> 0 | AM18: 1 | AN18: =AM18*$AM$3 -> 20169.087 | AP18: =AO18*$AO$3 -> 0 | AR18: =AQ18*$AQ$3 -> 0 | AT18: =AS18*$AS$3 -> 0 | AV18: =AU18*$AU$3 -> 0 | AW18: =AK18+AM18+AO18+AQ18+AS18+AU18 -> 1 | AX18: =AL18+AN18+AP18+AR18+AT18+AV18 -> 20169.087 | AY18: =$AY$4*AZ18 -> 29945000 | AZ18: =AZ7-30 -> 1130
AA19: =-AC19 -> 0 | AB19: =$AB$16*$AA19 -> 0 | AD19: Phó sản khác | AF19: Bụi băm | AH19: Hạt WSS03G
AA20: =-AC20 -> -0.0054 | AB20: =$AB$16*$AA20 -> -14.771857 | AC20: 0.0054 | AD20: Hao hụt | AE20: 0.0358 | AF20: Hao hụt | AG20: 0.0358 | AH20: Hao hụt
Y24: B2.2 + B5 | Z24: 0.05 | AA24: Hệ số BOM | AB24: B2.2 + B5 | AC24: B2.2/B5_A0 | AE24: B2.2/B5 | AG24: B2.2/B5 | AJ24: Chai B2.2 +B5 | AK24: =SUM(AC27:AC31) -> 0.0404 | AW24: 0.05
AA25: 2500 | AB25: 2500 | AC25: =SUM(AC26:AC30) -> 1 | AE25: =SUM(AE26:AE30) -> 1 | AG25: =SUM(AG26:AG30) -> 1 | AJ25: Hạt WSS01G-Nia | AL25: =AK25*$AK$3 -> 0 | AM25: 0.9 | AN25: =AM25*$AM$3 -> 18152.178 | AO25: 0.1 | AP25: =AO25*$AO$3 -> 1730.9642 | AR25: =AQ25*$AQ$3 -> 0 | AT25: =AS25*$AS$3 -> 0 | AV25: =AU25*$AU$3 -> 0 | AW25: =AK25+AM25+AO25+AQ25+AS25+AU25 -> 1 | AX25: =AL25+AN25+AP25+AR25+AT25+AV25 -> 19883.142 | AY25: =$AY$4*AZ25 -> 30740000 | AZ25: =AZ7 -> 1160
AA26: =1/AC26 -> 1.0421009 | AB26: =$AB$6*$AA26 -> 2605.2522 | AC26: 0.9596 | AD26: Vảy chưa rửa | AE26: 0.9763 | AF26: Vảy sạch | AG26: 0.9763 | AH26: Hạt WSS01G-Nia | AJ26: Hạt WSS03G-PW | AK26: 0.55 | AL26: =AK26*$AK$3 -> 10465.005 | AM26: 0.3 | AN26: =AM26*$AM$3 -> 6050.726 | AO26: 0.15 | AP26: =AO26*$AO$3 -> 2596.4463 | AR26: =AQ26*$AQ$3 -> 0 | AT26: =AS26*$AS$3 -> 0 | AV26: =AU26*$AU$3 -> 0 | AW26: =AK26+AM26+AO26+AQ26+AS26+AU26 -> 1 | AX26: =AL26+AN26+AP26+AR26+AT26+AV26 -> 19112.178 | AY26: =$AY$4*AZ26 -> 28885000 | AZ26: =AZ7-70 -> 1090
AA27: =-AC27 -> 0 | AB27: =$AB$26*$AA27 -> 0 | AD27: Olefin | AF27: Tomra | AH27: Hạt WSS01S | AJ27: Hạt WSS01S | AL27: =AK27*$AK$3 -> 0 | AM27: 0.4 | AN27: =AM27*$AM$3 -> 8067.6346 | AP27: =AO27*$AO$3 -> 0 | AQ27: 0.5 | AR27: =AQ27*$AQ$3 -> 7777.6432 | AS27: 0.1 | AT27: =AS27*$AS$3 -> 1434.125 | AV27: =AU27*$AU$3 -> 0 | AW27: =AK27+AM27+AO27+AQ27+AS27+AU27 -> 1 | AX27: =AL27+AN27+AP27+AR27+AT27+AV27 -> 17279.403 | AY27: =$AY$4*AZ27 -> 30740000 | AZ27: =AZ7 -> 1160
AA28: =-AC28 -> 0 | AB28: =$AB$26*$AA28 -> 0 | AD28: Bụi cám | AF28: Bụi sàn rung | AH28: Hạt WSS03G-PW | AJ28: Hạt WSS05SB (sợi ngắn) | AK28: 0.95 | AL28: =AK28*$AK$3 -> 18075.919 | AN28: =AM28*$AM$3 -> 0 | AP28: =AO28*$AO$3 -> 0 | AQ28: 0.05 | AR28: =AQ28*$AQ$3 -> 777.76432 | AT28: =AS28*$AS$3 -> 0 | AV28: =AU28*$AU$3 -> 0 | AW28: =AK28+AM28+AO28+AQ28+AS28+AU28 -> 1 | AX28: =AL28+AN28+AP28+AR28+AT28+AV28 -> 18853.683 | AY28: =$AY$4*AZ28 -> 19080000 | AZ28: =AZ10 -> 720
AA29: =-AC29 -> -0.0323 | AB29: =$AB$26*$AA29 -> -84.149646 | AC29: 0.0323 | AD29: Phó sản khác | AF29: Bụi băm | AH29: Hạt WSS05SB (sợi ngắn) | AJ29: Vảy FPET201-Out | AK29: 0.65 | AL29: =AK29*$AK$3 -> 12367.734 | AM29: 0.15 | AN29: =AM29*$AM$3 -> 3025.363 | AP29: =AO29*$AO$3 -> 0 | AQ29: 0.2 | AR29: =AQ29*$AQ$3 -> 3111.0573 | AT29: =AS29*$AS$3 -> 0 | AV29: =AU29*$AU$3 -> 0 | AW29: =AK29+AM29+AO29+AQ29+AS29+AU29 -> 1 | AX29: =AL29+AN29+AP29+AR29+AT29+AV29 -> 18504.154 | AY29: =$AY$4*AZ29 -> 0
AA30: =-AC30 -> -0.0081 | AB30: =$AB$26*$AA30 -> -21.102543 | AC30: 0.0081 | AD30: Hao hụt | AE30: 0.0237 | AF30: Hao hụt | AG30: 0.0237 | AH30: Vảy FPET201-Out
AG31: 0.0237 | AH31: Hao hụt
Y32: B4 | Z32: 0.02 | AA32: Hệ số BOM | AB32: B4 | AC32: B4_A0 | AE32: B4 | AG32: B4 | AJ32: Chai B4 | AK32: =SUM(AC35:AC39) -> 0.0392 | AW32: 0.02
AA33: 2500 | AB33: 2500 | AC33: =SUM(AC34:AC38) -> 1 | AE33: =SUM(AE34:AE38) -> 1 | AG33: =SUM(AG34:AG38) -> 1 | AJ33: Dây Đai | AL33: =AK33*$AK$3 -> 0 | AN33: =AM33*$AM$3 -> 0 | AP33: =AO33*$AO$3 -> 0 | AT33: =AS33*$AS$3 -> 0 | AU33: 1 | AW33: =AK33+AM33+AO33+AQ33+AS33+AU33 -> 1 | AX33: =AL33+AN33+AP33+AR33+AT33+AV33 -> 0 | AY33: =$AY$4*AZ33 -> 19000500 | AZ33: 717
AA34: =1/AC34 -> 1.0407993 | AB34: =$AB$6*$AA34 -> 2601.9983 | AC34: 0.9608 | AD34: Vảy chưa rửa | AE34: 0.9895 | AF34: Vảy sạch | AG34: 0.9895 | AH34: Dây Đai
AA35: =-AC35 -> 0 | AB35: =$AB$34*$AA35 -> 0 | AD35: Olefin | AF35: Tomra | AH35: Tomra | AU35: ='Giá mua Chai-Vảy'!O40 -> 12550
AA36: =-AC36 -> 0 | AB36: =$AB$34*$AA36 -> 0 | AD36: Bụi cám | AF36: Bụi sàn rung | AH36: Bụi sàn rung | AJ36: Vảy_Nắp HD ép, cổ chai | AW36: 0.01
