Workbook

Sheet Sheet1
B2: Căn cứ:
B3: 1 Mục tiêu LN của các trạm 2% (hoặc không lỗ)
B4: 2 Bám sát giá thị trường
B5: 3 Tăng và đảm bảo sản lượng để trạm tối ưu chi phí
B6: 4 Xem xét các chi phí không hợp lý
B7: 5. Chi phí sản xuất của từng trạm
B8: 6. Khoản GAP hiện hành
B9: Đề xuất hướng điều chỉnh GAP theo từng trạm như sau:
B11: KHÁNH NGA
B12: GIÁ BÁN | D12: Giá duyệt (sau điều chỉnh) | F12: GAP (sau điều chỉnh)
B13: 1 | C13: Lấy chi phí KN | D13: =2700-3000 -> -300
B14: 2 | C14: LN Mục tiêu 2% | D14: -200 | F14: =5000+D14+D13 -> 4500
B16: ĐỒNG LÂM
D17: Giá duyệt | F17: GAP
C18: Cộng chi phí thuê xưởng | D18: -300
C19: LN Mục tiêu 2% | D19: -200 | F19: =5000+D18+D19 -> 4500
B23: ĐAI LỘC
C24: =990-915 -> 75 | D24: Giá duyệt | F24: GAP
C25: Hỗ trợ giá bán bù chi phí thuê xưởng cao | D25: 0
C26: LN Mục tiêu 0% (không lỗ) | F26: 5000
C28: Hỗ trợ giá bán bù chi phí thuê xưởng cao => Giữ nguyên GAP | D28: 400
C29: Chuyền Băm và rữa HD _Pulian
C30: KH 1 tháng 200 triệu

Sheet Cảnh báo giá mua từ trạm
B3: C:\Data\GĐ Tài chính\Cost Controlling\Costing Flow Chart\Báo CT _Model\PET_FULL_CFO_OPTIMIZATION.xlsx
B5: Cty | C5: CPC
B6: Cty | C6: Far Eastern
B7: Cty | C7: Nhóm Trung Quốc
C9: 1 Mục tiêu LN của các trạm 2% (hoặc không lỗ)
C10: 2 Bám sát giá thị trường
C11: 3 Tăng và đảm bảo sản lượng để trạm tối ưu chi phí
C12: 4 Xem xét các chi phí không
C14: KHÁNH NGA
C15: GIÁ BÁN | E15: Giá duyệt | F15: GAP
C16: 1 | D16: Lấy chi phí KN
C17: 2 | D17: LN Mục tiêu 2% | E17: -200 | F17: =-11300*2% -> -226
C19: ĐỒNG LÂM
E20: Giá duyệt | F20: GAP
D21: Cộng chi phí thuê xưởng | E21: -300 | G21: 150000000 | H21: 500000 | I21: =G21/H21 -> 300
D22: LN Mục tiêu 2% | E22: -200 | F22: =-11300*4% -> -452 | H22: =H21*E21 -> -150000000
H23: =H21*E22 -> -100000000
H24: =H23+H22 -> -250000000
C26: ĐAI LỘC
D27: =990-915 -> 75 | E27: Giá duyệt | F27: GAP | G27: 990 | H27: 1000000
D28: Hỗ trợ giá bán bù chi phí thuê xưởng cao | E28: 400 | G28: =E28*1000*990 -> 396000000 | H28: =G28/H27 -> 396
D29: LN Mục tiêu 0%
G30: =G27*113*1000 -> 111870000
D32: Chuyền Băm và rữa HD _Pulian
D33: KH 1 tháng 200 triệu

Sheet BOM chuẩn DLOC
B2: BẢNG TÍNH SETTLEMENT RULE BOM - ROUTING (co-product)
M3: Hide | P3: Giá BO sau Phân loại
B4: I. | C4: CÔNG ĐOẠN PHÂN LOẠI CHAI | D4: BOM - KẾ HOẠCH | F4: Sản lượng thành phẩm thực tế | G4: Hệ số quy đổi | H4: Sản lượng thành phẩm quy đổi | I4: Giá trị nguyên liệu phân bổ cho thành phẩm quy đổi | J4: Settlement rule - BOM | K4: Settlement rule - ROUTING | L4: Ghi chú | M4: Giá bán hiện tại | N4: Hệ số quy đổi giá bán | O4: Gap (đảm bảo chi phí và lợi nhuận) | P4: GT NVL | Q4: CFSX | R4: GT SP Trạm | S4: LG | T4: % | V4: Đlộc | X4: KN | Z4: ĐLâm | AB4: Giá thị trường
D5: Số lượng | E5: Tỷ lệ | F5: (1) | G5: (2) | H5: (3)= (1)*(2) | I5: (4) | J5: Tỷ lệ | K5: Tỷ lệ | M5: =MAX(V5,X5,Z5) -> 0.10667325 | U5: Hao hụt | V5: ='[2]1. Đại Lộc'!$O$334 -> 0.10096034 | X5: ='[2]2. Khánh Nga'!$O$39 -> 0.097733527 | Z5: ='[2]3. Đồng Lâm'!$O$344 -> 0.10667325
B6: 150000001 | C6: Chai PET xá | D6: 1000 | E6: =SUM(E7:E20) -> 1 | I6: =D6*$M$6 -> 11300000 | J6: =SUM(J7:J19) -> 1 | K6: =SUM(K7:K19) -> 1 | M6: 11300 | Q6: 3000 | V6: ='[3]3.CP_TAN'!$Q$78 -> 3684.4011 | X6: ='[3]3.CP_TAN'!$R$78 -> 2894.8843 | Z6: ='[3]3.CP_TAN'!$S$78 -> 2609.6553 | AB6: 10000
B7: 160000001 | C7: Chai PET B1.1 | D7: 540 | E7: 0.54 | F7: =D7 -> 540 | G7: 1.25 | H7: =F7*G7 -> 675 | I7: =$I$6/$H$21*H7 -> 7257373.9 | J7: =I7/$I$6 -> 0.64224548 | K7: =J7 -> 0.64224548 | L7: (4) = Tổng giá trị NVL /(Tổng số lượng TP quy đổi) * Sl Tp quy đổi. (5) = Giá trị nguyên liệu phân bổ cho thành phẩm quy đổi / Tổng giá trị nguyên liệu phân bổ cho thành phẩm quy đổi | M7: =ROUND($M$6+$M$6*$M$5+O7,-2) -> 16400 | N7: =M7/$M$21 -> 1.2471483 | O7: 3900 | P7: =I7/F7 -> 13439.581 | Q7: =$Q$6*K7 -> 1926.7364 | R7: =P7+Q7 -> 15366.318 | S7: =M7-R7 -> 1033.6822 | T7: =S7/M7 -> 0.063029403 | U7: ='[2]1. Đại Lộc'!B327 -> % Chai B1 | V7: ='[2]1. Đại Lộc'!O327 -> 0.65050165 | W7: ='[2]2. Khánh Nga'!B32 -> % Chai B1 | X7: ='[2]2. Khánh Nga'!O32 -> 0.5258354 | Y7: ='[2]3. Đồng Lâm'!B337 -> % Chai B1 | Z7: ='[2]3. Đồng Lâm'!O337 -> 0.50053443 | AB7: 14500 | AC7: 11200 | AE7: =T7*V7 -> 0.041000731 | AF7: =ROUND($M$6+$M$6*$M$5,-2) -> 12500
B8: 160000081 | C8: Chai PET B1.3 | F8: =D8 -> 0 | H8: =F8*G8 -> 0 | I8: =$I$6/$H$21*H8 -> 0 | J8: =I8/$I$6 -> 0 | K8: =J8 -> 0 | N8: =M8/$M$21 -> 0 | O8: =O7 -> 3900 | P8: =I8/F8 -> #DIV/0! | Q8: =$Q$6*K8 -> 0 | R8: =P8+Q8 -> #DIV/0! | S8: =M8-R8 -> #DIV/0! | T8: =S8/M8 -> #DIV/0! | AE8: =T8*V8 -> #DIV/0!
B9: 160000002 | C9: Chai PET B2.2 | D9: 30 | E9: 0.03 | F9: =D9 -> 30 | G9: 1.1 | H9: =F9*G9 -> 33 | I9: =$I$6/$H$21*H9 -> 354804.95 | J9: =I9/$I$6 -> 0.031398668 | K9: =J9 -> 0.031398668 | M9: =ROUND($M$6+$M$6*$M$5+O9,-2) -> 14500 | N9: =M9/$M$21 -> 1.1026616 | O9: 2000 | P9: =I9/F9 -> 11826.832 | Q9: =$Q$6*K9 -> 94.196004 | R9: =P9+Q9 -> 11921.028 | S9: =M9-R9 -> 2578.9724 | T9: =S9/M9 -> 0.17786017 | U9: ='[2]1. Đại Lộc'!B328 -> % Chai B2.2 | V9: ='[2]1. Đại Lộc'!O328 -> 0.0053561787 | W9: ='[2]2. Khánh Nga'!B33 -> % Chai B2.2 | X9: ='[2]2. Khánh Nga'!O33 -> 0.078724377 | Y9: ='[2]3. Đồng Lâm'!B338 -> % Chai B2.2 | Z9: ='[2]3. Đồng Lâm'!O338 -> 0.08356034 | AE9: =T9*V9 -> 0.00095265083
B10: 160000063 | C10: Chai PET B4 | D10: 20 | E10: 0.02 | F10: =D10 -> 20 | G10: 1 | H10: =F10*G10 -> 20 | I10: =$I$6/$H$21*H10 -> 215033.3 | J10: =I10/$I$6 -> 0.019029496 | K10: =J10 -> 0.019029496 | M10: =ROUND($M$6+$M$6*$M$5+O10,-2) -> 13000 | N10: =M10/$M$21 -> 0.98859316 | O10: 500 | P10: =I10/F10 -> 10751.665 | Q10: =$Q$6*K10 -> 57.088487 | R10: =P10+Q10 -> 10808.754 | S10: =M10-R10 -> 2191.2464 | T10: =S10/M10 -> 0.16855742 | U10: ='[2]2. Khánh Nga'!B35 -> % Chai B4 | V10: ='[2]2. Khánh Nga'!O35 -> 0.014912634 | W10: ='[2]2. Khánh Nga'!B35 -> % Chai B4 | X10: ='[2]2. Khánh Nga'!O35 -> 0.014912634 | Y10: ='[2]3. Đồng Lâm'!B340 -> % Chai B4 | Z10: ='[2]3. Đồng Lâm'!O340 -> 0.019139602 | AE10: =T10*V10 -> 0.0025136351
B11: 160000004 | C11: Chai PET B5 | D11: 20 | E11: 0.02 | F11: =D11 -> 20 | G11: 1 | H11: =F11*G11 -> 20 | I11: =$I$6/$H$21*H11 -> 215033.3 | J11: =I11/$I$6 -> 0.019029496 | K11: =J11 -> 0.019029496 | M11: =ROUND($M$6+$M$6*$M$5+O11,-2) -> 13000 | N11: =M11/$M$21 -> 0.98859316 | O11: =O10 -> 500 | P11: =I11/F11 -> 10751.665 | Q11: =$Q$6*K11 -> 57.088487 | R11: =P11+Q11 -> 10808.754 | S11: =M11-R11 -> 2191.2464 | T11: =S11/M11 -> 0.16855742 | U11: ='[2]2. Khánh Nga'!B36 -> % Chai B5 | V11: ='[2]2. Khánh Nga'!O36 -> 0.019802359 | W11: ='[2]2. Khánh Nga'!B36 -> % Chai B5 | X11: ='[2]2. Khánh Nga'!O36 -> 0.019802359 | Y11: ='[2]3. Đồng Lâm'!B341 -> % Chai B5 | Z11: ='[2]3. Đồng Lâm'!O341 -> 0.010656982 | AE11: =T11*V11 -> 0.0033378344
C12: Chai PET B6.1 | F12: =D12 -> 0 | H12: =F12*G12 -> 0 | I12: =$I$6/$H$21*H12 -> 0 | J12: =I12/$I$6 -> 0 | K12: =J12 -> 0 | N12: =M12/$M$21 -> 0 | O12: =O8 -> 3900 | P12: =I12/F12 -> #DIV/0! | Q12: =$Q$6*K12 -> 0 | R12: =P12+Q12 -> #DIV/0! | S12: =M12-R12 -> #DIV/0! | T12: =S12/M12 -> #DIV/0! | AE12: =T12*V12 -> #DIV/0!
B13: 160000005 | C13: Chai PET B6.2 | D13: 270 | E13: 0.27 | F13: =D13 -> 270 | G13: 1.1 | H13: =F13*G13 -> 297 | I13: =$I$6/$H$21*H13 -> 3193244.5 | J13: =I13/$I$6 -> 0.28258801 | K13: =J13 -> 0.28258801 | M13: =ROUND($M$6+$M$6*$M$5+O13,-2) -> 14500 | N13: =M13/$M$21 -> 1.1026616 | O13: =O9 -> 2000 | P13: =I13/F13 -> 11826.832 | Q13: =$Q$6*K13 -> 847.76403 | R13: =P13+Q13 -> 12674.596 | S13: =M13-R13 -> 1825.4044 | T13: =S13/M13 -> 0.12588996 | U13: ='[2]1. Đại Lộc'!B329 -> % Chai B6.2 | V13: ='[2]1. Đại Lộc'!O329 -> 0.19170632 | W13: ='[2]2. Khánh Nga'!B34 -> % Chai B6.2 | X13: ='[2]2. Khánh Nga'!O34 -> 0.23118717 | Y13: ='[2]3. Đồng Lâm'!B339 -> % Chai B6.2 | Z13: ='[2]3. Đồng Lâm'!O339 -> 0.26757253 | AE13: =T13*V13 -> 0.024133901
B14: 160000007 | C14: Nắp HD Ép Các Màu HDE-06 | D14: 10 | E14: 0.01 | F14: =D14 -> 10 | G14: 0.6 | H14: =F14*G14 -> 6 | I14: =$I$6/$H$21*H14 -> 64509.99 | J14: =I14/$I$6 -> 0.0057088487 | K14: =J14 -> 0.0057088487 | M14: =ROUND($M$6+$M$6*$M$5+O14,-2) -> 7500 | N14: =M14/$M$21 -> 0.57034221 | O14: -5000 | P14: =I14/F14 -> 6450.999 | Q14: =$Q$6*K14 -> 17.126546 | R14: =P14+Q14 -> 6468.1256 | S14: =M14-R14 -> 1031.8744 | T14: =S14/M14 -> 0.13758325 | U14: ='[2]2. Khánh Nga'!B37 -> % Nắp | V14: ='[2]2. Khánh Nga'!O37 -> 0.031786115 | W14: ='[2]2. Khánh Nga'!B37 -> % Nắp | X14: ='[2]2. Khánh Nga'!O37 -> 0.031786115 | Y14: ='[2]3. Đồng Lâm'!B342 -> % Nắp | Z14: ='[2]3. Đồng Lâm'!O342 -> 0.0029470813 | AE14: =T14*V14 -> 0.0043732371
C15: Chai PET B7.1 | E15: 0 | N15: =M15/$M$21 -> 0 | P15: =I15/F15 -> #DIV/0! | Q15: =$Q$6*K15 -> 0 | R15: =P15+Q15 -> #DIV/0! | S15: =M15-R15 -> #DIV/0! | T15: =S15/M15 -> #DIV/0! | AE15: =T15*V15 -> #DIV/0!
B16: 160000084 | C16: Chai PET B7.2 | E16: 0 | N16: =M16/$M$21 -> 0 | O16: -1000 | P16: =I16/F16 -> #DIV/0! | Q16: =$Q$6*K16 -> 0 | R16: =P16+Q16 -> #DIV/0! | S16: =M16-R16 -> #DIV/0! | T16: =S16/M16 -> #DIV/0! | U16: ='[2]2. Khánh Nga'!B38 -> % Chai B7.2 | V16: ='[2]2. Khánh Nga'!O38 -> 1.842727e-05 | W16: ='[2]2. Khánh Nga'!B38 -> % Chai B7.2 | X16: ='[2]2. Khánh Nga'!O38 -> 1.842727e-05 | Y16: ='[2]3. Đồng Lâm'!B343 -> % Phó sản | Z16: ='[2]3. Đồng Lâm'!O343 -> 0.0089157794
B17: 160000062 | C17: Cổ Chai PET | E17: 0 | N17: =M17/$M$21 -> 0 | O17: 2000 | P17: =I17/F17 -> #DIV/0! | Q17: =$Q$6*K17 -> 0 | R17: =P17+Q17 -> #DIV/0! | S17: =M17-R17 -> #DIV/0! | T17: =S17/M17 -> #DIV/0!
B18: 160000006 | C18: Hao Hụt - Tạp chất | D18: 10 | E18: 0.01 | P18: =I18/F18 -> #DIV/0! | Q18: =$Q$6*K18 -> 0 | R18: =P18+Q18 -> #DIV/0! | S18: =M18-R18 -> #DIV/0! | T18: =S18/M18 -> #DIV/0!
B19: 800000006 | C19: Hao hụt - nhãn chai PET | D19: 60 | E19: 0.06 | P19: =I19/F19 -> #DIV/0! | Q19: =$Q$6*K19 -> 0 | R19: =P19+Q19 -> #DIV/0! | S19: =M19-R19 -> #DIV/0! | T19: =S19/M19 -> #DIV/0!
C20: Hao hụt vô hình | D20: =D6-SUM(D7:D19) -> 40 | E20: 0.04 | P20: =I20/F20 -> #DIV/0! | Q20: =$Q$6*K20 -> 0 | R20: =P20+Q20 -> #DIV/0! | S20: =M20-R20 -> #DIV/0! | T20: =S20/M20 -> #DIV/0!
C21: TỔNG | D21: =SUM(D7:D20) -> 1000 | E21: =SUM(E7:E20) -> 1 | F21: =SUM(F7:F20) -> 890 | G21: =SUM(G7:G20) -> 6.05 | H21: =SUM(H7:H20) -> 1051 | I21: =SUM(I7:I20) -> 11300000 | M21: =AVERAGE(M7:M19) -> 13150 | P21: =I21/F21 -> 12696.629 | T21: =S21/M21 -> 0
P22: =10000/(F21/1000)-P21 -> -1460.6742
B24: II. | C24: CÔNG ĐOẠN BĂM CHAI B6.2 | D24: BOM - KẾ HOẠCH | F24: Sản lượng thành phẩm thực tế | G24: Hệ số quy đổi | H24: Sản lượng thành phẩm quy đổi | I24: Giá trị nguyên liệu phân bổ cho thành phẩm quy đổi | J24: Settlement rule - BOM | K24: Settlement rule - ROUTING | L24: Ghi chú | M24: Giá bán hiện tại | N24: Hệ số quy đổi giá bán
D25: Số lượng | E25: Tỷ lệ | F25: (1) | G25: (2) | H25: (3)= (1)*(2) | I25: (4) | J25: Tỷ lệ | K25: Tỷ lệ
B26: 160000005 | C26: Chai PET B6.2 | D26: 600 | F26: =SUM(F27:F31) -> 1080 | G26: =SUM(G27:G31) -> 4.1 | I26: =I13/F13*D26 -> 7096099
B27: 160000027 | C27: Vảy PET B6.2_A6 | D27: =D26*E27 -> 510 | E27: 0.85 | F27: =D27 -> 510 | G27: 1.35 | H27: =F27*G27 -> 688.5 | I27: =$I$26/$H$31*H27 -> 6886066.4 | J27: =I27/$I$26 -> 0.97040169 | K27: =J27 -> 0.97040169 | L27: (4) = Tổng giá trị NVL /(Tổng số lượng TP quy đổi) * Sl Tp quy đổi. (5) = Giá trị nguyên liệu phân bổ cho thành phẩm quy đổi / Tổng giá trị nguyên liệu phân bổ cho thành phẩm quy đổi | M27: =ROUND($M$13+O27,-2) -> 16500 | N27: =M27/$M$31 -> 1.2692308 | O27: 2000 | P27: 2500
B28: 160000059 | C28: Vảy nắp hỗn hợp B6.2 | D28: =D26*E28 -> 30 | E28: 0.05 | F28: =D28 -> 30 | G28: 0.7 | H28: =F28*G28 -> 21 | I28: =$I$26/$H$31*H28 -> 210032.53 | J28: =I28/$I$26 -> 0.029598309 | K28: =J28 -> 0.029598309 | M28: =ROUND($M$14+O28,-2) -> 9500 | N28: =M28/$M$31 -> 0.73076923 | O28: =O27 -> 2000 | P28: 2500
C29: Phó sản bụi cám | D29: =D26*5% -> 30
C30: Hao hụt vô hình | D30: =D26*5% -> 30
C31: TỔNG | D31: =SUM(D27:D30) -> 600 | F31: =SUM(F27:F30) -> 540 | G31: =SUM(G27:G30) -> 2.05 | H31: =SUM(H27:H30) -> 709.5 | M31: =AVERAGE(M27:M30) -> 13000
C33: Vảy PET_A5.1 mua ngoài | AB33: 16300

Sheet BOM chuẩn KN
B2: BẢNG TÍNH SETTLEMENT RULE BOM - ROUTING (co-product)
M3: Hide | P3: Giá BO sau Phân loại | AG3: T4 | AJ3: =AJ5-AJ6 -> 4.687753e+08
B4: I. | C4: CÔNG ĐOẠN PHÂN LOẠI CHAI | D4: BOM - KẾ HOẠCH | F4: Sản lượng thành phẩm thực tế | G4: Hệ số quy đổi | H4: Sản lượng thành phẩm quy đổi | I4: Giá trị nguyên liệu phân bổ cho thành phẩm quy đổi | J4: Settlement rule - BOM | K4: Settlement rule - ROUTING | L4: Ghi chú | M4: Giá bán hiện tại | N4: Hệ số quy đổi giá bán | O4: Gap (đảm bảo chi phí và lợi nhuận) | P4: GT NVL | Q4: CFSX | R4: GT SP Trạm | S4: LG | T4: % | V4: Đlộc | X4: KN | Z4: ĐLâm | AB4: Giá thị trường | AG4: SL | AH4: DT | AI4: GV | AJ4: LG | AK4: CF | AL4: LNTT | AM4: %LNST
D5: Số lượng | E5: Tỷ lệ | F5: (1) | G5: (2) | H5: (3)= (1)*(2) | I5: (4) | J5: Tỷ lệ | K5: Tỷ lệ | M5: =MAX(V5,X5,Z5) -> 0.10667325 | U5: Hao hụt | V5: ='[2]1. Đại Lộc'!$O$334 -> 0.10096034 | X5: ='[2]2. Khánh Nga'!$O$39 -> 0.097733527 | Z5: ='[2]3. Đồng Lâm'!$O$344 -> 0.10667325 | AJ5: ='[4]KE30-KhanhNga'!$AK$2 -> 1108265483
B6: 150000001 | C6: Chai PET xá | D6: 1000 | E6: =SUM(E7:E20) -> 1 | I6: =D6*$M$6 -> 11300000 | J6: =SUM(J7:J19) -> 1 | K6: =SUM(K7:K19) -> 1 | M6: 11300 | Q6: =X6 -> 2894.8843 | V6: ='[3]3.CP_TAN'!$Q$78 -> 3684.4011 | X6: ='[3]3.CP_TAN'!$R$78 -> 2894.8843 | Z6: ='[3]3.CP_TAN'!$S$78 -> 2609.6553 | AB6: 10000 | AG6: =SUM(AG7:AG16) -> 641114 | AH6: =SUM(AH7:AH16) -> 9692325500 | AI6: =SUM(AI7:AI16) -> 9.0528353e+09 | AJ6: =SUM(AJ7:AJ16) -> 6.3949019e+08 | AK6: =SUM(AK7:AK16) -> 522969527 | AL6: =SUM(AL7:AL16) -> 1.1652066e+08 | AM6: =AL6/AH6 -> 0.012021951
B7: 160000001 | C7: Chai PET B1.1 | D7: 540 | E7: 0.54 | F7: =D7 -> 540 | G7: 1.25 | H7: =F7*G7 -> 675 | I7: =$I$6/$H$21*H7 -> 7257373.9 | J7: =I7/$I$6 -> 0.64224548 | K7: =J7 -> 0.64224548 | L7: (4) = Tổng giá trị NVL /(Tổng số lượng TP quy đổi) * Sl Tp quy đổi. (5) = Giá trị nguyên liệu phân bổ cho thành phẩm quy đổi / Tổng giá trị nguyên liệu phân bổ cho thành phẩm quy đổi | M7: =ROUND($M$6+O7,-2) -> 15800 | N7: =M7/$M$21 -> 1.2169448 | O7: ='GAP (KN)'!J9 -> 4500 | P7: =I7/F7 -> 13439.581 | Q7: =$Q$6*K7 -> 1859.2263 | R7: =P7+Q7 -> 15298.808 | S7: =M7-R7 -> 501.19232 | T7: =S7/M7 -> 0.031721033 | U7: ='[2]1. Đại Lộc'!B327 -> % Chai B1 | V7: ='[2]1. Đại Lộc'!O327 -> 0.65050165 | W7: ='[2]2. Khánh Nga'!B32 -> % Chai B1 | X7: ='[2]2. Khánh Nga'!O32 -> 0.5258354 | Y7: ='[2]3. Đồng Lâm'!B337 -> % Chai B1 | Z7: ='[2]3. Đồng Lâm'!O337 -> 0.50053443 | AB7: 14500 | AC7: 11200 | AE7: =T7*V7 -> 0.020634584 | AF7: =ROUND($M$6+$M$6*$M$5,-2) -> 12500 | AG7: ='[4]KE30-KhanhNga'!$I$4+'[4]KE30-KhanhNga'!$I$5 -> 407227 | AH7: =AG7*M7 -> 6434186600 | AI7: =AG7*R7 -> 6.2300876e+09 | AJ7: =AH7-AI7 -> 2.0409905e+08 | AK7: ='[4]PL-KhanhNga'!$BO$14+'[4]PL-KhanhNga'!$BO$15 -> 522969527 | AL7: =AJ7-AK7 -> -3.1887048e+08
B8: 160000081 | C8: Chai PET B1.3 | F8: =D8 -> 0 | H8: =F8*G8 -> 0 | I8: =$I$6/$H$21*H8 -> 0 | J8: =I8/$I$6 -> 0 | K8: =J8 -> 0 | N8: =M8/$M$21 -> 0 | O8: =O7 -> 4500 | AE8: =T8*V8 -> 0 | AH8: =AG8*M8 -> 0 | AI8: =AG8*R8 -> 0 | AJ8: =AH8-AI8 -> 0 | AL8: =AJ8-AK8 -> 0
B9: 160000002 | C9: Chai PET B2.2 | D9: 30 | E9: 0.03 | F9: =D9 -> 30 | G9: 1.1 | H9: =F9*G9 -> 33 | I9: =$I$6/$H$21*H9 -> 354804.95 | J9: =I9/$I$6 -> 0.031398668 | K9: =J9 -> 0.031398668 | M9: =ROUND($M$6+O9,-2) -> 14300 | N9: =M9/$M$21 -> 1.1014121 | O9: ='GAP (KN)'!J11 -> 3000 | P9: =I9/F9 -> 11826.832 | Q9: =$Q$6*K9 -> 90.895509 | R9: =P9+Q9 -> 11917.727 | S9: =M9-R9 -> 2382.2729 | T9: =S9/M9 -> 0.16659251 | U9: ='[2]1. Đại Lộc'!B328 -> % Chai B2.2 | V9: ='[2]1. Đại Lộc'!O328 -> 0.0053561787 | W9: ='[2]2. Khánh Nga'!B33 -> % Chai B2.2 | X9: ='[2]2. Khánh Nga'!O33 -> 0.078724377 | Y9: ='[2]3. Đồng Lâm'!B338 -> % Chai B2.2 | Z9: ='[2]3. Đồng Lâm'!O338 -> 0.08356034 | AE9: =T9*V9 -> 0.00089229926 | AG9: ='[4]KE30-KhanhNga'!$I$6 -> 47471 | AH9: =AG9*M9 -> 678835300 | AI9: =AG9*R9 -> 5.6574642e+08 | AJ9: =AH9-AI9 -> 1.1308888e+08 | AL9: =AJ9-AK9 -> 1.1308888e+08
B10: 160000063 | C10: Chai PET B4 | D10: 20 | E10: 0.02 | F10: =D10 -> 20 | G10: 1 | H10: =F10*G10 -> 20 | I10: =$I$6/$H$21*H10 -> 215033.3 | J10: =I10/$I$6 -> 0.019029496 | K10: =J10 -> 0.019029496 | M10: =ROUND($M$6+O10,-2) -> 13000 | N10: =M10/$M$21 -> 1.0012837 | O10: ='GAP (KN)'!J10 -> 1700 | P10: =I10/F10 -> 10751.665 | Q10: =$Q$6*K10 -> 55.088187 | R10: =P10+Q10 -> 10806.753 | S10: =M10-R10 -> 2193.2467 | T10: =S10/M10 -> 0.16871129 | U10: ='[2]2. Khánh Nga'!B35 -> % Chai B4 | V10: ='[2]2. Khánh Nga'!O35 -> 0.014912634 | W10: ='[2]2. Khánh Nga'!B35 -> % Chai B4 | X10: ='[2]2. Khánh Nga'!O35 -> 0.014912634 | Y10: ='[2]3. Đồng Lâm'!B340 -> % Chai B4 | Z10: ='[2]3. Đồng Lâm'!O340 -> 0.019139602 | AE10: =T10*V10 -> 0.0025159296 | AG10: ='[4]KE30-KhanhNga'!$I$7 -> 12220 | AH10: =AG10*M10 -> 158860000 | AI10: =AG10*R10 -> 1.3205852e+08 | AJ10: =AH10-AI10 -> 26801475 | AL10: =AJ10-AK10 -> 26801475
B11: 160000004 | C11: Chai PET B5 | D11: 20 | E11: 0.02 | F11: =D11 -> 20 | G11: 1 | H11: =F11*G11 -> 20 | I11: =$I$6/$H$21*H11 -> 215033.3 | J11: =I11/$I$6 -> 0.019029496 | K11: =J11 -> 0.019029496 | M11: =ROUND($M$6+O11,-2) -> 13000 | N11: =M11/$M$21 -> 1.0012837 | O11: =O10 -> 1700 | P11: =I11/F11 -> 10751.665 | Q11: =$Q$6*K11 -> 55.088187 | R11: =P11+Q11 -> 10806.753 | S11: =M11-R11 -> 2193.2467 | T11: =S11/M11 -> 0.16871129 | U11: ='[2]2. Khánh Nga'!B36 -> % Chai B5 | V11: ='[2]2. Khánh Nga'!O36 -> 0.019802359 | W11: ='[2]2. Khánh Nga'!B36 -> % Chai B5 | X11: ='[2]2. Khánh Nga'!O36 -> 0.019802359 | Y11: ='[2]3. Đồng Lâm'!B341 -> % Chai B5 | Z11: ='[2]3. Đồng Lâm'!O341 -> 0.010656982 | AE11: =T11*V11 -> 0.0033408814 | AG11: ='[4]KE30-KhanhNga'!$I$8 -> 20768 | AH11: =AG11*M11 -> 269984000 | AI11: =AG11*R11 -> 2.2443465e+08 | AJ11: =AH11-AI11 -> 45549348 | AL11: =AJ11-AK11 -> 45549348
C12: Chai PET B6.1 | F12: =D12 -> 0 | H12: =F12*G12 -> 0 | I12: =$I$6/$H$21*H12 -> 0 | J12: =I12/$I$6 -> 0 | K12: =J12 -> 0 | N12: =M12/$M$21 -> 0 | O12: =O8 -> 4500 | AE12: =T12*V12 -> 0 | AH12: =AG12*M12 -> 0 | AI12: =AG12*R12 -> 0 | AJ12: =AH12-AI12 -> 0 | AL12: =AJ12-AK12 -> 0
B13: 160000005 | C13: Chai PET B6.2 | D13: 270 | E13: 0.27 | F13: =D13 -> 270 | G13: 1.1 | H13: =F13*G13 -> 297 | I13: =$I$6/$H$21*H13 -> 3193244.5 | J13: =I13/$I$6 -> 0.28258801 | K13: =J13 -> 0.28258801 | M13: =ROUND($M$6+O13,-2) -> 14300 | N13: =M13/$M$21 -> 1.1014121 | O13: =O9 -> 3000 | P13: =I13/F13 -> 11826.832 | Q13: =$Q$6*K13 -> 818.05958 | R13: =P13+Q13 -> 12644.891 | S13: =M13-R13 -> 1655.1088 | T13: =S13/M13 -> 0.11574188 | U13: ='[2]1. Đại Lộc'!B329 -> % Chai B6.2 | V13: ='[2]1. Đại Lộc'!O329 -> 0.19170632 | W13: ='[2]2. Khánh Nga'!B34 -> % Chai B6.2 | X13: ='[2]2. Khánh Nga'!O34 -> 0.23118717 | Y13: ='[2]3. Đồng Lâm'!B339 -> % Chai B6.2 | Z13: ='[2]3. Đồng Lâm'!O339 -> 0.26757253 | AE13: =T13*V13 -> 0.022188449 | AG13: ='[4]KE30-KhanhNga'!$I$9 -> 147022 | AH13: =AG13*M13 -> 2102414600 | AI13: =AG13*R13 -> 1.8590772e+09 | AJ13: =AH13-AI13 -> 2.4333741e+08 | AL13: =AJ13-AK13 -> 2.4333741e+08
B14: 160000007 | C14: Nắp HD Ép Các Màu HDE-06 | D14: 10 | E14: 0.01 | F14: =D14 -> 10 | G14: 0.6 | H14: =F14*G14 -> 6 | I14: =$I$6/$H$21*H14 -> 64509.99 | J14: =I14/$I$6 -> 0.0057088487 | K14: =J14 -> 0.0057088487 | M14: =ROUND($M$6+O14,-2) -> 7500 | N14: =M14/$M$21 -> 0.57766367 | O14: ='GAP (KN)'!J12 -> -3800 | P14: =I14/F14 -> 6450.999 | Q14: =$Q$6*K14 -> 16.526456 | R14: =P14+Q14 -> 6467.5255 | S14: =M14-R14 -> 1032.4745 | T14: =S14/M14 -> 0.13766327 | U14: ='[2]2. Khánh Nga'!B37 -> % Nắp | V14: ='[2]2. Khánh Nga'!O37 -> 0.031786115 | W14: ='[2]2. Khánh Nga'!B37 -> % Nắp | X14: ='[2]2. Khánh Nga'!O37 -> 0.031786115 | Y14: ='[2]3. Đồng Lâm'!B342 -> % Nắp | Z14: ='[2]3. Đồng Lâm'!O342 -> 0.0029470813 | AE14: =T14*V14 -> 0.0043757804 | AG14: ='[4]KE30-KhanhNga'!$I$10 -> 6406 | AH14: =AG14*M14 -> 48045000 | AI14: =AG14*R14 -> 41430968 | AJ14: =AH14-AI14 -> 6614031.6 | AL14: =AJ14-AK14 -> 6614031.6
C15: Chai PET B7.1 | E15: 0 | N15: =M15/$M$21 -> 0 | AE15: =T15*V15 -> 0 | AH15: =AG15*M15 -> 0 | AI15: =AG15*R15 -> 0 | AJ15: =AH15-AI15 -> 0 | AL15: =AJ15-AK15 -> 0
B16: 160000084 | C16: Chai PET B7.2 | E16: 0 | N16: =M16/$M$21 -> 0 | O16: -1000 | P16: =I16/F16 -> #DIV/0! | Q16: =$Q$6*K16 -> 0 | R16: =P16+Q16 -> #DIV/0! | S16: =M16-R16 -> #DIV/0! | T16: =S16/M16 -> #DIV/0! | U16: ='[2]2. Khánh Nga'!B38 -> % Chai B7.2 | V16: ='[2]2. Khánh Nga'!O38 -> 1.842727e-05 | W16: ='[2]2. Khánh Nga'!B38 -> % Chai B7.2 | X16: ='[2]2. Khánh Nga'!O38 -> 1.842727e-05 | Y16: ='[2]3. Đồng Lâm'!B343 -> % Phó sản | Z16: ='[2]3. Đồng Lâm'!O343 -> 0.0089157794 | AH16: =AG16*M16 -> 0 | AJ16: =AH16-AI16 -> 0 | AL16: =AJ16-AK16 -> 0
B17: 160000062 | C17: Cổ Chai PET | E17: 0 | N17: =M17/$M$21 -> 0 | O17: 2000 | AH17: ='[4]KE30-KhanhNga'!$K$11 -> 78728160
B18: 160000006 | C18: Hao Hụt - Tạp chất | D18: 10 | E18: 0.01
B19: 800000006 | C19: Hao hụt - nhãn chai PET | D19: 60 | E19: 0.06
C20: Hao hụt vô hình | D20: =D6-SUM(D7:D19) -> 40 | E20: 0.04
C21: TỔNG | D21: =SUM(D7:D20) -> 1000 | E21: =SUM(E7:E20) -> 1 | F21: =SUM(F7:F20) -> 890 | G21: =SUM(G7:G20) -> 6.05 | H21: =SUM(H7:H20) -> 1051 | I21: =SUM(I7:I20) -> 11300000 | M21: =AVERAGE(M7:M19) -> 12983.333 | P21: =I21/F21 -> 12696.629 | T21: =S21/M21 -> 0
P22: =10000/(F21/1000)-P21 -> -1460.6742
B24: II. | C24: CÔNG ĐOẠN BĂM CHAI B6.2 | D24: BOM - KẾ HOẠCH | F24: Sản lượng thành phẩm thực tế | G24: Hệ số quy đổi | H24: Sản lượng thành phẩm quy đổi | I24: Giá trị nguyên liệu phân bổ cho thành phẩm quy đổi | J24: Settlement rule - BOM | K24: Settlement rule - ROUTING | L24: Ghi chú | M24: Giá bán hiện tại | N24: Hệ số quy đổi giá bán
D25: Số lượng | E25: Tỷ lệ | F25: (1) | G25: (2) | H25: (3)= (1)*(2) | I25: (4) | J25: Tỷ lệ | K25: Tỷ lệ
B26: 160000005 | C26: Chai PET B6.2 | D26: 600 | F26: =SUM(F27:F31) -> 1080 | G26: =SUM(G27:G31) -> 4.1 | I26: =I13/F13*D26 -> 7096099
B27: 160000027 | C27: Vảy PET B6.2_A6 | D27: =D26*E27 -> 510 | E27: 0.85 | F27: =D27 -> 510 | G27: 1.35 | H27: =F27*G27 -> 688.5 | I27: =$I$26/$H$31*H27 -> 6886066.4 | J27: =I27/$I$26 -> 0.97040169 | K27: =J27 -> 0.97040169 | L27: (4) = Tổng giá trị NVL /(Tổng số lượng TP quy đổi) * Sl Tp quy đổi. (5) = Giá trị nguyên liệu phân bổ cho thành phẩm quy đổi / Tổng giá trị nguyên liệu phân bổ cho thành phẩm quy đổi | M27: =ROUND($M$13+O27,-2) -> 16300 | N27: =M27/$M$31 -> 1.2635659 | O27: 2000 | P27: 2500
B28: 160000059 | C28: Vảy nắp hỗn hợp B6.2 | D28: =D26*E28 -> 30 | E28: 0.05 | F28: =D28 -> 30 | G28: 0.7 | H28: =F28*G28 -> 21 | I28: =$I$26/$H$31*H28 -> 210032.53 | J28: =I28/$I$26 -> 0.029598309 | K28: =J28 -> 0.029598309 | M28: =ROUND($M$14+O28,-2) -> 9500 | N28: =M28/$M$31 -> 0.73643411 | O28: =O27 -> 2000 | P28: 2500
C29: Phó sản bụi cám | D29: =D26*5% -> 30
C30: Hao hụt vô hình | D30: =D26*5% -> 30
C31: TỔNG | D31: =SUM(D27:D30) -> 600 | F31: =SUM(F27:F30) -> 540 | G31: =SUM(G27:G30) -> 2.05 | H31: =SUM(H27:H30) -> 709.5 | M31: =AVERAGE(M27:M30) -> 12900
C33: Vảy PET_A5.1 mua ngoài | AB33: 16300

Sheet BOM chuẩn DLA
B2: BẢNG TÍNH SETTLEMENT RULE BOM - ROUTING (co-product)
M3: Hide | P3: Giá BO sau Phân loại | AG3: T4 | AH3: =AH5-AH6 -> 75597922 | AI3: =AI5-AI6 -> -2.7385409e+08 | AJ3: =AJ5-AJ6 -> 3.4945201e+08
B4: I. | C4: CÔNG ĐOẠN PHÂN LOẠI CHAI | D4: BOM - KẾ HOẠCH | F4: Sản lượng thành phẩm thực tế | G4: Hệ số quy đổi | H4: Sản lượng thành phẩm quy đổi | I4: Giá trị nguyên liệu phân bổ cho thành phẩm quy đổi | J4: Settlement rule - BOM | K4: Settlement rule - ROUTING | L4: Ghi chú | M4: Giá bán hiện tại | N4: Hệ số quy đổi giá bán | O4: Gap (đảm bảo chi phí và lợi nhuận) | P4: GT NVL | Q4: CFSX | R4: GT SP Trạm | S4: LG | T4: % | V4: Đlộc | X4: KN | Z4: ĐLâm | AB4: Giá thị trường | AG4: SL | AH4: DT | AI4: GV | AJ4: LG | AK4: CF | AL4: LNTT
D5: Số lượng | E5: Tỷ lệ | F5: (1) | G5: (2) | H5: (3)= (1)*(2) | I5: (4) | J5: Tỷ lệ | K5: Tỷ lệ | M5: =MAX(V5,X5,Z5) -> 0.10667325 | U5: Hao hụt | V5: ='[2]1. Đại Lộc'!$O$334 -> 0.10096034 | X5: ='[2]2. Khánh Nga'!$O$39 -> 0.097733527 | Z5: ='[2]3. Đồng Lâm'!$O$344 -> 0.10667325 | AH5: ='[4]KE30-DongLam'!$K$2 -> 7009495222 | AI5: ='[4]KE30-DongLam'!$AJ$2 -> 6103584508 | AJ5: ='[4]KE30-DongLam'!$AK$2 -> 905910714
B6: 150000001 | C6: Chai PET xá | D6: 1000 | E6: =SUM(E7:E20) -> 1 | I6: =D6*$M$6 -> 11300000 | J6: =SUM(J7:J19) -> 1 | K6: =SUM(K7:K19) -> 1 | M6: 11300 | Q6: =Z6 -> 2609.6553 | V6: ='[3]3.CP_TAN'!$Q$78 -> 3684.4011 | X6: ='[3]3.CP_TAN'!$R$78 -> 2894.8843 | Z6: ='[3]3.CP_TAN'!$S$78 -> 2609.6553 | AB6: 10000 | AG6: =SUM(AG7:AG16) -> 461494 | AH6: =SUM(AH7:AH16) -> 6933897300 | AI6: =SUM(AI7:AI16) -> 6.3774386e+09 | AJ6: =SUM(AJ7:AJ16) -> 5.564587e+08 | AK6: =SUM(AK7:AK16) -> 467209211 | AL6: =SUM(AL7:AL16) -> 89249491 | AM6: =AL6/AH6 -> 0.012871476
B7: 160000001 | C7: Chai PET B1.1 | D7: 540 | E7: 0.54 | F7: =D7 -> 540 | G7: 1.25 | H7: =F7*G7 -> 675 | I7: =$I$6/$H$21*H7 -> 7257373.9 | J7: =I7/$I$6 -> 0.64224548 | K7: =J7 -> 0.64224548 | L7: (4) = Tổng giá trị NVL /(Tổng số lượng TP quy đổi) * Sl Tp quy đổi. (5) = Giá trị nguyên liệu phân bổ cho thành phẩm quy đổi / Tổng giá trị nguyên liệu phân bổ cho thành phẩm quy đổi | M7: =ROUND($M$6+O7,-2) -> 15800 | N7: =M7/$M$21 -> 1.2169448 | O7: ='GAP (KN)'!J9 -> 4500 | P7: =I7/F7 -> 13439.581 | Q7: =$Q$6*K7 -> 1676.0393 | R7: =P7+Q7 -> 15115.621 | S7: =M7-R7 -> 684.3793 | T7: =S7/M7 -> 0.043315146 | U7: ='[2]1. Đại Lộc'!B327 -> % Chai B1 | V7: ='[2]1. Đại Lộc'!O327 -> 0.65050165 | W7: ='[2]2. Khánh Nga'!B32 -> % Chai B1 | X7: ='[2]2. Khánh Nga'!O32 -> 0.5258354 | Y7: ='[2]3. Đồng Lâm'!B337 -> % Chai B1 | Z7: ='[2]3. Đồng Lâm'!O337 -> 0.50053443 | AB7: 14500 | AC7: 11200 | AE7: =T7*V7 -> 0.028176574 | AF7: =ROUND($M$6+$M$6*$M$5,-2) -> 12500 | AG7: ='[4]KE30-DongLam'!$AL$4+'[4]KE30-DongLam'!$AL$5 -> 264497 | AH7: =AG7*M7 -> 4179052600 | AI7: =AG7*R7 -> 3.9980363e+09 | AJ7: =AH7-AI7 -> 1.8101627e+08 | AK7: ='[4]PL-DongLam'!$BO$14+'[4]PL-DongLam'!$BO$15 -> 467209211 | AL7: =AJ7-AK7 -> -2.8619294e+08
B8: 160000081 | C8: Chai PET B1.3 | F8: =D8 -> 0 | H8: =F8*G8 -> 0 | I8: =$I$6/$H$21*H8 -> 0 | J8: =I8/$I$6 -> 0 | K8: =J8 -> 0 | N8: =M8/$M$21 -> 0 | O8: =O7 -> 4500 | AE8: =T8*V8 -> 0 | AH8: =AG8*M8 -> 0 | AI8: =AG8*R8 -> 0 | AJ8: =AH8-AI8 -> 0 | AL8: =AJ8-AK8 -> 0
B9: 160000002 | C9: Chai PET B2.2 | D9: 30 | E9: 0.03 | F9: =D9 -> 30 | G9: 1.1 | H9: =F9*G9 -> 33 | I9: =$I$6/$H$21*H9 -> 354804.95 | J9: =I9/$I$6 -> 0.031398668 | K9: =J9 -> 0.031398668 | M9: =ROUND($M$6+O9,-2) -> 14300 | N9: =M9/$M$21 -> 1.1014121 | O9: ='GAP (KN)'!J11 -> 3000 | P9: =I9/F9 -> 11826.832 | Q9: =$Q$6*K9 -> 81.939701 | R9: =P9+Q9 -> 11908.771 | S9: =M9-R9 -> 2391.2287 | T9: =S9/M9 -> 0.16721879 | U9: ='[2]1. Đại Lộc'!B328 -> % Chai B2.2 | V9: ='[2]1. Đại Lộc'!O328 -> 0.0053561787 | W9: ='[2]2. Khánh Nga'!B33 -> % Chai B2.2 | X9: ='[2]2. Khánh Nga'!O33 -> 0.078724377 | Y9: ='[2]3. Đồng Lâm'!B338 -> % Chai B2.2 | Z9: ='[2]3. Đồng Lâm'!O338 -> 0.08356034 | AE9: =T9*V9 -> 0.00089565373 | AG9: ='[4]KE30-DongLam'!$I$6 -> 51840 | AH9: =AG9*M9 -> 741312000 | AI9: =AG9*R9 -> 6.173507e+08 | AJ9: =AH9-AI9 -> 1.239613e+08 | AL9: =AJ9-AK9 -> 1.239613e+08
B10: 160000063 | C10: Chai PET B4 | D10: 20 | E10: 0.02 | F10: =D10 -> 20 | G10: 1 | H10: =F10*G10 -> 20 | I10: =$I$6/$H$21*H10 -> 215033.3 | J10: =I10/$I$6 -> 0.019029496 | K10: =J10 -> 0.019029496 | M10: =ROUND($M$6+O10,-2) -> 13000 | N10: =M10/$M$21 -> 1.0012837 | O10: ='GAP (KN)'!J10 -> 1700 | P10: =I10/F10 -> 10751.665 | Q10: =$Q$6*K10 -> 49.660425 | R10: =P10+Q10 -> 10801.326 | S10: =M10-R10 -> 2198.6745 | T10: =S10/M10 -> 0.16912881 | U10: ='[2]2. Khánh Nga'!B35 -> % Chai B4 | V10: ='[2]2. Khánh Nga'!O35 -> 0.014912634 | W10: ='[2]2. Khánh Nga'!B35 -> % Chai B4 | X10: ='[2]2. Khánh Nga'!O35 -> 0.014912634 | Y10: ='[2]3. Đồng Lâm'!B340 -> % Chai B4 | Z10: ='[2]3. Đồng Lâm'!O340 -> 0.019139602 | AE10: =T10*V10 -> 0.002522156 | AG10: ='[4]KE30-DongLam'!$I$7 -> 6563 | AH10: =AG10*M10 -> 85319000 | AI10: =AG10*R10 -> 70889099 | AJ10: =AH10-AI10 -> 14429901 | AL10: =AJ10-AK10 -> 14429901
B11: 160000004 | C11: Chai PET B5 | D11: 20 | E11: 0.02 | F11: =D11 -> 20 | G11: 1 | H11: =F11*G11 -> 20 | I11: =$I$6/$H$21*H11 -> 215033.3 | J11: =I11/$I$6 -> 0.019029496 | K11: =J11 -> 0.019029496 | M11: =ROUND($M$6+O11,-2) -> 13000 | N11: =M11/$M$21 -> 1.0012837 | O11: =O10 -> 1700 | P11: =I11/F11 -> 10751.665 | Q11: =$Q$6*K11 -> 49.660425 | R11: =P11+Q11 -> 10801.326 | S11: =M11-R11 -> 2198.6745 | T11: =S11/M11 -> 0.16912881 | U11: ='[2]2. Khánh Nga'!B36 -> % Chai B5 | V11: ='[2]2. Khánh Nga'!O36 -> 0.019802359 | W11: ='[2]2. Khánh Nga'!B36 -> % Chai B5 | X11: ='[2]2. Khánh Nga'!O36 -> 0.019802359 | Y11: ='[2]3. Đồng Lâm'!B341 -> % Chai B5 | Z11: ='[2]3. Đồng Lâm'!O341 -> 0.010656982 | AE11: =T11*V11 -> 0.0033491493 | AG11: ='[4]KE30-DongLam'!$I$8 -> 3401 | AH11: =AG11*M11 -> 44213000 | AI11: =AG11*R11 -> 36735308 | AJ11: =AH11-AI11 -> 7477692 | AL11: =AJ11-AK11 -> 7477692
C12: Chai PET B6.1 | F12: =D12 -> 0 | H12: =F12*G12 -> 0 | I12: =$I$6/$H$21*H12 -> 0 | J12: =I12/$I$6 -> 0 | K12: =J12 -> 0 | N12: =M12/$M$21 -> 0 | O12: =O8 -> 4500 | AE12: =T12*V12 -> 0 | AH12: =AG12*M12 -> 0 | AI12: =AG12*R12 -> 0 | AJ12: =AH12-AI12 -> 0 | AL12: =AJ12-AK12 -> 0
B13: 160000005 | C13: Chai PET B6.2 | D13: 270 | E13: 0.27 | F13: =D13 -> 270 | G13: 1.1 | H13: =F13*G13 -> 297 | I13: =$I$6/$H$21*H13 -> 3193244.5 | J13: =I13/$I$6 -> 0.28258801 | K13: =J13 -> 0.28258801 | M13: =ROUND($M$6+O13,-2) -> 14300 | N13: =M13/$M$21 -> 1.1014121 | O13: =O9 -> 3000 | P13: =I13/F13 -> 11826.832 | Q13: =$Q$6*K13 -> 737.45731 | R13: =P13+Q13 -> 12564.289 | S13: =M13-R13 -> 1735.7111 | T13: =S13/M13 -> 0.1213784 | U13: ='[2]1. Đại Lộc'!B329 -> % Chai B6.2 | V13: ='[2]1. Đại Lộc'!O329 -> 0.19170632 | W13: ='[2]2. Khánh Nga'!B34 -> % Chai B6.2 | X13: ='[2]2. Khánh Nga'!O34 -> 0.23118717 | Y13: ='[2]3. Đồng Lâm'!B339 -> % Chai B6.2 | Z13: ='[2]3. Đồng Lâm'!O339 -> 0.26757253 | AE13: =T13*V13 -> 0.023269006 | AG13: ='[4]KE30-DongLam'!$I$9 -> 127949 | AH13: =AG13*M13 -> 1829670700 | AI13: =AG13*R13 -> 1.6075882e+09 | AJ13: =AH13-AI13 -> 2.220825e+08 | AL13: =AJ13-AK13 -> 2.220825e+08
B14: 160000007 | C14: Nắp HD Ép Các Màu HDE-06 | D14: 10 | E14: 0.01 | F14: =D14 -> 10 | G14: 0.6 | H14: =F14*G14 -> 6 | I14: =$I$6/$H$21*H14 -> 64509.99 | J14: =I14/$I$6 -> 0.0057088487 | K14: =J14 -> 0.0057088487 | M14: =ROUND($M$6+O14,-2) -> 7500 | N14: =M14/$M$21 -> 0.57766367 | O14: ='GAP (KN)'!J12 -> -3800 | P14: =I14/F14 -> 6450.999 | Q14: =$Q$6*K14 -> 14.898128 | R14: =P14+Q14 -> 6465.8972 | S14: =M14-R14 -> 1034.1028 | T14: =S14/M14 -> 0.13788038 | U14: ='[2]2. Khánh Nga'!B37 -> % Nắp | V14: ='[2]2. Khánh Nga'!O37 -> 0.031786115 | W14: ='[2]2. Khánh Nga'!B37 -> % Nắp | X14: ='[2]2. Khánh Nga'!O37 -> 0.031786115 | Y14: ='[2]3. Đồng Lâm'!B342 -> % Nắp | Z14: ='[2]3. Đồng Lâm'!O342 -> 0.0029470813 | AE14: =T14*V14 -> 0.0043826815 | AG14: ='[4]KE30-DongLam'!$I$10 -> 7244 | AH14: =AG14*M14 -> 54330000 | AI14: =AG14*R14 -> 46838959 | AJ14: =AH14-AI14 -> 7491040.9 | AL14: =AJ14-AK14 -> 7491040.9
C15: Chai PET B7.1 | E15: 0 | N15: =M15/$M$21 -> 0 | AE15: =T15*V15 -> 0 | AH15: =AG15*M15 -> 0 | AI15: =AG15*R15 -> 0 | AJ15: =AH15-AI15 -> 0 | AL15: =AJ15-AK15 -> 0
B16: 160000084 | C16: Chai PET B7.2 | E16: 0 | N16: =M16/$M$21 -> 0 | O16: -1000 | P16: =I16/F16 -> #DIV/0! | Q16: =$Q$6*K16 -> 0 | R16: =P16+Q16 -> #DIV/0! | S16: =M16-R16 -> #DIV/0! | T16: =S16/M16 -> #DIV/0! | U16: ='[2]2. Khánh Nga'!B38 -> % Chai B7.2 | V16: ='[2]2. Khánh Nga'!O38 -> 1.842727e-05 | W16: ='[2]2. Khánh Nga'!B38 -> % Chai B7.2 | X16: ='[2]2. Khánh Nga'!O38 -> 1.842727e-05 | Y16: ='[2]3. Đồng Lâm'!B343 -> % Phó sản | Z16: ='[2]3. Đồng Lâm'!O343 -> 0.0089157794 | AH16: =AG16*M16 -> 0 | AJ16: =AH16-AI16 -> 0 | AL16: =AJ16-AK16 -> 0
B17: 160000062 | C17: Cổ Chai PET | E17: 0 | N17: =M17/$M$21 -> 0 | O17: 2000 | AH17: =
B18: 160000006 | C18: Hao Hụt - Tạp chất | D18: 10 | E18: 0.01
B19: 800000006 | C19: Hao hụt - nhãn chai PET | D19: 60 | E19: 0.06
C20: Hao hụt vô hình | D20: =D6-SUM(D7:D19) -> 40 | E20: 0.04
C21: TỔNG | D21: =SUM(D7:D20) -> 1000 | E21: =SUM(E7:E20) -> 1 | F21: =SUM(F7:F20) -> 890 | G21: =SUM(G7:G20) -> 6.05 | H21: =SUM(H7:H20) -> 1051 | I21: =SUM(I7:I20) -> 11300000 | M21: =AVERAGE(M7:M19) -> 12983.333 | P21: =I21/F21 -> 12696.629 | T21: =S21/M21 -> 0
P22: =10000/(F21/1000)-P21 -> -1460.6742
B24: II. | C24: CÔNG ĐOẠN BĂM CHAI B6.2 | D24: BOM - KẾ HOẠCH | F24: Sản lượng thành phẩm thực tế | G24: Hệ số quy đổi | H24: Sản lượng thành phẩm quy đổi | I24: Giá trị nguyên liệu phân bổ cho thành phẩm quy đổi | J24: Settlement rule - BOM | K24: Settlement rule - ROUTING | L24: Ghi chú | M24: Giá bán hiện tại | N24: Hệ số quy đổi giá bán
D25: Số lượng | E25: Tỷ lệ | F25: (1) | G25: (2) | H25: (3)= (1)*(2) | I25: (4) | J25: Tỷ lệ | K25: Tỷ lệ
B26: 160000005 | C26: Chai PET B6.2 | D26: 600 | F26: =SUM(F27:F31) -> 1080 | G26: =SUM(G27:G31) -> 4.1 | I26: =I13/F13*D26 -> 7096099
B27: 160000027 | C27: Vảy PET B6.2_A6 | D27: =D26*E27 -> 510 | E27: 0.85 | F27: =D27 -> 510 | G27: 1.35 | H27: =F27*G27 -> 688.5 | I27: =$I$26/$H$31*H27 -> 6886066.4 | J27: =I27/$I$26 -> 0.97040169 | K27: =J27 -> 0.97040169 | L27: (4) = Tổng giá trị NVL /(Tổng số lượng TP quy đổi) * Sl Tp quy đổi. (5) = Giá trị nguyên liệu phân bổ cho thành phẩm quy đổi / Tổng giá trị nguyên liệu phân bổ cho thành phẩm quy đổi | M27: =ROUND($M$13+O27,-2) -> 16300 | N27: =M27/$M$31 -> 1.2635659 | O27: 2000 | P27: 2500
B28: 160000059 | C28: Vảy nắp hỗn hợp B6.2 | D28: =D26*E28 -> 30 | E28: 0.05 | F28: =D28 -> 30 | G28: 0.7 | H28: =F28*G28 -> 21 | I28: =$I$26/$H$31*H28 -> 210032.53 | J28: =I28/$I$26 -> 0.029598309 | K28: =J28 -> 0.029598309 | M28: =ROUND($M$14+O28,-2) -> 9500 | N28: =M28/$M$31 -> 0.73643411 | O28: =O27 -> 2000 | P28: 2500
C29: Phó sản bụi cám | D29: =D26*5% -> 30
C30: Hao hụt vô hình | D30: =D26*5% -> 30
C31: TỔNG | D31: =SUM(D27:D30) -> 600 | F31: =SUM(F27:F30) -> 540 | G31: =SUM(G27:G30) -> 2.05 | H31: =SUM(H27:H30) -> 709.5 | M31: =AVERAGE(M27:M30) -> 12900
C33: Vảy PET_A5.1 mua ngoài | AB33: 16300

Sheet BOM&NRV
B2: BẢNG TÍNH SETTLEMENT RULE BOM - ROUTING (co-product)
M3: Hide
B4: I. | C4: CÔNG ĐOẠN PHÂN LOẠI CHAI | D4: BOM - KẾ HOẠCH | F4: Sản lượng thành phẩm thực tế | G4: Hệ số quy đổi | H4: Sản lượng thành phẩm quy đổi | I4: Giá trị nguyên liệu phân bổ cho thành phẩm quy đổi | J4: Settlement rule - BOM | K4: Settlement rule - ROUTING | L4: Ghi chú | M4: Giá bán hiện tại | N4: Hệ số quy đổi giá bán | P4: GT NVL | Q4: CFSX | R4: GT SP Trạm | S4: LG | T4: %
D5: Số lượng | E5: Tỷ lệ | F5: (1) | G5: (2) | H5: (3)= (1)*(2) | I5: (4) | J5: Tỷ lệ | K5: Tỷ lệ
B6: 150000001 | C6: Chai PET xá | D6: 1000 | E6: =SUM(E7:E20) -> 1 | I6: =D6*10000 -> 10000000 | J6: =SUM(J7:J19) -> 1 | K6: =SUM(K7:K19) -> 1 | Q6: 3000
B7: 160000001 | C7: Chai PET B1.1 | D7: 540 | E7: 0.54 | F7: =D7 -> 540 | G7: 1.25 | H7: =F7*G7 -> 675 | I7: =$I$6/$H$21*H7 -> 6422454.8 | J7: =I7/$I$6 -> 0.64224548 | K7: =J7 -> 0.64224548 | L7: (4) = Tổng giá trị NVL /(Tổng số lượng TP quy đổi) * Sl Tp quy đổi. (5) = Giá trị nguyên liệu phân bổ cho thành phẩm quy đổi / Tổng giá trị nguyên liệu phân bổ cho thành phẩm quy đổi | M7: =ROUND(11000+11000*14%+4000,-2) -> 16500 | N7: =M7/$M$21 -> 1.2222222 | P7: =I7/F7 -> 11893.435 | Q7: =$Q$6*K7 -> 1926.7364 | R7: =P7+Q7 -> 13820.171 | S7: =M7-R7 -> 2679.8287 | T7: =S7/M7 -> 0.16241386
B8: 160000081 | C8: Chai PET B1.3 | F8: =D8 -> 0 | H8: =F8*G8 -> 0 | I8: =$I$6/$H$21*H8 -> 0 | J8: =I8/$I$6 -> 0 | K8: =J8 -> 0 | N8: =M8/$M$21 -> 0 | P8: =I8/F8 -> #DIV/0! | Q8: =$Q$6*K8 -> 0 | R8: =P8+Q8 -> #DIV/0! | S8: =M8-R8 -> #DIV/0! | T8: =S8/M8 -> #DIV/0!
B9: 160000002 | C9: Chai PET B2.2 | D9: 30 | E9: 0.03 | F9: =D9 -> 30 | G9: 1.1 | H9: =F9*G9 -> 33 | I9: =$I$6/$H$21*H9 -> 313986.68 | J9: =I9/$I$6 -> 0.031398668 | K9: =J9 -> 0.031398668 | M9: =ROUND(11000+11000*14%+2500,-2) -> 15000 | N9: =M9/$M$21 -> 1.1111111 | P9: =I9/F9 -> 10466.223 | Q9: =$Q$6*K9 -> 94.196004 | R9: =P9+Q9 -> 10560.419 | S9: =M9-R9 -> 4439.5814 | T9: =S9/M9 -> 0.29597209
B10: 160000063 | C10: Chai PET B4 | D10: 20 | E10: 0.02 | F10: =D10 -> 20 | G10: 1 | H10: =F10*G10 -> 20 | I10: =$I$6/$H$21*H10 -> 190294.96 | J10: =I10/$I$6 -> 0.019029496 | K10: =J10 -> 0.019029496 | M10: =ROUND(11000+11000*14%+1000,-2) -> 13500 | N10: =M10/$M$21 -> 1 | P10: =I10/F10 -> 9514.7479 | Q10: =$Q$6*K10 -> 57.088487 | R10: =P10+Q10 -> 9571.8363 | S10: =M10-R10 -> 3928.1637 | T10: =S10/M10 -> 0.29097509
B11: 160000004 | C11: Chai PET B5 | D11: 20 | E11: 0.02 | F11: =D11 -> 20 | G11: 1 | H11: =F11*G11 -> 20 | I11: =$I$6/$H$21*H11 -> 190294.96 | J11: =I11/$I$6 -> 0.019029496 | K11: =J11 -> 0.019029496 | M11: =ROUND(11000+11000*14%+1000,-2) -> 13500 | N11: =M11/$M$21 -> 1 | P11: =I11/F11 -> 9514.7479 | Q11: =$Q$6*K11 -> 57.088487 | R11: =P11+Q11 -> 9571.8363 | S11: =M11-R11 -> 3928.1637 | T11: =S11/M11 -> 0.29097509
C12: Chai PET B6.1 | F12: =D12 -> 0 | H12: =F12*G12 -> 0 | I12: =$I$6/$H$21*H12 -> 0 | J12: =I12/$I$6 -> 0 | K12: =J12 -> 0 | N12: =M12/$M$21 -> 0 | P12: =I12/F12 -> #DIV/0! | Q12: =$Q$6*K12 -> 0 | R12: =P12+Q12 -> #DIV/0! | S12: =M12-R12 -> #DIV/0! | T12: =S12/M12 -> #DIV/0!
B13: 160000005 | C13: Chai PET B6.2 | D13: 270 | E13: 0.27 | F13: =D13 -> 270 | G13: 1.1 | H13: =F13*G13 -> 297 | I13: =$I$6/$H$21*H13 -> 2825880.1 | J13: =I13/$I$6 -> 0.28258801 | K13: =J13 -> 0.28258801 | M13: =ROUND(11000+11000*14%+2500,-2) -> 15000 | N13: =M13/$M$21 -> 1.1111111 | P13: =I13/F13 -> 10466.223 | Q13: =$Q$6*K13 -> 847.76403 | R13: =P13+Q13 -> 11313.987 | S13: =M13-R13 -> 3686.0133 | T13: =S13/M13 -> 0.24573422
B14: 160000007 | C14: Nắp HD Ép Các Màu HDE-06 | D14: 10 | E14: 0.01 | F14: =D14 -> 10 | G14: 0.6 | H14: =F14*G14 -> 6 | I14: =$I$6/$H$21*H14 -> 57088.487 | J14: =I14/$I$6 -> 0.0057088487 | K14: =J14 -> 0.0057088487 | M14: =ROUND(11000+11000*14%-5000,-2) -> 7500 | N14: =M14/$M$21 -> 0.55555556 | P14: =I14/F14 -> 5708.8487 | Q14: =$Q$6*K14 -> 17.126546 | R14: =P14+Q14 -> 5725.9753 | S14: =M14-R14 -> 1774.0247 | T14: =S14/M14 -> 0.23653663
C15: Chai PET B7.1 | E15: 0 | N15: =M15/$M$21 -> 0 | P15: =I15/F15 -> #DIV/0! | Q15: =$Q$6*K15 -> 0 | R15: =P15+Q15 -> #DIV/0! | S15: =M15-R15 -> #DIV/0! | T15: =S15/M15 -> #DIV/0!
B16: 160000084 | C16: Chai PET B7.2 | E16: 0 | N16: =M16/$M$21 -> 0 | P16: =I16/F16 -> #DIV/0! | Q16: =$Q$6*K16 -> 0 | R16: =P16+Q16 -> #DIV/0! | S16: =M16-R16 -> #DIV/0! | T16: =S16/M16 -> #DIV/0!
B17: 160000062 | C17: Cổ Chai PET | E17: 0 | N17: =M17/$M$21 -> 0 | P17: =I17/F17 -> #DIV/0! | Q17: =$Q$6*K17 -> 0 | R17: =P17+Q17 -> #DIV/0! | S17: =M17-R17 -> #DIV/0! | T17: =S17/M17 -> #DIV/0!
B18: 160000006 | C18: Hao Hụt - Tạp chất | D18: 10 | E18: 0.01 | P18: =I18/F18 -> #DIV/0! | Q18: =$Q$6*K18 -> 0 | R18: =P18+Q18 -> #DIV/0! | S18: =M18-R18 -> #DIV/0! | T18: =S18/M18 -> #DIV/0!
B19: 800000006 | C19: Hao hụt - nhãn chai PET | D19: 60 | E19: 0.06 | P19: =I19/F19 -> #DIV/0! | Q19: =$Q$6*K19 -> 0 | R19: =P19+Q19 -> #DIV/0! | S19: =M19-R19 -> #DIV/0! | T19: =S19/M19 -> #DIV/0!
C20: Hao hụt vô hình | D20: =D6-SUM(D7:D19) -> 40 | E20: 0.04 | P20: =I20/F20 -> #DIV/0! | Q20: =$Q$6*K20 -> 0 | R20: =P20+Q20 -> #DIV/0! | S20: =M20-R20 -> #DIV/0! | T20: =S20/M20 -> #DIV/0!
C21: TỔNG | D21: =SUM(D7:D20) -> 1000 | E21: =SUM(E7:E20) -> 1 | F21: =SUM(F7:F20) -> 890 | G21: =SUM(G7:G20) -> 6.05 | H21: =SUM(H7:H20) -> 1051 | I21: =SUM(I7:I20) -> 10000000 | M21: =AVERAGE(M7:M19) -> 13500 | P21: =I21/F21 -> 11235.955 | T21: =S21/M21 -> 0
P22: =10000/(F21/1000)-P21 -> 0
B24: II. | C24: CÔNG ĐOẠN BĂM CHAI B6.2 | D24: BOM - KẾ HOẠCH | F24: Sản lượng thành phẩm thực tế | G24: Hệ số quy đổi | H24: Sản lượng thành phẩm quy đổi | I24: Giá trị nguyên liệu phân bổ cho thành phẩm quy đổi | J24: Settlement rule - BOM | K24: Settlement rule - ROUTING | L24: Ghi chú | M24: Giá bán hiện tại | N24: Hệ số quy đổi giá bán
D25: Số lượng | E25: Tỷ lệ | F25: (1) | G25: (2) | H25: (3)= (1)*(2) | I25: (4) | J25: Tỷ lệ | K25: Tỷ lệ
B26: 160000005 | C26: Chai PET B6.2 | D26: 600 | F26: =SUM(F27:F31) -> 1080 | G26: =SUM(G27:G31) -> 4.1 | I26: =I13/F13*D26 -> 6279733.6
B27: 160000027 | C27: Vảy PET B6.2_A6 | D27: =D26*E27 -> 510 | E27: 0.85 | F27: =D27 -> 510 | G27: 1.35 | H27: =F27*G27 -> 688.5 | I27: =$I$26/$H$31*H27 -> 6093864.1 | J27: =I27/$I$26 -> 0.97040169 | K27: =J27 -> 0.97040169 | L27: (4) = Tổng giá trị NVL /(Tổng số lượng TP quy đổi) * Sl Tp quy đổi. (5) = Giá trị nguyên liệu phân bổ cho thành phẩm quy đổi / Tổng giá trị nguyên liệu phân bổ cho thành phẩm quy đổi | M27: 18500 | N27: =M27/$M$31 -> 1.3214286
B28: 160000059 | C28: Vảy nắp hỗn hợp B6.2 | D28: =D26*E28 -> 30 | E28: 0.05 | F28: =D28 -> 30 | G28: 0.7 | H28: =F28*G28 -> 21 | I28: =$I$26/$H$31*H28 -> 185869.49 | J28: =I28/$I$26 -> 0.029598309 | K28: =J28 -> 0.029598309 | M28: 9500 | N28: =M28/$M$31 -> 0.67857143
C29: Phó sản bụi cám | D29: =D26*5% -> 30
C30: Hao hụt vô hình | D30: =D26*5% -> 30
C31: TỔNG | D31: =SUM(D27:D30) -> 600 | F31: =SUM(F27:F30) -> 540 | G31: =SUM(G27:G30) -> 2.05 | H31: =SUM(H27:H30) -> 709.5 | M31: =AVERAGE(M27:M30) -> 14000

Sheet GAP
B3: BẢNG TÍNH GIÁ MUA CHAI, VẢY TỪ CÁC TRẠM
J4: Giá B0 | K4: Giá B0 | L4: Giá B0 | M4: Giá B0 | N4: Giá B0 | O4: Giá B1
I5: ĐVT: đồng/ký | J5: 9500 | K5: 10000 | L5: 10000 | M5: 11300 | N5: 12500 | O5: 14000
B6: Nhóm chai PET | C6: Thành phần chai PET sau phân loại | D6: Giá B0 | E6: Hao hụt | G6: Gap (đảm bảo chi phí và lợi nhuận) | H6: Giá mua theo công thức | I6: Giá mua đề xuất
E7: Tỷ lệ | F7: Quy ra tiền
B8: A. Giá mua Chai
B9: Chai PET nhóm 1 | C9: B1.1 + B1.2 + B1.3 + B2.1 + B3 + B6.1 | D9: 11300 | E9: 0.11 | F9: =D9*E9 -> 1243 | G9: 3500 | H9: =D9+F9+G9 -> 16043 | I9: 16300 | J9: =I9-D9 -> 5000 | K9: 5000 | L9: 15800 | M9: 16300 | N9: 17500 | O9: 18000 | P9: ='[5]BOM (DLoc) (18.05)'!$M$7 -> 17100 | Q9: =P9-O9 -> -900
B10: Chai PET nhóm 2 | C10: B4 + B5 | D10: 11300 | E10: 0.11 | F10: =D10*E10 -> 1243 | G10: 500 | H10: =D10+F10+G10 -> 13043 | I10: 13300 | J10: =I10-D10 -> 2000 | K10: 2000 | L10: 12800 | M10: 13300 | N10: 14500 | O10: 15000
B11: Chai PET nhóm 3 | C11: B2.2 + B6.2 | D11: 11300 | E11: 0.11 | F11: =D11*E11 -> 1243 | G11: 2000 | H11: =D11+F11+G11 -> 14543 | I11: 14800 | J11: =I11-D11 -> 3500 | K11: 3500 | L11: 14300 | M11: 14800 | N11: 16000 | O11: 16500 | P11: ='[5]BOM (DLoc) (18.05)'!$M$13 -> 14100 | Q11: =P11-O11 -> -2400
B12: Chai PET nhóm 4 | C12: Nắp HD Ép, cổ chai, PP (quai) | D12: 11300 | E12: 0.11 | F12: =D12*E12 -> 1243 | G12: -5000 | H12: =D12+F12+G12 -> 7543 | I12: 7800 | J12: =I12-D12 -> -3500 | K12: -3500 | L12: 7300 | M12: 7800 | N12: 9000 | O12: 9500 | P12: ='[5]BOM (DLoc) (18.05)'!$M$14 -> 7300 | Q12: =P12-O12 -> -2200
B13: B. Giá mua Vảy | L13: =J13-K13 -> 0
B14: Nhóm 1 | C14: Vảy B6.2 | D14: =I11 -> 14800 | E14: 0.08 | F14: =D14*E14 -> 1184 | G14: 2000 | H14: =D14+F14+G14 -> 17984 | I14: 17800 | J14: =I14-D14 -> 3000 | K14: 3000 | L14: 17300 | M14: 17800 | N14: 19000 | O14: 19000
C15: Phó sản | K15: -8000
B16: BẢNG COPY QUA TỜ TRÌNH DUYỆT
B17: Mã SAP | C17: Tên Chai | D17: Giá đề xuất
C18: Chai PET B1.1 | D18: =$I$9 -> 16300
C19: Chai PET B1 KPL (B1.2) | D19: =D18-500 -> 15800
C20: Chai PET B1.3 | D20: =$I$9 -> 16300
B21: 150000004 | C21: Chai PET B2.1 | D21: =$I$9 -> 16300
B22: 150000050 | C22: Chai PET B2.2 | D22: =$I$11 -> 14800
B23: 150000005 | C23: Chai PET B3 | D23: =$I$9 -> 16300
B24: 150000014 | C24: Chai PET B4 | D24: =$I$10 -> 13300
B25: 150000015 | C25: Chai PET B5 | D25: =$I$10 -> 13300
B26: 150000016 | C26: Chai PET B6.1 | D26: =$I$9 -> 16300
B27: 150000114 | C27: Chai PET B6.2 | D27: =$I$11 -> 14800
C28: Nắp HD Ép, cổ chai | D28: =$I$12 -> 7800
C29: PP (quai) | D29: =$I$12 -> 7800
B30: 150000061 | C30: Vảy PET B6.2_A6 | D30: =I14 -> 17800

Sheet GAP (KN)
B3: BẢNG TÍNH GIÁ MUA CHAI, VẢY TỪ CÁC TRẠM
J4: Gap (đảm bảo chi phí và lợi nhuận) | K4: Giá B0 | L4: Giá B0 | M4: Giá B0 | N4: Giá B0 | O4: Giá B1 | R4: CL sau áp giá mới
I5: ĐVT: đồng/ký | K5: 10000 | L5: 10000 | M5: 11300 | N5: 12500 | O5: 14000
B6: Nhóm chai PET | C6: Thành phần chai PET sau phân loại | D6: Giá B0 | E6: Hao hụt | G6: Trình GAP (đảm bảo chi phí và lợi nhuận) | H6: Giá mua theo công thức | I6: Giá mua đề xuất
E7: Tỷ lệ | F7: Quy ra tiền
B8: A. Giá mua Chai
B9: Chai PET nhóm 1 | C9: B1.1 + B1.2 + B1.3 + B2.1 + B3 + B6.1 | D9: 11300 | E9: 0.11 | F9: =D9*E9 -> 1243 | G9: =3500-200 -> 3300 | H9: =D9+F9+G9 -> 15843 | I9: 15800 | J9: =I9-D9 -> 4500 | K9: 5000 | L9: 15800 | M9: 16300 | N9: 17500 | O9: 18000 | P9: ='[5]BOM (DLoc) (18.05)'!$M$7 -> 17100 | Q9: =P9-O9 -> -900 | R9: =I9-M9 -> -500 | S9: 5000
B10: Chai PET nhóm 2 | C10: B4 + B5 | D10: 11300 | E10: 0.11 | F10: =D10*E10 -> 1243 | G10: 500 | H10: =D10+F10+G10 -> 13043 | I10: 13000 | J10: =I10-D10 -> 1700 | K10: 2000 | L10: 12800 | M10: 13300 | N10: 14500 | O10: 15000 | R10: =I10-M10 -> -300 | S10: 2000
B11: Chai PET nhóm 3 | C11: B2.2 + B6.2 | D11: 11300 | E11: 0.11 | F11: =D11*E11 -> 1243 | G11: =2000-200 -> 1800 | H11: =D11+F11+G11 -> 14343 | I11: 14300 | J11: =I11-D11 -> 3000 | K11: 3500 | L11: 14300 | M11: 14800 | N11: 16000 | O11: 16500 | P11: ='[5]BOM (DLoc) (18.05)'!$M$13 -> 14100 | Q11: =P11-O11 -> -2400 | R11: =I11-M11 -> -500 | S11: 3500
B12: Chai PET nhóm 4 | C12: Nắp HD Ép, cổ chai, PP (quai) | D12: 11300 | E12: 0.11 | F12: =D12*E12 -> 1243 | G12: -5000 | H12: =D12+F12+G12 -> 7543 | I12: 7500 | J12: =I12-D12 -> -3800 | K12: -3500 | L12: 7300 | M12: 7800 | N12: 9000 | O12: 9500 | P12: ='[5]BOM (DLoc) (18.05)'!$M$14 -> 7300 | Q12: =P12-O12 -> -2200 | R12: =I12-M12 -> -300 | S12: -3500
B13: B. Giá mua Vảy | L13: =J13-K13 -> 0
B14: Nhóm 1 | C14: Vảy B6.2 | D14: =I11 -> 14300 | E14: 0.08 | F14: =D14*E14 -> 1144 | G14: 2000 | H14: =D14+F14+G14 -> 17444 | I14: 17300 | J14: =I14-D14 -> 3000 | K14: 3000 | L14: 17300 | M14: 17800 | N14: 19000 | O14: 19000 | R14: =I14-M14 -> -500 | S14: 3000
C15: Phó sản | K15: -8000 | S15: -8000
B16: BẢNG COPY QUA TỜ TRÌNH DUYỆT
B17: Mã SAP | C17: Tên Chai | D17: Giá đề xuất
C18: Chai PET B1.1 | D18: =$I$9 -> 15800
C19: Chai PET B1 KPL (B1.2) | D19: =D18-500 -> 15300
C20: Chai PET B1.3 | D20: =$I$9 -> 15800
B21: 150000004 | C21: Chai PET B2.1 | D21: =$I$9 -> 15800
B22: 150000050 | C22: Chai PET B2.2 | D22: =$I$11 -> 14300
B23: 150000005 | C23: Chai PET B3 | D23: =$I$9 -> 15800
B24: 150000014 | C24: Chai PET B4 | D24: =$I$10 -> 13000
B25: 150000015 | C25: Chai PET B5 | D25: =$I$10 -> 13000
B26: 150000016 | C26: Chai PET B6.1 | D26: =$I$9 -> 15800
B27: 150000114 | C27: Chai PET B6.2 | D27: =$I$11 -> 14300
C28: Nắp HD Ép, cổ chai | D28: =$I$12 -> 7500
C29: PP (quai) | D29: =$I$12 -> 7500
B30: 150000061 | C30: Vảy PET B6.2_A6 | D30: =I14 -> 17300

Sheet GAP (DLA)
B3: BẢNG TÍNH GIÁ MUA CHAI, VẢY TỪ CÁC TRẠM
J4: Giá B0 | K4: Giá B0 | L4: Giá B0 | M4: Giá B0 | N4: Giá B0 | O4: Giá B1 | R4: CL sau áp giá mới
I5: ĐVT: đồng/ký | J5: 9500 | K5: 10000 | L5: 10000 | M5: 11300 | N5: 12500 | O5: 14000
B6: Nhóm chai PET | C6: Thành phần chai PET sau phân loại | D6: Giá B0 | E6: Hao hụt | G6: Gap (đảm bảo chi phí và lợi nhuận) | H6: Giá mua theo công thức | I6: Giá mua đề xuất
E7: Tỷ lệ | F7: Quy ra tiền
B8: A. Giá mua Chai
B9: Chai PET nhóm 1 | C9: B1.1 + B1.2 + B1.3 + B2.1 + B3 + B6.1 | D9: 11300 | E9: 0.11 | F9: =D9*E9 -> 1243 | G9: =3500-200 -> 3300 | H9: =D9+F9+G9 -> 15843 | I9: 15800 | J9: =I9-D9 -> 4500 | K9: 5000 | L9: 15800 | M9: 16300 | N9: 17500 | O9: 18000 | P9: ='[5]BOM (DLoc) (18.05)'!$M$7 -> 17100 | Q9: =P9-O9 -> -900 | R9: =I9-M9 -> -500
B10: Chai PET nhóm 2 | C10: B4 + B5 | D10: 11300 | E10: 0.11 | F10: =D10*E10 -> 1243 | G10: 500 | H10: =D10+F10+G10 -> 13043 | I10: 13000 | J10: =I10-D10 -> 1700 | K10: 2000 | L10: 12800 | M10: 13300 | N10: 14500 | O10: 15000 | R10: =I10-M10 -> -300
B11: Chai PET nhóm 3 | C11: B2.2 + B6.2 | D11: 11300 | E11: 0.11 | F11: =D11*E11 -> 1243 | G11: =2000-200 -> 1800 | H11: =D11+F11+G11 -> 14343 | I11: 14300 | J11: =I11-D11 -> 3000 | K11: 3500 | L11: 14300 | M11: 14800 | N11: 16000 | O11: 16500 | P11: ='[5]BOM (DLoc) (18.05)'!$M$13 -> 14100 | Q11: =P11-O11 -> -2400 | R11: =I11-M11 -> -500
B12: Chai PET nhóm 4 | C12: Nắp HD Ép, cổ chai, PP (quai) | D12: 11300 | E12: 0.11 | F12: =D12*E12 -> 1243 | G12: -5000 | H12: =D12+F12+G12 -> 7543 | I12: 7500 | J12: =I12-D12 -> -3800 | K12: -3500 | L12: 7300 | M12: 7800 | N12: 9000 | O12: 9500 | P12: ='[5]BOM (DLoc) (18.05)'!$M$14 -> 7300 | Q12: =P12-O12 -> -2200 | R12: =I12-M12 -> -300
B13: B. Giá mua Vảy | L13: =J13-K13 -> 0
B14: Nhóm 1 | C14: Vảy B6.2 | D14: =I11 -> 14300 | E14: 0.08 | F14: =D14*E14 -> 1144 | G14: 2000 | H14: =D14+F14+G14 -> 17444 | I14: 17300 | J14: =I14-D14 -> 3000 | K14: 3000 | L14: 17300 | M14: 17800 | N14: 19000 | O14: 19000 | R14: =I14-M14 -> -500
C15: Phó sản | K15: -8000
B16: BẢNG COPY QUA TỜ TRÌNH DUYỆT
B17: Mã SAP | C17: Tên Chai | D17: Giá đề xuất
C18: Chai PET B1.1 | D18: =$I$9 -> 15800
C19: Chai PET B1 KPL (B1.2) | D19: =D18-500 -> 15300
C20: Chai PET B1.3 | D20: =$I$9 -> 15800
B21: 150000004 | C21: Chai PET B2.1 | D21: =$I$9 -> 15800
B22: 150000050 | C22: Chai PET B2.2 | D22: =$I$11 -> 14300
B23: 150000005 | C23: Chai PET B3 | D23: =$I$9 -> 15800
B24: 150000014 | C24: Chai PET B4 | D24: =$I$10 -> 13000
B25: 150000015 | C25: Chai PET B5 | D25: =$I$10 -> 13000
B26: 150000016 | C26: Chai PET B6.1 | D26: =$I$9 -> 15800
B27: 150000114 | C27: Chai PET B6.2 | D27: =$I$11 -> 14300
C28: Nắp HD Ép, cổ chai | D28: =$I$12 -> 7500
C29: PP (quai) | D29: =$I$12 -> 7500
B30: 150000061 | C30: Vảy PET B6.2_A6 | D30: =I14 -> 17300

Sheet GAP (DLO)
B3: BẢNG TÍNH GIÁ MUA CHAI, VẢY TỪ CÁC TRẠM
J4: Giá B0 | K4: Giá B0 | L4: Giá B0 | M4: Giá B0 | N4: Giá B0 | O4: Giá B1
I5: ĐVT: đồng/ký | J5: 9500 | K5: 10000 | L5: 10000 | M5: 11300 | N5: 12500 | O5: 14000
B6: Nhóm chai PET | C6: Thành phần chai PET sau phân loại | D6: Giá B0 | E6: Hao hụt | G6: Gap (đảm bảo chi phí và lợi nhuận) | H6: Giá mua theo công thức | I6: Giá mua đề xuất
E7: Tỷ lệ | F7: Quy ra tiền
B8: A. Giá mua Chai
B9: Chai PET nhóm 1 | C9: B1.1 + B1.2 + B1.3 + B2.1 + B3 + B6.1 | D9: 11300 | E9: 0.11 | F9: =D9*E9 -> 1243 | G9: =3500+200 -> 3700 | H9: =D9+F9+G9 -> 16243 | I9: 16300 | J9: =I9-D9 -> 5000 | K9: 5000 | L9: 15800 | M9: 16300 | N9: 17500 | O9: 18000 | P9: ='[5]BOM (DLoc) (18.05)'!$M$7 -> 17100 | Q9: =P9-O9 -> -900
B10: Chai PET nhóm 2 | C10: B4 + B5 | D10: 11300 | E10: 0.11 | F10: =D10*E10 -> 1243 | G10: =500+200 -> 700 | H10: =D10+F10+G10 -> 13243 | I10: 13300 | J10: =I10-D10 -> 2000 | K10: 2000 | L10: 12800 | M10: 13300 | N10: 14500 | O10: 15000
B11: Chai PET nhóm 3 | C11: B2.2 + B6.2 | D11: 11300 | E11: 0.11 | F11: =D11*E11 -> 1243 | G11: =2000 -> 2000 | H11: =D11+F11+G11 -> 14543 | I11: 14800 | J11: =I11-D11 -> 3500 | K11: 3500 | L11: 14300 | M11: 14800 | N11: 16000 | O11: 16500 | P11: ='[5]BOM (DLoc) (18.05)'!$M$13 -> 14100 | Q11: =P11-O11 -> -2400
B12: Chai PET nhóm 4 | C12: Nắp HD Ép, cổ chai, PP (quai) | D12: 11300 | E12: 0.11 | F12: =D12*E12 -> 1243 | G12: -5000 | H12: =D12+F12+G12 -> 7543 | I12: 7500 | J12: =I12-D12 -> -3800 | K12: -3500 | L12: 7300 | M12: 7800 | N12: 9000 | O12: 9500 | P12: ='[5]BOM (DLoc) (18.05)'!$M$14 -> 7300 | Q12: =P12-O12 -> -2200
B13: B. Giá mua Vảy | L13: =J13-K13 -> 0
B14: Nhóm 1 | C14: Vảy B6.2 | D14: =I11 -> 14800 | E14: 0.08 | F14: =D14*E14 -> 1184 | G14: 2000 | H14: =D14+F14+G14 -> 17984 | I14: 17800 | J14: =I14-D14 -> 3000 | K14: 3000 | L14: 17300 | M14: 17800 | N14: 19000 | O14: 19000
C15: Phó sản | K15: -8000
B16: BẢNG COPY QUA TỜ TRÌNH DUYỆT
B17: Mã SAP | C17: Tên Chai | D17: Giá đề xuất
C18: Chai PET B1.1 | D18: =$I$9 -> 16300
C19: Chai PET B1 KPL (B1.2) | D19: =D18-500 -> 15800
C20: Chai PET B1.3 | D20: =$I$9 -> 16300
B21: 150000004 | C21: Chai PET B2.1 | D21: =$I$9 -> 16300
B22: 150000050 | C22: Chai PET B2.2 | D22: =$I$11 -> 14800
B23: 150000005 | C23: Chai PET B3 | D23: =$I$9 -> 16300
B24: 150000014 | C24: Chai PET B4 | D24: =$I$10 -> 13300
B25: 150000015 | C25: Chai PET B5 | D25: =$I$10 -> 13300
B26: 150000016 | C26: Chai PET B6.1 | D26: =$I$9 -> 16300
B27: 150000114 | C27: Chai PET B6.2 | D27: =$I$11 -> 14800
C28: Nắp HD Ép, cổ chai | D28: =$I$12 -> 7500
C29: PP (quai) | D29: =$I$12 -> 7500
B30: 150000061 | C30: Vảy PET B6.2_A6 | D30: =I14 -> 17800

Sheet So sánh thiệt hại
B1: Giá chai B0 | C1: 10000 | K1: Giá chai B0 | L1: 10000 | T1: Giá chai B0 | U1: 10000 | AC1: Giá chai B0 | AD1: 11300
B2: Chi phí phân loại | C2: 3000 | K2: Chi phí phân loại | L2: 3000 | T2: Chi phí phân loại | U2: 3000 | AC2: Chi phí phân loại | AD2: 3000
B3: Tỷ lệ hao hụt thực tế | C3: 0.1 | K3: Tỷ lệ hao hụt thực tế | L3: 0.1 | T3: Tỷ lệ hao hụt thực tế | U3: 0.1 | AC3: Tỷ lệ hao hụt thực tế | AD3: 0.1
B4: Tổng chi phí | C4: =SUM(C1:C2) -> 13000 | K4: Tổng chi phí | L4: =SUM(L1:L2) -> 13000 | T4: Tổng chi phí | U4: =SUM(U1:U2) -> 13000 | AC4: Tổng chi phí | AD4: =SUM(AD1:AD2) -> 14300
B5: Chi phí hao hụt | C5: =C4*C3/(1-C3) -> 1444.4444 | K5: Chi phí hao hụt | L5: =L4*L3/(1-L3) -> 1444.4444 | T5: Chi phí hao hụt | U5: =U4*U3/(1-U3) -> 1444.4444 | AC5: Chi phí hao hụt | AD5: =AD4*AD3/(1-AD3) -> 1588.8889
B6: Giá bán hòa vốn đơn vị | C6: =+C4/(1-C3) -> 14444.444 | K6: Giá bán hòa vốn đơn vị | L6: =+L4/(1-L3) -> 14444.444 | T6: Giá bán hòa vốn đơn vị | U6: =+U4/(1-U3) -> 14444.444 | AC6: Giá bán hòa vốn đơn vị | AD6: =+AD4/(1-AD3) -> 15888.889
A7: STT | B7: Tên vật tư | C7: Cơ cấu thành phẩm thực tế | D7: Giá bán 3 trạm về DTR | J7: STT | K7: Tên vật tư | L7: Cơ cấu thành phẩm thực tế | M7: Giá bán 3 trạm về DTR | S7: STT | T7: Tên vật tư | U7: Cơ cấu thành phẩm thực tế | V7: Giá bán 3 trạm về DTR | AB7: STT | AC7: Tên vật tư | AD7: Cơ cấu thành phẩm thực tế | AE7: Giá bán 3 trạm về DTR
A8: 1 | B8: Chai PET B1 | C8: ='[6]4. 3 Trạm'!$S334 -> 0.51133536 | D8: =$C$1+GAP!$K$9 -> 15000 | J8: 1 | K8: Chai PET B1 | L8: ='[6]4. 3 Trạm'!$T334 -> 0.49706416 | M8: =$L$1+GAP!$K$9 -> 15000 | S8: 1 | T8: Chai PET B1 | U8: ='[6]4. 3 Trạm'!$U334 -> 0.50434739 | V8: =$U$1+GAP!$K$9 -> 15000 | AB8: 1 | AC8: Chai PET B1 | AD8: ='[6]4. 3 Trạm'!$V334 -> 0.51736865 | AE8: =$AD$1+GAP!$K$9 -> 16300
A9: 5 | B9: Chai PET B2.2 | C9: ='[6]4. 3 Trạm'!$S335 -> 0.064970641 | D9: =$C$1+GAP!$K$11 -> 13500 | J9: 5 | K9: Chai PET B2.2 | L9: ='[6]4. 3 Trạm'!$T335 -> 0.058399137 | M9: =$L$1+GAP!$K$11 -> 13500 | S9: 5 | T9: Chai PET B2.2 | U9: ='[6]4. 3 Trạm'!$U335 -> 0.055507957 | V9: =$U$1+GAP!$K$11 -> 13500 | AB9: 5 | AC9: Chai PET B2.2 | AD9: ='[6]4. 3 Trạm'!$V335 -> 0.044495104 | AE9: =$AD$1+GAP!$K$11 -> 14800
A10: 7 | B10: Chai PET B4 | C10: ='[6]4. 3 Trạm'!$S337 -> 0.015890206 | D10: =$C$1+GAP!$K$10 -> 12000 | J10: 7 | K10: Chai PET B4 | L10: ='[6]4. 3 Trạm'!$T337 -> 0.016398176 | M10: =$L$1+GAP!$K$10 -> 12000 | S10: 7 | T10: Chai PET B4 | U10: ='[6]4. 3 Trạm'!$U337 -> 0.01571854 | V10: =$U$1+GAP!$K$10 -> 12000 | AB10: 7 | AC10: Chai PET B4 | AD10: ='[6]4. 3 Trạm'!$V337 -> 0.015093888 | AE10: =$AD$1+GAP!$K$10 -> 13300
A11: 8 | B11: Chai PET B5 | C11: ='[6]4. 3 Trạm'!$S338 -> 0.016100854 | D11: =$C$1+GAP!$K$10 -> 12000 | J11: 8 | K11: Chai PET B5 | L11: ='[6]4. 3 Trạm'!$T338 -> 0.015470359 | M11: =$L$1+GAP!$K$10 -> 12000 | S11: 8 | T11: Chai PET B5 | U11: ='[6]4. 3 Trạm'!$U338 -> 0.01547887 | V11: =$U$1+GAP!$K$10 -> 12000 | AB11: 8 | AC11: Chai PET B5 | AD11: ='[6]4. 3 Trạm'!$V338 -> 0.015516825 | AE11: =$AD$1+GAP!$K$10 -> 13300
A12: 10 | B12: Chai PET B6.2 | C12: ='[6]4. 3 Trạm'!$S336 -> 0.26768431 | D12: =$C$1+GAP!$K$11 -> 13500 | J12: 10 | K12: Chai PET B6.2 | L12: ='[6]4. 3 Trạm'!$T336 -> 0.29014887 | M12: =$L$1+GAP!$K$11 -> 13500 | S12: 10 | T12: Chai PET B6.2 | U12: ='[6]4. 3 Trạm'!$U336 -> 0.27717466 | V12: =$U$1+GAP!$K$11 -> 13500 | AB12: 10 | AC12: Chai PET B6.2 | AD12: ='[6]4. 3 Trạm'!$V336 -> 0.27679036 | AE12: =$AD$1+GAP!$K$11 -> 14800
A13: 11 | B13: Nắp HD ép, cổ chai | C13: ='[6]4. 3 Trạm'!$S339 -> 0.015679732 | D13: =$C$1+GAP!$K$12 -> 6500 | J13: 11 | K13: Nắp HD ép, cổ chai | L13: ='[6]4. 3 Trạm'!$T339 -> 0.018909499 | M13: =$L$1+GAP!$K$12 -> 6500 | S13: 11 | T13: Nắp HD ép, cổ chai | U13: ='[6]4. 3 Trạm'!$U339 -> 0.018094122 | V13: =$U$1+GAP!$K$12 -> 6500 | AB13: 11 | AC13: Nắp HD ép, cổ chai | AD13: ='[6]4. 3 Trạm'!$V339 -> 0.023950693 | AE13: =$AD$1+GAP!$K$12 -> 7800
A14: 12 | B14: Phó sản | C14: ='[6]4. 3 Trạm'!$S341 -> 0.003848365 | D14: =$C$1+GAP!$K$15 -> 2000 | J14: 12 | K14: Phó sản | L14: ='[6]4. 3 Trạm'!$T341 -> 0.0040771834 | M14: =$L$1+GAP!$K$15 -> 2000 | S14: 12 | T14: Phó sản | U14: ='[6]4. 3 Trạm'!$U341 -> 0.0076438512 | V14: =$U$1+GAP!$K$15 -> 2000 | AB14: 12 | AC14: Phó sản | AD14: ='[6]4. 3 Trạm'!$V341 -> 0.0042130059 | AE14: =$AD$1+GAP!$K$15 -> 3300
A15: 13 | B15: Hao hụt | C15: ='[6]4. 3 Trạm'!$S$342 -> 0.10316976 | D15: =C15*$C$1 -> 1031.6976 | J15: 13 | K15: Hao hụt | L15: ='[6]4. 3 Trạm'!$S$342 -> 0.10316976 | M15: =L15*$L$1 -> 1031.6976 | S15: 13 | T15: Hao hụt | U15: ='[6]4. 3 Trạm'!$S$342 -> 0.10316976 | V15: =U15*$U$1 -> 1031.6976 | AB15: 13 | AC15: Hao hụt | AD15: ='[6]4. 3 Trạm'!$S$342 -> 0.10316976 | AE15: =AD15*$AD$1 -> 1165.8183
E17: Tháng 1 | N17: Tháng 2 | W17: Tháng 3 | AF17: Tháng 4
C18: Cơ cấu thành phẩm theo BOM | D18: CL | E18: ĐG | F18: SL | G18: TH SL | H18: GT | L18: Cơ cấu thành phẩm theo BOM | M18: CL | N18: ĐG | O18: SL | P18: TH SL | Q18: GT | U18: Cơ cấu thành phẩm theo BOM | V18: CL | W18: ĐG | X18: SL | Y18: TH SL | Z18: GT | AD18: Cơ cấu thành phẩm theo BOM | AE18: CL | AF18: ĐG | AG18: SL | AH18: TH SL | AI18: GT
A19: 1 | B19: Chai PET B1 | C19: 0.54 | D19: =C8-C19 -> -0.028664637 | E19: =D8*D19 -> -429.96956 | F19: ='[6]4. 3 Trạm'!S89 -> 467032 | G19: =F19*D19 -> -13387.303 | H19: =D8*G19 -> -2.0080954e+08 | J19: 1 | K19: Chai PET B1 | L19: 0.54 | M19: =L8-L19 -> -0.042935837 | N19: =M8*M19 -> -644.03755 | O19: ='[6]4. 3 Trạm'!T89 -> 299036 | P19: =O19*M19 -> -12839.361 | Q19: =M8*P19 -> -1.9259041e+08 | S19: 1 | T19: Chai PET B1 | U19: 0.54 | V19: =U8-U19 -> -0.035652613 | W19: =V8*V19 -> -534.78919 | X19: ='[6]4. 3 Trạm'!U89 -> 848224 | Y19: =X19*V19 -> -30241.402 | Z19: =V8*Y19 -> -4.5362103e+08 | AB19: 1 | AC19: Chai PET B1 | AD19: 0.54 | AE19: =AD8-AD19 -> -0.022631351 | AF19: =AE8*AE19 -> -368.89102 | AG19: ='[6]4. 3 Trạm'!V89 -> 446897 | AH19: =AG19*AE19 -> -10113.883 | AI19: =AE8*AH19 -> -1.6485629e+08
A20: 5 | B20: Chai PET B2.2 | C20: 0.03 | D20: =C9-C20 -> 0.034970641 | E20: =D9*D20 -> 472.10366 | F20: ='[6]4. 3 Trạm'!S90 -> 45769 | G20: =F20*D20 -> 1600.5713 | H20: =D9*G20 -> 21607712 | J20: 5 | K20: Chai PET B2.2 | L20: 0.03 | M20: =L9-L20 -> 0.028399137 | N20: =M9*M20 -> 383.38835 | O20: ='[6]4. 3 Trạm'!T90 -> 23322 | P20: =O20*M20 -> 662.32467 | Q20: =M9*P20 -> 8941383 | S20: 5 | T20: Chai PET B2.2 | U20: 0.03 | V20: =U9-U20 -> 0.025507957 | W20: =V9*V20 -> 344.35742 | X20: ='[6]4. 3 Trạm'!U90 -> 88500 | Y20: =X20*V20 -> 2257.4542 | Z20: =V9*Y20 -> 30475632 | AB20: 5 | AC20: Chai PET B2.2 | AD20: 0.03 | AE20: =AD9-AD20 -> 0.014495104 | AF20: =AE9*AE20 -> 214.52754 | AG20: ='[6]4. 3 Trạm'!V90 -> 31654 | AH20: =AG20*AE20 -> 458.82802 | AI20: =AE9*AH20 -> 6790654.6
A21: 7 | B21: Chai PET B4 | C21: 0.02 | D21: =C10-C21 -> -0.0041097939 | E21: =D10*D21 -> -49.317527 | F21: ='[6]4. 3 Trạm'!S92 -> 14995 | G21: =F21*D21 -> -61.626359 | H21: =D10*G21 -> -739516.31 | J21: 7 | K21: Chai PET B4 | L21: 0.02 | M21: =L10-L21 -> -0.0036018237 | N21: =M10*M21 -> -43.221884 | O21: ='[6]4. 3 Trạm'!T92 -> 10167 | P21: =O21*M21 -> -36.619741 | Q21: =M10*P21 -> -439436.9 | S21: 7 | T21: Chai PET B4 | U21: 0.02 | V21: =U10-U21 -> -0.0042814599 | W21: =V10*V21 -> -51.377518 | X21: ='[6]4. 3 Trạm'!U92 -> 28617 | Y21: =X21*V21 -> -122.52254 | Z21: =V10*Y21 -> -1470270.4 | AB21: 7 | AC21: Chai PET B4 | AD21: 0.02 | AE21: =AD10-AD21 -> -0.0049061125 | AF21: =AE10*AE21 -> -65.251296 | AG21: ='[6]4. 3 Trạm'!V92 -> 14779 | AH21: =AG21*AE21 -> -72.507437 | AI21: =AE10*AH21 -> -964348.91
A22: 8 | B22: Chai PET B5 | C22: 0.02 | D22: =C11-C22 -> -0.0038991456 | E22: =D11*D22 -> -46.789747 | F22: ='[6]4. 3 Trạm'!S93 -> 12807 | G22: =F22*D22 -> -49.936358 | H22: =D11*G22 -> -599236.3 | J22: 8 | K22: Chai PET B5 | L22: 0.02 | M22: =L11-L22 -> -0.0045296408 | N22: =M11*M22 -> -54.355689 | O22: ='[6]4. 3 Trạm'!T93 -> 8490 | P22: =O22*M22 -> -38.45665 | Q22: =M11*P22 -> -461479.8 | S22: 8 | T22: Chai PET B5 | U22: 0.02 | V22: =U11-U22 -> -0.0045211303 | W22: =V11*V22 -> -54.253563 | X22: ='[6]4. 3 Trạm'!U93 -> 22312 | Y22: =X22*V22 -> -100.87546 | Z22: =V11*Y22 -> -1210505.5 | AB22: 8 | AC22: Chai PET B5 | AD22: 0.02 | AE22: =AD11-AD22 -> -0.0044831751 | AF22: =AE11*AE22 -> -59.626229 | AG22: ='[6]4. 3 Trạm'!V93 -> 12733 | AH22: =AG22*AE22 -> -57.084269 | AI22: =AE11*AH22 -> -759220.78
A23: 10 | B23: Chai PET B6.2 | C23: 0.28 | D23: =C12-C23 -> -0.012315686 | E23: =D12*D23 -> -166.26176 | F23: ='[6]4. 3 Trạm'!S91 -> 275166 | G23: =F23*D23 -> -3388.8579 | H23: =D12*G23 -> -45749582 | J23: 10 | K23: Chai PET B6.2 | L23: 0.28 | M23: =L12-L23 -> 0.010148872 | N23: =M12*M23 -> 137.00977 | O23: ='[6]4. 3 Trạm'!T91 -> 202466 | P23: =O23*M23 -> 2054.8016 | Q23: =M12*P23 -> 27739821 | S23: 10 | T23: Chai PET B6.2 | U23: 0.28 | V23: =U12-U23 -> -0.0028253375 | W23: =V12*V23 -> -38.142056 | X23: ='[6]4. 3 Trạm'!U91 -> 526884 | Y23: =X23*V23 -> -1488.6251 | Z23: =V12*Y23 -> -20096439 | AB23: 10 | AC23: Chai PET B6.2 | AD23: 0.28 | AE23: =AD12-AD23 -> -0.0032096362 | AF23: =AE12*AE23 -> -47.502615 | AG23: ='[6]4. 3 Trạm'!V91 -> 278043 | AH23: =AG23*AE23 -> -892.41687 | AI23: =AE12*AH23 -> -13207770
A24: 11 | B24: Nắp HD ép, cổ chai | C24: 0.01 | D24: =C13-C24 -> 0.0056797323 | E24: =D13*D24 -> 36.91826 | F24: ='[6]4. 3 Trạm'!S94 -> 13231 | G24: =F24*D24 -> 75.148538 | H24: =D13*G24 -> 488465.5 | J24: 11 | K24: Nắp HD ép, cổ chai | L24: 0.01 | M24: =L13-L24 -> 0.0089094987 | N24: =M13*M24 -> 57.911741 | O24: ='[6]4. 3 Trạm'!T94 -> 9601 | P24: =O24*M24 -> 85.540097 | Q24: =M13*P24 -> 556010.63 | S24: 11 | T24: Nắp HD ép, cổ chai | U24: 0.01 | V24: =U13-U24 -> 0.0080941222 | W24: =V13*V24 -> 52.611794 | X24: ='[6]4. 3 Trạm'!U94 -> 28372 | Y24: =X24*V24 -> 229.64644 | Z24: =V13*Y24 -> 1492701.8 | AB24: 11 | AC24: Nắp HD ép, cổ chai | AD24: 0.01 | AE24: =AD13-AD24 -> 0.013950693 | AF24: =AE13*AE24 -> 108.81541 | AG24: ='[6]4. 3 Trạm'!V94 -> 21393 | AH24: =AG24*AE24 -> 298.44718 | AI24: =AE13*AH24 -> 2327888
A25: 12 | B25: Phó sản | C25: 0 | D25: =C14-C25 -> 0.003848365 | E25: =D14*D25 -> 7.69673 | F25: ='[6]4. 3 Trạm'!S95 -> 0 | G25: =F25*D25 -> 0 | H25: =D14*G25 -> 0 | J25: 12 | K25: Phó sản | L25: 0 | M25: =L14-L25 -> 0.0040771834 | N25: =M14*M25 -> 8.1543667 | O25: ='[6]4. 3 Trạm'!T95 -> 0 | P25: =O25*M25 -> 0 | Q25: =M14*P25 -> 0 | S25: 12 | T25: Phó sản | U25: 0 | V25: =U14-U25 -> 0.0076438512 | W25: =V14*V25 -> 15.287702 | X25: ='[6]4. 3 Trạm'!U95 -> 0 | Y25: =X25*V25 -> 0 | Z25: =V14*Y25 -> 0 | AB25: 12 | AC25: Phó sản | AD25: 0 | AE25: =AD14-AD25 -> 0.0042130059 | AF25: =AE14*AE25 -> 13.90292 | AG25: ='[6]4. 3 Trạm'!V95 -> 200.611 | AH25: =AG25*AE25 -> 0.84517533 | AI25: =AE14*AH25 -> 2789.0786
A26: 13 | B26: Hao hụt | C26: 0.1 | D26: =C15-C26 -> 0.0031697636 | E26: =D26*C1 -> 31.697636 | F26: ='[6]4. 3 Trạm'!S97 -> 117019 | G26: =-F26*D26 -> -370.92256 | H26: =$C$1*G26 -> -3709225.6 | J26: 13 | K26: Hao hụt | L26: 0.1 | M26: =L15-L26 -> 0.0031697636 | N26: =M26*L1 -> 31.697636 | O26: ='[6]4. 3 Trạm'!T97 -> 77982 | P26: =-O26*M26 -> -247.1845 | Q26: =$L$1*P26 -> -2471845 | S26: 13 | T26: Hao hụt | U26: 0.1 | V26: =U15-U26 -> 0.0031697636 | W26: =V26*U1 -> 31.697636 | X26: ='[6]4. 3 Trạm'!U97 -> 205626 | Y26: =-X26*V26 -> -651.7858 | Z26: =$U$1*Y26 -> -6517858 | AB26: 13 | AC26: Hao hụt | AD26: 0.1 | AE26: =AD15-AD26 -> 0.0031697636 | AF26: =AE26*AD1 -> 35.818328 | AG26: ='[6]4. 3 Trạm'!V97 -> 92319.389 | AH26: =-AG26*AE26 -> -292.63064 | AI26: =$AD$1*AH26 -> -3306726.2
F27: =SUM(F19:F26) -> 946019 | G27: =SUM(G19:G26) -> -15582.926 | H27: =SUM(H19:H26) -> -2.2951093e+08 | O27: =SUM(O19:O26) -> 631064 | P27: =SUM(P19:P26) -> -10358.955 | Q27: =SUM(Q19:Q26) -> -1.5872596e+08 | X27: =SUM(X19:X26) -> 1748535 | Y27: =SUM(Y19:Y26) -> -30118.11 | Z27: =SUM(Z19:Z26) -> -4.5094777e+08 | AG27: =SUM(AG19:AG26) -> 898019 | AH27: =SUM(AH19:AH26) -> -10670.402 | AI27: =SUM(AI19:AI26) -> -1.7397303e+08
H28: =H27/F27 -> -242.6071 | Q28: =Q27/O27 -> -251.52118 | Z28: =Z27/X27 -> -257.90034 | AI28: =AI27/AG27 -> -193.72978

Sheet Giá mua Chai-Vảy (KN)
A2: 2026
A3: 3
B6: Giá chai B0 | C6: 11300
B7: Chi phí phân loại | C7: 3000
B8: Tỷ lệ hao hụt thực tế | C8: 0.1
B9: Tổng chi phí | C9: =SUM(C6:C7) -> 14300
B10: Chi phí hao hụt | C10: =C9*C8/(1-C8) -> 1588.8889
B11: Giá bán hòa vốn đơn vị | C11: =+C9/(1-C8) -> 15888.889 | X11: So giá mua BO
B12: Chai | S12: Check với SAP | V12: TT | W12: BOM | X12: TT | Y12: BOM
A13: STT | B13: Tên vật tư | C13: Cơ cấu thành phẩm theo BOM | D13: 500 | E13: Giá bán chai 3 trạm về DTR | F13: Cơ cấu nguyên vật liệu BOM (gram) | G13: Cơ cấu thành phẩm thực tế | H13: Tỷ trọng giá trị | I13: Phân bổ giá B0 | J13: Phân bổ chi phí phân loại | K13: Chi phí sau phân loại | L13: Doanh thu đơn vị | M13: Lợi nhuận đơn vị | N13: Giá thành 1kg sau phân loại | O13: Giá bán chai 4 trạm về DTR | P13: Diff | R13: Giá BO sau phân loại | S13: BOM SAP | T13: Diff | U13: %Diff | V13: Tỷ 3 cấp chất lượng | W13: Tỷ 3 cấp chất lượng | X13: Tỷ 3 cấp chất lượng | Y13: Tỷ 3 cấp chất lượng | Z13: Cơ cấu giá trừ chất lượng | AA13: GAP so BO | AC13: Giá mua theo phân loại | AD13: Chi phí Băm Vảy | AE13: Vảy
A14: 1 | B14: Chai PET B1 | C14: 0.54 | D14: =$D$13*C14*E14 -> 4266000 | E14: ='GAP (KN)'!I9 -> 15800 | F14: =C14*1000 -> 540 | G14: =F14/1000/(1-$C$8) -> 0.6 | H14: =E14*G14/SUMPRODUCT($E$14:$E$20,$G$14:$G$20) -> 0.63590967 | I14: =$C$6*H14 -> 7185.7792 | J14: =($C$7+$C$10)*H14 -> 2918.1188 | K14: =I14+J14 -> 10103.898 | L14: =E14*G14 -> 9480 | M14: =L14-K14 -> -623.89804 | N14: =K14/(F14/(1-$C$8))*1000 -> 16839.83 | O14: 15000 | P14: =O14-N14 -> -1839.8301 | Q14: =P14/E14 -> -0.11644494 | R14: =I14/F14*1000 -> 13306.999 | S14: ='[7]BOM (Long)'!$P$7 -> 11536.632 | T14: =R14-S14 -> 1770.3668 | U14: =T14/S14 -> 0.15345612 | V14: =R14/R$16 -> 1.2153846 | W14: =S14/S$16 -> 1.25 | X14: =S14/C$6 -> 1.0209409 | Y14: =S14/C$6 -> 1.0209409 | Z14: 9700 | AC14: 12500 | AE14: =AC14+AD14 -> 12500
A15: 5 | B15: Chai PET B2.2 | C15: 0.03 | D15: =$D$13*C15*E15 -> 214500 | E15: ='GAP (KN)'!I11 -> 14300 | F15: =C15*1000 -> 30 | G15: =F15/1000/(1-$C$8) -> 0.033333333 | H15: =E15*G15/SUMPRODUCT($E$14:$E$20,$G$14:$G$20) -> 0.031974361 | I15: =$C$6*H15 -> 361.31028 | J15: =($C$7+$C$10)*H15 -> 146.72679 | K15: =I15+J15 -> 508.03707 | L15: =E15*G15 -> 476.66667 | M15: =L15-K15 -> -31.370401 | N15: =K15/(F15/(1-$C$8))*1000 -> 15241.112 | O15: 13500 | P15: =O15-N15 -> -1741.112 | Q15: =P15/E15 -> -0.12175609 | R15: =I15/F15*1000 -> 12043.676 | S15: ='[7]BOM (Long)'!$P$9 -> 10152.236 | T15: =R15-S15 -> 1891.44 | U15: =T15/S15 -> 0.18630772 | V15: =R15/R$16 -> 1.1 | W15: =S15/S$16 -> 1.1 | X15: =S15/C$6 -> 0.89842796 | Y15: =S15/C$6 -> 0.89842796 | Z15: =Z14/$Y$15 -> 10796.636 | AA15: =Z15-$Z$14 -> 1096.6364 | AB15: =Z15-Z14 -> 1096.6364 | AC15: 10000
A16: 7 | B16: Chai PET B4 | C16: 0.02 | D16: =$D$13*C16*E16 -> 130000 | E16: ='GAP (KN)'!I10 -> 13000 | F16: =C16*1000 -> 20 | G16: =F16/1000/(1-$C$8) -> 0.022222222 | H16: =E16*G16/SUMPRODUCT($E$14:$E$20,$G$14:$G$20) -> 0.019378401 | I16: =$C$6*H16 -> 218.97593 | J16: =($C$7+$C$10)*H16 -> 88.925327 | K16: =I16+J16 -> 307.90125 | L16: =E16*G16 -> 288.88889 | M16: =L16-K16 -> -19.012364 | N16: =K16/(F16/(1-$C$8))*1000 -> 13855.556 | O16: 12000 | P16: =O16-N16 -> -1855.5564 | Q16: =P16/E16 -> -0.14273511 | R16: =I16/F16*1000 -> 10948.796 | S16: ='[7]BOM (Long)'!$P$10 -> 9229.3054 | T16: =R16-S16 -> 1719.4909 | U16: =T16/S16 -> 0.18630772 | V16: =R16/R$16 -> 1 | W16: =S16/S$16 -> 1 | X16: =S16/C$6 -> 0.81675269 | Y16: =S16/C$6 -> 0.81675269 | Z16: =Z15/$Y$15 -> 12017.253 | AA16: =Z16-$Z$14 -> 2317.2533 | AB16: =Z16-Z15 -> 1220.6169 | AC16: 9000
A17: 8 | B17: Chai PET B5 | C17: 0.02 | D17: =$D$13*C17*E17 -> 130000 | E17: ='GAP (KN)'!I10 -> 13000 | F17: =C17*1000 -> 20 | G17: =F17/1000/(1-$C$8) -> 0.022222222 | H17: =E17*G17/SUMPRODUCT($E$14:$E$20,$G$14:$G$20) -> 0.019378401 | I17: =$C$6*H17 -> 218.97593 | J17: =($C$7+$C$10)*H17 -> 88.925327 | K17: =I17+J17 -> 307.90125 | L17: =E17*G17 -> 288.88889 | M17: =L17-K17 -> -19.012364 | N17: =K17/(F17/(1-$C$8))*1000 -> 13855.556 | O17: 12000 | P17: =O17-N17 -> -1855.5564 | Q17: =P17/E17 -> -0.14273511 | R17: =I17/F17*1000 -> 10948.796 | S17: ='[7]BOM (Long)'!$P$11 -> 9229.3054 | T17: =R17-S17 -> 1719.4909 | U17: =T17/S17 -> 0.18630772 | V17: =R17/R$16 -> 1 | W17: =S17/S$16 -> 1 | X17: =S17/C$6 -> 0.81675269 | Y17: =S17/C$6 -> 0.81675269 | Z17: =Z16/$Y$15 -> 13375.867 | AA17: =Z17-$Z$14 -> 3675.8674 | AB17: =Z17-Z16 -> 1358.6141 | AC17: 9000
A18: 10 | B18: Chai PET B6.2 | C18: 0.27 | D18: =$D$13*C18*E18 -> 1930500 | E18: ='GAP (KN)'!I11 -> 14300 | F18: =C18*1000 -> 270 | G18: =F18/1000/(1-$C$8) -> 0.3 | H18: =E18*G18/SUMPRODUCT($E$14:$E$20,$G$14:$G$20) -> 0.28776925 | I18: =$C$6*H18 -> 3251.7925 | J18: =($C$7+$C$10)*H18 -> 1320.5411 | K18: =I18+J18 -> 4572.3336 | L18: =E18*G18 -> 4290 | M18: =L18-K18 -> -282.33361 | N18: =K18/(F18/(1-$C$8))*1000 -> 15241.112 | O18: 13500 | P18: =O18-N18 -> -1741.112 | Q18: =P18/E18 -> -0.12175609 | R18: =I18/F18*1000 -> 12043.676 | S18: ='[7]BOM (Long)'!$P$13 -> 10152.236 | T18: =R18-S18 -> 1891.44 | U18: =T18/S18 -> 0.18630772 | V18: =R18/R$16 -> 1.1 | W18: =S18/S$16 -> 1.1 | X18: =S18/C$6 -> 0.89842796 | Y18: =S18/C$6 -> 0.89842796 | Z18: =Z17/$Y$15 -> 14888.08 | AA18: =Z18-$Z$14 -> 5188.08 | AB18: =Z18-Z17 -> 1512.2126 | AC18: 10000 | AD18: ='[8]CP Công đoạn (3)'!$CJ$6 -> 2321.031 | AE18: =AC18+AD18 -> 12321.031
A19: 11 | B19: Nắp HD ép, cổ chai | C19: 0.01 | D19: =$D$13*C19*E19 -> 37500 | E19: ='GAP (KN)'!I12 -> 7500 | F19: =C19*1000 -> 10 | G19: =F19/1000/(1-$C$8) -> 0.011111111 | H19: =E19*G19/SUMPRODUCT($E$14:$E$20,$G$14:$G$20) -> 0.0055899232 | I19: =$C$6*H19 -> 63.166133 | J19: =($C$7+$C$10)*H19 -> 25.651537 | K19: =I19+J19 -> 88.817669 | L19: =E19*G19 -> 83.333333 | M19: =L19-K19 -> -5.4843358 | N19: =K19/(F19/(1-$C$8))*1000 -> 7993.5902 | O19: 6500 | P19: =O19-N19 -> -1493.5902 | Q19: =P19/E19 -> -0.19914536 | R19: =I19/F19*1000 -> 6316.6133 | S19: ='[7]BOM (Long)'!$P$14 -> 5537.5833 | T19: =R19-S19 -> 779.03 | U19: =T19/S19 -> 0.1406805 | V19: =R19/R$16 -> 0.57692308 | W19: =S19/S$16 -> 0.6 | X19: =S19/C$6 -> 0.49005162 | Y19: =S19/C$6 -> 0.49005162 | Z19: =Z18/$Y$15 -> 16571.256 | AA19: =Z19-$Z$14 -> 6871.2563 | AB19: =Z19-Z18 -> 1683.1763 | AC19: 5000
F20: =C20*1000 -> 0 | G20: =F20/1000/(1-$C$8) -> 0 | H20: =E20*G20/SUMPRODUCT($E$14:$E$20,$G$14:$G$20) -> 0 | I20: =$C$6*H20 -> 0 | J20: =($C$7+$C$10)*H20 -> 0 | K20: =I20+J20 -> 0 | L20: =E20*G20 -> 0 | M20: =L20-K20 -> 0 | N20: =K20/(F20/(1-$C$8))*1000 -> #DIV/0! | P20: =O20-N20 -> #DIV/0! | Q20: =P20/E20 -> #DIV/0!
B21: Thành phẩm thu được sau lựa | C21: =SUM(C14:C20) -> 0.89 | D21: =SUM(D14:D19) -> 6708500 | E21: =E14-E18 -> 1500 | F21: =SUM(F14:F20) -> 890 | G21: =SUM(G14:G20) -> 0.98888889 | H21: =SUM(H14:H20) -> 1 | I21: =SUM(I14:I20) -> 11300 | J21: =SUM(J14:J20) -> 4588.8889 | K21: =SUM(K14:K20) -> 15888.889 | L21: =SUM(L14:L20) -> 14907.778 | M21: =SUM(M14:M20) -> -981.11111 | N21: =SUMPRODUCT(C14:C19,N14:N19) -> 14300 | P21: =O21-N21 -> -14300
B22: Hao hụt (%) | C22: =100%-C21 -> 0.11 | D22: =C6*D13 -> 5650000 | E22: =E21/E14 -> 0.094936709 | N22: =K21-N21 -> 1588.8889 | P22: =O22-N22 -> -1588.8889
B23: Hao hụt (gram_BOM) | D23: =D21-D22 -> 1058500 | E23: =SUMPRODUCT(C14:C19,E14:E19) -> 13417 | F23: =1000-F21 -> 110
D24: =D23/D21 -> 0.1577849 | E24: ='Giá mua Chai-Vảy'!E23 -> 14055
E25: =E23-E24 -> -638
B26: Giá chai BX mix sau phân loại | C26: =C11 -> 15888.889 | E26: ='[4]Consol PL-DTRG-T04.26'!$D$4+'[4]Consol PL-DTRG-T04.26'!$E$4 -> 1134.354
B27: Chi phí rữa | C27: 1500
B28: Tỷ lệ hao hụt thực tế | C28: 0.06
B29: Tổng chi phí | C29: =SUM(C26:C27) -> 17388.889
B30: Chi phí hao hụt | C30: =C29*C28/(1-C28) -> 1109.9291
B31: Giá bán hòa vốn đơn vị | C31: =+C29/(1-C28) -> 18498.818
X32: So giá mua BO
B33: Vảy | S33: Check với SAP | V33: TT | W33: BOM | X33: TT | Y33: BOM
A34: STT | B34: Tên vật tư | C34: Cơ cấu thành phẩm theo BOM | E34: Giá bán thành chai trước băm | F34: Cơ cấu nguyên vật liệu BOM (gram) | G34: Cơ cấu thành phẩm thực tế | H34: Tỷ trọng giá trị | I34: Phân bổ giá chai băm | J34: Chi phí băm | K34: Giá thành sau băm | L34: Doanh thu đơn vị | M34: Lợi nhuận đơn vị | N34: Giá thành 1kg sau Băm | O34: Giá bán vảy 3 trạm về DTR | P34: Diff | R34: Giá BO sau phân loại | S34: BOM SAP | T34: Diff | U34: %Diff | V34: Tỷ 3 cấp chất lượng | W34: Tỷ 3 cấp chất lượng | X34: Tỷ 3 cấp chất lượng | Y34: Tỷ 3 cấp chất lượng | Z34: Cơ cấu giá trừ chất lượng | AA34: GAP so BO
A35: 1 | B35: Vảy_ Chai PET B1 | C35: 0.54 | E35: =N14 -> 16839.83 | F35: =C35*1000 -> 540 | G35: =F35/1000/(1-$C$28) -> 0.57446809 | H35: =E35*G35/SUMPRODUCT($E$35:$E$40,$G$35:$G$40) -> 0.63590967 | I35: =$C$26*H35 -> 10103.898 | J35: =($C$27+$C$30)*H35 -> 1659.6791 | K35: =I35+J35 -> 11763.577 | L35: =O35 -> 18300 | M35: =L35-N35 -> -2177.338 | N35: =K35/(F35/(1-$C$28))*1000 -> 20477.338 | O35: 18300 | P35: =O35-N35 -> -2177.338 | Q35: =P35/E35 -> -0.12929691 | R35: =I35/F35*1000 -> 18710.922 | S35: ='[7]BOM (Long)'!$P$7 -> 11536.632 | T35: =R35-S35 -> 7174.2905 | U35: =T35/S35 -> 0.62187046 | V35: =R35/R$16 -> 1.7089479 | W35: =S35/S$16 -> 1.25 | X35: =S35/C$6 -> 1.0209409 | Y35: =S35/C$6 -> 1.0209409 | Z35: 9700
A36: 5 | B36: Vảy_Chai PET B2.2 | C36: 0.03 | E36: =N15 -> 15241.112 | F36: =C36*1000 -> 30 | G36: =F36/1000/(1-$C$28) -> 0.031914894 | H36: =E36*G36/SUMPRODUCT($E$35:$E$40,$G$35:$G$40) -> 0.031974361 | I36: =$C$26*H36 -> 508.03707 | J36: =($C$27+$C$30)*H36 -> 83.450814 | K36: =I36+J36 -> 591.48788 | L36: =O36 -> 16800 | M36: =L36-N36 -> -1733.287 | N36: =K36/(F36/(1-$C$28))*1000 -> 18533.287 | O36: =O35-1500 -> 16800 | P36: =O36-N36 -> -1733.287 | Q36: =P36/E36 -> -0.11372444 | R36: =I36/F36*1000 -> 16934.569 | S36: ='[7]BOM (Long)'!$P$9 -> 10152.236 | T36: =R36-S36 -> 6782.3329 | U36: =T36/S36 -> 0.66806297 | V36: =R36/R$16 -> 1.546706 | W36: =S36/S$16 -> 1.1 | X36: =S36/C$6 -> 0.89842796 | Y36: =S36/C$6 -> 0.89842796 | Z36: =Z35/$Y$15 -> 10796.636 | AA36: =Z36-$Z$14 -> 1096.6364 | AB36: =Z36-Z35 -> 1096.6364
A37: 7 | B37: Vảy_Chai PET B4 | C37: 0.02 | E37: =N16 -> 13855.556 | F37: =C37*1000 -> 20 | G37: =F37/1000/(1-$C$28) -> 0.021276596 | H37: =E37*G37/SUMPRODUCT($E$35:$E$40,$G$35:$G$40) -> 0.019378401 | I37: =$C$26*H37 -> 307.90125 | J37: =($C$27+$C$30)*H37 -> 50.576251 | K37: =I37+J37 -> 358.4775 | L37: =O37 -> 15300 | M37: =L37-N37 -> -1548.4427 | N37: =K37/(F37/(1-$C$28))*1000 -> 16848.443 | O37: =O35-3000 -> 15300 | P37: =O37-N37 -> -1548.4427 | Q37: =P37/E37 -> -0.11175608 | R37: =I37/F37*1000 -> 15395.063 | S37: ='[7]BOM (Long)'!$P$10 -> 9229.3054 | T37: =R37-S37 -> 6165.7572 | U37: =T37/S37 -> 0.66806297 | V37: =R37/R$16 -> 1.4060964 | W37: =S37/S$16 -> 1 | X37: =S37/C$6 -> 0.81675269 | Y37: =S37/C$6 -> 0.81675269 | Z37: =Z36/$Y$15 -> 12017.253 | AA37: =Z37-$Z$14 -> 2317.2533 | AB37: =Z37-Z36 -> 1220.6169
A38: 8 | B38: Vảy_Chai PET B5 | C38: 0.02 | E38: =N17 -> 13855.556 | F38: =C38*1000 -> 20 | G38: =F38/1000/(1-$C$28) -> 0.021276596 | H38: =E38*G38/SUMPRODUCT($E$35:$E$40,$G$35:$G$40) -> 0.019378401 | I38: =$C$26*H38 -> 307.90125 | J38: =($C$27+$C$30)*H38 -> 50.576251 | K38: =I38+J38 -> 358.4775 | L38: =O38 -> 15300 | M38: =L38-N38 -> -1548.4427 | N38: =K38/(F38/(1-$C$28))*1000 -> 16848.443 | O38: =O37 -> 15300 | P38: =O38-N38 -> -1548.4427 | Q38: =P38/E38 -> -0.11175608 | R38: =I38/F38*1000 -> 15395.063 | S38: ='[7]BOM (Long)'!$P$11 -> 9229.3054 | T38: =R38-S38 -> 6165.7572 | U38: =T38/S38 -> 0.66806297 | V38: =R38/R$16 -> 1.4060964 | W38: =S38/S$16 -> 1 | X38: =S38/C$6 -> 0.81675269 | Y38: =S38/C$6 -> 0.81675269 | Z38: =Z37/$Y$15 -> 13375.867 | AA38: =Z38-$Z$14 -> 3675.8674 | AB38: =Z38-Z37 -> 1358.6141
A39: 10 | B39: Vảy_Chai PET B6.2 | C39: 0.27 | E39: =N18 -> 15241.112 | F39: =C39*1000 -> 270 | G39: =F39/1000/(1-$C$28) -> 0.28723404 | H39: =E39*G39/SUMPRODUCT($E$35:$E$40,$G$35:$G$40) -> 0.28776925 | I39: =$C$26*H39 -> 4572.3336 | J39: =($C$27+$C$30)*H39 -> 751.05733 | K39: =I39+J39 -> 5323.3909 | L39: =O39 -> 17800 | M39: =L39-N39 -> -733.28696 | N39: =K39/(F39/(1-$C$28))*1000 -> 18533.287 | O39: 17800 | P39: =O39-N39 -> -733.28696 | Q39: =P39/E39 -> -0.048112431 | R39: =I39/F39*1000 -> 16934.569 | S39: ='[7]BOM (Long)'!$P$13 -> 10152.236 | T39: =R39-S39 -> 6782.3329 | U39: =T39/S39 -> 0.66806297 | V39: =R39/R$16 -> 1.546706 | W39: =S39/S$16 -> 1.1 | X39: =S39/C$6 -> 0.89842796 | Y39: =S39/C$6 -> 0.89842796 | Z39: =Z38/$Y$15 -> 14888.08 | AA39: =Z39-$Z$14 -> 5188.08 | AB39: =Z39-Z38 -> 1512.2126
A40: 11 | B40: Vảy_Nắp HD ép, cổ chai | C40: 0.01 | E40: =N19 -> 7993.5902 | F40: =C40*1000 -> 10 | G40: =F40/1000/(1-$C$28) -> 0.010638298 | H40: =E40*G40/SUMPRODUCT($E$35:$E$40,$G$35:$G$40) -> 0.0055899232 | I40: =$C$26*H40 -> 88.817669 | J40: =($C$27+$C$30)*H40 -> 14.589303 | K40: =I40+J40 -> 103.40697 | L40: =O40 -> 12550 | M40: =L40-N40 -> 2829.7446 | N40: =K40/(F40/(1-$C$28))*1000 -> 9720.2554 | O40: =C6+1250 -> 12550 | P40: =O40-N40 -> 2829.7446 | Q40: =P40/E40 -> 0.35400171 | R40: =I40/F40*1000 -> 8881.7669 | S40: ='[7]BOM (Long)'!$P$14 -> 5537.5833 | T40: =R40-S40 -> 3344.1837 | U40: =T40/S40 -> 0.60390671 | V40: =R40/R$16 -> 0.81120944 | W40: =S40/S$16 -> 0.6 | X40: =S40/C$6 -> 0.49005162 | Y40: =S40/C$6 -> 0.49005162 | Z40: =Z39/$Y$15 -> 16571.256 | AA40: =Z40-$Z$14 -> 6871.2563 | AB40: =Z40-Z39 -> 1683.1763
F41: =C41*1000 -> 0 | G41: =F41/1000/(1-$C$8) -> 0 | H41: =E41*G41/SUMPRODUCT($E$14:$E$20,$G$14:$G$20) -> 0 | I41: =$C$6*H41 -> 0 | J41: =($C$7+$C$10)*H41 -> 0 | K41: =I41+J41 -> 0 | L41: =E41*G41 -> 0 | M41: =L41-K41 -> 0 | N41: =K41/(F41/(1-$C$8))*1000 -> #DIV/0! | P41: =O41-N41 -> #DIV/0! | Q41: =P41/E41 -> #DIV/0!
B42: Thành phẩm thu được sau lựa | C42: =SUM(C35:C41) -> 0.89 | F42: =SUM(F35:F41) -> 890 | G42: =SUM(G35:G41) -> 0.94680851 | H42: =SUM(H35:H41) -> 1 | I42: =SUM(I35:I41) -> 15888.889 | J42: =SUM(J35:J41) -> 2609.9291 | K42: =SUM(K35:K41) -> 18498.818 | L42: =SUMPRODUCT(C35:C40,L35:L40) -> 15929.5 | M42: =SUM(M35:M41) -> -4911.0527
B43: Hao hụt (%) | C43: =100%-C42 -> 0.11
B44: Hao hụt (gram_BOM) | F44: =1000-F42 -> 110

Sheet Giá mua Chai-Vảy (DLA)
A2: 2026
A3: 3
B6: Giá chai B0 | C6: 11300
B7: Chi phí phân loại | C7: 3000
B8: Tỷ lệ hao hụt thực tế | C8: 0.1
B9: Tổng chi phí | C9: =SUM(C6:C7) -> 14300
B10: Chi phí hao hụt | C10: =C9*C8/(1-C8) -> 1588.8889
B11: Giá bán hòa vốn đơn vị | C11: =+C9/(1-C8) -> 15888.889 | X11: So giá mua BO
B12: Chai | S12: Check với SAP | V12: TT | W12: BOM | X12: TT | Y12: BOM
A13: STT | B13: Tên vật tư | C13: Cơ cấu thành phẩm theo BOM | D13: 500 | E13: Giá bán chai 3 trạm về DTR | F13: Cơ cấu nguyên vật liệu BOM (gram) | G13: Cơ cấu thành phẩm thực tế | H13: Tỷ trọng giá trị | I13: Phân bổ giá B0 | J13: Phân bổ chi phí phân loại | K13: Chi phí sau phân loại | L13: Doanh thu đơn vị | M13: Lợi nhuận đơn vị | N13: Giá thành 1kg sau phân loại | O13: Giá bán chai 4 trạm về DTR | P13: Diff | R13: Giá BO sau phân loại | S13: BOM SAP | T13: Diff | U13: %Diff | V13: Tỷ 3 cấp chất lượng | W13: Tỷ 3 cấp chất lượng | X13: Tỷ 3 cấp chất lượng | Y13: Tỷ 3 cấp chất lượng | Z13: Cơ cấu giá trừ chất lượng | AA13: GAP so BO | AC13: Giá mua theo phân loại | AD13: Chi phí Băm Vảy | AE13: Vảy
A14: 1 | B14: Chai PET B1 | C14: 0.54 | D14: =$D$13*C14*E14 -> 4266000 | E14: ='GAP (KN)'!I9 -> 15800 | F14: =C14*1000 -> 540 | G14: =F14/1000/(1-$C$8) -> 0.6 | H14: =E14*G14/SUMPRODUCT($E$14:$E$20,$G$14:$G$20) -> 0.63590967 | I14: =$C$6*H14 -> 7185.7792 | J14: =($C$7+$C$10)*H14 -> 2918.1188 | K14: =I14+J14 -> 10103.898 | L14: =E14*G14 -> 9480 | M14: =L14-K14 -> -623.89804 | N14: =K14/(F14/(1-$C$8))*1000 -> 16839.83 | O14: 15000 | P14: =O14-N14 -> -1839.8301 | Q14: =P14/E14 -> -0.11644494 | R14: =I14/F14*1000 -> 13306.999 | S14: ='[7]BOM (Long)'!$P$7 -> 11536.632 | T14: =R14-S14 -> 1770.3668 | U14: =T14/S14 -> 0.15345612 | V14: =R14/R$16 -> 1.2153846 | W14: =S14/S$16 -> 1.25 | X14: =S14/C$6 -> 1.0209409 | Y14: =S14/C$6 -> 1.0209409 | Z14: 9700 | AC14: 12500 | AE14: =AC14+AD14 -> 12500
A15: 5 | B15: Chai PET B2.2 | C15: 0.03 | D15: =$D$13*C15*E15 -> 214500 | E15: ='GAP (KN)'!I11 -> 14300 | F15: =C15*1000 -> 30 | G15: =F15/1000/(1-$C$8) -> 0.033333333 | H15: =E15*G15/SUMPRODUCT($E$14:$E$20,$G$14:$G$20) -> 0.031974361 | I15: =$C$6*H15 -> 361.31028 | J15: =($C$7+$C$10)*H15 -> 146.72679 | K15: =I15+J15 -> 508.03707 | L15: =E15*G15 -> 476.66667 | M15: =L15-K15 -> -31.370401 | N15: =K15/(F15/(1-$C$8))*1000 -> 15241.112 | O15: 13500 | P15: =O15-N15 -> -1741.112 | Q15: =P15/E15 -> -0.12175609 | R15: =I15/F15*1000 -> 12043.676 | S15: ='[7]BOM (Long)'!$P$9 -> 10152.236 | T15: =R15-S15 -> 1891.44 | U15: =T15/S15 -> 0.18630772 | V15: =R15/R$16 -> 1.1 | W15: =S15/S$16 -> 1.1 | X15: =S15/C$6 -> 0.89842796 | Y15: =S15/C$6 -> 0.89842796 | Z15: =Z14/$Y$15 -> 10796.636 | AA15: =Z15-$Z$14 -> 1096.6364 | AB15: =Z15-Z14 -> 1096.6364 | AC15: 10000
A16: 7 | B16: Chai PET B4 | C16: 0.02 | D16: =$D$13*C16*E16 -> 130000 | E16: ='GAP (KN)'!I10 -> 13000 | F16: =C16*1000 -> 20 | G16: =F16/1000/(1-$C$8) -> 0.022222222 | H16: =E16*G16/SUMPRODUCT($E$14:$E$20,$G$14:$G$20) -> 0.019378401 | I16: =$C$6*H16 -> 218.97593 | J16: =($C$7+$C$10)*H16 -> 88.925327 | K16: =I16+J16 -> 307.90125 | L16: =E16*G16 -> 288.88889 | M16: =L16-K16 -> -19.012364 | N16: =K16/(F16/(1-$C$8))*1000 -> 13855.556 | O16: 12000 | P16: =O16-N16 -> -1855.5564 | Q16: =P16/E16 -> -0.14273511 | R16: =I16/F16*1000 -> 10948.796 | S16: ='[7]BOM (Long)'!$P$10 -> 9229.3054 | T16: =R16-S16 -> 1719.4909 | U16: =T16/S16 -> 0.18630772 | V16: =R16/R$16 -> 1 | W16: =S16/S$16 -> 1 | X16: =S16/C$6 -> 0.81675269 | Y16: =S16/C$6 -> 0.81675269 | Z16: =Z15/$Y$15 -> 12017.253 | AA16: =Z16-$Z$14 -> 2317.2533 | AB16: =Z16-Z15 -> 1220.6169 | AC16: 9000
A17: 8 | B17: Chai PET B5 | C17: 0.02 | D17: =$D$13*C17*E17 -> 130000 | E17: ='GAP (KN)'!I10 -> 13000 | F17: =C17*1000 -> 20 | G17: =F17/1000/(1-$C$8) -> 0.022222222 | H17: =E17*G17/SUMPRODUCT($E$14:$E$20,$G$14:$G$20) -> 0.019378401 | I17: =$C$6*H17 -> 218.97593 | J17: =($C$7+$C$10)*H17 -> 88.925327 | K17: =I17+J17 -> 307.90125 | L17: =E17*G17 -> 288.88889 | M17: =L17-K17 -> -19.012364 | N17: =K17/(F17/(1-$C$8))*1000 -> 13855.556 | O17: 12000 | P17: =O17-N17 -> -1855.5564 | Q17: =P17/E17 -> -0.14273511 | R17: =I17/F17*1000 -> 10948.796 | S17: ='[7]BOM (Long)'!$P$11 -> 9229.3054 | T17: =R17-S17 -> 1719.4909 | U17: =T17/S17 -> 0.18630772 | V17: =R17/R$16 -> 1 | W17: =S17/S$16 -> 1 | X17: =S17/C$6 -> 0.81675269 | Y17: =S17/C$6 -> 0.81675269 | Z17: =Z16/$Y$15 -> 13375.867 | AA17: =Z17-$Z$14 -> 3675.8674 | AB17: =Z17-Z16 -> 1358.6141 | AC17: 9000
A18: 10 | B18: Chai PET B6.2 | C18: 0.27 | D18: =$D$13*C18*E18 -> 1930500 | E18: ='GAP (KN)'!I11 -> 14300 | F18: =C18*1000 -> 270 | G18: =F18/1000/(1-$C$8) -> 0.3 | H18: =E18*G18/SUMPRODUCT($E$14:$E$20,$G$14:$G$20) -> 0.28776925 | I18: =$C$6*H18 -> 3251.7925 | J18: =($C$7+$C$10)*H18 -> 1320.5411 | K18: =I18+J18 -> 4572.3336 | L18: =E18*G18 -> 4290 | M18: =L18-K18 -> -282.33361 | N18: =K18/(F18/(1-$C$8))*1000 -> 15241.112 | O18: 13500 | P18: =O18-N18 -> -1741.112 | Q18: =P18/E18 -> -0.12175609 | R18: =I18/F18*1000 -> 12043.676 | S18: ='[7]BOM (Long)'!$P$13 -> 10152.236 | T18: =R18-S18 -> 1891.44 | U18: =T18/S18 -> 0.18630772 | V18: =R18/R$16 -> 1.1 | W18: =S18/S$16 -> 1.1 | X18: =S18/C$6 -> 0.89842796 | Y18: =S18/C$6 -> 0.89842796 | Z18: =Z17/$Y$15 -> 14888.08 | AA18: =Z18-$Z$14 -> 5188.08 | AB18: =Z18-Z17 -> 1512.2126 | AC18: 10000 | AD18: ='[8]CP Công đoạn (3)'!$CJ$6 -> 2321.031 | AE18: =AC18+AD18 -> 12321.031
A19: 11 | B19: Nắp HD ép, cổ chai | C19: 0.01 | D19: =$D$13*C19*E19 -> 37500 | E19: ='GAP (KN)'!I12 -> 7500 | F19: =C19*1000 -> 10 | G19: =F19/1000/(1-$C$8) -> 0.011111111 | H19: =E19*G19/SUMPRODUCT($E$14:$E$20,$G$14:$G$20) -> 0.0055899232 | I19: =$C$6*H19 -> 63.166133 | J19: =($C$7+$C$10)*H19 -> 25.651537 | K19: =I19+J19 -> 88.817669 | L19: =E19*G19 -> 83.333333 | M19: =L19-K19 -> -5.4843358 | N19: =K19/(F19/(1-$C$8))*1000 -> 7993.5902 | O19: 6500 | P19: =O19-N19 -> -1493.5902 | Q19: =P19/E19 -> -0.19914536 | R19: =I19/F19*1000 -> 6316.6133 | S19: ='[7]BOM (Long)'!$P$14 -> 5537.5833 | T19: =R19-S19 -> 779.03 | U19: =T19/S19 -> 0.1406805 | V19: =R19/R$16 -> 0.57692308 | W19: =S19/S$16 -> 0.6 | X19: =S19/C$6 -> 0.49005162 | Y19: =S19/C$6 -> 0.49005162 | Z19: =Z18/$Y$15 -> 16571.256 | AA19: =Z19-$Z$14 -> 6871.2563 | AB19: =Z19-Z18 -> 1683.1763 | AC19: 5000
F20: =C20*1000 -> 0 | G20: =F20/1000/(1-$C$8) -> 0 | H20: =E20*G20/SUMPRODUCT($E$14:$E$20,$G$14:$G$20) -> 0 | I20: =$C$6*H20 -> 0 | J20: =($C$7+$C$10)*H20 -> 0 | K20: =I20+J20 -> 0 | L20: =E20*G20 -> 0 | M20: =L20-K20 -> 0 | N20: =K20/(F20/(1-$C$8))*1000 -> #DIV/0! | P20: =O20-N20 -> #DIV/0! | Q20: =P20/E20 -> #DIV/0!
B21: Thành phẩm thu được sau lựa | C21: =SUM(C14:C20) -> 0.89 | D21: =SUM(D14:D19) -> 6708500 | E21: =E14-E18 -> 1500 | F21: =SUM(F14:F20) -> 890 | G21: =SUM(G14:G20) -> 0.98888889 | H21: =SUM(H14:H20) -> 1 | I21: =SUM(I14:I20) -> 11300 | J21: =SUM(J14:J20) -> 4588.8889 | K21: =SUM(K14:K20) -> 15888.889 | L21: =SUM(L14:L20) -> 14907.778 | M21: =SUM(M14:M20) -> -981.11111 | N21: =SUMPRODUCT(C14:C19,N14:N19) -> 14300 | P21: =O21-N21 -> -14300
B22: Hao hụt (%) | C22: =100%-C21 -> 0.11 | D22: =C6*D13 -> 5650000 | E22: =E21/E14 -> 0.094936709 | N22: =K21-N21 -> 1588.8889 | P22: =O22-N22 -> -1588.8889
B23: Hao hụt (gram_BOM) | D23: =D21-D22 -> 1058500 | E23: =SUMPRODUCT(C14:C19,E14:E19) -> 13417 | F23: =1000-F21 -> 110
D24: =D23/D21 -> 0.1577849 | E24: ='Giá mua Chai-Vảy'!E23 -> 14055
E25: =E23-E24 -> -638
B26: Giá chai BX mix sau phân loại | C26: =C11 -> 15888.889 | E26: ='[4]Consol PL-DTRG-T04.26'!$D$4+'[4]Consol PL-DTRG-T04.26'!$E$4 -> 1134.354
B27: Chi phí rữa | C27: 1500
B28: Tỷ lệ hao hụt thực tế | C28: 0.06
B29: Tổng chi phí | C29: =SUM(C26:C27) -> 17388.889
B30: Chi phí hao hụt | C30: =C29*C28/(1-C28) -> 1109.9291
B31: Giá bán hòa vốn đơn vị | C31: =+C29/(1-C28) -> 18498.818
X32: So giá mua BO
B33: Vảy | S33: Check với SAP | V33: TT | W33: BOM | X33: TT | Y33: BOM
A34: STT | B34: Tên vật tư | C34: Cơ cấu thành phẩm theo BOM | E34: Giá bán thành chai trước băm | F34: Cơ cấu nguyên vật liệu BOM (gram) | G34: Cơ cấu thành phẩm thực tế | H34: Tỷ trọng giá trị | I34: Phân bổ giá chai băm | J34: Chi phí băm | K34: Giá thành sau băm | L34: Doanh thu đơn vị | M34: Lợi nhuận đơn vị | N34: Giá thành 1kg sau Băm | O34: Giá bán vảy 3 trạm về DTR | P34: Diff | R34: Giá BO sau phân loại | S34: BOM SAP | T34: Diff | U34: %Diff | V34: Tỷ 3 cấp chất lượng | W34: Tỷ 3 cấp chất lượng | X34: Tỷ 3 cấp chất lượng | Y34: Tỷ 3 cấp chất lượng | Z34: Cơ cấu giá trừ chất lượng | AA34: GAP so BO
A35: 1 | B35: Vảy_ Chai PET B1 | C35: 0.54 | E35: =N14 -> 16839.83 | F35: =C35*1000 -> 540 | G35: =F35/1000/(1-$C$28) -> 0.57446809 | H35: =E35*G35/SUMPRODUCT($E$35:$E$40,$G$35:$G$40) -> 0.63590967 | I35: =$C$26*H35 -> 10103.898 | J35: =($C$27+$C$30)*H35 -> 1659.6791 | K35: =I35+J35 -> 11763.577 | L35: =O35 -> 18300 | M35: =L35-N35 -> -2177.338 | N35: =K35/(F35/(1-$C$28))*1000 -> 20477.338 | O35: 18300 | P35: =O35-N35 -> -2177.338 | Q35: =P35/E35 -> -0.12929691 | R35: =I35/F35*1000 -> 18710.922 | S35: ='[7]BOM (Long)'!$P$7 -> 11536.632 | T35: =R35-S35 -> 7174.2905 | U35: =T35/S35 -> 0.62187046 | V35: =R35/R$16 -> 1.7089479 | W35: =S35/S$16 -> 1.25 | X35: =S35/C$6 -> 1.0209409 | Y35: =S35/C$6 -> 1.0209409 | Z35: 9700
A36: 5 | B36: Vảy_Chai PET B2.2 | C36: 0.03 | E36: =N15 -> 15241.112 | F36: =C36*1000 -> 30 | G36: =F36/1000/(1-$C$28) -> 0.031914894 | H36: =E36*G36/SUMPRODUCT($E$35:$E$40,$G$35:$G$40) -> 0.031974361 | I36: =$C$26*H36 -> 508.03707 | J36: =($C$27+$C$30)*H36 -> 83.450814 | K36: =I36+J36 -> 591.48788 | L36: =O36 -> 16800 | M36: =L36-N36 -> -1733.287 | N36: =K36/(F36/(1-$C$28))*1000 -> 18533.287 | O36: =O35-1500 -> 16800 | P36: =O36-N36 -> -1733.287 | Q36: =P36/E36 -> -0.11372444 | R36: =I36/F36*1000 -> 16934.569 | S36: ='[7]BOM (Long)'!$P$9 -> 10152.236 | T36: =R36-S36 -> 6782.3329 | U36: =T36/S36 -> 0.66806297 | V36: =R36/R$16 -> 1.546706 | W36: =S36/S$16 -> 1.1 | X36: =S36/C$6 -> 0.89842796 | Y36: =S36/C$6 -> 0.89842796 | Z36: =Z35/$Y$15 -> 10796.636 | AA36: =Z36-$Z$14 -> 1096.6364 | AB36: =Z36-Z35 -> 1096.6364
A37: 7 | B37: Vảy_Chai PET B4 | C37: 0.02 | E37: =N16 -> 13855.556 | F37: =C37*1000 -> 20 | G37: =F37/1000/(1-$C$28) -> 0.021276596 | H37: =E37*G37/SUMPRODUCT($E$35:$E$40,$G$35:$G$40) -> 0.019378401 | I37: =$C$26*H37 -> 307.90125 | J37: =($C$27+$C$30)*H37 -> 50.576251 | K37: =I37+J37 -> 358.4775 | L37: =O37 -> 15300 | M37: =L37-N37 -> -1548.4427 | N37: =K37/(F37/(1-$C$28))*1000 -> 16848.443 | O37: =O35-3000 -> 15300 | P37: =O37-N37 -> -1548.4427 | Q37: =P37/E37 -> -0.11175608 | R37: =I37/F37*1000 -> 15395.063 | S37: ='[7]BOM (Long)'!$P$10 -> 9229.3054 | T37: =R37-S37 -> 6165.7572 | U37: =T37/S37 -> 0.66806297 | V37: =R37/R$16 -> 1.4060964 | W37: =S37/S$16 -> 1 | X37: =S37/C$6 -> 0.81675269 | Y37: =S37/C$6 -> 0.81675269 | Z37: =Z36/$Y$15 -> 12017.253 | AA37: =Z37-$Z$14 -> 2317.2533 | AB37: =Z37-Z36 -> 1220.6169
A38: 8 | B38: Vảy_Chai PET B5 | C38: 0.02 | E38: =N17 -> 13855.556 | F38: =C38*1000 -> 20 | G38: =F38/1000/(1-$C$28) -> 0.021276596 | H38: =E38*G38/SUMPRODUCT($E$35:$E$40,$G$35:$G$40) -> 0.019378401 | I38: =$C$26*H38 -> 307.90125 | J38: =($C$27+$C$30)*H38 -> 50.576251 | K38: =I38+J38 -> 358.4775 | L38: =O38 -> 15300 | M38: =L38-N38 -> -1548.4427 | N38: =K38/(F38/(1-$C$28))*1000 -> 16848.443 | O38: =O37 -> 15300 | P38: =O38-N38 -> -1548.4427 | Q38: =P38/E38 -> -0.11175608 | R38: =I38/F38*1000 -> 15395.063 | S38: ='[7]BOM (Long)'!$P$11 -> 9229.3054 | T38: =R38-S38 -> 6165.7572 | U38: =T38/S38 -> 0.66806297 | V38: =R38/R$16 -> 1.4060964 | W38: =S38/S$16 -> 1 | X38: =S38/C$6 -> 0.81675269 | Y38: =S38/C$6 -> 0.81675269 | Z38: =Z37/$Y$15 -> 13375.867 | AA38: =Z38-$Z$14 -> 3675.8674 | AB38: =Z38-Z37 -> 1358.6141
A39: 10 | B39: Vảy_Chai PET B6.2 | C39: 0.27 | E39: =N18 -> 15241.112 | F39: =C39*1000 -> 270 | G39: =F39/1000/(1-$C$28) -> 0.28723404 | H39: =E39*G39/SUMPRODUCT($E$35:$E$40,$G$35:$G$40) -> 0.28776925 | I39: =$C$26*H39 -> 4572.3336 | J39: =($C$27+$C$30)*H39 -> 751.05733 | K39: =I39+J39 -> 5323.3909 | L39: =O39 -> 17800 | M39: =L39-N39 -> -733.28696 | N39: =K39/(F39/(1-$C$28))*1000 -> 18533.287 | O39: 17800 | P39: =O39-N39 -> -733.28696 | Q39: =P39/E39 -> -0.048112431 | R39: =I39/F39*1000 -> 16934.569 | S39: ='[7]BOM (Long)'!$P$13 -> 10152.236 | T39: =R39-S39 -> 6782.3329 | U39: =T39/S39 -> 0.66806297 | V39: =R39/R$16 -> 1.546706 | W39: =S39/S$16 -> 1.1 | X39: =S39/C$6 -> 0.89842796 | Y39: =S39/C$6 -> 0.89842796 | Z39: =Z38/$Y$15 -> 14888.08 | AA39: =Z39-$Z$14 -> 5188.08 | AB39: =Z39-Z38 -> 1512.2126
A40: 11 | B40: Vảy_Nắp HD ép, cổ chai | C40: 0.01 | E40: =N19 -> 7993.5902 | F40: =C40*1000 -> 10 | G40: =F40/1000/(1-$C$28) -> 0.010638298 | H40: =E40*G40/SUMPRODUCT($E$35:$E$40,$G$35:$G$40) -> 0.0055899232 | I40: =$C$26*H40 -> 88.817669 | J40: =($C$27+$C$30)*H40 -> 14.589303 | K40: =I40+J40 -> 103.40697 | L40: =O40 -> 12550 | M40: =L40-N40 -> 2829.7446 | N40: =K40/(F40/(1-$C$28))*1000 -> 9720.2554 | O40: =C6+1250 -> 12550 | P40: =O40-N40 -> 2829.7446 | Q40: =P40/E40 -> 0.35400171 | R40: =I40/F40*1000 -> 8881.7669 | S40: ='[7]BOM (Long)'!$P$14 -> 5537.5833 | T40: =R40-S40 -> 3344.1837 | U40: =T40/S40 -> 0.60390671 | V40: =R40/R$16 -> 0.81120944 | W40: =S40/S$16 -> 0.6 | X40: =S40/C$6 -> 0.49005162 | Y40: =S40/C$6 -> 0.49005162 | Z40: =Z39/$Y$15 -> 16571.256 | AA40: =Z40-$Z$14 -> 6871.2563 | AB40: =Z40-Z39 -> 1683.1763
F41: =C41*1000 -> 0 | G41: =F41/1000/(1-$C$8) -> 0 | H41: =E41*G41/SUMPRODUCT($E$14:$E$20,$G$14:$G$20) -> 0 | I41: =$C$6*H41 -> 0 | J41: =($C$7+$C$10)*H41 -> 0 | K41: =I41+J41 -> 0 | L41: =E41*G41 -> 0 | M41: =L41-K41 -> 0 | N41: =K41/(F41/(1-$C$8))*1000 -> #DIV/0! | P41: =O41-N41 -> #DIV/0! | Q41: =P41/E41 -> #DIV/0!
B42: Thành phẩm thu được sau lựa | C42: =SUM(C35:C41) -> 0.89 | F42: =SUM(F35:F41) -> 890 | G42: =SUM(G35:G41) -> 0.94680851 | H42: =SUM(H35:H41) -> 1 | I42: =SUM(I35:I41) -> 15888.889 | J42: =SUM(J35:J41) -> 2609.9291 | K42: =SUM(K35:K41) -> 18498.818 | L42: =SUMPRODUCT(C35:C40,L35:L40) -> 15929.5 | M42: =SUM(M35:M41) -> -4911.0527
B43: Hao hụt (%) | C43: =100%-C42 -> 0.11
B44: Hao hụt (gram_BOM) | F44: =1000-F42 -> 110

Sheet Giá mua Chai-Vảy (DLO)
A2: 2026
A3: 3
B6: Giá chai B0 | C6: 11300
B7: Chi phí phân loại | C7: 3000
B8: Tỷ lệ hao hụt thực tế | C8: 0.1
B9: Tổng chi phí | C9: =SUM(C6:C7) -> 14300
B10: Chi phí hao hụt | C10: =C9*C8/(1-C8) -> 1588.8889
B11: Giá bán hòa vốn đơn vị | C11: =+C9/(1-C8) -> 15888.889 | X11: So giá mua BO
B12: Chai | S12: Check với SAP | V12: TT | W12: BOM | X12: TT | Y12: BOM
A13: STT | B13: Tên vật tư | C13: Cơ cấu thành phẩm theo BOM | D13: =1000000 -> 1000000 | E13: Giá bán chai 3 trạm về DTR | F13: Cơ cấu nguyên vật liệu BOM (gram) | G13: Cơ cấu thành phẩm thực tế | H13: Tỷ trọng giá trị | I13: Phân bổ giá B0 | J13: Phân bổ chi phí phân loại | K13: Chi phí sau phân loại | L13: Doanh thu đơn vị | M13: Lợi nhuận đơn vị | N13: Giá thành 1kg sau phân loại | O13: Giá bán chai 4 trạm về DTR | P13: Diff | R13: Giá BO sau phân loại | S13: BOM SAP | T13: Diff | U13: %Diff | V13: Tỷ 3 cấp chất lượng | W13: Tỷ 3 cấp chất lượng | X13: Tỷ 3 cấp chất lượng | Y13: Tỷ 3 cấp chất lượng | Z13: Cơ cấu giá trừ chất lượng | AA13: GAP so BO | AC13: Giá mua theo phân loại | AD13: Chi phí Băm Vảy | AE13: Vảy
A14: 1 | B14: Chai PET B1 | C14: 0.54 | D14: =$D$13*C14*E14 -> 8802000000 | E14: ='GAP (DLO)'!I9 -> 16300 | F14: =C14*1000 -> 540 | G14: =F14/1000/(1-$C$8) -> 0.6 | H14: =E14*G14/SUMPRODUCT($E$14:$E$20,$G$14:$G$20) -> 0.63556936 | I14: =$C$6*H14 -> 7181.9337 | J14: =($C$7+$C$10)*H14 -> 2916.5572 | K14: =I14+J14 -> 10098.491 | L14: =E14*G14 -> 9780 | M14: =L14-K14 -> -318.49087 | N14: =K14/(F14/(1-$C$8))*1000 -> 16830.818 | O14: 15000 | P14: =O14-N14 -> -1830.8181 | Q14: =P14/E14 -> -0.11232013 | R14: =I14/F14*1000 -> 13299.877 | S14: ='[7]BOM (Long)'!$P$7 -> 11536.632 | T14: =R14-S14 -> 1763.2455 | U14: =T14/S14 -> 0.15283884 | V14: =R14/R$16 -> 1.2255639 | W14: =S14/S$16 -> 1.25 | X14: =S14/C$6 -> 1.0209409 | Y14: =S14/C$6 -> 1.0209409 | Z14: 9700 | AC14: 12500 | AE14: =AC14+AD14 -> 12500
A15: 5 | B15: Chai PET B2.2 | C15: 0.03 | D15: =$D$13*C15*E15 -> 444000000 | E15: ='GAP (DLO)'!I11 -> 14800 | F15: =C15*1000 -> 30 | G15: =F15/1000/(1-$C$8) -> 0.033333333 | H15: =E15*G15/SUMPRODUCT($E$14:$E$20,$G$14:$G$20) -> 0.032060077 | I15: =$C$6*H15 -> 362.27886 | J15: =($C$7+$C$10)*H15 -> 147.12013 | K15: =I15+J15 -> 509.39899 | L15: =E15*G15 -> 493.33333 | M15: =L15-K15 -> -16.065661 | N15: =K15/(F15/(1-$C$8))*1000 -> 15281.97 | O15: 13500 | P15: =O15-N15 -> -1781.9698 | Q15: =P15/E15 -> -0.12040337 | R15: =I15/F15*1000 -> 12075.962 | S15: ='[7]BOM (Long)'!$P$9 -> 10152.236 | T15: =R15-S15 -> 1923.7262 | U15: =T15/S15 -> 0.18948793 | V15: =R15/R$16 -> 1.112782 | W15: =S15/S$16 -> 1.1 | X15: =S15/C$6 -> 0.89842796 | Y15: =S15/C$6 -> 0.89842796 | Z15: =Z14/$Y$15 -> 10796.636 | AA15: =Z15-$Z$14 -> 1096.6364 | AB15: =Z15-Z14 -> 1096.6364 | AC15: 10000
A16: 7 | B16: Chai PET B4 | C16: 0.02 | D16: =$D$13*C16*E16 -> 266000000 | E16: ='GAP (DLO)'!I10 -> 13300 | F16: =C16*1000 -> 20 | G16: =F16/1000/(1-$C$8) -> 0.022222222 | H16: =E16*G16/SUMPRODUCT($E$14:$E$20,$G$14:$G$20) -> 0.019207163 | I16: =$C$6*H16 -> 217.04094 | J16: =($C$7+$C$10)*H16 -> 88.139537 | K16: =I16+J16 -> 305.18048 | L16: =E16*G16 -> 295.55556 | M16: =L16-K16 -> -9.6249228 | N16: =K16/(F16/(1-$C$8))*1000 -> 13733.122 | O16: 12000 | P16: =O16-N16 -> -1733.1215 | Q16: =P16/E16 -> -0.13030989 | R16: =I16/F16*1000 -> 10852.047 | S16: ='[7]BOM (Long)'!$P$10 -> 9229.3054 | T16: =R16-S16 -> 1622.7417 | U16: =T16/S16 -> 0.17582489 | V16: =R16/R$16 -> 1 | W16: =S16/S$16 -> 1 | X16: =S16/C$6 -> 0.81675269 | Y16: =S16/C$6 -> 0.81675269 | Z16: =Z15/$Y$15 -> 12017.253 | AA16: =Z16-$Z$14 -> 2317.2533 | AB16: =Z16-Z15 -> 1220.6169 | AC16: 9000
A17: 8 | B17: Chai PET B5 | C17: 0.02 | D17: =$D$13*C17*E17 -> 266000000 | E17: ='GAP (DLO)'!I10 -> 13300 | F17: =C17*1000 -> 20 | G17: =F17/1000/(1-$C$8) -> 0.022222222 | H17: =E17*G17/SUMPRODUCT($E$14:$E$20,$G$14:$G$20) -> 0.019207163 | I17: =$C$6*H17 -> 217.04094 | J17: =($C$7+$C$10)*H17 -> 88.139537 | K17: =I17+J17 -> 305.18048 | L17: =E17*G17 -> 295.55556 | M17: =L17-K17 -> -9.6249228 | N17: =K17/(F17/(1-$C$8))*1000 -> 13733.122 | O17: 12000 | P17: =O17-N17 -> -1733.1215 | Q17: =P17/E17 -> -0.13030989 | R17: =I17/F17*1000 -> 10852.047 | S17: ='[7]BOM (Long)'!$P$11 -> 9229.3054 | T17: =R17-S17 -> 1622.7417 | U17: =T17/S17 -> 0.17582489 | V17: =R17/R$16 -> 1 | W17: =S17/S$16 -> 1 | X17: =S17/C$6 -> 0.81675269 | Y17: =S17/C$6 -> 0.81675269 | Z17: =Z16/$Y$15 -> 13375.867 | AA17: =Z17-$Z$14 -> 3675.8674 | AB17: =Z17-Z16 -> 1358.6141 | AC17: 9000
A18: 10 | B18: Chai PET B6.2 | C18: 0.27 | D18: =$D$13*C18*E18 -> 3996000000 | E18: ='GAP (DLO)'!I11 -> 14800 | F18: =C18*1000 -> 270 | G18: =F18/1000/(1-$C$8) -> 0.3 | H18: =E18*G18/SUMPRODUCT($E$14:$E$20,$G$14:$G$20) -> 0.28854069 | I18: =$C$6*H18 -> 3260.5098 | J18: =($C$7+$C$10)*H18 -> 1324.0812 | K18: =I18+J18 -> 4584.5909 | L18: =E18*G18 -> 4440 | M18: =L18-K18 -> -144.59095 | N18: =K18/(F18/(1-$C$8))*1000 -> 15281.97 | O18: 13500 | P18: =O18-N18 -> -1781.9698 | Q18: =P18/E18 -> -0.12040337 | R18: =I18/F18*1000 -> 12075.962 | S18: ='[7]BOM (Long)'!$P$13 -> 10152.236 | T18: =R18-S18 -> 1923.7262 | U18: =T18/S18 -> 0.18948793 | V18: =R18/R$16 -> 1.112782 | W18: =S18/S$16 -> 1.1 | X18: =S18/C$6 -> 0.89842796 | Y18: =S18/C$6 -> 0.89842796 | Z18: =Z17/$Y$15 -> 14888.08 | AA18: =Z18-$Z$14 -> 5188.08 | AB18: =Z18-Z17 -> 1512.2126 | AC18: 10000 | AD18: ='[8]CP Công đoạn (3)'!$CJ$6 -> 2321.031 | AE18: =AC18+AD18 -> 12321.031
A19: 11 | B19: Nắp HD ép, cổ chai | C19: 0.01 | D19: =$D$13*C19*E19 -> 75000000 | E19: ='GAP (DLO)'!I12 -> 7500 | F19: =C19*1000 -> 10 | G19: =F19/1000/(1-$C$8) -> 0.011111111 | H19: =E19*G19/SUMPRODUCT($E$14:$E$20,$G$14:$G$20) -> 0.0054155535 | I19: =$C$6*H19 -> 61.195754 | J19: =($C$7+$C$10)*H19 -> 24.851373 | K19: =I19+J19 -> 86.047127 | L19: =E19*G19 -> 83.333333 | M19: =L19-K19 -> -2.713794 | N19: =K19/(F19/(1-$C$8))*1000 -> 7744.2415 | O19: 6500 | P19: =O19-N19 -> -1244.2415 | Q19: =P19/E19 -> -0.16589886 | R19: =I19/F19*1000 -> 6119.5754 | S19: ='[7]BOM (Long)'!$P$14 -> 5537.5833 | T19: =R19-S19 -> 581.99217 | U19: =T19/S19 -> 0.10509859 | V19: =R19/R$16 -> 0.56390977 | W19: =S19/S$16 -> 0.6 | X19: =S19/C$6 -> 0.49005162 | Y19: =S19/C$6 -> 0.49005162 | Z19: =Z18/$Y$15 -> 16571.256 | AA19: =Z19-$Z$14 -> 6871.2563 | AB19: =Z19-Z18 -> 1683.1763 | AC19: 5000
F20: =C20*1000 -> 0 | G20: =F20/1000/(1-$C$8) -> 0 | H20: =E20*G20/SUMPRODUCT($E$14:$E$20,$G$14:$G$20) -> 0 | I20: =$C$6*H20 -> 0 | J20: =($C$7+$C$10)*H20 -> 0 | K20: =I20+J20 -> 0 | L20: =E20*G20 -> 0 | M20: =L20-K20 -> 0 | N20: =K20/(F20/(1-$C$8))*1000 -> #DIV/0! | P20: =O20-N20 -> #DIV/0! | Q20: =P20/E20 -> #DIV/0!
B21: Thành phẩm thu được sau lựa | C21: =SUM(C14:C20) -> 0.89 | D21: =SUM(D14:D19) -> 13849000000 | E21: =E14-E18 -> 1500 | F21: =SUM(F14:F20) -> 890 | G21: =SUM(G14:G20) -> 0.98888889 | H21: =SUM(H14:H20) -> 1 | I21: =SUM(I14:I20) -> 11300 | J21: =SUM(J14:J20) -> 4588.8889 | K21: =SUM(K14:K20) -> 15888.889 | L21: =SUM(L14:L20) -> 15387.778 | M21: =SUM(M14:M20) -> -501.11111 | N21: =SUMPRODUCT(C14:C19,N14:N19) -> 14300 | P21: =O21-N21 -> -14300
B22: Hao hụt (%) | C22: =100%-C21 -> 0.11 | D22: =C6*(D13/0.89) -> 1.2696629e+10 | E22: =E21/E14 -> 0.09202454 | N22: =K21-N21 -> 1588.8889 | P22: =O22-N22 -> -1588.8889
B23: Hao hụt (gram_BOM) | D23: =D21-D22 -> 1.1523708e+09 | E23: =SUMPRODUCT(C14:C19,E14:E19) -> 13849 | F23: =1000-F21 -> 110
D24: =D23/D21 -> 0.083209675 | E24: ='Giá mua Chai-Vảy'!E23 -> 14055
E25: =E23-E24 -> -206
B26: Giá chai BX mix sau phân loại | C26: =C11 -> 15888.889 | E26: ='[4]Consol PL-DTRG-T04.26'!$F$4 -> 915.417 | F26: ='Giá mua Chai-Vảy (KN)'!E26 -> 1134.354 | G26: =F26+E26 -> 2049.771
B27: Chi phí rữa | C27: 1500 | E27: =E26/$G$26 -> 0.44659477 | F27: =F26/$G$26 -> 0.55340523 | G27: =G26/$G$26 -> 1
B28: Tỷ lệ hao hụt thực tế | C28: 0.06
B29: Tổng chi phí | C29: =SUM(C26:C27) -> 17388.889
B30: Chi phí hao hụt | C30: =C29*C28/(1-C28) -> 1109.9291
B31: Giá bán hòa vốn đơn vị | C31: =+C29/(1-C28) -> 18498.818
X32: So giá mua BO
B33: Vảy | S33: Check với SAP | V33: TT | W33: BOM | X33: TT | Y33: BOM
A34: STT | B34: Tên vật tư | C34: Cơ cấu thành phẩm theo BOM | E34: Giá bán thành chai trước băm | F34: Cơ cấu nguyên vật liệu BOM (gram) | G34: Cơ cấu thành phẩm thực tế | H34: Tỷ trọng giá trị | I34: Phân bổ giá chai băm | J34: Chi phí băm | K34: Giá thành sau băm | L34: Doanh thu đơn vị | M34: Lợi nhuận đơn vị | N34: Giá thành 1kg sau Băm | O34: Giá bán vảy 3 trạm về DTR | P34: Diff | R34: Giá BO sau phân loại | S34: BOM SAP | T34: Diff | U34: %Diff | V34: Tỷ 3 cấp chất lượng | W34: Tỷ 3 cấp chất lượng | X34: Tỷ 3 cấp chất lượng | Y34: Tỷ 3 cấp chất lượng | Z34: Cơ cấu giá trừ chất lượng | AA34: GAP so BO
A35: 1 | B35: Vảy_ Chai PET B1 | C35: 0.54 | E35: =N14 -> 16830.818 | F35: =C35*1000 -> 540 | G35: =F35/1000/(1-$C$28) -> 0.57446809 | H35: =E35*G35/SUMPRODUCT($E$35:$E$40,$G$35:$G$40) -> 0.63556936 | I35: =$C$26*H35 -> 10098.491 | J35: =($C$27+$C$30)*H35 -> 1658.7909 | K35: =I35+J35 -> 11757.282 | L35: =O35 -> 18300 | M35: =L35-N35 -> -2166.3794 | N35: =K35/(F35/(1-$C$28))*1000 -> 20466.379 | O35: 18300 | P35: =O35-N35 -> -2166.3794 | Q35: =P35/E35 -> -0.12871504 | R35: =I35/F35*1000 -> 18700.909 | S35: ='[7]BOM (Long)'!$P$7 -> 11536.632 | T35: =R35-S35 -> 7164.2772 | U35: =T35/S35 -> 0.6210025 | V35: =R35/R$16 -> 1.723261 | W35: =S35/S$16 -> 1.25 | X35: =S35/C$6 -> 1.0209409 | Y35: =S35/C$6 -> 1.0209409 | Z35: 9700
A36: 5 | B36: Vảy_Chai PET B2.2 | C36: 0.03 | E36: =N15 -> 15281.97 | F36: =C36*1000 -> 30 | G36: =F36/1000/(1-$C$28) -> 0.031914894 | H36: =E36*G36/SUMPRODUCT($E$35:$E$40,$G$35:$G$40) -> 0.032060077 | I36: =$C$26*H36 -> 509.39899 | J36: =($C$27+$C$30)*H36 -> 83.674526 | K36: =I36+J36 -> 593.07352 | L36: =O36 -> 16800 | M36: =L36-N36 -> -1782.9703 | N36: =K36/(F36/(1-$C$28))*1000 -> 18582.97 | O36: =O35-1500 -> 16800 | P36: =O36-N36 -> -1782.9703 | Q36: =P36/E36 -> -0.1166715 | R36: =I36/F36*1000 -> 16979.966 | S36: ='[7]BOM (Long)'!$P$9 -> 10152.236 | T36: =R36-S36 -> 6827.7305 | U36: =T36/S36 -> 0.67253465 | V36: =R36/R$16 -> 1.5646787 | W36: =S36/S$16 -> 1.1 | X36: =S36/C$6 -> 0.89842796 | Y36: =S36/C$6 -> 0.89842796 | Z36: =Z35/$Y$15 -> 10796.636 | AA36: =Z36-$Z$14 -> 1096.6364 | AB36: =Z36-Z35 -> 1096.6364
A37: 7 | B37: Vảy_Chai PET B4 | C37: 0.02 | E37: =N16 -> 13733.122 | F37: =C37*1000 -> 20 | G37: =F37/1000/(1-$C$28) -> 0.021276596 | H37: =E37*G37/SUMPRODUCT($E$35:$E$40,$G$35:$G$40) -> 0.019207163 | I37: =$C$26*H37 -> 305.18048 | J37: =($C$27+$C$30)*H37 -> 50.129333 | K37: =I37+J37 -> 355.30981 | L37: =O37 -> 15300 | M37: =L37-N37 -> -1399.5611 | N37: =K37/(F37/(1-$C$28))*1000 -> 16699.561 | O37: =O35-3000 -> 15300 | P37: =O37-N37 -> -1399.5611 | Q37: =P37/E37 -> -0.10191136 | R37: =I37/F37*1000 -> 15259.024 | S37: ='[7]BOM (Long)'!$P$10 -> 9229.3054 | T37: =R37-S37 -> 6029.7185 | U37: =T37/S37 -> 0.65332311 | V37: =R37/R$16 -> 1.4060964 | W37: =S37/S$16 -> 1 | X37: =S37/C$6 -> 0.81675269 | Y37: =S37/C$6 -> 0.81675269 | Z37: =Z36/$Y$15 -> 12017.253 | AA37: =Z37-$Z$14 -> 2317.2533 | AB37: =Z37-Z36 -> 1220.6169
A38: 8 | B38: Vảy_Chai PET B5 | C38: 0.02 | E38: =N17 -> 13733.122 | F38: =C38*1000 -> 20 | G38: =F38/1000/(1-$C$28) -> 0.021276596 | H38: =E38*G38/SUMPRODUCT($E$35:$E$40,$G$35:$G$40) -> 0.019207163 | I38: =$C$26*H38 -> 305.18048 | J38: =($C$27+$C$30)*H38 -> 50.129333 | K38: =I38+J38 -> 355.30981 | L38: =O38 -> 15300 | M38: =L38-N38 -> -1399.5611 | N38: =K38/(F38/(1-$C$28))*1000 -> 16699.561 | O38: =O37 -> 15300 | P38: =O38-N38 -> -1399.5611 | Q38: =P38/E38 -> -0.10191136 | R38: =I38/F38*1000 -> 15259.024 | S38: ='[7]BOM (Long)'!$P$11 -> 9229.3054 | T38: =R38-S38 -> 6029.7185 | U38: =T38/S38 -> 0.65332311 | V38: =R38/R$16 -> 1.4060964 | W38: =S38/S$16 -> 1 | X38: =S38/C$6 -> 0.81675269 | Y38: =S38/C$6 -> 0.81675269 | Z38: =Z37/$Y$15 -> 13375.867 | AA38: =Z38-$Z$14 -> 3675.8674 | AB38: =Z38-Z37 -> 1358.6141
A39: 10 | B39: Vảy_Chai PET B6.2 | C39: 0.27 | E39: =N18 -> 15281.97 | F39: =C39*1000 -> 270 | G39: =F39/1000/(1-$C$28) -> 0.28723404 | H39: =E39*G39/SUMPRODUCT($E$35:$E$40,$G$35:$G$40) -> 0.28854069 | I39: =$C$26*H39 -> 4584.5909 | J39: =($C$27+$C$30)*H39 -> 753.07073 | K39: =I39+J39 -> 5337.6617 | L39: =O39 -> 17800 | M39: =L39-N39 -> -782.97029 | N39: =K39/(F39/(1-$C$28))*1000 -> 18582.97 | O39: 17800 | P39: =O39-N39 -> -782.97029 | Q39: =P39/E39 -> -0.051234906 | R39: =I39/F39*1000 -> 16979.966 | S39: ='[7]BOM (Long)'!$P$13 -> 10152.236 | T39: =R39-S39 -> 6827.7305 | U39: =T39/S39 -> 0.67253465 | V39: =R39/R$16 -> 1.5646787 | W39: =S39/S$16 -> 1.1 | X39: =S39/C$6 -> 0.89842796 | Y39: =S39/C$6 -> 0.89842796 | Z39: =Z38/$Y$15 -> 14888.08 | AA39: =Z39-$Z$14 -> 5188.08 | AB39: =Z39-Z38 -> 1512.2126
A40: 11 | B40: Vảy_Nắp HD ép, cổ chai | C40: 0.01 | E40: =N19 -> 7744.2415 | F40: =C40*1000 -> 10 | G40: =F40/1000/(1-$C$28) -> 0.010638298 | H40: =E40*G40/SUMPRODUCT($E$35:$E$40,$G$35:$G$40) -> 0.0054155535 | I40: =$C$26*H40 -> 86.047127 | J40: =($C$27+$C$30)*H40 -> 14.13421 | K40: =I40+J40 -> 100.18134 | L40: =O40 -> 12550 | M40: =L40-N40 -> 3132.9542 | N40: =K40/(F40/(1-$C$28))*1000 -> 9417.0458 | O40: =C6+1250 -> 12550 | P40: =O40-N40 -> 3132.9542 | Q40: =P40/E40 -> 0.40455276 | R40: =I40/F40*1000 -> 8604.7127 | S40: ='[7]BOM (Long)'!$P$14 -> 5537.5833 | T40: =R40-S40 -> 3067.1295 | U40: =T40/S40 -> 0.5538751 | V40: =R40/R$16 -> 0.79291148 | W40: =S40/S$16 -> 0.6 | X40: =S40/C$6 -> 0.49005162 | Y40: =S40/C$6 -> 0.49005162 | Z40: =Z39/$Y$15 -> 16571.256 | AA40: =Z40-$Z$14 -> 6871.2563 | AB40: =Z40-Z39 -> 1683.1763
F41: =C41*1000 -> 0 | G41: =F41/1000/(1-$C$8) -> 0 | H41: =E41*G41/SUMPRODUCT($E$14:$E$20,$G$14:$G$20) -> 0 | I41: =$C$6*H41 -> 0 | J41: =($C$7+$C$10)*H41 -> 0 | K41: =I41+J41 -> 0 | L41: =E41*G41 -> 0 | M41: =L41-K41 -> 0 | N41: =K41/(F41/(1-$C$8))*1000 -> #DIV/0! | P41: =O41-N41 -> #DIV/0! | Q41: =P41/E41 -> #DIV/0!
B42: Thành phẩm thu được sau lựa | C42: =SUM(C35:C41) -> 0.89 | F42: =SUM(F35:F41) -> 890 | G42: =SUM(G35:G41) -> 0.94680851 | H42: =SUM(H35:H41) -> 1 | I42: =SUM(I35:I41) -> 15888.889 | J42: =SUM(J35:J41) -> 2609.9291 | K42: =SUM(K35:K41) -> 18498.818 | L42: =SUMPRODUCT(C35:C40,L35:L40) -> 15929.5 | M42: =SUM(M35:M41) -> -4398.4881
B43: Hao hụt (%) | C43: =100%-C42 -> 0.11
B44: Hao hụt (gram_BOM) | F44: =1000-F42 -> 110

Sheet Giá mua Chai-Vảy
A2: 2026
A3: 3
B6: Giá chai B0 | C6: 11300
B7: Chi phí phân loại | C7: 3000
B8: Tỷ lệ hao hụt thực tế | C8: 0.1
B9: Tổng chi phí | C9: =SUM(C6:C7) -> 14300
B10: Chi phí hao hụt | C10: =C9*C8/(1-C8) -> 1588.8889
B11: Giá bán hòa vốn đơn vị | C11: =+C9/(1-C8) -> 15888.889 | X11: So giá mua BO
B12: Chai | S12: Check với SAP | V12: TT | W12: BOM | X12: TT | Y12: BOM
A13: STT | B13: Tên vật tư | C13: Cơ cấu thành phẩm theo BOM | E13: Giá bán chai 3 trạm về DTR | F13: Cơ cấu nguyên vật liệu BOM (gram) | G13: Cơ cấu thành phẩm thực tế | H13: Tỷ trọng giá trị | I13: Phân bổ giá B0 | J13: Phân bổ chi phí phân loại | K13: Chi phí sau phân loại | L13: Doanh thu đơn vị | M13: Lợi nhuận đơn vị | N13: Giá thành 1kg sau phân loại | O13: Giá bán chai 4 trạm về DTR | P13: Diff | R13: Giá BO sau phân loại | S13: BOM SAP | T13: Diff | U13: %Diff | V13: Tỷ 3 cấp chất lượng | W13: Tỷ 3 cấp chất lượng | X13: Tỷ 3 cấp chất lượng | Y13: Tỷ 3 cấp chất lượng | Z13: Cơ cấu giá trừ chất lượng | AA13: GAP so BO | AC13: Giá mua theo phân loại | AD13: Chi phí Băm Vảy | AE13: Vảy
A14: 1 | B14: Chai PET B1 | C14: 0.53 | D14: =C14/$C$21 -> 0.58888889 | E14: 16300 | F14: =C14*1000 -> 530 | G14: =F14/1000/(1-$C$8) -> 0.58888889 | H14: =E14*G14/SUMPRODUCT($E$14:$E$20,$G$14:$G$20) -> 0.61465671 | I14: =$C$6*H14 -> 6945.6208 | J14: =($C$7+$C$10)*H14 -> 2820.5913 | K14: =I14+J14 -> 9766.2121 | L14: =E14*G14 -> 9598.8889 | M14: =L14-K14 -> -167.32321 | N14: =K14/(F14/(1-$C$8))*1000 -> 16584.134 | O14: 15000 | P14: =O14-N14 -> -1584.1338 | Q14: =P14/E14 -> -0.09718612 | R14: =I14/F14*1000 -> 13104.945 | S14: ='[7]BOM (Long)'!$P$7 -> 11536.632 | T14: =R14-S14 -> 1568.3131 | U14: =T14/S14 -> 0.13594202 | V14: =R14/R$16 -> 1.2255639 | W14: =S14/S$16 -> 1.25 | X14: =S14/C$6 -> 1.0209409 | Y14: =S14/C$6 -> 1.0209409 | Z14: 9700 | AC14: 12500 | AE14: =AC14+AD14 -> 12500
A15: 5 | B15: Chai PET B2.2 | C15: 0.03 | D15: =C15/$C$21 -> 0.033333333 | E15: 14800 | F15: =C15*1000 -> 30 | G15: =F15/1000/(1-$C$8) -> 0.033333333 | H15: =E15*G15/SUMPRODUCT($E$14:$E$20,$G$14:$G$20) -> 0.031590181 | I15: =$C$6*H15 -> 356.96905 | J15: =($C$7+$C$10)*H15 -> 144.96383 | K15: =I15+J15 -> 501.93288 | L15: =E15*G15 -> 493.33333 | M15: =L15-K15 -> -8.5995494 | N15: =K15/(F15/(1-$C$8))*1000 -> 15057.986 | O15: 13500 | P15: =O15-N15 -> -1557.9865 | Q15: =P15/E15 -> -0.10526936 | R15: =I15/F15*1000 -> 11898.968 | S15: ='[7]BOM (Long)'!$P$9 -> 10152.236 | T15: =R15-S15 -> 1746.7324 | U15: =T15/S15 -> 0.17205396 | V15: =R15/R$16 -> 1.112782 | W15: =S15/S$16 -> 1.1 | X15: =S15/C$6 -> 0.89842796 | Y15: =S15/C$6 -> 0.89842796 | Z15: =Z14/$Y$15 -> 10796.636 | AA15: =Z15-$Z$14 -> 1096.6364 | AB15: =Z15-Z14 -> 1096.6364 | AC15: 10000
A16: 7 | B16: Chai PET B4 | C16: 0.02 | D16: =C16/$C$21 -> 0.022222222 | E16: 13300 | F16: =C16*1000 -> 20 | G16: =F16/1000/(1-$C$8) -> 0.022222222 | H16: =E16*G16/SUMPRODUCT($E$14:$E$20,$G$14:$G$20) -> 0.018925649 | I16: =$C$6*H16 -> 213.85984 | J16: =($C$7+$C$10)*H16 -> 86.847701 | K16: =I16+J16 -> 300.70754 | L16: =E16*G16 -> 295.55556 | M16: =L16-K16 -> -5.1519823 | N16: =K16/(F16/(1-$C$8))*1000 -> 13531.839 | O16: 12000 | P16: =O16-N16 -> -1531.8392 | Q16: =P16/E16 -> -0.11517588 | R16: =I16/F16*1000 -> 10692.992 | S16: ='[7]BOM (Long)'!$P$10 -> 9229.3054 | T16: =R16-S16 -> 1463.6864 | U16: =T16/S16 -> 0.15859118 | V16: =R16/R$16 -> 1 | W16: =S16/S$16 -> 1 | X16: =S16/C$6 -> 0.81675269 | Y16: =S16/C$6 -> 0.81675269 | Z16: =Z15/$Y$15 -> 12017.253 | AA16: =Z16-$Z$14 -> 2317.2533 | AB16: =Z16-Z15 -> 1220.6169 | AC16: 9000
A17: 8 | B17: Chai PET B5 | C17: 0.02 | D17: =C17/$C$21 -> 0.022222222 | E17: 13300 | F17: =C17*1000 -> 20 | G17: =F17/1000/(1-$C$8) -> 0.022222222 | H17: =E17*G17/SUMPRODUCT($E$14:$E$20,$G$14:$G$20) -> 0.018925649 | I17: =$C$6*H17 -> 213.85984 | J17: =($C$7+$C$10)*H17 -> 86.847701 | K17: =I17+J17 -> 300.70754 | L17: =E17*G17 -> 295.55556 | M17: =L17-K17 -> -5.1519823 | N17: =K17/(F17/(1-$C$8))*1000 -> 13531.839 | O17: 12000 | P17: =O17-N17 -> -1531.8392 | Q17: =P17/E17 -> -0.11517588 | R17: =I17/F17*1000 -> 10692.992 | S17: ='[7]BOM (Long)'!$P$11 -> 9229.3054 | T17: =R17-S17 -> 1463.6864 | U17: =T17/S17 -> 0.15859118 | V17: =R17/R$16 -> 1 | W17: =S17/S$16 -> 1 | X17: =S17/C$6 -> 0.81675269 | Y17: =S17/C$6 -> 0.81675269 | Z17: =Z16/$Y$15 -> 13375.867 | AA17: =Z17-$Z$14 -> 3675.8674 | AB17: =Z17-Z16 -> 1358.6141 | AC17: 9000
A18: 10 | B18: Chai PET B6.2 | C18: 0.3 | D18: =C18/$C$21 -> 0.33333333 | E18: 14800 | F18: =C18*1000 -> 300 | G18: =F18/1000/(1-$C$8) -> 0.33333333 | H18: =E18*G18/SUMPRODUCT($E$14:$E$20,$G$14:$G$20) -> 0.31590181 | I18: =$C$6*H18 -> 3569.6905 | J18: =($C$7+$C$10)*H18 -> 1449.6383 | K18: =I18+J18 -> 5019.3288 | L18: =E18*G18 -> 4933.3333 | M18: =L18-K18 -> -85.995494 | N18: =K18/(F18/(1-$C$8))*1000 -> 15057.986 | O18: 13500 | P18: =O18-N18 -> -1557.9865 | Q18: =P18/E18 -> -0.10526936 | R18: =I18/F18*1000 -> 11898.968 | S18: ='[7]BOM (Long)'!$P$13 -> 10152.236 | T18: =R18-S18 -> 1746.7324 | U18: =T18/S18 -> 0.17205396 | V18: =R18/R$16 -> 1.112782 | W18: =S18/S$16 -> 1.1 | X18: =S18/C$6 -> 0.89842796 | Y18: =S18/C$6 -> 0.89842796 | Z18: =Z17/$Y$15 -> 14888.08 | AA18: =Z18-$Z$14 -> 5188.08 | AB18: =Z18-Z17 -> 1512.2126 | AC18: 10000 | AD18: ='[8]CP Công đoạn (3)'!$CJ$6 -> 2321.031 | AE18: =AC18+AD18 -> 12321.031
A19: 11 | B19: Nắp HD ép, cổ chai | D19: =C19/$C$21 -> 0 | E19: 7800 | F19: =C19*1000 -> 0 | G19: =F19/1000/(1-$C$8) -> 0 | H19: =E19*G19/SUMPRODUCT($E$14:$E$20,$G$14:$G$20) -> 0 | I19: =$C$6*H19 -> 0 | J19: =($C$7+$C$10)*H19 -> 0 | K19: =I19+J19 -> 0 | L19: =E19*G19 -> 0 | M19: =L19-K19 -> 0 | N19: =K19/(F19/(1-$C$8))*1000 -> #DIV/0! | O19: 6500 | P19: =O19-N19 -> #DIV/0! | Q19: =P19/E19 -> #DIV/0! | R19: =I19/F19*1000 -> #DIV/0! | S19: ='[7]BOM (Long)'!$P$14 -> 5537.5833 | T19: =R19-S19 -> #DIV/0! | U19: =T19/S19 -> #DIV/0! | V19: =R19/R$16 -> #DIV/0! | W19: =S19/S$16 -> 0.6 | X19: =S19/C$6 -> 0.49005162 | Y19: =S19/C$6 -> 0.49005162 | Z19: =Z18/$Y$15 -> 16571.256 | AA19: =Z19-$Z$14 -> 6871.2563 | AB19: =Z19-Z18 -> 1683.1763 | AC19: 5000
D20: =C20/$C$21 -> 0 | F20: =C20*1000 -> 0 | G20: =F20/1000/(1-$C$8) -> 0 | H20: =E20*G20/SUMPRODUCT($E$14:$E$20,$G$14:$G$20) -> 0 | I20: =$C$6*H20 -> 0 | J20: =($C$7+$C$10)*H20 -> 0 | K20: =I20+J20 -> 0 | L20: =E20*G20 -> 0 | M20: =L20-K20 -> 0 | N20: =K20/(F20/(1-$C$8))*1000 -> #DIV/0! | P20: =O20-N20 -> #DIV/0! | Q20: =P20/E20 -> #DIV/0!
B21: Thành phẩm thu được sau lựa | C21: =SUM(C14:C20) -> 0.9 | D21: =C21/$C$21 -> 1 | E21: =E14-E18 -> 1500 | F21: =SUM(F14:F20) -> 900 | G21: =SUM(G14:G20) -> 1 | H21: =SUM(H14:H20) -> 1 | I21: =SUM(I14:I20) -> 11300 | J21: =SUM(J14:J20) -> 4588.8889 | K21: =SUM(K14:K20) -> 15888.889 | L21: =SUM(L14:L20) -> 15616.667 | M21: =SUM(M14:M20) -> -272.22222 | N21: =SUMPRODUCT(C14:C19,N14:N19) -> #DIV/0! | P21: =O21-N21 -> #DIV/0!
B22: Hao hụt (%) | C22: =100%-C21 -> 0.1 | E22: =E21/E14 -> 0.09202454 | N22: =K21-N21 -> #DIV/0! | P22: =O22-N22 -> #DIV/0!
B23: Hao hụt (gram_BOM) | E23: =SUMPRODUCT(C14:C19,E14:E19) -> 14055 | F23: =1000-F21 -> 100
B26: Giá chai BX mix sau phân loại | C26: =C11 -> 15888.889
B27: Chi phí rữa | C27: 1500
B28: Tỷ lệ hao hụt thực tế | C28: 0.06
B29: Tổng chi phí | C29: =SUM(C26:C27) -> 17388.889
B30: Chi phí hao hụt | C30: =C29*C28/(1-C28) -> 1109.9291
B31: Giá bán hòa vốn đơn vị | C31: =+C29/(1-C28) -> 18498.818
X32: So giá mua BO
B33: Vảy | S33: Check với SAP | V33: TT | W33: BOM | X33: TT | Y33: BOM
A34: STT | B34: Tên vật tư | C34: Cơ cấu thành phẩm theo BOM | E34: Giá bán thành chai trước băm | F34: Cơ cấu nguyên vật liệu BOM (gram) | G34: Cơ cấu thành phẩm thực tế | H34: Tỷ trọng giá trị | I34: Phân bổ giá chai băm | J34: Chi phí băm | K34: Giá thành sau băm | L34: Doanh thu đơn vị | M34: Lợi nhuận đơn vị | N34: Giá thành 1kg sau Băm | O34: Giá bán vảy 3 trạm về DTR | P34: Diff | R34: Giá BO sau phân loại | S34: BOM SAP | T34: Diff | U34: %Diff | V34: Tỷ 3 cấp chất lượng | W34: Tỷ 3 cấp chất lượng | X34: Tỷ 3 cấp chất lượng | Y34: Tỷ 3 cấp chất lượng | Z34: Cơ cấu giá trừ chất lượng | AA34: GAP so BO
A35: 1 | B35: Vảy_ Chai PET B1 | C35: 0.53 | E35: =N14 -> 16584.134 | F35: =C35*1000 -> 530 | G35: =F35/1000/(1-$C$28) -> 0.56382979 | H35: =E35*G35/SUMPRODUCT($E$35:$E$40,$G$35:$G$40) -> #DIV/0! | I35: =$C$26*H35 -> #DIV/0! | J35: =($C$27+$C$30)*H35 -> #DIV/0! | K35: =I35+J35 -> #DIV/0! | L35: =O35 -> 18300 | M35: =L35-N35 -> #DIV/0! | N35: =K35/(F35/(1-$C$28))*1000 -> #DIV/0! | O35: 18300 | P35: =O35-N35 -> #DIV/0! | Q35: =P35/E35 -> #DIV/0! | R35: =I35/F35*1000 -> #DIV/0! | S35: ='[7]BOM (Long)'!$P$7 -> 11536.632 | T35: =R35-S35 -> #DIV/0! | U35: =T35/S35 -> #DIV/0! | V35: =R35/R$16 -> #DIV/0! | W35: =S35/S$16 -> 1.25 | X35: =S35/C$6 -> 1.0209409 | Y35: =S35/C$6 -> 1.0209409 | Z35: 9700
A36: 5 | B36: Vảy_Chai PET B2.2 | C36: 0.03 | E36: =N15 -> 15057.986 | F36: =C36*1000 -> 30 | G36: =F36/1000/(1-$C$28) -> 0.031914894 | H36: =E36*G36/SUMPRODUCT($E$35:$E$40,$G$35:$G$40) -> #DIV/0! | I36: =$C$26*H36 -> #DIV/0! | J36: =($C$27+$C$30)*H36 -> #DIV/0! | K36: =I36+J36 -> #DIV/0! | L36: =O36 -> 16800 | M36: =L36-N36 -> #DIV/0! | N36: =K36/(F36/(1-$C$28))*1000 -> #DIV/0! | O36: =O35-1500 -> 16800 | P36: =O36-N36 -> #DIV/0! | Q36: =P36/E36 -> #DIV/0! | R36: =I36/F36*1000 -> #DIV/0! | S36: ='[7]BOM (Long)'!$P$9 -> 10152.236 | T36: =R36-S36 -> #DIV/0! | U36: =T36/S36 -> #DIV/0! | V36: =R36/R$16 -> #DIV/0! | W36: =S36/S$16 -> 1.1 | X36: =S36/C$6 -> 0.89842796 | Y36: =S36/C$6 -> 0.89842796 | Z36: =Z35/$Y$15 -> 10796.636 | AA36: =Z36-$Z$14 -> 1096.6364 | AB36: =Z36-Z35 -> 1096.6364
A37: 7 | B37: Vảy_Chai PET B4 | C37: 0.02 | E37: =N16 -> 13531.839 | F37: =C37*1000 -> 20 | G37: =F37/1000/(1-$C$28) -> 0.021276596 | H37: =E37*G37/SUMPRODUCT($E$35:$E$40,$G$35:$G$40) -> #DIV/0! | I37: =$C$26*H37 -> #DIV/0! | J37: =($C$27+$C$30)*H37 -> #DIV/0! | K37: =I37+J37 -> #DIV/0! | L37: =O37 -> 15300 | M37: =L37-N37 -> #DIV/0! | N37: =K37/(F37/(1-$C$28))*1000 -> #DIV/0! | O37: =O35-3000 -> 15300 | P37: =O37-N37 -> #DIV/0! | Q37: =P37/E37 -> #DIV/0! | R37: =I37/F37*1000 -> #DIV/0! | S37: ='[7]BOM (Long)'!$P$10 -> 9229.3054 | T37: =R37-S37 -> #DIV/0! | U37: =T37/S37 -> #DIV/0! | V37: =R37/R$16 -> #DIV/0! | W37: =S37/S$16 -> 1 | X37: =S37/C$6 -> 0.81675269 | Y37: =S37/C$6 -> 0.81675269 | Z37: =Z36/$Y$15 -> 12017.253 | AA37: =Z37-$Z$14 -> 2317.2533 | AB37: =Z37-Z36 -> 1220.6169
A38: 8 | B38: Vảy_Chai PET B5 | C38: 0.02 | E38: =N17 -> 13531.839 | F38: =C38*1000 -> 20 | G38: =F38/1000/(1-$C$28) -> 0.021276596 | H38: =E38*G38/SUMPRODUCT($E$35:$E$40,$G$35:$G$40) -> #DIV/0! | I38: =$C$26*H38 -> #DIV/0! | J38: =($C$27+$C$30)*H38 -> #DIV/0! | K38: =I38+J38 -> #DIV/0! | L38: =O38 -> 15300 | M38: =L38-N38 -> #DIV/0! | N38: =K38/(F38/(1-$C$28))*1000 -> #DIV/0! | O38: =O37 -> 15300 | P38: =O38-N38 -> #DIV/0! | Q38: =P38/E38 -> #DIV/0! | R38: =I38/F38*1000 -> #DIV/0! | S38: ='[7]BOM (Long)'!$P$11 -> 9229.3054 | T38: =R38-S38 -> #DIV/0! | U38: =T38/S38 -> #DIV/0! | V38: =R38/R$16 -> #DIV/0! | W38: =S38/S$16 -> 1 | X38: =S38/C$6 -> 0.81675269 | Y38: =S38/C$6 -> 0.81675269 | Z38: =Z37/$Y$15 -> 13375.867 | AA38: =Z38-$Z$14 -> 3675.8674 | AB38: =Z38-Z37 -> 1358.6141
A39: 10 | B39: Vảy_Chai PET B6.2 | C39: 0.3 | E39: =N18 -> 15057.986 | F39: =C39*1000 -> 300 | G39: =F39/1000/(1-$C$28) -> 0.31914894 | H39: =E39*G39/SUMPRODUCT($E$35:$E$40,$G$35:$G$40) -> #DIV/0! | I39: =$C$26*H39 -> #DIV/0! | J39: =($C$27+$C$30)*H39 -> #DIV/0! | K39: =I39+J39 -> #DIV/0! | L39: =O39 -> 17800 | M39: =L39-N39 -> #DIV/0! | N39: =K39/(F39/(1-$C$28))*1000 -> #DIV/0! | O39: 17800 | P39: =O39-N39 -> #DIV/0! | Q39: =P39/E39 -> #DIV/0! | R39: =I39/F39*1000 -> #DIV/0! | S39: ='[7]BOM (Long)'!$P$13 -> 10152.236 | T39: =R39-S39 -> #DIV/0! | U39: =T39/S39 -> #DIV/0! | V39: =R39/R$16 -> #DIV/0! | W39: =S39/S$16 -> 1.1 | X39: =S39/C$6 -> 0.89842796 | Y39: =S39/C$6 -> 0.89842796 | Z39: =Z38/$Y$15 -> 14888.08 | AA39: =Z39-$Z$14 -> 5188.08 | AB39: =Z39-Z38 -> 1512.2126
A40: 11 | B40: Vảy_Nắp HD ép, cổ chai | E40: =N19 -> #DIV/0! | F40: =C40*1000 -> 0 | G40: =F40/1000/(1-$C$28) -> 0 | H40: =E40*G40/SUMPRODUCT($E$35:$E$40,$G$35:$G$40) -> #DIV/0! | I40: =$C$26*H40 -> #DIV/0! | J40: =($C$27+$C$30)*H40 -> #DIV/0! | K40: =I40+J40 -> #DIV/0! | L40: =O40 -> 12550 | M40: =L40-N40 -> #DIV/0! | N40: =K40/(F40/(1-$C$28))*1000 -> #DIV/0! | O40: =C6+1250 -> 12550 | P40: =O40-N40 -> #DIV/0! | Q40: =P40/E40 -> #DIV/0! | R40: =I40/F40*1000 -> #DIV/0! | S40: ='[7]BOM (Long)'!$P$14 -> 5537.5833 | T40: =R40-S40 -> #DIV/0! | U40: =T40/S40 -> #DIV/0! | V40: =R40/R$16 -> #DIV/0! | W40: =S40/S$16 -> 0.6 | X40: =S40/C$6 -> 0.49005162 | Y40: =S40/C$6 -> 0.49005162 | Z40: =Z39/$Y$15 -> 16571.256 | AA40: =Z40-$Z$14 -> 6871.2563 | AB40: =Z40-Z39 -> 1683.1763
F41: =C41*1000 -> 0 | G41: =F41/1000/(1-$C$8) -> 0 | H41: =E41*G41/SUMPRODUCT($E$14:$E$20,$G$14:$G$20) -> 0 | I41: =$C$6*H41 -> 0 | J41: =($C$7+$C$10)*H41 -> 0 | K41: =I41+J41 -> 0 | L41: =E41*G41 -> 0 | M41: =L41-K41 -> 0 | N41: =K41/(F41/(1-$C$8))*1000 -> #DIV/0! | P41: =O41-N41 -> #DIV/0! | Q41: =P41/E41 -> #DIV/0!
B42: Thành phẩm thu được sau lựa | C42: =SUM(C35:C41) -> 0.9 | F42: =SUM(F35:F41) -> 900 | G42: =SUM(G35:G41) -> 0.95744681 | H42: =SUM(H35:H41) -> #DIV/0! | I42: =SUM(I35:I41) -> #DIV/0! | J42: =SUM(J35:J41) -> #DIV/0! | K42: =SUM(K35:K41) -> #DIV/0! | L42: =SUMPRODUCT(C35:C40,L35:L40) -> 16155 | M42: =SUM(M35:M41) -> #DIV/0!
B43: Hao hụt (%) | C43: =100%-C42 -> 0.1
B44: Hao hụt (gram_BOM) | F44: =1000-F42 -> 100

Sheet Giá mua Chai-Vảy (Giá giảm)
A2: 2026
A3: 4
B6: Giá chai B0 | C6: ='H_Tỷ lệ HH&PS (-PS)'!E5 -> 11800
B7: Chi phí phân loại | C7: 3000
B8: Tỷ lệ hao hụt thực tế | C8: 0.1
B9: Tổng chi phí | C9: =SUM(C6:C7) -> 14800
B10: Chi phí hao hụt | C10: =C9*C8/(1-C8) -> 1644.4444
B11: Giá bán hòa vốn đơn vị | C11: =+C9/(1-C8) -> 16444.444 | X11: So giá mua BO
B12: Chai | E12: 0 | S12: Check với SAP | V12: TT | W12: BOM | X12: TT | Y12: BOM
A13: STT | B13: Tên vật tư | C13: Cơ cấu thành phẩm theo BOM | E13: Giá bán chai 3 trạm về DTR | F13: Cơ cấu nguyên vật liệu BOM (gram) | G13: Cơ cấu thành phẩm thực tế | H13: Tỷ trọng giá trị | I13: Phân bổ giá B0 | J13: Phân bổ chi phí phân loại | K13: Chi phí sau phân loại | L13: Doanh thu đơn vị | M13: Lợi nhuận đơn vị | N13: Giá thành 1kg sau phân loại | O13: Giá bán chai 3 trạm về DTR | P13: Diff | R13: Giá BO sau phân loại | S13: BOM SAP | T13: Diff | U13: %Diff | V13: Tỷ 3 cấp chất lượng | W13: Tỷ 3 cấp chất lượng | X13: Tỷ 3 cấp chất lượng | Y13: Tỷ 3 cấp chất lượng | Z13: Cơ cấu giá trừ chất lượng | AA13: GAP so BO | AC13: Giá mua theo phân loại | AD13: Chi phí Băm Vảy | AE13: Vảy
A14: 1 | B14: Chai PET B1 | C14: 0.53 | E14: ='Giá mua Chai-Vảy'!E14-$E$12 -> 16300 | F14: =C14*1000 -> 530 | G14: =F14/1000/(1-$C$8) -> 0.58888889 | H14: =E14*G14/SUMPRODUCT($E$14:$E$20,$G$14:$G$20) -> 0.61465671 | I14: =$C$6*H14 -> 7252.9491 | J14: =($C$7+$C$10)*H14 -> 2854.7389 | K14: =I14+J14 -> 10107.688 | L14: =E14*G14 -> 9598.8889 | M14: =L14-K14 -> -508.79916 | N14: =K14/(F14/(1-$C$8))*1000 -> 17163.999 | O14: 16300 | P14: =O14-N14 -> -863.99858 | Q14: =P14/E14 -> -0.053006048 | R14: =I14/F14*1000 -> 13684.81 | S14: ='[7]BOM (Long)'!$P$7 -> 11536.632 | T14: =R14-S14 -> 2148.1779 | U14: =T14/S14 -> 0.18620495 | V14: =R14/R$16 -> 1.2255639 | W14: =S14/S$16 -> 1.25 | X14: =S14/C$6 -> 0.97768066 | Y14: =S14/C$6 -> 0.97768066 | Z14: 9700 | AC14: 12500 | AE14: =AC14+AD14 -> 12500
A15: 5 | B15: Chai PET B2.2 | C15: 0.03 | E15: ='Giá mua Chai-Vảy'!E15-$E$12 -> 14800 | F15: =C15*1000 -> 30 | G15: =F15/1000/(1-$C$8) -> 0.033333333 | H15: =E15*G15/SUMPRODUCT($E$14:$E$20,$G$14:$G$20) -> 0.031590181 | I15: =$C$6*H15 -> 372.76414 | J15: =($C$7+$C$10)*H15 -> 146.71884 | K15: =I15+J15 -> 519.48298 | L15: =E15*G15 -> 493.33333 | M15: =L15-K15 -> -26.14965 | N15: =K15/(F15/(1-$C$8))*1000 -> 15584.49 | O15: 14800 | P15: =O15-N15 -> -784.48951 | Q15: =P15/E15 -> -0.053006048 | R15: =I15/F15*1000 -> 12425.471 | S15: ='[7]BOM (Long)'!$P$9 -> 10152.236 | T15: =R15-S15 -> 2273.2354 | U15: =T15/S15 -> 0.22391475 | V15: =R15/R$16 -> 1.112782 | W15: =S15/S$16 -> 1.1 | X15: =S15/C$6 -> 0.86035898 | Y15: =S15/C$6 -> 0.86035898 | Z15: =Z14/$Y$15 -> 11274.364 | AA15: =Z15-$Z$14 -> 1574.3636 | AB15: =Z15-Z14 -> 1574.3636 | AC15: 10000
A16: 7 | B16: Chai PET B4 | C16: 0.02 | E16: ='Giá mua Chai-Vảy'!E16-$E$12 -> 13300 | F16: =C16*1000 -> 20 | G16: =F16/1000/(1-$C$8) -> 0.022222222 | H16: =E16*G16/SUMPRODUCT($E$14:$E$20,$G$14:$G$20) -> 0.018925649 | I16: =$C$6*H16 -> 223.32266 | J16: =($C$7+$C$10)*H16 -> 87.899126 | K16: =I16+J16 -> 311.22179 | L16: =E16*G16 -> 295.55556 | M16: =L16-K16 -> -15.666232 | N16: =K16/(F16/(1-$C$8))*1000 -> 14004.98 | O16: 13300 | P16: =O16-N16 -> -704.98043 | Q16: =P16/E16 -> -0.053006048 | R16: =I16/F16*1000 -> 11166.133 | S16: ='[7]BOM (Long)'!$P$10 -> 9229.3054 | T16: =R16-S16 -> 1936.8276 | U16: =T16/S16 -> 0.20985627 | V16: =R16/R$16 -> 1 | W16: =S16/S$16 -> 1 | X16: =S16/C$6 -> 0.78214453 | Y16: =S16/C$6 -> 0.78214453 | Z16: =Z15/$Y$15 -> 13104.255 | AA16: =Z16-$Z$14 -> 3404.2552 | AB16: =Z16-Z15 -> 1829.8916 | AC16: 9000
A17: 8 | B17: Chai PET B5 | C17: 0.02 | E17: ='Giá mua Chai-Vảy'!E17-$E$12 -> 13300 | F17: =C17*1000 -> 20 | G17: =F17/1000/(1-$C$8) -> 0.022222222 | H17: =E17*G17/SUMPRODUCT($E$14:$E$20,$G$14:$G$20) -> 0.018925649 | I17: =$C$6*H17 -> 223.32266 | J17: =($C$7+$C$10)*H17 -> 87.899126 | K17: =I17+J17 -> 311.22179 | L17: =E17*G17 -> 295.55556 | M17: =L17-K17 -> -15.666232 | N17: =K17/(F17/(1-$C$8))*1000 -> 14004.98 | O17: 13300 | P17: =O17-N17 -> -704.98043 | Q17: =P17/E17 -> -0.053006048 | R17: =I17/F17*1000 -> 11166.133 | S17: ='[7]BOM (Long)'!$P$11 -> 9229.3054 | T17: =R17-S17 -> 1936.8276 | U17: =T17/S17 -> 0.20985627 | V17: =R17/R$16 -> 1 | W17: =S17/S$16 -> 1 | X17: =S17/C$6 -> 0.78214453 | Y17: =S17/C$6 -> 0.78214453 | Z17: =Z16/$Y$15 -> 15231.148 | AA17: =Z17-$Z$14 -> 5531.1483 | AB17: =Z17-Z16 -> 2126.8931 | AC17: 9000
A18: 10 | B18: Chai PET B6.2 | C18: 0.3 | E18: ='Giá mua Chai-Vảy'!E18-$E$12 -> 14800 | F18: =C18*1000 -> 300 | G18: =F18/1000/(1-$C$8) -> 0.33333333 | H18: =E18*G18/SUMPRODUCT($E$14:$E$20,$G$14:$G$20) -> 0.31590181 | I18: =$C$6*H18 -> 3727.6414 | J18: =($C$7+$C$10)*H18 -> 1467.1884 | K18: =I18+J18 -> 5194.8298 | L18: =E18*G18 -> 4933.3333 | M18: =L18-K18 -> -261.4965 | N18: =K18/(F18/(1-$C$8))*1000 -> 15584.49 | O18: 14800 | P18: =O18-N18 -> -784.48951 | Q18: =P18/E18 -> -0.053006048 | R18: =I18/F18*1000 -> 12425.471 | S18: ='[7]BOM (Long)'!$P$13 -> 10152.236 | T18: =R18-S18 -> 2273.2354 | U18: =T18/S18 -> 0.22391475 | V18: =R18/R$16 -> 1.112782 | W18: =S18/S$16 -> 1.1 | X18: =S18/C$6 -> 0.86035898 | Y18: =S18/C$6 -> 0.86035898 | Z18: =Z17/$Y$15 -> 17703.248 | AA18: =Z18-$Z$14 -> 8003.2479 | AB18: =Z18-Z17 -> 2472.0996 | AC18: 10000 | AD18: ='[8]CP Công đoạn (3)'!$CJ$6 -> 2321.031 | AE18: =AC18+AD18 -> 12321.031
A19: 11 | B19: Nắp HD ép, cổ chai | E19: ='Giá mua Chai-Vảy'!E19-$E$12 -> 7800 | F19: =C19*1000 -> 0 | G19: =F19/1000/(1-$C$8) -> 0 | H19: =E19*G19/SUMPRODUCT($E$14:$E$20,$G$14:$G$20) -> 0 | I19: =$C$6*H19 -> 0 | J19: =($C$7+$C$10)*H19 -> 0 | K19: =I19+J19 -> 0 | L19: =E19*G19 -> 0 | M19: =L19-K19 -> 0 | N19: =K19/(F19/(1-$C$8))*1000 -> #DIV/0! | O19: 7800 | P19: =O19-N19 -> #DIV/0! | Q19: =P19/E19 -> #DIV/0! | R19: =I19/F19*1000 -> #DIV/0! | S19: ='[7]BOM (Long)'!$P$14 -> 5537.5833 | T19: =R19-S19 -> #DIV/0! | U19: =T19/S19 -> #DIV/0! | V19: =R19/R$16 -> #DIV/0! | W19: =S19/S$16 -> 0.6 | X19: =S19/C$6 -> 0.46928672 | Y19: =S19/C$6 -> 0.46928672 | Z19: =Z18/$Y$15 -> 20576.583 | AA19: =Z19-$Z$14 -> 10876.583 | AB19: =Z19-Z18 -> 2873.335 | AC19: 5000
F20: =C20*1000 -> 0 | G20: =F20/1000/(1-$C$8) -> 0 | H20: =E20*G20/SUMPRODUCT($E$14:$E$20,$G$14:$G$20) -> 0 | I20: =$C$6*H20 -> 0 | J20: =($C$7+$C$10)*H20 -> 0 | K20: =I20+J20 -> 0 | L20: =E20*G20 -> 0 | M20: =L20-K20 -> 0 | N20: =K20/(F20/(1-$C$8))*1000 -> #DIV/0! | P20: =O20-N20 -> #DIV/0! | Q20: =P20/E20 -> #DIV/0!
B21: Thành phẩm thu được sau lựa | C21: =SUM(C14:C20) -> 0.9 | F21: =SUM(F14:F20) -> 900 | G21: =SUM(G14:G20) -> 1 | H21: =SUM(H14:H20) -> 1 | I21: =SUM(I14:I20) -> 11800 | J21: =SUM(J14:J20) -> 4644.4444 | K21: =SUM(K14:K20) -> 16444.444 | L21: =SUM(L14:L20) -> 15616.667 | M21: =SUM(M14:M20) -> -827.77778 | N21: =SUMPRODUCT(C14:C18,N14:N18) -> 14800 | O21: =AVERAGE(O14:O18) -> 14500 | R21: =SUMPRODUCT(F14:F18,R14:R18) -> 11800000
B22: Hao hụt (%) | C22: =100%-C21 -> 0.1 | I22: =C10/J21 -> 0.35406699 | J22: =C7/J21 -> 0.64593301 | K22: HH B0 | L22: CF SX | N22: =K21-N21 -> 1644.4444 | O22: =SUMPRODUCT(C14:C18,O14:O18) -> 14055
B23: Hao hụt (gram_BOM) | F23: =1000-F21 -> 100 | I23: =I14/$K14 -> 0.71756757 | J23: =J14/$K14 -> 0.28243243 | K23: =J23*I22 -> 0.1 | L23: =J23*J22 -> 0.18243243 | N23: =K14/$K14 -> 1
I24: =$N14*I$23 -> 12316.329 | J24: =$N14*J$23 -> 4847.6699 | K24: =$N14*K$23 -> 1716.3999 | L24: =$N14*L$23 -> 3131.27 | N24: =$N14*N$23 -> 17163.999
I25: =$N15*I$23 -> 11182.924 | J25: =$N15*J$23 -> 4401.5653 | K25: =$N15*K$23 -> 1558.449 | L25: =$N15*L$23 -> 2843.1163 | N25: =$N15*N$23 -> 15584.49
B26: Giá chai BX mix sau phân loại | C26: =C11 -> 16444.444 | I26: =$N16*I$23 -> 10049.52 | J26: =$N16*J$23 -> 3955.4607 | K26: =$N16*K$23 -> 1400.498 | L26: =$N16*L$23 -> 2554.9626 | N26: =$N16*N$23 -> 14004.98
B27: Chi phí phân loại | C27: 1500 | I27: =$N17*I$23 -> 10049.52 | J27: =$N17*J$23 -> 3955.4607 | K27: =$N17*K$23 -> 1400.498 | L27: =$N17*L$23 -> 2554.9626 | N27: =$N17*N$23 -> 14004.98
B28: Tỷ lệ hao hụt thực tế | C28: 0.06 | I28: =$N18*I$23 -> 11182.924 | J28: =$N18*J$23 -> 4401.5653 | K28: =$N18*K$23 -> 1558.449 | L28: =$N18*L$23 -> 2843.1163 | N28: =$N18*N$23 -> 15584.49
B29: Tổng chi phí | C29: =SUM(C26:C27) -> 17944.444
B30: Chi phí hao hụt | C30: =C29*C28/(1-C28) -> 1145.3901
B31: Giá bán hòa vốn đơn vị | C31: =+C29/(1-C28) -> 19089.835
X32: So giá mua BO
B33: Vảy | S33: Check với SAP | V33: TT | W33: BOM | X33: TT | Y33: BOM
A34: STT | B34: Tên vật tư | C34: Cơ cấu thành phẩm theo BOM | E34: Giá bán thành chai trước băm | F34: Cơ cấu nguyên vật liệu BOM (gram) | G34: Cơ cấu thành phẩm thực tế | H34: Tỷ trọng giá trị | I34: Phân bổ giá chai băm | J34: Chi phí băm | K34: Giá thành sau băm | L34: Doanh thu đơn vị | M34: Lợi nhuận đơn vị | N34: Giá thành 1kg sau Băm | O34: Giá bán vảy 3 trạm về DTR | P34: Diff | R34: Giá BO sau phân loại | S34: BOM SAP | T34: Diff | U34: %Diff | V34: Tỷ 3 cấp chất lượng | W34: Tỷ 3 cấp chất lượng | X34: Tỷ 3 cấp chất lượng | Y34: Tỷ 3 cấp chất lượng | Z34: Cơ cấu giá trừ chất lượng | AA34: GAP so BO
A35: 1 | B35: Vảy_ Chai PET B1 | C35: 0.54 | E35: =N14 -> 17163.999 | F35: =C35*1000 -> 540 | G35: =F35/1000/(1-$C$28) -> 0.57446809 | H35: =E35*G35/SUMPRODUCT($E$35:$E$40,$G$35:$G$40) -> #DIV/0! | I35: =$C$26*H35 -> #DIV/0! | J35: =$C$27+$C$30 -> 2645.3901 | K35: =N14+J35 -> 19809.389 | L35: =O35 -> 19300 | M35: =L35-K35 -> -509.38865 | N35: =K35 -> 19809.389 | O35: =O14+3000 -> 19300 | P35: =O35-N35 -> -509.38865 | Q35: =P35/E35 -> -0.029677738 | R35: =I35/F35*1000 -> #DIV/0! | S35: ='[7]BOM (Long)'!$P$7 -> 11536.632 | T35: =R35-S35 -> #DIV/0! | U35: =T35/S35 -> #DIV/0! | V35: =R35/R$16 -> #DIV/0! | W35: =S35/S$16 -> 1.25 | X35: =S35/C$6 -> 0.97768066 | Y35: =S35/C$6 -> 0.97768066 | Z35: 9700
A36: 5 | B36: Vảy_Chai PET B2.2 | C36: 0.03 | E36: =N15 -> 15584.49 | F36: =C36*1000 -> 30 | G36: =F36/1000/(1-$C$28) -> 0.031914894 | H36: =E36*G36/SUMPRODUCT($E$35:$E$40,$G$35:$G$40) -> #DIV/0! | I36: =$C$26*H36 -> #DIV/0! | J36: =$C$27+$C$30 -> 2645.3901 | K36: =N15+J36 -> 18229.88 | L36: =O36 -> 17800 | M36: =L36-K36 -> -429.87958 | N36: =K36 -> 18229.88 | O36: =O15+3000 -> 17800 | P36: =O36-N36 -> -429.87958 | Q36: =P36/E36 -> -0.027583809 | R36: =I36/F36*1000 -> #DIV/0! | S36: ='[7]BOM (Long)'!$P$9 -> 10152.236 | T36: =R36-S36 -> #DIV/0! | U36: =T36/S36 -> #DIV/0! | V36: =R36/R$16 -> #DIV/0! | W36: =S36/S$16 -> 1.1 | X36: =S36/C$6 -> 0.86035898 | Y36: =S36/C$6 -> 0.86035898 | Z36: =Z35/$Y$15 -> 11274.364 | AA36: =Z36-$Z$14 -> 1574.3636 | AB36: =Z36-Z35 -> 1574.3636
A37: 7 | B37: Vảy_Chai PET B4 | C37: 0.02 | E37: =N16 -> 14004.98 | F37: =C37*1000 -> 20 | G37: =F37/1000/(1-$C$28) -> 0.021276596 | H37: =E37*G37/SUMPRODUCT($E$35:$E$40,$G$35:$G$40) -> #DIV/0! | I37: =$C$26*H37 -> #DIV/0! | J37: =$C$27+$C$30 -> 2645.3901 | K37: =N16+J37 -> 16650.371 | L37: =O37 -> 16300 | M37: =L37-K37 -> -350.3705 | N37: =K37 -> 16650.371 | O37: =O16+3000 -> 16300 | P37: =O37-N37 -> -350.3705 | Q37: =P37/E37 -> -0.025017565 | R37: =I37/F37*1000 -> #DIV/0! | S37: ='[7]BOM (Long)'!$P$10 -> 9229.3054 | T37: =R37-S37 -> #DIV/0! | U37: =T37/S37 -> #DIV/0! | V37: =R37/R$16 -> #DIV/0! | W37: =S37/S$16 -> 1 | X37: =S37/C$6 -> 0.78214453 | Y37: =S37/C$6 -> 0.78214453 | Z37: =Z36/$Y$15 -> 13104.255 | AA37: =Z37-$Z$14 -> 3404.2552 | AB37: =Z37-Z36 -> 1829.8916
A38: 8 | B38: Vảy_Chai PET B5 | C38: 0.02 | E38: =N17 -> 14004.98 | F38: =C38*1000 -> 20 | G38: =F38/1000/(1-$C$28) -> 0.021276596 | H38: =E38*G38/SUMPRODUCT($E$35:$E$40,$G$35:$G$40) -> #DIV/0! | I38: =$C$26*H38 -> #DIV/0! | J38: =$C$27+$C$30 -> 2645.3901 | K38: =N17+J38 -> 16650.371 | L38: =O38 -> 16300 | M38: =L38-K38 -> -350.3705 | N38: =K38 -> 16650.371 | O38: =O17+3000 -> 16300 | P38: =O38-N38 -> -350.3705 | Q38: =P38/E38 -> -0.025017565 | R38: =I38/F38*1000 -> #DIV/0! | S38: ='[7]BOM (Long)'!$P$11 -> 9229.3054 | T38: =R38-S38 -> #DIV/0! | U38: =T38/S38 -> #DIV/0! | V38: =R38/R$16 -> #DIV/0! | W38: =S38/S$16 -> 1 | X38: =S38/C$6 -> 0.78214453 | Y38: =S38/C$6 -> 0.78214453 | Z38: =Z37/$Y$15 -> 15231.148 | AA38: =Z38-$Z$14 -> 5531.1483 | AB38: =Z38-Z37 -> 2126.8931
A39: 10 | B39: Vảy_Chai PET B6.2 | C39: 0.27 | E39: =N18 -> 15584.49 | F39: =C39*1000 -> 270 | G39: =F39/1000/(1-$C$28) -> 0.28723404 | H39: =E39*G39/SUMPRODUCT($E$35:$E$40,$G$35:$G$40) -> #DIV/0! | I39: =$C$26*H39 -> #DIV/0! | J39: =$C$27+$C$30 -> 2645.3901 | K39: =N18+J39 -> 18229.88 | L39: =O39 -> 17800 | M39: =L39-K39 -> -429.87958 | N39: =K39 -> 18229.88 | O39: =O18+3000 -> 17800 | P39: =O39-N39 -> -429.87958 | Q39: =P39/E39 -> -0.027583809 | R39: =I39/F39*1000 -> #DIV/0! | S39: ='[7]BOM (Long)'!$P$13 -> 10152.236 | T39: =R39-S39 -> #DIV/0! | U39: =T39/S39 -> #DIV/0! | V39: =R39/R$16 -> #DIV/0! | W39: =S39/S$16 -> 1.1 | X39: =S39/C$6 -> 0.86035898 | Y39: =S39/C$6 -> 0.86035898 | Z39: =Z38/$Y$15 -> 17703.248 | AA39: =Z39-$Z$14 -> 8003.2479 | AB39: =Z39-Z38 -> 2472.0996
A40: 11 | B40: Vảy_Nắp HD ép, cổ chai | C40: 0.01 | E40: =N19 -> #DIV/0! | F40: =C40*1000 -> 10 | G40: =F40/1000/(1-$C$28) -> 0.010638298 | H40: =E40*G40/SUMPRODUCT($E$35:$E$40,$G$35:$G$40) -> #DIV/0! | I40: =$C$26*H40 -> #DIV/0! | J40: =$C$27+$C$30 -> 2645.3901 | K40: =N19+J40 -> #DIV/0! | L40: =O40 -> 10800 | M40: =L40-K40 -> #DIV/0! | N40: =K40 -> #DIV/0! | O40: =O19+3000 -> 10800 | P40: =O40-N40 -> #DIV/0! | Q40: =P40/E40 -> #DIV/0! | R40: =I40/F40*1000 -> #DIV/0! | S40: ='[7]BOM (Long)'!$P$14 -> 5537.5833 | T40: =R40-S40 -> #DIV/0! | U40: =T40/S40 -> #DIV/0! | V40: =R40/R$16 -> #DIV/0! | W40: =S40/S$16 -> 0.6 | X40: =S40/C$6 -> 0.46928672 | Y40: =S40/C$6 -> 0.46928672 | Z40: =Z39/$Y$15 -> 20576.583 | AA40: =Z40-$Z$14 -> 10876.583 | AB40: =Z40-Z39 -> 2873.335
F41: =C41*1000 -> 0 | G41: =F41/1000/(1-$C$8) -> 0 | H41: =E41*G41/SUMPRODUCT($E$14:$E$20,$G$14:$G$20) -> 0 | I41: =$C$6*H41 -> 0 | J41: =($C$7+$C$10)*H41 -> 0 | K41: =I41+J41 -> 0 | L41: =E41*G41 -> 0 | M41: =L41-K41 -> 0 | N41: =K41/(F41/(1-$C$8))*1000 -> #DIV/0! | P41: =O41-N41 -> #DIV/0! | Q41: =P41/E41 -> #DIV/0!
B42: Thành phẩm thu được sau lựa | C42: =SUM(C35:C41) -> 0.89 | F42: =SUM(F35:F41) -> 890 | G42: =SUM(G35:G41) -> 0.94680851 | H42: =SUM(H35:H41) -> #DIV/0! | I42: =SUM(I35:I41) -> #DIV/0! | J42: =SUM(J35:J41) -> 15872.34 | K42: =SUM(K35:K41) -> #DIV/0! | L42: =SUM(L35:L41) -> 98300 | M42: =SUM(M35:M41) -> #DIV/0!
B43: Hao hụt (%) | C43: =100%-C42 -> 0.11
B44: Hao hụt (gram_BOM) | F44: =1000-F42 -> 110

Sheet Hiệu suất
B3: Giá mua chai B0 | C3: CF PL | D3: Chai Sau PL | J3: Vảy chưa rữa (HSTH và GT)-Băm | T3: Vảy sau rữa (HSTH và GT) -Rữa | AD3: Tạo hạt_CF Nhựa
B4: 11300 | C4: 3000 | D4: Tỷ lệ HH Mua B0 | E4: Chai B 1 | F4: Chai B2.2 | G4: Chai B4 | H4: Chai B5 | I4: Chai B6.2 | J4: Chai B 1 | L4: Chai B2.2 | N4: Chai B4 | P4: Chai B5 | R4: Chai B6.2 | T4: Chai B 1 | V4: Chai B2.2 | X4: Chai B4 | Z4: Chai B5 | AB4: Chai B6.2 | AD4: Công thức sản xuất | AI4: Hạt rPET iSS01084G | AK4: Hạt rPET iSS01G | AM4: Hạt rPET WSS01G | AO4: Hạt rPET WSS03G | AQ4: Hạt WSS03NC | AS4: Hạt WSS04NC | AU4: Hạt WSS04SB | AW4: Hạt WSS05SB (sợi ngắn)
J5: % | K5: VND | L5: % | M5: VND | N5: % | O5: VND | P5: % | Q5: VND | R5: % | S5: VND | T5: % | U5: VND | V5: % | W5: VND | X5: % | Y5: VND | Z5: % | AA5: VND | AB5: % | AC5: VND | AD5: Vảy B 1_A1/A2 | AE5: Vảy B2.2 | AF5: Vảy B4 | AG5: Vảy B5 | AH5: Vảy B6.2 | AI5: % | AJ5: VND | AK5: % | AL5: VND | AM5: % | AN5: VND | AO5: % | AP5: VND | AQ5: % | AR5: VND | AS5: % | AT5: VND | AU5: % | AV5: VND | AW5: % | AX5: VND
D6: 0.07 | E6: =E$9/$D$9*$D6 -> 11608.894 | F6: =F$9/$D$9*$D6 -> 10540.591 | G6: =G$9/$D$9*$D6 -> 9472.2874 | H6: =H$9/$D$9*$D6 -> 9472.2874 | I6: =I$9/$D$9*$D6 -> 10540.591 | J6: =J7+1% -> 0.90140264 | K6: =$E$9/J6 -> 18398.142 | L6: =L7+1% -> 0.9393 | M6: =$F$9/L6 -> 16031.073 | N6: =N7+1% -> 0.903 | O6: =G6/N6 -> 10489.798 | P6: =P7+1% -> 0.9288 | Q6: =$H$9/P6 -> 14569.164 | R6: =R7+1% -> 0.87436654 | S6: =$I$9/R6 -> 17221.595 | T6: =T7+1% -> 0.95743291 | U6: =$K$9/T6 -> 19877.674 | V6: =V7+1% -> 0.9703 | W6: =$M$9/V6 -> 17066.862 | X6: =X7+1% -> 0.916 | Y6: =$O$9/X6 -> 16921.822 | Z6: =Z7+1% -> 0.943 | AA6: =$Q$9/Z6 -> 15965.483 | AB6: =AB7+1% -> 0.9512 | AC6: =$S$9/AB6 -> 18748.393 | AJ6: ='H_Tỷ lệ HH&PS (-PS)'!AF5 -> 0 | AL6: ='H_Tỷ lệ HH&PS (-PS)'!AF41 -> 0 | AN6: ='H_Tỷ lệ HH&PS (-PS)'!AF69 -> 0 | AP6: ='H_Tỷ lệ HH&PS (-PS)'!AF94 -> 0 | AR6: ='H_Tỷ lệ HH&PS (-PS)'!AF123 -> 0
D7: =D6+1% -> 0.08 | E7: =E$9/$D$9*$D7 -> 13267.307 | F7: =F$9/$D$9*$D7 -> 12046.389 | G7: =G$9/$D$9*$D7 -> 10825.471 | H7: =H$9/$D$9*$D7 -> 10825.471 | I7: =I$9/$D$9*$D7 -> 12046.389 | J7: =J8+1% -> 0.89140264 | K7: =$E$9/J7 -> 18604.537 | L7: =L8+1% -> 0.9293 | M7: =$F$9/L7 -> 16203.58 | N7: =N8+1% -> 0.893 | O7: =G7/N7 -> 12122.588 | P7: =P8+1% -> 0.9188 | Q7: =$H$9/P7 -> 14727.731 | R7: =R8+1% -> 0.86436654 | S7: =$I$9/R7 -> 17420.835 | T7: =T8+1% -> 0.94743291 | U7: =$K$9/T7 -> 20087.48 | V7: =V8+1% -> 0.9603 | W7: =$M$9/V7 -> 17244.586 | X7: =X8+1% -> 0.906 | Y7: =$O$9/X7 -> 17108.597 | Z7: =Z8+1% -> 0.933 | AA7: =$Q$9/Z7 -> 16136.603 | AB7: =AB8+1% -> 0.9412 | AC7: =$S$9/AB7 -> 18947.59 | AJ7: ='H_Tỷ lệ HH&PS (-PS)'!AF5 -> 0 | AL7: ='H_Tỷ lệ HH&PS (-PS)'!AF41 -> 0 | AN7: ='H_Tỷ lệ HH&PS (-PS)'!AF69 -> 0 | AP7: ='H_Tỷ lệ HH&PS (-PS)'!AF94 -> 0 | AR7: ='H_Tỷ lệ HH&PS (-PS)'!AF123 -> 0
D8: =D7+1% -> 0.09 | E8: =E$9/$D$9*$D8 -> 14925.72 | F8: =F$9/$D$9*$D8 -> 13552.188 | G8: =G$9/$D$9*$D8 -> 12178.655 | H8: =H$9/$D$9*$D8 -> 12178.655 | I8: =I$9/$D$9*$D8 -> 13552.188 | J8: =J9+1% -> 0.88140264 | K8: =$E$9/J8 -> 18815.616 | L8: =L9+1% -> 0.9193 | M8: =$F$9/L8 -> 16379.84 | N8: =N9+1% -> 0.883 | O8: =G8/N8 -> 13792.362 | P8: =P9+1% -> 0.9088 | Q8: =$H$9/P8 -> 14889.788 | R8: =R9+1% -> 0.85436654 | S8: =$I$9/R8 -> 17624.738 | T8: =T9+1% -> 0.93743291 | U8: =$K$9/T8 -> 20301.762 | V8: =V9+1% -> 0.9503 | W8: =$M$9/V8 -> 17426.051 | X8: =X9+1% -> 0.896 | Y8: =$O$9/X8 -> 17299.541 | Z8: =Z9+1% -> 0.923 | AA8: =$Q$9/Z8 -> 16311.431 | AB8: =AB9+1% -> 0.9312 | AC8: =$S$9/AB8 -> 19151.065 | AJ8: ='H_Tỷ lệ HH&PS (-PS)'!AF5 -> 0 | AL8: ='H_Tỷ lệ HH&PS (-PS)'!AF41 -> 0 | AN8: ='H_Tỷ lệ HH&PS (-PS)'!AF69 -> 0 | AP8: ='H_Tỷ lệ HH&PS (-PS)'!AF94 -> 0 | AR8: ='H_Tỷ lệ HH&PS (-PS)'!AF123 -> 0
D9: 0.1 | E9: 16584.134 | F9: 15057.986 | G9: 13531.839 | H9: 13531.839 | I9: 15057.986 | J9: ='H_Tỷ lệ HH&PS (-PS)'!Z6 -> 0.87140264 | K9: =$E$9/J9 -> 19031.54 | L9: ='H_Tỷ lệ HH&PS (-PS)'!Z42 -> 0.9093 | M9: =$F$9/L9 -> 16559.976 | N9: ='H_Tỷ lệ HH&PS (-PS)'!Z71 -> 0.873 | O9: =G9/N9 -> 15500.389 | P9: ='H_Tỷ lệ HH&PS (-PS)'!Z95 -> 0.8988 | Q9: =$H$9/P9 -> 15055.451 | R9: ='H_Tỷ lệ HH&PS (-PS)'!Z124 -> 0.84436654 | S9: =$I$9/R9 -> 17833.471 | T9: ='H_Tỷ lệ HH&PS (-PS)'!AH6 -> 0.92743291 | U9: =$K$9/T9 -> 20520.664 | V9: ='H_Tỷ lệ HH&PS (-PS)'!AH42 -> 0.9403 | W9: =$M$9/V9 -> 17611.375 | X9: ='H_Tỷ lệ HH&PS (-PS)'!AH71 -> 0.886 | Y9: =$O$9/X9 -> 17494.795 | Z9: ='H_Tỷ lệ HH&PS (-PS)'!AH95 -> 0.913 | AA9: =$Q$9/Z9 -> 16490.089 | AB9: ='H_Tỷ lệ HH&PS (-PS)'!AH124 -> 0.9212 | AC9: =$S$9/AB9 -> 19358.957 | AD9: 1 | AI9: ='H_Tỷ lệ HH&PS (-PS)'!BA6 -> 0.963 | AJ9: ='H_Tỷ lệ HH&PS (-PS)'!AZ7 -> 22664.433 | AK9: ='H_Tỷ lệ HH&PS (-PS)'!BA46 -> 0.95235331 | AL9: ='H_Tỷ lệ HH&PS (-PS)'!AZ46 -> 21698.233 | AM9: ='H_Tỷ lệ HH&PS (-PS)'!BA104 -> 0.953 | AN9: ='H_Tỷ lệ HH&PS (-PS)'!AZ104 -> 22285.593 | AO9: ='H_Tỷ lệ HH&PS (-PS)'!BA210 -> 0.95058804 | AP9: ='H_Tỷ lệ HH&PS (-PS)'!AZ210 -> 21171.357 | AQ9: ='H_Tỷ lệ HH&PS (-PS)'!BA274 -> 0.914 | AR9: ='H_Tỷ lệ HH&PS (-PS)'!AZ274 -> 22018.861 | AS9: ='H_Tỷ lệ HH&PS (-PS)'!BA305 -> 0.95058804 | AT9: ='H_Tỷ lệ HH&PS (-PS)'!AZ305 -> 21962.692 | AU9: ='H_Tỷ lệ HH&PS (-PS)'!BA305 -> 0.95058804 | AV9: ='H_Tỷ lệ HH&PS (-PS)'!AZ305 -> 21962.692 | AW9: ='H_Tỷ lệ HH&PS (-PS)'!BA337 -> 0.893 | AX9: ='H_Tỷ lệ HH&PS (-PS)'!AZ337 -> 8613.6618
D10: =D9+1% -> 0.11 | E10: =E$9/$D$9*$D10 -> 18242.547 | F10: =F$9/$D$9*$D10 -> 16563.785 | G10: =G$9/$D$9*$D10 -> 14885.023 | H10: =H$9/$D$9*$D10 -> 14885.023 | I10: =I$9/$D$9*$D10 -> 16563.785 | J10: =J9-1% -> 0.86140264 | K10: =$E$9/J10 -> 19252.476 | L10: =L9-1% -> 0.8993 | M10: =$F$9/L10 -> 16744.119 | N10: =N9-1% -> 0.863 | O10: =G10/N10 -> 17247.999 | P10: =P9-1% -> 0.8888 | Q10: =$H$9/P10 -> 15224.842 | R10: =R9-1% -> 0.83436654 | S10: =$I$9/R10 -> 18047.208 | T10: =T9-1% -> 0.91743291 | U10: =$K$9/T10 -> 20744.339 | V10: =V9-1% -> 0.9303 | W10: =$M$9/V10 -> 17800.684 | X10: =X9-1% -> 0.876 | Y10: =$O$9/X10 -> 17694.507 | Z10: =Z9-1% -> 0.903 | AA10: =$Q$9/Z10 -> 16672.703 | AB10: =AB9-1% -> 0.9112 | AC10: =$S$9/AB10 -> 19571.413 | AJ10: ='H_Tỷ lệ HH&PS (-PS)'!AF5 -> 0 | AL10: ='H_Tỷ lệ HH&PS (-PS)'!AF41 -> 0 | AN10: ='H_Tỷ lệ HH&PS (-PS)'!AF69 -> 0 | AP10: ='H_Tỷ lệ HH&PS (-PS)'!AF94 -> 0 | AR10: ='H_Tỷ lệ HH&PS (-PS)'!AF123 -> 0
D11: =D10+1% -> 0.12 | E11: =E$9/$D$9*$D11 -> 19900.961 | F11: =F$9/$D$9*$D11 -> 18069.584 | G11: =G$9/$D$9*$D11 -> 16238.207 | H11: =H$9/$D$9*$D11 -> 16238.207 | I11: =I$9/$D$9*$D11 -> 18069.584 | J11: =J10-1% -> 0.85140264 | K11: =$E$9/J11 -> 19478.603 | L11: =L10-1% -> 0.8893 | M11: =$F$9/L11 -> 16932.404 | N11: =N10-1% -> 0.853 | O11: =G11/N11 -> 19036.585 | P11: =P10-1% -> 0.8788 | Q11: =$H$9/P11 -> 15398.087 | R11: =R10-1% -> 0.82436654 | S11: =$I$9/R11 -> 18266.13 | T11: =T10-1% -> 0.90743291 | U11: =$K$9/T11 -> 20972.944 | V11: =V10-1% -> 0.9203 | W11: =$M$9/V11 -> 17994.107 | X11: =X10-1% -> 0.866 | Y11: =$O$9/X11 -> 17898.832 | Z11: =Z10-1% -> 0.893 | AA11: =$Q$9/Z11 -> 16859.407 | AB11: =AB10-1% -> 0.9012 | AC11: =$S$9/AB11 -> 19788.583
D12: =D11+1% -> 0.13 | E12: =E$9/$D$9*$D12 -> 21559.374 | F12: =F$9/$D$9*$D12 -> 19575.382 | G12: =G$9/$D$9*$D12 -> 17591.391 | H12: =H$9/$D$9*$D12 -> 17591.391 | I12: =I$9/$D$9*$D12 -> 19575.382 | J12: =J11-1% -> 0.84140264 | K12: =$E$9/J12 -> 19710.104 | L12: =L11-1% -> 0.8793 | M12: =$F$9/L12 -> 17124.97 | N12: =N11-1% -> 0.843 | O12: =G12/N12 -> 20867.605 | P12: =P11-1% -> 0.8688 | Q12: =$H$9/P12 -> 15575.321 | R12: =R11-1% -> 0.81436654 | S12: =$I$9/R12 -> 18490.429 | T12: =T11-1% -> 0.89743291 | U12: =$K$9/T12 -> 21206.643 | V12: =V11-1% -> 0.9103 | W12: =$M$9/V12 -> 18191.779 | X12: =X11-1% -> 0.856 | Y12: =$O$9/X12 -> 18107.931 | Z12: =Z11-1% -> 0.883 | AA12: =$Q$9/Z12 -> 17050.341 | AB12: =AB11-1% -> 0.8912 | AC12: =$S$9/AB12 -> 20010.628
D13: =D6+1% -> 0.08 | E13: =E6-E7 -> -1658.4134 | F13: =F6-F7 -> -1505.7986 | G13: =G6-G7 -> -1353.1839 | H13: =H6-H7 -> -1353.1839 | I13: =I6-I7 -> -1505.7986 | K13: =K6-K7 -> -206.39542 | M13: =M6-M7 -> -172.50697 | O13: =O6-O7 -> -1632.7905 | Q13: =Q6-Q7 -> -158.5673 | S13: =S6-S7 -> -199.23949 | T13: =T6-T7 -> 0.01 | U13: =U6-U7 -> -209.80561 | V13: =V6-V7 -> 0.01 | W13: =W6-W7 -> -177.72428 | X13: =X6-X7 -> 0.01 | Y13: =Y6-Y7 -> -186.77507 | Z13: =Z6-Z7 -> 0.01 | ... AC13: =AC6-AC7 -> -199.19669
D14: =D13+1% -> 0.09 | E14: =E7-E8 -> -1658.4134 | F14: =F7-F8 -> -1505.7986 | G14: =G7-G8 -> -1353.1839 | H14: =H7-H8 -> -1353.1839 | I14: =I7-I8 -> -1505.7986 | K14: =K7-K8 -> -211.07876 | M14: =M7-M8 -> -176.25998 | O14: =O7-O8 -> -1669.7733 | Q14: =Q7-Q8 -> -162.0569 | S14: =S7-S8 -> -203.90352 | T14: =T7-T8 -> 0.01 | U14: =U7-U8 -> -214.28179 | V14: =V7-V8 -> 0.01 | W14: =W7-W8 -> -181.46466 | X14: =X7-X8 -> 0.01 | Y14: =Y7-Y8 -> -190.94416 | Z14: =Z7-Z8 -> 0.01 | ... AC14: =AC7-AC8 -> -203.47497
D15: 0.1 | E15: =E8-E9 -> -1658.4134 | F15: =F8-F9 -> -1505.7986 | G15: =G8-G9 -> -1353.1839 | H15: =H8-H9 -> -1353.1839 | I15: =I8-I9 -> -1505.7986 | K15: =K8-K9 -> -215.92333 | M15: =M8-M9 -> -180.1368 | O15: =O8-O9 -> -1708.027 | Q15: =Q8-Q9 -> -165.66297 | S15: =S8-S9 -> -208.73326 | T15: =T8-T9 -> 0.01 | U15: =U8-U9 -> -218.90275 | V15: =V8-V9 -> 0.01 | W15: =W8-W9 -> -185.32438 | X15: =X8-X9 -> 0.01 | Y15: =Y8-Y9 -> -195.25441 | Z15: =Z8-Z9 -> 0.01 | ... AC15: =AC8-AC9 -> -207.89258
D16: =D15+1% -> 0.11 | E16: =E9-E10 -> -1658.4134 | F16: =F9-F10 -> -1505.7986 | G16: =G9-G10 -> -1353.1839 | H16: =H9-H10 -> -1353.1839 | I16: =I9-I10 -> -1505.7986 | K16: =K9-K10 -> -220.93663 | M16: =M9-M10 -> -184.14296 | O16: =O9-O10 -> -1747.6104 | Q16: =Q9-Q10 -> -169.39076 | S16: =S9-S10 -> -213.73665 | T16: =T9-T10 -> 0.01 | U16: =U9-U10 -> -223.67482 | V16: =V9-V10 -> 0.01 | W16: =W9-W10 -> -189.30856 | X16: =X9-X10 -> 0.01 | Y16: =Y9-Y10 -> -199.71227 | Z16: =Z9-Z10 -> 0.01 | ... AC16: =AC9-AC10 -> -212.45563
D17: =D16+1% -> 0.12 | E17: =E10-E11 -> -1658.4134 | F17: =F10-F11 -> -1505.7986 | G17: =G10-G11 -> -1353.1839 | H17: =H10-H11 -> -1353.1839 | I17: =I10-I11 -> -1505.7986 | K17: =K10-K11 -> -226.12657 | M17: =M10-M11 -> -188.28426 | O17: =O10-O11 -> -1788.5861 | Q17: =Q10-Q11 -> -173.24581 | S17: =S10-S11 -> -218.92213 | T17: =T10-T11 -> 0.01 | U17: =U10-U11 -> -228.60466 | V17: =V10-V11 -> 0.01 | W17: =W10-W11 -> -193.42262 | X17: =X10-X11 -> 0.01 | Y17: =Y10-Y11 -> -204.32457 | Z17: =Z10-Z11 -> 0.01 | ... AC17: =AC10-AC11 -> -217.17058
D18: =D17+1% -> 0.13 | E18: =E11-E12 -> -1658.4134 | F18: =F11-F12 -> -1505.7986 | G18: =G11-G12 -> -1353.1839 | H18: =H11-H12 -> -1353.1839 | I18: =I11-I12 -> -1505.7986 | K18: =K11-K12 -> -231.50157 | M18: =M11-M12 -> -192.56685 | O18: =O11-O12 -> -1831.0199 | Q18: =Q11-Q12 -> -177.23397 | S18: =S11-S12 -> -224.29863 | T18: =T11-T12 -> 0.01 | U18: =U11-U12 -> -233.69929 | V18: =V11-V12 -> 0.01 | W18: =W11-W12 -> -197.67227 | X18: =X11-X12 -> 0.01 | Y18: =Y11-Y12 -> -209.09851 | Z18: =Z11-Z12 -> 0.01 | ... AC18: =AC11-AC12 -> -222.04425
AC22: =U9-AC9 -> 1161.7073
AC23: =AC22/U9 -> 0.056611581 | AD23: 0.9 | AE23: =AC23*AD23 -> 0.050950423

Sheet H_Tỷ lệ HH&PS
B1: C:\Data\GĐ Tài chính\Cost Controlling\Costing Flow Chart\Hảo\WF all.xlsx | BA1: Từ Vảy | BD1: Từ B0 | BN1: =BN6 -> 1864.95 | BO1: =BO6 -> 1273.8558 | BP1: =SUM(BN1:BO1) -> 3138.8058 | BQ1: =BP1/BQ2 -> 118.4455 | BV1: =BV6/CC1 -> 889.97606 | BW1: =BW6/CC1 -> 70.375471 | BX1: =BX6/CC1 -> 48.070032 | BY1: =BY6/CC1 -> 75.507147 | BZ1: =BZ6/CC1 -> 51.926881 | CA1: =SUM(BV1:BZ1) -> 1135.8556 | CB1: =SUM(BW1:BZ1) -> 245.87953 | CC1: 26.5 | CE1: =CE6/($CC$1) -> 6.1272061 | CF1: =CF6/($CC$1) -> 32.792446 | CG1: =CG6/($CC$1) -> 26.087475 | CH1: =SUM(CE1:CG1) -> 65.007127 | CJ1: 140
M2: B0 | N2: =$E$5*$L$7 -> 6945.6208 | AK2: HSTH Vảy_Tất cả | BD2: HSTH Vảy_Tất cả | BH2: Chai B0 | BI2: Tỷ lệ hao hụt | BJ2: Chi phí phân loại | BK2: Chai sau PL | BL2: Chai Sau PL | BM2: CF nhựa_ Vảy | BN2: CF Băm | BO2: CF Rữa | BP2: GT Vảy | BQ2: 26.5 | BR2: =140/2 -> 70 | BS2: Pro.Order | BV2: CF nhựa_ Hạt | BW2: CF Băm | BX2: CF Rữa | BY2: CF Tạo Hạt | BZ2: CF Nâng IV | CA2: GT Hạt | CC2: USD | CE2: CF BH | CF2: CFQL | CG2: CF TC | CH2: TC | CI2: GBHV | CJ2: GBHV
M3: CF | N3: =(($E$5+$H$5)*$G$5/(1-$G$5)+$H$5)*$L$7 -> 2930.324 | Z3: =$V$7*Z6+$V$43*Z42+$V$71*Z71+$V$125*Z124 -> 0.77807836 | AK3: =$V$7*AK6+$V$43*AK42+$V$71*AK70+$V$125*AK124 -> 0.71989821 | BA3: =($BC$5*$BA$6+$BC$24*$BA$25+$BC$67*$BA$68+$BC$192*$BA$193)/0.53 -> 0.91425998 | BD3: =AVERAGE(BD6,BD25,BD46,BD68,BD128,) -> 0.62668676 | BQ3: USD | BR3: USD | BZ3: 8h
E4: Giá Mua | G4: Tỷ lệ HH | H4: CF PL | J4: Gram | K4: Tỷ lệ BOM | L4: NRV | M4: CF sau PB | N4: =N2+N3 -> 9875.9448 | AK4: HS TH Vảy | BO4: ='H_Tỷ lệ HH&PS (-PS)'!CD6+'H_Tỷ lệ HH&PS (-PS)'!CQ6 -> -1013.0467 | BP4: =BP6-BP5 -> 149.61771 | BQ4: =BP4+BO4 -> -863.42895 | BV4: =BL6/BV5 -> 21962.839
E5: 11300 | G5: 0.11 | H5: 3000 | M5: Giá B1 | N5: =N4/($J$7/(1-$G$5))*1000 -> 16584.134 | O5: =$E$5/(1-$G$5) -> 12696.629 | P5: =N5-O5 -> 3887.5045 | Z5: =N5/Z6 -> 19031.54 | AH5: =Z5/AH6 -> 20520.664 | AI5: NRV | AJ5: =V7 -> 0.53 | AK5: =N5/AK6 -> 20520.664 | AZ5: =AZ7-AZ6 -> 1621.5261 | BB5: NRV | BC5: ='Hảo_R&D (Vảy sạch)'!BR2 -> 0.066666667 | BD5: HS TH Hạt | BE5: Check từ B0 | BM5: =$AK6 -> 0.80816749 | BP5: ='H_Tỷ lệ HH&PS (-PS)'!CT6 -> 23509.852 | BS5: =AT11 -> Tạo hạt iSS01084G | BV5: =BD6 -> 0.75509971
Z6: =SUM(Z7:Z9) -> 0.87140264 | AH6: =SUM(AH7:AH16) -> 0.92743291 | AK6: =Z6*AH6 -> 0.80816749 | AZ6: =AH5/BA6 -> 21962.839 | BA6: =SUM(BA7:BA13) -> 0.93433567 | BB6: =SUM(BA7*BB7,BA9*BB9,BA11*BB11,BA13*BB13) -> 1.0679423 | BD6: =AK6*BA6 -> 0.75509971 | BE6: =N5/BD6 -> 21962.839 | BF6: =BE6-AZ6 -> 0 | BH6: =$E$5 -> 11300 | BI6: =G5 -> 0.11 | BJ6: =H5 -> 3000 | BK6: =N7 -> Chai B1 | BL6: =N5 -> 16584.134 | BM6: =AK5 -> 20520.664 | BN6: =[1]TH!$O$6 -> 1864.95 | BO6: =[1]TH!$O$7 -> 1273.8558 | BP6: =SUM(BM6:BO6) -> 23659.47 | BQ6: =BP6/$BQ$2 -> 892.8102 | BR6: =$BR$2+BQ6 -> 962.8102 | BT6: =AX11 -> 100%B1.A1,A2 | BU6: =BC7 -> Hạt rPET iSS01084G | BV6: =AZ7 -> 23584.366 | BW6: =BN6 -> 1864.95 | BX6: =BO6 -> 1273.8558 | BY6: =[1]TH!$O$10 -> 2000.9394 | BZ6: =[1]TH!$O$11 -> 1376.0623 | CA6: =SUM(BV6:BZ6) -> 30100.173 | CC6: =CA6/$CC$1 -> 1135.8556 | CE6: ='[9]Chụp hình'!$L$38*1000 -> 162.37096 | CF6: ='[9]Chụp hình'!$L$39*10^3 -> 868.99983 | CG6: ='[9]Chụp hình'!$L$37*10^3 -> 691.31809 | CH6: =SUM(CE6:CG6) -> 1722.6889 | CI6: =CC6+$CH$1 -> 1200.8627 | CJ6: =CC6+$CJ$1 -> 1275.8556
E7: Chai B0 | H7: Phân loại | J7: 530 | K7: 0.53 | L7: ='Giá mua Chai-Vảy (Giá giảm)'!H14 -> 0.61465671 | N7: Chai B1 | S7: Chai B1.1 Sau phân loại | V7: 0.53 | W7: Băm | Z7: 0.43017946 | AB7: Chai 1.1 chưa rửa 1 | AH7: 0.46161477 | AI7: 100% | AJ7: Vảy B1_A1 DT | AL7: =AI7/$AI$7 -> 1 | AM7: Tạo mẫu | AR7: Thành phẩm | AZ7: =$AZ$6/$BB$6*BB7 -> 23584.366 | BA7: 0.89417194 | BB7: ='Hảo_R&D (Vảy sạch)'!$BH$2 -> 1.146789 | BC7: Hạt rPET iSS01084G | BM7: =$AK42 -> 0.85501479 | BV7: =BV6-BV8 -> 1132.0495
AE8: Rửa | AZ8: =AZ7-AZ9 -> 1132.0495 | BK8: =N43 -> Chai B2.2 | BL8: =N41 -> 15057.986 | BM8: =AK41 -> 17611.375 | BN8: =BN6 -> 1864.95 | BO8: =BO6 -> 1273.8558 | BP8: =SUM(BM8:BO8) -> 20750.181 | BQ8: =BP8/$BQ$2 -> 783.02571 | BR8: =$BR$2+BQ8 -> 853.02571 | BU8: =BC9 -> Hạt rPET iSS01G | BV8: =AZ9 -> 22452.316 | BW8: =BW6 -> 1864.95 | BX8: =BX6 -> 1273.8558 | BY8: =BY6 -> 2000.9394 | BZ8: =BZ6 -> 1376.0623 | CA8: =SUM(BV8:BZ8) -> 28968.124 | CC8: =CA8/$CC$1 -> 1093.1367 | CE8: =CE6 -> 162.37096 | CF8: =CF6 -> 868.99983 | CG8: =CG6 -> 691.31809 | CH8: =SUM(CE8:CG8) -> 1722.6889 | CI8: =CC8+$CH$1 -> 1158.1439 | CJ8: =CC8+$CJ$1 -> 1233.1367
Z9: 0.44122318 | AB9: Chai 1.1 chưa rửa 2 | AH9: 0.095080369 | AI9: 80% | AJ9: Vảy B1_A2.1 DT | AL9: =AI9/$AI$7 -> 0.8 | AZ9: =$AZ$6/$BB$6*BB9 -> 22452.316 | BA9: 0.015953365 | BB9: ='Hảo_R&D (Vảy sạch)'!BH3 -> 1.0917431 | BC9: Hạt rPET iSS01G | BM9: =$AK70 -> 0.773478 | BV9: =BV6-BV10 -> 1698.0743
AZ10: =AZ7-AZ11 -> 1698.0743 | BK10: =N71 -> Chai B4 | BL10: =N69 -> 13531.839 | BM10: =AK69 -> 17494.795 | BN10: =BN6 -> 1864.95 | BO10: =BO6 -> 1273.8558 | BP10: =SUM(BM10:BO10) -> 20633.601 | BQ10: =BP10/$BQ$2 -> 778.62645 | BR10: =$BR$2+BQ10 -> 848.62645 | BU10: =BC11 -> Hạt rPET WSS01G | BV10: =AZ11 -> 21886.291 | BW10: =BW6 -> 1864.95 | BX10: =BX6 -> 1273.8558 | BY10: =BY6 -> 2000.9394 | BZ10: =BZ6 -> 1376.0623 | CA10: =SUM(BV10:BZ10) -> 28402.099 | CC10: =CA10/$CC$1 -> 1071.7773 | CE10: =CE6 -> 162.37096 | CF10: =CF6 -> 868.99983 | CG10: =CG6 -> 691.31809 | CH10: =SUM(CE10:CG10) -> 1722.6889 | CI10: =CC10+$CH$1 -> 1136.7844 | CJ10: =CC10+$CJ$1 -> 1211.7773
AH11: 0.29600175 | AI11: 60% | AJ11: Vảy B1_A2.2 DT | AL11: =AI11/$AI$7 -> 0.6 | AT11: Tạo hạt iSS01084G | AX11: 100%B1.A1,A2 | AZ11: =$AZ$6/$BB$6*BB11 -> 21886.291 | BA11: 0 | BB11: ='Hảo_R&D (Vảy sạch)'!BH4 -> 1.0642202 | BC11: Hạt rPET WSS01G | BM11: =$AK124 -> 0.77783046 | BV11: =BV6-BV12 -> 2264.0991
Z12: =SUM(Z13:Z29) -> 0.12863516 | AZ12: =AZ7-AZ13 -> 2264.0991 | BK12: =N125 -> Chai B6.2 | BL12: =N123 -> 15057.986 | BM12: =AK123 -> 19358.957 | BN12: =BN6 -> 1864.95 | BO12: =BO6 -> 1273.8558 | BP12: =SUM(BM12:BO12) -> 22497.763 | BQ12: =BP12/$BQ$2 -> 848.97219 | BR12: =$BR$2+BQ12 -> 918.97219 | BU12: =BC13 -> Hạt rPET WSS03G | BV12: =AZ13 -> 21320.266 | BW12: =BW6 -> 1864.95 | BX12: =BX6 -> 1273.8558 | BY12: =BY6 -> 2000.9394 | BZ12: =BZ6 -> 1376.0623 | CA12: =SUM(BV12:BZ12) -> 27836.074 | CC12: =CA12/$CC$1 -> 1050.4179 | CE12: =CE6 -> 162.37096 | CF12: =CF6 -> 868.99983 | CG12: =CG6 -> 691.31809 | CH12: =SUM(CE12:CG12) -> 1722.6889 | CI12: =CC12+$CH$1 -> 1115.425 | CJ12: =CC12+$CJ$1 -> 1190.4179
Z13: 0.046699188 | AB13: PET B1/B8 Vảy-Nắp | AH13: 0.063639115 | AI13: 50% | AJ13: Vảy B1_A3 DT | AL13: =AI13/$AI$7 -> 0.5 | AZ13: =$AZ$6/$BB$6*BB13 -> 21320.266 | BA13: 0.024210369 | BB13: ='Hảo_R&D (Vảy sạch)'!BH5 -> 1.0366972 | BC13: Hạt rPET WSS03G | BV13: =BL6/BV14 -> 22020.878
BS14: =AT28 -> Tạo hạt iSS01G | BV14: =BD25 -> 0.75310956
Z15: 0.0067787447 | AB15: Phó Sản PET Tromel | AH15: 0.011096913 | AJ15: Vảy B1_A3 PL | AL15: Rework | AZ15: =$BC$6*BA15*BB15 -> 0 | BA15: 0.010793245 | BC15: Hạt rPET iSS01G 1 PL | BT15: =AX28 -> 70% B1-A3 DT/MN + 25% B6.2-A3.1/Nạp Star + 5% Hạt WSS03G PL | BU15: =BC26 -> Hạt nhựa rPET iSS01G 2 | BV15: =AZ26 -> 22871.058 | BW15: =BW6 -> 1864.95 | BX15: =BX6 -> 1273.8558 | BY15: =BY6 -> 2000.9394 | BZ15: =BZ6 -> 1376.0623 | CA15: =SUM(BV15:BZ15) -> 29386.865 | CC15: =CA15/$CC$1 -> 1108.9383 | CE15: =CE6 -> 162.37096 | CF15: =CF6 -> 868.99983 | CG15: =CG6 -> 691.31809 | CH15: =SUM(CE15:CG15) -> 1722.6889 | CI15: =CC15+$CH$1 -> 1173.9454 | CJ15: =CC15+$CJ$1 -> 1248.9383
BV16: =BV15-BV17 -> 576.58128
Z17: 0.00051852927 | AB17: Phó Sản PET Bụi Tank A | BT17: =AX49 -> 85.5% B1-A1/A2 MN + 9.5% B2.2-A1/A2 + 5% Hạt WSS03G PL | BU17: =BC30 -> Hạt nhựa rPET WSS01G 2 | BV17: =AZ30 -> 22294.476 | BW17: =BW6 -> 1864.95 | BX17: =BX6 -> 1273.8558 | BY17: =BY6 -> 2000.9394 | BZ17: =BZ6 -> 1376.0623 | CA17: =SUM(BV17:BZ17) -> 28810.284 | CC17: =CA17/$CC$1 -> 1087.1805 | CE17: =CE6 -> 162.37096 | CF17: =CF6 -> 868.99983 | CG17: =CG6 -> 691.31809 | CH17: =SUM(CE17:CG17) -> 1722.6889 | CI17: =CC17+$CH$1 -> 1152.1876 | CJ17: =CC17+$CJ$1 -> 1227.1805
BV18: =BV15-BV19 -> 1153.1626
Z19: 0.026484961 | AB19: Phó Sản B1/B8 Nắp Chưa Băm | BA19: 0.0081900547 | BC19: Phó Sản PET Hạt Chưa Kết Tinh | BU19: =BC32 -> Hạt nhựa rPET WSS03G | BV19: =AZ32 -> 21717.895 | BW19: =BW6 -> 1864.95 | BX19: =BX6 -> 1273.8558 | BY19: =BY6 -> 2000.9394 | BZ19: =BZ6 -> 1376.0623 | CA19: =SUM(BV19:BZ19) -> 28233.703 | CC19: =CA19/$CC$1 -> 1065.4227 | CE19: =CE6 -> 162.37096 | CF19: =CF6 -> 868.99983 | CG19: =CG6 -> 691.31809 | CH19: =SUM(CE19:CG19) -> 1722.6889 | CI19: =CC19+$CH$1 -> 1130.4299 | CJ19: =CC19+$CJ$1 -> 1205.4227
AH20: =SUM(AH21:AH36) -> 0.072553487
Z21: 0.0010507317 | AB21: Nhãn, PVC, OPP… | AH21: 0.0221 | AJ21: Phó Sản PET Tomra Cổng 3 | BA21: 0.023911112 | BC21: Phó Sản PET HAD | BS21: =AT71 -> Tạo hạt WSS01G | BV21: =BL6/BV22 -> 23438.521
BU22: =AX71 -> 100% B1.2_A2 DT (STAR 1) | BV22: =BD68 -> 0.70755888
Z23: 0.0017996016 | AB23: Phế khác (dây, bao, kẽm..) | AH23: 0.0034888022 | AJ23: Phó Sản PET Tuyển nổi 2 | BA23: 0.016976414 | BC23: Phó Sản PET Đầu Keo | BT23: =AX71 -> 100% B1.2_A2 DT (STAR 1) | BU23: =BC69 -> Hạt nhựa rPET WSS01G 1 | BV23: =AZ69 -> 26789.036 | BW23: =BW6 -> 1864.95 | BX23: =BX6 -> 1273.8558 | BY23: =BY6 -> 2000.9394 | BZ23: =BZ6 -> 1376.0623 | CA23: =SUM(BV23:BZ23) -> 33304.843 | CC23: =CA23/$CC$1 -> 1256.7865 | CE23: =CE6 -> 162.37096 | CF23: =CF6 -> 868.99983 | CG23: =CG6 -> 691.31809 | CH23: =SUM(CE23:CG23) -> 1722.6889 | CI23: =CC23+$CH$1 -> 1321.7937 | CJ23: =CC23+$CJ$1 -> 1396.7865
AZ24: =AZ26-AZ25 -> 1365.569 | BB24: NRV | BC24: ='Hảo_R&D (Vảy sạch)'!BR3 -> 0.13333333 | BM24: =$AK25 -> 0
Z25: 0.043 | AB25: Hao hụt khác | AH25: 0.004094929 | AJ25: Phó Sản PET Bụi Tank B | AZ25: =($AH$5*0.7+$AH$123*0.25+$AH$5*0.05)/BA25 -> 21505.488 | BA25: =SUM(BA26,BA30:BA32) -> 0.94070114 | BB25: =SUM(BA26*BB26,BA30*BB30,BA32*BB32) -> 1.0265581 | BD25: =(AK6*0.7+AK124*0.25+AK6*0.05)*BA25 -> 0.75310956 | BE25: =($N$5/BD25)*0.75+($N$123/BD25)*0.25 -> 21514.263 | BF25: =BE25-AZ25 -> 8.7743077 | BL25: =N24 -> 0 | BM25: =AK24 -> 0 | BU25: =BC71 -> Hạt nhựa rPET WSS03G | BV25: =AZ71 -> 26096.216 | BW25: =BW6 -> 1864.95 | BX25: =BX6 -> 1273.8558 | BY25: =BY6 -> 2000.9394 | BZ25: =BZ6 -> 1376.0623 | CA25: =SUM(BV25:BZ25) -> 32612.023 | CC25: =CA25/$CC$1 -> 1230.6424 | CE25: =CE6 -> 162.37096 | CF25: =CF6 -> 868.99983 | CG25: =CG6 -> 691.31809 | CH25: =SUM(CE25:CG25) -> 1722.6889 | CI25: =CC25+$CH$1 -> 1295.6495 | CJ25: =CC25+$CJ$1 -> 1370.6424
AZ26: =$AZ$25/$BB$25*BB26 -> 22871.058 | BA26: 0.9272 | BB26: =BB9 -> 1.0917431 | BC26: Hạt nhựa rPET iSS01G 2 | BV26: =BL6/BV27 -> 21525.172
Z27: 0.0002997583 | AB27: Chai PET B6 Sau Phân Loại | AH27: 0.0028650212 | AJ27: Phó Sản PET Bụi Tank D | BU27: =AX131 -> 100% B1.2_A2 DT (STAR 2) | BV27: =BD128 -> 0.770453
Z28: 0.0019121424 | AB28: Chai PET B5 Sau Phân Loại | AT28: Tạo hạt iSS01G | AX28: 70% B1-A3 DT/MN + 25% B6.2-A3.1/Nạp Star + 5% Hạt WSS03G PL | BA28: 0.0189 | BC28: Hạt Nhựa rPET iSS01G 2 PL | BT28: =AX131 -> 100% B1.2_A2 DT (STAR 2) | BU28: =BC133 -> Hạt nhựa rPET iSS01G 2 | BV28: =AZ133 -> 23172.008 | BW28: =BW6 -> 1864.95 | BX28: =BX6 -> 1273.8558 | BY28: =BY6 -> 2000.9394 | BZ28: =BZ6 -> 1376.0623 | CA28: =SUM(BV28:BZ28) -> 29687.815 | CC28: =CA28/$CC$1 -> 1120.2949 | CE28: =CE6 -> 162.37096 | CF28: =CF6 -> 868.99983 | CG28: =CG6 -> 691.31809 | CH28: =SUM(CE28:CG28) -> 1722.6889 | CI28: =CC28+$CH$1 -> 1185.302 | CJ28: =CC28+$CJ$1 -> 1260.2949
Z29: 9.1505165e-05 | AB29: Chai PET B4 Sau Phân Loại | AH29: 0.0021016881 | AJ29: Phó Sản PET Zigzag
AZ30: =$AZ$25/$BB$25*BB30 -> 22294.476 | BA30: 0.010800912 | BB30: =BB11 -> 1.0642202 | BC30: Hạt nhựa rPET WSS01G 2 | BT30: =AX149 -> 95% B1-A1/A2.1 MN + 5% Hạt WSS03G PL | BU30: =BC129 -> Hạt nhựa rPET WSS01G 2 | BV30: =AZ129 -> 22587.839 | BW30: =BW6 -> 1864.95 | BX30: =BX6 -> 1273.8558 | BY30: =BY6 -> 2000.9394 | BZ30: =BZ6 -> 1376.0623 | CA30: =SUM(BV30:BZ30) -> 29103.647 | CC30: =CA30/$CC$1 -> 1098.2508 | CE30: =CE6 -> 162.37096 | CF30: =CF6 -> 868.99983 | CG30: =CG6 -> 691.31809 | CH30: =SUM(CE30:CG30) -> 1722.6889 | CI30: =CC30+$CH$1 -> 1163.258 | CJ30: =CC30+$CJ$1 -> 1238.2508
AH31: 0.0013030466 | AJ31: Phó Sản PET Zigzag sau lựa
AZ32: =$AZ$25/$BB$25*BB32 -> 21717.895 | BA32: 0.002700228 | BB32: =BB13 -> 1.0366972 | BC32: Hạt nhựa rPET WSS03G | BT32: =AX172 -> 85.5% B1-A2.2 DT/MN + 9.5% B6.2-A1/A2 + 5% Hạt WSS03G PL | BU32: =BC131 -> Hạt nhựa rPET WSS03G | BV32: =AZ131 -> 22003.671 | BW32: =BW6 -> 1864.95 | BX32: =BX6 -> 1273.8558 | BY32: =BY6 -> 2000.9394 | BZ32: =BZ6 -> 1376.0623 | CA32: =SUM(BV32:BZ32) -> 28519.479 | CC32: =CA32/$CC$1 -> 1076.2067 | CE32: =CE6 -> 162.37096 | CF32: =CF6 -> 868.99983 | CG32: =CG6 -> 691.31809 | CH32: =SUM(CE32:CG32) -> 1722.6889 | CI32: =CC32+$CH$1 -> 1141.2139 | CJ32: =CC32+$CJ$1 -> 1216.2067
AH33: 0.0093 | AJ33: Phó sản PET bụi cám sau sàn rung
BS34: =AT196 -> Tạo hạt WSS03G | BV34: =BD193 -> 0.75905331
AH35: 0.0273 | AJ35: Hao hụt | BT35: =AX196 -> 30% B1-A3/A2.2 MN + 15% B2.2-A3/A2 + 55% B6.2 Nạp Star/A2 + 5% Hạt WSS03G PL | BU35: =BC194 -> Hạt nhựa rPET WSS03G | BV35: =AZ193 -> 20456.109 | BW35: =BW6 -> 1864.95 | BX35: =BX6 -> 1273.8558 | BY35: =BY6 -> 2000.9394 | BZ35: =BZ6 -> 1376.0623 | CA35: =SUM(BV35:BZ35) -> 26971.916 | CC35: =CA35/$CC$1 -> 1017.8082 | CE35: =CE6 -> 162.37096 | CF35: =CF6 -> 868.99983 | CG35: =CG6 -> 691.31809 | CH35: =SUM(CE35:CG35) -> 1722.6889 | CI35: =CC35+$CH$1 -> 1082.8153 | CJ35: =CC35+$CJ$1 -> 1157.8082
BV36: =BD215 -> 0.68603513
BT37: =AX218 -> 30% Vảy PET Mix B2-B3-B7 + 70% Vảy PET B6.2_A3.1 | BU37: =BC216 -> Hạt nhựa rPET WSS03G | BV37: =AZ215 -> 21990.583 | BW37: =BW6 -> 1864.95 | BX37: =BX6 -> 1273.8558 | BY37: =BY6 -> 2000.9394 | BZ37: =BZ6 -> 1376.0623 | CA37: =SUM(BV37:BZ37) -> 28506.391 | CC37: =CA37/$CC$1 -> 1075.7129 | CE37: =CE6 -> 162.37096 | CF37: =CF6 -> 868.99983 | CG37: =CG6 -> 691.31809 | CH37: =SUM(CE37:CG37) -> 1722.6889 | CI37: =CC37+$CH$1 -> 1140.72 | CJ37: =CC37+$CJ$1 -> 1215.7129
M38: B0 | N38: =$E$5*$L$43 -> 356.96905 | BA38: 0.030070721 | BC38: Phó Sản PET Hạt Chưa Kết Tinh
M39: CF | N39: =(($E$5+$H$5)*$G$5/(1-$G$5)+$H$5)*$L$43 -> 150.60353 | BT39: 89% B6.2 + 11% B4 | BU39: Hạt WSS03NC | BV39: =BM12*0.89+BM10*0.11 -> 19153.899 | BW39: =BW6 -> 1864.95 | BX39: =BX6 -> 1273.8558 | BY39: =BY6 -> 2000.9394 | BZ39: =BZ6 -> 1376.0623 | CA39: =SUM(BV39:BZ39) -> 25669.707 | CC39: =CA39/$CC$1 -> 968.66818 | CE39: =CE6 -> 162.37096 | CF39: =CF6 -> 868.99983 | CG39: =CG6 -> 691.31809 | CH39: =SUM(CE39:CG39) -> 1722.6889 | CI39: =CC39+$CH$1 -> 1033.6753 | CJ39: =CC39+$CJ$1 -> 1108.6682
M40: CF sau PB | N40: =N38+N39 -> 507.57258 | BA40: 0.0044406478 | BC40: Phó Sản PET HAD | BT40: 95% B6.2 + 5% B4 | BU40: Hạt WSS04NC | BV40: =BM12*0.95+BM10*0.05 -> 19265.749 | BW40: =BW6 -> 1864.95 | BX40: =BX6 -> 1273.8558 | BY40: =BY6 -> 2000.9394 | BZ40: =BZ6 -> 1376.0623 | CA40: =SUM(BV40:BZ40) -> 25781.557 | CC40: =CA40/$CC$1 -> 972.88893 | CE40: =CE6 -> 162.37096 | CF40: =CF6 -> 868.99983 | CG40: =CG6 -> 691.31809 | CH40: =SUM(CE40:CG40) -> 1722.6889 | CI40: =CC40+$CH$1 -> 1037.8961 | CJ40: =CC40+$CJ$1 -> 1112.8889
M41: Giá B2.2 | N41: =N40/($J$43/(1-$G$5))*1000 -> 15057.986 | Z41: =N41/Z42 -> 16559.976 | AH41: =Z41/AH42 -> 17611.375 | AI41: NRV | AJ41: =V43 -> 0.05 | AK41: =N41/AK42 -> 17611.375 | BM41: =$AK42 -> 0.85501479 | BS41: Hyosung | BT41: 100%B1.A1,A2 | BU41: Hạt WSS04SB | BV41: =BM6 -> 20520.664 | BW41: =BW6 -> 1864.95 | BX41: =BX6 -> 1273.8558 | BY41: =BY6 -> 2000.9394 | BZ41: =BZ6 -> 1376.0623 | CA41: =SUM(BV41:BZ41) -> 27036.472 | CC41: =CA41/$CC$1 -> 1020.2442 | CE41: =CE6 -> 162.37096 | CF41: =CF6 -> 868.99983 | CG41: =CG6 -> 691.31809 | CH41: =SUM(CE41:CG41) -> 1722.6889 | CI41: =CC41+$CH$1 -> 1085.2514 | CJ41: =CC41+$CJ$1 -> 1160.2442
Z42: =SUM(Z43:Z44) -> 0.9093 | AH42: =SUM(AH43:AH48) -> 0.9403 | AK42: =Z42*AH42 -> 0.85501479 | BA42: 0.0054004561 | BC42: Phó Sản PET Đầu Keo | BL42: =N41 -> 15057.986 | BM42: =AK41 -> 17611.375 | BT42: 95% B6.2 + 5% B4 | BU42: Hạt WSS05SB (sợi ngắn) | BV42: =BM12*0.95+BM8*0.05 -> 19271.578 | BW42: =BW6 -> 1864.95 | BX42: =BX6 -> 1273.8558 | BY42: =BY6 -> 2000.9394 | BZ42: =BZ6 -> 1376.0623 | CA42: =SUM(BV42:BZ42) -> 25787.386 | CC42: =CA42/$CC$1 -> 973.10889 | CE42: =CE6 -> 162.37096 | CF42: =CF6 -> 868.99983 | CG42: =CG6 -> 691.31809 | CH42: =SUM(CE42:CG42) -> 1722.6889 | CI42: =CC42+$CH$1 -> 1038.116 | CJ42: =CC42+$CJ$1 -> 1113.1089
J43: 30 | K43: 0.03 | L43: ='Giá mua Chai-Vảy (Giá giảm)'!H15 -> 0.031590181 | N43: Chai B2.2 | S43: Chai B2.2 | V43: 0.05 | W43: Băm | Z43: 0.9093 | AB43: Chai 2.2 chưa rửa | AE43: Rửa | AH43: 0.341 | AI43: 100% | AJ43: Vảy B2.2/B5_A1 DT | AM43: Tạo mẫu | AP43: Thành phẩm
BS44: Vảy FPET 201 | BT44: 15% B1-A2.2 DT/MN + 65% B6.2-A1/A2 + 20% B5 | BU44: Vảy FPET 201 | BV44: =BM6*0.15+BM12*0.65+BM8*0.2 -> 19183.697 | BW44: =BW6 -> 1864.95 | BX44: =BX6 -> 1273.8558 | CA44: =BV44+BW44+BX44 -> 22322.503 | CC44: =CA44/$CC$1 -> 842.35859 | CE44: =CE6 -> 162.37096 | CF44: =CF6 -> 868.99983 | CG44: =CG6 -> 691.31809 | CH44: =SUM(CE44:CG44) -> 1722.6889 | CI44: =CC44+$CH$1 -> 907.36572 | CJ44: =CC44+$CJ$1/2 -> 912.35859
AH45: 0.466 | AI45: 80% | AJ45: Vảy B2.2/B5_A2 DT | AZ45: =AZ47-AZ46 -> 1066.6474 | BB45: NRV | BC45: ='Hảo_R&D (Vảy sạch)'!BR3 -> 0.13333333
AZ46: =($AH$5*0.855+$AH$41*0.095+$AH$5*0.05)/BA46 -> 21257.113 | BA46: =SUM(BA47:BA49,BA53) -> 0.95235331 | BB46: =SUM(BA47*BB47,BA49*BB49,BA53*BB53) -> 1.0395787 | BD46: =(0.855*AK6+AK42*0.095+0.05*AK6)*BA46 -> 0.77389943 | BE46: =($N$5/BD46)*0.905+($N$41/BD46)*0.095 -> 21241.972 | BF46: =BE46-AZ46 -> -15.141158
AH47: 0.1333 | AI47: 60% | AJ47: Vảy B2.2/B5_A3 DT | AZ47: =$AZ$46/$BB$46*BB47 -> 22323.76 | BA47: 0.9470329 | BB47: =BB9 -> 1.0917431 | BC47: Hạt nhựa rPET iSS01G 1 | BS47: Niagara | BT47: 90%B1.A1,A2 +10% B6.2-A1/A2 | BU47: Hạt WSS01G-Nia | BV47: =BM6*0.9+BM12*0.2 -> 22340.389 | BW47: =BW6 -> 1864.95 | BX47: =BX6 -> 1273.8558 | BY47: =BY6 -> 2000.9394 | BZ47: =BZ6 -> 1376.0623 | CA47: =SUM(BV47:BZ47) -> 28856.197 | CC47: =CA47/$CC$1 -> 1088.9131 | CE47: =CE6 -> 162.37096 | CF47: =CF6 -> 868.99983 | CG47: =CG6 -> 691.31809 | CH47: =SUM(CE47:CG47) -> 1722.6889 | CI47: =CC47+$CH$1 -> 1153.9202 | CJ47: =CC47+$CJ$1 -> 1228.9131
U48: =Z48+AH50 -> 0.15030832 | Z48: =SUM(Z49:Z66) -> 0.090660916 | AZ48: =AZ47-AZ49 -> 562.78387
Z49: 0.04173 | AB49: Phó Sản PET B2 Vảy-Nắp | AX49: 85.5% B1-A1/A2 MN + 9.5% B2.2-A1/A2 + 5% Hạt WSS03G PL | AZ49: =$AZ$46/$BB$46*BB49 -> 21760.976 | BA49: 0.0053204096 | BB49: =BB11 -> 1.0642202 | BC49: Hạt nhựa rPET WSS01G 1 | BU49: Hạt WSS03SB
AH50: =SUM(AH51:AH62) -> 0.059647403 | BU50: Hạt WSS04SB
Z51: 0.008873 | AB51: Chai PET B4/B5/B6 sau phân loại | AH51: 0.0019230708 | AJ51: Phó Sản PET Bụi Cám Sau Sàn Rung | BA51: 0.0053204096 | BC51: Hạt Nhựa rPET iSS01G 1 PL
AZ52: =AZ49-AZ53 -> 562.78387
Z53: 0.014863672 | AB53: Phó Sản PET Tromel | AH53: 0.0019230708 | AJ53: Phó Sản PET Zigzag Sau Lựa | AZ53: =$AZ$46/$BB$46*BB53 -> 21198.193 | BA53: 0 | BB53: =BB13 -> 1.0366972 | BC53: Hạt nhựa rPET WSS03G
Z55: 0.016055213 | AB55: Phó Sản B1/B8 Nắp Chưa Băm | AH55: 0.0019230708 | AJ55: Phó Sản PET Tomra Cổng 3
Z57: 0.0025637067 | AB57: PET B1/B8 Vảy-Nắp | AH57: 0.0014423031 | AJ57: Phó Sản PET Bụi Tank D
Z59: 0.0034959636 | AB59: Phó Sản PET Bụi Tank A | AH59: 0.002935888 | AJ59: Phó Sản PET Bụi LB | BA59: 0.0032406131 | BC59: Phó Sản Hạt PET Quét Nền
Z61: 0.0022665497 | AB61: Nhãn, PVC, OPP… | AH61: 0.0495 | AJ61: Hao hụt | BA61: 0.016164372 | BC61: Phó Sản PET HAD
Z63: 0.00081281154 | AB63: Phế khác (dây, bao, kẽm..) | BA63: 0.0076178592 | BC63: Phó Sản PET Đầu Keo
M66: B0 | N66: =$E$5*$L$71 -> 213.85984 | BE66: =BE67/BE6 -> 0.067189931
M67: CF | N67: =(($E$5+$H$5)*$G$5/(1-$G$5)+$H$5)*$L$71 -> 90.226438 | AZ67: =AZ69-AZ68 -> 3350.5147 | BB67: NRV | BC67: ='Hảo_R&D (Vảy sạch)'!BR4 -> 0.26666667 | BE67: =BE68-BE6 -> 1475.6817
L68: NRV | M68: CF sau PB | N68: =N66+N67 -> 304.08627 | AQ68: 26.5 | AZ68: =($AH$5)/BA68 -> 23438.521 | BA68: =SUM(BA69:BA71) -> 0.8755102 | BB68: =SUM(BA69*BB69,BA71*BB71) -> 0.93111777 | BD68: =AK6*BA68 -> 0.70755888 | BE68: =($N$5/BD68) -> 23438.521 | BF68: =BE68-AZ68 -> 0
M69: Giá B4 | N69: =N68/($J$71/(1-$G$5))*1000 -> 13531.839 | AI69: NRV | AJ69: =V71 -> 0.02 | AK69: =N69/AK70 -> 17494.795 | AM69: 6000 | AP69: =AK69+AM69 -> 23494.795 | AQ69: =AP69/AQ68 -> 886.59605 | AZ69: =$AZ$68/$BB$68*BB69 -> 26789.036 | BA69: 0.85306122 | BB69: =BB11 -> 1.0642202 | BC69: Hạt nhựa rPET WSS01G 1
Z70: =N69/Z71 -> 15500.389 | AH70: =Z70/AH71 -> 17494.795 | AK70: =AH71*Z71 -> 0.773478 | AZ70: =AZ69-AZ71 -> 692.81989
J71: 20 | K71: 0.02 | L71: ='Giá mua Chai-Vảy (Giá giảm)'!H16 -> 0.018925649 | N71: Chai B4 | S71: Chai B4 | V71: 0.02 | W71: Băm | Z71: 0.873 | AB71: Chai 4 chưa rửa 1 | AE71: Rửa | AH71: =SUM(AH72:AH73) -> 0.886 | AJ71: Vảy B4_A1/A2 DT | AM71: Gia công | AP71: Dây Đai | AT71: Tạo hạt WSS01G | AX71: 100% B1.2_A2 DT (STAR 1) | AZ71: =$AZ$68/$BB$68*BB71 -> 26096.216 | BA71: 0.02244898 | BB71: =BB13 -> 1.0366972 | BC71: Hạt nhựa rPET WSS03G
Z73: =SUM(Z74:Z89) -> 0.127 | AH73: 0.886 | AI73: 100% | AJ73: Vảy B4_A3 DT | BA73: 0.044897959 | BC73: Hạt Nhựa rPET WSS01G 1 PL
Z74: 0.001 | AB74: Nhãn, PVC, OPP… | AH74: =SUM(AH75:AH89) -> 0.091
AH75: 0.005 | AJ75: Phó Sản PET Tomra Cổng 3
Z76: 0.005 | AB76: Phó Sản B1/B8 Nắp Chưa Băm
AH77: 0.028 | AJ77: Phó Sản PET Tuyển nổi 2
Z78: 0.042 | AB78: PET B4 Vảy-Nắp
AH79: 0.01 | AJ79: Phó Sản PET Bụi Cám Sau Sàn Rung
Z80: 0.027 | AB80: Phó Sản PET Bụi Tank A
AH81: 0.007 | AJ81: Phó Sản PET Bụi Tank B
Z82: 0.013 | AB82: Phó Sản PET Tromel
AH83: 0.005 | AJ83: Phó Sản PET Bụi Tank D
Z84: 0.01 | AB84: Phó Sản PET Zigzag_sau lựa
AH85: 0.004 | AJ85: Phó Sản PET Zigzag_Sau lựa
Z86: 0.008 | AB86: Phế khác
AH87: 0.032 | AJ87: Hao hụt | BA87: 0.021428571 | BC87: Phó Sản PET HAD
Z88: 0.021 | AB88: Hao hụt
BA89: 0.02244898 | BC89: Phó Sản PET Hạt Chưa Kết Tinh
M91: B0 | N91: =$E$5*$L$43 -> 356.96905
M92: CF | N92: =(($E$5+$H$5)*$G$5/(1-$G$5)+$H$5)*$L$96 -> 90.226438
M93: CF sau PB | N93: =N91+N92 -> 447.19549
M94: Giá B5 | N94: =N93/($J$43/(1-$G$5))*1000 -> 13266.799 | Z94: =N94/Z95 -> 14760.569 | AH94: =Z94/AH95 -> 16167.107 | AI94: NRV | AJ94: =V96 -> 0.05 | AK94: =N94/AK95 -> 16167.107
Z95: =SUM(Z96:Z99) -> 0.8988 | AH95: =SUM(AH96:AH101) -> 0.913 | AK95: =Z95*AH95 -> 0.8206044
J96: 20 | K96: 0.02 | L96: ='Giá mua Chai-Vảy (Giá giảm)'!H17 -> 0.018925649 | N96: Chai B5 | S96: Chai B5 | V96: 0.05 | W96: Băm | Z96: 0.5913 | AB96: Chai B5 chưa rửa 1 | AE96: Rửa | AH96: 0.075 | AI96: 100% | AJ96: Vảy B5_A1 DT | AM96: Tạo mẫu | AP96: Thành phẩm
Z98: 0.3075 | AB98: Chai B5 chưa rửa 2 | AH98: 0.769 | AI98: 80% | AJ98: Vảy B5_A2 DT
AH100: 0.069 | AI100: 60% | AJ100: Vảy B5_A3 DT
U101: =Z101+AH103 -> 0.18111281 | Z101: =SUM(Z102:Z119) -> 0.10111281
Z102: 0.0364 | AB102: Phó Sản PET B5 Vảy-Nắp
AH103: =SUM(AH104:AH117) -> 0.08
Z104: 0.0021 | AB104: Chai PET B4/B5/B6 sau phân loại | AH104: 0.002 | AJ104: Phó Sản PET Zigzag Sau Lựa
Z106: 0.0024 | AB106: Phó Sản PET Tromel | AH106: 0.005 | AJ106: Phó Sản PET tuyển nổi 2
Z108: 0.0074 | AB108: Phó Sản B1/B8 Nắp Chưa Băm | AH108: 0.035 | AJ108: Phó Sản PET Tomra Cổng 3
Z110: 0.0072 | AB110: Phó Sản PET Bụi Tank A | AH110: 0.02 | AJ110: Phó Sản PET Bụi Tank B
Z112: 0.00081281154 | AB112: Nhãn, PVC, OPP… | AH112: 0.005 | AJ112: Phó Sản PET Bụi LB
Z114: 0.0014 | AB114: Phế khác (dây, bao, kẽm..) | AH114: 0.006 | AJ114: Phó Sản PET Bụi Tank C
Z116: 0.0434 | AB116: Hao hụt | AH116: 0.007 | AJ116: Phó Sản PET Bụi Tank D
AH119: 0.007 | AJ119: Hao hụt
...

Sheet H_Tỷ lệ HH&PS (-PS)
M1: B0 | N1: =N2+N38+N66+N91+N120 -> 11800 | O1: =N3+N39+N67+N92+N121 -> 4644.4444 | Z1: HSTH Vảy A0_Tất cả | AA1: =AA5-N5 -> 1833.0501 | AC1: Vảy A0 | AH1: =AH5-Z5 -> 1541.1921 | AI1: =AI5-AA5 -> 1928.004 | AK1: HSTH Vảy A1 DT_Tất cả | AZ1: =AZ6-AH5 -> 490.85661 | BA1: Từ Vảy | BC1: Từ B0 | BD1: HSTH Hạt_Tất cả | CC1: =CC4/$CU$2 -> 70.375471 | CO1: =CO4/$CU$2 -> 48.070032 | DT1: Min | DU1: =DU6/$EG$1 -> 832.233 | DV1: =DV6/$EG$1 -> 597.18341 | DW1: =DW6/$EG$1 -> 280.54077 | DZ1: =DZ6/$EG$1 -> -12.143823 | EA1: =EA6/$EG$1 -> 83.2233 | EB1: =EB6/$EG$1 -> 75.507147 | EC1: =EC6/$EG$1 -> 0 | EE1: =SUM(DU1:EC1) -> 1856.5438 | EF1: =SUM(DV1:EC1) -> 1024.3108 | EG1: 26.5 | EI1: =EI6/($EG$1) -> 82 | EJ1: =EJ6/($EG$1) -> 44 | EK1: =EK6/($EG$1) -> 14 | EL1: =SUM(EI1:EK1) -> 140 | EN1: 140 | EO1: ='Hảo_R&D (Vảy sạch) (-PS)'!CG11 -> 56 | ER1: =ER10 -> 598.88734 | ES1: =ES10 -> 534.97975 | ET1: =ET10 -> 50 | EU1: =SUM(ER1:ET1) -> 1183.8671 | EW1: =EW10 -> 15870.515 | EX1: =EX10 -> 14176.963 | EY1: =EY10 -> 1325 | EZ1: =SUM(EW1:EY1) -> 31372.478 | FB1: =FB10 -> 569.52103 | FC1: =FC10 -> 29.366312 | FD1: =FD10 -> 394.97975 | FE1: =FE10 -> 140 | FF1: =FF10 -> 50 | FG1: =SUM(FB1:FF1) -> 1183.8671 | FI1: =FI10 -> 15092.307 | FJ1: =FJ10 -> 778.20727 | FK1: =FK10 -> 10466.963 | FL1: =FL10 -> 3710 | FM1: =FM10 -> 1325 | FN1: =SUM(FI1:FM1) -> 31372.478 | FP1: =(FF1+FE1)/FG1 -> 0.16049099 | FQ1: =FF1/FG1 -> 0.042234471 | GL1: Thực tế bán
M2: B1 | N2: =$E$5*$L$7 -> 7252.9491 | Z2: =$V$7*Z6+$V$43*Z42+$V$71*Z71+$V$125*Z124 -> 0.75989236 | AI2: NRV | AK2: =($V$7*AK6+$V$43*AK42+$V$71*AK70+$V$96*AK95+$V$125*AK124)/($V$125+$V$96+$V$71+$V$43+$V$7) -> 0.79912222 | BA2: =($BC$5*$BA$6+$BC$24*$BA$25+$BC$84*$BA$85+$BC$209*$BA$210)/0.53 -> 0.91786555 | BB2: NRV | BD2: =AVERAGE(BD6,BD25,BD46,BD65,BD85,BD104,BD122,BD145,BD210,BD241) -> 0.75940969 | BE2: =BA2*AK2 -> 0.73348676 | BF2: =BD2-BE2 -> 0.025922929 | BH2: Chai B0 | BI2: Tỷ lệ chai sau PL | BJ2: Tỷ trọng giá trị | BK2: Chai Sau PL | BL2: CF nhựa_ chai B0 sau phân loại | BS2: Chai Sau PL | BW2: Vảy A0 | CC2: =CC5/$CU$2 -> 122.29884 | CH2: Vảy A1 | CO2: =CO5/$CU$2 -> 75.983409 | CU2: 26.5 | CV2: =140/2 -> 70 | CY2: Vảy A1 | DF2: =DF5/$CU$2 -> 75.983409 | DL2: 26.5 | DM2: =140/2 -> 70 | DP2: Pro.Order | DR2: Hạt | DT2: Max | DU2: =DU7/$EG$1 -> 832.233 | DV2: =DV7/$EG$1 -> 597.18341 | DW2: =DW7/$EG$1 -> 367.66381 | DZ2: =DZ7/$EG$1 -> -12.143823 | EA2: =EA7/$EG$1 -> 83.2233 | EB2: =EB7/$EG$1 -> 105.54176 | EC2: =EC7/$EG$1 -> 0 | EE2: =SUM(DU2:EC2) -> 1973.7015 | EF2: =SUM(DV2:EC2) -> 1141.4685 | EI2: =EI7/($EG$1) -> 82 | EJ2: =EJ7/($EG$1) -> 44 | EK2: =EK7/($EG$1) -> 14 | EL2: =SUM(EI2:EK2) -> 140 | EN2: =EN1*EG1 -> 3710 | EO2: =EO6 -> 100 | ER2: =ER11 -> 598.88734 | ES2: =ES11 -> 674.09761 | ET2: =ET11 -> 50 | EU2: =SUM(ER2:ET2) -> 1322.985 | EW2: =EW11 -> 15870.515 | EX2: =EX11 -> 17863.587 | EY2: =EY11 -> 1325 | EZ2: =SUM(EW2:EY2) -> 35059.101 | FB2: =FB11 -> 569.52103 | FC2: =FC11 -> 29.366312 | FD2: =FD11 -> 534.09761 | FE2: =FE11 -> 140 | FF2: =FF11 -> 50 | FG2: =SUM(FB2:FF2) -> 1322.985 | FI2: =FI11 -> 15092.307 | FJ2: =FJ11 -> 778.20727 | FK2: =FK11 -> 14153.587 | FL2: =FL11 -> 3710 | FM2: =FM11 -> 1325 | FN2: =SUM(FI2:FM2) -> 35059.101 | FP2: =(FF2+FE2)/FG2 -> 0.14361463 | FQ2: =FF2/FG2 -> 0.037793325 | FZ2: U | GD2: Pepsi | GH2: Coke | GL2: Coke
M3: CF | N3: =(($E$5+$H$5)*$G$5/(1-$G$5)+$H$5)*$L$7 -> 2854.7389 | Q3: PB giá trị B0 => B1 | R3: HH B0 => B1 | S3: CFPL B0 | T3: Check | Z3: PB giá trị B1 => Vảy A0 | AA3: HH B1 => Vảy A0_Băm | AB3: CFPL B0 tớí Vảy A0 | AC3: Check | AH3: PB giá trị B1 => A1_DT | AI3: HH A0 =>A1_DT | AJ3: CFPL B0 tớí Vảy A1_DT | AK3: Check | BA3: PB giá trị B1 =>Hạt | BB3: HH Vảy A1_DT => Hạt | BC3: CFPL B0 tớí Hạt | BD3: Check | BH3: Tỷ lệ hao hụt | BL3: BO | BM3: Hao hụt công đoạn phân loại B0 | BO3: Nhựa /1kg | BP3: Cphi phí sx | BQ3: Chi phi phí sau phân loại | BR3: Nhựa /1kg | BS3: Cộng | BT3: =Q3 -> PB giá trị B0 => B1 | BU3: =S3 -> CFPL B0 | BV3: =R3 -> HH B0 => B1 | BX3: % thu hồi | CA3: =Z3 -> PB giá trị B1 => Vảy A0 | CB3: =$BU$3&" tới "&BW2 -> CFPL B0 tới Vảy A0 | CC3: CF Băm | CD3: Phó sản -CĐ Băm | CE3: =AA3 -> HH B1 => Vảy A0_Băm | CG3: Gía thành Vảy A0 | CI3: % thu hồi | CK3: CF nhựa_ Vảy A1_DT | CL3: =AH3 -> PB giá trị B1 => A1_DT | CM3: =$BU$3&" tới "&CH2&"_DT" -> CFPL B0 tới Vảy A1_DT | CN3: CF Băm | CO3: CF Rữa | CP3: Phó sản -CĐ Băm | CQ3: Phó sản CĐ Rữa | CR3: =AI3 -> HH A0 =>A1_DT | CT3: Giá thành Vảy_A1 DT | CU3: USD | CV3: USD | CW3: NRV_IN | CZ3: % thu hồi | DB3: CF nhựa_ Vảy A1_DT | DC3: =AH3 -> PB giá trị B1 => A1_DT | DD3: =AJ3 -> CFPL B0 tớí Vảy A1_DT | DE3: CF Băm | DF3: CF Rữa | DG3: Phó sản -CĐ Băm | DH3: Phó sản CĐ Rữa | DI3: =AI3 -> HH A0 =>A1_DT | DK3: Giá thành Vảy_A1 DT | DL3: USD | DM3: USD | DN3: NRV_IN | DS3: % thu hồi | DU3: CF nhựa_ Hạt | DV3: =BA3 -> PB giá trị B1 =>Hạt | DW3: =BC3 -> CFPL B0 tớí Hạt | DX3: Phó sản -CĐ Băm | DY3: Phó sản CĐ Rữa | DZ3: Phó sản CĐ tạo hạt | EA3: =BB3 -> HH Vảy A1_DT => Hạt | EB3: CF Tạo Hạt | EC3: CF Nâng IV (8h) | ED3: CF Nâng IV (10h) | EE3: Giá thành Hạt (VND) | EF3: Giá thành Vảy | EG3: Giá thành Hạt (USD) | EI3: CF BH | EJ3: CFQL | EK3: CF TC | EL3: TC | EM3: Điểm hòa vốn (D+E) _VND | EN3: Điểm hòa vốn (D+E) _USD | EO3: LN MM | EP3: Gía bán theo giá trị | ER3: CF nhựa_ Hạt | ES3: Chi phí SX | ET3: LN MM | EU3: Gíá V HB | EW3: CF nhựa_ Hạt | EX3: Chi phí SX | EY3: LN MM | EZ3: Gíá V HB | FB3: CF nhựa_ Hạt | FC3: Hao hụt về tiền | FD3: Chi phí SX | FE3: CP quản lý, bán hàng, lãi vay | FF3: LN MM | FG3: Gíá bán theo giá trị | FI3: CF nhựa_ Hạt | FJ3: Hao hụt về tiền | FK3: Chi phí SX | FL3: CP quản lý, bán hàng, lãi vay | FM3: LN MM | FN3: Gíá bán theo giá trị | FP3: % LG mới | FQ3: % LNST | FS3: KTQT | FT3: LG mới-PS-KTQT | FU3: % LG mới-PS-KTQT | FV3: Cao hơn(+) /Thấp hơn (-) | FW3: Room | FZ3: Giá bán | GA3: LG | GB3: %LG | GD3: Giá bán | GE3: LG | GF3: %LG | GH3: Giá bán | GI3: LG | GJ3: %LG | GL3: Giá bán | GM3: LG | GN3: %LG
E4: Giá Mua | G4: Tỷ lệ HH | H4: CF PL | J4: Gram | K4: Tỷ lệ BOM | L4: NRV | M4: CF sau PB | N4: =N2+N3 -> 10107.688 | O4: =(N4*(1-G5))/J7 -> 17.163999 | Z4: =Q5/$Z$6 -> 14133.913 | AA4: =R5/$Z$6 -> 1969.6978 | AB4: =S5/$Z$6 -> 3593.3676 | AC4: =Z5-Z4-AA4-AB4 -> 0 | AH4: =Z4/$AH$6 -> 15239.822 | AI4: =AA4/$AH$6 -> 2123.817 | AJ4: =AB4/$AH$6 -> 3874.531 | AK4: =AH5-AH4-AI4-AJ4 -> 0 | BA4: =AH4/$BA$6 -> 15825.36 | BB4: =AI4/$BA$6 -> 2205.4175 | BC4: =AJ4/$BA$6 -> 4023.3967 | BD4: =BA5-BA4-BB4-BC4 -> 0 | BH4: =$E$5 -> 11800 | BZ4: =BZ5-BZ6 -> 0 | CC4: =CC6 -> 1864.95 | CK4: =CK5-CK6 -> 0 | CO4: =CO6 -> 1273.8558 | CZ4: NRV | DB4: =DB5-DB6 -> 0 | DF4: =DF6 -> 1273.8558 | DT4: =BS6/DT5 -> 22054.175 | DU4: =DU5-DU6 -> 3410.9336 | DW4: =(DE6+DF6)/$DS$5 -> 3410.9336 | EB4: =[1]TH!$O$10 -> 2000.9394 | EC4: =[1]TH!$O$11 -> 1376.0623 | ED4: =[1]TH!$O$12 -> 2332 | EI4: 82 | EJ4: 44 | EK4: 14 | EL4: =SUM(EI4:EK4) -> 140 | ER4: =ER1/$EU1 -> 0.5058738 | ES4: =ES1/$EU1 -> 0.45189173 | ET4: =ET1/$EU1 -> 0.042234471 | EU4: =EU1/$EU1 -> 1 | EW4: =EW1/$EZ1 -> 0.5058738 | EX4: =EX1/$EZ1 -> 0.45189173 | EY4: =EY1/$EZ1 -> 0.042234471 | EZ4: =EZ1/$EZ1 -> 1 | FB4: =FB1/$FG1 -> 0.48106839 | FC4: =FC1/$FG1 -> 0.024805413 | FD4: =FD1/$FG1 -> 0.33363521 | FE4: =FE1/$FG1 -> 0.11825652 | FF4: =FF1/$FG1 -> 0.042234471 | FG4: =FG1/$FG1 -> 1 | FI4: =FI1/$FN1 -> 0.48106839 | FJ4: =FJ1/$FN1 -> 0.024805413 | FK4: =FK1/$FN1 -> 0.33363521 | FL4: =FL1/$FN1 -> 0.11825652 | FM4: =FM1/$FN1 -> 0.042234471 | FN4: =FN1/$FN1 -> 1
E5: 11800 | G5: 0.1 | H5: 3000 | M5: Giá B1 | N5: =N4/($J$7/(1-$G$5))*1000 -> 17163.999 | O5: ='Giá mua Chai-Vảy'!E14 -> 16300 | P5: =N5-O5 -> 863.99858 | Q5: ='Giá mua Chai-Vảy (Giá giảm)'!I24 -> 12316.329 | R5: ='Giá mua Chai-Vảy (Giá giảm)'!K24 -> 1716.3999 | S5: ='Giá mua Chai-Vảy (Giá giảm)'!L24 -> 3131.27 | T5: =N5-Q5-R5-S5 -> 0 | Y5: =Z5-N5-AA12-AA30 -> 1094.9982 | Z5: =N5/Z6 -> 19696.978 | AA5: =Z5-AA12 -> 18997.049 | AH5: =Z5/AH6 -> 21238.17 | AI5: =AH5-AI20 -> 20925.053 | AJ5: =V7 -> 0.53 | AK5: =N5/AK6 -> 21238.17 | AZ5: =$AZ$7-$BA$5 -> 610.25864 | BA5: =AH5/BA6 -> 22054.175 | BB5: =BA5-BB17 -> 21732.363 | BC5: ='Hảo_R&D (Vảy sạch)'!BR2 -> 0.066666667 | BD5: HS TH Hạt | BE5: Check từ B0 | BH5: =G5 -> 0.1 | BJ5: =H5 -> 3000 | BX5: =Z6 -> 0.87140264 | BZ5: =CA6+CB6+CE6 -> 19696.978 | CC5: =CC7 -> 3240.9193 | CD5: =CE5/CU2 -> 51.92337 | CE5: =CC5-CC4 -> 1375.9693 | CI5: =AH6 -> 0.92743291 | CK5: =CL6+CM6+CR6 -> 21238.17 | CO5: =CO7 -> 2013.5603 | CQ5: =CR5/DW2 -> 2.0119045 | CR5: =CO5-CO4 -> 739.70448 | CT5: =CG6/CI5 -> 22494.348 | CZ5: =AH6 -> 0.92743291 | DB5: =DC6+DD6+DI6 -> 21238.17 | DF5: =DF7 -> 2013.5603 | DH5: =DI5/EN2 -> 0.19938126 | DI5: =DF5-DF4 -> 739.70448 | DP5: =AT11 -> Tạo hạt iSS01084G | DS5: =BA6 -> 0.963 | DT5: =BD6 -> 0.77826529 | DU5: =DV6+DW6+EA6 -> 25465.108 | EB5: =[1]TH!$Q$10 -> 2796.8565 | EC5: =[1]TH!$Q$11 -> 2064.9528 | ED5: =[1]TH!$Q$12 -> 2634 | EE5: =DK6/DS5 -> 24413.139 | EF5: =EE6-EF6 -> 4914.4142 | EI5: =EI4*26.5 -> 2173 | EJ5: =EJ4*26.5 -> 1166 | EK5: =EK4*26.5 -> 371 | EL5: =SUM(EI5:EK5) -> 3710 | ER5: =ER2/$EU2 -> 0.45267888 | ES5: =ES2/$EU2 -> 0.5095278 | ET5: =ET2/$EU2 -> 0.037793325 | EU5: =EU2/$EU2 -> 1 | EW5: =EW2/$EZ2 -> 0.45267888 | EX5: =EX2/$EZ2 -> 0.5095278 | EY5: =EY2/$EZ2 -> 0.037793325 | EZ5: =EZ2/$EZ2 -> 1 | FB5: =FB2/$FG2 -> 0.43048187 | FC5: =FC2/$FG2 -> 0.022197011 | FD5: =FD2/$FG2 -> 0.40370649 | FE5: =FE2/$FG2 -> 0.10582131 | FF5: =FF2/$FG2 -> 0.037793325 | FG5: =FG2/$FG2 -> 1 | FI5: =FI2/$FN2 -> 0.43048187 | FJ5: =FJ2/$FN2 -> 0.022197011 | FK5: =FK2/$FN2 -> 0.40370649 | FL5: =FL2/$FN2 -> 0.10582131 | FM5: =FM2/$FN2 -> 0.037793325 | FN5: =FN2/$FN2 -> 1
Z6: =SUM(Z7:Z9) -> 0.87140264 | AH6: =SUM(AH7:AH16) -> 0.92743291 | AI6: =SUM(AH7*AI7,AH9*AI9,AH11*AI11,AH13*AI13,AH15*AI15) -> 0.75153844 | AK6: =Z6*AH6 -> 0.80816749 | AL6: =SUM(AL7:AL16) -> 3.3 | AZ6: =AI5/BA6 -> 21729.027 | BA6: =SUM(BA7:BA13) -> 0.963 | BB6: =SUM(BA7*BB7,BA9*BB9,BA11*BB11,BA13*BB13) -> 1.0994587 | BD6: =AK6*BA6 -> 0.77826529 | BE6: =N5/BD6 -> 22054.175 | BF6: =BE6-AZ6 -> 325.14785 | BH6: =V7 -> 0.53 | BI6: 530 | BJ6: ='Giá mua Chai-Vảy (Giá giảm)'!H14 -> 0.61465671 | BK6: =N7 -> Chai B1 | BL6: =BJ6*$BH$4/(1-$BH$5)-BM6 -> 7252.9491 | BM6: =BJ6*$BH$4*$BH$5/(1-$BH$5) -> 805.88324 | BN6: =BL6+BM6 -> 8058.8324 | BO6: =BN6/(BI6/(1-$BH$5))*1000 -> 13684.81 | BP6: =($BJ$5+$BJ$5*$BH$5/(1-$BH$5))*BJ6 -> 2048.8557 | BQ6: =BL6+BM6+BP6 -> 10107.688 | BR6: =BQ6/(BI6/(1-$BH$5))*1000 -> 17163.999 | BS6: =N5 -> 17163.999 | BT6: =Q5 -> 12316.329 | BU6: =S5 -> 3131.27 | BV6: =R5 -> 1716.3999 | BW6: =LEFT($BW$2,3)&" "&RIGHT(BK6,2)&"_"&RIGHT($BW$2,3) -> Vảy B1_ A0 | BY6: Min | BZ6: =BS6/BX5 -> 19696.978 | CA6: =Z4 -> 14133.913 | CB6: =AB4 -> 3593.3676 | CC6: =[1]TH!$O$6 -> 1864.95 | CD6: =-AA12 -> -699.92929 | CE6: =AA4 -> 1969.6978 | CG6: =SUM(CA6:CE6) -> 20861.999 | CH6: =LEFT($CH$2,3)&" "&RIGHT(BK6,2)&"_"&RIGHT($CH$2,3)&" DT" -> Vảy B1_ A1 DT | CJ6: Min | CK6: =BZ6/CI5 -> 21238.17 | CL6: =CA6/$CI$5 -> 15239.822 | CM6: =CB6/$CI$5 -> 3874.531 | CN6: =CC6/$CI$5 -> 2010.8732 | CO6: =[1]TH!$O$7 -> 1273.8558 | CP6: =CD6 -> -699.92929 | CQ6: =-AI20 -> -313.11738 | CR6: =CE6/CI5 -> 2123.817 | CT6: =SUM(CL6:CR6) -> 23509.852 | CU6: =CT6/$CU$2 -> 887.16424 | CV6: =$CV$2+CU6 -> 957.16424 | CW6: =CV6/$CV$12 -> 1.1951037 | CY6: =LEFT($CH$2,3)&" "&RIGHT(BK6,2)&"_"&RIGHT($CH$2,3)&" DT" -> Vảy B1_ A1 DT | DA6: Min | DB6: =BZ6/CZ5 -> 21238.17 | DC6: =CL6 -> 15239.822 | DD6: =CM6 -> 3874.531 | DE6: =CN6 -> 2010.8732 | DF6: =CO6 -> 1273.8558 | DG6: =CP6 -> -699.92929 | DH6: =CQ6 -> -313.11738 | DI6: =CR6 -> 2123.817 | DK6: =SUM(DC6:DI6) -> 23509.852 | DL6: =DK6/$CU$2 -> 887.16424 | DM6: =$CV$2+DL6 -> 957.16424 | DN6: =DM6/$DM$12 -> 1.8637024 | DQ6: =AX11 -> 100%B1.A1,A2 | DR6: =BC7 -> Hạt rPET iSS01084G | DT6: Min | DU6: =DB6/$DS$5 -> 22054.175 | DV6: =DC6/$DS$5 -> 15825.36 | DW6: =(DD6+DE6+DF6)/$DS$5 -> 7434.3303 | DX6: =DG6/$DS$5 -> -726.82169 | DY6: =DH6/$DS$5 -> -325.14785 | DZ6: =-BB17 -> -321.81131 | EA6: =DI6/$DS$5 -> 2205.4175 | EB6: =EB4 -> 2000.9394 | ED6: =ED4 -> 2332 | EE6: =SUM(DV6:ED6) -> 28424.267 | EF6: =CT6 -> 23509.852 | EG6: =EE6/$EG$1 -> 1072.6138 | EI6: =EI5 -> 2173 | EJ6: =EJ5 -> 1166 | EK6: =EK5 -> 371 | EL6: =SUM(EI6:EK6) -> 3710 | EM6: =EE6+EL6 -> 32134.267 | EN6: =EG6+$EN$1 -> 1212.6138 | EO6: 100 | EP6: =EN6+EO6 -> 1312.6138 | ER6: =SUM(DV6,EA6,DX6:DZ6)/$EG$1 -> 628.56592 | ES6: =(SUM(DW6,EB6,EC6:ED6,EI6:EK6))/$EG$1 -> 584.04791 | ET6: =EO6 -> 100 | EU6: =SUM(ER6:ET6) -> 1312.6138 | EW6: =SUM(DV6,EA6,DX6:DZ6) -> 16656.997 | EX6: =SUM(DW6,EB6,EC6,EI6:EK6) -> 13145.27 | EY6: =EO6*$EG$1 -> 2650 | EZ6: =SUM(EW6:EY6) -> 32452.267 | FB6: =DV6/$EG$1 -> 597.18341 | FC6: =SUM(DX6:EA6)/$EG$1 -> 31.382514 | FD6: =SUM(DW6,EB6,EC6:ED6)/$EG$1 -> 444.04791 | FE6: =SUM(EI6:EK6)/$EG$1 -> 140 | FF6: =ET6 -> 100 | FG6: =SUM(FB6:FF6) -> 1312.6138 | FH6: =FG6-EU6 -> 0 | FI6: =DV6 -> 15825.36 | FJ6: =SUM(DX6:EA6) -> 831.63661 | FK6: =SUM(DW6,EB6,EC6) -> 9435.2697 | FL6: =SUM(EI6:EK6) -> 3710 | FM6: =EY6 -> 2650 | FN6: =SUM(FI6:FM6) -> 32452.267 | FO6: =FN6-EZ6 -> 0 | FP6: =(FF6+FE6)/FG6 -> 0.18284128 | FQ6: =FF6/FG6 -> 0.076183868 | FS6: ='Hảo_R&D (Vảy sạch) (-PS)'!CP2 -> 1470 | FT6: =FS6-SUM(FB6:FD6) -> 397.38616 | FU6: =FT6/FS6 -> 0.27033072 | FV6: =FS6-FG6 -> 157.38616 | FW6: =FV6/FS6 -> 0.10706542 | FY6: =DR6 -> Hạt rPET iSS01084G
E7: Chai B0 | H7: Phân loại | J7: 530 | K7: 0.53 | L7: ='Giá mua Chai-Vảy (Giá giảm)'!H14 -> 0.61465671 | N7: Chai B1 | S7: Chai B1.1 Sau phân loại | V7: 0.53 | W7: Băm | Z7: 0.43017946 | AB7: Chai 1.1 chưa rửa 1 | AG7: =$AI$5*AL7 -> 20925.053 | AH7: 0.46161477 | AI7: 100% | AJ7: Vảy B1_A1 DT | AL7: =AI7/$AI$7 -> 1 | AM7: Tạo mẫu | AR7: Thành phẩm | AZ7: =$AZ$6/$BB$6*BB7 -> 22664.433 | BA7: 0.907 | BB7: ='Hảo_R&D (Vảy sạch)'!$BH$2 -> 1.146789 | BC7: Hạt rPET iSS01084G | BX7: =$Z42 -> 0.9093 | BY7: Max | BZ7: =BZ6 -> 19696.978 | CA7: =CA6 -> 14133.913 | CB7: =CB6 -> 3593.3676 | CC7: =[1]TH!$Q$6 -> 3240.9193 | CD7: =CD6 -> -699.92929 | CE7: =CE6 -> 1969.6978 | CG7: =SUM(CA7:CE7) -> 22237.968 | CI7: =AH42 -> 0.9403 | CJ7: Max | CK7: =CK6 -> 21238.17 | CL7: =CL6 -> 15239.822 | CM7: =AJ4 -> 3874.531 | CN7: =+CC7/$CI$5 -> 3494.5054 | CO7: =[1]TH!$Q$7 -> 2013.5603 | CP7: =CD7 -> -699.92929 | CQ7: =CQ6 -> -313.11738 | CR7: =CR6 -> 2123.817 | CT7: =SUM(CL7:CR7) -> 25733.189 | CU7: =CT7/$CU$2 -> 971.06374 | CV7: =$CV$2+CU7 -> 1041.0637 | CZ7: 1 | DA7: Max | DB7: =DB6 -> 21238.17 | DC7: =DC6 -> 15239.822 | DD7: =CM7 -> 3874.531 | DE7: =CN7 -> 3494.5054 | DF7: =CO7 -> 2013.5603 | DG7: =CP7 -> -699.92929 | DH7: =DH6 -> -313.11738 | DI7: =DI6 -> 2123.817 | DK7: =SUM(DC7:DI7) -> 25733.189 | DL7: =DK7/$CU$2 -> 971.06374 | DM7: =$CV$2+DL7 -> 1041.0637 | DT7: Max | DU7: =DU6 -> 22054.175 | DV7: =DV6 -> 15825.36 | DW7: =(DD7+DE7+DF7)/$DS$5 -> 9743.0911 | DX7: =DG7/$DS$5 -> -726.82169 | DY7: =DH7/$DS$5 -> -325.14785 | DZ7: =DZ6 -> -321.81131 | EA7: =EA6 -> 2205.4175 | EB7: =EB5 -> 2796.8565 | ED7: =ED5 -> 2634 | EE7: =SUM(DV7:ED7) -> 31830.945 | EF7: =EE8-EF8 -> 4385.6912 | EG7: =EE7/$EG$1 -> 1201.1677 | EI7: =EI6 -> 2173 | EJ7: =EJ6 -> 1166 | EK7: =EK6 -> 371 | EL7: =SUM(EI7:EK7) -> 3710 | EM7: =EE7+EL7 -> 35540.945 | EN7: =EG7+$EN$1 -> 1341.1677 | EO7: 100 | EP7: =EN7+EO7 -> 1441.1677 | ER7: =SUM(DV7,EA7,DX7:DZ7)/$EG$1 -> 628.56592 | ES7: =(SUM(DW7,EB7,EC7:ED7,EI7:EK7))/$EG$1 -> 712.6018 | ET7: =EO7 -> 100 | EU7: =SUM(ER7:ET7) -> 1441.1677 | EW7: =SUM(DV7,EA7,DX7:DZ7) -> 16656.997 | EX7: =SUM(DW7,EB7,EC7,EI7:EK7) -> 16249.948 | EY7: =EO7*$EG$1 -> 2650 | EZ7: =SUM(EW7:EY7) -> 35556.945 | FB7: =DV7/$EG$1 -> 597.18341 | FC7: =SUM(DX7:EA7)/$EG$1 -> 31.382514 | FD7: =SUM(DW7,EB7,EC7:ED7)/$EG$1 -> 572.6018 | FE7: =SUM(EI7:EK7)/$EG$1 -> 140 | FF7: =ET7 -> 100 | FG7: =SUM(FB7:FF7) -> 1441.1677 | FH7: =FG7-EU7 -> 0 | FI7: =DV7 -> 15825.36 | FJ7: =SUM(DX7:EA7) -> 831.63661 | FK7: =SUM(DW7,EB7,EC7) -> 12539.948 | FL7: =SUM(EI7:EK7) -> 3710 | FM7: =EY7 -> 2650 | FN7: =SUM(FI7:FM7) -> 35556.945 | FO7: =FN7-EZ7 -> 0 | FP7: =(FF7+FE7)/FG7 -> 0.16653162 | FQ7: =FF7/FG7 -> 0.069388176 | FS7: =FS6 -> 1470 | FT7: =FS7-SUM(FB7:FD7) -> 268.83228 | FU7: =FT7/FS7 -> 0.1828791 | FV7: =FS7-FG7 -> 28.832278 | FW7: =FV7/FS7 -> 0.019613795 | FY7: =DR7 -> 0
AE8: Rửa | AZ8: =$AZ$9-$BA$5 -> -477.63415 | BH8: =V43 -> 0.03 | BI8: 30 | BJ8: ='Giá mua Chai-Vảy (Giá giảm)'!H15 -> 0.031590181 | BK8: =N43 -> Chai B2.2 | BL8: =BJ8*$BH$4/(1-$BH$5)-BM8 -> 372.76414 | BM8: =BJ8*$BH$4*$BH$5/(1-$BH$5) -> 41.418238 | BN8: =BL8+BM8 -> 414.18238 | BO8: =BN8/(BI8/(1-$BH$5))*1000 -> 12425.471 | BP8: =($BJ$5+$BJ$5*$BH$5/(1-$BH$5))*BJ8 -> 105.3006 | BQ8: =BL8+BM8+BP8 -> 519.48298 | BR8: =BQ8/(BI8/(1-$BH$5))*1000 -> 15584.49 | BS8: =N41 -> 15584.49 | BT8: =Q41 -> 11182.924 | BU8: =S41 -> 2843.1163 | BV8: =R41 -> 1558.449 | BW8: =LEFT($BW$2,3)&" "&RIGHT(BK8,5)&"_"&RIGHT($BW$2,3) -> Vảy B2.2 _ A0 | BY8: Min | BZ8: =BS8/BX7 -> 17138.996 | CA8: =Z40 -> 12298.388 | CB8: =AB40 -> 3126.7088 | CC8: =CC6 -> 1864.95 | CD8: =-AA48 -> -707.44548 | CE8: =AA40 -> 1713.8996 | CG8: =SUM(CA8:CE8) -> 18296.501 | CH8: =LEFT($CH$2,3)&" "&RIGHT(BK8,5)&"_"&RIGHT($CH$2,3)&" DT" -> Vảy B2.2 _ A1 DT | CJ8: Min | CK8: =BZ8/CI7 -> 18227.158 | CL8: =AH40 -> 13079.217 | CM8: =AJ40 -> 3325.2247 | CN8: =+CC8/$CI$7 -> 1983.3564 | CO8: =CO6 -> 1273.8558 | CP8: =CD8 -> -707.44548 | CQ8: =-AI50 -> -45.990237 | CR8: =AI40 -> 1822.7158 | CT8: =SUM(CL8:CR8) -> 20730.934 | CU8: =CT8/$CU$2 -> 782.29941 | CV8: =$CV$2+CU8 -> 852.29941 | CW8: =CV8/$CV$12 -> 1.0641707 | CY8: =LEFT($CH$2,3)&" "&RIGHT($BK$6,2)&"_"&"A"&"2.1"&" DT" -> Vảy B1_A2.1 DT | DA8: Min | DB8: =DB6*$CZ$9 -> 16990.536 | DC8: =DC6*$CZ$9 -> 12191.858 | DD8: =DD6*$CZ$9 -> 3099.6248 | DE8: =DE6*$CZ$9 -> 1608.6986 | DF8: =DF6*$CZ$9 -> 1019.0847 | DG8: =DG6*$CZ$9 -> -559.94343 | DH8: =DH6*$CZ$9 -> -250.4939 | DI8: =DI6*$CZ$9 -> 1699.0536 | DK8: =SUM(DC8:DI8) -> 18807.882 | DL8: =DK8/$CU$2 -> 709.7314 | DM8: =$CV$2+DL8 -> 779.7314 | DN8: =DM8/$DM$12 -> 1.5182215 | DQ8: =DQ6 -> 100%B1.A1,A2 | DR8: =BC9 -> Hạt rPET iSS01G | DT8: Min | DU8: =AZ9 -> 21576.54 | DV8: =DV$6/$DU$6*$DU8 -> 15482.626 | DW8: =DW$6/$DU$6*$DU8 -> 7273.3227 | DX8: =DX$6/$DU$6*$DU8 -> -711.08068 | DY8: =DY$6/$DU$6*$DU8 -> -318.10602 | DZ8: =DZ6 -> -321.81131 | EA8: =EA$6/$DU$6*$DU8 -> 2157.654 | EB8: =EB6 -> 2000.9394 | ED8: =ED4 -> 2332 | EE8: =SUM(DV8:ED8) -> 27895.544 | EF8: =EF6 -> 23509.852 | EG8: =EE8/$EG$1 -> 1052.662 | EI8: =EI6 -> 2173 | EJ8: =EJ6 -> 1166 | EK8: =EK6 -> 371 | EL8: =SUM(EI8:EK8) -> 3710 | EM8: =EE8+EL8 -> 31605.544 | EN8: =EG8+$EN$1 -> 1192.662 | EO8: 70 | EP8: =EN8+EO8 -> 1262.662 | ER8: =SUM(DV8,EA8,DX8:DZ8)/$EG$1 -> 614.68987 | ES8: =(SUM(DW8,EB8,EC8:ED8,EI8:EK8))/$EG$1 -> 577.97215 | ET8: =EO8 -> 70 | EU8: =SUM(ER8:ET8) -> 1262.662 | EW8: =SUM(DV8,EA8,DX8:DZ8) -> 16289.282 | EX8: =SUM(DW8,EB8,EC8,EI8:EK8) -> 12984.262 | EY8: =EO8*$EG$1 -> 1855 | EZ8: =SUM(EW8:EY8) -> 31128.544 | FB8: =DV8/$EG$1 -> 584.25002 | FC8: =SUM(DX8:EA8)/$EG$1 -> 30.43985 | FD8: =SUM(DW8,EB8,EC8:ED8)/$EG$1 -> 437.97215 | FE8: =SUM(EI8:EK8)/$EG$1 -> 140 | FF8: =ET8 -> 70 | FG8: =SUM(FB8:FF8) -> 1262.662 | FH8: =FG8-EU8 -> 0 | FI8: =DV8 -> 15482.626 | FJ8: =SUM(DX8:EA8) -> 806.65603 | FK8: =SUM(DW8,EB8,EC8) -> 9274.2621 | FL8: =SUM(EI8:EK8) -> 3710 | FM8: =EY8 -> 1855 | FN8: =SUM(FI8:FM8) -> 31128.544 | FO8: =FN8-EZ8 -> 0 | FP8: =(FF8+FE8)/FG8 -> 0.16631529 | FQ8: =FF8/FG8 -> 0.05543843 | FS8: ='Hảo_R&D (Vảy sạch) (-PS)'!DN3 -> 1410 | FT8: =FS8-SUM(FB8:FD8) -> 357.33797 | FU8: =FT8/FS8 -> 0.25343119 | FV8: =FS8-FG8 -> 147.33797 | FW8: =FV8/FS8 -> 0.10449502 | FY8: =DR8 -> Hạt rPET iSS01G
Z9: 0.44122318 | AB9: Chai 1.1 chưa rửa 2 | AG9: =$AI$5*AL9 -> 16740.042 | AH9: 0.095080369 | AI9: 80% | AJ9: Vảy B1_A2.1 DT | AL9: =AI9/$AI$7 -> 0.8 | AZ9: =$AZ$6/$BB$6*BB9 -> 21576.54 | BA9: 0.023 | BB9: ='Hảo_R&D (Vảy sạch)'!BH3 -> 1.0917431 | BC9: Hạt rPET iSS01G | BX9: =$Z71 -> 0.873 | BY9: Max | BZ9: =BZ8 -> 17138.996 | CA9: =CA8 -> 12298.388 | CB9: =CB8 -> 3126.7088 | CC9: =CC7 -> 3240.9193 | CD9: =CD8 -> -707.44548 | CE9: =CE8 -> 1713.8996 | CG9: =SUM(CA9:CE9) -> 19672.47 | CI9: =AH71 -> 0.886 | CJ9: Max | CK9: =CK8 -> 18227.158 | CL9: =CL8 -> 13079.217 | CM9: =AJ40 -> 3325.2247 | CN9: =+CC9/$CI$7 -> 3446.6865 | CO9: =CO7 -> 2013.5603 | CP9: =CD9 -> -707.44548 | CQ9: =CQ8 -> -45.990237 | CR9: =CR8 -> 1822.7158 | CT9: =SUM(CL9:CR9) -> 22933.969 | CU9: =CT9/$CU$2 -> 865.43279 | CV9: =$CV$2+CU9 -> 935.43279 | CZ9: 0.8 | DA9: Max | DB9: =DB7*$CZ$9 -> 16990.536 | DC9: =DC7*$CZ$9 -> 12191.858 | DD9: =DD7*$CZ$9 -> 3099.6248 | DE9: =DE7*$CZ$9 -> 2795.6043 | DF9: =DF7*$CZ$9 -> 1610.8483 | DG9: =DG7*$CZ$9 -> -559.94343 | DH9: =DH7*$CZ$9 -> -250.4939 | DI9: =DI7*$CZ$9 -> 1699.0536 | DK9: =SUM(DC9:DI9) -> 20586.551 | DL9: =DK9/$CU$2 -> 776.85099 | DM9: =$CV$2+DL9 -> 846.85099 | DT9: Max | DU9: =DU8 -> 21576.54 | DV9: =DV7/$DU$7*$DU9 -> 15482.626 | DW9: =DW7/$DU$7*$DU9 -> 9532.0819 | DX9: =DX7/$DU$7*$DU9 -> -711.08068 | DY9: =DY7/$DU$7*$DU9 -> -318.10602 | DZ9: =DZ8 -> -321.81131 | EA9: =EA8 -> 2157.654 | EB9: =EB7 -> 2796.8565 | ED9: =ED5 -> 2634 | EE9: =SUM(DV9:ED9) -> 31252.22 | EF9: =EE10-EF10 -> 2827.6255 | EG9: =EE9/$EG$1 -> 1179.3291 | EI9: =EI7 -> 2173 | EJ9: =EJ7 -> 1166 | EK9: =EK7 -> 371 | EL9: =SUM(EI9:EK9) -> 3710 | EM9: =EE9+EL9 -> 34962.22 | EN9: =EG9+$EN$1 -> 1319.3291 | EO9: 70 | EP9: =EN9+EO9 -> 1389.3291 | ER9: =SUM(DV9,EA9,DX9:DZ9)/$EG$1 -> 614.68987 | ES9: =(SUM(DW9,EB9,EC9:ED9,EI9:EK9))/$EG$1 -> 704.63919 | ET9: =EO9 -> 70 | EU9: =SUM(ER9:ET9) -> 1389.3291 | EW9: =SUM(DV9,EA9,DX9:DZ9) -> 16289.282 | EX9: =SUM(DW9,EB9,EC9,EI9:EK9) -> 16038.938 | EY9: =EO9*$EG$1 -> 1855 | EZ9: =SUM(EW9:EY9) -> 34183.22 | FB9: =DV9/$EG$1 -> 584.25002 | FC9: =SUM(DX9:EA9)/$EG$1 -> 30.43985 | FD9: =SUM(DW9,EB9,EC9:ED9)/$EG$1 -> 564.63919 | FE9: =SUM(EI9:EK9)/$EG$1 -> 140 | FF9: =ET9 -> 70 | FG9: =SUM(FB9:FF9) -> 1389.3291 | FH9: =FG9-EU9 -> 0 | FI9: =DV9 -> 15482.626 | FJ9: =SUM(DX9:EA9) -> 806.65603 | FK9: =SUM(DW9,EB9,EC9) -> 12328.938 | FL9: =SUM(EI9:EK9) -> 3710 | FM9: =EY9 -> 1855 | FN9: =SUM(FI9:FM9) -> 34183.22 | FO9: =FN9-EZ9 -> 0 | FP9: =(FF9+FE9)/FG9 -> 0.1511521 | FQ9: =FF9/FG9 -> 0.050384032 | FS9: =FS8 -> 1410 | FT9: =FS9-SUM(FB9:FD9) -> 230.67094 | FU9: =FT9/FS9 -> 0.16359641 | FV9: =FS9-FG9 -> 20.67094 | FW9: =FV9/FS9 -> 0.014660241 | FY9: =DR9 -> 0
AZ10: =$AZ$11-$BA$5 -> -1021.5806 | BH10: =V71 -> 0.02 | BI10: 20 | BJ10: ='Giá mua Chai-Vảy (Giá giảm)'!H16 -> 0.018925649 | BK10: =N71 -> Chai B4 | BL10: =BJ10*$BH$4/(1-$BH$5)-BM10 -> 223.32266 | BM10: =BJ10*$BH$4*$BH$5/(1-$BH$5) -> 24.813629 | BN10: =BL10+BM10 -> 248.13629 | BO10: =BN10/(BI10/(1-$BH$5))*1000 -> 11166.133 | BP10: =($BJ$5+$BJ$5*$BH$5/(1-$BH$5))*BJ10 -> 63.085497 | BQ10: =BL10+BM10+BP10 -> 311.22179 | BR10: =BQ10/(BI10/(1-$BH$5))*1000 -> 14004.98 | BS10: =N69 -> 14004.98 | BT10: =Q69 -> 10049.52 | BU10: =S69 -> 2554.9626 | BV10: =R69 -> 1400.498 | BW10: =LEFT($BW$2,3)&" "&RIGHT(BK10,2)&"_"&RIGHT($BW$2,3) -> Vảy B4_ A0 | BY10: Min | BZ10: =BS10/BX9 -> 16042.36 | CA10: =Z68 -> 11511.477 | CB10: =AB68 -> 2926.6468 | CC10: =CC6 -> 1864.95 | CD10: =-AA73 -> -673.2 | CE10: =AA68 -> 1604.236 | CG10: =SUM(CA10:CE10) -> 17234.11 | CH10: =LEFT($CH$2,3)&" "&RIGHT(BK10,2)&"_"&RIGHT($CH$2,3)&" DT" -> Vảy B4_ A1 DT | CJ10: Min | CK10: =BZ10/CI9 -> 18106.501 | CL10: =AH68 -> 12992.638 | CM10: =AJ68 -> 3303.2131 | CN10: =+CC10/$CI$9 -> 2104.9097 | CO10: =CO6 -> 1273.8558 | CP10: =CD10 -> -673.2 | CQ10: =-AI74 -> -453 | CR10: =AI68 -> 1810.6501 | CT10: =SUM(CL10:CR10) -> 20359.067 | CU10: =CT10/$CU$2 -> 768.26667 | CV10: =$CV$2+CU10 -> 838.26667 | CW10: =CV10/$CV$12 -> 1.0466496 | CY10: =LEFT($CH$2,3)&" "&RIGHT($BK$6,2)&"_"&"A"&"2.2"&" DT" -> Vảy B1_A2.2 DT | DA10: Min | DB10: =DB6*$CZ$11 -> 12742.902 | DC10: =DC6*$CZ$11 -> 9143.8932 | DD10: =DD6*$CZ$11 -> 2324.7186 | DE10: =DE6*$CZ$11 -> 1206.5239 | DF10: =DF6*$CZ$11 -> 764.31351 | DG10: =DG6*$CZ$11 -> -419.95757 | DH10: =DH6*$CZ$11 -> -187.87043 | DI10: =DI6*$CZ$11 -> 1274.2902 | DK10: =SUM(DC10:DI10) -> 14105.911 | DL10: =DK10/$CU$2 -> 532.29855 | DM10: =$CV$2+DL10 -> 602.29855 | DN10: =DM10/$DM$12 -> 1.1727405 | DQ10: =DQ8 -> 100%B1.A1,A2 | DR10: =BC11 -> Hạt rPET WSS01G | DT10: Min | DU10: =AZ11 -> 21032.594 | DV10: =DV$6/$DU$6*$DU10 -> 15092.307 | DW10: =DW$6/$DU$6*$DU10 -> 7089.9616 | DX10: =DX$6/$DU$6*$DU10 -> -693.15428 | DY10: =DY$6/$DU$6*$DU10 -> -310.08654 | DZ10: =DZ6 -> -321.81131 | EA10: =EA$6/$DU$6*$DU10 -> 2103.2594 | EB10: =EB8 -> 2000.9394 | EC10: =EC4 -> 1376.0623 | EE10: =SUM(DV10:ED10) -> 26337.478 | EF10: =EF6 -> 23509.852 | EG10: =EE10/$EG$1 -> 993.86709 | EI10: =EI6 -> 2173 | EJ10: =EJ6 -> 1166 | EK10: =EK6 -> 371 | EL10: =SUM(EI10:EK10) -> 3710 | EM10: =EE10+EL10 -> 30047.478 | EN10: =EG10+$EN$1 -> 1133.8671 | EO10: 50 | EP10: =EN10+EO10 -> 1183.8671 | ER10: =SUM(DV10,EA10,DX10:DZ10)/$EG$1 -> 598.88734 | ES10: =(SUM(DW10,EB10,EC10:ED10,EI10:EK10))/$EG$1 -> 534.97975 | ET10: =EO10 -> 50 | EU10: =SUM(ER10:ET10) -> 1183.8671 | EW10: =SUM(DV10,EA10,DX10:DZ10) -> 15870.515 | EX10: =SUM(DW10,EB10,EC10,EI10:EK10) -> 14176.963 | EY10: =EO10*$EG$1 -> 1325 | EZ10: =SUM(EW10:EY10) -> 31372.478 | FB10: =DV10/$EG$1 -> 569.52103 | FC10: =SUM(DX10:EA10)/$EG$1 -> 29.366312 | FD10: =SUM(DW10,EB10,EC10:ED10)/$EG$1 -> 394.97975 | FE10: =SUM(EI10:EK10)/$EG$1 -> 140 | FF10: =ET10 -> 50 | FG10: =SUM(FB10:FF10) -> 1183.8671 | FH10: =FG10-EU10 -> 0 | FI10: =DV10 -> 15092.307 | FJ10: =SUM(DX10:EA10) -> 778.20727 | FK10: =SUM(DW10,EB10,EC10) -> 10466.963 | FL10: =SUM(EI10:EK10) -> 3710 | FM10: =EY10 -> 1325 | FN10: =SUM(FI10:FM10) -> 31372.478 | FO10: =FN10-EZ10 -> 0 | FP10: =(FF10+FE10)/FG10 -> 0.16049099 | FQ10: =FF10/FG10 -> 0.042234471 | FS10: ='Hảo_R&D (Vảy sạch) (-PS)'!DN4 -> 1380 | FT10: =FS10-SUM(FB10:FD10) -> 386.13291 | FU10: =FT10/FS10 -> 0.27980645 | FV10: =FS10-FG10 -> 196.13291 | FW10: =FV10/FS10 -> 0.1421253 | FY10: =DR10 -> Hạt rPET WSS01G | FZ10: 1350 | GA10: =FZ10-EN10 -> 216.13291 | GB10: =GA10/FZ10 -> 0.16009845 | GC10: =1470-55-1470*5% -> 1341.5 | GD10: =GC10 -> 1341.5 | GE10: =GD10-EN10 -> 207.63291 | GF10: =GE10/GD10 -> 0.15477667 | GH10: 1350 | GI10: =GH10-EN10 -> 216.13291 | GJ10: =GI10/GH10 -> 0.16009845 | GL10: 1350 | GM10: =GL10-ER10 -> 751.11266 | GN10: =GM10/GL10 -> 0.55637975
AG11: =$AI$5*AL11 -> 12555.032 | AH11: 0.29600175 | AI11: 60% | AJ11: Vảy B1_A2.2 DT | AL11: =AI11/$AI$7 -> 0.6 | AT11: Tạo hạt iSS01084G | AX11: 100%B1.A1,A2 | AZ11: =$AZ$6/$BB$6*BB11 -> 21032.594 | BA11: 0 | BB11: ='Hảo_R&D (Vảy sạch)'!BH4 -> 1.0642202 | BC11: Hạt rPET WSS01G | BX11: =$Z95 -> 0.8988 | BY11: Max | BZ11: =BZ10 -> 16042.36 | CA11: =CA10 -> 11511.477 | CB11: =CB10 -> 2926.6468 | CC11: =CC7 -> 3240.9193 | CD11: =CD10 -> -673.2 | CE11: =CE10 -> 1604.236 | CG11: =SUM(CA11:CE11) -> 18610.079 | CI11: =AH95 -> 0.913 | CJ11: Max | CK11: =CK10 -> 18106.501 | CL11: =CL10 -> 12992.638 | CM11: =AJ68 -> 3303.2131 | CN11: =+CC11/$CI$9 -> 3657.9225 | CO11: =CO7 -> 2013.5603 | CP11: =CD11 -> -673.2 | CQ11: =CQ10 -> -453 | CR11: =CR10 -> 1810.6501 | CT11: =SUM(CL11:CR11) -> 22651.784 | CU11: =CT11/$CU$2 -> 854.78431 | CV11: =$CV$2+CU11 -> 924.78431 | CZ11: 0.6 | DA11: Max | DB11: =DB7*$CZ$11 -> 12742.902 | DC11: =DC7*$CZ$11 -> 9143.8932 | DD11: =DD7*$CZ$11 -> 2324.7186 | DE11: =DE7*$CZ$11 -> 2096.7032 | DF11: =DF7*$CZ$11 -> 1208.1362 | DG11: =DG7*$CZ$11 -> -419.95757 | DH11: =DH7*$CZ$11 -> -187.87043 | DI11: =DI7*$CZ$11 -> 1274.2902 | DK11: =SUM(DC11:DI11) -> 15439.913 | DL11: =DK11/$CU$2 -> 582.63824 | DM11: =$CV$2+DL11 -> 652.63824 | DT11: Max | DU11: =DU10 -> 21032.594 | DV11: =DV$7/$DU$7*$DU11 -> 15092.307 | DW11: =DW$7/$DU$7*$DU11 -> 9291.7773 | DX11: =DX$7/$DU$7*$DU11 -> -693.15428 | DY11: =DY$7/$DU$7*$DU11 -> -310.08654 | DZ11: =DZ10 -> -321.81131 | EA11: =EA10 -> 2103.2594 | EB11: =EB9 -> 2796.8565 | EC11: =EC5 -> 2064.9528 | EE11: =SUM(DV11:ED11) -> 30024.101 | EF11: =EE12-EF12 -> 2225.4973 | EG11: =EE11/$EG$1 -> 1132.985 | EI11: =EI7 -> 2173 | EJ11: =EJ7 -> 1166 | EK11: =EK7 -> 371 | EL11: =SUM(EI11:EK11) -> 3710 | EM11: =EE11+EL11 -> 33734.101 | EN11: =EG11+$EN$1 -> 1272.985 | EO11: 50 | EP11: =EN11+EO11 -> 1322.985 | ER11: =SUM(DV11,EA11,DX11:DZ11)/$EG$1 -> 598.88734 | ES11: =(SUM(DW11,EB11,EC11:ED11,EI11:EK11))/$EG$1 -> 674.09761 | ET11: =EO11 -> 50 | EU11: =SUM(ER11:ET11) -> 1322.985 | EW11: =SUM(DV11,EA11,DX11:DZ11) -> 15870.515 | EX11: =SUM(DW11,EB11,EC11,EI11:EK11) -> 17863.587 | EY11: =EO11*$EG$1 -> 1325 | EZ11: =SUM(EW11:EY11) -> 35059.101 | FB11: =DV11/$EG$1 -> 569.52103 | FC11: =SUM(DX11:EA11)/$EG$1 -> 29.366312 | FD11: =SUM(DW11,EB11,EC11:ED11)/$EG$1 -> 534.09761 | FE11: =SUM(EI11:EK11)/$EG$1 -> 140 | FF11: =ET11 -> 50 | FG11: =SUM(FB11:FF11) -> 1322.985 | FH11: =FG11-EU11 -> 0 | FI11: =DV11 -> 15092.307 | FJ11: =SUM(DX11:EA11) -> 778.20727 | FK11: =SUM(DW11,EB11,EC11) -> 14153.587 | FL11: =SUM(EI11:EK11) -> 3710 | FM11: =EY11 -> 1325 | FN11: =SUM(FI11:FM11) -> 35059.101 | FO11: =FN11-EZ11 -> 0 | FP11: =(FF11+FE11)/FG11 -> 0.14361463 | FQ11: =FF11/FG11 -> 0.037793325 | FS11: =FS10 -> 1380 | FT11: =FS11-SUM(FB11:FD11) -> 247.01505 | FU11: =FT11/FS11 -> 0.17899641 | FV11: =FS11-FG11 -> 57.015046 | FW11: =FV11/FS11 -> 0.041315251 | FY11: =DR11 -> 0 | GD11: 1221
