Workbook

Sheet Chi so DTR
A1: THỐNG KÊ CÁC CHỈ SỐ QUAN TRỌNG - CHUẨN BỊ CHO VIỆC THIẾT LẬP KPIs 2026
A3: Nhóm | B3: Stt | C3: Tên các chỉ tiêu | D3: ĐVT | E3: Định nghĩa | F3: Phòng ban lập mục tiêu | G3: Thời gian gửi số liệu (phòng ban nhận) | I3: Kết quả | O3: Kế hoạch
G4: 9-10-2025 (Các Phòng ban liên quan) | H4: 13-10-2025 (P.TCKT) | I4: 2020 | J4: 2021 | K4: 2022 | L4: 2023 | M4: 2024 | N4: 2025 | O4: 2026 | P4: 2027 | Q4: 2028 | R4: 2029 | S4: 2030
A5: I | B5: 1 | C5: Lợi nhuận sau thuế (LNST) | D5: Tỷ VNĐ | E5: = DTT – Tổng Chi phí – Thuế thu nhập doanh nghiệp | F5: P.TCKT | I5: 7.011434 | J5: 17.533908 | K5: 62.102783 | L5: 102.59419 | M5: 53.517347 | N5: 35.845894 | O5: 20 | P5: 60.925747 | Q5: 119.42936 | R5: 193.93293 | S5: 208.61328
B6: 2 | C6: Tỷ lệ LNST/ DTT | D6: % | E6: = LNST/ DTT | F6: P.TCKT | I6: =I5/I7 -> 0.51127871 | J6: =J5/J7 -> 0.28984576 | K6: =K5/K7 -> 0.18822901 | L6: =L5/L7 -> 0.1496591 | M6: =M5/M7 -> 0.04491911 | N6: =N5/N7 -> 0.023031848 | O6: =O5/O7 -> 0.011737089 | P6: 0.030273275 | Q6: 0.049616724 | R6: 0.067117858 | S6: 0.068594558
A7: II | B7: 3 | C7: Doanh Thu Thuần (DTT) | D7: Tỷ VNĐ | E7: = Tổng doanh thu - chiết khấu thương mại - giảm giá hàng bán - hoàn trả hàng hóa | F7: P.TCKT | I7: 13.713526 | J7: 60.493925 | K7: 329.93206 | L7: 685.51922 | M7: 1191.416 | N7: 1556.3621 | O7: 1704 | P7: 2012.5258 | Q7: 2407.0384 | R7: 2889.4386 | S7: 3041.2511
B8: 4 | C8: Tăng trưởng DTT | D8: % | E8: =[DTT năm (n) - DTT năm (n-1)] / DTT năm (n-1) | F8: P.TCKT | J8: =(J7-I7)/I7 -> 3.4112596 | K8: =(K7-J7)/J7 -> 4.4539701 | L8: =(L7-K7)/K7 -> 1.0777587 | M8: =(M7-L7)/L7 -> 0.73797607 | N8: =(N7-M7)/M7 -> 0.3063129 | O8: =(O7-N7)/N7 -> 0.094860903 | P8: =(P7-O7)/O7 -> 0.18105971 | Q8: =(Q7-P7)/P7 -> 0.19602862 | ... S8: =(S7-R7)/R7 -> 0.052540503
B9: 5 | C9: Doanh thu thuần - xuất khẩu | D9: Tỷ VNĐ | E9: = (Tổng doanh thu - chiết khấu thương mại - giảm giá hàng bán - hoàn trả hàng hóa) - Xuất khẩu | F9: P.TCKT | I9: =I7-I10 -> 0 | J9: =J7-J10 -> 7.7740615 | K9: =K7-K10 -> 148.32445 | L9: =L7-L10 -> 339.62781 | M9: =M7-M10 -> 623.50622 | N9: =N7-N10 -> 881.99963 | O9: 966 | P9: =P7*60% -> 1207.5155 | Q9: =Q7*60% -> 1444.223 | R9: =R7*60% -> 1733.6632 | S9: =S7*60% -> 1824.7507
B10: 6 | C10: Doanh thu thuần - nội địa | D10: Tỷ VNĐ | E10: = (Tổng doanh thu - chiết khấu thương mại - giảm giá hàng bán - hoàn trả hàng hóa) - Nội địa | F10: P.TCKT | I10: 13.713526 | J10: 52.719863 | K10: 181.6076 | L10: 345.8914 | M10: 567.90978 | N10: 674.36245 | O10: =30+721 -> 751 | P10: =P7-P9 -> 805.0103 | Q10: =Q7-Q9 -> 962.81536 | R10: =R7-R9 -> 1155.7754 | S10: =S7-S9 -> 1216.5005
B11: 7 | C11: DTT/ người | D11: Triệu VNĐ | E11: = DTT/Số lao động toàn công ty | F11: P.TCKT | I11: =I7*10^3/I35 -> 507.90838 | J11: =J7*10^3/J35 -> 687.43096 | K11: =K7*10^3/K35 -> 1403.9662 | L11: =L7*10^3/L35 -> 1671.9981 | M11: =M7*10^3/M35 -> 2190.1029 | N11: =N7*10^3/N35 -> 2343.9188 | O11: 2530 | P11: =P7/P35*1000 -> 3012.7631 | Q11: =Q7/Q35*1000 -> 3414.2389 | R11: =R7/R35*1000 -> 3868.057 | S11: =S7/S35*1000 -> 3954.8129
A12: II | B12: 8 | C12: Công suất máy | D12: Tấn/năm | E12: = Công suất tấn/h x 24h x 365 ngày | F12: P.Kỹ thuật | G12: x | K12: 14016 | L12: 42924 | M12: 76032 | N12: 76032 | O12: 80352 | P12: 89172 | Q12: 89172 | R12: 102312 | S12: 102312
B13: 9 | C13: Hiệu suất máy (HSM) | D13: % | F13: P.Kỹ thuật | H13: x | K13: 0.81 | L13: 0.56 | M13: 0.66 | N13: 0.65 | O13: 0.7 | P13: 0.6392141 | Q13: 0.77378549 | R13: 0.83079209 | S13: 0.87966221
B14: 10 | C14: Số máy có HSM >70% | D14: Số máy | E14: = Tổng số giờ máy hoạt động/(365 ngày x 24h) | F14: P.Kỹ thuật | H14: x | K14: 1 | L14: 1 | M14: 2 | N14: 3 | O14: 3 | P14: 3 | Q14: 4 | R14: 5 | S14: 5
B15: 11 | C15: Số máy có HSM < 20% | D15: Số máy | E15: = Số máy có HSM <20% | F15: P.Kỹ thuật | H15: x | K15: 0 | L15: 0 | M15: 3 | N15: 3 | O15: 3 | P15: 3 | Q15: 3 | R15: 3 | S15: 3
A16: III | B16: 12 | C16: Cải tiến tiết kiệm (CTTK) | D16: Tỷ VNĐ | E16: = Giá trị tiết kiệm từ các sáng kiến giúp giảm chi phí và nguồn lực được ghi nhận sau khi áp dụng hiệu quả ít nhất 3 tháng và tính theo lợi ích thực tế trong năm, tối đa 12 tháng. | F16: Ban cải tiến | H16: x | L16: 8.9 | M16: 35.6 | N16: 50 | O16: 50 | P16: =P17*P7 -> 50.313144 | Q16: =Q17*Q7 -> 60.17596 | R16: =R17*R7 -> 72.235965 | S16: =S17*S7 -> 76.031279
B17: 13 | C17: Tỷ lệ CTTK/ DTT | D17: % | E17: = CTTK/ DTT | F17: P.TCKT | I17: =IFERROR(I16/I7,0) -> 0 | J17: =IFERROR(J16/J7,0) -> 0 | K17: =IFERROR(K16/K7,0) -> 0 | L17: =IFERROR(L16/L7,0) -> 0.01298286 | M17: =IFERROR(M16/M7,0) -> 0.029880411 | N17: =IFERROR(N16/N7,0) -> 0.0321262 | O17: 0.025 | P17: 0.025 | Q17: 0.025 | R17: 0.025 | S17: 0.025
A18: IV | B18: 14 | C18: Chi phí nhân sự/ DTT | D18: % | E18: = Tổng chi phí lương, thưởng, bảo hiểm, tiền ăn / DTT | F18: P.HCNS | H18: x | I18: =Sheet1!B5/Sheet1!B3 -> 0.36192335 | J18: =Sheet1!C5/Sheet1!C3 -> 0.22074955 | K18: =Sheet1!D5/Sheet1!D3 -> 0.14162097 | L18: =Sheet1!E5/Sheet1!E3 -> 0.13252335 | M18: =Sheet1!F5/Sheet1!F3 -> 0.10614998 | N18: 0.13 | O18: 0.117 | P18: 0.105 | Q18: 0.105 | R18: 0.105 | S18: 0.105
A19: V | B19: 15 | C19: Chi phí marketing/ DTT | D19: % | E19: = Tổng chi phí cho hoạt động marketing / DTT | F19: P.MKT | H19: x | I19: =Sheet1!B7/Sheet1!B3 -> 0.00025824868 | J19: =Sheet1!C7/Sheet1!C3 -> 0.00018652009 | K19: =Sheet1!D7/Sheet1!D3 -> 0.0042956135 | L19: =Sheet1!E7/Sheet1!E3 -> 0.00051750817 | M19: =Sheet1!F7/Sheet1!F3 -> 0.0037523014 | N19: =Sheet1!G7/Sheet1!G3 -> 0.0036509028 | O19: 0.004 | P19: 0.004 | Q19: 0.004 | R19: 0.004 | S19: 0.004
A20: VI | B20: 16 | C20: Sản lượng bán sản phẩm | D20: Tấn | E20: = Tổng sản lượng bán | F20: P.Kinh doanh | G20: x | I20: 330 | J20: 2110 | K20: 9290 | L20: 21483 | M20: 36159 | N20: 45000 | O20: 55000 | P20: =O20*1.2 -> 66000 | Q20: 79000 | R20: 95000 | S20: 100000
B21: 17 | C21: Giá bán sản phẩm IV 0.78 | D21: VNĐ/ Tấn | E21: = Giá bán thực tế trung binh rPET IV 0.78 | F21: P. Kế Toán | H21: x | I21: 0 | J21: 26125015 | K21: 33210219 | L21: 32800282 | M21: 30581654 | N21: 31175253 | O21: =1150*26500 -> 30475000 | P21: =1150*26500 -> 30475000 | Q21: =1150*26500 -> 30475000 | R21: =1150*26500 -> 30475000 | S21: =1150*26500 -> 30475000 | T21: Lấy giá WSS01G
B22: 18 | C22: Tỷ lệ giá bán rPET/ giá nguyên liệu nguyên sinh PET | D22: % | E22: = Giá bán thực tế trung binh rPET IV 0.78 / Giá trung bình PET nguyên sinh | F22: P. Kế Toán | H22: x | J22: =J21/(Sheet1!C10*Sheet1!C11) -> 0.9888741 | K22: =K21/(Sheet1!D10*Sheet1!D11) -> 1.1948958 | L22: =L21/(Sheet1!E10*Sheet1!E11) -> 1.4350831 | M22: =M21/(Sheet1!F10*Sheet1!F11) -> 1.3300748 | N22: =N21/(Sheet1!G10*Sheet1!G11) -> 1.4929675 | O22: =O21/(800*26500) -> 1.4375 | P22: =P21/(800*26500) -> 1.4375 | Q22: =Q21/(800*26500) -> 1.4375 | R22: =R21/(800*26500) -> 1.4375 | S22: =S21/(800*26500) -> 1.4375 | T22: Lấy giá WSS01G
B23: 19 | C23: Số khách hàng có doanh thu > 20% tổng doanh thu | D23: Số khách hàng | E23: = Số khách hàng có DTT chiếm tỷ trọng >20% tổng DTT | F23: P.Kinh doanh | H23: x | I23: 1 | J23: 2 | K23: 2 | L23: 1 | M23: 1 | N23: 2 | O23: 3 | P23: 3 | Q23: 3 | R23: 3 | S23: 3
B24: 20 | C24: Số lượng khách hàng mới phát triển | D24: Số khách hàng | E24: = (Số lượng khách hàng có đơn hàng đầu tiên phát sinh trong kỳ) + (Số khách hàng có đơn hàng cuối ≥ 24 tháng có đơn hàng phát sinh trong kỳ) | F24: P.Kinh doanh | H24: x | I24: 0 | J24: 0 | K24: 0 | L24: 15 | M24: 20 | N24: 25 | O24: 20 | P24: 20 | Q24: 20 | R24: 20 | S24: 20
B25: 21 | C25: Số lượng khách hàng tạm ngưng | D25: Số khách hàng | E25: = Số lượng khách hàng có đơn hàng cuối cách hiện tại từ 12-24 tháng | F25: P.Kinh doanh | H25: x | I25: 0 | J25: 0 | K25: 1 | L25: 2 | M25: 4 | N25: 5 | O25: 5 | P25: 5 | Q25: 5 | R25: 5 | S25: 5
B26: 22 | C26: Số lượng khách hàng bỏ đi | D26: Số khách hàng | E26: = Số khách hàng có đơn hàng cuối ≥ 24 tháng | F26: P.Kinh doanh | H26: x | I26: 0 | J26: 0 | K26: 0 | L26: 2 | M26: 3 | N26: 5 | O26: 5 | P26: 5 | Q26: 5 | R26: 5 | S26: 5
A27: VII | B27: 23 | C27: Sản lượng mua nguyên liệu nhựa tái chế (NLNTC) | D27: Tấn | E27: = Tổng sản lượng mua NL NTC | F27: P.Cung ứng | H27: x | I27: 1277.918 | J27: 4811 | K27: 17160 | L27: 30842 | M27: 48741 | N27: 50000 | O27: 57500 | P27: 72000 | Q27: 85000 | R27: 103000 | S27: 108000
B28: 24 | C28: Giá mua chai NL NTC (B0) | D28: VNĐ/ Tấn | E28: = Giá mua thực tế trung bình của chai B0 | F28: P.Cung ứng | H28: x | L28: 9833000 | M28: 11778000 | N28: 12310000 | O28: 11000000 | P28: 11000000 | Q28: 11000000 | R28: 11000000 | S28: 11000000
B29: 25 | C29: Giá mua vẩy NL NTC (A5) | D29: VNĐ/ Tấn | E29: = Giá mua thực tế trung bình của vẫy A5 | F29: P.Cung ứng | H29: x | K29: 18552808 | L29: 17151457 | M29: 18974414 | N29: 19342396 | O29: 17500000 | P29: 17500000 | Q29: 17500000 | R29: 17500000 | S29: 17500000
A30: VIII | B30: 26 | C30: Sản lượng sản xuất | D30: Tấn | E30: = Tổng sản lượng sản xuất | F30: P.Sản xuất | G30: x | I30: 556 | J30: 3486 | K30: 12260 | L30: 23759 | M30: 44049 | N30: 45000 | O30: 50000 | P30: 57000 | Q30: 69000 | R30: 85000 | S30: 90000
B31: 27 | C31: Tỷ lệ hàng chậm luân chuyển | D31: % | E31: = Khối lượng thành phẩm chậm luân chuyển/ Tổng Khối lượng thành phẩm | F31: P.TCKT | N31: 0.51 | O31: 0.4 | P31: 0.3 | Q31: 0.2 | R31: 0.2 | S31: 0.2
B32: 28 | C32: Tỷ lệ thành phẩm rPET A1 & A2, từ vẩy ra hạt | D32: % | E32: = (Khối lượng thành phẩm/ Tổng khối lượng thành phẩm & phó phẩm ở cả các công đoạn sản xuất từ vẩy ra hạt) | F32: P.Sản xuất | H32: x | K32: =(100-35)/100 -> 0.65 | L32: =(100-20)/100 -> 0.8 | M32: =(100-11.4)/100 -> 0.886 | N32: =(100-6.84)/100 -> 0.9316 | O32: 0.9 | P32: 0.9 | Q32: 0.9 | R32: 0.9 | S32: 0.9 | T32: Lấy từ PMS anh Vũ
B33: 29 | C33: Vòng quay hàng tồn kho | D33: Số vòng | E33: = Tổng tồn kho thành phẩm /bình quân bán (không tính hàng ký gửi) | F33: P.TCKT | I33: 3.1091066 | J33: 3.3379601 | K33: 3.9380633 | L33: 4.5853998 | M33: 3.3973406 | N33: 4.7320412 | O33: 2.5 | P33: 2 | Q33: 2 | R33: 1.5 | S33: 1.5
A34: IX | B34: 30 | C34: Số khiếu nại khách hàng | D34: Số khiếu nại | E34: = Số khiếu nại khách hàng được ghi nhận lỗi từ DTR | F34: P.Chất lượng | H34: x | K34: 10 | L34: 25 | M34: 46 | N34: 45 | O34: 36 | P34: =$M$34/$N$7*O7 -> 50.363602 | Q34: =$M$34/$N$7*P7 -> 59.482421 | R34: =$M$34/$N$7*Q7 -> 71.142678 | S34: =$M$34/$N$7*R7 -> 85.400548
A35: X | B35: 31 | C35: Tổng số nhân sự | D35: Số nhân sự | E35: = Tổng số nhân sự trung bình 12 tháng của năm | F35: P.HCNS | H35: x | I35: 27 | J35: 88 | K35: 235 | L35: 410 | M35: 544 | N35: 664 | O35: 674 | P35: 668 | Q35: 705 | R35: 747 | S35: 769
B36: 32 | C36: Tỷ lệ nghỉ việc | D36: % | E36: = (Tổng số nhân viên đã nghỉ trong kỳ/Tổng số nhân viên bình quân trong kỳ)x100 | F36: P.HCNS | H36: x | I36: 0.081 | J36: 0.047 | K36: 0.053 | L36: 0.033 | M36: 0.053 | N36: 0.047 | O36: 0.042 | P36: 0.04 | Q36: 0.035 | R36: 0.03 | S36: 0.03

Sheet Email VP.TGD

Sheet Chi so DTR (2)
A1: THỐNG KÊ CÁC CHỈ SỐ QUAN TRỌNG - CHUẨN BỊ CHO VIỆC THIẾT LẬP KPIs 2026
A3: Nhóm | B3: Stt | C3: Tên các chỉ tiêu | D3: ĐVT | E3: Định nghĩa | F3: Phòng ban lập mục tiêu | G3: Thời gian gửi số liệu (phòng ban nhận) | I3: Kết quả | O3: Kế hoạch
G4: 9-10-2025 (Các Phòng ban liên quan) | H4: 13-10-2025 (P.TCKT) | I4: 2020 | J4: 2021 | K4: 2022 | L4: 2023 | M4: 2024 | N4: 2025 | O4: 2026 | P4: 2027 | Q4: 2028 | R4: 2029 | S4: 2030
B5: 28 | C5: Tỷ lệ thành phẩm rPET A1 & A2, từ vẩy ra hạt | D5: % | E5: = (Khối lượng thành phẩm/ Tổng khối lượng thành phẩm & phó phẩm ở cả các công đoạn sản xuất từ vẩy ra hạt) | F5: P.Sản xuất | H5: x | I5: 0.98 | J5: 0.98 | K5: 0.98 | L5: 0.98 | M5: 0.98 | N5: 0.98 | O5: 0.98
A6: IX | B6: 30 | C6: Số khiếu nại khách hàng | D6: Số khiếu nại | E6: = Số khiếu nại khách hàng được ghi nhận lỗi từ DTR | F6: P.Kinh doanh | H6: x | L6: 16 | M6: 49 | N6: 73 | O6: 80 | P6: 85 | Q6: 90 | R6: 95 | S6: 100

Sheet Sheet1
A2: Chỉ tiêu | B2: 2020 | C2: 2021 | D2: 2022 | E2: 2023 | F2: 2024 | G2: 2025
A3: Doanh thu thuần | B3: 13713526230 | C3: 60493924771 | D3: 329932056074 | E3: 685519215686 | F3: 1191415995061 | G3: =1556362.0872598*10^6 -> 1.5563621e+12
A4: Lợi nhuận sau thuế TNDN | B4: 7011434015 | C4: 17533907779 | D4: 62102782858 | E4: 102594186556 | F4: 53517346659 | G4: =35845.8944266366*10^6 -> 3.5845894e+10
A5: CP lương | B5: 4963245354 | C5: 13354006580 | D5: 46725299315 | E5: 90847304965 | F5: 126468789126 | G5: =(124175.024498*10^6)+46267955238.936 -> 1.7044298e+11
A6: Chi phí nhân sự/ DTT | B6: =B5/B3 -> 0.36192335 | C6: =C5/C3 -> 0.22074955 | D6: =D5/D3 -> 0.14162097 | E6: =E5/E3 -> 0.13252335 | F6: =F5/F3 -> 0.10614998 | G6: =G5/G3 -> 0.10951371
A7: CP MKT | B7: 3541500 | C7: 11283332 | D7: 1417260580 | E7: 354761792 | F7: =4470.551886*10^6 -> 4470551886 | G7: =4092.496391*10^6+1589630306 -> 5682126697
B9: 2020 | C9: 2021 | D9: 2022 | E9: 2023 | F9: 2024 | G9: 2025
A10: Giá resin | C10: 1150 | D10: 1183 | E10: 955 | F10: 912 | G10: 797
A11: Tỷ giá | B11: 23318 | C11: 22973 | D11: 23494 | E11: 23933 | F11: 25211 | G11: 26200
