Workbook

Sheet 1. Hàng Phó sản 
C1: Xin giá duyệt hàng tháng để sales chào cho khách hàng
L2: C Tâm điền cột F | O2: Anh Thạch cho giá cột H
C3: DANH SÁCH CẦN BỔ SUNG VÀO BẢNG GIÁ HÀNG THÁNG ( sheet giá phó sản )
A5: STT | B5: Dòng hàng | C5: MSAP | D5: Tên sản phẩm | E5: Công thức | F5: giá kế hoạch theo công thức | G5: Số lượng phát sinh hàng tháng | H5: Số lượng tồn kho SAP (31/05/2026) (Tấn) | I5: Đơn giá tồn kho SAP (VND/Kg) | J5: Giá vốn kế hoạch (VND/Kg) | K5: Giá duyệt tháng 6 (USD/tấn) | L5: Giá BGĐ đã duyệt (VND/kg) | N5: Giá bán sales đề xuất - bán tồn kho | O5: Giá duyệt tháng cho hàng sản xuất mới | P5: Note
A6: 1 | B6: rPET Xơ sợi | C6: 110000436 | D6: Hạt Nhựa WSS05SB | E6: 100% Vảy PET HAD_A1/A2/A3 | F6: 14.500 | H6: 40.8717 | I6: 28430 | J6: 23831 | L6: =800*26.3 -> 21040 | M6: 800 USD/ tấn | P6: T1, T2, T3 có trong sheet giá hạt phó sản Cần add vào bảng giá tháng
A7: 2 | B7: Vảy rPET | C7: 160012801 | D7: Vảy PET GC dây đai | G7: 80-100 tấn/ tháng | H7: 135.765 | I7: 25647 | J7: 8000 | L7: =_xlfn.XLOOKUP(C7,'Giá TGĐ duyệt'!$B$5:$B$16,'Giá TGĐ duyệt'!$I$5:$I$16,0) -> 14000 | O7: 15000 | P7: Cần add vào bảng giá tháng bán phó sản
A8: 3 | B8: Vảy rPET | C8: 160012956 | D8: Vảy PET Tomra SLR | G8: 80-100 tấn/ tháng | H8: 109.199 | I8: 8041 | J8: 7500 | L8: =_xlfn.XLOOKUP(C8,'Giá TGĐ duyệt'!$B$5:$B$16,'Giá TGĐ duyệt'!$I$5:$I$16,0) -> 11111.111 | P8: Cần add vào bảng giá tháng bán phó sản
A9: 4 | B9: rHD ép | C9: 110000431 | D9: Hạt Nhựa rHDI3Gy02 | H9: 22.952 | I9: 20040 | J9: 13783 | K9: 1130 | L9: =_xlfn.XLOOKUP(C9,'Giá TGĐ duyệt'!$B$5:$B$16,'Giá TGĐ duyệt'!$I$5:$I$16,0) -> 17800 | M9: 670 | P9: T1, T2, T3 có trong sheet giá hạt phó sản Cần add vào bảng giá hàng tháng
A10: 5 | B10: rHD thổi | C10: 110000341 | D10: Hạt nhựa rHDB04B01 | H10: 111.8005 | I10: 20412 | J10: 16177 | K10: 1350 | L10: =_xlfn.XLOOKUP(C10,'Giá TGĐ duyệt'!$B$5:$B$16,'Giá TGĐ duyệt'!$I$5:$I$16,0) -> 17800 | M10: 670 | P10: T1, T2, T3 có trong sheet giá hạt phó sản Cần add vào bảng giá tháng R&D và QAQC đang tách 2 mã rHDB04N01 ( bán hàng xuất Ghana) và rHDB04B02 ( cấp thấp bán MTvn ) nên KTQT cung cấp giá 2 loại cho phù hợp với chất lượng.
A11: 6 | B11: Vảy rHD ép | C11: 160012951 | D11: Vảy HD Ép Hỗn Hợp SSR | H11: 43.3 | I11: 8239 | J11: 8000 | L11: =_xlfn.XLOOKUP(C11,'Giá TGĐ duyệt'!$B$5:$B$16,'Giá TGĐ duyệt'!$I$5:$I$16,0) -> 13000 | P11: Cần add vào bảng giá tháng bán phó sản
A12: 7 | B12: Vảy rHD ép | C12: 160012611 | D12: Vảy ép hỗn hợp ST | H12: 143.36859 | I12: 4840 | J12: 4000 | L12: =_xlfn.XLOOKUP(C12,'Giá TGĐ duyệt'!$B$5:$B$16,'Giá TGĐ duyệt'!$I$5:$I$16,0) -> 13000 | P12: Cần add vào bảng giá tháng bán phó sản
A13: 8 | B13: Vảy rHD ép | C13: 160012974 | D13: Vảy HD Ép Hỗn Hợp Cuối Sau Sấy | H13: 50.423 | I13: 16810 | J13: 14163 | L13: =_xlfn.XLOOKUP(C13,'Giá TGĐ duyệt'!$B$5:$B$16,'Giá TGĐ duyệt'!$I$5:$I$16,0) -> 13000 | P13: Cần add vào bảng giá tháng bán phó sản

Sheet 2. Hàng tồn kho lâu năm
B1: Áp dụng mặt hàng tồn kho chậm luận chuẩn- giá chênh lệch quá lớn với giá thị trường => xem xét sản lượng bán tối đa hàng tháng để clear tồn kho.
B2: Mã hàng nào cần sản xuất bán thêm, có thể tính giá trung bình giữa số lượng tồn và sản xuất mới để nhận đơn => A Thạch xem xét | D2: DANH SÁCH CÁC MẶT HÀNG TỒN KHO CHẬM LUÂN CHUYỂN | K2: Tỷ giá: | L2: 26300
D4: CỘNG: | E4: =SUM(E6:E35) -> 1615.031 | H4: =SUM(H6:H35) -> 1919.4927 | O4: =SUM(O6:O35) -> 6201.1819
A5: STT | B5: Dòng hàng | C5: MSAP | D5: Tên sản phẩm | E5: Số lượng tồn kho lâu năm (tấn) | F5: Thời gian tồn kho thực tế | G5: Số lượng phát sinh hàng tháng ( tấn) | H5: Số lượng tồn kho SAP (31/05/2026) (Tấn) | I5: Đơn giá tồn kho SAP (VND/Kg) | J5: Giá vốn kế hoạch (VND/Kg) | K5: Giá duyệt T6.26 (USD/tấn) | L5: Giá duyệt tháng 6 (VND/kg) | M5: Giá BGĐ đã duyệt (VND/kg) | N5: LNG (Triệu đồng / tấn) | O5: LNG nếu bán hết hàng tồn lâu (Triệu)
A6: 1 | B6: rPET Xơ sợi | C6: 110000464 | D6: Hạt Nhựa WSS06SP-1 | E6: 114 | F6: > 360 ngày | H6: 103.7905 | I6: 18765 | J6: 12803 | L6: =K6*$L$2/10^3 -> 0 | M6: =_xlfn.XLOOKUP(C6,'Giá TGĐ duyệt'!$B$5:$B$16,'Giá TGĐ duyệt'!$I$5:$I$16,0) -> 20700 | N6: =IF(M6<>0,M6-I6,L6-I6)/10^3 -> 1.935 | O6: =N6*E6 -> 220.59
A7: 2 | B7: rPET Xơ sợi | C7: 110000381 | D7: Hạt Nhựa WSS04SD | E7: 196 | F7: > 720 ngày | H7: 219.2892 | I7: 28486 | J7: 17438 | K7: =1350-130 -> 1220 | L7: =K7*$L$2/10^3 -> 32086 | M7: =_xlfn.XLOOKUP(C7,'Giá TGĐ duyệt'!$B$5:$B$16,'Giá TGĐ duyệt'!$I$5:$I$16,0) -> 0 | N7: =IF(M7<>0,M7-I7,L7-I7)/10^3 -> 3.6 | O7: =N7*E7 -> 705.6
A8: 3 | B8: rPET Xơ sợi | C8: 110000382 | D8: Hạt Nhựa WSS04SB | E8: 6 | F8: > 180 ngày | H8: 7.3487 | I8: 30162 | J8: 14273 | K8: =1350-130 -> 1220 | L8: =K8*$L$2/10^3 -> 32086 | M8: =_xlfn.XLOOKUP(C8,'Giá TGĐ duyệt'!$B$5:$B$16,'Giá TGĐ duyệt'!$I$5:$I$16,0) -> 0 | N8: =IF(M8<>0,M8-I8,L8-I8)/10^3 -> 1.924 | O8: =N8*E8 -> 11.544
A9: 4 | B9: Vảy rPET | C9: 160012801 | D9: Vảy PET GC dây đai | E9: 104 | F9: > 90 ngày | H9: 135.765 | I9: 25647 | J9: 8000 | L9: =K9*$L$2/10^3 -> 0 | M9: =_xlfn.XLOOKUP(C9,'Giá TGĐ duyệt'!$B$5:$B$16,'Giá TGĐ duyệt'!$I$5:$I$16,0) -> 14000 | N9: =IF(M9<>0,M9-I9,L9-I9)/10^3 -> -11.647 | O9: =N9*E9 -> -1211.288
A10: 5 | B10: Vảy rPET | C10: 160012956 | D10: Vảy PET Tomra SLR | E10: 100 | F10: > 90 ngày | H10: 109.199 | I10: 8041 | J10: 7500 | L10: =K10*$L$2/10^3 -> 0 | M10: =_xlfn.XLOOKUP(C10,'Giá TGĐ duyệt'!$B$5:$B$16,'Giá TGĐ duyệt'!$I$5:$I$16,0) -> 11111.111 | N10: =IF(M10<>0,M10-I10,L10-I10)/10^3 -> 3.0701111 | O10: =N10*E10 -> 307.01111
A11: 6 | B11: rHD ép | C11: 110000363 | D11: Hạt Nhựa rHDI3Gy01 | E11: 243 | F11: > 720 ngày | H11: 243.0951 | I11: 18654 | J11: 18273 | K11: 1130 | L11: =K11*$L$2/10^3 -> 29719 | M11: =_xlfn.XLOOKUP(C11,'Giá TGĐ duyệt'!$B$5:$B$16,'Giá TGĐ duyệt'!$I$5:$I$16,0) -> 17800 | N11: =IF(M11<>0,M11-I11,L11-I11)/10^3 -> -0.854 | O11: =N11*E11 -> -207.522
A12: 7 | B12: rHD ép | C12: 110000431 | D12: Hạt Nhựa rHDI3Gy02 | E12: 21 | F12: > 60 ngày | H12: 22.952 | I12: 20040 | J12: 13783 | K12: 1130 | L12: =K12*$L$2/10^3 -> 29719 | M12: =_xlfn.XLOOKUP(C12,'Giá TGĐ duyệt'!$B$5:$B$16,'Giá TGĐ duyệt'!$I$5:$I$16,0) -> 17800 | N12: =IF(M12<>0,M12-I12,L12-I12)/10^3 -> -2.24 | O12: =N12*E12 -> -47.04
A13: 8 | B13: Vảy rHD ép | C13: 160012951 | D13: Phó Sản HD Ép Hỗn Hợp Cuối SSR | E13: 38 | F13: > 90 ngày | H13: 43.3 | I13: 8239 | J13: 8000 | L13: =K13*$L$2/10^3 -> 0 | M13: =_xlfn.XLOOKUP(C13,'Giá TGĐ duyệt'!$B$5:$B$16,'Giá TGĐ duyệt'!$I$5:$I$16,0) -> 13000 | N13: =IF(M13<>0,M13-I13,L13-I13)/10^3 -> 4.761 | O13: =N13*E13 -> 180.918
A14: 9 | B14: Vảy rHD ép | C14: 160012611 | D14: Phó Sản HD Ép Hỗn Hợp Cuối ST | E14: 105 | F14: > 90 ngày | H14: 143.36859 | I14: 4840 | J14: 4000 | L14: =K14*$L$2/10^3 -> 0 | M14: =_xlfn.XLOOKUP(C14,'Giá TGĐ duyệt'!$B$5:$B$16,'Giá TGĐ duyệt'!$I$5:$I$16,0) -> 13000 | N14: =IF(M14<>0,M14-I14,L14-I14)/10^3 -> 8.16 | O14: =N14*E14 -> 856.8
A15: 10 | B15: Vảy rHD ép | C15: 160012974 | D15: Vảy HD Ép Hỗn Hợp Cuối Sau Sấy | E15: 6 | F15: > 90 ngày | H15: 50.423 | I15: 16810 | J15: 14163 | L15: =K15*$L$2/10^3 -> 0 | M15: =_xlfn.XLOOKUP(C15,'Giá TGĐ duyệt'!$B$5:$B$16,'Giá TGĐ duyệt'!$I$5:$I$16,0) -> 13000 | N15: =IF(M15<>0,M15-I15,L15-I15)/10^3 -> -3.81 | O15: =N15*E15 -> -22.86
A16: 11 | B16: Vảy rHD ép | C16: 160012746 | D16: Vảy HD Ép Dương Nhạt Két Pepsi | E16: 164 | F16: > 360 ngày | H16: 209.7348 | I16: 18623 | J16: 20755 | K16: 1065 | L16: =K16*$L$2/10^3 -> 28009.5 | M16: =_xlfn.XLOOKUP(C16,'Giá TGĐ duyệt'!$B$5:$B$16,'Giá TGĐ duyệt'!$I$5:$I$16,0) -> 0 | N16: =IF(M16<>0,M16-I16,L16-I16)/10^3 -> 9.3865 | O16: =N16*E16 -> 1539.386
A17: 12 | B17: Vảy rHD ép | C17: 160012949 | D17: Vảy HD Ép Dương Nhạt Két Pepsi Chìm ST | E17: 24 | F17: > 360 ngày | H17: 39.2088 | I17: 10716 | J17: 9287 | K17: 1065 | L17: =K17*$L$2/10^3 -> 28009.5 | M17: =_xlfn.XLOOKUP(C17,'Giá TGĐ duyệt'!$B$5:$B$16,'Giá TGĐ duyệt'!$I$5:$I$16,0) -> 0 | N17: =IF(M17<>0,M17-I17,L17-I17)/10^3 -> 17.2935 | O17: =N17*E17 -> 415.044
A18: 13 | B18: Vảy rHD ép | C18: 110000413 | D18: Vảy HD Ép Đồng | E18: 144 | F18: > 720 ngày | H18: 168.6495 | I18: 16835 | J18: 15000 | K18: 1065 | L18: =K18*$L$2/10^3 -> 28009.5 | M18: =_xlfn.XLOOKUP(C18,'Giá TGĐ duyệt'!$B$5:$B$16,'Giá TGĐ duyệt'!$I$5:$I$16,0) -> 0 | N18: =IF(M18<>0,M18-I18,L18-I18)/10^3 -> 11.1745 | O18: =N18*E18 -> 1609.128
A19: 14 | B19: Vảy rHD ép | C19: 110000412 | D19: Vảy HD Ép Đen | E19: 38 | F19: > 120 ngày | H19: 43.75 | I19: 14133 | J19: 15000 | K19: 1065 | L19: =K19*$L$2/10^3 -> 28009.5 | M19: =_xlfn.XLOOKUP(C19,'Giá TGĐ duyệt'!$B$5:$B$16,'Giá TGĐ duyệt'!$I$5:$I$16,0) -> 0 | N19: =IF(M19<>0,M19-I19,L19-I19)/10^3 -> 13.8765 | O19: =N19*E19 -> 527.307
A20: 15 | B20: rHD thổi | C20: 110000427 | D20: Hạt Nhựa HCBF-Gre-U | E20: 16 | F20: > 450 ngày | H20: 18.774 | I20: 21813 | J20: 23000 | K20: 1350 | L20: =K20*$L$2/10^3 -> 35505 | M20: =_xlfn.XLOOKUP(C20,'Giá TGĐ duyệt'!$B$5:$B$16,'Giá TGĐ duyệt'!$I$5:$I$16,0) -> 0 | N20: =IF(M20<>0,M20-I20,L20-I20)/10^3 -> 13.692 | O20: =N20*E20 -> 219.072
A21: 16 | B21: rHD thổi | C21: 110000426 | D21: Hạt Nhựa HCBF-Yel-U | E21: 15 | F21: > 450 ngày | H21: 40.547 | I21: 33485 | J21: 21443 | K21: 1350 | L21: =K21*$L$2/10^3 -> 35505 | M21: =_xlfn.XLOOKUP(C21,'Giá TGĐ duyệt'!$B$5:$B$16,'Giá TGĐ duyệt'!$I$5:$I$16,0) -> 0 | N21: =IF(M21<>0,M21-I21,L21-I21)/10^3 -> 2.02 | O21: =N21*E21 -> 30.3
A22: 17 | B22: rHD thổi | C22: 110000343 | D22: Hạt Nhựa rHDB03G01 | E22: 12 | F22: > 450 ngày | H22: 13.14 | I22: 4428 | J22: 13580 | K22: 1130 | L22: =K22*$L$2/10^3 -> 29719 | M22: =_xlfn.XLOOKUP(C22,'Giá TGĐ duyệt'!$B$5:$B$16,'Giá TGĐ duyệt'!$I$5:$I$16,0) -> 0 | N22: =IF(M22<>0,M22-I22,L22-I22)/10^3 -> 25.291 | O22: =N22*E22 -> 303.492
A23: 18 | B23: rHD thổi | C23: 110000345 | D23: Hạt Nhựa rHDB03Y01 | E23: 1 | F23: > 450 ngày | H23: 3.565 | I23: 34395 | J23: 24135 | K23: 1130 | L23: =K23*$L$2/10^3 -> 29719 | M23: =_xlfn.XLOOKUP(C23,'Giá TGĐ duyệt'!$B$5:$B$16,'Giá TGĐ duyệt'!$I$5:$I$16,0) -> 0 | N23: =IF(M23<>0,M23-I23,L23-I23)/10^3 -> -4.676 | O23: =N23*E23 -> -4.676
A24: 19 | B24: rHD thổi | C24: 110000495 | D24: Hạt Nhựa rHDA03W01 | E24: 4 | F24: > 450 ngày | H24: 4.17 | I24: 29574 | J24: 27604 | K24: 1130 | L24: =K24*$L$2/10^3 -> 29719 | M24: =_xlfn.XLOOKUP(C24,'Giá TGĐ duyệt'!$B$5:$B$16,'Giá TGĐ duyệt'!$I$5:$I$16,0) -> 0 | N24: =IF(M24<>0,M24-I24,L24-I24)/10^3 -> 0.145 | O24: =N24*E24 -> 0.58
A25: 20 | B25: rHD thổi | C25: 110000341 | D25: Hạt nhựa rHDB04B01 ( 83 tấn đạt chuẩn xuất hàng Ghana, 20 tấn đạt chuẩn cấp thấp MTVN) | E25: 103 | F25: > 60 ngày | H25: 111.8005 | I25: 20412 | J25: 16177 | K25: 1350 | L25: =K25*$L$2/10^3 -> 35505 | M25: =_xlfn.XLOOKUP(C25,'Giá TGĐ duyệt'!$B$5:$B$16,'Giá TGĐ duyệt'!$I$5:$I$16,0) -> 17800 | N25: =IF(M25<>0,M25-I25,L25-I25)/10^3 -> -2.612 | O25: =N25*E25 -> -269.036
A26: 21 | B26: rPP | C26: 110000423 | D26: Vảy PP Dương Nhạt | E26: 108 | F26: > 360 ngày | H26: 112.503 | I26: 19811 | J26: 20650 | K26: 1015 | L26: =K26*$L$2/10^3 -> 26694.5 | M26: =_xlfn.XLOOKUP(C26,'Giá TGĐ duyệt'!$B$5:$B$16,'Giá TGĐ duyệt'!$I$5:$I$16,0) -> 0 | N26: =IF(M26<>0,M26-I26,L26-I26)/10^3 -> 6.8835 | O26: =N26*E26 -> 743.418
A27: 22 | B27: rPP | C27: 110000392 | D27: Hạt nhựa rPP20B01 | E27: 22.703 | F27: > 120 ngày | H27: 22.678 | I27: 18301 | J27: 21506 | K27: 980 | L27: =K27*$L$2/10^3 -> 25774 | M27: =_xlfn.XLOOKUP(C27,'Giá TGĐ duyệt'!$B$5:$B$16,'Giá TGĐ duyệt'!$I$5:$I$16,0) -> 0 | N27: =IF(M27<>0,M27-I27,L27-I27)/10^3 -> 7.473 | O27: =N27*E27 -> 169.65952
... A35: 30 | B35: rPP | C35: 110000389 | D35: Hạt nhựa rPP20R02 | E35: 0.656 | F35: > 120 ngày | H35: 1.89 | I35: 27706 | J35: 24543 | K35: 1080 | L35: =K35*$L$2/10^3 -> 28404 | M35: =_xlfn.XLOOKUP(C35,'Giá TGĐ duyệt'!$B$5:$B$16,'Giá TGĐ duyệt'!$I$5:$I$16,0) -> 0 | N35: =IF(M35<>0,M35-I35,L35-I35)/10^3 -> 0.698 | O35: =N35*E35 -> 0.457888

Sheet Giá TGĐ duyệt
B1: CHÀO GIÁ BÁN PHÓ SẢN - HÀNG TỒN LÂU | Q1: Đã gửi mail BTGĐ, GĐTC: 05/06/2026
B2: 46178
E3: Tỷ giá: | F3: Tỷ giá | I3: 26500
A4: STT | B4: Mã sản phẩm | C4: Tên sản phẩm | D4: Tồn kho 27/5 (tấn) | E4: Tồn kho theo số liệu Kinh Doanh (tấn) (27/05) | F4: Đơn giá tồn kho SAP (VND/Kg) | G4: Giá thành kế hoạch (VND/Kg) | H4: Giá duyệt tháng 6 (USD/tấn) | I4: Giá BTGĐ duyệt | J4: Doanh thu (Trđ) | K4: Lợi nhuận gộp (Trđ) | L4: % Lợi nhuận gộp | M4: Ghi chú | N4: Kinh doanh Ghi chú
A5: 1 | B5: 110000464 | C5: Hạt Nhựa rPET WSS06SP-1 | D5: 103.7905 | F5: 18765 | G5: 12803 | I5: =MROUND(780*$I$3/10^3,100) -> 20700 | J5: =+I5*D5/10^3 -> 2148.4633 | K5: =+(I5-F5)*D5/10^3 -> 200.83462 | L5: =+K5/J5 -> 0.093478261 | M5: 780 USD/ tấn | N5: Hàng tồn cần clear
A6: =A5+1 -> 2 | B6: 110000436 | C6: Hạt nhựa rPET WSS05SB | D6: 40.8717 | F6: 28430 | G6: 23831 | I6: =MROUND(800*$I$3/10^3,100) -> 21200 | J6: =+I6*D6/10^3 -> 866.48004 | K6: =+(I6-F6)*D6/10^3 -> -295.50239 | L6: =+K6/J6 -> -0.34103774 | M6: 800 USD/ tấn | N6: Hàng tồn cần clear
A7: =A6+1 -> 3 | B7: 110000363 | C7: Hạt Nhựa rHDI3Gy01 | D7: 243.0951 | E7: 240 | F7: 18654 | G7: 18273 | H7: 1130 | I7: =MROUND(670*$I$3/10^3,100) -> 17800 | J7: =+I7*D7/10^3 -> 4327.0928 | K7: =+(I7-F7)*D7/10^3 -> -207.60322 | L7: =+K7/J7 -> -0.047977528 | M7: 670 USD/ tấn | N7: Hàng tồn cần clear
A8: =A7+1 -> 4 | B8: 110000431 | C8: Hạt Nhựa rHDI3Gy02 | D8: 22.952 | E8: 20 | F8: 20040 | G8: 13783 | H8: 1130 | I8: =MROUND(670*$I$3/10^3,100) -> 17800 | J8: =+I8*D8/10^3 -> 408.5456 | K8: =+(I8-F8)*D8/10^3 -> -51.41248 | L8: =+K8/J8 -> -0.1258427 | M8: 670 USD/ tấn | N8: Hàng tồn cần clear
A9: =A8+1 -> 5 | B9: 110000341 | C9: Hạt nhựa rHDB04B01 | D9: 111.8005 | F9: 20412 | G9: 16177 | H9: 1350 | I9: =MROUND(670*$I$3/10^3,100) -> 17800 | J9: =+I9*D9/10^3 -> 1990.0489 | K9: =+(I9-F9)*D9/10^3 -> -292.02291 | L9: =+K9/J9 -> -0.14674157 | M9: 670 USD/ tấn | N9: Hàng tồn cần clear Trung bình: 50-100 tấn/ tháng
A10: =A9+1 -> 6 | B10: 160012951 | C10: Phó Sản HD Ép Hỗn Hợp Cuối SSR | D10: 35.8 | F10: 8239 | G10: 8000 | I10: 13000 | J10: =+I10*D10/10^3 -> 465.4 | K10: =+(I10-F10)*D10/10^3 -> 170.4438 | L10: =+K10/J10 -> 0.36623077 | M10: Bán sa cạ | N10: Hàng phát sinh hàng tháng Trung bình: 30-50 tấn/ tháng
A11: =A10+1 -> 7 | B11: 160012611 | C11: Phó Sản HD Ép Hỗn Hợp Cuối ST | D11: 121.17726 | F11: 4840 | G11: 4000 | I11: 13000 | J11: =+I11*D11/10^3 -> 1575.3044 | K11: =+(I11-F11)*D11/10^3 -> 988.80643 | L11: =+K11/J11 -> 0.62769231 | M11: Bán sa cạ | N11: Hàng phát sinh hàng tháng Trung bình: 30-50 tấn/ tháng
A12: =A11+1 -> 8 | B12: 160012974 | C12: Vảy HD Ép Hỗn Hợp Cuối Sau Sấy | D12: 49.923 | F12: 16810 | G12: 14163 | I12: 13000 | J12: =+I12*D12/10^3 -> 648.999 | K12: =+(I12-F12)*D12/10^3 -> -190.20663 | L12: =+K12/J12 -> -0.29307692 | M12: Bán sa cạ | N12: Hàng phát sinh hàng tháng Trung bình: 30-50 tấn/ tháng
A13: =A12+1 -> 9 | B13: 160012801 | C13: Vảy PET GC Dây Đai | D13: 117.438 | F13: 25647 | G13: 8000 | I13: 14000 | J13: =+I13*D13/10^3 -> 1644.132 | K13: =+(I13-F13)*D13/10^3 -> -1367.8004 | L13: =+K13/J13 -> -0.83192857 | N13: Hàng phát sinh hàng tháng Trung bình: 100 tấn/ tháng | P13: Giá bán KTQT đề xuất bằng BQ giá tồn kho SAP và giá kế hoạch (làm tròn)
A14: =A13+1 -> 10 | B14: 160012956 | C14: Vảy PET Tomra SLR | D14: 97.199 | F14: 8041 | G14: 7500 | I14: 11111.111 | J14: =+I14*D14/10^3 -> 1079.9889 | K14: =+(I14-F14)*D14/10^3 -> 298.41173 | L14: =+K14/J14 -> 0.27631 | M14: Giá bán gần nhất cho Vinafiber (18/04/2026) | N14: Hàng phát sinh hàng tháng Trung bình: 100 tấn/ tháng
A15: =A14+1 -> 11 | B15: 160012746 | C15: Vảy HD Ép Dương Nhạt Két Pepsi | D15: 209.7348 | E15: 164 | M15: Tạo hạt bán giá 1000 USD/tấn | N15: Hàng tồn kho Phát sinh 30-50 tấn/ tháng
A16: =A15+1 -> 12 | B16: 160012949 | C16: Vảy HD Ép Dương Nhạt Két Pepsi Chìm ST | D16: 39.2088 | E16: 24 | M16: Tạo hạt bán giá 1000 USD/tấn | N16: Hàng tồn kho Phát sinh 30-50 tấn/ tháng
C17: CỘNG | D17: =SUM(D5:D16) -> 1192.9907 | E17: =SUM(E5:E16) -> 448 | J17: =SUM(J5:J16) -> 15154.455 | K17: =SUM(K5:K16) -> -746.05144 | L17: =+K17/J17 -> -0.049229843

Sheet Mail 1

Sheet Mail 2
