Workbook

Sheet PL DTRG
B1: CTY CP NHỰA TÁI CHẾ DUY TÂN
B2: VND
A3: Index PL | B3: PHẦN II-KẾT QUẢ HOẠT ĐỘNG KINH DOANH | C3: TenCongTyID | D3: 2021 | E3: 2022 | F3: 2023 | G3: 2024 | H3: 2025 | I3: 2026 | J3: T1.2021 | K3: T02.2021 | L3: T03.2021 | M3: T04.2021 | N3: T05.2021 | O3: T06.2021 | P3: T07.2021 | Q3: T08.2021 | R3: T09.2021 | S3: T10.2021 | T3: T11.2021 | U3: T12.2021 | V3: T1.2022 | W3: T02.2022 | X3: T03.2022 | Y3: T04.2022 | Z3: T05.2022 | AA3: T06.2022 | AB3: T07.2022 | AC3: T08.2022 | AD3: T09.2022 | AE3: T10.2022 | AF3: T11.2022 | AG3: T12.2022 | AH3: T1.2023 | AI3: T02.2023 | AJ3: T03.2023 | AK3: T04.2023 | AL3: T05.2023 | AM3: T06.2023 | AN3: T07.2023 | AO3: T08.2023 | AP3: T09.2023 | AQ3: T10.2023 | AR3: T11.2023 | AS3: T12.2023 | AT3: T01.2024 | AU3: T02.2024 | AV3: T03.2024 | AW3: T04.2024 | AX3: T05.2024 | AY3: T06.2024 | AZ3: T07.2024 | BA3: T08.2024 | BB3: T09.2024 | BC3: T10.2024 | BD3: T11.2024 | BE3: T12.2024 | BF3: T01.2025 | BG3: T02.2025 | BH3: T03.2025 | BI3: T04.2025 | BJ3: T05.2025 | BK3: T06.2025 | BL3: T07.2025 | BM3: T08.2025 | BN3: T09.2025 | BO3: T10.2025 | BP3: T11.2025 | BQ3: T12.2025 | BR3: T01.2026 | BS3: T02.2026 | BT3: T03.2026 | BU3: T04.2026 | BV3: T05.2026 | BW3: T06.2026 | BX3: T07.2026 | BY3: T08.2026 | BZ3: T09.2026 | CA3: T10.2026 | CB3: T11.2026 | CC3: T12.2026
A4: 1 | B4: Sản lượng (kg) | C4: 5 | D4: =SUM(Data_PL7[[#This Row],[T1.2021]:[T12.2021]]) -> 2131.962 | E4: =SUM(Data_PL7[[#This Row],[T1.2022]:[T12.2022]]) -> 9850.865 | F4: =SUM(Data_PL7[[#This Row],[T1.2023]:[T12.2023]]) -> 22582.09 | G4: =SUM(Data_PL7[[#This Row],[T01.2024]:[T12.2024]]) -> 40044.844 | H4: =SUM(Data_PL7[[#This Row],[T01.2025]:[T12.2025]]) -> 50376.161 | I4: =SUM(Data_PL7[[#This Row],[T01.2026]:[T12.2026]]) -> 19871.663 | J4: 76.025 | K4: 61 | L4: 303.8 | M4: 215.35 | N4: 35.93 | O4: 30.437 | P4: 87.5 | Q4: 69.2 | R4: 115.5 | S4: 262.5 | T4: 284.8 | U4: 589.92 | V4: 250.8 | W4: 242 | X4: 710 | Y4: 815.189 | Z4: 578.208 | AA4: 678.9 | AB4: 421.5 | AC4: 1104.468 | AD4: 1030.32 | AE4: 1178.275 | AF4: 981.1 | AG4: 1860.105 | AH4: 651.8 | AI4: 653.075 | AJ4: 1875.95 | AK4: 1792.575 | AL4: 1632.875 | AM4: 1573.975 | AN4: 2078.599 | AO4: 2591.943 | AP4: 2246.875 | AQ4: 3057.347 | AR4: 2111.308 | AS4: 2315.768 | AT4: 3553.2 | AU4: 2285.051 | AV4: 2972.068 | AW4: 3202.752 | AX4: 3455.89 | AY4: 2432.325 | AZ4: 1986.853 | BA4: 5184.5942 | BB4: 4932.507 | BC4: 4058.203 | BD4: 2606.253 | BE4: 3375.148 | BF4: 3612.7513 | BG4: 6002.038 | BH4: 4985.538 | BI4: 4060.361 | BJ4: 4785.7603 | BK4: 3895.695 | BL4: 4652.4191 | BM4: 5655.27 | BN4: 3106.292 | BO4: 3393.537 | BP4: 3040.82 | BQ4: 3185.679 | BR4: 4409.992 | BS4: 3267.6 | BT4: 6445.446 | BU4: 5748.625
A5: 2 | B5: 1.Doanh thu bán hàng và cung cấp dịch vụ | C5: 5 | D5: =SUM(Data_PL7[[#This Row],[T1.2021]:[T12.2021]]) -> 60562275921 | E5: =SUM(Data_PL7[[#This Row],[T1.2022]:[T12.2022]]) -> 330330688073 | F5: =SUM(Data_PL7[[#This Row],[T1.2023]:[T12.2023]]) -> 685554367311 | G5: =SUM(Data_PL7[[#This Row],[T01.2024]:[T12.2024]]) -> 1211387224737 | H5: =SUM(Data_PL7[[#This Row],[T01.2025]:[T12.2025]]) -> 1551998582223 | I5: =SUM(Data_PL7[[#This Row],[T01.2026]:[T12.2026]]) -> 556792402428 | J5: 2192940600 | K5: 1791822000 | L5: 8682084600 | M5: 6264332700 | N5: 1376973402 | O5: 904631370 | P5: 3085582842 | Q5: 2036756400 | R5: 4007834643 | S5: 8372308560 | T5: 8615033640 | U5: 13231975164 | V5: 7498036216 | W5: 6876982200 | X5: 21877405036 | Y5: 27424133378 | Z5: 18350378815 | AA5: 21902018748 | AB5: 15882148168 | AC5: 38706132850 | AD5: 36809694250 | AE5: 41577847270 | AF5: 34741567940 | AG5: 58684343202 | AH5: 24985455241 | AI5: 23042319009 | AJ5: 59212986698 | AK5: 54287237375 | AL5: 57641008821 | AM5: 50922412416 | AN5: 53533092198 | AO5: 78282463651 | AP5: 64916176630 | AQ5: 84671529098 | AR5: 62903041444 | AS5: 71156644730 | AT5: 95961616736 | AU5: 70105871996 | AV5: 92109508133 | AW5: 97489092894 | AX5: 102501453344 | AY5: 68093170109 | AZ5: 56451269692 | BA5: 160372945473 | BB5: 161501484254 | BC5: 119734804022 | BD5: 76175498864 | BE5: 110890509220 | BF5: 114976445897 | BG5: 188477338235 | BH5: 150730683132 | BI5: 125734240353 | BJ5: 153674258114 | BK5: 119843310993 | BL5: 138018360641 | BM5: 169442946928 | BN5: 91484253567 | BO5: 108928556660 | BP5: 89826973802 | BQ5: 100861213901 | BR5: 126786913920 | BS5: 96600110916 | BT5: 174261948689 | BU5: 159143428903
A6: 3 | B6: 2.Các khoản giảm trừ doanh thu | C6: 5 | D6: =SUM(Data_PL7[[#This Row],[T1.2021]:[T12.2021]]) -> 68351150 | E6: =SUM(Data_PL7[[#This Row],[T1.2022]:[T12.2022]]) -> 398631999 | F6: =SUM(Data_PL7[[#This Row],[T1.2023]:[T12.2023]]) -> 35151625 | G6: =SUM(Data_PL7[[#This Row],[T01.2024]:[T12.2024]]) -> 19971229676 | H6: =SUM(Data_PL7[[#This Row],[T01.2025]:[T12.2025]]) -> 14472758187 | I6: =SUM(Data_PL7[[#This Row],[T01.2026]:[T12.2026]]) -> 1763882787 | J6: 0 | K6: 0 | L6: 0 | M6: 0 | N6: 0 | O6: 36461250 | P6: 0 | Q6: 686000 | R6: 0 | S6: 0 | T6: 0 | U6: 31203900 | V6: 0 | W6: 765658695 | X6: -760221195 | Y6: 0 | Z6: 0 | AA6: 0 | AB6: 3076000 | AC6: 346771999 | AD6: 0 | AE6: 0 | AF6: 43346500 | AG6: 0 | AH6: 0 | AI6: 0 | AJ6: 453218 | AK6: 195177 | AL6: 9024000 | AM6: 18714230 | AN6: 6765000 | AO6: 0 | AP6: 0 | AQ6: 0 | AR6: 0 | AS6: 0 | AT6: 0 | AU6: 1166125000 | AV6: 0 | AW6: 0 | AX6: 136455000 | AY6: 0 | AZ6: 0 | BA6: 6345077301 | BB6: 4671587529 | BC6: 2922205276 | BD6: 49359030 | BE6: 4680420540 | BF6: 513935495 | BG6: 477877176 | BH6: 477350452 | BI6: 304590498 | BJ6: 1607115262 | BK6: 708638196 | BL6: 26953743 | BM6: 1000293545 | BN6: 6773818500 | BO6: 0 | BP6: 1479093000 | BQ6: 1103092320 | BR6: 687876997 | BS6: 33305556 | BT6: 956126160 | BU6: 86574074
A7: 4 | B7: 3.Doanh thu thuần về bán hàng và cung cấp dịch vụ | C7: 5 | D7: =SUM(Data_PL7[[#This Row],[T1.2021]:[T12.2021]]) -> 60493924771 | E7: =SUM(Data_PL7[[#This Row],[T1.2022]:[T12.2022]]) -> 329932056074 | F7: =SUM(Data_PL7[[#This Row],[T1.2023]:[T12.2023]]) -> 685519215686 | G7: =SUM(Data_PL7[[#This Row],[T01.2024]:[T12.2024]]) -> 1191415995061 | H7: =SUM(Data_PL7[[#This Row],[T01.2025]:[T12.2025]]) -> 1537525824036 | I7: =SUM(Data_PL7[[#This Row],[T01.2026]:[T12.2026]]) -> 555028519641 | J7: 2192940600 | K7: 1791822000 | L7: 8682084600 | M7: 6264332700 | N7: 1376973402 | O7: 868170120 | P7: 3085582842 | Q7: 2036070400 | R7: 4007834643 | S7: 8372308560 | T7: 8615033640 | U7: 13200771264 | V7: 7498036216 | W7: 6111323505 | X7: 22637626231 | Y7: 27424133378 | Z7: 18350378815 | AA7: 21902018748 | AB7: 15879072168 | AC7: 38359360851 | AD7: 36809694250 | AE7: 41577847270 | AF7: 34698221440 | AG7: 58684343202 | AH7: 24985455241 | AI7: 23042319009 | AJ7: 59212533480 | AK7: 54287042198 | AL7: 57631984821 | AM7: 50903698186 | AN7: 53526327198 | AO7: 78282463651 | AP7: 64916176630 | AQ7: 84671529098 | AR7: 62903041444 | AS7: 71156644730 | AT7: 95961616736 | AU7: 68939746996 | AV7: 92109508133 | AW7: 97489092894 | AX7: 102364998344 | AY7: 68093170109 | AZ7: 56451269692 | BA7: 154027868172 | BB7: 156829896725 | BC7: 116812598746 | BD7: 76126139834 | BE7: 106210088680 | BF7: 114462510402 | BG7: 187999461059 | BH7: 150253332680 | BI7: 125429649855 | BJ7: 152067142852 | BK7: 119134672797 | BL7: 137991406898 | BM7: 168442653383 | BN7: 84710435067 | BO7: 108928556660 | BP7: 88347880802 | BQ7: 99758121581 | BR7: 126099036923 | BS7: 96566805360 | BT7: 173305822529 | BU7: 159056854829
A8: 5 | B8: 4.Giá vốn hàng bán | C8: 5 | D8: =SUM(Data_PL7[[#This Row],[T1.2021]:[T12.2021]]) -> 55288134722 | E8: =SUM(Data_PL7[[#This Row],[T1.2022]:[T12.2022]]) -> 299901216900 | F8: =SUM(Data_PL7[[#This Row],[T1.2023]:[T12.2023]]) -> 518594542678 | G8: =SUM(Data_PL7[[#This Row],[T01.2024]:[T12.2024]]) -> 998230253982 | H8: =SUM(Data_PL7[[#This Row],[T01.2025]:[T12.2025]]) -> 1343495797036 | I8: =SUM(Data_PL7[[#This Row],[T01.2026]:[T12.2026]]) -> 512422326416 | J8: 1714389259 | K8: 1513381552 | L8: 6687623393 | M8: 4774057263 | N8: 1087102095 | O8: 807656278 | P8: 2716172489 | Q8: 4315716140 | R8: 4265960659 | S8: 7443114351 | T8: 7773986301 | U8: 12188974942 | V8: 6843552810 | W8: 6912963718 | X8: 19836366360 | Y8: 21907875072 | Z8: 15580244606 | AA8: 18312738285 | AB8: 12006617281 | AC8: 32529935445 | AD8: 32281385317 | AE8: 38377094489 | AF8: 30963456194 | AG8: 64348987323 | AH8: 20792367485 | AI8: 21918378947 | AJ8: 61251223688 | AK8: 53942190282 | AL8: 50245648463 | AM8: 7904131770 | AN8: 44797235508 | AO8: 62222051344 | AP8: 37728980820 | AQ8: 61940025172 | AR8: 49113504898 | AS8: 46738804301 | AT8: 85841765176 | AU8: 68748321616 | AV8: 86824377307 | AW8: 85475594862 | AX8: 99208228636 | AY8: 69795611979 | AZ8: 61217801757 | BA8: 147970813832 | BB8: 132769623597 | BC8: 112138441893 | BD8: 70998442117 | BE8: -22758768790 | BF8: 96299447936 | BG8: 154570631505 | BH8: 129509315823 | BI8: 109641808151 | BJ8: 129906078108 | BK8: 105463649620 | BL8: 128673842020 | BM8: 155101842643 | BN8: 83113314505 | BO8: 99966937216 | BP8: 80940600844 | BQ8: 70308328665 | BR8: 115080112871 | BS8: 90411470461 | BT8: 165844739865 | BU8: 141086003219
A9: 6 | B9: 5.Lợi nhuận gộp về bán hàng | C9: 5 | D9: =SUM(Data_PL7[[#This Row],[T1.2021]:[T12.2021]]) -> 5205790049 | E9: =SUM(Data_PL7[[#This Row],[T1.2022]:[T12.2022]]) -> 30030839174 | F9: =SUM(Data_PL7[[#This Row],[T1.2023]:[T12.2023]]) -> 166924673008 | G9: =SUM(Data_PL7[[#This Row],[T01.2024]:[T12.2024]]) -> 193185741079 | H9: =SUM(Data_PL7[[#This Row],[T01.2025]:[T12.2025]]) -> 194030027000 | I9: =SUM(Data_PL7[[#This Row],[T01.2026]:[T12.2026]]) -> 42606193225 | J9: 478551341 | K9: 278440448 | L9: 1994461207 | M9: 1490275437 | N9: 289871307 | O9: 60513842 | P9: 369410353 | Q9: -2279645740 | R9: -258126016 | S9: 929194209 | T9: 841047339 | U9: 1011796322 | V9: 654483406 | W9: -801640213 | X9: 2801259871 | Y9: 5516258306 | Z9: 2770134209 | AA9: 3589280463 | AB9: 3872454887 | AC9: 5829425406 | AD9: 4528308933 | AE9: 3200752781 | AF9: 3734765246 | AG9: -5664644121 | AH9: 4193087756 | AI9: 1123940062 | AJ9: -2038690208 | AK9: 344851916 | AL9: 7386336358 | AM9: 42999566416 | AN9: 8729091690 | AO9: 16060412307 | AP9: 27187195810 | AQ9: 22731503926 | AR9: 13789536546 | AS9: 24417840429 | AT9: 10119851560 | AU9: 191425380 | AV9: 5285130826 | AW9: 12013498032 | AX9: 3156769708 | AY9: -1702441870 | AZ9: -4766532065 | BA9: 6057054340 | BB9: 24060273128 | BC9: 4674156853 | BD9: 5127697717 | BE9: 128968857470 | BF9: 18163062466 | BG9: 33428829554 | BH9: 20744016857 | BI9: 15787841704 | BJ9: 22161064744 | BK9: 13671023177 | BL9: 9317564878 | BM9: 13340810740 | BN9: 1597120562 | BO9: 8961619444 | BP9: 7407279958 | BQ9: 29449792916 | BR9: 11018924052 | BS9: 6155334899 | BT9: 7461082664 | BU9: 17970851610
A10: 7 | B10: 6.Lãi/lỗ của hoạt động bán, thanh lý bất động sản đầu tư | C10: 5 | D10: =SUM(Data_PL7[[#This Row],[T1.2021]:[T12.2021]]) -> 0 | E10: =SUM(Data_PL7[[#This Row],[T1.2022]:[T12.2022]]) -> 0 | F10: =SUM(Data_PL7[[#This Row],[T1.2023]:[T12.2023]]) -> 0 | G10: =SUM(Data_PL7[[#This Row],[T01.2024]:[T12.2024]]) -> 0 | H10: =SUM(Data_PL7[[#This Row],[T01.2025]:[T12.2025]]) -> 0 | I10: =SUM(Data_PL7[[#This Row],[T01.2026]:[T12.2026]]) -> 0
A11: 8 | B11: 7.Doanh thu hoạt động tài chính | C11: 5 | D11: =SUM(Data_PL7[[#This Row],[T1.2021]:[T12.2021]]) -> 18328733000 | E11: =SUM(Data_PL7[[#This Row],[T1.2022]:[T12.2022]]) -> 17240601582 | F11: =SUM(Data_PL7[[#This Row],[T1.2023]:[T12.2023]]) -> 9282695737 | G11: =SUM(Data_PL7[[#This Row],[T01.2024]:[T12.2024]]) -> 15099094600 | H11: =SUM(Data_PL7[[#This Row],[T01.2025]:[T12.2025]]) -> 16906508752 | I11: =SUM(Data_PL7[[#This Row],[T01.2026]:[T12.2026]]) -> 3968224388 | J11: 1228117 | K11: 1370668 | L11: 503786 | M11: 991223 | N11: 924399 | O11: 2721429 | P11: 5630167167 | Q11: 4552274821 | R11: 4006107516 | S11: 1404451824 | T11: 1487413089 | U11: 1240578961 | V11: 1479346434 | W11: 1527456177 | X11: 1512346597 | Y11: 1655612808 | Z11: 2665641339 | AA11: 1264179580 | AB11: 1129143854 | AC11: 1236134244 | AD11: 1420307305 | AE11: 1826774837 | AF11: 1006924842 | AG11: 516733565 | AH11: 23897328 | AI11: 190776336 | AJ11: 16660712 | AK11: 967330723 | AL11: 867791673 | AM11: 866039044 | AN11: 810000497 | AO11: 1331407010 | AP11: 1045754825 | AQ11: 1146315118 | AR11: 946685267 | AS11: 1070037204 | AT11: 702840610 | AU11: 1100851130 | AV11: 994712341 | AW11: 1735368123 | AX11: 1021938222 | AY11: 578784271 | AZ11: 343643819 | BA11: 1242477440 | BB11: 1549112434 | BC11: 2779237425 | BD11: 865910053 | BE11: 2184218732 | BF11: 773999253 | BG11: 1788435256 | BH11: 931124505 | BI11: 1307926421 | BJ11: 2429341904 | BK11: 1641453607 | BL11: 1393514763 | BM11: 1498736488 | BN11: 1228780215 | BO11: 2716737103 | BP11: 515476780 | BQ11: 680982457 | BR11: 1053165322 | BS11: 307705069 | BT11: 839416558 | BU11: 1767937439
A12: 9 | B12: 8.Chi phí tài chính | C12: 5 | D12: =SUM(Data_PL7[[#This Row],[T1.2021]:[T12.2021]]) -> 3984725509 | E12: =SUM(Data_PL7[[#This Row],[T1.2022]:[T12.2022]]) -> 8892172663 | F12: =SUM(Data_PL7[[#This Row],[T1.2023]:[T12.2023]]) -> 3023468987 | G12: =SUM(Data_PL7[[#This Row],[T01.2024]:[T12.2024]]) -> 13113711111 | H12: =SUM(Data_PL7[[#This Row],[T01.2025]:[T12.2025]]) -> 18541073627 | I12: =SUM(Data_PL7[[#This Row],[T01.2026]:[T12.2026]]) -> 6611590325 | J12: 167606071 | K12: 221668883 | L12: 208008837 | M12: 262181583 | N12: 294284803 | O12: 376440316 | P12: 341383390 | Q12: 424333601 | R12: 404885911 | S12: 376140889 | T12: 457278692 | U12: 450512533 | V12: 566186825 | W12: 636770194 | X12: 622676693 | Y12: 508923847 | Z12: 611802389 | AA12: 151684906 | AB12: 632905650 | AC12: 700652271 | AD12: 1025151505 | AE12: 1107933886 | AF12: 1595489167 | AG12: 731995330 | AH12: 74107271 | AI12: 30659803 | AJ12: 220600896 | AK12: 69167924 | AL12: 49408830 | AM12: 124156445 | AN12: 311284353 | AO12: 709793834 | AP12: 328510530 | AQ12: 475535318 | AR12: 86442609 | AS12: 543801174 | AT12: 801399604 | AU12: 695500231 | AV12: 663502461 | AW12: 1555671370 | AX12: 936492932 | AY12: 1103852896 | AZ12: 1608708972 | BA12: 1489581015 | BB12: 1372261307 | BC12: 636041020 | BD12: 1257673070 | BE12: 993026233 | BF12: 1529745602 | BG12: 1349010483 | BH12: 902730488 | BI12: 1450570894 | BJ12: 858169737 | BK12: 1483876982 | BL12: 1315247967 | BM12: 1366041150 | BN12: 1603769193 | BO12: 2900732378 | BP12: 1301741764 | BQ12: 2479436989 | BR12: 1532817392 | BS12: 1569283837 | BT12: 1510605035 | BU12: 1998884061
A13: 10 | B13: Trong đó: Chi phí lãi vay | C13: 5 | D13: =SUM(Data_PL7[[#This Row],[T1.2021]:[T12.2021]]) -> 3929610603 | E13: =SUM(Data_PL7[[#This Row],[T1.2022]:[T12.2022]]) -> 7725836076 | F13: =SUM(Data_PL7[[#This Row],[T1.2023]:[T12.2023]]) -> 1165406526 | G13: =SUM(Data_PL7[[#This Row],[T01.2024]:[T12.2024]]) -> 10328501137 | H13: =SUM(Data_PL7[[#This Row],[T01.2025]:[T12.2025]]) -> 14263439054 | I13: =SUM(Data_PL7[[#This Row],[T01.2026]:[T12.2026]]) -> 4418197522 | J13: 167603935 | K13: 221659846 | L13: 208008837 | M13: 262170575 | N13: 294134531 | O13: 375347816 | P13: 340813568 | Q13: 399256526 | R13: 400979485 | S13: 368636370 | T13: 424483338 | U13: 466515776 | V13: 517655739 | W13: 651086182 | X13: 617884939 | Y13: 507919165 | Z13: 603465663 | AA13: 147007916 | AB13: 631302971 | AC13: 699695123 | AD13: 854484433 | AE13: 862022364 | AF13: 1093552795 | AG13: 539758786 | AH13: 44321388 | AI13: 0 | AJ13: 48722388 | AK13: 76187496 | AL13: 68801482 | AM13: 28249626 | AN13: 91396439 | AO13: 93845376 | AP13: 109400024 | AQ13: 129996535 | AR13: 157601782 | AS13: 316883990 | AT13: 460461775 | AU13: 563909516 | AV13: 587315920 | AW13: 905708142 | AX13: 974310029 | AY13: 1115056080 | AZ13: 1160823006 | BA13: 939585045 | BB13: 859444105 | BC13: 840165515 | BD13: 889159081 | BE13: 1032562923 | BF13: 1114824276 | BG13: 928379281 | BH13: 673966789 | BI13: 888393452 | BJ13: 1186588729 | BK13: 1448899822 | BL13: 1242023326 | BM13: 1303560910 | BN13: 1595764355 | BO13: 1368802426 | BP13: 1256132292 | BQ13: 1256103396 | BR13: 1240115065 | BS13: 1156279418 | BT13: 959718564 | BU13: 1062084475
A14: 11 | B14: 9.Chi phí bán hàng | C14: 5 | D14: =SUM(Data_PL7[[#This Row],[T1.2021]:[T12.2021]]) -> 3009092451 | E14: =SUM(Data_PL7[[#This Row],[T1.2022]:[T12.2022]]) -> 14690021152 | F14: =SUM(Data_PL7[[#This Row],[T1.2023]:[T12.2023]]) -> 19132571517 | G14: =SUM(Data_PL7[[#This Row],[T01.2024]:[T12.2024]]) -> 50836279646 | H14: =SUM(Data_PL7[[#This Row],[T01.2025]:[T12.2025]]) -> 55101745592 | I14: =SUM(Data_PL7[[#This Row],[T01.2026]:[T12.2026]]) -> 19001448254 | J14: 0 | K14: 0 | L14: 0 | M14: 0 | N14: 0 | O14: 0 | P14: 0 | Q14: 251616145 | R14: 680077987 | S14: 546329598 | T14: 967543289 | U14: 563525432 | V14: 496681104 | W14: 38696800 | X14: 1520204587 | Y14: 3287497220 | Z14: 563902784 | AA14: 802923682 | AB14: 1108487180 | AC14: 819028904 | AD14: 1282383810 | AE14: 1073636694 | AF14: 1462938929 | AG14: 2233639458 | AH14: 645459129 | AI14: 991254056 | AJ14: 1883160244 | AK14: 1145404547 | AL14: 1970368365 | AM14: 1459341885 | AN14: 1450399092 | AO14: 2363556660 | AP14: 1466584216 | AQ14: 2298997918 | AR14: 1849124450 | AS14: 1608920955 | AT14: 2846219487 | AU14: 1219456854 | AV14: 3715738043 | AW14: 4585159549 | AX14: 1693810954 | AY14: 2407466874 | AZ14: 2300964337 | BA14: 8205607205 | BB14: 7036529523 | BC14: 4608951194 | BD14: 1949627546 | BE14: 10266748080 | BF14: 4006424849 | BG14: 6313682258 | BH14: 5091544776 | BI14: 4077126734 | BJ14: 4686536575 | BK14: 4796729528 | BL14: 3449972349 | BM14: 4949095751 | BN14: 2811598286 | BO14: 6688603934 | BP14: 3413749635 | BQ14: 4816680917 | BR14: 3731798004 | BS14: 3202645336 | BT14: 6245695788 | BU14: 5821309126
A15: 12 | B15: 10.Chi phí quản lý doanh nghiệp | C15: 5 | D15: =SUM(Data_PL7[[#This Row],[T1.2021]:[T12.2021]]) -> 11203395485 | E15: =SUM(Data_PL7[[#This Row],[T1.2022]:[T12.2022]]) -> 29733399077 | F15: =SUM(Data_PL7[[#This Row],[T1.2023]:[T12.2023]]) -> 40274613810 | G15: =SUM(Data_PL7[[#This Row],[T01.2024]:[T12.2024]]) -> 70102214341 | H15: =SUM(Data_PL7[[#This Row],[T01.2025]:[T12.2025]]) -> 98715170412 | I15: =SUM(Data_PL7[[#This Row],[T01.2026]:[T12.2026]]) -> 31832287701 | J15: 457415751 | K15: 619384345 | L15: 707076077 | M15: 816715935 | N15: 827613489 | O15: 624184259 | P15: 2510720411 | Q15: 569609208 | R15: 536039299 | S15: 941857345 | T15: 3424596971 | U15: -831817605 | V15: 1435430845 | W15: 1479188151 | X15: 1624743284 | Y15: 1725353483 | Z15: 1803134313 | AA15: 1872200320 | AB15: 1882239518 | AC15: 2444716491 | AD15: 2755381317 | AE15: 3239626198 | AF15: 3143544394 | AG15: 6327840763 | AH15: 2772788125 | AI15: 2947588122 | AJ15: 3098829707 | AK15: 3036290770 | AL15: 3448026712 | AM15: 3261800788 | AN15: 3348437381 | AO15: 1910475796 | AP15: 3536419913 | AQ15: 3592592574 | AR15: 3600549435 | AS15: 5720814487 | AT15: 5241377343 | AU15: 4647980221 | AV15: 4838115306 | AW15: 5132788494 | AX15: 5665606587 | AY15: 5470797521 | AZ15: 5239042307 | BA15: 6065017937 | BB15: 7524726581 | BC15: 7016385931 | BD15: 7426888275 | BE15: 5833487838 | BF15: 7638868570 | BG15: 7013534740 | BH15: 7332584934 | BI15: 7155903324 | BJ15: 7948694673 | BK15: 7721648228 | BL15: 7616453256 | BM15: 7931593154 | BN15: 9422194647 | BO15: 3775611792 | BP15: 9875644458 | BQ15: 15282438636 | BR15: 8394130638 | BS15: 7959394332 | BT15: 7329810589 | BU15: 8148952142
A16: 13 | B16: 11.Lợi nhuận thuần từ hoạt động kinh doanh | C16: 5 | D16: =SUM(Data_PL7[[#This Row],[T1.2021]:[T12.2021]]) -> 5337309604 | E16: =SUM(Data_PL7[[#This Row],[T1.2022]:[T12.2022]]) -> -6044152136 | F16: =SUM(Data_PL7[[#This Row],[T1.2023]:[T12.2023]]) -> 113776714431 | G16: =SUM(Data_PL7[[#This Row],[T01.2024]:[T12.2024]]) -> 74232630581 | H16: =SUM(Data_PL7[[#This Row],[T01.2025]:[T12.2025]]) -> 38578546121 | I16: =SUM(Data_PL7[[#This Row],[T01.2026]:[T12.2026]]) -> -10870908667 | J16: -145242364 | K16: -561242112 | L16: 1079880079 | M16: 412369142 | N16: -831102586 | O16: -937389304 | P16: 3147473719 | Q16: 1027070127 | R16: 2126978303 | S16: 469318201 | T16: -2520958524 | U16: 2070154923 | V16: -364468934 | W16: -1428839181 | X16: 545981904 | Y16: 1650096564 | Z16: 2456936062 | AA16: 2026651135 | AB16: 1377966393 | AC16: 3101161984 | AD16: 885699606 | AE16: -393669160 | AF16: -1460282402 | AG16: -14441386107 | AH16: 724630559 | AI16: -2654785583 | AJ16: -7224620343 | AK16: -2938680602 | AL16: 2786324124 | AM16: 39020306342 | AN16: 4428971361 | AO16: 12407993027 | AP16: 22901435976 | AQ16: 17510693234 | AR16: 9200105319 | AS16: 17614341017 | AT16: 1933695736 | AU16: -5270660796 | AV16: -2937512643 | AW16: 2475246742 | AX16: -4117202543 | AY16: -10105774890 | AZ16: -13571603862 | BA16: -8460674377 | BB16: 9675868151 | BC16: -4807983867 | BD16: -4640581121 | BE16: 114059814051 | BF16: 5762022698 | BG16: 20541037329 | BH16: 8348281164 | BI16: 4412167173 | BJ16: 11097005663 | BK16: 1310222046 | BL16: -1670593931 | BM16: 592817173 | BN16: -11011661349 | BO16: -1686591557 | BP16: -6668379119 | BQ16: 7552218831 | BR16: -1586656660 | BS16: -6268283537 | BT16: -6785612190 | BU16: 3769643720
A17: 14 | B17: 12.Thu nhập khác | C17: 5 | D17: =SUM(Data_PL7[[#This Row],[T1.2021]:[T12.2021]]) -> 18771710496 | E17: =SUM(Data_PL7[[#This Row],[T1.2022]:[T12.2022]]) -> 92779904880 | F17: =SUM(Data_PL7[[#This Row],[T1.2023]:[T12.2023]]) -> 17391162 | G17: =SUM(Data_PL7[[#This Row],[T01.2024]:[T12.2024]]) -> 1503561903 | H17: =SUM(Data_PL7[[#This Row],[T01.2025]:[T12.2025]]) -> 454238633 | I17: =SUM(Data_PL7[[#This Row],[T01.2026]:[T12.2026]]) -> 11703115 | J17: 0 | K17: 299375994 | L17: 787003464 | M17: 853324557 | N17: 610174630 | O17: 1291891103 | P17: 8989972067 | Q17: 40395118 | R17: 2077248 | S17: 399581022 | T17: 2510200174 | U17: 2987715119 | V17: 5351841304 | W17: 240544660 | X17: 164167319 | Y17: 0 | Z17: 397562937 | AA17: 263298162 | AB17: 116035636 | AC17: 406946130 | AD17: 1142849269 | AE17: 973159654 | AF17: 4531212183 | AG17: 79192287626 | AH17: 332026 | AI17: 0 | AJ17: 2 | AK17: 1 | AL17: 0 | AM17: 425 | AN17: 0 | AO17: 0 | AP17: 0 | AQ17: 0 | AR17: 8116 | AS17: 17050592 | AT17: 1945 | AU17: 12000 | AV17: 0 | AW17: 0 | AX17: 203 | AY17: 58510228 | AZ17: 52918371 | BA17: 177726993 | BB17: 999 | BC17: 196700 | BD17: 1398763491 | BE17: -184569027 | BF17: 500207 | BG17: 2492480 | BH17: 2600082 | BI17: 33918440 | BJ17: 115000000 | BK17: 2020926 | BL17: 9788652 | BM17: 244500606 | BN17: 742 | BO17: 819591 | BP17: 110446 | BQ17: 42486461 | BR17: 4505 | BS17: 70001 | BT17: 1144804 | BU17: 10483805
A18: 15 | B18: 13.Chi phí khác | C18: 5 | D18: =SUM(Data_PL7[[#This Row],[T1.2021]:[T12.2021]]) -> 3720756403 | E18: =SUM(Data_PL7[[#This Row],[T1.2022]:[T12.2022]]) -> 5507730098 | F18: =SUM(Data_PL7[[#This Row],[T1.2023]:[T12.2023]]) -> 198294222 | G18: =SUM(Data_PL7[[#This Row],[T01.2024]:[T12.2024]]) -> 8884638060 | H18: =SUM(Data_PL7[[#This Row],[T01.2025]:[T12.2025]]) -> 7634668922 | I18: =SUM(Data_PL7[[#This Row],[T01.2026]:[T12.2026]]) -> 368182201 | J18: 77565 | K18: 0 | L18: 0 | M18: 0 | N18: 6136364 | O18: 0 | P18: 0 | Q18: 0 | R18: 0 | S18: 0 | T18: 0 | U18: 3714542474 | V18: 0 | W18: 274745 | X18: 2093722658 | Y18: 631668424 | Z18: 567391744 | AA18: 150706725 | AB18: 2322906 | AC18: 1880704 | AD18: 593797145 | AE18: 15441 | AF18: 441600828 | AG18: 1024348778 | AH18: 1 | AI18: 236 | AJ18: 0 | AK18: 7135172 | AL18: 3500000 | AM18: 99064 | AN18: 0 | AO18: -36000 | AP18: 0 | AQ18: 0 | AR18: 0 | AS18: 187595749 | AT18: 7958068 | AU18: 1 | AV18: 21796958 | AW18: 2 | AX18: 36200000 | AY18: 168183405 | AZ18: 6000002 | BA18: 601 | BB18: 2601033 | BC18: 170398064 | BD18: 202496 | BE18: 8471297430 | BF18: 1251667 | BG18: 130033300 | BH18: 0 | BI18: 17808640 | BJ18: 600 | BK18: 50477376 | BL18: 130663204 | BM18: 539898446 | BN18: 539664890 | BO18: 3515574706 | BP18: 1106262251 | BQ18: 1603033842 | BR18: 106808581 | BS18: 151000202 | BT18: 34000105 | BU18: 76373313
A19: 16 | B19: 14.Lợi nhuận khác | C19: 5 | D19: =SUM(Data_PL7[[#This Row],[T1.2021]:[T12.2021]]) -> 15050954093 | E19: =SUM(Data_PL7[[#This Row],[T1.2022]:[T12.2022]]) -> 87272174782 | F19: =SUM(Data_PL7[[#This Row],[T1.2023]:[T12.2023]]) -> -180903060 | G19: =SUM(Data_PL7[[#This Row],[T01.2024]:[T12.2024]]) -> -7381076157 | H19: =SUM(Data_PL7[[#This Row],[T01.2025]:[T12.2025]]) -> -7180430289 | I19: =SUM(Data_PL7[[#This Row],[T01.2026]:[T12.2026]]) -> -356479086 | J19: -77565 | K19: 299375994 | L19: 787003464 | M19: 853324557 | N19: 604038266 | O19: 1291891103 | P19: 8989972067 | Q19: 40395118 | R19: 2077248 | S19: 399581022 | T19: 2510200174 | U19: -726827355 | V19: 5351841304 | W19: 240269915 | X19: -1929555339 | Y19: -631668424 | Z19: -169828807 | AA19: 112591437 | AB19: 113712730 | AC19: 405065426 | AD19: 549052124 | AE19: 973144213 | AF19: 4089611355 | AG19: 78167938848 | AH19: 332025 | AI19: -236 | AJ19: 2 | AK19: -7135171 | AL19: -3500000 | AM19: -98639 | AN19: 0 | AO19: 36000 | AP19: 0 | AQ19: 0 | AR19: 8116 | AS19: -170545157 | AT19: -7956123 | AU19: 11999 | AV19: -21796958 | AW19: -2 | AX19: -36199797 | AY19: -109673177 | AZ19: 46918369 | BA19: 177726392 | BB19: -2600034 | BC19: -170201364 | BD19: 1398560995 | BE19: -8655866457 | BF19: -751460 | BG19: -127540820 | BH19: 2600082 | BI19: 16109800 | BJ19: 114999400 | BK19: -48456450 | BL19: -120874552 | BM19: -295397840 | BN19: -539664148 | BO19: -3514755115 | BP19: -1106151805 | BQ19: -1560547381 | BR19: -106804076 | BS19: -150930201 | BT19: -32855301 | BU19: -65889508
A20: 17 | B20: 15.Tổng lợi nhuận kế toán trước thuế | C20: 5 | D20: =SUM(Data_PL7[[#This Row],[T1.2021]:[T12.2021]]) -> 20388263697 | E20: =SUM(Data_PL7[[#This Row],[T1.2022]:[T12.2022]]) -> 81228022646 | F20: =SUM(Data_PL7[[#This Row],[T1.2023]:[T12.2023]]) -> 113595811371 | G20: =SUM(Data_PL7[[#This Row],[T01.2024]:[T12.2024]]) -> 66851554424 | H20: =SUM(Data_PL7[[#This Row],[T01.2025]:[T12.2025]]) -> 31398115832 | I20: =SUM(Data_PL7[[#This Row],[T01.2026]:[T12.2026]]) -> -11227387753 | J20: -145319929 | K20: -261866118 | L20: 1866883543 | M20: 1265693699 | N20: -227064320 | O20: 354501799 | P20: 12137445786 | Q20: 1067465245 | R20: 2129055551 | S20: 868899223 | T20: -10758350 | U20: 1343327568 | V20: 4987372370 | W20: -1188569266 | X20: -1383573435 | Y20: 1018428140 | Z20: 2287107255 | AA20: 2139242572 | AB20: 1491679123 | AC20: 3506227410 | AD20: 1434751730 | AE20: 579475053 | AF20: 2629328953 | AG20: 63726552741 | AH20: 724962584 | AI20: -2654785819 | AJ20: -7224620341 | AK20: -2945815773 | AL20: 2782824124 | AM20: 39020207703 | AN20: 4428971361 | AO20: 12408029027 | AP20: 22901435976 | AQ20: 17510693234 | AR20: 9200113435 | AS20: 17443795860 | AT20: 1925739613 | AU20: -5270648797 | AV20: -2959309601 | AW20: 2475246740 | AX20: -4153402340 | AY20: -10215448067 | AZ20: -13524685493 | BA20: -8282947985 | BB20: 9673268117 | BC20: -4978185231 | BD20: -3242020126 | BE20: 105403947594 | BF20: 5761271238 | BG20: 20413496509 | BH20: 8350881246 | BI20: 4428276973 | BJ20: 11212005063 | BK20: 1261765596 | BL20: -1791468483 | BM20: 297419333 | BN20: -11551325497 | BO20: -5201346672 | BP20: -7774530924 | BQ20: 5991671450 | BR20: -1693460736 | BS20: -6419213738 | BT20: -6818467491 | BU20: 3703754212
A21: 18 | B21: 16.Chi phí thuế TNDN hiện hành | C21: 5 | D21: =SUM(Data_PL7[[#This Row],[T1.2021]:[T12.2021]]) -> 2854356918 | E21: =SUM(Data_PL7[[#This Row],[T1.2022]:[T12.2022]]) -> 19125239788 | F21: =SUM(Data_PL7[[#This Row],[T1.2023]:[T12.2023]]) -> 11001624815 | G21: =SUM(Data_PL7[[#This Row],[T01.2024]:[T12.2024]]) -> 11495266455 | H21: =SUM(Data_PL7[[#This Row],[T01.2025]:[T12.2025]]) -> 7500302208 | I21: =SUM(Data_PL7[[#This Row],[T01.2026]:[T12.2026]]) -> -153060867 | J21: 0 | K21: 0 | L21: 373376709 | M21: 253138740 | N21: 0 | O21: 70900360 | P21: 2427489157 | Q21: 213493049 | R21: 425811110 | S21: 173779845 | T21: 0 | U21: -1083632052 | V21: 997474474 | W21: 0 | X21: 0 | Y21: 203685628 | Z21: 457567861 | AA21: 427848514 | AB21: 298494225 | AC21: 701245482 | AD21: 286950346 | AE21: 115895011 | AF21: 525865791 | AG21: 15110212456 | AH21: 144992517 | AI21: 0 | AJ21: 0 | AK21: 0 | AL21: 0 | AM21: 5795561979 | AN21: 885794272 | AO21: 2481605805 | AP21: 4580287195 | AQ21: 3502138647 | AR21: 1840022687 | AS21: -8228778287 | AT21: 0 | AU21: 0 | AV21: 0 | AW21: 0 | AX21: 0 | AY21: 0 | AZ21: 0 | BA21: 0 | BB21: 0 | BC21: 0 | BD21: 0 | BE21: 11495266455 | BF21: 864190686 | BG21: 3020742780 | BH21: 1252632187 | BI21: 677293488 | BJ21: 1681800759 | BK21: 189264839 | BL21: -1000088030 | BM21: 204199602 | BN21: -1349170846 | BO21: -516688622 | BP21: -854033077 | BQ21: 3330158442 | BS21: 0 | BT21: -153060867
A22: 19 | B22: 17.Chi phí thuế TNDN hoãn lại | C22: 5 | D22: =SUM(Data_PL7[[#This Row],[T1.2021]:[T12.2021]]) -> 0 | E22: =SUM(Data_PL7[[#This Row],[T1.2022]:[T12.2022]]) -> 0 | F22: =SUM(Data_PL7[[#This Row],[T1.2023]:[T12.2023]]) -> 0 | G22: =SUM(Data_PL7[[#This Row],[T01.2024]:[T12.2024]]) -> 1838941310 | H22: =SUM(Data_PL7[[#This Row],[T01.2025]:[T12.2025]]) -> -1838941310 | I22: =SUM(Data_PL7[[#This Row],[T01.2026]:[T12.2026]]) -> 0 | J22: 0 | K22: 0 | L22: 0 | M22: 0 | N22: 0 | O22: 0 | P22: 0 | Q22: 0 | R22: 0 | S22: 0 | T22: 0 | U22: 0 | V22: 0 | W22: 0 | X22: 0 | Y22: 0 | Z22: 0 | AA22: 0 | AB22: 0 | AC22: 0 | AD22: 0 | AE22: 0 | AF22: 0 | AG22: 0 | AH22: 0 | AI22: 0 | AJ22: 0 | AK22: 0 | AL22: 0 | AM22: 0 | AN22: 0 | AO22: 0 | AP22: 0 | AQ22: 0 | AR22: 0 | AS22: 0 | AT22: 0 | AU22: 0 | AV22: 0 | AW22: 0 | AX22: 0 | AY22: 0 | AZ22: 0 | BA22: 0 | BB22: 0 | BC22: 0 | BD22: 0 | BE22: 1838941310 | BF22: 0 | BG22: -8043000 | BH22: 0 | BI22: 0 | BK22: 0 | BL22: -1830898310 | BM22: 0 | BN22: 0 | BO22: 0 | BP22: 0 | BQ22: 0 | BS22: 0
A23: 20 | B23: 18.Lợi nhuận sau thuế thu nhập doanh nghiệp | C23: 5 | D23: =SUM(Data_PL7[[#This Row],[T1.2021]:[T12.2021]]) -> 17533906779 | E23: =SUM(Data_PL7[[#This Row],[T1.2022]:[T12.2022]]) -> 62102782858 | F23: =SUM(Data_PL7[[#This Row],[T1.2023]:[T12.2023]]) -> 102594186556 | G23: =SUM(Data_PL7[[#This Row],[T01.2024]:[T12.2024]]) -> 53517346659 | H23: =SUM(Data_PL7[[#This Row],[T01.2025]:[T12.2025]]) -> 25736754934 | I23: =SUM(Data_PL7[[#This Row],[T01.2026]:[T12.2026]]) -> -11074326886 | J23: -145319929 | K23: -261866118 | L23: 1493506834 | M23: 1012554959 | N23: -227064320 | O23: 283601439 | P23: 9709956629 | Q23: 853972196 | R23: 1703244441 | S23: 695119378 | T23: -10758350 | U23: 2426959620 | V23: 3989897896 | W23: -1188569266 | X23: -1383573435 | Y23: 814742512 | Z23: 1829539394 | AA23: 1711394058 | AB23: 1193184898 | AC23: 2804981928 | AD23: 1147801384 | AE23: 463580042 | AF23: 2103463162 | AG23: 48616340285 | AH23: 579970067 | AI23: -2654785819 | AJ23: -7224620341 | AK23: -2945815773 | AL23: 2782824124 | AM23: 33224645724 | AN23: 3543177089 | AO23: 9926423222 | AP23: 18321148781 | AQ23: 14008554587 | AR23: 7360090748 | AS23: 25672574147 | AT23: 1925739613 | AU23: -5270648797 | AV23: -2959309601 | AW23: 2475246740 | AX23: -4153402340 | AY23: -10215448067 | AZ23: -13524685493 | BA23: -8282947985 | BB23: 9673268117 | BC23: -4978185231 | BD23: -3242020126 | BE23: 92069739829 | BF23: 4897080552 | BG23: 17400796729 | BH23: 7098249059 | BI23: 3750983485 | BJ23: 9530204304 | BK23: 1072500757 | BL23: 1039517857 | BM23: 93219731 | BN23: -10202154651 | BO23: -4684658050 | BP23: -6920497847 | BQ23: 2661513008 | BR23: -1693460736 | BS23: -6419213738 | BT23: -6665406624 | BU23: 3703754212
B24: % LNST | D24: =D23/D7 -> 0.28984575 | E24: =E23/E7 -> 0.18822901 | F24: =F23/F7 -> 0.1496591 | G24: =G23/G7 -> 0.04491911 | H24: =H23/H7 -> 0.016739072 | I24: =I23/I7 -> -0.019952717

Sheet PL DTR
B1: CTY CP NHỰA TÁI CHẾ DUY TÂN
B2: VND
A3: Index PL | B3: PHẦN II-KẾT QUẢ HOẠT ĐỘNG KINH DOANH | C3: TenCongTyID | D3: 2021 | E3: 2022 | F3: 2023 | G3: 2024 | H3: 2025 | I3: 2026 | J3: T1.2021 | K3: T02.2021 | L3: T03.2021 | M3: T04.2021 | N3: T05.2021 | O3: T06.2021 | P3: T07.2021 | Q3: T08.2021 | R3: T09.2021 | S3: T10.2021 | T3: T11.2021 | U3: T12.2021 | V3: T1.2022 | W3: T02.2022 | X3: T03.2022 | Y3: T04.2022 | Z3: T05.2022 | AA3: T06.2022 | AB3: T07.2022 | AC3: T08.2022 | AD3: T09.2022 | AE3: T10.2022 | AF3: T11.2022 | AG3: T12.2022 | AH3: T1.2023 | AI3: T02.2023 | AJ3: T03.2023 | AK3: T04.2023 | AL3: T05.2023 | AM3: T06.2023 | AN3: T07.2023 | AO3: T08.2023 | AP3: T09.2023 | AQ3: T10.2023 | AR3: T11.2023 | AS3: T12.2023 | AT3: T01.2024 | AU3: T02.2024 | AV3: T03.2024 | AW3: T04.2024 | AX3: T05.2024 | AY3: T06.2024 | AZ3: T07.2024 | BA3: T08.2024 | BB3: T09.2024 | BC3: T10.2024 | BD3: T11.2024 | BE3: T12.2024 | BF3: T01.2025 | BG3: T02.2025 | BH3: T03.2025 | BI3: T04.2025 | BJ3: T05.2025 | BK3: T06.2025 | BL3: T07.2025 | BM3: T08.2025 | BN3: T09.2025 | BO3: T10.2025 | BP3: T11.2025 | BQ3: T12.2025 | BR3: T01.2026 | BS3: T02.2026 | BT3: T03.2026 | BU3: T04.2026 | BV3: T05.2026 | BW3: T06.2026 | BX3: T07.2026 | BY3: T08.2026 | BZ3: T09.2026 | CA3: T10.2026 | CB3: T11.2026 | CC3: T12.2026
A4: 1 | B4: Sản lượng (kg) | C4: 5 | D4: =SUM(Data_PL73[[#This Row],[T1.2021]:[T12.2021]]) -> 2131.962 | E4: =SUM(Data_PL73[[#This Row],[T1.2022]:[T12.2022]]) -> 9850.865 | F4: =SUM(Data_PL73[[#This Row],[T1.2023]:[T12.2023]]) -> 22582.09 | G4: =SUM(Data_PL73[[#This Row],[T01.2024]:[T12.2024]]) -> 40044.844 | H4: =SUM(Data_PL73[[#This Row],[T01.2025]:[T12.2025]]) -> 50376.161 | I4: =SUM(Data_PL73[[#This Row],[T01.2026]:[T12.2026]]) -> 19871.663 | J4: 76.025 | K4: 61 | L4: 303.8 | M4: 215.35 | N4: 35.93 | O4: 30.437 | P4: 87.5 | Q4: 69.2 | R4: 115.5 | S4: 262.5 | T4: 284.8 | U4: 589.92 | V4: 250.8 | W4: 242 | X4: 710 | Y4: 815.189 | Z4: 578.208 | AA4: 678.9 | AB4: 421.5 | AC4: 1104.468 | AD4: 1030.32 | AE4: 1178.275 | AF4: 981.1 | AG4: 1860.105 | AH4: 651.8 | AI4: 653.075 | AJ4: 1875.95 | AK4: 1792.575 | AL4: 1632.875 | AM4: 1573.975 | AN4: 2078.599 | AO4: 2591.943 | AP4: 2246.875 | AQ4: 3057.347 | AR4: 2111.308 | AS4: 2315.768 | AT4: 3553.2 | AU4: 2285.051 | AV4: 2972.068 | AW4: 3202.752 | AX4: 3455.89 | AY4: 2432.325 | AZ4: 1986.853 | BA4: 5184.5942 | BB4: 4932.507 | BC4: 4058.203 | BD4: 2606.253 | BE4: 3375.148 | BF4: 3612.7513 | BG4: 6002.038 | BH4: 4985.538 | BI4: 4060.361 | BJ4: 4785.7603 | BK4: 3895.695 | BL4: 4652.4191 | BM4: 5655.27 | BN4: 3106.292 | BO4: 3393.537 | BP4: 3040.82 | BQ4: 3185.679 | BR4: 4409.992 | BS4: 3267.6 | BT4: 6445.446 | BU4: 5748.625
A5: 2 | B5: 1.Doanh thu bán hàng và cung cấp dịch vụ | C5: 5 | D5: =SUM(Data_PL73[[#This Row],[T1.2021]:[T12.2021]]) -> 60562275921 | E5: =SUM(Data_PL73[[#This Row],[T1.2022]:[T12.2022]]) -> 330330688073 | F5: =SUM(Data_PL73[[#This Row],[T1.2023]:[T12.2023]]) -> 685554367311 | G5: =SUM(Data_PL73[[#This Row],[T01.2024]:[T12.2024]]) -> 1211387224737 | H5: =SUM(Data_PL73[[#This Row],[T01.2025]:[T12.2025]]) -> 1551998582223 | I5: =SUM(Data_PL73[[#This Row],[T01.2026]:[T12.2026]]) -> 556792402428 | J5: 2192940600 | K5: 1791822000 | L5: 8682084600 | M5: 6264332700 | N5: 1376973402 | O5: 904631370 | P5: 3085582842 | Q5: 2036756400 | R5: 4007834643 | S5: 8372308560 | T5: 8615033640 | U5: 13231975164 | V5: 7498036216 | W5: 6876982200 | X5: 21877405036 | Y5: 27424133378 | Z5: 18350378815 | AA5: 21902018748 | AB5: 15882148168 | AC5: 38706132850 | AD5: 36809694250 | AE5: 41577847270 | AF5: 34741567940 | AG5: 58684343202 | AH5: 24985455241 | AI5: 23042319009 | AJ5: 59212986698 | AK5: 54287237375 | AL5: 57641008821 | AM5: 50922412416 | AN5: 53533092198 | AO5: 78282463651 | AP5: 64916176630 | AQ5: 84671529098 | AR5: 62903041444 | AS5: 71156644730 | AT5: 95961616736 | AU5: 70105871996 | AV5: 92109508133 | AW5: 97489092894 | AX5: 102501453344 | AY5: 68093170109 | AZ5: 56451269692 | BA5: 160372945473 | BB5: 161501484254 | BC5: 119734804022 | BD5: 76175498864 | BE5: 110890509220 | BF5: 114976445897 | BG5: 188477338235 | BH5: 150730683132 | BI5: 125734240353 | BJ5: 153674258114 | BK5: 119843310993 | BL5: 138018360641 | BM5: 169442946928 | BN5: 91484253567 | BO5: 108928556660 | BP5: 89826973802 | BQ5: 100861213901 | BR5: 126786913920 | BS5: 96600110916 | BT5: 174261948689 | BU5: 159143428903
A6: 3 | B6: 2.Các khoản giảm trừ doanh thu | C6: 5 | D6: =SUM(Data_PL73[[#This Row],[T1.2021]:[T12.2021]]) -> 68351150 | E6: =SUM(Data_PL73[[#This Row],[T1.2022]:[T12.2022]]) -> 398631999 | F6: =SUM(Data_PL73[[#This Row],[T1.2023]:[T12.2023]]) -> 35151625 | G6: =SUM(Data_PL73[[#This Row],[T01.2024]:[T12.2024]]) -> 19971229676 | H6: =SUM(Data_PL73[[#This Row],[T01.2025]:[T12.2025]]) -> 14472758187 | I6: =SUM(Data_PL73[[#This Row],[T01.2026]:[T12.2026]]) -> 1763882787 | J6: 0 | K6: 0 | L6: 0 | M6: 0 | N6: 0 | O6: 36461250 | P6: 0 | Q6: 686000 | R6: 0 | S6: 0 | T6: 0 | U6: 31203900 | V6: 0 | W6: 765658695 | X6: -760221195 | Y6: 0 | Z6: 0 | AA6: 0 | AB6: 3076000 | AC6: 346771999 | AD6: 0 | AE6: 0 | AF6: 43346500 | AG6: 0 | AH6: 0 | AI6: 0 | AJ6: 453218 | AK6: 195177 | AL6: 9024000 | AM6: 18714230 | AN6: 6765000 | AO6: 0 | AP6: 0 | AQ6: 0 | AR6: 0 | AS6: 0 | AT6: 0 | AU6: 1166125000 | AV6: 0 | AW6: 0 | AX6: 136455000 | AY6: 0 | AZ6: 0 | BA6: 6345077301 | BB6: 4671587529 | BC6: 2922205276 | BD6: 49359030 | BE6: 4680420540 | BF6: 513935495 | BG6: 477877176 | BH6: 477350452 | BI6: 304590498 | BJ6: 1607115262 | BK6: 708638196 | BL6: 26953743 | BM6: 1000293545 | BN6: 6773818500 | BO6: 0 | BP6: 1479093000 | BQ6: 1103092320 | BR6: 687876997 | BS6: 33305556 | BT6: 956126160 | BU6: 86574074
A7: 4 | B7: 3.Doanh thu thuần về bán hàng và cung cấp dịch vụ | C7: 5 | D7: =SUM(Data_PL73[[#This Row],[T1.2021]:[T12.2021]]) -> 60493924771 | E7: =SUM(Data_PL73[[#This Row],[T1.2022]:[T12.2022]]) -> 329932056074 | F7: =SUM(Data_PL73[[#This Row],[T1.2023]:[T12.2023]]) -> 685519215686 | G7: =SUM(Data_PL73[[#This Row],[T01.2024]:[T12.2024]]) -> 1191415995061 | H7: =SUM(Data_PL73[[#This Row],[T01.2025]:[T12.2025]]) -> 1537525824036 | I7: =SUM(Data_PL73[[#This Row],[T01.2026]:[T12.2026]]) -> 555028519641 | J7: 2192940600 | K7: 1791822000 | L7: 8682084600 | M7: 6264332700 | N7: 1376973402 | O7: 868170120 | P7: 3085582842 | Q7: 2036070400 | R7: 4007834643 | S7: 8372308560 | T7: 8615033640 | U7: 13200771264 | V7: 7498036216 | W7: 6111323505 | X7: 22637626231 | Y7: 27424133378 | Z7: 18350378815 | AA7: 21902018748 | AB7: 15879072168 | AC7: 38359360851 | AD7: 36809694250 | AE7: 41577847270 | AF7: 34698221440 | AG7: 58684343202 | AH7: 24985455241 | AI7: 23042319009 | AJ7: 59212533480 | AK7: 54287042198 | AL7: 57631984821 | AM7: 50903698186 | AN7: 53526327198 | AO7: 78282463651 | AP7: 64916176630 | AQ7: 84671529098 | AR7: 62903041444 | AS7: 71156644730 | AT7: 95961616736 | AU7: 68939746996 | AV7: 92109508133 | AW7: 97489092894 | AX7: 102364998344 | AY7: 68093170109 | AZ7: 56451269692 | BA7: 154027868172 | BB7: 156829896725 | BC7: 116812598746 | BD7: 76126139834 | BE7: 106210088680 | BF7: 114462510402 | BG7: 187999461059 | BH7: 150253332680 | BI7: 125429649855 | BJ7: 152067142852 | BK7: 119134672797 | BL7: 137991406898 | BM7: 168442653383 | BN7: 84710435067 | BO7: 108928556660 | BP7: 88347880802 | BQ7: 99758121581 | BR7: 126099036923 | BS7: 96566805360 | BT7: 173305822529 | BU7: 159056854829
A8: 5 | B8: 4.Giá vốn hàng bán | C8: 5 | D8: =SUM(Data_PL73[[#This Row],[T1.2021]:[T12.2021]]) -> 55288134722 | E8: =SUM(Data_PL73[[#This Row],[T1.2022]:[T12.2022]]) -> 299901216900 | F8: =SUM(Data_PL73[[#This Row],[T1.2023]:[T12.2023]]) -> 518594542678 | G8: =SUM(Data_PL73[[#This Row],[T01.2024]:[T12.2024]]) -> 998230253982 | H8: =SUM(Data_PL73[[#This Row],[T01.2025]:[T12.2025]]) -> 1343495797036 | I8: =SUM(Data_PL73[[#This Row],[T01.2026]:[T12.2026]]) -> 512422326416 | J8: 1714389259 | K8: 1513381552 | L8: 6687623393 | M8: 4774057263 | N8: 1087102095 | O8: 807656278 | P8: 2716172489 | Q8: 4315716140 | R8: 4265960659 | S8: 7443114351 | T8: 7773986301 | U8: 12188974942 | V8: 6843552810 | W8: 6912963718 | X8: 19836366360 | Y8: 21907875072 | Z8: 15580244606 | AA8: 18312738285 | AB8: 12006617281 | AC8: 32529935445 | AD8: 32281385317 | AE8: 38377094489 | AF8: 30963456194 | AG8: 64348987323 | AH8: 20792367485 | AI8: 21918378947 | AJ8: 61251223688 | AK8: 53942190282 | AL8: 50245648463 | AM8: 7904131770 | AN8: 44797235508 | AO8: 62222051344 | AP8: 37728980820 | AQ8: 61940025172 | AR8: 49113504898 | AS8: 46738804301 | AT8: 85841765176 | AU8: 68748321616 | AV8: 86824377307 | AW8: 85475594862 | AX8: 99208228636 | AY8: 69795611979 | AZ8: 61217801757 | BA8: 147970813832 | BB8: 132769623597 | BC8: 112138441893 | BD8: 70998442117 | BE8: -22758768790 | BF8: 96299447936 | BG8: 154570631505 | BH8: 129509315823 | BI8: 109641808151 | BJ8: 129906078108 | BK8: 105463649620 | BL8: 128673842020 | BM8: 155101842643 | BN8: 83113314505 | BO8: 99966937216 | BP8: 80940600844 | BQ8: 70308328665 | BR8: 115080112871 | BS8: 90411470461 | BT8: 165844739865 | BU8: 141086003219
A9: 6 | B9: 5.Lợi nhuận gộp về bán hàng | C9: 5 | D9: =SUM(Data_PL73[[#This Row],[T1.2021]:[T12.2021]]) -> 5205790049 | E9: =SUM(Data_PL73[[#This Row],[T1.2022]:[T12.2022]]) -> 30030839174 | F9: =SUM(Data_PL73[[#This Row],[T1.2023]:[T12.2023]]) -> 166924673008 | G9: =SUM(Data_PL73[[#This Row],[T01.2024]:[T12.2024]]) -> 193185741079 | H9: =SUM(Data_PL73[[#This Row],[T01.2025]:[T12.2025]]) -> 194030027000 | I9: =SUM(Data_PL73[[#This Row],[T01.2026]:[T12.2026]]) -> 42606193225 | J9: 478551341 | K9: 278440448 | L9: 1994461207 | M9: 1490275437 | N9: 289871307 | O9: 60513842 | P9: 369410353 | Q9: -2279645740 | R9: -258126016 | S9: 929194209 | T9: 841047339 | U9: 1011796322 | V9: 654483406 | W9: -801640213 | X9: 2801259871 | Y9: 5516258306 | Z9: 2770134209 | AA9: 3589280463 | AB9: 3872454887 | AC9: 5829425406 | AD9: 4528308933 | AE9: 3200752781 | AF9: 3734765246 | AG9: -5664644121 | AH9: 4193087756 | AI9: 1123940062 | AJ9: -2038690208 | AK9: 344851916 | AL9: 7386336358 | AM9: 42999566416 | AN9: 8729091690 | AO9: 16060412307 | AP9: 27187195810 | AQ9: 22731503926 | AR9: 13789536546 | AS9: 24417840429 | AT9: 10119851560 | AU9: 191425380 | AV9: 5285130826 | AW9: 12013498032 | AX9: 3156769708 | AY9: -1702441870 | AZ9: -4766532065 | BA9: 6057054340 | BB9: 24060273128 | BC9: 4674156853 | BD9: 5127697717 | BE9: 128968857470 | BF9: 18163062466 | BG9: 33428829554 | BH9: 20744016857 | BI9: 15787841704 | BJ9: 22161064744 | BK9: 13671023177 | BL9: 9317564878 | BM9: 13340810740 | BN9: 1597120562 | BO9: 8961619444 | BP9: 7407279958 | BQ9: 29449792916 | BR9: 11018924052 | BS9: 6155334899 | BT9: 7461082664 | BU9: 17970851610
A10: 7 | B10: 6.Lãi/lỗ của hoạt động bán, thanh lý bất động sản đầu tư | C10: 5 | D10: =SUM(Data_PL73[[#This Row],[T1.2021]:[T12.2021]]) -> 0 | E10: =SUM(Data_PL73[[#This Row],[T1.2022]:[T12.2022]]) -> 0 | F10: =SUM(Data_PL73[[#This Row],[T1.2023]:[T12.2023]]) -> 0 | G10: =SUM(Data_PL73[[#This Row],[T01.2024]:[T12.2024]]) -> 0 | H10: =SUM(Data_PL73[[#This Row],[T01.2025]:[T12.2025]]) -> 0 | I10: =SUM(Data_PL73[[#This Row],[T01.2026]:[T12.2026]]) -> 0
A11: 8 | B11: 7.Doanh thu hoạt động tài chính | C11: 5 | D11: =SUM(Data_PL73[[#This Row],[T1.2021]:[T12.2021]]) -> 18328733000 | E11: =SUM(Data_PL73[[#This Row],[T1.2022]:[T12.2022]]) -> 17240601582 | F11: =SUM(Data_PL73[[#This Row],[T1.2023]:[T12.2023]]) -> 9282695737 | G11: =SUM(Data_PL73[[#This Row],[T01.2024]:[T12.2024]]) -> 15099094600 | H11: =SUM(Data_PL73[[#This Row],[T01.2025]:[T12.2025]]) -> 16906508752 | I11: =SUM(Data_PL73[[#This Row],[T01.2026]:[T12.2026]]) -> 3968224388 | J11: 1228117 | K11: 1370668 | L11: 503786 | M11: 991223 | N11: 924399 | O11: 2721429 | P11: 5630167167 | Q11: 4552274821 | R11: 4006107516 | S11: 1404451824 | T11: 1487413089 | U11: 1240578961 | V11: 1479346434 | W11: 1527456177 | X11: 1512346597 | Y11: 1655612808 | Z11: 2665641339 | AA11: 1264179580 | AB11: 1129143854 | AC11: 1236134244 | AD11: 1420307305 | AE11: 1826774837 | AF11: 1006924842 | AG11: 516733565 | AH11: 23897328 | AI11: 190776336 | AJ11: 16660712 | AK11: 967330723 | AL11: 867791673 | AM11: 866039044 | AN11: 810000497 | AO11: 1331407010 | AP11: 1045754825 | AQ11: 1146315118 | AR11: 946685267 | AS11: 1070037204 | AT11: 702840610 | AU11: 1100851130 | AV11: 994712341 | AW11: 1735368123 | AX11: 1021938222 | AY11: 578784271 | AZ11: 343643819 | BA11: 1242477440 | BB11: 1549112434 | BC11: 2779237425 | BD11: 865910053 | BE11: 2184218732 | BF11: 773999253 | BG11: 1788435256 | BH11: 931124505 | BI11: 1307926421 | BJ11: 2429341904 | BK11: 1641453607 | BL11: 1393514763 | BM11: 1498736488 | BN11: 1228780215 | BO11: 2716737103 | BP11: 515476780 | BQ11: 680982457 | BR11: 1053165322 | BS11: 307705069 | BT11: 839416558 | BU11: 1767937439
A12: 9 | B12: 8.Chi phí tài chính | C12: 5 | D12: =SUM(Data_PL73[[#This Row],[T1.2021]:[T12.2021]]) -> 3984725509 | E12: =SUM(Data_PL73[[#This Row],[T1.2022]:[T12.2022]]) -> 8892172663 | F12: =SUM(Data_PL73[[#This Row],[T1.2023]:[T12.2023]]) -> 3023468987 | G12: =SUM(Data_PL73[[#This Row],[T01.2024]:[T12.2024]]) -> 13113711111 | H12: =SUM(Data_PL73[[#This Row],[T01.2025]:[T12.2025]]) -> 18541073627 | I12: =SUM(Data_PL73[[#This Row],[T01.2026]:[T12.2026]]) -> 6611590325 | J12: 167606071 | K12: 221668883 | L12: 208008837 | M12: 262181583 | N12: 294284803 | O12: 376440316 | P12: 341383390 | Q12: 424333601 | R12: 404885911 | S12: 376140889 | T12: 457278692 | U12: 450512533 | V12: 566186825 | W12: 636770194 | X12: 622676693 | Y12: 508923847 | Z12: 611802389 | AA12: 151684906 | AB12: 632905650 | AC12: 700652271 | AD12: 1025151505 | AE12: 1107933886 | AF12: 1595489167 | AG12: 731995330 | AH12: 74107271 | AI12: 30659803 | AJ12: 220600896 | AK12: 69167924 | AL12: 49408830 | AM12: 124156445 | AN12: 311284353 | AO12: 709793834 | AP12: 328510530 | AQ12: 475535318 | AR12: 86442609 | AS12: 543801174 | AT12: 801399604 | AU12: 695500231 | AV12: 663502461 | AW12: 1555671370 | AX12: 936492932 | AY12: 1103852896 | AZ12: 1608708972 | BA12: 1489581015 | BB12: 1372261307 | BC12: 636041020 | BD12: 1257673070 | BE12: 993026233 | BF12: 1529745602 | BG12: 1349010483 | BH12: 902730488 | BI12: 1450570894 | BJ12: 858169737 | BK12: 1483876982 | BL12: 1315247967 | BM12: 1366041150 | BN12: 1603769193 | BO12: 2900732378 | BP12: 1301741764 | BQ12: 2479436989 | BR12: 1532817392 | BS12: 1569283837 | BT12: 1510605035 | BU12: 1998884061
A13: 10 | B13: Trong đó: Chi phí lãi vay | C13: 5 | D13: =SUM(Data_PL73[[#This Row],[T1.2021]:[T12.2021]]) -> 3929610603 | E13: =SUM(Data_PL73[[#This Row],[T1.2022]:[T12.2022]]) -> 7725836076 | F13: =SUM(Data_PL73[[#This Row],[T1.2023]:[T12.2023]]) -> 1165406526 | G13: =SUM(Data_PL73[[#This Row],[T01.2024]:[T12.2024]]) -> 10328501137 | H13: =SUM(Data_PL73[[#This Row],[T01.2025]:[T12.2025]]) -> 14263439054 | I13: =SUM(Data_PL73[[#This Row],[T01.2026]:[T12.2026]]) -> 4418197522 | J13: 167603935 | K13: 221659846 | L13: 208008837 | M13: 262170575 | N13: 294134531 | O13: 375347816 | P13: 340813568 | Q13: 399256526 | R13: 400979485 | S13: 368636370 | T13: 424483338 | U13: 466515776 | V13: 517655739 | W13: 651086182 | X13: 617884939 | Y13: 507919165 | Z13: 603465663 | AA13: 147007916 | AB13: 631302971 | AC13: 699695123 | AD13: 854484433 | AE13: 862022364 | AF13: 1093552795 | AG13: 539758786 | AH13: 44321388 | AI13: 0 | AJ13: 48722388 | AK13: 76187496 | AL13: 68801482 | AM13: 28249626 | AN13: 91396439 | AO13: 93845376 | AP13: 109400024 | AQ13: 129996535 | AR13: 157601782 | AS13: 316883990 | AT13: 460461775 | AU13: 563909516 | AV13: 587315920 | AW13: 905708142 | AX13: 974310029 | AY13: 1115056080 | AZ13: 1160823006 | BA13: 939585045 | BB13: 859444105 | BC13: 840165515 | BD13: 889159081 | BE13: 1032562923 | BF13: 1114824276 | BG13: 928379281 | BH13: 673966789 | BI13: 888393452 | BJ13: 1186588729 | BK13: 1448899822 | BL13: 1242023326 | BM13: 1303560910 | BN13: 1595764355 | BO13: 1368802426 | BP13: 1256132292 | BQ13: 1256103396 | BR13: 1240115065 | BS13: 1156279418 | BT13: 959718564 | BU13: 1062084475
A14: 11 | B14: 9.Chi phí bán hàng | C14: 5 | D14: =SUM(Data_PL73[[#This Row],[T1.2021]:[T12.2021]]) -> 3009092451 | E14: =SUM(Data_PL73[[#This Row],[T1.2022]:[T12.2022]]) -> 14690021152 | F14: =SUM(Data_PL73[[#This Row],[T1.2023]:[T12.2023]]) -> 19132571517 | G14: =SUM(Data_PL73[[#This Row],[T01.2024]:[T12.2024]]) -> 50836279646 | H14: =SUM(Data_PL73[[#This Row],[T01.2025]:[T12.2025]]) -> 55101745592 | I14: =SUM(Data_PL73[[#This Row],[T01.2026]:[T12.2026]]) -> 19001448254 | J14: 0 | K14: 0 | L14: 0 | M14: 0 | N14: 0 | O14: 0 | P14: 0 | Q14: 251616145 | R14: 680077987 | S14: 546329598 | T14: 967543289 | U14: 563525432 | V14: 496681104 | W14: 38696800 | X14: 1520204587 | Y14: 3287497220 | Z14: 563902784 | AA14: 802923682 | AB14: 1108487180 | AC14: 819028904 | AD14: 1282383810 | AE14: 1073636694 | AF14: 1462938929 | AG14: 2233639458 | AH14: 645459129 | AI14: 991254056 | AJ14: 1883160244 | AK14: 1145404547 | AL14: 1970368365 | AM14: 1459341885 | AN14: 1450399092 | AO14: 2363556660 | AP14: 1466584216 | AQ14: 2298997918 | AR14: 1849124450 | AS14: 1608920955 | AT14: 2846219487 | AU14: 1219456854 | AV14: 3715738043 | AW14: 4585159549 | AX14: 1693810954 | AY14: 2407466874 | AZ14: 2300964337 | BA14: 8205607205 | BB14: 7036529523 | BC14: 4608951194 | BD14: 1949627546 | BE14: 10266748080 | BF14: 4006424849 | BG14: 6313682258 | BH14: 5091544776 | BI14: 4077126734 | BJ14: 4686536575 | BK14: 4796729528 | BL14: 3449972349 | BM14: 4949095751 | BN14: 2811598286 | BO14: 6688603934 | BP14: 3413749635 | BQ14: 4816680917 | BR14: 3731798004 | BS14: 3202645336 | BT14: 6245695788 | BU14: 5821309126
A15: 12 | B15: 10.Chi phí quản lý doanh nghiệp | C15: 5 | D15: =SUM(Data_PL73[[#This Row],[T1.2021]:[T12.2021]]) -> 11203395485 | E15: =SUM(Data_PL73[[#This Row],[T1.2022]:[T12.2022]]) -> 29733399077 | F15: =SUM(Data_PL73[[#This Row],[T1.2023]:[T12.2023]]) -> 40274613810 | G15: =SUM(Data_PL73[[#This Row],[T01.2024]:[T12.2024]]) -> 70102214341 | H15: =SUM(Data_PL73[[#This Row],[T01.2025]:[T12.2025]]) -> 98715170412 | I15: =SUM(Data_PL73[[#This Row],[T01.2026]:[T12.2026]]) -> 31832287701 | J15: 457415751 | K15: 619384345 | L15: 707076077 | M15: 816715935 | N15: 827613489 | O15: 624184259 | P15: 2510720411 | Q15: 569609208 | R15: 536039299 | S15: 941857345 | T15: 3424596971 | U15: -831817605 | V15: 1435430845 | W15: 1479188151 | X15: 1624743284 | Y15: 1725353483 | Z15: 1803134313 | AA15: 1872200320 | AB15: 1882239518 | AC15: 2444716491 | AD15: 2755381317 | AE15: 3239626198 | AF15: 3143544394 | AG15: 6327840763 | AH15: 2772788125 | AI15: 2947588122 | AJ15: 3098829707 | AK15: 3036290770 | AL15: 3448026712 | AM15: 3261800788 | AN15: 3348437381 | AO15: 1910475796 | AP15: 3536419913 | AQ15: 3592592574 | AR15: 3600549435 | AS15: 5720814487 | AT15: 5241377343 | AU15: 4647980221 | AV15: 4838115306 | AW15: 5132788494 | AX15: 5665606587 | AY15: 5470797521 | AZ15: 5239042307 | BA15: 6065017937 | BB15: 7524726581 | BC15: 7016385931 | BD15: 7426888275 | BE15: 5833487838 | BF15: 7638868570 | BG15: 7013534740 | BH15: 7332584934 | BI15: 7155903324 | BJ15: 7948694673 | BK15: 7721648228 | BL15: 7616453256 | BM15: 7931593154 | BN15: 9422194647 | BO15: 3775611792 | BP15: 9875644458 | BQ15: 15282438636 | BR15: 8394130638 | BS15: 7959394332 | BT15: 7329810589 | BU15: 8148952142
A16: 13 | B16: 11.Lợi nhuận thuần từ hoạt động kinh doanh | C16: 5 | D16: =SUM(Data_PL73[[#This Row],[T1.2021]:[T12.2021]]) -> 5337309604 | E16: =SUM(Data_PL73[[#This Row],[T1.2022]:[T12.2022]]) -> -6044152136 | F16: =SUM(Data_PL73[[#This Row],[T1.2023]:[T12.2023]]) -> 113776714431 | G16: =SUM(Data_PL73[[#This Row],[T01.2024]:[T12.2024]]) -> 74232630581 | H16: =SUM(Data_PL73[[#This Row],[T01.2025]:[T12.2025]]) -> 38578546121 | I16: =SUM(Data_PL73[[#This Row],[T01.2026]:[T12.2026]]) -> -10870908667 | J16: -145242364 | K16: -561242112 | L16: 1079880079 | M16: 412369142 | N16: -831102586 | O16: -937389304 | P16: 3147473719 | Q16: 1027070127 | R16: 2126978303 | S16: 469318201 | T16: -2520958524 | U16: 2070154923 | V16: -364468934 | W16: -1428839181 | X16: 545981904 | Y16: 1650096564 | Z16: 2456936062 | AA16: 2026651135 | AB16: 1377966393 | AC16: 3101161984 | AD16: 885699606 | AE16: -393669160 | AF16: -1460282402 | AG16: -14441386107 | AH16: 724630559 | AI16: -2654785583 | AJ16: -7224620343 | AK16: -2938680602 | AL16: 2786324124 | AM16: 39020306342 | AN16: 4428971361 | AO16: 12407993027 | AP16: 22901435976 | AQ16: 17510693234 | AR16: 9200105319 | AS16: 17614341017 | AT16: 1933695736 | AU16: -5270660796 | AV16: -2937512643 | AW16: 2475246742 | AX16: -4117202543 | AY16: -10105774890 | AZ16: -13571603862 | BA16: -8460674377 | BB16: 9675868151 | BC16: -4807983867 | BD16: -4640581121 | BE16: 114059814051 | BF16: 5762022698 | BG16: 20541037329 | BH16: 8348281164 | BI16: 4412167173 | BJ16: 11097005663 | BK16: 1310222046 | BL16: -1670593931 | BM16: 592817173 | BN16: -11011661349 | BO16: -1686591557 | BP16: -6668379119 | BQ16: 7552218831 | BR16: -1586656660 | BS16: -6268283537 | BT16: -6785612190 | BU16: 3769643720
A17: 14 | B17: 12.Thu nhập khác | C17: 5 | D17: =SUM(Data_PL73[[#This Row],[T1.2021]:[T12.2021]]) -> 18771710496 | E17: =SUM(Data_PL73[[#This Row],[T1.2022]:[T12.2022]]) -> 92779904880 | F17: =SUM(Data_PL73[[#This Row],[T1.2023]:[T12.2023]]) -> 17391162 | G17: =SUM(Data_PL73[[#This Row],[T01.2024]:[T12.2024]]) -> 1503561903 | H17: =SUM(Data_PL73[[#This Row],[T01.2025]:[T12.2025]]) -> 454238633 | I17: =SUM(Data_PL73[[#This Row],[T01.2026]:[T12.2026]]) -> 11703115 | J17: 0 | K17: 299375994 | L17: 787003464 | M17: 853324557 | N17: 610174630 | O17: 1291891103 | P17: 8989972067 | Q17: 40395118 | R17: 2077248 | S17: 399581022 | T17: 2510200174 | U17: 2987715119 | V17: 5351841304 | W17: 240544660 | X17: 164167319 | Y17: 0 | Z17: 397562937 | AA17: 263298162 | AB17: 116035636 | AC17: 406946130 | AD17: 1142849269 | AE17: 973159654 | AF17: 4531212183 | AG17: 79192287626 | AH17: 332026 | AI17: 0 | AJ17: 2 | AK17: 1 | AL17: 0 | AM17: 425 | AN17: 0 | AO17: 0 | AP17: 0 | AQ17: 0 | AR17: 8116 | AS17: 17050592 | AT17: 1945 | AU17: 12000 | AV17: 0 | AW17: 0 | AX17: 203 | AY17: 58510228 | AZ17: 52918371 | BA17: 177726993 | BB17: 999 | BC17: 196700 | BD17: 1398763491 | BE17: -184569027 | BF17: 500207 | BG17: 2492480 | BH17: 2600082 | BI17: 33918440 | BJ17: 115000000 | BK17: 2020926 | BL17: 9788652 | BM17: 244500606 | BN17: 742 | BO17: 819591 | BP17: 110446 | BQ17: 42486461 | BR17: 4505 | BS17: 70001 | BT17: 1144804 | BU17: 10483805
A18: 15 | B18: 13.Chi phí khác | C18: 5 | D18: =SUM(Data_PL73[[#This Row],[T1.2021]:[T12.2021]]) -> 3720756403 | E18: =SUM(Data_PL73[[#This Row],[T1.2022]:[T12.2022]]) -> 5507730098 | F18: =SUM(Data_PL73[[#This Row],[T1.2023]:[T12.2023]]) -> 198294222 | G18: =SUM(Data_PL73[[#This Row],[T01.2024]:[T12.2024]]) -> 8884638060 | H18: =SUM(Data_PL73[[#This Row],[T01.2025]:[T12.2025]]) -> 7634668922 | I18: =SUM(Data_PL73[[#This Row],[T01.2026]:[T12.2026]]) -> 368182201 | J18: 77565 | K18: 0 | L18: 0 | M18: 0 | N18: 6136364 | O18: 0 | P18: 0 | Q18: 0 | R18: 0 | S18: 0 | T18: 0 | U18: 3714542474 | V18: 0 | W18: 274745 | X18: 2093722658 | Y18: 631668424 | Z18: 567391744 | AA18: 150706725 | AB18: 2322906 | AC18: 1880704 | AD18: 593797145 | AE18: 15441 | AF18: 441600828 | AG18: 1024348778 | AH18: 1 | AI18: 236 | AJ18: 0 | AK18: 7135172 | AL18: 3500000 | AM18: 99064 | AN18: 0 | AO18: -36000 | AP18: 0 | AQ18: 0 | AR18: 0 | AS18: 187595749 | AT18: 7958068 | AU18: 1 | AV18: 21796958 | AW18: 2 | AX18: 36200000 | AY18: 168183405 | AZ18: 6000002 | BA18: 601 | BB18: 2601033 | BC18: 170398064 | BD18: 202496 | BE18: 8471297430 | BF18: 1251667 | BG18: 130033300 | BH18: 0 | BI18: 17808640 | BJ18: 600 | BK18: 50477376 | BL18: 130663204 | BM18: 539898446 | BN18: 539664890 | BO18: 3515574706 | BP18: 1106262251 | BQ18: 1603033842 | BR18: 106808581 | BS18: 151000202 | BT18: 34000105 | BU18: 76373313
A19: 16 | B19: 14.Lợi nhuận khác | C19: 5 | D19: =SUM(Data_PL73[[#This Row],[T1.2021]:[T12.2021]]) -> 15050954093 | E19: =SUM(Data_PL73[[#This Row],[T1.2022]:[T12.2022]]) -> 87272174782 | F19: =SUM(Data_PL73[[#This Row],[T1.2023]:[T12.2023]]) -> -180903060 | G19: =SUM(Data_PL73[[#This Row],[T01.2024]:[T12.2024]]) -> -7381076157 | H19: =SUM(Data_PL73[[#This Row],[T01.2025]:[T12.2025]]) -> -7180430289 | I19: =SUM(Data_PL73[[#This Row],[T01.2026]:[T12.2026]]) -> -356479086 | J19: -77565 | K19: 299375994 | L19: 787003464 | M19: 853324557 | N19: 604038266 | O19: 1291891103 | P19: 8989972067 | Q19: 40395118 | R19: 2077248 | S19: 399581022 | T19: 2510200174 | U19: -726827355 | V19: 5351841304 | W19: 240269915 | X19: -1929555339 | Y19: -631668424 | Z19: -169828807 | AA19: 112591437 | AB19: 113712730 | AC19: 405065426 | AD19: 549052124 | AE19: 973144213 | AF19: 4089611355 | AG19: 78167938848 | AH19: 332025 | AI19: -236 | AJ19: 2 | AK19: -7135171 | AL19: -3500000 | AM19: -98639 | AN19: 0 | AO19: 36000 | AP19: 0 | AQ19: 0 | AR19: 8116 | AS19: -170545157 | AT19: -7956123 | AU19: 11999 | AV19: -21796958 | AW19: -2 | AX19: -36199797 | AY19: -109673177 | AZ19: 46918369 | BA19: 177726392 | BB19: -2600034 | BC19: -170201364 | BD19: 1398560995 | BE19: -8655866457 | BF19: -751460 | BG19: -127540820 | BH19: 2600082 | BI19: 16109800 | BJ19: 114999400 | BK19: -48456450 | BL19: -120874552 | BM19: -295397840 | BN19: -539664148 | BO19: -3514755115 | BP19: -1106151805 | BQ19: -1560547381 | BR19: -106804076 | BS19: -150930201 | BT19: -32855301 | BU19: -65889508
A20: 17 | B20: 15.Tổng lợi nhuận kế toán trước thuế | C20: 5 | D20: =SUM(Data_PL73[[#This Row],[T1.2021]:[T12.2021]]) -> 20388263697 | E20: =SUM(Data_PL73[[#This Row],[T1.2022]:[T12.2022]]) -> 81228022646 | F20: =SUM(Data_PL73[[#This Row],[T1.2023]:[T12.2023]]) -> 113595811371 | G20: =SUM(Data_PL73[[#This Row],[T01.2024]:[T12.2024]]) -> 66851554424 | H20: =SUM(Data_PL73[[#This Row],[T01.2025]:[T12.2025]]) -> 31398115832 | I20: =SUM(Data_PL73[[#This Row],[T01.2026]:[T12.2026]]) -> -11227387753 | J20: -145319929 | K20: -261866118 | L20: 1866883543 | M20: 1265693699 | N20: -227064320 | O20: 354501799 | P20: 12137445786 | Q20: 1067465245 | R20: 2129055551 | S20: 868899223 | T20: -10758350 | U20: 1343327568 | V20: 4987372370 | W20: -1188569266 | X20: -1383573435 | Y20: 1018428140 | Z20: 2287107255 | AA20: 2139242572 | AB20: 1491679123 | AC20: 3506227410 | AD20: 1434751730 | AE20: 579475053 | AF20: 2629328953 | AG20: 63726552741 | AH20: 724962584 | AI20: -2654785819 | AJ20: -7224620341 | AK20: -2945815773 | AL20: 2782824124 | AM20: 39020207703 | AN20: 4428971361 | AO20: 12408029027 | AP20: 22901435976 | AQ20: 17510693234 | AR20: 9200113435 | AS20: 17443795860 | AT20: 1925739613 | AU20: -5270648797 | AV20: -2959309601 | AW20: 2475246740 | AX20: -4153402340 | AY20: -10215448067 | AZ20: -13524685493 | BA20: -8282947985 | BB20: 9673268117 | BC20: -4978185231 | BD20: -3242020126 | BE20: 105403947594 | BF20: 5761271238 | BG20: 20413496509 | BH20: 8350881246 | BI20: 4428276973 | BJ20: 11212005063 | BK20: 1261765596 | BL20: -1791468483 | BM20: 297419333 | BN20: -11551325497 | BO20: -5201346672 | BP20: -7774530924 | BQ20: 5991671450 | BR20: -1693460736 | BS20: -6419213738 | BT20: -6818467491 | BU20: 3703754212
A21: 18 | B21: 16.Chi phí thuế TNDN hiện hành | C21: 5 | D21: =SUM(Data_PL73[[#This Row],[T1.2021]:[T12.2021]]) -> 2854356918 | E21: =SUM(Data_PL73[[#This Row],[T1.2022]:[T12.2022]]) -> 19125239788 | F21: =SUM(Data_PL73[[#This Row],[T1.2023]:[T12.2023]]) -> 11001624815 | G21: =SUM(Data_PL73[[#This Row],[T01.2024]:[T12.2024]]) -> 11495266455 | H21: =SUM(Data_PL73[[#This Row],[T01.2025]:[T12.2025]]) -> 7500302208 | I21: =SUM(Data_PL73[[#This Row],[T01.2026]:[T12.2026]]) -> -153060867 | J21: 0 | K21: 0 | L21: 373376709 | M21: 253138740 | N21: 0 | O21: 70900360 | P21: 2427489157 | Q21: 213493049 | R21: 425811110 | S21: 173779845 | T21: 0 | U21: -1083632052 | V21: 997474474 | W21: 0 | X21: 0 | Y21: 203685628 | Z21: 457567861 | AA21: 427848514 | AB21: 298494225 | AC21: 701245482 | AD21: 286950346 | AE21: 115895011 | AF21: 525865791 | AG21: 15110212456 | AH21: 144992517 | AI21: 0 | AJ21: 0 | AK21: 0 | AL21: 0 | AM21: 5795561979 | AN21: 885794272 | AO21: 2481605805 | AP21: 4580287195 | AQ21: 3502138647 | AR21: 1840022687 | AS21: -8228778287 | AT21: 0 | AU21: 0 | AV21: 0 | AW21: 0 | AX21: 0 | AY21: 0 | AZ21: 0 | BA21: 0 | BB21: 0 | BC21: 0 | BD21: 0 | BE21: 11495266455 | BF21: 864190686 | BG21: 3020742780 | BH21: 1252632187 | BI21: 677293488 | BJ21: 1681800759 | BK21: 189264839 | BL21: -1000088030 | BM21: 204199602 | BN21: -1349170846 | BO21: -516688622 | BP21: -854033077 | BQ21: 3330158442 | BS21: 0 | BT21: -153060867
A22: 19 | B22: 17.Chi phí thuế TNDN hoãn lại | C22: 5 | D22: =SUM(Data_PL73[[#This Row],[T1.2021]:[T12.2021]]) -> 0 | E22: =SUM(Data_PL73[[#This Row],[T1.2022]:[T12.2022]]) -> 0 | F22: =SUM(Data_PL73[[#This Row],[T1.2023]:[T12.2023]]) -> 0 | G22: =SUM(Data_PL73[[#This Row],[T01.2024]:[T12.2024]]) -> 1838941310 | H22: =SUM(Data_PL73[[#This Row],[T01.2025]:[T12.2025]]) -> -1838941310 | I22: =SUM(Data_PL73[[#This Row],[T01.2026]:[T12.2026]]) -> 0 | J22: 0 | K22: 0 | L22: 0 | M22: 0 | N22: 0 | O22: 0 | P22: 0 | Q22: 0 | R22: 0 | S22: 0 | T22: 0 | U22: 0 | V22: 0 | W22: 0 | X22: 0 | Y22: 0 | Z22: 0 | AA22: 0 | AB22: 0 | AC22: 0 | AD22: 0 | AE22: 0 | AF22: 0 | AG22: 0 | AH22: 0 | AI22: 0 | AJ22: 0 | AK22: 0 | AL22: 0 | AM22: 0 | AN22: 0 | AO22: 0 | AP22: 0 | AQ22: 0 | AR22: 0 | AS22: 0 | AT22: 0 | AU22: 0 | AV22: 0 | AW22: 0 | AX22: 0 | AY22: 0 | AZ22: 0 | BA22: 0 | BB22: 0 | BC22: 0 | BD22: 0 | BE22: 1838941310 | BF22: 0 | BG22: -8043000 | BH22: 0 | BI22: 0 | BK22: 0 | BL22: -1830898310 | BM22: 0 | BN22: 0 | BO22: 0 | BP22: 0 | BQ22: 0 | BS22: 0
A23: 20 | B23: 18.Lợi nhuận sau thuế thu nhập doanh nghiệp | C23: 5 | D23: =SUM(Data_PL73[[#This Row],[T1.2021]:[T12.2021]]) -> 17533906779 | E23: =SUM(Data_PL73[[#This Row],[T1.2022]:[T12.2022]]) -> 62102782858 | F23: =SUM(Data_PL73[[#This Row],[T1.2023]:[T12.2023]]) -> 102594186556 | G23: =SUM(Data_PL73[[#This Row],[T01.2024]:[T12.2024]]) -> 53517346659 | H23: =SUM(Data_PL73[[#This Row],[T01.2025]:[T12.2025]]) -> 25736754934 | I23: =SUM(Data_PL73[[#This Row],[T01.2026]:[T12.2026]]) -> -11074326886 | J23: -145319929 | K23: -261866118 | L23: 1493506834 | M23: 1012554959 | N23: -227064320 | O23: 283601439 | P23: 9709956629 | Q23: 853972196 | R23: 1703244441 | S23: 695119378 | T23: -10758350 | U23: 2426959620 | V23: 3989897896 | W23: -1188569266 | X23: -1383573435 | Y23: 814742512 | Z23: 1829539394 | AA23: 1711394058 | AB23: 1193184898 | AC23: 2804981928 | AD23: 1147801384 | AE23: 463580042 | AF23: 2103463162 | AG23: 48616340285 | AH23: 579970067 | AI23: -2654785819 | AJ23: -7224620341 | AK23: -2945815773 | AL23: 2782824124 | AM23: 33224645724 | AN23: 3543177089 | AO23: 9926423222 | AP23: 18321148781 | AQ23: 14008554587 | AR23: 7360090748 | AS23: 25672574147 | AT23: 1925739613 | AU23: -5270648797 | AV23: -2959309601 | AW23: 2475246740 | AX23: -4153402340 | AY23: -10215448067 | AZ23: -13524685493 | BA23: -8282947985 | BB23: 9673268117 | BC23: -4978185231 | BD23: -3242020126 | BE23: 92069739829 | BF23: 4897080552 | BG23: 17400796729 | BH23: 7098249059 | BI23: 3750983485 | BJ23: 9530204304 | BK23: 1072500757 | BL23: 1039517857 | BM23: 93219731 | BN23: -10202154651 | BO23: -4684658050 | BP23: -6920497847 | BQ23: 2661513008 | BR23: -1693460736 | BS23: -6419213738 | BT23: -6665406624 | BU23: 3703754212
B24: % LNST | D24: =D23/D7 -> 0.28984575 | E24: =E23/E7 -> 0.18822901 | F24: =F23/F7 -> 0.1496591 | G24: =G23/G7 -> 0.04491911 | H24: =H23/H7 -> 0.016739072 | I24: =I23/I7 -> -0.019952717

Sheet PL TRAM
B1: CÔNG TY TNHH THU MUA PHẾ LIỆU ĐẠI LỘC
B2: VND
A3: Index PL | B3: PHẦN II-KẾT QUẢ HOẠT ĐỘNG KINH DOANH | C3: TenCongTyID | D3: 2021 | E3: 2022 | F3: 2023 | G3: 2024 | H3: 2025 | I3: 2026 | J3: T1.2021 | K3: T02.2021 | L3: T03.2021 | M3: T04.2021 | N3: T05.2021 | O3: T06.2021 | P3: T07.2021 | Q3: T08.2021 | R3: T09.2021 | S3: T10.2021 | T3: T11.2021 | U3: T12.2021 | V3: T1.2022 | W3: T02.2022 | X3: T03.2022 | Y3: T04.2022 | Z3: T05.2022 | AA3: T06.2022 | AB3: T07.2022 | AC3: T08.2022 | AD3: T09.2022 | AE3: T10.2022 | AF3: T11.2022 | AG3: T12.2022 | AH3: T1.2023 | AI3: T02.2023 | AJ3: T03.2023 | AK3: T04.2023 | AL3: T05.2023 | AM3: T06.2023 | AN3: T07.2023 | AO3: T08.2023 | AP3: T09.2023 | AQ3: T10.2023 | AR3: T11.2023 | AS3: T12.2023 | AT3: T01.2024 | AU3: T02.2024 | AV3: T03.2024 | AW3: T04.2024 | AX3: T05.2024 | AY3: T06.2024 | AZ3: T07.2024 | BA3: T08.2024 | BB3: T09.2024 | BC3: T10.2024 | BD3: T11.2024 | BE3: T12.2024 | BF3: T01.2025 | BG3: T02.2025 | BH3: T03.2025 | BI3: T04.2025 | BJ3: T05.2025 | BK3: T06.2025 | BL3: T07.2025 | BM3: T08.2025 | BN3: T09.2025 | BO3: T10.2025 | BP3: T11.2025 | BQ3: T12.2025 | BR3: T01.2026 | BS3: T02.2026 | BT3: T03.2026 | BU3: T04.2026 | BV3: T05.2026 | BW3: T06.2026 | BX3: T07.2026 | BY3: T08.2026 | BZ3: T09.2026 | CA3: T10.2026 | CB3: T11.2026 | CC3: T12.2026
A4: 1 | B4: Sản lượng (Tấn) | C4: 6 | D4: =SUM(Data_PL8[[#This Row],[T1.2021]:[T12.2021]]) -> 417.1561 | E4: =SUM(Data_PL8[[#This Row],[T1.2022]:[T12.2022]]) -> 6481.6245 | F4: =SUM(Data_PL8[[#This Row],[T1.2023]:[T12.2023]]) -> 13557.321 | G4: =SUM(Data_PL8[[#This Row],[T01.2024]:[T12.2024]]) -> 15932.978 | H4: =SUM(Data_PL8[[#This Row],[T01.2025]:[T12.2025]]) -> 21888.603 | I4: =SUM(Data_PL8[[#This Row],[T01.2026]:[T12.2026]]) -> 7582.15 | J4: =SUM('Dai loc:DLam'!J4) -> 32 | K4: =SUM('Dai loc:DLam'!K4) -> 61 | L4: =SUM('Dai loc:DLam'!L4) -> 92 | M4: =SUM('Dai loc:DLam'!M4) -> 57 | N4: =SUM('Dai loc:DLam'!N4) -> 39 | O4: =SUM('Dai loc:DLam'!O4) -> 24 | P4: =SUM('Dai loc:DLam'!P4) -> 16 | Q4: =SUM('Dai loc:DLam'!Q4) -> 0 | ... CC4: =SUM('Dai loc:DLam'!CC4) -> 0
A5: 2 | B5: 1.Doanh thu bán hàng và cung cấp dịch vụ | C5: 6 | D5: =SUM(Data_PL8[[#This Row],[T1.2021]:[T12.2021]]) -> 4950646304 | E5: =SUM(Data_PL8[[#This Row],[T1.2022]:[T12.2022]]) -> 35845555207 | F5: =SUM(Data_PL8[[#This Row],[T1.2023]:[T12.2023]]) -> 68779491098 | G5: =SUM(Data_PL8[[#This Row],[T01.2024]:[T12.2024]]) -> 124696185425 | H5: =SUM(Data_PL8[[#This Row],[T01.2025]:[T12.2025]]) -> 173927684403 | I5: =SUM(Data_PL8[[#This Row],[T01.2026]:[T12.2026]]) -> 49102336080 | J5: =SUM('Dai loc:DLam'!J5) -> 312737600 | K5: =SUM('Dai loc:DLam'!K5) -> 606797380 | L5: =SUM('Dai loc:DLam'!L5) -> 903716800 | M5: =SUM('Dai loc:DLam'!M5) -> 952907750 | N5: =SUM('Dai loc:DLam'!N5) -> 1013081774 | O5: =SUM('Dai loc:DLam'!O5) -> 337909600 | P5: =SUM('Dai loc:DLam'!P5) -> 212259000 | Q5: =SUM('Dai loc:DLam'!Q5) -> 0 | ... T5: =SUM('Dai loc:DLam'!T5) -> 525577200 | U5: 0 | V5: 0 | W5: 0 | X5: 0 | Y5: 867124500 | Z5: 1806629000 | AA5: 1808611000 | AB5: 1898558000 | AC5: 3939705500 | AD5: 3396159500 | AE5: 7207694201 | AF5: 5938251216 | AG5: 8982822290 | AH5: 2253383204 | AI5: 4265090683 | AJ5: 10639282713 | AK5: 6949558981 | AL5: 3324235725 | AM5: 5636906111 | AN5: 3501002041 | AO5: 4192925810 | AP5: 4197374650 | AQ5: 7583193100 | AR5: 7831508500 | AS5: 8405029580 | AT5: 18859106420 | AU5: 4569145960 | AV5: 9889167500 | AW5: 8988544600 | AX5: 8396397250 | AY5: 13981977600 | AZ5: 8695495766 | BA5: 9066018899 | BB5: 10085358702 | BC5: 12770520896 | BD5: 10341915406 | BE5: 9052536426 | BF5: 5422948492 | BG5: 8810676928 | BH5: 16279256392 | BI5: 14772471605 | BJ5: 17582066937 | BK5: 19496019197 | BL5: 21794142714 | BM5: 20947068360 | BN5: 16624308416 | BO5: 14529961948 | BP5: 7374095784 | BQ5: 10294667630 | BR5: 11775760050 | BS5: 8275817930 | BT5: 14654267870 | BU5: 14396490230 | BV5: =SUM('Dai loc:DLam'!BV5) -> 0 | BW5: =SUM('Dai loc:DLam'!BW5) -> 0 | BX5: =SUM('Dai loc:DLam'!BX5) -> 0 | BY5: =SUM('Dai loc:DLam'!BY5) -> 0 | BZ5: =SUM('Dai loc:DLam'!BZ5) -> 0 | CA5: =SUM('Dai loc:DLam'!CA5) -> 0 | CB5: =SUM('Dai loc:DLam'!CB5) -> 0 | CC5: =SUM('Dai loc:DLam'!CC5) -> 0
A6: 3 | B6: 2.Các khoản giảm trừ doanh thu | C6: 6 | D6: =SUM(Data_PL8[[#This Row],[T1.2021]:[T12.2021]]) -> 0 | E6: =SUM(Data_PL8[[#This Row],[T1.2022]:[T12.2022]]) -> 0 | F6: =SUM(Data_PL8[[#This Row],[T1.2023]:[T12.2023]]) -> 0 | G6: =SUM(Data_PL8[[#This Row],[T01.2024]:[T12.2024]]) -> 0 | H6: =SUM(Data_PL8[[#This Row],[T01.2025]:[T12.2025]]) -> 0 | I6: =SUM(Data_PL8[[#This Row],[T01.2026]:[T12.2026]]) -> 0 | J6: =SUM('Dai loc:DLam'!J6) -> 0 | K6: =SUM('Dai loc:DLam'!K6) -> 0 | L6: =SUM('Dai loc:DLam'!L6) -> 0 | M6: =SUM('Dai loc:DLam'!M6) -> 0 | N6: =SUM('Dai loc:DLam'!N6) -> 0 | O6: =SUM('Dai loc:DLam'!O6) -> 0 | P6: =SUM('Dai loc:DLam'!P6) -> 0 | Q6: =SUM('Dai loc:DLam'!Q6) -> 0 | ... T6: =SUM('Dai loc:DLam'!T6) -> 0 | U6: 0 | V6: 0 | W6: 0 | X6: 0 | Y6: 0 | Z6: 0 | AA6: 0 | AB6: 0 | AC6: 0 | AD6: 0 | AE6: 0 | AF6: 0 | AG6: 0 | AH6: 0 | AI6: 0 | AJ6: 0 | AK6: 0 | AL6: 0 | AM6: 0 | AN6: 0 | AO6: 0 | AP6: 0 | AQ6: 0 | AR6: 0 | AS6: 0 | AT6: 0 | AU6: 0 | AV6: 0 | AW6: 0 | AX6: 0 | AY6: 0 | AZ6: 0 | BA6: 0 | BB6: 0 | BC6: 0 | BD6: 0 | BE6: 0 | BF6: 0 | BG6: 0 | BH6: 0 | BI6: 0 | BJ6: 0 | BK6: 0 | BL6: 0 | BM6: 0 | BN6: 0 | BO6: 0 | BP6: 0 | BQ6: 0 | BS6: 0 | BV6: =SUM('Dai loc:DLam'!BV6) -> 0 | BW6: =SUM('Dai loc:DLam'!BW6) -> 0 | BX6: =SUM('Dai loc:DLam'!BX6) -> 0 | BY6: =SUM('Dai loc:DLam'!BY6) -> 0 | BZ6: =SUM('Dai loc:DLam'!BZ6) -> 0 | CA6: =SUM('Dai loc:DLam'!CA6) -> 0 | CB6: =SUM('Dai loc:DLam'!CB6) -> 0 | CC6: =SUM('Dai loc:DLam'!CC6) -> 0
A7: 4 | B7: 3.Doanh thu thuần về bán hàng và cung cấp dịch vụ | C7: 6 | D7: =SUM(Data_PL8[[#This Row],[T1.2021]:[T12.2021]]) -> 4950646304 | E7: =SUM(Data_PL8[[#This Row],[T1.2022]:[T12.2022]]) -> 35845555207 | F7: =SUM(Data_PL8[[#This Row],[T1.2023]:[T12.2023]]) -> 68779491098 | G7: =SUM(Data_PL8[[#This Row],[T01.2024]:[T12.2024]]) -> 124696185425 | H7: =SUM(Data_PL8[[#This Row],[T01.2025]:[T12.2025]]) -> 173927684403 | I7: =SUM(Data_PL8[[#This Row],[T01.2026]:[T12.2026]]) -> 49102336080 | J7: =SUM('Dai loc:DLam'!J7) -> 312737600 | K7: =SUM('Dai loc:DLam'!K7) -> 606797380 | L7: =SUM('Dai loc:DLam'!L7) -> 903716800 | M7: =SUM('Dai loc:DLam'!M7) -> 952907750 | N7: =SUM('Dai loc:DLam'!N7) -> 1013081774 | O7: =SUM('Dai loc:DLam'!O7) -> 337909600 | P7: =SUM('Dai loc:DLam'!P7) -> 212259000 | Q7: =SUM('Dai loc:DLam'!Q7) -> 0 | ... T7: =SUM('Dai loc:DLam'!T7) -> 525577200 | U7: 0 | V7: 0 | W7: 0 | X7: 0 | Y7: 867124500 | Z7: 1806629000 | AA7: 1808611000 | AB7: 1898558000 | AC7: 3939705500 | AD7: 3396159500 | AE7: 7207694201 | AF7: 5938251216 | AG7: 8982822290 | AH7: 2253383204 | AI7: 4265090683 | AJ7: 10639282713 | AK7: 6949558981 | AL7: 3324235725 | AM7: 5636906111 | AN7: 3501002041 | AO7: 4192925810 | AP7: 4197374650 | AQ7: 7583193100 | AR7: 7831508500 | AS7: 8405029580 | AT7: 18859106420 | AU7: 4569145960 | AV7: 9889167500 | AW7: 8988544600 | AX7: 8396397250 | AY7: 13981977600 | AZ7: 8695495766 | BA7: 9066018899 | BB7: 10085358702 | BC7: 12770520896 | BD7: 10341915406 | BE7: 9052536426 | BF7: 5422948492 | BG7: 8810676928 | BH7: 16279256392 | BI7: 14772471605 | BJ7: 17582066937 | BK7: 19496019197 | BL7: 21794142714 | BM7: 20947068360 | BN7: 16624308416 | BO7: 14529961948 | BP7: 7374095784 | BQ7: 10294667630 | BR7: 11775760050 | BS7: 8275817930 | BT7: 14654267870 | BU7: 14396490230 | BV7: =SUM('Dai loc:DLam'!BV7) -> 0 | BW7: =SUM('Dai loc:DLam'!BW7) -> 0 | BX7: =SUM('Dai loc:DLam'!BX7) -> 0 | BY7: =SUM('Dai loc:DLam'!BY7) -> 0 | BZ7: =SUM('Dai loc:DLam'!BZ7) -> 0 | CA7: =SUM('Dai loc:DLam'!CA7) -> 0 | CB7: =SUM('Dai loc:DLam'!CB7) -> 0 | CC7: =SUM('Dai loc:DLam'!CC7) -> 0
A8: 5 | B8: 4.Giá vốn hàng bán | C8: 6 | D8: =SUM(Data_PL8[[#This Row],[T1.2021]:[T12.2021]]) -> 4704715542 | E8: =SUM(Data_PL8[[#This Row],[T1.2022]:[T12.2022]]) -> 38057133750 | F8: =SUM(Data_PL8[[#This Row],[T1.2023]:[T12.2023]]) -> 83388707818 | G8: =SUM(Data_PL8[[#This Row],[T01.2024]:[T12.2024]]) -> 130705402599 | H8: =SUM(Data_PL8[[#This Row],[T01.2025]:[T12.2025]]) -> 173615125606 | I8: =SUM(Data_PL8[[#This Row],[T01.2026]:[T12.2026]]) -> 46648691386 | J8: =SUM('Dai loc:DLam'!J8) -> 307386576 | K8: =SUM('Dai loc:DLam'!K8) -> 594551595 | L8: =SUM('Dai loc:DLam'!L8) -> 883311950 | M8: =SUM('Dai loc:DLam'!M8) -> 901147615 | N8: =SUM('Dai loc:DLam'!N8) -> 969467230 | O8: =SUM('Dai loc:DLam'!O8) -> 308655184 | P8: =SUM('Dai loc:DLam'!P8) -> 190295081 | Q8: =SUM('Dai loc:DLam'!Q8) -> 0 | ... T8: =SUM('Dai loc:DLam'!T8) -> 465251111 | U8: 0 | V8: 0 | W8: 0 | X8: 0 | Y8: 1043158263 | Z8: 2018502531 | AA8: 3246780250 | AB8: 2460816541 | AC8: 3098316370 | AD8: 3349405980 | AE8: 7265678210 | AF8: 6705345773 | AG8: 8869129832 | AH8: 3240340811 | AI8: 5619697963 | AJ8: 13421808004 | AK8: 9317382917 | AL8: 5227287464 | AM8: 7363604310 | AN8: 5177182851 | AO8: 5105270549 | AP8: 4755249704 | AQ8: 7896150860 | AR8: 9903541557 | AS8: 6361190828 | AT8: 19303813750 | AU8: 5445357498 | AV8: 9525099975 | AW8: 9177542757 | AX8: 9252785278 | AY8: 15202791010 | AZ8: 9266546963 | BA8: 9640445579 | BB8: 10348331156 | BC8: 12802871939 | BD8: 11067427637 | BE8: 9672389057 | BF8: 6459461109 | BG8: 9788053505 | BH8: 16279720003 | BI8: 15135281409 | BJ8: 16857467163 | BK8: 19925736275 | BL8: 20517811328 | BM8: 19931952590 | BN8: 16609887050 | BO8: 14135481149 | BP8: 7795260584 | BQ8: 10179013441 | BR8: 11302623439 | BS8: 8036742611 | BT8: 13652461082 | BU8: 13656864254 | BV8: =SUM('Dai loc:DLam'!BV8) -> 0 | BW8: =SUM('Dai loc:DLam'!BW8) -> 0 | BX8: =SUM('Dai loc:DLam'!BX8) -> 0 | BY8: =SUM('Dai loc:DLam'!BY8) -> 0 | BZ8: =SUM('Dai loc:DLam'!BZ8) -> 0 | CA8: =SUM('Dai loc:DLam'!CA8) -> 0 | CB8: =SUM('Dai loc:DLam'!CB8) -> 0 | CC8: =SUM('Dai loc:DLam'!CC8) -> 0
A9: 6 | B9: 5.Lợi nhuận gộp về bán hàng | C9: 6 | D9: =SUM(Data_PL8[[#This Row],[T1.2021]:[T12.2021]]) -> 245930762 | E9: =SUM(Data_PL8[[#This Row],[T1.2022]:[T12.2022]]) -> -2211578543 | F9: =SUM(Data_PL8[[#This Row],[T1.2023]:[T12.2023]]) -> -14609216720 | G9: =SUM(Data_PL8[[#This Row],[T01.2024]:[T12.2024]]) -> -6009217174 | H9: =SUM(Data_PL8[[#This Row],[T01.2025]:[T12.2025]]) -> 312558797 | I9: =SUM(Data_PL8[[#This Row],[T01.2026]:[T12.2026]]) -> 2453644694 | J9: =SUM('Dai loc:DLam'!J9) -> 5351024 | K9: =SUM('Dai loc:DLam'!K9) -> 12245785 | L9: =SUM('Dai loc:DLam'!L9) -> 20404850 | M9: =SUM('Dai loc:DLam'!M9) -> 51760135 | N9: =SUM('Dai loc:DLam'!N9) -> 43614544 | O9: =SUM('Dai loc:DLam'!O9) -> 29254416 | P9: =SUM('Dai loc:DLam'!P9) -> 21963919 | Q9: =SUM('Dai loc:DLam'!Q9) -> 0 | ... T9: =SUM('Dai loc:DLam'!T9) -> 60326089 | U9: 0 | V9: 0 | W9: 0 | X9: 0 | Y9: -176033763 | Z9: -211873531 | AA9: -1438169250 | AB9: -562258541 | AC9: 841389130 | AD9: 46753520 | AE9: -57984009 | AF9: -767094557 | AG9: 113692458 | AH9: -986957607 | AI9: -1354607280 | AJ9: -2782525291 | AK9: -2367823936 | AL9: -1903051739 | AM9: -1726698199 | AN9: -1676180810 | AO9: -912344739 | AP9: -557875054 | AQ9: -312957760 | AR9: -2072033057 | AS9: 2043838752 | AT9: -444707330 | AU9: -876211538 | AV9: 364067525 | AW9: -188998157 | AX9: -856388028 | AY9: -1220813410 | AZ9: -571051197 | BA9: -574426680 | BB9: -262972454 | BC9: -32351043 | BD9: -725512231 | BE9: -619852631 | BF9: -1036512617 | BG9: -977376577 | BH9: -463611 | BI9: -362809804 | BJ9: 724599774 | BK9: -429717078 | BL9: 1276331386 | BM9: 1015115770 | BN9: 14421366 | BO9: 394480799 | BP9: -421164800 | BQ9: 115654189 | BR9: 473136611 | BS9: 239075319 | BT9: 1001806788 | BU9: 739625976 | BV9: =SUM('Dai loc:DLam'!BV9) -> 0 | BW9: =SUM('Dai loc:DLam'!BW9) -> 0 | BX9: =SUM('Dai loc:DLam'!BX9) -> 0 | BY9: =SUM('Dai loc:DLam'!BY9) -> 0 | BZ9: =SUM('Dai loc:DLam'!BZ9) -> 0 | CA9: =SUM('Dai loc:DLam'!CA9) -> 0 | CB9: =SUM('Dai loc:DLam'!CB9) -> 0 | CC9: =SUM('Dai loc:DLam'!CC9) -> 0
A10: 7 | B10: 6.Lãi/lỗ của hoạt động bán, thanh lý bất động sản đầu tư | C10: 6 | D10: =SUM(Data_PL8[[#This Row],[T1.2021]:[T12.2021]]) -> 0 | E10: =SUM(Data_PL8[[#This Row],[T1.2022]:[T12.2022]]) -> 0 | F10: =SUM(Data_PL8[[#This Row],[T1.2023]:[T12.2023]]) -> 0 | G10: =SUM(Data_PL8[[#This Row],[T01.2024]:[T12.2024]]) -> 0 | H10: =SUM(Data_PL8[[#This Row],[T01.2025]:[T12.2025]]) -> 0 | I10: =SUM(Data_PL8[[#This Row],[T01.2026]:[T12.2026]]) -> 0 | J10: =SUM('Dai loc:DLam'!J10) -> 0 | K10: =SUM('Dai loc:DLam'!K10) -> 0 | L10: =SUM('Dai loc:DLam'!L10) -> 0 | M10: =SUM('Dai loc:DLam'!M10) -> 0 | N10: =SUM('Dai loc:DLam'!N10) -> 0 | O10: =SUM('Dai loc:DLam'!O10) -> 0 | P10: =SUM('Dai loc:DLam'!P10) -> 0 | Q10: =SUM('Dai loc:DLam'!Q10) -> 0 | ... T10: =SUM('Dai loc:DLam'!T10) -> 0 | BV10: =SUM('Dai loc:DLam'!BV10) -> 0 | BW10: =SUM('Dai loc:DLam'!BW10) -> 0 | BX10: =SUM('Dai loc:DLam'!BX10) -> 0 | BY10: =SUM('Dai loc:DLam'!BY10) -> 0 | BZ10: =SUM('Dai loc:DLam'!BZ10) -> 0 | CA10: =SUM('Dai loc:DLam'!CA10) -> 0 | CB10: =SUM('Dai loc:DLam'!CB10) -> 0 | CC10: =SUM('Dai loc:DLam'!CC10) -> 0
A11: 8 | B11: 7.Doanh thu hoạt động tài chính | C11: 6 | D11: =SUM(Data_PL8[[#This Row],[T1.2021]:[T12.2021]]) -> 2530404 | E11: =SUM(Data_PL8[[#This Row],[T1.2022]:[T12.2022]]) -> 2185937 | F11: =SUM(Data_PL8[[#This Row],[T1.2023]:[T12.2023]]) -> 18611706 | G11: =SUM(Data_PL8[[#This Row],[T01.2024]:[T12.2024]]) -> 9933782 | H11: =SUM(Data_PL8[[#This Row],[T01.2025]:[T12.2025]]) -> 30416253 | I11: =SUM(Data_PL8[[#This Row],[T01.2026]:[T12.2026]]) -> 64439 | J11: =SUM('Dai loc:DLam'!J11) -> 425596 | K11: =SUM('Dai loc:DLam'!K11) -> 377488 | L11: =SUM('Dai loc:DLam'!L11) -> 298250 | M11: =SUM('Dai loc:DLam'!M11) -> 236564 | N11: =SUM('Dai loc:DLam'!N11) -> 145459 | O11: =SUM('Dai loc:DLam'!O11) -> 106755 | P11: =SUM('Dai loc:DLam'!P11) -> 45345 | Q11: =SUM('Dai loc:DLam'!Q11) -> 186733 | ... T11: =SUM('Dai loc:DLam'!T11) -> 421608 | U11: 0 | V11: 193525 | W11: 41776 | X11: 63253 | Y11: 253599 | Z11: 146252 | AA11: 130471 | AB11: 87564 | AC11: 97977 | AD11: 59406 | AE11: 19128 | AF11: 237530 | AG11: 855456 | AH11: 1538411 | AI11: 490186 | AJ11: 416617 | AK11: 153598 | AL11: 175725 | AM11: 42514 | AN11: 78830 | AO11: 214369 | AP11: 78036 | AQ11: 43303 | AR11: 15370732 | AS11: 9385 | AT11: 12211 | AU11: 25165 | AV11: 19778 | AW11: 32521 | AX11: 24020 | AY11: 16492 | AZ11: 11977 | BA11: 14708 | BB11: 4723 | BC11: 16840 | BD11: 9746260 | BE11: 9087 | BF11: 15622 | BG11: 11487 | BH11: 8067 | BI11: 20954 | BJ11: 11723 | BK11: 8134 | BL11: 14534 | BM11: 10653 | BN11: 24933 | BO11: 46896 | BP11: 22423098 | BQ11: 7820152 | BR11: 10853 | BS11: 7889 | BT11: 4769 | BU11: 40928 | BV11: =SUM('Dai loc:DLam'!BV11) -> 0 | BW11: =SUM('Dai loc:DLam'!BW11) -> 0 | BX11: =SUM('Dai loc:DLam'!BX11) -> 0 | BY11: =SUM('Dai loc:DLam'!BY11) -> 0 | BZ11: =SUM('Dai loc:DLam'!BZ11) -> 0 | CA11: =SUM('Dai loc:DLam'!CA11) -> 0 | CB11: =SUM('Dai loc:DLam'!CB11) -> 0 | CC11: =SUM('Dai loc:DLam'!CC11) -> 0
A12: 9 | B12: 8.Chi phí tài chính | C12: 6 | D12: =SUM(Data_PL8[[#This Row],[T1.2021]:[T12.2021]]) -> 0 | E12: =SUM(Data_PL8[[#This Row],[T1.2022]:[T12.2022]]) -> 0 | F12: =SUM(Data_PL8[[#This Row],[T1.2023]:[T12.2023]]) -> 0 | G12: =SUM(Data_PL8[[#This Row],[T01.2024]:[T12.2024]]) -> 0 | H12: =SUM(Data_PL8[[#This Row],[T01.2025]:[T12.2025]]) -> 0 | I12: =SUM(Data_PL8[[#This Row],[T01.2026]:[T12.2026]]) -> 9654850 | J12: =SUM('Dai loc:DLam'!J12) -> 0 | K12: =SUM('Dai loc:DLam'!K12) -> 0 | L12: =SUM('Dai loc:DLam'!L12) -> 0 | M12: =SUM('Dai loc:DLam'!M12) -> 0 | N12: =SUM('Dai loc:DLam'!N12) -> 0 | O12: =SUM('Dai loc:DLam'!O12) -> 0 | P12: =SUM('Dai loc:DLam'!P12) -> 0 | Q12: =SUM('Dai loc:DLam'!Q12) -> 0 | ... T12: =SUM('Dai loc:DLam'!T12) -> 0 | U12: 0 | V12: 0 | W12: 0 | X12: 0 | Y12: 0 | Z12: 0 | AA12: 0 | AB12: 0 | AC12: 0 | AD12: 0 | AE12: 0 | AF12: 0 | AG12: 0 | AH12: 0 | AI12: 0 | AJ12: 0 | AK12: 0 | AL12: 0 | AM12: 0 | AN12: 0 | AO12: 0 | AP12: 0 | AQ12: 0 | AR12: 0 | AS12: 0 | AT12: 0 | AU12: 0 | AV12: 0 | AW12: 0 | AX12: 0 | AY12: 0 | AZ12: 0 | BA12: 0 | BB12: 0 | BC12: 0 | BD12: 0 | BE12: 0 | BF12: 0 | BG12: 0 | BH12: 0 | BI12: 0 | BJ12: 0 | BK12: 0 | BL12: 0 | BM12: 0 | BN12: 0 | BO12: 0 | BP12: 0 | BQ12: 0 | BS12: 9235200 | BU12: 419650 | BV12: =SUM('Dai loc:DLam'!BV12) -> 0 | BW12: =SUM('Dai loc:DLam'!BW12) -> 0 | BX12: =SUM('Dai loc:DLam'!BX12) -> 0 | BY12: =SUM('Dai loc:DLam'!BY12) -> 0 | BZ12: =SUM('Dai loc:DLam'!BZ12) -> 0 | CA12: =SUM('Dai loc:DLam'!CA12) -> 0 | CB12: =SUM('Dai loc:DLam'!CB12) -> 0 | CC12: =SUM('Dai loc:DLam'!CC12) -> 0
A13: 10 | B13: Trong đó: Chi phí lãi vay | C13: 6 | D13: =SUM(Data_PL8[[#This Row],[T1.2021]:[T12.2021]]) -> 0 | E13: =SUM(Data_PL8[[#This Row],[T1.2022]:[T12.2022]]) -> 0 | F13: =SUM(Data_PL8[[#This Row],[T1.2023]:[T12.2023]]) -> 0 | G13: =SUM(Data_PL8[[#This Row],[T01.2024]:[T12.2024]]) -> 0 | H13: =SUM(Data_PL8[[#This Row],[T01.2025]:[T12.2025]]) -> 0 | I13: =SUM(Data_PL8[[#This Row],[T01.2026]:[T12.2026]]) -> 0 | J13: =SUM('Dai loc:DLam'!J13) -> 0 | K13: =SUM('Dai loc:DLam'!K13) -> 0 | L13: =SUM('Dai loc:DLam'!L13) -> 0 | M13: =SUM('Dai loc:DLam'!M13) -> 0 | N13: =SUM('Dai loc:DLam'!N13) -> 0 | O13: =SUM('Dai loc:DLam'!O13) -> 0 | P13: =SUM('Dai loc:DLam'!P13) -> 0 | Q13: =SUM('Dai loc:DLam'!Q13) -> 0 | ... T13: =SUM('Dai loc:DLam'!T13) -> 0 | U13: 0 | V13: 0 | W13: 0 | X13: 0 | Y13: 0 | Z13: 0 | AA13: 0 | AB13: 0 | AC13: 0 | AD13: 0 | AE13: 0 | AF13: 0 | AG13: 0 | AH13: 0 | AI13: 0 | AJ13: 0 | AK13: 0 | AL13: 0 | AM13: 0 | AN13: 0 | AO13: 0 | AP13: 0 | AQ13: 0 | AR13: 0 | AS13: 0 | AT13: 0 | AU13: 0 | AV13: 0 | AW13: 0 | AX13: 0 | AY13: 0 | AZ13: 0 | BA13: 0 | BB13: 0 | BC13: 0 | BD13: 0 | BE13: 0 | BF13: 0 | BG13: 0 | BH13: 0 | BI13: 0 | BJ13: 0 | BK13: 0 | BL13: 0 | BM13: 0 | BN13: 0 | BO13: 0 | BP13: 0 | BQ13: 0 | BV13: =SUM('Dai loc:DLam'!BV13) -> 0 | BW13: =SUM('Dai loc:DLam'!BW13) -> 0 | BX13: =SUM('Dai loc:DLam'!BX13) -> 0 | BY13: =SUM('Dai loc:DLam'!BY13) -> 0 | BZ13: =SUM('Dai loc:DLam'!BZ13) -> 0 | CA13: =SUM('Dai loc:DLam'!CA13) -> 0 | CB13: =SUM('Dai loc:DLam'!CB13) -> 0 | CC13: =SUM('Dai loc:DLam'!CC13) -> 0
A14: 11 | B14: 9.Chi phí bán hàng | C14: 6 | D14: =SUM(Data_PL8[[#This Row],[T1.2021]:[T12.2021]]) -> 613806900 | E14: =SUM(Data_PL8[[#This Row],[T1.2022]:[T12.2022]]) -> 846137000 | F14: =SUM(Data_PL8[[#This Row],[T1.2023]:[T12.2023]]) -> 3257669600 | G14: =SUM(Data_PL8[[#This Row],[T01.2024]:[T12.2024]]) -> 3508089700 | H14: =SUM(Data_PL8[[#This Row],[T01.2025]:[T12.2025]]) -> 3127900000 | I14: =SUM(Data_PL8[[#This Row],[T01.2026]:[T12.2026]]) -> 1107700000 | J14: =SUM('Dai loc:DLam'!J14) -> 124600000 | K14: =SUM('Dai loc:DLam'!K14) -> 137482710 | L14: =SUM('Dai loc:DLam'!L14) -> 167076390 | M14: =SUM('Dai loc:DLam'!M14) -> 43940000 | N14: =SUM('Dai loc:DLam'!N14) -> 54150000 | O14: =SUM('Dai loc:DLam'!O14) -> 51400000 | P14: =SUM('Dai loc:DLam'!P14) -> 31900000 | Q14: =SUM('Dai loc:DLam'!Q14) -> 3257800 | ... T14: =SUM('Dai loc:DLam'!T14) -> 0 | U14: 0 | V14: 0 | W14: 0 | X14: 0 | Y14: 0 | Z14: 55956000 | AA14: 41117000 | AB14: 57464000 | AC14: 93500000 | AD14: 95700000 | AE14: 176000000 | AF14: 138700000 | AG14: 187700000 | AH14: 75300000 | AI14: 126000000 | AJ14: 157600000 | AK14: 240643000 | AL14: 89750000 | AM14: 145050000 | AN14: 84700000 | AO14: 66600000 | AP14: 38300000 | AQ14: 93600000 | AR14: 349438000 | AS14: 1790688600 | AT14: 1789900000 | AU14: 95542200 | AV14: 198747500 | AW14: 149800000 | AX14: 136700000 | AY14: 187000000 | AZ14: 154000000 | BA14: 132500000 | BB14: 185900000 | BC14: 180600000 | BD14: 156300000 | BE14: 141100000 | BF14: 91100000 | BG14: 139700000 | BH14: 291900000 | BI14: 255100000 | BJ14: 287700000 | BK14: 330500000 | BL14: 365500000 | BM14: 358900000 | BN14: 327900000 | BO14: 294000000 | BP14: 171600000 | BQ14: 214000000 | BR14: 252400000 | BS14: 167700000 | BT14: 349500000 | BU14: 338100000 | BV14: =SUM('Dai loc:DLam'!BV14) -> 0 | BW14: =SUM('Dai loc:DLam'!BW14) -> 0 | BX14: =SUM('Dai loc:DLam'!BX14) -> 0 | BY14: =SUM('Dai loc:DLam'!BY14) -> 0 | BZ14: =SUM('Dai loc:DLam'!BZ14) -> 0 | CA14: =SUM('Dai loc:DLam'!CA14) -> 0 | CB14: =SUM('Dai loc:DLam'!CB14) -> 0 | CC14: =SUM('Dai loc:DLam'!CC14) -> 0
A15: 12 | B15: 10.Chi phí quản lý doanh nghiệp | C15: 6 | D15: =SUM(Data_PL8[[#This Row],[T1.2021]:[T12.2021]]) -> 3482504390 | E15: =SUM(Data_PL8[[#This Row],[T1.2022]:[T12.2022]]) -> 3554786333 | F15: =SUM(Data_PL8[[#This Row],[T1.2023]:[T12.2023]]) -> 4726260715 | G15: =SUM(Data_PL8[[#This Row],[T01.2024]:[T12.2024]]) -> 2854734951 | H15: =SUM(Data_PL8[[#This Row],[T01.2025]:[T12.2025]]) -> 3920744156 | I15: =SUM(Data_PL8[[#This Row],[T01.2026]:[T12.2026]]) -> 2468576452 | J15: =SUM('Dai loc:DLam'!J15) -> 512393321 | K15: =SUM('Dai loc:DLam'!K15) -> 291931741 | L15: =SUM('Dai loc:DLam'!L15) -> 308386505 | M15: =SUM('Dai loc:DLam'!M15) -> 395071206 | N15: =SUM('Dai loc:DLam'!N15) -> 319551728 | O15: =SUM('Dai loc:DLam'!O15) -> 287977276 | P15: =SUM('Dai loc:DLam'!P15) -> 231279900 | Q15: =SUM('Dai loc:DLam'!Q15) -> 189966458 | ... T15: =SUM('Dai loc:DLam'!T15) -> 405606537 | U15: 5215385 | V15: 54384111 | W15: 81006325 | X15: 120760187 | Y15: 135508222 | Z15: 128854203 | AA15: 158782511 | AB15: 144294348 | AC15: 130754061 | AD15: 151931954 | AE15: 136440059 | AF15: 1818058793 | AG15: 494011559 | AH15: 512428705 | AI15: 513524746 | AJ15: 289805194 | AK15: 385726708 | AL15: 356542104 | AM15: 323320047 | AN15: 340009205 | AO15: 692274279 | AP15: 332140369 | AQ15: 324903258 | AR15: 323801165 | AS15: 331784935 | AT15: 189486394 | AU15: 225236410 | AV15: 229978521 | AW15: 229889992 | AX15: 224134296 | AY15: 214897048 | AZ15: 230047625 | BA15: 229954420 | BB15: 228488322 | BC15: 213155072 | BD15: 300846378 | BE15: 338620473 | BF15: 390880567 | BG15: 288060338 | BH15: 278341956 | BI15: 277195306 | BJ15: 257971197 | BK15: 282882950 | BL15: 303895747 | BM15: 325151310 | BN15: 377683972 | BO15: 341492876 | BP15: 395204855 | BQ15: 401983082 | BR15: 638193690 | BS15: 962454402 | BT15: 406416217 | BU15: 461512143 | BV15: =SUM('Dai loc:DLam'!BV15) -> 0 | BW15: =SUM('Dai loc:DLam'!BW15) -> 0 | BX15: =SUM('Dai loc:DLam'!BX15) -> 0 | BY15: =SUM('Dai loc:DLam'!BY15) -> 0 | BZ15: =SUM('Dai loc:DLam'!BZ15) -> 0 | CA15: =SUM('Dai loc:DLam'!CA15) -> 0 | CB15: =SUM('Dai loc:DLam'!CB15) -> 0 | CC15: =SUM('Dai loc:DLam'!CC15) -> 0
A16: 13 | B16: 11.Lợi nhuận thuần từ hoạt động kinh doanh | C16: 6 | D16: =SUM(Data_PL8[[#This Row],[T1.2021]:[T12.2021]]) -> -3847850124 | E16: =SUM(Data_PL8[[#This Row],[T1.2022]:[T12.2022]]) -> -6610315939 | F16: =SUM(Data_PL8[[#This Row],[T1.2023]:[T12.2023]]) -> -22574535329 | G16: =SUM(Data_PL8[[#This Row],[T01.2024]:[T12.2024]]) -> -12362108043 | H16: =SUM(Data_PL8[[#This Row],[T01.2025]:[T12.2025]]) -> -6705669106 | I16: =SUM(Data_PL8[[#This Row],[T01.2026]:[T12.2026]]) -> -1132222169 | J16: =SUM('Dai loc:DLam'!J16) -> -631216701 | K16: =SUM('Dai loc:DLam'!K16) -> -416791178 | L16: =SUM('Dai loc:DLam'!L16) -> -454759795 | M16: =SUM('Dai loc:DLam'!M16) -> -387014507 | N16: =SUM('Dai loc:DLam'!N16) -> -329941725 | O16: =SUM('Dai loc:DLam'!O16) -> -310016105 | P16: =SUM('Dai loc:DLam'!P16) -> -241170636 | Q16: =SUM('Dai loc:DLam'!Q16) -> -193037525 | ... T16: =SUM('Dai loc:DLam'!T16) -> -344858840 | U16: -5215385 | V16: -54190586 | W16: -80964549 | X16: -120696934 | Y16: -311288386 | Z16: -396537482 | AA16: -1637938290 | AB16: -763929325 | AC16: 617233046 | AD16: -200819028 | AE16: -370404940 | AF16: -2723615820 | AG16: -567163645 | AH16: -1573147901 | AI16: -1993641840 | AJ16: -3229513868 | AK16: -2994040046 | AL16: -2349168118 | AM16: -2195025732 | AN16: -2100811185 | AO16: -1671004649 | AP16: -928237387 | AQ16: -731417715 | AR16: -2729901490 | AS16: -78625398 | AT16: -2424081513 | AU16: -1196964983 | AV16: -64638718 | AW16: -568655628 | AX16: -1217198304 | AY16: -1622693966 | AZ16: -955086845 | BA16: -936866392 | BB16: -677356053 | BC16: -426089275 | BD16: -1172912349 | BE16: -1099564017 | BF16: -1518477562 | BG16: -1405125428 | BH16: -570697500 | BI16: -895084156 | BJ16: 178940300 | BK16: -1043091894 | BL16: 606950173 | BM16: 331075113 | BN16: -691137673 | BO16: -240965181 | BP16: -965546557 | BQ16: -492508741 | BR16: -417446226 | BS16: -900306394 | BT16: 245895340 | BU16: -60364889 | BV16: =SUM('Dai loc:DLam'!BV16) -> 0 | BW16: =SUM('Dai loc:DLam'!BW16) -> 0 | BX16: =SUM('Dai loc:DLam'!BX16) -> 0 | BY16: =SUM('Dai loc:DLam'!BY16) -> 0 | BZ16: =SUM('Dai loc:DLam'!BZ16) -> 0 | CA16: =SUM('Dai loc:DLam'!CA16) -> 0 | CB16: =SUM('Dai loc:DLam'!CB16) -> 0 | CC16: =SUM('Dai loc:DLam'!CC16) -> 0
A17: 14 | B17: 12.Thu nhập khác | C17: 6 | D17: =SUM(Data_PL8[[#This Row],[T1.2021]:[T12.2021]]) -> 1770000 | E17: =SUM(Data_PL8[[#This Row],[T1.2022]:[T12.2022]]) -> 190000 | F17: =SUM(Data_PL8[[#This Row],[T1.2023]:[T12.2023]]) -> 411943144 | G17: =SUM(Data_PL8[[#This Row],[T01.2024]:[T12.2024]]) -> 37322058 | H17: =SUM(Data_PL8[[#This Row],[T01.2025]:[T12.2025]]) -> 223318560 | I17: =SUM(Data_PL8[[#This Row],[T01.2026]:[T12.2026]]) -> 149865373 | J17: =SUM('Dai loc:DLam'!J17) -> 0 | K17: =SUM('Dai loc:DLam'!K17) -> 0 | L17: =SUM('Dai loc:DLam'!L17) -> 810000 | M17: =SUM('Dai loc:DLam'!M17) -> 0 | N17: =SUM('Dai loc:DLam'!N17) -> 960000 | O17: =SUM('Dai loc:DLam'!O17) -> 0 | P17: =SUM('Dai loc:DLam'!P17) -> 0 | Q17: =SUM('Dai loc:DLam'!Q17) -> 0 | ... T17: =SUM('Dai loc:DLam'!T17) -> 0 | U17: 0 | V17: 0 | W17: 0 | X17: 0 | Y17: 0 | Z17: 0 | AA17: 190000 | AB17: 0 | AC17: 0 | AD17: 0 | AE17: 0 | AF17: 0 | AG17: 0 | AH17: 0 | AI17: 0 | AJ17: 0 | AK17: 109815 | AL17: 58651962 | AM17: 310961198 | AN17: 7456238 | AO17: 12453000 | AP17: 0 | AQ17: 0 | AR17: 0 | AS17: 22310931 | AT17: 0 | AU17: 0 | AV17: 0 | AW17: 0 | AX17: 4695924 | AY17: 6427650 | BA17: 6515785 | BB17: 5868055 | BC17: 2949074 | BD17: 4844907 | BE17: 6020663 | BF17: 6872690 | BG17: 0 | BH17: 5897640 | BI17: 14981280 | BJ17: 21977736 | BK17: 20040080 | BL17: 35343900 | BM17: 28282224 | BN17: 14984820 | BO17: 24570392 | BP17: 8366410 | BQ17: 42001388 | BR17: 8748278 | BS17: 10969252 | BT17: 13764543 | BU17: 116383300 | BV17: =SUM('Dai loc:DLam'!BV17) -> 0 | BW17: =SUM('Dai loc:DLam'!BW17) -> 0 | BX17: =SUM('Dai loc:DLam'!BX17) -> 0 | BY17: =SUM('Dai loc:DLam'!BY17) -> 0 | BZ17: =SUM('Dai loc:DLam'!BZ17) -> 0 | CA17: =SUM('Dai loc:DLam'!CA17) -> 0 | CB17: =SUM('Dai loc:DLam'!CB17) -> 0 | CC17: =SUM('Dai loc:DLam'!CC17) -> 0
A18: 15 | B18: 13.Chi phí khác | C18: 6 | D18: =SUM(Data_PL8[[#This Row],[T1.2021]:[T12.2021]]) -> 3300000 | E18: =SUM(Data_PL8[[#This Row],[T1.2022]:[T12.2022]]) -> 3420266062 | F18: =SUM(Data_PL8[[#This Row],[T1.2023]:[T12.2023]]) -> 469346186 | G18: =SUM(Data_PL8[[#This Row],[T01.2024]:[T12.2024]]) -> 231135145 | H18: =SUM(Data_PL8[[#This Row],[T01.2025]:[T12.2025]]) -> 171338420 | I18: =SUM(Data_PL8[[#This Row],[T01.2026]:[T12.2026]]) -> 662336263 | J18: =SUM('Dai loc:DLam'!J18) -> 0 | K18: =SUM('Dai loc:DLam'!K18) -> 2500000 | L18: =SUM('Dai loc:DLam'!L18) -> 800000 | M18: =SUM('Dai loc:DLam'!M18) -> 0 | N18: =SUM('Dai loc:DLam'!N18) -> 0 | O18: =SUM('Dai loc:DLam'!O18) -> 0 | P18: =SUM('Dai loc:DLam'!P18) -> 0 | Q18: =SUM('Dai loc:DLam'!Q18) -> 0 | ... T18: =SUM('Dai loc:DLam'!T18) -> 0 | U18: 0 | V18: 0 | W18: 0 | X18: 0 | Y18: 0 | Z18: 0 | AA18: 0 | AB18: 0 | AC18: 296296 | AD18: 0 | AE18: 16391 | AF18: 0 | AG18: 3419953375 | AH18: 0 | AI18: 0 | AJ18: 8284629 | AK18: 61546 | AL18: 52651 | AM18: 342751500 | AN18: 34965381 | AO18: 3001865 | AP18: 8601062 | AQ18: 12875003 | AR18: 11895000 | AS18: 46857549 | AT18: 25035000 | AU18: 4500869 | AV18: 15342970 | AW18: 1400000 | AX18: 4112330 | AY18: 3788889 | AZ18: 1603193 | BA18: 3600000 | BB18: 4730520 | BC18: 5100000 | BD18: 2300000 | BE18: 159621374 | BF18: 1000000 | BG18: 3800000 | BH18: 2500000 | BI18: 1000000 | BJ18: 6500000 | BK18: 1500000 | BL18: 128951632 | BM18: 13282176 | BN18: 4000000 | BO18: 500000 | BP18: 2295000 | BQ18: 6009612 | BR18: 136900483 | BS18: 48552980 | BT18: 4660403 | BU18: 472222397 | BV18: =SUM('Dai loc:DLam'!BV18) -> 0 | BW18: =SUM('Dai loc:DLam'!BW18) -> 0 | BX18: =SUM('Dai loc:DLam'!BX18) -> 0 | BY18: =SUM('Dai loc:DLam'!BY18) -> 0 | BZ18: =SUM('Dai loc:DLam'!BZ18) -> 0 | CA18: =SUM('Dai loc:DLam'!CA18) -> 0 | CB18: =SUM('Dai loc:DLam'!CB18) -> 0 | CC18: =SUM('Dai loc:DLam'!CC18) -> 0
A19: 16 | B19: 14.Lợi nhuận khác | C19: 6 | D19: =SUM(Data_PL8[[#This Row],[T1.2021]:[T12.2021]]) -> -1530000 | E19: =SUM(Data_PL8[[#This Row],[T1.2022]:[T12.2022]]) -> -3420076062 | F19: =SUM(Data_PL8[[#This Row],[T1.2023]:[T12.2023]]) -> -57403042 | G19: =SUM(Data_PL8[[#This Row],[T01.2024]:[T12.2024]]) -> -193813087 | H19: =SUM(Data_PL8[[#This Row],[T01.2025]:[T12.2025]]) -> 51980140 | I19: =SUM(Data_PL8[[#This Row],[T01.2026]:[T12.2026]]) -> -512470890 | J19: =SUM('Dai loc:DLam'!J19) -> 0 | K19: =SUM('Dai loc:DLam'!K19) -> -2500000 | L19: =SUM('Dai loc:DLam'!L19) -> 10000 | M19: =SUM('Dai loc:DLam'!M19) -> 0 | N19: =SUM('Dai loc:DLam'!N19) -> 960000 | O19: =SUM('Dai loc:DLam'!O19) -> 0 | P19: =SUM('Dai loc:DLam'!P19) -> 0 | Q19: =SUM('Dai loc:DLam'!Q19) -> 0 | ... T19: =SUM('Dai loc:DLam'!T19) -> 0 | U19: 0 | V19: 0 | W19: 0 | X19: 0 | Y19: 0 | Z19: 0 | AA19: 190000 | AB19: 0 | AC19: -296296 | AD19: 0 | AE19: -16391 | AF19: 0 | AG19: -3419953375 | AH19: 0 | AI19: 0 | AJ19: -8284629 | AK19: 48269 | AL19: 58599311 | AM19: -31790302 | AN19: -27509143 | AO19: 9451135 | AP19: -8601062 | AQ19: -12875003 | AR19: -11895000 | AS19: -24546618 | AT19: -25035000 | AU19: -4500869 | AV19: -15342970 | AW19: -1400000 | AX19: 583594 | AY19: 2638761 | AZ19: -1603193 | BA19: 2915785 | BB19: 1137535 | BC19: -2150926 | BD19: 2544907 | BE19: -153600711 | BF19: 5872690 | BG19: -3800000 | BH19: 3397640 | BI19: 13981280 | BJ19: 15477736 | BK19: 18540080 | BL19: -93607732 | BM19: 15000048 | BN19: 10984820 | BO19: 24070392 | BP19: 6071410 | BQ19: 35991776 | BR19: -128152205 | BS19: -37583728 | BT19: 9104140 | BU19: -355839097 | BV19: =SUM('Dai loc:DLam'!BV19) -> 0 | BW19: =SUM('Dai loc:DLam'!BW19) -> 0 | BX19: =SUM('Dai loc:DLam'!BX19) -> 0 | BY19: =SUM('Dai loc:DLam'!BY19) -> 0 | BZ19: =SUM('Dai loc:DLam'!BZ19) -> 0 | CA19: =SUM('Dai loc:DLam'!CA19) -> 0 | CB19: =SUM('Dai loc:DLam'!CB19) -> 0 | CC19: =SUM('Dai loc:DLam'!CC19) -> 0
A20: 17 | B20: 15.Tổng lợi nhuận kế toán trước thuế | C20: 6 | D20: =SUM(Data_PL8[[#This Row],[T1.2021]:[T12.2021]]) -> -3849380124 | E20: =SUM(Data_PL8[[#This Row],[T1.2022]:[T12.2022]]) -> -10030392001 | F20: =SUM(Data_PL8[[#This Row],[T1.2023]:[T12.2023]]) -> -22631938371 | G20: =SUM(Data_PL8[[#This Row],[T01.2024]:[T12.2024]]) -> -12555921130 | H20: =SUM(Data_PL8[[#This Row],[T01.2025]:[T12.2025]]) -> -6653688966 | I20: =SUM(Data_PL8[[#This Row],[T01.2026]:[T12.2026]]) -> -1644693059 | J20: =SUM('Dai loc:DLam'!J20) -> -631216701 | K20: =SUM('Dai loc:DLam'!K20) -> -419291178 | L20: =SUM('Dai loc:DLam'!L20) -> -454749795 | M20: =SUM('Dai loc:DLam'!M20) -> -387014507 | N20: =SUM('Dai loc:DLam'!N20) -> -328981725 | O20: =SUM('Dai loc:DLam'!O20) -> -310016105 | P20: =SUM('Dai loc:DLam'!P20) -> -241170636 | Q20: =SUM('Dai loc:DLam'!Q20) -> -193037525 | ... T20: =SUM('Dai loc:DLam'!T20) -> -344858840 | U20: -5215385 | V20: -54190586 | W20: -80964549 | X20: -120696934 | Y20: -311288386 | Z20: -396537482 | AA20: -1637748290 | AB20: -763929325 | AC20: 616936750 | AD20: -200819028 | AE20: -370421331 | AF20: -2723615820 | AG20: -3987117020 | AH20: -1573147901 | AI20: -1993641840 | AJ20: -3237798497 | AK20: -2993991777 | AL20: -2290568807 | AM20: -2226816034 | AN20: -2128320328 | AO20: -1661553514 | AP20: -936838449 | AQ20: -744292718 | AR20: -2741796490 | AS20: -103172016 | AT20: -2449116513 | AU20: -1201465852 | AV20: -79981688 | AW20: -570055628 | AX20: -1216614710 | AY20: -1620055205 | AZ20: -956690038 | BA20: -933950607 | BB20: -676218518 | BC20: -428240201 | BD20: -1170367442 | BE20: -1253164728 | BF20: -1512604872 | BG20: -1408925428 | BH20: -567299860 | BI20: -881102876 | BJ20: 194418036 | BK20: -1024551814 | BL20: 513342441 | BM20: 346075161 | BN20: -680152853 | BO20: -216894789 | BP20: -959475147 | BQ20: -456516965 | BR20: -545598431 | BS20: -937890122 | BT20: 254999480 | BU20: -416203986 | BV20: =SUM('Dai loc:DLam'!BV20) -> 0 | BW20: =SUM('Dai loc:DLam'!BW20) -> 0 | BX20: =SUM('Dai loc:DLam'!BX20) -> 0 | BY20: =SUM('Dai loc:DLam'!BY20) -> 0 | BZ20: =SUM('Dai loc:DLam'!BZ20) -> 0 | CA20: =SUM('Dai loc:DLam'!CA20) -> 0 | CB20: =SUM('Dai loc:DLam'!CB20) -> 0 | CC20: =SUM('Dai loc:DLam'!CC20) -> 0
A21: 18 | B21: 16.Chi phí thuế TNDN hiện hành | C21: 6 | D21: =SUM(Data_PL8[[#This Row],[T1.2021]:[T12.2021]]) -> 0 | E21: =SUM(Data_PL8[[#This Row],[T1.2022]:[T12.2022]]) -> 0 | F21: =SUM(Data_PL8[[#This Row],[T1.2023]:[T12.2023]]) -> 0 | G21: =SUM(Data_PL8[[#This Row],[T01.2024]:[T12.2024]]) -> 0 | H21: =SUM(Data_PL8[[#This Row],[T01.2025]:[T12.2025]]) -> 0 | I21: =SUM(Data_PL8[[#This Row],[T01.2026]:[T12.2026]]) -> 0 | J21: =SUM('Dai loc:DLam'!J21) -> 0 | K21: =SUM('Dai loc:DLam'!K21) -> 0 | L21: =SUM('Dai loc:DLam'!L21) -> 0 | M21: =SUM('Dai loc:DLam'!M21) -> 0 | N21: =SUM('Dai loc:DLam'!N21) -> 0 | O21: =SUM('Dai loc:DLam'!O21) -> 0 | P21: =SUM('Dai loc:DLam'!P21) -> 0 | Q21: =SUM('Dai loc:DLam'!Q21) -> 0 | ... T21: =SUM('Dai loc:DLam'!T21) -> 0 | U21: 0 | V21: 0 | W21: 0 | X21: 0 | Y21: 0 | Z21: 0 | AA21: 0 | AB21: 0 | AC21: 0 | AD21: 0 | AE21: 0 | AF21: 0 | AG21: 0 | AH21: 0 | AI21: 0 | AJ21: 0 | AK21: 0 | AL21: 0 | AM21: 0 | AN21: 0 | AO21: 0 | AP21: 0 | AQ21: 0 | AR21: 0 | AS21: 0 | AT21: 0 | AU21: 0 | AV21: 0 | AW21: 0 | AX21: 0 | AY21: 0 | AZ21: 0 | BA21: 0 | BB21: 0 | BC21: 0 | BD21: 0 | BE21: 0 | BF21: 0 | BG21: 0 | BH21: 0 | BI21: 0 | BJ21: 0 | BK21: 0 | BL21: 0 | BM21: 0 | BN21: 0 | BO21: 0 | BP21: 0 | BS21: 0 | BV21: =SUM('Dai loc:DLam'!BV21) -> 0 | BW21: =SUM('Dai loc:DLam'!BW21) -> 0 | BX21: =SUM('Dai loc:DLam'!BX21) -> 0 | BY21: =SUM('Dai loc:DLam'!BY21) -> 0 | BZ21: =SUM('Dai loc:DLam'!BZ21) -> 0 | CA21: =SUM('Dai loc:DLam'!CA21) -> 0 | CB21: =SUM('Dai loc:DLam'!CB21) -> 0 | CC21: =SUM('Dai loc:DLam'!CC21) -> 0
A22: 19 | B22: 17.Chi phí thuế TNDN hoãn lại | C22: 6 | D22: =SUM(Data_PL8[[#This Row],[T1.2021]:[T12.2021]]) -> 0 | E22: =SUM(Data_PL8[[#This Row],[T1.2022]:[T12.2022]]) -> 0 | F22: =SUM(Data_PL8[[#This Row],[T1.2023]:[T12.2023]]) -> 0 | G22: =SUM(Data_PL8[[#This Row],[T01.2024]:[T12.2024]]) -> 0 | H22: =SUM(Data_PL8[[#This Row],[T01.2025]:[T12.2025]]) -> 0 | I22: =SUM(Data_PL8[[#This Row],[T01.2026]:[T12.2026]]) -> 0 | J22: =SUM('Dai loc:DLam'!J22) -> 0 | K22: =SUM('Dai loc:DLam'!K22) -> 0 | L22: =SUM('Dai loc:DLam'!L22) -> 0 | M22: =SUM('Dai loc:DLam'!M22) -> 0 | N22: =SUM('Dai loc:DLam'!N22) -> 0 | O22: =SUM('Dai loc:DLam'!O22) -> 0 | P22: =SUM('Dai loc:DLam'!P22) -> 0 | Q22: =SUM('Dai loc:DLam'!Q22) -> 0 | ... T22: =SUM('Dai loc:DLam'!T22) -> 0 | U22: 0 | V22: 0 | W22: 0 | X22: 0 | Y22: 0 | Z22: 0 | AA22: 0 | AB22: 0 | AC22: 0 | AD22: 0 | AE22: 0 | AF22: 0 | AG22: 0 | AH22: 0 | AI22: 0 | AJ22: 0 | AK22: 0 | AL22: 0 | AM22: 0 | AN22: 0 | AO22: 0 | AP22: 0 | AQ22: 0 | AR22: 0 | AS22: 0 | AT22: 0 | AU22: 0 | AV22: 0 | AW22: 0 | AX22: 0 | AY22: 0 | AZ22: 0 | BA22: 0 | BB22: 0 | BC22: 0 | BD22: 0 | BE22: 0 | BS22: 0 | BV22: =SUM('Dai loc:DLam'!BV22) -> 0 | BW22: =SUM('Dai loc:DLam'!BW22) -> 0 | BX22: =SUM('Dai loc:DLam'!BX22) -> 0 | BY22: =SUM('Dai loc:DLam'!BY22) -> 0 | BZ22: =SUM('Dai loc:DLam'!BZ22) -> 0 | CA22: =SUM('Dai loc:DLam'!CA22) -> 0 | CB22: =SUM('Dai loc:DLam'!CB22) -> 0 | CC22: =SUM('Dai loc:DLam'!CC22) -> 0
A23: 20 | B23: 18.Lợi nhuận sau thuế thu nhập doanh nghiệp | C23: 6 | D23: =SUM(Data_PL8[[#This Row],[T1.2021]:[T12.2021]]) -> -3849380124 | E23: =SUM(Data_PL8[[#This Row],[T1.2022]:[T12.2022]]) -> -10030392001 | F23: =SUM(Data_PL8[[#This Row],[T1.2023]:[T12.2023]]) -> -22631938371 | G23: =SUM(Data_PL8[[#This Row],[T01.2024]:[T12.2024]]) -> -12555921130 | H23: =SUM(Data_PL8[[#This Row],[T01.2025]:[T12.2025]]) -> -6653688966 | I23: =SUM(Data_PL8[[#This Row],[T01.2026]:[T12.2026]]) -> -1644693059 | J23: =SUM('Dai loc:DLam'!J23) -> -631216701 | K23: =SUM('Dai loc:DLam'!K23) -> -419291178 | L23: =SUM('Dai loc:DLam'!L23) -> -454749795 | M23: =SUM('Dai loc:DLam'!M23) -> -387014507 | N23: =SUM('Dai loc:DLam'!N23) -> -328981725 | O23: =SUM('Dai loc:DLam'!O23) -> -310016105 | P23: =SUM('Dai loc:DLam'!P23) -> -241170636 | Q23: =SUM('Dai loc:DLam'!Q23) -> -193037525 | ... T23: =SUM('Dai loc:DLam'!T23) -> -344858840 | U23: -5215385 | V23: -54190586 | W23: -80964549 | X23: -120696934 | Y23: -311288386 | Z23: -396537482 | AA23: -1637748290 | AB23: -763929325 | AC23: 616936750 | AD23: -200819028 | AE23: -370421331 | AF23: -2723615820 | AG23: -3987117020 | AH23: -1573147901 | AI23: -1993641840 | AJ23: -3237798497 | AK23: -2993991777 | AL23: -2290568807 | AM23: -2226816034 | AN23: -2128320328 | AO23: -1661553514 | AP23: -936838449 | AQ23: -744292718 | AR23: -2741796490 | AS23: -103172016 | AT23: -2449116513 | AU23: -1201465852 | AV23: -79981688 | AW23: -570055628 | AX23: -1216614710 | AY23: -1620055205 | AZ23: -956690038 | BA23: -933950607 | BB23: -676218518 | BC23: -428240201 | BD23: -1170367442 | BE23: -1253164728 | BF23: -1512604872 | BG23: -1408925428 | BH23: -567299860 | BI23: -881102876 | BJ23: 194418036 | BK23: -1024551814 | BL23: 513342441 | BM23: 346075161 | BN23: -680152853 | BO23: -216894789 | BP23: -959475147 | BQ23: -456516965 | BR23: -545598431 | BS23: -937890122 | BT23: 254999480 | BU23: -416203986 | BV23: =SUM('Dai loc:DLam'!BV23) -> 0 | BW23: =SUM('Dai loc:DLam'!BW23) -> 0 | BX23: =SUM('Dai loc:DLam'!BX23) -> 0 | BY23: =SUM('Dai loc:DLam'!BY23) -> 0 | BZ23: =SUM('Dai loc:DLam'!BZ23) -> 0 | CA23: =SUM('Dai loc:DLam'!CA23) -> 0 | CB23: =SUM('Dai loc:DLam'!CB23) -> 0 | CC23: =SUM('Dai loc:DLam'!CC23) -> 0
B24: % LNST | D24: =D23/D7 -> -0.77755103 | E24: =E23/E7 -> -0.27982248 | F24: =F23/F7 -> -0.32905068 | G24: =G23/G7 -> -0.1006921 | H24: =H23/H7 -> -0.038255491 | I24: =I23/I7 -> -0.03349521 | J24: =SUM('Dai loc:DLam'!J24) -> 0 | K24: =SUM('Dai loc:DLam'!K24) -> 0 | L24: =SUM('Dai loc:DLam'!L24) -> 0 | M24: =SUM('Dai loc:DLam'!M24) -> 0 | N24: =SUM('Dai loc:DLam'!N24) -> 0 | O24: =SUM('Dai loc:DLam'!O24) -> 0 | P24: =SUM('Dai loc:DLam'!P24) -> 0 | Q24: =SUM('Dai loc:DLam'!Q24) -> 0 | ... T24: =SUM('Dai loc:DLam'!T24) -> 0 | BV24: =SUM('Dai loc:DLam'!BV24) -> 0 | BW24: =SUM('Dai loc:DLam'!BW24) -> 0 | BX24: =SUM('Dai loc:DLam'!BX24) -> 0 | BY24: =SUM('Dai loc:DLam'!BY24) -> 0 | BZ24: =SUM('Dai loc:DLam'!BZ24) -> 0 | CA24: =SUM('Dai loc:DLam'!CA24) -> 0 | CB24: =SUM('Dai loc:DLam'!CB24) -> 0 | CC24: =SUM('Dai loc:DLam'!CC24) -> 0

Sheet Dai loc
B1: CÔNG TY TNHH THU MUA PHẾ LIỆU ĐẠI LỘC
B2: VND
A3: Index PL | B3: PHẦN II-KẾT QUẢ HOẠT ĐỘNG KINH DOANH | C3: TenCongTyID | D3: 2021 | E3: 2022 | F3: 2023 | G3: 2024 | H3: 2025 | I3: 2026 | J3: T1.2021 | K3: T02.2021 | L3: T03.2021 | M3: T04.2021 | N3: T05.2021 | O3: T06.2021 | P3: T07.2021 | Q3: T08.2021 | R3: T09.2021 | S3: T10.2021 | T3: T11.2021 | U3: T12.2021 | V3: T1.2022 | W3: T02.2022 | X3: T03.2022 | Y3: T04.2022 | Z3: T05.2022 | AA3: T06.2022 | AB3: T07.2022 | AC3: T08.2022 | AD3: T09.2022 | AE3: T10.2022 | AF3: T11.2022 | AG3: T12.2022 | AH3: T1.2023 | AI3: T02.2023 | AJ3: T03.2023 | AK3: T04.2023 | AL3: T05.2023 | AM3: T06.2023 | AN3: T07.2023 | AO3: T08.2023 | AP3: T09.2023 | AQ3: T10.2023 | AR3: T11.2023 | AS3: T12.2023 | AT3: T01.2024 | AU3: T02.2024 | AV3: T03.2024 | AW3: T04.2024 | AX3: T05.2024 | AY3: T06.2024 | AZ3: T07.2024 | BA3: T08.2024 | BB3: T09.2024 | BC3: T10.2024 | BD3: T11.2024 | BE3: T12.2024 | BF3: T01.2025 | BG3: T02.2025 | BH3: T03.2025 | BI3: T04.2025 | BJ3: T05.2025 | BK3: T06.2025 | BL3: T07.2025 | BM3: T08.2025 | BN3: T09.2025 | BO3: T10.2025 | BP3: T11.2025 | BQ3: T12.2025 | BR3: T01.2026 | BS3: T02.2026 | BT3: T03.2026 | BU3: T04.2026 | BV3: T05.2026 | BW3: T06.2026 | BX3: T07.2026 | BY3: T08.2026 | BZ3: T09.2026 | CA3: T10.2026 | CB3: T11.2026 | CC3: T12.2026
A4: 1 | B4: Sản lượng (Tấn) | C4: 6 | D4: =SUM(Data_PL[[#This Row],[T1.2021]:[T12.2021]]) -> 0 | E4: =SUM(Data_PL[[#This Row],[T1.2022]:[T12.2022]]) -> 2444.104 | F4: =SUM(Data_PL[[#This Row],[T1.2023]:[T12.2023]]) -> 4773.347 | G4: =SUM(Data_PL[[#This Row],[T01.2024]:[T12.2024]]) -> 6788 | H4: =SUM(Data_PL[[#This Row],[T01.2025]:[T12.2025]]) -> 10024.546 | I4: =SUM(Data_PL[[#This Row],[T01.2026]:[T12.2026]]) -> 3212.486 | Y4: 54.835 | Z4: 109.376 | AA4: 98.263 | AB4: 105.184 | AC4: 213.473 | AD4: 201.097 | AE4: 390.959 | AF4: 542.951 | AG4: 727.966 | AH4: 208.2345 | AI4: 392.922 | AJ4: 716.8835 | AK4: 473.315 | AL4: 316.381 | AM4: 414.831 | AN4: 288 | AO4: 282 | AP4: 269.83 | AQ4: 453.716 | AR4: 445.6555 | AS4: 511.5785 | AT4: 938 | AU4: 278 | AV4: 573 | AW4: 500 | AX4: 507 | AY4: 799 | AZ4: 509 | BA4: 498 | BB4: 551 | BC4: 716 | BD4: 538 | BE4: 381 | BF4: 335.181 | BG4: 444.004 | BH4: 890.471 | BI4: 800.712 | BJ4: 928.136 | BK4: 1154.889 | BL4: 1153.798 | BM4: 1107.847 | BN4: 1004.975 | BO4: 1004.9 | BP4: 513.84 | BQ4: 685.793 | BR4: 783.082 | BS4: 523.873 | BT4: 990.114 | BU4: =915417/1000 -> 915.417
A5: 2 | B5: 1.Doanh thu bán hàng và cung cấp dịch vụ | C5: 6 | D5: =SUM(Data_PL[[#This Row],[T1.2021]:[T12.2021]]) -> 0 | E5: =SUM(Data_PL[[#This Row],[T1.2022]:[T12.2022]]) -> 35845555207 | F5: =SUM(Data_PL[[#This Row],[T1.2023]:[T12.2023]]) -> 68779491098 | G5: =SUM(Data_PL[[#This Row],[T01.2024]:[T12.2024]]) -> 124696185425 | H5: =SUM(Data_PL[[#This Row],[T01.2025]:[T12.2025]]) -> 173927684403 | I5: =SUM(Data_PL[[#This Row],[T01.2026]:[T12.2026]]) -> 49102336080 | U5: 0 | V5: 0 | W5: 0 | X5: 0 | Y5: 867124500 | Z5: 1806629000 | AA5: 1808611000 | AB5: 1898558000 | AC5: 3939705500 | AD5: 3396159500 | AE5: 7207694201 | AF5: 5938251216 | AG5: 8982822290 | AH5: 2253383204 | AI5: 4265090683 | AJ5: 10639282713 | AK5: 6949558981 | AL5: 3324235725 | AM5: 5636906111 | AN5: 3501002041 | AO5: 4192925810 | AP5: 4197374650 | AQ5: 7583193100 | AR5: 7831508500 | AS5: 8405029580 | AT5: 18859106420 | AU5: 4569145960 | AV5: 9889167500 | AW5: 8988544600 | AX5: 8396397250 | AY5: 13981977600 | AZ5: 8695495766 | BA5: 9066018899 | BB5: 10085358702 | BC5: 12770520896 | BD5: 10341915406 | BE5: 9052536426 | BF5: 5422948492 | BG5: 8810676928 | BH5: 16279256392 | BI5: 14772471605 | BJ5: 17582066937 | BK5: 19496019197 | BL5: 21794142714 | BM5: 20947068360 | BN5: 16624308416 | BO5: 14529961948 | BP5: 7374095784 | BQ5: 10294667630 | BR5: 11775760050 | BS5: 8275817930 | BT5: 14654267870 | BU5: 14396490230
A6: 3 | B6: 2.Các khoản giảm trừ doanh thu | C6: 6 | D6: =SUM(Data_PL[[#This Row],[T1.2021]:[T12.2021]]) -> 0 | E6: =SUM(Data_PL[[#This Row],[T1.2022]:[T12.2022]]) -> 0 | F6: =SUM(Data_PL[[#This Row],[T1.2023]:[T12.2023]]) -> 0 | G6: =SUM(Data_PL[[#This Row],[T01.2024]:[T12.2024]]) -> 0 | H6: =SUM(Data_PL[[#This Row],[T01.2025]:[T12.2025]]) -> 0 | I6: =SUM(Data_PL[[#This Row],[T01.2026]:[T12.2026]]) -> 0 | U6: 0 | V6: 0 | W6: 0 | X6: 0 | Y6: 0 | Z6: 0 | AA6: 0 | AB6: 0 | AC6: 0 | AD6: 0 | AE6: 0 | AF6: 0 | AG6: 0 | AH6: 0 | AI6: 0 | AJ6: 0 | AK6: 0 | AL6: 0 | AM6: 0 | AN6: 0 | AO6: 0 | AP6: 0 | AQ6: 0 | AR6: 0 | AS6: 0 | AT6: 0 | AU6: 0 | AV6: 0 | AW6: 0 | AX6: 0 | AY6: 0 | AZ6: 0 | BA6: 0 | BB6: 0 | BC6: 0 | BD6: 0 | BE6: 0 | BF6: 0 | BG6: 0 | BH6: 0 | BI6: 0 | BJ6: 0 | BK6: 0 | BL6: 0 | BM6: 0 | BN6: 0 | BO6: 0 | BP6: 0 | BQ6: 0 | BS6: 0
A7: 4 | B7: 3.Doanh thu thuần về bán hàng và cung cấp dịch vụ | C7: 6 | D7: =SUM(Data_PL[[#This Row],[T1.2021]:[T12.2021]]) -> 0 | E7: =SUM(Data_PL[[#This Row],[T1.2022]:[T12.2022]]) -> 35845555207 | F7: =SUM(Data_PL[[#This Row],[T1.2023]:[T12.2023]]) -> 68779491098 | G7: =SUM(Data_PL[[#This Row],[T01.2024]:[T12.2024]]) -> 124696185425 | H7: =SUM(Data_PL[[#This Row],[T01.2025]:[T12.2025]]) -> 173927684403 | I7: =SUM(Data_PL[[#This Row],[T01.2026]:[T12.2026]]) -> 49102336080 | U7: 0 | V7: 0 | W7: 0 | X7: 0 | Y7: 867124500 | Z7: 1806629000 | AA7: 1808611000 | AB7: 1898558000 | AC7: 3939705500 | AD7: 3396159500 | AE7: 7207694201 | AF7: 5938251216 | AG7: 8982822290 | AH7: 2253383204 | AI7: 4265090683 | AJ7: 10639282713 | AK7: 6949558981 | AL7: 3324235725 | AM7: 5636906111 | AN7: 3501002041 | AO7: 4192925810 | AP7: 4197374650 | AQ7: 7583193100 | AR7: 7831508500 | AS7: 8405029580 | AT7: 18859106420 | AU7: 4569145960 | AV7: 9889167500 | AW7: 8988544600 | AX7: 8396397250 | AY7: 13981977600 | AZ7: 8695495766 | BA7: 9066018899 | BB7: 10085358702 | BC7: 12770520896 | BD7: 10341915406 | BE7: 9052536426 | BF7: 5422948492 | BG7: 8810676928 | BH7: 16279256392 | BI7: 14772471605 | BJ7: 17582066937 | BK7: 19496019197 | BL7: 21794142714 | BM7: 20947068360 | BN7: 16624308416 | BO7: 14529961948 | BP7: 7374095784 | BQ7: 10294667630 | BR7: 11775760050 | BS7: 8275817930 | BT7: 14654267870 | BU7: 14396490230
A8: 5 | B8: 4.Giá vốn hàng bán | C8: 6 | D8: =SUM(Data_PL[[#This Row],[T1.2021]:[T12.2021]]) -> 0 | E8: =SUM(Data_PL[[#This Row],[T1.2022]:[T12.2022]]) -> 38057133750 | F8: =SUM(Data_PL[[#This Row],[T1.2023]:[T12.2023]]) -> 83388707818 | G8: =SUM(Data_PL[[#This Row],[T01.2024]:[T12.2024]]) -> 130705402599 | H8: =SUM(Data_PL[[#This Row],[T01.2025]:[T12.2025]]) -> 173615125606 | I8: =SUM(Data_PL[[#This Row],[T01.2026]:[T12.2026]]) -> 46648691386 | U8: 0 | V8: 0 | W8: 0 | X8: 0 | Y8: 1043158263 | Z8: 2018502531 | AA8: 3246780250 | AB8: 2460816541 | AC8: 3098316370 | AD8: 3349405980 | AE8: 7265678210 | AF8: 6705345773 | AG8: 8869129832 | AH8: 3240340811 | AI8: 5619697963 | AJ8: 13421808004 | AK8: 9317382917 | AL8: 5227287464 | AM8: 7363604310 | AN8: 5177182851 | AO8: 5105270549 | AP8: 4755249704 | AQ8: 7896150860 | AR8: 9903541557 | AS8: 6361190828 | AT8: 19303813750 | AU8: 5445357498 | AV8: 9525099975 | AW8: 9177542757 | AX8: 9252785278 | AY8: 15202791010 | AZ8: 9266546963 | BA8: 9640445579 | BB8: 10348331156 | BC8: 12802871939 | BD8: 11067427637 | BE8: 9672389057 | BF8: 6459461109 | BG8: 9788053505 | BH8: 16279720003 | BI8: 15135281409 | BJ8: 16857467163 | BK8: 19925736275 | BL8: 20517811328 | BM8: 19931952590 | BN8: 16609887050 | BO8: 14135481149 | BP8: 7795260584 | BQ8: 10179013441 | BR8: 11302623439 | BS8: 8036742611 | BT8: 13652461082 | BU8: 13656864254
A9: 6 | B9: 5.Lợi nhuận gộp về bán hàng | C9: 6 | D9: =SUM(Data_PL[[#This Row],[T1.2021]:[T12.2021]]) -> 0 | E9: =SUM(Data_PL[[#This Row],[T1.2022]:[T12.2022]]) -> -2211578543 | F9: =SUM(Data_PL[[#This Row],[T1.2023]:[T12.2023]]) -> -14609216720 | G9: =SUM(Data_PL[[#This Row],[T01.2024]:[T12.2024]]) -> -6009217174 | H9: =SUM(Data_PL[[#This Row],[T01.2025]:[T12.2025]]) -> 312558797 | I9: =SUM(Data_PL[[#This Row],[T01.2026]:[T12.2026]]) -> 2453644694 | U9: 0 | V9: 0 | W9: 0 | X9: 0 | Y9: -176033763 | Z9: -211873531 | AA9: -1438169250 | AB9: -562258541 | AC9: 841389130 | AD9: 46753520 | AE9: -57984009 | AF9: -767094557 | AG9: 113692458 | AH9: -986957607 | AI9: -1354607280 | AJ9: -2782525291 | AK9: -2367823936 | AL9: -1903051739 | AM9: -1726698199 | AN9: -1676180810 | AO9: -912344739 | AP9: -557875054 | AQ9: -312957760 | AR9: -2072033057 | AS9: 2043838752 | AT9: -444707330 | AU9: -876211538 | AV9: 364067525 | AW9: -188998157 | AX9: -856388028 | AY9: -1220813410 | AZ9: -571051197 | BA9: -574426680 | BB9: -262972454 | BC9: -32351043 | BD9: -725512231 | BE9: -619852631 | BF9: -1036512617 | BG9: -977376577 | BH9: -463611 | BI9: -362809804 | BJ9: 724599774 | BK9: -429717078 | BL9: 1276331386 | BM9: 1015115770 | BN9: 14421366 | BO9: 394480799 | BP9: -421164800 | BQ9: 115654189 | BR9: 473136611 | BS9: 239075319 | BT9: 1001806788 | BU9: 739625976
A10: 7 | B10: 6.Lãi/lỗ của hoạt động bán, thanh lý bất động sản đầu tư | C10: 6 | D10: =SUM(Data_PL[[#This Row],[T1.2021]:[T12.2021]]) -> 0 | E10: =SUM(Data_PL[[#This Row],[T1.2022]:[T12.2022]]) -> 0 | F10: =SUM(Data_PL[[#This Row],[T1.2023]:[T12.2023]]) -> 0 | G10: =SUM(Data_PL[[#This Row],[T01.2024]:[T12.2024]]) -> 0 | H10: =SUM(Data_PL[[#This Row],[T01.2025]:[T12.2025]]) -> 0 | I10: =SUM(Data_PL[[#This Row],[T01.2026]:[T12.2026]]) -> 0
A11: 8 | B11: 7.Doanh thu hoạt động tài chính | C11: 6 | D11: =SUM(Data_PL[[#This Row],[T1.2021]:[T12.2021]]) -> 0 | E11: =SUM(Data_PL[[#This Row],[T1.2022]:[T12.2022]]) -> 2185937 | F11: =SUM(Data_PL[[#This Row],[T1.2023]:[T12.2023]]) -> 18611706 | G11: =SUM(Data_PL[[#This Row],[T01.2024]:[T12.2024]]) -> 9933782 | H11: =SUM(Data_PL[[#This Row],[T01.2025]:[T12.2025]]) -> 30416253 | I11: =SUM(Data_PL[[#This Row],[T01.2026]:[T12.2026]]) -> 64439 | U11: 0 | V11: 193525 | W11: 41776 | X11: 63253 | Y11: 253599 | Z11: 146252 | AA11: 130471 | AB11: 87564 | AC11: 97977 | AD11: 59406 | AE11: 19128 | AF11: 237530 | AG11: 855456 | AH11: 1538411 | AI11: 490186 | AJ11: 416617 | AK11: 153598 | AL11: 175725 | AM11: 42514 | AN11: 78830 | AO11: 214369 | AP11: 78036 | AQ11: 43303 | AR11: 15370732 | AS11: 9385 | AT11: 12211 | AU11: 25165 | AV11: 19778 | AW11: 32521 | AX11: 24020 | AY11: 16492 | AZ11: 11977 | BA11: 14708 | BB11: 4723 | BC11: 16840 | BD11: 9746260 | BE11: 9087 | BF11: 15622 | BG11: 11487 | BH11: 8067 | BI11: 20954 | BJ11: 11723 | BK11: 8134 | BL11: 14534 | BM11: 10653 | BN11: 24933 | BO11: 46896 | BP11: 22423098 | BQ11: 7820152 | BR11: 10853 | BS11: 7889 | BT11: 4769 | BU11: 40928
A12: 9 | B12: 8.Chi phí tài chính | C12: 6 | D12: =SUM(Data_PL[[#This Row],[T1.2021]:[T12.2021]]) -> 0 | E12: =SUM(Data_PL[[#This Row],[T1.2022]:[T12.2022]]) -> 0 | F12: =SUM(Data_PL[[#This Row],[T1.2023]:[T12.2023]]) -> 0 | G12: =SUM(Data_PL[[#This Row],[T01.2024]:[T12.2024]]) -> 0 | H12: =SUM(Data_PL[[#This Row],[T01.2025]:[T12.2025]]) -> 0 | I12: =SUM(Data_PL[[#This Row],[T01.2026]:[T12.2026]]) -> 9654850 | U12: 0 | V12: 0 | W12: 0 | X12: 0 | Y12: 0 | Z12: 0 | AA12: 0 | AB12: 0 | AC12: 0 | AD12: 0 | AE12: 0 | AF12: 0 | AG12: 0 | AH12: 0 | AI12: 0 | AJ12: 0 | AK12: 0 | AL12: 0 | AM12: 0 | AN12: 0 | AO12: 0 | AP12: 0 | AQ12: 0 | AR12: 0 | AS12: 0 | AT12: 0 | AU12: 0 | AV12: 0 | AW12: 0 | AX12: 0 | AY12: 0 | AZ12: 0 | BA12: 0 | BB12: 0 | BC12: 0 | BD12: 0 | BE12: 0 | BF12: 0 | BG12: 0 | BH12: 0 | BI12: 0 | BJ12: 0 | BK12: 0 | BL12: 0 | BM12: 0 | BN12: 0 | BO12: 0 | BP12: 0 | BQ12: 0 | BS12: 9235200 | BU12: 419650
A13: 10 | B13: Trong đó: Chi phí lãi vay | C13: 6 | D13: =SUM(Data_PL[[#This Row],[T1.2021]:[T12.2021]]) -> 0 | E13: =SUM(Data_PL[[#This Row],[T1.2022]:[T12.2022]]) -> 0 | F13: =SUM(Data_PL[[#This Row],[T1.2023]:[T12.2023]]) -> 0 | G13: =SUM(Data_PL[[#This Row],[T01.2024]:[T12.2024]]) -> 0 | H13: =SUM(Data_PL[[#This Row],[T01.2025]:[T12.2025]]) -> 0 | I13: =SUM(Data_PL[[#This Row],[T01.2026]:[T12.2026]]) -> 0 | U13: 0 | V13: 0 | W13: 0 | X13: 0 | Y13: 0 | Z13: 0 | AA13: 0 | AB13: 0 | AC13: 0 | AD13: 0 | AE13: 0 | AF13: 0 | AG13: 0 | AH13: 0 | AI13: 0 | AJ13: 0 | AK13: 0 | AL13: 0 | AM13: 0 | AN13: 0 | AO13: 0 | AP13: 0 | AQ13: 0 | AR13: 0 | AS13: 0 | AT13: 0 | AU13: 0 | AV13: 0 | AW13: 0 | AX13: 0 | AY13: 0 | AZ13: 0 | BA13: 0 | BB13: 0 | BC13: 0 | BD13: 0 | BE13: 0 | BF13: 0 | BG13: 0 | BH13: 0 | BI13: 0 | BJ13: 0 | BK13: 0 | BL13: 0 | BM13: 0 | BN13: 0 | BO13: 0 | BP13: 0 | BQ13: 0
A14: 11 | B14: 9.Chi phí bán hàng | C14: 6 | D14: =SUM(Data_PL[[#This Row],[T1.2021]:[T12.2021]]) -> 0 | E14: =SUM(Data_PL[[#This Row],[T1.2022]:[T12.2022]]) -> 846137000 | F14: =SUM(Data_PL[[#This Row],[T1.2023]:[T12.2023]]) -> 3257669600 | G14: =SUM(Data_PL[[#This Row],[T01.2024]:[T12.2024]]) -> 3508089700 | H14: =SUM(Data_PL[[#This Row],[T01.2025]:[T12.2025]]) -> 3127900000 | I14: =SUM(Data_PL[[#This Row],[T01.2026]:[T12.2026]]) -> 1107700000 | U14: 0 | V14: 0 | W14: 0 | X14: 0 | Y14: 0 | Z14: 55956000 | AA14: 41117000 | AB14: 57464000 | AC14: 93500000 | AD14: 95700000 | AE14: 176000000 | AF14: 138700000 | AG14: 187700000 | AH14: 75300000 | AI14: 126000000 | AJ14: 157600000 | AK14: 240643000 | AL14: 89750000 | AM14: 145050000 | AN14: 84700000 | AO14: 66600000 | AP14: 38300000 | AQ14: 93600000 | AR14: 349438000 | AS14: 1790688600 | AT14: 1789900000 | AU14: 95542200 | AV14: 198747500 | AW14: 149800000 | AX14: 136700000 | AY14: 187000000 | AZ14: 154000000 | BA14: 132500000 | BB14: 185900000 | BC14: 180600000 | BD14: 156300000 | BE14: 141100000 | BF14: 91100000 | BG14: 139700000 | BH14: 291900000 | BI14: 255100000 | BJ14: 287700000 | BK14: 330500000 | BL14: 365500000 | BM14: 358900000 | BN14: 327900000 | BO14: 294000000 | BP14: 171600000 | BQ14: 214000000 | BR14: 252400000 | BS14: 167700000 | BT14: 349500000 | BU14: 338100000
A15: 12 | B15: 10.Chi phí quản lý doanh nghiệp | C15: 6 | D15: =SUM(Data_PL[[#This Row],[T1.2021]:[T12.2021]]) -> 5215385 | E15: =SUM(Data_PL[[#This Row],[T1.2022]:[T12.2022]]) -> 3554786333 | F15: =SUM(Data_PL[[#This Row],[T1.2023]:[T12.2023]]) -> 4726260715 | G15: =SUM(Data_PL[[#This Row],[T01.2024]:[T12.2024]]) -> 2854734951 | H15: =SUM(Data_PL[[#This Row],[T01.2025]:[T12.2025]]) -> 3920744156 | I15: =SUM(Data_PL[[#This Row],[T01.2026]:[T12.2026]]) -> 2468576452 | U15: 5215385 | V15: 54384111 | W15: 81006325 | X15: 120760187 | Y15: 135508222 | Z15: 128854203 | AA15: 158782511 | AB15: 144294348 | AC15: 130754061 | AD15: 151931954 | AE15: 136440059 | AF15: 1818058793 | AG15: 494011559 | AH15: 512428705 | AI15: 513524746 | AJ15: 289805194 | AK15: 385726708 | AL15: 356542104 | AM15: 323320047 | AN15: 340009205 | AO15: 692274279 | AP15: 332140369 | AQ15: 324903258 | AR15: 323801165 | AS15: 331784935 | AT15: 189486394 | AU15: 225236410 | AV15: 229978521 | AW15: 229889992 | AX15: 224134296 | AY15: 214897048 | AZ15: 230047625 | BA15: 229954420 | BB15: 228488322 | BC15: 213155072 | BD15: 300846378 | BE15: 338620473 | BF15: 390880567 | BG15: 288060338 | BH15: 278341956 | BI15: 277195306 | BJ15: 257971197 | BK15: 282882950 | BL15: 303895747 | BM15: 325151310 | BN15: 377683972 | BO15: 341492876 | BP15: 395204855 | BQ15: 401983082 | BR15: 638193690 | BS15: 962454402 | BT15: 406416217 | BU15: 461512143
A16: 13 | B16: 11.Lợi nhuận thuần từ hoạt động kinh doanh | C16: 6 | D16: =SUM(Data_PL[[#This Row],[T1.2021]:[T12.2021]]) -> -5215385 | E16: =SUM(Data_PL[[#This Row],[T1.2022]:[T12.2022]]) -> -6610315939 | F16: =SUM(Data_PL[[#This Row],[T1.2023]:[T12.2023]]) -> -22574535329 | G16: =SUM(Data_PL[[#This Row],[T01.2024]:[T12.2024]]) -> -12362108043 | H16: =SUM(Data_PL[[#This Row],[T01.2025]:[T12.2025]]) -> -6705669106 | I16: =SUM(Data_PL[[#This Row],[T01.2026]:[T12.2026]]) -> -1132222169 | U16: -5215385 | V16: -54190586 | W16: -80964549 | X16: -120696934 | Y16: -311288386 | Z16: -396537482 | AA16: -1637938290 | AB16: -763929325 | AC16: 617233046 | AD16: -200819028 | AE16: -370404940 | AF16: -2723615820 | AG16: -567163645 | AH16: -1573147901 | AI16: -1993641840 | AJ16: -3229513868 | AK16: -2994040046 | AL16: -2349168118 | AM16: -2195025732 | AN16: -2100811185 | AO16: -1671004649 | AP16: -928237387 | AQ16: -731417715 | AR16: -2729901490 | AS16: -78625398 | AT16: -2424081513 | AU16: -1196964983 | AV16: -64638718 | AW16: -568655628 | AX16: -1217198304 | AY16: -1622693966 | AZ16: -955086845 | BA16: -936866392 | BB16: -677356053 | BC16: -426089275 | BD16: -1172912349 | BE16: -1099564017 | BF16: -1518477562 | BG16: -1405125428 | BH16: -570697500 | BI16: -895084156 | BJ16: 178940300 | BK16: -1043091894 | BL16: 606950173 | BM16: 331075113 | BN16: -691137673 | BO16: -240965181 | BP16: -965546557 | BQ16: -492508741 | BR16: -417446226 | BS16: -900306394 | BT16: 245895340 | BU16: -60364889
A17: 14 | B17: 12.Thu nhập khác | C17: 6 | D17: =SUM(Data_PL[[#This Row],[T1.2021]:[T12.2021]]) -> 0 | E17: =SUM(Data_PL[[#This Row],[T1.2022]:[T12.2022]]) -> 190000 | F17: =SUM(Data_PL[[#This Row],[T1.2023]:[T12.2023]]) -> 411943144 | G17: =SUM(Data_PL[[#This Row],[T01.2024]:[T12.2024]]) -> 37322058 | H17: =SUM(Data_PL[[#This Row],[T01.2025]:[T12.2025]]) -> 223318560 | I17: =SUM(Data_PL[[#This Row],[T01.2026]:[T12.2026]]) -> 149865373 | U17: 0 | V17: 0 | W17: 0 | X17: 0 | Y17: 0 | Z17: 0 | AA17: 190000 | AB17: 0 | AC17: 0 | AD17: 0 | AE17: 0 | AF17: 0 | AG17: 0 | AH17: 0 | AI17: 0 | AJ17: 0 | AK17: 109815 | AL17: 58651962 | AM17: 310961198 | AN17: 7456238 | AO17: 12453000 | AP17: 0 | AQ17: 0 | AR17: 0 | AS17: 22310931 | AT17: 0 | AU17: 0 | AV17: 0 | AW17: 0 | AX17: 4695924 | AY17: 6427650 | BA17: 6515785 | BB17: 5868055 | BC17: 2949074 | BD17: 4844907 | BE17: 6020663 | BF17: 6872690 | BG17: 0 | BH17: 5897640 | BI17: 14981280 | BJ17: 21977736 | BK17: 20040080 | BL17: 35343900 | BM17: 28282224 | BN17: 14984820 | BO17: 24570392 | BP17: 8366410 | BQ17: 42001388 | BR17: 8748278 | BS17: 10969252 | BT17: 13764543 | BU17: 116383300
A18: 15 | B18: 13.Chi phí khác | C18: 6 | D18: =SUM(Data_PL[[#This Row],[T1.2021]:[T12.2021]]) -> 0 | E18: =SUM(Data_PL[[#This Row],[T1.2022]:[T12.2022]]) -> 3420266062 | F18: =SUM(Data_PL[[#This Row],[T1.2023]:[T12.2023]]) -> 469346186 | G18: =SUM(Data_PL[[#This Row],[T01.2024]:[T12.2024]]) -> 231135145 | H18: =SUM(Data_PL[[#This Row],[T01.2025]:[T12.2025]]) -> 171338420 | I18: =SUM(Data_PL[[#This Row],[T01.2026]:[T12.2026]]) -> 662336263 | U18: 0 | V18: 0 | W18: 0 | X18: 0 | Y18: 0 | Z18: 0 | AA18: 0 | AB18: 0 | AC18: 296296 | AD18: 0 | AE18: 16391 | AF18: 0 | AG18: 3419953375 | AH18: 0 | AI18: 0 | AJ18: 8284629 | AK18: 61546 | AL18: 52651 | AM18: 342751500 | AN18: 34965381 | AO18: 3001865 | AP18: 8601062 | AQ18: 12875003 | AR18: 11895000 | AS18: 46857549 | AT18: 25035000 | AU18: 4500869 | AV18: 15342970 | AW18: 1400000 | AX18: 4112330 | AY18: 3788889 | AZ18: 1603193 | BA18: 3600000 | BB18: 4730520 | BC18: 5100000 | BD18: 2300000 | BE18: 159621374 | BF18: 1000000 | BG18: 3800000 | BH18: 2500000 | BI18: 1000000 | BJ18: 6500000 | BK18: 1500000 | BL18: 128951632 | BM18: 13282176 | BN18: 4000000 | BO18: 500000 | BP18: 2295000 | BQ18: 6009612 | BR18: 136900483 | BS18: 48552980 | BT18: 4660403 | BU18: 472222397
A19: 16 | B19: 14.Lợi nhuận khác | C19: 6 | D19: =SUM(Data_PL[[#This Row],[T1.2021]:[T12.2021]]) -> 0 | E19: =SUM(Data_PL[[#This Row],[T1.2022]:[T12.2022]]) -> -3420076062 | F19: =SUM(Data_PL[[#This Row],[T1.2023]:[T12.2023]]) -> -57403042 | G19: =SUM(Data_PL[[#This Row],[T01.2024]:[T12.2024]]) -> -193813087 | H19: =SUM(Data_PL[[#This Row],[T01.2025]:[T12.2025]]) -> 51980140 | I19: =SUM(Data_PL[[#This Row],[T01.2026]:[T12.2026]]) -> -512470890 | U19: 0 | V19: 0 | W19: 0 | X19: 0 | Y19: 0 | Z19: 0 | AA19: 190000 | AB19: 0 | AC19: -296296 | AD19: 0 | AE19: -16391 | AF19: 0 | AG19: -3419953375 | AH19: 0 | AI19: 0 | AJ19: -8284629 | AK19: 48269 | AL19: 58599311 | AM19: -31790302 | AN19: -27509143 | AO19: 9451135 | AP19: -8601062 | AQ19: -12875003 | AR19: -11895000 | AS19: -24546618 | AT19: -25035000 | AU19: -4500869 | AV19: -15342970 | AW19: -1400000 | AX19: 583594 | AY19: 2638761 | AZ19: -1603193 | BA19: 2915785 | BB19: 1137535 | BC19: -2150926 | BD19: 2544907 | BE19: -153600711 | BF19: 5872690 | BG19: -3800000 | BH19: 3397640 | BI19: 13981280 | BJ19: 15477736 | BK19: 18540080 | BL19: -93607732 | BM19: 15000048 | BN19: 10984820 | BO19: 24070392 | BP19: 6071410 | BQ19: 35991776 | BR19: -128152205 | BS19: -37583728 | BT19: 9104140 | BU19: -355839097
A20: 17 | B20: 15.Tổng lợi nhuận kế toán trước thuế | C20: 6 | D20: =SUM(Data_PL[[#This Row],[T1.2021]:[T12.2021]]) -> -5215385 | E20: =SUM(Data_PL[[#This Row],[T1.2022]:[T12.2022]]) -> -10030392001 | F20: =SUM(Data_PL[[#This Row],[T1.2023]:[T12.2023]]) -> -22631938371 | G20: =SUM(Data_PL[[#This Row],[T01.2024]:[T12.2024]]) -> -12555921130 | H20: =SUM(Data_PL[[#This Row],[T01.2025]:[T12.2025]]) -> -6653688966 | I20: =SUM(Data_PL[[#This Row],[T01.2026]:[T12.2026]]) -> -1644693059 | U20: -5215385 | V20: -54190586 | W20: -80964549 | X20: -120696934 | Y20: -311288386 | Z20: -396537482 | AA20: -1637748290 | AB20: -763929325 | AC20: 616936750 | AD20: -200819028 | AE20: -370421331 | AF20: -2723615820 | AG20: -3987117020 | AH20: -1573147901 | AI20: -1993641840 | AJ20: -3237798497 | AK20: -2993991777 | AL20: -2290568807 | AM20: -2226816034 | AN20: -2128320328 | AO20: -1661553514 | AP20: -936838449 | AQ20: -744292718 | AR20: -2741796490 | AS20: -103172016 | AT20: -2449116513 | AU20: -1201465852 | AV20: -79981688 | AW20: -570055628 | AX20: -1216614710 | AY20: -1620055205 | AZ20: -956690038 | BA20: -933950607 | BB20: -676218518 | BC20: -428240201 | BD20: -1170367442 | BE20: -1253164728 | BF20: -1512604872 | BG20: -1408925428 | BH20: -567299860 | BI20: -881102876 | BJ20: 194418036 | BK20: -1024551814 | BL20: 513342441 | BM20: 346075161 | BN20: -680152853 | BO20: -216894789 | BP20: -959475147 | BQ20: -456516965 | BR20: -545598431 | BS20: -937890122 | BT20: 254999480 | BU20: -416203986
A21: 18 | B21: 16.Chi phí thuế TNDN hiện hành | C21: 6 | D21: =SUM(Data_PL[[#This Row],[T1.2021]:[T12.2021]]) -> 0 | E21: =SUM(Data_PL[[#This Row],[T1.2022]:[T12.2022]]) -> 0 | F21: =SUM(Data_PL[[#This Row],[T1.2023]:[T12.2023]]) -> 0 | G21: =SUM(Data_PL[[#This Row],[T01.2024]:[T12.2024]]) -> 0 | H21: =SUM(Data_PL[[#This Row],[T01.2025]:[T12.2025]]) -> 0 | I21: =SUM(Data_PL[[#This Row],[T01.2026]:[T12.2026]]) -> 0 | U21: 0 | V21: 0 | W21: 0 | X21: 0 | Y21: 0 | Z21: 0 | AA21: 0 | AB21: 0 | AC21: 0 | AD21: 0 | AE21: 0 | AF21: 0 | AG21: 0 | AH21: 0 | AI21: 0 | AJ21: 0 | AK21: 0 | AL21: 0 | AM21: 0 | AN21: 0 | AO21: 0 | AP21: 0 | AQ21: 0 | AR21: 0 | AS21: 0 | AT21: 0 | AU21: 0 | AV21: 0 | AW21: 0 | AX21: 0 | AY21: 0 | AZ21: 0 | BA21: 0 | BB21: 0 | BC21: 0 | BD21: 0 | BE21: 0 | BF21: 0 | BG21: 0 | BH21: 0 | BI21: 0 | BJ21: 0 | BK21: 0 | BL21: 0 | BM21: 0 | BN21: 0 | BO21: 0 | BP21: 0 | BS21: 0
A22: 19 | B22: 17.Chi phí thuế TNDN hoãn lại | C22: 6 | D22: =SUM(Data_PL[[#This Row],[T1.2021]:[T12.2021]]) -> 0 | E22: =SUM(Data_PL[[#This Row],[T1.2022]:[T12.2022]]) -> 0 | F22: =SUM(Data_PL[[#This Row],[T1.2023]:[T12.2023]]) -> 0 | G22: =SUM(Data_PL[[#This Row],[T01.2024]:[T12.2024]]) -> 0 | H22: =SUM(Data_PL[[#This Row],[T01.2025]:[T12.2025]]) -> 0 | I22: =SUM(Data_PL[[#This Row],[T01.2026]:[T12.2026]]) -> 0 | U22: 0 | V22: 0 | W22: 0 | X22: 0 | Y22: 0 | Z22: 0 | AA22: 0 | AB22: 0 | AC22: 0 | AD22: 0 | AE22: 0 | AF22: 0 | AG22: 0 | AH22: 0 | AI22: 0 | AJ22: 0 | AK22: 0 | AL22: 0 | AM22: 0 | AN22: 0 | AO22: 0 | AP22: 0 | AQ22: 0 | AR22: 0 | AS22: 0 | AT22: 0 | AU22: 0 | AV22: 0 | AW22: 0 | AX22: 0 | AY22: 0 | AZ22: 0 | BA22: 0 | BB22: 0 | BC22: 0 | BD22: 0 | BE22: 0 | BS22: 0
A23: 20 | B23: 18.Lợi nhuận sau thuế thu nhập doanh nghiệp | C23: 6 | D23: =SUM(Data_PL[[#This Row],[T1.2021]:[T12.2021]]) -> -5215385 | E23: =SUM(Data_PL[[#This Row],[T1.2022]:[T12.2022]]) -> -10030392001 | F23: =SUM(Data_PL[[#This Row],[T1.2023]:[T12.2023]]) -> -22631938371 | G23: =SUM(Data_PL[[#This Row],[T01.2024]:[T12.2024]]) -> -12555921130 | H23: =SUM(Data_PL[[#This Row],[T01.2025]:[T12.2025]]) -> -6653688966 | I23: =SUM(Data_PL[[#This Row],[T01.2026]:[T12.2026]]) -> -1644693059 | U23: -5215385 | V23: -54190586 | W23: -80964549 | X23: -120696934 | Y23: -311288386 | Z23: -396537482 | AA23: -1637748290 | AB23: -763929325 | AC23: 616936750 | AD23: -200819028 | AE23: -370421331 | AF23: -2723615820 | AG23: -3987117020 | AH23: -1573147901 | AI23: -1993641840 | AJ23: -3237798497 | AK23: -2993991777 | AL23: -2290568807 | AM23: -2226816034 | AN23: -2128320328 | AO23: -1661553514 | AP23: -936838449 | AQ23: -744292718 | AR23: -2741796490 | AS23: -103172016 | AT23: -2449116513 | AU23: -1201465852 | AV23: -79981688 | AW23: -570055628 | AX23: -1216614710 | AY23: -1620055205 | AZ23: -956690038 | BA23: -933950607 | BB23: -676218518 | BC23: -428240201 | BD23: -1170367442 | BE23: -1253164728 | BF23: -1512604872 | BG23: -1408925428 | BH23: -567299860 | BI23: -881102876 | BJ23: 194418036 | BK23: -1024551814 | BL23: 513342441 | BM23: 346075161 | BN23: -680152853 | BO23: -216894789 | BP23: -959475147 | BQ23: -456516965 | BR23: -545598431 | BS23: -937890122 | BT23: 254999480 | BU23: -416203986
B24: % LNST | D24: =D23/D7 -> #DIV/0! | E24: =E23/E7 -> -0.27982248 | F24: =F23/F7 -> -0.32905068 | G24: =G23/G7 -> -0.1006921 | H24: =H23/H7 -> -0.038255491 | I24: =I23/I7 -> -0.03349521

Sheet KN
B1: CÔNG TY TNHH THU MUA PHẾ LIỆU KHÁNH NGA
B2: VND
A3: Index PL | B3: PHẦN II-KẾT QUẢ HOẠT ĐỘNG KINH DOANH | C3: TenCongTyID | D3: 2021 | E3: 2022 | F3: 2023 | G3: 2024 | H3: 2025 | I3: 2026 | J3: T1.2021 | K3: T02.2021 | L3: T03.2021 | M3: T04.2021 | N3: T05.2021 | O3: T06.2021 | P3: T07.2021 | Q3: T08.2021 | R3: T09.2021 | S3: T10.2021 | T3: T11.2021 | U3: T12.2021 | V3: T1.2022 | W3: T02.2022 | X3: T03.2022 | Y3: T04.2022 | Z3: T05.2022 | AA3: T06.2022 | AB3: T07.2022 | AC3: T08.2022 | AD3: T09.2022 | AE3: T10.2022 | AF3: T11.2022 | AG3: T12.2022 | AH3: T1.2023 | AI3: T02.2023 | AJ3: T03.2023 | AK3: T04.2023 | AL3: T05.2023 | AM3: T06.2023 | AN3: T07.2023 | AO3: T08.2023 | AP3: T09.2023 | AQ3: T10.2023 | AR3: T11.2023 | AS3: T12.2023 | AT3: T01.2024 | AU3: T02.2024 | AV3: T03.2024 | AW3: T04.2024 | AX3: T05.2024 | AY3: T06.2024 | AZ3: T07.2024 | BA3: T08.2024 | BB3: T09.2024 | BC3: T10.2024 | BD3: T11.2024 | BE3: T12.2024 | BF3: T01.2025 | BG3: T02.2025 | BH3: T03.2025 | BI3: T04.2025 | BJ3: T05.2025 | BK3: T06.2025 | BL3: T07.2025 | BM3: T08.2025 | BN3: T09.2025 | BO3: T10.2025 | BP3: T11.2025 | BQ3: T12.2025 | BR3: T01.2026 | BS3: T02.2026 | BT3: T03.2026 | BU3: T04.2026 | BV3: T05.2026 | BW3: T06.2026 | BX3: T07.2026 | BY3: T08.2026 | BZ3: T09.2026 | CA3: T10.2026 | CB3: T11.2026 | CC3: T12.2026
A4: 1 | B4: Sản lượng (Tấn) | C4: 7 | D4: =SUM(Data_PL5[[#This Row],[T1.2021]:[T12.2021]]) -> 417.1561 | E4: =SUM(Data_PL5[[#This Row],[T1.2022]:[T12.2022]]) -> 3029 | F4: =SUM(Data_PL5[[#This Row],[T1.2023]:[T12.2023]]) -> 5651.748 | G4: =SUM(Data_PL5[[#This Row],[T01.2024]:[T12.2024]]) -> 4904 | H4: =SUM(Data_PL5[[#This Row],[T01.2025]:[T12.2025]]) -> 6160.62 | I4: =SUM(Data_PL5[[#This Row],[T01.2026]:[T12.2026]]) -> 2342.363 | J4: 32 | K4: 61 | L4: 92 | M4: 57 | N4: 39 | O4: 24 | P4: 16 | Q4: 0 | R4: 0 | S4: 0 | T4: 0.1561 | U4: 96 | V4: 60 | W4: 145 | X4: 194 | Y4: 178 | Z4: 181 | AA4: 245 | AB4: 161 | AC4: 268 | AD4: 329 | AE4: 282 | AF4: 414 | AG4: 572 | AH4: 186 | AI4: 413.617 | AJ4: 514 | AK4: 543.4 | AL4: 667.931 | AM4: 538 | AN4: 508 | AO4: 456 | AP4: 327 | AQ4: 392 | AR4: 512 | AS4: 593.8 | AT4: 454 | AU4: 427 | AV4: 528 | AW4: 341 | AX4: 491 | AY4: 473 | AZ4: 370 | BA4: 406 | BB4: 299 | BC4: 409 | BD4: 383 | BE4: 323 | BF4: 242.078 | BG4: 310.593 | BH4: 475.987 | BI4: 519.903 | BJ4: 467.356 | BK4: 510.435 | BL4: 718.97 | BM4: 711.699 | BN4: 591.824 | BO4: 543.364 | BP4: 454.672 | BQ4: 613.739 | BR4: ='[2]KQKD theo yeu to'!BL8 -> 580.272 | BS4: ='[2]KQKD theo yeu to'!BM8 -> 464.909 | BT4: ='[2]KQKD theo yeu to'!BN8 -> 656.068 | BU4: ='[2]KQKD theo yeu to'!BO8 -> 641.114 | BV4: ='[2]KQKD theo yeu to'!BP8 -> 0 | BW4: ='[2]KQKD theo yeu to'!BQ8 -> 0 | BX4: ='[2]KQKD theo yeu to'!BR8 -> 0 | BY4: ='[2]KQKD theo yeu to'!BS8 -> 0 | ... CC4: ='[2]KQKD theo yeu to'!BW8 -> 0
A5: 2 | B5: 1.Doanh thu bán hàng và cung cấp dịch vụ | C5: 7 | D5: =SUM(Data_PL5[[#This Row],[T1.2021]:[T12.2021]]) -> 4484708150 | E5: =SUM(Data_PL5[[#This Row],[T1.2022]:[T12.2022]]) -> 45767834776 | F5: =SUM(Data_PL5[[#This Row],[T1.2023]:[T12.2023]]) -> 78915665269 | G5: =SUM(Data_PL5[[#This Row],[T01.2024]:[T12.2024]]) -> 74523104085 | H5: =SUM(Data_PL5[[#This Row],[T01.2025]:[T12.2025]]) -> 102263015418 | I5: =SUM(Data_PL5[[#This Row],[T01.2026]:[T12.2026]]) -> 33478415002 | J5: 312737600 | K5: 606797380 | L5: 903716800 | M5: 584483600 | N5: 473255400 | O5: 327063600 | P5: 212259000 | Q5: 0 | R5: 0 | S5: 0 | T5: 23415000 | U5: 1040979770 | V5: 1387649940 | W5: 1583445960 | X5: 2573716230 | Y5: 2789415475 | Z5: 3061211620 | AA5: 4013573585 | AB5: 2566597774 | AC5: 4244037032 | AD5: 4500455270 | AE5: 4093507967 | AF5: 6936881675 | AG5: 8017342248 | AH5: 2672344837 | AI5: 4854309360 | AJ5: 6533069323 | AK5: 8443399962 | AL5: 10076762540 | AM5: 6865915296 | AN5: 6253371756 | AO5: 5694464185 | AP5: 4475524426 | AQ5: 6155131250 | AR5: 7975368000 | AS5: 8916004334 | AT5: 6816503925 | AU5: 6039598500 | AV5: 7858071500 | AW5: 5360336000 | AX5: 7701926000 | AY5: 7405493500 | AZ5: 5356795000 | BA5: 5872209850 | BB5: 4632824810 | BC5: 6376620000 | BD5: 6008306800 | BE5: 5094418200 | BF5: 3795897480 | BG5: 5012982676 | BH5: 8087243089 | BI5: 9694585314 | BJ5: 8388349104 | BK5: 9515421651 | BL5: 13592588554 | BM5: 12421660930 | BN5: 8808063400 | BO5: 7719934000 | BP5: 6532057500 | BQ5: 8694231720 | BR5: 8331190500 | BS5: 6640520862 | BT5: 9363644480 | BU5: 9143059160
A6: 3 | B6: 2.Các khoản giảm trừ doanh thu | C6: 7 | D6: =SUM(Data_PL5[[#This Row],[T1.2021]:[T12.2021]]) -> 0 | E6: =SUM(Data_PL5[[#This Row],[T1.2022]:[T12.2022]]) -> 0 | F6: =SUM(Data_PL5[[#This Row],[T1.2023]:[T12.2023]]) -> 0 | G6: =SUM(Data_PL5[[#This Row],[T01.2024]:[T12.2024]]) -> 0 | H6: =SUM(Data_PL5[[#This Row],[T01.2025]:[T12.2025]]) -> 0 | I6: =SUM(Data_PL5[[#This Row],[T01.2026]:[T12.2026]]) -> 0 | J6: 0 | K6: 0 | L6: 0 | M6: 0 | N6: 0 | O6: 0 | P6: 0 | Q6: 0 | R6: 0 | S6: 0 | T6: 0 | U6: 0 | V6: 0 | W6: 0 | X6: 0 | Y6: 0 | Z6: 0 | AA6: 0 | AB6: 0 | AC6: 0 | AD6: 0 | AG6: 0 | AH6: 0 | AI6: 0 | AJ6: 0 | AL6: 0 | AM6: 0 | AN6: 0 | AO6: 0 | AP6: 0 | AQ6: 0 | AR6: 0 | AS6: 0 | AT6: 0 | AU6: 0 | AV6: 0 | AW6: 0 | AX6: 0 | AY6: 0 | AZ6: 0 | BA6: 0 | BB6: 0 | BC6: 0 | BD6: 0 | BE6: 0 | BF6: 0 | BG6: 0 | BH6: 0 | BI6: 0 | BJ6: 0 | BK6: 0 | BL6: 0 | BM6: 0 | BN6: 0 | BO6: 0
A7: 4 | B7: 3.Doanh thu thuần về bán hàng và cung cấp dịch vụ | C7: 7 | D7: =SUM(Data_PL5[[#This Row],[T1.2021]:[T12.2021]]) -> 4484708150 | E7: =SUM(Data_PL5[[#This Row],[T1.2022]:[T12.2022]]) -> 45767834776 | F7: =SUM(Data_PL5[[#This Row],[T1.2023]:[T12.2023]]) -> 78915665269 | G7: =SUM(Data_PL5[[#This Row],[T01.2024]:[T12.2024]]) -> 74523104085 | H7: =SUM(Data_PL5[[#This Row],[T01.2025]:[T12.2025]]) -> 102263015418 | I7: =SUM(Data_PL5[[#This Row],[T01.2026]:[T12.2026]]) -> 33478415002 | J7: 312737600 | K7: 606797380 | L7: 903716800 | M7: 584483600 | N7: 473255400 | O7: 327063600 | P7: 212259000 | Q7: 0 | R7: 0 | S7: 0 | T7: 23415000 | U7: 1040979770 | V7: 1387649940 | W7: 1583445960 | X7: 2573716230 | Y7: 2789415475 | Z7: 3061211620 | AA7: 4013573585 | AB7: 2566597774 | AC7: 4244037032 | AD7: 4500455270 | AE7: 4093507967 | AF7: 6936881675 | AG7: 8017342248 | AH7: 2672344837 | AI7: 4854309360 | AJ7: 6533069323 | AK7: 8443399962 | AL7: 10076762540 | AM7: 6865915296 | AN7: 6253371756 | AO7: 5694464185 | AP7: 4475524426 | AQ7: 6155131250 | AR7: 7975368000 | AS7: 8916004334 | AT7: 6816503925 | AU7: 6039598500 | AV7: 7858071500 | AW7: 5360336000 | AX7: 7701926000 | AY7: 7405493500 | AZ7: 5356795000 | BA7: 5872209850 | BB7: 4632824810 | BC7: 6376620000 | BD7: 6008306800 | BE7: 5094418200 | BF7: 3795897480 | BG7: 5012982676 | BH7: 8087243089 | BI7: 9694585314 | BJ7: 8388349104 | BK7: 9515421651 | BL7: 13592588554 | BM7: 12421660930 | BN7: 8808063400 | BO7: 7719934000 | BP7: 6532057500 | BQ7: 8694231720 | BR7: =BR5 -> 8331190500 | BS7: 6640520862 | BT7: 9363644480 | BU7: 9143059160
A8: 5 | B8: 4.Giá vốn hàng bán | C8: 7 | D8: =SUM(Data_PL5[[#This Row],[T1.2021]:[T12.2021]]) -> 4241284606 | E8: =SUM(Data_PL5[[#This Row],[T1.2022]:[T12.2022]]) -> 4.1683828e+10 | F8: =SUM(Data_PL5[[#This Row],[T1.2023]:[T12.2023]]) -> 66674046263 | G8: =SUM(Data_PL5[[#This Row],[T01.2024]:[T12.2024]]) -> 73456683084 | H8: =SUM(Data_PL5[[#This Row],[T01.2025]:[T12.2025]]) -> 92839155156 | I8: =SUM(Data_PL5[[#This Row],[T01.2026]:[T12.2026]]) -> 29200841249 | J8: 307386576 | K8: 594551595 | L8: 883311950 | M8: 545112534 | N8: 429782229 | O8: 297804989 | P8: 190295081 | Q8: 0 | R8: 0 | S8: 0 | T8: 0 | U8: 993039652 | V8: 925318497 | W8: 1707322194 | X8: 2217846032 | Y8: 2602912448 | Z8: 2370282789 | AA8: 3820527867 | AB8: 2211991801 | AC8: 3337732602 | AD8: 3917856191 | AE8: 3.9815675e+09 | AF8: 5471834459 | AG8: 9118635211 | AH8: 1959307170 | AI8: 4350442102 | AJ8: 6113575485 | AK8: 6988900943 | AL8: 7690397229 | AM8: 5623409224 | AN8: 5700764058 | AO8: 4951896169 | AP8: 3904690074 | AQ8: 5122380259 | AR8: 6706430896 | AS8: 7561852654 | AT8: 6559783004 | AU8: 5886345396 | AV8: 7324351881 | AW8: 5224998353 | AX8: 7764479089 | AY8: 7281939097 | AZ8: 5437205244 | BA8: 5773497558 | BB8: 4867603245 | BC8: 6301887244 | BD8: 5850497140 | BE8: 5184095833 | BF8: 4115294618 | BG8: 5323842751 | BH8: 7964328238 | BI8: 8541162245 | BJ8: 7739685565 | BK8: 8523016034 | BL8: 11750480818 | BM8: 10965244594 | BN8: 8023329011 | BO8: 6836790306 | BP8: 5683019867 | BQ8: 7372961109 | BR8: 7000379183 | BS8: 6068834875 | BT8: 8096833514 | BU8: 8034793677
A9: 6 | B9: 5.Lợi nhuận gộp về bán hàng | C9: 7 | D9: =SUM(Data_PL5[[#This Row],[T1.2021]:[T12.2021]]) -> 243423544 | E9: =SUM(Data_PL5[[#This Row],[T1.2022]:[T12.2022]]) -> 4.1049901e+09 | F9: =SUM(Data_PL5[[#This Row],[T1.2023]:[T12.2023]]) -> 12241619006 | G9: =SUM(Data_PL5[[#This Row],[T01.2024]:[T12.2024]]) -> 1066421001 | H9: =SUM(Data_PL5[[#This Row],[T01.2025]:[T12.2025]]) -> 9423860262 | I9: =SUM(Data_PL5[[#This Row],[T01.2026]:[T12.2026]]) -> 4277573753 | J9: 5351024 | K9: 12245785 | L9: 20404850 | M9: 39371066 | N9: 43473171 | O9: 29258611 | P9: 21963919 | Q9: 0 | R9: 0 | S9: 0 | T9: 23415000 | U9: 47940118 | V9: 462331443 | W9: -123876234 | X9: 355870198 | Y9: 186503027 | Z9: 690928831 | AA9: 193045718 | AB9: 354605973 | AC9: 906304430 | AD9: 582599079 | AE9: 1.1194051e+08 | AF9: 1486030124 | AG9: -1101292963 | AH9: 713037667 | AI9: 503867258 | AJ9: 419493838 | AK9: 1454499019 | AL9: 2386365311 | AM9: 1242506072 | AN9: 552607698 | AO9: 742568016 | AP9: 570834352 | AQ9: 1032750991 | AR9: 1268937104 | AS9: 1354151680 | AT9: 256720921 | AU9: 153253104 | AV9: 533719619 | AW9: 135337647 | AX9: -62553089 | AY9: 123554403 | AZ9: -80410244 | BA9: 98712292 | BB9: -234778435 | BC9: 74732756 | BD9: 157809660 | BE9: -89677633 | BF9: -319397138 | BG9: -310860075 | BH9: 122914851 | BI9: 1153423069 | BJ9: 648663539 | BK9: 992405617 | BL9: 1842107736 | BM9: 1456416336 | BN9: 784734389 | BO9: 883143694 | BP9: 849037633 | BQ9: 1321270611 | BR9: =BR7-BR8 -> 1330811317 | BS9: 571685987 | BT9: 1266810966 | BU9: 1108265483
A10: 7 | B10: 6.Lãi/lỗ của hoạt động bán, thanh lý bất động sản đầu tư | C10: 7 | D10: =SUM(Data_PL5[[#This Row],[T1.2021]:[T12.2021]]) -> 0 | E10: =SUM(Data_PL5[[#This Row],[T1.2022]:[T12.2022]]) -> 0 | F10: =SUM(Data_PL5[[#This Row],[T1.2023]:[T12.2023]]) -> 0 | G10: =SUM(Data_PL5[[#This Row],[T01.2024]:[T12.2024]]) -> 0 | H10: =SUM(Data_PL5[[#This Row],[T01.2025]:[T12.2025]]) -> 0 | I10: =SUM(Data_PL5[[#This Row],[T01.2026]:[T12.2026]]) -> 0
A11: 8 | B11: 7.Doanh thu hoạt động tài chính | C11: 7 | D11: =SUM(Data_PL5[[#This Row],[T1.2021]:[T12.2021]]) -> 2333856 | E11: =SUM(Data_PL5[[#This Row],[T1.2022]:[T12.2022]]) -> 2627533 | F11: =SUM(Data_PL5[[#This Row],[T1.2023]:[T12.2023]]) -> 4823037 | G11: =SUM(Data_PL5[[#This Row],[T01.2024]:[T12.2024]]) -> 438643 | H11: =SUM(Data_PL5[[#This Row],[T01.2025]:[T12.2025]]) -> 25757691 | I11: =SUM(Data_PL5[[#This Row],[T01.2026]:[T12.2026]]) -> 49665428 | J11: 318142 | K11: 320963 | L11: 233602 | M11: 61216 | N11: 35718 | O11: 34791 | P11: 12026 | Q11: 150953 | R11: 154805 | S11: 33961 | T11: 393956 | U11: 583723 | V11: 188347 | W11: 108270 | X11: 116336 | Y11: 112685 | Z11: 69856 | AA11: 58583 | AB11: 58534 | AC11: 31901 | AD11: 52284 | AE11: 76465 | AF11: 917457 | AG11: 836815 | AH11: 1927792 | AI11: 898359 | AJ11: 313046 | AK11: 305664 | AL11: 225244 | AM11: 179902 | AN11: 290077 | AO11: 217696 | AP11: 212651 | AQ11: 199782 | AR11: 37087 | AS11: 15737 | AT11: 25689 | AU11: 15096 | AV11: 20265 | AW11: 39658 | AX11: 32454 | AY11: 31525 | AZ11: 35902 | BA11: 42375 | BB11: 48870 | BC11: 40410 | BD11: 56627 | BE11: 49772 | BF11: 29372 | BG11: 5534452 | BH11: 11730 | BI11: 32915 | BJ11: 29738 | BK11: 31894 | BL11: 35475 | BM11: 52005 | BN11: 67306 | BO11: 64017 | BP11: 74303 | BQ11: 19794484 | BR11: 21329 | BS11: 29022 | BT11: 37724173 | BU11: 11890904
A12: 9 | B12: 8.Chi phí tài chính | C12: 7 | D12: =SUM(Data_PL5[[#This Row],[T1.2021]:[T12.2021]]) -> 0 | E12: =SUM(Data_PL5[[#This Row],[T1.2022]:[T12.2022]]) -> 0 | F12: =SUM(Data_PL5[[#This Row],[T1.2023]:[T12.2023]]) -> 0 | G12: =SUM(Data_PL5[[#This Row],[T01.2024]:[T12.2024]]) -> 0 | H12: =SUM(Data_PL5[[#This Row],[T01.2025]:[T12.2025]]) -> 0 | I12: =SUM(Data_PL5[[#This Row],[T01.2026]:[T12.2026]]) -> 0 | J12: 0 | K12: 0 | L12: 0 | M12: 0 | N12: 0 | O12: 0 | P12: 0 | Q12: 0 | R12: 0 | S12: 0 | T12: 0 | U12: 0 | V12: 0 | W12: 0 | X12: 0 | Y12: 0 | Z12: 0 | AA12: 0 | AB12: 0 | AC12: 0 | AD12: 0 | AF12: 0 | AG12: 0 | AH12: 0 | AI12: 0 | AJ12: 0 | AK12: 0 | AL12: 0 | AM12: 0 | AN12: 0 | AO12: 0 | AP12: 0 | AQ12: 0 | AR12: 0 | AS12: 0 | AT12: 0 | AU12: 0 | AV12: 0 | AW12: 0 | AX12: 0 | AY12: 0 | AZ12: 0 | BA12: 0 | BB12: 0 | BC12: 0 | BD12: 0 | BE12: 0 | BF12: 0 | BG12: 0 | BH12: 0 | BI12: 0 | BJ12: 0 | BK12: 0 | BL12: 0 | BM12: 0 | BN12: 0 | BO12: 0
A13: 10 | B13: Trong đó: Chi phí lãi vay | C13: 7 | D13: =SUM(Data_PL5[[#This Row],[T1.2021]:[T12.2021]]) -> 0 | E13: =SUM(Data_PL5[[#This Row],[T1.2022]:[T12.2022]]) -> 0 | F13: =SUM(Data_PL5[[#This Row],[T1.2023]:[T12.2023]]) -> 0 | G13: =SUM(Data_PL5[[#This Row],[T01.2024]:[T12.2024]]) -> 0 | H13: =SUM(Data_PL5[[#This Row],[T01.2025]:[T12.2025]]) -> 0 | I13: =SUM(Data_PL5[[#This Row],[T01.2026]:[T12.2026]]) -> 0 | J13: 0 | K13: 0 | L13: 0 | M13: 0 | N13: 0 | O13: 0 | P13: 0 | Q13: 0 | R13: 0 | S13: 0 | T13: 0 | U13: 0 | V13: 0 | W13: 0 | X13: 0 | Y13: 0 | Z13: 0 | AA13: 0 | AB13: 0 | AC13: 0 | AD13: 0 | AF13: 0 | AG13: 0 | AH13: 0 | AI13: 0 | AJ13: 0 | AK13: 0 | AL13: 0 | AM13: 0 | AN13: 0 | AO13: 0 | AP13: 0 | AQ13: 0 | AR13: 0 | AS13: 0 | AT13: 0 | AU13: 0 | AV13: 0 | AW13: 0 | AX13: 0 | AY13: 0 | AZ13: 0 | BA13: 0 | BB13: 0 | BC13: 0 | BD13: 0 | BE13: 0 | BF13: 0 | BG13: 0 | BH13: 0 | BI13: 0 | BJ13: 0 | BK13: 0 | BL13: 0 | BM13: 0 | BN13: 0 | BO13: 0
A14: 11 | B14: 9.Chi phí bán hàng | C14: 7 | D14: =SUM(Data_PL5[[#This Row],[T1.2021]:[T12.2021]]) -> 625397809 | E14: =SUM(Data_PL5[[#This Row],[T1.2022]:[T12.2022]]) -> 1467610767 | F14: =SUM(Data_PL5[[#This Row],[T1.2023]:[T12.2023]]) -> 8774366106 | G14: =SUM(Data_PL5[[#This Row],[T01.2024]:[T12.2024]]) -> 1294051828 | H14: =SUM(Data_PL5[[#This Row],[T01.2025]:[T12.2025]]) -> 1386300000 | I14: =SUM(Data_PL5[[#This Row],[T01.2026]:[T12.2026]]) -> 491400000 | J14: 124600000 | K14: 137482710 | L14: 167076390 | M14: 43940000 | N14: 54150000 | O14: 51400000 | P14: 31900000 | Q14: 3257800 | R14: 0 | S14: 0 | T14: 0 | U14: 11590909 | V14: 19977518 | W14: 32702728 | X14: 33368636 | Y14: 25171391 | Z14: 41525527 | AA14: 40466172 | AB14: 44065127 | AC14: 49489591 | AD14: 63884844 | AE14: -800000 | AF14: 544659282 | AG14: 573099951 | AH14: 962814777 | AI14: 637316957 | AJ14: 714463931 | AK14: 772770445 | AL14: 899348766 | AM14: 1010824035 | AN14: 741281738 | AO14: 719882492 | AP14: 503759926 | AQ14: 501487798 | AR14: 675805769 | AS14: 634609472 | AT14: 133375123 | AU14: 153076705 | AV14: 183500000 | AW14: 113500000 | AX14: 148600000 | AY14: 115000000 | AZ14: 78000000 | BA14: 88000000 | BB14: 88400000 | BC14: 71100000 | BD14: 64500000 | BE14: 57000000 | BF14: 37500000 | BG14: 70500000 | BH14: 103500000 | BI14: 129000000 | BJ14: 111000000 | BK14: 116500000 | BL14: 172500000 | BM14: 164700000 | BN14: 127600000 | BO14: 115500000 | BP14: 100000000 | BQ14: 138000000 | BR14: 128500000 | BS14: 102500000 | BT14: 145600000 | BU14: 114800000
A15: 12 | B15: 10.Chi phí quản lý doanh nghiệp | C15: 7 | D15: =SUM(Data_PL5[[#This Row],[T1.2021]:[T12.2021]]) -> 2039891685 | E15: =SUM(Data_PL5[[#This Row],[T1.2022]:[T12.2022]]) -> 1927652229 | F15: =SUM(Data_PL5[[#This Row],[T1.2023]:[T12.2023]]) -> 4010468134 | G15: =SUM(Data_PL5[[#This Row],[T01.2024]:[T12.2024]]) -> 1998229844 | H15: =SUM(Data_PL5[[#This Row],[T01.2025]:[T12.2025]]) -> 4197280868 | I15: =SUM(Data_PL5[[#This Row],[T01.2026]:[T12.2026]]) -> 1524959825 | J15: 290450887 | K15: 130936346 | L15: 143934808 | M15: 216650285 | N15: 149107773 | O15: 141204731 | P15: 118353303 | Q15: 97570688 | R15: 123041539 | S15: 154194004 | T15: 201891032 | U15: 272556289 | V15: 75508157 | W15: 93356278 | X15: 70003962 | Y15: 72286603 | Z15: 67380693 | AA15: 90342388 | AB15: 65440018 | AC15: 69282072 | AD15: 67377790 | AE15: 95150209 | AF15: 549676445 | AG15: 611847614 | AH15: 437925898 | AI15: 280408198 | AJ15: 331111159 | AK15: 406104277 | AL15: 397327338 | AM15: 419101489 | AN15: 339062283 | AO15: 323040469 | AP15: 314799888 | AQ15: 316250411 | AR15: 312166512 | AS15: 133170212 | AT15: 108609904 | AU15: 112973768 | AV15: 101629977 | AW15: 115745156 | AX15: 112729162 | AY15: 120069599 | AZ15: 160850671 | BA15: 405694070 | BB15: 233540627 | BC15: 92522618 | BD15: 230673757 | BE15: 203190535 | BF15: 352795333 | BG15: 295358943 | BH15: 271063548 | BI15: 313168414 | BJ15: 312964157 | BK15: 275253185 | BL15: 348145066 | BM15: 329900505 | BN15: 317487600 | BO15: 350884750 | BP15: 369111823 | BQ15: 661147544 | BR15: 408101430 | BS15: 323633206 | BT15: 385055662 | BU15: 408169527
A16: 13 | B16: 11.Lợi nhuận thuần từ hoạt động kinh doanh | C16: 7 | D16: =SUM(Data_PL5[[#This Row],[T1.2021]:[T12.2021]]) -> -2419532094 | E16: =SUM(Data_PL5[[#This Row],[T1.2022]:[T12.2022]]) -> 7.1235468e+08 | F16: =SUM(Data_PL5[[#This Row],[T1.2023]:[T12.2023]]) -> -538392197 | G16: =SUM(Data_PL5[[#This Row],[T01.2024]:[T12.2024]]) -> -2224797028 | H16: =SUM(Data_PL5[[#This Row],[T01.2025]:[T12.2025]]) -> 3866037085 | I16: =SUM(Data_PL5[[#This Row],[T01.2026]:[T12.2026]]) -> 2310879356 | J16: -409381721 | K16: -255852308 | L16: -290372746 | M16: -221158003 | N16: -159748884 | O16: -163311329 | P16: -128277358 | Q16: -100677535 | R16: -122886734 | S16: -154160043 | T16: -178082076 | U16: -235623357 | V16: 367034115 | W16: -249826970 | X16: 252613936 | Y16: 89157718 | Z16: 582092467 | AA16: 62295741 | AB16: 245159362 | AC16: 787564668 | AD16: 451388729 | AE16: 17666769 | AF16: 392611854 | AG16: -2285403713 | AH16: -685775216 | AI16: -412959538 | AJ16: -625768206 | AK16: 275929961 | AL16: 1089914451 | AM16: -187239550 | AN16: -527446246 | AO16: -300137249 | AP16: -247512811 | AQ16: 215212564 | AR16: 281001910 | AS16: 586387733 | AT16: 14761583 | AU16: -112782273 | AV16: 248609907 | AW16: -93867851 | AX16: -323849797 | AY16: -111483671 | AZ16: -319225013 | BA16: -394314403 | BB16: -556670192 | BC16: -88849452 | BD16: -137307470 | BE16: -349818396 | BF16: -709663099 | BG16: -671184566 | BH16: -251636967 | BI16: 711287570 | BJ16: 224729120 | BK16: 600684326 | BL16: 1321498145 | BM16: 961867836 | BN16: 339714095 | BO16: 416822961 | BP16: 380000113 | BQ16: =+BQ9+BQ11-BQ12-BQ14-BQ15 -> 541917551 | BR16: =BR9+BR11-BR14-BR15 -> 794231216 | BS16: 145581803 | BT16: 773879477 | BU16: 597186860
A17: 14 | B17: 12.Thu nhập khác | C17: 7 | D17: =SUM(Data_PL5[[#This Row],[T1.2021]:[T12.2021]]) -> 1770000 | E17: =SUM(Data_PL5[[#This Row],[T1.2022]:[T12.2022]]) -> 1540177563 | F17: =SUM(Data_PL5[[#This Row],[T1.2023]:[T12.2023]]) -> 153685000 | G17: =SUM(Data_PL5[[#This Row],[T01.2024]:[T12.2024]]) -> 4158777 | H17: =SUM(Data_PL5[[#This Row],[T01.2025]:[T12.2025]]) -> 365637245 | I17: =SUM(Data_PL5[[#This Row],[T01.2026]:[T12.2026]]) -> 116055781 | J17: 0 | K17: 0 | L17: 810000 | M17: 0 | N17: 960000 | O17: 0 | P17: 0 | Q17: 0 | R17: 0 | S17: 0 | T17: 0 | U17: 0 | V17: 334571363 | W17: 0 | X17: 0 | Y17: 0 | Z17: 0 | AA17: 0 | AB17: 0 | AC17: 0 | AD17: 0 | AE17: 2400200 | AF17: 948405000 | AG17: 254801000 | AH17: 26130000 | AI17: 3000000 | AJ17: 1200000 | AK17: 710000 | AL17: 200000 | AM17: 4200000 | AN17: 16400000 | AO17: 200000 | AP17: 0 | AQ17: 200000 | AR17: 0 | AS17: 101445000 | AT17: 0 | AU17: 1097349 | AV17: 0 | AW17: 0 | AX17: 0 | AY17: 0 | AZ17: 927028 | BA17: 0 | BB17: 0 | BC17: 0 | BD17: 2134400 | BE17: 0 | BF17: 21584470 | BG17: 5000000 | BH17: 0 | BI17: 0 | BJ17: 0 | BK17: 38848871 | BL17: 192651 | BM17: 244036935 | BN17: 60000 | BO17: 75000 | BP17: -84500 | BQ17: 55923818 | BR17: 20577776 | BS17: 7185766 | BT17: 63682976 | BU17: 24609263
A18: 15 | B18: 13.Chi phí khác | C18: 7 | D18: =SUM(Data_PL5[[#This Row],[T1.2021]:[T12.2021]]) -> 0 | E18: =SUM(Data_PL5[[#This Row],[T1.2022]:[T12.2022]]) -> 1428405000 | F18: =SUM(Data_PL5[[#This Row],[T1.2023]:[T12.2023]]) -> 38870907 | G18: =SUM(Data_PL5[[#This Row],[T01.2024]:[T12.2024]]) -> 30720540 | H18: =SUM(Data_PL5[[#This Row],[T01.2025]:[T12.2025]]) -> 26544890 | I18: =SUM(Data_PL5[[#This Row],[T01.2026]:[T12.2026]]) -> 572396 | J18: 0 | K18: 0 | L18: 0 | M18: 0 | N18: 0 | O18: 0 | P18: 0 | Q18: 0 | R18: 0 | S18: 0 | T18: 0 | U18: 0 | V18: 265000000 | W18: 0 | X18: 0 | Y18: 0 | Z18: 0 | AA18: 0 | AB18: 0 | AC18: 0 | AD18: 0 | AF18: 948405000 | AG18: 215000000 | AH18: 35745455 | AI18: 0 | AJ18: 3125452 | AK18: 0 | AL18: 0 | AM18: 0 | AN18: 0 | AO18: 0 | AP18: 0 | AQ18: 0 | AR18: 0 | AS18: 0 | AT18: 21650000 | AU18: 0 | AV18: 2961692 | AW18: 1535462 | AX18: 0 | AY18: 0 | AZ18: 0 | BA18: 812640 | BB18: 0 | BC18: 1609246 | BD18: 2151500 | BE18: 0 | BF18: 21650000 | BG18: 12 | BH18: 0 | BI18: 0 | BJ18: 0 | BK18: 4346108 | BL18: 10140 | BM18: 3 | BN18: 43112 | BO18: 494540 | BQ18: 975 | BR18: -4 | BS18: 300000 | BT18: 52000 | BU18: 220400
A19: 16 | B19: 14.Lợi nhuận khác | C19: 7 | D19: =SUM(Data_PL5[[#This Row],[T1.2021]:[T12.2021]]) -> 1770000 | E19: =SUM(Data_PL5[[#This Row],[T1.2022]:[T12.2022]]) -> 111772563 | F19: =SUM(Data_PL5[[#This Row],[T1.2023]:[T12.2023]]) -> 114814093 | G19: =SUM(Data_PL5[[#This Row],[T01.2024]:[T12.2024]]) -> -26561763 | H19: =SUM(Data_PL5[[#This Row],[T01.2025]:[T12.2025]]) -> 339092355 | I19: =SUM(Data_PL5[[#This Row],[T01.2026]:[T12.2026]]) -> 115483385 | J19: 0 | K19: 0 | L19: 810000 | M19: 0 | N19: 960000 | O19: 0 | P19: 0 | Q19: 0 | R19: 0 | S19: 0 | T19: 0 | U19: 0 | V19: 69571363 | W19: 0 | X19: 0 | Y19: 0 | Z19: 0 | AA19: 0 | AB19: 0 | AC19: 0 | AD19: 0 | AE19: 2400200 | AG19: 39801000 | AH19: -9615455 | AI19: 3000000 | AJ19: -1925452 | AK19: 710000 | AL19: 200000 | AM19: 4200000 | AN19: 16400000 | AO19: 200000 | AP19: 0 | AQ19: 200000 | AR19: 0 | AS19: 101445000 | AT19: -21650000 | AU19: 1097349 | AV19: -2961692 | AW19: -1535462 | AX19: 0 | AY19: 0 | AZ19: 927028 | BA19: -812640 | BB19: 0 | BC19: -1609246 | BD19: -17100 | BE19: 0 | BF19: -65530 | BG19: 4999988 | BH19: 0 | BI19: 0 | BJ19: 0 | BK19: 34502763 | BL19: 182511 | BM19: 244036932 | BN19: 16888 | BO19: -419540 | BP19: -84500 | BQ19: 55922843 | BR19: 20577780 | BS19: 6885766 | BT19: 63630976 | BU19: 24388863
A20: 17 | B20: 15.Tổng lợi nhuận kế toán trước thuế | C20: 7 | D20: =SUM(Data_PL5[[#This Row],[T1.2021]:[T12.2021]]) -> -2417762094 | E20: =SUM(Data_PL5[[#This Row],[T1.2022]:[T12.2022]]) -> 8.0314433e+08 | F20: =SUM(Data_PL5[[#This Row],[T1.2023]:[T12.2023]]) -> -423578104 | G20: =SUM(Data_PL5[[#This Row],[T01.2024]:[T12.2024]]) -> -2251983791 | H20: =SUM(Data_PL5[[#This Row],[T01.2025]:[T12.2025]]) -> 4205129440 | I20: =SUM(Data_PL5[[#This Row],[T01.2026]:[T12.2026]]) -> 2426362741 | J20: -409381721 | K20: -255852308 | L20: -289562746 | M20: -221158003 | N20: -158788884 | O20: -163311329 | P20: -128277358 | Q20: -100677535 | R20: -122886734 | S20: -154160043 | T20: -178082076 | U20: -235623357 | V20: 436605478 | W20: -249826970 | X20: 252613936 | Y20: 89157718 | Z20: 582092467 | AA20: 62295741 | AB20: 245159362 | AC20: 787564668 | AD20: 451388729 | AE20: 20066969 | AF20: 371628946 | AG20: -2245602713 | AH20: -695390671 | AI20: -409959538 | AJ20: -627693658 | AK20: 276639961 | AL20: 1090114451 | AM20: -183039550 | AN20: -511046246 | AO20: -299937249 | AP20: -247512811 | AQ20: 215412564 | AR20: 281001910 | AS20: 687832733 | AT20: -6888417 | AU20: -111684924 | AV20: 245648215 | AW20: -95403313 | AX20: -323849797 | AY20: -111483671 | AZ20: -318297985 | BA20: -395752043 | BB20: -556670192 | BC20: -90458698 | BD20: -137324570 | BE20: -349818396 | BF20: -709728629 | BG20: -666184578 | BH20: -251636967 | BI20: 711287570 | BJ20: 224729120 | BK20: 635187089 | BL20: 1321680656 | BM20: 1205904768 | BN20: 339730983 | BO20: 416403421 | BP20: 379915613 | BQ20: =+BQ16+BQ19 -> 597840394 | BR20: 814808996 | BS20: 152467569 | BT20: 837510453 | BU20: 621575723
A21: 18 | B21: 16.Chi phí thuế TNDN hiện hành | C21: 7 | D21: =SUM(Data_PL5[[#This Row],[T1.2021]:[T12.2021]]) -> 0 | E21: =SUM(Data_PL5[[#This Row],[T1.2022]:[T12.2022]]) -> 0 | F21: =SUM(Data_PL5[[#This Row],[T1.2023]:[T12.2023]]) -> 0 | G21: =SUM(Data_PL5[[#This Row],[T01.2024]:[T12.2024]]) -> 32927331 | H21: =SUM(Data_PL5[[#This Row],[T01.2025]:[T12.2025]]) -> 0 | I21: =SUM(Data_PL5[[#This Row],[T01.2026]:[T12.2026]]) -> 412481666 | J21: 0 | K21: 0 | L21: 0 | M21: 0 | N21: 0 | O21: 0 | P21: 0 | Q21: 0 | R21: 0 | S21: 0 | T21: 0 | U21: 0 | V21: 0 | W21: 0 | X21: 0 | Y21: 0 | Z21: 0 | AA21: 0 | AB21: 0 | AC21: 0 | AD21: 0 | AF21: 0 | AG21: 0 | AI21: 0 | AJ21: 0 | AK21: 0 | AL21: 0 | AM21: 0 | AN21: 0 | AO21: 0 | AP21: 0 | AQ21: 0 | AR21: 0 | AS21: 0 | AT21: 0 | AU21: 0 | AV21: 0 | AW21: 0 | AX21: 0 | AY21: 0 | AZ21: 0 | BA21: 32927331 | BB21: 0 | BC21: 0 | BD21: 0 | BE21: 0 | BF21: 0 | BG21: 0 | BH21: 0 | BI21: 0 | BJ21: 0 | BK21: 0 | BL21: 0 | BM21: 0 | BN21: 0 | BO21: 0 | BT21: 306813793 | BU21: 105667873
A22: 19 | B22: 17.Chi phí thuế TNDN hoãn lại | C22: 7 | D22: =SUM(Data_PL5[[#This Row],[T1.2021]:[T12.2021]]) -> 0 | E22: =SUM(Data_PL5[[#This Row],[T1.2022]:[T12.2022]]) -> 0 | F22: =SUM(Data_PL5[[#This Row],[T1.2023]:[T12.2023]]) -> 0 | G22: =SUM(Data_PL5[[#This Row],[T01.2024]:[T12.2024]]) -> 0 | H22: =SUM(Data_PL5[[#This Row],[T01.2025]:[T12.2025]]) -> 0 | I22: =SUM(Data_PL5[[#This Row],[T01.2026]:[T12.2026]]) -> 0 | J22: 0 | K22: 0 | L22: 0 | M22: 0 | N22: 0 | O22: 0 | P22: 0 | Q22: 0 | R22: 0 | S22: 0 | T22: 0 | U22: 0 | V22: 0 | W22: 0 | X22: 0 | Y22: 0 | Z22: 0 | AA22: 0 | AB22: 0 | AC22: 0 | AD22: 0 | AF22: 0 | AG22: 0 | AI22: 0 | AJ22: 0 | AK22: 0 | AL22: 0 | AM22: 0 | AN22: 0 | AO22: 0 | AP22: 0 | AQ22: 0 | AR22: 0 | AS22: 0 | AT22: 0 | AU22: 0 | AV22: 0 | AW22: 0 | AX22: 0 | AY22: 0 | AZ22: 0 | BA22: 0 | BB22: 0 | BC22: 0 | BD22: 0 | BE22: 0 | BF22: 0 | BG22: 0 | BH22: 0 | BI22: 0 | BJ22: 0 | BK22: 0 | BL22: 0 | BM22: 0 | BN22: 0 | BO22: 0
A23: 20 | B23: 18.Lợi nhuận sau thuế thu nhập doanh nghiệp | C23: 7 | D23: =SUM(Data_PL5[[#This Row],[T1.2021]:[T12.2021]]) -> -2417762094 | E23: =SUM(Data_PL5[[#This Row],[T1.2022]:[T12.2022]]) -> 8.0314433e+08 | F23: =SUM(Data_PL5[[#This Row],[T1.2023]:[T12.2023]]) -> -423578104 | G23: =SUM(Data_PL5[[#This Row],[T01.2024]:[T12.2024]]) -> -2284911122 | H23: =SUM(Data_PL5[[#This Row],[T01.2025]:[T12.2025]]) -> 4205129440 | I23: =SUM(Data_PL5[[#This Row],[T01.2026]:[T12.2026]]) -> 2013881075 | J23: -409381721 | K23: -255852308 | L23: -289562746 | M23: -221158003 | N23: -158788884 | O23: -163311329 | P23: -128277358 | Q23: -100677535 | R23: -122886734 | S23: -154160043 | T23: -178082076 | U23: -235623357 | V23: 436605478 | W23: -249826970 | X23: 252613936 | Y23: 89157718 | Z23: 582092467 | AA23: 62295741 | AB23: 245159362 | AC23: 787564668 | AD23: 451388729 | AE23: 20066969 | AF23: 371628946 | AG23: -2245602713 | AH23: -695390671 | AI23: -409959538 | AJ23: -627693658 | AK23: 276639961 | AL23: 1090114451 | AM23: -183039550 | AN23: -511046246 | AO23: -299937249 | AP23: -247512811 | AQ23: 215412564 | AR23: 281001910 | AS23: 687832733 | AT23: -6888417 | AU23: -111684924 | AV23: 245648215 | AW23: -95403313 | AX23: -323849797 | AY23: -111483671 | AZ23: -318297985 | BA23: -428679374 | BB23: -556670192 | BC23: -90458698 | BD23: -137324570 | BE23: -349818396 | BF23: -709728629 | BG23: -666184578 | BH23: -251636967 | BI23: 711287570 | BJ23: 224729120 | BK23: 635187089 | BL23: 1321680656 | BM23: 1205904768 | BN23: 339730983 | BO23: 416403421 | BP23: 379915613 | BQ23: =+BQ20-BQ21-BQ22 -> 597840394 | BR23: 814808996 | BS23: 152467569 | BT23: 530696660 | BU23: 515907850
B24: % LNST | D24: =D23/D7 -> -0.53911247 | E24: =E23/E7 -> 0.017548226 | F24: =F23/F7 -> -0.0053674781 | G24: =G23/G7 -> -0.030660439 | H24: =H23/H7 -> 0.041120726 | I24: =I23/I7 -> 0.060154612

Sheet DLam
B1: CÔNG TY TNHH MTV ĐỒNG LÂM
B2: VND
A3: Index PL | B3: PHẦN II-KẾT QUẢ HOẠT ĐỘNG KINH DOANH | C3: TenCongTyID | D3: 2021 | E3: 2022 | F3: 2023 | G3: 2024 | H3: 2025 | I3: 2026 | J3: T1.2021 | K3: T02.2021 | L3: T03.2021 | M3: T04.2021 | N3: T05.2021 | O3: T06.2021 | P3: T07.2021 | Q3: T08.2021 | R3: T09.2021 | S3: T10.2021 | T3: T11.2021 | U3: T12.2021 | V3: T1.2022 | W3: T02.2022 | X3: T03.2022 | Y3: T04.2022 | Z3: T05.2022 | AA3: T06.2022 | AB3: T07.2022 | AC3: T08.2022 | AD3: T09.2022 | AE3: T10.2022 | AF3: T11.2022 | AG3: T12.2022 | AH3: T1.2023 | AI3: T02.2023 | AJ3: T03.2023 | AK3: T04.2023 | AL3: T05.2023 | AM3: T06.2023 | AN3: T07.2023 | AO3: T08.2023 | AP3: T09.2023 | AQ3: T10.2023 | AR3: T11.2023 | AS3: T12.2023 | AT3: T01.2024 | AU3: T02.2024 | AV3: T03.2024 | AW3: T04.2024 | AX3: T05.2024 | AY3: T06.2024 | AZ3: T07.2024 | BA3: T08.2024 | BB3: T09.2024 | BC3: T10.2024 | BD3: T11.2024 | BE3: T12.2024 | BF3: T01.2025 | BG3: T02.2025 | BH3: T03.2025 | BI3: T04.2025 | BJ3: T05.2025 | BK3: T06.2025 | BL3: T07.2025 | BM3: T08.2025 | BN3: T09.2025 | BO3: T10.2025 | BP3: T11.2025 | BQ3: T12.2025 | BR3: T01.2026 | BS3: T02.2026 | BT3: T03.2026 | BU3: T04.2026 | BV3: T05.2026 | BW3: T06.2026 | BX3: T07.2026 | BY3: T08.2026 | BZ3: T09.2026 | CA3: T10.2026 | CB3: T11.2026 | CC3: T12.2026
A4: 1 | B4: Sản lượng (Tấn) | C4: 8 | D4: =SUM(Data_PL6[[#This Row],[T1.2021]:[T12.2021]]) -> 0 | E4: =SUM(Data_PL6[[#This Row],[T1.2022]:[T12.2022]]) -> 1008.5205 | F4: =SUM(Data_PL6[[#This Row],[T1.2023]:[T12.2023]]) -> 3132.2255 | G4: =SUM(Data_PL6[[#This Row],[T01.2024]:[T12.2024]]) -> 4240.978 | H4: =SUM(Data_PL6[[#This Row],[T01.2025]:[T12.2025]]) -> 5703.437 | I4: =SUM(Data_PL6[[#This Row],[T01.2026]:[T12.2026]]) -> 2027.301 | J4: 0 | K4: 0 | V4: 13.776 | W4: 0 | X4: 21.243 | Y4: 18.384 | Z4: 69.306 | AA4: 57.128 | AB4: 45.009 | AC4: 133.151 | AD4: 87.34 | AE4: 200.284 | AF4: 162.7505 | AG4: 200.149 | AH4: 177.0275 | AI4: 116.397 | AJ4: 313 | AK4: 367 | AL4: 260 | AM4: 320 | AN4: 273 | AO4: 241 | AP4: 225 | AQ4: 267 | AR4: 161 | AS4: 411.801 | AT4: 573 | AU4: 269 | AV4: 385 | AW4: 393 | AX4: 627.692 | AY4: 379 | AZ4: 289.909 | BA4: 249.529 | BB4: 256.07 | BC4: 285.927 | BD4: 301.603 | BE4: 231.248 | BF4: 136.817 | BG4: 284.586 | BH4: 355.698 | BI4: 421.533 | BJ4: 410.449 | BK4: 572.586 | BL4: 681.432 | BM4: 736.186 | BN4: 660.128 | BO4: 493.928 | BP4: 419.824 | BQ4: 530.27 | BR4: 513.461 | BS4: 321.709 | BT4: 698.891 | BU4: 493.24
A5: 2 | B5: 1.Doanh thu bán hàng và cung cấp dịch vụ | C5: 8 | D5: =SUM(Data_PL6[[#This Row],[T1.2021]:[T12.2021]]) -> 1528637924 | E5: =SUM(Data_PL6[[#This Row],[T1.2022]:[T12.2022]]) -> 15050385533 | F5: =SUM(Data_PL6[[#This Row],[T1.2023]:[T12.2023]]) -> 44482013611 | G5: =SUM(Data_PL6[[#This Row],[T01.2024]:[T12.2024]]) -> 63950445550 | H5: =SUM(Data_PL6[[#This Row],[T01.2025]:[T12.2025]]) -> 96184706621 | I5: =SUM(Data_PL6[[#This Row],[T01.2026]:[T12.2026]]) -> 28543319477 | M5: 368424150 | N5: 539826374 | O5: 10846000 | S5: 85659200 | T5: 502162200 | U5: 21720000 | V5: 106450910 | X5: 265207910 | Y5: 235390963 | Z5: 549971500 | AA5: 1004388000 | AB5: 811042500 | AC5: 2190311943 | AD5: 1430897000 | AE5: 3280888000 | AF5: 2548509050 | AG5: 2627327757 | AH5: 1822423459 | AI5: 1503889814 | AJ5: 4340539454 | AK5: 5632467285 | AL5: 3711774521 | AM5: 4642198050 | AN5: 3681484099 | AO5: 3500109250 | AP5: 3283780279 | AQ5: 4161593000 | AR5: 2393981900 | AS5: 5807772500 | AT5: 8400713900 | AU5: 3931174800 | AV5: 5768669300 | AW5: 5809292600 | AX5: 9485730900 | AY5: 6180931000 | AZ5: 4176102000 | BA5: 3625752000 | BB5: 3921219000 | BC5: 4329468100 | BD5: 4671750950 | BE5: 3649641000 | BF5: 2184030270 | BG5: 4906179695 | BH5: 6333654608 | BI5: 7807068174 | BJ5: 7380147015 | BK5: 10556762949 | BL5: 12875151030 | BM5: 13763220740 | BN5: 9904916640 | BO5: 7003708500 | BP5: 5985740000 | BQ5: 7484127000 | BR5: 7320017770 | BS5: 4596489350 | BT5: 9617317135 | BU5: 7009495222
A6: 3 | B6: 2.Các khoản giảm trừ doanh thu | C6: 8 | D6: =SUM(Data_PL6[[#This Row],[T1.2021]:[T12.2021]]) -> 0 | E6: =SUM(Data_PL6[[#This Row],[T1.2022]:[T12.2022]]) -> 0 | F6: =SUM(Data_PL6[[#This Row],[T1.2023]:[T12.2023]]) -> 0 | G6: =SUM(Data_PL6[[#This Row],[T01.2024]:[T12.2024]]) -> 0 | H6: =SUM(Data_PL6[[#This Row],[T01.2025]:[T12.2025]]) -> 0 | I6: =SUM(Data_PL6[[#This Row],[T01.2026]:[T12.2026]]) -> 0
A7: 4 | B7: 3.Doanh thu thuần về bán hàng và cung cấp dịch vụ | C7: 8 | D7: =SUM(Data_PL6[[#This Row],[T1.2021]:[T12.2021]]) -> 1528637924 | E7: =SUM(Data_PL6[[#This Row],[T1.2022]:[T12.2022]]) -> 15050385533 | F7: =SUM(Data_PL6[[#This Row],[T1.2023]:[T12.2023]]) -> 44482013611 | G7: =SUM(Data_PL6[[#This Row],[T01.2024]:[T12.2024]]) -> 63950445550 | H7: =SUM(Data_PL6[[#This Row],[T01.2025]:[T12.2025]]) -> 96184706621 | I7: =SUM(Data_PL6[[#This Row],[T01.2026]:[T12.2026]]) -> 28543319477 | J7: 0 | K7: 0 | L7: 0 | M7: 368424150 | N7: 539826374 | O7: 10846000 | P7: 0 | Q7: 0 | R7: 0 | S7: 85659200 | T7: 502162200 | U7: 21720000 | V7: 106450910 | W7: 0 | X7: 265207910 | Y7: 235390963 | Z7: 549971500 | AA7: 1004388000 | AB7: 811042500 | AC7: 2190311943 | AD7: 1430897000 | AE7: 3280888000 | AF7: 2548509050 | AG7: 2627327757 | AH7: 1822423459 | AI7: 1503889814 | AJ7: 4340539454 | AK7: 5632467285 | AL7: 3711774521 | AM7: 4642198050 | AN7: 3681484099 | AO7: 3500109250 | AP7: 3283780279 | AQ7: 4161593000 | AR7: 2393981900 | AS7: 5807772500 | AT7: 8400713900 | AU7: 3931174800 | AV7: 5768669300 | AW7: 5809292600 | AX7: 9485730900 | AY7: 6180931000 | AZ7: 4176102000 | BA7: 3625752000 | BB7: 3921219000 | BC7: 4329468100 | BD7: 4671750950 | BE7: 3649641000 | BF7: 2184030270 | BG7: 4906179695 | BH7: 6333654608 | BI7: 7807068174 | BJ7: 7380147015 | BK7: 10556762949 | BL7: 12875151030 | BM7: 13763220740 | BN7: 9904916640 | BO7: 7003708500 | BP7: 5985740000 | BQ7: 7484127000 | BR7: 7320017770 | BS7: =BS5-BS6 -> 4596489350 | BT7: 9617317135 | BU7: 7009495222
A8: 5 | B8: 4.Giá vốn hàng bán | C8: 8 | D8: =SUM(Data_PL6[[#This Row],[T1.2021]:[T12.2021]]) -> 1472445523 | E8: =SUM(Data_PL6[[#This Row],[T1.2022]:[T12.2022]]) -> 13731682171 | F8: =SUM(Data_PL6[[#This Row],[T1.2023]:[T12.2023]]) -> 41701693449 | G8: =SUM(Data_PL6[[#This Row],[T01.2024]:[T12.2024]]) -> 64457272305 | H8: =SUM(Data_PL6[[#This Row],[T01.2025]:[T12.2025]]) -> 88860212617 | I8: =SUM(Data_PL6[[#This Row],[T01.2026]:[T12.2026]]) -> 25136221368 | M8: 356035081 | N8: 539685001 | O8: 10850195 | S8: 84649200 | T8: 465251111 | U8: 15974935 | V8: 168407744 | W8: 5395812 | X8: 236779308 | Y8: 207650748 | Z8: 435137862 | AA8: 918387357 | AB8: 738967733 | AC8: 1857317418 | AD8: 1276370111 | AE8: 2962185705 | AF8: 2312380906 | AG8: 2612701467 | AH8: 2339926056 | AI8: 1617373611 | AJ8: 4386031675 | AK8: 4924018381 | AL8: 3584096913 | AM8: 4175851308 | AN8: 3523205486 | AO8: 3237017132 | AP8: 3209996558 | AQ8: 3747756710 | AR8: 2368686966 | AS8: 4587732653 | AT8: 8360095204 | AU8: 3915335812 | AV8: 5491561659 | AW8: 5777251201 | AX8: 9281674213 | AY8: 6197150720 | AZ8: 4472052819 | BA8: 3843795589 | BB8: 4098228510 | BC8: 4453562079 | BD8: 4802207565 | BE8: 3764356934 | BF8: 2508077713 | BG8: 4740440112 | BH8: 6014198762 | BI8: 7255972077 | BJ8: 7126741795 | BK8: 9609629830 | BL8: 11568387569 | BM8: 11854114403 | BN8: 9491382430 | BO8: 6472207694 | BP8: 5524770244 | BQ8: 6694289988 | BR8: 6508047485 | BS8: 4138247394 | BT8: 8386341981 | BU8: 6103584508
A9: 6 | B9: 5.Lợi nhuận gộp về bán hàng | C9: 8 | D9: =SUM(Data_PL6[[#This Row],[T1.2021]:[T12.2021]]) -> 56192401 | E9: =SUM(Data_PL6[[#This Row],[T1.2022]:[T12.2022]]) -> 1318703362 | F9: =SUM(Data_PL6[[#This Row],[T1.2023]:[T12.2023]]) -> 2780320162 | G9: =SUM(Data_PL6[[#This Row],[T01.2024]:[T12.2024]]) -> -506826755 | H9: =SUM(Data_PL6[[#This Row],[T01.2025]:[T12.2025]]) -> 7324494004 | I9: =SUM(Data_PL6[[#This Row],[T01.2026]:[T12.2026]]) -> 3407098109 | J9: 0 | K9: 0 | L9: 0 | M9: 12389069 | N9: 141373 | O9: -4195 | P9: 0 | Q9: 0 | R9: 0 | S9: 1010000 | T9: 36911089 | U9: 5745065 | V9: -61956834 | W9: -5395812 | X9: 28428602 | Y9: 27740215 | Z9: 114833638 | AA9: 86000643 | AB9: 72074767 | AC9: 332994525 | AD9: 154526889 | AE9: 318702295 | AF9: 236128144 | AG9: 14626290 | AH9: -517502597 | AI9: -113483797 | AJ9: -45492221 | AK9: 708448904 | AL9: 127677608 | AM9: 466346742 | AN9: 158278613 | AO9: 263092118 | AP9: 73783721 | AQ9: 413836290 | AR9: 25294934 | AS9: 1220039847 | AT9: 40618696 | AU9: 15838988 | AV9: 277107641 | AW9: 32041399 | AX9: 204056687 | AY9: -16219720 | AZ9: -295950819 | BA9: -218043589 | BB9: -177009510 | BC9: -124093979 | BD9: -130456615 | BE9: -114715934 | BF9: -324047443 | BG9: 165739583 | BH9: 319455846 | BI9: 551096097 | BJ9: 253405220 | BK9: 947133119 | BL9: 1306763461 | BM9: 1909106337 | BN9: 413534210 | BO9: 531500806 | BP9: 460969756 | BQ9: 789837012 | BR9: 811970285 | BS9: =BS7-BS8 -> 458241956 | BT9: =BT7-BT8 -> 1230975154 | BU9: =BU7-BU8 -> 905910714
A10: 7 | B10: 6.Lãi/lỗ của hoạt động bán, thanh lý bất động sản đầu tư | C10: 8 | D10: =SUM(Data_PL6[[#This Row],[T1.2021]:[T12.2021]]) -> 0 | E10: =SUM(Data_PL6[[#This Row],[T1.2022]:[T12.2022]]) -> 0 | F10: =SUM(Data_PL6[[#This Row],[T1.2023]:[T12.2023]]) -> 0 | G10: =SUM(Data_PL6[[#This Row],[T01.2024]:[T12.2024]]) -> 0 | H10: =SUM(Data_PL6[[#This Row],[T01.2025]:[T12.2025]]) -> 0 | I10: =SUM(Data_PL6[[#This Row],[T01.2026]:[T12.2026]]) -> 0
A11: 8 | B11: 7.Doanh thu hoạt động tài chính | C11: 8 | D11: =SUM(Data_PL6[[#This Row],[T1.2021]:[T12.2021]]) -> 810492 | E11: =SUM(Data_PL6[[#This Row],[T1.2022]:[T12.2022]]) -> 4594327 | F11: =SUM(Data_PL6[[#This Row],[T1.2023]:[T12.2023]]) -> 27223645 | G11: =SUM(Data_PL6[[#This Row],[T01.2024]:[T12.2024]]) -> 192088676 | H11: =SUM(Data_PL6[[#This Row],[T01.2025]:[T12.2025]]) -> 318990785 | I11: =SUM(Data_PL6[[#This Row],[T01.2026]:[T12.2026]]) -> 162989914 | J11: 107454 | K11: 56525 | L11: 64648 | M11: 175348 | N11: 109741 | O11: 71964 | P11: 33319 | Q11: 35780 | R11: 57304 | S11: 40536 | T11: 27652 | U11: 30221 | V11: 100771 | W11: 22232 | X11: 9940 | Y11: 18461 | Z11: 51784 | AA11: 65299 | AB11: 28201 | AC11: 103587 | AD11: 134052 | AE11: 100634 | AF11: 1758913 | AG11: 2200453 | AH11: 3773270 | AI11: 3236864 | AJ11: 2346303 | AK11: 1424265 | AL11: 777811 | AM11: 307201 | AN11: 328719 | AO11: 368024 | AP11: 352533 | AQ11: 313627 | AR11: 161478 | AS11: 13833550 | AT11: 9382459 | AU11: 10579719 | AV11: 9899400 | AW11: 10580906 | AX11: 10872809 | AY11: 12253869 | AZ11: 32961164 | BA11: 10484107 | BB11: 10990062 | BC11: 51973968 | BD11: 11239032 | BE11: 10871181 | BF11: 56610291 | BG11: 11478700 | BH11: 10596772 | BI11: 57102551 | BJ11: 11106781 | BK11: 10419655 | BL11: 56496007 | BM11: 7319275 | BN11: 7346208 | BO11: 52495236 | BP11: 19072961 | BQ11: 18946348 | BR11: 65571081 | BS11: 20192380 | BT11: 18234753 | BU11: 58991700
A12: 9 | B12: 8.Chi phí tài chính | C12: 8 | D12: =SUM(Data_PL6[[#This Row],[T1.2021]:[T12.2021]]) -> 0 | E12: =SUM(Data_PL6[[#This Row],[T1.2022]:[T12.2022]]) -> 0 | F12: =SUM(Data_PL6[[#This Row],[T1.2023]:[T12.2023]]) -> 0 | G12: =SUM(Data_PL6[[#This Row],[T01.2024]:[T12.2024]]) -> 0 | H12: =SUM(Data_PL6[[#This Row],[T01.2025]:[T12.2025]]) -> 3187200 | I12: =SUM(Data_PL6[[#This Row],[T01.2026]:[T12.2026]]) -> 0 | V12: 0 | W12: 0 | X12: 0 | Y12: 0 | Z12: 0 | AA12: 0 | AB12: 0 | AC12: 0 | AD12: 0 | AE12: 0 | AF12: 0 | AG12: 0 | BL12: 3187200
A13: 10 | B13: Trong đó: Chi phí lãi vay | C13: 8 | D13: =SUM(Data_PL6[[#This Row],[T1.2021]:[T12.2021]]) -> 0 | E13: =SUM(Data_PL6[[#This Row],[T1.2022]:[T12.2022]]) -> 0 | F13: =SUM(Data_PL6[[#This Row],[T1.2023]:[T12.2023]]) -> 0 | G13: =SUM(Data_PL6[[#This Row],[T01.2024]:[T12.2024]]) -> 0 | H13: =SUM(Data_PL6[[#This Row],[T01.2025]:[T12.2025]]) -> 3187200 | I13: =SUM(Data_PL6[[#This Row],[T01.2026]:[T12.2026]]) -> 0 | V13: 0 | W13: 0 | X13: 0 | Y13: 0 | Z13: 0 | AA13: 0 | AB13: 0 | AC13: 0 | AD13: 0 | AE13: 0 | AF13: 0 | AG13: 0 | BL13: 3187200
A14: 11 | B14: 9.Chi phí bán hàng | C14: 8 | D14: =SUM(Data_PL6[[#This Row],[T1.2021]:[T12.2021]]) -> 0 | E14: =SUM(Data_PL6[[#This Row],[T1.2022]:[T12.2022]]) -> 2904725277 | F14: =SUM(Data_PL6[[#This Row],[T1.2023]:[T12.2023]]) -> 5058309993 | G14: =SUM(Data_PL6[[#This Row],[T01.2024]:[T12.2024]]) -> 1040686400 | H14: =SUM(Data_PL6[[#This Row],[T01.2025]:[T12.2025]]) -> 2125300000 | I14: =SUM(Data_PL6[[#This Row],[T01.2026]:[T12.2026]]) -> 784300000 | V14: 4154275 | W14: 111551042 | X14: 110233410 | Y14: 127730395 | Z14: 186833035 | AA14: 196635214 | AB14: 194194095 | AC14: 278805851 | AD14: 297860980 | AE14: 356552796 | AF14: 391895076 | AG14: 648279108 | AH14: 366527895 | AI14: 316438292 | AJ14: 474659267 | AK14: 500360421 | AL14: 442222030 | AM14: 537898379 | AN14: 496904815 | AO14: 432396059 | AP14: 375069710 | AQ14: 355199519 | AR14: 319486926 | AS14: 441146680 | AT14: 80500000 | AU14: 92396800 | AV14: 121389600 | AW14: 78000000 | AX14: 146000000 | AY14: 115500000 | AZ14: 64000000 | BA14: 54000000 | BB14: 57900000 | BC14: 75900000 | BD14: 79200000 | BE14: 75900000 | BF14: 46200000 | BG14: 111100000 | BH14: 142500000 | BI14: 161600000 | BJ14: 157100000 | BK14: 207400000 | BL14: 261000000 | BM14: 278300000 | BN14: 246900000 | BO14: 175300000 | BP14: 144200000 | BQ14: 193700000 | BR14: 195900000 | BS14: 121800000 | BT14: 271300000 | BU14: 195300000
A15: 12 | B15: 10.Chi phí quản lý doanh nghiệp | C15: 8 | D15: =SUM(Data_PL6[[#This Row],[T1.2021]:[T12.2021]]) -> 1872536978 | E15: =SUM(Data_PL6[[#This Row],[T1.2022]:[T12.2022]]) -> 3300814546 | F15: =SUM(Data_PL6[[#This Row],[T1.2023]:[T12.2023]]) -> 1954737169 | G15: =SUM(Data_PL6[[#This Row],[T01.2024]:[T12.2024]]) -> 1657750500 | H15: =SUM(Data_PL6[[#This Row],[T01.2025]:[T12.2025]]) -> 2232589956 | I15: =SUM(Data_PL6[[#This Row],[T01.2026]:[T12.2026]]) -> 1199107431 | J15: 221942434 | K15: 160995395 | L15: 164451697 | M15: 178420921 | N15: 170443955 | O15: 146772545 | P15: 112926597 | Q15: 92395770 | R15: 144942481 | S15: 112946309 | T15: 203715505 | U15: 162583369 | V15: 280578279 | W15: 215624058 | X15: 219366011 | Y15: 231890562 | Z15: 256308230 | AA15: 263761631 | AB15: 256193542 | AC15: 352498211 | AD15: 279335970 | AE15: 316719998 | AF15: 313644325 | AG15: 314893729 | AH15: 171041154 | AI15: 106732861 | AJ15: 216653690 | AK15: 175450114 | AL15: 150767254 | AM15: 113915370 | AN15: 131931037 | AO15: 141040749 | AP15: 159030184 | AQ15: 164620496 | AR15: 144231512 | AS15: 279322748 | AT15: 159221608 | AU15: 104655178 | AV15: 115295655 | AW15: 106050997 | AX15: 66870820 | AY15: 76195851 | AZ15: 68152514 | BA15: 139408411 | BB15: 83156007 | BC15: 88772319 | BD15: 552891636 | BE15: 97079504 | BF15: 147069830 | BG15: 115999204 | BH15: 120706843 | BI15: 155764782 | BJ15: 142223547 | BK15: 131398532 | BL15: 129629381 | BM15: 133594277 | BN15: 218907692 | BO15: 204745721 | BP15: 227424354 | BQ15: 505125793 | BR15: 282752757 | BS15: 375736155 | BT15: 268709308 | BU15: 271909211
A16: 13 | B16: 11.Lợi nhuận thuần từ hoạt động kinh doanh | C16: 8 | D16: =SUM(Data_PL6[[#This Row],[T1.2021]:[T12.2021]]) -> -1815534085 | E16: =SUM(Data_PL6[[#This Row],[T1.2022]:[T12.2022]]) -> -4882242134 | F16: =SUM(Data_PL6[[#This Row],[T1.2023]:[T12.2023]]) -> -4205503355 | G16: =SUM(Data_PL6[[#This Row],[T01.2024]:[T12.2024]]) -> -3013174979 | H16: =SUM(Data_PL6[[#This Row],[T01.2025]:[T12.2025]]) -> 3282407633 | I16: =SUM(Data_PL6[[#This Row],[T01.2026]:[T12.2026]]) -> 1586680592 | J16: -221834980 | K16: -160938870 | L16: -164387049 | M16: -165856504 | N16: -170192841 | O16: -146704776 | P16: -112893278 | Q16: -92359990 | R16: -144885177 | S16: -111895773 | T16: -166776764 | U16: -156808083 | V16: -346588617 | W16: -332548680 | X16: -301160879 | Y16: -331862281 | Z16: -328255843 | AA16: -374330903 | AB16: -378284669 | AC16: -298205950 | AD16: -422536009 | AE16: -354469865 | AF16: -467652344 | AG16: -946346094 | AH16: -1051298376 | AI16: -533418086 | AJ16: -734458875 | AK16: 34062634 | AL16: -464533865 | AM16: -185159806 | AN16: -470228520 | AO16: -309976666 | AP16: -459963640 | AQ16: -105670098 | AR16: -438262026 | AS16: 513403969 | AT16: -189720453 | AU16: -170633271 | AV16: 50321786 | AW16: -141428692 | AX16: 2058676 | AY16: -195661702 | AZ16: -395142169 | BA16: -400967893 | BB16: -307075455 | BC16: -236792330 | BD16: -751309219 | BE16: -276824257 | BF16: -460706982 | BG16: -49880921 | BH16: 66845775 | BI16: 290833866 | BJ16: -34811546 | BK16: 618754242 | BL16: 969442887 | BM16: 1504531335 | BN16: -44927274 | BO16: 203950321 | BP16: 108418363 | BQ16: =+BQ9+BQ11-BQ12-BQ14-BQ15 -> 109957567 | BR16: 398888609 | BS16: =SUM(BS9:BS11)-BS12-BS14-BS15 -> -19101819 | BT16: =SUM(BT9:BT11)-BT12-BT14-BT15 -> 709200599 | BU16: =SUM(BU9:BU11)-BU12-BU14-BU15 -> 497693203
A17: 14 | B17: 12.Thu nhập khác | C17: 8 | D17: =SUM(Data_PL6[[#This Row],[T1.2021]:[T12.2021]]) -> 0 | E17: =SUM(Data_PL6[[#This Row],[T1.2022]:[T12.2022]]) -> 6181097313 | F17: =SUM(Data_PL6[[#This Row],[T1.2023]:[T12.2023]]) -> 9001 | G17: =SUM(Data_PL6[[#This Row],[T01.2024]:[T12.2024]]) -> 82239351 | H17: =SUM(Data_PL6[[#This Row],[T01.2025]:[T12.2025]]) -> 129727962 | I17: =SUM(Data_PL6[[#This Row],[T01.2026]:[T12.2026]]) -> 53564051 | V17: 500 | W17: 500 | Y17: 8003 | Z17: 20000 | AA17: 310 | AF17: 2683400000 | AG17: 3497668000 | AH17: 9000 | AP17: 1 | AW17: 81700000 | AZ17: 539351 | BF17: 76532366 | BG17: 300 | BH17: 13680000 | BI17: 6000060 | BL17: 70515 | BQ17: 33444721 | BR17: 32987038 | BS17: 2504914 | BT17: 4888889 | BU17: 13183210
A18: 15 | B18: 13.Chi phí khác | C18: 8 | D18: =SUM(Data_PL6[[#This Row],[T1.2021]:[T12.2021]]) -> 385614178 | E18: =SUM(Data_PL6[[#This Row],[T1.2022]:[T12.2022]]) -> 6801835760 | F18: =SUM(Data_PL6[[#This Row],[T1.2023]:[T12.2023]]) -> 90513 | G18: =SUM(Data_PL6[[#This Row],[T01.2024]:[T12.2024]]) -> 222311651 | H18: =SUM(Data_PL6[[#This Row],[T01.2025]:[T12.2025]]) -> 42387675 | I18: =SUM(Data_PL6[[#This Row],[T01.2026]:[T12.2026]]) -> 22020396 | K18: 2500000 | L18: 800000 | U18: 382314178 | Z18: 46 | AE18: 2428 | AF18: 3077644948 | AG18: 3724188338 | AH18: 10 | AL18: 90501 | AO18: 1 | AP18: 1 | AU18: 4500000 | AW18: 81718690 | BD18: 136092961 | BF18: 36339675 | BI18: 6000000 | BQ18: 48000 | BR18: 0 | BT18: 450 | BU18: 22019946
A19: 16 | B19: 14.Lợi nhuận khác | C19: 8 | D19: =SUM(Data_PL6[[#This Row],[T1.2021]:[T12.2021]]) -> -385614178 | E19: =SUM(Data_PL6[[#This Row],[T1.2022]:[T12.2022]]) -> -620738447 | F19: =SUM(Data_PL6[[#This Row],[T1.2023]:[T12.2023]]) -> -81512 | G19: =SUM(Data_PL6[[#This Row],[T01.2024]:[T12.2024]]) -> -140072300 | H19: =SUM(Data_PL6[[#This Row],[T01.2025]:[T12.2025]]) -> 87340287 | I19: =SUM(Data_PL6[[#This Row],[T01.2026]:[T12.2026]]) -> 31543655 | J19: 0 | K19: -2500000 | L19: -800000 | M19: 0 | N19: 0 | O19: 0 | P19: 0 | Q19: 0 | R19: 0 | S19: 0 | T19: 0 | U19: -382314178 | V19: 500 | W19: 500 | X19: 0 | Y19: 8003 | Z19: 19954 | AA19: 310 | AB19: 0 | AC19: 0 | AD19: 0 | AE19: -2428 | AF19: -394244948 | AG19: -226520338 | AH19: 8990 | AI19: 0 | AJ19: 0 | AK19: 0 | AL19: -90501 | AM19: 0 | AN19: 0 | AO19: -1 | AP19: 0 | AQ19: 0 | AR19: 0 | AS19: 0 | AT19: 0 | AU19: -4500000 | AV19: 0 | AW19: -18690 | AX19: 0 | AY19: 0 | AZ19: 539351 | BA19: 0 | BB19: 0 | BC19: 0 | BD19: -136092961 | BE19: 0 | BF19: 40192691 | BG19: 300 | BH19: 13680000 | BI19: 60 | BJ19: 0 | BK19: 0 | BL19: 70515 | BM19: 0 | BN19: 0 | BO19: 0 | BP19: 0 | BQ19: 33396721 | BR19: 32987038 | BS19: =BS17-BS18 -> 2504914 | BT19: =BT17-BT18 -> 4888439 | BU19: =BU17-BU18 -> -8836736
A20: 17 | B20: 15.Tổng lợi nhuận kế toán trước thuế | C20: 8 | D20: =SUM(Data_PL6[[#This Row],[T1.2021]:[T12.2021]]) -> -2201148263 | E20: =SUM(Data_PL6[[#This Row],[T1.2022]:[T12.2022]]) -> -5502980581 | F20: =SUM(Data_PL6[[#This Row],[T1.2023]:[T12.2023]]) -> -4205584867 | G20: =SUM(Data_PL6[[#This Row],[T01.2024]:[T12.2024]]) -> -3153247279 | H20: =SUM(Data_PL6[[#This Row],[T01.2025]:[T12.2025]]) -> 3369747920 | I20: =SUM(Data_PL6[[#This Row],[T01.2026]:[T12.2026]]) -> 1618224247 | J20: -221834980 | K20: -163438870 | L20: -165187049 | M20: -165856504 | N20: -170192841 | O20: -146704776 | P20: -112893278 | Q20: -92359990 | R20: -144885177 | S20: -111895773 | T20: -166776764 | U20: -539122261 | V20: -346588117 | W20: -332548180 | X20: -301160879 | Y20: -331854278 | Z20: -328235889 | AA20: -374330593 | AB20: -378284669 | AC20: -298205950 | AD20: -422536009 | AE20: -354472293 | AF20: -861897292 | AG20: -1172866432 | AH20: -1051289386 | AI20: -533418086 | AJ20: -734458875 | AK20: 34062634 | AL20: -464624366 | AM20: -185159806 | AN20: -470228520 | AO20: -309976667 | AP20: -459963640 | AQ20: -105670098 | AR20: -438262026 | AS20: 513403969 | AT20: -189720453 | AU20: -175133271 | AV20: 50321786 | AW20: -141447382 | AX20: 2058676 | AY20: -195661702 | AZ20: -394602818 | BA20: -400967893 | BB20: -307075455 | BC20: -236792330 | BD20: -887402180 | BE20: -276824257 | BF20: -420514291 | BG20: -49880621 | BH20: 80525775 | BI20: 290833926 | BJ20: -34811546 | BK20: 618754242 | BL20: 969513402 | BM20: 1504531335 | BN20: -44927274 | BO20: 203950321 | BP20: 108418363 | BQ20: 143354288 | BR20: 431875647 | BS20: =BS16+BS19 -> -16596905 | BT20: =BT16+BT19 -> 714089038 | BU20: =BU16+BU19 -> 488856467
A21: 18 | B21: 16.Chi phí thuế TNDN hiện hành | C21: 8 | D21: =SUM(Data_PL6[[#This Row],[T1.2021]:[T12.2021]]) -> 0 | E21: =SUM(Data_PL6[[#This Row],[T1.2022]:[T12.2022]]) -> 0 | F21: =SUM(Data_PL6[[#This Row],[T1.2023]:[T12.2023]]) -> 0 | G21: =SUM(Data_PL6[[#This Row],[T01.2024]:[T12.2024]]) -> 0 | H21: =SUM(Data_PL6[[#This Row],[T01.2025]:[T12.2025]]) -> 0 | I21: =SUM(Data_PL6[[#This Row],[T01.2026]:[T12.2026]]) -> 0 | J21: 0 | K21: 0 | Q21: 0 | V21: 0 | W21: 0 | X21: 0 | Y21: 0 | Z21: 0 | AA21: 0 | AB21: 0 | AC21: 0 | AD21: 0 | AE21: 0 | AF21: 0 | AH21: 0 | AI21: 0 | AO21: 0 | AT21: 0 | AU21: 0 | BA21: 0 | BF21: 0 | BG21: 0 | BM21: 0
A22: 19 | B22: 17.Chi phí thuế TNDN hoãn lại | C22: 8 | D22: =SUM(Data_PL6[[#This Row],[T1.2021]:[T12.2021]]) -> 0 | E22: =SUM(Data_PL6[[#This Row],[T1.2022]:[T12.2022]]) -> 0 | F22: =SUM(Data_PL6[[#This Row],[T1.2023]:[T12.2023]]) -> 0 | G22: =SUM(Data_PL6[[#This Row],[T01.2024]:[T12.2024]]) -> 0 | H22: =SUM(Data_PL6[[#This Row],[T01.2025]:[T12.2025]]) -> 0 | I22: =SUM(Data_PL6[[#This Row],[T01.2026]:[T12.2026]]) -> 0 | J22: 0 | K22: 0 | Q22: 0 | V22: 0 | W22: 0 | X22: 0 | Y22: 0 | Z22: 0 | AA22: 0 | AB22: 0 | AC22: 0 | AD22: 0 | AE22: 0 | AF22: 0 | AG22: 0 | AH22: 0 | AI22: 0 | AO22: 0 | AT22: 0 | AU22: 0 | BA22: 0 | BF22: 0 | BG22: 0 | BM22: 0
A23: 20 | B23: 18.Lợi nhuận sau thuế thu nhập doanh nghiệp | C23: 8 | D23: =SUM(Data_PL6[[#This Row],[T1.2021]:[T12.2021]]) -> -2201148263 | E23: =SUM(Data_PL6[[#This Row],[T1.2022]:[T12.2022]]) -> -5502980581 | F23: =SUM(Data_PL6[[#This Row],[T1.2023]:[T12.2023]]) -> -4205584867 | G23: =SUM(Data_PL6[[#This Row],[T01.2024]:[T12.2024]]) -> -3153247279 | H23: =SUM(Data_PL6[[#This Row],[T01.2025]:[T12.2025]]) -> 3369747920 | I23: =SUM(Data_PL6[[#This Row],[T01.2026]:[T12.2026]]) -> 1618224247 | J23: -221834980 | K23: -163438870 | L23: -165187049 | M23: -165856504 | N23: -170192841 | O23: -146704776 | P23: -112893278 | Q23: -92359990 | R23: -144885177 | S23: -111895773 | T23: -166776764 | U23: -539122261 | V23: -346588117 | W23: -332548180 | X23: -301160879 | Y23: -331854278 | Z23: -328235889 | AA23: -374330593 | AB23: -378284669 | AC23: -298205950 | AD23: -422536009 | AE23: -354472293 | AF23: -861897292 | AG23: -1172866432 | AH23: -1051289386 | AI23: -533418086 | AJ23: -734458875 | AK23: 34062634 | AL23: -464624366 | AM23: -185159806 | AN23: -470228520 | AO23: -309976667 | AP23: -459963640 | AQ23: -105670098 | AR23: -438262026 | AS23: 513403969 | AT23: -189720453 | AU23: -175133271 | AV23: 50321786 | AW23: -141447382 | AX23: 2058676 | AY23: -195661702 | AZ23: -394602818 | BA23: -400967893 | BB23: -307075455 | BC23: -236792330 | BD23: -887402180 | BE23: -276824257 | BF23: -420514291 | BG23: -49880621 | BH23: 80525775 | BI23: 290833926 | BJ23: -34811546 | BK23: 618754242 | BL23: 969513402 | BM23: 1504531335 | BN23: -44927274 | BO23: 203950321 | BP23: 108418363 | BQ23: 143354288 | BR23: 431875647 | BS23: =SUM(BS20:BS22) -> -16596905 | BT23: =SUM(BT20:BT22) -> 714089038 | BU23: =SUM(BU20:BU22) -> 488856467
B24: % LNST | D24: =D23/D7 -> -1.4399409 | E24: =E23/E7 -> -0.36563718 | F24: =F23/F7 -> -0.094545739 | G24: =G23/G7 -> -0.049307667 | H24: =H23/H7 -> 0.035034134 | I24: =I23/I7 -> 0.056693625

Sheet PL DTRG_Q
B1: =[1]Overview!C2 -> VN | AO1: =R15+R24+R44 -> 1.7709579e+10 | AU1: =R15+R24+R44 -> 1.7709579e+10
B2: =IF(B1="EN", "FINANCIAL STATEMENT", "BÁO CÁO TÀI CHÍNH") -> BÁO CÁO TÀI CHÍNH | N2: 2023 | O2: 2024 | P2: 2025P | Q2: =[1]Assumption!L3 -> 2025E | R2: =[1]Assumption!M3 -> 2026P | S2: =R14+R16+R17 -> 7.7405598e+09 | T2: 1 | U2: 2 | V2: 3 | W2: 4 | X2: 5 | Y2: 6 | Z2: 7 | AA2: 8 | AB2: 9 | AC2: 10 | AD2: 11 | AE2: 12 | AG2: =[1]Assumption!N3 -> 2025 MTP | AH2: =[1]Assumption!O3 -> 2026 MTP | AI2: =[1]Assumption!P3 -> 2027 MTP | AJ2: =[1]Assumption!Q3 -> 2028 MTP | AK2: =[1]Assumption!R3 -> 2029 MTP
B4: =IF(B1="EN", "INCOME STATEMENT", "KẾT QUẢ KINH DOANH") -> KẾT QUẢ KINH DOANH | N4: =N2 -> 2023 | O4: =O2 -> 2024 | P4: =P2 -> 2025P | Q4: =Q2 -> 2025E | R4: =R2 -> 2026P | T4: =T2 -> 1 | U4: =U2 -> 2 | V4: =V2 -> 3 | W4: =W2 -> 4 | X4: =X2 -> 5 | Y4: =Y2 -> 6 | Z4: =Z2 -> 7 | AA4: =AA2 -> 8 | ... AE4: =AE2 -> 12 | AG4: =AG2 -> 2025 MTP | AH4: =AH2 -> 2026 MTP | AI4: =AI2 -> 2027 MTP | AJ4: =AJ2 -> 2028 MTP | AK4: =AK2 -> 2029 MTP
B5: =IF(B1="EN","SALES VOLUME (Ton)","SẢN LƯỢNG BÁN") -> SẢN LƯỢNG BÁN | N5: ='[1]Net Sales'!F7 -> 4773663.5 | O5: ='[1]Net Sales'!G7 -> 6939751 | P5: ='[1]Net Sales'!H7 -> 9455737.7 | Q5: ='[1]Net Sales'!I7 -> 9796523 | R5: ='[1]Net Sales'!J7 -> 11700786 | T5: ='[1]Net Sales'!L7 -> 760725 | U5: ='[1]Net Sales'!M7 -> 591675 | V5: ='[1]Net Sales'!N7 -> 845250 | W5: ='[1]Net Sales'!O7 -> 1055250 | X5: ='[1]Net Sales'!P7 -> 1055250 | Y5: ='[1]Net Sales'!Q7 -> 1055250 | Z5: ='[1]Net Sales'!R7 -> 1055250 | AA5: ='[1]Net Sales'!S7 -> 1055250 | ... AE5: ='[1]Net Sales'!W7 -> 1057212 | AG5: 10130120727661 | AH5: 110633901989403 | AI5: 121924262276516 | AJ5: 134115064616605 | AK5: 146577496827428
C6: =IF(B1="EN", "Sales Volume Growth (%)", "Tăng giảm Sản lượng bán (%)") -> Tăng giảm Sản lượng bán (%) | N6: =IFERROR(N5/M5-1,) -> 0 | O6: =IFERROR(O5/N5-1,) -> 0.45375789 | P6: =IFERROR(P5/O5-1,) -> 0.36254711 | Q6: =IFERROR(Q5/O5-1,) -> 0.41165339 | R6: =IFERROR(R5/Q5-1,) -> 0.19438152 | AG6: 1.080898e+12 | AH6: 9.2128169e+12 | AI6: 1.0205154e+12 | AJ6: 9.9986681e+12 | AK6: 9.2923433e+12
B7: =IF(B1="en","NET SALES","DOANH THU THUẦN") -> DOANH THU THUẦN | N7: ='[1]Net Sales'!F22 -> 68779491098 | O7: ='[1]Net Sales'!G22 -> 124696185425 | P7: ='[1]Net Sales'!H22 -> 191356244415 | Q7: ='[1]Net Sales'!I22 -> 173927684403 | R7: ='[1]Net Sales'!J22 -> 181115247500 | T7: ='[1]Net Sales'!L22 -> 11515218750 | U7: ='[1]Net Sales'!M22 -> 8956281250 | V7: ='[1]Net Sales'!N22 -> 12794687500 | W7: ='[1]Net Sales'!O22 -> 15974312500 | X7: ='[1]Net Sales'!P22 -> 15974312500 | Y7: ='[1]Net Sales'!Q22 -> 15974312500 | Z7: ='[1]Net Sales'!R22 -> 15974312500 | AA7: ='[1]Net Sales'!S22 -> 15974312500 | ... AE7: ='[1]Net Sales'!W22 -> 17334395000 | AG7: 619122724416282 | AH7: 679579279038665 | AI7: 755559957683902 | AJ7: 838783549542362 | AK7: 925768511365268
C8: =IF(B1="EN", "Net Sales Growth (%)", "Tăng giảm Doanh thu (%)") -> Tăng giảm Doanh thu (%) | N8: =IFERROR(N7/M7-1,) -> 0 | O8: =IFERROR(O7/N7-1,) -> 0.812985 | P8: =IFERROR(P7/O7-1,) -> 0.53457978 | Q8: =IFERROR(Q7/O7-1,) -> 0.39481159 | R8: =IFERROR(R7/Q7-1,) -> 0.041325009 | AG8: 1.0630756e+12 | AH8: 9.7648741e+12 | AI8: 1.1180547e+12 | AJ8: 1.1014823e+12 | AK8: 1.0370371e+12
C9: =IF(B1="EN", "Selling price per Ton (m VND/Ton)", "Giá bán / Tấn (Triệu đồng/Tấn)") -> Giá bán / Tấn (Triệu đồng/Tấn) | N9: =IFERROR(N7/N5,) -> 14408.115 | O9: =IFERROR(O7/O5,) -> 17968.395 | P9: =IFERROR(P7/P5,) -> 20237.051 | Q9: =IFERROR(Q7/Q5,) -> 17754.022 | R9: =IFERROR(R7/R5,) -> 15478.896 | T9: =T7/T5 -> 15137.164 | U9: =U7/U5 -> 15137.164 | V9: =V7/V5 -> 15137.164 | W9: =W7/W5 -> 15137.941 | X9: =X7/X5 -> 15137.941 | Y9: =Y7/Y5 -> 15137.941 | Z9: =Z7/Z5 -> 15137.941 | AA9: =AA7/AA5 -> 15137.941 | ... AE9: =AE7/AE5 -> 16396.328 | AG9: 611170134158151 | AH9: 614259523363606 | AI9: 619696148720872 | AJ9: 62542082944984 | AK9: 631589794752203
B10: =IF(B1="en","Direct Selling & Delivery expenses","Chi phí vận chuyển") -> Chi phí vận chuyển | N10: ='[1]Direct Selling'!G14 -> 1393501600 | O10: ='[1]Direct Selling'!H14 -> 1878089700 | P10: ='[1]Direct Selling'!I14 -> 2966087138 | Q10: ='[1]Direct Selling'!J14 -> 3127900000 | R10: ='[1]Direct Selling'!K14 -> 3.8936965e+09 | T10: ='[1]Direct Selling'!M14 -> 259100625 | U10: ='[1]Direct Selling'!N14 -> 2.0152271e+08 | V10: ='[1]Direct Selling'!O14 -> 2.8788958e+08 | W10: ='[1]Direct Selling'!P14 -> 359368750 | X10: ='[1]Direct Selling'!Q14 -> 359368750 | Y10: ='[1]Direct Selling'!R14 -> 359368750 | Z10: ='[1]Direct Selling'!S14 -> 359368750 | AA10: ='[1]Direct Selling'!T14 -> 359368750 | ... AE10: ='[1]Direct Selling'!X14 -> 3.2965703e+08 | AG10: 23786211649968 | AH10: 265853338544703 | AI10: 303991986747201 | AJ10: 346060429852807 | AK10: 391825860160892
C11: =IF(B1="EN", "Direct Selling on Net Sales (%)", "Chi phí vận chuyển / Doanh thu (%)") -> Chi phí vận chuyển / Doanh thu (%) | N11: =IFERROR(N10/N7,) -> 0.020260423 | O11: =IFERROR(O10/O7,) -> 0.015061324 | P11: =IFERROR(P10/P7,) -> 0.015500342 | Q11: =IFERROR(Q10/Q7,) -> 0.017983911 | R11: =IFERROR(R10/R7,) -> 0.021498447 | AG11: 3.8419219e+12 | AH11: 3.9120283e+12 | AI11: 4.0233999e+12 | AJ11: 4.1257417e+12 | AK11: 4.2324388e+12
B12: =IF(B1="EN","Variable Cost of Goods Sold","Biến phí hàng bán") -> Biến phí hàng bán | N12: =SUM(N13:N18) -> 69905016264 | O12: =SUM(O13:O18) -> 1.1170731e+11 | P12: =SUM(P13:P18) -> 1.6878322e+11 | Q12: =SUM(Q13:Q18) -> 1.5409642e+11 | R12: =SUM(R13:R18) -> 1.5713797e+11 | T12: =SUM(T13:T18) -> 1.0123301e+10 | U12: =SUM(U13:U18) -> 7.8558393e+09 | V12: =SUM(V13:V18) -> 1.1256891e+10 | W12: =SUM(W13:W18) -> 1.3866114e+10 | X12: =SUM(X13:X18) -> 1.3877064e+10 | Y12: =SUM(Y13:Y18) -> 1.3882163e+10 | Z12: =SUM(Z13:Z18) -> 1.3907073e+10 | AA12: =SUM(AA13:AA18) -> 1.3907188e+10 | ... AE12: =SUM(AE13:AE18) -> 1.4866419e+10 | AG12: 339227810146679 | AH12: 37061411990251 | AI12: 409113322448425 | AJ12: 450948163056241 | AK12: 493829450753841
C13: =IF(B1="EN", "Resin cost", "Chi phí nguyên vật liệu chính") -> Chi phí nguyên vật liệu chính | N13: 61397416940 | O13: =103487206845+1111644049 -> 104598850894 | P13: 156874560000 | Q13: 1.4456918e+11 | R13: =SUM(T13:AE13) -> 140000000000 | T13: =[1]VCOGs!D$3+[1]VCOGs!D$4 -> 9000000000 | U13: =[1]VCOGs!E$3+[1]VCOGs!E$4 -> 7000000000 | V13: =[1]VCOGs!F$3+[1]VCOGs!F$4 -> 10000000000 | W13: =[1]VCOGs!G$3+[1]VCOGs!G$4 -> 12500000000 | X13: =[1]VCOGs!H$3+[1]VCOGs!H$4 -> 12500000000 | Y13: =[1]VCOGs!I$3+[1]VCOGs!I$4 -> 12500000000 | Z13: =[1]VCOGs!J$3+[1]VCOGs!J$4 -> 12500000000 | AA13: =[1]VCOGs!K$3+[1]VCOGs!K$4 -> 12500000000 | ... AE13: =[1]VCOGs!O$3+[1]VCOGs!O$4 -> 13000000000 | AG13: 266353933093539 | AH13: 290247645419028 | AI13: 319661230473187 | AJ13: 351550385941357 | AK13: 384067702886992
C14: =IF(B1="EN", "Sub-material cost", "Chi phí vật liệu phục vụ sản xuất") -> Chi phí vật liệu phục vụ sản xuất | O14: =165373771+85000000+146664754 -> 397038525 | P14: 1.0640573e+09 | Q14: 1653967539 | R14: =SUM(T14:AE14) -> 4.7720211e+09 | T14: =[1]VCOGs!D$6 -> 2.6470306e+08 | U14: =[1]VCOGs!E$6 -> 2.0588016e+08 | V14: =[1]VCOGs!F$6 -> 2.9411451e+08 | W14: =[1]VCOGs!G$6 -> 3.6766419e+08 | X14: =[1]VCOGs!H$6 -> 3.6766419e+08 | Y14: =[1]VCOGs!I$6 -> 3.6766419e+08 | Z14: =[1]VCOGs!J$6 -> 3.6766419e+08 | AA14: =[1]VCOGs!K$6 -> 3.6766419e+08 | ... AE14: =[1]VCOGs!O$6 -> 6.0044608e+08 | AG14: 396087720451544 | AH14: 432578556778565 | AI14: 476723865501176 | AJ14: 524389902650926 | AK14: 573118012595242
C15: =IF(B1="EN", "Salary and Wages - Direct", "Chi phí lương nhân công trực tiếp") -> Chi phí lương nhân công trực tiếp | N15: 7382446484 | O15: 4.5225575e+09 | P15: 7394791429 | Q15: 6160821039 | R15: =SUM(T15:AE15) -> 9.3974111e+09 | T15: =[1]VCOGs!D$5 -> 6.995961e+08 | U15: =[1]VCOGs!E$5 -> 5.2697176e+08 | V15: =[1]VCOGs!F$5 -> 7.902456e+08 | W15: =[1]VCOGs!G$5 -> 7.8297773e+08 | X15: =[1]VCOGs!H$5 -> 7.9522688e+08 | Y15: =[1]VCOGs!I$5 -> 8.0066773e+08 | Z15: =[1]VCOGs!J$5 -> 826201238 | AA15: =[1]VCOGs!K$5 -> 826201238 | ... AE15: =[1]VCOGs!O$5 -> 8.5609124e+08 | AG15: 237719532132491 | AH15: 267408803209148 | AI15: 303539232417778 | AJ15: 343905786260747 | AK15: 387138573297732
C16: =IF(B1="EN", "Electricity cost", "Chi phí điện") -> Chi phí điện | N16: 1125152840 | O16: 1986676827 | P16: 2.9619692e+09 | Q16: 1409501660 | R16: =SUM(T16:AE16) -> 2.3187478e+09 | T16: =[1]VCOGs!D$7 -> 1.1567843e+08 | U16: =[1]VCOGs!E$7 -> 89972114 | V16: =[1]VCOGs!F$7 -> 1.2853159e+08 | W16: =[1]VCOGs!G$7 -> 1.6071292e+08 | X16: =[1]VCOGs!H$7 -> 1.6071292e+08 | Y16: =[1]VCOGs!I$7 -> 1.6071292e+08 | Z16: =[1]VCOGs!J$7 -> 1.6071292e+08 | AA16: =[1]VCOGs!K$7 -> 1.6071292e+08 | ... AE16: =[1]VCOGs!O$7 -> 3.4009604e+08 | AG16: 949315179473609 | AH16: 103677384847106 | AI16: 114257821833425 | AJ16: 125682082237163 | AK16: 137360892775511
C17: =IF(B1="EN", "Other", "Khác") -> Khác | O17: 202188559 | P17: 487842000 | Q17: 302953472 | R17: =SUM(T17:AE17) -> 6.4979094e+08 | T17: =[1]VCOGs!D$8+[1]VCOGs!D$9 -> 43323864 | U17: =[1]VCOGs!E$8+[1]VCOGs!E$9 -> 33015227 | V17: =[1]VCOGs!F$8+[1]VCOGs!F$9 -> 43999682 | W17: =[1]VCOGs!G$8+[1]VCOGs!G$9 -> 54759568 | X17: =[1]VCOGs!H$8+[1]VCOGs!H$9 -> 53459568 | Y17: =[1]VCOGs!I$8+[1]VCOGs!I$9 -> 53117901 | Z17: =[1]VCOGs!J$8+[1]VCOGs!J$9 -> 52494568 | AA17: =[1]VCOGs!K$8+[1]VCOGs!K$9 -> 52609568 | ... AE17: =[1]VCOGs!O$8+[1]VCOGs!O$9 -> 69785476
C18: =IF(B1="EN", "Adjusting VCOGs by FOH for consolidating", "Điều chỉnh lãi chưa thực hiện HTK khi Hợp nhất") -> Điều chỉnh lãi chưa thực hiện HTK khi Hợp nhất
C19: =IF(B1="EN", "Variable COGs on Net Sales (%)", "Biến phí hàng bán / Doanh thu (%)") -> Biến phí hàng bán / Doanh thu (%) | N19: =IFERROR(N12/N7,) -> 1.0163643 | O19: =IFERROR(O12/O7,) -> 0.89583584 | P19: =IFERROR(P12/P7,) -> 0.88203665 | Q19: =IFERROR(Q12/Q7,) -> 0.88597985 | R19: =IFERROR(R12/R7,) -> 0.86761315 | AG19: 5.4791691e+12 | AH19: 5.4535818e+12 | AI19: 5.4147036e+12 | AJ19: 5.3762161e+12 | AK19: 5.3342649e+12
B20: =IF(B1="EN","NET CONTRIBUTION","LÃI BIẾN PHÍ") -> LÃI BIẾN PHÍ | N20: =N7-N10-N12 -> -2519026766 | O20: =O7-O10-O12 -> 1.1110783e+10 | P20: =P7-P10-P12 -> 1.9606937e+10 | Q20: =Q7-Q10-Q12 -> 1.6703361e+10 | R20: =R7-R10-R12 -> 2.008358e+10 | T20: =T7-T10-T12 -> 1.1328167e+09 | U20: =U7-U10-U12 -> 8.9891929e+08 | V20: =V7-V10-V12 -> 1.2499065e+09 | W20: =W7-W10-W12 -> 1.7488293e+09 | X20: =X7-X10-X12 -> 1.7378802e+09 | Y20: =Y7-Y10-Y12 -> 1.732781e+09 | Z20: =Z7-Z10-Z12 -> 1.7078708e+09 | AA20: =AA7-AA10-AA12 -> 1.7077558e+09 | ... AE20: =AE7-AE10-AE12 -> 2.1383191e+09 | AG20: =AG7-AG10-AG12 -> 256108702619635 | AH20: =AH7-AH10-AH12 -> 376664528503711 | AI20: =AI7-AI10-AI12 -> 42454648488276 | AJ20: =AJ7-AJ10-AJ12 -> 41774956633314 | AK20: =AK7-AK10-AK12 -> 40113200450535
C21: =IF(B1="EN", "NET CONTRIBUTION Margin (%)", "Tỷ lệ Lãi biến phí (%)") -> Tỷ lệ Lãi biến phí (%) | N21: =IFERROR(N20/N7,) -> -0.036624679 | O21: =IFERROR(O20/O7,) -> 0.089102833 | P21: =IFERROR(P20/P7,) -> 0.10246301 | Q21: =IFERROR(Q20/Q7,) -> 0.09603624 | R21: =IFERROR(R20/R7,) -> 0.1108884 | T21: =IFERROR(T20/T7,) -> 0.09837561 | U21: =IFERROR(U20/U7,) -> 0.10036747 | V21: =IFERROR(V20/V7,) -> 0.097689493 | W21: =IFERROR(W20/W7,) -> 0.1094776 | X21: =IFERROR(X20/X7,) -> 0.10879217 | Y21: =IFERROR(Y20/Y7,) -> 0.10847296 | Z21: =IFERROR(Z20/Z7,) -> 0.10691357 | AA21: =IFERROR(AA20/AA7,) -> 0.10690637 | ... AE21: =IFERROR(AE20/AE7,) -> 0.12335701 | AG21: 4.1366387e+12 | AH21: 4.1552154e+12 | AI21: 4.1829564e+12 | AJ21: 4.2112097e+12 | AK21: 4.2424912e+12
C22: =IF(B1="EN", "Net Contribution per Ton (m VND/Ton)", "Lãi biến phí / Tấn (Triệu đồng/Tấn)") -> Lãi biến phí / Tấn (Triệu đồng/Tấn) | N22: =IFERROR(N20/N5,) -> -527.69257 | O22: =IFERROR(O20/O5,) -> 1601.0349 | P22: =IFERROR(P20/P5,) -> 2073.5492 | Q22: =IFERROR(Q20/Q5,) -> 1705.0295 | R22: =IFERROR(R20/R5,) -> 1716.43 | T22: =IFERROR(T20/T5,) -> 1489.1277 | U22: =IFERROR(U20/U5,) -> 1519.2788 | V22: =IFERROR(V20/V5,) -> 1478.7418 | W22: =IFERROR(W20/W5,) -> 1657.2654 | X22: =IFERROR(X20/X5,) -> 1646.8895 | Y22: =IFERROR(Y20/Y5,) -> 1642.0573 | Z22: =IFERROR(Z20/Z5,) -> 1618.4514 | AA22: =IFERROR(AA20/AA5,) -> 1618.3424 | ... AE22: =IFERROR(AE20/AE5,) -> 2022.602 | AG22: 252819003351375 | AH22: 255238060128018 | AI22: 25921619754728 | AJ22: 263377827472713 | AK22: 267951413481803
B23: =IF(B1="en","FACTORY OVERHEAD EXPENSES (FOH)","CHI PHÍ SẢN XUẤT") -> CHI PHÍ SẢN XUẤT | N23: =N24+N26 -> 9826854913 | O23: =O24+O26 -> 12518909177 | P23: =P24+P26 -> 1.4649354e+10 | Q23: =Q24+Q26 -> 12368954972 | R23: =R24+R26 -> 1.2401078e+10 | T23: =T24+T26 -> 9.8327029e+08 | U23: =U24+U26 -> 9.7009247e+08 | V23: =V24+V26 -> 9.4610202e+08 | W23: =W24+W26 -> 9.8519882e+08 | X23: =X24+X26 -> 9.9516998e+08 | Y23: =Y24+Y26 -> 1.0293843e+09 | Z23: =Z24+Z26 -> 1.031294e+09 | AA23: =AA24+AA26 -> 1.0384301e+09 | ... AE23: =AE24+AE26 -> 1.1269111e+09 | AG23: 691882003128585 | AH23: 732955110277672 | AI23: 78352168015947 | AJ23: 836007510211843 | AK23: 886281432069577
D24: =IF(B1="en","Salary & Welfare Expenses (FOH)","Chi phí lương sản xuất") -> Chi phí lương sản xuất | N24: 3728381096 | O24: =[1]FOH!H38+[1]FOH!H39+[1]FOH!H40+[1]FOH!H44+[1]FOH!H45 -> 3602410139 | P24: =[1]FOH!I38+[1]FOH!I39+[1]FOH!I40+[1]FOH!I44+[1]FOH!I45 -> 4076992548 | Q24: =[1]FOH!J38+[1]FOH!J39+[1]FOH!J40+[1]FOH!J44+[1]FOH!J45 -> 4060372946 | R24: =[1]FOH!K38+[1]FOH!K39+[1]FOH!K40+[1]FOH!K44+[1]FOH!K45-AM24 -> 3568623100 | T24: =[1]FOH!T46 -> 2.9691432e+08 | U24: =[1]FOH!U46 -> 2.9460366e+08 | V24: =[1]FOH!V46 -> 2.8225475e+08 | W24: =[1]FOH!W46 -> 3.0506017e+08 | X24: =[1]FOH!X46 -> 2.8977549e+08 | Y24: =[1]FOH!Y46 -> 3.0532267e+08 | Z24: =[1]FOH!Z46 -> 2.9807777e+08 | AA24: =[1]FOH!AA46 -> 2.9807777e+08 | ... AE24: =[1]FOH!AE46 -> 2.9807777e+08 | AG24: 629714478511346 | AH24: 684173333613842 | AI24: 769503076782236 | AJ24: 820815919116905 | AK24: 917070975061887
E25: =IF(B1="EN", "Growth (%)", "Tăng trưởng (%)") -> Tăng trưởng (%) | N25: =IFERROR(N24/M24-1,) -> 0 | O25: =IFERROR(O24/N24-1,) -> -0.033787039 | P25: =IFERROR(P24/O24-1,) -> 0.13174025 | Q25: =IFERROR(Q24/O24-1,) -> 0.12712678 | R25: =IFERROR(R24/Q24-1,) -> -0.12110953 | AG25: 1.3315429e+12 | AH25: 8.6481821e+12 | AI25: 1.2471948e+12 | AJ25: 6.6683089e+10 | AK25: 1.1726753e+12
D26: =IF(B1="EN","Operating Expenses (FOH)","Chi phí hoạt động sản xuất") -> Chi phí hoạt động sản xuất | N26: 6098473817 | O26: =[1]FOH!H37 -> 8916499038 | P26: =[1]FOH!I37 -> 1.0572362e+10 | Q26: =[1]FOH!J37 -> 8308582026 | R26: =[1]FOH!K37-AM26 -> 8.8324548e+09 | T26: =[1]FOH!T37 -> 6.8635597e+08 | U26: =[1]FOH!U37 -> 6.7548881e+08 | V26: =[1]FOH!V37 -> 6.6384727e+08 | W26: =[1]FOH!W37 -> 6.8013866e+08 | X26: =[1]FOH!X37 -> 7.0539449e+08 | Y26: =[1]FOH!Y37 -> 7.2406162e+08 | Z26: =[1]FOH!Z37 -> 7.3321627e+08 | AA26: =[1]FOH!AA37 -> 7.4035229e+08 | ... AE26: =[1]FOH!AE37 -> 8.2883332e+08 | AG26: 974947260130163 | AH26: 10647673657783 | AI26: 117342851724658 | AJ26: 129075574028554 | AK26: 141069719473753
E27: =IF(B1="EN", "Growth (%)", "Tăng trưởng (%)") -> Tăng trưởng (%) | N27: =IFERROR(N26/M26-1,) -> 0 | O27: =IFERROR(O26/N26-1,) -> 0.46208696 | P27: =IFERROR(P26/O26-1,) -> 0.18570771 | Q27: =IFERROR(Q26/O26-1,) -> -0.068178891 | R27: =IFERROR(R26/Q26-1,) -> 0.063052009 | AG27: 1.080898e+12 | AH27: 9.2128169e+12 | AI27: 1.0205154e+12 | AJ27: 9.9986681e+12 | AK27: 9.2923433e+11
C28: =IF(B1="EN", "FOH Expenses on Net Sales (%)", "Chi phí Sản xuất / Doanh thu (%)") -> Chi phí Sản xuất / Doanh thu (%) | N28: =IFERROR(N23/N7,) -> 0.14287478 | O28: =IFERROR(O23/O7,) -> 0.10039529 | P28: =IFERROR(P23/P7,) -> 0.076555402 | Q28: =IFERROR(Q23/Q7,) -> 0.071115504 | R28: =IFERROR(R23/R7,) -> 0.068470646 | T28: =T23/T7 -> 0.085388764 | U28: =U23/U7 -> 0.1083142 | V28: =V23/V7 -> 0.07394491 | W28: =W23/W7 -> 0.061673942 | X28: =X23/X7 -> 0.062298142 | Y28: =Y23/Y7 -> 0.064439974 | Z28: =Z23/Z7 -> 0.064559525 | AA28: =AA23/AA7 -> 0.065006244 | ... AE28: =AE23/AE7 -> 0.065010119 | AG28: =AG23/AG7 -> 1.11752 | AH28: =AH23/AH7 -> 1.0785425 | AI28: =AI23/AI7 -> 0.10370079 | AJ28: =AJ23/AJ7 -> 0.9966904 | AK28: =AK23/AK7 -> 0.9573467
C29: =IF(B1="EN", "FOH Expenses per Ton (m VND/Ton)", "Chi phí Sản xuất / Tấn (Triệu đồng/Tấn)") -> Chi phí Sản xuất / Tấn (Triệu đồng/Tấn) | N29: =IFERROR(N23/N5,) -> 2058.5563 | O29: =IFERROR(O23/O5,) -> 1803.9421 | P29: =IFERROR(P23/P5,) -> 1549.2556 | Q29: =IFERROR(Q23/Q5,) -> 1262.5862 | R29: =IFERROR(R23/R5,) -> 1059.85 | T29: =T23/T5 -> 1292.5437 | U29: =U23/U5 -> 1639.5698 | V29: =V23/V5 -> 1119.3162 | W29: =W23/W5 -> 933.61651 | X29: =X23/X5 -> 943.06561 | Y29: =Y23/Y5 -> 975.48854 | Z29: =Z23/Z5 -> 977.2983 | AA29: =AA23/AA5 -> 984.0607 | ... AE29: =AE23/AE5 -> 1065.9273 | AG29: =AG23/AG5 -> 68.299482 | AH29: =AH23/AH5 -> 6.6250498 | AI29: =AI23/AI5 -> 0.64262983 | AJ29: =AJ23/AJ5 -> 6.2335094 | AK29: =AK23/AK5 -> 6.0465041
D30: =IF(B1="EN", "Depreciation & Amortization (FOH)", "Chi phí Khấu hao (Sản xuất)") -> Chi phí Khấu hao (Sản xuất) | N30: =[1]Depreciation!H37 -> 3656836640 | O30: =[1]Depreciation!I37 -> 6479181081 | P30: =-[1]Depreciation!J37 -> 7.655288e+09 | Q30: =-[1]Depreciation!K37 -> 7.1497471e+09 | R30: =-[1]Depreciation!L37 -> 4.5562623e+09 | T30: =-[1]Depreciation!N37 -> 3.7748461e+08 | U30: =-[1]Depreciation!O37 -> 3.7748461e+08 | V30: =-[1]Depreciation!P37 -> 3.7492098e+08 | W30: =-[1]Depreciation!Q37 -> 3.7492098e+08 | X30: =-[1]Depreciation!R37 -> 3.7492098e+08 | Y30: =-[1]Depreciation!S37 -> 3.7492098e+08 | Z30: =-[1]Depreciation!T37 -> 3.7492098e+08 | AA30: =-[1]Depreciation!U37 -> 3.7492098e+08 | ... AE30: =-[1]Depreciation!Y37 -> 3.9228209e+08 | AG30: 16411693990044 | AH30: 193435219254773 | AI30: 240134784320806 | AJ30: 299516409388806 | AK30: 352427285911839
C31: =IF(B1="EN", "% Depreciation on Net Sales", "% Chi phí Khấu hao / Doanh thu") -> % Chi phí Khấu hao / Doanh thu | N31: =IFERROR(N30/N7,) -> 0.053167544 | O31: =IFERROR(O30/O7,) -> 0.051959738 | P31: =IFERROR(P30/P7,) -> 0.040005426 | Q31: =IFERROR(Q30/Q7,) -> 0.041107585 | R31: =IFERROR(R30/R7,) -> 0.025156702 | T31: =T30/T7 -> 0.032781367 | U31: =U30/U7 -> 0.042147472 | V31: =V30/V7 -> 0.029302863 | W31: =W30/W7 -> 0.023470242 | X31: =X30/X7 -> 0.023470242 | Y31: =Y30/Y7 -> 0.023470242 | Z31: =Z30/Z7 -> 0.023470242 | AA31: =AA30/AA7 -> 0.023470242 | ... AE31: =AE30/AE7 -> 0.022630273 | AG31: =AG30/AG7 -> 0.026507982 | AH31: =AH30/AH7 -> 0.28463967 | AI31: =AI30/AI7 -> 0.3178236 | AJ31: =AJ30/AJ7 -> 0.35708427 | AK31: =AK30/AK7 -> 0.38068619
B32: =IF(B1="EN", "COST OF GOODS SOLD", "GIÁ VỐN HÀNG BÁN") -> GIÁ VỐN HÀNG BÁN | N32: =N10+N12+N23+N30 -> 84782209417 | O32: =O10+O12+O23+O30 -> 1.3258349e+11 | P32: =P10+P12+P23+P30 -> 1.9405395e+11 | Q32: =Q10+Q12+Q23+Q30 -> 1.7674303e+11 | R32: =R10+R12+R23+R30 -> 1.7798901e+11 | T32: =T10+T12+T23+T30 -> 1.1743157e+10 | U32: =U10+U12+U23+U30 -> 9.404939e+09 | V32: =V10+V12+V23+V30 -> 1.2865804e+10 | W32: =W10+W12+W23+W30 -> 1.5585603e+10 | X32: =X10+X12+X23+X30 -> 1.5606523e+10 | Y32: =Y10+Y12+Y23+Y30 -> 1.5645837e+10 | Z32: =Z10+Z12+Z23+Z30 -> 1.5672657e+10 | AA32: =AA10+AA12+AA23+AA30 -> 1.5679908e+10 | ... AE32: =AE10+AE12+AE23+AE30 -> 1.6715269e+10 | AG32: =AG10+AG12+AG23+AG30 -> 1.0713077e+15 | AH32: =AH10+AH12+AH23+AH30 -> 1.2293051e+15 | AI32: =AI10+AI12+AI23+AI30 -> 1.0315923e+15 | AJ32: =AJ10+AJ12+AJ23+AJ30 -> 1.9325325e+15 | AK32: =AK10+AK12+AK23+AK30 -> 2.124364e+15
C33: =IF(B1="EN", "% COGs on Net Sales", "% Giá vốn hàng bán / Doanh thu") -> % Giá vốn hàng bán / Doanh thu | N33: =IFERROR(N32/N7,) -> 1.232667 | O33: =IFERROR(O32/O7,) -> 1.0632522 | P33: =IFERROR(P32/P7,) -> 1.0140978 | Q33: =IFERROR(Q32/Q7,) -> 1.0161868 | R33: =IFERROR(R32/R7,) -> 0.98273895 | T33: =T32/T7 -> 1.0197945 | U33: =U32/U7 -> 1.0500942 | V33: =V32/V7 -> 1.0055583 | W33: =W32/W7 -> 0.97566659 | X33: =X32/X7 -> 0.97697621 | Y33: =Y32/Y7 -> 0.97943725 | Z33: =Z32/Z7 -> 0.98111619 | AA33: =AA32/AA7 -> 0.98157011 | ... AE33: =AE32/AE7 -> 0.96428338 | AG33: =AG32/AG7 -> 1.7303641 | AH33: =AH32/AH7 -> 1.8089208 | AI33: =AI32/AI7 -> 1.3653347 | AJ33: =AJ32/AJ7 -> 2.3039705 | AK33: =AK32/AK7 -> 2.2947033
B34: =IF(B1="EN", "GROSS PROFIT", "LÃI GỘP") -> LÃI GỘP | N34: =N7-N32 -> -16002718319 | O34: =O7-O32 -> -7.8873069e+09 | P34: =P7-P32 -> -2.6977049e+09 | Q34: =Q7-Q32 -> -2.8153412e+09 | R34: =R7-R32 -> 3.1262398e+09 | T34: =T7-T32 -> -2.2793823e+08 | U34: =U7-U32 -> -4.486578e+08 | V34: =V7-V32 -> -71116452 | W34: =W7-W32 -> 3.8870955e+08 | X34: =X7-X32 -> 3.6778923e+08 | Y34: =Y7-Y32 -> 3.2847575e+08 | Z34: =Z7-Z32 -> 3.0165582e+08 | AA34: =AA7-AA32 -> 2.944048e+08 | ... AE34: =AE7-AE32 -> 6.1912596e+08 | AG34: =AG7-AG32 -> -452184994498994 | AH34: =AH7-AH32 -> -549725801028734 | AI34: =AI7-AI32 -> -276032303848477 | AJ34: =AJ7-AJ32 -> -1.093749e+15 | AK34: =AK7-AK32 -> -1.1985955e+15
