Workbook

Sheet Thong tin
A1: CÔNG TY CP NHỰA TÁI CHẾ DUY TÂN
A2: Địa chỉ: | B2: Lô D2, Cụm Công nghiệp Nhựa Đức Hoà Hạ, Xã Đức Hoà, Tỉnh Tây Ninh
A3: Mã số thuế: | B3: 1100676611
A4: Deadline ngày 5 tây hàng tháng
B6: Năm tài chính hiện tại | C6: 2026
B7: Năm trước | C7: =C6-1 -> 2025
B9: Tháng báo cáo hiện tại | C9: 1
B12: NGƯỜI LẬP BIỂU
B13: Hoàng Duy Danh
B15: KẾ TOÁN TRƯỞNG
B16: Giang Văn Lộc
B18: TỔNG GIÁM ĐỐC
B19: Trần Duy Hy

Sheet BIA
B29: THÁNG 01 NĂM 2026
B50: Thành phố Hồ Chí Minh, Ngày 31 tháng 01 năm 2026

Sheet Index
A1: ='Thong tin'!A1 -> CÔNG TY CP NHỰA TÁI CHẾ DUY TÂN | I1: BÁO CÁO TÀI CHÍNH
A2: ='Thong tin'!A2 -> Địa chỉ:
A10: ="BÁO CÁO TÀI CHÍNH THÁNG "&'Thong tin'!C9&" NĂM 2026" -> BÁO CÁO TÀI CHÍNH THÁNG 1 NĂM 2026 | I10: Trang
A12: BÁO CÁO CỦA BAN GIÁM ĐỐC | I12: 2 - 3
A13: BÁO CÁO KIỂM TOÁN | I13: 4 - 4
A14: - Bảng cân đối kế toán | I14: 1 - 4
A15: - Báo cáo kết quả hoạt động kinh doanh | I15: 5
A16: - Báo cáo lưu chuyển tiền tệ | I16: 6 - 7
A17: - Bản thuyết minh báo cáo tài chính | I17: 11 - 31
A30: (Báo cáo tài chính được lập và trình bày theo Quyết định số 15/2006/QĐ-BTC ngày 20/03/2006
A31: của Bộ trưởng Bộ Tài Chính)

Sheet THTC in
A1: ='Thong tin'!$A$1 -> CÔNG TY CP NHỰA TÁI CHẾ DUY TÂN
A2: ='Thong tin'!B2 -> Lô D2, Cụm Công nghiệp Nhựa Đức Hoà Hạ, Xã Đức Hoà, Tỉnh Tây Ninh
A4: BÁO CÁO TÌNH HÌNH TÀI CHÍNH HỢP NHẤT
A5: ="Năm " & 'Thong tin'!$C$6 -> Năm 2026
C6: ='KQKD in'!G6 -> ĐVT: VNĐ
A7: TÀI SẢN | B7: ="Số cuối tháng"&" "&$D$7 -> Số cuối tháng 1 | C7: ="Số dư đầu năm " & 'Thong tin'!$C$6 -> Số dư đầu năm 2026 | D7: ='Thong tin'!C9 -> 1
A8: A . TÀI SẢN NGẮN HẠN | B8: =B10+B14+B22+B31+B40 -> 1.0523724e+12 | C8: =C10+C14+C22+C31+C40 -> 1006445367388
A10: I. Tiền và các khoản tương đương tiền | B10: =SUM(B11:B12) -> 160064376330 | C10: =SUM(C11:C12) -> 63726156404
A11: 1. Tiền | B11: =OFFSET('Tinh hinh tai chinh'!$BL6,0,'THTC in'!$D$7 - 1) -> 50364376330 | C11: ='Tinh hinh tai chinh'!BK6 -> 48026156404
A12: 2. Các khoản tương đương tiền | B12: =OFFSET('Tinh hinh tai chinh'!$BL7,0,'THTC in'!$D$7 - 1) -> 109700000000 | C12: ='Tinh hinh tai chinh'!BK7 -> 15700000000
A14: II. Các khoản đầu tư tài chính ngắn hạn | B14: =SUM(B15:B20) -> 38542000000 | C14: =SUM(C15:C20) -> 38542000000
A15: 1.Chứng khoán kinh doanh | B15: =OFFSET('Tinh hinh tai chinh'!$BL9,0,'THTC in'!$D$7 - 1) -> 0 | C15: ='Tinh hinh tai chinh'!BK9 -> 0
A16: 2.Dự phòng giảm giá chứng khoán kinh doanh (*) | B16: =OFFSET('Tinh hinh tai chinh'!$BL10,0,'THTC in'!$D$7 - 1) -> 0 | C16: ='Tinh hinh tai chinh'!BK10 -> 0
A17: 3.Đầu tư nắm giữ đến ngày đáo hạn ngắn hạn | B17: =OFFSET('Tinh hinh tai chinh'!$BL11,0,'THTC in'!$D$7 - 1) -> 38542000000 | C17: ='Tinh hinh tai chinh'!BK11 -> 38542000000
A18: 4.Dự phòng đầu tư nắm giữ đến ngày đáo hạn ngắn hạn (*) | B18: =OFFSET('Tinh hinh tai chinh'!$BL12,0,'THTC in'!$D$7 - 1) -> 0 | C18: ='Tinh hinh tai chinh'!BK12 -> 0
A19: 5.Đầu tư ngắn hạn khác | B19: =OFFSET('Tinh hinh tai chinh'!$BL13,0,'THTC in'!$D$7 - 1) -> 0 | C19: ='Tinh hinh tai chinh'!BK13 -> 0
A20: 6.Dự phòng tổn thất các khoản đầu tư ngắn hạn khác (*) | B20: =OFFSET('Tinh hinh tai chinh'!$BL14,0,'THTC in'!$D$7 - 1) -> 0 | C20: ='Tinh hinh tai chinh'!BK14 -> 0
A22: III. Các khoản phải thu ngắn hạn | B22: =SUM(B23:B29) -> 279961205359 | C22: =SUM(C23:C29) -> 310459942750
A23: 1.Phải thu ngắn hạn của khách hàng | B23: =OFFSET('Tinh hinh tai chinh'!$BL16,0,'THTC in'!$D$7 - 1) -> 132729767167 | C23: ='Tinh hinh tai chinh'!BK16 -> 154220517132
A24: 2.Trả trước cho người bán ngắn hạn | B24: =OFFSET('Tinh hinh tai chinh'!$BL17,0,'THTC in'!$D$7 - 1) -> 68216577270 | C24: ='Tinh hinh tai chinh'!BK17 -> 60848470883
A25: 3.Phải thu nội bộ ngắn hạn | B25: =OFFSET('Tinh hinh tai chinh'!$BL18,0,'THTC in'!$D$7 - 1) -> 0 | C25: ='Tinh hinh tai chinh'!BK18 -> 0
A26: 4.Phải thu theo tiến độ hợp đồng xây dựng | B26: =OFFSET('Tinh hinh tai chinh'!$BL19,0,'THTC in'!$D$7 - 1) -> 0 | C26: ='Tinh hinh tai chinh'!BK19 -> 0
A27: 5.Phải thu ngắn hạn khác | B27: =OFFSET('Tinh hinh tai chinh'!$BL20,0,'THTC in'!$D$7 - 1) -> 78504042664 | C27: ='Tinh hinh tai chinh'!BK20 -> 96000050435
A28: 6.Dự phòng phải thu ngắn hạn khó đòi (*) | B28: =OFFSET('Tinh hinh tai chinh'!$BL21,0,'THTC in'!$D$7 - 1) -> -609095700 | C28: ='Tinh hinh tai chinh'!BK21 -> -609095700
A29: 7.Tài sản thiếu chờ xử lý | B29: =OFFSET('Tinh hinh tai chinh'!$BL22,0,'THTC in'!$D$7 - 1) -> 1119913958 | C29: ='Tinh hinh tai chinh'!BK22 -> 0
A31: IV. Hàng tồn kho | B31: =SUM(B32:B33) -> 5.489099e+11 | C31: =SUM(C32:C33) -> 570584514136
A32: 1. Hàng tồn kho | B32: =OFFSET('Tinh hinh tai chinh'!$BL24,0,'THTC in'!$D$7 - 1) -> 5.489099e+11 | C32: ='Tinh hinh tai chinh'!BK24 -> 570584514136
A33: 2. Dự phòng giảm giá hàng tồn kho (*) | B33: =OFFSET('Tinh hinh tai chinh'!$BL25,0,'THTC in'!$D$7 - 1) -> 0 | C33: ='Tinh hinh tai chinh'!BK25 -> 0
A35: V. Tài sản sinh học ngắn hạn | B35: =SUM(B36:B38) -> 0 | C35: =SUM(C36:C38) -> 0
A36: 1.Súc vật nuôi lấy sản phẩm một lần ngắn hạn | B36: =OFFSET('Tinh hinh tai chinh'!$BL27,0,'THTC in'!$D$7 - 1) -> 0 | C36: ='Tinh hinh tai chinh'!BK27 -> 0
A37: 2.Cây trồng theo mùa vụ hoặc lấy sản phẩm một lần ngắn hạn | B37: =OFFSET('Tinh hinh tai chinh'!$BL28,0,'THTC in'!$D$7 - 1) -> 0 | C37: ='Tinh hinh tai chinh'!BK28 -> 0
A38: 3.Dự phòng tổn thất tài sản sinh học ngắn hạn (*) | B38: =OFFSET('Tinh hinh tai chinh'!$BL29,0,'THTC in'!$D$7 - 1) -> 0 | C38: ='Tinh hinh tai chinh'!BK29 -> 0
A40: VI. Tài sản ngắn hạn khác | B40: =SUM(B41:B45) -> 24894891645 | C40: =SUM(C41:C45) -> 23132754098
A41: 1.Chi phí chờ phân bổ ngắn hạn | B41: =OFFSET('Tinh hinh tai chinh'!$BL31,0,'THTC in'!$D$7 - 1) -> 8760714009 | C41: ='Tinh hinh tai chinh'!BK31 -> 9528997722
A42: 2.Thuế GTGT được khấu trừ | B42: =OFFSET('Tinh hinh tai chinh'!$BL32,0,'THTC in'!$D$7 - 1) -> 15814070933 | C42: ='Tinh hinh tai chinh'!BK32 -> 13603756376
A43: 3.Thuế và các khoản khác phải thu Nhà nước | B43: =OFFSET('Tinh hinh tai chinh'!$BL33,0,'THTC in'!$D$7 - 1) -> 320106703 | C43: ='Tinh hinh tai chinh'!BK33 -> 0
A44: 4.Giao dịch mua bán lại trái phiếu Chính phủ | B44: =OFFSET('Tinh hinh tai chinh'!$BL34,0,'THTC in'!$D$7 - 1) -> 0 | C44: ='Tinh hinh tai chinh'!BK34 -> 0
A45: 5.Tài sản ngắn hạn khác | B45: =OFFSET('Tinh hinh tai chinh'!$BL35,0,'THTC in'!$D$7 - 1) -> 0 | C45: ='Tinh hinh tai chinh'!BK35 -> 0
A47: B. TÀI SẢN DÀI HẠN | B47: =B48+B58+B79+B87+B95+B83 -> 371950740747 | C47: =C48+C58+C79+C87+C95+C83 -> 370861183445
A48: I.Các khoản phải thu dài hạn | B48: =SUM(B49:B54) -> 5315314211 | C48: =SUM(C49:C54) -> 5600000000
A49: 1.Phải thu dài hạn của khách hàng | B49: =OFFSET('Tinh hinh tai chinh'!$BL38,0,'THTC in'!$D$7 - 1) -> 0 | C49: ='Tinh hinh tai chinh'!BK38 -> 0
A50: 2.Trả trước cho người bán dài hạn | B50: =OFFSET('Tinh hinh tai chinh'!$BL39,0,'THTC in'!$D$7 - 1) -> 0 | C50: ='Tinh hinh tai chinh'!BK39 -> 0
A51: 3.Vốn kinh doanh ở đơn vị trực thuộc | B51: =OFFSET('Tinh hinh tai chinh'!$BL40,0,'THTC in'!$D$7 - 1) -> 0 | C51: ='Tinh hinh tai chinh'!BK40 -> 0
A52: 4.Phải thu nội bộ dài hạn | B52: =OFFSET('Tinh hinh tai chinh'!$BL41,0,'THTC in'!$D$7 - 1) -> 0 | C52: ='Tinh hinh tai chinh'!BK41 -> 0
A53: 5.Phải thu dài hạn khác | B53: =OFFSET('Tinh hinh tai chinh'!$BL42,0,'THTC in'!$D$7 - 1) -> 5315314211 | C53: ='Tinh hinh tai chinh'!BK42 -> 5600000000
A54: 6.Dự phòng phải thu dài hạn khó đòi (*) | B54: =OFFSET('Tinh hinh tai chinh'!$BL43,0,'THTC in'!$D$7 - 1) -> 0 | C54: ='Tinh hinh tai chinh'!BK43 -> 0
A56: TÀI SẢN | B56: =B7 -> Số cuối tháng 1 | C56: =C7 -> Số dư đầu năm 2026
A58: II. Tài sản cố định | B58: =B59+B62+B65 -> 289420127851 | C58: =C59+C62+C65 -> 289479799346
A59: 1. Tài sản cố định hữu hình | B59: =SUM(B60:B61) -> 268060842069 | C59: =SUM(C60:C61) -> 267235780601
A60: - Nguyên giá | B60: =OFFSET('Tinh hinh tai chinh'!$BL46,0,'THTC in'!$D$7 - 1) -> 426876282673 | C60: ='Tinh hinh tai chinh'!BK46 -> 423259856618
A61: - Giá trị hao mòn luỹ kế (*) | B61: =OFFSET('Tinh hinh tai chinh'!$BL47,0,'THTC in'!$D$7 - 1) -> -158815440604 | C61: ='Tinh hinh tai chinh'!BK47 -> -156024076017
A62: 2. Tài sản cố định thuê tài chính | B62: =SUM(B63:B64) -> 17684886028 | C62: =SUM(C63:C64) -> 18517028601
A63: - Nguyên giá | B63: =OFFSET('Tinh hinh tai chinh'!$BL49,0,'THTC in'!$D$7 - 1) -> 24160519140 | C63: ='Tinh hinh tai chinh'!BK49 -> 25454545455
A64: - Giá trị hao mòn luỹ kế (*) | B64: =OFFSET('Tinh hinh tai chinh'!$BL50,0,'THTC in'!$D$7 - 1) -> -6475633112 | C64: ='Tinh hinh tai chinh'!BK50 -> -6937516854
A65: 3. Tài sản cố định vô hình | B65: =SUM(B66:B67) -> 3674399754 | C65: =SUM(C66:C67) -> 3726990144
A66: - Nguyên giá | B66: =OFFSET('Tinh hinh tai chinh'!$BL52,0,'THTC in'!$D$7 - 1) -> 6518070070 | C66: ='Tinh hinh tai chinh'!BK52 -> 6518070070
A67: - Giá trị hao mòn luỹ kế (*) | B67: =OFFSET('Tinh hinh tai chinh'!$BL53,0,'THTC in'!$D$7 - 1) -> -2843670316 | C67: ='Tinh hinh tai chinh'!BK53 -> -2791079926
A69: III. Tài sản sinh học dài hạn | C69: =SUM(C70,C75:C77) -> 0
A70: 1.Súc vật nuôi cho sản phẩm định kỳ | B70: =OFFSET('Tinh hinh tai chinh'!$BL55,0,'THTC in'!$D$7 - 1) -> 0 | C70: ='Tinh hinh tai chinh'!BK55 -> 0
A71: a)Súc vật nuôi cho sản phẩm định kỳ chưa đến giai đoạn trưởng thành | B71: =OFFSET('Tinh hinh tai chinh'!$BL56,0,'THTC in'!$D$7 - 1) -> 0 | C71: ='Tinh hinh tai chinh'!BK56 -> 0
A72: b)Súc vật nuôi cho sản phẩm định kỳ đến giai đoạn trưởng thành | B72: =OFFSET('Tinh hinh tai chinh'!$BL57,0,'THTC in'!$D$7 - 1) -> 0 | C72: ='Tinh hinh tai chinh'!BK57 -> 0
A73: - Nguyên giá | B73: =OFFSET('Tinh hinh tai chinh'!$BL58,0,'THTC in'!$D$7 - 1) -> 0 | C73: ='Tinh hinh tai chinh'!BK58 -> 0
A74: - Giá trị khấu hao lũy kế (*) | B74: =OFFSET('Tinh hinh tai chinh'!$BL59,0,'THTC in'!$D$7 - 1) -> 0 | C74: ='Tinh hinh tai chinh'!BK59 -> 0
A75: 2.Súc vật nuôi lấy sản phẩm một lần dài hạn | B75: =OFFSET('Tinh hinh tai chinh'!$BL60,0,'THTC in'!$D$7 - 1) -> 0 | C75: ='Tinh hinh tai chinh'!BK60 -> 0
A76: 3.Cây trồng theo mùa vụ hoặc lấy sản phẩm một lần dài hạn | B76: =OFFSET('Tinh hinh tai chinh'!$BL61,0,'THTC in'!$D$7 - 1) -> 0 | C76: ='Tinh hinh tai chinh'!BK61 -> 0
A77: 4.Dự phòng tổn thất tài sản sinh học dài hạn | B77: =OFFSET('Tinh hinh tai chinh'!$BL62,0,'THTC in'!$D$7 - 1) -> 0 | C77: ='Tinh hinh tai chinh'!BK62 -> 0
A79: IV. Bất động sản đầu tư | B79: =SUM(B80:B81) -> 0 | C79: =SUM(C80:C81) -> 0
A80: - Nguyên giá | B80: =OFFSET('Tinh hinh tai chinh'!$BL64,0,'THTC in'!$D$7 - 1) -> 0 | C80: ='Tinh hinh tai chinh'!BK64 -> 0
A81: - Giá trị hao mòn luỹ kế (*) | B81: =OFFSET('Tinh hinh tai chinh'!$BL65,0,'THTC in'!$D$7 - 1) -> 0 | C81: ='Tinh hinh tai chinh'!BK65 -> 0
A83: V. Tài sản dở dang dài hạn | B83: =SUM(B84:B85) -> 67367429293 | C83: =SUM(C84:C85) -> 64594176344
A84: 1.Chi phí sản xuất, kinh doanh dở dang dài hạn | B84: =OFFSET('Tinh hinh tai chinh'!$BL67,0,'THTC in'!$D$7 - 1) -> 10176000 | C84: ='Tinh hinh tai chinh'!BK67 -> 10176000
A85: 2.Chi phí xây dựng cơ bản dở dang | B85: =OFFSET('Tinh hinh tai chinh'!$BL68,0,'THTC in'!$D$7 - 1) -> 67357253293 | C85: ='Tinh hinh tai chinh'!BK68 -> 64584000344
A87: VI. Đầu tư tài chính dài hạn | B87: =SUM(B88:B92) -> 0 | C87: =SUM(C88:C93) -> 0
A88: 1.Đầu tư vào công ty con | B88: =OFFSET('Tinh hinh tai chinh'!$BL70,0,'THTC in'!$D$7 - 1) -> 0 | C88: ='Tinh hinh tai chinh'!BK70 -> 0
A89: 2.Đầu tư vào công ty liên doanh, liên kết | B89: =OFFSET('Tinh hinh tai chinh'!$BL71,0,'THTC in'!$D$7 - 1) -> 0 | C89: ='Tinh hinh tai chinh'!BK71 -> 0
A90: 3.Đầu tư góp vốn vào đơn vị khác | B90: =OFFSET('Tinh hinh tai chinh'!$BL72,0,'THTC in'!$D$7 - 1) -> 0 | C90: ='Tinh hinh tai chinh'!BK72 -> 0
A91: 4.Dự phòng tổn thất đầu tư vào đơn vị khác dài hạn(*) | B91: =OFFSET('Tinh hinh tai chinh'!$BL73,0,'THTC in'!$D$7 - 1) -> 0 | C91: ='Tinh hinh tai chinh'!BK73 -> 0
A92: 5.Đầu tư nắm giữ đến ngày đáo hạn dài hạn | B92: =OFFSET('Tinh hinh tai chinh'!$BL74,0,'THTC in'!$D$7 - 1) -> 0 | C92: ='Tinh hinh tai chinh'!BK74 -> 0
A93: 6.Dự phòng đầu tư nắm giữ đến ngày đáo hạn dài hạn (*) | B93: =OFFSET('Tinh hinh tai chinh'!$BL75,0,'THTC in'!$D$7 - 1) -> 0 | C93: ='Tinh hinh tai chinh'!BK75 -> 0
A95: VII. Tài sản dài hạn khác | B95: =SUM(B96:B99) -> 9847869392 | C95: =SUM(C96:C99) -> 11187207755
A96: 1.Chi phí chờ phân bổ dài hạn | B96: =OFFSET('Tinh hinh tai chinh'!$BL77,0,'THTC in'!$D$7 - 1) -> 9847869392 | C96: ='Tinh hinh tai chinh'!BK77 -> 11187207755
A97: 2.Tài sản thuế thu nhập hoãn lại | B97: =OFFSET('Tinh hinh tai chinh'!$BL78,0,'THTC in'!$D$7 - 1) -> 0 | C97: ='Tinh hinh tai chinh'!BK78 -> 0
A98: 3.Thiết bị, vật tư, phụ tùng thay thế dài hạn | B98: =OFFSET('Tinh hinh tai chinh'!$BL79,0,'THTC in'!$D$7 - 1) -> 0 | C98: ='Tinh hinh tai chinh'!BK79 -> 0
A99: 4.Tài sản dài hạn khác | B99: =OFFSET('Tinh hinh tai chinh'!$BL80,0,'THTC in'!$D$7 - 1) -> 0 | C99: ='Tinh hinh tai chinh'!BK80 -> 0
A100: TỔNG CỘNG TÀI SẢN | B100: =B8+B47 -> 1.4243231e+12 | C100: =C8+C47 -> 1377306550833
A102: NGUỒN VỐN | B102: =B7 -> Số cuối tháng 1 | C102: =C7 -> Số dư đầu năm 2026
A103: C . NỢ PHẢI TRẢ | B103: =B104+B121 -> 398262934016 | C103: =C104+C121 -> 442178198680
A104: I. Nợ ngắn hạn | B104: =SUM(B105:B119) -> 316020092601 | C104: =SUM(C105:C119) -> 359025944326
A105: 1.Phải trả người bán ngắn hạn | B105: =OFFSET('Tinh hinh tai chinh'!$BL84,0,'THTC in'!$D$7 - 1) -> 34204260957 | C105: ='Tinh hinh tai chinh'!BK84 -> 28643819309
A106: 2.Người mua trả tiền trước ngắn hạn | B106: =OFFSET('Tinh hinh tai chinh'!$BL85,0,'THTC in'!$D$7 - 1) -> 11995200530 | C106: ='Tinh hinh tai chinh'!BK85 -> 17509392514
A107: 3.Phải trả cổ tức, lợi nhuận | B107: =OFFSET('Tinh hinh tai chinh'!$BL86,0,'THTC in'!$D$7 - 1) -> 0 | C107: ='Tinh hinh tai chinh'!BK86 -> 0
A108: 4.Thuế và các khoản phải nộp Nhà nước ngắn hạn | B108: =OFFSET('Tinh hinh tai chinh'!$BL87,0,'THTC in'!$D$7 - 1) -> 3842594482 | C108: ='Tinh hinh tai chinh'!BK87 -> 8684760093
A109: 5.Phải trả người lao động | B109: =OFFSET('Tinh hinh tai chinh'!$BL88,0,'THTC in'!$D$7 - 1) -> 19154092290 | C109: ='Tinh hinh tai chinh'!BK88 -> 10866562186
A110: 6.Chi phí phải trả ngắn hạn | B110: =OFFSET('Tinh hinh tai chinh'!$BL89,0,'THTC in'!$D$7 - 1) -> 18218565408 | C110: ='Tinh hinh tai chinh'!BK89 -> 20102188452
A111: 7.Phải trả nội bộ ngắn hạn | B111: =OFFSET('Tinh hinh tai chinh'!$BL90,0,'THTC in'!$D$7 - 1) -> 0 | C111: ='Tinh hinh tai chinh'!BK90 -> 0
A112: 8.Phải trả theo tiến độ hợp đồng xây dựng ngắn hạn | B112: =OFFSET('Tinh hinh tai chinh'!$BL91,0,'THTC in'!$D$7 - 1) -> 0 | C112: ='Tinh hinh tai chinh'!BK91 -> 0
A113: 9.Doanh thu chờ phân bổ ngắn hạn | B113: =OFFSET('Tinh hinh tai chinh'!$BL92,0,'THTC in'!$D$7 - 1) -> 0 | C113: ='Tinh hinh tai chinh'!BK92 -> 0
A114: 10.Phải trả ngắn hạn khác | B114: =OFFSET('Tinh hinh tai chinh'!$BL93,0,'THTC in'!$D$7 - 1) -> 10596548323 | C114: ='Tinh hinh tai chinh'!BK93 -> 9558710068
A115: 11.Vay và nợ thuê tài chính ngắn hạn | B115: =OFFSET('Tinh hinh tai chinh'!$BL94,0,'THTC in'!$D$7 - 1) -> 216818798145 | C115: ='Tinh hinh tai chinh'!BK94 -> 262225979238
A116: 12.Dự phòng phải trả ngắn hạn | B116: =OFFSET('Tinh hinh tai chinh'!$BL95,0,'THTC in'!$D$7 - 1) -> 0 | C116: ='Tinh hinh tai chinh'!BK95 -> 0
...

Sheet KQKD in
A1: ='Thong tin'!$A$1 -> CÔNG TY CP NHỰA TÁI CHẾ DUY TÂN
A2: ='Thong tin'!B2 -> Lô D2, Cụm Công nghiệp Nhựa Đức Hoà Hạ, Xã Đức Hoà, Tỉnh Tây Ninh
A4: BÁO CÁO KẾT QUẢ HOẠT ĐỘNG KINH DOANH HỢP NHẤT
A5: ="Năm " & 'Thong tin'!$C$6 -> Năm 2026
G6: ĐVT: VNĐ
A8: Chỉ tiêu | D8: ="Tháng "&'Thong tin'!$C$9 -> Tháng 1 | F8: ="Lũy kế"&" "&'Thong tin'!$C$9 &" "&"tháng" -> Lũy kế 1 tháng
D9: ="Năm " & 'Thong tin'!$C$6 -> Năm 2026 | E9: ="Năm " & 'Thong tin'!$C$7 -> Năm 2025 | F9: ="Năm " & 'Thong tin'!$C$6 -> Năm 2026 | G9: ="Năm " & 'Thong tin'!$C$7 -> Năm 2025
A10: 1. | B10: Doanh thu bán hàng và cung cấp dịch vụ | D10: =OFFSET('Ket qua kinh doanh'!$BL5,0,'Thong tin'!$C$9 - 1) -> 126470480720 | E10: =OFFSET('Ket qua kinh doanh'!$AZ5,0,'Thong tin'!$C$9 - 1) -> 114983880947 | F10: =SUM(OFFSET('Ket qua kinh doanh'!$BL5,0,0,1,'Thong tin'!$C$9)) -> 126470480720 | G10: =SUM(OFFSET('Ket qua kinh doanh'!$AZ5,0,0,1,'Thong tin'!$C$9)) -> 114983880947
A11: 2. | B11: Các khoản giảm trừ doanh thu | D11: =OFFSET('Ket qua kinh doanh'!$BL6,0,'Thong tin'!$C$9 - 1) -> 687876997 | E11: =OFFSET('Ket qua kinh doanh'!$AZ6,0,'Thong tin'!$C$9 - 1) -> 513935495 | F11: =SUM(OFFSET('Ket qua kinh doanh'!$BL6,0,0,1,'Thong tin'!$C$9)) -> 687876997 | G11: =SUM(OFFSET('Ket qua kinh doanh'!$AZ6,0,0,1,'Thong tin'!$C$9)) -> 513935495
A12: 3. | B12: Doanh thu thuần về bán hàng và cung cấp dịch vụ | D12: =OFFSET('Ket qua kinh doanh'!$BL7,0,'Thong tin'!$C$9 - 1) -> 125782603723 | E12: =OFFSET('Ket qua kinh doanh'!$AZ7,0,'Thong tin'!$C$9 - 1) -> 114469945452 | F12: =SUM(OFFSET('Ket qua kinh doanh'!$BL7,0,0,1,'Thong tin'!$C$9)) -> 125782603723 | G12: =SUM(OFFSET('Ket qua kinh doanh'!$AZ7,0,0,1,'Thong tin'!$C$9)) -> 114469945452
A13: 4. | B13: Giá vốn hàng bán | D13: =OFFSET('Ket qua kinh doanh'!$BL8,0,'Thong tin'!$C$9 - 1) -> 1.142049e+11 | E13: =OFFSET('Ket qua kinh doanh'!$AZ8,0,'Thong tin'!$C$9 - 1) -> 97986840184 | F13: =SUM(OFFSET('Ket qua kinh doanh'!$BL8,0,0,1,'Thong tin'!$C$9)) -> 1.142049e+11 | G13: =SUM(OFFSET('Ket qua kinh doanh'!$AZ8,0,0,1,'Thong tin'!$C$9)) -> 97986840184
A14: 5. | B14: Lợi nhuận gộp về bán hàng và cung cấp dịch vụ | D14: =OFFSET('Ket qua kinh doanh'!$BL9,0,'Thong tin'!$C$9 - 1) -> 1.1577706e+10 | E14: =OFFSET('Ket qua kinh doanh'!$AZ9,0,'Thong tin'!$C$9 - 1) -> 16483105268 | F14: =SUM(OFFSET('Ket qua kinh doanh'!$BL9,0,0,1,'Thong tin'!$C$9)) -> 1.1577706e+10 | G14: =SUM(OFFSET('Ket qua kinh doanh'!$AZ9,0,0,1,'Thong tin'!$C$9)) -> 16483105268
A15: 6. | B15: Lãi/lỗ của hoạt động bán, thanh lý bất động sản đầu tư | D15: =OFFSET('Ket qua kinh doanh'!$BL10,0,'Thong tin'!$C$9 - 1) -> 0 | E15: =OFFSET('Ket qua kinh doanh'!$AZ10,0,'Thong tin'!$C$9 - 1) -> 0 | F15: =SUM(OFFSET('Ket qua kinh doanh'!$BL10,0,0,1,'Thong tin'!$C$9)) -> 0 | G15: =SUM(OFFSET('Ket qua kinh doanh'!$AZ10,0,0,1,'Thong tin'!$C$9)) -> 0
A16: 7. | B16: Doanh thu hoạt động tài chính | D16: =OFFSET('Ket qua kinh doanh'!$BL11,0,'Thong tin'!$C$9 - 1) -> 1119033075 | E16: =OFFSET('Ket qua kinh doanh'!$AZ11,0,'Thong tin'!$C$9 - 1) -> 830662240 | F16: =SUM(OFFSET('Ket qua kinh doanh'!$BL11,0,0,1,'Thong tin'!$C$9)) -> 1119033075 | G16: =SUM(OFFSET('Ket qua kinh doanh'!$AZ11,0,0,1,'Thong tin'!$C$9)) -> 830662240
A17: 8. | B17: Chi phí tài chính | D17: =OFFSET('Ket qua kinh doanh'!$BL12,0,'Thong tin'!$C$9 - 1) -> 1532817392 | E17: =OFFSET('Ket qua kinh doanh'!$AZ12,0,'Thong tin'!$C$9 - 1) -> 1529745602 | F17: =SUM(OFFSET('Ket qua kinh doanh'!$BL12,0,0,1,'Thong tin'!$C$9)) -> 1532817392 | G17: =SUM(OFFSET('Ket qua kinh doanh'!$AZ12,0,0,1,'Thong tin'!$C$9)) -> 1529745602
B18: Trong đó: chi phí lãi vay | D18: =OFFSET('Ket qua kinh doanh'!$BL13,0,'Thong tin'!$C$9 - 1) -> 1240115065 | E18: =OFFSET('Ket qua kinh doanh'!$AZ13,0,'Thong tin'!$C$9 - 1) -> 1114824276 | F18: =SUM(OFFSET('Ket qua kinh doanh'!$BL13,0,0,1,'Thong tin'!$C$9)) -> 1240115065 | G18: =SUM(OFFSET('Ket qua kinh doanh'!$AZ13,0,0,1,'Thong tin'!$C$9)) -> 1114824276
A19: 9. | B19: Chi phí bán hàng | D19: =OFFSET('Ket qua kinh doanh'!$BL14,0,'Thong tin'!$C$9 - 1) -> 4308598004 | E19: =OFFSET('Ket qua kinh doanh'!$AZ14,0,'Thong tin'!$C$9 - 1) -> 4181224849 | F19: =SUM(OFFSET('Ket qua kinh doanh'!$BL14,0,0,1,'Thong tin'!$C$9)) -> 4308598004 | G19: =SUM(OFFSET('Ket qua kinh doanh'!$AZ14,0,0,1,'Thong tin'!$C$9)) -> 4181224849
A20: 10. | B20: Chi phí quản lý doanh nghiệp | D20: =OFFSET('Ket qua kinh doanh'!$BL15,0,'Thong tin'!$C$9 - 1) -> 9741945070 | E20: =OFFSET('Ket qua kinh doanh'!$AZ15,0,'Thong tin'!$C$9 - 1) -> 8548199037 | F20: =SUM(OFFSET('Ket qua kinh doanh'!$BL15,0,0,1,'Thong tin'!$C$9)) -> 9741945070 | G20: =SUM(OFFSET('Ket qua kinh doanh'!$AZ15,0,0,1,'Thong tin'!$C$9)) -> 8548199037
A21: 11. | B21: Lợi nhuận thuần từ hoạt động kinh doanh | D21: =OFFSET('Ket qua kinh doanh'!$BL16,0,'Thong tin'!$C$9 - 1) -> -2.8866209e+09 | E21: =OFFSET('Ket qua kinh doanh'!$AZ16,0,'Thong tin'!$C$9 - 1) -> 3054598020 | F21: =SUM(OFFSET('Ket qua kinh doanh'!$BL16,0,0,1,'Thong tin'!$C$9)) -> -2.8866209e+09 | G21: =SUM(OFFSET('Ket qua kinh doanh'!$AZ16,0,0,1,'Thong tin'!$C$9)) -> 3054598020
A22: 12. | B22: Thu nhập khác | D22: =OFFSET('Ket qua kinh doanh'!$BL17,0,'Thong tin'!$C$9 - 1) -> 62317597 | E22: =OFFSET('Ket qua kinh doanh'!$AZ17,0,'Thong tin'!$C$9 - 1) -> 105489733 | F22: =SUM(OFFSET('Ket qua kinh doanh'!$BL17,0,0,1,'Thong tin'!$C$9)) -> 62317597 | G22: =SUM(OFFSET('Ket qua kinh doanh'!$AZ17,0,0,1,'Thong tin'!$C$9)) -> 105489733
A23: 13. | B23: Chi phí khác | D23: =OFFSET('Ket qua kinh doanh'!$BL18,0,'Thong tin'!$C$9 - 1) -> 243870060 | E23: =OFFSET('Ket qua kinh doanh'!$AZ18,0,'Thong tin'!$C$9 - 1) -> 60241342 | F23: =SUM(OFFSET('Ket qua kinh doanh'!$BL18,0,0,1,'Thong tin'!$C$9)) -> 243870060 | G23: =SUM(OFFSET('Ket qua kinh doanh'!$AZ18,0,0,1,'Thong tin'!$C$9)) -> 60241342
A24: 14. | B24: Lợi nhuận khác | D24: =OFFSET('Ket qua kinh doanh'!$BL19,0,'Thong tin'!$C$9 - 1) -> -181552463 | E24: =OFFSET('Ket qua kinh doanh'!$AZ19,0,'Thong tin'!$C$9 - 1) -> 45248391 | F24: =SUM(OFFSET('Ket qua kinh doanh'!$BL19,0,0,1,'Thong tin'!$C$9)) -> -181552463 | G24: =SUM(OFFSET('Ket qua kinh doanh'!$AZ19,0,0,1,'Thong tin'!$C$9)) -> 45248391
A25: 15. | B25: Tổng lợi nhuận kế toán trước thuế | D25: =OFFSET('Ket qua kinh doanh'!$BL20,0,'Thong tin'!$C$9 - 1) -> -3.0681734e+09 | E25: =OFFSET('Ket qua kinh doanh'!$AZ20,0,'Thong tin'!$C$9 - 1) -> 3099846411 | F25: =SUM(OFFSET('Ket qua kinh doanh'!$BL20,0,0,1,'Thong tin'!$C$9)) -> -3.0681734e+09 | G25: =SUM(OFFSET('Ket qua kinh doanh'!$AZ20,0,0,1,'Thong tin'!$C$9)) -> 3099846411
A26: 16. | B26: Chi phí thuế TNDN hiện hành (*) | D26: =OFFSET('Ket qua kinh doanh'!$BL22,0,'Thong tin'!$C$9 - 1) -> 0 | E26: =OFFSET('Ket qua kinh doanh'!$AZ21,0,'Thong tin'!$C$9 - 1) -> 864190686 | F26: =SUM(OFFSET('Ket qua kinh doanh'!$BL22,0,0,1,'Thong tin'!$C$9)) -> 0 | G26: =SUM(OFFSET('Ket qua kinh doanh'!$AZ21,0,0,1,'Thong tin'!$C$9)) -> 864190686
A27: 17. | B27: Chi phí thuế TNDN hoãn lại | D27: =OFFSET('Ket qua kinh doanh'!BL22,0,'Thong tin'!$C$9 - 1) -> 0 | E27: =OFFSET('Ket qua kinh doanh'!$AZ22,0,'Thong tin'!$C$9 - 1) -> 0 | F27: =SUM(OFFSET('Ket qua kinh doanh'!BL22,0,0,1,'Thong tin'!$C$9)) -> 0 | G27: =SUM(OFFSET('Ket qua kinh doanh'!$AZ22,0,0,1,'Thong tin'!$C$9)) -> 0
A28: 18. | B28: Lợi nhuận sau thuế | D28: =OFFSET('Ket qua kinh doanh'!$BL23,0,'Thong tin'!$C$9 - 1) -> -3.0681734e+09 | E28: =OFFSET('Ket qua kinh doanh'!$AZ23,0,'Thong tin'!$C$9 - 1) -> 2235655725 | F28: =SUM(OFFSET('Ket qua kinh doanh'!$BL23,0,0,1,'Thong tin'!$C$9)) -> -3.0681734e+09 | G28: =SUM(OFFSET('Ket qua kinh doanh'!$AZ23,0,0,1,'Thong tin'!$C$9)) -> 2235655725
A29: 19. | B29: Lãi cơ bản trên cổ phiếu | F29: =#REF!+#REF!+#REF!+#REF!+#REF!+#REF!+#REF!+#REF!+#REF!+#REF!+#REF!+D29 -> #REF! | G29: =#REF!+#REF!+#REF!+#REF!+#REF!+#REF!+#REF!+#REF!+#REF!+#REF!+#REF!+E29 -> #REF!
D31: 0 | E31: 0 | F31: 0 | G31: 0
F32: Lập, ngày 30 tháng 11 năm 2025
B34: KẾ TOÁN TRƯỞNG | F34: ='Thong tin'!B18 -> TỔNG GIÁM ĐỐC
B41: ='Thong tin'!B16 -> Giang Văn Lộc | F41: ='Thong tin'!B19 -> Trần Duy Hy

Sheet LCTT_GT in
A1: ='Thong tin'!$A$1 -> CÔNG TY CP NHỰA TÁI CHẾ DUY TÂN
A2: ='Thong tin'!B2 -> Lô D2, Cụm Công nghiệp Nhựa Đức Hoà Hạ, Xã Đức Hoà, Tỉnh Tây Ninh
A4: BÁO CÁO LƯU CHUYỂN TIỀN TỆ HỢP NHẤT
A5: (Theo phương pháp gián tiếp)
A6: ="Năm " & 'Thong tin'!$C$6 -> Năm 2026
E7: ='KQKD in'!G6 -> ĐVT: VNĐ
A8: Chỉ tiêu | B8: ="Tháng " & 'Thong tin'!$C$9 -> Tháng 1 | D8: ="Lũy kế"&" "& 'Thong tin'!$C$9 &" "&"tháng" -> Lũy kế 1 tháng
B9: ="Năm " & 'Thong tin'!$C$6 -> Năm 2026 | C9: ="Năm " & 'Thong tin'!$C$7 -> Năm 2025 | D9: ="Năm " & 'Thong tin'!$C$6 -> Năm 2026 | E9: ="Năm " & 'Thong tin'!$C$7 -> Năm 2025
A10: I. Lưu chuyển tiền từ hoạt động kinh doanh
A11: 1. Lợi nhuận trước thuế | B11: =OFFSET('Luu chuyen tien te'!$BL5,0,'Thong tin'!$C$9 - 1) -> -3.0681734e+09 | C11: =OFFSET('Luu chuyen tien te'!$AZ5,0,'Thong tin'!$C$9 - 1) -> 3099846411 | D11: =SUM(OFFSET('Luu chuyen tien te'!$BL5,0,0,1,'Thong tin'!$C$9)) -> -3.0681734e+09 | E11: =SUM(OFFSET('Luu chuyen tien te'!$AZ5,0,0,1,'Thong tin'!$C$9)) -> 3099846411
A12: 2. Điều chỉnh cho các khoản
A13: - Khấu hao tài sản cố định và BĐSĐT | B13: =OFFSET('Luu chuyen tien te'!$BL7,0,'Thong tin'!$C$9 - 1) -> 2875404568 | C13: =OFFSET('Luu chuyen tien te'!$AZ7,0,'Thong tin'!$C$9 - 1) -> 4869731514 | D13: =SUM(OFFSET('Luu chuyen tien te'!$BL7,0,0,1,'Thong tin'!$C$9)) -> 2875404568 | E13: =SUM(OFFSET('Luu chuyen tien te'!$AZ7,0,0,1,'Thong tin'!$C$9)) -> 4869731514
A14: - Các khoản dự phòng | B14: =OFFSET('Luu chuyen tien te'!$BL8,0,'Thong tin'!$C$9 - 1) -> 0 | C14: =OFFSET('Luu chuyen tien te'!$AZ8,0,'Thong tin'!$C$9 - 1) -> 0 | D14: =SUM(OFFSET('Luu chuyen tien te'!$BL8,0,0,1,'Thong tin'!$C$9)) -> 0 | E14: =SUM(OFFSET('Luu chuyen tien te'!$AZ8,0,0,1,'Thong tin'!$C$9)) -> 0
A15: - Lãi, lỗ chênh lệch tỷ giá hối đoái do đánh giá lại các khoản mục tiền tệ có gốc ngoại tệ | B15: =OFFSET('Luu chuyen tien te'!$BL9,0,'Thong tin'!$C$9 - 1) -> -282378363 | C15: =OFFSET('Luu chuyen tien te'!$AZ9,0,'Thong tin'!$C$9 - 1) -> -357780096 | D15: =SUM(OFFSET('Luu chuyen tien te'!$BL9,0,0,1,'Thong tin'!$C$9)) -> -282378363 | E15: =SUM(OFFSET('Luu chuyen tien te'!$AZ9,0,0,1,'Thong tin'!$C$9)) -> -357780096
A16: - Lãi lỗ từ hoạt động đầu tư, tài chính | B16: =OFFSET('Luu chuyen tien te'!$BL10,0,'Thong tin'!$C$9 - 1) -> -67576364 | C16: =OFFSET('Luu chuyen tien te'!$AZ10,0,'Thong tin'!$C$9 - 1) -> -454865223 | D16: =SUM(OFFSET('Luu chuyen tien te'!$BL10,0,0,1,'Thong tin'!$C$9)) -> -67576364 | E16: =SUM(OFFSET('Luu chuyen tien te'!$AZ10,0,0,1,'Thong tin'!$C$9)) -> -454865223
A17: - Chi phí đi vay | B17: =OFFSET('Luu chuyen tien te'!$BL11,0,'Thong tin'!$C$9 - 1) -> 1240115065 | C17: =OFFSET('Luu chuyen tien te'!$AZ11,0,'Thong tin'!$C$9 - 1) -> 739360517 | D17: =SUM(OFFSET('Luu chuyen tien te'!$BL11,0,0,1,'Thong tin'!$C$9)) -> 1240115065 | E17: =SUM(OFFSET('Luu chuyen tien te'!$AZ11,0,0,1,'Thong tin'!$C$9)) -> 739360517
A18: - Các khoản điều chỉnh khác | B18: =OFFSET('Luu chuyen tien te'!$BL12,0,'Thong tin'!$C$9 - 1) -> -128152205 | C18: =OFFSET('Luu chuyen tien te'!$AZ12,0,'Thong tin'!$C$9 - 1) -> 5872690 | D18: =SUM(OFFSET('Luu chuyen tien te'!$BL12,0,0,1,'Thong tin'!$C$9)) -> -128152205 | E18: =SUM(OFFSET('Luu chuyen tien te'!$AZ12,0,0,1,'Thong tin'!$C$9)) -> 5872690
A19: 3. Lợi nhuận từ hoạt động kinh doanh trước thay đổi vốn lưu động | B19: =SUM(B11:B18) -> 5.6923931e+08 | C19: =SUM(C11:C18) -> 7902165813 | D19: =SUM(D11:D18) -> 5.6923931e+08 | E19: =SUM(E11:E18) -> 7902165813
A20: - Tăng giảm các khoản phải thu | B20: =OFFSET('Luu chuyen tien te'!$BL14,0,'Thong tin'!$C$9 - 1) -> 53673466483 | C20: =OFFSET('Luu chuyen tien te'!$AZ14,0,'Thong tin'!$C$9 - 1) -> 5.6768186e+10 | D20: =SUM(OFFSET('Luu chuyen tien te'!$BL14,0,0,1,'Thong tin'!$C$9)) -> 53673466483 | E20: =SUM(OFFSET('Luu chuyen tien te'!$AZ14,0,0,1,'Thong tin'!$C$9)) -> 5.6768186e+10
A21: - Tăng giảm hàng tồn kho | B21: =OFFSET('Luu chuyen tien te'!$BL15,0,'Thong tin'!$C$9 - 1) -> 2.1674615e+10 | C21: =OFFSET('Luu chuyen tien te'!$AZ15,0,'Thong tin'!$C$9 - 1) -> 34011025895 | D21: =SUM(OFFSET('Luu chuyen tien te'!$BL15,0,0,1,'Thong tin'!$C$9)) -> 2.1674615e+10 | E21: =SUM(OFFSET('Luu chuyen tien te'!$AZ15,0,0,1,'Thong tin'!$C$9)) -> 34011025895
A22: - Tăng giảm các khoản phải trả (Không bao gồm lãi vay phải trả, thuế TNDN phải nộp) | B22: =OFFSET('Luu chuyen tien te'!$BL16,0,'Thong tin'!$C$9 - 1) -> -10264950362 | C22: =OFFSET('Luu chuyen tien te'!$AZ16,0,'Thong tin'!$C$9 - 1) -> -2.1447247e+10 | D22: =SUM(OFFSET('Luu chuyen tien te'!$BL16,0,0,1,'Thong tin'!$C$9)) -> -10264950362 | E22: =SUM(OFFSET('Luu chuyen tien te'!$AZ16,0,0,1,'Thong tin'!$C$9)) -> -2.1447247e+10
A23: - Tăng giảm chi phí chờ phân bổ | B23: =OFFSET('Luu chuyen tien te'!$BL17,0,'Thong tin'!$C$9 - 1) -> 2029033267 | C23: =OFFSET('Luu chuyen tien te'!$AZ17,0,'Thong tin'!$C$9 - 1) -> -594058884 | D23: =SUM(OFFSET('Luu chuyen tien te'!$BL17,0,0,1,'Thong tin'!$C$9)) -> 2029033267 | E23: =SUM(OFFSET('Luu chuyen tien te'!$AZ17,0,0,1,'Thong tin'!$C$9)) -> -594058884
A24: - Tăng, giảm chứng khoán kinh doanh | B24: =OFFSET('Luu chuyen tien te'!$BL18,0,'Thong tin'!$C$9 - 1) -> 0 | C24: =OFFSET('Luu chuyen tien te'!$AZ18,0,'Thong tin'!$C$9 - 1) -> 0 | D24: =SUM(OFFSET('Luu chuyen tien te'!$BL18,0,0,1,'Thong tin'!$C$9)) -> 0 | E24: =SUM(OFFSET('Luu chuyen tien te'!$AZ18,0,0,1,'Thong tin'!$C$9)) -> 0
A25: - Chi phí đi vay đã trả | B25: =OFFSET('Luu chuyen tien te'!$BL19,0,'Thong tin'!$C$9 - 1) -> -1240115065 | C25: =OFFSET('Luu chuyen tien te'!$AZ19,0,'Thong tin'!$C$9 - 1) -> -739360517 | D25: =SUM(OFFSET('Luu chuyen tien te'!$BL19,0,0,1,'Thong tin'!$C$9)) -> -1240115065 | E25: =SUM(OFFSET('Luu chuyen tien te'!$AZ19,0,0,1,'Thong tin'!$C$9)) -> -739360517
A26: - Thuế thu nhập doanh nghiệp đã nộp | B26: =OFFSET('Luu chuyen tien te'!$BL20,0,'Thong tin'!$C$9 - 1) -> 0 | C26: =OFFSET('Luu chuyen tien te'!$AZ20,0,'Thong tin'!$C$9 - 1) -> 0 | D26: =SUM(OFFSET('Luu chuyen tien te'!$BL20,0,0,1,'Thong tin'!$C$9)) -> 0 | E26: =SUM(OFFSET('Luu chuyen tien te'!$AZ20,0,0,1,'Thong tin'!$C$9)) -> 0
A27: - Tiền thu khác từ hoạt động kinh doanh | B27: =OFFSET('Luu chuyen tien te'!$BL21,0,'Thong tin'!$C$9 - 1) -> 0 | C27: =OFFSET('Luu chuyen tien te'!$AZ21,0,'Thong tin'!$C$9 - 1) -> 0 | D27: =SUM(OFFSET('Luu chuyen tien te'!$BL21,0,0,1,'Thong tin'!$C$9)) -> 0 | E27: =SUM(OFFSET('Luu chuyen tien te'!$AZ21,0,0,1,'Thong tin'!$C$9)) -> 0
A28: - Tiền chi khác cho hoạt động kinh doanh | B28: =OFFSET('Luu chuyen tien te'!$BL22,0,'Thong tin'!$C$9 - 1) -> -8060010807 | C28: =OFFSET('Luu chuyen tien te'!$AZ22,0,'Thong tin'!$C$9 - 1) -> -2457877506 | D28: =SUM(OFFSET('Luu chuyen tien te'!$BL22,0,0,1,'Thong tin'!$C$9)) -> -8060010807 | E28: =SUM(OFFSET('Luu chuyen tien te'!$AZ22,0,0,1,'Thong tin'!$C$9)) -> -2457877506
A29: Lưu chuyển tiền thuần từ hoạt động kinh doanh | B29: =SUM(B19:B28) -> 58381278265 | C29: =SUM(C19:C28) -> 7.3442834e+10 | D29: =SUM(D19:D28) -> 58381278265 | E29: =SUM(E19:E28) -> 7.3442834e+10
A30: II. Lưu chuyển tiền từ hoạt động đầu tư
A31: 1. Tiền chi để mua sắm, xây dựng TSCĐ và các tài sản dài hạn khác | B31: =OFFSET('Luu chuyen tien te'!$BL25,0,'Thong tin'!$C$9 - 1) -> -10076408181 | C31: =OFFSET('Luu chuyen tien te'!$AZ25,0,'Thong tin'!$C$9 - 1) -> -9821622713 | D31: =SUM(OFFSET('Luu chuyen tien te'!$BL25,0,0,1,'Thong tin'!$C$9)) -> -10076408181 | E31: =SUM(OFFSET('Luu chuyen tien te'!$AZ25,0,0,1,'Thong tin'!$C$9)) -> -9821622713
A32: 2. Tiền thu từ thanh lý, nhượng bán TSCĐ và các tài sản dài hạn khác | B32: =OFFSET('Luu chuyen tien te'!$BL26,0,'Thong tin'!$C$9 - 1) -> 0 | C32: =OFFSET('Luu chuyen tien te'!$AZ26,0,'Thong tin'!$C$9 - 1) -> 0 | D32: =SUM(OFFSET('Luu chuyen tien te'!$BL26,0,0,1,'Thong tin'!$C$9)) -> 0 | E32: =SUM(OFFSET('Luu chuyen tien te'!$AZ26,0,0,1,'Thong tin'!$C$9)) -> 0
A33: 3. Tiền chi cho vay, mua các công cụ nợ của đơn vị khác | B33: =OFFSET('Luu chuyen tien te'!$BL27,0,'Thong tin'!$C$9 - 1) -> 0 | C33: =OFFSET('Luu chuyen tien te'!$AZ27,0,'Thong tin'!$C$9 - 1) -> -2000000000 | D33: =SUM(OFFSET('Luu chuyen tien te'!$BL27,0,0,1,'Thong tin'!$C$9)) -> 0 | E33: =SUM(OFFSET('Luu chuyen tien te'!$AZ27,0,0,1,'Thong tin'!$C$9)) -> -2000000000
A34: 4. Tiền thu hồi cho vay, bán lại các công cụ nợ của đơn vị khác | B34: =OFFSET('Luu chuyen tien te'!$BL28,0,'Thong tin'!$C$9 - 1) -> 0 | C34: =OFFSET('Luu chuyen tien te'!$AZ28,0,'Thong tin'!$C$9 - 1) -> 0 | D34: =SUM(OFFSET('Luu chuyen tien te'!$BL28,0,0,1,'Thong tin'!$C$9)) -> 0 | E34: =SUM(OFFSET('Luu chuyen tien te'!$AZ28,0,0,1,'Thong tin'!$C$9)) -> 0
A35: 5. Tiền chi đầu tư góp vốn vào đơn vị khác | B35: =OFFSET('Luu chuyen tien te'!$BL29,0,'Thong tin'!$C$9 - 1) -> 0 | C35: =OFFSET('Luu chuyen tien te'!$AZ29,0,'Thong tin'!$C$9 - 1) -> 0 | D35: =SUM(OFFSET('Luu chuyen tien te'!$BL29,0,0,1,'Thong tin'!$C$9)) -> 0 | E35: =SUM(OFFSET('Luu chuyen tien te'!$AZ29,0,0,1,'Thong tin'!$C$9)) -> 0
A36: 6. Tiền thu hồi đầu tư góp vốn vào đơn vị khác | B36: =OFFSET('Luu chuyen tien te'!$BL30,0,'Thong tin'!$C$9 - 1) -> 0 | C36: =OFFSET('Luu chuyen tien te'!$AZ30,0,'Thong tin'!$C$9 - 1) -> 0 | D36: =SUM(OFFSET('Luu chuyen tien te'!$BL30,0,0,1,'Thong tin'!$C$9)) -> 0 | E36: =SUM(OFFSET('Luu chuyen tien te'!$AZ30,0,0,1,'Thong tin'!$C$9)) -> 0
A37: 7. Tiền thu lãi cho vay, cổ tức và lợi nhuận được chia | B37: =OFFSET('Luu chuyen tien te'!$BL31,0,'Thong tin'!$C$9 - 1) -> 67565511 | C37: =OFFSET('Luu chuyen tien te'!$AZ31,0,'Thong tin'!$C$9 - 1) -> 454849601 | D37: =SUM(OFFSET('Luu chuyen tien te'!$BL31,0,0,1,'Thong tin'!$C$9)) -> 67565511 | E37: =SUM(OFFSET('Luu chuyen tien te'!$AZ31,0,0,1,'Thong tin'!$C$9)) -> 454849601
A38: Lưu chuyển tiền thuần từ hoạt động đầu tư | B38: =SUM(B31:B37) -> -10008842670 | C38: =SUM(C31:C37) -> -11366773112 | D38: =SUM(D31:D37) -> -10008842670 | E38: =SUM(E31:E37) -> -11366773112
A39: III. Lưu chuyển tiền từ hoạt động tài chính
A40: 1. Tiền thu từ phát hành cố phiếu, nhận vốn góp của chủ sở hữu | B40: =OFFSET('Luu chuyen tien te'!$BL34,0,'Thong tin'!$C$9 - 1) -> 94000000000 | C40: =OFFSET('Luu chuyen tien te'!$AZ34,0,'Thong tin'!$C$9 - 1) -> 0 | D40: =SUM(OFFSET('Luu chuyen tien te'!$BL34,0,0,1,'Thong tin'!$C$9)) -> 94000000000 | E40: =SUM(OFFSET('Luu chuyen tien te'!$AZ34,0,0,1,'Thong tin'!$C$9)) -> 0
A41: 2. Tiền trả lại vốn góp cho các chủ sở hữu, mua lại cổ phiểu đã phát hành | B41: =OFFSET('Luu chuyen tien te'!$BL35,0,'Thong tin'!$C$9 - 1) -> 0 | C41: =OFFSET('Luu chuyen tien te'!$AZ35,0,'Thong tin'!$C$9 - 1) -> 0 | D41: =SUM(OFFSET('Luu chuyen tien te'!$BL35,0,0,1,'Thong tin'!$C$9)) -> 0 | E41: =SUM(OFFSET('Luu chuyen tien te'!$AZ35,0,0,1,'Thong tin'!$C$9)) -> 0
A42: 3. Tiền thu từ đi vay | B42: =OFFSET('Luu chuyen tien te'!$BL36,0,'Thong tin'!$C$9 - 1) -> 56609988510 | C42: =OFFSET('Luu chuyen tien te'!$AZ36,0,'Thong tin'!$C$9 - 1) -> 2310562000 | D42: =SUM(OFFSET('Luu chuyen tien te'!$BL36,0,0,1,'Thong tin'!$C$9)) -> 56609988510 | E42: =SUM(OFFSET('Luu chuyen tien te'!$AZ36,0,0,1,'Thong tin'!$C$9)) -> 2310562000
A43: 4. Tiền trả nợ gốc vay | B43: =OFFSET('Luu chuyen tien te'!$BL37,0,'Thong tin'!$C$9 - 1) -> -101278931518 | C43: =OFFSET('Luu chuyen tien te'!$AZ37,0,'Thong tin'!$C$9 - 1) -> -33725113955 | D43: =SUM(OFFSET('Luu chuyen tien te'!$BL37,0,0,1,'Thong tin'!$C$9)) -> -101278931518 | E43: =SUM(OFFSET('Luu chuyen tien te'!$AZ37,0,0,1,'Thong tin'!$C$9)) -> -33725113955
A44: 5. Tiền trả nợ gốc thuê tài chính | B44: =OFFSET('Luu chuyen tien te'!$BL38,0,'Thong tin'!$C$9 - 1) -> -1647651024 | C44: =OFFSET('Luu chuyen tien te'!$AZ38,0,'Thong tin'!$C$9 - 1) -> -777777778 | D44: =SUM(OFFSET('Luu chuyen tien te'!$BL38,0,0,1,'Thong tin'!$C$9)) -> -1647651024 | E44: =SUM(OFFSET('Luu chuyen tien te'!$AZ38,0,0,1,'Thong tin'!$C$9)) -> -777777778
A45: 6. Cổ tức, lợi nhuận đã trả cho chủ sở hữu | B45: =OFFSET('Luu chuyen tien te'!$BL39,0,'Thong tin'!$C$9 - 1) -> 0 | C45: =OFFSET('Luu chuyen tien te'!$AZ39,0,'Thong tin'!$C$9 - 1) -> 0 | D45: =SUM(OFFSET('Luu chuyen tien te'!$BL39,0,0,1,'Thong tin'!$C$9)) -> 0 | E45: =SUM(OFFSET('Luu chuyen tien te'!$AZ39,0,0,1,'Thong tin'!$C$9)) -> 0
A46: Lưu chuyển tiền thuần từ hoạt động tài chính | B46: =SUM(B40:B45) -> 47683405968 | C46: =SUM(C40:C45) -> -32192329733 | D46: =SUM(D40:D45) -> 47683405968 | E46: =SUM(E40:E45) -> -32192329733
A47: Lưu chuyển tiền thuần trong kỳ | B47: =SUM(B29,B38,B46) -> 96055841563 | C47: =SUM(C29,C38,C46) -> 2.9883731e+10 | D47: =SUM(D29,D38,D46) -> 96055841563 | E47: =SUM(E29,E38,E46) -> 2.9883731e+10
A48: Tiền và tương đương tiền đầu kỳ | B48: =OFFSET('Luu chuyen tien te'!$BL42,0,'Thong tin'!$C$9 - 1) -> 63726156404 | C48: =OFFSET('Luu chuyen tien te'!$AZ42,0,'Thong tin'!$C$9 - 1) -> 7.8515947e+10 | D48: ='Luu chuyen tien te'!BL42 -> 63726156404 | E48: ='Luu chuyen tien te'!AZ42 -> 7.8515947e+10
A49: Ảnh hưởng của thay đổi tỷ giá hối đoái quy đổi ngoại tệ | B49: =OFFSET('Luu chuyen tien te'!$BL43,0,'Thong tin'!$C$9 - 1) -> 282378363 | C49: =OFFSET('Luu chuyen tien te'!$AZ43,0,'Thong tin'!$C$9 - 1) -> 357780096 | D49: =SUM(OFFSET('Luu chuyen tien te'!$BL43,0,0,1,'Thong tin'!$C$9)) -> 282378363 | E49: =SUM(OFFSET('Luu chuyen tien te'!$AZ43,0,0,1,'Thong tin'!$C$9)) -> 357780096
A50: Tiền và tương đương tiền cuối kỳ | B50: =SUM(B47:B49) -> 160064376330 | C50: =SUM(C47:C49) -> 1.0875746e+11 | D50: =SUM(D47:D49) -> 160064376330 | E50: =SUM(E47:E49) -> 1.0875746e+11
B51: 0 | C51: 0 | D51: 0 | E51: 0
D52: ='KQKD in'!F32 -> Lập, ngày 30 tháng 11 năm 2025
A53: KẾ TOÁN TRƯỞNG | D53: GIÁM ĐỐC
A59: ='Thong tin'!B16 -> Giang Văn Lộc | D59: ='Thong tin'!B19 -> Trần Duy Hy

Sheet Tinh hinh tai chinh
B1: ='Thong tin'!A1 -> CÔNG TY CP NHỰA TÁI CHẾ DUY TÂN
B2: VND
A3: Index BS | B3: PHẦN I-BÁO CÁO TÌNH HÌNH TÀI CHÍNH | C3: TenCongTyID | D3: T1.2021 | E3: T02.2021 | F3: T03.2021 | G3: T04.2021 | H3: T05.2021 | I3: T06.2021 | J3: T07.2021 | K3: T08.2021 | L3: T09.2021 | M3: T10.2021 | N3: T11.2021 | O3: T12.2021 | P3: T1.2022 | Q3: T02.2022 | R3: T03.2022 | S3: T04.2022 | T3: T05.2022 | U3: T06.2022 | V3: T07.2022 | W3: T08.2022 | X3: T09.2022 | Y3: T10.2022 | Z3: T11.2022 | AA3: T12.2022 | AB3: T1.2023 | AC3: T02.2023 | AD3: T03.2023 | AE3: T04.2023 | AF3: T05.2023 | AG3: T06.2023 | AH3: T07.2023 | AI3: T08.2023 | AJ3: T09.2023 | AK3: T10.2023 | AL3: T11.2023 | AM3: T12.2023 | AN3: T01.2024 | AO3: T02.2024 | AP3: T03.2024 | AQ3: T04.2024 | AR3: T05.2024 | AS3: T06.2024 | AT3: T07.2024 | AU3: T08.2024 | AV3: T09.2024 | AW3: T10.2024 | AX3: T11.2024 | AY3: T12.2024 | AZ3: T01.2025 | BA3: T02.2025 | BB3: T03.2025 | BC3: T04.2025 | BD3: T05.2025 | BE3: T06.2025 | BF3: T07.2025 | BG3: T08.2025 | BH3: T09.2025 | BI3: T10.2025 | BJ3: T11.2025 | BK3: T12.2025 | BL3: T01.2026 | BM3: T02.2026 | BN3: T03.2026 | BO3: T04.2026 | BP3: T05.2026 | BQ3: T06.2026 | BR3: T07.2026 | BS3: T08.2026 | BT3: T09.2026 | BU3: T10.2026 | BV3: T11.2026 | BW3: T12.2026
A4: 1 | B4: A-TÀI SẢN NGẮN HẠN | C4: 28 | D4: =SUM(D5,D8,D15,D23,D26,D30) -> 0 | E4: =SUM(E5,E8,E15,E23,E26,E30) -> 0 | F4: =SUM(F5,F8,F15,F23,F26,F30) -> 0 | G4: =SUM(G5,G8,G15,G23,G26,G30) -> 0 | H4: =SUM(H5,H8,H15,H23,H26,H30) -> 0 | I4: =SUM(I5,I8,I15,I23,I26,I30) -> 0 | J4: =SUM(J5,J8,J15,J23,J26,J30) -> 0 | K4: =SUM(K5,K8,K15,K23,K26,K30) -> 0 | ... AY4: =SUM(AY5,AY8,AY15,AY23,AY26,AY30) -> 1.0294215e+12 | AZ4: 943346625178 | BA4: 859080481889 | BB4: 9.1202252e+11 | BC4: 976848146781 | BD4: 1029083422325 | BE4: 1.0633737e+12 | BF4: 1.0584513e+12 | BG4: 1.1198022e+12 | BH4: 1.0988051e+12 | BI4: 1.0369397e+12 | BJ4: 1.0159101e+12 | BK4: 1006445367388 | BL4: 1.0523724e+12 | BM4: 1.046079e+12 | BN4: 9.9512057e+11 | BO4: 9.5578373e+11 | BP4: 1.0354979e+12 | BQ4: 9.7165087e+11 | BR4: =SUM(BR5,BR8,BR15,BR23,BR26,BR30) -> 0 | BS4: =SUM(BS5,BS8,BS15,BS23,BS26,BS30) -> 0 | BT4: =SUM(BT5,BT8,BT15,BT23,BT26,BT30) -> 0 | BU4: =SUM(BU5,BU8,BU15,BU23,BU26,BU30) -> 0 | BV4: =SUM(BV5,BV8,BV15,BV23,BV26,BV30) -> 0 | BW4: =SUM(BW5,BW8,BW15,BW23,BW26,BW30) -> 0
A5: 2 | B5: I.Tiền và các khoản tương đương tiền | C5: 28 | D5: =SUM(D6:D7) -> 0 | E5: =SUM(E6:E7) -> 0 | F5: =SUM(F6:F7) -> 0 | G5: =SUM(G6:G7) -> 0 | H5: =SUM(H6:H7) -> 0 | I5: =SUM(I6:I7) -> 0 | J5: =SUM(J6:J7) -> 0 | K5: =SUM(K6:K7) -> 0 | ... AY5: =SUM(AY6:AY7) -> 78515947311 | AZ5: 108757458297 | BA5: 63047560922 | BB5: 57546333332 | BC5: 72781093895 | BD5: 53850392378 | BE5: 47310681042 | BF5: 46943683940 | BG5: 52760383890 | BH5: 94749581700 | BI5: 86336513720 | BJ5: 82814145673 | BK5: 63726156404 | BL5: 160064376330 | BM5: 158595220342 | BN5: 147256262964 | BO5: 165964800039 | BP5: 156543872808 | BQ5: 152981154626 | BR5: =SUM(BR6:BR7) -> 0 | BS5: =SUM(BS6:BS7) -> 0 | BT5: =SUM(BT6:BT7) -> 0 | BU5: =SUM(BU6:BU7) -> 0 | BV5: =SUM(BV6:BV7) -> 0 | BW5: =SUM(BW6:BW7) -> 0
A6: 3 | B6: 1.Tiền | C6: 28 | AN6: 39793249760 | AO6: 29011802774 | AP6: 21563055917 | AQ6: 25763153167 | AR6: 24369136312 | AS6: 14808634542 | AT6: 48441006190 | AU6: 27599490170 | AV6: 41429525475 | AW6: 71014775934 | AX6: 74105192016 | AY6: 61515947311 | AZ6: 98917458297 | BA6: 53207560922 | BB6: 49746333332 | BC6: 64981093895 | BD6: 46850392378 | BE6: 40310681042 | BF6: 40943683940 | BG6: 46060383890 | BH6: 88049581700 | BI6: 51636513720 | BJ6: 50114145673 | BK6: 48026156404 | BL6: 50364376330 | BM6: 51895220342 | BN6: 36356262964 | BO6: 42964800039 | BP6: 41543872808 | BQ6: 36525890669
A7: 4 | B7: 2.Các khoản tương đương tiền | C7: 28 | AN7: 6840000000 | AO7: 6840000000 | AP7: 4830000000 | AQ7: 8830000000 | AR7: 8830000000 | AS7: 4830000000 | AT7: 7830000000 | AU7: 7830000000 | AV7: 7000000000 | AW7: 7000000000 | AX7: 7000000000 | AY7: 17000000000 | AZ7: 9840000000 | BA7: 9840000000 | BB7: 7800000000 | BC7: 7800000000 | BD7: 7000000000 | BE7: 7000000000 | BF7: 6000000000 | BG7: 6700000000 | BH7: 6700000000 | BI7: 34700000000 | BJ7: 32700000000 | BK7: 15700000000 | BL7: 109700000000 | BM7: 106700000000 | BN7: 110900000000 | BO7: 123000000000 | BP7: 115000000000 | BQ7: 116455263957
A8: 5 | B8: II.Đầu tư tài chính ngắn hạn | C8: 28 | D8: =SUM(D9:D14) -> 0 | E8: =SUM(E9:E14) -> 0 | F8: =SUM(F9:F14) -> 0 | G8: =SUM(G9:G14) -> 0 | H8: =SUM(H9:H14) -> 0 | I8: =SUM(I9:I14) -> 0 | J8: =SUM(J9:J14) -> 0 | K8: =SUM(K9:K14) -> 0 | ... AY8: =SUM(AY9:AY14) -> 78774661921 | AZ8: 2202000000 | BA8: 202000000 | BB8: 23042000000 | BC8: 23042000000 | BD8: 23042000000 | BE8: 23042000000 | BF8: 23042000000 | BG8: 23042000000 | BH8: 23042000000 | BI8: 33042000000 | BJ8: 33042000000 | BK8: 38542000000 | BL8: 38542000000 | BM8: 38542000000 | BN8: 38542000000 | BO8: 41042000000 | BP8: 41042000000 | BQ8: 41042000000 | BR8: =SUM(BR9:BR14) -> 0 | BS8: =SUM(BS9:BS14) -> 0 | BT8: =SUM(BT9:BT14) -> 0 | BU8: =SUM(BU9:BU14) -> 0 | BV8: =SUM(BV9:BV14) -> 0 | BW8: =SUM(BW9:BW14) -> 0
A9: 6 | B9: 1.Chứng khoán kinh doanh | C9: 28 | AN9: 0 | AO9: 0 | AP9: 0 | AQ9: 0 | AR9: 0 | AS9: 0 | AT9: 0 | AU9: 0 | AV9: 0 | AW9: 0 | AX9: 0 | AY9: 0 | AZ9: 0 | BA9: 0 | BB9: 0 | BC9: 0 | BD9: 0 | BE9: 0 | BF9: 0 | BG9: 0 | BH9: 0 | BI9: 0 | BJ9: 0 | BK9: 0 | BL9: 0 | BM9: 0 | BN9: 0 | BO9: 0 | BP9: 0 | BQ9: 0
A10: 7 | B10: 2.Dự phòng giảm giá chứng khoán kinh doanh (*) | C10: 28 | AN10: 0 | AO10: 0 | AP10: 0 | AQ10: 0 | AR10: 0 | AS10: 0 | AT10: 0 | AU10: 0 | AV10: 0 | AW10: 0 | AX10: 0 | AY10: 0 | AZ10: 0 | BA10: 0 | BB10: 0 | BC10: 0 | BD10: 0 | BE10: 0 | BF10: 0 | BG10: 0 | BH10: 0 | BI10: 0 | BJ10: 0 | BK10: 0 | BL10: 0 | BM10: 0 | BN10: 0 | BO10: 0 | BP10: 0 | BQ10: 0
A11: 8 | B11: 3.Đầu tư nắm giữ đến ngày đáo hạn ngắn hạn | C11: 28 | AN11: 108051581921 | AO11: 108041861921 | AP11: 108032141921 | AQ11: 97522421921 | AR11: 97512701921 | AS11: 77502981921 | AT11: 57993261921 | AU11: 57983541921 | AV11: 58813541921 | AW11: 58794101921 | AX11: 98794101921 | AY11: 78774661921 | AZ11: 2202000000 | BA11: 202000000 | BB11: 23042000000 | BC11: 23042000000 | BD11: 23042000000 | BE11: 23042000000 | BF11: 23042000000 | BG11: 23042000000 | BH11: 23042000000 | BI11: 33042000000 | BJ11: 33042000000 | BK11: 38542000000 | BL11: 38542000000 | BM11: 38542000000 | BN11: 38542000000 | BO11: 41042000000 | BP11: 41042000000 | BQ11: 41042000000
A12: 9 | B12: 4.Dự phòng đầu tư nắm giữ đến ngày đáo hạn ngắn hạn (*) | C12: 28 | AN12: 0 | AO12: 0 | AP12: 0 | AQ12: 0 | AR12: 0 | AS12: 0 | AT12: 0 | AU12: 0 | AV12: 0 | AW12: 0 | AX12: 0 | AY12: 0 | AZ12: 0 | BA12: 0 | BB12: 0 | BC12: 0 | BD12: 0 | BE12: 0 | BF12: 0 | BG12: 0 | BH12: 0 | BI12: 0 | BJ12: 0 | BK12: 0 | BL12: 0 | BM12: 0 | BN12: 0 | BO12: 0 | BP12: 0 | BQ12: 0
A13: 10 | B13: 5.Đầu tư ngắn hạn khác | C13: 28 | AN13: 0 | AO13: 0 | AP13: 0 | AQ13: 0 | AR13: 0 | AS13: 0 | AT13: 0 | AU13: 0 | AV13: 0 | AW13: 0 | AX13: 0 | AY13: 0 | AZ13: 0 | BA13: 0 | BB13: 0 | BC13: 0 | BD13: 0 | BE13: 0 | BF13: 0 | BG13: 0 | BH13: 0 | BI13: 0 | BJ13: 0 | BK13: 0 | BL13: 0 | BM13: 0 | BN13: 0 | BO13: 0 | BP13: 0 | BQ13: 0
A14: 11 | B14: 6.Dự phòng tổn thất các khoản đầu tư ngắn hạn khác (*) | C14: 28 | AN14: 0 | AO14: 0 | AP14: 0 | AQ14: 0 | AR14: 0 | AS14: 0 | AT14: 0 | AU14: 0 | AV14: 0 | AW14: 0 | AX14: 0 | AY14: 0 | AZ14: 0 | BA14: 0 | BB14: 0 | BC14: 0 | BD14: 0 | BE14: 0 | BF14: 0 | BG14: 0 | BH14: 0 | BI14: 0 | BJ14: 0 | BK14: 0 | BL14: 0 | BM14: 0 | BN14: 0 | BO14: 0 | BP14: 0 | BQ14: 0
A15: 12 | B15: III.Các khoản phải thu ngắn hạn | C15: 28 | D15: =SUM(D16:D22) -> 0 | E15: =SUM(E16:E22) -> 0 | F15: =SUM(F16:F22) -> 0 | G15: =SUM(G16:G22) -> 0 | H15: =SUM(H16:H22) -> 0 | I15: =SUM(I16:I22) -> 0 | J15: =SUM(J16:J22) -> 0 | K15: =SUM(K16:K22) -> 0 | ... AY15: =SUM(AY16:AY22) -> 226296560348 | AZ15: 217735728888 | BA15: 2.6007532e+11 | BB15: 310288883815 | BC15: 2.9689819e+11 | BD15: 3.5420726e+11 | BE15: 365571482051 | BF15: 339058924133 | BG15: 425113236252 | BH15: 357432202896 | BI15: 315052540892 | BJ15: 297501008911 | BK15: 310459942750 | BL15: 279961205359 | BM15: 3.0321697e+11 | BN15: 343051411345 | BO15: 341187593965 | BP15: 431651334653 | BQ15: 324263549252 | BR15: =SUM(BR16:BR22) -> 0 | BS15: =SUM(BS16:BS22) -> 0 | BT15: =SUM(BT16:BT22) -> 0 | BU15: =SUM(BU16:BU22) -> 0 | BV15: =SUM(BV16:BV22) -> 0 | BW15: =SUM(BW16:BW22) -> 0
A16: 13 | B16: 1.Phải thu ngắn hạn của khách hàng | C16: 28 | AN16: 139866573147 | AO16: 145639317187 | AP16: 145029363992 | AQ16: 158990592845 | AR16: 169879811667 | AS16: 169929811366 | AT16: 102331112462 | AU16: 127587662576 | AV16: 161236707683 | AW16: 156193512518 | AX16: 158918995344 | AY16: 159389289311 | AZ16: 104710029317 | BA16: 158254405997 | BB16: 200045097235 | BC16: 155380145983 | BD16: 167509298140 | BE16: 154486175751 | BF16: 153095689903 | BG16: 190031772805 | BH16: 157982845758 | BI16: 151626732436 | BJ16: 154563122279 | BK16: 154220517132 | BL16: 132729767167 | BM16: 1.4012581e+11 | BN16: 152517322708 | BO16: 177359967457 | BP16: 177880438140 | BQ16: 169141546389
A17: 14 | B17: 2.Trả trước cho người bán ngắn hạn | C17: 28 | AN17: 19848285706 | AO17: 18001368927 | AP17: 17409185425 | AQ17: 18980934468 | AR17: 18972917626 | AS17: 16946912554 | AT17: 15624304617 | AU17: 15352055458 | AV17: 12264421488 | AW17: 10758004465 | AX17: 12010431039 | AY17: 24401454639 | AZ17: 14819388431 | BA17: 17646304860 | BB17: 20708830735 | BC17: 26192684967 | BD17: 62897284043 | BE17: 65291388780 | BF17: 54584222857 | BG17: 69767861908 | BH17: 76188674935 | BI17: 71648142604 | BJ17: 61105796375 | BK17: 60848470883 | BL17: 68216577270 | BM17: 71732450749 | BN17: 84845735477 | BO17: 66925106351 | BP17: 153006350044 | BQ17: 40413561398
A18: 15 | B18: 3.Phải thu nội bộ ngắn hạn | C18: 28 | AN18: 0 | AO18: 0 | AP18: 0 | AQ18: 0 | AR18: 0 | AS18: 0 | AT18: 0 | AU18: 0 | AV18: 0 | AW18: 0 | AX18: 0 | AY18: 0 | AZ18: 0 | BA18: 0 | BB18: 0 | BC18: 0 | BD18: 0 | BE18: 0 | BF18: 0 | BG18: 0 | BH18: 0 | BI18: 0 | BJ18: 0 | BK18: 0 | BL18: 0 | BM18: 0 | BN18: 0 | BO18: 0 | BP18: 0 | BQ18: 0
A19: 16 | B19: 4.Phải thu theo tiến độ hợp đồng xây dựng | C19: 28 | AN19: 0 | AO19: 0 | AP19: 0 | AQ19: 0 | AR19: 0 | AS19: 0 | AT19: 0 | AU19: 0 | AV19: 0 | AW19: 0 | AX19: 0 | AY19: 0 | AZ19: 0 | BA19: 0 | BB19: 0 | BC19: 0 | BD19: 0 | BE19: 0 | BF19: 0 | BG19: 0 | BH19: 0 | BI19: 0 | BJ19: 0 | BK19: 0 | BL19: 0 | BM19: 0 | BN19: 0 | BO19: 0 | BP19: 0 | BQ19: 0
A20: 17 | B20: 5.Phải thu ngắn hạn khác | C20: 28 | AN20: 4.9691048e+10 | AO20: 3.0919005e+10 | AP20: 30825313041 | AQ20: 32782410538 | AR20: 3.334478e+10 | AS20: 6.1447479e+10 | AT20: 3.5510919e+10 | AU20: 3.5511786e+10 | AV20: 3.6150353e+10 | AW20: 3.651908e+10 | AX20: 7.2633112e+10 | AY20: 42505816398 | AZ20: 98206311140 | BA20: 8.4174609e+10 | BB20: 89534955845 | BC20: 1.1532535e+11 | BD20: 1.2380067e+11 | BE20: 145793917520 | BF20: 131379011373 | BG20: 165313601539 | BH20: 123260682203 | BI20: 91777665852 | BJ20: 81832090257 | BK20: 96000050435 | BL20: 78504042664 | BM20: 90712080902 | BN20: 105041727014 | BO20: 96255894011 | BP20: 100690688471 | BQ20: 115317537165
A21: 18 | B21: 6.Dự phòng phải thu ngắn hạn khó đòi (*) | C21: 28 | AN21: -120525864 | AO21: -120525864 | AP21: -120525864 | AQ21: -120525864 | AR21: -120525864 | AS21: -120525864 | AT21: -120525864 | AU21: -120525864 | AV21: -120525864 | AW21: -120525864 | AX21: 0 | AY21: 0 | AZ21: 0 | BA21: 0 | BB21: 0 | BC21: 0 | BD21: 0 | BE21: 0 | BF21: 0 | BG21: 0 | BH21: 0 | BI21: 0 | BJ21: 0 | BK21: -609095700 | BL21: -609095700 | BM21: -609095700 | BN21: -609095700 | BO21: -609095700 | BP21: -609095700 | BQ21: -609095700
A22: 19 | B22: 7.Tài sản thiếu chờ xử lý | C22: 28 | AN22: -524609275 | AO22: -524609275 | AP22: 7901392144 | AQ22: 7901392144 | AR22: -524609275 | AS22: -524609275 | AT22: -524609275 | AU22: -524609275 | AV22: -524609275 | AW22: -524609275 | AX22: -524609275 | AY22: 0 | AZ22: 0 | BA22: 0 | BB22: 0 | BC22: 0 | BD22: 0 | BE22: 0 | BF22: 0 | BG22: 0 | BH22: 0 | BI22: 0 | BJ22: 0 | BK22: 0 | BL22: 1119913958 | BM22: 1255721846 | BN22: 1255721846 | BO22: 1255721846 | BP22: 682953698 | BQ22: 0
A23: 20 | B23: IV. Hàng tồn kho | C23: 28 | D23: =SUM(D24:D25) -> 0 | E23: =SUM(E24:E25) -> 0 | F23: =SUM(F24:F25) -> 0 | G23: =SUM(G24:G25) -> 0 | H23: =SUM(H24:H25) -> 0 | I23: =SUM(I24:I25) -> 0 | J23: =SUM(J24:J25) -> 0 | K23: =SUM(K24:K25) -> 0 | ... AY23: =SUM(AY24:AY25) -> 6.143002e+11 | AZ23: 580289170770 | BA23: 5.0050711e+11 | BB23: 4.8064156e+11 | BC23: 5.3494809e+11 | BD23: 5.4006238e+11 | BE23: 5.5977409e+11 | BF23: 5.74369e+11 | BG23: 5.7275897e+11 | BH23: 5.7610944e+11 | BI23: 5.5585695e+11 | BJ23: 5.5808593e+11 | BK23: 570584514136 | BL23: 5.489099e+11 | BM23: 5.1846389e+11 | BN23: 4.3800273e+11 | BO23: 3.7807708e+11 | BP23: 3.7110144e+11 | BQ23: 4.0460838e+11 | BR23: =SUM(BR24:BR25) -> 0 | BS23: =SUM(BS24:BS25) -> 0 | BT23: =SUM(BT24:BT25) -> 0 | BU23: =SUM(BU24:BU25) -> 0 | BV23: =SUM(BV24:BV25) -> 0 | BW23: =SUM(BW24:BW25) -> 0
A24: 21 | B24: 1.Hàng tồn kho | C24: 28 | AN24: 4.3009648e+11 | AO24: 4.3730177e+11 | AP24: 4.7716206e+11 | AQ24: 5.176144e+11 | AR24: 5.5763302e+11 | AS24: 6.1374291e+11 | AT24: 6.3087678e+11 | AU24: 5.7103508e+11 | AV24: 5.6234867e+11 | AW24: 5.581177e+11 | AX24: 5.9990299e+11 | AY24: 6.143002e+11 | AZ24: 580289170770 | BA24: 5.0050711e+11 | BB24: 4.8064156e+11 | BC24: 5.3494809e+11 | BD24: 5.4006238e+11 | BE24: 5.5977409e+11 | BF24: 5.74369e+11 | BG24: 5.7275897e+11 | BH24: 5.7610944e+11 | BI24: 5.5585695e+11 | BJ24: 5.5808593e+11 | BK24: 570584514136 | BL24: 5.489099e+11 | BM24: 5.1846389e+11 | BN24: 4.3800273e+11 | BO24: 3.7807708e+11 | BP24: 3.7110144e+11 | BQ24: 4.0460838e+11
A25: 22 | B25: 2.Dự phòng giảm giá hàng tồn kho (*) | C25: 28 | AN25: 0 | AO25: 0 | AP25: 0 | AQ25: 0 | AR25: 0 | AS25: 0 | AT25: 0 | AU25: 0 | AV25: 0 | AW25: 0 | AX25: 0 | AY25: 0 | AZ25: 0 | BA25: 0 | BB25: 0 | BC25: 0 | BD25: 0 | BE25: 0 | BF25: 0 | BG25: 0 | BH25: 0 | BI25: 0 | BJ25: 0 | BK25: 0 | BL25: 0 | BM25: 0 | BN25: 0 | BO25: 0 | BP25: 0 | BQ25: 0
A26: 23 | B26: V. Tài sản sinh học ngắn hạn | C26: 28 | D26: =SUM(D27:D29) -> 0 | E26: =SUM(E27:E29) -> 0 | F26: =SUM(F27:F29) -> 0 | G26: =SUM(G27:G29) -> 0 | H26: =SUM(H27:H29) -> 0 | I26: =SUM(I27:I29) -> 0 | J26: =SUM(J27:J29) -> 0 | K26: =SUM(K27:K29) -> 0 | ... AY26: =SUM(AY27:AY29) -> 0 | AZ26: 0 | BA26: 0 | BB26: 0 | BC26: 0 | BD26: 0 | BE26: 0 | BF26: 0 | BG26: 0 | BH26: 0 | BI26: 0 | BJ26: 0 | BK26: 0 | BL26: 0 | BM26: 0 | BN26: 0 | BO26: 0 | BP26: 0 | BQ26: 0 | BR26: =SUM(BR27:BR29) -> 0 | BS26: =SUM(BS27:BS29) -> 0 | BT26: =SUM(BT27:BT29) -> 0 | BU26: =SUM(BU27:BU29) -> 0 | BV26: =SUM(BV27:BV29) -> 0 | BW26: =SUM(BW27:BW29) -> 0
A27: 24 | B27: 1.Súc vật nuôi lấy sản phẩm một lần ngắn hạn | C27: 28 | AZ27: 0 | BA27: 0 | BB27: 0 | BC27: 0 | BD27: 0 | BE27: 0 | BF27: 0 | BG27: 0 | BH27: 0 | BI27: 0 | BJ27: 0 | BK27: 0 | BL27: 0 | BM27: 0 | BN27: 0 | BO27: 0 | BP27: 0 | BQ27: 0
A28: 25 | B28: 2.Cây trồng theo mùa vụ hoặc lấy sản phẩm một lần ngắn hạn | C28: 28 | AZ28: 0 | BA28: 0 | BB28: 0 | BC28: 0 | BD28: 0 | BE28: 0 | BF28: 0 | BG28: 0 | BH28: 0 | BI28: 0 | BJ28: 0 | BK28: 0 | BL28: 0 | BM28: 0 | BN28: 0 | BO28: 0 | BP28: 0 | BQ28: 0
A29: 26 | B29: 3.Dự phòng tổn thất tài sản sinh học ngắn hạn (*) | C29: 28 | AZ29: 0 | BA29: 0 | BB29: 0 | BC29: 0 | BD29: 0 | BE29: 0 | BF29: 0 | BG29: 0 | BH29: 0 | BI29: 0 | BJ29: 0 | BK29: 0 | BL29: 0 | BM29: 0 | BN29: 0 | BO29: 0 | BP29: 0 | BQ29: 0
A30: 27 | B30: VI. Tài sản ngắn hạn khác | C30: 28 | D30: =SUM(D31:D35) -> 0 | E30: =SUM(E31:E35) -> 0 | F30: =SUM(F31:F35) -> 0 | G30: =SUM(G31:G35) -> 0 | H30: =SUM(H31:H35) -> 0 | I30: =SUM(I31:I35) -> 0 | J30: =SUM(J31:J35) -> 0 | K30: =SUM(K31:K35) -> 0 | ... AY30: =SUM(AY31:AY35) -> 31534122458 | AZ30: 34362267223 | BA30: 35248494736 | BB30: 40503750775 | BC30: 49178776302 | BD30: 57921393429 | BE30: 67675492589 | BF30: 75037706236 | BG30: 46127608829 | BH30: 47471844315 | BI30: 46651672817 | BJ30: 44467014084 | BK30: 23132754098 | BL30: 24894891645 | BM30: 27260943738 | BN30: 28268158761 | BO30: 29512254853 | BP30: 35159235988 | BQ30: 48755784940 | BR30: =SUM(BR31:BR35) -> 0 | BS30: =SUM(BS31:BS35) -> 0 | BT30: =SUM(BT31:BT35) -> 0 | BU30: =SUM(BU31:BU35) -> 0 | BV30: =SUM(BV31:BV35) -> 0 | BW30: =SUM(BW31:BW35) -> 0
A31: 28 | B31: 1.Chi phí chờ phân bổ ngắn hạn | C31: 28 | AN31: 7035999486 | AO31: 8848304154 | AP31: 7783371139 | AQ31: 8731138492 | AR31: 8451404044 | AS31: 9556103747 | AT31: 11050173464 | AU31: 11388113648 | AV31: 12602861919 | AW31: 11727591383 | AX31: 10973880534 | AY31: 10657489774 | AZ31: 11395924021 | BA31: 11989589155 | BB31: 11598601196 | BC31: 10468261049 | BD31: 9171782469 | BE31: 14684835555 | BF31: 15885866296 | BG31: 16474015139 | BH31: 13849463748 | BI31: 11763139600 | BJ31: 9200737004 | BK31: 9528997722 | BL31: 8760714009 | BM31: 7853530050 | BN31: 8398294453 | BO31: 9369872729 | BP31: 10243788263 | BQ31: 9584774939
A32: 29 | B32: 2.Thuế GTGT được khấu trừ | C32: 28 | AN32: 41926900930 | AO32: 43981339223 | AP32: 46171681706 | AQ32: 51636650946 | AR32: 56579510013 | AS32: 32789088899 | AT32: 36250538837 | AU32: 37779643794 | AV32: 44831223018 | AW32: 48983963098 | AX32: 22259084600 | AY32: 20876632684 | AZ32: 22966343202 | BA32: 23255035548 | BB32: 28905149579 | BC32: 38710515253 | BD32: 48749610960 | BE32: 52990657034 | BF32: 59140177682 | BG32: 29653593690 | BH32: 33622380567 | BI32: 34888533217 | BJ32: 35266277080 | BK32: 13603756376 | BL32: 15814070933 | BM32: 19039790084 | BN32: 19387371189 | BO32: 19651522849 | BP32: 24397240178 | BQ32: 39171010001
A33: 30 | B33: 3.Thuế và các khoản khác phải thu Nhà nước | C33: 28 | AN33: 0 | AO33: 88589162 | AP33: 55097709 | AQ33: 31197496 | AR33: 44321343 | AS33: 68824795 | AT33: 46083769 | AU33: 95495670 | AV33: 49020929 | AW33: 51867679 | AX33: 45050425 | AY33: 0 | AZ33: 0 | BA33: 3870033 | BB33: 0 | BC33: 0 | BD33: 0 | BE33: 0 | BF33: 11662258 | BG33: 0 | BH33: 0 | BI33: 0 | BJ33: 0 | BK33: 0 | BL33: 320106703 | BM33: 367623604 | BN33: 482493119 | BO33: 490859275 | BP33: 518207547 | BQ33: 0
A34: 31 | B34: 4.Giao dịch mua bán lại trái phiếu Chính phủ | C34: 28 | AN34: 0 | AO34: 0 | AP34: 0 | AQ34: 0 | AR34: 0 | AS34: 0 | AT34: 0 | AU34: 0 | AV34: 0 | AW34: 0 | AX34: 0 | AY34: 0 | AZ34: 0 | BA34: 0 | BB34: 0 | BC34: 0 | BD34: 0 | BE34: 0 | BF34: 0 | BG34: 0 | BH34: 0 | BI34: 0 | BJ34: 0 | BK34: 0 | BL34: 0 | BM34: 0 | BN34: 0 | BO34: 0 | BP34: 0 | BQ34: 0
A35: 32 | B35: 5.Tài sản ngắn hạn khác | C35: 28 | AN35: 0 | AO35: 0 | AP35: 0 | AQ35: 0 | AR35: 0 | AS35: 0 | AT35: 0 | AU35: 0 | AV35: 0 | AW35: 0 | AX35: 0 | AY35: 0 | AZ35: 0 | BA35: 0 | BB35: 0 | BC35: 0 | BD35: 0 | BE35: 0 | BF35: 0 | BG35: 0 | BH35: 0 | BI35: 0 | BJ35: 0 | BK35: 0 | BL35: 0 | BM35: 0 | BN35: 0 | BO35: 0 | BP35: 0 | BQ35: 0
A36: 33 | B36: B-TÀI SẢN DÀI HẠN | C36: 28 | D36: =SUM(D37,D44,D54,D63,D66,D69,D76) -> 0 | E36: =SUM(E37,E44,E54,E63,E66,E69,E76) -> 0 | F36: =SUM(F37,F44,F54,F63,F66,F69,F76) -> 0 | G36: =SUM(G37,G44,G54,G63,G66,G69,G76) -> 0 | H36: =SUM(H37,H44,H54,H63,H66,H69,H76) -> 0 | I36: =SUM(I37,I44,I54,I63,I66,I69,I76) -> 0 | J36: =SUM(J37,J44,J54,J63,J66,J69,J76) -> 0 | K36: =SUM(K37,K44,K54,K63,K66,K69,K76) -> 0 | ... AY36: =SUM(AY37,AY44,AY54,AY63,AY66,AY69,AY76) -> 336474874329 | AZ36: 340380140059 | BA36: 335623957890 | BB36: 337167352653 | BC36: 345195829633 | BD36: 349130154104 | BE36: 349265800786 | BF36: 347766774950 | BG36: 347596408883 | BH36: 354522543809 | BI36: 365541010978 | BJ36: 364826588171 | BK36: 370861183445 | BL36: 371950740747 | BM36: 393184153968 | BN36: 400308290666 | BO36: 422096241613 | BP36: 423309149685 | BQ36: 554209421810 | BR36: =SUM(BR37,BR44,BR54,BR63,BR66,BR69,BR76) -> 0 | BS36: =SUM(BS37,BS44,BS54,BS63,BS66,BS69,BS76) -> 0 | BT36: =SUM(BT37,BT44,BT54,BT63,BT66,BT69,BT76) -> 0 | BU36: =SUM(BU37,BU44,BU54,BU63,BU66,BU69,BU76) -> 0 | BV36: =SUM(BV37,BV44,BV54,BV63,BV66,BV69,BV76) -> 0 | BW36: =SUM(BW37,BW44,BW54,BW63,BW66,BW69,BW76) -> 0
A37: 34 | B37: I.Các khoản phải thu dài hạn | C37: 28 | D37: =SUM(D38:D43) -> 0 | E37: =SUM(E38:E43) -> 0 | F37: =SUM(F38:F43) -> 0 | G37: =SUM(G38:G43) -> 0 | H37: =SUM(H38:H43) -> 0 | I37: =SUM(I38:I43) -> 0 | J37: =SUM(J38:J43) -> 0 | K37: =SUM(K38:K43) -> 0 | ... AY37: =SUM(AY38:AY43) -> 6530823092 | AZ37: 6530823092 | BA37: 6530823092 | BB37: 6530823092 | BC37: 6530823092 | BD37: 6530823092 | BE37: 6530823092 | BF37: 6530823092 | BG37: 6530823092 | BH37: 6530823092 | BI37: 6530823092 | BJ37: 6530823092 | BK37: 5600000000 | BL37: 5315314211 | BM37: 5315314211 | BN37: 5315314211 | BO37: 5315314210 | BP37: 5315314210 | BQ37: 5315314210 | BR37: =SUM(BR38:BR43) -> 0 | BS37: =SUM(BS38:BS43) -> 0 | BT37: =SUM(BT38:BT43) -> 0 | BU37: =SUM(BU38:BU43) -> 0 | BV37: =SUM(BV38:BV43) -> 0 | BW37: =SUM(BW38:BW43) -> 0
A38: 35 | B38: 1.Phải thu dài hạn của khách hàng | C38: 28 | AN38: 0 | AO38: 0 | AP38: 0 | AQ38: 0 | AR38: 0 | AS38: 0 | AT38: 0 | AU38: 0 | AV38: 0 | AW38: 0 | AX38: 0 | AY38: 0 | AZ38: 0 | BA38: 0 | BB38: 0 | BC38: 0 | BD38: 0 | BE38: 0 | BF38: 0 | BG38: 0 | BH38: 0 | BI38: 0 | BJ38: 0 | BK38: 0 | BL38: 0 | BM38: 0 | BN38: 0 | BO38: 0 | BP38: 0 | BQ38: 0
A39: 36 | B39: 2.Trả trước cho người bán dài hạn | C39: 28 | AN39: 0 | AO39: 0 | AP39: 0 | AQ39: 0 | AR39: 0 | AS39: 0 | AT39: 0 | AU39: 0 | AV39: 0 | AW39: 0 | AX39: 0 | AY39: 0 | AZ39: 0 | BA39: 0 | BB39: 0 | BC39: 0 | BD39: 0 | BE39: 0 | BF39: 0 | BG39: 0 | BH39: 0 | BI39: 0 | BJ39: 0 | BK39: 0 | BL39: 0 | BM39: 0 | BN39: 0 | BO39: 0 | BP39: 0 | BQ39: 0
A40: 37 | B40: 3.Vốn kinh doanh ở đơn vị trực thuộc | C40: 28 | AN40: 0 | AO40: 0 | AP40: 0 | AQ40: 0 | AR40: 0 | AS40: 0 | AT40: 0 | AU40: 0 | AV40: 0 | AW40: 0 | AX40: 0 | AY40: 0 | AZ40: 0 | BA40: 0 | BB40: 0 | BC40: 0 | BD40: 0 | BE40: 0 | BF40: 0 | BG40: 0 | BH40: 0 | BI40: 0 | BJ40: 0 | BK40: 0 | BL40: 0 | BM40: 0 | BN40: 0 | BO40: 0 | BP40: 0 | BQ40: 0
A41: 38 | B41: 4.Phải thu nội bộ dài hạn | C41: 28 | AN41: 0 | AO41: 0 | AP41: 0 | AQ41: 0 | AR41: 0 | AS41: 0 | AT41: 0 | AU41: 0 | AV41: 0 | AW41: 0 | AX41: 0 | AY41: 0 | AZ41: 0 | BA41: 0 | BB41: 0 | BC41: 0 | BD41: 0 | BE41: 0 | BF41: 0 | BG41: 0 | BH41: 0 | BI41: 0 | BJ41: 0 | BK41: 0 | BL41: 0 | BM41: 0 | BN41: 0 | BO41: 0 | BP41: 0 | BQ41: 0
A42: 39 | B42: 5.Phải thu dài hạn khác | C42: 28 | AN42: 240000000 | AO42: 240000000 | AP42: 240000000 | AQ42: 240000000 | AR42: 240000000 | AS42: 1140000000 | AT42: 930823092 | AU42: 930823092 | AV42: 930823092 | AW42: 930823092 | AX42: 930823092 | AY42: 6530823092 | AZ42: 6530823092 | BA42: 6530823092 | BB42: 6530823092 | BC42: 6530823092 | BD42: 6530823092 | BE42: 6530823092 | BF42: 6530823092 | BG42: 6530823092 | BH42: 6530823092 | BI42: 6530823092 | BJ42: 6530823092 | BK42: 5600000000 | BL42: 5315314211 | BM42: 5315314211 | BN42: 5315314211 | BO42: 5315314210 | BP42: 5315314210 | BQ42: 5315314210
A43: 40 | B43: 6.Dự phòng phải thu dài hạn khó đòi (*) | C43: 28 | AN43: 0 | AO43: 0 | AP43: 0 | AQ43: 0 | AR43: 0 | AS43: 0 | AT43: 0 | AU43: 0 | AV43: 0 | AW43: 0 | AX43: 0 | AY43: 0 | AZ43: 0 | BA43: 0 | BB43: 0 | BC43: 0 | BD43: 0 | BE43: 0 | BF43: 0 | BG43: 0 | BH43: 0 | BI43: 0 | BJ43: 0 | BK43: 0 | BL43: 0 | BM43: 0 | BN43: 0 | BO43: 0 | BP43: 0 | BQ43: 0
A44: 41 | B44: II.Tài sản cố định | C44: 28 | D44: =SUM(D45,D48,D51) -> 0 | E44: =SUM(E45,E48,E51) -> 0 | F44: =SUM(F45,F48,F51) -> 0 | G44: =SUM(G45,G48,G51) -> 0 | H44: =SUM(H45,H48,H51) -> 0 | I44: =SUM(I45,I48,I51) -> 0 | J44: =SUM(J45,J48,J51) -> 0 | K44: =SUM(K45,K48,K51) -> 0 | ... AY44: =SUM(AY45,AY48,AY51) -> 284367832366 | AZ44: 280850195913 | BA44: 286751550270 | BB44: 290751177313 | BC44: 287962022032 | BD44: 282781975426 | BE44: 278127416000 | BF44: 275654584449 | BG44: 293217640642 | BH44: 289918627327 | BI44: 287386592779 | BJ44: 291084744995 | BK44: 289479799346 | BL44: 289420127851 | BM44: 290580920269 | BN44: 311554672138 | BO44: 315947544274 | BP44: 313156045927 | BQ44: 321146726830 | BR44: =SUM(BR45,BR48,BR51) -> 0 | BS44: =SUM(BS45,BS48,BS51) -> 0 | BT44: =SUM(BT45,BT48,BT51) -> 0 | BU44: =SUM(BU45,BU48,BU51) -> 0 | BV44: =SUM(BV45,BV48,BV51) -> 0 | BW44: =SUM(BW45,BW48,BW51) -> 0
A45: 42 | B45: 1.Tài sản cố định hữu hình | C45: 28 | D45: =SUM(D46:D47) -> 0 | E45: =SUM(E46:E47) -> 0 | F45: =SUM(F46:F47) -> 0 | G45: =SUM(G46:G47) -> 0 | H45: =SUM(H46:H47) -> 0 | I45: =SUM(I46:I47) -> 0 | J45: =SUM(J46:J47) -> 0 | K45: =SUM(K46:K47) -> 0 | ... AY45: =SUM(AY46:AY47) -> 257088680605 | AZ45: 254173542509 | BA45: 260677395229 | BB45: 264791909848 | BC45: 262618797672 | BD45: 258054794170 | BE45: 254016277850 | BF45: 252159489399 | BG45: 270337414891 | BH45: 265713293890 | BI45: 263835030905 | BJ45: 268186954686 | BK45: 267235780601 | BL45: 268060842069 | BM45: 269154387249 | BN45: 290063568969 | BO45: 294648870961 | BP45: 292049802458 | BQ45: 300232913210 | BR45: =SUM(BR46:BR47) -> 0 | BS45: =SUM(BS46:BS47) -> 0 | BT45: =SUM(BT46:BT47) -> 0 | BU45: =SUM(BU46:BU47) -> 0 | BV45: =SUM(BV46:BV47) -> 0 | BW45: =SUM(BW46:BW47) -> 0
A46: 43 | B46: Nguyên giá TSCĐ HH | C46: 28 | AN46: 320763061585 | AO46: 320763061585 | AP46: 354111019751 | AQ46: 360410194088 | AR46: 362896921284 | AS46: 362777184617 | AT46: 364651866569 | AU46: 374855872549 | AV46: 376024168845 | AW46: 380073671166 | AX46: 358508874510 | AY46: 359916452008 | AZ46: 361070968177 | BA46: 371841366827 | BB46: 380424978133 | BC46: 382236063184 | BD46: 382230780224 | BE46: 382070975608 | BF46: 384541494580 | BG46: 406915782897 | BH46: 407229367127 | BI46: 410101780731 | BJ46: 419369408793 | BK46: 423259856618 | BL46: 426876282673 | BM46: 430632774491 | BN46: 454216171425 | BO46: 461639337242 | BP46: 461870467582 | BQ46: 472954087148
A47: 44 | B47: Giá trị hao mòn luỹ kế TSCĐ HH(*) | C47: 28 | AN47: -73076749723 | AO47: -76974008118 | AP47: -80867720017 | AQ47: -84844901651 | AR47: -89050159389 | AS47: -93201822118 | AT47: -97426343797 | AU47: -101501034618 | AV47: -105888501919 | AW47: -110153310422 | AX47: -98611108200 | AY47: -102827771403 | AZ47: -106897425668 | BA47: -111163971598 | BB47: -115633068285 | BC47: -119617265512 | BD47: -124175986054 | BE47: -128054697758 | BF47: -132382005181 | BG47: -136578368006 | BH47: -141516073237 | BI47: -146266749826 | BJ47: -151182454107 | BK47: -156024076017 | BL47: -158815440604 | BM47: -161478387242 | BN47: -164152602456 | BO47: -166990466281 | BP47: -169820665124 | BQ47: -172721173938
A48: 45 | B48: 2. Tài sản cố định thuê tài chính | C48: 28 | D48: =SUM(D49:D50) -> 0 | E48: =SUM(E49:E50) -> 0 | F48: =SUM(F49:F50) -> 0 | G48: =SUM(G49:G50) -> 0 | H48: =SUM(H49:H50) -> 0 | I48: =SUM(I49:I50) -> 0 | J48: =SUM(J49:J50) -> 0 | K48: =SUM(K49:K50) -> 0 | ... AY48: =SUM(AY49:AY50) -> 24929281727 | AZ48: 24387235175 | BA48: 23853580028 | BB48: 23319924886 | BC48: 22786269743 | BD48: 22252614599 | BE48: 21718959455 | BF48: 21185304314 | BG48: 20651649171 | BH48: 20117994030 | BI48: 19584338888 | BJ48: 19050683744 | BK48: 18517028601 | BL48: 17684886028 | BM48: 17550400741 | BN48: 17415915447 | BO48: 17281430151 | BP48: 17146944864 | BQ48: 17012459573 | BR48: =SUM(BR49:BR50) -> 0 | BS48: =SUM(BS49:BS50) -> 0 | BT48: =SUM(BT49:BT50) -> 0 | BU48: =SUM(BU49:BU50) -> 0 | BV48: =SUM(BV49:BV50) -> 0 | BW48: =SUM(BW49:BW50) -> 0
A49: 46 | B49: Nguyên giá TSCĐ thuê tài chính | C49: 28 | AN49: 55000000 | AO49: 55000000 | AP49: 55000000 | AQ49: 55000000 | AR49: 55000000 | AS49: 55000000 | AT49: 55000000 | AU49: 55000000 | AV49: 55000000 | AW49: 55000000 | AX49: 25509545455 | AY49: 25509545455 | AZ49: 25454545455 | BA49: 25454545455 | BB49: 25454545455 | BC49: 25454545455 | BD49: 25454545455 | BE49: 25454545455 | BF49: 25454545455 | BG49: 25454545455 | BH49: 25454545455 | BI49: 25454545455 | BJ49: 25454545455 | BK49: 25454545455 | BL49: 24160519140 | BM49: 24160519140 | BN49: 24160519140 | BO49: 24160519140 | BP49: 24160519140 | BQ49: 24160519140
A50: 47 | B50: Giá trị hao mòn luỹ kế TSCĐ thuê tài chính | C50: 28 | AN50: -33456416 | AO50: -34652068 | AP50: -35847720 | AQ50: -37043372 | AR50: -38239024 | AS50: -39434676 | AT50: -40630328 | AU50: -41825980 | AV50: -43021632 | AW50: -44217284 | AX50: -45412936 | AY50: -580263728 | AZ50: -1067310280 | BA50: -1600965427 | BB50: -2134620569 | BC50: -2668275712 | BD50: -3201930856 | BE50: -3735586000 | BF50: -4269241141 | BG50: -4802896284 | BH50: -5336551425 | BI50: -5870206567 | BJ50: -6403861711 | BK50: -6937516854 | BL50: -6475633112 | BM50: -6610118399 | BN50: -6744603693 | BO50: -6879088989 | BP50: -7013574276 | BQ50: -7148059567
A51: 48 | B51: 3. Tài sản cố định vô hình | C51: 28 | D51: =SUM(D52:D53) -> 0 | E51: =SUM(E52:E53) -> 0 | F51: =SUM(F52:F53) -> 0 | G51: =SUM(G52:G53) -> 0 | H51: =SUM(H52:H53) -> 0 | I51: =SUM(I52:I53) -> 0 | J51: =SUM(J52:J53) -> 0 | K51: =SUM(K52:K53) -> 0 | ... AY51: =SUM(AY52:AY53) -> 2349870034 | AZ51: 2289418229 | BA51: 2220575013 | BB51: 2639342579 | BC51: 2556954617 | BD51: 2474566657 | BE51: 2392178695 | BF51: 2309790736 | BG51: 2228576580 | BH51: 4087339407 | BI51: 3967222986 | BJ51: 3847106565 | BK51: 3726990144 | BL51: 3674399754 | BM51: 3876132279 | BN51: 4075187722 | BO51: 4017243162 | BP51: 3959298605 | BQ51: 3901354047 | BR51: =SUM(BR52:BR53) -> 0 | BS51: =SUM(BS52:BS53) -> 0 | BT51: =SUM(BT52:BT53) -> 0 | BU51: =SUM(BU52:BU53) -> 0 | BV51: =SUM(BV52:BV53) -> 0 | BW51: =SUM(BW52:BW53) -> 0
A52: 49 | B52: Nguyên giá TSCĐ vô hình | C52: 28 | AN52: 3076542391 | AO52: 3076542391 | AP52: 3507842430 | AQ52: 3507842430 | AR52: 3507842430 | AS52: 3507842430 | AT52: 3507842430 | AU52: 3507842430 | AV52: 3507842430 | AW52: 3507842430 | AX52: 3507842430 | AY52: 4036965329 | AZ52: 4091965329 | BA52: 4091965329 | BB52: 4579576112 | BC52: 4579576112 | BD52: 4579576112 | BE52: 4579576112 | BF52: 4579576112 | BG52: 4579576112 | BH52: 6518070070 | BI52: 6518070070 | BJ52: 6518070070 | BK52: 6518070070 | BL52: 6518070070 | BM52: 6775070070 | BN52: 7032070070 | BO52: 7032070070 | BP52: 7032070070 | BQ52: 7032070070
A53: 50 | B53: Giá trị hao mòn luỹ kế TSCĐ vô hình(*) | C53: 28 | AN53: -1128609639 | AO53: -1169578788 | AP53: -1210547938 | AQ53: -1263497644 | AR53: -1316447350 | AS53: -1369397059 | AT53: -1422346765 | AU53: -1475296470 | AV53: -1528246177 | AW53: -1581195884 | AX53: -1634145589 | AY53: -1687095295 | AZ53: -1802547100 | BA53: -1871390316 | BB53: -1940233533 | BC53: -2022621495 | BD53: -2105009455 | BE53: -2187397417 | BF53: -2269785376 | BG53: -2350999532 | BH53: -2430730663 | BI53: -2550847084 | BJ53: -2670963505 | BK53: -2791079926 | BL53: -2843670316 | BM53: -2898937791 | BN53: -2956882348 | BO53: -3014826908 | BP53: -3072771465 | BQ53: -3130716023
A54: 51 | B54: III.Tài sản sinh học dài hạn | C54: 28 | D54: =SUM(D55,D60:D62) -> 0 | E54: =SUM(E55,E60:E62) -> 0 | F54: =SUM(F55,F60:F62) -> 0 | G54: =SUM(G55,G60:G62) -> 0 | H54: =SUM(H55,H60:H62) -> 0 | I54: =SUM(I55,I60:I62) -> 0 | J54: =SUM(J55,J60:J62) -> 0 | K54: =SUM(K55,K60:K62) -> 0 | ... AY54: =SUM(AY55,AY60:AY62) -> 0 | AZ54: 0 | BA54: 0 | BB54: 0 | BC54: 0 | BD54: 0 | BE54: 0 | BF54: 0 | BG54: 0 | BH54: 0 | BI54: 0 | BJ54: 0 | BK54: 0 | BL54: 0 | BM54: 0 | BN54: 0 | BO54: 0 | BP54: 0 | BQ54: 0 | BR54: =SUM(BR55,BR60:BR62) -> 0 | BS54: =SUM(BS55,BS60:BS62) -> 0 | BT54: =SUM(BT55,BT60:BT62) -> 0 | BU54: =SUM(BU55,BU60:BU62) -> 0 | BV54: =SUM(BV55,BV60:BV62) -> 0 | BW54: =SUM(BW55,BW60:BW62) -> 0
A55: 52 | B55: 1.Súc vật nuôi cho sản phẩm định kỳ | C55: 28 | D55: =SUM(D56:D57) -> 0 | E55: =SUM(E56:E57) -> 0 | F55: =SUM(F56:F57) -> 0 | G55: =SUM(G56:G57) -> 0 | H55: =SUM(H56:H57) -> 0 | I55: =SUM(I56:I57) -> 0 | J55: =SUM(J56:J57) -> 0 | K55: =SUM(K56:K57) -> 0 | ... AY55: =SUM(AY56:AY57) -> 0 | AZ55: 0 | BA55: 0 | BB55: 0 | BC55: 0 | BD55: 0 | BE55: 0 | BF55: 0 | BG55: 0 | BH55: 0 | BI55: 0 | BJ55: 0 | BK55: 0 | BL55: 0 | BM55: 0 | BN55: 0 | BO55: 0 | BP55: 0 | BQ55: 0 | BR55: =SUM(BR56:BR57) -> 0 | BS55: =SUM(BS56:BS57) -> 0 | BT55: =SUM(BT56:BT57) -> 0 | BU55: =SUM(BU56:BU57) -> 0 | BV55: =SUM(BV56:BV57) -> 0 | BW55: =SUM(BW56:BW57) -> 0
A56: 53 | B56: a)Súc vật nuôi cho sản phẩm định kỳ chưa đến giai đoạn trưởng thành | C56: 28 | AZ56: 0 | BA56: 0 | BB56: 0 | BC56: 0 | BD56: 0 | BE56: 0 | BF56: 0 | BG56: 0 | BH56: 0 | BI56: 0 | BJ56: 0 | BK56: 0 | BL56: 0 | BM56: 0 | BN56: 0 | BO56: 0 | BP56: 0 | BQ56: 0
A57: 54 | B57: b)Súc vật nuôi cho sản phẩm định kỳ đến giai đoạn trưởng thành | C57: 28 | D57: =SUM(D58:D59) -> 0 | E57: =SUM(E58:E59) -> 0 | F57: =SUM(F58:F59) -> 0 | G57: =SUM(G58:G59) -> 0 | H57: =SUM(H58:H59) -> 0 | I57: =SUM(I58:I59) -> 0 | J57: =SUM(J58:J59) -> 0 | K57: =SUM(K58:K59) -> 0 | ... AY57: =SUM(AY58:AY59) -> 0 | AZ57: 0 | BA57: 0 | BB57: 0 | BC57: 0 | BD57: 0 | BE57: 0 | BF57: 0 | BG57: 0 | BH57: 0 | BI57: 0 | BJ57: 0 | BK57: 0 | BL57: 0 | BM57: 0 | BN57: 0 | BO57: 0 | BP57: 0 | BQ57: 0 | BR57: =SUM(BR58:BR59) -> 0 | BS57: =SUM(BS58:BS59) -> 0 | BT57: =SUM(BT58:BT59) -> 0 | BU57: =SUM(BU58:BU59) -> 0 | BV57: =SUM(BV58:BV59) -> 0 | BW57: =SUM(BW58:BW59) -> 0
A58: 55 | B58: Nguyên giá | C58: 28 | AZ58: 0 | BA58: 0 | BB58: 0 | BC58: 0 | BD58: 0 | BE58: 0 | BF58: 0 | BG58: 0 | BH58: 0 | BI58: 0 | BJ58: 0 | BK58: 0 | BL58: 0 | BM58: 0 | BN58: 0 | BO58: 0 | BP58: 0 | BQ58: 0
A59: 56 | B59: Giá trị khấu hao lũy kế (*) | C59: 28 | AZ59: 0 | BA59: 0 | BB59: 0 | BC59: 0 | BD59: 0 | BE59: 0 | BF59: 0 | BG59: 0 | BH59: 0 | BI59: 0 | BJ59: 0 | BK59: 0 | BL59: 0 | BM59: 0 | BN59: 0 | BO59: 0 | BP59: 0 | BQ59: 0
A60: 57 | B60: 2.Súc vật nuôi lấy sản phẩm một lần dài hạn | C60: 28 | AZ60: 0 | BA60: 0 | BB60: 0 | BC60: 0 | BD60: 0 | BE60: 0 | BF60: 0 | BG60: 0 | BH60: 0 | BI60: 0 | BJ60: 0 | BK60: 0 | BL60: 0 | BM60: 0 | BN60: 0 | BO60: 0 | BP60: 0 | BQ60: 0
A61: 58 | B61: 3.Cây trồng theo mùa vụ hoặc lấy sản phẩm một lần dài hạn | C61: 28 | AZ61: 0 | BA61: 0 | BB61: 0 | BC61: 0 | BD61: 0 | BE61: 0 | BF61: 0 | BG61: 0 | BH61: 0 | BI61: 0 | BJ61: 0 | BK61: 0 | BL61: 0 | BM61: 0 | BN61: 0 | BO61: 0 | BP61: 0 | BQ61: 0
A62: 59 | B62: 4.Dự phòng tổn thất tài sản sinh học dài hạn | C62: 28 | AZ62: 0 | BA62: 0 | BB62: 0 | BC62: 0 | BD62: 0 | BE62: 0 | BF62: 0 | BG62: 0 | BH62: 0 | BI62: 0 | BJ62: 0 | BK62: 0 | BL62: 0 | BM62: 0 | BN62: 0 | BO62: 0 | BP62: 0 | BQ62: 0
A63: 60 | B63: IV. Bất động sản đầu tư | C63: 28 | D63: =SUM(D64:D65) -> 0 | E63: =SUM(E64:E65) -> 0 | F63: =SUM(F64:F65) -> 0 | G63: =SUM(G64:G65) -> 0 | H63: =SUM(H64:H65) -> 0 | I63: =SUM(I64:I65) -> 0 | J63: =SUM(J64:J65) -> 0 | K63: =SUM(K64:K65) -> 0 | ... AY63: =SUM(AY64:AY65) -> 0 | AZ63: 0 | BA63: 0 | BB63: 0 | BC63: 0 | BD63: 0 | BE63: 0 | BF63: 0 | BG63: 0 | BH63: 0 | BI63: 0 | BJ63: 0 | BK63: 0 | BL63: 0 | BM63: 0 | BN63: 0 | BO63: 0 | BP63: 0 | BQ63: 0 | BR63: =SUM(BR64:BR65) -> 0 | BS63: =SUM(BS64:BS65) -> 0 | BT63: =SUM(BT64:BT65) -> 0 | BU63: =SUM(BU64:BU65) -> 0 | BV63: =SUM(BV64:BV65) -> 0 | BW63: =SUM(BW64:BW65) -> 0
A64: 61 | B64: Nguyên giá bất động sản đầu tư | C64: 28 | AZ64: 0 | BA64: 0 | BB64: 0 | BC64: 0 | BD64: 0 | BE64: 0 | BF64: 0 | BG64: 0 | BH64: 0 | BI64: 0 | BJ64: 0 | BK64: 0 | BL64: 0 | BM64: 0 | BN64: 0 | BO64: 0 | BP64: 0 | BQ64: 0
A65: 62 | B65: Giá trị hao mòn luỹ kế BĐSĐT(*) | C65: 28 | AZ65: 0 | BA65: 0 | BB65: 0 | BC65: 0 | BD65: 0 | BE65: 0 | BF65: 0 | BG65: 0 | BH65: 0 | BI65: 0 | BJ65: 0 | BK65: 0 | BL65: 0 | BM65: 0 | BN65: 0 | BO65: 0 | BP65: 0 | BQ65: 0
A66: 63 | B66: V.Tài sản dở dang dài hạn | C66: 28 | D66: =SUM(D67:D68) -> 0 | E66: =SUM(E67:E68) -> 0 | F66: =SUM(F67:F68) -> 0 | G66: =SUM(G67:G68) -> 0 | H66: =SUM(H67:H68) -> 0 | I66: =SUM(I67:I68) -> 0 | J66: =SUM(J67:J68) -> 0 | K66: =SUM(K67:K68) -> 0 | ... AY66: =SUM(AY67:AY68) -> 38102315137 | AZ66: 47351685312 | BA66: 33270243294 | BB66: 28917153034 | BC66: 39983110298 | BD66: 48611974769 | BE66: 52991191597 | BF66: 54380932320 | BG66: 36472336589 | BH66: 46588311385 | BI66: 59728156173 | BJ66: 55496100548 | BK66: 64594176344 | BL66: 67367429293 | BM66: 87657276867 | BN66: 74320784423 | BO66: 92016367246 | BP66: 95504353332 | BQ66: 219033246086 | BR66: =SUM(BR67:BR68) -> 0 | BS66: =SUM(BS67:BS68) -> 0 | BT66: =SUM(BT67:BT68) -> 0 | BU66: =SUM(BU67:BU68) -> 0 | BV66: =SUM(BV67:BV68) -> 0 | BW66: =SUM(BW67:BW68) -> 0
A67: 64 | B67: 1.Chi phí sản xuất, kinh doanh dở dang dài hạn | C67: 28 | AN67: 419846709 | AO67: 408674531 | AP67: 403047661 | AQ67: 390879241 | AR67: 460263307 | AS67: 598268760 | AT67: 546898463 | AU67: 461756176 | AV67: 440940331 | AW67: 412338743 | AX67: 361348558 | AY67: 344917157 | AZ67: 0 | BA67: 0 | BB67: 0 | BC67: 0 | BD67: 0 | BE67: 0 | BF67: 0 | BG67: 0 | BH67: 0 | BI67: 0 | BJ67: 10176000 | BK67: 10176000 | BL67: 10176000 | BM67: 10176000 | BN67: 10176000 | BO67: 10176000 | BP67: 10176000 | BQ67: 10176000
A68: 65 | B68: 2.Chi phí xây dựng cơ bản dở dang | C68: 28 | AN68: 76909737409 | AO68: 77354925740 | AP68: 44549282580 | AQ68: 40726666324 | AR68: 41138022198 | AS68: 45235750845 | AT68: 45073258774 | AU68: 42833855401 | AV68: 44122843903 | AW68: 44458406517 | AX68: 29542079466 | AY68: 37757397980 | AZ68: 47351685312 | BA68: 33270243294 | BB68: 28917153034 | BC68: 39983110298 | BD68: 48611974769 | BE68: 52991191597 | BF68: 54380932320 | BG68: 36472336589 | BH68: 46588311385 | BI68: 59728156173 | BJ68: 55485924548 | BK68: 64584000344 | BL68: 67357253293 | BM68: 87647100867 | BN68: 74310608423 | BO68: 92006191246 | BP68: 95494177332 | BQ68: 219023070086
A69: 66 | B69: VI.Đầu tư tài chính dài hạn | C69: 28 | D69: =SUM(D70:D75) -> 0 | E69: =SUM(E70:E75) -> 0 | F69: =SUM(F70:F75) -> 0 | G69: =SUM(G70:G75) -> 0 | H69: =SUM(H70:H75) -> 0 | I69: =SUM(I70:I75) -> 0 | J69: =SUM(J70:J75) -> 0 | K69: =SUM(K70:K75) -> 0 | ... AY69: =SUM(AY70:AY75) -> 0 | AZ69: 0 | BA69: 0 | BB69: 0 | BC69: 0 | BD69: 0 | BE69: 0 | BF69: 0 | BG69: 0 | BH69: 0 | BI69: 0 | BJ69: 0 | BK69: 0 | BL69: 0 | BM69: 0 | BN69: 0 | BO69: 0 | BP69: 0 | BQ69: 0 | BR69: =SUM(BR70:BR75) -> 0 | BS69: =SUM(BS70:BS75) -> 0 | BT69: =SUM(BT70:BT75) -> 0 | BU69: =SUM(BU70:BU75) -> 0 | BV69: =SUM(BV70:BV75) -> 0 | BW69: =SUM(BW70:BW75) -> 0
A70: 67 | B70: 1.Đầu tư vào công ty con | C70: 28 | AZ70: 0 | BA70: 0 | BB70: 0 | BC70: 0 | BD70: 0 | BE70: 0 | BF70: 0 | BG70: 0 | BH70: 0 | BI70: 0 | BJ70: 0 | BK70: 0 | BL70: 0 | BM70: 0 | BN70: 0 | BO70: 0 | BP70: 0 | BQ70: 0
A71: 68 | B71: 2.Đầu tư vào công ty liên doanh, liên kết | C71: 28 | AZ71: 0 | BA71: 0 | BB71: 0 | BC71: 0 | BD71: 0 | BE71: 0 | BF71: 0 | BG71: 0 | BH71: 0 | BI71: 0 | BJ71: 0 | BK71: 0 | BL71: 0 | BM71: 0 | BN71: 0 | BO71: 0 | BP71: 0 | BQ71: 0
A72: 69 | B72: 3.Đầu tư góp vốn vào đơn vị khác | C72: 28 | AZ72: 0 | BA72: 0 | BB72: 0 | BC72: 0 | BD72: 0 | BE72: 0 | BF72: 0 | BG72: 0 | BH72: 0 | BI72: 0 | BJ72: 0 | BK72: 0 | BL72: 0 | BM72: 0 | BN72: 0 | BO72: 0 | BP72: 0 | BQ72: 0
A73: 70 | B73: 4.Dự phòng tổn thất đầu tư vào đơn vị khác dài hạn(*) | C73: 28 | AZ73: 0 | BA73: 0 | BB73: 0 | BC73: 0 | BD73: 0 | BE73: 0 | BF73: 0 | BG73: 0 | BH73: 0 | BI73: 0 | BJ73: 0 | BK73: 0 | BL73: 0 | BM73: 0 | BN73: 0 | BO73: 0 | BP73: 0 | BQ73: 0
A74: 71 | B74: 5.Đầu tư nắm giữ đến ngày đáo hạn dài hạn | C74: 28 | AZ74: 0 | BA74: 0 | BB74: 0 | BC74: 0 | BD74: 0 | BE74: 0 | BF74: 0 | BG74: 0 | BH74: 0 | BI74: 0 | BJ74: 0 | BK74: 0 | BL74: 0 | BM74: 0 | BN74: 0 | BO74: 0 | BP74: 0 | BQ74: 0
A75: 72 | B75: 6.Dự phòng đầu tư nắm giữ đến ngày đáo hạn dài hạn (*) | C75: 28 | AZ75: 0 | BA75: 0 | BB75: 0 | BC75: 0 | BD75: 0 | BE75: 0 | BF75: 0 | BG75: 0 | BH75: 0 | BI75: 0 | BJ75: 0 | BK75: 0 | BL75: 0 | BM75: 0 | BN75: 0 | BO75: 0 | BP75: 0 | BQ75: 0
A76: 73 | B76: VII.Tài sản dài hạn khác | C76: 28 | D76: =SUM(D77:D80) -> 0 | E76: =SUM(E77:E80) -> 0 | F76: =SUM(F77:F80) -> 0 | G76: =SUM(G77:G80) -> 0 | H76: =SUM(H77:H80) -> 0 | I76: =SUM(I77:I80) -> 0 | J76: =SUM(J77:J80) -> 0 | K76: =SUM(K77:K80) -> 0 | ... AY76: =SUM(AY77:AY80) -> 7473903734 | AZ76: 5647435742 | BA76: 9071341234 | BB76: 10968199214 | BC76: 10719874211 | BD76: 11205380817 | BE76: 11616370097 | BF76: 11200435089 | BG76: 11375608560 | BH76: 11484782005 | BI76: 11895438934 | BJ76: 11714919536 | BK76: 11187207755 | BL76: 9847869392 | BM76: 9630642621 | BN76: 9117519894 | BO76: 8817015883 | BP76: 9333436216 | BQ76: 8714134684 | BR76: =SUM(BR77:BR80) -> 0 | BS76: =SUM(BS77:BS80) -> 0 | BT76: =SUM(BT77:BT80) -> 0 | BU76: =SUM(BU77:BU80) -> 0 | BV76: =SUM(BV77:BV80) -> 0 | BW76: =SUM(BW77:BW80) -> 0
A77: 74 | B77: 1.Chi phí chờ phân bổ dài hạn | C77: 28 | AN77: 5400042499 | AO77: 5122374256 | AP77: 6108142400 | AQ77: 6691697581 | AR77: 6073217039 | AS77: 5922983520 | AT77: 6293381718 | AU77: 7144685884 | AV77: 6789281721 | AW77: 6545884719 | AX77: 6744136746 | AY77: 7473903734 | AZ77: 7486377052 | BA77: 10902239544 | BB77: 10938837524 | BC77: 10690512521 | BD77: 11176019127 | BE77: 11587008407 | BF77: 11200435089 | BG77: 11375608560 | BH77: 11484782005 | BI77: 11895438934 | BJ77: 11714919536 | BK77: 11187207755 | BL77: 9847869392 | BM77: 9630642621 | BN77: 9117519894 | BO77: 8817015883 | BP77: 9333436216 | BQ77: 8714134684
A78: 75 | B78: 2.Tài sản thuế thu nhập hoãn lại | C78: 28 | AN78: 0 | AO78: 0 | AP78: 0 | AQ78: 0 | AR78: 0 | AS78: 0 | AT78: 0 | AU78: 0 | AV78: 0 | AW78: 0 | AX78: 0 | AY78: 0 | AZ78: -1838941310 | BA78: -1830898310 | BB78: 29361690 | BC78: 29361690 | BD78: 29361690 | BE78: 29361690 | BF78: 0 | BG78: 0 | BH78: 0 | BI78: 0 | BJ78: 0 | BK78: 0 | BL78: 0 | BM78: 0 | BN78: 0 | BO78: 0 | BP78: 0 | BQ78: 0
A79: 76 | B79: 3.Thiết bị, vật tư, phụ tùng thay thế dài hạn | C79: 28 | AN79: 0 | AO79: 0 | AP79: 0 | AQ79: 0 | AR79: 0 | AS79: 0 | AT79: 0 | AU79: 0 | AV79: 0 | AW79: 0 | AX79: 0 | AY79: 0 | AZ79: 0 | BA79: 0 | BB79: 0 | BC79: 0 | BD79: 0 | BE79: 0 | BF79: 0 | BG79: 0 | BH79: 0 | BI79: 0 | BJ79: 0 | BK79: 0 | BL79: 0 | BM79: 0 | BN79: 0 | BO79: 0 | BP79: 0 | BQ79: 0
A80: 77 | B80: 4.Tài sản dài hạn khác | C80: 28 | AN80: 0 | AO80: 0 | AP80: 0 | AQ80: 0 | AR80: 0 | AS80: 0 | AT80: 0 | AU80: 0 | AV80: 0 | AW80: 0 | AX80: 0 | AY80: 0 | AZ80: 0 | BA80: 0 | BB80: 0 | BC80: 0 | BD80: 0 | BE80: 0 | BF80: 0 | BG80: 0 | BH80: 0 | BI80: 0 | BJ80: 0 | BK80: 0 | BL80: 0 | BM80: 0 | BN80: 0 | BO80: 0 | BP80: 0 | BQ80: 0
A81: 78 | B81: TỔNG TÀI SẢN | C81: 28 | D81: =SUM(D4,D36) -> 0 | E81: =SUM(E4,E36) -> 0 | F81: =SUM(F4,F36) -> 0 | G81: =SUM(G4,G36) -> 0 | H81: =SUM(H4,H36) -> 0 | I81: =SUM(I4,I36) -> 0 | J81: =SUM(J4,J36) -> 0 | K81: =SUM(K4,K36) -> 0 | ... AY81: =SUM(AY4,AY36) -> 1.3658964e+12 | AZ81: 1283726765237 | BA81: 1194704439779 | BB81: 1.2491899e+12 | BC81: 1322043976414 | BD81: 1378213576429 | BE81: 1.4126395e+12 | BF81: 1.4062181e+12 | BG81: 1.4673986e+12 | BH81: 1.4533276e+12 | BI81: 1.4024807e+12 | BJ81: 1.3807367e+12 | BK81: 1377306550833 | BL81: 1.4243231e+12 | BM81: 1.4392632e+12 | BN81: 1.3954289e+12 | BO81: 1.37788e+12 | BP81: 1.458807e+12 | BQ81: 1.5258603e+12 | BR81: =SUM(BR4,BR36) -> 0 | BS81: =SUM(BS4,BS36) -> 0 | BT81: =SUM(BT4,BT36) -> 0 | BU81: =SUM(BU4,BU36) -> 0 | BV81: =SUM(BV4,BV36) -> 0 | BW81: =SUM(BW4,BW36) -> 0
A82: 79 | B82: C-NỢ PHẢI TRẢ | C82: 28 | D82: =SUM(D83,D99) -> 0 | E82: =SUM(E83,E99) -> 0 | F82: =SUM(F83,F99) -> 0 | G82: =SUM(G83,G99) -> 0 | H82: =SUM(H83,H99) -> 0 | I82: =SUM(I83,I99) -> 0 | J82: =SUM(J83,J99) -> 0 | K82: =SUM(K83,K99) -> 0 | ... AY82: =SUM(AY83,AY99) -> 4.5563909e+11 | AZ82: 371266639153 | BA82: 268184085009 | BB82: 3.1692526e+11 | BC82: 386520151527 | BD82: 433391232413 | BE82: 4.671317e+11 | BF82: 4.5746625e+11 | BG82: 5.1609762e+11 | BH82: 5.1321471e+11 | BI82: 4.6724957e+11 | BJ82: 4.5299263e+11 | BK82: 442178198680 | BL82: 398262934016 | BM82: 4.2093767e+11 | BN82: 384189956751 | BO82: 361844242546 | BP82: 433386882531 | BQ82: 459943417863 | BR82: =SUM(BR83,BR99) -> 0 | BS82: =SUM(BS83,BS99) -> 0 | BT82: =SUM(BT83,BT99) -> 0 | BU82: =SUM(BU83,BU99) -> 0 | BV82: =SUM(BV83,BV99) -> 0 | BW82: =SUM(BW83,BW99) -> 0
A83: 80 | B83: I.Nợ ngắn hạn | C83: 28 | D83: =SUM(D84:D98) -> 0 | E83: =SUM(E84:E98) -> 0 | F83: =SUM(F84:F98) -> 0 | G83: =SUM(G84:G98) -> 0 | H83: =SUM(H84:H98) -> 0 | I83: =SUM(I84:I98) -> 0 | J83: =SUM(J84:J98) -> 0 | K83: =SUM(K84:K98) -> 0 | ... AY83: =SUM(AY84:AY98) -> 3.3813175e+11 | AZ83: 230086297207 | BA83: 131251580841 | BB83: 1.8082953e+11 | BC83: 251497396307 | BD83: 302616314971 | BE83: 3.5723991e+11 | BF83: 3.4864743e+11 | BG83: 4.0886411e+11 | BH83: 4.0681798e+11 | BI83: 3.6590644e+11 | BJ83: 3.5059125e+11 | BK83: 359025944326 | BL83: 316020092601 | BM83: 3.1676733e+11 | BN83: 271319615336 | BO83: 248973901131 | BP83: 245683646116 | BQ83: 304240181448 | BR83: =SUM(BR84:BR98) -> 0 | BS83: =SUM(BS84:BS98) -> 0 | BT83: =SUM(BT84:BT98) -> 0 | BU83: =SUM(BU84:BU98) -> 0 | BV83: =SUM(BV84:BV98) -> 0 | BW83: =SUM(BW84:BW98) -> 0
A84: 81 | B84: 1.Phải trả người bán ngắn hạn | C84: 28 | AN84: 82949409956 | AO84: 85403340041 | AP84: 89847500656 | AQ84: 92084070378 | AR84: 97185029412 | AS84: 129200888383 | AT84: 101456785709 | AU84: 115528799746 | AV84: 154591767517 | AW84: 155116256899 | AX84: 163705606191 | AY84: 51214283090 | AZ84: 23546150283 | BA84: 19336461793 | BB84: 40828775779 | BC84: 43887723430 | BD84: 42033194457 | BE84: 59295501625 | BF84: 19562723494 | BG84: 28765117740 | BH84: 35900353394 | BI84: 42762502755 | BJ84: 34584894012 | BK84: 28643819309 | BL84: 34204260957 | BM84: 3.3850667e+10 | BN84: 44075373444 | BO84: 44354699133 | BP84: 67359231049 | BQ84: 76769852997
A85: 82 | B85: 2.Người mua trả tiền trước ngắn hạn | C85: 28 | AN85: 4031903040 | AO85: 0 | AP85: -540918440 | AQ85: 4278155246 | AR85: 14753134850 | AS85: 36030101433 | AT85: 34757495667 | AU85: 16991723009 | AV85: 39469513 | AW85: 10373831336 | AX85: 37975916928 | AY85: 41546475913 | AZ85: 33988020046 | BA85: 18937907310 | BB85: 15058088135 | BC85: 4008722750 | BD85: 75365353 | BE85: 14926125753 | BF85: 23360719857 | BG85: 21001775533 | BH85: 14685336667 | BI85: 8914886658 | BJ85: 5997845638 | BK85: 17509392514 | BL85: 11995200530 | BM85: 6213138401 | BN85: 6298509550 | BO85: 10025771454 | BP85: 14080108614 | BQ85: 34213188294
A86: 83 | B86: 3.Phải trả cổ tức, lợi nhuận | C86: 28 | AN86: 0 | AO86: 0 | AP86: 0 | AQ86: 0 | AR86: 0 | AS86: 0 | AT86: 0 | AU86: 0 | AV86: 0 | AW86: 0 | AX86: 0 | AY86: 0 | AZ86: 0 | BA86: 0 | BB86: 0 | BC86: 0 | BD86: 0 | BE86: 0 | BF86: 0 | BG86: 0 | BH86: 0 | BI86: 0 | BJ86: 0 | BK86: 0 | BL86: 0 | BM86: 0 | BN86: 0 | BO86: 0 | BP86: 0 | BQ86: 0
A87: 84 | B87: 4.Thuế và các khoản phải nộp Nhà nước ngắn hạn | C87: 28 | AN87: 10498883610 | AO87: 3689814164 | AP87: 4062755871 | AQ87: 1384290807 | AR87: 2308850961 | AS87: 3118570444 | AT87: 1058457452 | AU87: 1211020482 | AV87: 2139521500 | AW87: 1189419782 | AX87: 1509849868 | AY87: 9527733939 | AZ87: 3269238961 | BA87: 5753987528 | BB87: 9117684571 | BC87: 9695857514 | BD87: 14897920840 | BE87: 12417210865 | BF87: 8626660891 | BG87: 9156127696 | BH87: 7002659285 | BI87: 6028567487 | BJ87: 4386912961 | BK87: 8684760093 | BL87: 3842594482 | BM87: 3678945487 | BN87: 3048061664 | BO87: 2896878709 | BP87: 3466395589 | BQ87: 4605879094
A88: 85 | B88: 5.Phải trả người lao động | C88: 28 | AN88: 11362712285 | AO88: 7261112290 | AP88: 7584838673 | AQ88: 8802335330 | AR88: 8252419463 | AS88: 8124186029 | AT88: 7811815324 | AU88: 457937876 | AV88: 8485574144 | AW88: 8401248944 | AX88: 8616270563 | AY88: 12882678899 | AZ88: 8655764617 | BA88: 9095727516 | BB88: 9239322502 | BC88: 519338426 | BD88: 10493661520 | BE88: 10746467156 | BF88: 10421088708 | BG88: 10791732094 | BH88: 11366691930 | BI88: 10525542918 | BJ88: 10283351512 | BK88: 10866562186 | BL88: 19154092290 | BM88: 10269634771 | BN88: 9867219573 | BO88: 11787965645 | BP88: 10109666016 | BQ88: 10968928998
A89: 86 | B89: 6.Chi phí phải trả ngắn hạn | C89: 28 | AN89: 16153446903 | AO89: 22420169080 | AP89: 7052345407 | AQ89: 17025705880 | AR89: 26551396101 | AS89: 9643768625 | AT89: 19498083536 | AU89: 32054507492 | AV89: 17871987185 | AW89: 25354416886 | AX89: 33287993453 | AY89: 17891877693 | AZ89: 12873679613 | BA89: 18374210204 | BB89: -5606260254 | BC89: -3804295862 | BD89: 98594660 | BE89: 1515541421 | BF89: 17721365268 | BG89: 23723350128 | BH89: 16832372739 | BI89: 22569568619 | BJ89: 27478663520 | BK89: 20102188452 | BL89: 18218565408 | BM89: 17524826056 | BN89: 16942458226 | BO89: 20943915952 | BP89: 22092967765 | BQ89: 23689714358
A90: 87 | B90: 7.Phải trả nội bộ ngắn hạn | C90: 28 | AN90: 0 | AO90: 0 | AP90: 0 | AQ90: 0 | AR90: 0 | AS90: 0 | AT90: 0 | AU90: 0 | AV90: 0 | AW90: 0 | AX90: 0 | AY90: 0 | AZ90: 0 | BA90: 0 | BB90: 0 | BC90: 0 | BD90: 0 | BE90: 0 | BF90: 0 | BG90: 0 | BH90: 0 | BI90: 0 | BJ90: 0 | BK90: 0 | BL90: 0 | BM90: 0 | BN90: 0 | BO90: 0 | BP90: 0 | BQ90: 0
A91: 88 | B91: 8.Phải trả theo tiến độ hợp đồng xây dựng ngắn hạn | C91: 28 | AN91: 0 | AO91: 0 | AP91: 0 | AQ91: 0 | AR91: 0 | AS91: 0 | AT91: 0 | AU91: 0 | AV91: 0 | AW91: 0 | AX91: 0 | AY91: 0 | AZ91: 0 | BA91: 0 | BB91: 0 | BC91: 0 | BD91: 0 | BE91: 0 | BF91: 0 | BG91: 0 | BH91: 0 | BI91: 0 | BJ91: 0 | BK91: 0 | BL91: 0 | BM91: 0 | BN91: 0 | BO91: 0 | BP91: 0 | BQ91: 0
A92: 89 | B92: 9.Doanh thu chờ phân bổ ngắn hạn | C92: 28 | AN92: 0 | AO92: 0 | AP92: 0 | AQ92: 0 | AR92: 0 | AS92: 0 | AT92: 0 | AU92: 0 | AV92: 0 | AW92: 0 | AX92: 0 | AY92: 0 | AZ92: 0 | BA92: 0 | BB92: 0 | BC92: 0 | BD92: 0 | BE92: 0 | BF92: 0 | BG92: 0 | BH92: 0 | BI92: 0 | BJ92: 0 | BK92: 0 | BL92: 0 | BM92: 0 | BN92: 0 | BO92: 0 | BP92: 0 | BQ92: 0
A93: 90 | B93: 10.Phải trả ngắn hạn khác | C93: 28 | AN93: 20696481661 | AO93: 20595840087 | AP93: 2.6813126e+10 | AQ93: 2.7765489e+10 | AR93: 20403961843 | AS93: 8973254724 | AT93: 9334621417 | AU93: 12038191666 | AV93: 14568081439 | AW93: 9244155132 | AX93: 12004819534 | AY93: 1.1216627e+10 | AZ93: 11890639716 | BA93: 15214207492 | BB93: 1.3274238e+10 | BC93: 23351476909 | BD93: 33444587733 | BE93: 1.9043715e+10 | BF93: 1.748173e+10 | BG93: 1.9912766e+10 | BH93: 9.9774359e+09 | BI93: 1.0333921e+10 | BJ93: 1.1722248e+10 | BK93: 9558710068 | BL93: 10596548323 | BM93: 12254355641 | BN93: 9260668294 | BO93: 9316047513 | BP93: 9851495283 | BQ93: 11971423890
A94: 91 | B94: 11.Vay và nợ thuê tài chính ngắn hạn | C94: 28 | AN94: 62822745245 | AO94: 57847834995 | AP94: 101832582537 | AQ94: 144977288403 | AR94: 178905916168 | AS94: 190748518955 | AT94: 168894814805 | AU94: 126048766562 | AV94: 139654417984 | AW94: 155306260478 | AX94: 165536679982 | AY94: 192629821718 | AZ94: 134925554251 | BA94: 43611829278 | BB94: 98003020481 | BC94: 172928907420 | BD94: 200666324688 | BE94: 238388679271 | BF94: 250573370780 | BG94: 294832243750 | BH94: 309616499760 | BI94: 263334816592 | BJ94: 254700704679 | BK94: 262225979238 | BL94: 216818798145 | BM94: 231846507077 | BN94: 179737111410 | BO94: 147514569550 | BP94: 116595603825 | BQ94: 139893015842
A95: 92 | B95: 12.Dự phòng phải trả ngắn hạn | C95: 28 | AN95: 0 | AO95: 0 | AP95: 0 | AQ95: 0 | AR95: 0 | AS95: 0 | AT95: 0 | AU95: 0 | AV95: 0 | AW95: 0 | AX95: 0 | AY95: 0 | AZ95: 0 | BA95: 0 | BB95: 0 | BC95: 0 | BD95: 0 | BE95: 0 | BF95: 0 | BG95: 0 | BH95: 0 | BI95: 0 | BJ95: 0 | BK95: 0 | BL95: 0 | BM95: 0 | BN95: 0 | BO95: 0 | BP95: 0 | BQ95: 0
... A98: 95 | B98: 15.Giao dịch mua bán lại trái phiếu Chính phủ | C98: 28 | AN98: 0 | AO98: 0 | AP98: 0 | AQ98: 0 | AR98: 0 | AS98: 0 | AT98: 0 | AU98: 0 | AV98: 0 | AW98: 0 | AX98: 0 | AY98: 0 | AZ98: 0 | BA98: 0 | BB98: 0 | BC98: 0 | BD98: 0 | BE98: 0 | BF98: 0 | BG98: 0 | BH98: 0 | BI98: 0 | BJ98: 0 | BK98: 0 | BL98: 0 | BM98: 0 | BN98: 0 | BO98: 0 | BP98: 0 | BQ98: 0
A99: 96 | B99: II.Nợ dài hạn | C99: 28 | D99: =SUM(D100:D113) -> 0 | E99: =SUM(E100:E113) -> 0 | F99: =SUM(F100:F113) -> 0 | G99: =SUM(G100:G113) -> 0 | H99: =SUM(H100:H113) -> 0 | I99: =SUM(I100:I113) -> 0 | J99: =SUM(J100:J113) -> 0 | K99: =SUM(K100:K113) -> 0 | ... AY99: =SUM(AY100:AY113) -> 117507345522 | AZ99: 141180341946 | BA99: 136932504168 | BB99: 136095726390 | BC99: 135022755220 | BD99: 130774917442 | BE99: 109891791394 | BF99: 108818820224 | BG99: 107233510446 | BH99: 106396732668 | BI99: 101343133942 | BJ99: 102401372942 | BK99: 83152254354 | BL99: 82242841415 | BM99: 104170341415 | BN99: 112870341415 | BO99: 112870341415 | BP99: 187703236415 | BQ99: 155703236415 | BR99: =SUM(BR100:BR113) -> 0 | BS99: =SUM(BS100:BS113) -> 0 | BT99: =SUM(BT100:BT113) -> 0 | BU99: =SUM(BU100:BU113) -> 0 | BV99: =SUM(BV100:BV113) -> 0 | BW99: =SUM(BW100:BW113) -> 0
A100: 97 | B100: 1.Phải trả người bán dài hạn | C100: 28 | AN100: 0 | AO100: 0 | AP100: 0 | AQ100: 0 | AR100: 0 | AS100: 0 | AT100: 0 | AU100: 0 | AV100: 0 | AW100: 0 | AX100: 0 | AY100: 0 | AZ100: 0 | BA100: 0 | BB100: 0 | BC100: 0 | BD100: 0 | BE100: 0 | BF100: 0 | BG100: 0 | BH100: 0 | BI100: 0 | BJ100: 0 | BK100: 0 | BL100: 0 | BM100: 0 | BN100: 0 | BO100: 0 | BP100: 0 | BQ100: 0
A101: 98 | B101: 2.Người mua trả tiền trước dài hạn | C101: 28 | AN101: 0 | AO101: 0 | AP101: 0 | AQ101: 0 | AR101: 0 | AS101: 0 | AT101: 0 | AU101: 0 | AV101: 0 | AW101: 0 | AX101: 0 | AY101: 0 | AZ101: 0 | BA101: 0 | BB101: 0 | BC101: 0 | BD101: 0 | BE101: 0 | BF101: 0 | BG101: 0 | BH101: 0 | BI101: 0 | BJ101: 0 | BK101: 0 | BL101: 0 | BM101: 0 | BN101: 0 | BO101: 0 | BP101: 0 | BQ101: 0
A102: 99 | B102: 3.Thuế và các khoản phải nộp Nhà nước dài hạn | C102: 28 | AN102: 0 | AO102: 0 | AP102: 0 | AQ102: 0 | AR102: 0 | AS102: 0 | AT102: 0 | AU102: 0 | AV102: 0 | AW102: 0 | AX102: 0 | AY102: 0 | AZ102: 0 | BA102: 0 | BB102: 0 | BC102: 0 | BD102: 0 | BE102: 0 | BF102: 0 | BG102: 0 | BH102: 0 | BI102: 0 | BJ102: 0 | BK102: 0 | BL102: 0 | BM102: 0 | BN102: 0 | BO102: 0 | BP102: 0 | BQ102: 0
...

Sheet Ket qua kinh doanh
B1: ='Thong tin'!A1 -> CÔNG TY CP NHỰA TÁI CHẾ DUY TÂN
B2: VND
A3: Index PL | B3: PHẦN II-KẾT QUẢ HOẠT ĐỘNG KINH DOANH | C3: TenCongTyID | D3: T1.2021 | E3: T02.2021 | F3: T03.2021 | G3: T04.2021 | H3: T05.2021 | I3: T06.2021 | J3: T07.2021 | K3: T08.2021 | L3: T09.2021 | M3: T10.2021 | N3: T11.2021 | O3: T12.2021 | P3: T1.2022 | Q3: T02.2022 | R3: T03.2022 | S3: T04.2022 | T3: T05.2022 | U3: T06.2022 | V3: T07.2022 | W3: T08.2022 | X3: T09.2022 | Y3: T10.2022 | Z3: T11.2022 | AA3: T12.2022 | AB3: T1.2023 | AC3: T02.2023 | AD3: T03.2023 | AE3: T04.2023 | AF3: T05.2023 | AG3: T06.2023 | AH3: T07.2023 | AI3: T08.2023 | AJ3: T09.2023 | AK3: T10.2023 | AL3: T11.2023 | AM3: T12.2023 | AN3: T01.2024 | AO3: T02.2024 | AP3: T03.2024 | AQ3: T04.2024 | AR3: T05.2024 | AS3: T06.2024 | AT3: T07.2024 | AU3: T08.2024 | AV3: T09.2024 | AW3: T10.2024 | AX3: T11.2024 | AY3: T12.2024 | AZ3: T01.2025 | BA3: T02.2025 | BB3: T03.2025 | BC3: T04.2025 | BD3: T05.2025 | BE3: T06.2025 | BF3: T07.2025 | BG3: T08.2025 | BH3: T09.2025 | BI3: T10.2025 | BJ3: T11.2025 | BK3: T12.2025 | BL3: T01.2026 | BM3: T02.2026 | BN3: T03.2026 | BO3: T04.2026 | BP3: T05.2026 | BQ3: T06.2026 | BR3: T07.2026 | BS3: T08.2026 | BT3: T09.2026 | BU3: T10.2026 | BV3: T11.2026 | BW3: T12.2026
A4: 1 | B4: Sản lượng (kg) | C4: 28 | AZ4: 3616.4013 | BA4: 6002.038 | BB4: 4987.398 | BC4: 4085.947 | BD4: 4800.6903 | BE4: 4045.353 | BF4: 4698.9851 | BG4: 5678.89 | BH4: 3116.57 | BI4: 3435.779 | BJ4: 3062.156 | BK4: 3190.589 | BL4: 4402.052 | BM4: 3277.83 | BN4: 6446.383 | BO4: 5783.465 | BP4: 5176.4 | BQ4: 4118.6155
A5: 2 | B5: 1.Doanh thu bán hàng và cung cấp dịch vụ | C5: 28 | AN5: 130037940981 | AO5: 84645791256 | AP5: 115625416433 | AQ5: 117647266094 | AR5: 128085507494 | AS5: 95661572209 | AT5: 74679662458 | AU5: 178936926222 | AV5: 180140886766 | AW5: 143211413018 | AX5: 97197472020 | AY5: 128687104846 | AZ5: 114983880947 | BA5: 188477338235 | BB5: 150716555192 | BC5: 125691833422 | BD5: 153638670524 | BE5: 120188501523 | BF5: 138030275641 | BG5: 169482496928 | BH5: 91503288423 | BI5: 109010675108 | BJ5: 89868450986 | BK5: 100768484341 | BL5: 126470480720 | BM5: 96582496962 | BN5: 173962786425 | BO5: 159236581985 | BP5: 161004715441 | BQ5: 123197887319
A6: 3 | B6: 2.Các khoản giảm trừ doanh thu | C6: 28 | AN6: 0 | AO6: 1166125000 | AP6: 0 | AQ6: 0 | AR6: 136455000 | AS6: 0 | AT6: 0 | AU6: 6345077301 | AV6: 4671587529 | AW6: 2922205276 | AX6: 49359030 | AY6: 4680420540 | AZ6: 513935495 | BA6: 477877176 | BB6: 477350452 | BC6: 304590498 | BD6: 1607115262 | BE6: 708638196 | BF6: 26953743 | BG6: 1000293545 | BH6: 6773818500 | BI6: 0 | BJ6: 1479093000 | BK6: 1103092320 | BL6: 687876997 | BM6: 33305556 | BN6: 956126160 | BO6: 86574074 | BP6: 1221964024 | BQ6: 259219891
A7: 4 | B7: 3.Doanh thu thuần về bán hàng và cung cấp dịch vụ | C7: 28 | D7: =D5-D6 -> 0 | E7: =E5-E6 -> 0 | F7: =F5-F6 -> 0 | G7: =G5-G6 -> 0 | H7: =H5-H6 -> 0 | I7: =I5-I6 -> 0 | J7: =J5-J6 -> 0 | K7: =K5-K6 -> 0 | ... AY7: =AY5-AY6 -> 124006684306 | AZ7: 114469945452 | BA7: 187999461059 | BB7: 150239204740 | BC7: 125387242924 | BD7: 152031555262 | BE7: 119479863327 | BF7: 138003321898 | BG7: 168482203383 | BH7: 84729469923 | BI7: 109010675108 | BJ7: 88389357986 | BK7: 99665392021 | BL7: =BL5-BL6 -> 125782603723 | BM7: =BM5-BM6 -> 96549191406 | BN7: 173006660265 | BO7: 159150007911 | BP7: =BP5-BP6 -> 159782751417 | BQ7: 122938667428 | BR7: =BR5-BR6 -> 0 | BS7: =BS5-BS6 -> 0 | BT7: =BT5-BT6 -> 0 | BU7: =BU5-BU6 -> 0 | BV7: =BV5-BV6 -> 0 | BW7: =BW5-BW6 -> 0
A8: 5 | B8: 4.Giá vốn hàng bán | C8: 28 | AN8: 120065457134 | AO8: 83995360322 | AP8: 109165390822 | AQ8: 105655387173 | AR8: 125507167216 | AS8: 98477492806 | AT8: 80393606783 | AU8: 167228552558 | AV8: 152083786508 | AW8: 135696763155 | AX8: 92718574459 | AY8: -4137926966 | AZ8: 97986840184 | BA8: 155693128574 | BB8: 129053280797 | BC8: 108257691858 | BD8: 128243821985 | BE8: 104299018492 | BF8: 124260554437 | BG8: 150760754200 | BH8: 81919659396 | BI8: 98239930365 | BJ8: 80093235439 | BK8: 67988837293 | BL8: 1.142049e+11 | BM8: 8.9643992e+10 | BN8: 1.6396517e+11 | BO8: 1.3901744e+11 | BP8: 1.3457958e+11 | BQ8: 9.9754337e+10
A9: 6 | B9: 5.Lợi nhuận gộp về bán hàng | C9: 28 | D9: =D7-D8 -> 0 | E9: =E7-E8 -> 0 | F9: =F7-F8 -> 0 | G9: =G7-G8 -> 0 | H9: =H7-H8 -> 0 | I9: =I7-I8 -> 0 | J9: =J7-J8 -> 0 | K9: =K7-K8 -> 0 | ... AY9: =AY7-AY8 -> 128144611272 | AZ9: 16483105268 | BA9: 32306332485 | BB9: 21185923943 | BC9: 17129551066 | BD9: 23787733277 | BE9: 15180844835 | BF9: 13742767461 | BG9: 17721449183 | BH9: 2809810527 | BI9: 10770744743 | BJ9: 8296122547 | BK9: 31676554728 | BL9: =BL7-BL8 -> 1.1577706e+10 | BM9: =BM7-BM8 -> 6.9051991e+09 | BN9: 9.0414879e+09 | BO9: 2.0132565e+10 | BP9: =BP7-BP8 -> 2.5203171e+10 | BQ9: 2.3184331e+10 | BR9: =BR7-BR8 -> 0 | BS9: =BS7-BS8 -> 0 | BT9: =BT7-BT8 -> 0 | BU9: =BU7-BU8 -> 0 | BV9: =BV7-BV8 -> 0 | BW9: =BW7-BW8 -> 0
A10: 7 | B10: 6.Lãi/lỗ của hoạt động bán, thanh lý bất động sản đầu tư | C10: 28 | AZ10: 0 | BA10: 0 | BB10: 0 | BC10: 0 | BD10: 0 | BE10: 0 | BF10: 0 | BG10: 0 | BH10: 0 | BI10: 0 | BJ10: 0 | BK10: 0 | BM10: 0 | BN10: 0 | BO10: 0 | BQ10: 0
A11: 8 | B11: 7.Doanh thu hoạt động tài chính | C11: 28 | AN11: 712260969 | AO11: 1111471110 | AP11: 1004651784 | AQ11: 1746021208 | AR11: 1032867505 | AS11: 591086157 | AT11: 376652862 | AU11: 1253018630 | AV11: 1560156089 | AW11: 2831268643 | AX11: 886951972 | AY11: 2195155035 | AZ11: 830662240 | BA11: 1805467216 | BB11: 941747687 | BC11: 1368536357 | BD11: 2440495098 | BE11: 1651919997 | BF11: 1450067480 | BG11: 1506125345 | BH11: 1236220214 | BI11: 2769344197 | BJ11: 564107321 | BK11: 727547755 | BL11: 1119033075 | BM11: 334221183 | BN11: 895384046 | BO11: 2939826098 | BP11: 1281094644 | BQ11: 1680409032
A12: 9 | B12: 8.Chi phí tài chính | C12: 28 | AN12: 801399604 | AO12: 695500231 | AP12: 663502461 | AQ12: 1555671370 | AR12: 936492932 | AS12: 1103852896 | AT12: 1608708972 | AU12: 1489581015 | AV12: 1372261307 | AW12: 636041020 | AX12: 1257673070 | AY12: 993026233 | AZ12: 1529745602 | BA12: 1349010483 | BB12: 902730488 | BC12: 1450570894 | BD12: 858169737 | BE12: 1483876982 | BF12: 1318435167 | BG12: 1366041150 | BH12: 1603769193 | BI12: 2900732378 | BJ12: 1301741764 | BK12: 2479436989 | BL12: 1532817392 | BM12: 1578519037 | BN12: 1510605035 | BO12: 1999303711 | BP12: 1209081371 | BQ12: 1216707545
A13: 10 | B13: Trong đó: Chi phí lãi vay | C13: 28 | AN13: 460461775 | AO13: 563909516 | AP13: 587315920 | AQ13: 905708142 | AR13: 974310029 | AS13: 1115056080 | AT13: 1160823006 | AU13: 939585045 | AV13: 859444105 | AW13: 840165515 | AX13: 889159081 | AY13: 1032562923 | AZ13: 1114824276 | BA13: 928379281 | BB13: 673966789 | BC13: 888393452 | BD13: 1186588729 | BE13: 1448899822 | BF13: 1245210526 | BG13: 1303560910 | BH13: 1595764355 | BI13: 1368802426 | BJ13: 1256132292 | BK13: 1256103396 | BL13: 1240115065 | BM13: 1156279418 | BN13: 959718564 | BO13: 1062084475 | BP13: 838836791 | BQ13: 856841656
A14: 11 | B14: 9.Chi phí bán hàng | C14: 28 | AN14: 4849994610 | AO14: 1560472559 | AP14: 4219375143 | AQ14: 4926459549 | AR14: 2125110954 | AS14: 2824966874 | AT14: 2596964337 | AU14: 8480107205 | AV14: 7368729523 | AW14: 4936551194 | AX14: 2249627546 | AY14: 10540748080 | AZ14: 4181224849 | BA14: 6634982258 | BB14: 5629444776 | BC14: 4622826734 | BD14: 5242336575 | BE14: 5451129528 | BF14: 4248972349 | BG14: 5750995751 | BH14: 3513998286 | BI14: 7273403934 | BJ14: 3829549635 | BK14: 5362380917 | BL14: 4308598004 | BM14: 3594645336 | BN14: 7012095788 | BO14: 6469509126 | BP14: 6626905090 | BQ14: 4571840296
A15: 12 | B15: 10.Chi phí quản lý doanh nghiệp | C15: 28 | AN15: 5698695249 | AO15: 5090845577 | AP15: 5285019459 | AQ15: 5584474639 | AR15: 6069340865 | AS15: 5881960019 | AT15: 5698093117 | AU15: 6840474838 | AV15: 8084946891 | AW15: 8025871294 | AX15: 9126335400 | AY15: 7087963087 | AZ15: 8548199037 | BA15: 8928537962 | BB15: 8618282018 | BC15: 8518246563 | BD15: 9277438311 | BE15: 9026767632 | BF15: 8998978187 | BG15: 9320823983 | BH15: 10936858648 | BI15: 5273319876 | BJ15: 11469860627 | BK15: 17451279792 | BL15: 9741945070 | BM15: 9621802832 | BN15: 8391794513 | BO15: 9291402760 | BP15: 9149183956 | BQ15: 9341015977
A16: 13 | B16: 11.Lợi nhuận thuần từ hoạt động kinh doanh | C16: 28 | D16: =SUM(D9:D11)-D12-D14-D15 -> 0 | E16: =SUM(E9:E11)-E12-E14-E15 -> 0 | F16: =SUM(F9:F11)-F12-F14-F15 -> 0 | G16: =SUM(G9:G11)-G12-G14-G15 -> 0 | H16: =SUM(H9:H11)-H12-H14-H15 -> 0 | I16: =SUM(I9:I11)-I12-I14-I15 -> 0 | J16: =SUM(J9:J11)-J12-J14-J15 -> 0 | K16: =SUM(K9:K11)-K12-K14-K15 -> 0 | ... AY16: =SUM(AY9:AY11)-AY12-AY14-AY15 -> 111718028907 | AZ16: 3054598020 | BA16: 17199268998 | BB16: 6977214348 | BC16: 3906443232 | BD16: 10850283752 | BE16: 870990690 | BF16: 626449238 | BG16: 2789713644 | BH16: -12008595386 | BI16: -1907367248 | BJ16: -7740922158 | BK16: 7111004785 | BL16: =BL9+BL10+BL11-BL12-BL14-BL15 -> -2.8866209e+09 | BM16: =BM9+BM10+BM11-BM12-BM14-BM15 -> -7.5555469e+09 | BN16: -6.9776234e+09 | BO16: 5.3121754e+09 | BP16: =SUM(BP9:BP11)-BP12-BP14-BP15 -> 9.499095e+09 | BQ16: 9.7351761e+09 | BR16: =SUM(BR9:BR11)-BR12-BR14-BR15 -> 0 | BS16: =SUM(BS9:BS11)-BS12-BS14-BS15 -> 0 | BT16: =SUM(BT9:BT11)-BT12-BT14-BT15 -> 0 | BU16: =SUM(BU9:BU11)-BU12-BU14-BU15 -> 0 | BV16: =SUM(BV9:BV11)-BV12-BV14-BV15 -> 0 | BW16: =SUM(BW9:BW11)-BW12-BW14-BW15 -> 0
A17: 14 | B17: 12.Thu nhập khác | C17: 28 | AN17: 1945 | AO17: 1109349 | AP17: 0 | AQ17: 81700000 | AR17: 4696127 | AS17: 64937878 | AT17: 54384750 | AU17: 184242778 | AV17: 5869054 | AW17: 3145774 | AX17: 1405742798 | AY17: 7237102 | AZ17: 105489733 | BA17: 7492780 | BB17: 22177722 | BC17: 54899780 | BD17: 136977736 | BE17: 60909877 | BF17: 45395718 | BG17: 516819765 | BH17: 15045562 | BI17: 25464983 | BJ17: 8392356 | BK17: 173856388 | BL17: 62317597 | BM17: 20729933 | BN17: 83481212 | BO17: 164659578 | BP17: 182616632 | BQ17: 98404889
A18: 15 | B18: 13.Chi phí khác | C18: 28 | AN18: 54643068 | AO18: 9000870 | AP18: 40101620 | AQ18: 84654154 | AR18: 40312330 | AS18: 171972294 | AT18: 7603195 | AU18: 4413241 | AV18: 7331553 | AW18: 177107310 | AX18: 140746957 | AY18: 8816704270 | AZ18: 60241342 | BA18: 133833312 | BB18: 2500000 | BC18: 24808640 | BD18: 6500600 | BE18: 57323484 | BF18: 259624976 | BG18: 553180625 | BH18: 543708002 | BI18: 3516569246 | BJ18: 1108557251 | BK18: 1609092429 | BL18: 243870060 | BM18: 199853182 | BN18: 38712958 | BO18: 574336056 | BP18: 146865976 | BQ18: 124315595
A19: 16 | B19: 14.Lợi nhuận khác | C19: 28 | D19: =D17-D18 -> 0 | E19: =E17-E18 -> 0 | F19: =F17-F18 -> 0 | G19: =G17-G18 -> 0 | H19: =H17-H18 -> 0 | I19: =I17-I18 -> 0 | J19: =J17-J18 -> 0 | K19: =K17-K18 -> 0 | ... AY19: =AY17-AY18 -> -8809467168 | AZ19: 45248391 | BA19: -126340532 | BB19: 19677722 | BC19: 30091140 | BD19: 130477136 | BE19: 3586393 | BF19: -214229258 | BG19: -36360860 | BH19: -528662440 | BI19: -3491104263 | BJ19: -1100164895 | BK19: -1435236041 | BL19: =BL17-BL18 -> -181552463 | BM19: =BM17-BM18 -> -179123249 | BN19: 44768254 | BO19: -409676478 | BP19: =BP17-BP18 -> 35750656 | BQ19: -25910706 | BR19: =BR17-BR18 -> 0 | BS19: =BS17-BS18 -> 0 | BT19: =BT17-BT18 -> 0 | BU19: =BU17-BU18 -> 0 | BV19: =BV17-BV18 -> 0 | BW19: =BW17-BW18 -> 0
A20: 17 | B20: 15.Tổng lợi nhuận kế toán trước thuế | C20: 28 | D20: =SUM(D16,D19) -> 0 | E20: =SUM(E16,E19) -> 0 | F20: =SUM(F16,F19) -> 0 | G20: =SUM(G16,G19) -> 0 | H20: =SUM(H16,H19) -> 0 | I20: =SUM(I16,I19) -> 0 | J20: =SUM(J16,J19) -> 0 | K20: =SUM(K16,K19) -> 0 | ... AY20: =SUM(AY16,AY19) -> 102908561739 | AZ20: 3099846411 | BA20: 17072928466 | BB20: 6996892070 | BC20: 3936534372 | BD20: 10980760888 | BE20: 874577083 | BF20: 412219980 | BG20: 2753352784 | BH20: -12537257826 | BI20: -5398471511 | BJ20: -8841087053 | BK20: 5675768744 | BL20: =BL16+BL19 -> -3.0681734e+09 | BM20: =BM16+BM19 -> -7.7346702e+09 | BN20: -6.9328552e+09 | BO20: 4.9024989e+09 | BP20: =SUM(BP16,BP19) -> 9.5348456e+09 | BQ20: 9.7092654e+09 | BR20: =SUM(BR16,BR19) -> 0 | BS20: =SUM(BS16,BS19) -> 0 | BT20: =SUM(BT16,BT19) -> 0 | BU20: =SUM(BU16,BU19) -> 0 | BV20: =SUM(BV16,BV19) -> 0 | BW20: =SUM(BW16,BW19) -> 0
A21: 18 | B21: 16.Chi phí thuế TNDN hiện hành | C21: 28 | AN21: 0 | AO21: 0 | AP21: 0 | AQ21: 0 | AR21: 0 | AS21: 0 | AT21: 0 | AU21: 32927331 | AV21: 0 | AW21: 0 | AX21: 0 | AY21: 11495266455 | AZ21: 864190686 | BA21: 3020742780 | BB21: 1252632187 | BC21: 677293488 | BD21: 1681800759 | BE21: 189264839 | BF21: -1000088030 | BG21: 204199602 | BH21: -1349170846 | BI21: -516688622 | BJ21: -854033077 | BK21: 3791480158 | BN21: 153752926 | BO21: 105667873 | BP21: 150429214 | BQ21: 1157390566
A22: 19 | B22: 17.Chi phí thuế TNDN hoãn lại | C22: 28 | AN22: 0 | AO22: 0 | AP22: 0 | AQ22: 0 | AR22: 0 | AS22: 0 | AT22: 0 | AU22: 0 | AV22: 0 | AW22: 0 | AX22: 0 | AY22: 1838941310 | AZ22: 0 | BA22: -8043000 | BB22: 0 | BC22: 0 | BD22: 0 | BE22: 0 | BF22: -1830898310 | BG22: 0 | BH22: 0 | BI22: 0 | BJ22: 0 | BK22: 0 | BN22: 0 | BO22: 0 | BP22: 0 | BQ22: 0
A23: 20 | B23: 18.Lợi nhuận sau thuế thu nhập doanh nghiệp | C23: 28 | D23: =D20-D21-D22 -> 0 | E23: =E20-E21-E22 -> 0 | F23: =F20-F21-F22 -> 0 | G23: =G20-G21-G22 -> 0 | H23: =H20-H21-H22 -> 0 | I23: =I20-I21-I22 -> 0 | J23: =J20-J21-J22 -> 0 | K23: =K20-K21-K22 -> 0 | ... AY23: =AY20-AY21-AY22 -> 89574353974 | AZ23: 2235655725 | BA23: 14060228686 | BB23: 5744259883 | BC23: 3259240884 | BD23: 9298960129 | BE23: 685312244 | BF23: 3243206320 | BG23: 2549153182 | BH23: -11188086980 | BI23: -4881782889 | BJ23: -7987053976 | BK23: 1884288586 | BL23: =BL20-BL21 -> -3.0681734e+09 | BM23: =BM20-BM21 -> -7.7346702e+09 | BN23: -7.0866081e+09 | BO23: 4.796831e+09 | BP23: =BP20-BP21-BP22 -> 9.3844164e+09 | BQ23: 8.5518749e+09 | BR23: =BR20-BR21-BR22 -> 0 | BS23: =BS20-BS21-BS22 -> 0 | BT23: =BT20-BT21-BT22 -> 0 | BU23: =BU20-BU21-BU22 -> 0 | BV23: =BV20-BV21-BV22 -> 0 | BW23: =BW20-BW21-BW22 -> 0

Sheet Luu chuyen tien te
B1: ='Thong tin'!A1 -> CÔNG TY CP NHỰA TÁI CHẾ DUY TÂN
B2: VND
A3: Index CF | B3: PHẦN III- LƯU CHUYỂN TIỀN TỆ | C3: TenCongTyID | D3: T1.2021 | E3: T02.2021 | F3: T03.2021 | G3: T04.2021 | H3: T05.2021 | I3: T06.2021 | J3: T07.2021 | K3: T08.2021 | L3: T09.2021 | M3: T10.2021 | N3: T11.2021 | O3: T12.2021 | P3: T1.2022 | Q3: T02.2022 | R3: T03.2022 | S3: T04.2022 | T3: T05.2022 | U3: T06.2022 | V3: T07.2022 | W3: T08.2022 | X3: T09.2022 | Y3: T10.2022 | Z3: T11.2022 | AA3: T12.2022 | AB3: T1.2023 | AC3: T02.2023 | AD3: T03.2023 | AE3: T04.2023 | AF3: T05.2023 | AG3: T06.2023 | AH3: T07.2023 | AI3: T08.2023 | AJ3: T09.2023 | AK3: T10.2023 | AL3: T11.2023 | AM3: T12.2023 | AN3: T01.2024 | AO3: T02.2024 | AP3: T03.2024 | AQ3: T04.2024 | AR3: T05.2024 | AS3: T06.2024 | AT3: T07.2024 | AU3: T08.2024 | AV3: T09.2024 | AW3: T10.2024 | AX3: T11.2024 | AY3: T12.2024 | AZ3: T01.2025 | BA3: T02.2025 | BB3: T03.2025 | BC3: T04.2025 | BD3: T05.2025 | BE3: T06.2025 | BF3: T07.2025 | BG3: T08.2025 | BH3: T09.2025 | BI3: T10.2025 | BJ3: T11.2025 | BK3: T12.2025 | BL3: T01.2026 | BM3: T02.2026 | BN3: T03.2026 | BO3: T04.2026 | BP3: T05.2026 | BQ3: T06.2026 | BR3: T07.2026 | BS3: T08.2026 | BT3: T09.2026 | BU3: T10.2026 | BV3: T11.2026 | BW3: T12.2026
A4: 1 | B4: I. Lưu chuyển tiền từ hoạt động kinh doanh | C4: 28
A5: 2 | B5: Lợi nhuận trước thuế | C5: 28 | D5: ='Ket qua kinh doanh'!D$20 -> 0 | E5: ='Ket qua kinh doanh'!E$20 -> 0 | F5: ='Ket qua kinh doanh'!F$20 -> 0 | G5: ='Ket qua kinh doanh'!G$20 -> 0 | H5: ='Ket qua kinh doanh'!H$20 -> 0 | I5: ='Ket qua kinh doanh'!I$20 -> 0 | J5: ='Ket qua kinh doanh'!J$20 -> 0 | K5: ='Ket qua kinh doanh'!K$20 -> 0 | ... BW5: ='Ket qua kinh doanh'!BW$20 -> 0
A6: 3 | B6: Điều chỉnh cho các khoản: | C6: 28
A7: 4 | B7: Khấu hao tài sản cố định và BĐSĐT | C7: 28 | AN7: 3935422859 | AO7: 3945256529 | AP7: 3941710034 | AQ7: 4176778135 | AR7: 4265236429 | AS7: 4239641424 | AT7: 4278667037 | AU7: 4312396443 | AV7: 4447445993 | AW7: 4467524904 | AX7: 4494861573 | AY7: 4792296828 | AZ7: 4869731514 | BA7: 4871682917 | BB7: 5074245337 | BC7: 5011765623 | BD7: 5177413937 | BE7: 5167876130 | BF7: 5183350523 | BG7: 5211232124 | BH7: 5551091503 | BI7: 5404448152 | BJ7: 5569475846 | BK7: 5597408199 | BL7: 2875404568 | BM7: 2852699400 | BN7: 2866645065 | BO7: 3030293681 | BP7: 3022628687 | BQ7: 3092938663
A8: 5 | B8: Các khoản dự phòng | C8: 28 | AN8: 0 | AO8: 0 | AP8: 0 | AQ8: 0 | AR8: 0 | AS8: 0 | AT8: 0 | AU8: 0 | AV8: 0 | AW8: 0 | AX8: 0 | AY8: 0 | AZ8: 0 | BA8: 0 | BB8: 0 | BC8: 0 | BD8: 0 | BE8: 0 | BF8: 0 | BG8: 0 | BH8: 0 | BI8: 0 | BJ8: 0 | BK8: 0 | BL8: 0 | BM8: 0 | BN8: 0 | BO8: 0 | BP8: 0 | BQ8: 0
A9: 6 | B9: Lãi, lỗ chênh lệch tỷ giá do đánh giá lại các khoản mục tiền tệ có gốc ngoại tệ | C9: 28 | AN9: -55279705 | AO9: -427077314 | AP9: -320017067 | AQ9: -242395730 | AR9: -818581781 | AS9: -185223798 | AT9: -180874896 | AU9: -263960563 | AV9: -297048858 | AW9: -1429021178 | AX9: -522578257 | AY9: -1311270209 | AZ9: -357780096 | BA9: -1275864519 | BB9: -608968263 | BC9: -658231709 | BD9: -1643945913 | BE9: -645043805 | BF9: -757881624 | BG9: -621393506 | BH9: -844098636 | BI9: -1011211322 | BJ9: -120205688 | BK9: -252471998 | BL9: -282378363 | BM9: -195993248 | BN9: -773200542 | BO9: -16042566 | BP9: -618868933 | BQ9: -301467078
A10: 7 | B10: Lãi, lỗ từ hoạt động đầu tư, tài chính | C10: 28 | AN10: -9368981 | AO10: -10886349 | AP10: -181577162 | AQ10: -11461163 | AR10: -11369270 | AS10: -12784224 | AT10: -33383947 | AU10: -11556024 | AV10: -11870459 | AW10: -208264097 | AX10: -22078194 | AY10: -1325725860 | AZ10: -454865223 | BA10: -1295538741 | BB10: -11304824 | BC10: -62271990 | BD10: -11802821 | BE10: -11455724 | BF10: -57423350 | BG10: -8302038 | BH10: -8471618 | BI10: -770249979 | BJ10: -92067047 | BK10: -383755372 | BL10: -67576364 | BM10: -27632237 | BN10: -2057175685 | BO10: -1975329984 | BP10: -92506890 | BQ10: -256480165
A11: 8 | B11: Chi phí đi vay | C11: 28 | AN11: 422755791 | AO11: 563909516 | AP11: 567924561 | AQ11: 840791009 | AR11: 961855770 | AS11: 1030712173 | AT11: 1160823006 | AU11: 939585045 | AV11: 859444105 | AW11: 840165515 | AX11: 889159081 | AY11: 1032562923 | AZ11: 739360517 | BA11: 1303843040 | BB11: 673966789 | BC11: 888393452 | BD11: 1186588729 | BE11: 1448899822 | BF11: 1242023326 | BG11: 1303560910 | BH11: 1595764355 | BI11: 1368802426 | BJ11: 1256132292 | BK11: 1256103396 | BL11: 1240115065 | BM11: 1156279418 | BN11: 959718564 | BO11: 1062084475 | BP11: 838836791 | BQ11: 856841656
A12: 9 | B12: Các khoản điều chỉnh khác | C12: 28 | AN12: -25035000 | AO12: -4500869 | AP12: -15342970 | AQ12: -1400000 | AR12: 583594 | AS12: 2638761 | AT12: -1603193 | AU12: 2915785 | AV12: 1137535 | AW12: -2150926 | AX12: 2544907 | AY12: -153600711 | AZ12: 5872690 | BA12: -3800000 | BB12: 3397640 | BC12: 13981280 | BD12: 15477736 | BE12: 18540080 | BF12: -93607732 | BG12: 15000048 | BH12: 10984820 | BI12: 24070392 | BJ12: 6071410 | BK12: -425329940 | BL12: -128152205 | BM12: -37583728 | BN12: -297709653 | BO12: -461506970 | BP12: -202818144 | BQ12: -280901247
A13: 10 | B13: Lợi nhuận từ hoạt động kinh doanh trước thay đổi vốn lưu động | C13: 28 | D13: =SUM(D5:D12) -> 0 | E13: =SUM(E5:E12) -> 0 | F13: =SUM(F5:F12) -> 0 | G13: =SUM(G5:G12) -> 0 | H13: =SUM(H5:H12) -> 0 | I13: =SUM(I5:I12) -> 0 | J13: =SUM(J5:J12) -> 0 | K13: =SUM(K5:K12) -> 0 | ... BQ13: =SUM(BQ5:BQ12) -> 1.2820197e+10
A14: 11 | B14: Tăng / giảm các khoản phải thu | C14: 28 | AN14: -1.2246234e+10 | AO14: 10826066152 | AP14: -1.5227378e+10 | AQ14: -18242361446 | AR14: -1.7831483e+10 | AS14: -24693912300 | AT14: 9.0882622e+10 | AU14: -25565536759 | AV14: -37899408750 | AW14: 1909176260 | AX14: -52509399614 | AY14: 5.2498955e+10 | AZ14: 5.6768186e+10 | BA14: -3.0360526e+10 | BB14: -2.1020362e+10 | BC14: 4.2835361e+10 | BD14: -43963636110 | BE14: -4.1123983e+09 | BF14: 16922063061 | BG14: -41954236295 | BH14: 72991548929 | BI14: 58464143238 | BJ14: 28256716493 | BK14: -3535093080 | BL14: 53673466483 | BM14: 1.0541637e+10 | BN14: 262286900 | BO14: 21974278959 | BP14: -77088604901 | BQ14: 11314739001
A15: 12 | B15: Tăng / giảm hàng tồn kho | C15: 28 | AN15: -49549238548 | AO15: -7205281194 | AP15: -39860295459 | AQ15: -4.0452344e+10 | AR15: -4.0018611e+10 | AS15: -22253771084 | AT15: -2.1156666e+10 | AU15: 40083282616 | AV15: -10488525390 | AW15: 4230963655 | AX15: -41785285643 | AY15: -14397208765 | AZ15: 34011025895 | BA15: 80139198645 | BB15: 19508416867 | BC15: -54306536082 | BD15: -5114288511 | BE15: -19711706985 | BF15: -14594923828 | BG15: 1610031161 | BH15: -3350477118 | BI15: 20252490813 | BJ15: -2228980661 | BK15: -12498581725 | BL15: 2.1674615e+10 | BM15: 3.0827089e+10 | BN15: 8.046116e+10 | BO15: 5.992565e+10 | BP15: 6.9756463e+09 | BQ15: -3.3506946e+10
A16: 13 | B16: Tăng / giảm các khoản phải trả (Không bao gồm lãi vay phải trả, thuế TNDN phải nộp) | C16: 28 | AN16: 8.0126423e+09 | AO16: 4278312829 | AP16: 3.8210005e+09 | AQ16: 1.7456992e+10 | AR16: 2.7971781e+10 | AS16: 28656935853 | AT16: 13949162110 | AU16: 15821078146 | AV16: 36706376899 | AW16: 12026587562 | AX16: 46633842767 | AY16: -1.4461357e+11 | AZ16: -2.1447247e+10 | BA16: -17371395733 | BB16: -2.7710273e+10 | BC16: -2.715404e+10 | BD16: 7561434255 | BE16: 5.4491533e+09 | BF16: -2.8894531e+10 | BG16: -675180367 | BH16: -3.5040432e+10 | BI16: -11083861146 | BJ16: -26268904249 | BK16: -13522847859 | BL16: -10264950362 | BM16: -3.1219289e+10 | BN16: -14745698633 | BO16: -17720667110 | BP16: 4374295809 | BQ16: 10126405639
A17: 14 | B17: Tăng / giảm chi phí chờ phân bổ | C17: 28 | AN17: 138419414 | AO17: -195536893 | AP17: 208271418 | AQ17: -156105027 | AR17: 163996298 | AS17: 223255844 | AT17: -51586114 | AU17: -547678801 | AV17: 259681006 | AW17: -52949085 | AX17: 371337406 | AY17: -201730567 | AZ17: -594058884 | BA17: -4016083188 | BB17: 609477126 | BC17: 1329395572 | BD17: 730927901 | BE17: -6018972917 | BF17: -908214055 | BG17: -861781925 | BH17: 2426045734 | BI17: 1597604553 | BJ17: 2650850606 | BK17: 110030657 | BL17: 2029033267 | BM17: 1056446575 | BN17: -110001747 | BO17: -779099093 | BP17: -1203019891 | BQ17: 1463521399
A18: 15 | B18: Tăng / giảm chứng khoán kinh doanh | C18: 28 | AN18: 0 | AO18: 0 | AP18: 0 | AQ18: 0 | AR18: 0 | AS18: 0 | AT18: 0 | AU18: 0 | AV18: 0 | AW18: 0 | AX18: 0 | AY18: 0 | AZ18: 0 | BA18: 0 | BB18: 0 | BC18: 0 | BD18: 0 | BE18: 0 | BF18: 0 | BG18: 0 | BH18: 0 | BI18: 0 | BJ18: 0 | BK18: 0 | BL18: 0 | BM18: 0 | BN18: 0 | BO18: 0 | BP18: 0 | BQ18: 0
A19: 16 | B19: Chi phí đi vay đã trả | C19: 28 | AN19: -422755791 | AO19: -563909516 | AP19: -567924561 | AQ19: -840791009 | AR19: -961855770 | AS19: -1030712173 | AT19: -1160823006 | AU19: -939585045 | AV19: -859444105 | AW19: -840165515 | AX19: -889159081 | AY19: -1032562923 | AZ19: -739360517 | BA19: -1303843040 | BB19: -673966789 | BC19: -888393452 | BD19: -1186588729 | BE19: -1448899822 | BF19: -1242023326 | BG19: -1303560910 | BH19: -1595764355 | BI19: -1368802426 | BJ19: -1256132292 | BK19: -1256103396 | BL19: -1240115065 | BM19: -1156279418 | BN19: -959718564 | BO19: -1062084475 | BP19: -838836791 | BQ19: -856841656
A20: 17 | B20: Thuế thu nhập doanh nghiệp đã nộp | C20: 28 | AN20: 0 | AO20: -6372627736 | AP20: 0 | AQ20: -1567047590 | AR20: 0 | AS20: 0 | AT20: -4839738089 | AU20: 0 | AV20: 0 | AW20: 0 | AX20: 0 | AY20: 0 | AZ20: 0 | BA20: 0 | BB20: 0 | BC20: 0 | BD20: 0 | BE20: 0 | BF20: 0 | BG20: 0 | BH20: 0 | BI20: 0 | BJ20: 0 | BK20: 0 | BL20: 0 | BM20: 0 | BN20: 0 | BO20: 0 | BP20: 0 | BQ20: 0
A21: 18 | B21: Tiền thu khác từ hoạt động kinh doanh | C21: 28 | AN21: 33300285459 | AO21: 581261898 | AP21: 295846464 | AQ21: 6044827458 | AR21: 0 | AS21: 183077251 | AT21: 0 | AU21: 0 | AV21: 0 | AW21: 0 | AX21: 44753129 | AY21: 100064303 | AZ21: 0 | BA21: 310813567 | BB21: 0 | BC21: 0 | BD21: 1602926131 | BE21: 1730001720 | BF21: 0 | BG21: 1684422467 | BH21: 0 | BI21: 0 | BJ21: 0 | BK21: 0 | BL21: 0 | BM21: 0 | BN21: 0 | BO21: 157635856 | BP21: 0 | BQ21: 132731165
A22: 19 | B22: Tiền chi khác cho hoạt động kinh doanh | C22: 28 | AN22: -556985123 | AO22: 0 | AP22: -2626029698 | AQ22: -1520939337 | AR22: -231157127 | AS22: -168183405 | AT22: -7757502843 | AU22: -843147474 | AV22: -778536028 | AW22: -88004798 | AX22: 0 | AY22: 0 | AZ22: -2457877506 | BA22: 0 | BB22: -46111316 | BC22: -2524601239 | BD22: 0 | BE22: 0 | BF22: -5614800575 | BG22: 0 | BH22: -1710474573 | BI22: -325905289 | BJ22: -569293452 | BK22: -1260571042 | BL22: -8060010807 | BM22: -2359246078 | BN22: -3215980617 | BO22: 0 | BP22: -270608817 | BQ22: 0
A23: 20 | B23: Lưu chuyển tiền thuần từ hoạt động kinh doanh | C23: 28 | D23: =SUM(D13:D22) -> 0 | E23: =SUM(E13:E22) -> 0 | F23: =SUM(F13:F22) -> 0 | G23: =SUM(G13:G22) -> 0 | H23: =SUM(H13:H22) -> 0 | I23: =SUM(I13:I22) -> 0 | J23: =SUM(J13:J22) -> 0 | K23: =SUM(K13:K22) -> 0 | ... BK23: =SUM(BK13:BK22) -> -20495443416 | BL23: 58381278265 | BM23: 3703457019 | BN23: 55457469972 | BO23: 69037711585 | BP23: -55569011187 | BQ23: =SUM(BQ13:BQ22) -> 1493807161 | BR23: =SUM(BR13:BR22) -> 0 | BS23: =SUM(BS13:BS22) -> 0 | BT23: =SUM(BT13:BT22) -> 0 | BU23: =SUM(BU13:BU22) -> 0 | BV23: =SUM(BV13:BV22) -> 0 | BW23: =SUM(BW13:BW22) -> 0
A24: 21 | B24: II. Lưu chuyển tiền từ hoạt động đầu tư | C24: 28 | BA24: 0 | BL24: 0 | BM24: 0 | BN24: 0 | BO24: 0 | BP24: 0 | BQ24: 0
A25: 22 | B25: Tiền chi để mua sắm, xây dựng, TSCĐ và các tài sản dài hạn khác | C25: 28 | AN25: -4433253562 | AO25: -4806499635 | AP25: -1178976480 | AQ25: -2137822833 | AR25: -1997868497 | AS25: -779289764 | AT25: -1731396930 | AU25: -587684497 | AV25: -737051257 | AW25: -2432817561 | AX25: -4.956702e+09 | AY25: -1.0070019e+10 | AZ25: -9821622713 | BA25: -2791142302 | BB25: -5471315854 | BC25: -3883627959 | BD25: -9506285511 | BE25: -7002001812 | BF25: 1109740305 | BG25: -4865692586 | BH25: -12299284463 | BI25: -16012258392 | BJ25: -5017993937 | BK25: -12497879821 | BL25: -10076408181 | BM25: -30351439535 | BN25: -11017403141 | BO25: -5497964272 | BP25: -3477189108 | BQ25: -4456593429
A26: 23 | B26: Tiền thu từ thanh lý, nhượng bán TSCĐ và các tài sản dài hạn khác | C26: 28 | AN26: 0 | AO26: 0 | AP26: 0 | AQ26: 81700000 | AR26: 0 | AS26: 0 | AT26: 0 | AU26: 0 | AV26: 0 | AW26: 0 | AX26: 0 | AY26: 0 | AZ26: 0 | BA26: 0 | BB26: 0 | BC26: 623633187 | BD26: 95000000 | BE26: 226000000 | BF26: 0 | BG26: 226000000 | BH26: 0 | BI26: 0 | BJ26: 0 | BK26: 0 | BL26: 0 | BM26: 0 | BN26: 0 | BO26: 0 | BP26: 0 | BQ26: 0
A27: 24 | B27: Tiền chi cho vay, mua các công cụ nợ của đơn vị khác | C27: 28 | AN27: 0 | AO27: 0 | AP27: 0 | AQ27: 0 | AR27: 0 | AS27: 0 | AT27: 0 | AU27: 0 | AV27: 0 | AW27: 0 | AX27: 0 | AY27: 0 | AZ27: -2000000000 | BA27: 2000000000 | BB27: -37000000000 | BC27: -30000000000 | BD27: -10000000000 | BE27: 0 | BF27: 0 | BG27: 0 | BH27: 0 | BI27: -20000000000 | BJ27: -20000000000 | BK27: -5500000000 | BL27: 0 | BM27: -12000000000 | BN27: -18200000000 | BO27: -20800000000 | BP27: -37000000000 | BQ27: -34455263957
A28: 25 | B28: Tiền thu hồi cho vay, bán lại các công cụ nợ của đơn vị khác | C28: 28 | AN28: 0 | AO28: 0 | AP28: 0 | AQ28: 0 | AR28: 0 | AS28: 0 | AT28: 0 | AU28: 0 | AV28: 0 | AW28: 0 | AX28: 0 | AY28: 0 | AZ28: 0 | BA28: 0 | BB28: 0 | BC28: 5500000000 | BD28: 0 | BE28: 0 | BF28: 15000000000 | BG28: 0 | BH28: 12000000000 | BI28: 10000000000 | BJ28: 30000000000 | BK28: 25000000000 | BL28: 0 | BM28: 0 | BN28: 3000000000 | BO28: 6200000000 | BP28: 42000000000 | BQ28: 10000000000
A29: 26 | B29: Tiền chi đầu tư góp vốn vào đơn vị khác | C29: 28 | AN29: 0 | AO29: 0 | AP29: 0 | AQ29: 0 | AR29: 0 | AS29: 0 | AT29: 0 | AU29: 0 | AV29: -830000000 | AW29: 0 | AX29: 0 | AY29: 0 | AZ29: 0 | BA29: 0 | BB29: 0 | BC29: 0 | BD29: 0 | BE29: 0 | BF29: 0 | BG29: 0 | BH29: 0 | BI29: 0 | BJ29: 0 | BK29: 0 | BL29: 0 | BM29: 0 | BN29: 0 | BO29: 0 | BP29: 0 | BQ29: 0
A30: 27 | B30: Tiền thu hồi đầu tư góp vốn vào đơn vị khác | C30: 28 | AN30: 0 | AO30: 0 | AP30: 0 | AQ30: 0 | AR30: 0 | AS30: 0 | AT30: 0 | AU30: 0 | AV30: 0 | AW30: 0 | AX30: 0 | AY30: 0 | AZ30: 0 | BA30: 0 | BB30: 0 | BC30: 0 | BD30: 0 | BE30: 0 | BF30: 0 | BG30: 0 | BH30: 0 | BI30: 0 | BJ30: 0 | BK30: 0 | BL30: 0 | BM30: 0 | BN30: 0 | BO30: 0 | BP30: 0 | BQ30: 0
A31: 28 | B31: Tiền thu lãi cho vay, cổ tức, và lợi nhuận được chia | C31: 28 | AN31: 9408148 | AO31: 10891376 | AP31: 181597914 | AQ31: 11428642 | AR31: 11345250 | AS31: 12767732 | AT31: 33371970 | AU31: 11541316 | AV31: 11865736 | AW31: 208247257 | AX31: 12331934 | AY31: 1325716773 | AZ31: 454849601 | BA31: 1295527254 | BB31: 11296757 | BC31: 62251036 | BD31: 11791098 | BE31: 11447590 | BF31: 57408816 | BG31: 8291385 | BH31: 8446685 | BI31: 770203083 | BJ31: 88716910 | BK31: 376705999 | BL31: 67565511 | BM31: 27624348 | BN31: 2057170916 | BO31: 1975289056 | BP31: 92474856 | BQ31: 256452948
A32: 29 | B32: Lưu chuyển tiền thuần từ hoạt động đầu tư | C32: 28 | D32: =SUM(D25:D31) -> 0 | E32: =SUM(E25:E31) -> 0 | F32: =SUM(F25:F31) -> 0 | G32: =SUM(G25:G31) -> 0 | H32: =SUM(H25:H31) -> 0 | I32: =SUM(I25:I31) -> 0 | J32: =SUM(J25:J31) -> 0 | K32: =SUM(K25:K31) -> 0 | ... BK32: =SUM(BK25:BK31) -> 7378826178 | BL32: -10008842670 | BM32: -42323815187 | BN32: -24160232225 | BO32: -18122675216 | BP32: 1615285748 | BQ32: =SUM(BQ25:BQ31) -> -28655404438 | BR32: =SUM(BR25:BR31) -> 0 | BS32: =SUM(BS25:BS31) -> 0 | BT32: =SUM(BT25:BT31) -> 0 | BU32: =SUM(BU25:BU31) -> 0 | BV32: =SUM(BV25:BV31) -> 0 | BW32: =SUM(BW25:BW31) -> 0
A33: 30 | B33: III. Lưu chuyển tiền từ hoạt động tài chính | C33: 28
A34: 31 | B34: Tiền thu từ phát hành cổ phiếu, nhận vốn góp của chủ sở hữu | C34: 28 | AN34: 0 | AO34: 0 | AP34: 0 | AQ34: 0 | AR34: 0 | AS34: 0 | AT34: 0 | AU34: 0 | AV34: 0 | AW34: 0 | AX34: 20000000000 | AY34: 0 | AZ34: 0 | BA34: 0 | BB34: 0 | BC34: 0 | BD34: 0 | BE34: 0 | BF34: 0 | BG34: 0 | BH34: 0 | BI34: 0 | BJ34: 500000000 | BK34: 5500000000 | BL34: 94000000000 | BM34: 0 | BN34: 0 | BO34: 0 | BP34: 0 | BQ34: 32000000000
A35: 32 | B35: Tiền trả lại vốn góp cho các chủ sở hữu, mua lại cổ phiểu đã phát hành | C35: 28 | AN35: 0 | AO35: 0 | AP35: 0 | AQ35: 0 | AR35: 0 | AS35: 0 | AT35: 0 | AU35: 0 | AV35: 0 | AW35: 0 | AX35: 0 | AY35: 0 | AZ35: 0 | BA35: 0 | BB35: 0 | BC35: 0 | BD35: 0 | BE35: 0 | BF35: 0 | BG35: 0 | BH35: 0 | BI35: 0 | BJ35: 0 | BK35: 0 | BL35: 0 | BM35: 0 | BN35: 0 | BO35: 0 | BP35: 0 | BQ35: 0
A36: 33 | B36: Tiền thu từ đi vay | C36: 28 | AN36: 57270669795 | AO36: 2700000000 | AP36: 51941747542 | AQ36: 43144705866 | AR36: 34881897765 | AS36: 19187776584 | AT36: 4706000000 | AU36: 51191060696 | AV36: 84691804308 | AW36: 102825721496 | AX36: 83853569555 | AY36: 37383794832 | AZ36: 2310562000 | BA36: 5428000000 | BB36: 58529191203 | BC36: 90358841948 | BD36: 46360978617 | BE36: 47723278583 | BF36: 49379624959 | BG36: 76433887270 | BH36: 74543374853 | BI36: 35990648109 | BJ36: 46874996976 | BK36: 40177257513 | BL36: 56609988510 | BM36: 47431035680 | BN36: 28824946157 | BO36: 0 | BP36: 104042294769 | BQ36: 70714568555
A37: 34 | B37: Tiền trả nợ gốc vay | C37: 28 | AN37: 0 | AO37: -7768970250 | AP37: -8016000000 | AQ37: -295193392 | AR37: -2906560000 | AS37: -6016005797 | AT37: -26451297542 | AU37: -94694168939 | AV37: -70491152886 | AW37: -86950072394 | AX37: -46997210051 | AY37: -30836777778 | AZ37: -33725113955 | BA37: -100211784973 | BB37: -4197000000 | BC37: -15728148401 | BD37: -22093621349 | BE37: -30106272270 | BF37: -37490126842 | BG37: -32982546300 | BH37: -59818118843 | BI37: -86548152225 | BJ37: -53673092111 | BK37: -51123323764 | BL37: -101278931518 | BM37: -9737588663 | BN37: -71496103739 | BO37: -31484303775 | BP37: -59390127409 | BQ37: -78678918453
A38: 35 | B38: Tiền trả nợ gốc thuê tài chính | C38: 28 | AN38: 0 | AO38: 0 | AP38: 0 | AQ38: 0 | AR38: 0 | AS38: 0 | AT38: 0 | AU38: 0 | AV38: 0 | AW38: 0 | AX38: 0 | AY38: 0 | AZ38: -777777778 | BA38: -777777778 | BB38: -777777778 | BC38: -777777778 | BD38: -777777778 | BE38: -777777778 | BF38: -777777778 | BG38: -777777778 | BH38: -777777778 | BI38: -777777778 | BJ38: -777777778 | BK38: -777777778 | BL38: -1647651024 | BM38: -738238085 | BN38: -738238085 | BO38: -738238085 | BP38: -738238085 | BQ38: -738238085
A39: 36 | B39: Cổ tức, lợi nhuận đã trả cho chủ sở hữu | C39: 28 | AN39: 0 | AO39: 0 | AP39: 0 | AQ39: 0 | AR39: 0 | AS39: 0 | AT39: 0 | AU39: 0 | AV39: 0 | AW39: 0 | AX39: 0 | AY39: 0 | AZ39: 0 | BA39: 0 | BB39: 0 | BC39: 0 | BD39: 0 | BE39: 0 | BF39: 0 | BG39: 0 | BH39: 0 | BI39: 0 | BJ39: 0 | BK39: 0 | BL39: 0 | BM39: 0 | BN39: 0 | BO39: 0 | BP39: 0
A40: 37 | B40: Lưu chuyển thuần từ hoạt động tài chính | C40: 28 | D40: =SUM(D34:D39) -> 0 | E40: =SUM(E34:E39) -> 0 | F40: =SUM(F34:F39) -> 0 | G40: =SUM(G34:G39) -> 0 | H40: =SUM(H34:H39) -> 0 | I40: =SUM(I34:I39) -> 0 | J40: =SUM(J34:J39) -> 0 | K40: =SUM(K34:K39) -> 0 | ... BK40: =SUM(BK34:BK39) -> -6223844029 | BL40: 47683405968 | BM40: 36955208932 | BN40: -43409395667 | BO40: -32222541860 | BP40: 43913929275 | BQ40: =SUM(BQ34:BQ39) -> 23297412017 | BR40: =SUM(BR34:BR39) -> 0 | BS40: =SUM(BS34:BS39) -> 0 | BT40: =SUM(BT34:BT39) -> 0 | BU40: =SUM(BU34:BU39) -> 0 | BV40: =SUM(BV34:BV39) -> 0 | BW40: =SUM(BW34:BW39) -> 0
A41: 38 | B41: Lưu chuyển tiền thuần trong kỳ | C41: 28 | D41: =SUM(D23,D32,D40) -> 0 | E41: =SUM(E23,E32,E40) -> 0 | F41: =SUM(F23,F32,F40) -> 0 | G41: =SUM(G23,G32,G40) -> 0 | H41: =SUM(H23,H32,H40) -> 0 | I41: =SUM(I23,I32,I40) -> 0 | J41: =SUM(J23,J32,J40) -> 0 | K41: =SUM(K23,K32,K40) -> 0 | ... BK41: =SUM(BK23,BK32,BK40) -> -19340461267 | BL41: 96055841563 | BM41: -1665149236 | BN41: -12112157920 | BO41: 18692494509 | BP41: -10039796164 | BQ41: =SUM(BQ23,BQ32,BQ40) -> -3864185260 | BR41: =SUM(BR23,BR32,BR40) -> 0 | BS41: =SUM(BS23,BS32,BS40) -> 0 | BT41: =SUM(BT23,BT32,BT40) -> 0 | BU41: =SUM(BU23,BU32,BU40) -> 0 | BV41: =SUM(BV23,BV32,BV40) -> 0 | BW41: =SUM(BW23,BW32,BW40) -> 0
A42: 39 | B42: Tiền và tương đương tiền đầu kỳ | C42: 28 | E42: =D44 -> 0 | F42: =E44 -> 0 | G42: =F44 -> 0 | H42: =G44 -> 0 | I42: =H44 -> 0 | J42: =I44 -> 0 | K42: =J44 -> 0 | L42: =K44 -> 0 | ... AM42: =AL44 -> 0 | AN42: 1.427268e+10 | AO42: =AN44 -> 4.9288868e+10 | AP42: =AO44 -> 3.8507421e+10 | AQ42: =AP44 -> 2.9048674e+10 | AR42: =AQ44 -> 3.7248771e+10 | AS42: =AR44 -> 3.5854754e+10 | AT42: =AS44 -> 2.2294252e+10 | AU42: =AT44 -> 5.8926624e+10 | AV42: =AU44 -> 3.8085108e+10 | ... AY42: =AX44 -> 83760809809 | AZ42: 7.8515947e+10 | BA42: =AZ44 -> 1.0875746e+11 | BB42: =BA44 -> 6.3047561e+10 | BC42: =BB44 -> 5.7546333e+10 | BD42: =BC44 -> 7.2781094e+10 | BE42: =BD44 -> 5.3850392e+10 | BF42: =BE44 -> 4.7310681e+10 | BG42: =BF44 -> 4.6943684e+10 | BH42: =BG44 -> 5.2760384e+10 | ... BK42: =BJ44 -> 8.2814146e+10 | BL42: 63726156404 | BM42: 160064376330 | BN42: 158595220342 | BO42: 147256262964 | BP42: 165964800039 | BQ42: 156543872808
A43: 40 | B43: Ảnh hưởng của thay đổi tỷ giá hối đoái quy đổi ngoại tệ | C43: 28 | AN43: -55279705 | AO43: 427077314 | AP43: 320017067 | AQ43: 242395730 | AR43: 818581781 | AS43: 185223798 | AT43: 180874896 | AU43: 263960563 | AV43: 297048858 | AW43: 1429021178 | AX43: 522578257 | AY43: 1311270209 | AZ43: 357780096 | BA43: 1275864519 | BB43: 608968263 | BC43: 658231709 | BD43: 1643945913 | BE43: 645043805 | BF43: 757881624 | BG43: 621393506 | BH43: 844098636 | BI43: 1011211322 | BJ43: 120205688 | BK43: 252471998 | BL43: 282378363 | BM43: 195993248 | BN43: 773200542 | BO43: 16042566 | BP43: 618868933 | BQ43: 301467078
A44: 41 | B44: Tiền và tương đương tiền cuối kỳ | C44: 28 | D44: =SUM(D41:D43) -> 0 | E44: =SUM(E41:E43) -> 0 | F44: =SUM(F41:F43) -> 0 | G44: =SUM(G41:G43) -> 0 | H44: =SUM(H41:H43) -> 0 | I44: =SUM(I41:I43) -> 0 | J44: =SUM(J41:J43) -> 0 | K44: =SUM(K41:K43) -> 0 | ... BW44: =SUM(BW41:BW43) -> 0

Sheet KQKD theo yeu to
B1: ='Thong tin'!A1 -> CÔNG TY CP NHỰA TÁI CHẾ DUY TÂN
B2: VND
A3: Index PL Element | B3: PHẦN IV: CHI PHÍ THEO YẾU TỐ | C3: TenCongTyID | D3: T1.2021 | E3: T02.2021 | F3: T03.2021 | G3: T04.2021 | H3: T05.2021 | I3: T06.2021 | J3: T07.2021 | K3: T08.2021 | L3: T09.2021 | M3: T10.2021 | N3: T11.2021 | O3: T12.2021 | P3: T1.2022 | Q3: T02.2022 | R3: T03.2022 | S3: T04.2022 | T3: T05.2022 | U3: T06.2022 | V3: T07.2022 | W3: T08.2022 | X3: T09.2022 | Y3: T10.2022 | Z3: T11.2022 | AA3: T12.2022 | AB3: T1.2023 | AC3: T02.2023 | AD3: T03.2023 | AE3: T04.2023 | AF3: T05.2023 | AG3: T06.2023 | AH3: T07.2023 | AI3: T08.2023 | AJ3: T09.2023 | AK3: T10.2023 | AL3: T11.2023 | AM3: T12.2023 | AN3: T01.2024 | AO3: T02.2024 | AP3: T03.2024 | AQ3: T04.2024 | AR3: T05.2024 | AS3: T06.2024 | AT3: T07.2024 | AU3: T08.2024 | AV3: T09.2024 | AW3: T10.2024 | AX3: T11.2024 | AY3: T12.2024 | AZ3: T01.2025 | BA3: T02.2025 | BB3: T03.2025 | BC3: T04.2025 | BD3: T05.2025 | BE3: T06.2025 | BF3: T07.2025 | BG3: T08.2025 | BH3: T09.2025 | BI3: T10.2025 | BJ3: T11.2025 | BK3: T12.2025 | BL3: T01.2026 | BM3: T02.2026 | BN3: T03.2026 | BO3: T04.2026 | BP3: T05.2026 | BQ3: T06.2026 | BR3: T07.2026 | BS3: T08.2026 | BT3: T09.2026 | BU3: T10.2026 | BV3: T11.2026 | BW3: T12.2026
A4: 1 | B4: Tổng nhân sự | C4: 28 | AN4: 478 | AO4: 465 | AP4: 505 | AQ4: 528 | AR4: 550 | AS4: 557 | AT4: 561 | AU4: 558 | AV4: 591 | AW4: 606 | AX4: 619 | AY4: 626 | AZ4: 729.7037 | BA4: 739.96154 | BB4: 806.22917 | BC4: 805.57407 | BD4: 802.74 | BE4: 841.75481 | BF4: 893.15385 | BG4: 913.73077 | BH4: 924.2037 | BI4: 875.40865 | BJ4: 822.38462 | BK4: 815.42788 | BL4: 821.32 | BM4: 829.40909 | BN4: 828.09635 | BO4: 826.35185 | BP4: 840.78 | BQ4: 892.92824
A5: 2 | B5: Nhân sự nhóm sản xuất | C5: 28 | AZ5: 442.7037 | BA5: 454.96154 | BB5: 509.22917 | BC5: 502.57407 | BD5: 493.74 | BE5: 524.75481 | BF5: 574.15385 | BG5: 591.73077 | BH5: 602.2037 | BI5: 550.40865 | BJ5: 493.38462 | BK5: 495.42788 | BL5: 491.32 | BM5: 506.40909 | BN5: 503.09635 | BO5: 504.35185 | BP5: 521.78 | BQ5: 574.92824
A6: 3 | B6: Số ngày công (8 hrs) | C6: 28 | AZ6: 10135.676 | BA6: 8393.15 | BB6: 10491.245 | BC6: 11142.671 | BD6: 10712.434 | BE6: 12617.005 | BF6: 12562.837 | BG6: 12228.68 | BH6: 12970.86 | BI6: 12241.221 | BJ6: 11109.345 | BK6: 10934.636 | BL6: 9721.0988 | BM6: 7952.42 | BN6: 9804.5962 | BO6: 11832.626 | BP6: 10054.336 | BQ6: 13260.33
A7: 4 | B7: Sản lượng sản xuất (Ton) | C7: 28 | AZ7: 2549.093 | BA7: 4251.248 | BB7: 6804.4576 | BC7: 5953.754 | BD7: 6946.0355 | BE7: 6500.8678 | BF7: 7412.5526 | BG7: 7342.6915 | BH7: 7034.5499 | BI7: 5348.8582 | BJ7: 3941.8167 | BK7: 5467.8133 | BL7: 5161.3962 | BM7: 3284.666 | BN7: 7091.87 | BO7: 6687.1724 | BP7: 6074.1306 | BQ7: 6530.0542
A8: 5 | B8: Sản lượng bán (Ton) | C8: 28 | D8: ='Ket qua kinh doanh'!D4 -> 0 | E8: ='Ket qua kinh doanh'!E4 -> 0 | F8: ='Ket qua kinh doanh'!F4 -> 0 | G8: ='Ket qua kinh doanh'!G4 -> 0 | H8: ='Ket qua kinh doanh'!H4 -> 0 | I8: ='Ket qua kinh doanh'!I4 -> 0 | J8: ='Ket qua kinh doanh'!J4 -> 0 | K8: ='Ket qua kinh doanh'!K4 -> 0 | ... AM8: ='Ket qua kinh doanh'!AM4 -> 0 | AN8: 5108.325 | AO8: 3038.375 | AP8: 4394.4 | AQ8: 4434.75 | AR8: 4827.202 | AS8: 3532.75 | AT8: 2953.134 | AU8: 5764.9472 | AV8: 5789.67 | AW8: 4984.452 | AX8: 3194.528 | AY8: 3774.598 | AZ8: 4326.8273 | BA8: 7040.174 | BB8: 6707.694 | BC8: 4085.947 | BD8: 4800.6903 | BE8: 4045.353 | BF8: 4698.9851 | BG8: 5678.89 | BH8: 3116.57 | BI8: 3435.779 | BJ8: 3062.156 | BK8: 3190.589 | BL8: ='Ket qua kinh doanh'!BL4 -> 4402.052 | BM8: ='Ket qua kinh doanh'!BM4 -> 3277.83 | BN8: ='Ket qua kinh doanh'!BN4 -> 6446.383 | BO8: ='Ket qua kinh doanh'!BO4 -> 5783.465 | BP8: 5176.4 | BQ8: ='Ket qua kinh doanh'!BQ4 -> 4118.6155 | BR8: ='Ket qua kinh doanh'!BR4 -> 0 | BS8: ='Ket qua kinh doanh'!BS4 -> 0 | BT8: ='Ket qua kinh doanh'!BT4 -> 0 | BU8: ='Ket qua kinh doanh'!BU4 -> 0 | BV8: ='Ket qua kinh doanh'!BV4 -> 0 | BW8: ='Ket qua kinh doanh'!BW4 -> 0
A9: 6 | B9: Doanh thu bán hàng | C9: 28 | D9: ='Ket qua kinh doanh'!D5 -> 0 | E9: ='Ket qua kinh doanh'!E5 -> 0 | F9: ='Ket qua kinh doanh'!F5 -> 0 | G9: ='Ket qua kinh doanh'!G5 -> 0 | H9: ='Ket qua kinh doanh'!H5 -> 0 | I9: ='Ket qua kinh doanh'!I5 -> 0 | J9: ='Ket qua kinh doanh'!J5 -> 0 | K9: ='Ket qua kinh doanh'!K5 -> 0 | ... BW9: ='Ket qua kinh doanh'!BW5 -> 0
A10: 7 | B10: Các khoản giảm trừ doanh thu | C10: 28 | D10: ='Ket qua kinh doanh'!D6 -> 0 | E10: ='Ket qua kinh doanh'!E6 -> 0 | F10: ='Ket qua kinh doanh'!F6 -> 0 | G10: ='Ket qua kinh doanh'!G6 -> 0 | H10: ='Ket qua kinh doanh'!H6 -> 0 | I10: ='Ket qua kinh doanh'!I6 -> 0 | J10: ='Ket qua kinh doanh'!J6 -> 0 | K10: ='Ket qua kinh doanh'!K6 -> 0 | ... BW10: ='Ket qua kinh doanh'!BW6 -> 0
A11: 8 | B11: % Các khoản giảm trừ | C11: 28 | D11: =IFERROR(D10/D9,"") | E11: =IFERROR(E10/E9,"") | F11: =IFERROR(F10/F9,"") | G11: =IFERROR(G10/G9,"") | H11: =IFERROR(H10/H9,"") | I11: =IFERROR(I10/I9,"") | J11: =IFERROR(J10/J9,"") | K11: =IFERROR(K10/K9,"") | ... BW11: =IFERROR(BW10/BW9,"")
A12: 9 | B12: Doanh thu thuần | C12: 28 | D12: ='Ket qua kinh doanh'!D7 -> 0 | E12: ='Ket qua kinh doanh'!E7 -> 0 | F12: ='Ket qua kinh doanh'!F7 -> 0 | G12: ='Ket qua kinh doanh'!G7 -> 0 | H12: ='Ket qua kinh doanh'!H7 -> 0 | I12: ='Ket qua kinh doanh'!I7 -> 0 | J12: ='Ket qua kinh doanh'!J7 -> 0 | K12: ='Ket qua kinh doanh'!K7 -> 0 | ... BW12: ='Ket qua kinh doanh'!BW7 -> 0
A13: 10 | B13: Xuất khẩu | C13: 28 | AZ13: 82123174705 | BA13: 127754884829 | BB13: 103667980875 | BC13: 89699052245 | BD13: 114824058990 | BE13: 70054412500 | BF13: 88123126474 | BG13: 94069028914 | BH13: 24953975916 | BI13: 27056388040 | BJ13: 21625208400 | BK13: 29216515900 | BL13: 70701288516 | BM13: 58540341826 | BN13: 80759624796 | BO13: 67176948835 | BP13: 87346708460 | BQ13: 55103643980
A14: 11 | B14: Nội địa | C14: 28 | AZ14: 32346770747 | BA14: 60244576230 | BB14: 46391851263 | BC14: 35688190679 | BD14: 37207496272 | BE14: 49425450827 | BF14: 49880195424 | BG14: 74230980822 | BH14: 58357137207 | BI14: 72199340668 | BJ14: 63368898385 | BK14: 62153588621 | BL14: 54914430207 | BM14: 37428902690 | BN14: 9.116652e+10 | BO14: 91973059076 | BP14: 70759017702 | BQ14: 65521139168
A15: 12 | B15: Khác | C15: 28 | AZ15: 0 | BA15: 0 | BB15: 179372602 | BC15: 0 | BD15: 0 | BE15: 0 | BF15: 0 | BG15: 182193647 | BH15: 1418356800 | BI15: 9754946400 | BJ15: 3395251201 | BK15: 8295287500 | BL15: 166885000 | BM15: 579946890 | BN15: 1080515000 | BO15: 0 | BP15: 1677025255 | BQ15: 2313884280
A16: 13 | B16: Giá vốn hàng bán | C16: 28 | D16: ='Ket qua kinh doanh'!D8 -> 0 | E16: ='Ket qua kinh doanh'!E8 -> 0 | F16: ='Ket qua kinh doanh'!F8 -> 0 | G16: ='Ket qua kinh doanh'!G8 -> 0 | H16: ='Ket qua kinh doanh'!H8 -> 0 | I16: ='Ket qua kinh doanh'!I8 -> 0 | J16: ='Ket qua kinh doanh'!J8 -> 0 | K16: ='Ket qua kinh doanh'!K8 -> 0 | ... BW16: ='Ket qua kinh doanh'!BW8 -> 0
A17: 14 | B17: Chi phí nguyên vật liệu | C17: 28 | AZ17: 6.7143228e+10 | BA17: 1.090466e+11 | BB17: 9.2857755e+10 | BC17: 7.5661428e+10 | BD17: 9.3812926e+10 | BE17: 7.4996464e+10 | BF17: 8.8897118e+10 | BG17: 1.0506779e+11 | BH17: 5.8058611e+10 | BI17: 6.2055305e+10 | BJ17: 5.0828257e+10 | BK17: 5.3355804e+10 | BL17: 7.9928785e+10 | BM17: 5.5273811e+10 | BN17: 1.1354535e+11 | BO17: 9.6321788e+10 | BP17: 9.175816e+10 | BQ17: 7.1523176e+10
A18: 15 | B18: Chi phí điện | C18: 28 | AZ18: 3251260170 | BA18: 4315309924 | BB18: 6623355231 | BC18: 6273807206 | BD18: 6722994944 | BE18: 6507752698 | BF18: 7271316533 | BG18: 7436976178 | BH18: 7216018373 | BI18: 6406802012 | BJ18: 4428291360 | BK18: 5049014702 | BL18: 4270809981 | BM18: 2618542807 | BN18: 5985356645 | BO18: 5974706459 | BP18: 6100052815 | BQ18: 6309176050
A19: 16 | B19: Chi phí lương ngoài giờ sản xuất | C19: 28 | AZ19: 326525959 | BA19: 301395737 | BB19: 353064382 | BC19: 367893640 | BD19: 583268535 | BE19: 409683221 | BF19: 382580514 | BG19: 409675223 | BH19: 681336938 | BI19: 434513561 | BJ19: 359300470 | BK19: 371608824 | BL19: 578015294 | BM19: 422132130 | BN19: 522055933 | BO19: 564796416 | BP19: 422670248 | BQ19: 442060664
A20: 17 | B20: Chi phí nhân công trực tiếp sản xuất (622) | C20: 28 | AZ20: 2949057104 | BA20: 2960606111 | BB20: 3210763690 | BC20: 3407507701 | BD20: 3397220306 | BE20: 3796425559 | BF20: 4750657524 | BG20: 4234296763 | BH20: 4420779952 | BI20: 3919907639 | BJ20: 3348887414 | BK20: 3371565251 | BL20: 3369239242 | BM20: 2825123136 | BN20: 3196674035 | BO20: 3797149210 | BP20: 3568332659 | BQ20: 4374319280
A21: 18 | B21: Chi phí nhân công gián tiếp sản xuất (6271) | C21: 28 | AZ21: 4192168500 | BA21: 3900186978 | BB21: 3964240422 | BC21: 4516035115 | BD21: 4443139973 | BE21: 4575468853 | BF21: 4598145771 | BG21: 4672815279 | BH21: 4899878296 | BI21: 4454337337 | BJ21: 4259125777 | BK21: 4344310092 | BL21: 4513795276 | BM21: 4342835287 | BN21: 4322762647 | BO21: 4812054993 | BP21: 4489880642 | BQ21: 4876788095
A22: 19 | B22: Phúc lợi nhân viên sản xuất (BHXH,thưởng,…) | C22: 28 | AZ22: 1675698427 | BA22: 1626184954 | BB22: 1356835578 | BC22: 1541863078 | BD22: 1500159780 | BE22: 1467104733 | BF22: 1575589708 | BG22: 1615432940 | BH22: 1719256066 | BI22: 1740788419 | BJ22: 1545910890 | BK22: 2993316055 | BL22: 1624785435 | BM22: 1299310177 | BN22: 1475732840 | BO22: 1467375826 | BP22: 1646650093 | BQ22: 1684151675
A23: 20 | B23: Chi phí sửa chữa, bảo trì | C23: 28 | AZ23: 993813247 | BA23: 1029989791 | BB23: 1054911744 | BC23: 1033128648 | BD23: 1076619003 | BE23: 1289653808 | BF23: 1417209241 | BG23: 1173670726 | BH23: 1195654144 | BI23: 1181884289 | BJ23: 1154570693 | BK23: 1159218542 | BL23: 1049980318 | BM23: 803311946 | BN23: 984172110 | BO23: 1096164248 | BP23: 1220547179 | BQ23: 1184377906
A24: 21 | B24: Chi phí xưởng (các khoản còn lại ngoài các mục trên) | C24: 28 | AZ24: 9128660634 | BA24: 9462226893 | BB24: 9535095259 | BC24: 9450740739 | BD24: 9387242241 | BE24: 10481152587 | BF24: 11016325098 | BG24: 8992006812 | BH24: 11321150000 | BI24: 11488517829 | BJ24: 10943333428 | BK24: 10019452622 | BL24: 11374303028 | BM24: 11087797928 | BN24: 11706825135 | BO24: 12006379676 | BP24: 12092848518 | BQ24: 11539934690
A25: 22 | B25: Chi phí khấu hao sản xuất (6274) | C25: 28 | AZ25: 4623346762 | BA25: 4623033432 | BB25: 4821679460 | BC25: 4742744507 | BD25: 4908392818 | BE25: 4917572507 | BF25: 4926486608 | BG25: 9148502920 | BH25: 5285312950 | BI25: 5092497073 | BJ25: 5259864849 | BK25: 5296762203 | BL25: 2762583548 | BM25: 2737202670 | BN25: 2756129479 | BO25: 2919495774 | BP25: 2970584680 | BQ25: 2982835411
A26: 23 | B26: Chi phí gia công ngoài (nếu có) | C26: 28 | AZ26: 53004285 | BA26: 1.9871034e+09 | BB26: 9.9226987e+08 | BC26: 7.0489271e+08 | BD26: 5.5889557e+08 | BE26: 7.0170311e+08 | BF26: 2.7639724e+08 | BG26: 898330000 | BH26: 1.2554929e+09 | BI26: 8.8733352e+08 | BJ26: 9.2368191e+08 | BK26: 6.7542101e+08 | BL26: 2.4062687e+08 | BM26: 2.1174221e+08 | BN26: 1.1385158e+09 | BO26: 2.56512e+08 | BP26: 9.0867772e+08 | BQ26: 1.0845297e+08
A27: 24 | B27: Giá vốn khác | C27: 28 | AZ27: 8.226068e+08 | BA27: 3.4094512e+09 | BB27: 2021336942 | BC27: 2288115861 | BD27: 1.4649585e+09 | BE27: -1.5647881e+09 | BF27: -1.1405883e+09 | BG27: 2.4508384e+09 | BH27: -7.5908166e+08 | BI27: 3.9676059e+09 | BJ27: 367901957 | BK27: -1.4902564e+10 | BL27: 1.980704e+09 | BM27: 1.0872037e+09 | BN27: 2.018596e+09 | BO27: 3.7486116e+08 | BP27: 3.0792413e+09 | BQ27: 9.8806178e+08
A28: 25 | B28: Giá vốn trong hàng tồn kho | C28: 28 | AZ28: 2.8274701e+09 | BA28: 1.3031039e+10 | BB28: 2.2619736e+09 | BC28: -1.7304653e+09 | BD28: 3.880045e+08 | BE28: -3.2791748e+09 | BF28: 2.8931656e+08 | BG28: 4.6604173e+09 | BH28: -1.337475e+10 | BI28: -3.3895623e+09 | BJ28: -3.32589e+09 | BK28: -3.7450713e+09 | BL28: 2.5112694e+09 | BM28: 6.9349793e+09 | BN28: 1.6312998e+10 | BO28: 9.4261597e+09 | BP28: 6.3219349e+09 | BQ28: -6.258998e+09
A29: 26 | B29: % Giá vốn hàng bán | C29: 28 | D29: =IFERROR(D16/D12,"") | E29: =IFERROR(E16/E12,"") | F29: =IFERROR(F16/F12,"") | G29: =IFERROR(G16/G12,"") | H29: =IFERROR(H16/H12,"") | I29: =IFERROR(I16/I12,"") | J29: =IFERROR(J16/J12,"") | K29: =IFERROR(K16/K12,"") | ... BW29: =IFERROR(BW16/BW12,"")
A30: 27 | B30: Lợi nhuận gộp | C30: 28 | D30: ='Ket qua kinh doanh'!D9 -> 0 | E30: ='Ket qua kinh doanh'!E9 -> 0 | F30: ='Ket qua kinh doanh'!F9 -> 0 | G30: ='Ket qua kinh doanh'!G9 -> 0 | H30: ='Ket qua kinh doanh'!H9 -> 0 | I30: ='Ket qua kinh doanh'!I9 -> 0 | J30: ='Ket qua kinh doanh'!J9 -> 0 | K30: ='Ket qua kinh doanh'!K9 -> 0 | ... BW30: ='Ket qua kinh doanh'!BW9 -> 0
A31: 28 | B31: % Lợi nhuận gộp | C31: 28 | D31: =IFERROR(D30/D12,"") | E31: =IFERROR(E30/E12,"") | F31: =IFERROR(F30/F12,"") | G31: =IFERROR(G30/G12,"") | H31: =IFERROR(H30/H12,"") | I31: =IFERROR(I30/I12,"") | J31: =IFERROR(J30/J12,"") | K31: =IFERROR(K30/K12,"") | ... BW31: =IFERROR(BW30/BW12,"")
A32: 29 | B32: Lợi nhuận trước thuế | C32: 28 | D32: ='Ket qua kinh doanh'!D20 -> 0 | E32: ='Ket qua kinh doanh'!E20 -> 0 | F32: ='Ket qua kinh doanh'!F20 -> 0 | G32: ='Ket qua kinh doanh'!G20 -> 0 | H32: ='Ket qua kinh doanh'!H20 -> 0 | I32: ='Ket qua kinh doanh'!I20 -> 0 | J32: ='Ket qua kinh doanh'!J20 -> 0 | K32: ='Ket qua kinh doanh'!K20 -> 0 | ... BW32: ='Ket qua kinh doanh'!BW20 -> 0
A33: 30 | B33: % Lợi nhuận trước thuế | C33: 28 | D33: =IFERROR(D32/D12,"") | E33: =IFERROR(E32/E12,"") | F33: =IFERROR(F32/F12,"") | G33: =IFERROR(G32/G12,"") | H33: =IFERROR(H32/H12,"") | I33: =IFERROR(I32/I12,"") | J33: =IFERROR(J32/J12,"") | K33: =IFERROR(K32/K12,"") | ... BW33: =IFERROR(BW32/BW12,"")
A34: 31 | B34: EBITDA | C34: 28 | D34: ='Ket qua kinh doanh'!D20+'Ket qua kinh doanh'!D13+'Luu chuyen tien te'!D7 -> 0 | E34: ='Ket qua kinh doanh'!E20+'Ket qua kinh doanh'!E13+'Luu chuyen tien te'!E7 -> 0 | F34: ='Ket qua kinh doanh'!F20+'Ket qua kinh doanh'!F13+'Luu chuyen tien te'!F7 -> 0 | G34: ='Ket qua kinh doanh'!G20+'Ket qua kinh doanh'!G13+'Luu chuyen tien te'!G7 -> 0 | H34: ='Ket qua kinh doanh'!H20+'Ket qua kinh doanh'!H13+'Luu chuyen tien te'!H7 -> 0 | I34: ='Ket qua kinh doanh'!I20+'Ket qua kinh doanh'!I13+'Luu chuyen tien te'!I7 -> 0 | J34: ='Ket qua kinh doanh'!J20+'Ket qua kinh doanh'!J13+'Luu chuyen tien te'!J7 -> 0 | K34: ='Ket qua kinh doanh'!K20+'Ket qua kinh doanh'!K13+'Luu chuyen tien te'!K7 -> 0 | ... BW34: ='Ket qua kinh doanh'!BW20+'Ket qua kinh doanh'!BW13+'Luu chuyen tien te'!BW7 -> 0
A35: 32 | B35: % EBITDA | C35: 28 | D35: =IFERROR(D34/D12,"") | E35: =IFERROR(E34/E12,"") | F35: =IFERROR(F34/F12,"") | G35: =IFERROR(G34/G12,"") | H35: =IFERROR(H34/H12,"") | I35: =IFERROR(I34/I12,"") | J35: =IFERROR(J34/J12,"") | K35: =IFERROR(K34/K12,"") | ... BW35: =IFERROR(BW34/BW12,"")
A36: 33 | B36: Thuế TNDN | C36: 28 | D36: ='Ket qua kinh doanh'!D21+'Ket qua kinh doanh'!D22 -> 0 | E36: ='Ket qua kinh doanh'!E21+'Ket qua kinh doanh'!E22 -> 0 | F36: ='Ket qua kinh doanh'!F21+'Ket qua kinh doanh'!F22 -> 0 | G36: ='Ket qua kinh doanh'!G21+'Ket qua kinh doanh'!G22 -> 0 | H36: ='Ket qua kinh doanh'!H21+'Ket qua kinh doanh'!H22 -> 0 | I36: ='Ket qua kinh doanh'!I21+'Ket qua kinh doanh'!I22 -> 0 | J36: ='Ket qua kinh doanh'!J21+'Ket qua kinh doanh'!J22 -> 0 | K36: ='Ket qua kinh doanh'!K21+'Ket qua kinh doanh'!K22 -> 0 | ... BW36: ='Ket qua kinh doanh'!BW21+'Ket qua kinh doanh'!BW22 -> 0
A37: 34 | B37: % Thuế TNDN | C37: 28 | D37: =IFERROR(D36/D12,"") | E37: =IFERROR(E36/E12,"") | F37: =IFERROR(F36/F12,"") | G37: =IFERROR(G36/G12,"") | H37: =IFERROR(H36/H12,"") | I37: =IFERROR(I36/I12,"") | J37: =IFERROR(J36/J12,"") | K37: =IFERROR(K36/K12,"") | ... BW37: =IFERROR(BW36/BW12,"")
A38: 35 | B38: Lợi nhuận sau thuế | C38: 28 | D38: ='Ket qua kinh doanh'!D23 -> 0 | E38: ='Ket qua kinh doanh'!E23 -> 0 | F38: ='Ket qua kinh doanh'!F23 -> 0 | G38: ='Ket qua kinh doanh'!G23 -> 0 | H38: ='Ket qua kinh doanh'!H23 -> 0 | I38: ='Ket qua kinh doanh'!I23 -> 0 | J38: ='Ket qua kinh doanh'!J23 -> 0 | K38: ='Ket qua kinh doanh'!K23 -> 0 | ... BW38: ='Ket qua kinh doanh'!BW23 -> 0
A39: 36 | B39: % Lợi nhuận sau thuế | C39: 28 | D39: =IFERROR(D38/D12,"") | E39: =IFERROR(E38/E12,"") | F39: =IFERROR(F38/F12,"") | G39: =IFERROR(G38/G12,"") | H39: =IFERROR(H38/H12,"") | I39: =IFERROR(I38/I12,"") | J39: =IFERROR(J38/J12,"") | K39: =IFERROR(K38/K12,"") | ... BW39: =IFERROR(BW38/BW12,"")
A40: 37 | B40: Chi phí bán hàng | C40: 28 | D40: ='Ket qua kinh doanh'!D14 -> 0 | E40: ='Ket qua kinh doanh'!E14 -> 0 | F40: ='Ket qua kinh doanh'!F14 -> 0 | G40: ='Ket qua kinh doanh'!G14 -> 0 | H40: ='Ket qua kinh doanh'!H14 -> 0 | I40: ='Ket qua kinh doanh'!I14 -> 0 | J40: ='Ket qua kinh doanh'!J14 -> 0 | K40: ='Ket qua kinh doanh'!K14 -> 0 | ... BW40: ='Ket qua kinh doanh'!BW14 -> 0
A41: 38 | B41: Chi phí lương bán hàng | C41: 28 | AZ41: 288795517 | BA41: 279028018 | BB41: 270260675 | BC41: 309710404 | BD41: 258112283 | BE41: 282054651 | BF41: 289537898 | BG41: 498259089 | BH41: 423087222 | BI41: 293219183 | BJ41: 422268800 | BK41: 595895367 | BL41: 341154818 | BM41: 335336818 | BN41: 750055065 | BO41: 440065248 | BP41: 437914065 | BQ41: 439282065
A42: 39 | B42: Phúc lợi nhân viên bán hàng (BHXH, thưởng,…) | C42: 28 | AZ42: 97010894 | BA42: 95175273 | BB42: 401976600 | BC42: 430175717 | BD42: 280510436 | BE42: 209412230 | BF42: 161033060 | BG42: 271837714 | BH42: 121884793 | BI42: 232382183 | BJ42: 224656192 | BK42: 174447947 | BL42: 205905799 | BM42: 178301259 | BN42: 326162648 | BO42: 349961700 | BP42: 291018290 | BQ42: 91205336
A43: 40 | B43: Chi phí hoa hồng | C43: 28 | AZ43: 1156648724 | BA43: 1395989840 | BB43: 718938840 | BC43: 873725670 | BD43: 801811330 | BE43: 2343197427 | BF43: 962161347 | BG43: 1102469718 | BH43: 793146505 | BI43: 728694366 | BJ43: 819335524 | BK43: 914940436 | BL43: 1284224102 | BM43: 828225273 | BN43: 2221270799 | BO43: 2175577325 | BP43: 2044593710 | BQ43: 849929652
A44: 41 | B44: Chi phí vận chuyển trong nước | C44: 28 | AZ44: 424528148 | BA44: 821805186 | BB44: 830298814 | BC44: 864075557 | BD44: 825497036 | BE44: 1143377036 | BF44: 1150793707 | BG44: 1817641347 | BH44: 1291571184 | BI44: 1239022223 | BJ44: 942546706 | BK44: 1088877912 | BL44: 921880148 | BM44: 632106741 | BN44: 1322520832 | BO44: 1462297700 | BP44: 1291328250 | BQ44: 1306177720
A45: 42 | B45: Chi phí vận chuyển xuất khẩu | C45: 28 | AZ45: 1442696903 | BA45: 3574837862 | BB45: 1969857757 | BC45: 1503984454 | BD45: 2462711733 | BE45: 1186353811 | BF45: 1311037332 | BG45: 1643007682 | BH45: 437205501 | BI45: 492312502 | BJ45: 653246467 | BK45: 692122387 | BL45: 1092685189 | BM45: 1193026840 | BN45: 1805602205 | BO45: 1237377546 | BP45: 1647931878 | BQ45: 1084057458
A46: 43 | B46: Chi phí khấu hao bán hàng (6414) | C46: 28 | AZ46: 6948276 | BA46: 6948296 | BB46: 6948276 | BC46: 6948275 | BD46: 6948276 | BE46: 6948276 | BF46: 6948276 | BG46: 6948276 | BH46: 6948276 | BI46: 47333567 | BJ46: 47333566 | BK46: 47333566 | BL46: 19541270 | BM46: 19541269 | BN46: 19541270 | BO46: 19541270 | BP46: 19541270 | BQ46: 19541269
A47: 44 | B47: Chi phí hoạt động bán hàng (phần còn lại) | C47: 28 | AZ47: 764596387 | BA47: 461197843 | BB47: 1431163814 | BC47: 634206657 | BD47: 606745481 | BE47: 279786097 | BF47: 367460729 | BG47: 410831925 | BH47: 440154805 | BI47: 4240439910 | BJ47: 720162380 | BK47: 1848763302 | BL47: 443206678 | BM47: 408107136 | BN47: 566942969 | BO47: 784688337 | BP47: 894577627 | BQ47: 781646796
A48: 45 | B48: % Chi phí bán hàng | C48: 28 | D48: =IFERROR(D40/D12,"") | E48: =IFERROR(E40/E12,"") | F48: =IFERROR(F40/F12,"") | G48: =IFERROR(G40/G12,"") | H48: =IFERROR(H40/H12,"") | I48: =IFERROR(I40/I12,"") | J48: =IFERROR(J40/J12,"") | K48: =IFERROR(K40/K12,"") | ... BW48: =IFERROR(BW40/BW12,"")
A49: 46 | B49: Chi phí quản lý | C49: 28 | D49: ='Ket qua kinh doanh'!D15 -> 0 | E49: ='Ket qua kinh doanh'!E15 -> 0 | F49: ='Ket qua kinh doanh'!F15 -> 0 | G49: ='Ket qua kinh doanh'!G15 -> 0 | H49: ='Ket qua kinh doanh'!H15 -> 0 | I49: ='Ket qua kinh doanh'!I15 -> 0 | J49: ='Ket qua kinh doanh'!J15 -> 0 | K49: ='Ket qua kinh doanh'!K15 -> 0 | ... BW49: ='Ket qua kinh doanh'!BW15 -> 0
A50: 47 | B50: Chi phí nhân viên quản lý | C50: 28 | AZ50: 4074069350 | BA50: 4120291369 | BB50: 4035630823 | BC50: 4480736243 | BD50: 4525607200 | BE50: 4676431375 | BF50: 4328214358 | BG50: 4756650624 | BH50: 4705142738 | BI50: 4673353003 | BJ50: 4832761768 | BK50: 7041545906 | BL50: 5179517353 | BM50: 4967516487 | BN50: 4754110471 | BO50: 5538904710 | BP50: 5077015292 | BQ50: 5284454764
A51: 48 | B51: Phúc lợi nhân viên quản lý (BHXH, thưởng,…) | C51: 28 | AZ51: 1635338155 | BA51: 1414370788 | BB51: 1164862181 | BC51: 1299772455 | BD51: 1242600016 | BE51: 1288990209 | BF51: 1405100685 | BG51: 1096825413 | BH51: 2845866669 | BI51: 1566223822 | BJ51: 1501145077 | BK51: 4873377549 | BL51: 1894697090 | BM51: 1963925619 | BN51: 1526117631 | BO51: 1802591944 | BP51: 1804620716 | BQ51: 1724576053
A52: 49 | B52: Chi phí khấu hao quản lý (6424) | C52: 28 | AZ52: 431484232 | BA52: 431484233 | BB52: 435388958 | BC52: 476844198 | BD52: 476844200 | BE52: 492943662 | BF52: 340503127 | BG52: 358231270 | BH52: 485290546 | BI52: 347950846 | BJ52: 347950849 | BK52: 308444264 | BL52: 93279750 | BM52: 95955461 | BN52: 90974316 | BO52: 91256637 | BP52: 90561980 | BQ52: 90561983
A53: 50 | B53: Chi phí hoạt động quản lý (phần còn lại) | C53: 28 | AZ53: 2407307300 | BA53: 2962391572 | BB53: 2982400056 | BC53: 2260893667 | BD53: 3032386895 | BE53: 2568402386 | BF53: 2925160017 | BG53: 3109116676 | BH53: 2900558695 | BI53: -1314207795 | BJ53: 4788002933 | BK53: 5227912073 | BL53: 2574450877 | BM53: 2594405265 | BN53: 2020592095 | BO53: 1858649469 | BP53: 2176985968 | BQ53: 2241423177
A54: 51 | B54: % Chi phí quản lý | C54: 28 | D54: =IFERROR(D49/D12,"") | E54: =IFERROR(E49/E12,"") | F54: =IFERROR(F49/F12,"") | G54: =IFERROR(G49/G12,"") | H54: =IFERROR(H49/H12,"") | I54: =IFERROR(I49/I12,"") | J54: =IFERROR(J49/J12,"") | K54: =IFERROR(K49/K12,"") | ... BW54: =IFERROR(BW49/BW12,"")
A55: 52 | B55: Chi phí tài chính | C55: 28 | D55: ='Ket qua kinh doanh'!D12 -> 0 | E55: ='Ket qua kinh doanh'!E12 -> 0 | F55: ='Ket qua kinh doanh'!F12 -> 0 | G55: ='Ket qua kinh doanh'!G12 -> 0 | H55: ='Ket qua kinh doanh'!H12 -> 0 | I55: ='Ket qua kinh doanh'!I12 -> 0 | J55: ='Ket qua kinh doanh'!J12 -> 0 | K55: ='Ket qua kinh doanh'!K12 -> 0 | ... BW55: ='Ket qua kinh doanh'!BW12 -> 0
A56: 53 | B56: Chi phí lãi vay | C56: 28 | D56: ='Ket qua kinh doanh'!D13 -> 0 | E56: ='Ket qua kinh doanh'!E13 -> 0 | F56: ='Ket qua kinh doanh'!F13 -> 0 | G56: ='Ket qua kinh doanh'!G13 -> 0 | H56: ='Ket qua kinh doanh'!H13 -> 0 | I56: ='Ket qua kinh doanh'!I13 -> 0 | J56: ='Ket qua kinh doanh'!J13 -> 0 | K56: ='Ket qua kinh doanh'!K13 -> 0 | ... BW56: ='Ket qua kinh doanh'!BW13 -> 0
A57: 54 | B57: % Chi phí lãi vay | C57: 28 | D57: =IFERROR(D56/D12,"") | E57: =IFERROR(E56/E12,"") | F57: =IFERROR(F56/F12,"") | G57: =IFERROR(G56/G12,"") | H57: =IFERROR(H56/H12,"") | I57: =IFERROR(I56/I12,"") | J57: =IFERROR(J56/J12,"") | K57: =IFERROR(K56/K12,"") | ... BW57: =IFERROR(BW56/BW12,"")

Sheet No vay
B1: ='Thong tin'!A1 -> CÔNG TY CP NHỰA TÁI CHẾ DUY TÂN
B2: VND
A3: Index Loan | B3: PHẦN V: CHI TIẾT NỢ VAY NGÂN HÀNG | C3: TenCongTyID | D3: T1.2021 | E3: T02.2021 | F3: T03.2021 | G3: T04.2021 | H3: T05.2021 | I3: T06.2021 | J3: T07.2021 | K3: T08.2021 | L3: T09.2021 | M3: T10.2021 | N3: T11.2021 | O3: T12.2021 | P3: T1.2022 | Q3: T02.2022 | R3: T03.2022 | S3: T04.2022 | T3: T05.2022 | U3: T06.2022 | V3: T07.2022 | W3: T08.2022 | X3: T09.2022 | Y3: T10.2022 | Z3: T11.2022 | AA3: T12.2022 | AB3: T1.2023 | AC3: T02.2023 | AD3: T03.2023 | AE3: T04.2023 | AF3: T05.2023 | AG3: T06.2023 | AH3: T07.2023 | AI3: T08.2023 | AJ3: T09.2023 | AK3: T10.2023 | AL3: T11.2023 | AM3: T12.2023 | AN3: T01.2024 | AO3: T02.2024 | AP3: T03.2024 | AQ3: T04.2024 | AR3: T05.2024 | AS3: T06.2024 | AT3: T07.2024 | AU3: T08.2024 | AV3: T09.2024 | AW3: T10.2024 | AX3: T11.2024 | AY3: T12.2024 | AZ3: T01.2025 | BA3: T02.2025 | BB3: T03.2025 | BC3: T04.2025 | BD3: T05.2025 | BE3: T06.2025 | BF3: T07.2025 | BG3: T08.2025 | BH3: T09.2025 | BI3: T10.2025 | BJ3: T11.2025 | BK3: T12.2025 | BL3: T01.2026 | BM3: T02.2026 | BN3: T03.2026 | BO3: T04.2026 | BP3: T05.2026 | BQ3: T06.2026 | BR3: T07.2026 | BS3: T08.2026 | BT3: T09.2026 | BU3: T10.2026 | BV3: T11.2026 | BW3: T12.2026
A4: 1 | B4: Hạn mức vay ngắn hạn | C4: 28 | AZ4: =SUM(AZ5:AZ12) -> 0 | BA4: =SUM(BA5:BA12) -> 0 | BB4: =SUM(BB5:BB12) -> 0 | BC4: =SUM(BC5:BC12) -> 0 | BD4: =SUM(BD5:BD12) -> 0 | BE4: =SUM(BE5:BE12) -> 0 | BF4: =SUM(BF5:BF12) -> 0 | BG4: =SUM(BG5:BG12) -> 0 | ... BP4: =SUM(BP5:BP12) -> 580900000000
A5: 2 | B5: ACB | C5: 28 | BL5: 150000000000 | BM5: 150000000000 | BN5: 150000000000 | BO5: 150000000000 | BP5: 150000000000
A6: 3 | B6: VietinBank | C6: 28 | BL6: 131000000000 | BM6: 131000000000 | BN6: 131000000000 | BO6: 131000000000 | BP6: 131000000000
A7: 4 | B7: Vietcombank | C7: 28 | BL7: 100000000000 | BM7: 100000000000 | BN7: 100000000000 | BO7: 100000000000 | BP7: 100000000000
A8: 5 | B8: BIDV | C8: 28 | BL8: 99900000000 | BM8: 99900000000 | BN8: 99900000000 | BO8: 99900000000 | BP8: 99900000000
A9: 6 | B9: Standard Chartered | C9: 28 | BL9: 100000000000 | BM9: 100000000000 | BN9: 100000000000 | BO9: 100000000000 | BP9: 100000000000
A10: 7 | B10: VILC | C10: 28
A11: 8 | B11: IVB | C11: 28
A12: 9 | C12: 28
A13: 10 | B13: Vay ngắn hạn ngân hàng | C13: 28 | AN13: =SUM(AN14:AN21) -> 0 | AO13: =SUM(AO14:AO21) -> 0 | AP13: =SUM(AP14:AP21) -> 0 | AQ13: =SUM(AQ14:AQ21) -> 0 | AR13: =SUM(AR14:AR21) -> 0 | AS13: =SUM(AS14:AS21) -> 0 | AT13: =SUM(AT14:AT21) -> 0 | AU13: =SUM(AU14:AU21) -> 0 | ... BP13: =SUM(BP14:BP21) -> 116595603825
A14: 11 | B14: ACB | C14: 28 | AZ14: 62031000000 | BA14: 18977000000 | BB14: 48865000000 | BC14: 90981000000 | BD14: 88582000000 | BE14: 82124851218 | BF14: 72804000000 | BG14: 92313391942 | BH14: 80862028656 | BI14: 66989028656 | BJ14: 66989028656 | BK14: 77306590224 | BL14: 70992760790 | BM14: 93830069710 | BN14: 76798128278 | BO14: 76518747400 | BP14: 59864310020
A15: 12 | B15: VietinBank | C15: 28 | AZ15: 59227549743 | BA15: 10967824770 | BB15: 35192821797 | BC15: 59696932940 | BD15: 74003145708 | BE15: 102247404832 | BF15: 105000758801 | BG15: 98339501677 | BH15: 80174525410 | BI15: 55270634444 | BJ15: 31305599367 | BK15: 25039164491 | BL15: 18996798180 | BM15: 18996798180 | BN15: 32128413884 | BO15: 13206538480 | BP15: 13201037710
A16: 13 | B16: Vietcombank | C16: 28 | AZ16: 13667004508 | BA16: 13667004508 | BB16: 13667004508 | BC16: 21972780304 | BD16: 32049798323 | BE16: 39585571449 | BF16: 54125127716 | BG16: 80169222070 | BH16: 87240583973 | BI16: 64730980597 | BJ16: 55405837410 | BK16: 51149160926 | BL16: 18836413663 | BM16: 11765051760 | BN16: 8000000000 | BO16: 8000000000
A17: 14 | B17: BIDV | C17: 28 | BB17: 278194176 | BC17: 278194176 | BD17: 6031380657 | BE17: 14430851772 | BF17: 18498731431 | BG17: 23865375229 | BH17: 56646971705 | BI17: 67671155323 | BJ17: 95052324284 | BK17: 99872206577 | BL17: 99872206577 | BM17: 99872206577 | BN17: 56166426483 | BO17: 43883378990 | BP17: 38362589500
A18: 15 | B18: Standard Chartered | C18: 28 | BF18: 144752832 | BG18: 144752832 | BH18: 4692390016 | BI18: 4692390016 | BJ18: 4547637184 | BL18: 0 | BM18: 0 | BN18: 0 | BO18: 0
A19: 16 | B19: VILC | C19: 28 | BL19: 8120618935 | BM19: 7382380850 | BN19: 6644142765 | BO19: 5905904680 | BP19: 5167666595
A20: 17 | B20: IVB | C20: 28
A21: 18 | C21: 28
A22: 19 | B22: Lãi suất vay ngắn hạn (%) | C22: 28
A23: 20 | B23: =B14 -> ACB | C23: 28 | BL23: 0.043 | BM23: 0.043 | BN23: 0.043 | BP23: 0.043
A24: 21 | B24: =B15 -> VietinBank | C24: 28 | BL24: 0.043 | BM24: 0.043 | BN24: 0.043 | BP24: 0.043
A25: 22 | B25: =B16 -> Vietcombank | C25: 28 | BL25: 0.051174135 | BM25: 0.057890327 | BN25: 0.058
A26: 23 | B26: =B17 -> BIDV | C26: 28 | BL26: 0.04 | BM26: 0.04 | BN26: 0.04 | BP26: 0.04
A27: 24 | B27: =B18 -> Standard Chartered | C27: 28
A28: 25 | B28: =B19 -> VILC | C28: 28
A29: 26 | B29: =B20 -> IVB | C29: 28
A30: 27 | C30: 28
A31: 28 | B31: Vay trung hạn Ngân hàng | C31: 28 | AN31: =SUM(AN32:AN39) -> 0 | AO31: =SUM(AO32:AO39) -> 0 | AP31: =SUM(AP32:AP39) -> 0 | AQ31: =SUM(AQ32:AQ39) -> 0 | AR31: =SUM(AR32:AR39) -> 0 | AS31: =SUM(AS32:AS39) -> 0 | AT31: =SUM(AT32:AT39) -> 0 | AU31: =SUM(AU32:AU39) -> 0 | ... BP31: =SUM(BP32:BP39) -> 154933236415
A32: 29 | B32: =B14 -> ACB | C32: 28 | AZ32: 81965897502 | BA32: 78495837502 | BB32: 78436837502 | BC32: 78141644110 | BD32: 74671584110 | BE32: 54566235840 | BF32: 54271042448 | BG32: 51904970448 | BH32: 51845970448 | BI32: 51550777056 | BJ32: 49748205056 | BK32: 38808143488 | BL32: 38808143488 | BM32: 38808143488 | BN32: 38808143488 | BO32: 38808143488 | BP32: 38808143488
A33: 30 | B33: =B15 -> VietinBank | C33: 28 | BG33: 1558540000 | BH33: 1558540000 | BI33: 1558540000 | BJ33: 2616779000 | BK33: 2544079000 | BL33: 2544079000 | BM33: 2544079000 | BN33: 11244079000 | BO33: 11244079000 | BP33: 86860099000
A34: 31 | B34: =B16 -> Vietcombank | C34: 28 | BL34: 0 | BM34: 21927500000 | BN34: 21927500000 | BO34: 21927500000 | BP34: 21144375000
A35: 32 | B35: BIDV | C35: 28 | BL35: 0 | BM35: 0 | BN35: 0 | BO35: 0
A36: 33 | B36: =B18 -> Standard Chartered | C36: 28 | BL36: 0 | BM36: 0 | BN36: 0 | BO36: 0
A37: 34 | B37: VILC | C37: 28 | AZ37: 26444444444 | BA37: 25666666666 | BB37: 24888888888 | BC37: 24111111110 | BD37: 23333333332 | BE37: 22555555554 | BF37: 21777777776 | BG37: 20999999998 | BH37: 20222222220 | BI37: 19444444442 | BJ37: 18666666664 | BK37: 17888888886 | BL37: 8120618927 | BM37: 8120618927 | BN37: 8120618927 | BO37: 8120618927 | BP37: 8120618927
A38: 35 | B38: IVB | C38: 28 | BL38: 0 | BM38: 0
A39: 36 | C39: 28 | BL39: 0 | BM39: 0
A40: 37 | B40: Lãi suất vay trung hạn (%) | C40: 28 | BL40: 0 | BM40: 0
A41: 38 | B41: =B32 -> ACB | C41: 28 | BL41: 0.0746 | BM41: 0.0761 | BN41: 0.0776 | BP41: 0.078
A42: 39 | B42: =B33 -> VietinBank | C42: 28 | BL42: 0.063213216 | BM42: 0.063213216 | BN42: 0.079964084 | BP42: 0.086418916
A43: 40 | B43: =B34 -> Vietcombank | C43: 28 | BL43: 0 | BM43: 0.085 | BN43: 0.085 | BP43: 0.085
A44: 41 | B44: =B35 -> BIDV | C44: 28 | BL44: 0 | BM44: 0 | BN44: 0
A45: 42 | B45: =B36 -> Standard Chartered | C45: 28 | BL45: 0 | BM45: 0 | BN45: 0
A46: 43 | B46: =B37 -> VILC | C46: 28 | BL46: 0.063 | BM46: 0.0637 | BN46: 0.064 | BP46: 0.07
A47: 44 | B47: =B38 -> IVB | C47: 28
A48: 45 | C48: 28
A49: 46 | B49: TỔNG SỐ DƯ NỢ VAY NGÂN HÀNG | C49: 28 | AN49: 140439156315 | AO49: 135370186065 | AP49: 179295933607 | AQ49: 222145446081 | AR49: 254120783846 | AS49: 267292554633 | AT49: 245551657091 | AU49: 202048548848 | AV49: 216249200270 | AW49: 232124849372 | AX49: 268981208876 | AY49: 275528225930 | AZ49: 243335896197 | BA49: 147774333446 | BB49: 201328746871 | BC49: 275181662640 | BD49: 298671242130 | BE49: 315510470665 | BF49: 326622191004 | BG49: 369295754196 | BH49: 383243232428 | BI49: 331907950534 | BJ49: 324332077621 | BK49: 312608233592 | BL49: =BL31+BL13 -> 266291639560 | BM49: =BM31+BM13 -> 303246848492 | BN49: =BN31+BN13 -> 259837452825 | BO49: =BO31+BO13 -> 227614910965 | BP49: =BP31+BP13 -> 271528840240
A50: 47 | B50: =B32 -> ACB | C50: 28 | AY50: =AY14+AY32 -> 0 | AZ50: =AZ14+AZ32 -> 143996897502 | BA50: =BA14+BA32 -> 97472837502 | BB50: =BB14+BB32 -> 127301837502 | BC50: =BC14+BC32 -> 169122644110 | BD50: =BD14+BD32 -> 163253584110 | BE50: =BE14+BE32 -> 136691087058 | BF50: =BF14+BF32 -> 127075042448 | ... BN50: =BN14+BN32 -> 115606271766 | BO50: 115326890888 | BP50: 115326890888
A51: 48 | B51: =B33 -> VietinBank | C51: 28 | AY51: =AY15+AY33 -> 0 | AZ51: =AZ15+AZ33 -> 59227549743 | BA51: =BA15+BA33 -> 10967824770 | BB51: =BB15+BB33 -> 35192821797 | BC51: =BC15+BC33 -> 59696932940 | BD51: =BD15+BD33 -> 74003145708 | BE51: =BE15+BE33 -> 102247404832 | BF51: =BF15+BF33 -> 105000758801 | ... BN51: =BN15+BN33 -> 43372492884 | BO51: 24450617480 | BP51: 24450617480
A52: 49 | B52: =B34 -> Vietcombank | C52: 28 | AY52: =AY16+AY34 -> 0 | AZ52: =AZ16+AZ34 -> 13667004508 | BA52: =BA16+BA34 -> 13667004508 | BB52: =BB16+BB34 -> 13667004508 | BC52: =BC16+BC34 -> 21972780304 | BD52: =BD16+BD34 -> 32049798323 | BE52: =BE16+BE34 -> 39585571449 | BF52: =BF16+BF34 -> 54125127716 | ... BN52: =BN16+BN34 -> 29927500000 | BO52: 29927500000 | BP52: 29927500000
A53: 50 | B53: =B35 -> BIDV | C53: 28 | AY53: =AY17+AY35 -> 0 | AZ53: =AZ17+AZ35 -> 0 | BA53: =BA17+BA35 -> 0 | BB53: =BB17+BB35 -> 278194176 | BC53: =BC17+BC35 -> 278194176 | BD53: =BD17+BD35 -> 6031380657 | BE53: =BE17+BE35 -> 14430851772 | BF53: =BF17+BF35 -> 18498731431 | ... BN53: =BN17+BN35 -> 56166426483 | BO53: 43883378990 | BP53: 43883378990
A54: 51 | B54: =B36 -> Standard Chartered | C54: 28 | AY54: =AY18+AY36 -> 0 | AZ54: =AZ18+AZ36 -> 0 | BA54: =BA18+BA36 -> 0 | BB54: =BB18+BB36 -> 0 | BC54: =BC18+BC36 -> 0 | BD54: =BD18+BD36 -> 0 | BE54: =BE18+BE36 -> 0 | BF54: =BF18+BF36 -> 144752832 | ... BN54: =BN18+BN36 -> 0 | BO54: 0 | BP54: 0
A55: 52 | B55: =B37 -> VILC | C55: 28 | AY55: =AY19+AY37 -> 0 | AZ55: =AZ19+AZ37 -> 26444444444 | BA55: =BA19+BA37 -> 25666666666 | BB55: =BB19+BB37 -> 24888888888 | BC55: =BC19+BC37 -> 24111111110 | BD55: =BD19+BD37 -> 23333333332 | BE55: =BE19+BE37 -> 22555555554 | BF55: =BF19+BF37 -> 21777777776 | ... BN55: =BN19+BN37 -> 14764761692 | BO55: 14026523607 | BP55: 14026523607
A56: 53 | B56: IVB | C56: 28
A57: 54 | C57: 28
A58: 55 | B58: SỐ DƯ TIỀN TẠI CÁC NGÂN HÀNG | C58: 28 | AZ58: =SUM(AZ59:AZ65) -> 0 | BA58: =SUM(BA59:BA65) -> 0 | BB58: =SUM(BB59:BB65) -> 0 | BC58: =SUM(BC59:BC65) -> 0 | BD58: =SUM(BD59:BD65) -> 0 | BE58: =SUM(BE59:BE65) -> 0 | BF58: =SUM(BF59:BF65) -> 0 | BG58: =SUM(BG59:BG65) -> 0 | ... BN58: =SUM(BN59:BN65) -> 0
A59: 56 | B59: =B50 -> ACB | C59: 28
A60: 57 | B60: =B51 -> VietinBank | C60: 28
A61: 58 | B61: =B52 -> Vietcombank | C61: 28
A62: 59 | B62: =B53 -> BIDV | C62: 28
A63: 60 | B63: =B54 -> Standard Chartered | C63: 28
A64: 61 | B64: =B55 -> VILC | C64: 28
A65: 62 | B65: IVB | C65: 28
A66: 63 | C66: 28
A67: 64 | B67: SỐ DƯ TIỀN GỬI TIẾT KIỆM TẠI CÁC NGÂN HÀNG | C67: 28 | AZ67: =SUM(AZ68:AZ74) -> 12042000000 | BA67: =SUM(BA68:BA74) -> 10042000000 | BB67: =SUM(BB68:BB74) -> 30842000000 | BC67: =SUM(BC68:BC74) -> 30842000000 | BD67: =SUM(BD68:BD74) -> 30042000000 | BE67: =SUM(BE68:BE74) -> 30042000000 | BF67: =SUM(BF68:BF74) -> 29042000000 | BG67: =SUM(BG68:BG74) -> 29742000000 | ... BP67: =SUM(BP68:BP74) -> 156042000000
A68: 65 | B68: =B50 -> ACB | C68: 28 | AZ68: 12042000000 | BA68: 10042000000 | BB68: 10842000000 | BC68: 10842000000 | BD68: 10042000000 | BE68: 10042000000 | BF68: 9042000000 | BG68: 9742000000 | BH68: 9742000000 | BI68: 12742000000 | BJ68: 12742000000 | BK68: 24242000000 | BL68: 118242000000 | BM68: 115242000000 | BN68: 113242000000 | BO68: 116042000000 | BP68: 126042000000
A69: 66 | B69: =B51 -> VietinBank | C69: 28
A70: 67 | B70: =B52 -> Vietcombank | C70: 28
A71: 68 | B71: =B53 -> BIDV | C71: 28 | BB71: 20000000000 | BC71: 20000000000 | BD71: 20000000000 | BE71: 20000000000 | BF71: 20000000000 | BG71: 20000000000 | BH71: 20000000000 | BI71: 50000000000 | BJ71: 50000000000 | BK71: 30000000000 | BL71: 30000000000 | BM71: 30000000000 | BN71: 36200000000 | BO71: 48000000000 | BP71: 30000000000
A72: 69 | B72: =B54 -> Standard Chartered | C72: 28
A73: 70 | B73: =B55 -> VILC | C73: 28
A74: 71 | B74: IVB | C74: 28

Sheet Giao dich voi BLQ
A1: ='Thong tin'!$A$1 -> CÔNG TY CP NHỰA TÁI CHẾ DUY TÂN
B2: TỔNG HỢP THÔNG TIN GIAO DỊCH VỚI CÁC BÊN LIÊN QUAN NĂM 2026
A4: A | B4: GIÁ TRỊ GIAO DỊCH VỚI CÁC BÊN LIÊN QUAN
F5: Số tiền chưa VAT
B6: Công ty thành viên | C6: Mã số thuế | D6: Diễn giải | E6: TK hạch toán | F6: Tháng 1 | G6: Tháng 2 | H6: Tháng 3 | I6: Tháng 4 | J6: Tháng 5 | K6: Tháng 6 | L6: Tháng 7 | M6: Tháng 8 | N6: Tháng 9 | O6: Tháng 10 | P6: Tháng 11 | Q6: Tháng 12 | R6: Lũy kế năm 2026
A7: I. | B7: DOANH THU BÁN HÀNG VÀ DỊCH VỤ, TÀI SẢN….
A8: 1 | B8: Công ty TNHH Nhựa Duy Tân | C8: 0301417196 | D8: Bán hàng nhựa | E8: 511 | R8: =SUM(F8:Q8) -> 0
D9: Bán vật tư | E9: 511 | R9: =SUM(F9:Q9) -> 0
D10: Bán TSCĐ | E10: 711 | R10: =SUM(F10:Q10) -> 0
D11: Lãi vay | E11: 515 | R11: =SUM(F11:Q11) -> 0
D12: Thu tiền lãi vay | E12: 112 | R12: =SUM(F12:Q12) -> 0
D13: DV TS24 | E13: 511 | R13: =SUM(F13:Q13) -> 0
D14: Bán khác | E14: 7118 | R14: =SUM(F14:Q14) -> 0
A15: 2 | B15: Công ty CP Nhựa Tái Chế Duy Tân | C15: 1100676611 | D15: Bán hàng nhựa | E15: 511 | R15: =SUM(F15:Q15) -> 0
D16: Bán nguyên vật liệu | E16: 511 | R16: =SUM(F16:Q16) -> 0
D17: Bán vật tư | E17: 511 | R17: =SUM(F17:Q17) -> 0
D18: Cho thuê máy móc | E18: 511 | R18: =SUM(F18:Q18) -> 0
D19: Bán Laptop | E19: 511 | R19: =SUM(F19:Q19) -> 0
D20: Bán TSCĐ | E20: 711 | R20: =SUM(F20:Q20) -> 0
D21: CP công tác | E21: 511 | R21: =SUM(F21:Q21) -> 0
D22: Bán khác | E22: 7118 | R22: =SUM(F22:Q22) -> 0
A23: 3 | B23: Công ty TNHH Thu mua phế liệu Đại Lộc | C23: 3603813473 | D23: Bán hàng nhựa | E23: 511 | R23: =SUM(F23:Q23) -> 0
D24: Bán nguyên vật liệu | E24: 511 | R24: =SUM(F24:Q24) -> 0
D25: Bán vật tư | E25: 511 | R25: =SUM(F25:Q25) -> 0
D26: Cho thuê nhà xưởng | E26: 511 | R26: =SUM(F26:Q26) -> 0
D27: Bán Laptop | E27: 511 | R27: =SUM(F27:Q27) -> 0
D28: Bán khác | E28: 711 | R28: =SUM(F28:Q28) -> 0
A29: 4 | B29: Công ty TNHH MTV Đồng Lâm | C29: 1501075079 | D29: Bán hàng nhựa | E29: 511 | R29: =SUM(F29:Q29) -> 0
D30: Bán nguyên vật liệu | E30: 511 | R30: =SUM(F30:Q30) -> 0
D31: Bán vật tư | E31: 511 | R31: =SUM(F31:Q31) -> 0
D32: Cho thuê máy móc | E32: 511 | R32: =SUM(F32:Q32) -> 0
D33: CP công tác | E33: 511 | R33: =SUM(F33:Q33) -> 0
D34: Bán TSCĐ | E34: 711 | R34: =SUM(F34:Q34) -> 0
D35: Bán khác | E35: 7118 | R35: =SUM(F35:Q35) -> 0
A36: 5 | B36: Công ty TNHH Thu mua phế liệu Khánh Nga | C36: 1201638316 | D36: Bán hàng nhựa | E36: 511 | R36: =SUM(F36:Q36) -> 0
D37: Bán nguyên vật liệu | E37: 511 | R37: =SUM(F37:Q37) -> 0
D38: Bán TSCĐ | E38: 711 | R38: =SUM(F38:Q38) -> 0
D39: Bán vật tư | E39: 511 | R39: =SUM(F39:Q39) -> 0
D40: CP công tác | E40: 511 | R40: =SUM(F40:Q40) -> 0
D41: Cho thuê máy móc | E41: 511 | R41: =SUM(F41:Q41) -> 0
D42: Chi Phí Hỗ Trợ Kỹ Thuật | E42: 711 | R42: =SUM(F42:Q42) -> 0
D43: Bán khác | E43: 7118 | R43: =SUM(F43:Q43) -> 0
A44: 6 | B44: Công ty Cổ phần Tái chế Tân Đại Phát | C44: 1102066435 | D44: Bán hàng nhựa | E44: 511 | R44: =SUM(F44:Q44) -> 0
D45: Bán nguyên vật liệu | E45: 511 | R45: =SUM(F45:Q45) -> 0
D46: Bán vật tư | E46: 511 | R46: =SUM(F46:Q46) -> 0
D47: Cho thuê xe | E47: 511 | R47: =SUM(F47:Q47) -> 0
D48: Cho thuê máy móc | E48: 511 | R48: =SUM(F48:Q48) -> 0
D49: Bán CCDC | E49: 511 | R49: =SUM(F49:Q49) -> 0
D50: Bán TSCĐ | E50: 711 | R50: =SUM(F50:Q50) -> 0
D51: Bán khác | E51: 7118 | R51: =SUM(F51:Q51) -> 0
A52: 7 | B52: Công ty Cổ phần Nhựa Tái chế Duy Tân Vĩnh Long | C52: 1501162229 | D52: Bán hàng nhựa | E52: 511 | R52: =SUM(F52:Q52) -> 0
D53: Bán nguyên vật liệu | E53: 511 | R53: =SUM(F53:Q53) -> 0
D54: Bán vật tư | E54: 511 | R54: =SUM(F54:Q54) -> 0
D55: Cho thuê xe | E55: 511 | R55: =SUM(F55:Q55) -> 0
D56: Cho thuê máy móc | E56: 511 | R56: =SUM(F56:Q56) -> 0
D57: Bán CCDC | E57: 511 | R57: =SUM(F57:Q57) -> 0
D58: Bán TSCĐ | E58: 711 | R58: =SUM(F58:Q58) -> 0
D59: Bán khác | E59: 7118 | R59: =SUM(F59:Q59) -> 0
A60: 8 | B60: Công ty TNHH Khuôn Chính xác Minh Đạt | C60: 1100673882 | D60: Bán hàng nhựa | E60: 511 | R60: =SUM(F60:Q60) -> 0
D61: Bán khuôn | E61: 511 | R61: =SUM(F61:Q61) -> 0
D62: Bán nguyên vật liệu | E62: 511 | R62: =SUM(F62:Q62) -> 0
D63: Bán vật tư | E63: 511 | R63: =SUM(F63:Q63) -> 0
D64: Bán CCDC | E64: 511 | R64: =SUM(F64:Q64) -> 0
D65: Bán TSCĐ | E65: 711 | R65: =SUM(F65:Q65) -> 0
D66: Cho thuê nhà xưởng | E66: 511 | R66: =SUM(F66:Q66) -> 0
D67: Bán khác | E67: 711 | R67: =SUM(F67:Q67) -> 0
A68: 9 | B68: Công ty TNHH MTV Sản Xuất Và XNK Cơ Khí Duy Phong | C68: 0308309915 | D68: Bán hàng nhựa | E68: 511 | R68: =SUM(F68:Q68) -> 0
D69: Bán nguyên vật liệu | E69: 511 | R69: =SUM(F69:Q69) -> 0
D70: Bán vật tư | E70: 511 | R70: =SUM(F70:Q70) -> 0
D71: Bán CCDC | E71: 511 | R71: =SUM(F71:Q71) -> 0
D72: Bán khác | E72: 711 | R72: =SUM(F72:Q72) -> 0
A73: 10 | B73: Công ty TNHH Khuôn Chính Xác Natec | C73: 0313783944 | D73: Bán hàng nhựa | E73: 511 | R73: =SUM(F73:Q73) -> 0
D74: Bán nguyên vật liệu | E74: 511 | R74: =SUM(F74:Q74) -> 0
D75: Bán vật tư | E75: 511 | R75: =SUM(F75:Q75) -> 0
D76: Bán CCDC | E76: 511 | R76: =SUM(F76:Q76) -> 0
D77: Bán khác | E77: 711 | R77: =SUM(F77:Q77) -> 0
A78: 11 | B78: Công ty TNHH Plenma | C78: 0316224817 | D78: Bán vật tư | E78: 511 | R78: =SUM(F78:Q78) -> 0
D79: Bán hàng nhựa | E79: 511 | R79: =SUM(F79:Q79) -> 0
D80: Bán nguyên vật liệu | E80: 511 | R80: =SUM(F80:Q80) -> 0
D81: Bán TSCĐ | E81: 711 | R81: =SUM(F81:Q81) -> 0
D82: Lãi vay | E82: 515 | R82: =SUM(F82:Q82) -> 0
D83: Bán khác | E83: 7118 | R83: =SUM(F83:Q83) -> 0
A84: 12 | B84: Plascene Inc | C84: 45-3042526 | D84: Bán hàng nhựa | E84: 511521 | R84: =SUM(F84:Q84) -> 0
D85: Bán nguyên vật liệu | E85: 511 | R85: =SUM(F85:Q85) -> 0
D86: Bán vật tư | E86: 511 | R86: =SUM(F86:Q86) -> 0
D87: Bán CCDC | E87: 511 | R87: =SUM(F87:Q87) -> 0
D88: Bán TSCĐ | E88: 711 | R88: =SUM(F88:Q88) -> 0
D89: Lãi vay | E89: 515 | R89: =SUM(F89:Q89) -> 0
D90: Bán khác | E90: 7118 | R90: =SUM(F90:Q90) -> 0
A91: 13 | B91: Công ty Cổ phần Cát Vân | C91: 0304259773 | D91: Bán vật tư | E91: 511 | R91: =SUM(F91:Q91) -> 0
D92: Bán hàng nhựa | E92: 511 | R92: =SUM(F92:Q92) -> 0
D93: Bán nguyên vật liệu | E93: 511 | R93: =SUM(F93:Q93) -> 0
D94: Bán TSCĐ | E94: 711 | R94: =SUM(F94:Q94) -> 0
D95: Lãi vay | E95: 515 | R95: =SUM(F95:Q95) -> 0
D96: Bán khác | E96: 7118 | R96: =SUM(F96:Q96) -> 0
A97: 14 | B97: Công ty Cổ phần Tân Bình Group | C97: 1501147679 | D97: Bán hàng nhựa | E97: 511 | R97: =SUM(F97:Q97) -> 0
D98: Bán nguyên vật liệu | E98: 511 | R98: =SUM(F98:Q98) -> 0
D99: Bán vật tư | E99: 511 | R99: =SUM(F99:Q99) -> 0
D100: Bán khác | E100: 7118 | R100: =SUM(F100:Q100) -> 0
A101: 15 | B101: Công ty TNHH SX & TM Thạnh Phát | C101: 1100140919 | D101: Bán hàng nhựa | E101: 511 | R101: =SUM(F101:Q101) -> 0
...
