Workbook

Sheet Thong tin
A1: CÔNG TY CP NHỰA TÁI CHẾ DUY TÂN
A2: Địa chỉ: Lô D2, Cụm CN Nhựa Đức Hòa, Xã Đức Hòa, Tỉnh Tây Ninh
A3: Mã số thuế:
A4: Deadline ngày 5 tây hàng tháng
B6: Năm tài chính hiện tại | C6: 2026
B7: Năm trước | C7: =C6-1 -> 2025
B9: Tháng báo cáo hiện tại | C9: 6
B12: NGƯỜI LẬP BIỂU
B15: KẾ TOÁN TRƯỞNG
B18: GIÁM ĐỐC TÀI CHÍNH

Sheet BIA
B29: THÁNG 06 NĂM 2026
B50: Thành phố Hồ Chí Minh, Ngày 04 tháng 07 năm 2026

Sheet Index
A1: ='Thong tin'!A1 -> CÔNG TY CP NHỰA TÁI CHẾ DUY TÂN | I1: BÁO CÁO TÀI CHÍNH
A2: ='Thong tin'!A2 -> Địa chỉ: Lô D2, Cụm CN Nhựa Đức Hòa, Xã Đức Hòa, Tỉnh Tây Ninh
A10: ="BÁO CÁO TÀI CHÍNH THÁNG "&'Thong tin'!C9&" NĂM 2026" -> BÁO CÁO TÀI CHÍNH THÁNG 6 NĂM 2026 | I10: Trang
A12: BÁO CÁO CỦA BAN GIÁM ĐỐC | I12: 2 - 3
A13: BÁO CÁO KIỂM TOÁN | I13: 4 - 4
A14: - Bảng cân đối kế toán | I14: 1 - 4
A15: - Báo cáo kết quả hoạt động kinh doanh | I15: 5
A16: - Báo cáo lưu chuyển tiền tệ | I16: 6 - 7
A17: - Bản thuyết minh báo cáo tài chính | I17: 11 - 31
A30: (Báo cáo tài chính được lập và trình bày theo Quyết định số 15/2006/QĐ-BTC ngày 20/03/2006
A31: của Bộ trưởng Bộ Tài Chính)

Sheet THTC in
A1: ='Thong tin'!$A$1 -> CÔNG TY CP NHỰA TÁI CHẾ DUY TÂN
A2: ='Thong tin'!$A$2 -> Địa chỉ: Lô D2, Cụm CN Nhựa Đức Hòa, Xã Đức Hòa, Tỉnh Tây Ninh
A4: BÁO CÁO TÌNH HÌNH TÀI CHÍNH
A5: ="Năm " & 'Thong tin'!$C$6 -> Năm 2026
C6: ='KQKD in'!G6 -> ĐVT: VNĐ
A7: TÀI SẢN | B7: ="Số cuối tháng"&" "&$D$7 -> Số cuối tháng 6 | C7: ="Số dư đầu năm " & 'Thong tin'!$C$6 -> Số dư đầu năm 2026 | D7: ='Thong tin'!C9 -> 6
A8: A . TÀI SẢN NGẮN HẠN | B8: =B10+B14+B22+B31+B40 -> 820219773119 | C8: =C10+C14+C22+C31+C40 -> 945217150933
A10: I. Tiền và các khoản tương đương tiền | B10: =SUM(B11:B12) -> 41687049619 | C10: =SUM(C11:C12) -> 36834893155
A11: 1. Tiền | B11: =OFFSET('Tinh hinh tai chinh'!$BL6,0,'THTC in'!$D$7 - 1) -> 26931785662 | C11: ='Tinh hinh tai chinh'!BK6 -> 36834893155
A12: 2. Các khoản tương đương tiền | B12: =OFFSET('Tinh hinh tai chinh'!$BL7,0,'THTC in'!$D$7 - 1) -> 14755263957 | C12: ='Tinh hinh tai chinh'!BK7 -> 0
A14: II. Các khoản đầu tư tài chính ngắn hạn | B14: =SUM(B15:B20) -> 34340000000 | C14: =SUM(C15:C20) -> 32840000000
A15: 1.Chứng khoán kinh doanh | B15: =OFFSET('Tinh hinh tai chinh'!$BL9,0,'THTC in'!$D$7 - 1) -> 0 | C15: ='Tinh hinh tai chinh'!BK9 -> 0
A16: 2.Dự phòng giảm giá chứng khoán kinh doanh (*) | B16: =OFFSET('Tinh hinh tai chinh'!$BL10,0,'THTC in'!$D$7 - 1) -> 0 | C16: ='Tinh hinh tai chinh'!BK10 -> 0
A17: 3.Đầu tư nắm giữ đến ngày đáo hạn ngắn hạn | B17: =OFFSET('Tinh hinh tai chinh'!$BL11,0,'THTC in'!$D$7 - 1) -> 34340000000 | C17: ='Tinh hinh tai chinh'!BK11 -> 32840000000
A18: 4.Dự phòng đầu tư nắm giữ đến ngày đáo hạn ngắn hạn (*) | B18: =OFFSET('Tinh hinh tai chinh'!$BL12,0,'THTC in'!$D$7 - 1) -> 0 | C18: ='Tinh hinh tai chinh'!BK12 -> 0
A19: 5.Đầu tư ngắn hạn khác | B19: =OFFSET('Tinh hinh tai chinh'!$BL13,0,'THTC in'!$D$7 - 1) -> 0 | C19: ='Tinh hinh tai chinh'!BK13 -> 0
A20: 6.Dự phòng tổn thất các khoản đầu tư ngắn hạn khác (*) | B20: =OFFSET('Tinh hinh tai chinh'!$BL14,0,'THTC in'!$D$7 - 1) -> 0 | C20: ='Tinh hinh tai chinh'!BK14 -> 0
A22: III. Các khoản phải thu ngắn hạn | B22: =SUM(B23:B29) -> 310082966155 | C22: =SUM(C23:C29) -> 293560124180
A23: 1.Phải thu ngắn hạn của khách hàng | B23: =OFFSET('Tinh hinh tai chinh'!$BL16,0,'THTC in'!$D$7 - 1) -> 169259122091 | C23: ='Tinh hinh tai chinh'!BK16 -> 154342206132
A24: 2.Trả trước cho người bán ngắn hạn | B24: =OFFSET('Tinh hinh tai chinh'!$BL17,0,'THTC in'!$D$7 - 1) -> 49662085677 | C24: ='Tinh hinh tai chinh'!BK17 -> 67613421375
A25: 3.Phải thu nội bộ ngắn hạn | B25: =OFFSET('Tinh hinh tai chinh'!$BL18,0,'THTC in'!$D$7 - 1) -> 0 | C25: ='Tinh hinh tai chinh'!BK18 -> 0
A26: 4.Phải thu theo tiến độ hợp đồng xây dựng | B26: =OFFSET('Tinh hinh tai chinh'!$BL19,0,'THTC in'!$D$7 - 1) -> 0 | C26: ='Tinh hinh tai chinh'!BK19 -> 0
A27: 5.Phải thu ngắn hạn khác | B27: =OFFSET('Tinh hinh tai chinh'!$BL20,0,'THTC in'!$D$7 - 1) -> 91770854087 | C27: ='Tinh hinh tai chinh'!BK20 -> 72213592373
A28: 6.Dự phòng phải thu ngắn hạn khó đòi (*) | B28: =OFFSET('Tinh hinh tai chinh'!$BL21,0,'THTC in'!$D$7 - 1) -> -609095700 | C28: ='Tinh hinh tai chinh'!BK21 -> -609095700
A29: 7.Tài sản thiếu chờ xử lý | B29: =OFFSET('Tinh hinh tai chinh'!$BL22,0,'THTC in'!$D$7 - 1) -> 0 | C29: ='Tinh hinh tai chinh'!BK22 -> 0
A31: IV. Hàng tồn kho | B31: =SUM(B32:B33) -> 388348343836 | C31: =SUM(C32:C33) -> 562435021579
A32: 1. Hàng tồn kho | B32: =OFFSET('Tinh hinh tai chinh'!$BL24,0,'THTC in'!$D$7 - 1) -> 388348343836 | C32: ='Tinh hinh tai chinh'!BK24 -> 562435021579
A33: 2. Dự phòng giảm giá hàng tồn kho (*) | B33: =OFFSET('Tinh hinh tai chinh'!$BL25,0,'THTC in'!$D$7 - 1) -> 0 | C33: ='Tinh hinh tai chinh'!BK25 -> 0
A35: V. Tài sản sinh học ngắn hạn | B35: =SUM(B36:B38) -> 0 | C35: =SUM(C36:C38) -> 0
A36: 1.Súc vật nuôi lấy sản phẩm một lần ngắn hạn | B36: =OFFSET('Tinh hinh tai chinh'!$BL27,0,'THTC in'!$D$7 - 1) -> 0 | C36: ='Tinh hinh tai chinh'!BK27 -> 0
A37: 2.Cây trồng theo mùa vụ hoặc lấy sản phẩm một lần ngắn hạn | B37: =OFFSET('Tinh hinh tai chinh'!$BL28,0,'THTC in'!$D$7 - 1) -> 0 | C37: ='Tinh hinh tai chinh'!BK28 -> 0
A38: 3.Dự phòng tổn thất tài sản sinh học ngắn hạn (*) | B38: =OFFSET('Tinh hinh tai chinh'!$BL29,0,'THTC in'!$D$7 - 1) -> 0 | C38: ='Tinh hinh tai chinh'!BK29 -> 0
A40: VI. Tài sản ngắn hạn khác | B40: =SUM(B41:B45) -> 45761413509 | C40: =SUM(C41:C45) -> 19547112019
A41: 1.Chi phí chờ phân bổ ngắn hạn | B41: =OFFSET('Tinh hinh tai chinh'!$BL31,0,'THTC in'!$D$7 - 1) -> 7520241462 | C41: ='Tinh hinh tai chinh'!BK31 -> 6855293515
A42: 2.Thuế GTGT được khấu trừ | B42: =OFFSET('Tinh hinh tai chinh'!$BL32,0,'THTC in'!$D$7 - 1) -> 38241172047 | C42: ='Tinh hinh tai chinh'!BK32 -> 12691818504
A43: 3.Thuế và các khoản khác phải thu Nhà nước | B43: =OFFSET('Tinh hinh tai chinh'!$BL33,0,'THTC in'!$D$7 - 1) -> 0 | C43: ='Tinh hinh tai chinh'!BK33 -> 0
A44: 4.Giao dịch mua bán lại trái phiếu Chính phủ | B44: =OFFSET('Tinh hinh tai chinh'!$BL34,0,'THTC in'!$D$7 - 1) -> 0 | C44: ='Tinh hinh tai chinh'!BK34 -> 0
A45: 5.Tài sản ngắn hạn khác | B45: =OFFSET('Tinh hinh tai chinh'!$BL35,0,'THTC in'!$D$7 - 1) -> 0 | C45: ='Tinh hinh tai chinh'!BK35 -> 0
A47: B. TÀI SẢN DÀI HẠN | B47: =B48+B58+B79+B87+B95+B83 -> 495399222088 | C47: =C48+C58+C79+C87+C95+C83 -> 320800563599
A48: I.Các khoản phải thu dài hạn | B48: =SUM(B49:B54) -> 5315314210 | C48: =SUM(C49:C54) -> 5600000000
A49: 1.Phải thu dài hạn của khách hàng | B49: =OFFSET('Tinh hinh tai chinh'!$BL38,0,'THTC in'!$D$7 - 1) -> 0 | C49: ='Tinh hinh tai chinh'!BK38 -> 0
A50: 2.Trả trước cho người bán dài hạn | B50: =OFFSET('Tinh hinh tai chinh'!$BL39,0,'THTC in'!$D$7 - 1) -> 0 | C50: ='Tinh hinh tai chinh'!BK39 -> 0
A51: 3.Vốn kinh doanh ở đơn vị trực thuộc | B51: =OFFSET('Tinh hinh tai chinh'!$BL40,0,'THTC in'!$D$7 - 1) -> 0 | C51: ='Tinh hinh tai chinh'!BK40 -> 0
A52: 4.Phải thu nội bộ dài hạn | B52: =OFFSET('Tinh hinh tai chinh'!$BL41,0,'THTC in'!$D$7 - 1) -> 0 | C52: ='Tinh hinh tai chinh'!BK41 -> 0
A53: 5.Phải thu dài hạn khác | B53: =OFFSET('Tinh hinh tai chinh'!$BL42,0,'THTC in'!$D$7 - 1) -> 5315314210 | C53: ='Tinh hinh tai chinh'!BK42 -> 5600000000
A54: 6.Dự phòng phải thu dài hạn khó đòi (*) | B54: =OFFSET('Tinh hinh tai chinh'!$BL43,0,'THTC in'!$D$7 - 1) -> 0 | C54: ='Tinh hinh tai chinh'!BK43 -> 0
A56: TÀI SẢN | B56: =B7 -> Số cuối tháng 6 | C56: =C7 -> Số dư đầu năm 2026
A58: II. Tài sản cố định | B58: =B59+B62+B65 -> 274374041696 | C58: =C59+C62+C65 -> 243859258508
A59: 1. Tài sản cố định hữu hình | B59: =SUM(B60:B61) -> 254084951096 | C59: =SUM(C60:C61) -> 221765917329
A60: - Nguyên giá | B60: =OFFSET('Tinh hinh tai chinh'!$BL46,0,'THTC in'!$D$7 - 1) -> 388140591783 | C60: ='Tinh hinh tai chinh'!BK46 -> 343037991979
A61: - Giá trị hao mòn luỹ kế (*) | B61: =OFFSET('Tinh hinh tai chinh'!$BL47,0,'THTC in'!$D$7 - 1) -> -134055640687 | C61: ='Tinh hinh tai chinh'!BK47 -> -121272074650
A62: 2. Tài sản cố định thuê tài chính | B62: =SUM(B63:B64) -> 17012459573 | C62: =SUM(C63:C64) -> 18517028601
A63: - Nguyên giá | B63: =OFFSET('Tinh hinh tai chinh'!$BL49,0,'THTC in'!$D$7 - 1) -> 24160519140 | C63: ='Tinh hinh tai chinh'!BK49 -> 25454545455
A64: - Giá trị hao mòn luỹ kế (*) | B64: =OFFSET('Tinh hinh tai chinh'!$BL50,0,'THTC in'!$D$7 - 1) -> -7148059567 | C64: ='Tinh hinh tai chinh'!BK50 -> -6937516854
A65: 3. Tài sản cố định vô hình | B65: =SUM(B66:B67) -> 3276631027 | C65: =SUM(C66:C67) -> 3576312578
A66: - Nguyên giá | B66: =OFFSET('Tinh hinh tai chinh'!$BL52,0,'THTC in'!$D$7 - 1) -> 6032562739 | C66: ='Tinh hinh tai chinh'!BK52 -> 6032562739
A67: - Giá trị hao mòn luỹ kế (*) | B67: =OFFSET('Tinh hinh tai chinh'!$BL53,0,'THTC in'!$D$7 - 1) -> -2755931712 | C67: ='Tinh hinh tai chinh'!BK53 -> -2456250161
A69: III. Tài sản sinh học dài hạn | C69: =SUM(C70,C75:C77) -> 0
A70: 1.Súc vật nuôi cho sản phẩm định kỳ | B70: =OFFSET('Tinh hinh tai chinh'!$BL55,0,'THTC in'!$D$7 - 1) -> 0 | C70: ='Tinh hinh tai chinh'!BK55 -> 0
A71: a)Súc vật nuôi cho sản phẩm định kỳ chưa đến giai đoạn trưởng thành | B71: =OFFSET('Tinh hinh tai chinh'!$BL56,0,'THTC in'!$D$7 - 1) -> 0 | C71: ='Tinh hinh tai chinh'!BK56 -> 0
A72: b)Súc vật nuôi cho sản phẩm định kỳ đến giai đoạn trưởng thành | B72: =OFFSET('Tinh hinh tai chinh'!$BL57,0,'THTC in'!$D$7 - 1) -> 0 | C72: ='Tinh hinh tai chinh'!BK57 -> 0
A73: - Nguyên giá | B73: =OFFSET('Tinh hinh tai chinh'!$BL58,0,'THTC in'!$D$7 - 1) -> 0 | C73: ='Tinh hinh tai chinh'!BK58 -> 0
A74: - Giá trị khấu hao lũy kế (*) | B74: =OFFSET('Tinh hinh tai chinh'!$BL59,0,'THTC in'!$D$7 - 1) -> 0 | C74: ='Tinh hinh tai chinh'!BK59 -> 0
A75: 2.Súc vật nuôi lấy sản phẩm một lần dài hạn | B75: =OFFSET('Tinh hinh tai chinh'!$BL60,0,'THTC in'!$D$7 - 1) -> 0 | C75: ='Tinh hinh tai chinh'!BK60 -> 0
A76: 3.Cây trồng theo mùa vụ hoặc lấy sản phẩm một lần dài hạn | B76: =OFFSET('Tinh hinh tai chinh'!$BL61,0,'THTC in'!$D$7 - 1) -> 0 | C76: ='Tinh hinh tai chinh'!BK61 -> 0
A77: 4.Dự phòng tổn thất tài sản sinh học dài hạn | B77: =OFFSET('Tinh hinh tai chinh'!$BL62,0,'THTC in'!$D$7 - 1) -> 0 | C77: ='Tinh hinh tai chinh'!BK62 -> 0
A79: IV. Bất động sản đầu tư | B79: =SUM(B80:B81) -> 0 | C79: =SUM(C80:C81) -> 0
A80: - Nguyên giá | B80: =OFFSET('Tinh hinh tai chinh'!$BL64,0,'THTC in'!$D$7 - 1) -> 0 | C80: ='Tinh hinh tai chinh'!BK64 -> 0
A81: - Giá trị hao mòn luỹ kế (*) | B81: =OFFSET('Tinh hinh tai chinh'!$BL65,0,'THTC in'!$D$7 - 1) -> 0 | C81: ='Tinh hinh tai chinh'!BK65 -> 0
A83: V. Tài sản dở dang dài hạn | B83: =SUM(B84:B85) -> 210450570441 | C83: =SUM(C84:C85) -> 63080533813
A84: 1.Chi phí sản xuất, kinh doanh dở dang dài hạn | B84: =OFFSET('Tinh hinh tai chinh'!$BL67,0,'THTC in'!$D$7 - 1) -> 0 | C84: ='Tinh hinh tai chinh'!BK67 -> 0
A85: 2.Chi phí xây dựng cơ bản dở dang | B85: =OFFSET('Tinh hinh tai chinh'!$BL68,0,'THTC in'!$D$7 - 1) -> 210450570441 | C85: ='Tinh hinh tai chinh'!BK68 -> 63080533813
A87: VI. Đầu tư tài chính dài hạn | B87: =SUM(B88:B92) -> 0 | C87: =SUM(C88:C93) -> 0
A88: 1.Đầu tư vào công ty con | B88: =OFFSET('Tinh hinh tai chinh'!$BL70,0,'THTC in'!$D$7 - 1) -> 0 | C88: ='Tinh hinh tai chinh'!BK70 -> 0
A89: 2.Đầu tư vào công ty liên doanh, liên kết | B89: =OFFSET('Tinh hinh tai chinh'!$BL71,0,'THTC in'!$D$7 - 1) -> 0 | C89: ='Tinh hinh tai chinh'!BK71 -> 0
A90: 3.Đầu tư góp vốn vào đơn vị khác | B90: =OFFSET('Tinh hinh tai chinh'!$BL72,0,'THTC in'!$D$7 - 1) -> 0 | C90: ='Tinh hinh tai chinh'!BK72 -> 0
A91: 4.Dự phòng tổn thất đầu tư vào đơn vị khác dài hạn(*) | B91: =OFFSET('Tinh hinh tai chinh'!$BL73,0,'THTC in'!$D$7 - 1) -> 0 | C91: ='Tinh hinh tai chinh'!BK73 -> 0
A92: 5.Đầu tư nắm giữ đến ngày đáo hạn dài hạn | B92: =OFFSET('Tinh hinh tai chinh'!$BL74,0,'THTC in'!$D$7 - 1) -> 0 | C92: ='Tinh hinh tai chinh'!BK74 -> 0
A93: 6.Dự phòng đầu tư nắm giữ đến ngày đáo hạn dài hạn (*) | B93: =OFFSET('Tinh hinh tai chinh'!$BL75,0,'THTC in'!$D$7 - 1) -> 0 | C93: ='Tinh hinh tai chinh'!BK75 -> 0
A95: VII. Tài sản dài hạn khác | B95: =SUM(B96:B99) -> 5259295741 | C95: =SUM(C96:C99) -> 8260771278
A96: 1.Chi phí chờ phân bổ dài hạn | B96: =OFFSET('Tinh hinh tai chinh'!$BL77,0,'THTC in'!$D$7 - 1) -> 5259295741 | C96: ='Tinh hinh tai chinh'!BK77 -> 8260771278
A97: 2.Tài sản thuế thu nhập hoãn lại | B97: =OFFSET('Tinh hinh tai chinh'!$BL78,0,'THTC in'!$D$7 - 1) -> 0 | C97: ='Tinh hinh tai chinh'!BK78 -> 0
A98: 3.Thiết bị, vật tư, phụ tùng thay thế dài hạn | B98: =OFFSET('Tinh hinh tai chinh'!$BL79,0,'THTC in'!$D$7 - 1) -> 0 | C98: ='Tinh hinh tai chinh'!BK79 -> 0
A99: 4.Tài sản dài hạn khác | B99: =OFFSET('Tinh hinh tai chinh'!$BL80,0,'THTC in'!$D$7 - 1) -> 0 | C99: ='Tinh hinh tai chinh'!BK80 -> 0
A100: TỔNG CỘNG TÀI SẢN | B100: =B8+B47 -> 1315618995207 | C100: =C8+C47 -> 1266017714532
A102: NGUỒN VỐN | B102: =B7 -> Số cuối tháng 6 | C102: =C7 -> Số dư đầu năm 2026
A103: C . NỢ PHẢI TRẢ | B103: =B104+B121 -> 431216915015 | C103: =C104+C121 -> 385521303731
A104: I. Nợ ngắn hạn | B104: =SUM(B105:B119) -> 276283678600 | C104: =SUM(C105:C119) -> 335139049377
A105: 1.Phải trả người bán ngắn hạn | B105: =OFFSET('Tinh hinh tai chinh'!$BL84,0,'THTC in'!$D$7 - 1) -> 61275711917 | C105: ='Tinh hinh tai chinh'!BK84 -> 15762773405
A106: 2.Người mua trả tiền trước ngắn hạn | B106: =OFFSET('Tinh hinh tai chinh'!$BL85,0,'THTC in'!$D$7 - 1) -> 34213188294 | C106: ='Tinh hinh tai chinh'!BK85 -> 17509392514
A107: 3.Phải trả cổ tức, lợi nhuận | B107: =OFFSET('Tinh hinh tai chinh'!$BL86,0,'THTC in'!$D$7 - 1) -> 0 | C107: ='Tinh hinh tai chinh'!BK86 -> 0
A108: 4.Thuế và các khoản phải nộp Nhà nước ngắn hạn | B108: =OFFSET('Tinh hinh tai chinh'!$BL87,0,'THTC in'!$D$7 - 1) -> 1683178383 | C108: ='Tinh hinh tai chinh'!BK87 -> 6575593057
A109: 5.Phải trả người lao động | B109: =OFFSET('Tinh hinh tai chinh'!$BL88,0,'THTC in'!$D$7 - 1) -> 9489882545 | C109: ='Tinh hinh tai chinh'!BK88 -> 9289786517
A110: 6.Chi phí phải trả ngắn hạn | B110: =OFFSET('Tinh hinh tai chinh'!$BL89,0,'THTC in'!$D$7 - 1) -> 22511017257 | C110: ='Tinh hinh tai chinh'!BK89 -> 18860860041
A111: 7.Phải trả nội bộ ngắn hạn | B111: =OFFSET('Tinh hinh tai chinh'!$BL90,0,'THTC in'!$D$7 - 1) -> 0 | C111: ='Tinh hinh tai chinh'!BK90 -> 0
A112: 8.Phải trả theo tiến độ hợp đồng xây dựng ngắn hạn | B112: =OFFSET('Tinh hinh tai chinh'!$BL91,0,'THTC in'!$D$7 - 1) -> 0 | C112: ='Tinh hinh tai chinh'!BK91 -> 0
A113: 9.Doanh thu chờ phân bổ ngắn hạn | B113: =OFFSET('Tinh hinh tai chinh'!$BL92,0,'THTC in'!$D$7 - 1) -> 0 | C113: ='Tinh hinh tai chinh'!BK92 -> 0
A114: 10.Phải trả ngắn hạn khác | B114: =OFFSET('Tinh hinh tai chinh'!$BL93,0,'THTC in'!$D$7 - 1) -> 5089506387 | C114: ='Tinh hinh tai chinh'!BK93 -> 3480132139
A115: 11.Vay và nợ thuê tài chính ngắn hạn | B115: =OFFSET('Tinh hinh tai chinh'!$BL94,0,'THTC in'!$D$7 - 1) -> 139893015842 | C115: ='Tinh hinh tai chinh'!BK94 -> 262225979238
A116: 12.Dự phòng phải trả ngắn hạn | B116: =OFFSET('Tinh hinh tai chinh'!$BL95,0,'THTC in'!$D$7 - 1) -> 0 | C116: ='Tinh hinh tai chinh'!BK95 -> 0
...

Sheet KQKD in
A1: ='Thong tin'!$A$1 -> CÔNG TY CP NHỰA TÁI CHẾ DUY TÂN
A2: ='Thong tin'!$A$2 -> Địa chỉ: Lô D2, Cụm CN Nhựa Đức Hòa, Xã Đức Hòa, Tỉnh Tây Ninh
A4: BÁO CÁO KẾT QUẢ HOẠT ĐỘNG KINH DOANH
A5: ="Năm " & 'Thong tin'!$C$6 -> Năm 2026
G6: ĐVT: VNĐ
A8: Chỉ tiêu | D8: ="Tháng "&'Thong tin'!$C$9 -> Tháng 6 | F8: ="Lũy kế"&" "&'Thong tin'!$C$9 &" "&"tháng" -> Lũy kế 6 tháng
D9: ="Năm " & 'Thong tin'!$C$6 -> Năm 2026 | E9: ="Năm " & 'Thong tin'!$C$7 -> Năm 2025 | F9: ="Năm " & 'Thong tin'!$C$6 -> Năm 2026 | G9: ="Năm " & 'Thong tin'!$C$7 -> Năm 2025
A10: 1. | B10: Doanh thu bán hàng và cung cấp dịch vụ | D10: =OFFSET('Ket qua kinh doanh'!$BL5,0,'Thong tin'!$C$9 - 1) -> 123233804019 | E10: =OFFSET('Ket qua kinh doanh'!$AZ5,0,'Thong tin'!$C$9 - 1) -> 119843310993 | F10: =SUM(OFFSET('Ket qua kinh doanh'!$BL5,0,0,1,'Thong tin'!$C$9)) -> 841013479508 | G10: =SUM(OFFSET('Ket qua kinh doanh'!$AZ5,0,0,1,'Thong tin'!$C$9)) -> 853436276724
A11: 2. | B11: Các khoản giảm trừ doanh thu | D11: =OFFSET('Ket qua kinh doanh'!$BL6,0,'Thong tin'!$C$9 - 1) -> 249465491 | E11: =OFFSET('Ket qua kinh doanh'!$AZ6,0,'Thong tin'!$C$9 - 1) -> 708638196 | F11: =SUM(OFFSET('Ket qua kinh doanh'!$BL6,0,0,1,'Thong tin'!$C$9)) -> 3235312302 | G11: =SUM(OFFSET('Ket qua kinh doanh'!$AZ6,0,0,1,'Thong tin'!$C$9)) -> 4089507079
A12: 3. | B12: Doanh thu thuần về bán hàng và cung cấp dịch vụ | D12: =OFFSET('Ket qua kinh doanh'!$BL7,0,'Thong tin'!$C$9 - 1) -> 122984338528 | E12: =OFFSET('Ket qua kinh doanh'!$AZ7,0,'Thong tin'!$C$9 - 1) -> 119134672797 | F12: =SUM(OFFSET('Ket qua kinh doanh'!$BL7,0,0,1,'Thong tin'!$C$9)) -> 837778167206 | G12: =SUM(OFFSET('Ket qua kinh doanh'!$AZ7,0,0,1,'Thong tin'!$C$9)) -> 849346769645
A13: 4. | B13: Giá vốn hàng bán | D13: =OFFSET('Ket qua kinh doanh'!$BL8,0,'Thong tin'!$C$9 - 1) -> 103435583559 | E13: =OFFSET('Ket qua kinh doanh'!$AZ8,0,'Thong tin'!$C$9 - 1) -> 105463649620 | F13: =SUM(OFFSET('Ket qua kinh doanh'!$BL8,0,0,1,'Thong tin'!$C$9)) -> 753437942033 | G13: =SUM(OFFSET('Ket qua kinh doanh'!$AZ8,0,0,1,'Thong tin'!$C$9)) -> 725390931143
A14: 5. | B14: Lợi nhuận gộp về bán hàng và cung cấp dịch vụ | D14: =OFFSET('Ket qua kinh doanh'!$BL9,0,'Thong tin'!$C$9 - 1) -> 19548754969 | E14: =OFFSET('Ket qua kinh doanh'!$AZ9,0,'Thong tin'!$C$9 - 1) -> 13671023177 | F14: =SUM(OFFSET('Ket qua kinh doanh'!$BL9,0,0,1,'Thong tin'!$C$9)) -> 84340225173 | G14: =SUM(OFFSET('Ket qua kinh doanh'!$AZ9,0,0,1,'Thong tin'!$C$9)) -> 123955838502
A15: 6. | B15: Lãi/lỗ của hoạt động bán, thanh lý bất động sản đầu tư | D15: =OFFSET('Ket qua kinh doanh'!$BL10,0,'Thong tin'!$C$9 - 1) -> 0 | E15: =OFFSET('Ket qua kinh doanh'!$AZ10,0,'Thong tin'!$C$9 - 1) -> 0 | F15: =SUM(OFFSET('Ket qua kinh doanh'!$BL10,0,0,1,'Thong tin'!$C$9)) -> 0 | G15: =SUM(OFFSET('Ket qua kinh doanh'!$AZ10,0,0,1,'Thong tin'!$C$9)) -> 0
A16: 7. | B16: Doanh thu hoạt động tài chính | D16: =OFFSET('Ket qua kinh doanh'!$BL11,0,'Thong tin'!$C$9 - 1) -> 1466681763 | E16: =OFFSET('Ket qua kinh doanh'!$AZ11,0,'Thong tin'!$C$9 - 1) -> 1641453607 | F16: =SUM(OFFSET('Ket qua kinh doanh'!$BL11,0,0,1,'Thong tin'!$C$9)) -> 6696557363 | G16: =SUM(OFFSET('Ket qua kinh doanh'!$AZ11,0,0,1,'Thong tin'!$C$9)) -> 8872280946
A17: 8. | B17: Chi phí tài chính | D17: =OFFSET('Ket qua kinh doanh'!$BL12,0,'Thong tin'!$C$9 - 1) -> 1214330425 | E17: =OFFSET('Ket qua kinh doanh'!$AZ12,0,'Thong tin'!$C$9 - 1) -> 1483876982 | F17: =SUM(OFFSET('Ket qua kinh doanh'!$BL12,0,0,1,'Thong tin'!$C$9)) -> 9034656808 | G17: =SUM(OFFSET('Ket qua kinh doanh'!$AZ12,0,0,1,'Thong tin'!$C$9)) -> 7574104186
B18: Trong đó: chi phí lãi vay | D18: =OFFSET('Ket qua kinh doanh'!$BL13,0,'Thong tin'!$C$9 - 1) -> 856841656 | E18: =OFFSET('Ket qua kinh doanh'!$AZ13,0,'Thong tin'!$C$9 - 1) -> 1448899822 | F18: =SUM(OFFSET('Ket qua kinh doanh'!$BL13,0,0,1,'Thong tin'!$C$9)) -> 6113875969 | G18: =SUM(OFFSET('Ket qua kinh doanh'!$AZ13,0,0,1,'Thong tin'!$C$9)) -> 6241052349
A19: 9. | B19: Chi phí bán hàng | D19: =OFFSET('Ket qua kinh doanh'!$BL14,0,'Thong tin'!$C$9 - 1) -> 3803640296 | E19: =OFFSET('Ket qua kinh doanh'!$AZ14,0,'Thong tin'!$C$9 - 1) -> 4796729528 | F19: =SUM(OFFSET('Ket qua kinh doanh'!$BL14,0,0,1,'Thong tin'!$C$9)) -> 28720893640 | G19: =SUM(OFFSET('Ket qua kinh doanh'!$AZ14,0,0,1,'Thong tin'!$C$9)) -> 28972044720
A20: 10. | B20: Chi phí quản lý doanh nghiệp | D20: =OFFSET('Ket qua kinh doanh'!$BL15,0,'Thong tin'!$C$9 - 1) -> 8218560670 | E20: =OFFSET('Ket qua kinh doanh'!$AZ15,0,'Thong tin'!$C$9 - 1) -> 7721648228 | F20: =SUM(OFFSET('Ket qua kinh doanh'!$BL15,0,0,1,'Thong tin'!$C$9)) -> 48061650846 | G20: =SUM(OFFSET('Ket qua kinh doanh'!$AZ15,0,0,1,'Thong tin'!$C$9)) -> 44811234469
A21: 11. | B21: Lợi nhuận thuần từ hoạt động kinh doanh | D21: =OFFSET('Ket qua kinh doanh'!$BL16,0,'Thong tin'!$C$9 - 1) -> 7778905341 | E21: =OFFSET('Ket qua kinh doanh'!$AZ16,0,'Thong tin'!$C$9 - 1) -> 1310222046 | F21: =SUM(OFFSET('Ket qua kinh doanh'!$BL16,0,0,1,'Thong tin'!$C$9)) -> 5219581242 | G21: =SUM(OFFSET('Ket qua kinh doanh'!$AZ16,0,0,1,'Thong tin'!$C$9)) -> 51470736073
A22: 12. | B22: Thu nhập khác | D22: =OFFSET('Ket qua kinh doanh'!$BL17,0,'Thong tin'!$C$9 - 1) -> 371201 | E22: =OFFSET('Ket qua kinh doanh'!$AZ17,0,'Thong tin'!$C$9 - 1) -> 2020926 | F22: =SUM(OFFSET('Ket qua kinh doanh'!$BL17,0,0,1,'Thong tin'!$C$9)) -> 12074316 | G22: =SUM(OFFSET('Ket qua kinh doanh'!$AZ17,0,0,1,'Thong tin'!$C$9)) -> 156532135
A23: 13. | B23: Chi phí khác | D23: =OFFSET('Ket qua kinh doanh'!$BL18,0,'Thong tin'!$C$9 - 1) -> 100013926 | E23: =OFFSET('Ket qua kinh doanh'!$AZ18,0,'Thong tin'!$C$9 - 1) -> 50477376 | F23: =SUM(OFFSET('Ket qua kinh doanh'!$BL18,0,0,1,'Thong tin'!$C$9)) -> 598196777 | G23: =SUM(OFFSET('Ket qua kinh doanh'!$AZ18,0,0,1,'Thong tin'!$C$9)) -> 199571583
A24: 14. | B24: Lợi nhuận khác | D24: =OFFSET('Ket qua kinh doanh'!$BL19,0,'Thong tin'!$C$9 - 1) -> -99642725 | E24: =OFFSET('Ket qua kinh doanh'!$AZ19,0,'Thong tin'!$C$9 - 1) -> -48456450 | F24: =SUM(OFFSET('Ket qua kinh doanh'!$BL19,0,0,1,'Thong tin'!$C$9)) -> -586122461 | G24: =SUM(OFFSET('Ket qua kinh doanh'!$AZ19,0,0,1,'Thong tin'!$C$9)) -> -43039448
A25: 15. | B25: Tổng lợi nhuận kế toán trước thuế | D25: =OFFSET('Ket qua kinh doanh'!$BL20,0,'Thong tin'!$C$9 - 1) -> 7679262616 | E25: =OFFSET('Ket qua kinh doanh'!$AZ20,0,'Thong tin'!$C$9 - 1) -> 1261765596 | F25: =SUM(OFFSET('Ket qua kinh doanh'!$BL20,0,0,1,'Thong tin'!$C$9)) -> 4633458781 | G25: =SUM(OFFSET('Ket qua kinh doanh'!$AZ20,0,0,1,'Thong tin'!$C$9)) -> 51427696625
A26: 16. | B26: Chi phí thuế TNDN hiện hành (*) | D26: =OFFSET('Ket qua kinh doanh'!$BL21,0,'Thong tin'!$C$9 - 1) -> 926691756 | E26: =OFFSET('Ket qua kinh doanh'!$AZ21,0,'Thong tin'!$C$9 - 1) -> 189264839 | F26: =SUM(OFFSET('Ket qua kinh doanh'!$BL21,0,0,1,'Thong tin'!$C$9)) -> 727789390 | G26: =SUM(OFFSET('Ket qua kinh doanh'!$AZ21,0,0,1,'Thong tin'!$C$9)) -> 7685924739
A27: 17. | B27: Chi phí thuế TNDN hoãn lại | D27: =OFFSET('Ket qua kinh doanh'!BL22,0,'Thong tin'!$C$9 - 1) -> 0 | E27: =OFFSET('Ket qua kinh doanh'!$AZ22,0,'Thong tin'!$C$9 - 1) -> 0 | F27: =SUM(OFFSET('Ket qua kinh doanh'!BL22,0,0,1,'Thong tin'!$C$9)) -> 0 | G27: =SUM(OFFSET('Ket qua kinh doanh'!$AZ22,0,0,1,'Thong tin'!$C$9)) -> -8043000
A28: 18. | B28: Lợi nhuận sau thuế | D28: =OFFSET('Ket qua kinh doanh'!$BL23,0,'Thong tin'!$C$9 - 1) -> 6752570860 | E28: =OFFSET('Ket qua kinh doanh'!$AZ23,0,'Thong tin'!$C$9 - 1) -> 1072500757 | F28: =SUM(OFFSET('Ket qua kinh doanh'!$BL23,0,0,1,'Thong tin'!$C$9)) -> 3905669391 | G28: =SUM(OFFSET('Ket qua kinh doanh'!$AZ23,0,0,1,'Thong tin'!$C$9)) -> 43749814886
A29: 19. | B29: Lãi cơ bản trên cổ phiếu | F29: =#REF!+#REF!+#REF!+#REF!+#REF!+#REF!+#REF!+#REF!+#REF!+#REF!+#REF!+D29 -> #REF! | G29: =#REF!+#REF!+#REF!+#REF!+#REF!+#REF!+#REF!+#REF!+#REF!+#REF!+#REF!+E29 -> #REF!
D31: 0 | E31: 0 | F31: 0 | G31: 0
F32: Lập, ngày 04 tháng 07 năm 2026
B34: KẾ TOÁN TRƯỞNG | F34: ='Thong tin'!B18 -> GIÁM ĐỐC TÀI CHÍNH
B41: ='Thong tin'!B13 -> 0 | F41: Nguyễn Bảo Quốc

Sheet LCTT_GT in
A1: ='Thong tin'!$A$1 -> CÔNG TY CP NHỰA TÁI CHẾ DUY TÂN
A2: ='Thong tin'!$A$2 -> Địa chỉ: Lô D2, Cụm CN Nhựa Đức Hòa, Xã Đức Hòa, Tỉnh Tây Ninh
A4: BÁO CÁO LƯU CHUYỂN TIỀN TỆ
A5: (Theo phương pháp gián tiếp)
A6: ="Năm " & 'Thong tin'!$C$6 -> Năm 2026
E7: ='KQKD in'!G6 -> ĐVT: VNĐ
A8: Chỉ tiêu | B8: ="Tháng " & 'Thong tin'!$C$9 -> Tháng 6 | D8: ="Lũy kế"&" "& 'Thong tin'!$C$9 &" "&"tháng" -> Lũy kế 6 tháng
B9: ="Năm " & 'Thong tin'!$C$6 -> Năm 2026 | C9: ="Năm " & 'Thong tin'!$C$7 -> Năm 2025 | D9: ="Năm " & 'Thong tin'!$C$6 -> Năm 2026 | E9: ="Năm " & 'Thong tin'!$C$7 -> Năm 2025
A10: I. Lưu chuyển tiền từ hoạt động kinh doanh
A11: 1. Lợi nhuận trước thuế | B11: =OFFSET('Luu chuyen tien te'!$BL5,0,'Thong tin'!$C$9 - 1) -> 7679262616 | C11: =OFFSET('Luu chuyen tien te'!$AZ5,0,'Thong tin'!$C$9 - 1) -> 1261765596 | D11: =SUM(OFFSET('Luu chuyen tien te'!$BL5,0,0,1,'Thong tin'!$C$9)) -> 4633458781 | E11: =SUM(OFFSET('Luu chuyen tien te'!$AZ5,0,0,1,'Thong tin'!$C$9)) -> 51427696625
A12: 2. Điều chỉnh cho các khoản
A13: - Khấu hao tài sản cố định và BĐSĐT | B13: =OFFSET('Luu chuyen tien te'!$BL7,0,'Thong tin'!$C$9 - 1) -> 2329762280 | C13: =OFFSET('Luu chuyen tien te'!$AZ7,0,'Thong tin'!$C$9 - 1) -> 4087468338 | D13: =SUM(OFFSET('Luu chuyen tien te'!$BL7,0,0,1,'Thong tin'!$C$9)) -> 13293790301 | E13: =SUM(OFFSET('Luu chuyen tien te'!$AZ7,0,0,1,'Thong tin'!$C$9)) -> 23695006009
A14: - Các khoản dự phòng | B14: =OFFSET('Luu chuyen tien te'!$BL8,0,'Thong tin'!$C$9 - 1) -> 0 | C14: =OFFSET('Luu chuyen tien te'!$AZ8,0,'Thong tin'!$C$9 - 1) -> 0 | D14: =SUM(OFFSET('Luu chuyen tien te'!$BL8,0,0,1,'Thong tin'!$C$9)) -> 0 | E14: =SUM(OFFSET('Luu chuyen tien te'!$AZ8,0,0,1,'Thong tin'!$C$9)) -> 0
A15: - Lãi, lỗ chênh lệch tỷ giá hối đoái do đánh giá lại các khoản mục tiền tệ có gốc ngoại tệ | B15: =OFFSET('Luu chuyen tien te'!$BL9,0,'Thong tin'!$C$9 - 1) -> -301467078 | C15: =OFFSET('Luu chuyen tien te'!$AZ9,0,'Thong tin'!$C$9 - 1) -> -645043805 | D15: =SUM(OFFSET('Luu chuyen tien te'!$BL9,0,0,1,'Thong tin'!$C$9)) -> -2187950730 | E15: =SUM(OFFSET('Luu chuyen tien te'!$AZ9,0,0,1,'Thong tin'!$C$9)) -> -5189834305
A16: - Lãi lỗ từ hoạt động đầu tư, tài chính | B16: =OFFSET('Luu chuyen tien te'!$BL10,0,'Thong tin'!$C$9 - 1) -> -42752896 | C16: =OFFSET('Luu chuyen tien te'!$AZ10,0,'Thong tin'!$C$9 - 1) -> -989334 | D16: =SUM(OFFSET('Luu chuyen tien te'!$BL10,0,0,1,'Thong tin'!$C$9)) -> -2923290610 | E16: =SUM(OFFSET('Luu chuyen tien te'!$AZ10,0,0,1,'Thong tin'!$C$9)) -> -1680691614
A17: - Chi phí đi vay | B17: =OFFSET('Luu chuyen tien te'!$BL11,0,'Thong tin'!$C$9 - 1) -> 856841656 | C17: =OFFSET('Luu chuyen tien te'!$AZ11,0,'Thong tin'!$C$9 - 1) -> 1448899822 | D17: =SUM(OFFSET('Luu chuyen tien te'!$BL11,0,0,1,'Thong tin'!$C$9)) -> 6113875969 | E17: =SUM(OFFSET('Luu chuyen tien te'!$AZ11,0,0,1,'Thong tin'!$C$9)) -> 6241052349
A18: - Các khoản điều chỉnh khác | B18: =OFFSET('Luu chuyen tien te'!$BL12,0,'Thong tin'!$C$9 - 1) -> 0 | C18: =OFFSET('Luu chuyen tien te'!$AZ12,0,'Thong tin'!$C$9 - 1) -> 0 | D18: =SUM(OFFSET('Luu chuyen tien te'!$BL12,0,0,1,'Thong tin'!$C$9)) -> 0 | E18: =SUM(OFFSET('Luu chuyen tien te'!$AZ12,0,0,1,'Thong tin'!$C$9)) -> 0
A19: 3. Lợi nhuận từ hoạt động kinh doanh trước thay đổi vốn lưu động | B19: =SUM(B11:B18) -> 10521646578 | C19: =SUM(C11:C18) -> 6152100617 | D19: =SUM(D11:D18) -> 18929883711 | E19: =SUM(E11:E18) -> 74493229064
A20: - Tăng giảm các khoản phải thu | B20: =OFFSET('Luu chuyen tien te'!$BL14,0,'Thong tin'!$C$9 - 1) -> -11814070908 | C20: =OFFSET('Luu chuyen tien te'!$AZ14,0,'Thong tin'!$C$9 - 1) -> 720428098 | D20: =SUM(OFFSET('Luu chuyen tien te'!$BL14,0,0,1,'Thong tin'!$C$9)) -> -18056360448 | E20: =SUM(OFFSET('Luu chuyen tien te'!$AZ14,0,0,1,'Thong tin'!$C$9)) -> -59885757236
A21: - Tăng giảm hàng tồn kho | B21: =OFFSET('Luu chuyen tien te'!$BL15,0,'Thong tin'!$C$9 - 1) -> -26467578285 | C21: =OFFSET('Luu chuyen tien te'!$AZ15,0,'Thong tin'!$C$9 - 1) -> -17092818286 | D21: =SUM(OFFSET('Luu chuyen tien te'!$BL15,0,0,1,'Thong tin'!$C$9)) -> 174467761523 | E21: =SUM(OFFSET('Luu chuyen tien te'!$AZ15,0,0,1,'Thong tin'!$C$9)) -> 62229306094
A22: - Tăng giảm các khoản phải trả (Không bao gồm lãi vay phải trả, thuế TNDN phải nộp) | B22: =OFFSET('Luu chuyen tien te'!$BL16,0,'Thong tin'!$C$9 - 1) -> 32739939658 | C22: =OFFSET('Luu chuyen tien te'!$AZ16,0,'Thong tin'!$C$9 - 1) -> 14884971711 | D22: =SUM(OFFSET('Luu chuyen tien te'!$BL16,0,0,1,'Thong tin'!$C$9)) -> 63154333036 | E22: =SUM(OFFSET('Luu chuyen tien te'!$AZ16,0,0,1,'Thong tin'!$C$9)) -> -11977662415
A23: - Tăng giảm chi phí chờ phân bổ | B23: =OFFSET('Luu chuyen tien te'!$BL17,0,'Thong tin'!$C$9 - 1) -> 903849225 | C23: =OFFSET('Luu chuyen tien te'!$AZ17,0,'Thong tin'!$C$9 - 1) -> -5497715935 | D23: =SUM(OFFSET('Luu chuyen tien te'!$BL17,0,0,1,'Thong tin'!$C$9)) -> 2336527590 | E23: =SUM(OFFSET('Luu chuyen tien te'!$AZ17,0,0,1,'Thong tin'!$C$9)) -> -5798221991
A24: - Tăng, giảm chứng khoán kinh doanh | B24: =OFFSET('Luu chuyen tien te'!$BL18,0,'Thong tin'!$C$9 - 1) -> 0 | C24: =OFFSET('Luu chuyen tien te'!$AZ18,0,'Thong tin'!$C$9 - 1) -> 0 | D24: =SUM(OFFSET('Luu chuyen tien te'!$BL18,0,0,1,'Thong tin'!$C$9)) -> 0 | E24: =SUM(OFFSET('Luu chuyen tien te'!$AZ18,0,0,1,'Thong tin'!$C$9)) -> 0
A25: - Chi phí đi vay đã trả | B25: =OFFSET('Luu chuyen tien te'!$BL19,0,'Thong tin'!$C$9 - 1) -> -856841656 | C25: =OFFSET('Luu chuyen tien te'!$AZ19,0,'Thong tin'!$C$9 - 1) -> -1448899822 | D25: =SUM(OFFSET('Luu chuyen tien te'!$BL19,0,0,1,'Thong tin'!$C$9)) -> -6113875969 | E25: =SUM(OFFSET('Luu chuyen tien te'!$AZ19,0,0,1,'Thong tin'!$C$9)) -> -6241052349
A26: - Thuế thu nhập doanh nghiệp đã nộp | B26: =OFFSET('Luu chuyen tien te'!$BL20,0,'Thong tin'!$C$9 - 1) -> 0 | C26: =OFFSET('Luu chuyen tien te'!$AZ20,0,'Thong tin'!$C$9 - 1) -> 0 | D26: =SUM(OFFSET('Luu chuyen tien te'!$BL20,0,0,1,'Thong tin'!$C$9)) -> 0 | E26: =SUM(OFFSET('Luu chuyen tien te'!$AZ20,0,0,1,'Thong tin'!$C$9)) -> 0
A27: - Tiền thu khác từ hoạt động kinh doanh | B27: =OFFSET('Luu chuyen tien te'!$BL21,0,'Thong tin'!$C$9 - 1) -> 0 | C27: =OFFSET('Luu chuyen tien te'!$AZ21,0,'Thong tin'!$C$9 - 1) -> 0 | D27: =SUM(OFFSET('Luu chuyen tien te'!$BL21,0,0,1,'Thong tin'!$C$9)) -> 0 | E27: =SUM(OFFSET('Luu chuyen tien te'!$AZ21,0,0,1,'Thong tin'!$C$9)) -> 0
A28: - Tiền chi khác cho hoạt động kinh doanh | B28: =OFFSET('Luu chuyen tien te'!$BL22,0,'Thong tin'!$C$9 - 1) -> 0 | C28: =OFFSET('Luu chuyen tien te'!$AZ22,0,'Thong tin'!$C$9 - 1) -> 0 | D28: =SUM(OFFSET('Luu chuyen tien te'!$BL22,0,0,1,'Thong tin'!$C$9)) -> 0 | E28: =SUM(OFFSET('Luu chuyen tien te'!$AZ22,0,0,1,'Thong tin'!$C$9)) -> 0
A29: Lưu chuyển tiền thuần từ hoạt động kinh doanh | B29: =SUM(B19:B28) -> 5026944612 | C29: =SUM(C19:C28) -> -2281933617 | D29: =SUM(D19:D28) -> 234718269443 | E29: =SUM(E19:E28) -> 52819841167
A30: II. Lưu chuyển tiền từ hoạt động đầu tư
A31: 1. Tiền chi để mua sắm, xây dựng TSCĐ và các tài sản dài hạn khác | B31: =OFFSET('Luu chuyen tien te'!$BL25,0,'Thong tin'!$C$9 - 1) -> -3540267632 | C31: =OFFSET('Luu chuyen tien te'!$AZ25,0,'Thong tin'!$C$9 - 1) -> -4827154812 | D31: =SUM(OFFSET('Luu chuyen tien te'!$BL25,0,0,1,'Thong tin'!$C$9)) -> -156940109027 | E31: =SUM(OFFSET('Luu chuyen tien te'!$AZ25,0,0,1,'Thong tin'!$C$9)) -> -36451361520
A32: 2. Tiền thu từ thanh lý, nhượng bán TSCĐ và các tài sản dài hạn khác | B32: =OFFSET('Luu chuyen tien te'!$BL26,0,'Thong tin'!$C$9 - 1) -> 0 | C32: =OFFSET('Luu chuyen tien te'!$AZ26,0,'Thong tin'!$C$9 - 1) -> 226000000 | D32: =SUM(OFFSET('Luu chuyen tien te'!$BL26,0,0,1,'Thong tin'!$C$9)) -> 0 | E32: =SUM(OFFSET('Luu chuyen tien te'!$AZ26,0,0,1,'Thong tin'!$C$9)) -> 944633187
A33: 3. Tiền chi cho vay, mua các công cụ nợ của đơn vị khác | B33: =OFFSET('Luu chuyen tien te'!$BL27,0,'Thong tin'!$C$9 - 1) -> -34455263957 | C33: =OFFSET('Luu chuyen tien te'!$AZ27,0,'Thong tin'!$C$9 - 1) -> 0 | D33: =SUM(OFFSET('Luu chuyen tien te'!$BL27,0,0,1,'Thong tin'!$C$9)) -> -121455263957 | E33: =SUM(OFFSET('Luu chuyen tien te'!$AZ27,0,0,1,'Thong tin'!$C$9)) -> -77000000000
A34: 4. Tiền thu hồi cho vay, bán lại các công cụ nợ của đơn vị khác | B34: =OFFSET('Luu chuyen tien te'!$BL28,0,'Thong tin'!$C$9 - 1) -> 10000000000 | C34: =OFFSET('Luu chuyen tien te'!$AZ28,0,'Thong tin'!$C$9 - 1) -> 0 | D34: =SUM(OFFSET('Luu chuyen tien te'!$BL28,0,0,1,'Thong tin'!$C$9)) -> 61200000000 | E34: =SUM(OFFSET('Luu chuyen tien te'!$AZ28,0,0,1,'Thong tin'!$C$9)) -> 5500000000
A35: 5. Tiền chi đầu tư góp vốn vào đơn vị khác | B35: =OFFSET('Luu chuyen tien te'!$BL29,0,'Thong tin'!$C$9 - 1) -> 0 | C35: =OFFSET('Luu chuyen tien te'!$AZ29,0,'Thong tin'!$C$9 - 1) -> 0 | D35: =SUM(OFFSET('Luu chuyen tien te'!$BL29,0,0,1,'Thong tin'!$C$9)) -> 0 | E35: =SUM(OFFSET('Luu chuyen tien te'!$AZ29,0,0,1,'Thong tin'!$C$9)) -> 0
A36: 6. Tiền thu hồi đầu tư góp vốn vào đơn vị khác | B36: =OFFSET('Luu chuyen tien te'!$BL30,0,'Thong tin'!$C$9 - 1) -> 0 | C36: =OFFSET('Luu chuyen tien te'!$AZ30,0,'Thong tin'!$C$9 - 1) -> 0 | D36: =SUM(OFFSET('Luu chuyen tien te'!$BL30,0,0,1,'Thong tin'!$C$9)) -> 0 | E36: =SUM(OFFSET('Luu chuyen tien te'!$AZ30,0,0,1,'Thong tin'!$C$9)) -> 0
A37: 7. Tiền thu lãi cho vay, cổ tức và lợi nhuận được chia | B37: =OFFSET('Luu chuyen tien te'!$BL31,0,'Thong tin'!$C$9 - 1) -> 42752896 | C37: =OFFSET('Luu chuyen tien te'!$AZ31,0,'Thong tin'!$C$9 - 1) -> 989334 | D37: =SUM(OFFSET('Luu chuyen tien te'!$BL31,0,0,1,'Thong tin'!$C$9)) -> 2923290610 | E37: =SUM(OFFSET('Luu chuyen tien te'!$AZ31,0,0,1,'Thong tin'!$C$9)) -> 1680691614
A38: Lưu chuyển tiền thuần từ hoạt động đầu tư | B38: =SUM(B31:B37) -> -27952778693 | C38: =SUM(C31:C37) -> -4600165478 | D38: =SUM(D31:D37) -> -214272082374 | E38: =SUM(E31:E37) -> -105326036719
A39: III. Lưu chuyển tiền từ hoạt động tài chính
A40: 1. Tiền thu từ phát hành cố phiếu, nhận vốn góp của chủ sở hữu | B40: =OFFSET('Luu chuyen tien te'!$BL34,0,'Thong tin'!$C$9 - 1) -> 0 | C40: =OFFSET('Luu chuyen tien te'!$AZ34,0,'Thong tin'!$C$9 - 1) -> 0 | D40: =SUM(OFFSET('Luu chuyen tien te'!$BL34,0,0,1,'Thong tin'!$C$9)) -> 0 | E40: =SUM(OFFSET('Luu chuyen tien te'!$AZ34,0,0,1,'Thong tin'!$C$9)) -> 0
A41: 2. Tiền trả lại vốn góp cho các chủ sở hữu, mua lại cổ phiểu đã phát hành | B41: =OFFSET('Luu chuyen tien te'!$BL35,0,'Thong tin'!$C$9 - 1) -> 0 | C41: =OFFSET('Luu chuyen tien te'!$AZ35,0,'Thong tin'!$C$9 - 1) -> 0 | D41: =SUM(OFFSET('Luu chuyen tien te'!$BL35,0,0,1,'Thong tin'!$C$9)) -> 0 | E41: =SUM(OFFSET('Luu chuyen tien te'!$AZ35,0,0,1,'Thong tin'!$C$9)) -> 0
A42: 3. Tiền thu từ đi vay | B42: =OFFSET('Luu chuyen tien te'!$BL36,0,'Thong tin'!$C$9 - 1) -> 70714568555 | C42: =OFFSET('Luu chuyen tien te'!$AZ36,0,'Thong tin'!$C$9 - 1) -> 47723278583 | D42: =SUM(OFFSET('Luu chuyen tien te'!$BL36,0,0,1,'Thong tin'!$C$9)) -> 307622833671 | E42: =SUM(OFFSET('Luu chuyen tien te'!$AZ36,0,0,1,'Thong tin'!$C$9)) -> 250710852351
A43: 4. Tiền trả nợ gốc vay | B43: =OFFSET('Luu chuyen tien te'!$BL37,0,'Thong tin'!$C$9 - 1) -> -46678918453 | C43: =OFFSET('Luu chuyen tien te'!$AZ37,0,'Thong tin'!$C$9 - 1) -> -30106272270 | D43: =SUM(OFFSET('Luu chuyen tien te'!$BL37,0,0,1,'Thong tin'!$C$9)) -> -320065973557 | E43: =SUM(OFFSET('Luu chuyen tien te'!$AZ37,0,0,1,'Thong tin'!$C$9)) -> -206061940948
A44: 5. Tiền trả nợ gốc thuê tài chính | B44: =OFFSET('Luu chuyen tien te'!$BL38,0,'Thong tin'!$C$9 - 1) -> -738238085 | C44: =OFFSET('Luu chuyen tien te'!$AZ38,0,'Thong tin'!$C$9 - 1) -> -777777778 | D44: =SUM(OFFSET('Luu chuyen tien te'!$BL38,0,0,1,'Thong tin'!$C$9)) -> -5338841449 | E44: =SUM(OFFSET('Luu chuyen tien te'!$AZ38,0,0,1,'Thong tin'!$C$9)) -> -4666666668
A45: 6. Cổ tức, lợi nhuận đã trả cho chủ sở hữu | B45: =OFFSET('Luu chuyen tien te'!$BL39,0,'Thong tin'!$C$9 - 1) -> 0 | C45: =OFFSET('Luu chuyen tien te'!$AZ39,0,'Thong tin'!$C$9 - 1) -> 0 | D45: =SUM(OFFSET('Luu chuyen tien te'!$BL39,0,0,1,'Thong tin'!$C$9)) -> 0 | E45: =SUM(OFFSET('Luu chuyen tien te'!$AZ39,0,0,1,'Thong tin'!$C$9)) -> 0
A46: Lưu chuyển tiền thuần từ hoạt động tài chính | B46: =SUM(B40:B45) -> 23297412017 | C46: =SUM(C40:C45) -> 16839228535 | D46: =SUM(D40:D45) -> -17781981335 | E46: =SUM(E40:E45) -> 39982244735
A47: Lưu chuyển tiền thuần trong kỳ | B47: =SUM(B29,B38,B46) -> 371577936 | C47: =SUM(C29,C38,C46) -> 9957129440 | D47: =SUM(D29,D38,D46) -> 2664205734 | E47: =SUM(E29,E38,E46) -> -12523950817
A48: Tiền và tương đương tiền đầu kỳ | B48: =OFFSET('Luu chuyen tien te'!$BL42,0,'Thong tin'!$C$9 - 1) -> 41014004605 | C48: =OFFSET('Luu chuyen tien te'!$AZ42,0,'Thong tin'!$C$9 - 1) -> 21868727527 | D48: ='Luu chuyen tien te'!BL42 -> 36834893155 | E48: ='Luu chuyen tien te'!AZ42 -> 39805017284
A49: Ảnh hưởng của thay đổi tỷ giá hối đoái quy đổi ngoại tệ | B49: =OFFSET('Luu chuyen tien te'!$BL43,0,'Thong tin'!$C$9 - 1) -> 301467078 | C49: =OFFSET('Luu chuyen tien te'!$AZ43,0,'Thong tin'!$C$9 - 1) -> 645043805 | D49: =SUM(OFFSET('Luu chuyen tien te'!$BL43,0,0,1,'Thong tin'!$C$9)) -> 2187950730 | E49: =SUM(OFFSET('Luu chuyen tien te'!$AZ43,0,0,1,'Thong tin'!$C$9)) -> 5189834305
A50: Tiền và tương đương tiền cuối kỳ | B50: =SUM(B47:B49) -> 41687049619 | C50: =SUM(C47:C49) -> 32470900772 | D50: =SUM(D47:D49) -> 41687049619 | E50: =SUM(E47:E49) -> 32470900772
B51: =B50-'Tinh hinh tai chinh'!BQ5 -> 0 | C51: =C50-'Tinh hinh tai chinh'!BE5 -> 0 | D51: 0 | E51: 0
D52: ='KQKD in'!F32 -> Lập, ngày 04 tháng 07 năm 2026
A53: KẾ TOÁN TRƯỞNG | D53: GIÁM ĐỐC
A59: ='Thong tin'!B13 -> 0 | D59: Nguyễn Bảo Quốc

Sheet Tinh hinh tai chinh
B1: CTY CP NHỰA TÁI CHẾ DUY TÂN
B2: VND
A3: Index BS | B3: PHẦN I-BÁO CÁO TÌNH HÌNH TÀI CHÍNH | C3: TenCongTyID | D3: T1.2021 | E3: T02.2021 | F3: T03.2021 | G3: T04.2021 | H3: T05.2021 | I3: T06.2021 | J3: T07.2021 | K3: T08.2021 | L3: T09.2021 | M3: T10.2021 | N3: T11.2021 | O3: T12.2021 | P3: T1.2022 | Q3: T02.2022 | R3: T03.2022 | S3: T04.2022 | T3: T05.2022 | U3: T06.2022 | V3: T07.2022 | W3: T08.2022 | X3: T09.2022 | Y3: T10.2022 | Z3: T11.2022 | AA3: T12.2022 | AB3: T1.2023 | AC3: T02.2023 | AD3: T03.2023 | AE3: T04.2023 | AF3: T05.2023 | AG3: T06.2023 | AH3: T07.2023 | AI3: T08.2023 | AJ3: T09.2023 | AK3: T10.2023 | AL3: T11.2023 | AM3: T12.2023 | AN3: T01.2024 | AO3: T02.2024 | AP3: T03.2024 | AQ3: T04.2024 | AR3: T05.2024 | AS3: T06.2024 | AT3: T07.2024 | AU3: T08.2024 | AV3: T09.2024 | AW3: T10.2024 | AX3: T11.2024 | AY3: T12.2024 | AZ3: T01.2025 | BA3: T02.2025 | BB3: T03.2025 | BC3: T04.2025 | BD3: T05.2025 | BE3: T06.2025 | BF3: T07.2025 | BG3: T08.2025 | BH3: T09.2025 | BI3: T10.2025 | BJ3: T11.2025 | BK3: T12.2025 | BL3: T01.2026 | BM3: T02.2026 | BN3: T03.2026 | BO3: T04.2026 | BP3: T05.2026 | BQ3: T06.2026 | BR3: T07.2026 | BS3: T08.2026 | BT3: T09.2026 | BU3: T10.2026 | BV3: T11.2026 | BW3: T12.2026
A4: 1 | B4: A-TÀI SẢN NGẮN HẠN | C4: 5 | D4: 614493092591 | E4: 609884742147 | F4: 615298026209 | G4: 628174770356 | H4: 633634093227 | I4: 634442148116 | J4: 641465222117 | K4: 461269303491 | L4: 464335451361 | M4: 465446434421 | N4: 474566713935 | O4: 478803851536 | P4: 491203268636 | Q4: 495110335063 | R4: 506410020272 | S4: 541090328555 | T4: 557182730957 | U4: 567579171386 | V4: 553380198104 | W4: 575629704487 | X4: 581428641960 | Y4: 579326744202 | Z4: 570154808236 | AA4: 638615944603 | AB4: 630392907077 | AC4: 635811337862 | AD4: 615592156470 | AE4: 591572888711 | AF4: 576645541879 | AG4: 627637203928 | AH4: 645017740465 | AI4: 624618100412 | AJ4: 607904625059 | AK4: 655561441913 | AL4: 691663318215 | AM4: 735262711239 | AN4: 782481934423 | AO4: 768590764263 | AP4: 815465869041 | AQ4: 877414026420 | AR4: 928155716736 | AS4: 956563222023 | AT4: 906133879099 | AU4: 849218290026 | AV4: 891170346476 | AW4: 912165489717 | AX4: 989601612249 | AY4: 969587265880 | AZ4: 894788032291 | BA4: 814157821775 | BB4: 866303373135 | BC4: 929599762285 | BD4: 981599372849 | BE4: 1010794698754 | BF4: 999811801439 | BG4: 1060333071975 | BH4: 1040577598634 | BI4: 982848510813 | BJ4: 959373053576 | BK4: 945217150933 | BL4: 894150692345 | BM4: 895502322076 | BN4: 848468475952 | BO4: 807952336254 | BP4: 886588369025 | BQ4: 820219773119
A5: 2 | B5: I.Tiền và các khoản tương đương tiền | C5: 5 | D5: 3447839862 | E5: 4753297265 | F5: 3470025524 | G5: 7213551570 | H5: 6428796497 | I5: 6637859615 | J5: 6692002174 | K5: 17171442096 | L5: 20706415997 | M5: 18510700926 | N5: 9217053448 | O5: 9537238483 | P5: 7841551973 | Q5: 25742652312 | R5: 10229505276 | S5: 23153084677 | T5: 15475133505 | U5: 6070662597 | V5: 5025380377 | W5: 25956322209 | X5: 31102397335 | Y5: 12848278176 | Z5: 10250965252 | AA5: 13274374149 | AB5: 16792099757 | AC5: 15908187368 | AD5: 16078630986 | AE5: 51289665216 | AF5: 23427390962 | AG5: 21288636707 | AH5: 22472091319 | AI5: 2490582158 | AJ5: 10148364108 | AK5: 9841817259 | AL5: 4968558361 | AM5: 6353042534 | AN5: 31037848308 | AO5: 22669663716 | AP5: 6664945115 | AQ5: 15574807889 | AR5: 16007340290 | AS5: 3678057757 | AT5: 36916493026 | AU5: 16748498285 | AV5: 33251814637 | AW5: 56773964959 | AX5: 43420355696 | AY5: 39805017284 | AZ5: 76486895109 | BA5: 33258200889 | BB5: 23555271373 | BC5: 37590058839 | BD5: 21868727527 | BE5: 32470900772 | BF5: 30661632458 | BG5: 29770776625 | BH5: 64296693910 | BI5: 53646701293 | BJ5: 55165406320 | BK5: 36834893155 | BL5: 42126572011 | BM5: 45981412915 | BN5: 33613094972 | BO5: 47135211556 | BP5: 41014004605 | BQ5: 41687049619
A6: 3 | B6: 1.Tiền | C6: 5 | D6: 3447839862 | E6: 4753297265 | F6: 3470025524 | G6: 7213551570 | H6: 6428796497 | I6: 6637859615 | J6: 6692002174 | K6: 4471442096 | L6: 5006415997 | M6: 5810700926 | N6: 9217053448 | O6: 9537238483 | P6: 7841551973 | Q6: 25742652312 | R6: 10229505276 | S6: 23153084677 | T6: 15475133505 | U6: 6070662597 | V6: 5025380377 | W6: 25956322209 | X6: 31102397335 | Y6: 12848278176 | Z6: 10250965252 | AA6: 13274374149 | AB6: 16792099757 | AC6: 15908187368 | AD6: 16078630986 | AE6: 36289665216 | AF6: 23427390962 | AG6: 21288636707 | AH6: 22472091319 | AI6: 2490582158 | AJ6: 10148364108 | AK6: 7001817259 | AL6: 2128558361 | AM6: 3513042534 | AN6: 28197848308 | AO6: 19829663716 | AP6: 5834945115 | AQ6: 14744807889 | AR6: 15177340290 | AS6: 2848057757 | AT6: 36086493026 | AU6: 15918498285 | AV6: 33251814637 | AW6: 56773964959 | AX6: 43420355696 | AY6: 29805017284 | AZ6: 73646895109 | BA6: 30418200889 | BB6: 23555271373 | BC6: 37590058839 | BD6: 21868727527 | BE6: 32470900772 | BF6: 30661632458 | BG6: 29770776625 | BH6: 64296693910 | BI6: 33646701293 | BJ6: 35165406320 | BK6: 36834893155 | BL6: 42126572011 | BM6: 45981412915 | BN6: 27413094972 | BO6: 28835211556 | BP6: 30714004605 | BQ6: 26931785662
A7: 4 | B7: 2.Các khoản tương đương tiền | C7: 5 | D7: 0 | E7: 0 | F7: 0 | G7: 0 | H7: 0 | I7: 0 | J7: 0 | K7: 12700000000 | L7: 15700000000 | M7: 12700000000 | N7: 0 | O7: 0 | P7: 0 | Q7: 0 | R7: 0 | S7: 0 | T7: 0 | U7: 0 | V7: 0 | W7: 0 | X7: 0 | Y7: 0 | Z7: 0 | AA7: 0 | AB7: 0 | AC7: 0 | AD7: 0 | AE7: 15000000000 | AF7: 0 | AG7: 0 | AH7: 0 | AI7: 0 | AJ7: 0 | AK7: 2840000000 | AL7: 2840000000 | AM7: 2840000000 | AN7: 2840000000 | AO7: 2840000000 | AP7: 830000000 | AQ7: 830000000 | AR7: 830000000 | AS7: 830000000 | AT7: 830000000 | AU7: 830000000 | AV7: 0 | AW7: 0 | AX7: 0 | AY7: 10000000000 | AZ7: 2840000000 | BA7: 2840000000 | BB7: 0 | BC7: 0 | BD7: 0 | BE7: 0 | BF7: 0 | BG7: 0 | BH7: 0 | BI7: 20000000000 | BJ7: 20000000000 | BN7: 6200000000 | BO7: 18300000000 | BP7: 10300000000 | BQ7: 14755263957
A8: 5 | B8: II.Đầu tư tài chính ngắn hạn | C8: 5 | D8: 0 | E8: 0 | F8: 0 | G8: 0 | H8: 0 | I8: 0 | J8: 0 | K8: 0 | L8: 0 | M8: 0 | N8: 0 | O8: 0 | P8: 0 | Q8: 0 | R8: 0 | S8: 0 | T8: 0 | U8: 0 | V8: 0 | W8: 0 | X8: 0 | Y8: 0 | Z8: 0 | AA8: 0 | AB8: 0 | AC8: 0 | AD8: 2010000000 | AE8: 2010000000 | AF8: 2010000000 | AG8: 2010000000 | AH8: 2010000000 | AI8: 2010000000 | AJ8: 2010000000 | AK8: 2010000000 | AL8: 2010000000 | AM8: 2010000000 | AN8: 2010000000 | AO8: 2010000000 | AP8: 2010000000 | AQ8: 2010000000 | AR8: 2010000000 | AS8: 2010000000 | AT8: 2010000000 | AU8: 2010000000 | AV8: 2840000000 | AW8: 2840000000 | AX8: 2840000000 | AY8: 2840000000 | AZ8: 0 | BA8: 0 | BB8: 22840000000 | BC8: 22840000000 | BD8: 22840000000 | BE8: 22840000000 | BF8: 22840000000 | BG8: 22840000000 | BH8: 22840000000 | BI8: 32840000000 | BJ8: 32840000000 | BK8: 32840000000 | BL8: 32840000000 | BM8: 32840000000 | BN8: 32840000000 | BO8: 34340000000 | BP8: 34340000000 | BQ8: 34340000000
A9: 6 | B9: 1.Chứng khoán kinh doanh | C9: 5 | D9: 0 | E9: 0 | F9: 0 | G9: 0 | H9: 0 | I9: 0 | J9: 0 | K9: 0 | L9: 0 | M9: 0 | N9: 0 | O9: 0 | P9: 0 | Q9: 0 | R9: 0 | S9: 0 | T9: 0 | U9: 0 | V9: 0 | W9: 0 | X9: 0 | Y9: 0 | Z9: 0 | AA9: 0 | AB9: 0 | AC9: 0 | AD9: 0 | AE9: 0 | AF9: 0 | AG9: 0 | AH9: 0 | AI9: 0 | AJ9: 0 | AK9: 0 | AL9: 0 | AM9: 0 | AN9: 0 | AO9: 0 | AP9: 0 | AQ9: 0 | AR9: 0 | AS9: 0 | AT9: 0 | AU9: 0 | AV9: 0 | AW9: 0 | AX9: 0 | AY9: 0 | AZ9: 0 | BA9: 0 | BB9: 0 | BC9: 0 | BD9: 0 | BE9: 0 | BF9: 0 | BG9: 0 | BH9: 0 | BI9: 0 | BJ9: 0
A10: 7 | B10: 2.Dự phòng giảm giá chứng khoán kinh doanh (*) | C10: 5 | D10: 0 | E10: 0 | F10: 0 | G10: 0 | H10: 0 | I10: 0 | J10: 0 | K10: 0 | L10: 0 | M10: 0 | N10: 0 | O10: 0 | P10: 0 | Q10: 0 | R10: 0 | S10: 0 | T10: 0 | U10: 0 | V10: 0 | W10: 0 | X10: 0 | Y10: 0 | Z10: 0 | AA10: 0 | AB10: 0 | AC10: 0 | AD10: 0 | AE10: 0 | AF10: 0 | AG10: 0 | AH10: 0 | AI10: 0 | AJ10: 0 | AK10: 0 | AL10: 0 | AM10: 0 | AN10: 0 | AO10: 0 | AP10: 0 | AQ10: 0 | AR10: 0 | AS10: 0 | AT10: 0 | AU10: 0 | AV10: 0 | AW10: 0 | AX10: 0 | AY10: 0 | AZ10: 0 | BA10: 0 | BB10: 0 | BC10: 0 | BD10: 0 | BE10: 0 | BF10: 0 | BG10: 0 | BH10: 0 | BI10: 0 | BJ10: 0
A11: 8 | B11: 3.Đầu tư nắm giữ đến ngày đáo hạn ngắn hạn | C11: 5 | D11: 0 | E11: 0 | F11: 0 | G11: 0 | H11: 0 | I11: 0 | J11: 0 | K11: 0 | L11: 0 | M11: 0 | N11: 0 | O11: 0 | P11: 0 | Q11: 0 | R11: 0 | S11: 0 | T11: 0 | U11: 0 | V11: 0 | W11: 0 | X11: 0 | Y11: 0 | Z11: 0 | AA11: 0 | AB11: 0 | AC11: 0 | AD11: 2010000000 | AE11: 2010000000 | AF11: 2010000000 | AG11: 2010000000 | AH11: 2010000000 | AI11: 2010000000 | AJ11: 2010000000 | AK11: 2010000000 | AL11: 2010000000 | AM11: 2010000000 | AN11: 2010000000 | AO11: 2010000000 | AP11: 2010000000 | AQ11: 2010000000 | AR11: 2010000000 | AS11: 2010000000 | AT11: 2010000000 | AU11: 2010000000 | AV11: 2840000000 | AW11: 2840000000 | AX11: 2840000000 | AY11: 2840000000 | BB11: 22840000000 | BC11: 22840000000 | BD11: 22840000000 | BE11: 22840000000 | BF11: 22840000000 | BG11: 22840000000 | BH11: 22840000000 | BI11: 32840000000 | BJ11: 32840000000 | BK11: 32840000000 | BL11: 32840000000 | BM11: 32840000000 | BN11: 32840000000 | BO11: 34340000000 | BP11: 34340000000 | BQ11: 34340000000
A12: 9 | B12: 4.Dự phòng đầu tư nắm giữ đến ngày đáo hạn ngắn hạn (*) | C12: 5 | D12: 0 | E12: 0 | F12: 0 | G12: 0 | H12: 0 | I12: 0 | J12: 0 | K12: 0 | L12: 0 | M12: 0 | N12: 0 | O12: 0 | P12: 0 | Q12: 0 | R12: 0 | S12: 0 | T12: 0 | U12: 0 | V12: 0 | W12: 0 | X12: 0 | Y12: 0 | Z12: 0 | AA12: 0 | AB12: 0 | AC12: 0 | AD12: 0 | AE12: 0 | AF12: 0 | AG12: 0 | AH12: 0 | AI12: 0 | AJ12: 0 | AK12: 0 | AL12: 0 | AM12: 0 | AN12: 0 | AO12: 0 | AP12: 0 | AQ12: 0 | AR12: 0 | AS12: 0 | AT12: 0 | AU12: 0 | AV12: 0 | AW12: 0 | AX12: 0 | AY12: 0
A13: 10 | B13: 5.Đầu tư ngắn hạn khác | C13: 5 | D13: 0 | E13: 0 | F13: 0 | G13: 0 | H13: 0 | I13: 0 | J13: 0 | K13: 0 | L13: 0 | M13: 0 | N13: 0 | O13: 0 | P13: 0 | Q13: 0 | R13: 0 | S13: 0 | T13: 0 | U13: 0 | V13: 0 | W13: 0 | X13: 0 | Y13: 0 | Z13: 0 | AA13: 0 | AB13: 0 | AC13: 0 | AD13: 0 | AE13: 0 | AF13: 0 | AG13: 0 | AH13: 0 | AI13: 0 | AJ13: 0 | AK13: 0 | AL13: 0 | AM13: 0 | AN13: 0 | AO13: 0 | AP13: 0 | AQ13: 0 | AR13: 0 | AS13: 0 | AT13: 0 | AU13: 0 | AV13: 0 | AW13: 0 | AX13: 0 | AY13: 0
A14: 11 | B14: 6.Dự phòng tổn thất các khoản đầu tư ngắn hạn khác (*) | C14: 5 | D14: 0 | E14: 0 | F14: 0 | G14: 0 | H14: 0 | I14: 0 | J14: 0 | K14: 0 | L14: 0 | M14: 0 | N14: 0 | O14: 0 | P14: 0 | Q14: 0 | R14: 0 | S14: 0 | T14: 0 | U14: 0 | V14: 0 | W14: 0 | X14: 0 | Y14: 0 | Z14: 0 | AA14: 0 | AB14: 0 | AC14: 0 | AD14: 0 | AE14: 0 | AF14: 0 | AG14: 0 | AH14: 0 | AI14: 0 | AJ14: 0 | AK14: 0 | AL14: 0 | AM14: 0 | AN14: 0 | AO14: 0 | AP14: 0 | AQ14: 0 | AR14: 0 | AS14: 0 | AT14: 0 | AU14: 0 | AV14: 0 | AW14: 0 | AX14: 0 | AY14: 0
A15: 12 | B15: III.Các khoản phải thu ngắn hạn | C15: 5 | D15: 583090168909 | E15: 574635526390 | F15: 579654385119 | G15: 580152986487 | H15: 574090844955 | I15: 572033698810 | J15: 578204061657 | K15: 371354860764 | L15: 370080496191 | M15: 373899944419 | N15: 379563072845 | O15: 366657577174 | P15: 369266414406 | Q15: 347038625933 | R15: 356134424988 | S15: 351164566423 | T15: 337425900496 | U15: 332415377962 | V15: 307565424035 | W15: 308695850381 | X15: 314557732124 | Y15: 314155195386 | Z15: 285297966348 | AA15: 393325694531 | AB15: 360444652190 | AC15: 346735780052 | AD15: 314877277638 | AE15: 254854875792 | AF15: 258356225773 | AG15: 288750692005 | AH15: 295019567188 | AI15: 303397690711 | AJ15: 280722229912 | AK15: 318211148963 | AL15: 311455177330 | AM15: =SUM(AM16:AM22) -> 316868469942 | AN15: 294283662527 | AO15: 277719968888 | AP15: 297405577345 | AQ15: 303674749988 | AR15: 304477407097 | AS15: 308711681498 | AT15: 200469936704 | AU15: 222854636431 | AV15: 249167765476 | AW15: 246057656184 | AX15: 323215272934 | AY15: 292036709951 | AZ15: =SUM(AZ16:AZ22) -> 220033096514 | BA15: =SUM(BA16:BA22) -> 264758570553 | BB15: =SUM(BB16:BB22) -> 314044742217 | BC15: =SUM(BC16:BC22) -> 300175012111 | BD15: =SUM(BD16:BD22) -> 355551041672 | BE15: =SUM(BE16:BE22) -> 347420810569 | BF15: =SUM(BF16:BF22) -> 326074813439 | BG15: =SUM(BG16:BG22) -> 416521420158 | ... BJ15: =SUM(BJ16:BJ22) -> 279428206352 | BK15: 293560124180 | BL15: 263624916145 | BM15: 289980302579 | BN15: 331342767193 | BO15: 329741435832 | BP15: 417392857129 | BQ15: 310082966155
A16: 13 | B16: 1.Phải thu ngắn hạn của khách hàng | C16: 5 | D16: 571116397848 | E16: 11245292216 | F16: 15856223874 | G16: 11853022983 | H16: 4837569782 | I16: 6108714016 | J16: 18273784195 | K16: 6649601466 | L16: 6537064622 | M16: 14808496229 | N16: 23891683442 | O16: 33185427033 | P16: 42838925726 | Q16: 40209422110 | R16: 42161135861 | S16: 46509292431 | T16: 53272379708 | U16: 46733674531 | V16: 46987053150 | W16: 46192969621 | X16: 46575900326 | Y16: 51157219350 | Z16: 52837953862 | AA16: 366019034353 | AB16: 346550500356 | AC16: 331740967976 | AD16: 114960287290 | AE16: 82538799028 | AF16: 76951932726 | AG16: 75528601013 | AH16: 74743149460 | AI16: 77570626810 | AJ16: 83261973464 | AK16: 111015808616 | AL16: 116221372072 | AM16: 121096083260 | AN16: 122887480695 | AO16: 127016253433 | AP16: 139011604932 | AQ16: 152040845787 | AR16: 161172642369 | AS16: 159378679498 | AT16: 97722288447 | AU16: 120989360950 | AV16: 150031537677 | AW16: 147739603288 | AX16: 148202432891 | AY16: 152669364944 | AZ16: 108322209217 | BA16: 161139219719 | BB16: 202956915270 | BC16: 159438788675 | BD16: 170977391735 | BE16: 157629418587 | BF16: 156235244643 | BG16: 193809016663 | BH16: 162064070219 | BI16: 155463444706 | BJ16: 157631834549 | BK16: 154342206132 | BL16: 132649296167 | BM16: 140446291758 | BN16: 153248625708 | BO16: 178191270169 | BP16: 178005616424 | BQ16: 169259122091
A17: 14 | B17: 2.Trả trước cho người bán ngắn hạn | C17: 5 | D17: 6523854606 | E17: 8840317719 | F17: 9301534244 | G17: 18808203504 | H17: 19752159173 | I17: 20584484794 | J17: 13954080202 | K17: 16174952449 | L17: 16056294580 | M17: 17236756406 | N17: 12406025016 | O17: 8810297275 | P17: 12572821244 | Q17: 12985734332 | R17: 18637216896 | S17: 19362255108 | T17: 34524039024 | U17: 34861611746 | V17: 34722306504 | W17: 35591679393 | X17: 39721501993 | Y17: 33128809245 | Z17: 31174041516 | AA17: 22344097062 | AB17: 20916211061 | AC17: 21954342423 | AD17: 18757049149 | AE17: 23651627792 | AF17: 22917215700 | AG17: 22524331312 | AH17: 23699255018 | AI17: 25626123009 | AJ17: 27607049863 | AK17: 35640431515 | AL17: 18752744712 | AM17: 38776401474 | AN17: 19316587120 | AO17: 17454753549 | AP17: 16813944743 | AQ17: 18608309535 | AR17: 18405763308 | AS17: 16327636020 | AT17: 15257741813 | AU17: 14294350015 | AV17: 10832801685 | AW17: 9551925778 | AX17: 10191021053 | AY17: 23997890529 | AZ17: 17386959101 | BA17: 22390625492 | BB17: 24711414335 | BC17: 29713189366 | BD17: 63705294804 | BE17: 67384127297 | BF17: 62294223986 | BG17: 80801800470 | BH17: 83665862400 | BI17: 77870421089 | BJ17: 63335376460 | BK17: 67613421375 | BL17: 75878310145 | BM17: 82113512006 | BN17: 95312309944 | BO17: 77634941776 | BP17: 162931057926 | BQ17: 49662085677
A18: 15 | B18: 3.Phải thu nội bộ ngắn hạn | C18: 5 | D18: 0 | E18: 0 | F18: 0 | G18: 0 | H18: 0 | I18: 0 | J18: 0 | K18: 0 | L18: 0 | M18: 0 | N18: 0 | O18: 0 | P18: 0 | Q18: 0 | R18: 0 | S18: 0 | T18: 0 | U18: 0 | V18: 0 | W18: 0 | X18: 0 | Y18: 0 | Z18: 0 | AA18: 0 | AB18: 0 | AC18: 0 | AD18: 0 | AE18: 0 | AF18: 0 | AG18: 0 | AH18: 0 | AI18: 0 | AJ18: 0 | AK18: 0 | AL18: 0 | AM18: 0 | AN18: 0 | AO18: 0 | AP18: 0 | AQ18: 0 | AR18: 0 | AS18: 0 | AT18: 0 | AU18: 0 | AV18: 0 | AW18: 0 | AX18: 0 | AY18: 0 | AZ18: 0 | BA18: 0 | BB18: 0 | BC18: 0 | BD18: 0 | BE18: 0 | BF18: 0 | BG18: 0 | BH18: 0 | BI18: 0 | BJ18: 0
A19: 16 | B19: 4.Phải thu theo tiến độ hợp đồng xây dựng | C19: 5 | D19: 0 | E19: 0 | F19: 0 | G19: 0 | H19: 0 | I19: 0 | J19: 0 | K19: 0 | L19: 0 | M19: 0 | N19: 0 | O19: 0 | P19: 0 | Q19: 0 | R19: 0 | S19: 0 | T19: 0 | U19: 0 | V19: 0 | W19: 0 | X19: 0 | Y19: 0 | Z19: 0 | AA19: 0 | AB19: 0 | AC19: 0 | AD19: 0 | AE19: 0 | AF19: 0 | AG19: 0 | AH19: 0 | AI19: 0 | AJ19: 0 | AK19: 0 | AL19: 0 | AM19: 0 | AN19: 0 | AO19: 0 | AP19: 0 | AQ19: 0 | AR19: 0 | AS19: 0 | AT19: 0 | AU19: 0 | AV19: 0 | AW19: 0 | AX19: 0 | AY19: 0 | AZ19: 0 | BA19: 0 | BB19: 0 | BC19: 0 | BD19: 0 | BE19: 0 | BF19: 0 | BG19: 0 | BH19: 0 | BI19: 0 | BJ19: 0
A20: 17 | B20: 5.Phải thu ngắn hạn khác | C20: 5 | D20: 5449916455 | E20: 554549916455 | F20: 554496627001 | G20: 549491760000 | H20: 549501116000 | I20: 545340500000 | J20: 545976197260 | K20: 348530306849 | L20: 347487136989 | M20: 341854691784 | N20: 343265364387 | O20: 324394336305 | P20: 310143488382 | Q20: 290132290437 | R20: 291624893177 | S20: 281581839830 | T20: 245918302710 | U20: 247108912631 | V20: 222144885327 | W20: 223200022313 | X20: 224549150751 | Y20: 226157987737 | Z20: 197574791916 | AA20: 6706262043 | AB20: 8169517329 | AC20: 8232046209 | AD20: 196351517755 | AE20: 163856025528 | AF20: 173678653903 | AG20: 192441458607 | AH20: 198320861637 | AI20: 200200940892 | AJ20: 169853206585 | AK20: 171554908832 | AL20: 176481060546 | AM20: 156995985208 | AN20: 152604203987 | AO20: 133773571181 | AP20: 133678635526 | AQ20: 125124202522 | AR20: 125423610695 | AS20: 133529975255 | AT20: 88014515719 | AU20: 88095534741 | AV20: 88828035389 | AW20: 89290736393 | AX20: 165346428265 | AY20: 115369454478 | AZ20: 94323928196 | BA20: 81228725342 | BB20: 86376412612 | BC20: 111023034070 | BD20: 120868355133 | BE20: 122407264685 | BF20: 107545344810 | BG20: 141910603025 | BH20: 99433070224 | BI20: 68428247121 | BJ20: 58460995343 | BK20: 72213592373 | BL20: 54586491575 | BM20: 66773872669 | BN20: 82135205395 | BO20: 73268597741 | BP20: 76382324781 | BQ20: 91770854087
A21: 18 | B21: 6.Dự phòng phải thu ngắn hạn khó đòi (*) | C21: 5 | D21: 0 | E21: 0 | F21: 0 | G21: 0 | H21: 0 | I21: 0 | J21: 0 | K21: 0 | L21: 0 | M21: 0 | N21: 0 | O21: 0 | P21: 0 | Q21: 0 | R21: 0 | S21: 0 | T21: 0 | U21: 0 | V21: 0 | W21: 0 | X21: 0 | Y21: 0 | Z21: 0 | AA21: -1743698927 | AB21: -1743698927 | AC21: -1743698927 | AD21: -1743698927 | AE21: -1743698927 | AF21: -1743698927 | AG21: -1743698927 | AH21: -1743698927 | AI21: 0 | AJ21: 0 | AK21: 0 | AL21: 0 | AM21: 0 | AN21: 0 | AO21: 0 | AP21: 0 | AQ21: 0 | AR21: 0 | AS21: 0 | AT21: 0 | AU21: 0 | AV21: 0 | AW21: 0 | AX21: 0 | AY21: 0 | AZ21: 0 | BA21: 0 | BB21: 0 | BC21: 0 | BD21: 0 | BE21: 0 | BF21: 0 | BG21: 0 | BH21: 0 | BI21: 0 | BJ21: 0 | BK21: -609095700 | BL21: -609095700 | BM21: -609095700 | BN21: -609095700 | BO21: -609095700 | BP21: -609095700 | BQ21: -609095700
A22: 19 | B22: 7.Tài sản thiếu chờ xử lý | C22: 5 | D22: 0 | E22: 0 | F22: 0 | G22: 0 | H22: 0 | I22: 0 | J22: 0 | K22: 0 | L22: 0 | M22: 0 | N22: 0 | O22: 267516561 | P22: 3711179054 | Q22: 3711179054 | R22: 3711179054 | S22: 3711179054 | T22: 3711179054 | U22: 3711179054 | V22: 3711179054 | W22: 3711179054 | X22: 3711179054 | Y22: 3711179054 | Z22: 3711179054 | AA22: 0 | AB22: -13447877629 | AC22: -13447877629 | AD22: -13447877629 | AE22: -13447877629 | AF22: -13447877629 | AG22: 0 | AH22: 0 | AI22: 0 | AJ22: 0 | AK22: 0 | AL22: 0 | AN22: -524609275 | AO22: -524609275 | AP22: 7901392144 | AQ22: 7901392144 | AR22: -524609275 | AS22: -524609275 | AT22: -524609275 | AU22: -524609275 | AV22: -524609275 | AW22: -524609275 | AX22: -524609275 | AY22: 0 | AZ22: 0 | BA22: 0 | BB22: 0 | BC22: 0 | BD22: 0 | BE22: 0 | BF22: 0 | BG22: 0 | BH22: 0 | BI22: 0 | BJ22: 0 | BK22: 0 | BL22: 1119913958 | BM22: 1255721846 | BN22: 1255721846 | BO22: 1255721846 | BP22: 682953698 | BQ22: 0
A23: 20 | B23: IV. Hàng tồn kho | C23: 5 | D23: 22640840422 | E23: 24415218988 | F23: 26498172124 | G23: 34682793625 | H23: 44709711264 | I23: 47275848380 | J23: 47653018372 | K23: 46032587439 | L23: 46148656772 | M23: 45809647414 | N23: 56906779913 | O23: 71650856326 | P23: 82706082474 | Q23: 90142332135 | R23: 106212278520 | S23: 129998785280 | T23: 163378971965 | U23: 185439599732 | V23: 195978830536 | W23: 195205377630 | X23: 187734490096 | Y23: 200852894094 | Z23: 219068154486 | AA23: 193819687801 | AB23: 214379170076 | AC23: 232092273214 | AD23: 237508877159 | AE23: 241821396518 | AF23: 247116136805 | AG23: 268484485479 | AH23: 275124136485 | AI23: 264624812102 | AJ23: 265818411834 | AK23: 273657995371 | AL23: 314192815161 | AM23: 368903112653 | AN23: 406821244018 | AO23: 413788449441 | AP23: 455747162045 | AQ23: 496057122616 | AR23: 541180364701 | AS23: 600190018005 | AT23: 619776297407 | AU23: 559053982584 | AV23: 549140904407 | AW23: 546574238545 | AX23: 588008826045 | AY23: 605821152798 | AZ23: 566809475589 | BA23: 483821147048 | BB23: 468355569440 | BC23: 522665513478 | BD23: 526499028418 | BE23: 543591846704 | BF23: 548599437580 | BG23: 548273459394 | BH23: 564202481203 | BI23: 551227150950 | BJ23: 550570669746 | BK23: 562435021579 | BL23: 534105826237 | BM23: 502545827363 | BN23: 425450972162 | BO23: 370413533224 | BP23: 361880765551 | BQ23: 388348343836
A24: 21 | B24: 1.Hàng tồn kho | C24: 5 | D24: 22640840422 | E24: 24415218988 | F24: 26498172124 | G24: 34682793625 | H24: 44709711264 | I24: 47275848380 | J24: 47653018372 | K24: 46032587439 | L24: 46148656772 | M24: 45809647414 | N24: 56906779913 | O24: 71650856326 | P24: 82706082474 | Q24: 90142332135 | R24: 106212278520 | S24: 129998785280 | T24: 163378971965 | U24: 185439599732 | V24: 195978830536 | W24: 195205377630 | X24: 187734490096 | Y24: 200852894094 | Z24: 219068154486 | AA24: 193819687801 | AB24: 214379170076 | AC24: 232092273214 | AD24: 237508877159 | AE24: 241821396518 | AF24: 247116136805 | AG24: 268484485479 | AH24: 275124136485 | AI24: 264624812102 | AJ24: 265818411834 | AK24: 273657995371 | AL24: 314192815161 | AM24: 368903112653 | AN24: 406821244018 | AO24: 413788449441 | AP24: 455747162045 | AQ24: 496057122616 | AR24: 541180364701 | AS24: 600190018005 | AT24: 619776297407 | AU24: 559053982584 | AV24: 549140904407 | AW24: 546574238545 | AX24: 588008826045 | AY24: 605821152798 | AZ24: 566809475589 | BA24: 483821147048 | BB24: 468355569440 | BC24: 522665513478 | BD24: 526499028418 | BE24: 543591846704 | BF24: 548599437580 | BG24: 548273459394 | BH24: 564202481203 | BI24: 551227150950 | BJ24: 550570669746 | BK24: 562435021579 | BL24: 534105826237 | BM24: 502545827363 | BN24: 425450972162 | BO24: 370413533224 | BP24: 361880765551 | BQ24: 388348343836
A25: 22 | B25: 2.Dự phòng giảm giá hàng tồn kho (*) | C25: 5 | D25: 0 | E25: 0 | F25: 0 | G25: 0 | H25: 0 | I25: 0 | J25: 0 | K25: 0 | L25: 0 | M25: 0 | N25: 0 | O25: 0 | P25: 0 | Q25: 0 | R25: 0 | S25: 0 | T25: 0 | U25: 0 | V25: 0 | W25: 0 | X25: 0 | Y25: 0 | Z25: 0 | AA25: 0 | AB25: 0 | AC25: 0 | AD25: 0 | AE25: 0 | AF25: 0 | AG25: 0 | AH25: 0 | AI25: 0 | AJ25: 0 | AK25: 0 | AL25: 0 | AM25: 0 | AN25: 0 | AO25: 0 | AP25: 0 | AQ25: 0 | AR25: 0 | AS25: 0 | AT25: 0 | AU25: 0 | AV25: 0 | AW25: 0 | AX25: 0 | AY25: 0 | AZ25: 0 | BA25: 0 | BB25: 0 | BC25: 0 | BD25: 0 | BE25: 0 | BF25: 0 | BG25: 0 | BH25: 0 | BI25: 0 | BJ25: 0
A26: 23 | B26: V. Tài sản sinh học ngắn hạn | C26: 5 | D26: 0 | E26: 0 | F26: 0 | G26: 0 | H26: 0 | I26: 0 | J26: 0 | K26: 0 | L26: 0 | M26: 0 | N26: 0 | O26: 0 | P26: 0 | Q26: 0 | R26: 0 | S26: 0 | T26: 0 | U26: 0 | V26: 0 | W26: 0 | X26: 0 | Y26: 0 | Z26: 0 | AA26: 0 | AB26: 0 | AC26: 0 | AD26: 0 | AE26: 0 | AF26: 0 | AG26: 0 | AH26: 0 | AI26: 0 | AJ26: 0 | AK26: 0 | AL26: 0 | AM26: 0 | AN26: 0 | AO26: 0 | AP26: 0 | AQ26: 0 | AR26: 0 | AS26: 0 | AT26: 0 | AU26: 0 | AV26: 0 | AW26: 0 | AX26: 0 | AY26: 0
A27: 24 | B27: 1.Súc vật nuôi lấy sản phẩm một lần ngắn hạn | C27: 5 | D27: 0 | E27: 0 | F27: 0 | G27: 0 | H27: 0 | I27: 0 | J27: 0 | K27: 0 | L27: 0 | M27: 0 | N27: 0 | O27: 0 | P27: 0 | Q27: 0 | R27: 0 | S27: 0 | T27: 0 | U27: 0 | V27: 0 | W27: 0 | X27: 0 | Y27: 0 | Z27: 0 | AA27: 0 | AB27: 0 | AC27: 0 | AD27: 0 | AE27: 0 | AF27: 0 | AG27: 0 | AH27: 0 | AI27: 0 | AJ27: 0 | AK27: 0 | AL27: 0 | AM27: 0 | AN27: 0 | AO27: 0 | AP27: 0 | AQ27: 0 | AR27: 0 | AS27: 0 | AT27: 0 | AU27: 0 | AV27: 0 | AW27: 0 | AX27: 0 | AY27: 0
A28: 25 | B28: 2.Cây trồng theo mùa vụ hoặc lấy sản phẩm một lần ngắn hạn | C28: 5 | D28: 0 | E28: 0 | F28: 0 | G28: 0 | H28: 0 | I28: 0 | J28: 0 | K28: 0 | L28: 0 | M28: 0 | N28: 0 | O28: 0 | P28: 0 | Q28: 0 | R28: 0 | S28: 0 | T28: 0 | U28: 0 | V28: 0 | W28: 0 | X28: 0 | Y28: 0 | Z28: 0 | AA28: 0 | AB28: 0 | AC28: 0 | AD28: 0 | AE28: 0 | AF28: 0 | AG28: 0 | AH28: 0 | AI28: 0 | AJ28: 0 | AK28: 0 | AL28: 0 | AM28: 0 | AN28: 0 | AO28: 0 | AP28: 0 | AQ28: 0 | AR28: 0 | AS28: 0 | AT28: 0 | AU28: 0 | AV28: 0 | AW28: 0 | AX28: 0 | AY28: 0
A29: 26 | B29: 3.Dự phòng tổn thất tài sản sinh học ngắn hạn (*) | C29: 5 | D29: 0 | E29: 0 | F29: 0 | G29: 0 | H29: 0 | I29: 0 | J29: 0 | K29: 0 | L29: 0 | M29: 0 | N29: 0 | O29: 0 | P29: 0 | Q29: 0 | R29: 0 | S29: 0 | T29: 0 | U29: 0 | V29: 0 | W29: 0 | X29: 0 | Y29: 0 | Z29: 0 | AA29: 0 | AB29: 0 | AC29: 0 | AD29: 0 | AE29: 0 | AF29: 0 | AG29: 0 | AH29: 0 | AI29: 0 | AJ29: 0 | AK29: 0 | AL29: 0 | AM29: 0 | AN29: 0 | AO29: 0 | AP29: 0 | AQ29: 0 | AR29: 0 | AS29: 0 | AT29: 0 | AU29: 0 | AV29: 0 | AW29: 0 | AX29: 0 | AY29: 0
A30: 27 | B30: VI. Tài sản ngắn hạn khác | C30: 5 | D30: 5314243398 | E30: 6080699504 | F30: 5675443442 | G30: 6125438674 | H30: 8404740511 | I30: 8494741311 | J30: 8916139914 | K30: 26710413192 | L30: 27399882401 | M30: 27226141662 | N30: 28879807729 | O30: 30958179553 | P30: 31389219783 | Q30: 32186724683 | R30: 33833811488 | S30: 36773892175 | T30: 40902724991 | U30: 43653531095 | V30: 44810563156 | W30: 45772154267 | X30: 48034022405 | Y30: 51470376546 | Z30: 55537722150 | AA30: 38196188122 | AB30: 38776985054 | AC30: 41075097228 | AD30: 45117370687 | AE30: 41596951185 | AF30: 45735788339 | AG30: 47103389737 | AH30: 50391945473 | AI30: 52095015441 | AJ30: 49205619205 | AK30: 51840480320 | AL30: 59036767363 | AM30: 41128086110 | AN30: 48329179570 | AO30: 52402682218 | AP30: 53638184536 | AQ30: 60097345927 | AR30: 64480604648 | AS30: 41973464763 | AT30: 46961151962 | AU30: 48551172726 | AV30: 56769861956 | AW30: 59919630029 | AX30: 32117157574 | AY30: 29084385847 | AZ30: 31458565079 | BA30: 32319903285 | BB30: 37507790105 | BC30: 46329177857 | BD30: 54840575232 | BE30: 64471140709 | BF30: 71635917962 | BG30: 42927415798 | BH30: 44075420678 | BI30: 43372545654 | BJ30: 41368771158 | BK30: 19547112019 | BL30: 21453377952 | BM30: 24154779219 | BN30: 25221641625 | BO30: 26322155642 | BP30: 31960741740 | BQ30: 45761413509
A31: 28 | B31: 1.Chi phí chờ phân bổ ngắn hạn | C31: 5 | D31: 113920351 | E31: 94216760 | F31: 80384419 | G31: 60147078 | H31: 281847184 | I31: 255164290 | J31: 228481396 | K31: 201798502 | L31: 252235061 | M31: 260230306 | N31: 888993241 | O31: 907518876 | P31: 940252890 | Q31: 1040629462 | R31: 1046446719 | S31: 1010849671 | T31: 1471987794 | U31: 2225397509 | V31: 2354562379 | W31: 2407816714 | X31: 3022705182 | Y31: 2886832646 | Z31: 3574188446 | AA31: 2848864662 | AB31: 2433524948 | AC31: 2949595697 | AD31: 2636870885 | AE31: 2566632714 | AF31: 2509161957 | AG31: 2767731909 | AH31: 3160400459 | AI31: 3221096592 | AJ31: 3722160941 | AK31: 4095876199 | AL31: 5294410252 | AM31: 5769288291 | AN31: 6276274640 | AO31: 8206749833 | AP31: 7285401121 | AQ31: 8306063236 | AR31: 7856773292 | AS31: 9119226098 | AT31: 10668355095 | AU31: 10679688406 | AV31: 11891411206 | AW31: 10950384630 | AX31: 10029655608 | AY31: 8392710436 | AZ31: 8670624950 | BA31: 9360600777 | BB31: 8963443599 | BC31: 8040678677 | BD31: 6574180345 | BE31: 12024899748 | BF31: 13100177953 | BG31: 13938259781 | BH31: 11177477784 | BI31: 9268450110 | BJ31: 6953960350 | BK31: 6855293515 | BL31: 6232956370 | BM31: 5669668845 | BN31: 6281586071 | BO31: 7111878966 | BP31: 7978130611 | BQ31: 7520241462
A32: 29 | B32: 2.Thuế GTGT được khấu trừ | C32: 5 | D32: 4945420208 | E32: 5731579905 | F32: 5595059023 | G32: 6047726478 | H32: 8122893327 | I32: 8239577021 | J32: 8687658518 | K32: 26508614690 | L32: 27147647340 | M32: 26965911356 | N32: 27990814488 | O32: 29650114756 | P32: 30448966893 | Q32: 31146095221 | R32: 32787364769 | S32: 35763042504 | T32: 39429487284 | U32: 41426883673 | V32: 42456000777 | W32: 43364337553 | X32: 45011317223 | Y32: 48583543900 | Z32: 51963533704 | AA32: 35347323460 | AB32: 36343460106 | AC32: 38125501531 | AD32: 42480499802 | AE32: 37090547319 | AF32: 41231439376 | AG32: 44335657828 | AH32: 47231545014 | AI32: 48873918849 | AJ32: 45483458264 | AK32: 47744604121 | AL32: 53742357111 | AM32: 35358797819 | AN32: 42052904930 | AO32: 44107343223 | AP32: 46297685706 | AQ32: 51762654946 | AR32: 56579510013 | AS32: 32789088899 | AT32: 36250538837 | AU32: 37779613794 | AV32: 44829865745 | AW32: 48921405825 | AX32: 22042451541 | AY32: 20691675411 | AZ32: 22787940129 | BA32: 22955432475 | BB32: 28544346506 | BC32: 38288499180 | BD32: 48266394887 | BE32: 52446240961 | BF32: 58535740009 | BG32: 28989156017 | BH32: 32897942894 | BI32: 34104095544 | BJ32: 34414810808 | BK32: 12691818504 | BL32: 14900314879 | BM32: 18117486770 | BN32: 18457562435 | BO32: 18721692095 | BP32: 23467402224 | BQ32: 38241172047
A33: 30 | B33: 3.Thuế và các khoản khác phải thu Nhà nước | C33: 5 | D33: 254902839 | E33: 254902839 | F33: 0 | G33: 17565118 | H33: 0 | I33: 0 | J33: 0 | K33: 0 | L33: 0 | M33: 0 | N33: 0 | O33: 400545921 | P33: 0 | Q33: 0 | R33: 0 | S33: 0 | T33: 1249913 | U33: 1249913 | V33: 0 | W33: 0 | X33: 0 | Y33: 0 | Z33: 0 | AA33: 0 | AB33: 0 | AC33: 0 | AD33: 0 | AE33: 1939771152 | AF33: 1995187006 | AG33: 0 | AH33: 0 | AI33: 0 | AJ33: 0 | AK33: 0 | AL33: 0 | AM33: 0 | AN33: 0 | AO33: 88589162 | AP33: 55097709 | AQ33: 28627745 | AR33: 44321343 | AS33: 65149766 | AT33: 42258030 | AU33: 91870526 | AV33: 48585005 | AW33: 47839574 | AX33: 45050425 | AY33: 0 | AZ33: 0 | BA33: 3870033 | BB33: 0 | BC33: 0 | BD33: 0 | BE33: 0 | BF33: 0 | BG33: 0 | BH33: 0 | BI33: 0 | BJ33: 0 | BL33: 320106703 | BM33: 367623604 | BN33: 482493119 | BO33: 488584581 | BP33: 515208905
A34: 31 | B34: 4.Giao dịch mua bán lại trái phiếu Chính phủ | C34: 5 | D34: 0 | E34: 0 | F34: 0 | G34: 0 | H34: 0 | I34: 0 | J34: 0 | K34: 0 | L34: 0 | M34: 0 | N34: 0 | O34: 0 | P34: 0 | Q34: 0 | R34: 0 | S34: 0 | T34: 0 | U34: 0 | V34: 0 | W34: 0 | X34: 0 | Y34: 0 | Z34: 0 | AA34: 0 | AB34: 0 | AC34: 0 | AD34: 0 | AE34: 0 | AF34: 0 | AG34: 0 | AH34: 0 | AI34: 0 | AJ34: 0 | AK34: 0 | AL34: 0 | AM34: 0 | AN34: 0 | AO34: 0 | AP34: 0 | AQ34: 0 | AR34: 0 | AS34: 0 | AT34: 0 | AU34: 0 | AV34: 0 | AW34: 0 | AX34: 0 | AY34: 0 | AZ34: 0 | BA34: 0 | BB34: 0 | BC34: 0 | BD34: 0 | BE34: 0 | BF34: 0 | BG34: 0 | BH34: 0 | BI34: 0 | BJ34: 0
A35: 32 | B35: 5.Tài sản ngắn hạn khác | C35: 5 | D35: 0 | E35: 0 | F35: 0 | G35: 0 | H35: 0 | I35: 0 | J35: 0 | K35: 0 | L35: 0 | M35: 0 | N35: 0 | O35: 0 | P35: 0 | Q35: 0 | R35: 0 | S35: 0 | T35: 0 | U35: 0 | V35: 0 | W35: 0 | X35: 0 | Y35: 0 | Z35: 0 | AA35: 0 | AB35: 0 | AC35: 0 | AD35: 0 | AE35: 0 | AF35: 0 | AG35: 0 | AH35: 0 | AI35: 0 | AJ35: 0 | AK35: 0 | AL35: 0 | AM35: 0 | AN35: 0 | AO35: 0 | AP35: 0 | AQ35: 0 | AR35: 0 | AS35: 0 | AT35: 0 | AU35: 0 | AV35: 0 | AW35: 0 | AX35: 0 | AY35: 0 | AZ35: 0 | BA35: 0 | BB35: 0 | BC35: 0 | BD35: 0 | BE35: 0 | BF35: 0 | BG35: 0 | BH35: 0 | BI35: 0 | BJ35: 0
A36: 33 | B36: B-TÀI SẢN DÀI HẠN | C36: 5 | D36: 86880633442 | E36: 94747583376 | F36: 96067304286 | G36: 96848533626 | H36: 101230167312 | I36: 102383852541 | J36: 114536712032 | K36: 291833091169 | L36: 294902635908 | M36: 293648092565 | N36: 295080352755 | O36: 298129911569 | P36: 303264863543 | Q36: 303407795286 | R36: 301700774855 | S36: 308774390060 | T36: 316298750510 | U36: 323784583220 | V36: 329223426458 | W36: 334959181760 | X36: 349795170793 | Y36: 365984624129 | Z36: 378041902934 | AA36: 204283691303 | AB36: 208231581626 | AC36: 210978078121 | AD36: 216766563234 | AE36: 221271328748 | AF36: 239086746684 | AG36: 241129920093 | AH36: 246491575279 | AI36: 248549355566 | AJ36: 249202945670 | AK36: 260910890965 | AL36: 268719490169 | AM36: =AM44+AM66+AM76 -> 275488564192 | AN36: 274624562032 | AO36: 272308792463 | AP36: 271203283116 | AQ36: 270904814396 | AR36: 269907328559 | AS36: 270747087858 | AT36: 268779207254 | AU36: 274334422235 | AV36: 273134422792 | AW36: 272293558516 | AX36: 273153529742 | AY36: 285939000851 | AZ36: 289379194755 | BA36: 285515570351 | BB36: 287407502163 | BC36: 294777015341 | BD36: 299380289162 | BE36: 300166972168 | BF36: 296753996838 | BG36: 296192973827 | BH36: 304334630215 | BI36: 316482947135 | BJ36: 315796830828 | BK36: 320800563599 | BL36: 317415705891 | BM36: 337499929442 | BN36: 343594894451 | BO36: 365048803536 | BP36: 365314011891 | BQ36: 495399222088
A37: 34 | B37: I.Các khoản phải thu dài hạn | C37: 5 | D37: 0 | E37: 0 | F37: 0 | G37: 0 | H37: 0 | I37: 0 | J37: 0 | K37: 0 | L37: 0 | M37: 0 | N37: 0 | O37: 0 | P37: 0 | Q37: 0 | R37: 0 | S37: 0 | T37: 0 | U37: 0 | V37: 0 | W37: 0 | X37: 0 | Y37: 0 | Z37: 0 | AA37: 0 | AB37: 0 | AC37: 0 | AD37: 0 | AE37: 0 | AF37: 0 | AG37: 0 | AH37: 0 | AI37: 0 | AJ37: 0 | AK37: 0 | AL37: 0 | AM37: 0 | AN37: 0 | AO37: 0 | AP37: 0 | AQ37: 0 | AR37: 0 | AS37: 0 | AT37: 0 | AU37: 0 | AV37: 0 | AW37: 0 | AX37: 0 | AY37: 5600000000 | AZ37: 5600000000 | BA37: 5600000000 | BB37: 5600000000 | BC37: 5600000000 | BD37: 5600000000 | BE37: 5600000000 | BF37: 5600000000 | BG37: 5600000000 | BH37: 5600000000 | BI37: 5600000000 | BJ37: 5600000000 | BK37: 5600000000 | BL37: 5315314211 | BM37: 5315314211 | BN37: 5315314211 | BO37: 5315314210 | BP37: 5315314210 | BQ37: 5315314210
A38: 35 | B38: 1.Phải thu dài hạn của khách hàng | C38: 5 | D38: 0 | E38: 0 | F38: 0 | G38: 0 | H38: 0 | I38: 0 | J38: 0 | K38: 0 | L38: 0 | M38: 0 | N38: 0 | O38: 0 | P38: 0 | Q38: 0 | R38: 0 | S38: 0 | T38: 0 | U38: 0 | V38: 0 | W38: 0 | X38: 0 | Y38: 0 | Z38: 0 | AA38: 0 | AB38: 0 | AC38: 0 | AD38: 0 | AE38: 0 | AF38: 0 | AG38: 0 | AH38: 0 | AI38: 0 | AJ38: 0 | AK38: 0 | AL38: 0 | AM38: 0 | AN38: 0 | AO38: 0 | AP38: 0 | AQ38: 0 | AR38: 0 | AS38: 0 | AT38: 0 | AU38: 0 | AV38: 0 | AW38: 0 | AX38: 0 | AY38: 0 | AZ38: 0 | BA38: 0 | BB38: 0 | BC38: 0 | BD38: 0 | BE38: 0 | BF38: 0 | BG38: 0 | BH38: 0 | BI38: 0 | BJ38: 0
A39: 36 | B39: 2.Trả trước cho người bán dài hạn | C39: 5 | D39: 0 | E39: 0 | F39: 0 | G39: 0 | H39: 0 | I39: 0 | J39: 0 | K39: 0 | L39: 0 | M39: 0 | N39: 0 | O39: 0 | P39: 0 | Q39: 0 | R39: 0 | S39: 0 | T39: 0 | U39: 0 | V39: 0 | W39: 0 | X39: 0 | Y39: 0 | Z39: 0 | AA39: 0 | AB39: 0 | AC39: 0 | AD39: 0 | AE39: 0 | AF39: 0 | AG39: 0 | AH39: 0 | AI39: 0 | AJ39: 0 | AK39: 0 | AL39: 0 | AM39: 0 | AN39: 0 | AO39: 0 | AP39: 0 | AQ39: 0 | AR39: 0 | AS39: 0 | AT39: 0 | AU39: 0 | AV39: 0 | AW39: 0 | AX39: 0 | AY39: 0 | AZ39: 0 | BA39: 0 | BB39: 0 | BC39: 0 | BD39: 0 | BE39: 0 | BF39: 0 | BG39: 0 | BH39: 0 | BI39: 0 | BJ39: 0
A40: 37 | B40: 3.Vốn kinh doanh ở đơn vị trực thuộc | C40: 5 | D40: 0 | E40: 0 | F40: 0 | G40: 0 | H40: 0 | I40: 0 | J40: 0 | K40: 0 | L40: 0 | M40: 0 | N40: 0 | O40: 0 | P40: 0 | Q40: 0 | R40: 0 | S40: 0 | T40: 0 | U40: 0 | V40: 0 | W40: 0 | X40: 0 | Y40: 0 | Z40: 0 | AA40: 0 | AB40: 0 | AC40: 0 | AD40: 0 | AE40: 0 | AF40: 0 | AG40: 0 | AH40: 0 | AI40: 0 | AJ40: 0 | AK40: 0 | AL40: 0 | AM40: 0 | AN40: 0 | AO40: 0 | AP40: 0 | AQ40: 0 | AR40: 0 | AS40: 0 | AT40: 0 | AU40: 0 | AV40: 0 | AW40: 0 | AX40: 0 | AY40: 0 | AZ40: 0 | BA40: 0 | BB40: 0 | BC40: 0 | BD40: 0 | BE40: 0 | BF40: 0 | BG40: 0 | BH40: 0 | BI40: 0 | BJ40: 0
A41: 38 | B41: 4.Phải thu nội bộ dài hạn | C41: 5 | D41: 0 | E41: 0 | F41: 0 | G41: 0 | H41: 0 | I41: 0 | J41: 0 | K41: 0 | L41: 0 | M41: 0 | N41: 0 | O41: 0 | P41: 0 | Q41: 0 | R41: 0 | S41: 0 | T41: 0 | U41: 0 | V41: 0 | W41: 0 | X41: 0 | Y41: 0 | Z41: 0 | AA41: 0 | AB41: 0 | AC41: 0 | AD41: 0 | AE41: 0 | AF41: 0 | AG41: 0 | AH41: 0 | AI41: 0 | AJ41: 0 | AK41: 0 | AL41: 0 | AM41: 0 | AN41: 0 | AO41: 0 | AP41: 0 | AQ41: 0 | AR41: 0 | AS41: 0 | AT41: 0 | AU41: 0 | AV41: 0 | AW41: 0 | AX41: 0 | AY41: 0 | AZ41: 0 | BA41: 0 | BB41: 0 | BC41: 0 | BD41: 0 | BE41: 0 | BF41: 0 | BG41: 0 | BH41: 0 | BI41: 0 | BJ41: 0
A42: 39 | B42: 5.Phải thu dài hạn khác | C42: 5 | D42: 0 | E42: 0 | F42: 0 | G42: 0 | H42: 0 | I42: 0 | J42: 0 | K42: 0 | L42: 0 | M42: 0 | N42: 0 | O42: 0 | P42: 0 | Q42: 0 | R42: 0 | S42: 0 | T42: 0 | U42: 0 | V42: 0 | W42: 0 | X42: 0 | Y42: 0 | Z42: 0 | AA42: 0 | AB42: 0 | AC42: 0 | AD42: 0 | AE42: 0 | AF42: 0 | AG42: 0 | AH42: 0 | AI42: 0 | AJ42: 0 | AK42: 0 | AL42: 0 | AM42: 0 | AN42: 0 | AO42: 0 | AP42: 0 | AQ42: 0 | AR42: 0 | AS42: 0 | AT42: 0 | AU42: 0 | AV42: 0 | AW42: 0 | AX42: 0 | AY42: 5600000000 | AZ42: 5600000000 | BA42: 5600000000 | BB42: 5600000000 | BC42: 5600000000 | BD42: 5600000000 | BE42: 5600000000 | BF42: 5600000000 | BG42: 5600000000 | BH42: 5600000000 | BI42: 5600000000 | BJ42: 5600000000 | BK42: 5600000000 | BL42: 5315314211 | BM42: 5315314211 | BN42: 5315314211 | BO42: 5315314210 | BP42: 5315314210 | BQ42: 5315314210
A43: 40 | B43: 6.Dự phòng phải thu dài hạn khó đòi (*) | C43: 5 | D43: 0 | E43: 0 | F43: 0 | G43: 0 | H43: 0 | I43: 0 | J43: 0 | K43: 0 | L43: 0 | M43: 0 | N43: 0 | O43: 0 | P43: 0 | Q43: 0 | R43: 0 | S43: 0 | T43: 0 | U43: 0 | V43: 0 | W43: 0 | X43: 0 | Y43: 0 | Z43: 0 | AA43: 0 | AB43: 0 | AC43: 0 | AD43: 0 | AE43: 0 | AF43: 0 | AG43: 0 | AH43: 0 | AI43: 0 | AJ43: 0 | AK43: 0 | AL43: 0 | AM43: 0 | AN43: 0 | AO43: 0 | AP43: 0 | AQ43: 0 | AR43: 0 | AS43: 0 | AT43: 0 | AU43: 0 | AV43: 0 | AW43: 0 | AX43: 0 | AY43: 0 | AZ43: 0 | BA43: 0 | BB43: 0 | BC43: 0 | BD43: 0 | BE43: 0 | BF43: 0 | BG43: 0 | BH43: 0 | BI43: 0 | BJ43: 0
A44: 41 | B44: II.Tài sản cố định | C44: 5 | D44: 23619009901 | E44: 25016088100 | F44: 49763948248 | G44: 49597223876 | H44: 50829042712 | I44: 50629108185 | J44: 54890399597 | K44: 279071774641 | L44: 277032713430 | M44: 275778170087 | N44: 274130750226 | O44: 273205262317 | P44: 272377973790 | Q44: 270848160447 | R44: 268942944958 | S44: 267946903929 | T44: 267871693079 | U44: 267032884293 | V44: 269059796516 | W44: 293069402978 | X44: 299352041110 | Y44: 300083341706 | Z44: 314989042853 | AA44: 174414315289 | AB44: 172057873371 | AC44: 181414144601 | AD44: 185247648433 | AE44: 185119661882 | AF44: 183550835427 | AG44: 186791426572 | AH44: 186554681855 | AI44: 186140017498 | AJ44: 199458548244 | AK44: 197701621914 | AL44: 200439002848 | AM44: 200719408974 | AN44: 198013903445 | AO44: 195010544683 | AP44: 225730823955 | AQ44: 226001461052 | AR44: 224673388970 | AS44: 221428232280 | AT44: 219409735799 | AU44: 226228538916 | AV44: 223962123590 | AW44: 223016683107 | AX44: 238599188942 | AY44: 236902591180 | AZ44: 233135637012 | BA44: 239769028633 | BB44: 244837616747 | BC44: 241369190811 | BD44: 237349552865 | BE44: 233717444711 | BF44: 229848858132 | BG44: 248058151289 | BH44: 245902729429 | BI44: 244514286341 | BJ44: 247438859420 | BK44: 243859258508 | BL44: 243650467528 | BM44: 244965950858 | BN44: 265786488609 | BO44: 270226692853 | BP44: 268070715296 | BQ44: 274374041696
A45: 42 | B45: 1.Tài sản cố định hữu hình | C45: 5 | D45: 5012175397 | E45: 6450972956 | F45: 31240552464 | G45: 31115547451 | H45: 32389085647 | I45: 32230870480 | J45: 36533881252 | K45: 260026108687 | L45: 258041154411 | M45: 256840718004 | N45: 255247405079 | O45: 254376024104 | P45: 253602842513 | Q45: 252127136105 | R45: 250276027552 | S45: 249334093459 | T45: 249227840376 | U45: 248450879361 | V45: 250539639353 | W45: 274611093583 | X45: 279416322079 | Y45: 280229879304 | Z45: 295217837077 | AA45: 172372655369 | AB45: 170056750719 | AC45: 179334759218 | AD45: 183268200317 | AE45: 183240151035 | AF45: 181704121014 | AG45: 184977508596 | AH45: 184719690314 | AI45: 184338819984 | AJ45: 197691144757 | AK45: 195968012455 | AL45: 198739187416 | AM45: 199053387570 | AN45: 196381676069 | AO45: 193412111334 | AP45: 223734884594 | AQ45: 224051296275 | AR45: 222768998777 | AS45: 219569616674 | AT45: 217596894777 | AU45: 224461472477 | AV45: 222240831735 | AW45: 221341165837 | AX45: 211514900800 | AY45: 209868609863 | AZ45: 206695783278 | BA45: 213923302488 | BB45: 219098407403 | BC45: 216237653798 | BD45: 212825688182 | BE45: 209801252360 | BF45: 206540338107 | BG45: 225357303593 | BH45: 221869598924 | BI45: 221127752277 | BJ45: 224698921799 | BK45: 221765917329 | BL45: 222439215846 | BM45: 223939131389 | BN45: 244944101358 | BO45: 249568737825 | BP45: 247597192480 | BQ45: 254084951096
A46: 43 | B46: Nguyên giá TSCĐ HH | C46: 5 | D46: 5353388782 | E46: 6876588782 | F46: 31771457543 | G46: 31843457543 | H46: 33336565043 | I46: 33399597043 | J46: 37978137919 | K46: 263570241170 | L46: 263683741170 | M46: 264603933170 | N46: 265129717020 | O46: 266402126632 | P46: 267785616064 | Q46: 268472854155 | R46: 268718067155 | S46: 269962587155 | T46: 272070177155 | U46: 273525793231 | V46: 277899672525 | W46: 304387081496 | X46: 311617096499 | Y46: 314922878251 | Z46: 332557727634 | AA46: 200307112557 | AB46: 199952126517 | AC46: 211350395220 | AD46: 217541022153 | AE46: 219918087838 | AF46: 220804558523 | AG46: 226533976537 | AH46: 228841919294 | AI46: 231167379866 | AJ46: 247327983466 | AK46: 248447356880 | AL46: 254065544433 | AM46: 257373867714 | AN46: 257666841694 | AO46: 257666841694 | AP46: 290954799860 | AQ46: 294406461356 | AR46: 296317113552 | AS46: 296312396885 | AT46: 297568396885 | AU46: 307504902865 | AV46: 308673199161 | AW46: 311019813374 | AX46: 288613480028 | AY46: 290150220028 | AZ46: 290186420028 | BA46: 300624510263 | BB46: 309208121569 | BC46: 309236016561 | BD46: 309308233601 | BE46: 309763593785 | BF46: 309740464757 | BG46: 331642753074 | BH46: 331956337304 | BI46: 334828750908 | BJ46: 342175274548 | BK46: 343037991979 | BL46: 346257196159 | BM46: 349675687977 | BN46: 372614337286 | BO46: 379332503103 | BP46: 379507503103 | BQ46: 388140591783
A47: 44 | B47: Giá trị hao mòn luỹ kế TSCĐ HH(*) | C47: 5 | D47: -341213385 | E47: -425615826 | F47: -530905079 | G47: -727910092 | H47: -947479396 | I47: -1168726563 | J47: -1444256667 | K47: -3544132483 | L47: -5642586759 | M47: -7763215166 | N47: -9882311941 | O47: -12026102528 | P47: -14182773551 | Q47: -16345718050 | R47: -18442039603 | S47: -20628493696 | T47: -22842336779 | U47: -25074913870 | V47: -27360033172 | W47: -29775987913 | X47: -32200774420 | Y47: -34692998947 | Z47: -37339890557 | AA47: -27934457188 | AB47: -29895375798 | AC47: -32015636002 | AD47: -34272821836 | AE47: -36677936803 | AF47: -39100437509 | AG47: -41556467941 | AH47: -44122228980 | AI47: -46828559882 | AJ47: -49636838709 | AK47: -52479344425 | AL47: -55326357017 | AM47: -58320480144 | AN47: -61285165625 | AO47: -64254730360 | AP47: -67219915266 | AQ47: -70355165081 | AR47: -73548114775 | AS47: -76742780211 | AT47: -79971502108 | AU47: -83043430388 | AV47: -86432367426 | AW47: -89678647537 | AX47: -77098579228 | AY47: -80281610165 | AZ47: -83490636750 | BA47: -86701207775 | BB47: -90109714166 | BC47: -92998362763 | BD47: -96482545419 | BE47: -99962341425 | BF47: -103200126650 | BG47: -106285449481 | BH47: -110086738380 | BI47: -113700998631 | BJ47: -117476352749 | BK47: -121272074650 | BL47: -123817980313 | BM47: -125736556588 | BN47: -127670235928 | BO47: -129763765278 | BP47: -131910310623 | BQ47: -134055640687
A48: 45 | B48: 2. Tài sản cố định thuê tài chính | C48: 5 | D48: 0 | E48: 0 | F48: 0 | G48: 0 | H48: 0 | I48: 0 | J48: 0 | K48: 0 | L48: 0 | M48: 0 | N48: 0 | O48: 0 | P48: 0 | Q48: 0 | R48: 0 | S48: 0 | T48: 0 | U48: 0 | V48: 0 | W48: 0 | X48: 0 | Y48: 0 | Z48: 0 | AA48: 0 | AB48: 0 | AC48: 0 | AD48: 0 | AE48: 0 | AF48: 0 | AG48: 0 | AH48: 0 | AI48: 0 | AJ48: 0 | AK48: 0 | AL48: 0 | AM48: 0 | AN48: 0 | AO48: 0 | AP48: 0 | AQ48: 0 | AR48: 0 | AS48: 0 | AT48: 0 | AU48: 0 | AV48: 0 | AW48: 0 | AX48: 25454545455 | AY48: 24920890315 | AZ48: 24387235175 | BA48: 23853580028 | BB48: 23319924886 | BC48: 22786269743 | BD48: 22252614599 | BE48: 21718959455 | BF48: 21185304314 | BG48: 20651649171 | BH48: 20117994030 | BI48: 19584338888 | BJ48: 19050683744 | BK48: 18517028601 | BL48: 17684886028 | BM48: 17550400741 | BN48: 17415915447 | BO48: 17281430151 | BP48: 17146944864 | BQ48: 17012459573
A49: 46 | B49: Nguyên giá TSCĐ thuê tài chính | C49: 5 | D49: 0 | E49: 0 | F49: 0 | G49: 0 | H49: 0 | I49: 0 | J49: 0 | K49: 0 | L49: 0 | M49: 0 | N49: 0 | O49: 0 | P49: 0 | Q49: 0 | R49: 0 | S49: 0 | T49: 0 | U49: 0 | V49: 0 | W49: 0 | X49: 0 | Y49: 0 | Z49: 0 | AA49: 0 | AB49: 0 | AC49: 0 | AD49: 0 | AE49: 0 | AF49: 0 | AG49: 0 | AH49: 0 | AI49: 0 | AJ49: 0 | AK49: 0 | AL49: 0 | AM49: 0 | AN49: 0 | AO49: 0 | AP49: 0 | AQ49: 0 | AR49: 0 | AS49: 0 | AT49: 0 | AU49: 0 | AV49: 0 | AW49: 0 | AX49: 25454545455 | AY49: 25454545455 | AZ49: 25454545455 | BA49: 25454545455 | BB49: 25454545455 | BC49: 25454545455 | BD49: 25454545455 | BE49: 25454545455 | BF49: 25454545455 | BG49: 25454545455 | BH49: 25454545455 | BI49: 25454545455 | BJ49: 25454545455 | BK49: 25454545455 | BL49: 24160519140 | BM49: 24160519140 | BN49: 24160519140 | BO49: 24160519140 | BP49: 24160519140 | BQ49: 24160519140
A50: 47 | B50: Giá trị hao mòn luỹ kế TSCĐ thuê tài chính | C50: 5 | D50: 0 | E50: 0 | F50: 0 | G50: 0 | H50: 0 | I50: 0 | J50: 0 | K50: 0 | L50: 0 | M50: 0 | N50: 0 | O50: 0 | P50: 0 | Q50: 0 | R50: 0 | S50: 0 | T50: 0 | U50: 0 | V50: 0 | W50: 0 | X50: 0 | Y50: 0 | Z50: 0 | AA50: 0 | AB50: 0 | AC50: 0 | AD50: 0 | AE50: 0 | AF50: 0 | AG50: 0 | AH50: 0 | AI50: 0 | AJ50: 0 | AK50: 0 | AL50: 0 | AM50: 0 | AN50: 0 | AO50: 0 | AP50: 0 | AQ50: 0 | AR50: 0 | AS50: 0 | AT50: 0 | AU50: 0 | AV50: 0 | AW50: 0 | AX50: 0 | AY50: -533655140 | AZ50: -1067310280 | BA50: -1600965427 | BB50: -2134620569 | BC50: -2668275712 | BD50: -3201930856 | BE50: -3735586000 | BF50: -4269241141 | BG50: -4802896284 | BH50: -5336551425 | BI50: -5870206567 | BJ50: -6403861711 | BK50: -6937516854 | BL50: -6475633112 | BM50: -6610118399 | BN50: -6744603693 | BO50: -6879088989 | BP50: -7013574276 | BQ50: -7148059567
A51: 48 | B51: 3. Tài sản cố định vô hình | C51: 5 | D51: 18606834504 | E51: 18565115144 | F51: 18523395784 | G51: 18481676425 | H51: 18439957065 | I51: 18398237705 | J51: 18356518345 | K51: 19045665954 | L51: 18991559019 | M51: 18937452083 | N51: 18883345147 | O51: 18829238213 | P51: 18775131277 | Q51: 18721024342 | R51: 18666917406 | S51: 18612810470 | T51: 18643852703 | U51: 18582004932 | V51: 18520157163 | W51: 18458309395 | X51: 19935719031 | Y51: 19853462402 | Z51: 19771205776 | AA51: 2041659920 | AB51: 2001122652 | AC51: 2079385383 | AD51: 1979448116 | AE51: 1879510847 | AF51: 1846714413 | AG51: 1813917976 | AH51: 1834991541 | AI51: 1801197514 | AJ51: 1767403487 | AK51: 1733609459 | AL51: 1699815432 | AM51: 1666021404 | AN51: 1632227376 | AO51: 1598433349 | AP51: 1995939361 | AQ51: 1950164777 | AR51: 1904390193 | AS51: 1858615606 | AT51: 1812841022 | AU51: 1767066439 | AV51: 1721291855 | AW51: 1675517270 | AX51: 1629742687 | AY51: 2113091002 | AZ51: 2052618559 | BA51: 1992146117 | BB51: 2419284458 | BC51: 2345267270 | BD51: 2271250084 | BE51: 2197232896 | BF51: 2123215711 | BG51: 2049198525 | BH51: 3915136475 | BI51: 3802195176 | BJ51: 3689253877 | BK51: 3576312578 | BL51: 3526365654 | BM51: 3476418728 | BN51: 3426471804 | BO51: 3376524877 | BP51: 3326577952 | BQ51: 3276631027
A52: 49 | B52: Nguyên giá TSCĐ vô hình | C52: 5 | D52: 24061372141 | E52: 24061372141 | F52: 24061372141 | G52: 24061372141 | H52: 24061372141 | I52: 24061372141 | J52: 24061372141 | K52: 24804626686 | L52: 24804626686 | M52: 24804626686 | N52: 24804626686 | O52: 24804626686 | P52: 24804626686 | Q52: 24804626686 | R52: 24804626686 | S52: 24804626686 | T52: 24897516686 | U52: 24897516686 | V52: 24897516686 | W52: 24897516686 | X52: 26457182951 | Y52: 26457182951 | Z52: 26457182951 | AA52: 2473365060 | AB52: 2473365060 | AC52: 2592165060 | AD52: 2592165060 | AE52: 2592165060 | AF52: 2592165060 | AG52: 2592165060 | AH52: 2646035060 | AI52: 2646035060 | AJ52: 2646035060 | AK52: 2646035060 | AL52: 2646035060 | AM52: 2646035060 | AN52: 2646035060 | AO52: 2646035060 | AP52: 3077335099 | AQ52: 3077335099 | AR52: 3077335099 | AS52: 3077335099 | AT52: 3077335099 | AU52: 3077335099 | AV52: 3077335099 | AW52: 3077335099 | AX52: 3077335099 | AY52: 3606457998 | AZ52: 3606457998 | BA52: 3606457998 | BB52: 4094068781 | BC52: 4094068781 | BD52: 4094068781 | BE52: 4094068781 | BF52: 4094068781 | BG52: 4094068781 | BH52: 6032562739 | BI52: 6032562739 | BJ52: 6032562739 | BK52: 6032562739 | BL52: 6032562739 | BM52: 6032562739 | BN52: 6032562739 | BO52: 6032562739 | BP52: 6032562739 | BQ52: 6032562739
A53: 50 | B53: Giá trị hao mòn luỹ kế TSCĐ vô hình(*) | C53: 5 | D53: -5454537637 | E53: -5496256997 | F53: -5537976357 | G53: -5579695716 | H53: -5621415076 | I53: -5663134436 | J53: -5704853796 | K53: -5758960732 | L53: -5813067667 | M53: -5867174603 | N53: -5921281539 | O53: -5975388473 | P53: -6029495409 | Q53: -6083602344 | R53: -6137709280 | S53: -6191816216 | T53: -6253663983 | U53: -6315511754 | V53: -6377359523 | W53: -6439207291 | X53: -6521463920 | Y53: -6603720549 | Z53: -6685977175 | AA53: -431705140 | AB53: -472242408 | AC53: -512779677 | AD53: -612716944 | AE53: -712654213 | AF53: -745450647 | AG53: -778247084 | AH53: -811043519 | AI53: -844837546 | AJ53: -878631573 | AK53: -912425601 | AL53: -946219628 | AM53: -980013656 | AN53: -1013807684 | AO53: -1047601711 | AP53: -1081395738 | AQ53: -1127170322 | AR53: -1172944906 | AS53: -1218719493 | AT53: -1264494077 | AU53: -1310268660 | AV53: -1356043244 | AW53: -1401817829 | AX53: -1447592412 | AY53: -1493366996 | AZ53: -1553839439 | BA53: -1614311881 | BB53: -1674784323 | BC53: -1748801511 | BD53: -1822818697 | BE53: -1896835885 | BF53: -1970853070 | BG53: -2044870256 | BH53: -2117426264 | BI53: -2230367563 | BJ53: -2343308862 | BK53: -2456250161 | BL53: -2506197085 | BM53: -2556144011 | BN53: -2606090935 | BO53: -2656037862 | BP53: -2705984787 | BQ53: -2755931712
A54: 51 | B54: III.Tài sản sinh học dài hạn | C54: 5 | D54: 0 | E54: 0 | F54: 0 | G54: 0 | H54: 0 | I54: 0 | J54: 0 | K54: 0 | L54: 0 | M54: 0 | N54: 0 | O54: 0 | P54: 0 | Q54: 0 | R54: 0 | S54: 0 | T54: 0 | U54: 0 | V54: 0 | W54: 0 | X54: 0 | Y54: 0 | Z54: 0 | AA54: 0 | AB54: 0 | AC54: 0 | AD54: 0 | AE54: 0 | AF54: 0 | AG54: 0 | AH54: 0 | AI54: 0 | AJ54: 0 | AK54: 0 | AL54: 0 | AM54: 0 | AN54: 0 | AO54: 0 | AP54: 0 | AQ54: 0 | AR54: 0 | AS54: 0 | AT54: 0 | AU54: 0 | AV54: 0 | AW54: 0 | AX54: 0 | AY54: 0
A55: 52 | B55: 1.Súc vật nuôi cho sản phẩm định kỳ | C55: 5 | D55: 0 | E55: 0 | F55: 0 | G55: 0 | H55: 0 | I55: 0 | J55: 0 | K55: 0 | L55: 0 | M55: 0 | N55: 0 | O55: 0 | P55: 0 | Q55: 0 | R55: 0 | S55: 0 | T55: 0 | U55: 0 | V55: 0 | W55: 0 | X55: 0 | Y55: 0 | Z55: 0 | AA55: 0 | AB55: 0 | AC55: 0 | AD55: 0 | AE55: 0 | AF55: 0 | AG55: 0 | AH55: 0 | AI55: 0 | AJ55: 0 | AK55: 0 | AL55: 0 | AM55: 0 | AN55: 0 | AO55: 0 | AP55: 0 | AQ55: 0 | AR55: 0 | AS55: 0 | AT55: 0 | AU55: 0 | AV55: 0 | AW55: 0 | AX55: 0 | AY55: 0
A56: 53 | B56: a)Súc vật nuôi cho sản phẩm định kỳ chưa đến giai đoạn trưởng thành | C56: 5 | D56: 0 | E56: 0 | F56: 0 | G56: 0 | H56: 0 | I56: 0 | J56: 0 | K56: 0 | L56: 0 | M56: 0 | N56: 0 | O56: 0 | P56: 0 | Q56: 0 | R56: 0 | S56: 0 | T56: 0 | U56: 0 | V56: 0 | W56: 0 | X56: 0 | Y56: 0 | Z56: 0 | AA56: 0 | AB56: 0 | AC56: 0 | AD56: 0 | AE56: 0 | AF56: 0 | AG56: 0 | AH56: 0 | AI56: 0 | AJ56: 0 | AK56: 0 | AL56: 0 | AM56: 0 | AN56: 0 | AO56: 0 | AP56: 0 | AQ56: 0 | AR56: 0 | AS56: 0 | AT56: 0 | AU56: 0 | AV56: 0 | AW56: 0 | AX56: 0 | AY56: 0
A57: 54 | B57: b)Súc vật nuôi cho sản phẩm định kỳ đến giai đoạn trưởng thành | C57: 5 | D57: 0 | E57: 0 | F57: 0 | G57: 0 | H57: 0 | I57: 0 | J57: 0 | K57: 0 | L57: 0 | M57: 0 | N57: 0 | O57: 0 | P57: 0 | Q57: 0 | R57: 0 | S57: 0 | T57: 0 | U57: 0 | V57: 0 | W57: 0 | X57: 0 | Y57: 0 | Z57: 0 | AA57: 0 | AB57: 0 | AC57: 0 | AD57: 0 | AE57: 0 | AF57: 0 | AG57: 0 | AH57: 0 | AI57: 0 | AJ57: 0 | AK57: 0 | AL57: 0 | AM57: 0 | AN57: 0 | AO57: 0 | AP57: 0 | AQ57: 0 | AR57: 0 | AS57: 0 | AT57: 0 | AU57: 0 | AV57: 0 | AW57: 0 | AX57: 0 | AY57: 0
A58: 55 | B58: Nguyên giá | C58: 5 | D58: 0 | E58: 0 | F58: 0 | G58: 0 | H58: 0 | I58: 0 | J58: 0 | K58: 0 | L58: 0 | M58: 0 | N58: 0 | O58: 0 | P58: 0 | Q58: 0 | R58: 0 | S58: 0 | T58: 0 | U58: 0 | V58: 0 | W58: 0 | X58: 0 | Y58: 0 | Z58: 0 | AA58: 0 | AB58: 0 | AC58: 0 | AD58: 0 | AE58: 0 | AF58: 0 | AG58: 0 | AH58: 0 | AI58: 0 | AJ58: 0 | AK58: 0 | AL58: 0 | AM58: 0 | AN58: 0 | AO58: 0 | AP58: 0 | AQ58: 0 | AR58: 0 | AS58: 0 | AT58: 0 | AU58: 0 | AV58: 0 | AW58: 0 | AX58: 0 | AY58: 0
A59: 56 | B59: Giá trị khấu hao lũy kế (*) | C59: 5 | D59: 0 | E59: 0 | F59: 0 | G59: 0 | H59: 0 | I59: 0 | J59: 0 | K59: 0 | L59: 0 | M59: 0 | N59: 0 | O59: 0 | P59: 0 | Q59: 0 | R59: 0 | S59: 0 | T59: 0 | U59: 0 | V59: 0 | W59: 0 | X59: 0 | Y59: 0 | Z59: 0 | AA59: 0 | AB59: 0 | AC59: 0 | AD59: 0 | AE59: 0 | AF59: 0 | AG59: 0 | AH59: 0 | AI59: 0 | AJ59: 0 | AK59: 0 | AL59: 0 | AM59: 0 | AN59: 0 | AO59: 0 | AP59: 0 | AQ59: 0 | AR59: 0 | AS59: 0 | AT59: 0 | AU59: 0 | AV59: 0 | AW59: 0 | AX59: 0 | AY59: 0
A60: 57 | B60: 2.Súc vật nuôi lấy sản phẩm một lần dài hạn | C60: 5 | D60: 0 | E60: 0 | F60: 0 | G60: 0 | H60: 0 | I60: 0 | J60: 0 | K60: 0 | L60: 0 | M60: 0 | N60: 0 | O60: 0 | P60: 0 | Q60: 0 | R60: 0 | S60: 0 | T60: 0 | U60: 0 | V60: 0 | W60: 0 | X60: 0 | Y60: 0 | Z60: 0 | AA60: 0 | AB60: 0 | AC60: 0 | AD60: 0 | AE60: 0 | AF60: 0 | AG60: 0 | AH60: 0 | AI60: 0 | AJ60: 0 | AK60: 0 | AL60: 0 | AM60: 0 | AN60: 0 | AO60: 0 | AP60: 0 | AQ60: 0 | AR60: 0 | AS60: 0 | AT60: 0 | AU60: 0 | AV60: 0 | AW60: 0 | AX60: 0 | AY60: 0
A61: 58 | B61: 3.Cây trồng theo mùa vụ hoặc lấy sản phẩm một lần dài hạn | C61: 5 | D61: 0 | E61: 0 | F61: 0 | G61: 0 | H61: 0 | I61: 0 | J61: 0 | K61: 0 | L61: 0 | M61: 0 | N61: 0 | O61: 0 | P61: 0 | Q61: 0 | R61: 0 | S61: 0 | T61: 0 | U61: 0 | V61: 0 | W61: 0 | X61: 0 | Y61: 0 | Z61: 0 | AA61: 0 | AB61: 0 | AC61: 0 | AD61: 0 | AE61: 0 | AF61: 0 | AG61: 0 | AH61: 0 | AI61: 0 | AJ61: 0 | AK61: 0 | AL61: 0 | AM61: 0 | AN61: 0 | AO61: 0 | AP61: 0 | AQ61: 0 | AR61: 0 | AS61: 0 | AT61: 0 | AU61: 0 | AV61: 0 | AW61: 0 | AX61: 0 | AY61: 0
A62: 59 | B62: 4.Dự phòng tổn thất tài sản sinh học dài hạn | C62: 5 | D62: 0 | E62: 0 | F62: 0 | G62: 0 | H62: 0 | I62: 0 | J62: 0 | K62: 0 | L62: 0 | M62: 0 | N62: 0 | O62: 0 | P62: 0 | Q62: 0 | R62: 0 | S62: 0 | T62: 0 | U62: 0 | V62: 0 | W62: 0 | X62: 0 | Y62: 0 | Z62: 0 | AA62: 0 | AB62: 0 | AC62: 0 | AD62: 0 | AE62: 0 | AF62: 0 | AG62: 0 | AH62: 0 | AI62: 0 | AJ62: 0 | AK62: 0 | AL62: 0 | AM62: 0 | AN62: 0 | AO62: 0 | AP62: 0 | AQ62: 0 | AR62: 0 | AS62: 0 | AT62: 0 | AU62: 0 | AV62: 0 | AW62: 0 | AX62: 0 | AY62: 0
A63: 60 | B63: IV. Bất động sản đầu tư | C63: 5 | D63: 0 | E63: 0 | F63: 0 | G63: 0 | H63: 0 | I63: 0 | J63: 0 | K63: 0 | L63: 0 | M63: 0 | N63: 0 | O63: 0 | P63: 0 | Q63: 0 | R63: 0 | S63: 0 | T63: 0 | U63: 0 | V63: 0 | W63: 0 | X63: 0 | Y63: 0 | Z63: 0 | AA63: 0 | AB63: 0 | AC63: 0 | AD63: 0 | AE63: 0 | AF63: 0 | AG63: 0 | AH63: 0 | AI63: 0 | AJ63: 0 | AK63: 0 | AL63: 0 | AM63: 0 | AN63: 0 | AO63: 0 | AP63: 0 | AQ63: 0 | AR63: 0 | AS63: 0 | AT63: 0 | AU63: 0 | AV63: 0 | AW63: 0 | AX63: 0 | AY63: 0 | AZ63: 0 | BA63: 0 | BB63: 0 | BC63: 0 | BD63: 0 | BE63: 0 | BF63: 0 | BG63: 0 | BH63: 0 | BI63: 0 | BJ63: 0
A64: 61 | B64: Nguyên giá bất động sản đầu tư | C64: 5 | D64: 0 | E64: 0 | F64: 0 | G64: 0 | H64: 0 | I64: 0 | J64: 0 | K64: 0 | L64: 0 | M64: 0 | N64: 0 | O64: 0 | P64: 0 | Q64: 0 | R64: 0 | S64: 0 | T64: 0 | U64: 0 | V64: 0 | W64: 0 | X64: 0 | Y64: 0 | Z64: 0 | AA64: 0 | AB64: 0 | AC64: 0 | AD64: 0 | AE64: 0 | AF64: 0 | AG64: 0 | AH64: 0 | AI64: 0 | AJ64: 0 | AK64: 0 | AL64: 0 | AM64: 0 | AN64: 0 | AO64: 0 | AP64: 0 | AQ64: 0 | AR64: 0 | AS64: 0 | AT64: 0 | AU64: 0 | AV64: 0 | AW64: 0 | AX64: 0 | AY64: 0 | AZ64: 0 | BA64: 0 | BB64: 0 | BC64: 0 | BD64: 0 | BE64: 0 | BF64: 0 | BG64: 0 | BH64: 0 | BI64: 0 | BJ64: 0
A65: 62 | B65: Giá trị hao mòn luỹ kế BĐSĐT(*) | C65: 5 | D65: 0 | E65: 0 | F65: 0 | G65: 0 | H65: 0 | I65: 0 | J65: 0 | K65: 0 | L65: 0 | M65: 0 | N65: 0 | O65: 0 | P65: 0 | Q65: 0 | R65: 0 | S65: 0 | T65: 0 | U65: 0 | V65: 0 | W65: 0 | X65: 0 | Y65: 0 | Z65: 0 | AA65: 0 | AB65: 0 | AC65: 0 | AD65: 0 | AE65: 0 | AF65: 0 | AG65: 0 | AH65: 0 | AI65: 0 | AJ65: 0 | AK65: 0 | AL65: 0 | AM65: 0 | AN65: 0 | AO65: 0 | AP65: 0 | AQ65: 0 | AR65: 0 | AS65: 0 | AT65: 0 | AU65: 0 | AV65: 0 | AW65: 0 | AX65: 0 | AY65: 0 | AZ65: 0 | BA65: 0 | BB65: 0 | BC65: 0 | BD65: 0 | BE65: 0 | BF65: 0 | BG65: 0 | BH65: 0 | BI65: 0 | BJ65: 0
A66: 63 | B66: V.Tài sản dở dang dài hạn | C66: 5 | D66: 61751961263 | E66: 68221832998 | F66: 44793693760 | G66: 45741647472 | H66: 48891462322 | I66: 50245082078 | J66: 58136650157 | K66: 11251654250 | L66: 16360260200 | M66: 16360260200 | N66: 20131868795 | O66: 24169818113 | P66: 30194961209 | Q66: 31930608890 | R66: 32191706543 | S66: 40090979735 | T66: 47026331183 | U66: 54919027899 | V66: 58371749134 | W66: 39889442104 | X66: 48178201294 | Y66: 62098571186 | Z66: 59494515240 | AA66: 25942053472 | AB66: 32447867606 | AC66: 25783380098 | AD66: 27949001939 | AE66: 32782480397 | AF66: 52004302806 | AG66: 50723798252 | AH66: 56309319260 | AI66: 58915049461 | AJ66: 46439996334 | AK66: 60039828252 | AL66: 65105287777 | AM66: 70079611431 | AN66: 72055323550 | AO66: 72980475069 | AP66: 40128812389 | AQ66: 39230045474 | AR66: 39865836348 | AS66: 44061504995 | AT66: 43899012924 | AU66: 41659609551 | AV66: 42948598053 | AW66: 43281195517 | AX66: 28334087272 | AY66: 36580186980 | AZ66: 46014474364 | BA66: 32023614794 | BB66: 27191404987 | BC66: 38355899298 | BD66: 47426115769 | BE66: 51797910397 | BF66: 52765546898 | BG66: 34461951167 | BH66: 44577925963 | BI66: 57717770751 | BJ66: 54221172817 | BK66: 63080533813 | BL66: 61387421408 | BM66: 80647695075 | BN66: 66362060607 | BO66: 83813282245 | BP66: 86222726568 | BQ66: 210450570441
A67: 64 | B67: 1.Chi phí sản xuất, kinh doanh dở dang dài hạn | C67: 5 | D67: 0 | E67: 0 | F67: 0 | G67: 0 | H67: 0 | I67: 0 | J67: 0 | K67: 0 | L67: 0 | M67: 0 | N67: 0 | O67: 0 | P67: 0 | Q67: 0 | R67: 0 | S67: 0 | T67: 0 | U67: 0 | V67: 0 | W67: 0 | X67: 0 | Y67: 0 | Z67: 0 | AA67: 0 | AB67: 0 | AC67: 0 | AD67: 0 | AE67: 0 | AF67: 0 | AG67: 0 | AH67: 0 | AI67: 0 | AJ67: 0 | AK67: 0 | AL67: 0 | AM67: 0 | AN67: 0 | AO67: 0 | AP67: 0 | AQ67: 0 | AR67: 0 | AS67: 0 | AT67: 0 | AU67: 0 | AV67: 0 | AW67: 0 | AX67: 0 | AY67: 0 | AZ67: 0 | BA67: 0 | BB67: 0 | BC67: 0 | BD67: 0 | BE67: 0 | BF67: 0 | BG67: 0 | BH67: 0 | BI67: 0 | BJ67: 0 | BK67: 0
A68: 65 | B68: 2.Chi phí xây dựng cơ bản dở dang | C68: 5 | D68: 61751961263 | E68: 68221832998 | F68: 44793693760 | G68: 45741647472 | H68: 48891462322 | I68: 50245082078 | J68: 58136650157 | K68: 11251654250 | L68: 16360260200 | M68: 16360260200 | N68: 20131868795 | O68: 24169818113 | P68: 30194961209 | Q68: 31930608890 | R68: 32191706543 | S68: 40090979735 | T68: 47026331183 | U68: 54919027899 | V68: 58371749134 | W68: 39889442104 | X68: 48178201294 | Y68: 62098571186 | Z68: 59494515240 | AA68: 25942053472 | AB68: 32447867606 | AC68: 25783380098 | AD68: 27949001939 | AE68: 32782480397 | AF68: 52004302806 | AG68: 50723798252 | AH68: 56309319260 | AI68: 58915049461 | AJ68: 46439996334 | AK68: 60039828252 | AL68: 65105287777 | AM68: 70079611431 | AN68: 72055323550 | AO68: 72980475069 | AP68: 40128812389 | AQ68: 39230045474 | AR68: 39865836348 | AS68: 44061504995 | AT68: 43899012924 | AU68: 41659609551 | AV68: 42948598053 | AW68: 43281195517 | AX68: 28334087272 | AY68: 36580186980 | AZ68: 46014474364 | BA68: 32023614794 | BB68: 27191404987 | BC68: 38355899298 | BD68: 47426115769 | BE68: 51797910397 | BF68: 52765546898 | BG68: 34461951167 | BH68: 44577925963 | BI68: 57717770751 | BJ68: 54221172817 | BK68: 63080533813 | BL68: 61387421408 | BM68: 80647695075 | BN68: 66362060607 | BO68: 83813282245 | BP68: 86222726568 | BQ68: 210450570441
A69: 66 | B69: VI.Đầu tư tài chính dài hạn | C69: 5 | D69: 0 | E69: 0 | F69: 0 | G69: 0 | H69: 0 | I69: 0 | J69: 0 | K69: 0 | L69: 0 | M69: 0 | N69: 0 | O69: 0 | P69: 0 | Q69: 0 | R69: 0 | S69: 0 | T69: 0 | U69: 0 | V69: 0 | W69: 0 | X69: 0 | Y69: 0 | Z69: 0 | AA69: 0 | AB69: 0 | AC69: 0 | AD69: 0 | AE69: 0 | AF69: 0 | AG69: 0 | AH69: 0 | AI69: 0 | AJ69: 0 | AK69: 0 | AL69: 0 | AM69: 0 | AN69: 0 | AO69: 0 | AP69: 0 | AQ69: 0 | AR69: 0 | AS69: 0 | AT69: 0 | AU69: 0 | AV69: 0 | AW69: 0 | AX69: 0 | AY69: 0 | AZ69: 0 | BA69: 0 | BB69: 0 | BC69: 0 | BD69: 0 | BE69: 0 | BF69: 0 | BG69: 0 | BH69: 0 | BI69: 0 | BJ69: 0
A70: 67 | B70: 1.Đầu tư vào công ty con | C70: 5 | D70: 0 | E70: 0 | F70: 0 | G70: 0 | H70: 0 | I70: 0 | J70: 0 | K70: 0 | L70: 0 | M70: 0 | N70: 0 | O70: 0 | P70: 0 | Q70: 0 | R70: 0 | S70: 0 | T70: 0 | U70: 0 | V70: 0 | W70: 0 | X70: 0 | Y70: 0 | Z70: 0 | AA70: 0 | AB70: 0 | AC70: 0 | AD70: 0 | AE70: 0 | AF70: 0 | AG70: 0 | AH70: 0 | AI70: 0 | AJ70: 0 | AK70: 0 | AL70: 0 | AM70: 0 | AN70: 0 | AO70: 0 | AP70: 0 | AQ70: 0 | AR70: 0 | AS70: 0 | AT70: 0 | AU70: 0 | AV70: 0 | AW70: 0 | AX70: 0 | AY70: 0 | AZ70: 0 | BA70: 0 | BB70: 0 | BC70: 0 | BD70: 0 | BE70: 0 | BF70: 0 | BG70: 0 | BH70: 0 | BI70: 0 | BJ70: 0
A71: 68 | B71: 2.Đầu tư vào công ty liên doanh, liên kết | C71: 5 | D71: 0 | E71: 0 | F71: 0 | G71: 0 | H71: 0 | I71: 0 | J71: 0 | K71: 0 | L71: 0 | M71: 0 | N71: 0 | O71: 0 | P71: 0 | Q71: 0 | R71: 0 | S71: 0 | T71: 0 | U71: 0 | V71: 0 | W71: 0 | X71: 0 | Y71: 0 | Z71: 0 | AA71: 0 | AB71: 0 | AC71: 0 | AD71: 0 | AE71: 0 | AF71: 0 | AG71: 0 | AH71: 0 | AI71: 0 | AJ71: 0 | AK71: 0 | AL71: 0 | AM71: 0 | AN71: 0 | AO71: 0 | AP71: 0 | AQ71: 0 | AR71: 0 | AS71: 0 | AT71: 0 | AU71: 0 | AV71: 0 | AW71: 0 | AX71: 0 | AY71: 0 | AZ71: 0 | BA71: 0 | BB71: 0 | BC71: 0 | BD71: 0 | BE71: 0 | BF71: 0 | BG71: 0 | BH71: 0 | BI71: 0 | BJ71: 0
A72: 69 | B72: 3.Đầu tư góp vốn vào đơn vị khác | C72: 5 | D72: 0 | E72: 0 | F72: 0 | G72: 0 | H72: 0 | I72: 0 | J72: 0 | K72: 0 | L72: 0 | M72: 0 | N72: 0 | O72: 0 | P72: 0 | Q72: 0 | R72: 0 | S72: 0 | T72: 0 | U72: 0 | V72: 0 | W72: 0 | X72: 0 | Y72: 0 | Z72: 0 | AA72: 0 | AB72: 0 | AC72: 0 | AD72: 0 | AE72: 0 | AF72: 0 | AG72: 0 | AH72: 0 | AI72: 0 | AJ72: 0 | AK72: 0 | AL72: 0 | AM72: 0 | AN72: 0 | AO72: 0 | AP72: 0 | AQ72: 0 | AR72: 0 | AS72: 0 | AT72: 0 | AU72: 0 | AV72: 0 | AW72: 0 | AX72: 0 | AY72: 0 | AZ72: 0 | BA72: 0 | BB72: 0 | BC72: 0 | BD72: 0 | BE72: 0 | BF72: 0 | BG72: 0 | BH72: 0 | BI72: 0 | BJ72: 0
A73: 70 | B73: 4.Dự phòng tổn thất đầu tư vào đơn vị khác dài hạn(*) | C73: 5 | D73: 0 | E73: 0 | F73: 0 | G73: 0 | H73: 0 | I73: 0 | J73: 0 | K73: 0 | L73: 0 | M73: 0 | N73: 0 | O73: 0 | P73: 0 | Q73: 0 | R73: 0 | S73: 0 | T73: 0 | U73: 0 | V73: 0 | W73: 0 | X73: 0 | Y73: 0 | Z73: 0 | AA73: 0 | AB73: 0 | AC73: 0 | AD73: 0 | AE73: 0 | AF73: 0 | AG73: 0 | AH73: 0 | AI73: 0 | AJ73: 0 | AK73: 0 | AL73: 0 | AM73: 0 | AN73: 0 | AO73: 0 | AP73: 0 | AQ73: 0 | AR73: 0 | AS73: 0 | AT73: 0 | AU73: 0 | AV73: 0 | AW73: 0 | AX73: 0 | AY73: 0 | AZ73: 0 | BA73: 0 | BB73: 0 | BC73: 0 | BD73: 0 | BE73: 0 | BF73: 0 | BG73: 0 | BH73: 0 | BI73: 0 | BJ73: 0
A74: 71 | B74: 5.Đầu tư nắm giữ đến ngày đáo hạn dài hạn | C74: 5 | D74: 0 | E74: 0 | F74: 0 | G74: 0 | H74: 0 | I74: 0 | J74: 0 | K74: 0 | L74: 0 | M74: 0 | N74: 0 | O74: 0 | P74: 0 | Q74: 0 | R74: 0 | S74: 0 | T74: 0 | U74: 0 | V74: 0 | W74: 0 | X74: 0 | Y74: 0 | Z74: 0 | AA74: 0 | AB74: 0 | AC74: 0 | AD74: 0 | AE74: 0 | AF74: 0 | AG74: 0 | AH74: 0 | AI74: 0 | AJ74: 0 | AK74: 0 | AL74: 0 | AM74: 0 | AN74: 0 | AO74: 0 | AP74: 0 | AQ74: 0 | AR74: 0 | AS74: 0 | AT74: 0 | AU74: 0 | AV74: 0 | AW74: 0 | AX74: 0 | AY74: 0 | AZ74: 0 | BA74: 0 | BB74: 0 | BC74: 0 | BD74: 0 | BE74: 0 | BF74: 0 | BG74: 0 | BH74: 0 | BI74: 0 | BJ74: 0
A75: 72 | B75: 6.Dự phòng đầu tư nắm giữ đến ngày đáo hạn dài hạn (*) | C75: 5 | D75: 0 | E75: 0 | F75: 0 | G75: 0 | H75: 0 | I75: 0 | J75: 0 | K75: 0 | L75: 0 | M75: 0 | N75: 0 | O75: 0 | P75: 0 | Q75: 0 | R75: 0 | S75: 0 | T75: 0 | U75: 0 | V75: 0 | W75: 0 | X75: 0 | Y75: 0 | Z75: 0 | AA75: 0 | AB75: 0 | AC75: 0 | AD75: 0 | AE75: 0 | AF75: 0 | AG75: 0 | AH75: 0 | AI75: 0 | AJ75: 0 | AK75: 0 | AL75: 0 | AM75: 0 | AN75: 0 | AO75: 0 | AP75: 0 | AQ75: 0 | AR75: 0 | AS75: 0 | AT75: 0 | AU75: 0 | AV75: 0 | AW75: 0 | AX75: 0 | AY75: 0
A76: 73 | B76: VII.Tài sản dài hạn khác | C76: 5 | D76: 1509662278 | E76: 1509662278 | F76: 1509662278 | G76: 1509662278 | H76: 1509662278 | I76: 1509662278 | J76: 1509662278 | K76: 1509662278 | L76: 1509662278 | M76: 1509662278 | N76: 817733734 | O76: 754831139 | P76: 691928544 | Q76: 629025949 | R76: 566123354 | S76: 736506396 | T76: 1400726248 | U76: 1832671028 | V76: 1791880808 | W76: 2000336678 | X76: 2264928389 | Y76: 3802711237 | Z76: 3558344841 | AA76: 3927322542 | AB76: 3725840649 | AC76: 3780553422 | AD76: 3569912862 | AE76: 3369186469 | AF76: 3531608451 | AG76: 3614695269 | AH76: 3627574164 | AI76: 3494288607 | AJ76: 3304401092 | AK76: 3169440799 | AL76: 3175199544 | AM76: 4689543787 | AN76: 4555335037 | AO76: 4317772711 | AP76: 5343646772 | AQ76: 5673307870 | AR76: 5368103241 | AS76: 5257350583 | AT76: 5470458531 | AU76: 6446273768 | AV76: 6223701149 | AW76: 5995679892 | AX76: 6220253528 | AY76: 6856222691 | AZ76: 4629083379 | BA76: 8122926924 | BB76: 9778480429 | BC76: 9451925232 | BD76: 9004620528 | BE76: 9051617060 | BF76: 8539591808 | BG76: 8072871371 | BH76: 8253974823 | BI76: 8650890043 | BJ76: 8536798591 | BK76: 8260771278 | BL76: 7062502744 | BM76: 6570969298 | BN76: 6131031024 | BO76: 5693514228 | BP76: 5705255817 | BQ76: 5259295741
A77: 74 | B77: 1.Chi phí chờ phân bổ dài hạn | C77: 5 | D77: 1509662278 | E77: 1509662278 | F77: 1509662278 | G77: 1509662278 | H77: 1509662278 | I77: 1509662278 | J77: 1509662278 | K77: 1509662278 | L77: 1509662278 | M77: 1509662278 | N77: 817733734 | O77: 754831139 | P77: 691928544 | Q77: 629025949 | R77: 566123354 | S77: 736506396 | T77: 1400726248 | U77: 1832671028 | V77: 1791880808 | W77: 2000336678 | X77: 2264928389 | Y77: 3802711237 | Z77: 3558344841 | AA77: 3927322542 | AB77: 3725840649 | AC77: 3780553422 | AD77: 3569912862 | AE77: 3369186469 | AF77: 3531608451 | AG77: 3614695269 | AH77: 3627574164 | AI77: 3494288607 | AJ77: 3304401092 | AK77: 3169440799 | AL77: 3175199544 | AM77: 4689543787 | AN77: 4555335037 | AO77: 4317772711 | AP77: 5343646772 | AQ77: 5673307870 | AR77: 5368103241 | AS77: 5257350583 | AT77: 5470458531 | AU77: 6446273768 | AV77: 6223701149 | AW77: 5995679892 | AX77: 6220253528 | AY77: 6856222691 | AZ77: 6468024689 | BA77: 9953825234 | BB77: 9749118739 | BC77: 9422563542 | BD77: 8975258838 | BE77: 9022255370 | BF77: 8539591808 | BG77: 8072871371 | BH77: 8253974823 | BI77: 8650890043 | BJ77: 8536798591 | BK77: 8260771278 | BL77: 7062502744 | BM77: 6570969298 | BN77: 6131031024 | BO77: 5693514228 | BP77: 5705255817 | BQ77: 5259295741
A78: 75 | B78: 2.Tài sản thuế thu nhập hoãn lại | C78: 5 | D78: 0 | E78: 0 | F78: 0 | G78: 0 | H78: 0 | I78: 0 | J78: 0 | K78: 0 | L78: 0 | M78: 0 | N78: 0 | O78: 0 | P78: 0 | Q78: 0 | R78: 0 | S78: 0 | T78: 0 | U78: 0 | V78: 0 | W78: 0 | X78: 0 | Y78: 0 | Z78: 0 | AA78: 0 | AB78: 0 | AC78: 0 | AD78: 0 | AE78: 0 | AF78: 0 | AG78: 0 | AH78: 0 | AI78: 0 | AJ78: 0 | AK78: 0 | AL78: 0 | AM78: 0 | AN78: 0 | AO78: 0 | AP78: 0 | AQ78: 0 | AR78: 0 | AS78: 0 | AT78: 0 | AU78: 0 | AV78: 0 | AW78: 0 | AX78: 0 | AY78: 0 | AZ78: -1838941310 | BA78: -1830898310 | BB78: 29361690 | BC78: 29361690 | BD78: 29361690 | BE78: 29361690 | BF78: 0 | BG78: 0 | BH78: 0 | BI78: 0 | BJ78: 0
A79: 76 | B79: 3.Thiết bị, vật tư, phụ tùng thay thế dài hạn | C79: 5 | D79: 0 | E79: 0 | F79: 0 | G79: 0 | H79: 0 | I79: 0 | J79: 0 | K79: 0 | L79: 0 | M79: 0 | N79: 0 | O79: 0 | P79: 0 | Q79: 0 | R79: 0 | S79: 0 | T79: 0 | U79: 0 | V79: 0 | W79: 0 | X79: 0 | Y79: 0 | Z79: 0 | AA79: 0 | AB79: 0 | AC79: 0 | AD79: 0 | AE79: 0 | AF79: 0 | AG79: 0 | AH79: 0 | AI79: 0 | AJ79: 0 | AK79: 0 | AL79: 0 | AM79: 0 | AN79: 0 | AO79: 0 | AP79: 0 | AQ79: 0 | AR79: 0 | AS79: 0 | AT79: 0 | AU79: 0 | AV79: 0 | AW79: 0 | AX79: 0 | AY79: 0 | AZ79: 0 | BA79: 0 | BB79: 0 | BC79: 0 | BD79: 0 | BE79: 0 | BF79: 0 | BG79: 0 | BH79: 0 | BI79: 0 | BJ79: 0
A80: 77 | B80: 4.Tài sản dài hạn khác | C80: 5 | D80: 0 | E80: 0 | F80: 0 | G80: 0 | H80: 0 | I80: 0 | J80: 0 | K80: 0 | L80: 0 | M80: 0 | N80: 0 | O80: 0 | P80: 0 | Q80: 0 | R80: 0 | S80: 0 | T80: 0 | U80: 0 | V80: 0 | W80: 0 | X80: 0 | Y80: 0 | Z80: 0 | AA80: 0 | AB80: 0 | AC80: 0 | AD80: 0 | AE80: 0 | AF80: 0 | AG80: 0 | AH80: 0 | AI80: 0 | AJ80: 0 | AK80: 0 | AL80: 0 | AM80: 0 | AN80: 0 | AO80: 0 | AP80: 0 | AQ80: 0 | AR80: 0 | AS80: 0 | AT80: 0 | AU80: 0 | AV80: 0 | AW80: 0 | AX80: 0 | AY80: 0 | AZ80: 0 | BA80: 0 | BB80: 0 | BC80: 0 | BD80: 0 | BE80: 0 | BF80: 0 | BG80: 0 | BH80: 0 | BI80: 0 | BJ80: 0
A81: 78 | B81: TỔNG TÀI SẢN | C81: 5 | D81: 701373726033 | E81: 704632325523 | F81: 711365330495 | G81: 725023303982 | H81: 734864260539 | I81: 736826000657 | J81: 756001934149 | K81: 753102394660 | L81: 759238087269 | M81: 759094526986 | N81: 769647066690 | O81: 776933763105 | P81: 794468132179 | Q81: 798518130349 | R81: 808110795127 | S81: 849864718615 | T81: 873481481467 | U81: 891363754606 | V81: 882603624562 | W81: 910588886247 | X81: 931223812753 | Y81: 945311368331 | Z81: 948196711170 | AA81: 842899635906 | AB81: 838624488703 | AC81: 846789415983 | AD81: 832358719704 | AE81: 812844217459 | AF81: 815732288563 | AG81: 868767124021 | AH81: 891509315744 | AI81: 873167455978 | AJ81: 857107570729 | AK81: 916472332878 | AL81: 960382808384 | AM81: =AM36+AM4 -> 1010751275431 | AN81: 1057106496455 | AO81: 1040899556726 | AP81: 1086669152157 | AQ81: 1148318840816 | AR81: 1198063045295 | AS81: 1227310309881 | AT81: 1174913086353 | AU81: 1123552712261 | AV81: 1164304769268 | AW81: 1184459048233 | AX81: 1262755141991 | AY81: 1255526266731 | AZ81: 1184167227046 | BA81: 1099673392126 | BB81: 1153710875298 | BC81: 1224376777626 | BD81: 1280979662011 | BE81: 1310961670922 | BF81: 1296565798277 | BG81: 1356526045802 | BH81: 1344912228849 | BI81: 1299331457948 | BJ81: 1275169884404 | BK81: 1266017714532 | BL81: 1211566398236 | BM81: 1233002251518 | BN81: 1192063370403 | BO81: 1173001139790 | BP81: 1251902380916 | BQ81: 1315618995207
A82: 79 | B82: C-NỢ PHẢI TRẢ | C82: 5 | D82: 43176223445 | E82: 46696689053 | F82: 51936187191 | G82: 64581605720 | H82: 74649626597 | I82: 76327765276 | J82: 85793742139 | K82: 82040230454 | L82: 86472678622 | M82: 85633998961 | N82: 96197297015 | O82: 101057033810 | P82: 114601504988 | Q82: 119840072424 | R82: 130816310637 | S82: 171755491613 | T82: 193542715071 | U82: 209713594152 | V82: 199760279210 | W82: 224940558967 | X82: 244427684089 | Y82: 258051659625 | Z82: 258833539302 | AA82: 142920124753 | AB82: 138065007483 | AC82: 148884720582 | AD82: 141678644644 | AE82: 125109958172 | AF82: 125215205152 | AG82: 145025394886 | AH82: 164224409520 | AI82: 137287515033 | AJ82: 102906481003 | AK82: 148262688565 | AL82: 184813073323 | AM82: =AM83+AM99 -> 209508966223 | AN82: 253938447634 | AO82: 243002156702 | AP82: 291731061734 | AQ82: 350905503653 | AR82: 404803110472 | AS82: 444265823125 | AT82: 405393285090 | AU82: 362315858983 | AV82: 393394647873 | AW82: 418527112069 | AX82: 500065225953 | AY82: 400766610864 | AZ82: 324510490627 | BA82: 222615858978 | BB82: 269555093091 | BC82: 336470011934 | BD82: 383542692015 | BE82: 412452200169 | BF82: 397016809667 | BG82: 456883837461 | BH82: 455472175159 | BI82: 414576062308 | BJ82: 397334986611 | BK82: 385521303731 | BL82: 332763448171 | BM82: 360618515191 | BN82: 326345040700 | BO82: 303579055875 | BP82: 374252871584 | BQ82: 431216915015
A83: 80 | B83: I.Nợ ngắn hạn | C83: 5 | D83: 15168675833 | E83: 14359854491 | F83: 18701743229 | G83: 25308204205 | H83: 25548631423 | I83: 25462777121 | J83: 28622839037 | K83: 24869327352 | L83: 29301775520 | M83: 24093386856 | N83: 29498540050 | O83: 26338963896 | P83: 32049566896 | Q83: 31096887926 | R83: 31185669667 | S83: 54884247810 | T83: 55358789337 | U83: 62344222537 | V83: 47997206480 | W83: 66485378318 | X83: 71872814743 | Y83: 69673599368 | Z83: 70455479045 | AA83: 142920124753 | AB83: 138065007483 | AC83: 145415894312 | AD83: 131402790374 | AE83: 107639103902 | AF83: 93794952882 | AG83: 110836142616 | AH83: 126347157250 | AI83: 94984750763 | AJ83: 56029716733 | AK83: 91517924295 | AL83: 116947497053 | AM83: =SUM(AM84:AM98) -> 150684629953 | AN83: 176322036564 | AO83: 165479805632 | AP83: 214267710664 | AQ83: 273737345975 | AR83: 329588242794 | AS83: 367721787447 | AT83: 328736442804 | AU83: 286316076697 | AV83: 316799865587 | AW83: 341708523175 | AX83: 396620697059 | AY83: 316029265342 | AZ83: 216100148681 | BA83: 118453354810 | BB83: 166229366701 | BC83: 234217256714 | BD83: 285537774573 | BE83: 335330408775 | BF83: 320967989443 | BG83: 382420327015 | BH83: 381845442491 | BI83: 346002928366 | BJ83: 327703613669 | BK83: 335139049377 | BL83: 283290606756 | BM83: 289218173776 | BN83: 246244699285 | BO83: 223478714460 | BP83: 219319635169 | BQ83: 276283678600
A84: 81 | B84: 1.Phải trả người bán ngắn hạn | C84: 5 | D84: 7869147564 | E84: 7031630489 | F84: 9384469882 | G84: 14083960588 | H84: 21369809301 | I84: 20879785099 | J84: 21923728968 | K84: 18499116244 | L84: 22304923039 | M84: 18478287536 | N84: 21665123801 | O84: 20643717339 | P84: 18933200262 | Q84: 16637008012 | R84: 14159563168 | S84: 12827193363 | T84: 21388038259 | U84: 30408231864 | V84: 25547136426 | W84: 22632581849 | X84: 33200101862 | Y84: 34152280248 | Z84: 34183119345 | AA84: 54715201675 | AB84: 37263084219 | AC84: 45267228558 | AD84: 55217890739 | AE84: 48398479428 | AF84: 52963055109 | AG84: 63609921991 | AH84: 75516302247 | AI84: 72059615531 | AJ84: 23842169712 | AK84: 35852278853 | AL84: 31442797226 | AM84: 72583785390 | AN84: 54353400004 | AO84: 57459904781 | AP84: 71666676062 | AQ84: 72717166254 | AR84: 82570066775 | AS84: 116097944870 | AT84: 90497312556 | AU84: 104998329522 | AV84: 141548339763 | AW84: 140860659227 | AX84: 150120296949 | AY84: 38854336196 | AZ84: 17080396612 | BA84: 15854922544 | BB84: 36651877076 | BC84: 36646554722 | BD84: 36688096679 | BE84: 50235234736 | BF84: 4297727379 | BG84: 15019964770 | BH84: 22979794050 | BI84: 34152918116 | BJ84: 22550645996 | BK84: 15762773405 | BL84: 12939623311 | BM84: 16340093986 | BN84: 28822406885 | BO84: 28647773855 | BP84: 51638550700 | BQ84: 61275711917
A85: 82 | B85: 2.Người mua trả tiền trước ngắn hạn | C85: 5 | D85: 0 | E85: 0 | F85: 0 | G85: 0 | H85: 0 | I85: 0 | J85: 0 | K85: 0 | L85: 0 | M85: 0 | N85: 0 | O85: 0 | P85: 0 | Q85: 0 | R85: 0 | S85: 0 | T85: 0 | U85: 0 | V85: 0 | W85: 17818880422 | X85: 11349591484 | Y85: 7264641138 | Z85: 5998683900 | AA85: 0 | AB85: 0 | AC85: 0 | AD85: 7673599840 | AE85: 32041236730 | AF85: 24658895322 | AG85: 24848124028 | AH85: 25851353102 | AI85: 218095380 | AJ85: 1665987985 | AK85: 1665987985 | AL85: 23030226075 | AM85: 18217851600 | AN85: 4031903040 | AO85: 0 | AP85: -540918440 | AQ85: 4278155246 | AR85: 14749203650 | AS85: 36030101433 | AT85: 34757495667 | AU85: 14991723009 | AV85: 39469513 | AW85: 9371572336 | AX85: 34895916928 | AY85: 41546475913 | AZ85: 33988016157 | BA85: 18937903421 | BB85: 15058088135 | BC85: 3447698110 | BD85: 75365353 | BE85: 14926125753 | BF85: 23340035157 | BG85: 20961721533 | BH85: 14431985238 | BI85: 8912711658 | BJ85: 5995670638 | BK85: 17509392514 | BL85: 11995200530 | BM85: 6213138401 | BN85: 6298509550 | BO85: 10025771454 | BP85: 14080108614 | BQ85: 34213188294
A86: 83 | B86: 3.Phải trả cổ tức, lợi nhuận | C86: 5 | D86: 0 | E86: 0 | F86: 0 | G86: 0 | H86: 0 | I86: 0 | J86: 0 | K86: 0 | L86: 0 | M86: 0 | N86: 0 | O86: 0 | P86: 0 | Q86: 0 | R86: 0 | S86: 0 | T86: 0 | U86: 0 | V86: 0 | W86: 0 | X86: 0 | Y86: 0 | Z86: 0 | AA86: 0 | AB86: 0 | AC86: 0 | AD86: 0 | AE86: 0 | AF86: 0 | AG86: 0 | AH86: 0 | AI86: 0 | AJ86: 0 | AK86: 0 | AL86: 0 | AM86: 0 | AN86: 0 | AO86: 0 | AP86: 0 | AQ86: 0 | AR86: 0 | AS86: 0 | AT86: 0 | AU86: 0 | AV86: 0 | AW86: 0 | AX86: 0 | AY86: 0
A87: 84 | B87: 4.Thuế và các khoản phải nộp Nhà nước ngắn hạn | C87: 5 | D87: 134897786 | E87: 169163266 | F87: 285299970 | G87: 371612610 | H87: 407631656 | I87: 491580057 | J87: 2926207394 | K87: 3089788816 | L87: 3517318240 | M87: 709335738 | N87: 741628871 | O87: 74374300 | P87: 1022113431 | Q87: 988086773 | R87: 942371452 | S87: 1129056403 | T87: 1640392841 | U87: 1852669874 | V87: 1157754100 | W87: 1921380863 | X87: 2208331209 | Y87: 1347620221 | Z87: 1891903018 | AA87: 17285052915 | AB87: 17887360770 | AC87: 4697672280 | AD87: 4813106718 | AE87: 0 | AF87: 0 | AG87: 3263749312 | AH87: 4153075475 | AI87: 6695983130 | AJ87: 11255215323 | AK87: 14752310408 | AL87: 16565877384 | AM87: 8313923152 | AN87: 8898739732 | AO87: 1567041590 | AP87: 1567041590 | AQ87: 145412873 | AR87: 2526331 | AS87: 17283890 | AT87: 0 | AU87: 0 | AV87: 0 | AW87: 0 | AX87: 0 | AY87: 7646385732 | AZ87: 2773116077 | BA87: 4518229531 | BB87: 6886686516 | BC87: 7470833894 | BD87: 12458087898 | BE87: 9494100798 | BF87: 5591611785 | BG87: 5843676544 | BH87: 4494183632 | BI87: 3950455452 | BJ87: 3074628856 | BK87: 6575593057 | BL87: 2125485230 | BM87: 2202657518 | BN87: 687237014 | BO87: 681723426 | BP87: 841764804 | BQ87: 1683178383
A88: 85 | B88: 5.Phải trả người lao động | C88: 5 | D88: 554968182 | E88: 697343066 | F88: 721543641 | G88: 1063497666 | H88: 993181301 | I88: 785433523 | J88: 462948488 | K88: 321083094 | L88: 355426673 | M88: 831001268 | N88: 1220531394 | O88: 1349347609 | P88: 350104810 | Q88: 1486935780 | R88: 1822214959 | S88: 2326143380 | T88: 2370944746 | U88: 2642569462 | V88: 2437166002 | W88: 2934192885 | X88: 3166789067 | Y88: 3369909455 | Z88: 3625277741 | AA88: 5816094573 | AB88: 4202914580 | AC88: 4010590788 | AD88: 4184221690 | AE88: 5033150240 | AF88: 5048649993 | AG88: 5133281084 | AH88: 5076894562 | AI88: 0 | AJ88: 5397181503 | AK88: 5352208319 | AL88: 5475786153 | AM88: 9617654559 | AN88: 10128031033 | AO88: 6218009406 | AP88: 6555513609 | AQ88: 7649364322 | AR88: 7249642948 | AS88: 7169425301 | AT88: 6912460758 | AU88: 456962693 | AV88: 7439470114 | AW88: 7375957571 | AX88: 7548660274 | AY88: 11760267089 | AZ88: 7452851745 | BA88: 7981672191 | BB88: 8135040430 | BC88: 505632229 | BD88: 9296428166 | BE88: 9543385489 | BF88: 9205268728 | BG88: 9535380096 | BH88: 10074815641 | BI88: 9365267323 | BJ88: 9132322907 | BK88: 9289786517 | BL88: 17091977517 | BM88: 8616217662 | BN88: 8622933213 | BO88: 10380484365 | BP88: 8734302003 | BQ88: 9489882545
A89: 86 | B89: 6.Chi phí phải trả ngắn hạn | C89: 5 | D89: 5012567515 | E89: 4797839634 | F89: 4880030620 | G89: 5018671303 | H89: 835966829 | I89: 999809780 | J89: 1109469583 | K89: 1221142152 | L89: 1272568188 | M89: 2211932934 | N89: 2026624454 | O89: 1946017852 | P89: 1064762807 | Q89: 1289758349 | R89: 2474115112 | S89: 5062905478 | T89: 3538939169 | U89: 1614653991 | V89: 2578607052 | W89: 2478285320 | X89: 3238570913 | Y89: 3906544866 | Z89: 4511880014 | AA89: 3428704752 | AB89: 776003978 | AC89: 1754256892 | AD89: 2747112908 | AE89: 3088774819 | AF89: 4260551218 | AG89: 4913789642 | AH89: 5981449353 | AI89: 7240095424 | AJ89: 8362193377 | AK89: 9183985999 | AL89: 11973366181 | AM89: 16002159781 | AN89: 15355121373 | AO89: 22067539102 | AP89: 6522564543 | AQ89: 16391725866 | AR89: 25887367165 | AS89: 8854068160 | AT89: 18522703687 | AU89: 31289196795 | AV89: 16810846632 | AW89: 24050388306 | AX89: 32028968920 | AY89: 16521426792 | AZ89: 12992485838 | BA89: 18140837282 | BB89: -6247336694 | BC89: -4221870182 | BD89: -636813506 | BE89: 209989120 | BF89: 16596396339 | BG89: 22300697137 | BH89: 15233456716 | BI89: 21020315535 | BJ89: 25722544862 | BK89: 18860860041 | BL89: 17463423609 | BM89: 17173577929 | BN89: 16192573933 | BO89: 20408777583 | BP89: 21161124363 | BQ89: 22511017257
A90: 87 | B90: 7.Phải trả nội bộ ngắn hạn | C90: 5 | D90: 0 | E90: 0 | F90: 0 | G90: 0 | H90: 0 | I90: 0 | J90: 0 | K90: 0 | L90: 0 | M90: 0 | N90: 0 | O90: 0 | P90: 0 | Q90: 0 | R90: 0 | S90: 0 | T90: 0 | U90: 0 | V90: 0 | W90: 0 | X90: 0 | Y90: 0 | Z90: 0 | AA90: 0 | AB90: 0 | AC90: 0 | AD90: 0 | AE90: 0 | AF90: 0 | AG90: 0 | AH90: 0 | AI90: 0 | AJ90: 0 | AK90: 0 | AL90: 0 | AM90: 0 | AN90: 0 | AO90: 0 | AP90: 0 | AQ90: 0 | AR90: 0 | AS90: 0 | AT90: 0 | AU90: 0 | AV90: 0 | AW90: 0 | AX90: 0 | AY90: 0 | AZ90: 0 | BA90: 0 | BB90: 0 | BC90: 0 | BD90: 0 | BE90: 0 | BF90: 0 | BG90: 0 | BH90: 0 | BI90: 0 | BJ90: 0 | BK90: 0
A91: 88 | B91: 8.Phải trả theo tiến độ hợp đồng xây dựng ngắn hạn | C91: 5 | D91: 0 | E91: 0 | F91: 0 | G91: 0 | H91: 0 | I91: 0 | J91: 0 | K91: 0 | L91: 0 | M91: 0 | N91: 0 | O91: 0 | P91: 0 | Q91: 0 | R91: 0 | S91: 0 | T91: 0 | U91: 0 | V91: 0 | W91: 0 | X91: 0 | Y91: 0 | Z91: 0 | AA91: 0 | AB91: 0 | AC91: 0 | AD91: 0 | AE91: 0 | AF91: 0 | AG91: 0 | AH91: 0 | AI91: 0 | AJ91: 0 | AK91: 0 | AL91: 0 | AM91: 0 | AN91: 0 | AO91: 0 | AP91: 0 | AQ91: 0 | AR91: 0 | AS91: 0 | AT91: 0 | AU91: 0 | AV91: 0 | AW91: 0 | AX91: 0 | AY91: 0 | AZ91: 0 | BA91: 0 | BC91: 0 | BD91: 0 | BE91: 0 | BF91: 0 | BG91: 0 | BH91: 0 | BI91: 0 | BJ91: 0 | BK91: 0
A92: 89 | B92: 9.Doanh thu chờ phân bổ ngắn hạn | C92: 5 | D92: 0 | E92: 0 | F92: 0 | G92: 0 | H92: 0 | I92: 0 | J92: 0 | K92: 0 | L92: 0 | M92: 0 | N92: 0 | O92: 0 | P92: 0 | Q92: 0 | R92: 0 | S92: 0 | T92: 0 | U92: 0 | V92: 0 | W92: 0 | X92: 0 | Y92: 0 | Z92: 0 | AA92: 0 | AB92: 0 | AC92: 0 | AD92: 0 | AE92: 0 | AF92: 0 | AG92: 0 | AH92: 0 | AI92: 0 | AJ92: 0 | AK92: 0 | AL92: 0 | AM92: 0 | AN92: 0 | AO92: 0 | AP92: 0 | AQ92: 0 | AR92: 0 | AS92: 0 | AT92: 0 | AU92: 0 | AV92: 0 | AW92: 0 | AX92: 0 | AY92: 0 | AZ92: 0 | BA92: 0 | BB92: 0 | BC92: 0 | BD92: 0 | BE92: 0 | BF92: 0 | BG92: 0 | BH92: 0 | BI92: 0 | BJ92: 0 | BK92: 0
A93: 90 | B93: 10.Phải trả ngắn hạn khác | C93: 5 | D93: 100376455 | E93: 167159705 | F93: 1933680785 | G93: 3273743707 | H93: 445324005 | I93: 809450331 | J93: 703766273 | K93: 241478715 | L93: 354821049 | M93: 366111049 | N93: 2347913199 | O93: 828788465 | P93: 5202594805 | Q93: 5218308231 | R93: 6310614195 | S93: 28027064445 | T93: 20908589581 | U93: 20314212605 | V93: 6764658159 | W93: 9188172238 | X93: 10197545467 | Y93: 11120718699 | Z93: 11732730286 | AA93: 56163186097 | AB93: 76788925605 | AC93: 79268841408 | AD93: 43184479917 | AE93: 5718178285 | AF93: 6180566740 | AG93: 8625319144 | AH93: 9578297644 | AI93: 3967521436 | AJ93: 4407617246 | AK93: 19650158527 | AL93: 14984940324 | AM93: 1228291395 | AN93: 20355282311 | AO93: 20072661932 | AP93: 26417436937 | AQ93: 27331419185 | AR93: 19976705931 | AS93: 8557631012 | AT93: 8921341505 | AU93: 8305034290 | AV93: 10611497755 | AW93: 3332301431 | AX93: 5092624624 | AY93: 5848302182 | AZ93: 5950478281 | BA93: 8480710843 | BB93: 6827325037 | BC93: 16529834801 | BD93: 26083619575 | BE93: 11626227888 | BF93: 10463806809 | BG93: 13245650719 | BH93: 3578074988 | BI93: 3829811224 | BJ93: 5090463265 | BK93: 3480132139 | BL93: 3689065948 | BM93: 5696728028 | BN93: 3793714105 | BO93: 3685561052 | BP93: 4140002885 | BQ93: 5089506387
A94: 91 | B94: 11.Vay và nợ thuê tài chính ngắn hạn | C94: 5 | D94: 0 | E94: 0 | F94: 0 | G94: 0 | H94: 0 | I94: 0 | J94: 0 | K94: 0 | L94: 0 | M94: 0 | N94: 0 | O94: 0 | P94: 4330072450 | Q94: 4330072450 | R94: 4330072450 | S94: 4365166410 | T94: 4365166410 | U94: 4365166410 | V94: 8365166410 | W94: 8365166410 | X94: 7365166410 | Y94: 7365166410 | Z94: 7365166410 | AA94: 4365166410 | AB94: 0 | AC94: 9270586055 | AD94: 12435660231 | AE94: 12435660231 | AF94: 0 | AG94: 0 | AH94: 0 | AI94: 3428447309 | AJ94: 0 | AK94: 4244366780 | AL94: 12931910250 | AM94: 24344150250 | AN94: 62822745245 | AO94: 57847834995 | AP94: 101832582537 | AQ94: 144977288403 | AR94: 178905916168 | AS94: 190748518955 | AT94: 168894814805 | AU94: 126048766562 | AV94: 139654417984 | AW94: 155306260478 | AX94: 165536679982 | AY94: 192629821718 | AZ94: 134925554251 | BA94: 43611829278 | BB94: 98003020481 | BC94: 172928907420 | BD94: 200666324688 | BE94: 238388679271 | BF94: 250573370780 | BG94: 294832243750 | BH94: 309616499760 | BI94: 263334816592 | BJ94: 254700704679 | BK94: 262225979238 | BL94: 216818798145 | BM94: 231846507077 | BN94: 179737111410 | BO94: 147514569550 | BP94: 116595603825 | BQ94: 139893015842
A95: 92 | B95: 12.Dự phòng phải trả ngắn hạn | C95: 5 | D95: 0 | E95: 0 | F95: 0 | G95: 0 | H95: 0 | I95: 0 | J95: 0 | K95: 0 | L95: 0 | M95: 0 | N95: 0 | O95: 0 | P95: 0 | Q95: 0 | R95: 0 | S95: 0 | T95: 0 | U95: 0 | V95: 0 | W95: 0 | X95: 0 | Y95: 0 | Z95: 0 | AA95: 0 | AB95: 0 | AC95: 0 | AD95: 0 | AE95: 0 | AF95: 0 | AG95: 0 | AH95: 0 | AI95: 0 | AJ95: 0 | AK95: 0 | AL95: 0 | AM95: 0 | AN95: 0 | AO95: 0 | AP95: 0 | AQ95: 0 | AR95: 0 | AS95: 0 | AT95: 0 | AU95: 0 | AV95: 0 | AW95: 0 | AX95: 0 | AY95: 0 | AZ95: 0 | BA95: 0 | BB95: 0 | BC95: 0 | BD95: 0 | BE95: 0 | BF95: 0 | BG95: 0 | BH95: 0 | BI95: 0 | BJ95: 0 | BK95: 0
A96: 93 | B96: 13.Quỹ khen thưởng, phúc lợi | C96: 5 | D96: 1496718331 | E96: 1496718331 | F96: 1496718331 | G96: 1496718331 | H96: 1496718331 | I96: 1496718331 | J96: 1496718331 | K96: 1496718331 | L96: 1496718331 | M96: 1496718331 | N96: 1496718331 | O96: 1496718331 | P96: 1146718331 | Q96: 1146718331 | R96: 1146718331 | S96: 1146718331 | T96: 1146718331 | U96: 1146718331 | V96: 1146718331 | W96: 1146718331 | X96: 1146718331 | Y96: 1146718331 | Z96: 1146718331 | AA96: 1146718331 | AB96: 1146718331 | AC96: 1146718331 | AD96: 1146718331 | AE96: 923624169 | AF96: 683234500 | AG96: 441957415 | AH96: 189784867 | AI96: 1374992553 | AJ96: 1099351587 | AK96: 816627424 | AL96: 542593460 | AM96: 376813826 | AN96: 376813826 | AO96: 246813826 | AP96: 246813826 | AQ96: 246813826 | AR96: 246813826 | AS96: 246813826 | AT96: 230313826 | AU96: 226063826 | AV96: 695823826 | AW96: 1411383826 | AX96: 1397549382 | AY96: 1222249720 | AZ96: 937249720 | BA96: 927249720 | BB96: 914665720 | BC96: 909665720 | BD96: 906665720 | BE96: 906665720 | BF96: 899772466 | BG96: 680992466 | BH96: 1436632466 | BI96: 1436632466 | BJ96: 1436632466 | BK96: 1434532466 | BL96: 1167032466 | BM96: 1129253175 | BN96: 2090213175 | BO96: 2134053175 | BP96: 2128177975 | BQ96: 2128177975
A97: 94 | B97: 14.Quỹ bình ổn giá | C97: 5 | D97: 0 | E97: 0 | F97: 0 | G97: 0 | H97: 0 | I97: 0 | J97: 0 | K97: 0 | L97: 0 | M97: 0 | N97: 0 | O97: 0 | P97: 0 | Q97: 0 | R97: 0 | S97: 0 | T97: 0 | U97: 0 | V97: 0 | W97: 0 | X97: 0 | Y97: 0 | Z97: 0 | AA97: 0 | AB97: 0 | AC97: 0 | AD97: 0 | AE97: 0 | AF97: 0 | AG97: 0 | AH97: 0 | AI97: 0 | AJ97: 0 | AK97: 0 | AL97: 0 | AM97: 0 | AN97: 0 | AO97: 0 | AP97: 0 | AQ97: 0 | AR97: 0 | AS97: 0 | AT97: 0 | AU97: 0 | AV97: 0 | AW97: 0 | AX97: 0 | AY97: 0 | AZ97: 0 | BA97: 0 | BB97: 0 | BC97: 0 | BD97: 0 | BE97: 0 | BF97: 0 | BG97: 0 | BH97: 0 | BI97: 0 | BJ97: 0
A98: 95 | B98: 15.Giao dịch mua bán lại trái phiếu Chính phủ | C98: 5 | D98: 0 | E98: 0 | F98: 0 | G98: 0 | H98: 0 | I98: 0 | J98: 0 | K98: 0 | L98: 0 | M98: 0 | N98: 0 | O98: 0 | P98: 0 | Q98: 0 | R98: 0 | S98: 0 | T98: 0 | U98: 0 | V98: 0 | W98: 0 | X98: 0 | Y98: 0 | Z98: 0 | AA98: 0 | AB98: 0 | AC98: 0 | AD98: 0 | AE98: 0 | AF98: 0 | AG98: 0 | AH98: 0 | AI98: 0 | AJ98: 0 | AK98: 0 | AL98: 0 | AM98: 0 | AN98: 0 | AO98: 0 | AP98: 0 | AQ98: 0 | AR98: 0 | AS98: 0 | AT98: 0 | AU98: 0 | AV98: 0 | AW98: 0 | AX98: 0 | AY98: 0 | AZ98: 0 | BA98: 0 | BB98: 0 | BC98: 0 | BD98: 0 | BE98: 0 | BF98: 0 | BG98: 0 | BH98: 0 | BI98: 0 | BJ98: 0
A99: 96 | B99: II.Nợ dài hạn | C99: 5 | D99: 28007547612 | E99: 32336834562 | F99: 33234443962 | G99: 39273401515 | H99: 49100995174 | I99: 50864988155 | J99: 57170903102 | K99: 57170903102 | L99: 57170903102 | M99: 61540612105 | N99: 66698756965 | O99: 74718069914 | P99: 82551938092 | Q99: 88743184498 | R99: 99630640970 | S99: 116871243803 | T99: 138183925734 | U99: 147369371615 | V99: 151763072730 | W99: 158455180649 | X99: 172554869346 | Y99: 188378060257 | Z99: 188378060257 | AA99: 0 | AB99: 0 | AC99: 3468826270 | AD99: 10275854270 | AE99: 17470854270 | AF99: 31420252270 | AG99: 34189252270 | AH99: 37877252270 | AI99: 42302764270 | AJ99: 46876764270 | AK99: 56744764270 | AL99: 67865576270 | AM99: 58824336270 | AN99: 77616411070 | AO99: 77522351070 | AP99: 77463351070 | AQ99: 77168157678 | AR99: 75214867678 | AS99: 76544035678 | AT99: 76656842286 | AU99: 75999782286 | AV99: 76594782286 | AW99: 76818588894 | AX99: 103444528894 | AY99: 84737345522 | AZ99: 108410341946 | BA99: 104162504168 | BB99: 103325726390 | BC99: 102252755220 | BD99: 98004917442 | BE99: 77121791394 | BF99: 76048820224 | BG99: 74463510446 | BH99: 73626732668 | BI99: 68573133942 | BJ99: 69631372942 | BK99: 50382254354 | BL99: 49472841415 | BM99: 71400341415 | BN99: 80100341415 | BO99: 80100341415 | BP99: 154933236415 | BQ99: 154933236415
A100: 97 | B100: 1.Phải trả người bán dài hạn | C100: 5 | D100: 0 | E100: 0 | F100: 0 | G100: 0 | H100: 0 | I100: 0 | J100: 0 | K100: 0 | L100: 0 | M100: 0 | N100: 0 | O100: 0 | P100: 0 | Q100: 0 | R100: 0 | S100: 0 | T100: 0 | U100: 0 | V100: 0 | W100: 0 | X100: 0 | Y100: 0 | Z100: 0 | AA100: 0 | AB100: 0 | AC100: 0 | AD100: 0 | AE100: 0 | AF100: 0 | AG100: 0 | AH100: 0 | AI100: 0 | AJ100: 0 | AK100: 0 | AL100: 0 | AM100: 0 | AN100: 0 | AO100: 0 | AP100: 0 | AQ100: 0 | AR100: 0 | AS100: 0 | AT100: 0 | AU100: 0 | AV100: 0 | AW100: 0 | AX100: 0 | AY100: 0 | AZ100: 0 | BA100: 0 | BB100: 0 | BC100: 0 | BD100: 0 | BE100: 0 | BF100: 0 | BG100: 0 | BH100: 0 | BI100: 0 | BJ100: 0 | BK100: 0
...

Sheet Ket qua kinh doanh
B1: CTY CP NHỰA TÁI CHẾ DUY TÂN
B2: VND
A3: Index PL | B3: PHẦN II-KẾT QUẢ HOẠT ĐỘNG KINH DOANH | C3: TenCongTyID | D3: T1.2021 | E3: T02.2021 | F3: T03.2021 | G3: T04.2021 | H3: T05.2021 | I3: T06.2021 | J3: T07.2021 | K3: T08.2021 | L3: T09.2021 | M3: T10.2021 | N3: T11.2021 | O3: T12.2021 | P3: T1.2022 | Q3: T02.2022 | R3: T03.2022 | S3: T04.2022 | T3: T05.2022 | U3: T06.2022 | V3: T07.2022 | W3: T08.2022 | X3: T09.2022 | Y3: T10.2022 | Z3: T11.2022 | AA3: T12.2022 | AB3: T1.2023 | AC3: T02.2023 | AD3: T03.2023 | AE3: T04.2023 | AF3: T05.2023 | AG3: T06.2023 | AH3: T07.2023 | AI3: T08.2023 | AJ3: T09.2023 | AK3: T10.2023 | AL3: T11.2023 | AM3: T12.2023 | AN3: T01.2024 | AO3: T02.2024 | AP3: T03.2024 | AQ3: T04.2024 | AR3: T05.2024 | AS3: T06.2024 | AT3: T07.2024 | AU3: T08.2024 | AV3: T09.2024 | AW3: T10.2024 | AX3: T11.2024 | AY3: T12.2024 | AZ3: T01.2025 | BA3: T02.2025 | BB3: T03.2025 | BC3: T04.2025 | BD3: T05.2025 | BE3: T06.2025 | BF3: T07.2025 | BG3: T08.2025 | BH3: T09.2025 | BI3: T10.2025 | BJ3: T11.2025 | BK3: T12.2025 | BL3: T01.2026 | BM3: T02.2026 | BN3: T03.2026 | BO3: T04.2026 | BP3: T05.2026 | BQ3: T06.2026 | BR3: T07.2026 | BS3: T08.2026 | BT3: T09.2026 | BU3: T10.2026 | BV3: T11.2026 | BW3: T12.2026
A4: 1 | B4: Sản lượng (kg) | C4: 5 | D4: 76.025 | E4: 61 | F4: 303.8 | G4: 215.35 | H4: 35.93 | I4: 30.437 | J4: 87.5 | K4: 69.2 | L4: 115.5 | M4: 262.5 | N4: 284.8 | O4: 589.92 | P4: 250.8 | Q4: 242 | R4: 710 | S4: 815.189 | T4: 578.208 | U4: 678.9 | V4: 421.5 | W4: 1104.468 | X4: 1030.32 | Y4: 1178.275 | Z4: 981.1 | AA4: 1860.105 | AB4: 651.8 | AC4: 653.075 | AD4: 1875.95 | AE4: 1792.575 | AF4: 1632.875 | AG4: 1573.975 | AH4: 2078.599 | AI4: 2591.943 | AJ4: 2246.875 | AK4: 3057.347 | AL4: 2111.308 | AM4: 2315.768 | AN4: 3553.2 | AO4: 2285.051 | AP4: 2972.068 | AQ4: 3202.752 | AR4: 3455.89 | AS4: 2432.325 | AT4: 1986.853 | AU4: 5184.5942 | AV4: 4932.507 | AW4: 4058.203 | AX4: 2606.253 | AY4: 3375.148 | AZ4: 3612.7513 | BA4: 6002.038 | BB4: 4985.538 | BC4: 4060.361 | BD4: 4785.7603 | BE4: 3895.695 | BF4: 4652.4191 | BG4: 5655.27 | BH4: 3106.292 | BI4: 3393.537 | BJ4: 3040.82 | BK4: 3185.679 | BL4: 4409.992 | BM4: 3267.6 | BN4: 6445.446 | BO4: 5748.625 | BP4: 5140.924 | BQ4: 4096.5715
A5: 2 | B5: 1.Doanh thu bán hàng và cung cấp dịch vụ | C5: 5 | D5: 2192940600 | E5: 1791822000 | F5: 8682084600 | G5: 6264332700 | H5: 1376973402 | I5: 904631370 | J5: 3085582842 | K5: 2036756400 | L5: 4007834643 | M5: 8372308560 | N5: 8615033640 | O5: 13231975164 | P5: 7498036216 | Q5: 6876982200 | R5: 21877405036 | S5: 27424133378 | T5: 18350378815 | U5: 21902018748 | V5: 15882148168 | W5: 38706132850 | X5: 36809694250 | Y5: 41577847270 | Z5: 34741567940 | AA5: 58684343202 | AB5: 24985455241 | AC5: 23042319009 | AD5: 59212986698 | AE5: 54287237375 | AF5: 57641008821 | AG5: 50922412416 | AH5: 53533092198 | AI5: 78282463651 | AJ5: 64916176630 | AK5: 84671529098 | AL5: 62903041444 | AM5: 71156644730 | AN5: 95961616736 | AO5: 70105871996 | AP5: 92109508133 | AQ5: 97489092894 | AR5: 102501453344 | AS5: 68093170109 | AT5: 56451269692 | AU5: 160372945473 | AV5: 161501484254 | AW5: 119734804022 | AX5: 76175498864 | AY5: 110890509220 | AZ5: 114976445897 | BA5: 188477338235 | BB5: 150730683132 | BC5: 125734240353 | BD5: 153674258114 | BE5: 119843310993 | BF5: 138018360641 | BG5: 169442946928 | BH5: 91484253567 | BI5: 108928556660 | BJ5: 89826973802 | BK5: 100861213901 | BL5: 126786913920 | BM5: 96600110916 | BN5: 174261948689 | BO5: 159143428903 | BP5: 160987273061 | BQ5: 123233804019
A6: 3 | B6: 2.Các khoản giảm trừ doanh thu | C6: 5 | D6: 0 | E6: 0 | F6: 0 | G6: 0 | H6: 0 | I6: 36461250 | J6: 0 | K6: 686000 | L6: 0 | M6: 0 | N6: 0 | O6: 31203900 | P6: 0 | Q6: 765658695 | R6: -760221195 | S6: 0 | T6: 0 | U6: 0 | V6: 3076000 | W6: 346771999 | X6: 0 | Y6: 0 | Z6: 43346500 | AA6: 0 | AB6: 0 | AC6: 0 | AD6: 453218 | AE6: 195177 | AF6: 9024000 | AG6: 18714230 | AH6: 6765000 | AI6: 0 | AJ6: 0 | AK6: 0 | AL6: 0 | AM6: 0 | AN6: 0 | AO6: 1166125000 | AP6: 0 | AQ6: 0 | AR6: 136455000 | AS6: 0 | AT6: 0 | AU6: 6345077301 | AV6: 4671587529 | AW6: 2922205276 | AX6: 49359030 | AY6: 4680420540 | AZ6: 513935495 | BA6: 477877176 | BB6: 477350452 | BC6: 304590498 | BD6: 1607115262 | BE6: 708638196 | BF6: 26953743 | BG6: 1000293545 | BH6: 6773818500 | BI6: 0 | BJ6: 1479093000 | BK6: 1103092320 | BL6: 687876997 | BM6: 33305556 | BN6: 956126160 | BO6: 86574074 | BP6: 1221964024 | BQ6: 249465491
A7: 4 | B7: 3.Doanh thu thuần về bán hàng và cung cấp dịch vụ | C7: 5 | D7: 2192940600 | E7: 1791822000 | F7: 8682084600 | G7: 6264332700 | H7: 1376973402 | I7: 868170120 | J7: 3085582842 | K7: 2036070400 | L7: 4007834643 | M7: 8372308560 | N7: 8615033640 | O7: 13200771264 | P7: 7498036216 | Q7: 6111323505 | R7: 22637626231 | S7: 27424133378 | T7: 18350378815 | U7: 21902018748 | V7: 15879072168 | W7: 38359360851 | X7: 36809694250 | Y7: 41577847270 | Z7: 34698221440 | AA7: 58684343202 | AB7: 24985455241 | AC7: 23042319009 | AD7: 59212533480 | AE7: 54287042198 | AF7: 57631984821 | AG7: 50903698186 | AH7: 53526327198 | AI7: 78282463651 | AJ7: 64916176630 | AK7: 84671529098 | AL7: 62903041444 | AM7: 71156644730 | AN7: 95961616736 | AO7: 68939746996 | AP7: 92109508133 | AQ7: 97489092894 | AR7: 102364998344 | AS7: 68093170109 | AT7: 56451269692 | AU7: 154027868172 | AV7: 156829896725 | AW7: 116812598746 | AX7: 76126139834 | AY7: 106210088680 | AZ7: 114462510402 | BA7: 187999461059 | BB7: 150253332680 | BC7: 125429649855 | BD7: 152067142852 | BE7: 119134672797 | BF7: 137991406898 | BG7: 168442653383 | BH7: 84710435067 | BI7: 108928556660 | BJ7: 88347880802 | BK7: 99758121581 | BL7: 126099036923 | BM7: 96566805360 | BN7: 173305822529 | BO7: 159056854829 | BP7: 159765309037 | BQ7: 122984338528
A8: 5 | B8: 4.Giá vốn hàng bán | C8: 5 | D8: 1714389259 | E8: 1513381552 | F8: 6687623393 | G8: 4774057263 | H8: 1087102095 | I8: 807656278 | J8: 2716172489 | K8: 4315716140 | L8: 4265960659 | M8: 7443114351 | N8: 7773986301 | O8: 12188974942 | P8: 6843552810 | Q8: 6912963718 | R8: 19836366360 | S8: 21907875072 | T8: 15580244606 | U8: 18312738285 | V8: 12006617281 | W8: 32529935445 | X8: 32281385317 | Y8: 38377094489 | Z8: 30963456194 | AA8: 64348987323 | AB8: 20792367485 | AC8: 21918378947 | AD8: 61251223688 | AE8: 53942190282 | AF8: 50245648463 | AG8: 7904131770 | AH8: 44797235508 | AI8: 62222051344 | AJ8: 37728980820 | AK8: 61940025172 | AL8: 49113504898 | AM8: 46738804301 | AN8: 85841765176 | AO8: 68748321616 | AP8: 86824377307 | AQ8: 85475594862 | AR8: 99208228636 | AS8: 69795611979 | AT8: 61217801757 | AU8: 147970813832 | AV8: 132769623597 | AW8: 112138441893 | AX8: 70998442117 | AY8: -22758768790 | AZ8: 96299447936 | BA8: 154570631505 | BB8: 129509315823 | BC8: 109641808151 | BD8: 129906078108 | BE8: 105463649620 | BF8: 128673842020 | BG8: 155101842643 | BH8: 83113314505 | BI8: 99966937216 | BJ8: 80940600844 | BK8: 70308328665 | BL8: 115080112871 | BM8: 90411470461 | BN8: 165844739865 | BO8: 141086003219 | BP8: 137580032058 | BQ8: 103435583559
A9: 6 | B9: 5.Lợi nhuận gộp về bán hàng | C9: 5 | D9: 478551341 | E9: 278440448 | F9: 1994461207 | G9: 1490275437 | H9: 289871307 | I9: 60513842 | J9: 369410353 | K9: -2279645740 | L9: -258126016 | M9: 929194209 | N9: 841047339 | O9: 1011796322 | P9: 654483406 | Q9: -801640213 | R9: 2801259871 | S9: 5516258306 | T9: 2770134209 | U9: 3589280463 | V9: 3872454887 | W9: 5829425406 | X9: 4528308933 | Y9: 3200752781 | Z9: 3734765246 | AA9: -5664644121 | AB9: 4193087756 | AC9: 1123940062 | AD9: -2038690208 | AE9: 344851916 | AF9: 7386336358 | AG9: 42999566416 | AH9: 8729091690 | AI9: 16060412307 | AJ9: 27187195810 | AK9: 22731503926 | AL9: 13789536546 | AM9: 24417840429 | AN9: 10119851560 | AO9: 191425380 | AP9: 5285130826 | AQ9: 12013498032 | AR9: 3156769708 | AS9: -1702441870 | AT9: -4766532065 | AU9: 6057054340 | AV9: 24060273128 | AW9: 4674156853 | AX9: 5127697717 | AY9: 128968857470 | AZ9: 18163062466 | BA9: 33428829554 | BB9: 20744016857 | BC9: 15787841704 | BD9: 22161064744 | BE9: 13671023177 | BF9: 9317564878 | BG9: 13340810740 | BH9: 1597120562 | BI9: 8961619444 | BJ9: 7407279958 | BK9: 29449792916 | BL9: 11018924052 | BM9: 6155334899 | BN9: 7461082664 | BO9: 17970851610 | BP9: 22185276979 | BQ9: 19548754969
A10: 7 | B10: 6.Lãi/lỗ của hoạt động bán, thanh lý bất động sản đầu tư | C10: 5
A11: 8 | B11: 7.Doanh thu hoạt động tài chính | C11: 5 | D11: 1228117 | E11: 1370668 | F11: 503786 | G11: 991223 | H11: 924399 | I11: 2721429 | J11: 5630167167 | K11: 4552274821 | L11: 4006107516 | M11: 1404451824 | N11: 1487413089 | O11: 1240578961 | P11: 1479346434 | Q11: 1527456177 | R11: 1512346597 | S11: 1655612808 | T11: 2665641339 | U11: 1264179580 | V11: 1129143854 | W11: 1236134244 | X11: 1420307305 | Y11: 1826774837 | Z11: 1006924842 | AA11: 516733565 | AB11: 23897328 | AC11: 190776336 | AD11: 16660712 | AE11: 967330723 | AF11: 867791673 | AG11: 866039044 | AH11: 810000497 | AI11: 1331407010 | AJ11: 1045754825 | AK11: 1146315118 | AL11: 946685267 | AM11: 1070037204 | AN11: 702840610 | AO11: 1100851130 | AP11: 994712341 | AQ11: 1735368123 | AR11: 1021938222 | AS11: 578784271 | AT11: 343643819 | AU11: 1242477440 | AV11: 1549112434 | AW11: 2779237425 | AX11: 865910053 | AY11: 2184218732 | AZ11: 773999253 | BA11: 1788435256 | BB11: 931124505 | BC11: 1307926421 | BD11: 2429341904 | BE11: 1641453607 | BF11: 1393514763 | BG11: 1498736488 | BH11: 1228780215 | BI11: 2716737103 | BJ11: 515476780 | BK11: 680982457 | BL11: 1053165322 | BM11: 307705069 | BN11: 839416558 | BO11: 1767937439 | BP11: 1261651212 | BQ11: 1466681763
A12: 9 | B12: 8.Chi phí tài chính | C12: 5 | D12: 167606071 | E12: 221668883 | F12: 208008837 | G12: 262181583 | H12: 294284803 | I12: 376440316 | J12: 341383390 | K12: 424333601 | L12: 404885911 | M12: 376140889 | N12: 457278692 | O12: 450512533 | P12: 566186825 | Q12: 636770194 | R12: 622676693 | S12: 508923847 | T12: 611802389 | U12: 151684906 | V12: 632905650 | W12: 700652271 | X12: 1025151505 | Y12: 1107933886 | Z12: 1595489167 | AA12: 731995330 | AB12: 74107271 | AC12: 30659803 | AD12: 220600896 | AE12: 69167924 | AF12: 49408830 | AG12: 124156445 | AH12: 311284353 | AI12: 709793834 | AJ12: 328510530 | AK12: 475535318 | AL12: 86442609 | AM12: 543801174 | AN12: 801399604 | AO12: 695500231 | AP12: 663502461 | AQ12: 1555671370 | AR12: 936492932 | AS12: 1103852896 | AT12: 1608708972 | AU12: 1489581015 | AV12: 1372261307 | AW12: 636041020 | AX12: 1257673070 | AY12: 993026233 | AZ12: 1529745602 | BA12: 1349010483 | BB12: 902730488 | BC12: 1450570894 | BD12: 858169737 | BE12: 1483876982 | BF12: 1315247967 | BG12: 1366041150 | BH12: 1603769193 | BI12: 2900732378 | BJ12: 1301741764 | BK12: 2479436989 | BL12: 1532817392 | BM12: 1569283837 | BN12: 1510605035 | BO12: 1998884061 | BP12: 1208736058 | BQ12: 1214330425
A13: 10 | B13: Trong đó: Chi phí lãi vay | C13: 5 | D13: 167603935 | E13: 221659846 | F13: 208008837 | G13: 262170575 | H13: 294134531 | I13: 375347816 | J13: 340813568 | K13: 399256526 | L13: 400979485 | M13: 368636370 | N13: 424483338 | O13: 466515776 | P13: 517655739 | Q13: 651086182 | R13: 617884939 | S13: 507919165 | T13: 603465663 | U13: 147007916 | V13: 631302971 | W13: 699695123 | X13: 854484433 | Y13: 862022364 | Z13: 1093552795 | AA13: 539758786 | AB13: 44321388 | AC13: 0 | AD13: 48722388 | AE13: 76187496 | AF13: 68801482 | AG13: 28249626 | AH13: 91396439 | AI13: 93845376 | AJ13: 109400024 | AK13: 129996535 | AL13: 157601782 | AM13: 316883990 | AN13: 460461775 | AO13: 563909516 | AP13: 587315920 | AQ13: 905708142 | AR13: 974310029 | AS13: 1115056080 | AT13: 1160823006 | AU13: 939585045 | AV13: 859444105 | AW13: 840165515 | AX13: 889159081 | AY13: 1032562923 | AZ13: 1114824276 | BA13: 928379281 | BB13: 673966789 | BC13: 888393452 | BD13: 1186588729 | BE13: 1448899822 | BF13: 1242023326 | BG13: 1303560910 | BH13: 1595764355 | BI13: 1368802426 | BJ13: 1256132292 | BK13: 1256103396 | BL13: 1240115065 | BM13: 1156279418 | BN13: 959718564 | BO13: 1062084475 | BP13: 838836791 | BQ13: 856841656
A14: 11 | B14: 9.Chi phí bán hàng | C14: 5 | D14: 0 | E14: 0 | F14: 0 | G14: 0 | H14: 0 | I14: 0 | J14: 0 | K14: 251616145 | L14: 680077987 | M14: 546329598 | N14: 967543289 | O14: 563525432 | P14: 496681104 | Q14: 38696800 | R14: 1520204587 | S14: 3287497220 | T14: 563902784 | U14: 802923682 | V14: 1108487180 | W14: 819028904 | X14: 1282383810 | Y14: 1073636694 | Z14: 1462938929 | AA14: 2233639458 | AB14: 645459129 | AC14: 991254056 | AD14: 1883160244 | AE14: 1145404547 | AF14: 1970368365 | AG14: 1459341885 | AH14: 1450399092 | AI14: 2363556660 | AJ14: 1466584216 | AK14: 2298997918 | AL14: 1849124450 | AM14: 1608920955 | AN14: 2846219487 | AO14: 1219456854 | AP14: 3715738043 | AQ14: 4585159549 | AR14: 1693810954 | AS14: 2407466874 | AT14: 2300964337 | AU14: 8205607205 | AV14: 7036529523 | AW14: 4608951194 | AX14: 1949627546 | AY14: 10266748080 | AZ14: 4006424849 | BA14: 6313682258 | BB14: 5091544776 | BC14: 4077126734 | BD14: 4686536575 | BE14: 4796729528 | BF14: 3449972349 | BG14: 4949095751 | BH14: 2811598286 | BI14: 6688603934 | BJ14: 3413749635 | BK14: 4816680917 | BL14: 3731798004 | BM14: 3202645336 | BN14: 6245695788 | BO14: 5821309126 | BP14: 5915805090 | BQ14: 3803640296
A15: 12 | B15: 10.Chi phí quản lý doanh nghiệp | C15: 5 | D15: 457415751 | E15: 619384345 | F15: 707076077 | G15: 816715935 | H15: 827613489 | I15: 624184259 | J15: 2510720411 | K15: 569609208 | L15: 536039299 | M15: 941857345 | N15: 3424596971 | O15: -831817605 | P15: 1435430845 | Q15: 1479188151 | R15: 1624743284 | S15: 1725353483 | T15: 1803134313 | U15: 1872200320 | V15: 1882239518 | W15: 2444716491 | X15: 2755381317 | Y15: 3239626198 | Z15: 3143544394 | AA15: 6327840763 | AB15: 2772788125 | AC15: 2947588122 | AD15: 3098829707 | AE15: 3036290770 | AF15: 3448026712 | AG15: 3261800788 | AH15: 3348437381 | AI15: 1910475796 | AJ15: 3536419913 | AK15: 3592592574 | AL15: 3600549435 | AM15: 5720814487 | AN15: 5241377343 | AO15: 4647980221 | AP15: 4838115306 | AQ15: 5132788494 | AR15: 5665606587 | AS15: 5470797521 | AT15: 5239042307 | AU15: 6065017937 | AV15: 7524726581 | AW15: 7016385931 | AX15: 7426888275 | AY15: 5833487838 | AZ15: 7638868570 | BA15: 7013534740 | BB15: 7332584934 | BC15: 7155903324 | BD15: 7948694673 | BE15: 7721648228 | BF15: 7616453256 | BG15: 7931593154 | BH15: 9422194647 | BI15: 3775611792 | BJ15: 9875644458 | BK15: 15282438636 | BL15: 8394130638 | BM15: 7959394332 | BN15: 7329810589 | BO15: 8148952142 | BP15: 8010802475 | BQ15: 8218560670
A16: 13 | B16: 11.Lợi nhuận thuần từ hoạt động kinh doanh | C16: 5 | D16: -145242364 | E16: -561242112 | F16: 1079880079 | G16: 412369142 | H16: -831102586 | I16: -937389304 | J16: 3147473719 | K16: 1027070127 | L16: 2126978303 | M16: 469318201 | N16: -2520958524 | O16: 2070154923 | P16: -364468934 | Q16: -1428839181 | R16: 545981904 | S16: 1650096564 | T16: 2456936062 | U16: 2026651135 | V16: 1377966393 | W16: 3101161984 | X16: 885699606 | Y16: -393669160 | Z16: -1460282402 | AA16: -14441386107 | AB16: 724630559 | AC16: -2654785583 | AD16: -7224620343 | AE16: -2938680602 | AF16: 2786324124 | AG16: 39020306342 | AH16: 4428971361 | AI16: 12407993027 | AJ16: 22901435976 | AK16: 17510693234 | AL16: 9200105319 | AM16: 17614341017 | AN16: 1933695736 | AO16: -5270660796 | AP16: -2937512643 | AQ16: 2475246742 | AR16: -4117202543 | AS16: -10105774890 | AT16: -13571603862 | AU16: -8460674377 | AV16: 9675868151 | AW16: -4807983867 | AX16: -4640581121 | AY16: 114059814051 | AZ16: 5762022698 | BA16: 20541037329 | BB16: 8348281164 | BC16: 4412167173 | BD16: 11097005663 | BE16: 1310222046 | BF16: -1670593931 | BG16: 592817173 | BH16: -11011661349 | BI16: -1686591557 | BJ16: -6668379119 | BK16: 7552218831 | BL16: -1586656660 | BM16: -6268283537 | BN16: -6785612190 | BO16: 3769643720 | BP16: 8311584568 | BQ16: 7778905341
A17: 14 | B17: 12.Thu nhập khác | C17: 5 | D17: 0 | E17: 299375994 | F17: 787003464 | G17: 853324557 | H17: 610174630 | I17: 1291891103 | J17: 8989972067 | K17: 40395118 | L17: 2077248 | M17: 399581022 | N17: 2510200174 | O17: 2987715119 | P17: 5351841304 | Q17: 240544660 | R17: 164167319 | S17: 0 | T17: 397562937 | U17: 263298162 | V17: 116035636 | W17: 406946130 | X17: 1142849269 | Y17: 973159654 | Z17: 4531212183 | AA17: 79192287626 | AB17: 332026 | AC17: 0 | AD17: 2 | AE17: 1 | AF17: 0 | AG17: 425 | AH17: 0 | AI17: 0 | AJ17: 0 | AK17: 0 | AL17: 8116 | AM17: 17050592 | AN17: 1945 | AO17: 12000 | AP17: 0 | AQ17: 0 | AR17: 203 | AS17: 58510228 | AT17: 52918371 | AU17: 177726993 | AV17: 999 | AW17: 196700 | AX17: 1398763491 | AY17: -184569027 | AZ17: 500207 | BA17: 2492480 | BB17: 2600082 | BC17: 33918440 | BD17: 115000000 | BE17: 2020926 | BF17: 9788652 | BG17: 244500606 | BH17: 742 | BI17: 819591 | BJ17: 110446 | BK17: 42486461 | BL17: 4505 | BM17: 70001 | BN17: 1144804 | BO17: 10483805 | BQ17: 371201
A18: 15 | B18: 13.Chi phí khác | C18: 5 | D18: 77565 | E18: 0 | F18: 0 | G18: 0 | H18: 6136364 | I18: 0 | J18: 0 | K18: 0 | L18: 0 | M18: 0 | N18: 0 | O18: 3714542474 | P18: 0 | Q18: 274745 | R18: 2093722658 | S18: 631668424 | T18: 567391744 | U18: 150706725 | V18: 2322906 | W18: 1880704 | X18: 593797145 | Y18: 15441 | Z18: 441600828 | AA18: 1024348778 | AB18: 1 | AC18: 236 | AD18: 0 | AE18: 7135172 | AF18: 3500000 | AG18: 99064 | AH18: 0 | AI18: -36000 | AJ18: 0 | AK18: 0 | AL18: 0 | AM18: 187595749 | AN18: 7958068 | AO18: 1 | AP18: 21796958 | AQ18: 2 | AR18: 36200000 | AS18: 168183405 | AT18: 6000002 | AU18: 601 | AV18: 2601033 | AW18: 170398064 | AX18: 202496 | AY18: 8471297430 | AZ18: 1251667 | BA18: 130033300 | BB18: 0 | BC18: 17808640 | BD18: 600 | BE18: 50477376 | BF18: 130663204 | BG18: 539898446 | BH18: 539664890 | BI18: 3515574706 | BJ18: 1106262251 | BK18: 1603033842 | BL18: 106808581 | BM18: 151000202 | BN18: 34000105 | BO18: 76373313 | BP18: 130000650 | BQ18: 100013926
A19: 16 | B19: 14.Lợi nhuận khác | C19: 5 | D19: -77565 | E19: 299375994 | F19: 787003464 | G19: 853324557 | H19: 604038266 | I19: 1291891103 | J19: 8989972067 | K19: 40395118 | L19: 2077248 | M19: 399581022 | N19: 2510200174 | O19: -726827355 | P19: 5351841304 | Q19: 240269915 | R19: -1929555339 | S19: -631668424 | T19: -169828807 | U19: 112591437 | V19: 113712730 | W19: 405065426 | X19: 549052124 | Y19: 973144213 | Z19: 4089611355 | AA19: 78167938848 | AB19: 332025 | AC19: -236 | AD19: 2 | AE19: -7135171 | AF19: -3500000 | AG19: -98639 | AH19: 0 | AI19: 36000 | AJ19: 0 | AK19: 0 | AL19: 8116 | AM19: -170545157 | AN19: -7956123 | AO19: 11999 | AP19: -21796958 | AQ19: -2 | AR19: -36199797 | AS19: -109673177 | AT19: 46918369 | AU19: 177726392 | AV19: -2600034 | AW19: -170201364 | AX19: 1398560995 | AY19: -8655866457 | AZ19: -751460 | BA19: -127540820 | BB19: 2600082 | BC19: 16109800 | BD19: 114999400 | BE19: -48456450 | BF19: -120874552 | BG19: -295397840 | BH19: -539664148 | BI19: -3514755115 | BJ19: -1106151805 | BK19: -1560547381 | BL19: -106804076 | BM19: -150930201 | BN19: -32855301 | BO19: -65889508 | BP19: -130000650 | BQ19: -99642725
A20: 17 | B20: 15.Tổng lợi nhuận kế toán trước thuế | C20: 5 | D20: -145319929 | E20: -261866118 | F20: 1866883543 | G20: 1265693699 | H20: -227064320 | I20: 354501799 | J20: 12137445786 | K20: 1067465245 | L20: 2129055551 | M20: 868899223 | N20: -10758350 | O20: 1343327568 | P20: 4987372370 | Q20: -1188569266 | R20: -1383573435 | S20: 1018428140 | T20: 2287107255 | U20: 2139242572 | V20: 1491679123 | W20: 3506227410 | X20: 1434751730 | Y20: 579475053 | Z20: 2629328953 | AA20: 63726552741 | AB20: 724962584 | AC20: -2654785819 | AD20: -7224620341 | AE20: -2945815773 | AF20: 2782824124 | AG20: 39020207703 | AH20: 4428971361 | AI20: 12408029027 | AJ20: 22901435976 | AK20: 17510693234 | AL20: 9200113435 | AM20: 17443795860 | AN20: 1925739613 | AO20: -5270648797 | AP20: -2959309601 | AQ20: 2475246740 | AR20: -4153402340 | AS20: -10215448067 | AT20: -13524685493 | AU20: -8282947985 | AV20: 9673268117 | AW20: -4978185231 | AX20: -3242020126 | AY20: 105403947594 | AZ20: 5761271238 | BA20: 20413496509 | BB20: 8350881246 | BC20: 4428276973 | BD20: 11212005063 | BE20: 1261765596 | BF20: -1791468483 | BG20: 297419333 | BH20: -11551325497 | BI20: -5201346672 | BJ20: -7774530924 | BK20: 5991671450 | BL20: -1693460736 | BM20: -6419213738 | BN20: -6818467491 | BO20: 3703754212 | BP20: 8181583918 | BQ20: 7679262616
A21: 18 | B21: 16.Chi phí thuế TNDN hiện hành | C21: 5 | D21: 0 | E21: 0 | F21: 373376709 | G21: 253138740 | H21: 0 | I21: 70900360 | J21: 2427489157 | K21: 213493049 | L21: 425811110 | M21: 173779845 | N21: 0 | O21: -1083632052 | P21: 997474474 | Q21: 0 | R21: 0 | S21: 203685628 | T21: 457567861 | U21: 427848514 | V21: 298494225 | W21: 701245482 | X21: 286950346 | Y21: 115895011 | Z21: 525865791 | AA21: 15110212456 | AB21: 144992517 | AC21: 0 | AD21: 0 | AE21: 0 | AF21: 0 | AG21: 5795561979 | AH21: 885794272 | AI21: 2481605805 | AJ21: 4580287195 | AK21: 3502138647 | AL21: 1840022687 | AM21: -8228778287 | AN21: 0 | AO21: 0 | AP21: 0 | AQ21: 0 | AR21: 0 | AS21: 0 | AT21: 0 | AU21: 0 | AV21: 0 | AW21: 0 | AX21: 0 | AY21: 11495266455 | AZ21: 864190686 | BA21: 3020742780 | BB21: 1252632187 | BC21: 677293488 | BD21: 1681800759 | BE21: 189264839 | BF21: -1000088030 | BG21: 204199602 | BH21: -1349170846 | BI21: -516688622 | BJ21: -854033077 | BK21: 3330158442 | BM21: 0 | BN21: -153060867 | BP21: -45841499 | BQ21: 926691756
A22: 19 | B22: 17.Chi phí thuế TNDN hoãn lại | C22: 5 | D22: 0 | E22: 0 | F22: 0 | G22: 0 | H22: 0 | I22: 0 | J22: 0 | K22: 0 | L22: 0 | M22: 0 | N22: 0 | O22: 0 | P22: 0 | Q22: 0 | R22: 0 | S22: 0 | T22: 0 | U22: 0 | V22: 0 | W22: 0 | X22: 0 | Y22: 0 | Z22: 0 | AA22: 0 | AB22: 0 | AC22: 0 | AD22: 0 | AE22: 0 | AF22: 0 | AG22: 0 | AH22: 0 | AI22: 0 | AJ22: 0 | AK22: 0 | AL22: 0 | AM22: 0 | AN22: 0 | AO22: 0 | AP22: 0 | AQ22: 0 | AR22: 0 | AS22: 0 | AT22: 0 | AU22: 0 | AV22: 0 | AW22: 0 | AX22: 0 | AY22: 1838941310 | AZ22: 0 | BA22: -8043000 | BB22: 0 | BC22: 0 | BE22: 0 | BF22: -1830898310 | BG22: 0 | BH22: 0 | BI22: 0 | BJ22: 0 | BK22: 0 | BM22: 0
A23: 20 | B23: 18.Lợi nhuận sau thuế thu nhập doanh nghiệp | C23: 5 | D23: -145319929 | E23: -261866118 | F23: 1493506834 | G23: 1012554959 | H23: -227064320 | I23: 283601439 | J23: 9709956629 | K23: 853972196 | L23: 1703244441 | M23: 695119378 | N23: -10758350 | O23: 2426959620 | P23: 3989897896 | Q23: -1188569266 | R23: -1383573435 | S23: 814742512 | T23: 1829539394 | U23: 1711394058 | V23: 1193184898 | W23: 2804981928 | X23: 1147801384 | Y23: 463580042 | Z23: 2103463162 | AA23: 48616340285 | AB23: 579970067 | AC23: -2654785819 | AD23: -7224620341 | AE23: -2945815773 | AF23: 2782824124 | AG23: 33224645724 | AH23: 3543177089 | AI23: 9926423222 | AJ23: 18321148781 | AK23: 14008554587 | AL23: 7360090748 | AM23: 25672574147 | AN23: 1925739613 | AO23: -5270648797 | AP23: -2959309601 | AQ23: 2475246740 | AR23: -4153402340 | AS23: -10215448067 | AT23: -13524685493 | AU23: -8282947985 | AV23: 9673268117 | AW23: -4978185231 | AX23: -3242020126 | AY23: 92069739829 | AZ23: 4897080552 | BA23: 17400796729 | BB23: 7098249059 | BC23: 3750983485 | BD23: 9530204304 | BE23: 1072500757 | BF23: 1039517857 | BG23: 93219731 | BH23: -10202154651 | BI23: -4684658050 | BJ23: -6920497847 | BK23: 2661513008 | BL23: -1693460736 | BM23: -6419213738 | BN23: -6665406624 | BO23: 3703754212 | BP23: 8227425417 | BQ23: 6752570860

Sheet Luu chuyen tien te
B1: CTY CP NHỰA TÁI CHẾ DUY TÂN
B2: VND
A3: Index CF | B3: PHẦN III- LƯU CHUYỂN TIỀN TỆ | C3: TenCongTyID | D3: T1.2021 | E3: T02.2021 | F3: T03.2021 | G3: T04.2021 | H3: T05.2021 | I3: T06.2021 | J3: T07.2021 | K3: T08.2021 | L3: T09.2021 | M3: T10.2021 | N3: T11.2021 | O3: T12.2021 | P3: T1.2022 | Q3: T02.2022 | R3: T03.2022 | S3: T04.2022 | T3: T05.2022 | U3: T06.2022 | V3: T07.2022 | W3: T08.2022 | X3: T09.2022 | Y3: T10.2022 | Z3: T11.2022 | AA3: T12.2022 | AB3: T1.2023 | AC3: T02.2023 | AD3: T03.2023 | AE3: T04.2023 | AF3: T05.2023 | AG3: T06.2023 | AH3: T07.2023 | AI3: T08.2023 | AJ3: T09.2023 | AK3: T10.2023 | AL3: T11.2023 | AM3: T12.2023 | AN3: T01.2024 | AO3: T02.2024 | AP3: T03.2024 | AQ3: T04.2024 | AR3: T05.2024 | AS3: T06.2024 | AT3: T07.2024 | AU3: T08.2024 | AV3: T09.2024 | AW3: T10.2024 | AX3: T11.2024 | AY3: T12.2024 | AZ3: T01.2025 | BA3: T02.2025 | BB3: T03.2025 | BC3: T04.2025 | BD3: T05.2025 | BE3: T06.2025 | BF3: T07.2025 | BG3: T08.2025 | BH3: T09.2025 | BI3: T10.2025 | BJ3: T11.2025 | BK3: T12.2025 | BL3: T01.2026 | BM3: T02.2026 | BN3: T03.2026 | BO3: T04.2026 | BP3: T05.2026 | BQ3: T06.2026 | BR3: T07.2026 | BS3: T08.2026 | BT3: T09.2026 | BU3: T10.2026 | BV3: T11.2026 | BW3: T12.2026
A4: 1 | B4: I. Lưu chuyển tiền từ hoạt động kinh doanh | C4: 5
A5: 2 | B5: Lợi nhuận trước thuế | C5: 5 | D5: -145319929 | E5: -261866118 | F5: 1866883543 | G5: 1265693699 | H5: -227064320 | I5: 354501799 | J5: 12137445786 | K5: 1067465245 | L5: 2129055551 | M5: 868899223 | N5: -10758350 | O5: 3433498631 | P5: 4987372370 | Q5: -1188569266 | R5: -1383573435 | S5: 1018428140 | T5: 2287839303 | U5: 2139242572 | V5: 1492471123 | W5: 3506227410 | X5: 1434751730 | Y5: 579475053 | Z5: 2600310373 | AA5: 72640056425 | AB5: 724962584 | AC5: -2654785819 | AD5: -6797866981 | AE5: -2939069440 | AF5: 2782824124 | AG5: 34272058105 | AH5: 3543177089 | AI5: 12408029027 | AJ5: 22901435976 | AK5: 17510693234 | AL5: 9200113435 | AM5: 21795709649 | AN5: -729878180 | AO5: -5270648797 | AP5: -2959309601 | AQ5: 2475246740 | AR5: -4153402340 | AS5: -10215448067 | AT5: -13524685493 | AU5: -8282947985 | AV5: 9673268117 | AW5: -4978185231 | AX5: -3242020126 | AY5: 105403947594 | AZ5: 5761271238 | BA5: 20413496509 | BB5: 8350881246 | BC5: 4428276973 | BD5: 11212005063 | BE5: 1261765596 | BF5: -1791468483 | BG5: 297419333 | BH5: -11551325497 | BI5: -5201346672 | BJ5: -7774530924 | BK5: 5991671450 | BL5: -1693460736 | BM5: -6419213738 | BN5: -6818467491 | BO5: 3703754212 | BP5: 8181583918 | BQ5: 7679262616
A6: 3 | B6: Điều chỉnh cho các khoản: | C6: 5
A7: 4 | B7: Khấu hao tài sản cố định và BĐSĐT | C7: 5 | D7: 114068470 | E7: 126121801 | F7: 147008613 | G7: 238724372 | H7: 261288664 | I7: 262966527 | J7: 317249464 | K7: 2153982752 | L7: 2152561211 | M7: 2174735343 | N7: 2173203711 | O7: 2197897521 | P7: 2210777959 | Q7: 2217051434 | R7: 2217095155 | S7: 2240561029 | T7: 2275690850 | U7: 2294424862 | V7: 2346967071 | W7: 2477802509 | X7: 2507043136 | Y7: 2574481156 | Z7: 2729148236 | AA7: 2941425837 | AB7: 2001455878 | AC7: 2160797473 | AD7: 2357123101 | AE7: 2505052236 | AF7: 2455297140 | AG7: 2488826869 | AH7: 2598557474 | AI7: 2740124929 | AJ7: 2842072854 | AK7: 2876299744 | AL7: 2880806619 | AM7: 3027917155 | AN7: 2998479509 | AO7: 3003358762 | AP7: 2998978933 | AQ7: 3181024399 | AR7: 3238724278 | AS7: 3240440023 | AT7: 3274496481 | AU7: 3295429795 | AV7: 3434711622 | AW7: 3434792405 | AX7: 3448986541 | AY7: 3762460661 | AZ7: 3803154168 | BA7: 3804698614 | BB7: 4002633975 | BC7: 3905195928 | BD7: 4091854986 | BE7: 4087468338 | BF7: 4085457551 | BG7: 4092995160 | BH7: 4407500048 | BI7: 4260856692 | BJ7: 4421950561 | BK7: 4442318343 | BL7: 2133968845 | BM7: 2103008488 | BN7: 2118111558 | BO7: 2277961573 | BP7: 2330977557 | BQ7: 2329762280
A8: 5 | B8: Các khoản dự phòng | C8: 5 | D8: 0 | E8: 0 | F8: 0 | G8: 0 | H8: 0 | I8: 0 | J8: 0 | K8: 0 | L8: 0 | M8: 0 | N8: 0 | O8: 0 | P8: 0 | Q8: 0 | R8: 0 | S8: 0 | T8: 0 | V8: 0 | AA8: 1743698927
A9: 6 | B9: Lãi, lỗ chênh lệch tỷ giá do đánh giá lại các khoản mục tiền tệ có gốc ngoại tệ | C9: 5 | U9: 113009721 | V9: 24337805 | W9: -166725398 | X9: -212327323 | Y9: -490740481 | Z9: -11949559 | AA9: 82868638 | AB9: -82993206 | AC9: -55931047 | AD9: 244585730 | AE9: 26688844 | AF9: -97199889 | AG9: -4239375 | AH9: 216989955 | AI9: -303620379 | AJ9: 61953179 | AK9: -123172159 | AL9: -253311598 | AM9: 110438572 | AN9: -55279705 | AO9: -427077314 | AP9: -320017067 | AQ9: -242395730 | AR9: -818581781 | AS9: -185223798 | AT9: -180874896 | AU9: -263960563 | AV9: -297048858 | AW9: -1429021178 | AX9: -522578257 | AY9: -1311270209 | AZ9: -357780096 | BA9: -1275864519 | BB9: -608968263 | BC9: -658231709 | BD9: -1643945913 | BE9: -645043805 | BF9: -757881624 | BG9: -621393506 | BH9: -844098636 | BI9: -1011211322 | BJ9: -120205688 | BK9: -252471998 | BL9: -282378363 | BM9: -195993248 | BN9: -773200542 | BO9: -16042566 | BP9: -618868933 | BQ9: -301467078
A10: 7 | B10: Lãi, lỗ từ hoạt động đầu tư, tài chính | C10: 5 | D10: -1228117 | E10: -1370668 | F10: -503786 | G10: -991223 | H10: -924399 | I10: -2721429 | J10: -5630167167 | K10: -4552274821 | L10: -4006107516 | M10: -1404451824 | N10: -1487413089 | O10: -1249240389 | P10: -1479346434 | Q10: -1527456177 | R10: -1512346597 | S10: -1655612808 | T10: -2665641339 | U10: -1095282706 | V10: -1081534844 | W10: -1070482305 | X10: -1037312910 | Y10: -1071806869 | Z10: -977080872 | AA10: -72743919982 | AB10: -8374739 | AC10: -4079373 | AD10: -9099455 | AE10: -2096588 | AF10: -5188030 | AG10: -1509288 | AH10: -1391718 | AI10: -684834 | AK10: -631102 | AL10: -149280 | AM10: -133934 | AO10: -296561 | AP10: -171678249 | AQ10: -808078 | AR10: -439987 | AS10: -482338 | AT10: -374904 | AU10: -1014834 | AV10: -826804 | AW10: -156232879 | AX10: -1036275 | AY10: -1314400686 | AZ10: -398202236 | BA10: -1278506781 | BB10: -681642 | BC10: -1661994 | BD10: -649627 | BE10: -989334 | BF10: -870633 | BG10: -913181 | BH10: -1031619 | BI10: -717642885 | BJ10: -81582428 | BK10: -337960853 | BL10: -1708611 | BM10: -1116123 | BN10: -2001208197 | BO10: -803441325 | BP10: -73063458 | BQ10: -42752896
A11: 8 | B11: Chi phí đi vay | C11: 5 | D11: 167603935 | E11: 221659846 | F11: 208008837 | G11: 262170575 | H11: 294134531 | I11: 375347816 | J11: 340813568 | K11: 399256526 | L11: 400979485 | M11: 368636370 | N11: 424483338 | O11: 466515776 | P11: 517655739 | Q11: 651086182 | R11: 617884939 | S11: 507919165 | T11: 603465663 | U11: 147007916 | V11: 631302971 | W11: 699695123 | X11: 854484433 | Y11: 862022364 | Z11: 1093552795 | AA11: 539758786 | AB11: 44321388 | AD11: 71817780 | AE11: 71817780 | AF11: 68801482 | AG11: 28249626 | AH11: 91396439 | AI11: 93845376 | AJ11: 109400024 | AK11: 129996535 | AL11: 157601782 | AM11: 316883990 | AN11: 422755791 | AO11: 563909516 | AP11: 567924561 | AQ11: 840791009 | AR11: 961855770 | AS11: 1030712173 | AT11: 1160823006 | AU11: 939585045 | AV11: 859444105 | AW11: 840165515 | AX11: 889159081 | AY11: 1032562923 | AZ11: 739360517 | BA11: 1303843040 | BB11: 673966789 | BC11: 888393452 | BD11: 1186588729 | BE11: 1448899822 | BF11: 1242023326 | BG11: 1303560910 | BH11: 1595764355 | BI11: 1368802426 | BJ11: 1256132292 | BK11: 1256103396 | BL11: 1240115065 | BM11: 1156279418 | BN11: 959718564 | BO11: 1062084475 | BP11: 838836791 | BQ11: 856841656
A12: 9 | B12: Các khoản điều chỉnh khác | C12: 5
A13: 10 | B13: Lợi nhuận từ hoạt động kinh doanh trước thay đổi vốn lưu động | C13: 5 | D13: =SUM(D5:D12) -> 135124359 | E13: =SUM(E5:E12) -> 84544861 | F13: =SUM(F5:F12) -> 2221397207 | G13: =SUM(G5:G12) -> 1765597423 | H13: =SUM(H5:H12) -> 327434476 | I13: =SUM(I5:I12) -> 990094713 | J13: =SUM(J5:J12) -> 7165341651 | K13: =SUM(K5:K12) -> -931570298 | ... BM13: =SUM(BM5:BM12) -> -3357035203 | BN13: -6515046108 | BO13: 6224316369 | BP13: 10659465875 | BQ13: 10521646578
A14: 11 | B14: Tăng / giảm các khoản phải thu | C14: 5 | D14: 122399458 | E14: 9984945935 | F14: -4421121322 | G14: 8555400437 | H14: 4930930352 | I14: 2772788072 | J14: -13248848936 | K14: 191249116968 | L14: 516674054 | M14: -2457250418 | N14: -11518762948 | O14: 2813711238 | P14: 5191591024 | Q14: 21943573233 | R14: -5085586039 | S14: 2719219042 | T14: 25233273015 | U14: 5027353395 | V14: -1360245580 | W14: -88609141 | X14: -6476122332 | Y14: -2105057986 | Z14: -3553230225 | AA14: -11443574598 | AB14: -15384260798 | AC14: 12534854303 | AD14: -5922772876 | AE14: 13554517429 | AF14: -3252306478 | AG14: -2044809933 | AH14: 6381696130 | AI14: 5218237206 | AJ14: 5150474385 | AK14: -38905760482 | AL14: -5085122637 | AM14: -21851561072 | AN14: -5652437642 | AO14: 12718033317 | AP14: -27842598162 | AQ14: -18112988822 | AR14: -13542246944 | AS14: -22167334330 | AT14: 85173759375 | AU14: -23854718494 | AV14: -33309317893 | AW14: -980685357 | AX14: -50275873317 | AY14: 48930483720 | AZ14: 48855114582 | BA14: -44766736418 | BB14: -37871215662 | BC14: 28625577432 | BD14: -55448925268 | BE14: 720428098 | BF14: 256498082 | BG14: -61126022727 | BH14: 55449630438 | BI14: 42194737277 | BJ14: 12367013188 | BK14: -17408925524 | BL14: 39597006477 | BM14: -9297134733 | BN14: -22676819845 | BO14: -5736472414 | BP14: -8128869025 | BQ14: -11814070908
A15: 12 | B15: Tăng / giảm hàng tồn kho | C15: 5 | D15: -5157037814 | E15: -1774378566 | F15: -2082953136 | G15: -8184621501 | H15: -10026917639 | I15: -2566137116 | J15: -377169992 | K15: 1620430933 | L15: -116069333 | M15: 339009358 | N15: -11097132499 | O15: -11605862463 | P15: -14193440098 | Q15: -7436249661 | R15: -16069946385 | S15: -23786506760 | T15: -33380186685 | U15: -22060627767 | V15: -11407281139 | W15: 1142218834 | X15: 6440027823 | Y15: -14912074676 | Z15: -19350448907 | AA15: 16596605959 | AB15: -11907911549 | AC15: -17336691953 | AD15: -5417183945 | AE15: -5831971308 | AF15: -4397059487 | AG15: 1357388734 | AH15: -11905997239 | AI15: -10499324383 | AJ15: 4086400268 | AK15: -5316575280 | AL15: -40534819790 | AM15: -31386551977 | AN15: -62048923911 | AO15: -6967205423 | AP15: -41958712604 | AQ15: -40309960571 | AR15: -45123242085 | AS15: -25153534354 | AT15: -23609068040 | AU15: 40963897237 | AV15: -9261864488 | AW15: 2566665862 | AX15: -41434587500 | AY15: -17812326753 | AZ15: 39011677209 | BA15: 82988328541 | BB15: 15465577608 | BC15: -54309944038 | BD15: -3833514940 | BE15: -17092818286 | BF15: -5007590876 | BG15: 325978186 | BH15: -15929021809 | BI15: 12975330253 | BJ15: 656481204 | BK15: -11864351833 | BL15: 28329195342 | BM15: 31941082654 | BN15: 77094855201 | BO15: 55037438938 | BP15: 8532767673 | BQ15: -26467578285
A16: 13 | B16: Tăng / giảm các khoản phải trả (Không bao gồm lãi vay phải trả, thuế TNDN phải nộp) | C16: 5 | D16: -2538474274 | E16: -2124396877 | F16: -1040516398 | G16: -2839320253 | H16: 5554342872 | I16: -1036239540 | J16: 7701399045 | K16: 11521406622 | L16: 4712901541 | M16: -7683731065 | N16: 11446096196 | O16: 2922047183 | P16: -3451888448 | Q16: -893459272 | R16: -5172454704 | S16: 23121647712 | T16: -9953667113 | U16: 8560393508 | V16: -1525571399 | W16: 16985431145 | X16: 4239930536 | Y16: 1281420734 | Z16: -2395635044 | AA16: -3488402345 | AB16: 168275993 | AC16: 14750375594 | AD16: 17617693114 | AE16: -11995630436 | AF16: 6247756170 | AG16: -14272377858 | AH16: -889326163 | AI16: -31406765376 | AJ16: -32584890267 | AK16: 15996583506 | AL16: 16954756463 | AM16: 10234684649 | AN16: =7047075109-2840000000 -> 4207075109 | AO16: 3916411982 | AP16: 13622200989 | AQ16: 17907838314 | AR16: 29819590224 | AS16: 29796216577 | AT16: 17066288696 | AU16: 12068637446 | AV16: 33332918829 | AW16: 9256815094 | AX16: 44681754380 | AY16: -141135934090 | AZ16: -18846487637 | BA16: -3242891008 | BB16: -10856648380 | BC16: -15817906933 | BD16: 21901299832 | BE16: 14884971711 | BF16: -23926762811 | BG16: 16989265000 | BH16: -14078738209 | BI16: 10955857665 | BJ16: -9154991595 | BK16: -3419997293 | BL16: -5132172559 | BM16: -10004701074 | BN16: 9288982043 | BO16: 9456557035 | BP16: 26805727933 | BQ16: 32739939658
A17: 14 | B17: Tăng / giảm chi phí chờ phân bổ | C17: 5 | D17: 530308897 | E17: -1202843833 | F17: 4608538245 | G17: -573525124 | H17: -6756140842 | I17: -301505665 | J17: -652552368 | K17: -18081857235 | L17: -1039022658 | M17: 744469115 | N17: -1571529341 | O17: -2616576870 | P17: -1713063156 | Q17: -1160692945 | R17: -1017712386 | S17: -1029592528 | T17: -6921216688 | U17: -1185354495 | V17: -88374650 | W17: -234075552 | X17: -879480179 | Y17: -1401910312 | Z17: -442989404 | AA17: 393021083 | AB17: 616821607 | AC17: -518694522 | AD17: 523365372 | AE17: 270964564 | AF17: -104951225 | AG17: -341656770 | AH17: 405547445 | AI17: 72589424 | AJ17: 311176834 | AL17: -1204292798 | AM17: -1989222282 | AN17: 372777599 | AW17: 1169047833 | AX17: 696155386 | AY17: 1000976009 | AZ17: 110283488 | BA17: -4175776372 | BB17: 601863673 | BC17: 1249320119 | BD17: 1913803036 | BE17: -5497715935 | BF17: -592614643 | BG17: -371361391 | BH17: 2579678545 | BI17: 1512112454 | BJ17: 2428581212 | BK17: 374694148 | BL17: 1820605679 | BM17: 1054820971 | BN17: -171978952 | BO17: -392776099 | BP17: -877993234 | BQ17: 903849225
A18: 15 | B18: Tăng / giảm chứng khoán kinh doanh | C18: 5
A19: 16 | B19: Chi phí đi vay đã trả | C19: 5 | U19: -29659213 | V19: -631302971 | W19: -699695123 | X19: -854484433 | Y19: -862022364 | Z19: -1093552795 | AA19: -539758786 | AB19: -44321388 | AC19: 0 | AD19: -71817780 | AE19: -71817780 | AF19: -68801482 | AG19: 28249626 | AH19: -91396439 | AI19: -93845376 | AJ19: -328175187 | AK19: -136008596 | AL19: -174111456 | AM19: -261220654 | AN19: -422755791 | AO19: -563909516 | AP19: -567924561 | AQ19: -840791009 | AR19: -961855770 | AS19: -1030712173 | AT19: -1160823006 | AU19: -939585045 | AV19: -859444105 | AW19: -840165515 | AX19: -889159081 | AY19: -1032562923 | AZ19: -739360517 | BA19: -1303843040 | BB19: -673966789 | BC19: -888393452 | BD19: -1186588729 | BE19: -1448899822 | BF19: -1242023326 | BG19: -1303560910 | BH19: -1595764355 | BI19: -1368802426 | BJ19: -1256132292 | BK19: -1256103396 | BL19: -1240115065 | BM19: -1156279418 | BN19: -959718564 | BO19: -1062084475 | BP19: -838836791 | BQ19: -856841656
A20: 17 | B20: Thuế thu nhập doanh nghiệp đã nộp | C20: 5 | V20: -871281602 | Y20: -1029352042 | AC20: -12849777499 | AE20: -6172263344 | AG20: -634587963 | AH20: 437353701 | AI20: 0 | AJ20: 0 | AK20: 0 | AL20: 0 | AM20: -229386904 | AO20: -6372627736 | AQ20: -1567047590 | AT20: -4839738089 | BI20: 0 | BJ20: 0 | BK20: 0
A21: 18 | B21: Tiền thu khác từ hoạt động kinh doanh | C21: 5 | AG21: 46325683 | AH21: 395384118 | AI21: 27683900 | AL21: 10002066000 | AM21: 5500000000 | AN21: 33300285459 | AQ21: 6000000000
A22: 19 | B22: Tiền chi khác cho hoạt động kinh doanh | C22: 5 | AG22: -3048988935 | AL22: -7275417194 | AM22: -1619085027 | AN22: -160000000 | AP22: -2626029698 | AQ22: -1520939337 | AS22: -168183405 | AT22: -7178605141 | BI22: 0
A23: 20 | B23: Lưu chuyển tiền thuần từ hoạt động kinh doanh | C23: 5 | D23: =SUM(D13:D22) -> -6907679374 | E23: =SUM(E13:E22) -> 4967871520 | F23: =SUM(F13:F22) -> -714655404 | G23: =SUM(G13:G22) -> -1276469018 | H23: =SUM(H13:H22) -> -5970350781 | I23: =SUM(I13:I22) -> -140999536 | J23: =SUM(J13:J22) -> 588169400 | K23: =SUM(K13:K22) -> 185377526990 | ... BM23: =SUM(BM13:BM22) -> 9180753197 | BN23: 52119683826 | BO23: 82694562008 | BP23: -53142624294 | BQ23: 134347609533
A24: 21 | B24: II. Lưu chuyển tiền từ hoạt động đầu tư | C24: 5
A25: 22 | B25: Tiền chi để mua sắm, xây dựng, TSCĐ và các tài sản dài hạn khác | C25: 5 | D25: -5732522640 | E25: -7993071735 | F25: -1466729523 | G25: -1019953712 | H25: -4642922350 | I25: -1416651756 | J25: -12470108955 | K25: -179450361889 | L25: -5222105950 | M25: -920192000 | N25: -4297392445 | O25: -5310358930 | P25: -7408632528 | Q25: -2422885772 | R25: -506310653 | S25: -9143793192 | T25: -9135831448 | U25: -12640283088 | V25: -8991633959 | W25: -8471710274 | X25: -14197664157 | Y25: -18009571199 | Z25: -11229043823 | AA25: -2521925072 | AB25: =-26544171165+22150000000 -> -4394171165 | AC25: -9690187149 | AD25: -11325473673 | AE25: -8904350903 | AF25: -14788386000 | AG25: -17288624186 | AH25: -3717448129 | AI25: -6396750081 | AJ25: -5484322571 | AK25: -9448800919 | AL25: -9479343301 | AM25: -4688766951 | AN25: -4762682554 | AO25: -4326536447 | AP25: -1164996000 | AQ25: -1992822833 | AR25: -1782228497 | AS25: -833209764 | AT25: -1378714978 | AU25: -855184497 | AV25: -737051257 | AW25: -2821949386 | AX25: -4084384131 | AY25: -10311962607 | AZ25: -9820805490 | BA25: -2688251335 | BB25: -5950435401 | BC25: -4022280971 | BD25: -9142433511 | BE25: -4827154812 | BF25: -944507473 | BG25: -3998692586 | BH25: -12299284463 | BI25: -16012258392 | BJ25: -3849925706 | BK25: -9722078427 | BL25: -13446870160 | BM25: -30478230596 | BN25: -12593604790 | BO25: -5001804801 | BP25: -91879331048 | BQ25: -3540267632
A26: 23 | B26: Tiền thu từ thanh lý, nhượng bán TSCĐ và các tài sản dài hạn khác | C26: 5 | AB26: 35876700000 | AE26: 258500000000 | BC26: 623633187 | BD26: 95000000 | BE26: 226000000 | BG26: 226000000 | BQ26: 0
A27: 24 | B27: Tiền chi cho vay, mua các công cụ nợ của đơn vị khác | C27: 5 | AE27: -188000000000 | AF27: -15000000000 | BB27: -37000000000 | BC27: -30000000000 | BD27: -10000000000 | BE27: 0 | BI27: -20000000000 | BJ27: -20000000000 | BM27: -12000000000 | BN27: -18200000000 | BO27: -19800000000 | BP27: -37000000000 | BQ27: -34455263957
A28: 25 | B28: Tiền thu hồi cho vay, bán lại các công cụ nợ của đơn vị khác | C28: 5 | V28: 12000000000 | AA28: 180000000000 | AE28: 15000000000 | AK28: 2840000000 | AM28: 20000000000 | BC28: 5500000000 | BF28: 15000000000 | BH28: 12000000000 | BI28: 10000000000 | BJ28: 30000000000 | BK28: 25000000000 | BN28: 3000000000 | BO28: 6200000000 | BP28: 42000000000 | BQ28: 10000000000
A29: 26 | B29: Tiền chi đầu tư góp vốn vào đơn vị khác | C29: 5 | AV29: -830000000 | BI29: 0 | BJ29: 0 | BK29: 0
A30: 27 | B30: Tiền thu hồi đầu tư góp vốn vào đơn vị khác | C30: 5
A31: 28 | B31: Tiền thu lãi cho vay, cổ tức, và lợi nhuận được chia | C31: 5 | D31: 1228117 | E31: 1370668 | F31: 503786 | G31: 991223 | H31: 924399 | I31: 2721429 | J31: 5630167167 | K31: 4552274821 | L31: 4006107516 | M31: 1404451824 | N31: 1487413089 | O31: 1249240389 | P31: 1479346434 | Q31: 1527456177 | R31: 1512346597 | S31: 1655612808 | T31: 2665641339 | U31: 488185 | V31: 55392 | W31: 345319 | X31: 1696472 | Y31: -1669883 | Z31: 4587721 | AA31: 10279090214 | AB31: 277299897 | AC31: 4079373 | AD31: 9099455 | AE31: 2096588 | AF31: 5188030 | AG31: 1509288 | AH31: 1391718 | AI31: 1391718 | AJ31: 307578 | AK31: 631102 | AL31: 149280 | AM31: 133934 | AO31: 296561 | AP31: 171678249 | AQ31: 808078 | AR31: 439987 | AS31: 482338 | AT31: 374904 | AU31: 1014834 | AV31: 826804 | AW31: 156232879 | AX31: 1036275 | AY31: 1314400686 | AZ31: 398202236 | BA31: 1278506781 | BB31: 681642 | BC31: 1661994 | BD31: 649627 | BE31: 989334 | BF31: 870633 | BG31: 913181 | BH31: 1031619 | BI31: 717642885 | BJ31: 81582428 | BK31: 337960853 | BL31: 1708611 | BM31: 1116123 | BN31: 2001208197 | BO31: 803441325 | BP31: 73063458 | BQ31: 42752896
A32: 29 | B32: Lưu chuyển tiền thuần từ hoạt động đầu tư | C32: 5 | D32: =SUM(D25:D31) -> -5731294523 | E32: =SUM(E25:E31) -> -7991701067 | F32: =SUM(F25:F31) -> -1466225737 | G32: =SUM(G25:G31) -> -1018962489 | H32: =SUM(H25:H31) -> -4641997951 | I32: =SUM(I25:I31) -> -1413930327 | J32: =SUM(J25:J31) -> -6839941788 | K32: =SUM(K25:K31) -> -174898087068 | ... BM32: =SUM(BM25:BM31) -> -42477114473 | BN32: -21851806644 | BO32: -36965946130 | BP32: 2488619135 | BQ32: -157273443614
A33: 30 | B33: III. Lưu chuyển tiền từ hoạt động tài chính | C33: 5
A34: 31 | B34: Tiền thu từ phát hành cổ phiếu, nhận vốn góp của chủ sở hữu | C34: 5
A35: 32 | B35: Tiền trả lại vốn góp cho các chủ sở hữu, mua lại cổ phiểu đã phát hành | C35: 5 | AF35: 14788386000
A36: 33 | B36: Tiền thu từ đi vay | C36: 5 | D36: 4451818462 | E36: 4329286950 | F36: 897609400 | G36: 6038957553 | H36: 9827593659 | I36: 1763992981 | J36: 6305914947 | K36: 0 | L36: 0 | M36: 4369709003 | N36: 5158144860 | O36: 8019312949 | P36: 12163940628 | Q36: 6191246406 | R36: 10887456472 | S36: 17275696793 | T36: 21312681931 | U36: 9185445881 | V36: 8393701115 | W36: 6692107919 | X36: 14099688697 | Y36: 15823190911 | Z36: 30000000000 | AC36: 12739412325 | AD36: 8893547776 | AE36: 7195000000 | AF36: -16554089331 | AG36: -2769000000 | AH36: 3688000000 | AI36: 9408447309 | AJ36: 10374000000 | AK36: 14112366780 | AL36: 28962710950 | AM36: 2430000000 | AN36: 57270669795 | AO36: 2700000000 | AP36: 51941747542 | AQ36: 43144705866 | AR36: 34881897765 | AS36: 19187776584 | AT36: 4706000000 | AU36: 51191060696 | AV36: 84691804308 | AW36: 102825721496 | AX36: 83853569555 | AY36: 37383794832 | AZ36: 2310562000 | BA36: 5428000000 | BB36: 58529191203 | BC36: 90358841948 | BD36: 46360978617 | BE36: 47723278583 | BF36: 49379624959 | BG36: 76433887270 | BH36: 74543374853 | BI36: 35990648109 | BJ36: 46874996976 | BK36: 40177257513 | BL36: 56609988510 | BM36: 47431035680 | BN36: 28824946157 | BP36: 104042294769 | BQ36: 70714568555
A37: 34 | B37: Tiền trả nợ gốc vay | C37: 5 | X37: -1000000000 | AA37: -191378060257 | AB37: -4365166410 | AI37: -1554488000 | AL37: -9154355480 | AM37: -59000000 | AO37: -7768970250 | AP37: -8016000000 | AQ37: -295193392 | AR37: -2906560000 | AS37: -6016005797 | AT37: -26451297542 | AU37: -94694168939 | AV37: -70491152886 | AW37: -86950072394 | AX37: -46997210051 | AY37: -30836777778 | AZ37: -33725113955 | BA37: -100211784973 | BB37: -4197000000 | BC37: -15728148401 | BD37: -22093621349 | BE37: -30106272270 | BF37: -37490126842 | BG37: -32982546300 | BH37: -59818118843 | BI37: -86548152225 | BJ37: -53673092111 | BK37: -51123323764 | BL37: -101278931518 | BM37: -9737588663 | BN37: -71496103739 | BO37: -31484303775 | BP37: -59390127409 | BQ37: -46678918453
A38: 35 | B38: Tiền trả nợ gốc thuê tài chính | C38: 5 | AZ38: -777777778 | BA38: -777777778 | BB38: -777777778 | BC38: -777777778 | BD38: -777777778 | BE38: -777777778 | BF38: -777777778 | BG38: -777777778 | BH38: -777777778 | BI38: -777777778 | BJ38: -777777778 | BK38: -777777778 | BL38: -1647651024 | BM38: -738238085 | BN38: -738238085 | BO38: -738238085 | BP38: -738238085 | BQ38: -738238085
A39: 36 | B39: Cổ tức, lợi nhuận đã trả cho chủ sở hữu | C39: 5 | AE39: -38000000000
A40: 37 | B40: Lưu chuyển thuần từ hoạt động tài chính | C40: 5 | D40: =SUM(D34:D39) -> 4451818462 | E40: =SUM(E34:E39) -> 4329286950 | F40: =SUM(F34:F39) -> 897609400 | G40: =SUM(G34:G39) -> 6038957553 | H40: =SUM(H34:H39) -> 9827593659 | I40: =SUM(I34:I39) -> 1763992981 | J40: =SUM(J34:J39) -> 6305914947 | K40: =SUM(K34:K39) -> 0 | ... BM40: =SUM(BM34:BM39) -> 36955208932 | BN40: -43409395667 | BO40: -32222541860 | BP40: 43913929275 | BQ40: 23297412017
A41: 38 | B41: Lưu chuyển tiền thuần trong kỳ | C41: 5 | D41: =SUM(D23,D32,D40) -> -8187155435 | E41: =SUM(E23,E32,E40) -> 1305457403 | F41: =SUM(F23,F32,F40) -> -1283271741 | G41: =SUM(G23,G32,G40) -> 3743526046 | H41: =SUM(H23,H32,H40) -> -784755073 | I41: =SUM(I23,I32,I40) -> 209063118 | J41: =SUM(J23,J32,J40) -> 54142559 | K41: =SUM(K23,K32,K40) -> 10479439922 | ... BM41: =SUM(BM23,BM32,BM40) -> 3658847656 | BN41: -13141518485 | BO41: 13506074018 | BP41: -6740075884 | BQ41: 371577936
A42: 39 | B42: Tiền và tương đương tiền đầu kỳ | C42: 5 | D42: 11634995297 | E42: =D44 -> 3447839862 | F42: =E44 -> 4753297265 | G42: =F44 -> 3470025524 | H42: =G44 -> 7213551570 | I42: =H44 -> 6428796497 | J42: =I44 -> 6637859615 | K42: =J44 -> 6692002174 | L42: =K44 -> 17171442096 | ... BM42: =BL44 -> 42126572011 | BN42: 45981412915 | BO42: 33613094972 | BP42: 47135211556 | BQ42: 41014004605
A43: 40 | B43: Ảnh hưởng của thay đổi tỷ giá hối đoái quy đổi ngoại tệ | C43: 5 | U43: 139370321 | V43: 23108447 | W43: 158411366 | X43: 225843633 | Y43: 509496435 | Z43: 29018580 | AA43: -77475939 | AB43: -4912477 | AC43: 36715905 | AD43: -2574000 | AE43: 2096588 | AF43: 57454722 | AG43: 44432122 | AH43: 29520231 | AI43: 303620379 | AJ43: 217948877 | AK43: 157830788 | AL43: 129460107 | AM43: 53645025 | AN43: -55279705 | AO43: 427077314 | AP43: 320017067 | AQ43: 242395730 | AR43: 818581781 | AS43: 185223798 | AT43: 180874896 | AU43: 263960563 | AV43: 297048858 | AW43: 1429021178 | AX43: 522578257 | AY43: 1311270209 | AZ43: 357780096 | BA43: 1275864519 | BB43: 608968263 | BC43: 658231709 | BD43: 1643945913 | BE43: 645043805 | BF43: 757881624 | BG43: 621393506 | BH43: 844098636 | BI43: 1011211322 | BJ43: 120205688 | BK43: 252471998 | BL43: 282378363 | BM43: 195993248 | BN43: 773200542 | BO43: 16042566 | BP43: 618868933 | BQ43: 301467078
A44: 41 | B44: Tiền và tương đương tiền cuối kỳ | C44: 5 | D44: =SUM(D41:D43) -> 3447839862 | E44: =SUM(E41:E43) -> 4753297265 | F44: =SUM(F41:F43) -> 3470025524 | G44: =SUM(G41:G43) -> 7213551570 | H44: =SUM(H41:H43) -> 6428796497 | I44: =SUM(I41:I43) -> 6637859615 | J44: =SUM(J41:J43) -> 6692002174 | K44: =SUM(K41:K43) -> 17171442096 | ... BM44: =SUM(BM41:BM43) -> 45981412915 | BN44: 33613094972 | BO44: 47135211556 | BP44: 41014004605 | BQ44: 41687049619

Sheet KQKD theo yeu to
B1: CTY CP NHỰA TÁI CHẾ DUY TÂN
B2: VND
A3: Index PL Element | B3: PHẦN IV: CHI PHÍ THEO YẾU TỐ | C3: TenCongTyID | D3: T1.2021 | E3: T02.2021 | F3: T03.2021 | G3: T04.2021 | H3: T05.2021 | I3: T06.2021 | J3: T07.2021 | K3: T08.2021 | L3: T09.2021 | M3: T10.2021 | N3: T11.2021 | O3: T12.2021 | P3: T1.2022 | Q3: T02.2022 | R3: T03.2022 | S3: T04.2022 | T3: T05.2022 | U3: T06.2022 | V3: T07.2022 | W3: T08.2022 | X3: T09.2022 | Y3: T10.2022 | Z3: T11.2022 | AA3: T12.2022 | AB3: T1.2023 | AC3: T02.2023 | AD3: T03.2023 | AE3: T04.2023 | AF3: T05.2023 | AG3: T06.2023 | AH3: T07.2023 | AI3: T08.2023 | AJ3: T09.2023 | AK3: T10.2023 | AL3: T11.2023 | AM3: T12.2023 | AN3: T01.2024 | AO3: T02.2024 | AP3: T03.2024 | AQ3: T04.2024 | AR3: T05.2024 | AS3: T06.2024 | AT3: T07.2024 | AU3: T08.2024 | AV3: T09.2024 | AW3: T10.2024 | AX3: T11.2024 | AY3: T12.2024 | AZ3: T01.2025 | BA3: T02.2025 | BB3: T03.2025 | BC3: T04.2025 | BD3: T05.2025 | BE3: T06.2025 | BF3: T07.2025 | BG3: T08.2025 | BH3: T09.2025 | BI3: T10.2025 | BJ3: T11.2025 | BK3: T12.2025 | BL3: T01.2026 | BM3: T02.2026 | BN3: T03.2026 | BO3: T04.2026 | BP3: T05.2026 | BQ3: T06.2026 | BR3: T07.2026 | BS3: T08.2026 | BT3: T09.2026 | BU3: T10.2026 | BV3: T11.2026 | BW3: T12.2026
A4: 1 | B4: Tổng nhân sự | C4: 5 | AN4: =431+3958/8/27+N("quy đổi outsource ra số người") -> 449.32407 | AO4: =420+1444/8/26+N("quy đổi outsource ra số người") -> 426.94231 | AP4: =461+1754/8/25+N("quy đổi outsource ra số người") -> 469.77 | AQ4: =483+2650/8/27+N("quy đổi outsource ra số người") -> 495.26852 | AR4: =507+1016/8/26+N("quy đổi outsource ra số người") -> 511.88462 | AS4: =515+1168/8/26+N("quy đổi outsource ra số người") -> 520.61538 | AT4: =520+1066/8/26+N("quy đổi outsource ra số người") -> 525.125 | AU4: =518+192/8/26+N("quy đổi outsource ra số người") -> 518.92308 | AV4: =551+216/8/27+N("quy đổi outsource ra số người") -> 552 | AW4: =562+1999/8/26+N("quy đổi outsource ra số người") -> 571.61058 | AX4: =575+7028/8/26+N("quy đổi outsource ra số người") -> 608.78846 | AY4: =582+7000/8/26+N("quy đổi outsource ra số người") -> 615.65385 | AZ4: =569+5336/8/27+N("quy đổi outsource ra số người") -> 593.7037 | BA4: =582+2696/8/26+N("quy đổi outsource ra số người") -> 594.96154 | BB4: =602+2540/8/24+N("quy đổi outsource ra số người") -> 615.22917 | BC4: =614+2284/8/27+N("quy đổi outsource ra số người") -> 624.57407 | BD4: =609+1748/8/25+N("quy đổi outsource ra số người") -> 617.74 | BE4: =621+3485/8/26+N("quy đổi outsource ra số người")+N("quy đổi outsource ra số người") -> 637.75481 | BF4: =633+1512/26+N("quy đổi outsource ra số người") -> 691.15385 | BG4: =663+903/26+N("quy đổi outsource ra số người") -> 697.73077 | BH4: =682+626.5/27+N("quy đổi outsource ra số người") -> 705.2037 | BI4: =660+400.625/26+N("quy đổi outsource ra số người") -> 675.40865 | BJ4: =644+166/26+N("quy đổi outsource ra số người") -> 650.38462 | BK4: =629+141.125/26+N("quy đổi outsource ra số người") -> 634.42788 | BL4: =611+133/25+N("quy đổi outsource ra số người") -> 616.32 | BM4: =575+1175/22+N("quy đổi outsource ra số người") -> 628.40909 | BN4: =582+6546.5/8/24+N("quy đổi outsource ra số người") -> 616.09635 | BO4: =571+10444/8/27+N("quy đổi outsource ra số người") -> 619.35185 | BP4: =559+15756/8/25+N("quy đổi outsource ra số người") -> 637.78 | BQ4: =560+(21817.5+2359)/8/27 -> 671.92824 | BR4: 674 | BS4: 674 | BT4: 675 | BU4: 675 | BV4: 675 | BW4: 675
A5: 2 | B5: Nhân sự nhóm sản xuất | C5: 5 | AN5: =230+3958/8/27+N("quy đổi outsource ra số người") -> 248.32407 | AO5: =222+1444/8/26+N("quy đổi outsource ra số người") -> 228.94231 | AP5: =254+1754/8/25+N("quy đổi outsource ra số người") -> 262.77 | AQ5: =263+2650/8/27+N("quy đổi outsource ra số người") -> 275.26852 | AR5: =276+1016/8/26+N("quy đổi outsource ra số người") -> 280.88462 | AS5: =286+1168/8/26+N("quy đổi outsource ra số người") -> 291.61538 | AT5: =289+1066/8/26+N("quy đổi outsource ra số người") -> 294.125 | AU5: =289+192/8/26+N("quy đổi outsource ra số người") -> 289.92308 | AV5: =314+216/8/27+N("quy đổi outsource ra số người") -> 315 | AW5: =320+1999/8/26+N("quy đổi outsource ra số người") -> 329.61058 | AX5: =328+7028/8/26+N("quy đổi outsource ra số người") -> 361.78846 | AY5: =327+7000/8/26+N("quy đổi outsource ra số người") -> 360.65385 | AZ5: =309+5336/8/27+N("quy đổi outsource ra số người") -> 333.7037 | BA5: =325+2696/8/26+N("quy đổi outsource ra số người") -> 337.96154 | BB5: =331+2540/8/24+N("quy đổi outsource ra số người") -> 344.22917 | BC5: =337+2284/8/27+N("quy đổi outsource ra số người") -> 347.57407 | BD5: =328+1748/8/25+N("quy đổi outsource ra số người") -> 336.74 | BE5: =335+3485/8/26+N("quy đổi outsource ra số người")+N("quy đổi outsource ra số người") -> 351.75481 | BF5: =348+1512/26+N("quy đổi outsource ra số người") -> 406.15385 | BG5: =375+903/26+N("quy đổi outsource ra số người") -> 409.73077 | BH5: =395+626.5/27+N("quy đổi outsource ra số người") -> 418.2037 | BI5: =369+400.625/26+N("quy đổi outsource ra số người") -> 384.40865 | BJ5: =351+166/26+N("quy đổi outsource ra số người") -> 357.38462 | BK5: =335+141.125/26+N("quy đổi outsource ra số người") -> 340.42788 | BL5: =321+133/25+N("quy đổi outsource ra số người") -> 326.32 | BM5: =295+1175/22+N("quy đổi outsource ra số người") -> 348.40909 | BN5: =301+6546.5/8/24+N("quy đổi outsource ra số người") -> 335.09635 | BO5: =294+10444/8/27+N("quy đổi outsource ra số người") -> 342.35185 | BP5: =276+15756/8/25+N("quy đổi outsource ra số người") -> 354.78 | BQ5: =277+(21817.5+2359)/8/27 -> 388.92824 | BR5: 369 | BS5: 369 | BT5: 370 | BU5: 370 | BV5: 370 | BW5: 370
A6: 3 | B6: Số ngày công (8 hrs) | C6: 5 | AN6: =(62547+3958)/8 -> 8313.125 | AO6: =(44566.05+1444)/8 -> 5751.2563 | AP6: =(65530.39+1754)/8 -> 8410.5487 | AQ6: =(74748.11+2650)/8 -> 9674.7638 | AR6: =(71551.59+1016)/8 -> 9070.9487 | AS6: =(78658.72+1168)/8 -> 9978.34 | AT6: =(77977.11+1066)/8 -> 9880.3888 | AU6: =(64026.22+192)/8 -> 8027.2775 | AV6: =(61138.5+216)/8 -> 7669.3125 | AW6: =(70786.78+1999)/8 -> 9098.2225 | AX6: =(73403.92+7028)/8 -> 10053.99 | AY6: =(72852.76+7000)/8 -> 9981.595 | AZ6: =(65773.41+5336)/8 -> 8888.6763 | BA6: =(56289.2+2696)/8 -> 7373.15 | BB6: =(68541.96+2540)/8 -> 8885.245 | BC6: =(75417.37+2284)/8 -> 9712.6712 | BD6: =(73263.47+1748)/8 -> 9376.4338 | BE6: =(82763.04+3485)/8 -> 10781.005 | BF6: =75926.7/8+1512 -> 11002.837 | BG6: =78749.44/8+903 -> 10746.68 | BH6: =87538.88/8+626.5 -> 11568.86 | BI6: =83700.77/8+400.625 -> 10863.221 | BJ6: =76314.76/8+166 -> 9705.345 | BK6: =74076.09/8+141.125 -> 9400.6362 | BL6: =65112.79/8+133 -> 8272.0988 | BM6: =45835.36/8+1175 -> 6904.42 | BN6: =61306.27/8+6546.5/8 -> 8481.5962 | BO6: =71985.01/8+10444/8 -> 10303.626 | BP6: =54190.69/8+15756/8 -> 8743.3363 | BQ6: =64993.14/8+(21817.5+2359)/8 -> 11146.205 | BR6: =BR5*25 -> 9225 | BS6: =BS5*25 -> 9225 | BT6: =BT5*25 -> 9250 | BU6: =BU5*25 -> 9250 | BV6: =BV5*25 -> 9250 | BW6: =BW5*25 -> 9250
A7: 4 | B7: Sản lượng sản xuất (Ton) | C7: 5 | D7: 143.5 | E7: 6.3 | F7: 401.25 | G7: 594.595 | H7: 55.575 | I7: 16.65 | J7: 72.04 | K7: 65.325 | L7: 132.968 | M7: 223.35 | N7: 585.607 | O7: 928.78 | P7: 361.695 | Q7: 731.725 | R7: 521.315 | S7: 1486.825 | T7: 978.066 | U7: 272.15 | V7: 394.5 | W7: 1058.7 | X7: 943.2825 | Y7: 1130.111 | Z7: 1211.649 | AA7: 1589.798 | AB7: 841.882 | AC7: 1307.212 | AD7: 1683.515 | AE7: 1492.932 | AF7: 1903.635 | AG7: 1515.679 | AH7: 2178.257 | AI7: 2375.129 | AJ7: 2017.2435 | AK7: 2500.744 | AL7: 1739.5755 | AM7: 3906.031 | AN7: 4748.313 | AO7: 2926.502 | AP7: 4896.438 | AQ7: 4526.369 | AR7: 4417.875 | AS7: 3495.0745 | AT7: 1866.424 | AU7: 2192.5825 | AV7: 2799.3997 | AW7: 4293.2715 | AX7: 4775.397 | AY7: 3318.6421 | AZ7: 1839.731 | BA7: 2957.266 | BB7: 4821.92 | BC7: 4088.249 | BD7: 4828.971 | BE7: 4232.453 | BF7: 4561.641 | BG7: 4570.5645 | BH7: 4555.508 | BI7: 3173.918 | BJ7: 2323.263 | BK7: 3552.8618 | BL7: 2868.5693 | BM7: 1811.1 | BN7: 4279.489 | BO7: 4370.2854 | BP7: 3592.682 | BQ7: 3923.3258 | BR7: 4330 | BS7: 4370 | BT7: 4355 | BU7: 4380 | BV7: 4320 | BW7: 4370
A8: 5 | B8: Sản lượng bán (Ton) | C8: 5 | D8: ='Ket qua kinh doanh'!D4 -> 76.025 | E8: ='Ket qua kinh doanh'!E4 -> 61 | F8: ='Ket qua kinh doanh'!F4 -> 303.8 | G8: ='Ket qua kinh doanh'!G4 -> 215.35 | H8: ='Ket qua kinh doanh'!H4 -> 35.93 | I8: ='Ket qua kinh doanh'!I4 -> 30.437 | J8: ='Ket qua kinh doanh'!J4 -> 87.5 | K8: ='Ket qua kinh doanh'!K4 -> 69.2 | ... BW8: ='Ket qua kinh doanh'!BW4 -> 0
A9: 6 | B9: Doanh thu bán hàng | C9: 5 | D9: ='Ket qua kinh doanh'!D5 -> 2192940600 | E9: ='Ket qua kinh doanh'!E5 -> 1791822000 | F9: ='Ket qua kinh doanh'!F5 -> 8682084600 | G9: ='Ket qua kinh doanh'!G5 -> 6264332700 | H9: ='Ket qua kinh doanh'!H5 -> 1376973402 | I9: ='Ket qua kinh doanh'!I5 -> 904631370 | J9: ='Ket qua kinh doanh'!J5 -> 3085582842 | K9: ='Ket qua kinh doanh'!K5 -> 2036756400 | ... BW9: ='Ket qua kinh doanh'!BW5 -> 0
A10: 7 | B10: Các khoản giảm trừ doanh thu | C10: 5 | D10: ='Ket qua kinh doanh'!D6 -> 0 | E10: ='Ket qua kinh doanh'!E6 -> 0 | F10: ='Ket qua kinh doanh'!F6 -> 0 | G10: ='Ket qua kinh doanh'!G6 -> 0 | H10: ='Ket qua kinh doanh'!H6 -> 0 | I10: ='Ket qua kinh doanh'!I6 -> 36461250 | J10: ='Ket qua kinh doanh'!J6 -> 0 | K10: ='Ket qua kinh doanh'!K6 -> 686000 | ... BW10: ='Ket qua kinh doanh'!BW6 -> 0
A11: 8 | B11: % Các khoản giảm trừ | C11: 5 | D11: =IFERROR(D10/D9,"") -> 0 | E11: =IFERROR(E10/E9,"") -> 0 | F11: =IFERROR(F10/F9,"") -> 0 | G11: =IFERROR(G10/G9,"") -> 0 | H11: =IFERROR(H10/H9,"") -> 0 | I11: =IFERROR(I10/I9,"") -> 0.040305091 | J11: =IFERROR(J10/J9,"") -> 0 | K11: =IFERROR(K10/K9,"") -> 0.00033681004 | ... BW11: =IFERROR(BW10/BW9,"")
A12: 9 | B12: Doanh thu thuần | C12: 5 | D12: ='Ket qua kinh doanh'!D7 -> 2192940600 | E12: ='Ket qua kinh doanh'!E7 -> 1791822000 | F12: ='Ket qua kinh doanh'!F7 -> 8682084600 | G12: ='Ket qua kinh doanh'!G7 -> 6264332700 | H12: ='Ket qua kinh doanh'!H7 -> 1376973402 | I12: ='Ket qua kinh doanh'!I7 -> 868170120 | J12: ='Ket qua kinh doanh'!J7 -> 3085582842 | K12: ='Ket qua kinh doanh'!K7 -> 2036070400 | ... BW12: ='Ket qua kinh doanh'!BW7 -> 0
A13: 10 | B13: Xuất khẩu | C13: 5 | J13: 1.5650028e+09 | L13: 3171201468 | M13: 1724405760 | N13: 562542840 | O13: 41598200 | P13: 9.5863522e+08 | R13: 11929826920 | S13: 16404010878 | T13: 7072995327 | V13: 2831788168 | W13: 19826369667 | X13: 22484131750 | Y13: 21393176414 | Z13: 21596604480 | AA13: 23781690308 | AB13: 2479049880 | AC13: 3609604457 | AD13: 37595076600 | AE13: 29456556360 | AF13: 26283736380 | AG13: 27479663252 | AH13: 25404248364 | AI13: 47904326195 | AJ13: 29877627364 | AK13: 44283082518 | AL13: 35579672480 | AM13: 29587999550 | AN13: 63344586092 | AO13: 30529252055 | AP13: 56313461950 | AQ13: 70145350000 | AR13: 31248110080 | AS13: 7753736540 | AT13: 32497915104 | AU13: 100596695257 | AV13: 108890762068 | AW13: 64644001972 | AX13: 19227811548 | AY13: 38250151385 | AZ13: 82123174705 | BA13: 127754884829 | BB13: 103667980875 | BC13: 89699052245 | BD13: 114824058990 | BE13: 70054412500 | BF13: 88123126474 | BG13: 94069028914 | BH13: 24953975916 | BI13: 27056388040 | BJ13: 21625208400 | BK13: 29216515900 | BL13: 70701288516 | BM13: 58540341826 | BN13: 80759624796 | BO13: 67176948835 | BP13: 87346708460 | BQ13: 55103643980
A14: 11 | B14: Nội địa | C14: 5 | D14: 2192940600 | E14: 1791822000 | F14: 8682084600 | G14: 6264332700 | H14: 1376973402 | I14: 868170120 | J14: 1520580002 | K14: 2036070400 | L14: 836633175 | M14: 6647902800 | N14: 8052490800 | O14: 13159173064 | P14: 6539401000 | Q14: 6111323505 | R14: 10707799311 | S14: 11020122500 | T14: 11277383488 | U14: 21902018748 | V14: 13047284000 | W14: 18532991184 | X14: 14325562500 | Y14: 20184670856 | Z14: 13101616960 | AA14: 34902652894 | AB14: 19262445283 | AC14: 19432714552 | AD14: 20865880088 | AE14: 24825865709 | AF14: 29838480952 | AG14: 23424034934 | AH14: 28122078834 | AI14: 29691984359 | AJ14: 33527791121 | AK14: 39340877301 | AL14: 27323222678 | AM14: 38991019669 | AN14: 32448806844 | AO14: 37393809660 | AP14: 35796046183 | AQ14: 27343742894 | AR14: 71116888264 | AS14: 59753433569 | AT14: 23953354588 | AU14: 53431172915 | AV14: 36477023972 | AW14: 52168596774 | AX14: 51176103667 | AY14: 53140632881 | AZ14: 32339335697 | BA14: 60244576230 | BB14: 46405979203 | BC14: 35730597610 | BD14: 37243083862 | BE14: 49080260297 | BF14: 49868280424 | BG14: 74191430822 | BH14: 58338102351 | BI14: 72117222220 | BJ14: 63327421201 | BK14: 62246318181 | BL14: 55230863407 | BM14: 37446516644 | BN14: 9.1465683e+10 | BO14: 91879905994 | BP14: 70741575322 | BQ14: 65566810268
A15: 12 | B15: Khác | C15: 5 | AB15: 3243960078 | AD15: 751576792 | AE15: 4620129 | AF15: 1509767489 | AI15: 686153097 | AJ15: 1510758145 | AK15: 1047569279 | AL15: 146286 | AM15: 2577625511 | AN15: 168223800 | AO15: 1016685281 | AS15: 586000000 | AV15: 11462110685 | AX15: 5722224619 | AY15: 14819304414 | BB15: 179372602 | BG15: 182193647 | BH15: 1418356800 | BI15: 9754946400 | BJ15: 3395251201 | BK15: 8295287500 | BL15: 166885000 | BM15: 579946890 | BN15: 1080515000 | BO15: 0 | BP15: 1677025255 | BQ15: 2313884280
A16: 13 | B16: Giá vốn hàng bán | C16: 5 | D16: ='Ket qua kinh doanh'!D8 -> 1714389259 | E16: ='Ket qua kinh doanh'!E8 -> 1513381552 | F16: ='Ket qua kinh doanh'!F8 -> 6687623393 | G16: ='Ket qua kinh doanh'!G8 -> 4774057263 | H16: ='Ket qua kinh doanh'!H8 -> 1087102095 | I16: ='Ket qua kinh doanh'!I8 -> 807656278 | J16: ='Ket qua kinh doanh'!J8 -> 2716172489 | K16: ='Ket qua kinh doanh'!K8 -> 4315716140 | ... BW16: ='Ket qua kinh doanh'!BW8 -> 0
A17: 14 | B17: Chi phí nguyên vật liệu | C17: 5 | D17: 1335462230 | E17: 1100171617 | F17: 5.4289556e+09 | G17: 4023435285 | H17: 815341780 | I17: 598982261 | J17: 1874000096 | K17: 1610503873 | L17: 2001200102 | M17: 4.8080571e+09 | N17: 5243968954 | O17: 8624095661 | P17: 4.6886487e+09 | Q17: 4.8830774e+09 | R17: 1.3018532e+10 | S17: 1.4890677e+10 | T17: 1.1569125e+10 | U17: 1.4006662e+10 | V17: 9.0141614e+09 | W17: 25172907755 | X17: 2.4293886e+10 | Y17: 28879667840 | Z17: 2.3412215e+10 | AA17: 4.1898754e+10 | AB17: 15044260765 | AC17: 1.5420601e+10 | AD17: 4.2612791e+10 | AE17: 40323079341 | AF17: 3.6176657e+10 | AG17: 33311875335 | AH17: 3.2963245e+10 | AI17: 4.7082274e+10 | AJ17: 3.1621692e+10 | AK17: 50971560002 | AL17: 3.9716697e+10 | AM17: 3.5942902e+10 | AN17: 5.932969e+10 | AO17: 44670723974 | AP17: 5.5370087e+10 | AQ17: 5.8899112e+10 | AR17: 6.8236506e+10 | AS17: 4.6389174e+10 | AT17: 4.0923611e+10 | AU17: 1.0323661e+11 | AV17: 9.6300507e+10 | AW17: 7.7607107e+10 | AX17: 4.5879464e+10 | AY17: 5.810373e+10 | AZ17: 6.8796885e+10 | BA17: 1.1190515e+11 | BB17: 9.726927e+10 | BC17: 8.1914955e+10 | BD17: 9.965914e+10 | BE17: 8.0913808e+10 | BF17: 9.8173729e+10 | BG17: 1.1550287e+11 | BH17: 6.4318802e+10 | BI17: 6.847078e+10 | BJ17: 5.544517e+10 | BK17: 6.0268501e+10 | BL17: 8.398301e+10 | BM17: 6.0775498e+10 | BN17: 1.1994589e+11 | BO17: 1.0317996e+11 | BP17: 1.0114375e+11 | BQ17: 8.0691248e+10
A18: 15 | B18: Chi phí điện | C18: 5 | D18: 156627680 | E18: 123441040 | F18: 412966480 | G18: 517445700 | H18: 718108900 | I18: 262650700 | J18: 148944800 | K18: 10780540 | L18: 58623344 | M18: 625378100 | N18: 973143200 | O18: 1275765400 | P18: 764348700 | Q18: 918736000 | R18: 1329497700 | S18: 1219505413 | T18: 1216448338 | U18: 1462149517 | V18: 795008195 | W18: 1535140703 | X18: 1435953013 | Y18: 1873431409 | Z18: 1963980465 | AA18: 2211262181 | AB18: 1355018086 | AC18: 2184511341 | AD18: 2532392502 | AE18: 2346418202 | AF18: 2741505017 | AG18: 2611066232 | AH18: 3058566325 | AI18: 2900952505 | AJ18: 2872676716 | AK18: 3275286978 | AL18: 2752729463 | AM18: 5162033083 | AN18: 5457667459 | AO18: 4115002140 | AP18: 5069779794 | AQ18: 5488644404 | AR18: 5922960272 | AS18: 4771803237 | AT18: 2990887219 | AU18: 3465068093 | AV18: 4603448776 | AW18: 5484150759 | AX18: 6348864220 | AY18: 4848607138 | AZ18: 3115586041 | BA18: 4131446442 | BB18: 6471627635 | BC18: 6106208552 | BD18: 6534087601 | BE18: 6331091846 | BF18: 7033711933 | BG18: 7206770412 | BH18: 6987173251 | BI18: 6199135410 | BJ18: 4260435206 | BK18: 4839388132 | BL18: 4027863724 | BM18: 2451956924 | BN18: 5626303966 | BO18: 5649277552 | BP18: 5769165884 | BQ18: 5993483706
A19: 16 | B19: Chi phí lương ngoài giờ sản xuất | C19: 5 | D19: 88344298 | E19: 69407193 | F19: 150950574 | G19: 225599069 | H19: 171656768 | I19: 79414565 | J19: 16692234 | K19: 4803553 | L19: 24271415 | M19: 104264540 | N19: 226025719 | O19: 274045574 | P19: 260192396 | Q19: 163465180 | R19: 322918735 | S19: 436007030 | T19: 450569631 | U19: 436955042 | V19: 419168707 | W19: 492953645 | X19: 395768394 | Y19: 411656250 | Z19: 480156064 | AA19: 490263759 | AB19: 427098515 | AC19: 508872106 | AD19: 553201961 | AE19: 656112484 | AF19: 602230623 | AG19: 719731134 | AH19: 635105547 | AI19: 611105374 | AJ19: 598938802 | AK19: 639221127 | AL19: 666088378 | AM19: 686330877 | AN19: 673524358 | AO19: 445330075 | AP19: 646654899 | AQ19: 1789160297 | AR19: 743322765 | AS19: 710659695 | AT19: 562555746 | AU19: 273359738 | AV19: 293591517 | AW19: 342226346 | AX19: 357205652 | AY19: 352714337 | AZ19: 326525959 | BA19: 301395737 | BB19: 353064382 | BC19: 367893640 | BD19: 583268535 | BE19: 409683221 | BF19: 382580514 | BG19: 409675223 | BH19: 681336938 | BI19: 434513561 | BJ19: 359300470 | BK19: 371608824 | BL19: 368816619 | BM19: 248754636 | BN19: 337308264 | BO19: 499755909 | BP19: 354846806 | BQ19: 356194902
A20: 17 | B20: Chi phí nhân công trực tiếp sản xuất (622) | C20: 5 | D20: 205648140 | E20: 144640458 | F20: 243953823 | G20: 396949513 | H20: 440213945 | I20: 392466633 | J20: 253396354 | K20: 21069411 | L20: 81379352 | M20: 279832354 | N20: 362401317 | O20: 370356039 | P20: 449913332 | Q20: 449153283 | R20: 599451718 | S20: 733736993 | T20: 788227455 | U20: 798770387 | V20: 757942604 | W20: 888582571 | X20: 854790958 | Y20: 889776959 | Z20: 1018741903 | AA20: 987143314 | AB20: 1123011506 | AC20: 1103017967 | AD20: 1223026257 | AE20: 1424203159 | AF20: 1434209805 | AG20: 1464873517 | AH20: 1349605858 | AI20: 1727671683 | AJ20: 1383979548 | AK20: 1310202934 | AL20: 1547779076 | AM20: 1793228298 | AN20: 1708507014 | AO20: 1230497207 | AP20: 1379015197 | AQ20: 521248356 | AR20: 1657709643 | AS20: 1580786853 | AT20: 1552872520 | AU20: 1840092100 | AV20: 1842453925 | AW20: 2033072895 | AX20: 2081813555 | AY20: 2664027703 | AZ20: 2102841120 | BA20: 2139570280 | BB20: 2143336877 | BC20: 2211173874 | BD20: 2328020395 | BE20: 2570077869 | BF20: 3450671363 | BG20: 2893137111 | BH20: 3075521247 | BI20: 2805457512 | BJ20: 2486851728 | BK20: 2339162817 | BL20: 2314962109 | BM20: 1839461214 | BN20: 2152019625 | BO20: 2463187426 | BP20: 2407536723 | BQ20: 2905054575
A21: 18 | B21: Chi phí nhân công gián tiếp sản xuất (6271) | C21: 5 | D21: 74318415 | E21: 80043551 | F21: 41179638 | G21: 240980293 | H21: 99038507 | I21: 238327137 | J21: 142355538 | K21: 24836730 | L21: 96644907 | M21: 191156822 | N21: 360031717 | O21: 448286510 | P21: 441553950 | Q21: 505220427 | R21: 566793450 | S21: 666415873 | T21: 616408488 | U21: 765798897 | V21: 697046551 | W21: 768334202 | X21: 1217685257 | Y21: 1228140106 | Z21: 1353302498 | AA21: 1410798664 | AB21: 1670004778 | AC21: 1550399267 | AD21: 1672975749 | AE21: 1827159329 | AF21: 1741656036 | AG21: 1905504355 | AH21: 2038144071 | AI21: 2199642727 | AJ21: 2260973394 | AK21: 2253964543 | AL21: 2325300381 | AM21: 2193318272 | AN21: 2782213759 | AO21: 2629007193 | AP21: 2770751785 | AQ21: 3041632252 | AR21: 3141804002 | AS21: 3245971482 | AT21: 3110331141 | AU21: 3202665604 | AV21: 3369907026 | AW21: 3488049090 | AX21: 3537619794 | AY21: 3622850142 | AZ21: 3862569957 | BA21: 3594333014 | BB21: 3676490698 | BC21: 4144437406 | BD21: 4051343169 | BE21: 4168433618 | BF21: 4155409281 | BG21: 4177314711 | BH21: 4406134044 | BI21: 4029385993 | BJ21: 3859104703 | BK21: 3914832620 | BL21: 4079461212 | BM21: 3772730095 | BN21: 3815553479 | BO21: 4321000559 | BP21: 4083134231 | BQ21: 4388477142
A22: 19 | B22: Phúc lợi nhân viên sản xuất (BHXH,thưởng,…) | C22: 5 | D22: 62978043 | E22: 51125608 | F22: 70071925 | G22: 37147068 | H22: 91031227 | I22: 115369489 | J22: 90145749 | K22: 25113028 | L22: 78834267 | M22: 110186492 | N22: 113759380 | O22: 137094808 | P22: 166370390 | Q22: 165030668 | R22: 230696146 | S22: 265615841 | T22: 328689878 | U22: 489520071 | V22: 511181542 | W22: 684897813 | X22: 460675195 | Y22: 512044040 | Z22: 498215925 | AA22: 530555895 | AB22: 480394770 | AC22: 659488403 | AD22: 611092958 | AE22: 665461312 | AF22: 795502102 | AG22: 779320866 | AH22: 742114937 | AI22: 717667380 | AJ22: 803919327 | AK22: 770699320 | AL22: 830073132 | AM22: 808871518 | AN22: 911307115 | AO22: 1033542982 | AP22: 848336770 | AQ22: 1031003534 | AR22: 1063533369 | AS22: 973190576 | AT22: 1014630936 | AU22: 959100838 | AV22: 1144461915 | AW22: 1036988852 | AX22: 1127298804 | AY22: 1148303858 | AZ22: 1458390760 | BA22: 1416722711 | BB22: 1150490442 | BC22: 1324029310 | BD22: 1292186395 | BE22: 1242994029 | BF22: 1301826646 | BG22: 1394416901 | BH22: 1498127288 | BI22: 1494085055 | BJ22: 1322088478 | BK22: 2649801885 | BL22: 1443344072 | BM22: 1175582848 | BN22: 1272618976 | BO22: 1275871376 | BP22: 1379819445 | BQ22: 1393353255
A23: 20 | B23: Chi phí sửa chữa, bảo trì | C23: 5 | D23: 3161000 | H23: 1300000 | K23: 1000000 | M23: 75304175 | N23: 84852500 | O23: 113970243 | P23: 18417983 | Q23: 70170983 | R23: 78064670 | S23: 18280580 | T23: 37870788 | U23: 91321955 | V23: 48019955 | W23: 72306060 | X23: 168883204 | Y23: 241442296 | Z23: 256391092 | AA23: 392904650 | AB23: 234185977 | AC23: 153538154 | AD23: 254312143 | AE23: 150569558 | AF23: 354731809 | AG23: 288592698 | AH23: 477977300 | AI23: 349030518 | AJ23: 249145439 | AK23: 414109113 | AL23: 545762858 | AM23: 743720262 | AN23: 460529842 | AO23: 434571553 | AP23: 544088110 | AQ23: 510521295 | AR23: 642495196 | AS23: 690234002 | AT23: 410469104 | AU23: 569152145 | AV23: 603787768 | AW23: 725450829 | AX23: 794641207 | AY23: 939137701 | AZ23: 701196732 | BA23: 669431335 | BB23: 695561422 | BC23: 743147515 | BD23: 753334254 | BE23: 977482432 | BF23: 1028204484 | BG23: 944206342 | BH23: 727564953 | BI23: 733977685 | BJ23: 772842144 | BK23: 759303904 | BL23: 675532018 | BM23: 427508026 | BN23: 594679880 | BO23: 684234657 | BP23: 776152179 | BQ23: 762918082
A24: 21 | B24: Chi phí xưởng (các khoản còn lại ngoài các mục trên) | C24: 5 | D24: 93428209 | E24: 39355804 | F24: 281067286 | G24: 246562514 | H24: 303823633 | I24: 183272200 | J24: 99645149 | K24: 23004920 | L24: 54026215 | M24: 160906130 | N24: 415917825 | O24: 2424191396 | P24: 295537954 | Q24: 712153216 | R24: 545691720 | S24: 474613981 | T24: 648598421 | U24: 663250384 | V24: 682197622 | W24: 738962137 | X24: 1417768794 | Y24: 1830581191 | Z24: 2146768941 | AA24: 4408441451 | AB24: 6882854656 | AC24: 7764070036 | AD24: 7206898252 | AE24: 2633655044 | AF24: 3002421811 | AG24: 3200417555 | AH24: 3650679088 | AI24: 3051073188 | AJ24: -6669394386 | AK24: 1878247180 | AL24: 1628258276 | AM24: 2174325357 | AN24: 3894354715 | AO24: 3652447665 | AP24: 10039240901 | AQ24: 8812805553 | AR24: 8812804558 | AS24: 8371551826 | AT24: 7720780123 | AU24: 8071776355 | AV24: 8327236899 | AW24: 7638641417 | AX24: 7497692372 | AY24: 4107851153 | AZ24: 8280438056 | BA24: 8580322000 | BB24: 8620509463 | BC24: 8511354475 | BD24: 8473156194 | BE24: 9429914233 | BF24: 9794820434 | BG24: 10055729380 | BH24: 10079456790 | BI24: 10484969706 | BJ24: 9984538519 | BK24: 8978402207 | BL24: 10239614313 | BM24: 10118258403 | BN24: 10192946968 | BO24: 10239046336 | BP24: 10494732050 | BQ24: 10016304840
A25: 22 | B25: Chi phí khấu hao sản xuất (6274) | C25: 5 | D25: 113118470 | E25: 125171801 | F25: 101609082 | G25: 191324840 | H25: 208909966 | I25: 208909967 | J25: 260404493 | K25: 154669036 | L25: 1122903946 | M25: 1651936244 | N25: 1652348755 | O25: 2032189513 | P25: 1583266994 | Q25: 1681355798 | R25: 1686091185 | S25: 2054632893 | T25: 2082021882 | U25: 2101127104 | V25: 2191146490 | W25: 2325998380 | X25: 2334830143 | Y25: 2391193005 | Z25: 2542803711 | AA25: 2746116307 | AB25: 1919723932 | AC25: 2079065529 | AD25: 2176925807 | AE25: 2299979743 | AF25: 2317365481 | AG25: 2350895208 | AH25: 2460680796 | AI25: 2589414562 | AJ25: 2691094789 | AK25: 2725321682 | AL25: 2729828556 | AM25: 2847085715 | AN25: 5568667717 | AO25: 5573546970 | AP25: 2870749336 | AQ25: 2993181073 | AR25: 3046414798 | AS25: 3049589322 | AT25: 3083645781 | AU25: 3104579094 | AV25: 3243860916 | AW25: 3243941706 | AX25: 3278052242 | AY25: 3553075383 | AZ25: 3580021036 | BA25: 3581565481 | BB25: 3775596118 | BC25: 3661702831 | BD25: 3848361886 | BE25: 3844542443 | BF25: 3851845256 | BG25: 3844351847 | BH25: 4163777464 | BI25: 3970961581 | BJ25: 4134395532 | BK25: 4163728315 | BL25: 2044939335 | BM25: 2013980354 | BN25: 2036741650 | BO25: 2196309343 | BP25: 2247398242 | BQ25: 2246182965
A26: 23 | B26: Chi phí gia công ngoài (nếu có) | C26: 5 | Y26: 51423027 | Z26: 836485573 | AA26: 730344000 | AB26: 167043000 | AC26: 420030000 | AD26: 9885000 | AE26: 340207000 | AF26: 257910000 | AG26: 202947400 | AH26: 104538000 | AI26: 0 | AJ26: 0 | AK26: 0 | AL26: 0 | AM26: 148513005 | AN26: 2408877200 | AO26: 321736000 | AP26: 407200000 | AQ26: 1027400000 | AR26: 1296610000 | AS26: 932027000 | AT26: 1461251000 | AU26: 1743703999 | AV26: 838296001 | AW26: 1688273746 | AX26: 1220372826 | AY26: 1496105366 | AZ26: 53004285 | BA26: 1.9871034e+09 | BB26: 9.9226987e+08 | BC26: 7.0489271e+08 | BD26: 5.5889557e+08 | BE26: 7.0170311e+08 | BF26: 2.7639724e+08 | BG26: 6.9378445e+08 | BH26: 1.2554929e+09 | BI26: 8.8733352e+08 | BJ26: 9.2368191e+08 | BK26: 6.7542101e+08 | BL26: 2.4062687e+08 | BM26: 2.1174221e+08 | BN26: 1.1385158e+09 | BO26: 2.56512e+08 | BP26: 9.0867772e+08 | BQ26: 1.0845297e+08
