Workbook

Sheet Thong tin
A1: CÔNG TY TNHH THU MUA PHẾ LIỆU KHÁNH NGA
A2: Địa chỉ:
A3: Mã số thuế:
A4: Deadline ngày 5 tây hàng tháng
B6: Năm tài chính hiện tại | C6: 2026
B7: Năm trước | C7: =C6-1 -> 2025
B9: Tháng báo cáo hiện tại | C9: 5
B12: NGƯỜI LẬP BIỂU
B15: KẾ TOÁN TRƯỞNG
B18: GIÁM ĐỐC TÀI CHÍNH

Sheet BIA
B29: THÁNG 02 NĂM 2026
B50: Thành phố Hồ Chí Minh, Ngày 28 tháng 02 năm 2026

Sheet Index
A1: ='Thong tin'!A1 -> CÔNG TY TNHH THU MUA PHẾ LIỆU KHÁNH NGA | I1: BÁO CÁO TÀI CHÍNH
A2: ='Thong tin'!A2 -> Địa chỉ:
A10: ="BÁO CÁO TÀI CHÍNH THÁNG "&'Thong tin'!C9&" NĂM 2026" -> BÁO CÁO TÀI CHÍNH THÁNG 5 NĂM 2026 | I10: Trang
A12: BÁO CÁO CỦA BAN GIÁM ĐỐC | I12: 2 - 3
A13: BÁO CÁO KIỂM TOÁN | I13: 4 - 4
A14: - Bảng cân đối kế toán | I14: 1 - 4
A15: - Báo cáo kết quả hoạt động kinh doanh | I15: 5
A16: - Báo cáo lưu chuyển tiền tệ | I16: 6 - 7
A17: - Bản thuyết minh báo cáo tài chính | I17: 11 - 31
A30: (Báo cáo tài chính được lập và trình bày theo Quyết định số 15/2006/QĐ-BTC ngày 20/03/2006
A31: của Bộ trưởng Bộ Tài Chính)

Sheet THTC in
A1: ='Thong tin'!$A$1 -> CÔNG TY TNHH THU MUA PHẾ LIỆU KHÁNH NGA
A2: ='Thong tin'!$A$2 -> Địa chỉ:
A4: BÁO CÁO TÌNH HÌNH TÀI CHÍNH
A5: ="Năm " & 'Thong tin'!$C$6 -> Năm 2026
C6: ='KQKD in'!G6 -> ĐVT: VNĐ
A7: TÀI SẢN | B7: ="Số cuối tháng"&" "&$D$7 -> Số cuối tháng 5 | C7: ="Số dư đầu năm " & 'Thong tin'!$C$6 -> Số dư đầu năm 2026 | D7: 5
A8: A . TÀI SẢN NGẮN HẠN | B8: =B10+B14+B22+B31+B40 -> 19257599078 | C8: =C10+C14+C22+C31+C40 -> 17398509917
A10: I. Tiền và các khoản tương đương tiền | B10: =SUM(B11:B12) -> 4265994913 | C10: =SUM(C11:C12) -> 8999449324
A11: 1. Tiền | B11: =OFFSET('Tinh hinh tai chinh'!$BL6,0,'THTC in'!$D$7 - 1) -> 1265994913 | C11: ='Tinh hinh tai chinh'!BL6 -> 2999449324
A12: 2. Các khoản tương đương tiền | B12: =OFFSET('Tinh hinh tai chinh'!$BL7,0,'THTC in'!$D$7 - 1) -> 3000000000 | C12: ='Tinh hinh tai chinh'!BL7 -> 6000000000
A14: II. Các khoản đầu tư tài chính ngắn hạn | B14: =SUM(B15:B20) -> 1000000000 | C14: =SUM(C15:C20) -> 0
A15: 1.Chứng khoán kinh doanh | B15: =OFFSET('Tinh hinh tai chinh'!$BL9,0,'THTC in'!$D$7 - 1) -> 0 | C15: ='Tinh hinh tai chinh'!BK9 -> 0
A16: 2.Dự phòng giảm giá chứng khoán kinh doanh (*) | B16: =OFFSET('Tinh hinh tai chinh'!$BL10,0,'THTC in'!$D$7 - 1) -> 0 | C16: ='Tinh hinh tai chinh'!BK10 -> 0
A17: 3.Đầu tư nắm giữ đến ngày đáo hạn ngắn hạn | B17: =OFFSET('Tinh hinh tai chinh'!$BL11,0,'THTC in'!$D$7 - 1) -> 1000000000 | C17: ='Tinh hinh tai chinh'!BK11 -> 0
A18: 4.Dự phòng đầu tư nắm giữ đến ngày đáo hạn ngắn hạn (*) | B18: =OFFSET('Tinh hinh tai chinh'!$BL12,0,'THTC in'!$D$7 - 1) -> 0 | C18: ='Tinh hinh tai chinh'!BK12 -> 0
A19: 5.Đầu tư ngắn hạn khác | B19: =OFFSET('Tinh hinh tai chinh'!$BL13,0,'THTC in'!$D$7 - 1) -> 0 | C19: ='Tinh hinh tai chinh'!BK13 -> 0
A20: 6.Dự phòng tổn thất các khoản đầu tư ngắn hạn khác (*) | B20: =OFFSET('Tinh hinh tai chinh'!$BL14,0,'THTC in'!$D$7 - 1) -> 0 | C20: ='Tinh hinh tai chinh'!BK14 -> 0
A22: III. Các khoản phải thu ngắn hạn | B22: =SUM(B23:B29) -> 4109614535 | C22: =SUM(C23:C29) -> 2027514130
A23: 1.Phải thu ngắn hạn của khách hàng | B23: =OFFSET('Tinh hinh tai chinh'!$BL16,0,'THTC in'!$D$7 - 1) -> 1482666995 | C23: ='Tinh hinh tai chinh'!BL16 -> 130705920
A24: 2.Trả trước cho người bán ngắn hạn | B24: =OFFSET('Tinh hinh tai chinh'!$BL17,0,'THTC in'!$D$7 - 1) -> 284717973 | C24: ='Tinh hinh tai chinh'!BL17 -> 874147973
A25: 3.Phải thu nội bộ ngắn hạn | B25: =OFFSET('Tinh hinh tai chinh'!$BL18,0,'THTC in'!$D$7 - 1) -> 0 | C25: ='Tinh hinh tai chinh'!BK18 -> 0
A26: 4.Phải thu theo tiến độ hợp đồng xây dựng | B26: =OFFSET('Tinh hinh tai chinh'!$BL19,0,'THTC in'!$D$7 - 1) -> 0 | C26: ='Tinh hinh tai chinh'!BK19 -> 0
A27: 5.Phải thu ngắn hạn khác | B27: =OFFSET('Tinh hinh tai chinh'!$BL20,0,'THTC in'!$D$7 - 1) -> 2342229567 | C27: ='Tinh hinh tai chinh'!BL20 -> 1022660237
A28: 6.Dự phòng phải thu ngắn hạn khó đòi (*) | B28: =OFFSET('Tinh hinh tai chinh'!$BL21,0,'THTC in'!$D$7 - 1) -> 0 | C28: ='Tinh hinh tai chinh'!BK21 -> 0
A29: 7.Tài sản thiếu chờ xử lý | B29: =OFFSET('Tinh hinh tai chinh'!$BL22,0,'THTC in'!$D$7 - 1) -> 0 | C29: ='Tinh hinh tai chinh'!BK22 -> 0
A31: IV. Hàng tồn kho | B31: =SUM(B32:B33) -> 8989031026 | C31: =SUM(C32:C33) -> 5045758048
A32: 1. Hàng tồn kho | B32: =OFFSET('Tinh hinh tai chinh'!$BL24,0,'THTC in'!$D$7 - 1) -> 8989031026 | C32: ='Tinh hinh tai chinh'!BL24 -> 5045758048
A33: 2. Dự phòng giảm giá hàng tồn kho (*) | B33: =OFFSET('Tinh hinh tai chinh'!$BL25,0,'THTC in'!$D$7 - 1) -> 0 | C33: ='Tinh hinh tai chinh'!BK25 -> 0
A35: V. Tài sản sinh học ngắn hạn | B35: =SUM(B36:B38) -> 0 | C35: =SUM(C36:C38) -> 0
A36: 1.Súc vật nuôi lấy sản phẩm một lần ngắn hạn | B36: =OFFSET('Tinh hinh tai chinh'!$BL27,0,'THTC in'!$D$7 - 1) -> 0 | C36: ='Tinh hinh tai chinh'!BK27 -> 0
A37: 2.Cây trồng theo mùa vụ hoặc lấy sản phẩm một lần ngắn hạn | B37: =OFFSET('Tinh hinh tai chinh'!$BL28,0,'THTC in'!$D$7 - 1) -> 0 | C37: ='Tinh hinh tai chinh'!BK28 -> 0
A38: 3.Dự phòng tổn thất tài sản sinh học ngắn hạn (*) | B38: =OFFSET('Tinh hinh tai chinh'!$BL29,0,'THTC in'!$D$7 - 1) -> 0 | C38: ='Tinh hinh tai chinh'!BK29 -> 0
A40: VI. Tài sản ngắn hạn khác | B40: =SUM(B41:B45) -> 892958604 | C40: =SUM(C41:C45) -> 1325788415
A41: 1.Chi phí chờ phân bổ ngắn hạn | B41: =OFFSET('Tinh hinh tai chinh'!$BL31,0,'THTC in'!$D$7 - 1) -> 892958604 | C41: ='Tinh hinh tai chinh'!BL31 -> 1325788415
A42: 2.Thuế GTGT được khấu trừ | B42: =OFFSET('Tinh hinh tai chinh'!$BL32,0,'THTC in'!$D$7 - 1) -> 0 | C42: ='Tinh hinh tai chinh'!BK32 -> 0
A43: 3.Thuế và các khoản khác phải thu Nhà nước | B43: =OFFSET('Tinh hinh tai chinh'!$BL33,0,'THTC in'!$D$7 - 1) -> 0 | C43: ='Tinh hinh tai chinh'!BL33 -> 0
A44: 4.Giao dịch mua bán lại trái phiếu Chính phủ | B44: =OFFSET('Tinh hinh tai chinh'!$BL34,0,'THTC in'!$D$7 - 1) -> 0 | C44: ='Tinh hinh tai chinh'!BK34 -> 0
A45: 5.Tài sản ngắn hạn khác | B45: =OFFSET('Tinh hinh tai chinh'!$BL35,0,'THTC in'!$D$7 - 1) -> 0 | C45: ='Tinh hinh tai chinh'!BK35 -> 0
A47: B. TÀI SẢN DÀI HẠN | B47: =B48+B58+B79+B87+B95+B83 -> 6901738911 | C47: =C48+C58+C79+C87+C95+C83 -> 6404349557
A48: I.Các khoản phải thu dài hạn | B48: =SUM(B49:B54) -> 0 | C48: =SUM(C49:C54) -> 0
A49: 1.Phải thu dài hạn của khách hàng | B49: =OFFSET('Tinh hinh tai chinh'!$BL38,0,'THTC in'!$D$7 - 1) -> 0 | C49: ='Tinh hinh tai chinh'!BK38 -> 0
A50: 2.Trả trước cho người bán dài hạn | B50: =OFFSET('Tinh hinh tai chinh'!$BL39,0,'THTC in'!$D$7 - 1) -> 0 | C50: ='Tinh hinh tai chinh'!BK39 -> 0
A51: 3.Vốn kinh doanh ở đơn vị trực thuộc | B51: =OFFSET('Tinh hinh tai chinh'!$BL40,0,'THTC in'!$D$7 - 1) -> 0 | C51: ='Tinh hinh tai chinh'!BK40 -> 0
A52: 4.Phải thu nội bộ dài hạn | B52: =OFFSET('Tinh hinh tai chinh'!$BL41,0,'THTC in'!$D$7 - 1) -> 0 | C52: ='Tinh hinh tai chinh'!BK41 -> 0
A53: 5.Phải thu dài hạn khác | B53: =OFFSET('Tinh hinh tai chinh'!$BL42,0,'THTC in'!$D$7 - 1) -> 0 | C53: ='Tinh hinh tai chinh'!BK42 -> 0
A54: 6.Dự phòng phải thu dài hạn khó đòi (*) | B54: =OFFSET('Tinh hinh tai chinh'!$BL43,0,'THTC in'!$D$7 - 1) -> 0 | C54: ='Tinh hinh tai chinh'!BK43 -> 0
A56: TÀI SẢN | B56: =B7 -> Số cuối tháng 5 | C56: =C7 -> Số dư đầu năm 2026
A58: II. Tài sản cố định | B58: =B59+B62+B65 -> 6162816416 | C58: =C59+C62+C65 -> 5733223097
A59: 1. Tài sản cố định hữu hình | B59: =SUM(B60:B61) -> 5913847666 | C59: =SUM(C60:C61) -> 5733223097
A60: - Nguyên giá | B60: =OFFSET('Tinh hinh tai chinh'!$BL46,0,'THTC in'!$D$7 - 1) -> 11646875346 | C60: ='Tinh hinh tai chinh'!BL46 -> 10787997381
A61: - Giá trị hao mòn luỹ kế (*) | B61: =OFFSET('Tinh hinh tai chinh'!$BL47,0,'THTC in'!$D$7 - 1) -> -5733027680 | C61: ='Tinh hinh tai chinh'!BL47 -> -5054774284
A62: 2. Tài sản cố định thuê tài chính | B62: =SUM(B63:B64) -> 0 | C62: =SUM(C63:C64) -> 0
A63: - Nguyên giá | B63: =OFFSET('Tinh hinh tai chinh'!$BL49,0,'THTC in'!$D$7 - 1) -> 0 | C63: ='Tinh hinh tai chinh'!BL49 -> 0
A64: - Giá trị hao mòn luỹ kế (*) | B64: =OFFSET('Tinh hinh tai chinh'!$BL50,0,'THTC in'!$D$7 - 1) -> 0 | C64: ='Tinh hinh tai chinh'!BL50 -> 0
A65: 3. Tài sản cố định vô hình | B65: =SUM(B66:B67) -> 248968750 | C65: =SUM(C66:C67) -> 0
A66: - Nguyên giá | B66: =OFFSET('Tinh hinh tai chinh'!$BL52,0,'THTC in'!$D$7 - 1) -> 257000000 | C66: ='Tinh hinh tai chinh'!BK52 -> 0
A67: - Giá trị hao mòn luỹ kế (*) | B67: =OFFSET('Tinh hinh tai chinh'!$BL53,0,'THTC in'!$D$7 - 1) -> -8031250 | C67: ='Tinh hinh tai chinh'!BL53 -> 0
A69: III. Tài sản sinh học dài hạn | C69: =SUM(C70,C75:C77) -> 0
A70: 1.Súc vật nuôi cho sản phẩm định kỳ | B70: =OFFSET('Tinh hinh tai chinh'!$BL55,0,'THTC in'!$D$7 - 1) -> 0 | C70: ='Tinh hinh tai chinh'!BK55 -> 0
A71: a)Súc vật nuôi cho sản phẩm định kỳ chưa đến giai đoạn trưởng thành | B71: =OFFSET('Tinh hinh tai chinh'!$BL56,0,'THTC in'!$D$7 - 1) -> 0 | C71: ='Tinh hinh tai chinh'!BK56 -> 0
A72: b)Súc vật nuôi cho sản phẩm định kỳ đến giai đoạn trưởng thành | B72: =OFFSET('Tinh hinh tai chinh'!$BL57,0,'THTC in'!$D$7 - 1) -> 0 | C72: ='Tinh hinh tai chinh'!BK57 -> 0
A73: - Nguyên giá | B73: =OFFSET('Tinh hinh tai chinh'!$BL58,0,'THTC in'!$D$7 - 1) -> 0 | C73: ='Tinh hinh tai chinh'!BK58 -> 0
A74: - Giá trị khấu hao lũy kế (*) | B74: =OFFSET('Tinh hinh tai chinh'!$BL59,0,'THTC in'!$D$7 - 1) -> 0 | C74: ='Tinh hinh tai chinh'!BK59 -> 0
A75: 2.Súc vật nuôi lấy sản phẩm một lần dài hạn | B75: =OFFSET('Tinh hinh tai chinh'!$BL60,0,'THTC in'!$D$7 - 1) -> 0 | C75: ='Tinh hinh tai chinh'!BK60 -> 0
A76: 3.Cây trồng theo mùa vụ hoặc lấy sản phẩm một lần dài hạn | B76: =OFFSET('Tinh hinh tai chinh'!$BL61,0,'THTC in'!$D$7 - 1) -> 0 | C76: ='Tinh hinh tai chinh'!BK61 -> 0
A77: 4.Dự phòng tổn thất tài sản sinh học dài hạn | B77: =OFFSET('Tinh hinh tai chinh'!$BL62,0,'THTC in'!$D$7 - 1) -> 0 | C77: ='Tinh hinh tai chinh'!BK62 -> 0
A79: IV. Bất động sản đầu tư | B79: =SUM(B80:B81) -> 0 | C79: =SUM(C80:C81) -> 0
A80: - Nguyên giá | B80: =OFFSET('Tinh hinh tai chinh'!$BL64,0,'THTC in'!$D$7 - 1) -> 0 | C80: ='Tinh hinh tai chinh'!BK64 -> 0
A81: - Giá trị hao mòn luỹ kế (*) | B81: =OFFSET('Tinh hinh tai chinh'!$BL65,0,'THTC in'!$D$7 - 1) -> 0 | C81: ='Tinh hinh tai chinh'!BK65 -> 0
A83: V. Tài sản dở dang dài hạn | B83: =SUM(B84:B85) -> 148000000 | C83: =SUM(C84:C85) -> 310000000
A84: 1.Chi phí sản xuất, kinh doanh dở dang dài hạn | B84: =OFFSET('Tinh hinh tai chinh'!$BL67,0,'THTC in'!$D$7 - 1) -> 0 | C84: ='Tinh hinh tai chinh'!BK67 -> 0
A85: 2.Chi phí xây dựng cơ bản dở dang | B85: =OFFSET('Tinh hinh tai chinh'!$BL68,0,'THTC in'!$D$7 - 1) -> 148000000 | C85: ='Tinh hinh tai chinh'!BL68 -> 310000000
A87: VI. Đầu tư tài chính dài hạn | B87: =SUM(B88:B92) -> 0 | C87: =SUM(C88:C93) -> 0
A88: 1.Đầu tư vào công ty con | B88: =OFFSET('Tinh hinh tai chinh'!$BL70,0,'THTC in'!$D$7 - 1) -> 0 | C88: ='Tinh hinh tai chinh'!BK70 -> 0
A89: 2.Đầu tư vào công ty liên doanh, liên kết | B89: =OFFSET('Tinh hinh tai chinh'!$BL71,0,'THTC in'!$D$7 - 1) -> 0 | C89: ='Tinh hinh tai chinh'!BK71 -> 0
A90: 3.Đầu tư góp vốn vào đơn vị khác | B90: =OFFSET('Tinh hinh tai chinh'!$BL72,0,'THTC in'!$D$7 - 1) -> 0 | C90: ='Tinh hinh tai chinh'!BK72 -> 0
A91: 4.Dự phòng tổn thất đầu tư vào đơn vị khác dài hạn(*) | B91: =OFFSET('Tinh hinh tai chinh'!$BL73,0,'THTC in'!$D$7 - 1) -> 0 | C91: ='Tinh hinh tai chinh'!BK73 -> 0
A92: 5.Đầu tư nắm giữ đến ngày đáo hạn dài hạn | B92: =OFFSET('Tinh hinh tai chinh'!$BL74,0,'THTC in'!$D$7 - 1) -> 0 | C92: ='Tinh hinh tai chinh'!BK74 -> 0
A93: 6.Dự phòng đầu tư nắm giữ đến ngày đáo hạn dài hạn (*) | B93: =OFFSET('Tinh hinh tai chinh'!$BL75,0,'THTC in'!$D$7 - 1) -> 0 | C93: ='Tinh hinh tai chinh'!BK75 -> 0
A95: VII. Tài sản dài hạn khác | B95: =SUM(B96:B99) -> 590922495 | C95: =SUM(C96:C99) -> 361126460
A96: 1.Chi phí chờ phân bổ dài hạn | B96: =OFFSET('Tinh hinh tai chinh'!$BL77,0,'THTC in'!$D$7 - 1) -> 590922495 | C96: ='Tinh hinh tai chinh'!BL77 -> 361126460
A97: 2.Tài sản thuế thu nhập hoãn lại | B97: =OFFSET('Tinh hinh tai chinh'!$BL78,0,'THTC in'!$D$7 - 1) -> 0 | C97: ='Tinh hinh tai chinh'!BK78 -> 0
A98: 3.Thiết bị, vật tư, phụ tùng thay thế dài hạn | B98: =OFFSET('Tinh hinh tai chinh'!$BL79,0,'THTC in'!$D$7 - 1) -> 0 | C98: ='Tinh hinh tai chinh'!BK79 -> 0
A99: 4.Tài sản dài hạn khác | B99: =OFFSET('Tinh hinh tai chinh'!$BL80,0,'THTC in'!$D$7 - 1) -> 0 | C99: ='Tinh hinh tai chinh'!BK80 -> 0
A100: TỔNG CỘNG TÀI SẢN | B100: =B8+B47 -> 26159337989 | C100: =C8+C47 -> 23802859474
A102: NGUỒN VỐN | B102: =B7 -> Số cuối tháng 5 | C102: =C7 -> Số dư đầu năm 2026
A103: C . NỢ PHẢI TRẢ | B103: =B104+B121 -> 8769863882 | C103: =C104+C121 -> 8570720339
A104: I. Nợ ngắn hạn | B104: =SUM(B105:B119) -> 8769863882 | C104: =SUM(C105:C119) -> 8570720339
A105: 1.Phải trả người bán ngắn hạn | B105: =OFFSET('Tinh hinh tai chinh'!$BL84,0,'THTC in'!$D$7 - 1) -> 1970324701 | C105: ='Tinh hinh tai chinh'!BL84 -> 1960781996
A106: 2.Người mua trả tiền trước ngắn hạn | B106: =OFFSET('Tinh hinh tai chinh'!$BL85,0,'THTC in'!$D$7 - 1) -> 0 | C106: ='Tinh hinh tai chinh'!BK85 -> 0
A107: 3.Phải trả cổ tức, lợi nhuận | B107: =OFFSET('Tinh hinh tai chinh'!$BL86,0,'THTC in'!$D$7 - 1) -> 0 | C107: ='Tinh hinh tai chinh'!BK86 -> 0
A108: 4.Thuế và các khoản phải nộp Nhà nước ngắn hạn | B108: =OFFSET('Tinh hinh tai chinh'!$BL87,0,'THTC in'!$D$7 - 1) -> 1203808105 | C108: ='Tinh hinh tai chinh'!BL87 -> 731600993
A109: 5.Phải trả người lao động | B109: =OFFSET('Tinh hinh tai chinh'!$BL88,0,'THTC in'!$D$7 - 1) -> 410842768 | C109: ='Tinh hinh tai chinh'!BL88 -> 417180841
A110: 6.Chi phí phải trả ngắn hạn | B110: =OFFSET('Tinh hinh tai chinh'!$BL89,0,'THTC in'!$D$7 - 1) -> 170215348 | C110: ='Tinh hinh tai chinh'!BL89 -> 453413289
A111: 7.Phải trả nội bộ ngắn hạn | B111: =OFFSET('Tinh hinh tai chinh'!$BL90,0,'THTC in'!$D$7 - 1) -> 0 | C111: ='Tinh hinh tai chinh'!BK90 -> 0
A112: 8.Phải trả theo tiến độ hợp đồng xây dựng ngắn hạn | B112: =OFFSET('Tinh hinh tai chinh'!$BL91,0,'THTC in'!$D$7 - 1) -> 0 | C112: ='Tinh hinh tai chinh'!BK91 -> 0
A113: 9.Doanh thu chờ phân bổ ngắn hạn | B113: =OFFSET('Tinh hinh tai chinh'!$BL92,0,'THTC in'!$D$7 - 1) -> 0 | C113: ='Tinh hinh tai chinh'!BK92 -> 0
A114: 10.Phải trả ngắn hạn khác | B114: =OFFSET('Tinh hinh tai chinh'!$BL93,0,'THTC in'!$D$7 - 1) -> 5014672960 | C114: ='Tinh hinh tai chinh'!BL93 -> 5007743220
A115: 11.Vay và nợ thuê tài chính ngắn hạn | B115: =OFFSET('Tinh hinh tai chinh'!$BL94,0,'THTC in'!$D$7 - 1) -> 0 | C115: ='Tinh hinh tai chinh'!BK94 -> 0
A116: 12.Dự phòng phải trả ngắn hạn | B116: =OFFSET('Tinh hinh tai chinh'!$BL95,0,'THTC in'!$D$7 - 1) -> 0 | C116: ='Tinh hinh tai chinh'!BK95 -> 0
...

Sheet KQKD in
A1: ='Thong tin'!$A$1 -> CÔNG TY TNHH THU MUA PHẾ LIỆU KHÁNH NGA
A2: ='Thong tin'!$A$2 -> Địa chỉ:
A4: BÁO CÁO KẾT QUẢ HOẠT ĐỘNG KINH DOANH
A5: ="Năm " & 'Thong tin'!$C$6 -> Năm 2026
G6: ĐVT: VNĐ
A8: Chỉ tiêu | D8: ="Tháng "&'Thong tin'!$C$9 -> Tháng 5 | F8: ="Lũy kế"&" "&'Thong tin'!$C$9 &" "&"tháng" -> Lũy kế 5 tháng
D9: ="Năm " & 'Thong tin'!$C$6 -> Năm 2026 | E9: ="Năm " & 'Thong tin'!$C$7 -> Năm 2025 | F9: ="Năm " & 'Thong tin'!$C$6 -> Năm 2026 | G9: ="Năm " & 'Thong tin'!$C$7 -> Năm 2025
A10: 1. | B10: Doanh thu bán hàng và cung cấp dịch vụ | D10: =OFFSET('Ket qua kinh doanh'!$BL5,0,'Thong tin'!$C$9 - 1) -> 12123223250 | E10: =OFFSET('Ket qua kinh doanh'!$AZ5,0,'Thong tin'!$C$9 - 1) -> 8388349104 | F10: {=_xlfn.SWITCH(TRUE(), 'Thong tin'!$C$6=2021, SUM(OFFSET('Ket qua kinh doanh'!$D5,0,0,1,'Thong tin'!$C$9)), 'Thong tin'!$C$6=2022, SUM(OFFSET('Ket qua kinh doanh'!$P5,0,0,1,'Thong tin'!$C$9)), 'Thong tin'!$C$6=2023, SUM(OFFSET('Ket qua kinh doanh'!$AB5,0,0,1,'Thong tin'!$C$9)), 'Thong tin'!$C$6=2024, SUM(OFFSET('Ket qua kinh doanh'!$AN5,0,0,1,'Thong tin'!$C$9)), 'Thong tin'!$C$6=2025, SUM(OFFSET('Ket qua kinh doanh'!$AZ5,0,0,1,'Thong tin'!$C$9)), 'Thong tin'!$C$6=2026, SUM(OFFSET('Ket qua kinh doanh'!$BL5,0,0,1,'Thong tin'!$C$9)) )} -> 45601638252 | G10: {=_xlfn.SWITCH(TRUE(), 'Thong tin'!$C$7=2021, SUM(OFFSET('Ket qua kinh doanh'!$D5,0,0,1,'Thong tin'!$C$9)), 'Thong tin'!$C$7=2022, SUM(OFFSET('Ket qua kinh doanh'!$P5,0,0,1,'Thong tin'!$C$9)), 'Thong tin'!$C$7=2023, SUM(OFFSET('Ket qua kinh doanh'!$AB5,0,0,1,'Thong tin'!$C$9)), 'Thong tin'!$C$7=2024, SUM(OFFSET('Ket qua kinh doanh'!$AN5,0,0,1,'Thong tin'!$C$9)), 'Thong tin'!$C$7=2025, SUM(OFFSET('Ket qua kinh doanh'!$AZ5,0,0,1,'Thong tin'!$C$9)), 'Thong tin'!$C$7=2026, SUM(OFFSET('Ket qua kinh doanh'!$BL5,0,0,1,'Thong tin'!$C$9)) )} -> 34979057663
A11: 2. | B11: Các khoản giảm trừ doanh thu | D11: =OFFSET('Ket qua kinh doanh'!$BL6,0,'Thong tin'!$C$9 - 1) -> 0 | E11: =OFFSET('Ket qua kinh doanh'!$AZ6,0,'Thong tin'!$C$9 - 1) -> 0 | F11: {=_xlfn.SWITCH(TRUE(), 'Thong tin'!$C$6=2021, SUM(OFFSET('Ket qua kinh doanh'!$D6,0,0,1,'Thong tin'!$C$9)), 'Thong tin'!$C$6=2022, SUM(OFFSET('Ket qua kinh doanh'!$P6,0,0,1,'Thong tin'!$C$9)), 'Thong tin'!$C$6=2023, SUM(OFFSET('Ket qua kinh doanh'!$AB6,0,0,1,'Thong tin'!$C$9)), 'Thong tin'!$C$6=2024, SUM(OFFSET('Ket qua kinh doanh'!$AN6,0,0,1,'Thong tin'!$C$9)), 'Thong tin'!$C$6=2025, SUM(OFFSET('Ket qua kinh doanh'!$AZ6,0,0,1,'Thong tin'!$C$9)), 'Thong tin'!$C$6=2026, SUM(OFFSET('Ket qua kinh doanh'!$BL6,0,0,1,'Thong tin'!$C$9)) )} -> 0 | G11: {=_xlfn.SWITCH(TRUE(), 'Thong tin'!$C$7=2021, SUM(OFFSET('Ket qua kinh doanh'!$D6,0,0,1,'Thong tin'!$C$9)), 'Thong tin'!$C$7=2022, SUM(OFFSET('Ket qua kinh doanh'!$P6,0,0,1,'Thong tin'!$C$9)), 'Thong tin'!$C$7=2023, SUM(OFFSET('Ket qua kinh doanh'!$AB6,0,0,1,'Thong tin'!$C$9)), 'Thong tin'!$C$7=2024, SUM(OFFSET('Ket qua kinh doanh'!$AN6,0,0,1,'Thong tin'!$C$9)), 'Thong tin'!$C$7=2025, SUM(OFFSET('Ket qua kinh doanh'!$AZ6,0,0,1,'Thong tin'!$C$9)), 'Thong tin'!$C$7=2026, SUM(OFFSET('Ket qua kinh doanh'!$BL6,0,0,1,'Thong tin'!$C$9)) )} -> 0
A12: 3. | B12: Doanh thu thuần về bán hàng và cung cấp dịch vụ | D12: =OFFSET('Ket qua kinh doanh'!$BL7,0,'Thong tin'!$C$9 - 1) -> 12123223250 | E12: =OFFSET('Ket qua kinh doanh'!$AZ7,0,'Thong tin'!$C$9 - 1) -> 8388349104 | F12: {=_xlfn.SWITCH(TRUE(), 'Thong tin'!$C$6=2021, SUM(OFFSET('Ket qua kinh doanh'!$D7,0,0,1,'Thong tin'!$C$9)), 'Thong tin'!$C$6=2022, SUM(OFFSET('Ket qua kinh doanh'!$P7,0,0,1,'Thong tin'!$C$9)), 'Thong tin'!$C$6=2023, SUM(OFFSET('Ket qua kinh doanh'!$AB7,0,0,1,'Thong tin'!$C$9)), 'Thong tin'!$C$6=2024, SUM(OFFSET('Ket qua kinh doanh'!$AN7,0,0,1,'Thong tin'!$C$9)), 'Thong tin'!$C$6=2025, SUM(OFFSET('Ket qua kinh doanh'!$AZ7,0,0,1,'Thong tin'!$C$9)), 'Thong tin'!$C$6=2026, SUM(OFFSET('Ket qua kinh doanh'!$BL7,0,0,1,'Thong tin'!$C$9)) )} -> 45601638252 | G12: {=_xlfn.SWITCH(TRUE(), 'Thong tin'!$C$7=2021, SUM(OFFSET('Ket qua kinh doanh'!$D7,0,0,1,'Thong tin'!$C$9)), 'Thong tin'!$C$7=2022, SUM(OFFSET('Ket qua kinh doanh'!$P7,0,0,1,'Thong tin'!$C$9)), 'Thong tin'!$C$7=2023, SUM(OFFSET('Ket qua kinh doanh'!$AB7,0,0,1,'Thong tin'!$C$9)), 'Thong tin'!$C$7=2024, SUM(OFFSET('Ket qua kinh doanh'!$AN7,0,0,1,'Thong tin'!$C$9)), 'Thong tin'!$C$7=2025, SUM(OFFSET('Ket qua kinh doanh'!$AZ7,0,0,1,'Thong tin'!$C$9)), 'Thong tin'!$C$7=2026, SUM(OFFSET('Ket qua kinh doanh'!$BL7,0,0,1,'Thong tin'!$C$9)) )} -> 34979057663
A13: 4. | B13: Giá vốn hàng bán | D13: =OFFSET('Ket qua kinh doanh'!$BL8,0,'Thong tin'!$C$9 - 1) -> 10499325346 | E13: =OFFSET('Ket qua kinh doanh'!$AZ8,0,'Thong tin'!$C$9 - 1) -> 7739685565 | F13: {=_xlfn.SWITCH(TRUE(), 'Thong tin'!$C$6=2021, SUM(OFFSET('Ket qua kinh doanh'!$D8,0,0,1,'Thong tin'!$C$9)), 'Thong tin'!$C$6=2022, SUM(OFFSET('Ket qua kinh doanh'!$P8,0,0,1,'Thong tin'!$C$9)), 'Thong tin'!$C$6=2023, SUM(OFFSET('Ket qua kinh doanh'!$AB8,0,0,1,'Thong tin'!$C$9)), 'Thong tin'!$C$6=2024, SUM(OFFSET('Ket qua kinh doanh'!$AN8,0,0,1,'Thong tin'!$C$9)), 'Thong tin'!$C$6=2025, SUM(OFFSET('Ket qua kinh doanh'!$AZ8,0,0,1,'Thong tin'!$C$9)), 'Thong tin'!$C$6=2026, SUM(OFFSET('Ket qua kinh doanh'!$BL8,0,0,1,'Thong tin'!$C$9)) )} -> 39700166595 | G13: {=_xlfn.SWITCH(TRUE(), 'Thong tin'!$C$7=2021, SUM(OFFSET('Ket qua kinh doanh'!$D8,0,0,1,'Thong tin'!$C$9)), 'Thong tin'!$C$7=2022, SUM(OFFSET('Ket qua kinh doanh'!$P8,0,0,1,'Thong tin'!$C$9)), 'Thong tin'!$C$7=2023, SUM(OFFSET('Ket qua kinh doanh'!$AB8,0,0,1,'Thong tin'!$C$9)), 'Thong tin'!$C$7=2024, SUM(OFFSET('Ket qua kinh doanh'!$AN8,0,0,1,'Thong tin'!$C$9)), 'Thong tin'!$C$7=2025, SUM(OFFSET('Ket qua kinh doanh'!$AZ8,0,0,1,'Thong tin'!$C$9)), 'Thong tin'!$C$7=2026, SUM(OFFSET('Ket qua kinh doanh'!$BL8,0,0,1,'Thong tin'!$C$9)) )} -> 33684313417
A14: 5. | B14: Lợi nhuận gộp về bán hàng và cung cấp dịch vụ | D14: =OFFSET('Ket qua kinh doanh'!$BL9,0,'Thong tin'!$C$9 - 1) -> 1623897904 | E14: =OFFSET('Ket qua kinh doanh'!$AZ9,0,'Thong tin'!$C$9 - 1) -> 648663539 | F14: {=_xlfn.SWITCH(TRUE(), 'Thong tin'!$C$6=2021, SUM(OFFSET('Ket qua kinh doanh'!$D9,0,0,1,'Thong tin'!$C$9)), 'Thong tin'!$C$6=2022, SUM(OFFSET('Ket qua kinh doanh'!$P9,0,0,1,'Thong tin'!$C$9)), 'Thong tin'!$C$6=2023, SUM(OFFSET('Ket qua kinh doanh'!$AB9,0,0,1,'Thong tin'!$C$9)), 'Thong tin'!$C$6=2024, SUM(OFFSET('Ket qua kinh doanh'!$AN9,0,0,1,'Thong tin'!$C$9)), 'Thong tin'!$C$6=2025, SUM(OFFSET('Ket qua kinh doanh'!$AZ9,0,0,1,'Thong tin'!$C$9)), 'Thong tin'!$C$6=2026, SUM(OFFSET('Ket qua kinh doanh'!$BL9,0,0,1,'Thong tin'!$C$9)) )} -> 5901471657 | G14: {=_xlfn.SWITCH(TRUE(), 'Thong tin'!$C$7=2021, SUM(OFFSET('Ket qua kinh doanh'!$D9,0,0,1,'Thong tin'!$C$9)), 'Thong tin'!$C$7=2022, SUM(OFFSET('Ket qua kinh doanh'!$P9,0,0,1,'Thong tin'!$C$9)), 'Thong tin'!$C$7=2023, SUM(OFFSET('Ket qua kinh doanh'!$AB9,0,0,1,'Thong tin'!$C$9)), 'Thong tin'!$C$7=2024, SUM(OFFSET('Ket qua kinh doanh'!$AN9,0,0,1,'Thong tin'!$C$9)), 'Thong tin'!$C$7=2025, SUM(OFFSET('Ket qua kinh doanh'!$AZ9,0,0,1,'Thong tin'!$C$9)), 'Thong tin'!$C$7=2026, SUM(OFFSET('Ket qua kinh doanh'!$BL9,0,0,1,'Thong tin'!$C$9)) )} -> 1294744246
A15: 6. | B15: Lãi/lỗ của hoạt động bán, thanh lý bất động sản đầu tư | D15: =OFFSET('Ket qua kinh doanh'!$BL10,0,'Thong tin'!$C$9 - 1) -> 0 | E15: =OFFSET('Ket qua kinh doanh'!$AZ10,0,'Thong tin'!$C$9 - 1) -> 0 | F15: {=_xlfn.SWITCH(TRUE(), 'Thong tin'!$C$6=2021, SUM(OFFSET('Ket qua kinh doanh'!$D10,0,0,1,'Thong tin'!$C$9)), 'Thong tin'!$C$6=2022, SUM(OFFSET('Ket qua kinh doanh'!$P10,0,0,1,'Thong tin'!$C$9)), 'Thong tin'!$C$6=2023, SUM(OFFSET('Ket qua kinh doanh'!$AB10,0,0,1,'Thong tin'!$C$9)), 'Thong tin'!$C$6=2024, SUM(OFFSET('Ket qua kinh doanh'!$AN10,0,0,1,'Thong tin'!$C$9)), 'Thong tin'!$C$6=2025, SUM(OFFSET('Ket qua kinh doanh'!$AZ10,0,0,1,'Thong tin'!$C$9)), 'Thong tin'!$C$6=2026, SUM(OFFSET('Ket qua kinh doanh'!$BL10,0,0,1,'Thong tin'!$C$9)) )} -> 0 | G15: {=_xlfn.SWITCH(TRUE(), 'Thong tin'!$C$7=2021, SUM(OFFSET('Ket qua kinh doanh'!$D10,0,0,1,'Thong tin'!$C$9)), 'Thong tin'!$C$7=2022, SUM(OFFSET('Ket qua kinh doanh'!$P10,0,0,1,'Thong tin'!$C$9)), 'Thong tin'!$C$7=2023, SUM(OFFSET('Ket qua kinh doanh'!$AB10,0,0,1,'Thong tin'!$C$9)), 'Thong tin'!$C$7=2024, SUM(OFFSET('Ket qua kinh doanh'!$AN10,0,0,1,'Thong tin'!$C$9)), 'Thong tin'!$C$7=2025, SUM(OFFSET('Ket qua kinh doanh'!$AZ10,0,0,1,'Thong tin'!$C$9)), 'Thong tin'!$C$7=2026, SUM(OFFSET('Ket qua kinh doanh'!$BL10,0,0,1,'Thong tin'!$C$9)) )} -> 0
A16: 7. | B16: Doanh thu hoạt động tài chính | D16: =OFFSET('Ket qua kinh doanh'!$BL11,0,'Thong tin'!$C$9 - 1) -> 17033 | E16: =OFFSET('Ket qua kinh doanh'!$AZ11,0,'Thong tin'!$C$9 - 1) -> 29738 | F16: {=_xlfn.SWITCH(TRUE(), 'Thong tin'!$C$6=2021, SUM(OFFSET('Ket qua kinh doanh'!$D11,0,0,1,'Thong tin'!$C$9)), 'Thong tin'!$C$6=2022, SUM(OFFSET('Ket qua kinh doanh'!$P11,0,0,1,'Thong tin'!$C$9)), 'Thong tin'!$C$6=2023, SUM(OFFSET('Ket qua kinh doanh'!$AB11,0,0,1,'Thong tin'!$C$9)), 'Thong tin'!$C$6=2024, SUM(OFFSET('Ket qua kinh doanh'!$AN11,0,0,1,'Thong tin'!$C$9)), 'Thong tin'!$C$6=2025, SUM(OFFSET('Ket qua kinh doanh'!$AZ11,0,0,1,'Thong tin'!$C$9)), 'Thong tin'!$C$6=2026, SUM(OFFSET('Ket qua kinh doanh'!$BL11,0,0,1,'Thong tin'!$C$9)) )} -> 49682461 | G16: {=_xlfn.SWITCH(TRUE(), 'Thong tin'!$C$7=2021, SUM(OFFSET('Ket qua kinh doanh'!$D11,0,0,1,'Thong tin'!$C$9)), 'Thong tin'!$C$7=2022, SUM(OFFSET('Ket qua kinh doanh'!$P11,0,0,1,'Thong tin'!$C$9)), 'Thong tin'!$C$7=2023, SUM(OFFSET('Ket qua kinh doanh'!$AB11,0,0,1,'Thong tin'!$C$9)), 'Thong tin'!$C$7=2024, SUM(OFFSET('Ket qua kinh doanh'!$AN11,0,0,1,'Thong tin'!$C$9)), 'Thong tin'!$C$7=2025, SUM(OFFSET('Ket qua kinh doanh'!$AZ11,0,0,1,'Thong tin'!$C$9)), 'Thong tin'!$C$7=2026, SUM(OFFSET('Ket qua kinh doanh'!$BL11,0,0,1,'Thong tin'!$C$9)) )} -> 5638207
A17: 8. | B17: Chi phí tài chính | D17: =OFFSET('Ket qua kinh doanh'!$BL12,0,'Thong tin'!$C$9 - 1) -> 0 | E17: =OFFSET('Ket qua kinh doanh'!$AZ12,0,'Thong tin'!$C$9 - 1) -> 0 | F17: {=_xlfn.SWITCH(TRUE(), 'Thong tin'!$C$6=2021, SUM(OFFSET('Ket qua kinh doanh'!$D12,0,0,1,'Thong tin'!$C$9)), 'Thong tin'!$C$6=2022, SUM(OFFSET('Ket qua kinh doanh'!$P12,0,0,1,'Thong tin'!$C$9)), 'Thong tin'!$C$6=2023, SUM(OFFSET('Ket qua kinh doanh'!$AB12,0,0,1,'Thong tin'!$C$9)), 'Thong tin'!$C$6=2024, SUM(OFFSET('Ket qua kinh doanh'!$AN12,0,0,1,'Thong tin'!$C$9)), 'Thong tin'!$C$6=2025, SUM(OFFSET('Ket qua kinh doanh'!$AZ12,0,0,1,'Thong tin'!$C$9)), 'Thong tin'!$C$6=2026, SUM(OFFSET('Ket qua kinh doanh'!$BL12,0,0,1,'Thong tin'!$C$9)) )} -> 0 | G17: {=_xlfn.SWITCH(TRUE(), 'Thong tin'!$C$7=2021, SUM(OFFSET('Ket qua kinh doanh'!$D12,0,0,1,'Thong tin'!$C$9)), 'Thong tin'!$C$7=2022, SUM(OFFSET('Ket qua kinh doanh'!$P12,0,0,1,'Thong tin'!$C$9)), 'Thong tin'!$C$7=2023, SUM(OFFSET('Ket qua kinh doanh'!$AB12,0,0,1,'Thong tin'!$C$9)), 'Thong tin'!$C$7=2024, SUM(OFFSET('Ket qua kinh doanh'!$AN12,0,0,1,'Thong tin'!$C$9)), 'Thong tin'!$C$7=2025, SUM(OFFSET('Ket qua kinh doanh'!$AZ12,0,0,1,'Thong tin'!$C$9)), 'Thong tin'!$C$7=2026, SUM(OFFSET('Ket qua kinh doanh'!$BL12,0,0,1,'Thong tin'!$C$9)) )} -> 0
B18: Trong đó: chi phí lãi vay | D18: =OFFSET('Ket qua kinh doanh'!$BL13,0,'Thong tin'!$C$9 - 1) -> 0 | E18: =OFFSET('Ket qua kinh doanh'!$AZ13,0,'Thong tin'!$C$9 - 1) -> 0 | F18: {=_xlfn.SWITCH(TRUE(), 'Thong tin'!$C$6=2021, SUM(OFFSET('Ket qua kinh doanh'!$D13,0,0,1,'Thong tin'!$C$9)), 'Thong tin'!$C$6=2022, SUM(OFFSET('Ket qua kinh doanh'!$P13,0,0,1,'Thong tin'!$C$9)), 'Thong tin'!$C$6=2023, SUM(OFFSET('Ket qua kinh doanh'!$AB13,0,0,1,'Thong tin'!$C$9)), 'Thong tin'!$C$6=2024, SUM(OFFSET('Ket qua kinh doanh'!$AN13,0,0,1,'Thong tin'!$C$9)), 'Thong tin'!$C$6=2025, SUM(OFFSET('Ket qua kinh doanh'!$AZ13,0,0,1,'Thong tin'!$C$9)), 'Thong tin'!$C$6=2026, SUM(OFFSET('Ket qua kinh doanh'!$BL13,0,0,1,'Thong tin'!$C$9)) )} -> 0 | G18: {=_xlfn.SWITCH(TRUE(), 'Thong tin'!$C$7=2021, SUM(OFFSET('Ket qua kinh doanh'!$D13,0,0,1,'Thong tin'!$C$9)), 'Thong tin'!$C$7=2022, SUM(OFFSET('Ket qua kinh doanh'!$P13,0,0,1,'Thong tin'!$C$9)), 'Thong tin'!$C$7=2023, SUM(OFFSET('Ket qua kinh doanh'!$AB13,0,0,1,'Thong tin'!$C$9)), 'Thong tin'!$C$7=2024, SUM(OFFSET('Ket qua kinh doanh'!$AN13,0,0,1,'Thong tin'!$C$9)), 'Thong tin'!$C$7=2025, SUM(OFFSET('Ket qua kinh doanh'!$AZ13,0,0,1,'Thong tin'!$C$9)), 'Thong tin'!$C$7=2026, SUM(OFFSET('Ket qua kinh doanh'!$BL13,0,0,1,'Thong tin'!$C$9)) )} -> 0
A19: 9. | B19: Chi phí bán hàng | D19: =OFFSET('Ket qua kinh doanh'!$BL14,0,'Thong tin'!$C$9 - 1) -> 152200000 | E19: =OFFSET('Ket qua kinh doanh'!$AZ14,0,'Thong tin'!$C$9 - 1) -> 111000000 | F19: {=_xlfn.SWITCH(TRUE(), 'Thong tin'!$C$6=2021, SUM(OFFSET('Ket qua kinh doanh'!$D14,0,0,1,'Thong tin'!$C$9)), 'Thong tin'!$C$6=2022, SUM(OFFSET('Ket qua kinh doanh'!$P14,0,0,1,'Thong tin'!$C$9)), 'Thong tin'!$C$6=2023, SUM(OFFSET('Ket qua kinh doanh'!$AB14,0,0,1,'Thong tin'!$C$9)), 'Thong tin'!$C$6=2024, SUM(OFFSET('Ket qua kinh doanh'!$AN14,0,0,1,'Thong tin'!$C$9)), 'Thong tin'!$C$6=2025, SUM(OFFSET('Ket qua kinh doanh'!$AZ14,0,0,1,'Thong tin'!$C$9)), 'Thong tin'!$C$6=2026, SUM(OFFSET('Ket qua kinh doanh'!$BL14,0,0,1,'Thong tin'!$C$9)) )} -> 643600000 | G19: {=_xlfn.SWITCH(TRUE(), 'Thong tin'!$C$7=2021, SUM(OFFSET('Ket qua kinh doanh'!$D14,0,0,1,'Thong tin'!$C$9)), 'Thong tin'!$C$7=2022, SUM(OFFSET('Ket qua kinh doanh'!$P14,0,0,1,'Thong tin'!$C$9)), 'Thong tin'!$C$7=2023, SUM(OFFSET('Ket qua kinh doanh'!$AB14,0,0,1,'Thong tin'!$C$9)), 'Thong tin'!$C$7=2024, SUM(OFFSET('Ket qua kinh doanh'!$AN14,0,0,1,'Thong tin'!$C$9)), 'Thong tin'!$C$7=2025, SUM(OFFSET('Ket qua kinh doanh'!$AZ14,0,0,1,'Thong tin'!$C$9)), 'Thong tin'!$C$7=2026, SUM(OFFSET('Ket qua kinh doanh'!$BL14,0,0,1,'Thong tin'!$C$9)) )} -> 451500000
A20: 10. | B20: Chi phí quản lý doanh nghiệp | D20: =OFFSET('Ket qua kinh doanh'!$BL15,0,'Thong tin'!$C$9 - 1) -> 462618957 | E20: =OFFSET('Ket qua kinh doanh'!$AZ15,0,'Thong tin'!$C$9 - 1) -> 312964157 | F20: {=_xlfn.SWITCH(TRUE(), 'Thong tin'!$C$6=2021, SUM(OFFSET('Ket qua kinh doanh'!$D15,0,0,1,'Thong tin'!$C$9)), 'Thong tin'!$C$6=2022, SUM(OFFSET('Ket qua kinh doanh'!$P15,0,0,1,'Thong tin'!$C$9)), 'Thong tin'!$C$6=2023, SUM(OFFSET('Ket qua kinh doanh'!$AB15,0,0,1,'Thong tin'!$C$9)), 'Thong tin'!$C$6=2024, SUM(OFFSET('Ket qua kinh doanh'!$AN15,0,0,1,'Thong tin'!$C$9)), 'Thong tin'!$C$6=2025, SUM(OFFSET('Ket qua kinh doanh'!$AZ15,0,0,1,'Thong tin'!$C$9)), 'Thong tin'!$C$6=2026, SUM(OFFSET('Ket qua kinh doanh'!$BL15,0,0,1,'Thong tin'!$C$9)) )} -> 1987578782 | G20: {=_xlfn.SWITCH(TRUE(), 'Thong tin'!$C$7=2021, SUM(OFFSET('Ket qua kinh doanh'!$D15,0,0,1,'Thong tin'!$C$9)), 'Thong tin'!$C$7=2022, SUM(OFFSET('Ket qua kinh doanh'!$P15,0,0,1,'Thong tin'!$C$9)), 'Thong tin'!$C$7=2023, SUM(OFFSET('Ket qua kinh doanh'!$AB15,0,0,1,'Thong tin'!$C$9)), 'Thong tin'!$C$7=2024, SUM(OFFSET('Ket qua kinh doanh'!$AN15,0,0,1,'Thong tin'!$C$9)), 'Thong tin'!$C$7=2025, SUM(OFFSET('Ket qua kinh doanh'!$AZ15,0,0,1,'Thong tin'!$C$9)), 'Thong tin'!$C$7=2026, SUM(OFFSET('Ket qua kinh doanh'!$BL15,0,0,1,'Thong tin'!$C$9)) )} -> 1545350395
A21: 11. | B21: Lợi nhuận thuần từ hoạt động kinh doanh | D21: =OFFSET('Ket qua kinh doanh'!$BL16,0,'Thong tin'!$C$9 - 1) -> 1009095980 | E21: =OFFSET('Ket qua kinh doanh'!$AZ16,0,'Thong tin'!$C$9 - 1) -> 224729120 | F21: {=_xlfn.SWITCH(TRUE(), 'Thong tin'!$C$6=2021, SUM(OFFSET('Ket qua kinh doanh'!$D16,0,0,1,'Thong tin'!$C$9)), 'Thong tin'!$C$6=2022, SUM(OFFSET('Ket qua kinh doanh'!$P16,0,0,1,'Thong tin'!$C$9)), 'Thong tin'!$C$6=2023, SUM(OFFSET('Ket qua kinh doanh'!$AB16,0,0,1,'Thong tin'!$C$9)), 'Thong tin'!$C$6=2024, SUM(OFFSET('Ket qua kinh doanh'!$AN16,0,0,1,'Thong tin'!$C$9)), 'Thong tin'!$C$6=2025, SUM(OFFSET('Ket qua kinh doanh'!$AZ16,0,0,1,'Thong tin'!$C$9)), 'Thong tin'!$C$6=2026, SUM(OFFSET('Ket qua kinh doanh'!$BL16,0,0,1,'Thong tin'!$C$9)) )} -> 3319975336 | G21: {=_xlfn.SWITCH(TRUE(), 'Thong tin'!$C$7=2021, SUM(OFFSET('Ket qua kinh doanh'!$D16,0,0,1,'Thong tin'!$C$9)), 'Thong tin'!$C$7=2022, SUM(OFFSET('Ket qua kinh doanh'!$P16,0,0,1,'Thong tin'!$C$9)), 'Thong tin'!$C$7=2023, SUM(OFFSET('Ket qua kinh doanh'!$AB16,0,0,1,'Thong tin'!$C$9)), 'Thong tin'!$C$7=2024, SUM(OFFSET('Ket qua kinh doanh'!$AN16,0,0,1,'Thong tin'!$C$9)), 'Thong tin'!$C$7=2025, SUM(OFFSET('Ket qua kinh doanh'!$AZ16,0,0,1,'Thong tin'!$C$9)), 'Thong tin'!$C$7=2026, SUM(OFFSET('Ket qua kinh doanh'!$BL16,0,0,1,'Thong tin'!$C$9)) )} -> -696467942
A22: 12. | B22: Thu nhập khác | D22: =OFFSET('Ket qua kinh doanh'!$BL17,0,'Thong tin'!$C$9 - 1) -> 145437626 | E22: =OFFSET('Ket qua kinh doanh'!$AZ17,0,'Thong tin'!$C$9 - 1) -> 0 | F22: {=_xlfn.SWITCH(TRUE(), 'Thong tin'!$C$6=2021, SUM(OFFSET('Ket qua kinh doanh'!$D17,0,0,1,'Thong tin'!$C$9)), 'Thong tin'!$C$6=2022, SUM(OFFSET('Ket qua kinh doanh'!$P17,0,0,1,'Thong tin'!$C$9)), 'Thong tin'!$C$6=2023, SUM(OFFSET('Ket qua kinh doanh'!$AB17,0,0,1,'Thong tin'!$C$9)), 'Thong tin'!$C$6=2024, SUM(OFFSET('Ket qua kinh doanh'!$AN17,0,0,1,'Thong tin'!$C$9)), 'Thong tin'!$C$6=2025, SUM(OFFSET('Ket qua kinh doanh'!$AZ17,0,0,1,'Thong tin'!$C$9)), 'Thong tin'!$C$6=2026, SUM(OFFSET('Ket qua kinh doanh'!$BL17,0,0,1,'Thong tin'!$C$9)) )} -> 261493407 | G22: {=_xlfn.SWITCH(TRUE(), 'Thong tin'!$C$7=2021, SUM(OFFSET('Ket qua kinh doanh'!$D17,0,0,1,'Thong tin'!$C$9)), 'Thong tin'!$C$7=2022, SUM(OFFSET('Ket qua kinh doanh'!$P17,0,0,1,'Thong tin'!$C$9)), 'Thong tin'!$C$7=2023, SUM(OFFSET('Ket qua kinh doanh'!$AB17,0,0,1,'Thong tin'!$C$9)), 'Thong tin'!$C$7=2024, SUM(OFFSET('Ket qua kinh doanh'!$AN17,0,0,1,'Thong tin'!$C$9)), 'Thong tin'!$C$7=2025, SUM(OFFSET('Ket qua kinh doanh'!$AZ17,0,0,1,'Thong tin'!$C$9)), 'Thong tin'!$C$7=2026, SUM(OFFSET('Ket qua kinh doanh'!$BL17,0,0,1,'Thong tin'!$C$9)) )} -> 26584470
A23: 13. | B23: Chi phí khác | D23: =OFFSET('Ket qua kinh doanh'!$BL18,0,'Thong tin'!$C$9 - 1) -> 0 | E23: =OFFSET('Ket qua kinh doanh'!$AZ18,0,'Thong tin'!$C$9 - 1) -> 0 | F23: {=_xlfn.SWITCH(TRUE(), 'Thong tin'!$C$6=2021, SUM(OFFSET('Ket qua kinh doanh'!$D18,0,0,1,'Thong tin'!$C$9)), 'Thong tin'!$C$6=2022, SUM(OFFSET('Ket qua kinh doanh'!$P18,0,0,1,'Thong tin'!$C$9)), 'Thong tin'!$C$6=2023, SUM(OFFSET('Ket qua kinh doanh'!$AB18,0,0,1,'Thong tin'!$C$9)), 'Thong tin'!$C$6=2024, SUM(OFFSET('Ket qua kinh doanh'!$AN18,0,0,1,'Thong tin'!$C$9)), 'Thong tin'!$C$6=2025, SUM(OFFSET('Ket qua kinh doanh'!$AZ18,0,0,1,'Thong tin'!$C$9)), 'Thong tin'!$C$6=2026, SUM(OFFSET('Ket qua kinh doanh'!$BL18,0,0,1,'Thong tin'!$C$9)) )} -> 572396 | G23: {=_xlfn.SWITCH(TRUE(), 'Thong tin'!$C$7=2021, SUM(OFFSET('Ket qua kinh doanh'!$D18,0,0,1,'Thong tin'!$C$9)), 'Thong tin'!$C$7=2022, SUM(OFFSET('Ket qua kinh doanh'!$P18,0,0,1,'Thong tin'!$C$9)), 'Thong tin'!$C$7=2023, SUM(OFFSET('Ket qua kinh doanh'!$AB18,0,0,1,'Thong tin'!$C$9)), 'Thong tin'!$C$7=2024, SUM(OFFSET('Ket qua kinh doanh'!$AN18,0,0,1,'Thong tin'!$C$9)), 'Thong tin'!$C$7=2025, SUM(OFFSET('Ket qua kinh doanh'!$AZ18,0,0,1,'Thong tin'!$C$9)), 'Thong tin'!$C$7=2026, SUM(OFFSET('Ket qua kinh doanh'!$BL18,0,0,1,'Thong tin'!$C$9)) )} -> 21650012
A24: 14. | B24: Lợi nhuận khác | D24: =OFFSET('Ket qua kinh doanh'!$BL19,0,'Thong tin'!$C$9 - 1) -> 145437626 | E24: =OFFSET('Ket qua kinh doanh'!$AZ19,0,'Thong tin'!$C$9 - 1) -> 0 | F24: {=_xlfn.SWITCH(TRUE(), 'Thong tin'!$C$6=2021, SUM(OFFSET('Ket qua kinh doanh'!$D19,0,0,1,'Thong tin'!$C$9)), 'Thong tin'!$C$6=2022, SUM(OFFSET('Ket qua kinh doanh'!$P19,0,0,1,'Thong tin'!$C$9)), 'Thong tin'!$C$6=2023, SUM(OFFSET('Ket qua kinh doanh'!$AB19,0,0,1,'Thong tin'!$C$9)), 'Thong tin'!$C$6=2024, SUM(OFFSET('Ket qua kinh doanh'!$AN19,0,0,1,'Thong tin'!$C$9)), 'Thong tin'!$C$6=2025, SUM(OFFSET('Ket qua kinh doanh'!$AZ19,0,0,1,'Thong tin'!$C$9)), 'Thong tin'!$C$6=2026, SUM(OFFSET('Ket qua kinh doanh'!$BL19,0,0,1,'Thong tin'!$C$9)) )} -> 260921011 | G24: {=_xlfn.SWITCH(TRUE(), 'Thong tin'!$C$7=2021, SUM(OFFSET('Ket qua kinh doanh'!$D19,0,0,1,'Thong tin'!$C$9)), 'Thong tin'!$C$7=2022, SUM(OFFSET('Ket qua kinh doanh'!$P19,0,0,1,'Thong tin'!$C$9)), 'Thong tin'!$C$7=2023, SUM(OFFSET('Ket qua kinh doanh'!$AB19,0,0,1,'Thong tin'!$C$9)), 'Thong tin'!$C$7=2024, SUM(OFFSET('Ket qua kinh doanh'!$AN19,0,0,1,'Thong tin'!$C$9)), 'Thong tin'!$C$7=2025, SUM(OFFSET('Ket qua kinh doanh'!$AZ19,0,0,1,'Thong tin'!$C$9)), 'Thong tin'!$C$7=2026, SUM(OFFSET('Ket qua kinh doanh'!$BL19,0,0,1,'Thong tin'!$C$9)) )} -> 4934458
A25: 15. | B25: Tổng lợi nhuận kế toán trước thuế | D25: =OFFSET('Ket qua kinh doanh'!$BL20,0,'Thong tin'!$C$9 - 1) -> 1154533606 | E25: =OFFSET('Ket qua kinh doanh'!$AZ20,0,'Thong tin'!$C$9 - 1) -> 224729120 | F25: {=_xlfn.SWITCH(TRUE(), 'Thong tin'!$C$6=2021, SUM(OFFSET('Ket qua kinh doanh'!$D20,0,0,1,'Thong tin'!$C$9)), 'Thong tin'!$C$6=2022, SUM(OFFSET('Ket qua kinh doanh'!$P20,0,0,1,'Thong tin'!$C$9)), 'Thong tin'!$C$6=2023, SUM(OFFSET('Ket qua kinh doanh'!$AB20,0,0,1,'Thong tin'!$C$9)), 'Thong tin'!$C$6=2024, SUM(OFFSET('Ket qua kinh doanh'!$AN20,0,0,1,'Thong tin'!$C$9)), 'Thong tin'!$C$6=2025, SUM(OFFSET('Ket qua kinh doanh'!$AZ20,0,0,1,'Thong tin'!$C$9)), 'Thong tin'!$C$6=2026, SUM(OFFSET('Ket qua kinh doanh'!$BL20,0,0,1,'Thong tin'!$C$9)) )} -> 3580896347 | G25: {=_xlfn.SWITCH(TRUE(), 'Thong tin'!$C$7=2021, SUM(OFFSET('Ket qua kinh doanh'!$D20,0,0,1,'Thong tin'!$C$9)), 'Thong tin'!$C$7=2022, SUM(OFFSET('Ket qua kinh doanh'!$P20,0,0,1,'Thong tin'!$C$9)), 'Thong tin'!$C$7=2023, SUM(OFFSET('Ket qua kinh doanh'!$AB20,0,0,1,'Thong tin'!$C$9)), 'Thong tin'!$C$7=2024, SUM(OFFSET('Ket qua kinh doanh'!$AN20,0,0,1,'Thong tin'!$C$9)), 'Thong tin'!$C$7=2025, SUM(OFFSET('Ket qua kinh doanh'!$AZ20,0,0,1,'Thong tin'!$C$9)), 'Thong tin'!$C$7=2026, SUM(OFFSET('Ket qua kinh doanh'!$BL20,0,0,1,'Thong tin'!$C$9)) )} -> -691533484
A26: 16. | B26: Chi phí thuế TNDN hiện hành (*) | D26: =OFFSET('Ket qua kinh doanh'!$BL21,0,'Thong tin'!$C$9 - 1) -> 196270713 | E26: =OFFSET('Ket qua kinh doanh'!$AZ21,0,'Thong tin'!$C$9 - 1) -> 0 | F26: {=_xlfn.SWITCH(TRUE(), 'Thong tin'!$C$6=2021, SUM(OFFSET('Ket qua kinh doanh'!$D21,0,0,1,'Thong tin'!$C$9)), 'Thong tin'!$C$6=2022, SUM(OFFSET('Ket qua kinh doanh'!$P21,0,0,1,'Thong tin'!$C$9)), 'Thong tin'!$C$6=2023, SUM(OFFSET('Ket qua kinh doanh'!$AB21,0,0,1,'Thong tin'!$C$9)), 'Thong tin'!$C$6=2024, SUM(OFFSET('Ket qua kinh doanh'!$AN21,0,0,1,'Thong tin'!$C$9)), 'Thong tin'!$C$6=2025, SUM(OFFSET('Ket qua kinh doanh'!$AZ21,0,0,1,'Thong tin'!$C$9)), 'Thong tin'!$C$6=2026, SUM(OFFSET('Ket qua kinh doanh'!$BL21,0,0,1,'Thong tin'!$C$9)) )} -> 608752379 | G26: {=_xlfn.SWITCH(TRUE(), 'Thong tin'!$C$7=2021, SUM(OFFSET('Ket qua kinh doanh'!$D21,0,0,1,'Thong tin'!$C$9)), 'Thong tin'!$C$7=2022, SUM(OFFSET('Ket qua kinh doanh'!$P21,0,0,1,'Thong tin'!$C$9)), 'Thong tin'!$C$7=2023, SUM(OFFSET('Ket qua kinh doanh'!$AB21,0,0,1,'Thong tin'!$C$9)), 'Thong tin'!$C$7=2024, SUM(OFFSET('Ket qua kinh doanh'!$AN21,0,0,1,'Thong tin'!$C$9)), 'Thong tin'!$C$7=2025, SUM(OFFSET('Ket qua kinh doanh'!$AZ21,0,0,1,'Thong tin'!$C$9)), 'Thong tin'!$C$7=2026, SUM(OFFSET('Ket qua kinh doanh'!$BL21,0,0,1,'Thong tin'!$C$9)) )} -> 0
A27: 17. | B27: Chi phí thuế TNDN hoãn lại | D27: =OFFSET('Ket qua kinh doanh'!$BL22,0,'Thong tin'!$C$9 - 1) -> 0 | E27: =OFFSET('Ket qua kinh doanh'!$AZ22,0,'Thong tin'!$C$9 - 1) -> 0 | F27: {=_xlfn.SWITCH(TRUE(), 'Thong tin'!$C$6=2021, SUM(OFFSET('Ket qua kinh doanh'!$D22,0,0,1,'Thong tin'!$C$9)), 'Thong tin'!$C$6=2022, SUM(OFFSET('Ket qua kinh doanh'!$P22,0,0,1,'Thong tin'!$C$9)), 'Thong tin'!$C$6=2023, SUM(OFFSET('Ket qua kinh doanh'!$AB22,0,0,1,'Thong tin'!$C$9)), 'Thong tin'!$C$6=2024, SUM(OFFSET('Ket qua kinh doanh'!$AN22,0,0,1,'Thong tin'!$C$9)), 'Thong tin'!$C$6=2025, SUM(OFFSET('Ket qua kinh doanh'!$AZ22,0,0,1,'Thong tin'!$C$9)), 'Thong tin'!$C$6=2026, SUM(OFFSET('Ket qua kinh doanh'!$BL22,0,0,1,'Thong tin'!$C$9)) )} -> 0 | G27: {=_xlfn.SWITCH(TRUE(), 'Thong tin'!$C$7=2021, SUM(OFFSET('Ket qua kinh doanh'!$D22,0,0,1,'Thong tin'!$C$9)), 'Thong tin'!$C$7=2022, SUM(OFFSET('Ket qua kinh doanh'!$P22,0,0,1,'Thong tin'!$C$9)), 'Thong tin'!$C$7=2023, SUM(OFFSET('Ket qua kinh doanh'!$AB22,0,0,1,'Thong tin'!$C$9)), 'Thong tin'!$C$7=2024, SUM(OFFSET('Ket qua kinh doanh'!$AN22,0,0,1,'Thong tin'!$C$9)), 'Thong tin'!$C$7=2025, SUM(OFFSET('Ket qua kinh doanh'!$AZ22,0,0,1,'Thong tin'!$C$9)), 'Thong tin'!$C$7=2026, SUM(OFFSET('Ket qua kinh doanh'!$BL22,0,0,1,'Thong tin'!$C$9)) )} -> 0
A28: 18. | B28: Lợi nhuận sau thuế | D28: =OFFSET('Ket qua kinh doanh'!$BL23,0,'Thong tin'!$C$9 - 1) -> 958262893 | E28: =OFFSET('Ket qua kinh doanh'!$AZ23,0,'Thong tin'!$C$9 - 1) -> 224729120 | F28: {=_xlfn.SWITCH(TRUE(), 'Thong tin'!$C$6=2021, SUM(OFFSET('Ket qua kinh doanh'!$D23,0,0,1,'Thong tin'!$C$9)), 'Thong tin'!$C$6=2022, SUM(OFFSET('Ket qua kinh doanh'!$P23,0,0,1,'Thong tin'!$C$9)), 'Thong tin'!$C$6=2023, SUM(OFFSET('Ket qua kinh doanh'!$AB23,0,0,1,'Thong tin'!$C$9)), 'Thong tin'!$C$6=2024, SUM(OFFSET('Ket qua kinh doanh'!$AN23,0,0,1,'Thong tin'!$C$9)), 'Thong tin'!$C$6=2025, SUM(OFFSET('Ket qua kinh doanh'!$AZ23,0,0,1,'Thong tin'!$C$9)), 'Thong tin'!$C$6=2026, SUM(OFFSET('Ket qua kinh doanh'!$BL23,0,0,1,'Thong tin'!$C$9)) )} -> 2972143968 | G28: {=_xlfn.SWITCH(TRUE(), 'Thong tin'!$C$7=2021, SUM(OFFSET('Ket qua kinh doanh'!$D23,0,0,1,'Thong tin'!$C$9)), 'Thong tin'!$C$7=2022, SUM(OFFSET('Ket qua kinh doanh'!$P23,0,0,1,'Thong tin'!$C$9)), 'Thong tin'!$C$7=2023, SUM(OFFSET('Ket qua kinh doanh'!$AB23,0,0,1,'Thong tin'!$C$9)), 'Thong tin'!$C$7=2024, SUM(OFFSET('Ket qua kinh doanh'!$AN23,0,0,1,'Thong tin'!$C$9)), 'Thong tin'!$C$7=2025, SUM(OFFSET('Ket qua kinh doanh'!$AZ23,0,0,1,'Thong tin'!$C$9)), 'Thong tin'!$C$7=2026, SUM(OFFSET('Ket qua kinh doanh'!$BL23,0,0,1,'Thong tin'!$C$9)) )} -> -691533484
A29: 19. | B29: Lãi cơ bản trên cổ phiếu | F29: =#REF!+#REF!+#REF!+#REF!+#REF!+#REF!+#REF!+#REF!+#REF!+#REF!+#REF!+D29 -> #REF! | G29: =#REF!+#REF!+#REF!+#REF!+#REF!+#REF!+#REF!+#REF!+#REF!+#REF!+#REF!+E29 -> #REF!
D31: 0 | E31: 0 | F31: 0 | G31: 0
F32: Lập, ngày 28 tháng 02 năm 2026
B34: KẾ TOÁN TRƯỞNG | F34: ='Thong tin'!B18 -> GIÁM ĐỐC TÀI CHÍNH
B41: ='Thong tin'!B13 -> 0 | F41: Nguyễn Bảo Quốc

Sheet LCTT_GT in
A1: ='Thong tin'!$A$1 -> CÔNG TY TNHH THU MUA PHẾ LIỆU KHÁNH NGA
A2: ='Thong tin'!$A$2 -> Địa chỉ:
A4: BÁO CÁO LƯU CHUYỂN TIỀN TỆ
A5: (Theo phương pháp gián tiếp)
A6: ="Năm " & 'Thong tin'!$C$6 -> Năm 2026
E7: ='KQKD in'!G6 -> ĐVT: VNĐ
A8: Chỉ tiêu | B8: ="Tháng " & 'Thong tin'!$C$9 -> Tháng 5 | D8: ="Lũy kế"&" "& 'Thong tin'!$C$9 &" "&"tháng" -> Lũy kế 5 tháng
B9: ="Năm " & 'Thong tin'!$C$6 -> Năm 2026 | C9: ="Năm " & 'Thong tin'!$C$7 -> Năm 2025 | D9: ="Năm " & 'Thong tin'!$C$6 -> Năm 2026 | E9: ="Năm " & 'Thong tin'!$C$7 -> Năm 2025
A10: I. Lưu chuyển tiền từ hoạt động kinh doanh
A11: 1. Lợi nhuận trước thuế | B11: =OFFSET('Luu chuyen tien te'!$BL5,0,'Thong tin'!$C$9 - 1) -> 1154533606 | C11: =OFFSET('Luu chuyen tien te'!$AZ5,0,'Thong tin'!$C$9 - 1) -> 224729120 | D11: =SUM(OFFSET('Luu chuyen tien te'!$BL5,0,0,1,'Thong tin'!$C$9)) -> 3580896347 | E11: =SUM(OFFSET('Luu chuyen tien te'!$AZ5,0,0,1,'Thong tin'!$C$9)) -> -691533484
A12: 2. Điều chỉnh cho các khoản
A13: - Khấu hao tài sản cố định và BĐSĐT | B13: =OFFSET('Luu chuyen tien te'!$BL7,0,'Thong tin'!$C$9 - 1) -> 128899640 | C13: =OFFSET('Luu chuyen tien te'!$AZ7,0,'Thong tin'!$C$9 - 1) -> 161644174 | D13: =SUM(OFFSET('Luu chuyen tien te'!$BL7,0,0,1,'Thong tin'!$C$9)) -> 868937321 | E13: =SUM(OFFSET('Luu chuyen tien te'!$AZ7,0,0,1,'Thong tin'!$C$9)) -> 809475797
A14: - Các khoản dự phòng | B14: =OFFSET('Luu chuyen tien te'!$BL8,0,'Thong tin'!$C$9 - 1) -> 0 | C14: =OFFSET('Luu chuyen tien te'!$AZ8,0,'Thong tin'!$C$9 - 1) -> 0 | D14: =SUM(OFFSET('Luu chuyen tien te'!$BL8,0,0,1,'Thong tin'!$C$9)) -> 0 | E14: =SUM(OFFSET('Luu chuyen tien te'!$AZ8,0,0,1,'Thong tin'!$C$9)) -> 0
A15: - Lãi, lỗ chênh lệch tỷ giá hối đoái do đánh giá lại các khoản mục tiền tệ có gốc ngoại tệ | B15: =OFFSET('Luu chuyen tien te'!$BL9,0,'Thong tin'!$C$9 - 1) -> 0 | C15: =OFFSET('Luu chuyen tien te'!$AZ9,0,'Thong tin'!$C$9 - 1) -> 0 | D15: =SUM(OFFSET('Luu chuyen tien te'!$BL9,0,0,1,'Thong tin'!$C$9)) -> 0 | E15: =SUM(OFFSET('Luu chuyen tien te'!$AZ9,0,0,1,'Thong tin'!$C$9)) -> 0
A16: - Lãi lỗ từ hoạt động đầu tư, tài chính | B16: =OFFSET('Luu chuyen tien te'!$BL10,0,'Thong tin'!$C$9 - 1) -> -17033 | C16: =OFFSET('Luu chuyen tien te'!$AZ10,0,'Thong tin'!$C$9 - 1) -> -29738 | D16: =SUM(OFFSET('Luu chuyen tien te'!$BL10,0,0,1,'Thong tin'!$C$9)) -> -49682461 | E16: =SUM(OFFSET('Luu chuyen tien te'!$AZ10,0,0,1,'Thong tin'!$C$9)) -> -5638207
A17: - Chi phí đi vay | B17: =OFFSET('Luu chuyen tien te'!$BL11,0,'Thong tin'!$C$9 - 1) -> 0 | C17: =OFFSET('Luu chuyen tien te'!$AZ11,0,'Thong tin'!$C$9 - 1) -> 0 | D17: =SUM(OFFSET('Luu chuyen tien te'!$BL11,0,0,1,'Thong tin'!$C$9)) -> 0 | E17: =SUM(OFFSET('Luu chuyen tien te'!$AZ11,0,0,1,'Thong tin'!$C$9)) -> 0
A18: - Các khoản điều chỉnh khác | B18: =OFFSET('Luu chuyen tien te'!$BL12,0,'Thong tin'!$C$9 - 1) -> -196270713 | C18: =OFFSET('Luu chuyen tien te'!$AZ12,0,'Thong tin'!$C$9 - 1) -> 0 | D18: =SUM(OFFSET('Luu chuyen tien te'!$BL12,0,0,1,'Thong tin'!$C$9)) -> -608752379 | E18: =SUM(OFFSET('Luu chuyen tien te'!$AZ12,0,0,1,'Thong tin'!$C$9)) -> 0
A19: 3. Lợi nhuận từ hoạt động kinh doanh trước thay đổi vốn lưu động | B19: =SUM(B11:B18) -> 1087145500 | C19: =SUM(C11:C18) -> 386343556 | D19: =SUM(D11:D18) -> 3791398828 | E19: =SUM(E11:E18) -> 112304106
A20: - Tăng giảm các khoản phải thu | B20: =OFFSET('Luu chuyen tien te'!$BL14,0,'Thong tin'!$C$9 - 1) -> -768010979 | C20: =OFFSET('Luu chuyen tien te'!$AZ14,0,'Thong tin'!$C$9 - 1) -> -1364332338 | D20: =SUM(OFFSET('Luu chuyen tien te'!$BL14,0,0,1,'Thong tin'!$C$9)) -> -905171257 | E20: =SUM(OFFSET('Luu chuyen tien te'!$AZ14,0,0,1,'Thong tin'!$C$9)) -> -1.9270569e+08
A21: - Tăng giảm hàng tồn kho | B21: =OFFSET('Luu chuyen tien te'!$BL15,0,'Thong tin'!$C$9 - 1) -> -3406913583 | C21: =OFFSET('Luu chuyen tien te'!$AZ15,0,'Thong tin'!$C$9 - 1) -> 480844042 | D21: =SUM(OFFSET('Luu chuyen tien te'!$BL15,0,0,1,'Thong tin'!$C$9)) -> -6248922631 | E21: =SUM(OFFSET('Luu chuyen tien te'!$AZ15,0,0,1,'Thong tin'!$C$9)) -> -1.795106e+09
A22: - Tăng giảm các khoản phải trả (Không bao gồm lãi vay phải trả, thuế TNDN phải nộp) | B22: =OFFSET('Luu chuyen tien te'!$BL16,0,'Thong tin'!$C$9 - 1) -> 1488747957 | C22: =OFFSET('Luu chuyen tien te'!$AZ16,0,'Thong tin'!$C$9 - 1) -> -91919914 | D22: =SUM(OFFSET('Luu chuyen tien te'!$BL16,0,0,1,'Thong tin'!$C$9)) -> 812695040 | E22: =SUM(OFFSET('Luu chuyen tien te'!$AZ16,0,0,1,'Thong tin'!$C$9)) -> -2.0744709e+08
A23: - Tăng giảm chi phí chờ phân bổ | B23: =OFFSET('Luu chuyen tien te'!$BL17,0,'Thong tin'!$C$9 - 1) -> 175092383 | C23: =OFFSET('Luu chuyen tien te'!$AZ17,0,'Thong tin'!$C$9 - 1) -> -131767933 | D23: =SUM(OFFSET('Luu chuyen tien te'!$BL17,0,0,1,'Thong tin'!$C$9)) -> 387883253 | E23: =SUM(OFFSET('Luu chuyen tien te'!$AZ17,0,0,1,'Thong tin'!$C$9)) -> 237142574
A24: - Tăng, giảm chứng khoán kinh doanh | B24: =OFFSET('Luu chuyen tien te'!$BL18,0,'Thong tin'!$C$9 - 1) -> 0 | C24: =OFFSET('Luu chuyen tien te'!$AZ18,0,'Thong tin'!$C$9 - 1) -> 0 | D24: =SUM(OFFSET('Luu chuyen tien te'!$BL18,0,0,1,'Thong tin'!$C$9)) -> 0 | E24: =SUM(OFFSET('Luu chuyen tien te'!$AZ18,0,0,1,'Thong tin'!$C$9)) -> 0
A25: - Chi phí đi vay đã trả | B25: =OFFSET('Luu chuyen tien te'!$BL19,0,'Thong tin'!$C$9 - 1) -> 0 | C25: =OFFSET('Luu chuyen tien te'!$AZ19,0,'Thong tin'!$C$9 - 1) -> 0 | D25: =SUM(OFFSET('Luu chuyen tien te'!$BL19,0,0,1,'Thong tin'!$C$9)) -> 0 | E25: =SUM(OFFSET('Luu chuyen tien te'!$AZ19,0,0,1,'Thong tin'!$C$9)) -> 0
A26: - Thuế thu nhập doanh nghiệp đã nộp | B26: =OFFSET('Luu chuyen tien te'!$BL20,0,'Thong tin'!$C$9 - 1) -> 0 | C26: =OFFSET('Luu chuyen tien te'!$AZ20,0,'Thong tin'!$C$9 - 1) -> 0 | D26: =SUM(OFFSET('Luu chuyen tien te'!$BL20,0,0,1,'Thong tin'!$C$9)) -> 0 | E26: =SUM(OFFSET('Luu chuyen tien te'!$AZ20,0,0,1,'Thong tin'!$C$9)) -> 0
A27: - Tiền thu khác từ hoạt động kinh doanh | B27: =OFFSET('Luu chuyen tien te'!$BL21,0,'Thong tin'!$C$9 - 1) -> 0 | C27: =OFFSET('Luu chuyen tien te'!$AZ21,0,'Thong tin'!$C$9 - 1) -> 0 | D27: =SUM(OFFSET('Luu chuyen tien te'!$BL21,0,0,1,'Thong tin'!$C$9)) -> 0 | E27: =SUM(OFFSET('Luu chuyen tien te'!$AZ21,0,0,1,'Thong tin'!$C$9)) -> 0
A28: - Tiền chi khác cho hoạt động kinh doanh | B28: =OFFSET('Luu chuyen tien te'!$BL22,0,'Thong tin'!$C$9 - 1) -> 0 | C28: =OFFSET('Luu chuyen tien te'!$AZ22,0,'Thong tin'!$C$9 - 1) -> 0 | D28: =SUM(OFFSET('Luu chuyen tien te'!$BL22,0,0,1,'Thong tin'!$C$9)) -> 0 | E28: =SUM(OFFSET('Luu chuyen tien te'!$AZ22,0,0,1,'Thong tin'!$C$9)) -> 0
A29: Lưu chuyển tiền thuần từ hoạt động kinh doanh | B29: =SUM(B19:B28) -> -1423938722 | C29: =SUM(C19:C28) -> -720832587 | D29: =SUM(D19:D28) -> -2162116767 | E29: =SUM(E19:E28) -> -1845812086
A30: II. Lưu chuyển tiền từ hoạt động đầu tư
A31: 1. Tiền chi để mua sắm, xây dựng TSCĐ và các tài sản dài hạn khác | B31: =OFFSET('Luu chuyen tien te'!$BL25,0,'Thong tin'!$C$9 - 1) -> -85130340 | C31: =OFFSET('Luu chuyen tien te'!$AZ25,0,'Thong tin'!$C$9 - 1) -> 77500000 | D31: =SUM(OFFSET('Luu chuyen tien te'!$BL25,0,0,1,'Thong tin'!$C$9)) -> -1361625590 | E31: =SUM(OFFSET('Luu chuyen tien te'!$AZ25,0,0,1,'Thong tin'!$C$9)) -> -1273595672
A32: 2. Tiền thu từ thanh lý, nhượng bán TSCĐ và các tài sản dài hạn khác | B32: =OFFSET('Luu chuyen tien te'!$BL26,0,'Thong tin'!$C$9 - 1) -> 0 | C32: =OFFSET('Luu chuyen tien te'!$AZ26,0,'Thong tin'!$C$9 - 1) -> 0 | D32: =SUM(OFFSET('Luu chuyen tien te'!$BL26,0,0,1,'Thong tin'!$C$9)) -> 0 | E32: =SUM(OFFSET('Luu chuyen tien te'!$AZ26,0,0,1,'Thong tin'!$C$9)) -> 0
A33: 3. Tiền chi cho vay, mua các công cụ nợ của đơn vị khác | B33: =OFFSET('Luu chuyen tien te'!$BL27,0,'Thong tin'!$C$9 - 1) -> 0 | C33: =OFFSET('Luu chuyen tien te'!$AZ27,0,'Thong tin'!$C$9 - 1) -> 0 | D33: =SUM(OFFSET('Luu chuyen tien te'!$BL27,0,0,1,'Thong tin'!$C$9)) -> -1000000000 | E33: =SUM(OFFSET('Luu chuyen tien te'!$AZ27,0,0,1,'Thong tin'!$C$9)) -> 0
A34: 4. Tiền thu hồi cho vay, bán lại các công cụ nợ của đơn vị khác | B34: =OFFSET('Luu chuyen tien te'!$BL28,0,'Thong tin'!$C$9 - 1) -> 0 | C34: =OFFSET('Luu chuyen tien te'!$AZ28,0,'Thong tin'!$C$9 - 1) -> 0 | D34: =SUM(OFFSET('Luu chuyen tien te'!$BL28,0,0,1,'Thong tin'!$C$9)) -> 0 | E34: =SUM(OFFSET('Luu chuyen tien te'!$AZ28,0,0,1,'Thong tin'!$C$9)) -> 0
A35: 5. Tiền chi đầu tư góp vốn vào đơn vị khác | B35: =OFFSET('Luu chuyen tien te'!$BL29,0,'Thong tin'!$C$9 - 1) -> 0 | C35: =OFFSET('Luu chuyen tien te'!$AZ29,0,'Thong tin'!$C$9 - 1) -> 0 | D35: =SUM(OFFSET('Luu chuyen tien te'!$BL29,0,0,1,'Thong tin'!$C$9)) -> 0 | E35: =SUM(OFFSET('Luu chuyen tien te'!$AZ29,0,0,1,'Thong tin'!$C$9)) -> 0
A36: 6. Tiền thu hồi đầu tư góp vốn vào đơn vị khác | B36: =OFFSET('Luu chuyen tien te'!$BL30,0,'Thong tin'!$C$9 - 1) -> 0 | C36: =OFFSET('Luu chuyen tien te'!$AZ30,0,'Thong tin'!$C$9 - 1) -> 0 | D36: =SUM(OFFSET('Luu chuyen tien te'!$BL30,0,0,1,'Thong tin'!$C$9)) -> 0 | E36: =SUM(OFFSET('Luu chuyen tien te'!$AZ30,0,0,1,'Thong tin'!$C$9)) -> 0
A37: 7. Tiền thu lãi cho vay, cổ tức và lợi nhuận được chia | B37: =OFFSET('Luu chuyen tien te'!$BL31,0,'Thong tin'!$C$9 - 1) -> 17033 | C37: =OFFSET('Luu chuyen tien te'!$AZ31,0,'Thong tin'!$C$9 - 1) -> 29738 | D37: =SUM(OFFSET('Luu chuyen tien te'!$BL31,0,0,1,'Thong tin'!$C$9)) -> 49682461 | E37: =SUM(OFFSET('Luu chuyen tien te'!$AZ31,0,0,1,'Thong tin'!$C$9)) -> 5638207
A38: Lưu chuyển tiền thuần từ hoạt động đầu tư | B38: =SUM(B31:B37) -> -85113307 | C38: =SUM(C31:C37) -> 77529738 | D38: =SUM(D31:D37) -> -2311943129 | E38: =SUM(E31:E37) -> -1267957465
A39: III. Lưu chuyển tiền từ hoạt động tài chính
A40: 1. Tiền thu từ phát hành cố phiếu, nhận vốn góp của chủ sở hữu | B40: =OFFSET('Luu chuyen tien te'!$BL34,0,'Thong tin'!$C$9 - 1) -> 0 | C40: =OFFSET('Luu chuyen tien te'!$AZ34,0,'Thong tin'!$C$9 - 1) -> 0 | D40: =SUM(OFFSET('Luu chuyen tien te'!$BL34,0,0,1,'Thong tin'!$C$9)) -> 0 | E40: =SUM(OFFSET('Luu chuyen tien te'!$AZ34,0,0,1,'Thong tin'!$C$9)) -> 0
A41: 2. Tiền trả lại vốn góp cho các chủ sở hữu, mua lại cổ phiểu đã phát hành | B41: =OFFSET('Luu chuyen tien te'!$BL35,0,'Thong tin'!$C$9 - 1) -> 0 | C41: =OFFSET('Luu chuyen tien te'!$AZ35,0,'Thong tin'!$C$9 - 1) -> 0 | D41: =SUM(OFFSET('Luu chuyen tien te'!$BL35,0,0,1,'Thong tin'!$C$9)) -> 0 | E41: =SUM(OFFSET('Luu chuyen tien te'!$AZ35,0,0,1,'Thong tin'!$C$9)) -> 0
A42: 3. Tiền thu từ đi vay | B42: =OFFSET('Luu chuyen tien te'!$BL36,0,'Thong tin'!$C$9 - 1) -> 0 | C42: =OFFSET('Luu chuyen tien te'!$AZ36,0,'Thong tin'!$C$9 - 1) -> 0 | D42: =SUM(OFFSET('Luu chuyen tien te'!$BL36,0,0,1,'Thong tin'!$C$9)) -> 0 | E42: =SUM(OFFSET('Luu chuyen tien te'!$AZ36,0,0,1,'Thong tin'!$C$9)) -> 0
A43: 4. Tiền trả nợ gốc vay | B43: =OFFSET('Luu chuyen tien te'!$BL37,0,'Thong tin'!$C$9 - 1) -> 0 | C43: =OFFSET('Luu chuyen tien te'!$AZ37,0,'Thong tin'!$C$9 - 1) -> 0 | D43: =SUM(OFFSET('Luu chuyen tien te'!$BL37,0,0,1,'Thong tin'!$C$9)) -> 0 | E43: =SUM(OFFSET('Luu chuyen tien te'!$AZ37,0,0,1,'Thong tin'!$C$9)) -> 0
A44: 5. Tiền trả nợ gốc thuê tài chính | B44: =OFFSET('Luu chuyen tien te'!$BL38,0,'Thong tin'!$C$9 - 1) -> 0 | C44: =OFFSET('Luu chuyen tien te'!$AZ38,0,'Thong tin'!$C$9 - 1) -> 0 | D44: =SUM(OFFSET('Luu chuyen tien te'!$BL38,0,0,1,'Thong tin'!$C$9)) -> 0 | E44: =SUM(OFFSET('Luu chuyen tien te'!$AZ38,0,0,1,'Thong tin'!$C$9)) -> 0
A45: 6. Cổ tức, lợi nhuận đã trả cho chủ sở hữu | B45: =OFFSET('Luu chuyen tien te'!$BL39,0,'Thong tin'!$C$9 - 1) -> 0 | C45: =OFFSET('Luu chuyen tien te'!$AZ39,0,'Thong tin'!$C$9 - 1) -> 0 | D45: =SUM(OFFSET('Luu chuyen tien te'!$BL39,0,0,1,'Thong tin'!$C$9)) -> 0 | E45: =SUM(OFFSET('Luu chuyen tien te'!$AZ39,0,0,1,'Thong tin'!$C$9)) -> 0
A46: Lưu chuyển tiền thuần từ hoạt động tài chính | B46: =SUM(B40:B45) -> 0 | C46: =SUM(C40:C45) -> 0 | D46: =SUM(D40:D45) -> 0 | E46: =SUM(E40:E45) -> 0
A47: Lưu chuyển tiền thuần trong kỳ | B47: =SUM(B29,B38,B46) -> -1509052029 | C47: =SUM(C29,C38,C46) -> -643302849 | D47: =SUM(D29,D38,D46) -> -4474059896 | E47: =SUM(E29,E38,E46) -> -3113769551
A48: Tiền và tương đương tiền đầu kỳ | B48: =OFFSET('Luu chuyen tien te'!$BL42,0,'Thong tin'!$C$9 - 1) -> 5775046942 | C48: =OFFSET('Luu chuyen tien te'!$AZ42,0,'Thong tin'!$C$9 - 1) -> 3533396638 | D48: ='Luu chuyen tien te'!BL42 -> 8740054809 | E48: ='Luu chuyen tien te'!AZ42 -> 6003863340
A49: Ảnh hưởng của thay đổi tỷ giá hối đoái quy đổi ngoại tệ | B49: =OFFSET('Luu chuyen tien te'!$BL43,0,'Thong tin'!$C$9 - 1) -> 0 | C49: =OFFSET('Luu chuyen tien te'!$AZ43,0,'Thong tin'!$C$9 - 1) -> 0 | D49: =SUM(OFFSET('Luu chuyen tien te'!$BL43,0,0,1,'Thong tin'!$C$9)) -> 0 | E49: =SUM(OFFSET('Luu chuyen tien te'!$AZ43,0,0,1,'Thong tin'!$C$9)) -> 0
A50: Tiền và tương đương tiền cuối kỳ | B50: =SUM(B47:B49) -> 4265994913 | C50: =SUM(C47:C49) -> 2890093789 | D50: =SUM(D47:D49) -> 4265994913 | E50: =SUM(E47:E49) -> 2890093789
B51: 0 | C51: 0 | D51: 0 | E51: 0
D52: ='KQKD in'!F32 -> Lập, ngày 28 tháng 02 năm 2026
A53: KẾ TOÁN TRƯỞNG | D53: GIÁM ĐỐC
A59: ='Thong tin'!B13 -> 0 | D59: Nguyễn Bảo Quốc

Sheet Tinh hinh tai chinh
B1: CÔNG TY TNHH THU MUA PHẾ LIỆU KHÁNH NGA
B2: VND
A3: Index BS | B3: PHẦN I-BÁO CÁO TÌNH HÌNH TÀI CHÍNH | C3: TenCongTyID | D3: T1.2021 | E3: T02.2021 | F3: T03.2021 | G3: T04.2021 | H3: T05.2021 | I3: T06.2021 | J3: T07.2021 | K3: T08.2021 | L3: T09.2021 | M3: T10.2021 | N3: T11.2021 | O3: T12.2021 | P3: T1.2022 | Q3: T02.2022 | R3: T03.2022 | S3: T04.2022 | T3: T05.2022 | U3: T06.2022 | V3: T07.2022 | W3: T08.2022 | X3: T09.2022 | Y3: T10.2022 | Z3: T11.2022 | AA3: T12.2022 | AB3: T1.2023 | AC3: T02.2023 | AD3: T03.2023 | AE3: T04.2023 | AF3: T05.2023 | AG3: T06.2023 | AH3: T07.2023 | AI3: T08.2023 | AJ3: T09.2023 | AK3: T10.2023 | AL3: T11.2023 | AM3: T12.2023 | AN3: T01.2024 | AO3: T02.2024 | AP3: T03.2024 | AQ3: T04.2024 | AR3: T05.2024 | AS3: T06.2024 | AT3: T07.2024 | AU3: T08.2024 | AV3: T09.2024 | AW3: T10.2024 | AX3: T11.2024 | AY3: T12.2024 | AZ3: T01.2025 | BA3: T02.2025 | BB3: T03.2025 | BC3: T04.2025 | BD3: T05.2025 | BE3: T06.2025 | BF3: T07.2025 | BG3: T08.2025 | BH3: T09.2025 | BI3: T10.2025 | BJ3: T11.2025 | BK3: T12.2025 | BL3: T01.2026 | BM3: T02.2026 | BN3: T03.2026 | BO3: T04.2026 | BP3: T05.2026 | BQ3: T06.2026 | BR3: T07.2026 | BS3: T08.2026 | BT3: T09.2026 | BU3: T10.2026 | BV3: T11.2026 | BW3: T12.2026
A4: 1 | B4: A-TÀI SẢN NGẮN HẠN | C4: 7 | D4: 10331196663 | E4: 10408146462 | F4: 9933109431 | G4: 9393790120 | H4: 9397232004 | I4: 9631832066 | J4: 9485676743 | K4: 9401825682 | L4: 8768034496 | M4: 8768334207 | N4: 8526023049 | O4: 7781530470 | P4: 12936730647 | Q4: 12704314802 | R4: 13104100005 | S4: 13362177273 | T4: 12480060798 | U4: 1.3837075e+10 | V4: 13365189105 | W4: 13693731095 | X4: 14259364412 | Y4: 1.3957162e+10 | Z4: 14315990601 | AA4: 12791999434 | AB4: 11516724529 | AC4: 9693441950 | AD4: 9407542517 | AE4: 10692963222 | AF4: 11998132858 | AG4: 12533847305 | AH4: 10605902581 | AI4: 8517882127 | AJ4: 8.6497339e+09 | AK4: 8.5773245e+09 | AL4: 9.9456558e+09 | AM4: 1.095654e+10 | AN4: 10103114315 | AO4: 10135163319 | AP4: 1.0184981e+10 | AQ4: 9.5553489e+09 | AR4: 9196060410 | AS4: 8684994866 | AT4: 8245968607 | AU4: 10545495550 | AV4: 11220415620 | AW4: 12143594996 | AX4: 11303945554 | AY4: 1.0918507e+10 | AZ4: 9.6224623e+09 | BA4: 10781416982 | BB4: 9.989156e+09 | BC4: 9470285625 | BD4: 9847590487 | BE4: 1.0640908e+10 | BF4: 1.2177668e+10 | BG4: 1.4816286e+10 | BH4: =+BH5+BH8+BH15+BH23+BH30 -> 1.2964527e+10 | BI4: 1.3237896e+10 | BJ4: 1.4247962e+10 | BK4: 16160112648 | BL4: 17398509917 | BM4: 17027930081 | BN4: 18865367170 | BO4: 16681174388 | BP4: 19257599078 | BQ4: 21403899174
A5: 2 | B5: I.Tiền và các khoản tương đương tiền | C5: 7 | D5: 2040300880 | E5: 1772054295 | F5: 915131285 | G5: 314235407 | H5: 469036465 | I5: 419531256 | J5: 26249780 | K5: 1152403903 | L5: 525218020 | M5: 214337661 | N5: 4074278128 | O5: 1960932082 | P5: 6316401318 | Q5: 6401164043 | R5: 7032350604 | S5: 5409143818 | T5: 4843606260 | U5: 4366742904 | V5: 1255875252 | W5: 2620787064 | X5: 3639542113 | Y5: 3359878672 | Z5: 707164873 | AA5: 3956178628 | AB5: 3421434172 | AC5: 1064642852 | AD5: 800358520 | AE5: 2573587564 | AF5: 4046655921 | AG5: 6913231953 | AH5: 5998240929 | AI5: 5522125303 | AJ5: 4466969439 | AK5: 1119051582 | AL5: 862954977 | AM5: 2116625281 | AN5: 2558802474 | AO5: 1393898918 | AP5: 4499399789 | AQ5: 4431257417 | AR5: 2753755390 | AS5: 3803839418 | AT5: 5122409452 | AU5: 6603237668 | AV5: 4901151740 | AW5: 7217320341 | AX5: 6076881148 | AY5: 6003863340 | AZ5: 1083666234 | BA5: 1893084896 | BB5: 3882973993 | BC5: 3533396638 | BD5: 2890093789 | BE5: 4170404441 | BF5: 6295754488 | BG5: 9081751086 | BH5: =+SUM(BH6:BH7) -> 8696224125 | BI5: 8789877445 | BJ5: 8971843955 | BK5: 8740054809 | BL5: 8999449324 | BM5: 6189741551 | BN5: 3726004700 | BO5: 5775046942 | BP5: 4265994913 | BQ5: 2577057383
A6: 3 | B6: 1.Tiền | C6: 7 | D6: 2040300880 | E6: 1772054295 | F6: 915131285 | G6: 314235407 | H6: 469036465 | I6: 419531256 | J6: 26249780 | K6: 1152403903 | L6: 525218020 | M6: 214337661 | N6: 4074278128 | O6: 1960932082 | P6: 6316401318 | Q6: 6401164043 | R6: 7032350604 | S6: 5409143818 | T6: 4843606260 | U6: 4366742904 | V6: 1255875252 | W6: 2620787064 | X6: 3639542113 | Y6: 3359878672 | Z6: 707164873 | AA6: 3956178628 | AB6: 3421434172 | AC6: 1064642852 | AD6: 800358520 | AE6: 2573587564 | AF6: 4046655921 | AG6: 6913231953 | AH6: 5998240929 | AI6: 5522125303 | AJ6: 4466969439 | AK6: 1119051582 | AL6: 862954977 | AM6: 2116625281 | AN6: 2558802474 | AO6: 1393898918 | AP6: 4499399789 | AQ6: 4431257417 | AR6: 2753755390 | AS6: 3803839418 | AT6: 5122409452 | AU6: 6603237668 | AV6: 4901151740 | AW6: 7217320341 | AX6: 6076881148 | AY6: 6003863340 | AZ6: 1083666234 | BA6: 1893084896 | BB6: 3882973993 | BC6: 3533396638 | BD6: 2890093789 | BE6: 4170404441 | BF6: 6295754488 | BG6: 9081751086 | BH6: 8696224125 | BI6: 8789877445 | BJ6: 8971843955 | BK6: 2740054809 | BL6: 2999449324 | BM6: 3189741551 | BN6: 726004700 | BO6: 2775046942 | BP6: 1265994913 | BQ6: 2577057383
A7: 4 | B7: 2.Các khoản tương đương tiền | C7: 7 | D7: 0 | E7: 0 | F7: 0 | G7: 0 | H7: 0 | I7: 0 | J7: 0 | K7: 0 | L7: 0 | M7: 0 | N7: 0 | O7: 0 | P7: 0 | Q7: 0 | R7: 0 | S7: 0 | T7: 0 | U7: 0 | V7: 0 | W7: 0 | X7: 0 | Z7: 0 | AA7: 0 | AB7: 0 | AC7: 0 | AD7: 0 | AE7: 0 | AF7: 0 | AG7: 0 | AH7: 0 | AI7: 0 | AJ7: 0 | AK7: 0 | AL7: 0 | AM7: 0 | AN7: 0 | AO7: 0 | AP7: 0 | AQ7: 0 | AR7: 0 | AS7: 0 | AT7: 0 | AU7: 0 | AV7: 0 | AW7: 0 | AX7: 0 | AY7: 0 | AZ7: 0 | BA7: 0 | BB7: 0 | BC7: 0 | BD7: 0 | BE7: 0 | BF7: 0 | BG7: 0 | BI7: 0 | BK7: 6000000000 | BL7: 6000000000 | BM7: 3000000000 | BN7: 3000000000 | BO7: 3000000000 | BP7: 3000000000 | BQ7: 0
A8: 5 | B8: II.Đầu tư tài chính ngắn hạn | C8: 7 | D8: 0 | E8: 0 | F8: 0 | G8: 0 | H8: 0 | I8: 0 | J8: 0 | K8: 0 | L8: 0 | M8: 0 | N8: 0 | O8: 0 | P8: 0 | Q8: 0 | R8: 0 | S8: 0 | T8: 0 | U8: 0 | V8: 0 | W8: 0 | X8: 0 | Z8: 0 | AA8: 0 | AB8: 0 | AC8: 0 | AD8: 0 | AE8: 0 | AF8: 0 | AG8: 0 | AH8: 0 | AI8: 0 | AJ8: 0 | AK8: 0 | AL8: 0 | AM8: 0 | AN8: 0 | AO8: 0 | AP8: 0 | AQ8: 0 | AR8: 0 | AS8: 0 | AT8: 0 | AU8: 0 | AV8: 0 | AW8: 0 | AX8: 0 | AZ8: 2000000000 | BA8: 0 | BB8: 0 | BC8: 0 | BD8: 0 | BE8: 0 | BF8: 0 | BG8: 0 | BH8: =SUM(BH9:BH11) -> 0 | BI8: 0 | BJ8: 0 | BL8: 0 | BM8: 0 | BN8: 0 | BO8: 1000000000 | BP8: 1000000000 | BQ8: 1000000000
A9: 6 | B9: 1.Chứng khoán kinh doanh | C9: 7 | D9: 0 | E9: 0 | F9: 0 | G9: 0 | H9: 0 | I9: 0 | J9: 0 | K9: 0 | L9: 0 | M9: 0 | N9: 0 | O9: 0 | P9: 0 | Q9: 0 | R9: 0 | S9: 0 | T9: 0 | U9: 0 | V9: 0 | W9: 0 | X9: 0 | Z9: 0 | AA9: 0 | AB9: 0 | AC9: 0 | AD9: 0 | AE9: 0 | AF9: 0 | AG9: 0 | AH9: 0 | AI9: 0 | AJ9: 0 | AK9: 0 | AL9: 0 | AM9: 0 | AN9: 0 | AO9: 0 | AP9: 0 | AQ9: 0 | AR9: 0 | AS9: 0 | AT9: 0 | AU9: 0 | AV9: 0 | AW9: 0 | AX9: 0 | AZ9: 0 | BA9: 0 | BB9: 0 | BC9: 0 | BD9: 0 | BE9: 0 | BF9: 0 | BG9: 0 | BI9: 0 | BL9: 0 | BM9: 0 | BN9: 0 | BO9: 0 | BP9: 0 | BQ9: 0
A10: 7 | B10: 2.Dự phòng giảm giá chứng khoán kinh doanh (*) | C10: 7 | D10: 0 | E10: 0 | F10: 0 | G10: 0 | H10: 0 | I10: 0 | J10: 0 | K10: 0 | L10: 0 | M10: 0 | N10: 0 | O10: 0 | P10: 0 | Q10: 0 | R10: 0 | S10: 0 | T10: 0 | U10: 0 | V10: 0 | W10: 0 | X10: 0 | Z10: 0 | AA10: 0 | AB10: 0 | AC10: 0 | AD10: 0 | AE10: 0 | AF10: 0 | AG10: 0 | AH10: 0 | AI10: 0 | AJ10: 0 | AK10: 0 | AL10: 0 | AM10: 0 | AN10: 0 | AO10: 0 | AP10: 0 | AQ10: 0 | AR10: 0 | AS10: 0 | AT10: 0 | AU10: 0 | AV10: 0 | AW10: 0 | AX10: 0 | AZ10: 0 | BA10: 0 | BB10: 0 | BC10: 0 | BD10: 0 | BE10: 0 | BF10: 0 | BG10: 0 | BI10: 0 | BL10: 0 | BM10: 0 | BN10: 0 | BO10: 0 | BP10: 0 | BQ10: 0
A11: 8 | B11: 3.Đầu tư nắm giữ đến ngày đáo hạn ngắn hạn | C11: 7 | D11: 0 | E11: 0 | F11: 0 | G11: 0 | H11: 0 | I11: 0 | J11: 0 | K11: 0 | L11: 0 | M11: 0 | N11: 0 | O11: 0 | P11: 0 | Q11: 0 | R11: 0 | S11: 0 | T11: 0 | U11: 0 | V11: 0 | W11: 0 | X11: 0 | Z11: 0 | AA11: 0 | AB11: 0 | AC11: 0 | AD11: 0 | AE11: 0 | AF11: 0 | AG11: 0 | AH11: 0 | AI11: 0 | AJ11: 0 | AK11: 0 | AL11: 0 | AM11: 0 | AN11: 0 | AO11: 0 | AP11: 0 | AQ11: 0 | AR11: 0 | AS11: 0 | AT11: 0 | AU11: 0 | AV11: 0 | AW11: 0 | AX11: 0 | AZ11: 2000000000 | BA11: 0 | BB11: 0 | BC11: 0 | BD11: 0 | BE11: 0 | BF11: 0 | BG11: 0 | BI11: 0 | BL11: 0 | BM11: 0 | BN11: 0 | BO11: 1000000000 | BP11: 1000000000 | BQ11: 1000000000
A12: 9 | B12: 4.Dự phòng đầu tư nắm giữ đến ngày đáo hạn ngắn hạn (*) | C12: 7 | BL12: 0 | BM12: 0 | BN12: 0 | BO12: 0 | BP12: 0 | BQ12: 0
A13: 10 | B13: 5.Đầu tư ngắn hạn khác | C13: 7 | BL13: 0 | BM13: 0 | BN13: 0 | BO13: 0 | BP13: 0 | BQ13: 0
A14: 11 | B14: 6.Dự phòng tổn thất các khoản đầu tư ngắn hạn khác (*) | C14: 7 | BL14: 0 | BM14: 0 | BN14: 0 | BO14: 0 | BP14: 0 | BQ14: 0
A15: 12 | B15: III.Các khoản phải thu ngắn hạn | C15: 7 | D15: 6418261360 | E15: 7085738478 | F15: 7811565598 | G15: 7728424999 | H15: 7150302539 | I15: 7268584100 | J15: 7464531500 | K15: 6261919420 | L15: 6261919420 | M15: 6272783240 | N15: 1356583240 | O15: 2405011920 | P15: 2897390721 | Q15: 2733117759 | R15: 2421717459 | S15: 5117557533 | T15: 4033482617 | U15: 5.2624238e+09 | V15: 5706417699 | W15: 3500485569 | X15: 4309771340 | Y15: 4.7476608e+09 | Z15: 7236434213 | AA15: 6025955556 | AB15: 4596579715 | AC15: 5387401759 | AD15: 4977074327 | AE15: 4238692638 | AF15: 4612410641 | AG15: 3.1928404e+09 | AH15: 3.0547165e+09 | AI15: 1.293208e+09 | AJ15: 2129814214 | AK15: 3466073332 | AL15: 3788411208 | AM15: 3875250574 | AN15: 2.2752476e+09 | AO15: 4.0669183e+09 | AP15: 2253017086 | AQ15: 1844506187 | AR15: 4.2263136e+09 | AS15: 3.1158819e+09 | AT15: 1.6497635e+09 | AU15: 2.3316789e+09 | AV15: 3.6878302e+09 | AW15: 2.5892204e+09 | AX15: 3.0609478e+09 | AY15: 1609307950 | AZ15: 1.5156008e+09 | BA15: 1.512819e+09 | BB15: 317284604 | BC15: 4.376813e+08 | BD15: 1.8020136e+09 | BE15: 382567548 | BF15: 446674724 | BG15: 290037774 | BH15: =+SUM(BH16:BH22) -> 804314929 | BI15: 1748706129 | BJ15: 1996141214 | BK15: 3204443278 | BL15: 2027514130 | BM15: 4308077225 | BN15: 7618117739 | BO15: 3341603556 | BP15: 4109614535 | BQ15: 3600631002
A16: 13 | B16: 1.Phải thu ngắn hạn của khách hàng | C16: 7 | D16: 344011360 | E16: 1011488478 | F16: 1661565598 | G16: 1637020440 | H16: 938231440 | I16: 1235584100 | J16: 1431531500 | K16: 1228919420 | L16: 1228919420 | M16: 1228919420 | N16: 1228919420 | O16: 2344852370 | P16: 2472853829 | Q16: 2348117759 | R16: 1199186719 | S16: 3801691879 | T16: 2672275521 | U16: 3.8632774e+09 | V16: 3130365079 | W16: 1716678559 | X16: 2609977880 | Y16: 2228084280 | Z16: 4863373867 | AA16: 3581636705 | AB16: 2282361831 | AC16: 2948239023 | AD16: 4217858654 | AE16: 3784872141 | AF16: 4527127000 | AG16: 3124385351 | AH16: 3053615978 | AI16: 1279974690 | AJ16: 2122982583 | AK16: 3170480400 | AL16: 3776201100 | AM16: 3868305821 | AN16: 1972488980 | AO16: 3763782920 | AP16: 1950558500 | AQ16: 1840484700 | AR16: 3956416380 | AS16: 2885016420 | AT16: 1190366820 | AU16: 1386246420 | AV16: 2371792180 | AW16: 1875305520 | AX16: 2497110264 | AY16: 1498339440 | AZ16: 1367557573 | BA16: 1270506828 | BB16: 147204 | BC16: 147204 | BD16: 874243583 | BF16: 0 | BG16: 0 | BH16: 502553255 | BI16: 1440037055 | BJ16: 1712124540 | BK16: 1967294520 | BL16: 130705920 | BM16: 2136557371 | BN16: 4506468999 | BO16: 1945280816 | BP16: 1482666995 | BQ16: 1943875984
A17: 14 | B17: 2.Trả trước cho người bán ngắn hạn | C17: 7 | D17: 74250000 | E17: 74250000 | F17: 0 | G17: 33000580 | H17: 33000580 | I17: 33000000 | J17: 33000000 | K17: 33000000 | L17: 33000000 | M17: 43863820 | N17: 127663820 | O17: 60159550 | P17: 422696450 | Q17: 385000000 | R17: 1222530740 | S17: 1309805211 | T17: 1349086211 | U17: 1399146380 | V17: 2576052620 | W17: 1783807010 | X17: 1699793460 | Y17: 1895680620 | Z17: 1389243160 | AA17: 2272134750 | AB17: 1469107250 | AC17: 1191538660 | AD17: 247971564 | AE17: 268906042 | AF17: 64090456 | AG17: 3070676 | AH17: 1100508 | AI17: 13233331 | AJ17: 6831631 | AK17: 295592932 | AL17: 12210108 | AM17: 6944753 | AN17: 302758586 | AO17: 303135378 | AP17: 302458586 | AQ17: 4021487 | AR17: 4429387 | AS17: 3351603 | AT17: 141882804 | AU17: 726490043 | AV17: 1187095603 | AW17: 713914907 | AX17: 485203444 | AY17: 25968510 | AZ17: 63043266 | BA17: 151512123 | BB17: 226337400 | BC17: 150994100 | BD17: 631128494 | BE17: 94918290 | BF17: 159925466 | BG17: 2388516 | BH17: 18112416 | BI17: 25019816 | BJ17: 367416 | BK17: 202767973 | BL17: 874147973 | BM17: 1145197973 | BN17: 2097017973 | BO17: 369817973 | BP17: 284717973 | BQ17: 263317973
A18: 15 | B18: 3.Phải thu nội bộ ngắn hạn | C18: 7 | D18: 0 | E18: 0 | F18: 150000000 | G18: 58403979 | H18: 179070519 | I18: 0 | J18: 0 | K18: 0 | L18: 0 | M18: 0 | N18: 0 | O18: 0 | P18: 1840442 | Q18: 0 | R18: 0 | S18: 6060443 | T18: 12120885 | U18: 0 | V18: 0 | W18: 0 | X18: 0 | Y18: 6.238959e+08 | Z18: 0 | AA18: 0 | AB18: 0 | AC18: 0 | AD18: 0 | AE18: 0 | AF18: 0 | AG18: 0 | AH18: 0 | AI18: 0 | AJ18: 0 | AK18: 0 | AL18: 0 | AM18: 0 | AN18: 0 | AO18: 0 | AP18: 0 | AQ18: 0 | AR18: 0 | AS18: 0 | AT18: 0 | AU18: 0 | AV18: 0 | AW18: 0 | AX18: 0 | AY18: 0 | AZ18: 0 | BA18: 0 | BB18: 0 | BC18: 0 | BD18: 0 | BE18: 0 | BF18: 0 | BG18: 0 | BH18: 0 | BI18: 0 | BL18: 0 | BM18: 0 | BN18: 0 | BO18: 0 | BP18: 0 | BQ18: 0
A19: 16 | B19: 4.Phải thu theo tiến độ hợp đồng xây dựng | C19: 7 | D19: 0 | E19: 0 | F19: 0 | G19: 0 | H19: 0 | I19: 0 | J19: 0 | K19: 0 | L19: 0 | M19: 0 | N19: 0 | O19: 0 | P19: 0 | Q19: 0 | R19: 0 | S19: 0 | T19: 0 | U19: 0 | V19: 0 | W19: 0 | X19: 0 | Z19: 0 | AA19: 0 | AB19: 0 | AC19: 0 | AD19: 0 | AE19: 0 | AF19: 0 | AG19: 0 | AH19: 0 | AI19: 0 | AJ19: 0 | AK19: 0 | AL19: 0 | AM19: 0 | AN19: 0 | AO19: 0 | AP19: 0 | AQ19: 0 | AR19: 0 | AS19: 0 | AT19: 0 | AU19: 0 | AV19: 0 | AW19: 0 | AX19: 0 | AY19: 0 | AZ19: 0 | BA19: 0 | BB19: 0 | BC19: 0 | BD19: 0 | BE19: 0 | BF19: 0 | BG19: 0 | BH19: 0 | BI19: 0 | BL19: 0 | BM19: 0 | BN19: 0 | BO19: 0 | BP19: 0 | BQ19: 0
A20: 17 | B20: 5.Phải thu ngắn hạn khác | C20: 7 | D20: 6000000000 | E20: 6000000000 | F20: 6000000000 | G20: 6000000000 | H20: 6000000000 | I20: 6000000000 | J20: 6000000000 | K20: 5000000000 | L20: 5000000000 | M20: 5000000000 | N20: 0 | O20: 0 | P20: 0 | Q20: 0 | R20: 0 | S20: 0 | T20: 0 | U20: 0 | V20: 0 | W20: 0 | X20: 0 | Z20: 983817186 | AA20: 172184101 | AB20: 845110634 | AC20: 1247624076 | AD20: 511244109 | AE20: 184914455 | AF20: 21193185 | AG20: 65384342 | AH20: 0.14 | AI20: 0.14 | AJ20: 0 | AK20: 0 | AL20: 0 | AM20: 0 | AN20: 0.14 | AO20: 0.14 | AP20: 0 | AQ20: 0 | AR20: 2.6546783e+08 | AS20: 2.2751385e+08 | AT20: 3.1751385e+08 | AU20: 2.1894241e+08 | AV20: 1.2894241e+08 | AW20: 0.518 | AX20: 78634112 | AY20: 85000000 | AZ20: 85000000 | BA20: 90800001 | BB20: 90800000 | BC20: 2.8654e+08 | BD20: 2.9664157e+08 | BE20: 287649258 | BF20: 286749258 | BG20: 287649258 | BH20: 283649258 | BI20: 283649258 | BJ20: 283649258 | BK20: 1034380785 | BL20: 1022660237 | BM20: 1026321881 | BN20: 1014630767 | BO20: 1026504767 | BP20: 2342229567 | BQ20: 1393437045
A21: 18 | B21: 6.Dự phòng phải thu ngắn hạn khó đòi (*) | C21: 7 | D21: 0 | E21: 0 | F21: 0 | G21: 0 | H21: 0 | I21: 0 | J21: 0 | K21: 0 | L21: 0 | M21: 0 | N21: 0 | O21: 0 | P21: 0 | Q21: 0 | R21: 0 | S21: 0 | T21: 0 | U21: 0 | V21: 0 | W21: 0 | X21: 0 | Z21: 0 | AA21: 0 | AB21: 0 | AC21: 0 | AD21: 0 | AE21: 0 | AF21: 0 | AG21: 0 | AH21: 0 | AI21: 0 | AJ21: 0 | AK21: 0 | AL21: 0 | AM21: 0 | AN21: 0 | AO21: 0 | AP21: 0 | AQ21: 0 | AR21: 0 | AS21: 0 | AT21: 0 | AU21: 0 | AV21: 0 | AW21: 0 | AX21: 0 | AY21: 0 | AZ21: 0 | BA21: 0 | BB21: 0 | BC21: 0 | BD21: 0 | BE21: 0 | BF21: 0 | BG21: 0 | BI21: 0 | BL21: 0 | BM21: 0 | BN21: 0 | BO21: 0 | BP21: 0 | BQ21: 0
A22: 19 | B22: 7.Tài sản thiếu chờ xử lý | C22: 7 | D22: 0 | E22: 0 | F22: 0 | G22: 0 | H22: 0 | I22: 0 | J22: 0 | K22: 0 | L22: 0 | M22: 0 | N22: 0 | O22: 0 | P22: 0 | Q22: 0 | R22: 0 | S22: 0 | T22: 0 | U22: 0 | V22: 0 | W22: 0 | X22: 0 | Z22: 0 | AA22: 0 | AB22: 0 | AC22: 0 | AD22: 0 | AE22: 0 | AF22: 0 | AG22: 0 | AH22: 0 | AI22: 0 | AJ22: 0 | AK22: 0 | AL22: 0 | AM22: 0 | AN22: 0 | AO22: 0 | AP22: 0 | AQ22: 0 | AR22: 0 | AS22: 0 | AT22: 0 | AU22: 0 | AV22: 0 | AW22: 0 | AX22: 0 | AY22: 0 | AZ22: 0 | BA22: 0 | BB22: 0 | BC22: 0 | BD22: 0 | BE22: 0 | BF22: 0 | BG22: 0 | BI22: 0 | BL22: 0 | BM22: 0 | BN22: 0 | BO22: 0 | BP22: 0 | BQ22: 0
A23: 20 | B23: IV. Hàng tồn kho | C23: 7 | D23: 1439314423 | E23: 1190057917 | F23: 952867547 | G23: 943357214 | H23: 1323737900 | I23: 1572336611 | J23: 1636087329 | K23: 1636087329 | L23: 1636087329 | M23: 1857609129 | N23: 2653243743 | O23: 2384125121 | P23: 2615356218 | Q23: 2116457578 | R23: 1788771350 | S23: 1707318288 | T23: 2378742457 | U23: 2745266923 | V23: 5140735927 | W23: 5555463714 | X23: 4847168750 | Y23: 4.7839944e+09 | Z23: 5886004288 | AA23: 2514638300 | AB23: 3244492840 | AC23: 2793559288 | AD23: 3222752503 | AE23: 3446179520 | AF23: 2994433471 | AG23: 2.1814046e+09 | AH23: 1.3066453e+09 | AI23: 1.4303281e+09 | AJ23: 1.8851828e+09 | AK23: 3.4804564e+09 | AL23: 4.7485624e+09 | AM23: 4.6043066e+09 | AN23: 4.9696708e+09 | AO23: 4.4831131e+09 | AP23: 3.3420824e+09 | AQ23: 3.2075573e+09 | AR23: 1.9381876e+09 | AS23: 1.6066631e+09 | AT23: 1.3411877e+09 | AU23: 1.1234417e+09 | AV23: 2.1623289e+09 | AW23: 1.8061644e+09 | AX23: 1.5807506e+09 | AY23: 1.5825455e+09 | AZ23: 3.3315926e+09 | BA23: 5.7772048e+09 | BB23: 4.2102498e+09 | BC23: 3.8584956e+09 | BD23: 3.3776515e+09 | BE23: 4.3001738e+09 | BF23: 3.7560301e+09 | BG23: 3.8845293e+09 | BH23: 2.0098344e+09 | BI23: 1.2843732e+09 | BJ23: 1.8962331e+09 | BK23: 2740108395 | BL23: 5045758048 | BM23: 5339692894 | BN23: 6443059216 | BO23: 5582117443 | BP23: 8989031026 | BQ23: 13491156975
A24: 21 | B24: 1.Hàng tồn kho | C24: 7 | D24: 1439314423 | E24: 1190057917 | F24: 952867547 | G24: 943357214 | H24: 1323737900 | I24: 1572336611 | J24: 1636087329 | K24: 1636087329 | L24: 1636087329 | M24: 1857609129 | N24: 2653243743 | O24: 2384125121 | P24: 2615356218 | Q24: 2116457578 | R24: 1788771350 | S24: 1707318288 | T24: 2378742457 | U24: 2745266923 | V24: 5140735927 | W24: 5555463714 | X24: 4847168750 | Y24: 4.7839944e+09 | Z24: 5886004288 | AA24: 2514638300 | AB24: 3244492840 | AC24: 2793559288 | AD24: 3222752503 | AE24: 3446179520 | AF24: 2994433471 | AG24: 2.1814046e+09 | AH24: 1.3066453e+09 | AI24: 1.4303281e+09 | AJ24: 1.8851828e+09 | AK24: 3.4804564e+09 | AL24: 4.7485624e+09 | AM24: 4.6043066e+09 | AN24: 4.9696708e+09 | AO24: 4.4831131e+09 | AP24: 3.3420824e+09 | AQ24: 3.2075573e+09 | AR24: 1.9381876e+09 | AS24: 1.6066631e+09 | AT24: 1.3411877e+09 | AU24: 1.1234417e+09 | AV24: 2.1623289e+09 | AW24: 1.8061644e+09 | AX24: 1.5807506e+09 | AY24: 1.5825455e+09 | AZ24: 3331592584 | BA24: 5.7772048e+09 | BB24: 4.2102498e+09 | BC24: 3.8584956e+09 | BD24: 3.3776515e+09 | BE24: 4.3001738e+09 | BF24: 3.7560301e+09 | BG24: 3.8845293e+09 | BH24: 2.0098344e+09 | BI24: 1.2843732e+09 | BJ24: 1.8962331e+09 | BK24: 2740108395 | BL24: 5045758048 | BM24: 5339692894 | BN24: 6443059216 | BO24: 5582117443 | BP24: 8989031026 | BQ24: 13491156975
A25: 22 | B25: 2.Dự phòng giảm giá hàng tồn kho (*) | C25: 7 | D25: 0 | E25: 0 | F25: 0 | G25: 0 | H25: 0 | I25: 0 | J25: 0 | K25: 0 | L25: 0 | M25: 0 | N25: 0 | O25: 0 | P25: 0 | Q25: 0 | R25: 0 | S25: 0 | T25: 0 | U25: 0 | V25: 0 | W25: 0 | X25: 0 | Z25: 0 | AA25: 0 | AB25: 0 | AC25: 0 | AD25: 0 | AE25: 0 | AF25: 0 | AG25: 0 | AH25: 0 | AI25: 0 | AJ25: 0 | AK25: 0 | AL25: 0 | AM25: 0 | AN25: 0 | AO25: 0 | AP25: 0 | AQ25: 0 | AR25: 0 | AS25: 0 | AT25: 0 | AU25: 0 | AV25: 0 | AW25: 0 | AX25: 0 | AY25: 0 | AZ25: 0 | BA25: 0 | BB25: 0 | BC25: 0 | BD25: 0 | BE25: 0 | BF25: 0 | BG25: 0 | BI25: 0 | BL25: 0 | BM25: 0 | BN25: 0 | BO25: 0 | BP25: 0 | BQ25: 0
A26: 23 | B26: V. Tài sản sinh học ngắn hạn | C26: 7 | BL26: 0 | BM26: 0 | BN26: 0 | BO26: 0 | BP26: 0 | BQ26: 0
A27: 24 | B27: 1.Súc vật nuôi lấy sản phẩm một lần ngắn hạn | C27: 7 | BL27: 0 | BM27: 0 | BN27: 0 | BO27: 0 | BP27: 0 | BQ27: 0
A28: 25 | B28: 2.Cây trồng theo mùa vụ hoặc lấy sản phẩm một lần ngắn hạn | C28: 7 | BL28: 0 | BM28: 0 | BN28: 0 | BO28: 0 | BP28: 0 | BQ28: 0
A29: 26 | B29: 3.Dự phòng tổn thất tài sản sinh học ngắn hạn (*) | C29: 7 | BL29: 0 | BM29: 0 | BN29: 0 | BO29: 0 | BP29: 0 | BQ29: 0
A30: 27 | B30: VI. Tài sản ngắn hạn khác | C30: 7 | D30: 433320000 | E30: 360295772 | F30: 253545001 | G30: 407772500 | H30: 454155100 | I30: 371380099 | J30: 358808134 | K30: 351415030 | L30: 344809727 | M30: 423604177 | N30: 441917938 | O30: 1031461347 | P30: 1107582390 | Q30: 1453575422 | R30: 1861260592 | S30: 1128157634 | T30: 1224229464 | U30: 1462641294 | V30: 1262160227 | W30: 2016994748 | X30: 1462882209 | Y30: 1.0656284e+09 | Z30: 486387227 | AA30: 295226950 | AB30: 254217802 | AC30: 447838051 | AD30: 407357167 | AE30: 434503500 | AF30: 344632825 | AG30: 246370394 | AH30: 246299913 | AI30: 272220748 | AJ30: 167767455 | AK30: 511743132 | AL30: 545727188 | AM30: 360357978 | AN30: 299393517 | AO30: 191233013 | AP30: 90481819 | AQ30: 72028029 | AR30: 277803828 | AS30: 158610482 | AT30: 132607945 | AU30: 487137262 | AV30: 469104805 | AW30: 530889860 | AX30: 585365982 | AY30: 1722790360 | AZ30: 1691602642 | BA30: 1598308325 | BB30: 1578647628 | BC30: 1640712130 | BD30: 1777831545 | BE30: 1787762600 | BF30: 1679209173 | BG30: 1559967977 | BH30: 1454153533 | BI30: 1414939090 | BJ30: 1383743384 | BK30: 1475506166 | BL30: 1325788415 | BM30: 1190418411 | BN30: 1078185515 | BO30: 982406447 | BP30: 892958604 | BQ30: 735053814 | BR30: =+SUM(BR31:BR35) -> 0
A31: 28 | B31: 1.Chi phí chờ phân bổ ngắn hạn | C31: 7 | D31: 187090000 | E31: 100317501 | F31: 13545001 | G31: 166772500 | H31: 145375000 | I31: 62599999 | J31: 55528034 | K31: 48922730 | L31: 42317427 | M31: 69459260 | N31: 61342408 | O31: 52220253 | P31: 216053250 | Q31: 219942333 | R31: 722198034 | S31: 639499909 | T31: 581264804 | U31: 570778148 | V31: 607674433 | W31: 598091010 | X31: 650499087 | Y31: 8.1741923e+08 | Z31: 363378659 | AA31: 295226950 | AB31: 238600783 | AC31: 288177737 | AD31: 407357167 | AE31: 421151845 | AF31: 309244442 | AG31: 246370394 | AH31: 200982884 | AI31: 192391627 | AJ31: 167767455 | AK31: 457888290 | AL31: 479189801 | AM31: 360357978 | AN31: 299393517 | AO31: 191233013 | AP31: 90481819 | AQ31: 69458278 | AR31: 277803828 | AS31: 154935453 | AT31: 128927801 | AU31: 483512118 | AV31: 468668881 | AW31: 526861755 | AX31: 492490196 | AY31: 1722790360 | AZ31: 1691602642 | BA31: 1598308325 | BB31: 1578647628 | BC31: 1640712130 | BD31: 1777831545 | BE31: 1787762600 | BF31: 1667546915 | BG31: 1559967977 | BH31: 1454153533 | BI31: 1414939090 | BJ31: 1383743384 | BK31: 1475506166 | BL31: 1325788415 | BM31: 1190418411 | BN31: 1078185515 | BO31: 982406447 | BP31: 892958604 | BQ31: 735053814
A32: 29 | B32: 2.Thuế GTGT được khấu trừ | C32: 7 | D32: 6230000 | E32: 19978271 | F32: 0 | G32: 0 | H32: 0 | I32: 0 | J32: 0 | K32: 0 | L32: 0 | M32: 16698517 | N32: 19561559 | O32: 0 | P32: 5677483 | Q32: 38333259 | R32: 33464148 | S32: 0 | T32: 9072710 | U32: 0 | V32: 8134367 | W32: 0 | X32: 0 | Y32: 8209200 | Z32: 123008568 | AA32: 0 | AB32: 15617019 | AC32: 159660314 | AD32: 0 | AE32: 13351655 | AF32: 35388383 | AG32: 0 | AH32: 45317029 | AI32: 79829121 | AJ32: 0 | AK32: 53854842 | AL32: 66537387 | AM32: 0 | AN32: 0 | AO32: 0 | AP32: 0 | AQ32: 0 | AR32: 0 | AS32: 0 | AT32: 0 | AU32: 0 | AV32: 0 | AW32: 0 | AX32: 92875786 | AY32: 0 | AZ32: 0 | BA32: 0 | BB32: 0 | BC32: 0 | BD32: 0 | BE32: 0 | BF32: 0 | BG32: 0 | BI32: 0 | BL32: 0 | BM32: 0 | BN32: 0 | BO32: 0 | BP32: 0 | BQ32: 0
A33: 30 | B33: 3.Thuế và các khoản khác phải thu Nhà nước | C33: 7 | D33: 0 | E33: 0 | F33: 0 | G33: 1000000 | H33: 0 | I33: 0 | J33: 0 | K33: 0 | L33: 0 | M33: 0 | N33: 0 | O33: 0 | P33: 0 | Q33: 0 | R33: 0 | S33: 0 | T33: 0 | U33: 0 | V33: 0 | W33: 0 | X33: 0 | Z33: 0 | AA33: 0 | AB33: 0 | AC33: 0 | AD33: 0 | AE33: 0 | AF33: 0 | AG33: 0 | AH33: 0 | AI33: 0 | AJ33: 0 | AK33: 0 | AL33: 0 | AM33: 0 | AN33: 0 | AO33: 0 | AP33: 0 | AQ33: 2569751 | AR33: 0 | AS33: 3675029 | AT33: 3680144 | AU33: 3625144 | AV33: 435924 | AW33: 4028105 | AX33: 0 | AY33: 0 | AZ33: 0 | BA33: 0 | BB33: 0 | BC33: 0 | BD33: 0 | BE33: 0 | BF33: 11662258 | BG33: 0 | BI33: 0 | BL33: 0 | BM33: 0 | BN33: 0 | BO33: 0 | BP33: 0 | BQ33: 0
A34: 31 | B34: 4.Giao dịch mua bán lại trái phiếu Chính phủ | C34: 7 | D34: 0 | E34: 0 | F34: 0 | G34: 0 | H34: 0 | I34: 0 | J34: 0 | K34: 0 | L34: 0 | M34: 0 | N34: 0 | O34: 0 | P34: 0 | Q34: 0 | R34: 0 | S34: 0 | T34: 0 | U34: 0 | V34: 0 | W34: 0 | X34: 0 | Z34: 0 | AA34: 0 | AB34: 0 | AC34: 0 | AD34: 0 | AE34: 0 | AF34: 0 | AG34: 0 | AH34: 0 | AI34: 0 | AJ34: 0 | AK34: 0 | AL34: 0 | AM34: 0 | AN34: 0 | AO34: 0 | AP34: 0 | AQ34: 0 | AR34: 0 | AS34: 0 | AT34: 0 | AU34: 0 | AV34: 0 | AW34: 0 | AX34: 0 | AY34: 0 | AZ34: 0 | BA34: 0 | BB34: 0 | BC34: 0 | BD34: 0 | BE34: 0 | BF34: 0 | BG34: 0 | BI34: 0 | BL34: 0 | BM34: 0 | BN34: 0 | BO34: 0 | BP34: 0 | BQ34: 0
A35: 32 | B35: 5.Tài sản ngắn hạn khác | C35: 7 | D35: 240000000 | E35: 240000000 | F35: 240000000 | G35: 240000000 | H35: 308780100 | I35: 308780100 | J35: 303280100 | K35: 302492300 | L35: 302492300 | M35: 337446400 | N35: 361013971 | O35: 979241094 | P35: 885851657 | Q35: 1195299830 | R35: 1105598410 | S35: 488657725 | T35: 633891950 | U35: 891863146 | V35: 646351427 | W35: 1418903738 | X35: 812383122 | Y35: 240000000 | Z35: 0 | AA35: 0 | AB35: 0 | AC35: 0 | AD35: 0 | AE35: 0 | AF35: 0 | AG35: 0 | AH35: 0 | AI35: 0 | AJ35: 0 | AK35: 0 | AL35: 0 | AM35: 0 | AN35: 0 | AO35: 0 | AP35: 0 | AQ35: 0 | AR35: 0 | AS35: 0 | AT35: 0 | AU35: 0 | AV35: 0 | AW35: 0 | AX35: 0 | AY35: 0 | AZ35: 0 | BA35: 0 | BB35: 0 | BC35: 0 | BD35: 0 | BE35: 0 | BF35: 0 | BG35: 0 | BI35: 0 | BL35: 0 | BM35: 0 | BN35: 0 | BO35: 0 | BP35: 0 | BQ35: 0
A36: 33 | B36: B-TÀI SẢN DÀI HẠN | C36: 7 | D36: 0 | E36: 0 | F36: 265000000 | G36: 265000000 | H36: 265000000 | I36: 265000000 | J36: 265000000 | K36: 265000000 | L36: 265000000 | M36: 659237900 | N36: 719387901 | O36: 1717562001 | P36: 1452562001 | Q36: 1687751807 | R36: 2011777502 | S36: 1985803196 | T36: 1959828891 | U36: 3129285827 | V36: 3137466508 | W36: 4176912837 | X36: 4021529164 | Y36: 3.9710955e+09 | Z36: 4678853075 | AA36: 5086409190 | AB36: 5176534092 | AC36: 6266921548 | AD36: 6076230849 | AE36: 6086560150 | AF36: 5897143429 | AG36: 5761100199 | AH36: 5841880970 | AI36: 5659488576 | AJ36: 5466411547 | AK36: 5313699643 | AL36: 5401395448 | AM36: 5270307875 | AN36: 5404864897 | AO36: 5282551212 | AP36: 5160237527 | AQ36: 5331923842 | AR36: 5012929409 | AS36: 5784407447 | AT36: 5643479688 | AU36: 5419127516 | AV36: 5196017498 | AW36: 6384979984 | AX36: 7107420521 | AY36: 6850924337 | AZ36: 7267465926 | BA36: 7105911843 | BB36: 6944357760 | BC36: 7528970344 | BD36: 7284093676 | BE36: 7622529710 | BF36: 7598139347 | BG36: 7788793798 | BH36: =+BH37+BH44+BH63+BH69+BH76+BH66 -> 7672122570 | BI36: 7475390719 | BJ36: =+BJ37+BJ44+BJ63+BJ69+BJ76+BJ66+BJ54 -> 7334159795 | BK36: 6214386333 | BL36: 6404349557 | BM36: 6736765669 | BN36: 6487036178 | BO36: 7031152751 | BP36: 6901738911 | BQ36: 6680705635
A37: 34 | B37: I.Các khoản phải thu dài hạn | C37: 7 | D37: 0 | E37: 0 | F37: 0 | G37: 0 | H37: 0 | I37: 0 | J37: 0 | K37: 0 | L37: 0 | M37: 0 | N37: 0 | O37: 0 | P37: 0 | Q37: 0 | R37: 0 | S37: 0 | T37: 0 | U37: 0 | V37: 0 | W37: 0 | X37: 0 | Y37: 0 | Z37: 240000000 | AA37: 240000000 | AB37: 240000000 | AC37: 240000000 | AD37: 240000000 | AE37: 240000000 | AF37: 240000000 | AG37: 240000000 | AH37: 240000000 | AI37: 240000000 | AJ37: 240000000 | AK37: 240000000 | AL37: 240000000 | AM37: 240000000 | AN37: 240000000 | AO37: 240000000 | AP37: 240000000 | AQ37: 240000000 | AR37: 240000000 | AS37: 1140000000 | AT37: 930823092 | AU37: 930823092 | AV37: 930823092 | AW37: 930823092 | AX37: 930823092 | AY37: 930823092 | AZ37: 930823092 | BA37: 930823092 | BB37: 930823092 | BC37: 930823092 | BD37: 930823092 | BE37: 930823092 | BF37: 930823092 | BG37: 930823092 | BH37: 930823092 | BI37: 930823092 | BJ37: 930823092 | BL37: 0 | BM37: 0 | BN37: 0 | BO37: 0 | BP37: 0 | BQ37: 0
A38: 35 | B38: 1.Phải thu dài hạn của khách hàng | C38: 7 | D38: 0 | E38: 0 | F38: 0 | G38: 0 | H38: 0 | I38: 0 | J38: 0 | K38: 0 | L38: 0 | M38: 0 | N38: 0 | O38: 0 | P38: 0 | Q38: 0 | R38: 0 | S38: 0 | T38: 0 | U38: 0 | V38: 0 | W38: 0 | X38: 0 | Z38: 0 | AA38: 0 | AB38: 0 | AC38: 0 | AD38: 0 | AE38: 0 | AF38: 0 | AG38: 0 | AH38: 0 | AI38: 0 | AJ38: 0 | AK38: 0 | AL38: 0 | AM38: 0 | AN38: 0 | AO38: 0 | AP38: 0 | AQ38: 0 | AR38: 0 | AS38: 0 | AT38: 0 | AU38: 0 | AV38: 0 | AW38: 0 | AX38: 0 | AY38: 0 | AZ38: 0 | BA38: 0 | BB38: 0 | BC38: 0 | BD38: 0 | BE38: 0 | BF38: 0 | BG38: 0 | BI38: 0 | BL38: 0 | BM38: 0 | BN38: 0 | BO38: 0 | BP38: 0 | BQ38: 0
A39: 36 | B39: 2.Trả trước cho người bán dài hạn | C39: 7 | D39: 0 | E39: 0 | F39: 0 | G39: 0 | H39: 0 | I39: 0 | J39: 0 | K39: 0 | L39: 0 | M39: 0 | N39: 0 | O39: 0 | P39: 0 | Q39: 0 | R39: 0 | S39: 0 | T39: 0 | U39: 0 | V39: 0 | W39: 0 | X39: 0 | Z39: 0 | AA39: 0 | AB39: 0 | AC39: 0 | AD39: 0 | AE39: 0 | AF39: 0 | AG39: 0 | AH39: 0 | AI39: 0 | AJ39: 0 | AK39: 0 | AL39: 0 | AM39: 0 | AN39: 0 | AO39: 0 | AP39: 0 | AQ39: 0 | AR39: 0 | AS39: 0 | AT39: 0 | AU39: 0 | AV39: 0 | AW39: 0 | AX39: 0 | AY39: 0 | AZ39: 0 | BA39: 0 | BB39: 0 | BC39: 0 | BD39: 0 | BE39: 0 | BF39: 0 | BG39: 0 | BI39: 0 | BL39: 0 | BM39: 0 | BN39: 0 | BO39: 0 | BP39: 0 | BQ39: 0
A40: 37 | B40: 3.Vốn kinh doanh ở đơn vị trực thuộc | C40: 7 | D40: 0 | E40: 0 | F40: 0 | G40: 0 | H40: 0 | I40: 0 | J40: 0 | K40: 0 | L40: 0 | M40: 0 | N40: 0 | O40: 0 | P40: 0 | Q40: 0 | R40: 0 | S40: 0 | T40: 0 | U40: 0 | V40: 0 | W40: 0 | X40: 0 | Z40: 0 | AA40: 0 | AB40: 0 | AC40: 0 | AD40: 0 | AE40: 0 | AF40: 0 | AG40: 0 | AH40: 0 | AI40: 0 | AJ40: 0 | AK40: 0 | AL40: 0 | AM40: 0 | AN40: 0 | AO40: 0 | AP40: 0 | AQ40: 0 | AR40: 0 | AS40: 0 | AT40: 0 | AU40: 0 | AV40: 0 | AW40: 0 | AX40: 0 | AY40: 0 | AZ40: 0 | BA40: 0 | BB40: 0 | BC40: 0 | BD40: 0 | BE40: 0 | BF40: 0 | BG40: 0 | BI40: 0 | BL40: 0 | BM40: 0 | BN40: 0 | BO40: 0 | BP40: 0 | BQ40: 0
A41: 38 | B41: 4.Phải thu nội bộ dài hạn | C41: 7 | D41: 0 | E41: 0 | F41: 0 | G41: 0 | H41: 0 | I41: 0 | J41: 0 | K41: 0 | L41: 0 | M41: 0 | N41: 0 | O41: 0 | P41: 0 | Q41: 0 | R41: 0 | S41: 0 | T41: 0 | U41: 0 | V41: 0 | W41: 0 | X41: 0 | Z41: 0 | AA41: 0 | AB41: 0 | AC41: 0 | AD41: 0 | AE41: 0 | AF41: 0 | AG41: 0 | AH41: 0 | AI41: 0 | AJ41: 0 | AK41: 0 | AL41: 0 | AM41: 0 | AN41: 0 | AO41: 0 | AP41: 0 | AQ41: 0 | AR41: 0 | AS41: 0 | AT41: 0 | AU41: 0 | AV41: 0 | AW41: 0 | AX41: 0 | AY41: 0 | AZ41: 0 | BA41: 0 | BB41: 0 | BC41: 0 | BD41: 0 | BE41: 0 | BF41: 0 | BG41: 0 | BI41: 0 | BL41: 0 | BM41: 0 | BN41: 0 | BO41: 0 | BP41: 0 | BQ41: 0
A42: 39 | B42: 5.Phải thu dài hạn khác | C42: 7 | D42: 0 | E42: 0 | F42: 0 | G42: 0 | H42: 0 | I42: 0 | J42: 0 | K42: 0 | L42: 0 | M42: 0 | N42: 0 | O42: 0 | P42: 0 | Q42: 0 | R42: 0 | S42: 0 | T42: 0 | U42: 0 | V42: 0 | W42: 0 | X42: 0 | Z42: 240000000 | AA42: 240000000 | AB42: 240000000 | AC42: 240000000 | AD42: 240000000 | AE42: 240000000 | AF42: 240000000 | AG42: 240000000 | AH42: 240000000 | AI42: 240000000 | AJ42: 240000000 | AK42: 240000000 | AL42: 240000000 | AM42: 240000000 | AN42: 240000000 | AO42: 240000000 | AP42: 240000000 | AQ42: 240000000 | AR42: 240000000 | AS42: 1140000000 | AT42: 930823092 | AU42: 930823092 | AV42: 930823092 | AW42: 930823092 | AX42: 930823092 | AY42: 930823092 | AZ42: 930823092 | BA42: 930823092 | BB42: 930823092 | BC42: 930823092 | BD42: 930823092 | BE42: 930823092 | BF42: 930823092 | BG42: 930823092 | BH42: 930823092 | BI42: 930823092 | BJ42: 930823092 | BL42: 0 | BM42: 0 | BN42: 0 | BO42: 0 | BP42: 0 | BQ42: 0
A43: 40 | B43: 6.Dự phòng phải thu dài hạn khó đòi (*) | C43: 7 | D43: 0 | E43: 0 | F43: 0 | G43: 0 | H43: 0 | I43: 0 | J43: 0 | K43: 0 | L43: 0 | M43: 0 | N43: 0 | O43: 0 | P43: 0 | Q43: 0 | R43: 0 | S43: 0 | T43: 0 | U43: 0 | V43: 0 | W43: 0 | X43: 0 | Z43: 0 | AA43: 0 | AB43: 0 | AC43: 0 | AD43: 0 | AE43: 0 | AF43: 0 | AG43: 0 | AH43: 0 | AI43: 0 | AJ43: 0 | AK43: 0 | AL43: 0 | AM43: 0 | AN43: 0 | AO43: 0 | AP43: 0 | AQ43: 0 | AR43: 0 | AS43: 0 | AT43: 0 | AU43: 0 | AV43: 0 | AW43: 0 | AX43: 0 | AY43: 0 | AZ43: 0 | BA43: 0 | BB43: 0 | BC43: 0 | BD43: 0 | BE43: 0 | BF43: 0 | BG43: 0 | BI43: 0 | BL43: 0 | BM43: 0 | BN43: 0 | BO43: 0 | BP43: 0 | BQ43: 0
A44: 41 | B44: II.Tài sản cố định | C44: 7 | D44: 0 | E44: 0 | F44: 265000000 | G44: 265000000 | H44: 265000000 | I44: 265000000 | J44: 265000000 | K44: 265000000 | L44: 265000000 | M44: 659237900 | N44: 719387901 | O44: 1717562001 | P44: 1452562001 | Q44: 1687751807 | R44: 2011777502 | S44: 1985803196 | T44: 1959828891 | U44: 3129285827 | V44: 3137466508 | W44: 4176912837 | X44: 4021529164 | Y44: 3.9710955e+09 | Z44: 4109899318 | AA44: 4729330416 | AB44: 4657670605 | AC44: 5847499794 | AD44: 5756250828 | AE44: 5591251862 | AF44: 5501252896 | AG44: 5411253930 | AH44: 5321254964 | AI44: 5231255998 | AJ44: 5141257032 | AK44: 5051258066 | AL44: 4961259100 | AM44: 4871260134 | AN44: 5024373398 | AO44: 4918203199 | AP44: 4812033000 | AQ44: 4705862801 | AR44: 4676181850 | AS44: 4563178318 | AT44: 4450174786 | AU44: 4337171254 | AV44: 4224167722 | AW44: 5409491509 | AX44: 6103258009 | AY44: 5789559137 | AZ44: 6214483511 | BA44: 6061312213 | BB44: 5908140915 | BC44: 6501136284 | BD44: 6264642401 | BE44: 6611423434 | BF44: 6433204467 | BG44: 6523318834 | BH44: =+BH45+BH51+BH48 -> 6346099867 | BI44: 6168880900 | BJ44: 5993504522 | BK44: 5818128147 | BL44: 5733223097 | BM44: 5549755860 | BN44: 5717544601 | BO44: 6235585716 | BP44: 6162816416 | BQ44: 6150391526
A45: 42 | B45: 1.Tài sản cố định hữu hình | C45: 7 | D45: 0 | E45: 0 | F45: 265000000 | G45: 265000000 | H45: 265000000 | I45: 265000000 | J45: 265000000 | K45: 265000000 | L45: 265000000 | M45: 659237900 | N45: 719387901 | O45: 1717562001 | P45: 1452562001 | Q45: 1687751807 | R45: 2011777502 | S45: 1985803196 | T45: 1959828891 | U45: 2929285827 | V45: 2891132508 | W45: 3956912837 | X45: 4021529164 | Y45: 3.9710955e+09 | Z45: 4427649992 | AA45: 5111020912 | AB45: 5103300923 | AC45: 6357069934 | AD45: 6349349945 | AE45: 6266629956 | AF45: 6258909967 | AG45: 6251189978 | AH45: 6243469989 | AI45: 6235750000 | AJ45: 6228030011 | AK45: 5432948562 | AL45: 5342949596 | AM45: 4871260134 | AN45: 5024373398 | AO45: 4918203199 | AP45: 4812033000 | AQ45: 4705862801 | AR45: 4676181850 | AS45: 4563178318 | AT45: 4450174786 | AU45: 4337171254 | AV45: 4224167722 | AW45: 5409491509 | AX45: 6103258009 | AY45: 5789559137 | AZ45: 6214483511 | BA45: 6061312213 | BB45: 5908140915 | BC45: 6501136284 | BD45: 6264642401 | BE45: 6611423434 | BF45: 6433204467 | BG45: 6523318834 | BH45: =+SUM(BH46:BH47) -> 6346099867 | BI45: 6168880900 | BJ45: 5993504522 | BK45: 5818128147 | BL45: 5733223097 | BM45: 5549755860 | BN45: 5463221684 | BO45: 5983939883 | BP45: 5913847666 | BQ45: 5904099859
A46: 43 | B46: Nguyên giá TSCĐ HH | C46: 7 | D46: 0 | E46: 0 | F46: 265000000 | G46: 265000000 | H46: 265000000 | I46: 265000000 | J46: 265000000 | K46: 265000000 | L46: 265000000 | M46: 659237900 | N46: 719387901 | O46: 1717562001 | P46: 1452562001 | Q46: 1708865001 | R46: 2058865001 | S46: 2058865001 | T46: 2058865001 | U46: 3054296242 | V46: 3054296242 | W46: 4170510242 | X46: 4287510241 | Y46: 4.2875102e+09 | Z46: 4484160241 | AA46: 5150251150 | AB46: 5150251150 | AC46: 6411740150 | AD46: 6411740150 | AE46: 6336740150 | AF46: 6336740150 | AG46: 6336740150 | AH46: 6336740150 | AI46: 6336740150 | AJ46: 6336740150 | AK46: 6336740150 | AL46: 6336740150 | AM46: 6336740150 | AN46: 6596023613 | AO46: 6596023613 | AP46: 6596023613 | AQ46: 6596023613 | AR46: 6678023613 | AS46: 6678023613 | AT46: 6678023613 | AU46: 6678023613 | AV46: 6678023613 | AW46: 7991779896 | AX46: 8833316586 | AY46: 8663154084 | AZ46: 9241249756 | BA46: 9241249756 | BB46: 9241249756 | BC46: 10014249756 | BD46: 9936749756 | BE46: 10446249756 | BF46: 10446249756 | BG46: 10690249756 | BH46: 10690249756 | BI46: 10690249756 | BJ46: 10690249756 | BK46: 10690249756 | BL46: 10787997381 | BM46: 10787997381 | BN46: 10885745006 | BO46: 11590745006 | BP46: 11646875346 | BQ46: 11834875346
A47: 44 | B47: Giá trị hao mòn luỹ kế TSCĐ HH(*) | C47: 7 | D47: 0 | E47: 0 | F47: 0 | G47: 0 | H47: 0 | I47: 0 | J47: 0 | K47: 0 | L47: 0 | M47: 0 | N47: 0 | O47: 0 | P47: 0 | Q47: -21113194 | R47: -47087499 | S47: -73061805 | T47: -99036110 | U47: -125010415 | V47: -163163734 | W47: -213597405 | X47: -265981077 | Y47: -3.1641475e+08 | Z47: -56510249 | AA47: -39230238 | AB47: -46950227 | AC47: -54670216 | AD47: -62390205 | AE47: -70110194 | AF47: -77830183 | AG47: -85550172 | AH47: -93270161 | AI47: -100990150 | AJ47: -108710139 | AK47: -903791588 | AL47: -993790554 | AM47: -1465480016 | AN47: -1571650215 | AO47: -1677820414 | AP47: -1783990613 | AQ47: -1890160812 | AR47: -2001841763 | AS47: -2114845295 | AT47: -2227848827 | AU47: -2340852359 | AV47: -2453855891 | AW47: -2582288387 | AX47: -2730058577 | AY47: -2873594947 | AZ47: -3026766245 | BA47: -3179937543 | BB47: -3333108841 | BC47: -3513113472 | BD47: -3672107355 | BE47: -3834826322 | BF47: -4013045289 | BG47: -4166930922 | BH47: -4344149889 | BI47: -4521368856 | BJ47: -4696745234 | BK47: -4872121609 | BL47: -5054774284 | BM47: -5238241521 | BN47: -5422523322 | BO47: -5606805123 | BP47: -5733027680 | BQ47: -5930775487
A48: 45 | B48: 2. Tài sản cố định thuê tài chính | C48: 7 | D48: 0 | E48: 0 | F48: 0 | G48: 0 | H48: 0 | I48: 0 | J48: 0 | K48: 0 | L48: 0 | M48: 0 | N48: 0 | O48: 0 | P48: 0 | Q48: 0 | R48: 0 | S48: 0 | T48: 0 | U48: 0 | V48: 0 | W48: 0 | X48: 0 | Z48: 0 | AA48: 0 | AB48: 0 | AC48: 0 | AD48: 0 | AE48: 0 | AF48: 0 | AG48: 0 | AH48: 0 | AI48: 0 | AJ48: 0 | AK48: 0 | AL48: 0 | AM48: 0 | AN48: 0 | AO48: 0 | AP48: 0 | AQ48: 0 | AR48: 0 | AS48: 0 | AT48: 0 | AU48: 0 | AV48: 0 | AW48: 0 | AX48: 0 | AZ48: 0 | BA48: 0 | BB48: 0 | BC48: 0 | BD48: 0 | BE48: 0 | BF48: 0 | BG48: 0 | BI48: 0 | BL48: 0 | BM48: 0 | BN48: 0 | BO48: 0 | BP48: 0 | BQ48: 0
A49: 46 | B49: Nguyên giá TSCĐ thuê tài chính | C49: 7 | D49: 0 | E49: 0 | F49: 0 | G49: 0 | H49: 0 | I49: 0 | J49: 0 | K49: 0 | L49: 0 | M49: 0 | N49: 0 | O49: 0 | P49: 0 | Q49: 0 | R49: 0 | S49: 0 | T49: 0 | U49: 0 | V49: 0 | W49: 0 | X49: 0 | Z49: 0 | AA49: 0 | AB49: 0 | AC49: 0 | AD49: 0 | AE49: 0 | AF49: 0 | AG49: 0 | AH49: 0 | AI49: 0 | AJ49: 0 | AK49: 0 | AL49: 0 | AM49: 0 | AN49: 0 | AO49: 0 | AP49: 0 | AQ49: 0 | AR49: 0 | AS49: 0 | AT49: 0 | AU49: 0 | AV49: 0 | AW49: 0 | AX49: 0 | AZ49: 0 | BA49: 0 | BB49: 0 | BC49: 0 | BD49: 0 | BE49: 0 | BG49: 0 | BI49: 0 | BL49: 0 | BM49: 0 | BN49: 0 | BO49: 0 | BP49: 0 | BQ49: 0
A50: 47 | B50: Giá trị hao mòn luỹ kế TSCĐ thuê tài chính | C50: 7 | D50: 0 | E50: 0 | F50: 0 | G50: 0 | H50: 0 | I50: 0 | J50: 0 | K50: 0 | L50: 0 | M50: 0 | N50: 0 | O50: 0 | P50: 0 | Q50: 0 | R50: 0 | S50: 0 | T50: 0 | U50: 0 | V50: 0 | W50: 0 | X50: 0 | Z50: 0 | AA50: 0 | AB50: 0 | AC50: 0 | AD50: 0 | AE50: 0 | AF50: 0 | AG50: 0 | AH50: 0 | AI50: 0 | AJ50: 0 | AK50: 0 | AL50: 0 | AM50: 0 | AN50: 0 | AO50: 0 | AP50: 0 | AQ50: 0 | AR50: 0 | AS50: 0 | AT50: 0 | AU50: 0 | AV50: 0 | AW50: 0 | AX50: 0 | AZ50: 0 | BA50: 0 | BB50: 0 | BC50: 0 | BD50: 0 | BE50: 0 | BF50: 0 | BG50: 0 | BI50: 0 | BL50: 0 | BM50: 0 | BN50: 0 | BO50: 0 | BP50: 0 | BQ50: 0
A51: 48 | B51: 3. Tài sản cố định vô hình | C51: 7 | D51: 0 | E51: 0 | F51: 0 | G51: 0 | H51: 0 | I51: 0 | J51: 0 | K51: 0 | L51: 0 | M51: 0 | N51: 0 | O51: 0 | P51: 0 | Q51: 0 | R51: 0 | S51: 0 | T51: 0 | U51: 0 | V51: 0 | W51: 0 | X51: 0 | Z51: -317750674 | AA51: -381690496 | AB51: -445630318 | AC51: -509570140 | AD51: -593099117 | AE51: -675378094 | AF51: -757657071 | AG51: -839936048 | AH51: -922215025 | AI51: -1004494002 | AJ51: -1086772979 | AK51: -381690496 | AL51: -381690496 | AM51: 0 | AN51: 0 | AO51: 0 | AP51: 0 | AQ51: 0 | AR51: 0 | AS51: 0 | AT51: 0 | AU51: 0 | AV51: 0 | AW51: 0 | AX51: 0 | AZ51: 0 | BA51: 0 | BB51: 0 | BC51: 0 | BD51: 0 | BE51: 0 | BF51: 0 | BG51: 0 | BH51: =+SUM(BH52:BH53) -> 0 | BI51: 0 | BJ51: 0 | BK51: 0 | BL51: 0 | BM51: 0 | BN51: 254322917 | BO51: 251645833 | BP51: 248968750 | BQ51: 246291667
A52: 49 | B52: Nguyên giá TSCĐ vô hình | C52: 7 | D52: 0 | E52: 0 | F52: 0 | G52: 0 | H52: 0 | I52: 0 | J52: 0 | K52: 0 | L52: 0 | M52: 0 | N52: 0 | O52: 0 | P52: 0 | Q52: 0 | R52: 0 | S52: 0 | T52: 0 | U52: 0 | V52: 0 | W52: 0 | X52: 0 | Z52: 0 | AA52: 0 | AB52: 0 | AC52: 0 | AD52: 0 | AE52: 0 | AF52: 0 | AG52: 0 | AH52: 0 | AI52: 0 | AJ52: 0 | AK52: 0 | AL52: 0 | AM52: 0 | AN52: 0 | AO52: 0 | AP52: 0 | AQ52: 0 | AR52: 0 | AS52: 0 | AT52: 0 | AU52: 0 | AV52: 0 | AW52: 0 | AX52: 0 | AZ52: 0 | BA52: 0 | BB52: 0 | BC52: 0 | BD52: 0 | BE52: 0 | BF52: 0 | BG52: 0 | BI52: 0 | BL52: 0 | BM52: 0 | BN52: 257000000 | BO52: 257000000 | BP52: 257000000 | BQ52: 257000000
A53: 50 | B53: Giá trị hao mòn luỹ kế TSCĐ vô hình(*) | C53: 7 | D53: 0 | E53: 0 | F53: 0 | G53: 0 | H53: 0 | I53: 0 | J53: 0 | K53: 0 | L53: 0 | M53: 0 | N53: 0 | O53: 0 | P53: 0 | Q53: 0 | R53: 0 | S53: 0 | T53: 0 | U53: 0 | V53: 0 | W53: 0 | X53: 0 | Z53: -317750674 | AA53: -381690496 | AB53: -445630318 | AC53: -509570140 | AD53: -593099117 | AE53: -675378094 | AF53: -757657071 | AG53: -839936048 | AH53: -922215025 | AI53: -1004494002 | AJ53: -1086772979 | AK53: -381690496 | AL53: -381690496 | AM53: 0 | AN53: 0 | AO53: 0 | AP53: 0 | AQ53: 0 | AR53: 0 | AS53: 0 | AT53: 0 | AU53: 0 | AV53: 0 | AW53: 0 | AX53: 0 | AZ53: 0 | BA53: 0 | BB53: 0 | BC53: 0 | BD53: 0 | BE53: 0 | BF53: 0 | BG53: 0 | BI53: 0 | BL53: 0 | BM53: 0 | BN53: -2677083 | BO53: -5354167 | BP53: -8031250 | BQ53: -10708333
A54: 51 | B54: III.Tài sản sinh học dài hạn | C54: 7 | BL54: 0 | BM54: 0 | BN54: 0 | BO54: 0 | BP54: 0 | BQ54: 0
A55: 52 | B55: 1.Súc vật nuôi cho sản phẩm định kỳ | C55: 7 | BL55: 0 | BM55: 0 | BN55: 0 | BO55: 0 | BP55: 0 | BQ55: 0
A56: 53 | B56: a)Súc vật nuôi cho sản phẩm định kỳ chưa đến giai đoạn trưởng thành | C56: 7 | BL56: 0 | BM56: 0 | BN56: 0 | BO56: 0 | BP56: 0 | BQ56: 0
A57: 54 | B57: b)Súc vật nuôi cho sản phẩm định kỳ đến giai đoạn trưởng thành | C57: 7 | BL57: 0 | BM57: 0 | BN57: 0 | BO57: 0 | BP57: 0 | BQ57: 0
A58: 55 | B58: Nguyên giá | C58: 7 | BL58: 0 | BM58: 0 | BN58: 0 | BO58: 0 | BP58: 0 | BQ58: 0
A59: 56 | B59: Giá trị khấu hao lũy kế (*) | C59: 7 | BL59: 0 | BM59: 0 | BN59: 0 | BO59: 0 | BP59: 0 | BQ59: 0
A60: 57 | B60: 2.Súc vật nuôi lấy sản phẩm một lần dài hạn | C60: 7 | BL60: 0 | BM60: 0 | BN60: 0 | BO60: 0 | BP60: 0 | BQ60: 0
A61: 58 | B61: 3.Cây trồng theo mùa vụ hoặc lấy sản phẩm một lần dài hạn | C61: 7 | BL61: 0 | BM61: 0 | BN61: 0 | BO61: 0 | BP61: 0 | BQ61: 0
A62: 59 | B62: 4.Dự phòng tổn thất tài sản sinh học dài hạn | C62: 7 | BL62: 0 | BM62: 0 | BN62: 0 | BO62: 0 | BP62: 0 | BQ62: 0
A63: 60 | B63: IV. Bất động sản đầu tư | C63: 7 | D63: 0 | E63: 0 | F63: 0 | G63: 0 | H63: 0 | I63: 0 | J63: 0 | K63: 0 | L63: 0 | M63: 0 | N63: 0 | O63: 0 | P63: 0 | Q63: 0 | R63: 0 | S63: 0 | T63: 0 | U63: 0 | V63: 0 | W63: 0 | X63: 0 | Z63: 0 | AA63: 0 | AB63: 0 | AC63: 0 | AD63: 0 | AE63: 0 | AF63: 0 | AG63: 0 | AH63: 0 | AI63: 0 | AJ63: 0 | AK63: 0 | AL63: 0 | AM63: 0 | AN63: 0 | AO63: 0 | AP63: 0 | AQ63: 0 | AR63: 0 | AS63: 0 | AT63: 0 | AU63: 0 | AV63: 0 | AW63: 0 | AX63: 0 | AZ63: 0 | BA63: 0 | BB63: 0 | BC63: 0 | BD63: 0 | BE63: 0 | BF63: 0 | BG63: 0 | BI63: 0 | BL63: 0 | BM63: 0 | BN63: 0 | BO63: 0 | BP63: 0 | BQ63: 0
A64: 61 | B64: Nguyên giá bất động sản đầu tư | C64: 7 | D64: 0 | E64: 0 | F64: 0 | G64: 0 | H64: 0 | I64: 0 | J64: 0 | K64: 0 | L64: 0 | M64: 0 | N64: 0 | O64: 0 | P64: 0 | Q64: 0 | R64: 0 | S64: 0 | T64: 0 | U64: 0 | V64: 0 | W64: 0 | X64: 0 | Z64: 0 | AA64: 0 | AB64: 0 | AC64: 0 | AD64: 0 | AE64: 0 | AF64: 0 | AG64: 0 | AH64: 0 | AI64: 0 | AJ64: 0 | AK64: 0 | AL64: 0 | AM64: 0 | AN64: 0 | AO64: 0 | AP64: 0 | AQ64: 0 | AR64: 0 | AS64: 0 | AT64: 0 | AU64: 0 | AV64: 0 | AW64: 0 | AX64: 0 | AZ64: 0 | BA64: 0 | BB64: 0 | BC64: 0 | BD64: 0 | BE64: 0 | BF64: 0 | BG64: 0 | BI64: 0 | BL64: 0 | BM64: 0 | BN64: 0 | BO64: 0 | BP64: 0 | BQ64: 0
A65: 62 | B65: Giá trị hao mòn luỹ kế BĐSĐT(*) | C65: 7 | D65: 0 | E65: 0 | F65: 0 | G65: 0 | H65: 0 | I65: 0 | J65: 0 | K65: 0 | L65: 0 | M65: 0 | N65: 0 | O65: 0 | P65: 0 | Q65: 0 | R65: 0 | S65: 0 | T65: 0 | U65: 0 | V65: 0 | W65: 0 | X65: 0 | Z65: 0 | AA65: 0 | AB65: 0 | AC65: 0 | AD65: 0 | AE65: 0 | AF65: 0 | AG65: 0 | AH65: 0 | AI65: 0 | AJ65: 0 | AK65: 0 | AL65: 0 | AM65: 0 | AN65: 0 | AO65: 0 | AP65: 0 | AQ65: 0 | AR65: 0 | AS65: 0 | AT65: 0 | AU65: 0 | AV65: 0 | AW65: 0 | AX65: 0 | AZ65: 0 | BA65: 0 | BB65: 0 | BC65: 0 | BD65: 0 | BE65: 0 | BF65: 0 | BG65: 0 | BI65: 0 | BL65: 0 | BM65: 0 | BN65: 0 | BO65: 0 | BP65: 0 | BQ65: 0
A66: 63 | B66: V.Tài sản dở dang dài hạn | C66: 7 | D66: 0 | E66: 0 | F66: 0 | G66: 0 | H66: 0 | I66: 0 | J66: 0 | K66: 0 | L66: 0 | M66: 0 | N66: 0 | O66: 0 | P66: 0 | Q66: 0 | R66: 0 | S66: 0 | T66: 0 | U66: 200000000 | V66: 246334000 | W66: 220000000 | X66: 0 | Z66: 0 | AA66: 0 | AB66: 0 | AC66: 0 | AD66: 0 | AE66: 0 | AF66: 0 | AG66: 0 | AH66: 0 | AI66: 0 | AJ66: 0 | AK66: 0 | AL66: 0 | AM66: 0 | AN66: 0 | AO66: 0 | AP66: 0 | AQ66: 0 | AR66: 0 | AS66: 0 | AT66: 0 | AU66: 0 | AV66: 0 | AW66: 0 | AX66: 30781194 | AZ66: 0 | BA66: 0 | BB66: 0 | BC66: 0 | BD66: 0 | BE66: 0 | BF66: 0 | BG66: 0 | BI66: 0 | BL66: 310000000 | BM66: 455987297 | BN66: 101239672 | BO66: 119000000 | BP66: 148000000 | BQ66: 0
A67: 64 | B67: 1.Chi phí sản xuất, kinh doanh dở dang dài hạn | C67: 7 | D67: 0 | E67: 0 | F67: 0 | G67: 0 | H67: 0 | I67: 0 | J67: 0 | K67: 0 | L67: 0 | M67: 0 | N67: 0 | O67: 0 | P67: 0 | Q67: 0 | R67: 0 | S67: 0 | T67: 0 | U67: 0 | V67: 0 | W67: 0 | X67: 0 | Z67: 0 | AA67: 0 | AB67: 0 | AC67: 0 | AD67: 0 | AE67: 0 | AF67: 0 | AG67: 0 | AH67: 0 | AI67: 0 | AJ67: 0 | AK67: 0 | AL67: 0 | AM67: 0 | AN67: 0 | AO67: 0 | AP67: 0 | AQ67: 0 | AR67: 0 | AS67: 0 | AT67: 0 | AU67: 0 | AV67: 0 | AW67: 0 | AX67: 0 | AZ67: 0 | BA67: 0 | BB67: 0 | BC67: 0 | BD67: 0 | BE67: 0 | BF67: 0 | BG67: 0 | BI67: 0 | BL67: 0 | BM67: 0 | BN67: 0 | BO67: 0 | BP67: 0 | BQ67: 0
A68: 65 | B68: 2.Chi phí xây dựng cơ bản dở dang | C68: 7 | D68: 0 | E68: 0 | F68: 0 | G68: 0 | H68: 0 | I68: 0 | J68: 0 | K68: 0 | L68: 0 | M68: 0 | N68: 0 | O68: 0 | P68: 0 | Q68: 0 | R68: 0 | S68: 0 | T68: 0 | U68: 200000000 | V68: 246334000 | W68: 220000000 | X68: 0 | Z68: 0 | AA68: 0 | AB68: 0 | AC68: 0 | AD68: 0 | AE68: 0 | AF68: 0 | AG68: 0 | AH68: 0 | AI68: 0 | AJ68: 0 | AK68: 0 | AL68: 0 | AM68: 0 | AN68: 0 | AO68: 0 | AP68: 0 | AQ68: 0 | AR68: 0 | AS68: 0 | AT68: 0 | AU68: 0 | AV68: 0 | AW68: 0 | AX68: 30781194 | AZ68: 0 | BA68: 0 | BB68: 0 | BC68: 0 | BD68: 0 | BE68: 0 | BF68: 0 | BG68: 0 | BI68: 0 | BL68: 310000000 | BM68: 455987297 | BN68: 101239672 | BO68: 119000000 | BP68: 148000000 | BQ68: 0
A69: 66 | B69: VI.Đầu tư tài chính dài hạn | C69: 7 | D69: 0 | E69: 0 | F69: 0 | G69: 0 | H69: 0 | I69: 0 | J69: 0 | K69: 0 | L69: 0 | M69: 0 | N69: 0 | O69: 0 | P69: 0 | Q69: 0 | R69: 0 | S69: 0 | T69: 0 | U69: 0 | V69: 0 | W69: 0 | X69: 0 | Z69: 0 | AA69: 0 | AB69: 0 | AC69: 0 | AD69: 0 | AE69: 0 | AF69: 0 | AG69: 0 | AH69: 0 | AI69: 0 | AJ69: 0 | AK69: 0 | AL69: 0 | AM69: 0 | AN69: 0 | AO69: 0 | AP69: 0 | AQ69: 0 | AR69: 0 | AS69: 0 | AT69: 0 | AU69: 0 | AV69: 0 | AW69: 0 | AX69: 0 | AZ69: 0 | BA69: 0 | BB69: 0 | BC69: 0 | BD69: 0 | BE69: 0 | BF69: 0 | BG69: 0 | BI69: 0 | BL69: 0 | BM69: 0 | BN69: 0 | BO69: 0 | BP69: 0 | BQ69: 0
A70: 67 | B70: 1.Đầu tư vào công ty con | C70: 7 | D70: 0 | E70: 0 | F70: 0 | G70: 0 | H70: 0 | I70: 0 | J70: 0 | K70: 0 | L70: 0 | M70: 0 | N70: 0 | O70: 0 | P70: 0 | Q70: 0 | R70: 0 | S70: 0 | T70: 0 | U70: 0 | V70: 0 | W70: 0 | X70: 0 | Z70: 0 | AA70: 0 | AB70: 0 | AC70: 0 | AD70: 0 | AE70: 0 | AF70: 0 | AG70: 0 | AH70: 0 | AI70: 0 | AJ70: 0 | AK70: 0 | AL70: 0 | AM70: 0 | AN70: 0 | AO70: 0 | AP70: 0 | AQ70: 0 | AR70: 0 | AS70: 0 | AT70: 0 | AU70: 0 | AV70: 0 | AW70: 0 | AX70: 0 | AZ70: 0 | BA70: 0 | BB70: 0 | BC70: 0 | BD70: 0 | BE70: 0 | BF70: 0 | BG70: 0 | BI70: 0 | BL70: 0 | BM70: 0 | BN70: 0 | BO70: 0 | BP70: 0 | BQ70: 0
A71: 68 | B71: 2.Đầu tư vào công ty liên doanh, liên kết | C71: 7 | D71: 0 | E71: 0 | F71: 0 | G71: 0 | H71: 0 | I71: 0 | J71: 0 | K71: 0 | L71: 0 | M71: 0 | N71: 0 | O71: 0 | P71: 0 | Q71: 0 | R71: 0 | S71: 0 | T71: 0 | U71: 0 | V71: 0 | W71: 0 | X71: 0 | Z71: 0 | AA71: 0 | AB71: 0 | AC71: 0 | AD71: 0 | AE71: 0 | AF71: 0 | AG71: 0 | AH71: 0 | AI71: 0 | AJ71: 0 | AK71: 0 | AL71: 0 | AM71: 0 | AN71: 0 | AO71: 0 | AP71: 0 | AQ71: 0 | AR71: 0 | AS71: 0 | AT71: 0 | AU71: 0 | AV71: 0 | AW71: 0 | AX71: 0 | AZ71: 0 | BA71: 0 | BB71: 0 | BC71: 0 | BD71: 0 | BE71: 0 | BF71: 0 | BG71: 0 | BI71: 0 | BL71: 0 | BM71: 0 | BN71: 0 | BO71: 0 | BP71: 0 | BQ71: 0
A72: 69 | B72: 3.Đầu tư góp vốn vào đơn vị khác | C72: 7 | D72: 0 | E72: 0 | F72: 0 | G72: 0 | H72: 0 | I72: 0 | J72: 0 | K72: 0 | L72: 0 | M72: 0 | N72: 0 | O72: 0 | P72: 0 | Q72: 0 | R72: 0 | S72: 0 | T72: 0 | U72: 0 | V72: 0 | W72: 0 | X72: 0 | Z72: 0 | AA72: 0 | AB72: 0 | AC72: 0 | AD72: 0 | AE72: 0 | AF72: 0 | AG72: 0 | AH72: 0 | AI72: 0 | AJ72: 0 | AK72: 0 | AL72: 0 | AM72: 0 | AN72: 0 | AO72: 0 | AP72: 0 | AQ72: 0 | AR72: 0 | AS72: 0 | AT72: 0 | AU72: 0 | AV72: 0 | AW72: 0 | AX72: 0 | AZ72: 0 | BA72: 0 | BB72: 0 | BC72: 0 | BD72: 0 | BE72: 0 | BF72: 0 | BG72: 0 | BI72: 0 | BL72: 0 | BM72: 0 | BN72: 0 | BO72: 0 | BP72: 0 | BQ72: 0
A73: 70 | B73: 4.Dự phòng tổn thất đầu tư vào đơn vị khác dài hạn(*) | C73: 7 | D73: 0 | E73: 0 | F73: 0 | G73: 0 | H73: 0 | I73: 0 | J73: 0 | K73: 0 | L73: 0 | M73: 0 | N73: 0 | O73: 0 | P73: 0 | Q73: 0 | R73: 0 | S73: 0 | T73: 0 | U73: 0 | V73: 0 | W73: 0 | X73: 0 | Z73: 0 | AA73: 0 | AB73: 0 | AC73: 0 | AD73: 0 | AE73: 0 | AF73: 0 | AG73: 0 | AH73: 0 | AI73: 0 | AJ73: 0 | AK73: 0 | AL73: 0 | AM73: 0 | AN73: 0 | AO73: 0 | AP73: 0 | AQ73: 0 | AR73: 0 | AS73: 0 | AT73: 0 | AU73: 0 | AV73: 0 | AW73: 0 | AX73: 0 | AZ73: 0 | BA73: 0 | BB73: 0 | BC73: 0 | BD73: 0 | BE73: 0 | BF73: 0 | BG73: 0 | BI73: 0 | BL73: 0 | BM73: 0 | BN73: 0 | BO73: 0 | BP73: 0 | BQ73: 0
A74: 71 | B74: 5.Đầu tư nắm giữ đến ngày đáo hạn dài hạn | C74: 7 | D74: 0 | E74: 0 | F74: 0 | G74: 0 | H74: 0 | I74: 0 | J74: 0 | K74: 0 | L74: 0 | M74: 0 | N74: 0 | O74: 0 | P74: 0 | Q74: 0 | R74: 0 | S74: 0 | T74: 0 | U74: 0 | V74: 0 | W74: 0 | X74: 0 | Z74: 0 | AA74: 0 | AB74: 0 | AC74: 0 | AD74: 0 | AE74: 0 | AF74: 0 | AG74: 0 | AH74: 0 | AI74: 0 | AJ74: 0 | AK74: 0 | AL74: 0 | AM74: 0 | AN74: 0 | AO74: 0 | AP74: 0 | AQ74: 0 | AR74: 0 | AS74: 0 | AT74: 0 | AU74: 0 | AV74: 0 | AW74: 0 | AX74: 0 | AZ74: 0 | BA74: 0 | BB74: 0 | BC74: 0 | BD74: 0 | BE74: 0 | BF74: 0 | BG74: 0 | BI74: 0 | BL74: 0 | BM74: 0 | BN74: 0 | BO74: 0 | BP74: 0 | BQ74: 0
A75: 72 | B75: 6.Dự phòng đầu tư nắm giữ đến ngày đáo hạn dài hạn (*) | C75: 7 | BL75: 0 | BM75: 0 | BN75: 0 | BO75: 0 | BP75: 0 | BQ75: 0
A76: 73 | B76: VII.Tài sản dài hạn khác | C76: 7 | D76: 0 | E76: 0 | F76: 0 | G76: 0 | H76: 0 | I76: 0 | J76: 0 | K76: 0 | L76: 0 | M76: 0 | N76: 0 | O76: 0 | P76: 0 | Q76: 0 | R76: 0 | S76: 0 | T76: 0 | U76: 0 | V76: 0 | W76: 0 | X76: 0 | Z76: 328953757 | AA76: 117078774 | AB76: 278863487 | AC76: 179421754 | AD76: 79980021 | AE76: 255308288 | AF76: 155890533 | AG76: 109846269 | AH76: 280626006 | AI76: 188232578 | AJ76: 85154515 | AK76: 22441577 | AL76: 200136348 | AM76: 159047741 | AN76: 140491499 | AO76: 124348013 | AP76: 108204527 | AQ76: 386061041 | AR76: 96747559 | AS76: 81229129 | AT76: 262481810 | AU76: 151133170 | AV76: 41026684 | AW76: 44665383 | AX76: 42558226 | AY76: 130542108 | AZ76: 122159323 | BA76: 113776538 | BB76: 105393753 | BC76: 97010968 | BD76: 88628183 | BE76: 80283184 | BF76: 234111788 | BG76: 334651872 | BH76: 395199611 | BI76: 375686727 | BJ76: 409832181 | BK76: 396258186 | BL76: 361126460 | BM76: 731022512 | BN76: 668251905 | BO76: 676567035 | BP76: 590922495 | BQ76: 530314109
A77: 74 | B77: 1.Chi phí chờ phân bổ dài hạn | C77: 7 | D77: 0 | E77: 0 | F77: 0 | G77: 0 | H77: 0 | I77: 0 | J77: 0 | K77: 0 | L77: 0 | M77: 0 | N77: 0 | O77: 0 | P77: 0 | Q77: 0 | R77: 0 | S77: 0 | T77: 0 | U77: 0 | V77: 0 | W77: 0 | X77: 0 | Z77: 328953757 | AA77: 117078774 | AB77: 278863487 | AC77: 179421754 | AD77: 79980021 | AE77: 255308288 | AF77: 155890533 | AG77: 109846269 | AH77: 280626006 | AI77: 188232578 | AJ77: 85154515 | AK77: 22441577 | AL77: 200136348 | AM77: 159047741 | AN77: 140491499 | AO77: 124348013 | AP77: 108204527 | AQ77: 386061041 | AR77: 96747559 | AS77: 81229129 | AT77: 262481810 | AU77: 151133170 | AV77: 41026684 | AW77: 44665383 | AX77: 42558226 | AY77: 130542108 | AZ77: 122159323 | BA77: 113776538 | BB77: 105393753 | BC77: 97010968 | BD77: 88628183 | BE77: 80283184 | BF77: 234111788 | BG77: 334651872 | BH77: 395199611 | BI77: 375686727 | BJ77: 409832181 | BK77: 396258186 | BL77: 361126460 | BM77: 731022512 | BN77: 668251905 | BO77: 676567035 | BP77: 590922495 | BQ77: 530314109
A78: 75 | B78: 2.Tài sản thuế thu nhập hoãn lại | C78: 7 | D78: 0 | E78: 0 | F78: 0 | G78: 0 | H78: 0 | I78: 0 | J78: 0 | K78: 0 | L78: 0 | M78: 0 | N78: 0 | O78: 0 | P78: 0 | Q78: 0 | R78: 0 | S78: 0 | T78: 0 | U78: 0 | V78: 0 | W78: 0 | X78: 0 | Z78: 0 | AA78: 0 | AB78: 0 | AC78: 0 | AD78: 0 | AE78: 0 | AF78: 0 | AG78: 0 | AH78: 0 | AI78: 0 | AJ78: 0 | AK78: 0 | AL78: 0 | AM78: 0 | AN78: 0 | AO78: 0 | AP78: 0 | AQ78: 0 | AR78: 0 | AS78: 0 | AT78: 0 | AU78: 0 | AV78: 0 | AW78: 0 | AX78: 0 | AY78: 0 | AZ78: 0 | BA78: 0 | BB78: 0 | BC78: 0 | BD78: 0 | BE78: 0 | BF78: 0 | BG78: 0 | BI78: 0 | BL78: 0 | BM78: 0 | BN78: 0 | BO78: 0 | BP78: 0 | BQ78: 0
A79: 76 | B79: 3.Thiết bị, vật tư, phụ tùng thay thế dài hạn | C79: 7 | D79: 0 | E79: 0 | F79: 0 | G79: 0 | H79: 0 | I79: 0 | J79: 0 | K79: 0 | L79: 0 | M79: 0 | N79: 0 | O79: 0 | P79: 0 | Q79: 0 | R79: 0 | S79: 0 | T79: 0 | U79: 0 | V79: 0 | W79: 0 | X79: 0 | Z79: 0 | AA79: 0 | AB79: 0 | AC79: 0 | AD79: 0 | AE79: 0 | AF79: 0 | AG79: 0 | AH79: 0 | AI79: 0 | AJ79: 0 | AK79: 0 | AL79: 0 | AM79: 0 | AN79: 0 | AO79: 0 | AP79: 0 | AQ79: 0 | AR79: 0 | AS79: 0 | AT79: 0 | AU79: 0 | AV79: 0 | AW79: 0 | AX79: 0 | AY79: 0 | AZ79: 0 | BA79: 0 | BB79: 0 | BC79: 0 | BD79: 0 | BE79: 0 | BF79: 0 | BG79: 0 | BI79: 0 | BL79: 0 | BM79: 0 | BN79: 0 | BO79: 0 | BP79: 0 | BQ79: 0
A80: 77 | B80: 4.Tài sản dài hạn khác | C80: 7 | D80: 0 | E80: 0 | F80: 0 | G80: 0 | H80: 0 | I80: 0 | J80: 0 | K80: 0 | L80: 0 | M80: 0 | N80: 0 | O80: 0 | P80: 0 | Q80: 0 | R80: 0 | S80: 0 | T80: 0 | U80: 0 | V80: 0 | W80: 0 | X80: 0 | Z80: 0 | AA80: 0 | AB80: 0 | AC80: 0 | AD80: 0 | AE80: 0 | AF80: 0 | AG80: 0 | AH80: 0 | AI80: 0 | AJ80: 0 | AK80: 0 | AL80: 0 | AM80: 0 | AN80: 0 | AO80: 0 | AP80: 0 | AQ80: 0 | AR80: 0 | AS80: 0 | AT80: 0 | AU80: 0 | AV80: 0 | AW80: 0 | AX80: 0 | AY80: 0 | AZ80: 0 | BA80: 0 | BB80: 0 | BC80: 0 | BD80: 0 | BE80: 0 | BF80: 0 | BG80: 0 | BI80: 0 | BL80: 0 | BM80: 0 | BN80: 0 | BO80: 0 | BP80: 0 | BQ80: 0
A81: 78 | B81: TỔNG TÀI SẢN | C81: 7 | D81: 10331196663 | E81: 10408146462 | F81: 10198109431 | G81: 9658790120 | H81: 9662232004 | I81: 9896832066 | J81: 9750676743 | K81: 9666825682 | L81: 9033034496 | M81: 9427572107 | N81: 9245410950 | O81: 9499092471 | P81: 14389292648 | Q81: 14392066609 | R81: 15115877507 | S81: 15347980469 | T81: 14439889689 | U81: 1.6966361e+10 | V81: 16502655613 | W81: 17870643932 | X81: 18280893576 | Y81: 1.7928258e+10 | Z81: 18994843676 | AA81: 17878408624 | AB81: 16693258621 | AC81: 15960363498 | AD81: 15483773366 | AE81: 16779523372 | AF81: 17895276287 | AG81: 18294947504 | AH81: 16447783551 | AI81: 14177370703 | AJ81: 1.4116145e+10 | AK81: 1.3891024e+10 | AL81: 1.5347051e+10 | AM81: 1.6226848e+10 | AN81: 15507979212 | AO81: 15417714531 | AP81: 1.5345219e+10 | AQ81: 1.4887273e+10 | AR81: 14208989819 | AS81: 14469402313 | AT81: 13889448295 | AU81: 15964623066 | AV81: 16416433118 | AW81: 18528574980 | AX81: 18411366075 | AY81: 1.7769432e+10 | AZ81: 16889928225 | BA81: 17887328825 | BB81: 1.6933514e+10 | BC81: 16999255969 | BD81: 17131684163 | BE81: 1.8263438e+10 | BF81: 1.9775808e+10 | BG81: 2.260508e+10 | BH81: =+BH36+BH4 -> 2.063665e+10 | BI81: 2.0713287e+10 | BJ81: 2.1582121e+10 | BK81: 22374498981 | BL81: 23802859474 | BM81: 23764695750 | BN81: 25352403348 | BO81: 23712327139 | BP81: 26159337989 | BQ81: 28084604809
A82: 79 | B82: C-NỢ PHẢI TRẢ | C82: 7 | D82: 743482317 | E82: 1076284424 | F82: 1155810139 | G82: 837648831 | H82: 999879599 | I82: 1397790990 | J82: 1380379688 | K82: 1397206162 | L82: 886301710 | M82: 1434999364 | N82: 1430920283 | O82: 1920225161 | P82: 1373819861 | Q82: 1626420791 | R82: 2097617753 | S82: 2240562997 | T82: 750379749 | U82: 1214555028 | V82: 505690570 | W82: 1086114221 | X82: 1044975136 | Y82: 6.7227242e+08 | Z82: 1346246414 | AA82: 2496396983 | AB82: 2006637651 | AC82: 3683702066 | AD82: 3834805592 | AE82: 4853915637 | AF82: 4879554101 | AG82: 5240419252 | AH82: 4126147064 | AI82: 2155671465 | AJ82: 2.339759e+09 | AK82: 1.8886678e+09 | AL82: 3.063693e+09 | AM82: 3.2684148e+09 | AN82: 2556434092 | AO82: 2577854335 | AP82: 2.2597102e+09 | AQ82: 1.8971677e+09 | AR82: 1542734518 | AS82: 1914630683 | AT82: 1652974650 | AU82: 4156203795 | AV82: 5165309039 | AW82: 7367909599 | AX82: 7388025264 | AY82: 7.0959091e+09 | AZ82: 6926134439 | BA82: 8589719617 | BB82: 7.8875415e+09 | BC82: 7241996158 | BD82: 7149695232 | BE82: 7.6462621e+09 | BF82: 7.8369511e+09 | BG82: 9.4603185e+09 | BH82: =+BH83+BH99 -> 7.1521572e+09 | BI82: 6.8123907e+09 | BJ82: 7.30131e+09 | BK82: 7957168842 | BL82: 8570720339 | BM82: 8380089046 | BN82: 9437099984 | BO82: 7281115925 | BP82: 8769863882 | BQ82: 9827482514
A83: 80 | B83: I.Nợ ngắn hạn | C83: 7 | D83: 743482317 | E83: 1076284424 | F83: 1155810139 | G83: 837648831 | H83: 999879599 | I83: 1397790990 | J83: 1380379688 | K83: 1397206162 | L83: 886301710 | M83: 1434999364 | N83: 1430920283 | O83: 1920225161 | P83: 1373819861 | Q83: 1626420791 | R83: 2097617753 | S83: 2240562997 | T83: 750379749 | U83: 1214555028 | V83: 505690570 | W83: 1086114221 | X83: 1044975136 | Y83: 6.7227242e+08 | Z83: 1346246414 | AA83: 2496396983 | AB83: 2006637651 | AC83: 3683702066 | AD83: 3834805592 | AE83: 4853915637 | AF83: 4879554101 | AG83: 5240419252 | AH83: 4126147064 | AI83: 2155671465 | AJ83: 2.339759e+09 | AK83: 1.8886678e+09 | AL83: 3.063693e+09 | AM83: 3.2684148e+09 | AN83: 2556434092 | AO83: 2577854335 | AP83: 2.2597102e+09 | AQ83: 1.8971677e+09 | AR83: 1542734518 | AS83: 1914630683 | AT83: 1652974650 | AU83: 4156203795 | AV83: 5165309039 | AW83: 7367909599 | AX83: 7388025264 | AY83: 7.0959091e+09 | AZ83: 6926134439 | BA83: 8589719617 | BB83: 7.8875415e+09 | BC83: 7241996158 | BD83: 7149695232 | BE83: 7.6462621e+09 | BF83: 7.8369511e+09 | BG83: 9.4603185e+09 | BH83: =+SUM(BH84:BH98) -> 7.1521572e+09 | BI83: 6.8123907e+09 | BJ83: 7.30131e+09 | BK83: 7957168842 | BL83: 8570720339 | BM83: 8380089046 | BN83: 9437099984 | BO83: 7281115925 | BP83: 8769863882 | BQ83: 9827482514
A84: 81 | B84: 1.Phải trả người bán ngắn hạn | C84: 7 | D84: 563660170 | E84: 938322241 | F84: 961578340 | G84: 371931010 | H84: 500406010 | I84: 501286010 | J84: 501286010 | K84: 504326010 | L84: 504326010 | M84: 971115919 | N84: 1024839916 | O84: 1433076010 | P84: 973037559 | Q84: 1041339411 | R84: 1360221560 | S84: 1360221558 | T84: 12224000 | U84: 270991894 | V84: 32039291 | W84: 389778437 | X84: 2400200 | Y84: 11500000 | Z84: 167945940 | AA84: 947342800 | AB84: 124957800 | AC84: 231417660 | AD84: 285937996 | AE84: 256476220 | AF84: 479544078 | AG84: 186324483 | AH84: 822952131 | AI84: 346761949 | AJ84: 358665912 | AK84: 543503834 | AL84: 809405453 | AM84: 533825855 | AN84: 1070901562 | AO84: 861055427 | AP84: 990894728 | AQ84: 774349943 | AR84: 315685573 | AS84: 618910107 | AT84: 477447541 | AU84: 506153906 | AV84: 706853161 | AW84: 1093861672 | AX84: 976365294 | AY84: 769690713 | AZ84: 1328770757 | BA84: 1782507597 | BB84: 1035365592 | BC84: 764560324 | BD84: 650480649 | BE84: 796115187 | BF84: 563159702 | BG84: 1070381192 | BH84: 463035812 | BI84: 359756979 | BJ84: 696620900 | BK84: 586652262 | BL84: 1960781996 | BM84: 2110646045 | BN84: 2915055763 | BO84: 973744791 | BP84: 1970324701 | BQ84: 2524416817
A85: 82 | B85: 2.Người mua trả tiền trước ngắn hạn | C85: 7 | D85: 0 | E85: 0 | F85: 0 | G85: 0 | H85: 0 | I85: 0 | J85: 0 | K85: 0 | L85: 0 | M85: 0 | N85: 0 | O85: 0 | P85: 0 | Q85: 0 | R85: 0 | S85: 0 | T85: 0 | U85: 0 | V85: 0 | W85: 0 | X85: 0 | Z85: 0 | AA85: 0 | AB85: 0 | AC85: 0 | AD85: 0 | AE85: 0 | AF85: 0 | AG85: 0 | AH85: 0 | AI85: 0 | AJ85: 0 | AK85: 0 | AL85: 0 | AM85: 0 | AN85: 0 | AO85: 0 | AP85: 0 | AQ85: 0 | AR85: 3931200 | AS85: 0 | AT85: 0 | AU85: 0 | AV85: 0 | AW85: 2259000 | AX85: 0 | AY85: 0 | AZ85: 3889 | BA85: 935623988 | BB85: 395221564 | BC85: 561024640 | BD85: 0 | BE85: 75706847 | BF85: 295549202 | BG85: 1597111967 | BH85: 0 | BI85: 2175000 | BJ85: 2175000 | BL85: 0 | BM85: 0 | BN85: 0 | BO85: 0 | BP85: 0 | BQ85: 0
A86: 83 | B86: 3.Phải trả cổ tức, lợi nhuận | C86: 7 | BL86: 0 | BM86: 0 | BN86: 0 | BO86: 0 | BP86: 0 | BQ86: 0
A87: 84 | B87: 4.Thuế và các khoản phải nộp Nhà nước ngắn hạn | C87: 7 | D87: 46128599 | E87: 109923721 | F87: 141631606 | G87: 176237628 | H87: 209973396 | I87: 240548246 | J87: 260879338 | K87: 247713505 | L87: 128574237 | M87: 104450442 | N87: 109296596 | O87: 108204471 | P87: 155181031 | Q87: 277403342 | R87: 440367865 | S87: 627899668 | T87: 467178536 | U87: 669877363 | V87: 204122123 | W87: 437823628 | X87: 776296895 | Y87: 4.0987534e+08 | Z87: 937976941 | AA87: 1373434421 | AB87: 1666060088 | AC87: 1157816736 | AD87: 1238236899 | AE87: 2055423674 | AF87: 1860117486 | AG87: 2495874347 | AH87: 505577936 | AI87: 964283902 | AJ87: 1220395528 | AK87: 497876194 | AL87: 1138910428 | AM87: 1776712170 | AN87: 517847086 | AO87: 993092695 | AP87: 609933284 | AQ87: 409202850 | AR87: 578698797 | AS87: 573375362 | AT87: 411381783 | AU87: 422291225 | AV87: 777645873 | AW87: 369381092 | AX87: 492866919 | AY87: 392383461 | AZ87: 253453023 | BA87: 300402206 | BB87: 622508135 | BC87: 653997696 | BD87: 653616684 | BE87: 683372003 | BF87: 1021209650 | BG87: 933182630 | BH87: 688991869 | BI87: 594781737 | BJ87: 512252408 | BK87: 1157750839 | BL87: 731600993 | BM87: 602944901 | BN87: 959995614 | BO87: 952007344 | BP87: 1203808105 | BQ87: 1474385964
A88: 85 | B88: 5.Phải trả người lao động | C88: 7 | D88: 133693548 | E88: 28038462 | F88: 52600193 | G88: 49480193 | H88: 49500193 | I88: 45885577 | J88: 62647885 | K88: 9600192 | L88: 9600192 | M88: 30031732 | N88: 52982500 | O88: 35052500 | P88: 0 | Q88: 62076767 | R88: 53039557 | S88: 0 | T88: 5010442 | U88: 0 | V88: 0 | W88: 0 | X88: 0 | Y88: 12242320 | Z88: 0 | AA88: -63035001 | AB88: -25000000 | AC88: 0 | AD88: 0 | AE88: 314435145 | AF88: 312311939 | AG88: 330639824 | AH88: 304962237 | AI88: 312730218 | AJ88: 185275881 | AK88: 219752516 | AL88: 285862697 | AM88: 264596163 | AN88: 239876792 | AO88: 355019549 | AP88: 265367379 | AQ88: 298971060 | AR88: 253849870 | AS88: 265416668 | AT88: 207591009 | AU88: 0 | AV88: 250618975 | AW88: 268572990 | AX88: 300465610 | AY88: 245290645 | AZ88: 349374442 | BA88: 371808098 | BB88: 335260391 | BC88: 12315383 | BD88: 382071524 | BE88: 358536919 | BF88: 378188504 | BG88: 366269515 | BH88: 369107766 | BI88: 365136757 | BJ88: 366870599 | BK88: 425463154 | BL88: 417180841 | BM88: 543742234 | BN88: 342080080 | BO88: 392784260 | BP88: 410842768 | BQ88: 438707610
A89: 86 | B89: 6.Chi phí phải trả ngắn hạn | C89: 7 | D89: 0 | E89: 0 | F89: 0 | G89: 0 | H89: 0 | I89: 0 | J89: 0 | K89: 80000000 | L89: 0 | M89: 85600000 | N89: 0 | O89: 100090909 | P89: 1800000 | Q89: 1800000 | R89: 187500 | S89: 8640500 | T89: 22165500 | U89: 29884500 | V89: 25727885 | W89: 13210885 | X89: 25788770 | Z89: 0 | AA89: 0 | AB89: 0 | AC89: 0 | AD89: 0 | AE89: 0 | AF89: 0 | AG89: 0 | AH89: 265074162 | AI89: 304314798 | AJ89: 347841071 | AK89: 399954693 | AL89: 443453833 | AM89: 465700001 | AN89: 500228054 | AO89: 141106066 | AP89: 165934257 | AQ89: 187063215 | AR89: 162988480 | AS89: 229347948 | AT89: 328973719 | AU89: 803066 | AV89: 202610432 | AW89: 406254247 | AX89: 231101622 | AY89: 460963681 | AZ89: -233048270 | BA89: -28202870 | BB89: 271605236 | BC89: 16717517 | BD89: 230145777 | BE89: 504950533 | BF89: 351263485 | BG89: 493373213 | BH89: 631021727 | BI89: 490405815 | BJ89: 628422484 | BK89: 787302587 | BL89: 453413289 | BM89: -16873094 | BN89: 196858867 | BO89: -44569450 | BP89: 170215348 | BQ89: 382467143
A90: 87 | B90: 7.Phải trả nội bộ ngắn hạn | C90: 7 | D90: 0 | E90: 0 | F90: 0 | G90: 0 | H90: 0 | I90: 0 | J90: 0 | K90: 0 | L90: 0 | M90: 0 | N90: 0 | O90: 0 | P90: 0 | Q90: 0 | R90: 0 | S90: 0 | T90: 0 | U90: 0 | V90: 0 | W90: 0 | X90: 0 | Z90: 0 | AA90: 0 | AB90: 0 | AC90: 0 | AD90: 0 | AE90: 0 | AF90: 0 | AG90: 0 | AH90: 0 | AI90: 0 | AJ90: 0 | AK90: 0 | AL90: 0 | AM90: 0 | AN90: 0 | AO90: 0 | AP90: 0 | AQ90: 0 | AR90: 0 | AS90: 0 | AT90: 0 | AU90: 0 | AV90: 0 | AW90: 0 | AX90: 0 | AY90: 0 | AZ90: 0 | BA90: 0 | BB90: 0 | BC90: 0 | BD90: 0 | BE90: 0 | BF90: 0 | BG90: 0 | BH90: 0 | BI90: 0 | BL90: 0 | BM90: 0 | BN90: 0 | BO90: 0 | BP90: 0 | BQ90: 0
A91: 88 | B91: 8.Phải trả theo tiến độ hợp đồng xây dựng ngắn hạn | C91: 7 | D91: 0 | E91: 0 | F91: 0 | G91: 0 | H91: 0 | I91: 0 | J91: 0 | K91: 0 | L91: 0 | M91: 0 | N91: 0 | O91: 0 | P91: 0 | Q91: 0 | R91: 0 | S91: 0 | T91: 0 | U91: 0 | V91: 0 | W91: 0 | X91: 0 | Z91: 0 | AA91: 0 | AB91: 0 | AC91: 0 | AD91: 0 | AE91: 0 | AF91: 0 | AG91: 0 | AH91: 0 | AI91: 0 | AJ91: 0 | AK91: 0 | AL91: 0 | AM91: 0 | AN91: 0 | AO91: 0 | AP91: 0 | AQ91: 0 | AR91: 0 | AS91: 0 | AT91: 0 | AU91: 0 | AV91: 0 | AW91: 0 | AX91: 0 | AY91: 0 | AZ91: 0 | BA91: 0 | BC91: 0 | BD91: 0 | BE91: 0 | BF91: 0 | BG91: 0 | BH91: 0 | BI91: 0 | BL91: 0 | BM91: 0 | BN91: 0 | BO91: 0 | BP91: 0 | BQ91: 0
A92: 89 | B92: 9.Doanh thu chờ phân bổ ngắn hạn | C92: 7 | D92: 0 | E92: 0 | F92: 0 | G92: 0 | H92: 0 | I92: 0 | J92: 0 | K92: 0 | L92: 0 | M92: 0 | N92: 0 | O92: 0 | P92: 0 | Q92: 0 | R92: 0 | S92: 0 | T92: 0 | U92: 0 | V92: 0 | W92: 0 | X92: 0 | Z92: 0 | AA92: 0 | AB92: 0 | AC92: 0 | AD92: 0 | AE92: 0 | AF92: 0 | AG92: 0 | AH92: 0 | AI92: 0 | AJ92: 0 | AK92: 0 | AL92: 0 | AM92: 0 | AN92: 0 | AO92: 0 | AP92: 0 | AQ92: 0 | AR92: 0 | AS92: 0 | AT92: 0 | AU92: 0 | AV92: 0 | AW92: 0 | AX92: 0 | AY92: 0 | AZ92: 0 | BA92: 0 | BB92: 0 | BC92: 0 | BD92: 0 | BE92: 0 | BF92: 0 | BG92: 0 | BH92: 0 | BI92: 0 | BL92: 0 | BM92: 0 | BN92: 0 | BO92: 0 | BP92: 0 | BQ92: 0
A93: 90 | B93: 10.Phải trả ngắn hạn khác | C93: 7 | D93: 0 | E93: 0 | F93: 0 | G93: 240000000 | H93: 240000000 | I93: 610071157 | J93: 555566455 | K93: 555566455 | L93: 243801271 | M93: 243801271 | N93: 243801271 | O93: 243801271 | P93: 243801271 | Q93: 243801271 | R93: 243801271 | S93: 243801271 | T93: 243801271 | U93: 243801271 | V93: 243801271 | W93: 245301271 | X93: 240489271 | Y93: 2.3865476e+08 | Z93: 240323533 | AA93: 238654763 | AB93: 240619763 | AC93: 294467670 | AD93: 310630697 | AE93: 227580598 | AF93: 227580598 | AG93: 227580598 | AH93: 227580598 | AI93: 227580598 | AJ93: 2.275806e+08 | AK93: 2.275806e+08 | AL93: 3.860606e+08 | AM93: 2.275806e+08 | AN93: 227580598 | AO93: 227580598 | AP93: 2.275806e+08 | AQ93: 2.275806e+08 | AR93: 227580598 | AS93: 227580598 | AT93: 227580598 | AU93: 3227580598 | AV93: 3227580598 | AW93: 5227580598 | AX93: 5387225819 | AY93: 5.2275806e+09 | AZ93: 5227580598 | BA93: 5227580598 | BB93: 5.2275806e+09 | BC93: 5233380598 | BD93: 5233380598 | BE93: 5.2275806e+09 | BF93: 5.2275806e+09 | BG93: 5e+09 | BH93: 5e+09 | BI93: 5.0001344e+09 | BJ93: 5.0949686e+09 | BK93: 5000000000 | BL93: 5007743220 | BM93: 5139628960 | BN93: 5023109660 | BO93: 5007148980 | BP93: 5014672960 | BQ93: 5007504980
A94: 91 | B94: 11.Vay và nợ thuê tài chính ngắn hạn | C94: 7 | D94: 0 | E94: 0 | F94: 0 | G94: 0 | H94: 0 | I94: 0 | J94: 0 | K94: 0 | L94: 0 | M94: 0 | N94: 0 | O94: 0 | P94: 0 | Q94: 0 | R94: 0 | S94: 0 | T94: 0 | U94: 0 | V94: 0 | W94: 0 | X94: 0 | Z94: 0 | AA94: 0 | AB94: 0 | AC94: 2000000000 | AD94: 2000000000 | AE94: 2000000000 | AF94: 2000000000 | AG94: 2000000000 | AH94: 2000000000 | AI94: 0 | AJ94: 0 | AK94: 0 | AL94: 0 | AM94: 0 | AN94: 0 | AO94: 0 | AP94: 0 | AQ94: 0 | AR94: 0 | AS94: 0 | AT94: 0 | AU94: 0 | AV94: 0 | AW94: 0 | AX94: 0 | AY94: 0 | AZ94: 0 | BA94: 0 | BB94: 0 | BC94: 0 | BD94: 0 | BE94: 0 | BF94: 0 | BG94: 0 | BI94: 0 | BL94: 0 | BM94: 0 | BN94: 0 | BO94: 0 | BP94: 0 | BQ94: 0
A95: 92 | B95: 12.Dự phòng phải trả ngắn hạn | C95: 7 | D95: 0 | E95: 0 | F95: 0 | G95: 0 | H95: 0 | I95: 0 | J95: 0 | K95: 0 | L95: 0 | M95: 0 | N95: 0 | O95: 0 | P95: 0 | Q95: 0 | R95: 0 | S95: 0 | T95: 0 | U95: 0 | V95: 0 | W95: 0 | X95: 0 | Z95: 0 | AA95: 0 | AB95: 0 | AC95: 0 | AD95: 0 | AE95: 0 | AF95: 0 | AG95: 0 | AH95: 0 | AI95: 0 | AJ95: 0 | AK95: 0 | AL95: 0 | AM95: 0 | AN95: 0 | AO95: 0 | AP95: 0 | AQ95: 0 | AR95: 0 | AS95: 0 | AT95: 0 | AU95: 0 | AV95: 0 | AW95: 0 | AX95: 0 | AY95: 0 | AZ95: 0 | BA95: 0 | BB95: 0 | BC95: 0 | BD95: 0 | BE95: 0 | BF95: 0 | BG95: 0 | BI95: 0 | BL95: 0 | BM95: 0 | BN95: 0 | BO95: 0 | BP95: 0 | BQ95: 0
A96: 93 | B96: 13.Quỹ khen thưởng, phúc lợi | C96: 7 | D96: 0 | E96: 0 | F96: 0 | G96: 0 | H96: 0 | I96: 0 | J96: 0 | K96: 0 | L96: 0 | M96: 0 | N96: 0 | O96: 0 | P96: 0 | Q96: 0 | R96: 0 | S96: 0 | T96: 0 | U96: 0 | V96: 0 | W96: 0 | X96: 0 | Z96: 0 | AA96: 0 | AB96: 0 | AC96: 0 | AD96: 0 | AE96: 0 | AF96: 0 | AG96: 0 | AH96: 0 | AI96: 0 | AJ96: 0 | AK96: 0 | AL96: 0 | AM96: 0 | AN96: 0 | AO96: 0 | AP96: 0 | AQ96: 0 | AR96: 0 | AS96: 0 | AT96: 0 | AU96: 0 | AV96: 0 | AW96: 0 | AX96: 0 | AY96: 0 | AZ96: 0 | BA96: 0 | BB96: 0 | BC96: 0 | BD96: 0 | BE96: 0 | BF96: 0 | BG96: 0 | BI96: 0 | BL96: 0 | BM96: 0 | BN96: 0 | BO96: 0 | BP96: 0 | BQ96: 0
A97: 94 | B97: 14.Quỹ bình ổn giá | C97: 7 | D97: 0 | E97: 0 | F97: 0 | G97: 0 | H97: 0 | I97: 0 | J97: 0 | K97: 0 | L97: 0 | M97: 0 | N97: 0 | O97: 0 | P97: 0 | Q97: 0 | R97: 0 | S97: 0 | T97: 0 | U97: 0 | V97: 0 | W97: 0 | X97: 0 | Z97: 0 | AA97: 0 | AB97: 0 | AC97: 0 | AD97: 0 | AE97: 0 | AF97: 0 | AG97: 0 | AH97: 0 | AI97: 0 | AJ97: 0 | AK97: 0 | AL97: 0 | AM97: 0 | AN97: 0 | AO97: 0 | AP97: 0 | AQ97: 0 | AR97: 0 | AS97: 0 | AT97: 0 | AU97: 0 | AV97: 0 | AW97: 0 | AX97: 0 | AY97: 0 | AZ97: 0 | BA97: 0 | BB97: 0 | BC97: 0 | BD97: 0 | BE97: 0 | BF97: 0 | BG97: 0 | BI97: 0 | BL97: 0 | BM97: 0 | BN97: 0 | BO97: 0 | BP97: 0 | BQ97: 0
A98: 95 | B98: 15.Giao dịch mua bán lại trái phiếu Chính phủ | C98: 7 | D98: 0 | E98: 0 | F98: 0 | G98: 0 | H98: 0 | I98: 0 | J98: 0 | K98: 0 | L98: 0 | M98: 0 | N98: 0 | O98: 0 | P98: 0 | Q98: 0 | R98: 0 | S98: 0 | T98: 0 | U98: 0 | V98: 0 | W98: 0 | X98: 0 | Z98: 0 | AA98: 0 | AB98: 0 | AC98: 0 | AD98: 0 | AE98: 0 | AF98: 0 | AG98: 0 | AH98: 0 | AI98: 0 | AJ98: 0 | AK98: 0 | AL98: 0 | AM98: 0 | AN98: 0 | AO98: 0 | AP98: 0 | AQ98: 0 | AR98: 0 | AS98: 0 | AT98: 0 | AU98: 0 | AV98: 0 | AW98: 0 | AX98: 0 | AY98: 0 | AZ98: 0 | BA98: 0 | BB98: 0 | BC98: 0 | BD98: 0 | BE98: 0 | BF98: 0 | BG98: 0 | BI98: 0 | BL98: 0 | BM98: 0 | BN98: 0 | BO98: 0 | BP98: 0 | BQ98: 0
A99: 96 | B99: II.Nợ dài hạn | C99: 7 | D99: 0 | E99: 0 | F99: 0 | G99: 0 | H99: 0 | I99: 0 | J99: 0 | K99: 0 | L99: 0 | M99: 0 | N99: 0 | O99: 0 | P99: 0 | Q99: 0 | R99: 0 | S99: 0 | T99: 0 | U99: 0 | V99: 0 | W99: 0 | X99: 0 | Z99: 0 | AA99: 0 | AB99: 0 | AC99: 0 | AD99: 0 | AE99: 0 | AF99: 0 | AG99: 0 | AH99: 0 | AI99: 0 | AJ99: 0 | AK99: 0 | AL99: 0 | AM99: 0 | AN99: 0 | AO99: 0 | AP99: 0 | AQ99: 0 | AR99: 0 | AS99: 0 | AT99: 0 | AU99: 0 | AV99: 0 | AW99: 0 | AX99: 0 | AZ99: 0 | BA99: 0 | BB99: 0 | BC99: 0 | BD99: 0 | BE99: 0 | BF99: 0 | BG99: 0 | BI99: 0 | BL99: 0 | BM99: 0 | BN99: 0 | BO99: 0 | BP99: 0 | BQ99: 0
A100: 97 | B100: 1.Phải trả người bán dài hạn | C100: 7 | D100: 0 | E100: 0 | F100: 0 | G100: 0 | H100: 0 | I100: 0 | J100: 0 | K100: 0 | L100: 0 | M100: 0 | N100: 0 | O100: 0 | P100: 0 | Q100: 0 | R100: 0 | S100: 0 | T100: 0 | U100: 0 | V100: 0 | W100: 0 | X100: 0 | Z100: 0 | AA100: 0 | AB100: 0 | AC100: 0 | AD100: 0 | AE100: 0 | AF100: 0 | AG100: 0 | AH100: 0 | AI100: 0 | AJ100: 0 | AK100: 0 | AL100: 0 | AM100: 0 | AN100: 0 | AO100: 0 | AP100: 0 | AQ100: 0 | AR100: 0 | AS100: 0 | AT100: 0 | AU100: 0 | AV100: 0 | AW100: 0 | AX100: 0 | AZ100: 0 | BA100: 0 | BB100: 0 | BC100: 0 | BD100: 0 | BE100: 0 | BF100: 0 | BG100: 0 | BI100: 0 | BL100: 0 | BM100: 0 | BN100: 0 | BO100: 0 | BP100: 0 | BQ100: 0
...

Sheet Ket qua kinh doanh
B1: CÔNG TY TNHH THU MUA PHẾ LIỆU KHÁNH NGA
B2: VND
A3: Index PL | B3: PHẦN II-KẾT QUẢ HOẠT ĐỘNG KINH DOANH | C3: TenCongTyID | D3: T1.2021 | E3: T02.2021 | F3: T03.2021 | G3: T04.2021 | H3: T05.2021 | I3: T06.2021 | J3: T07.2021 | K3: T08.2021 | L3: T09.2021 | M3: T10.2021 | N3: T11.2021 | O3: T12.2021 | P3: T1.2022 | Q3: T02.2022 | R3: T03.2022 | S3: T04.2022 | T3: T05.2022 | U3: T06.2022 | V3: T07.2022 | W3: T08.2022 | X3: T09.2022 | Y3: T10.2022 | Z3: T11.2022 | AA3: T12.2022 | AB3: T1.2023 | AC3: T02.2023 | AD3: T03.2023 | AE3: T04.2023 | AF3: T05.2023 | AG3: T06.2023 | AH3: T07.2023 | AI3: T08.2023 | AJ3: T09.2023 | AK3: T10.2023 | AL3: T11.2023 | AM3: T12.2023 | AN3: T01.2024 | AO3: T02.2024 | AP3: T03.2024 | AQ3: T04.2024 | AR3: T05.2024 | AS3: T06.2024 | AT3: T07.2024 | AU3: T08.2024 | AV3: T09.2024 | AW3: T10.2024 | AX3: T11.2024 | AY3: T12.2024 | AZ3: T01.2025 | BA3: T02.2025 | BB3: T03.2025 | BC3: T04.2025 | BD3: T05.2025 | BE3: T06.2025 | BF3: T07.2025 | BG3: T08.2025 | BH3: T09.2025 | BI3: T10.2025 | BJ3: T11.2025 | BK3: T12.2025 | BL3: T01.2026 | BM3: T02.2026 | BN3: T03.2026 | BO3: T04.2026 | BP3: T05.2026 | BQ3: T06.2026 | BR3: T07.2026 | BS3: T08.2026 | BT3: T09.2026 | BU3: T10.2026 | BV3: T11.2026 | BW3: T12.2026
A4: 1 | B4: Sản lượng (Tấn) | C4: 7 | D4: 32 | E4: 61 | F4: 92 | G4: 57 | H4: 39 | I4: 24 | J4: 16 | K4: 0 | L4: 0 | M4: 0 | N4: 0.1561 | O4: 96 | P4: 60 | Q4: 145 | R4: 194 | S4: 178 | T4: 181 | U4: 245 | V4: 161 | W4: 268 | X4: 329 | Y4: 282 | Z4: 414 | AA4: 572 | AB4: 186 | AC4: 413.617 | AD4: 514 | AE4: 543.4 | AF4: 667.931 | AG4: 538 | AH4: 508 | AI4: 456 | AJ4: 327 | AK4: 392 | AL4: 512 | AM4: 593.8 | AN4: 454 | AO4: 427 | AP4: 528 | AQ4: 341 | AR4: 491 | AS4: 473 | AT4: 370 | AU4: 406 | AV4: 299 | AW4: 409 | AX4: 383 | AY4: 323 | AZ4: 242.078 | BA4: 310.593 | BB4: 475.987 | BC4: 519.903 | BD4: 467.356 | BE4: 510.435 | BF4: 718.97 | BG4: 711.699 | BH4: 591.824 | BI4: 543.364 | BJ4: 454.672 | BK4: 613.739 | BL4: =580272/1000 -> 580.272 | BM4: =464909/1000 -> 464.909 | BN4: =656068/1000 -> 656.068 | BO4: =641114/1000 -> 641.114 | BP4: =776006/1000 -> 776.006 | BQ4: 846.266 | BR4: ='KQKD theo yeu to'!BR8 -> 0 | BS4: ='KQKD theo yeu to'!BS8 -> 0 | BT4: ='KQKD theo yeu to'!BT8 -> 0 | BU4: ='KQKD theo yeu to'!BU8 -> 0 | BV4: ='KQKD theo yeu to'!BV8 -> 0 | BW4: ='KQKD theo yeu to'!BW8 -> 0
A5: 2 | B5: 1.Doanh thu bán hàng và cung cấp dịch vụ | C5: 7 | D5: 312737600 | E5: 606797380 | F5: 903716800 | G5: 584483600 | H5: 473255400 | I5: 327063600 | J5: 212259000 | K5: 0 | L5: 0 | M5: 0 | N5: 23415000 | O5: 1040979770 | P5: 1387649940 | Q5: 1583445960 | R5: 2573716230 | S5: 2789415475 | T5: 3061211620 | U5: 4013573585 | V5: 2566597774 | W5: 4244037032 | X5: 4500455270 | Y5: 4093507967 | Z5: 6936881675 | AA5: 8017342248 | AB5: 2672344837 | AC5: 4854309360 | AD5: 6533069323 | AE5: 8443399962 | AF5: 10076762540 | AG5: 6865915296 | AH5: 6253371756 | AI5: 5694464185 | AJ5: 4475524426 | AK5: 6155131250 | AL5: 7975368000 | AM5: 8916004334 | AN5: 6816503925 | AO5: 6039598500 | AP5: 7858071500 | AQ5: 5360336000 | AR5: 7701926000 | AS5: 7405493500 | AT5: 5356795000 | AU5: 5872209850 | AV5: 4632824810 | AW5: 6376620000 | AX5: 6008306800 | AY5: 5094418200 | AZ5: 3795897480 | BA5: 5012982676 | BB5: 8087243089 | BC5: 9694585314 | BD5: 8388349104 | BE5: 9515421651 | BF5: 13592588554 | BG5: 12421660930 | BH5: 8808063400 | BI5: 7719934000 | BJ5: 6532057500 | BK5: 8694231720 | BL5: 8331190500 | BM5: 6640520862 | BN5: 9363644480 | BO5: 9143059160 | BP5: 12123223250 | BQ5: 13689537870
A6: 3 | B6: 2.Các khoản giảm trừ doanh thu | C6: 7 | D6: 0 | E6: 0 | F6: 0 | G6: 0 | H6: 0 | I6: 0 | J6: 0 | K6: 0 | L6: 0 | M6: 0 | N6: 0 | O6: 0 | P6: 0 | Q6: 0 | R6: 0 | S6: 0 | T6: 0 | U6: 0 | V6: 0 | W6: 0 | X6: 0 | AA6: 0 | AB6: 0 | AC6: 0 | AD6: 0 | AF6: 0 | AG6: 0 | AH6: 0 | AI6: 0 | AJ6: 0 | AK6: 0 | AL6: 0 | AM6: 0 | AN6: 0 | AO6: 0 | AP6: 0 | AQ6: 0 | AR6: 0 | AS6: 0 | AT6: 0 | AU6: 0 | AV6: 0 | AW6: 0 | AX6: 0 | AY6: 0 | AZ6: 0 | BA6: 0 | BB6: 0 | BC6: 0 | BD6: 0 | BE6: 0 | BF6: 0 | BG6: 0 | BH6: 0 | BI6: 0 | BL6: 0 | BM6: 0 | BN6: 0 | BO6: 0 | BP6: 0 | BQ6: 0
A7: 4 | B7: 3.Doanh thu thuần về bán hàng và cung cấp dịch vụ | C7: 7 | D7: 312737600 | E7: 606797380 | F7: 903716800 | G7: 584483600 | H7: 473255400 | I7: 327063600 | J7: 212259000 | K7: 0 | L7: 0 | M7: 0 | N7: 23415000 | O7: 1040979770 | P7: 1387649940 | Q7: 1583445960 | R7: 2573716230 | S7: 2789415475 | T7: 3061211620 | U7: 4013573585 | V7: 2566597774 | W7: 4244037032 | X7: 4500455270 | Y7: 4093507967 | Z7: 6936881675 | AA7: 8017342248 | AB7: 2672344837 | AC7: 4854309360 | AD7: 6533069323 | AE7: 8443399962 | AF7: 10076762540 | AG7: 6865915296 | AH7: 6253371756 | AI7: 5694464185 | AJ7: 4475524426 | AK7: 6155131250 | AL7: 7975368000 | AM7: 8916004334 | AN7: 6816503925 | AO7: 6039598500 | AP7: 7858071500 | AQ7: 5360336000 | AR7: 7701926000 | AS7: 7405493500 | AT7: 5356795000 | AU7: 5872209850 | AV7: 4632824810 | AW7: 6376620000 | AX7: 6008306800 | AY7: 5094418200 | AZ7: 3795897480 | BA7: 5012982676 | BB7: 8087243089 | BC7: 9694585314 | BD7: 8388349104 | BE7: 9515421651 | BF7: 13592588554 | BG7: 12421660930 | BH7: 8808063400 | BI7: 7719934000 | BJ7: 6532057500 | BK7: 8694231720 | BL7: 8331190500 | BM7: 6640520862 | BN7: 9363644480 | BO7: 9143059160 | BP7: 12123223250 | BQ7: 13689537870
A8: 5 | B8: 4.Giá vốn hàng bán | C8: 7 | D8: 307386576 | E8: 594551595 | F8: 883311950 | G8: 545112534 | H8: 429782229 | I8: 297804989 | J8: 190295081 | K8: 0 | L8: 0 | M8: 0 | N8: 0 | O8: 993039652 | P8: 925318497 | Q8: 1707322194 | R8: 2217846032 | S8: 2602912448 | T8: 2370282789 | U8: 3820527867 | V8: 2211991801 | W8: 3337732602 | X8: 3917856191 | Y8: 3.9815675e+09 | Z8: 5471834459 | AA8: 9118635211 | AB8: 1959307170 | AC8: 4350442102 | AD8: 6113575485 | AE8: 6988900943 | AF8: 7690397229 | AG8: 5623409224 | AH8: 5700764058 | AI8: 4951896169 | AJ8: 3904690074 | AK8: 5122380259 | AL8: 6706430896 | AM8: 7561852654 | AN8: 6559783004 | AO8: 5886345396 | AP8: 7324351881 | AQ8: 5224998353 | AR8: 7764479089 | AS8: 7281939097 | AT8: 5437205244 | AU8: 5773497558 | AV8: 4867603245 | AW8: 6301887244 | AX8: 5850497140 | AY8: 5184095833 | AZ8: 4115294618 | BA8: 5323842751 | BB8: 7964328238 | BC8: 8541162245 | BD8: 7739685565 | BE8: 8523016034 | BF8: 11750480818 | BG8: 10965244594 | BH8: 8023329011 | BI8: 6836790306 | BJ8: 5683019867 | BK8: 7372961109 | BL8: 7000379183 | BM8: 6068834875 | BN8: 8096833514 | BO8: 8034793677 | BP8: 10499325346 | BQ8: 12052869262
A9: 6 | B9: 5.Lợi nhuận gộp về bán hàng | C9: 7 | D9: 5351024 | E9: 12245785 | F9: 20404850 | G9: 39371066 | H9: 43473171 | I9: 29258611 | J9: 21963919 | K9: 0 | L9: 0 | M9: 0 | N9: 23415000 | O9: 47940118 | P9: 462331443 | Q9: -123876234 | R9: 355870198 | S9: 186503027 | T9: 690928831 | U9: 193045718 | V9: 354605973 | W9: 906304430 | X9: 582599079 | Y9: 1.1194051e+08 | Z9: 1486030124 | AA9: -1101292963 | AB9: 713037667 | AC9: 503867258 | AD9: 419493838 | AE9: 1454499019 | AF9: 2386365311 | AG9: 1242506072 | AH9: 552607698 | AI9: 742568016 | AJ9: 570834352 | AK9: 1032750991 | AL9: 1268937104 | AM9: 1354151680 | AN9: 256720921 | AO9: 153253104 | AP9: 533719619 | AQ9: 135337647 | AR9: -62553089 | AS9: 123554403 | AT9: -80410244 | AU9: 98712292 | AV9: -234778435 | AW9: 74732756 | AX9: 157809660 | AY9: -89677633 | AZ9: -319397138 | BA9: -310860075 | BB9: 122914851 | BC9: 1153423069 | BD9: 648663539 | BE9: 992405617 | BF9: 1842107736 | BG9: 1456416336 | BH9: 784734389 | BI9: 883143694 | BJ9: 849037633 | BK9: 1321270611 | BL9: 1330811317 | BM9: 571685987 | BN9: 1266810966 | BO9: 1108265483 | BP9: 1623897904 | BQ9: 1636668608
A10: 7 | B10: 6.Lãi/lỗ của hoạt động bán, thanh lý bất động sản đầu tư | C10: 7 | BL10: 0 | BM10: 0 | BN10: 0 | BO10: 0 | BP10: 0 | BQ10: 0
A11: 8 | B11: 7.Doanh thu hoạt động tài chính | C11: 7 | D11: 318142 | E11: 320963 | F11: 233602 | G11: 61216 | H11: 35718 | I11: 34791 | J11: 12026 | K11: 150953 | L11: 154805 | M11: 33961 | N11: 393956 | O11: 583723 | P11: 188347 | Q11: 108270 | R11: 116336 | S11: 112685 | T11: 69856 | U11: 58583 | V11: 58534 | W11: 31901 | X11: 52284 | Y11: 76465 | Z11: 917457 | AA11: 836815 | AB11: 1927792 | AC11: 898359 | AD11: 313046 | AE11: 305664 | AF11: 225244 | AG11: 179902 | AH11: 290077 | AI11: 217696 | AJ11: 212651 | AK11: 199782 | AL11: 37087 | AM11: 15737 | AN11: 25689 | AO11: 15096 | AP11: 20265 | AQ11: 39658 | AR11: 32454 | AS11: 31525 | AT11: 35902 | AU11: 42375 | AV11: 48870 | AW11: 40410 | AX11: 56627 | AY11: 49772 | AZ11: 29372 | BA11: 5534452 | BB11: 11730 | BC11: 32915 | BD11: 29738 | BE11: 31894 | BF11: 35475 | BG11: 52005 | BH11: 67306 | BI11: 64017 | BJ11: 74303 | BK11: 19794484 | BL11: 21329 | BM11: 29022 | BN11: 37724173 | BO11: 11890904 | BP11: 17033 | BQ11: 24058607
A12: 9 | B12: 8.Chi phí tài chính | C12: 7 | D12: 0 | E12: 0 | F12: 0 | G12: 0 | H12: 0 | I12: 0 | J12: 0 | K12: 0 | L12: 0 | M12: 0 | N12: 0 | O12: 0 | P12: 0 | Q12: 0 | R12: 0 | S12: 0 | T12: 0 | U12: 0 | V12: 0 | W12: 0 | X12: 0 | Z12: 0 | AA12: 0 | AB12: 0 | AC12: 0 | AD12: 0 | AE12: 0 | AF12: 0 | AG12: 0 | AH12: 0 | AI12: 0 | AJ12: 0 | AK12: 0 | AL12: 0 | AM12: 0 | AN12: 0 | AO12: 0 | AP12: 0 | AQ12: 0 | AR12: 0 | AS12: 0 | AT12: 0 | AU12: 0 | AV12: 0 | AW12: 0 | AX12: 0 | AY12: 0 | AZ12: 0 | BA12: 0 | BB12: 0 | BC12: 0 | BD12: 0 | BE12: 0 | BF12: 0 | BG12: 0 | BH12: 0 | BI12: 0 | BL12: 0 | BM12: 0 | BN12: 0 | BO12: 0 | BP12: 0 | BQ12: 0
A13: 10 | B13: Trong đó: Chi phí lãi vay | C13: 7 | D13: 0 | E13: 0 | F13: 0 | G13: 0 | H13: 0 | I13: 0 | J13: 0 | K13: 0 | L13: 0 | M13: 0 | N13: 0 | O13: 0 | P13: 0 | Q13: 0 | R13: 0 | S13: 0 | T13: 0 | U13: 0 | V13: 0 | W13: 0 | X13: 0 | Z13: 0 | AA13: 0 | AB13: 0 | AC13: 0 | AD13: 0 | AE13: 0 | AF13: 0 | AG13: 0 | AH13: 0 | AI13: 0 | AJ13: 0 | AK13: 0 | AL13: 0 | AM13: 0 | AN13: 0 | AO13: 0 | AP13: 0 | AQ13: 0 | AR13: 0 | AS13: 0 | AT13: 0 | AU13: 0 | AV13: 0 | AW13: 0 | AX13: 0 | AY13: 0 | AZ13: 0 | BA13: 0 | BB13: 0 | BC13: 0 | BD13: 0 | BE13: 0 | BF13: 0 | BG13: 0 | BH13: 0 | BI13: 0 | BL13: 0 | BM13: 0 | BN13: 0 | BO13: 0 | BP13: 0 | BQ13: 0
A14: 11 | B14: 9.Chi phí bán hàng | C14: 7 | D14: 124600000 | E14: 137482710 | F14: 167076390 | G14: 43940000 | H14: 54150000 | I14: 51400000 | J14: 31900000 | K14: 3257800 | L14: 0 | M14: 0 | N14: 0 | O14: 11590909 | P14: 19977518 | Q14: 32702728 | R14: 33368636 | S14: 25171391 | T14: 41525527 | U14: 40466172 | V14: 44065127 | W14: 49489591 | X14: 63884844 | Y14: -800000 | Z14: 544659282 | AA14: 573099951 | AB14: 962814777 | AC14: 637316957 | AD14: 714463931 | AE14: 772770445 | AF14: 899348766 | AG14: 1010824035 | AH14: 741281738 | AI14: 719882492 | AJ14: 503759926 | AK14: 501487798 | AL14: 675805769 | AM14: 634609472 | AN14: 133375123 | AO14: 153076705 | AP14: 183500000 | AQ14: 113500000 | AR14: 148600000 | AS14: 115000000 | AT14: 78000000 | AU14: 88000000 | AV14: 88400000 | AW14: 71100000 | AX14: 64500000 | AY14: 57000000 | AZ14: 37500000 | BA14: 70500000 | BB14: 103500000 | BC14: 129000000 | BD14: 111000000 | BE14: 116500000 | BF14: 172500000 | BG14: 164700000 | BH14: 127600000 | BI14: 115500000 | BJ14: 100000000 | BK14: 138000000 | BL14: 128500000 | BM14: 102500000 | BN14: 145600000 | BO14: 114800000 | BP14: 152200000 | BQ14: 151500000
A15: 12 | B15: 10.Chi phí quản lý doanh nghiệp | C15: 7 | D15: 290450887 | E15: 130936346 | F15: 143934808 | G15: 216650285 | H15: 149107773 | I15: 141204731 | J15: 118353303 | K15: 97570688 | L15: 123041539 | M15: 154194004 | N15: 201891032 | O15: 272556289 | P15: 75508157 | Q15: 93356278 | R15: 70003962 | S15: 72286603 | T15: 67380693 | U15: 90342388 | V15: 65440018 | W15: 69282072 | X15: 67377790 | Y15: 95150209 | Z15: 549676445 | AA15: 611847614 | AB15: 437925898 | AC15: 280408198 | AD15: 331111159 | AE15: 406104277 | AF15: 397327338 | AG15: 419101489 | AH15: 339062283 | AI15: 323040469 | AJ15: 314799888 | AK15: 316250411 | AL15: 312166512 | AM15: 133170212 | AN15: 108609904 | AO15: 112973768 | AP15: 101629977 | AQ15: 115745156 | AR15: 112729162 | AS15: 120069599 | AT15: 160850671 | AU15: 405694070 | AV15: 233540627 | AW15: 92522618 | AX15: 230673757 | AY15: 203190535 | AZ15: 352795333 | BA15: 295358943 | BB15: 271063548 | BC15: 313168414 | BD15: 312964157 | BE15: 275253185 | BF15: 348145066 | BG15: 329900505 | BH15: 317487600 | BI15: 350884750 | BJ15: 369111823 | BK15: 661147544 | BL15: 408101430 | BM15: 323633206 | BN15: 385055662 | BO15: 408169527 | BP15: 462618957 | BQ15: 414526390
A16: 13 | B16: 11.Lợi nhuận thuần từ hoạt động kinh doanh | C16: 7 | D16: -409381721 | E16: -255852308 | F16: -290372746 | G16: -221158003 | H16: -159748884 | I16: -163311329 | J16: -128277358 | K16: -100677535 | L16: -122886734 | M16: -154160043 | N16: -178082076 | O16: -235623357 | P16: 367034115 | Q16: -249826970 | R16: 252613936 | S16: 89157718 | T16: 582092467 | U16: 62295741 | V16: 245159362 | W16: 787564668 | X16: 451388729 | Y16: 17666769 | Z16: 392611854 | AA16: -2285403713 | AB16: -685775216 | AC16: -412959538 | AD16: -625768206 | AE16: 275929961 | AF16: 1089914451 | AG16: -187239550 | AH16: -527446246 | AI16: -300137249 | AJ16: -247512811 | AK16: 215212564 | AL16: 281001910 | AM16: 586387733 | AN16: 14761583 | AO16: -112782273 | AP16: 248609907 | AQ16: -93867851 | AR16: -323849797 | AS16: -111483671 | AT16: -319225013 | AU16: -394314403 | AV16: -556670192 | AW16: -88849452 | AX16: -137307470 | AY16: -349818396 | AZ16: -709663099 | BA16: -671184566 | BB16: -251636967 | BC16: 711287570 | BD16: 224729120 | BE16: 600684326 | BF16: 1321498145 | BG16: 961867836 | BH16: 339714095 | BI16: 416822961 | BJ16: 380000113 | BK16: 541917551 | BL16: 794231216 | BM16: 145581803 | BN16: 773879477 | BO16: 597186860 | BP16: 1009095980 | BQ16: 1094700825
A17: 14 | B17: 12.Thu nhập khác | C17: 7 | D17: 0 | E17: 0 | F17: 810000 | G17: 0 | H17: 960000 | I17: 0 | J17: 0 | K17: 0 | L17: 0 | M17: 0 | N17: 0 | O17: 0 | P17: 334571363 | Q17: 0 | R17: 0 | S17: 0 | T17: 0 | U17: 0 | V17: 0 | W17: 0 | X17: 0 | Y17: 2400200 | Z17: 948405000 | AA17: 254801000 | AB17: 26130000 | AC17: 3000000 | AD17: 1200000 | AE17: 710000 | AF17: 200000 | AG17: 4200000 | AH17: 16400000 | AI17: 200000 | AJ17: 0 | AK17: 200000 | AL17: 0 | AM17: 101445000 | AN17: 0 | AO17: 1097349 | AP17: 0 | AQ17: 0 | AR17: 0 | AS17: 0 | AT17: 927028 | AU17: 0 | AV17: 0 | AW17: 0 | AX17: 2134400 | AY17: 0 | AZ17: 21584470 | BA17: 5000000 | BB17: 0 | BC17: 0 | BD17: 0 | BE17: 38848871 | BF17: 192651 | BG17: 244036935 | BH17: 60000 | BI17: 75000 | BJ17: -84500 | BK17: 55923818 | BL17: 20577776 | BM17: 7185766 | BN17: 63682976 | BO17: 24609263 | BP17: 145437626 | BQ17: 80839947
A18: 15 | B18: 13.Chi phí khác | C18: 7 | D18: 0 | E18: 0 | F18: 0 | G18: 0 | H18: 0 | I18: 0 | J18: 0 | K18: 0 | L18: 0 | M18: 0 | N18: 0 | O18: 0 | P18: 265000000 | Q18: 0 | R18: 0 | S18: 0 | T18: 0 | U18: 0 | V18: 0 | W18: 0 | X18: 0 | Z18: 948405000 | AA18: 215000000 | AB18: 35745455 | AC18: 0 | AD18: 3125452 | AE18: 0 | AF18: 0 | AG18: 0 | AH18: 0 | AI18: 0 | AJ18: 0 | AK18: 0 | AL18: 0 | AM18: 0 | AN18: 21650000 | AO18: 0 | AP18: 2961692 | AQ18: 1535462 | AR18: 0 | AS18: 0 | AT18: 0 | AU18: 812640 | AV18: 0 | AW18: 1609246 | AX18: 2151500 | AY18: 0 | AZ18: 21650000 | BA18: 12 | BB18: 0 | BC18: 0 | BD18: 0 | BE18: 4346108 | BF18: 10140 | BG18: 3 | BH18: 43112 | BI18: 494540 | BK18: 975 | BL18: -4 | BM18: 300000 | BN18: 52000 | BO18: 220400 | BP18: 0 | BQ18: 22046718
A19: 16 | B19: 14.Lợi nhuận khác | C19: 7 | D19: 0 | E19: 0 | F19: 810000 | G19: 0 | H19: 960000 | I19: 0 | J19: 0 | K19: 0 | L19: 0 | M19: 0 | N19: 0 | O19: 0 | P19: 69571363 | Q19: 0 | R19: 0 | S19: 0 | T19: 0 | U19: 0 | V19: 0 | W19: 0 | X19: 0 | Y19: 2400200 | AA19: 39801000 | AB19: -9615455 | AC19: 3000000 | AD19: -1925452 | AE19: 710000 | AF19: 200000 | AG19: 4200000 | AH19: 16400000 | AI19: 200000 | AJ19: 0 | AK19: 200000 | AL19: 0 | AM19: 101445000 | AN19: -21650000 | AO19: 1097349 | AP19: -2961692 | AQ19: -1535462 | AR19: 0 | AS19: 0 | AT19: 927028 | AU19: -812640 | AV19: 0 | AW19: -1609246 | AX19: -17100 | AY19: 0 | AZ19: -65530 | BA19: 4999988 | BB19: 0 | BC19: 0 | BD19: 0 | BE19: 34502763 | BF19: 182511 | BG19: 244036932 | BH19: 16888 | BI19: -419540 | BJ19: -84500 | BK19: 55922843 | BL19: 20577780 | BM19: 6885766 | BN19: 63630976 | BO19: 24388863 | BP19: 145437626 | BQ19: 58793229
A20: 17 | B20: 15.Tổng lợi nhuận kế toán trước thuế | C20: 7 | D20: -409381721 | E20: -255852308 | F20: -289562746 | G20: -221158003 | H20: -158788884 | I20: -163311329 | J20: -128277358 | K20: -100677535 | L20: -122886734 | M20: -154160043 | N20: -178082076 | O20: -235623357 | P20: 436605478 | Q20: -249826970 | R20: 252613936 | S20: 89157718 | T20: 582092467 | U20: 62295741 | V20: 245159362 | W20: 787564668 | X20: 451388729 | Y20: 20066969 | Z20: 371628946 | AA20: -2245602713 | AB20: -695390671 | AC20: -409959538 | AD20: -627693658 | AE20: 276639961 | AF20: 1090114451 | AG20: -183039550 | AH20: -511046246 | AI20: -299937249 | AJ20: -247512811 | AK20: 215412564 | AL20: 281001910 | AM20: 687832733 | AN20: -6888417 | AO20: -111684924 | AP20: 245648215 | AQ20: -95403313 | AR20: -323849797 | AS20: -111483671 | AT20: -318297985 | AU20: -395752043 | AV20: -556670192 | AW20: -90458698 | AX20: -137324570 | AY20: -349818396 | AZ20: -709728629 | BA20: -666184578 | BB20: -251636967 | BC20: 711287570 | BD20: 224729120 | BE20: 635187089 | BF20: 1321680656 | BG20: 1205904768 | BH20: 339730983 | BI20: 416403421 | BJ20: 379915613 | BK20: 597840394 | BL20: 814808996 | BM20: 152467569 | BN20: 837510453 | BO20: 621575723 | BP20: 1154533606 | BQ20: 1153494054
A21: 18 | B21: 16.Chi phí thuế TNDN hiện hành | C21: 7 | D21: 0 | E21: 0 | F21: 0 | G21: 0 | H21: 0 | I21: 0 | J21: 0 | K21: 0 | L21: 0 | M21: 0 | N21: 0 | O21: 0 | P21: 0 | Q21: 0 | R21: 0 | S21: 0 | T21: 0 | U21: 0 | V21: 0 | W21: 0 | X21: 0 | Z21: 0 | AA21: 0 | AC21: 0 | AD21: 0 | AE21: 0 | AF21: 0 | AG21: 0 | AH21: 0 | AI21: 0 | AJ21: 0 | AK21: 0 | AL21: 0 | AM21: 0 | AN21: 0 | AO21: 0 | AP21: 0 | AQ21: 0 | AR21: 0 | AS21: 0 | AT21: 0 | AU21: 32927331 | AV21: 0 | AW21: 0 | AX21: 0 | AY21: 0 | AZ21: 0 | BA21: 0 | BB21: 0 | BC21: 0 | BD21: 0 | BE21: 0 | BF21: 0 | BG21: 0 | BH21: 0 | BI21: 0 | BK21: 461321716 | BL21: 0 | BM21: 0 | BN21: 306813793 | BO21: 105667873 | BP21: 196270713 | BQ21: 230698810
A22: 19 | B22: 17.Chi phí thuế TNDN hoãn lại | C22: 7 | D22: 0 | E22: 0 | F22: 0 | G22: 0 | H22: 0 | I22: 0 | J22: 0 | K22: 0 | L22: 0 | M22: 0 | N22: 0 | O22: 0 | P22: 0 | Q22: 0 | R22: 0 | S22: 0 | T22: 0 | U22: 0 | V22: 0 | W22: 0 | X22: 0 | Z22: 0 | AA22: 0 | AC22: 0 | AD22: 0 | AE22: 0 | AF22: 0 | AG22: 0 | AH22: 0 | AI22: 0 | AJ22: 0 | AK22: 0 | AL22: 0 | AM22: 0 | AN22: 0 | AO22: 0 | AP22: 0 | AQ22: 0 | AR22: 0 | AS22: 0 | AT22: 0 | AU22: 0 | AV22: 0 | AW22: 0 | AX22: 0 | AY22: 0 | AZ22: 0 | BA22: 0 | BB22: 0 | BC22: 0 | BD22: 0 | BE22: 0 | BF22: 0 | BG22: 0 | BH22: 0 | BI22: 0 | BL22: 0 | BM22: 0 | BN22: 0 | BO22: 0 | BP22: 0 | BQ22: 0
A23: 20 | B23: 18.Lợi nhuận sau thuế thu nhập doanh nghiệp | C23: 7 | D23: -409381721 | E23: -255852308 | F23: -289562746 | G23: -221158003 | H23: -158788884 | I23: -163311329 | J23: -128277358 | K23: -100677535 | L23: -122886734 | M23: -154160043 | N23: -178082076 | O23: -235623357 | P23: 436605478 | Q23: -249826970 | R23: 252613936 | S23: 89157718 | T23: 582092467 | U23: 62295741 | V23: 245159362 | W23: 787564668 | X23: 451388729 | Y23: 20066969 | Z23: 371628946 | AA23: -2245602713 | AB23: -695390671 | AC23: -409959538 | AD23: -627693658 | AE23: 276639961 | AF23: 1090114451 | AG23: -183039550 | AH23: -511046246 | AI23: -299937249 | AJ23: -247512811 | AK23: 215412564 | AL23: 281001910 | AM23: 687832733 | AN23: -6888417 | AO23: -111684924 | AP23: 245648215 | AQ23: -95403313 | AR23: -323849797 | AS23: -111483671 | AT23: -318297985 | AU23: -428679374 | AV23: -556670192 | AW23: -90458698 | AX23: -137324570 | AY23: -349818396 | AZ23: -709728629 | BA23: -666184578 | BB23: -251636967 | BC23: 711287570 | BD23: 224729120 | BE23: 635187089 | BF23: 1321680656 | BG23: 1205904768 | BH23: 339730983 | BI23: 416403421 | BJ23: 379915613 | BK23: 136518678 | BL23: 814808996 | BM23: 152467569 | BN23: 530696660 | BO23: 515907850 | BP23: 958262893 | BQ23: 922795244

Sheet Luu chuyen tien te
B1: CÔNG TY TNHH THU MUA PHẾ LIỆU KHÁNH NGA
B2: VND
A3: Index CF | B3: PHẦN III- LƯU CHUYỂN TIỀN TỆ | C3: TenCongTyID | D3: T1.2021 | E3: T02.2021 | F3: T03.2021 | G3: T04.2021 | H3: T05.2021 | I3: T06.2021 | J3: T07.2021 | K3: T08.2021 | L3: T09.2021 | M3: T10.2021 | N3: T11.2021 | O3: T12.2021 | P3: T1.2022 | Q3: T02.2022 | R3: T03.2022 | S3: T04.2022 | T3: T05.2022 | U3: T06.2022 | V3: T07.2022 | W3: T08.2022 | X3: T09.2022 | Y3: T10.2022 | Z3: T11.2022 | AA3: T12.2022 | AB3: T1.2023 | AC3: T02.2023 | AD3: T03.2023 | AE3: T04.2023 | AF3: T05.2023 | AG3: T06.2023 | AH3: T07.2023 | AI3: T08.2023 | AJ3: T09.2023 | AK3: T10.2023 | AL3: T11.2023 | AM3: T12.2023 | AN3: T01.2024 | AO3: T02.2024 | AP3: T03.2024 | AQ3: T04.2024 | AR3: T05.2024 | AS3: T06.2024 | AT3: T07.2024 | AU3: T08.2024 | AV3: T09.2024 | AW3: T10.2024 | AX3: T11.2024 | AY3: T12.2024 | AZ3: T01.2025 | BA3: T02.2025 | BB3: T03.2025 | BC3: T04.2025 | BD3: T05.2025 | BE3: T06.2025 | BF3: T07.2025 | BG3: T08.2025 | BH3: T09.2025 | BI3: T10.2025 | BJ3: T11.2025 | BK3: T12.2025 | BL3: T01.2026 | BM3: T02.2026 | BN3: T03.2026 | BO3: T04.2026 | BP3: T05.2026 | BQ3: T06.2026 | BR3: T07.2026 | BS3: T08.2026 | BT3: T09.2026 | BU3: T10.2026 | BV3: T11.2026 | BW3: T12.2026
A4: 1 | B4: I. Lưu chuyển tiền từ hoạt động kinh doanh | C4: 7
A5: 2 | B5: Lợi nhuận trước thuế | C5: 7 | D5: -409381721 | E5: -255852308 | F5: -289562746 | G5: -221158003 | H5: -158788884 | I5: -163311329 | J5: -128277358 | K5: -100677535 | L5: -122886734 | M5: -154160043 | N5: -178082076 | O5: -235623357 | P5: 436605477 | Q5: -249826969 | R5: 252613936 | S5: 89157718 | T5: 582092468 | U5: 62295741 | V5: 245159362 | W5: 787564668 | X5: 451388729 | Y5: 20066969 | Z5: 371628946 | AA5: -2245602713 | AB5: -695390671 | AC5: -409959538 | AD5: -627693658 | AE5: 276639961 | AF5: 1090114451 | AG5: -183039550 | AH5: -511046246 | AI5: -299937249 | AJ5: -247512811 | AK5: 215412564 | AL5: 281001910 | AM5: 687832733 | AN5: -6888417 | AO5: -111684924 | AP5: 245648215 | AQ5: -95403313 | AR5: -323849797 | AS5: -111483671 | AT5: -318297985 | AU5: -395752043 | AV5: -556670192 | AW5: -90458698 | AX5: -137324570 | AY5: -349818396 | AZ5: -709728629 | BA5: -666184578 | BB5: -251636967 | BC5: 711287570 | BD5: 224729120 | BE5: 635187089 | BF5: 1321680656 | BG5: 1205904768 | BH5: ='Ket qua kinh doanh'!BH20 -> 339730983 | BI5: 416403421 | BJ5: 379915613 | BK5: 597840394 | BL5: 814808996 | BM5: 152467569 | BN5: 837510453 | BO5: 621575723 | BP5: 1154533606 | BQ5: 1153494054
A6: 3 | B6: Điều chỉnh cho các khoản: | C6: 7 | D6: 0 | E6: 0 | F6: 0 | G6: 0 | H6: 0 | I6: 0 | J6: 0 | K6: 0 | L6: 0 | M6: 0 | N6: 0 | O6: 0 | P6: 0 | Q6: 0 | R6: 0 | S6: 0 | T6: 0 | U6: 0 | V6: 0 | W6: 0 | X6: 0
A7: 4 | B7: Khấu hao tài sản cố định và BĐSĐT | C7: 7 | D7: 0 | E7: 0 | F7: 0 | G7: 0 | H7: 0 | I7: 0 | J7: 0 | K7: 0 | L7: 0 | M7: 0 | N7: 0 | O7: 0 | Q7: 21113194 | R7: 25974305 | S7: 25974305 | T7: 25974305 | U7: 25974305 | V7: 38153318 | W7: 50433672 | X7: 52383672 | Y7: 50433672 | Z7: 57846172 | AA7: 52383672 | AB7: 68629505 | AC7: 68629505 | AD7: 91248963 | AE7: 89998966 | AF7: 89998966 | AG7: 89998966 | AH7: 89998966 | AI7: 89998966 | AJ7: 89998966 | AK7: 89998966 | AL7: 89998966 | AM7: 89998966 | AN7: 112003532 | AO7: 112003532 | AP7: 112003532 | AQ7: 112003532 | AR7: 117514284 | AS7: 113003532 | AT7: 113003532 | AU7: 118836865 | AV7: 118836865 | AW7: 134265829 | AX7: 147408361 | AY7: 147770190 | AZ7: 153545190 | BA7: 155809922 | BB7: 155821589 | BC7: 182654922 | BD7: 161644174 | BE7: 162718967 | BF7: 178218967 | BG7: 153885633 | BH7: 177218967 | BI7: 177218967 | BJ7: 175376378 | BK7: 175376375 | BL7: 182652675 | BM7: 183467237 | BN7: 186958884 | BO7: 186958885 | BP7: 128899640 | BQ7: 200424890
A8: 5 | B8: Các khoản dự phòng | C8: 7 | D8: 0 | E8: 0 | F8: 0 | G8: 0 | H8: 0 | I8: 0 | J8: 0 | K8: 0 | L8: 0 | M8: 0 | N8: 0 | O8: 0 | P8: 0 | Q8: 0 | R8: 0 | S8: 0 | T8: 0 | U8: 0 | V8: 0 | W8: 0 | X8: 0 | AE8: 0 | AF8: 0 | AH8: 0 | AJ8: 0 | AQ8: 0 | AR8: 0 | AS8: 0 | AT8: 0 | AV8: 0
A9: 6 | B9: Lãi, lỗ chênh lệch tỷ giá do đánh giá lại các khoản mục tiền tệ có gốc ngoại tệ | C9: 7 | D9: 0 | E9: 0 | F9: 0 | G9: 0 | H9: 0 | I9: 0 | J9: 0 | K9: 0 | L9: 0 | M9: 0 | N9: 0 | O9: 0 | P9: 0 | Q9: 0 | R9: 0 | S9: 0 | T9: 0 | U9: 0 | V9: 0 | W9: 0 | X9: 0
A10: 7 | B10: Lãi, lỗ từ hoạt động đầu tư, tài chính | C10: 7 | D10: -318142 | E10: -320963 | F10: -233602 | G10: -61216 | H10: -35718 | I10: -34791 | J10: -12026 | K10: -150953 | L10: -154805 | M10: -33961 | N10: -393956 | O10: -583723 | P10: -188347 | Q10: -108270 | R10: -116336 | S10: -112685 | T10: -69856 | U10: -58583 | V10: -58534 | W10: -31901 | X10: -52284 | Y10: -76465 | Z10: 917457 | AA10: 836815 | AB10: 1927792 | AC10: 898359 | AD10: 313046 | AE10: -305664 | AF10: -225244 | AG10: -179902 | AH10: -290077 | AI10: -217696 | AJ10: -212651 | AK10: -199782 | AL10: -37087 | AM10: -15737 | AN10: 25689 | AO10: 15096 | AP10: 20265 | AQ10: -39658 | AR10: -32454 | AS10: -31525 | AT10: -35902 | AU10: -42375 | AV10: -48870 | AW10: -40410 | AX10: -56627 | AY10: -56627 | AZ10: -29372 | BA10: -5534452 | BB10: -11730 | BC10: -32915 | BD10: -29738 | BE10: -31894 | BF10: -35475 | BG10: -52005 | BH10: =-'Ket qua kinh doanh'!BH11 -> -67306 | BI10: -64017 | BJ10: -74303 | BK10: -19794484 | BL10: -21329 | BM10: -29022 | BN10: -37724173 | BO10: -11890904 | BP10: -17033 | BQ10: -24058607
A11: 8 | B11: Chi phí đi vay | C11: 7 | D11: 0 | E11: 0 | F11: 0 | G11: 0 | H11: 0 | I11: 0 | J11: 0 | K11: 0 | L11: 0 | M11: 0 | N11: 0 | O11: 0 | P11: 0 | Q11: 0 | R11: 0 | S11: 0 | T11: 0 | U11: 0 | V11: 0 | W11: 0 | X11: 0
A12: 9 | B12: Các khoản điều chỉnh khác | C12: 7 | D12: 0 | E12: 0 | F12: 0 | G12: 0 | H12: 0 | I12: 0 | J12: 0 | K12: 0 | L12: 0 | M12: 0 | N12: 0 | O12: 0 | P12: 0 | Q12: 0 | R12: 0 | S12: 0 | T12: 0 | U12: 0 | V12: 0 | W12: 0 | X12: 0 | BK12: -461321716 | BL12: 0 | BM12: 0 | BN12: -306813793 | BO12: -105667873 | BP12: -196270713 | BQ12: -285845866
A13: 10 | B13: Lợi nhuận từ hoạt động kinh doanh trước thay đổi vốn lưu động | C13: 7 | D13: -409699863 | E13: -256173271 | F13: -289796348 | G13: =SUM(G5:G12) -> -221219219 | H13: -158824602 | I13: -163346120 | J13: -128289384 | K13: -100828488 | L13: -123041539 | M13: -154194004 | N13: -178476032 | O13: -236207080 | P13: 436417130 | Q13: -2.2882204e+08 | R13: 2.7847191e+08 | S13: 1.1501934e+08 | T13: 6.0799692e+08 | U13: 88211463 | V13: 2.8325415e+08 | W13: 8.3796644e+08 | X13: 5.0372012e+08 | Y13: 70424176 | Z13: 4.3039257e+08 | AA13: -2.1923822e+09 | AB13: -624833374 | AC13: -340431674 | AD13: -536131649 | AE13: 366333263 | AF13: 1179888173 | AG13: -93220486 | AH13: -421337357 | AI13: -210155979 | AJ13: -157726496 | AK13: 305211748 | AL13: 370963789 | AM13: 777815962 | AN13: 105140804 | AO13: 333704 | AP13: 357672012 | AQ13: 16560561 | AR13: -206367967 | AS13: 1488336 | AT13: -205330355 | AU13: -276957553 | AV13: -437882197 | AW13: 43766721 | AX13: =SUM(AX5:AX12) -> 10027164 | AY13: =SUM(AY5:AY12) -> -202104833 | AZ13: -556212811 | BA13: -515909108 | BB13: -95827108 | BC13: 893909577 | BD13: 386343556 | BE13: 797874162 | BF13: 1499864148 | BG13: 1359738396 | BH13: =+SUM(BH5:BH12) -> 516882644 | BI13: 593558371 | BJ13: 555217688 | BK13: 292100569 | BL13: 997440342 | BM13: 335905784 | BN13: 679931371 | BO13: 690975831 | BP13: 1087145500 | BQ13: 1044014471
A14: 11 | B14: Tăng / giảm các khoản phải thu | C14: 7 | D14: -402723260 | E14: -681225389 | F14: -780098849 | G14: -24545158 | H14: -698789000 | I14: -297352660 | J14: -195947400 | K14: -202612080 | L14: 0 | M14: 0 | N14: 0 | O14: 0 | P14: 0 | Q14: -124736070 | R14: -1148931040 | S14: -2602505160 | T14: -1129416360 | U14: -1191001860 | V14: -732912300 | W14: -1413686520 | X14: -893299320 | Y14: -4.3788946e+08 | Z14: -2.4887734e+09 | AA14: 1210478657 | AB14: -4596579681 | AC14: -790822044 | AD14: 410327432 | AE14: 745964512 | AF14: -600570317 | AG14: 1.3939389e+09 | AH14: -85401727 | AI14: 1728251878 | AJ14: -7.6317877e+08 | AK14: -1101352659 | AL14: -618403245 | AM14: -25567334 | AN14: 1.8958168e+09 | AO14: -1791293940 | AP14: 1.8132244e+09 | AQ14: 110073800 | AR14: -2.3813995e+09 | AS14: 209353936 | AT14: 1.8138265e+09 | AU14: -97308159 | AV14: -895545760 | AW14: 625429070 | AX14: -793314641 | AY14: -793314641 | AZ14: 93707111 | BA14: 2781887 | BB14: 1.1955343e+09 | BC14: -1.203967e+08 | BD14: -1364332338 | BE14: 1.4194461e+09 | BF14: -75769434 | BG14: 168299208 | BH14: -514277155 | BI14: -944391200 | BJ14: -247435085 | BK14: -1208302064 | BL14: 1176929148 | BM14: -2280563095 | BN14: -3310040514 | BO14: 4276514183 | BP14: -768010979 | BQ14: 508983533
A15: 12 | B15: Tăng / giảm hàng tồn kho | C15: 7 | D15: -30031674 | E15: 249256505 | F15: 237190370 | G15: 9510334 | H15: 380380686 | I15: 248598711 | J15: 83250719 | K15: 0 | L15: 0 | M15: -231521800 | N15: -795634614 | O15: -269118622 | P15: -231231097 | Q15: -498898639 | R15: -327686228 | S15: -81453062 | T15: -671424169 | U15: -366524466 | V15: -2395469004 | W15: -414727787 | X15: -708294965 | Y15: 63174313 | Z15: -1.1020099e+09 | AA15: 3371365988 | AB15: -3244492797 | AC15: 450933552 | AD15: -429193215 | AE15: -209769698 | AF15: 451746049 | AG15: 8.1302888e+08 | AH15: 8.7475934e+08 | AI15: -123682802 | AJ15: -454854708 | AK15: -1.5952737e+09 | AL15: -1.268106e+09 | AM15: 144255784 | AN15: -365364141 | AO15: 486557668 | AP15: 1.1410307e+09 | AQ15: 1.3452515e+08 | AR15: 1.2693697e+09 | AS15: 331524506 | AT15: 2.6547536e+08 | AU15: 217745988 | AV15: -1.0388871e+09 | AW15: 3.5616451e+08 | AX15: 225413763 | AY15: 225413763 | AZ15: -1.7490471e+09 | BA15: -2.4456122e+09 | BB15: 1.566955e+09 | BC15: 351754220 | BD15: 480844042 | BE15: -9.225223e+08 | BF15: 5.4414372e+08 | BG15: -128499241 | BH15: 1.8746949e+09 | BI15: 725461291 | BJ15: -611859991 | BK15: -8.4387525e+08 | BL15: -2305649653 | BM15: -293934846 | BN15: -1103366322 | BO15: 860941773 | BP15: -3406913583 | BQ15: -4502125949
A16: 13 | B16: Tăng / giảm các khoản phải trả (Không bao gồm lãi vay phải trả, thuế TNDN phải nộp) | C16: 7 | D16: 66348698 | E16: 438457194 | F16: 79525715 | G16: -252869335 | H16: 610636474 | I16: 79819860 | J16: -158900714 | K16: 1422988388 | L16: -510749647 | M16: 47693613 | N16: 4842167964 | O16: -1598898189 | P16: -685883800 | Q16: =962221757-21113194.181818 -> 9.4110856e+08 | R16: =2442324654-110737030.292929 -> 2.3315876e+09 | S16: =1054404527-25974305.2929287 -> 1.0284302e+09 | T16: =711515464-25974305.2929287 -> 6.8554116e+08 | U16: =1028912468-25974305.2929287 -> 1.0029382e+09 | V16: =-190690891-38153317.6386085 -> -2.2884421e+08 | W16: =2415376775-50433671.805275 -> 2.3649431e+09 | X16: =2221420966-52383671.805275 -> 2.1690373e+09 | Y16: 3.7270271e+08 | Z16: -6.7397399e+08 | AA16: =-1150150569-52383671.4158282 -> -1.2025342e+09 | AB16: -2006637562 | AC16: -1677064415 | AD16: -151103526 | AE16: 998175567 | AF16: 230454050 | AG16: 643730547 | AH16: -1377376182 | AI16: -21849058 | AJ16: 1.4696295e+08 | AK16: -1001054286 | AL16: 1414908858 | AM16: 174983557 | AN16: -1.0423226e+09 | AO16: 380165439 | AP16: -3.4229549e+08 | AQ16: -85234439 | AR16: -3.3076631e+08 | AS16: 306614481 | AT16: -499813005 | AU16: 2215115228 | AV16: 345442318 | AW16: 2472137441 | AX16: 423979753 | AY16: 423979753 | AZ16: -30844221 | BA16: 1616635995 | BB16: -1.024284e+09 | BC16: -6.7703492e+08 | BD16: -91919914 | BE16: 4.9656686e+08 | BF16: 1.9068905e+08 | BG16: 1623367376 | BH16: -2.3081613e+09 | BI16: -339766486 | BJ16: 488919343 | BK16: 1.5866819e+09 | BL16: 613551497 | BM16: -190631293 | BN16: 1057010938 | BO16: -2155984059 | BP16: 1488747957 | BQ16: 1057618632
A17: 14 | B17: Tăng / giảm chi phí chờ phân bổ | C17: 7 | D17: -153227500 | E17: 86772500 | F17: 86772500 | G17: 153227500 | H17: 21397500 | I17: 82775000 | J17: 6605303 | K17: 6606303 | L17: 6605303 | M17: 27141832 | N17: -8116851 | O17: -9122155 | P17: -163832997 | Q17: -3889084 | R17: -502255700 | S17: -82698124 | T17: -58235105 | U17: -10486656 | V17: -36896285 | W17: -9583423 | X17: -52408077 | Y17: -3.4807519e+08 | Z17: 1.1816509e+09 | AA17: 2.0620856e+09 | AB17: 9937798958 | AC17: 593261 | AD17: 441816626 | AE17: -202474600 | AF17: 211550402 | AG17: 109098214 | AH17: 94364906 | AI17: 151320335 | AJ17: 173428508 | AK17: 44351244 | AL17: -155497142 | AM17: 182166598 | AN17: -151119418 | AO17: -240681523 | AP17: 135849008 | AQ17: -244107099 | AR17: 53629615 | AS17: 201071244 | AT17: -55624373 | AU17: -577809663 | AV17: 324737976 | AW17: -1181369555 | AX17: -134283975 | AY17: =-134283975+1279553382 -> 1145269407 | AZ17: -99733827 | BA17: 145987661 | BB17: 347499120 | BC17: -24842447 | BD17: -131767933 | BE17: -1586056 | BF17: -33612919 | BG17: 7038854 | BH17: 45266705 | BI17: 58727327 | BJ17: -2949748 | BK17: -78188787 | BL17: 184849477 | BM17: -234526048 | BN17: 175003503 | BO17: 87463938 | BP17: 175092383 | BQ17: 218513176
A18: 15 | B18: Tăng / giảm chứng khoán kinh doanh | C18: 7 | D18: 0 | E18: 0 | F18: 0 | G18: 0 | H18: 0 | I18: 0 | J18: 0 | K18: 0 | L18: 0 | M18: 0 | N18: 0 | O18: 0 | P18: 0 | Q18: 0 | R18: 0 | S18: 0 | T18: 0 | U18: 0 | V18: 0 | W18: 0 | X18: 0
A19: 16 | B19: Chi phí đi vay đã trả | C19: 7 | D19: 0 | E19: 0 | F19: 0 | G19: 0 | H19: 0 | I19: 0 | J19: 0 | K19: 0 | L19: 0 | M19: 0 | N19: 0 | O19: 0 | P19: 0 | Q19: 0 | R19: 0 | S19: 0 | T19: 0 | U19: 0 | V19: 0 | W19: 0 | X19: 0
A20: 17 | B20: Thuế thu nhập doanh nghiệp đã nộp | C20: 7 | D20: 0 | E20: 0 | F20: 0 | G20: 0 | H20: 0 | I20: 0 | J20: 0 | K20: 0 | L20: 0 | M20: 0 | N20: 0 | O20: 0 | P20: 0 | Q20: 0 | R20: 0 | S20: 0 | T20: 0 | U20: 0 | V20: 0 | W20: 0 | X20: 0 | BK20: 0 | BL20: 0 | BM20: 0 | BN20: 0 | BO20: 0 | BP20: 0 | BQ20: 0
A21: 18 | B21: Tiền thu khác từ hoạt động kinh doanh | C21: 7 | D21: 318142 | E21: 0 | F21: 74483602 | G21: 0 | H21: 0 | I21: 0 | J21: 0 | K21: 0 | L21: 0 | M21: 0 | N21: 0 | O21: 0 | P21: 0 | Q21: 0 | R21: 0 | S21: 0 | T21: 0 | U21: 0 | V21: 0 | W21: 0 | X21: 0
A22: 19 | B22: Tiền chi khác cho hoạt động kinh doanh | C22: 7 | D22: 0 | E22: -105334124 | F22: 0 | G22: 0 | H22: 0 | I22: 0 | J22: 0 | K22: 0 | L22: 0 | M22: 0 | N22: 0 | O22: 0 | P22: 0 | Q22: 0 | R22: 0 | S22: 0 | T22: 0 | U22: 0 | V22: 0 | W22: 0 | X22: 0
A23: 20 | B23: Lưu chuyển tiền thuần từ hoạt động kinh doanh | C23: 7 | D23: =SUM(D13:D22) -> -929015457 | E23: =SUM(E13:E22) -> -268246585 | F23: =SUM(F13:F22) -> -591923010 | G23: =SUM(G13:G22) -> -335895878 | H23: =SUM(H13:H22) -> 154801058 | I23: =SUM(I13:I22) -> -49505209 | J23: =SUM(J13:J22) -> -393281476 | K23: =SUM(K13:K22) -> 1126154123 | ... BK23: =SUM(BK13:BK22) -> -2.5158363e+08 | BL23: 667120811 | BM23: -2663749498 | BN23: -2501461024 | BO23: 3759911666 | BP23: -1423938722 | BQ23: -1672996137
A24: 21 | B24: II. Lưu chuyển tiền từ hoạt động đầu tư | C24: 7 | D24: 0 | E24: 0 | F24: 0 | G24: 0 | H24: 0 | I24: 0 | J24: 0 | K24: 0 | L24: 0 | M24: 0 | N24: 0 | O24: 0 | P24: 0 | Q24: 0 | R24: 0 | S24: 0 | T24: 0 | U24: 0 | V24: 0 | W24: 0 | X24: 0 | AF24: 0 | AG24: 0 | AH24: 0 | AI24: 0 | AJ24: 0 | AK24: 0 | AL24: 0 | AM24: 0 | AO24: 0 | AP24: 0 | AQ24: 0 | AS24: 0 | AT24: 0 | AU24: 0 | BI24: 64017
A25: 22 | B25: Tiền chi để mua sắm, xây dựng, TSCĐ và các tài sản dài hạn khác | C25: 7 | D25: 0 | E25: 0 | F25: -265000000 | G25: -265000000 | H25: 0 | I25: 0 | J25: 0 | K25: 0 | L25: 0 | M25: 0 | N25: 0 | O25: 0 | P25: 0 | Q25: 0 | R25: 0 | S25: 0 | T25: 0 | U25: 0 | V25: 0 | W25: 0 | X25: 0 | AR25: -82000000 | AX25: -872317884 | AY25: -872317884 | AZ25: -578095672 | BC25: -773000000 | BD25: 77500000 | BE25: -509500000 | BG25: -244000000 | BJ25: 0 | BK25: 0 | BL25: -407747625 | BM25: -145987297 | BN25: 0 | BO25: -722760328 | BP25: -85130340 | BQ25: -40000000
A26: 23 | B26: Tiền thu từ thanh lý, nhượng bán TSCĐ và các tài sản dài hạn khác | C26: 7 | D26: 0 | E26: 0 | F26: 0 | G26: 0 | H26: 0 | I26: 0 | J26: 0 | K26: 0 | L26: 0 | M26: 0 | N26: 0 | O26: 0 | P26: 0 | Q26: 0 | R26: 0 | S26: 0 | T26: 0 | U26: 0 | V26: 0 | W26: 0 | X26: 0 | AE26: 75000000 | BJ26: 0
A27: 24 | B27: Tiền chi cho vay, mua các công cụ nợ của đơn vị khác | C27: 7 | D27: 0 | E27: 0 | F27: 0 | G27: 0 | H27: 0 | I27: 0 | J27: 0 | K27: 0 | L27: 0 | M27: 0 | N27: 0 | O27: 0 | P27: 0 | Q27: 0 | R27: 0 | S27: 0 | T27: 0 | U27: 0 | V27: 0 | W27: 0 | X27: 0 | AZ27: -2000000000 | BA27: 2000000000 | BJ27: 0 | BK27: 0 | BL27: 0 | BM27: 0 | BN27: 0 | BO27: -1000000000 | BP27: 0 | BQ27: 0
A28: 25 | B28: Tiền thu hồi cho vay, bán lại các công cụ nợ của đơn vị khác | C28: 7 | D28: 0 | E28: 0 | F28: 0 | G28: 0 | H28: 0 | I28: 0 | J28: 0 | K28: 0 | L28: 0 | M28: 0 | N28: 0 | O28: 0 | P28: 0 | Q28: 0 | R28: 0 | S28: 0 | T28: 0 | U28: 0 | V28: 0 | W28: 0 | X28: 0 | BJ28: 0
A29: 26 | B29: Tiền chi đầu tư góp vốn vào đơn vị khác | C29: 7 | D29: 0 | E29: 0 | F29: 0 | G29: 0 | H29: 0 | I29: 0 | J29: 0 | K29: 0 | L29: 0 | M29: 0 | N29: 0 | O29: 0 | P29: 0 | Q29: 0 | R29: 0 | S29: 0 | T29: 0 | U29: 0 | V29: 0 | W29: 0 | X29: 0 | AE29: 0 | AF29: 0 | AJ29: 0 | AK29: 0 | AL29: 0 | AM29: 0 | AO29: 0 | AP29: 0 | AQ29: 0 | AR29: 0 | AV29: 0 | AW29: 0 | AX29: 0 | AY29: 0 | BH29: =-(('Tinh hinh tai chinh'!BH70-'Tinh hinh tai chinh'!BG70)+('Tinh hinh tai chinh'!BH71-'Tinh hinh tai chinh'!BG71)+('Tinh hinh tai chinh'!BH72-'Tinh hinh tai chinh'!BG72))-BH30 -> 0 | BJ29: 0
A30: 27 | B30: Tiền thu hồi đầu tư góp vốn vào đơn vị khác | C30: 7 | D30: 0 | E30: 0 | F30: 0 | G30: 0 | H30: 0 | I30: 0 | J30: 0 | K30: 0 | L30: 0 | M30: 0 | N30: 0 | O30: 0 | P30: 0 | Q30: 0 | R30: 0 | S30: 0 | T30: 0 | U30: 0 | V30: 0 | W30: 0 | X30: 0 | BJ30: 0
A31: 28 | B31: Tiền thu lãi cho vay, cổ tức, và lợi nhuận được chia | C31: 7 | D31: 0 | E31: 0 | F31: 0 | G31: 0 | H31: 0 | I31: 0 | J31: 0 | K31: 0 | L31: 0 | M31: 0 | N31: 0 | O31: 0 | P31: 0 | Q31: 0 | R31: 0 | S31: 0 | T31: 0 | U31: 0 | V31: 0 | W31: 0 | X31: 0 | AJ31: 212651 | AK31: 199782 | AL31: 37087 | AM31: 15737 | AN31: 25689 | AO31: 15096 | AP31: 20265 | AQ31: 39658 | AR31: 32454 | AS31: 31525 | AT31: 35902 | AU31: 42375 | AV31: 48870 | AW31: 40410 | AX31: 56627 | AY31: 56627 | AZ31: 29372 | BA31: 5534452 | BB31: 11730 | BC31: 32915 | BD31: 29738 | BE31: 31894 | BF31: 35475 | BG31: 52005 | BH31: =-BH10 -> 67306 | BI31: 64017 | BJ31: 74303 | BK31: 19794484 | BL31: 21329 | BM31: 29022 | BN31: 37724173 | BO31: 11890904 | BP31: 17033 | BQ31: 24058607
A32: 29 | B32: Lưu chuyển tiền thuần từ hoạt động đầu tư | C32: 7 | D32: =SUM(D25:D31) -> 0 | E32: =SUM(E25:E31) -> 0 | F32: =SUM(F25:F31) -> -265000000 | G32: =SUM(G25:G31) -> -265000000 | H32: =SUM(H25:H31) -> 0 | I32: =SUM(I25:I31) -> 0 | J32: =SUM(J25:J31) -> 0 | K32: =SUM(K25:K31) -> 0 | ... AX32: =SUM(AX25:AX31) -> -872261257 | AY32: -872261257 | AZ32: =SUM(AZ25:AZ31) -> -2578066300 | BA32: =SUM(BA25:BA31) -> 2005534452 | BB32: =SUM(BB25:BB31) -> 11730 | BC32: =SUM(BC25:BC31) -> -772967085 | BD32: =SUM(BD25:BD31) -> 77529738 | BE32: =SUM(BE25:BE31) -> -509468106 | BF32: =SUM(BF25:BF31) -> 35475 | BG32: =SUM(BG25:BG31) -> -243947995 | ... BJ32: =SUM(BJ25:BJ31) -> 74303 | BK32: 19794484 | BL32: -407726296 | BM32: -145958275 | BN32: 37724173 | BO32: -1710869424 | BP32: -85113307 | BQ32: -15941393
A33: 30 | B33: III. Lưu chuyển tiền từ hoạt động tài chính | C33: 7 | E33: 0 | F33: 0 | G33: 0 | H33: 0 | I33: 0 | J33: 0 | K33: 0 | L33: 0 | M33: 0 | N33: 0 | O33: 0 | Q33: 0 | R33: 0 | S33: 0 | T33: 0 | U33: 0 | V33: 0 | W33: 0 | X33: 0
A34: 31 | B34: Tiền thu từ phát hành cổ phiếu, nhận vốn góp của chủ sở hữu | C34: 7 | D34: 2000000000 | E34: 0 | F34: 0 | G34: 0 | H34: 0 | I34: 0 | J34: 0 | K34: 0 | L34: 0 | M34: 0 | N34: 0 | O34: 0 | P34: 5000000000 | Q34: 0 | R34: 0 | S34: 0 | T34: 0 | U34: 0 | V34: 0 | W34: 0 | X34: 0
A35: 32 | B35: Tiền trả lại vốn góp cho các chủ sở hữu, mua lại cổ phiểu đã phát hành | C35: 7 | D35: 0 | E35: 0 | F35: 0 | G35: 0 | H35: 0 | I35: 0 | J35: 0 | K35: 0 | L35: 0 | M35: 0 | N35: 0 | O35: 0 | P35: 0 | Q35: 0 | R35: 0 | S35: 0 | T35: 0 | U35: 0 | V35: 0 | W35: 0 | X35: 0
A36: 33 | B36: Tiền thu từ đi vay | C36: 7 | D36: 0 | E36: 0 | F36: 0 | G36: 0 | H36: 0 | I36: 0 | J36: 0 | K36: 0 | L36: 0 | M36: 0 | N36: 0 | O36: 0 | P36: 0 | Q36: 0 | R36: 0 | S36: 0 | T36: 0 | U36: 0 | V36: 0 | W36: 0 | X36: 0
A37: 34 | B37: Tiền trả nợ gốc vay | C37: 7 | D37: 0 | E37: 0 | F37: 0 | G37: 0 | H37: 0 | I37: 0 | J37: 0 | K37: 0 | L37: 0 | M37: 0 | N37: 0 | O37: 0 | P37: 0 | Q37: 0 | R37: 0 | S37: 0 | T37: 0 | U37: 0 | V37: 0 | W37: 0 | X37: 0 | AE37: 0 | AF37: 0 | AG37: 0 | AH37: 0 | AI37: -2000000000 | AJ37: 0 | AK37: 0 | AL37: 0 | AM37: 0 | AN37: 0 | AQ37: 0 | AR37: 0 | AS37: 0 | AT37: 0 | AU37: 0 | AV37: 0 | AW37: 0 | AX37: 0 | AY37: 0
A38: 35 | B38: Tiền trả nợ gốc thuê tài chính | C38: 7 | D38: 0 | E38: 0 | F38: 0 | G38: 0 | H38: 0 | I38: 0 | J38: 0 | K38: 0 | L38: 0 | M38: 0 | N38: 0 | O38: 0 | P38: 0 | Q38: 0 | R38: 0 | S38: 0 | T38: 0 | U38: 0 | V38: 0 | W38: 0 | X38: 0 | BL38: =BK41+BK42-BK44 -> 0 | BM38: =BJ44-BK42 -> 0
A39: 36 | B39: Cổ tức, lợi nhuận đã trả cho chủ sở hữu | C39: 7 | D39: 0 | E39: 0 | F39: 0 | G39: 0 | H39: 0 | I39: 0 | J39: 0 | K39: 0 | L39: 0 | M39: 0 | N39: 0 | O39: 0 | P39: 0 | Q39: 0 | R39: 0 | S39: 0 | T39: 0 | U39: 0 | V39: 0 | W39: 0 | X39: 0
A40: 37 | B40: Lưu chuyển thuần từ hoạt động tài chính | C40: 7 | D40: =SUM(D34:D39) -> 2000000000 | E40: =SUM(E34:E39) -> 0 | F40: =SUM(F34:F39) -> 0 | G40: =SUM(G34:G39) -> 0 | H40: =SUM(H34:H39) -> 0 | I40: =SUM(I34:I39) -> 0 | J40: =SUM(J34:J39) -> 0 | K40: =SUM(K34:K39) -> 0 | ... AX40: =SUM(AX34:AX39) -> 0 | AY40: 0 | AZ40: =SUM(AZ34:AZ39) -> 0 | BA40: =SUM(BA34:BA39) -> 0 | BB40: =SUM(BB34:BB39) -> 0 | BC40: =SUM(BC34:BC39) -> 0 | BD40: =SUM(BD34:BD39) -> 0 | BE40: =SUM(BE34:BE39) -> 0 | BF40: =SUM(BF34:BF39) -> 0 | BG40: =SUM(BG34:BG39) -> 0 | ... BI40: =SUM(BI34:BI39) -> 0 | BJ40: 0 | BK40: 0 | BL40: 0 | BM40: 0 | BN40: 0 | BO40: 0 | BP40: 0 | BQ40: 0
A41: 38 | B41: Lưu chuyển tiền thuần trong kỳ | C41: 7 | D41: =SUM(D23,D32,D40) -> 1070984543 | E41: =SUM(E23,E32,E40) -> -268246585 | F41: =SUM(F23,F32,F40) -> -856923010 | G41: =SUM(G23,G32,G40) -> -600895878 | H41: =SUM(H23,H32,H40) -> 154801058 | I41: =SUM(I23,I32,I40) -> -49505209 | J41: =SUM(J23,J32,J40) -> -393281476 | K41: =SUM(K23,K32,K40) -> 1126154123 | ... BQ41: =SUM(BQ23,BQ32,BQ40) -> -1688937530
A42: 39 | B42: Tiền và tương đương tiền đầu kỳ | C42: 7 | D42: 969316337 | E42: =D44 -> 2040300880 | F42: =E44 -> 1772054295 | G42: =F44 -> 915131285 | H42: =G44 -> 314235407 | I42: =H44 -> 469036465 | J42: =I44 -> 419531256 | K42: =J44 -> 26249780 | L42: =K44 -> 1152403903 | ... BQ42: =BP44 -> 4265994913
A43: 40 | B43: Ảnh hưởng của thay đổi tỷ giá hối đoái quy đổi ngoại tệ | C43: 7 | D43: 0 | E43: 0 | F43: 0 | G43: 0 | H43: 0 | I43: 0 | J43: 0 | K43: 0 | L43: 0 | M43: 0 | N43: 0 | O43: 0 | P43: 0 | Q43: 0 | R43: 0 | S43: 0 | T43: 0 | U43: 0 | V43: 0 | W43: 0 | X43: 0
A44: 41 | B44: Tiền và tương đương tiền cuối kỳ | C44: 7 | D44: =SUM(D41:D43) -> 2040300880 | E44: =SUM(E41:E43) -> 1772054295 | F44: =SUM(F41:F43) -> 915131285 | G44: =SUM(G41:G43) -> 314235407 | H44: =SUM(H41:H43) -> 469036465 | I44: =SUM(I41:I43) -> 419531256 | J44: =SUM(J41:J43) -> 26249780 | K44: =SUM(K41:K43) -> 1152403903 | ... BQ44: =SUM(BQ41:BQ43) -> 2577057383

Sheet KQKD theo yeu to
B1: CÔNG TY TNHH THU MUA PHẾ LIỆU KHÁNH NGA
B2: VND
A3: Index PL Element | B3: PHẦN IV: CHI PHÍ THEO YẾU TỐ | C3: TenCongTyID | D3: T1.2021 | E3: T02.2021 | F3: T03.2021 | G3: T04.2021 | H3: T05.2021 | I3: T06.2021 | J3: T07.2021 | K3: T08.2021 | L3: T09.2021 | M3: T10.2021 | N3: T11.2021 | O3: T12.2021 | P3: T1.2022 | Q3: T02.2022 | R3: T03.2022 | S3: T04.2022 | T3: T05.2022 | U3: T06.2022 | V3: T07.2022 | W3: T08.2022 | X3: T09.2022 | Y3: T10.2022 | Z3: T11.2022 | AA3: T12.2022 | AB3: T1.2023 | AC3: T02.2023 | AD3: T03.2023 | AE3: T04.2023 | AF3: T05.2023 | AG3: T06.2023 | AH3: T07.2023 | AI3: T08.2023 | AJ3: T09.2023 | AK3: T10.2023 | AL3: T11.2023 | AM3: T12.2023 | AN3: T01.2024 | AO3: T02.2024 | AP3: T03.2024 | AQ3: T04.2024 | AR3: T05.2024 | AS3: T06.2024 | AT3: T07.2024 | AU3: T08.2024 | AV3: T09.2024 | AW3: T10.2024 | AX3: T11.2024 | AY3: T12.2024 | AZ3: T01.2025 | BA3: T02.2025 | BB3: T03.2025 | BC3: T04.2025 | BD3: T05.2025 | BE3: T06.2025 | BF3: T07.2025 | BG3: T08.2025 | BH3: T09.2025 | BI3: T10.2025 | BJ3: T11.2025 | BK3: T12.2025 | BL3: T01.2026 | BM3: T02.2026 | BN3: T03.2026 | BO3: T04.2026 | BP3: T05.2026 | BQ3: T06.2026 | BR3: T07.2026 | BS3: T08.2026 | BT3: T09.2026 | BU3: T10.2026 | BV3: T11.2026 | BW3: T12.2026
A4: 1 | B4: Tổng nhân sự | C4: 7 | AN4: 47 | AO4: 45 | AP4: 44 | AQ4: 45 | AR4: 43 | AS4: 42 | AT4: 41 | AU4: 40 | AV4: 40 | AW4: 44 | AX4: 44 | AY4: 44 | AZ4: 46 | BA4: 49 | BB4: 65 | BC4: 53 | BD4: 56 | BE4: 66 | BF4: 58 | BG4: 55 | BH4: 54 | BI4: 51 | BJ4: 52 | BK4: 57 | BL4: 68 | BM4: 65 | BN4: 62 | BO4: 62 | BP4: 59 | BQ4: 87
A5: 2 | B5: Nhân sự nhóm sản xuất | C5: 7 | AN5: 43 | AO5: 41 | AP5: 40 | AQ5: 41 | AR5: 39 | AS5: 38 | AT5: 37 | AU5: 36 | AV5: 36 | AW5: 40 | AX5: 40 | AY5: 40 | AZ5: 40 | BA5: 43 | BB5: 60 | BC5: 47 | BD5: 51 | BE5: 59 | BF5: 51 | BG5: 49 | BH5: 48 | BI5: 45 | BJ5: 45 | BK5: 49 | BL5: 59 | BM5: 54 | BN5: 49 | BO5: 47 | BP5: 51 | BQ5: 80
A6: 3 | B6: Số ngày công (8 hrs) | C6: 7 | AN6: 1222 | AO6: 945 | AP6: 1100 | AQ6: 1170 | AR6: 1032 | AS6: 1092 | AT6: 1066 | AU6: 1040 | AV6: 1000 | AW6: 1144 | AX6: 1144 | AY6: 1144 | AZ6: 1196 | BA6: 980 | BB6: 1560 | BC6: 1378 | BD6: 1288 | BE6: 1782 | BF6: 1508 | BG6: 1430 | BH6: 1350 | BI6: 1326 | BJ6: 1352 | BK6: 1482 | BL6: 1397 | BM6: 1002 | BN6: =786+489 -> 1275 | BO6: 1475 | BP6: 1261 | BQ6: 2060.125
A7: 4 | B7: Sản lượng sản xuất (Ton) | C7: 7 | AN7: 450.241 | AO7: 342.2505 | AP7: 505.5475 | AQ7: 367.632 | AR7: 453.9595 | AS7: 463.811 | AT7: 396.256 | AU7: 387.168 | AV7: 353.563 | AW7: 457.379 | AX7: 425.546 | AY7: 390.694 | AZ7: 286.412 | BA7: 457.236 | BB7: 683.6076 | BC7: 588.322 | BD7: 549.2025 | BE7: 559.7428 | BF7: 796.4516 | BG7: 727.204 | BH7: 664.3619 | BI7: 602.0562 | BJ7: 546.2087 | BK7: 635.8955 | BL7: 749 | BM7: 447.119 | BN7: 773.374 | BO7: 769 | BP7: 761.6786 | BQ7: 878.3724
A8: 5 | B8: Sản lượng bán (Ton) | C8: 7 | D8: ='Ket qua kinh doanh'!D4 -> 32 | E8: ='Ket qua kinh doanh'!E4 -> 61 | F8: ='Ket qua kinh doanh'!F4 -> 92 | G8: ='Ket qua kinh doanh'!G4 -> 57 | H8: ='Ket qua kinh doanh'!H4 -> 39 | I8: ='Ket qua kinh doanh'!I4 -> 24 | J8: ='Ket qua kinh doanh'!J4 -> 16 | K8: ='Ket qua kinh doanh'!K4 -> 0 | ... BJ8: ='Ket qua kinh doanh'!BJ4 -> 454.672 | BK8: 613.739 | BL8: 580.272 | BM8: 464.909 | BN8: 656.068 | BO8: 641.114 | BP8: 776.006 | BQ8: 846.266
A9: 6 | B9: Doanh thu bán hàng | C9: 7 | D9: ='Ket qua kinh doanh'!D5 -> 312737600 | E9: ='Ket qua kinh doanh'!E5 -> 606797380 | F9: ='Ket qua kinh doanh'!F5 -> 903716800 | G9: ='Ket qua kinh doanh'!G5 -> 584483600 | H9: ='Ket qua kinh doanh'!H5 -> 473255400 | I9: ='Ket qua kinh doanh'!I5 -> 327063600 | J9: ='Ket qua kinh doanh'!J5 -> 212259000 | K9: ='Ket qua kinh doanh'!K5 -> 0 | ... BJ9: ='Ket qua kinh doanh'!BJ5 -> 6532057500 | BK9: 8694231720 | BL9: ='Ket qua kinh doanh'!BL5 -> 8331190500 | BM9: ='Ket qua kinh doanh'!BM5 -> 6640520862 | BN9: ='Ket qua kinh doanh'!BN5 -> 9363644480 | BO9: 9143059160 | BP9: 12123223250 | BQ9: 13689537870 | BR9: ='Ket qua kinh doanh'!BR5 -> 0 | BS9: ='Ket qua kinh doanh'!BS5 -> 0 | BT9: ='Ket qua kinh doanh'!BT5 -> 0 | BU9: ='Ket qua kinh doanh'!BU5 -> 0 | BV9: ='Ket qua kinh doanh'!BV5 -> 0 | BW9: ='Ket qua kinh doanh'!BW5 -> 0
A10: 7 | B10: Các khoản giảm trừ doanh thu | C10: 7 | D10: ='Ket qua kinh doanh'!D6 -> 0 | E10: ='Ket qua kinh doanh'!E6 -> 0 | F10: ='Ket qua kinh doanh'!F6 -> 0 | G10: ='Ket qua kinh doanh'!G6 -> 0 | H10: ='Ket qua kinh doanh'!H6 -> 0 | I10: ='Ket qua kinh doanh'!I6 -> 0 | J10: ='Ket qua kinh doanh'!J6 -> 0 | K10: ='Ket qua kinh doanh'!K6 -> 0 | ... BJ10: ='Ket qua kinh doanh'!BJ6 -> 0 | BK10: 0 | BL10: ='Ket qua kinh doanh'!BL6 -> 0 | BM10: ='Ket qua kinh doanh'!BM6 -> 0 | BN10: ='Ket qua kinh doanh'!BN6 -> 0 | BO10: 0 | BP10: 0 | BQ10: 0 | BR10: ='Ket qua kinh doanh'!BR6 -> 0 | BS10: ='Ket qua kinh doanh'!BS6 -> 0 | BT10: ='Ket qua kinh doanh'!BT6 -> 0 | BU10: ='Ket qua kinh doanh'!BU6 -> 0 | BV10: ='Ket qua kinh doanh'!BV6 -> 0 | BW10: ='Ket qua kinh doanh'!BW6 -> 0
A11: 8 | B11: % Các khoản giảm trừ | C11: 7 | D11: =IFERROR(D10/D9,"") -> 0 | E11: =IFERROR(E10/E9,"") -> 0 | F11: =IFERROR(F10/F9,"") -> 0 | G11: =IFERROR(G10/G9,"") -> 0 | H11: =IFERROR(H10/H9,"") -> 0 | I11: =IFERROR(I10/I9,"") -> 0 | J11: =IFERROR(J10/J9,"") -> 0 | K11: =IFERROR(K10/K9,"") | ... BJ11: =IFERROR(BJ10/BJ9,"") -> 0 | BK11: 0 | BL11: =IFERROR(BL10/BL9,"") -> 0 | BM11: =IFERROR(BM10/BM9,"") -> 0 | BN11: =IFERROR(BN10/BN9,"") -> 0 | BO11: 0 | BP11: 0 | BQ11: 0 | BR11: =IFERROR(BR10/BR9,"") | BS11: =IFERROR(BS10/BS9,"") | BT11: =IFERROR(BT10/BT9,"") | BU11: =IFERROR(BU10/BU9,"") | BV11: =IFERROR(BV10/BV9,"") | BW11: =IFERROR(BW10/BW9,"")
A12: 9 | B12: Doanh thu thuần | C12: 7 | D12: ='Ket qua kinh doanh'!D7 -> 312737600 | E12: ='Ket qua kinh doanh'!E7 -> 606797380 | F12: ='Ket qua kinh doanh'!F7 -> 903716800 | G12: ='Ket qua kinh doanh'!G7 -> 584483600 | H12: ='Ket qua kinh doanh'!H7 -> 473255400 | I12: ='Ket qua kinh doanh'!I7 -> 327063600 | J12: ='Ket qua kinh doanh'!J7 -> 212259000 | K12: ='Ket qua kinh doanh'!K7 -> 0 | ... BJ12: ='Ket qua kinh doanh'!BJ7 -> 6532057500 | BK12: 8694231720 | BL12: ='Ket qua kinh doanh'!BL7 -> 8331190500 | BM12: ='Ket qua kinh doanh'!BM7 -> 6640520862 | BN12: ='Ket qua kinh doanh'!BN7 -> 9363644480 | BO12: 9143059160 | BP12: 12123223250 | BQ12: 13689537870 | BR12: ='Ket qua kinh doanh'!BR7 -> 0 | BS12: ='Ket qua kinh doanh'!BS7 -> 0 | BT12: ='Ket qua kinh doanh'!BT7 -> 0 | BU12: ='Ket qua kinh doanh'!BU7 -> 0 | BV12: ='Ket qua kinh doanh'!BV7 -> 0 | BW12: ='Ket qua kinh doanh'!BW7 -> 0
A13: 10 | B13: Xuất khẩu | C13: 7
A14: 11 | B14: Nội địa | C14: 7 | AN14: 6816503925 | AO14: 6039598500 | AP14: 7858071500 | AQ14: 5360336000 | AR14: 7701926000 | AS14: 7405493500 | AT14: 5356795000 | AU14: 5872209850 | AV14: 4632824810 | AW14: 6376620000 | AX14: 6008306800 | AY14: 5094418200 | AZ14: 3795897480 | BA14: 5012982676 | BB14: 8087243089 | BC14: 9694585314 | BD14: 8388349104 | BE14: 9515421651 | BF14: 13592588554 | BG14: 12421660930 | BH14: 8808063400 | BI14: 7719934000 | BJ14: 6532057500 | BK14: 8694231720 | BL14: =BL12 -> 8331190500 | BM14: 6640520862 | BN14: 9363644480 | BO14: 9143059160 | BP14: 12123223250 | BQ14: 13689537870
A15: 12 | B15: Khác | C15: 7
A16: 13 | B16: Giá vốn hàng bán | C16: 7 | D16: ='Ket qua kinh doanh'!D8 -> 307386576 | E16: ='Ket qua kinh doanh'!E8 -> 594551595 | F16: ='Ket qua kinh doanh'!F8 -> 883311950 | G16: ='Ket qua kinh doanh'!G8 -> 545112534 | H16: ='Ket qua kinh doanh'!H8 -> 429782229 | I16: ='Ket qua kinh doanh'!I8 -> 297804989 | J16: ='Ket qua kinh doanh'!J8 -> 190295081 | K16: ='Ket qua kinh doanh'!K8 -> 0 | ... BJ16: ='Ket qua kinh doanh'!BJ8 -> 5683019867 | BK16: 7372961109 | BL16: ='Ket qua kinh doanh'!BL8 -> 7000379183 | BM16: ='Ket qua kinh doanh'!BM8 -> 6068834875 | BN16: ='Ket qua kinh doanh'!BN8 -> 8096833514 | BO16: 8034793677 | BP16: 10499325346 | BQ16: 12052869262 | BR16: ='Ket qua kinh doanh'!BR8 -> 0 | BS16: ='Ket qua kinh doanh'!BS8 -> 0 | BT16: ='Ket qua kinh doanh'!BT8 -> 0 | BU16: ='Ket qua kinh doanh'!BU8 -> 0 | BV16: ='Ket qua kinh doanh'!BV8 -> 0 | BW16: ='Ket qua kinh doanh'!BW8 -> 0
A17: 14 | B17: Chi phí nguyên vật liệu | C17: 7 | AN17: 5755973393 | AO17: 5169915730 | AP17: 6571736365 | AQ17: 4492350209 | AR17: 7044338777 | AS17: 6548108407 | AT17: 4709923925 | AU17: 5081319702 | AV17: 3997945258 | AW17: 5423877645 | AX17: 5029196187 | AY17: 4291277198 | AZ17: 3246863941 | BA17: 4401674885 | BB17: 6986365857 | BC17: 7513957887 | BD17: 6728171816 | BE17: 7487959358 | BF17: 10604107231 | BG17: 9902902190 | BH17: 6985023161 | BI17: 5821329853 | BJ17: 4764723611 | BK17: 6134156746 | BL17: 6983601256 | BM17: 4108803542 | BN17: 7108907863 | BO17: 7278874080 | BP17: 7680833092 | BQ17: 10468199825
A18: 15 | B18: Chi phí điện | C18: 7 | AN18: 31205300 | AO18: 22219000 | AP18: 31088900 | AQ18: 26746300 | AR18: 31877600 | AS18: 34175400 | AT18: 27729600 | AU18: 41612376 | AV18: 32469011 | AW18: 39339080 | AX18: 36445498 | AY18: 22274744 | AZ18: 21783537 | BA18: 25110006 | BB18: 35465899 | BC18: 38843778 | BD18: 36435793 | BE18: 38605384 | BF18: 55086679 | BG18: 47559092 | BH18: 41047405 | BI18: 38020576 | BJ18: 34757780 | BK18: 39844151 | BL18: 37353269 | BM18: 26927151 | BN18: 43474135 | BO18: 40579572 | BP18: 43866008 | BQ18: 49988505
A19: 16 | B19: Chi phí lương ngoài giờ sản xuất | C19: 7
A20: 17 | B20: Chi phí nhân công trực tiếp sản xuất (622) | C20: 7 | AM20: 5011022572 | AN20: 374388475 | AO20: 336032711 | AP20: 335588965 | AQ20: 340488472 | AR20: 304749839 | AS20: 314840387 | AT20: 253055767 | AU20: 267262509 | AV20: 289944618 | AW20: 301013430 | AX20: 283200000 | AY20: 258836540 | AZ20: 313398044 | BA20: 334053041 | BB20: 389512950 | BC20: 386175704 | BD20: 315774843 | BE20: 366425376 | BF20: 375580418 | BG20: 365311869 | BH20: 326101430 | BI20: 299133133 | BJ20: 274860695 | BK20: 343166255 | BL20: 421281145 | BM20: 421015614 | BN20: 347748843 | BO20: 409691385 | BP20: 408380347 | BQ20: 610223056
A21: 18 | B21: Chi phí nhân công gián tiếp sản xuất (6271) | C21: 7 | AN21: 13473077 | AO21: 11911538 | AP21: 13609388 | AQ21: 13246154 | AR21: 12746154 | AS21: 12296154 | AT21: 13000000 | AU21: 13409620 | AV21: 15918769 | AW21: 24024050 | AX21: 22615385 | AY21: 23006924 | AZ21: 26318423 | BA21: 23613486 | BB21: 16908804 | BC21: 56205520 | BD21: 78766134 | BE21: 63210856 | BF21: 65304158 | BG21: 68385464 | BH21: 72676235 | BI21: 68775609 | BJ21: 68808066 | BK21: 69721432 | BL21: 135788940 | BM21: 248651999 | BN21: 162466061 | BO21: 163355360 | BP21: 105494549 | BQ21: 166750721
A22: 19 | B22: Phúc lợi nhân viên sản xuất (BHXH,thưởng,…) | C22: 7 | AM22: 1209041286 | AN22: 92998593 | AO22: 86115600 | AP22: 94018108 | AQ22: 81993109 | AR22: 88714445 | AS22: 78595619 | AT22: 76096522 | AU22: 78150529 | AV22: 74987026 | AW22: 100277416 | AX22: 88525267 | AY22: 67766935 | AZ22: 85934357 | BA22: 92813270 | BB22: 91691776 | BC22: 92345265 | BD22: 92973478 | BE22: 98435266 | BF22: 143860688 | BG22: 69858085 | BH22: 90839359 | BI22: 105448461 | BJ22: 84725008 | BK22: 220379909 | BL22: 0 | BM22: -8774835 | BN22: 49309505 | BO22: 37365546 | BP22: 108534134 | BQ22: 126094373
A23: 20 | B23: Chi phí sửa chữa, bảo trì | C23: 7 | AN23: 39350032 | AO23: 15303494 | AP23: 22668077 | AQ23: 28073168 | AR23: 29923827 | AS23: 39347157 | AT23: 30647799 | AU23: 37426352 | AV23: 60525578 | AW23: 55204327 | AX23: 54082442 | AY23: 148464797 | AZ23: 95679073 | BA23: 92910174 | BB23: 84300650 | BC23: 69752706 | BD23: 108641179 | BE23: 87526893 | BF23: 118335745 | BG23: 112699354 | BH23: 114465803 | BI23: 111040070 | BJ23: 89564557 | BK23: 77464169 | BL23: 85520386 | BM23: 76680136 | BN23: 81929750 | BO23: 90409329 | BP23: 114880589 | BQ23: 115290868
A24: 21 | B24: Chi phí xưởng (các khoản còn lại ngoài các mục trên) | C24: 7 | AN24: 140390602 | AO24: 132843791 | AP24: 143638546 | AQ24: 130097409 | AR24: 134614163 | AS24: 135739108 | AT24: 207914766 | AU24: 135479605 | AV24: 276976120 | AW24: 192359517 | AX24: 189024000 | AY24: 228558433 | AZ24: 171772053 | BA24: 200122699 | BB24: 206537112 | BC24: 203502862 | BD24: 219554547 | BE24: 202260042 | BF24: 209986932 | BG24: 221309573 | BH24: 215956651 | BI24: 215823637 | BJ24: 190203772 | BK24: 312852072 | BL24: 354774068 | BM24: 343179961 | BN24: 482215115 | BO24: 428658517 | BP24: 461785892 | BQ24: 216798719
A25: 22 | B25: Chi phí khấu hao sản xuất (6274) | C25: 7 | AN25: 112003532 | AO25: 112003532 | AP25: 112003532 | AQ25: 112003532 | AR25: 117514284 | AS25: 118836865 | AT25: 118836865 | AU25: 118836865 | AV25: 118836865 | AW25: 134265829 | AX25: 147408361 | AY25: 143910262 | AZ25: 153545190 | BA25: 153545190 | BB25: 153545190 | BC25: 180378523 | BD25: 159367775 | BE25: 178592859 | BF25: 178218967 | BG25: 177218967 | BH25: 177218967 | BI25: 177218967 | BJ25: 175376378 | BK25: 175376375 | BL25: 176190833 | BM25: 177005396 | BN25: 177819959 | BO25: 177819960 | BP25: 177819958 | BQ25: 191285965
A26: 23 | B26: Chi phí gia công ngoài (nếu có) | C26: 7
A27: 24 | B27: Giá vốn khác | C27: 7
A28: 25 | B28: Giá vốn trong hàng tồn kho | C28: 7 | BL28: -1194130714 | BM28: 675345911 | BN28: -357037717 | BO28: -591960072 | BP28: 1397730777 | BQ28: 108237230
A29: 26 | B29: % Giá vốn hàng bán | C29: 7 | D29: =IFERROR(D16/D12,"") -> 0.98288973 | E29: =IFERROR(E16/E12,"") -> 0.97981899 | F29: =IFERROR(F16/F12,"") -> 0.97742119 | G29: =IFERROR(G16/G12,"") -> 0.93263957 | H29: =IFERROR(H16/H12,"") -> 0.90814015 | I29: =IFERROR(I16/I12,"") -> 0.91054152 | J29: =IFERROR(J16/J12,"") -> 0.89652303 | K29: =IFERROR(K16/K12,"") | ... BJ29: =IFERROR(BJ16/BJ12,"") -> 0.87001988 | BK29: 0.84802905 | BL29: =IFERROR(BL16/BL12,"") -> 0.84026157 | BM29: =IFERROR(BM16/BM12,"") -> 0.91390947 | BN29: =IFERROR(BN16/BN12,"") -> 0.86470963 | BO29: 0.879 | BP29: 0.86605065 | BQ29: 0.88044384 | BR29: =IFERROR(BR16/BR12,"") | BS29: =IFERROR(BS16/BS12,"") | BT29: =IFERROR(BT16/BT12,"") | BU29: =IFERROR(BU16/BU12,"") | BV29: =IFERROR(BV16/BV12,"") | BW29: =IFERROR(BW16/BW12,"")
A30: 27 | B30: Lợi nhuận gộp | C30: 7 | D30: ='Ket qua kinh doanh'!D9 -> 5351024 | E30: ='Ket qua kinh doanh'!E9 -> 12245785 | F30: ='Ket qua kinh doanh'!F9 -> 20404850 | G30: ='Ket qua kinh doanh'!G9 -> 39371066 | H30: ='Ket qua kinh doanh'!H9 -> 43473171 | I30: ='Ket qua kinh doanh'!I9 -> 29258611 | J30: ='Ket qua kinh doanh'!J9 -> 21963919 | K30: ='Ket qua kinh doanh'!K9 -> 0 | ... BJ30: ='Ket qua kinh doanh'!BJ9 -> 849037633 | BK30: 1321270611 | BL30: ='Ket qua kinh doanh'!BL9 -> 1330811317 | BM30: ='Ket qua kinh doanh'!BM9 -> 571685987 | BN30: ='Ket qua kinh doanh'!BN9 -> 1266810966 | BO30: 1108265483 | BP30: 1623897904 | BQ30: 1636668608 | BR30: ='Ket qua kinh doanh'!BR9 -> 0 | BS30: ='Ket qua kinh doanh'!BS9 -> 0 | BT30: ='Ket qua kinh doanh'!BT9 -> 0 | BU30: ='Ket qua kinh doanh'!BU9 -> 0 | BV30: ='Ket qua kinh doanh'!BV9 -> 0 | BW30: ='Ket qua kinh doanh'!BW9 -> 0
A31: 28 | B31: % Lợi nhuận gộp | C31: 7 | D31: =IFERROR(D30/D12,"") -> 0.017110268 | E31: =IFERROR(E30/E12,"") -> 0.020181012 | F31: =IFERROR(F30/F12,"") -> 0.02257881 | G31: =IFERROR(G30/G12,"") -> 0.067360429 | H31: =IFERROR(H30/H12,"") -> 0.091859852 | I31: =IFERROR(I30/I12,"") -> 0.089458475 | J31: =IFERROR(J30/J12,"") -> 0.10347697 | K31: =IFERROR(K30/K12,"") | ... BJ31: =IFERROR(BJ30/BJ12,"") -> 0.12998012 | BK31: 0.15197095 | BL31: =IFERROR(BL30/BL12,"") -> 0.15973843 | BM31: =IFERROR(BM30/BM12,"") -> 0.086090534 | BN31: =IFERROR(BN30/BN12,"") -> 0.13529037 | BO31: 0.121 | BP31: 0.13394935 | BQ31: 0.11955616 | BR31: =IFERROR(BR30/BR12,"") | BS31: =IFERROR(BS30/BS12,"") | BT31: =IFERROR(BT30/BT12,"") | BU31: =IFERROR(BU30/BU12,"") | BV31: =IFERROR(BV30/BV12,"") | BW31: =IFERROR(BW30/BW12,"")
A32: 29 | B32: Lợi nhuận trước thuế | C32: 7 | D32: ='Ket qua kinh doanh'!D20 -> -409381721 | E32: ='Ket qua kinh doanh'!E20 -> -255852308 | F32: ='Ket qua kinh doanh'!F20 -> -289562746 | G32: ='Ket qua kinh doanh'!G20 -> -221158003 | H32: ='Ket qua kinh doanh'!H20 -> -158788884 | I32: ='Ket qua kinh doanh'!I20 -> -163311329 | J32: ='Ket qua kinh doanh'!J20 -> -128277358 | K32: ='Ket qua kinh doanh'!K20 -> -100677535 | ... BJ32: ='Ket qua kinh doanh'!BJ20 -> 379915613 | BK32: 597840394 | BL32: ='Ket qua kinh doanh'!BL20 -> 814808996 | BM32: ='Ket qua kinh doanh'!BM20 -> 152467569 | BN32: ='Ket qua kinh doanh'!BN20 -> 837510453 | BO32: 621575723 | BP32: 1154533606 | BQ32: 1153494054 | BR32: ='Ket qua kinh doanh'!BR20 -> 0 | BS32: ='Ket qua kinh doanh'!BS20 -> 0 | BT32: ='Ket qua kinh doanh'!BT20 -> 0 | BU32: ='Ket qua kinh doanh'!BU20 -> 0 | BV32: ='Ket qua kinh doanh'!BV20 -> 0 | BW32: ='Ket qua kinh doanh'!BW20 -> 0
A33: 30 | B33: % Lợi nhuận trước thuế | C33: 7 | D33: =IFERROR(D32/D12,"") -> -1.3090262 | E33: =IFERROR(E32/E12,"") -> -0.42164373 | F33: =IFERROR(F32/F12,"") -> -0.32041315 | G33: =IFERROR(G32/G12,"") -> -0.37838188 | H33: =IFERROR(H32/H12,"") -> -0.33552472 | I33: =IFERROR(I32/I12,"") -> -0.49932591 | J33: =IFERROR(J32/J12,"") -> -0.60434355 | K33: =IFERROR(K32/K12,"") | ... BJ33: =IFERROR(BJ32/BJ12,"") -> 0.058161707 | BK33: 0.068762878 | BL33: =IFERROR(BL32/BL12,"") -> 0.097802228 | BM33: =IFERROR(BM32/BM12,"") -> 0.022960182 | BN33: =IFERROR(BN32/BN12,"") -> 0.089442786 | BO33: 0.068 | BP33: 0.095233222 | BQ33: 0.084260993 | BR33: =IFERROR(BR32/BR12,"") | BS33: =IFERROR(BS32/BS12,"") | BT33: =IFERROR(BT32/BT12,"") | BU33: =IFERROR(BU32/BU12,"") | BV33: =IFERROR(BV32/BV12,"") | BW33: =IFERROR(BW32/BW12,"")
A34: 31 | B34: EBITDA | C34: 7 | D34: ='Ket qua kinh doanh'!D20+'Ket qua kinh doanh'!D13+'Luu chuyen tien te'!D7 -> -409381721 | E34: ='Ket qua kinh doanh'!E20+'Ket qua kinh doanh'!E13+'Luu chuyen tien te'!E7 -> -255852308 | F34: ='Ket qua kinh doanh'!F20+'Ket qua kinh doanh'!F13+'Luu chuyen tien te'!F7 -> -289562746 | G34: ='Ket qua kinh doanh'!G20+'Ket qua kinh doanh'!G13+'Luu chuyen tien te'!G7 -> -221158003 | H34: ='Ket qua kinh doanh'!H20+'Ket qua kinh doanh'!H13+'Luu chuyen tien te'!H7 -> -158788884 | I34: ='Ket qua kinh doanh'!I20+'Ket qua kinh doanh'!I13+'Luu chuyen tien te'!I7 -> -163311329 | J34: ='Ket qua kinh doanh'!J20+'Ket qua kinh doanh'!J13+'Luu chuyen tien te'!J7 -> -128277358 | K34: ='Ket qua kinh doanh'!K20+'Ket qua kinh doanh'!K13+'Luu chuyen tien te'!K7 -> -100677535 | ... BJ34: ='Ket qua kinh doanh'!BJ20+'Ket qua kinh doanh'!BJ13+'Luu chuyen tien te'!BJ7 -> 555291991 | BK34: 773216769 | BL34: ='Ket qua kinh doanh'!BL20+'Ket qua kinh doanh'!BL13+'Luu chuyen tien te'!BL7 -> 997461671 | BM34: ='Ket qua kinh doanh'!BM20+'Ket qua kinh doanh'!BM13+'Luu chuyen tien te'!BM7 -> 335934806 | BN34: ='Ket qua kinh doanh'!BN20+'Ket qua kinh doanh'!BN13+'Luu chuyen tien te'!BN7 -> 1024469337 | BO34: 808534608 | BP34: 1341492489 | BQ34: 1353918944 | BR34: ='Ket qua kinh doanh'!BR20+'Ket qua kinh doanh'!BR13+'Luu chuyen tien te'!BR7 -> 0 | BS34: ='Ket qua kinh doanh'!BS20+'Ket qua kinh doanh'!BS13+'Luu chuyen tien te'!BS7 -> 0 | BT34: ='Ket qua kinh doanh'!BT20+'Ket qua kinh doanh'!BT13+'Luu chuyen tien te'!BT7 -> 0 | BU34: ='Ket qua kinh doanh'!BU20+'Ket qua kinh doanh'!BU13+'Luu chuyen tien te'!BU7 -> 0 | BV34: ='Ket qua kinh doanh'!BV20+'Ket qua kinh doanh'!BV13+'Luu chuyen tien te'!BV7 -> 0 | BW34: ='Ket qua kinh doanh'!BW20+'Ket qua kinh doanh'!BW13+'Luu chuyen tien te'!BW7 -> 0
A35: 32 | B35: % EBITDA | C35: 7 | D35: =IFERROR(D34/D12,"") -> -1.3090262 | E35: =IFERROR(E34/E12,"") -> -0.42164373 | F35: =IFERROR(F34/F12,"") -> -0.32041315 | G35: =IFERROR(G34/G12,"") -> -0.37838188 | H35: =IFERROR(H34/H12,"") -> -0.33552472 | I35: =IFERROR(I34/I12,"") -> -0.49932591 | J35: =IFERROR(J34/J12,"") -> -0.60434355 | K35: =IFERROR(K34/K12,"") | ... BJ35: =IFERROR(BJ34/BJ12,"") -> 0.085010273 | BK35: 0.088934456 | BL35: =IFERROR(BL34/BL12,"") -> 0.11972619 | BM35: =IFERROR(BM34/BM12,"") -> 0.050588623 | BN35: =IFERROR(BN34/BN12,"") -> 0.10940925 | BO35: 0.088 | BP35: 0.11065477 | BQ35: 0.098901727 | BR35: =IFERROR(BR34/BR12,"") | BS35: =IFERROR(BS34/BS12,"") | BT35: =IFERROR(BT34/BT12,"") | BU35: =IFERROR(BU34/BU12,"") | BV35: =IFERROR(BV34/BV12,"") | BW35: =IFERROR(BW34/BW12,"")
A36: 33 | B36: Thuế TNDN | C36: 7 | D36: ='Ket qua kinh doanh'!D21+'Ket qua kinh doanh'!D22 -> 0 | E36: ='Ket qua kinh doanh'!E21+'Ket qua kinh doanh'!E22 -> 0 | F36: ='Ket qua kinh doanh'!F21+'Ket qua kinh doanh'!F22 -> 0 | G36: ='Ket qua kinh doanh'!G21+'Ket qua kinh doanh'!G22 -> 0 | H36: ='Ket qua kinh doanh'!H21+'Ket qua kinh doanh'!H22 -> 0 | I36: ='Ket qua kinh doanh'!I21+'Ket qua kinh doanh'!I22 -> 0 | J36: ='Ket qua kinh doanh'!J21+'Ket qua kinh doanh'!J22 -> 0 | K36: ='Ket qua kinh doanh'!K21+'Ket qua kinh doanh'!K22 -> 0 | ... BJ36: ='Ket qua kinh doanh'!BJ21+'Ket qua kinh doanh'!BJ22 -> 0 | BK36: 461321716 | BL36: ='Ket qua kinh doanh'!BL21+'Ket qua kinh doanh'!BL22 -> 0 | BM36: ='Ket qua kinh doanh'!BM21+'Ket qua kinh doanh'!BM22 -> 0 | BN36: ='Ket qua kinh doanh'!BN21+'Ket qua kinh doanh'!BN22 -> 306813793 | BO36: 105667873 | BP36: 196270713 | BQ36: 230698810 | BR36: ='Ket qua kinh doanh'!BR21+'Ket qua kinh doanh'!BR22 -> 0 | BS36: ='Ket qua kinh doanh'!BS21+'Ket qua kinh doanh'!BS22 -> 0 | BT36: ='Ket qua kinh doanh'!BT21+'Ket qua kinh doanh'!BT22 -> 0 | BU36: ='Ket qua kinh doanh'!BU21+'Ket qua kinh doanh'!BU22 -> 0 | BV36: ='Ket qua kinh doanh'!BV21+'Ket qua kinh doanh'!BV22 -> 0 | BW36: ='Ket qua kinh doanh'!BW21+'Ket qua kinh doanh'!BW22 -> 0
A37: 34 | B37: % Thuế TNDN | C37: 7 | D37: =IFERROR(D36/D12,"") -> 0 | E37: =IFERROR(E36/E12,"") -> 0 | F37: =IFERROR(F36/F12,"") -> 0 | G37: =IFERROR(G36/G12,"") -> 0 | H37: =IFERROR(H36/H12,"") -> 0 | I37: =IFERROR(I36/I12,"") -> 0 | J37: =IFERROR(J36/J12,"") -> 0 | K37: =IFERROR(K36/K12,"") | ... BJ37: =IFERROR(BJ36/BJ12,"") -> 0 | BK37: 0.053060665 | BL37: =IFERROR(BL36/BL12,"") -> 0 | BM37: =IFERROR(BM36/BM12,"") -> 0 | BN37: =IFERROR(BN36/BN12,"") -> 0.032766493 | BO37: 0.012 | BP37: 0.016189648 | BQ37: 0.016852199 | BR37: =IFERROR(BR36/BR12,"") | BS37: =IFERROR(BS36/BS12,"") | BT37: =IFERROR(BT36/BT12,"") | BU37: =IFERROR(BU36/BU12,"") | BV37: =IFERROR(BV36/BV12,"") | BW37: =IFERROR(BW36/BW12,"")
A38: 35 | B38: Lợi nhuận sau thuế | C38: 7 | D38: ='Ket qua kinh doanh'!D23 -> -409381721 | E38: ='Ket qua kinh doanh'!E23 -> -255852308 | F38: ='Ket qua kinh doanh'!F23 -> -289562746 | G38: ='Ket qua kinh doanh'!G23 -> -221158003 | H38: ='Ket qua kinh doanh'!H23 -> -158788884 | I38: ='Ket qua kinh doanh'!I23 -> -163311329 | J38: ='Ket qua kinh doanh'!J23 -> -128277358 | K38: ='Ket qua kinh doanh'!K23 -> -100677535 | ... BJ38: ='Ket qua kinh doanh'!BJ23 -> 379915613 | BK38: 136518678 | BL38: ='Ket qua kinh doanh'!BL23 -> 814808996 | BM38: ='Ket qua kinh doanh'!BM23 -> 152467569 | BN38: ='Ket qua kinh doanh'!BN23 -> 530696660 | BO38: 515907850 | BP38: ='Ket qua kinh doanh'!BP23 -> 958262893 | BQ38: =BQ32-BQ36 -> 922795244 | BR38: ='Ket qua kinh doanh'!BR23 -> 0 | BS38: ='Ket qua kinh doanh'!BS23 -> 0 | BT38: ='Ket qua kinh doanh'!BT23 -> 0 | BU38: ='Ket qua kinh doanh'!BU23 -> 0 | BV38: ='Ket qua kinh doanh'!BV23 -> 0 | BW38: ='Ket qua kinh doanh'!BW23 -> 0
A39: 36 | B39: % Lợi nhuận sau thuế | C39: 7 | D39: =IFERROR(D38/D12,"") -> -1.3090262 | E39: =IFERROR(E38/E12,"") -> -0.42164373 | F39: =IFERROR(F38/F12,"") -> -0.32041315 | G39: =IFERROR(G38/G12,"") -> -0.37838188 | H39: =IFERROR(H38/H12,"") -> -0.33552472 | I39: =IFERROR(I38/I12,"") -> -0.49932591 | J39: =IFERROR(J38/J12,"") -> -0.60434355 | K39: =IFERROR(K38/K12,"") | ... BJ39: =IFERROR(BJ38/BJ12,"") -> 0.058161707 | BK39: 0.015702213 | BL39: =IFERROR(BL38/BL12,"") -> 0.097802228 | BM39: =IFERROR(BM38/BM12,"") -> 0.022960182 | BN39: =IFERROR(BN38/BN12,"") -> 0.056676293 | BO39: 0.056 | BP39: 0.095233222 | BQ39: 0.084260993 | BR39: =IFERROR(BR38/BR12,"") | BS39: =IFERROR(BS38/BS12,"") | BT39: =IFERROR(BT38/BT12,"") | BU39: =IFERROR(BU38/BU12,"") | BV39: =IFERROR(BV38/BV12,"") | BW39: =IFERROR(BW38/BW12,"")
A40: 37 | B40: Chi phí bán hàng | C40: 7 | D40: ='Ket qua kinh doanh'!D14 -> 124600000 | E40: ='Ket qua kinh doanh'!E14 -> 137482710 | F40: ='Ket qua kinh doanh'!F14 -> 167076390 | G40: ='Ket qua kinh doanh'!G14 -> 43940000 | H40: ='Ket qua kinh doanh'!H14 -> 54150000 | I40: ='Ket qua kinh doanh'!I14 -> 51400000 | J40: ='Ket qua kinh doanh'!J14 -> 31900000 | K40: ='Ket qua kinh doanh'!K14 -> 3257800 | ... BJ40: ='Ket qua kinh doanh'!BJ14 -> 100000000 | BK40: 138000000 | BL40: ='Ket qua kinh doanh'!BL14 -> 128500000 | BM40: ='Ket qua kinh doanh'!BM14 -> 102500000 | BN40: ='Ket qua kinh doanh'!BN14 -> 145600000 | BO40: 114800000 | BP40: 152200000 | BQ40: 151500000 | BR40: ='Ket qua kinh doanh'!BR14 -> 0 | BS40: ='Ket qua kinh doanh'!BS14 -> 0 | BT40: ='Ket qua kinh doanh'!BT14 -> 0 | BU40: ='Ket qua kinh doanh'!BU14 -> 0 | BV40: ='Ket qua kinh doanh'!BV14 -> 0 | BW40: ='Ket qua kinh doanh'!BW14 -> 0
A41: 38 | B41: Chi phí lương bán hàng | C41: 7
A42: 39 | B42: Phúc lợi nhân viên bán hàng (BHXH, thưởng,…) | C42: 7
A43: 40 | B43: Chi phí hoa hồng | C43: 7
A44: 41 | B44: Chi phí vận chuyển trong nước | C44: 7 | AN44: 133375123 | AO44: 153076705 | AP44: 183500000 | AQ44: 113500000 | AR44: 148600000 | AS44: 115000000 | AT44: 78000000 | AU44: 88000000 | AV44: 88400000 | AW44: 71100000 | AX44: 64500000 | AY44: 57000000 | AZ44: 37500000 | BA44: 70500000 | BB44: 103500000 | BC44: 129000000 | BD44: 111000000 | BE44: 116500000 | BF44: 172500000 | BG44: 164700000 | BH44: 127600000 | BI44: 115500000 | BJ44: 100000000 | BK44: 138000000 | BL44: 128500000 | BM44: 102500000 | BN44: 145600000 | BO44: 114800000 | BP44: 152200000 | BQ44: 151500000
A45: 42 | B45: Chi phí vận chuyển xuất khẩu | C45: 7
A46: 43 | B46: Chi phí khấu hao bán hàng (6414) | C46: 7
A47: 44 | B47: Chi phí hoạt động bán hàng (phần còn lại) | C47: 7
A48: 45 | B48: % Chi phí bán hàng | C48: 7 | D48: =IFERROR(D40/D12,"") -> 0.39841708 | E48: =IFERROR(E40/E12,"") -> 0.22657103 | F48: =IFERROR(F40/F12,"") -> 0.18487693 | G48: =IFERROR(G40/G12,"") -> 0.075177473 | H48: =IFERROR(H40/H12,"") -> 0.11442025 | I48: =IFERROR(I40/I12,"") -> 0.15715598 | J48: =IFERROR(J40/J12,"") -> 0.15028809 | K48: =IFERROR(K40/K12,"") | ... BJ48: =IFERROR(BJ40/BJ12,"") -> 0.015309112 | BK48: 0.015872593 | BL48: =IFERROR(BL40/BL12,"") -> 0.015423966 | BM48: =IFERROR(BM40/BM12,"") -> 0.015435536 | BN48: =IFERROR(BN40/BN12,"") -> 0.015549501 | BO48: 0.013 | BP48: 0.012554417 | BQ48: 0.011066845 | BR48: =IFERROR(BR40/BR12,"") | BS48: =IFERROR(BS40/BS12,"") | BT48: =IFERROR(BT40/BT12,"") | BU48: =IFERROR(BU40/BU12,"") | BV48: =IFERROR(BV40/BV12,"") | BW48: =IFERROR(BW40/BW12,"")
A49: 46 | B49: Chi phí quản lý | C49: 7 | D49: ='Ket qua kinh doanh'!D15 -> 290450887 | E49: ='Ket qua kinh doanh'!E15 -> 130936346 | F49: ='Ket qua kinh doanh'!F15 -> 143934808 | G49: ='Ket qua kinh doanh'!G15 -> 216650285 | H49: ='Ket qua kinh doanh'!H15 -> 149107773 | I49: ='Ket qua kinh doanh'!I15 -> 141204731 | J49: ='Ket qua kinh doanh'!J15 -> 118353303 | K49: ='Ket qua kinh doanh'!K15 -> 97570688 | ... BJ49: ='Ket qua kinh doanh'!BJ15 -> 369111823 | BK49: 661147544 | BL49: ='Ket qua kinh doanh'!BL15 -> 408101430 | BM49: ='Ket qua kinh doanh'!BM15 -> 323633206 | BN49: ='Ket qua kinh doanh'!BN15 -> 385055662 | BO49: 408169527 | BP49: 462618957 | BQ49: 414526390 | BR49: ='Ket qua kinh doanh'!BR15 -> 0 | BS49: ='Ket qua kinh doanh'!BS15 -> 0 | BT49: ='Ket qua kinh doanh'!BT15 -> 0 | BU49: ='Ket qua kinh doanh'!BU15 -> 0 | BV49: ='Ket qua kinh doanh'!BV15 -> 0 | BW49: ='Ket qua kinh doanh'!BW15 -> 0
A50: 47 | B50: Chi phí nhân viên quản lý | C50: 7 | AM50: 804044535 | AN50: 61371154 | AO50: 61925000 | AP50: 59650000 | AQ50: 77350000 | AR50: 77400000 | AS50: 76875000 | AT50: 74600000 | AU50: 79676923 | AV50: 71042308 | AW50: 55550000 | AX50: 144220455 | AY50: 148650000 | AZ50: 190705181 | BA50: 193716888 | BB50: 171808909 | BC50: 209656919 | BD50: 190102972 | BE50: 165743660 | BF50: 163581380 | BG50: 177224222 | BH50: 169296094 | BI50: 201480122 | BJ50: 209326014 | BK50: 239877299 | BL50: 274962194 | BM50: 182860985 | BN50: 212427600 | BO50: 236781680 | BP50: 264149331 | BQ50: 228290615
A51: 48 | B51: Phúc lợi nhân viên quản lý (BHXH, thưởng,…) | C51: 7 | AM51: 195794470 | AN51: 22751960 | AO51: 22975960 | AP51: 22975960 | AQ51: 28120949 | AR51: 24199620 | AS51: 28570949 | AT51: 37830949 | AU51: 32261942 | AV51: 26577953 | AW51: 23403955 | AX51: 48267490 | AY51: 108995604 | AZ51: 53432537 | BA51: 56766127 | BB51: 53615143 | BC51: 56314126 | BD51: 52461643 | BE51: 56883433 | BF51: 59041136 | BG51: 58234133 | BH51: 55222804 | BI51: 61736478 | BJ51: 79655236 | BK51: 292914531 | BL51: 1679052 | BM51: 18114914 | BN51: 63130075 | BO51: 65755093 | BP51: 85202424 | BQ51: 78981692
A52: 49 | B52: Chi phí khấu hao quản lý (6424) | C52: 7 | AN52: 0 | AO52: 0 | AP52: 0 | AQ52: 0 | AR52: 0 | AS52: 0 | AT52: 0 | AU52: 0 | AV52: 0 | AW52: 0 | AY52: 0 | BL52: 6461842 | BM52: 6461841 | BN52: 9138925 | BO52: 9138925 | BP52: 9138925 | BQ52: 9138925
A53: 50 | B53: Chi phí hoạt động quản lý (phần còn lại) | C53: 7 | AN53: 24486790 | AO53: 28072808 | AP53: 19004017 | AQ53: 10274207 | AR53: 11129542 | AS53: 14623650 | AT53: 48419722 | AU53: 293755205 | AV53: 135920366 | AW53: 45094613 | AX53: 38185812 | AY53: -54455069 | AZ53: 108657615 | BA53: 44875928 | BB53: 45639496 | BC53: 47197369 | BD53: 70399542 | BE53: 52626092 | BF53: 125522550 | BG53: 94442150 | BH53: 92968702 | BI53: 87668150 | BJ53: 80130573 | BK53: 128355714 | BL53: 124998342 | BM53: 116195466 | BN53: 100359062 | BO53: 96493829 | BP53: 104128277 | BQ53: 98115158
A54: 51 | B54: % Chi phí quản lý | C54: 7 | D54: =IFERROR(D49/D12,"") -> 0.9287367 | E54: =IFERROR(E49/E12,"") -> 0.21578265 | F54: =IFERROR(F49/F12,"") -> 0.15926982 | G54: =IFERROR(G49/G12,"") -> 0.37066957 | H54: =IFERROR(H49/H12,"") -> 0.3150683 | I54: =IFERROR(I49/I12,"") -> 0.43173478 | J54: =IFERROR(J49/J12,"") -> 0.55758909 | K54: =IFERROR(K49/K12,"") | ... BJ54: =IFERROR(BJ49/BJ12,"") -> 0.056507742 | BK54: 0.07604439 | BL54: =IFERROR(BL49/BL12,"") -> 0.048984768 | BM54: =IFERROR(BM49/BM12,"") -> 0.048736118 | BN54: =IFERROR(BN49/BN12,"") -> 0.041122414 | BO54: 0.045 | BP54: 0.038159733 | BQ54: 0.030280525 | BR54: =IFERROR(BR49/BR12,"") | BS54: =IFERROR(BS49/BS12,"") | BT54: =IFERROR(BT49/BT12,"") | BU54: =IFERROR(BU49/BU12,"") | BV54: =IFERROR(BV49/BV12,"") | BW54: =IFERROR(BW49/BW12,"")
