Workbook

Sheet Thong tin
A1: CÔNG TY TNHH MTV ĐỒNG LÂM
A2: Địa chỉ: Thửa đất số 838, tờ bản đồ số 6, tổ 4, ấp Tân Thuận, phường Tân Hạnh, tỉnh Vĩnh Long
A3: Mã số thuế: 1501075079
A4: Deadline ngày 5 tây hàng tháng
B6: Năm tài chính hiện tại | C6: 2026
B7: Năm trước | C7: =C6-1 -> 2025
B9: Tháng báo cáo hiện tại | C9: 5
B12: NGƯỜI LẬP BIỂU
B13: Lê Thùy Ngân
B15: KẾ TOÁN TRƯỞNG
B16: Lê Thùy Ngân
B18: TRƯỞNG TRẠM THU MUA
B19: Nguyễn Nhật Bằng

Sheet BIA
B29: THÁNG 05 NĂM 2026
B50: Vĩnh Long, Ngày 31 tháng 05 năm 2026

Sheet Index
A1: ='Thong tin'!A1 -> CÔNG TY TNHH MTV ĐỒNG LÂM | I1: BÁO CÁO TÀI CHÍNH
A2: ='Thong tin'!A2 -> Địa chỉ: Thửa đất số 838, tờ bản đồ số 6, tổ 4, ấp Tân Thuận, phường Tân Hạnh, tỉnh Vĩnh Long
A10: ="BÁO CÁO TÀI CHÍNH THÁNG "&'Thong tin'!C9&" NĂM 2026" -> BÁO CÁO TÀI CHÍNH THÁNG 5 NĂM 2026 | I10: Trang
A12: BÁO CÁO CỦA BAN GIÁM ĐỐC | I12: 2 - 3
A13: BÁO CÁO KIỂM TOÁN | I13: 4 - 4
A14: - Bảng cân đối kế toán | I14: 1 - 4
A15: - Báo cáo kết quả hoạt động kinh doanh | I15: 5
A16: - Báo cáo lưu chuyển tiền tệ | I16: 6 - 7
A17: - Bản thuyết minh báo cáo tài chính | I17: 11 - 31
A30: (Báo cáo tài chính được lập và trình bày theo Quyết định số 15/2006/QĐ-BTC ngày 20/03/2006
A31: của Bộ trưởng Bộ Tài Chính)

Sheet THTC in
A1: ='Thong tin'!$A$1 -> CÔNG TY TNHH MTV ĐỒNG LÂM
A2: ='Thong tin'!$A$2 -> Địa chỉ: Thửa đất số 838, tờ bản đồ số 6, tổ 4, ấp Tân Thuận, phường Tân Hạnh, tỉnh Vĩnh Long
A4: BÁO CÁO TÌNH HÌNH TÀI CHÍNH
A5: ="Năm " & 'Thong tin'!$C$6 -> Năm 2026
C6: ='KQKD in'!G6 -> ĐVT: VNĐ
A7: TÀI SẢN | B7: ="Số cuối tháng"&" "&$D$7 -> Số cuối tháng 5 | C7: ="Số dư đầu năm " & 'Thong tin'!$C$6 -> Số dư đầu năm 2026 | D7: ='Thong tin'!C9 -> 5
A8: A . TÀI SẢN NGẮN HẠN | B8: =B10+B14+B22+B31+B40 -> 18251786628 | C8: =C10+C14+C22+C31+C40 -> 16064654830
A10: I. Tiền và các khoản tương đương tiền | B10: =SUM(B11:B12) -> 11568161626 | C10: =SUM(C11:C12) -> 12687250516
A11: 1. Tiền | B11: =OFFSET('Tinh hinh tai chinh'!$BL6,0,'THTC in'!$D$7 - 1) -> 4568161626 | C11: ='Tinh hinh tai chinh'!BK6 -> 3687250516
A12: 2. Các khoản tương đương tiền | B12: =OFFSET('Tinh hinh tai chinh'!$BL7,0,'THTC in'!$D$7 - 1) -> 7000000000 | C12: ='Tinh hinh tai chinh'!BK7 -> 9000000000
A14: II. Các khoản đầu tư tài chính ngắn hạn | B14: =SUM(B15:B20) -> 0 | C14: =SUM(C15:C20) -> 0
A15: 1.Chứng khoán kinh doanh | B15: =OFFSET('Tinh hinh tai chinh'!$BL9,0,'THTC in'!$D$7 - 1) -> 0 | C15: ='Tinh hinh tai chinh'!BK9 -> 0
A16: 2.Dự phòng giảm giá chứng khoán kinh doanh (*) | B16: =OFFSET('Tinh hinh tai chinh'!$BL10,0,'THTC in'!$D$7 - 1) -> 0 | C16: ='Tinh hinh tai chinh'!BK10 -> 0
A17: 3.Đầu tư nắm giữ đến ngày đáo hạn ngắn hạn | B17: =OFFSET('Tinh hinh tai chinh'!$BL11,0,'THTC in'!$D$7 - 1) -> 0 | C17: ='Tinh hinh tai chinh'!BK11 -> 0
A18: 4.Dự phòng đầu tư nắm giữ đến ngày đáo hạn ngắn hạn (*) | B18: =OFFSET('Tinh hinh tai chinh'!$BL12,0,'THTC in'!$D$7 - 1) -> 0 | C18: ='Tinh hinh tai chinh'!BK12 -> 0
A19: 5.Đầu tư ngắn hạn khác | B19: =OFFSET('Tinh hinh tai chinh'!$BL13,0,'THTC in'!$D$7 - 1) -> 0 | C19: ='Tinh hinh tai chinh'!BK13 -> 0
A20: 6.Dự phòng tổn thất các khoản đầu tư ngắn hạn khác (*) | B20: =OFFSET('Tinh hinh tai chinh'!$BL14,0,'THTC in'!$D$7 - 1) -> 0 | C20: ='Tinh hinh tai chinh'!BK14 -> 0
A22: III. Các khoản phải thu ngắn hạn | B22: =SUM(B23:B29) -> 4342502789 | C22: =SUM(C23:C29) -> 1464039070
A23: 1.Phải thu ngắn hạn của khách hàng | B23: =OFFSET('Tinh hinh tai chinh'!$BL16,0,'THTC in'!$D$7 - 1) -> 3596125006 | C23: ='Tinh hinh tai chinh'!BK16 -> 1352106540
A24: 2.Trả trước cho người bán ngắn hạn | B24: =OFFSET('Tinh hinh tai chinh'!$BL17,0,'THTC in'!$D$7 - 1) -> 672134512 | C24: ='Tinh hinh tai chinh'!BK17 -> 111932530
A25: 3.Phải thu nội bộ ngắn hạn | B25: =OFFSET('Tinh hinh tai chinh'!$BL18,0,'THTC in'!$D$7 - 1) -> 0 | C25: ='Tinh hinh tai chinh'!BK18 -> 0
A26: 4.Phải thu theo tiến độ hợp đồng xây dựng | B26: =OFFSET('Tinh hinh tai chinh'!$BL19,0,'THTC in'!$D$7 - 1) -> 0 | C26: ='Tinh hinh tai chinh'!BK19 -> 0
A27: 5.Phải thu ngắn hạn khác | B27: =OFFSET('Tinh hinh tai chinh'!$BL20,0,'THTC in'!$D$7 - 1) -> 74243271 | C27: ='Tinh hinh tai chinh'!BK20 -> 0
A28: 6.Dự phòng phải thu ngắn hạn khó đòi (*) | B28: =OFFSET('Tinh hinh tai chinh'!$BL21,0,'THTC in'!$D$7 - 1) -> 0 | C28: ='Tinh hinh tai chinh'!BK21 -> 0
A29: 7.Tài sản thiếu chờ xử lý | B29: =OFFSET('Tinh hinh tai chinh'!$BL22,0,'THTC in'!$D$7 - 1) -> 0 | C29: ='Tinh hinh tai chinh'!BK22 -> 0
A31: IV. Hàng tồn kho | B31: =SUM(B32:B33) -> 1736750227 | C31: =SUM(C32:C33) -> 1493486657
A32: 1. Hàng tồn kho | B32: =OFFSET('Tinh hinh tai chinh'!$BL24,0,'THTC in'!$D$7 - 1) -> 1736750227 | C32: ='Tinh hinh tai chinh'!BK24 -> 1493486657
A33: 2. Dự phòng giảm giá hàng tồn kho (*) | B33: =OFFSET('Tinh hinh tai chinh'!$BL25,0,'THTC in'!$D$7 - 1) -> 0 | C33: ='Tinh hinh tai chinh'!BK25 -> 0
A35: V. Tài sản sinh học ngắn hạn | B35: =SUM(B36:B38) -> 0 | C35: =SUM(C36:C38) -> 0
A36: 1.Súc vật nuôi lấy sản phẩm một lần ngắn hạn | B36: =OFFSET('Tinh hinh tai chinh'!$BL27,0,'THTC in'!$D$7 - 1) -> 0 | C36: ='Tinh hinh tai chinh'!BK27 -> 0
A37: 2.Cây trồng theo mùa vụ hoặc lấy sản phẩm một lần ngắn hạn | B37: =OFFSET('Tinh hinh tai chinh'!$BL28,0,'THTC in'!$D$7 - 1) -> 0 | C37: ='Tinh hinh tai chinh'!BK28 -> 0
A38: 3.Dự phòng tổn thất tài sản sinh học ngắn hạn (*) | B38: =OFFSET('Tinh hinh tai chinh'!$BL29,0,'THTC in'!$D$7 - 1) -> 0 | C38: ='Tinh hinh tai chinh'!BK29 -> 0
A40: VI. Tài sản ngắn hạn khác | B40: =SUM(B41:B45) -> 604371986 | C40: =SUM(C41:C45) -> 419878587
A41: 1.Chi phí chờ phân bổ ngắn hạn | B41: =OFFSET('Tinh hinh tai chinh'!$BL31,0,'THTC in'!$D$7 - 1) -> 604371986 | C41: ='Tinh hinh tai chinh'!BK31 -> 419878587
A42: 2.Thuế GTGT được khấu trừ | B42: =OFFSET('Tinh hinh tai chinh'!$BL32,0,'THTC in'!$D$7 - 1) -> 0 | C42: ='Tinh hinh tai chinh'!BK32 -> 0
A43: 3.Thuế và các khoản khác phải thu Nhà nước | B43: =OFFSET('Tinh hinh tai chinh'!$BL33,0,'THTC in'!$D$7 - 1) -> 0 | C43: ='Tinh hinh tai chinh'!BK33 -> 0
A44: 4.Giao dịch mua bán lại trái phiếu Chính phủ | B44: =OFFSET('Tinh hinh tai chinh'!$BL34,0,'THTC in'!$D$7 - 1) -> 0 | C44: ='Tinh hinh tai chinh'!BK34 -> 0
A45: 5.Tài sản ngắn hạn khác | B45: =OFFSET('Tinh hinh tai chinh'!$BL35,0,'THTC in'!$D$7 - 1) -> 0 | C45: ='Tinh hinh tai chinh'!BK35 -> 0
A47: B. TÀI SẢN DÀI HẠN | B47: =B48+B58+B79+B87+B95+B83 -> 22268064535 | C47: =C48+C58+C79+C87+C95+C83 -> 20953553366
A48: I.Các khoản phải thu dài hạn | B48: =SUM(B49:B54) -> 0 | C48: =SUM(C49:C54) -> 0
A49: 1.Phải thu dài hạn của khách hàng | B49: =OFFSET('Tinh hinh tai chinh'!$BL38,0,'THTC in'!$D$7 - 1) -> 0 | C49: ='Tinh hinh tai chinh'!BK38 -> 0
A50: 2.Trả trước cho người bán dài hạn | B50: =OFFSET('Tinh hinh tai chinh'!$BL39,0,'THTC in'!$D$7 - 1) -> 0 | C50: ='Tinh hinh tai chinh'!BK39 -> 0
A51: 3.Vốn kinh doanh ở đơn vị trực thuộc | B51: =OFFSET('Tinh hinh tai chinh'!$BL40,0,'THTC in'!$D$7 - 1) -> 0 | C51: ='Tinh hinh tai chinh'!BK40 -> 0
A52: 4.Phải thu nội bộ dài hạn | B52: =OFFSET('Tinh hinh tai chinh'!$BL41,0,'THTC in'!$D$7 - 1) -> 0 | C52: ='Tinh hinh tai chinh'!BK41 -> 0
A53: 5.Phải thu dài hạn khác | B53: =OFFSET('Tinh hinh tai chinh'!$BL42,0,'THTC in'!$D$7 - 1) -> 0 | C53: ='Tinh hinh tai chinh'!BK42 -> 0
A54: 6.Dự phòng phải thu dài hạn khó đòi (*) | B54: =OFFSET('Tinh hinh tai chinh'!$BL43,0,'THTC in'!$D$7 - 1) -> 0 | C54: ='Tinh hinh tai chinh'!BK43 -> 0
A56: TÀI SẢN | B56: =B7 -> Số cuối tháng 5 | C56: =C7 -> Số dư đầu năm 2026
A58: II. Tài sản cố định | B58: =B59+B62+B65 -> 20392945024 | C58: =C59+C62+C65 -> 20429544542
A59: 1. Tài sản cố định hữu hình | B59: =SUM(B60:B61) -> 20146653357 | C59: =SUM(C60:C61) -> 20429544542
A60: - Nguyên giá | B60: =OFFSET('Tinh hinh tai chinh'!$BL46,0,'THTC in'!$D$7 - 1) -> 34157498354 | C60: ='Tinh hinh tai chinh'!BK46 -> 33543469154
A61: - Giá trị hao mòn luỹ kế (*) | B61: =OFFSET('Tinh hinh tai chinh'!$BL47,0,'THTC in'!$D$7 - 1) -> -14010844997 | C61: ='Tinh hinh tai chinh'!BK47 -> -13113924612
A62: 2. Tài sản cố định thuê tài chính | B62: =SUM(B63:B64) -> 0 | C62: =SUM(C63:C64) -> 0
A63: - Nguyên giá | B63: =OFFSET('Tinh hinh tai chinh'!$BL49,0,'THTC in'!$D$7 - 1) -> 0 | C63: ='Tinh hinh tai chinh'!BK49 -> 0
A64: - Giá trị hao mòn luỹ kế (*) | B64: =OFFSET('Tinh hinh tai chinh'!$BL50,0,'THTC in'!$D$7 - 1) -> 0 | C64: ='Tinh hinh tai chinh'!BK50 -> 0
A65: 3. Tài sản cố định vô hình | B65: =SUM(B66:B67) -> 246291667 | C65: =SUM(C66:C67) -> 0
A66: - Nguyên giá | B66: =OFFSET('Tinh hinh tai chinh'!$BL52,0,'THTC in'!$D$7 - 1) -> 312000000 | C66: ='Tinh hinh tai chinh'!BK52 -> 55000000
A67: - Giá trị hao mòn luỹ kế (*) | B67: =OFFSET('Tinh hinh tai chinh'!$BL53,0,'THTC in'!$D$7 - 1) -> -65708333 | C67: ='Tinh hinh tai chinh'!BK53 -> -55000000
A69: III. Tài sản sinh học dài hạn | C69: =SUM(C70,C75:C77) -> 0
A70: 1.Súc vật nuôi cho sản phẩm định kỳ | B70: =OFFSET('Tinh hinh tai chinh'!$BL55,0,'THTC in'!$D$7 - 1) -> 0 | C70: ='Tinh hinh tai chinh'!BK55 -> 0
A71: a)Súc vật nuôi cho sản phẩm định kỳ chưa đến giai đoạn trưởng thành | B71: =OFFSET('Tinh hinh tai chinh'!$BL56,0,'THTC in'!$D$7 - 1) -> 0 | C71: ='Tinh hinh tai chinh'!BK56 -> 0
A72: b)Súc vật nuôi cho sản phẩm định kỳ đến giai đoạn trưởng thành | B72: =OFFSET('Tinh hinh tai chinh'!$BL57,0,'THTC in'!$D$7 - 1) -> 0 | C72: ='Tinh hinh tai chinh'!BK57 -> 0
A73: - Nguyên giá | B73: =OFFSET('Tinh hinh tai chinh'!$BL58,0,'THTC in'!$D$7 - 1) -> 0 | C73: ='Tinh hinh tai chinh'!BK58 -> 0
A74: - Giá trị khấu hao lũy kế (*) | B74: =OFFSET('Tinh hinh tai chinh'!$BL59,0,'THTC in'!$D$7 - 1) -> 0 | C74: ='Tinh hinh tai chinh'!BK59 -> 0
A75: 2.Súc vật nuôi lấy sản phẩm một lần dài hạn | B75: =OFFSET('Tinh hinh tai chinh'!$BL60,0,'THTC in'!$D$7 - 1) -> 0 | C75: ='Tinh hinh tai chinh'!BK60 -> 0
A76: 3.Cây trồng theo mùa vụ hoặc lấy sản phẩm một lần dài hạn | B76: =OFFSET('Tinh hinh tai chinh'!$BL61,0,'THTC in'!$D$7 - 1) -> 0 | C76: ='Tinh hinh tai chinh'!BK61 -> 0
A77: 4.Dự phòng tổn thất tài sản sinh học dài hạn | B77: =OFFSET('Tinh hinh tai chinh'!$BL62,0,'THTC in'!$D$7 - 1) -> 0 | C77: ='Tinh hinh tai chinh'!BK62 -> 0
A79: IV. Bất động sản đầu tư | B79: =SUM(B80:B81) -> 0 | C79: =SUM(C80:C81) -> 0
A80: - Nguyên giá | B80: =OFFSET('Tinh hinh tai chinh'!$BL64,0,'THTC in'!$D$7 - 1) -> 0 | C80: ='Tinh hinh tai chinh'!BK64 -> 0
A81: - Giá trị hao mòn luỹ kế (*) | B81: =OFFSET('Tinh hinh tai chinh'!$BL65,0,'THTC in'!$D$7 - 1) -> 0 | C81: ='Tinh hinh tai chinh'!BK65 -> 0
A83: V. Tài sản dở dang dài hạn | B83: =SUM(B84:B85) -> 928578104 | C83: =SUM(C84:C85) -> 0
A84: 1.Chi phí sản xuất, kinh doanh dở dang dài hạn | B84: =OFFSET('Tinh hinh tai chinh'!$BL67,0,'THTC in'!$D$7 - 1) -> 0 | C84: ='Tinh hinh tai chinh'!BK67 -> 0
A85: 2.Chi phí xây dựng cơ bản dở dang | B85: =OFFSET('Tinh hinh tai chinh'!$BL68,0,'THTC in'!$D$7 - 1) -> 928578104 | C85: ='Tinh hinh tai chinh'!BK68 -> 0
A87: VI. Đầu tư tài chính dài hạn | B87: =SUM(B88:B92) -> 0 | C87: =SUM(C88:C93) -> 0
A88: 1.Đầu tư vào công ty con | B88: =OFFSET('Tinh hinh tai chinh'!$BL70,0,'THTC in'!$D$7 - 1) -> 0 | C88: ='Tinh hinh tai chinh'!BK70 -> 0
A89: 2.Đầu tư vào công ty liên doanh, liên kết | B89: =OFFSET('Tinh hinh tai chinh'!$BL71,0,'THTC in'!$D$7 - 1) -> 0 | C89: ='Tinh hinh tai chinh'!BK71 -> 0
A90: 3.Đầu tư góp vốn vào đơn vị khác | B90: =OFFSET('Tinh hinh tai chinh'!$BL72,0,'THTC in'!$D$7 - 1) -> 0 | C90: ='Tinh hinh tai chinh'!BK72 -> 0
A91: 4.Dự phòng tổn thất đầu tư vào đơn vị khác dài hạn(*) | B91: =OFFSET('Tinh hinh tai chinh'!$BL73,0,'THTC in'!$D$7 - 1) -> 0 | C91: ='Tinh hinh tai chinh'!BK73 -> 0
A92: 5.Đầu tư nắm giữ đến ngày đáo hạn dài hạn | B92: =OFFSET('Tinh hinh tai chinh'!$BL74,0,'THTC in'!$D$7 - 1) -> 0 | C92: ='Tinh hinh tai chinh'!BK74 -> 0
A93: 6.Dự phòng đầu tư nắm giữ đến ngày đáo hạn dài hạn (*) | B93: =OFFSET('Tinh hinh tai chinh'!$BL75,0,'THTC in'!$D$7 - 1) -> 0 | C93: ='Tinh hinh tai chinh'!BK75 -> 0
A95: VII. Tài sản dài hạn khác | B95: =SUM(B96:B99) -> 946541407 | C95: =SUM(C96:C99) -> 524008824
A96: 1.Chi phí chờ phân bổ dài hạn | B96: =OFFSET('Tinh hinh tai chinh'!$BL77,0,'THTC in'!$D$7 - 1) -> 946541407 | C96: ='Tinh hinh tai chinh'!BK77 -> 524008824
A97: 2.Tài sản thuế thu nhập hoãn lại | B97: =OFFSET('Tinh hinh tai chinh'!$BL78,0,'THTC in'!$D$7 - 1) -> 0 | C97: ='Tinh hinh tai chinh'!BK78 -> 0
A98: 3.Thiết bị, vật tư, phụ tùng thay thế dài hạn | B98: =OFFSET('Tinh hinh tai chinh'!$BL79,0,'THTC in'!$D$7 - 1) -> 0 | C98: ='Tinh hinh tai chinh'!BK79 -> 0
A99: 4.Tài sản dài hạn khác | B99: =OFFSET('Tinh hinh tai chinh'!$BL80,0,'THTC in'!$D$7 - 1) -> 0 | C99: ='Tinh hinh tai chinh'!BK80 -> 0
A100: TỔNG CỘNG TÀI SẢN | B100: =B8+B47 -> 40519851163 | C100: =C8+C47 -> 37018208196
A102: NGUỒN VỐN | B102: =B7 -> Số cuối tháng 5 | C102: =C7 -> Số dư đầu năm 2026
A103: C . NỢ PHẢI TRẢ | B103: =B104+B121 -> 2511504919 | C103: =C104+C121 -> 1784212493
A104: I. Nợ ngắn hạn | B104: =SUM(B105:B119) -> 2511504919 | C104: =SUM(C105:C119) -> 1784212493
A105: 1.Phải trả người bán ngắn hạn | B105: =OFFSET('Tinh hinh tai chinh'!$BL84,0,'THTC in'!$D$7 - 1) -> 1058235468 | C105: ='Tinh hinh tai chinh'!BK84 -> 868547044
A106: 2.Người mua trả tiền trước ngắn hạn | B106: =OFFSET('Tinh hinh tai chinh'!$BL85,0,'THTC in'!$D$7 - 1) -> 0 | C106: ='Tinh hinh tai chinh'!BK85 -> 0
A107: 3.Phải trả cổ tức, lợi nhuận | B107: =OFFSET('Tinh hinh tai chinh'!$BL86,0,'THTC in'!$D$7 - 1) -> 0 | C107: ='Tinh hinh tai chinh'!BK86 -> 0
A108: 4.Thuế và các khoản phải nộp Nhà nước ngắn hạn | B108: =OFFSET('Tinh hinh tai chinh'!$BL87,0,'THTC in'!$D$7 - 1) -> 713388407 | C108: ='Tinh hinh tai chinh'!BK87 -> 284156251
A109: 5.Phải trả người lao động | B109: =OFFSET('Tinh hinh tai chinh'!$BL88,0,'THTC in'!$D$7 - 1) -> 397803093 | C109: ='Tinh hinh tai chinh'!BK88 -> 610918101
A110: 6.Chi phí phải trả ngắn hạn | B110: =OFFSET('Tinh hinh tai chinh'!$BL89,0,'THTC in'!$D$7 - 1) -> 267747725 | C110: ='Tinh hinh tai chinh'!BK89 -> 20591097
A111: 7.Phải trả nội bộ ngắn hạn | B111: =OFFSET('Tinh hinh tai chinh'!$BL90,0,'THTC in'!$D$7 - 1) -> 0 | C111: ='Tinh hinh tai chinh'!BK90 -> 0
A112: 8.Phải trả theo tiến độ hợp đồng xây dựng ngắn hạn | B112: =OFFSET('Tinh hinh tai chinh'!$BL91,0,'THTC in'!$D$7 - 1) -> 0 | C112: ='Tinh hinh tai chinh'!BK91 -> 0
A113: 9.Doanh thu chờ phân bổ ngắn hạn | B113: =OFFSET('Tinh hinh tai chinh'!$BL92,0,'THTC in'!$D$7 - 1) -> 0 | C113: ='Tinh hinh tai chinh'!BK92 -> 0
A114: 10.Phải trả ngắn hạn khác | B114: =OFFSET('Tinh hinh tai chinh'!$BL93,0,'THTC in'!$D$7 - 1) -> 74330226 | C114: ='Tinh hinh tai chinh'!BK93 -> 0
A115: 11.Vay và nợ thuê tài chính ngắn hạn | B115: =OFFSET('Tinh hinh tai chinh'!$BL94,0,'THTC in'!$D$7 - 1) -> 0 | C115: ='Tinh hinh tai chinh'!BK94 -> 0
A116: 12.Dự phòng phải trả ngắn hạn | B116: =OFFSET('Tinh hinh tai chinh'!$BL95,0,'THTC in'!$D$7 - 1) -> 0 | C116: ='Tinh hinh tai chinh'!BK95 -> 0
...

Sheet KQKD in
A1: ='Thong tin'!$A$1 -> CÔNG TY TNHH MTV ĐỒNG LÂM
A2: ='Thong tin'!$A$2 -> Địa chỉ: Thửa đất số 838, tờ bản đồ số 6, tổ 4, ấp Tân Thuận, phường Tân Hạnh, tỉnh Vĩnh Long
A4: BÁO CÁO KẾT QUẢ HOẠT ĐỘNG KINH DOANH
A5: ="Năm " & 'Thong tin'!$C$6 -> Năm 2026
G6: ĐVT: VNĐ
A8: Chỉ tiêu | D8: ="Tháng "&'Thong tin'!$C$9 -> Tháng 5 | F8: ="Lũy kế"&" "&'Thong tin'!$C$9 &" "&"tháng" -> Lũy kế 5 tháng
D9: ="Năm " & 'Thong tin'!$C$6 -> Năm 2026 | E9: ="Năm " & 'Thong tin'!$C$7 -> Năm 2025 | F9: ="Năm " & 'Thong tin'!$C$6 -> Năm 2026 | G9: ="Năm " & 'Thong tin'!$C$7 -> Năm 2025
A10: 1. | B10: Doanh thu bán hàng và cung cấp dịch vụ | D10: =OFFSET('Ket qua kinh doanh'!$BL5,0,'Thong tin'!$C$9 - 1) -> 11024894520 | E10: =OFFSET('Ket qua kinh doanh'!$AZ5,0,'Thong tin'!$C$9 - 1) -> 7380147015 | F10: =SUM(OFFSET('Ket qua kinh doanh'!$BL5,0,0,1,'Thong tin'!$C$9)) -> 39568213997 | G10: =SUM(OFFSET('Ket qua kinh doanh'!$AZ5,0,0,1,'Thong tin'!$C$9)) -> 28611079762
A11: 2. | B11: Các khoản giảm trừ doanh thu | D11: =OFFSET('Ket qua kinh doanh'!$BL6,0,'Thong tin'!$C$9 - 1) -> 0 | E11: =OFFSET('Ket qua kinh doanh'!$AZ6,0,'Thong tin'!$C$9 - 1) -> 0 | F11: =SUM(OFFSET('Ket qua kinh doanh'!$BL6,0,0,1,'Thong tin'!$C$9)) -> 0 | G11: =SUM(OFFSET('Ket qua kinh doanh'!$AZ6,0,0,1,'Thong tin'!$C$9)) -> 0
A12: 3. | B12: Doanh thu thuần về bán hàng và cung cấp dịch vụ | D12: =OFFSET('Ket qua kinh doanh'!$BL7,0,'Thong tin'!$C$9 - 1) -> 11024894520 | E12: =OFFSET('Ket qua kinh doanh'!$AZ7,0,'Thong tin'!$C$9 - 1) -> 7380147015 | F12: =SUM(OFFSET('Ket qua kinh doanh'!$BL7,0,0,1,'Thong tin'!$C$9)) -> 39568213997 | G12: =SUM(OFFSET('Ket qua kinh doanh'!$AZ7,0,0,1,'Thong tin'!$C$9)) -> 28611079762
A13: 4. | B13: Giá vốn hàng bán | D13: =OFFSET('Ket qua kinh doanh'!$BL8,0,'Thong tin'!$C$9 - 1) -> 9397938637 | E13: =OFFSET('Ket qua kinh doanh'!$AZ8,0,'Thong tin'!$C$9 - 1) -> 7126741795 | F13: =SUM(OFFSET('Ket qua kinh doanh'!$BL8,0,0,1,'Thong tin'!$C$9)) -> 34534160005 | G13: =SUM(OFFSET('Ket qua kinh doanh'!$AZ8,0,0,1,'Thong tin'!$C$9)) -> 27645430459
A14: 5. | B14: Lợi nhuận gộp về bán hàng và cung cấp dịch vụ | D14: =OFFSET('Ket qua kinh doanh'!$BL9,0,'Thong tin'!$C$9 - 1) -> 1626955883 | E14: =OFFSET('Ket qua kinh doanh'!$AZ9,0,'Thong tin'!$C$9 - 1) -> 253405220 | F14: =SUM(OFFSET('Ket qua kinh doanh'!$BL9,0,0,1,'Thong tin'!$C$9)) -> 5034053992 | G14: =SUM(OFFSET('Ket qua kinh doanh'!$AZ9,0,0,1,'Thong tin'!$C$9)) -> 965649303
A15: 6. | B15: Lãi/lỗ của hoạt động bán, thanh lý bất động sản đầu tư | D15: =OFFSET('Ket qua kinh doanh'!$BL10,0,'Thong tin'!$C$9 - 1) -> 0 | E15: =OFFSET('Ket qua kinh doanh'!$AZ10,0,'Thong tin'!$C$9 - 1) -> 0 | F15: =SUM(OFFSET('Ket qua kinh doanh'!$BL10,0,0,1,'Thong tin'!$C$9)) -> 0 | G15: =SUM(OFFSET('Ket qua kinh doanh'!$AZ10,0,0,1,'Thong tin'!$C$9)) -> 0
A16: 7. | B16: Doanh thu hoạt động tài chính | D16: =OFFSET('Ket qua kinh doanh'!$BL11,0,'Thong tin'!$C$9 - 1) -> 11002030 | E16: =OFFSET('Ket qua kinh doanh'!$AZ11,0,'Thong tin'!$C$9 - 1) -> 11106781 | F16: =SUM(OFFSET('Ket qua kinh doanh'!$BL11,0,0,1,'Thong tin'!$C$9)) -> 173991944 | G16: =SUM(OFFSET('Ket qua kinh doanh'!$AZ11,0,0,1,'Thong tin'!$C$9)) -> 146895095
A17: 8. | B17: Chi phí tài chính | D17: =OFFSET('Ket qua kinh doanh'!$BL12,0,'Thong tin'!$C$9 - 1) -> 0 | E17: =OFFSET('Ket qua kinh doanh'!$AZ12,0,'Thong tin'!$C$9 - 1) -> 0 | F17: =SUM(OFFSET('Ket qua kinh doanh'!$BL12,0,0,1,'Thong tin'!$C$9)) -> 0 | G17: =SUM(OFFSET('Ket qua kinh doanh'!$AZ12,0,0,1,'Thong tin'!$C$9)) -> 0
B18: Trong đó: chi phí lãi vay | D18: =OFFSET('Ket qua kinh doanh'!$BL13,0,'Thong tin'!$C$9 - 1) -> 0 | E18: =OFFSET('Ket qua kinh doanh'!$AZ13,0,'Thong tin'!$C$9 - 1) -> 0 | F18: =SUM(OFFSET('Ket qua kinh doanh'!$BL13,0,0,1,'Thong tin'!$C$9)) -> 0 | G18: =SUM(OFFSET('Ket qua kinh doanh'!$AZ13,0,0,1,'Thong tin'!$C$9)) -> 0
A19: 9. | B19: Chi phí bán hàng | D19: =OFFSET('Ket qua kinh doanh'!$BL14,0,'Thong tin'!$C$9 - 1) -> 262800000 | E19: =OFFSET('Ket qua kinh doanh'!$AZ14,0,'Thong tin'!$C$9 - 1) -> 157100000 | F19: =SUM(OFFSET('Ket qua kinh doanh'!$BL14,0,0,1,'Thong tin'!$C$9)) -> 1047100000 | G19: =SUM(OFFSET('Ket qua kinh doanh'!$AZ14,0,0,1,'Thong tin'!$C$9)) -> 618500000
A20: 10. | B20: Chi phí quản lý doanh nghiệp | D20: =OFFSET('Ket qua kinh doanh'!$BL15,0,'Thong tin'!$C$9 - 1) -> 245121655 | E20: =OFFSET('Ket qua kinh doanh'!$AZ15,0,'Thong tin'!$C$9 - 1) -> 142223547 | F20: =SUM(OFFSET('Ket qua kinh doanh'!$BL15,0,0,1,'Thong tin'!$C$9)) -> 1444229086 | G20: =SUM(OFFSET('Ket qua kinh doanh'!$AZ15,0,0,1,'Thong tin'!$C$9)) -> 681764206
A21: 11. | B21: Lợi nhuận thuần từ hoạt động kinh doanh | D21: =OFFSET('Ket qua kinh doanh'!$BL16,0,'Thong tin'!$C$9 - 1) -> 1130036258 | E21: =OFFSET('Ket qua kinh doanh'!$AZ16,0,'Thong tin'!$C$9 - 1) -> -34811546 | F21: =SUM(OFFSET('Ket qua kinh doanh'!$BL16,0,0,1,'Thong tin'!$C$9)) -> 2716716850 | G21: =SUM(OFFSET('Ket qua kinh doanh'!$AZ16,0,0,1,'Thong tin'!$C$9)) -> -187719808
A22: 12. | B22: Thu nhập khác | D22: =OFFSET('Ket qua kinh doanh'!$BL17,0,'Thong tin'!$C$9 - 1) -> 26861111 | E22: =OFFSET('Ket qua kinh doanh'!$AZ17,0,'Thong tin'!$C$9 - 1) -> 0 | F22: =SUM(OFFSET('Ket qua kinh doanh'!$BL17,0,0,1,'Thong tin'!$C$9)) -> 80425162 | G22: =SUM(OFFSET('Ket qua kinh doanh'!$AZ17,0,0,1,'Thong tin'!$C$9)) -> 96212726
A23: 13. | B23: Chi phí khác | D23: =OFFSET('Ket qua kinh doanh'!$BL18,0,'Thong tin'!$C$9 - 1) -> 0 | E23: =OFFSET('Ket qua kinh doanh'!$AZ18,0,'Thong tin'!$C$9 - 1) -> 0 | F23: =SUM(OFFSET('Ket qua kinh doanh'!$BL18,0,0,1,'Thong tin'!$C$9)) -> 22020396 | G23: =SUM(OFFSET('Ket qua kinh doanh'!$AZ18,0,0,1,'Thong tin'!$C$9)) -> 42339675
A24: 14. | B24: Lợi nhuận khác | D24: =OFFSET('Ket qua kinh doanh'!$BL19,0,'Thong tin'!$C$9 - 1) -> 26861111 | E24: =OFFSET('Ket qua kinh doanh'!$AZ19,0,'Thong tin'!$C$9 - 1) -> 0 | F24: =SUM(OFFSET('Ket qua kinh doanh'!$BL19,0,0,1,'Thong tin'!$C$9)) -> 58404766 | G24: =SUM(OFFSET('Ket qua kinh doanh'!$AZ19,0,0,1,'Thong tin'!$C$9)) -> 53873051
A25: 15. | B25: Tổng lợi nhuận kế toán trước thuế | D25: =OFFSET('Ket qua kinh doanh'!$BL20,0,'Thong tin'!$C$9 - 1) -> 1156897369 | E25: =OFFSET('Ket qua kinh doanh'!$AZ20,0,'Thong tin'!$C$9 - 1) -> -34811546 | F25: =SUM(OFFSET('Ket qua kinh doanh'!$BL20,0,0,1,'Thong tin'!$C$9)) -> 2775121616 | G25: =SUM(OFFSET('Ket qua kinh doanh'!$AZ20,0,0,1,'Thong tin'!$C$9)) -> -133846757
A26: 16. | B26: Chi phí thuế TNDN hiện hành (*) | D26: =OFFSET('Ket qua kinh doanh'!$BL21,0,'Thong tin'!$C$9 - 1) -> 0 | E26: =OFFSET('Ket qua kinh doanh'!$AZ21,0,'Thong tin'!$C$9 - 1) -> 0 | F26: =SUM(OFFSET('Ket qua kinh doanh'!$BL21,0,0,1,'Thong tin'!$C$9)) -> 0 | G26: =SUM(OFFSET('Ket qua kinh doanh'!$AZ21,0,0,1,'Thong tin'!$C$9)) -> 0
A27: 17. | B27: Chi phí thuế TNDN hoãn lại | D27: =OFFSET('Ket qua kinh doanh'!$BL22,0,'Thong tin'!$C$9 - 1) -> 0 | E27: =OFFSET('Ket qua kinh doanh'!$AZ22,0,'Thong tin'!$C$9 - 1) -> 0 | F27: =SUM(OFFSET('Ket qua kinh doanh'!$BL22,0,0,1,'Thong tin'!$C$9)) -> 0 | G27: =SUM(OFFSET('Ket qua kinh doanh'!$AZ22,0,0,1,'Thong tin'!$C$9)) -> 0
A28: 18. | B28: Lợi nhuận sau thuế | D28: =OFFSET('Ket qua kinh doanh'!$BL23,0,'Thong tin'!$C$9 - 1) -> 1156897369 | E28: =OFFSET('Ket qua kinh doanh'!$AZ23,0,'Thong tin'!$C$9 - 1) -> -34811546 | F28: =SUM(OFFSET('Ket qua kinh doanh'!$BL23,0,0,1,'Thong tin'!$C$9)) -> 2775121616 | G28: =SUM(OFFSET('Ket qua kinh doanh'!$AZ23,0,0,1,'Thong tin'!$C$9)) -> -133846757
A29: 19. | B29: Lãi cơ bản trên cổ phiếu | F29: =#REF!+#REF!+#REF!+#REF!+#REF!+#REF!+#REF!+#REF!+#REF!+#REF!+#REF!+D29 -> #REF! | G29: =#REF!+#REF!+#REF!+#REF!+#REF!+#REF!+#REF!+#REF!+#REF!+#REF!+#REF!+E29 -> #REF!
D31: 0 | E31: 0 | F31: 0 | G31: 0
F32: Lập, ngày 05 tháng 06 năm 2026
B34: KẾ TOÁN TRƯỞNG | F34: ='Thong tin'!B18 -> TRƯỞNG TRẠM THU MUA
B41: ='Thong tin'!B13 -> Lê Thùy Ngân | F41: ='Thong tin'!B19 -> Nguyễn Nhật Bằng

Sheet LCTT_GT in
A1: ='Thong tin'!$A$1 -> CÔNG TY TNHH MTV ĐỒNG LÂM
A2: ='Thong tin'!$A$2 -> Địa chỉ: Thửa đất số 838, tờ bản đồ số 6, tổ 4, ấp Tân Thuận, phường Tân Hạnh, tỉnh Vĩnh Long
A4: BÁO CÁO LƯU CHUYỂN TIỀN TỆ
A5: (Theo phương pháp gián tiếp)
A6: ="Năm " & 'Thong tin'!$C$6 -> Năm 2026
E7: ='KQKD in'!G6 -> ĐVT: VNĐ
A8: Chỉ tiêu | B8: ="Tháng " & 'Thong tin'!$C$9 -> Tháng 5 | D8: ="Lũy kế"&" "& 'Thong tin'!$C$9 &" "&"tháng" -> Lũy kế 5 tháng
B9: ="Năm " & 'Thong tin'!$C$6 -> Năm 2026 | C9: ="Năm " & 'Thong tin'!$C$7 -> Năm 2025 | D9: ="Năm " & 'Thong tin'!$C$6 -> Năm 2026 | E9: ="Năm " & 'Thong tin'!$C$7 -> Năm 2025
A10: I. Lưu chuyển tiền từ hoạt động kinh doanh
A11: 1. Lợi nhuận trước thuế | B11: =OFFSET('Luu chuyen tien te'!$BL5,0,'Thong tin'!$C$9 - 1) -> 1156897369 | C11: =OFFSET('Luu chuyen tien te'!$AZ5,0,'Thong tin'!$C$9 - 1) -> -34811546 | D11: =SUM(OFFSET('Luu chuyen tien te'!$BL5,0,0,1,'Thong tin'!$C$9)) -> 2775121616 | E11: =SUM(OFFSET('Luu chuyen tien te'!$AZ5,0,0,1,'Thong tin'!$C$9)) -> -133846757
A12: 2. Điều chỉnh cho các khoản
A13: - Khấu hao tài sản cố định và BĐSĐT | B13: =OFFSET('Luu chuyen tien te'!$BL7,0,'Thong tin'!$C$9 - 1) -> 200168654 | C13: =OFFSET('Luu chuyen tien te'!$AZ7,0,'Thong tin'!$C$9 - 1) -> 329551584 | D13: =SUM(OFFSET('Luu chuyen tien te'!$BL7,0,0,1,'Thong tin'!$C$9)) -> 1009643443 | E13: =SUM(OFFSET('Luu chuyen tien te'!$AZ7,0,0,1,'Thong tin'!$C$9)) -> 1638527130
A14: - Các khoản dự phòng | B14: =OFFSET('Luu chuyen tien te'!$BL8,0,'Thong tin'!$C$9 - 1) -> 0 | C14: =OFFSET('Luu chuyen tien te'!$AZ8,0,'Thong tin'!$C$9 - 1) -> 0 | D14: =SUM(OFFSET('Luu chuyen tien te'!$BL8,0,0,1,'Thong tin'!$C$9)) -> 0 | E14: =SUM(OFFSET('Luu chuyen tien te'!$AZ8,0,0,1,'Thong tin'!$C$9)) -> 0
A15: - Lãi, lỗ chênh lệch tỷ giá hối đoái do đánh giá lại các khoản mục tiền tệ có gốc ngoại tệ | B15: =OFFSET('Luu chuyen tien te'!$BL9,0,'Thong tin'!$C$9 - 1) -> 0 | C15: =OFFSET('Luu chuyen tien te'!$AZ9,0,'Thong tin'!$C$9 - 1) -> 0 | D15: =SUM(OFFSET('Luu chuyen tien te'!$BL9,0,0,1,'Thong tin'!$C$9)) -> 0 | E15: =SUM(OFFSET('Luu chuyen tien te'!$AZ9,0,0,1,'Thong tin'!$C$9)) -> 0
A16: - Lãi lỗ từ hoạt động đầu tư, tài chính | B16: =OFFSET('Luu chuyen tien te'!$BL10,0,'Thong tin'!$C$9 - 1) -> -11002030 | C16: =OFFSET('Luu chuyen tien te'!$AZ10,0,'Thong tin'!$C$9 - 1) -> -11106781 | D16: =SUM(OFFSET('Luu chuyen tien te'!$BL10,0,0,1,'Thong tin'!$C$9)) -> -173991944 | E16: =SUM(OFFSET('Luu chuyen tien te'!$AZ10,0,0,1,'Thong tin'!$C$9)) -> -146895155
A17: - Chi phí đi vay | B17: =OFFSET('Luu chuyen tien te'!$BL11,0,'Thong tin'!$C$9 - 1) -> 0 | C17: =OFFSET('Luu chuyen tien te'!$AZ11,0,'Thong tin'!$C$9 - 1) -> 0 | D17: =SUM(OFFSET('Luu chuyen tien te'!$BL11,0,0,1,'Thong tin'!$C$9)) -> 0 | E17: =SUM(OFFSET('Luu chuyen tien te'!$AZ11,0,0,1,'Thong tin'!$C$9)) -> 0
A18: - Các khoản điều chỉnh khác | B18: =OFFSET('Luu chuyen tien te'!$BL12,0,'Thong tin'!$C$9 - 1) -> 0 | C18: =OFFSET('Luu chuyen tien te'!$AZ12,0,'Thong tin'!$C$9 - 1) -> 0 | D18: =SUM(OFFSET('Luu chuyen tien te'!$BL12,0,0,1,'Thong tin'!$C$9)) -> 0 | E18: =SUM(OFFSET('Luu chuyen tien te'!$AZ12,0,0,1,'Thong tin'!$C$9)) -> 0
A19: 3. Lợi nhuận từ hoạt động kinh doanh trước thay đổi vốn lưu động | B19: =SUM(B11:B18) -> 1346063993 | C19: =SUM(C11:C18) -> 283633257 | D19: =SUM(D11:D18) -> 3610773115 | E19: =SUM(E11:E18) -> 1357785218
A20: - Tăng giảm các khoản phải thu | B20: =OFFSET('Luu chuyen tien te'!$BL14,0,'Thong tin'!$C$9 - 1) -> -1577587338 | C20: =OFFSET('Luu chuyen tien te'!$AZ14,0,'Thong tin'!$C$9 - 1) -> 281268289 | D20: =SUM(OFFSET('Luu chuyen tien te'!$BL14,0,0,1,'Thong tin'!$C$9)) -> -2054330042 | E20: =SUM(OFFSET('Luu chuyen tien te'!$AZ14,0,0,1,'Thong tin'!$C$9)) -> 73324796
A21: - Tăng giảm hàng tồn kho | B21: =OFFSET('Luu chuyen tien te'!$BL15,0,'Thong tin'!$C$9 - 1) -> 590599954 | C21: =OFFSET('Luu chuyen tien te'!$AZ15,0,'Thong tin'!$C$9 - 1) -> -1013857236 | D21: =SUM(OFFSET('Luu chuyen tien te'!$BL15,0,0,1,'Thong tin'!$C$9)) -> -243263570 | E21: =SUM(OFFSET('Luu chuyen tien te'!$AZ15,0,0,1,'Thong tin'!$C$9)) -> -2947987348
A22: - Tăng giảm các khoản phải trả (Không bao gồm lãi vay phải trả, thuế TNDN phải nộp) | B22: =OFFSET('Luu chuyen tien te'!$BL16,0,'Thong tin'!$C$9 - 1) -> 311349763 | C22: =OFFSET('Luu chuyen tien te'!$AZ16,0,'Thong tin'!$C$9 - 1) -> 105251008 | D22: =SUM(OFFSET('Luu chuyen tien te'!$BL16,0,0,1,'Thong tin'!$C$9)) -> 48780636 | E22: =SUM(OFFSET('Luu chuyen tien te'!$AZ16,0,0,1,'Thong tin'!$C$9)) -> -153232421
A23: - Tăng giảm chi phí chờ phân bổ | B23: =OFFSET('Luu chuyen tien te'!$BL17,0,'Thong tin'!$C$9 - 1) -> -261200000 | C23: =OFFSET('Luu chuyen tien te'!$AZ17,0,'Thong tin'!$C$9 - 1) -> -537700000 | D23: =SUM(OFFSET('Luu chuyen tien te'!$BL17,0,0,1,'Thong tin'!$C$9)) -> -752647869 | E23: =SUM(OFFSET('Luu chuyen tien te'!$AZ17,0,0,1,'Thong tin'!$C$9)) -> -1008878143
A24: - Tăng, giảm chứng khoán kinh doanh | B24: =OFFSET('Luu chuyen tien te'!$BL18,0,'Thong tin'!$C$9 - 1) -> 0 | C24: =OFFSET('Luu chuyen tien te'!$AZ18,0,'Thong tin'!$C$9 - 1) -> 0 | D24: =SUM(OFFSET('Luu chuyen tien te'!$BL18,0,0,1,'Thong tin'!$C$9)) -> 0 | E24: =SUM(OFFSET('Luu chuyen tien te'!$AZ18,0,0,1,'Thong tin'!$C$9)) -> 0
A25: - Chi phí đi vay đã trả | B25: =OFFSET('Luu chuyen tien te'!$BL19,0,'Thong tin'!$C$9 - 1) -> 0 | C25: =OFFSET('Luu chuyen tien te'!$AZ19,0,'Thong tin'!$C$9 - 1) -> 0 | D25: =SUM(OFFSET('Luu chuyen tien te'!$BL19,0,0,1,'Thong tin'!$C$9)) -> 0 | E25: =SUM(OFFSET('Luu chuyen tien te'!$AZ19,0,0,1,'Thong tin'!$C$9)) -> 0
A26: - Thuế thu nhập doanh nghiệp đã nộp | B26: =OFFSET('Luu chuyen tien te'!$BL20,0,'Thong tin'!$C$9 - 1) -> 0 | C26: =OFFSET('Luu chuyen tien te'!$AZ20,0,'Thong tin'!$C$9 - 1) -> 0 | D26: =SUM(OFFSET('Luu chuyen tien te'!$BL20,0,0,1,'Thong tin'!$C$9)) -> 0 | E26: =SUM(OFFSET('Luu chuyen tien te'!$AZ20,0,0,1,'Thong tin'!$C$9)) -> 0
A27: - Tiền thu khác từ hoạt động kinh doanh | B27: =OFFSET('Luu chuyen tien te'!$BL21,0,'Thong tin'!$C$9 - 1) -> 0 | C27: =OFFSET('Luu chuyen tien te'!$AZ21,0,'Thong tin'!$C$9 - 1) -> 0 | D27: =SUM(OFFSET('Luu chuyen tien te'!$BL21,0,0,1,'Thong tin'!$C$9)) -> 0 | E27: =SUM(OFFSET('Luu chuyen tien te'!$AZ21,0,0,1,'Thong tin'!$C$9)) -> 0
A28: - Tiền chi khác cho hoạt động kinh doanh | B28: =OFFSET('Luu chuyen tien te'!$BL22,0,'Thong tin'!$C$9 - 1) -> 0 | C28: =OFFSET('Luu chuyen tien te'!$AZ22,0,'Thong tin'!$C$9 - 1) -> 0 | D28: =SUM(OFFSET('Luu chuyen tien te'!$BL22,0,0,1,'Thong tin'!$C$9)) -> 0 | E28: =SUM(OFFSET('Luu chuyen tien te'!$AZ22,0,0,1,'Thong tin'!$C$9)) -> 0
A29: Lưu chuyển tiền thuần từ hoạt động kinh doanh | B29: =SUM(B19:B28) -> 409226372 | C29: =SUM(C19:C28) -> -881404682 | D29: =SUM(D19:D28) -> 609312270 | E29: =SUM(E19:E28) -> -2678987898
A30: II. Lưu chuyển tiền từ hoạt động đầu tư
A31: 1. Tiền chi để mua sắm, xây dựng TSCĐ và các tài sản dài hạn khác | B31: =OFFSET('Luu chuyen tien te'!$BL25,0,'Thong tin'!$C$9 - 1) -> -928578104 | C31: =OFFSET('Luu chuyen tien te'!$AZ25,0,'Thong tin'!$C$9 - 1) -> 0 | D31: =SUM(OFFSET('Luu chuyen tien te'!$BL25,0,0,1,'Thong tin'!$C$9)) -> -1902393104 | E31: =SUM(OFFSET('Luu chuyen tien te'!$AZ25,0,0,1,'Thong tin'!$C$9)) -> -332455515
A32: 2. Tiền thu từ thanh lý, nhượng bán TSCĐ và các tài sản dài hạn khác | B32: =OFFSET('Luu chuyen tien te'!$BL26,0,'Thong tin'!$C$9 - 1) -> 0 | C32: =OFFSET('Luu chuyen tien te'!$AZ26,0,'Thong tin'!$C$9 - 1) -> 0 | D32: =SUM(OFFSET('Luu chuyen tien te'!$BL26,0,0,1,'Thong tin'!$C$9)) -> 0 | E32: =SUM(OFFSET('Luu chuyen tien te'!$AZ26,0,0,1,'Thong tin'!$C$9)) -> 0
A33: 3. Tiền chi cho vay, mua các công cụ nợ của đơn vị khác | B33: =OFFSET('Luu chuyen tien te'!$BL27,0,'Thong tin'!$C$9 - 1) -> 0 | C33: =OFFSET('Luu chuyen tien te'!$AZ27,0,'Thong tin'!$C$9 - 1) -> 0 | D33: =SUM(OFFSET('Luu chuyen tien te'!$BL27,0,0,1,'Thong tin'!$C$9)) -> 0 | E33: =SUM(OFFSET('Luu chuyen tien te'!$AZ27,0,0,1,'Thong tin'!$C$9)) -> 0
A34: 4. Tiền thu hồi cho vay, bán lại các công cụ nợ của đơn vị khác | B34: =OFFSET('Luu chuyen tien te'!$BL28,0,'Thong tin'!$C$9 - 1) -> 0 | C34: =OFFSET('Luu chuyen tien te'!$AZ28,0,'Thong tin'!$C$9 - 1) -> 0 | D34: =SUM(OFFSET('Luu chuyen tien te'!$BL28,0,0,1,'Thong tin'!$C$9)) -> 0 | E34: =SUM(OFFSET('Luu chuyen tien te'!$AZ28,0,0,1,'Thong tin'!$C$9)) -> 0
A35: 5. Tiền chi đầu tư góp vốn vào đơn vị khác | B35: =OFFSET('Luu chuyen tien te'!$BL29,0,'Thong tin'!$C$9 - 1) -> 0 | C35: =OFFSET('Luu chuyen tien te'!$AZ29,0,'Thong tin'!$C$9 - 1) -> 0 | D35: =SUM(OFFSET('Luu chuyen tien te'!$BL29,0,0,1,'Thong tin'!$C$9)) -> 0 | E35: =SUM(OFFSET('Luu chuyen tien te'!$AZ29,0,0,1,'Thong tin'!$C$9)) -> 0
A36: 6. Tiền thu hồi đầu tư góp vốn vào đơn vị khác | B36: =OFFSET('Luu chuyen tien te'!$BL30,0,'Thong tin'!$C$9 - 1) -> 0 | C36: =OFFSET('Luu chuyen tien te'!$AZ30,0,'Thong tin'!$C$9 - 1) -> 0 | D36: =SUM(OFFSET('Luu chuyen tien te'!$BL30,0,0,1,'Thong tin'!$C$9)) -> 0 | E36: =SUM(OFFSET('Luu chuyen tien te'!$AZ30,0,0,1,'Thong tin'!$C$9)) -> 0
A37: 7. Tiền thu lãi cho vay, cổ tức và lợi nhuận được chia | B37: =OFFSET('Luu chuyen tien te'!$BL31,0,'Thong tin'!$C$9 - 1) -> 11002030 | C37: =OFFSET('Luu chuyen tien te'!$AZ31,0,'Thong tin'!$C$9 - 1) -> 11106781 | D37: =SUM(OFFSET('Luu chuyen tien te'!$BL31,0,0,1,'Thong tin'!$C$9)) -> 173991944 | E37: =SUM(OFFSET('Luu chuyen tien te'!$AZ31,0,0,1,'Thong tin'!$C$9)) -> 146895155
A38: Lưu chuyển tiền thuần từ hoạt động đầu tư | B38: =SUM(B31:B37) -> -917576074 | C38: =SUM(C31:C37) -> 11106781 | D38: =SUM(D31:D37) -> -1728401160 | E38: =SUM(E31:E37) -> -185560360
A39: III. Lưu chuyển tiền từ hoạt động tài chính
A40: 1. Tiền thu từ phát hành cố phiếu, nhận vốn góp của chủ sở hữu | B40: =OFFSET('Luu chuyen tien te'!$BL34,0,'Thong tin'!$C$9 - 1) -> 0 | C40: =OFFSET('Luu chuyen tien te'!$AZ34,0,'Thong tin'!$C$9 - 1) -> 0 | D40: =SUM(OFFSET('Luu chuyen tien te'!$BL34,0,0,1,'Thong tin'!$C$9)) -> 0 | E40: =SUM(OFFSET('Luu chuyen tien te'!$AZ34,0,0,1,'Thong tin'!$C$9)) -> 0
A41: 2. Tiền trả lại vốn góp cho các chủ sở hữu, mua lại cổ phiểu đã phát hành | B41: =OFFSET('Luu chuyen tien te'!$BL35,0,'Thong tin'!$C$9 - 1) -> 0 | C41: =OFFSET('Luu chuyen tien te'!$AZ35,0,'Thong tin'!$C$9 - 1) -> 0 | D41: =SUM(OFFSET('Luu chuyen tien te'!$BL35,0,0,1,'Thong tin'!$C$9)) -> 0 | E41: =SUM(OFFSET('Luu chuyen tien te'!$AZ35,0,0,1,'Thong tin'!$C$9)) -> 0
A42: 3. Tiền thu từ đi vay | B42: =OFFSET('Luu chuyen tien te'!$BL36,0,'Thong tin'!$C$9 - 1) -> 0 | C42: =OFFSET('Luu chuyen tien te'!$AZ36,0,'Thong tin'!$C$9 - 1) -> 0 | D42: =SUM(OFFSET('Luu chuyen tien te'!$BL36,0,0,1,'Thong tin'!$C$9)) -> 0 | E42: =SUM(OFFSET('Luu chuyen tien te'!$AZ36,0,0,1,'Thong tin'!$C$9)) -> 0
A43: 4. Tiền trả nợ gốc vay | B43: =OFFSET('Luu chuyen tien te'!$BL37,0,'Thong tin'!$C$9 - 1) -> 0 | C43: =OFFSET('Luu chuyen tien te'!$AZ37,0,'Thong tin'!$C$9 - 1) -> 0 | D43: =SUM(OFFSET('Luu chuyen tien te'!$BL37,0,0,1,'Thong tin'!$C$9)) -> 0 | E43: =SUM(OFFSET('Luu chuyen tien te'!$AZ37,0,0,1,'Thong tin'!$C$9)) -> 0
A44: 5. Tiền trả nợ gốc thuê tài chính | B44: =OFFSET('Luu chuyen tien te'!$BL38,0,'Thong tin'!$C$9 - 1) -> 0 | C44: =OFFSET('Luu chuyen tien te'!$AZ38,0,'Thong tin'!$C$9 - 1) -> 0 | D44: =SUM(OFFSET('Luu chuyen tien te'!$BL38,0,0,1,'Thong tin'!$C$9)) -> 0 | E44: =SUM(OFFSET('Luu chuyen tien te'!$AZ38,0,0,1,'Thong tin'!$C$9)) -> 0
A45: 6. Cổ tức, lợi nhuận đã trả cho chủ sở hữu | B45: =OFFSET('Luu chuyen tien te'!$BL39,0,'Thong tin'!$C$9 - 1) -> 0 | C45: =OFFSET('Luu chuyen tien te'!$AZ39,0,'Thong tin'!$C$9 - 1) -> 0 | D45: =SUM(OFFSET('Luu chuyen tien te'!$BL39,0,0,1,'Thong tin'!$C$9)) -> 0 | E45: =SUM(OFFSET('Luu chuyen tien te'!$AZ39,0,0,1,'Thong tin'!$C$9)) -> 0
A46: Lưu chuyển tiền thuần từ hoạt động tài chính | B46: =SUM(B40:B45) -> 0 | C46: =SUM(C40:C45) -> 0 | D46: =SUM(D40:D45) -> 0 | E46: =SUM(E40:E45) -> 0
A47: Lưu chuyển tiền thuần trong kỳ | B47: =SUM(B29,B38,B46) -> -508349702 | C47: =SUM(C29,C38,C46) -> -870297901 | D47: =SUM(D29,D38,D46) -> -1119088890 | E47: =SUM(E29,E38,E46) -> -2864548258
A48: Tiền và tương đương tiền đầu kỳ | B48: =OFFSET('Luu chuyen tien te'!$BL42,0,'Thong tin'!$C$9 - 1) -> 12076511328 | C48: =OFFSET('Luu chuyen tien te'!$AZ42,0,'Thong tin'!$C$9 - 1) -> 9077992753 | D48: ='Luu chuyen tien te'!BL42 -> 12687250516 | E48: ='Luu chuyen tien te'!AZ42 -> 11072243110
A49: Ảnh hưởng của thay đổi tỷ giá hối đoái quy đổi ngoại tệ | B49: =OFFSET('Luu chuyen tien te'!$BL43,0,'Thong tin'!$C$9 - 1) -> 0 | C49: =OFFSET('Luu chuyen tien te'!$AZ43,0,'Thong tin'!$C$9 - 1) -> 0 | D49: =SUM(OFFSET('Luu chuyen tien te'!$BL43,0,0,1,'Thong tin'!$C$9)) -> 0 | E49: =SUM(OFFSET('Luu chuyen tien te'!$AZ43,0,0,1,'Thong tin'!$C$9)) -> 0
A50: Tiền và tương đương tiền cuối kỳ | B50: =SUM(B47:B49) -> 11568161626 | C50: =SUM(C47:C49) -> 8207694852 | D50: =SUM(D47:D49) -> 11568161626 | E50: =SUM(E47:E49) -> 8207694852
B51: 0 | C51: 0 | D51: 0 | E51: 0
D52: ='KQKD in'!F32 -> Lập, ngày 05 tháng 06 năm 2026
A53: KẾ TOÁN TRƯỞNG | D53: ='Thong tin'!B18 -> TRƯỞNG TRẠM THU MUA
A59: ='Thong tin'!B13 -> Lê Thùy Ngân | D59: ='Thong tin'!B19 -> Nguyễn Nhật Bằng

Sheet Tinh hinh tai chinh
B1: CÔNG TY TNHH MTV ĐỒNG LÂM
B2: VND
A3: Index BS | B3: PHẦN I-BÁO CÁO TÌNH HÌNH TÀI CHÍNH | C3: TenCongTyID | D3: T1.2021 | E3: T02.2021 | F3: T03.2021 | G3: T04.2021 | H3: T05.2021 | I3: T06.2021 | J3: T07.2021 | K3: T08.2021 | L3: T09.2021 | M3: T10.2021 | N3: T11.2021 | O3: T12.2021 | P3: T1.2022 | Q3: T02.2022 | R3: T03.2022 | S3: T04.2022 | T3: T05.2022 | U3: T06.2022 | V3: T07.2022 | W3: T08.2022 | X3: T09.2022 | Y3: T10.2022 | Z3: T11.2022 | AA3: T12.2022 | AB3: T1.2023 | AC3: T02.2023 | AD3: T03.2023 | AE3: T04.2023 | AF3: T05.2023 | AG3: T06.2023 | AH3: T07.2023 | AI3: T08.2023 | AJ3: T09.2023 | AK3: T10.2023 | AL3: T11.2023 | AM3: T12.2023 | AN3: T01.2024 | AO3: T02.2024 | AP3: T03.2024 | AQ3: T04.2024 | AR3: T05.2024 | AS3: T06.2024 | AT3: T07.2024 | AU3: T08.2024 | AV3: T09.2024 | AW3: T10.2024 | AX3: T11.2024 | AY3: T12.2024 | AZ3: T01.2025 | BA3: T02.2025 | BB3: T03.2025 | BC3: T04.2025 | BD3: T05.2025 | BE3: T06.2025 | BF3: T07.2025 | BG3: T08.2025 | BH3: T09.2025 | BI3: T10.2025 | BJ3: T11.2025 | BK3: T12.2025 | BL3: T01.2026 | BM3: T02.2026 | BN3: T03.2026 | BO3: T04.2026 | BP3: T05.2026 | BQ3: T06.2026 | BR3: T07.2026 | BS3: T08.2026 | BT3: T09.2026 | BU3: T10.2026 | BV3: T11.2026 | BW3: T12.2026
A4: 1 | B4: A-TÀI SẢN NGẮN HẠN | C4: 8 | D4: 3358139575 | E4: 3953893142 | F4: 4528675513 | G4: 4640575502 | H4: 4703591381 | I4: 4530310202 | J4: 4519407013 | K4: 4509037112 | L4: 4182253135 | M4: 4167597972 | N4: 4348764088 | O4: 3976721052 | P4: 6201576506 | Q4: 6063724026 | R4: 7737636665 | S4: 12729463995 | T4: 15373589270 | U4: 14642410791 | V4: 14411380496 | W4: 18979581426 | X4: 18489393195 | Y4: 18081772557 | Z4: 20108069630 | AA4: 21430716975 | AB4: 18530493258 | AC4: 18016844387 | AD4: 16407079840 | AE4: 16621096157 | AF4: 15142789981 | AG4: 14842951388 | AH4: 13698033966 | AI4: 12815219742 | AJ4: 16417153221 | AK4: 18590520353 | AL4: 18749491220 | AM4: 19380683843 | AN4: 16655400779 | AO4: 16751161881 | AP4: 17586132451 | AQ4: 17633864126 | AR4: 15585930850 | AS4: 16387350398 | AT4: 14173712873 | AU4: 14449371716 | AV4: 14971331225 | AW4: 14580386925 | AX4: 14685617205 | AY4: 14580396486 | AZ4: 13204501927 | BA4: 13786486984 | BB4: 14537779420 | BC4: 14891446290 | BD4: 15269133452 | BE4: 16512169198 | BF4: 17559193747 | BG4: 18810005297 | BH4: =+BH5+BH8+BH15+BH23+BH30 -> 18824545028 | BI4: 18730252258 | BJ4: 19454271459 | BK4: =+BK5+BK8+BK15+BK23+BK30 -> 16064654830 | BL4: =+BL5+BL8+BL15+BL23+BL30 -> 16812894889 | BM4: =+BM5+BM8+BM15+BM23+BM30 -> 16132611614 | BN4: =+BN5+BN8+BN15+BN23+BN30 -> 16844274503 | BO4: =+BO5+BO8+BO15+BO23+BO30 -> 18289517798 | BP4: =+BP5+BP8+BP15+BP23+BP30 -> 18251786628
A5: 2 | B5: I.Tiền và các khoản tương đương tiền | C5: 8 | D5: 483768379 | E5: 720643553 | F5: 1773031343 | G5: 941288593 | H5: 1138189869 | I5: 308909807 | J5: 308359216 | K5: 835835371 | L5: 586813513 | M5: 479311301 | N5: 436629811 | O5: 212801747 | P5: 1518099189 | Q5: 717217893 | R5: 309531290 | S5: 3671852274 | T5: 4662736487 | U5: 2221627111 | V5: 1709697401 | W5: 8145220924 | X5: 7183858614 | Y5: 5627545425 | Z5: 5579005246 | AA5: 9150314701 | AB5: 8510233118 | AC5: 7792581184 | AD5: 7118800065 | AE5: 7030817990 | AF5: 7635882179 | AG5: 8088495327 | AH5: 7886638739 | AI5: 8466261018 | AJ5: 7021827102 | AK5: 6715619944 | AL5: 6638736449 | AM5: 7453392869 | AN5: 10090383500 | AO5: 9523101882 | AP5: 11009714369 | AQ5: 11029278425 | AR5: 10496124461 | AS5: 11384579309 | AT5: 11426602174 | AU5: 11746075725 | AV5: 10269138389 | AW5: 10626766582 | AX5: 9858519374 | AY5: 11072243110 | AZ5: 8834035774 | BA5: 7848966637 | BB5: 8280510070 | BC5: 9077992753 | BD5: 8207694852 | BE5: 9403068379 | BF5: 7536622429 | BG5: 10513571407 | BH5: =+SUM(BH6:BH7) -> 14815035663 | BI5: 14386677390 | BJ5: 13730084874 | BK5: =+SUM(BK6:BK7) -> 12687250516 | BL5: =+SUM(BL6:BL7) -> 12325362581 | BM5: =+SUM(BM6:BM7) -> 10597287304 | BN5: =+SUM(BN6:BN7) -> 10977840408 | BO5: =+SUM(BO6:BO7) -> 12076511328 | BP5: =+SUM(BP6:BP7) -> 11568161626
A6: 3 | B6: 1.Tiền | C6: 8 | D6: 483768379 | E6: 720643553 | F6: 1773031343 | G6: 941288593 | H6: 1138189869 | I6: 308909807 | J6: 308359216 | K6: 835835371 | L6: 586813513 | M6: 479311301 | N6: 436629811 | O6: 212801747 | P6: 1518099189 | Q6: 717217893 | R6: 309531290 | S6: 3671852274 | T6: 4662736487 | U6: 2221627111 | V6: 1709697401 | W6: 8145220924 | X6: 7183858614 | Y6: 5627545425 | Z6: 5579005246 | AA6: 9150314701 | AB6: 8510233118 | AC6: 7792581184 | AD6: 7118800065 | AE6: 7030817990 | AF6: 7635882179 | AG6: 8088495327 | AH6: 7886638739 | AI6: 8466261018 | AJ6: 7021827102 | AK6: 6715619944 | AL6: 2638736449 | AM6: 3453392869 | AN6: 6090383500 | AO6: 5523101882 | AP6: 7009714369 | AQ6: 3029278425 | AR6: 2496124461 | AS6: 7384579309 | AT6: 4426602174 | AU6: 4746075725 | AV6: 3269138389 | AW6: 3626766582 | AX6: 2858519374 | AY6: 4072243110 | AZ6: 1834035774 | BA6: 848966637 | BB6: 1280510070 | BC6: 2077992753 | BD6: 1207694852 | BE6: 2403068379 | BF6: 1536622429 | BG6: 4513571407 | BH6: 8815035663 | BI6: 5386677390 | BJ6: 4730084874 | BK6: 3687250516 | BL6: 3325362581 | BM6: 1597287304 | BN6: 3977840408 | BO6: 5076511328 | BP6: 4568161626
A7: 4 | B7: 2.Các khoản tương đương tiền | C7: 8 | D7: 0 | E7: 0 | K7: 0 | P7: 0 | Q7: 0 | R7: 0 | S7: 0 | T7: 0 | U7: 0 | V7: 0 | W7: 0 | X7: 0 | Y7: 0 | Z7: 0 | AA7: 0 | AB7: 0 | AC7: 0 | AI7: 0 | AL7: 4000000000 | AM7: 4000000000 | AN7: 4000000000 | AO7: 4000000000 | AP7: 4000000000 | AQ7: 8000000000 | AR7: 8000000000 | AS7: 4000000000 | AT7: 7000000000 | AU7: 7000000000 | AV7: 7000000000 | AW7: 7000000000 | AX7: 7000000000 | AY7: 7000000000 | AZ7: 7000000000 | BA7: 7000000000 | BB7: 7000000000 | BC7: 7000000000 | BD7: 7000000000 | BE7: 7000000000 | BF7: 6000000000 | BG7: 6000000000 | BH7: 6000000000 | BI7: 9000000000 | BJ7: 9000000000 | BK7: 9000000000 | BL7: 9000000000 | BM7: 9000000000 | BN7: 7000000000 | BO7: 7000000000 | BP7: 7000000000
A8: 5 | B8: II.Đầu tư tài chính ngắn hạn | C8: 8 | D8: 0 | E8: 0 | F8: 0 | G8: 0 | H8: 0 | I8: 0 | J8: 0 | K8: 0 | L8: 0 | M8: 0 | N8: 0 | O8: 0 | P8: 0 | Q8: 0 | R8: 0 | S8: 0 | T8: 0 | U8: 0 | V8: 0 | W8: 0 | X8: 0 | Y8: 0 | Z8: 0 | AA8: 0 | AB8: 0 | AC8: 0 | AD8: 0 | AE8: 0 | AF8: 0 | AG8: 0 | AH8: 0 | AI8: 0 | AJ8: 0 | AK8: 0 | AL8: 0 | AM8: 0 | AN8: 0 | AO8: 0 | AP8: 0 | AQ8: 0 | AR8: 0 | AS8: 0 | AT8: 0 | AU8: 0 | AV8: 0 | AW8: 0 | AX8: 0 | AY8: 0 | AZ8: 0 | BA8: 0 | BB8: 0 | BC8: 0 | BD8: 0 | BE8: 0 | BF8: 0 | BG8: 0 | BH8: =SUM(BH9:BH11) -> 0 | BI8: 0 | BJ8: 0 | BK8: =SUM(BK9:BK11) -> 0
A9: 6 | B9: 1.Chứng khoán kinh doanh | C9: 8 | P9: 0 | Q9: 0 | R9: 0 | S9: 0 | T9: 0 | U9: 0 | V9: 0 | W9: 0 | X9: 0 | Y9: 0 | Z9: 0 | AA9: 0
A10: 7 | B10: 2.Dự phòng giảm giá chứng khoán kinh doanh (*) | C10: 8 | P10: 0 | Q10: 0 | R10: 0 | S10: 0 | T10: 0 | U10: 0 | V10: 0 | W10: 0 | X10: 0 | Y10: 0 | Z10: 0 | AA10: 0
A11: 8 | B11: 3.Đầu tư nắm giữ đến ngày đáo hạn ngắn hạn | C11: 8 | P11: 0 | Q11: 0 | R11: 0 | S11: 0 | T11: 0 | U11: 0 | V11: 0 | W11: 0 | X11: 0 | Y11: 0 | Z11: 0 | AA11: 0
A12: 9 | B12: 4.Dự phòng đầu tư nắm giữ đến ngày đáo hạn ngắn hạn (*) | C12: 8
A13: 10 | B13: 5.Đầu tư ngắn hạn khác | C13: 8
A14: 11 | B14: 6.Dự phòng tổn thất các khoản đầu tư ngắn hạn khác (*) | C14: 8
A15: 12 | B15: III.Các khoản phải thu ngắn hạn | C15: 8 | D15: 1620513181 | E15: 1676539681 | F15: 371080000 | G15: 788198265 | H15: 758537475 | I15: 1420772311 | J15: 1420772311 | K15: 893331936 | L15: 794331936 | M15: 888557056 | N15: 904855060 | O15: 724170160 | P15: 1157804097 | Q15: 1764286737 | R15: 3547746882 | S15: 3457809087 | T15: 3068972654 | U15: 4106540884 | V15: 4015593184 | W15: 2386106456 | X15: 3445399070 | Y15: 4719147561 | Z15: 6167567568 | AA15: 5594151818 | AB15: 4868537401 | AC15: 5357599517 | AD15: 4805024644 | AE15: 5362894813 | AF15: 3016973436 | AG15: 3427138278 | AH15: 2681215478 | AI15: 873006738 | AJ15: 1948685648 | AK15: 1942332768 | AL15: 2270482320 | AM15: 3160096224 | AN15: 1382816904 | AO15: 2457182868 | AP15: 1724128692 | AQ15: 1980030480 | AR15: 2622074235 | AS15: 2890771785 | AT15: 1272281064 | AU15: 1255041564 | AV15: 2974642944 | AW15: 2454597412 | AX15: 3051282906 | AY15: 2434139806 | AZ15: 2320323901 | BA15: 3462927557 | BB15: 3547552868 | BC15: 2705857308 | BD15: 2949268036 | BE15: 2421836654 | BF15: 2276842655 | BG15: 2493646152 | BH15: =+SUM(BH16:BH22) -> 1854175027 | BI15: 3404777351 | BJ15: 4007416939 | BK15: =+SUM(BK16:BK22) -> 1464039070 | BL15: =+SUM(BL16:BL22) -> 1058678135 | BM15: =+SUM(BM16:BM22) -> 2036498915 | BN15: =+SUM(BN16:BN22) -> 3753577563 | BO15: =+SUM(BO16:BO22) -> 3216666112 | BP15: =+SUM(BP16:BP22) -> 4342502789
A16: 13 | B16: 1.Phải thu ngắn hạn của khách hàng | C16: 8 | G16: 405266565 | H16: 515509775 | I16: 527440375 | J16: 527440375 | K16: 0 | M16: 94225120 | N16: 204013260 | O16: 23892000 | S16: 127595180 | T16: 196037940 | U16: 683022780 | V16: 601075080 | W16: 990668388 | X16: 1394411268 | Y16: 2131276368 | Z16: 4131439608 | AA16: 4140163218 | AB16: 3685443413 | AC16: 4375012188 | AD16: 3862327288 | AE16: 3999014813 | AF16: 2359708378 | AG16: 2539128278 | AH16: 2490735478 | AI16: 807376738 | AJ16: 1883055648 | AK16: 1837302768 | AL16: 2165452320 | AM16: 3175592088 | AN16: 1398312768 | AO16: 2472678732 | AP16: 1686062460 | AQ16: 1875004248 | AR16: 2366025168 | AS16: 2622382608 | AT16: 1287776928 | AU16: 1270537428 | AV16: 2990138808 | AW16: 2460093276 | AX16: 2890298106 | AY16: 2171167146 | AZ16: 2194075101 | BA16: 3245574757 | BB16: 3302720868 | BC16: 2333761308 | BD16: 2356378858 | BE16: 1646925454 | BF16: 1921224140 | BG16: 1204904597 | BI16: 1042368852 | BJ16: 1705247640 | BK16: 1352106540 | BL16: 916040092 | BM16: 1884129790 | BN16: 2974309886 | BO16: 2369221764 | BP16: 3596125006
A17: 14 | B17: 2.Trả trước cho người bán ngắn hạn | C17: 8 | D17: 1610513181 | E17: 1666539681 | F17: 201080000 | G17: 201080000 | H17: 135080000 | I17: 785387000 | J17: 785387000 | K17: 785387000 | L17: 686387000 | M17: 686387000 | N17: 640208864 | O17: 639645224 | P17: 1105179861 | Q17: 1313060853 | R17: 3098040212 | S17: 2905076977 | T17: 2438689766 | U17: 2989273156 | V17: 2980273156 | W17: 961193120 | X17: 1588844360 | Y17: 2098527960 | Z17: 1988127960 | AA17: 1433988600 | AB17: 1163093988 | AC17: 962587329 | AD17: 922697356 | AE17: 1343880000 | AF17: 637265058 | AG17: 868010000 | AH17: 190480000 | AI17: 65630000 | AJ17: 65630000 | AK17: 105030000 | AL17: 105030000 | AM17: 105030000 | AN17: 105030000 | AO17: 105030000 | AP17: 158592096 | AQ17: 225552096 | AR17: 376574931 | AS17: 376574931 | AT17: 105030000 | AU17: 105030000 | AV17: 105030000 | AW17: 105030000 | AX17: 160984800 | AY17: 244060800 | AZ17: 124904800 | BA17: 217352800 | BB17: 244832000 | BC17: 372096000 | BD17: 592889178 | BE17: 773567200 | BF17: 355570515 | BG17: 1288693555 | BH17: 1854127027 | BI17: 2362360499 | BJ17: 2302121299 | BK17: 111932530 | BL17: 142638043 | BM17: 140569125 | BN17: 779267677 | BO17: 772967077 | BP17: 672134512
A18: 15 | B18: 3.Phải thu nội bộ ngắn hạn | C18: 8 | AZ18: 0 | BG18: 0
A19: 16 | B19: 4.Phải thu theo tiến độ hợp đồng xây dựng | C19: 8 | AZ19: 0 | BG19: 0
A20: 17 | B20: 5.Phải thu ngắn hạn khác | C20: 8 | D20: 10000000 | E20: 10000000 | F20: 170000000 | G20: 181851700 | H20: 107947700 | I20: 107944936 | J20: 107944936 | K20: 107944936 | L20: 107944936 | M20: 107944936 | N20: 60632936 | O20: 60632936 | P20: 52624236 | Q20: 451225884 | R20: 449706670 | S20: 425136930 | T20: 434244948 | U20: 434244948 | V20: 434244948 | W20: 434244948 | X20: 462143442 | Y20: 489343233 | Z20: 48000000 | AA20: 20000000 | AB20: 20000000 | AC20: 20000000 | AD20: 20000000 | AE20: 20000000 | AF20: 20000000 | AG20: 20000000 | AS20: 12340110 | AT20: 0 | AW20: 10000000 | AY20: 18911860 | AZ20: 1344000 | BE20: 1344000 | BF20: 48000 | BG20: 48000 | BH20: 48000 | BI20: 48000 | BJ20: 48000 | BM20: 11800000 | BO20: 74477271 | BP20: 74243271
A21: 18 | B21: 6.Dự phòng phải thu ngắn hạn khó đòi (*) | C21: 8 | AM21: -120525864 | AN21: -120525864 | AO21: -120525864 | AP21: -120525864 | AQ21: -120525864 | AR21: -120525864 | AS21: -120525864 | AT21: -120525864 | AU21: -120525864 | AV21: -120525864 | AW21: -120525864 | BG21: 0
A22: 19 | B22: 7.Tài sản thiếu chờ xử lý | C22: 8 | BG22: 0
A23: 20 | B23: IV. Hàng tồn kho | C23: 8 | D23: 711870500 | E23: 953822000 | F23: 1538030650 | G23: 1981940079 | H23: 1648090578 | I23: 1637240383 | J23: 1637240383 | K23: 1637240383 | L23: 1637240383 | M23: 1637240383 | N23: 1688913810 | O23: 1678041697 | P23: 1894091453 | Q23: 1916852841 | R23: 2144015083 | S23: 3320714997 | T23: 5190756285 | U23: 5961038428 | V23: 6392317595 | W23: 6090374727 | X23: 5600679519 | Y23: 5666269379 | Z23: 6665345158 | AA23: 5403066856 | AB23: 3920064141 | AC23: 3757138672 | AD23: 3689623706 | AE23: 3885652180 | AF23: 4308462957 | AG23: 3183711263 | AH23: 2984669311 | AI23: 3330147871 | AJ23: 7317099506 | AK23: 9819214405 | AL23: 9740798637 | AM23: 8670066410 | AN23: 5097334928 | AO23: 4689521975 | AP23: 4782382935 | AQ23: 4564558366 | AR23: 2418620233 | AS23: 2070065742 | AT23: 1435461347 | AU23: 1414948155 | AV23: 1662924313 | AW23: 1439296958 | AX23: 1723787677 | AY23: 1028919593 | AZ23: 2008806177 | BA23: 2407229278 | BB23: 2554142549 | BC23: 2963049705 | BD23: 3976906941 | BE23: 4554776839 | BF23: 7623270646 | BG23: 5690293381 | BH23: 2045402963 | BI23: 805983164 | BJ23: 1594635760 | BK23: 1493486657 | BL23: 3037172503 | BM23: 3123184784 | BN23: 1754219302 | BO23: =BO24 -> 2327350181 | BP23: =BP24 -> 1736750227
A24: 21 | B24: 1.Hàng tồn kho | C24: 8 | D24: 711870500 | E24: 953822000 | F24: 1538030650 | G24: 1981940079 | H24: 1648090578 | I24: 1637240383 | J24: 1637240383 | K24: 1637240383 | L24: 1637240383 | M24: 1637240383 | N24: 1688913810 | O24: 1678041697 | P24: 1894091453 | Q24: 1916852841 | R24: 2144015083 | S24: 3320714997 | T24: 5190756285 | U24: 5961038428 | V24: 6392317595 | W24: 6090374727 | X24: 5600679519 | Y24: 5666269379 | Z24: 6665345158 | AA24: 5403066856 | AB24: 3920064141 | AC24: 3757138672 | AD24: 3689623706 | AE24: 3885652180 | AF24: 4308462957 | AG24: 3183711263 | AH24: 2984669311 | AI24: 3330147871 | AJ24: 7317099506 | AK24: 9819214405 | AL24: 9740798637 | AM24: 8670066410 | AN24: 5097334928 | AO24: 4689521975 | AP24: 4782382935 | AQ24: 4564558366 | AR24: 2418620233 | AS24: 2070065742 | AT24: 1435461347 | AU24: 1414948155 | AV24: 1662924313 | AW24: 1439296958 | AX24: 1723787677 | AY24: 1028919593 | AZ24: 2008806177 | BA24: 2407229278 | BB24: 2554142549 | BC24: 2963049705 | BD24: 3976906941 | BE24: 4554776839 | BF24: 7623270646 | BG24: 5690293381 | BH24: 2045402963 | BI24: 805983164 | BJ24: 1594635760 | BK24: 1493486657 | BL24: 3037172503 | BM24: 3123184784 | BN24: 1754219302 | BO24: 2327350181 | BP24: 1736750227
A25: 22 | B25: 2.Dự phòng giảm giá hàng tồn kho (*) | C25: 8 | D25: 0 | E25: 0 | K25: 0 | P25: 0 | Q25: 0 | W25: 0 | AB25: 0 | AC25: 0 | AI25: 0 | AN25: 0 | AO25: 0 | AU25: 0
A26: 23 | B26: V. Tài sản sinh học ngắn hạn | C26: 8
A27: 24 | B27: 1.Súc vật nuôi lấy sản phẩm một lần ngắn hạn | C27: 8
A28: 25 | B28: 2.Cây trồng theo mùa vụ hoặc lấy sản phẩm một lần ngắn hạn | C28: 8
A29: 26 | B29: 3.Dự phòng tổn thất tài sản sinh học ngắn hạn (*) | C29: 8
A30: 27 | B30: VI. Tài sản ngắn hạn khác | C30: 8 | D30: 541987515 | E30: 602887908 | F30: 846533520 | G30: 929148565 | H30: 1158773459 | I30: 1163387701 | J30: 1153035103 | K30: 1142629422 | L30: 1163867303 | M30: 1162489232 | N30: 1318365407 | O30: 1361707448 | P30: 1631581767 | Q30: 1665366555 | R30: 1736343410 | S30: 2279087637 | T30: 2451123844 | U30: 2353204368 | V30: 2293772316 | W30: 2357879319 | X30: 2259455992 | Y30: 2068810192 | Z30: 1696151658 | AA30: 1283183600 | AB30: 1231658598 | AC30: 1109525014 | AD30: 793631425 | AE30: 341731174 | AF30: 181471409 | AG30: 143606520 | AH30: 145510438 | AI30: 145804115 | AJ30: 129540965 | AK30: 113353236 | AL30: 99473814 | AM30: 97128340 | AN30: 84865447 | AO30: 81355156 | AP30: 69906455 | AQ30: 59996855 | AR30: 49111921 | AS30: 41933562 | AT30: 39368288 | AU30: 33306272 | AV30: 64625579 | AW30: 59725973 | AX30: 52027248 | AY30: 45093977 | AZ30: 41336075 | BA30: 67363512 | BB30: 155573933 | BC30: 144546524 | BD30: 135263623 | BE30: 132487326 | BF30: 122458017 | BG30: 112494357 | BH30: =+SUM(BH31:BH35) -> 109931375 | BI30: 132814353 | BJ30: 122133886 | BK30: =+SUM(BK31:BK35) -> 419878587 | BL30: =+SUM(BL31:BL35) -> 391681670 | BM30: 375640611 | BN30: 358637230 | BO30: 668990177 | BP30: 604371986
A31: 28 | B31: 1.Chi phí chờ phân bổ ngắn hạn | C31: 8 | D31: 50716667 | E31: 60436223 | F31: 54587208 | G31: 48738193 | H31: 174732942 | I31: 164327261 | J31: 153921580 | K31: 143515899 | L31: 133110218 | M31: 122704537 | N31: 112298856 | O31: 133092352 | P31: 174213556 | Q31: 203230871 | R31: 199666662 | S31: 197878158 | T31: 203150030 | U31: 174973496 | V31: 176146008 | W31: 190426401 | X31: 173539941 | Y31: 225086052 | Z31: 211606193 | AA31: 187439886 | AB31: 165835550 | AC31: 159353959 | AD31: 155028734 | AE31: 144744365 | AF31: 147661856 | AG31: 143606520 | AH31: 145510438 | AI31: 145804115 | AJ31: 129540965 | AK31: 113353236 | AL31: 99473814 | AM31: 97128340 | AN31: 84865447 | AO31: 81355156 | AP31: 69906455 | AQ31: 59996855 | AR31: 49111921 | AS31: 41933562 | AT31: 39222693 | AU31: 33306272 | AV31: 64625579 | AW31: 59725973 | AX31: 52027248 | AY31: 45093977 | AZ31: 41336075 | BA31: 67363512 | BB31: 155573933 | BC31: 144546524 | BD31: 135263623 | BE31: 132487326 | BF31: 122458017 | BG31: 112494357 | BH31: 109931375 | BI31: 132814353 | BJ31: 122133886 | BK31: 419878587 | BL31: 391681670 | BM31: 375640611 | BN31: 358637230 | BO31: 668990177 | BP31: 604371986
A32: 29 | B32: 2.Thuế GTGT được khấu trừ | C32: 8 | D32: 491270848 | E32: 542451685 | F32: 791946312 | G32: 880410372 | H32: 984040517 | I32: 999060440 | J32: 999113523 | K32: 999113523 | L32: 1030757085 | M32: 1039784695 | N32: 1206066551 | O32: 1228615096 | P32: 1457368211 | Q32: 1462135684 | R32: 1536676748 | S32: 2081209479 | T32: 2247973814 | U32: 2178230872 | V32: 2117626308 | W32: 2167452918 | X32: 2085916051 | Y32: 1843724140 | Z32: 1484545465 | AA32: 1095743714 | AB32: 1065823048 | AC32: 950171055 | AD32: 638602691 | AE32: 196986809 | AF32: 33809553
A33: 30 | B33: 3.Thuế và các khoản khác phải thu Nhà nước | C33: 8 | AT33: 145595
A34: 31 | B34: 4.Giao dịch mua bán lại trái phiếu Chính phủ | C34: 8
A35: 32 | B35: 5.Tài sản ngắn hạn khác | C35: 8 | D35: 0 | E35: 0 | K35: 0 | P35: 0 | Q35: 0 | W35: 0 | AB35: 0 | AC35: 0 | AI35: 0
A36: 33 | B36: B-TÀI SẢN DÀI HẠN | C36: 8 | D36: 4179790347 | E36: 4369315410 | F36: 6452597462 | G36: 7252406264 | H36: 8043234945 | I36: 9048983532 | J36: 8986993443 | K36: 8925003354 | L36: 9156902154 | M36: 9175283322 | N36: 10760402300 | O36: 10728148450 | P36: 12816934360 | Q36: 12656822396 | R36: 13544851463 | S36: 20138783540 | T36: 21862217640 | U36: 21732650101 | V36: 21553803062 | W36: 23955581543 | X36: 24219203444 | Y36: 24024814449 | Z36: 21664052554 | AA36: 18892233961 | AB36: 20356591250 | AC36: 20376737250 | AD36: 21169533878 | AE36: 21142346060 | AF36: 22720175413 | AG36: 22560604485 | AH36: 23514574025 | AI36: 23686399540 | AJ36: 23365623530 | AK36: 23111600551 | AL36: 22830714249 | AM36: 22499311030 | AN36: 22132533800 | AO36: 21790111666 | AP36: 21512401507 | AQ36: 21227139295 | AR36: 21133588259 | AS36: 20726411945 | AT36: 20828470590 | AU36: 20410787535 | AV36: 20061663202 | AW36: 19708125425 | AX36: 19332199051 | AY36: 18990831461 | AZ36: 18815372886 | BA36: 18629807582 | BB36: 18536622943 | BC36: 18143782320 | BD36: 18284200867 | BE36: 18217638950 | BF36: 18256713289 | BG36: 18516644378 | BH36: =+BH37+BH44+BH63+BH69+BH76+BH66 -> 18100976603 | BI36: 17761288602 | BJ36: 18430227552 | BK36: =+BK37+BK44+BK63+BK69+BK76+BK66 -> 20953553366 | BL36: =+BL37+BL44+BL63+BL69+BL76+BL66 -> 21065864079 | BM36: =+BM37+BM44+BM63+BM69+BM76+BM66 -> 21432606556 | BN36: =+BN37+BN44+BN63+BN69+BN76+BN66 -> 21246677146 | BO36: =+BO37+BO44+BO63+BO69+BO76+BO66 -> 21026520918 | BP36: =+BP37+BP44+BP63+BP69+BP76+BP66 -> 22268064535
A37: 34 | B37: I.Các khoản phải thu dài hạn | C37: 8 | D37: 0 | E37: 0 | F37: 0 | G37: 0 | H37: 0 | I37: 0 | J37: 0 | K37: 0 | L37: 0 | M37: 0 | N37: 0 | O37: 0 | P37: 0 | Q37: 0 | R37: 0 | S37: 0 | T37: 0 | U37: 0 | V37: 0 | W37: 0 | X37: 0 | Y37: 0 | Z37: 0 | AA37: 0 | AB37: 0 | AC37: 0 | AD37: 0 | AE37: 0 | AF37: 0 | AG37: 0 | AH37: 0 | AI37: 0 | AJ37: 0 | AK37: 0 | AL37: 0 | AM37: 0 | AN37: 0 | AO37: 0 | AP37: 0 | AQ37: 0 | AR37: 0 | AS37: 0 | AT37: 0 | AU37: 0 | AV37: 0 | AW37: 0 | AX37: 0 | AY37: 0 | AZ37: 0 | BA37: 0 | BB37: 0 | BC37: 0 | BD37: 0 | BE37: 0 | BF37: 0 | BG37: 0 | BI37: 0 | BJ37: 0
A38: 35 | B38: 1.Phải thu dài hạn của khách hàng | C38: 8 | D38: 0 | E38: 0 | F38: 0 | G38: 0 | K38: 0 | O38: 0 | P38: 0 | Q38: 0 | R38: 0 | S38: 0 | T38: 0 | U38: 0 | V38: 0 | W38: 0 | X38: 0 | Y38: 0 | Z38: 0 | AA38: 0 | AB38: 0 | AC38: 0 | AD38: 0 | AE38: 0 | AI38: 0 | AM38: 0
A39: 36 | B39: 2.Trả trước cho người bán dài hạn | C39: 8 | D39: 0 | E39: 0 | K39: 0 | P39: 0 | Q39: 0 | R39: 0 | S39: 0 | T39: 0 | U39: 0 | V39: 0 | W39: 0 | X39: 0 | Y39: 0 | Z39: 0 | AA39: 0 | AB39: 0 | AC39: 0 | AI39: 0
A40: 37 | B40: 3.Vốn kinh doanh ở đơn vị trực thuộc | C40: 8 | D40: 0 | E40: 0 | K40: 0 | P40: 0 | Q40: 0 | R40: 0 | S40: 0 | T40: 0 | U40: 0 | V40: 0 | W40: 0 | X40: 0 | Y40: 0 | Z40: 0 | AA40: 0 | AB40: 0 | AC40: 0 | AI40: 0
A41: 38 | B41: 4.Phải thu nội bộ dài hạn | C41: 8 | D41: 0 | E41: 0 | K41: 0 | P41: 0 | Q41: 0 | R41: 0 | S41: 0 | T41: 0 | U41: 0 | V41: 0 | W41: 0 | X41: 0 | Y41: 0 | Z41: 0 | AA41: 0 | AB41: 0 | AC41: 0 | AI41: 0
A42: 39 | B42: 5.Phải thu dài hạn khác | C42: 8 | P42: 0 | Q42: 0 | R42: 0 | S42: 0 | T42: 0 | U42: 0 | V42: 0 | W42: 0 | X42: 0 | Y42: 0 | Z42: 0 | AA42: 0
A43: 40 | B43: 6.Dự phòng phải thu dài hạn khó đòi (*) | C43: 8 | D43: 0 | E43: 0 | K43: 0 | P43: 0 | Q43: 0 | R43: 0 | S43: 0 | T43: 0 | U43: 0 | V43: 0 | W43: 0 | X43: 0 | Y43: 0 | Z43: 0 | AA43: 0 | AB43: 0 | AC43: 0 | AI43: 0
A44: 41 | B44: II.Tài sản cố định | C44: 8 | D44: 3445726409 | E44: 3409044737 | F44: 3633658764 | G44: 3592560425 | H44: 3551462086 | I44: 3510363747 | J44: 3469265408 | K44: 3428167069 | L44: 3387068730 | M44: 3345970391 | N44: 3304872052 | O44: 3390547875 | P44: 11564760054 | Q44: 11429303383 | R44: 11520166187 | S44: 17180881963 | T44: 20048371993 | U44: 19883906537 | V44: 19719441081 | W44: 23277592744 | X44: 23471853824 | Y44: 23244013864 | Z44: 20874989736 | AA44: 18202594366 | AB44: 18317624150 | AC44: 18347244176 | AD44: 18201114518 | AE44: 18159833193 | AF44: 22364014011 | AG44: 22235229310 | AH44: 22951409924 | AI44: 22846411386 | AJ44: 22572229099 | AK44: 22548996812 | AL44: 22316951609 | AM44: 22043937047 | AN44: 21712687091 | AO44: 21381437135 | AP44: 21109353846 | AQ44: 20836260054 | AR44: 20575384952 | AS44: 20128143185 | AT44: 20281572127 | AU44: 19949031359 | AV44: 19620722871 | AW44: 19295786682 | AX44: 18970850493 | AY44: 18645914304 | AZ44: 18320978115 | BA44: 18328350341 | BB44: 17998798757 | BC44: 17669247173 | BD44: 17339695589 | BE44: 17272684746 | BF44: 16935688718 | BG44: 16823576172 | BH44: =+BH45+BH51+BH48 -> 16481442463 | BI44: 16139308754 | BJ44: 17712503047 | BK44: =+BK45+BK51+BK48 -> 20429544542 | BL44: =+BL45+BL51+BL48 -> 20568014740 | BM44: =+BM45+BM51+BM48 -> 20958416702 | BN44: =+BN45+BN51+BN48 -> 20795904073 | BO44: =+BO45+BO51+BO48 -> 20593113678 | BP44: =+BP45+BP51+BP48 -> 20392945024
A45: 42 | B45: 1.Tài sản cố định hữu hình | C45: 8 | D45: 3390903828 | E45: 3355138823 | F45: 3580669517 | G45: 3540487845 | H45: 3500306173 | I45: 3460124501 | J45: 3419942829 | K45: 3379761157 | L45: 3339579485 | M45: 3299397813 | N45: 3259216141 | O45: 3345808631 | P45: 11520937477 | Q45: 11386397473 | R45: 11478176944 | S45: 17139809387 | T45: 20008216084 | U45: 19844667295 | V45: 19681118506 | W45: 23240186836 | X45: 23435364583 | Y45: 23208441290 | Z45: 20840333829 | AA45: 18168855126 | AB45: 18284801577 | AC45: 18315338270 | AD45: 18170125279 | AE45: 18129760621 | AF45: 22334858106 | AG45: 22206990072 | AH45: 22924087353 | AI45: 22820005482 | AJ45: 22546739862 | AK45: 22524424242 | AL45: 22293295706 | AM45: 22021197811 | AN45: 21691143507 | AO45: 21361089203 | AP45: 21090201566 | AQ45: 20818303426 | AR45: 20558623976 | AS45: 20112577861 | AT45: 20267202455 | AU45: 19935857339 | AV45: 19608744503 | AW45: 19285003966 | AX45: 18961263429 | AY45: 18637522892 | AZ45: 18313782355 | BA45: 18322350233 | BB45: 17993994301 | BC45: 17665638369 | BD45: 17337282437 | BE45: 17271467246 | BF45: 16935666870 | BG45: 16823576172 | BH45: =+SUM(BH46:BH47) -> 16481442463 | BI45: 16139308754 | BJ45: 17712503047 | BK45: =+SUM(BK46:BK47) -> 20429544542 | BL45: =+SUM(BL46:BL47) -> 20568014740 | BM45: =+SUM(BM46:BM47) -> 20704093785 | BN45: =+SUM(BN46:BN47) -> 20544258240 | BO45: =+SUM(BO46:BO47) -> 20344144928 | BP45: =+SUM(BP46:BP47) -> 20146653357
A46: 43 | B46: Nguyên giá TSCĐ HH | C46: 8 | D46: 3425897798 | E46: 3425897798 | F46: 3690897798 | G46: 3690897798 | H46: 3690897798 | I46: 3690897798 | J46: 3690897798 | K46: 3690897798 | L46: 3690897798 | M46: 3690897798 | N46: 3690897798 | O46: 3819329138 | P46: 12100216590 | Q46: 12100216590 | R46: 12329869740 | S46: 18129869740 | T46: 21151617509 | U46: 21151617509 | V46: 21151617509 | W46: 24913308608 | X46: 25335137787 | Y46: 25335137787 | Z46: 23196386488 | AA46: 20766829392 | AB46: 21079729392 | AC46: 21307762570 | AD46: 21362312570 | AE46: 21524412570 | AF46: 25960766671 | AG46: 26080072371 | AH46: 27053572371 | AI46: 27216849671 | AJ46: 27216849671 | AK46: 27468849671 | AL46: 27512399671 | AM46: 27512399671 | AN46: 27512399671 | AO46: 27512399671 | AP46: 27572399671 | AQ46: 27496063171 | AR46: 27586063171 | AS46: 27433063171 | AT46: 27918745123 | AU46: 27918745123 | AV46: 27918745123 | AW46: 27918745123 | AX46: 27918745123 | AY46: 27918745123 | AZ46: 27721540123 | BA46: 28053848538 | BB46: 28053848538 | BC46: 28053848538 | BD46: 28053848538 | BE46: 28321848538 | BF46: 28321848538 | BG46: 28549848538 | BH46: 28549848538 | BI46: 28549848538 | BJ46: 30470952960 | BK46: 33543469154 | BL46: 33779498354 | BM46: 34117498354 | BN46: 34157498354 | BO46: 34157498354 | BP46: 34157498354
A47: 44 | B47: Giá trị hao mòn luỹ kế TSCĐ HH(*) | C47: 8 | D47: -34993970 | E47: -70758975 | F47: -110228281 | G47: -150409953 | H47: -190591625 | I47: -230773297 | J47: -270954969 | K47: -311136641 | L47: -351318313 | M47: -391499985 | N47: -431681657 | O47: -473520507 | P47: -579279113 | Q47: -713819117 | R47: -851692796 | S47: -990060353 | T47: -1143401425 | U47: -1306950214 | V47: -1470499003 | W47: -1673121772 | X47: -1899773204 | Y47: -2126696497 | Z47: -2356052659 | AA47: -2597974266 | AB47: -2794927815 | AC47: -2992424300 | AD47: -3192187291 | AE47: -3394651949 | AF47: -3625908565 | AG47: -3873082299 | AH47: -4129485018 | AI47: -4396844189 | AJ47: -4670109809 | AK47: -4944425429 | AL47: -5219103965 | AM47: -5491201860 | AN47: -5821256164 | AO47: -6151310468 | AP47: -6482198105 | AQ47: -6677759745 | AR47: -7027439195 | AS47: -7320485310 | AT47: -7651542668 | AU47: -7982887784 | AV47: -8310000620 | AW47: -8633741157 | AX47: -8957481694 | AY47: -9281222231 | AZ47: -9407757768 | BA47: -9731498305 | BB47: -10059854237 | BC47: -10388210169 | BD47: -10716566101 | BE47: -11050381292 | BF47: -11386181668 | BG47: -11726272366 | BH47: -12068406075 | BI47: -12410539784 | BJ47: -12758449913 | BK47: -13113924612 | BL47: -13211483614 | BM47: -13413404569 | BN47: -13613240114 | BO47: -13813353426 | BP47: -14010844997
A48: 45 | B48: 2. Tài sản cố định thuê tài chính | C48: 8 | D48: 0 | E48: 0 | F48: 0 | G48: 0 | H48: 0 | I48: 0 | J48: 0 | K48: 0 | L48: 0 | M48: 0 | N48: 0 | O48: 0 | P48: 0 | Q48: 0 | R48: 0 | S48: 0 | T48: 0 | U48: 0 | V48: 0 | W48: 0 | X48: 0 | Y48: 0 | Z48: 0 | AA48: 0 | AB48: 0 | AC48: 0 | AD48: 0 | AE48: 0 | AF48: 0 | AG48: 0 | AH48: 0 | AI48: 0 | AJ48: 0 | AK48: 0 | AL48: 0 | AM48: 0 | AN48: 21543584 | AO48: 20347932 | AP48: 19152280 | AQ48: 17956628 | AR48: 16760976 | AS48: 15565324 | AT48: 14369672 | AU48: 13174020 | AV48: 11978368 | AW48: 10782716 | AX48: 9587064 | AY48: 8391412 | AZ48: 0 | BA48: 0 | BC48: 0 | BD48: 0 | BE48: 0 | BF48: 0 | BG48: 0 | BI48: 0 | BJ48: 0
A49: 46 | B49: Nguyên giá TSCĐ thuê tài chính | C49: 8 | AN49: 55000000 | AO49: 55000000 | AP49: 55000000 | AQ49: 55000000 | AR49: 55000000 | AS49: 55000000 | AT49: 55000000 | AU49: 55000000 | AV49: 55000000 | AW49: 55000000 | AX49: 55000000 | AY49: 55000000
A50: 47 | B50: Giá trị hao mòn luỹ kế TSCĐ thuê tài chính | C50: 8 | AN50: -33456416 | AO50: -34652068 | AP50: -35847720 | AQ50: -37043372 | AR50: -38239024 | AS50: -39434676 | AT50: -40630328 | AU50: -41825980 | AV50: -43021632 | AW50: -44217284 | AX50: -45412936 | AY50: -46608588
A51: 48 | B51: 3. Tài sản cố định vô hình | C51: 8 | D51: 54822581 | E51: 53905914 | F51: 52989247 | G51: 52072580 | H51: 51155913 | I51: 50239246 | J51: 49322579 | K51: 48405912 | L51: 47489245 | M51: 46572578 | N51: 45655911 | O51: 44739244 | P51: 43822577 | Q51: 42905910 | R51: 41989243 | S51: 41072576 | T51: 40155909 | U51: 39239242 | V51: 38322575 | W51: 37405908 | X51: 36489241 | Y51: 35572574 | Z51: 34655907 | AA51: 33739240 | AB51: 32822573 | AC51: 31905906 | AD51: 30989239 | AE51: 30072572 | AF51: 29155905 | AG51: 28239238 | AH51: 27322571 | AI51: 26405904 | AJ51: 25489237 | AK51: 24572570 | AL51: 23655903 | AM51: 22739236 | AN51: 0 | AO51: 0 | AP51: 0 | AQ51: 0 | AR51: 0 | AS51: 0 | AT51: 0 | AU51: 0 | AV51: 0 | AW51: 0 | AX51: 0 | AY51: 0 | AZ51: 7195760 | BA51: 6000108 | BB51: 4804456 | BC51: 3608804 | BD51: 2413152 | BE51: 1217500 | BF51: 21848 | BG51: 0 | BH51: =+SUM(BH52:BH53) -> 0 | BI51: 0 | BJ51: 0 | BK51: =+SUM(BK52:BK53) -> 0 | BM51: =+SUM(BM52:BM53) -> 254322917 | BN51: =+SUM(BN52:BN53) -> 251645833 | BO51: =+SUM(BO52:BO53) -> 248968750 | BP51: =+SUM(BP52:BP53) -> 246291667
A52: 49 | B52: Nguyên giá TSCĐ vô hình | C52: 8 | D52: 55000000 | E52: 55000000 | F52: 55000000 | G52: 55000000 | H52: 55000000 | I52: 55000000 | J52: 55000000 | K52: 55000000 | L52: 55000000 | M52: 55000000 | N52: 55000000 | O52: 55000000 | P52: 55000000 | Q52: 55000000 | R52: 55000000 | S52: 55000000 | T52: 55000000 | U52: 55000000 | V52: 55000000 | W52: 55000000 | X52: 55000000 | Y52: 55000000 | Z52: 55000000 | AA52: 55000000 | AB52: 55000000 | AC52: 55000000 | AD52: 55000000 | AE52: 55000000 | AF52: 55000000 | AG52: 55000000 | AH52: 55000000 | AI52: 55000000 | AJ52: 55000000 | AK52: 55000000 | AL52: 55000000 | AM52: 55000000 | AZ52: 55000000 | BA52: 55000000 | BB52: 55000000 | BC52: 55000000 | BD52: 55000000 | BE52: 55000000 | BF52: 55000000 | BG52: 55000000 | BH52: 55000000 | BI52: 55000000 | BJ52: 55000000 | BK52: 55000000 | BL52: 55000000 | BM52: 312000000 | BN52: 312000000 | BO52: 312000000 | BP52: 312000000
A53: 50 | B53: Giá trị hao mòn luỹ kế TSCĐ vô hình(*) | C53: 8 | D53: -177419 | E53: -1094086 | F53: -2010753 | G53: -2927420 | H53: -3844087 | I53: -4760754 | J53: -5677421 | K53: -6594088 | L53: -7510755 | M53: -8427422 | N53: -9344089 | O53: -10260756 | P53: -11177423 | Q53: -12094090 | R53: -13010757 | S53: -13927424 | T53: -14844091 | U53: -15760758 | V53: -16677425 | W53: -17594092 | X53: -18510759 | Y53: -19427426 | Z53: -20344093 | AA53: -21260760 | AB53: -22177427 | AC53: -23094094 | AD53: -24010761 | AE53: -24927428 | AF53: -25844095 | AG53: -26760762 | AH53: -27677429 | AI53: -28594096 | AJ53: -29510763 | AK53: -30427430 | AL53: -31344097 | AM53: -32260764 | AZ53: -47804240 | BA53: -48999892 | BB53: -50195544 | BC53: -51391196 | BD53: -52586848 | BE53: -53782500 | BF53: -54978152 | BG53: -55000000 | BH53: -55000000 | BI53: -55000000 | BJ53: -55000000 | BK53: -55000000 | BL53: -55000000 | BM53: -57677083 | BN53: -60354167 | BO53: -63031250 | BP53: -65708333
A54: 51 | B54: III.Tài sản sinh học dài hạn | C54: 8
A55: 52 | B55: 1.Súc vật nuôi cho sản phẩm định kỳ | C55: 8
A56: 53 | B56: a)Súc vật nuôi cho sản phẩm định kỳ chưa đến giai đoạn trưởng thành | C56: 8
A57: 54 | B57: b)Súc vật nuôi cho sản phẩm định kỳ đến giai đoạn trưởng thành | C57: 8
A58: 55 | B58: Nguyên giá | C58: 8
A59: 56 | B59: Giá trị khấu hao lũy kế (*) | C59: 8
A60: 57 | B60: 2.Súc vật nuôi lấy sản phẩm một lần dài hạn | C60: 8
A61: 58 | B61: 3.Cây trồng theo mùa vụ hoặc lấy sản phẩm một lần dài hạn | C61: 8
A62: 59 | B62: 4.Dự phòng tổn thất tài sản sinh học dài hạn | C62: 8
A63: 60 | B63: IV. Bất động sản đầu tư | C63: 8 | D63: 0 | E63: 0 | F63: 0 | G63: 0 | H63: 0 | I63: 0 | J63: 0 | K63: 0 | L63: 0 | M63: 0 | N63: 0 | O63: 0 | P63: 0 | Q63: 0 | R63: 0 | S63: 0 | T63: 0 | U63: 0 | V63: 0 | W63: 0 | X63: 0 | Y63: 0 | Z63: 0 | AA63: 0 | AB63: 0 | AC63: 0 | AD63: 0 | AE63: 0 | AF63: 0 | AG63: 0 | AH63: 0 | AI63: 0 | AJ63: 0 | AK63: 0 | AL63: 0 | AM63: 0 | AN63: 0 | AO63: 0 | AP63: 0 | AQ63: 0 | AR63: 0 | AS63: 0 | AT63: 0 | AU63: 0 | AV63: 0 | AW63: 0 | AX63: 0 | AY63: 0 | AZ63: 0 | BA63: 0 | BB63: 0 | BC63: 0 | BD63: 0 | BE63: 0 | BF63: 0 | BG63: 0 | BI63: 0 | BJ63: 0
A64: 61 | B64: Nguyên giá bất động sản đầu tư | C64: 8 | D64: 0 | E64: 0 | P64: 0 | Q64: 0 | R64: 0 | S64: 0 | T64: 0 | U64: 0 | V64: 0 | W64: 0 | X64: 0 | Y64: 0 | Z64: 0 | AA64: 0 | AB64: 0 | AC64: 0 | AN64: 0 | AO64: 0 | AZ64: 0 | BA64: 0
A65: 62 | B65: Giá trị hao mòn luỹ kế BĐSĐT(*) | C65: 8 | D65: 0 | E65: 0 | P65: 0 | Q65: 0 | R65: 0 | S65: 0 | T65: 0 | U65: 0 | V65: 0 | W65: 0 | X65: 0 | Y65: 0 | Z65: 0 | AA65: 0 | AB65: 0 | AC65: 0 | AN65: 0 | AO65: 0 | AZ65: 0 | BA65: 0
A66: 63 | B66: V.Tài sản dở dang dài hạn | C66: 8 | D66: 0 | E66: 247098485 | F66: 2126658260 | G66: 2988457151 | H66: 3841275921 | I66: 4909014597 | J66: 4909014597 | K66: 4909014597 | L66: 4909014597 | M66: 4997719187 | N66: 6653161587 | O66: 6564456997 | P66: 508255811 | Q66: 512825601 | R66: 1339216947 | S66: 2301658331 | T66: 1186827484 | U66: 1250950484 | V66: 1265793984 | W66: 138645885 | X66: 237231789 | Y66: 275028789 | Z66: 283767917 | AA66: 170760013 | AB66: 1556612193 | AC66: 1556612193 | AD66: 2534444972 | AE66: 2587444972 | AF66: 0 | AG66: 0 | AH66: 277000000 | AI66: 529000000 | AJ66: 529000000 | AK66: 277000000 | AL66: 277000000 | AM66: 0 | AN66: 419846709 | AO66: 408674531 | AP66: 403047661 | AQ66: 390879241 | AR66: 558203307 | AS66: 598268760 | AT66: 546898463 | AU66: 461756176 | AV66: 440940331 | AW66: 412338743 | AX66: 361348558 | AY66: 344917157 | AZ66: 159999948 | BA66: 0 | BB66: 0 | BC66: 0 | BD66: 0 | BE66: 6052200 | BF66: 436804422 | BG66: 831804422 | BH66: 831804422 | BI66: 831804422 | BJ66: 0 | BP66: 928578104
A67: 64 | B67: 1.Chi phí sản xuất, kinh doanh dở dang dài hạn | C67: 8 | D67: 0 | E67: 0 | P67: 0 | Q67: 0 | AB67: 0 | AC67: 0 | AN67: 419846709 | AO67: 408674531 | AP67: 403047661 | AQ67: 390879241 | AR67: 460263307 | AS67: 598268760 | AT67: 546898463 | AU67: 461756176 | AV67: 440940331 | AW67: 412338743 | AX67: 361348558 | AY67: 344917157
A68: 65 | B68: 2.Chi phí xây dựng cơ bản dở dang | C68: 8 | E68: 247098485 | F68: 2126658260 | G68: 2988457151 | H68: 3841275921 | I68: 4909014597 | J68: 4909014597 | K68: 4909014597 | L68: 4909014597 | M68: 4997719187 | N68: 6653161587 | O68: 6564456997 | P68: 508255811 | Q68: 512825601 | R68: 1339216947 | S68: 2301658331 | T68: 1186827484 | U68: 1250950484 | V68: 1265793984 | W68: 138645885 | X68: 237231789 | Y68: 275028789 | Z68: 283767917 | AA68: 170760013 | AB68: 1556612193 | AC68: 1556612193 | AD68: 2534444972 | AE68: 2587444972 | AH68: 277000000 | AI68: 529000000 | AJ68: 529000000 | AK68: 277000000 | AL68: 277000000 | AR68: 97940000 | AS68: 0 | AZ68: 159999948 | BE68: 6052200 | BF68: 436804422 | BG68: 831804422 | BH68: 831804422 | BI68: 831804422 | BP68: 928578104
A69: 66 | B69: VI.Đầu tư tài chính dài hạn | C69: 8 | D69: 0 | E69: 0 | F69: 0 | G69: 0 | H69: 0 | I69: 0 | J69: 0 | K69: 0 | L69: 0 | M69: 0 | N69: 0 | O69: 0 | P69: 0 | Q69: 0 | R69: 0 | S69: 0 | T69: 0 | U69: 0 | V69: 0 | W69: 0 | X69: 0 | Y69: 0 | Z69: 0 | AA69: 0 | AB69: 0 | AC69: 0 | AD69: 0 | AE69: 0 | AF69: 0 | AG69: 0 | AH69: 0 | AI69: 0 | AJ69: 0 | AK69: 0 | AL69: 0 | AM69: 0 | AN69: 0 | AO69: 0 | AP69: 0 | AQ69: 0 | AR69: 0 | AS69: 0 | AT69: 0 | AU69: 0 | AV69: 0 | AW69: 0 | AX69: 0 | AY69: 0 | AZ69: 0 | BA69: 0 | BB69: 0 | BC69: 0 | BD69: 0 | BE69: 0 | BF69: 0 | BG69: 0 | BI69: 0 | BJ69: 0
A70: 67 | B70: 1.Đầu tư vào công ty con | C70: 8 | D70: 0 | E70: 0 | P70: 0 | Q70: 0 | R70: 0 | S70: 0 | T70: 0 | U70: 0 | V70: 0 | W70: 0 | X70: 0 | Y70: 0 | Z70: 0 | AA70: 0 | AB70: 0 | AC70: 0 | AN70: 0 | AO70: 0 | AZ70: 0 | BA70: 0
A71: 68 | B71: 2.Đầu tư vào công ty liên doanh, liên kết | C71: 8 | D71: 0 | E71: 0 | P71: 0 | Q71: 0 | R71: 0 | S71: 0 | T71: 0 | U71: 0 | V71: 0 | W71: 0 | X71: 0 | Y71: 0 | Z71: 0 | AA71: 0 | AB71: 0 | AC71: 0 | AN71: 0 | AO71: 0 | AZ71: 0 | BA71: 0
A72: 69 | B72: 3.Đầu tư góp vốn vào đơn vị khác | C72: 8 | D72: 0 | E72: 0 | P72: 0 | Q72: 0 | R72: 0 | S72: 0 | T72: 0 | U72: 0 | V72: 0 | W72: 0 | X72: 0 | Y72: 0 | Z72: 0 | AA72: 0 | AB72: 0 | AC72: 0 | AN72: 0 | AO72: 0 | AZ72: 0 | BA72: 0
A73: 70 | B73: 4.Dự phòng tổn thất đầu tư vào đơn vị khác dài hạn(*) | C73: 8 | D73: 0 | E73: 0 | P73: 0 | Q73: 0 | R73: 0 | S73: 0 | T73: 0 | U73: 0 | V73: 0 | W73: 0 | X73: 0 | Y73: 0 | Z73: 0 | AA73: 0 | AB73: 0 | AC73: 0 | AN73: 0 | AO73: 0 | AZ73: 0 | BA73: 0
A74: 71 | B74: 5.Đầu tư nắm giữ đến ngày đáo hạn dài hạn | C74: 8 | D74: 0 | E74: 0 | P74: 0 | Q74: 0 | R74: 0 | S74: 0 | T74: 0 | U74: 0 | V74: 0 | W74: 0 | X74: 0 | Y74: 0 | Z74: 0 | AA74: 0 | AB74: 0 | AC74: 0 | AN74: 0 | AO74: 0 | AZ74: 0 | BA74: 0
A75: 72 | B75: 6.Dự phòng đầu tư nắm giữ đến ngày đáo hạn dài hạn (*) | C75: 8
A76: 73 | B76: VII.Tài sản dài hạn khác | C76: 8 | D76: 734063938 | E76: 713172188 | F76: 692280438 | G76: 671388688 | H76: 650496938 | I76: 629605188 | J76: 608713438 | K76: 587821688 | L76: 860818827 | M76: 831593744 | N76: 802368661 | O76: 773143578 | P76: 743918495 | Q76: 714693412 | R76: 685468329 | S76: 656243246 | T76: 627018163 | U76: 597793080 | V76: 568567997 | W76: 539342914 | X76: 510117831 | Y76: 505771796 | Z76: 505294901 | AA76: 518879582 | AB76: 482354907 | AC76: 472880881 | AD76: 433974388 | AE76: 395067895 | AF76: 356161402 | AG76: 325375175 | AH76: 286164101 | AI76: 310988154 | AJ76: 264394431 | AK76: 285603739 | AL76: 236762640 | AM76: 455373983 | AN76: 0 | AO76: 0 | AP76: 0 | AQ76: 0 | AR76: 0 | AS76: 0 | AT76: 0 | AU76: 0 | AV76: 0 | AW76: 0 | AX76: 0 | AY76: 0 | AZ76: 334394823 | BA76: 301457241 | BB76: 537824186 | BC76: 474535147 | BD76: 944505278 | BE76: 938902004 | BF76: 884220149 | BG76: 861263784 | BH76: 787729718 | BI76: 790175426 | BJ76: 717724505 | BK76: 524008824 | BL76: 497849339 | BM76: 474189854 | BN76: 450773073 | BO76: 433407240 | BP76: 946541407
A77: 74 | B77: 1.Chi phí chờ phân bổ dài hạn | C77: 8 | D77: 734063938 | E77: 713172188 | F77: 692280438 | G77: 671388688 | H77: 650496938 | I77: 629605188 | J77: 608713438 | K77: 587821688 | L77: 860818827 | M77: 831593744 | N77: 802368661 | O77: 773143578 | P77: 743918495 | Q77: 714693412 | R77: 685468329 | S77: 656243246 | T77: 627018163 | U77: 597793080 | V77: 568567997 | W77: 539342914 | X77: 510117831 | Y77: 505771796 | Z77: 505294901 | AA77: 518879582 | AB77: 482354907 | AC77: 472880881 | AD77: 433974388 | AE77: 395067895 | AF77: 356161402 | AG77: 325375175 | AH77: 286164101 | AI77: 310988154 | AJ77: 264394431 | AK77: 285603739 | AL77: 236762640 | AM77: 455373983 | AZ77: 334394823 | BA77: 301457241 | BB77: 537824186 | BC77: 474535147 | BD77: 944505278 | BE77: 938902004 | BF77: 884220149 | BG77: 861263784 | BH77: 787729718 | BI77: 790175426 | BJ77: 717724505 | BK77: 524008824 | BL77: 497849339 | BM77: 474189854 | BN77: 450773073 | BO77: 433407240 | BP77: 946541407
A78: 75 | B78: 2.Tài sản thuế thu nhập hoãn lại | C78: 8 | D78: 0 | E78: 0 | P78: 0 | Q78: 0 | AB78: 0 | AC78: 0
A79: 76 | B79: 3.Thiết bị, vật tư, phụ tùng thay thế dài hạn | C79: 8 | D79: 0 | E79: 0 | P79: 0 | Q79: 0 | AB79: 0 | AC79: 0
A80: 77 | B80: 4.Tài sản dài hạn khác | C80: 8 | D80: 0 | E80: 0 | F80: 0 | G80: 0 | M80: 0 | O80: 0 | P80: 0 | Q80: 0 | R80: 0 | S80: 0 | Y80: 0 | AA80: 0 | AB80: 0 | AC80: 0 | AD80: 0 | AE80: 0 | AK80: 0 | AM80: 0
A81: 78 | B81: TỔNG TÀI SẢN | C81: 8 | D81: 7537929922 | E81: 8323208552 | F81: 10981272975 | G81: 11892981766 | H81: 12746826326 | I81: 13579293734 | J81: 13506400456 | K81: 13434040466 | L81: 13339155289 | M81: 13342881294 | N81: 15109166388 | O81: 14704869502 | P81: 19018510866 | Q81: 18720546422 | R81: 21282488128 | S81: 32868247535 | T81: 37235806910 | U81: 36375060892 | V81: 35965183558 | W81: 42935162969 | X81: 42708596639 | Y81: 42106587006 | Z81: 41772122184 | AA81: 40322950936 | AB81: 38887084508 | AC81: 38393581637 | AD81: 37576613718 | AE81: 37763442217 | AF81: 37862965394 | AG81: 37403555873 | AH81: 37212607991 | AI81: 36501619282 | AJ81: 39782776751 | AK81: 41702120904 | AL81: 41580205469 | AM81: 41879994873 | AN81: 38787934579 | AO81: 38541273547 | AP81: 39098533958 | AQ81: 38861003421 | AR81: 36719519109 | AS81: 37113762343 | AT81: 35002183463 | AU81: 34860159251 | AV81: 35032994427 | AW81: 34288512350 | AX81: 34017816256 | AY81: 33571227947 | AZ81: 32019874813 | BA81: 32416294566 | BB81: 33074402363 | BC81: 33035228610 | BD81: 33553334319 | BE81: 34729808148 | BF81: 35815907036 | BG81: 37326649675 | BH81: =+BH36+BH4 -> 36925521631 | BI81: 36491540860 | BJ81: 37884499011 | BK81: =+BK36+BK4 -> 37018208196 | BL81: =+BL36+BL4 -> 37878758968 | BM81: =+BM36+BM4 -> 37565218170 | BN81: =+BN36+BN4 -> 38090951649 | BO81: =+BO36+BO4 -> 39316038716 | BP81: =+BP36+BP4 -> 40519851163
A82: 79 | B82: C-NỢ PHẢI TRẢ | C82: 8 | D82: 2808782500 | E82: 3757500000 | F82: 6580751472 | G82: 2658316767 | H82: 3682354168 | I82: 4661526352 | J82: 4701526352 | K82: 4721526352 | L82: 4771526352 | M82: 4887148130 | N82: 6820209988 | O82: 6955035363 | P82: 11615264844 | Q82: 11649848580 | R82: 14512951165 | S82: 430564850 | T82: 5126360114 | U82: 4639944689 | V82: 608352024 | W82: 876537385 | X82: 1072507064 | Y82: 824969724 | Z82: 1352402194 | AA82: 1076097378 | AB82: 691520336 | AC82: 731435551 | AD82: 648926509 | AE82: 801692374 | AF82: 1365839917 | AG82: 1091590202 | AH82: 1370870840 | AI82: 969858797 | AJ82: 4710979906 | AK82: 6735994157 | AL82: 7052340748 | AM82: 6838726183 | AN82: 3936386342 | AO82: 3864858581 | AP82: 4371797206 | AQ82: 4275714051 | AR82: 2132171066 | AS82: 2722076002 | AT82: 1005099940 | AU82: 1264043621 | AV82: 1743954252 | AW82: 1236264505 | AX82: 1852970591 | AY82: 1683206539 | AZ82: 577412396 | BA82: 1023712770 | BB82: 1601294792 | BC82: 1271317763 | BD82: 1824676018 | BE82: 2382206605 | BF82: 2498009441 | BG82: 2504220745 | BH82: 2148019975 | BI82: 1510088883 | BJ82: 2794628671 | BK82: =+BK83+BK99 -> 1784212493 | BL82: =+BL83+BL99 -> 2213658693 | BM82: =+BM83+BM99 -> 1916714800 | BN82: =+BN83+BN99 -> 1728359241 | BO82: =+BO83+BO99 -> 2464589841 | BP82: =+BP83+BP99 -> 2511504919
A83: 80 | B83: I.Nợ ngắn hạn | C83: 8 | D83: 2808782500 | E83: 3757500000 | F83: 6580751472 | G83: 2658316767 | H83: 3682354168 | I83: 4661526352 | J83: 4701526352 | K83: 4721526352 | L83: 4771526352 | M83: 4887148130 | N83: 6820209988 | O83: 6955035363 | P83: 11615264844 | Q83: 11649848580 | R83: 14512951165 | S83: 430564850 | T83: 5126360114 | U83: 4639944689 | V83: 608352024 | W83: 876537385 | X83: 1072507064 | Y83: 824969724 | Z83: 1352402194 | AA83: 1076097378 | AB83: 691520336 | AC83: 731435551 | AD83: 648926509 | AE83: 801692374 | AF83: 1365839917 | AG83: 1091590202 | AH83: 1370870840 | AI83: 969858797 | AJ83: 4710979906 | AK83: 6735994157 | AL83: 7052340748 | AM83: 6838726183 | AN83: 3936386342 | AO83: 3864858581 | AP83: 4371797206 | AQ83: 4275714051 | AR83: 2132171066 | AS83: 2722076002 | AT83: 1005099940 | AU83: 1264043621 | AV83: 1743954252 | AW83: 1236264505 | AX83: 1852970591 | AY83: 1683206539 | AZ83: 577412396 | BA83: 1023712770 | BB83: 1601294792 | BC83: 1271317763 | BD83: 1824676018 | BE83: 2382206605 | BF83: 2498009441 | BG83: 2504220745 | BH83: 2148019975 | BI83: 1510088883 | BJ83: 2794628671 | BK83: =+SUM(BK84:BK98) -> 1784212493 | BL83: =+SUM(BL84:BL98) -> 2213658693 | BM83: =+SUM(BM84:BM98) -> 1916714800 | BN83: =+SUM(BN84:BN98) -> 1728359241 | BO83: =+SUM(BO84:BO98) -> 2464589841 | BP83: =+SUM(BP84:BP98) -> 2511504919
A84: 81 | B84: 1.Phải trả người bán ngắn hạn | C84: 8 | D84: 166782500 | E84: 27500000 | F84: 270751472 | G84: 143172352 | H84: 101526352 | I84: 101526352 | J84: 101526352 | K84: 101526352 | L84: 101526352 | M84: 178582210 | N84: 0 | O84: 838510363 | P84: 439198826 | Q84: 339375639 | R84: 435377197 | S84: 258945000 | T84: 1082108054 | U84: 485097487 | V84: 444658437 | W84: 679721134 | X84: 903034513 | Y84: 638413274 | Z84: 1160623513 | AA84: 718335349 | AB84: 456412598 | AC84: 498229813 | AD84: 293443463 | AE84: 479299328 | AF84: 1018140530 | AG84: 348522690 | AH84: 816775521 | AI84: 427131802 | AJ84: 3907577645 | AK84: 6251178188 | AL84: 6362914570 | AM84: 6018131570 | AN84: 2902521573 | AO84: 2654525710 | AP84: 2664441478 | AQ84: 3467038162 | AR84: 572986270 | AS84: 701595791 | AT84: 336633370 | AU84: 516721275 | AV84: 443498798 | AW84: 463157229 | AX84: 714994052 | AY84: 261517734 | AZ84: 181580633 | BA84: 367187933 | BB84: 800699696 | BC84: 578926254 | BD84: 882812093 | BE84: 1129429236 | BF84: 1072757451 | BG84: 956780815 | BH84: 558323168 | BI84: 431648954 | BJ84: 1839261630 | BK84: 868547044 | BL84: 953036907 | BM84: 1087866674 | BN84: 596441713 | BO84: 1408919564 | BP84: 1058235468
A85: 82 | B85: 2.Người mua trả tiền trước ngắn hạn | C85: 8 | D85: 0 | G85: 78302000 | H85: 2764 | J85: 0 | K85: 0 | L85: 0 | M85: 0 | N85: 0 | O85: 56525000 | P85: 0 | Q85: 0 | R85: 2813164860 | S85: 0 | T85: 0 | U85: 0 | V85: 0 | W85: 0 | X85: 0 | Y85: 0 | Z85: 0 | AA85: 0 | AB85: 0 | AC85: 0 | AD85: 0 | AE85: 0 | AF85: 0 | AG85: 0 | AZ85: 0 | BA85: 0 | BC85: 0 | BF85: 0 | BG85: 0 | BH85: 253351429 | BI85: 0 | BJ85: 0 | BO85: 0
A86: 83 | B86: 3.Phải trả cổ tức, lợi nhuận | C86: 8
A87: 84 | B87: 4.Thuế và các khoản phải nộp Nhà nước ngắn hạn | C87: 8 | D87: 2000000 | G87: 36842415 | H87: 90825052 | J87: 0 | K87: 0 | L87: 0 | M87: 8565920 | N87: 58782140 | O87: 0 | P87: 10645090 | Q87: 10944998 | R87: 383612 | S87: 414912 | T87: 52050 | U87: 850202 | V87: 1090587 | W87: 588251 | X87: 859551 | Y87: 249450 | Z87: 5518681 | AA87: 8263029 | AB87: 766738 | AC87: 1041738 | AD87: 1284046 | AE87: 1599046 | AF87: 590000 | AG87: 385548990 | AH87: 153745877 | AI87: 365662695 | AJ87: 361726566 | AK87: 90492512 | AL87: 268068666 | AM87: 710096068 | AN87: 658895392 | AO87: 957807482 | AP87: 1392777746 | AQ87: 443777953 | AR87: 1156485595 | AS87: 1630934489 | AT87: 280826404 | AU87: 552450273 | AV87: 853613141 | AW87: 327354511 | AX87: 685158863 | AY87: 961055713 | AZ87: 155434766 | BA87: 363233924 | BB87: 453195163 | BC87: 579293716 | BD87: 505416556 | BE87: 777629887 | BF87: 941686826 | BG87: 989716828 | BH87: 727904519 | BI87: 500492257 | BJ87: 338357274 | BK87: 284156251 | BL87: 532906432 | BM87: 343081666 | BN87: 632459233 | BO87: 409771433 | BP87: 713388407
A88: 85 | B88: 5.Phải trả người lao động | C88: 8 | D88: 0 | G88: 0 | H88: 0 | J88: 0 | K88: 0 | L88: 0 | M88: 0 | N88: 0 | O88: 0 | P88: 0 | Q88: 123239515 | R88: 91989568 | S88: 89002000 | T88: 127418000 | U88: 153997000 | V88: 162603000 | W88: 196228000 | X88: 168613000 | Y88: 186307000 | Z88: 186260000 | AA88: 349499000 | AB88: 217779000 | AC88: 196800000 | AD88: 221771000 | AE88: 235774000 | AF88: 241004387 | AG88: 241859522 | AH88: 260320442 | AI88: 0 | AJ88: 215170595 | AK88: 183049157 | AL88: 186952212 | AN88: 238366968 | AO88: 200237766 | AP88: 237626648 | AQ88: 264173796 | AR88: 268769935 | AS88: 240493495 | AT88: 217268506 | AV88: 225861547 | AW88: 204354773 | AX88: 190731219 | AY88: 328386424 | AZ88: 208437848 | BA88: 218467619 | BB88: 259807632 | BC88: 1390814 | BD88: 301719934 | BE88: 299041666 | BF88: 291625815 | BG88: 322997419 | BH88: 355582789 | BI88: 289720214 | BJ88: 292328376 | BK88: 610918101 | BL88: 629065780 | BM88: 351247511 | BN88: 344761315 | BO88: 370514028 | BP88: 397803093
A89: 86 | B89: 6.Chi phí phải trả ngắn hạn | C89: 8 | D89: 140000000 | E89: 230000000 | F89: 310000000 | G89: 400000000 | H89: 490000000 | I89: 560000000 | J89: 600000000 | K89: 620000000 | L89: 670000000 | M89: 700000000 | N89: 761427848 | O89: 60000000 | P89: 165420928 | Q89: 165420928 | R89: 165420928 | S89: 82202938 | T89: -83217990 | U89: 0 | V89: 0 | AB89: 16562000 | AC89: 35364000 | AD89: 89260000 | AE89: 85020000 | AF89: 106105000 | AG89: 115659000 | AH89: 140029000 | AI89: 177064300 | AJ89: 226505100 | AK89: 211274300 | AL89: 234405300 | AM89: 110498545 | AN89: 136602409 | AO89: 52287623 | AP89: 76951334 | AQ89: 100724140 | AR89: 133929266 | AS89: 149052227 | AT89: 170371660 | AU89: 194872073 | AV89: 220980766 | AW89: 241397992 | AX89: 262086457 | AY89: 132246668 | AZ89: 24629409 | BA89: 66296654 | BB89: 77958161 | BC89: 105574139 | BD89: 134682735 | BE89: 170865616 | BF89: 190726549 | BG89: 234725683 | BH89: 252858070 | BI89: 288227458 | BJ89: 324681391 | BK89: 20591097 | BL89: 83534774 | BM89: 127720619 | BN89: 148029291 | BO89: 201352745 | BP89: 267747725
A90: 87 | B90: 7.Phải trả nội bộ ngắn hạn | C90: 8 | K90: 0 | L90: 0 | N90: 0 | P90: 0 | R90: 0 | U90: 0 | AZ90: 0
A91: 88 | B91: 8.Phải trả theo tiến độ hợp đồng xây dựng ngắn hạn | C91: 8 | K91: 0 | L91: 0 | N91: 0 | P91: 0 | R91: 0 | U91: 0
A92: 89 | B92: 9.Doanh thu chờ phân bổ ngắn hạn | C92: 8 | K92: 0 | L92: 0 | N92: 0 | P92: 0 | R92: 0 | U92: 0
A93: 90 | B93: 10.Phải trả ngắn hạn khác | C93: 8 | D93: 2500000000 | E93: 3500000000 | F93: 6000000000 | G93: 2000000000 | H93: 3000000000 | I93: 4000000000 | J93: 4000000000 | K93: 4000000000 | L93: 4000000000 | M93: 4000000000 | N93: 6000000000 | O93: 6000000000 | P93: 11000000000 | Q93: 11010867500 | R93: 11006615000 | T93: 4000000000 | U93: 4000000000 | AD93: 43168000 | AZ93: 7329740 | BA93: 8526640 | BB93: 9634140 | BC93: 6132840 | BD93: 44700 | BE93: 5240200 | BF93: 1212800 | BL93: 15114800 | BM93: 6798330 | BN93: 6667689 | BO93: 74032071 | BP93: 74330226
A94: 91 | B94: 11.Vay và nợ thuê tài chính ngắn hạn | C94: 8
A95: 92 | B95: 12.Dự phòng phải trả ngắn hạn | C95: 8
A96: 93 | B96: 13.Quỹ khen thưởng, phúc lợi | C96: 8 | D96: 0 | E96: 0 | K96: 0 | P96: 0 | Q96: 0 | W96: 0
A97: 94 | B97: 14.Quỹ bình ổn giá | C97: 8 | D97: 0 | E97: 0 | K97: 0 | P97: 0 | Q97: 0 | W97: 0
A98: 95 | B98: 15.Giao dịch mua bán lại trái phiếu Chính phủ | C98: 8 | D98: 0 | E98: 0 | K98: 0 | P98: 0 | Q98: 0 | W98: 0
A99: 96 | B99: II.Nợ dài hạn | C99: 8 | D99: 0 | E99: 0 | F99: 0 | G99: 0 | H99: 0 | I99: 0 | J99: 0 | K99: 0 | L99: 0 | M99: 0 | N99: 0 | O99: 0 | P99: 0 | Q99: 0 | R99: 0 | S99: 0 | T99: 0 | U99: 0 | V99: 0 | W99: 0 | X99: 0 | Y99: 0 | Z99: 0 | AA99: 0 | AB99: 0 | AC99: 0 | AD99: 0 | AE99: 0 | AF99: 0 | AG99: 0 | AH99: 0 | AI99: 0 | AJ99: 0 | AK99: 0 | AL99: 0 | AM99: 0
A100: 97 | B100: 1.Phải trả người bán dài hạn | C100: 8 | D100: 0 | E100: 0 | K100: 0 | P100: 0 | Q100: 0 | W100: 0 | AB100: 0 | AC100: 0 | AI100: 0 | AN100: 0 | AO100: 0 | AU100: 0 | AZ100: 0 | BA100: 0 | BG100: 0
...

Sheet Ket qua kinh doanh
B1: CÔNG TY TNHH MTV ĐỒNG LÂM
B2: VND
A3: Index PL | B3: PHẦN II-KẾT QUẢ HOẠT ĐỘNG KINH DOANH | C3: TenCongTyID | D3: T1.2021 | E3: T02.2021 | F3: T03.2021 | G3: T04.2021 | H3: T05.2021 | I3: T06.2021 | J3: T07.2021 | K3: T08.2021 | L3: T09.2021 | M3: T10.2021 | N3: T11.2021 | O3: T12.2021 | P3: T1.2022 | Q3: T02.2022 | R3: T03.2022 | S3: T04.2022 | T3: T05.2022 | U3: T06.2022 | V3: T07.2022 | W3: T08.2022 | X3: T09.2022 | Y3: T10.2022 | Z3: T11.2022 | AA3: T12.2022 | AB3: T1.2023 | AC3: T02.2023 | AD3: T03.2023 | AE3: T04.2023 | AF3: T05.2023 | AG3: T06.2023 | AH3: T07.2023 | AI3: T08.2023 | AJ3: T09.2023 | AK3: T10.2023 | AL3: T11.2023 | AM3: T12.2023 | AN3: T01.2024 | AO3: T02.2024 | AP3: T03.2024 | AQ3: T04.2024 | AR3: T05.2024 | AS3: T06.2024 | AT3: T07.2024 | AU3: T08.2024 | AV3: T09.2024 | AW3: T10.2024 | AX3: T11.2024 | AY3: T12.2024 | AZ3: T01.2025 | BA3: T02.2025 | BB3: T03.2025 | BC3: T04.2025 | BD3: T05.2025 | BE3: T06.2025 | BF3: T07.2025 | BG3: T08.2025 | BH3: T09.2025 | BI3: T10.2025 | BJ3: T11.2025 | BK3: T12.2025 | BL3: T01.2026 | BM3: T02.2026 | BN3: T03.2026 | BO3: T04.2026 | BP3: T05.2026 | BQ3: T06.2026 | BR3: T07.2026 | BS3: T08.2026 | BT3: T09.2026 | BU3: T10.2026 | BV3: T11.2026 | BW3: T12.2026
A4: 1 | B4: Sản lượng (Tấn) | C4: 8 | D4: 0 | E4: 0 | P4: 13.776 | Q4: 0 | R4: 21.243 | S4: 18.384 | T4: 69.306 | U4: 57.128 | V4: 45.009 | W4: 133.151 | X4: 87.34 | Y4: 200.284 | Z4: 162.7505 | AA4: 200.149 | AB4: 177.0275 | AC4: 116.397 | AD4: 313 | AE4: 367 | AF4: 260 | AG4: 320 | AH4: 273 | AI4: 241 | AJ4: 225 | AK4: 267 | AL4: 161 | AM4: 411.801 | AN4: 573 | AO4: 269 | AP4: 385 | AQ4: 393 | AR4: 627.692 | AS4: 379 | AT4: 289.909 | AU4: 249.529 | AV4: 256.07 | AW4: 285.927 | AX4: 301.603 | AY4: 231.248 | AZ4: 136.817 | BA4: 284.586 | BB4: 355.698 | BC4: 421.533 | BD4: 410.449 | BE4: 572.586 | BF4: 681.432 | BG4: 736.186 | BH4: 660.128 | BI4: 493.928 | BJ4: 419.824 | BK4: 530.27 | BL4: 513.461 | BM4: 321.709 | BN4: 698.891 | BO4: 493.24 | BP4: 710.768
A5: 2 | B5: 1.Doanh thu bán hàng và cung cấp dịch vụ | C5: 8 | G5: 368424150 | H5: 539826374 | I5: 10846000 | M5: 85659200 | N5: 502162200 | O5: 21720000 | P5: 106450910 | R5: 265207910 | S5: 235390963 | T5: 549971500 | U5: 1004388000 | V5: 811042500 | W5: 2190311943 | X5: 1430897000 | Y5: 3280888000 | Z5: 2548509050 | AA5: 2627327757 | AB5: 1822423459 | AC5: 1503889814 | AD5: 4340539454 | AE5: 5632467285 | AF5: 3711774521 | AG5: 4642198050 | AH5: 3681484099 | AI5: 3500109250 | AJ5: 3283780279 | AK5: 4161593000 | AL5: 2393981900 | AM5: 5807772500 | AN5: 8400713900 | AO5: 3931174800 | AP5: 5768669300 | AQ5: 5809292600 | AR5: 9485730900 | AS5: 6180931000 | AT5: 4176102000 | AU5: 3625752000 | AV5: 3921219000 | AW5: 4329468100 | AX5: 4671750950 | AY5: 3649641000 | AZ5: 2184030270 | BA5: 4906179695 | BB5: 6333654608 | BC5: 7807068174 | BD5: 7380147015 | BE5: 10556762949 | BF5: 12875151030 | BG5: 13763220740 | BH5: 9904916640 | BI5: 7003708500 | BJ5: 5985740000 | BK5: 7484127000 | BL5: 7320017770 | BM5: 4596489350 | BN5: 9617317135 | BO5: 7009495222 | BP5: 11024894520
A6: 3 | B6: 2.Các khoản giảm trừ doanh thu | C6: 8
A7: 4 | B7: 3.Doanh thu thuần về bán hàng và cung cấp dịch vụ | C7: 8 | D7: 0 | E7: 0 | F7: 0 | G7: 368424150 | H7: 539826374 | I7: 10846000 | J7: 0 | K7: 0 | L7: 0 | M7: 85659200 | N7: 502162200 | O7: 21720000 | P7: 106450910 | Q7: 0 | R7: 265207910 | S7: 235390963 | T7: 549971500 | U7: 1004388000 | V7: 811042500 | W7: 2190311943 | X7: 1430897000 | Y7: 3280888000 | Z7: 2548509050 | AA7: 2627327757 | AB7: 1822423459 | AC7: 1503889814 | AD7: 4340539454 | AE7: 5632467285 | AF7: 3711774521 | AG7: 4642198050 | AH7: 3681484099 | AI7: 3500109250 | AJ7: 3283780279 | AK7: 4161593000 | AL7: 2393981900 | AM7: 5807772500 | AN7: 8400713900 | AO7: 3931174800 | AP7: 5768669300 | AQ7: 5809292600 | AR7: 9485730900 | AS7: 6180931000 | AT7: 4176102000 | AU7: 3625752000 | AV7: 3921219000 | AW7: 4329468100 | AX7: 4671750950 | AY7: 3649641000 | AZ7: 2184030270 | BA7: 4906179695 | BB7: 6333654608 | BC7: 7807068174 | BD7: 7380147015 | BE7: 10556762949 | BF7: 12875151030 | BG7: 13763220740 | BH7: 9904916640 | BI7: 7003708500 | BJ7: 5985740000 | BK7: 7484127000 | BL7: 7320017770 | BM7: =BM5-BM6 -> 4596489350 | BN7: 9617317135 | BO7: 7009495222 | BP7: 11024894520
A8: 5 | B8: 4.Giá vốn hàng bán | C8: 8 | G8: 356035081 | H8: 539685001 | I8: 10850195 | M8: 84649200 | N8: 465251111 | O8: 15974935 | P8: 168407744 | Q8: 5395812 | R8: 236779308 | S8: 207650748 | T8: 435137862 | U8: 918387357 | V8: 738967733 | W8: 1857317418 | X8: 1276370111 | Y8: 2962185705 | Z8: 2312380906 | AA8: 2612701467 | AB8: 2339926056 | AC8: 1617373611 | AD8: 4386031675 | AE8: 4924018381 | AF8: 3584096913 | AG8: 4175851308 | AH8: 3523205486 | AI8: 3237017132 | AJ8: 3209996558 | AK8: 3747756710 | AL8: 2368686966 | AM8: 4587732653 | AN8: 8360095204 | AO8: 3915335812 | AP8: 5491561659 | AQ8: 5777251201 | AR8: 9281674213 | AS8: 6197150720 | AT8: 4472052819 | AU8: 3843795589 | AV8: 4098228510 | AW8: 4453562079 | AX8: 4802207565 | AY8: 3764356934 | AZ8: 2508077713 | BA8: 4740440112 | BB8: 6014198762 | BC8: 7255972077 | BD8: 7126741795 | BE8: 9609629830 | BF8: 11568387569 | BG8: 11854114403 | BH8: 9491382430 | BI8: 6472207694 | BJ8: 5524770244 | BK8: 6694289988 | BL8: 6508047485 | BM8: 4138247394 | BN8: 8386341981 | BO8: 6103584508 | BP8: 9397938637
A9: 6 | B9: 5.Lợi nhuận gộp về bán hàng | C9: 8 | D9: 0 | E9: 0 | F9: 0 | G9: 12389069 | H9: 141373 | I9: -4195 | J9: 0 | K9: 0 | L9: 0 | M9: 1010000 | N9: 36911089 | O9: 5745065 | P9: -61956834 | Q9: -5395812 | R9: 28428602 | S9: 27740215 | T9: 114833638 | U9: 86000643 | V9: 72074767 | W9: 332994525 | X9: 154526889 | Y9: 318702295 | Z9: 236128144 | AA9: 14626290 | AB9: -517502597 | AC9: -113483797 | AD9: -45492221 | AE9: 708448904 | AF9: 127677608 | AG9: 466346742 | AH9: 158278613 | AI9: 263092118 | AJ9: 73783721 | AK9: 413836290 | AL9: 25294934 | AM9: 1220039847 | AN9: 40618696 | AO9: 15838988 | AP9: 277107641 | AQ9: 32041399 | AR9: 204056687 | AS9: -16219720 | AT9: -295950819 | AU9: -218043589 | AV9: -177009510 | AW9: -124093979 | AX9: -130456615 | AY9: -114715934 | AZ9: -324047443 | BA9: 165739583 | BB9: 319455846 | BC9: 551096097 | BD9: 253405220 | BE9: 947133119 | BF9: 1306763461 | BG9: 1909106337 | BH9: 413534210 | BI9: 531500806 | BJ9: 460969756 | BK9: 789837012 | BL9: 811970285 | BM9: =BM7-BM8 -> 458241956 | BN9: =BN7-BN8 -> 1230975154 | BO9: =BO7-BO8 -> 905910714 | BP9: =BP7-BP8 -> 1626955883
A10: 7 | B10: 6.Lãi/lỗ của hoạt động bán, thanh lý bất động sản đầu tư | C10: 8
A11: 8 | B11: 7.Doanh thu hoạt động tài chính | C11: 8 | D11: 107454 | E11: 56525 | F11: 64648 | G11: 175348 | H11: 109741 | I11: 71964 | J11: 33319 | K11: 35780 | L11: 57304 | M11: 40536 | N11: 27652 | O11: 30221 | P11: 100771 | Q11: 22232 | R11: 9940 | S11: 18461 | T11: 51784 | U11: 65299 | V11: 28201 | W11: 103587 | X11: 134052 | Y11: 100634 | Z11: 1758913 | AA11: 2200453 | AB11: 3773270 | AC11: 3236864 | AD11: 2346303 | AE11: 1424265 | AF11: 777811 | AG11: 307201 | AH11: 328719 | AI11: 368024 | AJ11: 352533 | AK11: 313627 | AL11: 161478 | AM11: 13833550 | AN11: 9382459 | AO11: 10579719 | AP11: 9899400 | AQ11: 10580906 | AR11: 10872809 | AS11: 12253869 | AT11: 32961164 | AU11: 10484107 | AV11: 10990062 | AW11: 51973968 | AX11: 11239032 | AY11: 10871181 | AZ11: 56610291 | BA11: 11478700 | BB11: 10596772 | BC11: 57102551 | BD11: 11106781 | BE11: 10419655 | BF11: 56496007 | BG11: 7319275 | BH11: 7346208 | BI11: 52495236 | BJ11: 19072961 | BK11: 18946348 | BL11: 65571081 | BM11: 20192380 | BN11: 18234753 | BO11: 58991700 | BP11: 11002030
A12: 9 | B12: 8.Chi phí tài chính | C12: 8 | P12: 0 | Q12: 0 | R12: 0 | S12: 0 | T12: 0 | U12: 0 | V12: 0 | W12: 0 | X12: 0 | Y12: 0 | Z12: 0 | AA12: 0 | BF12: 3187200
A13: 10 | B13: Trong đó: Chi phí lãi vay | C13: 8 | P13: 0 | Q13: 0 | R13: 0 | S13: 0 | T13: 0 | U13: 0 | V13: 0 | W13: 0 | X13: 0 | Y13: 0 | Z13: 0 | AA13: 0 | BF13: 3187200
A14: 11 | B14: 9.Chi phí bán hàng | C14: 8 | P14: 4154275 | Q14: 111551042 | R14: 110233410 | S14: 127730395 | T14: 186833035 | U14: 196635214 | V14: 194194095 | W14: 278805851 | X14: 297860980 | Y14: 356552796 | Z14: 391895076 | AA14: 648279108 | AB14: 366527895 | AC14: 316438292 | AD14: 474659267 | AE14: 500360421 | AF14: 442222030 | AG14: 537898379 | AH14: 496904815 | AI14: 432396059 | AJ14: 375069710 | AK14: 355199519 | AL14: 319486926 | AM14: 441146680 | AN14: 80500000 | AO14: 92396800 | AP14: 121389600 | AQ14: 78000000 | AR14: 146000000 | AS14: 115500000 | AT14: 64000000 | AU14: 54000000 | AV14: 57900000 | AW14: 75900000 | AX14: 79200000 | AY14: 75900000 | AZ14: 46200000 | BA14: 111100000 | BB14: 142500000 | BC14: 161600000 | BD14: 157100000 | BE14: 207400000 | BF14: 261000000 | BG14: 278300000 | BH14: 246900000 | BI14: 175300000 | BJ14: 144200000 | BK14: 193700000 | BL14: 195900000 | BM14: 121800000 | BN14: 271300000 | BO14: 195300000 | BP14: 262800000
A15: 12 | B15: 10.Chi phí quản lý doanh nghiệp | C15: 8 | D15: 221942434 | E15: 160995395 | F15: 164451697 | G15: 178420921 | H15: 170443955 | I15: 146772545 | J15: 112926597 | K15: 92395770 | L15: 144942481 | M15: 112946309 | N15: 203715505 | O15: 162583369 | P15: 280578279 | Q15: 215624058 | R15: 219366011 | S15: 231890562 | T15: 256308230 | U15: 263761631 | V15: 256193542 | W15: 352498211 | X15: 279335970 | Y15: 316719998 | Z15: 313644325 | AA15: 314893729 | AB15: 171041154 | AC15: 106732861 | AD15: 216653690 | AE15: 175450114 | AF15: 150767254 | AG15: 113915370 | AH15: 131931037 | AI15: 141040749 | AJ15: 159030184 | AK15: 164620496 | AL15: 144231512 | AM15: 279322748 | AN15: 159221608 | AO15: 104655178 | AP15: 115295655 | AQ15: 106050997 | AR15: 66870820 | AS15: 76195851 | AT15: 68152514 | AU15: 139408411 | AV15: 83156007 | AW15: 88772319 | AX15: 552891636 | AY15: 97079504 | AZ15: 147069830 | BA15: 115999204 | BB15: 120706843 | BC15: 155764782 | BD15: 142223547 | BE15: 131398532 | BF15: 129629381 | BG15: 133594277 | BH15: 218907692 | BI15: 204745721 | BJ15: 227424354 | BK15: 505125793 | BL15: 282752757 | BM15: 375736155 | BN15: 268709308 | BO15: 271909211 | BP15: 245121655
A16: 13 | B16: 11.Lợi nhuận thuần từ hoạt động kinh doanh | C16: 8 | D16: -221834980 | E16: -160938870 | F16: -164387049 | G16: -165856504 | H16: -170192841 | I16: -146704776 | J16: -112893278 | K16: -92359990 | L16: -144885177 | M16: -111895773 | N16: -166776764 | O16: -156808083 | P16: -346588617 | Q16: -332548680 | R16: -301160879 | S16: -331862281 | T16: -328255843 | U16: -374330903 | V16: -378284669 | W16: -298205950 | X16: -422536009 | Y16: -354469865 | Z16: -467652344 | AA16: -946346094 | AB16: -1051298376 | AC16: -533418086 | AD16: -734458875 | AE16: 34062634 | AF16: -464533865 | AG16: -185159806 | AH16: -470228520 | AI16: -309976666 | AJ16: -459963640 | AK16: -105670098 | AL16: -438262026 | AM16: 513403969 | AN16: -189720453 | AO16: -170633271 | AP16: 50321786 | AQ16: -141428692 | AR16: 2058676 | AS16: -195661702 | AT16: -395142169 | AU16: -400967893 | AV16: -307075455 | AW16: -236792330 | AX16: -751309219 | AY16: -276824257 | AZ16: -460706982 | BA16: -49880921 | BB16: 66845775 | BC16: 290833866 | BD16: -34811546 | BE16: 618754242 | BF16: 969442887 | BG16: 1504531335 | BH16: -44927274 | BI16: 203950321 | BJ16: 108418363 | BK16: =+BK9+BK11-BK12-BK14-BK15 -> 109957567 | BL16: 398888609 | BM16: =SUM(BM9:BM11)-BM12-BM14-BM15 -> -19101819 | BN16: =SUM(BN9:BN11)-BN12-BN14-BN15 -> 709200599 | BO16: =SUM(BO9:BO11)-BO12-BO14-BO15 -> 497693203 | BP16: =SUM(BP9:BP11)-BP12-BP14-BP15 -> 1130036258
A17: 14 | B17: 12.Thu nhập khác | C17: 8 | P17: 500 | Q17: 500 | S17: 8003 | T17: 20000 | U17: 310 | Z17: 2683400000 | AA17: 3497668000 | AB17: 9000 | AJ17: 1 | AQ17: 81700000 | AT17: 539351 | AZ17: 76532366 | BA17: 300 | BB17: 13680000 | BC17: 6000060 | BF17: 70515 | BK17: 33444721 | BL17: 32987038 | BM17: 2504914 | BN17: 4888889 | BO17: 13183210 | BP17: 26861111
A18: 15 | B18: 13.Chi phí khác | C18: 8 | E18: 2500000 | F18: 800000 | O18: 382314178 | T18: 46 | Y18: 2428 | Z18: 3077644948 | AA18: 3724188338 | AB18: 10 | AF18: 90501 | AI18: 1 | AJ18: 1 | AO18: 4500000 | AQ18: 81718690 | AX18: 136092961 | AZ18: 36339675 | BC18: 6000000 | BK18: 48000 | BL18: 0 | BN18: 450 | BO18: 22019946
A19: 16 | B19: 14.Lợi nhuận khác | C19: 8 | D19: 0 | E19: -2500000 | F19: -800000 | G19: 0 | H19: 0 | I19: 0 | J19: 0 | K19: 0 | L19: 0 | M19: 0 | N19: 0 | O19: -382314178 | P19: 500 | Q19: 500 | R19: 0 | S19: 8003 | T19: 19954 | U19: 310 | V19: 0 | W19: 0 | X19: 0 | Y19: -2428 | Z19: -394244948 | AA19: -226520338 | AB19: 8990 | AC19: 0 | AD19: 0 | AE19: 0 | AF19: -90501 | AG19: 0 | AH19: 0 | AI19: -1 | AJ19: 0 | AK19: 0 | AL19: 0 | AM19: 0 | AN19: 0 | AO19: -4500000 | AP19: 0 | AQ19: -18690 | AR19: 0 | AS19: 0 | AT19: 539351 | AU19: 0 | AV19: 0 | AW19: 0 | AX19: -136092961 | AY19: 0 | AZ19: 40192691 | BA19: 300 | BB19: 13680000 | BC19: 60 | BD19: 0 | BE19: 0 | BF19: 70515 | BG19: 0 | BH19: 0 | BI19: 0 | BJ19: 0 | BK19: 33396721 | BL19: 32987038 | BM19: =BM17-BM18 -> 2504914 | BN19: =BN17-BN18 -> 4888439 | BO19: =BO17-BO18 -> -8836736 | BP19: =BP17-BP18 -> 26861111
A20: 17 | B20: 15.Tổng lợi nhuận kế toán trước thuế | C20: 8 | D20: -221834980 | E20: -163438870 | F20: -165187049 | G20: -165856504 | H20: -170192841 | I20: -146704776 | J20: -112893278 | K20: -92359990 | L20: -144885177 | M20: -111895773 | N20: -166776764 | O20: -539122261 | P20: -346588117 | Q20: -332548180 | R20: -301160879 | S20: -331854278 | T20: -328235889 | U20: -374330593 | V20: -378284669 | W20: -298205950 | X20: -422536009 | Y20: -354472293 | Z20: -861897292 | AA20: -1172866432 | AB20: -1051289386 | AC20: -533418086 | AD20: -734458875 | AE20: 34062634 | AF20: -464624366 | AG20: -185159806 | AH20: -470228520 | AI20: -309976667 | AJ20: -459963640 | AK20: -105670098 | AL20: -438262026 | AM20: 513403969 | AN20: -189720453 | AO20: -175133271 | AP20: 50321786 | AQ20: -141447382 | AR20: 2058676 | AS20: -195661702 | AT20: -394602818 | AU20: -400967893 | AV20: -307075455 | AW20: -236792330 | AX20: -887402180 | AY20: -276824257 | AZ20: -420514291 | BA20: -49880621 | BB20: 80525775 | BC20: 290833926 | BD20: -34811546 | BE20: 618754242 | BF20: 969513402 | BG20: 1504531335 | BH20: -44927274 | BI20: 203950321 | BJ20: 108418363 | BK20: 143354288 | BL20: 431875647 | BM20: =BM16+BM19 -> -16596905 | BN20: =BN16+BN19 -> 714089038 | BO20: =BO16+BO19 -> 488856467 | BP20: =BP16+BP19 -> 1156897369
A21: 18 | B21: 16.Chi phí thuế TNDN hiện hành | C21: 8 | D21: 0 | E21: 0 | K21: 0 | P21: 0 | Q21: 0 | R21: 0 | S21: 0 | T21: 0 | U21: 0 | V21: 0 | W21: 0 | X21: 0 | Y21: 0 | Z21: 0 | AB21: 0 | AC21: 0 | AI21: 0 | AN21: 0 | AO21: 0 | AU21: 0 | AZ21: 0 | BA21: 0 | BG21: 0
A22: 19 | B22: 17.Chi phí thuế TNDN hoãn lại | C22: 8 | D22: 0 | E22: 0 | K22: 0 | P22: 0 | Q22: 0 | R22: 0 | S22: 0 | T22: 0 | U22: 0 | V22: 0 | W22: 0 | X22: 0 | Y22: 0 | Z22: 0 | AA22: 0 | AB22: 0 | AC22: 0 | AI22: 0 | AN22: 0 | AO22: 0 | AU22: 0 | AZ22: 0 | BA22: 0 | BG22: 0
A23: 20 | B23: 18.Lợi nhuận sau thuế thu nhập doanh nghiệp | C23: 8 | D23: -221834980 | E23: -163438870 | F23: -165187049 | G23: -165856504 | H23: -170192841 | I23: -146704776 | J23: -112893278 | K23: -92359990 | L23: -144885177 | M23: -111895773 | N23: -166776764 | O23: -539122261 | P23: -346588117 | Q23: -332548180 | R23: -301160879 | S23: -331854278 | T23: -328235889 | U23: -374330593 | V23: -378284669 | W23: -298205950 | X23: -422536009 | Y23: -354472293 | Z23: -861897292 | AA23: -1172866432 | AB23: -1051289386 | AC23: -533418086 | AD23: -734458875 | AE23: 34062634 | AF23: -464624366 | AG23: -185159806 | AH23: -470228520 | AI23: -309976667 | AJ23: -459963640 | AK23: -105670098 | AL23: -438262026 | AM23: 513403969 | AN23: -189720453 | AO23: -175133271 | AP23: 50321786 | AQ23: -141447382 | AR23: 2058676 | AS23: -195661702 | AT23: -394602818 | AU23: -400967893 | AV23: -307075455 | AW23: -236792330 | AX23: -887402180 | AY23: -276824257 | AZ23: -420514291 | BA23: -49880621 | BB23: 80525775 | BC23: 290833926 | BD23: -34811546 | BE23: 618754242 | BF23: 969513402 | BG23: 1504531335 | BH23: -44927274 | BI23: 203950321 | BJ23: 108418363 | BK23: 143354288 | BL23: 431875647 | BM23: =SUM(BM20:BM22) -> -16596905 | BN23: =SUM(BN20:BN22) -> 714089038 | BO23: =SUM(BO20:BO22) -> 488856467 | BP23: =SUM(BP20:BP22) -> 1156897369

Sheet Luu chuyen tien te
B1: CÔNG TY TNHH MTV ĐỒNG LÂM
B2: VND
A3: Index CF | B3: PHẦN III- LƯU CHUYỂN TIỀN TỆ | C3: TenCongTyID | D3: T1.2021 | E3: T02.2021 | F3: T03.2021 | G3: T04.2021 | H3: T05.2021 | I3: T06.2021 | J3: T07.2021 | K3: T08.2021 | L3: T09.2021 | M3: T10.2021 | N3: T11.2021 | O3: T12.2021 | P3: T1.2022 | Q3: T02.2022 | R3: T03.2022 | S3: T04.2022 | T3: T05.2022 | U3: T06.2022 | V3: T07.2022 | W3: T08.2022 | X3: T09.2022 | Y3: T10.2022 | Z3: T11.2022 | AA3: T12.2022 | AB3: T1.2023 | AC3: T02.2023 | AD3: T03.2023 | AE3: T04.2023 | AF3: T05.2023 | AG3: T06.2023 | AH3: T07.2023 | AI3: T08.2023 | AJ3: T09.2023 | AK3: T10.2023 | AL3: T11.2023 | AM3: T12.2023 | AN3: T01.2024 | AO3: T02.2024 | AP3: T03.2024 | AQ3: T04.2024 | AR3: T05.2024 | AS3: T06.2024 | AT3: T07.2024 | AU3: T08.2024 | AV3: T09.2024 | AW3: T10.2024 | AX3: T11.2024 | AY3: T12.2024 | AZ3: T01.2025 | BA3: T02.2025 | BB3: T03.2025 | BC3: T04.2025 | BD3: T05.2025 | BE3: T06.2025 | BF3: T07.2025 | BG3: T08.2025 | BH3: T09.2025 | BI3: T10.2025 | BJ3: T11.2025 | BK3: T12.2025 | BL3: T01.2026 | BM3: T02.2026 | BN3: T03.2026 | BO3: T04.2026 | BP3: T05.2026 | BQ3: T06.2026 | BR3: T07.2026 | BS3: T08.2026 | BT3: T09.2026 | BU3: T10.2026 | BV3: T11.2026 | BW3: T12.2026
A4: 1 | B4: I. Lưu chuyển tiền từ hoạt động kinh doanh | C4: 8
A5: 2 | B5: Lợi nhuận trước thuế | C5: 8 | D5: -221834980 | E5: -163438870 | F5: -165187049 | G5: -165856504 | H5: -170192841 | I5: -146704776 | J5: -112893278 | K5: -92359990 | L5: -144885177 | M5: -111895773 | N5: -166776764 | O5: -539122261 | P5: -346588117 | Q5: -332548180 | R5: -301160879 | S5: -331854278 | T5: -328235889 | U5: -374330593 | V5: -378284669 | W5: -298205950 | X5: -422536009 | Y5: -354472293 | Z5: -861897292 | AA5: -1172866432 | AB5: -1051289386 | AC5: -533418086 | AD5: -734458875 | AE5: 34062634 | AF5: -464624366 | AG5: -185159806 | AH5: -470228520 | AI5: -309976667 | AJ5: -459963640 | AK5: -105670098 | AL5: -438262026 | AM5: 513403969 | AN5: -189720453 | AO5: -175133271 | AP5: 50321786 | AQ5: -141447382 | AR5: 2058676 | AS5: -195661702 | AT5: -394602818 | AU5: -400967893 | AV5: -307075455 | AW5: -236792330 | AX5: -887402180 | AY5: -276824257 | AZ5: -420514291 | BA5: -49880621 | BB5: 80525775 | BC5: 290833926 | BD5: -34811546 | BE5: 618754242 | BF5: 969513402 | BG5: 1504531335 | BH5: -44927274 | BI5: 203950321 | BJ5: 108418363 | BK5: 143354288 | BL5: 431875647 | BM5: -16596905 | BN5: 714089038 | BO5: ='Ket qua kinh doanh'!BO23 -> 488856467 | BP5: ='Ket qua kinh doanh'!BP23 -> 1156897369
A6: 3 | B6: Điều chỉnh cho các khoản: | C6: 8
A7: 4 | B7: Khấu hao tài sản cố định và BĐSĐT | C7: 8 | D7: 35171389 | E7: 36681672 | F7: 40385973 | G7: 41098339 | H7: 41098339 | I7: 41098339 | J7: 41098339 | K7: 41098339 | L7: 41098339 | M7: 41098339 | N7: 41098339 | O7: 42755517 | P7: 106675273 | Q7: 135456671 | R7: 138790346 | S7: 139284224 | T7: 154257739 | U7: 164465456 | V7: 164465456 | W7: 203539436 | X7: 227568099 | Y7: 227839960 | Z7: 230272829 | AA7: 242838274 | AB7: 255999227 | AC7: 253950587 | AD7: 256146831 | AE7: 259372187 | AF7: 287962285 | AG7: 307245964 | AH7: 320855815 | AI7: 334660835 | AJ7: 342132975 | AK7: 342338073 | AL7: 340575724 | AM7: 345675257 | AN7: 331249956 | AO7: 331249956 | AP7: 332083289 | AQ7: 336375102 | AR7: 350875102 | AS7: 328075101 | AT7: 332253010 | AU7: 332540768 | AV7: 328308488 | AW7: 324936189 | AX7: 324936189 | AY7: 324936189 | AZ7: 324936189 | BA7: 324936189 | BB7: 329551584 | BC7: 329551584 | BD7: 329551584 | BE7: 335010843 | BF7: 336996028 | BG7: 340112546 | BH7: 342133709 | BI7: 342133709 | BJ7: 347910129 | BK7: 355474699 | BL7: 199573727 | BM7: 204598038 | BN7: 202512629 | BO7: 202790395 | BP7: 200168654
A8: 5 | B8: Các khoản dự phòng | C8: 8 | AM8: 120525864
A9: 6 | B9: Lãi, lỗ chênh lệch tỷ giá do đánh giá lại các khoản mục tiền tệ có gốc ngoại tệ | C9: 8
A10: 7 | B10: Lãi, lỗ từ hoạt động đầu tư, tài chính | C10: 8 | D10: -107454 | E10: -56525 | F10: -64648 | G10: -175348 | H10: -109741 | I10: -71964 | J10: -33319 | K10: -35780 | L10: -57304 | M10: -40536 | N10: -27652 | O10: -30221 | AB10: -3773270 | AC10: -3236864 | AD10: -2346303 | AE10: -1424265 | AF10: -777811 | AG10: -307201 | AH10: -328719 | AI10: -368024 | AJ10: -352533 | AK10: -313627 | AL10: -161478 | AM10: -13833550 | AN10: -9382459 | AO10: -10579719 | AP10: -9899400 | AQ10: -10580906 | AR10: -10872809 | AS10: -12253869 | AT10: -32961164 | AU10: -10484107 | AV10: -10990062 | AW10: -51973968 | AX10: -11239032 | AY10: -10871181 | AZ10: -56610291 | BA10: -11478700 | BB10: -10596772 | BC10: -57102611 | BD10: -11106781 | BE10: -10419655 | BF10: -56496007 | BG10: -7319275 | BH10: -7346208 | BI10: -52495236 | BJ10: 19072961 | BK10: -18175569 | BL10: -65571081 | BM10: -20192380 | BN10: -18234753 | BO10: -58991700 | BP10: -11002030
A11: 8 | B11: Chi phí đi vay | C11: 8 | P11: -100771 | Q11: -22232 | R11: -9940 | S11: -18461 | T11: -51784 | U11: -65299 | V11: -28201 | W11: -103587 | X11: -134052 | Y11: -100634 | Z11: -1758913 | AA11: -2200453
A12: 9 | B12: Các khoản điều chỉnh khác | C12: 8
A13: 10 | B13: Lợi nhuận từ hoạt động kinh doanh trước thay đổi vốn lưu động | C13: 8 | D13: -186771045 | E13: -126813723 | F13: -124865724 | G13: -124933513 | H13: -129204243 | I13: -105678401 | J13: -71828258 | K13: -51297431 | L13: -103844142 | M13: -70837970 | N13: -125706077 | O13: -496396965 | P13: -240013615 | Q13: -197113741 | R13: -162380473 | S13: -192588515 | T13: -174029934 | U13: -209930436 | V13: -213847414 | W13: -94770101 | X13: -195101962 | Y13: -126732967 | Z13: -633383376 | AA13: -932228611 | AB13: -799063429 | AC13: -282704363 | AD13: -480658347 | AE13: 292010556 | AF13: -177439892 | AG13: 121778957 | AH13: -149701424 | AI13: 24316144 | AJ13: -118183198 | AK13: 236354348 | AL13: -97847780 | AM13: 965771540 | AN13: 132147044 | AO13: 145536966 | AP13: 372505675 | AQ13: 184346814 | AR13: 342060969 | AS13: 120159530 | AT13: -95310972 | AU13: -78911232 | AV13: 10242971 | AW13: 36169891 | AX13: -573705023 | AY13: 37240751 | AZ13: -152188393 | BA13: 263576868 | BB13: 399480587 | BC13: 563282899 | BD13: 283633257 | BE13: 943345430 | BF13: 1250013423 | BG13: 1837324606 | BH13: 289860227 | BI13: 493588794 | BJ13: 475401453 | BK13: 480653418 | BL13: =SUM(BL5:BL12) -> 565878293 | BM13: 167808753 | BN13: =BN5+BN7+BN10 -> 898366914 | BO13: =BO5+BO7+BO10 -> 632655162 | BP13: =BP5+BP7+BP10 -> 1346063993
A14: 11 | B14: Tăng / giảm các khoản phải thu | C14: 8 | D14: 40090745 | E14: -107207337 | F14: 1055965054 | G14: -505582325 | H14: -73969355 | I14: -677254759 | J14: -53083 | K14: 527440375 | L14: 67356438 | M14: -103252730 | N14: -182579860 | O14: 158136355 | P14: -646040053 | Q14: -611250113 | R14: -1858001209 | S14: -454594936 | T14: 138854108 | U14: -1074818798 | V14: 151552264 | W14: 1579660118 | X14: -977755747 | Y14: -1031556580 | Z14: -1089241332 | AA14: 962217501 | AB14: 755535083 | AC14: -373410123 | AD14: 864143235 | AE14: -116254287 | AF14: 2427098633 | AG14: -376355289 | AH14: 745922800 | AI14: 1293715021 | AJ14: 2404766933 | AK14: 2389353423 | AL14: -216413170 | AM14: -1354922768 | AN14: -1338330678 | AO14: -1322361827 | AP14: 796532040 | AQ14: 613673586 | AR14: -2757367295 | AS14: -76926816 | AT14: 981983369 | AU14: 197327405 | AV14: -1792823857 | AW14: 539703963 | AX14: -168368007 | AY14: 265654642 | AZ14: -102845055 | BA14: -853392056 | BB14: 1107500 | BC14: 747186118 | BD14: 281268289 | BE14: 956070547 | BF14: -330956411 | BG14: 600342907 | BH14: 800647078 | BI14: -1163243194 | BJ14: 744733888 | BK14: -617573486 | BL14: 520556311 | BM14: -845059931 | BN14: -1569805057 | BO14: 1417565973 | BP14: -1577587338
A15: 12 | B15: Tăng / giảm hàng tồn kho | C15: 8 | D15: -184872727 | E15: -241951500 | F15: -584208650 | G15: -443909429 | H15: 333849501 | I15: 10850195 | J15: 0 | K15: 0 | L15: 0 | M15: 0 | N15: -51673427 | O15: 10872113 | P15: -216049756 | Q15: -22761388 | R15: -227162242 | S15: -1176699914 | T15: -1870041288 | U15: -770282143 | V15: -431279167 | W15: 301942868 | X15: 489695208 | Y15: -65589860 | Z15: -999588684 | AA15: 1262278302 | AB15: 1483002715 | AC15: 162925469 | AD15: 67514966 | AE15: -196028474 | AF15: -422810777 | AG15: 1124751694 | AH15: 199041952 | AI15: -345478560 | AJ15: -3986951635 | AK15: -2502114899 | AL15: 78415768 | AM15: 1070732227 | AN15: 3572731482 | AO15: 407812953 | AP15: -92860960 | AQ15: 217824569 | AR15: 2145938130 | AS15: 348554491 | AT15: 634604395 | AU15: 20513192 | AV15: -247976158 | AW15: 223627355 | AX15: -284490719 | AY15: 694868084 | AZ15: -979886584 | BA15: -398423101 | BB15: -146913271 | BC15: -408907156 | BD15: -1013857236 | BE15: -577869898 | BF15: -3068507866 | BG15: 1932977265 | BH15: 3644890418 | BI15: 1239419799 | BJ15: -788652596 | BK15: 101149103 | BL15: -1543685846 | BM15: -86012281 | BN15: 1368965482 | BO15: -573130879 | BP15: 590599954
A16: 13 | B16: Tăng / giảm các khoản phải trả (Không bao gồm lãi vay phải trả, thuế TNDN phải nộp) | C16: 8 | D16: 308782500 | E16: 948717500 | F16: 2823251472 | G16: -3922434705 | H16: 1024037401 | I16: 979172184 | J16: 40000000 | K16: 20000000 | L16: 50000000 | M16: 115621778 | N16: 1933061858 | O16: 134825375 | P16: 4643882482 | Q16: 34583736 | R16: 2863102585 | S16: -14082386315 | T16: 779013254 | U16: -379421915 | V16: -4031592665 | W16: 268185361 | X16: 195969679 | Y16: -247537340 | Z16: 527945375 | AA16: -276304816 | AB16: -384577042 | AC16: 39915215 | AD16: -82509042 | AE16: 152765865 | AF16: 646147543 | AG16: -274249715 | AH16: 279280638 | AI16: 113481677 | AJ16: 260675266 | AK16: -357986292 | AL16: 204610209 | AM16: 131168435 | AN16: 213270157 | AO16: 176468102 | AP16: 443460761 | AQ16: -965639839 | AR16: -117817709 | AS16: 497957974 | AT16: -980268208 | AU16: 175152671 | AV16: 645099646 | AW16: -446703303 | AX16: 252737509 | AY16: 228539078 | AZ16: -865266637 | BA16: 207954895 | BB16: 556217702 | BC16: -157389389 | BD16: 105251008 | BE16: 224010973 | BF16: 686306587 | BG16: -712475489 | BH16: -428044511 | BI16: -947227556 | BJ16: 10164739 | BK16: =2239955583+296 -> 2239955879 | BL16: =11299620+381540013 -> 392839633 | BM16: -361740587 | BN16: -257269079 | BO16: -36399094 | BP16: 311349763
A17: 14 | B17: Tăng / giảm chi phí chờ phân bổ | C17: 8 | D17: -184780605 | E17: 11172194 | F17: 26740765 | G17: 26740765 | H17: -105102999 | I17: 31297431 | J17: 31297431 | K17: 31297431 | L17: -262591458 | M17: 39630764 | N17: 39630764 | O17: 8431587 | P17: -11896121 | Q17: 207768 | R17: 32789292 | S17: 31013587 | T17: 23953211 | U17: 57401617 | V17: 28052571 | W17: 14944690 | X17: 46111543 | Y17: -47200076 | Z17: 13956754 | AA17: 10581626 | AB17: 0 | AC17: -39581818 | AD17: -12235455 | AE17: -6800000 | AF17: -19800000 | AG17: -24314000 | AH17: -26229273 | AI17: -91502727 | AJ17: -5093815 | AK17: -72127365 | AL17: -2260000 | AM17: -288926564 | AN17: 47790167 | AO17: 14682469 | AP17: 17075571 | AQ17: 22078020 | AR17: 58499132 | AS17: -29484200 | AT17: -46264931 | AU17: -5092592 | AV17: -102470000 | AW17: -47143681 | AX17: -5660000 | AY17: -23450000 | AZ17: -34483910 | BA17: -43955976 | BB17: -388945857 | BC17: -3792400 | BD17: -537700000 | BE17: -86550980 | BF17: -29045468 | BG17: -65539586 | BH17: -13235164 | BI17: -103391352 | BJ17: -8940000 | BK17: -193449426 | BL17: -24232407 | BM17: -28263611 | BN17: -37939909 | BO17: -401011942 | BP17: -261200000
A18: 15 | B18: Tăng / giảm chứng khoán kinh doanh | C18: 8 | BI18: 0
A19: 16 | B19: Chi phí đi vay đã trả | C19: 8 | K19: 0 | W19: 0 | AI19: 0 | BI19: 0
A20: 17 | B20: Thuế thu nhập doanh nghiệp đã nộp | C20: 8 | D20: 0 | E20: 0 | K20: 0 | P20: 0 | Q20: 0 | W20: 0 | AB20: 0 | AC20: 0 | AI20: 0 | BH20: 0 | BI20: 0
A21: 18 | B21: Tiền thu khác từ hoạt động kinh doanh | C21: 8 | D21: 0 | E21: 0 | K21: 0 | P21: 0 | Q21: 0 | W21: 0 | AB21: 0 | AC21: 0 | AI21: 0
A22: 19 | B22: Tiền chi khác cho hoạt động kinh doanh | C22: 8 | D22: 0 | E22: 0 | P22: 0 | Q22: 0 | T22: 0 | AB22: 0 | AC22: 0 | AF22: 0 | BI22: 0
A23: 20 | B23: Lưu chuyển tiền thuần từ hoạt động kinh doanh | C23: 8 | D23: -207551132 | E23: 483917134 | F23: 3196882917 | G23: -4970119207 | H23: 1049610305 | I23: 238386650 | J23: -583910 | K23: 527440375 | L23: -249079162 | M23: -18838158 | N23: 1612733258 | O23: -184131535 | P23: 3529882937 | Q23: -796333738 | R23: 648347953 | S23: -15875256093 | T23: -1102250649 | U23: -2377051675 | V23: -4497114411 | W23: 2069962936 | X23: -441081279 | Y23: -1518616823 | Z23: -2180311263 | AA23: 1026544002 | AB23: 1054897327 | AC23: -492855620 | AD23: 356255357 | AE23: 125693660 | AF23: 2453195507 | AG23: 571611647 | AH23: 1048314693 | AI23: 994531555 | AJ23: -1444786449 | AK23: -306520785 | AL23: -33494973 | AM23: 523822870 | AN23: 2627608172 | AO23: -577861337 | AP23: 1536713087 | AQ23: 72283150 | AR23: -328686773 | AS23: 860260979 | AT23: 494743653 | AU23: 308989444 | AV23: -1487927398 | AW23: 305654225 | AX23: -779486240 | AY23: 1202852555 | AZ23: -2134670579 | BA23: -824239370 | BB23: 420946661 | BC23: 740380072 | BD23: -881404682 | BE23: 1459006072 | BF23: -1492189735 | BG23: 3592629703 | BH23: 4294118048 | BI23: -480853509 | BJ23: 432707484 | BK23: =SUM(BK13:BK22) -> 2010735488 | BL23: =SUM(BL13:BL22) -> -88644016 | BM23: -1153267657 | BN23: =SUM(BN13:BN22) -> 402318351 | BO23: =SUM(BO13:BO22) -> 1039679220 | BP23: =SUM(BP13:BP22) -> 409226372
A24: 21 | B24: II. Lưu chuyển tiền từ hoạt động đầu tư | C24: 8
A25: 22 | B25: Tiền chi để mua sắm, xây dựng, TSCĐ và các tài sản dài hạn khác | C25: 8 | D25: -157785800 | E25: -247098485 | F25: -2144559775 | G25: -861798891 | H25: -852818770 | I25: -1067738676 | M25: -88704590 | N25: -1655442400 | O25: -39726750 | P25: -2224686266 | Q25: -4569790 | R25: -1056044496 | S25: -6762441384 | T25: -1906916922 | U25: -64123000 | V25: -14843500 | W25: -2634543000 | X25: -520415083 | Y25: -37797000 | Z25: -553387829 | AA25: -955085000 | AB25: -1698752180 | AC25: -228033178 | AD25: -1032382779 | AE25: -215100000 | AF25: -1848909129 | AG25: -119305700 | AH25: -1250500000 | AI25: -415277300 | AJ25: 0 | AK25: 0 | AL25: -43550000 | AM25: 277000000 | AP25: -60000000 | AQ25: -145000000 | AR25: -215340000 | AS25: 15940000 | AT25: -485681952 | AZ25: -160147048 | BA25: -172308467 | BE25: -274052200 | BF25: -430752222 | BG25: -623000000 | BJ25: -1089300000 | BK25: -3072516194 | BL25: -338815000 | BM25: -595000000 | BN25: -40000000 | BP25: -928578104
A26: 23 | B26: Tiền thu từ thanh lý, nhượng bán TSCĐ và các tài sản dài hạn khác | C26: 8 | Z26: 2683400000 | AA26: 3497650000 | AQ26: 81700000
A27: 24 | B27: Tiền chi cho vay, mua các công cụ nợ của đơn vị khác | C27: 8
A28: 25 | B28: Tiền thu hồi cho vay, bán lại các công cụ nợ của đơn vị khác | C28: 8
A29: 26 | B29: Tiền chi đầu tư góp vốn vào đơn vị khác | C29: 8 | BH29: 0 | BI29: 0
A30: 27 | B30: Tiền thu hồi đầu tư góp vốn vào đơn vị khác | C30: 8
A31: 28 | B31: Tiền thu lãi cho vay, cổ tức, và lợi nhuận được chia | C31: 8 | D31: 107454 | E31: 56525 | F31: 64648 | G31: 175348 | H31: 109741 | I31: 71964 | J31: 33319 | K31: 35780 | L31: 57304 | M31: 40536 | N31: 27652 | O31: 30221 | P31: 100771 | Q31: 22232 | R31: 9940 | S31: 18461 | T31: 51784 | U31: 65299 | V31: 28201 | W31: 103587 | X31: 134052 | Y31: 100634 | Z31: 1758913 | AA31: 2200453 | AB31: 3773270 | AC31: 3236864 | AD31: 2346303 | AE31: 1424265 | AF31: 777811 | AG31: 307201 | AH31: 328719 | AI31: 368024 | AJ31: 352533 | AK31: 313627 | AL31: 161478 | AM31: 13833550 | AN31: 9382459 | AO31: 10579719 | AP31: 9899400 | AQ31: 10580906 | AR31: 10872809 | AS31: 12253869 | AT31: 32961164 | AU31: 10484107 | AV31: 10990062 | AW31: 51973968 | AX31: 11239032 | AY31: 10871181 | AZ31: 56610291 | BA31: 11478700 | BB31: 10596772 | BC31: 57102611 | BD31: 11106781 | BE31: 10419655 | BF31: 56496007 | BG31: 7319275 | BH31: 7346208 | BI31: 52495236 | BK31: 18946348 | BL31: 65571081 | BM31: 20192380 | BN31: 18234753 | BO31: 58991700 | BP31: 11002030
A32: 29 | B32: Lưu chuyển tiền thuần từ hoạt động đầu tư | C32: 8 | D32: -157678346 | E32: -247041960 | F32: -2144495127 | G32: -861623543 | H32: -852709029 | I32: -1067666712 | J32: 33319 | K32: 35780 | L32: 57304 | M32: -88664054 | N32: -1655414748 | O32: -39696529 | P32: -2224585495 | Q32: -4547558 | R32: -1056034556 | S32: -6762422923 | T32: -1906865138 | U32: -64057701 | V32: -14815299 | W32: -2634439413 | X32: -520281031 | Y32: -37696366 | Z32: 2131771084 | AA32: 2544765453 | AB32: -1694978910 | AC32: -224796314 | AD32: -1030036476 | AE32: -213675735 | AF32: -1848131318 | AG32: -118998499 | AH32: -1250171281 | AI32: -414909276 | AJ32: 352533 | AK32: 313627 | AL32: -43388522 | AM32: 290833550 | AN32: 9382459 | AO32: 10579719 | AP32: -50100600 | AQ32: -52719094 | AR32: -204467191 | AS32: 28193869 | AT32: -452720788 | AU32: 10484107 | AV32: 10990062 | AW32: 51973968 | AX32: 11239032 | AY32: 10871181 | AZ32: -103536757 | BA32: -160829767 | BB32: 10596772 | BC32: 57102611 | BD32: 11106781 | BE32: -263632545 | BF32: -374256215 | BG32: -615680725 | BH32: 7346208 | BI32: 52495236 | BJ32: -1089300000 | BK32: -3053569846 | BL32: =SUM(BL25:BL31) -> -273243919 | BM32: -574807620 | BN32: =SUM(BN25:BN31) -> -21765247 | BO32: =SUM(BO25:BO31) -> 58991700 | BP32: =SUM(BP25:BP31) -> -917576074
A33: 30 | B33: III. Lưu chuyển tiền từ hoạt động tài chính | C33: 8
A34: 31 | B34: Tiền thu từ phát hành cổ phiếu, nhận vốn góp của chủ sở hữu | C34: 8 | G34: 5000000000
A35: 32 | B35: Tiền trả lại vốn góp cho các chủ sở hữu, mua lại cổ phiểu đã phát hành | C35: 8 | S35: 26000000000 | T35: 4000000000 | V35: 4000000000 | W35: 7000000000
A36: 33 | B36: Tiền thu từ đi vay | C36: 8
A37: 34 | B37: Tiền trả nợ gốc vay | C37: 8
A38: 35 | B38: Tiền trả nợ gốc thuê tài chính | C38: 8
A39: 36 | B39: Cổ tức, lợi nhuận đã trả cho chủ sở hữu | C39: 8 | D39: 0 | E39: 0 | K39: 0
A40: 37 | B40: Lưu chuyển thuần từ hoạt động tài chính | C40: 8 | D40: 0 | E40: 0 | F40: 0 | G40: 5000000000 | H40: 0 | I40: 0 | J40: 0 | K40: 0 | L40: 0 | M40: 0 | N40: 0 | O40: 0 | P40: 0 | Q40: 0 | R40: 0 | S40: 26000000000 | T40: 4000000000 | U40: 0 | V40: 4000000000 | W40: 7000000000 | X40: 0 | Y40: 0 | Z40: 0 | AA40: 0 | AB40: 0 | AC40: 0 | AD40: 0 | AE40: 0 | AF40: 0 | AG40: 0 | AH40: 0 | AI40: 0 | AJ40: 0 | AK40: 0 | AL40: 0 | AM40: 0 | AN40: 0 | AO40: 0 | AP40: 0 | AQ40: 0 | AR40: 0 | AS40: 0 | AT40: 0 | AU40: 0 | AV40: 0 | AW40: 0 | AX40: 0 | AY40: 0 | AZ40: 0 | BA40: 0 | BB40: 0 | BC40: 0 | BD40: 0 | BE40: 0 | BF40: 0 | BG40: 0 | BH40: 0 | BI40: 0 | BJ40: 0 | BK40: 0
A41: 38 | B41: Lưu chuyển tiền thuần trong kỳ | C41: 8 | D41: -365229478 | E41: 236875174 | F41: 1052387790 | G41: -831742750 | H41: 196901276 | I41: -829280062 | J41: -550591 | K41: 527476155 | L41: -249021858 | M41: -107502212 | N41: -42681490 | O41: -223828064 | P41: 1305297442 | Q41: -800881296 | R41: -407686603 | S41: 3362320984 | T41: 990884213 | U41: -2441109376 | V41: -511929710 | W41: 6435523523 | X41: -961362310 | Y41: -1556313189 | Z41: -48540179 | AA41: 3571309455 | AB41: -640081583 | AC41: -717651934 | AD41: -673781119 | AE41: -87982075 | AF41: 605064189 | AG41: 452613148 | AH41: -201856588 | AI41: 579622279 | AJ41: -1444433916 | AK41: -306207158 | AL41: -76883495 | AM41: 814656420 | AN41: 2636990631 | AO41: -567281618 | AP41: 1486612487 | AQ41: 19564056 | AR41: -533153964 | AS41: 888454848 | AT41: 42022865 | AU41: 319473551 | AV41: -1476937336 | AW41: 357628193 | AX41: -768247208 | AY41: 1213723736 | AZ41: -2238207336 | BA41: -985069137 | BB41: 431543433 | BC41: 797482683 | BD41: -870297901 | BE41: 1195373527 | BF41: -1866445950 | BG41: 2976948978 | BH41: 4301464256 | BI41: -428358273 | BJ41: -656592516 | BK41: =BK23+BK32 -> -1042834358 | BL41: =BL23+BL32 -> -361887935 | BM41: -1728075277 | BN41: =BN23+BN32 -> 380553104 | BO41: =BO23+BO32 -> 1098670920 | BP41: =BP23+BP32 -> -508349702
A42: 39 | B42: Tiền và tương đương tiền đầu kỳ | C42: 8 | D42: 848997857 | E42: 483768379 | F42: 720643553 | G42: 1773031343 | H42: 941288593 | I42: 1138189869 | J42: 308909807 | K42: 308359216 | L42: 835835371 | M42: 586813513 | N42: 479311301 | O42: 436629811 | P42: 212801747 | Q42: 1518099189 | R42: 717217893 | S42: 309531290 | T42: 3671852274 | U42: 4662736487 | V42: 2221627111 | W42: 1709697401 | X42: 8145220924 | Y42: 7183858614 | Z42: 5627545425 | AA42: 5579005246 | AB42: 9150314701 | AC42: 8510233118 | AD42: 7792581184 | AE42: 7118800065 | AF42: 7030817990 | AG42: 7635882179 | AH42: 8088495327 | AI42: 7886638739 | AJ42: 8466261018 | AK42: 7021827102 | AL42: 6715619944 | AM42: 6638736449 | AN42: 7453392869 | AO42: 10090383500 | AP42: 9523101882 | AQ42: 11009714369 | AR42: 11029278425 | AS42: 10496124461 | AT42: 11384579309 | AU42: 11426602174 | AV42: 11746075725 | AW42: 10269138389 | AX42: 10626766582 | AY42: 9858519374 | AZ42: 11072243110 | BA42: 8834035774 | BB42: 7848966637 | BC42: 8280510070 | BD42: 9077992753 | BE42: 8207694852 | BF42: 9403068379 | BG42: 7536622429 | BH42: 10513571407 | BI42: 14815035663 | BJ42: 14386677390 | BK42: 13730084874 | BL42: 12687250516 | BM42: 12325362581 | BN42: 10597287304 | BO42: =BN44 -> 10977840408 | BP42: =BO44 -> 12076511328
A43: 40 | B43: Ảnh hưởng của thay đổi tỷ giá hối đoái quy đổi ngoại tệ | C43: 8 | D43: 0 | E43: 0 | P43: 0 | Q43: 0 | R43: 0 | S43: 0 | T43: 0 | U43: 0 | V43: 0 | W43: 0 | X43: 0 | Y43: 0 | Z43: 0 | AA43: 0 | AB43: 0 | AC43: 0 | AN43: 0 | AO43: 0 | AZ43: 0 | BA43: 0
A44: 41 | B44: Tiền và tương đương tiền cuối kỳ | C44: 8 | D44: 483768379 | E44: 720643553 | F44: 1773031343 | G44: 941288593 | H44: 1138189869 | I44: 308909807 | J44: 308359216 | K44: 835835371 | L44: 586813513 | M44: 479311301 | N44: 436629811 | O44: 212801747 | P44: 1518099189 | Q44: 717217893 | R44: 309531290 | S44: 3671852274 | T44: 4662736487 | U44: 2221627111 | V44: 1709697401 | W44: 8145220924 | X44: 7183858614 | Y44: 5627545425 | Z44: 5579005246 | AA44: 9150314701 | AB44: 8510233118 | AC44: 7792581184 | AD44: 7118800065 | AE44: 7030817990 | AF44: 7635882179 | AG44: 8088495327 | AH44: 7886638739 | AI44: 8466261018 | AJ44: 7021827102 | AK44: 6715619944 | AL44: 6638736449 | AM44: 7453392869 | AN44: 10090383500 | AO44: 9523101882 | AP44: 11009714369 | AQ44: 11029278425 | AR44: 10496124461 | AS44: 11384579309 | AT44: 11426602174 | AU44: 11746075725 | AV44: 10269138389 | AW44: 10626766582 | AX44: 9858519374 | AY44: 11072243110 | AZ44: 8834035774 | BA44: 7848966637 | BB44: 8280510070 | BC44: 9077992753 | BD44: 8207694852 | BE44: 9403068379 | BF44: 7536622429 | BG44: 10513571407 | BH44: 14815035663 | BI44: 14386677390 | BJ44: 13730084874 | BK44: =BK41+BK42 -> 12687250516 | BL44: =BL41+BL42 -> 12325362581 | BM44: 10597287304 | BN44: =BN41+BN42 -> 10977840408 | BO44: =BO41+BO42 -> 12076511328 | BP44: =BP41+BP42 -> 11568161626

Sheet KQKD theo yeu to
B1: CÔNG TY TNHH MTV ĐỒNG LÂM
B2: VND
A3: Index PL Element | B3: PHẦN IV: CHI PHÍ THEO YẾU TỐ | C3: TenCongTyID | D3: T1.2021 | E3: T02.2021 | F3: T03.2021 | G3: T04.2021 | H3: T05.2021 | I3: T06.2021 | J3: T07.2021 | K3: T08.2021 | L3: T09.2021 | M3: T10.2021 | N3: T11.2021 | O3: T12.2021 | P3: T1.2022 | Q3: T02.2022 | R3: T03.2022 | S3: T04.2022 | T3: T05.2022 | U3: T06.2022 | V3: T07.2022 | W3: T08.2022 | X3: T09.2022 | Y3: T10.2022 | Z3: T11.2022 | AA3: T12.2022 | AB3: T1.2023 | AC3: T02.2023 | AD3: T03.2023 | AE3: T04.2023 | AF3: T05.2023 | AG3: T06.2023 | AH3: T07.2023 | AI3: T08.2023 | AJ3: T09.2023 | AK3: T10.2023 | AL3: T11.2023 | AM3: T12.2023 | AN3: T01.2024 | AO3: T02.2024 | AP3: T03.2024 | AQ3: T04.2024 | AR3: T05.2024 | AS3: T06.2024 | AT3: T07.2024 | AU3: T08.2024 | AV3: T09.2024 | AW3: T10.2024 | AX3: T11.2024 | AY3: T12.2024 | AZ3: T01.2025 | BA3: T02.2025 | BB3: T03.2025 | BC3: T04.2025 | BD3: T05.2025 | BE3: T06.2025 | BF3: T07.2025 | BG3: T08.2025 | BH3: T09.2025 | BI3: T10.2025 | BJ3: T11.2025 | BK3: T12.2025 | BL3: T01.2026 | BM3: T02.2026 | BN3: T03.2026 | BO3: T04.2026 | BP3: T05.2026 | BQ3: T06.2026 | BR3: T07.2026 | BS3: T08.2026 | BT3: T09.2026 | BU3: T10.2026 | BV3: T11.2026 | BW3: T12.2026
A4: 1 | B4: Tổng nhân sự | C4: 8 | AZ4: 32 | BA4: 37 | BB4: 38 | BC4: 49 | BD4: 50 | BE4: 49 | BF4: 55 | BG4: 61 | BH4: 64 | BI4: 56 | BJ4: 51 | BK4: 52 | BL4: 54 | BM4: 55 | BN4: 54 | BO4: 52 | BP4: 54
A5: 2 | B5: Nhân sự nhóm sản xuất | C5: 8 | AZ5: 25 | BA5: 29 | BB5: 30 | BC5: 41 | BD5: 40 | BE5: 38 | BF5: 44 | BG5: 50 | BH5: 53 | BI5: 45 | BJ5: 40 | BK5: 41 | BL5: 42 | BM5: 43 | BN5: 42 | BO5: 40 | BP5: 41
A6: 3 | B6: Số ngày công (8 hrs) | C6: 8 | AZ6: 25 | BA6: 20 | BB6: 24 | BC6: 26 | BD6: 23 | BE6: 27 | BF6: 26 | BG6: 26 | BH6: 25 | BI6: 26 | BJ6: 26 | BK6: 26 | BL6: 26 | BM6: 19 | BN6: 24 | BO6: 27 | BP6: 25
A7: 4 | B7: Sản lượng sản xuất (Ton) | C7: 8 | AZ7: 182.064 | BA7: 299.67 | BB7: 406.406 | BC7: 446.48 | BD7: 546.682 | BE7: 568.619 | BF7: 747.352 | BG7: 830.975 | BH7: 685.803 | BI7: 535.449 | BJ7: 491.684 | BK7: 550.093 | BL7: 613.802 | BM7: 382.705 | BN7: 806.397 | BO7: 518.669 | BP7: 823.223
A8: 5 | B8: Sản lượng bán (Ton) | C8: 8 | D8: 0 | E8: 0 | F8: 0 | G8: 0 | H8: 0 | I8: 0 | J8: 0 | K8: 0 | L8: 0 | M8: 0 | N8: 0 | O8: 0 | P8: 13.776 | Q8: 0 | R8: 21.243 | S8: 18.384 | T8: 69.306 | U8: 57.128 | V8: 45.009 | W8: 133.151 | X8: 87.34 | Y8: 200.284 | Z8: 162.7505 | AA8: 200.149 | AB8: 177.0275 | AC8: 116.397 | AD8: 313 | AE8: 367 | AF8: 260 | AG8: 320 | AH8: 273 | AI8: 241 | AJ8: 225 | AK8: 267 | AL8: 161 | AM8: 411.801 | AN8: 573 | AO8: 269 | AP8: 385 | AQ8: 393 | AR8: 627.692 | AS8: 379 | AT8: 289.909 | AU8: 249.529 | AV8: 256.07 | AW8: 285.927 | AX8: 301.603 | AY8: 231.248 | AZ8: 136.817 | BA8: 284.586 | BB8: 355.698 | BC8: 421.533 | BD8: 410.449 | BE8: 572.586 | BF8: 681.432 | BG8: 736.186 | BH8: 660.128 | BI8: 493.928 | BJ8: 419.824 | BK8: ='Ket qua kinh doanh'!BK4 -> 530.27 | BL8: ='Ket qua kinh doanh'!BL4 -> 513.461 | BM8: ='Ket qua kinh doanh'!BM4 -> 321.709 | BN8: 698.891 | BO8: ='Ket qua kinh doanh'!BO4 -> 493.24 | BP8: ='Ket qua kinh doanh'!BP4 -> 710.768 | BQ8: ='Ket qua kinh doanh'!BQ4 -> 0 | BR8: ='Ket qua kinh doanh'!BR4 -> 0 | BS8: ='Ket qua kinh doanh'!BS4 -> 0 | BT8: ='Ket qua kinh doanh'!BT4 -> 0 | BU8: ='Ket qua kinh doanh'!BU4 -> 0 | BV8: ='Ket qua kinh doanh'!BV4 -> 0 | BW8: ='Ket qua kinh doanh'!BW4 -> 0
A9: 6 | B9: Doanh thu bán hàng | C9: 8 | D9: 0 | E9: 0 | F9: 0 | G9: 368424150 | H9: 539826374 | I9: 10846000 | J9: 0 | K9: 0 | L9: 0 | M9: 85659200 | N9: 502162200 | O9: 21720000 | P9: 106450910 | Q9: 0 | R9: 265207910 | S9: 235390963 | T9: 549971500 | U9: 1004388000 | V9: 811042500 | W9: 2190311943 | X9: 1430897000 | Y9: 3280888000 | Z9: 2548509050 | AA9: 2627327757 | AB9: 1822423459 | AC9: 1503889814 | AD9: 4340539454 | AE9: 5632467285 | AF9: 3711774521 | AG9: 4642198050 | AH9: 3681484099 | AI9: 3500109250 | AJ9: 3283780279 | AK9: 4161593000 | AL9: 2393981900 | AM9: 5807772500 | AN9: 8400713900 | AO9: 3931174800 | AP9: 5768669300 | AQ9: 5809292600 | AR9: 9485730900 | AS9: 6180931000 | AT9: 4176102000 | AU9: 3625752000 | AV9: 3921219000 | AW9: 4329468100 | AX9: 4671750950 | AY9: 3649641000 | AZ9: 2184030270 | BA9: 4906179695 | BB9: 6333654608 | BC9: 7807068174 | BD9: 7380147015 | BE9: 10556762949 | BF9: 12875151030 | BG9: 13763220740 | BH9: 9904916640 | BI9: 7003708500 | BJ9: 5985740000 | BK9: ='Ket qua kinh doanh'!BK5 -> 7484127000 | BL9: ='Ket qua kinh doanh'!BL5 -> 7320017770 | BM9: ='Ket qua kinh doanh'!BM5 -> 4596489350 | BN9: ='Ket qua kinh doanh'!BN5 -> 9617317135 | BO9: ='Ket qua kinh doanh'!BO5 -> 7009495222 | BP9: ='Ket qua kinh doanh'!BP5 -> 11024894520 | BQ9: ='Ket qua kinh doanh'!BQ5 -> 0 | BR9: ='Ket qua kinh doanh'!BR5 -> 0 | ... BW9: ='Ket qua kinh doanh'!BW5 -> 0
A10: 7 | B10: Các khoản giảm trừ doanh thu | C10: 8 | D10: 0 | E10: 0 | F10: 0 | G10: 0 | H10: 0 | I10: 0 | J10: 0 | K10: 0 | L10: 0 | M10: 0 | N10: 0 | O10: 0 | P10: 0 | Q10: 0 | R10: 0 | S10: 0 | T10: 0 | U10: 0 | V10: 0 | W10: 0 | X10: 0 | Y10: 0 | Z10: 0 | AA10: 0 | AB10: 0 | AC10: 0 | AD10: 0 | AE10: 0 | AF10: 0 | AG10: 0 | AH10: 0 | AI10: 0 | AJ10: 0 | AK10: 0 | AL10: 0 | AM10: 0 | AN10: 0 | AO10: 0 | AP10: 0 | AQ10: 0 | AR10: 0 | AS10: 0 | AT10: 0 | AU10: 0 | AV10: 0 | AW10: 0 | AX10: 0 | AY10: 0 | AZ10: 0 | BA10: 0 | BB10: 0 | BC10: 0 | BD10: 0 | BE10: 0 | BF10: 0 | BG10: 0 | BH10: 0 | BI10: 0 | BJ10: 0 | BK10: ='Ket qua kinh doanh'!BK6 -> 0 | BL10: ='Ket qua kinh doanh'!BL6 -> 0 | BM10: ='Ket qua kinh doanh'!BM6 -> 0 | BN10: ='Ket qua kinh doanh'!BN6 -> 0 | BO10: ='Ket qua kinh doanh'!BO6 -> 0 | BP10: ='Ket qua kinh doanh'!BP6 -> 0 | BQ10: ='Ket qua kinh doanh'!BQ6 -> 0 | BR10: ='Ket qua kinh doanh'!BR6 -> 0 | ... BW10: ='Ket qua kinh doanh'!BW6 -> 0
A11: 8 | B11: % Các khoản giảm trừ | C11: 8 | G11: 0 | H11: 0 | I11: 0 | M11: 0 | N11: 0 | O11: 0 | P11: 0 | R11: 0 | S11: 0 | T11: 0 | U11: 0 | V11: 0 | W11: 0 | X11: 0 | Y11: 0 | Z11: 0 | AA11: 0 | AB11: 0 | AC11: 0 | AD11: 0 | AE11: 0 | AF11: 0 | AG11: 0 | AH11: 0 | AI11: 0 | AJ11: 0 | AK11: 0 | AL11: 0 | AM11: 0 | AN11: 0 | AO11: 0 | AP11: 0 | AQ11: 0 | AR11: 0 | AS11: 0 | AT11: 0 | AU11: 0 | AV11: 0 | AW11: 0 | AX11: 0 | AY11: 0 | AZ11: 0 | BA11: 0 | BB11: 0 | BC11: 0 | BD11: 0 | BE11: 0 | BF11: 0 | BG11: 0 | BH11: 0 | BI11: 0 | BJ11: 0 | BK11: =IFERROR(BK10/BK9,"") -> 0 | BL11: =IFERROR(BL10/BL9,"") -> 0 | BM11: =IFERROR(BM10/BM9,"") -> 0 | BN11: =IFERROR(BN10/BN9,"") -> 0 | BO11: =IFERROR(BO10/BO9,"") -> 0 | BP11: =IFERROR(BP10/BP9,"") -> 0 | BQ11: =IFERROR(BQ10/BQ9,"") | BR11: =IFERROR(BR10/BR9,"") | ... BW11: =IFERROR(BW10/BW9,"")
A12: 9 | B12: Doanh thu thuần | C12: 8 | D12: 0 | E12: 0 | F12: 0 | G12: 368424150 | H12: 539826374 | I12: 10846000 | J12: 0 | K12: 0 | L12: 0 | M12: 85659200 | N12: 502162200 | O12: 21720000 | P12: 106450910 | Q12: 0 | R12: 265207910 | S12: 235390963 | T12: 549971500 | U12: 1004388000 | V12: 811042500 | W12: 2190311943 | X12: 1430897000 | Y12: 3280888000 | Z12: 2548509050 | AA12: 2627327757 | AB12: 1822423459 | AC12: 1503889814 | AD12: 4340539454 | AE12: 5632467285 | AF12: 3711774521 | AG12: 4642198050 | AH12: 3681484099 | AI12: 3500109250 | AJ12: 3283780279 | AK12: 4161593000 | AL12: 2393981900 | AM12: 5807772500 | AN12: 8400713900 | AO12: 3931174800 | AP12: 5768669300 | AQ12: 5809292600 | AR12: 9485730900 | AS12: 6180931000 | AT12: 4176102000 | AU12: 3625752000 | AV12: 3921219000 | AW12: 4329468100 | AX12: 4671750950 | AY12: 3649641000 | AZ12: 2184030270 | BA12: 4906179695 | BB12: 6333654608 | BC12: 7807068174 | BD12: 7380147015 | BE12: 10556762949 | BF12: 12875151030 | BG12: 13763220740 | BH12: 9904916640 | BI12: 7003708500 | BJ12: 5985740000 | BK12: ='Ket qua kinh doanh'!BK7 -> 7484127000 | BL12: ='Ket qua kinh doanh'!BL7 -> 7320017770 | BM12: ='Ket qua kinh doanh'!BM7 -> 4596489350 | BN12: ='Ket qua kinh doanh'!BN7 -> 9617317135 | BO12: ='Ket qua kinh doanh'!BO7 -> 7009495222 | BP12: ='Ket qua kinh doanh'!BP7 -> 11024894520 | BQ12: ='Ket qua kinh doanh'!BQ7 -> 0 | BR12: ='Ket qua kinh doanh'!BR7 -> 0 | ... BW12: ='Ket qua kinh doanh'!BW7 -> 0
A13: 10 | B13: Xuất khẩu | C13: 8
A14: 11 | B14: Nội địa | C14: 8 | G14: 368424150 | H14: 539826374 | I14: 10846000 | J14: 0 | K14: 0 | L14: 0 | M14: 85659200 | N14: 502162200 | O14: 21720000 | P14: 106450910 | Q14: 0 | R14: 265207910 | S14: 235390963 | T14: 549971500 | U14: 1004388000 | V14: 811042500 | W14: 2190311943 | X14: 1430897000 | Y14: 3280888000 | Z14: 2548509050 | AA14: 2627327757 | AB14: 1822423459 | AC14: 1503889814 | AD14: 4340539454 | AE14: 5632467285 | AF14: 3711774521 | AG14: 4642198050 | AH14: 3681484099 | AI14: 3500109250 | AJ14: 3283780279 | AK14: 4161593000 | AL14: 2393981900 | AM14: 5807772500 | AN14: 8400713900 | AO14: 3931174800 | AP14: 5768669300 | AQ14: 5809292600 | AR14: 9485730900 | AS14: 6180931000 | AT14: 4176102000 | AU14: 3625752000 | AV14: 3921219000 | AW14: 4329468100 | AX14: 4671750950 | AY14: 3649641000 | AZ14: 2184030270 | BA14: 4906179695 | BB14: 6333654608 | BC14: 7807068174 | BD14: 7380147015 | BE14: 10556762949 | BF14: 12875151030 | BG14: 13763220740 | BH14: 9904916640 | BI14: 7003708500 | BJ14: 5985740000 | BK14: 7484127000 | BL14: 7320017770 | BM14: =BM12 -> 4596489350 | BN14: =BN9 -> 9617317135 | BO14: =BO9 -> 7009495222 | BP14: =BP9 -> 11024894520
A15: 12 | B15: Khác | C15: 8
A16: 13 | B16: Giá vốn hàng bán | C16: 8 | D16: 0 | E16: 0 | F16: 0 | G16: 356035081 | H16: 539685001 | I16: 10850195 | J16: 0 | K16: 0 | L16: 0 | M16: 84649200 | N16: 465251111 | O16: 15974935 | P16: 168407744 | Q16: 5395812 | R16: 236779308 | S16: 207650748 | T16: 435137862 | U16: 918387357 | V16: 738967733 | W16: 1857317418 | X16: 1276370111 | Y16: 2962185705 | Z16: 2312380906 | AA16: 2612701467 | AB16: 2339926056 | AC16: 1617373611 | AD16: 4386031675 | AE16: 4924018381 | AF16: 3584096913 | AG16: 4175851308 | AH16: 3523205486 | AI16: 3237017132 | AJ16: 3209996558 | AK16: 3747756710 | AL16: 2368686966 | AM16: 4587732653 | AN16: 8360095204 | AO16: 3915335812 | AP16: 5491561659 | AQ16: 5777251201 | AR16: 9281674213 | AS16: 6197150720 | AT16: 4472052819 | AU16: 3843795589 | AV16: 4098228510 | AW16: 4453562079 | AX16: 4802207565 | AY16: 3764356934 | AZ16: 2508077713 | BA16: 4740440112 | BB16: 6014198762 | BC16: 7255972077 | BD16: 7126741795 | BE16: 9609629830 | BF16: 11568387569 | BG16: 11854114403 | BH16: 9491382430 | BI16: 6472207694 | BJ16: 5524770244 | BK16: ='Ket qua kinh doanh'!BK8 -> 6694289988 | BL16: ='Ket qua kinh doanh'!BL8 -> 6508047485 | BM16: ='Ket qua kinh doanh'!BM8 -> 4138247394 | BN16: ='Ket qua kinh doanh'!BN8 -> 8386341981 | BO16: ='Ket qua kinh doanh'!BO8 -> 6103584508 | BP16: ='Ket qua kinh doanh'!BP8 -> 9397938637 | BQ16: ='Ket qua kinh doanh'!BQ8 -> 0 | BR16: ='Ket qua kinh doanh'!BR8 -> 0 | ... BW16: ='Ket qua kinh doanh'!BW8 -> 0
A17: 14 | B17: Chi phí nguyên vật liệu | C17: 8 | AZ17: 1872397513 | BA17: 4071157664 | BB17: 5290595481 | BC17: 6408889885 | BD17: 6270983502 | BE17: 8705715509 | BF17: 10603834723 | BG17: 10770564134 | BH17: 8426566336 | BI17: 5574646568 | BJ17: 4672677150 | BK17: 5670717766 | BL17: 5578831855 | BM17: 3437777528 | BN17: 7441576343 | BO17: 5155085629 | BP17: 8229832952
A18: 15 | B18: Chi phí điện | C18: 8 | AZ18: 14966664 | BA18: 21292373 | BB18: 25117015 | BC18: 32094081 | BD18: 37969299 | BE18: 37177652 | BF18: 43890267 | BG18: 52273770 | BH18: 44157689 | BI18: 36272022 | BJ18: 33333020 | BK18: 45631278 | BL18: 61880687 | BM18: 41859427 | BN18: 126170721 | BO18: 111184654 | BP18: 128822938
A19: 16 | B19: Chi phí lương ngoài giờ sản xuất | C19: 8 | BL19: 70120287 | BM19: 42511997 | BN19: 45937482 | BO19: 12683752 | BP19: 34383473
A20: 17 | B20: Chi phí nhân công trực tiếp sản xuất (622) | C20: 8 | AM20: 2567554212 | AY20: 2554916743 | AZ20: 138876280 | BA20: 155783986 | BB20: 177334366 | BC20: 255561933 | BD20: 252261421 | BE20: 251285364 | BF20: 284518616 | BG20: 342793696 | BH20: 348910620 | BI20: 262787069 | BJ20: 224219843 | BK20: 262655694 | BL20: 255919621 | BM20: 200142773 | BN20: 203330611 | BO20: 189184907 | BP20: 198620967
A21: 18 | B21: Chi phí nhân công gián tiếp sản xuất (6271) | C21: 8 | AZ21: 42747065 | BA21: 49557123 | BB21: 62361238 | BC21: 81764340 | BD21: 94171572 | BE21: 90055394 | BF21: 91341488 | BG21: 116936417 | BH21: 104715596 | BI21: 77095616 | BJ21: 82173071 | BK21: 94297821 | BL21: 82892288 | BM21: 78882902 | BN21: 91031904 | BO21: 134220248 | BP21: 132848351
A22: 19 | B22: Phúc lợi nhân viên sản xuất (BHXH,thưởng,…) | C22: 8 | AM22: 366098300 | AY22: 530657837 | AZ22: 41628449 | BA22: 43918951 | BB22: 41498338 | BC22: 52608481 | BD22: 41902386 | BE22: 49927420 | BF22: 51791818 | BG22: 56172918 | BH22: 53336155 | BI22: 53336155 | BJ22: 53336155 | BK22: 57749643 | BL22: 72926760 | BM22: 68324453 | BN22: 76025467 | BO22: 94711640 | BP22: 98717031
A23: 20 | B23: Chi phí sửa chữa, bảo trì | C23: 8 | AZ23: 29790529 | BA23: 31147069 | BB23: 32600037 | BC23: 30039927 | BD23: 29971651 | BE23: 30683042 | BF23: 35081043 | BG23: 35466177 | BH23: 47274482 | BI23: 47153838 | BJ23: 43342284 | BK23: 71691581 | BL23: 21230749 | BM23: 20637476 | BN23: 42593978 | BO23: 16233064 | BP23: 9202432
A24: 21 | B24: Chi phí xưởng (các khoản còn lại ngoài các mục trên) | C24: 8 | AZ24: =AZ16-(SUM(AZ17:AZ23)+AZ25) -> 58811522 | BA24: =BA16-(SUM(BA17:BA23)+BA25) -> 58723255 | BB24: =BB16-(SUM(BB17:BB23)+BB25) -> 71217201 | BC24: =BC16-(SUM(BC17:BC23)+BC25) -> 81538344 | BD24: =BD16-(SUM(BD17:BD23)+BD25) -> 86006878 | BE24: =BE16-(SUM(BE17:BE23)+BE25) -> 125851104 | BF24: =BF16-(SUM(BF17:BF23)+BF25) -> 137010084 | BG24: =BG16-(SUM(BG17:BG23)+BG25) -> 154697439 | ... BK24: =BK16-(SUM(BK17:BK23)+BK25) -> 150952352 | BL24: 149448407 | BM24: 33732451 | BN24: 129027573 | BO24: 168989775 | BP24: 322778250
A25: 22 | B25: Chi phí khấu hao sản xuất (6274) | C25: 8 | AZ25: 308859691 | BA25: 308859691 | BB25: 313475086 | BC25: 313475086 | BD25: 313475086 | BE25: 318934345 | BF25: 320919530 | BG25: 325209852 | BH25: 327252863 | BI25: 327252863 | BJ25: 333029283 | BK25: 340593853 | BL25: 184887525 | BM25: 187234749 | BN25: 185149342 | BO25: 185427109 | BP25: 185427110
A26: 23 | B26: Chi phí gia công ngoài (nếu có) | C26: 8 | BL26: 0 | BM26: 0 | BN26: 0 | BO26: 0 | BP26: 0
A27: 24 | B27: Giá vốn khác | C27: 8 | BL27: 7564583 | BM27: 7564583 | BN27: 7564583 | BO27: 7564583 | BP27: 7564583
A28: 25 | B28: Giá vốn trong hàng tồn kho | C28: 8 | BL28: 22344723 | BM28: 19579055 | BN28: 37933977 | BO28: 28299147 | BP28: 49740550
A29: 26 | B29: % Giá vốn hàng bán | C29: 8 | G29: 0.96637281 | H29: 0.99973811 | I29: 1.0003868 | M29: 0.98820909 | N29: 0.92649568 | O29: 0.73549424 | P29: 1.5820226 | R29: 0.89280636 | S29: 0.88215259 | T29: 0.79120075 | U29: 0.91437508 | V29: 0.91113318 | W29: 0.84796936 | X29: 0.89200698 | Y29: 0.90286096 | Z29: 0.90734655 | AA29: 0.99443302 | AB29: 1.283964 | AC29: 1.0754602 | AD29: 1.0104808 | AE29: 0.8742205 | AF29: 0.965602 | AG29: 0.89954183 | AH29: 0.95700685 | AI29: 0.92483317 | AJ29: 0.97753086 | AK29: 0.9005582 | AL29: 0.98943395 | AM29: 0.78992981 | AN29: 0.99516485 | AO29: 0.99597093 | AP29: 0.95196333 | AQ29: 0.99448446 | AR29: 0.97848804 | AS29: 1.0026242 | AT29: 1.0708677 | AU29: 1.0601375 | AV29: 1.0451414 | AW29: 1.0286626 | AX29: 1.0279246 | AY29: 1.0314321 | AZ29: 1.1483713 | BA29: 0.9662182 | BB29: 0.94956216 | BC29: 0.92941062 | BD29: 0.96566393 | BE29: 0.91028186 | BF29: 0.898505 | BG29: 0.86128927 | BH29: 0.9582496 | BI29: 0.92411152 | BJ29: 0.92298868 | BK29: =IFERROR(BK16/BK12,"") -> 0.89446504 | BL29: =IFERROR(BL16/BL12,"") -> 0.88907537 | BM29: =IFERROR(BM16/BM12,"") -> 0.9003061 | BN29: =IFERROR(BN16/BN12,"") -> 0.87200431 | BO29: =IFERROR(BO16/BO12,"") -> 0.87075949 | BP29: =IFERROR(BP16/BP12,"") -> 0.85242889 | BQ29: =IFERROR(BQ16/BQ12,"") | BR29: =IFERROR(BR16/BR12,"") | ... BW29: =IFERROR(BW16/BW12,"")
A30: 27 | B30: Lợi nhuận gộp | C30: 8 | D30: 0 | E30: 0 | F30: 0 | G30: 12389069 | H30: 141373 | I30: -4195 | J30: 0 | K30: 0 | L30: 0 | M30: 1010000 | N30: 36911089 | O30: 5745065 | P30: -61956834 | Q30: -5395812 | R30: 28428602 | S30: 27740215 | T30: 114833638 | U30: 86000643 | V30: 72074767 | W30: 332994525 | X30: 154526889 | Y30: 318702295 | Z30: 236128144 | AA30: 14626290 | AB30: -517502597 | AC30: -113483797 | AD30: -45492221 | AE30: 708448904 | AF30: 127677608 | AG30: 466346742 | AH30: 158278613 | AI30: 263092118 | AJ30: 73783721 | AK30: 413836290 | AL30: 25294934 | AM30: 1220039847 | AN30: 40618696 | AO30: 15838988 | AP30: 277107641 | AQ30: 32041399 | AR30: 204056687 | AS30: -16219720 | AT30: -295950819 | AU30: -218043589 | AV30: -177009510 | AW30: -124093979 | AX30: -130456615 | AY30: -114715934 | AZ30: -324047443 | BA30: 165739583 | BB30: 319455846 | BC30: 551096097 | BD30: 253405220 | BE30: 947133119 | BF30: 1306763461 | BG30: 1909106337 | BH30: 413534210 | BI30: 531500806 | BJ30: 460969756 | BK30: ='Ket qua kinh doanh'!BK9 -> 789837012 | BL30: ='Ket qua kinh doanh'!BL9 -> 811970285 | BM30: ='Ket qua kinh doanh'!BM9 -> 458241956 | BN30: ='Ket qua kinh doanh'!BN9 -> 1230975154 | BO30: ='Ket qua kinh doanh'!BO9 -> 905910714 | BP30: ='Ket qua kinh doanh'!BP9 -> 1626955883 | BQ30: ='Ket qua kinh doanh'!BQ9 -> 0 | BR30: ='Ket qua kinh doanh'!BR9 -> 0 | ... BW30: ='Ket qua kinh doanh'!BW9 -> 0
A31: 28 | B31: % Lợi nhuận gộp | C31: 8 | G31: 0.03362719 | H31: 0.00026188606 | I31: -0.00038677854 | M31: 0.011790911 | N31: 0.073504316 | O31: 0.26450576 | P31: -0.58202259 | R31: 0.10719364 | S31: 0.11784741 | T31: 0.20879925 | U31: 0.085624921 | V31: 0.088866819 | W31: 0.15203064 | X31: 0.10799302 | Y31: 0.097139035 | Z31: 0.092653445 | AA31: 0.0055669834 | AB31: -0.28396397 | AC31: -0.075460181 | AD31: -0.010480776 | AE31: 0.1257795 | AF31: 0.034397997 | AG31: 0.10045817 | AH31: 0.042993154 | AI31: 0.07516683 | AJ31: 0.022469141 | AK31: 0.099441798 | AL31: 0.010566051 | AM31: 0.21007019 | AN31: 0.0048351481 | AO31: 0.0040290724 | AP31: 0.048036666 | AQ31: 0.0055155423 | AR31: 0.021511962 | AS31: -0.0026241548 | AT31: -0.070867718 | AU31: -0.06013748 | AV31: -0.04514145 | AW31: -0.028662638 | AX31: -0.027924565 | AY31: -0.031432115 | AZ31: -0.14837131 | BA31: 0.0337818 | BB31: 0.050437838 | BC31: 0.070589379 | BD31: 0.034336067 | BE31: 0.089718138 | BF31: 0.101495 | BG31: 0.13871073 | BH31: 0.041750398 | BI31: 0.075888482 | BJ31: 0.077011323 | BK31: =IFERROR(BK30/BK12,"") -> 0.10553496 | BL31: =IFERROR(BL30/BL12,"") -> 0.11092463 | BM31: =IFERROR(BM30/BM12,"") -> 0.099693901 | BN31: =IFERROR(BN30/BN12,"") -> 0.12799569 | BO31: =IFERROR(BO30/BO12,"") -> 0.12924051 | BP31: =IFERROR(BP30/BP12,"") -> 0.14757111 | BQ31: =IFERROR(BQ30/BQ12,"") | BR31: =IFERROR(BR30/BR12,"") | ... BW31: =IFERROR(BW30/BW12,"")
A32: 29 | B32: Lợi nhuận trước thuế | C32: 8 | D32: -221834980 | E32: -163438870 | F32: -165187049 | G32: -165856504 | H32: -170192841 | I32: -146704776 | J32: -112893278 | K32: -92359990 | L32: -144885177 | M32: -111895773 | N32: -166776764 | O32: -539122261 | P32: -346588117 | Q32: -332548180 | R32: -301160879 | S32: -331854278 | T32: -328235889 | U32: -374330593 | V32: -378284669 | W32: -298205950 | X32: -422536009 | Y32: -354472293 | Z32: -861897292 | AA32: -1172866432 | AB32: -1051289386 | AC32: -533418086 | AD32: -734458875 | AE32: 34062634 | AF32: -464624366 | AG32: -185159806 | AH32: -470228520 | AI32: -309976667 | AJ32: -459963640 | AK32: -105670098 | AL32: -438262026 | AM32: 513403969 | AN32: -189720453 | AO32: -175133271 | AP32: 50321786 | AQ32: -141447382 | AR32: 2058676 | AS32: -195661702 | AT32: -394602818 | AU32: -400967893 | AV32: -307075455 | AW32: -236792330 | AX32: -887402180 | AY32: -276824257 | AZ32: -420514291 | BA32: -49880621 | BB32: 80525775 | BC32: 290833926 | BD32: -34811546 | BE32: 618754242 | BF32: 969513402 | BG32: 1504531335 | BH32: -44927274 | BI32: 203950321 | BJ32: 108418363 | BK32: ='Ket qua kinh doanh'!BK20 -> 143354288 | BL32: ='Ket qua kinh doanh'!BL20 -> 431875647 | BM32: ='Ket qua kinh doanh'!BM20 -> -16596905 | BN32: ='Ket qua kinh doanh'!BN20 -> 714089038 | BO32: ='Ket qua kinh doanh'!BO20 -> 488856467 | BP32: ='Ket qua kinh doanh'!BP20 -> 1156897369 | BQ32: ='Ket qua kinh doanh'!BQ20 -> 0 | BR32: ='Ket qua kinh doanh'!BR20 -> 0 | ... BW32: ='Ket qua kinh doanh'!BW20 -> 0
A33: 30 | B33: % Lợi nhuận trước thuế | C33: 8 | G33: -0.45017815 | H33: -0.3152733 | I33: -13.526164 | M33: -1.3062902 | N33: -0.33211732 | O33: -24.821467 | P33: -3.2558493 | R33: -1.1355652 | S33: -1.4098004 | T33: -0.59682345 | U33: -0.37269521 | V33: -0.46641781 | W33: -0.13614771 | X33: -0.2952945 | Y33: -0.10804157 | Z33: -0.33819668 | AA33: -0.4464104 | AB33: -0.5768634 | AC33: -0.35469227 | AD33: -0.16920912 | AE33: 0.0060475511 | AF33: -0.12517581 | AG33: -0.039886236 | AH33: -0.12772798 | AI33: -0.088561998 | AJ33: -0.14007138 | AK33: -0.025391743 | AL33: -0.18306823 | AM33: 0.088399463 | AN33: -0.022583849 | AO33: -0.044549856 | AP33: 0.0087232919 | AQ33: -0.024348469 | AR33: 0.00021702872 | AS33: -0.031655701 | AT33: -0.094490704 | AU33: -0.11058889 | AV33: -0.078311223 | AW33: -0.054693169 | AX33: -0.18995066 | AY33: -0.075849722 | AZ33: -0.1925405 | BA33: -0.010166896 | BB33: 0.012713951 | BC33: 0.037252643 | BD33: -0.0047169177 | BE33: 0.058612119 | BF33: 0.075301128 | BG33: 0.10931535 | BH33: -0.0045358558 | BI33: 0.029120333 | BJ33: 0.018112775 | BK33: =IFERROR(BK32/BK12,"") -> 0.019154444 | BL33: =IFERROR(BL32/BL12,"") -> 0.058999262 | BM33: =IFERROR(BM32/BM12,"") -> -0.0036107785 | BN33: =IFERROR(BN32/BN12,"") -> 0.074250337 | BO33: =IFERROR(BO32/BO12,"") -> 0.069742036 | BP33: =IFERROR(BP32/BP12,"") -> 0.10493501 | BQ33: =IFERROR(BQ32/BQ12,"") | BR33: =IFERROR(BR32/BR12,"") | ... BW33: =IFERROR(BW32/BW12,"")
A34: 31 | B34: EBITDA | C34: 8 | D34: -186663591 | E34: -126757198 | F34: -124801076 | G34: -124758165 | H34: -129094502 | I34: -105606437 | J34: -71794939 | K34: -51261651 | L34: -103786838 | M34: -70797434 | N34: -125678425 | O34: -496366744 | P34: -239912844 | Q34: -197091509 | R34: -162370533 | S34: -192570054 | T34: -173978150 | U34: -209865137 | V34: -213819213 | W34: -94666514 | X34: -194967910 | Y34: -126632333 | Z34: -631624463 | AA34: -930028158 | AB34: -795290159 | AC34: -279467499 | AD34: -478312044 | AE34: 293434821 | AF34: -176662081 | AG34: 122086158 | AH34: -149372705 | AI34: 24684168 | AJ34: -117830665 | AK34: 236667975 | AL34: -97686302 | AM34: 859079226 | AN34: 141529503 | AO34: 156116685 | AP34: 382405075 | AQ34: 194927720 | AR34: 352933778 | AS34: 132413399 | AT34: -62349808 | AU34: -68427125 | AV34: 21233033 | AW34: 88143859 | AX34: -562465991 | AY34: 48111932 | AZ34: -95578102 | BA34: 275055568 | BB34: 410077359 | BC34: 620385510 | BD34: 294740038 | BE34: 953765085 | BF34: 1309696630 | BG34: 1844643881 | BH34: 297206435 | BI34: 546084030 | BJ34: 456328492 | BK34: ='Ket qua kinh doanh'!BK20+'Ket qua kinh doanh'!BK13+'Luu chuyen tien te'!BK7 -> 498828987 | BL34: ='Ket qua kinh doanh'!BL20+'Ket qua kinh doanh'!BL13+'Luu chuyen tien te'!BL7 -> 631449374 | BM34: ='Ket qua kinh doanh'!BM20+'Ket qua kinh doanh'!BM13+'Luu chuyen tien te'!BM7 -> 188001133 | BN34: ='Ket qua kinh doanh'!BN20+'Ket qua kinh doanh'!BN13+'Luu chuyen tien te'!BN7 -> 916601667 | BO34: ='Ket qua kinh doanh'!BO20+'Ket qua kinh doanh'!BO13+'Luu chuyen tien te'!BO7 -> 691646862 | BP34: ='Ket qua kinh doanh'!BP20+'Ket qua kinh doanh'!BP13+'Luu chuyen tien te'!BP7 -> 1357066023 | BQ34: ='Ket qua kinh doanh'!BQ20+'Ket qua kinh doanh'!BQ13+'Luu chuyen tien te'!BQ7 -> 0 | BR34: ='Ket qua kinh doanh'!BR20+'Ket qua kinh doanh'!BR13+'Luu chuyen tien te'!BR7 -> 0 | ... BW34: ='Ket qua kinh doanh'!BW20+'Ket qua kinh doanh'!BW13+'Luu chuyen tien te'!BW7 -> 0
A35: 32 | B35: % EBITDA | C35: 8 | G35: -0.33862646 | H35: -0.23914078 | I35: -9.7369018 | M35: -0.82650123 | N35: -0.25027456 | O35: -22.852981 | P35: -2.2537416 | R35: -0.61223865 | S35: -0.81808601 | T35: -0.3163403 | U35: -0.20894827 | V35: -0.26363503 | W35: -0.043220562 | X35: -0.13625573 | Y35: -0.038596969 | Z35: -0.24784078 | AA35: -0.35398254 | AB35: -0.43639153 | AC35: -0.18582977 | AD35: -0.11019645 | AE35: 0.052097031 | AF35: -0.047595047 | AG35: 0.026299214 | AH35: -0.040574046 | AI35: 0.0070523993 | AJ35: -0.035882628 | AK35: 0.056869563 | AL35: -0.040804946 | AM35: 0.14791888 | AN35: 0.016847319 | AO35: 0.039712476 | AP35: 0.066289998 | AQ35: 0.033554468 | AR35: 0.037206809 | AS35: 0.021422889 | AT35: -0.014930145 | AU35: -0.018872533 | AV35: 0.0054149062 | AW35: 0.02035905 | AX35: -0.12039726 | AY35: 0.013182648 | AZ35: -0.043762261 | BA35: 0.056063085 | BB35: 0.064745772 | BC35: 0.079464595 | BD35: 0.039936879 | BE35: 0.090346358 | BF35: 0.10172282 | BG35: 0.13402705 | BH35: 0.03000595 | BI35: 0.077970697 | BJ35: 0.076235936 | BK35: =IFERROR(BK34/BK12,"") -> 0.066651593 | BL35: =IFERROR(BL34/BL12,"") -> 0.086263366 | BM35: =IFERROR(BM34/BM12,"") -> 0.040901027 | BN35: =IFERROR(BN34/BN12,"") -> 0.095307418 | BO35: =IFERROR(BO34/BO12,"") -> 0.098672849 | BP35: =IFERROR(BP34/BP12,"") -> 0.12309107 | BQ35: =IFERROR(BQ34/BQ12,"") | BR35: =IFERROR(BR34/BR12,"") | ... BW35: =IFERROR(BW34/BW12,"")
A36: 33 | B36: Thuế TNDN | C36: 8 | D36: 0 | E36: 0 | F36: 0 | G36: 0 | H36: 0 | I36: 0 | J36: 0 | K36: 0 | L36: 0 | M36: 0 | N36: 0 | O36: 0 | P36: 0 | Q36: 0 | R36: 0 | S36: 0 | T36: 0 | U36: 0 | V36: 0 | W36: 0 | X36: 0 | Y36: 0 | Z36: 0 | AA36: 0 | AB36: 0 | AC36: 0 | AD36: 0 | AE36: 0 | AF36: 0 | AG36: 0 | AH36: 0 | AI36: 0 | AJ36: 0 | AK36: 0 | AL36: 0 | AM36: 0 | AN36: 0 | AO36: 0 | AP36: 0 | AQ36: 0 | AR36: 0 | AS36: 0 | AT36: 0 | AU36: 0 | AV36: 0 | AW36: 0 | AX36: 0 | AY36: 0 | AZ36: 0 | BA36: 0 | BB36: 0 | BC36: 0 | BD36: 0 | BE36: 0 | BF36: 0 | BG36: 0 | BH36: 0 | BI36: 0 | BJ36: 0 | BK36: ='Ket qua kinh doanh'!BK21+'Ket qua kinh doanh'!BK22 -> 0 | BL36: ='Ket qua kinh doanh'!BL21+'Ket qua kinh doanh'!BL22 -> 0 | BM36: ='Ket qua kinh doanh'!BM21+'Ket qua kinh doanh'!BM22 -> 0 | BN36: ='Ket qua kinh doanh'!BN21+'Ket qua kinh doanh'!BN22 -> 0 | BO36: ='Ket qua kinh doanh'!BO21+'Ket qua kinh doanh'!BO22 -> 0 | BP36: ='Ket qua kinh doanh'!BP21+'Ket qua kinh doanh'!BP22 -> 0 | BQ36: ='Ket qua kinh doanh'!BQ21+'Ket qua kinh doanh'!BQ22 -> 0 | BR36: ='Ket qua kinh doanh'!BR21+'Ket qua kinh doanh'!BR22 -> 0 | ... BW36: ='Ket qua kinh doanh'!BW21+'Ket qua kinh doanh'!BW22 -> 0
A37: 34 | B37: % Thuế TNDN | C37: 8 | G37: 0 | H37: 0 | I37: 0 | M37: 0 | N37: 0 | O37: 0 | P37: 0 | R37: 0 | S37: 0 | T37: 0 | U37: 0 | V37: 0 | W37: 0 | X37: 0 | Y37: 0 | Z37: 0 | AA37: 0 | AB37: 0 | AC37: 0 | AD37: 0 | AE37: 0 | AF37: 0 | AG37: 0 | AH37: 0 | AI37: 0 | AJ37: 0 | AK37: 0 | AL37: 0 | AM37: 0 | AN37: 0 | AO37: 0 | AP37: 0 | AQ37: 0 | AR37: 0 | AS37: 0 | AT37: 0 | AU37: 0 | AV37: 0 | AW37: 0 | AX37: 0 | AY37: 0 | AZ37: 0 | BA37: 0 | BB37: 0 | BC37: 0 | BD37: 0 | BE37: 0 | BF37: 0 | BG37: 0 | BH37: 0 | BI37: 0 | BJ37: 0 | BK37: =IFERROR(BK36/BK12,"") -> 0 | BL37: =IFERROR(BL36/BL12,"") -> 0 | BM37: =IFERROR(BM36/BM12,"") -> 0 | BN37: =IFERROR(BN36/BN12,"") -> 0 | BO37: =IFERROR(BO36/BO12,"") -> 0 | BP37: =IFERROR(BP36/BP12,"") -> 0 | BQ37: =IFERROR(BQ36/BQ12,"") | BR37: =IFERROR(BR36/BR12,"") | ... BW37: =IFERROR(BW36/BW12,"")
A38: 35 | B38: Lợi nhuận sau thuế | C38: 8 | D38: -221834980 | E38: -163438870 | F38: -165187049 | G38: -165856504 | H38: -170192841 | I38: -146704776 | J38: -112893278 | K38: -92359990 | L38: -144885177 | M38: -111895773 | N38: -166776764 | O38: -539122261 | P38: -346588117 | Q38: -332548180 | R38: -301160879 | S38: -331854278 | T38: -328235889 | U38: -374330593 | V38: -378284669 | W38: -298205950 | X38: -422536009 | Y38: -354472293 | Z38: -861897292 | AA38: -1172866432 | AB38: -1051289386 | AC38: -533418086 | AD38: -734458875 | AE38: 34062634 | AF38: -464624366 | AG38: -185159806 | AH38: -470228520 | AI38: -309976667 | AJ38: -459963640 | AK38: -105670098 | AL38: -438262026 | AM38: 513403969 | AN38: -189720453 | AO38: -175133271 | AP38: 50321786 | AQ38: -141447382 | AR38: 2058676 | AS38: -195661702 | AT38: -394602818 | AU38: -400967893 | AV38: -307075455 | AW38: -236792330 | AX38: -887402180 | AY38: -276824257 | AZ38: -420514291 | BA38: -49880621 | BB38: 80525775 | BC38: 290833926 | BD38: -34811546 | BE38: 618754242 | BF38: 969513402 | BG38: 1504531335 | BH38: -44927274 | BI38: 203950321 | BJ38: 108418363 | BK38: ='Ket qua kinh doanh'!BK23 -> 143354288 | BL38: ='Ket qua kinh doanh'!BL23 -> 431875647 | BM38: ='Ket qua kinh doanh'!BM23 -> -16596905 | BN38: ='Ket qua kinh doanh'!BN23 -> 714089038 | BO38: ='Ket qua kinh doanh'!BO23 -> 488856467 | BP38: ='Ket qua kinh doanh'!BP23 -> 1156897369 | BQ38: ='Ket qua kinh doanh'!BQ23 -> 0 | BR38: ='Ket qua kinh doanh'!BR23 -> 0 | ... BW38: ='Ket qua kinh doanh'!BW23 -> 0
A39: 36 | B39: % Lợi nhuận sau thuế | C39: 8 | G39: -0.45017815 | H39: -0.3152733 | I39: -13.526164 | M39: -1.3062902 | N39: -0.33211732 | O39: -24.821467 | P39: -3.2558493 | R39: -1.1355652 | S39: -1.4098004 | T39: -0.59682345 | U39: -0.37269521 | V39: -0.46641781 | W39: -0.13614771 | X39: -0.2952945 | Y39: -0.10804157 | Z39: -0.33819668 | AA39: -0.4464104 | AB39: -0.5768634 | AC39: -0.35469227 | AD39: -0.16920912 | AE39: 0.0060475511 | AF39: -0.12517581 | AG39: -0.039886236 | AH39: -0.12772798 | AI39: -0.088561998 | AJ39: -0.14007138 | AK39: -0.025391743 | AL39: -0.18306823 | AM39: 0.088399463 | AN39: -0.022583849 | AO39: -0.044549856 | AP39: 0.0087232919 | AQ39: -0.024348469 | AR39: 0.00021702872 | AS39: -0.031655701 | AT39: -0.094490704 | AU39: -0.11058889 | AV39: -0.078311223 | AW39: -0.054693169 | AX39: -0.18995066 | AY39: -0.075849722 | AZ39: -0.1925405 | BA39: -0.010166896 | BB39: 0.012713951 | BC39: 0.037252643 | BD39: -0.0047169177 | BE39: 0.058612119 | BF39: 0.075301128 | BG39: 0.10931535 | BH39: -0.0045358558 | BI39: 0.029120333 | BJ39: 0.018112775 | BK39: =IFERROR(BK38/BK12,"") -> 0.019154444 | BL39: =IFERROR(BL38/BL12,"") -> 0.058999262 | BM39: =IFERROR(BM38/BM12,"") -> -0.0036107785 | BN39: =IFERROR(BN38/BN12,"") -> 0.074250337 | BO39: =IFERROR(BO38/BO12,"") -> 0.069742036 | BP39: =IFERROR(BP38/BP12,"") -> 0.10493501 | BQ39: =IFERROR(BQ38/BQ12,"") | BR39: =IFERROR(BR38/BR12,"") | ... BW39: =IFERROR(BW38/BW12,"")
A40: 37 | B40: Chi phí bán hàng | C40: 8 | D40: 0 | E40: 0 | F40: 0 | G40: 0 | H40: 0 | I40: 0 | J40: 0 | K40: 0 | L40: 0 | M40: 0 | N40: 0 | O40: 0 | P40: 4154275 | Q40: 111551042 | R40: 110233410 | S40: 127730395 | T40: 186833035 | U40: 196635214 | V40: 194194095 | W40: 278805851 | X40: 297860980 | Y40: 356552796 | Z40: 391895076 | AA40: 648279108 | AB40: 366527895 | AC40: 316438292 | AD40: 474659267 | AE40: 500360421 | AF40: 442222030 | AG40: 537898379 | AH40: 496904815 | AI40: 432396059 | AJ40: 375069710 | AK40: 355199519 | AL40: 319486926 | AM40: 441146680 | AN40: 80500000 | AO40: 92396800 | AP40: 121389600 | AQ40: 78000000 | AR40: 146000000 | AS40: 115500000 | AT40: 64000000 | AU40: 54000000 | AV40: 57900000 | AW40: 75900000 | AX40: 79200000 | AY40: 75900000 | AZ40: 46200000 | BA40: 111100000 | BB40: 142500000 | BC40: 161600000 | BD40: 157100000 | BE40: 207400000 | BF40: 261000000 | BG40: 278300000 | BH40: 246900000 | BI40: 175300000 | BJ40: 144200000 | BK40: ='Ket qua kinh doanh'!BK14 -> 193700000 | BL40: ='Ket qua kinh doanh'!BL14 -> 195900000 | BM40: ='Ket qua kinh doanh'!BM14 -> 121800000 | BN40: ='Ket qua kinh doanh'!BN14 -> 271300000 | BO40: ='Ket qua kinh doanh'!BO14 -> 195300000 | BP40: ='Ket qua kinh doanh'!BP14 -> 262800000 | BQ40: ='Ket qua kinh doanh'!BQ14 -> 0 | BR40: ='Ket qua kinh doanh'!BR14 -> 0 | ... BW40: ='Ket qua kinh doanh'!BW14 -> 0
A41: 38 | B41: Chi phí lương bán hàng | C41: 8
A42: 39 | B42: Phúc lợi nhân viên bán hàng (BHXH, thưởng,…) | C42: 8
A43: 40 | B43: Chi phí hoa hồng | C43: 8
A44: 41 | B44: Chi phí vận chuyển trong nước | C44: 8 | AZ44: 46200000 | BA44: 111100000 | BB44: 142500000 | BC44: 161600000 | BD44: 157100000 | BE44: 207400000 | BF44: 261000000 | BG44: 278300000 | BH44: 246900000 | BI44: 175300000 | BJ44: 144200000 | BK44: 193700000 | BL44: 195900000 | BM44: 121800000 | BN44: 271300000 | BO44: 195300000 | BP44: 262800000
A45: 42 | B45: Chi phí vận chuyển xuất khẩu | C45: 8
A46: 43 | B46: Chi phí khấu hao bán hàng (6414) | C46: 8
A47: 44 | B47: Chi phí hoạt động bán hàng (phần còn lại) | C47: 8
A48: 45 | B48: % Chi phí bán hàng | C48: 8 | G48: 0 | H48: 0 | I48: 0 | M48: 0 | N48: 0 | O48: 0 | P48: 0.039025265 | R48: 0.41564903 | S48: 0.54263084 | T48: 0.33971403 | U48: 0.19577615 | V48: 0.23943763 | W48: 0.12729048 | X48: 0.20816382 | Y48: 0.1086757 | Z48: 0.15377425 | AA48: 0.24674467 | AB48: 0.20112115 | AC48: 0.21041322 | AD48: 0.1093549 | AE48: 0.088835034 | AF48: 0.11914033 | AG48: 0.11587148 | AH48: 0.13497405 | AI48: 0.12353787 | AJ48: 0.11421888 | AK48: 0.085351816 | AL48: 0.13345419 | AM48: 0.075957982 | AN48: 0.0095825189 | AO48: 0.02350361 | AP48: 0.021042912 | AQ48: 0.013426764 | AR48: 0.015391539 | AS48: 0.018686505 | AT48: 0.015325296 | AU48: 0.014893462 | AV48: 0.014765816 | AW48: 0.017531022 | AX48: 0.016952959 | AY48: 0.020796566 | AZ48: 0.021153553 | BA48: 0.02264491 | BB48: 0.022498859 | BC48: 0.020699192 | BD48: 0.021286839 | BE48: 0.019646174 | BF48: 0.020271607 | BG48: 0.020220558 | BH48: 0.024927014 | BI48: 0.025029597 | BJ48: 0.024090589 | BK48: =IFERROR(BK40/BK12,"") -> 0.025881442 | BL48: =IFERROR(BL40/BL12,"") -> 0.02676223 | BM48: =IFERROR(BM40/BM12,"") -> 0.026498484 | BN48: =IFERROR(BN40/BN12,"") -> 0.02820953 | BO48: =IFERROR(BO40/BO12,"") -> 0.027862206 | BP48: =IFERROR(BP40/BP12,"") -> 0.023836963 | BQ48: =IFERROR(BQ40/BQ12,"") | BR48: =IFERROR(BR40/BR12,"") | ... BW48: =IFERROR(BW40/BW12,"")
A49: 46 | B49: Chi phí quản lý | C49: 8 | D49: 221942434 | E49: 160995395 | F49: 164451697 | G49: 178420921 | H49: 170443955 | I49: 146772545 | J49: 112926597 | K49: 92395770 | L49: 144942481 | M49: 112946309 | N49: 203715505 | O49: 162583369 | P49: 280578279 | Q49: 215624058 | R49: 219366011 | S49: 231890562 | T49: 256308230 | U49: 263761631 | V49: 256193542 | W49: 352498211 | X49: 279335970 | Y49: 316719998 | Z49: 313644325 | AA49: 314893729 | AB49: 171041154 | AC49: 106732861 | AD49: 216653690 | AE49: 175450114 | AF49: 150767254 | AG49: 113915370 | AH49: 131931037 | AI49: 141040749 | AJ49: 159030184 | AK49: 164620496 | AL49: 144231512 | AM49: 279322748 | AN49: 159221608 | AO49: 104655178 | AP49: 115295655 | AQ49: 106050997 | AR49: 66870820 | AS49: 76195851 | AT49: 68152514 | AU49: 139408411 | AV49: 83156007 | AW49: 88772319 | AX49: 552891636 | AY49: 97079504 | AZ49: 147069830 | BA49: 115999204 | BB49: 120706843 | BC49: 155764782 | BD49: 142223547 | BE49: 131398532 | BF49: 129629381 | BG49: 133594277 | BH49: 218907692 | BI49: 204745721 | BJ49: 227424354 | BK49: ='Ket qua kinh doanh'!BK15 -> 505125793 | BL49: ='Ket qua kinh doanh'!BL15 -> 282752757 | BM49: ='Ket qua kinh doanh'!BM15 -> 375736155 | BN49: ='Ket qua kinh doanh'!BN15 -> 268709308 | BO49: ='Ket qua kinh doanh'!BO15 -> 271909211 | BP49: ='Ket qua kinh doanh'!BP15 -> 245121655 | BQ49: ='Ket qua kinh doanh'!BQ15 -> 0 | BR49: ='Ket qua kinh doanh'!BR15 -> 0 | ... BW49: ='Ket qua kinh doanh'!BW15 -> 0
A50: 47 | B50: Chi phí nhân viên quản lý | C50: 8 | AM50: 477220589 | AY50: 398094539 | AZ50: 43361768 | BA50: 46497535 | BB50: 57437552 | BC50: 62680284 | BD50: 58743640 | BE50: 63136088 | BF50: 56472912 | BG50: 64106193 | BH50: 124392019 | BI50: 118734835 | BJ50: 123035797 | BK50: 123468812 | BL50: 131933731 | BM50: 135391073 | BN50: 120791923 | BO50: 134710639 | BP50: 112464115
A51: 48 | B51: Phúc lợi nhân viên quản lý (BHXH, thưởng,…) | C51: 8 | AM51: 50982500 | AY51: 109839875 | AZ51: 14540046 | BA51: 16025969 | BB51: 17504243 | BC51: 20987497 | BD51: 20556196 | BE51: 20556197 | BF51: 20550802 | BG51: 20570118 | BH51: 41182392 | BI51: 41237858 | BJ51: 41237858 | BK51: 228657014 | BL51: 55968862 | BM51: 48407272 | BN51: 49217499 | BO51: 44186190 | BP51: 42931190
A52: 49 | B52: Chi phí khấu hao quản lý (6424) | C52: 8 | AZ52: 16076498 | BA52: 16076498 | BB52: 16076498 | BC52: 16076498 | BD52: 16076498 | BE52: 16076498 | BF52: 16076498 | BG52: 14902694 | BH52: 14880846 | BI52: 14880846 | BJ52: 14880846 | BK52: 14880846 | BL52: 14686202 | BM52: 17363289 | BN52: 17363287 | BO52: 17363286 | BP52: 14741544
A53: 50 | B53: Chi phí hoạt động quản lý (phần còn lại) | C53: 8 | AZ53: 73091518 | BA53: 37399202 | BB53: 29688550 | BC53: 56020503 | BD53: 46847213 | BE53: 31629749 | BF53: 36529169 | BG53: 34015272 | BH53: 38452435 | BI53: 29892182 | BJ53: 48269853 | BK53: 138119121 | BL53: 80163962 | BM53: 174574521 | BN53: 81336599 | BO53: 75649096 | BP53: 74984806
A54: 51 | B54: % Chi phí quản lý | C54: 8 | G54: 0.48428129 | H54: 0.31573847 | I54: 13.532412 | M54: 1.3185543 | N54: 0.4056767 | O54: 7.4854221 | P54: 2.6357528 | R54: 0.82714732 | S54: 0.98512942 | T54: 0.46603911 | U54: 0.2626093 | V54: 0.31588177 | W54: 0.16093516 | X54: 0.19521738 | Y54: 0.09653484 | Z54: 0.12306973 | AA54: 0.11985323 | AB54: 0.093853683 | AC54: 0.070971197 | AD54: 0.049914001 | AE54: 0.03114978 | AF54: 0.040618646 | AG54: 0.024539102 | AH54: 0.035836373 | AI54: 0.040296099 | AJ54: 0.048428997 | AK54: 0.039557087 | AL54: 0.060247537 | AM54: 0.048094644 | AN54: 0.018953343 | AO54: 0.026621858 | AP54: 0.019986525 | AQ54: 0.018255406 | AR54: 0.0070496223 | AS54: 0.012327569 | AT54: 0.016319648 | AU54: 0.038449516 | AV54: 0.021206672 | AW54: 0.020504209 | AX54: 0.11834784 | AY54: 0.026599741 | AZ54: 0.067338732 | BA54: 0.023643489 | BB54: 0.019058008 | BC54: 0.019951764 | BD54: 0.019271099 | BE54: 0.012446858 | BF54: 0.010068183 | BG54: 0.0097066144 | BH54: 0.022100912 | BI54: 0.029233901 | BJ54: 0.037994359 | BK54: =IFERROR(BK49/BK12,"") -> 0.067492948 | BL54: =IFERROR(BL49/BL12,"") -> 0.038627332 | BM54: =IFERROR(BM49/BM12,"") -> 0.081744159 | BN54: =IFERROR(BN49/BN12,"") -> 0.027940153 | BO54: =IFERROR(BO49/BO12,"") -> 0.038791554 | BP54: =IFERROR(BP49/BP12,"") -> 0.022233469 | BQ54: =IFERROR(BQ49/BQ12,"") | BR54: =IFERROR(BR49/BR12,"") | ... BW54: =IFERROR(BW49/BW12,"")
A55: 52 | B55: Chi phí tài chính | C55: 8 | D55: 0 | E55: 0 | F55: 0 | G55: 0 | H55: 0 | I55: 0 | J55: 0 | K55: 0 | L55: 0 | M55: 0 | N55: 0 | O55: 0 | P55: 0 | Q55: 0 | R55: 0 | S55: 0 | T55: 0 | U55: 0 | V55: 0 | W55: 0 | X55: 0 | Y55: 0 | Z55: 0 | AA55: 0 | AB55: 0 | AC55: 0 | AD55: 0 | AE55: 0 | AF55: 0 | AG55: 0 | AH55: 0 | AI55: 0 | AJ55: 0 | AK55: 0 | AL55: 0 | AM55: 0 | AN55: 0 | AO55: 0 | AP55: 0 | AQ55: 0 | AR55: 0 | AS55: 0 | AT55: 0 | AU55: 0 | AV55: 0 | AW55: 0 | AX55: 0 | AY55: 0 | AZ55: 0 | BA55: 0 | BB55: 0 | BC55: 0 | BD55: 0 | BE55: 0 | BF55: 3187200 | BG55: 0 | BH55: 0 | BI55: 0 | BJ55: 0 | BK55: ='Ket qua kinh doanh'!BK12 -> 0 | BL55: ='Ket qua kinh doanh'!BL12 -> 0 | BM55: ='Ket qua kinh doanh'!BM12 -> 0 | BN55: ='Ket qua kinh doanh'!BN12 -> 0 | BO55: ='Ket qua kinh doanh'!BO12 -> 0 | BP55: ='Ket qua kinh doanh'!BP12 -> 0 | BQ55: ='Ket qua kinh doanh'!BQ12 -> 0 | BR55: ='Ket qua kinh doanh'!BR12 -> 0 | ... BW55: ='Ket qua kinh doanh'!BW12 -> 0
A56: 53 | B56: Chi phí lãi vay | C56: 8 | D56: 0 | E56: 0 | F56: 0 | G56: 0 | H56: 0 | I56: 0 | J56: 0 | K56: 0 | L56: 0 | M56: 0 | N56: 0 | O56: 0 | P56: 0 | Q56: 0 | R56: 0 | S56: 0 | T56: 0 | U56: 0 | V56: 0 | W56: 0 | X56: 0 | Y56: 0 | Z56: 0 | AA56: 0 | AB56: 0 | AC56: 0 | AD56: 0 | AE56: 0 | AF56: 0 | AG56: 0 | AH56: 0 | AI56: 0 | AJ56: 0 | AK56: 0 | AL56: 0 | AM56: 0 | AN56: 0 | AO56: 0 | AP56: 0 | AQ56: 0 | AR56: 0 | AS56: 0 | AT56: 0 | AU56: 0 | AV56: 0 | AW56: 0 | AX56: 0 | AY56: 0 | AZ56: 0 | BA56: 0 | BB56: 0 | BC56: 0 | BD56: 0 | BE56: 0 | BF56: 3187200 | BG56: 0 | BH56: 0 | BI56: 0 | BJ56: 0 | BK56: ='Ket qua kinh doanh'!BK13 -> 0 | BL56: ='Ket qua kinh doanh'!BL13 -> 0 | BM56: ='Ket qua kinh doanh'!BM13 -> 0 | BN56: ='Ket qua kinh doanh'!BN13 -> 0 | BO56: ='Ket qua kinh doanh'!BO13 -> 0 | BP56: ='Ket qua kinh doanh'!BP13 -> 0 | BQ56: ='Ket qua kinh doanh'!BQ13 -> 0 | BR56: ='Ket qua kinh doanh'!BR13 -> 0 | ... BW56: ='Ket qua kinh doanh'!BW13 -> 0
A57: 54 | B57: % Chi phí lãi vay | C57: 8 | G57: 0 | H57: 0 | I57: 0 | M57: 0 | N57: 0 | O57: 0 | P57: 0 | R57: 0 | S57: 0 | T57: 0 | U57: 0 | V57: 0 | W57: 0 | X57: 0 | Y57: 0 | Z57: 0 | AA57: 0 | AB57: 0 | AC57: 0 | AD57: 0 | AE57: 0 | AF57: 0 | AG57: 0 | AH57: 0 | AI57: 0 | AJ57: 0 | AK57: 0 | AL57: 0 | AM57: 0 | AN57: 0 | AO57: 0 | AP57: 0 | AQ57: 0 | AR57: 0 | AS57: 0 | AT57: 0 | AU57: 0 | AV57: 0 | AW57: 0 | AX57: 0 | AY57: 0 | AZ57: 0 | BA57: 0 | BB57: 0 | BC57: 0 | BD57: 0 | BE57: 0 | BF57: 0.00024754661 | BG57: 0 | BH57: 0 | BI57: 0 | BJ57: 0 | BK57: =IFERROR(BK56/BK12,"") -> 0 | BL57: =IFERROR(BL56/BL12,"") -> 0 | BM57: =IFERROR(BM56/BM12,"") -> 0 | BN57: =IFERROR(BN56/BN12,"") -> 0 | BO57: =IFERROR(BO56/BO12,"") -> 0 | BP57: =IFERROR(BP56/BP12,"") -> 0 | BQ57: =IFERROR(BQ56/BQ12,"") | BR57: =IFERROR(BR56/BR12,"") | ... BW57: =IFERROR(BW56/BW12,"")

Sheet No vay
B1: CÔNG TY TNHH MTV ĐỒNG LÂM
B2: VND
A3: Index Loan | B3: PHẦN V: CHI TIẾT NỢ VAY NGÂN HÀNG | C3: TenCongTyID | D3: T1.2021 | E3: T02.2021 | F3: T03.2021 | G3: T04.2021 | H3: T05.2021 | I3: T06.2021 | J3: T07.2021 | K3: T08.2021 | L3: T09.2021 | M3: T10.2021 | N3: T11.2021 | O3: T12.2021 | P3: T1.2022 | Q3: T02.2022 | R3: T03.2022 | S3: T04.2022 | T3: T05.2022 | U3: T06.2022 | V3: T07.2022 | W3: T08.2022 | X3: T09.2022 | Y3: T10.2022 | Z3: T11.2022 | AA3: T12.2022 | AB3: T1.2023 | AC3: T02.2023 | AD3: T03.2023 | AE3: T04.2023 | AF3: T05.2023 | AG3: T06.2023 | AH3: T07.2023 | AI3: T08.2023 | AJ3: T09.2023 | AK3: T10.2023 | AL3: T11.2023 | AM3: T12.2023 | AN3: T01.2024 | AO3: T02.2024 | AP3: T03.2024 | AQ3: T04.2024 | AR3: T05.2024 | AS3: T06.2024 | AT3: T07.2024 | AU3: T08.2024 | AV3: T09.2024 | AW3: T10.2024 | AX3: T11.2024 | AY3: T12.2024 | AZ3: T01.2025 | BA3: T02.2025 | BB3: T03.2025 | BC3: T04.2025 | BD3: T05.2025 | BE3: T06.2025 | BF3: T07.2025 | BG3: T08.2025 | BH3: T09.2025 | BI3: T10.2025 | BJ3: T11.2025 | BK3: T12.2025 | BL3: T01.2026 | BM3: T02.2026 | BN3: T03.2026 | BO3: T04.2026 | BP3: T05.2026 | BQ3: T06.2026 | BR3: T07.2026 | BS3: T08.2026 | BT3: T09.2026 | BU3: T10.2026 | BV3: T11.2026 | BW3: T12.2026
A4: 1 | B4: Hạn mức vay ngắn hạn | C4: 8
A5: 2 | B5: ACB | C5: 8
A6: 3 | B6: VietinBank | C6: 8
A7: 4 | B7: Vietcombank | C7: 8
A8: 5 | B8: BIDV | C8: 8
A9: 6 | B9: Standard Chartered | C9: 8
A10: 7 | B10: VILC | C10: 8
A11: 8 | B11: IVB | C11: 8
A12: 9 | C12: 8
A13: 10 | B13: Vay ngắn hạn ngân hàng | C13: 8
A14: 11 | B14: ACB | C14: 8
A15: 12 | B15: VietinBank | C15: 8
A16: 13 | B16: Vietcombank | C16: 8
A17: 14 | B17: BIDV | C17: 8
A18: 15 | B18: Standard Chartered | C18: 8
A19: 16 | B19: VILC | C19: 8
A20: 17 | B20: IVB | C20: 8
A21: 18 | C21: 8
A22: 19 | B22: Lãi suất vay ngắn hạn (%) | C22: 8
A23: 20 | B23: =B14 -> ACB | C23: 8
A24: 21 | B24: =B15 -> VietinBank | C24: 8
A25: 22 | B25: =B16 -> Vietcombank | C25: 8
A26: 23 | B26: =B17 -> BIDV | C26: 8
A27: 24 | B27: =B18 -> Standard Chartered | C27: 8
A28: 25 | B28: =B19 -> VILC | C28: 8
A29: 26 | B29: =B20 -> IVB | C29: 8
A30: 27 | C30: 8
A31: 28 | B31: Vay trung hạn Ngân hàng | C31: 8
A32: 29 | B32: =B14 -> ACB | C32: 8
A33: 30 | B33: =B15 -> VietinBank | C33: 8
A34: 31 | B34: =B16 -> Vietcombank | C34: 8
A35: 32 | B35: BIDV | C35: 8
A36: 33 | B36: =B18 -> Standard Chartered | C36: 8
A37: 34 | B37: VILC | C37: 8
A38: 35 | B38: IVB | C38: 8
A39: 36 | C39: 8
A40: 37 | B40: Lãi suất vay trung hạn (%) | C40: 8
A41: 38 | B41: =B32 -> ACB | C41: 8
A42: 39 | B42: =B33 -> VietinBank | C42: 8
A43: 40 | B43: =B34 -> Vietcombank | C43: 8
A44: 41 | B44: =B35 -> BIDV | C44: 8
A45: 42 | B45: =B36 -> Standard Chartered | C45: 8
A46: 43 | B46: =B37 -> VILC | C46: 8
A47: 44 | B47: =B38 -> IVB | C47: 8
A48: 45 | C48: 8
A49: 46 | B49: TỔNG SỐ DƯ NỢ VAY NGÂN HÀNG | C49: 8
A50: 47 | B50: =B32 -> ACB | C50: 8
A51: 48 | B51: =B33 -> VietinBank | C51: 8
A52: 49 | B52: =B34 -> Vietcombank | C52: 8
A53: 50 | B53: =B35 -> BIDV | C53: 8
A54: 51 | B54: =B36 -> Standard Chartered | C54: 8
A55: 52 | B55: =B37 -> VILC | C55: 8
A56: 53 | B56: IVB | C56: 8
A57: 54 | C57: 8
A58: 55 | B58: SỐ DƯ TIỀN TẠI CÁC NGÂN HÀNG | C58: 8 | AZ58: =SUM(AZ59:AZ65) -> 1803244812 | BA58: =SUM(BA59:BA65) -> 844858603 | BB58: =SUM(BB59:BB65) -> 1264760236 | BC58: =SUM(BC59:BC65) -> 2070087049 | BD58: =SUM(BD59:BD65) -> 1205178148 | BE58: =SUM(BE59:BE65) -> 2402723675 | BF58: =SUM(BF59:BF65) -> 1533229725 | BG58: =SUM(BG59:BG65) -> 4510478703 | ... BL58: =SUM(BL59:BL65) -> 3295562581 | BM58: 1574155304 | BN58: 3967583408 | BO58: 5058954328 | BP58: 4545650295
A59: 56 | B59: =B50 -> ACB | C59: 8 | AZ59: 1803244812 | BA59: 844858603 | BB59: 1264760236 | BC59: 2070087049 | BD59: 1205178148 | BE59: 2402723675 | BF59: 1533229725 | BG59: 4510478703 | BH59: 8812481959 | BI59: 5384123686 | BJ59: 4724531170 | BK59: 3665776516 | BL59: 3295562581 | BM59: 1574155304 | BN59: 3967583408 | BO59: 5058954328 | BP59: 4545650295
A60: 57 | B60: =B51 -> VietinBank | C60: 8
A61: 58 | B61: =B52 -> Vietcombank | C61: 8
A62: 59 | B62: =B53 -> BIDV | C62: 8
A63: 60 | B63: =B54 -> Standard Chartered | C63: 8
A64: 61 | B64: =B55 -> VILC | C64: 8
A65: 62 | B65: IVB | C65: 8
A66: 63 | C66: 8
A67: 64 | B67: SỐ DƯ TIỀN GỬI TIẾT KIỆM TẠI CÁC NGÂN HÀNG | C67: 8 | AZ67: =SUM(AZ68:AZ74) -> 7000000000 | BA67: =SUM(BA68:BA74) -> 7000000000 | BB67: =SUM(BB68:BB74) -> 7000000000 | BC67: =SUM(BC68:BC74) -> 7000000000 | BD67: =SUM(BD68:BD74) -> 7000000000 | BE67: =SUM(BE68:BE74) -> 7000000000 | BF67: =SUM(BF68:BF74) -> 6000000000 | BG67: =SUM(BG68:BG74) -> 6000000000 | ... BM67: =SUM(BM68:BM74) -> 9000000000 | BN67: 7000000000 | BO67: 7000000000 | BP67: 7000000000
A68: 65 | B68: =B50 -> ACB | C68: 8 | AZ68: 7000000000 | BA68: 7000000000 | BB68: 7000000000 | BC68: 7000000000 | BD68: 7000000000 | BE68: 7000000000 | BF68: 6000000000 | BG68: 6000000000 | BH68: 6000000000 | BI68: 9000000000 | BJ68: 9000000000 | BK68: 9000000000 | BL68: 9000000000 | BM68: 9000000000 | BN68: 7000000000 | BO68: 7000000000 | BP68: 7000000000
A69: 66 | B69: =B51 -> VietinBank | C69: 8
A70: 67 | B70: =B52 -> Vietcombank | C70: 8
A71: 68 | B71: =B53 -> BIDV | C71: 8
A72: 69 | B72: =B54 -> Standard Chartered | C72: 8
A73: 70 | B73: =B55 -> VILC | C73: 8
A74: 71 | B74: IVB | C74: 8

Sheet Giao dich voi BLQ
A1: ='Thong tin'!$A$1 -> CÔNG TY TNHH MTV ĐỒNG LÂM
B2: TỔNG HỢP THÔNG TIN GIAO DỊCH VỚI CÁC BÊN LIÊN QUAN NĂM 2026
A4: A | B4: GIÁ TRỊ GIAO DỊCH VỚI CÁC BÊN LIÊN QUAN
F5: Số tiền chưa VAT | S5: Số tiền chưa VAT
B6: Công ty thành viên | C6: Mã số thuế | D6: Diễn giải | E6: TK hạch toán | F6: Tháng 1 | G6: Tháng 2 | H6: Tháng 3 | I6: Tháng 4 | J6: Tháng 5 | K6: Tháng 6 | L6: Tháng 7 | M6: Tháng 8 | N6: Tháng 9 | O6: Tháng 10 | P6: Tháng 11 | Q6: Tháng 12 | R6: Lũy kế năm 2025 | S6: Tháng 1 | T6: Tháng 2 | U6: Tháng 3 | V6: Tháng 4 | W6: Tháng 5 | X6: Tháng 6 | Y6: Tháng 7 | Z6: Tháng 8 | AA6: Tháng 9 | AB6: Tháng 10 | AC6: Tháng 11 | AD6: Tháng 12 | AE6: Lũy kế năm 2026
A7: I. | B7: DOANH THU BÁN HÀNG VÀ DỊCH VỤ, TÀI SẢN….
A8: 1 | B8: Công ty TNHH Nhựa Duy Tân | C8: 0301417196 | D8: Bán hàng nhựa | E8: 511 | AE8: =SUM(S8:AD8) -> 0
D9: Bán vật tư | E9: 511 | AE9: =SUM(S9:AD9) -> 0
D10: Bán TSCĐ | E10: 711 | AE10: =SUM(S10:AD10) -> 0
D11: Lãi vay | E11: 515 | AE11: =SUM(S11:AD11) -> 0
D12: Thu tiền lãi vay | E12: 112 | AE12: =SUM(S12:AD12) -> 0
D13: DV TS24 | E13: 511 | AE13: =SUM(S13:AD13) -> 0
D14: Bán khác | E14: 7118 | AE14: =SUM(S14:AD14) -> 0
A15: 2 | B15: Công ty CP Nhựa Tái Chế Duy Tân | C15: 1100676611 | D15: Bán hàng nhựa | E15: 511 | F15: 1855026270 | G15: 4906179695 | H15: 6333654608 | I15: 7807068174 | J15: 7380147015 | K15: 10556762949 | L15: 12875151030 | M15: 13763220740 | N15: 9904916640 | O15: 7003708500 | P15: 5985740000 | Q15: 7484127000 | R15: =SUM(E15:Q15) -> 95855703132 | S15: 7318017770 | T15: 4594489350 | U15: 9615317135 | V15: 6932513020 | W15: 11022894520 | AE15: =SUM(S15:AD15) -> 39483231795
D16: Bán nguyên vật liệu | E16: 511 | AE16: =SUM(S16:AD16) -> 0
D17: Bán vật tư | E17: 511 | AE17: =SUM(S17:AD17) -> 0
D18: Cho thuê máy móc | E18: 511 | AE18: =SUM(S18:AD18) -> 0
D19: Bán Laptop | E19: 511 | AE19: =SUM(S19:AD19) -> 0
D20: Bán TSCĐ | E20: 711 | AE20: =SUM(S20:AD20) -> 0
D21: CP công tác | E21: 511 | AE21: =SUM(S21:AD21) -> 0
D22: Bán khác | E22: 7118 | AE22: =SUM(S22:AD22) -> 0
A23: 3 | B23: Công ty TNHH Thu mua phế liệu Đại Lộc | C23: 3603813473 | D23: Bán hàng nhựa | E23: 511 | F23: 329004000 | R23: =SUM(E23:Q23) -> 329004511 | AE23: =SUM(S23:AD23) -> 0
D24: Bán nguyên vật liệu | E24: 511 | AE24: =SUM(S24:AD24) -> 0
D25: Bán vật tư | E25: 511 | AE25: =SUM(S25:AD25) -> 0
D26: Cho thuê nhà xưởng | E26: 511 | AE26: =SUM(S26:AD26) -> 0
D27: Bán Laptop | E27: 511 | AE27: =SUM(S27:AD27) -> 0
D28: Bán khác | E28: 711 | AE28: =SUM(S28:AD28) -> 0
A29: 4 | B29: Công ty TNHH MTV Đồng Lâm | C29: 1501075079 | D29: Bán hàng nhựa | E29: 511 | AE29: =SUM(S29:AD29) -> 0
D30: Bán nguyên vật liệu | E30: 511 | AE30: =SUM(S30:AD30) -> 0
D31: Bán vật tư | E31: 511 | AE31: =SUM(S31:AD31) -> 0
D32: Cho thuê máy móc | E32: 511 | AE32: =SUM(S32:AD32) -> 0
D33: CP công tác | E33: 511 | AE33: =SUM(S33:AD33) -> 0
D34: Bán TSCĐ | E34: 711 | AE34: =SUM(S34:AD34) -> 0
D35: Bán khác | E35: 7118 | AE35: =SUM(S35:AD35) -> 0
A36: 5 | B36: Công ty TNHH Thu mua phế liệu Khánh Nga | C36: 1201638316 | D36: Bán hàng nhựa | E36: 511 | AE36: =SUM(S36:AD36) -> 0
D37: Bán nguyên vật liệu | E37: 511 | AE37: =SUM(S37:AD37) -> 0
D38: Bán TSCĐ | E38: 711 | AE38: =SUM(S38:AD38) -> 0
D39: Bán vật tư | E39: 511 | AE39: =SUM(S39:AD39) -> 0
D40: CP công tác | E40: 511 | AE40: =SUM(S40:AD40) -> 0
D41: Cho thuê máy móc | E41: 511 | AE41: =SUM(S41:AD41) -> 0
D42: Chi Phí Hỗ Trợ Kỹ Thuật | E42: 711 | AE42: =SUM(S42:AD42) -> 0
D43: Bán khác | E43: 7118 | AE43: =SUM(S43:AD43) -> 0
A44: 6 | B44: Công ty Cổ phần Tái chế Tân Đại Phát | C44: 1102066435 | D44: Bán hàng nhựa | E44: 511 | AE44: =SUM(S44:AD44) -> 0
D45: Bán nguyên vật liệu | E45: 511 | AE45: =SUM(S45:AD45) -> 0
D46: Bán vật tư | E46: 511 | AE46: =SUM(S46:AD46) -> 0
D47: Cho thuê xe | E47: 511 | AE47: =SUM(S47:AD47) -> 0
D48: Cho thuê máy móc | E48: 511 | AE48: =SUM(S48:AD48) -> 0
D49: Bán CCDC | E49: 511 | AE49: =SUM(S49:AD49) -> 0
D50: Bán TSCĐ | E50: 711 | AE50: =SUM(S50:AD50) -> 0
D51: Bán khác | E51: 7118 | AE51: =SUM(S51:AD51) -> 0
A52: 7 | B52: Công ty Cổ phần Nhựa Tái chế Duy Tân Vĩnh Long | C52: 1501162229 | D52: Bán hàng nhựa | E52: 511 | AE52: =SUM(S52:AD52) -> 0
D53: Bán nguyên vật liệu | E53: 511 | AE53: =SUM(S53:AD53) -> 0
D54: Bán vật tư | E54: 511 | AE54: =SUM(S54:AD54) -> 0
D55: Cho thuê xe | E55: 511 | AE55: =SUM(S55:AD55) -> 0
D56: Cho thuê máy móc | E56: 511 | AE56: =SUM(S56:AD56) -> 0
D57: Bán CCDC | E57: 511 | AE57: =SUM(S57:AD57) -> 0
D58: Bán TSCĐ | E58: 711 | AE58: =SUM(S58:AD58) -> 0
D59: Bán khác | E59: 7118 | AE59: =SUM(S59:AD59) -> 0
A60: 8 | B60: Công ty TNHH Khuôn Chính xác Minh Đạt | C60: 1100673882 | D60: Bán hàng nhựa | E60: 511 | AE60: =SUM(S60:AD60) -> 0
D61: Bán khuôn | E61: 511 | AE61: =SUM(S61:AD61) -> 0
D62: Bán nguyên vật liệu | E62: 511 | AE62: =SUM(S62:AD62) -> 0
D63: Bán vật tư | E63: 511 | AE63: =SUM(S63:AD63) -> 0
D64: Bán CCDC | E64: 511 | AE64: =SUM(S64:AD64) -> 0
D65: Bán TSCĐ | E65: 711 | AE65: =SUM(S65:AD65) -> 0
D66: Cho thuê nhà xưởng | E66: 511 | AE66: =SUM(S66:AD66) -> 0
D67: Bán khác | E67: 711 | AE67: =SUM(S67:AD67) -> 0
A68: 9 | B68: Công ty TNHH MTV Sản Xuất Và XNK Cơ Khí Duy Phong | C68: 0308309915 | D68: Bán hàng nhựa | E68: 511 | AE68: =SUM(S68:AD68) -> 0
D69: Bán nguyên vật liệu | E69: 511 | AE69: =SUM(S69:AD69) -> 0
D70: Bán vật tư | E70: 511 | AE70: =SUM(S70:AD70) -> 0
D71: Bán CCDC | E71: 511 | AE71: =SUM(S71:AD71) -> 0
D72: Bán khác | E72: 711 | AE72: =SUM(S72:AD72) -> 0
A73: 10 | B73: Công ty TNHH Khuôn Chính Xác Natec | C73: 0313783944 | D73: Bán hàng nhựa | E73: 511 | AE73: =SUM(S73:AD73) -> 0
D74: Bán nguyên vật liệu | E74: 511 | AE74: =SUM(S74:AD74) -> 0
D75: Bán vật tư | E75: 511 | AE75: =SUM(S75:AD75) -> 0
D76: Bán CCDC | E76: 511 | AE76: =SUM(S76:AD76) -> 0
D77: Bán khác | E77: 711 | AE77: =SUM(S77:AD77) -> 0
A78: 11 | B78: Công ty TNHH Plenma | C78: 0316224817 | D78: Bán vật tư | E78: 511 | AE78: =SUM(S78:AD78) -> 0
D79: Bán hàng nhựa | E79: 511 | AE79: =SUM(S79:AD79) -> 0
D80: Bán nguyên vật liệu | E80: 511 | AE80: =SUM(S80:AD80) -> 0
D81: Bán TSCĐ | E81: 711 | AE81: =SUM(S81:AD81) -> 0
D82: Lãi vay | E82: 515 | AE82: =SUM(S82:AD82) -> 0
D83: Bán khác | E83: 7118 | AE83: =SUM(S83:AD83) -> 0
A84: 12 | B84: Plascene Inc | C84: 45-3042526 | D84: Bán hàng nhựa | E84: 511521 | AE84: =SUM(S84:AD84) -> 0
D85: Bán nguyên vật liệu | E85: 511 | AE85: =SUM(S85:AD85) -> 0
D86: Bán vật tư | E86: 511 | AE86: =SUM(S86:AD86) -> 0
D87: Bán CCDC | E87: 511 | AE87: =SUM(S87:AD87) -> 0
D88: Bán TSCĐ | E88: 711 | AE88: =SUM(S88:AD88) -> 0
D89: Lãi vay | E89: 515 | AE89: =SUM(S89:AD89) -> 0
D90: Bán khác | E90: 7118 | AE90: =SUM(S90:AD90) -> 0
A91: 13 | B91: Công ty Cổ phần Cát Vân | C91: 0304259773 | D91: Bán vật tư | E91: 511 | AE91: =SUM(S91:AD91) -> 0
D92: Bán hàng nhựa | E92: 511 | AE92: =SUM(S92:AD92) -> 0
D93: Bán nguyên vật liệu | E93: 511 | AE93: =SUM(S93:AD93) -> 0
D94: Bán TSCĐ | E94: 711 | AE94: =SUM(S94:AD94) -> 0
D95: Lãi vay | E95: 515 | AE95: =SUM(S95:AD95) -> 0
D96: Bán khác | E96: 7118 | AE96: =SUM(S96:AD96) -> 0
A97: 14 | B97: Công ty Cổ phần Tân Bình Group | C97: 1501147679 | D97: Bán hàng nhựa | E97: 511 | AE97: =SUM(S97:AD97) -> 0
D98: Bán nguyên vật liệu | E98: 511 | AE98: =SUM(S98:AD98) -> 0
D99: Bán vật tư | E99: 511 | AE99: =SUM(S99:AD99) -> 0
D100: Bán khác | E100: 7118 | AE100: =SUM(S100:AD100) -> 0
A101: 15 | B101: Công ty TNHH SX & TM Thạnh Phát | C101: 1100140919 | D101: Bán hàng nhựa | E101: 511 | AE101: =SUM(S101:AD101) -> 0
...

Sheet Phu luc SX
