Workbook

Sheet Thong tin
A1: CÔNG TY CỔ PHẦN TÁI CHẾ TÂN ĐẠI PHÁT
A2: Địa chỉ: Số C11-C15 Cụm Công Nghiệp Nhựa Đức Hòa, Ấp Bình Tiền 2, Xã Đức Hòa, Tây Ninh
A3: Mã số thuế: 1102066435
A4: Deadline ngày 5 tây hàng tháng
B6: Năm tài chính hiện tại | C6: 2026
B7: Năm trước | C7: =C6-1 -> 2025
B9: Tháng báo cáo hiện tại | C9: 4
B12: NGƯỜI LẬP BIỂU
B13: Vũ Thị Hiên
B15: KẾ TOÁN TRƯỞNG
B16: Vũ Thị Hiên
B18: GIÁM ĐỐC TÀI CHÍNH
B19: Nguyễn Bảo Quốc

Sheet BIA
B29: THÁNG 04 NĂM 2026
B50: Thành phố Hồ Chí Minh, Ngày 30 tháng 04 năm 2026

Sheet Index
A1: ='Thong tin'!A1 -> CÔNG TY CỔ PHẦN TÁI CHẾ TÂN ĐẠI PHÁT | I1: BÁO CÁO TÀI CHÍNH
A2: ='Thong tin'!A2 -> Địa chỉ: Số C11-C15 Cụm Công Nghiệp Nhựa Đức Hòa, Ấp Bình Tiền 2, Xã Đức Hòa, Tây Ninh
A10: ="BÁO CÁO TÀI CHÍNH THÁNG "&'Thong tin'!C9&" NĂM 2026" -> BÁO CÁO TÀI CHÍNH THÁNG 4 NĂM 2026 | I10: Trang
A12: BÁO CÁO CỦA BAN GIÁM ĐỐC | I12: 2 - 3
A13: BÁO CÁO KIỂM TOÁN | I13: 4 - 4
A14: - Bảng cân đối kế toán | I14: 1 - 4
A15: - Báo cáo kết quả hoạt động kinh doanh | I15: 5
A16: - Báo cáo lưu chuyển tiền tệ | I16: 6 - 7
A17: - Bản thuyết minh báo cáo tài chính | I17: 11 - 31
A30: (Báo cáo tài chính được lập và trình bày theo Quyết định số 15/2006/QĐ-BTC ngày 20/03/2006
A31: của Bộ trưởng Bộ Tài Chính)

Sheet THTC in
A1: ='Thong tin'!$A$1 -> CÔNG TY CỔ PHẦN TÁI CHẾ TÂN ĐẠI PHÁT
A2: ='Thong tin'!$A$2 -> Địa chỉ: Số C11-C15 Cụm Công Nghiệp Nhựa Đức Hòa, Ấp Bình Tiền 2, Xã Đức Hòa, Tây Ninh
A4: BÁO CÁO TÌNH HÌNH TÀI CHÍNH
A5: ="Năm " & 'Thong tin'!$C$6 -> Năm 2026
C6: ='KQKD in'!G6 -> ĐVT: VNĐ
A7: TÀI SẢN | B7: ="Số cuối tháng"&" "&$D$7 -> Số cuối tháng 4 | C7: ="Số dư đầu năm " & 'Thong tin'!$C$6 -> Số dư đầu năm 2026 | D7: ='Thong tin'!C9 -> 4
A8: A . TÀI SẢN NGẮN HẠN | B8: =B10+B14+B22+B31+B40 -> 20740505081 | C8: =C10+C14+C22+C31+C40 -> 21734218198
A10: I. Tiền và các khoản tương đương tiền | B10: =SUM(B11:B12) -> 828313208 | C10: =SUM(C11:C12) -> 822026325
A11: 1. Tiền | B11: =OFFSET('Tinh hinh tai chinh'!$BL6,0,'THTC in'!$D$7 - 1) -> 128313208 | C11: ='Tinh hinh tai chinh'!BK6 -> 122026325
A12: 2. Các khoản tương đương tiền | B12: =OFFSET('Tinh hinh tai chinh'!$BL7,0,'THTC in'!$D$7 - 1) -> 700000000 | C12: ='Tinh hinh tai chinh'!BK7 -> 700000000
A14: II. Các khoản đầu tư tài chính ngắn hạn | B14: =SUM(B15:B20) -> 0 | C14: =SUM(C15:C20) -> 0
A15: 1.Chứng khoán kinh doanh | B15: =OFFSET('Tinh hinh tai chinh'!$BL9,0,'THTC in'!$D$7 - 1) -> 0 | C15: ='Tinh hinh tai chinh'!BK9 -> 0
A16: 2.Dự phòng giảm giá chứng khoán kinh doanh (*) | B16: =OFFSET('Tinh hinh tai chinh'!$BL10,0,'THTC in'!$D$7 - 1) -> 0 | C16: ='Tinh hinh tai chinh'!BK10 -> 0
A17: 3.Đầu tư nắm giữ đến ngày đáo hạn ngắn hạn | B17: =OFFSET('Tinh hinh tai chinh'!$BL11,0,'THTC in'!$D$7 - 1) -> 0 | C17: ='Tinh hinh tai chinh'!BK11 -> 0
A18: 4.Dự phòng đầu tư nắm giữ đến ngày đáo hạn ngắn hạn (*) | B18: =OFFSET('Tinh hinh tai chinh'!$BL12,0,'THTC in'!$D$7 - 1) -> 0 | C18: ='Tinh hinh tai chinh'!BK12 -> 0
A19: 5.Đầu tư ngắn hạn khác | B19: =OFFSET('Tinh hinh tai chinh'!$BL13,0,'THTC in'!$D$7 - 1) -> 0 | C19: ='Tinh hinh tai chinh'!BK13 -> 0
A20: 6.Dự phòng tổn thất các khoản đầu tư ngắn hạn khác (*) | B20: =OFFSET('Tinh hinh tai chinh'!$BL14,0,'THTC in'!$D$7 - 1) -> 0 | C20: ='Tinh hinh tai chinh'!BK14 -> 0
A22: III. Các khoản phải thu ngắn hạn | B22: =SUM(B23:B29) -> 19000000000 | C22: =SUM(C23:C29) -> 20000000000
A23: 1.Phải thu ngắn hạn của khách hàng | B23: =OFFSET('Tinh hinh tai chinh'!$BL16,0,'THTC in'!$D$7 - 1) -> 0 | C23: ='Tinh hinh tai chinh'!BK16 -> 0
A24: 2.Trả trước cho người bán ngắn hạn | B24: =OFFSET('Tinh hinh tai chinh'!$BL17,0,'THTC in'!$D$7 - 1) -> 0 | C24: ='Tinh hinh tai chinh'!BK17 -> 0
A25: 3.Phải thu nội bộ ngắn hạn | B25: =OFFSET('Tinh hinh tai chinh'!$BL18,0,'THTC in'!$D$7 - 1) -> 0 | C25: ='Tinh hinh tai chinh'!BK18 -> 0
A26: 4.Phải thu theo tiến độ hợp đồng xây dựng | B26: =OFFSET('Tinh hinh tai chinh'!$BL19,0,'THTC in'!$D$7 - 1) -> 0 | C26: ='Tinh hinh tai chinh'!BK19 -> 0
A27: 5.Phải thu ngắn hạn khác | B27: =OFFSET('Tinh hinh tai chinh'!$BL20,0,'THTC in'!$D$7 - 1) -> 19000000000 | C27: ='Tinh hinh tai chinh'!BK20 -> 20000000000
A28: 6.Dự phòng phải thu ngắn hạn khó đòi (*) | B28: =OFFSET('Tinh hinh tai chinh'!$BL21,0,'THTC in'!$D$7 - 1) -> 0 | C28: ='Tinh hinh tai chinh'!BK21 -> 0
A29: 7.Tài sản thiếu chờ xử lý | B29: =OFFSET('Tinh hinh tai chinh'!$BL22,0,'THTC in'!$D$7 - 1) -> 0 | C29: ='Tinh hinh tai chinh'!BK22 -> 0
A31: IV. Hàng tồn kho | B31: =SUM(B32:B33) -> 0 | C31: =SUM(C32:C33) -> 0
A32: 1. Hàng tồn kho | B32: =OFFSET('Tinh hinh tai chinh'!$BL24,0,'THTC in'!$D$7 - 1) -> 0 | C32: ='Tinh hinh tai chinh'!BK24 -> 0
A33: 2. Dự phòng giảm giá hàng tồn kho (*) | B33: =OFFSET('Tinh hinh tai chinh'!$BL25,0,'THTC in'!$D$7 - 1) -> 0 | C33: ='Tinh hinh tai chinh'!BK25 -> 0
A35: V. Tài sản sinh học ngắn hạn | B35: =SUM(B36:B38) -> 0 | C35: =SUM(C36:C38) -> 0
A36: 1.Súc vật nuôi lấy sản phẩm một lần ngắn hạn | B36: =OFFSET('Tinh hinh tai chinh'!$BL27,0,'THTC in'!$D$7 - 1) -> 0 | C36: ='Tinh hinh tai chinh'!BK27 -> 0
A37: 2.Cây trồng theo mùa vụ hoặc lấy sản phẩm một lần ngắn hạn | B37: =OFFSET('Tinh hinh tai chinh'!$BL28,0,'THTC in'!$D$7 - 1) -> 0 | C37: ='Tinh hinh tai chinh'!BK28 -> 0
A38: 3.Dự phòng tổn thất tài sản sinh học ngắn hạn (*) | B38: =OFFSET('Tinh hinh tai chinh'!$BL29,0,'THTC in'!$D$7 - 1) -> 0 | C38: ='Tinh hinh tai chinh'!BK29 -> 0
A40: VI. Tài sản ngắn hạn khác | B40: =SUM(B41:B45) -> 912191873 | C40: =SUM(C41:C45) -> 912191873
A41: 1.Chi phí chờ phân bổ ngắn hạn | B41: =OFFSET('Tinh hinh tai chinh'!$BL31,0,'THTC in'!$D$7 - 1) -> 0 | C41: ='Tinh hinh tai chinh'!BK31 -> 0
A42: 2.Thuế GTGT được khấu trừ | B42: =OFFSET('Tinh hinh tai chinh'!$BL32,0,'THTC in'!$D$7 - 1) -> 912191873 | C42: ='Tinh hinh tai chinh'!BK32 -> 912191873
A43: 3.Thuế và các khoản khác phải thu Nhà nước | B43: =OFFSET('Tinh hinh tai chinh'!$BL33,0,'THTC in'!$D$7 - 1) -> 0 | C43: ='Tinh hinh tai chinh'!BK33 -> 0
A44: 4.Giao dịch mua bán lại trái phiếu Chính phủ | B44: =OFFSET('Tinh hinh tai chinh'!$BL34,0,'THTC in'!$D$7 - 1) -> 0 | C44: ='Tinh hinh tai chinh'!BK34 -> 0
A45: 5.Tài sản ngắn hạn khác | B45: =OFFSET('Tinh hinh tai chinh'!$BL35,0,'THTC in'!$D$7 - 1) -> 0 | C45: ='Tinh hinh tai chinh'!BK35 -> 0
A47: B. TÀI SẢN DÀI HẠN | B47: =B48+B58+B79+B87+B95+B83 -> 11003914 | C47: =C48+C58+C79+C87+C95+C83 -> 13342862
A48: I.Các khoản phải thu dài hạn | B48: =SUM(B49:B54) -> 0 | C48: =SUM(C49:C54) -> 0
A49: 1.Phải thu dài hạn của khách hàng | B49: =OFFSET('Tinh hinh tai chinh'!$BL38,0,'THTC in'!$D$7 - 1) -> 0 | C49: ='Tinh hinh tai chinh'!BK38 -> 0
A50: 2.Trả trước cho người bán dài hạn | B50: =OFFSET('Tinh hinh tai chinh'!$BL39,0,'THTC in'!$D$7 - 1) -> 0 | C50: ='Tinh hinh tai chinh'!BK39 -> 0
A51: 3.Vốn kinh doanh ở đơn vị trực thuộc | B51: =OFFSET('Tinh hinh tai chinh'!$BL40,0,'THTC in'!$D$7 - 1) -> 0 | C51: ='Tinh hinh tai chinh'!BK40 -> 0
A52: 4.Phải thu nội bộ dài hạn | B52: =OFFSET('Tinh hinh tai chinh'!$BL41,0,'THTC in'!$D$7 - 1) -> 0 | C52: ='Tinh hinh tai chinh'!BK41 -> 0
A53: 5.Phải thu dài hạn khác | B53: =OFFSET('Tinh hinh tai chinh'!$BL42,0,'THTC in'!$D$7 - 1) -> 0 | C53: ='Tinh hinh tai chinh'!BK42 -> 0
A54: 6.Dự phòng phải thu dài hạn khó đòi (*) | B54: =OFFSET('Tinh hinh tai chinh'!$BL43,0,'THTC in'!$D$7 - 1) -> 0 | C54: ='Tinh hinh tai chinh'!BK43 -> 0
A56: TÀI SẢN | B56: =B7 -> Số cuối tháng 4 | C56: =C7 -> Số dư đầu năm 2026
A58: II. Tài sản cố định | B58: =B59+B62+B65 -> 0 | C58: =C59+C62+C65 -> 0
A59: 1. Tài sản cố định hữu hình | B59: =SUM(B60:B61) -> 0 | C59: =SUM(C60:C61) -> 0
A60: - Nguyên giá | B60: =OFFSET('Tinh hinh tai chinh'!$BL46,0,'THTC in'!$D$7 - 1) -> 0 | C60: ='Tinh hinh tai chinh'!BK46 -> 0
A61: - Giá trị hao mòn luỹ kế (*) | B61: =OFFSET('Tinh hinh tai chinh'!$BL47,0,'THTC in'!$D$7 - 1) -> 0 | C61: ='Tinh hinh tai chinh'!BK47 -> 0
A62: 2. Tài sản cố định thuê tài chính | B62: =SUM(B63:B64) -> 0 | C62: =SUM(C63:C64) -> 0
A63: - Nguyên giá | B63: =OFFSET('Tinh hinh tai chinh'!$BL49,0,'THTC in'!$D$7 - 1) -> 0 | C63: ='Tinh hinh tai chinh'!BK49 -> 0
A64: - Giá trị hao mòn luỹ kế (*) | B64: =OFFSET('Tinh hinh tai chinh'!$BL50,0,'THTC in'!$D$7 - 1) -> 0 | C64: ='Tinh hinh tai chinh'!BK50 -> 0
A65: 3. Tài sản cố định vô hình | B65: =SUM(B66:B67) -> 0 | C65: =SUM(C66:C67) -> 0
A66: - Nguyên giá | B66: =OFFSET('Tinh hinh tai chinh'!$BL52,0,'THTC in'!$D$7 - 1) -> 0 | C66: ='Tinh hinh tai chinh'!BK52 -> 0
A67: - Giá trị hao mòn luỹ kế (*) | B67: =OFFSET('Tinh hinh tai chinh'!$BL53,0,'THTC in'!$D$7 - 1) -> 0 | C67: ='Tinh hinh tai chinh'!BK53 -> 0
A69: III. Tài sản sinh học dài hạn | C69: =SUM(C70,C75:C77) -> 0
A70: 1.Súc vật nuôi cho sản phẩm định kỳ | B70: =OFFSET('Tinh hinh tai chinh'!$BL55,0,'THTC in'!$D$7 - 1) -> 0 | C70: ='Tinh hinh tai chinh'!BK55 -> 0
A71: a)Súc vật nuôi cho sản phẩm định kỳ chưa đến giai đoạn trưởng thành | B71: =OFFSET('Tinh hinh tai chinh'!$BL56,0,'THTC in'!$D$7 - 1) -> 0 | C71: ='Tinh hinh tai chinh'!BK56 -> 0
A72: b)Súc vật nuôi cho sản phẩm định kỳ đến giai đoạn trưởng thành | B72: =OFFSET('Tinh hinh tai chinh'!$BL57,0,'THTC in'!$D$7 - 1) -> 0 | C72: ='Tinh hinh tai chinh'!BK57 -> 0
A73: - Nguyên giá | B73: =OFFSET('Tinh hinh tai chinh'!$BL58,0,'THTC in'!$D$7 - 1) -> 0 | C73: ='Tinh hinh tai chinh'!BK58 -> 0
A74: - Giá trị khấu hao lũy kế (*) | B74: =OFFSET('Tinh hinh tai chinh'!$BL59,0,'THTC in'!$D$7 - 1) -> 0 | C74: ='Tinh hinh tai chinh'!BK59 -> 0
A75: 2.Súc vật nuôi lấy sản phẩm một lần dài hạn | B75: =OFFSET('Tinh hinh tai chinh'!$BL60,0,'THTC in'!$D$7 - 1) -> 0 | C75: ='Tinh hinh tai chinh'!BK60 -> 0
A76: 3.Cây trồng theo mùa vụ hoặc lấy sản phẩm một lần dài hạn | B76: =OFFSET('Tinh hinh tai chinh'!$BL61,0,'THTC in'!$D$7 - 1) -> 0 | C76: ='Tinh hinh tai chinh'!BK61 -> 0
A77: 4.Dự phòng tổn thất tài sản sinh học dài hạn | B77: =OFFSET('Tinh hinh tai chinh'!$BL62,0,'THTC in'!$D$7 - 1) -> 0 | C77: ='Tinh hinh tai chinh'!BK62 -> 0
A79: IV. Bất động sản đầu tư | B79: =SUM(B80:B81) -> 0 | C79: =SUM(C80:C81) -> 0
A80: - Nguyên giá | B80: =OFFSET('Tinh hinh tai chinh'!$BL64,0,'THTC in'!$D$7 - 1) -> 0 | C80: ='Tinh hinh tai chinh'!BK64 -> 0
A81: - Giá trị hao mòn luỹ kế (*) | B81: =OFFSET('Tinh hinh tai chinh'!$BL65,0,'THTC in'!$D$7 - 1) -> 0 | C81: ='Tinh hinh tai chinh'!BK65 -> 0
A83: V. Tài sản dở dang dài hạn | B83: =SUM(B84:B85) -> 0 | C83: =SUM(C84:C85) -> 0
A84: 1.Chi phí sản xuất, kinh doanh dở dang dài hạn | B84: =OFFSET('Tinh hinh tai chinh'!$BL67,0,'THTC in'!$D$7 - 1) -> 0 | C84: ='Tinh hinh tai chinh'!BK67 -> 0
A85: 2.Chi phí xây dựng cơ bản dở dang | B85: =OFFSET('Tinh hinh tai chinh'!$BL68,0,'THTC in'!$D$7 - 1) -> 0 | C85: ='Tinh hinh tai chinh'!BK68 -> 0
A87: VI. Đầu tư tài chính dài hạn | B87: =SUM(B88:B92) -> 0 | C87: =SUM(C88:C93) -> 0
A88: 1.Đầu tư vào công ty con | B88: =OFFSET('Tinh hinh tai chinh'!$BL70,0,'THTC in'!$D$7 - 1) -> 0 | C88: ='Tinh hinh tai chinh'!BK70 -> 0
A89: 2.Đầu tư vào công ty liên doanh, liên kết | B89: =OFFSET('Tinh hinh tai chinh'!$BL71,0,'THTC in'!$D$7 - 1) -> 0 | C89: ='Tinh hinh tai chinh'!BK71 -> 0
A90: 3.Đầu tư góp vốn vào đơn vị khác | B90: =OFFSET('Tinh hinh tai chinh'!$BL72,0,'THTC in'!$D$7 - 1) -> 0 | C90: ='Tinh hinh tai chinh'!BK72 -> 0
A91: 4.Dự phòng tổn thất đầu tư vào đơn vị khác dài hạn(*) | B91: =OFFSET('Tinh hinh tai chinh'!$BL73,0,'THTC in'!$D$7 - 1) -> 0 | C91: ='Tinh hinh tai chinh'!BK73 -> 0
A92: 5.Đầu tư nắm giữ đến ngày đáo hạn dài hạn | B92: =OFFSET('Tinh hinh tai chinh'!$BL74,0,'THTC in'!$D$7 - 1) -> 0 | C92: ='Tinh hinh tai chinh'!BK74 -> 0
A93: 6.Dự phòng đầu tư nắm giữ đến ngày đáo hạn dài hạn (*) | B93: =OFFSET('Tinh hinh tai chinh'!$BL75,0,'THTC in'!$D$7 - 1) -> 0 | C93: ='Tinh hinh tai chinh'!BK75 -> 0
A95: VII. Tài sản dài hạn khác | B95: =SUM(B96:B99) -> 11003914 | C95: =SUM(C96:C99) -> 13342862
A96: 1.Chi phí chờ phân bổ dài hạn | B96: =OFFSET('Tinh hinh tai chinh'!$BL77,0,'THTC in'!$D$7 - 1) -> 11003914 | C96: ='Tinh hinh tai chinh'!BK77 -> 13342862
A97: 2.Tài sản thuế thu nhập hoãn lại | B97: =OFFSET('Tinh hinh tai chinh'!$BL78,0,'THTC in'!$D$7 - 1) -> 0 | C97: ='Tinh hinh tai chinh'!BK78 -> 0
A98: 3.Thiết bị, vật tư, phụ tùng thay thế dài hạn | B98: =OFFSET('Tinh hinh tai chinh'!$BL79,0,'THTC in'!$D$7 - 1) -> 0 | C98: ='Tinh hinh tai chinh'!BK79 -> 0
A99: 4.Tài sản dài hạn khác | B99: =OFFSET('Tinh hinh tai chinh'!$BL80,0,'THTC in'!$D$7 - 1) -> 0 | C99: ='Tinh hinh tai chinh'!BK80 -> 0
A100: TỔNG CỘNG TÀI SẢN | B100: =B8+B47 -> 20751508995 | C100: =C8+C47 -> 21747561060
A102: NGUỒN VỐN | B102: =B7 -> Số cuối tháng 4 | C102: =C7 -> Số dư đầu năm 2026
A103: C . NỢ PHẢI TRẢ | B103: =B104+B121 -> 9900161000 | C103: =C104+C121 -> 10900000000
A104: I. Nợ ngắn hạn | B104: =SUM(B105:B119) -> 9900161000 | C104: =SUM(C105:C119) -> 10900000000
A105: 1.Phải trả người bán ngắn hạn | B105: =OFFSET('Tinh hinh tai chinh'!$BL84,0,'THTC in'!$D$7 - 1) -> 9900000000 | C105: ='Tinh hinh tai chinh'!BK84 -> 9900000000
A106: 2.Người mua trả tiền trước ngắn hạn | B106: =OFFSET('Tinh hinh tai chinh'!$BL85,0,'THTC in'!$D$7 - 1) -> 0 | C106: ='Tinh hinh tai chinh'!BK85 -> 0
A107: 3.Phải trả cổ tức, lợi nhuận | B107: =OFFSET('Tinh hinh tai chinh'!$BL86,0,'THTC in'!$D$7 - 1) -> 0 | C107: ='Tinh hinh tai chinh'!BK86 -> 0
A108: 4.Thuế và các khoản phải nộp Nhà nước ngắn hạn | B108: =OFFSET('Tinh hinh tai chinh'!$BL87,0,'THTC in'!$D$7 - 1) -> 0 | C108: ='Tinh hinh tai chinh'!BK87 -> 0
A109: 5.Phải trả người lao động | B109: =OFFSET('Tinh hinh tai chinh'!$BL88,0,'THTC in'!$D$7 - 1) -> 0 | C109: ='Tinh hinh tai chinh'!BK88 -> 0
A110: 6.Chi phí phải trả ngắn hạn | B110: =OFFSET('Tinh hinh tai chinh'!$BL89,0,'THTC in'!$D$7 - 1) -> 0 | C110: ='Tinh hinh tai chinh'!BK89 -> 0
A111: 7.Phải trả nội bộ ngắn hạn | B111: =OFFSET('Tinh hinh tai chinh'!$BL90,0,'THTC in'!$D$7 - 1) -> 0 | C111: ='Tinh hinh tai chinh'!BK90 -> 0
A112: 8.Phải trả theo tiến độ hợp đồng xây dựng ngắn hạn | B112: =OFFSET('Tinh hinh tai chinh'!$BL91,0,'THTC in'!$D$7 - 1) -> 0 | C112: ='Tinh hinh tai chinh'!BK91 -> 0
A113: 9.Doanh thu chờ phân bổ ngắn hạn | B113: =OFFSET('Tinh hinh tai chinh'!$BL92,0,'THTC in'!$D$7 - 1) -> 0 | C113: ='Tinh hinh tai chinh'!BK92 -> 0
A114: 10.Phải trả ngắn hạn khác | B114: =OFFSET('Tinh hinh tai chinh'!$BL93,0,'THTC in'!$D$7 - 1) -> 161000 | C114: ='Tinh hinh tai chinh'!BK93 -> 1000000000
A115: 11.Vay và nợ thuê tài chính ngắn hạn | B115: =OFFSET('Tinh hinh tai chinh'!$BL94,0,'THTC in'!$D$7 - 1) -> 0 | C115: ='Tinh hinh tai chinh'!BK94 -> 0
A116: 12.Dự phòng phải trả ngắn hạn | B116: =OFFSET('Tinh hinh tai chinh'!$BL95,0,'THTC in'!$D$7 - 1) -> 0 | C116: ='Tinh hinh tai chinh'!BK95 -> 0
...

Sheet KQKD in
A1: ='Thong tin'!$A$1 -> CÔNG TY CỔ PHẦN TÁI CHẾ TÂN ĐẠI PHÁT
A2: ='Thong tin'!$A$2 -> Địa chỉ: Số C11-C15 Cụm Công Nghiệp Nhựa Đức Hòa, Ấp Bình Tiền 2, Xã Đức Hòa, Tây Ninh
A4: BÁO CÁO KẾT QUẢ HOẠT ĐỘNG KINH DOANH
A5: ="Năm " & 'Thong tin'!$C$6 -> Năm 2026
G6: ĐVT: VNĐ
A8: Chỉ tiêu | D8: ="Tháng "&'Thong tin'!$C$9 -> Tháng 4 | F8: ="Lũy kế"&" "&'Thong tin'!$C$9 &" "&"tháng" -> Lũy kế 4 tháng
D9: ="Năm " & 'Thong tin'!$C$6 -> Năm 2026 | E9: ="Năm " & 'Thong tin'!$C$7 -> Năm 2025 | F9: ="Năm " & 'Thong tin'!$C$6 -> Năm 2026 | G9: ="Năm " & 'Thong tin'!$C$7 -> Năm 2025
A10: 1. | B10: Doanh thu bán hàng và cung cấp dịch vụ | D10: =OFFSET('Ket qua kinh doanh'!$BL5,0,'Thong tin'!$C$9 - 1) -> 0 | E10: =OFFSET('Ket qua kinh doanh'!$AZ5,0,'Thong tin'!$C$9 - 1) -> 0 | F10: =SUM(OFFSET('Ket qua kinh doanh'!$BL5,0,0,1,'Thong tin'!$C$9)) -> 0 | G10: =SUM(OFFSET('Ket qua kinh doanh'!$AZ5,0,0,1,'Thong tin'!$C$9)) -> 0
A11: 2. | B11: Các khoản giảm trừ doanh thu | D11: =OFFSET('Ket qua kinh doanh'!$BL6,0,'Thong tin'!$C$9 - 1) -> 0 | E11: =OFFSET('Ket qua kinh doanh'!$AZ6,0,'Thong tin'!$C$9 - 1) -> 0 | F11: =SUM(OFFSET('Ket qua kinh doanh'!$BL6,0,0,1,'Thong tin'!$C$9)) -> 0 | G11: =SUM(OFFSET('Ket qua kinh doanh'!$AZ6,0,0,1,'Thong tin'!$C$9)) -> 0
A12: 3. | B12: Doanh thu thuần về bán hàng và cung cấp dịch vụ | D12: =OFFSET('Ket qua kinh doanh'!$BL7,0,'Thong tin'!$C$9 - 1) -> 0 | E12: =OFFSET('Ket qua kinh doanh'!$AZ7,0,'Thong tin'!$C$9 - 1) -> 0 | F12: =SUM(OFFSET('Ket qua kinh doanh'!$BL7,0,0,1,'Thong tin'!$C$9)) -> 0 | G12: =SUM(OFFSET('Ket qua kinh doanh'!$AZ7,0,0,1,'Thong tin'!$C$9)) -> 0
A13: 4. | B13: Giá vốn hàng bán | D13: =OFFSET('Ket qua kinh doanh'!$BL8,0,'Thong tin'!$C$9 - 1) -> 0 | E13: =OFFSET('Ket qua kinh doanh'!$AZ8,0,'Thong tin'!$C$9 - 1) -> 0 | F13: =SUM(OFFSET('Ket qua kinh doanh'!$BL8,0,0,1,'Thong tin'!$C$9)) -> 0 | G13: =SUM(OFFSET('Ket qua kinh doanh'!$AZ8,0,0,1,'Thong tin'!$C$9)) -> 0
A14: 5. | B14: Lợi nhuận gộp về bán hàng và cung cấp dịch vụ | D14: =OFFSET('Ket qua kinh doanh'!$BL9,0,'Thong tin'!$C$9 - 1) -> 0 | E14: =OFFSET('Ket qua kinh doanh'!$AZ9,0,'Thong tin'!$C$9 - 1) -> 0 | F14: =SUM(OFFSET('Ket qua kinh doanh'!$BL9,0,0,1,'Thong tin'!$C$9)) -> 0 | G14: =SUM(OFFSET('Ket qua kinh doanh'!$AZ9,0,0,1,'Thong tin'!$C$9)) -> 0
A15: 6. | B15: Lãi/lỗ của hoạt động bán, thanh lý bất động sản đầu tư | D15: =OFFSET('Ket qua kinh doanh'!$BL10,0,'Thong tin'!$C$9 - 1) -> 0 | E15: =OFFSET('Ket qua kinh doanh'!$AZ10,0,'Thong tin'!$C$9 - 1) -> 0 | F15: =SUM(OFFSET('Ket qua kinh doanh'!$BL10,0,0,1,'Thong tin'!$C$9)) -> 0 | G15: =SUM(OFFSET('Ket qua kinh doanh'!$AZ10,0,0,1,'Thong tin'!$C$9)) -> 0
A16: 7. | B16: Doanh thu hoạt động tài chính | D16: =OFFSET('Ket qua kinh doanh'!$BL11,0,'Thong tin'!$C$9 - 1) -> 1090 | E16: =OFFSET('Ket qua kinh doanh'!$AZ11,0,'Thong tin'!$C$9 - 1) -> 3453516 | F16: =SUM(OFFSET('Ket qua kinh doanh'!$BL11,0,0,1,'Thong tin'!$C$9)) -> 6286883 | G16: =SUM(OFFSET('Ket qua kinh doanh'!$AZ11,0,0,1,'Thong tin'!$C$9)) -> 3475152
A17: 8. | B17: Chi phí tài chính | D17: =OFFSET('Ket qua kinh doanh'!$BL12,0,'Thong tin'!$C$9 - 1) -> 0 | E17: =OFFSET('Ket qua kinh doanh'!$AZ12,0,'Thong tin'!$C$9 - 1) -> 0 | F17: =SUM(OFFSET('Ket qua kinh doanh'!$BL12,0,0,1,'Thong tin'!$C$9)) -> 0 | G17: =SUM(OFFSET('Ket qua kinh doanh'!$AZ12,0,0,1,'Thong tin'!$C$9)) -> 0
B18: Trong đó: chi phí lãi vay | D18: =OFFSET('Ket qua kinh doanh'!$BL13,0,'Thong tin'!$C$9 - 1) -> 0 | E18: =OFFSET('Ket qua kinh doanh'!$AZ13,0,'Thong tin'!$C$9 - 1) -> 0 | F18: =SUM(OFFSET('Ket qua kinh doanh'!$BL13,0,0,1,'Thong tin'!$C$9)) -> 0 | G18: =SUM(OFFSET('Ket qua kinh doanh'!$AZ13,0,0,1,'Thong tin'!$C$9)) -> 0
A19: 9. | B19: Chi phí bán hàng | D19: =OFFSET('Ket qua kinh doanh'!$BL14,0,'Thong tin'!$C$9 - 1) -> 0 | E19: =OFFSET('Ket qua kinh doanh'!$AZ14,0,'Thong tin'!$C$9 - 1) -> 0 | F19: =SUM(OFFSET('Ket qua kinh doanh'!$BL14,0,0,1,'Thong tin'!$C$9)) -> 0 | G19: =SUM(OFFSET('Ket qua kinh doanh'!$AZ14,0,0,1,'Thong tin'!$C$9)) -> 0
A20: 10. | B20: Chi phí quản lý doanh nghiệp | D20: =OFFSET('Ket qua kinh doanh'!$BL15,0,'Thong tin'!$C$9 - 1) -> 584737 | E20: =OFFSET('Ket qua kinh doanh'!$AZ15,0,'Thong tin'!$C$9 - 1) -> 616214737 | F20: =SUM(OFFSET('Ket qua kinh doanh'!$BL15,0,0,1,'Thong tin'!$C$9)) -> 2338948 | G20: =SUM(OFFSET('Ket qua kinh doanh'!$AZ15,0,0,1,'Thong tin'!$C$9)) -> 2465968948
A21: 11. | B21: Lợi nhuận thuần từ hoạt động kinh doanh | D21: =OFFSET('Ket qua kinh doanh'!$BL16,0,'Thong tin'!$C$9 - 1) -> -583647 | E21: =OFFSET('Ket qua kinh doanh'!$AZ16,0,'Thong tin'!$C$9 - 1) -> -612761221 | F21: =SUM(OFFSET('Ket qua kinh doanh'!$BL16,0,0,1,'Thong tin'!$C$9)) -> 3947935 | G21: =SUM(OFFSET('Ket qua kinh doanh'!$AZ16,0,0,1,'Thong tin'!$C$9)) -> -2462493796
A22: 12. | B22: Thu nhập khác | D22: =OFFSET('Ket qua kinh doanh'!$BL17,0,'Thong tin'!$C$9 - 1) -> 0 | E22: =OFFSET('Ket qua kinh doanh'!$AZ17,0,'Thong tin'!$C$9 - 1) -> 0 | F22: =SUM(OFFSET('Ket qua kinh doanh'!$BL17,0,0,1,'Thong tin'!$C$9)) -> 0 | G22: =SUM(OFFSET('Ket qua kinh doanh'!$AZ17,0,0,1,'Thong tin'!$C$9)) -> 0
A23: 13. | B23: Chi phí khác | D23: =OFFSET('Ket qua kinh doanh'!$BL18,0,'Thong tin'!$C$9 - 1) -> 0 | E23: =OFFSET('Ket qua kinh doanh'!$AZ18,0,'Thong tin'!$C$9 - 1) -> 0 | F23: =SUM(OFFSET('Ket qua kinh doanh'!$BL18,0,0,1,'Thong tin'!$C$9)) -> 161000 | G23: =SUM(OFFSET('Ket qua kinh doanh'!$AZ18,0,0,1,'Thong tin'!$C$9)) -> 0
A24: 14. | B24: Lợi nhuận khác | D24: =OFFSET('Ket qua kinh doanh'!$BL19,0,'Thong tin'!$C$9 - 1) -> 0 | E24: =OFFSET('Ket qua kinh doanh'!$AZ19,0,'Thong tin'!$C$9 - 1) -> 0 | F24: =SUM(OFFSET('Ket qua kinh doanh'!$BL19,0,0,1,'Thong tin'!$C$9)) -> -161000 | G24: =SUM(OFFSET('Ket qua kinh doanh'!$AZ19,0,0,1,'Thong tin'!$C$9)) -> 0
A25: 15. | B25: Tổng lợi nhuận kế toán trước thuế | D25: =OFFSET('Ket qua kinh doanh'!$BL20,0,'Thong tin'!$C$9 - 1) -> -583647 | E25: =OFFSET('Ket qua kinh doanh'!$AZ20,0,'Thong tin'!$C$9 - 1) -> -612761221 | F25: =SUM(OFFSET('Ket qua kinh doanh'!$BL20,0,0,1,'Thong tin'!$C$9)) -> 3786935 | G25: =SUM(OFFSET('Ket qua kinh doanh'!$AZ20,0,0,1,'Thong tin'!$C$9)) -> -2462493796
A26: 16. | B26: Chi phí thuế TNDN hiện hành (*) | D26: =OFFSET('Ket qua kinh doanh'!$BL21,0,'Thong tin'!$C$9 - 1) -> 0 | E26: =OFFSET('Ket qua kinh doanh'!$AZ21,0,'Thong tin'!$C$9 - 1) -> 0 | F26: =SUM(OFFSET('Ket qua kinh doanh'!$BL21,0,0,1,'Thong tin'!$C$9)) -> 0 | G26: =SUM(OFFSET('Ket qua kinh doanh'!$AZ21,0,0,1,'Thong tin'!$C$9)) -> 0
A27: 17. | B27: Chi phí thuế TNDN hoãn lại | D27: =OFFSET('Ket qua kinh doanh'!$BL22,0,'Thong tin'!$C$9 - 1) -> 0 | E27: =OFFSET('Ket qua kinh doanh'!$AZ22,0,'Thong tin'!$C$9 - 1) -> 0 | F27: =SUM(OFFSET('Ket qua kinh doanh'!$BL22,0,0,1,'Thong tin'!$C$9)) -> 0 | G27: =SUM(OFFSET('Ket qua kinh doanh'!$AZ22,0,0,1,'Thong tin'!$C$9)) -> 0
A28: 18. | B28: Lợi nhuận sau thuế | D28: =OFFSET('Ket qua kinh doanh'!$BL23,0,'Thong tin'!$C$9 - 1) -> -583647 | E28: =OFFSET('Ket qua kinh doanh'!$AZ23,0,'Thong tin'!$C$9 - 1) -> -612761221 | F28: =SUM(OFFSET('Ket qua kinh doanh'!$BL23,0,0,1,'Thong tin'!$C$9)) -> 3786935 | G28: =SUM(OFFSET('Ket qua kinh doanh'!$AZ23,0,0,1,'Thong tin'!$C$9)) -> -2462493796
A29: 19. | B29: Lãi cơ bản trên cổ phiếu | F29: =#REF!+#REF!+#REF!+#REF!+#REF!+#REF!+#REF!+#REF!+#REF!+#REF!+#REF!+D29 -> #REF! | G29: =#REF!+#REF!+#REF!+#REF!+#REF!+#REF!+#REF!+#REF!+#REF!+#REF!+#REF!+E29 -> #REF!
D31: 0 | E31: 0 | F31: 0 | G31: 0
F32: Lập ngày 30 tháng 04 năm 2026
B34: KẾ TOÁN TRƯỞNG | F34: ='Thong tin'!B18 -> GIÁM ĐỐC TÀI CHÍNH
B41: ='Thong tin'!B13 -> Vũ Thị Hiên | F41: Nguyễn Bảo Quốc

Sheet LCTT_GT in
A1: ='Thong tin'!$A$1 -> CÔNG TY CỔ PHẦN TÁI CHẾ TÂN ĐẠI PHÁT
A2: ='Thong tin'!$A$2 -> Địa chỉ: Số C11-C15 Cụm Công Nghiệp Nhựa Đức Hòa, Ấp Bình Tiền 2, Xã Đức Hòa, Tây Ninh
A4: BÁO CÁO LƯU CHUYỂN TIỀN TỆ
A5: (Theo phương pháp gián tiếp)
A6: ="Năm " & 'Thong tin'!$C$6 -> Năm 2026
E7: ='KQKD in'!G6 -> ĐVT: VNĐ
A8: Chỉ tiêu | B8: ="Tháng " & 'Thong tin'!$C$9 -> Tháng 4 | D8: ="Lũy kế"&" "& 'Thong tin'!$C$9 &" "&"tháng" -> Lũy kế 4 tháng
B9: ="Năm " & 'Thong tin'!$C$6 -> Năm 2026 | C9: ="Năm " & 'Thong tin'!$C$7 -> Năm 2025 | D9: ="Năm " & 'Thong tin'!$C$6 -> Năm 2026 | E9: ="Năm " & 'Thong tin'!$C$7 -> Năm 2025
A10: I. Lưu chuyển tiền từ hoạt động kinh doanh
A11: 1. Lợi nhuận trước thuế | B11: =OFFSET('Luu chuyen tien te'!$BL5,0,'Thong tin'!$C$9 - 1) -> -583647 | C11: =OFFSET('Luu chuyen tien te'!$AZ5,0,'Thong tin'!$C$9 - 1) -> -612761221 | D11: =SUM(OFFSET('Luu chuyen tien te'!$BL5,0,0,1,'Thong tin'!$C$9)) -> 3786935 | E11: =SUM(OFFSET('Luu chuyen tien te'!$AZ5,0,0,1,'Thong tin'!$C$9)) -> -2462493796
A12: 2. Điều chỉnh cho các khoản
A13: - Khấu hao tài sản cố định và BĐSĐT | B13: =OFFSET('Luu chuyen tien te'!$BL7,0,'Thong tin'!$C$9 - 1) -> 0 | C13: =OFFSET('Luu chuyen tien te'!$AZ7,0,'Thong tin'!$C$9 - 1) -> 0 | D13: =SUM(OFFSET('Luu chuyen tien te'!$BL7,0,0,1,'Thong tin'!$C$9)) -> 0 | E13: =SUM(OFFSET('Luu chuyen tien te'!$AZ7,0,0,1,'Thong tin'!$C$9)) -> 0
A14: - Các khoản dự phòng | B14: =OFFSET('Luu chuyen tien te'!$BL8,0,'Thong tin'!$C$9 - 1) -> 0 | C14: =OFFSET('Luu chuyen tien te'!$AZ8,0,'Thong tin'!$C$9 - 1) -> 0 | D14: =SUM(OFFSET('Luu chuyen tien te'!$BL8,0,0,1,'Thong tin'!$C$9)) -> 0 | E14: =SUM(OFFSET('Luu chuyen tien te'!$AZ8,0,0,1,'Thong tin'!$C$9)) -> 0
A15: - Lãi, lỗ chênh lệch tỷ giá hối đoái do đánh giá lại các khoản mục tiền tệ có gốc ngoại tệ | B15: =OFFSET('Luu chuyen tien te'!$BL9,0,'Thong tin'!$C$9 - 1) -> 0 | C15: =OFFSET('Luu chuyen tien te'!$AZ9,0,'Thong tin'!$C$9 - 1) -> 0 | D15: =SUM(OFFSET('Luu chuyen tien te'!$BL9,0,0,1,'Thong tin'!$C$9)) -> 0 | E15: =SUM(OFFSET('Luu chuyen tien te'!$AZ9,0,0,1,'Thong tin'!$C$9)) -> 0
A16: - Lãi lỗ từ hoạt động đầu tư, tài chính | B16: =OFFSET('Luu chuyen tien te'!$BL10,0,'Thong tin'!$C$9 - 1) -> -1090 | C16: =OFFSET('Luu chuyen tien te'!$AZ10,0,'Thong tin'!$C$9 - 1) -> -3453516 | D16: =SUM(OFFSET('Luu chuyen tien te'!$BL10,0,0,1,'Thong tin'!$C$9)) -> -6286883 | E16: =SUM(OFFSET('Luu chuyen tien te'!$AZ10,0,0,1,'Thong tin'!$C$9)) -> -3475152
A17: - Chi phí đi vay | B17: =OFFSET('Luu chuyen tien te'!$BL11,0,'Thong tin'!$C$9 - 1) -> 0 | C17: =OFFSET('Luu chuyen tien te'!$AZ11,0,'Thong tin'!$C$9 - 1) -> 0 | D17: =SUM(OFFSET('Luu chuyen tien te'!$BL11,0,0,1,'Thong tin'!$C$9)) -> 0 | E17: =SUM(OFFSET('Luu chuyen tien te'!$AZ11,0,0,1,'Thong tin'!$C$9)) -> 0
A18: - Các khoản điều chỉnh khác | B18: =OFFSET('Luu chuyen tien te'!$BL12,0,'Thong tin'!$C$9 - 1) -> 0 | C18: =OFFSET('Luu chuyen tien te'!$AZ12,0,'Thong tin'!$C$9 - 1) -> 0 | D18: =SUM(OFFSET('Luu chuyen tien te'!$BL12,0,0,1,'Thong tin'!$C$9)) -> 0 | E18: =SUM(OFFSET('Luu chuyen tien te'!$AZ12,0,0,1,'Thong tin'!$C$9)) -> 0
A19: 3. Lợi nhuận từ hoạt động kinh doanh trước thay đổi vốn lưu động | B19: =SUM(B11:B18) -> -584737 | C19: =SUM(C11:C18) -> -616214737 | D19: =SUM(D11:D18) -> -2499948 | E19: =SUM(E11:E18) -> -2465968948
A20: - Tăng giảm các khoản phải thu | B20: =OFFSET('Luu chuyen tien te'!$BL14,0,'Thong tin'!$C$9 - 1) -> 0 | C20: =OFFSET('Luu chuyen tien te'!$AZ14,0,'Thong tin'!$C$9 - 1) -> -93613000 | D20: =SUM(OFFSET('Luu chuyen tien te'!$BL14,0,0,1,'Thong tin'!$C$9)) -> 0 | E20: =SUM(OFFSET('Luu chuyen tien te'!$AZ14,0,0,1,'Thong tin'!$C$9)) -> -277213000
A21: - Tăng giảm hàng tồn kho | B21: =OFFSET('Luu chuyen tien te'!$BL15,0,'Thong tin'!$C$9 - 1) -> 0 | C21: =OFFSET('Luu chuyen tien te'!$AZ15,0,'Thong tin'!$C$9 - 1) -> 0 | D21: =SUM(OFFSET('Luu chuyen tien te'!$BL15,0,0,1,'Thong tin'!$C$9)) -> 0 | E21: =SUM(OFFSET('Luu chuyen tien te'!$AZ15,0,0,1,'Thong tin'!$C$9)) -> 0
A22: - Tăng giảm các khoản phải trả (Không bao gồm lãi vay phải trả, thuế TNDN phải nộp) | B22: =OFFSET('Luu chuyen tien te'!$BL16,0,'Thong tin'!$C$9 - 1) -> 0 | C22: =OFFSET('Luu chuyen tien te'!$AZ16,0,'Thong tin'!$C$9 - 1) -> 660000000 | D22: =SUM(OFFSET('Luu chuyen tien te'!$BL16,0,0,1,'Thong tin'!$C$9)) -> 161000 | E22: =SUM(OFFSET('Luu chuyen tien te'!$AZ16,0,0,1,'Thong tin'!$C$9)) -> 2638222222
A23: - Tăng giảm chi phí chờ phân bổ | B23: =OFFSET('Luu chuyen tien te'!$BL17,0,'Thong tin'!$C$9 - 1) -> 584737 | C23: =OFFSET('Luu chuyen tien te'!$AZ17,0,'Thong tin'!$C$9 - 1) -> 584737 | D23: =SUM(OFFSET('Luu chuyen tien te'!$BL17,0,0,1,'Thong tin'!$C$9)) -> 2338948 | E23: =SUM(OFFSET('Luu chuyen tien te'!$AZ17,0,0,1,'Thong tin'!$C$9)) -> 2338948
A24: - Tăng, giảm chứng khoán kinh doanh | B24: =OFFSET('Luu chuyen tien te'!$BL18,0,'Thong tin'!$C$9 - 1) -> 0 | C24: =OFFSET('Luu chuyen tien te'!$AZ18,0,'Thong tin'!$C$9 - 1) -> 0 | D24: =SUM(OFFSET('Luu chuyen tien te'!$BL18,0,0,1,'Thong tin'!$C$9)) -> 0 | E24: =SUM(OFFSET('Luu chuyen tien te'!$AZ18,0,0,1,'Thong tin'!$C$9)) -> 0
A25: - Chi phí đi vay đã trả | B25: =OFFSET('Luu chuyen tien te'!$BL19,0,'Thong tin'!$C$9 - 1) -> 0 | C25: =OFFSET('Luu chuyen tien te'!$AZ19,0,'Thong tin'!$C$9 - 1) -> 0 | D25: =SUM(OFFSET('Luu chuyen tien te'!$BL19,0,0,1,'Thong tin'!$C$9)) -> 0 | E25: =SUM(OFFSET('Luu chuyen tien te'!$AZ19,0,0,1,'Thong tin'!$C$9)) -> 0
A26: - Thuế thu nhập doanh nghiệp đã nộp | B26: =OFFSET('Luu chuyen tien te'!$BL20,0,'Thong tin'!$C$9 - 1) -> 0 | C26: =OFFSET('Luu chuyen tien te'!$AZ20,0,'Thong tin'!$C$9 - 1) -> 0 | D26: =SUM(OFFSET('Luu chuyen tien te'!$BL20,0,0,1,'Thong tin'!$C$9)) -> 0 | E26: =SUM(OFFSET('Luu chuyen tien te'!$AZ20,0,0,1,'Thong tin'!$C$9)) -> 0
A27: - Tiền thu khác từ hoạt động kinh doanh | B27: =OFFSET('Luu chuyen tien te'!$BL21,0,'Thong tin'!$C$9 - 1) -> 0 | C27: =OFFSET('Luu chuyen tien te'!$AZ21,0,'Thong tin'!$C$9 - 1) -> 0 | D27: =SUM(OFFSET('Luu chuyen tien te'!$BL21,0,0,1,'Thong tin'!$C$9)) -> 0 | E27: =SUM(OFFSET('Luu chuyen tien te'!$AZ21,0,0,1,'Thong tin'!$C$9)) -> 0
A28: - Tiền chi khác cho hoạt động kinh doanh | B28: =OFFSET('Luu chuyen tien te'!$BL22,0,'Thong tin'!$C$9 - 1) -> 0 | C28: =OFFSET('Luu chuyen tien te'!$AZ22,0,'Thong tin'!$C$9 - 1) -> 0 | D28: =SUM(OFFSET('Luu chuyen tien te'!$BL22,0,0,1,'Thong tin'!$C$9)) -> 0 | E28: =SUM(OFFSET('Luu chuyen tien te'!$AZ22,0,0,1,'Thong tin'!$C$9)) -> 0
A29: Lưu chuyển tiền thuần từ hoạt động kinh doanh | B29: =SUM(B19:B28) -> 0 | C29: =SUM(C19:C28) -> -49243000 | D29: =SUM(D19:D28) -> 0 | E29: =SUM(E19:E28) -> -102620778
A30: II. Lưu chuyển tiền từ hoạt động đầu tư
A31: 1. Tiền chi để mua sắm, xây dựng TSCĐ và các tài sản dài hạn khác | B31: =OFFSET('Luu chuyen tien te'!$BL25,0,'Thong tin'!$C$9 - 1) -> 0 | C31: =OFFSET('Luu chuyen tien te'!$AZ25,0,'Thong tin'!$C$9 - 1) -> 0 | D31: =SUM(OFFSET('Luu chuyen tien te'!$BL25,0,0,1,'Thong tin'!$C$9)) -> 0 | E31: =SUM(OFFSET('Luu chuyen tien te'!$AZ25,0,0,1,'Thong tin'!$C$9)) -> 0
A32: 2. Tiền thu từ thanh lý, nhượng bán TSCĐ và các tài sản dài hạn khác | B32: =OFFSET('Luu chuyen tien te'!$BL26,0,'Thong tin'!$C$9 - 1) -> 0 | C32: =OFFSET('Luu chuyen tien te'!$AZ26,0,'Thong tin'!$C$9 - 1) -> 0 | D32: =SUM(OFFSET('Luu chuyen tien te'!$BL26,0,0,1,'Thong tin'!$C$9)) -> 0 | E32: =SUM(OFFSET('Luu chuyen tien te'!$AZ26,0,0,1,'Thong tin'!$C$9)) -> 0
A33: 3. Tiền chi cho vay, mua các công cụ nợ của đơn vị khác | B33: =OFFSET('Luu chuyen tien te'!$BL27,0,'Thong tin'!$C$9 - 1) -> 0 | C33: =OFFSET('Luu chuyen tien te'!$AZ27,0,'Thong tin'!$C$9 - 1) -> 0 | D33: =SUM(OFFSET('Luu chuyen tien te'!$BL27,0,0,1,'Thong tin'!$C$9)) -> 0 | E33: =SUM(OFFSET('Luu chuyen tien te'!$AZ27,0,0,1,'Thong tin'!$C$9)) -> 0
A34: 4. Tiền thu hồi cho vay, bán lại các công cụ nợ của đơn vị khác | B34: =OFFSET('Luu chuyen tien te'!$BL28,0,'Thong tin'!$C$9 - 1) -> 0 | C34: =OFFSET('Luu chuyen tien te'!$AZ28,0,'Thong tin'!$C$9 - 1) -> 0 | D34: =SUM(OFFSET('Luu chuyen tien te'!$BL28,0,0,1,'Thong tin'!$C$9)) -> 0 | E34: =SUM(OFFSET('Luu chuyen tien te'!$AZ28,0,0,1,'Thong tin'!$C$9)) -> 0
A35: 5. Tiền chi đầu tư góp vốn vào đơn vị khác | B35: =OFFSET('Luu chuyen tien te'!$BL29,0,'Thong tin'!$C$9 - 1) -> 0 | C35: =OFFSET('Luu chuyen tien te'!$AZ29,0,'Thong tin'!$C$9 - 1) -> 0 | D35: =SUM(OFFSET('Luu chuyen tien te'!$BL29,0,0,1,'Thong tin'!$C$9)) -> 0 | E35: =SUM(OFFSET('Luu chuyen tien te'!$AZ29,0,0,1,'Thong tin'!$C$9)) -> 0
A36: 6. Tiền thu hồi đầu tư góp vốn vào đơn vị khác | B36: =OFFSET('Luu chuyen tien te'!$BL30,0,'Thong tin'!$C$9 - 1) -> 0 | C36: =OFFSET('Luu chuyen tien te'!$AZ30,0,'Thong tin'!$C$9 - 1) -> 0 | D36: =SUM(OFFSET('Luu chuyen tien te'!$BL30,0,0,1,'Thong tin'!$C$9)) -> 0 | E36: =SUM(OFFSET('Luu chuyen tien te'!$AZ30,0,0,1,'Thong tin'!$C$9)) -> 0
A37: 7. Tiền thu lãi cho vay, cổ tức và lợi nhuận được chia | B37: =OFFSET('Luu chuyen tien te'!$BL31,0,'Thong tin'!$C$9 - 1) -> 1090 | C37: =OFFSET('Luu chuyen tien te'!$AZ31,0,'Thong tin'!$C$9 - 1) -> 3453516 | D37: =SUM(OFFSET('Luu chuyen tien te'!$BL31,0,0,1,'Thong tin'!$C$9)) -> 6286883 | E37: =SUM(OFFSET('Luu chuyen tien te'!$AZ31,0,0,1,'Thong tin'!$C$9)) -> 3475152
A38: Lưu chuyển tiền thuần từ hoạt động đầu tư | B38: =SUM(B31:B37) -> 1090 | C38: =SUM(C31:C37) -> 3453516 | D38: =SUM(D31:D37) -> 6286883 | E38: =SUM(E31:E37) -> 3475152
A39: III. Lưu chuyển tiền từ hoạt động tài chính
A40: 1. Tiền thu từ phát hành cố phiếu, nhận vốn góp của chủ sở hữu | B40: =OFFSET('Luu chuyen tien te'!$BL34,0,'Thong tin'!$C$9 - 1) -> 0 | C40: =OFFSET('Luu chuyen tien te'!$AZ34,0,'Thong tin'!$C$9 - 1) -> 0 | D40: =SUM(OFFSET('Luu chuyen tien te'!$BL34,0,0,1,'Thong tin'!$C$9)) -> 0 | E40: =SUM(OFFSET('Luu chuyen tien te'!$AZ34,0,0,1,'Thong tin'!$C$9)) -> 0
A41: 2. Tiền trả lại vốn góp cho các chủ sở hữu, mua lại cổ phiểu đã phát hành | B41: =OFFSET('Luu chuyen tien te'!$BL35,0,'Thong tin'!$C$9 - 1) -> 0 | C41: =OFFSET('Luu chuyen tien te'!$AZ35,0,'Thong tin'!$C$9 - 1) -> 0 | D41: =SUM(OFFSET('Luu chuyen tien te'!$BL35,0,0,1,'Thong tin'!$C$9)) -> 0 | E41: =SUM(OFFSET('Luu chuyen tien te'!$AZ35,0,0,1,'Thong tin'!$C$9)) -> 0
A42: 3. Tiền thu từ đi vay | B42: =OFFSET('Luu chuyen tien te'!$BL36,0,'Thong tin'!$C$9 - 1) -> 0 | C42: =OFFSET('Luu chuyen tien te'!$AZ36,0,'Thong tin'!$C$9 - 1) -> 0 | D42: =SUM(OFFSET('Luu chuyen tien te'!$BL36,0,0,1,'Thong tin'!$C$9)) -> 0 | E42: =SUM(OFFSET('Luu chuyen tien te'!$AZ36,0,0,1,'Thong tin'!$C$9)) -> 0
A43: 4. Tiền trả nợ gốc vay | B43: =OFFSET('Luu chuyen tien te'!$BL37,0,'Thong tin'!$C$9 - 1) -> 0 | C43: =OFFSET('Luu chuyen tien te'!$AZ37,0,'Thong tin'!$C$9 - 1) -> 0 | D43: =SUM(OFFSET('Luu chuyen tien te'!$BL37,0,0,1,'Thong tin'!$C$9)) -> 0 | E43: =SUM(OFFSET('Luu chuyen tien te'!$AZ37,0,0,1,'Thong tin'!$C$9)) -> 0
A44: 5. Tiền trả nợ gốc thuê tài chính | B44: =OFFSET('Luu chuyen tien te'!$BL38,0,'Thong tin'!$C$9 - 1) -> 0 | C44: =OFFSET('Luu chuyen tien te'!$AZ38,0,'Thong tin'!$C$9 - 1) -> 0 | D44: =SUM(OFFSET('Luu chuyen tien te'!$BL38,0,0,1,'Thong tin'!$C$9)) -> 0 | E44: =SUM(OFFSET('Luu chuyen tien te'!$AZ38,0,0,1,'Thong tin'!$C$9)) -> 0
A45: 6. Cổ tức, lợi nhuận đã trả cho chủ sở hữu | B45: =OFFSET('Luu chuyen tien te'!$BL39,0,'Thong tin'!$C$9 - 1) -> 0 | C45: =OFFSET('Luu chuyen tien te'!$AZ39,0,'Thong tin'!$C$9 - 1) -> 0 | D45: =SUM(OFFSET('Luu chuyen tien te'!$BL39,0,0,1,'Thong tin'!$C$9)) -> 0 | E45: =SUM(OFFSET('Luu chuyen tien te'!$AZ39,0,0,1,'Thong tin'!$C$9)) -> 0
A46: Lưu chuyển tiền thuần từ hoạt động tài chính | B46: =SUM(B40:B45) -> 0 | C46: =SUM(C40:C45) -> 0 | D46: =SUM(D40:D45) -> 0 | E46: =SUM(E40:E45) -> 0
A47: Lưu chuyển tiền thuần trong kỳ | B47: =SUM(B29,B38,B46) -> 1090 | C47: =SUM(C29,C38,C46) -> -45789484 | D47: =SUM(D29,D38,D46) -> 6286883 | E47: =SUM(E29,E38,E46) -> -99145626
A48: Tiền và tương đương tiền đầu kỳ | B48: =OFFSET('Luu chuyen tien te'!$BL42,0,'Thong tin'!$C$9 - 1) -> 828312118 | C48: =OFFSET('Luu chuyen tien te'!$AZ42,0,'Thong tin'!$C$9 - 1) -> 19862020121 | D48: ='Luu chuyen tien te'!BL42 -> 822026325 | E48: ='Luu chuyen tien te'!AZ42 -> 19915376263
A49: Ảnh hưởng của thay đổi tỷ giá hối đoái quy đổi ngoại tệ | B49: =OFFSET('Luu chuyen tien te'!$BL43,0,'Thong tin'!$C$9 - 1) -> 0 | C49: =OFFSET('Luu chuyen tien te'!$AZ43,0,'Thong tin'!$C$9 - 1) -> 0 | D49: =SUM(OFFSET('Luu chuyen tien te'!$BL43,0,0,1,'Thong tin'!$C$9)) -> 0 | E49: =SUM(OFFSET('Luu chuyen tien te'!$AZ43,0,0,1,'Thong tin'!$C$9)) -> 0
A50: Tiền và tương đương tiền cuối kỳ | B50: =SUM(B47:B49) -> 828313208 | C50: =SUM(C47:C49) -> 19816230637 | D50: =SUM(D47:D49) -> 828313208 | E50: =SUM(E47:E49) -> 19816230637
B51: 0 | C51: 0 | D51: 0 | E51: 0
D52: ='KQKD in'!F32 -> Lập ngày 30 tháng 04 năm 2026
A53: KẾ TOÁN TRƯỞNG | D53: GIÁM ĐỐC
A59: ='Thong tin'!B13 -> Vũ Thị Hiên | D59: Nguyễn Bảo Quốc

Sheet Tinh hinh tai chinh
B1: CTY CỔ PHẦN TÁI CHẾ TÂN ĐẠI PHÁT
B2: VND
A3: Index BS | B3: PHẦN I-BÁO CÁO TÌNH HÌNH TÀI CHÍNH | C3: TenCongTyID | D3: T1.2021 | E3: T02.2021 | F3: T03.2021 | G3: T04.2021 | H3: T05.2021 | I3: T06.2021 | J3: T07.2021 | K3: T08.2021 | L3: T09.2021 | M3: T10.2021 | N3: T11.2021 | O3: T12.2021 | P3: T1.2022 | Q3: T02.2022 | R3: T03.2022 | S3: T04.2022 | T3: T05.2022 | U3: T06.2022 | V3: T07.2022 | W3: T08.2022 | X3: T09.2022 | Y3: T10.2022 | Z3: T11.2022 | AA3: T12.2022 | AB3: T1.2023 | AC3: T02.2023 | AD3: T03.2023 | AE3: T04.2023 | AF3: T05.2023 | AG3: T06.2023 | AH3: T07.2023 | AI3: T08.2023 | AJ3: T09.2023 | AK3: T10.2023 | AL3: T11.2023 | AM3: T12.2023 | AN3: T01.2024 | AO3: T02.2024 | AP3: T03.2024 | AQ3: T04.2024 | AR3: T05.2024 | AS3: T06.2024 | AT3: T07.2024 | AU3: T08.2024 | AV3: T09.2024 | AW3: T10.2024 | AX3: T11.2024 | AY3: T12.2024 | AZ3: T01.2025 | BA3: T02.2025 | BB3: T03.2025 | BC3: T04.2025 | BD3: T05.2025 | BE3: T06.2025 | BF3: T07.2025 | BG3: T08.2025 | BH3: T09.2025 | BI3: T10.2025 | BJ3: T11.2025 | BK3: T12.2025 | BL3: T01.2026 | BM3: T02.2026 | BN3: T03.2026 | BO3: T04.2026 | BP3: T05.2026 | BQ3: T06.2026 | BR3: T07.2026 | BS3: T08.2026 | BT3: T09.2026 | BU3: T10.2026 | BV3: T11.2026 | BW3: T12.2026
A4: 1 | B4: A-TÀI SẢN NGẮN HẠN | C4: 9 | AN4: =+AN5+AN8+AN15+AN23+AN30 -> 0 | AO4: =+AO5+AO8+AO15+AO23+AO30 -> 0 | AP4: =+AP5+AP8+AP15+AP23+AP30 -> 0 | AQ4: =+AQ5+AQ8+AQ15+AQ23+AQ30 -> 0 | AR4: =+AR5+AR8+AR15+AR23+AR30 -> 0 | AS4: =+AS5+AS8+AS15+AS23+AS30 -> 0 | AT4: =+AT5+AT8+AT15+AT23+AT30 -> 0 | AU4: 30000 | AV4: 1357273 | AW4: 62557273 | AX4: 20123757273 | AY4: 20100333536 | AZ4: 20080563460 | BA4: 20185570781 | BB4: 20230577394 | BC4: 20278400910 | BD4: 20323405862 | BE4: 21367412569 | BF4: 21427440870 | BG4: 21487156194 | BH4: 21547157746 | BI4: 21607158691 | BJ4: 21674217201 | BK4: =+BK5+BK8+BK15+BK23+BK30 -> 21734218198 | BL4: 21734219268 | BM4: 21740503011 | BN4: 20740503991 | BO4: 20740505081
A5: 2 | B5: I.Tiền và các khoản tương đương tiền | C5: 9 | AN5: =+SUM(AN6:AN7) -> 0 | AO5: =+SUM(AO6:AO7) -> 0 | AP5: =+SUM(AP6:AP7) -> 0 | AQ5: =+SUM(AQ6:AQ7) -> 0 | AR5: =+SUM(AR6:AR7) -> 0 | AS5: =+SUM(AS6:AS7) -> 0 | AT5: =+SUM(AT6:AT7) -> 0 | AU5: 0 | AV5: 0 | AW5: 0 | AX5: 20000000000 | AY5: 19915376263 | AZ5: 19862006187 | BA5: 19862013508 | BB5: 19862020121 | BC5: 19816230637 | BD5: 19816235589 | BE5: 815242296 | BF5: 815248997 | BG5: 814964321 | BH5: 814965873 | BI5: 814966818 | BJ5: 822025328 | BK5: =+SUM(BK6:BK7) -> 822026325 | BL5: 822027395 | BM5: 828311138 | BN5: 828312118 | BO5: 828313208
A6: 3 | B6: 1.Tiền | C6: 9 | AX6: 20000000000 | AY6: 19915376263 | AZ6: 19862006187 | BA6: 19862013508 | BB6: 19062020121 | BC6: 19016230637 | BD6: 19816235589 | BE6: 815242296 | BF6: 815248997 | BG6: 114964321 | BH6: 114965873 | BI6: 114966818 | BJ6: 122025328 | BK6: 122026325 | BL6: 122027395 | BM6: 128311138 | BN6: 128312118 | BO6: 128313208
A7: 4 | B7: 2.Các khoản tương đương tiền | C7: 9 | AS7: 0 | BB7: 800000000 | BC7: 800000000 | BE7: 0 | BF7: 0 | BG7: 700000000 | BH7: 700000000 | BI7: 700000000 | BJ7: 700000000 | BK7: 700000000 | BL7: 700000000 | BM7: 700000000 | BN7: 700000000 | BO7: 700000000
A8: 5 | B8: II.Đầu tư tài chính ngắn hạn | C8: 9 | AN8: =SUM(AN9:AN11) -> 0 | AO8: =SUM(AO9:AO11) -> 0 | AP8: =SUM(AP9:AP11) -> 0 | AQ8: =SUM(AQ9:AQ11) -> 0 | AR8: =SUM(AR9:AR11) -> 0 | AS8: 0 | AT8: =SUM(AT9:AT11) -> 0 | AU8: 0 | AV8: 0 | AW8: 0 | AX8: 0 | AY8: 0 | AZ8: 0 | BA8: 0 | BB8: 0 | BC8: 0 | BD8: 0 | BE8: 0 | BF8: 0 | BG8: 0 | BH8: 0 | BI8: 0 | BJ8: 0 | BK8: =SUM(BK9:BK11) -> 0
A9: 6 | B9: 1.Chứng khoán kinh doanh | C9: 9 | AS9: 0 | BE9: 0
A10: 7 | B10: 2.Dự phòng giảm giá chứng khoán kinh doanh (*) | C10: 9 | AS10: 0 | BE10: 0
A11: 8 | B11: 3.Đầu tư nắm giữ đến ngày đáo hạn ngắn hạn | C11: 9
A12: 9 | B12: 4.Dự phòng đầu tư nắm giữ đến ngày đáo hạn ngắn hạn (*) | C12: 9
A13: 10 | B13: 5.Đầu tư ngắn hạn khác | C13: 9
A14: 11 | B14: 6.Dự phòng tổn thất các khoản đầu tư ngắn hạn khác (*) | C14: 9
A15: 12 | B15: III.Các khoản phải thu ngắn hạn | C15: 9 | AN15: =+SUM(AN16:AN22) -> 0 | AO15: =+SUM(AO16:AO22) -> 0 | AP15: =+SUM(AP16:AP22) -> 0 | AQ15: =+SUM(AQ16:AQ22) -> 0 | AR15: =+SUM(AR16:AR22) -> 0 | AT15: =+SUM(AT16:AT22) -> 0 | AU15: 0 | AV15: 0 | AW15: 0 | AX15: 0 | AY15: 0 | AZ15: 32400000 | BA15: 16200000 | BB15: 0 | BC15: 32400000 | BD15: 16200000 | BE15: 20000000000 | BF15: 20000000000 | BG15: 20000000000 | BH15: 20000000000 | BI15: 20000000000 | BJ15: 20000000000 | BK15: =+SUM(BK16:BK22) -> 20000000000 | BL15: =+SUM(BL16:BL22) -> 20000000000 | BM15: 20000000000 | BN15: 19000000000 | BO15: 19000000000
A16: 13 | B16: 1.Phải thu ngắn hạn của khách hàng | C16: 9 | AS16: 0 | BE16: 0 | BG16: 0 | BH16: 0
A17: 14 | B17: 2.Trả trước cho người bán ngắn hạn | C17: 9 | AS17: 0 | AZ17: 32400000 | BA17: 16200000 | BC17: 32400000 | BD17: 16200000 | BE17: 0 | BH17: 0
A18: 15 | B18: 3.Phải thu nội bộ ngắn hạn | C18: 9 | AS18: 0 | BE18: 0 | BH18: 0
A19: 16 | B19: 4.Phải thu theo tiến độ hợp đồng xây dựng | C19: 9 | AS19: 0 | BE19: 0 | BH19: 0
A20: 17 | B20: 5.Phải thu ngắn hạn khác | C20: 9 | AS20: 0 | BE20: 20000000000 | BF20: 20000000000 | BG20: 20000000000 | BH20: 20000000000 | BI20: 20000000000 | BJ20: 20000000000 | BK20: 20000000000 | BL20: 20000000000 | BM20: 20000000000 | BN20: 19000000000 | BO20: 19000000000
A21: 18 | B21: 6.Dự phòng phải thu ngắn hạn khó đòi (*) | C21: 9 | AS21: 0 | BE21: 0 | BH21: 0
A22: 19 | B22: 7.Tài sản thiếu chờ xử lý | C22: 9 | AS22: 0 | BE22: 0 | BH22: 0
A23: 20 | B23: IV. Hàng tồn kho | C23: 9 | AS23: 0 | BE23: 0
A24: 21 | B24: 1.Hàng tồn kho | C24: 9 | AS24: 0 | BE24: 0
A25: 22 | B25: 2.Dự phòng giảm giá hàng tồn kho (*) | C25: 9 | AS25: 0 | BE25: 0
A26: 23 | B26: V. Tài sản sinh học ngắn hạn | C26: 9
A27: 24 | B27: 1.Súc vật nuôi lấy sản phẩm một lần ngắn hạn | C27: 9
A28: 25 | B28: 2.Cây trồng theo mùa vụ hoặc lấy sản phẩm một lần ngắn hạn | C28: 9
A29: 26 | B29: 3.Dự phòng tổn thất tài sản sinh học ngắn hạn (*) | C29: 9
A30: 27 | B30: VI. Tài sản ngắn hạn khác | C30: 9 | AN30: =+SUM(AN31:AN35) -> 0 | AO30: =+SUM(AO31:AO35) -> 0 | AP30: =+SUM(AP31:AP35) -> 0 | AQ30: =+SUM(AQ31:AQ35) -> 0 | AR30: =+SUM(AR31:AR35) -> 0 | AT30: =+SUM(AT31:AT35) -> 0 | AU30: 30000 | AV30: 1357273 | AW30: 62557273 | AX30: 123757273 | AY30: 184957273 | AZ30: 186157273 | BA30: 307357273 | BB30: 368557273 | BC30: 429770273 | BD30: 490970273 | BE30: 552170273 | BF30: 612191873 | BG30: 672191873 | BH30: 732191873 | BI30: 792191873 | BJ30: 852191873 | BK30: =+SUM(BK31:BK35) -> 912191873 | BL30: =+SUM(BL31:BL35) -> 912191873 | BM30: 912191873 | BN30: 912191873 | BO30: 912191873
A31: 28 | B31: 1.Chi phí chờ phân bổ ngắn hạn | C31: 9 | AS31: 0 | BE31: 0 | BH31: 0 | BI31: 0
A32: 29 | B32: 2.Thuế GTGT được khấu trừ | C32: 9 | AU32: 30000 | AV32: 1357273 | AW32: 62557273 | AX32: 123757273 | AY32: 184957273 | AZ32: 186157273 | BA32: 307357273 | BB32: 368557273 | BC32: 429770273 | BD32: 490970273 | BE32: 552170273 | BF32: 612191873 | BG32: 672191873 | BH32: 732191873 | BI32: 792191873 | BJ32: 852191873 | BK32: 912191873 | BL32: 912191873 | BM32: 912191873 | BN32: 912191873 | BO32: 912191873
A33: 30 | B33: 3.Thuế và các khoản khác phải thu Nhà nước | C33: 9 | BI33: 0
A34: 31 | B34: 4.Giao dịch mua bán lại trái phiếu Chính phủ | C34: 9 | AS34: 0 | BE34: 0
A35: 32 | B35: 5.Tài sản ngắn hạn khác | C35: 9 | AS35: 0 | BE35: 0
A36: 33 | B36: B-TÀI SẢN DÀI HẠN | C36: 9 | AN36: =+AN37+AN44+AN63+AN69+AN76+AN66 -> 0 | AO36: =+AO37+AO44+AO63+AO69+AO76+AO66 -> 0 | AP36: =+AP37+AP44+AP63+AP69+AP76+AP66 -> 0 | AQ36: =+AQ37+AQ44+AQ63+AQ69+AQ76+AQ66 -> 0 | AR36: =+AR37+AR44+AR63+AR69+AR76+AR66 -> 0 | AS36: 0 | AT36: =+AT37+AT44+AT63+AT69+AT76+AT66 -> 0 | AU36: 0 | AV36: 1237373 | AW36: 1202019 | AX36: 1166665 | AY36: 20359706 | AZ36: 19774969 | BA36: 19190232 | BB36: 18605495 | BC36: 18020758 | BD36: 17436021 | BE36: 16851284 | BF36: 16266547 | BG36: 15681810 | BH36: 15097073 | BI36: 14512336 | BJ36: 13927599 | BK36: 13342862 | BL36: 12758125 | BM36: 12173388 | BN36: 11588651 | BO36: 11003914
A37: 34 | B37: I.Các khoản phải thu dài hạn | C37: 9 | AS37: 0 | BE37: 0
A38: 35 | B38: 1.Phải thu dài hạn của khách hàng | C38: 9 | AS38: 0 | BE38: 0
A39: 36 | B39: 2.Trả trước cho người bán dài hạn | C39: 9 | AS39: 0 | BE39: 0
A40: 37 | B40: 3.Vốn kinh doanh ở đơn vị trực thuộc | C40: 9 | AS40: 0 | BE40: 0
A41: 38 | B41: 4.Phải thu nội bộ dài hạn | C41: 9 | AS41: 0 | BE41: 0
A42: 39 | B42: 5.Phải thu dài hạn khác | C42: 9 | AS42: 0 | BE42: 0
A43: 40 | B43: 6.Dự phòng phải thu dài hạn khó đòi (*) | C43: 9 | AS43: 0 | BE43: 0
A44: 41 | B44: II.Tài sản cố định | C44: 9 | AN44: =+AN45+AN51+AN48 -> 0 | AO44: =+AO45+AO51+AO48 -> 0 | AP44: =+AP45+AP51+AP48 -> 0 | AQ44: =+AQ45+AQ51+AQ48 -> 0 | AR44: =+AR45+AR51+AR48 -> 0 | AS44: 0 | AT44: =+AT45+AT51+AT48 -> 0 | AU44: 0 | AV44: 0 | AW44: 0 | AX44: 0 | AY44: 0 | AZ44: 0 | BA44: 0 | BB44: 0 | BC44: 0 | BD44: 0 | BE44: 0 | BF44: 0 | BG44: 0 | BH44: 0 | BI44: 0 | BJ44: 0 | BK44: =+BK45+BK51+BK48 -> 0 | BL44: =+BL45+BL51+BL48 -> 0
A45: 42 | B45: 1.Tài sản cố định hữu hình | C45: 9 | AN45: =+SUM(AN46:AN47) -> 0 | AO45: =+SUM(AO46:AO47) -> 0 | AP45: =+SUM(AP46:AP47) -> 0 | AQ45: =+SUM(AQ46:AQ47) -> 0 | AR45: =+SUM(AR46:AR47) -> 0 | AS45: 0 | AT45: =+SUM(AT46:AT47) -> 0 | AU45: 0 | AV45: 0 | AW45: 0 | AX45: 0 | AY45: 0 | AZ45: 0 | BA45: 0 | BB45: 0 | BC45: 0 | BD45: 0 | BE45: 0 | BF45: 0 | BG45: 0 | BH45: 0 | BI45: 0 | BJ45: 0 | BK45: =+SUM(BK46:BK47) -> 0 | BL45: =+SUM(BL46:BL47) -> 0
A46: 43 | B46: Nguyên giá TSCĐ HH | C46: 9 | AS46: 0 | BE46: 0
A47: 44 | B47: Giá trị hao mòn luỹ kế TSCĐ HH(*) | C47: 9 | AS47: 0 | BE47: 0
A48: 45 | B48: 2. Tài sản cố định thuê tài chính | C48: 9 | AS48: 0 | BE48: 0
A49: 46 | B49: Nguyên giá TSCĐ thuê tài chính | C49: 9 | AS49: 0 | BE49: 0
A50: 47 | B50: Giá trị hao mòn luỹ kế TSCĐ thuê tài chính | C50: 9 | AS50: 0 | BE50: 0
A51: 48 | B51: 3. Tài sản cố định vô hình | C51: 9 | AN51: =+SUM(AN52:AN53) -> 0 | AO51: =+SUM(AO52:AO53) -> 0 | AP51: =+SUM(AP52:AP53) -> 0 | AQ51: =+SUM(AQ52:AQ53) -> 0 | AR51: =+SUM(AR52:AR53) -> 0 | AS51: 0 | AT51: =+SUM(AT52:AT53) -> 0 | AU51: 0 | AV51: 0 | AW51: 0 | AX51: 0 | AY51: 0 | AZ51: 0 | BA51: 0 | BB51: 0 | BC51: 0 | BD51: 0 | BE51: 0 | BF51: 0 | BG51: 0 | BH51: 0 | BI51: 0 | BJ51: 0 | BK51: =+SUM(BK52:BK53) -> 0 | BL51: =+SUM(BL52:BL53) -> 0
A52: 49 | B52: Nguyên giá TSCĐ vô hình | C52: 9 | AS52: 0 | BE52: 0
A53: 50 | B53: Giá trị hao mòn luỹ kế TSCĐ vô hình(*) | C53: 9 | AS53: 0 | BE53: 0
A54: 51 | B54: III.Tài sản sinh học dài hạn | C54: 9
A55: 52 | B55: 1.Súc vật nuôi cho sản phẩm định kỳ | C55: 9
A56: 53 | B56: a)Súc vật nuôi cho sản phẩm định kỳ chưa đến giai đoạn trưởng thành | C56: 9
A57: 54 | B57: b)Súc vật nuôi cho sản phẩm định kỳ đến giai đoạn trưởng thành | C57: 9
A58: 55 | B58: Nguyên giá | C58: 9
A59: 56 | B59: Giá trị khấu hao lũy kế (*) | C59: 9
A60: 57 | B60: 2.Súc vật nuôi lấy sản phẩm một lần dài hạn | C60: 9
A61: 58 | B61: 3.Cây trồng theo mùa vụ hoặc lấy sản phẩm một lần dài hạn | C61: 9
A62: 59 | B62: 4.Dự phòng tổn thất tài sản sinh học dài hạn | C62: 9
A63: 60 | B63: IV. Bất động sản đầu tư | C63: 9 | AS63: 0 | BE63: 0
A64: 61 | B64: Nguyên giá bất động sản đầu tư | C64: 9 | AS64: 0 | BE64: 0
A65: 62 | B65: Giá trị hao mòn luỹ kế BĐSĐT(*) | C65: 9 | AS65: 0 | BE65: 0
A66: 63 | B66: V.Tài sản dở dang dài hạn | C66: 9 | AS66: 0 | BE66: 0 | BG66: 0
A67: 64 | B67: 1.Chi phí sản xuất, kinh doanh dở dang dài hạn | C67: 9 | AS67: 0 | BE67: 0
A68: 65 | B68: 2.Chi phí xây dựng cơ bản dở dang | C68: 9 | AS68: 0 | BE68: 0
A69: 66 | B69: VI.Đầu tư tài chính dài hạn | C69: 9 | AS69: 0 | BE69: 0
A70: 67 | B70: 1.Đầu tư vào công ty con | C70: 9 | AS70: 0 | BE70: 0
A71: 68 | B71: 2.Đầu tư vào công ty liên doanh, liên kết | C71: 9 | AS71: 0 | BE71: 0
A72: 69 | B72: 3.Đầu tư góp vốn vào đơn vị khác | C72: 9 | AS72: 0 | BE72: 0
A73: 70 | B73: 4.Dự phòng tổn thất đầu tư vào đơn vị khác dài hạn(*) | C73: 9 | AS73: 0 | BE73: 0
A74: 71 | B74: 5.Đầu tư nắm giữ đến ngày đáo hạn dài hạn | C74: 9 | AS74: 0 | BE74: 0
A75: 72 | B75: 6.Dự phòng đầu tư nắm giữ đến ngày đáo hạn dài hạn (*) | C75: 9
A76: 73 | B76: VII.Tài sản dài hạn khác | C76: 9 | AS76: 0 | AU76: 0 | AV76: 1237373 | AW76: 1202019 | AX76: 1166665 | AY76: 20359706 | AZ76: 19774969 | BA76: 19190232 | BB76: 18605495 | BC76: 18020758 | BD76: 17436021 | BE76: 16851284 | BF76: 16266547 | BG76: 15681810 | BH76: 15097073 | BI76: 14512336 | BJ76: 13927599 | BK76: 13342862 | BL76: 12758125 | BM76: 12173388 | BN76: 11588651 | BO76: 11003914
A77: 74 | B77: 1.Chi phí chờ phân bổ dài hạn | C77: 9 | AS77: 0 | AV77: 1237373 | AW77: 1202019 | AX77: 1166665 | AY77: 20359706 | AZ77: 19774969 | BA77: 19190232 | BB77: 18605495 | BC77: 18020758 | BD77: 17436021 | BE77: 16851284 | BF77: 16266547 | BG77: 15681810 | BH77: 15097073 | BI77: 14512336 | BJ77: 13927599 | BK77: 13342862 | BL77: 12758125 | BM77: 12173388 | BN77: 11588651 | BO77: 11003914
A78: 75 | B78: 2.Tài sản thuế thu nhập hoãn lại | C78: 9 | AS78: 0 | BE78: 0 | BH78: 0 | BI78: 0
A79: 76 | B79: 3.Thiết bị, vật tư, phụ tùng thay thế dài hạn | C79: 9 | AS79: 0 | BE79: 0
A80: 77 | B80: 4.Tài sản dài hạn khác | C80: 9 | AS80: 0 | BE80: 0
A81: 78 | B81: TỔNG TÀI SẢN | C81: 9 | AN81: =+AN36+AN4 -> 0 | AO81: =+AO36+AO4 -> 0 | AP81: =+AP36+AP4 -> 0 | AQ81: =+AQ36+AQ4 -> 0 | AR81: =+AR36+AR4 -> 0 | AS81: =+AS36+AS4 -> 0 | AT81: =+AT36+AT4 -> 0 | AU81: 30000 | AV81: 2594646 | AW81: 63759292 | AX81: 20124923938 | AY81: 20120693242 | AZ81: 20100338429 | BA81: 20204761013 | BB81: 20249182889 | BC81: 20296421668 | BD81: 20340841883 | BE81: 21384263853 | BF81: 21443707417 | BG81: 21502838004 | BH81: 21562254819 | BI81: 21621671027 | BJ81: 21688144800 | BK81: =+BK36+BK4 -> 21747561060 | BL81: =+BL36+BL4 -> 21746977393 | BM81: 21752676399 | BN81: 20752092642 | BO81: 20751508995
A82: 79 | B82: C-NỢ PHẢI TRẢ | C82: 9 | AN82: =+AN83+AN99 -> 0 | AO82: =+AO83+AO99 -> 0 | AP82: =+AP83+AP99 -> 0 | AQ82: =+AQ83+AQ99 -> 0 | AR82: =+AR83+AR99 -> 0 | AS82: =+AS83+AS99 -> 0 | AT82: =+AT83+AT99 -> 0 | AU82: 430000 | AV82: 18030000 | AW82: 694230000 | AX82: 1370430000 | AY82: 1981777778 | AZ82: 1980000000 | BA82: 3300000000 | BB82: 3960000000 | BC82: 4620000000 | BD82: 5280000000 | BE82: 6940000000 | BF82: 7600291600 | BG82: 8260000000 | BH82: 8920000000 | BI82: 9580000000 | BJ82: 10240000000 | BK82: =+BK83+BK99 -> 10900000000 | BL82: =+BL83+BL99 -> 10900161000 | BM82: 10900161000 | BN82: 9900161000 | BO82: 9900161000
A83: 80 | B83: I.Nợ ngắn hạn | C83: 9 | AN83: =+SUM(AN85:AN98) -> 0 | AO83: =+SUM(AO85:AO98) -> 0 | AP83: =+SUM(AP85:AP98) -> 0 | AQ83: =+SUM(AQ85:AQ98) -> 0 | AR83: =+SUM(AR85:AR98) -> 0 | AS83: =+SUM(AS85:AS98) -> 0 | AT83: =+SUM(AT85:AT98) -> 0 | AU83: 430000 | AV83: 18030000 | AW83: 694230000 | AX83: 1370430000 | AY83: 1981777778 | AZ83: 1980000000 | BA83: 3300000000 | BB83: 3960000000 | BC83: 4620000000 | BD83: 5280000000 | BE83: 6940000000 | BF83: 7600291600 | BG83: 8260000000 | BH83: 8920000000 | BI83: 9580000000 | BJ83: 10240000000 | BK83: =+SUM(BK84:BK98) -> 10900000000 | BL83: 10900161000 | BM83: 10900161000 | BN83: 9900161000 | BO83: 9900161000
A84: 81 | B84: 1.Phải trả người bán ngắn hạn | C84: 9 | AS84: 0 | AU84: 430000 | AV84: 18030000 | AW84: 694230000 | AX84: 1370430000 | AY84: 1980000000 | AZ84: 1980000000 | BA84: 3300000000 | BB84: 3960000000 | BC84: 4620000000 | BD84: 5280000000 | BE84: 5940000000 | BF84: 6600291600 | BG84: 7260000000 | BH84: 7920000000 | BI84: 8580000000 | BJ84: 9240000000 | BK84: 9900000000 | BL84: 9900000000 | BM84: 9900000000 | BN84: 9900000000 | BO84: 9900000000
A85: 82 | B85: 2.Người mua trả tiền trước ngắn hạn | C85: 9 | AS85: 0 | BE85: 0 | BH85: 0 | BI85: 0
A86: 83 | B86: 3.Phải trả cổ tức, lợi nhuận | C86: 9
A87: 84 | B87: 4.Thuế và các khoản phải nộp Nhà nước ngắn hạn | C87: 9 | AS87: 0 | AY87: 1777778 | BE87: 0 | BH87: 0 | BI87: 0
A88: 85 | B88: 5.Phải trả người lao động | C88: 9 | AS88: 0 | BE88: 0 | BH88: 0 | BI88: 0
A89: 86 | B89: 6.Chi phí phải trả ngắn hạn | C89: 9 | AS89: 0 | BE89: 0 | BH89: 0 | BI89: 0
A90: 87 | B90: 7.Phải trả nội bộ ngắn hạn | C90: 9 | AS90: 0 | BE90: 0 | BH90: 0 | BI90: 0
A91: 88 | B91: 8.Phải trả theo tiến độ hợp đồng xây dựng ngắn hạn | C91: 9 | AN91: 0 | AS91: 0 | AZ91: 0 | BE91: 0 | BH91: 0 | BI91: 0
A92: 89 | B92: 9.Doanh thu chờ phân bổ ngắn hạn | C92: 9 | AN92: 0 | AS92: 0 | AZ92: 0 | BE92: 0 | BH92: 0 | BI92: 0
A93: 90 | B93: 10.Phải trả ngắn hạn khác | C93: 9 | BE93: 1000000000 | BF93: 1000000000 | BG93: 1000000000 | BH93: 1000000000 | BI93: 1000000000 | BJ93: 1000000000 | BK93: 1000000000 | BL93: 1000161000 | BM93: 1000161000 | BN93: 161000 | BO93: 161000
A94: 91 | B94: 11.Vay và nợ thuê tài chính ngắn hạn | C94: 9 | AS94: 0 | BE94: 0 | BH94: 0
A95: 92 | B95: 12.Dự phòng phải trả ngắn hạn | C95: 9 | AS95: 0 | BE95: 0 | BH95: 0
A96: 93 | B96: 13.Quỹ khen thưởng, phúc lợi | C96: 9 | AS96: 0 | BE96: 0 | BH96: 0
A97: 94 | B97: 14.Quỹ bình ổn giá | C97: 9 | AS97: 0 | BE97: 0 | BH97: 0
A98: 95 | B98: 15.Giao dịch mua bán lại trái phiếu Chính phủ | C98: 9 | AS98: 0 | BE98: 0
A99: 96 | B99: II.Nợ dài hạn | C99: 9 | AS99: 0 | BE99: 0
A100: 97 | B100: 1.Phải trả người bán dài hạn | C100: 9 | AS100: 0 | BE100: 0
...

Sheet Ket qua kinh doanh
B1: CTY CỔ PHẦN TÁI CHẾ TÂN ĐẠI PHÁT
B2: VND
A3: Index PL | B3: PHẦN II-KẾT QUẢ HOẠT ĐỘNG KINH DOANH | C3: TenCongTyID | D3: T1.2021 | E3: T02.2021 | F3: T03.2021 | G3: T04.2021 | H3: T05.2021 | I3: T06.2021 | J3: T07.2021 | K3: T08.2021 | L3: T09.2021 | M3: T10.2021 | N3: T11.2021 | O3: T12.2021 | P3: T1.2022 | Q3: T02.2022 | R3: T03.2022 | S3: T04.2022 | T3: T05.2022 | U3: T06.2022 | V3: T07.2022 | W3: T08.2022 | X3: T09.2022 | Y3: T10.2022 | Z3: T11.2022 | AA3: T12.2022 | AB3: T1.2023 | AC3: T02.2023 | AD3: T03.2023 | AE3: T04.2023 | AF3: T05.2023 | AG3: T06.2023 | AH3: T07.2023 | AI3: T08.2023 | AJ3: T09.2023 | AK3: T10.2023 | AL3: T11.2023 | AM3: T12.2023 | AN3: T01.2024 | AO3: T02.2024 | AP3: T03.2024 | AQ3: T04.2024 | AR3: T05.2024 | AS3: T06.2024 | AT3: T07.2024 | AU3: T08.2024 | AV3: T09.2024 | AW3: T10.2024 | AX3: T11.2024 | AY3: T12.2024 | AZ3: T01.2025 | BA3: T02.2025 | BB3: T03.2025 | BC3: T04.2025 | BD3: T05.2025 | BE3: T06.2025 | BF3: T07.2025 | BG3: T08.2025 | BH3: T09.2025 | BI3: T10.2025 | BJ3: T11.2025 | BK3: T12.2025 | BL3: T01.2026 | BM3: T02.2026 | BN3: T03.2026 | BO3: T04.2026 | BP3: T05.2026 | BQ3: T06.2026 | BR3: T07.2026 | BS3: T08.2026 | BT3: T09.2026 | BU3: T10.2026 | BV3: T11.2026 | BW3: T12.2026
A4: 1 | B4: Sản lượng (Tấn) | C4: 9
A5: 2 | B5: 1.Doanh thu bán hàng và cung cấp dịch vụ | C5: 9 | AU5: 0 | AV5: 0 | AW5: 0 | AX5: 0 | AY5: 0 | AZ5: 0 | BA5: 0 | BB5: 0 | BC5: 0 | BD5: 0 | BE5: 0 | BF5: 0 | BH5: 0
A6: 3 | B6: 2.Các khoản giảm trừ doanh thu | C6: 9 | AU6: 0 | AV6: 0 | AW6: 0 | AX6: 0 | AY6: 0 | AZ6: 0 | BA6: 0 | BB6: 0 | BC6: 0 | BD6: 0 | BE6: 0 | BF6: 0 | BH6: 0
A7: 4 | B7: 3.Doanh thu thuần về bán hàng và cung cấp dịch vụ | C7: 9 | AU7: 0 | AV7: 0 | AW7: 0 | AX7: 0 | AY7: 0 | AZ7: 0 | BA7: 0 | BB7: 0 | BC7: 0 | BD7: 0 | BE7: 0 | BF7: 0 | BH7: 0
A8: 5 | B8: 4.Giá vốn hàng bán | C8: 9 | AU8: 0 | AV8: 0 | AW8: 0 | AX8: 0 | AY8: 0 | AZ8: 0 | BA8: 0 | BB8: 0 | BC8: 0 | BD8: 0 | BE8: 0 | BF8: 0 | BH8: 0
A9: 6 | B9: 5.Lợi nhuận gộp về bán hàng | C9: 9 | AU9: 0 | AV9: 0 | AW9: 0 | AX9: 0 | AY9: 0 | AZ9: 0 | BA9: 0 | BB9: 0 | BC9: 0 | BD9: 0 | BE9: 0 | BF9: 0 | BH9: 0
A10: 7 | B10: 6.Lãi/lỗ của hoạt động bán, thanh lý bất động sản đầu tư | C10: 9
A11: 8 | B11: 7.Doanh thu hoạt động tài chính | C11: 9 | AU11: 0 | AV11: 0 | AW11: 0 | AX11: 0 | AY11: 6263 | AZ11: 7702 | BA11: 7321 | BB11: 6613 | BC11: 3453516 | BD11: 4952 | BE11: 6707 | BF11: 6701 | BG11: 6924 | BH11: 1552 | BI11: 945 | BJ11: 7058510 | BK11: 997 | BL11: 1070 | BM11: 6283743 | BN11: 980 | BO11: 1090
A12: 9 | B12: 8.Chi phí tài chính | C12: 9 | AU12: 0 | AV12: 0 | AW12: 0 | AX12: 0 | AY12: 0 | AZ12: 0 | BA12: 0 | BB12: 0 | BC12: 0 | BD12: 0 | BE12: 0 | BF12: 0 | BH12: 0
A13: 10 | B13: Trong đó: Chi phí lãi vay | C13: 9 | AU13: 0 | AV13: 0 | AW13: 0 | AX13: 0 | AY13: 0 | AZ13: 0 | BA13: 0 | BB13: 0 | BC13: 0 | BD13: 0 | BE13: 0 | BF13: 0 | BH13: 0
A14: 11 | B14: 9.Chi phí bán hàng | C14: 9 | AU14: 0 | AV14: 0 | AW14: 0 | AX14: 0 | AY14: 0 | AZ14: 0 | BA14: 0 | BB14: 0 | BC14: 0 | BD14: 0 | BE14: 0 | BF14: 0 | BH14: 0
A15: 12 | B15: 10.Chi phí quản lý doanh nghiệp | C15: 9 | AU15: 400000 | AV15: 15035354 | AW15: 615035354 | AX15: 615035354 | AY15: 615584737 | AZ15: 18584737 | BA15: 1215584737 | BB15: 615584737 | BC15: 616214737 | BD15: 615584737 | BE15: 615584737 | BF15: 600854737 | BG15: 600584737 | BH15: 600584737 | BI15: 600584737 | BJ15: 600584737 | BK15: 600584737 | BL15: 584737 | BM15: 584737 | BN15: 584737 | BO15: 584737
A16: 13 | B16: 11.Lợi nhuận thuần từ hoạt động kinh doanh | C16: 9 | AN16: =+AN9+AN11-AN12-AN14-AN15 -> 0 | AO16: =+AO9+AO11-AO12-AO14-AO15 -> 0 | AP16: =+AP9+AP11-AP12-AP14-AP15 -> 0 | AQ16: =+AQ9+AQ11-AQ12-AQ14-AQ15 -> 0 | AR16: =+AR9+AR11-AR12-AR14-AR15 -> 0 | AS16: =+AS9+AS11-AS12-AS14-AS15 -> 0 | AT16: =+AT9+AT11-AT12-AT14-AT15 -> 0 | AU16: -400000 | AV16: -15035354 | AW16: -615035354 | AX16: -615035354 | AY16: -615578474 | AZ16: -18577035 | BA16: -1215577416 | BB16: -615578124 | BC16: -612761221 | BD16: -615579785 | BE16: -615578030 | BF16: -600848036 | BG16: -600577813 | BH16: -600583185 | BI16: =+BI9+BI11-BI12-BI14-BI15 -> -600583792 | BJ16: -593526227 | BK16: =+BK9+BK11-BK12-BK14-BK15 -> -600583740 | BL16: -583667 | BM16: 5699006 | BN16: -583757 | BO16: -583647
A17: 14 | B17: 12.Thu nhập khác | C17: 9 | AU17: 0 | AV17: 0 | AW17: 0 | AX17: 0 | AY17: 0 | AZ17: 0 | BA17: 0 | BB17: 0 | BC17: 0 | BD17: 0 | BE17: 0 | BF17: 0 | BH17: 0
A18: 15 | B18: 13.Chi phí khác | C18: 9 | AU18: 0 | AV18: 0 | AW18: 0 | AX18: 0 | AY18: 0 | AZ18: 0 | BA18: 0 | BB18: 0 | BC18: 0 | BD18: 0 | BE18: 1000000 | BF18: 0 | BH18: 0 | BL18: 161000
A19: 16 | B19: 14.Lợi nhuận khác | C19: 9 | AO19: =AO17-AO18 -> 0 | AP19: =AP17-AP18 -> 0 | AQ19: =AQ17-AQ18 -> 0 | AR19: =AR17-AR18 -> 0 | AS19: =AS17-AS18 -> 0 | AT19: =AT17-AT18 -> 0 | AU19: 0 | AV19: 0 | AW19: 0 | AX19: 0 | AY19: 0 | AZ19: 0 | BA19: 0 | BB19: 0 | BC19: 0 | BD19: 0 | BE19: -1000000 | BF19: 0 | BH19: 0 | BL19: -161000
A20: 17 | B20: 15.Tổng lợi nhuận kế toán trước thuế | C20: 9 | AN20: =+AN16+AN19 -> 0 | AO20: =+AO16+AO19 -> 0 | AP20: =+AP16+AP19 -> 0 | AQ20: =+AQ16+AQ19 -> 0 | AR20: =+AR16+AR19 -> 0 | AS20: =+AS16+AS19 -> 0 | AT20: =+AT16+AT19 -> 0 | AU20: -400000 | AV20: -15035354 | AW20: -615035354 | AX20: -615035354 | AY20: -615578474 | AZ20: -18577035 | BA20: -1215577416 | BB20: -615578124 | BC20: -612761221 | BD20: -615579785 | BE20: -616578030 | BF20: -600848036 | BG20: -600577813 | BH20: -600583185 | BI20: =+BI16+BI19 -> -600583792 | BJ20: -593526227 | BK20: =+BK16+BK19 -> -600583740 | BL20: -744667 | BM20: 5699006 | BN20: -583757 | BO20: -583647
A21: 18 | B21: 16.Chi phí thuế TNDN hiện hành | C21: 9 | AU21: 0 | AV21: 0 | AX21: 0 | AY21: 0 | AZ21: 0 | BA21: 0 | BB21: 0 | BC21: 0 | BD21: 0 | BE21: 0 | BF21: 0 | BH21: 0
A22: 19 | B22: 17.Chi phí thuế TNDN hoãn lại | C22: 9 | AU22: 0 | AV22: 0 | AX22: 0 | AY22: 0 | AZ22: 0 | BA22: 0 | BB22: 0 | BC22: 0 | BD22: 0 | BE22: 0 | BF22: 0 | BH22: 0
A23: 20 | B23: 18.Lợi nhuận sau thuế thu nhập doanh nghiệp | C23: 9 | AN23: =+AN20-AN21-AN22 -> 0 | AO23: =+AO20-AO21-AO22 -> 0 | AP23: =+AP20-AP21-AP22 -> 0 | AQ23: =+AQ20-AQ21-AQ22 -> 0 | AR23: =+AR20-AR21-AR22 -> 0 | AS23: =+AS20-AS21-AS22 -> 0 | AT23: =+AT20-AT21-AT22 -> 0 | AU23: -400000 | AV23: -15035354 | AW23: -615035354 | AX23: -615035354 | AY23: -615578474 | AZ23: -18577035 | BA23: -1215577416 | BB23: -615578124 | BC23: -612761221 | BD23: -615579785 | BE23: -616578030 | BF23: -600848036 | BG23: -600577813 | BH23: -600583185 | BI23: =+BI20-BI21-BI22 -> -600583792 | BJ23: -593526227 | BK23: =+BK20-BK21-BK22 -> -600583740 | BL23: =+BL20-BL21-BL22 -> -744667 | BM23: 5699006 | BN23: -583757 | BO23: -583647

Sheet Luu chuyen tien te
B1: CTY CỔ PHẦN TÁI CHẾ TÂN ĐẠI PHÁT
B2: VND
A3: Index CF | B3: PHẦN III- LƯU CHUYỂN TIỀN TỆ | C3: TenCongTyID | D3: T1.2021 | E3: T02.2021 | F3: T03.2021 | G3: T04.2021 | H3: T05.2021 | I3: T06.2021 | J3: T07.2021 | K3: T08.2021 | L3: T09.2021 | M3: T10.2021 | N3: T11.2021 | O3: T12.2021 | P3: T1.2022 | Q3: T02.2022 | R3: T03.2022 | S3: T04.2022 | T3: T05.2022 | U3: T06.2022 | V3: T07.2022 | W3: T08.2022 | X3: T09.2022 | Y3: T10.2022 | Z3: T11.2022 | AA3: T12.2022 | AB3: T1.2023 | AC3: T02.2023 | AD3: T03.2023 | AE3: T04.2023 | AF3: T05.2023 | AG3: T06.2023 | AH3: T07.2023 | AI3: T08.2023 | AJ3: T09.2023 | AK3: T10.2023 | AL3: T11.2023 | AM3: T12.2023 | AN3: T01.2024 | AO3: T02.2024 | AP3: T03.2024 | AQ3: T04.2024 | AR3: T05.2024 | AS3: T06.2024 | AT3: T07.2024 | AU3: T08.2024 | AV3: T09.2024 | AW3: T10.2024 | AX3: T11.2024 | AY3: T12.2024 | AZ3: T01.2025 | BA3: T02.2025 | BB3: T03.2025 | BC3: T04.2025 | BD3: T05.2025 | BE3: T06.2025 | BF3: T07.2025 | BG3: T08.2025 | BH3: T09.2025 | BI3: T10.2025 | BJ3: T11.2025 | BK3: T12.2025 | BL3: T01.2026 | BM3: T02.2026 | BN3: T03.2026 | BO3: T04.2026 | BP3: T05.2026 | BQ3: T06.2026 | BR3: T07.2026 | BS3: T08.2026 | BT3: T09.2026 | BU3: T10.2026 | BV3: T11.2026 | BW3: T12.2026
A4: 1 | B4: I. Lưu chuyển tiền từ hoạt động kinh doanh | C4: 9
A5: 2 | B5: Lợi nhuận trước thuế | C5: 9 | AN5: ='Ket qua kinh doanh'!AN20 -> 0 | AO5: ='Ket qua kinh doanh'!AO20 -> 0 | AP5: ='Ket qua kinh doanh'!AP20 -> 0 | AQ5: ='Ket qua kinh doanh'!AQ20 -> 0 | AR5: ='Ket qua kinh doanh'!AR20 -> 0 | AS5: ='Ket qua kinh doanh'!AS20 -> 0 | AT5: ='Ket qua kinh doanh'!AT20 -> 0 | AU5: ='Ket qua kinh doanh'!AU20 -> -400000 | ... BI5: ='Ket qua kinh doanh'!BI20 -> -600583792 | BJ5: -593526227 | BK5: ='Ket qua kinh doanh'!BK20 -> -600583740 | BL5: ='Ket qua kinh doanh'!BL20 -> -744667 | BM5: 5699006 | BN5: -583757 | BO5: -583647
A6: 3 | B6: Điều chỉnh cho các khoản: | C6: 9
A7: 4 | B7: Khấu hao tài sản cố định và BĐSĐT | C7: 9
A8: 5 | B8: Các khoản dự phòng | C8: 9 | AP8: 0 | BB8: 0
A9: 6 | B9: Lãi, lỗ chênh lệch tỷ giá do đánh giá lại các khoản mục tiền tệ có gốc ngoại tệ | C9: 9 | AP9: 0 | BB9: 0
A10: 7 | B10: Lãi, lỗ từ hoạt động đầu tư, tài chính | C10: 9 | AN10: =-'Ket qua kinh doanh'!AN11 -> 0 | AO10: =-'Ket qua kinh doanh'!AO11 -> 0 | AP10: =-'Ket qua kinh doanh'!AP11 -> 0 | AQ10: =-'Ket qua kinh doanh'!AQ11 -> 0 | AR10: =-'Ket qua kinh doanh'!AR11 -> 0 | AS10: =-'Ket qua kinh doanh'!AS11 -> 0 | AT10: =-'Ket qua kinh doanh'!AT11 -> 0 | AU10: =-'Ket qua kinh doanh'!AU11 -> 0 | ... BI10: =-'Ket qua kinh doanh'!BI11 -> -945 | BJ10: -7058510 | BK10: =-'Ket qua kinh doanh'!BK11 -> -997 | BL10: =-'Ket qua kinh doanh'!BL11 -> -1070 | BM10: -6283743 | BN10: -980 | BO10: -1090
A11: 8 | B11: Chi phí đi vay | C11: 9
A12: 9 | B12: Các khoản điều chỉnh khác | C12: 9
A13: 10 | B13: Lợi nhuận từ hoạt động kinh doanh trước thay đổi vốn lưu động | C13: 9 | AN13: =+SUM(AN5:AN12) -> 0 | AO13: =+SUM(AO5:AO12) -> 0 | AP13: =+SUM(AP5:AP12) -> 0 | AQ13: =+SUM(AQ5:AQ12) -> 0 | AR13: =+SUM(AR5:AR12) -> 0 | AS13: =+SUM(AS5:AS12) -> 0 | AT13: =+SUM(AT5:AT12) -> 0 | AU13: =+SUM(AU5:AU12) -> -400000 | ... BI13: =+SUM(BI5:BI12) -> -600584737 | BJ13: -600584737 | BK13: =+SUM(BK5:BK12) -> -600584737 | BL13: =+SUM(BL5:BL12) -> -745737 | BM13: =+SUM(BM5:BM12) -> -584737 | BN13: =+SUM(BN5:BN12) -> -584737 | BO13: =+SUM(BO5:BO12) -> -584737
A14: 11 | B14: Tăng / giảm các khoản phải thu | C14: 9 | AP14: =-('Tinh hinh tai chinh'!AP32-'Tinh hinh tai chinh'!AO32) -> 0 | AQ14: =-('Tinh hinh tai chinh'!AQ32-'Tinh hinh tai chinh'!AP32) -> 0 | AR14: =-('Tinh hinh tai chinh'!AR32-'Tinh hinh tai chinh'!AQ32) -> 0 | AS14: =-('Tinh hinh tai chinh'!AS32-'Tinh hinh tai chinh'!AR32) -> 0 | AT14: =-('Tinh hinh tai chinh'!AT32-'Tinh hinh tai chinh'!AS32) -> 0 | AX14: =-('Tinh hinh tai chinh'!AX32-'Tinh hinh tai chinh'!AW32)-('Tinh hinh tai chinh'!AX17-'Tinh hinh tai chinh'!AW17)-('Tinh hinh tai chinh'!AX20-'Tinh hinh tai chinh'!AW20) -> -61200000 | AY14: =-('Tinh hinh tai chinh'!AY32-'Tinh hinh tai chinh'!AX32)-('Tinh hinh tai chinh'!AY17-'Tinh hinh tai chinh'!AX17)-('Tinh hinh tai chinh'!AY20-'Tinh hinh tai chinh'!AX20) -> -61200000 | AZ14: =-('Tinh hinh tai chinh'!AZ32-'Tinh hinh tai chinh'!AY32)-('Tinh hinh tai chinh'!AZ17-'Tinh hinh tai chinh'!AY17)-('Tinh hinh tai chinh'!AZ20-'Tinh hinh tai chinh'!AY20) -> -33600000 | BA14: =-('Tinh hinh tai chinh'!BA32-'Tinh hinh tai chinh'!AZ32)-('Tinh hinh tai chinh'!BA17-'Tinh hinh tai chinh'!AZ17)-('Tinh hinh tai chinh'!BA20-'Tinh hinh tai chinh'!AZ20) -> -105000000 | BB14: =-('Tinh hinh tai chinh'!BB32-'Tinh hinh tai chinh'!BA32)-('Tinh hinh tai chinh'!BB17-'Tinh hinh tai chinh'!BA17)-('Tinh hinh tai chinh'!BB20-'Tinh hinh tai chinh'!BA20) -> -45000000 | BC14: =-('Tinh hinh tai chinh'!BC32-'Tinh hinh tai chinh'!BB32)-('Tinh hinh tai chinh'!BC17-'Tinh hinh tai chinh'!BB17)-('Tinh hinh tai chinh'!BC20-'Tinh hinh tai chinh'!BB20) -> -93613000 | BD14: =-('Tinh hinh tai chinh'!BD32-'Tinh hinh tai chinh'!BC32)-('Tinh hinh tai chinh'!BD17-'Tinh hinh tai chinh'!BC17)-('Tinh hinh tai chinh'!BD20-'Tinh hinh tai chinh'!BC20) -> -45000000 | BE14: =-('Tinh hinh tai chinh'!BE32-'Tinh hinh tai chinh'!BD32)-('Tinh hinh tai chinh'!BE17-'Tinh hinh tai chinh'!BD17)-('Tinh hinh tai chinh'!BE20-'Tinh hinh tai chinh'!BD20) -> -20045000000 | ... BH14: =-('Tinh hinh tai chinh'!BH32-'Tinh hinh tai chinh'!BG32)-('Tinh hinh tai chinh'!BH17-'Tinh hinh tai chinh'!BG17)-('Tinh hinh tai chinh'!BH20-'Tinh hinh tai chinh'!BG20) -> -60000000 | BI14: -60000000 | BJ14: -60000000 | BK14: -60000000
A15: 12 | B15: Tăng / giảm hàng tồn kho | C15: 9 | AO15: 0 | AP15: 0 | AQ15: 0 | AR15: 0 | AS15: 0 | AT15: 0 | AU15: 0 | AV15: 0 | AW15: 0 | AX15: 0 | AY15: 0 | BA15: 0 | BB15: 0 | BC15: 0 | BD15: 0 | BE15: 0 | BF15: 0 | BG15: 0 | BH15: 0 | BI15: 0
A16: 13 | B16: Tăng / giảm các khoản phải trả (Không bao gồm lãi vay phải trả, thuế TNDN phải nộp) | C16: 9 | AU16: 400000 | AV16: =-AV5 -> 15035354 | AW16: =-AW5 -> 615035354 | AX16: =('Tinh hinh tai chinh'!AX84-'Tinh hinh tai chinh'!AW84+'Tinh hinh tai chinh'!AX87-'Tinh hinh tai chinh'!AW87+'Tinh hinh tai chinh'!AX93-'Tinh hinh tai chinh'!AW93) -> 676200000 | AY16: =('Tinh hinh tai chinh'!AY84-'Tinh hinh tai chinh'!AX84+'Tinh hinh tai chinh'!AY87-'Tinh hinh tai chinh'!AX87+'Tinh hinh tai chinh'!AY93-'Tinh hinh tai chinh'!AX93) -> 611347778 | AZ16: =('Tinh hinh tai chinh'!AZ84-'Tinh hinh tai chinh'!AY84+'Tinh hinh tai chinh'!AZ87-'Tinh hinh tai chinh'!AY87+'Tinh hinh tai chinh'!AZ93-'Tinh hinh tai chinh'!AY93) -> -1777778 | BA16: =('Tinh hinh tai chinh'!BA84-'Tinh hinh tai chinh'!AZ84+'Tinh hinh tai chinh'!BA87-'Tinh hinh tai chinh'!AZ87+'Tinh hinh tai chinh'!BA93-'Tinh hinh tai chinh'!AZ93) -> 1320000000 | BB16: =('Tinh hinh tai chinh'!BB84-'Tinh hinh tai chinh'!BA84+'Tinh hinh tai chinh'!BB87-'Tinh hinh tai chinh'!BA87+'Tinh hinh tai chinh'!BB93-'Tinh hinh tai chinh'!BA93) -> 660000000 | BC16: =('Tinh hinh tai chinh'!BC84-'Tinh hinh tai chinh'!BB84+'Tinh hinh tai chinh'!BC87-'Tinh hinh tai chinh'!BB87+'Tinh hinh tai chinh'!BC93-'Tinh hinh tai chinh'!BB93) -> 660000000 | BD16: =('Tinh hinh tai chinh'!BD84-'Tinh hinh tai chinh'!BC84+'Tinh hinh tai chinh'!BD87-'Tinh hinh tai chinh'!BC87+'Tinh hinh tai chinh'!BD93-'Tinh hinh tai chinh'!BC93) -> 660000000 | BE16: =('Tinh hinh tai chinh'!BE84-'Tinh hinh tai chinh'!BD84+'Tinh hinh tai chinh'!BE87-'Tinh hinh tai chinh'!BD87+'Tinh hinh tai chinh'!BE93-'Tinh hinh tai chinh'!BD93) -> 1660000000 | ... BH16: =('Tinh hinh tai chinh'!BH84-'Tinh hinh tai chinh'!BG84+'Tinh hinh tai chinh'!BH87-'Tinh hinh tai chinh'!BG87+'Tinh hinh tai chinh'!BH93-'Tinh hinh tai chinh'!BG93) -> 660000000 | BI16: 660000000 | BJ16: 660000000 | BK16: 660000000 | BL16: 161000
A17: 14 | B17: Tăng / giảm chi phí chờ phân bổ | C17: 9 | AN17: 0 | AP17: 0 | AQ17: 0 | AS17: 0 | AT17: 0 | AU17: 0 | AV17: 0 | AW17: 0 | AX17: =-('Tinh hinh tai chinh'!AX77-'Tinh hinh tai chinh'!AW77) -> 35354 | AY17: =-('Tinh hinh tai chinh'!AY77-'Tinh hinh tai chinh'!AX77) -> -19193041 | AZ17: =-('Tinh hinh tai chinh'!AZ77-'Tinh hinh tai chinh'!AY77) -> 584737 | BA17: =-('Tinh hinh tai chinh'!BA77-'Tinh hinh tai chinh'!AZ77) -> 584737 | BB17: =-('Tinh hinh tai chinh'!BB77-'Tinh hinh tai chinh'!BA77) -> 584737 | BC17: =-('Tinh hinh tai chinh'!BC77-'Tinh hinh tai chinh'!BB77) -> 584737 | BD17: =-('Tinh hinh tai chinh'!BD77-'Tinh hinh tai chinh'!BC77) -> 584737 | BE17: =-('Tinh hinh tai chinh'!BE77-'Tinh hinh tai chinh'!BD77) -> 584737 | ... BH17: =-('Tinh hinh tai chinh'!BH77-'Tinh hinh tai chinh'!BG77) -> 584737 | BI17: 584737 | BJ17: 584737 | BK17: 584737 | BL17: 584737 | BM17: 584737 | BN17: 584737 | BO17: 584737
A18: 15 | B18: Tăng / giảm chứng khoán kinh doanh | C18: 9 | AN18: 0 | AQ18: 0 | AS18: 0 | AT18: 0 | AU18: 0 | AW18: 0 | AY18: 0 | AZ18: 0 | BC18: 0 | BE18: 0 | BF18: 0 | BG18: 0 | BI18: 0 | BK18: 0
A19: 16 | B19: Chi phí đi vay đã trả | C19: 9 | AN19: 0 | AP19: 0 | AQ19: 0 | AS19: 0 | AT19: 0 | AU19: 0 | AW19: 0 | AY19: 0 | AZ19: 0 | BB19: 0 | BC19: 0 | BE19: 0 | BF19: 0 | BG19: 0 | BI19: 0 | BK19: 0
A20: 17 | B20: Thuế thu nhập doanh nghiệp đã nộp | C20: 9 | AN20: 0 | AP20: 0 | AQ20: 0 | AS20: 0 | AT20: 0 | AU20: 0 | AV20: 0 | AW20: 0 | AX20: 0 | AY20: 0 | AZ20: 0 | BB20: 0 | BC20: 0 | BE20: 0 | BF20: 0 | BG20: 0 | BH20: 0 | BI20: 0 | BK20: 0
A21: 18 | B21: Tiền thu khác từ hoạt động kinh doanh | C21: 9 | AS21: 0 | BE21: 0
A22: 19 | B22: Tiền chi khác cho hoạt động kinh doanh | C22: 9 | AS22: 0 | AT22: 0 | AU22: 0 | AW22: 0 | BE22: 0 | BF22: 0 | BG22: 0 | BI22: 0
A23: 20 | B23: Lưu chuyển tiền thuần từ hoạt động kinh doanh | C23: 9 | AN23: =+SUM(AN13:AN22) -> 0 | AO23: =+SUM(AO13:AO22) -> 0 | AP23: =+SUM(AP13:AP22) -> 0 | AQ23: =+SUM(AQ13:AQ22) -> 0 | AR23: =+SUM(AR13:AR22) -> 0 | AS23: =+SUM(AS13:AS22) -> 0 | AT23: =+SUM(AT13:AT22) -> 0 | AU23: =+SUM(AU13:AU22) -> 0 | ... BI23: =+SUM(BI13:BI22) -> 0 | BJ23: 0 | BK23: =+SUM(BK13:BK22) -> 0 | BL23: =+SUM(BL13:BL22) -> 0
A24: 21 | B24: II. Lưu chuyển tiền từ hoạt động đầu tư | C24: 9 | AT24: 0 | AU24: 0 | BF24: 0 | BG24: 0
A25: 22 | B25: Tiền chi để mua sắm, xây dựng, TSCĐ và các tài sản dài hạn khác | C25: 9
A26: 23 | B26: Tiền thu từ thanh lý, nhượng bán TSCĐ và các tài sản dài hạn khác | C26: 9 | AT26: 0 | AU26: 0 | BF26: 0 | BG26: 0
A27: 24 | B27: Tiền chi cho vay, mua các công cụ nợ của đơn vị khác | C27: 9 | AT27: 0 | AU27: 0 | BF27: 0 | BG27: 0
A28: 25 | B28: Tiền thu hồi cho vay, bán lại các công cụ nợ của đơn vị khác | C28: 9 | AT28: 0 | AU28: 0 | BF28: 0 | BG28: 0
A29: 26 | B29: Tiền chi đầu tư góp vốn vào đơn vị khác | C29: 9
A30: 27 | B30: Tiền thu hồi đầu tư góp vốn vào đơn vị khác | C30: 9 | AT30: 0 | AU30: 0 | BF30: 0 | BG30: 0
A31: 28 | B31: Tiền thu lãi cho vay, cổ tức, và lợi nhuận được chia | C31: 9 | AN31: =-AN10 -> 0 | AO31: =-AO10 -> 0 | AP31: =-AP10 -> 0 | AQ31: =-AQ10 -> 0 | AR31: =-AR10 -> 0 | AS31: =-AS10 -> 0 | AT31: =-AT10 -> 0 | AU31: =-AU10 -> 0 | ... BI31: =-BI10 -> 945 | BJ31: 7058510 | BK31: =-BK10 -> 997 | BL31: =-BL10 -> 1070 | BM31: 6283743 | BN31: 980 | BO31: 1090
A32: 29 | B32: Lưu chuyển tiền thuần từ hoạt động đầu tư | C32: 9 | AN32: =+SUM(AN25:AN31) -> 0 | AO32: =+SUM(AO25:AO31) -> 0 | AP32: =+SUM(AP25:AP31) -> 0 | AQ32: =+SUM(AQ25:AQ31) -> 0 | AR32: =+SUM(AR25:AR31) -> 0 | AS32: =+SUM(AS25:AS31) -> 0 | AT32: =+SUM(AT25:AT31) -> 0 | AU32: =+SUM(AU25:AU31) -> 0 | ... BI32: =+SUM(BI25:BI31) -> 945 | BJ32: 7058510 | BK32: =+SUM(BK25:BK31) -> 997 | BL32: =+SUM(BL25:BL31) -> 1070 | BM32: =+SUM(BM25:BM31) -> 6283743 | BN32: =+SUM(BN25:BN31) -> 980 | BO32: =+SUM(BO25:BO31) -> 1090
A33: 30 | B33: III. Lưu chuyển tiền từ hoạt động tài chính | C33: 9 | AT33: 0 | AU33: 0 | BF33: 0 | BG33: 0
A34: 31 | B34: Tiền thu từ phát hành cổ phiếu, nhận vốn góp của chủ sở hữu | C34: 9 | AX34: ='Tinh hinh tai chinh'!AX116-'Tinh hinh tai chinh'!AW116 -> 20000000000 | AY34: ='Tinh hinh tai chinh'!AY116-'Tinh hinh tai chinh'!AX116 -> 0 | AZ34: ='Tinh hinh tai chinh'!AZ116-'Tinh hinh tai chinh'!AY116 -> 0 | BA34: ='Tinh hinh tai chinh'!BA116-'Tinh hinh tai chinh'!AZ116 -> 0 | BB34: ='Tinh hinh tai chinh'!BB116-'Tinh hinh tai chinh'!BA116 -> 0 | BC34: ='Tinh hinh tai chinh'!BC116-'Tinh hinh tai chinh'!BB116 -> 0 | BD34: ='Tinh hinh tai chinh'!BD116-'Tinh hinh tai chinh'!BC116 -> 0 | BE34: ='Tinh hinh tai chinh'!BE116-'Tinh hinh tai chinh'!BD116 -> 0 | ... BG34: ='Tinh hinh tai chinh'!BG116-'Tinh hinh tai chinh'!BF116 -> 0
A35: 32 | B35: Tiền trả lại vốn góp cho các chủ sở hữu, mua lại cổ phiểu đã phát hành | C35: 9 | AT35: 0 | AU35: 0 | BF35: 0 | BG35: 0
A36: 33 | B36: Tiền thu từ đi vay | C36: 9 | AT36: 0 | AU36: 0 | BF36: 0 | BG36: 0
A37: 34 | B37: Tiền trả nợ gốc vay | C37: 9 | AT37: 0 | AU37: 0 | BF37: 0 | BG37: 0
A38: 35 | B38: Tiền trả nợ gốc thuê tài chính | C38: 9 | AT38: 0 | AU38: 0 | BF38: 0 | BG38: 0
A39: 36 | B39: Cổ tức, lợi nhuận đã trả cho chủ sở hữu | C39: 9 | AT39: 0 | AU39: 0 | BF39: 0 | BG39: 0
A40: 37 | B40: Lưu chuyển thuần từ hoạt động tài chính | C40: 9 | AN40: =SUM(AN34:AN39) -> 0 | AO40: =SUM(AO34:AO39) -> 0 | AP40: =SUM(AP34:AP39) -> 0 | AQ40: =SUM(AQ34:AQ39) -> 0 | AR40: =SUM(AR34:AR39) -> 0 | AS40: =SUM(AS34:AS39) -> 0 | AT40: =SUM(AT34:AT39) -> 0 | AU40: =SUM(AU34:AU39) -> 0 | ... BI40: =SUM(BI34:BI39) -> 0 | BK40: =SUM(BK34:BK39) -> 0 | BL40: =SUM(BL34:BL39) -> 0
A41: 38 | B41: Lưu chuyển tiền thuần trong kỳ | C41: 9 | AN41: =+AN23+AN32+AN40 -> 0 | AO41: =+AO23+AO32+AO40 -> 0 | AP41: =+AP23+AP32+AP40 -> 0 | AQ41: =+AQ23+AQ32+AQ40 -> 0 | AR41: =+AR23+AR32+AR40 -> 0 | AS41: =+AS23+AS32+AS40 -> 0 | AT41: =+AT23+AT32+AT40 -> 0 | AU41: =+AU23+AU32+AU40 -> 0 | ... BI41: =+BI23+BI32+BI40 -> 945 | BJ41: 7058510 | BK41: =+BK23+BK32+BK40 -> 997 | BL41: =+BL23+BL32+BL40 -> 1070 | BM41: =+BM23+BM32+BM40 -> 6283743 | BN41: =+BN23+BN32+BN40 -> 980 | BO41: =+BO23+BO32+BO40 -> 1090
A42: 39 | B42: Tiền và tương đương tiền đầu kỳ | C42: 9 | AY42: =AX44 -> 20000000000 | AZ42: 19915376263 | BA42: =AZ44 -> 19862006187 | BB42: =BA44 -> 19862013508 | BC42: =BB44 -> 19862020121 | BD42: =BC44 -> 19816230637 | BE42: =BD44 -> 19816235589 | BF42: =BE44 -> 815242296 | BG42: =BF44 -> 815248997 | BH42: =BG44 -> 814964321 | BI42: =BH44 -> 814965873 | BJ42: 814966818 | BK42: 822025328 | BL42: 822026325 | BM42: 822027395 | BN42: 828311138 | BO42: 828312118
A43: 40 | B43: Ảnh hưởng của thay đổi tỷ giá hối đoái quy đổi ngoại tệ | C43: 9 | BF43: 0 | BG43: 0
A44: 41 | B44: Tiền và tương đương tiền cuối kỳ | C44: 9 | AV44: =+AV42+AV41+AV43 -> 0 | AW44: =+AW42+AW41+AW43 -> 0 | AX44: =+AX42+AX41+AX43 -> 20000000000 | AY44: =+AY42+AY41+AY43 -> 19915376263 | AZ44: =+AZ42+AZ41+AZ43 -> 19862006187 | BA44: =+BA42+BA41+BA43 -> 19862013508 | BB44: =+BB42+BB41+BB43 -> 19862020121 | BC44: =+BC42+BC41+BC43 -> 19816230637 | ... BI44: =+BI42+BI41+BI43 -> 814966818 | BJ44: 822025328 | BK44: =+BK42+BK41+BK43 -> 822026325 | BL44: =+BL42+BL41+BL43 -> 822027395 | BM44: =+BM42+BM41+BM43 -> 828311138 | BN44: =+BN42+BN41+BN43 -> 828312118 | BO44: =+BO42+BO41+BO43 -> 828313208

Sheet KQKD theo yeu to
B1: CTY CỔ PHẦN TÁI CHẾ TÂN ĐẠI PHÁT
B2: VND
A3: Index PL Element | B3: PHẦN IV: CHI PHÍ THEO YẾU TỐ | C3: TenCongTyID | D3: T1.2021 | E3: T02.2021 | F3: T03.2021 | G3: T04.2021 | H3: T05.2021 | I3: T06.2021 | J3: T07.2021 | K3: T08.2021 | L3: T09.2021 | M3: T10.2021 | N3: T11.2021 | O3: T12.2021 | P3: T1.2022 | Q3: T02.2022 | R3: T03.2022 | S3: T04.2022 | T3: T05.2022 | U3: T06.2022 | V3: T07.2022 | W3: T08.2022 | X3: T09.2022 | Y3: T10.2022 | Z3: T11.2022 | AA3: T12.2022 | AB3: T1.2023 | AC3: T02.2023 | AD3: T03.2023 | AE3: T04.2023 | AF3: T05.2023 | AG3: T06.2023 | AH3: T07.2023 | AI3: T08.2023 | AJ3: T09.2023 | AK3: T10.2023 | AL3: T11.2023 | AM3: T12.2023 | AN3: T01.2024 | AO3: T02.2024 | AP3: T03.2024 | AQ3: T04.2024 | AR3: T05.2024 | AS3: T06.2024 | AT3: T07.2024 | AU3: T08.2024 | AV3: T09.2024 | AW3: T10.2024 | AX3: T11.2024 | AY3: T12.2024 | AZ3: T01.2025 | BA3: T02.2025 | BB3: T03.2025 | BC3: T04.2025 | BD3: T05.2025 | BE3: T06.2025 | BF3: T07.2025 | BG3: T08.2025 | BH3: T09.2025 | BI3: T10.2025 | BJ3: T11.2025 | BK3: T12.2025 | BL3: T01.2026 | BM3: T02.2026 | BN3: T03.2026 | BO3: T04.2026 | BP3: T05.2026 | BQ3: T06.2026 | BR3: T07.2026 | BS3: T08.2026 | BT3: T09.2026 | BU3: T10.2026 | BV3: T11.2026 | BW3: T12.2026
A4: 1 | B4: Tổng nhân sự | C4: 9
A5: 2 | B5: Nhân sự nhóm sản xuất | C5: 9
A6: 3 | B6: Số ngày công (8 hrs) | C6: 9
A7: 4 | B7: Sản lượng sản xuất (Ton) | C7: 9
A8: 5 | B8: Sản lượng bán (Ton) | C8: 9 | AN8: ='Ket qua kinh doanh'!AN4 -> 0 | AO8: ='Ket qua kinh doanh'!AO4 -> 0 | AP8: ='Ket qua kinh doanh'!AP4 -> 0 | AQ8: ='Ket qua kinh doanh'!AQ4 -> 0 | AR8: ='Ket qua kinh doanh'!AR4 -> 0 | AS8: ='Ket qua kinh doanh'!AS4 -> 0 | AT8: ='Ket qua kinh doanh'!AT4 -> 0 | AU8: ='Ket qua kinh doanh'!AU4 -> 0 | ... BW8: ='Ket qua kinh doanh'!BW4 -> 0
A9: 6 | B9: Doanh thu bán hàng | C9: 9 | AN9: ='Ket qua kinh doanh'!AN5 -> 0 | AO9: ='Ket qua kinh doanh'!AO5 -> 0 | AP9: ='Ket qua kinh doanh'!AP5 -> 0 | AQ9: ='Ket qua kinh doanh'!AQ5 -> 0 | AR9: ='Ket qua kinh doanh'!AR5 -> 0 | AS9: ='Ket qua kinh doanh'!AS5 -> 0 | AT9: ='Ket qua kinh doanh'!AT5 -> 0 | AU9: ='Ket qua kinh doanh'!AU5 -> 0 | ... BW9: ='Ket qua kinh doanh'!BW5 -> 0
A10: 7 | B10: Các khoản giảm trừ doanh thu | C10: 9 | AN10: ='Ket qua kinh doanh'!AN6 -> 0 | AO10: ='Ket qua kinh doanh'!AO6 -> 0 | AP10: ='Ket qua kinh doanh'!AP6 -> 0 | AQ10: ='Ket qua kinh doanh'!AQ6 -> 0 | AR10: ='Ket qua kinh doanh'!AR6 -> 0 | AS10: ='Ket qua kinh doanh'!AS6 -> 0 | AT10: ='Ket qua kinh doanh'!AT6 -> 0 | AU10: ='Ket qua kinh doanh'!AU6 -> 0 | ... BW10: ='Ket qua kinh doanh'!BW6 -> 0
A11: 8 | B11: % Các khoản giảm trừ | C11: 9 | AN11: =IFERROR(AN10/AN9,"") | AO11: =IFERROR(AO10/AO9,"") | AP11: =IFERROR(AP10/AP9,"") | AQ11: =IFERROR(AQ10/AQ9,"") | AR11: =IFERROR(AR10/AR9,"") | AS11: =IFERROR(AS10/AS9,"") | AT11: =IFERROR(AT10/AT9,"") | AU11: =IFERROR(AU10/AU9,"") | ... BW11: =IFERROR(BW10/BW9,"")
A12: 9 | B12: Doanh thu thuần | C12: 9 | AN12: ='Ket qua kinh doanh'!AN7 -> 0 | AO12: ='Ket qua kinh doanh'!AO7 -> 0 | AP12: ='Ket qua kinh doanh'!AP7 -> 0 | AQ12: ='Ket qua kinh doanh'!AQ7 -> 0 | AR12: ='Ket qua kinh doanh'!AR7 -> 0 | AS12: ='Ket qua kinh doanh'!AS7 -> 0 | AT12: ='Ket qua kinh doanh'!AT7 -> 0 | AU12: ='Ket qua kinh doanh'!AU7 -> 0 | ... BW12: ='Ket qua kinh doanh'!BW7 -> 0
A13: 10 | B13: Xuất khẩu | C13: 9
A14: 11 | B14: Nội địa | C14: 9
A15: 12 | B15: Khác | C15: 9
A16: 13 | B16: Giá vốn hàng bán | C16: 9 | AN16: ='Ket qua kinh doanh'!AN8 -> 0 | AO16: ='Ket qua kinh doanh'!AO8 -> 0 | AP16: ='Ket qua kinh doanh'!AP8 -> 0 | AQ16: ='Ket qua kinh doanh'!AQ8 -> 0 | AR16: ='Ket qua kinh doanh'!AR8 -> 0 | AS16: ='Ket qua kinh doanh'!AS8 -> 0 | AT16: ='Ket qua kinh doanh'!AT8 -> 0 | AU16: ='Ket qua kinh doanh'!AU8 -> 0 | ... BW16: ='Ket qua kinh doanh'!BW8 -> 0
A17: 14 | B17: Chi phí nguyên vật liệu | C17: 9
A18: 15 | B18: Chi phí điện | C18: 9
A19: 16 | B19: Chi phí lương ngoài giờ sản xuất | C19: 9
A20: 17 | B20: Chi phí nhân công trực tiếp sản xuất (622) | C20: 9
A21: 18 | B21: Chi phí nhân công gián tiếp sản xuất (6271) | C21: 9
A22: 19 | B22: Phúc lợi nhân viên sản xuất (BHXH,thưởng,…) | C22: 9
A23: 20 | B23: Chi phí sửa chữa, bảo trì | C23: 9
A24: 21 | B24: Chi phí xưởng (các khoản còn lại ngoài các mục trên) | C24: 9
A25: 22 | B25: Chi phí khấu hao sản xuất (6274) | C25: 9
A26: 23 | B26: Chi phí gia công ngoài (nếu có) | C26: 9
A27: 24 | B27: Giá vốn khác | C27: 9
A28: 25 | B28: Giá vốn trong hàng tồn kho | C28: 9
A29: 26 | B29: % Giá vốn hàng bán | C29: 9 | AN29: =IFERROR(AN16/AN12,"") | AO29: =IFERROR(AO16/AO12,"") | AP29: =IFERROR(AP16/AP12,"") | AQ29: =IFERROR(AQ16/AQ12,"") | AR29: =IFERROR(AR16/AR12,"") | AS29: =IFERROR(AS16/AS12,"") | AT29: =IFERROR(AT16/AT12,"") | AU29: =IFERROR(AU16/AU12,"") | ... BW29: =IFERROR(BW16/BW12,"")
A30: 27 | B30: Lợi nhuận gộp | C30: 9 | AN30: ='Ket qua kinh doanh'!AN9 -> 0 | AO30: ='Ket qua kinh doanh'!AO9 -> 0 | AP30: ='Ket qua kinh doanh'!AP9 -> 0 | AQ30: ='Ket qua kinh doanh'!AQ9 -> 0 | AR30: ='Ket qua kinh doanh'!AR9 -> 0 | AS30: ='Ket qua kinh doanh'!AS9 -> 0 | AT30: ='Ket qua kinh doanh'!AT9 -> 0 | AU30: ='Ket qua kinh doanh'!AU9 -> 0 | ... BW30: ='Ket qua kinh doanh'!BW9 -> 0
A31: 28 | B31: % Lợi nhuận gộp | C31: 9 | AN31: =IFERROR(AN30/AN12,"") | AO31: =IFERROR(AO30/AO12,"") | AP31: =IFERROR(AP30/AP12,"") | AQ31: =IFERROR(AQ30/AQ12,"") | AR31: =IFERROR(AR30/AR12,"") | AS31: =IFERROR(AS30/AS12,"") | AT31: =IFERROR(AT30/AT12,"") | AU31: =IFERROR(AU30/AU12,"") | ... BW31: =IFERROR(BW30/BW12,"")
A32: 29 | B32: Lợi nhuận trước thuế | C32: 9 | AN32: ='Ket qua kinh doanh'!AN20 -> 0 | AO32: ='Ket qua kinh doanh'!AO20 -> 0 | AP32: ='Ket qua kinh doanh'!AP20 -> 0 | AQ32: ='Ket qua kinh doanh'!AQ20 -> 0 | AR32: ='Ket qua kinh doanh'!AR20 -> 0 | AS32: ='Ket qua kinh doanh'!AS20 -> 0 | AT32: ='Ket qua kinh doanh'!AT20 -> 0 | AU32: ='Ket qua kinh doanh'!AU20 -> -400000 | ... BW32: ='Ket qua kinh doanh'!BW20 -> 0
A33: 30 | B33: % Lợi nhuận trước thuế | C33: 9 | AN33: =IFERROR(AN32/AN12,"") | AO33: =IFERROR(AO32/AO12,"") | AP33: =IFERROR(AP32/AP12,"") | AQ33: =IFERROR(AQ32/AQ12,"") | AR33: =IFERROR(AR32/AR12,"") | AS33: =IFERROR(AS32/AS12,"") | AT33: =IFERROR(AT32/AT12,"") | AU33: =IFERROR(AU32/AU12,"") | ... BW33: =IFERROR(BW32/BW12,"")
A34: 31 | B34: EBITDA | C34: 9 | AN34: ='Ket qua kinh doanh'!AN20+'Ket qua kinh doanh'!AN13+'Luu chuyen tien te'!AN7 -> 0 | AO34: ='Ket qua kinh doanh'!AO20+'Ket qua kinh doanh'!AO13+'Luu chuyen tien te'!AO7 -> 0 | AP34: ='Ket qua kinh doanh'!AP20+'Ket qua kinh doanh'!AP13+'Luu chuyen tien te'!AP7 -> 0 | AQ34: ='Ket qua kinh doanh'!AQ20+'Ket qua kinh doanh'!AQ13+'Luu chuyen tien te'!AQ7 -> 0 | AR34: ='Ket qua kinh doanh'!AR20+'Ket qua kinh doanh'!AR13+'Luu chuyen tien te'!AR7 -> 0 | AS34: ='Ket qua kinh doanh'!AS20+'Ket qua kinh doanh'!AS13+'Luu chuyen tien te'!AS7 -> 0 | AT34: ='Ket qua kinh doanh'!AT20+'Ket qua kinh doanh'!AT13+'Luu chuyen tien te'!AT7 -> 0 | AU34: ='Ket qua kinh doanh'!AU20+'Ket qua kinh doanh'!AU13+'Luu chuyen tien te'!AU7 -> -400000 | ... BW34: ='Ket qua kinh doanh'!BW20+'Ket qua kinh doanh'!BW13+'Luu chuyen tien te'!BW7 -> 0
A35: 32 | B35: % EBITDA | C35: 9 | AN35: =IFERROR(AN34/AN12,"") | AO35: =IFERROR(AO34/AO12,"") | AP35: =IFERROR(AP34/AP12,"") | AQ35: =IFERROR(AQ34/AQ12,"") | AR35: =IFERROR(AR34/AR12,"") | AS35: =IFERROR(AS34/AS12,"") | AT35: =IFERROR(AT34/AT12,"") | AU35: =IFERROR(AU34/AU12,"") | ... BW35: =IFERROR(BW34/BW12,"")
A36: 33 | B36: Thuế TNDN | C36: 9 | AN36: ='Ket qua kinh doanh'!AN21+'Ket qua kinh doanh'!AN22 -> 0 | AO36: ='Ket qua kinh doanh'!AO21+'Ket qua kinh doanh'!AO22 -> 0 | AP36: ='Ket qua kinh doanh'!AP21+'Ket qua kinh doanh'!AP22 -> 0 | AQ36: ='Ket qua kinh doanh'!AQ21+'Ket qua kinh doanh'!AQ22 -> 0 | AR36: ='Ket qua kinh doanh'!AR21+'Ket qua kinh doanh'!AR22 -> 0 | AS36: ='Ket qua kinh doanh'!AS21+'Ket qua kinh doanh'!AS22 -> 0 | AT36: ='Ket qua kinh doanh'!AT21+'Ket qua kinh doanh'!AT22 -> 0 | AU36: ='Ket qua kinh doanh'!AU21+'Ket qua kinh doanh'!AU22 -> 0 | ... BW36: ='Ket qua kinh doanh'!BW21+'Ket qua kinh doanh'!BW22 -> 0
A37: 34 | B37: % Thuế TNDN | C37: 9 | AN37: =IFERROR(AN36/AN12,"") | AO37: =IFERROR(AO36/AO12,"") | AP37: =IFERROR(AP36/AP12,"") | AQ37: =IFERROR(AQ36/AQ12,"") | AR37: =IFERROR(AR36/AR12,"") | AS37: =IFERROR(AS36/AS12,"") | AT37: =IFERROR(AT36/AT12,"") | AU37: =IFERROR(AU36/AU12,"") | ... BW37: =IFERROR(BW36/BW12,"")
A38: 35 | B38: Lợi nhuận sau thuế | C38: 9 | AN38: ='Ket qua kinh doanh'!AN23 -> 0 | AO38: ='Ket qua kinh doanh'!AO23 -> 0 | AP38: ='Ket qua kinh doanh'!AP23 -> 0 | AQ38: ='Ket qua kinh doanh'!AQ23 -> 0 | AR38: ='Ket qua kinh doanh'!AR23 -> 0 | AS38: ='Ket qua kinh doanh'!AS23 -> 0 | AT38: ='Ket qua kinh doanh'!AT23 -> 0 | AU38: ='Ket qua kinh doanh'!AU23 -> -400000 | ... BW38: ='Ket qua kinh doanh'!BW23 -> 0
A39: 36 | B39: % Lợi nhuận sau thuế | C39: 9 | AN39: =IFERROR(AN38/AN12,"") | AO39: =IFERROR(AO38/AO12,"") | AP39: =IFERROR(AP38/AP12,"") | AQ39: =IFERROR(AQ38/AQ12,"") | AR39: =IFERROR(AR38/AR12,"") | AS39: =IFERROR(AS38/AS12,"") | AT39: =IFERROR(AT38/AT12,"") | AU39: =IFERROR(AU38/AU12,"") | ... BW39: =IFERROR(BW38/BW12,"")
A40: 37 | B40: Chi phí bán hàng | C40: 9 | AN40: ='Ket qua kinh doanh'!AN14 -> 0 | AO40: ='Ket qua kinh doanh'!AO14 -> 0 | AP40: ='Ket qua kinh doanh'!AP14 -> 0 | AQ40: ='Ket qua kinh doanh'!AQ14 -> 0 | AR40: ='Ket qua kinh doanh'!AR14 -> 0 | AS40: ='Ket qua kinh doanh'!AS14 -> 0 | AT40: ='Ket qua kinh doanh'!AT14 -> 0 | AU40: ='Ket qua kinh doanh'!AU14 -> 0 | ... BW40: ='Ket qua kinh doanh'!BW14 -> 0
A41: 38 | B41: Chi phí lương bán hàng | C41: 9
A42: 39 | B42: Phúc lợi nhân viên bán hàng (BHXH, thưởng,…) | C42: 9
A43: 40 | B43: Chi phí hoa hồng | C43: 9
A44: 41 | B44: Chi phí vận chuyển trong nước | C44: 9
A45: 42 | B45: Chi phí vận chuyển xuất khẩu | C45: 9
A46: 43 | B46: Chi phí khấu hao bán hàng (6414) | C46: 9
A47: 44 | B47: Chi phí hoạt động bán hàng (phần còn lại) | C47: 9
A48: 45 | B48: % Chi phí bán hàng | C48: 9 | AN48: =IFERROR(AN40/AN12,"") | AO48: =IFERROR(AO40/AO12,"") | AP48: =IFERROR(AP40/AP12,"") | AQ48: =IFERROR(AQ40/AQ12,"") | AR48: =IFERROR(AR40/AR12,"") | AS48: =IFERROR(AS40/AS12,"") | AT48: =IFERROR(AT40/AT12,"") | AU48: =IFERROR(AU40/AU12,"") | ... BW48: =IFERROR(BW40/BW12,"")
A49: 46 | B49: Chi phí quản lý | C49: 9 | AN49: ='Ket qua kinh doanh'!AN15 -> 0 | AO49: ='Ket qua kinh doanh'!AO15 -> 0 | AP49: ='Ket qua kinh doanh'!AP15 -> 0 | AQ49: ='Ket qua kinh doanh'!AQ15 -> 0 | AR49: ='Ket qua kinh doanh'!AR15 -> 0 | AS49: ='Ket qua kinh doanh'!AS15 -> 0 | AT49: ='Ket qua kinh doanh'!AT15 -> 0 | AU49: ='Ket qua kinh doanh'!AU15 -> 400000 | ... BW49: ='Ket qua kinh doanh'!BW15 -> 0
A50: 47 | B50: Chi phí nhân viên quản lý | C50: 9
A51: 48 | B51: Phúc lợi nhân viên quản lý (BHXH, thưởng,…) | C51: 9
A52: 49 | B52: Chi phí khấu hao quản lý (6424) | C52: 9
A53: 50 | B53: Chi phí hoạt động quản lý (phần còn lại) | C53: 9 | AN53: 0 | AO53: 0 | AP53: 0 | AQ53: 0 | AR53: 0 | AS53: 0 | AT53: 0 | AU53: 400000 | AV53: 15035354 | AW53: 615035354 | AX53: 615035354 | AY53: 615584737 | AZ53: 18584737 | BA53: 1215584737 | BB53: 615584737 | BC53: 616214737 | BD53: 615584737 | BE53: 615584737 | BF53: 600854737 | BG53: 600584737 | BH53: 600584737 | BI53: 600584737 | BJ53: 600584737 | BK53: 600584737 | BL53: 584737 | BM53: 584737 | BN53: 584737 | BO53: 584737
A54: 51 | B54: % Chi phí quản lý | C54: 9 | AN54: =IFERROR(AN49/AN12,"") | AO54: =IFERROR(AO49/AO12,"") | AP54: =IFERROR(AP49/AP12,"") | AQ54: =IFERROR(AQ49/AQ12,"") | AR54: =IFERROR(AR49/AR12,"") | AS54: =IFERROR(AS49/AS12,"") | AT54: =IFERROR(AT49/AT12,"") | AU54: =IFERROR(AU49/AU12,"") | ... BW54: =IFERROR(BW49/BW12,"")
A55: 52 | B55: Chi phí tài chính | C55: 9 | AN55: ='Ket qua kinh doanh'!AN12 -> 0 | AO55: ='Ket qua kinh doanh'!AO12 -> 0 | AP55: ='Ket qua kinh doanh'!AP12 -> 0 | AQ55: ='Ket qua kinh doanh'!AQ12 -> 0 | AR55: ='Ket qua kinh doanh'!AR12 -> 0 | AS55: ='Ket qua kinh doanh'!AS12 -> 0 | AT55: ='Ket qua kinh doanh'!AT12 -> 0 | AU55: ='Ket qua kinh doanh'!AU12 -> 0 | ... BW55: ='Ket qua kinh doanh'!BW12 -> 0
A56: 53 | B56: Chi phí lãi vay | C56: 9 | AN56: ='Ket qua kinh doanh'!AN13 -> 0 | AO56: ='Ket qua kinh doanh'!AO13 -> 0 | AP56: ='Ket qua kinh doanh'!AP13 -> 0 | AQ56: ='Ket qua kinh doanh'!AQ13 -> 0 | AR56: ='Ket qua kinh doanh'!AR13 -> 0 | AS56: ='Ket qua kinh doanh'!AS13 -> 0 | AT56: ='Ket qua kinh doanh'!AT13 -> 0 | AU56: ='Ket qua kinh doanh'!AU13 -> 0 | ... BW56: ='Ket qua kinh doanh'!BW13 -> 0
A57: 54 | B57: % Chi phí lãi vay | C57: 9 | AN57: =IFERROR(AN56/AN12,"") | AO57: =IFERROR(AO56/AO12,"") | AP57: =IFERROR(AP56/AP12,"") | AQ57: =IFERROR(AQ56/AQ12,"") | AR57: =IFERROR(AR56/AR12,"") | AS57: =IFERROR(AS56/AS12,"") | AT57: =IFERROR(AT56/AT12,"") | AU57: =IFERROR(AU56/AU12,"") | ... BW57: =IFERROR(BW56/BW12,"")

Sheet No vay
B1: CTY CỔ PHẦN TÁI CHẾ TÂN ĐẠI PHÁT
B2: VND
A3: Index Loan | B3: PHẦN V: CHI TIẾT NỢ VAY NGÂN HÀNG | C3: TenCongTyID | D3: T1.2021 | E3: T02.2021 | F3: T03.2021 | G3: T04.2021 | H3: T05.2021 | I3: T06.2021 | J3: T07.2021 | K3: T08.2021 | L3: T09.2021 | M3: T10.2021 | N3: T11.2021 | O3: T12.2021 | P3: T1.2022 | Q3: T02.2022 | R3: T03.2022 | S3: T04.2022 | T3: T05.2022 | U3: T06.2022 | V3: T07.2022 | W3: T08.2022 | X3: T09.2022 | Y3: T10.2022 | Z3: T11.2022 | AA3: T12.2022 | AB3: T1.2023 | AC3: T02.2023 | AD3: T03.2023 | AE3: T04.2023 | AF3: T05.2023 | AG3: T06.2023 | AH3: T07.2023 | AI3: T08.2023 | AJ3: T09.2023 | AK3: T10.2023 | AL3: T11.2023 | AM3: T12.2023 | AN3: T01.2024 | AO3: T02.2024 | AP3: T03.2024 | AQ3: T04.2024 | AR3: T05.2024 | AS3: T06.2024 | AT3: T07.2024 | AU3: T08.2024 | AV3: T09.2024 | AW3: T10.2024 | AX3: T11.2024 | AY3: T12.2024 | AZ3: T01.2025 | BA3: T02.2025 | BB3: T03.2025 | BC3: T04.2025 | BD3: T05.2025 | BE3: T06.2025 | BF3: T07.2025 | BG3: T08.2025 | BH3: T09.2025 | BI3: T10.2025 | BJ3: T11.2025 | BK3: T12.2025 | BL3: T01.2026 | BM3: T02.2026 | BN3: T03.2026 | BO3: T04.2026 | BP3: T05.2026 | BQ3: T06.2026 | BR3: T07.2026 | BS3: T08.2026 | BT3: T09.2026 | BU3: T10.2026 | BV3: T11.2026 | BW3: T12.2026
A4: 1 | B4: Hạn mức vay ngắn hạn | C4: 9
A5: 2 | B5: ACB | C5: 9
A6: 3 | B6: VietinBank | C6: 9
A7: 4 | B7: Vietcombank | C7: 9
A8: 5 | B8: BIDV | C8: 9
A9: 6 | B9: Standard Chartered | C9: 9
A10: 7 | B10: VILC | C10: 9
A11: 8 | B11: IVB | C11: 9
A12: 9 | C12: 9
A13: 10 | B13: Vay ngắn hạn ngân hàng | C13: 9
A14: 11 | B14: ACB | C14: 9
A15: 12 | B15: VietinBank | C15: 9
A16: 13 | B16: Vietcombank | C16: 9
A17: 14 | B17: BIDV | C17: 9
A18: 15 | B18: Standard Chartered | C18: 9
A19: 16 | B19: VILC | C19: 9
A20: 17 | B20: IVB | C20: 9
A21: 18 | C21: 9
A22: 19 | B22: Lãi suất vay ngắn hạn (%) | C22: 9
A23: 20 | B23: =B14 -> ACB | C23: 9
A24: 21 | B24: =B15 -> VietinBank | C24: 9
A25: 22 | B25: =B16 -> Vietcombank | C25: 9
A26: 23 | B26: =B17 -> BIDV | C26: 9
A27: 24 | B27: =B18 -> Standard Chartered | C27: 9
A28: 25 | B28: =B19 -> VILC | C28: 9
A29: 26 | B29: =B20 -> IVB | C29: 9
A30: 27 | C30: 9
A31: 28 | B31: Vay trung hạn Ngân hàng | C31: 9
A32: 29 | B32: =B14 -> ACB | C32: 9
A33: 30 | B33: =B15 -> VietinBank | C33: 9
A34: 31 | B34: =B16 -> Vietcombank | C34: 9
A35: 32 | B35: BIDV | C35: 9
A36: 33 | B36: =B18 -> Standard Chartered | C36: 9
A37: 34 | B37: VILC | C37: 9
A38: 35 | B38: IVB | C38: 9
A39: 36 | C39: 9
A40: 37 | B40: Lãi suất vay trung hạn (%) | C40: 9
A41: 38 | B41: =B32 -> ACB | C41: 9
A42: 39 | B42: =B33 -> VietinBank | C42: 9
A43: 40 | B43: =B34 -> Vietcombank | C43: 9
A44: 41 | B44: =B35 -> BIDV | C44: 9
A45: 42 | B45: =B36 -> Standard Chartered | C45: 9
A46: 43 | B46: =B37 -> VILC | C46: 9
A47: 44 | B47: =B38 -> IVB | C47: 9
A48: 45 | C48: 9
A49: 46 | B49: TỔNG SỐ DƯ NỢ VAY NGÂN HÀNG | C49: 9
A50: 47 | B50: =B32 -> ACB | C50: 9
A51: 48 | B51: =B33 -> VietinBank | C51: 9
A52: 49 | B52: =B34 -> Vietcombank | C52: 9
A53: 50 | B53: =B35 -> BIDV | C53: 9
A54: 51 | B54: =B36 -> Standard Chartered | C54: 9
A55: 52 | B55: =B37 -> VILC | C55: 9
A56: 53 | B56: IVB | C56: 9
A57: 54 | C57: 9
A58: 55 | B58: SỐ DƯ TIỀN TẠI CÁC NGÂN HÀNG | C58: 9
A59: 56 | B59: =B50 -> ACB | C59: 9
A60: 57 | B60: =B51 -> VietinBank | C60: 9
A61: 58 | B61: =B52 -> Vietcombank | C61: 9
A62: 59 | B62: =B53 -> BIDV | C62: 9
A63: 60 | B63: =B54 -> Standard Chartered | C63: 9
A64: 61 | B64: =B55 -> VILC | C64: 9
A65: 62 | B65: IVB | C65: 9
A66: 63 | C66: 9
A67: 64 | B67: SỐ DƯ TIỀN GỬI TIẾT KIỆM TẠI CÁC NGÂN HÀNG | C67: 9 | BA67: =SUBTOTAL(9,BA68:BA73) -> 0 | BB67: =SUBTOTAL(9,BB68:BB73) -> 800000000 | BC67: =SUBTOTAL(9,BC68:BC73) -> 800000000 | BD67: =SUBTOTAL(9,BD68:BD73) -> 0 | BE67: =SUBTOTAL(9,BE68:BE73) -> 0 | BF67: =SUBTOTAL(9,BF68:BF73) -> 0 | BG67: =SUBTOTAL(9,BG68:BG73) -> 700000000 | BH67: =SUBTOTAL(9,BH68:BH73) -> 700000000 | ... BW67: =SUBTOTAL(9,BW68:BW73) -> 0
A68: 65 | B68: =B50 -> ACB | C68: 9 | BB68: 800000000 | BC68: 800000000 | BG68: 700000000 | BH68: 700000000 | BI68: 700000000 | BJ68: 700000000 | BK68: 700000000 | BL68: 700000000 | BM68: 700000000 | BN68: 700000000 | BO68: 700000000
A69: 66 | B69: =B51 -> VietinBank | C69: 9
A70: 67 | B70: =B52 -> Vietcombank | C70: 9
A71: 68 | B71: =B53 -> BIDV | C71: 9
A72: 69 | B72: =B54 -> Standard Chartered | C72: 9
A73: 70 | B73: =B55 -> VILC | C73: 9
A74: 71 | B74: IVB | C74: 9

Sheet Giao dich voi BLQ
A1: ='Thong tin'!$A$1 -> CÔNG TY CỔ PHẦN TÁI CHẾ TÂN ĐẠI PHÁT
B2: TỔNG HỢP THÔNG TIN GIAO DỊCH VỚI CÁC BÊN LIÊN QUAN NĂM 2026
A4: A | B4: GIÁ TRỊ GIAO DỊCH VỚI CÁC BÊN LIÊN QUAN
F5: Số tiền chưa VAT
B6: Công ty thành viên | C6: Mã số thuế | D6: Diễn giải | E6: TK hạch toán | F6: Tháng 1 | G6: Tháng 2 | H6: Tháng 3 | I6: Tháng 4 | J6: Tháng 5 | K6: Tháng 6 | L6: Tháng 7 | M6: Tháng 8 | N6: Tháng 9 | O6: Tháng 10 | P6: Tháng 11 | Q6: Tháng 12 | R6: Lũy kế năm 2026
A7: I. | B7: DOANH THU BÁN HÀNG VÀ DỊCH VỤ, TÀI SẢN….
A8: 1 | B8: Công ty TNHH Nhựa Duy Tân | C8: 0301417196 | D8: Bán hàng nhựa | E8: 511 | R8: =SUM(F8:Q8) -> 0
D9: Bán vật tư | E9: 511 | R9: =SUM(F9:Q9) -> 0
D10: Bán TSCĐ | E10: 711 | R10: =SUM(F10:Q10) -> 0
D11: Lãi vay | E11: 515 | R11: =SUM(F11:Q11) -> 0
D12: Thu tiền lãi vay | E12: 112 | R12: =SUM(F12:Q12) -> 0
D13: DV TS24 | E13: 511 | R13: =SUM(F13:Q13) -> 0
D14: Bán khác | E14: 7118 | R14: =SUM(F14:Q14) -> 0
A15: 2 | B15: Công ty CP Nhựa Tái Chế Duy Tân | C15: 1100676611 | D15: Bán hàng nhựa | E15: 511 | R15: =SUM(F15:Q15) -> 0
D16: Bán nguyên vật liệu | E16: 511 | R16: =SUM(F16:Q16) -> 0
D17: Bán vật tư | E17: 511 | R17: =SUM(F17:Q17) -> 0
D18: Cho thuê máy móc | E18: 511 | R18: =SUM(F18:Q18) -> 0
D19: Bán Laptop | E19: 511 | R19: =SUM(F19:Q19) -> 0
D20: Bán TSCĐ | E20: 711 | R20: =SUM(F20:Q20) -> 0
D21: CP công tác | E21: 511 | R21: =SUM(F21:Q21) -> 0
D22: Bán khác | E22: 7118 | R22: =SUM(F22:Q22) -> 0
A23: 3 | B23: Công ty TNHH Thu mua phế liệu Đại Lộc | C23: 3603813473 | D23: Bán hàng nhựa | E23: 511 | R23: =SUM(F23:Q23) -> 0
D24: Bán nguyên vật liệu | E24: 511 | R24: =SUM(F24:Q24) -> 0
D25: Bán vật tư | E25: 511 | R25: =SUM(F25:Q25) -> 0
D26: Cho thuê nhà xưởng | E26: 511 | R26: =SUM(F26:Q26) -> 0
D27: Bán Laptop | E27: 511 | R27: =SUM(F27:Q27) -> 0
D28: Bán khác | E28: 711 | R28: =SUM(F28:Q28) -> 0
A29: 4 | B29: Công ty TNHH MTV Đồng Lâm | C29: 1501075079 | D29: Bán hàng nhựa | E29: 511 | R29: =SUM(F29:Q29) -> 0
D30: Bán nguyên vật liệu | E30: 511 | R30: =SUM(F30:Q30) -> 0
D31: Bán vật tư | E31: 511 | R31: =SUM(F31:Q31) -> 0
D32: Cho thuê máy móc | E32: 511 | R32: =SUM(F32:Q32) -> 0
D33: CP công tác | E33: 511 | R33: =SUM(F33:Q33) -> 0
D34: Bán TSCĐ | E34: 711 | R34: =SUM(F34:Q34) -> 0
D35: Bán khác | E35: 7118 | R35: =SUM(F35:Q35) -> 0
A36: 5 | B36: Công ty TNHH Thu mua phế liệu Khánh Nga | C36: 1201638316 | D36: Bán hàng nhựa | E36: 511 | R36: =SUM(F36:Q36) -> 0
D37: Bán nguyên vật liệu | E37: 511 | R37: =SUM(F37:Q37) -> 0
D38: Bán TSCĐ | E38: 711 | R38: =SUM(F38:Q38) -> 0
D39: Bán vật tư | E39: 511 | R39: =SUM(F39:Q39) -> 0
D40: CP công tác | E40: 511 | R40: =SUM(F40:Q40) -> 0
D41: Cho thuê máy móc | E41: 511 | R41: =SUM(F41:Q41) -> 0
D42: Chi Phí Hỗ Trợ Kỹ Thuật | E42: 711 | R42: =SUM(F42:Q42) -> 0
D43: Bán khác | E43: 7118 | R43: =SUM(F43:Q43) -> 0
A44: 6 | B44: Công ty Cổ phần Tái chế Tân Đại Phát | C44: 1102066435 | D44: Bán hàng nhựa | E44: 511 | R44: =SUM(F44:Q44) -> 0
D45: Bán nguyên vật liệu | E45: 511 | R45: =SUM(F45:Q45) -> 0
D46: Bán vật tư | E46: 511 | R46: =SUM(F46:Q46) -> 0
D47: Cho thuê xe | E47: 511 | R47: =SUM(F47:Q47) -> 0
D48: Cho thuê máy móc | E48: 511 | R48: =SUM(F48:Q48) -> 0
D49: Bán CCDC | E49: 511 | R49: =SUM(F49:Q49) -> 0
D50: Bán TSCĐ | E50: 711 | R50: =SUM(F50:Q50) -> 0
D51: Bán khác | E51: 7118 | R51: =SUM(F51:Q51) -> 0
A52: 7 | B52: Công ty Cổ phần Nhựa Tái chế Duy Tân Vĩnh Long | C52: 1501162229 | D52: Bán hàng nhựa | E52: 511 | R52: =SUM(F52:Q52) -> 0
D53: Bán nguyên vật liệu | E53: 511 | R53: =SUM(F53:Q53) -> 0
D54: Bán vật tư | E54: 511 | R54: =SUM(F54:Q54) -> 0
D55: Cho thuê xe | E55: 511 | R55: =SUM(F55:Q55) -> 0
D56: Cho thuê máy móc | E56: 511 | R56: =SUM(F56:Q56) -> 0
D57: Bán CCDC | E57: 511 | R57: =SUM(F57:Q57) -> 0
D58: Bán TSCĐ | E58: 711 | R58: =SUM(F58:Q58) -> 0
D59: Bán khác | E59: 7118 | R59: =SUM(F59:Q59) -> 0
A60: 8 | B60: Công ty TNHH Khuôn Chính xác Minh Đạt | C60: 1100673882 | D60: Bán hàng nhựa | E60: 511 | R60: =SUM(F60:Q60) -> 0
D61: Bán khuôn | E61: 511 | R61: =SUM(F61:Q61) -> 0
D62: Bán nguyên vật liệu | E62: 511 | R62: =SUM(F62:Q62) -> 0
D63: Bán vật tư | E63: 511 | R63: =SUM(F63:Q63) -> 0
D64: Bán CCDC | E64: 511 | R64: =SUM(F64:Q64) -> 0
D65: Bán TSCĐ | E65: 711 | R65: =SUM(F65:Q65) -> 0
D66: Cho thuê nhà xưởng | E66: 511 | R66: =SUM(F66:Q66) -> 0
D67: Bán khác | E67: 711 | R67: =SUM(F67:Q67) -> 0
A68: 9 | B68: Công ty TNHH MTV Sản Xuất Và XNK Cơ Khí Duy Phong | C68: 0308309915 | D68: Bán hàng nhựa | E68: 511 | R68: =SUM(F68:Q68) -> 0
D69: Bán nguyên vật liệu | E69: 511 | R69: =SUM(F69:Q69) -> 0
D70: Bán vật tư | E70: 511 | R70: =SUM(F70:Q70) -> 0
D71: Bán CCDC | E71: 511 | R71: =SUM(F71:Q71) -> 0
D72: Bán khác | E72: 711 | R72: =SUM(F72:Q72) -> 0
A73: 10 | B73: Công ty TNHH Khuôn Chính Xác Natec | C73: 0313783944 | D73: Bán hàng nhựa | E73: 511 | R73: =SUM(F73:Q73) -> 0
D74: Bán nguyên vật liệu | E74: 511 | R74: =SUM(F74:Q74) -> 0
D75: Bán vật tư | E75: 511 | R75: =SUM(F75:Q75) -> 0
D76: Bán CCDC | E76: 511 | R76: =SUM(F76:Q76) -> 0
D77: Bán khác | E77: 711 | R77: =SUM(F77:Q77) -> 0
A78: 11 | B78: Công ty TNHH Plenma | C78: 0316224817 | D78: Bán vật tư | E78: 511 | R78: =SUM(F78:Q78) -> 0
D79: Bán hàng nhựa | E79: 511 | R79: =SUM(F79:Q79) -> 0
D80: Bán nguyên vật liệu | E80: 511 | R80: =SUM(F80:Q80) -> 0
D81: Bán TSCĐ | E81: 711 | R81: =SUM(F81:Q81) -> 0
D82: Lãi vay | E82: 515 | R82: =SUM(F82:Q82) -> 0
D83: Bán khác | E83: 7118 | R83: =SUM(F83:Q83) -> 0
A84: 12 | B84: Plascene Inc | C84: 45-3042526 | D84: Bán hàng nhựa | E84: 511521 | R84: =SUM(F84:Q84) -> 0
D85: Bán nguyên vật liệu | E85: 511 | R85: =SUM(F85:Q85) -> 0
D86: Bán vật tư | E86: 511 | R86: =SUM(F86:Q86) -> 0
D87: Bán CCDC | E87: 511 | R87: =SUM(F87:Q87) -> 0
D88: Bán TSCĐ | E88: 711 | R88: =SUM(F88:Q88) -> 0
D89: Lãi vay | E89: 515 | R89: =SUM(F89:Q89) -> 0
D90: Bán khác | E90: 7118 | R90: =SUM(F90:Q90) -> 0
A91: 13 | B91: Công ty Cổ phần Cát Vân | C91: 0304259773 | D91: Bán vật tư | E91: 511 | R91: =SUM(F91:Q91) -> 0
D92: Bán hàng nhựa | E92: 511 | R92: =SUM(F92:Q92) -> 0
D93: Bán nguyên vật liệu | E93: 511 | R93: =SUM(F93:Q93) -> 0
D94: Bán TSCĐ | E94: 711 | R94: =SUM(F94:Q94) -> 0
D95: Lãi vay | E95: 515 | R95: =SUM(F95:Q95) -> 0
D96: Bán khác | E96: 7118 | R96: =SUM(F96:Q96) -> 0
A97: 14 | B97: Công ty Cổ phần Tân Bình Group | C97: 1501147679 | D97: Bán hàng nhựa | E97: 511 | R97: =SUM(F97:Q97) -> 0
D98: Bán nguyên vật liệu | E98: 511 | R98: =SUM(F98:Q98) -> 0
D99: Bán vật tư | E99: 511 | R99: =SUM(F99:Q99) -> 0
D100: Bán khác | E100: 7118 | R100: =SUM(F100:Q100) -> 0
A101: 15 | B101: Công ty TNHH SX & TM Thạnh Phát | C101: 1100140919 | D101: Bán hàng nhựa | E101: 511 | R101: =SUM(F101:Q101) -> 0
...
