Workbook
Name \T: #REF!
Name \T: #REF!
Name \T: #REF!
Name \T: #REF!
Name \T: #REF!
Name \T: #REF!
Name \T: #REF!
Name \T: #REF!
Name \T: #REF!
Name \T: #REF!
Name \T: #REF!
Name __dao1: '[1]CT Thang Mo'!$B$189:$H$189
Name __dao2: '[1]CT Thang Mo'!$B$161:$H$161
Name __dap2: '[1]CT Thang Mo'!$B$162:$H$162
Name __day1: '[2]Chiet tinh dz22'!#REF!
Name __day2: '[3]Chiet tinh dz35'!$H$3
Name __dbu1: '[1]CT Thang Mo'!#REF!
Name __dbu2: '[1]CT Thang Mo'!$B$93:$F$93
Name __doi3: '[4]truc tiep'!#REF!
Name __E99999: #REF!
Name __Jan02: '[5]FG waste'!#REF!
Name __lap1: #REF!
Name __lap2: #REF!
Name __vc1: '[1]CT Thang Mo'!$B$34:$H$34
Name __vc2: '[1]CT Thang Mo'!$B$35:$H$35
Name __vc3: '[1]CT Thang Mo'!$B$36:$H$36
Name _01_01_99: #REF!
Name _01_02_99: #REF!
Name _01_03_99: #REF!
Name _01_04_99: #REF!
Name _01_05_99: #REF!
Name _01_06_99: #REF!
Name _01_07_99: #REF!
Name _01_08_1999: #REF!
Name _1CAP002: [6]MTP!#REF!
Name _2STREO7: [7]MTP!#REF!
Name _4GOIC01: [8]MTP!#REF!
Name _4OSLCTT: [8]MTP!#REF!
Name _6BNTTTH: [7]MTP1!#REF!
Name _6DCTTBO: [7]MTP1!#REF!
Name _6DD24TT: [7]MTP1!#REF!
Name _6FCOTBU: [7]MTP1!#REF!
Name _6LATUBU: [7]MTP1!#REF!
Name _6SDTT24: [7]MTP1!#REF!
Name _6TBUDTT: [7]MTP1!#REF!
Name _6TDDDTT: [7]MTP1!#REF!
Name _6TLTTTH: [7]MTP1!#REF!
Name _6TUBUTT: [7]MTP1!#REF!
Name _6UCLVIS: [7]MTP1!#REF!
Name _7DNCABC: [7]MTP1!#REF!
Name _7HDCTBU: [7]MTP1!#REF!
Name _7PKTUBU: [7]MTP1!#REF!
Name _7TBHT20: [7]MTP1!#REF!
Name _7TBHT30: [7]MTP1!#REF!
Name _7TDCABC: [7]MTP1!#REF!
Name _dao1: '[1]CT Thang Mo'!$B$189:$H$189
Name _dao2: '[1]CT Thang Mo'!$B$161:$H$161
Name _dap2: '[1]CT Thang Mo'!$B$162:$H$162
Name _day1: '[2]Chiet tinh dz22'!#REF!
Name _day2: '[3]Chiet tinh dz35'!$H$3

Sheet Nguyên tắc trình bày
A2: 1 | B2: Tiêu đề các biểu đồ font chữ size 24
A3: 2 | B3: Không để số âm vùng chênh lệch
A4: 3 | B4: font Size số, chữ đều là 14, time new roman , chữ đen
A5: 4 | B5: Zoom 90%, theo khung canh của anh Lộc, đã chỉnh làm mẫu tại sheet "vảy HDPE 2023-Tuần"
A6: 5 | B6: Kéo ngang và dọc cho nó cân xứng
A7: 6 | B7: trình bày 25 tuần gần nhất
A8: 7 | B8: Giá mua trung bình các loại vảy: (HDPE: vảy trong, PET: vảy A4 đến A6)

Sheet 01.Chai B1- Tháng
BK2: Năm 2022 | BP2: Năm 2022
BI3: Data | BJ3: 13 | BK3: 1 | BL3: 2 | BM3: 3 | BN3: 4 | BO3: 5 | BP3: T6/22 | BQ3: 7 | BR3: 8 | BS3: 9 | BT3: 10 | BU3: 11 | BV3: 12 | BW3: 1/23 | BX3: 2 | BY3: 3 | BZ3: 4 | CA3: 5 | CB3: 6 | CC3: 7 | CD3: 8 | CE3: 9 | CF3: 10 | CG3: 11 | CH3: 12 | CI3: 1.24 | CJ3: 2 | CK3: 3 | CL3: 4 | CM3: 5 | CN3: 6 | CO3: 7 | CP3: 8 | CQ3: 9 | CR3: 10 | CS3: 11 | CT3: 12 | CU3: 1.25 | CV3: 2 | CW3: 3 | CX3: 4
BI4: Tỷ giá USD | BJ4: 22920 | BK4: 23180 | BL4: 23108 | BM4: 23108 | BN4: 23108 | BO4: 23108 | BP4: 23150 | BQ4: 23150 | BR4: 23150 | BS4: 23150 | BT4: 23500 | BU4: 23500 | BV4: 23380 | BW4: 23250 | BX4: 23570 | BY4: 23260 | BZ4: 23260 | CA4: 23295 | CB4: 23330 | CC4: 23380 | CD4: 23840 | CE4: 23960 | CF4: 24280 | CG4: 24730 | CH4: 24930 | CI4: 24210 | CJ4: 24250 | CK4: 24490 | CL4: 24690 | CM4: 25475 | CN4: 25250 | CO4: 25750 | CP4: 25130 | CQ4: 24580 | CR4: 24410 | CS4: 25120 | CT4: 25140 | CU4: 25290 | CV4: 25050 | CW4: 25400 | CX4: 25460
BI5: Giá keo chính phẩm | BJ5: 1122 | BK5: 1165 | BL5: 1272.5 | BM5: 1346 | BN5: 1297.5 | BO5: 1316.6667 | BP5: =B36*BP4/1000 -> 32178.5 | BQ5: =C36*BQ4/1000 -> 28243 | BR5: =D36*BR4/1000 -> 29400.5 | BS5: =E36*BS4/1000 -> 27548.5 | BT5: =F36*BT4/1000 -> 26555 | BU5: =G36*BU4/1000 -> 24440 | BV5: =H36*BV4/1000 -> 22853.95 | BW5: =I36*BW4/1000 -> 23250 | ... CX5: =AJ36*CX4/1000 -> 20622.6
BI6: Giá duyệt mua chai B1 | BJ6: 688.17627 | BK6: =BK16/BK4*1000 -> 0 | BL6: =BL16/BL4*1000 -> 0 | BM6: =BM16/BM4*1000 -> 0 | BN6: =BN16/BN4*1000 -> 0 | BO6: =BO16/BO4*1000 -> 0 | BP6: 18000 | BQ6: 18000 | BR6: 18000 | BS6: 16500 | BT6: 16500 | BU6: 16500 | BV6: 15500 | BW6: 14500 | BX6: 14500 | BY6: 15500 | BZ6: 15500 | CA6: 15500 | CB6: 13500 | CC6: 13000 | CD6: 13000 | CE6: 13500 | CF6: 14500 | CG6: 15000 | CH6: 15000 | CI6: 16500 | CJ6: 16500 | CK6: 16500 | CL6: 17500 | CM6: 17500 | CN6: 17500 | CO6: 16500 | CP6: 17000 | CQ6: 17500 | CR6: 17400 | CS6: 17700 | CT6: 17700 | CU6: =+(16800) -> 16800 | CV6: =+(16800) -> 16800 | CW6: =+(17200) -> 17200 | CX6: 18000
BI7: Giá bale ĐNA | BP7: =BP16*BP4/1000 -> 14237.25 | BQ7: =BQ16*BQ4/1000 -> 13890 | BR7: =BR16*BR4/1000 -> 13156.917 | BS7: =BS16*BS4/1000 -> 13156.917 | BT7: =BT16*BT4/1000 -> 13351.917 | BU7: =BU16*BU4/1000 -> 12220 | BV7: =BV16*BV4/1000 -> 10918.46 | BW7: =BW16*BW4/1000 -> 10776.375 | ... CX7: =CX16*CX4/1000 -> 15461.858
BI8: Giá chai B1 thực tế mua trung bình | BJ8: 15773 | BK8: 15974 | BL8: 15997 | BM8: 16512 | BN8: 17232 | BO8: 17845 | BP8: 17949.169 | BQ8: 18008.203 | BR8: 17709.211 | BS8: 16436.763 | BT8: 16498.897 | BU8: 16968.763 | BV8: 16873.812 | BW8: 14486.456 | BX8: 14337.016 | BY8: 15026.124 | BZ8: 14967.788 | CA8: 14928.984 | CB8: 13867.306 | CC8: 12969.009 | CD8: 12977.364 | CE8: 13498.82 | CF8: 14413.011 | CG8: 15100 | CH8: 15100 | CI8: 16099.441 | CJ8: 16332.331 | CK8: =16233.8475760353+377 -> 16610.848 | CL8: 17757.505 | CM8: 17263.633 | CN8: 17209.798 | CO8: 16215.033 | CP8: 16527.439 | CQ8: 16645.01 | CR8: 16492.39 | CS8: 16673.362 | CT8: 16581.723 | CU8: 16882.91 | CV8: 17173.91 | CW8: 17802.737 | CX8: 18000
BI9: Giá chai B1 thể hiện | BJ9: 688.17627 | BK9: 689.12856 | BL9: 692.27107 | BM9: 714.55773 | BN9: 745.71577 | BO9: 772.24338 | BP9: =BP6 -> 18000 | BQ9: =BQ6 -> 18000 | BR9: =BR6 -> 18000 | BS9: =BS6 -> 16500 | BT9: =BT6 -> 16500 | BU9: =BU6 -> 16500 | BV9: =BV6 -> 15500 | BW9: =BW6 -> 14500 | ... CX9: =CX6 -> 18000
BI10: % Keo chính phẩm so với chai B1 | BJ10: 0.63039625 | BK10: 0.69054088 | BL10: 0.83815278 | BM10: 0.88368266 | BN10: 0.73993907 | BO10: 0.70498926 | BP10: =BP13/BP6 -> 0.78769444 | BQ10: =BQ13/BQ6 -> 0.56905556 | BR10: =BR13/BR6 -> 0.63336111 | BS10: =BS13/BS6 -> 0.66960606 | BT10: =BT13/BT6 -> 0.60939394 | BU10: =BU13/BU6 -> 0.48121212 | BV10: =BV13/BV6 -> 0.47444839 | BW10: =BW13/BW6 -> 0.60344828 | ... CX10: =CX13/CX6 -> 0.1457
BI11: % Giá chính phẩm tháng sau so với tháng trước | BK11: 0.038324421 | BL11: 0.092274678 | BM11: 0.057760314 | BN11: -0.036032689 | BO11: 0.014771997 | BP11: 0.055696203 | BQ11: -0.12230216 | BR11: 0.040983607 | BS11: -0.062992126 | BT11: -0.050420168 | BU11: -0.079646018 | BV11: -0.13495575 | BW11: -0.038461538 | BX11: 0.069053708 | BY11: 0.02 | BZ11: 0.009569378 | CA11: -0.045098039 | CB11: -0.14691943 | CC11: -0.14691943 | CD11: -0.14691943 | CE11: -0.14691943 | CF11: -0.14691943 | CG11: -0.14691943 | CH11: -0.14691943 | CI11: -0.14691943 | CJ11: -0.14691943 | CK11: -0.14691943 | CL11: -0.14691943 | CM11: -0.14691943 | CN11: -0.14691943 | CO11: -0.14691943 | CP11: -0.14691943 | CQ11: -0.14691943 | CR11: -0.14691943 | CS11: -0.14691943 | CT11: -0.14691943 | CU11: -0.14691943 | CV11: -0.14691943 | CW11: -0.14691943 | CX11: -0.14691943
BI12: % Giá chai B1 tháng sau so với tháng trước | BK12: 0.0013837935 | BL12: 0.00456013 | BM12: 0.032193536 | BN12: 0.043604651 | BO12: 0.035573352 | BP12: 0.0040031347 | BQ12: 0.0032870912 | BR12: -0.017658818 | BS12: -0.070830978 | BT12: -0.011177818 | BU12: 0.028486575 | BV12: -0.0059372285 | BW12: -0.16408421 | BX12: -0.14405873 | BY12: 0.037253294 | BZ12: 0.04399603 | CA12: -0.0064647859 | CB12: -0.06465806 | CC12: -0.06465806 | CD12: -0.06465806 | CE12: -0.06465806 | CF12: -0.06465806 | CG12: -0.06465806 | CH12: -0.06465806 | CI12: -0.06465806 | CJ12: -0.06465806 | CK12: -0.06465806 | CL12: -0.06465806 | CM12: -0.06465806 | CN12: -0.06465806 | CO12: -0.06465806 | CP12: -0.06465806 | CQ12: -0.06465806 | CR12: -0.06465806 | CS12: -0.06465806 | CT12: -0.06465806 | CU12: -0.06465806 | CV12: -0.06465806 | CW12: -0.06465806 | CX12: -0.06465806
BI13: Chênh lệch | BJ13: 433.82373 | BK13: 475.87144 | BL13: 580.22893 | BM13: 631.44227 | BN13: 551.78423 | BO13: 544.42329 | BP13: =BP5-BP6 -> 14178.5 | BQ13: =BQ5-BQ6 -> 10243 | BR13: =BR5-BR6 -> 11400.5 | BS13: =BS5-BS6 -> 11048.5 | BT13: =BT5-BT6 -> 10055 | BU13: =BU5-BU6 -> 7940 | BV13: =BV5-BV6 -> 7353.95 | BW13: =BW5-BW6 -> 8750 | ... CX13: =CX5-CX6 -> 2622.6
BI14: Giá bán rPET | BK14: 1300 | BL14: 1300 | BM14: 1450 | BN14: 1550 | BO14: 1550 | BP14: 1550 | BQ14: 1550 | BR14: 1480 | BS14: 1409.7447 | BT14: 1409.7447 | BU14: 1379.9766 | BV14: 1330 | BW14: 1330 | BX14: 1330 | BY14: 1380 | BZ14: 1380 | CA14: 1380 | CB14: 1350 | CC14: 1300 | CD14: 1250 | CE14: 1250 | CF14: 1250 | CG14: 1250 | CH14: 1250 | CI14: 1250 | CJ14: 1250 | CK14: 1250 | CL14: 1250 | CM14: 1300 | CN14: 1300 | CO14: 1300 | CP14: 1300 | CQ14: 1310 | CR14: 1325 | CS14: 1325 | CT14: 1325 | CU14: 1325 | CV14: 1250 | CW14: 1250 | CX14: 1250
BI15: Giá chính phẩm dự báo | BK15: 1165 | BL15: 1272.5 | BM15: 1346 | BN15: 1297.5 | BO15: 1316.6667 | BP15: 1390 | BQ15: 1220 | BR15: 1270 | BS15: 1190 | BT15: 1130 | BU15: 1040 | BV15: 977.5 | BW15: 1000 | BX15: 1045 | BY15: 1020 | BZ15: 1055 | CA15: 974 | CB15: =CB5 -> 20880.35 | CC15: =CC5 -> 21112.14 | CD15: =CD5 -> 21885.12 | CE15: =CE5 -> 22282.8 | CF15: =CF5 -> 22398.3 | CG15: =CG5 -> 22257 | CH15: =CH5 -> 22437 | CI15: =CI5 -> 22515.3 | ... CX15: =CX5 -> 20622.6
BI16: Giá bale ĐNA ( USD) | BP16: 615 | BQ16: 600 | BR16: 568.33333 | BS16: 568.33333 | BT16: 568.16667 | BU16: 520 | BV16: 467 | BW16: 463.5 | BX16: 451.5 | BY16: 471.66667 | BZ16: 501.66667 | CA16: 472.5 | CB16: 454.33333 | CC16: 453 | CD16: 433.2 | CE16: 412.7 | CF16: 419.2 | CG16: 457.4 | CH16: 474.1 | CI16: 474.1 | CJ16: 495.7 | CK16: 494.3 | CL16: 515.7 | CM16: 560 | CN16: 563.5 | CO16: 567.2 | CP16: 579.4 | CQ16: 602 | CR16: 635.5 | CS16: 630.7 | CT16: 613.3 | CU16: 588.8 | CV16: 595.2 | CW16: 595.2 | CX16: 607.3
BI17: Giá mua chai B0 | BW17: 8708.4662 | BX17: 9206.5027 | BY17: 10350.583 | BZ17: 10630.801 | CA17: 9861.484 | CB17: 9199.095 | CC17: 8896.0365 | CD17: 9246.3978 | CE17: 9607.8931 | CF17: 10586.188 | CG17: 11153.125 | CH17: 11113.72 | CI17: 11099.755 | CJ17: 11015.602 | CK17: 11145.196 | CL17: 12500 | CM17: 13000 | CN17: 13000 | CO17: 11500 | CP17: 11500 | CQ17: 12000 | CR17: 11700 | CS17: 12000 | CT17: 12000 | CU17: 12300 | CV17: 12300 | CW17: 12500 | CX17: 13500
A35: Tháng | B35: 06/22 | C35: 7 | D35: 8 | E35: 9 | F35: 10 | G35: 11 | H35: 12 | I35: 1/23 | J35: 2 | K35: 3 | L35: 4 | M35: 5 | N35: 6 | O35: 7 | P35: 8 | Q35: 9 | R35: 10 | S35: 11 | T35: 12 | U35: 1.24 | V35: 2 | W35: 3 | X35: 4 | Y35: 5 | Z35: 6 | AA35: 7 | AB35: 8 | AC35: 9 | AD35: 10 | AE35: 11 | AF35: 12 | AG35: 1.25 | AH35: 2 | AI35: 3 | AJ35: 4
A36: Giá RESIN (USD/ Tấn) | B36: 1390 | C36: 1220 | D36: 1270 | E36: 1190 | F36: 1130 | G36: 1040 | H36: 977.5 | I36: 1000 | J36: 1045 | K36: 1020 | L36: 1055 | M36: 974 | N36: 895 | O36: 903 | P36: 918 | Q36: 930 | R36: 922.5 | S36: 900 | T36: 900 | U36: 930 | V36: 943 | W36: 940 | X36: 940 | Y36: 942 | Z36: 950 | AA36: 948 | AB36: 930 | AC36: 880 | AD36: 862.5 | AE36: 852 | AF36: 840 | AG36: 828 | AH36: 840 | AI36: 823 | AJ36: 810
A45: 1. Sửa lại Tiêu đề (đã chỉnh biểu đồ bên dưới)
A46: 2. chỉnh lại size để thấy 1 màn hình
A47: 3. biểu đồ trình bày bằng VNĐ/kg, lấy tỷ giá tại ngày cuối tháng
A48: 4. Bảng số liệu chỉ trình bày 1 dòng giá keo chính phẩm bằng usd/tấn
A49: 5. Thêm 1 đường giá thực mua trung bình hàng tháng

Sheet Chart B1_Tuần
AM43: Năm 2022
AK44: Data | AL44: 33 | AM44: 34 | AN44: 35 | AO44: 36 | AP44: 37 | AQ44: 38 | AR44: 39 | AS44: 40 | AT44: 41 | AU44: 42 | AV44: 43 | AW44: 44 | AX44: 45 | AY44: 46 | AZ44: 47 | BA44: 48 | BB44: 49 | BC44: 50 | BD44: 51 | BE44: 52 | BF44: 1 | BG44: 2 | BH44: 3 | BI44: 4 | BJ44: 5 | BK44: 6 | BL44: 7 | BM44: 8 | BN44: 9 | BO44: 10 | BP44: 11 | BQ44: 12 | BR44: 13 | BS44: 14 | BT44: 15 | BU44: 16 | BV44: 17 | BW44: 18 | BX44: 19 | BY44: 20 | BZ44: 21 | CA44: 22 | CB44: 23 | CC44: 24 | CD44: 25 | CE44: 26 | CF44: 27 | CG44: 28 | CH44: 29 | CI44: 30 | CJ44: 31 | CK44: 32 | CL44: 33 | CM44: 34
AK45: Tỷ giá USD | AL45: 23150 | AM45: 23150 | AN45: 23150 | AO45: 23500 | AP45: 23500 | AQ45: 23500 | AR45: 23500 | AS45: 23500 | AT45: 23500 | AU45: 23500 | AV45: 23500 | AW45: 24600 | AX45: 24600 | AY45: 24600 | AZ45: 24600 | BA45: 24600 | BB45: 24000 | BC45: 24000 | BD45: 24000 | BE45: 24000 | BF45: 24760 | BG45: 24200 | BH45: 24330 | BI45: 24410 | BJ45: 24380 | BK45: 24220 | BL45: 24250 | BM45: 24380 | BN45: 24550 | BO45: 24530 | BP45: 24500 | BQ45: 24570 | BR45: 24620 | BS45: 24650 | BT45: 24810 | BU45: 25020 | BV45: 25240 | BW45: 25150 | BX45: 25180 | BY45: 25230 | BZ45: 25250 | CA45: 25280 | CB45: 25260 | CC45: 25250 | CD45: 25260 | CE45: 25260 | CF45: 25260 | CG45: 25220 | CH45: 25190 | CI45: 25170 | CJ45: 25120 | CK45: 24930 | CL45: 24970 | CM45: 24810
AK46: Giá bale ĐNA | AL46: 1220 | AM46: 1190 | AN46: 1160 | AO46: 1160 | AP46: 1160 | AQ46: 1130 | AR46: 1130 | AS46: 1100 | AT46: 1100 | AU46: 1070 | AV46: 1040 | AW46: 995 | AX46: 538.5 | AY46: 520.66667 | AZ46: 520.66667 | BA46: 508 | BB46: 520 | BC46: 512.83333 | BD46: 464 | BE46: 467 | BF46: =BF55*BF45/1000 -> 12273.532 | BG46: =BG55*BG45/1000 -> 11995.94 | BH46: =BH55*BH45/1000 -> 12060.381 | BI46: =BI55*BI45/1000 -> 12100.037 | BJ46: =BJ55*BJ45/1000 -> 12085.166 | BK46: =BK55*BK45/1000 -> 11970.735 | BL46: =BL55*BL45/1000 -> 11985.562 | BM46: =BM55*BM45/1000 -> 12049.815 | ... CM46: =CM55*CM45/1000 -> 14375.658
AK47: Giá duyệt mua chai B1 | AL47: 774.65803 | AM47: 773.14615 | AN47: 776.38589 | AO47: 702.12766 | AP47: 702.12766 | AQ47: 702.12766 | AR47: 702.12766 | AS47: 702.12766 | AT47: 702.12766 | AU47: 702.12766 | AV47: 702.12766 | AW47: 670.73171 | AX47: 670.73171 | AY47: 695.81402 | AZ47: 706.10846 | BA47: 719.78422 | BB47: 714.51263 | BC47: 723.60817 | BD47: 716.11607 | BE47: 658.89104 | BF47: 16500 | BG47: 16500 | BH47: 16500 | BI47: 16500 | BJ47: 16500 | BK47: 16500 | BL47: 16500 | BM47: 16500 | BN47: 16500 | BO47: 16500 | BP47: 16500 | BQ47: 16500 | BR47: 16500 | BS47: 17500 | BT47: 17500 | BU47: 17500 | BV47: 17500 | BW47: 17500 | BX47: 17500 | BY47: 17500 | BZ47: 17500 | CA47: 17500 | CB47: 17000 | CC47: 17000 | CD47: 17000 | CE47: 17000 | CF47: 16000 | CG47: 16000 | CH47: 16500 | CI47: 16500 | CJ47: 16500 | CK47: 16500 | CL47: 17000 | CM47: 17000
AK48: Giá chai B1 thực tế mua trung bình | AL48: 17933.333 | AM48: 17898.333 | AN48: 17973.333 | AO48: 16500 | AP48: 16500 | AQ48: 16500 | AR48: 16500 | AS48: 16500 | AT48: 16500 | AU48: 16500 | AV48: 16500 | AW48: 16500 | AX48: 16500 | AY48: 17117.025 | AZ48: 17370.268 | BA48: 17706.692 | BB48: 17148.303 | BC48: 17366.596 | BD48: 17186.786 | BE48: 15813.385 | BF48: 16071.933 | BG48: 16132.36 | BH48: 15988.717 | BI48: 16054.687 | BJ48: 16330.181 | BK48: 16448.82 | BM48: 16368.322 | BN48: 16350.379 | BO48: 16240.766 | BP48: 16182.893 | BQ48: 16213.85 | BR48: 16205.294 | BS48: 17370.845 | BT48: 17486.483 | BU48: 17457.58 | BV48: 17456.87 | BW48: 17193.951 | BX48: 17260.101 | BY48: 17277.914 | BZ48: 17254.469 | CA48: 17259.324 | CB48: 17143.286 | CC48: 17175.785 | CD48: 17311.471 | CE48: 17213.644 | CF48: 16000 | CG48: 15933.143 | CH48: 16357.132 | CI48: 16422.84 | CJ48: 16500 | CK48: 16471.302 | CL48: 16618.706 | CM48: 17000
AK49: Giá chai B1 thể hiện | AL49: 774.65803 | AM49: 773.14615 | AN49: 776.38589 | AO49: 702.12766 | AP49: 702.12766 | AQ49: 702.12766 | AR49: 702.12766 | AS49: 702.12766 | AT49: 702.12766 | AU49: 702.12766 | AV49: 702.12766 | AW49: 670.73171 | AX49: 670.73171 | AY49: 695.81402 | AZ49: 706.10846 | BA49: 719.78422 | BB49: 714.51263 | BC49: 723.60817 | BD49: 716.11607 | BE49: 658.89104 | BF49: =BF47 -> 16500 | BG49: =BG47 -> 16500 | BH49: =BH47 -> 16500 | BI49: =BI47 -> 16500 | BJ49: =BJ47 -> 16500 | BK49: =BK47 -> 16500 | BL49: =BL47 -> 16500 | BM49: =BM47 -> 16500 | ... CM49: =CM47 -> 17000
AK50: % Giá chính phẩm so với với chai B1 | AL50: 0.57488848 | AM50: 0.53916566 | AN50: 0.49410237 | AO50: 0.65212121 | AP50: 0.65212121 | AQ50: 0.60939394 | AR50: 0.60939394 | AS50: 0.56666667 | AT50: 0.56666667 | AU50: 0.52393939 | AV50: 0.48121212 | AW50: 0.48345455 | AX50: 0.19714545 | AY50: 0.25171576 | AZ50: 0.26262508 | BA50: 0.29423293 | BB50: 0.27223119 | BC50: 0.29128311 | BD50: 0.35206034 | BE50: 0.29123335 | BF50: =BF53/BF47 -> 0.35054545 | BG50: =BG53/BG47 -> 0.37866667 | BH50: =BH53/BH47 -> 0.38607273 | BI50: =BI53/BI47 -> 0.3906303 | BJ50: =BJ53/BJ47 -> 0.40369697 | BK50: =BK53/BK47 -> 0.37980606 | BL50: =BL53/BL47 -> 0.38151515 | BM50: =BM53/BM47 -> 0.38892121 | ... CM50: =CM53/CM47 -> 0.37184706
AK51: % Giá chính phẩm tuần sau so với tuần trước | AM51: -0.024590164 | AN51: -0.025210084 | AO51: 0 | AP51: 0 | AQ51: -0.025862069 | AR51: 0 | AS51: -0.026548673 | AT51: 0 | AU51: -0.027272727 | AV51: -0.028037383 | AW51: -0.043269231 | AX51: -0.45879397 | AY51: -0.033116682 | AZ51: 0 | BA51: -0.024327785 | BB51: 0.023622047 | BC51: -0.013782051 | BD51: -0.095222619 | BE51: 0.0064655172 | BF51: -0.021413276 | BG51: 0.014587892 | BH51: 0.0082674335 | BI51: 0.0082674335 | BJ51: -0.0085561497 | BK51: -0.016540813 | BL51: -0.058590942 | BM51: -0.029475198 | BN51: -0.034224599 | BO51: -0.023013305 | BP51: 0.024497258 | BQ51: 0.073310424 | BR51: 0.048888889 | BS51: 0.080841639 | BT51: 0.081339713 | BU51: 0.057815846 | BV51: 0.070793312 | BW51: 0.069915254 | BX51: 0.039275956 | BY51: -0.0030633084 | BZ51: -0.040148448 | CA51: -0.058139535 | CB51: -0.07029703 | CC51: -0.074268814 | CD51: -0.074268814 | CE51: -0.074268814 | CF51: -0.074268814 | CG51: -0.074268814 | CH51: -0.074268814 | CI51: -0.074268814 | CJ51: -0.074268814 | CK51: -0.074268814 | CL51: -0.074268814 | CM51: -0.074268814
AK52: % Giá chai B1 tuần sau so với tuần trước | AM52: -0.0019516729 | AN52: 0.0041903343 | AO52: -0.095646032 | AP52: 0 | AQ52: 0 | AR52: 0 | AS52: 0 | AT52: 0 | AU52: 0 | AV52: 0 | AW52: -0.044715447 | AX52: 0 | AY52: 0.037395451 | AZ52: 0.014794811 | BA52: 0.019367794 | BB52: -0.0073238572 | BC52: 0.012729718 | BD52: -0.01035381 | BE52: -0.079910267 | BF52: -0.0844465 | BG52: -0.00020721094 | BH52: 0.0060794473 | BI52: 0.0060794473 | BJ52: -0.0050127034 | BK52: -0.0053830228 | BL52: -0.013195164 | BM52: -0.011813472 | BN52: 0.02087482 | BO52: 0.036783989 | BP52: 0.044407438 | BQ52: 0.048655839 | BR52: 0.05033557 | BS52: 0.0078697787 | BT52: -0.0061905079 | BU52: -0.0041190539 | BV52: -0.00013352026 | BW52: 0.002329606 | BX52: -0.0043379605 | BY52: -0.0050234427 | BZ52: -0.009006004 | CA52: 0.04199773 | CB52: -0.045487748 | CC52: -0.063543133 | CD52: -0.063543133 | CE52: -0.063543133 | CF52: -0.063543133 | CG52: -0.063543133 | CH52: -0.063543133 | CI52: -0.063543133 | CJ52: -0.063543133 | CK52: -0.063543133 | CL52: -0.063543133 | CM52: -0.063543133
AK53: Chênh lệch | AL53: 445.34197 | AM53: 416.85385 | AN53: 383.61411 | AO53: 457.87234 | AP53: 457.87234 | AQ53: 427.87234 | AR53: 427.87234 | AS53: 397.87234 | AT53: 397.87234 | AU53: 367.87234 | AV53: 337.87234 | AW53: 324.26829 | AX53: -132.23171 | AY53: -175.14736 | AZ53: -185.44179 | BA53: -211.78422 | BB53: -194.51263 | BC53: -210.77484 | BD53: -252.11607 | BE53: -191.89104 | BF53: =BF54-BF47 -> 5784 | BG53: =BG54-BG47 -> 6248 | BH53: =BH54-BH47 -> 6370.2 | BI53: =BI54-BI47 -> 6445.4 | BJ53: =BJ54-BJ47 -> 6661 | BK53: =BK54-BK47 -> 6266.8 | BL53: =BL54-BL47 -> 6295 | BM53: =BM54-BM47 -> 6417.2 | ... CM53: =CM54-CM47 -> 6321.4
AK54: Giá chính phẩm | BF54: =BF56*BF45/1000 -> 22284 | BG54: =BG56*BG45/1000 -> 22748 | BH54: =BH56*BH45/1000 -> 22870.2 | BI54: =BI56*BI45/1000 -> 22945.4 | BJ54: =BJ56*BJ45/1000 -> 23161 | BK54: =BK56*BK45/1000 -> 22766.8 | BL54: =BL56*BL45/1000 -> 22795 | BM54: =BM56*BM45/1000 -> 22917.2 | ... CM54: =CM56*CM45/1000 -> 23321.4
AK55: Giá bale ĐNA USD | BF55: 495.7 | BG55: 495.7 | BH55: 495.7 | BI55: 495.7 | BJ55: 495.7 | BK55: 494.25 | BL55: 494.25 | BM55: 494.25 | BN55: 494.25 | BO55: 514.42 | BP55: 514.42 | BQ55: 514.42 | BR55: 514.42 | BS55: 551 | BT55: 551 | BU55: 551 | BV55: 551 | BW55: 569.88 | BX55: 569.88 | BY55: 569.88 | BZ55: 569.88 | CA55: 569.88 | CB55: 567.17 | CC55: 567.17 | CD55: 567.17 | CE55: 567.17 | CF55: 579.43 | CG55: 579.43 | CH55: 579.43 | CI55: 579.43 | CJ55: 579.43 | CK55: 579.43 | CL55: 579.43 | CM55: 579.43
AK56: Giá chính phẩm USD | BF56: 900 | BG56: 940 | BH56: 940 | BI56: 940 | BJ56: 950 | BK56: 940 | BL56: 940 | BM56: 940 | BN56: 940 | BO56: 940 | BP56: 940 | BQ56: 940 | BR56: 940 | BS56: 940 | BT56: 940 | BU56: 940 | BV56: 940 | BW56: 940 | BX56: 940 | BY56: 950 | BZ56: 950 | CA56: 950 | CB56: 950 | CC56: 950 | CD56: 950 | CE56: 950 | CF56: 950 | CG56: 940 | CH56: 940 | CI56: 940 | CJ56: 940 | CK56: 940 | CL56: 940 | CM56: 940
AK57: Giá mua chai B0 | BF57: 11099.755 | BG57: 11099.755 | BH57: 11099.755 | BI57: 11099.755 | BJ57: 11015.602 | BK57: 11015.602 | BL57: 11015.602 | BM57: 11015.602 | BN57: 11145.196 | BO57: 11145.196 | BP57: 11145.196 | BQ57: 11145.196 | BR57: 11145.196 | BS57: 11936.111 | BT57: 12163.111 | BU57: 12344.4 | BV57: 12384.111 | BW57: 12580.25 | BX57: 12764.889 | BY57: 12785.778 | BZ57: 12764.056 | CA57: 12808.067 | CB57: 12816.278 | CC57: 12793.5 | CD57: 12766.722 | CE57: 12278.111 | CF57: 11307.167 | CG57: 11044.611 | CH57: 11307.111 | CI57: 11363.81 | CJ57: 11350.278 | CK57: 11352.056 | CL57: 11366.889 | CM57: 11454.42
B69: Tháng | P69: T6 | X69: T12 | Z69: GAP giữa T6 & T12
B70: % chênh lệch giữa keo chính phẩm so với chai B1 | P70: 0.85859936 | X70: 0.49014925 | Z70: 0.36845011
E71: 1165, | F71: 1272.5, | P71: 1346, | Q71: 1297.5, | R71: 1316.66666666665,1390,1220,1270,1190,1130,1040,1040 | T71: 1270 | U71: 1190 | V71: 1130 | W71: 1040 | X71: 1040
V72: -13700
E73: 1165,1272.5,1346,1297.5,1316.66666666665,1390,1220,1270,1190,1130,1040,1040
E75: 1165 | F75: 1272.5 | P75: 1346 | Q75: 1297.5 | R75: 1316.6667 | S75: 1390 | T75: 1220 | U75: 1270 | V75: 1190 | W75: 1130 | X75: 1040 | Y75: 1040
B76: tỉ lệ | E76: 27960 | F76: 30540 | P76: 32304 | Q76: 31140 | R76: 31600 | S76: 33360 | T76: 29280 | U76: 30480 | V76: 28560 | W76: 27120 | X76: 24960 | Y76: 24960

Sheet 02. Vảy PET- Tháng
AR3: Data | AS3: 1.23 | AT3: 2 | AU3: 3 | AV3: 4 | AW3: 5 | AX3: 6 | AY3: 7 | AZ3: 8 | BA3: 9 | BB3: 10 | BC3: 11 | BD3: 12 | BE3: 1.24 | BF3: 2 | BG3: 3 | BH3: 4 | BI3: 5 | BJ3: 6 | BK3: 7 | BL3: 8 | BM3: 9 | BN3: 10 | BO3: 11 | BP3: 12 | BQ3: 1.25 | BR3: 2 | BS3: 3 | BT3: 4
AR4: Tỷ giá USD | AS4: 23250 | AT4: 23570 | AU4: 23260 | AV4: 23260 | AW4: 23295 | AX4: 23330 | AY4: 23380 | AZ4: 23840 | BA4: 23960 | BB4: 24280 | BC4: 24730 | BD4: 24930 | BE4: 24210 | BF4: 24250 | BG4: 24490 | BH4: 24690 | BI4: 25475 | BJ4: 25250 | BK4: 25270 | BL4: 25130 | BM4: ='01.Chai B1- Tháng'!CQ4 -> 24580 | BN4: ='01.Chai B1- Tháng'!CR4 -> 24410 | BO4: ='01.Chai B1- Tháng'!CS4 -> 25120 | BP4: ='01.Chai B1- Tháng'!CT4 -> 25140 | BQ4: ='01.Chai B1- Tháng'!CU4 -> 25290 | BR4: ='01.Chai B1- Tháng'!CV4 -> 25050 | BS4: ='01.Chai B1- Tháng'!CW4 -> 25400 | BT4: ='01.Chai B1- Tháng'!CX4 -> 25460
AR5: Giá keo chính phẩm | AS5: =C40*AS4/1000 -> 23250 | AT5: =D40*AT4/1000 -> 24630.65 | AU5: =E40*AU4/1000 -> 23725.2 | AV5: =F40*AV4/1000 -> 24539.3 | AW5: =G40*AW4/1000 -> 22689.33 | AX5: =H40*AX4/1000 -> 20880.35 | AY5: =I40*AY4/1000 -> 21112.14 | AZ5: =J40*AZ4/1000 -> 21885.12 | ... BT5: =AD40*BT4/1000 -> 20622.6
AR6: Giá duyệt mua vảy PET | AS6: 17500 | AT6: 17500 | AU6: 18500 | AV6: 18500 | AW6: 18500 | AX6: 17500 | AY6: 16000 | AZ6: 16000 | BA6: 16500 | BB6: 17500 | BC6: 18100 | BD6: 18100 | BE6: 18100 | BF6: =18500+100 -> 18600 | BG6: =18800+100 -> 18900 | BH6: 19300 | BI6: 19800 | BJ6: 19800 | BK6: 18300 | BL6: 18300 | BM6: =18300+350 -> 18650 | BN6: =18000+350 -> 18350 | BO6: =18000+350+200 -> 18550 | BP6: =18200+350 -> 18550 | BQ6: =18200+350 -> 18550 | BR6: =18500+350 -> 18850 | BS6: =19000+350+200 -> 19550 | BT6: =19700+350 -> 20050
AR7: Giá vảy ĐNA | AS7: =AS14*AS4/1000 -> 22227 | AT7: =AT14*AT4/1000 -> 22462.21 | AU7: =AU14*AU4/1000 -> 21980.7 | AV7: =AV14*AV4/1000 -> 21282.9 | AW7: =AW14*AW4/1000 -> 20336.535 | AX7: =AX14*AX4/1000 -> 19958.815 | AY7: =AY14*AY4/1000 -> 20001.59 | AZ7: =AZ14*AZ4/1000 -> 21587.12 | ... BT7: =BT14*BT4/1000 -> 25841.9
AR8: Giá vảy thể hiện | AS8: =AS6 -> 17500 | AT8: =AT6 -> 17500 | AU8: =AU6 -> 18500 | AV8: =AV6 -> 18500 | AW8: =AW6 -> 18500 | AX8: =AX6 -> 17500 | AY8: =AY6 -> 16000 | AZ8: =AZ6 -> 16000 | ... BT8: =BT6 -> 20050
AR9: Giá vảy PET thực tế mua trung bình | AS9: 17112 | AT9: 17235 | AU9: 17583 | AV9: 17672 | AW9: 17728 | AX9: 16972.6 | AY9: 15973.539 | AZ9: 15985.32 | BA9: 16507.339 | BB9: 16955.713 | BC9: 18100 | BD9: 18100 | BE9: 17941.908 | BF9: 18449 | BG9: 19187.723 | BH9: 19561.944 | BI9: 19772.974 | BJ9: 19648.515 | BK9: 17930.461 | BL9: 17951.517 | BM9: 18513.416 | BN9: 18183.756 | BO9: 18460.149 | BP9: 18501.388 | BQ9: 18242.041 | BR9: 19068.147 | BS9: 19530.409 | BT9: =BT6 -> 20050
AR10: % Keo chính phẩm so với vảy PET | AS10: =AS5/AS6-1 -> 0.32857143 | AT10: =AT5/AT6-1 -> 0.40746571 | AU10: =AU5/AU6-1 -> 0.28244324 | AV10: =AV5/AV6-1 -> 0.32644865 | AW10: =AW5/AW6-1 -> 0.22645027 | AX10: =AX5/AX6-1 -> 0.19316286 | AY10: =AY5/AY6-1 -> 0.31950875 | AZ10: =AZ5/AZ6-1 -> 0.36782 | ... BT10: =BT5/BT6-1 -> 0.028558603
AR11: Chênh lệch | AS11: =AS5-AS6 -> 5750 | AT11: =AT5-AT6 -> 7130.65 | AU11: =AU5-AU6 -> 5225.2 | AV11: =AV5-AV6 -> 6039.3 | AW11: =AW5-AW6 -> 4189.33 | AX11: =AX5-AX6 -> 3380.35 | AY11: =AY5-AY6 -> 5112.14 | AZ11: =AZ5-AZ6 -> 5885.12 | ... BT11: =BT5-BT6 -> 572.6
AR12: Giá bán rPET | AS12: 1330 | AT12: 1330 | AU12: 1380 | AV12: 1380 | AW12: 1380 | AX12: 1350 | AY12: 1300 | AZ12: 1250 | BA12: 1250 | BB12: 1250 | BC12: 1250 | BD12: 1250 | BE12: 1250 | BF12: 1250 | BG12: 1250 | BH12: 1250 | BI12: 1300 | BJ12: 1300 | BK12: 1300 | BL12: 1300
AR13: Giá chính phẩm dự báo | AS13: =AS5 -> 23250 | AT13: =AT5 -> 24630.65 | AU13: =AU5 -> 23725.2 | AV13: =AV5 -> 24539.3 | AW13: =AW5 -> 22689.33 | AX13: =AX5 -> 20880.35 | AY13: =AY5 -> 21112.14 | AZ13: =AZ5 -> 21885.12 | ... BT13: =BT5 -> 20622.6
AR14: Giá vảy ĐNA (usd) | AS14: 956 | AT14: 953 | AU14: 945 | AV14: 915 | AW14: 873 | AX14: =+(851+860)/2 -> 855.5 | AY14: =+(851+860)/2 -> 855.5 | AZ14: =(859+952)/2 -> 905.5 | BA14: =(825+941)/2 -> 883 | BB14: =(825+927)/2 -> 876 | BC14: =(840+945)/2 -> 892.5 | BD14: =(840+945)/2 -> 892.5 | BE14: =(840+955)/2 -> 897.5 | BF14: =(840+955)/2 -> 897.5 | BG14: =(840+955)/2 -> 897.5 | BH14: =(860+955)/2 -> 907.5 | BI14: 955 | BJ14: 1015 | BK14: 995 | BL14: 995 | BM14: 1020 | BN14: 1020 | BO14: 1020 | BP14: 1025 | BQ14: 1025 | BR14: 1010 | BS14: 1012.5 | BT14: 1015
K29: -13700
C30: 1165,1272.5,1346,1297.5,1316.66666666665,1390,1220,1270,1190,1130,1040,1040
C32: 1165 | D32: 1272.5 | E32: 1346 | F32: 1297.5 | G32: 1316.6667 | H32: 1390 | I32: 1220 | J32: 1270 | K32: 1190 | L32: 1130 | M32: 1040 | N32: 1040
B33: tỉ lệ | C33: 27960 | D33: 30540 | E33: 32304 | F33: 31140 | G33: 31600 | H33: 33360 | I33: 29280 | J33: 30480 | K33: 28560 | L33: 27120 | M33: 24960 | N33: 24960
B39: Tháng | C39: 01/23 | D39: 2 | E39: 3 | F39: 4 | G39: 5 | H39: 6 | I39: 7 | J39: 8 | K39: 9 | L39: 10 | M39: 11 | N39: 12 | O39: 1.24 | P39: 2 | Q39: 3 | R39: 4 | S39: 5 | T39: 6 | U39: 7 | V39: 8 | W39: 9 | X39: 10 | Y39: 11 | Z39: 12 | AA39: 1.25 | AB39: 2 | AC39: 3 | AD39: 4
B40: Giá Resin (USD/ Tấn) | C40: 1000 | D40: 1045 | E40: 1020 | F40: 1055 | G40: 974 | H40: 895 | I40: 903 | J40: 918 | K40: 930 | L40: 922.5 | M40: 900 | N40: 900 | O40: 930 | P40: 943 | Q40: 940 | R40: 940 | S40: 942 | T40: 950 | U40: 948 | V40: 930 | W40: 880 | X40: 862.5 | Y40: 852 | Z40: 830 | AA40: 828 | AB40: 840 | AC40: 823 | AD40: 810

Sheet Chart Vảy PET_Tuần
V45: Data | W45: 1 | X45: 2 | Y45: 3 | Z45: 4 | AA45: 5 | AB45: 6 | AC45: 7 | AD45: 8 | AE45: 9 | AF45: 10 | AG45: 11 | AH45: 12 | AI45: 13 | AJ45: 14 | AK45: 15 | AL45: 16 | AM45: 17 | AN45: 18 | AO45: 19 | AP45: 20 | AQ45: 21 | AR45: 22 | AS45: 23 | AT45: 24 | AU45: 25 | AV45: 26 | AW45: 27 | AX45: 28 | AY45: 29 | AZ45: 30 | BA45: 31 | BB45: 32 | BC45: 33 | BD45: 34
V46: Tỷ giá USD | W46: ='Chart B1_Tuần'!BF45 -> 24760 | X46: ='Chart B1_Tuần'!BG45 -> 24200 | Y46: ='Chart B1_Tuần'!BH45 -> 24330 | Z46: ='Chart B1_Tuần'!BI45 -> 24410 | AA46: ='Chart B1_Tuần'!BJ45 -> 24380 | AB46: ='Chart B1_Tuần'!BK45 -> 24220 | AC46: ='Chart B1_Tuần'!BL45 -> 24250 | AD46: ='Chart B1_Tuần'!BM45 -> 24380 | ... BE46: ='Chart B1_Tuần'!CN45 -> 0
V47: Giá keo chính phẩm | W47: =W46*W53/1000 -> 22284 | X47: =X46*X53/1000 -> 22748 | Y47: =Y46*Y53/1000 -> 22870.2 | Z47: =Z46*Z53/1000 -> 22945.4 | AA47: =AA46*AA53/1000 -> 23161 | AB47: =AB46*AB53/1000 -> 22766.8 | AC47: =AC46*AC53/1000 -> 22795 | AD47: =AD46*AD53/1000 -> 22917.2 | ... BD47: =BD46*BD53/1000 -> 23321.4
V48: Giá duyệt mua vảy PET | W48: 18000 | X48: 18000 | Y48: 18000 | Z48: 18000 | AA48: 18500 | AB48: 18500 | AC48: 18500 | AD48: 18500 | AE48: 18500 | AF48: 18500 | AG48: 18500 | AH48: 18500 | AI48: 18500 | AJ48: 19000 | AK48: 19000 | AL48: 19000 | AM48: 19000 | AN48: 19500 | AO48: 19500 | AP48: 19500 | AQ48: 19500 | AR48: 19500 | AS48: 19500 | AT48: 19500 | AU48: 19500 | AV48: 19500 | AW48: 18000 | AX48: 18000 | AY48: 18000 | AZ48: 18000 | BA48: 18000 | BB48: 18000 | BC48: 18000 | BD48: 18000
V49: Giá vảy PET thể hiện | W49: =W48 -> 18000 | X49: =X48 -> 18000 | Y49: =Y48 -> 18000 | Z49: =Z48 -> 18000 | AA49: =AA48 -> 18500 | AB49: =AB48 -> 18500 | AC49: =AC48 -> 18500 | AD49: =AD48 -> 18500 | ... BD49: =BD48 -> 18000
V50: Giá vảy PET thực tế mua trung bình | W50: 17788.268 | X50: 17828.592 | Y50: 17854.223 | Z50: 17920.599 | AA50: 17910.699 | AB50: 17862.172 | AC50: 17862.172 | AD50: 17947.186 | AE50: 18173.051 | AF50: 18673.486 | AG50: 18747.334 | AH50: 18761.632 | AI50: 18757.926 | AJ50: 19026.001 | AK50: 18925.617 | AL50: 18914.749 | AM50: 18943.065 | AN50: 19077.338 | AO50: 19443.202 | AP50: 19415.534 | AQ50: 19403.916 | AR50: 19281.645 | AS50: 19318.549 | AT50: 19421.069 | AU50: 19388.157 | AV50: 19218.54 | AW50: 17763.704 | AX50: 17851.469 | AY50: 17795.9 | AZ50: 17825.036 | BA50: 17796.164 | BB50: 17664.788 | BC50: 17690.789 | BD50: 17605.585
V51: % chính phẩm với vảy PET | W51: =W52/W48 -> 0.238 | X51: =X52/X48 -> 0.26377778 | Y51: =Y52/Y48 -> 0.27056667 | Z51: =Z52/Z48 -> 0.27474444 | AA51: =AA52/AA48 -> 0.25194595 | AB51: =AB52/AB48 -> 0.23063784 | AC51: =AC52/AC48 -> 0.23216216 | AD51: =AD52/AD48 -> 0.23876757 | ... BD51: =BD52/BD48 -> 0.29563333
V52: Chênh lệch | W52: =W47-W48 -> 4284 | X52: =X47-X48 -> 4748 | Y52: =Y47-Y48 -> 4870.2 | Z52: =Z47-Z48 -> 4945.4 | AA52: =AA47-AA48 -> 4661 | AB52: =AB47-AB48 -> 4266.8 | AC52: =AC47-AC48 -> 4295 | AD52: =AD47-AD48 -> 4417.2 | ... BD52: =BD47-BD48 -> 5321.4
V53: Giá chính phẩm USD | W53: ='Chart B1_Tuần'!BF56 -> 900 | X53: ='Chart B1_Tuần'!BG56 -> 940 | Y53: ='Chart B1_Tuần'!BH56 -> 940 | Z53: ='Chart B1_Tuần'!BI56 -> 940 | AA53: ='Chart B1_Tuần'!BJ56 -> 950 | AB53: ='Chart B1_Tuần'!BK56 -> 940 | AC53: ='Chart B1_Tuần'!BL56 -> 940 | AD53: ='Chart B1_Tuần'!BM56 -> 940 | ... BD53: ='Chart B1_Tuần'!CM56 -> 940
B67: Tháng | P67: T6
B68: % chênh lệch giữa keo chính phẩm so với chai B1 | P68: 0.85859936
C69: 1165, | O69: 1272.5, | P69: 1346, | Q69: 1297.5, | R69: 1316.66666666665,1390,1220,1270,1190,1130,1040,1040 | T69: 1270
C71: 1165,1272.5,1346,1297.5,1316.66666666665,1390,1220,1270,1190,1130,1040,1040
C73: 1165 | O73: 1272.5 | P73: 1346 | Q73: 1297.5 | R73: 1316.6667 | S73: 1390 | T73: 1220
B74: tỉ lệ | C74: 27960 | O74: 30540 | P74: 32304 | Q74: 31140 | R74: 31600 | S74: 33360 | T74: 29280

Sheet 03. HDPE- Tháng
AP3: Data | AQ3: 1.23 | AR3: 2 | AS3: 3 | AT3: 4 | AU3: 5 | AV3: 6 | AW3: 7 | AX3: 8 | AY3: 9 | AZ3: 10 | BA3: 11 | BB3: 12 | BC3: 1.24 | BD3: 2 | BE3: 3 | BF3: 4 | BG3: 5 | BH3: 6 | BI3: 7 | BJ3: 8 | BK3: 9 | BL3: 10 | BM3: 11 | BN3: 12 | BO3: 1.25 | BP3: 2 | BQ3: 3 | BR3: 4
AP4: Tỷ giá USD | AQ4: 23250 | AR4: 23570 | AS4: 23260 | AT4: 23260 | AU4: 23295 | AV4: 23330 | AW4: 23380 | AX4: 23840 | AY4: 23960 | AZ4: 24280 | BA4: 24730 | BB4: 24930 | BC4: 24210 | BD4: 24250 | BE4: 24490 | BF4: 24690 | BG4: 25475 | BH4: 25250 | BI4: 25270 | BJ4: 25130 | BK4: ='01.Chai B1- Tháng'!CQ4 -> 24580 | BL4: ='01.Chai B1- Tháng'!CR4 -> 24410 | BM4: ='01.Chai B1- Tháng'!CS4 -> 25120 | BN4: ='01.Chai B1- Tháng'!CT4 -> 25140 | BO4: ='01.Chai B1- Tháng'!CU4 -> 25290 | BP4: ='01.Chai B1- Tháng'!CV4 -> 25050 | BQ4: ='01.Chai B1- Tháng'!CW4 -> 25400 | BR4: ='01.Chai B1- Tháng'!CX4 -> 25460
AP5: Giá keo chính phẩm | AQ5: =C37*AQ4/1000 -> 23656.875 | AR5: =D37*AR4/1000 -> 25750.225 | AS5: =E37*AS4/1000 -> 24946.35 | AT5: =F37*AT4/1000 -> 24423 | AU5: =G37*AU4/1000 -> 24319.98 | AV5: =H37*AV4/1000 -> 22630.1 | AW5: =I37*AW4/1000 -> 22444.8 | AX5: =J37*AX4/1000 -> 24030.72 | ... BR5: =AD37*BR4/1000 -> 22812.16
AP6: Giá duyệt mua vảy HDPE | AQ6: 21500 | AR6: 21500 | AS6: 21500 | AT6: 21500 | AU6: 21500 | AV6: 23000 | AW6: 23000 | AX6: 22500 | AY6: 22500 | AZ6: 22500 | BA6: 22500 | BB6: 22500 | BC6: 22500 | BD6: 22500 | BE6: 22000 | BF6: 22000 | BG6: 22000 | BH6: 22000 | BI6: 22000 | BJ6: 22000 | BK6: 22000 | BL6: 22000 | BM6: 21500 | BN6: 21500 | BO6: 21500 | BP6: 21500 | BQ6: 21500 | BR6: 21500
AP7: Giá vảy thể hiện | AQ7: =AQ6 -> 21500 | AR7: =AR6 -> 21500 | AS7: =AS6 -> 21500 | AT7: =AT6 -> 21500 | AU7: =AU6 -> 21500 | AV7: =AV6 -> 23000 | AW7: =AW6 -> 23000 | AX7: =AX6 -> 22500 | ... BR7: =BR6 -> 21500
AP8: Giá vảy HDPE thực tế mua trung bình | AQ8: 21459.854 | AR8: 21913.814 | AS8: 23693.617 | AT8: 23254.478 | AU8: 21149.963 | AV8: 22556.707 | AW8: 21609.954 | AX8: 22500 | AY8: 21919.955 | AZ8: 22500 | BA8: 21972.366 | BB8: 21437.84 | BC8: 21039.935 | BD8: 20908.249 | BE8: 20865.772 | BF8: 20642.052 | BG8: 20686.277 | BH8: 21223.584 | BI8: 21243.396 | BJ8: 21527.191 | BK8: 21819.831 | BL8: 21769.364 | BM8: 21713.979 | BN8: 19595.344 | BO8: 21500 | BP8: 21500 | BQ8: 21500 | BR8: 21500
AP9: % Keo chính phẩm so với vảy HDPE | AQ9: =AQ5/AQ6-1 -> 0.10031977 | AR9: =AR5/AR6-1 -> 0.19768488 | AS9: =AS5/AS6-1 -> 0.16029535 | AT9: =AT5/AT6-1 -> 0.13595349 | AU9: =AU5/AU6-1 -> 0.13116186 | AV9: =AV5/AV6-1 -> -0.016082609 | AW9: =AW5/AW6-1 -> -0.02413913 | AX9: =AX5/AX6-1 -> 0.068032 | ... BR9: =BR5/BR6-1 -> 0.061030698
AP10: Chênh lệch | AQ10: =AQ5-AQ6 -> 2156.875 | AR10: =AR5-AR6 -> 4250.225 | AS10: =AS5-AS6 -> 3446.35 | AT10: =AT5-AT6 -> 2923 | AU10: =AU5-AU6 -> 2819.98 | AV10: =AV5-AV6 -> -369.9 | AW10: =AW5-AW6 -> -555.2 | AX10: =AX5-AX6 -> 1530.72 | ... BR10: =BR5-BR6 -> 1312.16
AP11: Giá bán rHDPE | AQ11: 1400 | AR11: 1400 | AS11: 1400 | AT11: 1530 | AU11: 1530 | AV11: 1530 | AW11: 1450 | AX11: 1400 | AY11: 1400 | AZ11: 1400 | BA11: 1400 | BB11: 1400 | BC11: 1400 | BD11: 1400 | BE11: 1400 | BF11: 1400 | BG11: 1400 | BH11: 1400 | BI11: 1400 | BJ11: 1400 | BK11: 1400 | BL11: 1400 | BM11: 1400 | BN11: 1400 | BO11: 1400 | BP11: 1400 | BQ11: 1400 | BR11: 1400
AP12: Giá chính phẩm dự báo | AQ12: =AQ5 -> 23656.875 | AR12: =AR5 -> 25750.225 | AS12: =AS5 -> 24946.35 | AT12: =AT5 -> 24423 | AU12: =AU5 -> 24319.98 | AV12: =AV5 -> 22630.1 | AW12: =AW5 -> 22444.8 | AX12: =AX5 -> 24030.72 | ... BR12: =BR5 -> 22812.16
AP13: Giá vảy ĐNA (USD) | AQ13: 779.5 | AR13: 785.25 | AS13: 763 | AT13: 802.25 | AU13: 804.38 | AV13: 749.25 | AW13: 719.94 | AX13: 714.7 | AY13: 723.13 | AZ13: 721.69 | BA13: 730.15 | BB13: 738.25 | BC13: 733.5 | BD13: 725.75 | BE13: 722.25 | BF13: 727 | BG13: 716.75
B36: Tháng | C36: 01/23 | D36: 2 | E36: 3 | F36: 4 | G36: 5 | H36: 6 | I36: 7 | J36: 8 | K36: 9 | L36: 10 | M36: 11 | N36: 12 | O36: 1.24 | P36: 2 | Q36: 3 | R36: 4 | S36: 5 | T36: 6 | U36: 7 | V36: 8 | W36: 9 | X36: 10 | Y36: 11 | Z36: 12 | AA36: 1.25 | AB36: 2 | AC36: 3 | AD36: 4
B37: Giá Resin (USD/ Tấn) | C37: 1017.5 | D37: 1092.5 | E37: 1072.5 | F37: 1050 | G37: 1044 | H37: 970 | I37: 960 | J37: 1008 | K37: 1027.5 | L37: 1020 | M37: 955 | N37: 928 | O37: 940 | P37: 990 | Q37: 985 | R37: 963 | S37: 982 | T37: 1000 | U37: 1000 | V37: 984 | W37: 968 | X37: 965 | Y37: 974 | Z37: 956 | AA37: 940 | AB37: 918 | AC37: 896 | AD37: 896

Sheet Chart HDPE_Tuần
AK48: Data | AL48: 1 | AM48: 2 | AN48: 3 | AO48: 4 | AP48: 5 | AQ48: 6 | AR48: 7 | AS48: 8 | AT48: 9 | AU48: 10 | AV48: 11 | AW48: 12 | AX48: 13 | AY48: 14 | AZ48: 15 | BA48: 16 | BB48: 17 | BC48: 18 | BD48: 19 | BE48: 20 | BF48: 21 | BG48: 22 | BH48: 23 | BI48: 24 | BJ48: 25 | BK48: 26 | BL48: 27 | BM48: 28 | BN48: 29 | BO48: 30 | BP48: 31 | BQ48: 32 | BR48: 33 | BS48: 34 | BT48: 35 | BU48: 36 | BV48: 37 | BW48: 38
AK49: Tỷ giá USD | AL49: ='Chart Vảy PET_Tuần'!W46 -> 24760 | AM49: ='Chart Vảy PET_Tuần'!X46 -> 24200 | AN49: ='Chart Vảy PET_Tuần'!Y46 -> 24330 | AO49: ='Chart Vảy PET_Tuần'!Z46 -> 24410 | AP49: ='Chart Vảy PET_Tuần'!AA46 -> 24380 | AQ49: ='Chart Vảy PET_Tuần'!AB46 -> 24220 | AR49: ='Chart Vảy PET_Tuần'!AC46 -> 24250 | AS49: ='Chart Vảy PET_Tuần'!AD46 -> 24380 | ... BW49: ='Chart Vảy PET_Tuần'!BH46 -> 0
AK50: Giá keo chính phẩm | AL50: =AL57*AL49/1000 -> 22779.2 | AM50: =AM57*AM49/1000 -> 22990 | AN50: =AN57*AN49/1000 -> 23113.5 | AO50: =AO57*AO49/1000 -> 23677.7 | AP50: =AP57*AP49/1000 -> 23892.4 | AQ50: =AQ57*AQ49/1000 -> 24220 | AR50: =AR57*AR49/1000 -> 24250 | AS50: =AS57*AS49/1000 -> 24380 | ... BS50: =BS57*BS49/1000 -> 24065.7
AK51: Giá duyệt mua vảy HDPE | AL51: 22500 | AM51: 22500 | AN51: 22500 | AO51: 22500 | AP51: 22500 | AQ51: 22500 | AR51: 22500 | AS51: 22500 | AT51: 22000 | AU51: 22000 | AV51: 22000 | AW51: 22000 | AX51: 22000 | AY51: 22000 | AZ51: 22000 | BA51: 22000 | BB51: 22000 | BC51: 22000 | BD51: 22000 | BE51: 22000 | BF51: 22000 | BG51: 22000 | BH51: 22000 | BI51: 22000 | BJ51: 22000 | BK51: 22000 | BL51: 22000 | BM51: 22000 | BN51: 22000 | BO51: 22000 | BP51: 22000 | BQ51: 22000 | BR51: 22000 | BS51: 22000
AK52: Giá chai B1 (VND) | AL52: 14478 | AM52: 14475 | AN52: 14563 | AP52: 14490 | AQ52: 14412 | AR52: 14284 | AS52: 14304 | AT52: 14867 | AU52: 15023 | AV52: 15052 | AW52: 14979 | AX52: 15024 | AY52: 14984 | AZ52: 14930 | BA52: 14990 | BB52: 14977 | BC52: 15059 | BD52: 14919 | BE52: 14855 | BF52: 14855 | BG52: 15606 | BH52: 14374 | BI52: 13971 | BJ52: 13972 | BK52: 13973
AK53: Giá vảy HDPE thể hiện | AL53: =AL51 -> 22500 | AM53: =AM51 -> 22500 | AN53: =AN51 -> 22500 | AO53: =AO51 -> 22500 | AP53: =AP51 -> 22500 | AQ53: =AQ51 -> 22500 | AR53: =AR51 -> 22500 | AS53: =AS51 -> 22500 | ... BS53: =BS51 -> 22000
AK54: Giá vảy HDPE thực tế mua trung bình | AL54: 19562.767 | AM54: 21250.051 | AN54: 21289.924 | AO54: 20703.298 | AP54: 21219.147 | AQ54: 20903.511 | AR54: 20903.511 | AS54: 21130.708 | AT54: 20482.665 | AU54: 20918.067 | AV54: 20783.794 | AW54: 20829.489 | AX54: 21098.585 | AY54: 20626.811 | AZ54: 20556.872 | BA54: 20627.343 | BB54: 20654.791 | BC54: 20800 | BD54: 20910.271 | BE54: 20428.294 | BF54: 20745.82 | BG54: 20769.394 | BH54: 21233.117 | BI54: 21200 | BJ54: 21229.627 | BK54: 21226.434 | BL54: 21200 | BM54: 21246.761 | BN54: 21243.721 | BO54: 21262.867 | BP54: 21200 | BQ54: 21517.662 | BR54: 21200 | BS54: 21863.485
AK55: % chính phẩm với vảy HDPE | AL55: =AL56/AL51 -> 0.012408889 | AM55: =AM56/AM51 -> 0.021777778 | AN55: =AN56/AN51 -> 0.027266667 | AO55: =AO56/AO51 -> 0.052342222 | AP55: =AP56/AP51 -> 0.061884444 | AQ55: =AQ56/AQ51 -> 0.076444444 | AR55: =AR56/AR51 -> 0.077777778 | AS55: =AS56/AS51 -> 0.083555556 | ... BS55: =BS56/BS51 -> 0.093895455
AK56: Chênh lệch | AL56: =AL50-AL51 -> 279.2 | AM56: =AM50-AM51 -> 490 | AN56: =AN50-AN51 -> 613.5 | AO56: =AO50-AO51 -> 1177.7 | AP56: =AP50-AP51 -> 1392.4 | AQ56: =AQ50-AQ51 -> 1720 | AR56: =AR50-AR51 -> 1750 | AS56: =AS50-AS51 -> 1880 | ... BS56: =BS50-BS51 -> 2065.7
AK57: Giá chính phẩm USD | AL57: 920 | AM57: 950 | AN57: 950 | AO57: 970 | AP57: 980 | AQ57: 1000 | AR57: 1000 | AS57: 1000 | AT57: 1000 | AU57: 1000 | AV57: 980 | AW57: 980 | AX57: 980 | AY57: 960 | AZ57: 960 | BA57: 960 | BB57: 970 | BC57: 970 | BD57: 980 | BE57: 980 | BF57: 980 | BG57: 1000 | BH57: 1000 | BI57: 1000 | BJ57: 1000 | BK57: 1000 | BL57: 1000 | BM57: 1000 | BN57: 1000 | BO57: 1000 | BP57: 1000 | BQ57: 1000 | BR57: 980 | BS57: 970
B72: Tháng | P72: T6 | X72: T12 | Z72: GAP giữa T6 & T12
B73: % chênh lệch giữa keo chính phẩm so với chai B1 | P73: 0.85859936 | X73: 0.49014925 | Z73: 0.36845011
N74: 1165, | O74: 1272.5, | P74: 1346, | Q74: 1297.5, | R74: 1316.66666666665,1390,1220,1270,1190,1130,1040,1040 | T74: 1270 | U74: 1190 | V74: 1130 | W74: 1040 | X74: 1040
V75: -13700
N76: 1165,1272.5,1346,1297.5,1316.66666666665,1390,1220,1270,1190,1130,1040,1040
N78: 1165 | O78: 1272.5 | P78: 1346 | Q78: 1297.5 | R78: 1316.6667 | S78: 1390 | T78: 1220 | U78: 1270 | V78: 1190 | W78: 1130 | X78: 1040 | Y78: 1040
B79: tỉ lệ | N79: 27960 | O79: 30540 | P79: 32304 | Q79: 31140 | R79: 31600 | S79: 33360 | T79: 29280 | U79: 30480 | V79: 28560 | W79: 27120 | X79: 24960 | Y79: 24960

Sheet 04. PP- Tháng
AP3: Data | AQ3: 1.23 | AR3: 2 | AS3: 3 | AT3: 4 | AU3: 5 | AV3: 6 | AW3: 7 | AX3: 8 | AY3: 9 | AZ3: 10 | BA3: 11 | BB3: 12 | BC3: 1.24 | BD3: 2 | BE3: 3 | BF3: 4 | BG3: 5 | BH3: 6 | BI3: 7 | BJ3: 8 | BK3: 9 | BL3: 10 | BM3: 11 | BN3: 12 | BO3: 1.25 | BP3: 2 | BQ3: 3 | BR3: 4
AP4: Tỷ giá USD | AQ4: 23250 | AR4: 23570 | AS4: 23260 | AT4: 23260 | AU4: 23295 | AV4: 23330 | AW4: 23380 | AX4: 23840 | AY4: 23960 | AZ4: 24280 | BA4: 24730 | BB4: 24930 | BC4: 24210 | BD4: 24250 | BE4: 24490 | BF4: 24690 | BG4: 25475 | BH4: 25250 | BI4: 25270 | BJ4: 25130 | BK4: ='01.Chai B1- Tháng'!CQ4 -> 24580 | BL4: ='01.Chai B1- Tháng'!CR4 -> 24410 | BM4: ='01.Chai B1- Tháng'!CS4 -> 25120 | BN4: ='01.Chai B1- Tháng'!CT4 -> 25140 | BO4: ='01.Chai B1- Tháng'!CU4 -> 25290 | BP4: ='01.Chai B1- Tháng'!CV4 -> 25050 | BQ4: ='01.Chai B1- Tháng'!CW4 -> 25400 | BR4: ='01.Chai B1- Tháng'!CX4 -> 25460
AP5: Giá keo chính phẩm | AQ5: =C37*AQ4/1000 -> 24296.25 | AR5: =D37*AR4/1000 -> 25632.375 | AS5: =E37*AS4/1000 -> 24190.4 | AT5: =F37*AT4/1000 -> 23899.65 | AU5: =G37*AU4/1000 -> 22537.912 | AV5: =H37*AV4/1000 -> 20705.375 | AW5: =I37*AW4/1000 -> 21042 | AX5: =J37*AX4/1000 -> 22838.72 | ... BR5: =AD37*BR4/1000 -> 24950.8
AP6: Giá duyệt mua PP | AQ6: 16000 | AR6: 16000 | AS6: 16000 | AT6: 16000 | AU6: 16000 | AV6: 16000 | AW6: 16000 | AX6: 16000 | AY6: 16000 | AZ6: 16000 | BA6: 16000 | BB6: 16000 | BC6: 16000 | BD6: 16000 | BE6: 16000 | BF6: 16000 | BG6: 16000 | BH6: 16000 | BI6: 16000 | BJ6: 16000 | BK6: 16000 | BL6: 16000 | BM6: 16000 | BN6: 16000 | BO6: 18500 | BP6: 19000 | BQ6: 19000 | BR6: 19000
AP7: Giá PP ĐNA | AQ7: =AQ14*AQ4/1000 -> 10776.375 | AR7: =AR14*AR4/1000 -> 10641.855 | AS7: =AS14*AS4/1000 -> 10970.967 | AT7: =AT14*AT4/1000 -> 11668.767 | AU7: =AU14*AU4/1000 -> 11006.888 | AV7: =AV14*AV4/1000 -> 10599.597 | AW7: =AW14*AW4/1000 -> 10622.313 | AX7: =AX14*AX4/1000 -> 10831.307 | AY7: =AY14*AY4/1000 -> 10885.827
AP8: Giá PP thực tế mua trung bình | AQ8: 12425.041 | AR8: 14989.244 | AS8: 14008.541 | AT8: 14615.755 | AV8: 14005.42 | AW8: 13649.971 | AX8: 14742.557 | AY8: 14761.513 | AZ8: 15600.855 | BA8: 14540.123 | BB8: 16000 | BC8: 15533.659 | BD8: 15648.437 | BE8: 15420.187 | BF8: 15972.617 | BG8: 15813.837 | BH8: 15714.946 | BI8: 15790.001 | BJ8: 15000 | BK8: 16000 | BL8: 16000 | BM8: 16000 | BN8: 16000 | BO8: =BO6 -> 18500 | BP8: 18500 | BQ8: 19000 | BR8: =BR6 -> 19000
AP9: Giá PP thể hiện | AQ9: =AQ6 -> 16000 | AR9: =AR6 -> 16000 | AS9: =AS6 -> 16000 | AT9: =AT6 -> 16000 | AU9: =AU6 -> 16000 | AV9: =AV6 -> 16000 | AW9: =AW6 -> 16000 | AX9: =AX6 -> 16000 | ... BR9: =BR6 -> 19000
AP10: % Keo chính phẩm so với PP | AQ10: =AQ11/AQ13 -> 0.34146216 | AR10: =AR11/AR13 -> 0.37578941 | AS10: =AS11/AS13 -> 0.33858059 | AT10: =AT11/AT13 -> 0.33053413 | AU10: =AU11/AU13 -> 0.2900851 | AV10: =AV11/AV13 -> 0.22725379 | AW10: =AW11/AW13 -> 0.23961601 | AX10: =AX11/AX13 -> 0.29943534 | ... BR10: =BR11/BR13 -> 0.23850137
AP11: Chênh lệch | AQ11: =AQ5-AQ6 -> 8296.25 | AR11: =AR5-AR6 -> 9632.375 | AS11: =AS5-AS6 -> 8190.4 | AT11: =AT5-AT6 -> 7899.65 | AU11: =AU5-AU6 -> 6537.9125 | AV11: =AV5-AV6 -> 4705.375 | AW11: =AW5-AW6 -> 5042 | AX11: =AX5-AX6 -> 6838.72 | ... BR11: =BR5-BR6 -> 5950.8
AP12: Giá bán rPP | AQ12: 1100 | AR12: 1100 | AS12: 1100 | AT12: 1100 | AU12: 1087.5 | AV12: 1050 | AW12: 1050 | AX12: 950 | AY12: 950 | AZ12: 950 | BA12: 950 | BB12: 950 | BC12: 930
AP13: Giá chính phẩm dự báo | AQ13: =AQ5 -> 24296.25 | AR13: =AR5 -> 25632.375 | AS13: =AS5 -> 24190.4 | AT13: =AT5 -> 23899.65 | AU13: =AU5 -> 22537.912 | AV13: =AV5 -> 20705.375 | AW13: =AW5 -> 21042 | AX13: =AX5 -> 22838.72 | ... BR13: =BR5 -> 24950.8
AP14: Giá PP ĐNA (USD) | AQ14: 463.5 | AR14: 451.5 | AS14: 471.66667 | AT14: 501.66667 | AU14: 472.5 | AV14: 454.33333 | AW14: 454.33333 | AX14: 454.33333 | AY14: 454.33333
B36: Tháng | C36: 1 | D36: 2 | E36: 3 | F36: 4 | G36: 5 | H36: 6 | I36: 7 | J36: 8 | K36: 9 | L36: 10 | M36: 11 | N36: 12 | O36: 1.24 | P36: 2 | Q36: 3 | R36: 4 | S36: 5 | T36: 6 | U36: 7 | V36: 8 | W36: 9 | X36: 10 | Y36: 11 | Z36: 12 | AA36: 1.25 | AB36: 2 | AC36: 3 | AD36: 4
B37: Giá Resin (USD/ Tấn) | C37: 1045 | D37: 1087.5 | E37: 1040 | F37: 1027.5 | G37: 967.5 | H37: 887.5 | I37: 900 | J37: 958 | K37: 980 | L37: 967.5 | M37: 927.5 | N37: 926 | O37: 962.5 | P37: 986.66667 | Q37: 990 | R37: 993 | S37: 1002 | T37: 1025 | U37: 1020 | V37: 970 | W37: 955 | X37: 957 | Y37: 968 | Z37: 960 | AA37: 970 | AB37: 985 | AC37: 980 | AD37: 980

Sheet Chart PP- Tuần
Z3: Data | AA3: 1 | AB3: 2 | AC3: 3 | AD3: 4 | AE3: 5 | AF3: 6 | AG3: 7 | AH3: 8 | AI3: 9 | AJ3: 10 | AK3: 11 | AL3: 12 | AM3: 13 | AN3: 14 | AO3: 15 | AP3: 16 | AQ3: 17 | AR3: 18 | AS3: 19 | AT3: 20 | AU3: 21 | AV3: 22 | AW3: 23 | AX3: 24 | AY3: 25 | AZ3: 26 | BA3: 27 | BB3: 28 | BC3: 29 | BD3: 30 | BE3: 31 | BF3: 32 | BG3: 33 | BH3: 34 | BI3: 35 | BJ3: 36 | BK3: 37 | BL3: 38
Z4: Tỷ giá USD | AA4: ='Chart HDPE_Tuần'!AL49 -> 24760 | AB4: ='Chart HDPE_Tuần'!AM49 -> 24200 | AC4: ='Chart HDPE_Tuần'!AN49 -> 24330 | AD4: ='Chart HDPE_Tuần'!AO49 -> 24410 | AE4: ='Chart HDPE_Tuần'!AP49 -> 24380 | AF4: ='Chart HDPE_Tuần'!AQ49 -> 24220 | AG4: ='Chart HDPE_Tuần'!AR49 -> 24250 | AH4: ='Chart HDPE_Tuần'!AS49 -> 24380 | ... BG4: ='Chart HDPE_Tuần'!BR49 -> 24970
Z5: Giá keo chính phẩm | AA5: =AA12*AA4/1000 -> 23026.8 | AB5: =AB12*AB4/1000 -> 23474 | AC5: =AC12*AC4/1000 -> 23600.1 | AD5: =AD12*AD4/1000 -> 23921.8 | AE5: =AE12*AE4/1000 -> 24380 | AF5: =AF12*AF4/1000 -> 23735.6 | AG5: =AG12*AG4/1000 -> 23765 | AH5: =AH12*AH4/1000 -> 23892.4 | ... BG5: =BG12*BG4/1000 -> 24220.9
Z6: Giá duyệt mua PP | AA6: 16000 | AB6: 16000 | AC6: 16000 | AD6: 16000 | AE6: 16000 | AF6: 16000 | AG6: 16000 | AH6: 16000 | AI6: 16000 | AJ6: 16000 | AK6: 16000 | AL6: 16000 | AM6: 16000 | AN6: 16000 | AO6: 16000 | AP6: 16000 | AQ6: 16000 | AR6: 16000 | AS6: 16000 | AT6: 16000 | AU6: 16000 | AV6: 16000 | AW6: 16000 | AX6: 16000 | AY6: 16000 | AZ6: 16000 | BA6: 16000 | BB6: 16000 | BC6: 16000 | BD6: 16000 | BE6: 16000 | BF6: 16000 | BG6: 16000
Z7: Giá PP ĐNA | AA7: =#REF!*AA4/1000 -> #REF! | AB7: =#REF!*AB4/1000 -> #REF! | AC7: =#REF!*AC4/1000 -> #REF! | AD7: =#REF!*AD4/1000 -> #REF! | AE7: =#REF!*AE4/1000 -> #REF! | AF7: =#REF!*AF4/1000 -> #REF! | AG7: =#REF!*AG4/1000 -> #REF! | AH7: =#REF!*AH4/1000 -> #REF! | AI7: =#REF!*AI4/1000 -> #REF!
Z8: Giá PP thực tế mua trung bình | AA8: 15756.954 | AB8: 15913.348 | AC8: 14862.72 | AD8: 15432.377 | AH8: 15920.135 | AI8: 15534.328 | AJ8: 15429.433 | AK8: 15715.491 | AL8: 15416.287 | AM8: 15255.335 | AN8: 15921.436 | AO8: 15754.021 | AP8: 15830.912 | AQ8: 15433.527 | AR8: 16000 | AS8: 15829.519 | AT8: 15815.815 | AU8: 15808.779 | AV8: 15725.891 | AW8: 16000 | AX8: 15717.656 | AY8: 15808.753 | AZ8: 15499.943 | BA8: 15602.37 | BB8: 15749.952 | BC8: 16000 | BE8: 16400
Z9: Giá PP thể hiện | AA9: =AA6 -> 16000 | AB9: =AB6 -> 16000 | AC9: =AC6 -> 16000 | AD9: =AD6 -> 16000 | AE9: =AE6 -> 16000 | AF9: =AF6 -> 16000 | AG9: =AG6 -> 16000 | AH9: =AH6 -> 16000 | ... BG9: =BG6 -> 16000
Z10: % Keo chính phẩm so với PP | AA10: =AA11/AA6 -> 0.439175 | AB10: =AB11/AB6 -> 0.467125 | AC10: =AC11/AC6 -> 0.47500625 | AD10: =AD11/AD6 -> 0.4951125 | AE10: =AE11/AE6 -> 0.52375 | AF10: =AF11/AF6 -> 0.483475 | AG10: =AG11/AG6 -> 0.4853125 | AH10: =AH11/AH6 -> 0.493275 | ... BG10: =BG11/BG6 -> 0.51380625
Z11: Chênh lệch | AA11: =AA5-AA6 -> 7026.8 | AB11: =AB5-AB6 -> 7474 | AC11: =AC5-AC6 -> 7600.1 | AD11: =AD5-AD6 -> 7921.8 | AE11: =AE5-AE6 -> 8380 | AF11: =AF5-AF6 -> 7735.6 | AG11: =AG5-AG6 -> 7765 | AH11: =AH5-AH6 -> 7892.4 | ... BG11: =BG5-BG6 -> 8220.9
Z12: Giá keo chính phẩm USD | AA12: 930 | AB12: 970 | AC12: 970 | AD12: 980 | AE12: 1000 | AF12: 980 | AG12: 980 | AH12: 980 | AI12: 980 | AJ12: 980 | AK12: 980 | AL12: 1000 | AM12: 1000 | AN12: 1000 | AO12: 990 | AP12: 990 | AQ12: 990 | AR12: 990 | AS12: 1000 | AT12: 1000 | AU12: 1000 | AV12: 1020 | AW12: 1020 | AX12: 1020 | AY12: 1030 | AZ12: 1030 | BA12: 1030 | BB12: 1030 | BC12: 1030 | BD12: 990 | BE12: 980 | BF12: 980 | BG12: 970

Sheet Chart mua PET
A48: Tên SP | B48: Tên thị trường | C48: T1.23 | D48: 2 | E48: 3 | F48: 4 | G48: 5 | H48: 6 | I48: 7 | J48: 8 | K48: 9 | L48: 10 | M48: 11 | N48: 12 | O48: T1.24 | P48: 2 | Q48: 3 | R48: 4 | S48: 5 | T48: 6 | U48: 7 | V48: 8 | W48: 9 | X48: 10 | Y48: 11 | Z48: 12 | AA48: T1.25 | AB48: 2 | AC48: 3 | AD48: 4
A49: B0 | B49: Chai B0 | C49: 8708.4662 | D49: 9206.5027 | E49: 10350.583 | F49: 10630.801 | G49: 9861.484 | H49: 9199.095 | I49: 8896.0365 | J49: 9246.3978 | K49: 9607.8931 | L49: 10586.188 | M49: 11153.125 | N49: 11113.72 | O49: 11099.755 | P49: 11015.602 | Q49: 11145.196 | R49: 12500 | S49: 13000 | T49: 13000 | U49: 11500 | V49: 11449.41 | W49: 11668.66 | X49: 11469.02 | Y49: 12047.76 | Z49: 11779 | AA49: 12089.892 | AB49: 12125.14 | AC49: 12552.368 | AD49: 13500
A50: B1 | B50: Chai B1 | C50: 14486.456 | D50: 14337.016 | E50: 15026.124 | F50: 14967.788 | G50: 14928.984 | H50: 13867.306 | I50: 13867.306 | J50: =14477.3636167707-1500 -> 12977.364 | K50: 13575.726 | L50: 14413.011 | M50: 14972.882 | N50: 16047.22 | O50: 16099.441 | P50: 16332.331 | Q50: =16233.8475760353+377 -> 16610.848 | R50: 17424.101 | S50: 17263.633 | T50: 17500 | U50: 16000 | V50: 16527.439 | W50: 17591.063 | X50: 16991.396 | Y50: 17312.462 | Z50: 17291.336 | AA50: 17345.811 | AB50: 17386.588 | AC50: 18223.779 | AD50: 18255.804
A51: B1 KPL | B51: Chai B1 KPL | V51: 16531.01 | W51: 15736.355 | X51: 15142.878 | Y51: 15388.66 | Z51: 15426.979 | AA51: 15758.76 | AB51: 16078.364 | AC51: 16453.863 | AD51: 16500
A52: Tuyển xô | B52: Chai tuyển xô (trạm) | AA52: 15391.18 | AB52: 15570.497 | AC52: 16077.806 | AD52: 16000
A53: B2.1 | B53: Chai B2.1 | C53: 10500 | D53: 10500 | E53: 11000 | F53: 11000 | G53: 11000.246 | H53: 9980.5578 | I53: 9000 | J53: 9000 | K53: 9394.7876 | Y53: 11000 | Z53: 11709.605 | AA53: 12300 | AB53: 16394
A54: B2.2 | B54: Chai B2.2 | M54: 12500 | N54: 12500 | O54: 13000 | P54: 13000 | Q54: 13000 | R54: 13000 | S54: 13500 | T54: 15000 | U54: 12000 | V54: 11996.6 | W54: 14000 | X54: 13700 | Y54: 13909.496 | Z54: 13991.676 | AA54: 15469.628 | AB54: 16866.232 | AC54: 17274.018 | AD54: 18147.911
A55: B3 | B55: Chai B3 | C55: 14465.461 | D55: 14509.576 | E55: 15025.379 | F55: 14910.678 | G55: 14831.036 | H55: 14808.45 | I55: =15519.2770426906-1500 -> 14019.277 | J55: =15979.3954889592-1500 -> 14479.395 | K55: 14998.539 | L55: 14535.256 | M55: 14855.148 | N55: 15392.891 | O55: 15365.226 | P55: 15345.865 | Q55: 15465.209 | R55: 16247.504 | S55: 16000 | W55: 16000 | X55: 16447.587 | Y55: 16464.667 | Z55: 16000 | AB55: 17008.322
A56: B4 | B56: Chai B4 | I56: 9000 | J56: 9000 | K56: 9594.9788 | L56: 10500 | M56: 12341.137 | N56: 12441.934 | P56: 13000 | Q56: 12851.445 | R56: 12994.024 | S56: 13500 | T56: 13500 | U56: 12000 | V56: 12000 | W56: 14000 | X56: 13700 | Y56: 14000 | Z56: 13970.906 | AA56: 14300 | AB56: 17098.762 | AC56: 17143.565 | AD56: 18161.28
A57: B5 | B57: Chai B5 | C57: 10563.825 | D57: 10507.268 | E57: 10891.883 | F57: 11017.156 | G57: 11015.531 | H57: 9991.5837 | I57: 9000 | J57: 9000 | K57: 9837.9698 | L57: 10500 | M57: 12500 | N57: 12500 | O57: 13000 | P57: 13000 | Q57: 13000 | R57: 12990.833 | S57: 13391.564 | T57: 13500 | U57: 12000 | V57: 12000 | W57: 14000 | X57: 13700 | Y57: 13943.332 | Z57: 13949.37 | AA57: 15373.679 | AB57: 17075.292 | AC57: 17383.624 | AD57: 17817.113
A58: B6.1 | B58: Chai B6.1 | Y58: 12000 | Z58: 12000 | AB58: 12300 | AC58: 12300
A59: B6.2 | B59: Chai B6.2 | P59: 12500 | Q59: 10000 | R59: 10000 | S59: 10000 | T59: 10000 | U59: 10000 | V59: 10000 | W59: 10000 | X59: 10000 | Z59: 16000 | AA59: 16000 | AB59: 17587.441 | AC59: 18055.743 | AD59: 18117.554
A60: A5.1 | B60: Vảy PET-A5.1 | C60: 17439.487 | D60: 17645.066 | E60: 17973.426 | F60: 17990.91 | G60: 18000 | H60: 17169.677 | I60: 16000 | J60: 16000 | K60: 16512.641 | L60: 16986.563 | M60: 17463.277 | N60: 17515.851 | O60: 17984.851 | P60: 18548.937 | Q60: 19187.723 | R60: 19300 | S60: 19862.191 | T60: 19800 | U60: 18300 | V60: 18000 | W60: 18300 | X60: 18002.192 | Y60: 18194.592 | Z60: 18200 | AA60: 18200 | AB60: 18746.118 | AC60: 19197.787 | AD60: 19917.065
A61: A5.2 | B61: Vảy PET-A5.2 | C61: 16955.379 | D61: 17082.559 | E61: 17500 | F61: 17500 | G61: 17500 | H61: 16603.495 | I61: 15500 | J61: 15500 | K61: 16000 | L61: 16000 | M61: 16726.574 | N61: 17000 | O61: 17476.902 | P61: 18000 | Q61: 18430.847 | R61: 18800 | S61: 19376.8 | T61: 19300 | U61: 17800 | V61: 17500 | W61: 17800 | X61: 17500 | Y61: 17700 | Z61: 17700 | AA61: 17700 | AB61: 18041.537 | AC61: 18700 | AD61: 19646.24
A62: A6 | B62: Vảy PET-A6 | C62: 16500 | D62: 16830 | E62: 16949.308 | F62: 17000 | G62: 17000 | H62: 16000 | V62: 16667.319 | W62: 16200 | AA62: 11293.478 | AD62: 20051.405
A63: A5.1.B3 | B63: Vảy PET-A5.1.B3 | I63: 17000 | K63: 17500 | L63: 18000
A64: A5.2.B3 | B64: Vảy PET-A5.2.B3
A65: A6 | B65: Vảy PET-A6.B3 | C65: 16000 | D65: 16320 | E65: 16323.886 | H65: 16000 | I65: 16000 | J65: 16000 | K65: 16344.566 | L65: 16500 | M65: 16800 | N65: 16800 | O65: 17300
A66: B2 | B66: Vảy PET B2.2_A6 | N66: 17000 | O66: 18750 | P66: 18750
A67: B6 | B67: Vảy PET B6 thử nghiệm | L67: 16000 | M67: 16000 | N67: 17000 | Q67: 18750 | R67: 18750 | S67: 18750 | T67: 18250 | U67: 18250 | V67: 18250 | W67: 18250 | X67: 18250 | Y67: 18250 | Z67: 18250 | AA67: 18250 | AB67: Không mua | AC67: 19674.73 | AD67: 19830.85
A68: B7.1 | B68: Chai B7 | C68: 9355 | D68: 9355 | E68: 9355 | F68: 9354.8387 | G68: 9354.8387 | H68: 9355 | I68: 8548 | J68: 8548 | K68: 8548.3871 | L68: 8548.3871 | M68: 8548.3871 | N68: 8548.3871 | O68: 8548.3871 | P68: 8548.3871 | Q68: 8548.3871 | R68: 8548.3871 | S68: 8548.3871 | T68: 8548.3871 | U68: 8548.3871 | V68: =5300/0.62 -> 8548.3871 | W68: =5300/0.62 -> 8548.3871 | X68: =4605.26327891469/0.66 -> 6977.6716 | Y68: =4450/0.66 -> 6742.4242 | Z68: =4450/0.66 -> 6742.4242 | AA68: =4450/0.66 -> 6742.4242 | AB68: 6742.4242 | AC68: 6742.4242 | AD68: 6742.4242

Sheet B0. Vảy
A69: Tên SP | B69: Tên thị trường | C69: T1.23 | D69: 2 | E69: 3 | F69: 4 | G69: 5 | H69: 6 | I69: 7 | J69: 8 | K69: 9 | L69: 10 | M69: 11 | N69: 12 | O69: T1.24 | P69: 2 | Q69: 3 | R69: 4 | S69: 5 | T69: 6 | U69: 7 | V69: 8 | W69: 9 | X69: 10 | Y69: 11 | Z69: 12 | AA69: T1.25 | AB69: 2 | AC69: 3 | AD69: 4
A70: B0 | B70: Chai B0 | C70: 8708.4662 | D70: 9206.5027 | E70: 10350.583 | F70: 10630.801 | G70: 9861.484 | H70: 9199.095 | I70: 8896.0365 | J70: 9246.3978 | K70: 9607.8931 | L70: 10586.188 | M70: 11153.125 | N70: 11113.72 | O70: 11099.755 | P70: 11015.602 | Q70: 11145.196 | R70: 12500 | S70: 13000 | T70: 13000 | U70: 11500 | V70: 11449.41 | W70: 11668.66 | X70: 11469.02 | Y70: 12047.76 | Z70: 11779 | AA70: 12089.892 | AB70: 12125.14 | AC70: 12552.368 | AD70: 13500
A71: B1 | B71: Chai B1 | C71: 14486.456 | D71: 14337.016 | E71: 15026.124 | F71: 14967.788 | G71: 14928.984 | H71: 13867.306 | I71: 13867.306 | J71: =14477.3636167707-1500 -> 12977.364 | K71: 13575.726 | L71: 14413.011 | M71: 14972.882 | N71: 16047.22 | O71: 16099.441 | P71: 16332.331 | Q71: =16233.8475760353+377 -> 16610.848 | R71: 17424.101 | S71: 17263.633 | T71: 17500 | U71: 16000 | V71: 16527.439 | W71: 17591.063 | X71: 16991.396 | Y71: 17312.462 | Z71: 17291.336 | AA71: 17345.811 | AB71: 17386.588 | AC71: 18223.779 | AD71: 18255.804
A72: B1 KPL | B72: Chai B1 KPL | V72: 16531.01 | W72: 15736.355 | X72: 15142.878 | Y72: 15388.66 | Z72: 15426.979 | AA72: 15758.76 | AB72: 16078.364 | AC72: 16453.863 | AD72: 16500
A73: Tuyển xô | B73: Chai tuyển xô (trạm) | AA73: 15391.18 | AB73: 15570.497 | AC73: 16077.806 | AD73: 16000
A74: B2.1 | B74: Chai B2.1 | C74: 10500 | D74: 10500 | E74: 11000 | F74: 11000 | G74: 11000.246 | H74: 9980.5578 | I74: 9000 | J74: 9000 | K74: 9394.7876 | Y74: 11000 | Z74: 11709.605 | AA74: 12300 | AB74: 16394
A75: B2.2 | B75: Chai B2.2 | M75: 12500 | N75: 12500 | O75: 13000 | P75: 13000 | Q75: 13000 | R75: 13000 | S75: 13500 | T75: 15000 | U75: 12000 | V75: 11996.6 | W75: 14000 | X75: 13700 | Y75: 13909.496 | Z75: 13991.676 | AA75: 15469.628 | AB75: 16866.232 | AC75: 17274.018 | AD75: 18147.911
A76: B3 | B76: Chai B3 | C76: 14465.461 | D76: 14509.576 | E76: 15025.379 | F76: 14910.678 | G76: 14831.036 | H76: 14808.45 | I76: =15519.2770426906-1500 -> 14019.277 | J76: =15979.3954889592-1500 -> 14479.395 | K76: 14998.539 | L76: 14535.256 | M76: 14855.148 | N76: 15392.891 | O76: 15365.226 | P76: 15345.865 | Q76: 15465.209 | R76: 16247.504 | S76: 16000 | W76: 16000 | X76: 16447.587 | Y76: 16464.667 | Z76: 16000 | AB76: 17008.322
A77: B4 | B77: Chai B4 | I77: 9000 | J77: 9000 | K77: 9594.9788 | L77: 10500 | M77: 12341.137 | N77: 12441.934 | P77: 13000 | Q77: 12851.445 | R77: 12994.024 | S77: 13500 | T77: 13500 | U77: 12000 | V77: 12000 | W77: 14000 | X77: 13700 | Y77: 14000 | Z77: 13970.906 | AA77: 14300 | AB77: 17098.762 | AC77: 17143.565 | AD77: 18161.28
A78: B5 | B78: Chai B5 | C78: 10563.825 | D78: 10507.268 | E78: 10891.883 | F78: 11017.156 | G78: 11015.531 | H78: 9991.5837 | I78: 9000 | J78: 9000 | K78: 9837.9698 | L78: 10500 | M78: 12500 | N78: 12500 | O78: 13000 | P78: 13000 | Q78: 13000 | R78: 12990.833 | S78: 13391.564 | T78: 13500 | U78: 12000 | V78: 12000 | W78: 14000 | X78: 13700 | Y78: 13943.332 | Z78: 13949.37 | AA78: 15373.679 | AB78: 17075.292 | AC78: 17383.624 | AD78: 17817.113
A79: B6.1 | B79: Chai B6.1 | Y79: 12000 | Z79: 12000 | AB79: 12300 | AC79: 12300
A80: B6.2 | B80: Chai B6.2 | P80: 12500 | Q80: 10000 | R80: 10000 | S80: 10000 | T80: 10000 | U80: 10000 | V80: 10000 | W80: 10000 | X80: 10000 | Z80: 16000 | AA80: 16000 | AB80: 17587.441 | AC80: 18055.743 | AD80: 18117.554
A81: A5.1 | B81: Vảy PET-A5.1 | C81: 17439.487 | D81: 17645.066 | E81: 17973.426 | F81: 17990.91 | G81: 18000 | H81: 17169.677 | I81: 16000 | J81: 16000 | K81: 16512.641 | L81: 16986.563 | M81: 17463.277 | N81: 17515.851 | O81: 17984.851 | P81: 18548.937 | Q81: 19187.723 | R81: 19300 | S81: 19862.191 | T81: 19800 | U81: 18300 | V81: 18000 | W81: 18300 | X81: 18002.192 | Y81: 18194.592 | Z81: 18200 | AA81: 18200 | AB81: 18746.118 | AC81: 19197.787 | AD81: 19917.065
A82: A5.2 | B82: Vảy PET-A5.2 | C82: 16955.379 | D82: 17082.559 | E82: 17500 | F82: 17500 | G82: 17500 | H82: 16603.495 | I82: 15500 | J82: 15500 | K82: 16000 | L82: 16000 | M82: 16726.574 | N82: 17000 | O82: 17476.902 | P82: 18000 | Q82: 18430.847 | R82: 18800 | S82: 19376.8 | T82: 19300 | U82: 17800 | V82: 17500 | W82: 17800 | X82: 17500 | Y82: 17700 | Z82: 17700 | AA82: 17700 | AB82: 18041.537 | AC82: 18700 | AD82: 19646.24
A83: A6 | B83: Vảy PET-A6 | C83: 16500 | D83: 16830 | E83: 16949.308 | F83: 17000 | G83: 17000 | H83: 16000 | V83: 16667.319 | W83: 16200 | AA83: 11293.478 | AD83: 20051.405
A84: A5.1.B3 | B84: Vảy PET-A5.1.B3 | I84: 17000 | K84: 17500 | L84: 18000
A85: A5.2.B3 | B85: Vảy PET-A5.2.B3
A86: A6 | B86: Vảy PET-A6.B3 | C86: 16000 | D86: 16320 | E86: 16323.886 | H86: 16000 | I86: 16000 | J86: 16000 | K86: 16344.566 | L86: 16500 | M86: 16800 | N86: 16800 | O86: 17300
A87: B2 | B87: Vảy PET B2.2_A6 | N87: 17000 | O87: 18750 | P87: 18750
A88: B6 | B88: Vảy PET B6 thử nghiệm | L88: 16000 | M88: 16000 | N88: 17000 | Q88: 18750 | R88: 18750 | S88: 18750 | T88: 18250 | U88: 18250 | V88: 18250 | W88: 18250 | X88: 18250 | Y88: 18250 | Z88: 18250 | AA88: 18250 | AB88: Không mua | AC88: 19674.73 | AD88: 19830.85
A89: B7.1 | B89: Chai B7 | C89: 9355 | D89: 9355 | E89: 9355 | F89: 9354.8387 | G89: 9354.8387 | H89: 9355 | I89: 8548 | J89: 8548 | K89: 8548.3871 | L89: 8548.3871 | M89: 8548.3871 | N89: 8548.3871 | O89: 8548.3871 | P89: 8548.3871 | Q89: 8548.3871 | R89: 8548.3871 | S89: 8548.3871 | T89: 8548.3871 | U89: 8548.3871 | V89: =5300/0.62 -> 8548.3871 | W89: =5300/0.62 -> 8548.3871 | X89: =4605.26327891469/0.66 -> 6977.6716 | Y89: =4450/0.66 -> 6742.4242 | Z89: =4450/0.66 -> 6742.4242 | AA89: =4450/0.66 -> 6742.4242 | AB89: 6742.4242 | AC89: 6742.4242 | AD89: 6742.4242

Sheet B0.B1
B37: =15026/10351-1 -> 0.45164718
A49: Tên SP | B49: Tên thị trường | C49: T1.23 | D49: 2 | E49: 3 | F49: 4 | G49: 5 | H49: 6 | I49: 7 | J49: 8 | K49: 9 | L49: 10 | M49: 11 | N49: 12 | O49: T1.24 | P49: 2 | Q49: 3 | R49: 4 | S49: 5 | T49: 6 | U49: 7 | V49: 8 | W49: 9 | X49: 10 | Y49: 11 | Z49: 12 | AA49: T1.25 | AB49: 2 | AC49: 3 | AD49: 4
A50: B0 | B50: Chai B0 | C50: 8708.4662 | D50: 9206.5027 | E50: 10350.583 | F50: 10630.801 | G50: 9861.484 | H50: 9199.095 | I50: 8896.0365 | J50: 9246.3978 | K50: 9607.8931 | L50: 10586.188 | M50: 11153.125 | N50: 11113.72 | O50: 11099.755 | P50: 11015.602 | Q50: 11145.196 | R50: 12500 | S50: 13000 | T50: 13000 | U50: 11500 | V50: 11449.41 | W50: 11668.66 | X50: 11469.02 | Y50: 12047.76 | Z50: 11779 | AA50: 12089.892 | AB50: 12125.14 | AC50: 12552.368 | AD50: 13500
A51: B1 | B51: Chai B1 | C51: 14455.482 | D51: 14038.069 | E51: 15057.018 | F51: 14924.561 | G51: 14835.583 | H51: 13384.367 | I51: 12774.641 | J51: 13000 | K51: 13500 | L51: 14500 | M51: 15011.713 | N51: 15047.008 | O51: 15448.741 | P51: 15570.779 | Q51: 15683.025 | R51: 16178.926 | S51: 17000 | T51: 16751.644 | U51: 15000 | V51: 15000 | W51: 16400 | X51: 16030.121 | Y51: 16715.368 | Z51: 16768.144 | AA51: 17025.494 | AB51: 17275.808 | AC51: 16890.798 | AD51: 17892.905
A52: B1 KPL | B52: Chai B1 KPL | V52: 16531.01 | W52: 15736.355 | X52: 15142.878 | Y52: 15388.66 | Z52: 15426.979 | AA52: 15758.76 | AB52: 16078.364 | AC52: 16453.863 | AD52: 16500
A53: Tuyển xô | B53: Chai tuyển xô (trạm) | AA53: 15391.18 | AB53: 15570.497 | AC53: 16077.806 | AD53: 16000
A54: B2.1 | B54: Chai B2.1 | C54: 10500 | D54: 10500 | E54: 11000 | F54: 11000 | G54: 11000.246 | H54: 9980.5578 | I54: 9000 | J54: 9000 | K54: 9394.7876 | Y54: 11000 | Z54: 11709.605 | AA54: 12300 | AB54: 16394
A55: B2.2 | B55: Chai B2.2 | M55: 12500 | N55: 12500 | O55: 13000 | P55: 13000 | Q55: 13000 | R55: 13000 | S55: 13500 | T55: 15000 | U55: 12000 | V55: 11996.6 | W55: 14000 | X55: 13700 | Y55: 13909.496 | Z55: 13991.676 | AA55: 15469.628 | AB55: 16866.232 | AC55: 17274.018 | AD55: 18147.911
A56: B3 | B56: Chai B3 | C56: 14465.461 | D56: 14509.576 | E56: 15025.379 | F56: 14910.678 | G56: 14831.036 | H56: 14808.45 | I56: =15519.2770426906-1500 -> 14019.277 | J56: =15979.3954889592-1500 -> 14479.395 | K56: 14998.539 | L56: 14535.256 | M56: 14855.148 | N56: 15392.891 | O56: 15365.226 | P56: 15345.865 | Q56: 15465.209 | R56: 16247.504 | S56: 16000 | W56: 16000 | X56: 16447.587 | Y56: 16464.667 | Z56: 16000 | AB56: 17008.322
A57: B4 | B57: Chai B4 | I57: 9000 | J57: 9000 | K57: 9594.9788 | L57: 10500 | M57: 12341.137 | N57: 12441.934 | P57: 13000 | Q57: 12851.445 | R57: 12994.024 | S57: 13500 | T57: 13500 | U57: 12000 | V57: 12000 | W57: 14000 | X57: 13700 | Y57: 14000 | Z57: 13970.906 | AA57: 14300 | AB57: 17098.762 | AC57: 17143.565 | AD57: 18161.28
A58: B5 | B58: Chai B5 | C58: 10563.825 | D58: 10507.268 | E58: 10891.883 | F58: 11017.156 | G58: 11015.531 | H58: 9991.5837 | I58: 9000 | J58: 9000 | K58: 9837.9698 | L58: 10500 | M58: 12500 | N58: 12500 | O58: 13000 | P58: 13000 | Q58: 13000 | R58: 12990.833 | S58: 13391.564 | T58: 13500 | U58: 12000 | V58: 12000 | W58: 14000 | X58: 13700 | Y58: 13943.332 | Z58: 13949.37 | AA58: 15373.679 | AB58: 17075.292 | AC58: 17383.624 | AD58: 17817.113
A59: B6.1 | B59: Chai B6.1 | Y59: 12000 | Z59: 12000 | AB59: 12300 | AC59: 12300
A60: B6.2 | B60: Chai B6.2 | P60: 12500 | Q60: 10000 | R60: 10000 | S60: 10000 | T60: 10000 | U60: 10000 | V60: 10000 | W60: 10000 | X60: 10000 | Z60: 16000 | AA60: 16000 | AB60: 17587.441 | AC60: 18055.743 | AD60: 18117.554
A61: A5.1 | B61: Vảy PET-A5.1 | C61: 17439.487 | D61: 17645.066 | E61: 17973.426 | F61: 17990.91 | G61: 18000 | H61: 17169.677 | I61: 16000 | J61: 16000 | K61: 16512.641 | L61: 16986.563 | M61: 17463.277 | N61: 17515.851 | O61: 17984.851 | P61: 18548.937 | Q61: 19187.723 | R61: 19300 | S61: 19862.191 | T61: 19800 | U61: 18300 | V61: 18000 | W61: 18300 | X61: 18002.192 | Y61: 18194.592 | Z61: 18200 | AA61: 18200 | AB61: 18746.118 | AC61: 19197.787 | AD61: 19917.065
A62: A5.2 | B62: Vảy PET-A5.2 | C62: 16955.379 | D62: 17082.559 | E62: 17500 | F62: 17500 | G62: 17500 | H62: 16603.495 | I62: 15500 | J62: 15500 | K62: 16000 | L62: 16000 | M62: 16726.574 | N62: 17000 | O62: 17476.902 | P62: 18000 | Q62: 18430.847 | R62: 18800 | S62: 19376.8 | T62: 19300 | U62: 17800 | V62: 17500 | W62: 17800 | X62: 17500 | Y62: 17700 | Z62: 17700 | AA62: 17700 | AB62: 18041.537 | AC62: 18700 | AD62: 19646.24
A63: A6 | B63: Vảy PET-A6 | C63: 16500 | D63: 16830 | E63: 16949.308 | F63: 17000 | G63: 17000 | H63: 16000 | V63: 16667.319 | W63: 16200 | AA63: 11293.478 | AD63: 20051.405
A64: A5.1.B3 | B64: Vảy PET-A5.1.B3 | I64: 17000 | K64: 17500 | L64: 18000
A65: A5.2.B3 | B65: Vảy PET-A5.2.B3
A66: A6 | B66: Vảy PET-A6.B3 | C66: 16000 | D66: 16320 | E66: 16323.886 | H66: 16000 | I66: 16000 | J66: 16000 | K66: 16344.566 | L66: 16500 | M66: 16800 | N66: 16800 | O66: 17300
A67: B2 | B67: Vảy PET B2.2_A6 | N67: 17000 | O67: 18750 | P67: 18750
A68: B6 | B68: Vảy PET B6 thử nghiệm | L68: 16000 | M68: 16000 | N68: 17000 | Q68: 18750 | R68: 18750 | S68: 18750 | T68: 18250 | U68: 18250 | V68: 18250 | W68: 18250 | X68: 18250 | Y68: 18250 | Z68: 18250 | AA68: 18250 | AB68: Không mua | AC68: 19674.73 | AD68: 19830.85
A69: B7.1 | B69: Chai B7 | C69: 9355 | D69: 9355 | E69: 9355 | F69: 9354.8387 | G69: 9354.8387 | H69: 9355 | I69: 8548 | J69: 8548 | K69: 8548.3871 | L69: 8548.3871 | M69: 8548.3871 | N69: 8548.3871 | O69: 8548.3871 | P69: 8548.3871 | Q69: 8548.3871 | R69: 8548.3871 | S69: 8548.3871 | T69: 8548.3871 | U69: 8548.3871 | V69: =5300/0.62 -> 8548.3871 | W69: =5300/0.62 -> 8548.3871 | X69: =4605.26327891469/0.66 -> 6977.6716 | Y69: =4450/0.66 -> 6742.4242 | Z69: =4450/0.66 -> 6742.4242 | AA69: =4450/0.66 -> 6742.4242 | AB69: 6742.4242 | AC69: 6742.4242 | AD69: 6742.4242
C71: =C50+D50+E50 -> 28265.552 | F71: =F50+G50+H50 -> 29691.38 | I71: =I50+J50+K50 -> 27750.327 | L71: =L50+M50+N50 -> 32853.034 | O71: =O50+P50+Q50 -> 33260.553 | R71: =R50+S50+T50 -> 38500 | U71: =U50+V50+W50 -> 34618.07 | X71: =X50+Y50+Z50 -> 35295.78 | AA71: =AA50+AB50+AC50 -> 36767.4 | AD71: =AD50+AE50+AF50 -> 13500
C72: =C61+D61+E61 -> 53057.979 | F72: =F61+G61+H61 -> 53160.587 | I72: =I61+J61+K61 -> 48512.641 | L72: =L61+M61+N61 -> 51965.691 | O72: =O61+P61+Q61 -> 55721.51 | R72: =R61+S61+T61 -> 58962.191 | U72: =U61+V61+W61 -> 54600 | X72: =X61+Y61+Z61 -> 54396.783 | AA72: =AA61+AB61+AC61 -> 56143.905 | AD72: =AD61+AE61+AF61 -> 19917.065
C73: =C72-C71 -> 24792.427 | F73: =F72-F71 -> 23469.207 | I73: =I72-I71 -> 20762.314 | L73: =L72-L71 -> 19112.657 | O73: =O72-O71 -> 22460.957 | R73: =R72-R71 -> 20462.191 | U73: =U72-U71 -> 19981.93 | X73: =X72-X71 -> 19101.003 | AA73: =AA72-AA71 -> 19376.505 | AD73: =AD72-AD71 -> 6417.0647
C74: =C73/3 -> 8264.1423 | F74: =F73/3 -> 7823.069 | I74: =I73/3 -> 6920.7713 | L74: =L73/3 -> 6370.8858 | O74: =O73/3 -> 7486.9858 | R74: =R73/3 -> 6820.7303 | U74: =U73/3 -> 6660.6433 | X74: =X73/3 -> 6367.0011 | AA74: =AA73/3 -> 6458.8349 | AD74: =AD73/3 -> 2139.0216
C75: =C72/C71 -> 1.8771252 | F75: =F72/F71 -> 1.7904384 | I75: =I72/I71 -> 1.7481827 | L75: =L72/L71 -> 1.5817623 | O75: =O72/O71 -> 1.6753032 | R75: =R72/R71 -> 1.5314855 | U75: =U72/U71 -> 1.577211 | X75: =X72/X71 -> 1.5411696 | AA75: =AA72/AA71 -> 1.5270023 | AD75: =AD72/AD71 -> 1.4753381
C78: =C51+D51+E51 -> 43550.569 | F78: =F51+G51+H51 -> 43144.512 | I78: =I51+J51+K51 -> 39274.641 | L78: =L51+M51+N51 -> 44558.722 | O78: =O51+P51+Q51 -> 46702.545 | R78: =R51+S51+T51 -> 49930.57 | U78: =U51+V51+W51 -> 46400 | X78: =X51+Y51+Z51 -> 49513.633 | AA78: =AA51+AB51+AC51 -> 51192.1 | AD78: =AD51+AE51+AF51 -> 17892.905
C79: =C78-C71 -> 15285.017 | F79: =F78-F71 -> 13453.132 | I79: =I78-I71 -> 11524.314 | L79: =L78-L71 -> 11705.688 | O79: =O78-O71 -> 13441.992 | R79: =R78-R71 -> 11430.57 | U79: =U78-U71 -> 11781.93 | X79: =X78-X71 -> 14217.853 | AA79: =AA78-AA71 -> 14424.699 | AD79: =AD78-AD71 -> 4392.9048
C80: =C79/3 -> 5095.0056 | F80: =F79/3 -> 4484.3773 | I80: =I79/3 -> 3841.438 | L80: =L79/3 -> 3901.896 | O80: =O79/3 -> 4480.6641 | R80: =R79/3 -> 3810.1899 | U80: =U79/3 -> 3927.31 | X80: =X79/3 -> 4739.2843 | AA80: =AA79/3 -> 4808.2331 | AD80: =AD79/3 -> 1464.3016
C81: =C78/C71 -> 1.5407648 | F81: =F78/F71 -> 1.4530989 | I81: =I78/I71 -> 1.4152857 | L81: =L78/L71 -> 1.3563046 | O81: =O78/O71 -> 1.4041422 | R81: =R78/R71 -> 1.2968979 | U81: =U78/U71 -> 1.3403405 | X81: =X78/X71 -> 1.4028202 | AA81: =AA78/AA71 -> 1.3923231 | AD81: =AD78/AD71 -> 1.3254004
AA83: =AA53+AB53+AC53 -> 47039.483 | AD83: =AD53 -> 16000
AA84: =AA83-AA71 -> 10272.083 | AD84: =AD83-AD71 -> 2500
AA85: =AA84/3 -> 3424.0276 | AD85: =AD83/AD71 -> 1.1851852
AA86: =AA83/AA71 -> 1.2793802

Sheet B0. Tuyến xô
A49: Tên SP | B49: Tên thị trường | C49: T1.23 | D49: 2 | E49: 3 | F49: 4 | G49: 5 | H49: 6 | I49: 7 | J49: 8 | K49: 9 | L49: 10 | M49: 11 | N49: 12 | O49: T1.24 | P49: 2 | Q49: 3 | R49: 4 | S49: 5 | T49: 6 | U49: 7 | V49: 8 | W49: 9 | X49: 10 | Y49: 11 | Z49: 12 | AA49: T1.25 | AB49: 2 | AC49: 3 | AD49: 4
A50: B0 | B50: Chai B0 | C50: 8708.4662 | D50: 9206.5027 | E50: 10350.583 | F50: 10630.801 | G50: 9861.484 | H50: 9199.095 | I50: 8896.0365 | J50: 9246.3978 | K50: 9607.8931 | L50: 10586.188 | M50: 11153.125 | N50: 11113.72 | O50: 11099.755 | P50: 11015.602 | Q50: 11145.196 | R50: 12500 | S50: 13000 | T50: 13000 | U50: 11500 | V50: 11449.41 | W50: 11668.66 | X50: 11469.02 | Y50: 12047.76 | Z50: 11779 | AA50: 12089.892 | AB50: 12125.14 | AC50: 12552.368 | AD50: 13500
A51: B1 | B51: Chai B1 | C51: 14455.482 | D51: 14038.069 | E51: 15057.018 | F51: 14924.561 | G51: 14835.583 | H51: 13384.367 | I51: 12774.641 | J51: 13000 | K51: 13500 | L51: 14500 | M51: 15011.713 | N51: 15047.008 | O51: 15448.741 | P51: 15570.779 | Q51: 15683.025 | R51: 16178.926 | S51: 17000 | T51: 16751.644 | U51: 15000 | V51: 15000 | W51: 16400 | X51: 16030.121 | Y51: 16715.368 | Z51: 16768.144 | AA51: 17025.494 | AB51: 17275.808 | AC51: 16890.798 | AD51: 17892.905
A52: B1 KPL | B52: Chai B1 KPL | V52: 16531.01 | W52: 15736.355 | X52: 15142.878 | Y52: 15388.66 | Z52: 15426.979 | AA52: 15758.76 | AB52: 16078.364 | AC52: 16453.863 | AD52: 16500
A53: Tuyển xô | B53: Chai tuyển xô (trạm) | AA53: 15391.18 | AB53: 15570.497 | AC53: 16077.806 | AD53: 16000
A54: B2.1 | B54: Chai B2.1 | C54: 10500 | D54: 10500 | E54: 11000 | F54: 11000 | G54: 11000.246 | H54: 9980.5578 | I54: 9000 | J54: 9000 | K54: 9394.7876 | Y54: 11000 | Z54: 11709.605 | AA54: 12300 | AB54: 16394
A55: B2.2 | B55: Chai B2.2 | M55: 12500 | N55: 12500 | O55: 13000 | P55: 13000 | Q55: 13000 | R55: 13000 | S55: 13500 | T55: 15000 | U55: 12000 | V55: 11996.6 | W55: 14000 | X55: 13700 | Y55: 13909.496 | Z55: 13991.676 | AA55: 15469.628 | AB55: 16866.232 | AC55: 17274.018 | AD55: 18147.911
A56: B3 | B56: Chai B3 | C56: 14465.461 | D56: 14509.576 | E56: 15025.379 | F56: 14910.678 | G56: 14831.036 | H56: 14808.45 | I56: =15519.2770426906-1500 -> 14019.277 | J56: =15979.3954889592-1500 -> 14479.395 | K56: 14998.539 | L56: 14535.256 | M56: 14855.148 | N56: 15392.891 | O56: 15365.226 | P56: 15345.865 | Q56: 15465.209 | R56: 16247.504 | S56: 16000 | W56: 16000 | X56: 16447.587 | Y56: 16464.667 | Z56: 16000 | AB56: 17008.322
A57: B4 | B57: Chai B4 | I57: 9000 | J57: 9000 | K57: 9594.9788 | L57: 10500 | M57: 12341.137 | N57: 12441.934 | P57: 13000 | Q57: 12851.445 | R57: 12994.024 | S57: 13500 | T57: 13500 | U57: 12000 | V57: 12000 | W57: 14000 | X57: 13700 | Y57: 14000 | Z57: 13970.906 | AA57: 14300 | AB57: 17098.762 | AC57: 17143.565 | AD57: 18161.28
A58: B5 | B58: Chai B5 | C58: 10563.825 | D58: 10507.268 | E58: 10891.883 | F58: 11017.156 | G58: 11015.531 | H58: 9991.5837 | I58: 9000 | J58: 9000 | K58: 9837.9698 | L58: 10500 | M58: 12500 | N58: 12500 | O58: 13000 | P58: 13000 | Q58: 13000 | R58: 12990.833 | S58: 13391.564 | T58: 13500 | U58: 12000 | V58: 12000 | W58: 14000 | X58: 13700 | Y58: 13943.332 | Z58: 13949.37 | AA58: 15373.679 | AB58: 17075.292 | AC58: 17383.624 | AD58: 17817.113
A59: B6.1 | B59: Chai B6.1 | Y59: 12000 | Z59: 12000 | AB59: 12300 | AC59: 12300
A60: B6.2 | B60: Chai B6.2 | P60: 12500 | Q60: 10000 | R60: 10000 | S60: 10000 | T60: 10000 | U60: 10000 | V60: 10000 | W60: 10000 | X60: 10000 | Z60: 16000 | AA60: 16000 | AB60: 17587.441 | AC60: 18055.743 | AD60: 18117.554
A61: A5.1 | B61: Vảy PET-A5.1 | C61: 17439.487 | D61: 17645.066 | E61: 17973.426 | F61: 17990.91 | G61: 18000 | H61: 17169.677 | I61: 16000 | J61: 16000 | K61: 16512.641 | L61: 16986.563 | M61: 17463.277 | N61: 17515.851 | O61: 17984.851 | P61: 18548.937 | Q61: 19187.723 | R61: 19300 | S61: 19862.191 | T61: 19800 | U61: 18300 | V61: 18000 | W61: 18300 | X61: 18002.192 | Y61: 18194.592 | Z61: 18200 | AA61: 18200 | AB61: 18746.118 | AC61: 19197.787 | AD61: 19917.065
A62: A5.2 | B62: Vảy PET-A5.2 | C62: 16955.379 | D62: 17082.559 | E62: 17500 | F62: 17500 | G62: 17500 | H62: 16603.495 | I62: 15500 | J62: 15500 | K62: 16000 | L62: 16000 | M62: 16726.574 | N62: 17000 | O62: 17476.902 | P62: 18000 | Q62: 18430.847 | R62: 18800 | S62: 19376.8 | T62: 19300 | U62: 17800 | V62: 17500 | W62: 17800 | X62: 17500 | Y62: 17700 | Z62: 17700 | AA62: 17700 | AB62: 18041.537 | AC62: 18700 | AD62: 19646.24
A63: A6 | B63: Vảy PET-A6 | C63: 16500 | D63: 16830 | E63: 16949.308 | F63: 17000 | G63: 17000 | H63: 16000 | V63: 16667.319 | W63: 16200 | AA63: 11293.478 | AD63: 20051.405
A64: A5.1.B3 | B64: Vảy PET-A5.1.B3 | I64: 17000 | K64: 17500 | L64: 18000
A65: A5.2.B3 | B65: Vảy PET-A5.2.B3
A66: A6 | B66: Vảy PET-A6.B3 | C66: 16000 | D66: 16320 | E66: 16323.886 | H66: 16000 | I66: 16000 | J66: 16000 | K66: 16344.566 | L66: 16500 | M66: 16800 | N66: 16800 | O66: 17300
A67: B2 | B67: Vảy PET B2.2_A6 | N67: 17000 | O67: 18750 | P67: 18750
A68: B6 | B68: Vảy PET B6 thử nghiệm | L68: 16000 | M68: 16000 | N68: 17000 | Q68: 18750 | R68: 18750 | S68: 18750 | T68: 18250 | U68: 18250 | V68: 18250 | W68: 18250 | X68: 18250 | Y68: 18250 | Z68: 18250 | AA68: 18250 | AB68: Không mua | AC68: 19674.73 | AD68: 19830.85
A69: B7.1 | B69: Chai B7 | C69: 9355 | D69: 9355 | E69: 9355 | F69: 9354.8387 | G69: 9354.8387 | H69: 9355 | I69: 8548 | J69: 8548 | K69: 8548.3871 | L69: 8548.3871 | M69: 8548.3871 | N69: 8548.3871 | O69: 8548.3871 | P69: 8548.3871 | Q69: 8548.3871 | R69: 8548.3871 | S69: 8548.3871 | T69: 8548.3871 | U69: 8548.3871 | V69: =5300/0.62 -> 8548.3871 | W69: =5300/0.62 -> 8548.3871 | X69: =4605.26327891469/0.66 -> 6977.6716 | Y69: =4450/0.66 -> 6742.4242 | Z69: =4450/0.66 -> 6742.4242 | AA69: =4450/0.66 -> 6742.4242 | AB69: 6742.4242 | AC69: 6742.4242 | AD69: 6742.4242

Sheet Chart PET duyệt
C40: T1.23 | D40: 2 | E40: 3 | F40: 4 | G40: 5 | H40: 6 | I40: 7 | J40: 8 | K40: 9 | L40: 10 | M40: 11 | N40: 12 | O40: T1.24 | P40: 2 | Q40: 3 | R40: 4 | S40: 5 | T40: 6 | U40: 7 | V40: 8 | W40: 9 | X40: 10 | Y40: 11 | Z40: 12 | AA40: T1.25 | AB40: 2 | AC40: 3 | AD40: 4
A41: B0 | B41: Chai B0 | C41: 8800 | D41: 9500 | E41: 10500 | F41: 11000 | G41: 10000 | H41: 9500 | I41: 9500 | J41: 9500 | K41: 9500 | L41: 10500 | M41: 11000 | N41: 11000 | O41: 11000 | P41: 11000 | Q41: 11000 | R41: 12500 | S41: 13000 | T41: 13000 | U41: 11500 | V41: 11500 | W41: 12000 | X41: 11700 | Y41: 12000 | Z41: 12000 | AA41: 12300 | AB41: 12300 | AC41: 12500 | AD41: 13500
A42: B1 | B42: Chai B1 | C42: 14500 | D42: 14500 | E42: 15500 | F42: 15500 | G42: 15500 | H42: 13500 | I42: 13000 | J42: 13000 | K42: 13500 | L42: 14500 | M42: 15000 | N42: 15000 | O42: 16500 | P42: 16500 | Q42: 16500 | R42: 17500 | S42: 17500 | T42: 17500 | U42: =(16000+16500)/2 -> 16250 | V42: 16500 | W42: 16000 | X42: 15700 | Y42: 16500 | Z42: 16500 | AA42: =(16800+17522+17030)/3 -> 17117.333 | AB42: =(16800+17522+17030+19090+18590)/5 -> 17806.4 | AC42: =(17200+17750+17250+19300+18800)/5 -> 18060 | AD42: 18000
A43: B2 | B43: Chai B2.1 | C43: 10500 | D43: 10500 | E43: 11500 | F43: 11500 | G43: 11500 | H43: 9500 | I43: 9000 | J43: 9000 | K43: 9500 | L43: 10500
A44: B3 | B44: Chai B3 | C44: 14500 | D44: 14500 | E44: 15000 | F44: 15000 | G44: 15000 | H44: 15000 | I44: 14500 | J44: 14500 | K44: 15000 | L44: 14500 | M44: 15000 | N44: 15000 | O44: 16500 | P44: 16500 | Q44: 16500 | R44: 16500 | S44: 16000 | W44: 16000 | X44: 15700 | Y44: 16500 | Z44: 16500 | AA44: 16800 | AB44: 16800 | AC44: 17200 | AD44: 18000
A45: B5 | B45: Chai B5 | C45: 10500 | D45: 10500 | E45: 11500 | F45: 11500 | G45: 11500 | H45: 9500 | I45: 9000 | J45: 9000 | K45: 9500 | L45: 10500 | M45: 12500 | N45: 12500 | O45: 12500 | P45: 13000 | Q45: 13000 | R45: 13000 | S45: 13500 | T45: 13500 | U45: 12000 | V45: 12000 | W45: 12000 | X45: 12000 | Y45: 12000 | Z45: 12000 | AA45: 12300 | AB45: 12300 | AC45: 12300 | AD45: 12300
A46: A4 | B46: Vảy A4 (rửa nóng) | C46: 18000 | D46: 18000 | E46: 19000 | F46: 19000 | G46: 19000 | H46: 18000 | I46: 16500 | J46: 16500
A47: A5.1 | B47: Vảy A5.1 (rửa nóng) | C47: 17500 | D47: 17500 | E47: 18500 | F47: 18500 | G47: 18500 | H47: 17500 | I47: 16000 | J47: 16000 | K47: 16500 | L47: 17500 | M47: 18000 | N47: 18000 | O47: 18000 | P47: 18500 | Q47: 18800 | R47: 19300 | S47: 19500 | T47: 19500 | U47: 18000 | V47: 18000 | W47: 18300 | X47: 18000 | Y47: 18200 | Z47: 18200 | AA47: 18200 | AB47: =(18500+19000)/2 -> 18750 | AC47: 19200 | AD47: 19700
A48: A5.2 | B48: Vảy A5.2 (rửa nóng) | C48: 17000 | D48: 17000 | E48: 18000 | F48: 18000 | G48: 18000 | H48: 17000 | I48: 15500 | J48: 15500 | K48: 16000 | L48: 16500 | M48: 17000 | N48: 17500 | O48: 17500 | P48: 18000 | Q48: 18300 | R48: 18800 | S48: 19000 | T48: 19000 | U48: 17500 | V48: 17500 | W48: 17800 | X48: 17500 | Y48: 17700 | Z48: 17700 | AA48: 17700 | AB48: 18000 | AC48: 18700 | AD48: 19200
A49: A6 | B49: Vảy A6 (rửa lạnh) | C49: 16500 | D49: 16500 | E49: 17500 | F49: 17500 | G49: 17500 | H49: 16500 | I49: 15000 | J49: 15000 | K49: 15500 | L49: 16000 | M49: 16000 | N49: 17000 | O49: 17000 | P49: 17500 | Q49: 17500 | R49: 17800 | V49: 17000 | W49: 17300 | X49: 17000 | Y49: 17200 | Z49: 17200 | AA49: 17200 | AB49: 17500 | AC49: 18200 | AD49: 18700
A50: A6 | B50: Vảy A6.B3 (rửa lạnh) | C50: 16500 | D50: 16500 | E50: 17200 | F50: 17200 | G50: 17200 | H50: 16200 | I50: 16000 | J50: 16000 | K50: 16500 | L50: 17000 | M50: 17000 | N50: 17300 | O50: 17300 | P50: 17500 | Q50: 17500 | R50: 17800

Sheet Chart HDPE duyệt
C43: T1.23 | D43: 2 | E43: 3 | F43: 4 | G43: 5 | H43: 6 | I43: 7 | J43: 8 | K43: 9 | L43: 10 | M43: 11 | N43: T12.23 | O43: T1.24 | P43: 2 | Q43: 3 | R43: 4 | S43: 5 | T43: 6 | U43: 7 | V43: 8 | W43: 9 | X43: 10 | Y43: 11 | Z43: 12 | AA43: T1.25 | AB43: T2.25 | AC43: T3.25 | AD43: T4.25
A44: HV-01.1 | B44: Vảy HD trong HV01.1 (Đại Lộc) | D44: 25000 | E44: 25000 | F44: 25000 | G44: 25000 | H44: 25000 | I44: 25000 | J44: 25000 | K44: 22500 | L44: 22500 | M44: 22500 | N44: 22500 | O44: 22500 | P44: 22500 | Q44: 22000 | R44: 22000 | S44: 22000 | T44: 22000 | U44: 22000 | V44: 22000 | W44: 22000 | X44: 22000 | Y44: 21500 | Z44: 21500 | AA44: 21500 | AB44: 21500 | AC44: 21500 | AD44: 21500
A45: HV-01.1 | B45: Vảy HD trong HV01.1- KR | G45: 23000 | H45: 23000 | I45: 23000 | J45: 22500 | K45: 22500 | L45: 22500 | M45: 22500
B46: Vảy HD trong HV01.1 (NCC ngoài) | E46: 21500 | F46: 21500 | G46: 21500 | H46: 21500 | I46: 21500 | J46: 22500 | K46: 22500 | L46: 22500 | M46: 22500 | N46: 22500 | O46: 22500 | P46: 22500 | Q46: 22000 | R46: 22000 | S46: 22000 | T46: 22000 | U46: 22000 | V46: 22000 | W46: 22000 | X46: 22000 | Y46: 21500 | Z46: 21500 | AA46: 21500 | AB46: 21500 | AC46: 21500 | AD46: 21500
A47: HV-01.1 | B47: Vảy HD trong HV01.1- TM | G47: 21200 | H47: 21200 | I47: 21200 | J47: 20000 | M47: 21200 | N47: 21200 | O47: 21200 | P47: 20200 | Q47: 20200 | R47: 20200 | S47: 20200 | T47: 21200 | U47: 21200 | V47: 21200 | W47: 21200 | X47: 21200 | Y47: 21200 | Z47: 21200 | AA47: 21200 | AB47: 21200 | AC47: 21200 | AD47: 21200
A48: HV-01.2 | B48: Vảy HD trong HV01.2 (Đại Lộc) | D48: 24500 | E48: 24500 | F48: 24500 | G48: 24500 | H48: 24500 | I48: 20500
B49: Vảy HD trong HV01.2 (NCC ngoài) | E49: 20500 | F49: 20500 | G49: 20500 | O49: 21000 | P49: 21000 | Q49: 21000 | R49: 21000 | S49: 21000 | T49: 21000 | U49: 21000 | V49: 21000 | W49: 21000 | X49: 21000 | Y49: 21000 | Z49: 21000 | AA49: 21000 | AB49: 21000 | AC49: 21000 | AD49: 21000
A50: HV01.3 | B50: Vảy HD trong HV01.3 (Đại Lộc) | D50: 23000
A51: HV-02.1 | B51: Vảy HD trắng sữa loại 1 | E51: 18000 | I51: 19500 | J51: 22000 | K51: 19500 | L51: 19500 | M51: 19500 | N51: 19500 | O51: 19500 | P51: 19500 | Q51: 19500 | R51: 19500 | S51: 19500 | T51: 19500 | U51: 19500 | V51: 19500 | W51: 19500 | X51: 19500 | Y51: 19500 | Z51: 19500 | AA51: 19500
A52: HV-02.2 | B52: Vảy HD trắng loại 2 | E52: 17000 | I52: 18000 | J52: 18000 | K52: 18000 | L52: 18000 | M52: 18000 | N52: 18000 | O52: 18000 | P52: 18000 | Q52: 18000 | R52: 18000 | S52: 18000 | T52: 18000 | U52: 18000 | V52: 18000 | W52: 18000 | X52: 18000 | Y52: 18000 | Z52: 18000 | AA52: 18000
A53: HV-03.1 | B53: Vảy HD vàng chanh | I53: 18000 | J53: 21000 | Q53: 18000 | R53: 19000 | S53: 19000 | T53: 19000 | U53: 19000 | V53: 19000 | W53: 19000 | X53: 19000 | Y53: 19000 | Z53: 19000 | AA53: 19000 | AB53: 19000 | AC53: 19000 | AD53: 19500
A54: HV-03.2 | B54: Vảy HD vàng nghệ | I54: 16500 | Q54: 17000 | R54: 18000 | S54: 18000 | T54: 18000 | U54: 18000 | V54: 18000 | W54: 18000 | X54: 18000 | Y54: 18000 | Z54: 18000 | AA54: 18000 | AB54: 18000 | AC54: 18000 | AD54: 18500
A55: HV-04.1 | B55: Vảy HD lá sáng | I55: 18000 | J55: 21000
A56: HV-04.2 | B56: Vảy HD lá đậm | I56: 16500
B57: Vảy HD ép dương loại 1 | F57: 18000 | G57: 18000 | H57: 18000 | I57: 18000 | J57: 18000 | R57: 17500 | S57: 17500 | T57: 17500 | U57: 17500 | V57: 17500 | W57: 17500 | X57: 17500 | Y57: 17500 | Z57: 17500 | AA57: 17500 | AB57: 17500 | AC57: 17500 | AD57: 17500
B58: Vảy HD ép dương loại 2 | G58: 17000 | H58: 17000 | I58: 17000 | J58: 17000 | R58: 17500 | S58: 17500 | T58: 17500 | U58: 17500 | V58: 17500 | W58: 17500 | X58: 17500 | Y58: 17500 | Z58: 17500 | AA58: 17500 | AB58: 17500 | AC58: 17500
B59: HD ép thô thử nghiệm dương | F59: 16000 | G59: 16000 | H59: 16000 | I59: 16000 | V59: 16000 | W59: 16000 | X59: 16000 | Y59: 16000 | Z59: 16000 | AA59: 16000 | AB59: 16000 | AC59: 16000 | AD59: 16000
A60: HD-01.2 | B60: Bình HD Trong HD-01.2 | E60: 16500 | F60: 18000 | G60: 17000 | H60: 17500 | W60: 18200 | X60: 18200 | Y60: 18200 | Z60: 18200 | AA60: 18200 | AB60: 18200 | AC60: 18200 | AD60: 18200
A61: HD-03.1 | B61: Bình HD màu HD-03.1 | E61: 14000 | F61: 14000 | G61: 14000 | H61: 13500 | W61: 16200 | X61: 16200 | Y61: 16200 | Z61: 16200 | AA61: 16200 | AB61: 16200 | AC61: 16200 | AD61: 16200

Sheet Giá mua
B1: MA TRẬN GIÁ MUA NGUYÊN LIỆU NĂM 2025
E2: ĐVT: đồng/kg
A3: Stt | B3: Stt | C3: Mã SAP | D3: Tên SP | E3: Tên thị trường | F3: Giá duyệt T1 | G3: 45292 | H3: =G3+1 -> 45293 | I3: =H3+1 -> 45294 | J3: =I3+1 -> 45295 | K3: =J3+1 -> 45296 | L3: =K3+1 -> 45297 | M3: =L3+1 -> 45298 | N3: =M3+1 -> 45299 | O3: =N3+1 -> 45300 | ... AK3: =AJ3+1 -> 45322 | AL3: Giá duyệt T2 | AM3: 45689 | AN3: =AM3+1 -> 45690 | AO3: =AN3+1 -> 45691 | AP3: =AO3+1 -> 45692 | AQ3: =AP3+1 -> 45693 | AR3: =AQ3+1 -> 45694 | AS3: =AR3+1 -> 45695 | AT3: =AS3+1 -> 45696 | AU3: =AT3+1 -> 45697 | ... BN3: =BM3+1 -> 45716 | BO3: Giá duyệt T3 | BP3: 45717 | BQ3: =BP3+1 -> 45718 | BR3: =BQ3+1 -> 45719 | BS3: =BR3+1 -> 45720 | BT3: =BS3+1 -> 45721 | BU3: =BT3+1 -> 45722 | BV3: =BU3+1 -> 45723 | BW3: =BV3+1 -> 45724 | BX3: =BW3+1 -> 45725 | ... CT3: =CS3+1 -> 45747 | CU3: Giá duyệt T4 | CV3: 45748 | CW3: =CV3+1 -> 45749 | CX3: =CW3+1 -> 45750 | CY3: =CX3+1 -> 45751 | CZ3: =CY3+1 -> 45752 | DA3: =CZ3+1 -> 45753 | DB3: =DA3+1 -> 45754 | DC3: =DB3+1 -> 45755 | DD3: =DC3+1 -> 45756 | ... DP3: =DO3+1 -> 45768
G4: Tuần 1 | H4: Tuần 1 | L4: Tuần 2 | S4: Tuần 3 | Z4: Tuần 4 | AI4: Tuần 5 | AM4: Tuần 5 | AO4: Tuần 6 | AV4: Tuần 7 | BC4: Tuần 8 | BJ4: Tuần 9 | BP4: Tuần 9 | BR4: Tuần 10 | BY4: Tuần 11 | CF4: Tuần 12 | CM4: Tuần 13 | CT4: Tuần 14 | CV4: Tuần 14 | DB4: Tuần 15 | DI4: Tuần 16 | DP4: Tuần 17
A5: I. Chai + Vảy PET | B5: I. Chai xá mua tại trạm
A6: 1 | B6: 1 | C6: 150000006 | D6: B0 | E6: Chai xá | F6: 9000 | AL6: 9000 | BO6: 9000 | CU6: 9000
A7: =A6+1 -> 2 | B7: 1 | C7: 150000006 | D7: B0 | E7: Chai PET nước suối | F7: 12300 | H7: 12000.667 | I7: 11991.667 | J7: 11982 | L7: 11992.5 | M7: 12022.667 | N7: 12060.667 | O7: 12030.333 | P7: 12008.333 | Q7: 11971.667 | S7: 11899.333 | T7: 11936.667 | U7: 11748 | V7: 11700 | W7: 11824 | X7: 11884.5 | Z7: 11914.5 | AA7: 11802 | AB7: 11583 | AC7: 11538 | AD7: 11806 | AL7: 12300 | AO7: 12000 | AP7: 12000 | AQ7: 12000 | AR7: 12160 | AS7: 11985 | AT7: 11958.5 | AV7: 12278 | AW7: 11822.5 | AX7: 12009.5 | AY7: 12105 | AZ7: 12000 | BA7: 11967 | BC7: 11881 | BD7: 12150 | BE7: 12150 | BF7: 12338 | BG7: 12109 | BH7: 12154 | BJ7: 12133 | BK7: 12335 | BL7: 12150 | BM7: 12733 | BN7: 12133 | BO7: 12500 | CU7: 13500
A8: I. Chai + Vảy PET | B8: II. Chai + Vảy PET
A9: 2 | B9: =ROW()-ROW($B$8) -> 1 | C9: 150000003 | D9: B1.1 | E9: Chai PET tuyển dày (mua ngoài) | F9: 16800 | H9: K | I9: K | J9: K | L9: K | M9: K | N9: K | O9: K | P9: 16800 | Q9: 16811.814 | S9: K | T9: K | U9: 16800 | V9: 16800 | W9: K | X9: K | Z9: 16800 | AA9: 16800 | AB9: 17389.854 | AC9: K | AD9: K | AL9: 16800 | AO9: K | AP9: K | AQ9: K | AR9: K | AS9: 16800 | AT9: 16800 | AV9: 16800 | AW9: 16800 | AX9: 16800 | AY9: 16800 | AZ9: 16800 | BA9: 16800 | BC9: K | BD9: 16800 | BE9: K | BF9: K | BG9: 16800 | BH9: K | BJ9: 16800 | BK9: 16800 | BL9: 16800 | BM9: K | BN9: 16800 | BO9: 17200 | BP9: K | BR9: K | BS9: 17200 | BT9: K | BU9: K | BV9: 17406.246 | BW9: 17200 | BY9: K | BZ9: K | CA9: K | CB9: K | CC9: 17200 | CD9: K | CF9: K | CG9: 17211.864 | CH9: K | CI9: 16711.906 | CJ9: 16400 | CK9: K | CM9: K | CN9: 16896.353 | CO9: 16700 | CP9: K | CQ9: 16623.406 | CR9: 16779.47 | CT9: K | CU9: 18000 | CV9: 18000 | CW9: K | CX9: 18120.113 | CY9: 17331.31 | CZ9: 18000 | DA9: K | DB9: K | DC9: 18122.51 | DD9: 17933.801 | DE9: 17839.957 | DF9: 17797.924 | DG9: 17574.315 | DH9: K | DI9: K | DJ9: 18185.722 | DK9: 17974.137 | DL9: 18183.593 | DM9: 17674.232 | DN9: 17679.927 | DO9: K | DP9: K
B10: =ROW()-ROW($B$8) -> 2 | C10: 150000003 | D10: B1.1 | E10: Chai PET tuyển dày (mua từ Trạm - Mô hình gia công) | F10: =F9+1200 -> 18000 | H10: K | I10: 17900 | J10: 17964.593 | L10: 17900 | M10: 17660.312 | N10: 17971.47 | O10: 17949.398 | P10: 17893.638 | Q10: 17800 | S10: 17817.221 | T10: K | U10: K | V10: 17120.28 | W10: 17030 | X10: 17649.716 | Z10: 17719.634 | AA10: 17030 | AB10: 17306.864 | AC10: 17030 | AD10: 17522 | AL10: =(17522+17030)/2 -> 17276 | AO10: 17030 | AP10: 17223.031 | AQ10: 16954.34 | AR10: 16387.455 | AS10: 16879.083 | AT10: 18453.866 | AV10: 17398.848 | AW10: 19090 | AX10: 17030 | AY10: K | AZ10: 19099.282 | BA10: 18151.713 | BC10: 19846 | BD10: K | BE10: K | BF10: 17830.154 | BG10: K | BH10: 18982.044 | BJ10: 17522 | BK10: 17522 | BL10: 19090 | BM10: 18652.313 | BN10: 18518.354 | BO10: =(17750+17250+19300+18800)/4 -> 18275 | BP10: K | BR10: 19090 | BS10: 18376.949 | BT10: 19090 | BU10: 19208.428 | BV10: 17522 | BW10: 19300 | BY10: 18092.811 | BZ10: 17388.805 | CA10: 17403.158 | CB10: 17775 | CC10: 19203.644 | CD10: 18381.537 | CF10: 18794.789 | CG10: 19300 | CH10: K | CI10: 18621.546 | CJ10: 18509.767 | CK10: 19300 | CM10: 18177.768 | CN10: 19105.482 | CO10: 19300 | CP10: 17529.426 | CQ10: 19014.668 | CR10: 18721.955 | CT10: 18685.532 | CU10: =(17750+17250+19300+18800)/4 -> 18275 | CV10: K | CW10: 18088.564 | CX10: K | CY10: 18827.173 | CZ10: 19300 | DA10: K | DB10: K | DC10: 17833.92 | DD10: 18082.933 | DE10: 18960 | DF10: 18890 | DG10: K | DH10: K | DI10: K | DJ10: 18648.647 | DK10: 19045.563 | DL10: 19192.35 | DM10: 18833.799 | DN10: 18924.89 | DO10: K | DP10: 17750
B11: =ROW()-ROW($B$8) -> 3 | C11: 150000113 | D11: B1.2 | E11: Chai PET không phân loại (mua ngoài) | F11: 15800 | H11: K | I11: 15789.817 | J11: 15800 | L11: 15762.557 | M11: 15800 | N11: 15800 | O11: 15765.764 | P11: 15800 | Q11: 15857.775 | S11: 15800 | T11: 15800 | U11: 15800 | V11: K | W11: 15763.504 | X11: 15800 | Z11: 15800 | AA11: K | AB11: 15573.994 | AC11: 15500 | AD11: K | AL11: 15800 | AO11: K | AP11: K | AQ11: 15800 | AR11: 15800 | AS11: K | AT11: 15800 | AV11: 16175.644 | AW11: K | AX11: K | AY11: K | AZ11: 15800 | BA11: K | BC11: 15800 | BD11: K | BE11: 15800 | BF11: 16195 | BG11: 15800 | BH11: K | BJ11: 15800 | BK11: K | BL11: K | BM11: 15800 | BN11: K | BO11: 16000 | BP11: 16191.502 | BR11: 16000 | BS11: K | BT11: 16000 | BU11: 16000 | BV11: 16000 | BW11: 16000 | BY11: 16165.022 | BZ11: 16000 | CA11: K | CB11: 16000 | CC11: 16000 | CD11: K | CF11: K | CG11: K | CH11: K | CI11: 16000 | CJ11: 16000 | CK11: K | CM11: 16000 | CN11: K | CO11: K | CP11: K | CQ11: K | CR11: K | CT11: K | CV11: K | CW11: K | CX11: K | CY11: K | CZ11: K | DA11: K | DB11: K | DC11: K | DD11: K | DE11: K | DF11: K | DG11: K | DH11: K | DI11: K | DJ11: 16500 | DK11: 16500 | DL11: 16500 | DM11: 16500 | DN11: 16500 | DO11: K | DP11: K
B12: =ROW()-ROW($B$8) -> 4 | C12: 150000113 | D12: B1.2 | E12: Chai PET không phân loại (mua từ Trạm) | H12: K | I12: K | J12: K | L12: K | M12: K | N12: K | O12: K | P12: K | Q12: K | S12: K | T12: K | U12: K | V12: K | W12: K | X12: K | Z12: K | AA12: K | AB12: K | AC12: K | AD12: K | AL12: 16394 | AO12: K | AP12: K | AQ12: K | AR12: K | AS12: K | AT12: K | AV12: K | AW12: K | AX12: K | AY12: K | AZ12: K | BA12: 16394 | BC12: 16394 | BD12: 16394 | BE12: 16394 | BF12: K | BG12: K | BH12: K | BJ12: K | BK12: K | BL12: K | BM12: K | BN12: K | BP12: K | BR12: K | BS12: K | BT12: K | BU12: K | BV12: K | BW12: K | BY12: K | BZ12: K | CA12: K | CB12: K | CC12: K | CD12: K | CF12: K | CG12: K | CH12: K | CI12: K | CJ12: 17190 | CK12: 17190 | CM12: 17190 | CN12: 17190 | CO12: 17190 | CP12: K | CQ12: K | CR12: K | CT12: K | CU12: 16500 | CV12: K | CW12: K | CX12: K | CY12: K | CZ12: K | DA12: K | DB12: K | DC12: K | DD12: K | DE12: K | DF12: K | DG12: K | DH12: K | DI12: K | DJ12: K | DK12: K | DL12: K | DM12: K | DN12: K | DO12: K | DP12: K
B13: =ROW()-ROW($B$8) -> 5 | C13: 150000004 | D13: B2.1 | E13: Chai PET nước suối | H13: K | I13: K | J13: K | L13: K | M13: K | N13: K | O13: K | P13: K | Q13: K | S13: K | T13: K | U13: K | V13: K | W13: K | X13: K | Z13: K | AD13: K | AO13: K | AP13: K | AQ13: K | AR13: K | AS13: K | AT13: K | AV13: K | AW13: K | AX13: K | AY13: K | AZ13: K | BA13: K | BC13: K | BD13: K | BE13: K | BF13: K | BG13: K | BH13: K | BJ13: K | BK13: K | BL13: K | BM13: K | BN13: K | BO13: 12300 | BP13: K | BR13: K | BS13: K | BT13: K | BU13: K | BV13: K | BW13: K | BY13: K | BZ13: K | CA13: K | CB13: K | CC13: K | CD13: K | CF13: K | CG13: K | CH13: K | CI13: K | CJ13: K | CK13: K | CM13: K | CN13: K | CO13: K | CP13: K | CQ13: K | CR13: K | CT13: K | CU13: 12300 | CV13: K | CW13: K | CX13: K | CY13: K | CZ13: K | DA13: K | DB13: K | DC13: K | DD13: K | DE13: K | DF13: K | DG13: K | DH13: K | DI13: K | DJ13: K | DK13: K | DL13: K | DM13: K | DN13: K | DO13: K | DP13: K
B14: =ROW()-ROW($B$8) -> 6 | C14: 150000187 | D14: B1.3 | E14: Chai PET B1.3 | H14: K | I14: K | J14: K | L14: K | M14: K | N14: K | O14: K | P14: K | Q14: K | S14: K | T14: K | U14: K | V14: K | W14: K | X14: K | Z14: K | AA14: K | AB14: K | AC14: 17030 | AD14: K | AO14: K | AP14: K | AQ14: K | AR14: 17522 | AS14: K | AT14: 17522 | AV14: K | AW14: 17030 | AX14: 17236.562 | AY14: 17030 | AZ14: 17308.226 | BA14: 17162.252 | BC14: 17216.206 | BD14: 17030 | BE14: 17030 | BF14: 17230.532 | BG14: 17030 | BH14: 17030 | BJ14: 17322.17 | BK14: 17030 | BL14: 17151.322 | BM14: 17030 | BN14: 17205.945 | BO14: 17030 | BP14: K | BR14: 17177.28 | BS14: 17248.898 | BT14: 17030 | BU14: 17030 | BV14: 17030 | BW14: 17030 | BY14: 17030 | BZ14: 17574.115 | CA14: 17649.088 | CB14: 17750 | CC14: 17429.314 | CD14: 17750 | CF14: 17750 | CG14: 17750 | CH14: 17577.187 | CI14: 17750 | CJ14: 17750 | CK14: 17750 | CM14: 17750 | CN14: 17750 | CO14: 17682.25 | CP14: 17750 | CQ14: 17750 | CR14: 17750 | CT14: 17750 | CU14: 17030 | CV14: K | CW14: 17838.349 | CX14: 17750 | CY14: 17829.136 | CZ14: 18012.632 | DA14: K | DB14: K | DC14: 18139.268 | DD14: 18976.703 | DE14: 18890 | DF14: 17931.481 | DG14: 18890 | DH14: K | DI14: K | DJ14: 18890 | DK14: 18890 | DL14: 18890 | DM14: 18890 | DN14: 18929.362 | DO14: K | DP14: 18890
B15: =ROW()-ROW($B$8) -> 7 | C15: 150000004 | D15: B2.1 | E15: Chai PET B2.1 (có thương hiệu) | F15: 12300 | H15: K | I15: K | J15: K | L15: K | M15: K | N15: K | O15: K | P15: K | Q15: K | S15: K | T15: K | U15: K | V15: K | W15: K | X15: K | Z15: K | AA15: K | AB15: K | AC15: K | AD15: 12300 | AL15: 12300 | AO15: K | AP15: K | AQ15: K | AR15: K | AS15: K | AT15: K | AV15: K | AW15: K | AX15: K | AY15: K | AZ15: K | BA15: K | BC15: K | BD15: 16394 | BE15: K | BF15: K | BG15: K | BH15: K | BJ15: K | BK15: K | BL15: K | BM15: K | BN15: K | BO15: 12300 | BP15: K | BR15: K | BS15: K | BT15: K | BU15: K | BV15: K | BW15: K | BY15: K | BZ15: K | CA15: K | CB15: K | CC15: K | CD15: K | CF15: K | CG15: K | CH15: K | CI15: K | CJ15: K | CK15: K | CM15: K | CN15: K | CO15: K | CP15: K | CQ15: K | CR15: K | CT15: K | CU15: 12300 | CV15: K | CW15: K | CX15: K | CY15: K | CZ15: K | DA15: K | DB15: K | DC15: K | DD15: K | DE15: K | DF15: K | DG15: K | DH15: K | DI15: K | DJ15: K | DK15: K | DL15: K | DM15: K | DN15: K | DO15: K | DP15: K
B16: =ROW()-ROW($B$8) -> 8 | C16: 150000050 | D16: B2.2 | E16: Chai PET B2.2 (không thương hiệu - NCC ngoài) | F16: 12300 | H16: K | I16: K | J16: K | K16: K | L16: K | M16: K | N16: K | O16: K | P16: K | Q16: K | R16: K | S16: K | T16: K | U16: K | V16: K | W16: K | X16: K | Y16: K | Z16: K | AA16: K | AB16: K | AC16: K | AD16: K | AL16: 12300 | AO16: K | AP16: K | AQ16: K | AR16: K | AS16: K | AT16: K | AV16: K | AW16: K | AX16: K | AY16: K | AZ16: K | BA16: K | BC16: K | BD16: K | BE16: K | BF16: K | BG16: K | BH16: 17060.843 | BJ16: K | BK16: K | BL16: 12300 | BM16: K | BN16: K | BO16: 12300 | BP16: K | BR16: K | BS16: K | BT16: K | BU16: K | BV16: K | BW16: K | BY16: K | BZ16: K | CA16: K | CB16: K | CC16: K | CD16: K | CF16: K | CG16: K | CH16: K | CI16: K | CJ16: K | CK16: K | CM16: K | CN16: K | CO16: K | CP16: K | CQ16: 12300 | CR16: K | CT16: K | CU16: 12300 | CV16: K | CW16: K | CX16: K | CY16: K | CZ16: K | DA16: K | DB16: K | DC16: K | DD16: K | DE16: K | DF16: K | DG16: K | DH16: K | DI16: K | DJ16: K | DK16: K | DL16: K | DM16: K | DN16: K | DO16: K | DP16: K
B17: =ROW()-ROW($B$8) -> 9 | C17: 150000050 | D17: B2.2 | E17: Chai PET B2.2 (mua từ Trạm - Mô hình gia công) | F17: 14000 | H17: K | I17: K | J17: K | L17: K | M17: 14300 | N17: K | O17: 14300 | P17: 14300 | Q17: K | S17: 14300 | T17: K | U17: K | V17: 17030 | W17: K | X17: K | Z17: 14300 | AA17: 16914.363 | AB17: 15765.843 | AC17: 17030 | AD17: 17522 | AL17: =(17522+17030)/2 -> 17276 | AO17: K | AP17: 17030 | AQ17: 17030 | AR17: 17030 | AS17: 17030 | AT17: 17290.861 | AV17: 17030 | AW17: K | AX17: 17030 | AY17: 17030 | AZ17: 17030 | BA17: 17030 | BC17: 17522 | BD17: 17030 | BE17: K | BF17: 17060.679 | BG17: K | BH17: K | BJ17: K | BK17: K | BL17: 17030 | BM17: 16832.084 | BN17: K | BO17: =(17750+17250+19300+18800)/4 -> 18275 | BP17: K | BR17: 17030 | BS17: 17522 | BT17: 17030 | BU17: K | BV17: 17030 | BW17: 17030 | BY17: K | BZ17: 17118.862 | CA17: 17030 | CB17: 13500 | CC17: 17030 | CD17: 17030 | CF17: K | CG17: 17750 | CH17: 17750 | CI17: 18000.041 | CJ17: 17750 | CK17: 17750 | CM17: K | CN17: 17217.19 | CO17: K | CP17: 17750 | CQ17: 17750 | CR17: 17750 | CT17: 17748.867 | CU17: =(17750+17250+19300+18800)/4 -> 18275 | CV17: K | CW17: 17750 | CX17: K | CY17: 17750 | CZ17: 17750 | DA17: K | DB17: K | DC17: 18361.668 | DD17: K | DE17: 17750 | DF17: K | DG17: 18890 | DH17: K | DI17: K | DJ17: 17750 | DK17: 18731.787 | DL17: 18388.588 | DM17: 17750 | DN17: 17750 | DO17: K | DP17: 18103.722
B18: =ROW()-ROW($B$8) -> 10 | C18: 150000005 | D18: B3 | E18: Chai sting ,chai 247 | F18: 16800 | H18: K | I18: K | J18: K | L18: K | M18: K | N18: K | O18: K | P18: K | Q18: K | S18: K | T18: K | U18: K | V18: K | W18: K | X18: K | Z18: K | AA18: K | AB18: K | AC18: K | AD18: K | AL18: 16800 | AO18: K | AP18: K | AQ18: K | AR18: 17030 | AS18: K | AT18: 17030 | AV18: K | AW18: K | AX18: 17030 | AY18: 17030 | AZ18: K | BA18: K | BC18: K | BD18: K | BE18: K | BF18: K | BG18: K | BH18: K | BJ18: K | BK18: K | BL18: K | BM18: K | BN18: 16600 | BO18: 17200 | BP18: K | BR18: K | BS18: K | BT18: K | BU18: K | BV18: K | BW18: K | BY18: K | BZ18: K | CA18: K | CB18: K | CC18: K | CD18: K | CF18: K | CG18: K | CH18: K | CI18: K | CJ18: K | CK18: K | CM18: K | CN18: K | CO18: K | CP18: K | CQ18: K | CR18: K | CT18: K | CU18: 18000 | CV18: K | CW18: K | CX18: K | CY18: K | CZ18: K | DA18: K | DB18: K | DC18: K | DD18: K | DE18: K | DF18: K | DG18: K | DH18: K | DI18: K | DJ18: K | DK18: K | DL18: K | DM18: K | DN18: K | DO18: K | DP18: K
B19: =ROW()-ROW($B$8) -> 11 | C19: 150000014 | D19: B4 | E19: Chai PET xanh lá (NCC ngoài) | F19: 12300 | H19: K | I19: K | J19: K | K19: K | L19: K | M19: K | N19: K | O19: K | P19: K | Q19: K | R19: K | S19: K | T19: K | U19: K | V19: K | W19: K | X19: K | Y19: K | Z19: K | AA19: K | AB19: K | AC19: K | AD19: K | AE19: K | AF19: K | AG19: K | AH19: K | AI19: K | AJ19: K | AK19: K | AL19: 12300 | AO19: K | AP19: K | AQ19: K | AR19: K | AS19: K | AT19: K | AV19: K | AW19: K | AX19: K | AY19: K | AZ19: K | BA19: K | BC19: K | BD19: K | BE19: K | BF19: K | BG19: K | BH19: K | BJ19: K | BK19: K | BL19: K | BM19: K | BN19: K | BO19: 12300 | BP19: K | BR19: 17522 | BS19: K | BT19: K | BU19: K | BV19: K | BW19: K | BY19: K | BZ19: K | CA19: K | CB19: K | CC19: K | CD19: K | CF19: K | CG19: K | CH19: K | CI19: K | CJ19: K | CK19: K | CM19: K | CN19: K | CO19: K | CP19: K | CQ19: 12300 | CR19: K | CT19: K | CU19: 12300 | CV19: K | CW19: K | CX19: K | CY19: K | CZ19: K | DA19: K | DB19: K | DC19: K | DD19: K | DE19: K | DF19: K | DG19: K | DH19: K | DI19: K | DJ19: K | DK19: K | DL19: K | DM19: 18890 | DN19: K | DO19: K | DP19: K
B20: =ROW()-ROW($B$8) -> 12 | C20: 150000014 | D20: B4 | E20: Chai PET xanh lá (mua từ Trạm - Mô hình gia công) | F20: 14300 | H20: K | I20: K | J20: 14300 | L20: K | M20: K | N20: 14300 | O20: 14300 | P20: K | Q20: 14300 | S20: 14300 | T20: K | U20: K | V20: K | W20: K | X20: K | Z20: 14300 | AA20: K | AB20: 14300 | AC20: K | AD20: K | AL20: =(17522+17030)/2 -> 17276 | AO20: K | AP20: K | AQ20: 16922.167 | AR20: 17030 | AS20: 17522 | AT20: 17030 | AV20: K | AW20: 17522 | AX20: 17030 | AY20: K | AZ20: 17030 | BA20: K | BC20: K | BD20: 17170.645 | BE20: K | BF20: K | BG20: K | BH20: K | BJ20: K | BK20: 17030 | BL20: 17522 | BM20: 16964.975 | BN20: K | BO20: =(17750+17250+19300+18800)/4 -> 18275 | BP20: K | BR20: K | BS20: 17030 | BT20: K | BU20: K | BV20: K | BW20: K | BY20: K | BZ20: 17030 | CA20: 17030 | CB20: 13500 | CC20: K | CD20: 17030 | CF20: K | CG20: K | CH20: K | CI20: K | CJ20: 17577.431 | CK20: K | CM20: 17750 | CN20: 17750 | CO20: 17030 | CP20: K | CQ20: K | CR20: K | CT20: 17750 | CU20: =(17750+17250+19300+18800)/4 -> 18275 | CV20: K | CW20: 17750 | CX20: K | CY20: 17750 | CZ20: K | DA20: K | DB20: K | DC20: K | DD20: 17888.406 | DE20: K | DF20: K | DG20: K | DH20: K | DI20: K | DJ20: K | DK20: 18890 | DL20: 18480.57 | DM20: K | DN20: K | DO20: K | DP20: K
B21: =ROW()-ROW($B$8) -> 13 | C21: 150000015 | D21: B5 | E21: Chai PET nước ngọt màu lơ/ màu dương (NCC ngoài) | F21: 12300 | H21: K | I21: K | J21: K | K21: K | L21: K | M21: K | N21: K | O21: K | P21: K | Q21: K | R21: K | S21: K | T21: K | U21: K | V21: K | W21: K | X21: K | Y21: K | Z21: K | AA21: K | AB21: K | AC21: K | AD21: K | AE21: K | AF21: K | AG21: K | AH21: K | AI21: K | AJ21: K | AK21: K | AL21: 12300 | AO21: K | AP21: K | AQ21: K | AR21: K | AS21: K | AT21: K | AV21: K | AW21: K | AX21: K | AY21: 17030 | AZ21: K | BA21: K | BC21: K | BD21: K | BE21: K | BF21: K | BG21: K | BH21: K | BJ21: K | BK21: K | BL21: 12300 | BM21: K | BN21: K | BO21: 12300 | BP21: K | BR21: K | BS21: K | BT21: K | BU21: K | BV21: K | BW21: K | BY21: K | BZ21: K | CA21: K | CB21: K | CC21: K | CD21: K | CF21: K | CG21: K | CH21: K | CI21: K | CJ21: K | CK21: K | CM21: K | CN21: K | CO21: K | CP21: K | CQ21: K | CR21: K | CT21: K | CU21: 12300 | CV21: K | CW21: K | CX21: K | CY21: K | CZ21: K | DA21: K | DB21: K | DC21: K | DD21: K | DE21: K | DF21: K | DG21: K | DH21: K | DI21: K | DJ21: K | DK21: K | DL21: K | DM21: K | DN21: K | DO21: K | DP21: K
B22: =ROW()-ROW($B$8) -> 14 | C22: 150000015 | D22: B5 | E22: Chai PET nước ngọt màu lơ/ màu dương (mua từ Trạm - Mô hình gia công) | F22: 14300 | H22: K | I22: K | J22: K | L22: K | M22: K | N22: K | O22: 14300 | P22: 14300 | Q22: 14300 | S22: 14300 | T22: K | U22: K | V22: K | W22: 17030 | X22: K | Z22: 14300 | AA22: K | AB22: 14300 | AC22: 17030 | AD22: 17522 | AL22: =(17522+17030)/2 -> 17276 | AO22: 17030 | AP22: K | AQ22: K | AR22: K | AS22: 17030 | AT22: 17522 | AV22: K | AW22: K | AX22: 17030 | AY22: K | AZ22: 17251.416 | BA22: K | BC22: K | BD22: 17522 | BE22: K | BF22: K | BG22: K | BH22: K | BJ22: K | BK22: 17030 | BL22: K | BM22: 17265.486 | BN22: 17030 | BO22: =(17750+17250+19300+18800)/4 -> 18275 | BP22: K | BR22: K | BS22: 17030 | BT22: K | BU22: K | BV22: K | BW22: K | BY22: K | BZ22: 17263.511 | CA22: K | CB22: K | CC22: K | CD22: 17030 | CF22: K | CG22: K | CH22: K | CI22: 18321 | CJ22: 17631.02 | CK22: K | CM22: K | CN22: K | CO22: K | CP22: K | CQ22: K | CR22: 17750 | CT22: 17750 | CU22: =(17750+17250+19300+18800)/4 -> 18275 | CV22: K | CW22: K | CX22: K | CY22: 17750 | CZ22: K | DA22: K | DB22: K | DC22: 17750 | DD22: 17750 | DE22: K | DF22: 17750 | DG22: 18890 | DH22: K | DI22: K | DJ22: K | DK22: 17795.968 | DL22: K | DM22: K | DN22: K | DO22: K | DP22: K
B23: =ROW()-ROW($B$8) -> 15 | C23: 150000016 | D23: B6.1 | E23: Chai PET B6.1 (có thương hiệu) | F23: 12300 | H23: K | I23: K | J23: K | K23: K | L23: K | M23: K | N23: K | O23: K | P23: K | Q23: K | R23: K | S23: K | T23: K | U23: K | V23: K | W23: K | X23: K | Y23: K | Z23: K | AA23: K | AB23: K | AC23: K | AD23: K | AL23: 12300 | AO23: K | AP23: K | AQ23: K | AR23: K | AS23: K | AT23: K | AV23: K | AW23: K | AX23: K | AY23: K | AZ23: K | BA23: K | BC23: K | BD23: K | BE23: K | BF23: K | BG23: K | BH23: K | BJ23: K | BK23: K | BL23: 12300 | BM23: K | BN23: K | BO23: 12300 | BP23: K | BR23: K | BS23: K | BT23: K | BU23: K | BV23: K | BW23: K | BY23: K | BZ23: K | CA23: K | CB23: K | CC23: K | CD23: K | CF23: K | CG23: K | CH23: K | CI23: K | CJ23: K | CK23: K | CM23: K | CN23: K | CO23: K | CP23: K | CQ23: 12300 | CR23: K | CT23: K | CU23: 12300 | CV23: K | CW23: K | CX23: K | CY23: K | CZ23: K | DA23: K | DB23: K | DC23: K | DD23: K | DE23: K | DF23: K | DG23: K | DH23: K | DI23: K | DJ23: K | DK23: K | DL23: K | DM23: K | DN23: K | DO23: K | DP23: K
A24: =A9+1 -> 3 | B24: =ROW()-ROW($B$8) -> 16 | C24: 150000114 | D24: B6.2 | E24: Chai PET B6.2 (không thương hiệu - NCC ngoài) | F24: 10000 | H24: K | I24: K | J24: K | L24: K | M24: K | N24: K | O24: K | P24: K | Q24: K | R24: K | S24: K | T24: K | U24: K | V24: K | W24: K | X24: K | Y24: K | Z24: K | AA24: K | AB24: K | AC24: K | AD24: K | AE24: K | AF24: K | AG24: K | AH24: K | AI24: K | AJ24: K | AK24: K | AL24: 10000 | AO24: K | AP24: K | AQ24: K | AR24: K | AS24: K | AT24: K | AV24: K | AW24: K | AX24: K | AY24: K | AZ24: K | BA24: K | BC24: K | BD24: 16946.313 | BE24: K | BF24: K | BG24: K | BH24: K | BJ24: K | BK24: K | BL24: K | BM24: 17956.951 | BN24: K | BO24: 10000 | BP24: K | BR24: K | BS24: K | BT24: K | BU24: K | BV24: K | BW24: K | BY24: K | BZ24: K | CA24: K | CB24: K | CC24: K | CD24: K | CF24: K | CG24: K | CH24: K | CI24: K | CJ24: K | CK24: K | CM24: K | CN24: K | CO24: K | CP24: K | CQ24: K | CR24: K | CT24: K | CU24: 10000 | CV24: K | CW24: K | CX24: K | CY24: K | CZ24: K | DA24: K | DB24: K | DC24: K | DD24: K | DE24: K | DF24: K | DG24: K | DH24: K | DI24: K | DJ24: K | DK24: K | DL24: K | DM24: K | DN24: K | DO24: K | DP24: 18220.829
A25: =A24+1 -> 4 | B25: =ROW()-ROW($B$8) -> 17 | C25: 150000016 | D25: B6 | E25: Chai PET còn lại | H25: K | I25: K | J25: K | L25: K | M25: K | N25: K | O25: K | P25: K | Q25: K | S25: K | T25: K | U25: K | V25: K | W25: K | X25: K | Z25: K | AA25: K | AD25: K | AO25: K | AP25: K | AQ25: K | AT25: K | AW25: K | AX25: K | AY25: K | BH25: K | BL25: K | CF25: K | CV25: K | DA25: K | DB25: K | DH25: K | DI25: K | DO25: K
A26: =A25+1 -> 5 | B26: =ROW()-ROW($B$8) -> 18 | C26: 150000019 | D26: A4 | E26: Vảy PET-A4 (rửa nóng) | H26: K | I26: K | J26: K | L26: K | M26: K | N26: K | O26: K | P26: K | Q26: K | S26: K | T26: K | U26: K | V26: K | W26: K | X26: K | Z26: K | AA26: K | AD26: K | AO26: K | AP26: K | AQ26: K | AT26: K | AW26: K | AX26: K | AY26: K | BH26: K | BL26: K | CF26: K | CV26: K | DA26: K | DB26: K | DH26: K | DI26: K | DO26: K
B27: 15 | C27: 150000114 | D27: B6.2 | E27: Chai PET B6.2 (không thương hiệu) (mua từ Trạm - Mô hình gia công) | F27: 16000 | H27: K | I27: K | J27: K | L27: K | M27: K | N27: K | O27: K | P27: K | Q27: 16000 | S27: K | T27: K | U27: K | V27: K | W27: K | X27: 16000 | Z27: 16000 | AA27: K | AB27: K | AC27: K | AD27: K | AL27: =(17522+17030)/2 -> 17276 | AO27: K | AP27: K | AQ27: K | AR27: K | AS27: 17030 | AT27: K | AV27: 19846 | AW27: K | AX27: K | AY27: K | AZ27: 18028.265 | BA27: 17030 | BC27: 17030 | BD27: K | BE27: 17636.169 | BF27: 17380.577 | BG27: 17030 | BH27: K | BJ27: 17522 | BK27: 17176.571 | BL27: K | BM27: K | BN27: 17414.762 | BO27: =(17750+17250+19300+18800)/4 -> 18275 | BP27: K | BR27: 19090 | BS27: 19090 | BT27: 17522 | BU27: 19073.632 | BV27: 18284.154 | BW27: 17522 | BY27: 17030 | BZ27: 17855.714 | CA27: 17030 | CB27: 17030 | CC27: 18341.837 | CD27: 17030 | CF27: 17574.226 | CG27: 17921.714 | CH27: 17279.073 | CI27: 18109.003 | CJ27: 18196.309 | CK27: 17139.476 | CM27: 18986.906 | CN27: 18356.313 | CO27: 17109.264 | CP27: 18935.163 | CQ27: 18894.895 | CR27: 18149.028 | CT27: 18115.862 | CU27: =(17750+17250+19300+18800)/4 -> 18275 | CV27: K | CW27: 17030 | CX27: 17750 | CY27: 18045.268 | CZ27: 18890 | DA27: K | DB27: K | DC27: 18110.571 | DD27: 18272.142 | DE27: 18890 | DF27: 18890 | DG27: 18890 | DH27: K | DI27: K | DJ27: 17630.574 | DK27: 18521.237 | DL27: 18305.293 | DM27: 19460 | DN27: 19003.513 | DO27: K | DP27: K
A28: =A26+1 -> 6 | B28: 16 | C28: 150000051 | D28: A5.1 | E28: Vảy PET-A5.1 (rửa nóng) | F28: 18200 | H28: K | I28: 18200 | J28: 18200 | L28: 18200 | M28: 18200 | N28: 18200 | O28: K | P28: 18200 | Q28: 18200 | S28: 18200 | T28: 18200 | U28: K | V28: K | W28: K | X28: K | Z28: K | AA28: 18200 | AB28: 18200 | AC28: 18200 | AD28: 18200 | AL28: =((18200+300)+19000)/2 -> 18750 | AO28: K | AP28: K | AQ28: K | AR28: 18500 | AS28: 18500 | AT28: 18500 | AV28: 18500 | AW28: K | AX28: K | AY28: 18500 | AZ28: K | BA28: K | BC28: 18500 | BD28: K | BE28: 18500 | BF28: 18500 | BG28: 18681.038 | BH28: 18782.775 | BJ28: 19000 | BK28: 18253.947 | BL28: 18887.186 | BM28: 19000 | BN28: 19000 | BO28: 19200 | BP28: 19200 | BR28: 19200 | BS28: 19200 | BT28: 19200 | BU28: 19200 | BV28: 19200 | BW28: 19200 | BY28: 19137.983 | BZ28: 19200 | CA28: 19200 | CB28: 19200 | CC28: 19200 | CD28: 19200 | CF28: 19200 | CG28: 19200 | CH28: 19200 | CI28: 19200 | CJ28: 19200 | CK28: 19200 | CM28: 19200 | CN28: 19200 | CO28: 19200 | CP28: 19200 | CQ28: 19200 | CR28: 19200 | CT28: 19200 | CU28: 19700 | CV28: 19700 | CW28: 20082.766 | CX28: 20256.887 | CY28: 20117.282 | CZ28: 20003.598 | DA28: 19976.598 | DB28: K | DC28: 19839.247 | DD28: 19963.593 | DE28: 19803.617 | DF28: 19852.978 | DG28: 19973.038 | DH28: 19976.598 | DI28: 19976.598 | DJ28: 19833.197 | DK28: 19891.575 | DL28: 19860.761 | DM28: 19791.283 | DN28: 19913.516 | DO28: 19976.598 | DP28: K
B29: 17 | C29: 150000052 | D29: A5.2 | E29: Vảy PET-A5.2 (rửa nóng) | F29: 17700 | H29: K | I29: 17700 | J29: K | L29: K | M29: K | N29: K | O29: K | P29: K | Q29: K | S29: K | T29: K | U29: K | V29: K | W29: K | X29: K | Z29: 17700 | AA29: K | AB29: 17700 | AC29: K | AD29: 17700 | AL29: =17700+300 -> 18000 | AO29: K | AP29: K | AQ29: K | AR29: K | AS29: K | AT29: K | AV29: 18000 | AW29: 18000 | AX29: 17887.956 | AY29: 18000 | AZ29: K | BA29: K | BC29: K | BD29: K | BE29: K | BF29: K | BG29: K | BH29: K | BJ29: K | BK29: 18000 | BL29: K | BM29: K | BN29: K | BO29: 18700 | BP29: K | BR29: K | BS29: K | BT29: K | BU29: K | BV29: K | BW29: K | BY29: 18700 | BZ29: K | CA29: 18700 | CB29: K | CC29: 18700 | CD29: K | CF29: 18700 | CG29: K | CH29: K | CI29: 18700 | CJ29: 18700 | CK29: K | CM29: K | CN29: 18700 | CO29: K | CP29: K | CQ29: K | CR29: K | CT29: K | CU29: 19200 | CV29: K | CW29: K | CX29: K | CY29: K | CZ29: K | DA29: 19200 | DB29: K | DC29: K | DD29: K | DE29: 19660.168 | DF29: K | DG29: K | DH29: 19200 | DI29: 19200 | DJ29: 19900 | DK29: K | DL29: 19900 | DM29: K | DN29: 19900 | DO29: 19200 | DP29: K
B30: 18 | C30: 150000053 | D30: A6 | E30: Vảy PET-A6 (rửa lạnh) | F30: 17200 | H30: K | I30: K | J30: K | L30: K | M30: K | N30: K | O30: K | P30: K | Q30: 11293.478 | S30: K | T30: K | U30: K | V30: K | W30: K | X30: K | Z30: K | AA30: K | AB30: K | AC30: K | AD30: K | AL30: =17200+300 -> 17500 | AO30: K | AP30: K | AQ30: K | AR30: K | AS30: K | AT30: K | AV30: K | AW30: K | AX30: K | AY30: K | AZ30: K | BA30: K | BC30: K | BD30: K | BE30: K | BF30: K | BG30: K | BH30: K | BJ30: K | BK30: K | BL30: K | BM30: K | BN30: K | BO30: 18200 | BP30: K | BR30: K | BS30: K | BT30: K | BU30: K | BV30: K | BW30: K | BY30: K | BZ30: K | CA30: K | CB30: K | CC30: K | CD30: K | CF30: K | CG30: K | CH30: K | CI30: K | CJ30: K | CK30: K | CM30: K | CN30: K | CO30: K | CP30: K | CQ30: K | CR30: K | CT30: K | CU30: 18700 | CV30: K | CW30: K | CX30: 19791.678 | CY30: K | CZ30: K | DA30: K | DB30: K | DC30: K | DD30: K | DE30: K | DF30: K | DG30: K | DH30: K | DI30: K | DJ30: K | DK30: K | DL30: K | DM30: 20300 | DN30: 20300 | DO30: K | DP30: K
A31: =#REF!+1 -> #REF! | B31: =ROW()-ROW($B$8) -> 23 | C31: 150000078 | D31: A5.1 | E31: Vảy PET-A5.1.B3 (rửa nóng) | H31: K | I31: K | J31: K | L31: K | M31: K | N31: K | O31: K | P31: K | Q31: K | S31: K | T31: K | U31: K | V31: K | W31: K | X31: K | Z31: K | AA31: K | AD31: K | AO31: K | AP31: K | AQ31: K | AR31: K | AS31: K | AT31: K | AV31: K | AW31: K | AX31: K | AY31: K | AZ31: K | BA31: K | BC31: K | BD31: K | BE31: K | BF31: K | BG31: K | BH31: K | BJ31: K | BK31: K | BL31: K | BM31: K | BN31: K | BP31: K | BR31: K | BS31: K | BU31: K | BV31: K | BW31: K | BY31: K | BZ31: K | CA31: K | CB31: K | CC31: K | CD31: K | CF31: K | CG31: K | CH31: K | CI31: K | CJ31: K | CM31: K | CN31: K | CQ31: K | CV31: K | CZ31: K | DA31: K | DB31: K | DC31: K | DD31: K | DE31: K | DF31: K | DH31: K | DI31: K | DJ31: K | DK31: K | DL31: K | DO31: K | DP31: K
A32: =A31+1 -> #REF! | B32: =ROW()-ROW($B$8) -> 24 | C32: 150000079 | D32: A5.2 | E32: Vảy PET-A5.2.B3 (rửa nóng) | H32: K | I32: K | J32: K | L32: K | M32: K | N32: K | O32: K | P32: K | Q32: K | S32: K | T32: K | U32: K | V32: K | W32: K | X32: K | Z32: K | AA32: K | AD32: K | AO32: K | AP32: K | AQ32: K | AR32: K | AS32: K | AT32: K | AV32: K | AW32: K | AX32: K | AY32: K | AZ32: K | BA32: K | BC32: K | BD32: K | BE32: K | BF32: K | BG32: K | BH32: K | BJ32: K | BK32: K | BL32: K | BM32: K | BN32: K | BP32: K | BR32: K | BS32: K | BU32: K | BV32: K | BW32: K | BY32: K | BZ32: K | CA32: K | CB32: K | CC32: K | CD32: K | CF32: K | CG32: K | CH32: K | CI32: K | CJ32: K | CM32: K | CN32: K | CQ32: K | CV32: K | CZ32: K | DA32: K | DB32: K | DC32: K | DD32: K | DE32: K | DF32: K | DH32: K | DI32: K | DJ32: K | DK32: K | DL32: K | DO32: K | DP32: K
A33: =#REF!+1 -> #REF! | B33: =ROW()-ROW($B$8) -> 25 | C33: 150000018 | D33: A6 | E33: Vảy PET-A6.B3 (rửa lạnh) | H33: K | I33: K | J33: K | L33: K | M33: K | N33: K | O33: K | P33: K | Q33: K | S33: K | T33: K | U33: K | V33: K | W33: K | X33: K | Z33: K | AA33: K | AD33: K | AO33: K | AP33: K | AQ33: K | AR33: K | AS33: K | AT33: K | AV33: K | AW33: K | AX33: K | AY33: K | AZ33: K | BA33: K | BC33: K | BD33: K | BE33: K | BF33: K | BG33: K | BH33: K | BJ33: K | BK33: K | BL33: K | BM33: K | BN33: K | BP33: K | BR33: K | BS33: K | BU33: K | BV33: K | BW33: K | BY33: K | BZ33: K | CA33: K | CB33: K | CC33: K | CD33: K | CF33: K | CG33: K | CH33: K | CI33: K | CJ33: K | CM33: K | CN33: K | CQ33: K | CV33: K | CZ33: K | DA33: K | DB33: K | DC33: K | DD33: K | DE33: K | DF33: K | DH33: K | DI33: K | DJ33: K | DK33: K | DL33: K | DO33: K | DP33: K
B34: 19 | C34: 150000061 | D34: B6 | E34: Vảy PET B6 thử nghiệm | F34: 18250 | H34: K | I34: 18250 | J34: 18250 | L34: 18250 | M34: 18250 | N34: K | O34: 18250 | P34: K | Q34: 18250 | S34: 18250 | T34: 18250 | U34: 18250 | V34: K | W34: 18250 | X34: K | Z34: 18250 | AA34: K | AB34: 18250 | AC34: 18250 | AD34: K | AL34: 18250 | AO34: K | AP34: K | AQ34: K | AR34: K | AS34: K | AT34: K | AV34: K | AW34: K | AX34: K | AY34: K | AZ34: K | BA34: K | BC34: K | BD34: K | BE34: K | BF34: K | BG34: K | BH34: K | BJ34: K | BK34: K | BL34: K | BM34: K | BN34: K | BO34: 18250 | BP34: K | BR34: K | BS34: K | BT34: 18250 | BU34: K | BV34: K | BW34: K | BY34: K | BZ34: K | CA34: K | CB34: K | CC34: K | CD34: K | CF34: 22721 | CG34: K | CH34: K | CI34: K | CJ34: K | CK34: 19000 | CM34: K | CN34: K | CO34: 19000 | CP34: 19000 | CQ34: K | CR34: 19000 | CT34: 19000 | CU34: =13500+6500 -> 20000 | CV34: K | CW34: 19000 | CX34: K | CY34: 20000 | CZ34: K | DA34: K | DB34: K | DC34: K | DD34: K | DE34: K | DF34: K | DG34: 20000 | DH34: K | DI34: K | DJ34: K | DK34: K | DL34: K | DM34: 20000 | DN34: K | DO34: K | DP34: K
B35: 20 | C35: 150000182 | E35: Cổ Chai PET (mua từ Trạm - Mô hình gia công) | F35: 14000 | H35: K | I35: K | J35: K | L35: K | M35: 14000 | N35: K | O35: K | P35: K | Q35: K | S35: K | T35: K | U35: K | V35: K | W35: K | X35: K | Z35: K | AA35: K | AB35: K | AC35: K | AD35: K | AL35: 2800 | AO35: K | AP35: K | AQ35: K | AR35: K | AS35: K | AT35: K | AV35: K | AW35: K | AX35: K | AY35: K | AZ35: K | BA35: K | BC35: K | BD35: K | BE35: K | BF35: K | BG35: K | BH35: K | BJ35: K | BK35: K | BL35: K | BM35: K | BN35: K | BO35: 10000 | BP35: K | BR35: K | BS35: K | BT35: K | BU35: K | BV35: K | BW35: K | BY35: K | BZ35: K | CA35: K | CB35: K | CC35: K | CD35: K | CF35: K | CG35: K | CH35: K | CI35: K | CJ35: K | CK35: K | CM35: K | CN35: K | CO35: K | CP35: K | CQ35: K | CR35: K | CT35: K | CU35: 10000 | CV35: K | CW35: K | CX35: K | CY35: K | CZ35: K | DA35: K | DB35: K | DC35: K | DD35: K | DE35: K | DF35: K | DG35: K | DH35: K | DI35: K | DJ35: K | DK35: K | DL35: K | DM35: K | DN35: K | DO35: K | DP35: K
A36: II. Vảy HDPE | B36: III. HD
A37: 1 | B37: =ROW()-ROW($B$36) -> 1 | C37: 150000008 | D37: HV-01.1 | E37: Vảy HD trong loại 1 | F37: 21500 | H37: K | I37: K | J37: K | L37: K | M37: K | N37: 21500 | O37: K | P37: K | Q37: K | S37: K | T37: K | U37: K | V37: K | W37: K | X37: K | Z37: 21500 | AA37: K | AB37: K | AC37: 21500 | AD37: K | AL37: 21500 | AO37: K | AP37: K | AQ37: K | AR37: K | AS37: K | AT37: K | AV37: K | AW37: K | AX37: K | AY37: 21500 | AZ37: K | BA37: K | BC37: K | BD37: K | BE37: K | BF37: K | BG37: K | BH37: K | BJ37: 21500 | BK37: K | BL37: K | BM37: K | BN37: 21500 | BO37: 21500 | BP37: K | BR37: K | BS37: K | BT37: K | BU37: K | BV37: K | BW37: 21500 | BY37: K | BZ37: K | CA37: K | CB37: K | CC37: K | CD37: 21500 | CF37: K | CG37: K | CH37: K | CI37: K | CJ37: 21500 | CK37: K | CM37: K | CN37: K | CO37: K | CP37: K | CQ37: 21500 | CR37: K | CT37: K | CU37: 21500 | CV37: K | CW37: K | CX37: K | CY37: 21500 | CZ37: K | DA37: K | DB37: K | DC37: K | DD37: K | DE37: K | DF37: K | DG37: 21500 | DH37: K | DI37: K | DJ37: K | DK37: K | DL37: K | DM37: K | DN37: 21500 | DO37: K | DP37: K
B38: =ROW()-ROW($B$36) -> 2 | C38: 150000106 | D38: HV-01.1_TM | E38: Vảy HD thổi trong L1 HV01.1_TM | F38: 21200 | H38: K | I38: K | J38: K | L38: K | M38: K | N38: K | O38: K | P38: K | Q38: K | S38: K | T38: K | U38: K | V38: K | W38: K | X38: K | Z38: K | AA38: K | AB38: K | AC38: K | AD38: K | AL38: 21200 | AO38: K | AP38: K | AQ38: K | AR38: K | AS38: K | AT38: K | AV38: K | AW38: K | AX38: K | AY38: K | AZ38: K | BA38: K | BC38: K | BD38: K | BE38: K | BF38: K | BG38: K | BH38: K | BJ38: K | BK38: K | BL38: K | BM38: K | BN38: K | BO38: 21200 | BP38: K | BR38: K | BS38: K | BT38: K | BU38: K | BV38: K | BW38: K | BY38: K | BZ38: K | CA38: K | CB38: K | CC38: K | CD38: K | CF38: K | CG38: K | CH38: K | CI38: K | CJ38: K | CK38: K | CM38: K | CN38: K | CO38: K | CP38: K | CQ38: K | CR38: K | CT38: K | CU38: 21200 | CV38: K | CW38: K | CX38: K | CY38: K | CZ38: K | DA38: K | DB38: K | DC38: K | DD38: K | DE38: K | DF38: K | DG38: K | DH38: K | DI38: K | DJ38: K | DK38: K | DL38: K | DM38: K | DN38: K | DO38: K | DP38: K
B39: =ROW()-ROW($B$36) -> 3 | C39: 150000036 | D39: HV-01.2 | E39: Vảy HD trong loại 2 | F39: 21000 | H39: K | I39: K | J39: K | L39: K | M39: K | N39: K | O39: K | P39: K | Q39: K | S39: K | T39: K | U39: K | V39: K | W39: K | X39: K | Z39: K | AA39: K | AB39: K | AC39: K | AD39: K | AL39: 21000 | AO39: K | AP39: K | AQ39: K | AR39: K | AS39: K | AT39: K | AV39: K | AW39: K | AX39: K | AY39: K | AZ39: K | BA39: K | BC39: K | BD39: K | BE39: K | BF39: K | BG39: K | BH39: K | BJ39: K | BK39: K | BL39: K | BM39: K | BN39: K | BO39: 21000 | BP39: K | BR39: K | BS39: K | BT39: K | BU39: K | BV39: K | BW39: K | BY39: K | BZ39: K | CA39: K | CB39: K | CC39: K | CD39: K | CF39: K | CG39: K | CH39: K | CI39: K | CJ39: K | CK39: K | CM39: K | CN39: K | CO39: K | CP39: K | CQ39: K | CR39: K | CT39: K | CU39: 21000 | CV39: K | CW39: K | CX39: K | CY39: K | CZ39: K | DA39: K | DB39: K | DC39: K | DD39: K | DE39: K | DF39: K | DG39: K | DH39: K | DI39: K | DJ39: K | DK39: K | DL39: K | DM39: K | DN39: K | DO39: K | DP39: K
B40: =ROW()-ROW($B$36) -> 4 | C40: 150000104 | D40: HV-01.1 | E40: Vảy HD thổi trong L1 HV01.1_KR | H40: K | I40: K | J40: K | L40: K | M40: K | N40: K | O40: K | P40: K | Q40: K | S40: K | T40: K | U40: K | V40: K | W40: K | X40: K | Z40: K | AA40: K | AB40: K | AC40: K | AD40: K | AO40: K | AP40: K | AQ40: K | AR40: K | AS40: K | AT40: K | AV40: K | AW40: K | AX40: K | AY40: K | AZ40: K | BA40: K | BC40: K | BD40: K | BE40: K | BF40: K | BG40: K | BH40: K | BJ40: K | BK40: K | BL40: K | BM40: K | BN40: K | BP40: K | BR40: K | BS40: K | BT40: K | BU40: K | BV40: K | BW40: K | BY40: K | BZ40: K | CA40: K | CB40: K | CC40: K | CD40: K | CF40: K | CG40: K | CH40: K | CI40: K | CJ40: K | CK40: K | CM40: K | CN40: K | CO40: K | CP40: K | CQ40: K | CR40: K | CT40: K | CV40: K | CW40: K | CX40: K | CY40: K | CZ40: K | DA40: K | DB40: K | DC40: K | DD40: K | DE40: K | DF40: K | DG40: K | DH40: K | DI40: K | DJ40: K | DK40: K | DL40: K | DM40: K | DN40: K | DO40: K | DP40: K
B41: =ROW()-ROW($B$36) -> 5 | C41: 150000105 | D41: HV-01.1 | E41: Vảy HD thổi trong L1 HV01.1_RL | H41: K | I41: K | J41: K | L41: K | M41: K | N41: K | O41: K | P41: K | Q41: K | S41: K | T41: K | U41: K | V41: K | W41: K | X41: K | Z41: K | AA41: K | AB41: K | AC41: K | AD41: K | AO41: K | AP41: K | AQ41: K | AR41: K | AS41: K | AT41: K | AV41: K | AW41: K | AX41: K | AY41: K | AZ41: K | BA41: K | BC41: K | BD41: K | BE41: K | BF41: K | BG41: K | BH41: K | BJ41: K | BK41: K | BL41: K | BM41: K | BN41: K | BP41: K | BR41: K | BS41: K | BT41: K | BU41: K | BV41: K | BW41: K | BY41: K | BZ41: K | CA41: K | CB41: K | CC41: K | CD41: K | CF41: K | CG41: K | CH41: K | CI41: K | CJ41: K | CK41: K | CM41: K | CN41: K | CO41: K | CP41: K | CQ41: K | CR41: K | CT41: K | CV41: K | CW41: K | CX41: K | CY41: K | CZ41: K | DA41: K | DB41: K | DC41: K | DD41: K | DE41: K | DF41: K | DG41: K | DH41: K | DI41: K | DJ41: K | DK41: K | DL41: K | DM41: K | DN41: K | DO41: K | DP41: K
B42: 4 | C42: 150000047 | D42: HV-01.3 | E42: Vảy HD trong loại 3 | F42: 22000 | H42: K | I42: K | J42: K | L42: K | M42: K | N42: K | O42: K | P42: K | Q42: K | S42: K | T42: K | U42: K | V42: K | W42: K | X42: K | Z42: K | AA42: K | AB42: K | AC42: K | AD42: K | AL42: 22000 | AO42: K | AP42: K | AQ42: K | AR42: K | AS42: K | AT42: K | AV42: K | AW42: K | AX42: K | AY42: K | AZ42: K | BA42: K | BC42: K | BD42: K | BE42: K | BF42: K | BG42: K | BH42: K | BJ42: K | BK42: K | BL42: K | BM42: K | BN42: K | BO42: 22000 | BP42: K | BR42: K | BS42: K | BT42: K | BU42: K | BV42: K | BW42: K | BY42: K | BZ42: K | CA42: K | CB42: K | CC42: K | CD42: K | CF42: K | CG42: K | CH42: K | CI42: K | CJ42: K | CK42: K | CM42: K | CN42: K | CO42: K | CP42: K | CQ42: K | CR42: K | CT42: K | CU42: 22000 | CV42: K | CW42: K | CX42: K | CY42: K | CZ42: K | DA42: K | DB42: K | DC42: K | DD42: K | DE42: K | DF42: K | DG42: K | DH42: K | DI42: K | DJ42: K | DK42: K | DL42: K | DM42: K | DN42: K | DO42: K | DP42: K
B43: 20 | C43: 150000037 | D43: HV-02.1 | E43: Vảy HD trắng sữa loại 1 | F43: 19500 | H43: K | I43: K | J43: K | L43: K | M43: K | N43: K | O43: K | P43: K | Q43: K | S43: K | T43: K | U43: K | V43: K | W43: K | X43: K | Z43: K | AA43: K | AB43: K | AC43: K | AD43: K | AO43: K | AP43: K | AQ43: K | AR43: K | AS43: K | AT43: K | AV43: K | AW43: K | AX43: K | AY43: K | AZ43: K | BA43: K | BC43: K | BD43: K | BE43: K | BF43: K | BG43: K | BH43: K | BJ43: K | BK43: K | BL43: K | BM43: K | BO43: 19500 | BP43: K | BR43: K | BS43: K | BT43: K | BU43: K | BV43: K | BW43: K | BY43: K | BZ43: K | CA43: K | CB43: K | CC43: K | CD43: K | CF43: K | CG43: K | CH43: K | CI43: K | CJ43: K | CK43: K | CM43: K | CN43: K | CO43: K | CP43: K | CQ43: K | CR43: K | CT43: K | CU43: 19500 | CV43: K | CW43: K | CX43: K | CY43: K | CZ43: K | DB43: K | DC43: K | DD43: K | DE43: K | DF43: K | DG43: K | DK43: K | DL43: K | DM43: K | DN43: K | DP43: K
B44: 21 | C44: 150000048 | D44: HV-02.2 | E44: Vảy HD trắng sữa loại 2 | F44: 18000 | H44: K | I44: K | J44: K | L44: K | M44: K | N44: K | O44: K | P44: K | Q44: K | S44: K | T44: K | U44: K | V44: K | W44: K | X44: K | Z44: K | AA44: K | AB44: K | AC44: K | AD44: K | AO44: K | AP44: K | AQ44: K | AR44: K | AS44: K | AT44: K | AV44: K | AW44: K | AX44: K | AY44: K | AZ44: K | BA44: K | BC44: K | BD44: K | BE44: K | BF44: K | BG44: K | BH44: K | BJ44: K | BK44: K | BL44: K | BM44: K | BO44: 18000 | BP44: K | BR44: K | BS44: K | BT44: K | BU44: K | BV44: K | BW44: K | BY44: K | BZ44: K | CA44: K | CB44: K | CC44: K | CD44: K | CF44: K | CG44: K | CH44: K | CI44: K | CJ44: K | CK44: K | CM44: K | CN44: K | CO44: K | CP44: K | CQ44: K | CR44: K | CT44: K | CU44: 18000 | CV44: K | CW44: K | CX44: K | CY44: K | CZ44: K | DB44: K | DC44: K | DD44: K | DE44: K | DF44: K | DG44: K | DK44: K | DL44: K | DM44: K | DN44: K | DP44: K
B45: 5 | C45: 150000012 | D45: HV-03.1 | E45: Vảy HD Thổi Vàng | F45: 19000 | H45: K | I45: K | J45: K | L45: K | M45: K | N45: K | O45: K | P45: K | Q45: K | S45: K | T45: K | U45: K | V45: K | W45: K | X45: K | Z45: K | AA45: K | AB45: K | AC45: 19000 | AD45: K | AL45: 19000 | AO45: K | AP45: K | AQ45: K | AR45: K | AS45: K | AT45: K | AV45: K | AW45: K | AX45: K | AY45: K | AZ45: K | BA45: K | BC45: K | BD45: K | BE45: K | BF45: K | BG45: K | BH45: K | BJ45: K | BK45: K | BL45: K | BM45: K | BN45: 19475 | BO45: 19000 | BP45: K | BR45: K | BS45: K | BT45: K | BU45: K | BV45: K | BW45: K | BY45: K | BZ45: K | CA45: K | CB45: K | CC45: K | CD45: K | CF45: K | CG45: K | CH45: K | CI45: K | CJ45: K | CK45: K | CM45: K | CN45: K | CO45: K | CP45: K | CQ45: K | CR45: K | CT45: K | CU45: 19500 | CV45: K | CW45: K | CX45: K | CY45: K | CZ45: K | DA45: 19500 | DB45: K | DC45: K | DD45: K | DE45: K | DF45: K | DG45: K | DH45: 19500 | DI45: 19500 | DJ45: 19500 | DK45: K | DL45: K | DM45: K | DN45: K | DO45: 19500 | DP45: K
B46: 6 | C46: 150000179 | D46: HV-03.1_TM | E46: Vảy HD Thổi Vàng HV-03.1_TM | F46: 19000 | H46: K | I46: K | J46: K | K46: K | L46: K | M46: K | N46: K | O46: K | P46: K | Q46: K | R46: K | S46: K | T46: K | U46: K | V46: K | W46: K | X46: K | Y46: K | Z46: K | AA46: K | AB46: K | AC46: K | AD46: K | AL46: 19000 | AO46: K | AP46: K | AQ46: K | AR46: K | AS46: K | AT46: K | AV46: K | AW46: K | AX46: K | AY46: K | AZ46: K | BA46: K | BC46: K | BD46: K | BE46: K | BF46: K | BG46: K | BH46: K | BJ46: K | BK46: K | BL46: K | BM46: K | BN46: K | BO46: 19000 | BP46: K | BR46: K | BS46: K | BT46: K | BU46: K | BV46: K | BW46: K | BY46: K | BZ46: K | CA46: K | CB46: K | CC46: K | CD46: K | CF46: K | CG46: K | CH46: K | CI46: K | CJ46: K | CK46: K | CM46: K | CN46: K | CO46: K | CP46: K | CQ46: K | CR46: K | CT46: K | CU46: 19500 | CV46: K | CW46: K | CX46: K | CY46: K | CZ46: K | DA46: K | DB46: K | DC46: K | DD46: K | DE46: K | DF46: K | DG46: K | DH46: K | DI46: K | DJ46: K | DK46: K | DL46: K | DM46: K | DN46: K | DO46: K | DP46: K
B47: 7 | C47: 150000038 | D47: HV-03.2 | E47: Vảy HD Thổi Vàng Nhạt | F47: 18000 | H47: K | I47: K | J47: K | L47: K | M47: K | N47: K | O47: K | P47: K | Q47: K | S47: K | T47: K | U47: K | V47: K | W47: K | X47: K | Z47: K | AA47: K | AB47: K | AC47: K | AD47: K | AL47: 18200 | AO47: K | AP47: K | AQ47: K | AR47: K | AS47: K | AT47: K | AV47: K | AW47: K | AX47: K | AY47: K | AZ47: K | BA47: K | BC47: K | BD47: K | BE47: K | BF47: K | BG47: K | BH47: K | BJ47: K | BK47: K | BL47: K | BM47: K | BN47: K | BO47: 18000 | BP47: K | BR47: K | BS47: K | BT47: K | BU47: K | BV47: K | BW47: K | BY47: K | BZ47: K | CA47: K | CB47: K | CC47: K | CD47: K | CF47: K | CG47: K | CH47: K | CI47: K | CJ47: K | CK47: K | CM47: K | CN47: K | CO47: K | CP47: K | CQ47: K | CR47: K | CT47: K | CU47: 18500 | CV47: K | CW47: K | CX47: K | CY47: K | CZ47: K | DA47: K | DB47: K | DC47: K | DD47: K | DE47: K | DF47: K | DG47: K | DH47: K | DI47: K | DJ47: K | DK47: K | DL47: K | DM47: K | DN47: K | DO47: K | DP47: K
B48: =ROW()-ROW($B$36) -> 12 | C48: 150000039 | D48: HV-04.1 | E48: Vảy màu lá sáng | H48: K | I48: K | J48: K | L48: K | M48: K | N48: K | O48: K | P48: K | Q48: K | S48: K | T48: K | U48: K | V48: K | W48: K | X48: K | Z48: K | AA48: K | AB48: K | AC48: K | AD48: K | AO48: K | AP48: K | AT48: K | AV48: K | AX48: K | AY48: K | AZ48: K | BA48: K | BC48: K | BG48: K | BH48: K | BJ48: K | BK48: K | BM48: K | BN48: K | BP48: K | BR48: K | BS48: K | BT48: K | BU48: K | BV48: K | BW48: K | BY48: K | BZ48: K | CA48: K | CB48: K | CC48: K | CD48: K | CF48: K | CG48: K | CH48: K | CI48: K | CJ48: K | CK48: K | CM48: K | CN48: K | CP48: K | CQ48: K | CR48: K | CT48: K | CV48: K | CW48: K | CX48: K | CY48: K | CZ48: K | DA48: K | DB48: K | DC48: K | DD48: K | DE48: K | DF48: K | DG48: K | DH48: K | DI48: K | DJ48: K | DK48: K | DL48: K | DM48: K | DN48: K | DO48: K | DP48: K
B49: =ROW()-ROW($B$36) -> 13 | C49: 150000009 | D49: HV-04.2 | E49: Vảy màu lá đậm | H49: K | I49: K | J49: K | L49: K | M49: K | N49: K | O49: K | P49: K | Q49: K | S49: K | T49: K | U49: K | V49: K | W49: K | X49: K | Z49: K | AA49: K | AB49: K | AC49: K | AD49: K | AO49: K | AP49: K | AT49: K | AV49: K | AX49: K | AY49: K | AZ49: K | BA49: K | BC49: K | BG49: K | BH49: K | BJ49: K | BK49: K | BM49: K | BN49: K | BP49: K | BR49: K | BS49: K | BT49: K | BU49: K | BV49: K | BW49: K | BY49: K | BZ49: K | CA49: K | CB49: K | CC49: K | CD49: K | CF49: K | CG49: K | CH49: K | CI49: K | CJ49: K | CK49: K | CM49: K | CN49: K | CP49: K | CQ49: K | CR49: K | CT49: K | CV49: K | CW49: K | CX49: K | CY49: K | CZ49: K | DA49: K | DB49: K | DC49: K | DD49: K | DE49: K | DF49: K | DG49: K | DH49: K | DI49: K | DJ49: K | DK49: K | DL49: K | DM49: K | DN49: K | DO49: K | DP49: K
B50: =ROW()-ROW($B$36) -> 14 | C50: 150000011 | D50: HV-07.1 | E50: Vảy màu dương đậm | H50: K | I50: K | J50: K | L50: K | M50: K | N50: K | O50: K | P50: K | Q50: K | S50: K | T50: K | U50: K | V50: K | W50: K | X50: K | Z50: K | AA50: K | AB50: K | AC50: K | AD50: K | AO50: K | AP50: K | AT50: K | AV50: K | AX50: K | AY50: K | AZ50: K | BA50: K | BC50: K | BG50: K | BH50: K | BJ50: K | BK50: K | BM50: K | BN50: K | BP50: K | BR50: K | BS50: K | BT50: K | BU50: K | BV50: K | BW50: K | BY50: K | BZ50: K | CA50: K | CB50: K | CC50: K | CD50: K | CF50: K | CG50: K | CH50: K | CI50: K | CJ50: K | CK50: K | CM50: K | CN50: K | CP50: K | CQ50: K | CR50: K | CT50: K | CV50: K | CW50: K | CX50: K | CY50: K | CZ50: K | DA50: K | DB50: K | DC50: K | DD50: K | DE50: K | DF50: K | DG50: K | DH50: K | DI50: K | DJ50: K | DK50: K | DL50: K | DM50: K | DN50: K | DO50: K | DP50: K
B51: =ROW()-ROW($B$36) -> 15 | C51: 150000041 | D51: HV-07.2 | E51: Vảy màu dương nhạt | H51: K | I51: K | J51: K | L51: K | M51: K | N51: K | O51: K | P51: K | Q51: K | S51: K | T51: K | U51: K | V51: K | W51: K | X51: K | Z51: K | AA51: K | AB51: K | AC51: K | AD51: K | AO51: K | AP51: K | AT51: K | AV51: K | AX51: K | AY51: K | AZ51: K | BA51: K | BC51: K | BG51: K | BH51: K | BJ51: K | BK51: K | BM51: K | BN51: K | BP51: K | BR51: K | BS51: K | BT51: K | BU51: K | BV51: K | BW51: K | BY51: K | BZ51: K | CA51: K | CB51: K | CC51: K | CD51: K | CF51: K | CG51: K | CH51: K | CI51: K | CJ51: K | CK51: K | CM51: K | CN51: K | CP51: K | CQ51: K | CR51: K | CT51: K | CV51: K | CW51: K | CX51: K | CY51: K | CZ51: K | DA51: K | DB51: K | DC51: K | DD51: K | DE51: K | DF51: K | DG51: K | DH51: K | DI51: K | DJ51: K | DK51: K | DL51: K | DM51: K | DN51: K | DO51: K | DP51: K
B52: =ROW()-ROW($B$36) -> 16 | C52: 150000013 | D52: HV-05 | E52: Vảy màu đỏ tươi | H52: K | I52: K | J52: K | L52: K | M52: K | N52: K | O52: K | P52: K | Q52: K | S52: K | T52: K | U52: K | V52: K | W52: K | X52: K | Z52: K | AA52: K | AB52: K | AC52: K | AD52: K | AO52: K | AP52: K | AT52: K | AV52: K | AX52: K | AY52: K | AZ52: K | BA52: K | BC52: K | BG52: K | BH52: K | BJ52: K | BK52: K | BM52: K | BN52: K | BP52: K | BR52: K | BS52: K | BT52: K | BU52: K | BV52: K | BW52: K | BY52: K | BZ52: K | CA52: K | CB52: K | CC52: K | CD52: K | CF52: K | CG52: K | CH52: K | CI52: K | CJ52: K | CK52: K | CM52: K | CN52: K | CP52: K | CQ52: K | CR52: K | CT52: K | CV52: K | CW52: K | CX52: K | CY52: K | CZ52: K | DA52: K | DB52: K | DC52: K | DD52: K | DE52: K | DF52: K | DG52: K | DH52: K | DI52: K | DJ52: K | DK52: K | DL52: K | DM52: K | DN52: K | DO52: K | DP52: K
B53: =ROW()-ROW($B$36) -> 17 | C53: 150000021 | E53: Bình HD-01 Trong | H53: K | I53: K | J53: K | L53: K | M53: K | N53: K | O53: K | P53: K | Q53: K | S53: K | T53: K | U53: K | V53: K | W53: K | X53: K | Z53: K | AA53: K | AB53: K | AC53: K | AD53: K | AO53: K | AP53: K | AT53: K | AV53: K | AX53: K | AY53: K | AZ53: K | BA53: K | BC53: K | BG53: K | BH53: K | BJ53: K | BK53: K | BM53: K | BN53: K | BP53: K | BR53: K | BS53: K | BT53: K | BU53: K | BV53: K | BW53: K | BY53: K | BZ53: K | CA53: K | CB53: K | CC53: K | CD53: K | CF53: K | CG53: K | CH53: K | CI53: K | CJ53: K | CK53: K | CM53: K | CN53: K | CP53: K | CQ53: K | CR53: K | CT53: K | CV53: K | CW53: K | CX53: K | CY53: K | CZ53: K | DA53: K | DB53: K | DC53: K | DD53: K | DE53: K | DF53: K | DG53: K | DH53: K | DI53: K | DJ53: K | DK53: K | DL53: K | DM53: K | DN53: K | DO53: K | DP53: K
B54: =ROW()-ROW($B$36) -> 18 | C54: 150000022 | E54: Bình HD-02 Trắng | H54: K | I54: K | J54: K | L54: K | M54: K | N54: K | O54: K | P54: K | Q54: K | S54: K | T54: K | U54: K | V54: K | W54: K | X54: K | Z54: K | AA54: K | AB54: K | AC54: K | AD54: K | AO54: K | AP54: K | AT54: K | AV54: K | AX54: K | AY54: K | AZ54: K | BA54: K | BC54: K | BG54: K | BH54: K | BJ54: K | BK54: K | BM54: K | BN54: K | BP54: K | BR54: K | BS54: K | BT54: K | BU54: K | BV54: K | BW54: K | BY54: K | BZ54: K | CA54: K | CB54: K | CC54: K | CD54: K | CF54: K | CG54: K | CH54: K | CI54: K | CJ54: K | CK54: K | CM54: K | CN54: K | CP54: K | CQ54: K | CR54: K | CT54: K | CV54: K | CW54: K | CX54: K | CY54: K | CZ54: K | DA54: K | DB54: K | DC54: K | DD54: K | DE54: K | DF54: K | DG54: K | DH54: K | DI54: K | DJ54: K | DK54: K | DL54: K | DM54: K | DN54: K | DO54: K | DP54: K
B55: =ROW()-ROW($B$36) -> 19 | C55: 150000023 | E55: Bình HD-03.1 Vàng chanh | H55: K | I55: K | J55: K | L55: K | M55: K | N55: K | O55: K | P55: K | Q55: K | S55: K | T55: K | U55: K | V55: K | W55: K | X55: K | Z55: K | AA55: K | AB55: K | AC55: K | AD55: K | AO55: K | AP55: K | AT55: K | AV55: K | AX55: K | AY55: K | AZ55: K | BA55: K | BC55: K | BG55: K | BH55: K | BJ55: K | BK55: K | BM55: K | BN55: K | BP55: K | BR55: K | BS55: K | BT55: K | BU55: K | BV55: K | BW55: K | BY55: K | BZ55: K | CA55: K | CB55: K | CC55: K | CD55: K | CF55: K | CG55: K | CH55: K | CI55: K | CJ55: K | CK55: K | CM55: K | CN55: K | CP55: K | CQ55: K | CR55: K | CT55: K | CV55: K | CW55: K | CX55: K | CY55: K | CZ55: K | DA55: K | DB55: K | DC55: K | DD55: K | DE55: K | DF55: K | DG55: K | DH55: K | DI55: K | DJ55: K | DK55: K | DL55: K | DM55: K | DN55: K | DO55: K | DP55: K
B56: =ROW()-ROW($B$36) -> 20 | C56: 150000025 | E56: Bình HD-04.1 Lá sáng | H56: K | I56: K | J56: K | L56: K | M56: K | N56: K | O56: K | P56: K | Q56: K | S56: K | T56: K | U56: K | V56: K | W56: K | X56: K | Z56: K | AA56: K | AB56: K | AC56: K | AD56: K | AO56: K | AP56: K | AT56: K | AV56: K | AX56: K | AY56: K | AZ56: K | BA56: K | BC56: K | BG56: K | BH56: K | BJ56: K | BK56: K | BM56: K | BN56: K | BP56: K | BR56: K | BS56: K | BT56: K | BU56: K | BV56: K | BW56: K | BY56: K | BZ56: K | CA56: K | CB56: K | CC56: K | CD56: K | CF56: K | CG56: K | CH56: K | CI56: K | CJ56: K | CK56: K | CM56: K | CN56: K | CP56: K | CQ56: K | CR56: K | CT56: K | CV56: K | CW56: K | CX56: K | CY56: K | CZ56: K | DA56: K | DB56: K | DC56: K | DD56: K | DE56: K | DF56: K | DG56: K | DH56: K | DI56: K | DJ56: K | DK56: K | DL56: K | DM56: K | DN56: K | DO56: K | DP56: K
B57: =ROW()-ROW($B$36) -> 21 | C57: 150000032 | E57: Bình HD-08_Cam | H57: K | I57: K | J57: K | L57: K | M57: K | N57: K | O57: K | P57: K | Q57: K | S57: K | T57: K | U57: K | V57: K | W57: K | X57: K | Z57: K | AA57: K | AB57: K | AC57: K | AD57: K | AO57: K | AP57: K | AT57: K | AV57: K | AX57: K | AY57: K | AZ57: K | BA57: K | BC57: K | BG57: K | BH57: K | BJ57: K | BK57: K | BM57: K | BN57: K | BP57: K | BR57: K | BS57: K | BT57: K | BU57: K | BV57: K | BW57: K | BY57: K | BZ57: K | CA57: K | CB57: K | CC57: K | CD57: K | CF57: K | CG57: K | CH57: K | CI57: K | CJ57: K | CK57: K | CM57: K | CN57: K | CP57: K | CQ57: K | CR57: K | CT57: K | CV57: K | CW57: K | CX57: K | CY57: K | CZ57: K | DA57: K | DB57: K | DC57: K | DD57: K | DE57: K | DF57: K | DG57: K | DH57: K | DI57: K | DJ57: K | DK57: K | DL57: K | DM57: K | DN57: K | DO57: K | DP57: K
B58: =ROW()-ROW($B$36) -> 22 | C58: 150000027 | E58: Bình HD-05_ Đỏ | H58: K | I58: K | J58: K | L58: K | M58: K | N58: K | O58: K | P58: K | Q58: K | S58: K | T58: K | U58: K | V58: K | W58: K | X58: K | Z58: K | AA58: K | AB58: K | AC58: K | AD58: K | AO58: K | AP58: K | AT58: K | AV58: K | AX58: K | AY58: K | AZ58: K | BA58: K | BC58: K | BG58: K | BH58: K | BJ58: K | BK58: K | BM58: K | BN58: K | BP58: K | BR58: K | BS58: K | BT58: K | BU58: K | BV58: K | BW58: K | BY58: K | BZ58: K | CA58: K | CB58: K | CC58: K | CD58: K | CF58: K | CG58: K | CH58: K | CI58: K | CJ58: K | CK58: K | CM58: K | CN58: K | CP58: K | CQ58: K | CR58: K | CT58: K | CV58: K | CW58: K | CX58: K | CY58: K | CZ58: K | DA58: K | DB58: K | DC58: K | DD58: K | DE58: K | DF58: K | DG58: K | DH58: K | DI58: K | DJ58: K | DK58: K | DL58: K | DM58: K | DN58: K | DO58: K | DP58: K
B59: =ROW()-ROW($B$36) -> 23 | C59: 150000034 | E59: Bình HD-10_Hồng | H59: K | I59: K | J59: K | L59: K | M59: K | N59: K | O59: K | P59: K | Q59: K | S59: K | T59: K | U59: K | V59: K | W59: K | X59: K | Z59: K | AA59: K | AB59: K | AC59: K | AD59: K | AO59: K | AP59: K | AT59: K | AV59: K | AX59: K | AY59: K | AZ59: K | BA59: K | BC59: K | BG59: K | BH59: K | BJ59: K | BK59: K | BM59: K | BN59: K | BP59: K | BR59: K | BS59: K | BT59: K | BU59: K | BV59: K | BW59: K | BY59: K | BZ59: K | CA59: K | CB59: K | CC59: K | CD59: K | CF59: K | CG59: K | CH59: K | CI59: K | CJ59: K | CK59: K | CM59: K | CN59: K | CP59: K | CQ59: K | CR59: K | CT59: K | CV59: K | CW59: K | CX59: K | CY59: K | CZ59: K | DA59: K | DB59: K | DC59: K | DD59: K | DE59: K | DF59: K | DG59: K | DH59: K | DI59: K | DJ59: K | DK59: K | DL59: K | DM59: K | DN59: K | DO59: K | DP59: K
B60: =ROW()-ROW($B$36) -> 24 | C60: 150000031 | E60: Bình HD-07.3_Xanh ngọc | H60: K | I60: K | J60: K | L60: K | M60: K | N60: K | O60: K | P60: K | Q60: K | S60: K | T60: K | U60: K | V60: K | W60: K | X60: K | Z60: K | AA60: K | AB60: K | AC60: K | AD60: K | AO60: K | AP60: K | AT60: K | AV60: K | AX60: K | AY60: K | AZ60: K | BA60: K | BC60: K | BG60: K | BH60: K | BJ60: K | BK60: K | BM60: K | BN60: K | BP60: K | BR60: K | BS60: K | BT60: K | BU60: K | BV60: K | BW60: K | BY60: K | BZ60: K | CA60: K | CB60: K | CC60: K | CD60: K | CF60: K | CG60: K | CH60: K | CI60: K | CJ60: K | CK60: K | CM60: K | CN60: K | CP60: K | CQ60: K | CR60: K | CT60: K | CV60: K | CW60: K | CX60: K | CY60: K | CZ60: K | DA60: K | DB60: K | DC60: K | DD60: K | DE60: K | DF60: K | DG60: K | DH60: K | DI60: K | DJ60: K | DK60: K | DL60: K | DM60: K | DN60: K | DO60: K | DP60: K
B61: 24 | C61: 150000115 | E61: Bình HD Thổi Trong HD-01.1 (Đại Lộc) | F61: 24000 | H61: K | I61: K | J61: K | L61: K | M61: K | N61: K | O61: K | P61: K | Q61: K | S61: K | T61: K | U61: K | V61: K | W61: K | X61: K | Z61: K | AA61: K | AB61: K | AC61: K | AD61: K | AL61: 24000 | AO61: K | AP61: K | AT61: K | AV61: K | AX61: K | AY61: K | AZ61: K | BA61: K | BC61: K | BG61: K | BH61: K | BJ61: 24000 | BK61: K | BL61: 24000 | BM61: K | BN61: K | BO61: 24000 | BP61: K | BR61: K | BS61: K | BT61: K | BU61: K | BV61: K | BW61: K | BY61: K | BZ61: K | CA61: K | CB61: K | CC61: K | CD61: K | CF61: K | CG61: K | CH61: K | CI61: K | CJ61: K | CK61: K | CM61: K | CN61: K | CO61: 24000 | CP61: K | CQ61: K | CR61: K | CT61: K | CU61: 24000 | CV61: K | CW61: K | CX61: K | CY61: K | CZ61: K | DA61: K | DB61: K | DC61: K | DD61: K | DE61: K | DF61: K | DG61: K | DH61: K | DI61: K | DJ61: K | DK61: K | DL61: K | DM61: K | DN61: K | DO61: K | DP61: K
B62: 24 | C62: 150000115 | E62: Bình HD Thổi Trong HD-01.1 | F62: 16000 | H62: K | I62: K | J62: K | K62: K | L62: K | M62: K | N62: K | O62: K | P62: K | Q62: K | R62: K | S62: K | T62: K | U62: K | V62: K | W62: K | X62: K | Y62: K | Z62: K | AA62: K | AB62: K | AC62: K | AD62: K | AL62: 16000 | AO62: K | AP62: K | AT62: K | AV62: K | AX62: K | AY62: K | AZ62: K | BA62: K | BC62: K | BG62: K | BH62: K | BJ62: 24000 | BM62: K | BN62: K | BP62: K | BR62: K | BV62: K | BY62: K | CD62: K | CF62: K | CG62: K | CH62: K | CI62: K | CJ62: K | CK62: K | CM62: K | CN62: K | CP62: K | CQ62: K | CT62: K | CZ62: K | DA62: K | DD62: K | DE62: K | DF62: K | DG62: K | DH62: K | DI62: K | DM62: K | DN62: K | DO62: K | DP62: K
B63: 8 | C63: 150000116 | D63: HD-01.2 | E63: Bình HD Thổi Trong HD-01.2 | F63: 18200 | H63: 17280 | I63: 17280 | J63: K | L63: 17280 | M63: 17280 | N63: 17280 | O63: 17280 | P63: 17280 | Q63: K | S63: K | T63: 17280 | U63: 17280 | V63: 17280 | W63: K | X63: K | Z63: K | AA63: 17223.184 | AB63: K | AC63: K | AD63: K | AL63: 18200 | AO63: K | AP63: K | AQ63: 16380 | AR63: 16380 | AS63: 16380 | AT63: K | AV63: K | AW63: 16380 | AX63: K | AY63: K | AZ63: K | BA63: K | BC63: K | BD63: 16380 | BE63: 16380 | BF63: 16380 | BG63: K | BH63: K | BJ63: 16380 | BK63: 16380 | BL63: 16380 | BM63: K | BN63: K | BO63: 18200 | BP63: K | BR63: 16650 | BS63: 16650 | BT63: 16650 | BU63: 16650 | BV63: K | BW63: 16650 | BY63: K | BZ63: 16650 | CA63: 16650 | CB63: 16650 | CC63: 16650 | CD63: K | CF63: K | CG63: K | CH63: K | CI63: K | CJ63: K | CK63: K | CM63: K | CN63: K | CO63: K | CP63: K | CQ63: K | CR63: 16650 | CT63: K | CU63: 18200 | CV63: 16650 | CW63: 16650 | CX63: 16650 | CY63: 16650 | CZ63: K | DA63: K | DB63: 16650 | DC63: 16650 | DD63: K | DE63: K | DF63: K | DG63: K | DH63: K | DI63: K | DJ63: 16650 | DK63: 16650 | DL63: 16650 | DM63: K | DN63: K | DO63: K | DP63: K
B64: 9 | C64: 150000119 | D64: HD-03.1 | E64: Bình HD Thổi Vàng Nhạt HD-03.1 | F64: 16200 | H64: K | I64: K | J64: K | L64: K | M64: K | N64: K | O64: K | P64: 16200 | Q64: K | S64: K | T64: K | U64: K | V64: K | W64: K | X64: K | Z64: K | AA64: 16200 | AB64: K | AC64: K | AD64: K | AL64: 16200 | AO64: K | AP64: K | AQ64: K | AR64: K | AS64: K | AT64: K | AV64: K | AW64: 16200 | AX64: 16200 | AY64: 16200 | AZ64: K | BA64: K | BC64: K | BD64: K | BE64: K | BF64: K | BG64: K | BH64: K | BJ64: K | BK64: K | BL64: 16200 | BM64: K | BN64: K | BO64: 16200 | BP64: K | BR64: K | BS64: 16200 | BT64: K | BU64: K | BV64: K | BW64: K | BY64: K | BZ64: K | CA64: K | CB64: K | CC64: K | CD64: K | CF64: K | CG64: 16200 | CH64: 16200 | CI64: K | CJ64: K | CK64: K | CM64: K | CN64: K | CO64: K | CP64: K | CQ64: K | CR64: 16200 | CT64: K | CU64: 16200 | CV64: K | CW64: K | CX64: K | CY64: K | CZ64: K | DA64: K | DB64: K | DC64: 16650 | DD64: K | DE64: K | DF64: K | DG64: K | DH64: K | DI64: K | DJ64: K | DK64: K | DL64: K | DM64: K | DN64: K | DO64: K | DP64: K
B65: 10 | C65: 150000072 | E65: Nắp HD Ép Các Màu HDE-06 (mua từ trạm - Mô hình gia công) | F65: 14300 | H65: 13000 | I65: K | J65: K | L65: K | M65: 14300 | N65: 14300 | O65: K | P65: K | Q65: 14300 | S65: K | T65: K | U65: K | V65: K | W65: K | X65: K | Z65: K | AA65: K | AB65: K | AC65: K | AD65: K | AL65: 1500 | AO65: K | AP65: K | AQ65: K | AR65: 1500 | AS65: K | AT65: K | AV65: K | AW65: 1500 | AX65: K | AY65: K | AZ65: K | BA65: K | BC65: K | BD65: K | BE65: K | BF65: K | BG65: K | BH65: K | BJ65: K | BK65: 1500 | BL65: K | BM65: K | BN65: K | BO65: =(1500+10000)/2 -> 5750 | BP65: K | BR65: K | BS65: K | BT65: K | BU65: K | BV65: 1500 | BW65: K | BY65: K | BZ65: K | CA65: 1500 | CB65: K | CC65: K | CD65: K | CF65: K | CG65: K | CH65: K | CI65: K | CJ65: 10000 | CK65: K | CM65: 10000 | CN65: 10000 | CO65: K | CP65: K | CQ65: K | CR65: 8397.9441 | CT65: K | CU65: 10000 | CV65: K | CW65: K | CX65: 10000 | CY65: K | CZ65: 10000 | DA65: K | DB65: K | DC65: 10000 | DD65: 10000 | DE65: K | DF65: K | DG65: K | DH65: K | DI65: K | DJ65: K | DK65: K | DL65: K | DM65: K | DN65: 10000 | DO65: K | DP65: K
B66: =ROW()-ROW($B$36) -> 30 | C66: 150000074 | E66: Vảy HD ép dương loại 1 | F66: 17500 | H66: K | I66: K | J66: K | L66: K | M66: K | N66: K | O66: K | P66: K | Q66: K | S66: K | T66: K | U66: K | V66: K | W66: K | X66: K | Z66: K | AA66: K | AB66: K | AC66: K | AD66: K | AO66: K | AP66: K | AQ66: K | AS66: K | AT66: K | AV66: K | AX66: K | AY66: K | AZ66: K | BA66: K | BC66: K | BD66: K | BE66: K | BF66: K | BG66: K | BH66: K | BJ66: K | BL66: K | BM66: K | BN66: K | BO66: 17500 | BP66: K | BR66: K | BS66: K | BT66: K | BU66: K | BY66: K | BZ66: K | CB66: K | CC66: K | CD66: K | CF66: K | CH66: K | CI66: K | CK66: K | CO66: K | CP66: K | CQ66: K | CT66: K | CU66: 17500 | CV66: K | CW66: K | CY66: K | DA66: K | DB66: K | DE66: K | DF66: K | DG66: K | DH66: K | DI66: K | DJ66: K | DK66: K | DM66: K | DO66: K | DP66: K
B67: =ROW()-ROW($B$36) -> 31 | C67: 150000075 | E67: Vảy HD ép dương loại 2 | H67: K | I67: K | J67: K | L67: K | M67: K | N67: K | O67: K | P67: K | Q67: K | S67: K | T67: K | U67: K | V67: K | W67: K | X67: K | Z67: K | AA67: K | AB67: K | AC67: K | AD67: K | AO67: K | AP67: K | AQ67: K | AS67: K | AT67: K | AV67: K | AX67: K | AY67: K | AZ67: K | BA67: K | BC67: K | BD67: K | BE67: K | BF67: K | BG67: K | BH67: K | BJ67: K | BL67: K | BM67: K | BN67: K | BP67: K | BR67: K | BS67: K | BT67: K | BU67: K | BY67: K | BZ67: K | CB67: K | CC67: K | CD67: K | CF67: K | CH67: K | CI67: K | CK67: K | CO67: K | CP67: K | CQ67: K | CT67: K | CV67: K | CW67: K | CY67: K | DA67: K | DB67: K | DE67: K | DF67: K | DG67: K | DH67: K | DI67: K | DJ67: K | DK67: K | DM67: K | DO67: K | DP67: K
B68: 11 | C68: 150000180 | E68: Vảy HD Ép Dương Đậm Tiger | F68: 19000 | H68: K | I68: K | J68: K | L68: 19000 | M68: K | N68: K | O68: K | P68: K | Q68: K | S68: K | T68: K | U68: K | V68: K | W68: K | X68: K | Z68: K | AA68: K | AB68: K | AC68: K | AD68: K | AL68: 19000 | AO68: K | AP68: K | AQ68: K | AR68: K | AS68: K | AT68: K | AV68: K | AW68: K | AX68: K | AY68: K | AZ68: K | BA68: K | BC68: K | BD68: K | BE68: K | BF68: K | BG68: K | BH68: K | BJ68: K | BK68: K | BL68: K | BM68: K | BN68: K | BO68: 19000 | BP68: K | BR68: K | BS68: K | BT68: K | BU68: K | BV68: K | BW68: 19000 | BY68: K | BZ68: K | CA68: K | CB68: K | CC68: K | CD68: K | CF68: K | CG68: 19000 | CH68: K | CI68: K | CJ68: K | CK68: K | CM68: K | CN68: K | CO68: K | CP68: K | CQ68: K | CR68: K | CT68: K | CU68: 19000 | CV68: K | CW68: K | CX68: K | CY68: K | CZ68: K | DA68: K | DB68: K | DC68: K | DD68: K | DE68: K | DF68: K | DG68: K | DH68: K | DI68: K | DJ68: K | DK68: K | DL68: 19000 | DM68: K | DN68: K | DO68: K | DP68: K
B69: =ROW()-ROW($B$36) -> 33 | C69: 150000181 | E69: Vảy HD Ép Dương Két Kiên Giang | H69: K | I69: K | J69: K | L69: K | M69: K | N69: K | O69: K | P69: K | Q69: K | S69: K | T69: K | U69: K | V69: K | W69: K | X69: K | Z69: K | AA69: K | AB69: K | AC69: K | AD69: K | AO69: K | AP69: K | AQ69: K | AR69: K | AS69: K | AT69: K | AV69: K | AW69: K | AZ69: K | BA69: K | BC69: K | BD69: K | BE69: K | BF69: K | BH69: K | BJ69: K | BK69: K | BL69: K | BM69: K | BN69: K | BP69: K | BR69: K | BS69: K | BT69: K | BU69: K | BV69: K | BY69: K | BZ69: K | CB69: K | CC69: K | CD69: K | CF69: K | CH69: K | CI69: K | CJ69: K | CK69: K | CM69: K | CN69: K | CO69: K | CP69: K | CQ69: K | CR69: K | CT69: K | CV69: K | CW69: K | CX69: K | CY69: K | CZ69: K | DA69: K | DB69: K | DC69: K | DD69: K | DE69: K | DF69: K | DG69: K | DH69: K | DI69: K | DJ69: K | DM69: K | DN69: K | DO69: K | DP69: K
B70: 12 | C70: 150000086 | E70: Vảy HD Ép Dương Nhạt Pallet | F70: 17500 | H70: K | I70: K | J70: K | L70: K | M70: K | N70: K | O70: K | P70: K | Q70: K | S70: K | T70: K | U70: K | V70: K | W70: K | X70: K | Z70: K | AA70: K | AB70: K | AC70: K | AD70: K | AL70: 20000 | AO70: K | AP70: K | AQ70: K | AR70: K | AS70: K | AT70: K | AV70: K | AW70: K | AX70: 20000 | AY70: 20000 | AZ70: K | BA70: K | BC70: K | BD70: K | BE70: K | BF70: K | BG70: 20000 | BH70: K | BJ70: K | BK70: K | BL70: K | BM70: K | BN70: K | BO70: 20000 | BP70: K | BR70: K | BS70: K | BT70: K | BU70: K | BV70: K | BW70: K | BY70: K | BZ70: K | CA70: 20000 | CB70: K | CC70: K | CD70: K | CF70: K | CG70: 20000 | CH70: K | CI70: K | CJ70: K | CK70: K | CM70: K | CN70: K | CO70: K | CP70: K | CQ70: K | CR70: K | CT70: K | CU70: 20000 | CV70: K | CW70: K | CX70: K | CY70: K | CZ70: K | DA70: K | DB70: K | DC70: K | DD70: K | DE70: K | DF70: K | DG70: K | DH70: K | DI70: K | DJ70: K | DK70: 20000 | DL70: 20000 | DM70: K | DN70: K | DO70: K | DP70: K
B71: 32 | C71: 150000087 | E71: Vảy HD Ép Dương Nhạt két Pepsi | F71: 17500 | H71: K | I71: K | J71: K | L71: K | M71: K | N71: K | O71: K | P71: K | Q71: K | S71: K | T71: K | U71: K | V71: K | W71: K | X71: K | Z71: K | AA71: K | AB71: K | AC71: K | AD71: K | AL71: 17500 | AO71: K | AP71: K | AQ71: K | AR71: K | AS71: K | AT71: K | AV71: K | AW71: K | AZ71: K | BA71: K | BC71: K | BD71: K | BE71: K | BF71: K | BH71: K | BJ71: K | BM71: K | BN71: K | BO71: 17500 | BP71: K | BR71: K | BS71: K | BT71: K | BU71: K | BV71: K | BW71: K | BY71: K | BZ71: K | CB71: K | CC71: K | CD71: K | CF71: K | CH71: K | CI71: K | CJ71: K | CK71: K | CM71: K | CN71: K | CO71: K | CP71: K | CQ71: K | CR71: K | CT71: K | CU71: 17500 | CV71: K | CW71: K | CX71: K | CY71: K | CZ71: K | DA71: K | DB71: K | DC71: K | DD71: K | DE71: K | DF71: K | DG71: K | DH71: K | DI71: K | DJ71: K | DK71: K | DL71: K | DM71: K | DN71: K | DO71: K | DP71: K
B72: 33 | C72: 150000066 | E72: HD ép thô thử nghiệm dương | F72: 16000 | H72: K | I72: K | J72: K | L72: K | M72: K | N72: K | O72: K | P72: K | Q72: K | S72: K | T72: K | U72: K | V72: K | W72: K | X72: K | Z72: K | AA72: K | AB72: K | AC72: K | AD72: K | AL72: 16000 | AO72: K | AP72: K | AQ72: K | AR72: K | AS72: K | AT72: K | AV72: K | AW72: K | AZ72: K | BA72: K | BC72: K | BD72: K | BE72: K | BF72: K | BH72: K | BJ72: K | BM72: K | BN72: K | BO72: 16000 | BP72: K | BR72: K | BS72: K | BT72: K | BU72: K | BV72: K | BW72: K | BY72: K | BZ72: K | CB72: K | CC72: K | CD72: K | CF72: K | CH72: K | CI72: K | CJ72: K | CK72: K | CM72: K | CN72: K | CO72: K | CP72: K | CQ72: K | CR72: K | CT72: K | CU72: 16000 | CV72: K | CW72: K | CX72: K | CY72: K | CZ72: K | DA72: K | DB72: K | DC72: K | DD72: K | DE72: K | DF72: K | DG72: K | DH72: K | DI72: K | DJ72: K | DK72: K | DL72: K | DM72: K | DN72: K | DO72: K | DP72: K
B73: 34 | C73: 150000172 | E73: Hỗn hợp B6.2 Vảy-Nắp | F73: 18250 | H73: K | I73: K | J73: K | L73: K | M73: K | N73: K | O73: K | P73: K | Q73: K | S73: K | T73: K | U73: K | V73: K | W73: K | X73: K | Z73: K | AA73: K | AB73: K | AC73: K | AD73: K | AL73: 18250 | AO73: K | AP73: K | AQ73: K | AR73: K | AS73: K | AT73: K | AV73: K | AW73: K | AZ73: K | BA73: K | BC73: K | BD73: K | BE73: K | BF73: K | BH73: K | BJ73: K | BM73: K | BN73: K | BO73: 18250 | BP73: K | BR73: K | BS73: K | BT73: K | BU73: K | BV73: K | BW73: K | BY73: K | BZ73: K | CB73: K | CC73: K | CD73: K | CF73: K | CH73: K | CI73: K | CJ73: K | CK73: K | CM73: K | CN73: K | CO73: K | CP73: K | CQ73: 18250 | CR73: K | CT73: K | CU73: 18250 | CV73: K | CW73: K | CX73: K | CY73: K | CZ73: K | DA73: K | DB73: K | DC73: K | DD73: K | DE73: K | DF73: K | DG73: K | DH73: K | DI73: K | DJ73: K | DK73: K | DL73: K | DM73: K | DN73: K | DO73: K | DP73: K
B74: 35 | C74: 150000183 | E74: Bình HD Thổi Trong HD-PS L1 E | F74: 20000 | H74: K | I74: K | J74: K | L74: K | M74: K | N74: K | O74: K | P74: K | Q74: K | S74: K | T74: K | U74: K | V74: K | W74: K | X74: K | Z74: K | AA74: K | AB74: K | AC74: K | AD74: K | AL74: 20000 | AO74: K | AP74: K | AQ74: K | AR74: K | AS74: K | AT74: K | AV74: K | AW74: K | AZ74: K | BA74: K | BC74: K | BD74: K | BE74: K | BF74: K | BH74: K | BJ74: K | BM74: K | BN74: K | BO74: 20000 | BP74: K | BR74: K | BS74: K | BT74: K | BU74: K | BV74: K | BW74: K | BY74: K | BZ74: K | CB74: K | CC74: K | CD74: K | CF74: K | CH74: K | CI74: K | CJ74: K | CK74: K | CM74: K | CN74: K | CO74: K | CP74: K | CQ74: K | CR74: K | CT74: K | CU74: 20000 | CV74: K | CW74: K | CX74: K | CY74: K | CZ74: K | DA74: K | DB74: K | DC74: K | DD74: K | DE74: K | DF74: K | DG74: K | DH74: K | DI74: K | DJ74: K | DK74: K | DL74: K | DM74: K | DN74: K | DO74: K | DP74: K
B75: 13 | C75: 150000184 | E75: Bình HD Thổi Trong HD-PS L2 E | F75: 20000 | H75: K | I75: K | J75: K | L75: K | M75: K | N75: K | O75: K | P75: K | Q75: K | S75: K | T75: K | U75: K | V75: K | W75: K | X75: K | Z75: K | AA75: K | AB75: K | AC75: K | AD75: 20000 | AL75: 20000 | AO75: K | AP75: K | AQ75: K | AR75: K | AS75: K | AT75: K | AV75: K | AW75: K | AX75: K | AY75: K | AZ75: K | BA75: K | BC75: K | BD75: K | BE75: K | BF75: K | BG75: K | BH75: K | BJ75: K | BK75: 20000 | BL75: 20000 | BM75: K | BN75: K | BO75: 20000 | BP75: K | BR75: K | BS75: K | BT75: K | BU75: K | BV75: K | BW75: K | BY75: K | BZ75: K | CA75: K | CB75: K | CC75: K | CD75: K | CF75: K | CG75: K | CH75: K | CI75: K | CJ75: K | CK75: K | CM75: K | CN75: K | CO75: K | CP75: K | CQ75: K | CR75: K | CT75: K | CU75: 20000 | CV75: K | CW75: K | CX75: K | CY75: K | CZ75: K | DA75: K | DB75: K | DC75: K | DD75: K | DE75: K | DF75: K | DG75: K | DH75: K | DI75: K | DJ75: K | DK75: K | DL75: K | DM75: K | DN75: K | DO75: K | DP75: K
A76: II. Vảy HDPE | B76: IV. Bình 5G
B77: 1 | C77: 150000010 | D77: B7.1 | E77: Bình 5G Lavie | F77: 6742.4242 | H77: =4450/0.66 -> 6742.4242 | I77: =4450/0.66 -> 6742.4242 | J77: =4450/0.66 -> 6742.4242 | L77: =4450/0.66 -> 6742.4242 | M77: =4450/0.66 -> 6742.4242 | N77: =4450/0.66 -> 6742.4242 | O77: =4450/0.66 -> 6742.4242 | P77: =4450/0.66 -> 6742.4242 | Q77: =4450/0.66 -> 6742.4242 | S77: =4450/0.66 -> 6742.4242 | T77: =4450/0.66 -> 6742.4242 | U77: 6742.4242 | V77: 6742.4242 | W77: 6742.4242 | X77: 6742.4242 | Z77: 6742.4242 | AA77: 6742.4242 | AB77: 6742.4242 | AC77: 6742.4242 | AD77: K | AL77: 6742.4242 | AO77: 6742.4242 | AP77: 6742.4242 | AQ77: 6742.4242 | AR77: 6742.4242 | AS77: 6742.4242 | AT77: 6742.4242 | AV77: 6742.4242 | AW77: 6742.4242 | AX77: 6742.4242 | AY77: 6742.4242 | AZ77: 6742.4242 | BA77: 6742.4242 | BC77: K | BD77: 6742.4242 | BE77: 6742.4242 | BF77: 6742.4242 | BG77: 6742.4242 | BH77: 6742.4242 | BJ77: K | BK77: 6742.4242 | BL77: 6742.4242 | BM77: 6742.4242 | BN77: 6742.4242 | BO77: 6742.4242 | BP77: 6742.4242 | BR77: 6742.4242 | BS77: 6742.4242 | BT77: 6742.4242 | BU77: 6742.4242 | BV77: 6742.4242 | BW77: 6742.4242 | BY77: K | BZ77: 6742.4242 | CA77: 6742.4242 | CB77: K | CC77: K | CD77: 6742.4242 | CF77: K | CG77: 6742.4242 | CH77: K | CI77: 6742.4242 | CJ77: 6742.4242 | CK77: 6742.4242 | CM77: K | CN77: 6742.4242 | CO77: 6742.4242 | CP77: 6742.4242 | CQ77: K | CR77: 6742.4242 | CT77: K | CU77: 6742.4242 | CV77: K | CW77: 6742.4242 | CX77: 6742.4242 | CY77: 6742.4242 | CZ77: 6742.4242 | DA77: K | DB77: K | DC77: K | DD77: 6742.4242 | DE77: 6742.4242 | DF77: 6742.4242 | DG77: 6742.4242 | DH77: K | DI77: K | DJ77: 6742.4242 | DK77: 6742.4242 | DL77: 6742.4242 | DM77: K | DN77: 6742.4242 | DO77: K | DP77: K
B78: V. PP
A79: =A78+1 -> 1 | B79: =ROW()-ROW($B$78) -> 1 | C79: 150000057 | E79: PP thô thử nghiệm màu đỏ | H79: K | I79: K | J79: K | K79: K | L79: K | M79: K | N79: K | O79: K | P79: K | Q79: K | R79: K | S79: K | T79: K | U79: K | V79: K | W79: K | X79: K | Y79: K | Z79: K | AF79: K | AN79: K
B80: =ROW()-ROW($B$78) -> 2 | C80: 150000059 | E80: PP thô thử nghiệm màu dương | H80: K | I80: K | J80: K | K80: K | L80: K | M80: K | N80: K | O80: K | P80: K | Q80: K | R80: K | S80: K | T80: K | U80: K | V80: K | W80: K | X80: K | Y80: K | Z80: K | AF80: K | AN80: K
B81: =ROW()-ROW($B$78) -> 3 | C81: 150000058 | E81: PP thô thử nghiệm màu cam | H81: K | I81: K | J81: K | K81: K | L81: K | M81: K | N81: K | O81: K | P81: K | Q81: K | R81: K | S81: K | T81: K | U81: K | V81: K | W81: K | X81: K | Y81: K | Z81: K | AF81: K | AN81: K
B82: =ROW()-ROW($B$78) -> 4 | C82: 150000060 | E82: PP thô thử nghiệm màu vàng | H82: K | I82: K | J82: K | K82: K | L82: K | M82: K | N82: K | O82: K | P82: K | Q82: K | R82: K | S82: K | T82: K | U82: K | V82: K | W82: K | X82: K | Y82: K | Z82: K | AF82: K | AN82: K
B83: =ROW()-ROW($B$78) -> 5 | C83: 150000062 | E83: PP thô thử nghiệm màu lá | H83: K | I83: K | J83: K | K83: K | L83: K | M83: K | N83: K | O83: K | P83: K | Q83: K | R83: K | S83: K | T83: K | U83: K | V83: K | W83: K | X83: K | Y83: K | Z83: K | AF83: K | AN83: K
B84: =ROW()-ROW($B$78) -> 6 | C84: 150000064 | E84: Thô PP Trắng sữa PP-02 | H84: K | I84: K | J84: K | K84: K | L84: K | M84: K | N84: K | O84: K | P84: K | Q84: K | R84: K | S84: K | T84: K | U84: K | V84: K | W84: K | X84: K | Y84: K | Z84: K | AF84: K | AN84: K
B85: =ROW()-ROW($B$78) -> 7 | C85: 150000073 | E85: PP thô thử nghiệm màu hồng | H85: K | I85: K | J85: K | K85: K | L85: K | M85: K | N85: K | O85: K | P85: K | Q85: K | R85: K | S85: K | T85: K | U85: K | V85: K | W85: K | X85: K | Y85: K | Z85: K | AF85: K | AN85: K
B86: =ROW()-ROW($B$78) -> 8 | C86: 150000065 | E86: PP thô thử nghiệm màu trong | H86: K | I86: K | J86: K | K86: K | L86: K | M86: K | N86: K | O86: K | P86: K | Q86: K | R86: K | S86: K | T86: K | U86: K | V86: K | W86: K | X86: K | Y86: K | Z86: K | AF86: K | AN86: K
B87: 1 | C87: 150000054 | D87: PV-10 | E87: Vảy PP Đỏ Nhạt PV-10 | F87: 16000 | H87: K | I87: K | J87: K | L87: K | M87: K | N87: K | O87: K | P87: K | Q87: K | S87: K | T87: K | U87: K | V87: K | W87: K | X87: K | Z87: K | AA87: K | AB87: K | AC87: K | AD87: K | BO87: 16000 | CU87: 16000
B88: 2 | C88: 150000056 | D88: PV-07 | E88: Vảy PP Dương Nhạt PV-07 | F88: 15500 | H88: K | I88: K | J88: K | L88: K | M88: K | N88: K | O88: K | P88: K | Q88: K | S88: K | T88: K | U88: K | V88: K | W88: K | X88: K | Z88: K | AA88: K | AB88: K | AC88: K | AD88: K | BO88: 15500 | CU88: 15500
B89: 1 | C89: 150000076 | D89: PV-02 | E89: Vảy PP Trắng sữa PV-02 | F89: 19000 | H89: K | I89: K | J89: K | L89: K | M89: K | N89: K | O89: K | P89: K | Q89: K | S89: K | T89: K | U89: K | V89: K | W89: K | X89: K | Z89: K | AA89: K | AB89: K | AC89: K | AD89: K | AL89: 19000 | AO89: K | AP89: K | AQ89: K | AR89: K | AS89: K | AT89: K | AV89: K | AW89: K | AX89: K | AY89: K | AZ89: K | BA89: K | BC89: K | BD89: K | BE89: K | BF89: K | BG89: K | BH89: K | BJ89: K | BK89: K | BL89: K | BM89: K | BN89: K | BO89: 19000 | BP89: K | BR89: K | BS89: K | BT89: K | BU89: K | BV89: K | BW89: K | BY89: K | BZ89: K | CA89: K | CB89: K | CC89: K | CD89: K | CF89: K | CG89: K | CH89: K | CI89: K | CJ89: K | CK89: K | CM89: K | CN89: K | CO89: K | CP89: K | CQ89: K | CR89: K | CT89: K | CU89: 19000 | CV89: K | CW89: K | CX89: K | CY89: K | CZ89: K | DA89: K | DB89: K | DC89: K | DD89: K | DE89: K | DF89: K | DG89: K | DH89: K | DI89: K | DJ89: K | DK89: K | DL89: K | DM89: K | DN89: K | DO89: K | DP89: K
B90: 2 | C90: 150000186 | D90: PV-02_TM | E90: Vảy PP Trắng Sữa PV-02_TM | F90: 18500 | H90: K | I90: K | J90: K | L90: K | M90: K | N90: K | O90: K | P90: K | Q90: K | S90: K | T90: K | U90: K | V90: K | W90: K | X90: K | Z90: K | AA90: K | AB90: K | AC90: K | AD90: K | AL90: 19000 | AO90: K | AP90: K | AQ90: K | AR90: K | AS90: K | AT90: K | AV90: K | AW90: K | AX90: K | AY90: K | AZ90: K | BA90: K | BC90: K | BD90: K | BE90: K | BF90: K | BG90: K | BH90: K | BJ90: K | BK90: K | BL90: K | BM90: 18500 | BN90: 18500 | BO90: 19000 | BP90: K | BR90: K | BS90: K | BT90: K | BU90: 19000 | BV90: K | BW90: 19000 | BY90: K | BZ90: 19000 | CA90: 19000 | CB90: 19000 | CC90: K | CD90: K | CF90: K | CG90: K | CH90: K | CI90: K | CJ90: K | CK90: K | CM90: K | CN90: K | CO90: 19000 | CP90: 19000 | CQ90: 19000 | CR90: 19000 | CT90: K | CU90: 19000 | CV90: K | CW90: 19000 | CX90: K | CY90: K | CZ90: K | DA90: K | DB90: K | DC90: K | DD90: 19000 | DE90: K | DF90: 19000 | DG90: 19000 | DH90: K | DI90: K | DJ90: 19000 | DK90: K | DL90: K | DM90: K | DN90: K | DO90: K | DP90: K
B91: =ROW()-ROW($B$78) -> 13 | C91: 150000107 | D91: PV-05 | E91: Vảy PP Lá Nhạt PV-05 | H91: K | I91: K | J91: K | L91: K | M91: K | N91: K | O91: K | P91: K | Q91: K | S91: K | T91: K | U91: K | V91: K | W91: K | X91: K | Z91: K | AA91: K | AB91: K | AC91: K | AD91: K | AS91: K
B92: =ROW()-ROW($B$78) -> 14 | C92: 150000108 | D92: PV-03 | E92: Vảy PP Vàng Nhạt PV-03 | H92: K | I92: K | J92: K | L92: K | M92: K | N92: K | O92: K | P92: K | Q92: K | S92: K | T92: K | U92: K | V92: K | W92: K | X92: K | Z92: K | AA92: K | AB92: K | AC92: K | AD92: K | AS92: K
B93: =ROW()-ROW($B$78) -> 15 | C93: 150000111 | D93: PV-08 | E93: Vảy PP Dương Đậm PV-08 | H93: K | I93: K | J93: K | L93: K | M93: K | N93: K | O93: K | P93: K | Q93: K | S93: K | T93: K | U93: K | V93: K | W93: K | X93: K | Z93: K | AA93: K | AB93: K | AC93: K | AD93: K | AS93: K
B94: =ROW()-ROW($B$78) -> 16 | C94: 150000110 | D94: PV-09 | E94: Vảy PP Môn PV-09 | H94: K | I94: K | J94: K | L94: K | M94: K | N94: K | O94: K | P94: K | Q94: K | S94: K | T94: K | U94: K | V94: K | W94: K | X94: K | Z94: K | AA94: K | AB94: K | AC94: K | AD94: K | AS94: K
B95: 5 | C95: 150000063 | D95: PV-01 | E95: Vảy PP Trong PV-01 | F95: 20000 | H95: K | I95: K | J95: K | L95: K | M95: K | N95: K | O95: K | P95: K | Q95: K | S95: K | T95: K | U95: K | V95: K | W95: K | X95: K | Z95: K | AA95: K | AB95: K | AC95: K | AD95: K | AS95: K | BO95: 20000 | CU95: 20000

Sheet Giá mua-ngày
A1: MA TRẬN GIÁ MUA NGUYÊN LIỆU THEO NGÀY CỦA NĂM 2024 & 2025 (THÔNG DỤNG)
D3: VNĐ/KG | E3: 44835 | G3: 44837 | I3: 44838 | K3: 44839 | M3: 44840 | O3: 44841 | Q3: 44842 | S3: 44844 | U3: 44845 | W3: 44846 | Y3: 44847 | AA3: 44848 | AC3: 44849 | AE3: 44851 | AG3: 44852 | AI3: 44853 | AK3: 44854 | AM3: 44855 | AO3: 44856 | AQ3: 44858 | AS3: 44859 | AU3: 44860 | AW3: 44861 | AY3: 44862 | BA3: 44863 | BC3: 44865 | BE3: 44866 | BG3: 44867 | BI3: 44868 | BK3: 44869 | BM3: 44870 | BO3: 44872 | BQ3: 44873 | BS3: 44874 | BU3: 44875 | BW3: 44876 | BY3: 44877 | CA3: 44879 | CC3: 44880 | CE3: 44881 | CG3: 44882 | CI3: 44883 | CK3: 44884 | CM3: 44886 | CO3: 44887 | CQ3: 44888 | CS3: 44889 | CU3: 44890 | CW3: 44891 | CY3: 44893 | DA3: 44894 | DC3: 44895 | DE3: 44896 | DH3: 44897 | DK3: 44898 | DN3: 44900 | DQ3: 44901 | DT3: 44902 | DW3: 44903 | DZ3: 44904 | EC3: 44905 | EF3: 44907 | EI3: 44908 | EL3: 44909 | EO3: 44910 | ER3: 44911 | EU3: 44912 | EX3: 44914 | FA3: 44915 | FD3: 44916 | FG3: 44917 | FJ3: 44918 | FM3: 44919 | FP3: 44921 | FS3: 44922 | FV3: 44923 | FY3: 44924 | GB3: 44925 | GE3: 44926 | GH3: 44929 | GJ3: 44930 | GL3: 44931 | GN3: 44932 | GP3: 44933 | GR3: 44935 | GT3: 44936 | GV3: 44937 | GX3: 44938 | GZ3: 44939 | HB3: 44940 | HD3: 44941 | HF3: 44942 | HH3: 44943 | HJ3: 44944 | HL3: 44945 | HN3: 44956 | HP3: 44957 | HR3: 44958 | HT3: 44959 | HV3: 44960 | HX3: 44961 | HZ3: 44963 | IB3: 44964 | ID3: 44965 | IF3: 44966 | IH3: 44967 | IJ3: 44968 | IL3: 44970 | IN3: 44971 | IP3: 44972 | IR3: 44973 | IT3: 44974 | IV3: 44975 | IX3: 44977 | IZ3: 44978 | JB3: 44979 | JD3: 44980 | JF3: 44981 | JH3: 44982 | JJ3: 44984 | JL3: 44985 | JN3: 44986 | JP3: 44987 | JR3: 44988 | JT3: 44989 | JV3: 44991 | JX3: 44992 | JZ3: 44993 | KB3: 44994 | KD3: 44995 | KF3: 44996 | KH3: 44998 | KJ3: 44999 | KL3: 45000 | KN3: 45001 | KP3: 45002 | KR3: 45003 | KT3: 45005 | KV3: 45006 | KX3: 45007 | KZ3: 45008 | LB3: 45009 | LD3: 45010 | LF3: 45012 | LH3: 45013 | LJ3: 45014 | LL3: 45015 | LN3: 45016 | LP3: 45017 | LR3: 45019 | LT3: 45020 | LV3: 45021 | LX3: 45022 | LZ3: 45023 | MB3: 45024 | MD3: 45026 | MF3: 45027 | MH3: 45028 | MJ3: 45029 | ML3: 45030 | MN3: 45031 | MP3: 45033 | MR3: 45034 | MT3: 45035 | MV3: 45036 | MX3: 45037 | MZ3: 45038 | NB3: 45040 | ND3: 45041 | NF3: 45042 | NH3: 45043 | NJ3: 45044 | NL3: 45049 | NN3: 45050 | NP3: 45051 | NR3: 45052 | NT3: 45054 | NV3: 45055 | NX3: 45056 | NZ3: 45057 | OB3: 45058 | OD3: 45059 | OF3: 45061 | OH3: 45062 | OJ3: 45063 | OL3: 45064 | ON3: 45065 | OP3: 45066 | OR3: 45068 | OT3: 45069 | OV3: 45070 | OX3: 45071 | OZ3: 45072 | PB3: 45073 | PD3: 45075 | PF3: 45076 | PH3: 45077 | PJ3: 45078 | PL3: 45079 | PN3: 45080 | PP3: 45082 | PR3: 45083 | PT3: 45084 | PV3: 45085 | PX3: 45086 | PZ3: 45087 | QB3: 45089 | QD3: 45090 | QF3: 45091 | QH3: 45092 | QJ3: 45093 | QL3: 45094 | QN3: 45096 | QP3: 45097 | QR3: 45098 | QT3: 45099 | QV3: 45100 | QX3: 45101 | QZ3: 45103 | RB3: 45104 | RD3: 45105 | RF3: 45106 | RH3: 45107 | RJ3: 45108 | RL3: 45110 | RN3: 45111 | RP3: 45112 | RR3: 45113 | RT3: 45114 | RV3: 45115 | RX3: 45117 | RZ3: 45118 | SB3: 45119 | SD3: 45120 | SF3: 45121 | SH3: 45122 | SJ3: 45124 | SL3: 45125 | SN3: 45126 | SP3: 45127 | SR3: 45128 | ST3: 45129 | SV3: 45131 | SX3: 45132 | SZ3: 45133 | TB3: 45134 | TD3: 45135 | TF3: 45136 | TH3: 45138 | TJ3: 45139 | TL3: 45140 | TN3: 45141 | TP3: 45142 | TR3: 45143 | TT3: 45145 | TV3: 45146 | TX3: 45147 | TZ3: 45148 | UB3: 45149 | UD3: 45150 | UF3: 45152 | UH3: 45153 | UJ3: 45154 | UL3: 45155 | UN3: 45156 | UP3: 45157 | UR3: 45159 | UT3: 45160 | UV3: 45161 | UX3: 45162 | UZ3: 45163 | VB3: 45164 | VD3: 45166 | VF3: 45167 | VH3: 45168 | VJ3: 45169 | VL3: 45173 | VN3: 45174 | VP3: 45175 | VR3: 45176 | VT3: 45177 | VV3: 45178 | VX3: 45180 | VZ3: 45181 | WB3: 45182 | WD3: 45183 | WF3: 45184 | WH3: 45185 | WJ3: 45187 | WL3: 45188 | WN3: 45189 | WP3: 45190 | WR3: 45191 | WT3: 45192 | WV3: 45194 | WX3: 45195 | WZ3: 45196 | XB3: 45197 | XD3: 45198 | XF3: 45199 | XH3: 45201 | XJ3: 45202 | XL3: 45203 | XN3: 45204 | XP3: 45205 | XR3: 45206 | XT3: 45208 | XV3: 45209 | XX3: 45210 | XZ3: 45211 | YB3: 45212 | YD3: 45213 | YF3: 45215 | YH3: 45216 | YJ3: 45217 | YL3: 45218 | YN3: 45219 | YP3: 45220 | YR3: 45222 | YT3: 45223 | YV3: 45224 | YX3: 45225 | YZ3: 45226 | ZB3: 45227 | ZD3: 45229 | ZF3: 45230 | ZH3: 45231 | ZJ3: 45232 | ZL3: 45233 | ZN3: 45234 | ZP3: 45236 | ZR3: 45237 | ZT3: 45238 | ZV3: 45239 | ZX3: 45240 | ZZ3: 45241 | AAB3: 45243 | AAD3: 45244 | AAF3: 45245 | AAH3: 45246 | AAJ3: 45247 | AAL3: 45248 | AAN3: 45250 | AAP3: 45251 | AAR3: 45252 | AAT3: 45253 | AAV3: 45254 | AAX3: 45255 | AAZ3: 45257 | ABB3: 45258 | ABD3: 45259 | ABF3: 45260 | ABH3: 45261 | ABJ3: 45262 | ABL3: 45264 | ABN3: 45265 | ABP3: 45266 | ABR3: 45267 | ABT3: 45268 | ABV3: 45269 | ABX3: 45271 | ABZ3: 45272 | ACB3: 45273 | ACD3: 45274 | ACF3: 45275 | ACH3: 45276 | ACJ3: 45278 | ACL3: 45279 | ACN3: 45280 | ACP3: 45281 | ACR3: 45282 | ACT3: 45283 | ACV3: 45285 | ACX3: 45286 | ACZ3: 45287 | ADB3: 45288 | ADD3: 45289 | ADF3: 45290 | ADH3: 45291 | ADJ3: 45293 | ADL3: 45294 | ADN3: 45295 | ADP3: 45296 | ADR3: 45297 | ADT3: 45299 | ADV3: 45300 | ADX3: 45301 | ADZ3: 45302 | AEB3: 45303 | AED3: 45304 | AEF3: 45306 | AEH3: 45307 | AEJ3: 45308 | AEL3: 45309 | AEN3: 45310 | AEP3: 45311 | AER3: 45313 | AET3: 45314 | AEV3: 45315 | AEX3: 45316 | AEZ3: 45317 | AFB3: 45318 | AFD3: 45320 | AFF3: 45321 | AFH3: 45322 | AFJ3: 45323 | AFL3: 45324 | AFN3: 45325 | AFP3: 45327 | AFR3: 45328 | AFT3: 45337 | AFV3: 45338 | AFX3: 45339 | AFZ3: 45341 | AGB3: 45342 | AGD3: 45343 | AGF3: 45344 | AGH3: 45345 | AGJ3: 45346 | AGL3: 45348 | AGN3: 45349 | AGP3: 45350 | AGR3: 45351 | AGT3: 45352 | AGV3: 45353 | AGX3: 45355 | AGZ3: 45356 | AHB3: 45357 | AHD3: 45358 | AHF3: 45359 | AHH3: 45360 | AHJ3: 45362 | AHL3: 45363 | AHN3: 45364 | AHP3: 45365 | AHR3: 45366 | AHT3: 45367 | AHV3: 45369 | AHX3: 45370 | AHZ3: 45371 | AIB3: 45372 | AID3: 45373 | AIF3: 45374 | AIH3: 45376 | AIJ3: 45377 | AIL3: 45378 | AIN3: 45379 | AIP3: 45380 | AIR3: 45381 | AIT3: 45383 | AIV3: 45384 | AIX3: 45385 | AIZ3: 45386 | AJB3: 45387 | AJD3: 45388 | AJF3: 45390 | AJH3: 45391 | AJJ3: 45392 | AJL3: 45393 | AJN3: 45394 | AJP3: 45395 | AJR3: 45397 | AJT3: 45398 | AJV3: 45399 | AJX3: 45400 | AJZ3: 45401 | AKB3: 45402 | AKD3: 45403 | AKF3: 45404 | AKH3: 45405 | AKJ3: 45406 | AKL3: 45407 | AKN3: 45408 | AKP3: 45409 | AKR3: 45410 | AKT3: 45411 | AKV3: 45414 | AKX3: 45415 | AKZ3: 45416 | ALB3: 45418 | ALD3: 45419 | ALF3: 45420 | ALH3: 45421 | ALJ3: 45422 | ALL3: 45423 | ALN3: 45425 | ALP3: 45426 | ALR3: 45427 | ALT3: 45428 | ALV3: 45429 | ALX3: 45430 | ALZ3: 45432 | AMB3: 45433 | AMD3: 45434 | AMF3: 45435 | AMH3: 45436 | AMJ3: 45437 | AML3: 45439 | AMN3: 45440 | AMP3: 45441 | AMR3: 45442 | AMT3: 45443 | AMV3: 45444 | AMX3: 45446 | AMZ3: 45447 | ANB3: 45448 | AND3: 45449 | ANF3: 45450 | ANH3: 45451 | ANJ3: 45453 | ANL3: 45454 | ANN3: 45455 | ANP3: 45456 | ANR3: 45457 | ANT3: 45458 | ANV3: 45460 | ANX3: 45461 | ANZ3: 45462 | AOB3: 45463 | AOD3: 45464 | AOF3: 45465 | AOH3: 45467 | AOJ3: 45468 | AOL3: 45469 | AON3: 45470 | AOP3: 45471 | AOR3: 45472 | AOT3: 45474 | AOV3: 45475 | AOX3: 45476 | AOZ3: 45477 | APB3: 45478 | APD3: 45479 | APF3: 45481 | APH3: 45482 | APJ3: 45483 | APL3: 45484 | APN3: 45485 | APP3: 45486 | APR3: 45488 | APT3: 45489 | APV3: 45490 | APX3: 45491 | APZ3: 45492 | AQB3: 45493 | AQD3: 45495 | AQF3: 45496 | AQH3: 45497 | AQJ3: 45498 | AQL3: 45499 | AQN3: 45500 | AQP3: 45502 | AQR3: 45503 | AQT3: 45504 | AQV3: 45505 | AQX3: 45506 | AQZ3: 45507 | ARB3: 45509 | ARD3: 45510 | ARF3: 45511 | ARH3: 45512 | ARJ3: 45513 | ARL3: 45514 | ARN3: 45516 | ARP3: 45517 | ARR3: 45518 | ART3: 45519 | ARV3: 45520 | ARX3: 45521 | ARZ3: 45523 | ASB3: 45524 | ASD3: 45525 | ASF3: 45526 | ASH3: 45527 | ASJ3: 45528 | ASL3: 45530 | ASN3: 45531 | ASP3: 45532 | ASR3: 45533 | AST3: 45534 | ASV3: 45535 | ASX3: 45539 | ASZ3: 45540 | ATB3: 45541 | ATD3: 45542 | ATF3: 45544 | ATH3: 45545 | ATJ3: 45546 | ATL3: 45547 | ATN3: 45548 | ATP3: 45549 | ATR3: 45551 | ATT3: 45552 | ATV3: 45553 | ATX3: 45554 | ATZ3: 45555 | AUB3: 45556 | AUD3: 45558 | AUF3: 45559 | AUH3: 45560 | AUJ3: 45561 | AUL3: 45562 | AUN3: 45563 | AUP3: 45565 | AUR3: 45566 | AUT3: 45567 | AUV3: 45568 | AUX3: 45569 | AUZ3: 45570 | AVB3: 45572 | AVD3: 45573 | AVF3: 45574 | AVH3: 45575 | AVJ3: 45576 | AVL3: 45577 | AVN3: 45579 | AVP3: 45580 | AVR3: 45581 | AVT3: 45582 | AVV3: 45583 | AVX3: 45584 | AVZ3: 45586 | AWB3: 45587 | AWD3: 45588 | AWF3: 45589 | AWH3: 45590 | AWJ3: 45591 | AWL3: 45593 | AWN3: 45594 | AWP3: 45595 | AWR3: 45596 | AWT3: 45597 | AWV3: 45598 | AWX3: 45600 | AWZ3: 45601 | AXB3: 45602 | AXD3: 45603 | AXF3: 45604 | AXH3: 45605 | AXJ3: 45607 | AXL3: 45608 | AXN3: 45609 | AXP3: 45610 | AXR3: 45611 | AXT3: 45612 | AXV3: 45614 | AXX3: 45615 | AXZ3: 45616 | AYB3: 45617 | AYD3: 45618 | AYF3: 45619 | AYH3: 45621 | AYJ3: 45622 | AYL3: 45623 | AYN3: 45624 | AYP3: 45625 | AYR3: 45626 | AYT3: 45622 | AYV3: 45623 | AYX3: 45624 | AYZ3: 45625 | AZB3: 45626 | AZD3: 45628 | AZF3: 45629 | AZH3: 45630 | AZJ3: 45631 | AZL3: 45632 | AZN3: 45633 | AZP3: 45635 | AZR3: 45636 | AZT3: 45637 | AZV3: 45638 | AZX3: 45639 | AZZ3: 45640 | BAB3: 45642 | BAD3: 45643 | BAF3: 45644 | BAH3: 45645 | BAJ3: 45646 | BAL3: 45647 | BAN3: 45649 | BAP3: 45650 | BAR3: 45651 | BAT3: 45652 | BAV3: 45653 | BAX3: 45654 | BAZ3: 45656 | BBB3: 45657 | BBD3: 45659 | BBF3: 45660 | BBH3: 45661 | BBJ3: 45663
A4: Stt | B4: Mã SAP | C4: Tên SP | D4: Tên thị trường | E4: Giá duyệt | F4: Giá mua | G4: Giá duyệt | H4: Giá mua | I4: Giá duyệt | J4: Giá mua | K4: Giá duyệt | L4: Giá mua | M4: Giá duyệt | N4: Giá mua | O4: Giá duyệt | P4: Giá mua | Q4: Giá duyệt | R4: Giá mua | S4: Giá duyệt | T4: Giá mua | U4: Giá duyệt | V4: Giá mua | W4: Giá duyệt | X4: Giá mua | Y4: Giá duyệt | Z4: Giá mua | AA4: Giá duyệt | AB4: Giá mua | AC4: Giá duyệt | AD4: Giá mua | AE4: Giá duyệt | AF4: Giá mua | AG4: Giá duyệt | AH4: Giá mua | AI4: Giá duyệt | AJ4: Giá mua | AK4: Giá duyệt | AL4: Giá mua | AM4: Giá duyệt | AN4: Giá mua | AO4: Giá duyệt | AP4: Giá mua | AQ4: Giá duyệt | AR4: Giá mua | AS4: Giá duyệt | AT4: Giá mua | AU4: Giá duyệt | AV4: Giá mua | AW4: Giá duyệt | AX4: Giá mua | AY4: Giá duyệt | AZ4: Giá mua | BA4: Giá duyệt | BB4: Giá mua | BC4: Giá duyệt | BD4: Giá mua | BE4: Giá duyệt | BF4: Giá mua | BG4: Giá duyệt | BH4: Giá mua | BI4: Giá duyệt | BJ4: Giá mua | BK4: Giá duyệt | BL4: Giá mua | BM4: Giá duyệt | BN4: Giá mua | BO4: Giá duyệt | BP4: Giá mua | BQ4: Giá duyệt | BR4: Giá mua | BS4: Giá duyệt | BT4: Giá mua | BU4: Giá duyệt | BV4: Giá mua | BW4: Giá duyệt | BX4: Giá mua | BY4: Giá duyệt | BZ4: Giá mua | CA4: Giá duyệt | CB4: Giá mua | CC4: Giá duyệt | CD4: Giá mua | CE4: Giá duyệt | CF4: Giá mua | CG4: Giá duyệt | CH4: Giá mua | CI4: Giá duyệt | CJ4: Giá mua | CK4: Giá duyệt | CL4: Giá mua | CM4: Giá duyệt | CN4: Giá mua | CO4: Giá duyệt | CP4: Giá mua | CQ4: Giá duyệt | CR4: Giá mua | CS4: Giá duyệt | CT4: Giá mua | CU4: Giá duyệt | CV4: Giá mua | CW4: Giá duyệt | CX4: Giá mua | CY4: Giá duyệt | CZ4: Giá mua | DA4: Giá duyệt | DB4: Giá mua | DC4: Giá duyệt | DD4: Giá mua | DE4: Giá duyệt trạm | DF4: Giá duyệt NCC ngoài | DG4: Giá mua | DH4: Giá duyệt trạm | DI4: Giá duyệt NCC ngoài | DJ4: Giá mua | DK4: Giá duyệt trạm | DL4: Giá duyệt NCC ngoài | DM4: Giá mua | DN4: Giá duyệt trạm | DO4: Giá duyệt NCC ngoài | DP4: Giá mua | DQ4: Giá duyệt trạm | DR4: Giá duyệt NCC ngoài | DS4: Giá mua | DT4: Giá duyệt trạm | DU4: Giá duyệt NCC ngoài | DV4: Giá mua | DW4: Giá duyệt trạm | DX4: Giá duyệt NCC ngoài | DY4: Giá mua | DZ4: Giá duyệt trạm | EA4: Giá duyệt NCC ngoài | EB4: Giá mua | EC4: Giá duyệt trạm | ED4: Giá duyệt NCC ngoài | EE4: Giá mua | EF4: Giá duyệt trạm | EG4: Giá duyệt NCC ngoài | EH4: Giá mua | EI4: Giá duyệt trạm | EJ4: Giá duyệt NCC ngoài | EK4: Giá mua | EL4: Giá duyệt trạm | EM4: Giá duyệt NCC ngoài | EN4: Giá mua | EO4: Giá duyệt trạm | EP4: Giá duyệt NCC ngoài | EQ4: Giá mua | ER4: Giá duyệt trạm | ES4: Giá duyệt NCC ngoài | ET4: Giá mua | EU4: Giá duyệt trạm | EV4: Giá duyệt NCC ngoài | EW4: Giá mua | EX4: Giá duyệt trạm | EY4: Giá duyệt NCC ngoài | EZ4: Giá mua | FA4: Giá duyệt trạm | FB4: Giá duyệt NCC ngoài | FC4: Giá mua | FD4: Giá duyệt trạm | FE4: Giá duyệt NCC ngoài | FF4: Giá mua | FG4: Giá duyệt trạm | FH4: Giá duyệt NCC ngoài | FI4: Giá mua | FJ4: Giá duyệt trạm | FK4: Giá duyệt NCC ngoài | FL4: Giá mua | FM4: Giá duyệt trạm | FN4: Giá duyệt NCC ngoài | FO4: Giá mua | FP4: Giá duyệt trạm | FQ4: Giá duyệt NCC ngoài | FR4: Giá mua | FS4: Giá duyệt trạm | FT4: Giá duyệt NCC ngoài | FU4: Giá mua | FV4: Giá duyệt trạm | FW4: Giá duyệt NCC ngoài | FX4: Giá mua | FY4: Giá duyệt trạm | FZ4: Giá duyệt NCC ngoài | GA4: Giá mua | GB4: Giá duyệt trạm | GC4: Giá duyệt NCC ngoài | GD4: Giá mua | GE4: Giá duyệt trạm | GF4: Giá duyệt NCC ngoài | GG4: Giá mua | GH4: Giá duyệt | GI4: Giá mua | GJ4: Giá duyệt | GK4: Giá mua | GL4: Giá duyệt | GM4: Giá mua | GN4: Giá duyệt | GO4: Giá mua | GP4: Giá duyệt | GQ4: Giá mua | GR4: Giá duyệt | GS4: Giá mua | GT4: Giá duyệt | GU4: Giá mua | GV4: Giá duyệt | GW4: Giá mua | GX4: Giá duyệt | GY4: Giá mua | GZ4: Giá duyệt | HA4: Giá mua | HB4: Giá duyệt | HC4: Giá mua | HD4: Giá duyệt | HE4: Giá mua | HF4: Giá duyệt | HG4: Giá mua | HH4: Giá duyệt | HI4: Giá mua | HJ4: Giá duyệt | HK4: Giá mua | HL4: Giá duyệt | HM4: Giá mua | HN4: Giá duyệt | HO4: Giá mua | HP4: Giá duyệt | HQ4: Giá mua | HR4: Giá duyệt | HS4: Giá mua | HT4: Giá duyệt | HU4: Giá mua | HV4: Giá duyệt | HW4: Giá mua | HX4: Giá duyệt | HY4: Giá mua | HZ4: Giá duyệt | IA4: Giá mua | IB4: Giá duyệt | IC4: Giá mua | ID4: Giá duyệt | IE4: Giá mua | IF4: Giá duyệt | IG4: Giá mua | IH4: Giá duyệt | II4: Giá mua | IJ4: Giá duyệt | IK4: Giá mua | IL4: Giá duyệt | IM4: Giá mua | IN4: Giá duyệt | IO4: Giá mua | IP4: Giá duyệt | IQ4: Giá mua | IR4: Giá duyệt | IS4: Giá mua | IT4: Giá duyệt | IU4: Giá mua | IV4: Giá duyệt | IW4: Giá mua | IX4: Giá duyệt | IY4: Giá mua | IZ4: Giá duyệt | JA4: Giá mua | JB4: Giá duyệt | JC4: Giá mua | JD4: Giá duyệt | JE4: Giá mua | JF4: Giá duyệt | JG4: Giá mua | JH4: Giá duyệt | JI4: Giá mua | JJ4: Giá duyệt | JK4: Giá mua | JL4: Giá duyệt | JM4: Giá mua | JN4: Giá duyệt | JO4: Giá mua | JP4: Giá duyệt | JQ4: Giá mua | JR4: Giá duyệt | JS4: Giá mua | JT4: Giá duyệt | JU4: Giá mua | JV4: Giá duyệt | JW4: Giá mua | JX4: Giá duyệt | JY4: Giá mua | JZ4: Giá duyệt | KA4: Giá mua | KB4: Giá duyệt | KC4: Giá mua | KD4: Giá duyệt | KE4: Giá mua | KF4: Giá duyệt | KG4: Giá mua | KH4: Giá duyệt | KI4: Giá mua | KJ4: Giá duyệt | KK4: Giá mua | KL4: Giá duyệt | KM4: Giá mua | KN4: Giá duyệt | KO4: Giá mua | KP4: Giá duyệt | KQ4: Giá mua | KR4: Giá duyệt | KS4: Giá mua | KT4: Giá duyệt | KU4: Giá mua | KV4: Giá duyệt | KW4: Giá mua | KX4: Giá duyệt | KY4: Giá mua | KZ4: Giá duyệt | LA4: Giá mua | LB4: Giá duyệt | LC4: Giá mua | LD4: Giá duyệt | LE4: Giá mua | LF4: Giá duyệt | LG4: Giá mua | LH4: Giá duyệt | LI4: Giá mua | LJ4: Giá duyệt | LK4: Giá mua | LL4: Giá duyệt | LM4: Giá mua | LN4: Giá duyệt | LO4: Giá mua | LP4: Giá duyệt | LQ4: Giá mua | LR4: Giá duyệt | LS4: Giá mua | LT4: Giá duyệt | LU4: Giá mua | LV4: Giá duyệt | LW4: Giá mua | LX4: Giá duyệt | LY4: Giá mua | LZ4: Giá duyệt | MA4: Giá mua | MB4: Giá duyệt | MC4: Giá mua | MD4: Giá duyệt | ME4: Giá mua | MF4: Giá duyệt | MG4: Giá mua | MH4: Giá duyệt | MI4: Giá mua | MJ4: Giá duyệt | MK4: Giá mua | ML4: Giá duyệt | MM4: Giá mua | MN4: Giá duyệt | MO4: Giá mua | MP4: Giá duyệt | MQ4: Giá mua | MR4: Giá duyệt | MS4: Giá mua | MT4: Giá duyệt | MU4: Giá mua | MV4: Giá duyệt | MW4: Giá mua | MX4: Giá duyệt | MY4: Giá mua | MZ4: Giá duyệt | NA4: Giá mua | NB4: Giá duyệt | NC4: Giá mua | ND4: Giá duyệt | NE4: Giá mua | NF4: Giá duyệt | NG4: Giá mua | NH4: Giá duyệt | NI4: Giá mua | NJ4: Giá duyệt | NK4: Giá mua | NL4: Giá duyệt | NM4: Giá mua | NN4: Giá duyệt | NO4: Giá mua | NP4: Giá duyệt | NQ4: Giá mua | NR4: Giá duyệt | NS4: Giá mua | NT4: Giá duyệt | NU4: Giá mua | NV4: Giá duyệt | NW4: Giá mua | NX4: Giá duyệt | NY4: Giá mua | NZ4: Giá duyệt | OA4: Giá mua | OB4: Giá duyệt | OC4: Giá mua | OD4: Giá duyệt | OE4: Giá mua | OF4: Giá duyệt | OG4: Giá mua | OH4: Giá duyệt | OI4: Giá mua | OJ4: Giá duyệt | OK4: Giá mua | OL4: Giá duyệt | OM4: Giá mua | ON4: Giá duyệt | OO4: Giá mua | OP4: Giá duyệt | OQ4: Giá mua | OR4: Giá duyệt | OS4: Giá mua | OT4: Giá duyệt | OU4: Giá mua | OV4: Giá duyệt | OW4: Giá mua | OX4: Giá duyệt | OY4: Giá mua | OZ4: Giá duyệt | PA4: Giá mua | PB4: Giá duyệt | PC4: Giá mua | PD4: Giá duyệt | PE4: Giá mua | PF4: Giá duyệt | PG4: Giá mua | PH4: Giá duyệt | PI4: Giá mua | PJ4: Giá duyệt | PK4: Giá mua | PL4: Giá duyệt | PM4: Giá mua | PN4: Giá duyệt | PO4: Giá mua | PP4: Giá duyệt | PQ4: Giá mua | PR4: Giá duyệt | PS4: Giá mua | PT4: Giá duyệt | PU4: Giá mua | PV4: Giá duyệt | PW4: Giá mua | PX4: Giá duyệt | PY4: Giá mua | PZ4: Giá duyệt | QA4: Giá mua | QB4: Giá duyệt | QC4: Giá mua | QD4: Giá duyệt | QE4: Giá mua | QF4: Giá duyệt | QG4: Giá mua | QH4: Giá duyệt | QI4: Giá mua | QJ4: Giá duyệt | QK4: Giá mua | QL4: Giá duyệt | QM4: Giá mua | QN4: Giá duyệt | QO4: Giá mua | QP4: Giá duyệt | QQ4: Giá mua | QR4: Giá duyệt | QS4: Giá mua | QT4: Giá duyệt | QU4: Giá mua | QV4: Giá duyệt | QW4: Giá mua | QX4: Giá duyệt | QY4: Giá mua | QZ4: Giá duyệt | RA4: Giá mua | RB4: Giá duyệt | RC4: Giá mua | RD4: Giá duyệt | RE4: Giá mua | RF4: Giá duyệt | RG4: Giá mua | RH4: Giá duyệt | RI4: Giá mua | RJ4: Giá duyệt | RK4: Giá mua | RL4: Giá duyệt | RM4: Giá mua | RN4: Giá duyệt | RO4: Giá mua | RP4: Giá duyệt | RQ4: Giá mua | RR4: Giá duyệt | RS4: Giá mua | RT4: Giá duyệt | RU4: Giá mua | RV4: Giá duyệt | RW4: Giá mua | RX4: Giá duyệt | RY4: Giá mua | RZ4: Giá duyệt | SA4: Giá mua | SB4: Giá duyệt | SC4: Giá mua | SD4: Giá duyệt | SE4: Giá mua | SF4: Giá duyệt | SG4: Giá mua | SH4: Giá duyệt | SI4: Giá mua | SJ4: Giá duyệt | SK4: Giá mua | SL4: Giá duyệt | SM4: Giá mua | SN4: Giá duyệt | SO4: Giá mua | SP4: Giá duyệt | SQ4: Giá mua | SR4: Giá duyệt | SS4: Giá mua | ST4: Giá duyệt | SU4: Giá mua | SV4: Giá duyệt | SW4: Giá mua | SX4: Giá duyệt | SY4: Giá mua | SZ4: Giá duyệt | TA4: Giá mua | TB4: Giá duyệt | TC4: Giá mua | TD4: Giá duyệt | TE4: Giá mua | TF4: Giá duyệt | TG4: Giá mua | TH4: Giá duyệt | TI4: Giá mua | TJ4: Giá duyệt | TK4: Giá mua | TL4: Giá duyệt | TM4: Giá mua | TN4: Giá duyệt | TO4: Giá mua | TP4: Giá duyệt | TQ4: Giá mua | TR4: Giá duyệt | TS4: Giá mua | TT4: Giá duyệt | TU4: Giá mua | TV4: Giá duyệt | TW4: Giá mua | TX4: Giá duyệt | TY4: Giá mua | TZ4: Giá duyệt | UA4: Giá mua | UB4: Giá duyệt | UC4: Giá mua | UD4: Giá duyệt | UE4: Giá mua | UF4: Giá duyệt | UG4: Giá mua | UH4: Giá duyệt | UI4: Giá mua | UJ4: Giá duyệt | UK4: Giá mua | UL4: Giá duyệt | UM4: Giá mua | UN4: Giá duyệt | UO4: Giá mua | UP4: Giá duyệt | UQ4: Giá mua | UR4: Giá duyệt | US4: Giá mua | UT4: Giá duyệt | UU4: Giá mua | UV4: Giá duyệt | UW4: Giá mua | UX4: Giá duyệt | UY4: Giá mua | UZ4: Giá duyệt | VA4: Giá mua | VB4: Giá duyệt | VC4: Giá mua | VD4: Giá duyệt | VE4: Giá mua | VF4: Giá duyệt | VG4: Giá mua | VH4: Giá duyệt | VI4: Giá mua | VJ4: Giá duyệt | VK4: Giá mua | VL4: Giá duyệt | VM4: Giá mua | VN4: Giá duyệt | VO4: Giá mua | VP4: Giá duyệt | VQ4: Giá mua | VR4: Giá duyệt | VS4: Giá mua | VT4: Giá duyệt | VU4: Giá mua | VV4: Giá duyệt | VW4: Giá mua | VX4: Giá duyệt | VY4: Giá mua | VZ4: Giá duyệt | WA4: Giá mua | WB4: Giá duyệt | WC4: Giá mua | WD4: Giá duyệt | WE4: Giá mua | WF4: Giá duyệt | WG4: Giá mua | WH4: Giá duyệt | WI4: Giá mua | WJ4: Giá duyệt | WK4: Giá mua | WL4: Giá duyệt | WM4: Giá mua | WN4: Giá duyệt | WO4: Giá mua | WP4: Giá duyệt | WQ4: Giá mua | WR4: Giá duyệt | WS4: Giá mua | WT4: Giá duyệt | WU4: Giá mua | WV4: Giá duyệt | WW4: Giá mua | WX4: Giá duyệt | WY4: Giá mua | WZ4: Giá duyệt | XA4: Giá mua | XB4: Giá duyệt | XC4: Giá mua | XD4: Giá duyệt | XE4: Giá mua | XF4: Giá duyệt | XG4: Giá mua | XH4: Giá duyệt | XI4: Giá mua | XJ4: Giá duyệt | XK4: Giá mua | XL4: Giá duyệt | XM4: Giá mua | XN4: Giá duyệt | XO4: Giá mua | XP4: Giá duyệt | XQ4: Giá mua | XR4: Giá duyệt | XS4: Giá mua | XT4: Giá duyệt | XU4: Giá mua | XV4: Giá duyệt | XW4: Giá mua | XX4: Giá duyệt | XY4: Giá mua | XZ4: Giá duyệt | YA4: Giá mua | YB4: Giá duyệt | YC4: Giá mua | YD4: Giá duyệt | YE4: Giá mua | YF4: Giá duyệt | YG4: Giá mua | YH4: Giá duyệt | YI4: Giá mua | YJ4: Giá duyệt | YK4: Giá mua | YL4: Giá duyệt | YM4: Giá mua | YN4: Giá duyệt | YO4: Giá mua | YP4: Giá duyệt | YQ4: Giá mua | YR4: Giá duyệt | YS4: Giá mua | YT4: Giá duyệt | YU4: Giá mua | YV4: Giá duyệt | YW4: Giá mua | YX4: Giá duyệt | YY4: Giá mua | YZ4: Giá duyệt | ZA4: Giá mua | ZB4: Giá duyệt | ZC4: Giá mua | ZD4: Giá duyệt | ZE4: Giá mua | ZF4: Giá duyệt | ZG4: Giá mua | ZH4: Giá duyệt | ZI4: Giá mua | ZJ4: Giá duyệt | ZK4: Giá mua | ZL4: Giá duyệt | ZM4: Giá mua | ZN4: Giá duyệt | ZO4: Giá mua | ZP4: Giá duyệt | ZQ4: Giá mua | ZR4: Giá duyệt | ZS4: Giá mua | ZT4: Giá duyệt | ZU4: Giá mua | ZV4: Giá duyệt | ZW4: Giá mua | ZX4: Giá duyệt | ZY4: Giá mua | ZZ4: Giá duyệt | AAA4: Giá mua | AAB4: Giá duyệt | AAC4: Giá mua | AAD4: Giá duyệt | AAE4: Giá mua | AAF4: Giá duyệt | AAG4: Giá mua | AAH4: Giá duyệt | AAI4: Giá mua | AAJ4: Giá duyệt | AAK4: Giá mua | AAL4: Giá duyệt | AAM4: Giá mua | AAN4: Giá duyệt | AAO4: Giá mua | AAP4: Giá duyệt | AAQ4: Giá mua | AAR4: Giá duyệt | AAS4: Giá mua | AAT4: Giá duyệt | AAU4: Giá mua | AAV4: Giá duyệt | AAW4: Giá mua | AAX4: Giá duyệt | AAY4: Giá mua | AAZ4: Giá duyệt | ABA4: Giá mua | ABB4: Giá duyệt | ABC4: Giá mua | ABD4: Giá duyệt | ABE4: Giá mua | ABF4: Giá duyệt | ABG4: Giá mua | ABH4: Giá duyệt | ABI4: Giá mua | ABJ4: Giá duyệt | ABK4: Giá mua | ABL4: Giá duyệt | ABM4: Giá mua | ABN4: Giá duyệt | ABO4: Giá mua | ABP4: Giá duyệt | ABQ4: Giá mua | ABR4: Giá duyệt | ABS4: Giá mua | ABT4: Giá duyệt | ABU4: Giá mua | ABV4: Giá duyệt | ABW4: Giá mua | ABX4: Giá duyệt | ABY4: Giá mua | ABZ4: Giá duyệt | ACA4: Giá mua | ACB4: Giá duyệt | ACC4: Giá mua | ACD4: Giá duyệt | ACE4: Giá mua | ACF4: Giá duyệt | ACG4: Giá mua | ACH4: Giá duyệt | ACI4: Giá mua | ACJ4: Giá duyệt | ACK4: Giá mua | ACL4: Giá duyệt | ACM4: Giá mua | ACN4: Giá duyệt | ACO4: Giá mua | ACP4: Giá duyệt | ACQ4: Giá mua | ACR4: Giá duyệt | ACS4: Giá mua | ACT4: Giá duyệt | ACU4: Giá mua | ACV4: Giá duyệt | ACW4: Giá mua | ACX4: Giá duyệt | ACY4: Giá mua | ACZ4: Giá duyệt | ADA4: Giá mua | ADB4: Giá duyệt | ADC4: Giá mua | ADD4: Giá duyệt | ADE4: Giá mua | ADF4: Giá duyệt | ADG4: Giá mua | ADH4: Giá duyệt | ADI4: Giá mua | ADJ4: Giá duyệt | ADK4: Giá mua | ADL4: Giá duyệt | ADM4: Giá mua | ADN4: Giá duyệt | ADO4: Giá mua | ADP4: Giá duyệt | ADQ4: Giá mua | ADR4: Giá duyệt | ADS4: Giá mua | ADT4: Giá duyệt | ADU4: Giá mua | ADV4: Giá duyệt | ADW4: Giá mua | ADX4: Giá duyệt | ADY4: Giá mua | ADZ4: Giá duyệt | AEA4: Giá mua | AEB4: Giá duyệt | AEC4: Giá mua | AED4: Giá duyệt | AEE4: Giá mua | AEF4: Giá duyệt | AEG4: Giá mua | AEH4: Giá duyệt | AEI4: Giá mua | AEJ4: Giá duyệt | AEK4: Giá mua | AEL4: Giá duyệt | AEM4: Giá mua | AEN4: Giá duyệt | AEO4: Giá mua | AEP4: Giá duyệt | AEQ4: Giá mua | AER4: Giá duyệt | AES4: Giá mua | AET4: Giá duyệt | AEU4: Giá mua | AEV4: Giá duyệt | AEW4: Giá mua | AEX4: Giá duyệt | AEY4: Giá mua | AEZ4: Giá duyệt | AFA4: Giá mua | AFB4: Giá duyệt | AFC4: Giá mua | AFD4: Giá duyệt | AFE4: Giá mua | AFF4: Giá duyệt | AFG4: Giá mua | AFH4: Giá duyệt | AFI4: Giá mua | AFJ4: Giá duyệt | AFK4: Giá mua | AFL4: Giá duyệt | AFM4: Giá mua | AFN4: Giá duyệt | AFO4: Giá mua | AFP4: Giá duyệt | AFQ4: Giá mua | AFR4: Giá duyệt | AFS4: Giá mua | AFT4: Giá duyệt | AFU4: Giá mua | AFV4: Giá duyệt | AFW4: Giá mua | AFX4: Giá duyệt | AFY4: Giá mua | AFZ4: Giá duyệt | AGA4: Giá mua | AGB4: Giá duyệt | AGC4: Giá mua | AGD4: Giá duyệt | AGE4: Giá mua | AGF4: Giá duyệt | AGG4: Giá mua | AGH4: Giá duyệt | AGI4: Giá mua | AGJ4: Giá duyệt | AGK4: Giá mua | AGL4: Giá duyệt | AGM4: Giá mua | AGN4: Giá duyệt | AGO4: Giá mua | AGP4: Giá duyệt | AGQ4: Giá mua | AGR4: Giá duyệt | AGS4: Giá mua | AGT4: Giá duyệt | AGU4: Giá mua | AGV4: Giá duyệt | AGW4: Giá mua | AGX4: Giá duyệt | AGY4: Giá mua | AGZ4: Giá duyệt | AHA4: Giá mua | AHB4: Giá duyệt | AHC4: Giá mua | AHD4: Giá duyệt | AHE4: Giá mua | AHF4: Giá duyệt | AHG4: Giá mua | AHH4: Giá duyệt | AHI4: Giá mua | AHJ4: Giá duyệt | AHK4: Giá mua | AHL4: Giá duyệt | AHM4: Giá mua | AHN4: Giá duyệt | AHO4: Giá mua | AHP4: Giá duyệt | AHQ4: Giá mua | AHR4: Giá duyệt | AHS4: Giá mua | AHT4: Giá duyệt | AHU4: Giá mua | AHV4: Giá duyệt | AHW4: Giá mua | AHX4: Giá duyệt | AHY4: Giá mua | AHZ4: Giá duyệt | AIA4: Giá mua | AIB4: Giá duyệt | AIC4: Giá mua | AID4: Giá duyệt | AIE4: Giá mua | AIF4: Giá duyệt | AIG4: Giá mua | AIH4: Giá duyệt | AII4: Giá mua | AIJ4: Giá duyệt | AIK4: Giá mua | AIL4: Giá duyệt | AIM4: Giá mua | AIN4: Giá duyệt | AIO4: Giá mua | AIP4: Giá duyệt | AIQ4: Giá mua | AIR4: Giá duyệt | AIS4: Giá mua | AIT4: Giá duyệt | AIU4: Giá mua | AIV4: Giá duyệt | AIW4: Giá mua | AIX4: Giá duyệt | AIY4: Giá mua | AIZ4: Giá duyệt | AJA4: Giá mua | AJB4: Giá duyệt | AJC4: Giá mua | AJD4: Giá duyệt | AJE4: Giá mua | AJF4: Giá duyệt | AJG4: Giá mua | AJH4: Giá duyệt | AJI4: Giá mua | AJJ4: Giá duyệt | AJK4: Giá mua | AJL4: Giá duyệt | AJM4: Giá mua | AJN4: Giá duyệt | AJO4: Giá mua | AJP4: Giá duyệt | AJQ4: Giá mua | AJR4: Giá duyệt | AJS4: Giá mua | AJT4: Giá duyệt | AJU4: Giá mua | AJV4: Giá duyệt | AJW4: Giá mua | AJX4: Giá duyệt | AJY4: Giá mua | AJZ4: Giá duyệt | AKA4: Giá mua | AKB4: Giá duyệt | AKC4: Giá mua | AKD4: Giá duyệt | AKE4: Giá mua | AKF4: Giá duyệt | AKG4: Giá mua | AKH4: Giá duyệt | AKI4: Giá mua | AKJ4: Giá duyệt | AKK4: Giá mua | AKL4: Giá duyệt | AKM4: Giá mua | AKN4: Giá duyệt | AKO4: Giá mua | AKP4: Giá duyệt | AKQ4: Giá mua | AKR4: Giá duyệt | AKS4: Giá mua | AKT4: Giá duyệt | AKU4: Giá mua | AKV4: Giá duyệt | AKW4: Giá mua | AKX4: Giá duyệt | AKY4: Giá mua | AKZ4: Giá duyệt | ALA4: Giá mua | ALB4: Giá duyệt | ALC4: Giá mua | ALD4: Giá duyệt | ALE4: Giá mua | ALF4: Giá duyệt | ALG4: Giá mua | ALH4: Giá duyệt | ALI4: Giá mua | ALJ4: Giá duyệt | ALK4: Giá mua | ALL4: Giá duyệt | ALM4: Giá mua | ALN4: Giá duyệt | ALO4: Giá mua | ALP4: Giá duyệt | ALQ4: Giá mua | ALR4: Giá duyệt | ALS4: Giá mua | ALT4: Giá duyệt | ALU4: Giá mua | ALV4: Giá duyệt | ALW4: Giá mua | ALX4: Giá duyệt | ALY4: Giá mua | ALZ4: Giá duyệt | AMA4: Giá mua | AMB4: Giá duyệt | AMC4: Giá mua | AMD4: Giá duyệt | AME4: Giá mua | AMF4: Giá duyệt | AMG4: Giá mua | AMH4: Giá duyệt | AMI4: Giá mua | AMJ4: Giá duyệt | AMK4: Giá mua | AML4: Giá duyệt | AMM4: Giá mua | AMN4: Giá duyệt | AMO4: Giá mua | AMP4: Giá duyệt | AMQ4: Giá mua | AMR4: Giá duyệt | AMS4: Giá mua | AMT4: Giá duyệt | AMU4: Giá mua | AMV4: Giá duyệt | AMW4: Giá mua | AMX4: Giá duyệt | AMY4: Giá mua | AMZ4: Giá duyệt | ANA4: Giá mua | ANB4: Giá duyệt | ANC4: Giá mua | AND4: Giá duyệt | ANE4: Giá mua | ANF4: Giá duyệt | ANG4: Giá mua | ANH4: Giá duyệt | ANI4: Giá mua | ANJ4: Giá duyệt | ANK4: Giá mua | ANL4: Giá duyệt | ANM4: Giá mua | ANN4: Giá duyệt | ANO4: Giá mua | ANP4: Giá duyệt | ANQ4: Giá mua | ANR4: Giá duyệt | ANS4: Giá mua | ANT4: Giá duyệt | ANU4: Giá mua | ANV4: Giá duyệt | ANW4: Giá mua | ANX4: Giá duyệt | ANY4: Giá mua | ANZ4: Giá duyệt | AOA4: Giá mua | AOB4: Giá duyệt | AOC4: Giá mua | AOD4: Giá duyệt | AOE4: Giá mua | AOF4: Giá duyệt | AOG4: Giá mua | AOH4: Giá duyệt | AOI4: Giá mua | AOJ4: Giá duyệt | AOK4: Giá mua | AOL4: Giá duyệt | AOM4: Giá mua | AON4: Giá duyệt | AOO4: Giá mua | AOP4: Giá duyệt | AOQ4: Giá mua | AOR4: Giá duyệt | AOS4: Giá mua | AOT4: Giá duyệt | AOU4: Giá mua | AOV4: Giá duyệt | AOW4: Giá mua | AOX4: Giá duyệt | AOY4: Giá mua | AOZ4: Giá duyệt | APA4: Giá mua | APB4: Giá duyệt | APC4: Giá mua | APD4: Giá duyệt | APE4: Giá mua | APF4: Giá duyệt | APG4: Giá mua | APH4: Giá duyệt | API4: Giá mua | APJ4: Giá duyệt | APK4: Giá mua | APL4: Giá duyệt | APM4: Giá mua | APN4: Giá duyệt | APO4: Giá mua | APP4: Giá duyệt | APQ4: Giá mua | APR4: Giá duyệt | APS4: Giá mua | APT4: Giá duyệt | APU4: Giá mua | APV4: Giá duyệt | APW4: Giá mua | APX4: Giá duyệt | APY4: Giá mua | APZ4: Giá duyệt | AQA4: Giá mua | AQB4: Giá duyệt | AQC4: Giá mua | AQD4: Giá duyệt | AQE4: Giá mua | AQF4: Giá duyệt | AQG4: Giá mua | AQH4: Giá duyệt | AQI4: Giá mua | AQJ4: Giá duyệt | AQK4: Giá mua | AQL4: Giá duyệt | AQM4: Giá mua | AQN4: Giá duyệt | AQO4: Giá mua | AQP4: Giá duyệt | AQQ4: Giá mua | AQR4: Giá duyệt | AQS4: Giá mua | AQT4: Giá duyệt | AQU4: Giá mua | AQV4: Giá duyệt | AQW4: Giá mua | AQX4: Giá duyệt | AQY4: Giá mua | AQZ4: Giá duyệt | ARA4: Giá mua | ARB4: Giá duyệt | ARC4: Giá mua | ARD4: Giá duyệt | ARE4: Giá mua | ARF4: Giá duyệt | ARG4: Giá mua | ARH4: Giá duyệt | ARI4: Giá mua | ARJ4: Giá duyệt | ARK4: Giá mua | ARL4: Giá duyệt | ARM4: Giá mua | ARN4: Giá duyệt | ARO4: Giá mua | ARP4: Giá duyệt | ARQ4: Giá mua | ARR4: Giá duyệt | ARS4: Giá mua | ART4: Giá duyệt | ARU4: Giá mua | ARV4: Giá duyệt | ARW4: Giá mua | ARX4: Giá duyệt | ARY4: Giá mua | ARZ4: Giá duyệt | ASA4: Giá mua | ASB4: Giá duyệt | ASC4: Giá mua | ASD4: Giá duyệt | ASE4: Giá mua | ASF4: Giá duyệt | ASG4: Giá mua | ASH4: Giá duyệt | ASI4: Giá mua | ASJ4: Giá duyệt | ASK4: Giá mua | ASL4: Giá duyệt | ASM4: Giá mua | ASN4: Giá duyệt | ASO4: Giá mua | ASP4: Giá duyệt | ASQ4: Giá mua | ASR4: Giá duyệt | ASS4: Giá mua | AST4: Giá duyệt | ASU4: Giá mua | ASV4: Giá duyệt | ASW4: Giá mua | ASX4: Giá duyệt | ASY4: Giá mua | ASZ4: Giá duyệt | ATA4: Giá mua | ATB4: Giá duyệt | ATC4: Giá mua | ATD4: Giá duyệt | ATE4: Giá mua | ATF4: Giá duyệt | ATG4: Giá mua | ATH4: Giá duyệt | ATI4: Giá mua | ATJ4: Giá duyệt | ATK4: Giá mua | ATL4: Giá duyệt | ATM4: Giá mua | ATN4: Giá duyệt | ATO4: Giá mua | ATP4: Giá duyệt | ATQ4: Giá mua | ATR4: Giá duyệt | ATS4: Giá mua | ATT4: Giá duyệt | ATU4: Giá mua | ATV4: Giá duyệt | ATW4: Giá mua | ATX4: Giá duyệt | ATY4: Giá mua | ATZ4: Giá duyệt | AUA4: Giá mua | AUB4: Giá duyệt | AUC4: Giá mua | AUD4: Giá duyệt | AUE4: Giá mua | AUF4: Giá duyệt | AUG4: Giá mua | AUH4: Giá duyệt | AUI4: Giá mua | AUJ4: Giá duyệt | AUK4: Giá mua | AUL4: Giá duyệt | AUM4: Giá mua | AUN4: Giá duyệt | AUO4: Giá mua | AUP4: Giá duyệt | AUQ4: Giá mua | AUR4: Giá duyệt | AUS4: Giá mua | AUT4: Giá duyệt | AUU4: Giá mua | AUV4: Giá duyệt | AUW4: Giá mua | AUX4: Giá duyệt | AUY4: Giá mua | AUZ4: Giá duyệt | AVA4: Giá mua | AVB4: Giá duyệt | AVC4: Giá mua | AVD4: Giá duyệt | AVE4: Giá mua | AVF4: Giá duyệt | AVG4: Giá mua | AVH4: Giá duyệt | AVI4: Giá mua | AVJ4: Giá duyệt | AVK4: Giá mua | AVL4: Giá duyệt | AVM4: Giá mua | AVN4: Giá duyệt | AVO4: Giá mua | AVP4: Giá duyệt | AVQ4: Giá mua | AVR4: Giá duyệt | AVS4: Giá mua | AVT4: Giá duyệt | AVU4: Giá mua | AVV4: Giá duyệt | AVW4: Giá mua | AVX4: Giá duyệt | AVY4: Giá mua | AVZ4: Giá duyệt | AWA4: Giá mua | AWB4: Giá duyệt | AWC4: Giá mua | AWD4: Giá duyệt | AWE4: Giá mua | AWF4: Giá duyệt | AWG4: Giá mua | AWH4: Giá duyệt | AWI4: Giá mua | AWJ4: Giá duyệt | AWK4: Giá mua | AWL4: Giá duyệt | AWM4: Giá mua | AWN4: Giá duyệt | AWO4: Giá mua | AWP4: Giá duyệt | AWQ4: Giá mua | AWR4: Giá duyệt | AWS4: Giá mua | AWT4: Giá duyệt | AWU4: Giá mua | AWV4: Giá duyệt | AWW4: Giá mua | AWX4: Giá duyệt | AWY4: Giá mua | AWZ4: Giá duyệt | AXA4: Giá mua | AXB4: Giá duyệt | AXC4: Giá mua | AXD4: Giá duyệt | AXE4: Giá mua | AXF4: Giá duyệt | AXG4: Giá mua | AXH4: Giá duyệt | AXI4: Giá mua | AXJ4: Giá duyệt | AXK4: Giá mua | AXL4: Giá duyệt | AXM4: Giá mua | AXN4: Giá duyệt | AXO4: Giá mua | AXP4: Giá duyệt | AXQ4: Giá mua | AXR4: Giá duyệt | AXS4: Giá mua | AXT4: Giá duyệt | AXU4: Giá mua | AXV4: Giá duyệt | AXW4: Giá mua | AXX4: Giá duyệt | AXY4: Giá mua | AXZ4: Giá duyệt | AYA4: Giá mua | AYB4: Giá duyệt | AYC4: Giá mua | AYD4: Giá duyệt | AYE4: Giá mua | AYF4: Giá duyệt | AYG4: Giá mua | AYH4: Giá duyệt | AYI4: Giá mua | AYJ4: Giá duyệt | AYK4: Giá mua | AYL4: Giá duyệt | AYM4: Giá mua | AYN4: Giá duyệt | AYO4: Giá mua | AYP4: Giá duyệt | AYQ4: Giá mua | AYR4: Giá duyệt | AYS4: Giá mua | AYT4: Giá duyệt | AYU4: Giá mua | AYV4: Giá duyệt | AYW4: Giá mua | AYX4: Giá duyệt | AYY4: Giá mua | AYZ4: Giá duyệt | AZA4: Giá mua | AZB4: Giá duyệt | AZC4: Giá mua | AZD4: Giá duyệt | AZE4: Giá mua | AZF4: Giá duyệt | AZG4: Giá mua | AZH4: Giá duyệt | AZI4: Giá mua | AZJ4: Giá duyệt | AZK4: Giá mua | AZL4: Giá duyệt | AZM4: Giá mua | AZN4: Giá duyệt | AZO4: Giá mua | AZP4: Giá duyệt | AZQ4: Giá mua | AZR4: Giá duyệt | AZS4: Giá mua | AZT4: Giá duyệt | AZU4: Giá mua | AZV4: Giá duyệt | AZW4: Giá mua | AZX4: Giá duyệt | AZY4: Giá mua | AZZ4: Giá duyệt | BAA4: Giá mua | BAB4: Giá duyệt | BAC4: Giá mua | BAD4: Giá duyệt | BAE4: Giá mua | BAF4: Giá duyệt | BAG4: Giá mua | BAH4: Giá duyệt | BAI4: Giá mua | BAJ4: Giá duyệt | BAK4: Giá mua | BAL4: Giá duyệt | BAM4: Giá mua | BAN4: Giá duyệt | BAO4: Giá mua | BAP4: Giá duyệt | BAQ4: Giá mua | BAR4: Giá duyệt | BAS4: Giá mua | BAT4: Giá duyệt | BAU4: Giá mua | BAV4: Giá duyệt | BAW4: Giá mua | BAX4: Giá duyệt | BAY4: Giá mua | BAZ4: Giá duyệt | BBA4: Giá mua | BBB4: Giá duyệt | BBC4: Giá mua | BBD4: Giá duyệt | BBE4: Giá mua | BBF4: Giá duyệt | BBG4: Giá mua | BBH4: Giá duyệt | BBI4: Giá mua | BBJ4: Giá duyệt | BBK4: Giá mua
A5: I. Chai + Vảy PET
