Workbook
Name \T: #REF!
Name \T: #REF!
Name \T: #REF!
Name \T: #REF!
Name \T: #REF!
Name \T: #REF!
Name \T: #REF!
Name \T: #REF!
Name \T: #REF!
Name \T: #REF!
Name \T: #REF!
Name __dao1: '[1]CT Thang Mo'!$B$189:$H$189
Name __dao2: '[1]CT Thang Mo'!$B$161:$H$161
Name __dap2: '[1]CT Thang Mo'!$B$162:$H$162
Name __day1: '[2]Chiet tinh dz22'!#REF!
Name __day2: '[3]Chiet tinh dz35'!$H$3
Name __dbu1: '[1]CT Thang Mo'!#REF!
Name __dbu2: '[1]CT Thang Mo'!$B$93:$F$93
Name __doi3: '[4]truc tiep'!#REF!
Name __E99999: #REF!
Name __Jan02: '[5]FG waste'!#REF!
Name __lap1: #REF!
Name __lap2: #REF!
Name __vc1: '[1]CT Thang Mo'!$B$34:$H$34
Name __vc2: '[1]CT Thang Mo'!$B$35:$H$35
Name __vc3: '[1]CT Thang Mo'!$B$36:$H$36
Name _01_01_99: #REF!
Name _01_02_99: #REF!
Name _01_03_99: #REF!
Name _01_04_99: #REF!
Name _01_05_99: #REF!
Name _01_06_99: #REF!
Name _01_07_99: #REF!
Name _01_08_1999: #REF!
Name _1CAP002: [6]MTP!#REF!
Name _2STREO7: [7]MTP!#REF!
Name _4GOIC01: [8]MTP!#REF!
Name _4OSLCTT: [8]MTP!#REF!
Name _6BNTTTH: [7]MTP1!#REF!
Name _6DCTTBO: [7]MTP1!#REF!
Name _6DD24TT: [7]MTP1!#REF!
Name _6FCOTBU: [7]MTP1!#REF!
Name _6LATUBU: [7]MTP1!#REF!
Name _6SDTT24: [7]MTP1!#REF!
Name _6TBUDTT: [7]MTP1!#REF!
Name _6TDDDTT: [7]MTP1!#REF!
Name _6TLTTTH: [7]MTP1!#REF!
Name _6TUBUTT: [7]MTP1!#REF!
Name _6UCLVIS: [7]MTP1!#REF!
Name _7DNCABC: [7]MTP1!#REF!
Name _7HDCTBU: [7]MTP1!#REF!
Name _7PKTUBU: [7]MTP1!#REF!
Name _7TBHT20: [7]MTP1!#REF!
Name _7TBHT30: [7]MTP1!#REF!
Name _7TDCABC: [7]MTP1!#REF!
Name _dao1: '[1]CT Thang Mo'!$B$189:$H$189
Name _dao2: '[1]CT Thang Mo'!$B$161:$H$161
Name _dap2: '[1]CT Thang Mo'!$B$162:$H$162
Name _day1: '[2]Chiet tinh dz22'!#REF!
Name _day2: '[3]Chiet tinh dz35'!$H$3

Sheet Nguyên tắc trình bày
A2: 1 | B2: Tiêu đề các biểu đồ font chữ size 24
A3: 2 | B3: Không để số âm vùng chênh lệch
A4: 3 | B4: font Size số, chữ đều là 14, time new roman , chữ đen
A5: 4 | B5: Zoom 90%, theo khung canh của anh Lộc, đã chỉnh làm mẫu tại sheet "vảy HDPE 2023-Tuần"
A6: 5 | B6: Kéo ngang và dọc cho nó cân xứng
A7: 6 | B7: trình bày 25 tuần gần nhất
A8: 7 | B8: Giá mua trung bình các loại vảy: (HDPE: vảy trong, PET: vảy A4 đến A6)

Sheet 01.Chai B1- Tháng
BK2: Năm 2022 | BP2: Năm 2022
BI3: Data | BJ3: 13 | BK3: 1 | BL3: 2 | BM3: 3 | BN3: 4 | BO3: 5 | BP3: T6/22 | BQ3: 7 | BR3: 8 | BS3: 9 | BT3: 10 | BU3: 11 | BV3: 12 | BW3: 1/23 | BX3: 2 | BY3: 3 | BZ3: 4 | CA3: 5 | CB3: 6 | CC3: 7 | CD3: 8 | CE3: 9 | CF3: 10 | CG3: 11 | CH3: 12 | CI3: 1.24 | CJ3: 2 | CK3: 3 | CL3: 4 | CM3: 5 | CN3: 6 | CO3: 7 | CP3: 8 | CQ3: 9 | CR3: 10 | CS3: 11 | CT3: 12 | CU3: 1.25 | CV3: 2 | CW3: 3 | CX3: 4
BI4: Tỷ giá USD | BJ4: 22920 | BK4: 23180 | BL4: 23108 | BM4: 23108 | BN4: 23108 | BO4: 23108 | BP4: 23150 | BQ4: 23150 | BR4: 23150 | BS4: 23150 | BT4: 23500 | BU4: 23500 | BV4: 23380 | BW4: 23250 | BX4: 23570 | BY4: 23260 | BZ4: 23260 | CA4: 23295 | CB4: 23330 | CC4: 23380 | CD4: 23840 | CE4: 23960 | CF4: 24280 | CG4: 24730 | CH4: 24930 | CI4: 24210 | CJ4: 24250 | CK4: 24490 | CL4: 24690 | CM4: 25475 | CN4: 25250 | CO4: 25750 | CP4: 25130 | CQ4: 24580 | CR4: 24410 | CS4: 25120 | CT4: 25140 | CU4: 25290 | CV4: 25050 | CW4: 25400 | CX4: 25460
BI5: Giá keo chính phẩm | BJ5: 1122 | BK5: 1165 | BL5: 1272.5 | BM5: 1346 | BN5: 1297.5 | BO5: 1316.6667 | BP5: =B36*BP4/1000 -> 32178.5 | BQ5: =C36*BQ4/1000 -> 28243 | BR5: =D36*BR4/1000 -> 29400.5 | BS5: =E36*BS4/1000 -> 27548.5 | BT5: =F36*BT4/1000 -> 26555 | BU5: =G36*BU4/1000 -> 24440 | BV5: =H36*BV4/1000 -> 22853.95 | BW5: =I36*BW4/1000 -> 23250 | ... CX5: =AJ36*CX4/1000 -> 20622.6
BI6: Giá duyệt mua chai B1 | BJ6: 688.17627 | BK6: =BK16/BK4*1000 -> 0 | BL6: =BL16/BL4*1000 -> 0 | BM6: =BM16/BM4*1000 -> 0 | BN6: =BN16/BN4*1000 -> 0 | BO6: =BO16/BO4*1000 -> 0 | BP6: 18000 | BQ6: 18000 | BR6: 18000 | BS6: 16500 | BT6: 16500 | BU6: 16500 | BV6: 15500 | BW6: 14500 | BX6: 14500 | BY6: 15500 | BZ6: 15500 | CA6: 15500 | CB6: 13500 | CC6: 13000 | CD6: 13000 | CE6: 13500 | CF6: 14500 | CG6: 15000 | CH6: 15000 | CI6: 16500 | CJ6: 16500 | CK6: 16500 | CL6: 17500 | CM6: 17500 | CN6: 17500 | CO6: 16500 | CP6: 17000 | CQ6: 17500 | CR6: 17400 | CS6: 17700 | CT6: 17700 | CU6: =+(16800) -> 16800 | CV6: =+(16800) -> 16800 | CW6: =+(17200) -> 17200 | CX6: 18000
BI7: Giá bale ĐNA | BP7: =BP16*BP4/1000 -> 14237.25 | BQ7: =BQ16*BQ4/1000 -> 13890 | BR7: =BR16*BR4/1000 -> 13156.917 | BS7: =BS16*BS4/1000 -> 13156.917 | BT7: =BT16*BT4/1000 -> 13351.917 | BU7: =BU16*BU4/1000 -> 12220 | BV7: =BV16*BV4/1000 -> 10918.46 | BW7: =BW16*BW4/1000 -> 10776.375 | ... CX7: =CX16*CX4/1000 -> 15461.858
BI8: Giá chai B1 thực tế mua trung bình | BJ8: 15773 | BK8: 15974 | BL8: 15997 | BM8: 16512 | BN8: 17232 | BO8: 17845 | BP8: 17949.169 | BQ8: 18008.203 | BR8: 17709.211 | BS8: 16436.763 | BT8: 16498.897 | BU8: 16968.763 | BV8: 16873.812 | BW8: 14486.456 | BX8: 14337.016 | BY8: 15026.124 | BZ8: 14967.788 | CA8: 14928.984 | CB8: 13867.306 | CC8: 12969.009 | CD8: 12977.364 | CE8: 13498.82 | CF8: 14413.011 | CG8: 15100 | CH8: 15100 | CI8: 16099.441 | CJ8: 16332.331 | CK8: =16233.8475760353+377 -> 16610.848 | CL8: 17757.505 | CM8: 17263.633 | CN8: 17209.798 | CO8: 16215.033 | CP8: 16527.439 | CQ8: 16645.01 | CR8: 16492.39 | CS8: 16673.362 | CT8: 16581.723 | CU8: 16882.91 | CV8: 17173.91 | CW8: 17802.737 | CX8: 18000
BI9: Giá chai B1 thể hiện | BJ9: 688.17627 | BK9: 689.12856 | BL9: 692.27107 | BM9: 714.55773 | BN9: 745.71577 | BO9: 772.24338 | BP9: =BP6 -> 18000 | BQ9: =BQ6 -> 18000 | BR9: =BR6 -> 18000 | BS9: =BS6 -> 16500 | BT9: =BT6 -> 16500 | BU9: =BU6 -> 16500 | BV9: =BV6 -> 15500 | BW9: =BW6 -> 14500 | ... CX9: =CX6 -> 18000
BI10: % Keo chính phẩm so với chai B1 | BJ10: 0.63039625 | BK10: 0.69054088 | BL10: 0.83815278 | BM10: 0.88368266 | BN10: 0.73993907 | BO10: 0.70498926 | BP10: =BP13/BP6 -> 0.78769444 | BQ10: =BQ13/BQ6 -> 0.56905556 | BR10: =BR13/BR6 -> 0.63336111 | BS10: =BS13/BS6 -> 0.66960606 | BT10: =BT13/BT6 -> 0.60939394 | BU10: =BU13/BU6 -> 0.48121212 | BV10: =BV13/BV6 -> 0.47444839 | BW10: =BW13/BW6 -> 0.60344828 | ... CX10: =CX13/CX6 -> 0.1457
BI11: % Giá chính phẩm tháng sau so với tháng trước | BK11: 0.038324421 | BL11: 0.092274678 | BM11: 0.057760314 | BN11: -0.036032689 | BO11: 0.014771997 | BP11: 0.055696203 | BQ11: -0.12230216 | BR11: 0.040983607 | BS11: -0.062992126 | BT11: -0.050420168 | BU11: -0.079646018 | BV11: -0.13495575 | BW11: -0.038461538 | BX11: 0.069053708 | BY11: 0.02 | BZ11: 0.009569378 | CA11: -0.045098039 | CB11: -0.14691943 | CC11: -0.14691943 | CD11: -0.14691943 | CE11: -0.14691943 | CF11: -0.14691943 | CG11: -0.14691943 | CH11: -0.14691943 | CI11: -0.14691943 | CJ11: -0.14691943 | CK11: -0.14691943 | CL11: -0.14691943 | CM11: -0.14691943 | CN11: -0.14691943 | CO11: -0.14691943 | CP11: -0.14691943 | CQ11: -0.14691943 | CR11: -0.14691943 | CS11: -0.14691943 | CT11: -0.14691943 | CU11: -0.14691943 | CV11: -0.14691943 | CW11: -0.14691943 | CX11: -0.14691943
BI12: % Giá chai B1 tháng sau so với tháng trước | BK12: 0.0013837935 | BL12: 0.00456013 | BM12: 0.032193536 | BN12: 0.043604651 | BO12: 0.035573352 | BP12: 0.0040031347 | BQ12: 0.0032870912 | BR12: -0.017658818 | BS12: -0.070830978 | BT12: -0.011177818 | BU12: 0.028486575 | BV12: -0.0059372285 | BW12: -0.16408421 | BX12: -0.14405873 | BY12: 0.037253294 | BZ12: 0.04399603 | CA12: -0.0064647859 | CB12: -0.06465806 | CC12: -0.06465806 | CD12: -0.06465806 | CE12: -0.06465806 | CF12: -0.06465806 | CG12: -0.06465806 | CH12: -0.06465806 | CI12: -0.06465806 | CJ12: -0.06465806 | CK12: -0.06465806 | CL12: -0.06465806 | CM12: -0.06465806 | CN12: -0.06465806 | CO12: -0.06465806 | CP12: -0.06465806 | CQ12: -0.06465806 | CR12: -0.06465806 | CS12: -0.06465806 | CT12: -0.06465806 | CU12: -0.06465806 | CV12: -0.06465806 | CW12: -0.06465806 | CX12: -0.06465806
BI13: Chênh lệch | BJ13: 433.82373 | BK13: 475.87144 | BL13: 580.22893 | BM13: 631.44227 | BN13: 551.78423 | BO13: 544.42329 | BP13: =BP5-BP6 -> 14178.5 | BQ13: =BQ5-BQ6 -> 10243 | BR13: =BR5-BR6 -> 11400.5 | BS13: =BS5-BS6 -> 11048.5 | BT13: =BT5-BT6 -> 10055 | BU13: =BU5-BU6 -> 7940 | BV13: =BV5-BV6 -> 7353.95 | BW13: =BW5-BW6 -> 8750 | ... CX13: =CX5-CX6 -> 2622.6
BI14: Giá bán rPET | BK14: 1300 | BL14: 1300 | BM14: 1450 | BN14: 1550 | BO14: 1550 | BP14: 1550 | BQ14: 1550 | BR14: 1480 | BS14: 1409.7447 | BT14: 1409.7447 | BU14: 1379.9766 | BV14: 1330 | BW14: 1330 | BX14: 1330 | BY14: 1380 | BZ14: 1380 | CA14: 1380 | CB14: 1350 | CC14: 1300 | CD14: 1250 | CE14: 1250 | CF14: 1250 | CG14: 1250 | CH14: 1250 | CI14: 1250 | CJ14: 1250 | CK14: 1250 | CL14: 1250 | CM14: 1300 | CN14: 1300 | CO14: 1300 | CP14: 1300 | CQ14: 1310 | CR14: 1325 | CS14: 1325 | CT14: 1325 | CU14: 1325 | CV14: 1250 | CW14: 1250 | CX14: 1250
BI15: Giá chính phẩm dự báo | BK15: 1165 | BL15: 1272.5 | BM15: 1346 | BN15: 1297.5 | BO15: 1316.6667 | BP15: 1390 | BQ15: 1220 | BR15: 1270 | BS15: 1190 | BT15: 1130 | BU15: 1040 | BV15: 977.5 | BW15: 1000 | BX15: 1045 | BY15: 1020 | BZ15: 1055 | CA15: 974 | CB15: =CB5 -> 20880.35 | CC15: =CC5 -> 21112.14 | CD15: =CD5 -> 21885.12 | CE15: =CE5 -> 22282.8 | CF15: =CF5 -> 22398.3 | CG15: =CG5 -> 22257 | CH15: =CH5 -> 22437 | CI15: =CI5 -> 22515.3 | ... CX15: =CX5 -> 20622.6
BI16: Giá bale ĐNA ( USD) | BP16: 615 | BQ16: 600 | BR16: 568.33333 | BS16: 568.33333 | BT16: 568.16667 | BU16: 520 | BV16: 467 | BW16: 463.5 | BX16: 451.5 | BY16: 471.66667 | BZ16: 501.66667 | CA16: 472.5 | CB16: 454.33333 | CC16: 453 | CD16: 433.2 | CE16: 412.7 | CF16: 419.2 | CG16: 457.4 | CH16: 474.1 | CI16: 474.1 | CJ16: 495.7 | CK16: 494.3 | CL16: 515.7 | CM16: 560 | CN16: 563.5 | CO16: 567.2 | CP16: 579.4 | CQ16: 602 | CR16: 635.5 | CS16: 630.7 | CT16: 613.3 | CU16: 588.8 | CV16: 595.2 | CW16: 595.2 | CX16: 607.3
BI17: Giá mua chai B0 | BW17: 8708.4662 | BX17: 9206.5027 | BY17: 10350.583 | BZ17: 10630.801 | CA17: 9861.484 | CB17: 9199.095 | CC17: 8896.0365 | CD17: 9246.3978 | CE17: 9607.8931 | CF17: 10586.188 | CG17: 11153.125 | CH17: 11113.72 | CI17: 11099.755 | CJ17: 11015.602 | CK17: 11145.196 | CL17: 12500 | CM17: 13000 | CN17: 13000 | CO17: 11500 | CP17: 11500 | CQ17: 12000 | CR17: 11700 | CS17: 12000 | CT17: 12000 | CU17: 12300 | CV17: 12300 | CW17: 12500 | CX17: 13500
A35: Tháng | B35: 06/22 | C35: 7 | D35: 8 | E35: 9 | F35: 10 | G35: 11 | H35: 12 | I35: 1/23 | J35: 2 | K35: 3 | L35: 4 | M35: 5 | N35: 6 | O35: 7 | P35: 8 | Q35: 9 | R35: 10 | S35: 11 | T35: 12 | U35: 1.24 | V35: 2 | W35: 3 | X35: 4 | Y35: 5 | Z35: 6 | AA35: 7 | AB35: 8 | AC35: 9 | AD35: 10 | AE35: 11 | AF35: 12 | AG35: 1.25 | AH35: 2 | AI35: 3 | AJ35: 4
A36: Giá RESIN (USD/ Tấn) | B36: 1390 | C36: 1220 | D36: 1270 | E36: 1190 | F36: 1130 | G36: 1040 | H36: 977.5 | I36: 1000 | J36: 1045 | K36: 1020 | L36: 1055 | M36: 974 | N36: 895 | O36: 903 | P36: 918 | Q36: 930 | R36: 922.5 | S36: 900 | T36: 900 | U36: 930 | V36: 943 | W36: 940 | X36: 940 | Y36: 942 | Z36: 950 | AA36: 948 | AB36: 930 | AC36: 880 | AD36: 862.5 | AE36: 852 | AF36: 840 | AG36: 828 | AH36: 840 | AI36: 823 | AJ36: 810
A45: 1. Sửa lại Tiêu đề (đã chỉnh biểu đồ bên dưới)
A46: 2. chỉnh lại size để thấy 1 màn hình
A47: 3. biểu đồ trình bày bằng VNĐ/kg, lấy tỷ giá tại ngày cuối tháng
A48: 4. Bảng số liệu chỉ trình bày 1 dòng giá keo chính phẩm bằng usd/tấn
A49: 5. Thêm 1 đường giá thực mua trung bình hàng tháng

Sheet Chart B1_Tuần
AM43: Năm 2022
AK44: Data | AL44: 33 | AM44: 34 | AN44: 35 | AO44: 36 | AP44: 37 | AQ44: 38 | AR44: 39 | AS44: 40 | AT44: 41 | AU44: 42 | AV44: 43 | AW44: 44 | AX44: 45 | AY44: 46 | AZ44: 47 | BA44: 48 | BB44: 49 | BC44: 50 | BD44: 51 | BE44: 52 | BF44: 1 | BG44: 2 | BH44: 3 | BI44: 4 | BJ44: 5 | BK44: 6 | BL44: 7 | BM44: 8 | BN44: 9 | BO44: 10 | BP44: 11 | BQ44: 12 | BR44: 13 | BS44: 14 | BT44: 15 | BU44: 16 | BV44: 17 | BW44: 18 | BX44: 19 | BY44: 20 | BZ44: 21 | CA44: 22 | CB44: 23 | CC44: 24 | CD44: 25 | CE44: 26 | CF44: 27 | CG44: 28 | CH44: 29 | CI44: 30 | CJ44: 31 | CK44: 32 | CL44: 33 | CM44: 34
AK45: Tỷ giá USD | AL45: 23150 | AM45: 23150 | AN45: 23150 | AO45: 23500 | AP45: 23500 | AQ45: 23500 | AR45: 23500 | AS45: 23500 | AT45: 23500 | AU45: 23500 | AV45: 23500 | AW45: 24600 | AX45: 24600 | AY45: 24600 | AZ45: 24600 | BA45: 24600 | BB45: 24000 | BC45: 24000 | BD45: 24000 | BE45: 24000 | BF45: 24760 | BG45: 24200 | BH45: 24330 | BI45: 24410 | BJ45: 24380 | BK45: 24220 | BL45: 24250 | BM45: 24380 | BN45: 24550 | BO45: 24530 | BP45: 24500 | BQ45: 24570 | BR45: 24620 | BS45: 24650 | BT45: 24810 | BU45: 25020 | BV45: 25240 | BW45: 25150 | BX45: 25180 | BY45: 25230 | BZ45: 25250 | CA45: 25280 | CB45: 25260 | CC45: 25250 | CD45: 25260 | CE45: 25260 | CF45: 25260 | CG45: 25220 | CH45: 25190 | CI45: 25170 | CJ45: 25120 | CK45: 24930 | CL45: 24970 | CM45: 24810
AK46: Giá bale ĐNA | AL46: 1220 | AM46: 1190 | AN46: 1160 | AO46: 1160 | AP46: 1160 | AQ46: 1130 | AR46: 1130 | AS46: 1100 | AT46: 1100 | AU46: 1070 | AV46: 1040 | AW46: 995 | AX46: 538.5 | AY46: 520.66667 | AZ46: 520.66667 | BA46: 508 | BB46: 520 | BC46: 512.83333 | BD46: 464 | BE46: 467 | BF46: =BF55*BF45/1000 -> 12273.532 | BG46: =BG55*BG45/1000 -> 11995.94 | BH46: =BH55*BH45/1000 -> 12060.381 | BI46: =BI55*BI45/1000 -> 12100.037 | BJ46: =BJ55*BJ45/1000 -> 12085.166 | BK46: =BK55*BK45/1000 -> 11970.735 | BL46: =BL55*BL45/1000 -> 11985.562 | BM46: =BM55*BM45/1000 -> 12049.815 | ... CM46: =CM55*CM45/1000 -> 14375.658
AK47: Giá duyệt mua chai B1 | AL47: 774.65803 | AM47: 773.14615 | AN47: 776.38589 | AO47: 702.12766 | AP47: 702.12766 | AQ47: 702.12766 | AR47: 702.12766 | AS47: 702.12766 | AT47: 702.12766 | AU47: 702.12766 | AV47: 702.12766 | AW47: 670.73171 | AX47: 670.73171 | AY47: 695.81402 | AZ47: 706.10846 | BA47: 719.78422 | BB47: 714.51263 | BC47: 723.60817 | BD47: 716.11607 | BE47: 658.89104 | BF47: 16500 | BG47: 16500 | BH47: 16500 | BI47: 16500 | BJ47: 16500 | BK47: 16500 | BL47: 16500 | BM47: 16500 | BN47: 16500 | BO47: 16500 | BP47: 16500 | BQ47: 16500 | BR47: 16500 | BS47: 17500 | BT47: 17500 | BU47: 17500 | BV47: 17500 | BW47: 17500 | BX47: 17500 | BY47: 17500 | BZ47: 17500 | CA47: 17500 | CB47: 17000 | CC47: 17000 | CD47: 17000 | CE47: 17000 | CF47: 16000 | CG47: 16000 | CH47: 16500 | CI47: 16500 | CJ47: 16500 | CK47: 16500 | CL47: 17000 | CM47: 17000
AK48: Giá chai B1 thực tế mua trung bình | AL48: 17933.333 | AM48: 17898.333 | AN48: 17973.333 | AO48: 16500 | AP48: 16500 | AQ48: 16500 | AR48: 16500 | AS48: 16500 | AT48: 16500 | AU48: 16500 | AV48: 16500 | AW48: 16500 | AX48: 16500 | AY48: 17117.025 | AZ48: 17370.268 | BA48: 17706.692 | BB48: 17148.303 | BC48: 17366.596 | BD48: 17186.786 | BE48: 15813.385 | BF48: 16071.933 | BG48: 16132.36 | BH48: 15988.717 | BI48: 16054.687 | BJ48: 16330.181 | BK48: 16448.82 | BM48: 16368.322 | BN48: 16350.379 | BO48: 16240.766 | BP48: 16182.893 | BQ48: 16213.85 | BR48: 16205.294 | BS48: 17370.845 | BT48: 17486.483 | BU48: 17457.58 | BV48: 17456.87 | BW48: 17193.951 | BX48: 17260.101 | BY48: 17277.914 | BZ48: 17254.469 | CA48: 17259.324 | CB48: 17143.286 | CC48: 17175.785 | CD48: 17311.471 | CE48: 17213.644 | CF48: 16000 | CG48: 15933.143 | CH48: 16357.132 | CI48: 16422.84 | CJ48: 16500 | CK48: 16471.302 | CL48: 16618.706 | CM48: 17000
AK49: Giá chai B1 thể hiện | AL49: 774.65803 | AM49: 773.14615 | AN49: 776.38589 | AO49: 702.12766 | AP49: 702.12766 | AQ49: 702.12766 | AR49: 702.12766 | AS49: 702.12766 | AT49: 702.12766 | AU49: 702.12766 | AV49: 702.12766 | AW49: 670.73171 | AX49: 670.73171 | AY49: 695.81402 | AZ49: 706.10846 | BA49: 719.78422 | BB49: 714.51263 | BC49: 723.60817 | BD49: 716.11607 | BE49: 658.89104 | BF49: =BF47 -> 16500 | BG49: =BG47 -> 16500 | BH49: =BH47 -> 16500 | BI49: =BI47 -> 16500 | BJ49: =BJ47 -> 16500 | BK49: =BK47 -> 16500 | BL49: =BL47 -> 16500 | BM49: =BM47 -> 16500 | ... CM49: =CM47 -> 17000
AK50: % Giá chính phẩm so với với chai B1 | AL50: 0.57488848 | AM50: 0.53916566 | AN50: 0.49410237 | AO50: 0.65212121 | AP50: 0.65212121 | AQ50: 0.60939394 | AR50: 0.60939394 | AS50: 0.56666667 | AT50: 0.56666667 | AU50: 0.52393939 | AV50: 0.48121212 | AW50: 0.48345455 | AX50: 0.19714545 | AY50: 0.25171576 | AZ50: 0.26262508 | BA50: 0.29423293 | BB50: 0.27223119 | BC50: 0.29128311 | BD50: 0.35206034 | BE50: 0.29123335 | BF50: =BF53/BF47 -> 0.35054545 | BG50: =BG53/BG47 -> 0.37866667 | BH50: =BH53/BH47 -> 0.38607273 | BI50: =BI53/BI47 -> 0.3906303 | BJ50: =BJ53/BJ47 -> 0.40369697 | BK50: =BK53/BK47 -> 0.37980606 | BL50: =BL53/BL47 -> 0.38151515 | BM50: =BM53/BM47 -> 0.38892121 | ... CM50: =CM53/CM47 -> 0.37184706
AK51: % Giá chính phẩm tuần sau so với tuần trước | AM51: -0.024590164 | AN51: -0.025210084 | AO51: 0 | AP51: 0 | AQ51: -0.025862069 | AR51: 0 | AS51: -0.026548673 | AT51: 0 | AU51: -0.027272727 | AV51: -0.028037383 | AW51: -0.043269231 | AX51: -0.45879397 | AY51: -0.033116682 | AZ51: 0 | BA51: -0.024327785 | BB51: 0.023622047 | BC51: -0.013782051 | BD51: -0.095222619 | BE51: 0.0064655172 | BF51: -0.021413276 | BG51: 0.014587892 | BH51: 0.0082674335 | BI51: 0.0082674335 | BJ51: -0.0085561497 | BK51: -0.016540813 | BL51: -0.058590942 | BM51: -0.029475198 | BN51: -0.034224599 | BO51: -0.023013305 | BP51: 0.024497258 | BQ51: 0.073310424 | BR51: 0.048888889 | BS51: 0.080841639 | BT51: 0.081339713 | BU51: 0.057815846 | BV51: 0.070793312 | BW51: 0.069915254 | BX51: 0.039275956 | BY51: -0.0030633084 | BZ51: -0.040148448 | CA51: -0.058139535 | CB51: -0.07029703 | CC51: -0.074268814 | CD51: -0.074268814 | CE51: -0.074268814 | CF51: -0.074268814 | CG51: -0.074268814 | CH51: -0.074268814 | CI51: -0.074268814 | CJ51: -0.074268814 | CK51: -0.074268814 | CL51: -0.074268814 | CM51: -0.074268814
AK52: % Giá chai B1 tuần sau so với tuần trước | AM52: -0.0019516729 | AN52: 0.0041903343 | AO52: -0.095646032 | AP52: 0 | AQ52: 0 | AR52: 0 | AS52: 0 | AT52: 0 | AU52: 0 | AV52: 0 | AW52: -0.044715447 | AX52: 0 | AY52: 0.037395451 | AZ52: 0.014794811 | BA52: 0.019367794 | BB52: -0.0073238572 | BC52: 0.012729718 | BD52: -0.01035381 | BE52: -0.079910267 | BF52: -0.0844465 | BG52: -0.00020721094 | BH52: 0.0060794473 | BI52: 0.0060794473 | BJ52: -0.0050127034 | BK52: -0.0053830228 | BL52: -0.013195164 | BM52: -0.011813472 | BN52: 0.02087482 | BO52: 0.036783989 | BP52: 0.044407438 | BQ52: 0.048655839 | BR52: 0.05033557 | BS52: 0.0078697787 | BT52: -0.0061905079 | BU52: -0.0041190539 | BV52: -0.00013352026 | BW52: 0.002329606 | BX52: -0.0043379605 | BY52: -0.0050234427 | BZ52: -0.009006004 | CA52: 0.04199773 | CB52: -0.045487748 | CC52: -0.063543133 | CD52: -0.063543133 | CE52: -0.063543133 | CF52: -0.063543133 | CG52: -0.063543133 | CH52: -0.063543133 | CI52: -0.063543133 | CJ52: -0.063543133 | CK52: -0.063543133 | CL52: -0.063543133 | CM52: -0.063543133
AK53: Chênh lệch | AL53: 445.34197 | AM53: 416.85385 | AN53: 383.61411 | AO53: 457.87234 | AP53: 457.87234 | AQ53: 427.87234 | AR53: 427.87234 | AS53: 397.87234 | AT53: 397.87234 | AU53: 367.87234 | AV53: 337.87234 | AW53: 324.26829 | AX53: -132.23171 | AY53: -175.14736 | AZ53: -185.44179 | BA53: -211.78422 | BB53: -194.51263 | BC53: -210.77484 | BD53: -252.11607 | BE53: -191.89104 | BF53: =BF54-BF47 -> 5784 | BG53: =BG54-BG47 -> 6248 | BH53: =BH54-BH47 -> 6370.2 | BI53: =BI54-BI47 -> 6445.4 | BJ53: =BJ54-BJ47 -> 6661 | BK53: =BK54-BK47 -> 6266.8 | BL53: =BL54-BL47 -> 6295 | BM53: =BM54-BM47 -> 6417.2 | ... CM53: =CM54-CM47 -> 6321.4
AK54: Giá chính phẩm | BF54: =BF56*BF45/1000 -> 22284 | BG54: =BG56*BG45/1000 -> 22748 | BH54: =BH56*BH45/1000 -> 22870.2 | BI54: =BI56*BI45/1000 -> 22945.4 | BJ54: =BJ56*BJ45/1000 -> 23161 | BK54: =BK56*BK45/1000 -> 22766.8 | BL54: =BL56*BL45/1000 -> 22795 | BM54: =BM56*BM45/1000 -> 22917.2 | ... CM54: =CM56*CM45/1000 -> 23321.4
AK55: Giá bale ĐNA USD | BF55: 495.7 | BG55: 495.7 | BH55: 495.7 | BI55: 495.7 | BJ55: 495.7 | BK55: 494.25 | BL55: 494.25 | BM55: 494.25 | BN55: 494.25 | BO55: 514.42 | BP55: 514.42 | BQ55: 514.42 | BR55: 514.42 | BS55: 551 | BT55: 551 | BU55: 551 | BV55: 551 | BW55: 569.88 | BX55: 569.88 | BY55: 569.88 | BZ55: 569.88 | CA55: 569.88 | CB55: 567.17 | CC55: 567.17 | CD55: 567.17 | CE55: 567.17 | CF55: 579.43 | CG55: 579.43 | CH55: 579.43 | CI55: 579.43 | CJ55: 579.43 | CK55: 579.43 | CL55: 579.43 | CM55: 579.43
AK56: Giá chính phẩm USD | BF56: 900 | BG56: 940 | BH56: 940 | BI56: 940 | BJ56: 950 | BK56: 940 | BL56: 940 | BM56: 940 | BN56: 940 | BO56: 940 | BP56: 940 | BQ56: 940 | BR56: 940 | BS56: 940 | BT56: 940 | BU56: 940 | BV56: 940 | BW56: 940 | BX56: 940 | BY56: 950 | BZ56: 950 | CA56: 950 | CB56: 950 | CC56: 950 | CD56: 950 | CE56: 950 | CF56: 950 | CG56: 940 | CH56: 940 | CI56: 940 | CJ56: 940 | CK56: 940 | CL56: 940 | CM56: 940
AK57: Giá mua chai B0 | BF57: 11099.755 | BG57: 11099.755 | BH57: 11099.755 | BI57: 11099.755 | BJ57: 11015.602 | BK57: 11015.602 | BL57: 11015.602 | BM57: 11015.602 | BN57: 11145.196 | BO57: 11145.196 | BP57: 11145.196 | BQ57: 11145.196 | BR57: 11145.196 | BS57: 11936.111 | BT57: 12163.111 | BU57: 12344.4 | BV57: 12384.111 | BW57: 12580.25 | BX57: 12764.889 | BY57: 12785.778 | BZ57: 12764.056 | CA57: 12808.067 | CB57: 12816.278 | CC57: 12793.5 | CD57: 12766.722 | CE57: 12278.111 | CF57: 11307.167 | CG57: 11044.611 | CH57: 11307.111 | CI57: 11363.81 | CJ57: 11350.278 | CK57: 11352.056 | CL57: 11366.889 | CM57: 11454.42
B69: Tháng | P69: T6 | X69: T12 | Z69: GAP giữa T6 & T12
B70: % chênh lệch giữa keo chính phẩm so với chai B1 | P70: 0.85859936 | X70: 0.49014925 | Z70: 0.36845011
E71: 1165, | F71: 1272.5, | P71: 1346, | Q71: 1297.5, | R71: 1316.66666666665,1390,1220,1270,1190,1130,1040,1040 | T71: 1270 | U71: 1190 | V71: 1130 | W71: 1040 | X71: 1040
V72: -13700
E73: 1165,1272.5,1346,1297.5,1316.66666666665,1390,1220,1270,1190,1130,1040,1040
E75: 1165 | F75: 1272.5 | P75: 1346 | Q75: 1297.5 | R75: 1316.6667 | S75: 1390 | T75: 1220 | U75: 1270 | V75: 1190 | W75: 1130 | X75: 1040 | Y75: 1040
B76: tỉ lệ | E76: 27960 | F76: 30540 | P76: 32304 | Q76: 31140 | R76: 31600 | S76: 33360 | T76: 29280 | U76: 30480 | V76: 28560 | W76: 27120 | X76: 24960 | Y76: 24960

Sheet 02. Vảy PET- Tháng
AR3: Data | AS3: 1.23 | AT3: 2 | AU3: 3 | AV3: 4 | AW3: 5 | AX3: 6 | AY3: 7 | AZ3: 8 | BA3: 9 | BB3: 10 | BC3: 11 | BD3: 12 | BE3: 1.24 | BF3: 2 | BG3: 3 | BH3: 4 | BI3: 5 | BJ3: 6 | BK3: 7 | BL3: 8 | BM3: 9 | BN3: 10 | BO3: 11 | BP3: 12 | BQ3: 1.25 | BR3: 2 | BS3: 3 | BT3: 4
AR4: Tỷ giá USD | AS4: 23250 | AT4: 23570 | AU4: 23260 | AV4: 23260 | AW4: 23295 | AX4: 23330 | AY4: 23380 | AZ4: 23840 | BA4: 23960 | BB4: 24280 | BC4: 24730 | BD4: 24930 | BE4: 24210 | BF4: 24250 | BG4: 24490 | BH4: 24690 | BI4: 25475 | BJ4: 25250 | BK4: 25270 | BL4: 25130 | BM4: ='01.Chai B1- Tháng'!CQ4 -> 24580 | BN4: ='01.Chai B1- Tháng'!CR4 -> 24410 | BO4: ='01.Chai B1- Tháng'!CS4 -> 25120 | BP4: ='01.Chai B1- Tháng'!CT4 -> 25140 | BQ4: ='01.Chai B1- Tháng'!CU4 -> 25290 | BR4: ='01.Chai B1- Tháng'!CV4 -> 25050 | BS4: ='01.Chai B1- Tháng'!CW4 -> 25400 | BT4: ='01.Chai B1- Tháng'!CX4 -> 25460
AR5: Giá keo chính phẩm | AS5: =C40*AS4/1000 -> 23250 | AT5: =D40*AT4/1000 -> 24630.65 | AU5: =E40*AU4/1000 -> 23725.2 | AV5: =F40*AV4/1000 -> 24539.3 | AW5: =G40*AW4/1000 -> 22689.33 | AX5: =H40*AX4/1000 -> 20880.35 | AY5: =I40*AY4/1000 -> 21112.14 | AZ5: =J40*AZ4/1000 -> 21885.12 | ... BT5: =AD40*BT4/1000 -> 20622.6
AR6: Giá duyệt mua vảy PET | AS6: 17500 | AT6: 17500 | AU6: 18500 | AV6: 18500 | AW6: 18500 | AX6: 17500 | AY6: 16000 | AZ6: 16000 | BA6: 16500 | BB6: 17500 | BC6: 18100 | BD6: 18100 | BE6: 18100 | BF6: =18500+100 -> 18600 | BG6: =18800+100 -> 18900 | BH6: 19300 | BI6: 19800 | BJ6: 19800 | BK6: 18300 | BL6: 18300 | BM6: =18300+350 -> 18650 | BN6: =18000+350 -> 18350 | BO6: =18000+350+200 -> 18550 | BP6: =18200+350 -> 18550 | BQ6: =18200+350 -> 18550 | BR6: =18500+350 -> 18850 | BS6: =19000+350+200 -> 19550 | BT6: =19700+350 -> 20050
AR7: Giá vảy ĐNA | AS7: =AS14*AS4/1000 -> 22227 | AT7: =AT14*AT4/1000 -> 22462.21 | AU7: =AU14*AU4/1000 -> 21980.7 | AV7: =AV14*AV4/1000 -> 21282.9 | AW7: =AW14*AW4/1000 -> 20336.535 | AX7: =AX14*AX4/1000 -> 19958.815 | AY7: =AY14*AY4/1000 -> 20001.59 | AZ7: =AZ14*AZ4/1000 -> 21587.12 | ... BT7: =BT14*BT4/1000 -> 25841.9
AR8: Giá vảy thể hiện | AS8: =AS6 -> 17500 | AT8: =AT6 -> 17500 | AU8: =AU6 -> 18500 | AV8: =AV6 -> 18500 | AW8: =AW6 -> 18500 | AX8: =AX6 -> 17500 | AY8: =AY6 -> 16000 | AZ8: =AZ6 -> 16000 | ... BT8: =BT6 -> 20050
AR9: Giá vảy PET thực tế mua trung bình | AS9: 17112 | AT9: 17235 | AU9: 17583 | AV9: 17672 | AW9: 17728 | AX9: 16972.6 | AY9: 15973.539 | AZ9: 15985.32 | BA9: 16507.339 | BB9: 16955.713 | BC9: 18100 | BD9: 18100 | BE9: 17941.908 | BF9: 18449 | BG9: 19187.723 | BH9: 19561.944 | BI9: 19772.974 | BJ9: 19648.515 | BK9: 17930.461 | BL9: 17951.517 | BM9: 18513.416 | BN9: 18183.756 | BO9: 18460.149 | BP9: 18501.388 | BQ9: 18242.041 | BR9: 19068.147 | BS9: 19530.409 | BT9: =BT6 -> 20050
AR10: % Keo chính phẩm so với vảy PET | AS10: =AS5/AS6-1 -> 0.32857143 | AT10: =AT5/AT6-1 -> 0.40746571 | AU10: =AU5/AU6-1 -> 0.28244324 | AV10: =AV5/AV6-1 -> 0.32644865 | AW10: =AW5/AW6-1 -> 0.22645027 | AX10: =AX5/AX6-1 -> 0.19316286 | AY10: =AY5/AY6-1 -> 0.31950875 | AZ10: =AZ5/AZ6-1 -> 0.36782 | ... BT10: =BT5/BT6-1 -> 0.028558603
AR11: Chênh lệch | AS11: =AS5-AS6 -> 5750 | AT11: =AT5-AT6 -> 7130.65 | AU11: =AU5-AU6 -> 5225.2 | AV11: =AV5-AV6 -> 6039.3 | AW11: =AW5-AW6 -> 4189.33 | AX11: =AX5-AX6 -> 3380.35 | AY11: =AY5-AY6 -> 5112.14 | AZ11: =AZ5-AZ6 -> 5885.12 | ... BT11: =BT5-BT6 -> 572.6
AR12: Giá bán rPET | AS12: 1330 | AT12: 1330 | AU12: 1380 | AV12: 1380 | AW12: 1380 | AX12: 1350 | AY12: 1300 | AZ12: 1250 | BA12: 1250 | BB12: 1250 | BC12: 1250 | BD12: 1250 | BE12: 1250 | BF12: 1250 | BG12: 1250 | BH12: 1250 | BI12: 1300 | BJ12: 1300 | BK12: 1300 | BL12: 1300
AR13: Giá chính phẩm dự báo | AS13: =AS5 -> 23250 | AT13: =AT5 -> 24630.65 | AU13: =AU5 -> 23725.2 | AV13: =AV5 -> 24539.3 | AW13: =AW5 -> 22689.33 | AX13: =AX5 -> 20880.35 | AY13: =AY5 -> 21112.14 | AZ13: =AZ5 -> 21885.12 | ... BT13: =BT5 -> 20622.6
AR14: Giá vảy ĐNA (usd) | AS14: 956 | AT14: 953 | AU14: 945 | AV14: 915 | AW14: 873 | AX14: =+(851+860)/2 -> 855.5 | AY14: =+(851+860)/2 -> 855.5 | AZ14: =(859+952)/2 -> 905.5 | BA14: =(825+941)/2 -> 883 | BB14: =(825+927)/2 -> 876 | BC14: =(840+945)/2 -> 892.5 | BD14: =(840+945)/2 -> 892.5 | BE14: =(840+955)/2 -> 897.5 | BF14: =(840+955)/2 -> 897.5 | BG14: =(840+955)/2 -> 897.5 | BH14: =(860+955)/2 -> 907.5 | BI14: 955 | BJ14: 1015 | BK14: 995 | BL14: 995 | BM14: 1020 | BN14: 1020 | BO14: 1020 | BP14: 1025 | BQ14: 1025 | BR14: 1010 | BS14: 1012.5 | BT14: 1015
K29: -13700
C30: 1165,1272.5,1346,1297.5,1316.66666666665,1390,1220,1270,1190,1130,1040,1040
C32: 1165 | D32: 1272.5 | E32: 1346 | F32: 1297.5 | G32: 1316.6667 | H32: 1390 | I32: 1220 | J32: 1270 | K32: 1190 | L32: 1130 | M32: 1040 | N32: 1040
B33: tỉ lệ | C33: 27960 | D33: 30540 | E33: 32304 | F33: 31140 | G33: 31600 | H33: 33360 | I33: 29280 | J33: 30480 | K33: 28560 | L33: 27120 | M33: 24960 | N33: 24960
B39: Tháng | C39: 01/23 | D39: 2 | E39: 3 | F39: 4 | G39: 5 | H39: 6 | I39: 7 | J39: 8 | K39: 9 | L39: 10 | M39: 11 | N39: 12 | O39: 1.24 | P39: 2 | Q39: 3 | R39: 4 | S39: 5 | T39: 6 | U39: 7 | V39: 8 | W39: 9 | X39: 10 | Y39: 11 | Z39: 12 | AA39: 1.25 | AB39: 2 | AC39: 3 | AD39: 4
B40: Giá Resin (USD/ Tấn) | C40: 1000 | D40: 1045 | E40: 1020 | F40: 1055 | G40: 974 | H40: 895 | I40: 903 | J40: 918 | K40: 930 | L40: 922.5 | M40: 900 | N40: 900 | O40: 930 | P40: 943 | Q40: 940 | R40: 940 | S40: 942 | T40: 950 | U40: 948 | V40: 930 | W40: 880 | X40: 862.5 | Y40: 852 | Z40: 830 | AA40: 828 | AB40: 840 | AC40: 823 | AD40: 810

Sheet Chart Vảy PET_Tuần
V45: Data | W45: 1 | X45: 2 | Y45: 3 | Z45: 4 | AA45: 5 | AB45: 6 | AC45: 7 | AD45: 8 | AE45: 9 | AF45: 10 | AG45: 11 | AH45: 12 | AI45: 13 | AJ45: 14 | AK45: 15 | AL45: 16 | AM45: 17 | AN45: 18 | AO45: 19 | AP45: 20 | AQ45: 21 | AR45: 22 | AS45: 23 | AT45: 24 | AU45: 25 | AV45: 26 | AW45: 27 | AX45: 28 | AY45: 29 | AZ45: 30 | BA45: 31 | BB45: 32 | BC45: 33 | BD45: 34
V46: Tỷ giá USD | W46: ='Chart B1_Tuần'!BF45 -> 24760 | X46: ='Chart B1_Tuần'!BG45 -> 24200 | Y46: ='Chart B1_Tuần'!BH45 -> 24330 | Z46: ='Chart B1_Tuần'!BI45 -> 24410 | AA46: ='Chart B1_Tuần'!BJ45 -> 24380 | AB46: ='Chart B1_Tuần'!BK45 -> 24220 | AC46: ='Chart B1_Tuần'!BL45 -> 24250 | AD46: ='Chart B1_Tuần'!BM45 -> 24380 | ... BE46: ='Chart B1_Tuần'!CN45 -> 0
V47: Giá keo chính phẩm | W47: =W46*W53/1000 -> 22284 | X47: =X46*X53/1000 -> 22748 | Y47: =Y46*Y53/1000 -> 22870.2 | Z47: =Z46*Z53/1000 -> 22945.4 | AA47: =AA46*AA53/1000 -> 23161 | AB47: =AB46*AB53/1000 -> 22766.8 | AC47: =AC46*AC53/1000 -> 22795 | AD47: =AD46*AD53/1000 -> 22917.2 | ... BD47: =BD46*BD53/1000 -> 23321.4
V48: Giá duyệt mua vảy PET | W48: 18000 | X48: 18000 | Y48: 18000 | Z48: 18000 | AA48: 18500 | AB48: 18500 | AC48: 18500 | AD48: 18500 | AE48: 18500 | AF48: 18500 | AG48: 18500 | AH48: 18500 | AI48: 18500 | AJ48: 19000 | AK48: 19000 | AL48: 19000 | AM48: 19000 | AN48: 19500 | AO48: 19500 | AP48: 19500 | AQ48: 19500 | AR48: 19500 | AS48: 19500 | AT48: 19500 | AU48: 19500 | AV48: 19500 | AW48: 18000 | AX48: 18000 | AY48: 18000 | AZ48: 18000 | BA48: 18000 | BB48: 18000 | BC48: 18000 | BD48: 18000
V49: Giá vảy PET thể hiện | W49: =W48 -> 18000 | X49: =X48 -> 18000 | Y49: =Y48 -> 18000 | Z49: =Z48 -> 18000 | AA49: =AA48 -> 18500 | AB49: =AB48 -> 18500 | AC49: =AC48 -> 18500 | AD49: =AD48 -> 18500 | ... BD49: =BD48 -> 18000
V50: Giá vảy PET thực tế mua trung bình | W50: 17788.268 | X50: 17828.592 | Y50: 17854.223 | Z50: 17920.599 | AA50: 17910.699 | AB50: 17862.172 | AC50: 17862.172 | AD50: 17947.186 | AE50: 18173.051 | AF50: 18673.486 | AG50: 18747.334 | AH50: 18761.632 | AI50: 18757.926 | AJ50: 19026.001 | AK50: 18925.617 | AL50: 18914.749 | AM50: 18943.065 | AN50: 19077.338 | AO50: 19443.202 | AP50: 19415.534 | AQ50: 19403.916 | AR50: 19281.645 | AS50: 19318.549 | AT50: 19421.069 | AU50: 19388.157 | AV50: 19218.54 | AW50: 17763.704 | AX50: 17851.469 | AY50: 17795.9 | AZ50: 17825.036 | BA50: 17796.164 | BB50: 17664.788 | BC50: 17690.789 | BD50: 17605.585
V51: % chính phẩm với vảy PET | W51: =W52/W48 -> 0.238 | X51: =X52/X48 -> 0.26377778 | Y51: =Y52/Y48 -> 0.27056667 | Z51: =Z52/Z48 -> 0.27474444 | AA51: =AA52/AA48 -> 0.25194595 | AB51: =AB52/AB48 -> 0.23063784 | AC51: =AC52/AC48 -> 0.23216216 | AD51: =AD52/AD48 -> 0.23876757 | ... BD51: =BD52/BD48 -> 0.29563333
V52: Chênh lệch | W52: =W47-W48 -> 4284 | X52: =X47-X48 -> 4748 | Y52: =Y47-Y48 -> 4870.2 | Z52: =Z47-Z48 -> 4945.4 | AA52: =AA47-AA48 -> 4661 | AB52: =AB47-AB48 -> 4266.8 | AC52: =AC47-AC48 -> 4295 | AD52: =AD47-AD48 -> 4417.2 | ... BD52: =BD47-BD48 -> 5321.4
V53: Giá chính phẩm USD | W53: ='Chart B1_Tuần'!BF56 -> 900 | X53: ='Chart B1_Tuần'!BG56 -> 940 | Y53: ='Chart B1_Tuần'!BH56 -> 940 | Z53: ='Chart B1_Tuần'!BI56 -> 940 | AA53: ='Chart B1_Tuần'!BJ56 -> 950 | AB53: ='Chart B1_Tuần'!BK56 -> 940 | AC53: ='Chart B1_Tuần'!BL56 -> 940 | AD53: ='Chart B1_Tuần'!BM56 -> 940 | ... BD53: ='Chart B1_Tuần'!CM56 -> 940
B67: Tháng | P67: T6
B68: % chênh lệch giữa keo chính phẩm so với chai B1 | P68: 0.85859936
C69: 1165, | O69: 1272.5, | P69: 1346, | Q69: 1297.5, | R69: 1316.66666666665,1390,1220,1270,1190,1130,1040,1040 | T69: 1270
C71: 1165,1272.5,1346,1297.5,1316.66666666665,1390,1220,1270,1190,1130,1040,1040
C73: 1165 | O73: 1272.5 | P73: 1346 | Q73: 1297.5 | R73: 1316.6667 | S73: 1390 | T73: 1220
B74: tỉ lệ | C74: 27960 | O74: 30540 | P74: 32304 | Q74: 31140 | R74: 31600 | S74: 33360 | T74: 29280

Sheet 03. HDPE- Tháng
AP3: Data | AQ3: 1.23 | AR3: 2 | AS3: 3 | AT3: 4 | AU3: 5 | AV3: 6 | AW3: 7 | AX3: 8 | AY3: 9 | AZ3: 10 | BA3: 11 | BB3: 12 | BC3: 1.24 | BD3: 2 | BE3: 3 | BF3: 4 | BG3: 5 | BH3: 6 | BI3: 7 | BJ3: 8 | BK3: 9 | BL3: 10 | BM3: 11 | BN3: 12 | BO3: 1.25 | BP3: 2 | BQ3: 3 | BR3: 4
AP4: Tỷ giá USD | AQ4: 23250 | AR4: 23570 | AS4: 23260 | AT4: 23260 | AU4: 23295 | AV4: 23330 | AW4: 23380 | AX4: 23840 | AY4: 23960 | AZ4: 24280 | BA4: 24730 | BB4: 24930 | BC4: 24210 | BD4: 24250 | BE4: 24490 | BF4: 24690 | BG4: 25475 | BH4: 25250 | BI4: 25270 | BJ4: 25130 | BK4: ='01.Chai B1- Tháng'!CQ4 -> 24580 | BL4: ='01.Chai B1- Tháng'!CR4 -> 24410 | BM4: ='01.Chai B1- Tháng'!CS4 -> 25120 | BN4: ='01.Chai B1- Tháng'!CT4 -> 25140 | BO4: ='01.Chai B1- Tháng'!CU4 -> 25290 | BP4: ='01.Chai B1- Tháng'!CV4 -> 25050 | BQ4: ='01.Chai B1- Tháng'!CW4 -> 25400 | BR4: ='01.Chai B1- Tháng'!CX4 -> 25460
AP5: Giá keo chính phẩm | AQ5: =C37*AQ4/1000 -> 23656.875 | AR5: =D37*AR4/1000 -> 25750.225 | AS5: =E37*AS4/1000 -> 24946.35 | AT5: =F37*AT4/1000 -> 24423 | AU5: =G37*AU4/1000 -> 24319.98 | AV5: =H37*AV4/1000 -> 22630.1 | AW5: =I37*AW4/1000 -> 22444.8 | AX5: =J37*AX4/1000 -> 24030.72 | ... BR5: =AD37*BR4/1000 -> 22812.16
AP6: Giá duyệt mua vảy HDPE | AQ6: 21500 | AR6: 21500 | AS6: 21500 | AT6: 21500 | AU6: 21500 | AV6: 23000 | AW6: 23000 | AX6: 22500 | AY6: 22500 | AZ6: 22500 | BA6: 22500 | BB6: 22500 | BC6: 22500 | BD6: 22500 | BE6: 22000 | BF6: 22000 | BG6: 22000 | BH6: 22000 | BI6: 22000 | BJ6: 22000 | BK6: 22000 | BL6: 22000 | BM6: 21500 | BN6: 21500 | BO6: 21500 | BP6: 21500 | BQ6: 21500 | BR6: 21500
AP7: Giá vảy thể hiện | AQ7: =AQ6 -> 21500 | AR7: =AR6 -> 21500 | AS7: =AS6 -> 21500 | AT7: =AT6 -> 21500 | AU7: =AU6 -> 21500 | AV7: =AV6 -> 23000 | AW7: =AW6 -> 23000 | AX7: =AX6 -> 22500 | ... BR7: =BR6 -> 21500
AP8: Giá vảy HDPE thực tế mua trung bình | AQ8: 21459.854 | AR8: 21913.814 | AS8: 23693.617 | AT8: 23254.478 | AU8: 21149.963 | AV8: 22556.707 | AW8: 21609.954 | AX8: 22500 | AY8: 21919.955 | AZ8: 22500 | BA8: 21972.366 | BB8: 21437.84 | BC8: 21039.935 | BD8: 20908.249 | BE8: 20865.772 | BF8: 20642.052 | BG8: 20686.277 | BH8: 21223.584 | BI8: 21243.396 | BJ8: 21527.191 | BK8: 21819.831 | BL8: 21769.364 | BM8: 21713.979 | BN8: 19595.344 | BO8: 21500 | BP8: 21500 | BQ8: 21500 | BR8: 21500
AP9: % Keo chính phẩm so với vảy HDPE | AQ9: =AQ5/AQ6-1 -> 0.10031977 | AR9: =AR5/AR6-1 -> 0.19768488 | AS9: =AS5/AS6-1 -> 0.16029535 | AT9: =AT5/AT6-1 -> 0.13595349 | AU9: =AU5/AU6-1 -> 0.13116186 | AV9: =AV5/AV6-1 -> -0.016082609 | AW9: =AW5/AW6-1 -> -0.02413913 | AX9: =AX5/AX6-1 -> 0.068032 | ... BR9: =BR5/BR6-1 -> 0.061030698
AP10: Chênh lệch | AQ10: =AQ5-AQ6 -> 2156.875 | AR10: =AR5-AR6 -> 4250.225 | AS10: =AS5-AS6 -> 3446.35 | AT10: =AT5-AT6 -> 2923 | AU10: =AU5-AU6 -> 2819.98 | AV10: =AV5-AV6 -> -369.9 | AW10: =AW5-AW6 -> -555.2 | AX10: =AX5-AX6 -> 1530.72 | ... BR10: =BR5-BR6 -> 1312.16
AP11: Giá bán rHDPE | AQ11: 1400 | AR11: 1400 | AS11: 1400 | AT11: 1530 | AU11: 1530 | AV11: 1530 | AW11: 1450 | AX11: 1400 | AY11: 1400 | AZ11: 1400 | BA11: 1400 | BB11: 1400 | BC11: 1400 | BD11: 1400 | BE11: 1400 | BF11: 1400 | BG11: 1400 | BH11: 1400 | BI11: 1400 | BJ11: 1400 | BK11: 1400 | BL11: 1400 | BM11: 1400 | BN11: 1400 | BO11: 1400 | BP11: 1400 | BQ11: 1400 | BR11: 1400
AP12: Giá chính phẩm dự báo | AQ12: =AQ5 -> 23656.875 | AR12: =AR5 -> 25750.225 | AS12: =AS5 -> 24946.35 | AT12: =AT5 -> 24423 | AU12: =AU5 -> 24319.98 | AV12: =AV5 -> 22630.1 | AW12: =AW5 -> 22444.8 | AX12: =AX5 -> 24030.72 | ... BR12: =BR5 -> 22812.16
AP13: Giá vảy ĐNA (USD) | AQ13: 779.5 | AR13: 785.25 | AS13: 763 | AT13: 802.25 | AU13: 804.38 | AV13: 749.25 | AW13: 719.94 | AX13: 714.7 | AY13: 723.13 | AZ13: 721.69 | BA13: 730.15 | BB13: 738.25 | BC13: 733.5 | BD13: 725.75 | BE13: 722.25 | BF13: 727 | BG13: 716.75
B36: Tháng | C36: 01/23 | D36: 2 | E36: 3 | F36: 4 | G36: 5 | H36: 6 | I36: 7 | J36: 8 | K36: 9 | L36: 10 | M36: 11 | N36: 12 | O36: 1.24 | P36: 2 | Q36: 3 | R36: 4 | S36: 5 | T36: 6 | U36: 7 | V36: 8 | W36: 9 | X36: 10 | Y36: 11 | Z36: 12 | AA36: 1.25 | AB36: 2 | AC36: 3 | AD36: 4
B37: Giá Resin (USD/ Tấn) | C37: 1017.5 | D37: 1092.5 | E37: 1072.5 | F37: 1050 | G37: 1044 | H37: 970 | I37: 960 | J37: 1008 | K37: 1027.5 | L37: 1020 | M37: 955 | N37: 928 | O37: 940 | P37: 990 | Q37: 985 | R37: 963 | S37: 982 | T37: 1000 | U37: 1000 | V37: 984 | W37: 968 | X37: 965 | Y37: 974 | Z37: 956 | AA37: 940 | AB37: 918 | AC37: 896 | AD37: 896

Sheet Chart HDPE_Tuần
AK48: Data | AL48: 1 | AM48: 2 | AN48: 3 | AO48: 4 | AP48: 5 | AQ48: 6 | AR48: 7 | AS48: 8 | AT48: 9 | AU48: 10 | AV48: 11 | AW48: 12 | AX48: 13 | AY48: 14 | AZ48: 15 | BA48: 16 | BB48: 17 | BC48: 18 | BD48: 19 | BE48: 20 | BF48: 21 | BG48: 22 | BH48: 23 | BI48: 24 | BJ48: 25 | BK48: 26 | BL48: 27 | BM48: 28 | BN48: 29 | BO48: 30 | BP48: 31 | BQ48: 32 | BR48: 33 | BS48: 34 | BT48: 35 | BU48: 36 | BV48: 37 | BW48: 38
AK49: Tỷ giá USD | AL49: ='Chart Vảy PET_Tuần'!W46 -> 24760 | AM49: ='Chart Vảy PET_Tuần'!X46 -> 24200 | AN49: ='Chart Vảy PET_Tuần'!Y46 -> 24330 | AO49: ='Chart Vảy PET_Tuần'!Z46 -> 24410 | AP49: ='Chart Vảy PET_Tuần'!AA46 -> 24380 | AQ49: ='Chart Vảy PET_Tuần'!AB46 -> 24220 | AR49: ='Chart Vảy PET_Tuần'!AC46 -> 24250 | AS49: ='Chart Vảy PET_Tuần'!AD46 -> 24380 | ... BW49: ='Chart Vảy PET_Tuần'!BH46 -> 0
AK50: Giá keo chính phẩm | AL50: =AL57*AL49/1000 -> 22779.2 | AM50: =AM57*AM49/1000 -> 22990 | AN50: =AN57*AN49/1000 -> 23113.5 | AO50: =AO57*AO49/1000 -> 23677.7 | AP50: =AP57*AP49/1000 -> 23892.4 | AQ50: =AQ57*AQ49/1000 -> 24220 | AR50: =AR57*AR49/1000 -> 24250 | AS50: =AS57*AS49/1000 -> 24380 | ... BS50: =BS57*BS49/1000 -> 24065.7
AK51: Giá duyệt mua vảy HDPE | AL51: 22500 | AM51: 22500 | AN51: 22500 | AO51: 22500 | AP51: 22500 | AQ51: 22500 | AR51: 22500 | AS51: 22500 | AT51: 22000 | AU51: 22000 | AV51: 22000 | AW51: 22000 | AX51: 22000 | AY51: 22000 | AZ51: 22000 | BA51: 22000 | BB51: 22000 | BC51: 22000 | BD51: 22000 | BE51: 22000 | BF51: 22000 | BG51: 22000 | BH51: 22000 | BI51: 22000 | BJ51: 22000 | BK51: 22000 | BL51: 22000 | BM51: 22000 | BN51: 22000 | BO51: 22000 | BP51: 22000 | BQ51: 22000 | BR51: 22000 | BS51: 22000
AK52: Giá chai B1 (VND) | AL52: 14478 | AM52: 14475 | AN52: 14563 | AP52: 14490 | AQ52: 14412 | AR52: 14284 | AS52: 14304 | AT52: 14867 | AU52: 15023 | AV52: 15052 | AW52: 14979 | AX52: 15024 | AY52: 14984 | AZ52: 14930 | BA52: 14990 | BB52: 14977 | BC52: 15059 | BD52: 14919 | BE52: 14855 | BF52: 14855 | BG52: 15606 | BH52: 14374 | BI52: 13971 | BJ52: 13972 | BK52: 13973
AK53: Giá vảy HDPE thể hiện | AL53: =AL51 -> 22500 | AM53: =AM51 -> 22500 | AN53: =AN51 -> 22500 | AO53: =AO51 -> 22500 | AP53: =AP51 -> 22500 | AQ53: =AQ51 -> 22500 | AR53: =AR51 -> 22500 | AS53: =AS51 -> 22500 | ... BS53: =BS51 -> 22000
AK54: Giá vảy HDPE thực tế mua trung bình | AL54: 19562.767 | AM54: 21250.051 | AN54: 21289.924 | AO54: 20703.298 | AP54: 21219.147 | AQ54: 20903.511 | AR54: 20903.511 | AS54: 21130.708 | AT54: 20482.665 | AU54: 20918.067 | AV54: 20783.794 | AW54: 20829.489 | AX54: 21098.585 | AY54: 20626.811 | AZ54: 20556.872 | BA54: 20627.343 | BB54: 20654.791 | BC54: 20800 | BD54: 20910.271 | BE54: 20428.294 | BF54: 20745.82 | BG54: 20769.394 | BH54: 21233.117 | BI54: 21200 | BJ54: 21229.627 | BK54: 21226.434 | BL54: 21200 | BM54: 21246.761 | BN54: 21243.721 | BO54: 21262.867 | BP54: 21200 | BQ54: 21517.662 | BR54: 21200 | BS54: 21863.485
AK55: % chính phẩm với vảy HDPE | AL55: =AL56/AL51 -> 0.012408889 | AM55: =AM56/AM51 -> 0.021777778 | AN55: =AN56/AN51 -> 0.027266667 | AO55: =AO56/AO51 -> 0.052342222 | AP55: =AP56/AP51 -> 0.061884444 | AQ55: =AQ56/AQ51 -> 0.076444444 | AR55: =AR56/AR51 -> 0.077777778 | AS55: =AS56/AS51 -> 0.083555556 | ... BS55: =BS56/BS51 -> 0.093895455
AK56: Chênh lệch | AL56: =AL50-AL51 -> 279.2 | AM56: =AM50-AM51 -> 490 | AN56: =AN50-AN51 -> 613.5 | AO56: =AO50-AO51 -> 1177.7 | AP56: =AP50-AP51 -> 1392.4 | AQ56: =AQ50-AQ51 -> 1720 | AR56: =AR50-AR51 -> 1750 | AS56: =AS50-AS51 -> 1880 | ... BS56: =BS50-BS51 -> 2065.7
AK57: Giá chính phẩm USD | AL57: 920 | AM57: 950 | AN57: 950 | AO57: 970 | AP57: 980 | AQ57: 1000 | AR57: 1000 | AS57: 1000 | AT57: 1000 | AU57: 1000 | AV57: 980 | AW57: 980 | AX57: 980 | AY57: 960 | AZ57: 960 | BA57: 960 | BB57: 970 | BC57: 970 | BD57: 980 | BE57: 980 | BF57: 980 | BG57: 1000 | BH57: 1000 | BI57: 1000 | BJ57: 1000 | BK57: 1000 | BL57: 1000 | BM57: 1000 | BN57: 1000 | BO57: 1000 | BP57: 1000 | BQ57: 1000 | BR57: 980 | BS57: 970
B72: Tháng | P72: T6 | X72: T12 | Z72: GAP giữa T6 & T12
B73: % chênh lệch giữa keo chính phẩm so với chai B1 | P73: 0.85859936 | X73: 0.49014925 | Z73: 0.36845011
N74: 1165, | O74: 1272.5, | P74: 1346, | Q74: 1297.5, | R74: 1316.66666666665,1390,1220,1270,1190,1130,1040,1040 | T74: 1270 | U74: 1190 | V74: 1130 | W74: 1040 | X74: 1040
V75: -13700
N76: 1165,1272.5,1346,1297.5,1316.66666666665,1390,1220,1270,1190,1130,1040,1040
N78: 1165 | O78: 1272.5 | P78: 1346 | Q78: 1297.5 | R78: 1316.6667 | S78: 1390 | T78: 1220 | U78: 1270 | V78: 1190 | W78: 1130 | X78: 1040 | Y78: 1040
B79: tỉ lệ | N79: 27960 | O79: 30540 | P79: 32304 | Q79: 31140 | R79: 31600 | S79: 33360 | T79: 29280 | U79: 30480 | V79: 28560 | W79: 27120 | X79: 24960 | Y79: 24960

Sheet 04. PP- Tháng
AP3: Data | AQ3: 1.23 | AR3: 2 | AS3: 3 | AT3: 4 | AU3: 5 | AV3: 6 | AW3: 7 | AX3: 8 | AY3: 9 | AZ3: 10 | BA3: 11 | BB3: 12 | BC3: 1.24 | BD3: 2 | BE3: 3 | BF3: 4 | BG3: 5 | BH3: 6 | BI3: 7 | BJ3: 8 | BK3: 9 | BL3: 10 | BM3: 11 | BN3: 12 | BO3: 1.25 | BP3: 2 | BQ3: 3 | BR3: 4
AP4: Tỷ giá USD | AQ4: 23250 | AR4: 23570 | AS4: 23260 | AT4: 23260 | AU4: 23295 | AV4: 23330 | AW4: 23380 | AX4: 23840 | AY4: 23960 | AZ4: 24280 | BA4: 24730 | BB4: 24930 | BC4: 24210 | BD4: 24250 | BE4: 24490 | BF4: 24690 | BG4: 25475 | BH4: 25250 | BI4: 25270 | BJ4: 25130 | BK4: ='01.Chai B1- Tháng'!CQ4 -> 24580 | BL4: ='01.Chai B1- Tháng'!CR4 -> 24410 | BM4: ='01.Chai B1- Tháng'!CS4 -> 25120 | BN4: ='01.Chai B1- Tháng'!CT4 -> 25140 | BO4: ='01.Chai B1- Tháng'!CU4 -> 25290 | BP4: ='01.Chai B1- Tháng'!CV4 -> 25050 | BQ4: ='01.Chai B1- Tháng'!CW4 -> 25400 | BR4: ='01.Chai B1- Tháng'!CX4 -> 25460
AP5: Giá keo chính phẩm | AQ5: =C37*AQ4/1000 -> 24296.25 | AR5: =D37*AR4/1000 -> 25632.375 | AS5: =E37*AS4/1000 -> 24190.4 | AT5: =F37*AT4/1000 -> 23899.65 | AU5: =G37*AU4/1000 -> 22537.912 | AV5: =H37*AV4/1000 -> 20705.375 | AW5: =I37*AW4/1000 -> 21042 | AX5: =J37*AX4/1000 -> 22838.72 | ... BR5: =AD37*BR4/1000 -> 24950.8
AP6: Giá duyệt mua PP | AQ6: 16000 | AR6: 16000 | AS6: 16000 | AT6: 16000 | AU6: 16000 | AV6: 16000 | AW6: 16000 | AX6: 16000 | AY6: 16000 | AZ6: 16000 | BA6: 16000 | BB6: 16000 | BC6: 16000 | BD6: 16000 | BE6: 16000 | BF6: 16000 | BG6: 16000 | BH6: 16000 | BI6: 16000 | BJ6: 16000 | BK6: 16000 | BL6: 16000 | BM6: 16000 | BN6: 16000 | BO6: 18500 | BP6: 19000 | BQ6: 19000 | BR6: 19000
AP7: Giá PP ĐNA | AQ7: =AQ14*AQ4/1000 -> 10776.375 | AR7: =AR14*AR4/1000 -> 10641.855 | AS7: =AS14*AS4/1000 -> 10970.967 | AT7: =AT14*AT4/1000 -> 11668.767 | AU7: =AU14*AU4/1000 -> 11006.888 | AV7: =AV14*AV4/1000 -> 10599.597 | AW7: =AW14*AW4/1000 -> 10622.313 | AX7: =AX14*AX4/1000 -> 10831.307 | AY7: =AY14*AY4/1000 -> 10885.827
AP8: Giá PP thực tế mua trung bình | AQ8: 12425.041 | AR8: 14989.244 | AS8: 14008.541 | AT8: 14615.755 | AV8: 14005.42 | AW8: 13649.971 | AX8: 14742.557 | AY8: 14761.513 | AZ8: 15600.855 | BA8: 14540.123 | BB8: 16000 | BC8: 15533.659 | BD8: 15648.437 | BE8: 15420.187 | BF8: 15972.617 | BG8: 15813.837 | BH8: 15714.946 | BI8: 15790.001 | BJ8: 15000 | BK8: 16000 | BL8: 16000 | BM8: 16000 | BN8: 16000 | BO8: =BO6 -> 18500 | BP8: 18500 | BQ8: 19000 | BR8: =BR6 -> 19000
AP9: Giá PP thể hiện | AQ9: =AQ6 -> 16000 | AR9: =AR6 -> 16000 | AS9: =AS6 -> 16000 | AT9: =AT6 -> 16000 | AU9: =AU6 -> 16000 | AV9: =AV6 -> 16000 | AW9: =AW6 -> 16000 | AX9: =AX6 -> 16000 | ... BR9: =BR6 -> 19000
AP10: % Keo chính phẩm so với PP | AQ10: =AQ11/AQ13 -> 0.34146216 | AR10: =AR11/AR13 -> 0.37578941 | AS10: =AS11/AS13 -> 0.33858059 | AT10: =AT11/AT13 -> 0.33053413 | AU10: =AU11/AU13 -> 0.2900851 | AV10: =AV11/AV13 -> 0.22725379 | AW10: =AW11/AW13 -> 0.23961601 | AX10: =AX11/AX13 -> 0.29943534 | ... BR10: =BR11/BR13 -> 0.23850137
AP11: Chênh lệch | AQ11: =AQ5-AQ6 -> 8296.25 | AR11: =AR5-AR6 -> 9632.375 | AS11: =AS5-AS6 -> 8190.4 | AT11: =AT5-AT6 -> 7899.65 | AU11: =AU5-AU6 -> 6537.9125 | AV11: =AV5-AV6 -> 4705.375 | AW11: =AW5-AW6 -> 5042 | AX11: =AX5-AX6 -> 6838.72 | ... BR11: =BR5-BR6 -> 5950.8
AP12: Giá bán rPP | AQ12: 1100 | AR12: 1100 | AS12: 1100 | AT12: 1100 | AU12: 1087.5 | AV12: 1050 | AW12: 1050 | AX12: 950 | AY12: 950 | AZ12: 950 | BA12: 950 | BB12: 950 | BC12: 930
AP13: Giá chính phẩm dự báo | AQ13: =AQ5 -> 24296.25 | AR13: =AR5 -> 25632.375 | AS13: =AS5 -> 24190.4 | AT13: =AT5 -> 23899.65 | AU13: =AU5 -> 22537.912 | AV13: =AV5 -> 20705.375 | AW13: =AW5 -> 21042 | AX13: =AX5 -> 22838.72 | ... BR13: =BR5 -> 24950.8
AP14: Giá PP ĐNA (USD) | AQ14: 463.5 | AR14: 451.5 | AS14: 471.66667 | AT14: 501.66667 | AU14: 472.5 | AV14: 454.33333 | AW14: 454.33333 | AX14: 454.33333 | AY14: 454.33333
B36: Tháng | C36: 1 | D36: 2 | E36: 3 | F36: 4 | G36: 5 | H36: 6 | I36: 7 | J36: 8 | K36: 9 | L36: 10 | M36: 11 | N36: 12 | O36: 1.24 | P36: 2 | Q36: 3 | R36: 4 | S36: 5 | T36: 6 | U36: 7 | V36: 8 | W36: 9 | X36: 10 | Y36: 11 | Z36: 12 | AA36: 1.25 | AB36: 2 | AC36: 3 | AD36: 4
B37: Giá Resin (USD/ Tấn) | C37: 1045 | D37: 1087.5 | E37: 1040 | F37: 1027.5 | G37: 967.5 | H37: 887.5 | I37: 900 | J37: 958 | K37: 980 | L37: 967.5 | M37: 927.5 | N37: 926 | O37: 962.5 | P37: 986.66667 | Q37: 990 | R37: 993 | S37: 1002 | T37: 1025 | U37: 1020 | V37: 970 | W37: 955 | X37: 957 | Y37: 968 | Z37: 960 | AA37: 970 | AB37: 985 | AC37: 980 | AD37: 980

Sheet Chart PP- Tuần
Z3: Data | AA3: 1 | AB3: 2 | AC3: 3 | AD3: 4 | AE3: 5 | AF3: 6 | AG3: 7 | AH3: 8 | AI3: 9 | AJ3: 10 | AK3: 11 | AL3: 12 | AM3: 13 | AN3: 14 | AO3: 15 | AP3: 16 | AQ3: 17 | AR3: 18 | AS3: 19 | AT3: 20 | AU3: 21 | AV3: 22 | AW3: 23 | AX3: 24 | AY3: 25 | AZ3: 26 | BA3: 27 | BB3: 28 | BC3: 29 | BD3: 30 | BE3: 31 | BF3: 32 | BG3: 33 | BH3: 34 | BI3: 35 | BJ3: 36 | BK3: 37 | BL3: 38
Z4: Tỷ giá USD | AA4: ='Chart HDPE_Tuần'!AL49 -> 24760 | AB4: ='Chart HDPE_Tuần'!AM49 -> 24200 | AC4: ='Chart HDPE_Tuần'!AN49 -> 24330 | AD4: ='Chart HDPE_Tuần'!AO49 -> 24410 | AE4: ='Chart HDPE_Tuần'!AP49 -> 24380 | AF4: ='Chart HDPE_Tuần'!AQ49 -> 24220 | AG4: ='Chart HDPE_Tuần'!AR49 -> 24250 | AH4: ='Chart HDPE_Tuần'!AS49 -> 24380 | ... BG4: ='Chart HDPE_Tuần'!BR49 -> 24970
Z5: Giá keo chính phẩm | AA5: =AA12*AA4/1000 -> 23026.8 | AB5: =AB12*AB4/1000 -> 23474 | AC5: =AC12*AC4/1000 -> 23600.1 | AD5: =AD12*AD4/1000 -> 23921.8 | AE5: =AE12*AE4/1000 -> 24380 | AF5: =AF12*AF4/1000 -> 23735.6 | AG5: =AG12*AG4/1000 -> 23765 | AH5: =AH12*AH4/1000 -> 23892.4 | ... BG5: =BG12*BG4/1000 -> 24220.9
Z6: Giá duyệt mua PP | AA6: 16000 | AB6: 16000 | AC6: 16000 | AD6: 16000 | AE6: 16000 | AF6: 16000 | AG6: 16000 | AH6: 16000 | AI6: 16000 | AJ6: 16000 | AK6: 16000 | AL6: 16000 | AM6: 16000 | AN6: 16000 | AO6: 16000 | AP6: 16000 | AQ6: 16000 | AR6: 16000 | AS6: 16000 | AT6: 16000 | AU6: 16000 | AV6: 16000 | AW6: 16000 | AX6: 16000 | AY6: 16000 | AZ6: 16000 | BA6: 16000 | BB6: 16000 | BC6: 16000 | BD6: 16000 | BE6: 16000 | BF6: 16000 | BG6: 16000
Z7: Giá PP ĐNA | AA7: =#REF!*AA4/1000 -> #REF! | AB7: =#REF!*AB4/1000 -> #REF! | AC7: =#REF!*AC4/1000 -> #REF! | AD7: =#REF!*AD4/1000 -> #REF! | AE7: =#REF!*AE4/1000 -> #REF! | AF7: =#REF!*AF4/1000 -> #REF! | AG7: =#REF!*AG4/1000 -> #REF! | AH7: =#REF!*AH4/1000 -> #REF! | AI7: =#REF!*AI4/1000 -> #REF!
Z8: Giá PP thực tế mua trung bình | AA8: 15756.954 | AB8: 15913.348 | AC8: 14862.72 | AD8: 15432.377 | AH8: 15920.135 | AI8: 15534.328 | AJ8: 15429.433 | AK8: 15715.491 | AL8: 15416.287 | AM8: 15255.335 | AN8: 15921.436 | AO8: 15754.021 | AP8: 15830.912 | AQ8: 15433.527 | AR8: 16000 | AS8: 15829.519 | AT8: 15815.815 | AU8: 15808.779 | AV8: 15725.891 | AW8: 16000 | AX8: 15717.656 | AY8: 15808.753 | AZ8: 15499.943 | BA8: 15602.37 | BB8: 15749.952 | BC8: 16000 | BE8: 16400
Z9: Giá PP thể hiện | AA9: =AA6 -> 16000 | AB9: =AB6 -> 16000 | AC9: =AC6 -> 16000 | AD9: =AD6 -> 16000 | AE9: =AE6 -> 16000 | AF9: =AF6 -> 16000 | AG9: =AG6 -> 16000 | AH9: =AH6 -> 16000 | ... BG9: =BG6 -> 16000
Z10: % Keo chính phẩm so với PP | AA10: =AA11/AA6 -> 0.439175 | AB10: =AB11/AB6 -> 0.467125 | AC10: =AC11/AC6 -> 0.47500625 | AD10: =AD11/AD6 -> 0.4951125 | AE10: =AE11/AE6 -> 0.52375 | AF10: =AF11/AF6 -> 0.483475 | AG10: =AG11/AG6 -> 0.4853125 | AH10: =AH11/AH6 -> 0.493275 | ... BG10: =BG11/BG6 -> 0.51380625
Z11: Chênh lệch | AA11: =AA5-AA6 -> 7026.8 | AB11: =AB5-AB6 -> 7474 | AC11: =AC5-AC6 -> 7600.1 | AD11: =AD5-AD6 -> 7921.8 | AE11: =AE5-AE6 -> 8380 | AF11: =AF5-AF6 -> 7735.6 | AG11: =AG5-AG6 -> 7765 | AH11: =AH5-AH6 -> 7892.4 | ... BG11: =BG5-BG6 -> 8220.9
Z12: Giá keo chính phẩm USD | AA12: 930 | AB12: 970 | AC12: 970 | AD12: 980 | AE12: 1000 | AF12: 980 | AG12: 980 | AH12: 980 | AI12: 980 | AJ12: 980 | AK12: 980 | AL12: 1000 | AM12: 1000 | AN12: 1000 | AO12: 990 | AP12: 990 | AQ12: 990 | AR12: 990 | AS12: 1000 | AT12: 1000 | AU12: 1000 | AV12: 1020 | AW12: 1020 | AX12: 1020 | AY12: 1030 | AZ12: 1030 | BA12: 1030 | BB12: 1030 | BC12: 1030 | BD12: 990 | BE12: 980 | BF12: 980 | BG12: 970

Sheet Chart mua PET
A48: Tên SP | B48: Tên thị trường | C48: T1.23 | D48: 2 | E48: 3 | F48: 4 | G48: 5 | H48: 6 | I48: 7 | J48: 8 | K48: 9 | L48: 10 | M48: 11 | N48: 12 | O48: T1.24 | P48: 2 | Q48: 3 | R48: 4 | S48: 5 | T48: 6 | U48: 7 | V48: 8 | W48: 9 | X48: 10 | Y48: 11 | Z48: 12 | AA48: T1.25 | AB48: 2 | AC48: 3 | AD48: 4
A49: B0 | B49: Chai B0 | C49: 8708.4662 | D49: 9206.5027 | E49: 10350.583 | F49: 10630.801 | G49: 9861.484 | H49: 9199.095 | I49: 8896.0365 | J49: 9246.3978 | K49: 9607.8931 | L49: 10586.188 | M49: 11153.125 | N49: 11113.72 | O49: 11099.755 | P49: 11015.602 | Q49: 11145.196 | R49: 12500 | S49: 13000 | T49: 13000 | U49: 11500 | V49: 11449.41 | W49: 11668.66 | X49: 11469.02 | Y49: 12047.76 | Z49: 11779 | AA49: 12089.892 | AB49: 12125.14 | AC49: 12552.368 | AD49: 13500
A50: B1 | B50: Chai B1 | C50: 14486.456 | D50: 14337.016 | E50: 15026.124 | F50: 14967.788 | G50: 14928.984 | H50: 13867.306 | I50: 13867.306 | J50: =14477.3636167707-1500 -> 12977.364 | K50: 13575.726 | L50: 14413.011 | M50: 14972.882 | N50: 16047.22 | O50: 16099.441 | P50: 16332.331 | Q50: =16233.8475760353+377 -> 16610.848 | R50: 17424.101 | S50: 17263.633 | T50: 17500 | U50: 16000 | V50: 16527.439 | W50: 17591.063 | X50: 16991.396 | Y50: 17312.462 | Z50: 17291.336 | AA50: 17345.811 | AB50: 17386.588 | AC50: 18223.779 | AD50: 18255.804
A51: B1 KPL | B51: Chai B1 KPL | V51: 16531.01 | W51: 15736.355 | X51: 15142.878 | Y51: 15388.66 | Z51: 15426.979 | AA51: 15758.76 | AB51: 16078.364 | AC51: 16453.863 | AD51: 16500
A52: Tuyển xô | B52: Chai tuyển xô (trạm) | AA52: 15391.18 | AB52: 15570.497 | AC52: 16077.806 | AD52: 16000
A53: B2.1 | B53: Chai B2.1 | C53: 10500 | D53: 10500 | E53: 11000 | F53: 11000 | G53: 11000.246 | H53: 9980.5578 | I53: 9000 | J53: 9000 | K53: 9394.7876 | Y53: 11000 | Z53: 11709.605 | AA53: 12300 | AB53: 16394
A54: B2.2 | B54: Chai B2.2 | M54: 12500 | N54: 12500 | O54: 13000 | P54: 13000 | Q54: 13000 | R54: 13000 | S54: 13500 | T54: 15000 | U54: 12000 | V54: 11996.6 | W54: 14000 | X54: 13700 | Y54: 13909.496 | Z54: 13991.676 | AA54: 15469.628 | AB54: 16866.232 | AC54: 17274.018 | AD54: 18147.911
A55: B3 | B55: Chai B3 | C55: 14465.461 | D55: 14509.576 | E55: 15025.379 | F55: 14910.678 | G55: 14831.036 | H55: 14808.45 | I55: =15519.2770426906-1500 -> 14019.277 | J55: =15979.3954889592-1500 -> 14479.395 | K55: 14998.539 | L55: 14535.256 | M55: 14855.148 | N55: 15392.891 | O55: 15365.226 | P55: 15345.865 | Q55: 15465.209 | R55: 16247.504 | S55: 16000 | W55: 16000 | X55: 16447.587 | Y55: 16464.667 | Z55: 16000 | AB55: 17008.322
A56: B4 | B56: Chai B4 | I56: 9000 | J56: 9000 | K56: 9594.9788 | L56: 10500 | M56: 12341.137 | N56: 12441.934 | P56: 13000 | Q56: 12851.445 | R56: 12994.024 | S56: 13500 | T56: 13500 | U56: 12000 | V56: 12000 | W56: 14000 | X56: 13700 | Y56: 14000 | Z56: 13970.906 | AA56: 14300 | AB56: 17098.762 | AC56: 17143.565 | AD56: 18161.28
A57: B5 | B57: Chai B5 | C57: 10563.825 | D57: 10507.268 | E57: 10891.883 | F57: 11017.156 | G57: 11015.531 | H57: 9991.5837 | I57: 9000 | J57: 9000 | K57: 9837.9698 | L57: 10500 | M57: 12500 | N57: 12500 | O57: 13000 | P57: 13000 | Q57: 13000 | R57: 12990.833 | S57: 13391.564 | T57: 13500 | U57: 12000 | V57: 12000 | W57: 14000 | X57: 13700 | Y57: 13943.332 | Z57: 13949.37 | AA57: 15373.679 | AB57: 17075.292 | AC57: 17383.624 | AD57: 17817.113
A58: B6.1 | B58: Chai B6.1 | Y58: 12000 | Z58: 12000 | AB58: 12300 | AC58: 12300
A59: B6.2 | B59: Chai B6.2 | P59: 12500 | Q59: 10000 | R59: 10000 | S59: 10000 | T59: 10000 | U59: 10000 | V59: 10000 | W59: 10000 | X59: 10000 | Z59: 16000 | AA59: 16000 | AB59: 17587.441 | AC59: 18055.743 | AD59: 18117.554
A60: A5.1 | B60: Vảy PET-A5.1 | C60: 17439.487 | D60: 17645.066 | E60: 17973.426 | F60: 17990.91 | G60: 18000 | H60: 17169.677 | I60: 16000 | J60: 16000 | K60: 16512.641 | L60: 16986.563 | M60: 17463.277 | N60: 17515.851 | O60: 17984.851 | P60: 18548.937 | Q60: 19187.723 | R60: 19300 | S60: 19862.191 | T60: 19800 | U60: 18300 | V60: 18000 | W60: 18300 | X60: 18002.192 | Y60: 18194.592 | Z60: 18200 | AA60: 18200 | AB60: 18746.118 | AC60: 19197.787 | AD60: 19917.065
A61: A5.2 | B61: Vảy PET-A5.2 | C61: 16955.379 | D61: 17082.559 | E61: 17500 | F61: 17500 | G61: 17500 | H61: 16603.495 | I61: 15500 | J61: 15500 | K61: 16000 | L61: 16000 | M61: 16726.574 | N61: 17000 | O61: 17476.902 | P61: 18000 | Q61: 18430.847 | R61: 18800 | S61: 19376.8 | T61: 19300 | U61: 17800 | V61: 17500 | W61: 17800 | X61: 17500 | Y61: 17700 | Z61: 17700 | AA61: 17700 | AB61: 18041.537 | AC61: 18700 | AD61: 19646.24
A62: A6 | B62: Vảy PET-A6 | C62: 16500 | D62: 16830 | E62: 16949.308 | F62: 17000 | G62: 17000 | H62: 16000 | V62: 16667.319 | W62: 16200 | AA62: 11293.478 | AD62: 20051.405
A63: A5.1.B3 | B63: Vảy PET-A5.1.B3 | I63: 17000 | K63: 17500 | L63: 18000
A64: A5.2.B3 | B64: Vảy PET-A5.2.B3
A65: A6 | B65: Vảy PET-A6.B3 | C65: 16000 | D65: 16320 | E65: 16323.886 | H65: 16000 | I65: 16000 | J65: 16000 | K65: 16344.566 | L65: 16500 | M65: 16800 | N65: 16800 | O65: 17300
A66: B2 | B66: Vảy PET B2.2_A6 | N66: 17000 | O66: 18750 | P66: 18750
A67: B6 | B67: Vảy PET B6 thử nghiệm | L67: 16000 | M67: 16000 | N67: 17000 | Q67: 18750 | R67: 18750 | S67: 18750 | T67: 18250 | U67: 18250 | V67: 18250 | W67: 18250 | X67: 18250 | Y67: 18250 | Z67: 18250 | AA67: 18250 | AB67: Không mua | AC67: 19674.73 | AD67: 19830.85
A68: B7.1 | B68: Chai B7 | C68: 9355 | D68: 9355 | E68: 9355 | F68: 9354.8387 | G68: 9354.8387 | H68: 9355 | I68: 8548 | J68: 8548 | K68: 8548.3871 | L68: 8548.3871 | M68: 8548.3871 | N68: 8548.3871 | O68: 8548.3871 | P68: 8548.3871 | Q68: 8548.3871 | R68: 8548.3871 | S68: 8548.3871 | T68: 8548.3871 | U68: 8548.3871 | V68: =5300/0.62 -> 8548.3871 | W68: =5300/0.62 -> 8548.3871 | X68: =4605.26327891469/0.66 -> 6977.6716 | Y68: =4450/0.66 -> 6742.4242 | Z68: =4450/0.66 -> 6742.4242 | AA68: =4450/0.66 -> 6742.4242 | AB68: 6742.4242 | AC68: 6742.4242 | AD68: 6742.4242

Sheet Chênh lệch B1 & B0
A49: Tên SP | B49: Tên thị trường | C49: T1.23 | D49: 2 | E49: 3 | F49: 4 | G49: 5 | H49: 6 | I49: 7 | J49: 8 | K49: 9 | L49: 10 | M49: 11 | N49: 12 | O49: T1.24 | P49: 2 | Q49: 3 | R49: 4 | S49: 5 | T49: 6 | U49: 7 | V49: 8 | W49: 9 | X49: 10 | Y49: 11 | Z49: 12 | AA49: T1.25 | AB49: 2 | AC49: 3 | AD49: 4 | AE49: 5 | AF49: 6 | AG49: 7 | AH49: 8 | AI49: 9 | AJ49: 10 | AK49: 11 | AL49: 12
A50: B0 | B50: Chai B0 | C50: 8708.4662 | D50: 9206.5027 | E50: 10350.583 | F50: 10630.801 | G50: 9861.484 | H50: 9199.095 | I50: 8896.0365 | J50: 9246.3978 | K50: 9607.8931 | L50: 10586.188 | M50: 11153.125 | N50: 11113.72 | O50: 11099.755 | P50: 11015.602 | Q50: 11145.196 | R50: 12500 | S50: 13000 | T50: 13000 | U50: 11500 | V50: 11449.41 | W50: 11668.66 | X50: 11469.02 | Y50: 12047.76 | Z50: 11779 | AA50: 12060.749 | AB50: 12125.305 | AC50: 12519.736 | AD50: 13075.123 | AE50: 12848.716 | AF50: 13370.127 | AG50: 13565.086 | AH50: 12327.306 | AI50: 9962.9823 | AJ50: 9535.2548 | AK50: 9556.9816
A51: B1.1 | B51: Chai B1.1 | C51: 14486.456 | D51: 14337.016 | E51: 15026.124 | F51: 14967.788 | G51: 14928.984 | H51: 13867.306 | I51: 14400.367 | J51: 14477.364 | K51: 14998.82 | L51: 16161.709 | M51: 15459.443 | N51: 15359.342 | O51: 15583.785 | P51: 15797.136 | Q51: 15815.178 | R51: 16623.127 | S51: 17000 | T51: 16751.644 | U51: 15000 | V51: 14000 | W51: 17591.063 | X51: 16991.396 | Y51: 17312.462 | Z51: 17285.992 | AA51: 17403.263 | AB51: 17590.561 | AC51: 18228.238 | AD51: 18384.378 | AE51: 18589.095 | AF51: 18500.484 | AG51: 18590.918 | AH51: 18034.643 | AI51: 15376.19 | AJ51: 14775.021 | AK51: 14842.864
A52: B1 KPL | B52: Chai B1.2 | V52: 16531.01 | W52: 15736.355 | X52: 15142.878 | Y52: 15388.66 | Z52: 15426.979 | AA52: 15926.472 | AB52: 16078.364 | AC52: 16453.863 | AD52: 16477.615 | AE52: 15813.538 | AF52: 19152.513 | AG52: 19335.815 | AH52: 19254.754 | AI52: 16570.656 | AJ52: 15000 | AK52: 15000
A53: Tuyển xô | B53: Chai tuyển xô (trạm) | AA53: 15391.18 | AB53: 15570.497 | AC53: 16077.806 | AD53: 16000 | AE53: 16000 | AF53: 16000
A54: B2.1 | B54: Chai B2.1 | C54: 10500 | D54: 10500 | E54: 11000 | F54: 11000 | G54: 11000.246 | H54: 9980.5578 | I54: 9000 | J54: 9000 | K54: 9394.7876 | Y54: 11000 | Z54: 11709.605 | AA54: 12300 | AB54: 16394 | AE54: 16000
A55: B2.2 | B55: Chai B2.2 | M55: 12500 | N55: 12500 | O55: 13000 | P55: 13000 | Q55: 13000 | R55: 13000 | S55: 13500 | T55: 15000 | U55: 12000 | V55: 11996.6 | W55: 14000 | X55: 13700 | Y55: 13909.496 | Z55: 13991.676 | AA55: 15469.628 | AB55: 16866.232 | AC55: 17274.018 | AD55: 18147.911 | AE55: 18398.163 | AF55: 18498.438
A56: B3 | B56: Chai B3 | C56: 14465.461 | D56: 14509.576 | E56: 15025.379 | F56: 14910.678 | G56: 14831.036 | H56: 14808.45 | I56: =15519.2770426906-1500 -> 14019.277 | J56: =15979.3954889592-1500 -> 14479.395 | K56: 14998.539 | L56: 14535.256 | M56: 14855.148 | N56: 15392.891 | O56: 15365.226 | P56: 15345.865 | Q56: 15465.209 | R56: 16247.504 | S56: 16000 | W56: 16000 | X56: 16447.587 | Y56: 16464.667 | Z56: 16000 | AB56: 17008.322 | AE56: 17500 | AF56: 17500
A57: B4 | B57: Chai B4 | I57: 9000 | J57: 9000 | K57: 9594.9788 | L57: 10500 | M57: 12341.137 | N57: 12441.934 | P57: 13000 | Q57: 12851.445 | R57: 12994.024 | S57: 13500 | T57: 13500 | U57: 12000 | V57: 12000 | W57: 14000 | X57: 13700 | Y57: 14000 | Z57: 13970.906 | AA57: 14300 | AB57: 17098.762 | AC57: 17143.565 | AD57: 18161.28 | AE57: 18565.783 | AF57: 18738.859
A58: B5 | B58: Chai B5 | C58: 10563.825 | D58: 10507.268 | E58: 10891.883 | F58: 11017.156 | G58: 11015.531 | H58: 9991.5837 | I58: 9000 | J58: 9000 | K58: 9837.9698 | L58: 10500 | M58: 12500 | N58: 12500 | O58: 13000 | P58: 13000 | Q58: 13000 | R58: 12990.833 | S58: 13391.564 | T58: 13500 | U58: 12000 | V58: 12000 | W58: 14000 | X58: 13700 | Y58: 13943.332 | Z58: 13949.37 | AA58: 15373.679 | AB58: 17075.292 | AC58: 17383.624 | AD58: 17817.113 | AE58: 18606.748 | AF58: 18588.058
A59: B6.1 | B59: Chai B6.1 | Y59: 12000 | Z59: 12000 | AB59: 12300 | AC59: 12300 | AE59: 12300 | AF59: 12300
A60: B6.2 | B60: Chai B6.2 | P60: 12500 | Q60: 10000 | R60: 10000 | S60: 10000 | T60: 10000 | U60: 10000 | V60: 10000 | W60: 10000 | X60: 10000 | Z60: 16000 | AA60: 16000 | AB60: 17587.441 | AC60: 18055.743 | AD60: 18117.554 | AE60: 18776.241 | AF60: 18836.575
A61: A5.1 | B61: Vảy PET-A5.1 | C61: 17439.487 | D61: 17645.066 | E61: 17973.426 | F61: 17990.91 | G61: 18000 | H61: 17169.677 | I61: 16000 | J61: 16000 | K61: 16512.641 | L61: 16986.563 | M61: 17463.277 | N61: 17515.851 | O61: 17984.851 | P61: 18548.937 | Q61: 19187.723 | R61: 19300 | S61: 19862.191 | T61: 19800 | U61: 18300 | V61: 18000 | W61: 18300 | X61: 18002.192 | Y61: 18194.592 | Z61: 18200 | AA61: 18380.107 | AB61: 19051.959 | AC61: 19580.029 | AD61: 20282.386 | AE61: 19546.07 | AF61: 20355.36 | AG61: 20339.853 | AH61: 19342.628 | AI61: 16728.955 | AJ61: 16041.349 | AK61: 16027.581
A62: A5.2 | B62: Vảy PET-A5.2 | C62: 16955.379 | D62: 17082.559 | E62: 17500 | F62: 17500 | G62: 17500 | H62: 16603.495 | I62: 15500 | J62: 15500 | K62: 16000 | L62: 16000 | M62: 16726.574 | N62: 17000 | O62: 17476.902 | P62: 18000 | Q62: 18430.847 | R62: 18800 | S62: 19376.8 | T62: 19300 | U62: 17800 | V62: 17500 | W62: 17800 | X62: 17500 | Y62: 17700 | Z62: 17700 | AA62: 18120.206 | AB62: 18344.625 | AC62: 18952.432 | AD62: 19780.994 | AE62: 18857.268 | AF62: 19732.977 | AG62: 19747.751 | AH62: 18919.843 | AI62: 16260.177 | AJ62: 15609.633 | AK62: 15642.643
A63: A6 | B63: Vảy PET-A6 | C63: 16500 | D63: 16830 | E63: 16949.308 | F63: 17000 | G63: 17000 | H63: 16000 | V63: 16667.319 | W63: 16200 | AA63: 11293.478 | AD63: 19872.02 | AE63: 19800 | AF63: 19760.264 | AG63: 19855.617 | AH63: 19314.982 | AI63: 17762.571 | AK63: 14519.268
A64: A5.1.B3 | B64: Vảy PET-A5.1.B3 | I64: 17000 | K64: 17500 | L64: 18000
A65: A5.2.B3 | B65: Vảy PET-A5.2.B3
A66: A6 | B66: Vảy PET-A6.B3 | C66: 16000 | D66: 16320 | E66: 16323.886 | H66: 16000 | I66: 16000 | J66: 16000 | K66: 16344.566 | L66: 16500 | M66: 16800 | N66: 16800 | O66: 17300
A67: B2 | B67: Vảy PET B2.2_A6 | N67: 17000 | O67: 18750 | P67: 18750
A68: B6 | B68: Vảy PET B6 thử nghiệm | L68: 16000 | M68: 16000 | N68: 17000 | Q68: 18750 | R68: 18750 | S68: 18750 | T68: 18250 | U68: 18250 | V68: 18250 | W68: 18250 | X68: 18250 | Y68: 18250 | Z68: 18250 | AA68: 18250 | AC68: 19674.73 | AD68: 19890.027 | AE68: 19467.028 | AF68: 19801.351 | AG68: 20231.894 | AH68: 20330 | AI68: 18120.95 | AJ68: 16500 | AK68: 16500
A69: B7.1 | B69: Chai B7 | C69: 9355 | D69: 9355 | E69: 9355 | F69: 9354.8387 | G69: 9354.8387 | H69: 9355 | I69: 8548 | J69: 8548 | K69: 8548.3871 | L69: 8548.3871 | M69: 8548.3871 | N69: 8548.3871 | O69: 8548.3871 | P69: 8548.3871 | Q69: 8548.3871 | R69: 8548.3871 | S69: 8548.3871 | T69: 8548.3871 | U69: 8548.3871 | V69: =5300/0.62 -> 8548.3871 | W69: =5300/0.62 -> 8548.3871 | X69: =4605.26327891469/0.66 -> 6977.6716 | Y69: =4450/0.66 -> 6742.4242 | Z69: =4450/0.66 -> 6742.4242 | AA69: 6742.4242 | AB69: 6742.4242 | AC69: 6742.4242 | AD69: 6742.4242 | AE69: 6449.2754 | AF69: 6449.2754 | AG69: 6449.2754 | AH69: 8417.548 | AI69: 8816.545 | AJ69: 8569.4289 | AK69: 7971.0145
B70: CL B0-B1-Line | C70: =(C72-C71)/2+C71 -> 11597.461 | D70: =(D72-D71)/2+D71 -> 11771.76 | E70: =(E72-E71)/2+E71 -> 12688.354 | F70: =(F72-F71)/2+F71 -> 12799.294 | G70: =(G72-G71)/2+G71 -> 12395.234 | H70: =(H72-H71)/2+H71 -> 11533.201 | I70: =(I72-I71)/2+I71 -> 11648.202 | J70: =(J72-J71)/2+J71 -> 11861.881 | ... AL70: =(AL72-AL71)/2+AL71 -> 0
A71: B0-Line | B71: Chai B0 | C71: =C50 -> 8708.4662 | D71: =D50 -> 9206.5027 | E71: =E50 -> 10350.583 | F71: =F50 -> 10630.801 | G71: =G50 -> 9861.484 | H71: =H50 -> 9199.095 | I71: =I50 -> 8896.0365 | J71: =J50 -> 9246.3978 | ... AL71: =AL50 -> 0
A72: B1-Line | B72: Chai B1.1 | C72: =C51 -> 14486.456 | D72: =D51 -> 14337.016 | E72: =E51 -> 15026.124 | F72: =F51 -> 14967.788 | G72: =G51 -> 14928.984 | H72: =H51 -> 13867.306 | I72: =I51 -> 14400.367 | J72: =J51 -> 14477.364 | ... AL72: =AL51 -> 0
B73: CL B0-B1 | C73: =C72/C71-1 -> 0.66349112 | D73: =D72/D71-1 -> 0.55727064 | E73: =E72/E71-1 -> 0.45171764 | F73: =F72/F71-1 -> 0.40796434 | G73: =G72/G71-1 -> 0.51386786 | H73: =H72/H71-1 -> 0.50746415 | I73: =I72/I71-1 -> 0.61873961 | J73: =J72/J71-1 -> 0.56573014 | ... AL73: =AL72/AL71-1 -> #DIV/0!
C74: =C50+D50+E50 -> 28265.552 | F74: =F50+G50+H50 -> 29691.38 | I74: =I50+J50+K50 -> 27750.327 | L74: =L50+M50+N50 -> 32853.034 | O74: =O50+P50+Q50 -> 33260.553 | R74: =R50+S50+T50 -> 38500 | U74: =U50+V50+W50 -> 34618.07 | X74: =X50+Y50+Z50 -> 35295.78 | AA74: =AA50+AB50+AC50 -> 36705.79 | AD74: =AD50+AE50+AF50 -> 39293.967
C75: =C61+D61+E61 -> 53057.979 | F75: =F61+G61+H61 -> 53160.587 | I75: =I61+J61+K61 -> 48512.641 | L75: =L61+M61+N61 -> 51965.691 | O75: =O61+P61+Q61 -> 55721.51 | R75: =R61+S61+T61 -> 58962.191 | U75: =U61+V61+W61 -> 54600 | X75: =X61+Y61+Z61 -> 54396.783 | AA75: =AA61+AB61+AC61 -> 57012.095 | AD75: =AD61+AE61+AF61 -> 60183.816
C76: =C75-C74 -> 24792.427 | F76: =F75-F74 -> 23469.207 | I76: =I75-I74 -> 20762.314 | L76: =L75-L74 -> 19112.657 | O76: =O75-O74 -> 22460.957 | R76: =R75-R74 -> 20462.191 | U76: =U75-U74 -> 19981.93 | X76: =X75-X74 -> 19101.003 | AA76: =AA75-AA74 -> 20306.305 | AD76: =AD75-AD74 -> 20889.849
C77: =C76/3 -> 8264.1423 | F77: =F76/3 -> 7823.069 | I77: =I76/3 -> 6920.7713 | L77: =L76/3 -> 6370.8858 | O77: =O76/3 -> 7486.9858 | R77: =R76/3 -> 6820.7303 | U77: =U76/3 -> 6660.6433 | X77: =X76/3 -> 6367.0011 | AA77: =AA76/3 -> 6768.7684 | AD77: =AD76/3 -> 6963.2831
C78: =C75/C74 -> 1.8771252 | F78: =F75/F74 -> 1.7904384 | I78: =I75/I74 -> 1.7481827 | L78: =L75/L74 -> 1.5817623 | O78: =O75/O74 -> 1.6753032 | R78: =R75/R74 -> 1.5314855 | U78: =U75/U74 -> 1.577211 | X78: =X75/X74 -> 1.5411696 | AA78: =AA75/AA74 -> 1.553218 | AD78: =AD75/AD74 -> 1.5316299
C81: =C51+D51+E51 -> 43849.597 | F81: =F51+G51+H51 -> 43764.078 | I81: =I51+J51+K51 -> 43876.551 | L81: =L51+M51+N51 -> 46980.494 | O81: =O51+P51+Q51 -> 47196.098 | R81: =R51+S51+T51 -> 50374.771 | U81: =U51+V51+W51 -> 46591.063 | X81: =X51+Y51+Z51 -> 51589.851 | AA81: =AA51+AB51+AC51 -> 53222.061 | AD81: =AD51+AE51+AF51 -> 55473.957
C82: =C81-C74 -> 15584.045 | F82: =F81-F74 -> 14072.698 | I82: =I81-I74 -> 16126.223 | L82: =L81-L74 -> 14127.46 | O82: =O81-O74 -> 13935.546 | R82: =R81-R74 -> 11874.771 | U82: =U81-U74 -> 11972.993 | X82: =X81-X74 -> 16294.071 | AA82: =AA81-AA74 -> 16516.271 | AD82: =AD81-AD74 -> 16179.99
C83: =C82/3 -> 5194.6816 | F83: =F82/3 -> 4690.8994 | I83: =I82/3 -> 5375.4077 | L83: =L82/3 -> 4709.1532 | O83: =O82/3 -> 4645.1819 | R83: =R82/3 -> 3958.2569 | U83: =U82/3 -> 3990.9977 | X83: =X82/3 -> 5431.3569 | AA83: =AA82/3 -> 5505.4238 | AD83: =AD82/3 -> 5393.33
C84: =C81/C74 -> 1.5513441 | F84: =F81/F74 -> 1.4739658 | I84: =I81/I74 -> 1.5811183 | L84: =L81/L74 -> 1.4300199 | O84: =O81/O74 -> 1.4189812 | R84: =R81/R74 -> 1.3084356 | U84: =U81/U74 -> 1.3458596 | X84: =X81/X74 -> 1.4616436 | AA84: =AA81/AA74 -> 1.4499637 | AD84: =AD81/AD74 -> 1.4117678
AA86: =AA53+AB53+AC53 -> 47039.483 | AD86: =AD53 -> 16000
AA87: =AA86-AA74 -> 10333.693 | AD87: =AD86-AD74 -> -23293.967
AA88: =AA87/3 -> 3444.5645 | AD88: =AD86/AD74 -> 0.40718719
AA89: =AA86/AA74 -> 1.2815276

Sheet Chênh lệch B1 Trạm & B0
A49: Tên SP | B49: Tên thị trường | C49: T1.23 | D49: 2 | E49: 3 | F49: 4 | G49: 5 | H49: 6 | I49: 7 | J49: 8 | K49: 9 | L49: 10 | M49: 11 | N49: 12 | O49: T1.24 | P49: 2 | Q49: 3 | R49: 4 | S49: 5 | T49: 6 | U49: 7 | V49: 8 | W49: 9 | X49: 10 | Y49: 11 | Z49: 12 | AA49: T1.25 | AB49: 2 | AC49: 3 | AD49: 4 | AE49: 5 | AF49: 6 | AG49: 7 | AH49: 8 | AI49: 9 | AJ49: 10 | AK49: 11 | AL49: 12
A50: B0 | B50: Chai B0 | C50: ='Chênh lệch B1 & B0'!C50 -> 8708.4662 | D50: ='Chênh lệch B1 & B0'!D50 -> 9206.5027 | E50: ='Chênh lệch B1 & B0'!E50 -> 10350.583 | F50: ='Chênh lệch B1 & B0'!F50 -> 10630.801 | G50: ='Chênh lệch B1 & B0'!G50 -> 9861.484 | H50: ='Chênh lệch B1 & B0'!H50 -> 9199.095 | I50: ='Chênh lệch B1 & B0'!I50 -> 8896.0365 | J50: ='Chênh lệch B1 & B0'!J50 -> 9246.3978 | ... AL50: ='Chênh lệch B1 & B0'!AL50 -> 0
A51: B1 | B51: Chai B1.1 (Trạm) | C51: 14500 | D51: 14500 | E51: 15000 | F51: 15000 | G51: 15000 | H51: 14010.23 | I51: 14495.742 | J51: 14477.364 | K51: 14998.82 | L51: 16161.709 | M51: 16392.002 | N51: 16433.077 | O51: 16500 | P51: 16500 | Q51: 16566.35 | R51: 18000 | S51: 18000 | T51: 17000 | U51: 16000 | V51: 16500 | W51: 17609.208 | X51: 17323.129 | Y51: 17609.341 | Z51: 17588.992 | AA51: 17571.82 | AB51: 17826.736 | AC51: 18667.035 | AD51: 19051.337 | AE51: 18854.535 | AF51: 18812.013 | AG51: 19062.903 | AH51: 18741.138 | AI51: 15698.73 | AJ51: 15000 | AK51: 15000 | AL51: 0
A52: B1 KPL | B52: Chai B1.2 | V52: 16531.01 | W52: 15736.355 | X52: 15142.878 | Y52: 15388.66 | Z52: 15426.979 | AA52: 15926.472 | AB52: 16078.364 | AC52: 16453.863 | AD52: 16477.615 | AE52: 15813.538 | AF52: 19152.513 | AG52: 19335.815 | AH52: 19254.754 | AI52: 16570.656 | AJ52: 15000 | AK52: 15000
A53: Tuyển xô | B53: Chai tuyển xô (trạm) | AA53: 15391.18 | AB53: 15570.497 | AC53: 16077.806 | AD53: 16000 | AE53: 16000 | AF53: 16000
A54: B2.1 | B54: Chai B2.1 | C54: 10500 | D54: 10500 | E54: 11000 | F54: 11000 | G54: 11000.246 | H54: 9980.5578 | I54: 9000 | J54: 9000 | K54: 9394.7876 | Y54: 11000 | Z54: 11709.605 | AA54: 12300 | AB54: 16394 | AE54: 16000
A55: B2.2 | B55: Chai B2.2 | M55: 12500 | N55: 12500 | O55: 13000 | P55: 13000 | Q55: 13000 | R55: 13000 | S55: 13500 | T55: 15000 | U55: 12000 | V55: 11996.6 | W55: 14000 | X55: 13700 | Y55: 13909.496 | Z55: 13991.676 | AA55: 15469.628 | AB55: 16866.232 | AC55: 17274.018 | AD55: 18147.911 | AE55: 18398.163 | AF55: 18498.438
A56: B3 | B56: Chai B3 | C56: 14465.461 | D56: 14509.576 | E56: 15025.379 | F56: 14910.678 | G56: 14831.036 | H56: 14808.45 | I56: =15519.2770426906-1500 -> 14019.277 | J56: =15979.3954889592-1500 -> 14479.395 | K56: 14998.539 | L56: 14535.256 | M56: 14855.148 | N56: 15392.891 | O56: 15365.226 | P56: 15345.865 | Q56: 15465.209 | R56: 16247.504 | S56: 16000 | W56: 16000 | X56: 16447.587 | Y56: 16464.667 | Z56: 16000 | AB56: 17008.322 | AE56: 17500 | AF56: 17500
A57: B4 | B57: Chai B4 | I57: 9000 | J57: 9000 | K57: 9594.9788 | L57: 10500 | M57: 12341.137 | N57: 12441.934 | P57: 13000 | Q57: 12851.445 | R57: 12994.024 | S57: 13500 | T57: 13500 | U57: 12000 | V57: 12000 | W57: 14000 | X57: 13700 | Y57: 14000 | Z57: 13970.906 | AA57: 14300 | AB57: 17098.762 | AC57: 17143.565 | AD57: 18161.28 | AE57: 18565.783 | AF57: 18738.859
A58: B5 | B58: Chai B5 | C58: 10563.825 | D58: 10507.268 | E58: 10891.883 | F58: 11017.156 | G58: 11015.531 | H58: 9991.5837 | I58: 9000 | J58: 9000 | K58: 9837.9698 | L58: 10500 | M58: 12500 | N58: 12500 | O58: 13000 | P58: 13000 | Q58: 13000 | R58: 12990.833 | S58: 13391.564 | T58: 13500 | U58: 12000 | V58: 12000 | W58: 14000 | X58: 13700 | Y58: 13943.332 | Z58: 13949.37 | AA58: 15373.679 | AB58: 17075.292 | AC58: 17383.624 | AD58: 17817.113 | AE58: 18606.748 | AF58: 18588.058
A59: B6.1 | B59: Chai B6.1 | Y59: 12000 | Z59: 12000 | AB59: 12300 | AC59: 12300 | AE59: 12300 | AF59: 12300
A60: B6.2 | B60: Chai B6.2 | P60: 12500 | Q60: 10000 | R60: 10000 | S60: 10000 | T60: 10000 | U60: 10000 | V60: 10000 | W60: 10000 | X60: 10000 | Z60: 16000 | AA60: 16000 | AB60: 17587.441 | AC60: 18055.743 | AD60: 18117.554 | AE60: 18776.241 | AF60: 18836.575
A61: A5.1 | B61: Vảy PET-A5.1 | C61: 17439.487 | D61: 17645.066 | E61: 17973.426 | F61: 17990.91 | G61: 18000 | H61: 17169.677 | I61: 16000 | J61: 16000 | K61: 16512.641 | L61: 16986.563 | M61: 17463.277 | N61: 17515.851 | O61: 17984.851 | P61: 18548.937 | Q61: 19187.723 | R61: 19300 | S61: 19862.191 | T61: 19800 | U61: 18300 | V61: 18000 | W61: 18300 | X61: 18002.192 | Y61: 18194.592 | Z61: 18200 | AA61: 18380.107 | AB61: 19051.959 | AC61: 19580.029 | AD61: 20282.386 | AE61: 19546.07 | AF61: 20355.36 | AG61: 20339.853 | AH61: 19342.628 | AI61: 16728.955 | AJ61: 16041.349 | AK61: 16027.581
A62: A5.2 | B62: Vảy PET-A5.2 | C62: 16955.379 | D62: 17082.559 | E62: 17500 | F62: 17500 | G62: 17500 | H62: 16603.495 | I62: 15500 | J62: 15500 | K62: 16000 | L62: 16000 | M62: 16726.574 | N62: 17000 | O62: 17476.902 | P62: 18000 | Q62: 18430.847 | R62: 18800 | S62: 19376.8 | T62: 19300 | U62: 17800 | V62: 17500 | W62: 17800 | X62: 17500 | Y62: 17700 | Z62: 17700 | AA62: 18120.206 | AB62: 18344.625 | AC62: 18952.432 | AD62: 19780.994 | AE62: 18857.268 | AF62: 19732.977 | AG62: 19747.751 | AH62: 18919.843 | AI62: 16260.177 | AJ62: 15609.633 | AK62: 15642.643
A63: A6 | B63: Vảy PET-A6 | C63: 16500 | D63: 16830 | E63: 16949.308 | F63: 17000 | G63: 17000 | H63: 16000 | V63: 16667.319 | W63: 16200 | AA63: 11293.478 | AD63: 19872.02 | AE63: 19800 | AF63: 19760.264 | AG63: 19855.617 | AH63: 19314.982 | AI63: 17762.571 | AK63: 14519.268
A64: A5.1.B3 | B64: Vảy PET-A5.1.B3 | I64: 17000 | K64: 17500 | L64: 18000
A65: A5.2.B3 | B65: Vảy PET-A5.2.B3
A66: A6 | B66: Vảy PET-A6.B3 | C66: 16000 | D66: 16320 | E66: 16323.886 | H66: 16000 | I66: 16000 | J66: 16000 | K66: 16344.566 | L66: 16500 | M66: 16800 | N66: 16800 | O66: 17300
A67: B2 | B67: Vảy PET B2.2_A6 | N67: 17000 | O67: 18750 | P67: 18750
A68: B6 | B68: Vảy PET B6 thử nghiệm | L68: 16000 | M68: 16000 | N68: 17000 | Q68: 18750 | R68: 18750 | S68: 18750 | T68: 18250 | U68: 18250 | V68: 18250 | W68: 18250 | X68: 18250 | Y68: 18250 | Z68: 18250 | AA68: 18250 | AC68: 19674.73 | AD68: 19890.027 | AE68: 19467.028 | AF68: 19801.351 | AG68: 20231.894 | AH68: 20330 | AI68: 18120.95 | AJ68: 16500 | AK68: 16500
A69: B7.1 | B69: Chai B7 | C69: 9355 | D69: 9355 | E69: 9355 | F69: 9354.8387 | G69: 9354.8387 | H69: 9355 | I69: 8548 | J69: 8548 | K69: 8548.3871 | L69: 8548.3871 | M69: 8548.3871 | N69: 8548.3871 | O69: 8548.3871 | P69: 8548.3871 | Q69: 8548.3871 | R69: 8548.3871 | S69: 8548.3871 | T69: 8548.3871 | U69: 8548.3871 | V69: =5300/0.62 -> 8548.3871 | W69: =5300/0.62 -> 8548.3871 | X69: =4605.26327891469/0.66 -> 6977.6716 | Y69: =4450/0.66 -> 6742.4242 | Z69: =4450/0.66 -> 6742.4242 | AA69: 6742.4242 | AB69: 6742.4242 | AC69: 6742.4242 | AD69: 6742.4242 | AE69: 6449.2754 | AF69: 6449.2754 | AG69: 6449.2754 | AH69: 8417.548 | AI69: 8816.545 | AJ69: 8569.4289 | AK69: 7971.0145
B70: CL B0-B1-Line | C70: =(C72-C71)/2+C71 -> 11604.233 | D70: =(D72-D71)/2+D71 -> 11853.251 | E70: =(E72-E71)/2+E71 -> 12675.292 | F70: =(F72-F71)/2+F71 -> 12815.4 | G70: =(G72-G71)/2+G71 -> 12430.742 | H70: =(H72-H71)/2+H71 -> 11604.662 | I70: =(I72-I71)/2+I71 -> 11695.889 | J70: =(J72-J71)/2+J71 -> 11861.881 | ... AL70: =(AL72-AL71)/2+AL71 -> 0
A71: B0-Line | B71: Chai B0 | C71: =C50 -> 8708.4662 | D71: =D50 -> 9206.5027 | E71: =E50 -> 10350.583 | F71: =F50 -> 10630.801 | G71: =G50 -> 9861.484 | H71: =H50 -> 9199.095 | I71: =I50 -> 8896.0365 | J71: =J50 -> 9246.3978 | ... AL71: =AL50 -> 0
A72: B1-Line | B72: Chai B1.1 (Trạm) | C72: =C51 -> 14500 | D72: =D51 -> 14500 | E72: =E51 -> 15000 | F72: =F51 -> 15000 | G72: =G51 -> 15000 | H72: =H51 -> 14010.23 | I72: =I51 -> 14495.742 | J72: =J51 -> 14477.364 | ... AL72: =AL51 -> 0
B73: CL B0-B1 | C73: =C72/C71-1 -> 0.66504637 | D73: =D72/D71-1 -> 0.57497375 | E73: =E72/E71-1 -> 0.44919368 | F73: =F72/F71-1 -> 0.41099439 | G73: =G72/G71-1 -> 0.52106924 | H73: =H72/H71-1 -> 0.52300088 | I73: =I72/I71-1 -> 0.62946076 | J73: =J72/J71-1 -> 0.56573014 | ... AL73: =AL72/AL71-1 -> #DIV/0!
C74: =C50+D50+E50 -> 28265.552 | F74: =F50+G50+H50 -> 29691.38 | I74: =I50+J50+K50 -> 27750.327 | L74: =L50+M50+N50 -> 32853.034 | O74: =O50+P50+Q50 -> 33260.553 | R74: =R50+S50+T50 -> 38500 | U74: =U50+V50+W50 -> 34618.07 | X74: =X50+Y50+Z50 -> 35295.78 | AA74: =AA50+AB50+AC50 -> 36705.79 | AD74: =AD50+AE50+AF50 -> 39293.967
C75: =C61+D61+E61 -> 53057.979 | F75: =F61+G61+H61 -> 53160.587 | I75: =I61+J61+K61 -> 48512.641 | L75: =L61+M61+N61 -> 51965.691 | O75: =O61+P61+Q61 -> 55721.51 | R75: =R61+S61+T61 -> 58962.191 | U75: =U61+V61+W61 -> 54600 | X75: =X61+Y61+Z61 -> 54396.783 | AA75: =AA61+AB61+AC61 -> 57012.095 | AD75: =AD61+AE61+AF61 -> 60183.816
C76: =C75-C74 -> 24792.427 | F76: =F75-F74 -> 23469.207 | I76: =I75-I74 -> 20762.314 | L76: =L75-L74 -> 19112.657 | O76: =O75-O74 -> 22460.957 | R76: =R75-R74 -> 20462.191 | U76: =U75-U74 -> 19981.93 | X76: =X75-X74 -> 19101.003 | AA76: =AA75-AA74 -> 20306.305 | AD76: =AD75-AD74 -> 20889.849
C77: =C76/3 -> 8264.1423 | F77: =F76/3 -> 7823.069 | I77: =I76/3 -> 6920.7713 | L77: =L76/3 -> 6370.8858 | O77: =O76/3 -> 7486.9858 | R77: =R76/3 -> 6820.7303 | U77: =U76/3 -> 6660.6433 | X77: =X76/3 -> 6367.0011 | AA77: =AA76/3 -> 6768.7684 | AD77: =AD76/3 -> 6963.2831
C78: =C75/C74 -> 1.8771252 | F78: =F75/F74 -> 1.7904384 | I78: =I75/I74 -> 1.7481827 | L78: =L75/L74 -> 1.5817623 | O78: =O75/O74 -> 1.6753032 | R78: =R75/R74 -> 1.5314855 | U78: =U75/U74 -> 1.577211 | X78: =X75/X74 -> 1.5411696 | AA78: =AA75/AA74 -> 1.553218 | AD78: =AD75/AD74 -> 1.5316299
C81: =C51+D51+E51 -> 44000 | F81: =F51+G51+H51 -> 44010.23 | I81: =I51+J51+K51 -> 43971.926 | L81: =L51+M51+N51 -> 48986.788 | O81: =O51+P51+Q51 -> 49566.35 | R81: =R51+S51+T51 -> 53000 | U81: =U51+V51+W51 -> 50109.208 | X81: =X51+Y51+Z51 -> 52521.462 | AA81: =AA51+AB51+AC51 -> 54065.591 | AD81: =AD51+AE51+AF51 -> 56717.885
C82: =C81-C74 -> 15734.448 | F82: =F81-F74 -> 14318.85 | I82: =I81-I74 -> 16221.599 | L82: =L81-L74 -> 16133.754 | O82: =O81-O74 -> 16305.797 | R82: =R81-R74 -> 14500 | U82: =U81-U74 -> 15491.138 | X82: =X81-X74 -> 17225.682 | AA82: =AA81-AA74 -> 17359.801 | AD82: =AD81-AD74 -> 17423.919
C83: =C82/3 -> 5244.8159 | F83: =F82/3 -> 4772.9501 | I83: =I82/3 -> 5407.1996 | L83: =L82/3 -> 5377.9179 | O83: =O82/3 -> 5435.2657 | R83: =R82/3 -> 4833.3333 | U83: =U82/3 -> 5163.7128 | X83: =X82/3 -> 5741.8939 | AA83: =AA82/3 -> 5786.6003 | AD83: =AD82/3 -> 5807.973
C84: =C81/C74 -> 1.5566651 | F84: =F81/F74 -> 1.4822561 | I84: =I81/I74 -> 1.5845552 | L84: =L81/L74 -> 1.4910887 | O84: =O81/O74 -> 1.4902443 | R84: =R81/R74 -> 1.3766234 | U84: =U81/U74 -> 1.4474871 | X84: =X81/X74 -> 1.488038 | AA84: =AA81/AA74 -> 1.4729445 | AD84: =AD81/AD74 -> 1.4434248
AA86: =AA53+AB53+AC53 -> 47039.483 | AD86: =AD53 -> 16000
AA87: =AA86-AA74 -> 10333.693 | AD87: =AD86-AD74 -> -23293.967
AA88: =AA87/3 -> 3444.5645 | AD88: =AD86/AD74 -> 0.40718719
AA89: =AA86/AA74 -> 1.2815276

Sheet Chênh lệch B1 NCC ngoài & B0
A49: Tên SP | B49: Tên thị trường | C49: T1.23 | D49: 2 | E49: 3 | F49: 4 | G49: 5 | H49: 6 | I49: 7 | J49: 8 | K49: 9 | L49: 10 | M49: 11 | N49: 12 | O49: T1.24 | P49: 2 | Q49: 3 | R49: 4 | S49: 5 | T49: 6 | U49: 7 | V49: 8 | W49: 9 | X49: 10 | Y49: 11 | Z49: 12 | AA49: T1.25 | AB49: 2 | AC49: 3 | AD49: 4 | AE49: 5 | AF49: 6 | AG49: 7 | AH49: 8 | AI49: 9 | AJ49: 10 | AK49: 11 | AL49: 12
A50: B0 | B50: Chai B0 | C50: ='Chênh lệch B1 & B0'!C50 -> 8708.4662 | D50: ='Chênh lệch B1 & B0'!D50 -> 9206.5027 | E50: ='Chênh lệch B1 & B0'!E50 -> 10350.583 | F50: ='Chênh lệch B1 & B0'!F50 -> 10630.801 | G50: ='Chênh lệch B1 & B0'!G50 -> 9861.484 | H50: ='Chênh lệch B1 & B0'!H50 -> 9199.095 | I50: ='Chênh lệch B1 & B0'!I50 -> 8896.0365 | J50: ='Chênh lệch B1 & B0'!J50 -> 9246.3978 | ... AL50: ='Chênh lệch B1 & B0'!AL50 -> 0
A51: B1 | B51: Chai B1.1 (NCC ngoài) | C51: 14455.482 | D51: 14038.069 | E51: 15057.018 | F51: 14924.561 | G51: 14835.583 | H51: 13384.367 | I51: 12774.641 | J51: 13000 | K51: 13500 | L51: 14500 | M51: 15011.713 | N51: 15047.008 | O51: 15311.553 | P51: 15639.704 | Q51: 15245.246 | R51: 16501.165 | S51: 17000 | T51: 16751.644 | U51: 15000 | V51: 14000 | W51: 17591.063 | X51: 16991.396 | Y51: 17312.462 | Z51: 17285.992 | AA51: 17403.263 | AB51: 17590.561 | AC51: 18228.238 | AD51: 18384.378 | AE51: 18589.095 | AF51: 18500.484 | AG51: 18590.918 | AH51: 18034.643 | AI51: 15376.19 | AJ51: 14775.021 | AK51: 14842.864
A52: B1 KPL | B52: Chai B1 KPL | V52: 16531.01 | W52: 15736.355 | X52: 15142.878 | Y52: 15388.66 | Z52: 15426.979 | AA52: 15926.472 | AB52: 16078.364 | AC52: 16453.863 | AD52: 16477.615 | AE52: 15813.538 | AF52: 19152.513 | AG52: 19335.815 | AH52: 19254.754 | AI52: 16570.656 | AJ52: 15000 | AK52: 15000
A53: Tuyển xô | B53: Chai tuyển xô (trạm) | AA53: 15391.18 | AB53: 15570.497 | AC53: 16077.806 | AD53: 16000 | AE53: 16000 | AF53: 16000
A54: B2.1 | B54: Chai B2.1 | C54: 10500 | D54: 10500 | E54: 11000 | F54: 11000 | G54: 11000.246 | H54: 9980.5578 | I54: 9000 | J54: 9000 | K54: 9394.7876 | Y54: 11000 | Z54: 11709.605 | AA54: 12300 | AB54: 16394 | AE54: 16000
A55: B2.2 | B55: Chai B2.2 | M55: 12500 | N55: 12500 | O55: 13000 | P55: 13000 | Q55: 13000 | R55: 13000 | S55: 13500 | T55: 15000 | U55: 12000 | V55: 11996.6 | W55: 14000 | X55: 13700 | Y55: 13909.496 | Z55: 13991.676 | AA55: 15469.628 | AB55: 16866.232 | AC55: 17274.018 | AD55: 18147.911 | AE55: 18398.163 | AF55: 18498.438
A56: B3 | B56: Chai B3 | C56: 14465.461 | D56: 14509.576 | E56: 15025.379 | F56: 14910.678 | G56: 14831.036 | H56: 14808.45 | I56: =15519.2770426906-1500 -> 14019.277 | J56: =15979.3954889592-1500 -> 14479.395 | K56: 14998.539 | L56: 14535.256 | M56: 14855.148 | N56: 15392.891 | O56: 15365.226 | P56: 15345.865 | Q56: 15465.209 | R56: 16247.504 | S56: 16000 | W56: 16000 | X56: 16447.587 | Y56: 16464.667 | Z56: 16000 | AB56: 17008.322 | AE56: 17500 | AF56: 17500
A57: B4 | B57: Chai B4 | I57: 9000 | J57: 9000 | K57: 9594.9788 | L57: 10500 | M57: 12341.137 | N57: 12441.934 | P57: 13000 | Q57: 12851.445 | R57: 12994.024 | S57: 13500 | T57: 13500 | U57: 12000 | V57: 12000 | W57: 14000 | X57: 13700 | Y57: 14000 | Z57: 13970.906 | AA57: 14300 | AB57: 17098.762 | AC57: 17143.565 | AD57: 18161.28 | AE57: 18565.783 | AF57: 18738.859
A58: B5 | B58: Chai B5 | C58: 10563.825 | D58: 10507.268 | E58: 10891.883 | F58: 11017.156 | G58: 11015.531 | H58: 9991.5837 | I58: 9000 | J58: 9000 | K58: 9837.9698 | L58: 10500 | M58: 12500 | N58: 12500 | O58: 13000 | P58: 13000 | Q58: 13000 | R58: 12990.833 | S58: 13391.564 | T58: 13500 | U58: 12000 | V58: 12000 | W58: 14000 | X58: 13700 | Y58: 13943.332 | Z58: 13949.37 | AA58: 15373.679 | AB58: 17075.292 | AC58: 17383.624 | AD58: 17817.113 | AE58: 18606.748 | AF58: 18588.058
A59: B6.1 | B59: Chai B6.1 | Y59: 12000 | Z59: 12000 | AB59: 12300 | AC59: 12300 | AE59: 12300 | AF59: 12300
A60: B6.2 | B60: Chai B6.2 | P60: 12500 | Q60: 10000 | R60: 10000 | S60: 10000 | T60: 10000 | U60: 10000 | V60: 10000 | W60: 10000 | X60: 10000 | Z60: 16000 | AA60: 16000 | AB60: 17587.441 | AC60: 18055.743 | AD60: 18117.554 | AE60: 18776.241 | AF60: 18836.575
A61: A5.1 | B61: Vảy PET-A5.1 | C61: 17439.487 | D61: 17645.066 | E61: 17973.426 | F61: 17990.91 | G61: 18000 | H61: 17169.677 | I61: 16000 | J61: 16000 | K61: 16512.641 | L61: 16986.563 | M61: 17463.277 | N61: 17515.851 | O61: 17984.851 | P61: 18548.937 | Q61: 19187.723 | R61: 19300 | S61: 19862.191 | T61: 19800 | U61: 18300 | V61: 18000 | W61: 18300 | X61: 18002.192 | Y61: 18194.592 | Z61: 18200 | AA61: 18380.107 | AB61: 19051.959 | AC61: 19580.029 | AD61: 20282.386 | AE61: 19546.07 | AF61: 20355.36 | AG61: 20339.853 | AH61: 19342.628 | AI61: 16728.955 | AJ61: 16041.349 | AK61: 16027.581
A62: A5.2 | B62: Vảy PET-A5.2 | C62: 16955.379 | D62: 17082.559 | E62: 17500 | F62: 17500 | G62: 17500 | H62: 16603.495 | I62: 15500 | J62: 15500 | K62: 16000 | L62: 16000 | M62: 16726.574 | N62: 17000 | O62: 17476.902 | P62: 18000 | Q62: 18430.847 | R62: 18800 | S62: 19376.8 | T62: 19300 | U62: 17800 | V62: 17500 | W62: 17800 | X62: 17500 | Y62: 17700 | Z62: 17700 | AA62: 18120.206 | AB62: 18344.625 | AC62: 18952.432 | AD62: 19780.994 | AE62: 18857.268 | AF62: 19732.977 | AG62: 19747.751 | AH62: 18919.843 | AI62: 16260.177 | AJ62: 15609.633 | AK62: 15642.643
A63: A6 | B63: Vảy PET-A6 | C63: 16500 | D63: 16830 | E63: 16949.308 | F63: 17000 | G63: 17000 | H63: 16000 | V63: 16667.319 | W63: 16200 | AA63: 11293.478 | AD63: 19872.02 | AE63: 19800 | AF63: 19760.264 | AG63: 19855.617 | AH63: 19314.982 | AI63: 17762.571 | AK63: 14519.268
A64: A5.1.B3 | B64: Vảy PET-A5.1.B3 | I64: 17000 | K64: 17500 | L64: 18000
A65: A5.2.B3 | B65: Vảy PET-A5.2.B3
A66: A6 | B66: Vảy PET-A6.B3 | C66: 16000 | D66: 16320 | E66: 16323.886 | H66: 16000 | I66: 16000 | J66: 16000 | K66: 16344.566 | L66: 16500 | M66: 16800 | N66: 16800 | O66: 17300
A67: B2 | B67: Vảy PET B2.2_A6 | N67: 17000 | O67: 18750 | P67: 18750
A68: B6 | B68: Vảy PET B6 thử nghiệm | L68: 16000 | M68: 16000 | N68: 17000 | Q68: 18750 | R68: 18750 | S68: 18750 | T68: 18250 | U68: 18250 | V68: 18250 | W68: 18250 | X68: 18250 | Y68: 18250 | Z68: 18250 | AA68: 18250 | AC68: 19674.73 | AD68: 19890.027 | AE68: 19467.028 | AF68: 19801.351 | AG68: 20231.894 | AH68: 20330 | AI68: 18120.95 | AJ68: 16500 | AK68: 16500
A69: B7.1 | B69: Chai B7 | C69: 9355 | D69: 9355 | E69: 9355 | F69: 9354.8387 | G69: 9354.8387 | H69: 9355 | I69: 8548 | J69: 8548 | K69: 8548.3871 | L69: 8548.3871 | M69: 8548.3871 | N69: 8548.3871 | O69: 8548.3871 | P69: 8548.3871 | Q69: 8548.3871 | R69: 8548.3871 | S69: 8548.3871 | T69: 8548.3871 | U69: 8548.3871 | V69: =5300/0.62 -> 8548.3871 | W69: =5300/0.62 -> 8548.3871 | X69: =4605.26327891469/0.66 -> 6977.6716 | Y69: =4450/0.66 -> 6742.4242 | Z69: =4450/0.66 -> 6742.4242 | AA69: 6742.4242 | AB69: 6742.4242 | AC69: 6742.4242 | AD69: 6742.4242 | AE69: 6449.2754 | AF69: 6449.2754 | AG69: 6449.2754 | AH69: 8417.548 | AI69: 8816.545 | AJ69: 8569.4289 | AK69: 7971.0145
B70: CL B0-B1-Line | C70: =(C72-C71)/2+C71 -> 11581.974 | D70: =(D72-D71)/2+D71 -> 11622.286 | E70: =(E72-E71)/2+E71 -> 12703.801 | F70: =(F72-F71)/2+F71 -> 12777.681 | G70: =(G72-G71)/2+G71 -> 12348.534 | H70: =(H72-H71)/2+H71 -> 11291.731 | I70: =(I72-I71)/2+I71 -> 10835.339 | J70: =(J72-J71)/2+J71 -> 11123.199 | ... AL70: =(AL72-AL71)/2+AL71 -> 0
A71: B0-Line | B71: Chai B0 | C71: =C50 -> 8708.4662 | D71: =D50 -> 9206.5027 | E71: =E50 -> 10350.583 | F71: =F50 -> 10630.801 | G71: =G50 -> 9861.484 | H71: =H50 -> 9199.095 | I71: =I50 -> 8896.0365 | J71: =J50 -> 9246.3978 | ... AL71: =AL50 -> 0
A72: B1-Line | B72: Chai B1.1 (NCC ngoài) | C72: =C51 -> 14455.482 | D72: =D51 -> 14038.069 | E72: =E51 -> 15057.018 | F72: =F51 -> 14924.561 | G72: =G51 -> 14835.583 | H72: =H51 -> 13384.367 | I72: =I51 -> 12774.641 | J72: =J51 -> 13000 | ... AL72: =AL51 -> 0
B73: CL B0-B1 | C73: =C72/C71-1 -> 0.65993436 | D73: =D72/D71-1 -> 0.5247993 | E73: =E72/E71-1 -> 0.45470235 | F73: =F72/F71-1 -> 0.40389812 | G73: =G72/G71-1 -> 0.50439661 | H73: =H72/H71-1 -> 0.45496566 | I73: =I72/I71-1 -> 0.43599246 | J73: =J72/J71-1 -> 0.40595293 | ... AL73: =AL72/AL71-1 -> #DIV/0!
C74: =C50+D50+E50 -> 28265.552 | F74: =F50+G50+H50 -> 29691.38 | I74: =I50+J50+K50 -> 27750.327 | L74: =L50+M50+N50 -> 32853.034 | O74: =O50+P50+Q50 -> 33260.553 | R74: =R50+S50+T50 -> 38500 | U74: =U50+V50+W50 -> 34618.07 | X74: =X50+Y50+Z50 -> 35295.78 | AA74: =AA50+AB50+AC50 -> 36705.79 | AD74: =AD50+AE50+AF50 -> 39293.967
C75: =C61+D61+E61 -> 53057.979 | F75: =F61+G61+H61 -> 53160.587 | I75: =I61+J61+K61 -> 48512.641 | L75: =L61+M61+N61 -> 51965.691 | O75: =O61+P61+Q61 -> 55721.51 | R75: =R61+S61+T61 -> 58962.191 | U75: =U61+V61+W61 -> 54600 | X75: =X61+Y61+Z61 -> 54396.783 | AA75: =AA61+AB61+AC61 -> 57012.095 | AD75: =AD61+AE61+AF61 -> 60183.816
C76: =C75-C74 -> 24792.427 | F76: =F75-F74 -> 23469.207 | I76: =I75-I74 -> 20762.314 | L76: =L75-L74 -> 19112.657 | O76: =O75-O74 -> 22460.957 | R76: =R75-R74 -> 20462.191 | U76: =U75-U74 -> 19981.93 | X76: =X75-X74 -> 19101.003 | AA76: =AA75-AA74 -> 20306.305 | AD76: =AD75-AD74 -> 20889.849
C77: =C76/3 -> 8264.1423 | F77: =F76/3 -> 7823.069 | I77: =I76/3 -> 6920.7713 | L77: =L76/3 -> 6370.8858 | O77: =O76/3 -> 7486.9858 | R77: =R76/3 -> 6820.7303 | U77: =U76/3 -> 6660.6433 | X77: =X76/3 -> 6367.0011 | AA77: =AA76/3 -> 6768.7684 | AD77: =AD76/3 -> 6963.2831
C78: =C75/C74 -> 1.8771252 | F78: =F75/F74 -> 1.7904384 | I78: =I75/I74 -> 1.7481827 | L78: =L75/L74 -> 1.5817623 | O78: =O75/O74 -> 1.6753032 | R78: =R75/R74 -> 1.5314855 | U78: =U75/U74 -> 1.577211 | X78: =X75/X74 -> 1.5411696 | AA78: =AA75/AA74 -> 1.553218 | AD78: =AD75/AD74 -> 1.5316299
C81: =C51+D51+E51 -> 43550.569 | F81: =F51+G51+H51 -> 43144.512 | I81: =I51+J51+K51 -> 39274.641 | L81: =L51+M51+N51 -> 44558.722 | O81: =O51+P51+Q51 -> 46196.503 | R81: =R51+S51+T51 -> 50252.809 | U81: =U51+V51+W51 -> 46591.063 | X81: =X51+Y51+Z51 -> 51589.851 | AA81: =AA51+AB51+AC51 -> 53222.061 | AD81: =AD51+AE51+AF51 -> 55473.957
C82: =C81-C74 -> 15285.017 | F82: =F81-F74 -> 13453.132 | I82: =I81-I74 -> 11524.314 | L82: =L81-L74 -> 11705.688 | O82: =O81-O74 -> 12935.95 | R82: =R81-R74 -> 11752.809 | U82: =U81-U74 -> 11972.993 | X82: =X81-X74 -> 16294.071 | AA82: =AA81-AA74 -> 16516.271 | AD82: =AD81-AD74 -> 16179.99
C83: =C82/3 -> 5095.0056 | F83: =F82/3 -> 4484.3773 | I83: =I82/3 -> 3841.438 | L83: =L82/3 -> 3901.896 | O83: =O82/3 -> 4311.9833 | R83: =R82/3 -> 3917.6032 | U83: =U82/3 -> 3990.9977 | X83: =X82/3 -> 5431.3569 | AA83: =AA82/3 -> 5505.4238 | AD83: =AD82/3 -> 5393.33
C84: =C81/C74 -> 1.5407648 | F84: =F81/F74 -> 1.4530989 | I84: =I81/I74 -> 1.4152857 | L84: =L81/L74 -> 1.3563046 | O84: =O81/O74 -> 1.3889277 | R84: =R81/R74 -> 1.3052678 | U84: =U81/U74 -> 1.3458596 | X84: =X81/X74 -> 1.4616436 | AA84: =AA81/AA74 -> 1.4499637 | AD84: =AD81/AD74 -> 1.4117678
AA86: =AA53+AB53+AC53 -> 47039.483 | AD86: =AD53 -> 16000
AA87: =AA86-AA74 -> 10333.693 | AD87: =AD86-AD74 -> -23293.967
AA88: =AA87/3 -> 3444.5645 | AD88: =AD86/AD74 -> 0.40718719
AA89: =AA86/AA74 -> 1.2815276

Sheet Chênh lệch B1-B0 (NCC ngoài)
A49: Tên SP | B49: Tên thị trường | C49: T1.23 | D49: 2 | E49: 3 | F49: 4 | G49: 5 | H49: 6 | I49: 7 | J49: 8 | K49: 9 | L49: 10 | M49: 11 | N49: 12 | O49: T1.24 | P49: 2 | Q49: 3 | R49: 4 | S49: 5 | T49: 6 | U49: 7 | V49: 8 | W49: 9 | X49: 10 | Y49: 11 | Z49: 12 | AA49: T1.25 | AB49: 2 | AC49: 3 | AD49: 4 | AE49: 5 | AF49: 6
A50: B0 | B50: Chai B0 | C50: 8708.4662 | D50: 9206.5027 | E50: 10350.583 | F50: 10630.801 | G50: 9861.484 | H50: 9199.095 | I50: 8896.0365 | J50: 9246.3978 | K50: 9607.8931 | L50: 10586.188 | M50: 11153.125 | N50: 11113.72 | O50: 11099.755 | P50: 11015.602 | Q50: 11145.196 | R50: 12500 | S50: 13000 | T50: 13000 | U50: 11500 | V50: 11449.41 | W50: 11668.66 | X50: 11469.02 | Y50: 12047.76 | Z50: 11779 | AA50: 12030 | AB50: 12135 | AC50: 12463 | AD50: 12924 | AE50: 12767 | AF50: ='Chênh lệch B1 & B0'!AF50 -> 13370.127
A51: B1 | B51: Chai B1 | C51: 14455.482 | D51: 14038.069 | E51: 15057.018 | F51: 14924.561 | G51: 14835.583 | H51: 13384.367 | I51: 12774.641 | J51: 13000 | K51: 13500 | L51: 14500 | M51: 15011.713 | N51: 15047.008 | O51: 15136.384 | P51: 15362.647 | Q51: 15024.499 | R51: 16178.926 | S51: 17000 | T51: 16751.644 | U51: 15000 | V51: 14000 | W51: 16400 | X51: 16030.121 | Y51: 16715.368 | Z51: 16768.144 | AA51: 16839.281 | AB51: 16800 | AC51: 16890.798 | AD51: 17857.025 | AE51: 17431.809 | AF51: 17736.314
A52: B1 KPL | B52: Chai B1 KPL | V52: 16531.01 | W52: 15736.355 | X52: 15142.878 | Y52: 15388.66 | Z52: 15426.979 | AA52: 15758.76 | AB52: 16078.364 | AC52: 16453.863 | AD52: 16500 | AE52: 15813.538 | AF52: 19152.513
A53: Tuyển xô | B53: Chai tuyển xô (trạm) | AA53: 15391.18 | AB53: 15570.497 | AC53: 16077.806 | AD53: 16000 | AE53: 16000 | AF53: 16000
A54: B2.1 | B54: Chai B2.1 | C54: 10500 | D54: 10500 | E54: 11000 | F54: 11000 | G54: 11000.246 | H54: 9980.5578 | I54: 9000 | J54: 9000 | K54: 9394.7876 | Y54: 11000 | Z54: 11709.605 | AA54: 12300 | AB54: 16394
A55: B2.2 | B55: Chai B2.2 | M55: 12500 | N55: 12500 | O55: 13000 | P55: 13000 | Q55: 13000 | R55: 13000 | S55: 13500 | T55: 15000 | U55: 12000 | V55: 11996.6 | W55: 14000 | X55: 13700 | Y55: 13909.496 | Z55: 13991.676 | AA55: 15469.628 | AB55: 16866.232 | AC55: 17274.018 | AD55: 18147.911 | AE55: 18398.163 | AF55: 18498.438
A56: B3 | B56: Chai B3 | C56: 14465.461 | D56: 14509.576 | E56: 15025.379 | F56: 14910.678 | G56: 14831.036 | H56: 14808.45 | I56: =15519.2770426906-1500 -> 14019.277 | J56: =15979.3954889592-1500 -> 14479.395 | K56: 14998.539 | L56: 14535.256 | M56: 14855.148 | N56: 15392.891 | O56: 15365.226 | P56: 15345.865 | Q56: 15465.209 | R56: 16247.504 | S56: 16000 | W56: 16000 | X56: 16447.587 | Y56: 16464.667 | Z56: 16000 | AB56: 17008.322 | AE56: 17500 | AF56: 17500
A57: B4 | B57: Chai B4 | I57: 9000 | J57: 9000 | K57: 9594.9788 | L57: 10500 | M57: 12341.137 | N57: 12441.934 | P57: 13000 | Q57: 12851.445 | R57: 12994.024 | S57: 13500 | T57: 13500 | U57: 12000 | V57: 12000 | W57: 14000 | X57: 13700 | Y57: 14000 | Z57: 13970.906 | AA57: 14300 | AB57: 17098.762 | AC57: 17143.565 | AD57: 18161.28 | AE57: 18565.783 | AF57: 18738.859
A58: B5 | B58: Chai B5 | C58: 10563.825 | D58: 10507.268 | E58: 10891.883 | F58: 11017.156 | G58: 11015.531 | H58: 9991.5837 | I58: 9000 | J58: 9000 | K58: 9837.9698 | L58: 10500 | M58: 12500 | N58: 12500 | O58: 13000 | P58: 13000 | Q58: 13000 | R58: 12990.833 | S58: 13391.564 | T58: 13500 | U58: 12000 | V58: 12000 | W58: 14000 | X58: 13700 | Y58: 13943.332 | Z58: 13949.37 | AA58: 15373.679 | AB58: 17075.292 | AC58: 17383.624 | AD58: 17817.113 | AE58: 18606.748 | AF58: 18588.058
A59: B6.1 | B59: Chai B6.1 | Y59: 12000 | Z59: 12000 | AB59: 12300 | AC59: 12300 | AE59: 12300 | AF59: 12300
A60: B6.2 | B60: Chai B6.2 | P60: 12500 | Q60: 10000 | R60: 10000 | S60: 10000 | T60: 10000 | U60: 10000 | V60: 10000 | W60: 10000 | X60: 10000 | Z60: 16000 | AA60: 16000 | AB60: 17587.441 | AC60: 18055.743 | AD60: 18117.554 | AE60: 18776.241 | AF60: 18836.575
A61: A5.1 | B61: Vảy PET-A5.1 | C61: 17439.487 | D61: 17645.066 | E61: 17973.426 | F61: 17990.91 | G61: 18000 | H61: 17169.677 | I61: 16000 | J61: 16000 | K61: 16512.641 | L61: 16986.563 | M61: 17463.277 | N61: 17515.851 | O61: 17984.851 | P61: 18548.937 | Q61: 19187.723 | R61: 19300 | S61: 19862.191 | T61: 19800 | U61: 18300 | V61: 18000 | W61: 18300 | X61: 18002.192 | Y61: 18194.592 | Z61: 18200 | AA61: 18200 | AB61: 18746.118 | AC61: 19197.787 | AD61: 19917.065 | AE61: 19071.613 | AF61: 19873.331
A62: A5.2 | B62: Vảy PET-A5.2 | C62: 16955.379 | D62: 17082.559 | E62: 17500 | F62: 17500 | G62: 17500 | H62: 16603.495 | I62: 15500 | J62: 15500 | K62: 16000 | L62: 16000 | M62: 16726.574 | N62: 17000 | O62: 17476.902 | P62: 18000 | Q62: 18430.847 | R62: 18800 | S62: 19376.8 | T62: 19300 | U62: 17800 | V62: 17500 | W62: 17800 | X62: 17500 | Y62: 17700 | Z62: 17700 | AA62: 17700 | AB62: 18041.537 | AC62: 18700 | AD62: 19646.24 | AE62: 18486.85 | AF62: 19132.195
A63: A6 | B63: Vảy PET-A6 | C63: 16500 | D63: 16830 | E63: 16949.308 | F63: 17000 | G63: 17000 | H63: 16000 | V63: 16667.319 | W63: 16200 | AA63: 11293.478 | AD63: 20051.405 | AE63: 19800 | AF63: 19760.264
A64: A5.1.B3 | B64: Vảy PET-A5.1.B3 | I64: 17000 | K64: 17500 | L64: 18000
A65: A5.2.B3 | B65: Vảy PET-A5.2.B3
A66: A6 | B66: Vảy PET-A6.B3 | C66: 16000 | D66: 16320 | E66: 16323.886 | H66: 16000 | I66: 16000 | J66: 16000 | K66: 16344.566 | L66: 16500 | M66: 16800 | N66: 16800 | O66: 17300
A67: B2 | B67: Vảy PET B2.2_A6 | N67: 17000 | O67: 18750 | P67: 18750
A68: B6 | B68: Vảy PET B6 thử nghiệm | L68: 16000 | M68: 16000 | N68: 17000 | Q68: 18750 | R68: 18750 | S68: 18750 | T68: 18250 | U68: 18250 | V68: 18250 | W68: 18250 | X68: 18250 | Y68: 18250 | Z68: 18250 | AA68: 18250 | AB68: Không mua | AC68: 19674.73 | AD68: 19830.85 | AE68: 19467.028 | AF68: 19801.351
A69: B7.1 | B69: Chai B7 | C69: 9355 | D69: 9355 | E69: 9355 | F69: 9354.8387 | G69: 9354.8387 | H69: 9355 | I69: 8548 | J69: 8548 | K69: 8548.3871 | L69: 8548.3871 | M69: 8548.3871 | N69: 8548.3871 | O69: 8548.3871 | P69: 8548.3871 | Q69: 8548.3871 | R69: 8548.3871 | S69: 8548.3871 | T69: 8548.3871 | U69: 8548.3871 | V69: =5300/0.62 -> 8548.3871 | W69: =5300/0.62 -> 8548.3871 | X69: =4605.26327891469/0.66 -> 6977.6716 | Y69: =4450/0.66 -> 6742.4242 | Z69: =4450/0.66 -> 6742.4242 | AA69: =4450/0.66 -> 6742.4242 | AB69: 6742.4242 | AC69: 6742.4242 | AD69: 6742.4242 | AE69: 6742.4242 | AF69: 6742.4242
B70: CL B0-B1-Line | C70: =(C72-C71)/2+C71 -> 11581.974 | D70: =(D72-D71)/2+D71 -> 11622.286 | E70: =(E72-E71)/2+E71 -> 12703.801 | F70: =(F72-F71)/2+F71 -> 12777.681 | G70: =(G72-G71)/2+G71 -> 12348.534 | H70: =(H72-H71)/2+H71 -> 11291.731 | I70: =(I72-I71)/2+I71 -> 10835.339 | J70: =(J72-J71)/2+J71 -> 11123.199 | ... AF70: =(AF72-AF71)/2+AF71 -> 15553.221
A71: B0-Line | B71: Chai B0 | C71: =C50 -> 8708.4662 | D71: =D50 -> 9206.5027 | E71: =E50 -> 10350.583 | F71: =F50 -> 10630.801 | G71: =G50 -> 9861.484 | H71: =H50 -> 9199.095 | I71: =I50 -> 8896.0365 | J71: =J50 -> 9246.3978 | ... AF71: =AF50 -> 13370.127
A72: B1-Line | B72: Chai B1 | C72: =C51 -> 14455.482 | D72: =D51 -> 14038.069 | E72: =E51 -> 15057.018 | F72: =F51 -> 14924.561 | G72: =G51 -> 14835.583 | H72: =H51 -> 13384.367 | I72: =I51 -> 12774.641 | J72: =J51 -> 13000 | ... AF72: =AF51 -> 17736.314
B73: CL B0-B1 | C73: =C72/C71-1 -> 0.65993436 | D73: =D72/D71-1 -> 0.5247993 | E73: =E72/E71-1 -> 0.45470235 | F73: =F72/F71-1 -> 0.40389812 | G73: =G72/G71-1 -> 0.50439661 | H73: =H72/H71-1 -> 0.45496566 | I73: =I72/I71-1 -> 0.43599246 | J73: =J72/J71-1 -> 0.40595293 | ... AF73: =AF72/AF71-1 -> 0.32656287
C74: =C50+D50+E50 -> 28265.552 | F74: =F50+G50+H50 -> 29691.38 | I74: =I50+J50+K50 -> 27750.327 | L74: =L50+M50+N50 -> 32853.034 | O74: =O50+P50+Q50 -> 33260.553 | R74: =R50+S50+T50 -> 38500 | U74: =U50+V50+W50 -> 34618.07 | X74: =X50+Y50+Z50 -> 35295.78 | AA74: =AA50+AB50+AC50 -> 36628 | AD74: =AD50+AE50+AF50 -> 39061.127
C75: =C61+D61+E61 -> 53057.979 | F75: =F61+G61+H61 -> 53160.587 | I75: =I61+J61+K61 -> 48512.641 | L75: =L61+M61+N61 -> 51965.691 | O75: =O61+P61+Q61 -> 55721.51 | R75: =R61+S61+T61 -> 58962.191 | U75: =U61+V61+W61 -> 54600 | X75: =X61+Y61+Z61 -> 54396.783 | AA75: =AA61+AB61+AC61 -> 56143.905 | AD75: =AD61+AE61+AF61 -> 58862.009
C76: =C75-C74 -> 24792.427 | F76: =F75-F74 -> 23469.207 | I76: =I75-I74 -> 20762.314 | L76: =L75-L74 -> 19112.657 | O76: =O75-O74 -> 22460.957 | R76: =R75-R74 -> 20462.191 | U76: =U75-U74 -> 19981.93 | X76: =X75-X74 -> 19101.003 | AA76: =AA75-AA74 -> 19515.905 | AD76: =AD75-AD74 -> 19800.881
C77: =C76/3 -> 8264.1423 | F77: =F76/3 -> 7823.069 | I77: =I76/3 -> 6920.7713 | L77: =L76/3 -> 6370.8858 | O77: =O76/3 -> 7486.9858 | R77: =R76/3 -> 6820.7303 | U77: =U76/3 -> 6660.6433 | X77: =X76/3 -> 6367.0011 | AA77: =AA76/3 -> 6505.3017 | AD77: =AD76/3 -> 6600.2938
C78: =C75/C74 -> 1.8771252 | F78: =F75/F74 -> 1.7904384 | I78: =I75/I74 -> 1.7481827 | L78: =L75/L74 -> 1.5817623 | O78: =O75/O74 -> 1.6753032 | R78: =R75/R74 -> 1.5314855 | U78: =U75/U74 -> 1.577211 | X78: =X75/X74 -> 1.5411696 | AA78: =AA75/AA74 -> 1.5328138 | AD78: =AD75/AD74 -> 1.5069204
C81: =C51+D51+E51 -> 43550.569 | F81: =F51+G51+H51 -> 43144.512 | I81: =I51+J51+K51 -> 39274.641 | L81: =L51+M51+N51 -> 44558.722 | O81: =O51+P51+Q51 -> 45523.529 | R81: =R51+S51+T51 -> 49930.57 | U81: =U51+V51+W51 -> 45400 | X81: =X51+Y51+Z51 -> 49513.633 | AA81: =AA51+AB51+AC51 -> 50530.079 | AD81: =AD51+AE51+AF51 -> 53025.148
C82: =C81-C74 -> 15285.017 | F82: =F81-F74 -> 13453.132 | I82: =I81-I74 -> 11524.314 | L82: =L81-L74 -> 11705.688 | O82: =O81-O74 -> 12262.976 | R82: =R81-R74 -> 11430.57 | U82: =U81-U74 -> 10781.93 | X82: =X81-X74 -> 14217.853 | AA82: =AA81-AA74 -> 13902.079 | AD82: =AD81-AD74 -> 13964.021
C83: =C82/3 -> 5095.0056 | F83: =F82/3 -> 4484.3773 | I83: =I82/3 -> 3841.438 | L83: =L82/3 -> 3901.896 | O83: =O82/3 -> 4087.6588 | R83: =R82/3 -> 3810.1899 | U83: =U82/3 -> 3593.9767 | X83: =X82/3 -> 4739.2843 | AA83: =AA82/3 -> 4634.0264 | AD83: =AD82/3 -> 4654.6735
C84: =C81/C74 -> 1.5407648 | F84: =F81/F74 -> 1.4530989 | I84: =I81/I74 -> 1.4152857 | L84: =L81/L74 -> 1.3563046 | O84: =O81/O74 -> 1.3686943 | R84: =R81/R74 -> 1.2968979 | U84: =U81/U74 -> 1.3114538 | X84: =X81/X74 -> 1.4028202 | AA84: =AA81/AA74 -> 1.3795479 | AD84: =AD81/AD74 -> 1.3574915
AA86: =AA53+AB53+AC53 -> 47039.483 | AD86: =AD53 -> 16000
AA87: =AA86-AA74 -> 10411.483 | AD87: =AD86-AD74 -> -23061.127
AA88: =AA87/3 -> 3470.4945 | AD88: =AD86/AD74 -> 0.40961439
AA89: =AA86/AA74 -> 1.2842493

Sheet Chênh lệch Tuyển xô & B0 
A49: Tên SP | B49: Tên thị trường | C49: T1.23 | D49: 2 | E49: 3 | F49: 4 | G49: 5 | H49: 6 | I49: 7 | J49: 8 | K49: 9 | L49: 10 | M49: 11 | N49: 12 | O49: T1.24 | P49: 2 | Q49: 3 | R49: 4 | S49: 5 | T49: 6 | U49: 7 | V49: 8 | W49: 9 | X49: 10 | Y49: 11 | Z49: 12 | AA49: T1.25 | AB49: 2 | AC49: 3 | AD49: 4 | AE49: 5 | AF49: 6 | AG49: 7 | AH49: 8 | AI49: 9 | AJ49: 10 | AK49: 11 | AL49: 12
A50: B0 | B50: Chai B0 | C50: ='Chênh lệch B1 & B0'!C50 -> 8708.4662 | D50: ='Chênh lệch B1 & B0'!D50 -> 9206.5027 | E50: ='Chênh lệch B1 & B0'!E50 -> 10350.583 | F50: ='Chênh lệch B1 & B0'!F50 -> 10630.801 | G50: ='Chênh lệch B1 & B0'!G50 -> 9861.484 | H50: ='Chênh lệch B1 & B0'!H50 -> 9199.095 | I50: ='Chênh lệch B1 & B0'!I50 -> 8896.0365 | J50: ='Chênh lệch B1 & B0'!J50 -> 9246.3978 | ... AL50: ='Chênh lệch B1 & B0'!AL50 -> 0
A51: Tuyển xô | B51: Chai tuyển xô (trạm) | O51: 15000 | P51: 15000 | Q51: 14557.882 | R51: 15919.649 | S51: 16000 | T51: 15727.328 | U51: 14000 | V51: 13800 | AA51: 15501.697 | AB51: 15783.829 | AC51: 16040.038 | AD51: 16272.466 | AE51: 15883.314 | AF51: 16274.596 | AG51: 16115.416 | AH51: 15895.487 | AI51: 13000
A54: B2.1 | B54: Chai B2.1 | C54: 10500 | D54: 10500 | E54: 11000 | F54: 11000 | G54: 11000.246 | H54: 9980.5578 | I54: 9000 | J54: 9000 | K54: 9394.7876 | Y54: 11000 | Z54: 11709.605 | AA54: 12300 | AB54: 16394 | AE54: 16000
A55: B2.2 | B55: Chai B2.2 | M55: 12500 | N55: 12500 | O55: 13000 | P55: 13000 | Q55: 13000 | R55: 13000 | S55: 13500 | T55: 15000 | U55: 12000 | V55: 11996.6 | W55: 14000 | X55: 13700 | Y55: 13909.496 | Z55: 13991.676 | AA55: 15469.628 | AB55: 16866.232 | AC55: 17274.018 | AD55: 18147.911 | AE55: 18398.163 | AF55: 18498.438
A56: B3 | B56: Chai B3 | C56: 14465.461 | D56: 14509.576 | E56: 15025.379 | F56: 14910.678 | G56: 14831.036 | H56: 14808.45 | I56: =15519.2770426906-1500 -> 14019.277 | J56: =15979.3954889592-1500 -> 14479.395 | K56: 14998.539 | L56: 14535.256 | M56: 14855.148 | N56: 15392.891 | O56: 15365.226 | P56: 15345.865 | Q56: 15465.209 | R56: 16247.504 | S56: 16000 | W56: 16000 | X56: 16447.587 | Y56: 16464.667 | Z56: 16000 | AB56: 17008.322 | AE56: 17500 | AF56: 17500
A57: B4 | B57: Chai B4 | I57: 9000 | J57: 9000 | K57: 9594.9788 | L57: 10500 | M57: 12341.137 | N57: 12441.934 | P57: 13000 | Q57: 12851.445 | R57: 12994.024 | S57: 13500 | T57: 13500 | U57: 12000 | V57: 12000 | W57: 14000 | X57: 13700 | Y57: 14000 | Z57: 13970.906 | AA57: 14300 | AB57: 17098.762 | AC57: 17143.565 | AD57: 18161.28 | AE57: 18565.783 | AF57: 18738.859
A58: B5 | B58: Chai B5 | C58: 10563.825 | D58: 10507.268 | E58: 10891.883 | F58: 11017.156 | G58: 11015.531 | H58: 9991.5837 | I58: 9000 | J58: 9000 | K58: 9837.9698 | L58: 10500 | M58: 12500 | N58: 12500 | O58: 13000 | P58: 13000 | Q58: 13000 | R58: 12990.833 | S58: 13391.564 | T58: 13500 | U58: 12000 | V58: 12000 | W58: 14000 | X58: 13700 | Y58: 13943.332 | Z58: 13949.37 | AA58: 15373.679 | AB58: 17075.292 | AC58: 17383.624 | AD58: 17817.113 | AE58: 18606.748 | AF58: 18588.058
A59: B6.1 | B59: Chai B6.1 | Y59: 12000 | Z59: 12000 | AB59: 12300 | AC59: 12300 | AE59: 12300 | AF59: 12300
A60: B6.2 | B60: Chai B6.2 | P60: 12500 | Q60: 10000 | R60: 10000 | S60: 10000 | T60: 10000 | U60: 10000 | V60: 10000 | W60: 10000 | X60: 10000 | Z60: 16000 | AA60: 16000 | AB60: 17587.441 | AC60: 18055.743 | AD60: 18117.554 | AE60: 18776.241 | AF60: 18836.575
A61: A5.1 | B61: Vảy PET-A5.1 | C61: 17439.487 | D61: 17645.066 | E61: 17973.426 | F61: 17990.91 | G61: 18000 | H61: 17169.677 | I61: 16000 | J61: 16000 | K61: 16512.641 | L61: 16986.563 | M61: 17463.277 | N61: 17515.851 | O61: 17984.851 | P61: 18548.937 | Q61: 19187.723 | R61: 19300 | S61: 19862.191 | T61: 19800 | U61: 18300 | V61: 18000 | W61: 18300 | X61: 18002.192 | Y61: 18194.592 | Z61: 18200 | AA61: 18380.107 | AB61: 19051.959 | AC61: 19580.029 | AD61: 20282.386 | AE61: 19546.07 | AF61: 20355.36 | AG61: 20339.853 | AH61: 19342.628 | AI61: 16728.955 | AJ61: 16041.349 | AK61: 16027.581
A62: A5.2 | B62: Vảy PET-A5.2 | C62: 16955.379 | D62: 17082.559 | E62: 17500 | F62: 17500 | G62: 17500 | H62: 16603.495 | I62: 15500 | J62: 15500 | K62: 16000 | L62: 16000 | M62: 16726.574 | N62: 17000 | O62: 17476.902 | P62: 18000 | Q62: 18430.847 | R62: 18800 | S62: 19376.8 | T62: 19300 | U62: 17800 | V62: 17500 | W62: 17800 | X62: 17500 | Y62: 17700 | Z62: 17700 | AA62: 18120.206 | AB62: 18344.625 | AC62: 18952.432 | AD62: 19780.994 | AE62: 18857.268 | AF62: 19732.977 | AG62: 19747.751 | AH62: 18919.843 | AI62: 16260.177 | AJ62: 15609.633 | AK62: 15642.643
A63: A6 | B63: Vảy PET-A6 | C63: 16500 | D63: 16830 | E63: 16949.308 | F63: 17000 | G63: 17000 | H63: 16000 | V63: 16667.319 | W63: 16200 | AA63: 11293.478 | AD63: 19872.02 | AE63: 19800 | AF63: 19760.264 | AG63: 19855.617 | AH63: 19314.982 | AI63: 17762.571 | AK63: 14519.268
A64: A5.1.B3 | B64: Vảy PET-A5.1.B3 | I64: 17000 | K64: 17500 | L64: 18000
A65: A5.2.B3 | B65: Vảy PET-A5.2.B3
A66: A6 | B66: Vảy PET-A6.B3 | C66: 16000 | D66: 16320 | E66: 16323.886 | H66: 16000 | I66: 16000 | J66: 16000 | K66: 16344.566 | L66: 16500 | M66: 16800 | N66: 16800 | O66: 17300
A67: B2 | B67: Vảy PET B2.2_A6 | N67: 17000 | O67: 18750 | P67: 18750
A68: B6 | B68: Vảy PET B6 thử nghiệm | L68: 16000 | M68: 16000 | N68: 17000 | Q68: 18750 | R68: 18750 | S68: 18750 | T68: 18250 | U68: 18250 | V68: 18250 | W68: 18250 | X68: 18250 | Y68: 18250 | Z68: 18250 | AA68: 18250 | AC68: 19674.73 | AD68: 19890.027 | AE68: 19467.028 | AF68: 19801.351 | AG68: 20231.894 | AH68: 20330 | AI68: 18120.95 | AJ68: 16500 | AK68: 16500
A69: B7.1 | B69: Chai B7 | C69: 9355 | D69: 9355 | E69: 9355 | F69: 9354.8387 | G69: 9354.8387 | H69: 9355 | I69: 8548 | J69: 8548 | K69: 8548.3871 | L69: 8548.3871 | M69: 8548.3871 | N69: 8548.3871 | O69: 8548.3871 | P69: 8548.3871 | Q69: 8548.3871 | R69: 8548.3871 | S69: 8548.3871 | T69: 8548.3871 | U69: 8548.3871 | V69: =5300/0.62 -> 8548.3871 | W69: =5300/0.62 -> 8548.3871 | X69: =4605.26327891469/0.66 -> 6977.6716 | Y69: =4450/0.66 -> 6742.4242 | Z69: =4450/0.66 -> 6742.4242 | AA69: 6742.4242 | AB69: 6742.4242 | AC69: 6742.4242 | AD69: 6742.4242 | AE69: 6449.2754 | AF69: 6449.2754 | AG69: 6449.2754 | AH69: 8417.548 | AI69: 8816.545 | AJ69: 8569.4289 | AK69: 7971.0145
B70: CL B0-Tuyển xô-Line | C70: =(C72-C71)/2+C71 -> 4354.2331 | D70: =(D72-D71)/2+D71 -> 4603.2513 | E70: =(E72-E71)/2+E71 -> 5175.2917 | F70: =(F72-F71)/2+F71 -> 5315.4003 | G70: =(G72-G71)/2+G71 -> 4930.742 | H70: =(H72-H71)/2+H71 -> 4599.5475 | I70: =(I72-I71)/2+I71 -> 4448.0183 | J70: =(J72-J71)/2+J71 -> 4623.1989 | ... AL70: =(AL72-AL71)/2+AL71 -> 0
A71: B0-Line | B71: Chai B0 | C71: =C50 -> 8708.4662 | D71: =D50 -> 9206.5027 | E71: =E50 -> 10350.583 | F71: =F50 -> 10630.801 | G71: =G50 -> 9861.484 | H71: =H50 -> 9199.095 | I71: =I50 -> 8896.0365 | J71: =J50 -> 9246.3978 | ... AL71: =AL50 -> 0
A72: B1-Line | B72: =B51 -> Chai tuyển xô (trạm) | O72: =O51 -> 15000 | P72: =P51 -> 15000 | Q72: =Q51 -> 14557.882 | R72: =R51 -> 15919.649 | S72: =S51 -> 16000 | T72: =T51 -> 15727.328 | U72: =U51 -> 14000 | V72: =V51 -> 13800 | AA72: =AA51 -> 15501.697 | AB72: =AB51 -> 15783.829 | AC72: =AC51 -> 16040.038 | AD72: =AD51 -> 16272.466 | AE72: =AE51 -> 15883.314 | AF72: =AF51 -> 16274.596 | AG72: =AG51 -> 16115.416 | AH72: =AH51 -> 15895.487 | AI72: =AI51 -> 13000
B73: CL B0-Tuyển xô | O73: =O72/O71-1 -> 0.35138118 | P73: =P72/P71-1 -> 0.36170493 | Q73: =Q72/Q71-1 -> 0.3062025 | R73: =R72/R71-1 -> 0.27357193 | S73: =S72/S71-1 -> 0.23076923 | T73: =T72/T71-1 -> 0.2097945 | U73: =U72/U71-1 -> 0.2173913 | V73: =V72/V71-1 -> 0.20530228 | AA73: =AA72/AA71-1 -> 0.28530138 | AB73: =AB72/AB71-1 -> 0.3017263 | AC73: =AC72/AC71-1 -> 0.28118022 | AD73: =AD72/AD71-1 -> 0.24453632 | AE73: =AE72/AE71-1 -> 0.23617908 | AF73: =AF72/AF71-1 -> 0.21723568 | AG73: =AG72/AG71-1 -> 0.18800688 | AH73: =AH72/AH71-1 -> 0.28945342 | AI73: =AI72/AI71-1 -> 0.30483018
C74: =C50+D50+E50 -> 28265.552 | F74: =F50+G50+H50 -> 29691.38 | I74: =I50+J50+K50 -> 27750.327 | L74: =L50+M50+N50 -> 32853.034 | O74: =O50+P50+Q50 -> 33260.553 | R74: =R50+S50+T50 -> 38500 | U74: =U50+V50+W50 -> 34618.07 | X74: =X50+Y50+Z50 -> 35295.78 | AA74: =AA50+AB50+AC50 -> 36705.79 | AD74: =AD50+AE50+AF50 -> 39293.967
C75: =C61+D61+E61 -> 53057.979 | F75: =F61+G61+H61 -> 53160.587 | I75: =I61+J61+K61 -> 48512.641 | L75: =L61+M61+N61 -> 51965.691 | O75: =O61+P61+Q61 -> 55721.51 | R75: =R61+S61+T61 -> 58962.191 | U75: =U61+V61+W61 -> 54600 | X75: =X61+Y61+Z61 -> 54396.783 | AA75: =AA61+AB61+AC61 -> 57012.095 | AD75: =AD61+AE61+AF61 -> 60183.816
C76: =C75-C74 -> 24792.427 | F76: =F75-F74 -> 23469.207 | I76: =I75-I74 -> 20762.314 | L76: =L75-L74 -> 19112.657 | O76: =O75-O74 -> 22460.957 | R76: =R75-R74 -> 20462.191 | U76: =U75-U74 -> 19981.93 | X76: =X75-X74 -> 19101.003 | AA76: =AA75-AA74 -> 20306.305 | AD76: =AD75-AD74 -> 20889.849
C77: =C76/3 -> 8264.1423 | F77: =F76/3 -> 7823.069 | I77: =I76/3 -> 6920.7713 | L77: =L76/3 -> 6370.8858 | O77: =O76/3 -> 7486.9858 | R77: =R76/3 -> 6820.7303 | U77: =U76/3 -> 6660.6433 | X77: =X76/3 -> 6367.0011 | AA77: =AA76/3 -> 6768.7684 | AD77: =AD76/3 -> 6963.2831
C78: =C75/C74 -> 1.8771252 | F78: =F75/F74 -> 1.7904384 | I78: =I75/I74 -> 1.7481827 | L78: =L75/L74 -> 1.5817623 | O78: =O75/O74 -> 1.6753032 | R78: =R75/R74 -> 1.5314855 | U78: =U75/U74 -> 1.577211 | X78: =X75/X74 -> 1.5411696 | AA78: =AA75/AA74 -> 1.553218 | AD78: =AD75/AD74 -> 1.5316299
C81: =C51+D51+E51 -> 0 | F81: =F51+G51+H51 -> 0 | I81: =I51+J51+K51 -> 0 | L81: =L51+M51+N51 -> 0 | O81: =O51+P51+Q51 -> 44557.882 | R81: =R51+S51+T51 -> 47646.978 | U81: =U51+V51+W51 -> 27800 | X81: =X51+Y51+Z51 -> 0 | AA81: =AA51+AB51+AC51 -> 47325.564 | AD81: =AD51+AE51+AF51 -> 48430.376
C82: =C81-C74 -> -28265.552 | F82: =F81-F74 -> -29691.38 | I82: =I81-I74 -> -27750.327 | L82: =L81-L74 -> -32853.034 | O82: =O81-O74 -> 11297.329 | R82: =R81-R74 -> 9146.9776 | U82: =U81-U74 -> -6818.07 | X82: =X81-X74 -> -35295.78 | AA82: =AA81-AA74 -> 10619.774 | AD82: =AD81-AD74 -> 9136.4092
C83: =C82/3 -> -9421.8507 | F83: =F82/3 -> -9897.1266 | I83: =I82/3 -> -9250.1091 | L83: =L82/3 -> -10951.011 | O83: =O82/3 -> 3765.7765 | R83: =R82/3 -> 3048.9925 | U83: =U82/3 -> -2272.69 | X83: =X82/3 -> -11765.26 | AA83: =AA82/3 -> 3539.9246 | AD83: =AD82/3 -> 3045.4697
C84: =C81/C74 -> 0 | F84: =F81/F74 -> 0 | I84: =I81/I74 -> 0 | L84: =L81/L74 -> 0 | O84: =O81/O74 -> 1.3396615 | R84: =R81/R74 -> 1.2375838 | U84: =U81/U74 -> 0.80304881 | X84: =X81/X74 -> 0 | AA84: =AA81/AA74 -> 1.2893215 | AD84: =AD81/AD74 -> 1.2325143
AA86: =AA53+AB53+AC53 -> 0 | AD86: =AD53 -> 0
AA87: =AA86-AA74 -> -36705.79 | AD87: =AD86-AD74 -> -39293.967
AA88: =AA87/3 -> -12235.263 | AD88: =AD86/AD74 -> 0
AA89: =AA86/AA74 -> 0

Sheet Chênh lệch Vảy & B0
A68: Tên SP | B68: Tên thị trường | C68: T1.23 | D68: 2 | E68: 3 | F68: 4 | G68: 5 | H68: 6 | I68: 7 | J68: 8 | K68: 9 | L68: 10 | M68: 11 | N68: 12 | O68: T1.24 | P68: 2 | Q68: 3 | R68: 4 | S68: 5 | T68: 6 | U68: 7 | V68: 8 | W68: 9 | X68: 10 | Y68: 11 | Z68: 12 | AA68: T1.25 | AB68: 2 | AC68: 3 | AD68: 4 | AE68: 5 | AF68: 6 | AG68: 7 | AH68: 8 | AI68: 9 | AJ68: 10 | AK68: 11 | AL68: 12
A69: B0 | B69: Chai B0 | C69: ='Chênh lệch B1 & B0'!C50 -> 8708.4662 | D69: ='Chênh lệch B1 & B0'!D50 -> 9206.5027 | E69: ='Chênh lệch B1 & B0'!E50 -> 10350.583 | F69: ='Chênh lệch B1 & B0'!F50 -> 10630.801 | G69: ='Chênh lệch B1 & B0'!G50 -> 9861.484 | H69: ='Chênh lệch B1 & B0'!H50 -> 9199.095 | I69: ='Chênh lệch B1 & B0'!I50 -> 8896.0365 | J69: ='Chênh lệch B1 & B0'!J50 -> 9246.3978 | ... AL69: ='Chênh lệch B1 & B0'!AL50 -> 0
A70: A5.1 | B70: Vảy A5.1 | C70: 17439.487 | D70: 17645.066 | E70: 17973.426 | F70: 17990.91 | G70: 18000 | H70: 17169.677 | I70: 16000 | J70: 16000 | K70: 16512.641 | L70: 16986.563 | M70: 17463.277 | N70: 17515.851 | O70: 18079.107 | P70: 18687.315 | Q70: 19368.429 | R70: 19638.667 | S70: 19875.003 | T70: 19827.457 | U70: 18009.736 | V70: 18071.759 | W70: 18638.22 | X70: 18318.107 | Y70: 18531.213 | Z70: 18573.925 | AA70: 18380.107 | AB70: 19051.959 | AC70: 19580.029 | AD70: 20282.386 | AE70: 19546.07 | AF70: 20355.36 | AG70: 20339.853 | AH70: 19342.628 | AI70: 16728.955 | AJ70: 16041.349 | AK70: 16027.581
A71: B1 KPL | B71: Chai B1 KPL | V71: 16531.01 | W71: 15736.355 | X71: 15142.878 | Y71: 15388.66 | Z71: 15426.979 | AA71: 15758.76 | AB71: 16078.364 | AC71: 16453.863 | AD71: 16500
A72: Tuyển xô | B72: Chai tuyển xô (trạm) | AA72: 15391.18 | AB72: 15570.497 | AC72: 16077.806 | AD72: 16000
A73: B2.1 | B73: Chai B2.1 | C73: 10500 | D73: 10500 | E73: 11000 | F73: 11000 | G73: 11000.246 | H73: 9980.5578 | I73: 9000 | J73: 9000 | K73: 9394.7876 | Y73: 11000 | Z73: 11709.605 | AA73: 12300 | AB73: 16394
A74: B2.2 | B74: Chai B2.2 | M74: 12500 | N74: 12500 | O74: 13000 | P74: 13000 | Q74: 13000 | R74: 13000 | S74: 13500 | T74: 15000 | U74: 12000 | V74: 11996.6 | W74: 14000 | X74: 13700 | Y74: 13909.496 | Z74: 13991.676 | AA74: 15469.628 | AB74: 16866.232 | AC74: 17274.018 | AD74: 18147.911
A75: B3 | B75: Chai B3 | C75: 14465.461 | D75: 14509.576 | E75: 15025.379 | F75: 14910.678 | G75: 14831.036 | H75: 14808.45 | I75: =15519.2770426906-1500 -> 14019.277 | J75: =15979.3954889592-1500 -> 14479.395 | K75: 14998.539 | L75: 14535.256 | M75: 14855.148 | N75: 15392.891 | O75: 15365.226 | P75: 15345.865 | Q75: 15465.209 | R75: 16247.504 | S75: 16000 | W75: 16000 | X75: 16447.587 | Y75: 16464.667 | Z75: 16000 | AB75: 17008.322
A76: B4 | B76: Chai B4 | I76: 9000 | J76: 9000 | K76: 9594.9788 | L76: 10500 | M76: 12341.137 | N76: 12441.934 | P76: 13000 | Q76: 12851.445 | R76: 12994.024 | S76: 13500 | T76: 13500 | U76: 12000 | V76: 12000 | W76: 14000 | X76: 13700 | Y76: 14000 | Z76: 13970.906 | AA76: 14300 | AB76: 17098.762 | AC76: 17143.565 | AD76: 18161.28
A77: B5 | B77: Chai B5 | C77: 10563.825 | D77: 10507.268 | E77: 10891.883 | F77: 11017.156 | G77: 11015.531 | H77: 9991.5837 | I77: 9000 | J77: 9000 | K77: 9837.9698 | L77: 10500 | M77: 12500 | N77: 12500 | O77: 13000 | P77: 13000 | Q77: 13000 | R77: 12990.833 | S77: 13391.564 | T77: 13500 | U77: 12000 | V77: 12000 | W77: 14000 | X77: 13700 | Y77: 13943.332 | Z77: 13949.37 | AA77: 15373.679 | AB77: 17075.292 | AC77: 17383.624 | AD77: 17817.113
A78: B6.1 | B78: Chai B6.1 | Y78: 12000 | Z78: 12000 | AB78: 12300 | AC78: 12300
A79: B6.2 | B79: Chai B6.2 | P79: 12500 | Q79: 10000 | R79: 10000 | S79: 10000 | T79: 10000 | U79: 10000 | V79: 10000 | W79: 10000 | X79: 10000 | Z79: 16000 | AA79: 16000 | AB79: 17587.441 | AC79: 18055.743 | AD79: 18117.554
A80: A5.1 | B80: Vảy PET-A5.1 | C80: =C70 -> 17439.487 | D80: =D70 -> 17645.066 | E80: =E70 -> 17973.426 | F80: =F70 -> 17990.91 | G80: =G70 -> 18000 | H80: =H70 -> 17169.677 | I80: =I70 -> 16000 | J80: =J70 -> 16000 | ... AL80: =AL70 -> 0
A81: A5.2 | B81: Vảy PET-A5.2 | C81: 16955.379 | D81: 17082.559 | E81: 17500 | F81: 17500 | G81: 17500 | H81: 16603.495 | I81: 15500 | J81: 15500 | K81: 16000 | L81: 16000 | M81: 16726.574 | N81: 17000 | O81: 17476.902 | P81: 18000 | Q81: 18430.847 | R81: 18800 | S81: 19376.8 | T81: 19300 | U81: 17800 | V81: 17500 | W81: 17800 | X81: 17500 | Y81: 17700 | Z81: 17700 | AA81: 17700 | AB81: 18041.537 | AC81: 18700 | AD81: 19646.24
A82: A6 | B82: Vảy PET-A6 | C82: 16500 | D82: 16830 | E82: 16949.308 | F82: 17000 | G82: 17000 | H82: 16000 | V82: 16667.319 | W82: 16200 | AA82: 11293.478 | AD82: 20051.405
A83: A5.1.B3 | B83: Vảy PET-A5.1.B3 | I83: 17000 | K83: 17500 | L83: 18000
A84: A5.2.B3 | B84: Vảy PET-A5.2.B3
A85: A6 | B85: Vảy PET-A6.B3 | C85: 16000 | D85: 16320 | E85: 16323.886 | H85: 16000 | I85: 16000 | J85: 16000 | K85: 16344.566 | L85: 16500 | M85: 16800 | N85: 16800 | O85: 17300
A86: B2 | B86: Vảy PET B2.2_A6 | N86: 17000 | O86: 18750 | P86: 18750
A87: B6 | B87: Vảy PET B6 thử nghiệm | L87: 16000 | M87: 16000 | N87: 17000 | Q87: 18750 | R87: 18750 | S87: 18750 | T87: 18250 | U87: 18250 | V87: 18250 | W87: 18250 | X87: 18250 | Y87: 18250 | Z87: 18250 | AA87: 18250 | AB87: Không mua | AC87: 19674.73 | AD87: 19830.85
A88: B7.1 | B88: Chai B7 | C88: 9355 | D88: 9355 | E88: 9355 | F88: 9354.8387 | G88: 9354.8387 | H88: 9355 | I88: 8548 | J88: 8548 | K88: 8548.3871 | L88: 8548.3871 | M88: 8548.3871 | N88: 8548.3871 | O88: 8548.3871 | P88: 8548.3871 | Q88: 8548.3871 | R88: 8548.3871 | S88: 8548.3871 | T88: 8548.3871 | U88: 8548.3871 | V88: =5300/0.62 -> 8548.3871 | W88: =5300/0.62 -> 8548.3871 | X88: =4605.26327891469/0.66 -> 6977.6716 | Y88: =4450/0.66 -> 6742.4242 | Z88: =4450/0.66 -> 6742.4242 | AA88: =4450/0.66 -> 6742.4242 | AB88: 6742.4242 | AC88: 6742.4242 | AD88: 6742.4242
B89: CL B0-Vảy A5.1-Line | C89: =(C91-C90)/2+C90 -> 13073.977 | D89: =(D91-D90)/2+D90 -> 13425.784 | E89: =(E91-E90)/2+E90 -> 14162.005 | F89: =(F91-F90)/2+F90 -> 14310.855 | G89: =(G91-G90)/2+G90 -> 13930.742 | H89: =(H91-H90)/2+H90 -> 13184.386 | I89: =(I91-I90)/2+I90 -> 12448.018 | J89: =(J91-J90)/2+J90 -> 12623.199 | ... AL89: =(AL91-AL90)/2+AL90 -> 0
A90: B0-Line | B90: Chai B0 | C90: =C69 -> 8708.4662 | D90: =D69 -> 9206.5027 | E90: =E69 -> 10350.583 | F90: =F69 -> 10630.801 | G90: =G69 -> 9861.484 | H90: =H69 -> 9199.095 | I90: =I69 -> 8896.0365 | J90: =J69 -> 9246.3978 | ... AL90: =AL69 -> 0
A91: B1-Line | B91: Vảy A5.1 | C91: =C70 -> 17439.487 | D91: =D70 -> 17645.066 | E91: =E70 -> 17973.426 | F91: =F70 -> 17990.91 | G91: =G70 -> 18000 | H91: =H70 -> 17169.677 | I91: =I70 -> 16000 | J91: =J70 -> 16000 | ... AL91: =AL70 -> 0
B92: CL B0-Vảy A5.1 | C92: =C91/C90-1 -> 1.00259 | D92: =D91/D90-1 -> 0.91658728 | E92: =E91/E90-1 -> 0.73646505 | F92: =F91/F90-1 -> 0.6923382 | G92: =G91/G90-1 -> 0.82528308 | H92: =H91/H90-1 -> 0.8664528 | I92: =I91/I90-1 -> 0.79855377 | J92: =J91/J90-1 -> 0.7304036 | ... AL92: =AL91/AL90-1 -> #DIV/0!

Sheet Chênh lệch Tuyển xô & B0
A56: Tên SP | B56: Tên thị trường | C56: T1.23 | D56: 2 | E56: 3 | F56: 4 | G56: 5 | H56: 6 | I56: 7 | J56: 8 | K56: 9 | L56: 10 | M56: 11 | N56: 12 | O56: T1.24 | P56: 2 | Q56: 3 | R56: 4 | S56: 5 | T56: 6 | U56: 7 | V56: 8 | W56: 9 | X56: 10 | Y56: 11 | Z56: 12 | AA56: T1.25 | AB56: 2 | AC56: 3 | AD56: 4
A57: B0 | B57: Chai B0 | C57: 8708.4662 | D57: 9206.5027 | E57: 10350.583 | F57: 10630.801 | G57: 9861.484 | H57: 9199.095 | I57: 8896.0365 | J57: 9246.3978 | K57: 9607.8931 | L57: 10586.188 | M57: 11153.125 | N57: 11113.72 | O57: 11099.755 | P57: 11015.602 | Q57: 11145.196 | R57: 12500 | S57: 13000 | T57: 13000 | U57: 11500 | V57: 11449.41 | W57: 11668.66 | X57: 11469.02 | Y57: 12047.76 | Z57: 11779 | AA57: 12089.892 | AB57: 12125.14 | AC57: 12552.368 | AD57: 13500
A58: B1 | B58: Chai B1 | C58: 14455.482 | D58: 14038.069 | E58: 15057.018 | F58: 14924.561 | G58: 14835.583 | H58: 13384.367 | I58: 12774.641 | J58: 13000 | K58: 13500 | L58: 14500 | M58: 15011.713 | N58: 15047.008 | O58: 15448.741 | P58: 15570.779 | Q58: 15683.025 | R58: 16178.926 | S58: 17000 | T58: 16751.644 | U58: 15000 | V58: 15000 | W58: 16400 | X58: 16030.121 | Y58: 16715.368 | Z58: 16768.144 | AA58: 17025.494 | AB58: 17275.808 | AC58: 16890.798 | AD58: 17892.905
A59: B1 KPL | B59: Chai B1 KPL | V59: 16531.01 | W59: 15736.355 | X59: 15142.878 | Y59: 15388.66 | Z59: 15426.979 | AA59: 15758.76 | AB59: 16078.364 | AC59: 16453.863 | AD59: 16500
A60: Tuyển xô | B60: Chai tuyển xô (trạm) | O60: 15000 | P60: 15000 | Q60: 14557.882 | R60: 15919.649 | T60: 15727.328 | U60: 14000 | V60: 13800 | AA60: 15501.697 | AB60: 15783.829 | AC60: 16040.038 | AD60: 16272.466 | AE60: 15883.314 | AF60: 16274.596 | AG60: 16115.416 | AH60: 15895.487 | AI60: 13000
A61: B2.1 | B61: Chai B2.1 | C61: 10500 | D61: 10500 | E61: 11000 | F61: 11000 | G61: 11000.246 | H61: 9980.5578 | I61: 9000 | J61: 9000 | K61: 9394.7876 | Y61: 11000 | Z61: 11709.605 | AA61: 12300 | AB61: 16394
A62: B2.2 | B62: Chai B2.2 | M62: 12500 | N62: 12500 | O62: 13000 | P62: 13000 | Q62: 13000 | R62: 13000 | S62: 13500 | T62: 15000 | U62: 12000 | V62: 11996.6 | W62: 14000 | X62: 13700 | Y62: 13909.496 | Z62: 13991.676 | AA62: 15469.628 | AB62: 16866.232 | AC62: 17274.018 | AD62: 18147.911
A63: B3 | B63: Chai B3 | C63: 14465.461 | D63: 14509.576 | E63: 15025.379 | F63: 14910.678 | G63: 14831.036 | H63: 14808.45 | I63: =15519.2770426906-1500 -> 14019.277 | J63: =15979.3954889592-1500 -> 14479.395 | K63: 14998.539 | L63: 14535.256 | M63: 14855.148 | N63: 15392.891 | O63: 15365.226 | P63: 15345.865 | Q63: 15465.209 | R63: 16247.504 | S63: 16000 | W63: 16000 | X63: 16447.587 | Y63: 16464.667 | Z63: 16000 | AB63: 17008.322
A64: B4 | B64: Chai B4 | I64: 9000 | J64: 9000 | K64: 9594.9788 | L64: 10500 | M64: 12341.137 | N64: 12441.934 | P64: 13000 | Q64: 12851.445 | R64: 12994.024 | S64: 13500 | T64: 13500 | U64: 12000 | V64: 12000 | W64: 14000 | X64: 13700 | Y64: 14000 | Z64: 13970.906 | AA64: 14300 | AB64: 17098.762 | AC64: 17143.565 | AD64: 18161.28
A65: B5 | B65: Chai B5 | C65: 10563.825 | D65: 10507.268 | E65: 10891.883 | F65: 11017.156 | G65: 11015.531 | H65: 9991.5837 | I65: 9000 | J65: 9000 | K65: 9837.9698 | L65: 10500 | M65: 12500 | N65: 12500 | O65: 13000 | P65: 13000 | Q65: 13000 | R65: 12990.833 | S65: 13391.564 | T65: 13500 | U65: 12000 | V65: 12000 | W65: 14000 | X65: 13700 | Y65: 13943.332 | Z65: 13949.37 | AA65: 15373.679 | AB65: 17075.292 | AC65: 17383.624 | AD65: 17817.113
A66: B6.1 | B66: Chai B6.1 | Y66: 12000 | Z66: 12000 | AB66: 12300 | AC66: 12300
A67: B6.2 | B67: Chai B6.2 | P67: 12500 | Q67: 10000 | R67: 10000 | S67: 10000 | T67: 10000 | U67: 10000 | V67: 10000 | W67: 10000 | X67: 10000 | Z67: 16000 | AA67: 16000 | AB67: 17587.441 | AC67: 18055.743 | AD67: 18117.554
A68: A5.1 | B68: Vảy PET-A5.1 | C68: 17439.487 | D68: 17645.066 | E68: 17973.426 | F68: 17990.91 | G68: 18000 | H68: 17169.677 | I68: 16000 | J68: 16000 | K68: 16512.641 | L68: 16986.563 | M68: 17463.277 | N68: 17515.851 | O68: 17984.851 | P68: 18548.937 | Q68: 19187.723 | R68: 19300 | S68: 19862.191 | T68: 19800 | U68: 18300 | V68: 18000 | W68: 18300 | X68: 18002.192 | Y68: 18194.592 | Z68: 18200 | AA68: 18200 | AB68: 18746.118 | AC68: 19197.787 | AD68: 19917.065
A69: A5.2 | B69: Vảy PET-A5.2 | C69: 16955.379 | D69: 17082.559 | E69: 17500 | F69: 17500 | G69: 17500 | H69: 16603.495 | I69: 15500 | J69: 15500 | K69: 16000 | L69: 16000 | M69: 16726.574 | N69: 17000 | O69: 17476.902 | P69: 18000 | Q69: 18430.847 | R69: 18800 | S69: 19376.8 | T69: 19300 | U69: 17800 | V69: 17500 | W69: 17800 | X69: 17500 | Y69: 17700 | Z69: 17700 | AA69: 17700 | AB69: 18041.537 | AC69: 18700 | AD69: 19646.24
A70: A6 | B70: Vảy PET-A6 | C70: 16500 | D70: 16830 | E70: 16949.308 | F70: 17000 | G70: 17000 | H70: 16000 | V70: 16667.319 | W70: 16200 | AA70: 11293.478 | AD70: 20051.405
A71: A5.1.B3 | B71: Vảy PET-A5.1.B3 | I71: 17000 | K71: 17500 | L71: 18000
A72: A5.2.B3 | B72: Vảy PET-A5.2.B3
A73: A6 | B73: Vảy PET-A6.B3 | C73: 16000 | D73: 16320 | E73: 16323.886 | H73: 16000 | I73: 16000 | J73: 16000 | K73: 16344.566 | L73: 16500 | M73: 16800 | N73: 16800 | O73: 17300
A74: B2 | B74: Vảy PET B2.2_A6 | N74: 17000 | O74: 18750 | P74: 18750
A75: B6 | B75: Vảy PET B6 thử nghiệm | L75: 16000 | M75: 16000 | N75: 17000 | Q75: 18750 | R75: 18750 | S75: 18750 | T75: 18250 | U75: 18250 | V75: 18250 | W75: 18250 | X75: 18250 | Y75: 18250 | Z75: 18250 | AA75: 18250 | AB75: Không mua | AC75: 19674.73 | AD75: 19830.85
A76: B7.1 | B76: Chai B7 | C76: 9355 | D76: 9355 | E76: 9355 | F76: 9354.8387 | G76: 9354.8387 | H76: 9355 | I76: 8548 | J76: 8548 | K76: 8548.3871 | L76: 8548.3871 | M76: 8548.3871 | N76: 8548.3871 | O76: 8548.3871 | P76: 8548.3871 | Q76: 8548.3871 | R76: 8548.3871 | S76: 8548.3871 | T76: 8548.3871 | U76: 8548.3871 | V76: =5300/0.62 -> 8548.3871 | W76: =5300/0.62 -> 8548.3871 | X76: =4605.26327891469/0.66 -> 6977.6716 | Y76: =4450/0.66 -> 6742.4242 | Z76: =4450/0.66 -> 6742.4242 | AA76: =4450/0.66 -> 6742.4242 | AB76: 6742.4242 | AC76: 6742.4242 | AD76: 6742.4242
B77: CL B0-Tuyến Xô-Line | AA77: =(AA79-AA78)/2+AA78 -> 13740.536 | AB77: =(AB79-AB78)/2+AB78 -> 13847.819 | AC77: =(AC79-AC78)/2+AC78 -> 14315.087 | AD77: =(AD79-AD78)/2+AD78 -> 14750
A78: B0-Line | B78: Chai B0 | C78: 8708.4662 | D78: 9206.5027 | E78: 10350.583 | F78: 10630.801 | G78: 9861.484 | H78: 9199.095 | I78: 8896.0365 | J78: 9246.3978 | K78: 9607.8931 | L78: 10586.188 | M78: 11153.125 | N78: 11113.72 | O78: 11099.755 | P78: 11015.602 | Q78: 11145.196 | R78: 12500 | S78: 13000 | T78: 13000 | U78: 11500 | V78: 11449.41 | W78: 11668.66 | X78: 11469.02 | Y78: 12047.76 | Z78: 11779 | AA78: 12089.892 | AB78: 12125.14 | AC78: 12552.368 | AD78: 13500
A79: Tuyến xô-Line | B79: Tuyến xô | AA79: 15391.18 | AB79: 15570.497 | AC79: 16077.806 | AD79: 16000
B80: CL B0- tuyến xô | AA80: =AA79/AA78-1 -> 0.27306179 | AB80: =AB79/AB78-1 -> 0.28414986 | AC80: =AC79/AC78-1 -> 0.28085843 | AD80: =AD79/AD78-1 -> 0.18518519

Sheet Chênh lệch B1 Tuyển & B (3)
A49: Tên SP | B49: Tên thị trường | C49: T1.23 | D49: 2 | E49: 3 | F49: 4 | G49: 5 | H49: 6 | I49: 7 | J49: 8 | K49: 9 | L49: 10 | M49: 11 | N49: 12 | O49: T1.24 | P49: 2 | Q49: 3 | R49: 4 | S49: 5 | T49: 6 | U49: 7 | V49: 8 | W49: 9 | X49: 10 | Y49: 11 | Z49: 12 | AA49: T1.25 | AB49: 2 | AC49: 3 | AD49: 4 | AE49: 5 | AF49: 6 | AG49: 7 | AH49: 8 | AI49: 9 | AJ49: 10 | AK49: 11 | AL49: 12
A50: B0 | B50: Chai B0 | C50: ='Chênh lệch B1 & B0'!C50 -> 8708.4662 | D50: ='Chênh lệch B1 & B0'!D50 -> 9206.5027 | E50: ='Chênh lệch B1 & B0'!E50 -> 10350.583 | F50: ='Chênh lệch B1 & B0'!F50 -> 10630.801 | G50: ='Chênh lệch B1 & B0'!G50 -> 9861.484 | H50: ='Chênh lệch B1 & B0'!H50 -> 9199.095 | I50: ='Chênh lệch B1 & B0'!I50 -> 8896.0365 | J50: ='Chênh lệch B1 & B0'!J50 -> 9246.3978 | ... AL50: ='Chênh lệch B1 & B0'!AL50 -> 0
A51: B1 | B51: Chai B1.1 | C51: 14455.482 | D51: 14038.069 | E51: 15057.018 | F51: 14924.561 | G51: 14835.583 | H51: 13384.367 | I51: 12774.641 | J51: 13000 | K51: 13500 | L51: 14500 | M51: 15011.713 | N51: 15047.008 | O51: 15311.553 | P51: 15639.704 | Q51: 15245.246 | R51: 16501.165 | S51: 17000 | T51: 16751.644 | U51: 15000 | V51: 14000 | W51: 17591.063 | X51: 16991.396 | Y51: 17312.462 | Z51: 17285.992 | AA51: 17403.263 | AB51: 17590.561 | AC51: 18228.238 | AD51: 18384.378 | AE51: 18589.095 | AF51: 18500.484 | AG51: 18590.918 | AH51: 18034.643 | AI51: 15376.19 | AJ51: 14775.021 | AK51: 14842.864
A52: B1 KPL | B52: Chai B1 KPL | V52: 16531.01 | W52: 15736.355 | X52: 15142.878 | Y52: 15388.66 | Z52: 15426.979 | AA52: 15926.472 | AB52: 16078.364 | AC52: 16453.863 | AD52: 16477.615 | AE52: 15813.538 | AF52: 19152.513 | AG52: 19335.815 | AH52: 19254.754 | AI52: 16570.656 | AJ52: 15000 | AK52: 15000
A53: Tuyển xô | B53: Chai tuyển xô (trạm) | O53: 15000 | P53: 15000 | Q53: 14557.882 | R53: 15919.649 | T53: 15727.328 | U53: 14000 | V53: 13800 | AA53: 15501.697 | AB53: 15783.829 | AC53: 16040.038 | AD53: 16272.466 | AE53: 15883.314 | AF53: 16274.596 | AG53: 16115.416 | AH53: 15895.487 | AI53: 13000
A54: B2.1 | B54: Chai B2.1 | C54: 10500 | D54: 10500 | E54: 11000 | F54: 11000 | G54: 11000.246 | H54: 9980.5578 | I54: 9000 | J54: 9000 | K54: 9394.7876 | Y54: 11000 | Z54: 11709.605 | AA54: 12300 | AB54: 16394 | AE54: 16000
A55: B2.2 | B55: Chai B2.2 | M55: 12500 | N55: 12500 | O55: 13000 | P55: 13000 | Q55: 13000 | R55: 13000 | S55: 13500 | T55: 15000 | U55: 12000 | V55: 11996.6 | W55: 14000 | X55: 13700 | Y55: 13909.496 | Z55: 13991.676 | AA55: 15469.628 | AB55: 16866.232 | AC55: 17274.018 | AD55: 18147.911 | AE55: 18398.163 | AF55: 18498.438
A56: B3 | B56: Chai B3 | C56: 14465.461 | D56: 14509.576 | E56: 15025.379 | F56: 14910.678 | G56: 14831.036 | H56: 14808.45 | I56: =15519.2770426906-1500 -> 14019.277 | J56: =15979.3954889592-1500 -> 14479.395 | K56: 14998.539 | L56: 14535.256 | M56: 14855.148 | N56: 15392.891 | O56: 15365.226 | P56: 15345.865 | Q56: 15465.209 | R56: 16247.504 | S56: 16000 | W56: 16000 | X56: 16447.587 | Y56: 16464.667 | Z56: 16000 | AB56: 17008.322 | AE56: 17500 | AF56: 17500
A57: B4 | B57: Chai B4 | I57: 9000 | J57: 9000 | K57: 9594.9788 | L57: 10500 | M57: 12341.137 | N57: 12441.934 | P57: 13000 | Q57: 12851.445 | R57: 12994.024 | S57: 13500 | T57: 13500 | U57: 12000 | V57: 12000 | W57: 14000 | X57: 13700 | Y57: 14000 | Z57: 13970.906 | AA57: 14300 | AB57: 17098.762 | AC57: 17143.565 | AD57: 18161.28 | AE57: 18565.783 | AF57: 18738.859
A58: B5 | B58: Chai B5 | C58: 10563.825 | D58: 10507.268 | E58: 10891.883 | F58: 11017.156 | G58: 11015.531 | H58: 9991.5837 | I58: 9000 | J58: 9000 | K58: 9837.9698 | L58: 10500 | M58: 12500 | N58: 12500 | O58: 13000 | P58: 13000 | Q58: 13000 | R58: 12990.833 | S58: 13391.564 | T58: 13500 | U58: 12000 | V58: 12000 | W58: 14000 | X58: 13700 | Y58: 13943.332 | Z58: 13949.37 | AA58: 15373.679 | AB58: 17075.292 | AC58: 17383.624 | AD58: 17817.113 | AE58: 18606.748 | AF58: 18588.058
A59: B6.1 | B59: Chai B6.1 | Y59: 12000 | Z59: 12000 | AB59: 12300 | AC59: 12300 | AE59: 12300 | AF59: 12300
A60: B6.2 | B60: Chai B6.2 | P60: 12500 | Q60: 10000 | R60: 10000 | S60: 10000 | T60: 10000 | U60: 10000 | V60: 10000 | W60: 10000 | X60: 10000 | Z60: 16000 | AA60: 16000 | AB60: 17587.441 | AC60: 18055.743 | AD60: 18117.554 | AE60: 18776.241 | AF60: 18836.575
A61: A5.1 | B61: Vảy PET-A5.1 | C61: 17439.487 | D61: 17645.066 | E61: 17973.426 | F61: 17990.91 | G61: 18000 | H61: 17169.677 | I61: 16000 | J61: 16000 | K61: 16512.641 | L61: 16986.563 | M61: 17463.277 | N61: 17515.851 | O61: 17984.851 | P61: 18548.937 | Q61: 19187.723 | R61: 19300 | S61: 19862.191 | T61: 19800 | U61: 18300 | V61: 18000 | W61: 18300 | X61: 18002.192 | Y61: 18194.592 | Z61: 18200 | AA61: 18380.107 | AB61: 19051.959 | AC61: 19580.029 | AD61: 20282.386 | AE61: 19546.07 | AF61: 20355.36 | AG61: 20339.853 | AH61: 19342.628 | AI61: 16728.955 | AJ61: 16041.349 | AK61: 16027.581
A62: A5.2 | B62: Vảy PET-A5.2 | C62: 16955.379 | D62: 17082.559 | E62: 17500 | F62: 17500 | G62: 17500 | H62: 16603.495 | I62: 15500 | J62: 15500 | K62: 16000 | L62: 16000 | M62: 16726.574 | N62: 17000 | O62: 17476.902 | P62: 18000 | Q62: 18430.847 | R62: 18800 | S62: 19376.8 | T62: 19300 | U62: 17800 | V62: 17500 | W62: 17800 | X62: 17500 | Y62: 17700 | Z62: 17700 | AA62: 18120.206 | AB62: 18344.625 | AC62: 18952.432 | AD62: 19780.994 | AE62: 18857.268 | AF62: 19732.977 | AG62: 19747.751 | AH62: 18919.843 | AI62: 16260.177 | AJ62: 15609.633 | AK62: 15642.643
A63: A6 | B63: Vảy PET-A6 | C63: 16500 | D63: 16830 | E63: 16949.308 | F63: 17000 | G63: 17000 | H63: 16000 | V63: 16667.319 | W63: 16200 | AA63: 11293.478 | AD63: 19872.02 | AE63: 19800 | AF63: 19760.264 | AG63: 19855.617 | AH63: 19314.982 | AI63: 17762.571 | AK63: 14519.268
A64: A5.1.B3 | B64: Vảy PET-A5.1.B3 | I64: 17000 | K64: 17500 | L64: 18000
A65: A5.2.B3 | B65: Vảy PET-A5.2.B3
A66: A6 | B66: Vảy PET-A6.B3 | C66: 16000 | D66: 16320 | E66: 16323.886 | H66: 16000 | I66: 16000 | J66: 16000 | K66: 16344.566 | L66: 16500 | M66: 16800 | N66: 16800 | O66: 17300
A67: B2 | B67: Vảy PET B2.2_A6 | N67: 17000 | O67: 18750 | P67: 18750
A68: B6 | B68: Vảy PET B6 thử nghiệm | L68: 16000 | M68: 16000 | N68: 17000 | Q68: 18750 | R68: 18750 | S68: 18750 | T68: 18250 | U68: 18250 | V68: 18250 | W68: 18250 | X68: 18250 | Y68: 18250 | Z68: 18250 | AA68: 18250 | AC68: 19674.73 | AD68: 19890.027 | AE68: 19467.028 | AF68: 19801.351 | AG68: 20231.894 | AH68: 20330 | AI68: 18120.95 | AJ68: 16500 | AK68: 16500
A69: B7.1 | B69: Chai B7 | C69: 9355 | D69: 9355 | E69: 9355 | F69: 9354.8387 | G69: 9354.8387 | H69: 9355 | I69: 8548 | J69: 8548 | K69: 8548.3871 | L69: 8548.3871 | M69: 8548.3871 | N69: 8548.3871 | O69: 8548.3871 | P69: 8548.3871 | Q69: 8548.3871 | R69: 8548.3871 | S69: 8548.3871 | T69: 8548.3871 | U69: 8548.3871 | V69: =5300/0.62 -> 8548.3871 | W69: =5300/0.62 -> 8548.3871 | X69: =4605.26327891469/0.66 -> 6977.6716 | Y69: =4450/0.66 -> 6742.4242 | Z69: =4450/0.66 -> 6742.4242 | AA69: 6742.4242 | AB69: 6742.4242 | AC69: 6742.4242 | AD69: 6742.4242 | AE69: 6449.2754 | AF69: 6449.2754 | AG69: 6449.2754 | AH69: 8417.548 | AI69: 8816.545 | AJ69: 8569.4289 | AK69: 7971.0145
B70: CL B0-B1-Line | C70: =(C72-C71)/2+C71 -> 4354.2331 | D70: =(D72-D71)/2+D71 -> 4603.2513 | E70: =(E72-E71)/2+E71 -> 5175.2917 | F70: =(F72-F71)/2+F71 -> 5315.4003 | G70: =(G72-G71)/2+G71 -> 4930.742 | H70: =(H72-H71)/2+H71 -> 4599.5475 | I70: =(I72-I71)/2+I71 -> 4448.0183 | J70: =(J72-J71)/2+J71 -> 4623.1989 | ... AL70: =(AL72-AL71)/2+AL71 -> 0
A71: B0-Line | B71: Chai B0 | C71: =C50 -> 8708.4662 | D71: =D50 -> 9206.5027 | E71: =E50 -> 10350.583 | F71: =F50 -> 10630.801 | G71: =G50 -> 9861.484 | H71: =H50 -> 9199.095 | I71: =I50 -> 8896.0365 | J71: =J50 -> 9246.3978 | ... AL71: =AL50 -> 0
A72: B1-Line | B72: Chai B1.2 | O72: =O53 -> 15000 | P72: =P53 -> 15000 | Q72: =Q53 -> 14557.882 | R72: =R53 -> 15919.649 | T72: =T53 -> 15727.328 | U72: =U53 -> 14000 | V72: =V53 -> 13800 | AA72: =AA53 -> 15501.697 | AB72: =AB53 -> 15783.829 | AC72: =AC53 -> 16040.038 | AD72: =AD53 -> 16272.466 | AE72: =AE53 -> 15883.314 | AF72: =AF53 -> 16274.596 | AG72: =AG53 -> 16115.416 | AH72: =AH53 -> 15895.487 | AI72: =AI53 -> 13000
B73: CL B0-B1 | O73: =O72/O71-1 -> 0.35138118 | P73: =P72/P71-1 -> 0.36170493 | Q73: =Q72/Q71-1 -> 0.3062025 | R73: =R72/R71-1 -> 0.27357193 | T73: =T72/T71-1 -> 0.2097945 | U73: =U72/U71-1 -> 0.2173913 | V73: =V72/V71-1 -> 0.20530228 | AA73: =AA72/AA71-1 -> 0.28530138 | AB73: =AB72/AB71-1 -> 0.3017263 | AC73: =AC72/AC71-1 -> 0.28118022 | AD73: =AD72/AD71-1 -> 0.24453632 | AE73: =AE72/AE71-1 -> 0.23617908 | AF73: =AF72/AF71-1 -> 0.21723568 | AG73: =AG72/AG71-1 -> 0.18800688 | AH73: =AH72/AH71-1 -> 0.28945342 | AI73: =AI72/AI71-1 -> 0.30483018 | AL73: =AL72/AL71-1 -> #DIV/0!
C74: =C50+D50+E50 -> 28265.552 | F74: =F50+G50+H50 -> 29691.38 | I74: =I50+J50+K50 -> 27750.327 | L74: =L50+M50+N50 -> 32853.034 | O74: =O50+P50+Q50 -> 33260.553 | R74: =R50+S50+T50 -> 38500 | U74: =U50+V50+W50 -> 34618.07 | X74: =X50+Y50+Z50 -> 35295.78 | AA74: =AA50+AB50+AC50 -> 36705.79 | AD74: =AD50+AE50+AF50 -> 39293.967
C75: =C61+D61+E61 -> 53057.979 | F75: =F61+G61+H61 -> 53160.587 | I75: =I61+J61+K61 -> 48512.641 | L75: =L61+M61+N61 -> 51965.691 | O75: =O61+P61+Q61 -> 55721.51 | R75: =R61+S61+T61 -> 58962.191 | U75: =U61+V61+W61 -> 54600 | X75: =X61+Y61+Z61 -> 54396.783 | AA75: =AA61+AB61+AC61 -> 57012.095 | AD75: =AD61+AE61+AF61 -> 60183.816
C76: =C75-C74 -> 24792.427 | F76: =F75-F74 -> 23469.207 | I76: =I75-I74 -> 20762.314 | L76: =L75-L74 -> 19112.657 | O76: =O75-O74 -> 22460.957 | R76: =R75-R74 -> 20462.191 | U76: =U75-U74 -> 19981.93 | X76: =X75-X74 -> 19101.003 | AA76: =AA75-AA74 -> 20306.305 | AD76: =AD75-AD74 -> 20889.849
C77: =C76/3 -> 8264.1423 | F77: =F76/3 -> 7823.069 | I77: =I76/3 -> 6920.7713 | L77: =L76/3 -> 6370.8858 | O77: =O76/3 -> 7486.9858 | R77: =R76/3 -> 6820.7303 | U77: =U76/3 -> 6660.6433 | X77: =X76/3 -> 6367.0011 | AA77: =AA76/3 -> 6768.7684 | AD77: =AD76/3 -> 6963.2831
C78: =C75/C74 -> 1.8771252 | F78: =F75/F74 -> 1.7904384 | I78: =I75/I74 -> 1.7481827 | L78: =L75/L74 -> 1.5817623 | O78: =O75/O74 -> 1.6753032 | R78: =R75/R74 -> 1.5314855 | U78: =U75/U74 -> 1.577211 | X78: =X75/X74 -> 1.5411696 | AA78: =AA75/AA74 -> 1.553218 | AD78: =AD75/AD74 -> 1.5316299
C81: =C51+D51+E51 -> 43550.569 | F81: =F51+G51+H51 -> 43144.512 | I81: =I51+J51+K51 -> 39274.641 | L81: =L51+M51+N51 -> 44558.722 | O81: =O51+P51+Q51 -> 46196.503 | R81: =R51+S51+T51 -> 50252.809 | U81: =U51+V51+W51 -> 46591.063 | X81: =X51+Y51+Z51 -> 51589.851 | AA81: =AA51+AB51+AC51 -> 53222.061 | AD81: =AD51+AE51+AF51 -> 55473.957
C82: =C81-C74 -> 15285.017 | F82: =F81-F74 -> 13453.132 | I82: =I81-I74 -> 11524.314 | L82: =L81-L74 -> 11705.688 | O82: =O81-O74 -> 12935.95 | R82: =R81-R74 -> 11752.809 | U82: =U81-U74 -> 11972.993 | X82: =X81-X74 -> 16294.071 | AA82: =AA81-AA74 -> 16516.271 | AD82: =AD81-AD74 -> 16179.99
C83: =C82/3 -> 5095.0056 | F83: =F82/3 -> 4484.3773 | I83: =I82/3 -> 3841.438 | L83: =L82/3 -> 3901.896 | O83: =O82/3 -> 4311.9833 | R83: =R82/3 -> 3917.6032 | U83: =U82/3 -> 3990.9977 | X83: =X82/3 -> 5431.3569 | AA83: =AA82/3 -> 5505.4238 | AD83: =AD82/3 -> 5393.33
C84: =C81/C74 -> 1.5407648 | F84: =F81/F74 -> 1.4530989 | I84: =I81/I74 -> 1.4152857 | L84: =L81/L74 -> 1.3563046 | O84: =O81/O74 -> 1.3889277 | R84: =R81/R74 -> 1.3052678 | U84: =U81/U74 -> 1.3458596 | X84: =X81/X74 -> 1.4616436 | AA84: =AA81/AA74 -> 1.4499637 | AD84: =AD81/AD74 -> 1.4117678
AA86: =AA53+AB53+AC53 -> 47325.564 | AD86: =AD53 -> 16272.466
AA87: =AA86-AA74 -> 10619.774 | AD87: =AD86-AD74 -> -23021.501
AA88: =AA87/3 -> 3539.9246 | AD88: =AD86/AD74 -> 0.41412123
AA89: =AA86/AA74 -> 1.2893215

Sheet Chart HDPE duyệt
C43: T1.23 | D43: 2 | E43: 3 | F43: 4 | G43: 5 | H43: 6 | I43: 7 | J43: 8 | K43: 9 | L43: 10 | M43: 11 | N43: T12.23 | O43: T1.24 | P43: 2 | Q43: 3 | R43: 4 | S43: 5 | T43: 6 | U43: 7 | V43: 8 | W43: 9 | X43: 10 | Y43: 11 | Z43: 12 | AA43: T1.25 | AB43: T2.25 | AC43: T3.25 | AD43: T4.25
A44: HV-01.1 | B44: Vảy HD trong HV01.1 (Đại Lộc) | D44: 25000 | E44: 25000 | F44: 25000 | G44: 25000 | H44: 25000 | I44: 25000 | J44: 25000 | K44: 22500 | L44: 22500 | M44: 22500 | N44: 22500 | O44: 22500 | P44: 22500 | Q44: 22000 | R44: 22000 | S44: 22000 | T44: 22000 | U44: 22000 | V44: 22000 | W44: 22000 | X44: 22000 | Y44: 21500 | Z44: 21500 | AA44: 21500 | AB44: 21500 | AC44: 21500 | AD44: 21500
A45: HV-01.1 | B45: Vảy HD trong HV01.1- KR | G45: 23000 | H45: 23000 | I45: 23000 | J45: 22500 | K45: 22500 | L45: 22500 | M45: 22500
B46: Vảy HD trong HV01.1 (NCC ngoài) | E46: 21500 | F46: 21500 | G46: 21500 | H46: 21500 | I46: 21500 | J46: 22500 | K46: 22500 | L46: 22500 | M46: 22500 | N46: 22500 | O46: 22500 | P46: 22500 | Q46: 22000 | R46: 22000 | S46: 22000 | T46: 22000 | U46: 22000 | V46: 22000 | W46: 22000 | X46: 22000 | Y46: 21500 | Z46: 21500 | AA46: 21500 | AB46: 21500 | AC46: 21500 | AD46: 21500
A47: HV-01.1 | B47: Vảy HD trong HV01.1- TM | G47: 21200 | H47: 21200 | I47: 21200 | J47: 20000 | M47: 21200 | N47: 21200 | O47: 21200 | P47: 20200 | Q47: 20200 | R47: 20200 | S47: 20200 | T47: 21200 | U47: 21200 | V47: 21200 | W47: 21200 | X47: 21200 | Y47: 21200 | Z47: 21200 | AA47: 21200 | AB47: 21200 | AC47: 21200 | AD47: 21200
A48: HV-01.2 | B48: Vảy HD trong HV01.2 (Đại Lộc) | D48: 24500 | E48: 24500 | F48: 24500 | G48: 24500 | H48: 24500 | I48: 20500
B49: Vảy HD trong HV01.2 (NCC ngoài) | E49: 20500 | F49: 20500 | G49: 20500 | O49: 21000 | P49: 21000 | Q49: 21000 | R49: 21000 | S49: 21000 | T49: 21000 | U49: 21000 | V49: 21000 | W49: 21000 | X49: 21000 | Y49: 21000 | Z49: 21000 | AA49: 21000 | AB49: 21000 | AC49: 21000 | AD49: 21000
A50: HV01.3 | B50: Vảy HD trong HV01.3 (Đại Lộc) | D50: 23000
A51: HV-02.1 | B51: Vảy HD trắng sữa loại 1 | E51: 18000 | I51: 19500 | J51: 22000 | K51: 19500 | L51: 19500 | M51: 19500 | N51: 19500 | O51: 19500 | P51: 19500 | Q51: 19500 | R51: 19500 | S51: 19500 | T51: 19500 | U51: 19500 | V51: 19500 | W51: 19500 | X51: 19500 | Y51: 19500 | Z51: 19500 | AA51: 19500
A52: HV-02.2 | B52: Vảy HD trắng loại 2 | E52: 17000 | I52: 18000 | J52: 18000 | K52: 18000 | L52: 18000 | M52: 18000 | N52: 18000 | O52: 18000 | P52: 18000 | Q52: 18000 | R52: 18000 | S52: 18000 | T52: 18000 | U52: 18000 | V52: 18000 | W52: 18000 | X52: 18000 | Y52: 18000 | Z52: 18000 | AA52: 18000
A53: HV-03.1 | B53: Vảy HD vàng chanh | I53: 18000 | J53: 21000 | Q53: 18000 | R53: 19000 | S53: 19000 | T53: 19000 | U53: 19000 | V53: 19000 | W53: 19000 | X53: 19000 | Y53: 19000 | Z53: 19000 | AA53: 19000 | AB53: 19000 | AC53: 19000 | AD53: 19500
A54: HV-03.2 | B54: Vảy HD vàng nghệ | I54: 16500 | Q54: 17000 | R54: 18000 | S54: 18000 | T54: 18000 | U54: 18000 | V54: 18000 | W54: 18000 | X54: 18000 | Y54: 18000 | Z54: 18000 | AA54: 18000 | AB54: 18000 | AC54: 18000 | AD54: 18500
A55: HV-04.1 | B55: Vảy HD lá sáng | I55: 18000 | J55: 21000
A56: HV-04.2 | B56: Vảy HD lá đậm | I56: 16500
B57: Vảy HD ép dương loại 1 | F57: 18000 | G57: 18000 | H57: 18000 | I57: 18000 | J57: 18000 | R57: 17500 | S57: 17500 | T57: 17500 | U57: 17500 | V57: 17500 | W57: 17500 | X57: 17500 | Y57: 17500 | Z57: 17500 | AA57: 17500 | AB57: 17500 | AC57: 17500 | AD57: 17500
B58: Vảy HD ép dương loại 2 | G58: 17000 | H58: 17000 | I58: 17000 | J58: 17000 | R58: 17500 | S58: 17500 | T58: 17500 | U58: 17500 | V58: 17500 | W58: 17500 | X58: 17500 | Y58: 17500 | Z58: 17500 | AA58: 17500 | AB58: 17500 | AC58: 17500
B59: HD ép thô thử nghiệm dương | F59: 16000 | G59: 16000 | H59: 16000 | I59: 16000 | V59: 16000 | W59: 16000 | X59: 16000 | Y59: 16000 | Z59: 16000 | AA59: 16000 | AB59: 16000 | AC59: 16000 | AD59: 16000
A60: HD-01.2 | B60: Bình HD Trong HD-01.2 | E60: 16500 | F60: 18000 | G60: 17000 | H60: 17500 | W60: 18200 | X60: 18200 | Y60: 18200 | Z60: 18200 | AA60: 18200 | AB60: 18200 | AC60: 18200 | AD60: 18200
A61: HD-03.1 | B61: Bình HD màu HD-03.1 | E61: 14000 | F61: 14000 | G61: 14000 | H61: 13500 | W61: 16200 | X61: 16200 | Y61: 16200 | Z61: 16200 | AA61: 16200 | AB61: 16200 | AC61: 16200 | AD61: 16200

Sheet Giá mua
B1: MA TRẬN GIÁ MUA NGUYÊN LIỆU NĂM 2025
E2: ĐVT: đồng/kg
A3: Stt | B3: Stt | C3: Mã SAP | D3: Tên SP | E3: Tên thị trường | F3: Giá duyệt T1 | G3: 45292 | H3: =G3+1 -> 45293 | I3: =H3+1 -> 45294 | J3: =I3+1 -> 45295 | K3: =J3+1 -> 45296 | L3: =K3+1 -> 45297 | M3: =L3+1 -> 45298 | N3: =M3+1 -> 45299 | O3: =N3+1 -> 45300 | ... AK3: =AJ3+1 -> 45322 | AL3: Giá duyệt T2 | AM3: 45689 | AN3: =AM3+1 -> 45690 | AO3: =AN3+1 -> 45691 | AP3: =AO3+1 -> 45692 | AQ3: =AP3+1 -> 45693 | AR3: =AQ3+1 -> 45694 | AS3: =AR3+1 -> 45695 | AT3: =AS3+1 -> 45696 | AU3: =AT3+1 -> 45697 | ... BN3: =BM3+1 -> 45716 | BO3: Giá duyệt T3 | BP3: 45717 | BQ3: =BP3+1 -> 45718 | BR3: =BQ3+1 -> 45719 | BS3: =BR3+1 -> 45720 | BT3: =BS3+1 -> 45721 | BU3: =BT3+1 -> 45722 | BV3: =BU3+1 -> 45723 | BW3: =BV3+1 -> 45724 | BX3: =BW3+1 -> 45725 | ... CT3: =CS3+1 -> 45747 | CU3: Giá duyệt T4 | CV3: 45748 | CW3: =CV3+1 -> 45749 | CX3: =CW3+1 -> 45750 | CY3: =CX3+1 -> 45751 | CZ3: =CY3+1 -> 45752 | DA3: =CZ3+1 -> 45753 | DB3: =DA3+1 -> 45754 | DC3: =DB3+1 -> 45755 | DD3: =DC3+1 -> 45756 | ... DP3: =DO3+1 -> 45768
G4: Tuần 1 | H4: Tuần 1 | L4: Tuần 2 | S4: Tuần 3 | Z4: Tuần 4 | AI4: Tuần 5 | AM4: Tuần 5 | AO4: Tuần 6 | AV4: Tuần 7 | BC4: Tuần 8 | BJ4: Tuần 9 | BP4: Tuần 9 | BR4: Tuần 10 | BY4: Tuần 11 | CF4: Tuần 12 | CM4: Tuần 13 | CT4: Tuần 14 | CV4: Tuần 14 | DB4: Tuần 15 | DI4: Tuần 16 | DP4: Tuần 17
A5: I. Chai + Vảy PET | B5: I. Chai xá mua tại trạm
A6: 1 | B6: 1 | C6: 150000006 | D6: B0 | E6: Chai xá | F6: 9000 | AL6: 9000 | BO6: 9000 | CU6: 9000
A7: =A6+1 -> 2 | B7: 1 | C7: 150000006 | D7: B0 | E7: Chai PET nước suối | F7: 12300 | H7: 12000.667 | I7: 11991.667 | J7: 11982 | L7: 11992.5 | M7: 12022.667 | N7: 12060.667 | O7: 12030.333 | P7: 12008.333 | Q7: 11971.667 | S7: 11899.333 | T7: 11936.667 | U7: 11748 | V7: 11700 | W7: 11824 | X7: 11884.5 | Z7: 11914.5 | AA7: 11802 | AB7: 11583 | AC7: 11538 | AD7: 11806 | AL7: 12300 | AO7: 12000 | AP7: 12000 | AQ7: 12000 | AR7: 12160 | AS7: 11985 | AT7: 11958.5 | AV7: 12278 | AW7: 11822.5 | AX7: 12009.5 | AY7: 12105 | AZ7: 12000 | BA7: 11967 | BC7: 11881 | BD7: 12150 | BE7: 12150 | BF7: 12338 | BG7: 12109 | BH7: 12154 | BJ7: 12133 | BK7: 12335 | BL7: 12150 | BM7: 12733 | BN7: 12133 | BO7: 12500 | CU7: 13500
A8: I. Chai + Vảy PET | B8: II. Chai + Vảy PET
A9: 2 | B9: =ROW()-ROW($B$8) -> 1 | C9: 150000003 | D9: B1.1 | E9: Chai PET tuyển dày (mua ngoài) | F9: 16800 | H9: K | I9: K | J9: K | L9: K | M9: K | N9: K | O9: K | P9: 16800 | Q9: 16811.814 | S9: K | T9: K | U9: 16800 | V9: 16800 | W9: K | X9: K | Z9: 16800 | AA9: 16800 | AB9: 17389.854 | AC9: K | AD9: K | AL9: 16800 | AO9: K | AP9: K | AQ9: K | AR9: K | AS9: 16800 | AT9: 16800 | AV9: 16800 | AW9: 16800 | AX9: 16800 | AY9: 16800 | AZ9: 16800 | BA9: 16800 | BC9: K | BD9: 16800 | BE9: K | BF9: K | BG9: 16800 | BH9: K | BJ9: 16800 | BK9: 16800 | BL9: 16800 | BM9: K | BN9: 16800 | BO9: 17200 | BP9: K | BR9: K | BS9: 17200 | BT9: K | BU9: K | BV9: 17406.246 | BW9: 17200 | BY9: K | BZ9: K | CA9: K | CB9: K | CC9: 17200 | CD9: K | CF9: K | CG9: 17211.864 | CH9: K | CI9: 16711.906 | CJ9: 16400 | CK9: K | CM9: K | CN9: 16896.353 | CO9: 16700 | CP9: K | CQ9: 16623.406 | CR9: 16779.47 | CT9: K | CU9: 18000 | CV9: 18000 | CW9: K | CX9: 18120.113 | CY9: 17331.31 | CZ9: 18000 | DA9: K | DB9: K | DC9: 18122.51 | DD9: 17933.801 | DE9: 17839.957 | DF9: 17797.924 | DG9: 17574.315 | DH9: K | DI9: K | DJ9: 18185.722 | DK9: 17974.137 | DL9: 18183.593 | DM9: 17674.232 | DN9: 17679.927 | DO9: K | DP9: K
B10: =ROW()-ROW($B$8) -> 2 | C10: 150000003 | D10: B1.1 | E10: Chai PET tuyển dày (mua từ Trạm - Mô hình gia công) | F10: =F9+1200 -> 18000 | H10: K | I10: 17900 | J10: 17964.593 | L10: 17900 | M10: 17660.312 | N10: 17971.47 | O10: 17949.398 | P10: 17893.638 | Q10: 17800 | S10: 17817.221 | T10: K | U10: K | V10: 17120.28 | W10: 17030 | X10: 17649.716 | Z10: 17719.634 | AA10: 17030 | AB10: 17306.864 | AC10: 17030 | AD10: 17522 | AL10: =(17522+17030)/2 -> 17276 | AO10: 17030 | AP10: 17223.031 | AQ10: 16954.34 | AR10: 16387.455 | AS10: 16879.083 | AT10: 18453.866 | AV10: 17398.848 | AW10: 19090 | AX10: 17030 | AY10: K | AZ10: 19099.282 | BA10: 18151.713 | BC10: 19846 | BD10: K | BE10: K | BF10: 17830.154 | BG10: K | BH10: 18982.044 | BJ10: 17522 | BK10: 17522 | BL10: 19090 | BM10: 18652.313 | BN10: 18518.354 | BO10: =(17750+17250+19300+18800)/4 -> 18275 | BP10: K | BR10: 19090 | BS10: 18376.949 | BT10: 19090 | BU10: 19208.428 | BV10: 17522 | BW10: 19300 | BY10: 18092.811 | BZ10: 17388.805 | CA10: 17403.158 | CB10: 17775 | CC10: 19203.644 | CD10: 18381.537 | CF10: 18794.789 | CG10: 19300 | CH10: K | CI10: 18621.546 | CJ10: 18509.767 | CK10: 19300 | CM10: 18177.768 | CN10: 19105.482 | CO10: 19300 | CP10: 17529.426 | CQ10: 19014.668 | CR10: 18721.955 | CT10: 18685.532 | CU10: =(17750+17250+19300+18800)/4 -> 18275 | CV10: K | CW10: 18088.564 | CX10: K | CY10: 18827.173 | CZ10: 19300 | DA10: K | DB10: K | DC10: 17833.92 | DD10: 18082.933 | DE10: 18960 | DF10: 18890 | DG10: K | DH10: K | DI10: K | DJ10: 18648.647 | DK10: 19045.563 | DL10: 19192.35 | DM10: 18833.799 | DN10: 18924.89 | DO10: K | DP10: 17750
B11: =ROW()-ROW($B$8) -> 3 | C11: 150000113 | D11: B1.2 | E11: Chai PET không phân loại (mua ngoài) | F11: 15800 | H11: K | I11: 15789.817 | J11: 15800 | L11: 15762.557 | M11: 15800 | N11: 15800 | O11: 15765.764 | P11: 15800 | Q11: 15857.775 | S11: 15800 | T11: 15800 | U11: 15800 | V11: K | W11: 15763.504 | X11: 15800 | Z11: 15800 | AA11: K | AB11: 15573.994 | AC11: 15500 | AD11: K | AL11: 15800 | AO11: K | AP11: K | AQ11: 15800 | AR11: 15800 | AS11: K | AT11: 15800 | AV11: 16175.644 | AW11: K | AX11: K | AY11: K | AZ11: 15800 | BA11: K | BC11: 15800 | BD11: K | BE11: 15800 | BF11: 16195 | BG11: 15800 | BH11: K | BJ11: 15800 | BK11: K | BL11: K | BM11: 15800 | BN11: K | BO11: 16000 | BP11: 16191.502 | BR11: 16000 | BS11: K | BT11: 16000 | BU11: 16000 | BV11: 16000 | BW11: 16000 | BY11: 16165.022 | BZ11: 16000 | CA11: K | CB11: 16000 | CC11: 16000 | CD11: K | CF11: K | CG11: K | CH11: K | CI11: 16000 | CJ11: 16000 | CK11: K | CM11: 16000 | CN11: K | CO11: K | CP11: K | CQ11: K | CR11: K | CT11: K | CV11: K | CW11: K | CX11: K | CY11: K | CZ11: K | DA11: K | DB11: K | DC11: K | DD11: K | DE11: K | DF11: K | DG11: K | DH11: K | DI11: K | DJ11: 16500 | DK11: 16500 | DL11: 16500 | DM11: 16500 | DN11: 16500 | DO11: K | DP11: K
B12: =ROW()-ROW($B$8) -> 4 | C12: 150000113 | D12: B1.2 | E12: Chai PET không phân loại (mua từ Trạm) | H12: K | I12: K | J12: K | L12: K | M12: K | N12: K | O12: K | P12: K | Q12: K | S12: K | T12: K | U12: K | V12: K | W12: K | X12: K | Z12: K | AA12: K | AB12: K | AC12: K | AD12: K | AL12: 16394 | AO12: K | AP12: K | AQ12: K | AR12: K | AS12: K | AT12: K | AV12: K | AW12: K | AX12: K | AY12: K | AZ12: K | BA12: 16394 | BC12: 16394 | BD12: 16394 | BE12: 16394 | BF12: K | BG12: K | BH12: K | BJ12: K | BK12: K | BL12: K | BM12: K | BN12: K | BP12: K | BR12: K | BS12: K | BT12: K | BU12: K | BV12: K | BW12: K | BY12: K | BZ12: K | CA12: K | CB12: K | CC12: K | CD12: K | CF12: K | CG12: K | CH12: K | CI12: K | CJ12: 17190 | CK12: 17190 | CM12: 17190 | CN12: 17190 | CO12: 17190 | CP12: K | CQ12: K | CR12: K | CT12: K | CU12: 16500 | CV12: K | CW12: K | CX12: K | CY12: K | CZ12: K | DA12: K | DB12: K | DC12: K | DD12: K | DE12: K | DF12: K | DG12: K | DH12: K | DI12: K | DJ12: K | DK12: K | DL12: K | DM12: K | DN12: K | DO12: K | DP12: K
B13: =ROW()-ROW($B$8) -> 5 | C13: 150000004 | D13: B2.1 | E13: Chai PET nước suối | H13: K | I13: K | J13: K | L13: K | M13: K | N13: K | O13: K | P13: K | Q13: K | S13: K | T13: K | U13: K | V13: K | W13: K | X13: K | Z13: K | AD13: K | AO13: K | AP13: K | AQ13: K | AR13: K | AS13: K | AT13: K | AV13: K | AW13: K | AX13: K | AY13: K | AZ13: K | BA13: K | BC13: K | BD13: K | BE13: K | BF13: K | BG13: K | BH13: K | BJ13: K | BK13: K | BL13: K | BM13: K | BN13: K | BO13: 12300 | BP13: K | BR13: K | BS13: K | BT13: K | BU13: K | BV13: K | BW13: K | BY13: K | BZ13: K | CA13: K | CB13: K | CC13: K | CD13: K | CF13: K | CG13: K | CH13: K | CI13: K | CJ13: K | CK13: K | CM13: K | CN13: K | CO13: K | CP13: K | CQ13: K | CR13: K | CT13: K | CU13: 12300 | CV13: K | CW13: K | CX13: K | CY13: K | CZ13: K | DA13: K | DB13: K | DC13: K | DD13: K | DE13: K | DF13: K | DG13: K | DH13: K | DI13: K | DJ13: K | DK13: K | DL13: K | DM13: K | DN13: K | DO13: K | DP13: K
B14: =ROW()-ROW($B$8) -> 6 | C14: 150000187 | D14: B1.3 | E14: Chai PET B1.3 | H14: K | I14: K | J14: K | L14: K | M14: K | N14: K | O14: K | P14: K | Q14: K | S14: K | T14: K | U14: K | V14: K | W14: K | X14: K | Z14: K | AA14: K | AB14: K | AC14: 17030 | AD14: K | AO14: K | AP14: K | AQ14: K | AR14: 17522 | AS14: K | AT14: 17522 | AV14: K | AW14: 17030 | AX14: 17236.562 | AY14: 17030 | AZ14: 17308.226 | BA14: 17162.252 | BC14: 17216.206 | BD14: 17030 | BE14: 17030 | BF14: 17230.532 | BG14: 17030 | BH14: 17030 | BJ14: 17322.17 | BK14: 17030 | BL14: 17151.322 | BM14: 17030 | BN14: 17205.945 | BO14: 17030 | BP14: K | BR14: 17177.28 | BS14: 17248.898 | BT14: 17030 | BU14: 17030 | BV14: 17030 | BW14: 17030 | BY14: 17030 | BZ14: 17574.115 | CA14: 17649.088 | CB14: 17750 | CC14: 17429.314 | CD14: 17750 | CF14: 17750 | CG14: 17750 | CH14: 17577.187 | CI14: 17750 | CJ14: 17750 | CK14: 17750 | CM14: 17750 | CN14: 17750 | CO14: 17682.25 | CP14: 17750 | CQ14: 17750 | CR14: 17750 | CT14: 17750 | CU14: 17030 | CV14: K | CW14: 17838.349 | CX14: 17750 | CY14: 17829.136 | CZ14: 18012.632 | DA14: K | DB14: K | DC14: 18139.268 | DD14: 18976.703 | DE14: 18890 | DF14: 17931.481 | DG14: 18890 | DH14: K | DI14: K | DJ14: 18890 | DK14: 18890 | DL14: 18890 | DM14: 18890 | DN14: 18929.362 | DO14: K | DP14: 18890
B15: =ROW()-ROW($B$8) -> 7 | C15: 150000004 | D15: B2.1 | E15: Chai PET B2.1 (có thương hiệu) | F15: 12300 | H15: K | I15: K | J15: K | L15: K | M15: K | N15: K | O15: K | P15: K | Q15: K | S15: K | T15: K | U15: K | V15: K | W15: K | X15: K | Z15: K | AA15: K | AB15: K | AC15: K | AD15: 12300 | AL15: 12300 | AO15: K | AP15: K | AQ15: K | AR15: K | AS15: K | AT15: K | AV15: K | AW15: K | AX15: K | AY15: K | AZ15: K | BA15: K | BC15: K | BD15: 16394 | BE15: K | BF15: K | BG15: K | BH15: K | BJ15: K | BK15: K | BL15: K | BM15: K | BN15: K | BO15: 12300 | BP15: K | BR15: K | BS15: K | BT15: K | BU15: K | BV15: K | BW15: K | BY15: K | BZ15: K | CA15: K | CB15: K | CC15: K | CD15: K | CF15: K | CG15: K | CH15: K | CI15: K | CJ15: K | CK15: K | CM15: K | CN15: K | CO15: K | CP15: K | CQ15: K | CR15: K | CT15: K | CU15: 12300 | CV15: K | CW15: K | CX15: K | CY15: K | CZ15: K | DA15: K | DB15: K | DC15: K | DD15: K | DE15: K | DF15: K | DG15: K | DH15: K | DI15: K | DJ15: K | DK15: K | DL15: K | DM15: K | DN15: K | DO15: K | DP15: K
B16: =ROW()-ROW($B$8) -> 8 | C16: 150000050 | D16: B2.2 | E16: Chai PET B2.2 (không thương hiệu - NCC ngoài) | F16: 12300 | H16: K | I16: K | J16: K | K16: K | L16: K | M16: K | N16: K | O16: K | P16: K | Q16: K | R16: K | S16: K | T16: K | U16: K | V16: K | W16: K | X16: K | Y16: K | Z16: K | AA16: K | AB16: K | AC16: K | AD16: K | AL16: 12300 | AO16: K | AP16: K | AQ16: K | AR16: K | AS16: K | AT16: K | AV16: K | AW16: K | AX16: K | AY16: K | AZ16: K | BA16: K | BC16: K | BD16: K | BE16: K | BF16: K | BG16: K | BH16: 17060.843 | BJ16: K | BK16: K | BL16: 12300 | BM16: K | BN16: K | BO16: 12300 | BP16: K | BR16: K | BS16: K | BT16: K | BU16: K | BV16: K | BW16: K | BY16: K | BZ16: K | CA16: K | CB16: K | CC16: K | CD16: K | CF16: K | CG16: K | CH16: K | CI16: K | CJ16: K | CK16: K | CM16: K | CN16: K | CO16: K | CP16: K | CQ16: 12300 | CR16: K | CT16: K | CU16: 12300 | CV16: K | CW16: K | CX16: K | CY16: K | CZ16: K | DA16: K | DB16: K | DC16: K | DD16: K | DE16: K | DF16: K | DG16: K | DH16: K | DI16: K | DJ16: K | DK16: K | DL16: K | DM16: K | DN16: K | DO16: K | DP16: K
B17: =ROW()-ROW($B$8) -> 9 | C17: 150000050 | D17: B2.2 | E17: Chai PET B2.2 (mua từ Trạm - Mô hình gia công) | F17: 14000 | H17: K | I17: K | J17: K | L17: K | M17: 14300 | N17: K | O17: 14300 | P17: 14300 | Q17: K | S17: 14300 | T17: K | U17: K | V17: 17030 | W17: K | X17: K | Z17: 14300 | AA17: 16914.363 | AB17: 15765.843 | AC17: 17030 | AD17: 17522 | AL17: =(17522+17030)/2 -> 17276 | AO17: K | AP17: 17030 | AQ17: 17030 | AR17: 17030 | AS17: 17030 | AT17: 17290.861 | AV17: 17030 | AW17: K | AX17: 17030 | AY17: 17030 | AZ17: 17030 | BA17: 17030 | BC17: 17522 | BD17: 17030 | BE17: K | BF17: 17060.679 | BG17: K | BH17: K | BJ17: K | BK17: K | BL17: 17030 | BM17: 16832.084 | BN17: K | BO17: =(17750+17250+19300+18800)/4 -> 18275 | BP17: K | BR17: 17030 | BS17: 17522 | BT17: 17030 | BU17: K | BV17: 17030 | BW17: 17030 | BY17: K | BZ17: 17118.862 | CA17: 17030 | CB17: 13500 | CC17: 17030 | CD17: 17030 | CF17: K | CG17: 17750 | CH17: 17750 | CI17: 18000.041 | CJ17: 17750 | CK17: 17750 | CM17: K | CN17: 17217.19 | CO17: K | CP17: 17750 | CQ17: 17750 | CR17: 17750 | CT17: 17748.867 | CU17: =(17750+17250+19300+18800)/4 -> 18275 | CV17: K | CW17: 17750 | CX17: K | CY17: 17750 | CZ17: 17750 | DA17: K | DB17: K | DC17: 18361.668 | DD17: K | DE17: 17750 | DF17: K | DG17: 18890 | DH17: K | DI17: K | DJ17: 17750 | DK17: 18731.787 | DL17: 18388.588 | DM17: 17750 | DN17: 17750 | DO17: K | DP17: 18103.722
B18: =ROW()-ROW($B$8) -> 10 | C18: 150000005 | D18: B3 | E18: Chai sting ,chai 247 | F18: 16800 | H18: K | I18: K | J18: K | L18: K | M18: K | N18: K | O18: K | P18: K | Q18: K | S18: K | T18: K | U18: K | V18: K | W18: K | X18: K | Z18: K | AA18: K | AB18: K | AC18: K | AD18: K | AL18: 16800 | AO18: K | AP18: K | AQ18: K | AR18: 17030 | AS18: K | AT18: 17030 | AV18: K | AW18: K | AX18: 17030 | AY18: 17030 | AZ18: K | BA18: K | BC18: K | BD18: K | BE18: K | BF18: K | BG18: K | BH18: K | BJ18: K | BK18: K | BL18: K | BM18: K | BN18: 16600 | BO18: 17200 | BP18: K | BR18: K | BS18: K | BT18: K | BU18: K | BV18: K | BW18: K | BY18: K | BZ18: K | CA18: K | CB18: K | CC18: K | CD18: K | CF18: K | CG18: K | CH18: K | CI18: K | CJ18: K | CK18: K | CM18: K | CN18: K | CO18: K | CP18: K | CQ18: K | CR18: K | CT18: K | CU18: 18000 | CV18: K | CW18: K | CX18: K | CY18: K | CZ18: K | DA18: K | DB18: K | DC18: K | DD18: K | DE18: K | DF18: K | DG18: K | DH18: K | DI18: K | DJ18: K | DK18: K | DL18: K | DM18: K | DN18: K | DO18: K | DP18: K
B19: =ROW()-ROW($B$8) -> 11 | C19: 150000014 | D19: B4 | E19: Chai PET xanh lá (NCC ngoài) | F19: 12300 | H19: K | I19: K | J19: K | K19: K | L19: K | M19: K | N19: K | O19: K | P19: K | Q19: K | R19: K | S19: K | T19: K | U19: K | V19: K | W19: K | X19: K | Y19: K | Z19: K | AA19: K | AB19: K | AC19: K | AD19: K | AE19: K | AF19: K | AG19: K | AH19: K | AI19: K | AJ19: K | AK19: K | AL19: 12300 | AO19: K | AP19: K | AQ19: K | AR19: K | AS19: K | AT19: K | AV19: K | AW19: K | AX19: K | AY19: K | AZ19: K | BA19: K | BC19: K | BD19: K | BE19: K | BF19: K | BG19: K | BH19: K | BJ19: K | BK19: K | BL19: K | BM19: K | BN19: K | BO19: 12300 | BP19: K | BR19: 17522 | BS19: K | BT19: K | BU19: K | BV19: K | BW19: K | BY19: K | BZ19: K | CA19: K | CB19: K | CC19: K | CD19: K | CF19: K | CG19: K | CH19: K | CI19: K | CJ19: K | CK19: K | CM19: K | CN19: K | CO19: K | CP19: K | CQ19: 12300 | CR19: K | CT19: K | CU19: 12300 | CV19: K | CW19: K | CX19: K | CY19: K | CZ19: K | DA19: K | DB19: K | DC19: K | DD19: K | DE19: K | DF19: K | DG19: K | DH19: K | DI19: K | DJ19: K | DK19: K | DL19: K | DM19: 18890 | DN19: K | DO19: K | DP19: K
B20: =ROW()-ROW($B$8) -> 12 | C20: 150000014 | D20: B4 | E20: Chai PET xanh lá (mua từ Trạm - Mô hình gia công) | F20: 14300 | H20: K | I20: K | J20: 14300 | L20: K | M20: K | N20: 14300 | O20: 14300 | P20: K | Q20: 14300 | S20: 14300 | T20: K | U20: K | V20: K | W20: K | X20: K | Z20: 14300 | AA20: K | AB20: 14300 | AC20: K | AD20: K | AL20: =(17522+17030)/2 -> 17276 | AO20: K | AP20: K | AQ20: 16922.167 | AR20: 17030 | AS20: 17522 | AT20: 17030 | AV20: K | AW20: 17522 | AX20: 17030 | AY20: K | AZ20: 17030 | BA20: K | BC20: K | BD20: 17170.645 | BE20: K | BF20: K | BG20: K | BH20: K | BJ20: K | BK20: 17030 | BL20: 17522 | BM20: 16964.975 | BN20: K | BO20: =(17750+17250+19300+18800)/4 -> 18275 | BP20: K | BR20: K | BS20: 17030 | BT20: K | BU20: K | BV20: K | BW20: K | BY20: K | BZ20: 17030 | CA20: 17030 | CB20: 13500 | CC20: K | CD20: 17030 | CF20: K | CG20: K | CH20: K | CI20: K | CJ20: 17577.431 | CK20: K | CM20: 17750 | CN20: 17750 | CO20: 17030 | CP20: K | CQ20: K | CR20: K | CT20: 17750 | CU20: =(17750+17250+19300+18800)/4 -> 18275 | CV20: K | CW20: 17750 | CX20: K | CY20: 17750 | CZ20: K | DA20: K | DB20: K | DC20: K | DD20: 17888.406 | DE20: K | DF20: K | DG20: K | DH20: K | DI20: K | DJ20: K | DK20: 18890 | DL20: 18480.57 | DM20: K | DN20: K | DO20: K | DP20: K
B21: =ROW()-ROW($B$8) -> 13 | C21: 150000015 | D21: B5 | E21: Chai PET nước ngọt màu lơ/ màu dương (NCC ngoài) | F21: 12300 | H21: K | I21: K | J21: K | K21: K | L21: K | M21: K | N21: K | O21: K | P21: K | Q21: K | R21: K | S21: K | T21: K | U21: K | V21: K | W21: K | X21: K | Y21: K | Z21: K | AA21: K | AB21: K | AC21: K | AD21: K | AE21: K | AF21: K | AG21: K | AH21: K | AI21: K | AJ21: K | AK21: K | AL21: 12300 | AO21: K | AP21: K | AQ21: K | AR21: K | AS21: K | AT21: K | AV21: K | AW21: K | AX21: K | AY21: 17030 | AZ21: K | BA21: K | BC21: K | BD21: K | BE21: K | BF21: K | BG21: K | BH21: K | BJ21: K | BK21: K | BL21: 12300 | BM21: K | BN21: K | BO21: 12300 | BP21: K | BR21: K | BS21: K | BT21: K | BU21: K | BV21: K | BW21: K | BY21: K | BZ21: K | CA21: K | CB21: K | CC21: K | CD21: K | CF21: K | CG21: K | CH21: K | CI21: K | CJ21: K | CK21: K | CM21: K | CN21: K | CO21: K | CP21: K | CQ21: K | CR21: K | CT21: K | CU21: 12300 | CV21: K | CW21: K | CX21: K | CY21: K | CZ21: K | DA21: K | DB21: K | DC21: K | DD21: K | DE21: K | DF21: K | DG21: K | DH21: K | DI21: K | DJ21: K | DK21: K | DL21: K | DM21: K | DN21: K | DO21: K | DP21: K
B22: =ROW()-ROW($B$8) -> 14 | C22: 150000015 | D22: B5 | E22: Chai PET nước ngọt màu lơ/ màu dương (mua từ Trạm - Mô hình gia công) | F22: 14300 | H22: K | I22: K | J22: K | L22: K | M22: K | N22: K | O22: 14300 | P22: 14300 | Q22: 14300 | S22: 14300 | T22: K | U22: K | V22: K | W22: 17030 | X22: K | Z22: 14300 | AA22: K | AB22: 14300 | AC22: 17030 | AD22: 17522 | AL22: =(17522+17030)/2 -> 17276 | AO22: 17030 | AP22: K | AQ22: K | AR22: K | AS22: 17030 | AT22: 17522 | AV22: K | AW22: K | AX22: 17030 | AY22: K | AZ22: 17251.416 | BA22: K | BC22: K | BD22: 17522 | BE22: K | BF22: K | BG22: K | BH22: K | BJ22: K | BK22: 17030 | BL22: K | BM22: 17265.486 | BN22: 17030 | BO22: =(17750+17250+19300+18800)/4 -> 18275 | BP22: K | BR22: K | BS22: 17030 | BT22: K | BU22: K | BV22: K | BW22: K | BY22: K | BZ22: 17263.511 | CA22: K | CB22: K | CC22: K | CD22: 17030 | CF22: K | CG22: K | CH22: K | CI22: 18321 | CJ22: 17631.02 | CK22: K | CM22: K | CN22: K | CO22: K | CP22: K | CQ22: K | CR22: 17750 | CT22: 17750 | CU22: =(17750+17250+19300+18800)/4 -> 18275 | CV22: K | CW22: K | CX22: K | CY22: 17750 | CZ22: K | DA22: K | DB22: K | DC22: 17750 | DD22: 17750 | DE22: K | DF22: 17750 | DG22: 18890 | DH22: K | DI22: K | DJ22: K | DK22: 17795.968 | DL22: K | DM22: K | DN22: K | DO22: K | DP22: K
B23: =ROW()-ROW($B$8) -> 15 | C23: 150000016 | D23: B6.1 | E23: Chai PET B6.1 (có thương hiệu) | F23: 12300 | H23: K | I23: K | J23: K | K23: K | L23: K | M23: K | N23: K | O23: K | P23: K | Q23: K | R23: K | S23: K | T23: K | U23: K | V23: K | W23: K | X23: K | Y23: K | Z23: K | AA23: K | AB23: K | AC23: K | AD23: K | AL23: 12300 | AO23: K | AP23: K | AQ23: K | AR23: K | AS23: K | AT23: K | AV23: K | AW23: K | AX23: K | AY23: K | AZ23: K | BA23: K | BC23: K | BD23: K | BE23: K | BF23: K | BG23: K | BH23: K | BJ23: K | BK23: K | BL23: 12300 | BM23: K | BN23: K | BO23: 12300 | BP23: K | BR23: K | BS23: K | BT23: K | BU23: K | BV23: K | BW23: K | BY23: K | BZ23: K | CA23: K | CB23: K | CC23: K | CD23: K | CF23: K | CG23: K | CH23: K | CI23: K | CJ23: K | CK23: K | CM23: K | CN23: K | CO23: K | CP23: K | CQ23: 12300 | CR23: K | CT23: K | CU23: 12300 | CV23: K | CW23: K | CX23: K | CY23: K | CZ23: K | DA23: K | DB23: K | DC23: K | DD23: K | DE23: K | DF23: K | DG23: K | DH23: K | DI23: K | DJ23: K | DK23: K | DL23: K | DM23: K | DN23: K | DO23: K | DP23: K
A24: =A9+1 -> 3 | B24: =ROW()-ROW($B$8) -> 16 | C24: 150000114 | D24: B6.2 | E24: Chai PET B6.2 (không thương hiệu - NCC ngoài) | F24: 10000 | H24: K | I24: K | J24: K | L24: K | M24: K | N24: K | O24: K | P24: K | Q24: K | R24: K | S24: K | T24: K | U24: K | V24: K | W24: K | X24: K | Y24: K | Z24: K | AA24: K | AB24: K | AC24: K | AD24: K | AE24: K | AF24: K | AG24: K | AH24: K | AI24: K | AJ24: K | AK24: K | AL24: 10000 | AO24: K | AP24: K | AQ24: K | AR24: K | AS24: K | AT24: K | AV24: K | AW24: K | AX24: K | AY24: K | AZ24: K | BA24: K | BC24: K | BD24: 16946.313 | BE24: K | BF24: K | BG24: K | BH24: K | BJ24: K | BK24: K | BL24: K | BM24: 17956.951 | BN24: K | BO24: 10000 | BP24: K | BR24: K | BS24: K | BT24: K | BU24: K | BV24: K | BW24: K | BY24: K | BZ24: K | CA24: K | CB24: K | CC24: K | CD24: K | CF24: K | CG24: K | CH24: K | CI24: K | CJ24: K | CK24: K | CM24: K | CN24: K | CO24: K | CP24: K | CQ24: K | CR24: K | CT24: K | CU24: 10000 | CV24: K | CW24: K | CX24: K | CY24: K | CZ24: K | DA24: K | DB24: K | DC24: K | DD24: K | DE24: K | DF24: K | DG24: K | DH24: K | DI24: K | DJ24: K | DK24: K | DL24: K | DM24: K | DN24: K | DO24: K | DP24: 18220.829
A25: =A24+1 -> 4 | B25: =ROW()-ROW($B$8) -> 17 | C25: 150000016 | D25: B6 | E25: Chai PET còn lại | H25: K | I25: K | J25: K | L25: K | M25: K | N25: K | O25: K | P25: K | Q25: K | S25: K | T25: K | U25: K | V25: K | W25: K | X25: K | Z25: K | AA25: K | AD25: K | AO25: K | AP25: K | AQ25: K | AT25: K | AW25: K | AX25: K | AY25: K | BH25: K | BL25: K | CF25: K | CV25: K | DA25: K | DB25: K | DH25: K | DI25: K | DO25: K
A26: =A25+1 -> 5 | B26: =ROW()-ROW($B$8) -> 18 | C26: 150000019 | D26: A4 | E26: Vảy PET-A4 (rửa nóng) | H26: K | I26: K | J26: K | L26: K | M26: K | N26: K | O26: K | P26: K | Q26: K | S26: K | T26: K | U26: K | V26: K | W26: K | X26: K | Z26: K | AA26: K | AD26: K | AO26: K | AP26: K | AQ26: K | AT26: K | AW26: K | AX26: K | AY26: K | BH26: K | BL26: K | CF26: K | CV26: K | DA26: K | DB26: K | DH26: K | DI26: K | DO26: K
B27: 15 | C27: 150000114 | D27: B6.2 | E27: Chai PET B6.2 (không thương hiệu) (mua từ Trạm - Mô hình gia công) | F27: 16000 | H27: K | I27: K | J27: K | L27: K | M27: K | N27: K | O27: K | P27: K | Q27: 16000 | S27: K | T27: K | U27: K | V27: K | W27: K | X27: 16000 | Z27: 16000 | AA27: K | AB27: K | AC27: K | AD27: K | AL27: =(17522+17030)/2 -> 17276 | AO27: K | AP27: K | AQ27: K | AR27: K | AS27: 17030 | AT27: K | AV27: 19846 | AW27: K | AX27: K | AY27: K | AZ27: 18028.265 | BA27: 17030 | BC27: 17030 | BD27: K | BE27: 17636.169 | BF27: 17380.577 | BG27: 17030 | BH27: K | BJ27: 17522 | BK27: 17176.571 | BL27: K | BM27: K | BN27: 17414.762 | BO27: =(17750+17250+19300+18800)/4 -> 18275 | BP27: K | BR27: 19090 | BS27: 19090 | BT27: 17522 | BU27: 19073.632 | BV27: 18284.154 | BW27: 17522 | BY27: 17030 | BZ27: 17855.714 | CA27: 17030 | CB27: 17030 | CC27: 18341.837 | CD27: 17030 | CF27: 17574.226 | CG27: 17921.714 | CH27: 17279.073 | CI27: 18109.003 | CJ27: 18196.309 | CK27: 17139.476 | CM27: 18986.906 | CN27: 18356.313 | CO27: 17109.264 | CP27: 18935.163 | CQ27: 18894.895 | CR27: 18149.028 | CT27: 18115.862 | CU27: =(17750+17250+19300+18800)/4 -> 18275 | CV27: K | CW27: 17030 | CX27: 17750 | CY27: 18045.268 | CZ27: 18890 | DA27: K | DB27: K | DC27: 18110.571 | DD27: 18272.142 | DE27: 18890 | DF27: 18890 | DG27: 18890 | DH27: K | DI27: K | DJ27: 17630.574 | DK27: 18521.237 | DL27: 18305.293 | DM27: 19460 | DN27: 19003.513 | DO27: K | DP27: K
A28: =A26+1 -> 6 | B28: 16 | C28: 150000051 | D28: A5.1 | E28: Vảy PET-A5.1 (rửa nóng) | F28: 18200 | H28: K | I28: 18200 | J28: 18200 | L28: 18200 | M28: 18200 | N28: 18200 | O28: K | P28: 18200 | Q28: 18200 | S28: 18200 | T28: 18200 | U28: K | V28: K | W28: K | X28: K | Z28: K | AA28: 18200 | AB28: 18200 | AC28: 18200 | AD28: 18200 | AL28: =((18200+300)+19000)/2 -> 18750 | AO28: K | AP28: K | AQ28: K | AR28: 18500 | AS28: 18500 | AT28: 18500 | AV28: 18500 | AW28: K | AX28: K | AY28: 18500 | AZ28: K | BA28: K | BC28: 18500 | BD28: K | BE28: 18500 | BF28: 18500 | BG28: 18681.038 | BH28: 18782.775 | BJ28: 19000 | BK28: 18253.947 | BL28: 18887.186 | BM28: 19000 | BN28: 19000 | BO28: 19200 | BP28: 19200 | BR28: 19200 | BS28: 19200 | BT28: 19200 | BU28: 19200 | BV28: 19200 | BW28: 19200 | BY28: 19137.983 | BZ28: 19200 | CA28: 19200 | CB28: 19200 | CC28: 19200 | CD28: 19200 | CF28: 19200 | CG28: 19200 | CH28: 19200 | CI28: 19200 | CJ28: 19200 | CK28: 19200 | CM28: 19200 | CN28: 19200 | CO28: 19200 | CP28: 19200 | CQ28: 19200 | CR28: 19200 | CT28: 19200 | CU28: 19700 | CV28: 19700 | CW28: 20082.766 | CX28: 20256.887 | CY28: 20117.282 | CZ28: 20003.598 | DA28: 19976.598 | DB28: K | DC28: 19839.247 | DD28: 19963.593 | DE28: 19803.617 | DF28: 19852.978 | DG28: 19973.038 | DH28: 19976.598 | DI28: 19976.598 | DJ28: 19833.197 | DK28: 19891.575 | DL28: 19860.761 | DM28: 19791.283 | DN28: 19913.516 | DO28: 19976.598 | DP28: K
B29: 17 | C29: 150000052 | D29: A5.2 | E29: Vảy PET-A5.2 (rửa nóng) | F29: 17700 | H29: K | I29: 17700 | J29: K | L29: K | M29: K | N29: K | O29: K | P29: K | Q29: K | S29: K | T29: K | U29: K | V29: K | W29: K | X29: K | Z29: 17700 | AA29: K | AB29: 17700 | AC29: K | AD29: 17700 | AL29: =17700+300 -> 18000 | AO29: K | AP29: K | AQ29: K | AR29: K | AS29: K | AT29: K | AV29: 18000 | AW29: 18000 | AX29: 17887.956 | AY29: 18000 | AZ29: K | BA29: K | BC29: K | BD29: K | BE29: K | BF29: K | BG29: K | BH29: K | BJ29: K | BK29: 18000 | BL29: K | BM29: K | BN29: K | BO29: 18700 | BP29: K | BR29: K | BS29: K | BT29: K | BU29: K | BV29: K | BW29: K | BY29: 18700 | BZ29: K | CA29: 18700 | CB29: K | CC29: 18700 | CD29: K | CF29: 18700 | CG29: K | CH29: K | CI29: 18700 | CJ29: 18700 | CK29: K | CM29: K | CN29: 18700 | CO29: K | CP29: K | CQ29: K | CR29: K | CT29: K | CU29: 19200 | CV29: K | CW29: K | CX29: K | CY29: K | CZ29: K | DA29: 19200 | DB29: K | DC29: K | DD29: K | DE29: 19660.168 | DF29: K | DG29: K | DH29: 19200 | DI29: 19200 | DJ29: 19900 | DK29: K | DL29: 19900 | DM29: K | DN29: 19900 | DO29: 19200 | DP29: K
B30: 18 | C30: 150000053 | D30: A6 | E30: Vảy PET-A6 (rửa lạnh) | F30: 17200 | H30: K | I30: K | J30: K | L30: K | M30: K | N30: K | O30: K | P30: K | Q30: 11293.478 | S30: K | T30: K | U30: K | V30: K | W30: K | X30: K | Z30: K | AA30: K | AB30: K | AC30: K | AD30: K | AL30: =17200+300 -> 17500 | AO30: K | AP30: K | AQ30: K | AR30: K | AS30: K | AT30: K | AV30: K | AW30: K | AX30: K | AY30: K | AZ30: K | BA30: K | BC30: K | BD30: K | BE30: K | BF30: K | BG30: K | BH30: K | BJ30: K | BK30: K | BL30: K | BM30: K | BN30: K | BO30: 18200 | BP30: K | BR30: K | BS30: K | BT30: K | BU30: K | BV30: K | BW30: K | BY30: K | BZ30: K | CA30: K | CB30: K | CC30: K | CD30: K | CF30: K | CG30: K | CH30: K | CI30: K | CJ30: K | CK30: K | CM30: K | CN30: K | CO30: K | CP30: K | CQ30: K | CR30: K | CT30: K | CU30: 18700 | CV30: K | CW30: K | CX30: 19791.678 | CY30: K | CZ30: K | DA30: K | DB30: K | DC30: K | DD30: K | DE30: K | DF30: K | DG30: K | DH30: K | DI30: K | DJ30: K | DK30: K | DL30: K | DM30: 20300 | DN30: 20300 | DO30: K | DP30: K
A31: =#REF!+1 -> #REF! | B31: =ROW()-ROW($B$8) -> 23 | C31: 150000078 | D31: A5.1 | E31: Vảy PET-A5.1.B3 (rửa nóng) | H31: K | I31: K | J31: K | L31: K | M31: K | N31: K | O31: K | P31: K | Q31: K | S31: K | T31: K | U31: K | V31: K | W31: K | X31: K | Z31: K | AA31: K | AD31: K | AO31: K | AP31: K | AQ31: K | AR31: K | AS31: K | AT31: K | AV31: K | AW31: K | AX31: K | AY31: K | AZ31: K | BA31: K | BC31: K | BD31: K | BE31: K | BF31: K | BG31: K | BH31: K | BJ31: K | BK31: K | BL31: K | BM31: K | BN31: K | BP31: K | BR31: K | BS31: K | BU31: K | BV31: K | BW31: K | BY31: K | BZ31: K | CA31: K | CB31: K | CC31: K | CD31: K | CF31: K | CG31: K | CH31: K | CI31: K | CJ31: K | CM31: K | CN31: K | CQ31: K | CV31: K | CZ31: K | DA31: K | DB31: K | DC31: K | DD31: K | DE31: K | DF31: K | DH31: K | DI31: K | DJ31: K | DK31: K | DL31: K | DO31: K | DP31: K
A32: =A31+1 -> #REF! | B32: =ROW()-ROW($B$8) -> 24 | C32: 150000079 | D32: A5.2 | E32: Vảy PET-A5.2.B3 (rửa nóng) | H32: K | I32: K | J32: K | L32: K | M32: K | N32: K | O32: K | P32: K | Q32: K | S32: K | T32: K | U32: K | V32: K | W32: K | X32: K | Z32: K | AA32: K | AD32: K | AO32: K | AP32: K | AQ32: K | AR32: K | AS32: K | AT32: K | AV32: K | AW32: K | AX32: K | AY32: K | AZ32: K | BA32: K | BC32: K | BD32: K | BE32: K | BF32: K | BG32: K | BH32: K | BJ32: K | BK32: K | BL32: K | BM32: K | BN32: K | BP32: K | BR32: K | BS32: K | BU32: K | BV32: K | BW32: K | BY32: K | BZ32: K | CA32: K | CB32: K | CC32: K | CD32: K | CF32: K | CG32: K | CH32: K | CI32: K | CJ32: K | CM32: K | CN32: K | CQ32: K | CV32: K | CZ32: K | DA32: K | DB32: K | DC32: K | DD32: K | DE32: K | DF32: K | DH32: K | DI32: K | DJ32: K | DK32: K | DL32: K | DO32: K | DP32: K
A33: =#REF!+1 -> #REF! | B33: =ROW()-ROW($B$8) -> 25 | C33: 150000018 | D33: A6 | E33: Vảy PET-A6.B3 (rửa lạnh) | H33: K | I33: K | J33: K | L33: K | M33: K | N33: K | O33: K | P33: K | Q33: K | S33: K | T33: K | U33: K | V33: K | W33: K | X33: K | Z33: K | AA33: K | AD33: K | AO33: K | AP33: K | AQ33: K | AR33: K | AS33: K | AT33: K | AV33: K | AW33: K | AX33: K | AY33: K | AZ33: K | BA33: K | BC33: K | BD33: K | BE33: K | BF33: K | BG33: K | BH33: K | BJ33: K | BK33: K | BL33: K | BM33: K | BN33: K | BP33: K | BR33: K | BS33: K | BU33: K | BV33: K | BW33: K | BY33: K | BZ33: K | CA33: K | CB33: K | CC33: K | CD33: K | CF33: K | CG33: K | CH33: K | CI33: K | CJ33: K | CM33: K | CN33: K | CQ33: K | CV33: K | CZ33: K | DA33: K | DB33: K | DC33: K | DD33: K | DE33: K | DF33: K | DH33: K | DI33: K | DJ33: K | DK33: K | DL33: K | DO33: K | DP33: K
B34: 19 | C34: 150000061 | D34: B6 | E34: Vảy PET B6 thử nghiệm | F34: 18250 | H34: K | I34: 18250 | J34: 18250 | L34: 18250 | M34: 18250 | N34: K | O34: 18250 | P34: K | Q34: 18250 | S34: 18250 | T34: 18250 | U34: 18250 | V34: K | W34: 18250 | X34: K | Z34: 18250 | AA34: K | AB34: 18250 | AC34: 18250 | AD34: K | AL34: 18250 | AO34: K | AP34: K | AQ34: K | AR34: K | AS34: K | AT34: K | AV34: K | AW34: K | AX34: K | AY34: K | AZ34: K | BA34: K | BC34: K | BD34: K | BE34: K | BF34: K | BG34: K | BH34: K | BJ34: K | BK34: K | BL34: K | BM34: K | BN34: K | BO34: 18250 | BP34: K | BR34: K | BS34: K | BT34: 18250 | BU34: K | BV34: K | BW34: K | BY34: K | BZ34: K | CA34: K | CB34: K | CC34: K | CD34: K | CF34: 22721 | CG34: K | CH34: K | CI34: K | CJ34: K | CK34: 19000 | CM34: K | CN34: K | CO34: 19000 | CP34: 19000 | CQ34: K | CR34: 19000 | CT34: 19000 | CU34: =13500+6500 -> 20000 | CV34: K | CW34: 19000 | CX34: K | CY34: 20000 | CZ34: K | DA34: K | DB34: K | DC34: K | DD34: K | DE34: K | DF34: K | DG34: 20000 | DH34: K | DI34: K | DJ34: K | DK34: K | DL34: K | DM34: 20000 | DN34: K | DO34: K | DP34: K
B35: 20 | C35: 150000182 | E35: Cổ Chai PET (mua từ Trạm - Mô hình gia công) | F35: 14000 | H35: K | I35: K | J35: K | L35: K | M35: 14000 | N35: K | O35: K | P35: K | Q35: K | S35: K | T35: K | U35: K | V35: K | W35: K | X35: K | Z35: K | AA35: K | AB35: K | AC35: K | AD35: K | AL35: 2800 | AO35: K | AP35: K | AQ35: K | AR35: K | AS35: K | AT35: K | AV35: K | AW35: K | AX35: K | AY35: K | AZ35: K | BA35: K | BC35: K | BD35: K | BE35: K | BF35: K | BG35: K | BH35: K | BJ35: K | BK35: K | BL35: K | BM35: K | BN35: K | BO35: 10000 | BP35: K | BR35: K | BS35: K | BT35: K | BU35: K | BV35: K | BW35: K | BY35: K | BZ35: K | CA35: K | CB35: K | CC35: K | CD35: K | CF35: K | CG35: K | CH35: K | CI35: K | CJ35: K | CK35: K | CM35: K | CN35: K | CO35: K | CP35: K | CQ35: K | CR35: K | CT35: K | CU35: 10000 | CV35: K | CW35: K | CX35: K | CY35: K | CZ35: K | DA35: K | DB35: K | DC35: K | DD35: K | DE35: K | DF35: K | DG35: K | DH35: K | DI35: K | DJ35: K | DK35: K | DL35: K | DM35: K | DN35: K | DO35: K | DP35: K
A36: II. Vảy HDPE | B36: III. HD
A37: 1 | B37: =ROW()-ROW($B$36) -> 1 | C37: 150000008 | D37: HV-01.1 | E37: Vảy HD trong loại 1 | F37: 21500 | H37: K | I37: K | J37: K | L37: K | M37: K | N37: 21500 | O37: K | P37: K | Q37: K | S37: K | T37: K | U37: K | V37: K | W37: K | X37: K | Z37: 21500 | AA37: K | AB37: K | AC37: 21500 | AD37: K | AL37: 21500 | AO37: K | AP37: K | AQ37: K | AR37: K | AS37: K | AT37: K | AV37: K | AW37: K | AX37: K | AY37: 21500 | AZ37: K | BA37: K | BC37: K | BD37: K | BE37: K | BF37: K | BG37: K | BH37: K | BJ37: 21500 | BK37: K | BL37: K | BM37: K | BN37: 21500 | BO37: 21500 | BP37: K | BR37: K | BS37: K | BT37: K | BU37: K | BV37: K | BW37: 21500 | BY37: K | BZ37: K | CA37: K | CB37: K | CC37: K | CD37: 21500 | CF37: K | CG37: K | CH37: K | CI37: K | CJ37: 21500 | CK37: K | CM37: K | CN37: K | CO37: K | CP37: K | CQ37: 21500 | CR37: K | CT37: K | CU37: 21500 | CV37: K | CW37: K | CX37: K | CY37: 21500 | CZ37: K | DA37: K | DB37: K | DC37: K | DD37: K | DE37: K | DF37: K | DG37: 21500 | DH37: K | DI37: K | DJ37: K | DK37: K | DL37: K | DM37: K | DN37: 21500 | DO37: K | DP37: K
B38: =ROW()-ROW($B$36) -> 2 | C38: 150000106 | D38: HV-01.1_TM | E38: Vảy HD thổi trong L1 HV01.1_TM | F38: 21200 | H38: K | I38: K | J38: K | L38: K | M38: K | N38: K | O38: K | P38: K | Q38: K | S38: K | T38: K | U38: K | V38: K | W38: K | X38: K | Z38: K | AA38: K | AB38: K | AC38: K | AD38: K | AL38: 21200 | AO38: K | AP38: K | AQ38: K | AR38: K | AS38: K | AT38: K | AV38: K | AW38: K | AX38: K | AY38: K | AZ38: K | BA38: K | BC38: K | BD38: K | BE38: K | BF38: K | BG38: K | BH38: K | BJ38: K | BK38: K | BL38: K | BM38: K | BN38: K | BO38: 21200 | BP38: K | BR38: K | BS38: K | BT38: K | BU38: K | BV38: K | BW38: K | BY38: K | BZ38: K | CA38: K | CB38: K | CC38: K | CD38: K | CF38: K | CG38: K | CH38: K | CI38: K | CJ38: K | CK38: K | CM38: K | CN38: K | CO38: K | CP38: K | CQ38: K | CR38: K | CT38: K | CU38: 21200 | CV38: K | CW38: K | CX38: K | CY38: K | CZ38: K | DA38: K | DB38: K | DC38: K | DD38: K | DE38: K | DF38: K | DG38: K | DH38: K | DI38: K | DJ38: K | DK38: K | DL38: K | DM38: K | DN38: K | DO38: K | DP38: K
B39: =ROW()-ROW($B$36) -> 3 | C39: 150000036 | D39: HV-01.2 | E39: Vảy HD trong loại 2 | F39: 21000 | H39: K | I39: K | J39: K | L39: K | M39: K | N39: K | O39: K | P39: K | Q39: K | S39: K | T39: K | U39: K | V39: K | W39: K | X39: K | Z39: K | AA39: K | AB39: K | AC39: K | AD39: K | AL39: 21000 | AO39: K | AP39: K | AQ39: K | AR39: K | AS39: K | AT39: K | AV39: K | AW39: K | AX39: K | AY39: K | AZ39: K | BA39: K | BC39: K | BD39: K | BE39: K | BF39: K | BG39: K | BH39: K | BJ39: K | BK39: K | BL39: K | BM39: K | BN39: K | BO39: 21000 | BP39: K | BR39: K | BS39: K | BT39: K | BU39: K | BV39: K | BW39: K | BY39: K | BZ39: K | CA39: K | CB39: K | CC39: K | CD39: K | CF39: K | CG39: K | CH39: K | CI39: K | CJ39: K | CK39: K | CM39: K | CN39: K | CO39: K | CP39: K | CQ39: K | CR39: K | CT39: K | CU39: 21000 | CV39: K | CW39: K | CX39: K | CY39: K | CZ39: K | DA39: K | DB39: K | DC39: K | DD39: K | DE39: K | DF39: K | DG39: K | DH39: K | DI39: K | DJ39: K | DK39: K | DL39: K | DM39: K | DN39: K | DO39: K | DP39: K
B40: =ROW()-ROW($B$36) -> 4 | C40: 150000104 | D40: HV-01.1 | E40: Vảy HD thổi trong L1 HV01.1_KR | H40: K | I40: K | J40: K | L40: K | M40: K | N40: K | O40: K | P40: K | Q40: K | S40: K | T40: K | U40: K | V40: K | W40: K | X40: K | Z40: K | AA40: K | AB40: K | AC40: K | AD40: K | AO40: K | AP40: K | AQ40: K | AR40: K | AS40: K | AT40: K | AV40: K | AW40: K | AX40: K | AY40: K | AZ40: K | BA40: K | BC40: K | BD40: K | BE40: K | BF40: K | BG40: K | BH40: K | BJ40: K | BK40: K | BL40: K | BM40: K | BN40: K | BP40: K | BR40: K | BS40: K | BT40: K | BU40: K | BV40: K | BW40: K | BY40: K | BZ40: K | CA40: K | CB40: K | CC40: K | CD40: K | CF40: K | CG40: K | CH40: K | CI40: K | CJ40: K | CK40: K | CM40: K | CN40: K | CO40: K | CP40: K | CQ40: K | CR40: K | CT40: K | CV40: K | CW40: K | CX40: K | CY40: K | CZ40: K | DA40: K | DB40: K | DC40: K | DD40: K | DE40: K | DF40: K | DG40: K | DH40: K | DI40: K | DJ40: K | DK40: K | DL40: K | DM40: K | DN40: K | DO40: K | DP40: K
B41: =ROW()-ROW($B$36) -> 5 | C41: 150000105 | D41: HV-01.1 | E41: Vảy HD thổi trong L1 HV01.1_RL | H41: K | I41: K | J41: K | L41: K | M41: K | N41: K | O41: K | P41: K | Q41: K | S41: K | T41: K | U41: K | V41: K | W41: K | X41: K | Z41: K | AA41: K | AB41: K | AC41: K | AD41: K | AO41: K | AP41: K | AQ41: K | AR41: K | AS41: K | AT41: K | AV41: K | AW41: K | AX41: K | AY41: K | AZ41: K | BA41: K | BC41: K | BD41: K | BE41: K | BF41: K | BG41: K | BH41: K | BJ41: K | BK41: K | BL41: K | BM41: K | BN41: K | BP41: K | BR41: K | BS41: K | BT41: K | BU41: K | BV41: K | BW41: K | BY41: K | BZ41: K | CA41: K | CB41: K | CC41: K | CD41: K | CF41: K | CG41: K | CH41: K | CI41: K | CJ41: K | CK41: K | CM41: K | CN41: K | CO41: K | CP41: K | CQ41: K | CR41: K | CT41: K | CV41: K | CW41: K | CX41: K | CY41: K | CZ41: K | DA41: K | DB41: K | DC41: K | DD41: K | DE41: K | DF41: K | DG41: K | DH41: K | DI41: K | DJ41: K | DK41: K | DL41: K | DM41: K | DN41: K | DO41: K | DP41: K
B42: 4 | C42: 150000047 | D42: HV-01.3 | E42: Vảy HD trong loại 3 | F42: 22000 | H42: K | I42: K | J42: K | L42: K | M42: K | N42: K | O42: K | P42: K | Q42: K | S42: K | T42: K | U42: K | V42: K | W42: K | X42: K | Z42: K | AA42: K | AB42: K | AC42: K | AD42: K | AL42: 22000 | AO42: K | AP42: K | AQ42: K | AR42: K | AS42: K | AT42: K | AV42: K | AW42: K | AX42: K | AY42: K | AZ42: K | BA42: K | BC42: K | BD42: K | BE42: K | BF42: K | BG42: K | BH42: K | BJ42: K | BK42: K | BL42: K | BM42: K | BN42: K | BO42: 22000 | BP42: K | BR42: K | BS42: K | BT42: K | BU42: K | BV42: K | BW42: K | BY42: K | BZ42: K | CA42: K | CB42: K | CC42: K | CD42: K | CF42: K | CG42: K | CH42: K | CI42: K | CJ42: K | CK42: K | CM42: K | CN42: K | CO42: K | CP42: K | CQ42: K | CR42: K | CT42: K | CU42: 22000 | CV42: K | CW42: K | CX42: K | CY42: K | CZ42: K | DA42: K | DB42: K | DC42: K | DD42: K | DE42: K | DF42: K | DG42: K | DH42: K | DI42: K | DJ42: K | DK42: K | DL42: K | DM42: K | DN42: K | DO42: K | DP42: K
B43: 20 | C43: 150000037 | D43: HV-02.1 | E43: Vảy HD trắng sữa loại 1 | F43: 19500 | H43: K | I43: K | J43: K | L43: K | M43: K | N43: K | O43: K | P43: K | Q43: K | S43: K | T43: K | U43: K | V43: K | W43: K | X43: K | Z43: K | AA43: K | AB43: K | AC43: K | AD43: K | AO43: K | AP43: K | AQ43: K | AR43: K | AS43: K | AT43: K | AV43: K | AW43: K | AX43: K | AY43: K | AZ43: K | BA43: K | BC43: K | BD43: K | BE43: K | BF43: K | BG43: K | BH43: K | BJ43: K | BK43: K | BL43: K | BM43: K | BO43: 19500 | BP43: K | BR43: K | BS43: K | BT43: K | BU43: K | BV43: K | BW43: K | BY43: K | BZ43: K | CA43: K | CB43: K | CC43: K | CD43: K | CF43: K | CG43: K | CH43: K | CI43: K | CJ43: K | CK43: K | CM43: K | CN43: K | CO43: K | CP43: K | CQ43: K | CR43: K | CT43: K | CU43: 19500 | CV43: K | CW43: K | CX43: K | CY43: K | CZ43: K | DB43: K | DC43: K | DD43: K | DE43: K | DF43: K | DG43: K | DK43: K | DL43: K | DM43: K | DN43: K | DP43: K
B44: 21 | C44: 150000048 | D44: HV-02.2 | E44: Vảy HD trắng sữa loại 2 | F44: 18000 | H44: K | I44: K | J44: K | L44: K | M44: K | N44: K | O44: K | P44: K | Q44: K | S44: K | T44: K | U44: K | V44: K | W44: K | X44: K | Z44: K | AA44: K | AB44: K | AC44: K | AD44: K | AO44: K | AP44: K | AQ44: K | AR44: K | AS44: K | AT44: K | AV44: K | AW44: K | AX44: K | AY44: K | AZ44: K | BA44: K | BC44: K | BD44: K | BE44: K | BF44: K | BG44: K | BH44: K | BJ44: K | BK44: K | BL44: K | BM44: K | BO44: 18000 | BP44: K | BR44: K | BS44: K | BT44: K | BU44: K | BV44: K | BW44: K | BY44: K | BZ44: K | CA44: K | CB44: K | CC44: K | CD44: K | CF44: K | CG44: K | CH44: K | CI44: K | CJ44: K | CK44: K | CM44: K | CN44: K | CO44: K | CP44: K | CQ44: K | CR44: K | CT44: K | CU44: 18000 | CV44: K | CW44: K | CX44: K | CY44: K | CZ44: K | DB44: K | DC44: K | DD44: K | DE44: K | DF44: K | DG44: K | DK44: K | DL44: K | DM44: K | DN44: K | DP44: K
B45: 5 | C45: 150000012 | D45: HV-03.1 | E45: Vảy HD Thổi Vàng | F45: 19000 | H45: K | I45: K | J45: K | L45: K | M45: K | N45: K | O45: K | P45: K | Q45: K | S45: K | T45: K | U45: K | V45: K | W45: K | X45: K | Z45: K | AA45: K | AB45: K | AC45: 19000 | AD45: K | AL45: 19000 | AO45: K | AP45: K | AQ45: K | AR45: K | AS45: K | AT45: K | AV45: K | AW45: K | AX45: K | AY45: K | AZ45: K | BA45: K | BC45: K | BD45: K | BE45: K | BF45: K | BG45: K | BH45: K | BJ45: K | BK45: K | BL45: K | BM45: K | BN45: 19475 | BO45: 19000 | BP45: K | BR45: K | BS45: K | BT45: K | BU45: K | BV45: K | BW45: K | BY45: K | BZ45: K | CA45: K | CB45: K | CC45: K | CD45: K | CF45: K | CG45: K | CH45: K | CI45: K | CJ45: K | CK45: K | CM45: K | CN45: K | CO45: K | CP45: K | CQ45: K | CR45: K | CT45: K | CU45: 19500 | CV45: K | CW45: K | CX45: K | CY45: K | CZ45: K | DA45: 19500 | DB45: K | DC45: K | DD45: K | DE45: K | DF45: K | DG45: K | DH45: 19500 | DI45: 19500 | DJ45: 19500 | DK45: K | DL45: K | DM45: K | DN45: K | DO45: 19500 | DP45: K
B46: 6 | C46: 150000179 | D46: HV-03.1_TM | E46: Vảy HD Thổi Vàng HV-03.1_TM | F46: 19000 | H46: K | I46: K | J46: K | K46: K | L46: K | M46: K | N46: K | O46: K | P46: K | Q46: K | R46: K | S46: K | T46: K | U46: K | V46: K | W46: K | X46: K | Y46: K | Z46: K | AA46: K | AB46: K | AC46: K | AD46: K | AL46: 19000 | AO46: K | AP46: K | AQ46: K | AR46: K | AS46: K | AT46: K | AV46: K | AW46: K | AX46: K | AY46: K | AZ46: K | BA46: K | BC46: K | BD46: K | BE46: K | BF46: K | BG46: K | BH46: K | BJ46: K | BK46: K | BL46: K | BM46: K | BN46: K | BO46: 19000 | BP46: K | BR46: K | BS46: K | BT46: K | BU46: K | BV46: K | BW46: K | BY46: K | BZ46: K | CA46: K | CB46: K | CC46: K | CD46: K | CF46: K | CG46: K | CH46: K | CI46: K | CJ46: K | CK46: K | CM46: K | CN46: K | CO46: K | CP46: K | CQ46: K | CR46: K | CT46: K | CU46: 19500 | CV46: K | CW46: K | CX46: K | CY46: K | CZ46: K | DA46: K | DB46: K | DC46: K | DD46: K | DE46: K | DF46: K | DG46: K | DH46: K | DI46: K | DJ46: K | DK46: K | DL46: K | DM46: K | DN46: K | DO46: K | DP46: K
B47: 7 | C47: 150000038 | D47: HV-03.2 | E47: Vảy HD Thổi Vàng Nhạt | F47: 18000 | H47: K | I47: K | J47: K | L47: K | M47: K | N47: K | O47: K | P47: K | Q47: K | S47: K | T47: K | U47: K | V47: K | W47: K | X47: K | Z47: K | AA47: K | AB47: K | AC47: K | AD47: K | AL47: 18200 | AO47: K | AP47: K | AQ47: K | AR47: K | AS47: K | AT47: K | AV47: K | AW47: K | AX47: K | AY47: K | AZ47: K | BA47: K | BC47: K | BD47: K | BE47: K | BF47: K | BG47: K | BH47: K | BJ47: K | BK47: K | BL47: K | BM47: K | BN47: K | BO47: 18000 | BP47: K | BR47: K | BS47: K | BT47: K | BU47: K | BV47: K | BW47: K | BY47: K | BZ47: K | CA47: K | CB47: K | CC47: K | CD47: K | CF47: K | CG47: K | CH47: K | CI47: K | CJ47: K | CK47: K | CM47: K | CN47: K | CO47: K | CP47: K | CQ47: K | CR47: K | CT47: K | CU47: 18500 | CV47: K | CW47: K | CX47: K | CY47: K | CZ47: K | DA47: K | DB47: K | DC47: K | DD47: K | DE47: K | DF47: K | DG47: K | DH47: K | DI47: K | DJ47: K | DK47: K | DL47: K | DM47: K | DN47: K | DO47: K | DP47: K
B48: =ROW()-ROW($B$36) -> 12 | C48: 150000039 | D48: HV-04.1 | E48: Vảy màu lá sáng | H48: K | I48: K | J48: K | L48: K | M48: K | N48: K | O48: K | P48: K | Q48: K | S48: K | T48: K | U48: K | V48: K | W48: K | X48: K | Z48: K | AA48: K | AB48: K | AC48: K | AD48: K | AO48: K | AP48: K | AT48: K | AV48: K | AX48: K | AY48: K | AZ48: K | BA48: K | BC48: K | BG48: K | BH48: K | BJ48: K | BK48: K | BM48: K | BN48: K | BP48: K | BR48: K | BS48: K | BT48: K | BU48: K | BV48: K | BW48: K | BY48: K | BZ48: K | CA48: K | CB48: K | CC48: K | CD48: K | CF48: K | CG48: K | CH48: K | CI48: K | CJ48: K | CK48: K | CM48: K | CN48: K | CP48: K | CQ48: K | CR48: K | CT48: K | CV48: K | CW48: K | CX48: K | CY48: K | CZ48: K | DA48: K | DB48: K | DC48: K | DD48: K | DE48: K | DF48: K | DG48: K | DH48: K | DI48: K | DJ48: K | DK48: K | DL48: K | DM48: K | DN48: K | DO48: K | DP48: K
B49: =ROW()-ROW($B$36) -> 13 | C49: 150000009 | D49: HV-04.2 | E49: Vảy màu lá đậm | H49: K | I49: K | J49: K | L49: K | M49: K | N49: K | O49: K | P49: K | Q49: K | S49: K | T49: K | U49: K | V49: K | W49: K | X49: K | Z49: K | AA49: K | AB49: K | AC49: K | AD49: K | AO49: K | AP49: K | AT49: K | AV49: K | AX49: K | AY49: K | AZ49: K | BA49: K | BC49: K | BG49: K | BH49: K | BJ49: K | BK49: K | BM49: K | BN49: K | BP49: K | BR49: K | BS49: K | BT49: K | BU49: K | BV49: K | BW49: K | BY49: K | BZ49: K | CA49: K | CB49: K | CC49: K | CD49: K | CF49: K | CG49: K | CH49: K | CI49: K | CJ49: K | CK49: K | CM49: K | CN49: K | CP49: K | CQ49: K | CR49: K | CT49: K | CV49: K | CW49: K | CX49: K | CY49: K | CZ49: K | DA49: K | DB49: K | DC49: K | DD49: K | DE49: K | DF49: K | DG49: K | DH49: K | DI49: K | DJ49: K | DK49: K | DL49: K | DM49: K | DN49: K | DO49: K | DP49: K
B50: =ROW()-ROW($B$36) -> 14 | C50: 150000011 | D50: HV-07.1 | E50: Vảy màu dương đậm | H50: K | I50: K | J50: K | L50: K | M50: K | N50: K | O50: K | P50: K | Q50: K | S50: K | T50: K | U50: K | V50: K | W50: K | X50: K | Z50: K | AA50: K | AB50: K | AC50: K | AD50: K | AO50: K | AP50: K | AT50: K | AV50: K | AX50: K | AY50: K | AZ50: K | BA50: K | BC50: K | BG50: K | BH50: K | BJ50: K | BK50: K | BM50: K | BN50: K | BP50: K | BR50: K | BS50: K | BT50: K | BU50: K | BV50: K | BW50: K | BY50: K | BZ50: K | CA50: K | CB50: K | CC50: K | CD50: K | CF50: K | CG50: K | CH50: K | CI50: K | CJ50: K | CK50: K | CM50: K | CN50: K | CP50: K | CQ50: K | CR50: K | CT50: K | CV50: K | CW50: K | CX50: K | CY50: K | CZ50: K | DA50: K | DB50: K | DC50: K | DD50: K | DE50: K | DF50: K | DG50: K | DH50: K | DI50: K | DJ50: K | DK50: K | DL50: K | DM50: K | DN50: K | DO50: K | DP50: K
B51: =ROW()-ROW($B$36) -> 15 | C51: 150000041 | D51: HV-07.2 | E51: Vảy màu dương nhạt | H51: K | I51: K | J51: K | L51: K | M51: K | N51: K | O51: K | P51: K | Q51: K | S51: K | T51: K | U51: K | V51: K | W51: K | X51: K | Z51: K | AA51: K | AB51: K | AC51: K | AD51: K | AO51: K | AP51: K | AT51: K | AV51: K | AX51: K | AY51: K | AZ51: K | BA51: K | BC51: K | BG51: K | BH51: K | BJ51: K | BK51: K | BM51: K | BN51: K | BP51: K | BR51: K | BS51: K | BT51: K | BU51: K | BV51: K | BW51: K | BY51: K | BZ51: K | CA51: K | CB51: K | CC51: K | CD51: K | CF51: K | CG51: K | CH51: K | CI51: K | CJ51: K | CK51: K | CM51: K | CN51: K | CP51: K | CQ51: K | CR51: K | CT51: K | CV51: K | CW51: K | CX51: K | CY51: K | CZ51: K | DA51: K | DB51: K | DC51: K | DD51: K | DE51: K | DF51: K | DG51: K | DH51: K | DI51: K | DJ51: K | DK51: K | DL51: K | DM51: K | DN51: K | DO51: K | DP51: K
B52: =ROW()-ROW($B$36) -> 16 | C52: 150000013 | D52: HV-05 | E52: Vảy màu đỏ tươi | H52: K | I52: K | J52: K | L52: K | M52: K | N52: K | O52: K | P52: K | Q52: K | S52: K | T52: K | U52: K | V52: K | W52: K | X52: K | Z52: K | AA52: K | AB52: K | AC52: K | AD52: K | AO52: K | AP52: K | AT52: K | AV52: K | AX52: K | AY52: K | AZ52: K | BA52: K | BC52: K | BG52: K | BH52: K | BJ52: K | BK52: K | BM52: K | BN52: K | BP52: K | BR52: K | BS52: K | BT52: K | BU52: K | BV52: K | BW52: K | BY52: K | BZ52: K | CA52: K | CB52: K | CC52: K | CD52: K | CF52: K | CG52: K | CH52: K | CI52: K | CJ52: K | CK52: K | CM52: K | CN52: K | CP52: K | CQ52: K | CR52: K | CT52: K | CV52: K | CW52: K | CX52: K | CY52: K | CZ52: K | DA52: K | DB52: K | DC52: K | DD52: K | DE52: K | DF52: K | DG52: K | DH52: K | DI52: K | DJ52: K | DK52: K | DL52: K | DM52: K | DN52: K | DO52: K | DP52: K
B53: =ROW()-ROW($B$36) -> 17 | C53: 150000021 | E53: Bình HD-01 Trong | H53: K | I53: K | J53: K | L53: K | M53: K | N53: K | O53: K | P53: K | Q53: K | S53: K | T53: K | U53: K | V53: K | W53: K | X53: K | Z53: K | AA53: K | AB53: K | AC53: K | AD53: K | AO53: K | AP53: K | AT53: K | AV53: K | AX53: K | AY53: K | AZ53: K | BA53: K | BC53: K | BG53: K | BH53: K | BJ53: K | BK53: K | BM53: K | BN53: K | BP53: K | BR53: K | BS53: K | BT53: K | BU53: K | BV53: K | BW53: K | BY53: K | BZ53: K | CA53: K | CB53: K | CC53: K | CD53: K | CF53: K | CG53: K | CH53: K | CI53: K | CJ53: K | CK53: K | CM53: K | CN53: K | CP53: K | CQ53: K | CR53: K | CT53: K | CV53: K | CW53: K | CX53: K | CY53: K | CZ53: K | DA53: K | DB53: K | DC53: K | DD53: K | DE53: K | DF53: K | DG53: K | DH53: K | DI53: K | DJ53: K | DK53: K | DL53: K | DM53: K | DN53: K | DO53: K | DP53: K
B54: =ROW()-ROW($B$36) -> 18 | C54: 150000022 | E54: Bình HD-02 Trắng | H54: K | I54: K | J54: K | L54: K | M54: K | N54: K | O54: K | P54: K | Q54: K | S54: K | T54: K | U54: K | V54: K | W54: K | X54: K | Z54: K | AA54: K | AB54: K | AC54: K | AD54: K | AO54: K | AP54: K | AT54: K | AV54: K | AX54: K | AY54: K | AZ54: K | BA54: K | BC54: K | BG54: K | BH54: K | BJ54: K | BK54: K | BM54: K | BN54: K | BP54: K | BR54: K | BS54: K | BT54: K | BU54: K | BV54: K | BW54: K | BY54: K | BZ54: K | CA54: K | CB54: K | CC54: K | CD54: K | CF54: K | CG54: K | CH54: K | CI54: K | CJ54: K | CK54: K | CM54: K | CN54: K | CP54: K | CQ54: K | CR54: K | CT54: K | CV54: K | CW54: K | CX54: K | CY54: K | CZ54: K | DA54: K | DB54: K | DC54: K | DD54: K | DE54: K | DF54: K | DG54: K | DH54: K | DI54: K | DJ54: K | DK54: K | DL54: K | DM54: K | DN54: K | DO54: K | DP54: K
B55: =ROW()-ROW($B$36) -> 19 | C55: 150000023 | E55: Bình HD-03.1 Vàng chanh | H55: K | I55: K | J55: K | L55: K | M55: K | N55: K | O55: K | P55: K | Q55: K | S55: K | T55: K | U55: K | V55: K | W55: K | X55: K | Z55: K | AA55: K | AB55: K | AC55: K | AD55: K | AO55: K | AP55: K | AT55: K | AV55: K | AX55: K | AY55: K | AZ55: K | BA55: K | BC55: K | BG55: K | BH55: K | BJ55: K | BK55: K | BM55: K | BN55: K | BP55: K | BR55: K | BS55: K | BT55: K | BU55: K | BV55: K | BW55: K | BY55: K | BZ55: K | CA55: K | CB55: K | CC55: K | CD55: K | CF55: K | CG55: K | CH55: K | CI55: K | CJ55: K | CK55: K | CM55: K | CN55: K | CP55: K | CQ55: K | CR55: K | CT55: K | CV55: K | CW55: K | CX55: K | CY55: K | CZ55: K | DA55: K | DB55: K | DC55: K | DD55: K | DE55: K | DF55: K | DG55: K | DH55: K | DI55: K | DJ55: K | DK55: K | DL55: K | DM55: K | DN55: K | DO55: K | DP55: K
B56: =ROW()-ROW($B$36) -> 20 | C56: 150000025 | E56: Bình HD-04.1 Lá sáng | H56: K | I56: K | J56: K | L56: K | M56: K | N56: K | O56: K | P56: K | Q56: K | S56: K | T56: K | U56: K | V56: K | W56: K | X56: K | Z56: K | AA56: K | AB56: K | AC56: K | AD56: K | AO56: K | AP56: K | AT56: K | AV56: K | AX56: K | AY56: K | AZ56: K | BA56: K | BC56: K | BG56: K | BH56: K | BJ56: K | BK56: K | BM56: K | BN56: K | BP56: K | BR56: K | BS56: K | BT56: K | BU56: K | BV56: K | BW56: K | BY56: K | BZ56: K | CA56: K | CB56: K | CC56: K | CD56: K | CF56: K | CG56: K | CH56: K | CI56: K | CJ56: K | CK56: K | CM56: K | CN56: K | CP56: K | CQ56: K | CR56: K | CT56: K | CV56: K | CW56: K | CX56: K | CY56: K | CZ56: K | DA56: K | DB56: K | DC56: K | DD56: K | DE56: K | DF56: K | DG56: K | DH56: K | DI56: K | DJ56: K | DK56: K | DL56: K | DM56: K | DN56: K | DO56: K | DP56: K
B57: =ROW()-ROW($B$36) -> 21 | C57: 150000032 | E57: Bình HD-08_Cam | H57: K | I57: K | J57: K | L57: K | M57: K | N57: K | O57: K | P57: K | Q57: K | S57: K | T57: K | U57: K | V57: K | W57: K | X57: K | Z57: K | AA57: K | AB57: K | AC57: K | AD57: K | AO57: K | AP57: K | AT57: K | AV57: K | AX57: K | AY57: K | AZ57: K | BA57: K | BC57: K | BG57: K | BH57: K | BJ57: K | BK57: K | BM57: K | BN57: K | BP57: K | BR57: K | BS57: K | BT57: K | BU57: K | BV57: K | BW57: K | BY57: K | BZ57: K | CA57: K | CB57: K | CC57: K | CD57: K | CF57: K | CG57: K | CH57: K | CI57: K | CJ57: K | CK57: K | CM57: K | CN57: K | CP57: K | CQ57: K | CR57: K | CT57: K | CV57: K | CW57: K | CX57: K | CY57: K | CZ57: K | DA57: K | DB57: K | DC57: K | DD57: K | DE57: K | DF57: K | DG57: K | DH57: K | DI57: K | DJ57: K | DK57: K | DL57: K | DM57: K | DN57: K | DO57: K | DP57: K
B58: =ROW()-ROW($B$36) -> 22 | C58: 150000027 | E58: Bình HD-05_ Đỏ | H58: K | I58: K | J58: K | L58: K | M58: K | N58: K | O58: K | P58: K | Q58: K | S58: K | T58: K | U58: K | V58: K | W58: K | X58: K | Z58: K | AA58: K | AB58: K | AC58: K | AD58: K | AO58: K | AP58: K | AT58: K | AV58: K | AX58: K | AY58: K | AZ58: K | BA58: K | BC58: K | BG58: K | BH58: K | BJ58: K | BK58: K | BM58: K | BN58: K | BP58: K | BR58: K | BS58: K | BT58: K | BU58: K | BV58: K | BW58: K | BY58: K | BZ58: K | CA58: K | CB58: K | CC58: K | CD58: K | CF58: K | CG58: K | CH58: K | CI58: K | CJ58: K | CK58: K | CM58: K | CN58: K | CP58: K | CQ58: K | CR58: K | CT58: K | CV58: K | CW58: K | CX58: K | CY58: K | CZ58: K | DA58: K | DB58: K | DC58: K | DD58: K | DE58: K | DF58: K | DG58: K | DH58: K | DI58: K | DJ58: K | DK58: K | DL58: K | DM58: K | DN58: K | DO58: K | DP58: K
B59: =ROW()-ROW($B$36) -> 23 | C59: 150000034 | E59: Bình HD-10_Hồng | H59: K | I59: K | J59: K | L59: K | M59: K | N59: K | O59: K | P59: K | Q59: K | S59: K | T59: K | U59: K | V59: K | W59: K | X59: K | Z59: K | AA59: K | AB59: K | AC59: K | AD59: K | AO59: K | AP59: K | AT59: K | AV59: K | AX59: K | AY59: K | AZ59: K | BA59: K | BC59: K | BG59: K | BH59: K | BJ59: K | BK59: K | BM59: K | BN59: K | BP59: K | BR59: K | BS59: K | BT59: K | BU59: K | BV59: K | BW59: K | BY59: K | BZ59: K | CA59: K | CB59: K | CC59: K | CD59: K | CF59: K | CG59: K | CH59: K | CI59: K | CJ59: K | CK59: K | CM59: K | CN59: K | CP59: K | CQ59: K | CR59: K | CT59: K | CV59: K | CW59: K | CX59: K | CY59: K | CZ59: K | DA59: K | DB59: K | DC59: K | DD59: K | DE59: K | DF59: K | DG59: K | DH59: K | DI59: K | DJ59: K | DK59: K | DL59: K | DM59: K | DN59: K | DO59: K | DP59: K
B60: =ROW()-ROW($B$36) -> 24 | C60: 150000031 | E60: Bình HD-07.3_Xanh ngọc | H60: K | I60: K | J60: K | L60: K | M60: K | N60: K | O60: K | P60: K | Q60: K | S60: K | T60: K | U60: K | V60: K | W60: K | X60: K | Z60: K | AA60: K | AB60: K | AC60: K | AD60: K | AO60: K | AP60: K | AT60: K | AV60: K | AX60: K | AY60: K | AZ60: K | BA60: K | BC60: K | BG60: K | BH60: K | BJ60: K | BK60: K | BM60: K | BN60: K | BP60: K | BR60: K | BS60: K | BT60: K | BU60: K | BV60: K | BW60: K | BY60: K | BZ60: K | CA60: K | CB60: K | CC60: K | CD60: K | CF60: K | CG60: K | CH60: K | CI60: K | CJ60: K | CK60: K | CM60: K | CN60: K | CP60: K | CQ60: K | CR60: K | CT60: K | CV60: K | CW60: K | CX60: K | CY60: K | CZ60: K | DA60: K | DB60: K | DC60: K | DD60: K | DE60: K | DF60: K | DG60: K | DH60: K | DI60: K | DJ60: K | DK60: K | DL60: K | DM60: K | DN60: K | DO60: K | DP60: K
B61: 24 | C61: 150000115 | E61: Bình HD Thổi Trong HD-01.1 (Đại Lộc) | F61: 24000 | H61: K | I61: K | J61: K | L61: K | M61: K | N61: K | O61: K | P61: K | Q61: K | S61: K | T61: K | U61: K | V61: K | W61: K | X61: K | Z61: K | AA61: K | AB61: K | AC61: K | AD61: K | AL61: 24000 | AO61: K | AP61: K | AT61: K | AV61: K | AX61: K | AY61: K | AZ61: K | BA61: K | BC61: K | BG61: K | BH61: K | BJ61: 24000 | BK61: K | BL61: 24000 | BM61: K | BN61: K | BO61: 24000 | BP61: K | BR61: K | BS61: K | BT61: K | BU61: K | BV61: K | BW61: K | BY61: K | BZ61: K | CA61: K | CB61: K | CC61: K | CD61: K | CF61: K | CG61: K | CH61: K | CI61: K | CJ61: K | CK61: K | CM61: K | CN61: K | CO61: 24000 | CP61: K | CQ61: K | CR61: K | CT61: K | CU61: 24000 | CV61: K | CW61: K | CX61: K | CY61: K | CZ61: K | DA61: K | DB61: K | DC61: K | DD61: K | DE61: K | DF61: K | DG61: K | DH61: K | DI61: K | DJ61: K | DK61: K | DL61: K | DM61: K | DN61: K | DO61: K | DP61: K
B62: 24 | C62: 150000115 | E62: Bình HD Thổi Trong HD-01.1 | F62: 16000 | H62: K | I62: K | J62: K | K62: K | L62: K | M62: K | N62: K | O62: K | P62: K | Q62: K | R62: K | S62: K | T62: K | U62: K | V62: K | W62: K | X62: K | Y62: K | Z62: K | AA62: K | AB62: K | AC62: K | AD62: K | AL62: 16000 | AO62: K | AP62: K | AT62: K | AV62: K | AX62: K | AY62: K | AZ62: K | BA62: K | BC62: K | BG62: K | BH62: K | BJ62: 24000 | BM62: K | BN62: K | BP62: K | BR62: K | BV62: K | BY62: K | CD62: K | CF62: K | CG62: K | CH62: K | CI62: K | CJ62: K | CK62: K | CM62: K | CN62: K | CP62: K | CQ62: K | CT62: K | CZ62: K | DA62: K | DD62: K | DE62: K | DF62: K | DG62: K | DH62: K | DI62: K | DM62: K | DN62: K | DO62: K | DP62: K
B63: 8 | C63: 150000116 | D63: HD-01.2 | E63: Bình HD Thổi Trong HD-01.2 | F63: 18200 | H63: 17280 | I63: 17280 | J63: K | L63: 17280 | M63: 17280 | N63: 17280 | O63: 17280 | P63: 17280 | Q63: K | S63: K | T63: 17280 | U63: 17280 | V63: 17280 | W63: K | X63: K | Z63: K | AA63: 17223.184 | AB63: K | AC63: K | AD63: K | AL63: 18200 | AO63: K | AP63: K | AQ63: 16380 | AR63: 16380 | AS63: 16380 | AT63: K | AV63: K | AW63: 16380 | AX63: K | AY63: K | AZ63: K | BA63: K | BC63: K | BD63: 16380 | BE63: 16380 | BF63: 16380 | BG63: K | BH63: K | BJ63: 16380 | BK63: 16380 | BL63: 16380 | BM63: K | BN63: K | BO63: 18200 | BP63: K | BR63: 16650 | BS63: 16650 | BT63: 16650 | BU63: 16650 | BV63: K | BW63: 16650 | BY63: K | BZ63: 16650 | CA63: 16650 | CB63: 16650 | CC63: 16650 | CD63: K | CF63: K | CG63: K | CH63: K | CI63: K | CJ63: K | CK63: K | CM63: K | CN63: K | CO63: K | CP63: K | CQ63: K | CR63: 16650 | CT63: K | CU63: 18200 | CV63: 16650 | CW63: 16650 | CX63: 16650 | CY63: 16650 | CZ63: K | DA63: K | DB63: 16650 | DC63: 16650 | DD63: K | DE63: K | DF63: K | DG63: K | DH63: K | DI63: K | DJ63: 16650 | DK63: 16650 | DL63: 16650 | DM63: K | DN63: K | DO63: K | DP63: K
B64: 9 | C64: 150000119 | D64: HD-03.1 | E64: Bình HD Thổi Vàng Nhạt HD-03.1 | F64: 16200 | H64: K | I64: K | J64: K | L64: K | M64: K | N64: K | O64: K | P64: 16200 | Q64: K | S64: K | T64: K | U64: K | V64: K | W64: K | X64: K | Z64: K | AA64: 16200 | AB64: K | AC64: K | AD64: K | AL64: 16200 | AO64: K | AP64: K | AQ64: K | AR64: K | AS64: K | AT64: K | AV64: K | AW64: 16200 | AX64: 16200 | AY64: 16200 | AZ64: K | BA64: K | BC64: K | BD64: K | BE64: K | BF64: K | BG64: K | BH64: K | BJ64: K | BK64: K | BL64: 16200 | BM64: K | BN64: K | BO64: 16200 | BP64: K | BR64: K | BS64: 16200 | BT64: K | BU64: K | BV64: K | BW64: K | BY64: K | BZ64: K | CA64: K | CB64: K | CC64: K | CD64: K | CF64: K | CG64: 16200 | CH64: 16200 | CI64: K | CJ64: K | CK64: K | CM64: K | CN64: K | CO64: K | CP64: K | CQ64: K | CR64: 16200 | CT64: K | CU64: 16200 | CV64: K | CW64: K | CX64: K | CY64: K | CZ64: K | DA64: K | DB64: K | DC64: 16650 | DD64: K | DE64: K | DF64: K | DG64: K | DH64: K | DI64: K | DJ64: K | DK64: K | DL64: K | DM64: K | DN64: K | DO64: K | DP64: K
B65: 10 | C65: 150000072 | E65: Nắp HD Ép Các Màu HDE-06 (mua từ trạm - Mô hình gia công) | F65: 14300 | H65: 13000 | I65: K | J65: K | L65: K | M65: 14300 | N65: 14300 | O65: K | P65: K | Q65: 14300 | S65: K | T65: K | U65: K | V65: K | W65: K | X65: K | Z65: K | AA65: K | AB65: K | AC65: K | AD65: K | AL65: 1500 | AO65: K | AP65: K | AQ65: K | AR65: 1500 | AS65: K | AT65: K | AV65: K | AW65: 1500 | AX65: K | AY65: K | AZ65: K | BA65: K | BC65: K | BD65: K | BE65: K | BF65: K | BG65: K | BH65: K | BJ65: K | BK65: 1500 | BL65: K | BM65: K | BN65: K | BO65: =(1500+10000)/2 -> 5750 | BP65: K | BR65: K | BS65: K | BT65: K | BU65: K | BV65: 1500 | BW65: K | BY65: K | BZ65: K | CA65: 1500 | CB65: K | CC65: K | CD65: K | CF65: K | CG65: K | CH65: K | CI65: K | CJ65: 10000 | CK65: K | CM65: 10000 | CN65: 10000 | CO65: K | CP65: K | CQ65: K | CR65: 8397.9441 | CT65: K | CU65: 10000 | CV65: K | CW65: K | CX65: 10000 | CY65: K | CZ65: 10000 | DA65: K | DB65: K | DC65: 10000 | DD65: 10000 | DE65: K | DF65: K | DG65: K | DH65: K | DI65: K | DJ65: K | DK65: K | DL65: K | DM65: K | DN65: 10000 | DO65: K | DP65: K
B66: =ROW()-ROW($B$36) -> 30 | C66: 150000074 | E66: Vảy HD ép dương loại 1 | F66: 17500 | H66: K | I66: K | J66: K | L66: K | M66: K | N66: K | O66: K | P66: K | Q66: K | S66: K | T66: K | U66: K | V66: K | W66: K | X66: K | Z66: K | AA66: K | AB66: K | AC66: K | AD66: K | AO66: K | AP66: K | AQ66: K | AS66: K | AT66: K | AV66: K | AX66: K | AY66: K | AZ66: K | BA66: K | BC66: K | BD66: K | BE66: K | BF66: K | BG66: K | BH66: K | BJ66: K | BL66: K | BM66: K | BN66: K | BO66: 17500 | BP66: K | BR66: K | BS66: K | BT66: K | BU66: K | BY66: K | BZ66: K | CB66: K | CC66: K | CD66: K | CF66: K | CH66: K | CI66: K | CK66: K | CO66: K | CP66: K | CQ66: K | CT66: K | CU66: 17500 | CV66: K | CW66: K | CY66: K | DA66: K | DB66: K | DE66: K | DF66: K | DG66: K | DH66: K | DI66: K | DJ66: K | DK66: K | DM66: K | DO66: K | DP66: K
