Workbook
Name Chai_B0: 'General Data'!$B$3

Sheet General Data
A1: ĐƠN GIÁ CHAI | C1: Tỷ lệ Hao Hụt | D1: Hệ số quy đổi
A3: Chai B0 | B3: 11300 | C3: 0.1
A4: Chai-Trung bình | B4: =_xlfn.XLOOKUP($A4,Chai!$B$3:$G$3,Chai!$B$8:$G$8) -> 15430 | D4: =B4/$B$7 -> 1.1402737
A5: Chai B1 | B5: =_xlfn.XLOOKUP($A5,Chai!$B$3:$G$3,Chai!$B$8:$G$8) -> 16584.134 | D5: =B5/$B$7 -> 1.2255639
A6: Chai B2 | B6: =_xlfn.XLOOKUP($A6,Chai!$B$3:$G$3,Chai!$B$8:$G$8) -> 15057.986 | D6: =B6/$B$7 -> 1.112782
A7: Chai B4 | B7: =_xlfn.XLOOKUP($A7,Chai!$B$3:$G$3,Chai!$B$8:$G$8) -> 13531.839 | D7: =B7/$B$7 -> 1
A8: Chai B5 | B8: =_xlfn.XLOOKUP($A8,Chai!$B$3:$G$3,Chai!$B$8:$G$8) -> 13531.839 | D8: =B8/$B$7 -> 1
A9: Chai B6 | B9: =_xlfn.XLOOKUP($A9,Chai!$B$3:$G$3,Chai!$B$8:$G$8) -> 15057.986 | D9: =B9/$B$7 -> 1.112782
A10: Chai B7 | B10: =5500/0.66 -> 8333.3333 | D10: =B10/$B$7 -> 0.61583154
A13: ĐƠN GIÁ VẢY | C13: Tỷ lệ Hao Hụt | D13: Hệ số quy đổi
A14: Vảy BX | B14: 11300 | C14: ='[1]rPET-Băm'!$AO$8+'[1]rPET-Rửa'!$AO$8 -> 0.084402638
A15: Vảy-Trung bình | B15: =_xlfn.XLOOKUP($A15,Vảy_A0!$B$3:$G$3,Vảy_A0!$B$8:$G$8) -> 15896.931 | D15: =B15/$B$19 -> 1.0905942
A16: Vảy B1 | B16: =_xlfn.XLOOKUP($A16,Vảy_A0!$B$3:$G$3,Vảy_A0!$B$8:$G$8) -> 18331.61 | D16: =B16/$B$19 -> 1.2576231
A17: Vảy B2 | B17: =_xlfn.XLOOKUP($A17,Vảy_A0!$B$3:$G$3,Vảy_A0!$B$8:$G$8) -> 15852.531 | D17: =B17/$B$19 -> 1.0875481
A18: Vảy B4 | B18: =_xlfn.XLOOKUP($A18,Vảy_A0!$B$3:$G$3,Vảy_A0!$B$8:$G$8) -> 14827.189 | D18: =B18/$B$19 -> 1.0172055
A19: Vảy B5 | B19: =_xlfn.XLOOKUP($A19,Vảy_A0!$B$3:$G$3,Vảy_A0!$B$8:$G$8) -> 14576.395 | D19: =B19/$B$19 -> 1
A20: Vảy B6 | B20: =_xlfn.XLOOKUP($A20,Vảy_A0!$B$3:$G$3,Vảy_A0!$B$8:$G$8) -> 16977.83 | D20: =B20/$B$19 -> 1.1647482
A21: Vảy B7 | B21: =5500/0.66 -> 8333.3333 | D21: =B21/$B$19 -> 0.57170058

Sheet Chai
A3: Trạm | B3: Chai-Trung bình | C3: Chai B1 | D3: Chai B2 | E3: Chai B4 | F3: Chai B5 | G3: Chai B6
A4: Chai B0 | B4: 11300 | C4: ='[2]H_Tỷ lệ HH&PS (-PS)'!$Q$5 -> 11794.45 | D4: ='[2]H_Tỷ lệ HH&PS (-PS)'!$Q$41 -> 10709.072 | E4: ='[2]H_Tỷ lệ HH&PS (-PS)'!$Q$69 -> 9623.6926 | F4: ='[2]H_Tỷ lệ HH&PS (-PS)'!$Q$94 -> 9623.6926 | G4: ='[2]H_Tỷ lệ HH&PS (-PS)'!$Q$123 -> 10709.072
A5: Chi phí hao hụt | B5: =B4*0.1 -> 1130 | C5: ='[2]H_Tỷ lệ HH&PS (-PS)'!$R$5 -> 1658.4134 | D5: ='[2]H_Tỷ lệ HH&PS (-PS)'!$R$41 -> 1505.7986 | E5: ='[2]H_Tỷ lệ HH&PS (-PS)'!$R$69 -> 1353.1839 | F5: ='[2]H_Tỷ lệ HH&PS (-PS)'!$R$94 -> 1353.1839 | G5: ='[2]H_Tỷ lệ HH&PS (-PS)'!$R$123 -> 1505.7986
A6: Chi phí sản xuất | B6: 3000 | C6: ='[2]H_Tỷ lệ HH&PS (-PS)'!$S$5 -> 3131.27 | D6: ='[2]H_Tỷ lệ HH&PS (-PS)'!$S$41 -> 2843.1163 | E6: ='[2]H_Tỷ lệ HH&PS (-PS)'!$S$69 -> 2554.9626 | F6: ='[2]H_Tỷ lệ HH&PS (-PS)'!$S$94 -> 2554.9626 | G6: ='[2]H_Tỷ lệ HH&PS (-PS)'!$S$123 -> 2843.1163
A7: Chi phí khác | B7: =AVERAGE(C7:F7) -> 0 | C7: 0 | D7: 0 | E7: 0 | F7: 0 | G7: 0
A8: Tổng | B8: =SUM(B4:B7) -> 15430 | C8: =SUM(C4:C7) -> 16584.134 | D8: =SUM(D4:D7) -> 15057.986 | E8: =SUM(E4:E7) -> 13531.839 | F8: =SUM(F4:F7) -> 13531.839 | G8: =SUM(G4:G7) -> 15057.986
A10: Tỷ lệ | B10: =SUM(C10:G10) -> 0.9 | C10: ='[2]H_Tỷ lệ HH&PS (-PS)'!$K$7 -> 0.53 | D10: ='[2]H_Tỷ lệ HH&PS (-PS)'!$K$43 -> 0.03 | E10: ='[2]H_Tỷ lệ HH&PS (-PS)'!$K$71 -> 0.02 | F10: ='[2]H_Tỷ lệ HH&PS (-PS)'!$K$96 -> 0.02 | G10: ='[2]H_Tỷ lệ HH&PS (-PS)'!$K$125 -> 0.3
A11: Chai B0 | B11: =IFERROR(B4/B$8,0) -> 0.7323396 | C11: =IFERROR(C4/C$8,0) -> 0.71118881 | D11: =IFERROR(D4/D$8,0) -> 0.71118881 | E11: =IFERROR(E4/E$8,0) -> 0.71118881 | F11: =IFERROR(F4/F$8,0) -> 0.71118881 | G11: =IFERROR(G4/G$8,0) -> 0.71118881
A12: Chi phí hao hụt | B12: =IFERROR(B5/B$8,0) -> 0.07323396 | C12: =IFERROR(C5/C$8,0) -> 0.1 | D12: =IFERROR(D5/D$8,0) -> 0.1 | E12: =IFERROR(E5/E$8,0) -> 0.1 | F12: =IFERROR(F5/F$8,0) -> 0.1 | G12: =IFERROR(G5/G$8,0) -> 0.1
A13: Chi phí sản xuất | B13: =IFERROR(B6/B$8,0) -> 0.19442644 | C13: =IFERROR(C6/C$8,0) -> 0.18881119 | D13: =IFERROR(D6/D$8,0) -> 0.18881119 | E13: =IFERROR(E6/E$8,0) -> 0.18881119 | F13: =IFERROR(F6/F$8,0) -> 0.18881119 | G13: =IFERROR(G6/G$8,0) -> 0.18881119
A14: Chi phí khác | B14: =IFERROR(B7/B$8,0) -> 0 | C14: =IFERROR(C7/C$8,0) -> 0 | D14: =IFERROR(D7/D$8,0) -> 0 | E14: =IFERROR(E7/E$8,0) -> 0 | F14: =IFERROR(F7/F$8,0) -> 0 | G14: =IFERROR(G7/G$8,0) -> 0
A15: Tổng | B15: =IFERROR(B8/B$8,0) -> 1 | C15: =IFERROR(C8/C$8,0) -> 1 | D15: =IFERROR(D8/D$8,0) -> 1 | E15: =IFERROR(E8/E$8,0) -> 1 | F15: =IFERROR(F8/F$8,0) -> 1 | G15: =IFERROR(G8/G$8,0) -> 1
A17: Label
A18: Chai B0 | B18: =TEXT(B4,"#,###")&" | "&CHAR(10)&TEXT(B11,"0.0%") -> 11,300 | 73.2% | C18: =TEXT(C4,"#,###")&" | "&CHAR(10)&TEXT(C11,"0.0%") -> 11,794 | 71.1% | D18: =TEXT(D4,"#,###")&" | "&CHAR(10)&TEXT(D11,"0.0%") -> 10,709 | 71.1% | E18: =TEXT(E4,"#,###")&" | "&CHAR(10)&TEXT(E11,"0.0%") -> 9,624 | 71.1% | F18: =TEXT(F4,"#,###")&" | "&CHAR(10)&TEXT(F11,"0.0%") -> 9,624 | 71.1% | G18: =TEXT(G4,"#,###")&" | "&CHAR(10)&TEXT(G11,"0.0%") -> 10,709 | 71.1%
A19: Chi phí hao hụt | B19: =TEXT(B5,"#,###")&" | "&TEXT(B12,"0.0%") -> 1,130 | 7.3% | C19: =TEXT(C5,"#,###")&" | "&TEXT(C12,"0.0%") -> 1,658 | 10.0% | D19: =TEXT(D5,"#,###")&" | "&TEXT(D12,"0.0%") -> 1,506 | 10.0% | E19: =TEXT(E5,"#,###")&" | "&TEXT(E12,"0.0%") -> 1,353 | 10.0% | F19: =TEXT(F5,"#,###")&" | "&TEXT(F12,"0.0%") -> 1,353 | 10.0% | G19: =TEXT(G5,"#,###")&" | "&TEXT(G12,"0.0%") -> 1,506 | 10.0%
A20: Chi phí sản xuất | B20: =TEXT(B6,"#,###")&" | "&TEXT(B13,"0.0%") -> 3,000 | 19.4% | C20: =TEXT(C6,"#,###")&" | "&TEXT(C13,"0.0%") -> 3,131 | 18.9% | D20: =TEXT(D6,"#,###")&" | "&TEXT(D13,"0.0%") -> 2,843 | 18.9% | E20: =TEXT(E6,"#,###")&" | "&TEXT(E13,"0.0%") -> 2,555 | 18.9% | F20: =TEXT(F6,"#,###")&" | "&TEXT(F13,"0.0%") -> 2,555 | 18.9% | G20: =TEXT(G6,"#,###")&" | "&TEXT(G13,"0.0%") -> 2,843 | 18.9%
A21: Chi phí khác | B21: =TEXT(B7,"#,###")&" | "&TEXT(B14,"0.0%") -> | 0.0% | C21: =TEXT(C7,"#,###")&" | "&TEXT(C14,"0.0%") -> | 0.0% | D21: =TEXT(D7,"#,###")&" | "&TEXT(D14,"0.0%") -> | 0.0% | E21: =TEXT(E7,"#,###")&" | "&TEXT(E14,"0.0%") -> | 0.0% | F21: =TEXT(F7,"#,###")&" | "&TEXT(F14,"0.0%") -> | 0.0% | G21: =TEXT(G7,"#,###")&" | "&TEXT(G14,"0.0%") -> | 0.0%
A22: Tổng | B22: =TEXT(B8,"#,###")&" | "&TEXT(B15,"0.0%") -> 15,430 | 100.0% | C22: =TEXT(C8,"#,###")&" | "&TEXT(C15,"0.0%") -> 16,584 | 100.0% | D22: =TEXT(D8,"#,###")&" | "&TEXT(D15,"0.0%") -> 15,058 | 100.0% | E22: =TEXT(E8,"#,###")&" | "&TEXT(E15,"0.0%") -> 13,532 | 100.0% | F22: =TEXT(F8,"#,###")&" | "&TEXT(F15,"0.0%") -> 13,532 | 100.0% | G22: =TEXT(G8,"#,###")&" | "&TEXT(G15,"0.0%") -> 15,058 | 100.0%

Sheet Vảy_A0
A3: Trạm | B3: Vảy-Trung bình | C3: Vảy B1 | D3: Vảy B2 | E3: Vảy B4 | F3: Vảy B5 | G3: Vảy B6
A4: Vảy BX | B4: =AVERAGE(C4:F4) -> 11760.815 | C4: ='[2]H_Tỷ lệ HH&PS (-PS)'!$Z$4 -> 13535.018 | D4: ='[2]H_Tỷ lệ HH&PS (-PS)'!$Z$40 -> 11777.27 | E4: ='[2]H_Tỷ lệ HH&PS (-PS)'!$Z$68 -> 11023.703 | F4: ='[2]H_Tỷ lệ HH&PS (-PS)'!$Z$93 -> 10707.268 | G4: ='[2]H_Tỷ lệ HH&PS (-PS)'!$Z$122 -> 12682.965
A5: Chi phí hao hụt | B5: =AVERAGE(C5:F5) -> 1653.6839 | C5: ='[2]H_Tỷ lệ HH&PS (-PS)'!$AA$4 -> 1903.154 | D5: ='[2]H_Tỷ lệ HH&PS (-PS)'!$AA$40 -> 1655.9976 | E5: ='[2]H_Tỷ lệ HH&PS (-PS)'!$AA$68 -> 1550.0389 | F5: ='[2]H_Tỷ lệ HH&PS (-PS)'!$AA$93 -> 1505.5451 | G5: ='[2]H_Tỷ lệ HH&PS (-PS)'!$AA$122 -> 1783.3471
A6: Chi phí sản xuất | B6: =AVERAGE(C6:F6) -> 3122.3402 | C6: ='[2]H_Tỷ lệ HH&PS (-PS)'!$AB$4 -> 3593.3676 | D6: ='[2]H_Tỷ lệ HH&PS (-PS)'!$AB$40 -> 3126.7088 | E6: ='[2]H_Tỷ lệ HH&PS (-PS)'!$AB$68 -> 2926.6468 | F6: ='[2]H_Tỷ lệ HH&PS (-PS)'!$AB$93 -> 2842.6376 | G6: ='[2]H_Tỷ lệ HH&PS (-PS)'!$AB$122 -> 3367.1589
A7: Phó sản thu hồi | B7: =AVERAGE(C7:F7) -> -639.90773 | C7: =-'[2]H_Tỷ lệ HH&PS (-PS)'!$AA$12 -> -699.92929 | D7: =-'[2]H_Tỷ lệ HH&PS (-PS)'!$AA$48 -> -707.44548 | E7: =-'[2]H_Tỷ lệ HH&PS (-PS)'!$AA$73 -> -673.2 | F7: =-'[2]H_Tỷ lệ HH&PS (-PS)'!$AA$101 -> -479.05616 | G7: =-'[2]H_Tỷ lệ HH&PS (-PS)'!$AA$130 -> -855.64167
A8: Tổng | B8: =SUM(B4:B7) -> 15896.931 | C8: =SUM(C4:C7) -> 18331.61 | D8: =SUM(D4:D7) -> 15852.531 | E8: =SUM(E4:E7) -> 14827.189 | F8: =SUM(F4:F7) -> 14576.395 | G8: =SUM(G4:G7) -> 16977.83
B9: =B8/Chai!B8 -> 1.0302612 | C9: =C8/Chai!C8 -> 1.1053704 | D9: =D8/Chai!D8 -> 1.0527656 | E9: =E8/Chai!E8 -> 1.095726 | F9: =F8/Chai!F8 -> 1.0771924 | G9: =G8/Chai!G8 -> 1.1274967
A10: Tỷ lệ | B10: =100%/B9 -> 0.9706276 | C10: =100%/C9 -> 0.90467414 | D10: =100%/D9 -> 0.94987902 | E10: =100%/E9 -> 0.91263689 | F10: =100%/F9 -> 0.92833924 | G10: =100%/G9 -> 0.88692058
A11: Vảy BX | B11: =IFERROR(B4/B$8,0) -> 0.73981668 | C11: =IFERROR(C4/C$8,0) -> 0.7383431 | D11: =IFERROR(D4/D$8,0) -> 0.74292679 | E11: =IFERROR(E4/E$8,0) -> 0.74347897 | F11: =IFERROR(F4/F$8,0) -> 0.73456218 | G11: =IFERROR(G4/G$8,0) -> 0.74703101
A12: Chi phí hao hụt | B12: =IFERROR(B5/B$8,0) -> 0.10402535 | C12: =IFERROR(C5/C$8,0) -> 0.10381815 | D12: =IFERROR(D5/D$8,0) -> 0.10446267 | E12: =IFERROR(E5/E$8,0) -> 0.10454031 | F12: =IFERROR(F5/F$8,0) -> 0.10328652 | G12: =IFERROR(G5/G$8,0) -> 0.10503976
A13: Chi phí sản xuất | B13: =IFERROR(B6/B$8,0) -> 0.19641151 | C13: =IFERROR(C6/C$8,0) -> 0.19602029 | D13: =IFERROR(D6/D$8,0) -> 0.1972372 | E13: =IFERROR(E6/E$8,0) -> 0.1973838 | F13: =IFERROR(F6/F$8,0) -> 0.19501651 | G13: =IFERROR(G6/G$8,0) -> 0.19832682
A14: Chi phí khác | B14: =IFERROR(B7/B$8,0) -> -0.040253539 | C14: =IFERROR(C7/C$8,0) -> -0.03818155 | D14: =IFERROR(D7/D$8,0) -> -0.044626658 | E14: =IFERROR(E7/E$8,0) -> -0.045403078 | F14: =IFERROR(F7/F$8,0) -> -0.032865202 | G14: =IFERROR(G7/G$8,0) -> -0.050397588
A15: Tổng | B15: =IFERROR(B8/B$8,0) -> 1 | C15: =IFERROR(C8/C$8,0) -> 1 | D15: =IFERROR(D8/D$8,0) -> 1 | E15: =IFERROR(E8/E$8,0) -> 1 | F15: =IFERROR(F8/F$8,0) -> 1 | G15: =IFERROR(G8/G$8,0) -> 1
A17: Label
A18: Vảy BX | B18: =TEXT(B4,"#,###")&" | "&CHAR(10)&TEXT(B11,"0.0%") -> 11,761 | 74.0% | C18: =TEXT(C4,"#,###")&" | "&CHAR(10)&TEXT(C11,"0.0%") -> 13,535 | 73.8% | D18: =TEXT(D4,"#,###")&" | "&CHAR(10)&TEXT(D11,"0.0%") -> 11,777 | 74.3% | E18: =TEXT(E4,"#,###")&" | "&CHAR(10)&TEXT(E11,"0.0%") -> 11,024 | 74.3% | F18: =TEXT(F4,"#,###")&" | "&CHAR(10)&TEXT(F11,"0.0%") -> 10,707 | 73.5% | G18: =TEXT(G4,"#,###")&" | "&CHAR(10)&TEXT(G11,"0.0%") -> 12,683 | 74.7%
A19: Chi phí hao hụt | B19: =TEXT(B5,"#,###")&" | "&TEXT(B12,"0.0%") -> 1,654 | 10.4% | C19: =TEXT(C5,"#,###")&" | "&TEXT(C12,"0.0%") -> 1,903 | 10.4% | D19: =TEXT(D5,"#,###")&" | "&TEXT(D12,"0.0%") -> 1,656 | 10.4% | E19: =TEXT(E5,"#,###")&" | "&TEXT(E12,"0.0%") -> 1,550 | 10.5% | F19: =TEXT(F5,"#,###")&" | "&TEXT(F12,"0.0%") -> 1,506 | 10.3% | G19: =TEXT(G5,"#,###")&" | "&TEXT(G12,"0.0%") -> 1,783 | 10.5%
A20: Chi phí sản xuất | B20: =TEXT(B6,"#,###")&" | "&TEXT(B13,"0.0%") -> 3,122 | 19.6% | C20: =TEXT(C6,"#,###")&" | "&TEXT(C13,"0.0%") -> 3,593 | 19.6% | D20: =TEXT(D6,"#,###")&" | "&TEXT(D13,"0.0%") -> 3,127 | 19.7% | E20: =TEXT(E6,"#,###")&" | "&TEXT(E13,"0.0%") -> 2,927 | 19.7% | F20: =TEXT(F6,"#,###")&" | "&TEXT(F13,"0.0%") -> 2,843 | 19.5% | G20: =TEXT(G6,"#,###")&" | "&TEXT(G13,"0.0%") -> 3,367 | 19.8%
A21: Chi phí khác | B21: =TEXT(B7,"#,###")&" | "&TEXT(B14,"0.0%") -> -640 | -4.0% | C21: =TEXT(C7,"#,###")&" | "&TEXT(C14,"0.0%") -> -700 | -3.8% | D21: =TEXT(D7,"#,###")&" | "&TEXT(D14,"0.0%") -> -707 | -4.5% | E21: =TEXT(E7,"#,###")&" | "&TEXT(E14,"0.0%") -> -673 | -4.5% | F21: =TEXT(F7,"#,###")&" | "&TEXT(F14,"0.0%") -> -479 | -3.3% | G21: =TEXT(G7,"#,###")&" | "&TEXT(G14,"0.0%") -> -856 | -5.0%
A22: Tổng | B22: =TEXT(B8,"#,###")&" | "&TEXT(B15,"0.0%") -> 15,897 | 100.0% | C22: =TEXT(C8,"#,###")&" | "&TEXT(C15,"0.0%") -> 18,332 | 100.0% | D22: =TEXT(D8,"#,###")&" | "&TEXT(D15,"0.0%") -> 15,853 | 100.0% | E22: =TEXT(E8,"#,###")&" | "&TEXT(E15,"0.0%") -> 14,827 | 100.0% | F22: =TEXT(F8,"#,###")&" | "&TEXT(F15,"0.0%") -> 14,576 | 100.0% | G22: =TEXT(G8,"#,###")&" | "&TEXT(G15,"0.0%") -> 16,978 | 100.0%

Sheet Vảy A1
A3: Trạm | B3: Vảy-Trung bình | C3: Vảy B1 | D3: Vảy B2 | E3: Vảy B4 | F3: Vảy B5 | G3: Vảy B6
A4: Vảy BX | B4: =AVERAGE(C4:F4) -> 12822.187 | C4: ='[2]H_Tỷ lệ HH&PS (-PS)'!$AH$4 -> 14594.067 | D4: ='[2]H_Tỷ lệ HH&PS (-PS)'!$AH$40 -> 12525.013 | E4: ='[2]H_Tỷ lệ HH&PS (-PS)'!$AH$68 -> 12442.103 | F4: ='[2]H_Tỷ lệ HH&PS (-PS)'!$AH$93 -> 11727.566 | G4: ='[2]H_Tỷ lệ HH&PS (-PS)'!$AH$122 -> 13767.874
A5: Chi phí hao hụt | B5: =AVERAGE(C5:F5) -> 1802.9231 | C5: ='[2]H_Tỷ lệ HH&PS (-PS)'!$AI$4 -> 2052.0664 | D5: ='[2]H_Tỷ lệ HH&PS (-PS)'!$AI$40 -> 1761.1375 | E5: ='[2]H_Tỷ lệ HH&PS (-PS)'!$AI$68 -> 1749.4795 | F5: ='[2]H_Tỷ lệ HH&PS (-PS)'!$AI$93 -> 1649.0089 | G5: ='[2]H_Tỷ lệ HH&PS (-PS)'!$AI$122 -> 1935.8957
A6: Chi phí sản xuất | B6: =AVERAGE(C6:F6) -> 3404.1205 | C6: ='[2]H_Tỷ lệ HH&PS (-PS)'!$AJ$4 -> 3874.531 | D6: ='[2]H_Tỷ lệ HH&PS (-PS)'!$AJ$40 -> 3325.2247 | E6: ='[2]H_Tỷ lệ HH&PS (-PS)'!$AJ$68 -> 3303.2131 | F6: ='[2]H_Tỷ lệ HH&PS (-PS)'!$AJ$93 -> 3113.5132 | G6: ='[2]H_Tỷ lệ HH&PS (-PS)'!$AJ$122 -> 3655.1877
A7: Chi phí khác | B7: =AVERAGE(C7:F7) -> 0 | C7: 0 | D7: 0 | E7: 0 | F7: 0 | G7: 0
A8: Tổng | B8: =SUM(B4:B7) -> 18029.231 | C8: =SUM(C4:C7) -> 20520.664 | D8: =SUM(D4:D7) -> 17611.375 | E8: =SUM(E4:E7) -> 17494.795 | F8: =SUM(F4:F7) -> 16490.089 | G8: =SUM(G4:G7) -> 19358.957
A10: Tỷ lệ
A11: Vảy BX | B11: =IFERROR(B4/B$8,0) -> 0.71118881 | C11: =IFERROR(C4/C$8,0) -> 0.71118881 | D11: =IFERROR(D4/D$8,0) -> 0.71118881 | E11: =IFERROR(E4/E$8,0) -> 0.71118881 | F11: =IFERROR(F4/F$8,0) -> 0.71118881 | G11: =IFERROR(G4/G$8,0) -> 0.71118881
A12: Chi phí hao hụt | B12: =IFERROR(B5/B$8,0) -> 0.1 | C12: =IFERROR(C5/C$8,0) -> 0.1 | D12: =IFERROR(D5/D$8,0) -> 0.1 | E12: =IFERROR(E5/E$8,0) -> 0.1 | F12: =IFERROR(F5/F$8,0) -> 0.1 | G12: =IFERROR(G5/G$8,0) -> 0.1
A13: Chi phí sản xuất | B13: =IFERROR(B6/B$8,0) -> 0.18881119 | C13: =IFERROR(C6/C$8,0) -> 0.18881119 | D13: =IFERROR(D6/D$8,0) -> 0.18881119 | E13: =IFERROR(E6/E$8,0) -> 0.18881119 | F13: =IFERROR(F6/F$8,0) -> 0.18881119 | G13: =IFERROR(G6/G$8,0) -> 0.18881119
A14: Chi phí khác | B14: =IFERROR(B7/B$8,0) -> 0 | C14: =IFERROR(C7/C$8,0) -> 0 | D14: =IFERROR(D7/D$8,0) -> 0 | E14: =IFERROR(E7/E$8,0) -> 0 | F14: =IFERROR(F7/F$8,0) -> 0 | G14: =IFERROR(G7/G$8,0) -> 0
A15: Tổng | B15: =IFERROR(B8/B$8,0) -> 1 | C15: =IFERROR(C8/C$8,0) -> 1 | D15: =IFERROR(D8/D$8,0) -> 1 | E15: =IFERROR(E8/E$8,0) -> 1 | F15: =IFERROR(F8/F$8,0) -> 1 | G15: =IFERROR(G8/G$8,0) -> 1
A17: Label
A18: Vảy BX | B18: =TEXT(B4,"#,###")&" | "&CHAR(10)&TEXT(B11,"0.0%") -> 12,822 | 71.1% | C18: =TEXT(C4,"#,###")&" | "&CHAR(10)&TEXT(C11,"0.0%") -> 14,594 | 71.1% | D18: =TEXT(D4,"#,###")&" | "&CHAR(10)&TEXT(D11,"0.0%") -> 12,525 | 71.1% | E18: =TEXT(E4,"#,###")&" | "&CHAR(10)&TEXT(E11,"0.0%") -> 12,442 | 71.1% | F18: =TEXT(F4,"#,###")&" | "&CHAR(10)&TEXT(F11,"0.0%") -> 11,728 | 71.1% | G18: =TEXT(G4,"#,###")&" | "&CHAR(10)&TEXT(G11,"0.0%") -> 13,768 | 71.1%
A19: Chi phí hao hụt | B19: =TEXT(B5,"#,###")&" | "&TEXT(B12,"0.0%") -> 1,803 | 10.0% | C19: =TEXT(C5,"#,###")&" | "&TEXT(C12,"0.0%") -> 2,052 | 10.0% | D19: =TEXT(D5,"#,###")&" | "&TEXT(D12,"0.0%") -> 1,761 | 10.0% | E19: =TEXT(E5,"#,###")&" | "&TEXT(E12,"0.0%") -> 1,749 | 10.0% | F19: =TEXT(F5,"#,###")&" | "&TEXT(F12,"0.0%") -> 1,649 | 10.0% | G19: =TEXT(G5,"#,###")&" | "&TEXT(G12,"0.0%") -> 1,936 | 10.0%
A20: Chi phí sản xuất | B20: =TEXT(B6,"#,###")&" | "&TEXT(B13,"0.0%") -> 3,404 | 18.9% | C20: =TEXT(C6,"#,###")&" | "&TEXT(C13,"0.0%") -> 3,875 | 18.9% | D20: =TEXT(D6,"#,###")&" | "&TEXT(D13,"0.0%") -> 3,325 | 18.9% | E20: =TEXT(E6,"#,###")&" | "&TEXT(E13,"0.0%") -> 3,303 | 18.9% | F20: =TEXT(F6,"#,###")&" | "&TEXT(F13,"0.0%") -> 3,114 | 18.9% | G20: =TEXT(G6,"#,###")&" | "&TEXT(G13,"0.0%") -> 3,655 | 18.9%
A21: Chi phí khác | B21: =TEXT(B7,"#,###")&" | "&TEXT(B14,"0.0%") -> | 0.0% | C21: =TEXT(C7,"#,###")&" | "&TEXT(C14,"0.0%") -> | 0.0% | D21: =TEXT(D7,"#,###")&" | "&TEXT(D14,"0.0%") -> | 0.0% | E21: =TEXT(E7,"#,###")&" | "&TEXT(E14,"0.0%") -> | 0.0% | F21: =TEXT(F7,"#,###")&" | "&TEXT(F14,"0.0%") -> | 0.0% | G21: =TEXT(G7,"#,###")&" | "&TEXT(G14,"0.0%") -> | 0.0%
A22: Tổng | B22: =TEXT(B8,"#,###")&" | "&TEXT(B15,"0.0%") -> 18,029 | 100.0% | C22: =TEXT(C8,"#,###")&" | "&TEXT(C15,"0.0%") -> 20,521 | 100.0% | D22: =TEXT(D8,"#,###")&" | "&TEXT(D15,"0.0%") -> 17,611 | 100.0% | E22: =TEXT(E8,"#,###")&" | "&TEXT(E15,"0.0%") -> 17,495 | 100.0% | F22: =TEXT(F8,"#,###")&" | "&TEXT(F15,"0.0%") -> 16,490 | 100.0% | G22: =TEXT(G8,"#,###")&" | "&TEXT(G15,"0.0%") -> 19,359 | 100.0%

Sheet Vảy A1_DT
A3: Trạm | B3: Vảy-Trung bình | C3: Vảy B1 | D3: Vảy B2 | E3: Vảy B4 | F3: Vảy B5 | G3: Vảy B6
A4: Vảy BX | B4: =AVERAGE(C4:F4) -> 12822.187 | C4: ='[2]H_Tỷ lệ HH&PS (-PS)'!$CL$6 -> 14594.067 | D4: ='[2]H_Tỷ lệ HH&PS (-PS)'!$CL$8 -> 12525.013 | E4: ='[2]H_Tỷ lệ HH&PS (-PS)'!$CL$10 -> 12442.103 | F4: ='[2]H_Tỷ lệ HH&PS (-PS)'!$CL$12 -> 11727.566 | G4: ='[2]H_Tỷ lệ HH&PS (-PS)'!$CL$14 -> 13767.874
A5: Chi phí hao hụt | B5: =AVERAGE(C5:F5) -> 1802.9231 | C5: ='[2]H_Tỷ lệ HH&PS (-PS)'!$CR$6 -> 2052.0664 | D5: ='[2]H_Tỷ lệ HH&PS (-PS)'!$CR$8 -> 1761.1375 | E5: ='[2]H_Tỷ lệ HH&PS (-PS)'!$CR$10 -> 1749.4795 | F5: ='[2]H_Tỷ lệ HH&PS (-PS)'!$CR$12 -> 1649.0089 | G5: ='[2]H_Tỷ lệ HH&PS (-PS)'!$CR$14 -> 1935.8957
A6: Chi phí sản xuất | B6: =AVERAGE(C6:F6) -> 6713.4266 | C6: =SUM('[2]H_Tỷ lệ HH&PS (-PS)'!$CM$6+'[2]H_Tỷ lệ HH&PS (-PS)'!$CN$6+'[2]H_Tỷ lệ HH&PS (-PS)'!$CO$6) -> 7159.2601 | D6: =SUM('[2]H_Tỷ lệ HH&PS (-PS)'!$CM$8+'[2]H_Tỷ lệ HH&PS (-PS)'!$CN$8+'[2]H_Tỷ lệ HH&PS (-PS)'!$CO$8) -> 6582.4369 | E6: =SUM('[2]H_Tỷ lệ HH&PS (-PS)'!$CM$10+'[2]H_Tỷ lệ HH&PS (-PS)'!$CN$10+'[2]H_Tỷ lệ HH&PS (-PS)'!$CO$10) -> 6681.9786 | F6: =SUM('[2]H_Tỷ lệ HH&PS (-PS)'!$CM$12+'[2]H_Tỷ lệ HH&PS (-PS)'!$CN$12+'[2]H_Tỷ lệ HH&PS (-PS)'!$CO$12) -> 6430.0306 | G6: =SUM('[2]H_Tỷ lệ HH&PS (-PS)'!$CM$14+'[2]H_Tỷ lệ HH&PS (-PS)'!$CN$14+'[2]H_Tỷ lệ HH&PS (-PS)'!$CO$14) -> 6953.5225
A7: Chi phí khác | B7: =AVERAGE(C7:F7) -> -976.72198 | C7: ='[2]H_Tỷ lệ HH&PS (-PS)'!$CP$6+'[2]H_Tỷ lệ HH&PS (-PS)'!$CQ$6 -> -1013.0467 | D7: ='[2]H_Tỷ lệ HH&PS (-PS)'!$CP$8+'[2]H_Tỷ lệ HH&PS (-PS)'!$CQ$8 -> -753.43572 | E7: ='[2]H_Tỷ lệ HH&PS (-PS)'!$CP$10+'[2]H_Tỷ lệ HH&PS (-PS)'!$CQ$10 -> -1126.2 | F7: ='[2]H_Tỷ lệ HH&PS (-PS)'!$CP$12+'[2]H_Tỷ lệ HH&PS (-PS)'!$CQ$12 -> -1014.2055 | G7: ='[2]H_Tỷ lệ HH&PS (-PS)'!$CP$14+'[2]H_Tỷ lệ HH&PS (-PS)'!$CQ$14 -> -1186.3083
A8: Tổng | B8: =SUM(B4:B7) -> 20361.815 | C8: =SUM(C4:C7) -> 22792.347 | D8: =SUM(D4:D7) -> 20115.152 | E8: =SUM(E4:E7) -> 19747.361 | F8: =SUM(F4:F7) -> 18792.4 | G8: =SUM(G4:G7) -> 21470.984
B9: =B8/Vảy_A0!B8 -> 1.2808645 | C9: =C8/Vảy_A0!C8 -> 1.2433358 | D9: =D8/Vảy_A0!D8 -> 1.2688921 | E9: =E8/Vảy_A0!E8 -> 1.3318345 | F9: =F8/Vảy_A0!F8 -> 1.2892352 | G9: =G8/Vảy_A0!G8 -> 1.2646483
A10: Tỷ lệ | B10: =100%/B9 -> 0.7807227 | C10: =100%/C9 -> 0.80428797 | D10: =100%/D9 -> 0.78808904 | E10: =100%/E9 -> 0.75084406 | F10: =100%/F9 -> 0.77565369 | G10: =100%/G9 -> 0.79073367
A11: Vảy BX | B11: =IFERROR(B4/B$8,0) -> 0.62971731 | C11: =IFERROR(C4/C$8,0) -> 0.64030558 | D11: =IFERROR(D4/D$8,0) -> 0.6226656 | E11: =IFERROR(E4/E$8,0) -> 0.63006408 | F11: =IFERROR(F4/F$8,0) -> 0.62405899 | G11: =IFERROR(G4/G$8,0) -> 0.64123163
A12: Chi phí hao hụt | B12: =IFERROR(B5/B$8,0) -> 0.088544321 | C12: =IFERROR(C5/C$8,0) -> 0.090033135 | D12: =IFERROR(D5/D$8,0) -> 0.087552784 | E12: =IFERROR(E5/E$8,0) -> 0.088593081 | F12: =IFERROR(F5/F$8,0) -> 0.087748708 | G12: =IFERROR(G5/G$8,0) -> 0.090163346
A13: Chi phí sản xuất | B13: =IFERROR(B6/B$8,0) -> 0.32970669 | C13: =IFERROR(C6/C$8,0) -> 0.31410807 | D13: =IFERROR(D6/D$8,0) -> 0.32723774 | E13: =IFERROR(E6/E$8,0) -> 0.33837325 | F13: =IFERROR(F6/F$8,0) -> 0.34216122 | G13: =IFERROR(G6/G$8,0) -> 0.32385673
A14: Chi phí khác | B14: =IFERROR(B7/B$8,0) -> -0.047968316 | C14: =IFERROR(C7/C$8,0) -> -0.044446791 | D14: =IFERROR(D7/D$8,0) -> -0.037456129 | E14: =IFERROR(E7/E$8,0) -> -0.057030406 | F14: =IFERROR(F7/F$8,0) -> -0.053968919 | G14: =IFERROR(G7/G$8,0) -> -0.0552517
A15: Tổng | B15: =IFERROR(B8/B$8,0) -> 1 | C15: =IFERROR(C8/C$8,0) -> 1 | D15: =IFERROR(D8/D$8,0) -> 1 | E15: =IFERROR(E8/E$8,0) -> 1 | F15: =IFERROR(F8/F$8,0) -> 1 | G15: =IFERROR(G8/G$8,0) -> 1
A17: Label
A18: Vảy BX | B18: =TEXT(B4,"#,###")&" | "&CHAR(10)&TEXT(B11,"0.0%") -> 12,822 | 63.0% | C18: =TEXT(C4,"#,###")&" | "&CHAR(10)&TEXT(C11,"0.0%") -> 14,594 | 64.0% | D18: =TEXT(D4,"#,###")&" | "&CHAR(10)&TEXT(D11,"0.0%") -> 12,525 | 62.3% | E18: =TEXT(E4,"#,###")&" | "&CHAR(10)&TEXT(E11,"0.0%") -> 12,442 | 63.0% | F18: =TEXT(F4,"#,###")&" | "&CHAR(10)&TEXT(F11,"0.0%") -> 11,728 | 62.4% | G18: =TEXT(G4,"#,###")&" | "&CHAR(10)&TEXT(G11,"0.0%") -> 13,768 | 64.1%
A19: Chi phí hao hụt | B19: =TEXT(B5,"#,###")&" | "&TEXT(B12,"0.0%") -> 1,803 | 8.9% | C19: =TEXT(C5,"#,###")&" | "&TEXT(C12,"0.0%") -> 2,052 | 9.0% | D19: =TEXT(D5,"#,###")&" | "&TEXT(D12,"0.0%") -> 1,761 | 8.8% | E19: =TEXT(E5,"#,###")&" | "&TEXT(E12,"0.0%") -> 1,749 | 8.9% | F19: =TEXT(F5,"#,###")&" | "&TEXT(F12,"0.0%") -> 1,649 | 8.8% | G19: =TEXT(G5,"#,###")&" | "&TEXT(G12,"0.0%") -> 1,936 | 9.0%
A20: Chi phí sản xuất | B20: =TEXT(B6,"#,###")&" | "&TEXT(B13,"0.0%") -> 6,713 | 33.0% | C20: =TEXT(C6,"#,###")&" | "&TEXT(C13,"0.0%") -> 7,159 | 31.4% | D20: =TEXT(D6,"#,###")&" | "&TEXT(D13,"0.0%") -> 6,582 | 32.7% | E20: =TEXT(E6,"#,###")&" | "&TEXT(E13,"0.0%") -> 6,682 | 33.8% | F20: =TEXT(F6,"#,###")&" | "&TEXT(F13,"0.0%") -> 6,430 | 34.2% | G20: =TEXT(G6,"#,###")&" | "&TEXT(G13,"0.0%") -> 6,954 | 32.4%
A21: Chi phí khác | B21: =TEXT(B7,"#,###")&" | "&TEXT(B14,"0.0%") -> -977 | -4.8% | C21: =TEXT(C7,"#,###")&" | "&TEXT(C14,"0.0%") -> -1,013 | -4.4% | D21: =TEXT(D7,"#,###")&" | "&TEXT(D14,"0.0%") -> -753 | -3.7% | E21: =TEXT(E7,"#,###")&" | "&TEXT(E14,"0.0%") -> -1,126 | -5.7% | F21: =TEXT(F7,"#,###")&" | "&TEXT(F14,"0.0%") -> -1,014 | -5.4% | G21: =TEXT(G7,"#,###")&" | "&TEXT(G14,"0.0%") -> -1,186 | -5.5%
A22: Tổng | B22: =TEXT(B8,"#,###")&" | "&TEXT(B15,"0.0%") -> 20,362 | 100.0% | C22: =TEXT(C8,"#,###")&" | "&TEXT(C15,"0.0%") -> 22,792 | 100.0% | D22: =TEXT(D8,"#,###")&" | "&TEXT(D15,"0.0%") -> 20,115 | 100.0% | E22: =TEXT(E8,"#,###")&" | "&TEXT(E15,"0.0%") -> 19,747 | 100.0% | F22: =TEXT(F8,"#,###")&" | "&TEXT(F15,"0.0%") -> 18,792 | 100.0% | G22: =TEXT(G8,"#,###")&" | "&TEXT(G15,"0.0%") -> 21,471 | 100.0%

Sheet TP_VND
A3: Trạm | B3: Hạt-Trung bình | C3: iSS01048G | D3: iSS01G | E3: WSS01G | F3: WSS03G | G3: WSS03NC
A4: Nhựa | B4: =AVERAGE(C4:F4) -> 14622.629 | C4: ='[2]H_Tỷ lệ HH&PS (-PS)'!$DV$6 -> 15154.794 | D4: ='[2]H_Tỷ lệ HH&PS (-PS)'!$DV$8 -> 14818.825 | E4: ='[2]H_Tỷ lệ HH&PS (-PS)'!$DV$10 -> 14445.241 | F4: ='[2]H_Tỷ lệ HH&PS (-PS)'!$DV$12 -> 14071.657 | G4: ='[2]H_Tỷ lệ HH&PS (-PS)'!$DV$47 -> 14903.762
A5: Chi phí hao hụt | B5: =AVERAGE(C5:F5) -> 2056.0826 | C5: ='[2]H_Tỷ lệ HH&PS (-PS)'!$EA$6 -> 2130.9101 | D5: ='[2]H_Tỷ lệ HH&PS (-PS)'!$EA$8 -> 2083.6696 | E5: ='[2]H_Tỷ lệ HH&PS (-PS)'!$EA$10 -> 2031.1401 | F5: ='[2]H_Tỷ lệ HH&PS (-PS)'!$EA$12 -> 1978.6106 | G5: ='[2]H_Tỷ lệ HH&PS (-PS)'!$EA$47 -> 2031.1401
A6: Chi phí sản xuất | B6: =AVERAGE(C6:F6) -> 11028.242 | C6: =SUM('[2]H_Tỷ lệ HH&PS (-PS)'!$DW$6,'[2]H_Tỷ lệ HH&PS (-PS)'!$EB$6:$ED$6) -> 11767.27 | D6: =SUM('[2]H_Tỷ lệ HH&PS (-PS)'!$DW$8,'[2]H_Tỷ lệ HH&PS (-PS)'!$EB$8:$ED$8) -> 11602.457 | E6: =SUM('[2]H_Tỷ lệ HH&PS (-PS)'!$DW$10,'[2]H_Tỷ lệ HH&PS (-PS)'!$EB$10:$ED$10) -> 10463.254 | F6: =SUM('[2]H_Tỷ lệ HH&PS (-PS)'!$DW$12,'[2]H_Tỷ lệ HH&PS (-PS)'!$EB$12:$ED$12) -> 10279.989 | G6: =SUM('[2]H_Tỷ lệ HH&PS (-PS)'!$DW$47,'[2]H_Tỷ lệ HH&PS (-PS)'!$EB$47:$ED$47) -> 9904.6525
A7: Phó sản thu hồi | B7: =AVERAGE(C7:F7) -> -1336.8406 | C7: =SUM('[2]H_Tỷ lệ HH&PS (-PS)'!$DX$6:$DZ$6) -> -1373.7808 | D7: =SUM('[2]H_Tỷ lệ HH&PS (-PS)'!$DX$8:$DZ$8) -> -1350.4595 | E7: =SUM('[2]H_Tỷ lệ HH&PS (-PS)'!$DX$10:$DZ$10) -> -1324.5272 | F7: =SUM('[2]H_Tỷ lệ HH&PS (-PS)'!$DX$12:$DZ$12) -> -1298.5949 | G7: =SUM('[2]H_Tỷ lệ HH&PS (-PS)'!$DX$47:$DZ$47) -> -1728.3946
A8: Tổng | B8: =SUM(B4:B7) -> 26370.113 | C8: =SUM(C4:C7) -> 27679.193 | D8: =SUM(D4:D7) -> 27154.491 | E8: =SUM(E4:E7) -> 25615.108 | F8: =SUM(F4:F7) -> 25031.661 | G8: =SUM(G4:G7) -> 25111.16
B9: =B8/'Vảy A1_DT'!B8 -> 1.2950768 | C9: =C8/'Vảy A1_DT'!C8 -> 1.2144073 | D9: =D8/'Vảy A1_DT'!D8 -> 1.3499521 | E9: =E8/'Vảy A1_DT'!E8 -> 1.2971408 | F9: =F8/'Vảy A1_DT'!F8 -> 1.3320098
A10: Tỷ lệ | B10: =100%/B9 -> 0.772155 | C10: =100%/C9 -> 0.82344693 | D10: =100%/D9 -> 0.74076703 | E10: =100%/E9 -> 0.77092632 | F10: =100%/F9 -> 0.75074523
A11: Nhựa | B11: =IFERROR(B4/B$8,0) -> 0.55451522 | C11: =IFERROR(C4/C$8,0) -> 0.54751575 | D11: =IFERROR(D4/D$8,0) -> 0.54572279 | E11: =IFERROR(E4/E$8,0) -> 0.56393442 | F11: =IFERROR(F4/F$8,0) -> 0.56215434 | G11: =IFERROR(G4/G$8,0) -> 0.5935115
A12: Chi phí hao hụt | B12: =IFERROR(B5/B$8,0) -> 0.077970183 | C12: =IFERROR(C5/C$8,0) -> 0.076985991 | D12: =IFERROR(D5/D$8,0) -> 0.076733883 | E12: =IFERROR(E5/E$8,0) -> 0.079294614 | F12: =IFERROR(F5/F$8,0) -> 0.079044317 | G12: =IFERROR(G5/G$8,0) -> 0.080885951
A13: Chi phí sản xuất | B13: =IFERROR(B6/B$8,0) -> 0.41820989 | C13: =IFERROR(C6/C$8,0) -> 0.42513052 | D13: =IFERROR(D6/D$8,0) -> 0.42727578 | E13: =IFERROR(E6/E$8,0) -> 0.40847979 | F13: =IFERROR(F6/F$8,0) -> 0.41067944 | G13: =IFERROR(G6/G$8,0) -> 0.39443229
A14: Phó sản thu hồi | B14: =IFERROR(B7/B$8,0) -> -0.050695293 | C14: =IFERROR(C7/C$8,0) -> -0.049632258 | D14: =IFERROR(D7/D$8,0) -> -0.049732455 | E14: =IFERROR(E7/E$8,0) -> -0.051708829 | F14: =IFERROR(F7/F$8,0) -> -0.051878095 | G14: =IFERROR(G7/G$8,0) -> -0.068829739
A15: Tổng | B15: =IFERROR(B8/B$8,0) -> 1 | C15: =IFERROR(C8/C$8,0) -> 1 | D15: =IFERROR(D8/D$8,0) -> 1 | E15: =IFERROR(E8/E$8,0) -> 1 | F15: =IFERROR(F8/F$8,0) -> 1 | G15: =IFERROR(G8/G$8,0) -> 1
A17: Label
A18: Nhựa | B18: =TEXT(B4,"#,###")&" | "&CHAR(10)&TEXT(B11,"0.0%") -> 14,623 | 55.5% | C18: =TEXT(C4,"#,###")&" | "&CHAR(10)&TEXT(C11,"0.0%") -> 15,155 | 54.8% | D18: =TEXT(D4,"#,###")&" | "&CHAR(10)&TEXT(D11,"0.0%") -> 14,819 | 54.6% | E18: =TEXT(E4,"#,###")&" | "&CHAR(10)&TEXT(E11,"0.0%") -> 14,445 | 56.4% | F18: =TEXT(F4,"#,###")&" | "&CHAR(10)&TEXT(F11,"0.0%") -> 14,072 | 56.2% | G18: =TEXT(G4,"#,###")&" | "&CHAR(10)&TEXT(G11,"0.0%") -> 14,904 | 59.4%
A19: Chi phí hao hụt | B19: =TEXT(B5,"#,###")&" | "&TEXT(B12,"0.0%") -> 2,056 | 7.8% | C19: =TEXT(C5,"#,###")&" | "&TEXT(C12,"0.0%") -> 2,131 | 7.7% | D19: =TEXT(D5,"#,###")&" | "&TEXT(D12,"0.0%") -> 2,084 | 7.7% | E19: =TEXT(E5,"#,###")&" | "&TEXT(E12,"0.0%") -> 2,031 | 7.9% | F19: =TEXT(F5,"#,###")&" | "&TEXT(F12,"0.0%") -> 1,979 | 7.9% | G19: =TEXT(G5,"#,###")&" | "&TEXT(G12,"0.0%") -> 2,031 | 8.1%
A20: Chi phí sản xuất | B20: =TEXT(B6,"#,###")&" | "&TEXT(B13,"0.0%") -> 11,028 | 41.8% | C20: =TEXT(C6,"#,###")&" | "&TEXT(C13,"0.0%") -> 11,767 | 42.5% | D20: =TEXT(D6,"#,###")&" | "&TEXT(D13,"0.0%") -> 11,602 | 42.7% | E20: =TEXT(E6,"#,###")&" | "&TEXT(E13,"0.0%") -> 10,463 | 40.8% | F20: =TEXT(F6,"#,###")&" | "&TEXT(F13,"0.0%") -> 10,280 | 41.1% | G20: =TEXT(G6,"#,###")&" | "&TEXT(G13,"0.0%") -> 9,905 | 39.4%
A21: Phó sản thu hồi | B21: =TEXT(B7,"#,###")&" | "&TEXT(B14,"0.0%") -> -1,337 | -5.1% | C21: =TEXT(C7,"#,###")&" | "&TEXT(C14,"0.0%") -> -1,374 | -5.0% | D21: =TEXT(D7,"#,###")&" | "&TEXT(D14,"0.0%") -> -1,350 | -5.0% | E21: =TEXT(E7,"#,###")&" | "&TEXT(E14,"0.0%") -> -1,325 | -5.2% | F21: =TEXT(F7,"#,###")&" | "&TEXT(F14,"0.0%") -> -1,299 | -5.2% | G21: =TEXT(G7,"#,###")&" | "&TEXT(G14,"0.0%") -> -1,728 | -6.9%
A22: Tổng | B22: =TEXT(B8,"#,###")&" | "&TEXT(B15,"0.0%") -> 26,370 | 100.0% | C22: =TEXT(C8,"#,###")&" | "&TEXT(C15,"0.0%") -> 27,679 | 100.0% | D22: =TEXT(D8,"#,###")&" | "&TEXT(D15,"0.0%") -> 27,154 | 100.0% | E22: =TEXT(E8,"#,###")&" | "&TEXT(E15,"0.0%") -> 25,615 | 100.0% | F22: =TEXT(F8,"#,###")&" | "&TEXT(F15,"0.0%") -> 25,032 | 100.0% | G22: =TEXT(G8,"#,###")&" | "&TEXT(G15,"0.0%") -> 25,111 | 100.0%

Sheet TP_USD
B2: 26.5
A3: Trạm | B3: Hạt-Trung bình | C3: iSS01048G | D3: iSS01G | E3: WSS01G | F3: WSS03G | G3: WSS03NC
A4: Nhựa | B4: =AVERAGE(C4:F4) -> 551.79733 | C4: =TP_VND!C4/$B$2 -> 571.87903 | D4: =TP_VND!D4/$B$2 -> 559.20093 | E4: =TP_VND!E4/$B$2 -> 545.10343 | F4: =TP_VND!F4/$B$2 -> 531.00593 | G4: =TP_VND!G4/$B$2 -> 562.40613
A5: Chi phí hao hụt | B5: =AVERAGE(C5:F5) -> 77.588022 | C5: =TP_VND!C5/$B$2 -> 80.411702 | D5: =TP_VND!D5/$B$2 -> 78.62904 | E5: =TP_VND!E5/$B$2 -> 76.646795 | F5: =TP_VND!F5/$B$2 -> 74.664551 | G5: =TP_VND!G5/$B$2 -> 76.646795
A6: Chi phí sản xuất | B6: =AVERAGE(C6:F6) -> 416.16008 | C6: =TP_VND!C6/$B$2 -> 444.04791 | D6: =TP_VND!D6/$B$2 -> 437.82855 | E6: =TP_VND!E6/$B$2 -> 394.83977 | F6: =TP_VND!F6/$B$2 -> 387.9241 | G6: =TP_VND!G6/$B$2 -> 373.76047
A7: Phó sản thu hồi | B7: =AVERAGE(C7:F7) -> -50.446816 | C7: =TP_VND!C7/$B$2 -> -51.840787 | D7: =TP_VND!D7/$B$2 -> -50.960737 | E7: =TP_VND!E7/$B$2 -> -49.98216 | F7: =TP_VND!F7/$B$2 -> -49.003582 | G7: =TP_VND!G7/$B$2 -> -65.222438
A8: Tổng | B8: =SUM(B4:B7) -> 995.09862 | C8: =SUM(C4:C7) -> 1044.4979 | D8: =SUM(D4:D7) -> 1024.6978 | E8: =SUM(E4:E7) -> 966.60784 | F8: =SUM(F4:F7) -> 944.591 | G8: =SUM(G4:G7) -> 947.59096
A10: Tỷ lệ
A11: Nhựa | B11: =IFERROR(B4/B$8,0) -> 0.55451522 | C11: =IFERROR(C4/C$8,0) -> 0.54751575 | D11: =IFERROR(D4/D$8,0) -> 0.54572279 | E11: =IFERROR(E4/E$8,0) -> 0.56393442 | F11: =IFERROR(F4/F$8,0) -> 0.56215434 | G11: =IFERROR(G4/G$8,0) -> 0.5935115
A12: Chi phí hao hụt | B12: =IFERROR(B5/B$8,0) -> 0.077970183 | C12: =IFERROR(C5/C$8,0) -> 0.076985991 | D12: =IFERROR(D5/D$8,0) -> 0.076733883 | E12: =IFERROR(E5/E$8,0) -> 0.079294614 | F12: =IFERROR(F5/F$8,0) -> 0.079044317 | G12: =IFERROR(G5/G$8,0) -> 0.080885951
A13: Chi phí sản xuất | B13: =IFERROR(B6/B$8,0) -> 0.41820989 | C13: =IFERROR(C6/C$8,0) -> 0.42513052 | D13: =IFERROR(D6/D$8,0) -> 0.42727578 | E13: =IFERROR(E6/E$8,0) -> 0.40847979 | F13: =IFERROR(F6/F$8,0) -> 0.41067944 | G13: =IFERROR(G6/G$8,0) -> 0.39443229
A14: Phó sản thu hồi | B14: =IFERROR(B7/B$8,0) -> -0.050695293 | C14: =IFERROR(C7/C$8,0) -> -0.049632258 | D14: =IFERROR(D7/D$8,0) -> -0.049732455 | E14: =IFERROR(E7/E$8,0) -> -0.051708829 | F14: =IFERROR(F7/F$8,0) -> -0.051878095 | G14: =IFERROR(G7/G$8,0) -> -0.068829739
A15: Tổng | B15: =IFERROR(B8/B$8,0) -> 1 | C15: =IFERROR(C8/C$8,0) -> 1 | D15: =IFERROR(D8/D$8,0) -> 1 | E15: =IFERROR(E8/E$8,0) -> 1 | F15: =IFERROR(F8/F$8,0) -> 1 | G15: =IFERROR(G8/G$8,0) -> 1
A17: Label
A18: Nhựa | B18: =TEXT(B4,"#,###")&" | "&CHAR(10)&TEXT(B11,"0.0%") -> 552 | 55.5% | C18: =TEXT(C4,"#,###")&" | "&CHAR(10)&TEXT(C11,"0.0%") -> 572 | 54.8% | D18: =TEXT(D4,"#,###")&" | "&CHAR(10)&TEXT(D11,"0.0%") -> 559 | 54.6% | E18: =TEXT(E4,"#,###")&" | "&CHAR(10)&TEXT(E11,"0.0%") -> 545 | 56.4% | F18: =TEXT(F4,"#,###")&" | "&CHAR(10)&TEXT(F11,"0.0%") -> 531 | 56.2% | G18: =TEXT(G4,"#,###")&" | "&CHAR(10)&TEXT(G11,"0.0%") -> 562 | 59.4%
A19: Chi phí hao hụt | B19: =TEXT(B5,"#,###")&" | "&TEXT(B12,"0.0%") -> 78 | 7.8% | C19: =TEXT(C5,"#,###")&" | "&TEXT(C12,"0.0%") -> 80 | 7.7% | D19: =TEXT(D5,"#,###")&" | "&TEXT(D12,"0.0%") -> 79 | 7.7% | E19: =TEXT(E5,"#,###")&" | "&TEXT(E12,"0.0%") -> 77 | 7.9% | F19: =TEXT(F5,"#,###")&" | "&TEXT(F12,"0.0%") -> 75 | 7.9% | G19: =TEXT(G5,"#,###")&" | "&TEXT(G12,"0.0%") -> 77 | 8.1%
A20: Chi phí sản xuất | B20: =TEXT(B6,"#,###")&" | "&TEXT(B13,"0.0%") -> 416 | 41.8% | C20: =TEXT(C6,"#,###")&" | "&TEXT(C13,"0.0%") -> 444 | 42.5% | D20: =TEXT(D6,"#,###")&" | "&TEXT(D13,"0.0%") -> 438 | 42.7% | E20: =TEXT(E6,"#,###")&" | "&TEXT(E13,"0.0%") -> 395 | 40.8% | F20: =TEXT(F6,"#,###")&" | "&TEXT(F13,"0.0%") -> 388 | 41.1% | G20: =TEXT(G6,"#,###")&" | "&TEXT(G13,"0.0%") -> 374 | 39.4%
A21: Phó sản thu hồi | B21: =TEXT(B7,"#,###")&" | "&TEXT(B14,"0.0%") -> -50 | -5.1% | C21: =TEXT(C7,"#,###")&" | "&TEXT(C14,"0.0%") -> -52 | -5.0% | D21: =TEXT(D7,"#,###")&" | "&TEXT(D14,"0.0%") -> -51 | -5.0% | E21: =TEXT(E7,"#,###")&" | "&TEXT(E14,"0.0%") -> -50 | -5.2% | F21: =TEXT(F7,"#,###")&" | "&TEXT(F14,"0.0%") -> -49 | -5.2% | G21: =TEXT(G7,"#,###")&" | "&TEXT(G14,"0.0%") -> -65 | -6.9%
A22: Tổng | B22: =TEXT(B8,"#,###")&" | "&TEXT(B15,"0.0%") -> 995 | 100.0% | C22: =TEXT(C8,"#,###")&" | "&TEXT(C15,"0.0%") -> 1,044 | 100.0% | D22: =TEXT(D8,"#,###")&" | "&TEXT(D15,"0.0%") -> 1,025 | 100.0% | E22: =TEXT(E8,"#,###")&" | "&TEXT(E15,"0.0%") -> 967 | 100.0% | F22: =TEXT(F8,"#,###")&" | "&TEXT(F15,"0.0%") -> 945 | 100.0% | G22: =TEXT(G8,"#,###")&" | "&TEXT(G15,"0.0%") -> 948 | 100.0%

Sheet Thành phẩm (Mix)
B2: Tổng | E2: iSS01048G | H2: iSS01G | K2: WSS01G | N2: WSS03G
B3: TC | C3: DT | D3: MN | E3: TC | F3: DT | G3: MN | H3: TC | I3: DT | J3: MN | K3: TC | L3: DT | M3: MN | N3: TC | O3: DT | P3: MN
A4: Tỷ lệ chai | B4: =SUM(B5:B10) -> 0 | C4: =SUM(C5:C10) -> 0 | D4: =SUM(D5:D10) -> 0 | E4: =SUM(E5:E10) -> 0 | F4: =SUM(F5:F10) -> 0 | G4: =SUM(G5:G10) -> 0 | H4: =SUM(H5:H10) -> 0 | I4: =SUM(I5:I10) -> 0 | ... P4: =SUM(P5:P10) -> 0
A5: Vảy B1 | B5: =C5+D5 -> 0 | C5: =F5+I5+L5+O5 -> 0 | D5: =G5+J5+M5+P5 -> 0 | E5: =F5+G5 -> 0 | H5: =I5+J5 -> 0 | K5: =L5+M5 -> 0 | N5: =O5+P5 -> 0
A6: Vảy B2 | B6: =C6+D6 -> 0 | C6: =F6+I6+L6+O6 -> 0 | D6: =G6+J6+M6+P6 -> 0 | E6: =F6+G6 -> 0 | H6: =I6+J6 -> 0 | K6: =L6+M6 -> 0 | N6: =O6+P6 -> 0
A7: Vảy B4 | B7: =C7+D7 -> 0 | C7: =F7+I7+L7+O7 -> 0 | D7: =G7+J7+M7+P7 -> 0 | E7: =F7+G7 -> 0 | H7: =I7+J7 -> 0 | K7: =L7+M7 -> 0 | N7: =O7+P7 -> 0
A8: Vảy B5 | B8: =C8+D8 -> 0 | C8: =F8+I8+L8+O8 -> 0 | D8: =G8+J8+M8+P8 -> 0 | E8: =F8+G8 -> 0 | H8: =I8+J8 -> 0 | K8: =L8+M8 -> 0 | N8: =O8+P8 -> 0
A9: Vảy B6 | B9: =C9+D9 -> 0 | C9: =F9+I9+L9+O9 -> 0 | D9: =G9+J9+M9+P9 -> 0 | E9: =F9+G9 -> 0 | H9: =I9+J9 -> 0 | K9: =L9+M9 -> 0 | N9: =O9+P9 -> 0
A10: Vảy B7 | B10: =C10+D10 -> 0 | C10: =F10+I10+L10+O10 -> 0 | D10: =G10+J10+M10+P10 -> 0 | E10: =F10+G10 -> 0 | H10: =I10+J10 -> 0 | K10: =L10+M10 -> 0 | N10: =O10+P10 -> 0
B12: Tổng | E12: iSS01048G | H12: iSS01G | K12: WSS01G | N12: WSS03G
B13: TC | C13: DT | D13: MN | E13: TC | F13: DT | G13: MN | H13: TC | I13: DT | J13: MN | K13: TC | L13: DT | M13: MN | N13: TC | O13: DT | P13: MN
A14: Tỷ lệ Vảy | B14: =SUM(B15:B20) -> 0.94682169 | C14: =SUM(C15:C20) -> 0.46667505 | D14: =SUM(D15:D20) -> 0.48014665 | E14: =SUM(E15:E20) -> 0.94682169 | F14: =SUM(F15:F20) -> 0.46667505 | G14: =SUM(G15:G20) -> 0.48014665 | H14: =SUM(H15:H20) -> 0 | I14: =SUM(I15:I20) -> 0 | ... P14: =SUM(P15:P20) -> 0
A15: Vảy B1 | B15: =C15+D15 -> 0.94682169 | C15: =F15+I15+L15+O15 -> 0.46667505 | D15: =G15+J15+M15+P15 -> 0.48014665 | E15: =F15+G15 -> 0.94682169 | F15: ='[3]Xuất-2026'!$F$16 -> 0.46667505 | G15: ='[3]Xuất-2026'!$D$16 -> 0.48014665 | H15: =I15+J15 -> 0 | K15: =L15+M15 -> 0 | N15: =O15+P15 -> 0
A16: Vảy B2 | B16: =C16+D16 -> 0 | C16: =F16+I16+L16+O16 -> 0 | D16: =G16+J16+M16+P16 -> 0 | E16: =F16+G16 -> 0 | H16: =I16+J16 -> 0 | K16: =L16+M16 -> 0 | N16: =O16+P16 -> 0
A17: Vảy B4 | B17: =C17+D17 -> 0 | C17: =F17+I17+L17+O17 -> 0 | D17: =G17+J17+M17+P17 -> 0 | E17: =F17+G17 -> 0 | H17: =I17+J17 -> 0 | K17: =L17+M17 -> 0 | N17: =O17+P17 -> 0
A18: Vảy B5 | B18: =C18+D18 -> 0 | C18: =F18+I18+L18+O18 -> 0 | D18: =G18+J18+M18+P18 -> 0 | E18: =F18+G18 -> 0 | H18: =I18+J18 -> 0 | K18: =L18+M18 -> 0 | N18: =O18+P18 -> 0
A19: Vảy B6 | B19: =C19+D19 -> 0 | C19: =F19+I19+L19+O19 -> 0 | D19: =G19+J19+M19+P19 -> 0 | E19: =F19+G19 -> 0 | H19: =I19+J19 -> 0 | K19: =L19+M19 -> 0 | N19: =O19+P19 -> 0
A20: Vảy B7 | B20: =C20+D20 -> 0 | C20: =F20+I20+L20+O20 -> 0 | D20: =G20+J20+M20+P20 -> 0 | E20: =F20+G20 -> 0 | H20: =I20+J20 -> 0 | K20: =L20+M20 -> 0 | N20: =O20+P20 -> 0

Sheet Thành phẩm
B2: iSS01048G | C2: iSS01G | D2: WSS01G | E2: WSS03G
A3: Tỷ lệ chai | B3: =SUM(B4:B8) -> 1 | C3: =SUM(C4:C8) -> 1 | D3: =SUM(D4:D8) -> 1 | E3: =SUM(E4:E8) -> 1
A4: Chai B1 | B4: 1 | C4: 1 | D4: 1 | E4: 1
A5: Chai B2
A6: Chai B4
A7: Chai B5
A8: Chai B6
A9: Chai B7
B11: iSS01048G | C11: iSS01G | D11: WSS01G | E11: WSS03G
A12: Tỷ lệ Vảy | B12: =SUM(B13:B17) -> 1 | C12: =SUM(C13:C17) -> 0 | D12: =SUM(D13:D17) -> 0 | E12: =SUM(E13:E17) -> 0
A13: Vảy B1 | B13: 1
A14: Vảy B2
A15: Vảy B4
A16: Vảy B5
A17: Vảy B6
A18: Vảy B7
