Workbook
Name Chai_B0: 'General Data'!$B$3

Sheet General Data
A1: ĐƠN GIÁ CHAI | C1: Tỷ lệ Hao Hụt
A3: Chai B0 | B3: 11300 | C3: 0.1
A4: Chai-Trung bình | B4: =_xlfn.XLOOKUP($A4,Chai!$B$3:$G$3,Chai!$B$8:$G$8) -> 16430
A5: Chai B1 | B5: =_xlfn.XLOOKUP($A5,Chai!$B$3:$G$3,Chai!$B$8:$G$8) -> 16430
A6: Chai B2 | B6: =_xlfn.XLOOKUP($A6,Chai!$B$3:$G$3,Chai!$B$8:$G$8) -> 16430
A7: Chai B4 | B7: =_xlfn.XLOOKUP($A7,Chai!$B$3:$G$3,Chai!$B$8:$G$8) -> 16430
A8: Chai B5 | B8: =_xlfn.XLOOKUP($A8,Chai!$B$3:$G$3,Chai!$B$8:$G$8) -> 16430
A9: Chai B6 | B9: =_xlfn.XLOOKUP($A9,Chai!$B$3:$G$3,Chai!$B$8:$G$8) -> 16430
A10: Chai B7 | B10: =5500/0.66 -> 8333.3333
A13: ĐƠN GIÁ VẢY | C13: Tỷ lệ Hao Hụt
A14: Vảy BX | B14: 11300 | C14: 0.1
A15: Vảy-Trung bình | B15: =_xlfn.XLOOKUP($A15,Chai!$B$3:$G$3,Chai!$B$8:$G$8) -> #N/A
A16: Vảy B1 | B16: =_xlfn.XLOOKUP($A16,Chai!$B$3:$G$3,Chai!$B$8:$G$8) -> #N/A
A17: Vảy B2 | B17: =_xlfn.XLOOKUP($A17,Chai!$B$3:$G$3,Chai!$B$8:$G$8) -> #N/A
A18: Vảy B4 | B18: =_xlfn.XLOOKUP($A18,Chai!$B$3:$G$3,Chai!$B$8:$G$8) -> #N/A
A19: Vảy B5 | B19: =_xlfn.XLOOKUP($A19,Chai!$B$3:$G$3,Chai!$B$8:$G$8) -> #N/A
A20: Vảy B6 | B20: =_xlfn.XLOOKUP($A20,Chai!$B$3:$G$3,Chai!$B$8:$G$8) -> #N/A
A21: Vảy B7 | B21: =5500/0.66 -> 8333.3333

Sheet Chai
A3: Trạm | B3: Chai-Trung bình | C3: Chai B1 | D3: Chai B2 | E3: Chai B4 | F3: Chai B5 | G3: Chai B6
A4: Chai B0 | B4: =Chai_B0 -> 11300 | C4: =$B4 -> 11300 | D4: =$B4 -> 11300 | E4: =$B4 -> 11300 | F4: =$B4 -> 11300 | G4: =$B4 -> 11300
A5: Chi phí hao hụt | B5: =B4*'General Data'!C3 -> 1130 | C5: =$B5 -> 1130 | D5: =$B5 -> 1130 | E5: =$B5 -> 1130 | F5: =$B5 -> 1130 | G5: =$B5 -> 1130
A6: Chi phí sản xuất | B6: 3000 | C6: 3000 | D6: 3000 | E6: 3000 | F6: 3000 | G6: 3000
A7: Chi phí khác | B7: 1000 | C7: 1000 | D7: 1000 | E7: 1000 | F7: 1000 | G7: 1000
A8: Tổng | B8: =SUM(B4:B7) -> 16430 | C8: =SUM(C4:C7) -> 16430 | D8: =SUM(D4:D7) -> 16430 | E8: =SUM(E4:E7) -> 16430 | F8: =SUM(F4:F7) -> 16430 | G8: =SUM(G4:G7) -> 16430
A10: Tỷ lệ
A11: Chai B0 | B11: =IFERROR(B4/B$8,0) -> 0.68776628 | C11: =IFERROR(C4/C$8,0) -> 0.68776628 | D11: =IFERROR(D4/D$8,0) -> 0.68776628 | E11: =IFERROR(E4/E$8,0) -> 0.68776628 | F11: =IFERROR(F4/F$8,0) -> 0.68776628 | G11: =IFERROR(G4/G$8,0) -> 0.68776628
A12: Chi phí hao hụt | B12: =IFERROR(B5/B$8,0) -> 0.068776628 | C12: =IFERROR(C5/C$8,0) -> 0.068776628 | D12: =IFERROR(D5/D$8,0) -> 0.068776628 | E12: =IFERROR(E5/E$8,0) -> 0.068776628 | F12: =IFERROR(F5/F$8,0) -> 0.068776628 | G12: =IFERROR(G5/G$8,0) -> 0.068776628
A13: Chi phí sản xuất | B13: =IFERROR(B6/B$8,0) -> 0.18259282 | C13: =IFERROR(C6/C$8,0) -> 0.18259282 | D13: =IFERROR(D6/D$8,0) -> 0.18259282 | E13: =IFERROR(E6/E$8,0) -> 0.18259282 | F13: =IFERROR(F6/F$8,0) -> 0.18259282 | G13: =IFERROR(G6/G$8,0) -> 0.18259282
A14: Chi phí khác | B14: =IFERROR(B7/B$8,0) -> 0.060864273 | C14: =IFERROR(C7/C$8,0) -> 0.060864273 | D14: =IFERROR(D7/D$8,0) -> 0.060864273 | E14: =IFERROR(E7/E$8,0) -> 0.060864273 | F14: =IFERROR(F7/F$8,0) -> 0.060864273 | G14: =IFERROR(G7/G$8,0) -> 0.060864273
A15: Tổng | B15: =IFERROR(B8/B$8,0) -> 1 | C15: =IFERROR(C8/C$8,0) -> 1 | D15: =IFERROR(D8/D$8,0) -> 1 | E15: =IFERROR(E8/E$8,0) -> 1 | F15: =IFERROR(F8/F$8,0) -> 1 | G15: =IFERROR(G8/G$8,0) -> 1
A17: Label
A18: Chai B0 | B18: =TEXT(B4,"#,###")&" | "&CHAR(10)&TEXT(B11,"0.0%") -> 11,300 | 68.8% | C18: =TEXT(C4,"#,###")&" | "&CHAR(10)&TEXT(C11,"0.0%") -> 11,300 | 68.8% | D18: =TEXT(D4,"#,###")&" | "&CHAR(10)&TEXT(D11,"0.0%") -> 11,300 | 68.8% | E18: =TEXT(E4,"#,###")&" | "&CHAR(10)&TEXT(E11,"0.0%") -> 11,300 | 68.8% | F18: =TEXT(F4,"#,###")&" | "&CHAR(10)&TEXT(F11,"0.0%") -> 11,300 | 68.8% | G18: =TEXT(G4,"#,###")&" | "&CHAR(10)&TEXT(G11,"0.0%") -> 11,300 | 68.8%
A19: Chi phí hao hụt | B19: =TEXT(B5,"#,###")&" | "&TEXT(B12,"0.0%") -> 1,130 | 6.9% | C19: =TEXT(C5,"#,###")&" | "&TEXT(C12,"0.0%") -> 1,130 | 6.9% | D19: =TEXT(D5,"#,###")&" | "&TEXT(D12,"0.0%") -> 1,130 | 6.9% | E19: =TEXT(E5,"#,###")&" | "&TEXT(E12,"0.0%") -> 1,130 | 6.9% | F19: =TEXT(F5,"#,###")&" | "&TEXT(F12,"0.0%") -> 1,130 | 6.9% | G19: =TEXT(G5,"#,###")&" | "&TEXT(G12,"0.0%") -> 1,130 | 6.9%
A20: Chi phí sản xuất | B20: =TEXT(B6,"#,###")&" | "&TEXT(B13,"0.0%") -> 3,000 | 18.3% | C20: =TEXT(C6,"#,###")&" | "&TEXT(C13,"0.0%") -> 3,000 | 18.3% | D20: =TEXT(D6,"#,###")&" | "&TEXT(D13,"0.0%") -> 3,000 | 18.3% | E20: =TEXT(E6,"#,###")&" | "&TEXT(E13,"0.0%") -> 3,000 | 18.3% | F20: =TEXT(F6,"#,###")&" | "&TEXT(F13,"0.0%") -> 3,000 | 18.3% | G20: =TEXT(G6,"#,###")&" | "&TEXT(G13,"0.0%") -> 3,000 | 18.3%
A21: Chi phí khác | B21: =TEXT(B7,"#,###")&" | "&TEXT(B14,"0.0%") -> 1,000 | 6.1% | C21: =TEXT(C7,"#,###")&" | "&TEXT(C14,"0.0%") -> 1,000 | 6.1% | D21: =TEXT(D7,"#,###")&" | "&TEXT(D14,"0.0%") -> 1,000 | 6.1% | E21: =TEXT(E7,"#,###")&" | "&TEXT(E14,"0.0%") -> 1,000 | 6.1% | F21: =TEXT(F7,"#,###")&" | "&TEXT(F14,"0.0%") -> 1,000 | 6.1% | G21: =TEXT(G7,"#,###")&" | "&TEXT(G14,"0.0%") -> 1,000 | 6.1%
A22: Tổng | B22: =TEXT(B8,"#,###")&" | "&TEXT(B15,"0.0%") -> 16,430 | 100.0% | C22: =TEXT(C8,"#,###")&" | "&TEXT(C15,"0.0%") -> 16,430 | 100.0% | D22: =TEXT(D8,"#,###")&" | "&TEXT(D15,"0.0%") -> 16,430 | 100.0% | E22: =TEXT(E8,"#,###")&" | "&TEXT(E15,"0.0%") -> 16,430 | 100.0% | F22: =TEXT(F8,"#,###")&" | "&TEXT(F15,"0.0%") -> 16,430 | 100.0% | G22: =TEXT(G8,"#,###")&" | "&TEXT(G15,"0.0%") -> 16,430 | 100.0%

Sheet Vảy
A3: Trạm | B3: Vảy-Trung bình | C3: Vảy B1 | D3: Vảy B2 | E3: Vảy B4 | F3: Vảy B5 | G3: Vảy B6
A4: Vảy BX | B4: 10000 | C4: 10000 | D4: 10000 | E4: 10000 | F4: 10000 | G4: 10000
A5: Chi phí hao hụt | B5: 2000 | C5: 2000 | D5: 2000 | E5: 2000 | F5: 2000 | G5: 2000
A6: Chi phí sản xuất | B6: 3000 | C6: 3500 | D6: 3000 | E6: 3000 | F6: 3000 | G6: 3000
A7: Chi phí khác | B7: 1000 | C7: 1000 | D7: 1000 | E7: 1000 | F7: 1000 | G7: 1000
A8: Tổng | B8: =SUM(B4:B7) -> 16000 | C8: =SUM(C4:C7) -> 16500 | D8: =SUM(D4:D7) -> 16000 | E8: =SUM(E4:E7) -> 16000 | F8: =SUM(F4:F7) -> 16000 | G8: =SUM(G4:G7) -> 16000
A10: Tỷ lệ
A11: Vảy B0 | B11: =IFERROR(B4/B$8,0) -> 0.625 | C11: =IFERROR(C4/C$8,0) -> 0.60606061 | D11: =IFERROR(D4/D$8,0) -> 0.625 | E11: =IFERROR(E4/E$8,0) -> 0.625 | F11: =IFERROR(F4/F$8,0) -> 0.625 | G11: =IFERROR(G4/G$8,0) -> 0.625
A12: Chi phí hao hụt | B12: =IFERROR(B5/B$8,0) -> 0.125 | C12: =IFERROR(C5/C$8,0) -> 0.12121212 | D12: =IFERROR(D5/D$8,0) -> 0.125 | E12: =IFERROR(E5/E$8,0) -> 0.125 | F12: =IFERROR(F5/F$8,0) -> 0.125 | G12: =IFERROR(G5/G$8,0) -> 0.125
A13: Chi phí sản xuất | B13: =IFERROR(B6/B$8,0) -> 0.1875 | C13: =IFERROR(C6/C$8,0) -> 0.21212121 | D13: =IFERROR(D6/D$8,0) -> 0.1875 | E13: =IFERROR(E6/E$8,0) -> 0.1875 | F13: =IFERROR(F6/F$8,0) -> 0.1875 | G13: =IFERROR(G6/G$8,0) -> 0.1875
A14: Chi phí khác | B14: =IFERROR(B7/B$8,0) -> 0.0625 | C14: =IFERROR(C7/C$8,0) -> 0.060606061 | D14: =IFERROR(D7/D$8,0) -> 0.0625 | E14: =IFERROR(E7/E$8,0) -> 0.0625 | F14: =IFERROR(F7/F$8,0) -> 0.0625 | G14: =IFERROR(G7/G$8,0) -> 0.0625
A15: Tổng | B15: =IFERROR(B8/B$8,0) -> 1 | C15: =IFERROR(C8/C$8,0) -> 1 | D15: =IFERROR(D8/D$8,0) -> 1 | E15: =IFERROR(E8/E$8,0) -> 1 | F15: =IFERROR(F8/F$8,0) -> 1 | G15: =IFERROR(G8/G$8,0) -> 1
A17: Label
A18: Vảy BX | B18: =TEXT(B4,"#,###")&" | "&CHAR(10)&TEXT(B11,"0.0%") -> 10,000 | 62.5% | C18: =TEXT(C4,"#,###")&" | "&CHAR(10)&TEXT(C11,"0.0%") -> 10,000 | 60.6% | D18: =TEXT(D4,"#,###")&" | "&CHAR(10)&TEXT(D11,"0.0%") -> 10,000 | 62.5% | E18: =TEXT(E4,"#,###")&" | "&CHAR(10)&TEXT(E11,"0.0%") -> 10,000 | 62.5% | F18: =TEXT(F4,"#,###")&" | "&CHAR(10)&TEXT(F11,"0.0%") -> 10,000 | 62.5% | G18: =TEXT(G4,"#,###")&" | "&CHAR(10)&TEXT(G11,"0.0%") -> 10,000 | 62.5%
A19: Chi phí hao hụt | B19: =TEXT(B5,"#,###")&" | "&TEXT(B12,"0.0%") -> 2,000 | 12.5% | C19: =TEXT(C5,"#,###")&" | "&TEXT(C12,"0.0%") -> 2,000 | 12.1% | D19: =TEXT(D5,"#,###")&" | "&TEXT(D12,"0.0%") -> 2,000 | 12.5% | E19: =TEXT(E5,"#,###")&" | "&TEXT(E12,"0.0%") -> 2,000 | 12.5% | F19: =TEXT(F5,"#,###")&" | "&TEXT(F12,"0.0%") -> 2,000 | 12.5% | G19: =TEXT(G5,"#,###")&" | "&TEXT(G12,"0.0%") -> 2,000 | 12.5%
A20: Chi phí sản xuất | B20: =TEXT(B6,"#,###")&" | "&TEXT(B13,"0.0%") -> 3,000 | 18.8% | C20: =TEXT(C6,"#,###")&" | "&TEXT(C13,"0.0%") -> 3,500 | 21.2% | D20: =TEXT(D6,"#,###")&" | "&TEXT(D13,"0.0%") -> 3,000 | 18.8% | E20: =TEXT(E6,"#,###")&" | "&TEXT(E13,"0.0%") -> 3,000 | 18.8% | F20: =TEXT(F6,"#,###")&" | "&TEXT(F13,"0.0%") -> 3,000 | 18.8% | G20: =TEXT(G6,"#,###")&" | "&TEXT(G13,"0.0%") -> 3,000 | 18.8%
A21: Chi phí khác | B21: =TEXT(B7,"#,###")&" | "&TEXT(B14,"0.0%") -> 1,000 | 6.3% | C21: =TEXT(C7,"#,###")&" | "&TEXT(C14,"0.0%") -> 1,000 | 6.1% | D21: =TEXT(D7,"#,###")&" | "&TEXT(D14,"0.0%") -> 1,000 | 6.3% | E21: =TEXT(E7,"#,###")&" | "&TEXT(E14,"0.0%") -> 1,000 | 6.3% | F21: =TEXT(F7,"#,###")&" | "&TEXT(F14,"0.0%") -> 1,000 | 6.3% | G21: =TEXT(G7,"#,###")&" | "&TEXT(G14,"0.0%") -> 1,000 | 6.3%
A22: Tổng | B22: =TEXT(B8,"#,###")&" | "&TEXT(B15,"0.0%") -> 16,000 | 100.0% | C22: =TEXT(C8,"#,###")&" | "&TEXT(C15,"0.0%") -> 16,500 | 100.0% | D22: =TEXT(D8,"#,###")&" | "&TEXT(D15,"0.0%") -> 16,000 | 100.0% | E22: =TEXT(E8,"#,###")&" | "&TEXT(E15,"0.0%") -> 16,000 | 100.0% | F22: =TEXT(F8,"#,###")&" | "&TEXT(F15,"0.0%") -> 16,000 | 100.0% | G22: =TEXT(G8,"#,###")&" | "&TEXT(G15,"0.0%") -> 16,000 | 100.0%

Sheet Thành phẩm
B2: iSS01048G | C2: iSS01G | D2: WSS01G | E2: WSS03G
A3: Tỷ lệ chai | B3: =SUM(B4:B8) -> 1 | C3: =SUM(C4:C8) -> 0 | D3: =SUM(D4:D8) -> 0 | E3: =SUM(E4:E8) -> 0
A4: Chai B1 | B4: 1
A5: Chai B2
A6: Chai B4
A7: Chai B5
A8: Chai B6
A9: Chai B7
B11: iSS01048G | C11: iSS01G | D11: WSS01G | E11: WSS03G
A12: Tỷ lệ Vảy | B12: =SUM(B13:B17) -> 1 | C12: =SUM(C13:C17) -> 0 | D12: =SUM(D13:D17) -> 0 | E12: =SUM(E13:E17) -> 0
A13: Vảy B1 | B13: 1
A14: Vảy B2
A15: Vảy B4
A16: Vảy B5
A17: Vảy B6
A18: Vảy B7
