Workbook

Sheet Sheet1
B2: SL bán (tấn) | C2: Nhóm hàng | D2: 1 | E2: 2 | F2: 3 | G2: 4 | H2: 5 | I2: 6 | J2: 7 | K2: 8 | L2: 9 | M2: 10 | N2: 11 | O2: 12 | P2: Tổng
B3: Unilever | C3: rPET | D3: =SUMIFS(data!$I:$I,data!$B:$B,Sheet1!$B3,data!$A:$A,Sheet1!D$2,data!$F:$F,Sheet1!$C3)/1000 -> 253 | E3: =SUMIFS(data!$I:$I,data!$B:$B,Sheet1!$B3,data!$A:$A,Sheet1!E$2,data!$F:$F,Sheet1!$C3)/1000 -> 363 | F3: =SUMIFS(data!$I:$I,data!$B:$B,Sheet1!$B3,data!$A:$A,Sheet1!F$2,data!$F:$F,Sheet1!$C3)/1000 -> 249.7 | G3: =SUMIFS(data!$I:$I,data!$B:$B,Sheet1!$B3,data!$A:$A,Sheet1!G$2,data!$F:$F,Sheet1!$C3)/1000 -> 176 | H3: =SUMIFS(data!$I:$I,data!$B:$B,Sheet1!$B3,data!$A:$A,Sheet1!H$2,data!$F:$F,Sheet1!$C3)/1000 -> 242 | I3: =SUMIFS(data!$I:$I,data!$B:$B,Sheet1!$B3,data!$A:$A,Sheet1!I$2,data!$F:$F,Sheet1!$C3)/1000 -> 341 | J3: =SUMIFS(data!$I:$I,data!$B:$B,Sheet1!$B3,data!$A:$A,Sheet1!J$2,data!$F:$F,Sheet1!$C3)/1000 -> 220 | K3: =SUMIFS(data!$I:$I,data!$B:$B,Sheet1!$B3,data!$A:$A,Sheet1!K$2,data!$F:$F,Sheet1!$C3)/1000 -> 434.5 | ... O3: =SUMIFS(data!$I:$I,data!$B:$B,Sheet1!$B3,data!$A:$A,Sheet1!O$2,data!$F:$F,Sheet1!$C3)/1000 -> 0 | P3: =SUM(D3:O3) -> 3401.2
B4: Tổng | C4: rPET | D4: =SUMIFS(data!$I:$I,data!$A:$A,Sheet1!D$2,data!$F:$F,Sheet1!$C4)/1000 -> 3296.1493 | E4: =SUMIFS(data!$I:$I,data!$A:$A,Sheet1!E$2,data!$F:$F,Sheet1!$C4)/1000 -> 5148 | F4: =SUMIFS(data!$I:$I,data!$A:$A,Sheet1!F$2,data!$F:$F,Sheet1!$C4)/1000 -> 4019.3 | G4: =SUMIFS(data!$I:$I,data!$A:$A,Sheet1!G$2,data!$F:$F,Sheet1!$C4)/1000 -> 3574.4 | H4: =SUMIFS(data!$I:$I,data!$A:$A,Sheet1!H$2,data!$F:$F,Sheet1!$C4)/1000 -> 4207.0103 | I4: =SUMIFS(data!$I:$I,data!$A:$A,Sheet1!I$2,data!$F:$F,Sheet1!$C4)/1000 -> 3103.083 | J4: =SUMIFS(data!$I:$I,data!$A:$A,Sheet1!J$2,data!$F:$F,Sheet1!$C4)/1000 -> 3670.3491 | K4: =SUMIFS(data!$I:$I,data!$A:$A,Sheet1!K$2,data!$F:$F,Sheet1!$C4)/1000 -> 4344.593 | ... O4: =SUMIFS(data!$I:$I,data!$A:$A,Sheet1!O$2,data!$F:$F,Sheet1!$C4)/1000 -> 0 | P4: =SUM(D4:O4) -> 37514.945
B5: % SL bán/ tổng SL | C5: rPET | D5: =D3/D4 -> 0.076756232 | E5: =E3/E4 -> 0.070512821 | F5: =F3/F4 -> 0.062125246 | G5: =G3/G4 -> 0.049239033 | H5: =H3/H4 -> 0.057523035 | I5: =I3/I4 -> 0.10989071 | J5: =J3/J4 -> 0.059939802 | K5: =K3/K4 -> 0.10000937 | ... P5: =P3/P4 -> 0.090662535
B7: Doanh thu (trđ) | C7: Nhóm hàng | D7: 1 | E7: 2 | F7: 3 | G7: 4 | H7: 5 | I7: 6 | J7: 7 | K7: 8 | L7: 9 | M7: 10 | N7: 11 | O7: 12 | P7: Tổng
B8: Unilever | C8: rPET | D8: =SUMIFS(data!$J:$J,data!$B:$B,Sheet1!$B8,data!$A:$A,Sheet1!D$7,data!$F:$F,Sheet1!$C8)/10^6 -> 8243.917 | E8: =SUMIFS(data!$J:$J,data!$B:$B,Sheet1!$B8,data!$A:$A,Sheet1!E$7,data!$F:$F,Sheet1!$C8)/10^6 -> 11986.26 | F8: =SUMIFS(data!$J:$J,data!$B:$B,Sheet1!$B8,data!$A:$A,Sheet1!F$7,data!$F:$F,Sheet1!$C8)/10^6 -> 8230.4563 | G8: =SUMIFS(data!$J:$J,data!$B:$B,Sheet1!$B8,data!$A:$A,Sheet1!G$7,data!$F:$F,Sheet1!$C8)/10^6 -> 5643.088 | H8: =SUMIFS(data!$J:$J,data!$B:$B,Sheet1!$B8,data!$A:$A,Sheet1!H$7,data!$F:$F,Sheet1!$C8)/10^6 -> 7759.246 | I8: =SUMIFS(data!$J:$J,data!$B:$B,Sheet1!$B8,data!$A:$A,Sheet1!I$7,data!$F:$F,Sheet1!$C8)/10^6 -> 10933.478 | J8: =SUMIFS(data!$J:$J,data!$B:$B,Sheet1!$B8,data!$A:$A,Sheet1!J$7,data!$F:$F,Sheet1!$C8)/10^6 -> 7105.868 | K8: =SUMIFS(data!$J:$J,data!$B:$B,Sheet1!$B8,data!$A:$A,Sheet1!K$7,data!$F:$F,Sheet1!$C8)/10^6 -> 14431.947 | ... O8: =SUMIFS(data!$J:$J,data!$B:$B,Sheet1!$B8,data!$A:$A,Sheet1!O$7,data!$F:$F,Sheet1!$C8)/10^6 -> 0 | P8: =SUM(D8:O8) -> 111914.41
B9: Tổng | C9: rPET | D9: =SUMIFS(data!$J:$J,data!$A:$A,Sheet1!D$7,data!$F:$F,Sheet1!$C9)/10^6 -> 104654.64 | E9: =SUMIFS(data!$J:$J,data!$A:$A,Sheet1!E$7,data!$F:$F,Sheet1!$C9)/10^6 -> 169867.35 | F9: =SUMIFS(data!$J:$J,data!$A:$A,Sheet1!F$7,data!$F:$F,Sheet1!$C9)/10^6 -> 128930.7 | G9: =SUMIFS(data!$J:$J,data!$A:$A,Sheet1!G$7,data!$F:$F,Sheet1!$C9)/10^6 -> 115777.55 | H9: =SUMIFS(data!$J:$J,data!$A:$A,Sheet1!H$7,data!$F:$F,Sheet1!$C9)/10^6 -> 139203.9 | I9: =SUMIFS(data!$J:$J,data!$A:$A,Sheet1!I$7,data!$F:$F,Sheet1!$C9)/10^6 -> 101121.31 | J9: =SUMIFS(data!$J:$J,data!$A:$A,Sheet1!J$7,data!$F:$F,Sheet1!$C9)/10^6 -> 117865.98 | K9: =SUMIFS(data!$J:$J,data!$A:$A,Sheet1!K$7,data!$F:$F,Sheet1!$C9)/10^6 -> 142817.26 | ... O9: =SUMIFS(data!$J:$J,data!$A:$A,Sheet1!O$7,data!$F:$F,Sheet1!$C9)/10^6 -> 0 | P9: =SUM(D9:O9) -> 1221433.5
B10: % doanh thu/ tổng DT | C10: rPET | D10: =D8/D9 -> 0.078772586 | E10: =E8/E9 -> 0.070562472 | F10: =F8/F9 -> 0.063836278 | G10: =G8/G9 -> 0.048740779 | H10: =H8/H9 -> 0.055740149 | I10: =I8/I9 -> 0.10812238 | J10: =J8/J9 -> 0.060287692 | K10: =K8/K9 -> 0.10105184 | ... P10: =P8/P9 -> 0.091625467
B13: SL bán (tấn) | C13: Nhóm hàng | D13: 1 | E13: 2 | F13: 3 | G13: 4 | H13: 5 | I13: 6 | J13: 7 | K13: 8 | L13: 9 | M13: 10 | N13: 11 | O13: 12 | P13: Tổng
B14: Unilever | C14: rHDPE | D14: =SUMIFS(data!$I:$I,data!$B:$B,Sheet1!$B14,data!$A:$A,Sheet1!D$2,data!$F:$F,Sheet1!$C14)/1000 -> 148.35 | E14: =SUMIFS(data!$I:$I,data!$B:$B,Sheet1!$B14,data!$A:$A,Sheet1!E$2,data!$F:$F,Sheet1!$C14)/1000 -> 178 | F14: =SUMIFS(data!$I:$I,data!$B:$B,Sheet1!$B14,data!$A:$A,Sheet1!F$2,data!$F:$F,Sheet1!$C14)/1000 -> 215.875 | G14: =SUMIFS(data!$I:$I,data!$B:$B,Sheet1!$B14,data!$A:$A,Sheet1!G$2,data!$F:$F,Sheet1!$C14)/1000 -> 90.75 | H14: =SUMIFS(data!$I:$I,data!$B:$B,Sheet1!$B14,data!$A:$A,Sheet1!H$2,data!$F:$F,Sheet1!$C14)/1000 -> 160.85 | I14: =SUMIFS(data!$I:$I,data!$B:$B,Sheet1!$B14,data!$A:$A,Sheet1!I$2,data!$F:$F,Sheet1!$C14)/1000 -> 189.75 | J14: =SUMIFS(data!$I:$I,data!$B:$B,Sheet1!$B14,data!$A:$A,Sheet1!J$2,data!$F:$F,Sheet1!$C14)/1000 -> 155.375 | K14: =SUMIFS(data!$I:$I,data!$B:$B,Sheet1!$B14,data!$A:$A,Sheet1!K$2,data!$F:$F,Sheet1!$C14)/1000 -> 178.725 | ... O14: =SUMIFS(data!$I:$I,data!$B:$B,Sheet1!$B14,data!$A:$A,Sheet1!O$2,data!$F:$F,Sheet1!$C14)/1000 -> 0 | P14: =SUM(D14:O14) -> 1815.55
B15: Tổng | C15: rHDPE | D15: =SUMIFS(data!$I:$I,data!$A:$A,Sheet1!D$2,data!$F:$F,Sheet1!$C15)/1000 -> 180.85 | E15: =SUMIFS(data!$I:$I,data!$A:$A,Sheet1!E$2,data!$F:$F,Sheet1!$C15)/1000 -> 311.5 | F15: =SUMIFS(data!$I:$I,data!$A:$A,Sheet1!F$2,data!$F:$F,Sheet1!$C15)/1000 -> 474.825 | G15: =SUMIFS(data!$I:$I,data!$A:$A,Sheet1!G$2,data!$F:$F,Sheet1!$C15)/1000 -> 268.85 | H15: =SUMIFS(data!$I:$I,data!$A:$A,Sheet1!H$2,data!$F:$F,Sheet1!$C15)/1000 -> 351.625 | I15: =SUMIFS(data!$I:$I,data!$A:$A,Sheet1!I$2,data!$F:$F,Sheet1!$C15)/1000 -> 399.225 | J15: =SUMIFS(data!$I:$I,data!$A:$A,Sheet1!J$2,data!$F:$F,Sheet1!$C15)/1000 -> 271.425 | K15: =SUMIFS(data!$I:$I,data!$A:$A,Sheet1!K$2,data!$F:$F,Sheet1!$C15)/1000 -> 506.875 | ... O15: =SUMIFS(data!$I:$I,data!$A:$A,Sheet1!O$2,data!$F:$F,Sheet1!$C15)/1000 -> 0 | P15: =SUM(D15:O15) -> 4488.1
B16: % SL bán/ tổng SL | C16: rHDPE | D16: =D14/D15 -> 0.82029306 | E16: =E14/E15 -> 0.57142857 | F16: =F14/F15 -> 0.45464118 | G16: =G14/G15 -> 0.33754882 | H16: =H14/H15 -> 0.45744756 | I16: =I14/I15 -> 0.47529589 | J16: =J14/J15 -> 0.57244174 | K16: =K14/K15 -> 0.35260173 | ... P16: =P14/P15 -> 0.4045253
B18: Doanh thu (trđ) | C18: Nhóm hàng | D18: 1 | E18: 2 | F18: 3 | G18: 4 | H18: 5 | I18: 6 | J18: 7 | K18: 8 | L18: 9 | M18: 10 | N18: 11 | O18: 12 | P18: Tổng
B19: Unilever | C19: rHDPE | D19: =SUMIFS(data!$J:$J,data!$B:$B,Sheet1!$B19,data!$A:$A,Sheet1!D$7,data!$F:$F,Sheet1!$C19)/10^6 -> 5151.0986 | E19: =SUMIFS(data!$J:$J,data!$B:$B,Sheet1!$B19,data!$A:$A,Sheet1!E$7,data!$F:$F,Sheet1!$C19)/10^6 -> 6287.385 | F19: =SUMIFS(data!$J:$J,data!$B:$B,Sheet1!$B19,data!$A:$A,Sheet1!F$7,data!$F:$F,Sheet1!$C19)/10^6 -> 7635.65 | G19: =SUMIFS(data!$J:$J,data!$B:$B,Sheet1!$B19,data!$A:$A,Sheet1!G$7,data!$F:$F,Sheet1!$C19)/10^6 -> 3157.308 | H19: =SUMIFS(data!$J:$J,data!$B:$B,Sheet1!$B19,data!$A:$A,Sheet1!H$7,data!$F:$F,Sheet1!$C19)/10^6 -> 5542.4595 | I19: =SUMIFS(data!$J:$J,data!$B:$B,Sheet1!$B19,data!$A:$A,Sheet1!I$7,data!$F:$F,Sheet1!$C19)/10^6 -> 6534.1485 | J19: =SUMIFS(data!$J:$J,data!$B:$B,Sheet1!$B19,data!$A:$A,Sheet1!J$7,data!$F:$F,Sheet1!$C19)/10^6 -> 5495.4963 | K19: =SUMIFS(data!$J:$J,data!$B:$B,Sheet1!$B19,data!$A:$A,Sheet1!K$7,data!$F:$F,Sheet1!$C19)/10^6 -> 6360.482 | ... O19: =SUMIFS(data!$J:$J,data!$B:$B,Sheet1!$B19,data!$A:$A,Sheet1!O$7,data!$F:$F,Sheet1!$C19)/10^6 -> 0 | P19: =SUM(D19:O19) -> 64047.461
B20: Tổng | C20: rHDPE | D20: =SUMIFS(data!$J:$J,data!$A:$A,Sheet1!D$7,data!$F:$F,Sheet1!$C20)/10^6 -> 6108.7015 | E20: =SUMIFS(data!$J:$J,data!$A:$A,Sheet1!E$7,data!$F:$F,Sheet1!$C20)/10^6 -> 9546.6135 | F20: =SUMIFS(data!$J:$J,data!$A:$A,Sheet1!F$7,data!$F:$F,Sheet1!$C20)/10^6 -> 14668.776 | G20: =SUMIFS(data!$J:$J,data!$A:$A,Sheet1!G$7,data!$F:$F,Sheet1!$C20)/10^6 -> 6763.9122 | H20: =SUMIFS(data!$J:$J,data!$A:$A,Sheet1!H$7,data!$F:$F,Sheet1!$C20)/10^6 -> 9389.5945 | I20: =SUMIFS(data!$J:$J,data!$A:$A,Sheet1!I$7,data!$F:$F,Sheet1!$C20)/10^6 -> 10734.442 | J20: =SUMIFS(data!$J:$J,data!$A:$A,Sheet1!J$7,data!$F:$F,Sheet1!$C20)/10^6 -> 8037.294 | K20: =SUMIFS(data!$J:$J,data!$A:$A,Sheet1!K$7,data!$F:$F,Sheet1!$C20)/10^6 -> 14841.699 | ... O20: =SUMIFS(data!$J:$J,data!$A:$A,Sheet1!O$7,data!$F:$F,Sheet1!$C20)/10^6 -> 0 | P20: =SUM(D20:O20) -> 120164.11
B21: % doanh thu/ tổng DT | C21: rHDPE | D21: =D19/D20 -> 0.84323954 | E21: =E19/E20 -> 0.65859847 | F21: =F19/F20 -> 0.52053765 | G21: =G19/G20 -> 0.46678725 | H21: =H19/H20 -> 0.59027677 | I21: =I19/I20 -> 0.60870874 | J21: =J19/J20 -> 0.68374957 | K21: =K19/K20 -> 0.42855485 | ... P21: =P19/P20 -> 0.53299991

Sheet data
I2: =SUBTOTAL(9,I4:I848) -> 1815550 | J2: =SUBTOTAL(9,J4:J848)/10^6 -> 64047.461
A3: Month | C3: Incoterm | D3: Customer | E3: Customer | F3: Material Group | G3: Product | H3: Product | I3: Số lượng h.bán T.Tế | J3: Doanh thu thuần 2 T.Tế
A4: 1 | C4: B2B | D4: 1000 | E4: CPSX Nhựa Duy Tân | F4: rPET | G4: 110000354 | H4: Hạt nhựa rPET WSS01G | I4: 11000 | J4: 371268975
A5: 1 | C5: B2B | D5: 102990 | E5: Coca-Cola Thủ Đức | F5: rPET | G5: 110000332 | H5: Hạt nhựa rPET iSS01084G | I5: 72600 | J5: 2452863600
A6: 1 | B6: Unilever | C6: B2B | D6: 104894 | E6: UNILEVER-NGỌC NGHĨA | F6: rPET | G6: 110000354 | H6: Hạt nhựa rPET WSS01G | I6: 242000 | J6: 7886494000
A7: 1 | C7: B2B | D7: 104909 | E7: Công ty TNHH La Vie | F7: rPET | G7: 110000497 | H7: Hạt Nhựa rPET WSS01G-L | I7: 2200 | J7: 68172500
A8: 1 | C8: B2B | D8: 105186 | E8: CÔNG TY TNHH HON CHU | F8: rPET | G8: 110000355 | H8: Hạt nhựa rPET iSS01G | I8: 3300 | J8: 116044500
A9: 1 | C9: B2B | D9: 105194 | E9: Suntory Việt Nam | F9: rPET | G9: 110000332 | H9: Hạt nhựa rPET iSS01084G | I9: 154000 | J9: 5761602000
A10: 1 | C10: B2B | D10: 105194 | E10: Suntory Việt Nam | F10: rPET | G10: 110000355 | H10: Hạt nhựa rPET iSS01G | I10: 4400 | J10: 165513920
A11: 1 | C11: B2B | D11: 105204 | E11: CTY NGỌC NGHĨA-TÂY N | F11: rPET | G11: 110000354 | H11: Hạt nhựa rPET WSS01G | I11: 24200 | J11: 768350000
A12: 1 | C12: B2B | D12: 105207 | E12: Sri Thái Bình Dương | F12: rPET | G12: 110000332 | H12: Hạt nhựa rPET iSS01084G | I12: -13750.7 | J12: -508671395
A13: 1 | C13: B2B | D13: 105222 | E13: CN Cty Coca - Hà Nội | F13: rPET | G13: 110000332 | H13: Hạt nhựa rPET iSS01084G | I13: 88000 | J13: 3029312000
A14: 1 | B14: Unilever | C14: B2B | D14: 105223 | E14: Dynaplast Bắc Ninh | F14: rHDPE | G14: 110000339 | H14: Hạt Nhựa rHDPE MBF01 | I14: 49500 | J14: 1777149000
A15: 1 | B15: Unilever | C15: B2B | D15: 105263 | E15: Unilever Duy Tân | F15: rHDPE | G15: 110000339 | H15: Hạt Nhựa rHDPE MBF01 | I15: -150 | J15: -5264100
A16: 1 | B16: Unilever | C16: B2B | D16: 105263 | E16: Unilever Duy Tân | F16: rHDPE | G16: 110000339 | H16: Hạt Nhựa rHDPE MBF01 | I16: 55000 | J16: 1930170000
A17: 1 | B17: Unilever | C17: B2B | D17: 105263 | E17: Unilever Duy Tân | F17: rPET | G17: 110000354 | H17: Hạt nhựa rPET WSS01G | I17: 11000 | J17: 357423000
A18: 1 | B18: Unilever | C18: B2B | D18: 105263 | E18: Unilever Duy Tân | F18: rHDPE | G18: 110000360 | H18: Hạt nhựa rHDI4L01 | I18: 5500 | J18: 122476734
A19: 1 | B19: Unilever | C19: B2B | D19: 105263 | E19: Unilever Duy Tân | F19: rHDPE | G19: 110000425 | H19: Hạt Nhựa HCBF-Whi-U | I19: 5500 | J19: 186153000
A20: 1 | B20: Unilever | C20: B2B | D20: 105263 | E20: Unilever Duy Tân | F20: rHDPE | G20: 110000426 | H20: Hạt Nhựa HCBF-Yel-U | I20: 22000 | J20: 754380000
A21: 1 | B21: Unilever | C21: B2B | D21: 105263 | E21: Unilever Duy Tân | F21: rHDPE | G21: 110000481 | H21: Hạt Nhựa rHDPE PCF01 | I21: 11000 | J21: 386034000
A22: 1 | C22: B2B | D22: 105265 | E22: Muji- DTP | F22: rPET | G22: 110000354 | H22: Hạt nhựa rPET WSS01G | I22: 5500 | J22: 185634488
A23: 1 | C23: B2B | D23: 105271 | E23: Suntory- Ngọc Nghĩa Tây Ninh | F23: rPET | G23: 110000332 | H23: Hạt nhựa rPET iSS01084G | I23: 44000 | J23: 1636624000
A24: 1 | C24: B2B | D24: 105271 | E24: Suntory- Ngọc Nghĩa Tây Ninh | F24: rPET | G24: 110000355 | H24: Hạt nhựa rPET iSS01G | I24: 3300 | J24: 118965000
A25: 1 | C25: B2B | D25: 105272 | E25: LINH CHI | F25: Xơ sợi | G25: 110000466 | H25: Hạt Nhựa rPET WSS05S | I25: 11000 | J25: 209000000
A26: 1 | C26: B2B | D26: 105281 | E26: Plascene- DTP | F26: rPET | G26: 110000329 | H26: Hạt nhựa rPET WSS01 | I26: 22000 | J26: 718440492
A27: 1 | C27: B2B | D27: 105281 | E27: Plascene- DTP | F27: rPET | G27: 110000354 | H27: Hạt nhựa rPET WSS01G | I27: 44000 | J27: 1436880984
A28: 1 | C28: B2B | D28: 105284 | E28: Motul -DTP | F28: rHDPE | G28: 110000374 | H28: Hạt Nhựa rHDB03N02 | I28: 22000 | J28: 759102300
A29: 1 | C29: B2B | D29: 105291 | E29: AN NHẬT | F29: rPET | G29: 110000354 | H29: Hạt nhựa rPET WSS01G | I29: 3300 | J29: 108043822
A30: 1 | C30: B2B | D30: 105306 | E30: MTV MILKIWAY SOLUTIO | F30: rPET | G30: 110000354 | H30: Hạt nhựa rPET WSS01G | I30: 22000 | J30: =711068380000-710357311620 -> 711068380
A31: 1 | C31: B2B | D31: 105319 | E31: PHƯƠNG VI | F31: rHDPE | G31: 110000365 | H31: Hạt nhựa rHDI3W01 | I31: 3000 | J31: 80445000
A32: 1 | C32: B2B | D32: 105324 | E32: NHỰA TRƯỜNG AN | F32: rHDPE | G32: 110000407 | H32: Vảy HD Ép Đỏ | I32: 6000 | J32: 94444445
A33: 1 | C33: B2B | D33: 105324 | E33: NHỰA TRƯỜNG AN | F33: rHDPE | G33: 110000409 | H33: Vảy HD Ép Vàng | I33: 1500 | J33: 23611111
A34: 1 | C34: XK | D34: 200319 | E34: Niagara Bottling, LL | F34: rPET | G34: 110000354 | H34: Hạt nhựa rPET WSS01G | I34: 2376000 | J34: 72787646470
A35: 1 | C35: XK | D35: 200337 | E35: Toyota Tsusho | F35: rPET | G35: 110000354 | H35: Hạt nhựa rPET WSS01G | I35: 1100 | J35: 40071295
A36: 1 | C36: XK | D36: 200367 | E36: MAS CO.LTD | F36: rPET | G36: 110000355 | H36: Hạt nhựa rPET iSS01G | I36: 132000 | J36: 4710530000
A37: 1 | C37: XK | D37: 200368 | E37: SodaStream | F37: rPET | G37: 110000332 | H37: Hạt nhựa rPET iSS01084G | I37: 44000 | J37: 1732366680
A38: 2 | C38: B2B | D38: 1000 | E38: CPSX Nhựa Duy Tân | F38: rPET | G38: 110000354 | H38: Hạt nhựa rPET WSS01G | I38: 23100 | J38: 725857440
A39: 2 | C39: B2B | D39: 1000 | E39: CPSX Nhựa Duy Tân | F39: rHDPE | G39: 110000360 | H39: Hạt nhựa rHDI4L01 | I39: 11000 | J39: 222361700
A40: 2 | C40: B2B | D40: 1000 | E40: CPSX Nhựa Duy Tân | F40: rHDPE | G40: 110000361 | H40: Hạt nhựa rHDI3R01 | I40: 16500 | J40: 333542550
A41: 2 | C41: B2B | D41: 1000 | E41: CPSX Nhựa Duy Tân | F41: rHDPE | G41: 110000363 | H41: Hạt nhựa rHDI3Gy01 | I41: 1000 | J41: 20214700
A42: 2 | C42: B2B | D42: 1000 | E42: CPSX Nhựa Duy Tân | F42: rHDPE | G42: 110000364 | H42: Hạt nhựa rHDI3Y01 | I42: 5500 | J42: 111180850
A43: 2 | B43: Unilever | C43: B2B | D43: 102865 | E43: Dynaplast Bình Dương | F43: rHDPE | G43: 110000339 | H43: Hạt Nhựa rHDPE MBF01 | I43: 2750 | J43: 98362000
A44: 2 | B44: Unilever | C44: B2B | D44: 104894 | E44: UNILEVER-NGỌC NGHĨA | F44: rPET | G44: 110000354 | H44: Hạt nhựa rPET WSS01G | I44: 352000 | J44: 11623040000
A45: 2 | C45: B2B | D45: 105189 | E45: Chấn Thuận Thành | F45: rHDPE | G45: 110000407 | H45: Vảy HD Ép Đỏ | I45: 750 | J45: 13541667
A46: 2 | C46: B2B | D46: 105189 | E46: Chấn Thuận Thành | F46: rHDPE | G46: 110000408 | H46: Vảy HD Ép Trắng | I46: 750 | J46: 13541667
A47: 2 | C47: B2B | D47: 105189 | E47: Chấn Thuận Thành | F47: rHDPE | G47: 110000410 | H47: Vảy HD Ép Lá | I47: 750 | J47: 13541666
A48: 2 | C48: B2B | D48: 105194 | E48: Suntory Việt Nam | F48: rPET | G48: 110000332 | H48: Hạt nhựa rPET iSS01084G | I48: 484000 | J48: 17469660560
A49: 2 | C49: B2B | D49: 105194 | E49: Suntory Việt Nam | F49: rPET | G49: 110000355 | H49: Hạt nhựa rPET iSS01G | I49: 154000 | J49: 5558528360
A50: 2 | C50: B2B | D50: 105204 | E50: CTY NGỌC NGHĨA-TÂY N | F50: rPET | G50: 110000354 | H50: Hạt nhựa rPET WSS01G | I50: 33000 | J50: 1026927000
A51: 2 | C51: B2B | D51: 105207 | E51: Suntory Sri Thái Bình Dương | F51: rPET | G51: 110000332 | H51: Hạt nhựa rPET iSS01084G | I51: 22000 | J51: 784947968
A52: 2 | C52: B2B | D52: 105222 | E52: CN Cty Coca - Hà Nội | F52: rPET | G52: 110000332 | H52: Hạt nhựa rPET iSS01084G | I52: 88000 | J52: 3197744000
A53: 2 | B53: Unilever | C53: B2B | D53: 105223 | E53: Dynaplast Bắc Ninh | F53: rHDPE | G53: 110000339 | H53: Hạt Nhựa rHDPE MBF01 | I53: 24750 | J53: 900108000
A54: 2 | B54: Unilever | C54: B2B | D54: 105263 | E54: Unilever Duy Tân | F54: rHDPE | G54: 110000339 | H54: Hạt Nhựa rHDPE MBF01 | I54: 77000 | J54: 2738120000
A55: 2 | B55: Unilever | C55: B2B | D55: 105263 | E55: Unilever Duy Tân | F55: rPET | G55: 110000354 | H55: Hạt nhựa rPET WSS01G | I55: 11000 | J55: 363220000
A56: 2 | B56: Unilever | C56: B2B | D56: 105263 | E56: Unilever Duy Tân | F56: rHDPE | G56: 110000425 | H56: Hạt Nhựa HCBF-Whi-U | I56: 5500 | J56: 188595000
A57: 2 | B57: Unilever | C57: B2B | D57: 105263 | E57: Unilever Duy Tân | F57: rHDPE | G57: 110000426 | H57: Hạt Nhựa HCBF-Yel-U | I57: 44000 | J57: 1508760000
A58: 2 | B58: Unilever | C58: B2B | D58: 105263 | E58: Unilever Duy Tân | F58: rHDPE | G58: 110000481 | H58: Hạt Nhựa rHDPE PCF01 | I58: 24000 | J58: 853440000
A59: 2 | C59: B2B | D59: 105265 | E59: Muji- DTP | F59: rPET | G59: 110000354 | H59: Hạt nhựa rPET WSS01G | I59: 1100 | J59: 34230900
A60: 2 | C60: B2B | D60: 105272 | E60: LINH CHI | F60: Xơ sợi | G60: 110000466 | H60: Hạt Nhựa rPET WSS05S | I60: 11000 | J60: 209000000
A61: 2 | C61: B2B | D61: 105281 | E61: Plascene- DTP | F61: rPET | G61: 110000354 | H61: Hạt nhựa rPET WSS01G | I61: 77000 | J61: 2410180080
A62: 2 | C62: B2B | D62: 105284 | E62: Motul -DTP | F62: rHDPE | G62: 110000374 | H62: Hạt Nhựa rHDB03N02 | I62: 22000 | J62: 759102300
A63: 2 | C63: B2B | D63: 105286 | E63: Mondelez-Việt Thành | F63: rPET | G63: 110000355 | H63: Hạt nhựa rPET iSS01G | I63: 4400 | J63: 145072928
A64: 2 | C64: B2B | D64: 105291 | E64: AN NHẬT | F64: rPET | G64: 110000354 | H64: Hạt nhựa rPET WSS01G | I64: 3300 | J64: 103935678
A65: 2 | C65: B2B | D65: 105291 | E65: AN NHẬT | F65: rPP | G65: 110000392 | H65: Hạt nhựa rPP20B01 | I65: 500 | J65: 14601680
A66: 2 | C66: B2B | D66: 105292 | E66: NHỰA ĐỒNG NAI | F66: rHDPE | G66: 110000341 | H66: Hạt nhựa rHDB04B01 | I66: 11000 | J66: 187000000
A67: 2 | C67: B2B | D67: 105323 | E67: ĐẠI LỤC | F67: Xơ sợi | G67: 110000436 | H67: Hạt nhựa rPET WSS05SB | I67: 5500 | J67: 105050000
A68: 2 | C68: B2B | D68: 105324 | E68: NHỰA TRƯỜNG AN | F68: rHDPE | G68: 110000407 | H68: Vảy HD Ép Đỏ | I68: 9750 | J68: 153472222
A69: 2 | C69: B2B | D69: 105324 | E69: NHỰA TRƯỜNG AN | F69: rHDPE | G69: 110000409 | H69: Vảy HD Ép Vàng | I69: 1500 | J69: 23611111
A70: 2 | C70: B2B | D70: 105324 | E70: NHỰA TRƯỜNG AN | F70: rHDPE | G70: 110000411 | H70: Vảy HD Ép Dương | I70: 750 | J70: 11805556
... A96: 2 | C96: XK | D96: 200374 | E96: Polycad | F96: rPET | G96: 110000355 | H96: Hạt nhựa rPET iSS01G | I96: 66000 | J96: 2417629500
A97: 3 | C97: B2B | D97: 105328 | E97: COCA-COLA VIỆT NAM | F97: rPET | G97: 110000332 | H97: Hạt nhựa rPET iSS01084G | I97: 88000 | J97: =3183576000-94442040 -> 3089133960
A98: 3 | C98: B2B | D98: 105222 | E98: CN Cty Coca - Hà Nội | F98: rPET | G98: 110000332 | H98: Hạt nhựa rPET iSS01084G | I98: 66000 | J98: =2418042000-165516120 -> 2252525880
A99: 3 | C99: XK | D99: 200377 | E99: COLLECTIVE POLYMERS | F99: rPET | G99: 110000499 | H99: Hạt Nhựa rPET WSS01L | I99: 1100 | J99: 33047080
A100: 3 | C100: XK | D100: 200376 | E100: CORAL A.E. | F100: rPET | G100: 110000332 | H100: Hạt nhựa rPET iSS01084G | I100: 1100 | J100: 37528040
A101: 3 | C101: XK | D101: 200376 | E101: CORAL A.E. | F101: rPET | G101: 110000354 | H101: Hạt nhựa rPET WSS01G | I101: 11000 | J101: 350075000
A102: 3 | C102: XK | D102: 200376 | E102: CORAL A.E. | F102: rPET | G102: 110000355 | H102: Hạt nhựa rPET iSS01G | I102: 9900 | J102: 325149660
A103: 3 | C103: B2B | D103: 1000 | E103: CPSX Nhựa Duy Tân | F103: rPET | G103: 110000354 | H103: Hạt nhựa rPET WSS01G | I103: 11000 | J103: 342309000
A104: 3 | C104: B2B | D104: 1000 | E104: CPSX Nhựa Duy Tân | F104: rHDPE | G104: 110000360 | H104: Hạt nhựa rHDI4L01 | I104: 16500 | J104: 341758725
A105: 3 | C105: B2B | D105: 1000 | E105: CPSX Nhựa Duy Tân | F105: rHDPE | G105: 110000364 | H105: Hạt nhựa rHDI3Y01 | I105: 11000 | J105: 227839150
A106: 3 | C106: B2B | D106: 1000 | E106: CPSX Nhựa Duy Tân | F106: rHDPE | G106: 110000495 | H106: Hạt Nhựa rHDA03W01 | I106: 500 | J106: 17077500
A107: 3 | C107: B2B | D107: 105204 | E107: CTY NGỌC NGHĨA-TÂY N | F107: rPET | G107: 110000354 | H107: Hạt nhựa rPET WSS01G | I107: 17600 | J107: 577614400
A108: 3 | C108: B2B | D108: 105204 | E108: CTY NGỌC NGHĨA-TÂY N | F108: rPET | G108: 110000354 | H108: Hạt nhựa rPET WSS01G | I108: 27400 | J108: 899240600
A109: 3 | C109: B2B | D109: 105219 | E109: CTY VÂN LONG | F109: rHDPE | G109: 110000374 | H109: Hạt Nhựa rHDB03N02 | I109: 300 | J109: 10019100
A110: 3 | B110: Unilever | C110: B2B | D110: 105223 | E110: Dynaplast Bắc Ninh | F110: rHDPE | G110: 110000339 | H110: Hạt Nhựa rHDPE MBF01 | I110: 24750 | J110: 900108000
A111: 3 | B111: Unilever | C111: B2B | D111: 102865 | E111: Dynaplast Bình Dương | F111: rHDPE | G111: 110000339 | H111: Hạt Nhựa rHDPE MBF01 | I111: 9625 | J111: 344267000
A112: 3 | C112: B2B | D112: 105248 | E112: ĐẠI NHẤT LONG | F112: rPP | G112: 110000389 | H112: Hạt nhựa rPP20R02 | I112: 23625 | J112: 459374999
A113: 3 | C113: B2B | D113: 105248 | E113: ĐẠI NHẤT LONG | F113: rPP | G113: 110000421 | H113: Vảy PP Đỏ Nhạt | I113: 5250 | J113: 97222222
A114: 3 | C114: B2B | D114: 105335 | E114: EATONE PRO | F114: rHDPE | G114: 110000341 | H114: Hạt nhựa rHDB04B01 | I114: 100 | J114: 1700000
A115: 3 | C115: B2B | D115: 105339 | E115: HUY THÀNH | F115: rHDPE | G115: 110000407 | H115: Vảy HD Ép Đỏ | I115: 50 | J115: 856482
A116: 3 | C116: B2B | D116: 105339 | E116: HUY THÀNH | F116: rHDPE | G116: 110000408 | H116: Vảy HD Ép Trắng | I116: 50 | J116: 856482
A117: 3 | C117: B2B | D117: 105339 | E117: HUY THÀNH | F117: rHDPE | G117: 110000409 | H117: Vảy HD Ép Vàng | I117: 50 | J117: 856482
A118: 3 | C118: B2B | D118: 105339 | E118: HUY THÀNH | F118: rHDPE | G118: 110000410 | H118: Vảy HD Ép Lá | I118: 50 | J118: 856482
A119: 3 | C119: B2B | D119: 105339 | E119: HUY THÀNH | F119: rHDPE | G119: 110000411 | H119: Vảy HD Ép Dương | I119: 50 | J119: 856482
A120: 3 | C120: B2B | D120: 105339 | E120: HUY THÀNH | F120: rHDPE | G120: 110000411 | H120: Vảy HD Ép Dương | I120: 10500 | J120: 179861111
A121: 3 | C121: B2B | D121: 105339 | E121: HUY THÀNH | F121: rHDPE | G121: 110000413 | H121: Vảy HD Ép Đồng | I121: 50 | J121: 833331
A122: 3 | C122: XK | D122: 200370 | E122: KORYFES SA | F122: rPET | G122: 110000355 | H122: Hạt nhựa rPET iSS01G | I122: 66000 | J122: 2429103600
A123: 3 | C123: XK | D123: 200370 | E123: KORYFES SA | F123: rHDPE | G123: 110000443 | H123: Hạt Nhựa rHDA03N01 | I123: 99000 | J123: 3734181000
... A144: 3 | C144: XK | D144: 200358 | E144: REYNERA | F144: rPP | G144: 110000472 | H144: Hạt Nhựa rPP20Gy01 | I144: 5000 | J144: 137052000
A145: 3 | C145: B2B | D145: 105271 | E145: Suntory- Ngọc Nghĩa Tây Ninh | F145: rPET | G145: 110000332 | H145: Hạt nhựa rPET iSS01084G | I145: 22000 | J145: =776600000-11564718 -> 765035282
A146: 3 | C146: B2B | D146: 105207 | E146: Suntory Sri Thái Bình Dương | F146: rPET | G146: 110000332 | H146: Hạt nhựa rPET iSS01084G | I146: 88000 | J146: =3106435200-46258872 -> 3060176328
...
