Workbook
Name \T: #REF!
Name __dao1: '[1]CT Thang Mo'!$B$189:$H$189
Name __dao2: '[1]CT Thang Mo'!$B$161:$H$161
Name __dap2: '[1]CT Thang Mo'!$B$162:$H$162
Name __day1: '[2]Chiet tinh dz22'!#REF!
Name __day2: '[3]Chiet tinh dz35'!$H$3
Name __dbu1: '[1]CT Thang Mo'!#REF!
Name __dbu2: '[1]CT Thang Mo'!$B$93:$F$93
Name __doi3: '[4]truc tiep'!#REF!
Name __E99999: #REF!
Name __Jan02: '[5]FG waste'!#REF!
Name __lap1: #REF!
Name __lap2: #REF!
Name __vc1: '[1]CT Thang Mo'!$B$34:$H$34
Name __vc2: '[1]CT Thang Mo'!$B$35:$H$35
Name __vc3: '[1]CT Thang Mo'!$B$36:$H$36
Name _01_01_99: #REF!
Name _01_02_99: #REF!
Name _01_03_99: #REF!
Name _01_04_99: #REF!
Name _01_05_99: #REF!
Name _01_06_99: #REF!
Name _01_07_99: #REF!
Name _01_08_1999: #REF!
Name _1CAP002: [6]MTP!#REF!
Name _2STREO7: [7]MTP!#REF!
Name _4GOIC01: [8]MTP!#REF!
Name _4OSLCTT: [8]MTP!#REF!
Name _6BNTTTH: [7]MTP1!#REF!
Name _6DCTTBO: [7]MTP1!#REF!
Name _6DD24TT: [7]MTP1!#REF!
Name _6FCOTBU: [7]MTP1!#REF!
Name _6LATUBU: [7]MTP1!#REF!
Name _6SDTT24: [7]MTP1!#REF!
Name _6TBUDTT: [7]MTP1!#REF!
Name _6TDDDTT: [7]MTP1!#REF!
Name _6TLTTTH: [7]MTP1!#REF!
Name _6TUBUTT: [7]MTP1!#REF!
Name _6UCLVIS: [7]MTP1!#REF!
Name _7DNCABC: [7]MTP1!#REF!
Name _7HDCTBU: [7]MTP1!#REF!
Name _7PKTUBU: [7]MTP1!#REF!
Name _7TBHT20: [7]MTP1!#REF!
Name _7TBHT30: [7]MTP1!#REF!
Name _7TDCABC: [7]MTP1!#REF!
Name _dao1: '[1]CT Thang Mo'!$B$189:$H$189
Name _dao2: '[1]CT Thang Mo'!$B$161:$H$161
Name _dap2: '[1]CT Thang Mo'!$B$162:$H$162
Name _day1: '[2]Chiet tinh dz22'!#REF!
Name _day2: '[3]Chiet tinh dz35'!$H$3
Name _dbu1: '[1]CT Thang Mo'!#REF!
Name _dbu2: '[1]CT Thang Mo'!$B$93:$F$93
Name _doi3: '[4]truc tiep'!#REF!
Name _E99999: #REF!
Name _Jan02: '[5]FG waste'!#REF!
Name _lap1: #REF!
Name _lap2: #REF!
Name _vc1: '[1]CT Thang Mo'!$B$34:$H$34
Name _vc2: '[1]CT Thang Mo'!$B$35:$H$35
Name _vc3: '[1]CT Thang Mo'!$B$36:$H$36

Sheet Tổng mua và bán
V3: BTP PET | W3: =974.3+569.6 -> 1543.9
V4: Chai PET | W4: 526.8
V5: Vảy PET | W5: 886.7
V6: Tổng | W6: =SUM(W3:W5) -> 2957.4
V21: BTP HD | W21: 309.8
V22: Vảy HD | W22: 270.8
V23: Tổng | W23: =SUM(W20:W22) -> 580.6
B34: T1 | C34: T2 | D34: T3 | E34: T4 | F34: T5 | G34: T6 | H34: T7 | I34: T8 | J34: T9 | K34: T10 | L34: T11 | M34: T12 | N34: Lũy kế
A35: Tổng mua | B35: ='Mua-bán PET'!B30+'Mua-bán HD'!B30+'Mua-bán-PP'!B29 -> 972.87652 | C35: ='Mua-bán PET'!C30+'Mua-bán HD'!C30+'Mua-bán-PP'!C29 -> 0 | D35: ='Mua-bán PET'!D30+'Mua-bán HD'!D30+'Mua-bán-PP'!D29 -> 0 | E35: ='Mua-bán PET'!E30+'Mua-bán HD'!E30+'Mua-bán-PP'!E29 -> 0 | F35: ='Mua-bán PET'!F30+'Mua-bán HD'!F30+'Mua-bán-PP'!F29 -> 0 | G35: ='Mua-bán PET'!G30+'Mua-bán HD'!G30+'Mua-bán-PP'!G29 -> 0 | H35: ='Mua-bán PET'!H30+'Mua-bán HD'!H30+'Mua-bán-PP'!H29 -> 0 | I35: ='Mua-bán PET'!I30+'Mua-bán HD'!I30+'Mua-bán-PP'!I29 -> 0 | ... M35: ='Mua-bán PET'!M30+'Mua-bán HD'!M30+'Mua-bán-PP'!M29 -> 0 | N35: =SUM(B35:M35) -> 972.87652
A36: Tổng bán | B36: ='Tổng SX và bán'!B27 -> 1296.775 | C36: ='Tổng SX và bán'!C27 -> 0 | D36: ='Tổng SX và bán'!D27 -> 0 | E36: ='Tổng SX và bán'!E27 -> 0 | F36: ='Tổng SX và bán'!F27 -> 0 | G36: ='Tổng SX và bán'!G27 -> 0 | H36: ='Tổng SX và bán'!H27 -> 0 | I36: ='Tổng SX và bán'!I27 -> 0 | ... N36: ='Tổng SX và bán'!N27 -> 1296.775
A37: Chênh lệch mua so với bán | B37: =B35-B36 -> -323.89848 | C37: =C35-C36 -> 0 | D37: =D35-D36 -> 0 | E37: =E35-E36 -> 0 | F37: =F35-F36 -> 0 | G37: =G35-G36 -> 0 | H37: =H35-H36 -> 0 | I37: =I35-I36 -> 0 | ... N37: =N35-N36 -> -323.89848
A38: Dự báo | B38: ='Mua-bán PET'!B31+'Mua-bán HD'!B31+'Mua-bán-PP'!B30 -> 4307.2229 | C38: ='Mua-bán PET'!C31+'Mua-bán HD'!C31+'Mua-bán-PP'!C30 -> 4242.3146 | D38: ='Mua-bán PET'!D31+'Mua-bán HD'!D31+'Mua-bán-PP'!D30 -> 4667.5574 | E38: ='Mua-bán PET'!E31+'Mua-bán HD'!E31+'Mua-bán-PP'!E30 -> 4383.2315 | F38: ='Mua-bán PET'!F31+'Mua-bán HD'!F31+'Mua-bán-PP'!F30 -> 4652.4364 | G38: ='Mua-bán PET'!G31+'Mua-bán HD'!G31+'Mua-bán-PP'!G30 -> 4680.9522 | H38: ='Mua-bán PET'!H31+'Mua-bán HD'!H31+'Mua-bán-PP'!H30 -> 4678.4225 | I38: ='Mua-bán PET'!I31+'Mua-bán HD'!I31+'Mua-bán-PP'!I30 -> 4551.8495 | ... M38: ='Mua-bán PET'!M31+'Mua-bán HD'!M31+'Mua-bán-PP'!M30 -> 4773.5204 | N38: =SUM(B38:M38) -> 54868
A39: Tổng tồn TP | B39: ='Mua-bán PET'!B32+'Mua-bán HD'!B32+'Mua-bán-PP'!B31 -> 11005.272 | C39: ='Mua-bán PET'!C32+'Mua-bán HD'!C32+'Mua-bán-PP'!C31 -> 0 | D39: ='Mua-bán PET'!D32+'Mua-bán HD'!D32+'Mua-bán-PP'!D31 -> 0 | E39: ='Mua-bán PET'!E32+'Mua-bán HD'!E32+'Mua-bán-PP'!E31 -> 0 | F39: ='Mua-bán PET'!F32+'Mua-bán HD'!F32+'Mua-bán-PP'!F31 -> 0 | G39: ='Mua-bán PET'!G32+'Mua-bán HD'!G32+'Mua-bán-PP'!G31 -> 0 | H39: ='Mua-bán PET'!H32+'Mua-bán HD'!H32+'Mua-bán-PP'!H31 -> 0 | I39: ='Mua-bán PET'!I32+'Mua-bán HD'!I32+'Mua-bán-PP'!I31 -> 0 | ... N39: ='Mua-bán PET'!N32+'Mua-bán HD'!N32+'Mua-bán-PP'!N31 -> 11005.272

Sheet Mua-bán PET
V3: BTP PET | W3: =974.3+569.6 -> 1543.9
V4: Chai PET | W4: 526.8
V5: Vảy PET | W5: 886.7
V6: Tổng | W6: =SUM(W3:W5) -> 2957.4
V21: BTP HD | W21: 309.8
V22: Vảy HD | W22: 270.8
V23: Tổng | W23: =SUM(W20:W22) -> 580.6
A28: RPET | B28: T1 | C28: T2 | D28: T3 | E28: T4 | F28: T5 | G28: T6 | H28: T7 | I28: T8 | J28: T9 | K28: T10 | L28: T11 | M28: T12 | N28: Lũy kế
A29: Bán thực tế | B29: ='SX và bán PET'!B28+'SX và bán xơ sợi'!B28 -> 1142.9 | C29: ='SX và bán PET'!C28+'SX và bán xơ sợi'!C28 -> 0 | D29: ='SX và bán PET'!D28+'SX và bán xơ sợi'!D28 -> 0 | E29: ='SX và bán PET'!E28+'SX và bán xơ sợi'!E28 -> 0 | F29: ='SX và bán PET'!F28+'SX và bán xơ sợi'!F28 -> 0 | G29: ='SX và bán PET'!G28+'SX và bán xơ sợi'!G28 -> 0 | H29: ='SX và bán PET'!H28+'SX và bán xơ sợi'!H28 -> 0 | I29: ='SX và bán PET'!I28+'SX và bán xơ sợi'!I28 -> 0 | ... M29: ='SX và bán PET'!M28+'SX và bán xơ sợi'!M28 -> 0 | N29: =SUM(B29:M29) -> 1142.9
A30: Mua vô | B30: 969.09652 | N30: =SUM(B30:M30) -> 969.09652
A31: Dự báo | B31: ='SX và bán PET'!B29+'SX và bán xơ sợi'!B29 -> 3841.2229 | C31: ='SX và bán PET'!C29+'SX và bán xơ sợi'!C29 -> 3741.3146 | D31: ='SX và bán PET'!D29+'SX và bán xơ sợi'!D29 -> 3959.5574 | E31: ='SX và bán PET'!E29+'SX và bán xơ sợi'!E29 -> 3860.2315 | F31: ='SX và bán PET'!F29+'SX và bán xơ sợi'!F29 -> 4120.4364 | G31: ='SX và bán PET'!G29+'SX và bán xơ sợi'!G29 -> 3935.9522 | H31: ='SX và bán PET'!H29+'SX và bán xơ sợi'!H29 -> 4094.4225 | I31: ='SX và bán PET'!I29+'SX và bán xơ sợi'!I29 -> 3954.8495 | ... M31: ='SX và bán PET'!M29+'SX và bán xơ sợi'!M29 -> 3978.5204 | N31: =SUM(B31:M31) -> 47386
A32: Tồn kho TP | B32: ='SX và bán PET'!B30+'SX và bán xơ sợi'!B30 -> 8110.1345 | C32: ='SX và bán PET'!C30+'SX và bán xơ sợi'!C30 -> 0 | D32: ='SX và bán PET'!D30+'SX và bán xơ sợi'!D30 -> 0 | E32: ='SX và bán PET'!E30+'SX và bán xơ sợi'!E30 -> 0 | F32: ='SX và bán PET'!F30+'SX và bán xơ sợi'!F30 -> 0 | G32: ='SX và bán PET'!G30+'SX và bán xơ sợi'!G30 -> 0 | H32: ='SX và bán PET'!H30+'SX và bán xơ sợi'!H30 -> 0 | I32: ='SX và bán PET'!I30+'SX và bán xơ sợi'!I30 -> 0 | ... N32: ='SX và bán PET'!N30+'SX và bán xơ sợi'!N30 -> 8110.1345

Sheet Mua-bán HD
V3: BTP PET | W3: =974.3+569.6 -> 1543.9
V4: Chai PET | W4: 526.8
V5: Vảy PET | W5: 886.7
V6: Tổng | W6: =SUM(W3:W5) -> 2957.4
V21: BTP HD | W21: 309.8
V24: Vảy HD | W24: 270.8
V25: Tổng | W25: =SUM(W20:W24) -> 580.6
A28: RHDPE | B28: T1 | C28: T2 | D28: T3 | E28: T4 | F28: T5 | G28: T6 | H28: T7 | I28: T8 | J28: T9 | K28: T10 | L28: T11 | M28: T12 | N28: Lũy kế
A29: Bán thực tế | B29: ='SX và bán HD'!B28 -> 149.375 | C29: ='SX và bán HD'!C28 -> 0 | D29: ='SX và bán HD'!D28 -> 0 | E29: ='SX và bán HD'!E28 -> 0 | F29: ='SX và bán HD'!F28 -> 0 | G29: ='SX và bán HD'!G28 -> 0 | H29: ='SX và bán HD'!H28 -> 0 | I29: ='SX và bán HD'!I28 -> 0 | ... M29: ='SX và bán HD'!M28 -> 0 | N29: =SUM(B29:M29) -> 149.375
A30: Mua vô | B30: 0 | N30: =SUM(B30:M30) -> 0
A31: Dự báo | B31: ='SX và bán HD'!B29 -> 394 | C31: ='SX và bán HD'!C29 -> 438 | D31: ='SX và bán HD'!D29 -> 636 | E31: ='SX và bán HD'!E29 -> 460 | F31: ='SX và bán HD'!F29 -> 460 | G31: ='SX và bán HD'!G29 -> 658 | H31: ='SX và bán HD'!H29 -> 512 | I31: ='SX và bán HD'!I29 -> 534 | ... M31: ='SX và bán HD'!M29 -> 732 | N31: =SUM(B31:M31) -> 6624
A32: Tồn kho TP | B32: ='SX và bán HD'!B30 -> 2611.995 | C32: ='SX và bán HD'!C30 -> 0 | D32: ='SX và bán HD'!D30 -> 0 | E32: ='SX và bán HD'!E30 -> 0 | F32: ='SX và bán HD'!F30 -> 0 | G32: ='SX và bán HD'!G30 -> 0 | H32: ='SX và bán HD'!H30 -> 0 | I32: ='SX và bán HD'!I30 -> 0 | ... N32: ='SX và bán HD'!N30 -> 2611.995

Sheet Mua-bán-PP
V3: BTP PET | W3: =974.3+569.6 -> 1543.9
V4: Chai PET | W4: 526.8
V5: Vảy PET | W5: 886.7
V6: Tổng | W6: =SUM(W3:W5) -> 2957.4
V21: BTP HD | W21: 309.8
V22: Vảy HD | W22: 270.8
V23: Tổng | W23: =SUM(W20:W22) -> 580.6
A27: RHDPE | B27: T1 | C27: T2 | D27: T3 | E27: T4 | F27: T5 | G27: T6 | H27: T7 | I27: T8 | J27: T9 | K27: T10 | L27: T11 | M27: T12 | N27: Lũy kế
A28: Bán thực tế | B28: ='SX và bán PP'!B28 -> 4.5 | C28: ='SX và bán PP'!C28 -> 0 | D28: ='SX và bán PP'!D28 -> 0 | E28: ='SX và bán PP'!E28 -> 0 | F28: ='SX và bán PP'!F28 -> 0 | G28: ='SX và bán PP'!G28 -> 0 | H28: ='SX và bán PP'!H28 -> 0 | I28: ='SX và bán PP'!I28 -> 0 | ... M28: ='SX và bán PP'!M28 -> 0 | N28: =SUM(B28:M28) -> 4.5
A29: Mua vô | B29: 3.78 | N29: =SUM(B29:M29) -> 3.78
A30: Dự báo | B30: ='SX và bán PP'!B29 -> 72 | C30: ='SX và bán PP'!C29 -> 63 | D30: ='SX và bán PP'!D29 -> 72 | E30: ='SX và bán PP'!E29 -> 63 | F30: ='SX và bán PP'!F29 -> 72 | G30: ='SX và bán PP'!G29 -> 87 | H30: ='SX và bán PP'!H29 -> 72 | I30: ='SX và bán PP'!I29 -> 63 | ... M30: ='SX và bán PP'!M29 -> 63 | N30: =SUM(B30:M30) -> 858
A31: Tồn kho TP | B31: ='SX và bán PP'!B30 -> 283.1425 | C31: ='SX và bán PP'!C30 -> 0 | D31: ='SX và bán PP'!D30 -> 0 | E31: ='SX và bán PP'!E30 -> 0 | F31: ='SX và bán PP'!F30 -> 0 | G31: ='SX và bán PP'!G30 -> 0 | H31: ='SX và bán PP'!H30 -> 0 | I31: ='SX và bán PP'!I30 -> 0 | ... N31: ='SX và bán PP'!N30 -> 283.1425

Sheet Tổng SX và bán
A25: 2025 | B25: T1 | C25: T2 | D25: T3 | E25: T4 | F25: T5 | G25: T6 | H25: T7 | I25: T8 | J25: T9 | K25: T10 | L25: T11 | M25: T12 | N25: Lũy kế
A26: SL SX | B26: ='SX và bán PET'!B27+'SX và bán HD'!B27+'SX và bán PP'!B27+'SX và bán xơ sợi'!B27 -> 484 | C26: ='SX và bán PET'!C27+'SX và bán HD'!C27+'SX và bán PP'!C27+'SX và bán xơ sợi'!C27 -> 0 | D26: ='SX và bán PET'!D27+'SX và bán HD'!D27+'SX và bán PP'!D27+'SX và bán xơ sợi'!D27 -> 0 | E26: ='SX và bán PET'!E27+'SX và bán HD'!E27+'SX và bán PP'!E27+'SX và bán xơ sợi'!E27 -> 0 | F26: ='SX và bán PET'!F27+'SX và bán HD'!F27+'SX và bán PP'!F27+'SX và bán xơ sợi'!F27 -> 0 | G26: ='SX và bán PET'!G27+'SX và bán HD'!G27+'SX và bán PP'!G27+'SX và bán xơ sợi'!G27 -> 0 | H26: ='SX và bán PET'!H27+'SX và bán HD'!H27+'SX và bán PP'!H27+'SX và bán xơ sợi'!H27 -> 0 | I26: ='SX và bán PET'!I27+'SX và bán HD'!I27+'SX và bán PP'!I27+'SX và bán xơ sợi'!I27 -> 0 | ... M26: ='SX và bán PET'!M27+'SX và bán HD'!M27+'SX và bán PP'!M27+'SX và bán xơ sợi'!M27 -> 0 | N26: =SUM(B26:M26) -> 484
A27: SL Bán | B27: ='SX và bán PET'!B28+'SX và bán HD'!B28+'SX và bán PP'!B28+'SX và bán xơ sợi'!B28 -> 1296.775 | C27: ='SX và bán PET'!C28+'SX và bán HD'!C28+'SX và bán PP'!C28+'SX và bán xơ sợi'!C28 -> 0 | D27: ='SX và bán PET'!D28+'SX và bán HD'!D28+'SX và bán PP'!D28+'SX và bán xơ sợi'!D28 -> 0 | E27: ='SX và bán PET'!E28+'SX và bán HD'!E28+'SX và bán PP'!E28+'SX và bán xơ sợi'!E28 -> 0 | F27: ='SX và bán PET'!F28+'SX và bán HD'!F28+'SX và bán PP'!F28+'SX và bán xơ sợi'!F28 -> 0 | G27: ='SX và bán PET'!G28+'SX và bán HD'!G28+'SX và bán PP'!G28+'SX và bán xơ sợi'!G28 -> 0 | H27: ='SX và bán PET'!H28+'SX và bán HD'!H28+'SX và bán PP'!H28+'SX và bán xơ sợi'!H28 -> 0 | I27: ='SX và bán PET'!I28+'SX và bán HD'!I28+'SX và bán PP'!I28+'SX và bán xơ sợi'!I28 -> 0 | ... M27: ='SX và bán PET'!M28+'SX và bán HD'!M28+'SX và bán PP'!M28+'SX và bán xơ sợi'!M28 -> 0 | N27: =SUM(B27:M27) -> 1296.775
A28: SL Bán dự báo | B28: ='SX và bán PET'!B29+'SX và bán HD'!B29+'SX và bán PP'!B29+'SX và bán xơ sợi'!B29 -> 4307.2229 | C28: ='SX và bán PET'!C29+'SX và bán HD'!C29+'SX và bán PP'!C29+'SX và bán xơ sợi'!C29 -> 4242.3146 | D28: ='SX và bán PET'!D29+'SX và bán HD'!D29+'SX và bán PP'!D29+'SX và bán xơ sợi'!D29 -> 4667.5574 | E28: ='SX và bán PET'!E29+'SX và bán HD'!E29+'SX và bán PP'!E29+'SX và bán xơ sợi'!E29 -> 4383.2315 | F28: ='SX và bán PET'!F29+'SX và bán HD'!F29+'SX và bán PP'!F29+'SX và bán xơ sợi'!F29 -> 4652.4364 | G28: ='SX và bán PET'!G29+'SX và bán HD'!G29+'SX và bán PP'!G29+'SX và bán xơ sợi'!G29 -> 4680.9522 | H28: ='SX và bán PET'!H29+'SX và bán HD'!H29+'SX và bán PP'!H29+'SX và bán xơ sợi'!H29 -> 4678.4225 | I28: ='SX và bán PET'!I29+'SX và bán HD'!I29+'SX và bán PP'!I29+'SX và bán xơ sợi'!I29 -> 4551.8495 | ... M28: ='SX và bán PET'!M29+'SX và bán HD'!M29+'SX và bán PP'!M29+'SX và bán xơ sợi'!M29 -> 4773.5204 | N28: =SUM(B28:M28) -> 54868
A29: Tồn TP | B29: ='SX và bán PET'!B30+'SX và bán HD'!B30+'SX và bán PP'!B30+'SX và bán xơ sợi'!B30 -> 11005.272 | C29: ='SX và bán PET'!C30+'SX và bán HD'!C30+'SX và bán PP'!C30+'SX và bán xơ sợi'!C30 -> 0 | D29: ='SX và bán PET'!D30+'SX và bán HD'!D30+'SX và bán PP'!D30+'SX và bán xơ sợi'!D30 -> 0 | E29: ='SX và bán PET'!E30+'SX và bán HD'!E30+'SX và bán PP'!E30+'SX và bán xơ sợi'!E30 -> 0 | F29: ='SX và bán PET'!F30+'SX và bán HD'!F30+'SX và bán PP'!F30+'SX và bán xơ sợi'!F30 -> 0 | G29: ='SX và bán PET'!G30+'SX và bán HD'!G30+'SX và bán PP'!G30+'SX và bán xơ sợi'!G30 -> 0 | H29: ='SX và bán PET'!H30+'SX và bán HD'!H30+'SX và bán PP'!H30+'SX và bán xơ sợi'!H30 -> 0 | I29: ='SX và bán PET'!I30+'SX và bán HD'!I30+'SX và bán PP'!I30+'SX và bán xơ sợi'!I30 -> 0 | ... N29: ='SX và bán PET'!N30+'SX và bán HD'!N30+'SX và bán PP'!N30+'SX và bán xơ sợi'!N30 -> 11005.272

Sheet SX và bán PET
A26: 2025 | B26: T1 | C26: T2 | D26: T3 | E26: T4 | F26: T5 | G26: T6 | H26: T7 | I26: T8 | J26: T9 | K26: T10 | L26: T11 | M26: T12 | N26: Lũy kế
A27: SL SX | B27: 408 | N27: =SUM(B27:M27) -> 408
A28: SL Bán | B28: =1142.9+17.6 -> 1160.5 | N28: =SUM(B28:M28) -> 1160.5
A29: SL Bán dự báo | B29: 3754.6359 | C29: 3654.7276 | D29: 3872.9704 | E29: 3773.6445 | F29: 4033.8495 | G29: 3849.3652 | H29: 4007.8355 | I29: 3868.2625 | J29: 3873.0361 | K29: 3750.0393 | L29: 4016.6561 | M29: 3891.9334 | N29: =SUM(B29:M29) -> 46346.956
A30: Tồn TP | B30: 7062.8559 | N30: =B30 -> 7062.8559

Sheet SX và bán HD
A26: 2025 | B26: T1 | C26: T2 | D26: T3 | E26: T4 | F26: T5 | G26: T6 | H26: T7 | I26: T8 | J26: T9 | K26: T10 | L26: T11 | M26: T12 | N26: Lũy kế
A27: SL SX | B27: 52 | N27: =SUM(B27:M27) -> 52
A28: SL Bán | B28: =127.375+22 -> 149.375 | N28: =SUM(B28:M28) -> 149.375
A29: SL Bán dự báo | B29: 394 | C29: 438 | D29: 636 | E29: 460 | F29: 460 | G29: 658 | H29: 512 | I29: 534 | J29: 732 | K29: 534 | L29: 534 | M29: 732 | N29: =SUM(B29:M29) -> 6624
A30: Tồn TP | B30: 2611.995 | N30: =B30 -> 2611.995

Sheet SX và bán PP
A26: 2025 | B26: T1 | C26: T2 | D26: T3 | E26: T4 | F26: T5 | G26: T6 | H26: T7 | I26: T8 | J26: T9 | K26: T10 | L26: T11 | M26: T12 | N26: Lũy kế
A27: SL SX | B27: 0 | N27: =SUM(B27:M27) -> 0
A28: SL Bán | B28: 4.5 | N28: =SUM(B28:M28) -> 4.5
A29: SL Bán dự báo | B29: 72 | C29: 63 | D29: 72 | E29: 63 | F29: 72 | G29: 87 | H29: 72 | I29: 63 | J29: 72 | K29: 87 | L29: 72 | M29: 63 | N29: =SUM(B29:M29) -> 858
A30: Tồn kho TP | B30: 283.1425 | N30: =B30 -> 283.1425

Sheet SX và bán xơ sợi
A26: 2026 | B26: T1 | C26: T2 | D26: T3 | E26: T4 | F26: T5 | G26: T6 | H26: T7 | I26: T8 | J26: T9 | K26: T10 | L26: T11 | M26: T12 | N26: Lũy kế
A27: SL SX | B27: 24 | N27: =SUM(B27:M27) -> 24
A28: SL Bán | B28: -17.6 | N28: =SUM(B28:M28) -> -17.6
A29: SL Bán dự báo | B29: 86.586983 | C29: 86.586983 | D29: 86.586983 | E29: 86.586983 | F29: 86.586983 | G29: 86.586983 | H29: 86.586983 | I29: 86.586983 | J29: 86.586983 | K29: 86.586983 | L29: 86.586983 | M29: 86.586983 | N29: =SUM(B29:M29) -> 1039.0438
A30: Tồn kho TP | B30: 1047.2786 | N30: =B30 -> 1047.2786
