Workbook
Name \T: #REF!
Name \T: #REF!
Name \T: #REF!
Name \T: #REF!
Name \T: #REF!
Name \T: #REF!
Name \T: #REF!
Name __dao1: #REF!
Name __dao2: #REF!
Name __dap2: #REF!
Name __day1: #REF!
Name __day2: #REF!
Name __dbu1: #REF!
Name __dbu2: #REF!
Name __doi3: #REF!
Name __E99999: #REF!
Name __Jan02: #REF!
Name __lap1: #REF!
Name __lap2: #REF!
Name __vc1: #REF!
Name __vc2: #REF!
Name __vc3: #REF!
Name _01_01_99: #REF!
Name _01_02_99: #REF!
Name _01_03_99: #REF!
Name _01_04_99: #REF!
Name _01_05_99: #REF!
Name _01_06_99: #REF!
Name _01_07_99: #REF!
Name _01_08_1999: #REF!
Name _1CAP002: #REF!
Name _2STREO7: #REF!
Name _4GOIC01: #REF!
Name _4OSLCTT: #REF!
Name _6BNTTTH: #REF!
Name _6DCTTBO: #REF!
Name _6DD24TT: #REF!
Name _6FCOTBU: #REF!
Name _6LATUBU: #REF!
Name _6SDTT24: #REF!
Name _6TBUDTT: #REF!
Name _6TDDDTT: #REF!
Name _6TLTTTH: #REF!
Name _6TUBUTT: #REF!
Name _6UCLVIS: #REF!
Name _7DNCABC: #REF!
Name _7HDCTBU: #REF!
Name _7PKTUBU: #REF!
Name _7TBHT20: #REF!
Name _7TBHT30: #REF!
Name _7TDCABC: #REF!
Name _dao1: #REF!
Name _dao2: #REF!
Name _dap2: #REF!
Name _day1: #REF!
Name _day2: #REF!
Name _dbu1: #REF!
Name _dbu2: #REF!
Name _doi3: #REF!
Name _E99999: #REF!

Sheet PET-tháng

Sheet PET_tuan

Sheet Ma trận PET
D3: MA TRẬN GIÁ BÁN rPET | AL3: 2023 | AX3: 2024 | BJ3: 2025 | EG3: 2023 | EK3: 07.02 | EL3: 14.02 | EM3: 21.02 | EN3: 28.02 | EO3: 7.03 | EP3: 14.03 | EQ3: 21.03 | ER3: 28.03 | ES3: 4.04 | ET3: 11.04 | EU3: 18.04 | EV3: 25.04 | EW3: 2.05 | EX3: 9.05 | EY3: 16.05 | EZ3: 23.05 | FA3: 30.05 | FB3: 6.06 | FC3: 13.06 | FD3: 20.06 | GF3: 2024 | ID3: 2025
F4: Tỷ giá | I4: 23147 | J4: 23135 | K4: 23142 | L4: 23194 | M4: 23204 | N4: 23160 | O4: 23141 | P4: 23161 | Q4: 23161 | R4: 23123 | S4: 23156 | T4: 23126 | U4: 23180 | V4: 23108 | W4: =V4 -> 23108 | X4: =W4 -> 23108 | Y4: =X4 -> 23108 | Z4: 23150 | AA4: 23150 | AB4: 23150 | AC4: 23150 | AD4: 23500 | AE4: 23500 | AF4: 23500 | AG4: 23500 | AH4: 23500 | AI4: 23500 | AJ4: 24600 | AK4: 24000 | AL4: 24000 | AM4: 24000 | AN4: 24000 | AO4: 24000 | AP4: 24000 | AQ4: 24000 | AR4: 24000 | AS4: 24000 | AT4: 24000 | AU4: 24000 | AV4: 24000 | AW4: 24000 | AX4: 24000 | AY4: 24000 | AZ4: 24000 | BA4: 24000 | BB4: 24000 | BC4: 24000 | BD4: 24000 | BE4: 24000 | BF4: 24000 | BG4: 24000 | BH4: 24000 | BI4: 24000 | DD4: 23150 | DE4: 23150 | DF4: 23150 | DG4: 23150 | DH4: 23150 | DI4: 23150 | DJ4: 23150 | DK4: 23150 | DL4: 23150 | DM4: 23150 | DN4: 23150 | DO4: 23150 | DP4: 23500 | DQ4: 23500 | DR4: 23500 | DS4: 23500 | DT4: 23500 | DU4: 23500 | DV4: 23500 | DW4: 23500 | DX4: 24600 | DY4: 24600 | DZ4: 24600 | EA4: 24600 | EB4: 24600 | EC4: 24000 | ED4: 24000 | EE4: 24000 | EF4: 24000 | EG4: 24000 | EH4: 24000 | EI4: 24000 | EJ4: 24000 | EK4: 24000 | EL4: 24000 | EM4: 24000 | EN4: 24000 | EO4: 24000 | EP4: 24000 | EQ4: 24000 | ER4: 24000 | ES4: 24000 | ET4: 24000 | EU4: 24000 | EV4: 24000 | EW4: 24000 | EX4: 24000 | EY4: 24000 | EZ4: 24000 | FA4: 24000 | FB4: 24000 | FC4: 24000 | FD4: 24000 | FE4: 24000 | FF4: 24000 | FG4: 24000 | FH4: 24000 | FI4: 24000 | FJ4: 24000 | FK4: 24000 | FL4: 24000 | FM4: 24000 | FN4: 24000 | FO4: 24000 | FP4: 24000 | FQ4: 24000 | FR4: 24000 | FS4: 24000 | FT4: 24000 | FU4: 24000 | FV4: 24000 | FW4: 24000 | FX4: 24000 | FY4: 24000 | FZ4: 24000 | GA4: 24000 | GB4: 24000 | GC4: 24000 | GD4: 24000 | GE4: 24000 | GF4: 24000 | GG4: 24000 | GH4: 24000 | GI4: 24000 | GJ4: 24000 | GK4: 24000 | GL4: 24000 | GM4: 24000 | GN4: 24000 | GO4: 24000 | GP4: 24000 | GQ4: 24000 | GR4: 24000 | GS4: 24000 | GT4: 24000 | KC4: 2026
A5: Stt | B5: Mã SAP | C5: Tên hàng hóa SAP | D5: Mã SP | E5: Tên sản phẩm | F5: Diễn giải | G5: Đơn vị tính | H5: Diễn giải | I5: T1.21 | J5: T2.21 | K5: T3.21 | L5: T4.21 | M5: T5.21 | N5: T6.21 | O5: T7.21 | P5: T8.21 | Q5: T9.21 | R5: T10.21 | S5: T11.21 | T5: T12.21 | U5: 1 | V5: 2 | W5: 3 | X5: 4 | Y5: 5 | Z5: 6 | AA5: 7 | AB5: 8 | AC5: Hiện tại 23/8 | AD5: 9 | AE5: 10 | AF5: 4/10 | AG5: 11/10 | AH5: 18/10 | AI5: 25/10 | AJ5: 11 | AK5: 12 | AL5: T1/23 | AM5: 2 | AN5: 3 | AO5: 4 | AP5: 5 | AQ5: 6 | AR5: 7 | AS5: 8 | AT5: 9 | AU5: 10 | AV5: 11 | AW5: 12 | AX5: T1.24 | AY5: 2 | AZ5: 3 | BA5: 4 | BB5: 5 | BC5: 6 | BD5: 7 | BE5: 8 | BF5: 9 | BG5: 10 | BH5: 11 | BI5: 12 | BJ5: T1.25 | BK5: 2 | BL5: 3 | BM5: 4 | BN5: 5 | BO5: 6 | BP5: 7 | BQ5: 8 | BR5: 9 | BS5: 10 | BT5: 11 | BU5: 12 | BV5: T1.26 | BW5: 2 | BX5: 3 | BY5: 4 | BZ5: 5 | CA5: 6 | CB5: 7 | CD5: Mã SP | CE5: Tên sản phẩm | CF5: Diễn giải | CG5: 1 | CH5: =+CG5+1 -> 2 | CI5: =+CH5+1 -> 3 | CJ5: =+CI5+1 -> 4 | CK5: =+CJ5+1 -> 5 | CL5: =+CK5+1 -> 6 | CM5: =+CL5+1 -> 7 | CN5: =+CM5+1 -> 8 | CO5: =+CN5+1 -> 9 | ... DC5: =+DB5+1 -> 23 | DD5: 24 | DE5: 25 | DF5: 26 | DG5: 27 | DH5: 28 | DI5: 29 | DJ5: 30 | DK5: 31 | DL5: 32 | DM5: 33 | DN5: 34 | DO5: 35 | DP5: 36 | DQ5: 37 | DR5: 38 | DS5: 39 | DT5: 40 | DU5: 41 | DV5: 42 | DW5: 43 | DX5: 44 | DY5: 45 | DZ5: 46 | EA5: 47 | EB5: 48 | EC5: 49 | ED5: 50 | EE5: 51 | EF5: 52 | EG5: 1 | EH5: 2 | EI5: 3 | EJ5: 5 | EK5: 6 | EL5: 7 | EM5: 8 | EN5: 9 | EO5: 10 | EP5: 11 | EQ5: 12 | ER5: 13 | ES5: 14 | ET5: 15 | EU5: 16 | EV5: 17 | EW5: 18 | EX5: 19 | EY5: 20 | EZ5: 21 | FA5: 22 | FB5: 23 | FC5: 24 | FD5: 25 | FE5: 26 | FF5: 27 | FG5: 28 | FH5: 29 | FI5: 30 | FJ5: 31 | FK5: 32 | FL5: 33 | FM5: 34 | FN5: 35 | FO5: 36 | FP5: 37 | FQ5: 38 | FR5: 39 | FS5: 40 | FT5: 41 | FU5: 42 | FV5: 43 | FW5: 44 | FX5: 45 | FY5: 46 | FZ5: 47 | GA5: 48 | GB5: 49 | GC5: 50 | GD5: 51 | GE5: 52 | GF5: 1/24 | GG5: 02 | GH5: 03 | GI5: 04 | GJ5: 05 | GK5: 08 | GL5: 09 | GM5: 10 | GN5: 11 | GO5: 12 | GP5: 13 | GQ5: 14 | GR5: 15 | GS5: 16 | GT5: 17 | GU5: 18 | GV5: 19 | GW5: 20 | GX5: 21 | GY5: 22 | GZ5: 23 | HA5: 24 | HB5: 25 | HC5: 26 | HD5: 27 | HE5: 28 | HF5: 29 | HG5: 30 | HH5: 31 | HI5: 32 | HJ5: 33 | HK5: 34 | HL5: 35 | HM5: 36 | HN5: 37 | HO5: 38 | HP5: 39 | HQ5: 40 | HR5: 41 | HS5: 42 | HT5: 43 | HU5: 44 | HV5: 45 | HW5: 46 | HX5: 47 | HY5: 48 | HZ5: 49 | IA5: 50 | IB5: 51 | IC5: 52 | ID5: 01 | IE5: 02 | IF5: 03 | IG5: 04 | IH5: 06 | II5: 07 | IJ5: 08 | IK5: 09 | IL5: 10 | IM5: 11 | IN5: 12 | IO5: 13 | IP5: 14 | IQ5: 15 | IR5: 16 | IS5: 17 | IT5: 18 | IU5: 19 | IV5: 20 | IW5: 21 | IX5: 22 | IY5: 23 | IZ5: 24 | JA5: 25 | JB5: 26 | JC5: 27 | JD5: 28 | JE5: 29 | JF5: 30 | JG5: 31 | JH5: 32 | JI5: 33 | JJ5: 34 | JK5: 35 | JL5: 36 | JM5: 37 | JN5: 38 | JO5: 39 | JP5: 40 | JQ5: 41 | JR5: 42 | JS5: 43 | JT5: 44 | JU5: 45 | JV5: 46 | JW5: 47 | JX5: 48 | JY5: 49 | JZ5: 50 | KA5: 51 | KB5: 52 | KC5: 01 | KD5: 02 | KE5: 03 | KF5: 04 | KG5: 05 | KH5: 06 | KI5: 07 | KJ5: 08 | KK5: 09 | KL5: 10 | KM5: 11 | KN5: 12 | KO5: 13 | KP5: 14 | KQ5: 15 | KR5: 16 | KS5: 17 | KT5: 18 | KU5: 19 | KV5: 20 | KW5: 21 | KX5: 22 | KY5: 23 | KZ5: 24 | LA5: 25 | LB5: 26 | LC5: 27 | LD5: 28 | LE5: 29 | LF5: 30 | LG5: 31
A6: 5 | B6: 110000329 | C6: Hạt rPET WSS01 | D6: WSS01G | E6: WSS01 - Hạt rPET (IV 0.78) | F6: DTR | G6: $ /tấn | H6: DTR | I6: =I7-20 -> 1230 | J6: =J7-20 -> 1230 | K6: =K7-20 -> 1230 | L6: =L7-20 -> 1230 | M6: =M7-20 -> 1230 | N6: =N7-20 -> 1230 | O6: =O7-20 -> 1250 | P6: =P7-20 -> 1250 | ... V6: =V7-20 -> 1300 | W6: 1450 | X6: 1550 | Y6: 1550 | Z6: 1550 | AA6: 1550 | AB6: 1480 | AC6: 1480 | AD6: =#REF!/AD4*1000 -> #REF! | AE6: =#REF!/AE4*1000 -> #REF! | AF6: =#REF!/AF4*1000 -> #REF! | AG6: =#REF!/AG4*1000 -> #REF! | AH6: =#REF!/AH4*1000 -> #REF! | AI6: =#REF!/AI4*1000 -> #REF! | AJ6: =#REF!/AJ4*1000 -> #REF! | AK6: 1330 | AL6: =+SUM(EG6:EJ6)/4 -> 1330 | AM6: =+SUM(EK6:EN6)/4 -> 1330 | AN6: =+SUM(EO6:EQ6)/COUNT(EO6:EQ6) -> 1380 | AO6: =+SUM(ES6:EV6)/COUNT(ES6:EV6) -> 1380 | AP6: =+SUM(EW6:FA6)/COUNT(EW6:FA6) -> 1380 | AQ6: =+SUM(FB6:FE6)/COUNT(FB6:FE6) -> 1325 | AR6: =+SUM(FF6:FI6)/COUNT(FF6:FI6) -> 1275 | AS6: =FJ6 -> 1250 | AT6: 1250 | AU6: 1250 | AV6: 1250 | AW6: 1250 | AX6: 1250 | AY6: 1250 | AZ6: 1250 | BA6: 1250 | BB6: 1300 | BC6: 1300 | BD6: 1300 | BE6: 1300 | BF6: 1310 | BG6: 1325 | BH6: 1325 | BI6: =1325-50 -> 1275 | BJ6: =1325-50-45 -> 1230 | BK6: =1325-50-45 -> 1230 | BL6: =1325-50-45 -> 1230 | BM6: =1325-50-45+20 -> 1250 | BN6: =1325-50-45+20 -> 1250 | BO6: =1325-50-45+20 -> 1250 | BP6: =1325-50-45+20 -> 1250 | BQ6: =1325-50-45+20-30 -> 1220 | BR6: =1325-50-45+20-30 -> 1220 | BS6: =1325-50-45+20-30-10 -> 1210 | BT6: =1325-50-45+20-30-10-10 -> 1200 | BU6: =1325-50-45+20-30-10-10 -> 1200 | BV6: =1325-50-45+20-30-10-10-40 -> 1160 | BW6: =1325-50-45+20-30-10-10-40 -> 1160 | BX6: 1160 | BY6: 1280 | BZ6: 1380 | CA6: 1350 | CB6: 1330 | CD6: WSS01/G | CE6: WSS01 - Hạt rPET (IV 0.78) | CF6: DTR | DD6: 1550 | DE6: 1550 | DF6: 1550 | DG6: 1550 | DH6: 1550 | DI6: 1550 | DJ6: 1550 | DK6: 1480 | DL6: 1480 | DM6: 1480 | DN6: 1480 | DO6: 1480 | DP6: 1410 | DQ6: 1410 | DR6: 1410 | DS6: 1410 | DT6: =#REF!/DT4*1000 -> #REF! | DU6: =#REF!/DU4*1000 -> #REF! | DV6: =#REF!/DV4*1000 -> #REF! | DW6: =#REF!/DW4*1000 -> #REF! | DX6: 1380 | DY6: 1380 | DZ6: 1380 | EA6: 1380 | EB6: 1380 | EC6: 1380 | ED6: 1380 | EE6: 1330 | EF6: 1330 | EG6: 1330 | EH6: 1330 | EI6: 1330 | EJ6: 1330 | EK6: 1330 | EL6: 1330 | EM6: 1330 | EN6: 1330 | EO6: 1380 | EP6: 1380 | EQ6: 1380 | ER6: 1380 | ES6: 1380 | ET6: 1380 | EU6: 1380 | EV6: 1380 | EW6: 1380 | EX6: 1380 | EY6: 1380 | EZ6: 1380 | FA6: 1380 | FB6: 1350 | FC6: 1350 | FD6: 1300 | FE6: 1300 | FF6: 1300 | FG6: 1300 | FH6: 1250 | FI6: 1250 | FJ6: 1250 | FK6: 1250 | FL6: 1250 | FM6: 1250 | FN6: 1250 | FO6: 1250 | FP6: 1250 | FQ6: 1250 | FR6: 1250 | FS6: 1250 | FT6: 1250 | FU6: 1250 | FV6: 1250 | FW6: 1250 | FX6: 1250 | FY6: 1250 | FZ6: 1250 | GA6: 1250 | GB6: 1250 | GC6: 1250 | GD6: 1250 | GE6: 1250 | GF6: 1250 | GG6: 1250 | GH6: 1250 | GI6: 1250 | GJ6: 1250 | GK6: 1250 | GL6: 1250 | GM6: 1250 | GN6: 1250 | GO6: 1250 | GP6: 1250 | GQ6: 1250 | GR6: 1250 | GS6: 1250 | GT6: 1250 | GU6: 1300 | GV6: 1300 | GW6: 1300 | GX6: 1300 | GY6: 1300 | GZ6: 1300 | HA6: 1300 | HB6: 1300 | HC6: 1300 | HD6: 1300 | HE6: 1300 | HF6: 1300 | HG6: 1300 | HH6: 1300 | HI6: 1300 | HJ6: 1300 | HK6: 1300 | HL6: 1300 | HM6: 1310 | HN6: 1310 | HO6: 1310 | HP6: 1310 | HQ6: 1325 | HR6: 1325 | HS6: 1325 | HT6: 1325 | HU6: 1325 | HV6: 1325 | HW6: 1325 | HX6: 1325 | HY6: 1325 | HZ6: =1325-50 -> 1275 | IA6: =HZ6 -> 1275 | IB6: =IA6 -> 1275 | IC6: =IB6 -> 1275 | ID6: 1230 | IE6: =ID6 -> 1230 | IF6: =IE6 -> 1230 | IG6: =IF6 -> 1230 | IH6: =IG6 -> 1230 | II6: =IH6 -> 1230 | IJ6: =II6 -> 1230 | IK6: =IJ6 -> 1230 | IL6: =IK6 -> 1230 | ... IO6: =IN6 -> 1230 | IP6: =IO6+20 -> 1250 | IQ6: =IP6 -> 1250 | IR6: =IQ6 -> 1250 | IS6: =IR6 -> 1250 | IT6: =IS6 -> 1250 | IU6: =IT6 -> 1250 | IV6: =IU6 -> 1250 | IW6: =IV6 -> 1250 | IX6: =IW6 -> 1250 | IY6: 1223.0835 | IZ6: 1225.2286 | JA6: 1219.8595 | JB6: 1219.0531 | JC6: 1215.2889 | JD6: 1228.3131 | JE6: 1216.0902 | JF6: 1220.5682 | JG6: 1216.9073 | JH6: 1204.4734 | JI6: 1187.6814 | JJ6: 1220 | JK6: =JJ6 -> 1220 | JL6: =JK6 -> 1220 | JM6: =JL6 -> 1220 | JN6: =JM6 -> 1220 | JO6: =JN6 -> 1220 | JP6: 1210 | JQ6: =JP6 -> 1210 | JR6: =JQ6 -> 1210 | JS6: =JR6 -> 1210 | JT6: 1210 | JU6: 1200 | JV6: 1200 | JW6: 1200 | JX6: 1200 | JY6: 1200 | JZ6: 1200 | KA6: 1200 | KB6: 1200 | KC6: 1160 | KD6: 1160 | KE6: 1160 | KF6: 1160 | KG6: 1160 | KH6: 1160 | KI6: 1160 | KJ6: 1160 | KK6: 1160 | KL6: 1160 | KM6: 1160 | KN6: =1160+50 -> 1210 | KO6: 1280 | KP6: 1280 | KQ6: 1280 | KR6: 1310 | KS6: 1380 | KT6: 1380 | KU6: 1380 | KV6: 1380 | KW6: 1380 | KX6: 1380 | KY6: 1350 | KZ6: 1350 | LA6: 1350 | LB6: 1350 | LC6: 1330 | LD6: 1330
A7: 6 | B7: 110000329 | C7: Hạt rPET WSS01 | D7: WSS01/G | E7: WSS01 - Hạt rPET (IV 0.78) | F7: DTR-Giá WSS01 FOB-HCM (IV: 0,78+/- 0.02) | G7: $ /tấn | H7: DTR | I7: 1250 | J7: 1250 | K7: 1250 | L7: 1250 | M7: 1250 | N7: 1250 | O7: 1270 | P7: 1270 | Q7: 1270 | R7: 1270 | S7: 1320 | T7: 1320 | U7: 1320 | V7: 1320 | W7: =W6+20 -> 1470 | X7: =X6+20 -> 1570 | Y7: =Y6+20 -> 1570 | Z7: =Z6+20 -> 1570 | AA7: =AA6+20 -> 1570 | AB7: 1500 | AC7: =AC6+20 -> 1500 | AD7: =AD6+20 -> #REF! | AE7: =AE6+20 -> #REF! | AF7: =AF6+20 -> #REF! | AG7: =AG6+20 -> #REF! | AH7: =AH6+20 -> #REF! | AI7: =AI6+20 -> #REF! | AJ7: =AJ6+20 -> #REF! | AK7: =AK6+20 -> 1350 | AL7: =+SUM(EG7:EJ7)/4 -> 1330 | AM7: =+SUM(EH7:EK7)/4 -> 1330 | AN7: =+SUM(EO7:EQ7)/COUNT(EO7:EQ7) -> 1380 | AO7: =+SUM(ES7:EV7)/COUNT(ES7:EV7) -> 1380 | AP7: =+SUM(EW7:FA7)/COUNT(EW7:FA7) -> 1380 | AQ7: =+SUM(FB7:FE7)/COUNT(FB7:FE7) -> 1325 | AR7: =+SUM(FF7:FI7)/COUNT(FF7:FI7) -> 1275 | AS7: =+SUM(FJ7:FN7)/COUNT(FJ7:FN7) -> 1250 | AT7: =FO7 -> 1250 | AU7: =FP7 -> 1250 | AV7: =FQ7 -> 1250 | AW7: =FR7 -> 1250 | AX7: =FS7 -> 1250 | AY7: =FT7 -> 1250 | AZ7: =FU7 -> 1250 | BA7: =FV7 -> 1250 | BB7: 1300 | BC7: 1300 | BD7: 1300 | BE7: 1300 | BF7: 1300 | BG7: 1300 | BH7: 1300 | BI7: 1300 | BJ7: 1300 | BK7: 1300 | BL7: 1300 | BM7: 1300 | BN7: 1300 | BO7: 1300 | BP7: 1300 | BQ7: 1300 | BR7: 1300 | BS7: 1300 | BT7: 1300 | BU7: 1300 | BV7: 1300 | BW7: 1300 | BX7: 1300 | BY7: 1300 | BZ7: 1300 | CA7: 1300 | CB7: 1300 | CD7: giá EXW | CE7: WSS01 - Hạt rPET (IV 0.78) | CF7: DTR | DD7: =DD6+20 -> 1570 | DE7: =DE6+20 -> 1570 | DF7: =DF6+20 -> 1570 | DG7: =DG6+20 -> 1570 | DH7: =DH6+20 -> 1570 | DI7: =DI6+20 -> 1570 | DJ7: =DJ6+20 -> 1570 | DK7: =DK6+20 -> 1500 | ... DW7: =DW6+20 -> #REF! | DX7: 1400 | DY7: 1400 | DZ7: 1400 | EA7: 1400 | EB7: 1400 | EC7: 1400 | ED7: 1400 | EE7: 1350 | EF7: 1350 | EG7: =EG6 -> 1330 | EH7: =EH6 -> 1330 | EI7: =EI6 -> 1330 | EJ7: =EJ6 -> 1330 | EK7: =EK6 -> 1330 | EL7: =EL6 -> 1330 | EM7: =EM6 -> 1330 | EN7: =EN6 -> 1330 | ... GD7: =GD6 -> 1250 | GE7: 1250 | GF7: 1250 | GG7: 1250 | GH7: 1250 | GI7: 1250 | GJ7: 1250 | GK7: 1250 | GL7: 1250 | GM7: 1250 | GN7: 1250 | GO7: 1250 | GP7: 1250 | GQ7: 1250 | GR7: 1250 | GS7: 1250 | GT7: 1250 | GU7: 1250 | GV7: 1250 | GW7: 1250 | GX7: 1250 | GY7: 1250 | GZ7: 1250 | HA7: 1250 | HB7: 1250 | HC7: 1250
A8: 7 | B8: 110000330 | C8: Hạt rPET SS01 | D8: ISS01/G | E8: SS01 - Hạt rPET (IV 0.82) | F8: DTR-Giá ISS01 FOB-HCM (IV: 0,82+/- 0.02) | G8: $ /tấn | H8: ISS01 (IV: 0,82+/- 0.02) | I8: =I7+30 -> 1280 | J8: =J7+30 -> 1280 | K8: =K7+30 -> 1280 | L8: =L7+30 -> 1280 | M8: =M7+30 -> 1280 | N8: =N7+30 -> 1280 | O8: =O7+30 -> 1300 | P8: =P7+30 -> 1300 | ... S8: =S7+30 -> 1350 | T8: =T7+50 -> 1370 | U8: =U7+50 -> 1370 | V8: =V7+50 -> 1370 | W8: =W7+100 -> 1570 | X8: =X7+100 -> 1670 | Y8: =Y7+100 -> 1670 | Z8: =Z7+80 -> 1650 | AA8: =AA7+80 -> 1650 | AB8: 1530 | AC8: 1530 | AD8: =#REF!/AD4*1000+20 -> #REF! | AE8: =#REF!/AE4*1000+20 -> #REF! | AF8: =#REF!/AF4*1000+20 -> #REF! | AG8: =#REF!/AG4*1000+20 -> #REF! | AH8: =#REF!/AH4*1000+20 -> #REF! | AI8: =#REF!/AI4*1000+20 -> #REF! | AJ8: =#REF!/AJ4*1000+20 -> #REF! | AK8: =#REF!/AK4*1000+20 -> #REF! | AL8: =#REF!/AL4*1000+20 -> #REF! | AM8: =+SUM(EK8:EN8)/4 -> 1397.5 | AN8: =+SUM(EO8:EQ8)/COUNT(EO8:EQ8) -> 1410 | AO8: =+SUM(ES8:EV8)/COUNT(ES8:EV8) -> 1410 | AP8: =+SUM(EW8:FA8)/COUNT(EW8:FA8) -> 1410 | AQ8: =+SUM(FB8:FE8)/COUNT(FB8:FE8) -> 1355 | AR8: =+SUM(FF8:FI8)/COUNT(FF8:FI8) -> 1305 | AS8: =+SUM(FJ8:FN8)/COUNT(FJ8:FN8) -> 1280 | AT8: =FO8 -> 1280 | AU8: =FP8 -> 1280 | AV8: =FQ8 -> 1280 | AW8: =FR8 -> 1280 | AX8: =FS8 -> 1280 | AY8: =FT8 -> 1280 | AZ8: =FU8 -> 1280 | BA8: =FV8 -> 1280 | ... CB8: =GW8 -> 1280 | CD8: ISS01/G | CE8: SS01 - Hạt rPET (IV 0.82) | CF8: ISS01 (IV: 0,82+/- 0.02) | DD8: 1650 | DE8: 1650 | DF8: 1650 | DG8: 1650 | DH8: 1650 | DI8: 1650 | DJ8: 1650 | DK8: 1530 | DL8: 1530 | DM8: 1530 | DN8: 1530 | DO8: 1530 | DP8: 1460 | DQ8: 1460 | DR8: 1460 | DS8: 1460 | DT8: =#REF!/DT4*1000+20 -> #REF! | DU8: =#REF!/DU4*1000+20 -> #REF! | DV8: =#REF!/DV4*1000+20 -> #REF! | DW8: =#REF!/DW4*1000+20 -> #REF! | DX8: 1410 | DY8: 1410 | DZ8: 1410 | EA8: 1410 | EB8: 1410 | EC8: 1410 | ED8: 1410 | EE8: 1410 | EF8: 1410 | EG8: 1410 | EH8: 1410 | EI8: 1410 | EJ8: 1410 | EK8: 1410 | EL8: 1410 | EM8: 1410 | EN8: =+EN7+30 -> 1360 | EO8: =+EO7+30 -> 1410 | EP8: =+EP7+30 -> 1410 | EQ8: =+EQ7+30 -> 1410 | ER8: =+ER7+30 -> 1410 | ES8: =+ES7+30 -> 1410 | ET8: =+ET7+30 -> 1410 | EU8: =+EU7+30 -> 1410 | ... HC8: =+HC7+30 -> 1280
D9: ẩn | F9: DTR-Giá FOB rPET ISS01 | G9: đồng /kg | H9: DTR-Giá FOB rPET ISS01 | V9: =V8*23108/1000 -> 31657.96 | W9: =W8*23108/1000 -> 36279.56 | X9: =X8*23108/1000 -> 38590.36 | Y9: =Y8*23108/1000 -> 38590.36 | Z9: =Z8*Z4/1000 -> 38197.5 | AC9: =AC8*AC4/1000 -> 35419.5 | AD9: =AD8*AD4/1000 -> #REF! | AE9: =AE8*AE4/1000 -> #REF! | AF9: =AF8*AF4/1000 -> #REF! | AG9: =AG8*AG4/1000 -> #REF! | AH9: =AH8*AH4/1000 -> #REF! | AI9: =AI8*AI4/1000 -> #REF! | AJ9: =AJ8*AJ4/1000 -> #REF! | ... AM9: =AM8*AM4/1000 -> 33540 | CD9: ẩn | CF9: DTR-Giá FOB rPET ISS01 | DT9: =DT8*DT4/1000 -> #REF! | DU9: =DU8*DU4/1000 -> #REF! | DV9: =DV8*DV4/1000 -> #REF! | DW9: =DW8*DW4/1000 -> #REF! | DX9: 33135 | FD9: =+#REF!+30 -> #REF!
A11: 9 | D11: ICIS | E11: ICIS giá rPET ($ /tấn) | F11: ICIS FOB ĐNA - Giá trung bình | G11: $ /tấn | H11: ICIS | P11: 1300 | Q11: 1300 | R11: 1350 | S11: 1350 | T11: 1350 | U11: 1350 | V11: 1500 | W11: 1525 | X11: 1525 | Y11: 1550 | Z11: 1627 | AA11: 1585 | AB11: 1574 | AC11: 1485 | AD11: 1444 | AE11: 1425 | AF11: 1425 | AG11: 1425 | AH11: 1425 | AI11: =(1350+1500)/2 -> 1425 | AJ11: 1425 | AK11: 1330 | AL11: =+SUM(EG11:EJ11)/4 -> 1287.5 | AM11: =+SUM(EK11:EN11)/4 -> 1313.75 | AN11: =+SUM(EO11:EQ11)/COUNT(EO11:EQ11) -> 1440 | AO11: =+SUM(ES11:EV11)/COUNT(ES11:EV11) -> 1440 | AP11: =+SUM(EW11:FA11)/COUNT(EW11:FA11) -> 1433 | AQ11: =+SUM(FB11:FE11)/COUNT(FB11:FE11) -> 1337.5 | AR11: =+SUM(FF11:FI11)/COUNT(FF11:FI11) -> 1317.5 | AS11: =+SUM(FJ11:FN11)/COUNT(FJ11:FN11) -> 1274 | AT11: =+SUM(FO11:FR11)/COUNT(FO11:FR11) -> 1288.75 | AU11: =+SUM(FS11:FV11)/COUNT(FS11:FV11) -> 1288.125 | AV11: =+SUM(FW11:FZ11)/COUNT(FW11:FZ11) -> 1300 | AW11: =+SUM(GA11:GE11)/COUNT(GA11:GE11) -> 1300 | AX11: =+SUM(GF11:GI11)/COUNT(GF11:GI11) -> 1312.5 | AY11: =+SUM(GJ11:GL11)/COUNT(GJ11:GL11) -> 1325 | AZ11: =+SUM(GM11:GP11)/COUNT(GM11:GP11) -> 1320 | BA11: =+SUM(GQ11:GT11)/COUNT(GQ11:GT11) -> 1323.75 | BB11: =+SUM(GU11:GY11)/COUNT(GU11:GY11) -> 1346.6 | BC11: =+SUM(GZ11:HC11)/COUNT(GZ11:HC11) -> 1365 | BD11: =+SUM(HD11:HG11)/COUNT(HD11:HG11) -> 1365 | BE11: =+SUM(HH11:HL11)/COUNT(HH11:HL11) -> 1404 | BF11: =+SUM(HM11:HP11)/COUNT(HM11:HP11) -> 1427.5 | BG11: =+SUM(HQ11:HT11)/COUNT(HQ11:HT11) -> 1440 | BH11: =+SUM(HU11:HY11)/COUNT(HU11:HY11) -> 1440 | BI11: =+SUM(HZ11:IC11)/COUNT(HZ11:IC11) -> 1421.25 | BJ11: =+SUM(ID11:IG11)/COUNT(ID11:IG11) -> 1368.75 | BK11: =+SUM(IH11:IK11)/COUNT(IH11:IK11) -> 1350 | BL11: =+SUM(IL11:IO11)/COUNT(IL11:IO11) -> 1360 | BM11: =+SUM(IP11:IS11)/COUNT(IP11:IS11) -> 1360 | BN11: =+SUM(IT11:IX11)/COUNT(IT11:IX11) -> 1360 | BO11: =+SUM(IY11:JB11)/COUNT(IY11:JB11) -> 1360 | BP11: =+SUM(JC11:JG11)/COUNT(JC11:JG11) -> 1324 | BQ11: =+SUM(JH11:JK11)/COUNT(JH11:JK11) -> 1295 | BR11: =+SUM(JL11:JO11)/COUNT(JL11:JO11) -> 1275 | BS11: =+SUM(JP11:JT11)/COUNT(JP11:JT11) -> 1248 | BT11: =+SUM(JU11:JX11)/COUNT(JU11:JX11) -> 1243.75 | BU11: =+SUM(JY11:KB11)/COUNT(JY11:KB11) -> 1193.75 | BV11: =+SUM(KC11:KG11)/COUNT(KC11:KG11) -> 1150 | BW11: =+SUM(KH11:KK11)/COUNT(KH11:KK11) -> 1150 | BX11: =+SUM(KL11:KO11)/COUNT(KL11:KO11) -> 1220 | BY11: =+SUM(KP11:KT11)/COUNT(KP11:KT11) -> 1314 | BZ11: =+SUM(KU11:KX11)/COUNT(KU11:KX11) -> 1358.75 | CA11: =+SUM(KY11:LB11)/COUNT(KY11:LB11) -> 1307.5 | CB11: =+SUM(LC11:LG11)/COUNT(LC11:LG11) -> 1277.5 | CD11: ICIS | CE11: ICIS giá rPET ($ /tấn) | CF11: ICIS | DD11: =+(1550+1670)/2 -> 1610 | DE11: =+(1550+1700)/2 -> 1625 | DF11: =+(1550+1650)/2 -> 1600 | DG11: =+(1550+1620)/2 -> 1585 | DH11: =+(1550+1650)/2 -> 1600 | DI11: =+(1550+1650)/2 -> 1600 | DJ11: =+(1550+1650)/2 -> 1600 | DK11: =+(1550+1680)/2 -> 1615 | DL11: =+(1550+1680)/2 -> 1615 | DM11: =+(1550+1620)/2 -> 1585 | DN11: =+(1550+1620)/2 -> 1585 | DO11: =+(1450+1520)/2 -> 1485 | DP11: =+(1350+1550)/2 -> 1450 | DQ11: =+(1350+1550)/2 -> 1450 | DR11: =+(1350+1550)/2 -> 1450 | DS11: =+(1350+1550)/2 -> 1450 | DT11: 1425 | DU11: 1425 | DV11: 1425 | DW11: =(1350+1500)/2 -> 1425 | DX11: 1350 | DY11: 1350 | DZ11: =+(1250+1450)/2 -> 1350 | EA11: =+(1250+1450)/2 -> 1350 | EB11: =+(1250+1450)/2 -> 1350 | EC11: =+(1250+1450)/2 -> 1350 | ED11: =+(1250+1450)/2 -> 1350 | EE11: =+(1250+1350)/2 -> 1300 | EF11: =+(1250+1350)/2 -> 1300 | EG11: =+(1250+1350)/2 -> 1300 | EH11: =+(1250+1350)/2 -> 1300 | EI11: =+(1250+1300)/2 -> 1275 | EJ11: =+(1250+1300)/2 -> 1275 | EK11: =+(1250+1300)/2 -> 1275 | EL11: =+(1250+1300)/2 -> 1275 | EM11: =+(1280+1350)/2 -> 1315 | EN11: =+(1350+1430)/2 -> 1390 | EO11: =+(1350+1530)/2 -> 1440 | EP11: =+(1350+1530)/2 -> 1440 | EQ11: =+(1350+1530)/2 -> 1440 | ER11: =+(1350+1530)/2 -> 1440 | ES11: =+(1350+1530)/2 -> 1440 | ET11: =+(1350+1530)/2 -> 1440 | EU11: =+(1350+1530)/2 -> 1440 | EV11: =+(1350+1530)/2 -> 1440 | ... EZ11: =+(1350+1530)/2 -> 1440 | FA11: =+(1350+1460)/2 -> 1405 | FB11: =+(1350+1400)/2 -> 1375 | FC11: =+(1300+1350)/2 -> 1325 | FD11: =+(1300+1350)/2 -> 1325 | FE11: =+(1300+1350)/2 -> 1325 | FF11: =+(1300+1350)/2 -> 1325 | FG11: =+(1300+1350)/2 -> 1325 | FH11: =+(1270+1350)/2 -> 1310 | FI11: =+(1270+1350)/2 -> 1310 | FJ11: =+(1200+1300)/2 -> 1250 | FK11: =+(1200+1320)/2 -> 1260 | FL11: =+(1200+1320)/2 -> 1260 | FM11: =+(1250+1350)/2 -> 1300 | FN11: =+(1250+1350)/2 -> 1300 | FO11: =+(1250+1330)/2 -> 1290 | FP11: =+(1250+1330)/2 -> 1290 | FQ11: =+(1250+1330)/2 -> 1290 | FR11: 1285 | FS11: 1285 | FT11: 1287.5 | FU11: 1280 | FV11: 1300 | FW11: 1300 | FX11: 1300 | FY11: 1300 | FZ11: 1300 | GA11: 1300 | GB11: 1300 | GC11: 1300 | GD11: 1300 | GE11: 1300 | GF11: 1300 | GG11: 1300 | GH11: 1325 | GI11: 1325 | GJ11: 1325 | GK11: 1325 | GL11: 1325 | GM11: 1325 | GN11: 1325 | GO11: 1315 | GP11: 1315 | GQ11: 1325 | GR11: 1325 | GS11: 1325 | GT11: 1320 | GU11: 1333 | GV11: 1350 | GW11: 1350 | GX11: 1350 | GY11: 1350 | GZ11: 1365 | HA11: 1365 | HB11: 1365 | HC11: 1365 | HD11: 1365 | HE11: 1365 | HF11: 1365 | HG11: 1365 | HH11: 1400 | HI11: 1400 | HJ11: 1400 | HK11: 1410 | HL11: 1410 | HM11: 1430 | HN11: 1430 | HO11: 1425 | HP11: 1425 | HQ11: 1440 | HR11: 1440 | HS11: 1440 | HT11: 1440 | HU11: 1440 | HV11: 1440 | HW11: 1440 | HX11: 1440 | HY11: 1440 | HZ11: 1430 | IA11: 1430 | IB11: 1425 | IC11: 1400 | ID11: 1400 | IE11: 1375 | IF11: 1350 | IG11: 1350 | IH11: 1350 | II11: 1350 | IJ11: 1350 | IK11: 1350 | IL11: 1360 | IM11: 1360 | IN11: 1360 | IO11: 1360 | IP11: 1360 | IQ11: 1360 | IR11: 1360 | IS11: 1360 | IT11: 1360 | IU11: 1360 | IV11: 1360 | IW11: 1360 | IX11: 1360 | IY11: 1360 | IZ11: 1360 | JA11: 1360 | JB11: 1360 | JC11: 1360 | JD11: 1360 | JE11: 1300 | JF11: 1300 | JG11: 1300 | JH11: 1300 | JI11: 1300 | JJ11: 1290 | JK11: 1290 | JL11: 1290 | JM11: 1290 | JN11: 1260 | JO11: 1260 | JP11: 1240 | JQ11: 1250 | JR11: 1250 | JS11: 1250 | JT11: 1250 | JU11: 1250 | JV11: 1250 | JW11: 1250 | JX11: 1225 | JY11: 1225 | JZ11: 1200 | KA11: 1200 | KB11: 1150 | KC11: 1150 | KD11: 1150 | KE11: 1150 | KF11: 1150 | KG11: 1150 | KH11: 1150 | KI11: 1150 | KJ11: 1150 | KK11: 1150 | KL11: 1175 | KM11: 1185 | KN11: 1220 | KO11: 1300 | KP11: 1300 | KQ11: 1300 | KR11: 1315 | KS11: 1315 | KT11: 1340 | KU11: 1350 | KV11: 1370 | KW11: 1375 | KX11: 1340 | KY11: 1340 | KZ11: 1310 | LA11: 1290 | LB11: 1290 | LC11: 1290 | LD11: 1265
A12: 9 | D12: ICIS | E12: ICIS giá rPET ($ /tấn) | F12: ICIS FOB ĐNA - Giá Cao | G12: $ /tấn | H12: ICIS FOB ĐNA - Giá Cao | P12: 1400 | Q12: 1500 | R12: 1500 | S12: 1500 | T12: 1500 | U12: 1500 | V12: 1650 | W12: 1650 | X12: 1650 | Y12: 1650 | Z12: 1800 | AA12: 1700 | AB12: 1610 | AC12: 1520 | AD12: 1538 | AE12: 1550 | AF12: 1500 | AG12: 1500 | AH12: 1500 | AI12: 1500 | AJ12: 1500 | AK12: 1410 | AL12: =+SUM(EG12:EJ12)/4 -> 1325 | AM12: =+SUM(EK12:EN12)/4 -> 1345 | AN12: =+SUM(EO12:EQ12)/COUNT(EO12:EQ12) -> 1530 | AO12: =+SUM(ES12:EV12)/COUNT(ES12:EV12) -> 1530 | AP12: =+SUM(EW12:FA12)/COUNT(EW12:FA12) -> 1516 | AQ12: =+SUM(FB12:FE12)/COUNT(FB12:FE12) -> 1362.5 | AR12: =+SUM(FF12:FI12)/COUNT(FF12:FI12) -> 1350 | AS12: =+SUM(FJ12:FN12)/COUNT(FJ12:FN12) -> 1328 | AT12: =+SUM(FO12:FR12)/COUNT(FO12:FR12) -> 1327.5 | AU12: =+SUM(FS12:FV12)/COUNT(FS12:FV12) -> 1326.25 | AV12: =+SUM(FW12:FZ12)/COUNT(FW12:FZ12) -> 1350 | AW12: =+SUM(GA12:GE12)/COUNT(GA12:GE12) -> 1350 | AX12: =+SUM(GF12:GI12)/COUNT(GF12:GI12) -> 1375 | AY12: =+SUM(GJ12:GL12)/COUNT(GJ12:GL12) -> 1400 | AZ12: =+SUM(GM12:GP12)/COUNT(GM12:GP12) -> 1390 | BA12: =+SUM(GQ12:GT12)/COUNT(GQ12:GT12) -> 1397.5 | BB12: =+SUM(GU12:GY12)/COUNT(GU12:GY12) -> 1399.2 | BC12: =+SUM(GZ12:HC12)/COUNT(GZ12:HC12) -> 1455 | BD12: =+SUM(HD12:HG12)/COUNT(HD12:HG12) -> 1455 | BE12: =+SUM(HH12:HL12)/COUNT(HH12:HL12) -> 1504 | BF12: =+SUM(HM12:HP12)/COUNT(HM12:HP12) -> 1550 | BG12: =+SUM(HQ12:HT12)/COUNT(HQ12:HT12) -> 1580 | BH12: =+SUM(HU12:HY12)/COUNT(HU12:HY12) -> 1580 | BI12: =+SUM(HZ12:IC12)/COUNT(HZ12:IC12) -> 1555 | BJ12: =+SUM(ID12:IG12)/COUNT(ID12:IG12) -> 1512.5 | BK12: =+SUM(IH12:IK12)/COUNT(IH12:IK12) -> 1500 | BL12: =+SUM(IL12:IO12)/COUNT(IL12:IO12) -> 1500 | BM12: =+SUM(IP12:IS12)/COUNT(IP12:IS12) -> 1500 | BN12: =+SUM(IT12:IX12)/COUNT(IT12:IX12) -> 1500 | BO12: =+SUM(IY12:JB12)/COUNT(IY12:JB12) -> 1500 | BP12: =+SUM(JC12:JG12)/COUNT(JC12:JG12) -> 1440 | BQ12: =+SUM(JH12:JK12)/COUNT(JH12:JK12) -> 1390 | BR12: =+SUM(JL12:JO12)/COUNT(JL12:JO12) -> 1350 | BS12: =+SUM(JP12:JT12)/COUNT(JP12:JT12) -> 1344 | BT12: =+SUM(JU12:JX12)/COUNT(JU12:JX12) -> 1350 | BU12: =+SUM(JY12:KB12)/COUNT(JY12:KB12) -> 1300 | BV12: =+SUM(KC12:KG12)/COUNT(KC12:KG12) -> 1250 | BW12: =+SUM(KH12:KK12)/COUNT(KH12:KK12) -> 1250 | BX12: =+SUM(KL12:KO12)/COUNT(KL12:KO12) -> 1312.5 | BY12: =+SUM(KP12:KT12)/COUNT(KP12:KT12) -> 1400 | BZ12: =+SUM(KU12:KX12)/COUNT(KU12:KX12) -> 1422.5 | CA12: =+SUM(KY12:LB12)/COUNT(KY12:LB12) -> 1367.5 | CB12: =+SUM(LC12:LG12)/COUNT(LC12:LG12) -> 1350 | CD12: ICIS | CE12: ICIS giá rPET ($ /tấn) | CF12: ICIS FOB ĐNA - Giá Cao | DD12: 1670 | DE12: 1700 | DF12: 1650 | DG12: 1620 | DH12: 1650 | DI12: 1650 | DJ12: 1650 | DK12: 1680 | DL12: 1680 | DM12: 1620 | DN12: 1620 | DO12: 1520 | DP12: 1550 | DQ12: 1550 | DR12: 1550 | DS12: 1550 | DT12: 1500 | DU12: 1500 | DV12: 1500 | DW12: 1500 | DX12: 1450 | DY12: 1450 | DZ12: 1450 | EA12: 1450 | EB12: 1450 | EC12: 1450 | ED12: 1450 | EE12: 1350 | EF12: 1350 | EG12: 1350 | EH12: 1350 | EI12: 1300 | EJ12: 1300 | EK12: 1300 | EL12: 1300 | EM12: 1350 | EN12: 1430 | EO12: 1530 | EP12: 1530 | EQ12: 1530 | ER12: 1530 | ES12: 1530 | ET12: 1530 | EU12: 1530 | EV12: 1530 | EW12: 1530 | EX12: 1530 | EY12: 1530 | EZ12: 1530 | FA12: 1460 | FB12: 1400 | FC12: 1350 | FD12: 1350 | FE12: 1350 | FF12: 1350 | FG12: 1350 | FH12: 1350 | FI12: 1350 | FJ12: 1300 | FK12: 1320 | FL12: 1320 | FM12: 1350 | FN12: 1350 | FO12: 1330 | FP12: 1330 | FQ12: 1330 | FR12: 1320 | FS12: 1320 | FT12: 1325 | FU12: 1310 | FV12: 1350 | FW12: 1350 | FX12: 1350 | FY12: 1350 | FZ12: 1350 | GA12: 1350 | GB12: 1350 | GC12: 1350 | GD12: 1350 | GE12: 1350 | GF12: 1350 | GG12: 1350 | GH12: 1400 | GI12: 1400 | GJ12: 1400 | GK12: 1400 | GL12: 1400 | GM12: 1400 | GN12: 1400 | GO12: 1380 | GP12: 1380 | GQ12: 1400 | GR12: 1400 | GS12: 1400 | GT12: 1390 | GU12: 1396 | GV12: 1400 | GW12: 1400 | GX12: 1400 | GY12: 1400 | GZ12: 1455 | HA12: 1455 | HB12: 1455 | HC12: 1455 | HD12: 1455 | HE12: 1455 | HF12: 1455 | HG12: 1455 | HH12: 1500 | HI12: 1500 | HJ12: 1500 | HK12: 1510 | HL12: 1510 | HM12: 1550 | HN12: 1550 | HO12: 1550 | HP12: 1550 | HQ12: 1580 | HR12: 1580 | HS12: 1580 | HT12: 1580 | HU12: 1580 | HV12: 1580 | HW12: 1580 | HX12: 1580 | HY12: 1580 | HZ12: 1560 | IA12: 1560 | IB12: 1550 | IC12: 1550 | ID12: 1550 | IE12: 1500 | IF12: 1500 | IG12: 1500 | IH12: 1500 | II12: 1500 | IJ12: 1500 | IK12: 1500 | IL12: 1500 | IM12: 1500 | IN12: 1500 | IO12: 1500 | IP12: 1500 | IQ12: 1500 | IR12: 1500 | IS12: 1500 | IT12: 1500 | IU12: 1500 | IV12: 1500 | IW12: 1500 | IX12: 1500 | IY12: 1500 | IZ12: 1500 | JA12: 1500 | JB12: 1500 | JC12: 1500 | JD12: 1500 | JE12: 1400 | JF12: 1400 | JG12: 1400 | JH12: 1400 | JI12: 1400 | JJ12: 1380 | JK12: 1380 | JL12: 1380 | JM12: 1380 | JN12: 1320 | JO12: 1320 | JP12: 1320 | JQ12: 1350 | JR12: 1350 | JS12: 1350 | JT12: 1350 | JU12: 1350 | JV12: 1350 | JW12: 1350 | JX12: 1350 | JY12: 1350 | JZ12: 1300 | KA12: 1300 | KB12: 1250 | KC12: 1250 | KD12: 1250 | KE12: 1250 | KF12: 1250 | KG12: 1250 | KH12: 1250 | KI12: 1250 | KJ12: 1250 | KK12: 1250 | KL12: 1250 | KM12: 1270 | KN12: 1330 | KO12: 1400 | KP12: 1400 | KQ12: 1400 | KR12: 1400 | KS12: 1400 | KT12: 1400 | KU12: 1400 | KV12: 1440 | KW12: 1450 | KX12: 1400 | KY12: 1400 | KZ12: 1370 | LA12: 1350 | LB12: 1350 | LC12: 1350 | LD12: 1350
D13: Anh 12 | F13: FENC_FOB TAIWAN BÁN CHO UNILEVER | G13: $ /tấn | H13: FENC_BÁN CHO UNILEVER | R13: 1290 | S13: 1290 | T13: 1290 | U13: 1205 | V13: 1205 | W13: 1542 | X13: 1542 | Y13: 1542 | Z13: 1755 | AA13: 1755 | AB13: 1755 | AC13: 1755 | AD13: 1755 | AE13: 1718 | AF13: 1718 | AG13: 1718 | AH13: 1718 | AI13: 1718 | AJ13: 1718 | AK13: 1718 | AL13: =+SUM(EG13:EJ13)/4 -> 1640.75 | AM13: =+SUM(EK13:EN13)/4 -> 1615 | AN13: =+SUM(EO13:EQ13)/COUNT(EO13:EQ13) -> 1615 | BO13: =+SUM(IY13:JB13)/COUNT(IY13:JB13) -> #DIV/0! | BP13: =+SUM(JC13:JG13)/COUNT(JC13:JG13) -> #DIV/0! | BQ13: =+SUM(JH13:JK13)/COUNT(JH13:JK13) -> #DIV/0! | BR13: =+SUM(JL13:JO13)/COUNT(JL13:JO13) -> #DIV/0! | BS13: =+SUM(JP13:JT13)/COUNT(JP13:JT13) -> #DIV/0! | BT13: =+SUM(JU13:JX13)/COUNT(JU13:JX13) -> #DIV/0! | BU13: =+SUM(JY13:KB13)/COUNT(JY13:KB13) -> #DIV/0! | BV13: =+SUM(KC13:KG13)/COUNT(KC13:KG13) -> #DIV/0! | BW13: =+SUM(KH13:KK13)/COUNT(KH13:KK13) -> #DIV/0! | BX13: =+SUM(KL13:KO13)/COUNT(KL13:KO13) -> #DIV/0! | BY13: =+SUM(KP13:KT13)/COUNT(KP13:KT13) -> #DIV/0! | BZ13: =+SUM(KU13:KX13)/COUNT(KU13:KX13) -> #DIV/0! | CA13: =+SUM(KY13:LB13)/COUNT(KY13:LB13) -> #DIV/0! | CB13: =+SUM(LC13:LG13)/COUNT(LC13:LG13) -> #DIV/0! | CD13: Anh 12 | CF13: FENC_BÁN CHO UNILEVER | DD13: 1755 | DE13: 1755 | DF13: 1755 | DG13: 1755 | DH13: 1755 | DI13: 1755 | DJ13: 1755 | DK13: 1755 | DL13: 1755 | DM13: 1755 | DN13: 1755 | DO13: 1718 | DP13: 1718 | DQ13: 1718 | DR13: 1718 | DS13: 1718 | DT13: 1718 | DU13: 1718 | DV13: 1718 | DW13: 1718 | DX13: 1718 | DY13: 1718 | DZ13: 1718 | EA13: 1718 | EB13: 1718 | EC13: 1718 | ED13: 1718 | EE13: 1718 | EF13: 1718 | EG13: 1718 | EH13: 1615 | EI13: 1615 | EJ13: 1615 | EK13: 1615 | EL13: 1615 | EM13: 1615 | EN13: 1615 | EO13: 1615 | EP13: 1615 | EQ13: 1615 | ER13: 1615
D14: Anh 12 | F14: RESIN | G14: $ /tấn | H14: RESIN | S14: 1190 | T14: 1150 | U14: 1165 | V14: 1272.5 | W14: 1346 | X14: 1297.5 | Y14: 1316.6667 | Z14: 1390 | AA14: 1220 | AB14: 1270 | AC14: 1190 | AD14: 1190 | AE14: 1130 | AF14: 1100 | AG14: 1100 | AH14: 1070 | AI14: 1040 | AJ14: 1040 | AK14: =+SUM(EC14:EF14)/4 -> 977.5 | AL14: =+SUM(EG14:EJ14)/4 -> 1000 | AM14: =+SUM(EK14:EN14)/4 -> 1045 | AN14: =+SUM(EO14:EQ14)/COUNT(EO14:EQ14) -> 1020 | AO14: =+SUM(ES14:EV14)/COUNT(ES14:EV14) -> 1055 | AP14: =+SUM(EW14:FA14)/COUNT(EW14:FA14) -> 974 | AQ14: =+SUM(FB14:FE14)/COUNT(FB14:FE14) -> 895 | AR14: =+SUM(FF14:FI14)/COUNT(FF14:FI14) -> 903 | AS14: =+SUM(FJ14:FN14)/COUNT(FJ14:FN14) -> 918 | AT14: =+SUM(FO14:FR14)/COUNT(FO14:FR14) -> 930 | AU14: =+SUM(FS14:FV14)/COUNT(FS14:FV14) -> 922.5 | AV14: =+SUM(FW14:FZ14)/COUNT(FW14:FZ14) -> 900 | AW14: =+SUM(GA14:GE14)/COUNT(GA14:GE14) -> 900 | AX14: =+SUM(GF14:GI14)/COUNT(GF14:GI14) -> 930 | AY14: =+SUM(GJ14:GL14)/COUNT(GJ14:GL14) -> 943.33333 | AZ14: =+SUM(GM14:GP14)/COUNT(GM14:GP14) -> 940 | BA14: =+SUM(GQ14:GT14)/COUNT(GQ14:GT14) -> 940 | BB14: =+SUM(GU14:GY14)/COUNT(GU14:GY14) -> 942 | BC14: =+SUM(GZ14:HC14)/COUNT(GZ14:HC14) -> 950 | BD14: =+SUM(HD14:HG14)/COUNT(HD14:HG14) -> 947.5 | BE14: =+SUM(HH14:HL14)/COUNT(HH14:HL14) -> 930 | BF14: =+SUM(HM14:HP14)/COUNT(HM14:HP14) -> 880 | BG14: =+SUM(HQ14:HT14)/COUNT(HQ14:HT14) -> 862.5 | BH14: =+SUM(HU14:HY14)/COUNT(HU14:HY14) -> 852 | BI14: =+SUM(HZ14:IC14)/COUNT(HZ14:IC14) -> 830 | BJ14: =+SUM(ID14:IG14)/COUNT(ID14:IG14) -> 827.5 | BK14: =+SUM(IH14:IK14)/COUNT(IH14:IK14) -> 840 | BL14: =+SUM(IL14:IO14)/COUNT(IL14:IO14) -> 822.5 | BM14: =+SUM(IP14:IS14)/COUNT(IP14:IS14) -> 765 | BN14: =+SUM(IT14:IX14)/COUNT(IT14:IX14) -> 782 | BO14: =+SUM(IY14:JB14)/COUNT(IY14:JB14) -> 807.5 | BP14: =+SUM(JC14:JG14)/COUNT(JC14:JG14) -> 802 | BQ14: =+SUM(JH14:JK14)/COUNT(JH14:JK14) -> 795 | BR14: =+SUM(JL14:JO14)/COUNT(JL14:JO14) -> 782.5 | BS14: =+SUM(JP14:JT14)/COUNT(JP14:JT14) -> 772 | BT14: =+SUM(JU14:JX14)/COUNT(JU14:JX14) -> 770 | BU14: =+SUM(JY14:KB14)/COUNT(JY14:KB14) -> 772.5 | BV14: =+SUM(KC14:KG14)/COUNT(KC14:KG14) -> 805 | BW14: =+SUM(KH14:KK14)/COUNT(KH14:KK14) -> 840 | BX14: =+SUM(KL14:KO14)/COUNT(KL14:KO14) -> 1108.75 | BY14: =+SUM(KP14:KT14)/COUNT(KP14:KT14) -> 1194 | BZ14: =+SUM(KU14:KX14)/COUNT(KU14:KX14) -> 1207.5 | CA14: =+SUM(KY14:LB14)/COUNT(KY14:LB14) -> 1102.5 | CB14: =+SUM(LC14:LG14)/COUNT(LC14:LG14) -> 975 | CD14: Anh 12 | CF14: RESIN | DD14: =+(1400+1430)/2 -> 1415 | DE14: =+(1380+1410)/2 -> 1395 | DF14: =+(1360+1390)/2 -> 1375 | DG14: =+(1320+1350)/2 -> 1335 | DH14: =+(1230+1270)/2 -> 1250 | DI14: =+(1210+1250)/2 -> 1230 | DJ14: =+(1200+1240)/2 -> 1220 | DK14: =+(1230+1270)/2 -> 1250 | DL14: =+(1230+1270)/2 -> 1250 | DM14: =+(1200+1240)/2 -> 1220 | DN14: =+(1170+1210)/2 -> 1190 | DO14: =+(1140+1180)/2 -> 1160 | DP14: =+(1140+1180)/2 -> 1160 | DQ14: =+(1140+1180)/2 -> 1160 | DR14: =+(1110+1150)/2 -> 1130 | DS14: =+(1110+1150)/2 -> 1130 | DT14: 1100 | DU14: 1100 | DV14: 1070 | DW14: 1040 | DX14: 995 | DY14: 980 | DZ14: =+(960+1000)/2 -> 980 | EA14: =+(960+1000)/2 -> 980 | EB14: =+(940+1000)/2 -> 970 | EC14: =+(940+1000)/2 -> 970 | ED14: =+(940+1000)/2 -> 970 | EE14: =+(960+1000)/2 -> 980 | EF14: =+(970+1010)/2 -> 990 | EG14: 970 | EH14: 980 | EI14: 990 | EJ14: 1060 | EK14: 1070 | EL14: 1070 | EM14: 1020 | EN14: 1020 | EO14: 1020 | EP14: 1020 | EQ14: 1020 | ER14: 1020 | ES14: 1050 | ET14: 1070 | EU14: 1050 | EV14: 1050 | EW14: 1020 | EX14: 1000 | EY14: 980 | EZ14: 960 | FA14: 910 | FB14: 910 | FC14: 890 | FD14: 890 | FE14: 890 | FF14: 890 | FG14: 882 | FH14: 920 | FI14: 920 | FJ14: 940 | FK14: 920 | FL14: 910 | FM14: 910 | FN14: 910 | FO14: 910 | FP14: 930 | FQ14: 940 | FR14: 940 | FS14: 940 | FT14: 930 | FU14: 920 | FV14: 900 | FW14: 900 | FX14: 900 | FY14: 900 | FZ14: 900 | GA14: 900 | GB14: 900 | GC14: 900 | GD14: 900 | GE14: 900 | GF14: 900 | GG14: 940 | GH14: 940 | GI14: 940 | GJ14: 950 | GK14: 940 | GL14: 940 | GM14: 940 | GN14: 940 | GO14: 940 | GP14: 940 | GQ14: 940 | GR14: 940 | GS14: 940 | GT14: 940 | GU14: 940 | GV14: 940 | GW14: 940 | GX14: 940 | GY14: 950 | GZ14: 950 | HA14: 950 | HB14: 950 | HC14: 950 | HD14: 950 | HE14: 950 | HF14: 950 | HG14: 940 | HH14: 940 | HI14: 940 | HJ14: 940 | HK14: 930 | HL14: 900 | HM14: 900 | HN14: 890 | HO14: 870 | HP14: 860 | HQ14: 860 | HR14: 860 | HS14: 870 | HT14: 860 | HU14: 860 | HV14: 860 | HW14: 860 | HX14: 840 | HY14: 840 | HZ14: 840 | IA14: 830 | IB14: 830 | IC14: 820 | ID14: 820 | IE14: 820 | IF14: 820 | IG14: 850 | IH14: 840 | II14: 840 | IJ14: 840 | IK14: 840 | IL14: 840 | IM14: 830 | IN14: 810 | IO14: 810 | IP14: 800 | IQ14: 750 | IR14: 750 | IS14: 760 | IT14: 760 | IU14: 760 | IV14: 800 | IW14: 800 | IX14: 790 | IY14: 800 | IZ14: 790 | JA14: 820 | JB14: 820 | JC14: 820 | JD14: 820 | JE14: 790 | JF14: 790 | JG14: 790 | JH14: 800 | JI14: 790 | JJ14: 790 | JK14: 800 | JL14: 790 | JM14: 780 | JN14: 780 | JO14: 780 | JP14: 780 | JQ14: 780 | JR14: 770 | JS14: 760 | JT14: 770 | JU14: 770 | JV14: 770 | JW14: 770 | JX14: 770 | JY14: 770 | JZ14: 770 | KA14: 770 | KB14: 780 | KC14: 795 | KD14: 795 | KE14: 795 | KF14: 820 | KG14: 820 | KH14: 840 | KI14: 840 | KJ14: 840 | KK14: 840 | KL14: =(900+970)/2 -> 935 | KM14: 1080 | KN14: 1280 | KO14: 1140 | KP14: 1140 | KQ14: 1200 | KR14: 1200 | KS14: 1200 | KT14: 1230 | KU14: 1250 | KV14: 1230 | KW14: 1190 | KX14: 1160 | KY14: 1140 | KZ14: 1140 | LA14: 1090 | LB14: 1040 | LC14: 990 | LD14: 960
F15: ICIS Thị trường Mỹ (FOB) | H15: x | CF15: ICIS Bờ Tây Mỹ (FOB) | DK15: 2502.24 | DL15: 2502.24 | DM15: 2502.24 | DN15: 2259.74 | DO15: 2259.74 | DP15: 2259.74 | DQ15: 1918.02 | DR15: 1918.02 | DS15: 1918.02 | DT15: 1587.33 | DU15: 1587.33 | DV15: 1587.33 | DW15: 1587.33 | DX15: 1587.33 | DY15: 1587.33 | DZ15: 1587.33 | EA15: 1587.33 | EB15: 1477.1 | EC15: 1477.1 | ED15: 1477.1 | EE15: 1477.1 | EF15: 1477.1 | EG15: 1543.23 | EH15: 1543.234 | EI15: 1543.234 | EJ15: 1543.234 | EK15: 1543.234 | EL15: 1543.234 | EM15: 1543.234 | EN15: 1543.234 | EO15: 1543.234 | EP15: 1543.234 | EQ15: 1543.234 | ER15: 1543.234 | ES15: 1543.234 | ET15: 1543.234 | EU15: 1543.234 | EV15: 1543.234 | EW15: 1543.234 | EX15: 1543.234 | EY15: 1543.234 | EZ15: 1521.188 | FA15: 1521.188 | FB15: 1521.188 | FC15: 1521.188 | FD15: 1521.188 | FE15: 1521.188 | FF15: 1521.188 | FG15: 1521.188 | FH15: 1521.188 | FI15: 1521.188 | FJ15: 1521.188 | FK15: 1521.188 | FL15: 1521.188 | FM15: 1521.188 | FN15: 1521.188 | FO15: 1521.188 | FP15: 1521.188 | FQ15: 1521.188 | FR15: 1521.188 | FS15: 1521.188 | FT15: 1521.188 | FU15: 1521.188 | FV15: 1521.188 | FW15: 1521.188 | FX15: 1521.188 | FY15: 1521.188 | FZ15: 1521.188 | GA15: 1521.188 | GB15: 1521.188 | GC15: 1521.188 | GD15: 1521.188 | GE15: 1521.188 | GF15: 1521.188 | GG15: 1521.188 | GH15: 1521.188 | GI15: 1521.188 | GJ15: 1521.188 | GK15: 1521.188 | GL15: 1521.188 | GM15: 1521.188 | GN15: 1521.188 | GO15: 1521.188 | GP15: 1521.188 | GQ15: 1521.188 | GR15: 1521.188 | GS15: 1521.188 | GT15: 1521.188
F16: Giá keo dự báo | H16: Giá keo dự báo | U16: =U14 -> 1165 | V16: =V14 -> 1272.5 | W16: =W14 -> 1346 | X16: =X14 -> 1297.5 | Y16: =Y14 -> 1316.6667 | Z16: =Z14 -> 1390 | AA16: =AA14 -> 1220 | AB16: =AB14 -> 1270 | ... CB16: =CB14 -> 975 | CF16: Giá tới nhà máy Plascene | DR16: =DR15+222 -> 2140.02 | DS16: =DS15-222 -> 1696.02 | DT16: =DT15-222 -> 1365.33 | DU16: =DU15-222 -> 1365.33 | DV16: =DV15-222 -> 1365.33 | DW16: =DW15-222 -> 1365.33 | DX16: =DX15-222 -> 1365.33 | DY16: =DY15-222 -> 1365.33 | DZ16: =DZ15-222 -> 1365.33 | ... LG16: =LG15-222 -> -222
H17: TTCP | X17: =X14 -> 1297.5 | Y17: =Y14 -> 1316.6667 | Z17: =Z14 -> 1390 | AA17: =AA14 -> 1220 | AB17: =AB14 -> 1270 | AC17: =AC14 -> 1190 | AD17: =AD14 -> 1190 | AE17: =AE14 -> 1130 | ... CB17: =CB14 -> 975 | CF17: TTCP | DT17: =DT14 -> 1100 | DU17: =DU14 -> 1100 | DV17: =DV14 -> 1070 | DW17: =DW14 -> 1040 | DX17: =DX14 -> 995 | DY17: =DY14 -> 980 | DZ17: =DZ14 -> 980 | EA17: =EA14 -> 980 | ... LG17: =LG14 -> 0
H18: CL | X18: =X7-X17 -> 272.5 | Y18: =Y7-Y17 -> 253.33333 | Z18: =Z7-Z17 -> 180 | AA18: =AA7-AA17 -> 350 | AB18: =AB7-AB17 -> 230 | AC18: =AC7-AC17 -> 310 | AD18: =AD7-AD17 -> #REF! | AE18: =AE7-AE17 -> #REF! | ... AK18: =AK7-AK17 -> 372.5 | AL18: =AL6-AL17 -> 330 | AM18: =AM6-AM17 -> 285 | AN18: =AN6-AN17 -> 360 | AO18: =AO6-AO17 -> 325 | AP18: =AP6-AP17 -> 406 | AQ18: =AQ6-AQ17 -> 430 | AR18: =AR6-AR17 -> 372 | AS18: =AS6-AS17 -> 332 | ... CB18: =CB6-CB17 -> 355 | CF18: CL | DT18: =+DT7-DT17 -> #REF! | DU18: =+DU7-DU17 -> #REF! | DV18: =+DV7-DV17 -> #REF! | DW18: =+DW7-DW17 -> #REF! | DX18: =+DX7-DX17 -> 405 | DY18: =+DY7-DY17 -> 420 | DZ18: =+DZ7-DZ17 -> 420 | EA18: =+EA7-EA17 -> 420 | ... GE18: =+GE7-GE17 -> 350 | GF18: =+GF6-GF17 -> 350 | GG18: =+GG6-GG17 -> 310 | GH18: =+GH6-GH17 -> 310 | GI18: =+GI6-GI17 -> 310 | GJ18: =+GJ6-GJ17 -> 300 | GK18: =+GK6-GK17 -> 310 | GL18: =+GL6-GL17 -> 310 | GM18: =+GM6-GM17 -> 310 | ... LG18: =+LG6-LG17 -> 0
H19: % | X19: =X18/X17 -> 0.21001927 | Y19: =Y18/Y17 -> 0.19240506 | Z19: =Z18/Z17 -> 0.1294964 | AA19: =AA18/AA17 -> 0.28688525 | AB19: =AB18/AB17 -> 0.18110236 | AC19: =AC18/AC17 -> 0.2605042 | AD19: =AD18/AD17 -> #REF! | AE19: =AE18/AE17 -> #REF! | ... CB19: =CB18/CB17 -> 0.36410256 | CF19: % | DT19: =+DT18/DT17 -> #REF! | DU19: =+DU18/DU17 -> #REF! | DV19: =+DV18/DV17 -> #REF! | DW19: =+DW18/DW17 -> #REF! | DX19: =+DX18/DX17 -> 0.40703518 | DY19: =+DY18/DY17 -> 0.42857143 | DZ19: =+DZ18/DZ17 -> 0.42857143 | EA19: =+EA18/EA17 -> 0.42857143 | ... LG19: =+LG18/LG17 -> #DIV/0!
H20: Điểm hòa vốn | X20: 1225 | Y20: 1225 | Z20: 1225 | AA20: 1225 | AB20: 1225 | AC20: 1225 | AD20: 1225 | AE20: 1225 | AF20: 1225 | AG20: 1225 | AH20: 1225 | AI20: 1225 | AJ20: 1225 | AK20: 1225 | AL20: 1225 | AM20: 1225 | AN20: 1225 | AO20: 1225 | AP20: 1225 | AQ20: 1185 | AR20: 1133 | AS20: 1133 | AT20: 1151 | AU20: 1175 | AV20: 1200 | AW20: 1143 | AX20: 1162 | AY20: 1175 | AZ20: 1200 | BA20: 1230 | BB20: 1260 | BC20: 1250 | BD20: 1174 | BE20: 1131 | BF20: 1154.4175 | BG20: 1161.0769 | BH20: 1179.9226 | BI20: 1183.4455 | BJ20: 1181 | BK20: 1185.2425 | BL20: 1190.7839 | BM20: 1188.899 | BN20: 1208.4564 | BO20: 1167.8122 | BP20: 1185.3194 | BQ20: 1163.1487 | BR20: 1186.2628 | BS20: 1128 | BT20: 1070.5116 | BU20: 1092.8991 | BV20: 1096.8837 | BW20: 1056.152 | BX20: 1057.7957 | BY20: 1077.9159 | BZ20: 1157.3856 | CA20: 1148.2324 | CB20: 1150.4249 | CF20: Giá keo dự báo | DT20: =DT14 -> 1100 | DU20: =DU14 -> 1100 | DV20: =DV14 -> 1070 | DW20: =DW14 -> 1040 | DX20: =DX14 -> 995 | DY20: =DY14 -> 980 | DZ20: =DZ14 -> 980 | EA20: =EA14 -> 980 | ... LG20: =LG14 -> 0
H21: Điểm hòa vốn ( có phí hỗ trợ) | CF21: Điểm hòa vốn | DV21: 1303 | DW21: 1303 | DX21: 1225 | DY21: 1225 | DZ21: 1225 | EA21: 1225 | EB21: 1225 | EC21: 1225 | ED21: 1225 | EE21: 1225 | EF21: 1225 | EG21: 1225 | EH21: 1225 | EI21: 1225 | EJ21: 1225 | EK21: 1225 | EL21: 1225 | EM21: 1225 | EN21: 1225 | EO21: 1225 | EP21: 1225 | EQ21: 1225 | ER21: 1225 | ES21: 1225 | ET21: 1225 | EU21: 1225 | EV21: 1225 | EW21: 1225 | EX21: 1225 | EY21: 1225 | EZ21: 1225 | FA21: 1225 | FB21: 1225 | FC21: 1185 | FD21: 1185 | FE21: 1185 | FF21: 1185 | FG21: 1133 | FH21: 1133 | FI21: 1133 | FJ21: 1133 | FK21: 1133 | FL21: 1133 | FM21: 1133 | FN21: 1151 | FO21: 1151 | FP21: 1151 | FQ21: 1175 | FR21: 1175 | FS21: 1175 | FT21: 1175 | FU21: 1175 | FV21: 1175 | FW21: 1200 | FX21: 1200 | FY21: 1200 | FZ21: 1200 | GA21: 1143 | GB21: 1143 | GC21: 1143 | GD21: 1143 | GE21: 1143 | GF21: 1162 | GG21: 1162 | GH21: 1162 | GI21: 1162 | GJ21: 1175 | GK21: 1175 | GL21: 1175 | GM21: 1200 | GN21: 1200 | GO21: 1200 | GP21: 1200 | GQ21: 1230 | GR21: 1230 | GS21: 1230 | GT21: 1230 | GU21: 1260 | GV21: 1260 | GW21: 1260 | GX21: 1260 | GY21: 1260 | GZ21: 1250 | HA21: 1250 | HB21: 1250 | HC21: 1250 | HD21: 1174 | HE21: 1174 | HF21: 1174 | HG21: 1174 | HH21: 1131 | HI21: 1131 | HJ21: 1131 | HK21: 1131 | HL21: 1131 | HM21: 1154.4175 | HN21: 1154.4175 | HO21: 1154.4175 | HP21: 1154.4175 | HQ21: 1161.0769 | HR21: 1161.0769 | HS21: 1161.0769 | HT21: 1161.0769 | HU21: 1179.9226 | HV21: 1179.9226 | HW21: 1179.9226 | HX21: 1179.9226 | HY21: 1179.9226 | HZ21: 1183.4455 | IA21: 1183.4455 | IB21: 1183.4455 | IC21: 1183.4455 | ID21: 1181 | IE21: 1181 | IF21: 1181 | IG21: 1181 | IH21: 1185.2425 | II21: 1185.2425 | IJ21: 1185.2425 | IK21: 1185.2425 | IL21: 1190.7839 | IM21: 1190.7839 | IN21: 1190.7839 | IO21: 1190.7839 | IP21: 1188.899 | IQ21: 1188.899 | IR21: 1188.899 | IS21: 1188.899 | IT21: 1208.4564 | IU21: 1208.4564 | IV21: 1208.4564 | IW21: 1208.4564 | IX21: 1208.4564 | IY21: 1167.8122 | IZ21: 1167.8122 | JA21: 1167.8122 | JB21: 1167.8122 | JC21: 1185.3194 | JD21: 1185.3194 | JE21: 1185.3194 | JF21: 1185.3194 | JG21: 1185.3194 | JH21: 1163.1487 | JI21: 1163.1487 | JJ21: 1163.1487 | JK21: 1163.1487 | JL21: 1186.2628 | JM21: 1186.2628 | JN21: 1186.2628 | JO21: 1186.2628 | JP21: 1149.7077 | JQ21: 1149.7077 | JR21: 1149.7077 | JS21: 1149.7077 | JT21: 1149.7077 | JU21: 1070.5116 | JV21: 1070.5116 | JW21: 1070.5116 | JX21: 1070.5116 | JY21: 1092.8991 | JZ21: 1092.8991 | KA21: 1092.8991 | KB21: 1092.8991 | KC21: 1096.8837 | KD21: 1096.8837 | KE21: 1096.8837 | KF21: 1096.8837 | KG21: 1096.8837 | KH21: 1056.152 | KI21: 1056.152 | KJ21: 1056.152 | KK21: 1056.152 | KL21: 1057.7957 | KM21: 1057.7957 | KN21: 1057.7957 | KO21: 1057.7957 | KP21: 1077.9159 | KQ21: 1077.9159 | KR21: 1077.9159 | KS21: 1077.9159 | KT21: 1077.9159 | KU21: 1157.3856 | KV21: 1157.3856 | KW21: 1157.3856 | KX21: 1157.3856 | KY21: 1148.2324 | KZ21: 1148.2324 | LA21: 1148.2324 | LB21: 1148.2324 | LC21: 1150.4249 | LD21: 1150.4249 | LE21: 1150.4249 | LF21: 1150.4249 | LG21: 1150.4249
CF22: Điểm hòa vốn có 25% rewash | EG22: =EG21+35 -> 1260 | EH22: =EH21+35 -> 1260 | EI22: =EI21+35 -> 1260 | EJ22: =EJ21+35 -> 1260 | EK22: =EK21+35 -> 1260 | EL22: =EL21+35 -> 1260 | EM22: =EM21+35 -> 1260 | EN22: =EN21+35 -> 1260 | ... GA22: =GA21+35 -> 1178 | GB22: =GB21+20 -> 1163 | GC22: =GC21+20 -> 1163 | GD22: =GD21+20 -> 1163 | GE22: =GE21+20 -> 1163 | GF22: =GF21+20 -> 1182 | GG22: =GG21+20 -> 1182 | GH22: =GH21+20 -> 1182 | GI22: =GI21+20 -> 1182 | ... GT22: =GT21+20 -> 1250
H23: Giá bán đối thủ Intco | AS23: 1220 | AT23: 1220 | AU23: 1220 | CF23: Điểm hòa vốn (có phí hỗ trợ) | EG23: =EG21+34 -> 1259 | EH23: =EH21+34 -> 1259 | EI23: =EI21+34 -> 1259 | EJ23: =EJ21+34 -> 1259 | EK23: =EK21+34 -> 1259 | EL23: =EL21+34 -> 1259 | EM23: =EM21+34 -> 1259 | EN23: =EN21+34 -> 1259 | ... FM23: =FM21+34 -> 1167 | FN23: 1182 | FO23: 1182 | FP23: 1182 | FQ23: 1182 | FR23: 1182 | FS23: 1234 | FT23: 1234 | FU23: 1234 | FV23: 1234 | FW23: 1234 | FX23: 1234 | FY23: 1234 | FZ23: 1234 | GA23: 1234 | GB23: 1234 | GC23: 1234 | GD23: 1234 | GE23: 1234 | GF23: 1234 | GG23: 1234 | GH23: 1234 | GI23: 1234 | GJ23: 1234 | GK23: 1234 | GL23: 1234 | GM23: 1234 | GN23: 1234 | GO23: 1234 | GP23: 1234 | GQ23: 1234 | GR23: 1234 | GS23: 1234 | GT23: 1234
H24: Giá bán Unilever | X24: 1360 | Y24: 1360 | Z24: 1360 | AA24: 1550 | AB24: 1550 | AC24: 1550 | AD24: 1550 | AE24: 1534 | AF24: 1534 | AG24: 1534 | AH24: 1534 | AI24: 1534 | AJ24: 1534 | AK24: 1534 | AL24: 1445 | AM24: 1445 | AN24: 1445 | AO24: 1500 | AP24: 1500 | AQ24: 1500 | AR24: 1450 | AS24: 1450 | AT24: 1450 | AU24: 1350 | AV24: 1350 | AW24: 1350 | AX24: 1320 | AY24: 1320 | AZ24: 1320 | BA24: 1320 | BB24: 1320 | BC24: 1320 | BD24: 1300 | BE24: 1300 | BF24: 1300 | BG24: 1300 | BH24: 1300 | BI24: 1300 | BJ24: 1300 | BK24: 1300 | BL24: 1250 | BM24: 1250 | BN24: 1250 | BO24: 1250 | BP24: 1280 | BQ24: 1280 | BR24: 1280 | BS24: 1280 | BT24: 1280 | BU24: 1280 | BV24: 1250 | BW24: 1250 | BX24: 1250 | BY24: =1109+75 -> 1184 | BZ24: =1109+75 -> 1184 | CA24: =1109+75 -> 1184 | CB24: 1355 | CF24: Giá bán đối thủ Intco | FG24: 1200 | FJ24: 1200 | FK24: 1200 | FL24: 1200 | FM24: 1200 | FN24: 1200 | FO24: 1200 | FP24: 1200 | FQ24: 1200 | FR24: 1200 | FS24: 1200 | FT24: 1200 | FU24: 1200 | FV24: 1100 | FW24: 1100 | FX24: 1100 | FY24: 1100 | FZ24: 1100 | GA24: 1100 | GB24: 1100 | GC24: 1100 | GD24: 1100 | GE24: 1100 | GF24: 1100 | GG24: 1100 | GH24: 1100 | GI24: 1100 | GJ24: 1100 | GK24: 1100 | GL24: 1100 | GM24: 1100 | GN24: 1100 | GO24: 1100 | GP24: 1100 | GQ24: 1100 | GR24: 1100 | GS24: 1100 | GT24: 1100 | GU24: 1100 | GV24: 1100 | GW24: 1100 | GX24: 1100 | GY24: 1100 | GZ24: 1100 | HA24: 1100 | HB24: 1100 | HC24: 1100 | HD24: 1100 | HE24: 1100 | HF24: 1100 | HG24: 1100
CF25: Unilever | EG25: 1445 | EH25: 1445 | EI25: 1445 | EJ25: 1445 | EK25: 1445 | EL25: 1445 | EM25: 1445 | EN25: 1445 | EO25: 1445 | EP25: 1445 | EQ25: 1445 | ER25: 1445 | ES25: 1500 | ET25: 1500 | EU25: 1500 | EV25: 1500 | EW25: 1500 | EX25: 1500 | EY25: 1500 | EZ25: 1500 | FA25: 1500 | FB25: 1500 | FC25: 1500 | FD25: 1500 | FE25: 1500 | FF25: 1500 | FG25: 1450 | FH25: 1450 | FI25: 1450 | FJ25: 1450 | FK25: 1450 | FL25: 1450 | FM25: 1450 | FN25: 1450 | FO25: 1450 | FP25: 1450 | FQ25: 1450 | FR25: 1450 | FS25: 1350 | FT25: 1350 | FU25: 1350 | FV25: 1350 | FW25: 1350 | FX25: 1350 | FY25: 1350 | FZ25: 1350 | GA25: 1350 | GB25: 1350 | GC25: 1350 | GD25: 1350 | GE25: 1350 | GF25: 1320 | GG25: 1320 | GH25: 1320 | GI25: 1320 | GJ25: 1320 | GK25: 1320 | GL25: 1320 | GM25: 1320 | GN25: 1320 | GO25: 1320 | GP25: 1320 | GQ25: 1320 | GR25: 1320 | GS25: 1320 | GT25: 1320 | GU25: 1320 | GV25: 1320 | GW25: 1320 | GX25: 1320 | GY25: 1320 | GZ25: 1320 | HA25: 1320 | HB25: 1320 | HC25: 1320 | HD25: 1300 | HE25: 1300 | HF25: 1300 | HG25: 1300 | HH25: 1300 | HI25: 1300 | HJ25: 1300 | HK25: 1300 | HL25: 1300 | HM25: 1300 | HN25: 1300 | HO25: 1300 | HP25: 1300 | HQ25: 1300 | HR25: 1300 | HS25: 1300 | HT25: 1300 | HU25: 1300 | HV25: 1300 | HW25: 1300 | HX25: 1300 | HY25: 1300 | HZ25: 1300 | IA25: 1300 | IB25: 1300 | IC25: 1300 | ID25: 1300 | IE25: 1300 | IF25: 1300 | IG25: 1300 | IH25: 1300 | II25: 1300 | IJ25: 1300 | IK25: 1300 | IL25: 1250 | IM25: 1250 | IN25: 1250 | IO25: 1250 | IP25: 1250 | IQ25: 1250 | IR25: 1250 | IS25: 1250 | IT25: 1250 | IU25: 1250 | IV25: 1250 | IW25: 1250 | IX25: 1250 | IY25: 1250 | IZ25: 1250 | JA25: 1250 | JB25: 1250 | JC25: 1280 | JD25: 1280 | JE25: 1280 | JF25: 1280 | JG25: 1280 | JH25: 1280 | JI25: 1280 | JJ25: 1280 | JK25: 1280 | JL25: 1280 | JM25: 1280 | JN25: 1280 | JO25: 1280 | JP25: 1280 | JQ25: 1280 | JR25: 1280 | JS25: 1280 | JT25: 1280 | JU25: 1280 | JV25: 1280 | JW25: 1280 | JX25: 1280 | JY25: 1280 | JZ25: 1280 | KA25: 1280 | KB25: 1280 | KC25: 1250 | KD25: 1250 | KE25: 1250 | KF25: 1250 | KG25: 1250 | KH25: 1250 | KI25: 1250 | KJ25: 1250 | KK25: 1250 | KL25: 1250 | KM25: 1250 | KN25: 1250 | KO25: 1250 | KP25: 1184 | KQ25: 1184 | KR25: 1184 | KS25: 1184 | KT25: 1184 | KU25: 1184 | KV25: 1184 | KW25: 1184 | KX25: 1184 | KY25: 1184 | KZ25: 1184 | LA25: 1184 | LB25: 1184 | LC25: 1355 | LD25: 1355 | LE25: 1355 | LF25: 1355 | LG25: 1355

Sheet PET Fiber_tháng

Sheet PET Fiber_tuan 

Sheet Ma trận PET- Fiber
D3: MA TRẬN GIÁ BÁN rPET | F3: MA TRẬN GIÁ BÁN rPET | AV3: 2023 | BM3: 2024
F4: Tỷ giá | I4: 24000 | J4: 24000 | K4: 24000 | L4: 24000 | AV4: 24000 | AW4: 24000 | AX4: 24000 | AY4: 24000 | AZ4: 24000 | BA4: 24000 | BB4: 24000 | BC4: 24000 | BD4: 24000 | BE4: 24000 | BF4: 24000 | BG4: 24000 | BH4: 24000 | BI4: 24000 | BJ4: 24000 | BK4: 24000 | BL4: 24000 | BM4: 24000 | BN4: 24000 | BO4: 24000 | BP4: 24000 | DK4: 2025 | FJ4: 2026
A5: Stt | B5: Mã SAP | C5: Tên hàng hóa SAP | D5: Mã SP | E5: Tên sản phẩm | F5: Diễn giải | G5: Đơn vị tính | H5: Diễn giải | I5: 9 | J5: 10 | K5: 11 | L5: 12 | M5: T1.24 | N5: 2 | O5: 3 | P5: 4 | Q5: 5 | R5: 6 | S5: 7 | T5: 8 | U5: 9 | V5: 10 | W5: 11 | X5: 12 | Y5: T1.25 | Z5: 2 | AA5: 3 | AB5: 4 | AC5: 5 | AD5: 6 | AE5: 7 | AF5: 8 | AG5: 9 | AH5: 10 | AI5: 11 | AJ5: 12 | AK5: T1.26 | AL5: 2 | AM5: 3 | AN5: 4 | AO5: 5 | AP5: 6 | AQ5: 7 | AS5: Mã SP | AT5: Tên sản phẩm | AU5: Diễn giải | AV5: 36 | AW5: 37 | AX5: 38 | AY5: 39 | AZ5: 40 | BA5: 41 | BB5: 42 | BC5: 43 | BD5: 44 | BE5: 45 | BF5: 46 | BG5: 47 | BH5: 48 | BI5: 49 | BJ5: 50 | BK5: 51 | BL5: 52 | BM5: 1/24 | BN5: 02 | BO5: 03 | BP5: 04 | BQ5: 05 | BR5: 08 | BS5: 09 | BT5: 10 | BU5: 11 | BV5: 12 | BW5: 13 | BX5: 14 | BY5: 15 | BZ5: 16 | CA5: 17 | CB5: 18 | CC5: 19 | CD5: 20 | CE5: 21 | CF5: 22 | CG5: 23 | CH5: 24 | CI5: 25 | CJ5: 26 | CK5: 27 | CL5: 28 | CM5: 29 | CN5: 30 | CO5: 31 | CP5: 32 | CQ5: 33 | CR5: 34 | CS5: 35 | CT5: 36 | CU5: 37 | CV5: 38 | CW5: 39 | CX5: 40 | CY5: 41 | CZ5: 42 | DA5: 43 | DB5: 44 | DC5: 45 | DD5: 46 | DE5: 47 | DF5: 48 | DG5: 49 | DH5: 50 | DI5: 51 | DJ5: 52 | DK5: 01 | DL5: 02 | DM5: 03 | DN5: 04 | DO5: 06 | DP5: 07 | DQ5: 08 | DR5: 09 | DS5: 10 | DT5: 11 | DU5: 12 | DV5: 13 | DW5: 14 | DX5: 15 | DY5: 16 | DZ5: 17 | EA5: 18 | EB5: 19 | EC5: 20 | ED5: 21 | EE5: 22 | EF5: 23 | EG5: 24 | EH5: 25 | EI5: 26 | EJ5: 27 | EK5: 28 | EL5: 29 | EM5: 30 | EN5: 31 | EO5: 32 | EP5: 33 | EQ5: 34 | ER5: 35 | ES5: 36 | ET5: 37 | EU5: 38 | EV5: 39 | EW5: 40 | EX5: 41 | EY5: 42 | EZ5: 43 | FA5: 44 | FB5: 45 | FC5: 46 | FD5: 47 | FE5: 48 | FF5: 49 | FG5: 50 | FH5: 51 | FI5: 52 | FJ5: 01 | FK5: 02 | FL5: 03 | FM5: 04 | FN5: 05 | FO5: 06 | FP5: 07 | FQ5: 08 | FR5: 09 | FS5: 10 | FT5: 11 | FU5: 12 | FV5: 13 | FW5: 14 | FX5: 15 | FY5: 16 | FZ5: 17 | GA5: 18 | GB5: 19 | GC5: 20 | GD5: 21 | GE5: 22 | GF5: 23 | GG5: 24 | GH5: 25 | GI5: 26 | GJ5: 27 | GK5: 28 | GL5: 29 | GM5: 30 | GN5: 31
H6: DTR-Food grade | J6: ='Ma trận PET'!AU6 -> 1250 | K6: ='Ma trận PET'!AV6 -> 1250 | L6: ='Ma trận PET'!AW6 -> 1250 | M6: ='Ma trận PET'!AX6 -> 1250 | N6: ='Ma trận PET'!AY6 -> 1250 | O6: ='Ma trận PET'!AZ6 -> 1250 | P6: ='Ma trận PET'!BA6 -> 1250 | Q6: ='Ma trận PET'!BB6 -> 1300 | ... U6: ='Ma trận PET'!BF6 -> 1310 | V6: =U6+15 -> 1325 | W6: =V6 -> 1325 | X6: =W6-50 -> 1275 | Y6: =X6-45 -> 1230 | Z6: =Y6 -> 1230 | AA6: =Z6 -> 1230 | AB6: =AA6+20 -> 1250 | AC6: =AB6 -> 1250 | AD6: =AC6 -> 1250 | AE6: =AD6 -> 1250 | AF6: =AE6-20-10 -> 1220 | AG6: =AF6 -> 1220 | AH6: 1210 | AI6: 1200 | AJ6: 1200 | AK6: 1160 | AL6: 1160 | AM6: 1160 | AN6: 1280 | AO6: 1380 | AP6: 1350 | AQ6: 1350 | AU6: DTR-Food grade | AV6: ='Ma trận PET'!FO6 -> 1250 | AW6: ='Ma trận PET'!FP6 -> 1250 | AX6: ='Ma trận PET'!FQ6 -> 1250 | AY6: ='Ma trận PET'!FR6 -> 1250 | AZ6: ='Ma trận PET'!FS6 -> 1250 | BA6: ='Ma trận PET'!FT6 -> 1250 | BB6: ='Ma trận PET'!FU6 -> 1250 | BC6: ='Ma trận PET'!FV6 -> 1250 | ... BQ6: ='Ma trận PET'!GJ6 -> 1250 | BR6: 1250 | BS6: 1250 | BT6: 1250 | BU6: 1250 | BV6: 1250 | BW6: 1250 | BX6: 1250 | BY6: 1250 | BZ6: 1250 | CA6: 1250 | CB6: 1300 | CC6: 1300 | CD6: 1300 | CE6: 1300 | CF6: 1300 | CG6: 1300 | CH6: 1300 | CI6: 1300 | CJ6: 1300 | CK6: 1300 | CL6: 1300 | CM6: 1300 | CN6: 1300 | CO6: 1300 | CP6: 1300 | CQ6: 1300 | CR6: 1300 | CS6: 1300 | CT6: 1310 | CU6: 1310 | CV6: 1310 | CW6: 1310 | CX6: 1325 | CY6: 1325 | CZ6: 1325 | DA6: 1325 | DB6: 1325 | DC6: 1325 | DD6: 1325 | DE6: 1325 | DF6: 1325 | DG6: =1325-50 -> 1275 | DH6: =1325-50 -> 1275 | DI6: =1325-50 -> 1275 | DJ6: =1325-50 -> 1275 | DK6: =1325-50-45 -> 1230 | DL6: =1325-50-45 -> 1230 | DM6: =1325-50-45 -> 1230 | DN6: =1325-50-45 -> 1230 | DO6: =1325-50-45 -> 1230 | DP6: =1325-50-45 -> 1230 | DQ6: =1325-50-45 -> 1230 | DR6: =1325-50-45 -> 1230 | ... DV6: =1325-50-45 -> 1230 | DW6: =1325-50-45+20 -> 1250 | DX6: =1325-50-45+20 -> 1250 | DY6: =1325-50-45+20 -> 1250 | DZ6: =1325-50-45+20 -> 1250 | EA6: =1325-50-45+20 -> 1250 | EB6: =1325-50-45+20 -> 1250 | EC6: =1325-50-45+20 -> 1250 | ED6: =1325-50-45+20 -> 1250 | ... EN6: =1325-50-45+20 -> 1250 | EO6: =1325-50-45+20-20-10 -> 1220 | EP6: =1325-50-45+20-20-10 -> 1220 | EQ6: =1325-50-45+20-20-10 -> 1220 | ER6: =1325-50-45+20-20-10 -> 1220 | ES6: =1325-50-45+20-20-10 -> 1220 | ET6: =1325-50-45+20-20-10 -> 1220 | EU6: =1325-50-45+20-20-10 -> 1220 | EV6: =1325-50-45+20-20-10 -> 1220 | EW6: =1325-50-45+20-20-10-10 -> 1210 | EX6: =1325-50-45+20-20-10-10 -> 1210 | EY6: =1325-50-45+20-20-10-10 -> 1210 | EZ6: =1325-50-45+20-20-10-10 -> 1210 | FA6: =1325-50-45+20-20-10-10 -> 1210 | FB6: =1325-50-45+20-20-10-10-10 -> 1200 | FC6: =1325-50-45+20-20-10-10-10 -> 1200 | FD6: =1325-50-45+20-20-10-10-10 -> 1200 | FE6: =1325-50-45+20-20-10-10-10 -> 1200 | FF6: =1325-50-45+20-20-10-10-10 -> 1200 | FG6: =1325-50-45+20-20-10-10-10 -> 1200 | FH6: =1325-50-45+20-20-10-10-10 -> 1200 | FI6: =1325-50-45+20-20-10-10-10 -> 1200 | FJ6: =1325-50-45+20-20-10-10-10-40 -> 1160 | FK6: =1325-50-45+20-20-10-10-10-40 -> 1160 | FL6: =1325-50-45+20-20-10-10-10-40 -> 1160 | FM6: =1325-50-45+20-20-10-10-10-40 -> 1160 | FN6: =1325-50-45+20-20-10-10-10-40 -> 1160 | FO6: =1325-50-45+20-20-10-10-10-40 -> 1160 | FP6: =1325-50-45+20-20-10-10-10-40 -> 1160 | FQ6: =1325-50-45+20-20-10-10-10-40 -> 1160 | ... FT6: =1325-50-45+20-20-10-10-10-40 -> 1160 | FU6: =1325-50-45+20-20-10-10-10-40+50 -> 1210 | FV6: 1280 | FW6: 1280 | FX6: 1280 | FY6: 1310 | FZ6: 1380 | GA6: 1380 | GB6: 1380 | GC6: 1380 | GD6: 1380 | GE6: 1380 | GF6: 1350 | GG6: 1350 | GH6: 1350 | GI6: 1350 | GJ6: 1330 | GK6: 1330
A7: 5 | B7: 110000329 | C7: Hạt rPET WSS01 | E7: WSS01 - Hạt rPET (IV 0.78) | F7: Giá DTR | G7: $ /tấn | H7: DTR | I7: 1050 | J7: 1050 | K7: 1050 | L7: 1050 | M7: 1050 | N7: 1050 | O7: 1050 | P7: 1050 | Q7: 1100 | R7: 1100 | S7: 1100 | T7: 1100 | U7: 1100 | V7: 1100 | W7: 1100 | X7: 1100 | Y7: 1100 | Z7: 1100 | AA7: 1100 | AB7: 1120 | AC7: 1120 | AD7: 1120 | AE7: =+AE6-130 -> 1120 | AF7: =+AF6-130 -> 1090 | AG7: =+AG6-130 -> 1090 | AH7: =+AH6-130 -> 1080 | AI7: =+AI6-130 -> 1070 | AJ7: =+AJ6-130 -> 1070 | AK7: =+AK6-130 -> 1030 | AL7: =+AL6-130 -> 1030 | ... AQ7: =+AQ6-130 -> 1220 | AT7: WSS01 - Hạt rPET (IV 0.78) | AU7: DTR | AV7: 1050 | AW7: 1050 | AX7: 1050 | AY7: 1050 | AZ7: 1050 | BA7: 1050 | BB7: 1050 | BC7: 1050 | BD7: 1050 | BE7: 1050 | BF7: 1050 | BG7: 1050 | BH7: 1050 | BI7: 1050 | BJ7: 1050 | BK7: 1050 | BL7: 1050 | BM7: 1050 | BN7: 1050 | BO7: 1050 | BP7: 1050 | BQ7: 1050 | BR7: 1050 | BS7: 1050 | BT7: 1050 | BU7: 1050 | BV7: 1050 | BW7: 1050 | BX7: 1050 | BY7: 1050 | BZ7: 1050 | CA7: 1050 | CB7: 1100 | CC7: 1100 | CD7: 1100 | CE7: 1100 | CF7: 1100 | CG7: 1100 | CH7: 1100 | CI7: 1100 | CJ7: 1100 | CK7: 1100 | CL7: 1100 | CM7: 1100 | CN7: 1100 | CO7: 1100 | CP7: 1100 | CQ7: 1100 | CR7: 1100 | CS7: 1100 | CT7: 1100 | CU7: 1100 | CV7: 1100 | CW7: 1100 | CX7: 1100 | CY7: 1100 | CZ7: 1100 | DA7: 1100 | DB7: 1100 | DC7: 1100 | DD7: 1100 | DE7: 1100 | DF7: 1100 | DG7: 1100 | DH7: 1100 | DI7: 1100 | DJ7: 1100 | DK7: 1100 | DL7: 1100 | DM7: 1100 | DN7: 1100 | DO7: 1100 | DP7: 1100 | DQ7: 1100 | DR7: 1100 | DS7: 1100 | DT7: 1100 | DU7: 1100 | DV7: 1100 | DW7: 1120 | DX7: 1120 | DY7: 1120 | DZ7: 1120 | EA7: 1120 | EB7: 1120 | EC7: 1120 | ED7: 1120 | EE7: 1120 | EF7: 1120 | EG7: 1120 | EH7: 1120 | EI7: 1120 | EJ7: 1120 | EK7: 1120 | EL7: 1120 | EM7: 1120 | EN7: 1120 | EO7: =+EO6-130 -> 1090 | EP7: =+EP6-130 -> 1090 | EQ7: =+EQ6-130 -> 1090 | ER7: =+ER6-130 -> 1090 | ES7: =+ES6-130 -> 1090 | ET7: =+ET6-130 -> 1090 | EU7: =+EU6-130 -> 1090 | EV7: =+EV6-130 -> 1090 | ... GN7: =+GN6-130 -> -130
A8: 9 | D8: ICIS | E8: ICIS giá rPET ($ /tấn) | F8: ICIS FOB ĐNA - Giá trung bình | G8: $ /tấn | H8: ICIS | I8: =SUM(AV8:AY8)/COUNT(AV8:AY8) -> 802.75 | J8: =SUM(AZ8:BC8)/COUNT(AZ8:BC8) -> 801 | K8: =SUM(BD8:BG8)/COUNT(BD8:BG8) -> 821.5 | L8: =SUM(BH8:BK8)/COUNT(BH8:BK8) -> 821.5 | M8: =SUM(BM8:BP8)/COUNT(BM8:BP8) -> 804.25 | N8: =SUM(BQ8:BS8)/COUNT(BQ8:BS8) -> 787 | O8: =SUM(BT8:BW8)/COUNT(BT8:BW8) -> 815.875 | P8: =SUM(BX8:CA8)/COUNT(BX8:CA8) -> 831.875 | Q8: =SUM(CB8:CF8)/COUNT(CB8:CF8) -> 894.5 | R8: =SUM(CG8:CJ8)/COUNT(CG8:CJ8) -> 978.5 | S8: =SUM(CK8:CN8)/COUNT(CK8:CN8) -> 978.5 | T8: =SUM(CO8:CS8)/COUNT(CO8:CS8) -> 980.5 | U8: =SUM(CT8:CW8)/COUNT(CT8:CW8) -> 996 | V8: =SUM(CX8:DA8)/COUNT(CX8:DA8) -> 1018.5 | W8: =SUM(DB8:DF8)/COUNT(DB8:DF8) -> 999.7 | X8: =SUM(DG8:DJ8)/COUNT(DG8:DJ8) -> 956.5 | Y8: =SUM(DK8:DN8)/COUNT(DK8:DN8) -> 911.5 | Z8: =SUM(DO8:DR8)/COUNT(DO8:DR8) -> 911.5 | AA8: =SUM(DS8:DV8)/COUNT(DS8:DV8) -> 919.25 | AB8: =SUM(DW8:DZ8)/COUNT(DW8:DZ8) -> 933.125 | AC8: =SUM(EA8:EE8)/COUNT(EA8:EE8) -> 944.7 | AD8: =SUM(EF8:EI8)/COUNT(EF8:EI8) -> 954.5 | AE8: =SUM(EJ8:EN8)/COUNT(EJ8:EN8) -> 918 | AF8: =SUM(EO8:ER8)/COUNT(EO8:ER8) -> 868.375 | AG8: =SUM(ES8:EV8)/COUNT(ES8:EV8) -> 803.5 | AH8: =SUM(EW8:FA8)/COUNT(EW8:FA8) -> 794.125 | AI8: =SUM(FB8:FE8)/COUNT(FB8:FE8) -> #DIV/0! | AJ8: =SUM(FC8:FF8)/COUNT(FC8:FF8) -> #DIV/0! | AK8: =SUM(FD8:FG8)/COUNT(FD8:FG8) -> #DIV/0! | AL8: =SUM(FE8:FH8)/COUNT(FE8:FH8) -> #DIV/0! | AM8: =SUM(FF8:FI8)/COUNT(FF8:FI8) -> #DIV/0! | AN8: =SUM(FG8:FJ8)/COUNT(FG8:FJ8) -> #DIV/0! | AO8: =SUM(FH8:FK8)/COUNT(FH8:FK8) -> #DIV/0! | AP8: =SUM(FI8:FL8)/COUNT(FI8:FL8) -> #DIV/0! | AQ8: =SUM(FJ8:FM8)/COUNT(FJ8:FM8) -> #DIV/0! | AS8: ICIS | AT8: ICIS giá rPET ($ /tấn) | AU8: ICIS | AV8: 802.5 | AW8: 802.5 | AX8: 802.5 | AY8: 803.5 | AZ8: 801 | BA8: 801 | BB8: 801 | BC8: 801 | BD8: 821.5 | BE8: 821.5 | BF8: 821.5 | BG8: 821.5 | BH8: 821.5 | BI8: 821.5 | BJ8: 821.5 | BK8: 821.5 | BL8: 821.5 | BM8: 821.5 | BN8: 821.5 | BO8: 787 | BP8: 787 | BQ8: 787 | BR8: 787 | BS8: 787 | BT8: 788.5 | BU8: 825 | BV8: 825 | BW8: 825 | BX8: 825 | BY8: 825 | BZ8: 825 | CA8: 852.5 | CB8: 873.5 | CC8: 873.5 | CD8: 873.5 | CE8: 873.5 | CF8: 978.5 | CG8: 978.5 | CH8: 978.5 | CI8: 978.5 | CJ8: 978.5 | CK8: 978.5 | CL8: 978.5 | CM8: 978.5 | CN8: 978.5 | CO8: 978.5 | CP8: 978.5 | CQ8: 978.5 | CR8: 978.5 | CS8: 988.5 | CT8: 988.5 | CU8: 988.5 | CV8: 988.5 | CW8: 1018.5 | CX8: 1018.5 | CY8: 1018.5 | CZ8: 1018.5 | DA8: 1018.5 | DB8: 1018.5 | DC8: 1018.5 | DD8: 1018.5 | DE8: 971.5 | DF8: 971.5 | DG8: 971.5 | DH8: 971.5 | DI8: 971.5 | DJ8: 911.5 | DK8: 911.5 | DL8: 911.5 | DM8: 911.5 | DN8: 911.5 | DO8: 911.5 | DP8: 911.5 | DQ8: 911.5 | DR8: 911.5 | DS8: 911.5 | DT8: 911.5 | DU8: 911.5 | DV8: 942.5 | DW8: 942.5 | DX8: 930 | DY8: 930 | DZ8: 930 | EA8: 930 | EB8: 930 | EC8: 954.5 | ED8: 954.5 | EE8: 954.5 | EF8: 954.5 | EG8: 954.5 | EH8: 954.5 | EI8: 954.5 | EJ8: 954.5 | EK8: 954.5 | EL8: 910 | EM8: 885.5 | EN8: 885.5 | EO8: 875.5 | EP8: 875.5 | EQ8: 875.5 | ER8: 847 | ES8: 807 | ET8: 807 | EU8: 800 | EV8: 800 | EW8: 800 | EX8: 800 | EY8: 800 | EZ8: 776.5
D9: Anh 12 | F9: RESIN | G9: $ /tấn | H9: RESIN | I9: =SUM(AV9:AY9)/COUNT(AV9:AY9) -> 935 | J9: =SUM(AZ9:BC9)/COUNT(AZ9:BC9) -> 922.5 | K9: =SUM(BD9:BF9)/COUNT(BD9:BF9) -> 900 | L9: =SUM(BH9:BK9)/COUNT(BH9:BK9) -> 900 | M9: =SUM(BM9:BP9)/COUNT(BM9:BP9) -> 930 | N9: =SUM(BQ9:BS9)/COUNT(BQ9:BS9) -> 943.33333 | O9: =SUM(BT9:BW9)/COUNT(BT9:BW9) -> 940 | P9: =SUM(BX9:CA9)/COUNT(BX9:CA9) -> 940 | Q9: =SUM(CB9:CF9)/COUNT(CB9:CF9) -> 942 | R9: =SUM(CG9:CJ9)/COUNT(CG9:CJ9) -> 950 | S9: =SUM(CK9:CN9)/COUNT(CK9:CN9) -> 947.5 | T9: =SUM(CO9:CS9)/COUNT(CO9:CS9) -> 930 | U9: =SUM(CT9:CW9)/COUNT(CT9:CW9) -> 880 | V9: =SUM(CX9:DA9)/COUNT(CX9:DA9) -> 860 | W9: =SUM(DB9:DF9)/COUNT(DB9:DF9) -> 852 | X9: =SUM(DG9:DJ9)/COUNT(DG9:DJ9) -> 830 | Y9: =SUM(DK9:DN9)/COUNT(DK9:DN9) -> 827.5 | Z9: =SUM(DO9:DR9)/COUNT(DO9:DR9) -> 840 | AA9: =SUM(DS9:DV9)/COUNT(DS9:DV9) -> 822.5 | AB9: =SUM(DW9:DZ9)/COUNT(DW9:DZ9) -> 765 | AC9: =SUM(EA9:EE9)/COUNT(EA9:EE9) -> 782 | AD9: =SUM(EF9:EI9)/COUNT(EF9:EI9) -> 807.5 | AE9: =SUM(EJ9:EN9)/COUNT(EJ9:EN9) -> 802 | AF9: =SUM(EO9:ER9)/COUNT(EO9:ER9) -> 795 | AG9: =SUM(ES9:EV9)/COUNT(ES9:EV9) -> 782.5 | AH9: =SUM(EW9:FA9)/COUNT(EW9:FA9) -> 772 | AI9: =SUM(FB9:FE9)/COUNT(FB9:FE9) -> 770 | AJ9: =SUM(FF9:FI9)/COUNT(FF9:FI9) -> 772.5 | AK9: =SUM(FJ9:FN9)/COUNT(FJ9:FN9) -> 805 | AL9: =SUM(FO9:FR9)/COUNT(FO9:FR9) -> 840 | AM9: =SUM(FS9:FV9)/COUNT(FS9:FV9) -> 1108.75 | AN9: =SUM(FW9:GA9)/COUNT(FW9:GA9) -> 1194 | AO9: =SUM(GB9:GE9)/COUNT(GB9:GE9) -> 1207.5 | AP9: =SUM(GF9:GI9)/COUNT(GF9:GI9) -> 1102.5 | AQ9: =SUM(GJ9:GN9)/COUNT(GJ9:GN9) -> 975 | AS9: Anh 12 | AU9: RESIN | AV9: 930 | AW9: 930 | AX9: 940 | AY9: 940 | AZ9: 940 | BA9: 930 | BB9: 920 | BC9: 900 | BD9: 900 | BE9: 900 | BF9: 900 | BG9: 900 | BH9: 900 | BI9: 900 | BJ9: 900 | BK9: 900 | BL9: 900 | BM9: 900 | BN9: 940 | BO9: 940 | BP9: 940 | BQ9: 950 | BR9: 940 | BS9: 940 | BT9: 940 | BU9: 940 | BV9: 940 | BW9: 940 | BX9: 940 | BY9: 940 | BZ9: 940 | CA9: 940 | CB9: 940 | CC9: 940 | CD9: 940 | CE9: 940 | CF9: 950 | CG9: 950 | CH9: 950 | CI9: 950 | CJ9: 950 | CK9: 950 | CL9: 950 | CM9: 950 | CN9: 940 | CO9: 940 | CP9: 940 | CQ9: 940 | CR9: 930 | CS9: 900 | CT9: 900 | CU9: 890 | CV9: 870 | CW9: 860 | CX9: 860 | CY9: 860 | CZ9: 860 | DA9: 860 | DB9: 860 | DC9: 860 | DD9: 860 | DE9: 840 | DF9: 840 | DG9: 840 | DH9: 830 | DI9: 830 | DJ9: 820 | DK9: 820 | DL9: 820 | DM9: 820 | DN9: 850 | DO9: 840 | DP9: 840 | DQ9: 840 | DR9: 840 | DS9: 840 | DT9: 830 | DU9: 810 | DV9: 810 | DW9: 800 | DX9: 750 | DY9: 750 | DZ9: 760 | EA9: 760 | EB9: 760 | EC9: 800 | ED9: 800 | EE9: 790 | EF9: 800 | EG9: 790 | EH9: 820 | EI9: 820 | EJ9: 820 | EK9: 820 | EL9: 790 | EM9: 790 | EN9: 790 | EO9: 800 | EP9: 790 | EQ9: 790 | ER9: 800 | ES9: 790 | ET9: 780 | EU9: 780 | EV9: 780 | EW9: 780 | EX9: 780 | EY9: 770 | EZ9: 760 | FA9: 770 | FB9: 770 | FC9: 770 | FD9: 770 | FE9: 770 | FF9: 770 | FG9: 770 | FH9: 770 | FI9: 780 | FJ9: 795 | FK9: 795 | FL9: 795 | FM9: 820 | FN9: 820 | FO9: 840 | FP9: 840 | FQ9: 840 | FR9: 840 | FS9: =(900+970)/2 -> 935 | FT9: 1080 | FU9: 1280 | FV9: 1140 | FW9: 1140 | FX9: 1200 | FY9: 1200 | FZ9: 1200 | GA9: 1230 | GB9: 1250 | GC9: 1230 | GD9: 1190 | GE9: 1160 | GF9: 1140 | GG9: 1140 | GH9: 1090 | GI9: 1040 | GJ9: 990 | GK9: 960
H10: TTCP | I10: =I9 -> 935 | J10: =J9 -> 922.5 | K10: =K9 -> 900 | L10: =L9 -> 900 | M10: =M9 -> 930 | N10: =N9 -> 943.33333 | O10: =O9 -> 940 | P10: =P9 -> 940 | ... AQ10: =AQ9 -> 975 | AU10: TTCP | AV10: =AV9 -> 930 | AW10: =AW9 -> 930 | AX10: =AX9 -> 940 | AY10: =AY9 -> 940 | AZ10: =AZ9 -> 940 | BA10: =BA9 -> 930 | BB10: =BB9 -> 920 | BC10: =BC9 -> 900 | ... GN10: =GN9 -> 0
H11: CL | I11: =#REF!-I10 -> #REF! | J11: =J7-J9 -> 127.5 | K11: =K7-K9 -> 150 | L11: =L7-L9 -> 150 | M11: =M7-M9 -> 120 | N11: =N7-N9 -> 106.66667 | O11: =O7-O9 -> 110 | P11: =P7-P9 -> 110 | Q11: =Q7-Q9 -> 158 | ... AQ11: =AQ7-AQ9 -> 245 | AU11: CL | AV11: =AV7-AV9 -> 120 | AW11: =AW7-AW9 -> 120 | AX11: =AX7-AX9 -> 110 | AY11: =AY7-AY9 -> 110 | AZ11: =AZ7-AZ9 -> 110 | BA11: =BA7-BA9 -> 120 | BB11: =BB7-BB9 -> 130 | BC11: =BC7-BC9 -> 150 | ... GN11: =GN7-GN9 -> -130
H12: % | I12: =I11/I10 -> #REF! | J12: =J11/J10 -> 0.13821138 | K12: =K11/K10 -> 0.16666667 | L12: =L11/L10 -> 0.16666667 | M12: =M11/M10 -> 0.12903226 | N12: =N11/N10 -> 0.1130742 | O12: =O11/O10 -> 0.11702128 | P12: =P11/P10 -> 0.11702128 | ... AQ12: =AQ11/AQ10 -> 0.25128205 | AU12: % | AV12: =+AV11/AV10 -> 0.12903226 | AW12: =+AW11/AW10 -> 0.12903226 | AX12: =+AX11/AX10 -> 0.11702128 | AY12: =+AY11/AY10 -> 0.11702128 | AZ12: =+AZ11/AZ10 -> 0.11702128 | BA12: =+BA11/BA10 -> 0.12903226 | BB12: =+BB11/BB10 -> 0.14130435 | BC12: =+BC11/BC10 -> 0.16666667 | ... GN12: =+GN11/GN10 -> #DIV/0!
H13: Điểm hòa vốn | I13: 903 | J13: 729 | K13: 729 | L13: 729 | M13: 729 | N13: 729 | O13: 729 | P13: 729 | Q13: 729 | R13: 729 | S13: 679 | T13: 729 | U13: 729 | V13: 736.19207 | W13: 736.19207 | X13: 679.74612 | Y13: 668.04613 | Z13: 694.46136 | AA13: 704.64253 | AB13: 693.32467 | AC13: 701.4924 | AD13: 711.95212 | AE13: 716.07583 | AF13: 711.55152 | AG13: 657.64257 | AH13: 655.42324 | AI13: 687.77689 | AJ13: 599.05685 | AK13: 646.08292 | AL13: 621.38248 | AM13: 578.95337 | AN13: 592.33348 | AO13: 590.22159 | AP13: 580.70606 | AQ13: 590.83414 | AU13: Điểm hòa vốn | AV13: 729 | AW13: 729 | AX13: 729 | AY13: 729 | AZ13: 729 | BA13: 729 | BB13: 729 | BC13: 729 | BD13: 729 | BE13: 729 | BF13: 729 | BG13: 729 | BH13: 729 | BI13: 729 | BJ13: 729 | BK13: 729 | BL13: 729 | BM13: 729 | BN13: 729 | BO13: 729 | BP13: 729 | BQ13: 729 | BR13: 729 | BS13: 729 | BT13: 729 | BU13: 729 | BV13: 729 | BW13: 729 | BX13: 729 | BY13: 729 | BZ13: 729 | CA13: 729 | CB13: 729 | CC13: 729 | CD13: 729 | CE13: 729 | CF13: 729 | CG13: 729 | CH13: 729 | CI13: 729 | CJ13: 729 | CK13: 679 | CL13: 679 | CM13: 679 | CN13: 679 | CO13: 729 | CP13: 729 | CQ13: 729 | CR13: 729 | CS13: 729 | CT13: 729 | CU13: 729 | CV13: 729 | CW13: 729 | CX13: 736.19207 | CY13: 736.19207 | CZ13: 736.19207 | DA13: 736.19207 | DB13: 736.19207 | DC13: 736.19207 | DD13: 736.19207 | DE13: 736.19207 | DF13: 736.19207 | DG13: 679.74612 | DH13: 679.74612 | DI13: 679.74612 | DJ13: 679.74612 | DK13: 668.04613 | DL13: 668.04613 | DM13: 668.04613 | DN13: 668.04613 | DO13: 694.46136 | DP13: 694.46136 | DQ13: 694.46136 | DR13: 694.46136 | DS13: 704.64253 | DT13: 704.64253 | DU13: 704.64253 | DV13: 704.64253 | DW13: 693.32467 | DX13: 693.32467 | DY13: 693.32467 | DZ13: 693.32467 | EA13: 701.4924 | EB13: 701.4924 | EC13: 701.4924 | ED13: 701.4924 | EE13: 701.4924 | EF13: 711.95212 | EG13: 711.95212 | EH13: 711.95212 | EI13: 711.95212 | EJ13: 716.07583 | EK13: 716.07583 | EL13: 716.07583 | EM13: 716.07583 | EN13: 716.07583 | EO13: 711.55152 | EP13: 711.55152 | EQ13: 711.55152 | ER13: 711.55152 | ES13: 657.64257 | ET13: 657.64257 | EU13: 657.64257 | EV13: 657.64257 | EW13: 655.42324 | EX13: 655.42324 | EY13: 655.42324 | EZ13: 655.42324 | FA13: 655.42324 | FB13: 687.77689 | FC13: 687.77689 | FD13: 687.77689 | FE13: 687.77689 | FF13: 599.05685 | FG13: 599.05685 | FH13: 599.05685 | FI13: 599.05685 | FJ13: 646.08292 | FK13: 646.08292 | FL13: 646.08292 | FM13: 646.08292 | FN13: 646.08292 | FO13: 621.38248 | FP13: 621.38248 | FQ13: 621.38248 | FR13: 621.38248 | FS13: 578.95337 | FT13: 578.95337 | FU13: 578.95337 | FV13: 578.95337 | FW13: 592.33348 | FX13: 592.33348 | FY13: 592.33348 | FZ13: 592.33348 | GA13: 592.33348 | GB13: 590.22159 | GC13: 590.22159 | GD13: 590.22159 | GE13: 590.22159 | GF13: 580.70606 | GG13: 580.70606 | GH13: 580.70606 | GI13: 580.70606 | GJ13: 590.83414 | GK13: 590.83414 | GL13: 590.83414 | GM13: 590.83414 | GN13: 590.83414
H14: Giá bán đối thủ CHORI | I14: 1140 | J14: 1140 | K14: 1140 | L14: 1140 | M14: 1140 | N14: 1140 | O14: 1140 | P14: 1140 | Q14: 1140 | R14: 1140 | AU14: Đối thủ CHORI | AV14: 1140 | AW14: 1140 | AX14: 1140 | AY14: 1140 | AZ14: 1140 | BA14: 1140 | BB14: 1140 | BC14: 1140 | BD14: 1140 | BE14: 1140 | BF14: 1140 | BG14: 1140 | BH14: 1140 | BI14: 1140 | BJ14: 1140 | BK14: 1140 | BL14: 1140 | BM14: 1140 | BN14: 1140 | BO14: 1140 | BP14: 1140 | BQ14: 1140 | BR14: 1140 | BS14: 1140 | BT14: 1140 | BU14: 1140 | BV14: 1140 | BW14: 1140 | BX14: 1140 | BY14: 1140 | BZ14: 1140 | CA14: 1140 | CB14: 1140 | CC14: 1140 | CD14: 1140 | CE14: 1140 | CF14: 1140 | CG14: 1140 | CH14: 1140 | CI14: 1140 | CJ14: 1140
H15: Giá bán đối thủ Hyosung | I15: 1090 | J15: 1090 | K15: 1090 | L15: 1090 | M15: 1090 | N15: 1090 | O15: 1090 | P15: 1090 | Q15: 1090 | R15: 1090 | AU15: Đối thủ Hyosung | AV15: 1090 | AW15: 1090 | AX15: 1090 | AY15: 1090 | AZ15: 1090 | BA15: 1090 | BB15: 1090 | BC15: 1090 | BD15: 1090 | BE15: 1090 | BF15: 1090 | BG15: 1090 | BH15: 1090 | BI15: 1090 | BJ15: 1090 | BK15: 1090 | BL15: 1090 | BM15: 1090 | BN15: 1090 | BO15: 1090 | BP15: 1090 | BQ15: 1090 | BR15: 1090 | BS15: 1090 | BT15: 1090 | BU15: 1090 | BV15: 1090 | BW15: 1090 | BX15: 1090 | BY15: 1090 | BZ15: 1090 | CA15: 1090 | CB15: 1090 | CC15: 1090 | CD15: 1090 | CE15: 1090 | CF15: 1090 | CG15: 1090 | CH15: 1090 | CI15: 1090 | CJ15: 1090

Sheet HD thổi-tháng

Sheet HD thổi_tuần

Sheet Ma trận HDPE thổi
F3: MA TRẬN GIÁ BÁN rHDPE | H3: MA TRẬN GIÁ BÁN rHDPE | DJ3: 2023 | FI3: 2024
F4: Tỷ giá | I4: 23147 | J4: 23135 | K4: 23142 | L4: 23194 | M4: 23204 | N4: 23160 | O4: 23141 | P4: 23161 | Q4: 23161 | R4: 23123 | S4: 23156 | T4: 23126 | U4: 23180 | V4: 23108 | W4: =V4 -> 23108 | X4: =W4 -> 23108 | Y4: =X4 -> 23108 | Z4: 23150 | AA4: 23150 | AB4: 23150 | AC4: 23150 | AD4: 23500 | AE4: 23500 | AF4: 23500 | AG4: 23500 | AH4: 23500 | AI4: 23500 | AJ4: 24600 | AK4: 24600 | AL4: 24000 | AM4: 24000 | AN4: 24000 | AO4: 24000 | AP4: 24000 | AQ4: 24000 | AR4: 24000 | AS4: 24000 | AT4: 24000 | AU4: 24000 | AV4: 24000 | AW4: 24000 | CG4: 23150 | CH4: 23150 | CI4: 23150 | CJ4: 23150 | CK4: 23150 | CL4: 23150 | CM4: 23150 | CN4: 23150 | CO4: 23150 | CP4: 23150 | CQ4: 23150 | CR4: 23150 | CS4: 23500 | CT4: 23500 | CU4: 23500 | CV4: 23500 | CW4: 23500 | CX4: 23500 | CY4: 23500 | CZ4: 23500 | DA4: 24600 | DB4: 24600 | DC4: 24600 | DD4: 24600 | DE4: 24600 | DF4: 24000 | DG4: 24000 | DH4: 24000 | DI4: 24000 | DJ4: 24000 | DK4: 24000 | DL4: 24000 | DM4: 24000 | DN4: 24000 | DO4: 24000 | DP4: 24000 | DQ4: 24000 | DR4: 24000 | DS4: 24000 | DT4: 24000 | DU4: 24000 | DV4: 24000 | DW4: 24000 | DX4: 24000 | DY4: 24000 | DZ4: 24000 | EA4: 24000 | EB4: 24000 | EC4: 24000 | ED4: 24000 | EE4: 24000 | EF4: 24000 | EG4: 24000 | EH4: 24000 | EI4: 24000 | EJ4: 24000 | EK4: 24000 | EL4: 24000 | EM4: 24000 | EN4: 24000 | EO4: 24000 | EP4: 24000 | EQ4: 24000 | ER4: 24000 | ES4: 24000 | ET4: 24000 | EU4: 24000 | EV4: 24000 | EW4: 24000 | EX4: 24000 | EY4: 24000 | EZ4: 24000 | FA4: 24000 | FB4: 24000 | FC4: 24000 | FD4: 24000 | FE4: 24000 | FF4: 24000 | FG4: 24000 | FH4: 24000 | FI4: 24000 | FJ4: 24000 | HG4: 2025 | JF4: 2026
A5: Stt | B5: Mã SAP | C5: Tên hàng hóa SAP | D5: Mã SP | E5: Tên sản phẩm | F5: Diễn giải | G5: Đơn vị tính | H5: Diễn giải | I5: T1.21 | J5: T2.21 | K5: T3.21 | L5: T4.21 | M5: T5.21 | N5: T6.21 | O5: T7.21 | P5: T8.21 | Q5: T9.21 | R5: T10.21 | S5: T11.21 | T5: T12.21 | U5: 1 | V5: 2 | W5: 3 | X5: 4 | Y5: 5 | Z5: 6 | AA5: 7 | AB5: 8 | AC5: Hiện tại 23/8 | AD5: 9 | AE5: 10 | AF5: 4/10 | AG5: 11/10 | AH5: 18/10 | AI5: 25/10 | AJ5: 11 | AK5: 12 | AL5: 1/23 | AM5: 2 | AN5: 3 | AO5: 4 | AP5: 5 | AQ5: 6 | AR5: 7 | AS5: 8 | AT5: 9 | AU5: 10 | AV5: 11 | AW5: 12 | AX5: T1.24 | AY5: 2 | AZ5: 3 | BA5: 4 | BB5: 5 | BC5: 6 | BD5: 7 | BE5: 8 | BF5: 9 | BG5: 10 | BH5: 11 | BI5: 12 | BJ5: T1.25 | BK5: 2 | BL5: 3 | BM5: 4 | BN5: 5 | BO5: 6 | BP5: 7 | BQ5: 8 | BR5: 9 | BS5: 10 | BT5: 11 | BU5: 12 | BV5: T1.26 | BW5: 2 | BX5: 3 | BY5: 4 | BZ5: 5 | CA5: 6 | CB5: 7 | CD5: Mã SP | CE5: Tên sản phẩm | CF5: Diễn giải | CG5: 24 | CH5: 25 | CI5: 26 | CJ5: 27 | CK5: 28 | CL5: 29 | CM5: 30 | CN5: 31 | CO5: 32 | CP5: 33 | CQ5: 34 | CR5: 35 | CS5: 36 | CT5: 37 | CU5: 38 | CV5: 39 | CW5: 40 | CX5: 41 | CY5: 42 | CZ5: 43 | DA5: 44 | DB5: 45 | DC5: 46 | DD5: 47 | DE5: 48 | DF5: 49 | DG5: 50 | DH5: 51 | DI5: 52 | DJ5: 1 | DK5: 2 | DL5: 3 | DM5: 5 | DN5: 6 | DO5: 7 | DP5: 8 | DQ5: 9 | DR5: 10 | DS5: 11 | DT5: 12 | DU5: 13 | DV5: 14 | DW5: 15 | DX5: 16 | DY5: 17 | DZ5: 18 | EA5: 19 | EB5: 20 | EC5: 21 | ED5: 22 | EE5: 23 | EF5: 24 | EG5: 25 | EH5: 26 | EI5: 27 | EJ5: 28 | EK5: 29 | EL5: 30 | EM5: 31 | EN5: 32 | EO5: 33 | EP5: 34 | EQ5: 35 | ER5: 36 | ES5: 37 | ET5: 38 | EU5: 39 | EV5: 40 | EW5: 41 | EX5: 42 | EY5: 43 | EZ5: 44 | FA5: 45 | FB5: 46 | FC5: 47 | FD5: 48 | FE5: 49 | FF5: 50 | FG5: 51 | FH5: 52 | FI5: 1/24 | FJ5: 02 | FK5: 03 | FL5: 04 | FM5: 05 | FN5: 08 | FO5: 09 | FP5: 10 | FQ5: 11 | FR5: 12 | FS5: 13 | FT5: 14 | FU5: 15 | FV5: 16 | FW5: 17 | FX5: 18 | FY5: 19 | FZ5: 20 | GA5: 21 | GB5: 22 | GC5: 23 | GD5: 24 | GE5: 25 | GF5: 26 | GG5: 27 | GH5: 28 | GI5: 29 | GJ5: 30 | GK5: 31 | GL5: 32 | GM5: 33 | GN5: 34 | GO5: 35 | GP5: 36 | GQ5: 37 | GR5: 38 | GS5: 39 | GT5: 40 | GU5: 41 | GV5: 42 | GW5: 43 | GX5: 44 | GY5: 45 | GZ5: 46 | HA5: 47 | HB5: 48 | HC5: 49 | HD5: 50 | HE5: 51 | HF5: 52 | HG5: 01 | HH5: 02 | HI5: 03 | HJ5: 04 | HK5: 06 | HL5: 07 | HM5: 08 | HN5: 09 | HO5: 10 | HP5: 11 | HQ5: 12 | HR5: 13 | HS5: 14 | HT5: 15 | HU5: 16 | HV5: 17 | HW5: 18 | HX5: 19 | HY5: 20 | HZ5: 21 | IA5: 22 | IB5: 23 | IC5: 24 | ID5: 25 | IE5: 26 | IF5: 27 | IG5: 28 | IH5: 29 | II5: 30 | IJ5: 31 | IK5: 32 | IL5: 33 | IM5: 34 | IN5: 35 | IO5: 36 | IP5: 37 | IQ5: 38 | IR5: 39 | IS5: 40 | IT5: 41 | IU5: 42 | IV5: 43 | IW5: 44 | IX5: 45 | IY5: 46 | IZ5: 47 | JA5: 48 | JB5: 49 | JC5: 50 | JD5: 51 | JE5: 52 | JF5: 01 | JG5: 02 | JH5: 03 | JI5: 04 | JJ5: 05 | JK5: 06 | JL5: 07 | JM5: 08 | JN5: 09 | JO5: 10 | JP5: 11 | JQ5: 12 | JR5: 13 | JS5: 14 | JT5: 15 | JU5: 16 | JV5: 17 | JW5: 18 | JX5: 19 | JY5: 20 | JZ5: 21 | KA5: 22 | KB5: 23 | KC5: 24 | KD5: 25 | KE5: 26 | KF5: 27 | KG5: 28 | KH5: 29 | KI5: 30 | KJ5: 31
A6: 3 | B6: 150000007 | C6: Vảy PET DBF01-CR | D6: C1 | E6: DTR-Giá mua Vảy HDPE _Clear ($ /tấn) | F6: Giá vảy HDPE mua ngoài | G6: đồng /kg | H6: Giá vảy HDPE mua ngoài | I6: 20500 | J6: 20500 | K6: 21500 | L6: 21500 | M6: 22500 | N6: 22500 | O6: 22500 | P6: 22500 | Q6: 22500 | R6: 22500 | S6: 22500 | T6: 22500 | U6: 22500 | V6: 22500 | W6: 22500 | X6: 22500 | Y6: 22500 | Z6: 22500 | AA6: 22500 | AB6: 22500 | AC6: 22500 | AD6: 22500 | AE6: 22500 | AF6: 22500 | AG6: 22500 | AH6: 22500 | AI6: 22500 | AJ6: 22500 | AK6: 23000 | AL6: 25000 | AM6: 25000 | AN6: 25000 | AO6: 25000 | AP6: 25000 | AQ6: 25000 | AR6: 23000 | AS6: 22500 | AT6: 22500 | AU6: 22500 | AV6: 22500 | AW6: 22500 | AX6: 22500 | AY6: 22500 | AZ6: 22000 | BA6: 22000 | BB6: 22000 | BC6: 22000 | BD6: 22000 | BE6: 22000 | BF6: 22000 | BG6: 22000 | BH6: 22000 | BI6: 22000 | BJ6: 22000 | BK6: 22000 | BL6: 22000 | BM6: 22000 | BN6: 22000 | BO6: 22000 | BP6: 22000 | BQ6: 22000 | BR6: 22000 | BS6: 22000 | BT6: 22000 | BU6: 22000 | BV6: 22000 | BW6: 22000 | BX6: 22000 | BY6: 22000 | BZ6: 22000 | CA6: 22000 | CB6: 22000 | CD6: C1 | CE6: DTR-Giá mua Vảy HDPE _Clear ($ /tấn) | CF6: Giá vảy HDPE mua ngoài | CG6: 22500 | CH6: 22500 | CI6: 22500 | CJ6: 23500 | CK6: 23500 | CL6: 23500 | CM6: 23500 | CN6: 23500 | CO6: 23500 | CP6: 23500 | CQ6: 23500 | CR6: 23500 | CS6: 22500 | CT6: 22500 | CU6: 22500 | CV6: 22500 | CW6: 22500 | CX6: 22500 | CY6: 22500 | CZ6: 22500 | DA6: 22500 | DB6: 22500 | DC6: 22500 | DD6: 22500 | DE6: 22500 | DF6: 22500 | DG6: 22500 | DH6: 22500 | DI6: 22500 | DJ6: 22500 | DK6: 22500 | DL6: 22500 | DM6: 22500 | DN6: 22500 | DO6: 22500 | DP6: 22500 | DQ6: 22500 | DR6: 22500 | DS6: 22500 | DT6: 22500 | DU6: 22500 | DV6: 22500 | DW6: 22500 | DX6: 22500 | DY6: 22500 | DZ6: 22500 | EA6: 22500 | EB6: 22500 | EC6: 22500 | ED6: 22500 | EE6: 22500 | EF6: 22500 | EG6: 23000 | EH6: 23000 | EI6: 23000 | EJ6: 23000 | EK6: 23000 | EL6: 23000 | EM6: 22500 | EN6: 22500 | EO6: 22500 | EP6: 22500 | EQ6: 22500 | ER6: 22500 | ES6: 22500 | ET6: 22500 | EU6: 22500 | EV6: 22500 | EW6: 22500 | EX6: 22500 | EY6: 22500 | EZ6: 22500 | FA6: 22500 | FB6: 22500 | FC6: 22500 | FD6: 22500 | FE6: 22500 | FF6: 22500 | FG6: 22500 | FH6: 22500 | FI6: 22500 | FJ6: 22500 | FK6: 22500 | FL6: 22500 | FM6: 22500 | FN6: 22500 | FO6: 22500 | FP6: 22000 | FQ6: 22000 | FR6: 22000 | FS6: 22000 | FT6: 22000 | FU6: 22000 | FV6: 22000 | FW6: 22000 | FX6: 22000 | FY6: 22000 | FZ6: 22000 | GA6: 22000 | GB6: 22000 | GC6: 22000 | GD6: 22000 | GE6: 22000 | GF6: 22000 | GG6: 22000 | GH6: 22000 | GI6: 22000 | GJ6: 22000 | GK6: 22000 | GL6: 22000 | GM6: 22000 | GN6: 22000 | GO6: 22000 | GP6: 22000 | GQ6: 22000 | GR6: 22000 | GS6: 22000 | GT6: 22000 | GU6: 22000 | GV6: 22000 | GW6: 22000 | GX6: 22000 | GY6: 22000 | GZ6: 22000 | HA6: 22000 | HB6: 22000 | HC6: 22000 | HD6: 22000 | HE6: 22000 | HF6: 22000
A7: 3 | B7: 150000007 | C7: Vảy PET DBF01-CR | D7: C1 | E7: DTR-Giá mua Vảy HDPE _Clear ($ /tấn) | F7: Giá vảy HDPE mua ngoài | G7: $ /tấn | H7: Giá vảy HDPE mua ngoài | I7: =I6/I4*1000 -> 885.64393 | J7: =J6/J4*1000 -> 886.10331 | K7: =K6/K4*1000 -> 929.04675 | L7: =L6/L4*1000 -> 926.96387 | M7: =M6/M4*1000 -> 969.6604 | N7: =N6/N4*1000 -> 971.50259 | O7: =O6/O4*1000 -> 972.30025 | P7: =P6/P4*1000 -> 971.46065 | ... CB7: =CB6/CB4*1000 -> #DIV/0! | CD7: C1 | CE7: DTR-Giá mua Vảy HDPE _Clear ($ /tấn) | CF7: Giá vảy HDPE mua ngoài | CG7: =CG6/CG4*1000 -> 971.92225 | CH7: =CH6/CH4*1000 -> 971.92225 | CI7: =CI6/CI4*1000 -> 971.92225 | CJ7: =CJ6/CJ4*1000 -> 1015.1188 | CK7: =CK6/CK4*1000 -> 1015.1188 | CL7: =CL6/CL4*1000 -> 1015.1188 | CM7: =CM6/CM4*1000 -> 1015.1188 | CN7: =CN6/CN4*1000 -> 1015.1188 | ... FW7: =FW6/FW4*1000 -> #DIV/0!
D8: ICIS | F8: ICIS - Giá vảy HDPE | G8: $ /tấn | H8: ICIS - Giá vảy HDPE | U8: 820 | V8: 837.5 | W8: 903 | X8: 928.75 | Y8: 932.5 | Z8: 922.5 | AA8: 901.25 | AB8: 850 | AD8: 804 | AE8: 760 | AF8: 760 | AG8: 760 | AH8: 760 | AI8: 760 | AJ8: 760 | AK8: 760 | AL8: 680 | AM8: 680 | AN8: 680 | AO8: 680 | AP8: 680 | AQ8: 680 | AR8: 680 | AS8: 680 | AT8: 680 | AU8: 680 | AV8: 680 | AW8: 680 | AX8: 680 | AY8: 680 | AZ8: 680 | BA8: 680 | BB8: 680 | BC8: 680 | BD8: 680 | BE8: 680 | BF8: 680 | BG8: 680 | BH8: 680 | BI8: 680 | BJ8: 680 | BK8: 680 | BL8: 680 | BM8: 680 | BN8: 680 | BO8: 680 | BP8: 680 | BQ8: 680 | BR8: 680 | BS8: 680 | BT8: 680 | BU8: 680 | BV8: 680 | BW8: 680 | BX8: 680 | BY8: 680 | BZ8: 680 | CA8: 680 | CB8: 680 | CD8: ICIS | CF8: ICIS - Giá vảy HDPE | CG8: 922.5 | CH8: 922.5 | CI8: 922.5 | CJ8: 922.5 | CK8: 922.5 | CL8: 880 | CM8: 880 | CN8: 880 | CO8: 880 | CP8: 820 | CQ8: 820 | CR8: 820 | CS8: 820 | CT8: 820 | CU8: 800 | CV8: 760 | CW8: 760 | CX8: 760 | CY8: 760 | CZ8: 760 | DA8: 720 | DB8: 720 | DC8: 720 | DD8: 680 | DE8: 680 | DF8: 680 | DG8: 680 | DH8: 680 | DI8: 680 | DJ8: 680 | DK8: 680 | DL8: 680 | DM8: 680 | DN8: 680 | DO8: 680 | DP8: 680 | DQ8: 680 | DR8: 680 | DS8: 680 | DT8: 680 | DU8: 680 | DV8: 680 | DW8: 680 | DX8: 680 | DY8: 680 | DZ8: 680 | EA8: 680 | EB8: 680 | EC8: 680 | ED8: 680 | EE8: 680 | EF8: 680 | EG8: 680 | EH8: 680 | EI8: 680 | EJ8: 680 | EK8: 680 | EL8: 680 | EM8: 680 | EN8: 680 | EO8: 680 | EP8: 680 | EQ8: 680 | ER8: 680 | ES8: 680 | ET8: 680 | EU8: 680 | EV8: 680 | EW8: 680 | EX8: 680 | EY8: 680 | EZ8: 680 | FA8: 680 | FB8: 680 | FC8: 680 | FD8: 680 | FE8: 680 | FF8: 680 | FG8: 680 | FH8: 680 | FI8: 680 | FJ8: 680 | FK8: 680 | FL8: 680 | FM8: 680 | FN8: 680 | FO8: 680 | FP8: 680 | FQ8: 680 | FR8: 680 | FS8: 680 | FT8: 680 | FU8: 680 | FV8: 680 | FW8: 680
B9: 110000339 | C9: Hạt nhựa rHDPE MBF01 | D9: MBF01 | E9: DTR-Giá EXW xuất xưởng | F9: DTR- rHD | G9: $ /tấn | H9: DTR (personal care) | I9: 1430 | J9: 1430 | K9: 1430 | L9: 1430 | M9: 1430 | N9: 1430 | O9: 1430 | P9: 1430 | Q9: 1430 | R9: 1530 | S9: 1530 | T9: 1530 | U9: 1530 | V9: 1530 | W9: 1560 | X9: 1610 | Y9: 1610 | Z9: 1610 | AA9: 1610 | AB9: 1610 | AC9: 1610 | AD9: 1530 | AE9: 1530 | AF9: 1530 | AG9: 1530 | AH9: 1530 | AI9: 1530 | AJ9: 1530 | AK9: 1530 | AL9: 1400 | AM9: 1400 | AN9: 1400 | AO9: 1530 | AP9: 1530 | AQ9: 1530 | AR9: 1450 | AS9: 1400 | AT9: 1400 | AU9: 1400 | AV9: 1400 | AW9: 1400 | AX9: 1400 | AY9: 1400 | AZ9: 1400 | BA9: 1400 | BB9: 1400 | BC9: 1400 | BD9: 1400 | BE9: 1400 | BF9: 1400 | BG9: 1400 | BH9: 1400 | BI9: 1400 | BJ9: 1400 | BK9: 1400 | BL9: =1400-50 -> 1350 | BM9: =1400-50 -> 1350 | BN9: =1400-50 -> 1350 | BO9: =1400-50 -> 1350 | BP9: =1400-50 -> 1350 | BQ9: =1400-50-20 -> 1330 | BR9: =1400-50-20-20 -> 1310 | BS9: =1400-50-20-20 -> 1310 | BT9: =1400-50-20-20-10 -> 1300 | BU9: =1400-50-20-20-10 -> 1300 | BV9: =1400-50-20-20-10 -> 1300 | BW9: =1400-50-20-20-10 -> 1300 | BX9: =1400-50-20-20-10 -> 1300 | BY9: 1400 | BZ9: 1470 | CA9: 1450 | CB9: 1430 | CD9: MBF01 | CE9: DTR-Giá EXW xuất xưởng | CF9: DTR (personal care) | CG9: 1610 | CH9: 1610 | CI9: 1610 | CJ9: 1610 | CK9: 1610 | CL9: 1610 | CM9: 1610 | CN9: 1610 | CO9: 1610 | CP9: 1610 | CQ9: 1610 | CR9: 1610 | CS9: 1530 | CT9: 1530 | CU9: 1530 | CV9: 1530 | CW9: 1530 | CX9: 1530 | CY9: 1530 | CZ9: 1530 | DA9: 1530 | DB9: 1530 | DC9: 1530 | DD9: 1530 | DE9: 1530 | DF9: 1530 | DG9: 1530 | DH9: 1400 | DI9: 1400 | DJ9: 1400 | DK9: 1400 | DL9: 1400 | DM9: 1400 | DN9: 1400 | DO9: 1400 | DP9: 1400 | DQ9: 1400 | DR9: 1400 | DS9: 1400 | DT9: 1400 | DU9: 1400 | DV9: 1530 | DW9: 1530 | DX9: 1530 | DY9: 1530 | DZ9: 1530 | EA9: 1530 | EB9: 1530 | EC9: 1530 | ED9: 1530 | EE9: 1530 | EF9: 1450 | EG9: 1450 | EH9: 1450 | EI9: 1450 | EJ9: 1450 | EK9: 1400 | EL9: 1400 | EM9: 1400 | EN9: 1400 | EO9: 1400 | EP9: 1400 | EQ9: 1400 | ER9: 1400 | ES9: 1400 | ET9: 1400 | EU9: 1400 | EV9: 1400 | EW9: 1400 | EX9: 1400 | EY9: 1400 | EZ9: 1400 | FA9: 1400 | FB9: 1400 | FC9: 1400 | FD9: 1400 | FE9: 1400 | FF9: 1400 | FG9: 1400 | FH9: 1400 | FI9: 1400 | FJ9: 1400 | FK9: 1400 | FL9: 1400 | FM9: 1400 | FN9: 1400 | FO9: 1400 | FP9: 1400 | FQ9: 1400 | FR9: 1400 | FS9: 1400 | FT9: 1400 | FU9: 1400 | FV9: 1400 | FW9: 1400 | FX9: 1400 | FY9: 1400 | FZ9: 1400 | GA9: 1400 | GB9: 1400 | GC9: 1400 | GD9: 1400 | GE9: 1400 | GF9: 1400 | GG9: 1400 | GH9: 1400 | GI9: 1400 | GJ9: 1400 | GK9: 1400 | GL9: 1400 | GM9: 1400 | GN9: 1400 | GO9: 1400 | GP9: 1400 | GQ9: 1400 | GR9: 1400 | GS9: 1400 | GT9: 1400 | GU9: 1400 | GV9: 1400 | GW9: 1400 | GX9: 1400 | GY9: 1400 | GZ9: 1400 | HA9: 1400 | HB9: 1400 | HC9: 1400 | HD9: 1400 | HE9: 1400 | HF9: 1400 | HG9: 1400 | HH9: 1400 | HI9: 1400 | HJ9: 1400 | HK9: 1400 | HL9: 1400 | HM9: 1400 | HN9: 1400 | HO9: =1400-50 -> 1350 | HP9: =1400-50 -> 1350 | HQ9: =1400-50 -> 1350 | HR9: =1400-50 -> 1350 | HS9: =1400-50 -> 1350 | HT9: =1400-50 -> 1350 | HU9: =1400-50 -> 1350 | HV9: =1400-50 -> 1350 | ... IJ9: =1400-50 -> 1350 | IK9: =1400-50-20 -> 1330 | IL9: =1400-50-20 -> 1330 | IM9: =1400-50-20 -> 1330 | IN9: =1400-50-20 -> 1330 | IO9: =1400-50-20-20 -> 1310 | IP9: =1400-50-20-20 -> 1310 | IQ9: =1400-50-20-20 -> 1310 | IR9: =1400-50-20-20 -> 1310 | IS9: =1400-50-20-20 -> 1310 | IT9: =1400-50-20-20 -> 1310 | IU9: =1400-50-20-20 -> 1310 | IV9: =1400-50-20-20 -> 1310 | IW9: =1400-50-20-20 -> 1310 | IX9: =1400-50-20-20-10 -> 1300 | IY9: =1400-50-20-20-10 -> 1300 | IZ9: =1400-50-20-20-10 -> 1300 | JA9: =1400-50-20-20-10 -> 1300 | JB9: =1400-50-20-20-10 -> 1300 | JC9: =1400-50-20-20-10 -> 1300 | JD9: =1400-50-20-20-10 -> 1300 | JE9: =1400-50-20-20-10 -> 1300 | ... JP9: =1400-50-20-20-10 -> 1300 | JQ9: =1300+50 -> 1350 | JR9: =1300+50 -> 1350 | JS9: 1400 | JT9: 1400 | JU9: 1400 | JV9: 1470 | JW9: 1470 | JX9: 1470 | JY9: 1470 | JZ9: 1470 | KA9: 1470 | KB9: 1450 | KC9: 1450 | KD9: 1450 | KE9: 1450 | KF9: 1430 | KG9: 1430
H10: DTR (Home care) | AL10: =AL9-50 -> 1350 | AM10: =AM9-50 -> 1350 | AN10: =AN9-50 -> 1350 | AO10: =AO9-50 -> 1480 | AP10: =AP9-50 -> 1480 | AQ10: =AQ9-50 -> 1480 | AR10: =AR9-50 -> 1400 | AS10: =AS9-50 -> 1350 | ... BJ10: =BJ9-50 -> 1350 | BK10: =BK9-100 -> 1300 | BL10: =BL9-100 -> 1250 | BM10: =BM9-100 -> 1250 | BN10: =BN9-100 -> 1250 | BO10: =BO9-100 -> 1250 | BP10: =BP9-100 -> 1250 | BQ10: =BQ9-100 -> 1230 | BR10: =BR9-100 -> 1210 | ... CB10: =CB9-100 -> 1330 | CF10: DTR (Home care) | DJ10: =DJ9-50 -> 1350 | DK10: =DK9-50 -> 1350 | DL10: =DL9-50 -> 1350 | DM10: =DM9-50 -> 1350 | DN10: =DN9-50 -> 1350 | DO10: =DO9-50 -> 1350 | DP10: =DP9-50 -> 1350 | DQ10: =DQ9-50 -> 1350 | ... JE10: =JE9-50 -> 1250 | JF10: =JF9-100 -> 1200 | JG10: =JG9-100 -> 1200 | JH10: =JH9-100 -> 1200 | JI10: =JI9-100 -> 1200 | JJ10: =JJ9-100 -> 1200 | JK10: =JK9-100 -> 1200 | JL10: =JL9-100 -> 1200 | JM10: =JM9-100 -> 1200 | ... KJ10: =KJ9-100 -> -100
D11: ẩn | F11: DTR-Giá EXW rHD xuất xưởng | G11: đồng /kg | H11: DTR-Giá EXW rHD xuất xưởng | W11: =W9*23100/1000 -> 36036 | X11: =X9*23108/1000 -> 37203.88 | Y11: =Y9*23108/1000 -> 37203.88 | Z11: =Z9*Z4/1000 -> 37271.5 | AA11: =AA9*AA4/1000 -> 37271.5 | AB11: 37826 | AC11: 37826 | AD11: 35948.726 | AE11: 35948.726 | AF11: 35948.726 | AG11: 35948.726 | AH11: 35948.726 | AI11: 35948.726 | AJ11: 37626.35 | AK11: 37626.35 | AL11: 37626 | AM11: 37626 | AN11: 37626 | AO11: 37626 | AP11: 37626 | AQ11: 37626 | AR11: 37626 | AS11: 37626 | AT11: 37626 | AU11: 37626 | AV11: 37626 | AW11: 37626 | AX11: 37626 | AY11: 37626 | AZ11: 37626 | BA11: 37626 | BB11: 37626 | BC11: 37626 | BD11: 37626 | BE11: 37626 | BF11: 37626 | BG11: 37626 | BH11: 37626 | BI11: 37626 | BJ11: 37626 | BK11: 37626 | BL11: 37626 | BM11: 37626 | BN11: 37626 | BO11: 37626 | BP11: 37626 | BQ11: 37626 | BR11: 37626 | BS11: 37626 | BT11: 37626 | BU11: 37626 | BV11: 37626 | BW11: 37626 | BX11: 37626 | BY11: 37626 | BZ11: 37626 | CA11: 37626 | CB11: 37626 | CD11: ẩn | CF11: DTR-Giá EXW rHD xuất xưởng | CW11: 35948.726 | CX11: 35948.726 | CY11: 35948.726 | CZ11: 35948.726 | DA11: 37626 | DB11: 37626 | DC11: 37626 | DD11: 37626 | DE11: 37626 | DF11: 37626 | DG11: 37626 | DH11: 37626 | DI11: 37626 | DJ11: 37626 | DK11: 37626 | DL11: 37626 | DM11: 37626 | DN11: 37626 | DO11: 37626 | DP11: 37626 | DQ11: 37626 | DR11: 37626 | DS11: 37626 | DT11: 37626 | DU11: 37626 | DV11: =DV9*DV4/1000 -> 36720 | DW11: =DW9*DW4/1000 -> 36720 | DX11: =DX9*DX4/1000 -> 36720 | DY11: =DY9*DY4/1000 -> 36720 | DZ11: =DZ9*DZ4/1000 -> 36720 | EA11: =EA9*EA4/1000 -> 36720 | EB11: =EB9*EB4/1000 -> 36720 | EC11: =EC9*EC4/1000 -> 36720 | ... KJ11: =KJ9*KJ4/1000 -> 0
F12: Tỷ lệ % lãi gộp Vảy /Giá EXW | H12: Tỷ lệ % lãi gộp Vảy /Giá EXW | I12: =1-I7/I9 -> 0.38066858 | J12: =1-J7/J9 -> 0.38034734 | K12: =1-K7/K9 -> 0.35031695 | L12: =1-L7/L9 -> 0.35177352 | M12: =1-M7/M9 -> 0.3219158 | N12: =1-N7/N9 -> 0.32062756 | O12: =1-O7/O9 -> 0.32006976 | P12: =1-P7/P9 -> 0.32065689 | ... CB12: =1-CB7/CB9 -> #DIV/0! | CF12: Tỷ lệ % lãi gộp Vảy /Giá EXW | CW12: =1-CW7/CW9 -> 0.37421777 | CX12: =1-CX7/CX9 -> 0.37421777 | CY12: =1-CY7/CY9 -> 0.37421777 | CZ12: =1-CZ7/CZ9 -> 0.37421777 | DA12: =1-DA7/DA9 -> 0.4021999 | DB12: =1-DB7/DB9 -> 0.4021999 | DC12: =1-DC7/DC9 -> 0.4021999 | DD12: =1-DD7/DD9 -> 0.4021999 | ... KJ12: =1-KJ7/KJ9 -> #DIV/0!
B13: 110000339 | C13: Hạt nhựa rHDPE MBF01 | D13: MBF01 | E13: DTR-Giá FOB cảng HCM | F13: DTR-Giá FOB rHD cảng HCM | G13: $ /tấn | H13: "FOB-DTR" | I13: =I9+20 -> 1450 | J13: =J9+20 -> 1450 | K13: =K9+20 -> 1450 | L13: =L9+20 -> 1450 | M13: =M9+20 -> 1450 | N13: =N9+20 -> 1450 | O13: =O9+20 -> 1450 | P13: =P9+20 -> 1450 | ... AC13: =AC9+20 -> 1630 | AD13: =AD9+40 -> 1570 | AE13: =AE9+40 -> 1570 | AF13: =AF9+40 -> 1570 | AG13: =AG9+40 -> 1570 | AH13: =AH9+40 -> 1570 | AI13: =AI9+40 -> 1570 | AJ13: =AJ9+40 -> 1570 | AK13: =AK9+40 -> 1570 | ... CB13: =CB9+40 -> 1470 | CD13: MBF01 | CE13: DTR-Giá FOB cảng HCM | CF13: "FOB-DTR" | CG13: 1630 | CH13: 1630 | CI13: 1630 | CJ13: 1630 | CK13: 1630 | CL13: 1630 | CM13: 1630 | CN13: 1630 | CO13: 1630 | CP13: 1630 | CQ13: 1630 | CR13: 1630 | CS13: 1570 | CT13: 1570 | CU13: 1570 | CV13: 1570 | CW13: =CW9+40 -> 1570 | CX13: =CX9+40 -> 1570 | CY13: =CY9+40 -> 1570 | CZ13: =CZ9+40 -> 1570 | DA13: =DA9+40 -> 1570 | DB13: =DB9+40 -> 1570 | DC13: =DC9+40 -> 1570 | DD13: =DD9+40 -> 1570 | ... DI13: =DI9+40 -> 1440 | DJ13: =DJ9+25 -> 1425 | DK13: =DK9+25 -> 1425 | DL13: =DL9+25 -> 1425 | DM13: =DM9+25 -> 1425 | DN13: =DN9+25 -> 1425 | DO13: =DO9+25 -> 1425 | DP13: =DP9+25 -> 1425 | DQ13: =DQ9+25 -> 1425 | ... KJ13: =KJ9+25 -> 25
D14: ẩn | F14: DTR-Giá FOB rHD xuất xưởng | G14: đồng /kg | H14: DTR-Giá FOB rHD xuất xưởng | W14: =W13*23100/1000 -> 36498 | X14: =X13*23108/1000 -> 37666.04 | Y14: =Y13*23108/1000 -> 37666.04 | Z14: =Z13*Z4/1000 -> 37734.5 | AC14: =AC13*AC4/1000 -> 37734.5 | AD14: =AD13*AD4/1000 -> 36895 | AE14: =AE13*AE4/1000 -> 36895 | AF14: =AF13*AF4/1000 -> 36895 | AG14: =AG13*AG4/1000 -> 36895 | AH14: =AH13*AH4/1000 -> 36895 | AI14: =AI13*AI4/1000 -> 36895 | AJ14: =AJ13*AJ4/1000 -> 38622 | ... AM14: =AM13*AM4/1000 -> 34560 | CD14: ẩn | CF14: DTR-Giá FOB rHD xuất xưởng | CW14: =CW13*CW4/1000 -> 36895 | CX14: =CX13*CX4/1000 -> 36895 | CY14: =CY13*CY4/1000 -> 36895 | CZ14: =CZ13*CZ4/1000 -> 36895 | DA14: =DA13*DA4/1000 -> 38622 | DB14: =DB13*DB4/1000 -> 38622 | DC14: =DC13*DC4/1000 -> 38622 | DD14: =DD13*DD4/1000 -> 38622 | ... DS14: =DS13*DS4/1000 -> 34200
D15: ICIS | E15: Giá CIF_ĐNÁ rHDPE ($ /tấn) | F15: Giá Dafon CIF_ĐNÁ rHD | G15: $ /tấn | H15: Giá Dafon CIF_ĐNÁ rHD | I15: 1470 | J15: 1480 | K15: 1480 | L15: 1595 | M15: 1595 | N15: 1595 | O15: 1595 | P15: 1595 | Q15: 1595 | R15: 1595 | S15: 1595 | T15: 1660 | U15: 1675 | V15: 1675 | W15: 1675 | X15: 1675 | Y15: 1650 | Z15: 1735 | AC15: 1735 | AD15: 1735 | AE15: 1735 | AF15: 1735 | AG15: 1735 | AH15: 1735 | AI15: 1735 | AJ15: 1735 | AK15: 1735 | AL15: 1735 | AM15: 1735 | CD15: ICIS | CE15: Giá CIF_ĐNÁ rHDPE ($ /tấn) | CF15: Giá Dafon CIF_ĐNÁ rHD | CW15: 1735 | CX15: 1735 | CY15: 1735 | CZ15: 1735 | DA15: 1735 | DB15: 1735 | DC15: 1735 | DD15: 1735 | DE15: 1735 | DF15: 1735 | DG15: 1735 | DH15: 1735 | DI15: 1735 | DJ15: 1735 | DK15: 1735 | DL15: 1735 | DM15: 1735 | DN15: 1735 | DO15: 1735 | DP15: 1735 | DQ15: 1735 | DR15: 1735 | DS15: 1735
A16: 9 | D16: ICIS | E16: ICIS giá rPET ($ /tấn) | F16: ICIS FOB ĐNA - Giá trung bình | G16: $ /tấn | H16: ICIS | P16: 1300 | Q16: 1300 | R16: 1350 | T16: 1279 | U16: 1313 | V16: 1302 | W16: 1360 | X16: 1397 | Y16: 1425 | Z16: 1493 | AA16: 1473 | AB16: 1474 | AC16: 1486 | AD16: =(1407+1550)/2 -> 1478.5 | AE16: 1480 | AF16: 1461 | AG16: 1461 | AH16: 1444 | AI16: 1431.5 | AJ16: 1431.5 | AK16: =+SUM(DE16:DI16)/5 -> 1350.5 | AL16: =+SUM(DJ16:DM16)/4 -> 1261.125 | AM16: =+SUM(DN16:DQ16)/4 -> 1247.5 | AN16: =+SUM(DR16:DU16)/COUNT(DR16:DU16) -> 1236.875 | AO16: =+SUM(DV16:DY16)/COUNT(DV16:DY16) -> 1208.75 | AP16: =+SUM(DZ16:ED16)/COUNT(DZ16:ED16) -> 1207.4 | AQ16: =+SUM(EE16:EH16)/COUNT(EE16:EH16) -> 1115.375 | AR16: =+SUM(EI16:EL16)/COUNT(EI16:EL16) -> 1105 | AS16: =+SUM(EM16:EQ16)/COUNT(EM16:EQ16) -> 1085 | AT16: =+SUM(ER16:EU16)/COUNT(ER16:EU16) -> 1083.75 | AU16: =+SUM(EV16:EY16)/COUNT(EV16:EY16) -> 1080 | AV16: =+SUM(EZ16:FC16)/COUNT(EZ16:FC16) -> 1080 | AW16: =+SUM(FD16:FH16)/COUNT(FD16:FH16) -> 1080 | AX16: =+SUM(FI16:FK16)/COUNT(FI16:FK16) -> 1113.3333 | AY16: =+SUM(FM16:FO16)/COUNT(FM16:FO16) -> 1153 | AZ16: =+SUM(FP16:FS16)/COUNT(FP16:FS16) -> 1209.625 | BA16: =+SUM(FT16:FW16)/COUNT(FT16:FW16) -> 1201.125 | BB16: =+SUM(FX16:GB16)/COUNT(FX16:GB16) -> 1188 | CD16: ICIS | CE16: ICIS giá rPET ($ /tấn) | CF16: ICIS | CG16: =+(1435+1550)/2 -> 1492.5 | CH16: =+(1409+1550)/2 -> 1479.5 | CI16: =+(1394+1550)/2 -> 1472 | CJ16: =+(1396+1550)/2 -> 1473 | CK16: =+(1398+1550)/2 -> 1474 | CL16: =+(1398+1550)/2 -> 1474 | CM16: =+(1402+1550)/2 -> 1476 | CN16: =+(1402+1550)/2 -> 1476 | CO16: =+(1407+1550)/2 -> 1478.5 | CP16: =+(1408+1550)/2 -> 1479 | CQ16: =+(1421+1550)/2 -> 1485.5 | CR16: =+(1411+1550)/2 -> 1480.5 | CS16: =+(1412+1550)/2 -> 1481 | CT16: =+(1407+1550)/2 -> 1478.5 | CU16: =+(1416+1550)/2 -> 1483 | CV16: =+(1410+1550)/2 -> 1480 | CW16: 1461 | CX16: 1461 | CY16: 1444 | CZ16: 1431.5 | DA16: 1431.5 | DB16: =+(1363+1474)/2 -> 1418.5 | DC16: 1389 | DD16: =+(1300+1465)/2 -> 1382.5 | DE16: =+(1300+1465)/2 -> 1382.5 | DF16: =+(1300+1465)/2 -> 1382.5 | DG16: =+(1250+1400)/2 -> 1325 | DH16: =+(1250+1400)/2 -> 1325 | DI16: =+(1250+1425)/2 -> 1337.5 | DJ16: =+(1250+1425)/2 -> 1337.5 | DK16: =+(1100+1345)/2 -> 1222.5 | DL16: =+(1100+1356)/2 -> 1228 | DM16: =+(1100+1413)/2 -> 1256.5 | DN16: =+(1100+1408)/2 -> 1254 | DO16: =+(1100+1398)/2 -> 1249 | DP16: =+(1100+1387)/2 -> 1243.5 | DQ16: =+(1100+1387)/2 -> 1243.5 | DR16: =+(1100+1387)/2 -> 1243.5 | DS16: =+(1100+1367)/2 -> 1233.5 | DT16: =+(1100+1366)/2 -> 1233 | DU16: =+(1100+1375)/2 -> 1237.5 | DV16: =+(1100+1375)/2 -> 1237.5 | DW16: =+(1100+1279)/2 -> 1189.5 | DX16: =+(1100+1279)/2 -> 1189.5 | DY16: =+(1150+1287)/2 -> 1218.5 | DZ16: =+(1150+1299)/2 -> 1224.5 | EA16: =+(1150+1293)/2 -> 1221.5 | EB16: =+(1110+1286)/2 -> 1198 | EC16: =+(1110+1283)/2 -> 1196.5 | ED16: =+(1110+1283)/2 -> 1196.5 | EE16: =+(1060+1233)/2 -> 1146.5 | EF16: =+(1060+1150)/2 -> 1105 | EG16: =+(1060+1150)/2 -> 1105 | EH16: =+(1060+1150)/2 -> 1105 | EI16: =+(1060+1150)/2 -> 1105 | EJ16: =+(1060+1150)/2 -> 1105 | EK16: =+(1060+1150)/2 -> 1105 | EL16: =+(1060+1150)/2 -> 1105 | EM16: =+(1060+1110)/2 -> 1085 | EN16: =+(1060+1110)/2 -> 1085 | EO16: =+(1060+1110)/2 -> 1085 | EP16: 1085 | EQ16: 1085 | ER16: 1085 | ES16: 1085 | ET16: 1085 | EU16: 1080 | EV16: 1080 | EW16: 1080 | EX16: 1080 | EY16: 1080 | EZ16: 1080 | FA16: 1080 | FB16: 1080 | FC16: 1080 | FD16: 1080 | FE16: 1080 | FF16: 1080 | FG16: 1080 | FH16: 1080 | FI16: 1080 | FJ16: 1130 | FK16: 1130 | FL16: 1130 | FM16: 1130 | FN16: 1130 | FO16: 1199 | FP16: 1211 | FQ16: 1214 | FR16: 1208 | FS16: 1205.5 | FT16: 1205.5 | FU16: 1205.5 | FV16: 1205.5 | FW16: 1188 | FX16: 1188
A17: 9 | D17: ICIS | E17: ICIS giá rPET ($ /tấn) | F17: ICIS FOB ĐNA - Giá Cao | G17: $ /tấn | H17: ICIS FOB ĐNA - Giá Cao | P17: 1400 | Q17: 1500 | R17: 1500 | T17: 1389 | U17: 1450 | V17: 1454 | W17: 1530 | X17: 1570 | Y17: 1555 | Z17: 1550 | AA17: 1550 | AB17: 1550 | AC17: 1550 | AD17: 1550 | AE17: 1550 | AF17: 1533 | AG17: 1507 | AH17: 1507 | AI17: 1491 | AJ17: 1491 | AK17: =+SUM(DE17:DI17)/5 -> 1431 | AL17: =+SUM(DJ17:DM17)/4 -> 1384.75 | AM17: =+SUM(DN17:DQ17)/4 -> 1395 | AN17: =+SUM(DR17:DU17)/COUNT(DR17:DU17) -> 1373.75 | AO17: =+SUM(DV17:DY17)/COUNT(DV17:DY17) -> 1305 | AP17: =+SUM(DZ17:ED17)/COUNT(DZ17:ED17) -> 1288.8 | AQ17: =+SUM(EE17:EH17)/COUNT(EE17:EH17) -> 1170.75 | AR17: =+SUM(EI17:EL17)/COUNT(EI17:EL17) -> 1150 | AS17: =+SUM(EM17:EQ17)/COUNT(EM17:EQ17) -> 1110 | AT17: =+SUM(ER17:EU17)/COUNT(ER17:EU17) -> 1107.5 | AU17: =+SUM(EV17:EY17)/COUNT(EV17:EY17) -> 1100 | AV17: =+SUM(EZ17:FC17)/COUNT(EZ17:FC17) -> 1100 | AW17: =+SUM(FD17:FH17)/COUNT(FD17:FH17) -> 1100 | AX17: =+SUM(FI17:FK17)/COUNT(FI17:FK17) -> 1166.6667 | AY17: =+SUM(FM17:FO17)/COUNT(FM17:FO17) -> 1223 | AZ17: =+SUM(FP17:FS17)/COUNT(FP17:FS17) -> 1268.5 | BA17: =+SUM(FT17:FW17)/COUNT(FT17:FW17) -> 1252.25 | BB17: =+SUM(FX17:GB17)/COUNT(FX17:GB17) -> 1226 | CD17: ICIS | CE17: ICIS giá rPET ($ /tấn) | CF17: ICIS FOB ĐNA - Giá Cao | CG17: 1550 | CH17: 1550 | CI17: 1550 | CJ17: 1550 | CK17: 1550 | CL17: 1550 | CM17: 1550 | CN17: 1550 | CO17: 1550 | CP17: 1550 | CQ17: 1550 | CR17: 1550 | CS17: 1550 | CT17: 1550 | CU17: 1550 | CV17: 1550 | CW17: 1533 | CX17: 1507 | CY17: 1507 | CZ17: 1491 | DA17: 1491 | DB17: 1474 | DC17: 1478 | DD17: 1465 | DE17: 1465 | DF17: 1465 | DG17: 1400 | DH17: 1400 | DI17: 1425 | DJ17: 1425 | DK17: 1345 | DL17: 1356 | DM17: 1413 | DN17: 1408 | DO17: 1398 | DP17: 1387 | DQ17: 1387 | DR17: 1387 | DS17: 1367 | DT17: 1366 | DU17: 1375 | DV17: 1375 | DW17: 1279 | DX17: 1279 | DY17: 1287 | DZ17: 1299 | EA17: 1293 | EB17: 1286 | EC17: 1283 | ED17: 1283 | EE17: 1233 | EF17: 1150 | EG17: 1150 | EH17: 1150 | EI17: 1150 | EJ17: 1150 | EK17: 1150 | EL17: 1150 | EM17: 1110 | EN17: 1110 | EO17: 1110 | EP17: 1110 | EQ17: 1110 | ER17: 1110 | ES17: 1110 | ET17: 1110 | EU17: 1100 | EV17: 1100 | EW17: 1100 | EX17: 1100 | EY17: 1100 | EZ17: 1100 | FA17: 1100 | FB17: 1100 | FC17: 1100 | FD17: 1100 | FE17: 1100 | FF17: 1100 | FG17: 1100 | FH17: 1100 | FI17: 1100 | FJ17: 1200 | FK17: 1200 | FL17: 1200 | FM17: 1200 | FN17: 1200 | FO17: 1269 | FP17: 1269 | FQ17: 1278 | FR17: 1266 | FS17: 1261 | FT17: 1261 | FU17: 1261 | FV17: 1261 | FW17: 1226 | FX17: 1226
F18: Dafon FOB (personal care) | H18: Dafon FOB (personal care) | U18: 1575 | V18: 1575 | W18: 1575 | X18: 1575 | Y18: 1560 | Z18: 1655 | AA18: 1655 | AB18: 1655 | AC18: 1645 | AD18: 1645 | AE18: 1655 | AF18: 1624 | AG18: 1624 | AH18: 1624 | AI18: 1624 | AJ18: 1624 | AK18: =AK19+100 -> 1593.4 | AL18: =AL19+100 -> 1534.75 | AM18: =AM19+100 -> 1522 | AN18: =AN19+100 -> 1522 | AO18: =AO19+100 -> 1522 | AP18: =+SUM(DZ18:ED18)/COUNT(DZ18:ED18) -> 1516.8 | AQ18: =+SUM(EE18:EH18)/COUNT(EE18:EH18) -> 1496 | AR18: =+SUM(EI18:EL18)/COUNT(EI18:EL18) -> 1496 | AS18: =+SUM(EM18:EQ18)/COUNT(EM18:EQ18) -> 1496 | AT18: =+SUM(ER18:EU18)/COUNT(ER18:EU18) -> 1496 | AU18: =+SUM(EV18:EY18)/COUNT(EV18:EY18) -> 1477.25 | AV18: =+SUM(EZ18:FC18)/COUNT(EZ18:FC18) -> 1471 | AW18: =+SUM(FD18:FH18)/COUNT(FD18:FH18) -> 1460.6 | AX18: =+SUM(FI18:FK18)/COUNT(FI18:FK18) -> 1422 | AY18: =+SUM(FM18:FO18)/COUNT(FM18:FO18) -> 1404.6667 | AZ18: =+SUM(FP18:FS18)/COUNT(FP18:FS18) -> 1396 | BA18: =+SUM(FT18:FW18)/COUNT(FT18:FW18) -> 1406 | BB18: =+SUM(FX18:GB18)/COUNT(FX18:GB18) -> 1406 | BC18: =+SUM(GC18:GF18)/COUNT(GC18:GF18) -> 1398.5 | BD18: =+SUM(GG18:GJ18)/COUNT(GG18:GJ18) -> 1396 | BE18: =+SUM(GK18:GO18)/COUNT(GK18:GO18) -> 1416 | BF18: =+SUM(GP18:GS18)/COUNT(GP18:GS18) -> 1437 | BG18: =+SUM(GT18:GW18)/COUNT(GT18:GW18) -> 1437 | BH18: =+SUM(GX18:HB18)/COUNT(GX18:HB18) -> 1435.2 | BI18: =+SUM(HB18:HF18)/COUNT(HB18:HF18) -> 1434 | BJ18: =+SUM(HG18:HJ18)/COUNT(HG18:HJ18) -> 1424.25 | BK18: =+SUM(HK18:HN18)/COUNT(HK18:HN18) -> 1414.5 | BL18: =+SUM(HO18:HR18)/COUNT(HO18:HR18) -> 1405.5 | BM18: =+SUM(HS18:HV18)/COUNT(HS18:HV18) -> 1398 | BN18: =+SUM(HW18:IA18)/COUNT(HW18:IA18) -> 1398 | BO18: =+SUM(IB18:IE18)/COUNT(IB18:IE18) -> 1398 | BP18: =+SUM(IF18:IJ18)/COUNT(IF18:IJ18) -> 1398 | BQ18: =+SUM(IK18:IN18)/COUNT(IK18:IN18) -> 1279 | BR18: =+SUM(IO18:IR18)/COUNT(IO18:IR18) -> 1160 | BS18: =+SUM(IS18:IW18)/COUNT(IS18:IW18) -> 1160 | BT18: =+SUM(IX18:JA18)/COUNT(IX18:JA18) -> 1160 | BU18: =+SUM(JB18:JE18)/COUNT(JB18:JE18) -> 1170 | BV18: =+SUM(JF18:JJ18)/COUNT(JF18:JJ18) -> 1158 | BW18: 1150 | BX18: =+SUM(JO18:JR18)/COUNT(JO18:JR18) -> 1170 | BY18: =+SUM(JS18:JW18)/COUNT(JS18:JW18) -> 1314 | BZ18: =+SUM(JX18:KA18)/COUNT(JX18:KA18) -> 1350 | CA18: =+SUM(KB18:KE18)/COUNT(KB18:KE18) -> 1355 | CB18: =+SUM(KF18:KJ18)/COUNT(KF18:KJ18) -> 1350 | CD18: Anh 12 | CE18: Giá FOB_ĐNÁ rHDPE ($ /tấn) | CF18: Dafon FOB (personal care) | DF18: =DF19+100 -> 1624 | DG18: =DG19+100 -> 1573 | DH18: =DH19+100 -> 1573 | DI18: =DI19+100 -> 1573 | DJ18: =DJ19+100 -> 1573 | DK18: =DK19+100 -> 1522 | DL18: =DL19+100 -> 1522 | DM18: =DM19+100 -> 1522 | ... EC18: =EC19+100 -> 1522 | ED18: 1496 | EE18: 1496 | EF18: 1496 | EG18: 1496 | EH18: 1496 | EI18: 1496 | EJ18: 1496 | EK18: 1496 | EL18: 1496 | EM18: 1496 | EN18: 1496 | EO18: 1496 | EP18: 1496 | EQ18: 1496 | ER18: 1496 | ES18: 1496 | ET18: 1496 | EU18: 1496 | EV18: 1496 | EW18: 1471 | EX18: 1471 | EY18: 1471 | EZ18: 1471 | FA18: 1471 | FB18: 1471 | FC18: 1471 | FD18: 1471 | FE18: 1458 | FF18: 1458 | FG18: 1458 | FH18: 1458 | FI18: 1422 | FJ18: 1422 | FK18: 1422 | FL18: 1422 | FM18: 1422 | FN18: 1396 | FO18: 1396 | FP18: 1396 | FQ18: 1396 | FR18: 1396 | FS18: 1396 | FT18: 1406 | FU18: 1406 | FV18: 1406 | FW18: 1406 | FX18: 1406 | FY18: 1406 | FZ18: 1406 | GA18: 1406 | GB18: 1406 | GC18: 1406 | GD18: 1396 | GE18: 1396 | GF18: 1396 | GG18: 1396 | GH18: 1396 | GI18: 1396 | GJ18: 1396 | GK18: 1416 | GL18: 1416 | GM18: 1416 | GN18: 1416 | GO18: 1416 | GP18: 1437 | GQ18: 1437 | GR18: 1437 | GS18: 1437 | GT18: 1437 | GU18: 1437 | GV18: 1437 | GW18: 1437 | GX18: 1437 | GY18: 1437 | GZ18: 1434 | HA18: 1434 | HB18: 1434 | HC18: 1434 | HD18: 1434 | HE18: 1434 | HF18: 1434 | HG18: 1434 | HH18: 1421 | HI18: 1421 | HJ18: 1421 | HK18: 1421 | HL18: 1421 | HM18: 1408 | HN18: 1408 | HO18: 1408 | HP18: 1408 | HQ18: 1408 | HR18: 1398 | HS18: 1398 | HT18: 1398 | HU18: 1398 | HV18: 1398 | HW18: 1398 | HX18: 1398 | HY18: 1398 | HZ18: 1398 | IA18: 1398 | IB18: 1398 | IC18: 1398 | ID18: 1398 | IE18: 1398 | IF18: 1398 | IG18: 1398 | IH18: 1398 | II18: 1398 | IJ18: 1398 | IK18: 1398 | IL18: 1398 | IM18: 1160 | IN18: 1160 | IO18: 1160 | IP18: 1160 | IQ18: 1160 | IR18: 1160 | IS18: 1160 | IT18: 1160 | IU18: 1160 | IV18: 1160 | IW18: 1160 | IX18: 1160 | IY18: 1160 | IZ18: 1160 | JA18: 1160 | JB18: 1170 | JC18: 1170 | JD18: 1170 | JE18: 1170 | JF18: 1170 | JG18: 1170 | JH18: 1150 | JI18: 1150 | JJ18: 1150 | JK18: 1150 | JL18: 1150 | JM18: 1150 | JN18: 1150 | JO18: 1170 | JP18: 1170 | JQ18: 1170 | JR18: 1170 | JS18: 1170 | JT18: 1350 | JU18: 1350 | JV18: 1350 | JW18: 1350 | JX18: 1350 | JY18: 1350 | JZ18: 1350 | KA18: 1350 | KB18: 1360 | KC18: 1360 | KD18: 1350 | KE18: 1350 | KF18: 1350 | KG18: 1350
D19: Anh 12 | E19: Giá FOB_ĐNÁ rHDPE ($ /tấn) | F19: Dafon FOB (Home care) | G19: $ /tấn | H19: Giá Dafon FOB Taiwan | I19: =I15-100 -> 1370 | J19: =J15-100 -> 1380 | K19: =K15-100 -> 1380 | L19: =L15-100 -> 1495 | M19: =M15-100 -> 1495 | N19: =N15-100 -> 1495 | O19: =O15-100 -> 1495 | P19: =P15-100 -> 1495 | ... T19: =T15-100 -> 1560 | U19: =U18-100 -> 1475 | V19: =V18-100 -> 1475 | W19: =W18-100 -> 1475 | X19: =X18-100 -> 1475 | Y19: =Y18-100 -> 1460 | Z19: =Z18-100 -> 1555 | AA19: =AA18-100 -> 1555 | AB19: =AB18-100 -> 1555 | ... AJ19: =AJ18-100 -> 1524 | AK19: =+SUM(DE19:DI19)/5 -> 1493.4 | AL19: =+SUM(DJ19:DM19)/4 -> 1434.75 | AM19: =+SUM(DN19:DQ19)/4 -> 1422 | AN19: =+SUM(DR19:DU19)/COUNT(DR19:DU19) -> 1422 | AO19: =+SUM(DV19:DY19)/COUNT(DV19:DY19) -> 1422 | AP19: =+SUM(DZ19:ED19)/COUNT(DZ19:ED19) -> 1416.8 | AQ19: =+SUM(EE19:EH19)/COUNT(EE19:EH19) -> 1396 | AR19: =+SUM(EI19:EL19)/COUNT(EI19:EL19) -> 1396 | AS19: =+SUM(EM19:EQ19)/COUNT(EM19:EQ19) -> 1396 | AT19: =+SUM(ER19:EU19)/COUNT(ER19:EU19) -> 1396 | AU19: =+SUM(EV19:EY19)/COUNT(EV19:EY19) -> 1377.25 | AV19: =+SUM(EZ19:FC19)/COUNT(EZ19:FC19) -> 1371 | AW19: =+SUM(FD19:FH19)/COUNT(FD19:FH19) -> 1360.6 | AX19: =+SUM(FI19:FK19)/COUNT(FI19:FK19) -> 1322 | AY19: =+SUM(FM19:FO19)/COUNT(FM19:FO19) -> 1304.6667 | AZ19: =+SUM(FP19:FS19)/COUNT(FP19:FS19) -> 1296 | BA19: =+SUM(FT19:FW19)/COUNT(FT19:FW19) -> 1306 | BB19: =+SUM(FX19:GB19)/COUNT(FX19:GB19) -> 1306 | BC19: =+SUM(GC19:GF19)/COUNT(GC19:GF19) -> 1298.5 | BD19: =+SUM(GG19:GJ19)/COUNT(GG19:GJ19) -> 1296 | BE19: =+SUM(GK19:GO19)/COUNT(GK19:GO19) -> 1316 | BF19: =+SUM(GP19:GS19)/COUNT(GP19:GS19) -> 1337 | BG19: =+SUM(GT19:GW19)/COUNT(GT19:GW19) -> 1337 | BH19: =+SUM(GX19:HB19)/COUNT(GX19:HB19) -> 1335.2 | BI19: =+SUM(HB19:HF19)/COUNT(HB19:HF19) -> 1334 | BJ19: =+SUM(HG19:HJ19)/COUNT(HG19:HJ19) -> 1324.25 | BK19: =+SUM(HK19:HN19)/COUNT(HK19:HN19) -> 1314.5 | BL19: =+SUM(HO19:HR19)/COUNT(HO19:HR19) -> 1305.5 | BM19: =+SUM(HS19:HV19)/COUNT(HS19:HV19) -> 1298 | BN19: =+SUM(HW19:IA19)/COUNT(HW19:IA19) -> 1298 | BO19: =+SUM(IB19:IE19)/COUNT(IB19:IE19) -> 1298 | BP19: =+SUM(IF19:IJ19)/COUNT(IF19:IJ19) -> 1298 | BQ19: =+SUM(IK19:IN19)/COUNT(IK19:IN19) -> 1179 | BR19: =+SUM(IO19:IR19)/COUNT(IO19:IR19) -> 1060 | BS19: =+SUM(IS19:IW19)/COUNT(IS19:IW19) -> 1060 | BT19: =+SUM(IX19:JA19)/COUNT(IX19:JA19) -> 1060 | BU19: =+SUM(JB19:JE19)/COUNT(JB19:JE19) -> 1070 | BV19: =+SUM(JF19:JJ19)/COUNT(JF19:JJ19) -> 1058 | BW19: 1050 | BX19: =+SUM(JO19:JR19)/COUNT(JO19:JR19) -> 1070 | BY19: =+SUM(JS19:JW19)/COUNT(JS19:JW19) -> 1214 | BZ19: =+SUM(JX19:KA19)/COUNT(JX19:KA19) -> 1250 | CA19: =+SUM(KB19:KE19)/COUNT(KB19:KE19) -> 1255 | CB19: =CB18-100 -> 1250 | CD19: Anh 12 | CE19: Giá FOB_ĐNÁ rHDPE ($ /tấn) | CF19: Dafon FOB (Home care) | CG19: 1655 | CH19: 1655 | CI19: 1655 | CJ19: 1655 | CK19: 1655 | CL19: 1655 | CM19: 1655 | CN19: 1655 | CO19: 1645 | CP19: 1645 | CQ19: 1645 | CR19: 1645 | CS19: 1655 | CT19: 1655 | CU19: 1655 | CV19: 1655 | CW19: 1624 | CX19: 1624 | CY19: 1624 | CZ19: 1624 | DA19: 1624 | DB19: =1624-100 -> 1524 | DC19: =1624-100 -> 1524 | DD19: =1624-100 -> 1524 | DE19: =1624-100 -> 1524 | DF19: =1624-100 -> 1524 | DG19: =1573-100 -> 1473 | DH19: =1573-100 -> 1473 | DI19: =1573-100 -> 1473 | DJ19: =1573-100 -> 1473 | DK19: =1522-100 -> 1422 | DL19: =1522-100 -> 1422 | DM19: =1522-100 -> 1422 | DN19: =1522-100 -> 1422 | DO19: =1522-100 -> 1422 | DP19: =1522-100 -> 1422 | DQ19: =1522-100 -> 1422 | DR19: =1522-100 -> 1422 | ... EC19: =1522-100 -> 1422 | ED19: 1396 | EE19: 1396 | EF19: 1396 | EG19: 1396 | EH19: =EH18-100 -> 1396 | EI19: =EI18-100 -> 1396 | EJ19: =EJ18-100 -> 1396 | EK19: =EK18-100 -> 1396 | EL19: =EL18-100 -> 1396 | EM19: =EM18-100 -> 1396 | EN19: =EN18-100 -> 1396 | EO19: =EO18-100 -> 1396 | ... KG19: =KG18-100 -> 1250
CD20: Anh 12 | CF20: Kingfa (không màu) | KC20: =1280+5 -> 1285 | KD20: =1280+5 -> 1285 | KE20: =1280+5 -> 1285 | KF20: =1280+5 -> 1285 | KG20: =1305+5 -> 1310
CD21: Anh 12 | CF21: Kingfa ( màu trắng) | KC21: =1174+5 -> 1179 | KD21: =1174+5 -> 1179 | KE21: =1174+5 -> 1179 | KF21: =1174+5 -> 1179 | KG21: =1197+5 -> 1202
D22: Anh 12 | F22: RESIN | G22: $ /tấn | H22: RESIN | S22: 1260 | T22: 1260 | U22: 1185 | V22: 1297.5 | W22: 1386 | X22: 1390 | Y22: 1320 | Z22: 1327 | AA22: 1248 | AB22: 1230 | AC22: 1130 | AD22: 1130 | AE22: 1105 | AF22: 1105 | AG22: 1105 | AH22: 1105 | AI22: 1065 | AJ22: 1065 | AK22: =+SUM(DE22:DI22)/5 -> 1002 | AL22: =+SUM(DJ22:DM22)/4 -> 1017.5 | AM22: =+SUM(DN22:DQ22)/4 -> 1092.5 | AN22: =+SUM(DR22:DU22)/COUNT(DR22:DU22) -> 1072.5 | AO22: =+SUM(DV22:DY22)/COUNT(DV22:DY22) -> 1050 | AP22: =+SUM(DZ22:ED22)/COUNT(DZ22:ED22) -> 1044 | AQ22: =+SUM(EE22:EH22)/COUNT(EE22:EH22) -> 970 | AR22: =+SUM(EI22:EL22)/COUNT(EI22:EL22) -> 960 | AS22: =+SUM(EM22:EQ22)/COUNT(EM22:EQ22) -> 1008 | AT22: =+SUM(ER22:EU22)/COUNT(ER22:EU22) -> 1027.5 | AU22: =+SUM(EV22:EY22)/COUNT(EV22:EY22) -> 1020 | AV22: =+SUM(EZ22:FC22)/COUNT(EZ22:FC22) -> 955 | AW22: =+SUM(FD22:FH22)/COUNT(FD22:FH22) -> 928 | AX22: =+SUM(FI22:FK22)/COUNT(FI22:FK22) -> 940 | AY22: =+SUM(FM22:FO22)/COUNT(FM22:FO22) -> 993.33333 | AZ22: =+SUM(FP22:FS22)/COUNT(FP22:FS22) -> 985 | BA22: =+SUM(FT22:FW22)/COUNT(FT22:FW22) -> 962.5 | BB22: =+SUM(FX22:GB22)/COUNT(FX22:GB22) -> 982 | BC22: =+SUM(GC22:GF22)/COUNT(GC22:GF22) -> 1000 | BD22: =+SUM(GG22:GJ22)/COUNT(GG22:GJ22) -> 1000 | BE22: =+SUM(GK22:GO22)/COUNT(GK22:GO22) -> 984 | BF22: =+SUM(GP22:GS22)/COUNT(GP22:GS22) -> 967.5 | BG22: =+SUM(GT22:GW22)/COUNT(GT22:GW22) -> 965 | BH22: =+SUM(GX22:HB22)/COUNT(GX22:HB22) -> 974 | BI22: =+SUM(HB22:HF22)/COUNT(HB22:HF22) -> 956 | BJ22: =+SUM(HG22:HJ22)/COUNT(HG22:HJ22) -> 940 | BK22: =+SUM(HK22:HN22)/COUNT(HK22:HN22) -> 918 | BL22: =+SUM(HO22:HR22)/COUNT(HO22:HR22) -> 896 | BM22: =+SUM(HS22:HV22)/COUNT(HS22:HV22) -> 891.5 | BN22: =+SUM(HW22:IA22)/COUNT(HW22:IA22) -> 864 | BO22: =+SUM(IB22:IE22)/COUNT(IB22:IE22) -> 833 | BP22: =+SUM(IF22:IJ22)/COUNT(IF22:IJ22) -> 833 | BQ22: =+SUM(IK22:IN22)/COUNT(IK22:IN22) -> 815 | BR22: =+SUM(IO22:IR22)/COUNT(IO22:IR22) -> 812.5 | BS22: =+SUM(IS22:IW22)/COUNT(IS22:IW22) -> 805 | BT22: =+SUM(IX22:JA22)/COUNT(IX22:JA22) -> 805 | BU22: =+SUM(JB22:JE22)/COUNT(JB22:JE22) -> 802.5 | BV22: =+SUM(JF22:JJ22)/COUNT(JF22:JJ22) -> 800 | BW22: =+SUM(JK22:JN22)/COUNT(JK22:JN22) -> 800 | BX22: =+SUM(JO22:JR22)/COUNT(JO22:JR22) -> 1331.25 | BY22: =+SUM(JS22:JW22)/COUNT(JS22:JW22) -> 1590 | BZ22: =+SUM(JX22:KA22)/COUNT(JX22:KA22) -> 1500 | CA22: =+SUM(KB22:KE22)/COUNT(KB22:KE22) -> 1320 | CB22: =+SUM(KF22:KJ22)/COUNT(KF22:KJ22) -> 1213 | CD22: Anh 12 | CF22: RESIN | CG22: =+(1240+1400)/2 -> 1320 | CH22: =+(1240+1400)/2 -> 1320 | CI22: =+(1240+1400)/2 -> 1320 | CJ22: =+(1200+1370)/2 -> 1285 | CK22: =+(1180+1350)/2 -> 1265 | CL22: =+(1140+1320)/2 -> 1230 | CM22: =+(1120+1300)/2 -> 1210 | CN22: =+(1120+1300)/2 -> 1210 | CO22: =+(1020+1200)/2 -> 1110 | CP22: =+(1020+1200)/2 -> 1110 | CQ22: =+(1040+1220)/2 -> 1130 | CR22: =+(1040+1220)/2 -> 1130 | CS22: =+(1020+1150)/2 -> 1085 | CT22: =+(1040+1170)/2 -> 1105 | CU22: =+(1040+1170)/2 -> 1105 | CV22: =+(1040+1170)/2 -> 1105 | CW22: 1105 | CX22: 1105 | CY22: 1105 | CZ22: 1065 | DA22: 1065 | DB22: =+(950+1110)/2 -> 1030 | DC22: =+(950+1110)/2 -> 1030 | DD22: =+(950+1110)/2 -> 1030 | DE22: =+(920+1110)/2 -> 1015 | DF22: =+(920+1070)/2 -> 995 | DG22: =+(920+1070)/2 -> 995 | DH22: =+(920+1070)/2 -> 995 | DI22: =+(940+1080)/2 -> 1010 | DJ22: 940 | DK22: 1020 | DL22: 1030 | DM22: 1080 | DN22: 1100 | DO22: 1100 | DP22: 1090 | DQ22: 1080 | DR22: 1080 | DS22: 1070 | DT22: 1070 | DU22: 1070 | DV22: 1050 | DW22: 1050 | DX22: 1050 | DY22: 1050 | DZ22: 1050 | EA22: 1050 | EB22: 1050 | EC22: 1040 | ED22: 1030 | EE22: 1030 | EF22: 950 | EG22: 950 | EH22: 950 | EI22: 950 | EJ22: 950 | EK22: 970 | EL22: 970 | EM22: 1000 | EN22: 1000 | EO22: 1000 | EP22: 1020 | EQ22: 1020 | ER22: 1020 | ES22: 1030 | ET22: 1030 | EU22: 1030 | EV22: 1030 | EW22: 1030 | EX22: 1020 | EY22: 1000 | EZ22: 980 | FA22: 960 | FB22: 940 | FC22: 940 | FD22: 940 | FE22: 940 | FF22: 920 | FG22: 920 | FH22: 920 | FI22: 920 | FJ22: 950 | FK22: 950 | FL22: 970 | FM22: 980 | FN22: 1000 | FO22: 1000 | FP22: 1000 | FQ22: 980 | FR22: 980 | FS22: 980 | FT22: 960 | FU22: 960 | FV22: 960 | FW22: 970 | FX22: 970 | FY22: 980 | FZ22: 980 | GA22: 980 | GB22: 1000 | GC22: 1000 | GD22: 1000 | GE22: 1000 | GF22: 1000 | GG22: 1000 | GH22: 1000 | GI22: 1000 | GJ22: 1000 | GK22: 1000 | GL22: 1000 | GM22: 980 | GN22: 970 | GO22: 970 | GP22: 970 | GQ22: 970 | GR22: 970 | GS22: 960 | GT22: 960 | GU22: 960 | GV22: 960 | GW22: 980 | GX22: 980 | GY22: 980 | GZ22: 970 | HA22: 970 | HB22: 970 | HC22: 970 | HD22: 950 | HE22: 950 | HF22: 940 | HG22: 940 | HH22: 940 | HI22: 940 | HJ22: 940 | HK22: 940 | HL22: 940 | HM22: 896 | HN22: 896 | HO22: 896 | HP22: 896 | HQ22: 896 | HR22: 896 | HS22: 896 | HT22: 900 | HU22: 890 | HV22: 880 | HW22: 870 | HX22: 870 | HY22: 860 | HZ22: 860 | IA22: 860 | IB22: 833 | IC22: 833 | ID22: 833 | IE22: 833 | IF22: 833 | IG22: 833 | IH22: 833 | II22: 833 | IJ22: 833 | IK22: 815 | IL22: 815 | IM22: 815 | IN22: 815 | IO22: 815 | IP22: 815 | IQ22: 815 | IR22: 805 | IS22: 805 | IT22: 805 | IU22: 805 | IV22: 805 | IW22: 805 | IX22: 805 | IY22: 805 | IZ22: 805 | JA22: 805 | JB22: 805 | JC22: 805 | JD22: 800 | JE22: 800 | JF22: 800 | JG22: 800 | JH22: 800 | JI22: 800 | JJ22: 800 | JK22: 800 | JL22: 800 | JM22: 800 | JN22: 800 | JO22: =(950+1000)/2 -> 975 | JP22: 1350 | JQ22: 1450 | JR22: 1550 | JS22: 1550 | JT22: 1600 | JU22: 1600 | JV22: 1600 | JW22: 1600 | JX22: 1600 | JY22: 1500 | JZ22: 1470 | KA22: 1430 | KB22: 1400 | KC22: 1320 | KD22: 1280 | KE22: 1280 | KF22: 1213 | KG22: 1213
F23: Giá dự báo | H23: Giá dự báo | U23: =U22 -> 1185 | V23: =V22 -> 1297.5 | W23: =W22 -> 1386 | X23: =X22 -> 1390 | Y23: =Y22 -> 1320 | Z23: =Z22 -> 1327 | AA23: =AA22 -> 1248 | AB23: =AB22 -> 1230 | ... CB23: =CB22 -> 1213 | CF23: Giá dự báo | CV23: =CV22 -> 1105 | CW23: =CW22 -> 1105 | CX23: =CX22 -> 1105 | CY23: =CY22 -> 1105 | CZ23: =CZ22 -> 1065 | DA23: =DA22 -> 1065 | DB23: =DB22 -> 1030 | DC23: =DC22 -> 1030 | ... EG23: =EG22 -> 950 | EH23: =+EG23 -> 950 | EI23: =+EH23 -> 950 | EJ23: =+EI23+20 -> 970 | EK23: =+EJ23+20 -> 990 | EL23: =+EK23+20 -> 1010 | EM23: =+EL23+20 -> 1030 | EN23: =+EM23+20 -> 1050 | EO23: =+EN23+20 -> 1070 | EP23: =+EO23+20 -> 1090 | EQ23: =+EP23+20 -> 1110 | ... HF23: =+HE23+20 -> 2450
F24: Giá bán Unilever | H24: Giá bán Unilever | U24: 1360 | V24: 1360 | W24: 1360 | X24: 1360 | Y24: 1360 | Z24: 1360 | AA24: 1610 | AB24: 1610 | AC24: 1610 | AD24: 1610 | AE24: 1610 | AF24: 1610 | AG24: 1610 | AH24: 1610 | AI24: 1610 | AJ24: 1610 | AK24: 1610 | AL24: 1575 | AM24: 1575 | AN24: 1575 | AO24: 1530 | AP24: 1530 | AQ24: 1530 | AR24: 1530 | AS24: 1530 | AT24: 1530 | AU24: 1530 | AV24: 1530 | AW24: 1530 | AX24: 1500 | AY24: 1500 | AZ24: 1500 | BA24: 1430 | BB24: 1430 | BC24: 1430 | BD24: 1430 | BE24: 1430 | BF24: 1430 | BG24: 1430 | BH24: 1430 | BI24: 1430 | BJ24: 1430 | BK24: 1430 | BL24: 1350 | BM24: 1350 | BN24: 1350 | BO24: 1350 | BP24: 1380 | BQ24: 1380 | BR24: 1380 | BS24: 1380 | BT24: 1380 | BU24: 1380 | BV24: 1330 | BW24: 1330 | BX24: 1330 | BY24: 1265 | BZ24: 1265 | CA24: 1265 | CB24: 1506 | CF24: TTCP | CY24: =CY22 -> 1105 | CZ24: =CZ22 -> 1065 | DA24: =DA22 -> 1065 | DB24: =DB22 -> 1030 | DC24: =DC22 -> 1030 | DD24: =DD22 -> 1030 | DE24: =DE22 -> 1015 | DF24: =DF22 -> 995 | ... KJ24: =KJ22 -> 0
H25: TTCP | U25: =U23 -> 1185 | V25: =V23 -> 1297.5 | W25: =W23 -> 1386 | X25: =X23 -> 1390 | Y25: =Y23 -> 1320 | Z25: =Z23 -> 1327 | AA25: =AA23 -> 1248 | AB25: =AB23 -> 1230 | ... CB25: =CB23 -> 1213 | CF25: CL | CY25: =+CY9-CY24 -> 425 | CZ25: =+CZ9-CZ24 -> 465 | DA25: =+DA9-DA24 -> 465 | DB25: =+DB9-DB24 -> 500 | DC25: =+DC9-DC24 -> 500 | DD25: =+DD9-DD24 -> 500 | DE25: =+DE9-DE24 -> 515 | DF25: =+DF9-DF24 -> 535 | ... KJ25: =+KJ9-KJ24 -> 0
H26: CL | U26: =U9-U25 -> 345 | V26: =V9-V25 -> 232.5 | W26: =W9-W25 -> 174 | X26: =X9-X25 -> 220 | Y26: =Y9-Y25 -> 290 | Z26: =Z9-Z25 -> 283 | AA26: =AA9-AA25 -> 362 | AB26: =AB9-AB25 -> 380 | ... CB26: =CB9-CB25 -> 217 | CF26: % | CY26: =+CY25/CY24 -> 0.38461538 | CZ26: =+CZ25/CZ24 -> 0.43661972 | DA26: =+DA25/DA24 -> 0.43661972 | DB26: =+DB25/DB24 -> 0.48543689 | DC26: =+DC25/DC24 -> 0.48543689 | DD26: =+DD25/DD24 -> 0.48543689 | DE26: =+DE25/DE24 -> 0.50738916 | DF26: =+DF25/DF24 -> 0.53768844 | ... KJ26: =+KJ25/KJ24 -> #DIV/0!
H27: % | U27: =U26/U25 -> 0.29113924 | V27: =V26/V25 -> 0.17919075 | W27: =W26/W25 -> 0.12554113 | X27: =X26/X25 -> 0.15827338 | Y27: =Y26/Y25 -> 0.21969697 | Z27: =Z26/Z25 -> 0.213263 | AA27: =AA26/AA25 -> 0.2900641 | AB27: =AB26/AB25 -> 0.30894309 | ... CB27: =CB26/CB25 -> 0.1788953 | CF27: Điểm hòa vốn | CY27: 1264 | CZ27: 1390 | DA27: 1374 | DB27: 1374 | DC27: 1374 | DD27: 1374 | DE27: 1374 | DF27: 1374 | DG27: 1374 | DH27: 1374 | DI27: 1374 | DJ27: 1377 | DK27: 1377 | DL27: 1377 | DM27: 1377 | DN27: 1377 | DO27: 1377 | DP27: 1377 | DQ27: 1377 | DR27: 1377 | DS27: 1377 | DT27: 1377 | DU27: 1377 | DV27: 1377 | DW27: 1377 | DX27: 1377 | DY27: 1377 | DZ27: 1377 | EA27: 1377 | EB27: 1377 | EC27: 1377 | ED27: 1377 | EE27: 1377 | EF27: 1310 | EG27: 1310 | EH27: 1310 | EI27: 1310 | EJ27: 1310 | EK27: 1310 | EL27: 1310 | EM27: 1310 | EN27: 1310 | EO27: 1310 | EP27: 1310 | EQ27: 1310 | ER27: 1310 | ES27: 1310 | ET27: 1310 | EU27: 1310 | EV27: 1310 | EW27: 1310 | EX27: 1310 | EY27: 1310 | EZ27: 1268 | FA27: 1268 | FB27: 1268 | FC27: 1268 | FD27: 1261 | FE27: 1261 | FF27: 1261 | FG27: 1261 | FH27: 1261 | FI27: 1323 | FJ27: 1323 | FK27: 1323 | FL27: 1323 | FM27: 1323 | FN27: 1323 | FO27: 1323 | FP27: 1306 | FQ27: 1306 | FR27: 1306 | FS27: 1306 | FT27: 1306 | FU27: 1291 | FV27: 1291 | FW27: 1291 | FX27: 1282 | FY27: 1282 | FZ27: 1282 | GA27: 1282 | GB27: 1282 | GC27: 1282 | GD27: 1282 | GE27: 1282 | GF27: 1282 | GG27: 1219 | GH27: 1219 | GI27: 1219 | GJ27: 1219 | GK27: 1251 | GL27: 1251 | GM27: 1251 | GN27: 1251 | GO27: 1251 | GP27: 1251 | GQ27: 1251 | GR27: 1251 | GS27: 1251 | GT27: 1260.3186 | GU27: 1260.3186 | GV27: 1260.3186 | GW27: 1260.3186 | GX27: 1260.9722 | GY27: 1260.9722 | GZ27: 1260.9722 | HA27: 1260.9722 | HB27: 1260.9722 | HC27: 1214.0816 | HD27: 1214.0816 | HE27: 1214.0816 | HF27: 1214.0816 | HG27: 1224.4123 | HH27: 1224.4123 | HI27: 1224.4123 | HJ27: 1224.4123 | HK27: 1224.8944 | HL27: 1224.8944 | HM27: 1224.8944 | HN27: 1224.8944 | HO27: 1220.839 | HP27: 1220.839 | HQ27: 1220.839 | HR27: 1220.839 | HS27: 1201.5512 | HT27: 1201.5512 | HU27: 1201.5512 | HV27: 1201.5512 | HW27: 1215.0616 | HX27: 1215.0616 | HY27: 1215.0616 | HZ27: 1215.0616 | IA27: 1215.0616 | IB27: 1218.0838 | IC27: 1218.0838 | ID27: 1218.0838 | IE27: 1218.0838 | IF27: 1217.9396 | IG27: 1217.9396 | IH27: 1217.9396 | II27: 1217.9396 | IJ27: 1217.9396 | IK27: 1221.1766 | IL27: 1221.1766 | IM27: 1221.1766 | IN27: 1221.1766 | IO27: 1118.5152 | IP27: 1118.5152 | IQ27: 1118.5152 | IR27: 1118.5152 | IS27: 1095.5642 | IT27: 1095.5642 | IU27: 1095.5642 | IV27: 1095.5642 | IW27: 1095.5642 | IX27: 1120.1455 | IY27: 1120.1455 | IZ27: 1120.1455 | JA27: 1120.1455 | JB27: 1076.7141 | JC27: 1076.7141 | JD27: 1076.7141 | JE27: 1076.7141 | JF27: 1111.3107 | JG27: 1111.3107 | JH27: 1111.3107 | JI27: 1111.3107 | JJ27: 1111.3107 | JK27: 1111.3107 | JL27: 1111.3107 | JM27: 1111.3107 | JN27: 1111.3107 | JO27: 1076.0361 | JP27: 1076.0361 | JQ27: 1076.0361 | JR27: 1076.0361 | JS27: 1112.8728 | JT27: 1112.8728 | JU27: 1112.8728 | JV27: 1112.8728 | JW27: 1112.8728 | JX27: 1201.4147 | JY27: 1201.4147 | JZ27: 1201.4147 | KA27: 1201.4147 | KB27: 1249.0497 | KC27: 1249.0497 | KD27: 1249.0497 | KE27: 1249.0497 | KF27: 1251.6225 | KG27: 1251.6225 | KH27: 1251.6225 | KI27: 1251.6225 | KJ27: 1251.6225
H28: Điểm hòa vốn | U28: 1377 | V28: 1377 | W28: 1377 | X28: 1377 | Y28: 1377 | Z28: 1377 | AA28: 1377 | AB28: 1377 | AC28: 1377 | AD28: 1377 | AE28: 1377 | AF28: 1377 | AG28: 1377 | AH28: 1377 | AI28: 1377 | AJ28: 1377 | AK28: 1377 | AL28: 1377 | AM28: 1377 | AN28: 1377 | AO28: 1377 | AP28: 1377 | AQ28: 1377 | AR28: 1315 | AS28: 1306 | AT28: 1310 | AU28: 1310 | AV28: 1268 | AW28: 1261 | AX28: 1323 | AY28: 1323 | AZ28: 1306 | BA28: 1291 | BB28: 1282 | BC28: 1285 | BD28: 1219 | BE28: 1251 | BF28: 1251 | BG28: 1260.3186 | BH28: 1260.9722 | BI28: 1214.0816 | BJ28: 1224.4123 | BK28: 1224.8944 | BL28: 1220.839 | BM28: 1201.5512 | BN28: 1215.0616 | BO28: 1218.0838 | BP28: 1217.9396 | BQ28: 1221.1766 | BR28: 1118.5152 | BS28: 1095.5642 | BT28: 1120.1455 | BU28: 1076.7141 | BV28: 1111.3107 | BW28: 1083.9522 | BX28: 1076.0361 | BY28: 1112.8728 | BZ28: 1201.4147 | CA28: 1249.0497 | CB28: 1251.6225 | CZ28: 1530 | DA28: =+DA27+145 -> 1519 | DB28: =+DB27+145 -> 1519 | DC28: =+DC27+145 -> 1519 | DD28: =+DD27+145 -> 1519 | DE28: =+DE27+145 -> 1519 | DF28: =+DF27+145 -> 1519 | DG28: =+DG27+145 -> 1519 | DH28: =+DH27+210 -> 1584 | DI28: =+DI27+210 -> 1584 | DJ28: =+DJ27+210 -> 1587 | DK28: =+DK27+210 -> 1587 | DL28: =+DL27+210 -> 1587 | DM28: =+DM27+210 -> 1587 | DN28: =+DN27+210 -> 1587 | DO28: =+DO27+210 -> 1587 | ... EE28: =+EE27+210 -> 1587 | EF28: =+EF27+72 -> 1382 | EG28: =+EG27+72 -> 1382 | EH28: =+EH27+72 -> 1382 | EI28: =+EI27+72 -> 1382 | EJ28: =+EJ27+72 -> 1382 | EK28: =+EK27+72 -> 1382 | EL28: =+EL27+72 -> 1382 | EM28: =+EM27+72 -> 1382 | EN28: =+EN27+72 -> 1382 | EO28: =+EO27 -> 1310 | EP28: =+EP27 -> 1310 | EQ28: =+EQ27 -> 1310 | ER28: =+ER27 -> 1310 | ES28: =+ES27 -> 1310 | ET28: =+ET27 -> 1310 | EU28: =+EU27 -> 1310 | EV28: =+EV27 -> 1310 | ... FH28: =+FH27 -> 1261 | FI28: 1323 | FJ28: 1323 | FK28: 1323 | FL28: 1323 | FM28: 1323 | FN28: 1323 | FO28: 1323 | FP28: 1306 | FQ28: 1306 | FR28: 1306 | FS28: 1306 | FT28: 1306 | FU28: =+FU27 -> 1291 | FV28: =+FV27 -> 1291 | FW28: =+FW27 -> 1291 | FX28: =+FX27 -> 1282 | FY28: =+FY27 -> 1282 | FZ28: =+FZ27 -> 1282 | GA28: =+GA27 -> 1282 | GB28: =+GB27 -> 1282 | ... JE28: =+JE27 -> 1076.7141
H29: Điểm hòa vốn có rework | U29: =U28+210 -> 1587 | V29: =V28+210 -> 1587 | W29: =W28+210 -> 1587 | X29: =X28+210 -> 1587 | Y29: =Y28+210 -> 1587 | Z29: =Z28+210 -> 1587 | AA29: =AA28+210 -> 1587 | AB29: =AB28+210 -> 1587 | ... AT29: =AT28+210 -> 1520 | AU29: =AU28 -> 1310 | AV29: =AV28 -> 1268 | AW29: =AW28 -> 1261 | AX29: =AX28 -> 1323 | AY29: =AY28 -> 1323 | AZ29: =AZ28 -> 1306 | BA29: =BA28 -> 1291 | BB29: =BB28 -> 1282 | ... CB29: =CB28 -> 1251.6225 | CF29: Giá bán Unilever | DJ29: 1575 | DK29: 1575 | DL29: 1575 | DM29: 1575 | DN29: 1575 | DO29: 1575 | DP29: 1575 | DQ29: 1575 | DR29: 1575 | DS29: 1575 | DT29: 1575 | DU29: 1575 | DV29: 1575 | DW29: 1530 | DX29: 1530 | DY29: 1530 | DZ29: 1530 | EA29: 1530 | EB29: 1530 | EC29: 1530 | ED29: 1530 | EE29: 1530 | EF29: 1530 | EG29: 1530 | EH29: 1530 | EI29: 1530 | EJ29: 1530 | EK29: 1530 | EL29: 1530 | EM29: 1530 | EN29: 1530 | EO29: 1530 | EP29: 1530 | EQ29: 1530 | ER29: 1530 | ES29: 1530 | ET29: 1530 | EU29: 1530 | EV29: 1530 | EW29: 1530 | EX29: 1530 | EY29: 1530 | EZ29: 1530 | FA29: 1530 | FB29: 1530 | FC29: 1530 | FD29: 1530 | FE29: 1530 | FF29: 1530 | FG29: 1530 | FH29: 1530 | FI29: 1530 | FJ29: 1500 | FK29: 1500 | FL29: 1500 | FM29: 1500 | FN29: 1500 | FO29: 1500 | FP29: 1500 | FQ29: 1500 | FR29: 1500 | FS29: 1500 | FT29: 1430 | FU29: 1430 | FV29: 1430 | FW29: 1430 | FX29: 1430 | FY29: 1430 | FZ29: 1430 | GA29: 1430
AQ30: =AQ28*0.3*0.29%+AQ28 -> 1378.198 | AR30: =AR28*0.3*0.29%+AR28 -> 1316.1441 | AS30: =AS28*0.3*0.29%+AS28 -> 1307.1362 | AT30: =AT28*0.3*0.29%+AT28 -> 1311.1397 | AU30: =AU28*0.3*0.29%+AU28 -> 1311.1397 | AV30: =AV28 -> 1268 | AW30: =AW28 -> 1261 | AX30: =AX28 -> 1323 | AY30: =AY28 -> 1323 | AZ30: =AZ28 -> 1306 | BA30: =BA28 -> 1291 | BB30: =BB28 -> 1282 | BC30: =BC28 -> 1285 | ... BI30: =BI28 -> 1214.0816
H31: Giá bán Dafong | AL31: 1422 | AM31: 1422 | AN31: 1422 | AO31: 1422 | AP31: 1422 | AQ31: 1396 | AR31: 1396 | AS31: 1396 | AT31: 1396 | AU31: 1371 | AV31: 1371 | AW31: 1358 | AX31: 1358 | AY31: 1358 | AZ31: 1358 | BA31: 1358 | BB31: 1359 | BC31: 1359 | BD31: 1359 | BE31: 1359 | BF31: 1359 | BG31: 1359 | BH31: 1359 | BI31: 1359 | BJ31: 1359 | BK31: 1359 | BL31: 1359 | BM31: 1359 | BN31: 1359 | BO31: 1359 | BP31: 1359 | BQ31: 1359 | BR31: 1359 | BS31: 1359 | BT31: 1359 | BU31: 1359 | BV31: 1359 | BW31: 1359 | BX31: 1359 | BY31: 1359 | BZ31: 1359 | CA31: 1359 | CB31: 1359
F45: Giá thị trường chính phẩm | G45: $ /tấn | U45: =U22 -> 1185 | V45: =V22 -> 1297.5 | W45: =W22 -> 1386 | X45: =X22 -> 1390 | Y45: =Y22 -> 1320 | Z45: =Z22 -> 1327 | AA45: =AA22 -> 1248 | AB45: =AB22 -> 1230 | ... AI45: =AI22 -> 1065 | AJ45: 1065 | AM45: =AM22 -> 1092.5
F46: Giá keo chính phẩm +15% | G46: $ /tấn | U46: =U22*1.15 -> 1362.75 | V46: =V22*1.15 -> 1492.125 | W46: =W22*1.15 -> 1593.9 | X46: =X22*1.15 -> 1598.5 | Y46: =Y22*1.15 -> 1518 | Z46: =Z22*1.15 -> 1526.05 | AA46: =AA22*1.15 -> 1435.2 | AB46: =AB22*1.15 -> 1414.5 | ... AI46: =AI22*1.15 -> 1224.75 | AM46: =AM22*1.15 -> 1256.375
F47: ICIS | G47: $ /tấn | U47: =U16 -> 1313 | V47: =V16 -> 1302 | W47: =W16 -> 1360 | X47: =X16 -> 1397 | Y47: =Y16 -> 1425 | Z47: =Z16 -> 1493 | AA47: =AA16 -> 1473 | AB47: =AB16 -> 1474 | ... AI47: =AI16 -> 1431.5 | AM47: =AM16 -> 1247.5
F48: Giá Dafon FOB Taiwan | G48: $ /tấn | U48: =U19 -> 1475 | V48: =V19 -> 1475 | W48: =W19 -> 1475 | X48: =X19 -> 1475 | Y48: =Y19 -> 1460 | Z48: =Z19 -> 1555 | AA48: =AA19 -> 1555 | AB48: =AB19 -> 1555 | ... AI48: =AI19 -> 1524 | AM48: =AM19 -> 1422

Sheet HD Ép-tháng

Sheet HD Ép_tuần

Sheet Ma trận HDPE Ép
F3: MA TRẬN GIÁ BÁN rHD ÉP | H3: MA TRẬN GIÁ BÁN rHD ÉP | BE3: 2023 | BI3: 07.02 | BJ3: 14.02 | BK3: 21.02 | BL3: 28.02 | BM3: 7.03 | BN3: 14.03 | BO3: 21.03 | BP3: 28.03 | BQ3: 30.03 | BR3: 6.04 | BS3: 13.04 | BT3: 20.04 | BU3: 27.04 | BV3: 4.05 | BX3: 23.05 | BY3: 30.05 | BZ3: 6.06 | CA3: 12.06 | CB3: 20.06 | DD3: 2024 | FB3: 2025
F4: Tỷ giá | I4: 24000 | J4: 24000 | K4: 24000 | L4: 24000 | M4: 24000 | N4: 24000 | O4: 24000 | P4: 24000 | Q4: 24000 | R4: 24000 | S4: 24000 | T4: 24000 | BD4: 24000 | BE4: 24000 | BF4: 24000 | BG4: 24000 | BH4: 24000 | BI4: 24000 | BJ4: 24000 | BK4: 24000 | BL4: 24000 | BM4: 24000 | BN4: 24000 | BO4: 24000 | BP4: 24000 | BQ4: 24000 | BR4: 24000 | BS4: 24000 | BT4: 24000 | BU4: 24000 | BV4: 24000 | BW4: 24000 | BX4: 24000 | BY4: 24000 | BZ4: 24000 | CA4: 24000 | CB4: 24000 | CC4: 24000 | CD4: 24000 | CE4: 24000 | CF4: 24000 | CG4: 24000 | CH4: 24000 | CI4: 24000 | CJ4: 24000 | CK4: 24000 | CL4: 24000 | CM4: 24000 | CN4: 24000 | CO4: 24000 | CP4: 24000 | CQ4: 24000 | CR4: 24000 | CS4: 24000 | CT4: 24000 | CU4: 24000 | CV4: 24000 | CW4: 24000 | CX4: 24000 | CY4: 24000 | CZ4: 24000 | DA4: 24000 | DB4: 24000 | DC4: 24000 | DD4: 24000 | DE4: 24000 | DF4: 24000 | DG4: 24000 | HA4: 2026
A5: Stt | B5: Mã SAP | C5: Tên hàng hóa SAP | D5: Mã SP | E5: Tên sản phẩm | F5: Diễn giải | G5: Đơn vị tính | H5: Diễn giải | I5: T1/23 | J5: 2 | K5: 3 | L5: 4 | M5: 5 | N5: 6 | O5: 7 | P5: 8 | Q5: 9 | R5: 10 | S5: 11 | T5: 12 | U5: T1.24 | V5: 2 | W5: 3 | X5: 4 | Y5: 5 | Z5: 6 | AA5: 7 | AB5: 8 | AC5: 9 | AD5: 10 | AE5: 11 | AF5: 12 | AG5: T1.25 | AH5: 2 | AI5: 3 | AJ5: 4 | AK5: 5 | AL5: 6 | AM5: 7 | AN5: 8 | AO5: 9 | AP5: 10 | AQ5: 11 | AR5: 12 | AS5: T1.26 | AT5: 2 | AU5: 3 | AV5: 4 | AW5: 5 | AX5: 6 | AY5: 7 | BA5: Mã SP | BB5: Tên sản phẩm | BC5: Diễn giải | BD5: 52 | BE5: 1 | BF5: 2 | BG5: 3 | BH5: 5 | BI5: 6 | BJ5: 7 | BK5: 8 | BL5: 9 | BM5: 10 | BN5: 11 | BO5: 12 | BP5: 13 | BQ5: 14 | BR5: 15 | BS5: 16 | BT5: 17 | BU5: 18 | BV5: 19 | BW5: 20 | BX5: 21 | BY5: 22 | BZ5: 23 | CA5: 24 | CB5: 25 | CC5: 26 | CD5: 27 | CE5: 28 | CF5: 29 | CG5: 30 | CH5: 31 | CI5: 32 | CJ5: 33 | CK5: 34 | CL5: 35 | CM5: 36 | CN5: 37 | CO5: 38 | CP5: 39 | CQ5: 40 | CR5: 41 | CS5: 42 | CT5: 43 | CU5: 44 | CV5: 45 | CW5: 46 | CX5: 47 | CY5: 48 | CZ5: 49 | DA5: 50 | DB5: 51 | DC5: 52 | DD5: 1/24 | DE5: 02 | DF5: 03 | DG5: 04 | DH5: 05 | DI5: 08 | DJ5: 09 | DK5: 10 | DL5: 11 | DM5: 12 | DN5: 13 | DO5: 14 | DP5: 15 | DQ5: 16 | DR5: 17 | DS5: 18 | DT5: 19 | DU5: 20 | DV5: 21 | DW5: 22 | DX5: 23 | DY5: 24 | DZ5: 25 | EA5: 26 | EB5: 27 | EC5: 28 | ED5: 29 | EE5: 30 | EF5: 31 | EG5: 32 | EH5: 33 | EI5: 34 | EJ5: 35 | EK5: 36 | EL5: 37 | EM5: 38 | EN5: 39 | EO5: 40 | EP5: 41 | EQ5: 42 | ER5: 43 | ES5: 44 | ET5: 45 | EU5: 46 | EV5: 47 | EW5: 48 | EX5: 49 | EY5: 50 | EZ5: 51 | FA5: 52 | FB5: 01 | FC5: 02 | FD5: 03 | FE5: 04 | FF5: 06 | FG5: 07 | FH5: 08 | FI5: 09 | FJ5: 10 | FK5: 11 | FL5: 12 | FM5: 13 | FN5: 14 | FO5: 15 | FP5: 16 | FQ5: 17 | FR5: 18 | FS5: 19 | FT5: 20 | FU5: 21 | FV5: 22 | FW5: 23 | FX5: 24 | FY5: 25 | FZ5: 26 | GA5: 27 | GB5: 28 | GC5: 29 | GD5: 30 | GE5: 31 | GF5: 32 | GG5: 33 | GH5: 34 | GI5: 35 | GJ5: 36 | GK5: 37 | GL5: 38 | GM5: 39 | GN5: 40 | GO5: 41 | GP5: 42 | GQ5: 43 | GR5: 44 | GS5: 45 | GT5: 46 | GU5: 47 | GV5: 48 | GW5: 49 | GX5: 50 | GY5: 51 | GZ5: 52 | HA5: 01 | HB5: 02 | HC5: 03 | HD5: 04 | HE5: 05 | HF5: 06 | HG5: 07 | HH5: 08 | HI5: 09 | HJ5: 10 | HK5: 11 | HL5: 12 | HM5: 13 | HN5: 14 | HO5: 15 | HP5: 16 | HQ5: 17 | HR5: 18 | HS5: 19 | HT5: 20 | HU5: 21 | HV5: 22 | HW5: 23 | HX5: 24 | HY5: 25 | HZ5: 26 | IA5: 27 | IB5: 28 | IC5: 29 | ID5: 30 | IE5: 31
D6: A4 | E6: A4 - Vảy PET tuyển -RL mua ngoài | F6: Vảy PP tuyển mua ngoài - ICIS | G6: $ /tấn | H6: =F6 -> Vảy PP tuyển mua ngoài - ICIS | BB6: A4 - Vảy PET tuyển -RL mua ngoài | BC6: =F6 -> Vảy PP tuyển mua ngoài - ICIS
A7: 5 | B7: 110000329 | C7: Hạt rPET WSS01 | E7: WSS01 - Hạt rPET (IV 0.78) | F7: DTR (dương đậm) | G7: $ /tấn | H7: DTR (PTBV) | I7: =+SUM(BE7:BH7)/COUNT(BE7:BH7) -> 1250 | J7: =+SUM(BI7:BL7)/COUNT(BI7:BL7) -> 1250 | K7: 1250 | L7: 1250 | M7: 1250 | N7: 1250 | O7: =CD7 -> 1250 | P7: =CE7 -> 1250 | Q7: =CF7 -> 1250 | R7: 1250 | S7: 1250 | T7: 1250 | U7: 1250 | V7: 1250 | W7: 1250 | X7: 1250 | Y7: 1250 | Z7: 1250 | AA7: 1250 | AB7: 1250 | AC7: 1250 | AD7: =+SUM(EP7:ER7)/COUNT(EP7:ER7) -> 1250 | AE7: =+SUM(ES7:EW7)/COUNT(ES7:EW7) -> 1250 | AF7: =+SUM(EX7:FA7)/COUNT(EX7:FA7) -> 1250 | AG7: =+SUM(FB7:FE7)/COUNT(FB7:FE7) -> 1250 | AH7: 1250 | AI7: 1045 | AJ7: 1045 | AK7: 990 | AL7: 990 | BB7: WSS01 - Hạt rPET (IV 0.78) | BC7: DTR (PTBV) | BD7: 1250 | BE7: 1250 | BF7: 1250 | BG7: 1250 | BH7: 1250 | BI7: 1250 | BJ7: 1250 | BK7: 1250 | BL7: 1250 | BM7: 1250 | BN7: 1250 | BO7: 1250 | BP7: 1250 | BQ7: 1250 | BR7: 1250 | BS7: 1250 | BT7: 1250 | BU7: 1250 | BV7: 1250 | BW7: 1250 | BX7: 1250 | BY7: 1250 | BZ7: 1250 | CA7: 1250 | CB7: 1250 | CC7: 1250 | CD7: 1250 | CE7: 1250 | CF7: 1250 | CG7: 1250 | CH7: 1250 | CI7: 1250 | CJ7: 1250 | CK7: 1250 | CL7: 1250 | CM7: 1250 | CN7: 1250 | CO7: 1250 | CP7: 1250 | CQ7: 1250 | CR7: 1250 | CS7: 1250 | CT7: 1250 | CU7: 1250 | CV7: 1250 | CW7: 1250 | CX7: 1250 | CY7: 1250 | CZ7: 1250 | DA7: 1250 | DB7: 1250 | DC7: 1250 | DD7: 1250 | DE7: 1250 | DF7: 1250 | DG7: 1250 | DH7: 1250 | DI7: 1250 | DJ7: 1250 | DK7: 1250 | DL7: 1250 | DM7: 1250 | DN7: 1250 | DO7: 1250 | DP7: 1250 | DQ7: 1250 | DR7: 1250 | DS7: 1250 | DT7: 1250 | DU7: 1250 | DV7: 1250 | DW7: 1250 | DX7: 1250 | DY7: 1250 | DZ7: 1250 | EA7: 1250 | EB7: 1250 | EC7: 1250 | ED7: 1250 | EE7: 1250 | EF7: 1250 | EG7: 1250 | EH7: 1250 | EI7: 1250 | EJ7: 1250 | EK7: 1250 | EL7: 1250 | EM7: 1250 | EN7: 1250 | EO7: 1250 | EP7: 1250 | EQ7: 1250 | ER7: 1250 | ES7: 1250 | ET7: 1250 | EU7: 1250 | EV7: 1250 | EW7: 1250 | EX7: 1250 | EY7: 1250 | EZ7: 1250 | FA7: 1250 | FB7: 1250 | FC7: 1250 | FD7: 1250 | FE7: 1250 | FF7: 1250 | FG7: 1250 | FH7: 1250 | FI7: 1250 | FJ7: 1045 | FK7: 1045 | FL7: 1045 | FM7: 1045 | FN7: 1045 | FO7: 1045 | FP7: 1045 | FQ7: 1045 | FR7: 990 | FS7: 990 | FT7: 990 | FU7: 990 | FV7: 990 | FW7: 990 | FX7: 990 | FY7: 990 | FZ7: 990
F8: DTR-nội địa | H8: DTR-nội địa | U8: 950 | V8: 950 | W8: 950 | X8: 950 | Y8: 920 | Z8: 920 | AA8: 920 | AB8: 920 | AC8: 890 | AD8: =+SUM(EP8:ER8)/COUNT(EP8:ER8) -> 880 | AE8: =+SUM(ES8:EW8)/COUNT(ES8:EW8) -> 870 | AF8: =+SUM(EX8:FA8)/COUNT(EX8:FA8) -> 870 | AG8: =+SUM(FB8:FE8)/COUNT(FB8:FE8) -> 870 | AH8: 800 | AI8: 805 | AJ8: 805 | AK8: 765 | AL8: 765 | AM8: 780 | AN8: =780-20 -> 760 | AO8: =780-20 -> 760 | AP8: =780-20 -> 760 | AQ8: 740 | AR8: 740 | AS8: 740 | AT8: 740 | AU8: 740 | AV8: 1230 | AW8: 1230 | AX8: 1130 | AY8: 1040 | BC8: DTR-nội địa | BE8: 950 | BF8: 950 | BG8: 950 | BH8: 950 | BI8: 950 | BJ8: 950 | BK8: 950 | BL8: 950 | BM8: 950 | BN8: 950 | BO8: 950 | BP8: 950 | BQ8: 950 | BR8: 950 | BS8: 950 | BT8: 950 | BU8: 950 | BV8: 950 | BW8: 950 | BX8: 950 | BY8: 950 | BZ8: 950 | CA8: 950 | CB8: 950 | CC8: 950 | CD8: 950 | CE8: 950 | CF8: 950 | CG8: 950 | CH8: 950 | CI8: 950 | CJ8: 950 | CK8: 950 | CL8: 950 | CM8: 950 | CN8: 950 | CO8: 950 | CP8: 950 | CQ8: 950 | CR8: 950 | CS8: 950 | CT8: 950 | CU8: 950 | CV8: 950 | CW8: 950 | CX8: 950 | CY8: 950 | CZ8: 950 | DA8: 950 | DB8: 950 | DC8: 950 | DD8: 950 | DE8: 950 | DF8: 950 | DG8: 950 | DH8: 950 | DI8: 950 | DJ8: 950 | DK8: 950 | DL8: 950 | DM8: 950 | DN8: 950 | DO8: 950 | DP8: 950 | DQ8: 950 | DR8: 950 | DS8: 920 | DT8: 920 | DU8: 920 | DV8: 920 | DW8: 920 | DX8: 920 | DY8: 920 | DZ8: 920 | EA8: 920 | EB8: 920 | EC8: 920 | ED8: 920 | EE8: 920 | EF8: 920 | EG8: 920 | EH8: 920 | EI8: 920 | EJ8: 920 | EK8: 890 | EL8: 890 | EM8: 890 | EN8: 890 | EO8: 880 | EP8: 880 | EQ8: 880 | ER8: 880 | ES8: 870 | ET8: 870 | EU8: 870 | EV8: 870 | EW8: 870 | EX8: 870 | EY8: 870 | EZ8: 870 | FA8: 870 | FB8: 870 | FC8: 870 | FD8: 870 | FE8: 870 | FF8: 870 | FG8: 870 | FH8: 870 | FI8: 870 | FJ8: 805 | FK8: 805 | FL8: 805 | FM8: 805 | FN8: 805 | FO8: 805 | FP8: 805 | FQ8: 805 | FR8: 765 | FS8: 765 | FT8: 765 | FU8: 765 | FV8: 765 | FW8: 765 | FX8: 765 | FY8: 765 | FZ8: 765 | GA8: 780 | GB8: 780 | GC8: 780 | GD8: 780 | GE8: 780 | GF8: =780-20 -> 760 | GG8: =780-20 -> 760 | GH8: =780-20 -> 760 | GI8: =780-20 -> 760 | GJ8: =780-20 -> 760 | GK8: =780-20 -> 760 | GL8: =780-20 -> 760 | GM8: =780-20 -> 760 | ... GR8: =780-20 -> 760 | GS8: 740 | GT8: 740 | GU8: 740 | GV8: 740 | GW8: 740 | GX8: 740 | GY8: 740 | GZ8: 740 | HA8: 740 | HB8: 740 | HC8: 740 | HD8: 740 | HE8: 740 | HF8: 740 | HG8: 740 | HH8: 740 | HI8: 740 | HJ8: 740 | HK8: 740 | HL8: =740+50 -> 790 | HM8: =740+50 -> 790 | HN8: 1229.5 | HO8: 1229.5 | HP8: 1229.5 | HQ8: 1229.5 | HR8: 1229.5 | HS8: 1229.5 | HT8: 1229.5 | HU8: 1190 | HV8: 1150 | HW8: 1130 | HX8: 1110 | HY8: 1060 | HZ8: 1040 | IA8: 1040 | IB8: 940
F9: DTR FOB rHD Ép- màu dương đậm | H9: DTR FOB rHD Ép- màu dương đậm | I9: =+SUM(BE9:BH9)/COUNT(BE9:BH9) -> 1290 | J9: =+SUM(BI9:BL9)/COUNT(BI9:BL9) -> 1290 | K9: =K7+40 -> 1290 | L9: =L7+40 -> 1290 | M9: =M7+40 -> 1290 | N9: =N7+40 -> 1290 | O9: =CD9 -> 1290 | P9: =CE9 -> 1290 | Q9: =CF9 -> 1290 | R9: =R7+40 -> 1290 | S9: =S7+40 -> 1290 | T9: =T7+40 -> 1290 | U9: =U7+40 -> 1290 | V9: =V7+40 -> 1290 | W9: =W7+40 -> 1290 | X9: =X7+40 -> 1290 | Y9: =Y7+40 -> 1290 | ... AC9: =AC7+40 -> 1290 | AD9: =+SUM(EP9:ER9)/COUNT(EP9:ER9) -> 1290 | AE9: =+SUM(ES9:EW9)/COUNT(ES9:EW9) -> 1290 | AF9: =+SUM(EX9:FA9)/COUNT(EX9:FA9) -> 1290 | AG9: =+SUM(FB9:FE9)/COUNT(FB9:FE9) -> 1290 | AH9: =AH7+20 -> 1270 | AI9: =AI7+22 -> 1067 | AJ9: =AJ7+22 -> 1067 | AK9: =AK7+22 -> 1012 | AL9: =AL7+22 -> 1012 | AM9: =AM7+22 -> 22 | AN9: =AN7+22 -> 22 | AO9: =AO7+22 -> 22 | AP9: =AP7+22 -> 22 | ... AU9: =AU7+22 -> 22 | BC9: DTR FOB rHD Ép- màu dương đậm | BD9: =+BD7+40 -> 1290 | BE9: =+BE7+40 -> 1290 | BF9: =+BF7+40 -> 1290 | BG9: =+BG7+40 -> 1290 | BH9: =+BH7+40 -> 1290 | BI9: =+BI7+40 -> 1290 | BJ9: =+BJ7+40 -> 1290 | BK9: =+BK7+40 -> 1290 | ... HE9: =+HE7+40 -> 40
F10: DTR (màu trắng& đỏ) | H10: DTR (màu trắng& đỏ) | K10: 1310 | L10: 1310 | M10: 1310 | N10: 1310 | O10: =CD10 -> 1310 | P10: =CE10 -> 1310 | Q10: =CF10 -> 1310 | R10: 1310 | S10: 1310 | T10: 1310 | U10: 1310 | V10: 1310 | W10: 1310 | X10: 1310 | Y10: 1310 | Z10: 1310 | AA10: 1310 | AB10: 1310 | AC10: 1310 | AD10: =+SUM(EP10:ER10)/COUNT(EP10:ER10) -> 1310 | AE10: =+SUM(ES10:EW10)/COUNT(ES10:EW10) -> 1310 | AF10: =+SUM(EX10:FA10)/COUNT(EX10:FA10) -> 1310 | AG10: =+SUM(FB10:FE10)/COUNT(FB10:FE10) -> 1310 | AH10: =+SUM(FF10:FJ10)/COUNT(FF10:FJ10) -> 1310 | AI10: =+SUM(FG10:FK10)/COUNT(FG10:FK10) -> 1310 | AJ10: =+SUM(FH10:FL10)/COUNT(FH10:FL10) -> 1310 | AK10: =+SUM(FI10:FM10)/COUNT(FI10:FM10) -> 1310 | AL10: =+SUM(FJ10:FN10)/COUNT(FJ10:FN10) -> 1310 | AM10: =+SUM(FK10:FO10)/COUNT(FK10:FO10) -> 1310 | AN10: =+SUM(FL10:FP10)/COUNT(FL10:FP10) -> 1310 | AO10: =+SUM(FM10:FQ10)/COUNT(FM10:FQ10) -> 1310 | ... AU10: =+SUM(FS10:FW10)/COUNT(FS10:FW10) -> 1310 | BC10: DTR-xuất hóa đơn (màu trắng& đỏ) | BE10: 1310 | BF10: 1310 | BG10: 1310 | BH10: 1310 | BI10: 1310 | BJ10: 1310 | BK10: 1310 | BL10: 1310 | BM10: 1310 | BN10: 1310 | BO10: 1310 | BP10: 1310 | BQ10: 1310 | BR10: 1310 | BS10: 1310 | BT10: 1310 | BU10: 1310 | BV10: 1310 | BW10: 1310 | BX10: 1310 | BY10: 1310 | BZ10: 1310 | CA10: 1310 | CB10: 1310 | CC10: 1310 | CD10: 1310 | CE10: 1310 | CF10: 1310 | CG10: 1310 | CH10: 1310 | CI10: 1310 | CJ10: 1310 | CK10: 1310 | CL10: 1310 | CM10: 1310 | CN10: 1310 | CO10: 1310 | CP10: 1310 | CQ10: 1310 | CR10: 1310 | CS10: 1310 | CT10: 1310 | CU10: 1310 | CV10: 1310 | CW10: 1310 | CX10: 1310 | CY10: 1310 | CZ10: 1310 | DA10: 1310 | DB10: 1310 | DC10: 1310 | DD10: 1310 | DE10: 1310 | DF10: 1310 | DG10: 1310 | DH10: 1310 | DI10: 1310 | DJ10: 1310 | DK10: 1310 | DL10: 1310 | DM10: 1310 | DN10: 1310 | DO10: 1310 | DP10: 1310 | DQ10: 1310 | DR10: 1310 | DS10: 1310 | DT10: 1310 | DU10: 1310 | DV10: 1310 | DW10: 1310 | DX10: 1310 | DY10: 1310 | DZ10: 1310 | EA10: 1310 | EB10: 1310 | EC10: 1310 | ED10: 1310 | EE10: 1310 | EF10: 1310 | EG10: 1310 | EH10: 1310 | EI10: 1310 | EJ10: 1310 | EK10: 1310 | EL10: 1310 | EM10: 1310 | EN10: 1310 | EO10: 1310 | EP10: 1310 | EQ10: 1310 | ER10: 1310 | ES10: 1310 | ET10: 1310 | EU10: 1310 | EV10: 1310 | EW10: 1310 | EX10: 1310 | EY10: 1310 | EZ10: 1310 | FA10: 1310 | FB10: 1310 | FC10: 1310 | FD10: 1310 | FE10: 1310 | FF10: 1310 | FG10: 1310 | FH10: 1310 | FI10: 1310 | FJ10: 1310 | FK10: 1310 | FL10: 1310 | FM10: 1310 | FN10: 1310 | FO10: 1310 | FP10: 1310 | FQ10: 1310 | FR10: 1310 | FS10: 1310 | FT10: 1310 | FU10: 1310 | FV10: 1310 | FW10: 1310 | FX10: 1310 | FY10: 1310 | FZ10: 1310 | GA10: 1310 | GB10: 1310 | GC10: 1310 | GD10: 1310 | GE10: 1310 | GF10: 1310 | GG10: 1310 | GH10: 1310 | GI10: 1310 | GJ10: 1310 | GK10: 1310 | GL10: 1310 | GM10: 1310 | GN10: 1310 | GO10: 1310 | GP10: 1310 | GQ10: 1310 | GR10: 1310 | GS10: 1310 | GT10: 1310 | GU10: 1310 | GV10: 1310 | GW10: 1310 | GX10: 1310 | GY10: 1310 | GZ10: 1310 | HA10: 1310 | HB10: 1310 | HC10: 1310 | HD10: 1310 | HE10: 1310
F11: DTR FOB rHD Ép- màu trắng& đỏ | H11: DTR FOB rHD Ép- màu trắng& đỏ | K11: =K10+40 -> 1350 | L11: =L10+40 -> 1350 | M11: =M10+40 -> 1350 | N11: =N10+40 -> 1350 | O11: =CD11 -> 1350 | P11: =CE11 -> 1350 | Q11: =CF11 -> 1350 | R11: =R10+40 -> 1350 | S11: =S10+40 -> 1350 | T11: =T10+40 -> 1350 | U11: =U10+40 -> 1350 | V11: =V10+40 -> 1350 | W11: =W10+40 -> 1350 | X11: =X10+40 -> 1350 | Y11: =Y10+40 -> 1350 | ... AC11: =AC10+40 -> 1350 | AD11: =+SUM(EP11:ER11)/COUNT(EP11:ER11) -> 1350 | AE11: =+SUM(ES11:EW11)/COUNT(ES11:EW11) -> 1350 | AF11: =+SUM(EX11:FA11)/COUNT(EX11:FA11) -> 1350 | AG11: =+SUM(FB11:FE11)/COUNT(FB11:FE11) -> 1350 | AH11: =+SUM(FF11:FJ11)/COUNT(FF11:FJ11) -> 1350 | AI11: =+SUM(FG11:FK11)/COUNT(FG11:FK11) -> 1350 | AJ11: =+SUM(FH11:FL11)/COUNT(FH11:FL11) -> 1350 | AK11: =+SUM(FI11:FM11)/COUNT(FI11:FM11) -> 1350 | AL11: =+SUM(FJ11:FN11)/COUNT(FJ11:FN11) -> 1350 | AM11: =+SUM(FK11:FO11)/COUNT(FK11:FO11) -> 1350 | AN11: =+SUM(FL11:FP11)/COUNT(FL11:FP11) -> 1350 | AO11: =+SUM(FM11:FQ11)/COUNT(FM11:FQ11) -> 1350 | ... AU11: =+SUM(FS11:FW11)/COUNT(FS11:FW11) -> 1350 | BC11: DTR FOB rHD Ép- màu trắng& đỏ | BE11: =BE10+40 -> 1350 | BF11: =BF10+40 -> 1350 | BG11: =BG10+40 -> 1350 | BH11: =BH10+40 -> 1350 | BI11: =BI10+40 -> 1350 | BJ11: =BJ10+40 -> 1350 | BK11: =BK10+40 -> 1350 | BL11: =BL10+40 -> 1350 | ... HE11: =HE10+40 -> 1350
A12: 9 | D12: ICIS | E12: ICIS giá rPET ($ /tấn) | F12: Hạt rHD ép (Châu Âu)-ICIS | G12: $ /tấn | H12: =F12 -> Hạt rHD ép (Châu Âu)-ICIS | I12: =+SUM(BE12:BH12)/COUNT(BE12:BH12) -> 1808.075 | J12: =+SUM(BI12:BL12)/COUNT(BI12:BL12) -> 1790.9825 | K12: =+SUM(BM12:BQ12)/COUNT(BM12:BQ12) -> 1811.176 | L12: =+SUM(BR12:BU12)/COUNT(BR12:BU12) -> 1850.0975 | M12: =+SUM(BV12:BY12)/COUNT(BV12:BY12) -> 1812.975 | N12: =+SUM(BZ12:CC12)/COUNT(BZ12:CC12) -> 1828.0925 | O12: =+SUM(CD12:CG12)/COUNT(CD12:CG12) -> 1851.3875 | P12: =+SUM(CH12:CL12)/COUNT(CH12:CL12) -> 1836.61 | Q12: =+SUM(CM12:CP12)/COUNT(CM12:CP12) -> 1800.0175 | R12: =+SUM(CQ12:CT12)/COUNT(CQ12:CT12) -> 1790.5 | S12: =+SUM(CU12:CX12)/COUNT(CU12:CX12) -> 1790.5 | T12: =+SUM(CY12:DC12)/COUNT(CY12:DC12) -> 1790.5 | BA12: ICIS | BB12: ICIS giá rPET ($ /tấn) | BC12: =H12 -> Hạt rHD ép (Châu Âu)-ICIS | BD12: =#REF! -> #REF! | BE12: 1766.9 | BF12: 1815.71 | BG12: 1812.54 | BH12: 1837.15 | BI12: 1808.07 | BJ12: 1793.1 | BK12: 1780.19 | BL12: 1782.57 | BM12: 1775.65 | BN12: 1784.19 | BO12: 1829.54 | BP12: 1831.03 | BQ12: 1835.47 | BR12: 1857.14 | BS12: 1842.99 | BT12: 1850.83 | BU12: 1849.43 | BV12: 1833.85 | BW12: 1810.28 | BX12: 1801.57 | BY12: 1806.2 | BZ12: 1811.01 | CA12: 1836.62 | CB12: 1836.62 | CC12: 1828.12 | CD12: 1828.12 | CE12: 1826.4 | CF12: 1880.29 | CG12: 1870.74 | CH12: 1848.04 | CI12: 1838.9 | CJ12: 1850.63 | CK12: 1826.65 | CL12: 1818.83 | CM12: 1820.88 | CN12: 1798.19 | CO12: 1790.5 | CP12: 1790.5 | CQ12: 1790.5 | CR12: 1790.5 | CS12: 1790.5 | CT12: 1790.5 | CU12: 1790.5 | CV12: 1790.5 | CW12: 1790.5 | CX12: 1790.5 | CY12: 1790.5 | CZ12: 1790.5 | DA12: 1790.5 | DB12: 1790.5 | DC12: 1790.5
D13: Anh 12 | F13: RESIN | G13: $ /tấn | H13: =F13 -> RESIN | I13: =+SUM(BE13:BH13)/COUNT(BE13:BH13) -> 1017.5 | J13: =+SUM(BI13:BL13)/COUNT(BI13:BL13) -> 1092.5 | K13: =+SUM(BM13:BQ13)/COUNT(BM13:BQ13) -> 1068 | L13: =+SUM(BR13:BU13)/COUNT(BR13:BU13) -> 1050 | M13: =+SUM(BV13:BY13)/COUNT(BV13:BY13) -> 1042.5 | N13: =+SUM(BZ13:CC13)/COUNT(BZ13:CC13) -> 970 | O13: =+SUM(CD13:CG13)/COUNT(CD13:CG13) -> 960 | P13: =+SUM(CH13:CL13)/COUNT(CH13:CL13) -> 1008 | Q13: =+SUM(CM13:CP13)/COUNT(CM13:CP13) -> 1027.5 | R13: =+SUM(CQ13:CT13)/COUNT(CQ13:CT13) -> 1020 | S13: =+SUM(CU13:CX13)/COUNT(CU13:CX13) -> 955 | T13: =+SUM(CY13:DC13)/COUNT(CY13:DC13) -> 900 | U13: =+SUM(DD13:DG13)/COUNT(DD13:DG13) -> 947.5 | V13: =+SUM(DH13:DJ13)/COUNT(DH13:DJ13) -> 1010 | W13: =+SUM(DK13:DN13)/COUNT(DK13:DN13) -> 995 | X13: =+SUM(DO13:DR13)/COUNT(DO13:DR13) -> 975 | Y13: =+SUM(DS13:DW13)/COUNT(DS13:DW13) -> 956 | Z13: =+SUM(DX13:EA13)/COUNT(DX13:EA13) -> 980 | AA13: =+SUM(EB13:EE13)/COUNT(EB13:EE13) -> 975 | AB13: =+SUM(EF13:EJ13)/COUNT(EF13:EJ13) -> 946 | AC13: =+SUM(EK13:EN13)/COUNT(EK13:EN13) -> 932.5 | AD13: =+SUM(EP13:ER13)/COUNT(EP13:ER13) -> 926.66667 | AE13: =+SUM(ES13:EW13)/COUNT(ES13:EW13) -> 940 | AF13: =+SUM(EX13:FA13)/COUNT(EX13:FA13) -> 940 | AG13: =+SUM(FB13:FE13)/COUNT(FB13:FE13) -> 940 | AH13: =+SUM(FF13:FJ13)/COUNT(FF13:FJ13) -> 946 | AI13: =+SUM(FJ13:FM13)/COUNT(FJ13:FM13) -> 940 | AJ13: =+SUM(FN13:FQ13)/COUNT(FN13:FQ13) -> 905 | AK13: =+SUM(FR13:FV13)/COUNT(FR13:FV13) -> 908 | AL13: =+SUM(FW13:FZ13)/COUNT(FW13:FZ13) -> 915 | AM13: =+SUM(GA13:GE13)/COUNT(GA13:GE13) -> 930 | AN13: =+SUM(GF13:GI13)/COUNT(GF13:GI13) -> 930 | AO13: =+SUM(GJ13:GM13)/COUNT(GJ13:GM13) -> 915 | AP13: =+SUM(GN13:GR13)/COUNT(GN13:GR13) -> 870 | AQ13: =+SUM(GS13:GV13)/COUNT(GS13:GV13) -> 840 | AR13: =+SUM(GW13:GZ13)/COUNT(GW13:GZ13) -> 830 | AS13: =+SUM(HA13:HE13)/COUNT(HA13:HE13) -> 830 | AT13: =+SUM(HF13:HI13)/COUNT(HF13:HI13) -> 830 | AU13: =+SUM(HJ13:HM13)/COUNT(HJ13:HM13) -> 1268.75 | AV13: =+SUM(HN13:HR13)/COUNT(HN13:HR13) -> 1450 | AW13: =+SUM(HS13:HV13)/COUNT(HS13:HV13) -> 1390 | AX13: =+SUM(HW13:HZ13)/COUNT(HW13:HZ13) -> 1247.5 | AY13: =+SUM(IA13:IE13)/COUNT(IA13:IE13) -> 1055 | BA13: Anh 12 | BC13: =H13 -> RESIN | BD13: 1000 | BE13: 940 | BF13: 1020 | BG13: 1030 | BH13: 1080 | BI13: 1100 | BJ13: 1100 | BK13: 1090 | BL13: 1080 | BM13: 1080 | BN13: 1070 | BO13: 1070 | BP13: 1070 | BQ13: 1050 | BR13: 1050 | BS13: 1050 | BT13: 1050 | BU13: 1050 | BV13: 1050 | BW13: 1050 | BX13: 1040 | BY13: 1030 | BZ13: 1030 | CA13: 950 | CB13: 950 | CC13: 950 | CD13: 950 | CE13: 950 | CF13: 970 | CG13: 970 | CH13: 1000 | CI13: 1000 | CJ13: 1000 | CK13: 1020 | CL13: 1020 | CM13: 1020 | CN13: 1030 | CO13: 1030 | CP13: 1030 | CQ13: 1030 | CR13: 1030 | CS13: 1020 | CT13: 1000 | CU13: 980 | CV13: 960 | CW13: 940 | CX13: 940 | CY13: 900 | CZ13: 900 | DA13: 900 | DB13: 900 | DC13: 900 | DD13: 900 | DE13: 930 | DF13: 930 | DG13: 1030 | DH13: 1030 | DI13: 1000 | DJ13: 1000 | DK13: 1000 | DL13: 1000 | DM13: 1000 | DN13: 980 | DO13: 980 | DP13: 980 | DQ13: 980 | DR13: 960 | DS13: 950 | DT13: 950 | DU13: 950 | DV13: 950 | DW13: 980 | DX13: 980 | DY13: 980 | DZ13: 980 | EA13: 980 | EB13: 980 | EC13: 980 | ED13: 980 | EE13: 960 | EF13: 950 | EG13: 950 | EH13: 950 | EI13: 940 | EJ13: 940 | EK13: 940 | EL13: 930 | EM13: 930 | EN13: 930 | EO13: 920 | EP13: 920 | EQ13: 920 | ER13: 940 | ES13: 940 | ET13: 940 | EU13: 940 | EV13: 940 | EW13: 940 | EX13: 940 | EY13: 940 | EZ13: 940 | FA13: 940 | FB13: 940 | FC13: 940 | FD13: 940 | FE13: 940 | FF13: 940 | FG13: 940 | FH13: 950 | FI13: 950 | FJ13: 950 | FK13: 950 | FL13: 950 | FM13: 910 | FN13: 910 | FO13: 900 | FP13: 900 | FQ13: 910 | FR13: 910 | FS13: 910 | FT13: 910 | FU13: 910 | FV13: 900 | FW13: 900 | FX13: 900 | FY13: 930 | FZ13: 930 | GA13: 930 | GB13: 930 | GC13: 930 | GD13: 930 | GE13: 930 | GF13: 930 | GG13: 930 | GH13: 930 | GI13: 930 | GJ13: 930 | GK13: 930 | GL13: 930 | GM13: 870 | GN13: 870 | GO13: 870 | GP13: 870 | GQ13: 870 | GR13: 870 | GS13: 870 | GT13: 830 | GU13: 830 | GV13: 830 | GW13: 830 | GX13: 830 | GY13: 830 | GZ13: 830 | HA13: 830 | HB13: 830 | HC13: 830 | HD13: 830 | HE13: 830 | HF13: 830 | HG13: 830 | HH13: 830 | HI13: 830 | HJ13: 975 | HK13: 1250 | HL13: 1400 | HM13: 1450 | HN13: 1450 | HO13: 1450 | HP13: 1450 | HQ13: 1450 | HR13: 1450 | HS13: 1450 | HT13: 1400 | HU13: 1380 | HV13: 1330 | HW13: 1300 | HX13: 1250 | HY13: 1220 | HZ13: 1220 | IA13: 1100 | IB13: 1010
H14: TTCP | I14: =I13 -> 1017.5 | J14: =J13 -> 1092.5 | K14: =K13 -> 1068 | L14: =L13 -> 1050 | M14: =M13 -> 1042.5 | N14: =N13 -> 970 | O14: =O13 -> 960 | P14: =P13 -> 1008 | ... AY14: =AY13 -> 1055 | BC14: TTCP | BD14: =BD13 -> 1000 | BE14: =BE13 -> 940 | BF14: =BF13 -> 1020 | BG14: =BG13 -> 1030 | BH14: =BH13 -> 1080 | BI14: =BI13 -> 1100 | BJ14: =BJ13 -> 1100 | BK14: =BK13 -> 1090 | ... IE14: =IE13 -> 0
H15: CL | I15: =+I7-I14 -> 232.5 | J15: =+J7-J14 -> 157.5 | K15: =+K7-K14 -> 182 | L15: =+L7-L14 -> 200 | M15: =+M7-M14 -> 207.5 | N15: =+N7-N14 -> 280 | O15: =+O7-O14 -> 290 | P15: =+P7-P14 -> 242 | ... AY15: =+AY7-AY14 -> -1055 | BC15: CL | BD15: =+BD7-BD14 -> 250 | BE15: =+BE7-BE14 -> 310 | BF15: =+BF7-BF14 -> 230 | BG15: =+BG7-BG14 -> 220 | BH15: =+BH7-BH14 -> 170 | BI15: =+BI7-BI14 -> 150 | BJ15: =+BJ7-BJ14 -> 150 | BK15: =+BK7-BK14 -> 160 | ... IE15: =+IE7-IE14 -> 0
H16: % | I16: =+I15/I14 -> 0.22850123 | J16: =+J15/J14 -> 0.14416476 | K16: =+K15/K14 -> 0.17041199 | L16: =+L15/L14 -> 0.19047619 | M16: =+M15/M14 -> 0.19904077 | N16: =+N15/N14 -> 0.28865979 | O16: =+O15/O14 -> 0.30208333 | P16: =+P15/P14 -> 0.24007937 | ... AY16: =+AY15/AY14 -> -1 | BC16: % | BD16: =+BD15/BD14 -> 0.25 | BE16: =+BE15/BE14 -> 0.32978723 | BF16: =+BF15/BF14 -> 0.2254902 | BG16: =+BG15/BG14 -> 0.21359223 | BH16: =+BH15/BH14 -> 0.15740741 | BI16: =+BI15/BI14 -> 0.13636364 | BJ16: =+BJ15/BJ14 -> 0.13636364 | BK16: =+BK15/BK14 -> 0.14678899 | ... IE16: =+IE15/IE14 -> #DIV/0!
H17: Điểm hòa vốn | I17: 700 | J17: 700 | K17: 700 | L17: 700 | M17: 700 | N17: 700 | O17: 700 | P17: 700 | Q17: 700 | R17: 700 | S17: 700 | T17: 700 | U17: 700 | V17: 700 | W17: 700 | X17: 700 | Y17: 700 | Z17: 700 | AA17: 867 | AB17: 896 | AC17: 917 | AD17: 929.8394 | AE17: 937.65255 | AF17: 903.25545 | AG17: 892.96567 | AH17: 888.18379 | AI17: 888.72553 | AJ17: 907.07292 | AK17: 882.40132 | AL17: 879.34169 | AM17: 869.51495 | AN17: 858.88795 | AO17: 871.88031 | AP17: 720.35177 | AQ17: 720.5242 | AR17: 733.77441 | AS17: 747.86079 | AT17: 740.8716 | AU17: 746.42906 | AV17: 774.16654 | AW17: 732.9716 | AX17: 750.60093 | AY17: 753.75296 | BC17: Điểm hòa vốn | BD17: 1110 | BE17: 700 | BF17: 700 | BG17: 700 | BH17: 700 | BI17: 700 | BJ17: 700 | BK17: 700 | BL17: 700 | BM17: 700 | BN17: 700 | BO17: 700 | BP17: 700 | BQ17: 700 | BR17: 700 | BS17: 700 | BT17: 700 | BU17: 700 | BV17: 700 | BW17: 700 | BX17: 700 | BY17: 700 | BZ17: 700 | CA17: 700 | CB17: 700 | CC17: 700 | CD17: 700 | CE17: 700 | CF17: 700 | CG17: 700 | CH17: 700 | CI17: 700 | CJ17: 700 | CK17: 700 | CL17: 700 | CM17: 700 | CN17: 700 | CO17: 700 | CP17: 700 | CQ17: 700 | CR17: 700 | CS17: 700 | CT17: 700 | CU17: 700 | CV17: 700 | CW17: 700 | CX17: 700 | CY17: 700 | CZ17: 700 | DA17: 700 | DB17: 700 | DC17: 700 | DD17: 700 | DE17: 700 | DF17: 700 | DG17: 700 | DH17: 700 | DI17: 700 | DJ17: 700 | DK17: 700 | DL17: 700 | DM17: 700 | DN17: 700 | DO17: 700 | DP17: 700 | DQ17: 700 | DR17: 700 | DS17: 700 | DT17: 700 | DU17: 700 | DV17: 700 | DW17: 700 | DX17: 700 | DY17: 700 | DZ17: 700 | EA17: 700 | EB17: 867 | EC17: 867 | ED17: 867 | EE17: 867 | EF17: 896 | EG17: 896 | EH17: 896 | EI17: 896 | EJ17: 896 | EK17: 917 | EL17: 917 | EM17: 917 | EN17: 917 | EO17: 929.8394 | EP17: 929.8394 | EQ17: 929.8394 | ER17: 929.8394 | ES17: 937.65255 | ET17: 937.65255 | EU17: 937.65255 | EV17: 937.65255 | EW17: 937.65255 | EX17: 903.25545 | EY17: 903.25545 | EZ17: 903.25545 | FA17: 903.25545 | FB17: 892.96567 | FC17: 892.96567 | FD17: 892.96567 | FE17: 892.96567 | FF17: 888.18379 | FG17: 888.18379 | FH17: 888.18379 | FI17: 888.18379 | FJ17: 888.72553 | FK17: 888.72553 | FL17: 888.72553 | FM17: 888.72553 | FN17: 907.07292 | FO17: 907.07292 | FP17: 907.07292 | FQ17: 907.07292 | FR17: 882.40132 | FS17: 882.40132 | FT17: 882.40132 | FU17: 882.40132 | FV17: 882.40132 | FW17: 879.34169 | FX17: 879.34169 | FY17: 879.34169 | FZ17: 879.34169 | GA17: 869.51495 | GB17: 869.51495 | GC17: 869.51495 | GD17: 869.51495 | GE17: 869.51495 | GF17: 858.88795 | GG17: 858.88795 | GH17: 858.88795 | GI17: 858.88795 | GJ17: 871.88031 | GK17: 871.88031 | GL17: 871.88031 | GM17: 871.88031 | GN17: 720.35177 | GO17: 720.35177 | GP17: 720.35177 | GQ17: 720.35177 | GR17: 720.35177 | GS17: 720.5242 | GT17: 720.5242 | GU17: 720.5242 | GV17: 720.5242 | GW17: 733.77441 | GX17: 733.77441 | GY17: 733.77441 | GZ17: 733.77441 | HA17: 747.86079 | HB17: 747.86079 | HC17: 747.86079 | HD17: 747.86079 | HE17: 747.86079 | HF17: 747.86079 | HG17: 747.86079 | HH17: 747.86079 | HI17: 747.86079 | HJ17: 746.42906 | HK17: 746.42906 | HL17: 746.42906 | HM17: 746.42906 | HN17: 774.16654 | HO17: 774.16654 | HP17: 774.16654 | HQ17: 774.16654 | HR17: 774.16654 | HS17: 732.9716 | HT17: 732.9716 | HU17: 732.9716 | HV17: 732.9716 | HW17: 750.60093 | HX17: 750.60093 | HY17: 750.60093 | HZ17: 750.60093 | IA17: 753.75296 | IB17: 753.75296 | IC17: 753.75296 | ID17: 753.75296 | IE17: 753.75296
H18: Điểm hòa vốn sử dụng 100% Olefin | O18: =CG18 -> 0 | P18: =CH18 -> 0 | BC18: Điểm hòa vốn sử dụng 100% Olefin
H19: Giá bán vảy | BC19: Giá bán vảy | CW19: 810 | CX19: 810 | CY19: 810 | CZ19: 810 | DA19: 810 | DB19: 810 | DC19: 810 | DD19: ='Ma trận giá bán vảy HDPE ÉP'!AR6 -> 810 | DE19: ='Ma trận giá bán vảy HDPE ÉP'!AS6 -> 810 | DF19: ='Ma trận giá bán vảy HDPE ÉP'!AT6 -> 810 | DG19: ='Ma trận giá bán vảy HDPE ÉP'!AU6 -> 810 | DH19: ='Ma trận giá bán vảy HDPE ÉP'!AV6 -> 880 | DI19: ='Ma trận giá bán vảy HDPE ÉP'!AW6 -> 880 | DJ19: ='Ma trận giá bán vảy HDPE ÉP'!AX6 -> 880 | DK19: ='Ma trận giá bán vảy HDPE ÉP'!AY6 -> 900 | ... IE19: ='Ma trận giá bán vảy HDPE ÉP'!FS6 -> 0
DG22: =DG8/DG13-1 -> -0.077669903 | DH22: =DH8/DH13-1 -> -0.077669903 | DI22: =DI8/DI13-1 -> -0.05 | DJ22: =DJ8/DJ13-1 -> -0.05

Sheet PP-tháng

Sheet PP_tuần

Sheet Ma trận giá bán rPP
F3: MA TRẬN GIÁ BÁN rPP | BE3: 2023 | BI3: 07.02 | BJ3: 14.02 | BK3: 21.02 | BL3: 28.02 | BM3: 7.03 | BN3: 14.03 | BO3: 21.03 | BP3: 28.03 | BQ3: 30.03 | BR3: 6.04 | BS3: 13.04 | BT3: 20.04 | BU3: 27.04 | BV3: 4.05 | BX3: 23.05 | BY3: 30.05 | BZ3: 6.06 | CA3: 13.06 | CB3: 20.06 | DD3: 2024 | FB3: 2025
F4: Tỷ giá | I4: 24000 | J4: 24000 | K4: 24000 | L4: 24000 | M4: 24000 | N4: 24000 | O4: 24000 | P4: 24000 | Q4: 24000 | R4: 24000 | S4: 24000 | T4: 24000 | BD4: 24000 | BE4: 24000 | BF4: 24000 | BG4: 24000 | BH4: 24000 | BI4: 24000 | BJ4: 24000 | BK4: 24000 | BL4: 24000 | BM4: 24000 | BN4: 24000 | BO4: 24000 | BP4: 24000 | BQ4: 24000 | BR4: 24000 | BS4: 24000 | BT4: 24000 | BU4: 24000 | BV4: 24000 | BW4: 24000 | BX4: 24000 | BY4: 24000 | BZ4: 24000 | CA4: 24000 | CB4: 24000 | CC4: 24000 | CD4: 24000 | CE4: 24000 | CF4: 24000 | CG4: 24000 | CH4: 24000 | CI4: 24000 | CJ4: 24000 | CK4: 24000 | CL4: 24000 | CM4: 24000 | CN4: 24000 | CO4: 24000 | CP4: 24000 | CQ4: 24000 | CR4: 24000 | CS4: 24000 | CT4: 24000 | CU4: 24000 | CV4: 24000 | CW4: 24000 | CX4: 24000 | CY4: 24000 | CZ4: 24000 | DA4: 24000 | DB4: 24000 | DC4: 24000 | DD4: 24000 | DE4: 24000 | DF4: 24000 | DG4: 24000 | HA4: 2026
A5: Stt | B5: Mã SAP | C5: Tên hàng hóa SAP | D5: Mã SP | E5: Tên sản phẩm | F5: Diễn giải | G5: Đơn vị tính | H5: Diễn giải | I5: T1/23 | J5: 2 | K5: 3 | L5: 4 | M5: 5 | N5: 6 | O5: 7 | P5: 8 | Q5: 9 | R5: 10 | S5: 11 | T5: 12 | U5: T1.24 | V5: 2 | W5: 3 | X5: 4 | Y5: 5 | Z5: 6 | AA5: 7 | AB5: 8 | AC5: 9 | AD5: 10 | AE5: 11 | AF5: 12 | AG5: T1.25 | AH5: 2 | AI5: 3 | AJ5: 4 | AK5: 5 | AL5: 6 | AM5: 7 | AN5: 8 | AO5: 9 | AP5: 10 | AQ5: 11 | AR5: 12 | AS5: T1.26 | AT5: 2 | AU5: 3 | AV5: 4 | AW5: 5 | AX5: 6 | AY5: 7 | BA5: Mã SP | BB5: Tên sản phẩm | BC5: Diễn giải | BD5: 52 | BE5: 1 | BF5: 2 | BG5: 3 | BH5: 5 | BI5: 6 | BJ5: 7 | BK5: 8 | BL5: 9 | BM5: 10 | BN5: 11 | BO5: 12 | BP5: 13 | BQ5: 14 | BR5: 15 | BS5: 16 | BT5: 17 | BU5: 18 | BV5: 19 | BW5: 20 | BX5: 21 | BY5: 22 | BZ5: 23 | CA5: 24 | CB5: 25 | CC5: 26 | CD5: 27 | CE5: 28 | CF5: 29 | CG5: 30 | CH5: 31 | CI5: 32 | CJ5: 33 | CK5: 34 | CL5: 35 | CM5: 36 | CN5: 37 | CO5: 38 | CP5: 39 | CQ5: 40 | CR5: 41 | CS5: 42 | CT5: 43 | CU5: 44 | CV5: 45 | CW5: 46 | CX5: 47 | CY5: 48 | CZ5: 49 | DA5: 50 | DB5: 51 | DC5: 52 | DD5: 1/24 | DE5: 02 | DF5: 03 | DG5: 04 | DH5: 05 | DI5: 08 | DJ5: 09 | DK5: 10 | DL5: 11 | DM5: 12 | DN5: 13 | DO5: 14 | DP5: 15 | DQ5: 16 | DR5: 17 | DS5: 18 | DT5: 19 | DU5: 20 | DV5: 21 | DW5: 22 | DX5: 23 | DY5: 24 | DZ5: 25 | EA5: 26 | EB5: 27 | EC5: 28 | ED5: 29 | EE5: 30 | EF5: 31 | EG5: 32 | EH5: 33 | EI5: 34 | EJ5: 35 | EK5: 36 | EL5: 37 | EM5: 38 | EN5: 39 | EO5: 40 | EP5: 41 | EQ5: 42 | ER5: 43 | ES5: 44 | ET5: 45 | EU5: 46 | EV5: 47 | EW5: 48 | EX5: 49 | EY5: 50 | EZ5: 51 | FA5: 52 | FB5: 01 | FC5: 02 | FD5: 03 | FE5: 04 | FF5: 06 | FG5: 07 | FH5: 08 | FI5: 09 | FJ5: 10 | FK5: 11 | FL5: 12 | FM5: 13 | FN5: 14 | FO5: 15 | FP5: 16 | FQ5: 17 | FR5: 18 | FS5: 19 | FT5: 20 | FU5: 21 | FV5: 22 | FW5: 23 | FX5: 24 | FY5: 25 | FZ5: 26 | GA5: 27 | GB5: 28 | GC5: 29 | GD5: 30 | GE5: 31 | GF5: 32 | GG5: 33 | GH5: 34 | GI5: 35 | GJ5: 36 | GK5: 37 | GL5: 38 | GM5: 39 | GN5: 40 | GO5: 41 | GP5: 42 | GQ5: 43 | GR5: 44 | GS5: 45 | GT5: 46 | GU5: 47 | GV5: 48 | GW5: 49 | GX5: 50 | GY5: 51 | GZ5: 52 | HA5: 01 | HB5: 02 | HC5: 03 | HD5: 04 | HE5: 05 | HF5: 06 | HG5: 07 | HH5: 08 | HI5: 09 | HJ5: 10 | HK5: 11 | HL5: 12 | HM5: 13 | HN5: 14 | HO5: 15 | HP5: 16 | HQ5: 17 | HR5: 18 | HS5: 19 | HT5: 20 | HU5: 21 | HV5: 22 | HW5: 23 | HX5: 24 | HY5: 25 | HZ5: 26 | IA5: 27 | IB5: 28 | IC5: 29 | ID5: 30 | IE5: 31
A6: 3 | B6: 150000007 | C6: Vảy PET DBF01-CR | E6: A4 - Vảy PET tuyển -RL mua ngoài | F6: Vảy PP tuyển | G6: đồng /kg | H6: =F6 -> Vảy PP tuyển | BB6: A4 - Vảy PET tuyển -RL mua ngoài | BC6: =F6 -> Vảy PP tuyển
A7: 3 | B7: 150000007 | C7: Vảy PET DBF01-CR | E7: A4 - Vảy PET tuyển -RL mua ngoài | F7: Vảy PP tuyển | G7: $ /tấn | H7: =F7 -> Vảy PP tuyển | I7: =I6/I4*1000 -> 0 | J7: =J6/J4*1000 -> 0 | K7: =K6/K4*1000 -> 0 | BB7: A4 - Vảy PET tuyển -RL mua ngoài | BC7: =F7 -> Vảy PP tuyển | BD7: 666.66667 | BE7: 666.66667 | BF7: 666.66667 | BG7: 666.66667 | BH7: 666.66667 | BI7: 666.66667 | BJ7: 666.66667 | BK7: 666.66667 | BL7: 666.66667 | BM7: 666.66667 | BN7: 666.66667 | BO7: 666.66667 | BP7: 666.66667 | BQ7: 666.66667 | BR7: 666.66667 | BS7: 666.66667 | BT7: 666.66667 | BU7: 666.66667 | BV7: 666.66667 | BW7: 666.66667 | BX7: 666.66667 | BY7: 666.66667 | BZ7: 666.66667 | CA7: 666.66667 | CB7: 666.66667 | CC7: 666.66667 | CD7: 666.66667 | CE7: 666.66667 | CF7: 666.66667 | CG7: 666.66667 | CH7: 666.66667 | CI7: 666.66667 | CJ7: 666.66667 | CK7: 666.66667 | CL7: 666.66667 | CM7: 666.66667 | CN7: 666.66667 | CO7: 666.66667 | CP7: 666.66667 | CQ7: 666.66667 | CR7: 666.66667 | CS7: 666.66667 | CT7: 666.66667 | CU7: 666.66667 | CV7: 666.66667 | CW7: 666.66667 | CX7: 666.66667 | CY7: 666.66667 | CZ7: 666.66667 | DA7: 666.66667 | DB7: 666.66667 | DC7: 666.66667 | DD7: 666.66667 | DE7: 666.66667 | DF7: 666.66667 | DG7: 666.66667 | DH7: 666.66667 | DI7: 666.66667 | DJ7: 666.66667 | DK7: 666.66667 | DL7: 666.66667 | DM7: 666.66667
D8: A4 | E8: A4 - Vảy PET tuyển -RL mua ngoài | F8: Vảy PP tuyển mua ngoài - ICIS | G8: $ /tấn | H8: =F8 -> Vảy PP tuyển mua ngoài - ICIS | BB8: A4 - Vảy PET tuyển -RL mua ngoài | BC8: =F8 -> Vảy PP tuyển mua ngoài - ICIS
A9: 5 | B9: 110000329 | C9: Hạt rPET WSS01 | E9: WSS01 - Hạt rPET (IV 0.78) | F9: DTR | G9: $ /tấn | H9: DTR | I9: =+SUM(BE9:BH9)/COUNT(BE9:BH9) -> 1100 | J9: =+SUM(BI9:BL9)/COUNT(BI9:BL9) -> 1100 | K9: =+SUM(BM9:BQ9)/COUNT(BM9:BQ9) -> 1100 | L9: =+SUM(BR9:BU9)/COUNT(BR9:BU9) -> 1100 | M9: =+SUM(BV9:BY9)/COUNT(BV9:BY9) -> 1087.5 | N9: =+SUM(BZ9:CC9)/COUNT(BZ9:CC9) -> 1050 | O9: =+SUM(CD9:CG9)/COUNT(CD9:CG9) -> 1050 | P9: =+SUM(CH9:CL9)/COUNT(CH9:CL9) -> 950 | Q9: =+SUM(CM9:CP9)/COUNT(CM9:CP9) -> 950 | R9: =+SUM(CQ9:CR9)/COUNT(CQ9:CR9) -> 950 | S9: =+SUM(CR9:CW9)/COUNT(CR9:CW9) -> 950 | T9: =+SUM(CY9:DC9)/COUNT(CY9:DC9) -> 950 | U9: =+SUM(DD9:DG9)/COUNT(DD9:DG9) -> 930 | V9: =+SUM(DH9:DJ9)/COUNT(DH9:DJ9) -> 930 | W9: =+SUM(DK9:DN9)/COUNT(DK9:DN9) -> 930 | X9: =+SUM(DO9:DR9)/COUNT(DO9:DR9) -> 950 | Y9: =+SUM(DS9:DW9)/COUNT(DS9:DW9) -> 950 | Z9: =+SUM(DX9:EA9)/COUNT(DX9:EA9) -> 950 | AA9: 950 | AB9: 950 | AC9: 910 | AD9: 900 | AE9: 900 | AF9: 900 | AG9: 900 | AH9: 820 | AI9: 840 | AJ9: 835 | AK9: 815 | AL9: 815 | AM9: 789.5 | AN9: =789.5-20 -> 769.5 | AO9: =789.5-20-15 -> 754.5 | AP9: 740 | AQ9: 715 | AR9: 705 | AS9: 695 | AT9: 695 | AU9: 720 | AV9: 1190 | AW9: 1230 | AX9: 1080 | AY9: 1010 | BC9: DTR | BD9: 1250 | BE9: 1100 | BF9: 1100 | BG9: 1100 | BH9: 1100 | BI9: 1100 | BJ9: 1100 | BK9: 1100 | BL9: 1100 | BM9: 1100 | BN9: 1100 | BO9: 1100 | BP9: 1100 | BQ9: 1100 | BR9: 1100 | BS9: 1100 | BT9: 1100 | BU9: 1100 | BV9: 1100 | BW9: 1100 | BX9: 1100 | BY9: 1050 | BZ9: 1050 | CA9: 1050 | CB9: 1050 | CC9: 1050 | CD9: 1050 | CE9: 1050 | CF9: 1050 | CG9: 1050 | CH9: 950 | CI9: 950 | CJ9: 950 | CK9: 950 | CL9: 950 | CM9: 950 | CN9: 950 | CO9: 950 | CP9: 950 | CQ9: 950 | CR9: 950 | CS9: 950 | CT9: 950 | CU9: 950 | CV9: 950 | CW9: 950 | CX9: 950 | CY9: 950 | CZ9: 950 | DA9: 950 | DB9: 950 | DC9: 950 | DD9: 930 | DE9: 930 | DF9: 930 | DG9: 930 | DH9: 930 | DI9: 930 | DJ9: 930 | DK9: 930 | DL9: 930 | DM9: 930 | DN9: 930 | DO9: 950 | DP9: 950 | DQ9: 950 | DR9: 950 | DS9: 950 | DT9: 950 | DU9: 950 | DV9: 950 | DW9: 950 | DX9: 950 | DY9: 950 | DZ9: 950 | EA9: 950 | EB9: 950 | EC9: 950 | ED9: 950 | EE9: 950 | EF9: 950 | EG9: 950 | EH9: 950 | EI9: 950 | EJ9: 950 | EK9: 910 | EL9: 910 | EM9: 910 | EN9: 910 | EO9: 900 | EP9: 900 | EQ9: 900 | ER9: 900 | ES9: 900 | ET9: 900 | EU9: 900 | EV9: 900 | EW9: 900 | EX9: 900 | EY9: 900 | EZ9: 900 | FA9: 900 | FB9: 900 | FC9: 900 | FD9: 900 | FE9: 900 | FF9: 820 | FG9: 820 | FH9: 820 | FI9: 820 | FJ9: 840 | FK9: 840 | FL9: 840 | FM9: 840 | FN9: 835 | FO9: 835 | FP9: 835 | FQ9: 835 | FR9: 815 | FS9: 815 | FT9: 815 | FU9: 815 | FV9: 815 | FW9: 815 | FX9: 815 | FY9: 815 | FZ9: 815 | GA9: 789.5 | GB9: 789.5 | GC9: 789.5 | GD9: 789.5 | GE9: 789.5 | GF9: =789.5-20 -> 769.5 | GG9: =789.5-20 -> 769.5 | GH9: =789.5-20 -> 769.5 | GI9: =789.5-20 -> 769.5 | GJ9: =789.5-20-15 -> 754.5 | GK9: =789.5-20-15 -> 754.5 | GL9: =789.5-20-15 -> 754.5 | GM9: =789.5-20-15 -> 754.5 | GN9: 740 | GO9: 740 | GP9: 740 | GQ9: 740 | GR9: 740 | GS9: 715 | GT9: 715 | GU9: 715 | GV9: 715 | GW9: 705 | GX9: 705 | GY9: 705 | GZ9: 705 | HA9: 695 | HB9: 695 | HC9: 695 | HD9: 695 | HE9: 695 | HF9: 695 | HG9: 695 | HH9: 695 | HI9: 695 | HJ9: 720 | HK9: 720 | HL9: =720+50 -> 770 | HM9: =720+50 -> 770 | HN9: 1190 | HO9: 1190 | HP9: 1190 | HQ9: 1190 | HR9: 1190 | HS9: 1230 | HT9: 1230 | HU9: 1230 | HV9: 1230 | HW9: 1080 | HX9: 1080 | HY9: 1080 | HZ9: 1080 | IA9: 1010 | IB9: 1010 | IC9: 1010 | ID9: 1010 | IE9: 1010
F10: FOB rPP | H10: Giá rPP | I10: =+SUM(BE10:BH10)/COUNT(BE10:BH10) -> 1125 | J10: =+SUM(BI10:BL10)/COUNT(BI10:BL10) -> 1125 | K10: =+SUM(BM10:BQ10)/COUNT(BM10:BQ10) -> 1125 | L10: =+SUM(BR10:BU10)/COUNT(BR10:BU10) -> 1125 | M10: =+SUM(BV10:BY10)/COUNT(BV10:BY10) -> 1112.5 | N10: =+SUM(BZ10:CC10)/COUNT(BZ10:CC10) -> 1075 | O10: =+SUM(CD10:CG10)/COUNT(CD10:CG10) -> 1075 | P10: =+SUM(CH10:CL10)/COUNT(CH10:CL10) -> 975 | Q10: =+SUM(CM10:CP10)/COUNT(CM10:CP10) -> 975 | R10: =+SUM(CQ10:CR10)/COUNT(CQ10:CR10) -> 975 | S10: =+SUM(CR10:CW10)/COUNT(CR10:CW10) -> 975 | T10: =+SUM(CY10:DC10)/COUNT(CY10:DC10) -> 975 | U10: =+SUM(DD10:DG10)/COUNT(DD10:DG10) -> 955 | V10: =+SUM(DH10:DJ10)/COUNT(DH10:DJ10) -> 955 | W10: =+SUM(DK10:DN10)/COUNT(DK10:DN10) -> 955 | X10: =+SUM(DO10:DR10)/COUNT(DO10:DR10) -> 975 | Y10: =+SUM(DS10:DW10)/COUNT(DS10:DW10) -> 975 | Z10: =+SUM(DX10:EA10)/COUNT(DX10:EA10) -> 975 | AA10: 975 | AB10: 975 | AC10: 975 | AD10: 975 | AE10: 975 | AF10: 975 | AG10: 975 | AH10: 975 | AI10: 975 | AJ10: 975 | AK10: 975 | AL10: 975 | AM10: 975 | AN10: 975 | AO10: 975 | AP10: 975 | AQ10: 975 | AR10: 975 | AS10: 975 | AT10: 975 | AU10: 975 | BC10: DTR FOB rPP | BD10: =+BD9+40 -> 1290 | BE10: =+BE9+25 -> 1125 | BF10: =+BF9+25 -> 1125 | BG10: =+BG9+25 -> 1125 | BH10: =+BH9+25 -> 1125 | BI10: =+BI9+25 -> 1125 | BJ10: =+BJ9+25 -> 1125 | BK10: =+BK9+25 -> 1125 | BL10: =+BL9+25 -> 1125 | ... EQ10: =+EQ9+25 -> 925
A11: 9 | D11: ICIS | E11: ICIS giá rPET ($ /tấn) | F11: Hạt đen (Châu Âu) - ICIS | G11: $ /tấn | H11: =F11 -> Hạt đen (Châu Âu) - ICIS | I11: =+SUM(BE11:BH11)/COUNT(BE11:BH11) -> 1063.43 | J11: =+SUM(BI11:BL11)/COUNT(BI11:BL11) -> 1063.4425 | K11: =+SUM(BM11:BQ11)/COUNT(BM11:BQ11) -> 1061.062 | L11: =+SUM(BR11:BU11)/COUNT(BR11:BU11) -> 1038.75 | M11: =+SUM(BV11:BY11)/COUNT(BV11:BY11) -> 963 | N11: =+SUM(BZ11:CC11)/COUNT(BZ11:CC11) -> 941.7075 | O11: =+SUM(CD11:CG11)/COUNT(CD11:CG11) -> 936.715 | P11: =+SUM(CH11:CL11)/COUNT(CH11:CL11) -> 890.976 | Q11: =+SUM(CM11:CP11)/COUNT(CM11:CP11) -> 873.0975 | R11: =+SUM(CQ11:CT11)/COUNT(CQ11:CT11) -> 850.1225 | S11: =+SUM(CU11:CX11)/COUNT(CU11:CX11) -> 862.17 | T11: =+SUM(CY11:DC11)/COUNT(CY11:DC11) -> 813.334 | U11: =+SUM(DD11:DG11)/COUNT(DD11:DG11) -> 795.7475 | V11: =+SUM(DH11:DJ11)/COUNT(DH11:DJ11) -> 808.89 | W11: =+SUM(DK11:DN11)/COUNT(DK11:DN11) -> 807.18 | BA11: ICIS | BB11: ICIS giá rPET ($ /tấn) | BC11: =H11 -> Hạt đen (Châu Âu) - ICIS | BD11: =#REF! -> #REF! | BE11: 1041.21 | BF11: 1069.97 | BG11: 1068.11 | BH11: 1074.43 | BI11: 1082.61 | BJ11: 1065.47 | BK11: 1056.65 | BL11: 1049.04 | BM11: 1050.44 | BN11: 1046.36 | BO11: 1051.39 | BP11: 1078.12 | BQ11: 1079 | BR11: 1086 | BS11: 1086 | BT11: 992 | BU11: 991 | BV11: 982 | BW11: 970 | BX11: 965 | BY11: 935 | BZ11: 937.84 | CA11: 951.1 | CB11: 952.95 | CC11: 924.94 | CD11: 924.94 | CE11: 924.07 | CF11: 951.34 | CG11: 946.51 | CH11: 896.52 | CI11: 892.09 | CJ11: 897.78 | CK11: 886.14 | CL11: 882.35 | CM11: 882.35 | CN11: 872.34 | CO11: 868.61 | CP11: 869.09 | CQ11: 851.44 | CR11: 847.31 | CS11: 850.87 | CT11: 850.87 | CU11: 847.98 | CV11: 862.54 | CW11: 862.54 | CX11: 875.62 | CY11: 878.23 | CZ11: 796.36 | DA11: 787.17 | DB11: 802.63 | DC11: 802.28 | DD11: 799.72 | DE11: 799.05 | DF11: 792.11 | DG11: 792.11 | DH11: 812.31 | DI11: 807.18 | DJ11: 807.18 | DK11: 807.18
A12: 9 | D12: ICIS | E12: ICIS giá rPET ($ /tấn) | F12: Hạt màu (Châu Âu) - ICIS | G12: $ /tấn | H12: =F12 -> Hạt màu (Châu Âu) - ICIS | I12: =+SUM(BE12:BH12)/COUNT(BE12:BH12) -> 1476.7075 | J12: =+SUM(BI12:BL12)/COUNT(BI12:BL12) -> 1396.44 | K12: =+SUM(BM12:BQ12)/COUNT(BM12:BQ12) -> 1393.316 | L12: =+SUM(BR12:BU12)/COUNT(BR12:BU12) -> 1427.4325 | M12: =+SUM(BV12:BY12)/COUNT(BV12:BY12) -> 1403 | N12: =+SUM(BZ12:CC12)/COUNT(BZ12:CC12) -> 1417.6175 | O12: =+SUM(CD12:CG12)/COUNT(CD12:CG12) -> 964.2675 | P12: =+SUM(CH12:CL12)/COUNT(CH12:CL12) -> 956.568 | Q12: =+SUM(CM12:CP12)/COUNT(CM12:CP12) -> 937.3775 | R12: =+SUM(CQ12:CT12)/COUNT(CQ12:CT12) -> 924.0425 | S12: =+SUM(CU12:CX12)/COUNT(CU12:CX12) -> 937.145 | T12: =+SUM(CY12:DC12)/COUNT(CY12:DC12) -> 955.284 | U12: =+SUM(DD12:DG12)/COUNT(DD12:DG12) -> 953.805 | V12: =+SUM(DH12:DJ12)/COUNT(DH12:DJ12) -> 943.70333 | W12: =+SUM(DK12:DN12)/COUNT(DK12:DN12) -> 941.71 | BA12: ICIS | BB12: ICIS giá rPET ($ /tấn) | BC12: =H12 -> Hạt màu (Châu Âu) - ICIS | BD12: =#REF! -> #REF! | BE12: 1472.42 | BF12: 1513.09 | BG12: 1510.45 | BH12: 1410.87 | BI12: 1421.61 | BJ12: 1399.1 | BK12: 1387.52 | BL12: 1377.53 | BM12: 1379.37 | BN12: 1374.01 | BO12: 1380.62 | BP12: 1415.71 | BQ12: 1416.87 | BR12: 1420.31 | BS12: 1426.12 | BT12: 1432.19 | BU12: 1431.11 | BV12: 1419 | BW12: 1401 | BX12: 1394 | BY12: 1398 | BZ12: 1401.38 | CA12: 1421.19 | CB12: 1423.95 | CC12: 1423.95 | CD12: 952.15 | CE12: 951.25 | CF12: 979.32 | CG12: 974.35 | CH12: 962.52 | CI12: 957.76 | CJ12: 963.87 | CK12: 951.38 | CL12: 947.31 | CM12: 947.31 | CN12: 936.56 | CO12: 932.56 | CP12: 933.08 | CQ12: 925.48 | CR12: 920.99 | CS12: 924.85 | CT12: 924.85 | CU12: 921.72 | CV12: 937.55 | CW12: 937.55 | CX12: 951.76 | CY12: 954.6 | CZ12: 954.6 | DA12: 943.52 | DB12: 962.06 | DC12: 961.64 | DD12: 958.57 | DE12: 957.77 | DF12: 949.44 | DG12: 949.44 | DH12: 947.69 | DI12: 941.71 | DJ12: 941.71 | DK12: 941.71
D13: Anh 12 | F13: RESIN | G13: $ /tấn | H13: =F13 -> RESIN | I13: =+SUM(BE13:BH13)/COUNT(BE13:BH13) -> 1045 | J13: =+SUM(BI13:BL13)/COUNT(BI13:BL13) -> 1087.5 | K13: =+SUM(BM13:BQ13)/COUNT(BM13:BQ13) -> 1040 | L13: =+SUM(BR13:BU13)/COUNT(BR13:BU13) -> 1027.5 | M13: =+SUM(BV13:BY13)/COUNT(BV13:BY13) -> 967.5 | N13: =+SUM(BZ13:CC13)/COUNT(BZ13:CC13) -> 887.5 | O13: =+SUM(CD13:CG13)/COUNT(CD13:CG13) -> 900 | P13: =+SUM(CH13:CL13)/COUNT(CH13:CL13) -> 958 | Q13: =+SUM(CM13:CP13)/COUNT(CM13:CP13) -> 980 | R13: =+SUM(CQ13:CT13)/COUNT(CQ13:CT13) -> 967.5 | S13: =+SUM(CU13:CX13)/COUNT(CU13:CX13) -> 927.5 | T13: =+SUM(CY13:DC13)/COUNT(CY13:DC13) -> 926 | U13: =+SUM(DD13:DG13)/COUNT(DD13:DG13) -> 962.5 | V13: =+SUM(DH13:DJ13)/COUNT(DH13:DJ13) -> 986.66667 | W13: =+SUM(DK13:DN13)/COUNT(DK13:DN13) -> 990 | X13: =+SUM(DO13:DR13)/COUNT(DO13:DR13) -> 992.5 | Y13: =+SUM(DS13:DW13)/COUNT(DS13:DW13) -> 1002 | Z13: =+SUM(DX13:EA13)/COUNT(DX13:EA13) -> 1025 | AA13: =+SUM(EB13:EE13)/COUNT(EB13:EE13) -> 1020 | AB13: =+SUM(EF13:EJ13)/COUNT(EF13:EJ13) -> 970 | AC13: =+SUM(EK13:EN13)/COUNT(EK13:EN13) -> 955 | AD13: =+SUM(EP13:ER13)/COUNT(EP13:ER13) -> 956.66667 | AE13: =+SUM(ES13:EW13)/COUNT(ES13:EW13) -> 968 | AF13: =+SUM(EX13:FA13)/COUNT(EX13:FA13) -> 960 | AG13: =+SUM(FB13:FE13)/COUNT(FB13:FE13) -> 970 | AH13: =+SUM(FF13:FI13)/COUNT(FF13:FI13) -> 985 | AI13: =+SUM(FJ13:FM13)/COUNT(FJ13:FM13) -> 980 | AJ13: =+SUM(FN13:FQ13)/COUNT(FN13:FQ13) -> 965 | AK13: =+SUM(FR13:FV13)/COUNT(FR13:FV13) -> 932 | AL13: =+SUM(FW13:FZ13)/COUNT(FW13:FZ13) -> 922.5 | AM13: =+SUM(GA13:GE13)/COUNT(GA13:GE13) -> 918 | AN13: =+SUM(GF13:GI13)/COUNT(GF13:GI13) -> 895 | AO13: =+SUM(GJ13:GM13)/COUNT(GJ13:GM13) -> 870 | AP13: =+SUM(GN13:GR13)/COUNT(GN13:GR13) -> 842 | AQ13: =+SUM(GS13:GV13)/COUNT(GS13:GV13) -> 827.5 | AR13: =+SUM(GW13:GZ13)/COUNT(GW13:GZ13) -> 820 | AS13: =+SUM(HA13:HE13)/COUNT(HA13:HE13) -> 816 | AT13: =+SUM(HF13:HI13)/COUNT(HF13:HI13) -> 847.5 | AU13: =+SUM(HJ13:HM13)/COUNT(HJ13:HM13) -> 1250 | AV13: =+SUM(HN13:HR13)/COUNT(HN13:HR13) -> 1437 | AW13: =+SUM(HS13:HV13)/COUNT(HS13:HV13) -> 1356.25 | AX13: =+SUM(HW13:HZ13)/COUNT(HW13:HZ13) -> 1175 | AY13: =+SUM(IA13:IE13)/COUNT(IA13:IE13) -> 1025 | BA13: Anh 12 | BC13: RESIN | BD13: 1000 | BE13: =BD13 -> 1000 | BF13: 1010 | BG13: 1070 | BH13: 1100 | BI13: 1100 | BJ13: 1100 | BK13: 1090 | BL13: 1060 | BM13: 1060 | BN13: 1040 | BO13: 1040 | BP13: 1040 | BQ13: 1020 | BR13: 1020 | BS13: 1030 | BT13: 1030 | BU13: 1030 | BV13: 1030 | BW13: 1000 | BX13: 920 | BY13: 920 | BZ13: 910 | CA13: 880 | CB13: 880 | CC13: 880 | CD13: 870 | CE13: 890 | CF13: 920 | CG13: 920 | CH13: 950 | CI13: 960 | CJ13: 960 | CK13: 960 | CL13: 960 | CM13: 950 | CN13: 990 | CO13: 990 | CP13: 990 | CQ13: 980 | CR13: 970 | CS13: 970 | CT13: 950 | CU13: 950 | CV13: 920 | CW13: 920 | CX13: 920 | CY13: 920 | CZ13: 920 | DA13: 930 | DB13: 930 | DC13: 930 | DD13: 930 | DE13: 970 | DF13: 970 | DG13: 980 | DH13: 1000 | DI13: 980 | DJ13: 980 | DK13: 980 | DL13: 980 | DM13: 1000 | DN13: 1000 | DO13: 1000 | DP13: 990 | DQ13: 990 | DR13: 990 | DS13: 990 | DT13: 1000 | DU13: 1000 | DV13: 1000 | DW13: 1020 | DX13: 1020 | DY13: 1020 | DZ13: 1030 | EA13: 1030 | EB13: 1030 | EC13: 1030 | ED13: 1030 | EE13: 990 | EF13: 980 | EG13: 980 | EH13: 970 | EI13: 960 | EJ13: 960 | EK13: 960 | EL13: 960 | EM13: 950 | EN13: 950 | EO13: 950 | EP13: 950 | EQ13: 950 | ER13: 970 | ES13: 970 | ET13: 970 | EU13: 970 | EV13: 970 | EW13: 960 | EX13: 960 | EY13: 960 | EZ13: 960 | FA13: 960 | FB13: 960 | FC13: 970 | FD13: 970 | FE13: 980 | FF13: 970 | FG13: 1000 | FH13: 990 | FI13: 980 | FJ13: 980 | FK13: 980 | FL13: 980 | FM13: 980 | FN13: 980 | FO13: 970 | FP13: 960 | FQ13: 950 | FR13: 950 | FS13: 930 | FT13: 930 | FU13: 930 | FV13: 920 | FW13: 920 | FX13: 910 | FY13: 930 | FZ13: 930 | GA13: 930 | GB13: 930 | GC13: 930 | GD13: 900 | GE13: 900 | GF13: 900 | GG13: 900 | GH13: 890 | GI13: 890 | GJ13: 890 | GK13: 870 | GL13: 870 | GM13: 850 | GN13: 850 | GO13: 850 | GP13: 840 | GQ13: 840 | GR13: 830 | GS13: 830 | GT13: 830 | GU13: 830 | GV13: 820 | GW13: 820 | GX13: 820 | GY13: 820 | GZ13: 820 | HA13: 810 | HB13: 810 | HC13: 820 | HD13: 820 | HE13: 820 | HF13: 840 | HG13: 850 | HH13: 850 | HI13: 850 | HJ13: 1000 | HK13: 1200 | HL13: 1400 | HM13: 1400 | HN13: 1400 | HO13: 1450 | HP13: =+(1340+1550)/2 -> 1445 | HQ13: =+(1340+1550)/2 -> 1445 | HR13: =+(1340+1550)/2 -> 1445 | HS13: =+(1340+1550)/2 -> 1445 | HT13: =+(1300+1500)/2 -> 1400 | HU13: 1310 | HV13: 1270 | HW13: 1240 | HX13: 1220 | HY13: 1190 | HZ13: 1050 | IA13: 1030 | IB13: 1020
F14: TTCP | H14: TTCP | I14: =I13 -> 1045 | J14: =J13 -> 1087.5 | K14: =K13 -> 1040 | L14: =L13 -> 1027.5 | M14: =M13 -> 967.5 | N14: =N13 -> 887.5 | O14: =O13 -> 900 | P14: =P13 -> 958 | ... AY14: =AY13 -> 1025 | BC14: TTCP | BD14: =BD13 -> 1000 | BE14: =BE13 -> 1000 | BF14: =BF13 -> 1010 | BG14: =BG13 -> 1070 | BH14: =BH13 -> 1100 | BI14: =BI13 -> 1100 | BJ14: =BJ13 -> 1100 | BK14: =BK13 -> 1090 | ... IE14: =IE13 -> 0
F15: CL | H15: CL | I15: =+I9-I14 -> 55 | J15: =+J9-J14 -> 12.5 | K15: =+K9-K14 -> 60 | L15: =+L9-L14 -> 72.5 | M15: =+M9-M14 -> 120 | N15: =+N9-N14 -> 162.5 | O15: =+O9-O14 -> 150 | P15: =+P9-P14 -> -8 | ... AY15: =+AY9-AY14 -> -15 | BC15: CL | BD15: =+BD9-BD14 -> 250 | BE15: =+BE9-BE14 -> 100 | BF15: =+BF9-BF14 -> 90 | BG15: =+BG9-BG14 -> 30 | BH15: =+BH9-BH14 -> 0 | BI15: =+BI9-BI14 -> 0 | BJ15: =+BJ9-BJ14 -> 0 | BK15: =+BK9-BK14 -> 10 | ... IE15: =+IE9-IE14 -> 1010
F16: % | H16: % | I16: =+I15/I14 -> 0.052631579 | J16: =+J15/J14 -> 0.011494253 | K16: =+K15/K14 -> 0.057692308 | L16: =+L15/L14 -> 0.070559611 | M16: =+M15/M14 -> 0.12403101 | N16: =+N15/N14 -> 0.18309859 | O16: =+O15/O14 -> 0.16666667 | P16: =+P15/P14 -> -0.0083507307 | ... AY16: =+AY15/AY14 -> -0.014634146 | BC16: % | BD16: =+BD15/BD14 -> 0.25 | BE16: =+BE15/BE14 -> 0.1 | BF16: =+BF15/BF14 -> 0.089108911 | BG16: =+BG15/BG14 -> 0.028037383 | BH16: =+BH15/BH14 -> 0 | BI16: =+BI15/BI14 -> 0 | BJ16: =+BJ15/BJ14 -> 0 | BK16: =+BK15/BK14 -> 0.0091743119 | ... IE16: =+IE15/IE14 -> #DIV/0!
F17: Điểm hòa vốn | H17: Điểm hòa vốn | I17: 885 | J17: 885 | K17: 885 | L17: 885 | M17: 885 | N17: 885 | O17: 885 | P17: 885 | Q17: 885 | R17: 885 | S17: 885 | T17: 885 | U17: 885 | V17: 885 | W17: 885 | X17: 861 | Y17: 861 | Z17: 850 | AA17: 794 | AB17: 836.80122 | AC17: 856.1642 | AD17: 856.1642 | AE17: 856.1642 | AF17: 827.77378 | AG17: 842.58758 | AH17: 835.02956 | AI17: 835.02956 | AJ17: 821.92388 | AK17: 838 | AL17: 863.6859 | AM17: 864.84655 | AN17: 864.84655 | AO17: 864.84655 | AP17: 877 | AQ17: 899.20415 | AR17: 896.54966 | AS17: 896.54966 | AT17: 872.02589 | AU17: 886.41272 | AV17: 955.23708 | AW17: 915.30164 | AX17: 915.30164 | AY17: 915.30164 | BC17: Điểm hòa vốn | BD17: 1110 | BE17: 885 | BF17: 885 | BG17: 885 | BH17: 885 | BI17: 885 | BJ17: 885 | BK17: 885 | BL17: 885 | BM17: 885 | BN17: 885 | BO17: 885 | BP17: 885 | BQ17: 885 | BR17: 885 | BS17: 885 | BT17: 885 | BU17: 885 | BV17: 885 | BW17: 885 | BX17: 885 | BY17: 885 | BZ17: 885 | CA17: 885 | CB17: 885 | CC17: 885 | CD17: 885 | CE17: 885 | CF17: 885 | CG17: 885 | CH17: 885 | CI17: 885 | CJ17: 885 | CK17: 885 | CL17: 885 | CM17: 885 | CN17: 885 | CO17: 885 | CP17: 885 | CQ17: 885 | CR17: 885 | CS17: 885 | CT17: 885 | CU17: 885 | CV17: 885 | CW17: 885 | CX17: 885 | CY17: 885 | CZ17: 885 | DA17: 885 | DB17: 885 | DC17: 885 | DD17: 885 | DE17: 885 | DF17: 885 | DG17: 885 | DH17: 885 | DI17: 885 | DJ17: 885 | DK17: 885 | DL17: 885 | DM17: 885 | DN17: 885 | DO17: 861 | DP17: 861 | DQ17: 861 | DR17: 861 | DS17: 861 | DT17: 861 | DU17: 861 | DV17: 861 | DW17: 861 | DX17: 861 | DY17: 861 | DZ17: 861 | EA17: 861 | EB17: 794 | EC17: 794 | ED17: 794 | EE17: 794 | EF17: 836.80122 | EG17: 836.80122 | EH17: 836.80122 | EI17: 836.80122 | EJ17: 836.80122 | EK17: 856 | EL17: 856 | EM17: 856 | EN17: 856 | EO17: 856.1642 | EP17: 856.1642 | EQ17: 856.1642 | ER17: 856.1642 | ES17: 856.1642 | ET17: 856.1642 | EU17: 856.1642 | EV17: 856.1642 | EW17: 856.1642 | EX17: 827.77378 | EY17: 827.77378 | EZ17: 827.77378 | FA17: 827.77378 | FB17: 842.58758 | FC17: 842.58758 | FD17: 842.58758 | FE17: 842.58758 | FF17: 835.02956 | FG17: 835.02956 | FH17: 835.02956 | FI17: 835.02956 | FJ17: 835.02956 | FK17: 835.02956 | FL17: 835.02956 | FM17: 835.02956 | FN17: 821.92388 | FO17: 821.92388 | FP17: 821.92388 | FQ17: 821.92388 | FR17: 838 | FS17: 838 | FT17: 838 | FU17: 838 | FV17: 838 | FW17: 863.6859 | FX17: 863.6859 | FY17: 863.6859 | FZ17: 863.6859 | GA17: 864.84655 | GB17: 864.84655 | GC17: 864.84655 | GD17: 864.84655 | GE17: 864.84655 | GF17: 864.84655 | GG17: 864.84655 | GH17: 864.84655 | GI17: 864.84655 | GJ17: 864.84655 | GK17: 864.84655 | GL17: 864.84655 | GM17: 864.84655 | GN17: 877 | GO17: 877 | GP17: 877 | GQ17: 877 | GR17: 877 | GS17: 899.20415 | GT17: 899.20415 | GU17: 899.20415 | GV17: 899.20415 | GW17: 896.54966 | GX17: 896.54966 | GY17: 896.54966 | GZ17: 896.54966 | HA17: 896.54966 | HB17: 896.54966 | HC17: 896.54966 | HD17: 896.54966 | HE17: 896.54966 | HF17: 872.02589 | HG17: 872.02589 | HH17: 872.02589 | HI17: 872.02589 | HJ17: 886.41272 | HK17: 886.41272 | HL17: 886.41272 | HM17: 886.41272 | HN17: 955.23708 | HO17: 955.23708 | HP17: 955.23708 | HQ17: 955.23708 | HR17: 955.23708 | HS17: 915.30164 | HT17: 915.30164 | HU17: 915.30164 | HV17: 915.30164 | HW17: 915.30164 | HX17: 915.30164 | HY17: 915.30164 | HZ17: 915.30164 | IA17: 915.30164 | IB17: 915.30164 | IC17: 915.30164 | ID17: 915.30164 | IE17: 915.30164
F18: Giá bán vảy PP | BC18: Giá bán vảy PP | CW18: 810 | CX18: 810 | CY18: 810 | CZ18: 810 | DA18: 810 | DB18: 810 | DC18: 810 | DD18: 810 | DE18: 810 | DF18: 810 | DG18: 810 | DH18: ='Ma trận giá bán vảy PP'!BA6 -> 840 | DI18: ='Ma trận giá bán vảy PP'!BB6 -> 840 | DJ18: ='Ma trận giá bán vảy PP'!BC6 -> 840 | DK18: ='Ma trận giá bán vảy PP'!BD6 -> 880 | DL18: ='Ma trận giá bán vảy PP'!BE6 -> 880 | DM18: ='Ma trận giá bán vảy PP'!BF6 -> 880 | DN18: 880 | DO18: 900 | DP18: 900 | DQ18: 900 | DR18: 900 | DS18: 900 | DT18: 900 | DU18: 900 | DV18: 900 | DW18: 900 | DX18: 900 | DY18: 900 | DZ18: 900 | EA18: 900 | EB18: 900 | EC18: 900 | ED18: 900 | EE18: 900 | EF18: 900 | EG18: 900 | EH18: 900 | EI18: 900 | EJ18: 900 | EK18: 860 | EL18: 860 | EM18: 860 | EN18: ='Ma trận giá bán vảy PP'!CG6 -> 860 | EO18: ='Ma trận giá bán vảy PP'!CH6 -> 855 | EP18: ='Ma trận giá bán vảy PP'!CI6 -> 855 | EQ18: ='Ma trận giá bán vảy PP'!CJ6 -> 855 | ER18: ='Ma trận giá bán vảy PP'!CK6 -> 855 | ES18: ='Ma trận giá bán vảy PP'!CL6 -> 855 | ET18: ='Ma trận giá bán vảy PP'!CM6 -> 855 | EU18: ='Ma trận giá bán vảy PP'!CN6 -> 855 | ... IE18: ='Ma trận giá bán vảy PP'!FX6 -> 950

Sheet Vảy PP_tháng
A1: #VALUE!

Sheet Vảy PP_tuần

Sheet Ma trận giá bán vảy PP
H3: MA TRẬN GIÁ BÁN VẢY PP | AW3: 2024 | CU3: 2025
F4: Tỷ giá | I4: 24000 | AR4: 24000 | AS4: 24000 | AT4: 24000 | AU4: 24000 | AV4: 24000 | AW4: 24000 | AX4: 24000 | ET4: 2026
A5: Stt | B5: Mã SAP | C5: Tên hàng hóa SAP | D5: Mã SP | E5: Tên sản phẩm | F5: Diễn giải | G5: Đơn vị tính | H5: Diễn giải | I5: T12.23 | J5: T1.24 | K5: 2 | L5: 3 | M5: 4 | N5: 5 | O5: 6 | P5: 7 | Q5: 8 | R5: 9 | S5: 10 | T5: 11 | U5: 12 | V5: T1.25 | W5: 2 | X5: 3 | Y5: 4 | Z5: 5 | AA5: 6 | AB5: 7 | AC5: 8 | AD5: 9 | AE5: 10 | AF5: 11 | AG5: 12 | AH5: T1.26 | AI5: 2 | AJ5: 3 | AK5: 4 | AL5: 5 | AM5: 6 | AN5: 7 | AP5: Mã SP | AQ5: Diễn giải | AR5: 48 | AS5: 49 | AT5: 50 | AU5: 51 | AV5: 52 | AW5: 01 | AX5: 02 | AY5: 03 | AZ5: 04 | BA5: 05 | BB5: 08 | BC5: 09 | BD5: 10 | BE5: 11 | BF5: 12 | BG5: 13 | BH5: 14 | BI5: 15 | BJ5: 16 | BK5: 17 | BL5: 18 | BM5: 19 | BN5: 20 | BO5: 21 | BP5: 22 | BQ5: 23 | BR5: 24 | BS5: 25 | BT5: 26 | BU5: 27 | BV5: 28 | BW5: 29 | BX5: 30 | BY5: 31 | BZ5: 32 | CA5: 33 | CB5: 34 | CC5: 35 | CD5: 36 | CE5: 37 | CF5: 38 | CG5: 39 | CH5: 40 | CI5: 41 | CJ5: 42 | CK5: 43 | CL5: 44 | CM5: 45 | CN5: 46 | CO5: 47 | CP5: 48 | CQ5: 49 | CR5: 50 | CS5: 51 | CT5: 52 | CU5: 01 | CV5: 02 | CW5: 03 | CX5: 04 | CY5: 06 | CZ5: 07 | DA5: 08 | DB5: 09 | DC5: 10 | DD5: 11 | DE5: 12 | DF5: 13 | DG5: 14 | DH5: 15 | DI5: 16 | DJ5: 17 | DK5: 18 | DL5: 19 | DM5: 20 | DN5: 21 | DO5: 22 | DP5: 23 | DQ5: 24 | DR5: 25 | DS5: 26 | DT5: 27 | DU5: 28 | DV5: 29 | DW5: 30 | DX5: 31 | DY5: 32 | DZ5: 33 | EA5: 34 | EB5: 35 | EC5: 36 | ED5: 37 | EE5: 38 | EF5: 39 | EG5: 40 | EH5: 41 | EI5: 42 | EJ5: 43 | EK5: 44 | EL5: 45 | EM5: 46 | EN5: 47 | EO5: 48 | EP5: 49 | EQ5: 50 | ER5: 51 | ES5: 52 | ET5: 01 | EU5: 02 | EV5: 03 | EW5: 04 | EX5: 05 | EY5: 06 | EZ5: 07 | FA5: 08 | FB5: 09 | FC5: 10 | FD5: 11 | FE5: 12 | FF5: 13 | FG5: 14 | FH5: 15 | FI5: 16 | FJ5: 17 | FK5: 18 | FL5: 19 | FM5: 20 | FN5: 21 | FO5: 22 | FP5: 23 | FQ5: 24 | FR5: 25 | FS5: 26 | FT5: 27 | FU5: 28 | FV5: 29 | FW5: 30 | FX5: 31
A6: 5 | B6: 110000329 | C6: Hạt rPET WSS01 | E6: WSS01 - Hạt rPET (IV 0.78) | F6: DTR-Giá EXW xuất xưởng | G6: $ /tấn | H6: DTR | I6: 810 | J6: 810 | K6: 840 | L6: 880 | M6: 900 | N6: 900 | O6: 900 | P6: 900 | Q6: 900 | R6: 860 | S6: 855 | T6: 855 | U6: 855 | V6: =+SUM(CU6:CX6)/COUNT(CU6:CX6) -> 855 | W6: =+SUM(CY6:DB6)/COUNT(CY6:DB6) -> 780 | X6: =+SUM(DC6:DF6)/COUNT(DC6:DF6) -> 790 | Y6: 785 | Z6: 765 | AA6: 765 | AB6: 680 | AC6: =680-20 -> 660 | AD6: =680-20 -> 660 | AE6: 650 | AF6: 650 | AG6: 650 | AH6: 650 | AI6: 650 | AJ6: 680 | AK6: 1120 | AL6: 1155 | AM6: 1015 | AN6: 950 | AQ6: DTR | AR6: 810 | AS6: 810 | AT6: 810 | AU6: 810 | AV6: 810 | AW6: 810 | AX6: 810 | AY6: 810 | AZ6: 810 | BA6: 840 | BB6: 840 | BC6: 840 | BD6: 880 | BE6: 880 | BF6: 880 | BG6: 880 | BH6: 900 | BI6: 900 | BJ6: 900 | BK6: 900 | BL6: 900 | BM6: 900 | BN6: 900 | BO6: 900 | BP6: 900 | BQ6: 900 | BR6: 900 | BS6: 900 | BT6: 900 | BU6: 900 | BV6: 900 | BW6: 900 | BX6: 900 | BY6: 900 | BZ6: 900 | CA6: 900 | CB6: 900 | CC6: 900 | CD6: 860 | CE6: 860 | CF6: 860 | CG6: 860 | CH6: 855 | CI6: 855 | CJ6: 855 | CK6: 855 | CL6: 855 | CM6: 855 | CN6: 855 | CO6: 855 | CP6: 855 | CQ6: 855 | CR6: 855 | CS6: 855 | CT6: 855 | CU6: 855 | CV6: 855 | CW6: 855 | CX6: 855 | CY6: 780 | CZ6: 780 | DA6: 780 | DB6: 780 | DC6: 790 | DD6: 790 | DE6: 790 | DF6: 790 | DG6: 785 | DH6: 785 | DI6: 785 | DJ6: 785 | DK6: 765 | DL6: 765 | DM6: 765 | DN6: 765 | DO6: 765 | DP6: 765 | DQ6: 765 | DR6: 765 | DS6: 765 | DT6: 680 | DU6: 680 | DV6: 680 | DW6: 680 | DX6: 680 | DY6: =680-20 -> 660 | DZ6: =680-20 -> 660 | EA6: =680-20 -> 660 | EB6: =680-20 -> 660 | EC6: =680-20 -> 660 | ED6: =680-20 -> 660 | EE6: =680-20 -> 660 | EF6: =680-20 -> 660 | EG6: 650 | EH6: 650 | EI6: 650 | EJ6: 650 | EK6: 650 | EL6: 650 | EM6: 650 | EN6: 650 | EO6: 650 | EP6: 650 | EQ6: 650 | ER6: 650 | ES6: 650 | ET6: 650 | EU6: 650 | EV6: 650 | EW6: 650 | EX6: 650 | EY6: 650 | EZ6: 650 | FA6: 650 | FB6: 650 | FC6: 680 | FD6: 680 | FE6: =680+50 -> 730 | FF6: =680+50 -> 730 | FG6: 1120 | FH6: 1120 | FI6: 1120 | FJ6: 1120 | FK6: 1120 | FL6: 1155 | FM6: 1155 | FN6: 1155 | FO6: 1155 | FP6: 1015 | FQ6: 1015 | FR6: 1015 | FS6: 1015 | FT6: 950 | FU6: 950 | FV6: 950 | FW6: 950 | FX6: 950
D7: Anh 12 | F7: Giá keo PP chính phẩm | G7: $ /tấn | H7: RESIN | I7: =+SUM(AR7:AV7)/COUNT(AR7:AV7) -> 926 | J7: =+SUM(AW7:AZ7)/COUNT(AW7:AZ7) -> 962.5 | K7: =+SUM(BA7:BC7)/COUNT(BA7:BC7) -> 986.66667 | L7: =+SUM(BD7:BG7)/COUNT(BD7:BG7) -> 990 | M7: =+SUM(BH7:BK7)/COUNT(BH7:BK7) -> 992.5 | N7: =+SUM(BL7:BP7)/COUNT(BL7:BP7) -> 1002 | O7: =+SUM(BQ7:BT7)/COUNT(BQ7:BT7) -> 1025 | P7: =+SUM(BU7:BX7)/COUNT(BU7:BX7) -> 1020 | Q7: =+SUM(BY7:CC7)/COUNT(BY7:CC7) -> 970 | R7: =+SUM(CD7:CG7)/COUNT(CD7:CG7) -> 955 | S7: =+SUM(CH7:CK7)/COUNT(CH7:CK7) -> 955 | T7: =+SUM(CL7:CP7)/COUNT(CL7:CP7) -> 968 | U7: =+SUM(CQ7:CT7)/COUNT(CQ7:CT7) -> 960 | V7: =+SUM(CU7:CX7)/COUNT(CU7:CX7) -> 970 | W7: =+SUM(CY7:DB7)/COUNT(CY7:DB7) -> 985 | X7: =+SUM(DC7:DF7)/COUNT(DC7:DF7) -> 980 | Y7: =+SUM(DG7:DJ7)/COUNT(DG7:DJ7) -> 965 | Z7: =+SUM(DK7:DO7)/COUNT(DK7:DO7) -> 932 | AA7: =+SUM(DP7:DS7)/COUNT(DP7:DS7) -> 922.5 | AB7: =+SUM(DT7:DX7)/COUNT(DT7:DX7) -> 918 | AC7: =+SUM(DY7:EB7)/COUNT(DY7:EB7) -> 895 | AD7: =+SUM(EC7:EF7)/COUNT(EC7:EF7) -> 870 | AE7: =+SUM(EG7:EK7)/COUNT(EG7:EK7) -> 842 | AF7: =+SUM(EL7:EO7)/COUNT(EL7:EO7) -> 827.5 | AG7: =+SUM(EP7:ES7)/COUNT(EP7:ES7) -> 820 | AH7: =+SUM(ET7:EX7)/COUNT(ET7:EX7) -> 816 | AI7: =+SUM(EY7:FB7)/COUNT(EY7:FB7) -> 847.5 | AJ7: =+SUM(FC7:FF7)/COUNT(FC7:FF7) -> 1250 | AK7: =+SUM(FG7:FK7)/COUNT(FG7:FK7) -> 1437 | AL7: =+SUM(FL7:FO7)/COUNT(FL7:FO7) -> 1356.25 | AM7: =+SUM(FP7:FS7)/COUNT(FP7:FS7) -> 1175 | AN7: =+SUM(FT7:FX7)/COUNT(FT7:FX7) -> 1025 | AP7: Anh 12 | AQ7: RESIN | AR7: 920 | AS7: 920 | AT7: 930 | AU7: 930 | AV7: 930 | AW7: 930 | AX7: 970 | AY7: 970 | AZ7: 980 | BA7: 1000 | BB7: 980 | BC7: 980 | BD7: 980 | BE7: 980 | BF7: 1000 | BG7: 1000 | BH7: 1000 | BI7: 990 | BJ7: 990 | BK7: 990 | BL7: 990 | BM7: 1000 | BN7: 1000 | BO7: 1000 | BP7: 1020 | BQ7: 1020 | BR7: 1020 | BS7: 1030 | BT7: 1030 | BU7: 1030 | BV7: 1030 | BW7: 1030 | BX7: 990 | BY7: 980 | BZ7: 980 | CA7: 970 | CB7: 960 | CC7: 960 | CD7: 960 | CE7: 960 | CF7: 950 | CG7: 950 | CH7: 950 | CI7: 950 | CJ7: 950 | CK7: 970 | CL7: 970 | CM7: 970 | CN7: 970 | CO7: 970 | CP7: 960 | CQ7: 960 | CR7: 960 | CS7: 960 | CT7: 960 | CU7: 960 | CV7: 970 | CW7: 970 | CX7: 980 | CY7: 970 | CZ7: 1000 | DA7: 990 | DB7: 980 | DC7: 980 | DD7: 980 | DE7: 980 | DF7: 980 | DG7: 980 | DH7: 970 | DI7: 960 | DJ7: 950 | DK7: 950 | DL7: 930 | DM7: 930 | DN7: 930 | DO7: 920 | DP7: 920 | DQ7: 910 | DR7: 930 | DS7: 930 | DT7: 930 | DU7: 930 | DV7: 930 | DW7: 900 | DX7: 900 | DY7: 900 | DZ7: 900 | EA7: 890 | EB7: 890 | EC7: 890 | ED7: 870 | EE7: 870 | EF7: 850 | EG7: 850 | EH7: 850 | EI7: 840 | EJ7: 840 | EK7: 830 | EL7: 830 | EM7: 830 | EN7: 830 | EO7: 820 | EP7: 820 | EQ7: 820 | ER7: 820 | ES7: 820 | ET7: 810 | EU7: 810 | EV7: 820 | EW7: 820 | EX7: 820 | EY7: 840 | EZ7: 850 | FA7: 850 | FB7: 850 | FC7: =(950+1050)/2 -> 1000 | FD7: 1200 | FE7: 1400 | FF7: 1400 | FG7: 1400 | FH7: 1450 | FI7: =+(1340+1550)/2 -> 1445 | FJ7: =+(1340+1550)/2 -> 1445 | FK7: =+(1340+1550)/2 -> 1445 | FL7: =+(1340+1550)/2 -> 1445 | FM7: =+(1300+1500)/2 -> 1400 | FN7: 1310 | FO7: 1270 | FP7: 1240 | FQ7: 1220 | FR7: 1190 | FS7: 1050 | FT7: 1030 | FU7: 1020
H8: TTCP | I8: =I7 -> 926 | J8: =J7 -> 962.5 | K8: =K7 -> 986.66667 | L8: =L7 -> 990 | M8: =M7 -> 992.5 | N8: =N7 -> 1002 | O8: =O7 -> 1025 | P8: =P7 -> 1020 | ... AN8: =AN7 -> 1025 | AQ8: TTCP | AR8: =AR7 -> 920 | AS8: =AS7 -> 920 | AT8: =AT7 -> 930 | AU8: =AU7 -> 930 | AV8: =AV7 -> 930 | AW8: =AW7 -> 930 | AX8: =AX7 -> 970 | AY8: =AY7 -> 970 | ... FX8: =FX7 -> 0
H9: CL | I9: =+I6-I8 -> -116 | J9: =+J6-J8 -> -152.5 | K9: =+K6-K8 -> -146.66667 | L9: =+L6-L8 -> -110 | M9: =+M6-M8 -> -92.5 | N9: =+N6-N8 -> -102 | O9: =+O6-O8 -> -125 | P9: =+P6-P8 -> -120 | ... AN9: =+AN6-AN8 -> -75 | AQ9: CL | AR9: =+AR6-AR8 -> -110 | AS9: =+AS6-AS8 -> -110 | AT9: =+AT6-AT8 -> -120 | AU9: =+AU6-AU8 -> -120 | AV9: =+AV6-AV8 -> -120 | AW9: =+AW6-AW8 -> -120 | AX9: =+AX6-AX8 -> -160 | AY9: =+AY6-AY8 -> -160 | ... FX9: =+FX6-FX8 -> 950
H10: % | I10: =+I9/I8 -> -0.12526998 | J10: =+J9/J8 -> -0.15844156 | K10: =+K9/K8 -> -0.14864865 | L10: =+L9/L8 -> -0.11111111 | M10: =+M9/M8 -> -0.093198992 | N10: =+N9/N8 -> -0.10179641 | O10: =+O9/O8 -> -0.12195122 | P10: =+P9/P8 -> -0.11764706 | ... AN10: =+AN9/AN8 -> -0.073170732 | AQ10: % | AR10: =+AR9/AR8 -> -0.11956522 | AS10: =+AS9/AS8 -> -0.11956522 | AT10: =+AT9/AT8 -> -0.12903226 | AU10: =+AU9/AU8 -> -0.12903226 | AV10: =+AV9/AV8 -> -0.12903226 | AW10: =+AW9/AW8 -> -0.12903226 | AX10: =+AX9/AX8 -> -0.16494845 | AY10: =+AY9/AY8 -> -0.16494845 | ... FX10: =+FX9/FX8 -> #DIV/0!
H11: Điểm hòa vốn | I11: 772 | J11: 772 | K11: 772 | L11: 772 | M11: 772 | N11: 772 | O11: 772 | P11: 738 | Q11: 780.1665 | R11: 790.84737 | S11: 794.61882 | T11: 794.61882 | U11: 772.61325 | V11: 790.71343 | W11: 780.14595 | X11: 780.14595 | Y11: 767.45784 | Z11: 720.2556 | AA11: 754.85044 | AB11: 757.1719 | AC11: 757.1719 | AD11: 757.1719 | AE11: 760.07393 | AF11: 760.79553 | AG11: 765.98334 | AH11: 765.98334 | AI11: 765.48149 | AJ11: 799.47434 | AK11: 865.31704 | AL11: 828.51169 | AM11: 828.51169 | AN11: 828.51169 | AQ11: Điểm hòa vốn | AR11: 772 | AS11: 772 | AT11: 772 | AU11: 772 | AV11: 772 | AW11: 772 | AX11: 772 | AY11: 772 | AZ11: 772 | BA11: 772 | BB11: 772 | BC11: 772 | BD11: 772 | BE11: 772 | BF11: 772 | BG11: 772 | BH11: 772 | BI11: 772 | BJ11: 772 | BK11: 772 | BL11: 772 | BM11: 772 | BN11: 772 | BO11: 772 | BP11: 772 | BQ11: 772 | BR11: 772 | BS11: 772 | BT11: 772 | BU11: 738 | BV11: 738 | BW11: 738 | BX11: 738 | BY11: 780.1665 | BZ11: 780.1665 | CA11: 780.1665 | CB11: 780.1665 | CC11: 780.1665 | CD11: 791 | CE11: 791 | CF11: 791 | CG11: 791 | CH11: 794.61882 | CI11: 794.61882 | CJ11: 794.61882 | CK11: 794.61882 | CL11: 794.61882 | CM11: 794.61882 | CN11: 794.61882 | CO11: 794.61882 | CP11: 794.61882 | CQ11: 772.61325 | CR11: 772.61325 | CS11: 772.61325 | CT11: 772.61325 | CU11: 790.71343 | CV11: 790.71343 | CW11: 790.71343 | CX11: 790.71343 | CY11: 780.14595 | CZ11: 780.14595 | DA11: 780.14595 | DB11: 780.14595 | DC11: 780.14595 | DD11: 780.14595 | DE11: 780.14595 | DF11: 780.14595 | DG11: 767.45784 | DH11: 767.45784 | DI11: 767.45784 | DJ11: 767.45784 | DK11: 720.2556 | DL11: 720.2556 | DM11: 720.2556 | DN11: 720.2556 | DO11: 720.2556 | DP11: 754.85044 | DQ11: 754.85044 | DR11: 754.85044 | DS11: 754.85044 | DT11: 757.1719 | DU11: 757.1719 | DV11: 757.1719 | DW11: 757.1719 | DX11: 757.1719 | DY11: 757.1719 | DZ11: 757.1719 | EA11: 757.1719 | EB11: 757.1719 | EC11: 757.1719 | ED11: 757.1719 | EE11: 757.1719 | EF11: 757.1719 | EG11: 760.07393 | EH11: 760.07393 | EI11: 760.07393 | EJ11: 760.07393 | EK11: 760.07393 | EL11: 760.79553 | EM11: 760.79553 | EN11: 760.79553 | EO11: 760.79553 | EP11: 765.98334 | EQ11: 765.98334 | ER11: 765.98334 | ES11: 765.98334 | ET11: 765.98334 | EU11: 765.98334 | EV11: 765.98334 | EW11: 765.98334 | EX11: 765.98334 | EY11: 765.48149 | EZ11: 765.48149 | FA11: 765.48149 | FB11: 765.48149 | FC11: 799.47434 | FD11: 799.47434 | FE11: 799.47434 | FF11: 799.47434 | FG11: 865.31704 | FH11: 865.31704 | FI11: 865.31704 | FJ11: 865.31704 | FK11: 865.31704 | FL11: 828.51169 | FM11: 828.51169 | FN11: 828.51169 | FO11: 828.51169 | FP11: 828.51169 | FQ11: 828.51169 | FR11: 828.51169 | FS11: 828.51169 | FT11: 828.51169 | FU11: 828.51169 | FV11: 828.51169 | FW11: 828.51169 | FX11: 828.51169

Sheet Vảy HD ÉP_tháng

Sheet Vảy HD ÉP_tuần

Sheet Ma trận giá bán vảy HDPE ÉP
A3: MA TRẬN GIÁ BÁN VẢY HDPE ÉP | AR3: 2024 | CP3: 2025 | EO3: 2026
B4: Tỷ giá | E4: 24000 | AM4: 24000 | AN4: 24000 | AO4: 24000 | AP4: 24000 | AQ4: 24000 | AR4: 24000 | AS4: 24000
A5: Mã SP | B5: Diễn giải | C5: Đơn vị tính | D5: Diễn giải | E5: T12.23 | F5: T1.24 | G5: 2 | H5: 3 | I5: 4 | J5: 5 | K5: 6 | L5: 7 | M5: 8 | N5: 9 | O5: 10 | P5: 11 | Q5: 12 | R5: T1.25 | S5: 2 | T5: 3 | U5: 4 | V5: 5 | W5: 6 | X5: 7 | Y5: 8 | Z5: 9 | AA5: 10 | AB5: 11 | AC5: 12 | AD5: T1.26 | AE5: 2 | AF5: 3 | AG5: 4 | AH5: 5 | AI5: 6 | AJ5: 7 | AL5: Diễn giải | AM5: 48 | AN5: 49 | AO5: 50 | AP5: 51 | AQ5: 52 | AR5: 01 | AS5: 02 | AT5: 03 | AU5: 04 | AV5: 05 | AW5: 08 | AX5: 09 | AY5: 10 | AZ5: 11 | BA5: 12 | BB5: 13 | BC5: 14 | BD5: 15 | BE5: 16 | BF5: 17 | BG5: 18 | BH5: 19 | BI5: 20 | BJ5: 21 | BK5: 22 | BL5: 23 | BM5: 24 | BN5: 25 | BO5: 26 | BP5: 27 | BQ5: 28 | BR5: 29 | BS5: 30 | BT5: 31 | BU5: 32 | BV5: 33 | BW5: 34 | BX5: 35 | BY5: 36 | BZ5: 37 | CA5: 38 | CB5: 39 | CC5: 40 | CD5: 41 | CE5: 42 | CF5: 43 | CG5: 44 | CH5: 45 | CI5: 46 | CJ5: 47 | CK5: 48 | CL5: 49 | CM5: 50 | CN5: 51 | CO5: 52 | CP5: 01 | CQ5: 02 | CR5: 03 | CS5: 04 | CT5: 06 | CU5: 07 | CV5: 08 | CW5: 09 | CX5: 10 | CY5: 11 | CZ5: 12 | DA5: 13 | DB5: 14 | DC5: 15 | DD5: 16 | DE5: 17 | DF5: 18 | DG5: 19 | DH5: 20 | DI5: 21 | DJ5: 22 | DK5: 23 | DL5: 24 | DM5: 25 | DN5: 26 | DO5: 27 | DP5: 28 | DQ5: 29 | DR5: 30 | DS5: 31 | DT5: 32 | DU5: 33 | DV5: 34 | DW5: 35 | DX5: 36 | DY5: 37 | DZ5: 38 | EA5: 39 | EB5: 40 | EC5: 41 | ED5: 42 | EE5: 43 | EF5: 44 | EG5: 45 | EH5: 46 | EI5: 47 | EJ5: 48 | EK5: 49 | EL5: 50 | EM5: 51 | EN5: 52 | EO5: 01 | EP5: 02 | EQ5: 03 | ER5: 04 | ES5: 05 | ET5: 06 | EU5: 07 | EV5: 08 | EW5: 09 | EX5: 10 | EY5: 11 | EZ5: 12 | FA5: 13 | FB5: 14 | FC5: 15 | FD5: 16 | FE5: 17 | FF5: 18 | FG5: 19 | FH5: 20 | FI5: 21 | FJ5: 22 | FK5: 23 | FL5: 24 | FM5: 25 | FN5: 26 | FO5: 27 | FP5: 28 | FQ5: 29 | FR5: 30 | FS5: 31
B6: DTR-Giá EXW xuất xưởng | C6: $ /tấn | D6: DTR | E6: 810 | F6: 810 | G6: 880 | H6: 900 | I6: 900 | J6: 870 | K6: 870 | L6: 870 | M6: 870 | N6: 850 | O6: 840 | P6: 825 | Q6: =+SUM(CL6:CO6)/COUNT(CL6:CO6) -> 825 | R6: =+SUM(CP6:CS6)/COUNT(CP6:CS6) -> 825 | S6: =+SUM(CT6:CW6)/COUNT(CT6:CW6) -> 750 | T6: =+SUM(CX6:DA6)/COUNT(CX6:DA6) -> 750 | U6: 750 | V6: =750-30 -> 720 | W6: =750-30 -> 720 | X6: =750-30 -> 720 | Y6: =750-30-20 -> 700 | Z6: =750-30-20 -> 700 | AA6: =750-30-20 -> 700 | AB6: 690 | AC6: 665 | AD6: 665 | AE6: 665 | AF6: 665 | AG6: 1160 | AH6: 1160 | AI6: 1065 | AJ6: 900 | AL6: DTR | AM6: 810 | AN6: 810 | AO6: 810 | AP6: 810 | AQ6: 810 | AR6: 810 | AS6: 810 | AT6: 810 | AU6: 810 | AV6: 880 | AW6: 880 | AX6: 880 | AY6: 900 | AZ6: 900 | BA6: 900 | BB6: 900 | BC6: 900 | BD6: 900 | BE6: 900 | BF6: 900 | BG6: 870 | BH6: 870 | BI6: 870 | BJ6: 870 | BK6: 870 | BL6: 870 | BM6: 870 | BN6: 870 | BO6: 870 | BP6: 870 | BQ6: 870 | BR6: 870 | BS6: 870 | BT6: 870 | BU6: 870 | BV6: 870 | BW6: 870 | BX6: 870 | BY6: 850 | BZ6: 850 | CA6: 850 | CB6: 850 | CC6: 840 | CD6: 840 | CE6: 840 | CF6: 840 | CG6: 825 | CH6: 825 | CI6: 825 | CJ6: 825 | CK6: 825 | CL6: 825 | CM6: 825 | CN6: 825 | CO6: 825 | CP6: 825 | CQ6: 825 | CR6: 825 | CS6: 825 | CT6: 750 | CU6: 750 | CV6: 750 | CW6: 750 | CX6: 750 | CY6: 750 | CZ6: 750 | DA6: 750 | DB6: 750 | DC6: 750 | DD6: 750 | DE6: 750 | DF6: 720 | DG6: 720 | DH6: 720 | DI6: 720 | DJ6: 720 | DK6: 720 | DL6: 720 | DM6: 720 | DN6: 720 | DO6: 720 | DP6: 720 | DQ6: 720 | DR6: 720 | DS6: 720 | DT6: 700 | DU6: 700 | DV6: 700 | DW6: 700 | DX6: 700 | DY6: 700 | DZ6: 700 | EA6: 700 | EB6: 700 | EC6: 700 | ED6: 700 | EE6: 700 | EF6: 700 | EG6: 690 | EH6: 690 | EI6: 690 | EJ6: 690 | EK6: 665 | EL6: 665 | EM6: 665 | EN6: 665 | EO6: 665 | EP6: 665 | EQ6: 665 | ER6: 665 | ES6: 665 | ET6: 665 | EU6: 665 | EV6: 665 | EW6: 665 | EX6: 665 | EY6: 665 | EZ6: =665+50 -> 715 | FA6: =665+50 -> 715 | FB6: 1160 | FC6: 1160 | FD6: 1160 | FE6: 1160 | FF6: 1160 | FG6: 1160 | FH6: 1160 | FI6: 1160 | FJ6: 1160 | FK6: 1065 | FL6: 1065 | FM6: 1065 | FN6: 1065 | FO6: 900 | FP6: 900
A7: Anh 12 | B7: Giá keo PP chính phẩm | C7: $ /tấn | D7: RESIN | E7: =+SUM(AM7:AQ7)/COUNT(AM7:AQ7) -> 900 | F7: =+SUM(AR7:AU7)/COUNT(AR7:AU7) -> 947.5 | G7: =+SUM(AV7:AX7)/COUNT(AV7:AX7) -> 1010 | H7: =+SUM(AY7:BB7)/COUNT(AY7:BB7) -> 995 | I7: =+SUM(BC7:BF7)/COUNT(BC7:BF7) -> 975 | J7: =+SUM(BG7:BK7)/COUNT(BG7:BK7) -> 956 | K7: =+SUM(BL7:BO7)/COUNT(BL7:BO7) -> 980 | L7: =+SUM(BP7:BS7)/COUNT(BP7:BS7) -> 975 | M7: =+SUM(BT7:BX7)/COUNT(BT7:BX7) -> 946 | N7: =+SUM(BY7:CB7)/COUNT(BY7:CB7) -> 932.5 | O7: =+SUM(CC7:CF7)/COUNT(CC7:CF7) -> 925 | P7: =+SUM(CG7:CK7)/COUNT(CG7:CK7) -> 940 | Q7: =+SUM(CL7:CO7)/COUNT(CL7:CO7) -> 940 | R7: =+SUM(CP7:CS7)/COUNT(CP7:CS7) -> 940 | S7: =+SUM(CT7:CW7)/COUNT(CT7:CW7) -> 945 | T7: =+SUM(CX7:DA7)/COUNT(CX7:DA7) -> 940 | U7: =+SUM(DB7:DE7)/COUNT(DB7:DE7) -> 905 | V7: =+SUM(DF7:DJ7)/COUNT(DF7:DJ7) -> 908 | W7: =+SUM(DK7:DN7)/COUNT(DK7:DN7) -> 915 | X7: =+SUM(DO7:DS7)/COUNT(DO7:DS7) -> 930 | Y7: =+SUM(DT7:DW7)/COUNT(DT7:DW7) -> 930 | Z7: =+SUM(DX7:EA7)/COUNT(DX7:EA7) -> 915 | AA7: =+SUM(EB7:EF7)/COUNT(EB7:EF7) -> 870 | AB7: =+SUM(EG7:EJ7)/COUNT(EG7:EJ7) -> 840 | AC7: =+SUM(EK7:EN7)/COUNT(EK7:EN7) -> 830 | AD7: =+SUM(EO7:ES7)/COUNT(EO7:ES7) -> 830 | AE7: =+SUM(ET7:EW7)/COUNT(ET7:EW7) -> 830 | AF7: =+SUM(EX7:FA7)/COUNT(EX7:FA7) -> 1268.75 | AG7: =+SUM(FB7:FF7)/COUNT(FB7:FF7) -> 1450 | AH7: =+SUM(FG7:FJ7)/COUNT(FG7:FJ7) -> 1390 | AI7: =+SUM(FK7:FN7)/COUNT(FK7:FN7) -> 1247.5 | AJ7: =+SUM(FO7:FS7)/COUNT(FO7:FS7) -> 1055 | AL7: RESIN | AM7: 900 | AN7: 900 | AO7: 900 | AP7: 900 | AQ7: 900 | AR7: 900 | AS7: 930 | AT7: 930 | AU7: 1030 | AV7: 1030 | AW7: 1000 | AX7: 1000 | AY7: 1000 | AZ7: 1000 | BA7: 1000 | BB7: 980 | BC7: 980 | BD7: 980 | BE7: 980 | BF7: 960 | BG7: 950 | BH7: 950 | BI7: 950 | BJ7: 950 | BK7: 980 | BL7: 980 | BM7: 980 | BN7: 980 | BO7: 980 | BP7: 980 | BQ7: 980 | BR7: 980 | BS7: 960 | BT7: 950 | BU7: 950 | BV7: 950 | BW7: 940 | BX7: 940 | BY7: 940 | BZ7: 930 | CA7: 930 | CB7: 930 | CC7: 920 | CD7: 920 | CE7: 920 | CF7: 940 | CG7: 940 | CH7: 940 | CI7: 940 | CJ7: 940 | CK7: 940 | CL7: 940 | CM7: 940 | CN7: 940 | CO7: 940 | CP7: 940 | CQ7: 940 | CR7: 940 | CS7: 940 | CT7: 940 | CU7: 940 | CV7: 950 | CW7: 950 | CX7: 950 | CY7: 950 | CZ7: 950 | DA7: 910 | DB7: 910 | DC7: 900 | DD7: 900 | DE7: 910 | DF7: 910 | DG7: 910 | DH7: 910 | DI7: 910 | DJ7: 900 | DK7: 900 | DL7: 900 | DM7: 930 | DN7: 930 | DO7: 930 | DP7: 930 | DQ7: 930 | DR7: 930 | DS7: 930 | DT7: 930 | DU7: 930 | DV7: 930 | DW7: 930 | DX7: 930 | DY7: 930 | DZ7: 930 | EA7: 870 | EB7: 870 | EC7: 870 | ED7: 870 | EE7: 870 | EF7: 870 | EG7: 870 | EH7: 830 | EI7: 830 | EJ7: 830 | EK7: 830 | EL7: 830 | EM7: 830 | EN7: 830 | EO7: 830 | EP7: 830 | EQ7: 830 | ER7: 830 | ES7: 830 | ET7: 830 | EU7: 830 | EV7: 830 | EW7: 830 | EX7: =(950+1000)/2 -> 975 | EY7: 1250 | EZ7: 1400 | FA7: 1450 | FB7: 1450 | FC7: 1450 | FD7: 1450 | FE7: 1450 | FF7: 1450 | FG7: 1450 | FH7: 1400 | FI7: 1380 | FJ7: 1330 | FK7: 1300 | FL7: 1250 | FM7: 1220 | FN7: 1220 | FO7: 1100 | FP7: 1010
D8: TTCP | E8: =E7 -> 900 | F8: =F7 -> 947.5 | G8: =G7 -> 1010 | H8: =H7 -> 995 | I8: =I7 -> 975 | J8: =J7 -> 956 | K8: =K7 -> 980 | L8: =L7 -> 975 | ... AJ8: =AJ7 -> 1055 | AL8: TTCP | AM8: =AM7 -> 900 | AN8: =AN7 -> 900 | AO8: =AO7 -> 900 | AP8: =AP7 -> 900 | AQ8: =AQ7 -> 900 | AR8: =AR7 -> 900 | AS8: =AS7 -> 930 | AT8: =AT7 -> 930 | ... FS8: =FS7 -> 0
D9: CL | E9: =+E6-E8 -> -90 | F9: =+F6-F8 -> -137.5 | G9: =+G6-G8 -> -130 | H9: =+H6-H8 -> -95 | I9: =+I6-I8 -> -75 | J9: =+J6-J8 -> -86 | K9: =+K6-K8 -> -110 | L9: =+L6-L8 -> -105 | ... AJ9: =+AJ6-AJ8 -> -155 | AL9: CL | AM9: =+AM6-AM8 -> -90 | AN9: =+AN6-AN8 -> -90 | AO9: =+AO6-AO8 -> -90 | AP9: =+AP6-AP8 -> -90 | AQ9: =+AQ6-AQ8 -> -90 | AR9: =+AR6-AR8 -> -90 | AS9: =+AS6-AS8 -> -120 | AT9: =+AT6-AT8 -> -120 | ... FS9: =+FS6-FS8 -> 0
D10: % | E10: =+E9/E8 -> -0.1 | F10: =+F9/F8 -> -0.14511873 | G10: =+G9/G8 -> -0.12871287 | H10: =+H9/H8 -> -0.095477387 | I10: =+I9/I8 -> -0.076923077 | J10: =+J9/J8 -> -0.089958159 | K10: =+K9/K8 -> -0.1122449 | L10: =+L9/L8 -> -0.10769231 | ... AJ10: =+AJ9/AJ8 -> -0.14691943 | AL10: % | AM10: =+AM9/AM8 -> -0.1 | AN10: =+AN9/AN8 -> -0.1 | AO10: =+AO9/AO8 -> -0.1 | AP10: =+AP9/AP8 -> -0.1 | AQ10: =+AQ9/AQ8 -> -0.1 | AR10: =+AR9/AR8 -> -0.1 | AS10: =+AS9/AS8 -> -0.12903226 | AT10: =+AT9/AT8 -> -0.12903226 | ... FS10: =+FS9/FS8 -> #DIV/0!
D11: Điểm hòa vốn | E11: 607 | F11: 607 | G11: 603 | H11: 603 | I11: 595 | J11: 595 | K11: 595 | L11: 656 | M11: 661 | N11: 664 | O11: 665.95976 | P11: 662.45159 | Q11: 666.20088 | R11: 673.72307 | S11: 686.58248 | T11: 717.72826 | U11: 706.65663 | V11: 684.45465 | W11: 669.97727 | X11: 676.40258 | Y11: 675.58305 | Z11: 690.17869 | AA11: 524.58052 | AB11: 523.80366 | AC11: 541.0758 | AD11: 570.4945 | AE11: 600.85846 | AF11: 615.49499 | AG11: 640.71231 | AH11: 591.45695 | AI11: 629.03519 | AJ11: 633.6377 | AL11: Điểm hòa vốn | AM11: 607 | AN11: 607 | AO11: 607 | AP11: 607 | AQ11: 607 | AR11: 607 | AS11: 607 | AT11: 607 | AU11: 607 | AV11: 603 | AW11: 603 | AX11: 603 | AY11: 603 | AZ11: 603 | BA11: 603 | BB11: 603 | BC11: 594.5498 | BD11: 594.5498 | BE11: 594.5498 | BF11: 594.5498 | BG11: 595 | BH11: 595 | BI11: 595 | BJ11: 595 | BK11: 595 | BL11: 595 | BM11: 595 | BN11: 595 | BO11: 595 | BP11: 656 | BQ11: 656 | BR11: 656 | BS11: 656 | BT11: 661 | BU11: 661 | BV11: 661 | BW11: 661 | BX11: 661 | BY11: 664 | BZ11: 664 | CA11: 664 | CB11: 664 | CC11: 665.95976 | CD11: 665.95976 | CE11: 665.95976 | CF11: 665.95976 | CG11: 662.45159 | CH11: 662.45159 | CI11: 662.45159 | CJ11: 662.45159 | CK11: 662.45159 | CL11: 666.20088 | CM11: 666.20088 | CN11: 666.20088 | CO11: 666.20088 | CP11: 673.72307 | CQ11: 673.72307 | CR11: 673.72307 | CS11: 673.72307 | CT11: 686.58248 | CU11: 686.58248 | CV11: 686.58248 | CW11: 686.58248 | CX11: 717.72826 | CY11: 717.72826 | CZ11: 717.72826 | DA11: 717.72826 | DB11: 706.65663 | DC11: 706.65663 | DD11: 706.65663 | DE11: 706.65663 | DF11: 684.45465 | DG11: 684.45465 | DH11: 684.45465 | DI11: 684.45465 | DJ11: 684.45465 | DK11: 669.97727 | DL11: 669.97727 | DM11: 669.97727 | DN11: 669.97727 | DO11: 676.40258 | DP11: 676.40258 | DQ11: 676.40258 | DR11: 676.40258 | DS11: 676.40258 | DT11: 675.58305 | DU11: 675.58305 | DV11: 675.58305 | DW11: 675.58305 | DX11: 690.17869 | DY11: 690.17869 | DZ11: 690.17869 | EA11: 690.17869 | EB11: 524.58052 | EC11: 524.58052 | ED11: 524.58052 | EE11: 524.58052 | EF11: 524.58052 | EG11: 523.80366 | EH11: 523.80366 | EI11: 523.80366 | EJ11: 523.80366 | EK11: 541.0758 | EL11: 541.0758 | EM11: 541.0758 | EN11: 541.0758 | EO11: 570.4945 | EP11: 570.4945 | EQ11: 570.4945 | ER11: 570.4945 | ES11: 570.4945 | ET11: 600.85846 | EU11: 600.85846 | EV11: 600.85846 | EW11: 600.85846 | EX11: 615.49499 | EY11: 615.49499 | EZ11: 615.49499 | FA11: 615.49499 | FB11: 640.71231 | FC11: 640.71231 | FD11: 640.71231 | FE11: 640.71231 | FF11: 640.71231 | FG11: 591.45695 | FH11: 591.45695 | FI11: 591.45695 | FJ11: 591.45695 | FK11: 629.03519 | FL11: 629.03519 | FM11: 629.03519 | FN11: 629.03519 | FO11: 633.6377 | FP11: 633.6377 | FQ11: 633.6377 | FR11: 633.6377 | FS11: 633.6377
