Workbook
Name \T: #REF!
Name \T: #REF!
Name \T: #REF!
Name \T: #REF!
Name \T: #REF!
Name \T: #REF!
Name \T: #REF!
Name __dao1: #REF!
Name __dao2: #REF!
Name __dap2: #REF!
Name __day1: #REF!
Name __day2: #REF!
Name __dbu1: #REF!
Name __dbu2: #REF!
Name __doi3: #REF!
Name __E99999: #REF!
Name __Jan02: #REF!
Name __lap1: #REF!
Name __lap2: #REF!
Name __vc1: #REF!
Name __vc2: #REF!
Name __vc3: #REF!
Name _01_01_99: #REF!
Name _01_02_99: #REF!
Name _01_03_99: #REF!
Name _01_04_99: #REF!
Name _01_05_99: #REF!
Name _01_06_99: #REF!
Name _01_07_99: #REF!
Name _01_08_1999: #REF!
Name _1CAP002: #REF!
Name _2STREO7: #REF!
Name _4GOIC01: #REF!
Name _4OSLCTT: #REF!
Name _6BNTTTH: #REF!
Name _6DCTTBO: #REF!
Name _6DD24TT: #REF!
Name _6FCOTBU: #REF!
Name _6LATUBU: #REF!
Name _6SDTT24: #REF!
Name _6TBUDTT: #REF!
Name _6TDDDTT: #REF!
Name _6TLTTTH: #REF!
Name _6TUBUTT: #REF!
Name _6UCLVIS: #REF!
Name _7DNCABC: #REF!
Name _7HDCTBU: #REF!
Name _7PKTUBU: #REF!
Name _7TBHT20: #REF!
Name _7TBHT30: #REF!
Name _7TDCABC: #REF!
Name _dao1: #REF!
Name _dao2: #REF!
Name _dap2: #REF!
Name _day1: #REF!
Name _day2: #REF!
Name _dbu1: #REF!
Name _dbu2: #REF!
Name _doi3: #REF!
Name _E99999: #REF!

Sheet Ma trận PET
D3: MA TRẬN GIÁ BÁN rPET | AL3: 2023 | AX3: 2024 | BJ3: 2025 | ED3: 2023 | EH3: 07.02 | EI3: 14.02 | EJ3: 21.02 | EK3: 28.02 | EL3: 7.03 | EM3: 14.03 | EN3: 21.03 | EO3: 28.03 | EP3: 4.04 | EQ3: 11.04 | ER3: 18.04 | ES3: 25.04 | ET3: 2.05 | EU3: 9.05 | EV3: 16.05 | EW3: 23.05 | EX3: 30.05 | EY3: 6.06 | EZ3: 13.06 | FA3: 20.06 | GC3: 2024 | IA3: 2025
F4: Tỷ giá | I4: 23147 | J4: 23135 | K4: 23142 | L4: 23194 | M4: 23204 | N4: 23160 | O4: 23141 | P4: 23161 | Q4: 23161 | R4: 23123 | S4: 23156 | T4: 23126 | U4: 23180 | V4: 23108 | W4: =V4 -> 23108 | X4: =W4 -> 23108 | Y4: =X4 -> 23108 | Z4: 23150 | AA4: 23150 | AB4: 23150 | AC4: 23150 | AD4: 23500 | AE4: 23500 | AF4: 23500 | AG4: 23500 | AH4: 23500 | AI4: 23500 | AJ4: 24600 | AK4: 24000 | AL4: 24000 | AM4: 24000 | AN4: 24000 | AO4: 24000 | AP4: 24000 | AQ4: 24000 | AR4: 24000 | AS4: 24000 | AT4: 24000 | AU4: 24000 | AV4: 24000 | AW4: 24000 | AX4: 24000 | AY4: 24000 | AZ4: 24000 | BA4: 24000 | BB4: 24000 | BC4: 24000 | BD4: 24000 | BE4: 24000 | BF4: 24000 | BG4: 24000 | BH4: 24000 | BI4: 24000 | DA4: 23150 | DB4: 23150 | DC4: 23150 | DD4: 23150 | DE4: 23150 | DF4: 23150 | DG4: 23150 | DH4: 23150 | DI4: 23150 | DJ4: 23150 | DK4: 23150 | DL4: 23150 | DM4: 23500 | DN4: 23500 | DO4: 23500 | DP4: 23500 | DQ4: 23500 | DR4: 23500 | DS4: 23500 | DT4: 23500 | DU4: 24600 | DV4: 24600 | DW4: 24600 | DX4: 24600 | DY4: 24600 | DZ4: 24000 | EA4: 24000 | EB4: 24000 | EC4: 24000 | ED4: 24000 | EE4: 24000 | EF4: 24000 | EG4: 24000 | EH4: 24000 | EI4: 24000 | EJ4: 24000 | EK4: 24000 | EL4: 24000 | EM4: 24000 | EN4: 24000 | EO4: 24000 | EP4: 24000 | EQ4: 24000 | ER4: 24000 | ES4: 24000 | ET4: 24000 | EU4: 24000 | EV4: 24000 | EW4: 24000 | EX4: 24000 | EY4: 24000 | EZ4: 24000 | FA4: 24000 | FB4: 24000 | FC4: 24000 | FD4: 24000 | FE4: 24000 | FF4: 24000 | FG4: 24000 | FH4: 24000 | FI4: 24000 | FJ4: 24000 | FK4: 24000 | FL4: 24000 | FM4: 24000 | FN4: 24000 | FO4: 24000 | FP4: 24000 | FQ4: 24000 | FR4: 24000 | FS4: 24000 | FT4: 24000 | FU4: 24000 | FV4: 24000 | FW4: 24000 | FX4: 24000 | FY4: 24000 | FZ4: 24000 | GA4: 24000 | GB4: 24000 | GC4: 24000 | GD4: 24000 | GE4: 24000 | GF4: 24000 | GG4: 24000 | GH4: 24000 | GI4: 24000 | GJ4: 24000 | GK4: 24000 | GL4: 24000 | GM4: 24000 | GN4: 24000 | GO4: 24000 | GP4: 24000 | GQ4: 24000 | JZ4: 2026
A5: Stt | B5: Mã SAP | C5: Tên hàng hóa SAP | D5: Mã SP | E5: Tên sản phẩm | F5: Diễn giải | G5: Đơn vị tính | H5: Diễn giải | I5: T1.21 | J5: T2.21 | K5: T3.21 | L5: T4.21 | M5: T5.21 | N5: T6.21 | O5: T7.21 | P5: T8.21 | Q5: T9.21 | R5: T10.21 | S5: T11.21 | T5: T12.21 | U5: 1 | V5: 2 | W5: 3 | X5: 4 | Y5: 5 | Z5: 6 | AA5: 7 | AB5: 8 | AC5: Hiện tại 23/8 | AD5: 9 | AE5: 10 | AF5: 4/10 | AG5: 11/10 | AH5: 18/10 | AI5: 25/10 | AJ5: 11 | AK5: 12 | AL5: T1/23 | AM5: 2 | AN5: 3 | AO5: 4 | AP5: 5 | AQ5: 6 | AR5: 7 | AS5: 8 | AT5: 9 | AU5: 10 | AV5: 11 | AW5: 12 | AX5: T1.24 | AY5: 2 | AZ5: 3 | BA5: 4 | BB5: 5 | BC5: 6 | BD5: 7 | BE5: 8 | BF5: 9 | BG5: 10 | BH5: 11 | BI5: 12 | BJ5: T1.25 | BK5: 2 | BL5: 3 | BM5: 4 | BN5: 5 | BO5: 6 | BP5: 7 | BQ5: 8 | BR5: 9 | BS5: 10 | BT5: 11 | BU5: 12 | BV5: T1.26 | BW5: 2 | BX5: 3 | BY5: 4 | CA5: Mã SP | CB5: Tên sản phẩm | CC5: Diễn giải | CD5: 1 | CE5: =+CD5+1 -> 2 | CF5: =+CE5+1 -> 3 | CG5: =+CF5+1 -> 4 | CH5: =+CG5+1 -> 5 | CI5: =+CH5+1 -> 6 | CJ5: =+CI5+1 -> 7 | CK5: =+CJ5+1 -> 8 | CL5: =+CK5+1 -> 9 | ... CZ5: =+CY5+1 -> 23 | DA5: 24 | DB5: 25 | DC5: 26 | DD5: 27 | DE5: 28 | DF5: 29 | DG5: 30 | DH5: 31 | DI5: 32 | DJ5: 33 | DK5: 34 | DL5: 35 | DM5: 36 | DN5: 37 | DO5: 38 | DP5: 39 | DQ5: 40 | DR5: 41 | DS5: 42 | DT5: 43 | DU5: 44 | DV5: 45 | DW5: 46 | DX5: 47 | DY5: 48 | DZ5: 49 | EA5: 50 | EB5: 51 | EC5: 52 | ED5: 1 | EE5: 2 | EF5: 3 | EG5: 5 | EH5: 6 | EI5: 7 | EJ5: 8 | EK5: 9 | EL5: 10 | EM5: 11 | EN5: 12 | EO5: 13 | EP5: 14 | EQ5: 15 | ER5: 16 | ES5: 17 | ET5: 18 | EU5: 19 | EV5: 20 | EW5: 21 | EX5: 22 | EY5: 23 | EZ5: 24 | FA5: 25 | FB5: 26 | FC5: 27 | FD5: 28 | FE5: 29 | FF5: 30 | FG5: 31 | FH5: 32 | FI5: 33 | FJ5: 34 | FK5: 35 | FL5: 36 | FM5: 37 | FN5: 38 | FO5: 39 | FP5: 40 | FQ5: 41 | FR5: 42 | FS5: 43 | FT5: 44 | FU5: 45 | FV5: 46 | FW5: 47 | FX5: 48 | FY5: 49 | FZ5: 50 | GA5: 51 | GB5: 52 | GC5: 1/24 | GD5: 02 | GE5: 03 | GF5: 04 | GG5: 05 | GH5: 08 | GI5: 09 | GJ5: 10 | GK5: 11 | GL5: 12 | GM5: 13 | GN5: 14 | GO5: 15 | GP5: 16 | GQ5: 17 | GR5: 18 | GS5: 19 | GT5: 20 | GU5: 21 | GV5: 22 | GW5: 23 | GX5: 24 | GY5: 25 | GZ5: 26 | HA5: 27 | HB5: 28 | HC5: 29 | HD5: 30 | HE5: 31 | HF5: 32 | HG5: 33 | HH5: 34 | HI5: 35 | HJ5: 36 | HK5: 37 | HL5: 38 | HM5: 39 | HN5: 40 | HO5: 41 | HP5: 42 | HQ5: 43 | HR5: 44 | HS5: 45 | HT5: 46 | HU5: 47 | HV5: 48 | HW5: 49 | HX5: 50 | HY5: 51 | HZ5: 52 | IA5: 01 | IB5: 02 | IC5: 03 | ID5: 04 | IE5: 06 | IF5: 07 | IG5: 08 | IH5: 09 | II5: 10 | IJ5: 11 | IK5: 12 | IL5: 13 | IM5: 14 | IN5: 15 | IO5: 16 | IP5: 17 | IQ5: 18 | IR5: 19 | IS5: 20 | IT5: 21 | IU5: 22 | IV5: 23 | IW5: 24 | IX5: 25 | IY5: 26 | IZ5: 27 | JA5: 28 | JB5: 29 | JC5: 30 | JD5: 31 | JE5: 32 | JF5: 33 | JG5: 34 | JH5: 35 | JI5: 36 | JJ5: 37 | JK5: 38 | JL5: 39 | JM5: 40 | JN5: 41 | JO5: 42 | JP5: 43 | JQ5: 44 | JR5: 45 | JS5: 46 | JT5: 47 | JU5: 48 | JV5: 49 | JW5: 50 | JX5: 51 | JY5: 52 | JZ5: 01 | KA5: 02 | KB5: 03 | KC5: 04 | KD5: 05 | KE5: 06 | KF5: 07 | KG5: 08 | KH5: 09 | KI5: 10 | KJ5: 11 | KK5: 12 | KL5: 13
A6: 5 | B6: 110000329 | C6: Hạt rPET WSS01 | D6: WSS01G | E6: WSS01 - Hạt rPET (IV 0.78) | F6: DTR | G6: $ /tấn | H6: DTR | I6: =I7-20 -> 1230 | J6: =J7-20 -> 1230 | K6: =K7-20 -> 1230 | L6: =L7-20 -> 1230 | M6: =M7-20 -> 1230 | N6: =N7-20 -> 1230 | O6: =O7-20 -> 1250 | P6: =P7-20 -> 1250 | ... V6: =V7-20 -> 1300 | W6: 1450 | X6: 1550 | Y6: 1550 | Z6: 1550 | AA6: 1550 | AB6: 1480 | AC6: 1480 | AD6: =#REF!/AD4*1000 -> #REF! | AE6: =#REF!/AE4*1000 -> #REF! | AF6: =#REF!/AF4*1000 -> #REF! | AG6: =#REF!/AG4*1000 -> #REF! | AH6: =#REF!/AH4*1000 -> #REF! | AI6: =#REF!/AI4*1000 -> #REF! | AJ6: =#REF!/AJ4*1000 -> #REF! | AK6: 1330 | AL6: =+SUM(ED6:EG6)/4 -> 1330 | AM6: =+SUM(EH6:EK6)/4 -> 1330 | AN6: =+SUM(EL6:EN6)/COUNT(EL6:EN6) -> 1380 | AO6: =+SUM(EP6:ES6)/COUNT(EP6:ES6) -> 1380 | AP6: =+SUM(ET6:EX6)/COUNT(ET6:EX6) -> 1380 | AQ6: =+SUM(EY6:FB6)/COUNT(EY6:FB6) -> 1325 | AR6: =+SUM(FC6:FF6)/COUNT(FC6:FF6) -> 1275 | AS6: =FG6 -> 1250 | AT6: 1250 | AU6: 1250 | AV6: 1250 | AW6: 1250 | AX6: 1250 | AY6: 1250 | AZ6: 1250 | BA6: 1250 | BB6: 1300 | BC6: 1300 | BD6: 1300 | BE6: 1300 | BF6: 1310 | BG6: 1325 | BH6: 1325 | BI6: =1325-50 -> 1275 | BJ6: =1325-50-45 -> 1230 | BK6: =1325-50-45 -> 1230 | BL6: =1325-50-45 -> 1230 | BM6: =1325-50-45+20 -> 1250 | BN6: =1325-50-45+20 -> 1250 | BO6: =1325-50-45+20 -> 1250 | BP6: =1325-50-45+20 -> 1250 | BQ6: =1325-50-45+20-30 -> 1220 | BR6: =1325-50-45+20-30 -> 1220 | BS6: =1325-50-45+20-30-10 -> 1210 | BT6: =1325-50-45+20-30-10-10 -> 1200 | BU6: =1325-50-45+20-30-10-10 -> 1200 | BV6: =1325-50-45+20-30-10-10-40 -> 1160 | BW6: =1325-50-45+20-30-10-10-40 -> 1160 | BX6: 1160 | BY6: 1300 | CA6: WSS01/G | CB6: WSS01 - Hạt rPET (IV 0.78) | CC6: DTR | DA6: 1550 | DB6: 1550 | DC6: 1550 | DD6: 1550 | DE6: 1550 | DF6: 1550 | DG6: 1550 | DH6: 1480 | DI6: 1480 | DJ6: 1480 | DK6: 1480 | DL6: 1480 | DM6: 1410 | DN6: 1410 | DO6: 1410 | DP6: 1410 | DQ6: =#REF!/DQ4*1000 -> #REF! | DR6: =#REF!/DR4*1000 -> #REF! | DS6: =#REF!/DS4*1000 -> #REF! | DT6: =#REF!/DT4*1000 -> #REF! | DU6: 1380 | DV6: 1380 | DW6: 1380 | DX6: 1380 | DY6: 1380 | DZ6: 1380 | EA6: 1380 | EB6: 1330 | EC6: 1330 | ED6: 1330 | EE6: 1330 | EF6: 1330 | EG6: 1330 | EH6: 1330 | EI6: 1330 | EJ6: 1330 | EK6: 1330 | EL6: 1380 | EM6: 1380 | EN6: 1380 | EO6: 1380 | EP6: 1380 | EQ6: 1380 | ER6: 1380 | ES6: 1380 | ET6: 1380 | EU6: 1380 | EV6: 1380 | EW6: 1380 | EX6: 1380 | EY6: 1350 | EZ6: 1350 | FA6: 1300 | FB6: 1300 | FC6: 1300 | FD6: 1300 | FE6: 1250 | FF6: 1250 | FG6: 1250 | FH6: 1250 | FI6: 1250 | FJ6: 1250 | FK6: 1250 | FL6: 1250 | FM6: 1250 | FN6: 1250 | FO6: 1250 | FP6: 1250 | FQ6: 1250 | FR6: 1250 | FS6: 1250 | FT6: 1250 | FU6: 1250 | FV6: 1250 | FW6: 1250 | FX6: 1250 | FY6: 1250 | FZ6: 1250 | GA6: 1250 | GB6: 1250 | GC6: 1250 | GD6: 1250 | GE6: 1250 | GF6: 1250 | GG6: 1250 | GH6: 1250 | GI6: 1250 | GJ6: 1250 | GK6: 1250 | GL6: 1250 | GM6: 1250 | GN6: 1250 | GO6: 1250 | GP6: 1250 | GQ6: 1250 | GR6: 1300 | GS6: 1300 | GT6: 1300 | GU6: 1300 | GV6: 1300 | GW6: 1300 | GX6: 1300 | GY6: 1300 | GZ6: 1300 | HA6: 1300 | HB6: 1300 | HC6: 1300 | HD6: 1300 | HE6: 1300 | HF6: 1300 | HG6: 1300 | HH6: 1300 | HI6: 1300 | HJ6: 1310 | HK6: 1310 | HL6: 1310 | HM6: 1310 | HN6: 1325 | HO6: 1325 | HP6: 1325 | HQ6: 1325 | HR6: 1325 | HS6: 1325 | HT6: 1325 | HU6: 1325 | HV6: 1325 | HW6: =1325-50 -> 1275 | HX6: =HW6 -> 1275 | HY6: =HX6 -> 1275 | HZ6: =HY6 -> 1275 | IA6: 1230 | IB6: =IA6 -> 1230 | IC6: =IB6 -> 1230 | ID6: =IC6 -> 1230 | IE6: =ID6 -> 1230 | IF6: =IE6 -> 1230 | IG6: =IF6 -> 1230 | IH6: =IG6 -> 1230 | II6: =IH6 -> 1230 | ... IL6: =IK6 -> 1230 | IM6: =IL6+20 -> 1250 | IN6: =IM6 -> 1250 | IO6: =IN6 -> 1250 | IP6: =IO6 -> 1250 | IQ6: =IP6 -> 1250 | IR6: =IQ6 -> 1250 | IS6: =IR6 -> 1250 | IT6: =IS6 -> 1250 | IU6: =IT6 -> 1250 | IV6: 1223.0835 | IW6: 1225.2286 | IX6: 1219.8595 | IY6: 1219.0531 | IZ6: 1215.2889 | JA6: 1228.3131 | JB6: 1216.0902 | JC6: 1220.5682 | JD6: 1216.9073 | JE6: 1204.4734 | JF6: 1187.6814 | JG6: 1220 | JH6: =JG6 -> 1220 | JI6: =JH6 -> 1220 | JJ6: =JI6 -> 1220 | JK6: =JJ6 -> 1220 | JL6: =JK6 -> 1220 | JM6: 1210 | JN6: =JM6 -> 1210 | JO6: =JN6 -> 1210 | JP6: =JO6 -> 1210 | JQ6: 1210 | JR6: 1200 | JS6: 1200 | JT6: 1200 | JU6: 1200 | JV6: 1200 | JW6: 1200 | JX6: 1200 | JY6: 1200 | JZ6: 1160 | KA6: 1160 | KB6: 1160 | KC6: 1160 | KD6: 1160 | KE6: 1160 | KF6: 1160 | KG6: 1160 | KH6: 1160 | KI6: 1160 | KJ6: 1160 | KK6: =1160+50 -> 1210 | KL6: 1280
A7: 6 | B7: 110000329 | C7: Hạt rPET WSS01 | D7: WSS01/G | E7: WSS01 - Hạt rPET (IV 0.78) | F7: DTR-Giá WSS01 FOB-HCM (IV: 0,78+/- 0.02) | G7: $ /tấn | H7: DTR | I7: 1250 | J7: 1250 | K7: 1250 | L7: 1250 | M7: 1250 | N7: 1250 | O7: 1270 | P7: 1270 | Q7: 1270 | R7: 1270 | S7: 1320 | T7: 1320 | U7: 1320 | V7: 1320 | W7: =W6+20 -> 1470 | X7: =X6+20 -> 1570 | Y7: =Y6+20 -> 1570 | Z7: =Z6+20 -> 1570 | AA7: =AA6+20 -> 1570 | AB7: 1500 | AC7: =AC6+20 -> 1500 | AD7: =AD6+20 -> #REF! | AE7: =AE6+20 -> #REF! | AF7: =AF6+20 -> #REF! | AG7: =AG6+20 -> #REF! | AH7: =AH6+20 -> #REF! | AI7: =AI6+20 -> #REF! | AJ7: =AJ6+20 -> #REF! | AK7: =AK6+20 -> 1350 | AL7: =+SUM(ED7:EG7)/4 -> 1330 | AM7: =+SUM(EE7:EH7)/4 -> 1330 | AN7: =+SUM(EL7:EN7)/COUNT(EL7:EN7) -> 1380 | AO7: =+SUM(EP7:ES7)/COUNT(EP7:ES7) -> 1380 | AP7: =+SUM(ET7:EX7)/COUNT(ET7:EX7) -> 1380 | AQ7: =+SUM(EY7:FB7)/COUNT(EY7:FB7) -> 1325 | AR7: =+SUM(FC7:FF7)/COUNT(FC7:FF7) -> 1275 | AS7: =+SUM(FG7:FK7)/COUNT(FG7:FK7) -> 1250 | AT7: =FL7 -> 1250 | AU7: =FM7 -> 1250 | AV7: =FN7 -> 1250 | AW7: =FO7 -> 1250 | AX7: =FP7 -> 1250 | AY7: =FQ7 -> 1250 | AZ7: =FR7 -> 1250 | BA7: =FS7 -> 1250 | BB7: 1300 | BC7: 1300 | BD7: 1300 | BE7: 1300 | BF7: 1300 | BG7: 1300 | BH7: 1300 | BI7: 1300 | BJ7: 1300 | BK7: 1300 | BL7: 1300 | BM7: 1300 | BN7: 1300 | BO7: 1300 | BP7: 1300 | BQ7: 1300 | BR7: 1300 | BS7: 1300 | BT7: 1300 | BU7: 1300 | BV7: 1300 | BW7: 1300 | BX7: 1300 | BY7: 1300 | CA7: giá EXW | CB7: WSS01 - Hạt rPET (IV 0.78) | CC7: DTR | DA7: =DA6+20 -> 1570 | DB7: =DB6+20 -> 1570 | DC7: =DC6+20 -> 1570 | DD7: =DD6+20 -> 1570 | DE7: =DE6+20 -> 1570 | DF7: =DF6+20 -> 1570 | DG7: =DG6+20 -> 1570 | DH7: =DH6+20 -> 1500 | ... DT7: =DT6+20 -> #REF! | DU7: 1400 | DV7: 1400 | DW7: 1400 | DX7: 1400 | DY7: 1400 | DZ7: 1400 | EA7: 1400 | EB7: 1350 | EC7: 1350 | ED7: =ED6 -> 1330 | EE7: =EE6 -> 1330 | EF7: =EF6 -> 1330 | EG7: =EG6 -> 1330 | EH7: =EH6 -> 1330 | EI7: =EI6 -> 1330 | EJ7: =EJ6 -> 1330 | EK7: =EK6 -> 1330 | ... GA7: =GA6 -> 1250 | GB7: 1250 | GC7: 1250 | GD7: 1250 | GE7: 1250 | GF7: 1250 | GG7: 1250 | GH7: 1250 | GI7: 1250 | GJ7: 1250 | GK7: 1250 | GL7: 1250 | GM7: 1250 | GN7: 1250 | GO7: 1250 | GP7: 1250 | GQ7: 1250 | GR7: 1250 | GS7: 1250 | GT7: 1250 | GU7: 1250 | GV7: 1250 | GW7: 1250 | GX7: 1250 | GY7: 1250 | GZ7: 1250
A8: 7 | B8: 110000330 | C8: Hạt rPET SS01 | D8: ISS01/G | E8: SS01 - Hạt rPET (IV 0.82) | F8: DTR-Giá ISS01 FOB-HCM (IV: 0,82+/- 0.02) | G8: $ /tấn | H8: ISS01 (IV: 0,82+/- 0.02) | I8: =I7+30 -> 1280 | J8: =J7+30 -> 1280 | K8: =K7+30 -> 1280 | L8: =L7+30 -> 1280 | M8: =M7+30 -> 1280 | N8: =N7+30 -> 1280 | O8: =O7+30 -> 1300 | P8: =P7+30 -> 1300 | ... S8: =S7+30 -> 1350 | T8: =T7+50 -> 1370 | U8: =U7+50 -> 1370 | V8: =V7+50 -> 1370 | W8: =W7+100 -> 1570 | X8: =X7+100 -> 1670 | Y8: =Y7+100 -> 1670 | Z8: =Z7+80 -> 1650 | AA8: =AA7+80 -> 1650 | AB8: 1530 | AC8: 1530 | AD8: =#REF!/AD4*1000+20 -> #REF! | AE8: =#REF!/AE4*1000+20 -> #REF! | AF8: =#REF!/AF4*1000+20 -> #REF! | AG8: =#REF!/AG4*1000+20 -> #REF! | AH8: =#REF!/AH4*1000+20 -> #REF! | AI8: =#REF!/AI4*1000+20 -> #REF! | AJ8: =#REF!/AJ4*1000+20 -> #REF! | AK8: =#REF!/AK4*1000+20 -> #REF! | AL8: =#REF!/AL4*1000+20 -> #REF! | AM8: =+SUM(EH8:EK8)/4 -> 1397.5 | AN8: =+SUM(EL8:EN8)/COUNT(EL8:EN8) -> 1410 | AO8: =+SUM(EP8:ES8)/COUNT(EP8:ES8) -> 1410 | AP8: =+SUM(ET8:EX8)/COUNT(ET8:EX8) -> 1410 | AQ8: =+SUM(EY8:FB8)/COUNT(EY8:FB8) -> 1355 | AR8: =+SUM(FC8:FF8)/COUNT(FC8:FF8) -> 1305 | AS8: =+SUM(FG8:FK8)/COUNT(FG8:FK8) -> 1280 | AT8: =FL8 -> 1280 | AU8: =FM8 -> 1280 | AV8: =FN8 -> 1280 | AW8: =FO8 -> 1280 | AX8: =FP8 -> 1280 | AY8: =FQ8 -> 1280 | AZ8: =FR8 -> 1280 | BA8: =FS8 -> 1280 | ... BY8: =GQ8 -> 1280 | CA8: ISS01/G | CB8: SS01 - Hạt rPET (IV 0.82) | CC8: ISS01 (IV: 0,82+/- 0.02) | DA8: 1650 | DB8: 1650 | DC8: 1650 | DD8: 1650 | DE8: 1650 | DF8: 1650 | DG8: 1650 | DH8: 1530 | DI8: 1530 | DJ8: 1530 | DK8: 1530 | DL8: 1530 | DM8: 1460 | DN8: 1460 | DO8: 1460 | DP8: 1460 | DQ8: =#REF!/DQ4*1000+20 -> #REF! | DR8: =#REF!/DR4*1000+20 -> #REF! | DS8: =#REF!/DS4*1000+20 -> #REF! | DT8: =#REF!/DT4*1000+20 -> #REF! | DU8: 1410 | DV8: 1410 | DW8: 1410 | DX8: 1410 | DY8: 1410 | DZ8: 1410 | EA8: 1410 | EB8: 1410 | EC8: 1410 | ED8: 1410 | EE8: 1410 | EF8: 1410 | EG8: 1410 | EH8: 1410 | EI8: 1410 | EJ8: 1410 | EK8: =+EK7+30 -> 1360 | EL8: =+EL7+30 -> 1410 | EM8: =+EM7+30 -> 1410 | EN8: =+EN7+30 -> 1410 | EO8: =+EO7+30 -> 1410 | EP8: =+EP7+30 -> 1410 | EQ8: =+EQ7+30 -> 1410 | ER8: =+ER7+30 -> 1410 | ... GZ8: =+GZ7+30 -> 1280
D9: ẩn | F9: DTR-Giá FOB rPET ISS01 | G9: đồng /kg | H9: DTR-Giá FOB rPET ISS01 | V9: =V8*23108/1000 -> 31657.96 | W9: =W8*23108/1000 -> 36279.56 | X9: =X8*23108/1000 -> 38590.36 | Y9: =Y8*23108/1000 -> 38590.36 | Z9: =Z8*Z4/1000 -> 38197.5 | AC9: =AC8*AC4/1000 -> 35419.5 | AD9: =AD8*AD4/1000 -> #REF! | AE9: =AE8*AE4/1000 -> #REF! | AF9: =AF8*AF4/1000 -> #REF! | AG9: =AG8*AG4/1000 -> #REF! | AH9: =AH8*AH4/1000 -> #REF! | AI9: =AI8*AI4/1000 -> #REF! | AJ9: =AJ8*AJ4/1000 -> #REF! | ... AM9: =AM8*AM4/1000 -> 33540 | CA9: ẩn | CC9: DTR-Giá FOB rPET ISS01 | DQ9: =DQ8*DQ4/1000 -> #REF! | DR9: =DR8*DR4/1000 -> #REF! | DS9: =DS8*DS4/1000 -> #REF! | DT9: =DT8*DT4/1000 -> #REF! | DU9: 33135 | FA9: =+#REF!+30 -> #REF!
A11: 9 | D11: ICIS | E11: ICIS giá rPET ($ /tấn) | F11: ICIS FOB ĐNA - Giá trung bình | G11: $ /tấn | H11: ICIS | P11: 1300 | Q11: 1300 | R11: 1350 | S11: 1350 | T11: 1350 | U11: 1350 | V11: 1500 | W11: 1525 | X11: 1525 | Y11: 1550 | Z11: 1627 | AA11: 1585 | AB11: 1574 | AC11: 1485 | AD11: 1444 | AE11: 1425 | AF11: 1425 | AG11: 1425 | AH11: 1425 | AI11: =(1350+1500)/2 -> 1425 | AJ11: 1425 | AK11: 1330 | AL11: =+SUM(ED11:EG11)/4 -> 1287.5 | AM11: =+SUM(EH11:EK11)/4 -> 1313.75 | AN11: =+SUM(EL11:EN11)/COUNT(EL11:EN11) -> 1440 | AO11: =+SUM(EP11:ES11)/COUNT(EP11:ES11) -> 1440 | AP11: =+SUM(ET11:EX11)/COUNT(ET11:EX11) -> 1433 | AQ11: =+SUM(EY11:FB11)/COUNT(EY11:FB11) -> 1337.5 | AR11: =+SUM(FC11:FF11)/COUNT(FC11:FF11) -> 1317.5 | AS11: =+SUM(FG11:FK11)/COUNT(FG11:FK11) -> 1274 | AT11: =+SUM(FL11:FO11)/COUNT(FL11:FO11) -> 1288.75 | AU11: =+SUM(FP11:FS11)/COUNT(FP11:FS11) -> 1288.125 | AV11: =+SUM(FT11:FW11)/COUNT(FT11:FW11) -> 1300 | AW11: =+SUM(FX11:GB11)/COUNT(FX11:GB11) -> 1300 | AX11: =+SUM(GC11:GF11)/COUNT(GC11:GF11) -> 1312.5 | AY11: =+SUM(GG11:GI11)/COUNT(GG11:GI11) -> 1325 | AZ11: =+SUM(GJ11:GM11)/COUNT(GJ11:GM11) -> 1320 | BA11: =+SUM(GN11:GQ11)/COUNT(GN11:GQ11) -> 1323.75 | BB11: =+SUM(GR11:GV11)/COUNT(GR11:GV11) -> 1346.6 | BC11: =+SUM(GW11:GZ11)/COUNT(GW11:GZ11) -> 1365 | BD11: =+SUM(HA11:HD11)/COUNT(HA11:HD11) -> 1365 | BE11: =+SUM(HE11:HI11)/COUNT(HE11:HI11) -> 1404 | BF11: =+SUM(HJ11:HM11)/COUNT(HJ11:HM11) -> 1427.5 | BG11: =+SUM(HN11:HQ11)/COUNT(HN11:HQ11) -> 1440 | BH11: =+SUM(HR11:HV11)/COUNT(HR11:HV11) -> 1440 | BI11: =+SUM(HW11:HZ11)/COUNT(HW11:HZ11) -> 1421.25 | BJ11: =+SUM(IA11:ID11)/COUNT(IA11:ID11) -> 1368.75 | BK11: =+SUM(IE11:IH11)/COUNT(IE11:IH11) -> 1350 | BL11: =+SUM(II11:IL11)/COUNT(II11:IL11) -> 1360 | BM11: =+SUM(IM11:IP11)/COUNT(IM11:IP11) -> 1360 | BN11: =+SUM(IQ11:IU11)/COUNT(IQ11:IU11) -> 1360 | BO11: =+SUM(IV11:IY11)/COUNT(IV11:IY11) -> 1360 | BP11: =+SUM(IZ11:JD11)/COUNT(IZ11:JD11) -> 1324 | BQ11: =+SUM(JE11:JH11)/COUNT(JE11:JH11) -> 1295 | BR11: =+SUM(JI11:JL11)/COUNT(JI11:JL11) -> 1275 | BS11: =+SUM(JM11:JQ11)/COUNT(JM11:JQ11) -> 1248 | BT11: =+SUM(JR11:JU11)/COUNT(JR11:JU11) -> 1243.75 | BU11: =+SUM(JV11:JY11)/COUNT(JV11:JY11) -> 1193.75 | BV11: =+SUM(JZ11:KD11)/COUNT(JZ11:KD11) -> 1150 | BW11: =+SUM(KE11:KH11)/COUNT(KE11:KH11) -> 1150 | BX11: =+SUM(KI11:KL11)/COUNT(KI11:KL11) -> 1220 | BY11: 1300 | CA11: ICIS | CB11: ICIS giá rPET ($ /tấn) | CC11: ICIS | DA11: =+(1550+1670)/2 -> 1610 | DB11: =+(1550+1700)/2 -> 1625 | DC11: =+(1550+1650)/2 -> 1600 | DD11: =+(1550+1620)/2 -> 1585 | DE11: =+(1550+1650)/2 -> 1600 | DF11: =+(1550+1650)/2 -> 1600 | DG11: =+(1550+1650)/2 -> 1600 | DH11: =+(1550+1680)/2 -> 1615 | DI11: =+(1550+1680)/2 -> 1615 | DJ11: =+(1550+1620)/2 -> 1585 | DK11: =+(1550+1620)/2 -> 1585 | DL11: =+(1450+1520)/2 -> 1485 | DM11: =+(1350+1550)/2 -> 1450 | DN11: =+(1350+1550)/2 -> 1450 | DO11: =+(1350+1550)/2 -> 1450 | DP11: =+(1350+1550)/2 -> 1450 | DQ11: 1425 | DR11: 1425 | DS11: 1425 | DT11: =(1350+1500)/2 -> 1425 | DU11: 1350 | DV11: 1350 | DW11: =+(1250+1450)/2 -> 1350 | DX11: =+(1250+1450)/2 -> 1350 | DY11: =+(1250+1450)/2 -> 1350 | DZ11: =+(1250+1450)/2 -> 1350 | EA11: =+(1250+1450)/2 -> 1350 | EB11: =+(1250+1350)/2 -> 1300 | EC11: =+(1250+1350)/2 -> 1300 | ED11: =+(1250+1350)/2 -> 1300 | EE11: =+(1250+1350)/2 -> 1300 | EF11: =+(1250+1300)/2 -> 1275 | EG11: =+(1250+1300)/2 -> 1275 | EH11: =+(1250+1300)/2 -> 1275 | EI11: =+(1250+1300)/2 -> 1275 | EJ11: =+(1280+1350)/2 -> 1315 | EK11: =+(1350+1430)/2 -> 1390 | EL11: =+(1350+1530)/2 -> 1440 | EM11: =+(1350+1530)/2 -> 1440 | EN11: =+(1350+1530)/2 -> 1440 | EO11: =+(1350+1530)/2 -> 1440 | EP11: =+(1350+1530)/2 -> 1440 | EQ11: =+(1350+1530)/2 -> 1440 | ER11: =+(1350+1530)/2 -> 1440 | ES11: =+(1350+1530)/2 -> 1440 | ... EW11: =+(1350+1530)/2 -> 1440 | EX11: =+(1350+1460)/2 -> 1405 | EY11: =+(1350+1400)/2 -> 1375 | EZ11: =+(1300+1350)/2 -> 1325 | FA11: =+(1300+1350)/2 -> 1325 | FB11: =+(1300+1350)/2 -> 1325 | FC11: =+(1300+1350)/2 -> 1325 | FD11: =+(1300+1350)/2 -> 1325 | FE11: =+(1270+1350)/2 -> 1310 | FF11: =+(1270+1350)/2 -> 1310 | FG11: =+(1200+1300)/2 -> 1250 | FH11: =+(1200+1320)/2 -> 1260 | FI11: =+(1200+1320)/2 -> 1260 | FJ11: =+(1250+1350)/2 -> 1300 | FK11: =+(1250+1350)/2 -> 1300 | FL11: =+(1250+1330)/2 -> 1290 | FM11: =+(1250+1330)/2 -> 1290 | FN11: =+(1250+1330)/2 -> 1290 | FO11: 1285 | FP11: 1285 | FQ11: 1287.5 | FR11: 1280 | FS11: 1300 | FT11: 1300 | FU11: 1300 | FV11: 1300 | FW11: 1300 | FX11: 1300 | FY11: 1300 | FZ11: 1300 | GA11: 1300 | GB11: 1300 | GC11: 1300 | GD11: 1300 | GE11: 1325 | GF11: 1325 | GG11: 1325 | GH11: 1325 | GI11: 1325 | GJ11: 1325 | GK11: 1325 | GL11: 1315 | GM11: 1315 | GN11: 1325 | GO11: 1325 | GP11: 1325 | GQ11: 1320 | GR11: 1333 | GS11: 1350 | GT11: 1350 | GU11: 1350 | GV11: 1350 | GW11: 1365 | GX11: 1365 | GY11: 1365 | GZ11: 1365 | HA11: 1365 | HB11: 1365 | HC11: 1365 | HD11: 1365 | HE11: 1400 | HF11: 1400 | HG11: 1400 | HH11: 1410 | HI11: 1410 | HJ11: 1430 | HK11: 1430 | HL11: 1425 | HM11: 1425 | HN11: 1440 | HO11: 1440 | HP11: 1440 | HQ11: 1440 | HR11: 1440 | HS11: 1440 | HT11: 1440 | HU11: 1440 | HV11: 1440 | HW11: 1430 | HX11: 1430 | HY11: 1425 | HZ11: 1400 | IA11: 1400 | IB11: 1375 | IC11: 1350 | ID11: 1350 | IE11: 1350 | IF11: 1350 | IG11: 1350 | IH11: 1350 | II11: 1360 | IJ11: 1360 | IK11: 1360 | IL11: 1360 | IM11: 1360 | IN11: 1360 | IO11: 1360 | IP11: 1360 | IQ11: 1360 | IR11: 1360 | IS11: 1360 | IT11: 1360 | IU11: 1360 | IV11: 1360 | IW11: 1360 | IX11: 1360 | IY11: 1360 | IZ11: 1360 | JA11: 1360 | JB11: 1300 | JC11: 1300 | JD11: 1300 | JE11: 1300 | JF11: 1300 | JG11: 1290 | JH11: 1290 | JI11: 1290 | JJ11: 1290 | JK11: 1260 | JL11: 1260 | JM11: 1240 | JN11: 1250 | JO11: 1250 | JP11: 1250 | JQ11: 1250 | JR11: 1250 | JS11: 1250 | JT11: 1250 | JU11: 1225 | JV11: 1225 | JW11: 1200 | JX11: 1200 | JY11: 1150 | JZ11: 1150 | KA11: 1150 | KB11: 1150 | KC11: 1150 | KD11: 1150 | KE11: 1150 | KF11: 1150 | KG11: 1150 | KH11: 1150 | KI11: 1175 | KJ11: 1185 | KK11: 1220 | KL11: 1300
A12: 9 | D12: ICIS | E12: ICIS giá rPET ($ /tấn) | F12: ICIS FOB ĐNA - Giá Cao | G12: $ /tấn | H12: ICIS FOB ĐNA - Giá Cao | P12: 1400 | Q12: 1500 | R12: 1500 | S12: 1500 | T12: 1500 | U12: 1500 | V12: 1650 | W12: 1650 | X12: 1650 | Y12: 1650 | Z12: 1800 | AA12: 1700 | AB12: 1610 | AC12: 1520 | AD12: 1538 | AE12: 1550 | AF12: 1500 | AG12: 1500 | AH12: 1500 | AI12: 1500 | AJ12: 1500 | AK12: 1410 | AL12: =+SUM(ED12:EG12)/4 -> 1325 | AM12: =+SUM(EH12:EK12)/4 -> 1345 | AN12: =+SUM(EL12:EN12)/COUNT(EL12:EN12) -> 1530 | AO12: =+SUM(EP12:ES12)/COUNT(EP12:ES12) -> 1530 | AP12: =+SUM(ET12:EX12)/COUNT(ET12:EX12) -> 1516 | AQ12: =+SUM(EY12:FB12)/COUNT(EY12:FB12) -> 1362.5 | AR12: =+SUM(FC12:FF12)/COUNT(FC12:FF12) -> 1350 | AS12: =+SUM(FG12:FK12)/COUNT(FG12:FK12) -> 1328 | AT12: =+SUM(FL12:FO12)/COUNT(FL12:FO12) -> 1327.5 | AU12: =+SUM(FP12:FS12)/COUNT(FP12:FS12) -> 1326.25 | AV12: =+SUM(FT12:FW12)/COUNT(FT12:FW12) -> 1350 | AW12: =+SUM(FX12:GB12)/COUNT(FX12:GB12) -> 1350 | AX12: =+SUM(GC12:GF12)/COUNT(GC12:GF12) -> 1375 | AY12: =+SUM(GG12:GI12)/COUNT(GG12:GI12) -> 1400 | AZ12: =+SUM(GJ12:GM12)/COUNT(GJ12:GM12) -> 1390 | BA12: =+SUM(GN12:GQ12)/COUNT(GN12:GQ12) -> 1397.5 | BB12: =+SUM(GR12:GV12)/COUNT(GR12:GV12) -> 1399.2 | BC12: =+SUM(GW12:GZ12)/COUNT(GW12:GZ12) -> 1455 | BD12: =+SUM(HA12:HD12)/COUNT(HA12:HD12) -> 1455 | BE12: =+SUM(HE12:HI12)/COUNT(HE12:HI12) -> 1504 | BF12: =+SUM(HJ12:HM12)/COUNT(HJ12:HM12) -> 1550 | BG12: =+SUM(HN12:HQ12)/COUNT(HN12:HQ12) -> 1580 | BH12: =+SUM(HR12:HV12)/COUNT(HR12:HV12) -> 1580 | BI12: =+SUM(HW12:HZ12)/COUNT(HW12:HZ12) -> 1555 | BJ12: =+SUM(IA12:ID12)/COUNT(IA12:ID12) -> 1512.5 | BK12: =+SUM(IE12:IH12)/COUNT(IE12:IH12) -> 1500 | BL12: =+SUM(II12:IL12)/COUNT(II12:IL12) -> 1500 | BM12: =+SUM(IM12:IP12)/COUNT(IM12:IP12) -> 1500 | BN12: =+SUM(IQ12:IU12)/COUNT(IQ12:IU12) -> 1500 | BO12: =+SUM(IV12:IY12)/COUNT(IV12:IY12) -> 1500 | BP12: =+SUM(IZ12:JD12)/COUNT(IZ12:JD12) -> 1440 | BQ12: =+SUM(JE12:JH12)/COUNT(JE12:JH12) -> 1390 | BR12: =+SUM(JI12:JL12)/COUNT(JI12:JL12) -> 1350 | BS12: =+SUM(JM12:JQ12)/COUNT(JM12:JQ12) -> 1344 | BT12: =+SUM(JR12:JU12)/COUNT(JR12:JU12) -> 1350 | BU12: =+SUM(JV12:JY12)/COUNT(JV12:JY12) -> 1300 | BV12: =+SUM(JZ12:KD12)/COUNT(JZ12:KD12) -> 1250 | BW12: =+SUM(KE12:KH12)/COUNT(KE12:KH12) -> 1250 | BX12: =+SUM(KI12:KL12)/COUNT(KI12:KL12) -> 1312.5 | BY12: 1400 | CA12: ICIS | CB12: ICIS giá rPET ($ /tấn) | CC12: ICIS FOB ĐNA - Giá Cao | DA12: 1670 | DB12: 1700 | DC12: 1650 | DD12: 1620 | DE12: 1650 | DF12: 1650 | DG12: 1650 | DH12: 1680 | DI12: 1680 | DJ12: 1620 | DK12: 1620 | DL12: 1520 | DM12: 1550 | DN12: 1550 | DO12: 1550 | DP12: 1550 | DQ12: 1500 | DR12: 1500 | DS12: 1500 | DT12: 1500 | DU12: 1450 | DV12: 1450 | DW12: 1450 | DX12: 1450 | DY12: 1450 | DZ12: 1450 | EA12: 1450 | EB12: 1350 | EC12: 1350 | ED12: 1350 | EE12: 1350 | EF12: 1300 | EG12: 1300 | EH12: 1300 | EI12: 1300 | EJ12: 1350 | EK12: 1430 | EL12: 1530 | EM12: 1530 | EN12: 1530 | EO12: 1530 | EP12: 1530 | EQ12: 1530 | ER12: 1530 | ES12: 1530 | ET12: 1530 | EU12: 1530 | EV12: 1530 | EW12: 1530 | EX12: 1460 | EY12: 1400 | EZ12: 1350 | FA12: 1350 | FB12: 1350 | FC12: 1350 | FD12: 1350 | FE12: 1350 | FF12: 1350 | FG12: 1300 | FH12: 1320 | FI12: 1320 | FJ12: 1350 | FK12: 1350 | FL12: 1330 | FM12: 1330 | FN12: 1330 | FO12: 1320 | FP12: 1320 | FQ12: 1325 | FR12: 1310 | FS12: 1350 | FT12: 1350 | FU12: 1350 | FV12: 1350 | FW12: 1350 | FX12: 1350 | FY12: 1350 | FZ12: 1350 | GA12: 1350 | GB12: 1350 | GC12: 1350 | GD12: 1350 | GE12: 1400 | GF12: 1400 | GG12: 1400 | GH12: 1400 | GI12: 1400 | GJ12: 1400 | GK12: 1400 | GL12: 1380 | GM12: 1380 | GN12: 1400 | GO12: 1400 | GP12: 1400 | GQ12: 1390 | GR12: 1396 | GS12: 1400 | GT12: 1400 | GU12: 1400 | GV12: 1400 | GW12: 1455 | GX12: 1455 | GY12: 1455 | GZ12: 1455 | HA12: 1455 | HB12: 1455 | HC12: 1455 | HD12: 1455 | HE12: 1500 | HF12: 1500 | HG12: 1500 | HH12: 1510 | HI12: 1510 | HJ12: 1550 | HK12: 1550 | HL12: 1550 | HM12: 1550 | HN12: 1580 | HO12: 1580 | HP12: 1580 | HQ12: 1580 | HR12: 1580 | HS12: 1580 | HT12: 1580 | HU12: 1580 | HV12: 1580 | HW12: 1560 | HX12: 1560 | HY12: 1550 | HZ12: 1550 | IA12: 1550 | IB12: 1500 | IC12: 1500 | ID12: 1500 | IE12: 1500 | IF12: 1500 | IG12: 1500 | IH12: 1500 | II12: 1500 | IJ12: 1500 | IK12: 1500 | IL12: 1500 | IM12: 1500 | IN12: 1500 | IO12: 1500 | IP12: 1500 | IQ12: 1500 | IR12: 1500 | IS12: 1500 | IT12: 1500 | IU12: 1500 | IV12: 1500 | IW12: 1500 | IX12: 1500 | IY12: 1500 | IZ12: 1500 | JA12: 1500 | JB12: 1400 | JC12: 1400 | JD12: 1400 | JE12: 1400 | JF12: 1400 | JG12: 1380 | JH12: 1380 | JI12: 1380 | JJ12: 1380 | JK12: 1320 | JL12: 1320 | JM12: 1320 | JN12: 1350 | JO12: 1350 | JP12: 1350 | JQ12: 1350 | JR12: 1350 | JS12: 1350 | JT12: 1350 | JU12: 1350 | JV12: 1350 | JW12: 1300 | JX12: 1300 | JY12: 1250 | JZ12: 1250 | KA12: 1250 | KB12: 1250 | KC12: 1250 | KD12: 1250 | KE12: 1250 | KF12: 1250 | KG12: 1250 | KH12: 1250 | KI12: 1250 | KJ12: 1270 | KK12: 1330 | KL12: 1400
D13: Anh 12 | F13: FENC_FOB TAIWAN BÁN CHO UNILEVER | G13: $ /tấn | H13: FENC_BÁN CHO UNILEVER | R13: 1290 | S13: 1290 | T13: 1290 | U13: 1205 | V13: 1205 | W13: 1542 | X13: 1542 | Y13: 1542 | Z13: 1755 | AA13: 1755 | AB13: 1755 | AC13: 1755 | AD13: 1755 | AE13: 1718 | AF13: 1718 | AG13: 1718 | AH13: 1718 | AI13: 1718 | AJ13: 1718 | AK13: 1718 | AL13: =+SUM(ED13:EG13)/4 -> 1640.75 | AM13: =+SUM(EH13:EK13)/4 -> 1615 | AN13: =+SUM(EL13:EN13)/COUNT(EL13:EN13) -> 1615 | BO13: =+SUM(IV13:IY13)/COUNT(IV13:IY13) -> #DIV/0! | BP13: =+SUM(IZ13:JD13)/COUNT(IZ13:JD13) -> #DIV/0! | BQ13: =+SUM(JE13:JH13)/COUNT(JE13:JH13) -> #DIV/0! | BR13: =+SUM(JI13:JL13)/COUNT(JI13:JL13) -> #DIV/0! | BS13: =+SUM(JM13:JQ13)/COUNT(JM13:JQ13) -> #DIV/0! | BT13: =+SUM(JR13:JU13)/COUNT(JR13:JU13) -> #DIV/0! | BU13: =+SUM(JV13:JY13)/COUNT(JV13:JY13) -> #DIV/0! | BV13: =+SUM(JZ13:KD13)/COUNT(JZ13:KD13) -> #DIV/0! | BW13: =+SUM(KE13:KH13)/COUNT(KE13:KH13) -> #DIV/0! | BX13: =+SUM(KI13:KL13)/COUNT(KI13:KL13) -> #DIV/0! | CA13: Anh 12 | CC13: FENC_BÁN CHO UNILEVER | DA13: 1755 | DB13: 1755 | DC13: 1755 | DD13: 1755 | DE13: 1755 | DF13: 1755 | DG13: 1755 | DH13: 1755 | DI13: 1755 | DJ13: 1755 | DK13: 1755 | DL13: 1718 | DM13: 1718 | DN13: 1718 | DO13: 1718 | DP13: 1718 | DQ13: 1718 | DR13: 1718 | DS13: 1718 | DT13: 1718 | DU13: 1718 | DV13: 1718 | DW13: 1718 | DX13: 1718 | DY13: 1718 | DZ13: 1718 | EA13: 1718 | EB13: 1718 | EC13: 1718 | ED13: 1718 | EE13: 1615 | EF13: 1615 | EG13: 1615 | EH13: 1615 | EI13: 1615 | EJ13: 1615 | EK13: 1615 | EL13: 1615 | EM13: 1615 | EN13: 1615 | EO13: 1615
D14: Anh 12 | F14: RESIN | G14: $ /tấn | H14: RESIN | S14: 1190 | T14: 1150 | U14: 1165 | V14: 1272.5 | W14: 1346 | X14: 1297.5 | Y14: 1316.6667 | Z14: 1390 | AA14: 1220 | AB14: 1270 | AC14: 1190 | AD14: 1190 | AE14: 1130 | AF14: 1100 | AG14: 1100 | AH14: 1070 | AI14: 1040 | AJ14: 1040 | AK14: =+SUM(DZ14:EC14)/4 -> 977.5 | AL14: =+SUM(ED14:EG14)/4 -> 1000 | AM14: =+SUM(EH14:EK14)/4 -> 1045 | AN14: =+SUM(EL14:EN14)/COUNT(EL14:EN14) -> 1020 | AO14: =+SUM(EP14:ES14)/COUNT(EP14:ES14) -> 1055 | AP14: =+SUM(ET14:EX14)/COUNT(ET14:EX14) -> 974 | AQ14: =+SUM(EY14:FB14)/COUNT(EY14:FB14) -> 895 | AR14: =+SUM(FC14:FF14)/COUNT(FC14:FF14) -> 903 | AS14: =+SUM(FG14:FK14)/COUNT(FG14:FK14) -> 918 | AT14: =+SUM(FL14:FO14)/COUNT(FL14:FO14) -> 930 | AU14: =+SUM(FP14:FS14)/COUNT(FP14:FS14) -> 922.5 | AV14: =+SUM(FT14:FW14)/COUNT(FT14:FW14) -> 900 | AW14: =+SUM(FX14:GB14)/COUNT(FX14:GB14) -> 900 | AX14: =+SUM(GC14:GF14)/COUNT(GC14:GF14) -> 930 | AY14: =+SUM(GG14:GI14)/COUNT(GG14:GI14) -> 943.33333 | AZ14: =+SUM(GJ14:GM14)/COUNT(GJ14:GM14) -> 940 | BA14: =+SUM(GN14:GQ14)/COUNT(GN14:GQ14) -> 940 | BB14: =+SUM(GR14:GV14)/COUNT(GR14:GV14) -> 942 | BC14: =+SUM(GW14:GZ14)/COUNT(GW14:GZ14) -> 950 | BD14: =+SUM(HA14:HD14)/COUNT(HA14:HD14) -> 947.5 | BE14: =+SUM(HE14:HI14)/COUNT(HE14:HI14) -> 930 | BF14: =+SUM(HJ14:HM14)/COUNT(HJ14:HM14) -> 880 | BG14: =+SUM(HN14:HQ14)/COUNT(HN14:HQ14) -> 862.5 | BH14: =+SUM(HR14:HV14)/COUNT(HR14:HV14) -> 852 | BI14: =+SUM(HW14:HZ14)/COUNT(HW14:HZ14) -> 830 | BJ14: =+SUM(IA14:ID14)/COUNT(IA14:ID14) -> 827.5 | BK14: =+SUM(IE14:IH14)/COUNT(IE14:IH14) -> 840 | BL14: =+SUM(II14:IL14)/COUNT(II14:IL14) -> 822.5 | BM14: =+SUM(IM14:IP14)/COUNT(IM14:IP14) -> 765 | BN14: =+SUM(IQ14:IU14)/COUNT(IQ14:IU14) -> 782 | BO14: =+SUM(IV14:IY14)/COUNT(IV14:IY14) -> 807.5 | BP14: =+SUM(IZ14:JD14)/COUNT(IZ14:JD14) -> 802 | BQ14: =+SUM(JE14:JH14)/COUNT(JE14:JH14) -> 795 | BR14: =+SUM(JI14:JL14)/COUNT(JI14:JL14) -> 782.5 | BS14: =+SUM(JM14:JQ14)/COUNT(JM14:JQ14) -> 772 | BT14: =+SUM(JR14:JU14)/COUNT(JR14:JU14) -> 770 | BU14: =+SUM(JV14:JY14)/COUNT(JV14:JY14) -> 772.5 | BV14: =+SUM(JZ14:KD14)/COUNT(JZ14:KD14) -> 805 | BW14: =+SUM(KE14:KH14)/COUNT(KE14:KH14) -> 840 | BX14: =+SUM(KI14:KL14)/COUNT(KI14:KL14) -> 1108.75 | BY14: 1140 | CA14: Anh 12 | CC14: RESIN | DA14: =+(1400+1430)/2 -> 1415 | DB14: =+(1380+1410)/2 -> 1395 | DC14: =+(1360+1390)/2 -> 1375 | DD14: =+(1320+1350)/2 -> 1335 | DE14: =+(1230+1270)/2 -> 1250 | DF14: =+(1210+1250)/2 -> 1230 | DG14: =+(1200+1240)/2 -> 1220 | DH14: =+(1230+1270)/2 -> 1250 | DI14: =+(1230+1270)/2 -> 1250 | DJ14: =+(1200+1240)/2 -> 1220 | DK14: =+(1170+1210)/2 -> 1190 | DL14: =+(1140+1180)/2 -> 1160 | DM14: =+(1140+1180)/2 -> 1160 | DN14: =+(1140+1180)/2 -> 1160 | DO14: =+(1110+1150)/2 -> 1130 | DP14: =+(1110+1150)/2 -> 1130 | DQ14: 1100 | DR14: 1100 | DS14: 1070 | DT14: 1040 | DU14: 995 | DV14: 980 | DW14: =+(960+1000)/2 -> 980 | DX14: =+(960+1000)/2 -> 980 | DY14: =+(940+1000)/2 -> 970 | DZ14: =+(940+1000)/2 -> 970 | EA14: =+(940+1000)/2 -> 970 | EB14: =+(960+1000)/2 -> 980 | EC14: =+(970+1010)/2 -> 990 | ED14: 970 | EE14: 980 | EF14: 990 | EG14: 1060 | EH14: 1070 | EI14: 1070 | EJ14: 1020 | EK14: 1020 | EL14: 1020 | EM14: 1020 | EN14: 1020 | EO14: 1020 | EP14: 1050 | EQ14: 1070 | ER14: 1050 | ES14: 1050 | ET14: 1020 | EU14: 1000 | EV14: 980 | EW14: 960 | EX14: 910 | EY14: 910 | EZ14: 890 | FA14: 890 | FB14: 890 | FC14: 890 | FD14: 882 | FE14: 920 | FF14: 920 | FG14: 940 | FH14: 920 | FI14: 910 | FJ14: 910 | FK14: 910 | FL14: 910 | FM14: 930 | FN14: 940 | FO14: 940 | FP14: 940 | FQ14: 930 | FR14: 920 | FS14: 900 | FT14: 900 | FU14: 900 | FV14: 900 | FW14: 900 | FX14: 900 | FY14: 900 | FZ14: 900 | GA14: 900 | GB14: 900 | GC14: 900 | GD14: 940 | GE14: 940 | GF14: 940 | GG14: 950 | GH14: 940 | GI14: 940 | GJ14: 940 | GK14: 940 | GL14: 940 | GM14: 940 | GN14: 940 | GO14: 940 | GP14: 940 | GQ14: 940 | GR14: 940 | GS14: 940 | GT14: 940 | GU14: 940 | GV14: 950 | GW14: 950 | GX14: 950 | GY14: 950 | GZ14: 950 | HA14: 950 | HB14: 950 | HC14: 950 | HD14: 940 | HE14: 940 | HF14: 940 | HG14: 940 | HH14: 930 | HI14: 900 | HJ14: 900 | HK14: 890 | HL14: 870 | HM14: 860 | HN14: 860 | HO14: 860 | HP14: 870 | HQ14: 860 | HR14: 860 | HS14: 860 | HT14: 860 | HU14: 840 | HV14: 840 | HW14: 840 | HX14: 830 | HY14: 830 | HZ14: 820 | IA14: 820 | IB14: 820 | IC14: 820 | ID14: 850 | IE14: 840 | IF14: 840 | IG14: 840 | IH14: 840 | II14: 840 | IJ14: 830 | IK14: 810 | IL14: 810 | IM14: 800 | IN14: 750 | IO14: 750 | IP14: 760 | IQ14: 760 | IR14: 760 | IS14: 800 | IT14: 800 | IU14: 790 | IV14: 800 | IW14: 790 | IX14: 820 | IY14: 820 | IZ14: 820 | JA14: 820 | JB14: 790 | JC14: 790 | JD14: 790 | JE14: 800 | JF14: 790 | JG14: 790 | JH14: 800 | JI14: 790 | JJ14: 780 | JK14: 780 | JL14: 780 | JM14: 780 | JN14: 780 | JO14: 770 | JP14: 760 | JQ14: 770 | JR14: 770 | JS14: 770 | JT14: 770 | JU14: 770 | JV14: 770 | JW14: 770 | JX14: 770 | JY14: 780 | JZ14: 795 | KA14: 795 | KB14: 795 | KC14: 820 | KD14: 820 | KE14: 840 | KF14: 840 | KG14: 840 | KH14: 840 | KI14: =(900+970)/2 -> 935 | KJ14: 1080 | KK14: 1280 | KL14: 1140
F15: ICIS Thị trường Mỹ (FOB) | H15: x | CC15: ICIS Bờ Tây Mỹ (FOB) | DH15: 2502.24 | DI15: 2502.24 | DJ15: 2502.24 | DK15: 2259.74 | DL15: 2259.74 | DM15: 2259.74 | DN15: 1918.02 | DO15: 1918.02 | DP15: 1918.02 | DQ15: 1587.33 | DR15: 1587.33 | DS15: 1587.33 | DT15: 1587.33 | DU15: 1587.33 | DV15: 1587.33 | DW15: 1587.33 | DX15: 1587.33 | DY15: 1477.1 | DZ15: 1477.1 | EA15: 1477.1 | EB15: 1477.1 | EC15: 1477.1 | ED15: 1543.23 | EE15: 1543.234 | EF15: 1543.234 | EG15: 1543.234 | EH15: 1543.234 | EI15: 1543.234 | EJ15: 1543.234 | EK15: 1543.234 | EL15: 1543.234 | EM15: 1543.234 | EN15: 1543.234 | EO15: 1543.234 | EP15: 1543.234 | EQ15: 1543.234 | ER15: 1543.234 | ES15: 1543.234 | ET15: 1543.234 | EU15: 1543.234 | EV15: 1543.234 | EW15: 1521.188 | EX15: 1521.188 | EY15: 1521.188 | EZ15: 1521.188 | FA15: 1521.188 | FB15: 1521.188 | FC15: 1521.188 | FD15: 1521.188 | FE15: 1521.188 | FF15: 1521.188 | FG15: 1521.188 | FH15: 1521.188 | FI15: 1521.188 | FJ15: 1521.188 | FK15: 1521.188 | FL15: 1521.188 | FM15: 1521.188 | FN15: 1521.188 | FO15: 1521.188 | FP15: 1521.188 | FQ15: 1521.188 | FR15: 1521.188 | FS15: 1521.188 | FT15: 1521.188 | FU15: 1521.188 | FV15: 1521.188 | FW15: 1521.188 | FX15: 1521.188 | FY15: 1521.188 | FZ15: 1521.188 | GA15: 1521.188 | GB15: 1521.188 | GC15: 1521.188 | GD15: 1521.188 | GE15: 1521.188 | GF15: 1521.188 | GG15: 1521.188 | GH15: 1521.188 | GI15: 1521.188 | GJ15: 1521.188 | GK15: 1521.188 | GL15: 1521.188 | GM15: 1521.188 | GN15: 1521.188 | GO15: 1521.188 | GP15: 1521.188 | GQ15: 1521.188
F16: Giá keo dự báo | H16: Giá keo dự báo | U16: =U14 -> 1165 | V16: =V14 -> 1272.5 | W16: =W14 -> 1346 | X16: =X14 -> 1297.5 | Y16: =Y14 -> 1316.6667 | Z16: =Z14 -> 1390 | AA16: =AA14 -> 1220 | AB16: =AB14 -> 1270 | ... BY16: =BY14 -> 1140 | CC16: Giá tới nhà máy Plascene | DO16: =DO15+222 -> 2140.02 | DP16: =DP15-222 -> 1696.02 | DQ16: =DQ15-222 -> 1365.33 | DR16: =DR15-222 -> 1365.33 | DS16: =DS15-222 -> 1365.33 | DT16: =DT15-222 -> 1365.33 | DU16: =DU15-222 -> 1365.33 | DV16: =DV15-222 -> 1365.33 | DW16: =DW15-222 -> 1365.33 | ... KL16: =KL15-222 -> -222
H17: TTCP | X17: =X14 -> 1297.5 | Y17: =Y14 -> 1316.6667 | Z17: =Z14 -> 1390 | AA17: =AA14 -> 1220 | AB17: =AB14 -> 1270 | AC17: =AC14 -> 1190 | AD17: =AD14 -> 1190 | AE17: =AE14 -> 1130 | ... BY17: =BY14 -> 1140 | CC17: TTCP | DQ17: =DQ14 -> 1100 | DR17: =DR14 -> 1100 | DS17: =DS14 -> 1070 | DT17: =DT14 -> 1040 | DU17: =DU14 -> 995 | DV17: =DV14 -> 980 | DW17: =DW14 -> 980 | DX17: =DX14 -> 980 | ... KL17: =KL14 -> 1140
H18: CL | X18: =X7-X17 -> 272.5 | Y18: =Y7-Y17 -> 253.33333 | Z18: =Z7-Z17 -> 180 | AA18: =AA7-AA17 -> 350 | AB18: =AB7-AB17 -> 230 | AC18: =AC7-AC17 -> 310 | AD18: =AD7-AD17 -> #REF! | AE18: =AE7-AE17 -> #REF! | ... AK18: =AK7-AK17 -> 372.5 | AL18: =AL6-AL17 -> 330 | AM18: =AM6-AM17 -> 285 | AN18: =AN6-AN17 -> 360 | AO18: =AO6-AO17 -> 325 | AP18: =AP6-AP17 -> 406 | AQ18: =AQ6-AQ17 -> 430 | AR18: =AR6-AR17 -> 372 | AS18: =AS6-AS17 -> 332 | ... BY18: =BY6-BY17 -> 160 | CC18: CL | DQ18: =+DQ7-DQ17 -> #REF! | DR18: =+DR7-DR17 -> #REF! | DS18: =+DS7-DS17 -> #REF! | DT18: =+DT7-DT17 -> #REF! | DU18: =+DU7-DU17 -> 405 | DV18: =+DV7-DV17 -> 420 | DW18: =+DW7-DW17 -> 420 | DX18: =+DX7-DX17 -> 420 | ... GB18: =+GB7-GB17 -> 350 | GC18: =+GC6-GC17 -> 350 | GD18: =+GD6-GD17 -> 310 | GE18: =+GE6-GE17 -> 310 | GF18: =+GF6-GF17 -> 310 | GG18: =+GG6-GG17 -> 300 | GH18: =+GH6-GH17 -> 310 | GI18: =+GI6-GI17 -> 310 | GJ18: =+GJ6-GJ17 -> 310 | ... KL18: =+KL6-KL17 -> 140
H19: % | X19: =X18/X17 -> 0.21001927 | Y19: =Y18/Y17 -> 0.19240506 | Z19: =Z18/Z17 -> 0.1294964 | AA19: =AA18/AA17 -> 0.28688525 | AB19: =AB18/AB17 -> 0.18110236 | AC19: =AC18/AC17 -> 0.2605042 | AD19: =AD18/AD17 -> #REF! | AE19: =AE18/AE17 -> #REF! | ... BY19: =BY18/BY17 -> 0.14035088 | CC19: % | DQ19: =+DQ18/DQ17 -> #REF! | DR19: =+DR18/DR17 -> #REF! | DS19: =+DS18/DS17 -> #REF! | DT19: =+DT18/DT17 -> #REF! | DU19: =+DU18/DU17 -> 0.40703518 | DV19: =+DV18/DV17 -> 0.42857143 | DW19: =+DW18/DW17 -> 0.42857143 | DX19: =+DX18/DX17 -> 0.42857143 | ... KL19: =+KL18/KL17 -> 0.12280702
H20: Điểm hòa vốn | X20: 1225 | Y20: 1225 | Z20: 1225 | AA20: 1225 | AB20: 1225 | AC20: 1225 | AD20: 1225 | AE20: 1225 | AF20: 1225 | AG20: 1225 | AH20: 1225 | AI20: 1225 | AJ20: 1225 | AK20: 1225 | AL20: 1225 | AM20: 1225 | AN20: 1225 | AO20: 1225 | AP20: 1225 | AQ20: 1185 | AR20: 1133 | AS20: 1133 | AT20: 1151 | AU20: 1175 | AV20: 1200 | AW20: 1143 | AX20: 1162 | AY20: 1175 | AZ20: 1200 | BA20: 1230 | BB20: 1260 | BC20: 1250 | BD20: 1174 | BE20: 1131 | BF20: 1154.4175 | BG20: 1161.0769 | BH20: 1179.9226 | BI20: 1183.4455 | BJ20: 1181 | BK20: 1185.2425 | BL20: 1190.7839 | BM20: 1188.899 | BN20: 1208.4564 | BO20: 1167.8122 | BP20: 1185.3194 | BQ20: 1163.1487 | BR20: 1186.2628 | BS20: 1128 | BT20: 1070.5116 | BU20: 1092.8991 | BV20: 1096.8837 | BW20: 1056.152 | BX20: 1057.7957 | CC20: Giá keo dự báo | DQ20: =DQ14 -> 1100 | DR20: =DR14 -> 1100 | DS20: =DS14 -> 1070 | DT20: =DT14 -> 1040 | DU20: =DU14 -> 995 | DV20: =DV14 -> 980 | DW20: =DW14 -> 980 | DX20: =DX14 -> 980 | ... KL20: =KL14 -> 1140
H21: Điểm hòa vốn ( có phí hỗ trợ) | CC21: Điểm hòa vốn | DS21: 1303 | DT21: 1303 | DU21: 1225 | DV21: 1225 | DW21: 1225 | DX21: 1225 | DY21: 1225 | DZ21: 1225 | EA21: 1225 | EB21: 1225 | EC21: 1225 | ED21: 1225 | EE21: 1225 | EF21: 1225 | EG21: 1225 | EH21: 1225 | EI21: 1225 | EJ21: 1225 | EK21: 1225 | EL21: 1225 | EM21: 1225 | EN21: 1225 | EO21: 1225 | EP21: 1225 | EQ21: 1225 | ER21: 1225 | ES21: 1225 | ET21: 1225 | EU21: 1225 | EV21: 1225 | EW21: 1225 | EX21: 1225 | EY21: 1225 | EZ21: 1185 | FA21: 1185 | FB21: 1185 | FC21: 1185 | FD21: 1133 | FE21: 1133 | FF21: 1133 | FG21: 1133 | FH21: 1133 | FI21: 1133 | FJ21: 1133 | FK21: 1151 | FL21: 1151 | FM21: 1151 | FN21: 1175 | FO21: 1175 | FP21: 1175 | FQ21: 1175 | FR21: 1175 | FS21: 1175 | FT21: 1200 | FU21: 1200 | FV21: 1200 | FW21: 1200 | FX21: 1143 | FY21: 1143 | FZ21: 1143 | GA21: 1143 | GB21: 1143 | GC21: 1162 | GD21: 1162 | GE21: 1162 | GF21: 1162 | GG21: 1175 | GH21: 1175 | GI21: 1175 | GJ21: 1200 | GK21: 1200 | GL21: 1200 | GM21: 1200 | GN21: 1230 | GO21: 1230 | GP21: 1230 | GQ21: 1230 | GR21: 1260 | GS21: 1260 | GT21: 1260 | GU21: 1260 | GV21: 1260 | GW21: 1250 | GX21: 1250 | GY21: 1250 | GZ21: 1250 | HA21: 1174 | HB21: 1174 | HC21: 1174 | HD21: 1174 | HE21: 1131 | HF21: 1131 | HG21: 1131 | HH21: 1131 | HI21: 1131 | HJ21: 1154.4175 | HK21: 1154.4175 | HL21: 1154.4175 | HM21: 1154.4175 | HN21: 1161.0769 | HO21: 1161.0769 | HP21: 1161.0769 | HQ21: 1161.0769 | HR21: 1179.9226 | HS21: 1179.9226 | HT21: 1179.9226 | HU21: 1179.9226 | HV21: 1179.9226 | HW21: 1183.4455 | HX21: 1183.4455 | HY21: 1183.4455 | HZ21: 1183.4455 | IA21: 1181 | IB21: 1181 | IC21: 1181 | ID21: 1181 | IE21: 1185.2425 | IF21: 1185.2425 | IG21: 1185.2425 | IH21: 1185.2425 | II21: 1190.7839 | IJ21: 1190.7839 | IK21: 1190.7839 | IL21: 1190.7839 | IM21: 1188.899 | IN21: 1188.899 | IO21: 1188.899 | IP21: 1188.899 | IQ21: 1208.4564 | IR21: 1208.4564 | IS21: 1208.4564 | IT21: 1208.4564 | IU21: 1208.4564 | IV21: 1167.8122 | IW21: 1167.8122 | IX21: 1167.8122 | IY21: 1167.8122 | IZ21: 1185.3194 | JA21: 1185.3194 | JB21: 1185.3194 | JC21: 1185.3194 | JD21: 1185.3194 | JE21: 1163.1487 | JF21: 1163.1487 | JG21: 1163.1487 | JH21: 1163.1487 | JI21: 1186.2628 | JJ21: 1186.2628 | JK21: 1186.2628 | JL21: 1186.2628 | JM21: 1149.7077 | JN21: 1149.7077 | JO21: 1149.7077 | JP21: 1149.7077 | JQ21: 1149.7077 | JR21: 1070.5116 | JS21: 1070.5116 | JT21: 1070.5116 | JU21: 1070.5116 | JV21: 1092.8991 | JW21: 1092.8991 | JX21: 1092.8991 | JY21: 1092.8991 | JZ21: 1096.8837 | KA21: 1096.8837 | KB21: 1096.8837 | KC21: 1096.8837 | KD21: 1096.8837 | KE21: 1056.152 | KF21: 1056.152 | KG21: 1056.152 | KH21: 1056.152 | KI21: 1057.7957 | KJ21: 1057.7957 | KK21: 1057.7957 | KL21: 1057.7957
CC22: Điểm hòa vốn có 25% rewash | ED22: =ED21+35 -> 1260 | EE22: =EE21+35 -> 1260 | EF22: =EF21+35 -> 1260 | EG22: =EG21+35 -> 1260 | EH22: =EH21+35 -> 1260 | EI22: =EI21+35 -> 1260 | EJ22: =EJ21+35 -> 1260 | EK22: =EK21+35 -> 1260 | ... FX22: =FX21+35 -> 1178 | FY22: =FY21+20 -> 1163 | FZ22: =FZ21+20 -> 1163 | GA22: =GA21+20 -> 1163 | GB22: =GB21+20 -> 1163 | GC22: =GC21+20 -> 1182 | GD22: =GD21+20 -> 1182 | GE22: =GE21+20 -> 1182 | GF22: =GF21+20 -> 1182 | ... GQ22: =GQ21+20 -> 1250
H23: Giá bán đối thủ Intco | AS23: 1220 | AT23: 1220 | AU23: 1220 | CC23: Điểm hòa vốn (có phí hỗ trợ) | ED23: =ED21+34 -> 1259 | EE23: =EE21+34 -> 1259 | EF23: =EF21+34 -> 1259 | EG23: =EG21+34 -> 1259 | EH23: =EH21+34 -> 1259 | EI23: =EI21+34 -> 1259 | EJ23: =EJ21+34 -> 1259 | EK23: =EK21+34 -> 1259 | ... FJ23: =FJ21+34 -> 1167 | FK23: 1182 | FL23: 1182 | FM23: 1182 | FN23: 1182 | FO23: 1182 | FP23: 1234 | FQ23: 1234 | FR23: 1234 | FS23: 1234 | FT23: 1234 | FU23: 1234 | FV23: 1234 | FW23: 1234 | FX23: 1234 | FY23: 1234 | FZ23: 1234 | GA23: 1234 | GB23: 1234 | GC23: 1234 | GD23: 1234 | GE23: 1234 | GF23: 1234 | GG23: 1234 | GH23: 1234 | GI23: 1234 | GJ23: 1234 | GK23: 1234 | GL23: 1234 | GM23: 1234 | GN23: 1234 | GO23: 1234 | GP23: 1234 | GQ23: 1234
H24: Giá bán Unilever | X24: 1360 | Y24: 1360 | Z24: 1360 | AA24: 1550 | AB24: 1550 | AC24: 1550 | AD24: 1550 | AE24: 1534 | AF24: 1534 | AG24: 1534 | AH24: 1534 | AI24: 1534 | AJ24: 1534 | AK24: 1534 | AL24: 1445 | AM24: 1445 | AN24: 1445 | AO24: 1500 | AP24: 1500 | AQ24: 1500 | AR24: 1450 | AS24: 1450 | AT24: 1450 | AU24: 1350 | AV24: 1350 | AW24: 1350 | AX24: 1320 | AY24: 1320 | AZ24: 1320 | BA24: 1320 | BB24: 1320 | BC24: 1320 | BD24: 1300 | BE24: 1300 | BF24: 1300 | BG24: 1300 | BH24: 1300 | BI24: 1300 | BJ24: 1300 | BK24: 1300 | BL24: 1250 | BM24: 1250 | BN24: 1250 | BO24: 1250 | BP24: 1280 | BQ24: 1280 | BR24: 1280 | BS24: 1280 | BT24: 1280 | BU24: 1280 | BV24: 1250 | BW24: 1250 | BX24: 1250 | CC24: Giá bán đối thủ Intco | FD24: 1200 | FG24: 1200 | FH24: 1200 | FI24: 1200 | FJ24: 1200 | FK24: 1200 | FL24: 1200 | FM24: 1200 | FN24: 1200 | FO24: 1200 | FP24: 1200 | FQ24: 1200 | FR24: 1200 | FS24: 1100 | FT24: 1100 | FU24: 1100 | FV24: 1100 | FW24: 1100 | FX24: 1100 | FY24: 1100 | FZ24: 1100 | GA24: 1100 | GB24: 1100 | GC24: 1100 | GD24: 1100 | GE24: 1100 | GF24: 1100 | GG24: 1100 | GH24: 1100 | GI24: 1100 | GJ24: 1100 | GK24: 1100 | GL24: 1100 | GM24: 1100 | GN24: 1100 | GO24: 1100 | GP24: 1100 | GQ24: 1100 | GR24: 1100 | GS24: 1100 | GT24: 1100 | GU24: 1100 | GV24: 1100 | GW24: 1100 | GX24: 1100 | GY24: 1100 | GZ24: 1100 | HA24: 1100 | HB24: 1100 | HC24: 1100 | HD24: 1100
CC25: Unilever | ED25: 1445 | EE25: 1445 | EF25: 1445 | EG25: 1445 | EH25: 1445 | EI25: 1445 | EJ25: 1445 | EK25: 1445 | EL25: 1445 | EM25: 1445 | EN25: 1445 | EO25: 1445 | EP25: 1500 | EQ25: 1500 | ER25: 1500 | ES25: 1500 | ET25: 1500 | EU25: 1500 | EV25: 1500 | EW25: 1500 | EX25: 1500 | EY25: 1500 | EZ25: 1500 | FA25: 1500 | FB25: 1500 | FC25: 1500 | FD25: 1450 | FE25: 1450 | FF25: 1450 | FG25: 1450 | FH25: 1450 | FI25: 1450 | FJ25: 1450 | FK25: 1450 | FL25: 1450 | FM25: 1450 | FN25: 1450 | FO25: 1450 | FP25: 1350 | FQ25: 1350 | FR25: 1350 | FS25: 1350 | FT25: 1350 | FU25: 1350 | FV25: 1350 | FW25: 1350 | FX25: 1350 | FY25: 1350 | FZ25: 1350 | GA25: 1350 | GB25: 1350 | GC25: 1320 | GD25: 1320 | GE25: 1320 | GF25: 1320 | GG25: 1320 | GH25: 1320 | GI25: 1320 | GJ25: 1320 | GK25: 1320 | GL25: 1320 | GM25: 1320 | GN25: 1320 | GO25: 1320 | GP25: 1320 | GQ25: 1320 | GR25: 1320 | GS25: 1320 | GT25: 1320 | GU25: 1320 | GV25: 1320 | GW25: 1320 | GX25: 1320 | GY25: 1320 | GZ25: 1320 | HA25: 1300 | HB25: 1300 | HC25: 1300 | HD25: 1300 | HE25: 1300 | HF25: 1300 | HG25: 1300 | HH25: 1300 | HI25: 1300 | HJ25: 1300 | HK25: 1300 | HL25: 1300 | HM25: 1300 | HN25: 1300 | HO25: 1300 | HP25: 1300 | HQ25: 1300 | HR25: 1300 | HS25: 1300 | HT25: 1300 | HU25: 1300 | HV25: 1300 | HW25: 1300 | HX25: 1300 | HY25: 1300 | HZ25: 1300 | IA25: 1300 | IB25: 1300 | IC25: 1300 | ID25: 1300 | IE25: 1300 | IF25: 1300 | IG25: 1300 | IH25: 1300 | II25: 1250 | IJ25: 1250 | IK25: 1250 | IL25: 1250 | IM25: 1250 | IN25: 1250 | IO25: 1250 | IP25: 1250 | IQ25: 1250 | IR25: 1250 | IS25: 1250 | IT25: 1250 | IU25: 1250 | IV25: 1250 | IW25: 1250 | IX25: 1250 | IY25: 1250 | IZ25: 1280 | JA25: 1280 | JB25: 1280 | JC25: 1280 | JD25: 1280 | JE25: 1280 | JF25: 1280 | JG25: 1280 | JH25: 1280 | JI25: 1280 | JJ25: 1280 | JK25: 1280 | JL25: 1280 | JM25: 1280 | JN25: 1280 | JO25: 1280 | JP25: 1280 | JQ25: 1280 | JR25: 1280 | JS25: 1280 | JT25: 1280 | JU25: 1280 | JV25: 1280 | JW25: 1280 | JX25: 1280 | JY25: 1280 | JZ25: 1250 | KA25: 1250 | KB25: 1250 | KC25: 1250 | KD25: 1250 | KE25: 1250 | KF25: 1250 | KG25: 1250 | KH25: 1250 | KI25: 1250 | KJ25: 1250 | KK25: 1250 | KL25: 1250

Sheet PET-tháng

Sheet PET_tuan

Sheet Ma trận PET- Fiber
D3: MA TRẬN GIÁ BÁN rPET | F3: MA TRẬN GIÁ BÁN rPET | AS3: 2023 | BJ3: 2024
F4: Tỷ giá | I4: 24000 | J4: 24000 | K4: 24000 | L4: 24000 | AS4: 24000 | AT4: 24000 | AU4: 24000 | AV4: 24000 | AW4: 24000 | AX4: 24000 | AY4: 24000 | AZ4: 24000 | BA4: 24000 | BB4: 24000 | BC4: 24000 | BD4: 24000 | BE4: 24000 | BF4: 24000 | BG4: 24000 | BH4: 24000 | BI4: 24000 | BJ4: 24000 | BK4: 24000 | BL4: 24000 | BM4: 24000 | DH4: 2025 | FG4: 2026
A5: Stt | B5: Mã SAP | C5: Tên hàng hóa SAP | D5: Mã SP | E5: Tên sản phẩm | F5: Diễn giải | G5: Đơn vị tính | H5: Diễn giải | I5: 9 | J5: 10 | K5: 11 | L5: 12 | M5: T1.24 | N5: 2 | O5: 3 | P5: 4 | Q5: 5 | R5: 6 | S5: 7 | T5: 8 | U5: 9 | V5: 10 | W5: 11 | X5: 12 | Y5: T1.25 | Z5: 2 | AA5: 3 | AB5: 4 | AC5: 5 | AD5: 6 | AE5: 7 | AF5: 8 | AG5: 9 | AH5: 10 | AI5: 11 | AJ5: 12 | AK5: T1.26 | AL5: 2 | AM5: 3 | AN5: 4 | AP5: Mã SP | AQ5: Tên sản phẩm | AR5: Diễn giải | AS5: 36 | AT5: 37 | AU5: 38 | AV5: 39 | AW5: 40 | AX5: 41 | AY5: 42 | AZ5: 43 | BA5: 44 | BB5: 45 | BC5: 46 | BD5: 47 | BE5: 48 | BF5: 49 | BG5: 50 | BH5: 51 | BI5: 52 | BJ5: 1/24 | BK5: 02 | BL5: 03 | BM5: 04 | BN5: 05 | BO5: 08 | BP5: 09 | BQ5: 10 | BR5: 11 | BS5: 12 | BT5: 13 | BU5: 14 | BV5: 15 | BW5: 16 | BX5: 17 | BY5: 18 | BZ5: 19 | CA5: 20 | CB5: 21 | CC5: 22 | CD5: 23 | CE5: 24 | CF5: 25 | CG5: 26 | CH5: 27 | CI5: 28 | CJ5: 29 | CK5: 30 | CL5: 31 | CM5: 32 | CN5: 33 | CO5: 34 | CP5: 35 | CQ5: 36 | CR5: 37 | CS5: 38 | CT5: 39 | CU5: 40 | CV5: 41 | CW5: 42 | CX5: 43 | CY5: 44 | CZ5: 45 | DA5: 46 | DB5: 47 | DC5: 48 | DD5: 49 | DE5: 50 | DF5: 51 | DG5: 52 | DH5: 01 | DI5: 02 | DJ5: 03 | DK5: 04 | DL5: 06 | DM5: 07 | DN5: 08 | DO5: 09 | DP5: 10 | DQ5: 11 | DR5: 12 | DS5: 13 | DT5: 14 | DU5: 15 | DV5: 16 | DW5: 17 | DX5: 18 | DY5: 19 | DZ5: 20 | EA5: 21 | EB5: 22 | EC5: 23 | ED5: 24 | EE5: 25 | EF5: 26 | EG5: 27 | EH5: 28 | EI5: 29 | EJ5: 30 | EK5: 31 | EL5: 32 | EM5: 33 | EN5: 34 | EO5: 35 | EP5: 36 | EQ5: 37 | ER5: 38 | ES5: 39 | ET5: 40 | EU5: 41 | EV5: 42 | EW5: 43 | EX5: 44 | EY5: 45 | EZ5: 46 | FA5: 47 | FB5: 48 | FC5: 49 | FD5: 50 | FE5: 51 | FF5: 52 | FG5: 01 | FH5: 02 | FI5: 03 | FJ5: 04 | FK5: 05 | FL5: 06 | FM5: 07 | FN5: 08 | FO5: 09 | FP5: 10 | FQ5: 11 | FR5: 12 | FS5: 13
H6: DTR-Food grade | J6: ='Ma trận PET'!AU6 -> 1250 | K6: ='Ma trận PET'!AV6 -> 1250 | L6: ='Ma trận PET'!AW6 -> 1250 | M6: ='Ma trận PET'!AX6 -> 1250 | N6: ='Ma trận PET'!AY6 -> 1250 | O6: ='Ma trận PET'!AZ6 -> 1250 | P6: ='Ma trận PET'!BA6 -> 1250 | Q6: ='Ma trận PET'!BB6 -> 1300 | ... U6: ='Ma trận PET'!BF6 -> 1310 | V6: =U6+15 -> 1325 | W6: =V6 -> 1325 | X6: =W6-50 -> 1275 | Y6: =X6-45 -> 1230 | Z6: =Y6 -> 1230 | AA6: =Z6 -> 1230 | AB6: =AA6+20 -> 1250 | AC6: =AB6 -> 1250 | AD6: =AC6 -> 1250 | AE6: =AD6 -> 1250 | AF6: =AE6-20-10 -> 1220 | AG6: =AF6 -> 1220 | AH6: 1210 | AI6: 1200 | AJ6: 1200 | AK6: 1160 | AL6: 1160 | AM6: 1160 | AR6: DTR-Food grade | AS6: ='Ma trận PET'!FL6 -> 1250 | AT6: ='Ma trận PET'!FM6 -> 1250 | AU6: ='Ma trận PET'!FN6 -> 1250 | AV6: ='Ma trận PET'!FO6 -> 1250 | AW6: ='Ma trận PET'!FP6 -> 1250 | AX6: ='Ma trận PET'!FQ6 -> 1250 | AY6: ='Ma trận PET'!FR6 -> 1250 | AZ6: ='Ma trận PET'!FS6 -> 1250 | ... BN6: ='Ma trận PET'!GG6 -> 1250 | BO6: 1250 | BP6: 1250 | BQ6: 1250 | BR6: 1250 | BS6: 1250 | BT6: 1250 | BU6: 1250 | BV6: 1250 | BW6: 1250 | BX6: 1250 | BY6: 1300 | BZ6: 1300 | CA6: 1300 | CB6: 1300 | CC6: 1300 | CD6: 1300 | CE6: 1300 | CF6: 1300 | CG6: 1300 | CH6: 1300 | CI6: 1300 | CJ6: 1300 | CK6: 1300 | CL6: 1300 | CM6: 1300 | CN6: 1300 | CO6: 1300 | CP6: 1300 | CQ6: 1310 | CR6: 1310 | CS6: 1310 | CT6: 1310 | CU6: 1325 | CV6: 1325 | CW6: 1325 | CX6: 1325 | CY6: 1325 | CZ6: 1325 | DA6: 1325 | DB6: 1325 | DC6: 1325 | DD6: =1325-50 -> 1275 | DE6: =1325-50 -> 1275 | DF6: =1325-50 -> 1275 | DG6: =1325-50 -> 1275 | DH6: =1325-50-45 -> 1230 | DI6: =1325-50-45 -> 1230 | DJ6: =1325-50-45 -> 1230 | DK6: =1325-50-45 -> 1230 | DL6: =1325-50-45 -> 1230 | DM6: =1325-50-45 -> 1230 | DN6: =1325-50-45 -> 1230 | DO6: =1325-50-45 -> 1230 | ... DS6: =1325-50-45 -> 1230 | DT6: =1325-50-45+20 -> 1250 | DU6: =1325-50-45+20 -> 1250 | DV6: =1325-50-45+20 -> 1250 | DW6: =1325-50-45+20 -> 1250 | DX6: =1325-50-45+20 -> 1250 | DY6: =1325-50-45+20 -> 1250 | DZ6: =1325-50-45+20 -> 1250 | EA6: =1325-50-45+20 -> 1250 | ... EK6: =1325-50-45+20 -> 1250 | EL6: =1325-50-45+20-20-10 -> 1220 | EM6: =1325-50-45+20-20-10 -> 1220 | EN6: =1325-50-45+20-20-10 -> 1220 | EO6: =1325-50-45+20-20-10 -> 1220 | EP6: =1325-50-45+20-20-10 -> 1220 | EQ6: =1325-50-45+20-20-10 -> 1220 | ER6: =1325-50-45+20-20-10 -> 1220 | ES6: =1325-50-45+20-20-10 -> 1220 | ET6: =1325-50-45+20-20-10-10 -> 1210 | EU6: =1325-50-45+20-20-10-10 -> 1210 | EV6: =1325-50-45+20-20-10-10 -> 1210 | EW6: =1325-50-45+20-20-10-10 -> 1210 | EX6: =1325-50-45+20-20-10-10 -> 1210 | EY6: =1325-50-45+20-20-10-10-10 -> 1200 | EZ6: =1325-50-45+20-20-10-10-10 -> 1200 | FA6: =1325-50-45+20-20-10-10-10 -> 1200 | FB6: =1325-50-45+20-20-10-10-10 -> 1200 | FC6: =1325-50-45+20-20-10-10-10 -> 1200 | FD6: =1325-50-45+20-20-10-10-10 -> 1200 | FE6: =1325-50-45+20-20-10-10-10 -> 1200 | FF6: =1325-50-45+20-20-10-10-10 -> 1200 | FG6: =1325-50-45+20-20-10-10-10-40 -> 1160 | FH6: =1325-50-45+20-20-10-10-10-40 -> 1160 | FI6: =1325-50-45+20-20-10-10-10-40 -> 1160 | FJ6: =1325-50-45+20-20-10-10-10-40 -> 1160 | FK6: =1325-50-45+20-20-10-10-10-40 -> 1160 | FL6: =1325-50-45+20-20-10-10-10-40 -> 1160 | FM6: =1325-50-45+20-20-10-10-10-40 -> 1160 | FN6: =1325-50-45+20-20-10-10-10-40 -> 1160 | ... FQ6: =1325-50-45+20-20-10-10-10-40 -> 1160 | FR6: =1325-50-45+20-20-10-10-10-40+50 -> 1210 | FS6: 1280
A7: 5 | B7: 110000329 | C7: Hạt rPET WSS01 | E7: WSS01 - Hạt rPET (IV 0.78) | F7: Giá DTR | G7: $ /tấn | H7: DTR | I7: 1050 | J7: 1050 | K7: 1050 | L7: 1050 | M7: 1050 | N7: 1050 | O7: 1050 | P7: 1050 | Q7: 1100 | R7: 1100 | S7: 1100 | T7: 1100 | U7: 1100 | V7: 1100 | W7: 1100 | X7: 1100 | Y7: 1100 | Z7: 1100 | AA7: 1100 | AB7: 1120 | AC7: 1120 | AD7: 1120 | AE7: =+AE6-130 -> 1120 | AF7: =+AF6-130 -> 1090 | AG7: =+AG6-130 -> 1090 | AH7: =+AH6-130 -> 1080 | AI7: =+AI6-130 -> 1070 | AJ7: =+AJ6-130 -> 1070 | AK7: =+AK6-130 -> 1030 | AL7: =+AL6-130 -> 1030 | ... AN7: =+AN6-130 -> -130 | AQ7: WSS01 - Hạt rPET (IV 0.78) | AR7: DTR | AS7: 1050 | AT7: 1050 | AU7: 1050 | AV7: 1050 | AW7: 1050 | AX7: 1050 | AY7: 1050 | AZ7: 1050 | BA7: 1050 | BB7: 1050 | BC7: 1050 | BD7: 1050 | BE7: 1050 | BF7: 1050 | BG7: 1050 | BH7: 1050 | BI7: 1050 | BJ7: 1050 | BK7: 1050 | BL7: 1050 | BM7: 1050 | BN7: 1050 | BO7: 1050 | BP7: 1050 | BQ7: 1050 | BR7: 1050 | BS7: 1050 | BT7: 1050 | BU7: 1050 | BV7: 1050 | BW7: 1050 | BX7: 1050 | BY7: 1100 | BZ7: 1100 | CA7: 1100 | CB7: 1100 | CC7: 1100 | CD7: 1100 | CE7: 1100 | CF7: 1100 | CG7: 1100 | CH7: 1100 | CI7: 1100 | CJ7: 1100 | CK7: 1100 | CL7: 1100 | CM7: 1100 | CN7: 1100 | CO7: 1100 | CP7: 1100 | CQ7: 1100 | CR7: 1100 | CS7: 1100 | CT7: 1100 | CU7: 1100 | CV7: 1100 | CW7: 1100 | CX7: 1100 | CY7: 1100 | CZ7: 1100 | DA7: 1100 | DB7: 1100 | DC7: 1100 | DD7: 1100 | DE7: 1100 | DF7: 1100 | DG7: 1100 | DH7: 1100 | DI7: 1100 | DJ7: 1100 | DK7: 1100 | DL7: 1100 | DM7: 1100 | DN7: 1100 | DO7: 1100 | DP7: 1100 | DQ7: 1100 | DR7: 1100 | DS7: 1100 | DT7: 1120 | DU7: 1120 | DV7: 1120 | DW7: 1120 | DX7: 1120 | DY7: 1120 | DZ7: 1120 | EA7: 1120 | EB7: 1120 | EC7: 1120 | ED7: 1120 | EE7: 1120 | EF7: 1120 | EG7: 1120 | EH7: 1120 | EI7: 1120 | EJ7: 1120 | EK7: 1120 | EL7: =+EL6-130 -> 1090 | EM7: =+EM6-130 -> 1090 | EN7: =+EN6-130 -> 1090 | EO7: =+EO6-130 -> 1090 | EP7: =+EP6-130 -> 1090 | EQ7: =+EQ6-130 -> 1090 | ER7: =+ER6-130 -> 1090 | ES7: =+ES6-130 -> 1090 | ... FS7: =+FS6-130 -> 1150
A8: 9 | D8: ICIS | E8: ICIS giá rPET ($ /tấn) | F8: ICIS FOB ĐNA - Giá trung bình | G8: $ /tấn | H8: ICIS | I8: =SUM(AS8:AV8)/COUNT(AS8:AV8) -> 802.75 | J8: =SUM(AW8:AZ8)/COUNT(AW8:AZ8) -> 801 | K8: =SUM(BA8:BD8)/COUNT(BA8:BD8) -> 821.5 | L8: =SUM(BE8:BH8)/COUNT(BE8:BH8) -> 821.5 | M8: =SUM(BJ8:BM8)/COUNT(BJ8:BM8) -> 804.25 | N8: =SUM(BN8:BP8)/COUNT(BN8:BP8) -> 787 | O8: =SUM(BQ8:BT8)/COUNT(BQ8:BT8) -> 815.875 | P8: =SUM(BU8:BX8)/COUNT(BU8:BX8) -> 831.875 | Q8: =SUM(BY8:CC8)/COUNT(BY8:CC8) -> 894.5 | R8: =SUM(CD8:CG8)/COUNT(CD8:CG8) -> 978.5 | S8: =SUM(CH8:CK8)/COUNT(CH8:CK8) -> 978.5 | T8: =SUM(CL8:CP8)/COUNT(CL8:CP8) -> 980.5 | U8: =SUM(CQ8:CT8)/COUNT(CQ8:CT8) -> 996 | V8: =SUM(CU8:CX8)/COUNT(CU8:CX8) -> 1018.5 | W8: =SUM(CY8:DC8)/COUNT(CY8:DC8) -> 999.7 | X8: =SUM(DD8:DG8)/COUNT(DD8:DG8) -> 956.5 | Y8: =SUM(DH8:DK8)/COUNT(DH8:DK8) -> 911.5 | Z8: =SUM(DL8:DO8)/COUNT(DL8:DO8) -> 911.5 | AA8: =SUM(DP8:DS8)/COUNT(DP8:DS8) -> 919.25 | AB8: =SUM(DT8:DW8)/COUNT(DT8:DW8) -> 933.125 | AC8: =SUM(DX8:EB8)/COUNT(DX8:EB8) -> 944.7 | AD8: =SUM(EC8:EF8)/COUNT(EC8:EF8) -> 954.5 | AE8: =SUM(EG8:EK8)/COUNT(EG8:EK8) -> 918 | AF8: =SUM(EL8:EO8)/COUNT(EL8:EO8) -> 868.375 | AG8: =SUM(EP8:ES8)/COUNT(EP8:ES8) -> 803.5 | AH8: =SUM(ET8:EX8)/COUNT(ET8:EX8) -> 794.125 | AI8: =SUM(EY8:FB8)/COUNT(EY8:FB8) -> #DIV/0! | AJ8: =SUM(EZ8:FC8)/COUNT(EZ8:FC8) -> #DIV/0! | AK8: =SUM(FA8:FD8)/COUNT(FA8:FD8) -> #DIV/0! | AL8: =SUM(FB8:FE8)/COUNT(FB8:FE8) -> #DIV/0! | AM8: =SUM(FC8:FF8)/COUNT(FC8:FF8) -> #DIV/0! | AN8: =SUM(FD8:FG8)/COUNT(FD8:FG8) -> #DIV/0! | AP8: ICIS | AQ8: ICIS giá rPET ($ /tấn) | AR8: ICIS | AS8: 802.5 | AT8: 802.5 | AU8: 802.5 | AV8: 803.5 | AW8: 801 | AX8: 801 | AY8: 801 | AZ8: 801 | BA8: 821.5 | BB8: 821.5 | BC8: 821.5 | BD8: 821.5 | BE8: 821.5 | BF8: 821.5 | BG8: 821.5 | BH8: 821.5 | BI8: 821.5 | BJ8: 821.5 | BK8: 821.5 | BL8: 787 | BM8: 787 | BN8: 787 | BO8: 787 | BP8: 787 | BQ8: 788.5 | BR8: 825 | BS8: 825 | BT8: 825 | BU8: 825 | BV8: 825 | BW8: 825 | BX8: 852.5 | BY8: 873.5 | BZ8: 873.5 | CA8: 873.5 | CB8: 873.5 | CC8: 978.5 | CD8: 978.5 | CE8: 978.5 | CF8: 978.5 | CG8: 978.5 | CH8: 978.5 | CI8: 978.5 | CJ8: 978.5 | CK8: 978.5 | CL8: 978.5 | CM8: 978.5 | CN8: 978.5 | CO8: 978.5 | CP8: 988.5 | CQ8: 988.5 | CR8: 988.5 | CS8: 988.5 | CT8: 1018.5 | CU8: 1018.5 | CV8: 1018.5 | CW8: 1018.5 | CX8: 1018.5 | CY8: 1018.5 | CZ8: 1018.5 | DA8: 1018.5 | DB8: 971.5 | DC8: 971.5 | DD8: 971.5 | DE8: 971.5 | DF8: 971.5 | DG8: 911.5 | DH8: 911.5 | DI8: 911.5 | DJ8: 911.5 | DK8: 911.5 | DL8: 911.5 | DM8: 911.5 | DN8: 911.5 | DO8: 911.5 | DP8: 911.5 | DQ8: 911.5 | DR8: 911.5 | DS8: 942.5 | DT8: 942.5 | DU8: 930 | DV8: 930 | DW8: 930 | DX8: 930 | DY8: 930 | DZ8: 954.5 | EA8: 954.5 | EB8: 954.5 | EC8: 954.5 | ED8: 954.5 | EE8: 954.5 | EF8: 954.5 | EG8: 954.5 | EH8: 954.5 | EI8: 910 | EJ8: 885.5 | EK8: 885.5 | EL8: 875.5 | EM8: 875.5 | EN8: 875.5 | EO8: 847 | EP8: 807 | EQ8: 807 | ER8: 800 | ES8: 800 | ET8: 800 | EU8: 800 | EV8: 800 | EW8: 776.5
D9: Anh 12 | F9: RESIN | G9: $ /tấn | H9: RESIN | I9: =SUM(AS9:AV9)/COUNT(AS9:AV9) -> 935 | J9: =SUM(AW9:AZ9)/COUNT(AW9:AZ9) -> 922.5 | K9: =SUM(BA9:BC9)/COUNT(BA9:BC9) -> 900 | L9: =SUM(BE9:BH9)/COUNT(BE9:BH9) -> 900 | M9: =SUM(BJ9:BM9)/COUNT(BJ9:BM9) -> 930 | N9: =SUM(BN9:BP9)/COUNT(BN9:BP9) -> 943.33333 | O9: =SUM(BQ9:BT9)/COUNT(BQ9:BT9) -> 940 | P9: =SUM(BU9:BX9)/COUNT(BU9:BX9) -> 940 | Q9: =SUM(BY9:CC9)/COUNT(BY9:CC9) -> 942 | R9: =SUM(CD9:CG9)/COUNT(CD9:CG9) -> 950 | S9: =SUM(CH9:CK9)/COUNT(CH9:CK9) -> 947.5 | T9: =SUM(CL9:CP9)/COUNT(CL9:CP9) -> 930 | U9: =SUM(CQ9:CT9)/COUNT(CQ9:CT9) -> 880 | V9: =SUM(CU9:CX9)/COUNT(CU9:CX9) -> 860 | W9: =SUM(CY9:DC9)/COUNT(CY9:DC9) -> 852 | X9: =SUM(DD9:DG9)/COUNT(DD9:DG9) -> 830 | Y9: =SUM(DH9:DK9)/COUNT(DH9:DK9) -> 827.5 | Z9: =SUM(DL9:DO9)/COUNT(DL9:DO9) -> 840 | AA9: =SUM(DP9:DS9)/COUNT(DP9:DS9) -> 822.5 | AB9: =SUM(DT9:DW9)/COUNT(DT9:DW9) -> 765 | AC9: =SUM(DX9:EB9)/COUNT(DX9:EB9) -> 782 | AD9: =SUM(EC9:EF9)/COUNT(EC9:EF9) -> 807.5 | AE9: =SUM(EG9:EK9)/COUNT(EG9:EK9) -> 802 | AF9: =SUM(EL9:EO9)/COUNT(EL9:EO9) -> 795 | AG9: =SUM(EP9:ES9)/COUNT(EP9:ES9) -> 782.5 | AH9: =SUM(ET9:EX9)/COUNT(ET9:EX9) -> 772 | AI9: =SUM(EY9:FB9)/COUNT(EY9:FB9) -> 770 | AJ9: =SUM(FC9:FF9)/COUNT(FC9:FF9) -> 772.5 | AK9: =SUM(FG9:FK9)/COUNT(FG9:FK9) -> 805 | AL9: =SUM(FL9:FO9)/COUNT(FL9:FO9) -> 840 | AM9: =SUM(FP9:FS9)/COUNT(FP9:FS9) -> 1108.75 | AN9: 1140 | AP9: Anh 12 | AR9: RESIN | AS9: 930 | AT9: 930 | AU9: 940 | AV9: 940 | AW9: 940 | AX9: 930 | AY9: 920 | AZ9: 900 | BA9: 900 | BB9: 900 | BC9: 900 | BD9: 900 | BE9: 900 | BF9: 900 | BG9: 900 | BH9: 900 | BI9: 900 | BJ9: 900 | BK9: 940 | BL9: 940 | BM9: 940 | BN9: 950 | BO9: 940 | BP9: 940 | BQ9: 940 | BR9: 940 | BS9: 940 | BT9: 940 | BU9: 940 | BV9: 940 | BW9: 940 | BX9: 940 | BY9: 940 | BZ9: 940 | CA9: 940 | CB9: 940 | CC9: 950 | CD9: 950 | CE9: 950 | CF9: 950 | CG9: 950 | CH9: 950 | CI9: 950 | CJ9: 950 | CK9: 940 | CL9: 940 | CM9: 940 | CN9: 940 | CO9: 930 | CP9: 900 | CQ9: 900 | CR9: 890 | CS9: 870 | CT9: 860 | CU9: 860 | CV9: 860 | CW9: 860 | CX9: 860 | CY9: 860 | CZ9: 860 | DA9: 860 | DB9: 840 | DC9: 840 | DD9: 840 | DE9: 830 | DF9: 830 | DG9: 820 | DH9: 820 | DI9: 820 | DJ9: 820 | DK9: 850 | DL9: 840 | DM9: 840 | DN9: 840 | DO9: 840 | DP9: 840 | DQ9: 830 | DR9: 810 | DS9: 810 | DT9: 800 | DU9: 750 | DV9: 750 | DW9: 760 | DX9: 760 | DY9: 760 | DZ9: 800 | EA9: 800 | EB9: 790 | EC9: 800 | ED9: 790 | EE9: 820 | EF9: 820 | EG9: 820 | EH9: 820 | EI9: 790 | EJ9: 790 | EK9: 790 | EL9: 800 | EM9: 790 | EN9: 790 | EO9: 800 | EP9: 790 | EQ9: 780 | ER9: 780 | ES9: 780 | ET9: 780 | EU9: 780 | EV9: 770 | EW9: 760 | EX9: 770 | EY9: 770 | EZ9: 770 | FA9: 770 | FB9: 770 | FC9: 770 | FD9: 770 | FE9: 770 | FF9: 780 | FG9: 795 | FH9: 795 | FI9: 795 | FJ9: 820 | FK9: 820 | FL9: 840 | FM9: 840 | FN9: 840 | FO9: 840 | FP9: =(900+970)/2 -> 935 | FQ9: 1080 | FR9: 1280 | FS9: 1140
H10: TTCP | I10: =I9 -> 935 | J10: =J9 -> 922.5 | K10: =K9 -> 900 | L10: =L9 -> 900 | M10: =M9 -> 930 | N10: =N9 -> 943.33333 | O10: =O9 -> 940 | P10: =P9 -> 940 | ... AN10: =AN9 -> 1140 | AR10: TTCP | AS10: =AS9 -> 930 | AT10: =AT9 -> 930 | AU10: =AU9 -> 940 | AV10: =AV9 -> 940 | AW10: =AW9 -> 940 | AX10: =AX9 -> 930 | AY10: =AY9 -> 920 | AZ10: =AZ9 -> 900 | ... FS10: =FS9 -> 1140
H11: CL | I11: =#REF!-I10 -> #REF! | J11: =J7-J9 -> 127.5 | K11: =K7-K9 -> 150 | L11: =L7-L9 -> 150 | M11: =M7-M9 -> 120 | N11: =N7-N9 -> 106.66667 | O11: =O7-O9 -> 110 | P11: =P7-P9 -> 110 | Q11: =Q7-Q9 -> 158 | ... AN11: =AN7-AN9 -> -1270 | AR11: CL | AS11: =AS7-AS9 -> 120 | AT11: =AT7-AT9 -> 120 | AU11: =AU7-AU9 -> 110 | AV11: =AV7-AV9 -> 110 | AW11: =AW7-AW9 -> 110 | AX11: =AX7-AX9 -> 120 | AY11: =AY7-AY9 -> 130 | AZ11: =AZ7-AZ9 -> 150 | ... FS11: =FS7-FS9 -> 10
H12: % | I12: =I11/I10 -> #REF! | J12: =J11/J10 -> 0.13821138 | K12: =K11/K10 -> 0.16666667 | L12: =L11/L10 -> 0.16666667 | M12: =M11/M10 -> 0.12903226 | N12: =N11/N10 -> 0.1130742 | O12: =O11/O10 -> 0.11702128 | P12: =P11/P10 -> 0.11702128 | ... AN12: =AN11/AN10 -> -1.1140351 | AR12: % | AS12: =+AS11/AS10 -> 0.12903226 | AT12: =+AT11/AT10 -> 0.12903226 | AU12: =+AU11/AU10 -> 0.11702128 | AV12: =+AV11/AV10 -> 0.11702128 | AW12: =+AW11/AW10 -> 0.11702128 | AX12: =+AX11/AX10 -> 0.12903226 | AY12: =+AY11/AY10 -> 0.14130435 | AZ12: =+AZ11/AZ10 -> 0.16666667 | ... FS12: =+FS11/FS10 -> 0.0087719298
H13: Điểm hòa vốn | I13: 903 | J13: 729 | K13: 729 | L13: 729 | M13: 729 | N13: 729 | O13: 729 | P13: 729 | Q13: 729 | R13: 729 | S13: 679 | T13: 729 | U13: 729 | V13: 736.19207 | W13: 736.19207 | X13: 679.74612 | Y13: 668.04613 | Z13: 694.46136 | AA13: 704.64253 | AB13: 693.32467 | AC13: 701.4924 | AD13: 711.95212 | AE13: 716.07583 | AF13: 711.55152 | AG13: 657.64257 | AH13: 655.42324 | AI13: 687.77689 | AJ13: 599.05685 | AK13: 646.08292 | AL13: 621.38248 | AM13: 578.95337 | AR13: Điểm hòa vốn | AS13: 729 | AT13: 729 | AU13: 729 | AV13: 729 | AW13: 729 | AX13: 729 | AY13: 729 | AZ13: 729 | BA13: 729 | BB13: 729 | BC13: 729 | BD13: 729 | BE13: 729 | BF13: 729 | BG13: 729 | BH13: 729 | BI13: 729 | BJ13: 729 | BK13: 729 | BL13: 729 | BM13: 729 | BN13: 729 | BO13: 729 | BP13: 729 | BQ13: 729 | BR13: 729 | BS13: 729 | BT13: 729 | BU13: 729 | BV13: 729 | BW13: 729 | BX13: 729 | BY13: 729 | BZ13: 729 | CA13: 729 | CB13: 729 | CC13: 729 | CD13: 729 | CE13: 729 | CF13: 729 | CG13: 729 | CH13: 679 | CI13: 679 | CJ13: 679 | CK13: 679 | CL13: 729 | CM13: 729 | CN13: 729 | CO13: 729 | CP13: 729 | CQ13: 729 | CR13: 729 | CS13: 729 | CT13: 729 | CU13: 736.19207 | CV13: 736.19207 | CW13: 736.19207 | CX13: 736.19207 | CY13: 736.19207 | CZ13: 736.19207 | DA13: 736.19207 | DB13: 736.19207 | DC13: 736.19207 | DD13: 679.74612 | DE13: 679.74612 | DF13: 679.74612 | DG13: 679.74612 | DH13: 668.04613 | DI13: 668.04613 | DJ13: 668.04613 | DK13: 668.04613 | DL13: 694.46136 | DM13: 694.46136 | DN13: 694.46136 | DO13: 694.46136 | DP13: 704.64253 | DQ13: 704.64253 | DR13: 704.64253 | DS13: 704.64253 | DT13: 693.32467 | DU13: 693.32467 | DV13: 693.32467 | DW13: 693.32467 | DX13: 701.4924 | DY13: 701.4924 | DZ13: 701.4924 | EA13: 701.4924 | EB13: 701.4924 | EC13: 711.95212 | ED13: 711.95212 | EE13: 711.95212 | EF13: 711.95212 | EG13: 716.07583 | EH13: 716.07583 | EI13: 716.07583 | EJ13: 716.07583 | EK13: 716.07583 | EL13: 711.55152 | EM13: 711.55152 | EN13: 711.55152 | EO13: 711.55152 | EP13: 657.64257 | EQ13: 657.64257 | ER13: 657.64257 | ES13: 657.64257 | ET13: 655.42324 | EU13: 655.42324 | EV13: 655.42324 | EW13: 655.42324 | EX13: 655.42324 | EY13: 687.77689 | EZ13: 687.77689 | FA13: 687.77689 | FB13: 687.77689 | FC13: 599.05685 | FD13: 599.05685 | FE13: 599.05685 | FF13: 599.05685 | FG13: 646.08292 | FH13: 646.08292 | FI13: 646.08292 | FJ13: 646.08292 | FK13: 646.08292 | FL13: 621.38248 | FM13: 621.38248 | FN13: 621.38248 | FO13: 621.38248 | FP13: 578.95337 | FQ13: 578.95337 | FR13: 578.95337 | FS13: 578.95337
H14: Giá bán đối thủ CHORI | I14: 1140 | J14: 1140 | K14: 1140 | L14: 1140 | M14: 1140 | N14: 1140 | O14: 1140 | P14: 1140 | Q14: 1140 | R14: 1140 | AR14: Đối thủ CHORI | AS14: 1140 | AT14: 1140 | AU14: 1140 | AV14: 1140 | AW14: 1140 | AX14: 1140 | AY14: 1140 | AZ14: 1140 | BA14: 1140 | BB14: 1140 | BC14: 1140 | BD14: 1140 | BE14: 1140 | BF14: 1140 | BG14: 1140 | BH14: 1140 | BI14: 1140 | BJ14: 1140 | BK14: 1140 | BL14: 1140 | BM14: 1140 | BN14: 1140 | BO14: 1140 | BP14: 1140 | BQ14: 1140 | BR14: 1140 | BS14: 1140 | BT14: 1140 | BU14: 1140 | BV14: 1140 | BW14: 1140 | BX14: 1140 | BY14: 1140 | BZ14: 1140 | CA14: 1140 | CB14: 1140 | CC14: 1140 | CD14: 1140 | CE14: 1140 | CF14: 1140 | CG14: 1140
H15: Giá bán đối thủ Hyosung | I15: 1090 | J15: 1090 | K15: 1090 | L15: 1090 | M15: 1090 | N15: 1090 | O15: 1090 | P15: 1090 | Q15: 1090 | R15: 1090 | AR15: Đối thủ Hyosung | AS15: 1090 | AT15: 1090 | AU15: 1090 | AV15: 1090 | AW15: 1090 | AX15: 1090 | AY15: 1090 | AZ15: 1090 | BA15: 1090 | BB15: 1090 | BC15: 1090 | BD15: 1090 | BE15: 1090 | BF15: 1090 | BG15: 1090 | BH15: 1090 | BI15: 1090 | BJ15: 1090 | BK15: 1090 | BL15: 1090 | BM15: 1090 | BN15: 1090 | BO15: 1090 | BP15: 1090 | BQ15: 1090 | BR15: 1090 | BS15: 1090 | BT15: 1090 | BU15: 1090 | BV15: 1090 | BW15: 1090 | BX15: 1090 | BY15: 1090 | BZ15: 1090 | CA15: 1090 | CB15: 1090 | CC15: 1090 | CD15: 1090 | CE15: 1090 | CF15: 1090 | CG15: 1090

Sheet PET Fiber_tháng

Sheet PET Fiber_tuan 

Sheet Ma trận HDPE thổi
F3: MA TRẬN GIÁ BÁN rHDPE | H3: MA TRẬN GIÁ BÁN rHDPE | DG3: 2023 | FF3: 2024
F4: Tỷ giá | I4: 23147 | J4: 23135 | K4: 23142 | L4: 23194 | M4: 23204 | N4: 23160 | O4: 23141 | P4: 23161 | Q4: 23161 | R4: 23123 | S4: 23156 | T4: 23126 | U4: 23180 | V4: 23108 | W4: =V4 -> 23108 | X4: =W4 -> 23108 | Y4: =X4 -> 23108 | Z4: 23150 | AA4: 23150 | AB4: 23150 | AC4: 23150 | AD4: 23500 | AE4: 23500 | AF4: 23500 | AG4: 23500 | AH4: 23500 | AI4: 23500 | AJ4: 24600 | AK4: 24600 | AL4: 24000 | AM4: 24000 | AN4: 24000 | AO4: 24000 | AP4: 24000 | AQ4: 24000 | AR4: 24000 | AS4: 24000 | AT4: 24000 | AU4: 24000 | AV4: 24000 | AW4: 24000 | CD4: 23150 | CE4: 23150 | CF4: 23150 | CG4: 23150 | CH4: 23150 | CI4: 23150 | CJ4: 23150 | CK4: 23150 | CL4: 23150 | CM4: 23150 | CN4: 23150 | CO4: 23150 | CP4: 23500 | CQ4: 23500 | CR4: 23500 | CS4: 23500 | CT4: 23500 | CU4: 23500 | CV4: 23500 | CW4: 23500 | CX4: 24600 | CY4: 24600 | CZ4: 24600 | DA4: 24600 | DB4: 24600 | DC4: 24000 | DD4: 24000 | DE4: 24000 | DF4: 24000 | DG4: 24000 | DH4: 24000 | DI4: 24000 | DJ4: 24000 | DK4: 24000 | DL4: 24000 | DM4: 24000 | DN4: 24000 | DO4: 24000 | DP4: 24000 | DQ4: 24000 | DR4: 24000 | DS4: 24000 | DT4: 24000 | DU4: 24000 | DV4: 24000 | DW4: 24000 | DX4: 24000 | DY4: 24000 | DZ4: 24000 | EA4: 24000 | EB4: 24000 | EC4: 24000 | ED4: 24000 | EE4: 24000 | EF4: 24000 | EG4: 24000 | EH4: 24000 | EI4: 24000 | EJ4: 24000 | EK4: 24000 | EL4: 24000 | EM4: 24000 | EN4: 24000 | EO4: 24000 | EP4: 24000 | EQ4: 24000 | ER4: 24000 | ES4: 24000 | ET4: 24000 | EU4: 24000 | EV4: 24000 | EW4: 24000 | EX4: 24000 | EY4: 24000 | EZ4: 24000 | FA4: 24000 | FB4: 24000 | FC4: 24000 | FD4: 24000 | FE4: 24000 | FF4: 24000 | FG4: 24000 | HD4: 2025 | JC4: 2026
A5: Stt | B5: Mã SAP | C5: Tên hàng hóa SAP | D5: Mã SP | E5: Tên sản phẩm | F5: Diễn giải | G5: Đơn vị tính | H5: Diễn giải | I5: T1.21 | J5: T2.21 | K5: T3.21 | L5: T4.21 | M5: T5.21 | N5: T6.21 | O5: T7.21 | P5: T8.21 | Q5: T9.21 | R5: T10.21 | S5: T11.21 | T5: T12.21 | U5: 1 | V5: 2 | W5: 3 | X5: 4 | Y5: 5 | Z5: 6 | AA5: 7 | AB5: 8 | AC5: Hiện tại 23/8 | AD5: 9 | AE5: 10 | AF5: 4/10 | AG5: 11/10 | AH5: 18/10 | AI5: 25/10 | AJ5: 11 | AK5: 12 | AL5: 1/23 | AM5: 2 | AN5: 3 | AO5: 4 | AP5: 5 | AQ5: 6 | AR5: 7 | AS5: 8 | AT5: 9 | AU5: 10 | AV5: 11 | AW5: 12 | AX5: T1.24 | AY5: 2 | AZ5: 3 | BA5: 4 | BB5: 5 | BC5: 6 | BD5: 7 | BE5: 8 | BF5: 9 | BG5: 10 | BH5: 11 | BI5: 12 | BJ5: T1.25 | BK5: 2 | BL5: 3 | BM5: 4 | BN5: 5 | BO5: 6 | BP5: 7 | BQ5: 8 | BR5: 9 | BS5: 10 | BT5: 11 | BU5: 12 | BV5: T1.26 | BW5: 2 | BX5: 3 | BY5: 4 | CA5: Mã SP | CB5: Tên sản phẩm | CC5: Diễn giải | CD5: 24 | CE5: 25 | CF5: 26 | CG5: 27 | CH5: 28 | CI5: 29 | CJ5: 30 | CK5: 31 | CL5: 32 | CM5: 33 | CN5: 34 | CO5: 35 | CP5: 36 | CQ5: 37 | CR5: 38 | CS5: 39 | CT5: 40 | CU5: 41 | CV5: 42 | CW5: 43 | CX5: 44 | CY5: 45 | CZ5: 46 | DA5: 47 | DB5: 48 | DC5: 49 | DD5: 50 | DE5: 51 | DF5: 52 | DG5: 1 | DH5: 2 | DI5: 3 | DJ5: 5 | DK5: 6 | DL5: 7 | DM5: 8 | DN5: 9 | DO5: 10 | DP5: 11 | DQ5: 12 | DR5: 13 | DS5: 14 | DT5: 15 | DU5: 16 | DV5: 17 | DW5: 18 | DX5: 19 | DY5: 20 | DZ5: 21 | EA5: 22 | EB5: 23 | EC5: 24 | ED5: 25 | EE5: 26 | EF5: 27 | EG5: 28 | EH5: 29 | EI5: 30 | EJ5: 31 | EK5: 32 | EL5: 33 | EM5: 34 | EN5: 35 | EO5: 36 | EP5: 37 | EQ5: 38 | ER5: 39 | ES5: 40 | ET5: 41 | EU5: 42 | EV5: 43 | EW5: 44 | EX5: 45 | EY5: 46 | EZ5: 47 | FA5: 48 | FB5: 49 | FC5: 50 | FD5: 51 | FE5: 52 | FF5: 1/24 | FG5: 02 | FH5: 03 | FI5: 04 | FJ5: 05 | FK5: 08 | FL5: 09 | FM5: 10 | FN5: 11 | FO5: 12 | FP5: 13 | FQ5: 14 | FR5: 15 | FS5: 16 | FT5: 17 | FU5: 18 | FV5: 19 | FW5: 20 | FX5: 21 | FY5: 22 | FZ5: 23 | GA5: 24 | GB5: 25 | GC5: 26 | GD5: 27 | GE5: 28 | GF5: 29 | GG5: 30 | GH5: 31 | GI5: 32 | GJ5: 33 | GK5: 34 | GL5: 35 | GM5: 36 | GN5: 37 | GO5: 38 | GP5: 39 | GQ5: 40 | GR5: 41 | GS5: 42 | GT5: 43 | GU5: 44 | GV5: 45 | GW5: 46 | GX5: 47 | GY5: 48 | GZ5: 49 | HA5: 50 | HB5: 51 | HC5: 52 | HD5: 01 | HE5: 02 | HF5: 03 | HG5: 04 | HH5: 06 | HI5: 07 | HJ5: 08 | HK5: 09 | HL5: 10 | HM5: 11 | HN5: 12 | HO5: 13 | HP5: 14 | HQ5: 15 | HR5: 16 | HS5: 17 | HT5: 18 | HU5: 19 | HV5: 20 | HW5: 21 | HX5: 22 | HY5: 23 | HZ5: 24 | IA5: 25 | IB5: 26 | IC5: 27 | ID5: 28 | IE5: 29 | IF5: 30 | IG5: 31 | IH5: 32 | II5: 33 | IJ5: 34 | IK5: 35 | IL5: 36 | IM5: 37 | IN5: 38 | IO5: 39 | IP5: 40 | IQ5: 41 | IR5: 42 | IS5: 43 | IT5: 44 | IU5: 45 | IV5: 46 | IW5: 47 | IX5: 48 | IY5: 49 | IZ5: 50 | JA5: 51 | JB5: 52 | JC5: 01 | JD5: 02 | JE5: 03 | JF5: 04 | JG5: 05 | JH5: 06 | JI5: 07 | JJ5: 08 | JK5: 09 | JL5: 10 | JM5: 11 | JN5: 12 | JO5: 13
A6: 3 | B6: 150000007 | C6: Vảy PET DBF01-CR | D6: C1 | E6: DTR-Giá mua Vảy HDPE _Clear ($ /tấn) | F6: Giá vảy HDPE mua ngoài | G6: đồng /kg | H6: Giá vảy HDPE mua ngoài | I6: 20500 | J6: 20500 | K6: 21500 | L6: 21500 | M6: 22500 | N6: 22500 | O6: 22500 | P6: 22500 | Q6: 22500 | R6: 22500 | S6: 22500 | T6: 22500 | U6: 22500 | V6: 22500 | W6: 22500 | X6: 22500 | Y6: 22500 | Z6: 22500 | AA6: 22500 | AB6: 22500 | AC6: 22500 | AD6: 22500 | AE6: 22500 | AF6: 22500 | AG6: 22500 | AH6: 22500 | AI6: 22500 | AJ6: 22500 | AK6: 23000 | AL6: 25000 | AM6: 25000 | AN6: 25000 | AO6: 25000 | AP6: 25000 | AQ6: 25000 | AR6: 23000 | AS6: 22500 | AT6: 22500 | AU6: 22500 | AV6: 22500 | AW6: 22500 | AX6: 22500 | AY6: 22500 | AZ6: 22000 | BA6: 22000 | BB6: 22000 | BC6: 22000 | BD6: 22000 | BE6: 22000 | BF6: 22000 | BG6: 22000 | BH6: 22000 | BI6: 22000 | BJ6: 22000 | BK6: 22000 | BL6: 22000 | BM6: 22000 | BN6: 22000 | BO6: 22000 | BP6: 22000 | BQ6: 22000 | BR6: 22000 | BS6: 22000 | BT6: 22000 | BU6: 22000 | BV6: 22000 | BW6: 22000 | BX6: 22000 | BY6: 22000 | CA6: C1 | CB6: DTR-Giá mua Vảy HDPE _Clear ($ /tấn) | CC6: Giá vảy HDPE mua ngoài | CD6: 22500 | CE6: 22500 | CF6: 22500 | CG6: 23500 | CH6: 23500 | CI6: 23500 | CJ6: 23500 | CK6: 23500 | CL6: 23500 | CM6: 23500 | CN6: 23500 | CO6: 23500 | CP6: 22500 | CQ6: 22500 | CR6: 22500 | CS6: 22500 | CT6: 22500 | CU6: 22500 | CV6: 22500 | CW6: 22500 | CX6: 22500 | CY6: 22500 | CZ6: 22500 | DA6: 22500 | DB6: 22500 | DC6: 22500 | DD6: 22500 | DE6: 22500 | DF6: 22500 | DG6: 22500 | DH6: 22500 | DI6: 22500 | DJ6: 22500 | DK6: 22500 | DL6: 22500 | DM6: 22500 | DN6: 22500 | DO6: 22500 | DP6: 22500 | DQ6: 22500 | DR6: 22500 | DS6: 22500 | DT6: 22500 | DU6: 22500 | DV6: 22500 | DW6: 22500 | DX6: 22500 | DY6: 22500 | DZ6: 22500 | EA6: 22500 | EB6: 22500 | EC6: 22500 | ED6: 23000 | EE6: 23000 | EF6: 23000 | EG6: 23000 | EH6: 23000 | EI6: 23000 | EJ6: 22500 | EK6: 22500 | EL6: 22500 | EM6: 22500 | EN6: 22500 | EO6: 22500 | EP6: 22500 | EQ6: 22500 | ER6: 22500 | ES6: 22500 | ET6: 22500 | EU6: 22500 | EV6: 22500 | EW6: 22500 | EX6: 22500 | EY6: 22500 | EZ6: 22500 | FA6: 22500 | FB6: 22500 | FC6: 22500 | FD6: 22500 | FE6: 22500 | FF6: 22500 | FG6: 22500 | FH6: 22500 | FI6: 22500 | FJ6: 22500 | FK6: 22500 | FL6: 22500 | FM6: 22000 | FN6: 22000 | FO6: 22000 | FP6: 22000 | FQ6: 22000 | FR6: 22000 | FS6: 22000 | FT6: 22000 | FU6: 22000 | FV6: 22000 | FW6: 22000 | FX6: 22000 | FY6: 22000 | FZ6: 22000 | GA6: 22000 | GB6: 22000 | GC6: 22000 | GD6: 22000 | GE6: 22000 | GF6: 22000 | GG6: 22000 | GH6: 22000 | GI6: 22000 | GJ6: 22000 | GK6: 22000 | GL6: 22000 | GM6: 22000 | GN6: 22000 | GO6: 22000 | GP6: 22000 | GQ6: 22000 | GR6: 22000 | GS6: 22000 | GT6: 22000 | GU6: 22000 | GV6: 22000 | GW6: 22000 | GX6: 22000 | GY6: 22000 | GZ6: 22000 | HA6: 22000 | HB6: 22000 | HC6: 22000
A7: 3 | B7: 150000007 | C7: Vảy PET DBF01-CR | D7: C1 | E7: DTR-Giá mua Vảy HDPE _Clear ($ /tấn) | F7: Giá vảy HDPE mua ngoài | G7: $ /tấn | H7: Giá vảy HDPE mua ngoài | I7: =I6/I4*1000 -> 885.64393 | J7: =J6/J4*1000 -> 886.10331 | K7: =K6/K4*1000 -> 929.04675 | L7: =L6/L4*1000 -> 926.96387 | M7: =M6/M4*1000 -> 969.6604 | N7: =N6/N4*1000 -> 971.50259 | O7: =O6/O4*1000 -> 972.30025 | P7: =P6/P4*1000 -> 971.46065 | ... BY7: =BY6/BY4*1000 -> #DIV/0! | CA7: C1 | CB7: DTR-Giá mua Vảy HDPE _Clear ($ /tấn) | CC7: Giá vảy HDPE mua ngoài | CD7: =CD6/CD4*1000 -> 971.92225 | CE7: =CE6/CE4*1000 -> 971.92225 | CF7: =CF6/CF4*1000 -> 971.92225 | CG7: =CG6/CG4*1000 -> 1015.1188 | CH7: =CH6/CH4*1000 -> 1015.1188 | CI7: =CI6/CI4*1000 -> 1015.1188 | CJ7: =CJ6/CJ4*1000 -> 1015.1188 | CK7: =CK6/CK4*1000 -> 1015.1188 | ... FT7: =FT6/FT4*1000 -> #DIV/0!
D8: ICIS | F8: ICIS - Giá vảy HDPE | G8: $ /tấn | H8: ICIS - Giá vảy HDPE | U8: 820 | V8: 837.5 | W8: 903 | X8: 928.75 | Y8: 932.5 | Z8: 922.5 | AA8: 901.25 | AB8: 850 | AD8: 804 | AE8: 760 | AF8: 760 | AG8: 760 | AH8: 760 | AI8: 760 | AJ8: 760 | AK8: 760 | AL8: 680 | AM8: 680 | AN8: 680 | AO8: 680 | AP8: 680 | AQ8: 680 | AR8: 680 | AS8: 680 | AT8: 680 | AU8: 680 | AV8: 680 | AW8: 680 | AX8: 680 | AY8: 680 | AZ8: 680 | BA8: 680 | BB8: 680 | BC8: 680 | BD8: 680 | BE8: 680 | BF8: 680 | BG8: 680 | BH8: 680 | BI8: 680 | BJ8: 680 | BK8: 680 | BL8: 680 | BM8: 680 | BN8: 680 | BO8: 680 | BP8: 680 | BQ8: 680 | BR8: 680 | BS8: 680 | BT8: 680 | BU8: 680 | BV8: 680 | BW8: 680 | BX8: 680 | BY8: 680 | CA8: ICIS | CC8: ICIS - Giá vảy HDPE | CD8: 922.5 | CE8: 922.5 | CF8: 922.5 | CG8: 922.5 | CH8: 922.5 | CI8: 880 | CJ8: 880 | CK8: 880 | CL8: 880 | CM8: 820 | CN8: 820 | CO8: 820 | CP8: 820 | CQ8: 820 | CR8: 800 | CS8: 760 | CT8: 760 | CU8: 760 | CV8: 760 | CW8: 760 | CX8: 720 | CY8: 720 | CZ8: 720 | DA8: 680 | DB8: 680 | DC8: 680 | DD8: 680 | DE8: 680 | DF8: 680 | DG8: 680 | DH8: 680 | DI8: 680 | DJ8: 680 | DK8: 680 | DL8: 680 | DM8: 680 | DN8: 680 | DO8: 680 | DP8: 680 | DQ8: 680 | DR8: 680 | DS8: 680 | DT8: 680 | DU8: 680 | DV8: 680 | DW8: 680 | DX8: 680 | DY8: 680 | DZ8: 680 | EA8: 680 | EB8: 680 | EC8: 680 | ED8: 680 | EE8: 680 | EF8: 680 | EG8: 680 | EH8: 680 | EI8: 680 | EJ8: 680 | EK8: 680 | EL8: 680 | EM8: 680 | EN8: 680 | EO8: 680 | EP8: 680 | EQ8: 680 | ER8: 680 | ES8: 680 | ET8: 680 | EU8: 680 | EV8: 680 | EW8: 680 | EX8: 680 | EY8: 680 | EZ8: 680 | FA8: 680 | FB8: 680 | FC8: 680 | FD8: 680 | FE8: 680 | FF8: 680 | FG8: 680 | FH8: 680 | FI8: 680 | FJ8: 680 | FK8: 680 | FL8: 680 | FM8: 680 | FN8: 680 | FO8: 680 | FP8: 680 | FQ8: 680 | FR8: 680 | FS8: 680 | FT8: 680
B9: 110000339 | C9: Hạt nhựa rHDPE MBF01 | D9: MBF01 | E9: DTR-Giá EXW xuất xưởng | F9: DTR- rHD | G9: $ /tấn | H9: DTR (personal care) | I9: 1430 | J9: 1430 | K9: 1430 | L9: 1430 | M9: 1430 | N9: 1430 | O9: 1430 | P9: 1430 | Q9: 1430 | R9: 1530 | S9: 1530 | T9: 1530 | U9: 1530 | V9: 1530 | W9: 1560 | X9: 1610 | Y9: 1610 | Z9: 1610 | AA9: 1610 | AB9: 1610 | AC9: 1610 | AD9: 1530 | AE9: 1530 | AF9: 1530 | AG9: 1530 | AH9: 1530 | AI9: 1530 | AJ9: 1530 | AK9: 1530 | AL9: 1400 | AM9: 1400 | AN9: 1400 | AO9: 1530 | AP9: 1530 | AQ9: 1530 | AR9: 1450 | AS9: 1400 | AT9: 1400 | AU9: 1400 | AV9: 1400 | AW9: 1400 | AX9: 1400 | AY9: 1400 | AZ9: 1400 | BA9: 1400 | BB9: 1400 | BC9: 1400 | BD9: 1400 | BE9: 1400 | BF9: 1400 | BG9: 1400 | BH9: 1400 | BI9: 1400 | BJ9: 1400 | BK9: 1400 | BL9: =1400-50 -> 1350 | BM9: =1400-50 -> 1350 | BN9: =1400-50 -> 1350 | BO9: =1400-50 -> 1350 | BP9: =1400-50 -> 1350 | BQ9: =1400-50-20 -> 1330 | BR9: =1400-50-20-20 -> 1310 | BS9: =1400-50-20-20 -> 1310 | BT9: =1400-50-20-20-10 -> 1300 | BU9: =1400-50-20-20-10 -> 1300 | BV9: =1400-50-20-20-10 -> 1300 | BW9: =1400-50-20-20-10 -> 1300 | BX9: =1400-50-20-20-10 -> 1300 | CA9: MBF01 | CB9: DTR-Giá EXW xuất xưởng | CC9: DTR (personal care) | CD9: 1610 | CE9: 1610 | CF9: 1610 | CG9: 1610 | CH9: 1610 | CI9: 1610 | CJ9: 1610 | CK9: 1610 | CL9: 1610 | CM9: 1610 | CN9: 1610 | CO9: 1610 | CP9: 1530 | CQ9: 1530 | CR9: 1530 | CS9: 1530 | CT9: 1530 | CU9: 1530 | CV9: 1530 | CW9: 1530 | CX9: 1530 | CY9: 1530 | CZ9: 1530 | DA9: 1530 | DB9: 1530 | DC9: 1530 | DD9: 1530 | DE9: 1400 | DF9: 1400 | DG9: 1400 | DH9: 1400 | DI9: 1400 | DJ9: 1400 | DK9: 1400 | DL9: 1400 | DM9: 1400 | DN9: 1400 | DO9: 1400 | DP9: 1400 | DQ9: 1400 | DR9: 1400 | DS9: 1530 | DT9: 1530 | DU9: 1530 | DV9: 1530 | DW9: 1530 | DX9: 1530 | DY9: 1530 | DZ9: 1530 | EA9: 1530 | EB9: 1530 | EC9: 1450 | ED9: 1450 | EE9: 1450 | EF9: 1450 | EG9: 1450 | EH9: 1400 | EI9: 1400 | EJ9: 1400 | EK9: 1400 | EL9: 1400 | EM9: 1400 | EN9: 1400 | EO9: 1400 | EP9: 1400 | EQ9: 1400 | ER9: 1400 | ES9: 1400 | ET9: 1400 | EU9: 1400 | EV9: 1400 | EW9: 1400 | EX9: 1400 | EY9: 1400 | EZ9: 1400 | FA9: 1400 | FB9: 1400 | FC9: 1400 | FD9: 1400 | FE9: 1400 | FF9: 1400 | FG9: 1400 | FH9: 1400 | FI9: 1400 | FJ9: 1400 | FK9: 1400 | FL9: 1400 | FM9: 1400 | FN9: 1400 | FO9: 1400 | FP9: 1400 | FQ9: 1400 | FR9: 1400 | FS9: 1400 | FT9: 1400 | FU9: 1400 | FV9: 1400 | FW9: 1400 | FX9: 1400 | FY9: 1400 | FZ9: 1400 | GA9: 1400 | GB9: 1400 | GC9: 1400 | GD9: 1400 | GE9: 1400 | GF9: 1400 | GG9: 1400 | GH9: 1400 | GI9: 1400 | GJ9: 1400 | GK9: 1400 | GL9: 1400 | GM9: 1400 | GN9: 1400 | GO9: 1400 | GP9: 1400 | GQ9: 1400 | GR9: 1400 | GS9: 1400 | GT9: 1400 | GU9: 1400 | GV9: 1400 | GW9: 1400 | GX9: 1400 | GY9: 1400 | GZ9: 1400 | HA9: 1400 | HB9: 1400 | HC9: 1400 | HD9: 1400 | HE9: 1400 | HF9: 1400 | HG9: 1400 | HH9: 1400 | HI9: 1400 | HJ9: 1400 | HK9: 1400 | HL9: =1400-50 -> 1350 | HM9: =1400-50 -> 1350 | HN9: =1400-50 -> 1350 | HO9: =1400-50 -> 1350 | HP9: =1400-50 -> 1350 | HQ9: =1400-50 -> 1350 | HR9: =1400-50 -> 1350 | HS9: =1400-50 -> 1350 | ... IG9: =1400-50 -> 1350 | IH9: =1400-50-20 -> 1330 | II9: =1400-50-20 -> 1330 | IJ9: =1400-50-20 -> 1330 | IK9: =1400-50-20 -> 1330 | IL9: =1400-50-20-20 -> 1310 | IM9: =1400-50-20-20 -> 1310 | IN9: =1400-50-20-20 -> 1310 | IO9: =1400-50-20-20 -> 1310 | IP9: =1400-50-20-20 -> 1310 | IQ9: =1400-50-20-20 -> 1310 | IR9: =1400-50-20-20 -> 1310 | IS9: =1400-50-20-20 -> 1310 | IT9: =1400-50-20-20 -> 1310 | IU9: =1400-50-20-20-10 -> 1300 | IV9: =1400-50-20-20-10 -> 1300 | IW9: =1400-50-20-20-10 -> 1300 | IX9: =1400-50-20-20-10 -> 1300 | IY9: =1400-50-20-20-10 -> 1300 | IZ9: =1400-50-20-20-10 -> 1300 | JA9: =1400-50-20-20-10 -> 1300 | JB9: =1400-50-20-20-10 -> 1300 | ... JM9: =1400-50-20-20-10 -> 1300 | JN9: =1300+50 -> 1350 | JO9: =1300+50 -> 1350
H10: DTR (Home care) | AL10: =AL9-50 -> 1350 | AM10: =AM9-50 -> 1350 | AN10: =AN9-50 -> 1350 | AO10: =AO9-50 -> 1480 | AP10: =AP9-50 -> 1480 | AQ10: =AQ9-50 -> 1480 | AR10: =AR9-50 -> 1400 | AS10: =AS9-50 -> 1350 | ... BJ10: =BJ9-50 -> 1350 | BK10: =BK9-100 -> 1300 | BL10: =BL9-100 -> 1250 | BM10: =BM9-100 -> 1250 | BN10: =BN9-100 -> 1250 | BO10: =BO9-100 -> 1250 | BP10: =BP9-100 -> 1250 | BQ10: =BQ9-100 -> 1230 | BR10: =BR9-100 -> 1210 | ... BY10: =BY9-100 -> -100 | CC10: DTR (Home care) | DG10: =DG9-50 -> 1350 | DH10: =DH9-50 -> 1350 | DI10: =DI9-50 -> 1350 | DJ10: =DJ9-50 -> 1350 | DK10: =DK9-50 -> 1350 | DL10: =DL9-50 -> 1350 | DM10: =DM9-50 -> 1350 | DN10: =DN9-50 -> 1350 | ... JB10: =JB9-50 -> 1250 | JC10: =JC9-100 -> 1200 | JD10: =JD9-100 -> 1200 | JE10: =JE9-100 -> 1200 | JF10: =JF9-100 -> 1200 | JG10: =JG9-100 -> 1200 | JH10: =JH9-100 -> 1200 | JI10: =JI9-100 -> 1200 | JJ10: =JJ9-100 -> 1200 | ... JO10: =JO9-100 -> 1250
D11: ẩn | F11: DTR-Giá EXW rHD xuất xưởng | G11: đồng /kg | H11: DTR-Giá EXW rHD xuất xưởng | W11: =W9*23100/1000 -> 36036 | X11: =X9*23108/1000 -> 37203.88 | Y11: =Y9*23108/1000 -> 37203.88 | Z11: =Z9*Z4/1000 -> 37271.5 | AA11: =AA9*AA4/1000 -> 37271.5 | AB11: 37826 | AC11: 37826 | AD11: 35948.726 | AE11: 35948.726 | AF11: 35948.726 | AG11: 35948.726 | AH11: 35948.726 | AI11: 35948.726 | AJ11: 37626.35 | AK11: 37626.35 | AL11: 37626 | AM11: 37626 | AN11: 37626 | AO11: 37626 | AP11: 37626 | AQ11: 37626 | AR11: 37626 | AS11: 37626 | AT11: 37626 | AU11: 37626 | AV11: 37626 | AW11: 37626 | AX11: 37626 | AY11: 37626 | AZ11: 37626 | BA11: 37626 | BB11: 37626 | BC11: 37626 | BD11: 37626 | BE11: 37626 | BF11: 37626 | BG11: 37626 | BH11: 37626 | BI11: 37626 | BJ11: 37626 | BK11: 37626 | BL11: 37626 | BM11: 37626 | BN11: 37626 | BO11: 37626 | BP11: 37626 | BQ11: 37626 | BR11: 37626 | BS11: 37626 | BT11: 37626 | BU11: 37626 | BV11: 37626 | BW11: 37626 | BX11: 37626 | BY11: 37626 | CA11: ẩn | CC11: DTR-Giá EXW rHD xuất xưởng | CT11: 35948.726 | CU11: 35948.726 | CV11: 35948.726 | CW11: 35948.726 | CX11: 37626 | CY11: 37626 | CZ11: 37626 | DA11: 37626 | DB11: 37626 | DC11: 37626 | DD11: 37626 | DE11: 37626 | DF11: 37626 | DG11: 37626 | DH11: 37626 | DI11: 37626 | DJ11: 37626 | DK11: 37626 | DL11: 37626 | DM11: 37626 | DN11: 37626 | DO11: 37626 | DP11: 37626 | DQ11: 37626 | DR11: 37626 | DS11: =DS9*DS4/1000 -> 36720 | DT11: =DT9*DT4/1000 -> 36720 | DU11: =DU9*DU4/1000 -> 36720 | DV11: =DV9*DV4/1000 -> 36720 | DW11: =DW9*DW4/1000 -> 36720 | DX11: =DX9*DX4/1000 -> 36720 | DY11: =DY9*DY4/1000 -> 36720 | DZ11: =DZ9*DZ4/1000 -> 36720 | ... JO11: =JO9*JO4/1000 -> 0
F12: Tỷ lệ % lãi gộp Vảy /Giá EXW | H12: Tỷ lệ % lãi gộp Vảy /Giá EXW | I12: =1-I7/I9 -> 0.38066858 | J12: =1-J7/J9 -> 0.38034734 | K12: =1-K7/K9 -> 0.35031695 | L12: =1-L7/L9 -> 0.35177352 | M12: =1-M7/M9 -> 0.3219158 | N12: =1-N7/N9 -> 0.32062756 | O12: =1-O7/O9 -> 0.32006976 | P12: =1-P7/P9 -> 0.32065689 | ... BY12: =1-BY7/BY9 -> #DIV/0! | CC12: Tỷ lệ % lãi gộp Vảy /Giá EXW | CT12: =1-CT7/CT9 -> 0.37421777 | CU12: =1-CU7/CU9 -> 0.37421777 | CV12: =1-CV7/CV9 -> 0.37421777 | CW12: =1-CW7/CW9 -> 0.37421777 | CX12: =1-CX7/CX9 -> 0.4021999 | CY12: =1-CY7/CY9 -> 0.4021999 | CZ12: =1-CZ7/CZ9 -> 0.4021999 | DA12: =1-DA7/DA9 -> 0.4021999 | ... JO12: =1-JO7/JO9 -> 1
B13: 110000339 | C13: Hạt nhựa rHDPE MBF01 | D13: MBF01 | E13: DTR-Giá FOB cảng HCM | F13: DTR-Giá FOB rHD cảng HCM | G13: $ /tấn | H13: "FOB-DTR" | I13: =I9+20 -> 1450 | J13: =J9+20 -> 1450 | K13: =K9+20 -> 1450 | L13: =L9+20 -> 1450 | M13: =M9+20 -> 1450 | N13: =N9+20 -> 1450 | O13: =O9+20 -> 1450 | P13: =P9+20 -> 1450 | ... AC13: =AC9+20 -> 1630 | AD13: =AD9+40 -> 1570 | AE13: =AE9+40 -> 1570 | AF13: =AF9+40 -> 1570 | AG13: =AG9+40 -> 1570 | AH13: =AH9+40 -> 1570 | AI13: =AI9+40 -> 1570 | AJ13: =AJ9+40 -> 1570 | AK13: =AK9+40 -> 1570 | ... BY13: =BY9+40 -> 40 | CA13: MBF01 | CB13: DTR-Giá FOB cảng HCM | CC13: "FOB-DTR" | CD13: 1630 | CE13: 1630 | CF13: 1630 | CG13: 1630 | CH13: 1630 | CI13: 1630 | CJ13: 1630 | CK13: 1630 | CL13: 1630 | CM13: 1630 | CN13: 1630 | CO13: 1630 | CP13: 1570 | CQ13: 1570 | CR13: 1570 | CS13: 1570 | CT13: =CT9+40 -> 1570 | CU13: =CU9+40 -> 1570 | CV13: =CV9+40 -> 1570 | CW13: =CW9+40 -> 1570 | CX13: =CX9+40 -> 1570 | CY13: =CY9+40 -> 1570 | CZ13: =CZ9+40 -> 1570 | DA13: =DA9+40 -> 1570 | ... DF13: =DF9+40 -> 1440 | DG13: =DG9+25 -> 1425 | DH13: =DH9+25 -> 1425 | DI13: =DI9+25 -> 1425 | DJ13: =DJ9+25 -> 1425 | DK13: =DK9+25 -> 1425 | DL13: =DL9+25 -> 1425 | DM13: =DM9+25 -> 1425 | DN13: =DN9+25 -> 1425 | ... JO13: =JO9+25 -> 1375
D14: ẩn | F14: DTR-Giá FOB rHD xuất xưởng | G14: đồng /kg | H14: DTR-Giá FOB rHD xuất xưởng | W14: =W13*23100/1000 -> 36498 | X14: =X13*23108/1000 -> 37666.04 | Y14: =Y13*23108/1000 -> 37666.04 | Z14: =Z13*Z4/1000 -> 37734.5 | AC14: =AC13*AC4/1000 -> 37734.5 | AD14: =AD13*AD4/1000 -> 36895 | AE14: =AE13*AE4/1000 -> 36895 | AF14: =AF13*AF4/1000 -> 36895 | AG14: =AG13*AG4/1000 -> 36895 | AH14: =AH13*AH4/1000 -> 36895 | AI14: =AI13*AI4/1000 -> 36895 | AJ14: =AJ13*AJ4/1000 -> 38622 | ... AM14: =AM13*AM4/1000 -> 34560 | CA14: ẩn | CC14: DTR-Giá FOB rHD xuất xưởng | CT14: =CT13*CT4/1000 -> 36895 | CU14: =CU13*CU4/1000 -> 36895 | CV14: =CV13*CV4/1000 -> 36895 | CW14: =CW13*CW4/1000 -> 36895 | CX14: =CX13*CX4/1000 -> 38622 | CY14: =CY13*CY4/1000 -> 38622 | CZ14: =CZ13*CZ4/1000 -> 38622 | DA14: =DA13*DA4/1000 -> 38622 | ... DP14: =DP13*DP4/1000 -> 34200
D15: ICIS | E15: Giá CIF_ĐNÁ rHDPE ($ /tấn) | F15: Giá Dafon CIF_ĐNÁ rHD | G15: $ /tấn | H15: Giá Dafon CIF_ĐNÁ rHD | I15: 1470 | J15: 1480 | K15: 1480 | L15: 1595 | M15: 1595 | N15: 1595 | O15: 1595 | P15: 1595 | Q15: 1595 | R15: 1595 | S15: 1595 | T15: 1660 | U15: 1675 | V15: 1675 | W15: 1675 | X15: 1675 | Y15: 1650 | Z15: 1735 | AC15: 1735 | AD15: 1735 | AE15: 1735 | AF15: 1735 | AG15: 1735 | AH15: 1735 | AI15: 1735 | AJ15: 1735 | AK15: 1735 | AL15: 1735 | AM15: 1735 | CA15: ICIS | CB15: Giá CIF_ĐNÁ rHDPE ($ /tấn) | CC15: Giá Dafon CIF_ĐNÁ rHD | CT15: 1735 | CU15: 1735 | CV15: 1735 | CW15: 1735 | CX15: 1735 | CY15: 1735 | CZ15: 1735 | DA15: 1735 | DB15: 1735 | DC15: 1735 | DD15: 1735 | DE15: 1735 | DF15: 1735 | DG15: 1735 | DH15: 1735 | DI15: 1735 | DJ15: 1735 | DK15: 1735 | DL15: 1735 | DM15: 1735 | DN15: 1735 | DO15: 1735 | DP15: 1735
A16: 9 | D16: ICIS | E16: ICIS giá rPET ($ /tấn) | F16: ICIS FOB ĐNA - Giá trung bình | G16: $ /tấn | H16: ICIS | P16: 1300 | Q16: 1300 | R16: 1350 | T16: 1279 | U16: 1313 | V16: 1302 | W16: 1360 | X16: 1397 | Y16: 1425 | Z16: 1493 | AA16: 1473 | AB16: 1474 | AC16: 1486 | AD16: =(1407+1550)/2 -> 1478.5 | AE16: 1480 | AF16: 1461 | AG16: 1461 | AH16: 1444 | AI16: 1431.5 | AJ16: 1431.5 | AK16: =+SUM(DB16:DF16)/5 -> 1350.5 | AL16: =+SUM(DG16:DJ16)/4 -> 1261.125 | AM16: =+SUM(DK16:DN16)/4 -> 1247.5 | AN16: =+SUM(DO16:DR16)/COUNT(DO16:DR16) -> 1236.875 | AO16: =+SUM(DS16:DV16)/COUNT(DS16:DV16) -> 1208.75 | AP16: =+SUM(DW16:EA16)/COUNT(DW16:EA16) -> 1207.4 | AQ16: =+SUM(EB16:EE16)/COUNT(EB16:EE16) -> 1115.375 | AR16: =+SUM(EF16:EI16)/COUNT(EF16:EI16) -> 1105 | AS16: =+SUM(EJ16:EN16)/COUNT(EJ16:EN16) -> 1085 | AT16: =+SUM(EO16:ER16)/COUNT(EO16:ER16) -> 1083.75 | AU16: =+SUM(ES16:EV16)/COUNT(ES16:EV16) -> 1080 | AV16: =+SUM(EW16:EZ16)/COUNT(EW16:EZ16) -> 1080 | AW16: =+SUM(FA16:FE16)/COUNT(FA16:FE16) -> 1080 | AX16: =+SUM(FF16:FH16)/COUNT(FF16:FH16) -> 1113.3333 | AY16: =+SUM(FJ16:FL16)/COUNT(FJ16:FL16) -> 1153 | AZ16: =+SUM(FM16:FP16)/COUNT(FM16:FP16) -> 1209.625 | BA16: =+SUM(FQ16:FT16)/COUNT(FQ16:FT16) -> 1201.125 | BB16: =+SUM(FU16:FY16)/COUNT(FU16:FY16) -> 1188 | CA16: ICIS | CB16: ICIS giá rPET ($ /tấn) | CC16: ICIS | CD16: =+(1435+1550)/2 -> 1492.5 | CE16: =+(1409+1550)/2 -> 1479.5 | CF16: =+(1394+1550)/2 -> 1472 | CG16: =+(1396+1550)/2 -> 1473 | CH16: =+(1398+1550)/2 -> 1474 | CI16: =+(1398+1550)/2 -> 1474 | CJ16: =+(1402+1550)/2 -> 1476 | CK16: =+(1402+1550)/2 -> 1476 | CL16: =+(1407+1550)/2 -> 1478.5 | CM16: =+(1408+1550)/2 -> 1479 | CN16: =+(1421+1550)/2 -> 1485.5 | CO16: =+(1411+1550)/2 -> 1480.5 | CP16: =+(1412+1550)/2 -> 1481 | CQ16: =+(1407+1550)/2 -> 1478.5 | CR16: =+(1416+1550)/2 -> 1483 | CS16: =+(1410+1550)/2 -> 1480 | CT16: 1461 | CU16: 1461 | CV16: 1444 | CW16: 1431.5 | CX16: 1431.5 | CY16: =+(1363+1474)/2 -> 1418.5 | CZ16: 1389 | DA16: =+(1300+1465)/2 -> 1382.5 | DB16: =+(1300+1465)/2 -> 1382.5 | DC16: =+(1300+1465)/2 -> 1382.5 | DD16: =+(1250+1400)/2 -> 1325 | DE16: =+(1250+1400)/2 -> 1325 | DF16: =+(1250+1425)/2 -> 1337.5 | DG16: =+(1250+1425)/2 -> 1337.5 | DH16: =+(1100+1345)/2 -> 1222.5 | DI16: =+(1100+1356)/2 -> 1228 | DJ16: =+(1100+1413)/2 -> 1256.5 | DK16: =+(1100+1408)/2 -> 1254 | DL16: =+(1100+1398)/2 -> 1249 | DM16: =+(1100+1387)/2 -> 1243.5 | DN16: =+(1100+1387)/2 -> 1243.5 | DO16: =+(1100+1387)/2 -> 1243.5 | DP16: =+(1100+1367)/2 -> 1233.5 | DQ16: =+(1100+1366)/2 -> 1233 | DR16: =+(1100+1375)/2 -> 1237.5 | DS16: =+(1100+1375)/2 -> 1237.5 | DT16: =+(1100+1279)/2 -> 1189.5 | DU16: =+(1100+1279)/2 -> 1189.5 | DV16: =+(1150+1287)/2 -> 1218.5 | DW16: =+(1150+1299)/2 -> 1224.5 | DX16: =+(1150+1293)/2 -> 1221.5 | DY16: =+(1110+1286)/2 -> 1198 | DZ16: =+(1110+1283)/2 -> 1196.5 | EA16: =+(1110+1283)/2 -> 1196.5 | EB16: =+(1060+1233)/2 -> 1146.5 | EC16: =+(1060+1150)/2 -> 1105 | ED16: =+(1060+1150)/2 -> 1105 | EE16: =+(1060+1150)/2 -> 1105 | EF16: =+(1060+1150)/2 -> 1105 | EG16: =+(1060+1150)/2 -> 1105 | EH16: =+(1060+1150)/2 -> 1105 | EI16: =+(1060+1150)/2 -> 1105 | EJ16: =+(1060+1110)/2 -> 1085 | EK16: =+(1060+1110)/2 -> 1085 | EL16: =+(1060+1110)/2 -> 1085 | EM16: 1085 | EN16: 1085 | EO16: 1085 | EP16: 1085 | EQ16: 1085 | ER16: 1080 | ES16: 1080 | ET16: 1080 | EU16: 1080 | EV16: 1080 | EW16: 1080 | EX16: 1080 | EY16: 1080 | EZ16: 1080 | FA16: 1080 | FB16: 1080 | FC16: 1080 | FD16: 1080 | FE16: 1080 | FF16: 1080 | FG16: 1130 | FH16: 1130 | FI16: 1130 | FJ16: 1130 | FK16: 1130 | FL16: 1199 | FM16: 1211 | FN16: 1214 | FO16: 1208 | FP16: 1205.5 | FQ16: 1205.5 | FR16: 1205.5 | FS16: 1205.5 | FT16: 1188 | FU16: 1188
A17: 9 | D17: ICIS | E17: ICIS giá rPET ($ /tấn) | F17: ICIS FOB ĐNA - Giá Cao | G17: $ /tấn | H17: ICIS FOB ĐNA - Giá Cao | P17: 1400 | Q17: 1500 | R17: 1500 | T17: 1389 | U17: 1450 | V17: 1454 | W17: 1530 | X17: 1570 | Y17: 1555 | Z17: 1550 | AA17: 1550 | AB17: 1550 | AC17: 1550 | AD17: 1550 | AE17: 1550 | AF17: 1533 | AG17: 1507 | AH17: 1507 | AI17: 1491 | AJ17: 1491 | AK17: =+SUM(DB17:DF17)/5 -> 1431 | AL17: =+SUM(DG17:DJ17)/4 -> 1384.75 | AM17: =+SUM(DK17:DN17)/4 -> 1395 | AN17: =+SUM(DO17:DR17)/COUNT(DO17:DR17) -> 1373.75 | AO17: =+SUM(DS17:DV17)/COUNT(DS17:DV17) -> 1305 | AP17: =+SUM(DW17:EA17)/COUNT(DW17:EA17) -> 1288.8 | AQ17: =+SUM(EB17:EE17)/COUNT(EB17:EE17) -> 1170.75 | AR17: =+SUM(EF17:EI17)/COUNT(EF17:EI17) -> 1150 | AS17: =+SUM(EJ17:EN17)/COUNT(EJ17:EN17) -> 1110 | AT17: =+SUM(EO17:ER17)/COUNT(EO17:ER17) -> 1107.5 | AU17: =+SUM(ES17:EV17)/COUNT(ES17:EV17) -> 1100 | AV17: =+SUM(EW17:EZ17)/COUNT(EW17:EZ17) -> 1100 | AW17: =+SUM(FA17:FE17)/COUNT(FA17:FE17) -> 1100 | AX17: =+SUM(FF17:FH17)/COUNT(FF17:FH17) -> 1166.6667 | AY17: =+SUM(FJ17:FL17)/COUNT(FJ17:FL17) -> 1223 | AZ17: =+SUM(FM17:FP17)/COUNT(FM17:FP17) -> 1268.5 | BA17: =+SUM(FQ17:FT17)/COUNT(FQ17:FT17) -> 1252.25 | BB17: =+SUM(FU17:FY17)/COUNT(FU17:FY17) -> 1226 | CA17: ICIS | CB17: ICIS giá rPET ($ /tấn) | CC17: ICIS FOB ĐNA - Giá Cao | CD17: 1550 | CE17: 1550 | CF17: 1550 | CG17: 1550 | CH17: 1550 | CI17: 1550 | CJ17: 1550 | CK17: 1550 | CL17: 1550 | CM17: 1550 | CN17: 1550 | CO17: 1550 | CP17: 1550 | CQ17: 1550 | CR17: 1550 | CS17: 1550 | CT17: 1533 | CU17: 1507 | CV17: 1507 | CW17: 1491 | CX17: 1491 | CY17: 1474 | CZ17: 1478 | DA17: 1465 | DB17: 1465 | DC17: 1465 | DD17: 1400 | DE17: 1400 | DF17: 1425 | DG17: 1425 | DH17: 1345 | DI17: 1356 | DJ17: 1413 | DK17: 1408 | DL17: 1398 | DM17: 1387 | DN17: 1387 | DO17: 1387 | DP17: 1367 | DQ17: 1366 | DR17: 1375 | DS17: 1375 | DT17: 1279 | DU17: 1279 | DV17: 1287 | DW17: 1299 | DX17: 1293 | DY17: 1286 | DZ17: 1283 | EA17: 1283 | EB17: 1233 | EC17: 1150 | ED17: 1150 | EE17: 1150 | EF17: 1150 | EG17: 1150 | EH17: 1150 | EI17: 1150 | EJ17: 1110 | EK17: 1110 | EL17: 1110 | EM17: 1110 | EN17: 1110 | EO17: 1110 | EP17: 1110 | EQ17: 1110 | ER17: 1100 | ES17: 1100 | ET17: 1100 | EU17: 1100 | EV17: 1100 | EW17: 1100 | EX17: 1100 | EY17: 1100 | EZ17: 1100 | FA17: 1100 | FB17: 1100 | FC17: 1100 | FD17: 1100 | FE17: 1100 | FF17: 1100 | FG17: 1200 | FH17: 1200 | FI17: 1200 | FJ17: 1200 | FK17: 1200 | FL17: 1269 | FM17: 1269 | FN17: 1278 | FO17: 1266 | FP17: 1261 | FQ17: 1261 | FR17: 1261 | FS17: 1261 | FT17: 1226 | FU17: 1226
F18: Dafon FOB (personal care) | H18: Dafon FOB (personal care) | U18: 1575 | V18: 1575 | W18: 1575 | X18: 1575 | Y18: 1560 | Z18: 1655 | AA18: 1655 | AB18: 1655 | AC18: 1645 | AD18: 1645 | AE18: 1655 | AF18: 1624 | AG18: 1624 | AH18: 1624 | AI18: 1624 | AJ18: 1624 | AK18: =AK19+100 -> 1593.4 | AL18: =AL19+100 -> 1534.75 | AM18: =AM19+100 -> 1522 | AN18: =AN19+100 -> 1522 | AO18: =AO19+100 -> 1522 | AP18: =+SUM(DW18:EA18)/COUNT(DW18:EA18) -> 1516.8 | AQ18: =+SUM(EB18:EE18)/COUNT(EB18:EE18) -> 1496 | AR18: =+SUM(EF18:EI18)/COUNT(EF18:EI18) -> 1496 | AS18: =+SUM(EJ18:EN18)/COUNT(EJ18:EN18) -> 1496 | AT18: =+SUM(EO18:ER18)/COUNT(EO18:ER18) -> 1496 | AU18: =+SUM(ES18:EV18)/COUNT(ES18:EV18) -> 1477.25 | AV18: =+SUM(EW18:EZ18)/COUNT(EW18:EZ18) -> 1471 | AW18: =+SUM(FA18:FE18)/COUNT(FA18:FE18) -> 1460.6 | AX18: =+SUM(FF18:FH18)/COUNT(FF18:FH18) -> 1422 | AY18: =+SUM(FJ18:FL18)/COUNT(FJ18:FL18) -> 1404.6667 | AZ18: =+SUM(FM18:FP18)/COUNT(FM18:FP18) -> 1396 | BA18: =+SUM(FQ18:FT18)/COUNT(FQ18:FT18) -> 1406 | BB18: =+SUM(FU18:FY18)/COUNT(FU18:FY18) -> 1406 | BC18: =+SUM(FZ18:GC18)/COUNT(FZ18:GC18) -> 1398.5 | BD18: =+SUM(GD18:GG18)/COUNT(GD18:GG18) -> 1396 | BE18: =+SUM(GH18:GL18)/COUNT(GH18:GL18) -> 1416 | BF18: =+SUM(GM18:GP18)/COUNT(GM18:GP18) -> 1437 | BG18: =+SUM(GQ18:GT18)/COUNT(GQ18:GT18) -> 1437 | BH18: =+SUM(GU18:GY18)/COUNT(GU18:GY18) -> 1435.2 | BI18: =+SUM(GY18:HC18)/COUNT(GY18:HC18) -> 1434 | BJ18: =+SUM(HD18:HG18)/COUNT(HD18:HG18) -> 1424.25 | BK18: =+SUM(HH18:HK18)/COUNT(HH18:HK18) -> 1414.5 | BL18: =+SUM(HL18:HO18)/COUNT(HL18:HO18) -> 1405.5 | BM18: =+SUM(HP18:HS18)/COUNT(HP18:HS18) -> 1398 | BN18: =+SUM(HT18:HX18)/COUNT(HT18:HX18) -> 1398 | BO18: =+SUM(HY18:IB18)/COUNT(HY18:IB18) -> 1398 | BP18: =+SUM(IC18:IG18)/COUNT(IC18:IG18) -> 1398 | BQ18: =+SUM(IH18:IK18)/COUNT(IH18:IK18) -> 1279 | BR18: =+SUM(IL18:IO18)/COUNT(IL18:IO18) -> 1160 | BS18: =+SUM(IP18:IT18)/COUNT(IP18:IT18) -> 1160 | BT18: =+SUM(IU18:IX18)/COUNT(IU18:IX18) -> 1160 | BU18: =+SUM(IY18:JB18)/COUNT(IY18:JB18) -> 1170 | BV18: =+SUM(JC18:JG18)/COUNT(JC18:JG18) -> 1158 | BW18: 1150 | BX18: =+SUM(JL18:JO18)/COUNT(JL18:JO18) -> 1170 | CA18: Anh 12 | CB18: Giá FOB_ĐNÁ rHDPE ($ /tấn) | CC18: Dafon FOB (personal care) | DC18: =DC19+100 -> 1624 | DD18: =DD19+100 -> 1573 | DE18: =DE19+100 -> 1573 | DF18: =DF19+100 -> 1573 | DG18: =DG19+100 -> 1573 | DH18: =DH19+100 -> 1522 | DI18: =DI19+100 -> 1522 | DJ18: =DJ19+100 -> 1522 | ... DZ18: =DZ19+100 -> 1522 | EA18: 1496 | EB18: 1496 | EC18: 1496 | ED18: 1496 | EE18: 1496 | EF18: 1496 | EG18: 1496 | EH18: 1496 | EI18: 1496 | EJ18: 1496 | EK18: 1496 | EL18: 1496 | EM18: 1496 | EN18: 1496 | EO18: 1496 | EP18: 1496 | EQ18: 1496 | ER18: 1496 | ES18: 1496 | ET18: 1471 | EU18: 1471 | EV18: 1471 | EW18: 1471 | EX18: 1471 | EY18: 1471 | EZ18: 1471 | FA18: 1471 | FB18: 1458 | FC18: 1458 | FD18: 1458 | FE18: 1458 | FF18: 1422 | FG18: 1422 | FH18: 1422 | FI18: 1422 | FJ18: 1422 | FK18: 1396 | FL18: 1396 | FM18: 1396 | FN18: 1396 | FO18: 1396 | FP18: 1396 | FQ18: 1406 | FR18: 1406 | FS18: 1406 | FT18: 1406 | FU18: 1406 | FV18: 1406 | FW18: 1406 | FX18: 1406 | FY18: 1406 | FZ18: 1406 | GA18: 1396 | GB18: 1396 | GC18: 1396 | GD18: 1396 | GE18: 1396 | GF18: 1396 | GG18: 1396 | GH18: 1416 | GI18: 1416 | GJ18: 1416 | GK18: 1416 | GL18: 1416 | GM18: 1437 | GN18: 1437 | GO18: 1437 | GP18: 1437 | GQ18: 1437 | GR18: 1437 | GS18: 1437 | GT18: 1437 | GU18: 1437 | GV18: 1437 | GW18: 1434 | GX18: 1434 | GY18: 1434 | GZ18: 1434 | HA18: 1434 | HB18: 1434 | HC18: 1434 | HD18: 1434 | HE18: 1421 | HF18: 1421 | HG18: 1421 | HH18: 1421 | HI18: 1421 | HJ18: 1408 | HK18: 1408 | HL18: 1408 | HM18: 1408 | HN18: 1408 | HO18: 1398 | HP18: 1398 | HQ18: 1398 | HR18: 1398 | HS18: 1398 | HT18: 1398 | HU18: 1398 | HV18: 1398 | HW18: 1398 | HX18: 1398 | HY18: 1398 | HZ18: 1398 | IA18: 1398 | IB18: 1398 | IC18: 1398 | ID18: 1398 | IE18: 1398 | IF18: 1398 | IG18: 1398 | IH18: 1398 | II18: 1398 | IJ18: 1160 | IK18: 1160 | IL18: 1160 | IM18: 1160 | IN18: 1160 | IO18: 1160 | IP18: 1160 | IQ18: 1160 | IR18: 1160 | IS18: 1160 | IT18: 1160 | IU18: 1160 | IV18: 1160 | IW18: 1160 | IX18: 1160 | IY18: 1170 | IZ18: 1170 | JA18: 1170 | JB18: 1170 | JC18: 1170 | JD18: 1170 | JE18: 1150 | JF18: 1150 | JG18: 1150 | JH18: 1150 | JI18: 1150 | JJ18: 1150 | JK18: 1150 | JL18: 1170 | JM18: 1170 | JN18: 1170 | JO18: 1170
D19: Anh 12 | E19: Giá FOB_ĐNÁ rHDPE ($ /tấn) | F19: Dafon FOB (Home care) | G19: $ /tấn | H19: Giá Dafon FOB Taiwan | I19: =I15-100 -> 1370 | J19: =J15-100 -> 1380 | K19: =K15-100 -> 1380 | L19: =L15-100 -> 1495 | M19: =M15-100 -> 1495 | N19: =N15-100 -> 1495 | O19: =O15-100 -> 1495 | P19: =P15-100 -> 1495 | ... T19: =T15-100 -> 1560 | U19: =U18-100 -> 1475 | V19: =V18-100 -> 1475 | W19: =W18-100 -> 1475 | X19: =X18-100 -> 1475 | Y19: =Y18-100 -> 1460 | Z19: =Z18-100 -> 1555 | AA19: =AA18-100 -> 1555 | AB19: =AB18-100 -> 1555 | ... AJ19: =AJ18-100 -> 1524 | AK19: =+SUM(DB19:DF19)/5 -> 1493.4 | AL19: =+SUM(DG19:DJ19)/4 -> 1434.75 | AM19: =+SUM(DK19:DN19)/4 -> 1422 | AN19: =+SUM(DO19:DR19)/COUNT(DO19:DR19) -> 1422 | AO19: =+SUM(DS19:DV19)/COUNT(DS19:DV19) -> 1422 | AP19: =+SUM(DW19:EA19)/COUNT(DW19:EA19) -> 1416.8 | AQ19: =+SUM(EB19:EE19)/COUNT(EB19:EE19) -> 1396 | AR19: =+SUM(EF19:EI19)/COUNT(EF19:EI19) -> 1396 | AS19: =+SUM(EJ19:EN19)/COUNT(EJ19:EN19) -> 1396 | AT19: =+SUM(EO19:ER19)/COUNT(EO19:ER19) -> 1396 | AU19: =+SUM(ES19:EV19)/COUNT(ES19:EV19) -> 1377.25 | AV19: =+SUM(EW19:EZ19)/COUNT(EW19:EZ19) -> 1371 | AW19: =+SUM(FA19:FE19)/COUNT(FA19:FE19) -> 1360.6 | AX19: =+SUM(FF19:FH19)/COUNT(FF19:FH19) -> 1322 | AY19: =+SUM(FJ19:FL19)/COUNT(FJ19:FL19) -> 1304.6667 | AZ19: =+SUM(FM19:FP19)/COUNT(FM19:FP19) -> 1296 | BA19: =+SUM(FQ19:FT19)/COUNT(FQ19:FT19) -> 1306 | BB19: =+SUM(FU19:FY19)/COUNT(FU19:FY19) -> 1306 | BC19: =+SUM(FZ19:GC19)/COUNT(FZ19:GC19) -> 1298.5 | BD19: =+SUM(GD19:GG19)/COUNT(GD19:GG19) -> 1296 | BE19: =+SUM(GH19:GL19)/COUNT(GH19:GL19) -> 1316 | BF19: =+SUM(GM19:GP19)/COUNT(GM19:GP19) -> 1337 | BG19: =+SUM(GQ19:GT19)/COUNT(GQ19:GT19) -> 1337 | BH19: =+SUM(GU19:GY19)/COUNT(GU19:GY19) -> 1335.2 | BI19: =+SUM(GY19:HC19)/COUNT(GY19:HC19) -> 1334 | BJ19: =+SUM(HD19:HG19)/COUNT(HD19:HG19) -> 1324.25 | BK19: =+SUM(HH19:HK19)/COUNT(HH19:HK19) -> 1314.5 | BL19: =+SUM(HL19:HO19)/COUNT(HL19:HO19) -> 1305.5 | BM19: =+SUM(HP19:HS19)/COUNT(HP19:HS19) -> 1298 | BN19: =+SUM(HT19:HX19)/COUNT(HT19:HX19) -> 1298 | BO19: =+SUM(HY19:IB19)/COUNT(HY19:IB19) -> 1298 | BP19: =+SUM(IC19:IG19)/COUNT(IC19:IG19) -> 1298 | BQ19: =+SUM(IH19:IK19)/COUNT(IH19:IK19) -> 1179 | BR19: =+SUM(IL19:IO19)/COUNT(IL19:IO19) -> 1060 | BS19: =+SUM(IP19:IT19)/COUNT(IP19:IT19) -> 1060 | BT19: =+SUM(IU19:IX19)/COUNT(IU19:IX19) -> 1060 | BU19: =+SUM(IY19:JB19)/COUNT(IY19:JB19) -> 1070 | BV19: =+SUM(JC19:JG19)/COUNT(JC19:JG19) -> 1058 | BW19: 1050 | BX19: =+SUM(JL19:JO19)/COUNT(JL19:JO19) -> 1070 | CA19: Anh 12 | CB19: Giá FOB_ĐNÁ rHDPE ($ /tấn) | CC19: Dafon FOB (Home care) | CD19: 1655 | CE19: 1655 | CF19: 1655 | CG19: 1655 | CH19: 1655 | CI19: 1655 | CJ19: 1655 | CK19: 1655 | CL19: 1645 | CM19: 1645 | CN19: 1645 | CO19: 1645 | CP19: 1655 | CQ19: 1655 | CR19: 1655 | CS19: 1655 | CT19: 1624 | CU19: 1624 | CV19: 1624 | CW19: 1624 | CX19: 1624 | CY19: =1624-100 -> 1524 | CZ19: =1624-100 -> 1524 | DA19: =1624-100 -> 1524 | DB19: =1624-100 -> 1524 | DC19: =1624-100 -> 1524 | DD19: =1573-100 -> 1473 | DE19: =1573-100 -> 1473 | DF19: =1573-100 -> 1473 | DG19: =1573-100 -> 1473 | DH19: =1522-100 -> 1422 | DI19: =1522-100 -> 1422 | DJ19: =1522-100 -> 1422 | DK19: =1522-100 -> 1422 | DL19: =1522-100 -> 1422 | DM19: =1522-100 -> 1422 | DN19: =1522-100 -> 1422 | DO19: =1522-100 -> 1422 | ... DZ19: =1522-100 -> 1422 | EA19: 1396 | EB19: 1396 | EC19: 1396 | ED19: 1396 | EE19: =EE18-100 -> 1396 | EF19: =EF18-100 -> 1396 | EG19: =EG18-100 -> 1396 | EH19: =EH18-100 -> 1396 | EI19: =EI18-100 -> 1396 | EJ19: =EJ18-100 -> 1396 | EK19: =EK18-100 -> 1396 | EL19: =EL18-100 -> 1396 | ... JO19: =JO18-100 -> 1070
D20: Anh 12 | F20: RESIN | G20: $ /tấn | H20: RESIN | S20: 1260 | T20: 1260 | U20: 1185 | V20: 1297.5 | W20: 1386 | X20: 1390 | Y20: 1320 | Z20: 1327 | AA20: 1248 | AB20: 1230 | AC20: 1130 | AD20: 1130 | AE20: 1105 | AF20: 1105 | AG20: 1105 | AH20: 1105 | AI20: 1065 | AJ20: 1065 | AK20: =+SUM(DB20:DF20)/5 -> 1002 | AL20: =+SUM(DG20:DJ20)/4 -> 1017.5 | AM20: =+SUM(DK20:DN20)/4 -> 1092.5 | AN20: =+SUM(DO20:DR20)/COUNT(DO20:DR20) -> 1072.5 | AO20: =+SUM(DS20:DV20)/COUNT(DS20:DV20) -> 1050 | AP20: =+SUM(DW20:EA20)/COUNT(DW20:EA20) -> 1044 | AQ20: =+SUM(EB20:EE20)/COUNT(EB20:EE20) -> 970 | AR20: =+SUM(EF20:EI20)/COUNT(EF20:EI20) -> 960 | AS20: =+SUM(EJ20:EN20)/COUNT(EJ20:EN20) -> 1008 | AT20: =+SUM(EO20:ER20)/COUNT(EO20:ER20) -> 1027.5 | AU20: =+SUM(ES20:EV20)/COUNT(ES20:EV20) -> 1020 | AV20: =+SUM(EW20:EZ20)/COUNT(EW20:EZ20) -> 955 | AW20: =+SUM(FA20:FE20)/COUNT(FA20:FE20) -> 928 | AX20: =+SUM(FF20:FH20)/COUNT(FF20:FH20) -> 940 | AY20: =+SUM(FJ20:FL20)/COUNT(FJ20:FL20) -> 993.33333 | AZ20: =+SUM(FM20:FP20)/COUNT(FM20:FP20) -> 985 | BA20: =+SUM(FQ20:FT20)/COUNT(FQ20:FT20) -> 962.5 | BB20: =+SUM(FU20:FY20)/COUNT(FU20:FY20) -> 982 | BC20: =+SUM(FZ20:GC20)/COUNT(FZ20:GC20) -> 1000 | BD20: =+SUM(GD20:GG20)/COUNT(GD20:GG20) -> 1000 | BE20: =+SUM(GH20:GL20)/COUNT(GH20:GL20) -> 984 | BF20: =+SUM(GM20:GP20)/COUNT(GM20:GP20) -> 967.5 | BG20: =+SUM(GQ20:GT20)/COUNT(GQ20:GT20) -> 965 | BH20: =+SUM(GU20:GY20)/COUNT(GU20:GY20) -> 974 | BI20: =+SUM(GY20:HC20)/COUNT(GY20:HC20) -> 956 | BJ20: =+SUM(HD20:HG20)/COUNT(HD20:HG20) -> 940 | BK20: =+SUM(HH20:HK20)/COUNT(HH20:HK20) -> 918 | BL20: =+SUM(HL20:HO20)/COUNT(HL20:HO20) -> 896 | BM20: =+SUM(HP20:HS20)/COUNT(HP20:HS20) -> 891.5 | BN20: =+SUM(HT20:HX20)/COUNT(HT20:HX20) -> 864 | BO20: =+SUM(HY20:IB20)/COUNT(HY20:IB20) -> 833 | BP20: =+SUM(IC20:IG20)/COUNT(IC20:IG20) -> 833 | BQ20: =+SUM(IH20:IK20)/COUNT(IH20:IK20) -> 815 | BR20: =+SUM(IL20:IO20)/COUNT(IL20:IO20) -> 812.5 | BS20: =+SUM(IP20:IT20)/COUNT(IP20:IT20) -> 805 | BT20: =+SUM(IU20:IX20)/COUNT(IU20:IX20) -> 805 | BU20: =+SUM(IY20:JB20)/COUNT(IY20:JB20) -> 802.5 | BV20: =+SUM(JC20:JG20)/COUNT(JC20:JG20) -> 800 | BW20: =+SUM(JH20:JK20)/COUNT(JH20:JK20) -> 800 | BX20: =+SUM(JL20:JO20)/COUNT(JL20:JO20) -> 1331.25 | BY20: 1550 | CA20: Anh 12 | CC20: RESIN | CD20: =+(1240+1400)/2 -> 1320 | CE20: =+(1240+1400)/2 -> 1320 | CF20: =+(1240+1400)/2 -> 1320 | CG20: =+(1200+1370)/2 -> 1285 | CH20: =+(1180+1350)/2 -> 1265 | CI20: =+(1140+1320)/2 -> 1230 | CJ20: =+(1120+1300)/2 -> 1210 | CK20: =+(1120+1300)/2 -> 1210 | CL20: =+(1020+1200)/2 -> 1110 | CM20: =+(1020+1200)/2 -> 1110 | CN20: =+(1040+1220)/2 -> 1130 | CO20: =+(1040+1220)/2 -> 1130 | CP20: =+(1020+1150)/2 -> 1085 | CQ20: =+(1040+1170)/2 -> 1105 | CR20: =+(1040+1170)/2 -> 1105 | CS20: =+(1040+1170)/2 -> 1105 | CT20: 1105 | CU20: 1105 | CV20: 1105 | CW20: 1065 | CX20: 1065 | CY20: =+(950+1110)/2 -> 1030 | CZ20: =+(950+1110)/2 -> 1030 | DA20: =+(950+1110)/2 -> 1030 | DB20: =+(920+1110)/2 -> 1015 | DC20: =+(920+1070)/2 -> 995 | DD20: =+(920+1070)/2 -> 995 | DE20: =+(920+1070)/2 -> 995 | DF20: =+(940+1080)/2 -> 1010 | DG20: 940 | DH20: 1020 | DI20: 1030 | DJ20: 1080 | DK20: 1100 | DL20: 1100 | DM20: 1090 | DN20: 1080 | DO20: 1080 | DP20: 1070 | DQ20: 1070 | DR20: 1070 | DS20: 1050 | DT20: 1050 | DU20: 1050 | DV20: 1050 | DW20: 1050 | DX20: 1050 | DY20: 1050 | DZ20: 1040 | EA20: 1030 | EB20: 1030 | EC20: 950 | ED20: 950 | EE20: 950 | EF20: 950 | EG20: 950 | EH20: 970 | EI20: 970 | EJ20: 1000 | EK20: 1000 | EL20: 1000 | EM20: 1020 | EN20: 1020 | EO20: 1020 | EP20: 1030 | EQ20: 1030 | ER20: 1030 | ES20: 1030 | ET20: 1030 | EU20: 1020 | EV20: 1000 | EW20: 980 | EX20: 960 | EY20: 940 | EZ20: 940 | FA20: 940 | FB20: 940 | FC20: 920 | FD20: 920 | FE20: 920 | FF20: 920 | FG20: 950 | FH20: 950 | FI20: 970 | FJ20: 980 | FK20: 1000 | FL20: 1000 | FM20: 1000 | FN20: 980 | FO20: 980 | FP20: 980 | FQ20: 960 | FR20: 960 | FS20: 960 | FT20: 970 | FU20: 970 | FV20: 980 | FW20: 980 | FX20: 980 | FY20: 1000 | FZ20: 1000 | GA20: 1000 | GB20: 1000 | GC20: 1000 | GD20: 1000 | GE20: 1000 | GF20: 1000 | GG20: 1000 | GH20: 1000 | GI20: 1000 | GJ20: 980 | GK20: 970 | GL20: 970 | GM20: 970 | GN20: 970 | GO20: 970 | GP20: 960 | GQ20: 960 | GR20: 960 | GS20: 960 | GT20: 980 | GU20: 980 | GV20: 980 | GW20: 970 | GX20: 970 | GY20: 970 | GZ20: 970 | HA20: 950 | HB20: 950 | HC20: 940 | HD20: 940 | HE20: 940 | HF20: 940 | HG20: 940 | HH20: 940 | HI20: 940 | HJ20: 896 | HK20: 896 | HL20: 896 | HM20: 896 | HN20: 896 | HO20: 896 | HP20: 896 | HQ20: 900 | HR20: 890 | HS20: 880 | HT20: 870 | HU20: 870 | HV20: 860 | HW20: 860 | HX20: 860 | HY20: 833 | HZ20: 833 | IA20: 833 | IB20: 833 | IC20: 833 | ID20: 833 | IE20: 833 | IF20: 833 | IG20: 833 | IH20: 815 | II20: 815 | IJ20: 815 | IK20: 815 | IL20: 815 | IM20: 815 | IN20: 815 | IO20: 805 | IP20: 805 | IQ20: 805 | IR20: 805 | IS20: 805 | IT20: 805 | IU20: 805 | IV20: 805 | IW20: 805 | IX20: 805 | IY20: 805 | IZ20: 805 | JA20: 800 | JB20: 800 | JC20: 800 | JD20: 800 | JE20: 800 | JF20: 800 | JG20: 800 | JH20: 800 | JI20: 800 | JJ20: 800 | JK20: 800 | JL20: =(950+1000)/2 -> 975 | JM20: 1350 | JN20: 1450 | JO20: 1550
F21: Giá dự báo | H21: Giá dự báo | U21: =U20 -> 1185 | V21: =V20 -> 1297.5 | W21: =W20 -> 1386 | X21: =X20 -> 1390 | Y21: =Y20 -> 1320 | Z21: =Z20 -> 1327 | AA21: =AA20 -> 1248 | AB21: =AB20 -> 1230 | ... BY21: =BY20 -> 1550 | CC21: Giá dự báo | CS21: =CS20 -> 1105 | CT21: =CT20 -> 1105 | CU21: =CU20 -> 1105 | CV21: =CV20 -> 1105 | CW21: =CW20 -> 1065 | CX21: =CX20 -> 1065 | CY21: =CY20 -> 1030 | CZ21: =CZ20 -> 1030 | ... ED21: =ED20 -> 950 | EE21: =+ED21 -> 950 | EF21: =+EE21 -> 950 | EG21: =+EF21+20 -> 970 | EH21: =+EG21+20 -> 990 | EI21: =+EH21+20 -> 1010 | EJ21: =+EI21+20 -> 1030 | EK21: =+EJ21+20 -> 1050 | EL21: =+EK21+20 -> 1070 | EM21: =+EL21+20 -> 1090 | EN21: =+EM21+20 -> 1110 | ... HC21: =+HB21+20 -> 2450
F22: Giá bán Unilever | H22: Giá bán Unilever | U22: 1360 | V22: 1360 | W22: 1360 | X22: 1360 | Y22: 1360 | Z22: 1360 | AA22: 1610 | AB22: 1610 | AC22: 1610 | AD22: 1610 | AE22: 1610 | AF22: 1610 | AG22: 1610 | AH22: 1610 | AI22: 1610 | AJ22: 1610 | AK22: 1610 | AL22: 1575 | AM22: 1575 | AN22: 1575 | AO22: 1530 | AP22: 1530 | AQ22: 1530 | AR22: 1530 | AS22: 1530 | AT22: 1530 | AU22: 1530 | AV22: 1530 | AW22: 1530 | AX22: 1500 | AY22: 1500 | AZ22: 1500 | BA22: 1430 | BB22: 1430 | BC22: 1430 | BD22: 1430 | BE22: 1430 | BF22: 1430 | BG22: 1430 | BH22: 1430 | BI22: 1430 | BJ22: 1430 | BK22: 1430 | BL22: 1350 | BM22: 1350 | BN22: 1350 | BO22: 1350 | BP22: 1380 | BQ22: 1380 | BR22: 1380 | BS22: 1380 | BT22: 1380 | BU22: 1380 | BV22: 1330 | BW22: 1330 | BX22: 1330 | CC22: TTCP | CV22: =CV20 -> 1105 | CW22: =CW20 -> 1065 | CX22: =CX20 -> 1065 | CY22: =CY20 -> 1030 | CZ22: =CZ20 -> 1030 | DA22: =DA20 -> 1030 | DB22: =DB20 -> 1015 | DC22: =DC20 -> 995 | ... JO22: =JO20 -> 1550
H23: TTCP | U23: =U21 -> 1185 | V23: =V21 -> 1297.5 | W23: =W21 -> 1386 | X23: =X21 -> 1390 | Y23: =Y21 -> 1320 | Z23: =Z21 -> 1327 | AA23: =AA21 -> 1248 | AB23: =AB21 -> 1230 | ... BY23: =BY21 -> 1550 | CC23: CL | CV23: =+CV9-CV22 -> 425 | CW23: =+CW9-CW22 -> 465 | CX23: =+CX9-CX22 -> 465 | CY23: =+CY9-CY22 -> 500 | CZ23: =+CZ9-CZ22 -> 500 | DA23: =+DA9-DA22 -> 500 | DB23: =+DB9-DB22 -> 515 | DC23: =+DC9-DC22 -> 535 | ... JO23: =+JO9-JO22 -> -200
H24: CL | U24: =U9-U23 -> 345 | V24: =V9-V23 -> 232.5 | W24: =W9-W23 -> 174 | X24: =X9-X23 -> 220 | Y24: =Y9-Y23 -> 290 | Z24: =Z9-Z23 -> 283 | AA24: =AA9-AA23 -> 362 | AB24: =AB9-AB23 -> 380 | ... BY24: =BY9-BY23 -> -1550 | CC24: % | CV24: =+CV23/CV22 -> 0.38461538 | CW24: =+CW23/CW22 -> 0.43661972 | CX24: =+CX23/CX22 -> 0.43661972 | CY24: =+CY23/CY22 -> 0.48543689 | CZ24: =+CZ23/CZ22 -> 0.48543689 | DA24: =+DA23/DA22 -> 0.48543689 | DB24: =+DB23/DB22 -> 0.50738916 | DC24: =+DC23/DC22 -> 0.53768844 | ... JO24: =+JO23/JO22 -> -0.12903226
H25: % | U25: =U24/U23 -> 0.29113924 | V25: =V24/V23 -> 0.17919075 | W25: =W24/W23 -> 0.12554113 | X25: =X24/X23 -> 0.15827338 | Y25: =Y24/Y23 -> 0.21969697 | Z25: =Z24/Z23 -> 0.213263 | AA25: =AA24/AA23 -> 0.2900641 | AB25: =AB24/AB23 -> 0.30894309 | ... BY25: =BY24/BY23 -> -1 | CC25: Điểm hòa vốn | CV25: 1264 | CW25: 1390 | CX25: 1374 | CY25: 1374 | CZ25: 1374 | DA25: 1374 | DB25: 1374 | DC25: 1374 | DD25: 1374 | DE25: 1374 | DF25: 1374 | DG25: 1377 | DH25: 1377 | DI25: 1377 | DJ25: 1377 | DK25: 1377 | DL25: 1377 | DM25: 1377 | DN25: 1377 | DO25: 1377 | DP25: 1377 | DQ25: 1377 | DR25: 1377 | DS25: 1377 | DT25: 1377 | DU25: 1377 | DV25: 1377 | DW25: 1377 | DX25: 1377 | DY25: 1377 | DZ25: 1377 | EA25: 1377 | EB25: 1377 | EC25: 1310 | ED25: 1310 | EE25: 1310 | EF25: 1310 | EG25: 1310 | EH25: 1310 | EI25: 1310 | EJ25: 1310 | EK25: 1310 | EL25: 1310 | EM25: 1310 | EN25: 1310 | EO25: 1310 | EP25: 1310 | EQ25: 1310 | ER25: 1310 | ES25: 1310 | ET25: 1310 | EU25: 1310 | EV25: 1310 | EW25: 1268 | EX25: 1268 | EY25: 1268 | EZ25: 1268 | FA25: 1261 | FB25: 1261 | FC25: 1261 | FD25: 1261 | FE25: 1261 | FF25: 1323 | FG25: 1323 | FH25: 1323 | FI25: 1323 | FJ25: 1323 | FK25: 1323 | FL25: 1323 | FM25: 1306 | FN25: 1306 | FO25: 1306 | FP25: 1306 | FQ25: 1306 | FR25: 1291 | FS25: 1291 | FT25: 1291 | FU25: 1282 | FV25: 1282 | FW25: 1282 | FX25: 1282 | FY25: 1282 | FZ25: 1282 | GA25: 1282 | GB25: 1282 | GC25: 1282 | GD25: 1219 | GE25: 1219 | GF25: 1219 | GG25: 1219 | GH25: 1251 | GI25: 1251 | GJ25: 1251 | GK25: 1251 | GL25: 1251 | GM25: 1251 | GN25: 1251 | GO25: 1251 | GP25: 1251 | GQ25: 1260.3186 | GR25: 1260.3186 | GS25: 1260.3186 | GT25: 1260.3186 | GU25: 1260.9722 | GV25: 1260.9722 | GW25: 1260.9722 | GX25: 1260.9722 | GY25: 1260.9722 | GZ25: 1214.0816 | HA25: 1214.0816 | HB25: 1214.0816 | HC25: 1214.0816 | HD25: 1224.4123 | HE25: 1224.4123 | HF25: 1224.4123 | HG25: 1224.4123 | HH25: 1224.8944 | HI25: 1224.8944 | HJ25: 1224.8944 | HK25: 1224.8944 | HL25: 1220.839 | HM25: 1220.839 | HN25: 1220.839 | HO25: 1220.839 | HP25: 1201.5512 | HQ25: 1201.5512 | HR25: 1201.5512 | HS25: 1201.5512 | HT25: 1215.0616 | HU25: 1215.0616 | HV25: 1215.0616 | HW25: 1215.0616 | HX25: 1215.0616 | HY25: 1218.0838 | HZ25: 1218.0838 | IA25: 1218.0838 | IB25: 1218.0838 | IC25: 1217.9396 | ID25: 1217.9396 | IE25: 1217.9396 | IF25: 1217.9396 | IG25: 1217.9396 | IH25: 1221.1766 | II25: 1221.1766 | IJ25: 1221.1766 | IK25: 1221.1766 | IL25: 1118.5152 | IM25: 1118.5152 | IN25: 1118.5152 | IO25: 1118.5152 | IP25: 1095.5642 | IQ25: 1095.5642 | IR25: 1095.5642 | IS25: 1095.5642 | IT25: 1095.5642 | IU25: 1120.1455 | IV25: 1120.1455 | IW25: 1120.1455 | IX25: 1120.1455 | IY25: 1076.7141 | IZ25: 1076.7141 | JA25: 1076.7141 | JB25: 1076.7141 | JC25: 1111.3107 | JD25: 1111.3107 | JE25: 1111.3107 | JF25: 1111.3107 | JG25: 1111.3107 | JH25: 1111.3107 | JI25: 1111.3107 | JJ25: 1111.3107 | JK25: 1111.3107 | JL25: 1076.0361 | JM25: 1076.0361 | JN25: 1076.0361 | JO25: 1076.0361
H26: Điểm hòa vốn | U26: 1377 | V26: 1377 | W26: 1377 | X26: 1377 | Y26: 1377 | Z26: 1377 | AA26: 1377 | AB26: 1377 | AC26: 1377 | AD26: 1377 | AE26: 1377 | AF26: 1377 | AG26: 1377 | AH26: 1377 | AI26: 1377 | AJ26: 1377 | AK26: 1377 | AL26: 1377 | AM26: 1377 | AN26: 1377 | AO26: 1377 | AP26: 1377 | AQ26: 1377 | AR26: 1315 | AS26: 1306 | AT26: 1310 | AU26: 1310 | AV26: 1268 | AW26: 1261 | AX26: 1323 | AY26: 1323 | AZ26: 1306 | BA26: 1291 | BB26: 1282 | BC26: 1285 | BD26: 1219 | BE26: 1251 | BF26: 1251 | BG26: 1260.3186 | BH26: 1260.9722 | BI26: 1214.0816 | BJ26: 1224.4123 | BK26: 1224.8944 | BL26: 1220.839 | BM26: 1201.5512 | BN26: 1215.0616 | BO26: 1218.0838 | BP26: 1217.9396 | BQ26: 1221.1766 | BR26: 1118.5152 | BS26: 1095.5642 | BT26: 1120.1455 | BU26: 1076.7141 | BV26: 1111.3107 | BW26: 1083.9522 | BX26: 1076.0361 | CC26: Điểm hòa vốn có rework | CW26: 1530 | CX26: =+CX25+145 -> 1519 | CY26: =+CY25+145 -> 1519 | CZ26: =+CZ25+145 -> 1519 | DA26: =+DA25+145 -> 1519 | DB26: =+DB25+145 -> 1519 | DC26: =+DC25+145 -> 1519 | DD26: =+DD25+145 -> 1519 | DE26: =+DE25+210 -> 1584 | DF26: =+DF25+210 -> 1584 | DG26: =+DG25+210 -> 1587 | DH26: =+DH25+210 -> 1587 | DI26: =+DI25+210 -> 1587 | DJ26: =+DJ25+210 -> 1587 | DK26: =+DK25+210 -> 1587 | DL26: =+DL25+210 -> 1587 | ... EB26: =+EB25+210 -> 1587 | EC26: =+EC25+72 -> 1382 | ED26: =+ED25+72 -> 1382 | EE26: =+EE25+72 -> 1382 | EF26: =+EF25+72 -> 1382 | EG26: =+EG25+72 -> 1382 | EH26: =+EH25+72 -> 1382 | EI26: =+EI25+72 -> 1382 | EJ26: =+EJ25+72 -> 1382 | EK26: =+EK25+72 -> 1382 | EL26: =+EL25 -> 1310 | EM26: =+EM25 -> 1310 | EN26: =+EN25 -> 1310 | EO26: =+EO25 -> 1310 | EP26: =+EP25 -> 1310 | EQ26: =+EQ25 -> 1310 | ER26: =+ER25 -> 1310 | ES26: =+ES25 -> 1310 | ... FE26: =+FE25 -> 1261 | FF26: 1323 | FG26: 1323 | FH26: 1323 | FI26: 1323 | FJ26: 1323 | FK26: 1323 | FL26: 1323 | FM26: 1306 | FN26: 1306 | FO26: 1306 | FP26: 1306 | FQ26: 1306 | FR26: =+FR25 -> 1291 | FS26: =+FS25 -> 1291 | FT26: =+FT25 -> 1291 | FU26: =+FU25 -> 1282 | FV26: =+FV25 -> 1282 | FW26: =+FW25 -> 1282 | FX26: =+FX25 -> 1282 | FY26: =+FY25 -> 1282 | ... JB26: =+JB25 -> 1076.7141
H27: Điểm hòa vốn có rework | U27: =U26+210 -> 1587 | V27: =V26+210 -> 1587 | W27: =W26+210 -> 1587 | X27: =X26+210 -> 1587 | Y27: =Y26+210 -> 1587 | Z27: =Z26+210 -> 1587 | AA27: =AA26+210 -> 1587 | AB27: =AB26+210 -> 1587 | ... AT27: =AT26+210 -> 1520 | AU27: =AU26 -> 1310 | AV27: =AV26 -> 1268 | AW27: =AW26 -> 1261 | AX27: =AX26 -> 1323 | AY27: =AY26 -> 1323 | AZ27: =AZ26 -> 1306 | BA27: =BA26 -> 1291 | BB27: =BB26 -> 1282 | ... BY27: =BY26 -> 0 | CC27: Giá bán Unilever | DG27: 1575 | DH27: 1575 | DI27: 1575 | DJ27: 1575 | DK27: 1575 | DL27: 1575 | DM27: 1575 | DN27: 1575 | DO27: 1575 | DP27: 1575 | DQ27: 1575 | DR27: 1575 | DS27: 1575 | DT27: 1530 | DU27: 1530 | DV27: 1530 | DW27: 1530 | DX27: 1530 | DY27: 1530 | DZ27: 1530 | EA27: 1530 | EB27: 1530 | EC27: 1530 | ED27: 1530 | EE27: 1530 | EF27: 1530 | EG27: 1530 | EH27: 1530 | EI27: 1530 | EJ27: 1530 | EK27: 1530 | EL27: 1530 | EM27: 1530 | EN27: 1530 | EO27: 1530 | EP27: 1530 | EQ27: 1530 | ER27: 1530 | ES27: 1530 | ET27: 1530 | EU27: 1530 | EV27: 1530 | EW27: 1530 | EX27: 1530 | EY27: 1530 | EZ27: 1530 | FA27: 1530 | FB27: 1530 | FC27: 1530 | FD27: 1530 | FE27: 1530 | FF27: 1530 | FG27: 1500 | FH27: 1500 | FI27: 1500 | FJ27: 1500 | FK27: 1500 | FL27: 1500 | FM27: 1500 | FN27: 1500 | FO27: 1500 | FP27: 1500 | FQ27: 1430 | FR27: 1430 | FS27: 1430 | FT27: 1430 | FU27: 1430 | FV27: 1430 | FW27: 1430 | FX27: 1430
AQ28: =AQ26*0.3*0.29%+AQ26 -> 1378.198 | AR28: =AR26*0.3*0.29%+AR26 -> 1316.1441 | AS28: =AS26*0.3*0.29%+AS26 -> 1307.1362 | AT28: =AT26*0.3*0.29%+AT26 -> 1311.1397 | AU28: =AU26*0.3*0.29%+AU26 -> 1311.1397 | AV28: =AV26 -> 1268 | AW28: =AW26 -> 1261 | AX28: =AX26 -> 1323 | AY28: =AY26 -> 1323 | AZ28: =AZ26 -> 1306 | BA28: =BA26 -> 1291 | BB28: =BB26 -> 1282 | BC28: =BC26 -> 1285 | ... BY28: =BY26 -> 0
H29: Giá bán Dafong | AL29: 1422 | AM29: 1422 | AN29: 1422 | AO29: 1422 | AP29: 1422 | AQ29: 1396 | AR29: 1396 | AS29: 1396 | AT29: 1396 | AU29: 1371 | AV29: 1371 | AW29: 1358 | AX29: 1358 | AY29: 1358 | AZ29: 1358 | BA29: 1358 | BB29: 1359 | BC29: 1359 | BD29: 1359 | BE29: 1359 | BF29: 1359 | BG29: 1359 | BH29: 1359 | BI29: 1359 | BJ29: 1359 | BK29: 1359 | BL29: 1359 | BM29: 1359 | BN29: 1359 | BO29: 1359 | BP29: 1359 | BQ29: 1359 | BR29: 1359 | BS29: 1359 | BT29: 1359 | BU29: 1359 | BV29: 1359 | BW29: 1359 | BX29: 1359 | BY29: 1359
F43: Giá thị trường chính phẩm | G43: $ /tấn | U43: =U20 -> 1185 | V43: =V20 -> 1297.5 | W43: =W20 -> 1386 | X43: =X20 -> 1390 | Y43: =Y20 -> 1320 | Z43: =Z20 -> 1327 | AA43: =AA20 -> 1248 | AB43: =AB20 -> 1230 | ... AI43: =AI20 -> 1065 | AJ43: 1065 | AM43: =AM20 -> 1092.5
F44: Giá keo chính phẩm +15% | G44: $ /tấn | U44: =U20*1.15 -> 1362.75 | V44: =V20*1.15 -> 1492.125 | W44: =W20*1.15 -> 1593.9 | X44: =X20*1.15 -> 1598.5 | Y44: =Y20*1.15 -> 1518 | Z44: =Z20*1.15 -> 1526.05 | AA44: =AA20*1.15 -> 1435.2 | AB44: =AB20*1.15 -> 1414.5 | ... AI44: =AI20*1.15 -> 1224.75 | AM44: =AM20*1.15 -> 1256.375
F45: ICIS | G45: $ /tấn | U45: =U16 -> 1313 | V45: =V16 -> 1302 | W45: =W16 -> 1360 | X45: =X16 -> 1397 | Y45: =Y16 -> 1425 | Z45: =Z16 -> 1493 | AA45: =AA16 -> 1473 | AB45: =AB16 -> 1474 | ... AI45: =AI16 -> 1431.5 | AM45: =AM16 -> 1247.5
F46: Giá Dafon FOB Taiwan | G46: $ /tấn | U46: =U19 -> 1475 | V46: =V19 -> 1475 | W46: =W19 -> 1475 | X46: =X19 -> 1475 | Y46: =Y19 -> 1460 | Z46: =Z19 -> 1555 | AA46: =AA19 -> 1555 | AB46: =AB19 -> 1555 | ... AI46: =AI19 -> 1524 | AM46: =AM19 -> 1422

Sheet HD thổi-tháng
X8: Giá bán cho U
X11: Giá bán của DTR
X13: Giá FOB Dafon ( Anh 12 cung cấp)
X16: Giá FOB Dafon Taiwan
X19: Giá bán DTR

Sheet HD thổi_tuần

Sheet Ma trận HDPE Ép
F3: MA TRẬN GIÁ BÁN rHD ÉP | H3: MA TRẬN GIÁ BÁN rHD ÉP | BB3: 2023 | BF3: 07.02 | BG3: 14.02 | BH3: 21.02 | BI3: 28.02 | BJ3: 7.03 | BK3: 14.03 | BL3: 21.03 | BM3: 28.03 | BN3: 30.03 | BO3: 6.04 | BP3: 13.04 | BQ3: 20.04 | BR3: 27.04 | BS3: 4.05 | BU3: 23.05 | BV3: 30.05 | BW3: 6.06 | BX3: 12.06 | BY3: 20.06 | DA3: 2024 | EY3: 2025
F4: Tỷ giá | I4: 24000 | J4: 24000 | K4: 24000 | L4: 24000 | M4: 24000 | N4: 24000 | O4: 24000 | P4: 24000 | Q4: 24000 | R4: 24000 | S4: 24000 | T4: 24000 | BA4: 24000 | BB4: 24000 | BC4: 24000 | BD4: 24000 | BE4: 24000 | BF4: 24000 | BG4: 24000 | BH4: 24000 | BI4: 24000 | BJ4: 24000 | BK4: 24000 | BL4: 24000 | BM4: 24000 | BN4: 24000 | BO4: 24000 | BP4: 24000 | BQ4: 24000 | BR4: 24000 | BS4: 24000 | BT4: 24000 | BU4: 24000 | BV4: 24000 | BW4: 24000 | BX4: 24000 | BY4: 24000 | BZ4: 24000 | CA4: 24000 | CB4: 24000 | CC4: 24000 | CD4: 24000 | CE4: 24000 | CF4: 24000 | CG4: 24000 | CH4: 24000 | CI4: 24000 | CJ4: 24000 | CK4: 24000 | CL4: 24000 | CM4: 24000 | CN4: 24000 | CO4: 24000 | CP4: 24000 | CQ4: 24000 | CR4: 24000 | CS4: 24000 | CT4: 24000 | CU4: 24000 | CV4: 24000 | CW4: 24000 | CX4: 24000 | CY4: 24000 | CZ4: 24000 | DA4: 24000 | DB4: 24000 | DC4: 24000 | DD4: 24000 | GX4: 2026
A5: Stt | B5: Mã SAP | C5: Tên hàng hóa SAP | D5: Mã SP | E5: Tên sản phẩm | F5: Diễn giải | G5: Đơn vị tính | H5: Diễn giải | I5: T1/23 | J5: 2 | K5: 3 | L5: 4 | M5: 5 | N5: 6 | O5: 7 | P5: 8 | Q5: 9 | R5: 10 | S5: 11 | T5: 12 | U5: T1.24 | V5: 2 | W5: 3 | X5: 4 | Y5: 5 | Z5: 6 | AA5: 7 | AB5: 8 | AC5: 9 | AD5: 10 | AE5: 11 | AF5: 12 | AG5: T1.25 | AH5: 2 | AI5: 3 | AJ5: 4 | AK5: 5 | AL5: 6 | AM5: 7 | AN5: 8 | AO5: 9 | AP5: 10 | AQ5: 11 | AR5: 12 | AS5: T1.26 | AT5: 2 | AU5: 3 | AV5: 4 | AX5: Mã SP | AY5: Tên sản phẩm | AZ5: Diễn giải | BA5: 52 | BB5: 1 | BC5: 2 | BD5: 3 | BE5: 5 | BF5: 6 | BG5: 7 | BH5: 8 | BI5: 9 | BJ5: 10 | BK5: 11 | BL5: 12 | BM5: 13 | BN5: 14 | BO5: 15 | BP5: 16 | BQ5: 17 | BR5: 18 | BS5: 19 | BT5: 20 | BU5: 21 | BV5: 22 | BW5: 23 | BX5: 24 | BY5: 25 | BZ5: 26 | CA5: 27 | CB5: 28 | CC5: 29 | CD5: 30 | CE5: 31 | CF5: 32 | CG5: 33 | CH5: 34 | CI5: 35 | CJ5: 36 | CK5: 37 | CL5: 38 | CM5: 39 | CN5: 40 | CO5: 41 | CP5: 42 | CQ5: 43 | CR5: 44 | CS5: 45 | CT5: 46 | CU5: 47 | CV5: 48 | CW5: 49 | CX5: 50 | CY5: 51 | CZ5: 52 | DA5: 1/24 | DB5: 02 | DC5: 03 | DD5: 04 | DE5: 05 | DF5: 08 | DG5: 09 | DH5: 10 | DI5: 11 | DJ5: 12 | DK5: 13 | DL5: 14 | DM5: 15 | DN5: 16 | DO5: 17 | DP5: 18 | DQ5: 19 | DR5: 20 | DS5: 21 | DT5: 22 | DU5: 23 | DV5: 24 | DW5: 25 | DX5: 26 | DY5: 27 | DZ5: 28 | EA5: 29 | EB5: 30 | EC5: 31 | ED5: 32 | EE5: 33 | EF5: 34 | EG5: 35 | EH5: 36 | EI5: 37 | EJ5: 38 | EK5: 39 | EL5: 40 | EM5: 41 | EN5: 42 | EO5: 43 | EP5: 44 | EQ5: 45 | ER5: 46 | ES5: 47 | ET5: 48 | EU5: 49 | EV5: 50 | EW5: 51 | EX5: 52 | EY5: 01 | EZ5: 02 | FA5: 03 | FB5: 04 | FC5: 06 | FD5: 07 | FE5: 08 | FF5: 09 | FG5: 10 | FH5: 11 | FI5: 12 | FJ5: 13 | FK5: 14 | FL5: 15 | FM5: 16 | FN5: 17 | FO5: 18 | FP5: 19 | FQ5: 20 | FR5: 21 | FS5: 22 | FT5: 23 | FU5: 24 | FV5: 25 | FW5: 26 | FX5: 27 | FY5: 28 | FZ5: 29 | GA5: 30 | GB5: 31 | GC5: 32 | GD5: 33 | GE5: 34 | GF5: 35 | GG5: 36 | GH5: 37 | GI5: 38 | GJ5: 39 | GK5: 40 | GL5: 41 | GM5: 42 | GN5: 43 | GO5: 44 | GP5: 45 | GQ5: 46 | GR5: 47 | GS5: 48 | GT5: 49 | GU5: 50 | GV5: 51 | GW5: 52 | GX5: 01 | GY5: 02 | GZ5: 03 | HA5: 04 | HB5: 05 | HC5: 06 | HD5: 07 | HE5: 08 | HF5: 09 | HG5: 10 | HH5: 11 | HI5: 12 | HJ5: 13
D6: A4 | E6: A4 - Vảy PET tuyển -RL mua ngoài | F6: Vảy PP tuyển mua ngoài - ICIS | G6: $ /tấn | H6: =F6 -> Vảy PP tuyển mua ngoài - ICIS | AY6: A4 - Vảy PET tuyển -RL mua ngoài | AZ6: =F6 -> Vảy PP tuyển mua ngoài - ICIS
A7: 5 | B7: 110000329 | C7: Hạt rPET WSS01 | E7: WSS01 - Hạt rPET (IV 0.78) | F7: DTR (dương đậm) | G7: $ /tấn | H7: DTR (PTBV) | I7: =+SUM(BB7:BE7)/COUNT(BB7:BE7) -> 1250 | J7: =+SUM(BF7:BI7)/COUNT(BF7:BI7) -> 1250 | K7: 1250 | L7: 1250 | M7: 1250 | N7: 1250 | O7: =CA7 -> 1250 | P7: =CB7 -> 1250 | Q7: =CC7 -> 1250 | R7: 1250 | S7: 1250 | T7: 1250 | U7: 1250 | V7: 1250 | W7: 1250 | X7: 1250 | Y7: 1250 | Z7: 1250 | AA7: 1250 | AB7: 1250 | AC7: 1250 | AD7: =+SUM(EM7:EO7)/COUNT(EM7:EO7) -> 1250 | AE7: =+SUM(EP7:ET7)/COUNT(EP7:ET7) -> 1250 | AF7: =+SUM(EU7:EX7)/COUNT(EU7:EX7) -> 1250 | AG7: =+SUM(EY7:FB7)/COUNT(EY7:FB7) -> 1250 | AH7: 1250 | AI7: 1045 | AJ7: 1045 | AK7: 990 | AL7: 990 | AY7: WSS01 - Hạt rPET (IV 0.78) | AZ7: DTR (PTBV) | BA7: 1250 | BB7: 1250 | BC7: 1250 | BD7: 1250 | BE7: 1250 | BF7: 1250 | BG7: 1250 | BH7: 1250 | BI7: 1250 | BJ7: 1250 | BK7: 1250 | BL7: 1250 | BM7: 1250 | BN7: 1250 | BO7: 1250 | BP7: 1250 | BQ7: 1250 | BR7: 1250 | BS7: 1250 | BT7: 1250 | BU7: 1250 | BV7: 1250 | BW7: 1250 | BX7: 1250 | BY7: 1250 | BZ7: 1250 | CA7: 1250 | CB7: 1250 | CC7: 1250 | CD7: 1250 | CE7: 1250 | CF7: 1250 | CG7: 1250 | CH7: 1250 | CI7: 1250 | CJ7: 1250 | CK7: 1250 | CL7: 1250 | CM7: 1250 | CN7: 1250 | CO7: 1250 | CP7: 1250 | CQ7: 1250 | CR7: 1250 | CS7: 1250 | CT7: 1250 | CU7: 1250 | CV7: 1250 | CW7: 1250 | CX7: 1250 | CY7: 1250 | CZ7: 1250 | DA7: 1250 | DB7: 1250 | DC7: 1250 | DD7: 1250 | DE7: 1250 | DF7: 1250 | DG7: 1250 | DH7: 1250 | DI7: 1250 | DJ7: 1250 | DK7: 1250 | DL7: 1250 | DM7: 1250 | DN7: 1250 | DO7: 1250 | DP7: 1250 | DQ7: 1250 | DR7: 1250 | DS7: 1250 | DT7: 1250 | DU7: 1250 | DV7: 1250 | DW7: 1250 | DX7: 1250 | DY7: 1250 | DZ7: 1250 | EA7: 1250 | EB7: 1250 | EC7: 1250 | ED7: 1250 | EE7: 1250 | EF7: 1250 | EG7: 1250 | EH7: 1250 | EI7: 1250 | EJ7: 1250 | EK7: 1250 | EL7: 1250 | EM7: 1250 | EN7: 1250 | EO7: 1250 | EP7: 1250 | EQ7: 1250 | ER7: 1250 | ES7: 1250 | ET7: 1250 | EU7: 1250 | EV7: 1250 | EW7: 1250 | EX7: 1250 | EY7: 1250 | EZ7: 1250 | FA7: 1250 | FB7: 1250 | FC7: 1250 | FD7: 1250 | FE7: 1250 | FF7: 1250 | FG7: 1045 | FH7: 1045 | FI7: 1045 | FJ7: 1045 | FK7: 1045 | FL7: 1045 | FM7: 1045 | FN7: 1045 | FO7: 990 | FP7: 990 | FQ7: 990 | FR7: 990 | FS7: 990 | FT7: 990 | FU7: 990 | FV7: 990 | FW7: 990
F8: DTR-nội địa | H8: DTR-nội địa | U8: 950 | V8: 950 | W8: 950 | X8: 950 | Y8: 920 | Z8: 920 | AA8: 920 | AB8: 920 | AC8: 890 | AD8: =+SUM(EM8:EO8)/COUNT(EM8:EO8) -> 880 | AE8: =+SUM(EP8:ET8)/COUNT(EP8:ET8) -> 870 | AF8: =+SUM(EU8:EX8)/COUNT(EU8:EX8) -> 870 | AG8: =+SUM(EY8:FB8)/COUNT(EY8:FB8) -> 870 | AH8: 800 | AI8: 805 | AJ8: 805 | AK8: 765 | AL8: 765 | AM8: 780 | AN8: =780-20 -> 760 | AO8: =780-20 -> 760 | AP8: =780-20 -> 760 | AQ8: 740 | AR8: 740 | AS8: 740 | AT8: 740 | AU8: 740 | AZ8: DTR-nội địa | BB8: 950 | BC8: 950 | BD8: 950 | BE8: 950 | BF8: 950 | BG8: 950 | BH8: 950 | BI8: 950 | BJ8: 950 | BK8: 950 | BL8: 950 | BM8: 950 | BN8: 950 | BO8: 950 | BP8: 950 | BQ8: 950 | BR8: 950 | BS8: 950 | BT8: 950 | BU8: 950 | BV8: 950 | BW8: 950 | BX8: 950 | BY8: 950 | BZ8: 950 | CA8: 950 | CB8: 950 | CC8: 950 | CD8: 950 | CE8: 950 | CF8: 950 | CG8: 950 | CH8: 950 | CI8: 950 | CJ8: 950 | CK8: 950 | CL8: 950 | CM8: 950 | CN8: 950 | CO8: 950 | CP8: 950 | CQ8: 950 | CR8: 950 | CS8: 950 | CT8: 950 | CU8: 950 | CV8: 950 | CW8: 950 | CX8: 950 | CY8: 950 | CZ8: 950 | DA8: 950 | DB8: 950 | DC8: 950 | DD8: 950 | DE8: 950 | DF8: 950 | DG8: 950 | DH8: 950 | DI8: 950 | DJ8: 950 | DK8: 950 | DL8: 950 | DM8: 950 | DN8: 950 | DO8: 950 | DP8: 920 | DQ8: 920 | DR8: 920 | DS8: 920 | DT8: 920 | DU8: 920 | DV8: 920 | DW8: 920 | DX8: 920 | DY8: 920 | DZ8: 920 | EA8: 920 | EB8: 920 | EC8: 920 | ED8: 920 | EE8: 920 | EF8: 920 | EG8: 920 | EH8: 890 | EI8: 890 | EJ8: 890 | EK8: 890 | EL8: 880 | EM8: 880 | EN8: 880 | EO8: 880 | EP8: 870 | EQ8: 870 | ER8: 870 | ES8: 870 | ET8: 870 | EU8: 870 | EV8: 870 | EW8: 870 | EX8: 870 | EY8: 870 | EZ8: 870 | FA8: 870 | FB8: 870 | FC8: 870 | FD8: 870 | FE8: 870 | FF8: 870 | FG8: 805 | FH8: 805 | FI8: 805 | FJ8: 805 | FK8: 805 | FL8: 805 | FM8: 805 | FN8: 805 | FO8: 765 | FP8: 765 | FQ8: 765 | FR8: 765 | FS8: 765 | FT8: 765 | FU8: 765 | FV8: 765 | FW8: 765 | FX8: 780 | FY8: 780 | FZ8: 780 | GA8: 780 | GB8: 780 | GC8: =780-20 -> 760 | GD8: =780-20 -> 760 | GE8: =780-20 -> 760 | GF8: =780-20 -> 760 | GG8: =780-20 -> 760 | GH8: =780-20 -> 760 | GI8: =780-20 -> 760 | GJ8: =780-20 -> 760 | ... GO8: =780-20 -> 760 | GP8: 740 | GQ8: 740 | GR8: 740 | GS8: 740 | GT8: 740 | GU8: 740 | GV8: 740 | GW8: 740 | GX8: 740 | GY8: 740 | GZ8: 740 | HA8: 740 | HB8: 740 | HC8: 740 | HD8: 740 | HE8: 740 | HF8: 740 | HG8: 740 | HH8: 740 | HI8: =740+50 -> 790 | HJ8: =740+50 -> 790
F9: DTR FOB rHD Ép- màu dương đậm | H9: DTR FOB rHD Ép- màu dương đậm | I9: =+SUM(BB9:BE9)/COUNT(BB9:BE9) -> 1290 | J9: =+SUM(BF9:BI9)/COUNT(BF9:BI9) -> 1290 | K9: =K7+40 -> 1290 | L9: =L7+40 -> 1290 | M9: =M7+40 -> 1290 | N9: =N7+40 -> 1290 | O9: =CA9 -> 1290 | P9: =CB9 -> 1290 | Q9: =CC9 -> 1290 | R9: =R7+40 -> 1290 | S9: =S7+40 -> 1290 | T9: =T7+40 -> 1290 | U9: =U7+40 -> 1290 | V9: =V7+40 -> 1290 | W9: =W7+40 -> 1290 | X9: =X7+40 -> 1290 | Y9: =Y7+40 -> 1290 | ... AC9: =AC7+40 -> 1290 | AD9: =+SUM(EM9:EO9)/COUNT(EM9:EO9) -> 1290 | AE9: =+SUM(EP9:ET9)/COUNT(EP9:ET9) -> 1290 | AF9: =+SUM(EU9:EX9)/COUNT(EU9:EX9) -> 1290 | AG9: =+SUM(EY9:FB9)/COUNT(EY9:FB9) -> 1290 | AH9: =AH7+20 -> 1270 | AI9: =AI7+22 -> 1067 | AJ9: =AJ7+22 -> 1067 | AK9: =AK7+22 -> 1012 | AL9: =AL7+22 -> 1012 | AM9: =AM7+22 -> 22 | AN9: =AN7+22 -> 22 | AO9: =AO7+22 -> 22 | AP9: =AP7+22 -> 22 | ... AU9: =AU7+22 -> 22 | AZ9: DTR FOB rHD Ép- màu dương đậm | BA9: =+BA7+40 -> 1290 | BB9: =+BB7+40 -> 1290 | BC9: =+BC7+40 -> 1290 | BD9: =+BD7+40 -> 1290 | BE9: =+BE7+40 -> 1290 | BF9: =+BF7+40 -> 1290 | BG9: =+BG7+40 -> 1290 | BH9: =+BH7+40 -> 1290 | ... HB9: =+HB7+40 -> 40
F10: DTR (màu trắng& đỏ) | H10: DTR (màu trắng& đỏ) | K10: 1310 | L10: 1310 | M10: 1310 | N10: 1310 | O10: =CA10 -> 1310 | P10: =CB10 -> 1310 | Q10: =CC10 -> 1310 | R10: 1310 | S10: 1310 | T10: 1310 | U10: 1310 | V10: 1310 | W10: 1310 | X10: 1310 | Y10: 1310 | Z10: 1310 | AA10: 1310 | AB10: 1310 | AC10: 1310 | AD10: =+SUM(EM10:EO10)/COUNT(EM10:EO10) -> 1310 | AE10: =+SUM(EP10:ET10)/COUNT(EP10:ET10) -> 1310 | AF10: =+SUM(EU10:EX10)/COUNT(EU10:EX10) -> 1310 | AG10: =+SUM(EY10:FB10)/COUNT(EY10:FB10) -> 1310 | AH10: =+SUM(FC10:FG10)/COUNT(FC10:FG10) -> 1310 | AI10: =+SUM(FD10:FH10)/COUNT(FD10:FH10) -> 1310 | AJ10: =+SUM(FE10:FI10)/COUNT(FE10:FI10) -> 1310 | AK10: =+SUM(FF10:FJ10)/COUNT(FF10:FJ10) -> 1310 | AL10: =+SUM(FG10:FK10)/COUNT(FG10:FK10) -> 1310 | AM10: =+SUM(FH10:FL10)/COUNT(FH10:FL10) -> 1310 | AN10: =+SUM(FI10:FM10)/COUNT(FI10:FM10) -> 1310 | AO10: =+SUM(FJ10:FN10)/COUNT(FJ10:FN10) -> 1310 | ... AU10: =+SUM(FP10:FT10)/COUNT(FP10:FT10) -> 1310 | AZ10: DTR-xuất hóa đơn (màu trắng& đỏ) | BB10: 1310 | BC10: 1310 | BD10: 1310 | BE10: 1310 | BF10: 1310 | BG10: 1310 | BH10: 1310 | BI10: 1310 | BJ10: 1310 | BK10: 1310 | BL10: 1310 | BM10: 1310 | BN10: 1310 | BO10: 1310 | BP10: 1310 | BQ10: 1310 | BR10: 1310 | BS10: 1310 | BT10: 1310 | BU10: 1310 | BV10: 1310 | BW10: 1310 | BX10: 1310 | BY10: 1310 | BZ10: 1310 | CA10: 1310 | CB10: 1310 | CC10: 1310 | CD10: 1310 | CE10: 1310 | CF10: 1310 | CG10: 1310 | CH10: 1310 | CI10: 1310 | CJ10: 1310 | CK10: 1310 | CL10: 1310 | CM10: 1310 | CN10: 1310 | CO10: 1310 | CP10: 1310 | CQ10: 1310 | CR10: 1310 | CS10: 1310 | CT10: 1310 | CU10: 1310 | CV10: 1310 | CW10: 1310 | CX10: 1310 | CY10: 1310 | CZ10: 1310 | DA10: 1310 | DB10: 1310 | DC10: 1310 | DD10: 1310 | DE10: 1310 | DF10: 1310 | DG10: 1310 | DH10: 1310 | DI10: 1310 | DJ10: 1310 | DK10: 1310 | DL10: 1310 | DM10: 1310 | DN10: 1310 | DO10: 1310 | DP10: 1310 | DQ10: 1310 | DR10: 1310 | DS10: 1310 | DT10: 1310 | DU10: 1310 | DV10: 1310 | DW10: 1310 | DX10: 1310 | DY10: 1310 | DZ10: 1310 | EA10: 1310 | EB10: 1310 | EC10: 1310 | ED10: 1310 | EE10: 1310 | EF10: 1310 | EG10: 1310 | EH10: 1310 | EI10: 1310 | EJ10: 1310 | EK10: 1310 | EL10: 1310 | EM10: 1310 | EN10: 1310 | EO10: 1310 | EP10: 1310 | EQ10: 1310 | ER10: 1310 | ES10: 1310 | ET10: 1310 | EU10: 1310 | EV10: 1310 | EW10: 1310 | EX10: 1310 | EY10: 1310 | EZ10: 1310 | FA10: 1310 | FB10: 1310 | FC10: 1310 | FD10: 1310 | FE10: 1310 | FF10: 1310 | FG10: 1310 | FH10: 1310 | FI10: 1310 | FJ10: 1310 | FK10: 1310 | FL10: 1310 | FM10: 1310 | FN10: 1310 | FO10: 1310 | FP10: 1310 | FQ10: 1310 | FR10: 1310 | FS10: 1310 | FT10: 1310 | FU10: 1310 | FV10: 1310 | FW10: 1310 | FX10: 1310 | FY10: 1310 | FZ10: 1310 | GA10: 1310 | GB10: 1310 | GC10: 1310 | GD10: 1310 | GE10: 1310 | GF10: 1310 | GG10: 1310 | GH10: 1310 | GI10: 1310 | GJ10: 1310 | GK10: 1310 | GL10: 1310 | GM10: 1310 | GN10: 1310 | GO10: 1310 | GP10: 1310 | GQ10: 1310 | GR10: 1310 | GS10: 1310 | GT10: 1310 | GU10: 1310 | GV10: 1310 | GW10: 1310 | GX10: 1310 | GY10: 1310 | GZ10: 1310 | HA10: 1310 | HB10: 1310
F11: DTR FOB rHD Ép- màu trắng& đỏ | H11: DTR FOB rHD Ép- màu trắng& đỏ | K11: =K10+40 -> 1350 | L11: =L10+40 -> 1350 | M11: =M10+40 -> 1350 | N11: =N10+40 -> 1350 | O11: =CA11 -> 1350 | P11: =CB11 -> 1350 | Q11: =CC11 -> 1350 | R11: =R10+40 -> 1350 | S11: =S10+40 -> 1350 | T11: =T10+40 -> 1350 | U11: =U10+40 -> 1350 | V11: =V10+40 -> 1350 | W11: =W10+40 -> 1350 | X11: =X10+40 -> 1350 | Y11: =Y10+40 -> 1350 | ... AC11: =AC10+40 -> 1350 | AD11: =+SUM(EM11:EO11)/COUNT(EM11:EO11) -> 1350 | AE11: =+SUM(EP11:ET11)/COUNT(EP11:ET11) -> 1350 | AF11: =+SUM(EU11:EX11)/COUNT(EU11:EX11) -> 1350 | AG11: =+SUM(EY11:FB11)/COUNT(EY11:FB11) -> 1350 | AH11: =+SUM(FC11:FG11)/COUNT(FC11:FG11) -> 1350 | AI11: =+SUM(FD11:FH11)/COUNT(FD11:FH11) -> 1350 | AJ11: =+SUM(FE11:FI11)/COUNT(FE11:FI11) -> 1350 | AK11: =+SUM(FF11:FJ11)/COUNT(FF11:FJ11) -> 1350 | AL11: =+SUM(FG11:FK11)/COUNT(FG11:FK11) -> 1350 | AM11: =+SUM(FH11:FL11)/COUNT(FH11:FL11) -> 1350 | AN11: =+SUM(FI11:FM11)/COUNT(FI11:FM11) -> 1350 | AO11: =+SUM(FJ11:FN11)/COUNT(FJ11:FN11) -> 1350 | ... AU11: =+SUM(FP11:FT11)/COUNT(FP11:FT11) -> 1350 | AZ11: DTR FOB rHD Ép- màu trắng& đỏ | BB11: =BB10+40 -> 1350 | BC11: =BC10+40 -> 1350 | BD11: =BD10+40 -> 1350 | BE11: =BE10+40 -> 1350 | BF11: =BF10+40 -> 1350 | BG11: =BG10+40 -> 1350 | BH11: =BH10+40 -> 1350 | BI11: =BI10+40 -> 1350 | ... HB11: =HB10+40 -> 1350
A12: 9 | D12: ICIS | E12: ICIS giá rPET ($ /tấn) | F12: Hạt rHD ép (Châu Âu)-ICIS | G12: $ /tấn | H12: =F12 -> Hạt rHD ép (Châu Âu)-ICIS | I12: =+SUM(BB12:BE12)/COUNT(BB12:BE12) -> 1808.075 | J12: =+SUM(BF12:BI12)/COUNT(BF12:BI12) -> 1790.9825 | K12: =+SUM(BJ12:BN12)/COUNT(BJ12:BN12) -> 1811.176 | L12: =+SUM(BO12:BR12)/COUNT(BO12:BR12) -> 1850.0975 | M12: =+SUM(BS12:BV12)/COUNT(BS12:BV12) -> 1812.975 | N12: =+SUM(BW12:BZ12)/COUNT(BW12:BZ12) -> 1828.0925 | O12: =+SUM(CA12:CD12)/COUNT(CA12:CD12) -> 1851.3875 | P12: =+SUM(CE12:CI12)/COUNT(CE12:CI12) -> 1836.61 | Q12: =+SUM(CJ12:CM12)/COUNT(CJ12:CM12) -> 1800.0175 | R12: =+SUM(CN12:CQ12)/COUNT(CN12:CQ12) -> 1790.5 | S12: =+SUM(CR12:CU12)/COUNT(CR12:CU12) -> 1790.5 | T12: =+SUM(CV12:CZ12)/COUNT(CV12:CZ12) -> 1790.5 | AX12: ICIS | AY12: ICIS giá rPET ($ /tấn) | AZ12: =H12 -> Hạt rHD ép (Châu Âu)-ICIS | BA12: =#REF! -> #REF! | BB12: 1766.9 | BC12: 1815.71 | BD12: 1812.54 | BE12: 1837.15 | BF12: 1808.07 | BG12: 1793.1 | BH12: 1780.19 | BI12: 1782.57 | BJ12: 1775.65 | BK12: 1784.19 | BL12: 1829.54 | BM12: 1831.03 | BN12: 1835.47 | BO12: 1857.14 | BP12: 1842.99 | BQ12: 1850.83 | BR12: 1849.43 | BS12: 1833.85 | BT12: 1810.28 | BU12: 1801.57 | BV12: 1806.2 | BW12: 1811.01 | BX12: 1836.62 | BY12: 1836.62 | BZ12: 1828.12 | CA12: 1828.12 | CB12: 1826.4 | CC12: 1880.29 | CD12: 1870.74 | CE12: 1848.04 | CF12: 1838.9 | CG12: 1850.63 | CH12: 1826.65 | CI12: 1818.83 | CJ12: 1820.88 | CK12: 1798.19 | CL12: 1790.5 | CM12: 1790.5 | CN12: 1790.5 | CO12: 1790.5 | CP12: 1790.5 | CQ12: 1790.5 | CR12: 1790.5 | CS12: 1790.5 | CT12: 1790.5 | CU12: 1790.5 | CV12: 1790.5 | CW12: 1790.5 | CX12: 1790.5 | CY12: 1790.5 | CZ12: 1790.5
D13: Anh 12 | F13: RESIN | G13: $ /tấn | H13: =F13 -> RESIN | I13: =+SUM(BB13:BE13)/COUNT(BB13:BE13) -> 1017.5 | J13: =+SUM(BF13:BI13)/COUNT(BF13:BI13) -> 1092.5 | K13: =+SUM(BJ13:BN13)/COUNT(BJ13:BN13) -> 1068 | L13: =+SUM(BO13:BR13)/COUNT(BO13:BR13) -> 1050 | M13: =+SUM(BS13:BV13)/COUNT(BS13:BV13) -> 1042.5 | N13: =+SUM(BW13:BZ13)/COUNT(BW13:BZ13) -> 970 | O13: =+SUM(CA13:CD13)/COUNT(CA13:CD13) -> 960 | P13: =+SUM(CE13:CI13)/COUNT(CE13:CI13) -> 1008 | Q13: =+SUM(CJ13:CM13)/COUNT(CJ13:CM13) -> 1027.5 | R13: =+SUM(CN13:CQ13)/COUNT(CN13:CQ13) -> 1020 | S13: =+SUM(CR13:CU13)/COUNT(CR13:CU13) -> 955 | T13: =+SUM(CV13:CZ13)/COUNT(CV13:CZ13) -> 900 | U13: =+SUM(DA13:DD13)/COUNT(DA13:DD13) -> 947.5 | V13: =+SUM(DE13:DG13)/COUNT(DE13:DG13) -> 1010 | W13: =+SUM(DH13:DK13)/COUNT(DH13:DK13) -> 995 | X13: =+SUM(DL13:DO13)/COUNT(DL13:DO13) -> 975 | Y13: =+SUM(DP13:DT13)/COUNT(DP13:DT13) -> 956 | Z13: =+SUM(DU13:DX13)/COUNT(DU13:DX13) -> 980 | AA13: =+SUM(DY13:EB13)/COUNT(DY13:EB13) -> 975 | AB13: =+SUM(EC13:EG13)/COUNT(EC13:EG13) -> 946 | AC13: =+SUM(EH13:EK13)/COUNT(EH13:EK13) -> 932.5 | AD13: =+SUM(EM13:EO13)/COUNT(EM13:EO13) -> 926.66667 | AE13: =+SUM(EP13:ET13)/COUNT(EP13:ET13) -> 940 | AF13: =+SUM(EU13:EX13)/COUNT(EU13:EX13) -> 940 | AG13: =+SUM(EY13:FB13)/COUNT(EY13:FB13) -> 940 | AH13: =+SUM(FC13:FG13)/COUNT(FC13:FG13) -> 946 | AI13: =+SUM(FG13:FJ13)/COUNT(FG13:FJ13) -> 940 | AJ13: =+SUM(FK13:FN13)/COUNT(FK13:FN13) -> 905 | AK13: =+SUM(FO13:FS13)/COUNT(FO13:FS13) -> 908 | AL13: =+SUM(FT13:FW13)/COUNT(FT13:FW13) -> 915 | AM13: =+SUM(FX13:GB13)/COUNT(FX13:GB13) -> 930 | AN13: =+SUM(GC13:GF13)/COUNT(GC13:GF13) -> 930 | AO13: =+SUM(GG13:GJ13)/COUNT(GG13:GJ13) -> 915 | AP13: =+SUM(GK13:GO13)/COUNT(GK13:GO13) -> 870 | AQ13: =+SUM(GP13:GS13)/COUNT(GP13:GS13) -> 840 | AR13: =+SUM(GT13:GW13)/COUNT(GT13:GW13) -> 830 | AS13: =+SUM(GX13:HB13)/COUNT(GX13:HB13) -> 830 | AT13: =+SUM(HC13:HF13)/COUNT(HC13:HF13) -> 830 | AU13: =+SUM(HG13:HJ13)/COUNT(HG13:HJ13) -> 1268.75 | AV13: 1450 | AX13: Anh 12 | AZ13: =H13 -> RESIN | BA13: 1000 | BB13: 940 | BC13: 1020 | BD13: 1030 | BE13: 1080 | BF13: 1100 | BG13: 1100 | BH13: 1090 | BI13: 1080 | BJ13: 1080 | BK13: 1070 | BL13: 1070 | BM13: 1070 | BN13: 1050 | BO13: 1050 | BP13: 1050 | BQ13: 1050 | BR13: 1050 | BS13: 1050 | BT13: 1050 | BU13: 1040 | BV13: 1030 | BW13: 1030 | BX13: 950 | BY13: 950 | BZ13: 950 | CA13: 950 | CB13: 950 | CC13: 970 | CD13: 970 | CE13: 1000 | CF13: 1000 | CG13: 1000 | CH13: 1020 | CI13: 1020 | CJ13: 1020 | CK13: 1030 | CL13: 1030 | CM13: 1030 | CN13: 1030 | CO13: 1030 | CP13: 1020 | CQ13: 1000 | CR13: 980 | CS13: 960 | CT13: 940 | CU13: 940 | CV13: 900 | CW13: 900 | CX13: 900 | CY13: 900 | CZ13: 900 | DA13: 900 | DB13: 930 | DC13: 930 | DD13: 1030 | DE13: 1030 | DF13: 1000 | DG13: 1000 | DH13: 1000 | DI13: 1000 | DJ13: 1000 | DK13: 980 | DL13: 980 | DM13: 980 | DN13: 980 | DO13: 960 | DP13: 950 | DQ13: 950 | DR13: 950 | DS13: 950 | DT13: 980 | DU13: 980 | DV13: 980 | DW13: 980 | DX13: 980 | DY13: 980 | DZ13: 980 | EA13: 980 | EB13: 960 | EC13: 950 | ED13: 950 | EE13: 950 | EF13: 940 | EG13: 940 | EH13: 940 | EI13: 930 | EJ13: 930 | EK13: 930 | EL13: 920 | EM13: 920 | EN13: 920 | EO13: 940 | EP13: 940 | EQ13: 940 | ER13: 940 | ES13: 940 | ET13: 940 | EU13: 940 | EV13: 940 | EW13: 940 | EX13: 940 | EY13: 940 | EZ13: 940 | FA13: 940 | FB13: 940 | FC13: 940 | FD13: 940 | FE13: 950 | FF13: 950 | FG13: 950 | FH13: 950 | FI13: 950 | FJ13: 910 | FK13: 910 | FL13: 900 | FM13: 900 | FN13: 910 | FO13: 910 | FP13: 910 | FQ13: 910 | FR13: 910 | FS13: 900 | FT13: 900 | FU13: 900 | FV13: 930 | FW13: 930 | FX13: 930 | FY13: 930 | FZ13: 930 | GA13: 930 | GB13: 930 | GC13: 930 | GD13: 930 | GE13: 930 | GF13: 930 | GG13: 930 | GH13: 930 | GI13: 930 | GJ13: 870 | GK13: 870 | GL13: 870 | GM13: 870 | GN13: 870 | GO13: 870 | GP13: 870 | GQ13: 830 | GR13: 830 | GS13: 830 | GT13: 830 | GU13: 830 | GV13: 830 | GW13: 830 | GX13: 830 | GY13: 830 | GZ13: 830 | HA13: 830 | HB13: 830 | HC13: 830 | HD13: 830 | HE13: 830 | HF13: 830 | HG13: 975 | HH13: 1250 | HI13: 1400 | HJ13: 1450
H14: TTCP | I14: =I13 -> 1017.5 | J14: =J13 -> 1092.5 | K14: =K13 -> 1068 | L14: =L13 -> 1050 | M14: =M13 -> 1042.5 | N14: =N13 -> 970 | O14: =O13 -> 960 | P14: =P13 -> 1008 | ... AV14: =AV13 -> 1450 | AZ14: TTCP | BA14: =BA13 -> 1000 | BB14: =BB13 -> 940 | BC14: =BC13 -> 1020 | BD14: =BD13 -> 1030 | BE14: =BE13 -> 1080 | BF14: =BF13 -> 1100 | BG14: =BG13 -> 1100 | BH14: =BH13 -> 1090 | ... HJ14: =HJ13 -> 1450
H15: CL | I15: =+I7-I14 -> 232.5 | J15: =+J7-J14 -> 157.5 | K15: =+K7-K14 -> 182 | L15: =+L7-L14 -> 200 | M15: =+M7-M14 -> 207.5 | N15: =+N7-N14 -> 280 | O15: =+O7-O14 -> 290 | P15: =+P7-P14 -> 242 | ... AV15: =+AV7-AV14 -> -1450 | AZ15: CL | BA15: =+BA7-BA14 -> 250 | BB15: =+BB7-BB14 -> 310 | BC15: =+BC7-BC14 -> 230 | BD15: =+BD7-BD14 -> 220 | BE15: =+BE7-BE14 -> 170 | BF15: =+BF7-BF14 -> 150 | BG15: =+BG7-BG14 -> 150 | BH15: =+BH7-BH14 -> 160 | ... HJ15: =+HJ7-HJ14 -> -1450
H16: % | I16: =+I15/I14 -> 0.22850123 | J16: =+J15/J14 -> 0.14416476 | K16: =+K15/K14 -> 0.17041199 | L16: =+L15/L14 -> 0.19047619 | M16: =+M15/M14 -> 0.19904077 | N16: =+N15/N14 -> 0.28865979 | O16: =+O15/O14 -> 0.30208333 | P16: =+P15/P14 -> 0.24007937 | ... AV16: =+AV15/AV14 -> -1 | AZ16: % | BA16: =+BA15/BA14 -> 0.25 | BB16: =+BB15/BB14 -> 0.32978723 | BC16: =+BC15/BC14 -> 0.2254902 | BD16: =+BD15/BD14 -> 0.21359223 | BE16: =+BE15/BE14 -> 0.15740741 | BF16: =+BF15/BF14 -> 0.13636364 | BG16: =+BG15/BG14 -> 0.13636364 | BH16: =+BH15/BH14 -> 0.14678899 | ... HJ16: =+HJ15/HJ14 -> -1
H17: Điểm hòa vốn | I17: 700 | J17: 700 | K17: 700 | L17: 700 | M17: 700 | N17: 700 | O17: 700 | P17: 700 | Q17: 700 | R17: 700 | S17: 700 | T17: 700 | U17: 700 | V17: 700 | W17: 700 | X17: 700 | Y17: 700 | Z17: 700 | AA17: 867 | AB17: 896 | AC17: 917 | AD17: 929.8394 | AE17: 937.65255 | AF17: 903.25545 | AG17: 892.96567 | AH17: 888.18379 | AI17: 888.72553 | AJ17: 907.07292 | AK17: 882.40132 | AL17: 879.34169 | AM17: 869.51495 | AN17: 858.88795 | AO17: 871.88031 | AP17: 720.35177 | AQ17: 720.5242 | AR17: 733.77441 | AS17: 747.86079 | AT17: 740.8716 | AU17: 746.42906 | AZ17: Điểm hòa vốn | BA17: 1110 | BB17: 700 | BC17: 700 | BD17: 700 | BE17: 700 | BF17: 700 | BG17: 700 | BH17: 700 | BI17: 700 | BJ17: 700 | BK17: 700 | BL17: 700 | BM17: 700 | BN17: 700 | BO17: 700 | BP17: 700 | BQ17: 700 | BR17: 700 | BS17: 700 | BT17: 700 | BU17: 700 | BV17: 700 | BW17: 700 | BX17: 700 | BY17: 700 | BZ17: 700 | CA17: 700 | CB17: 700 | CC17: 700 | CD17: 700 | CE17: 700 | CF17: 700 | CG17: 700 | CH17: 700 | CI17: 700 | CJ17: 700 | CK17: 700 | CL17: 700 | CM17: 700 | CN17: 700 | CO17: 700 | CP17: 700 | CQ17: 700 | CR17: 700 | CS17: 700 | CT17: 700 | CU17: 700 | CV17: 700 | CW17: 700 | CX17: 700 | CY17: 700 | CZ17: 700 | DA17: 700 | DB17: 700 | DC17: 700 | DD17: 700 | DE17: 700 | DF17: 700 | DG17: 700 | DH17: 700 | DI17: 700 | DJ17: 700 | DK17: 700 | DL17: 700 | DM17: 700 | DN17: 700 | DO17: 700 | DP17: 700 | DQ17: 700 | DR17: 700 | DS17: 700 | DT17: 700 | DU17: 700 | DV17: 700 | DW17: 700 | DX17: 700 | DY17: 867 | DZ17: 867 | EA17: 867 | EB17: 867 | EC17: 896 | ED17: 896 | EE17: 896 | EF17: 896 | EG17: 896 | EH17: 917 | EI17: 917 | EJ17: 917 | EK17: 917 | EL17: 929.8394 | EM17: 929.8394 | EN17: 929.8394 | EO17: 929.8394 | EP17: 937.65255 | EQ17: 937.65255 | ER17: 937.65255 | ES17: 937.65255 | ET17: 937.65255 | EU17: 903.25545 | EV17: 903.25545 | EW17: 903.25545 | EX17: 903.25545 | EY17: 892.96567 | EZ17: 892.96567 | FA17: 892.96567 | FB17: 892.96567 | FC17: 888.18379 | FD17: 888.18379 | FE17: 888.18379 | FF17: 888.18379 | FG17: 888.72553 | FH17: 888.72553 | FI17: 888.72553 | FJ17: 888.72553 | FK17: 907.07292 | FL17: 907.07292 | FM17: 907.07292 | FN17: 907.07292 | FO17: 882.40132 | FP17: 882.40132 | FQ17: 882.40132 | FR17: 882.40132 | FS17: 882.40132 | FT17: 879.34169 | FU17: 879.34169 | FV17: 879.34169 | FW17: 879.34169 | FX17: 869.51495 | FY17: 869.51495 | FZ17: 869.51495 | GA17: 869.51495 | GB17: 869.51495 | GC17: 858.88795 | GD17: 858.88795 | GE17: 858.88795 | GF17: 858.88795 | GG17: 871.88031 | GH17: 871.88031 | GI17: 871.88031 | GJ17: 871.88031 | GK17: 720.35177 | GL17: 720.35177 | GM17: 720.35177 | GN17: 720.35177 | GO17: 720.35177 | GP17: 720.5242 | GQ17: 720.5242 | GR17: 720.5242 | GS17: 720.5242 | GT17: 733.77441 | GU17: 733.77441 | GV17: 733.77441 | GW17: 733.77441 | GX17: 747.86079 | GY17: 747.86079 | GZ17: 747.86079 | HA17: 747.86079 | HB17: 747.86079 | HC17: 747.86079 | HD17: 747.86079 | HE17: 747.86079 | HF17: 747.86079 | HG17: 746.42906 | HH17: 746.42906 | HI17: 746.42906 | HJ17: 746.42906
H18: Điểm hòa vốn sử dụng 100% Olefin | O18: =CD18 -> 0 | P18: =CE18 -> 0 | AZ18: Điểm hòa vốn sử dụng 100% Olefin
H19: Giá bán vảy | AZ19: Giá bán vảy | CT19: 810 | CU19: 810 | CV19: 810 | CW19: 810 | CX19: 810 | CY19: 810 | CZ19: 810 | DA19: ='Ma trận giá bán vảy HDPE ÉP'!AO6 -> 810 | DB19: ='Ma trận giá bán vảy HDPE ÉP'!AP6 -> 810 | DC19: ='Ma trận giá bán vảy HDPE ÉP'!AQ6 -> 810 | DD19: ='Ma trận giá bán vảy HDPE ÉP'!AR6 -> 810 | DE19: ='Ma trận giá bán vảy HDPE ÉP'!AS6 -> 880 | DF19: ='Ma trận giá bán vảy HDPE ÉP'!AT6 -> 880 | DG19: ='Ma trận giá bán vảy HDPE ÉP'!AU6 -> 880 | DH19: ='Ma trận giá bán vảy HDPE ÉP'!AV6 -> 900 | ... HJ19: ='Ma trận giá bán vảy HDPE ÉP'!EX6 -> 715
DD22: =DD8/DD13-1 -> -0.077669903 | DE22: =DE8/DE13-1 -> -0.077669903 | DF22: =DF8/DF13-1 -> -0.05 | DG22: =DG8/DG13-1 -> -0.05

Sheet HD Ép-tháng

Sheet HD Ép_tuần

Sheet Ma trận giá bán rPP
F3: MA TRẬN GIÁ BÁN rPP | BB3: 2023 | BF3: 07.02 | BG3: 14.02 | BH3: 21.02 | BI3: 28.02 | BJ3: 7.03 | BK3: 14.03 | BL3: 21.03 | BM3: 28.03 | BN3: 30.03 | BO3: 6.04 | BP3: 13.04 | BQ3: 20.04 | BR3: 27.04 | BS3: 4.05 | BU3: 23.05 | BV3: 30.05 | BW3: 6.06 | BX3: 13.06 | BY3: 20.06 | DA3: 2024 | EY3: 2025
F4: Tỷ giá | I4: 24000 | J4: 24000 | K4: 24000 | L4: 24000 | M4: 24000 | N4: 24000 | O4: 24000 | P4: 24000 | Q4: 24000 | R4: 24000 | S4: 24000 | T4: 24000 | BA4: 24000 | BB4: 24000 | BC4: 24000 | BD4: 24000 | BE4: 24000 | BF4: 24000 | BG4: 24000 | BH4: 24000 | BI4: 24000 | BJ4: 24000 | BK4: 24000 | BL4: 24000 | BM4: 24000 | BN4: 24000 | BO4: 24000 | BP4: 24000 | BQ4: 24000 | BR4: 24000 | BS4: 24000 | BT4: 24000 | BU4: 24000 | BV4: 24000 | BW4: 24000 | BX4: 24000 | BY4: 24000 | BZ4: 24000 | CA4: 24000 | CB4: 24000 | CC4: 24000 | CD4: 24000 | CE4: 24000 | CF4: 24000 | CG4: 24000 | CH4: 24000 | CI4: 24000 | CJ4: 24000 | CK4: 24000 | CL4: 24000 | CM4: 24000 | CN4: 24000 | CO4: 24000 | CP4: 24000 | CQ4: 24000 | CR4: 24000 | CS4: 24000 | CT4: 24000 | CU4: 24000 | CV4: 24000 | CW4: 24000 | CX4: 24000 | CY4: 24000 | CZ4: 24000 | DA4: 24000 | DB4: 24000 | DC4: 24000 | DD4: 24000 | GX4: 2026
A5: Stt | B5: Mã SAP | C5: Tên hàng hóa SAP | D5: Mã SP | E5: Tên sản phẩm | F5: Diễn giải | G5: Đơn vị tính | H5: Diễn giải | I5: T1/23 | J5: 2 | K5: 3 | L5: 4 | M5: 5 | N5: 6 | O5: 7 | P5: 8 | Q5: 9 | R5: 10 | S5: 11 | T5: 12 | U5: T1.24 | V5: 2 | W5: 3 | X5: 4 | Y5: 5 | Z5: 6 | AA5: 7 | AB5: 8 | AC5: 9 | AD5: 10 | AE5: 11 | AF5: 12 | AG5: T1.25 | AH5: 2 | AI5: 3 | AJ5: 4 | AK5: 5 | AL5: 6 | AM5: 7 | AN5: 8 | AO5: 9 | AP5: 10 | AQ5: 11 | AR5: 12 | AS5: T1.26 | AT5: 2 | AU5: 3 | AV5: 4 | AX5: Mã SP | AY5: Tên sản phẩm | AZ5: Diễn giải | BA5: 52 | BB5: 1 | BC5: 2 | BD5: 3 | BE5: 5 | BF5: 6 | BG5: 7 | BH5: 8 | BI5: 9 | BJ5: 10 | BK5: 11 | BL5: 12 | BM5: 13 | BN5: 14 | BO5: 15 | BP5: 16 | BQ5: 17 | BR5: 18 | BS5: 19 | BT5: 20 | BU5: 21 | BV5: 22 | BW5: 23 | BX5: 24 | BY5: 25 | BZ5: 26 | CA5: 27 | CB5: 28 | CC5: 29 | CD5: 30 | CE5: 31 | CF5: 32 | CG5: 33 | CH5: 34 | CI5: 35 | CJ5: 36 | CK5: 37 | CL5: 38 | CM5: 39 | CN5: 40 | CO5: 41 | CP5: 42 | CQ5: 43 | CR5: 44 | CS5: 45 | CT5: 46 | CU5: 47 | CV5: 48 | CW5: 49 | CX5: 50 | CY5: 51 | CZ5: 52 | DA5: 1/24 | DB5: 02 | DC5: 03 | DD5: 04 | DE5: 05 | DF5: 08 | DG5: 09 | DH5: 10 | DI5: 11 | DJ5: 12 | DK5: 13 | DL5: 14 | DM5: 15 | DN5: 16 | DO5: 17 | DP5: 18 | DQ5: 19 | DR5: 20 | DS5: 21 | DT5: 22 | DU5: 23 | DV5: 24 | DW5: 25 | DX5: 26 | DY5: 27 | DZ5: 28 | EA5: 29 | EB5: 30 | EC5: 31 | ED5: 32 | EE5: 33 | EF5: 34 | EG5: 35 | EH5: 36 | EI5: 37 | EJ5: 38 | EK5: 39 | EL5: 40 | EM5: 41 | EN5: 42 | EO5: 43 | EP5: 44 | EQ5: 45 | ER5: 46 | ES5: 47 | ET5: 48 | EU5: 49 | EV5: 50 | EW5: 51 | EX5: 52 | EY5: 01 | EZ5: 02 | FA5: 03 | FB5: 04 | FC5: 06 | FD5: 07 | FE5: 08 | FF5: 09 | FG5: 10 | FH5: 11 | FI5: 12 | FJ5: 13 | FK5: 14 | FL5: 15 | FM5: 16 | FN5: 17 | FO5: 18 | FP5: 19 | FQ5: 20 | FR5: 21 | FS5: 22 | FT5: 23 | FU5: 24 | FV5: 25 | FW5: 26 | FX5: 27 | FY5: 28 | FZ5: 29 | GA5: 30 | GB5: 31 | GC5: 32 | GD5: 33 | GE5: 34 | GF5: 35 | GG5: 36 | GH5: 37 | GI5: 38 | GJ5: 39 | GK5: 40 | GL5: 41 | GM5: 42 | GN5: 43 | GO5: 44 | GP5: 45 | GQ5: 46 | GR5: 47 | GS5: 48 | GT5: 49 | GU5: 50 | GV5: 51 | GW5: 52 | GX5: 01 | GY5: 02 | GZ5: 03 | HA5: 04 | HB5: 05 | HC5: 06 | HD5: 07 | HE5: 08 | HF5: 09 | HG5: 10 | HH5: 11 | HI5: 12 | HJ5: 13
A6: 3 | B6: 150000007 | C6: Vảy PET DBF01-CR | E6: A4 - Vảy PET tuyển -RL mua ngoài | F6: Vảy PP tuyển | G6: đồng /kg | H6: =F6 -> Vảy PP tuyển | AY6: A4 - Vảy PET tuyển -RL mua ngoài | AZ6: =F6 -> Vảy PP tuyển
A7: 3 | B7: 150000007 | C7: Vảy PET DBF01-CR | E7: A4 - Vảy PET tuyển -RL mua ngoài | F7: Vảy PP tuyển | G7: $ /tấn | H7: =F7 -> Vảy PP tuyển | I7: =I6/I4*1000 -> 0 | J7: =J6/J4*1000 -> 0 | K7: =K6/K4*1000 -> 0 | AY7: A4 - Vảy PET tuyển -RL mua ngoài | AZ7: =F7 -> Vảy PP tuyển | BA7: 666.66667 | BB7: 666.66667 | BC7: 666.66667 | BD7: 666.66667 | BE7: 666.66667 | BF7: 666.66667 | BG7: 666.66667 | BH7: 666.66667 | BI7: 666.66667 | BJ7: 666.66667 | BK7: 666.66667 | BL7: 666.66667 | BM7: 666.66667 | BN7: 666.66667 | BO7: 666.66667 | BP7: 666.66667 | BQ7: 666.66667 | BR7: 666.66667 | BS7: 666.66667 | BT7: 666.66667 | BU7: 666.66667 | BV7: 666.66667 | BW7: 666.66667 | BX7: 666.66667 | BY7: 666.66667 | BZ7: 666.66667 | CA7: 666.66667 | CB7: 666.66667 | CC7: 666.66667 | CD7: 666.66667 | CE7: 666.66667 | CF7: 666.66667 | CG7: 666.66667 | CH7: 666.66667 | CI7: 666.66667 | CJ7: 666.66667 | CK7: 666.66667 | CL7: 666.66667 | CM7: 666.66667 | CN7: 666.66667 | CO7: 666.66667 | CP7: 666.66667 | CQ7: 666.66667 | CR7: 666.66667 | CS7: 666.66667 | CT7: 666.66667 | CU7: 666.66667 | CV7: 666.66667 | CW7: 666.66667 | CX7: 666.66667 | CY7: 666.66667 | CZ7: 666.66667 | DA7: 666.66667 | DB7: 666.66667 | DC7: 666.66667 | DD7: 666.66667 | DE7: 666.66667 | DF7: 666.66667 | DG7: 666.66667 | DH7: 666.66667 | DI7: 666.66667 | DJ7: 666.66667
D8: A4 | E8: A4 - Vảy PET tuyển -RL mua ngoài | F8: Vảy PP tuyển mua ngoài - ICIS | G8: $ /tấn | H8: =F8 -> Vảy PP tuyển mua ngoài - ICIS | AY8: A4 - Vảy PET tuyển -RL mua ngoài | AZ8: =F8 -> Vảy PP tuyển mua ngoài - ICIS
A9: 5 | B9: 110000329 | C9: Hạt rPET WSS01 | E9: WSS01 - Hạt rPET (IV 0.78) | F9: DTR | G9: $ /tấn | H9: DTR | I9: =+SUM(BB9:BE9)/COUNT(BB9:BE9) -> 1100 | J9: =+SUM(BF9:BI9)/COUNT(BF9:BI9) -> 1100 | K9: =+SUM(BJ9:BN9)/COUNT(BJ9:BN9) -> 1100 | L9: =+SUM(BO9:BR9)/COUNT(BO9:BR9) -> 1100 | M9: =+SUM(BS9:BV9)/COUNT(BS9:BV9) -> 1087.5 | N9: =+SUM(BW9:BZ9)/COUNT(BW9:BZ9) -> 1050 | O9: =+SUM(CA9:CD9)/COUNT(CA9:CD9) -> 1050 | P9: =+SUM(CE9:CI9)/COUNT(CE9:CI9) -> 950 | Q9: =+SUM(CJ9:CM9)/COUNT(CJ9:CM9) -> 950 | R9: =+SUM(CN9:CO9)/COUNT(CN9:CO9) -> 950 | S9: =+SUM(CO9:CT9)/COUNT(CO9:CT9) -> 950 | T9: =+SUM(CV9:CZ9)/COUNT(CV9:CZ9) -> 950 | U9: =+SUM(DA9:DD9)/COUNT(DA9:DD9) -> 930 | V9: =+SUM(DE9:DG9)/COUNT(DE9:DG9) -> 930 | W9: =+SUM(DH9:DK9)/COUNT(DH9:DK9) -> 930 | X9: =+SUM(DL9:DO9)/COUNT(DL9:DO9) -> 950 | Y9: =+SUM(DP9:DT9)/COUNT(DP9:DT9) -> 950 | Z9: =+SUM(DU9:DX9)/COUNT(DU9:DX9) -> 950 | AA9: 950 | AB9: 950 | AC9: 910 | AD9: 900 | AE9: 900 | AF9: 900 | AG9: 900 | AH9: 820 | AI9: 840 | AJ9: 835 | AK9: 815 | AL9: 815 | AM9: 789.5 | AN9: =789.5-20 -> 769.5 | AO9: =789.5-20-15 -> 754.5 | AP9: 740 | AQ9: 715 | AR9: 705 | AS9: 695 | AT9: 695 | AU9: 720 | AZ9: DTR | BA9: 1250 | BB9: 1100 | BC9: 1100 | BD9: 1100 | BE9: 1100 | BF9: 1100 | BG9: 1100 | BH9: 1100 | BI9: 1100 | BJ9: 1100 | BK9: 1100 | BL9: 1100 | BM9: 1100 | BN9: 1100 | BO9: 1100 | BP9: 1100 | BQ9: 1100 | BR9: 1100 | BS9: 1100 | BT9: 1100 | BU9: 1100 | BV9: 1050 | BW9: 1050 | BX9: 1050 | BY9: 1050 | BZ9: 1050 | CA9: 1050 | CB9: 1050 | CC9: 1050 | CD9: 1050 | CE9: 950 | CF9: 950 | CG9: 950 | CH9: 950 | CI9: 950 | CJ9: 950 | CK9: 950 | CL9: 950 | CM9: 950 | CN9: 950 | CO9: 950 | CP9: 950 | CQ9: 950 | CR9: 950 | CS9: 950 | CT9: 950 | CU9: 950 | CV9: 950 | CW9: 950 | CX9: 950 | CY9: 950 | CZ9: 950 | DA9: 930 | DB9: 930 | DC9: 930 | DD9: 930 | DE9: 930 | DF9: 930 | DG9: 930 | DH9: 930 | DI9: 930 | DJ9: 930 | DK9: 930 | DL9: 950 | DM9: 950 | DN9: 950 | DO9: 950 | DP9: 950 | DQ9: 950 | DR9: 950 | DS9: 950 | DT9: 950 | DU9: 950 | DV9: 950 | DW9: 950 | DX9: 950 | DY9: 950 | DZ9: 950 | EA9: 950 | EB9: 950 | EC9: 950 | ED9: 950 | EE9: 950 | EF9: 950 | EG9: 950 | EH9: 910 | EI9: 910 | EJ9: 910 | EK9: 910 | EL9: 900 | EM9: 900 | EN9: 900 | EO9: 900 | EP9: 900 | EQ9: 900 | ER9: 900 | ES9: 900 | ET9: 900 | EU9: 900 | EV9: 900 | EW9: 900 | EX9: 900 | EY9: 900 | EZ9: 900 | FA9: 900 | FB9: 900 | FC9: 820 | FD9: 820 | FE9: 820 | FF9: 820 | FG9: 840 | FH9: 840 | FI9: 840 | FJ9: 840 | FK9: 835 | FL9: 835 | FM9: 835 | FN9: 835 | FO9: 815 | FP9: 815 | FQ9: 815 | FR9: 815 | FS9: 815 | FT9: 815 | FU9: 815 | FV9: 815 | FW9: 815 | FX9: 789.5 | FY9: 789.5 | FZ9: 789.5 | GA9: 789.5 | GB9: 789.5 | GC9: =789.5-20 -> 769.5 | GD9: =789.5-20 -> 769.5 | GE9: =789.5-20 -> 769.5 | GF9: =789.5-20 -> 769.5 | GG9: =789.5-20-15 -> 754.5 | GH9: =789.5-20-15 -> 754.5 | GI9: =789.5-20-15 -> 754.5 | GJ9: =789.5-20-15 -> 754.5 | GK9: 740 | GL9: 740 | GM9: 740 | GN9: 740 | GO9: 740 | GP9: 715 | GQ9: 715 | GR9: 715 | GS9: 715 | GT9: 705 | GU9: 705 | GV9: 705 | GW9: 705 | GX9: 695 | GY9: 695 | GZ9: 695 | HA9: 695 | HB9: 695 | HC9: 695 | HD9: 695 | HE9: 695 | HF9: 695 | HG9: 720 | HH9: 720 | HI9: =720+50 -> 770 | HJ9: =720+50 -> 770
F10: FOB rPP | H10: Giá rPP | I10: =+SUM(BB10:BE10)/COUNT(BB10:BE10) -> 1125 | J10: =+SUM(BF10:BI10)/COUNT(BF10:BI10) -> 1125 | K10: =+SUM(BJ10:BN10)/COUNT(BJ10:BN10) -> 1125 | L10: =+SUM(BO10:BR10)/COUNT(BO10:BR10) -> 1125 | M10: =+SUM(BS10:BV10)/COUNT(BS10:BV10) -> 1112.5 | N10: =+SUM(BW10:BZ10)/COUNT(BW10:BZ10) -> 1075 | O10: =+SUM(CA10:CD10)/COUNT(CA10:CD10) -> 1075 | P10: =+SUM(CE10:CI10)/COUNT(CE10:CI10) -> 975 | Q10: =+SUM(CJ10:CM10)/COUNT(CJ10:CM10) -> 975 | R10: =+SUM(CN10:CO10)/COUNT(CN10:CO10) -> 975 | S10: =+SUM(CO10:CT10)/COUNT(CO10:CT10) -> 975 | T10: =+SUM(CV10:CZ10)/COUNT(CV10:CZ10) -> 975 | U10: =+SUM(DA10:DD10)/COUNT(DA10:DD10) -> 955 | V10: =+SUM(DE10:DG10)/COUNT(DE10:DG10) -> 955 | W10: =+SUM(DH10:DK10)/COUNT(DH10:DK10) -> 955 | X10: =+SUM(DL10:DO10)/COUNT(DL10:DO10) -> 975 | Y10: =+SUM(DP10:DT10)/COUNT(DP10:DT10) -> 975 | Z10: =+SUM(DU10:DX10)/COUNT(DU10:DX10) -> 975 | AA10: 975 | AB10: 975 | AC10: 975 | AD10: 975 | AE10: 975 | AF10: 975 | AG10: 975 | AH10: 975 | AI10: 975 | AJ10: 975 | AK10: 975 | AL10: 975 | AM10: 975 | AN10: 975 | AO10: 975 | AP10: 975 | AQ10: 975 | AR10: 975 | AS10: 975 | AT10: 975 | AU10: 975 | AZ10: DTR FOB rPP | BA10: =+BA9+40 -> 1290 | BB10: =+BB9+25 -> 1125 | BC10: =+BC9+25 -> 1125 | BD10: =+BD9+25 -> 1125 | BE10: =+BE9+25 -> 1125 | BF10: =+BF9+25 -> 1125 | BG10: =+BG9+25 -> 1125 | BH10: =+BH9+25 -> 1125 | BI10: =+BI9+25 -> 1125 | ... EN10: =+EN9+25 -> 925
A11: 9 | D11: ICIS | E11: ICIS giá rPET ($ /tấn) | F11: Hạt đen (Châu Âu) - ICIS | G11: $ /tấn | H11: =F11 -> Hạt đen (Châu Âu) - ICIS | I11: =+SUM(BB11:BE11)/COUNT(BB11:BE11) -> 1063.43 | J11: =+SUM(BF11:BI11)/COUNT(BF11:BI11) -> 1063.4425 | K11: =+SUM(BJ11:BN11)/COUNT(BJ11:BN11) -> 1061.062 | L11: =+SUM(BO11:BR11)/COUNT(BO11:BR11) -> 1038.75 | M11: =+SUM(BS11:BV11)/COUNT(BS11:BV11) -> 963 | N11: =+SUM(BW11:BZ11)/COUNT(BW11:BZ11) -> 941.7075 | O11: =+SUM(CA11:CD11)/COUNT(CA11:CD11) -> 936.715 | P11: =+SUM(CE11:CI11)/COUNT(CE11:CI11) -> 890.976 | Q11: =+SUM(CJ11:CM11)/COUNT(CJ11:CM11) -> 873.0975 | R11: =+SUM(CN11:CQ11)/COUNT(CN11:CQ11) -> 850.1225 | S11: =+SUM(CR11:CU11)/COUNT(CR11:CU11) -> 862.17 | T11: =+SUM(CV11:CZ11)/COUNT(CV11:CZ11) -> 813.334 | U11: =+SUM(DA11:DD11)/COUNT(DA11:DD11) -> 795.7475 | V11: =+SUM(DE11:DG11)/COUNT(DE11:DG11) -> 808.89 | W11: =+SUM(DH11:DK11)/COUNT(DH11:DK11) -> 807.18 | AX11: ICIS | AY11: ICIS giá rPET ($ /tấn) | AZ11: =H11 -> Hạt đen (Châu Âu) - ICIS | BA11: =#REF! -> #REF! | BB11: 1041.21 | BC11: 1069.97 | BD11: 1068.11 | BE11: 1074.43 | BF11: 1082.61 | BG11: 1065.47 | BH11: 1056.65 | BI11: 1049.04 | BJ11: 1050.44 | BK11: 1046.36 | BL11: 1051.39 | BM11: 1078.12 | BN11: 1079 | BO11: 1086 | BP11: 1086 | BQ11: 992 | BR11: 991 | BS11: 982 | BT11: 970 | BU11: 965 | BV11: 935 | BW11: 937.84 | BX11: 951.1 | BY11: 952.95 | BZ11: 924.94 | CA11: 924.94 | CB11: 924.07 | CC11: 951.34 | CD11: 946.51 | CE11: 896.52 | CF11: 892.09 | CG11: 897.78 | CH11: 886.14 | CI11: 882.35 | CJ11: 882.35 | CK11: 872.34 | CL11: 868.61 | CM11: 869.09 | CN11: 851.44 | CO11: 847.31 | CP11: 850.87 | CQ11: 850.87 | CR11: 847.98 | CS11: 862.54 | CT11: 862.54 | CU11: 875.62 | CV11: 878.23 | CW11: 796.36 | CX11: 787.17 | CY11: 802.63 | CZ11: 802.28 | DA11: 799.72 | DB11: 799.05 | DC11: 792.11 | DD11: 792.11 | DE11: 812.31 | DF11: 807.18 | DG11: 807.18 | DH11: 807.18
A12: 9 | D12: ICIS | E12: ICIS giá rPET ($ /tấn) | F12: Hạt màu (Châu Âu) - ICIS | G12: $ /tấn | H12: =F12 -> Hạt màu (Châu Âu) - ICIS | I12: =+SUM(BB12:BE12)/COUNT(BB12:BE12) -> 1476.7075 | J12: =+SUM(BF12:BI12)/COUNT(BF12:BI12) -> 1396.44 | K12: =+SUM(BJ12:BN12)/COUNT(BJ12:BN12) -> 1393.316 | L12: =+SUM(BO12:BR12)/COUNT(BO12:BR12) -> 1427.4325 | M12: =+SUM(BS12:BV12)/COUNT(BS12:BV12) -> 1403 | N12: =+SUM(BW12:BZ12)/COUNT(BW12:BZ12) -> 1417.6175 | O12: =+SUM(CA12:CD12)/COUNT(CA12:CD12) -> 964.2675 | P12: =+SUM(CE12:CI12)/COUNT(CE12:CI12) -> 956.568 | Q12: =+SUM(CJ12:CM12)/COUNT(CJ12:CM12) -> 937.3775 | R12: =+SUM(CN12:CQ12)/COUNT(CN12:CQ12) -> 924.0425 | S12: =+SUM(CR12:CU12)/COUNT(CR12:CU12) -> 937.145 | T12: =+SUM(CV12:CZ12)/COUNT(CV12:CZ12) -> 955.284 | U12: =+SUM(DA12:DD12)/COUNT(DA12:DD12) -> 953.805 | V12: =+SUM(DE12:DG12)/COUNT(DE12:DG12) -> 943.70333 | W12: =+SUM(DH12:DK12)/COUNT(DH12:DK12) -> 941.71 | AX12: ICIS | AY12: ICIS giá rPET ($ /tấn) | AZ12: =H12 -> Hạt màu (Châu Âu) - ICIS | BA12: =#REF! -> #REF! | BB12: 1472.42 | BC12: 1513.09 | BD12: 1510.45 | BE12: 1410.87 | BF12: 1421.61 | BG12: 1399.1 | BH12: 1387.52 | BI12: 1377.53 | BJ12: 1379.37 | BK12: 1374.01 | BL12: 1380.62 | BM12: 1415.71 | BN12: 1416.87 | BO12: 1420.31 | BP12: 1426.12 | BQ12: 1432.19 | BR12: 1431.11 | BS12: 1419 | BT12: 1401 | BU12: 1394 | BV12: 1398 | BW12: 1401.38 | BX12: 1421.19 | BY12: 1423.95 | BZ12: 1423.95 | CA12: 952.15 | CB12: 951.25 | CC12: 979.32 | CD12: 974.35 | CE12: 962.52 | CF12: 957.76 | CG12: 963.87 | CH12: 951.38 | CI12: 947.31 | CJ12: 947.31 | CK12: 936.56 | CL12: 932.56 | CM12: 933.08 | CN12: 925.48 | CO12: 920.99 | CP12: 924.85 | CQ12: 924.85 | CR12: 921.72 | CS12: 937.55 | CT12: 937.55 | CU12: 951.76 | CV12: 954.6 | CW12: 954.6 | CX12: 943.52 | CY12: 962.06 | CZ12: 961.64 | DA12: 958.57 | DB12: 957.77 | DC12: 949.44 | DD12: 949.44 | DE12: 947.69 | DF12: 941.71 | DG12: 941.71 | DH12: 941.71
D13: Anh 12 | F13: RESIN | G13: $ /tấn | H13: =F13 -> RESIN | I13: =+SUM(BB13:BE13)/COUNT(BB13:BE13) -> 1045 | J13: =+SUM(BF13:BI13)/COUNT(BF13:BI13) -> 1087.5 | K13: =+SUM(BJ13:BN13)/COUNT(BJ13:BN13) -> 1040 | L13: =+SUM(BO13:BR13)/COUNT(BO13:BR13) -> 1027.5 | M13: =+SUM(BS13:BV13)/COUNT(BS13:BV13) -> 967.5 | N13: =+SUM(BW13:BZ13)/COUNT(BW13:BZ13) -> 887.5 | O13: =+SUM(CA13:CD13)/COUNT(CA13:CD13) -> 900 | P13: =+SUM(CE13:CI13)/COUNT(CE13:CI13) -> 958 | Q13: =+SUM(CJ13:CM13)/COUNT(CJ13:CM13) -> 980 | R13: =+SUM(CN13:CQ13)/COUNT(CN13:CQ13) -> 967.5 | S13: =+SUM(CR13:CU13)/COUNT(CR13:CU13) -> 927.5 | T13: =+SUM(CV13:CZ13)/COUNT(CV13:CZ13) -> 926 | U13: =+SUM(DA13:DD13)/COUNT(DA13:DD13) -> 962.5 | V13: =+SUM(DE13:DG13)/COUNT(DE13:DG13) -> 986.66667 | W13: =+SUM(DH13:DK13)/COUNT(DH13:DK13) -> 990 | X13: =+SUM(DL13:DO13)/COUNT(DL13:DO13) -> 992.5 | Y13: =+SUM(DP13:DT13)/COUNT(DP13:DT13) -> 1002 | Z13: =+SUM(DU13:DX13)/COUNT(DU13:DX13) -> 1025 | AA13: =+SUM(DY13:EB13)/COUNT(DY13:EB13) -> 1020 | AB13: =+SUM(EC13:EG13)/COUNT(EC13:EG13) -> 970 | AC13: =+SUM(EH13:EK13)/COUNT(EH13:EK13) -> 955 | AD13: =+SUM(EM13:EO13)/COUNT(EM13:EO13) -> 956.66667 | AE13: =+SUM(EP13:ET13)/COUNT(EP13:ET13) -> 968 | AF13: =+SUM(EU13:EX13)/COUNT(EU13:EX13) -> 960 | AG13: =+SUM(EY13:FB13)/COUNT(EY13:FB13) -> 970 | AH13: =+SUM(FC13:FF13)/COUNT(FC13:FF13) -> 985 | AI13: =+SUM(FG13:FJ13)/COUNT(FG13:FJ13) -> 980 | AJ13: =+SUM(FK13:FN13)/COUNT(FK13:FN13) -> 965 | AK13: =+SUM(FO13:FS13)/COUNT(FO13:FS13) -> 932 | AL13: =+SUM(FT13:FW13)/COUNT(FT13:FW13) -> 922.5 | AM13: =+SUM(FX13:GB13)/COUNT(FX13:GB13) -> 918 | AN13: =+SUM(GC13:GF13)/COUNT(GC13:GF13) -> 895 | AO13: =+SUM(GG13:GJ13)/COUNT(GG13:GJ13) -> 870 | AP13: =+SUM(GK13:GO13)/COUNT(GK13:GO13) -> 842 | AQ13: =+SUM(GP13:GS13)/COUNT(GP13:GS13) -> 827.5 | AR13: =+SUM(GT13:GW13)/COUNT(GT13:GW13) -> 820 | AS13: =+SUM(GX13:HB13)/COUNT(GX13:HB13) -> 816 | AT13: =+SUM(HC13:HF13)/COUNT(HC13:HF13) -> 847.5 | AU13: =+SUM(HG13:HJ13)/COUNT(HG13:HJ13) -> 1250 | AV13: 1400 | AX13: Anh 12 | AZ13: RESIN | BA13: 1000 | BB13: =BA13 -> 1000 | BC13: 1010 | BD13: 1070 | BE13: 1100 | BF13: 1100 | BG13: 1100 | BH13: 1090 | BI13: 1060 | BJ13: 1060 | BK13: 1040 | BL13: 1040 | BM13: 1040 | BN13: 1020 | BO13: 1020 | BP13: 1030 | BQ13: 1030 | BR13: 1030 | BS13: 1030 | BT13: 1000 | BU13: 920 | BV13: 920 | BW13: 910 | BX13: 880 | BY13: 880 | BZ13: 880 | CA13: 870 | CB13: 890 | CC13: 920 | CD13: 920 | CE13: 950 | CF13: 960 | CG13: 960 | CH13: 960 | CI13: 960 | CJ13: 950 | CK13: 990 | CL13: 990 | CM13: 990 | CN13: 980 | CO13: 970 | CP13: 970 | CQ13: 950 | CR13: 950 | CS13: 920 | CT13: 920 | CU13: 920 | CV13: 920 | CW13: 920 | CX13: 930 | CY13: 930 | CZ13: 930 | DA13: 930 | DB13: 970 | DC13: 970 | DD13: 980 | DE13: 1000 | DF13: 980 | DG13: 980 | DH13: 980 | DI13: 980 | DJ13: 1000 | DK13: 1000 | DL13: 1000 | DM13: 990 | DN13: 990 | DO13: 990 | DP13: 990 | DQ13: 1000 | DR13: 1000 | DS13: 1000 | DT13: 1020 | DU13: 1020 | DV13: 1020 | DW13: 1030 | DX13: 1030 | DY13: 1030 | DZ13: 1030 | EA13: 1030 | EB13: 990 | EC13: 980 | ED13: 980 | EE13: 970 | EF13: 960 | EG13: 960 | EH13: 960 | EI13: 960 | EJ13: 950 | EK13: 950 | EL13: 950 | EM13: 950 | EN13: 950 | EO13: 970 | EP13: 970 | EQ13: 970 | ER13: 970 | ES13: 970 | ET13: 960 | EU13: 960 | EV13: 960 | EW13: 960 | EX13: 960 | EY13: 960 | EZ13: 970 | FA13: 970 | FB13: 980 | FC13: 970 | FD13: 1000 | FE13: 990 | FF13: 980 | FG13: 980 | FH13: 980 | FI13: 980 | FJ13: 980 | FK13: 980 | FL13: 970 | FM13: 960 | FN13: 950 | FO13: 950 | FP13: 930 | FQ13: 930 | FR13: 930 | FS13: 920 | FT13: 920 | FU13: 910 | FV13: 930 | FW13: 930 | FX13: 930 | FY13: 930 | FZ13: 930 | GA13: 900 | GB13: 900 | GC13: 900 | GD13: 900 | GE13: 890 | GF13: 890 | GG13: 890 | GH13: 870 | GI13: 870 | GJ13: 850 | GK13: 850 | GL13: 850 | GM13: 840 | GN13: 840 | GO13: 830 | GP13: 830 | GQ13: 830 | GR13: 830 | GS13: 820 | GT13: 820 | GU13: 820 | GV13: 820 | GW13: 820 | GX13: 810 | GY13: 810 | GZ13: 820 | HA13: 820 | HB13: 820 | HC13: 840 | HD13: 850 | HE13: 850 | HF13: 850 | HG13: 1000 | HH13: 1200 | HI13: 1400 | HJ13: 1400
F14: TTCP | H14: TTCP | I14: =I13 -> 1045 | J14: =J13 -> 1087.5 | K14: =K13 -> 1040 | L14: =L13 -> 1027.5 | M14: =M13 -> 967.5 | N14: =N13 -> 887.5 | O14: =O13 -> 900 | P14: =P13 -> 958 | ... AV14: =AV13 -> 1400 | AZ14: TTCP | BA14: =BA13 -> 1000 | BB14: =BB13 -> 1000 | BC14: =BC13 -> 1010 | BD14: =BD13 -> 1070 | BE14: =BE13 -> 1100 | BF14: =BF13 -> 1100 | BG14: =BG13 -> 1100 | BH14: =BH13 -> 1090 | ... HJ14: =HJ13 -> 1400
F15: CL | H15: CL | I15: =+I9-I14 -> 55 | J15: =+J9-J14 -> 12.5 | K15: =+K9-K14 -> 60 | L15: =+L9-L14 -> 72.5 | M15: =+M9-M14 -> 120 | N15: =+N9-N14 -> 162.5 | O15: =+O9-O14 -> 150 | P15: =+P9-P14 -> -8 | ... AV15: =+AV9-AV14 -> -1400 | AZ15: CL | BA15: =+BA9-BA14 -> 250 | BB15: =+BB9-BB14 -> 100 | BC15: =+BC9-BC14 -> 90 | BD15: =+BD9-BD14 -> 30 | BE15: =+BE9-BE14 -> 0 | BF15: =+BF9-BF14 -> 0 | BG15: =+BG9-BG14 -> 0 | BH15: =+BH9-BH14 -> 10 | ... HJ15: =+HJ9-HJ14 -> -630
F16: % | H16: % | I16: =+I15/I14 -> 0.052631579 | J16: =+J15/J14 -> 0.011494253 | K16: =+K15/K14 -> 0.057692308 | L16: =+L15/L14 -> 0.070559611 | M16: =+M15/M14 -> 0.12403101 | N16: =+N15/N14 -> 0.18309859 | O16: =+O15/O14 -> 0.16666667 | P16: =+P15/P14 -> -0.0083507307 | ... AV16: =+AV15/AV14 -> -1 | AZ16: % | BA16: =+BA15/BA14 -> 0.25 | BB16: =+BB15/BB14 -> 0.1 | BC16: =+BC15/BC14 -> 0.089108911 | BD16: =+BD15/BD14 -> 0.028037383 | BE16: =+BE15/BE14 -> 0 | BF16: =+BF15/BF14 -> 0 | BG16: =+BG15/BG14 -> 0 | BH16: =+BH15/BH14 -> 0.0091743119 | ... HJ16: =+HJ15/HJ14 -> -0.45
F17: Điểm hòa vốn | H17: Điểm hòa vốn | I17: 885 | J17: 885 | K17: 885 | L17: 885 | M17: 885 | N17: 885 | O17: 885 | P17: 885 | Q17: 885 | R17: 885 | S17: 885 | T17: 885 | U17: 885 | V17: 885 | W17: 885 | X17: 861 | Y17: 861 | Z17: 850 | AA17: 794 | AB17: 836.80122 | AC17: 856.1642 | AD17: 856.1642 | AE17: 856.1642 | AF17: 827.77378 | AG17: 842.58758 | AH17: 835.02956 | AI17: 835.02956 | AJ17: 821.92388 | AK17: 838 | AL17: 863.6859 | AM17: 864.84655 | AN17: 864.84655 | AO17: 864.84655 | AP17: 877 | AQ17: 899.20415 | AR17: 896.54966 | AS17: 896.54966 | AT17: 872.02589 | AU17: 886.41272 | AZ17: Điểm hòa vốn | BA17: 1110 | BB17: 885 | BC17: 885 | BD17: 885 | BE17: 885 | BF17: 885 | BG17: 885 | BH17: 885 | BI17: 885 | BJ17: 885 | BK17: 885 | BL17: 885 | BM17: 885 | BN17: 885 | BO17: 885 | BP17: 885 | BQ17: 885 | BR17: 885 | BS17: 885 | BT17: 885 | BU17: 885 | BV17: 885 | BW17: 885 | BX17: 885 | BY17: 885 | BZ17: 885 | CA17: 885 | CB17: 885 | CC17: 885 | CD17: 885 | CE17: 885 | CF17: 885 | CG17: 885 | CH17: 885 | CI17: 885 | CJ17: 885 | CK17: 885 | CL17: 885 | CM17: 885 | CN17: 885 | CO17: 885 | CP17: 885 | CQ17: 885 | CR17: 885 | CS17: 885 | CT17: 885 | CU17: 885 | CV17: 885 | CW17: 885 | CX17: 885 | CY17: 885 | CZ17: 885 | DA17: 885 | DB17: 885 | DC17: 885 | DD17: 885 | DE17: 885 | DF17: 885 | DG17: 885 | DH17: 885 | DI17: 885 | DJ17: 885 | DK17: 885 | DL17: 861 | DM17: 861 | DN17: 861 | DO17: 861 | DP17: 861 | DQ17: 861 | DR17: 861 | DS17: 861 | DT17: 861 | DU17: 861 | DV17: 861 | DW17: 861 | DX17: 861 | DY17: 794 | DZ17: 794 | EA17: 794 | EB17: 794 | EC17: 836.80122 | ED17: 836.80122 | EE17: 836.80122 | EF17: 836.80122 | EG17: 836.80122 | EH17: 856 | EI17: 856 | EJ17: 856 | EK17: 856 | EL17: 856.1642 | EM17: 856.1642 | EN17: 856.1642 | EO17: 856.1642 | EP17: 856.1642 | EQ17: 856.1642 | ER17: 856.1642 | ES17: 856.1642 | ET17: 856.1642 | EU17: 827.77378 | EV17: 827.77378 | EW17: 827.77378 | EX17: 827.77378 | EY17: 842.58758 | EZ17: 842.58758 | FA17: 842.58758 | FB17: 842.58758 | FC17: 835.02956 | FD17: 835.02956 | FE17: 835.02956 | FF17: 835.02956 | FG17: 835.02956 | FH17: 835.02956 | FI17: 835.02956 | FJ17: 835.02956 | FK17: 821.92388 | FL17: 821.92388 | FM17: 821.92388 | FN17: 821.92388 | FO17: 838 | FP17: 838 | FQ17: 838 | FR17: 838 | FS17: 838 | FT17: 863.6859 | FU17: 863.6859 | FV17: 863.6859 | FW17: 863.6859 | FX17: 864.84655 | FY17: 864.84655 | FZ17: 864.84655 | GA17: 864.84655 | GB17: 864.84655 | GC17: 864.84655 | GD17: 864.84655 | GE17: 864.84655 | GF17: 864.84655 | GG17: 864.84655 | GH17: 864.84655 | GI17: 864.84655 | GJ17: 864.84655 | GK17: 877 | GL17: 877 | GM17: 877 | GN17: 877 | GO17: 877 | GP17: 899.20415 | GQ17: 899.20415 | GR17: 899.20415 | GS17: 899.20415 | GT17: 896.54966 | GU17: 896.54966 | GV17: 896.54966 | GW17: 896.54966 | GX17: 896.54966 | GY17: 896.54966 | GZ17: 896.54966 | HA17: 896.54966 | HB17: 896.54966 | HC17: 872.02589 | HD17: 872.02589 | HE17: 872.02589 | HF17: 872.02589 | HG17: 886.41272 | HH17: 886.41272 | HI17: 886.41272 | HJ17: 886.41272
F18: Giá bán vảy PP | AZ18: Giá bán vảy PP | CT18: 810 | CU18: 810 | CV18: 810 | CW18: 810 | CX18: 810 | CY18: 810 | CZ18: 810 | DA18: 810 | DB18: 810 | DC18: 810 | DD18: 810 | DE18: ='Ma trận giá bán vảy PP'!AX6 -> 840 | DF18: ='Ma trận giá bán vảy PP'!AY6 -> 840 | DG18: ='Ma trận giá bán vảy PP'!AZ6 -> 840 | DH18: ='Ma trận giá bán vảy PP'!BA6 -> 880 | DI18: ='Ma trận giá bán vảy PP'!BB6 -> 880 | DJ18: ='Ma trận giá bán vảy PP'!BC6 -> 880 | DK18: 880 | DL18: 900 | DM18: 900 | DN18: 900 | DO18: 900 | DP18: 900 | DQ18: 900 | DR18: 900 | DS18: 900 | DT18: 900 | DU18: 900 | DV18: 900 | DW18: 900 | DX18: 900 | DY18: 900 | DZ18: 900 | EA18: 900 | EB18: 900 | EC18: 900 | ED18: 900 | EE18: 900 | EF18: 900 | EG18: 900 | EH18: 860 | EI18: 860 | EJ18: 860 | EK18: ='Ma trận giá bán vảy PP'!CD6 -> 860 | EL18: ='Ma trận giá bán vảy PP'!CE6 -> 855 | EM18: ='Ma trận giá bán vảy PP'!CF6 -> 855 | EN18: ='Ma trận giá bán vảy PP'!CG6 -> 855 | EO18: ='Ma trận giá bán vảy PP'!CH6 -> 855 | EP18: ='Ma trận giá bán vảy PP'!CI6 -> 855 | EQ18: ='Ma trận giá bán vảy PP'!CJ6 -> 855 | ER18: ='Ma trận giá bán vảy PP'!CK6 -> 855 | ... HJ18: ='Ma trận giá bán vảy PP'!FC6 -> 730

Sheet PP-tháng

Sheet PP_tuần

Sheet Ma trận giá bán vảy PP
H3: MA TRẬN GIÁ BÁN VẢY PP | AT3: 2024 | CR3: 2025
F4: Tỷ giá | I4: 24000 | AO4: 24000 | AP4: 24000 | AQ4: 24000 | AR4: 24000 | AS4: 24000 | AT4: 24000 | AU4: 24000 | EQ4: 2026
A5: Stt | B5: Mã SAP | C5: Tên hàng hóa SAP | D5: Mã SP | E5: Tên sản phẩm | F5: Diễn giải | G5: Đơn vị tính | H5: Diễn giải | I5: T12.23 | J5: T1.24 | K5: 2 | L5: 3 | M5: 4 | N5: 5 | O5: 6 | P5: 7 | Q5: 8 | R5: 9 | S5: 10 | T5: 11 | U5: 12 | V5: T1.25 | W5: 2 | X5: 3 | Y5: 4 | Z5: 5 | AA5: 6 | AB5: 7 | AC5: 8 | AD5: 9 | AE5: 10 | AF5: 11 | AG5: 12 | AH5: T1.26 | AI5: 2 | AJ5: 3 | AK5: 4 | AM5: Mã SP | AN5: Diễn giải | AO5: 48 | AP5: 49 | AQ5: 50 | AR5: 51 | AS5: 52 | AT5: 01 | AU5: 02 | AV5: 03 | AW5: 04 | AX5: 05 | AY5: 08 | AZ5: 09 | BA5: 10 | BB5: 11 | BC5: 12 | BD5: 13 | BE5: 14 | BF5: 15 | BG5: 16 | BH5: 17 | BI5: 18 | BJ5: 19 | BK5: 20 | BL5: 21 | BM5: 22 | BN5: 23 | BO5: 24 | BP5: 25 | BQ5: 26 | BR5: 27 | BS5: 28 | BT5: 29 | BU5: 30 | BV5: 31 | BW5: 32 | BX5: 33 | BY5: 34 | BZ5: 35 | CA5: 36 | CB5: 37 | CC5: 38 | CD5: 39 | CE5: 40 | CF5: 41 | CG5: 42 | CH5: 43 | CI5: 44 | CJ5: 45 | CK5: 46 | CL5: 47 | CM5: 48 | CN5: 49 | CO5: 50 | CP5: 51 | CQ5: 52 | CR5: 01 | CS5: 02 | CT5: 03 | CU5: 04 | CV5: 06 | CW5: 07 | CX5: 08 | CY5: 09 | CZ5: 10 | DA5: 11 | DB5: 12 | DC5: 13 | DD5: 14 | DE5: 15 | DF5: 16 | DG5: 17 | DH5: 18 | DI5: 19 | DJ5: 20 | DK5: 21 | DL5: 22 | DM5: 23 | DN5: 24 | DO5: 25 | DP5: 26 | DQ5: 27 | DR5: 28 | DS5: 29 | DT5: 30 | DU5: 31 | DV5: 32 | DW5: 33 | DX5: 34 | DY5: 35 | DZ5: 36 | EA5: 37 | EB5: 38 | EC5: 39 | ED5: 40 | EE5: 41 | EF5: 42 | EG5: 43 | EH5: 44 | EI5: 45 | EJ5: 46 | EK5: 47 | EL5: 48 | EM5: 49 | EN5: 50 | EO5: 51 | EP5: 52 | EQ5: 01 | ER5: 02 | ES5: 03 | ET5: 04 | EU5: 05 | EV5: 06 | EW5: 07 | EX5: 08 | EY5: 09 | EZ5: 10 | FA5: 11 | FB5: 12 | FC5: 13
A6: 5 | B6: 110000329 | C6: Hạt rPET WSS01 | E6: WSS01 - Hạt rPET (IV 0.78) | F6: DTR-Giá EXW xuất xưởng | G6: $ /tấn | H6: DTR | I6: 810 | J6: 810 | K6: 840 | L6: 880 | M6: 900 | N6: 900 | O6: 900 | P6: 900 | Q6: 900 | R6: 860 | S6: 855 | T6: 855 | U6: 855 | V6: =+SUM(CR6:CU6)/COUNT(CR6:CU6) -> 855 | W6: =+SUM(CV6:CY6)/COUNT(CV6:CY6) -> 780 | X6: =+SUM(CZ6:DC6)/COUNT(CZ6:DC6) -> 790 | Y6: 785 | Z6: 765 | AA6: 765 | AB6: 680 | AC6: =680-20 -> 660 | AD6: =680-20 -> 660 | AE6: 650 | AF6: 650 | AG6: 650 | AH6: 650 | AI6: 650 | AJ6: 680 | AN6: DTR | AO6: 810 | AP6: 810 | AQ6: 810 | AR6: 810 | AS6: 810 | AT6: 810 | AU6: 810 | AV6: 810 | AW6: 810 | AX6: 840 | AY6: 840 | AZ6: 840 | BA6: 880 | BB6: 880 | BC6: 880 | BD6: 880 | BE6: 900 | BF6: 900 | BG6: 900 | BH6: 900 | BI6: 900 | BJ6: 900 | BK6: 900 | BL6: 900 | BM6: 900 | BN6: 900 | BO6: 900 | BP6: 900 | BQ6: 900 | BR6: 900 | BS6: 900 | BT6: 900 | BU6: 900 | BV6: 900 | BW6: 900 | BX6: 900 | BY6: 900 | BZ6: 900 | CA6: 860 | CB6: 860 | CC6: 860 | CD6: 860 | CE6: 855 | CF6: 855 | CG6: 855 | CH6: 855 | CI6: 855 | CJ6: 855 | CK6: 855 | CL6: 855 | CM6: 855 | CN6: 855 | CO6: 855 | CP6: 855 | CQ6: 855 | CR6: 855 | CS6: 855 | CT6: 855 | CU6: 855 | CV6: 780 | CW6: 780 | CX6: 780 | CY6: 780 | CZ6: 790 | DA6: 790 | DB6: 790 | DC6: 790 | DD6: 785 | DE6: 785 | DF6: 785 | DG6: 785 | DH6: 765 | DI6: 765 | DJ6: 765 | DK6: 765 | DL6: 765 | DM6: 765 | DN6: 765 | DO6: 765 | DP6: 765 | DQ6: 680 | DR6: 680 | DS6: 680 | DT6: 680 | DU6: 680 | DV6: =680-20 -> 660 | DW6: =680-20 -> 660 | DX6: =680-20 -> 660 | DY6: =680-20 -> 660 | DZ6: =680-20 -> 660 | EA6: =680-20 -> 660 | EB6: =680-20 -> 660 | EC6: =680-20 -> 660 | ED6: 650 | EE6: 650 | EF6: 650 | EG6: 650 | EH6: 650 | EI6: 650 | EJ6: 650 | EK6: 650 | EL6: 650 | EM6: 650 | EN6: 650 | EO6: 650 | EP6: 650 | EQ6: 650 | ER6: 650 | ES6: 650 | ET6: 650 | EU6: 650 | EV6: 650 | EW6: 650 | EX6: 650 | EY6: 650 | EZ6: 680 | FA6: 680 | FB6: =680+50 -> 730 | FC6: =680+50 -> 730
D7: Anh 12 | F7: Giá keo PP chính phẩm | G7: $ /tấn | H7: RESIN | I7: =+SUM(AO7:AS7)/COUNT(AO7:AS7) -> 926 | J7: =+SUM(AT7:AW7)/COUNT(AT7:AW7) -> 962.5 | K7: =+SUM(AX7:AZ7)/COUNT(AX7:AZ7) -> 986.66667 | L7: =+SUM(BA7:BD7)/COUNT(BA7:BD7) -> 990 | M7: =+SUM(BE7:BH7)/COUNT(BE7:BH7) -> 992.5 | N7: =+SUM(BI7:BM7)/COUNT(BI7:BM7) -> 1002 | O7: =+SUM(BN7:BQ7)/COUNT(BN7:BQ7) -> 1025 | P7: =+SUM(BR7:BU7)/COUNT(BR7:BU7) -> 1020 | Q7: =+SUM(BV7:BZ7)/COUNT(BV7:BZ7) -> 970 | R7: =+SUM(CA7:CD7)/COUNT(CA7:CD7) -> 955 | S7: =+SUM(CE7:CH7)/COUNT(CE7:CH7) -> 955 | T7: =+SUM(CI7:CM7)/COUNT(CI7:CM7) -> 968 | U7: =+SUM(CN7:CQ7)/COUNT(CN7:CQ7) -> 960 | V7: =+SUM(CR7:CU7)/COUNT(CR7:CU7) -> 970 | W7: =+SUM(CV7:CY7)/COUNT(CV7:CY7) -> 985 | X7: =+SUM(CZ7:DC7)/COUNT(CZ7:DC7) -> 980 | Y7: =+SUM(DD7:DG7)/COUNT(DD7:DG7) -> 965 | Z7: =+SUM(DH7:DL7)/COUNT(DH7:DL7) -> 932 | AA7: =+SUM(DM7:DP7)/COUNT(DM7:DP7) -> 922.5 | AB7: =+SUM(DQ7:DU7)/COUNT(DQ7:DU7) -> 918 | AC7: =+SUM(DV7:DY7)/COUNT(DV7:DY7) -> 895 | AD7: =+SUM(DZ7:EC7)/COUNT(DZ7:EC7) -> 870 | AE7: =+SUM(ED7:EH7)/COUNT(ED7:EH7) -> 842 | AF7: =+SUM(EI7:EL7)/COUNT(EI7:EL7) -> 827.5 | AG7: =+SUM(EM7:EP7)/COUNT(EM7:EP7) -> 820 | AH7: =+SUM(EQ7:EU7)/COUNT(EQ7:EU7) -> 816 | AI7: =+SUM(EV7:EY7)/COUNT(EV7:EY7) -> 847.5 | AJ7: =+SUM(EZ7:FC7)/COUNT(EZ7:FC7) -> 1250 | AK7: 1400 | AM7: Anh 12 | AN7: RESIN | AO7: 920 | AP7: 920 | AQ7: 930 | AR7: 930 | AS7: 930 | AT7: 930 | AU7: 970 | AV7: 970 | AW7: 980 | AX7: 1000 | AY7: 980 | AZ7: 980 | BA7: 980 | BB7: 980 | BC7: 1000 | BD7: 1000 | BE7: 1000 | BF7: 990 | BG7: 990 | BH7: 990 | BI7: 990 | BJ7: 1000 | BK7: 1000 | BL7: 1000 | BM7: 1020 | BN7: 1020 | BO7: 1020 | BP7: 1030 | BQ7: 1030 | BR7: 1030 | BS7: 1030 | BT7: 1030 | BU7: 990 | BV7: 980 | BW7: 980 | BX7: 970 | BY7: 960 | BZ7: 960 | CA7: 960 | CB7: 960 | CC7: 950 | CD7: 950 | CE7: 950 | CF7: 950 | CG7: 950 | CH7: 970 | CI7: 970 | CJ7: 970 | CK7: 970 | CL7: 970 | CM7: 960 | CN7: 960 | CO7: 960 | CP7: 960 | CQ7: 960 | CR7: 960 | CS7: 970 | CT7: 970 | CU7: 980 | CV7: 970 | CW7: 1000 | CX7: 990 | CY7: 980 | CZ7: 980 | DA7: 980 | DB7: 980 | DC7: 980 | DD7: 980 | DE7: 970 | DF7: 960 | DG7: 950 | DH7: 950 | DI7: 930 | DJ7: 930 | DK7: 930 | DL7: 920 | DM7: 920 | DN7: 910 | DO7: 930 | DP7: 930 | DQ7: 930 | DR7: 930 | DS7: 930 | DT7: 900 | DU7: 900 | DV7: 900 | DW7: 900 | DX7: 890 | DY7: 890 | DZ7: 890 | EA7: 870 | EB7: 870 | EC7: 850 | ED7: 850 | EE7: 850 | EF7: 840 | EG7: 840 | EH7: 830 | EI7: 830 | EJ7: 830 | EK7: 830 | EL7: 820 | EM7: 820 | EN7: 820 | EO7: 820 | EP7: 820 | EQ7: 810 | ER7: 810 | ES7: 820 | ET7: 820 | EU7: 820 | EV7: 840 | EW7: 850 | EX7: 850 | EY7: 850 | EZ7: =(950+1050)/2 -> 1000 | FA7: 1200 | FB7: 1400 | FC7: 1400
H8: TTCP | I8: =I7 -> 926 | J8: =J7 -> 962.5 | K8: =K7 -> 986.66667 | L8: =L7 -> 990 | M8: =M7 -> 992.5 | N8: =N7 -> 1002 | O8: =O7 -> 1025 | P8: =P7 -> 1020 | ... AK8: =AK7 -> 1400 | AN8: TTCP | AO8: =AO7 -> 920 | AP8: =AP7 -> 920 | AQ8: =AQ7 -> 930 | AR8: =AR7 -> 930 | AS8: =AS7 -> 930 | AT8: =AT7 -> 930 | AU8: =AU7 -> 970 | AV8: =AV7 -> 970 | ... FC8: =FC7 -> 1400
H9: CL | I9: =+I6-I8 -> -116 | J9: =+J6-J8 -> -152.5 | K9: =+K6-K8 -> -146.66667 | L9: =+L6-L8 -> -110 | M9: =+M6-M8 -> -92.5 | N9: =+N6-N8 -> -102 | O9: =+O6-O8 -> -125 | P9: =+P6-P8 -> -120 | ... AK9: =+AK6-AK8 -> -1400 | AN9: CL | AO9: =+AO6-AO8 -> -110 | AP9: =+AP6-AP8 -> -110 | AQ9: =+AQ6-AQ8 -> -120 | AR9: =+AR6-AR8 -> -120 | AS9: =+AS6-AS8 -> -120 | AT9: =+AT6-AT8 -> -120 | AU9: =+AU6-AU8 -> -160 | AV9: =+AV6-AV8 -> -160 | ... FC9: =+FC6-FC8 -> -670
H10: % | I10: =+I9/I8 -> -0.12526998 | J10: =+J9/J8 -> -0.15844156 | K10: =+K9/K8 -> -0.14864865 | L10: =+L9/L8 -> -0.11111111 | M10: =+M9/M8 -> -0.093198992 | N10: =+N9/N8 -> -0.10179641 | O10: =+O9/O8 -> -0.12195122 | P10: =+P9/P8 -> -0.11764706 | ... AK10: =+AK9/AK8 -> -1 | AN10: % | AO10: =+AO9/AO8 -> -0.11956522 | AP10: =+AP9/AP8 -> -0.11956522 | AQ10: =+AQ9/AQ8 -> -0.12903226 | AR10: =+AR9/AR8 -> -0.12903226 | AS10: =+AS9/AS8 -> -0.12903226 | AT10: =+AT9/AT8 -> -0.12903226 | AU10: =+AU9/AU8 -> -0.16494845 | AV10: =+AV9/AV8 -> -0.16494845 | ... FC10: =+FC9/FC8 -> -0.47857143
H11: Điểm hòa vốn | I11: 772 | J11: 772 | K11: 772 | L11: 772 | M11: 772 | N11: 772 | O11: 772 | P11: 738 | Q11: 780.1665 | R11: 790.84737 | S11: 794.61882 | T11: 794.61882 | U11: 772.61325 | V11: 790.71343 | W11: 780.14595 | X11: 780.14595 | Y11: 767.45784 | Z11: 720.2556 | AA11: 754.85044 | AB11: 757.1719 | AC11: 757.1719 | AD11: 757.1719 | AE11: 760.07393 | AF11: 760.79553 | AG11: 765.98334 | AH11: 765.98334 | AI11: 765.48149 | AJ11: 799.47434 | AN11: Điểm hòa vốn | AO11: 772 | AP11: 772 | AQ11: 772 | AR11: 772 | AS11: 772 | AT11: 772 | AU11: 772 | AV11: 772 | AW11: 772 | AX11: 772 | AY11: 772 | AZ11: 772 | BA11: 772 | BB11: 772 | BC11: 772 | BD11: 772 | BE11: 772 | BF11: 772 | BG11: 772 | BH11: 772 | BI11: 772 | BJ11: 772 | BK11: 772 | BL11: 772 | BM11: 772 | BN11: 772 | BO11: 772 | BP11: 772 | BQ11: 772 | BR11: 738 | BS11: 738 | BT11: 738 | BU11: 738 | BV11: 780.1665 | BW11: 780.1665 | BX11: 780.1665 | BY11: 780.1665 | BZ11: 780.1665 | CA11: 791 | CB11: 791 | CC11: 791 | CD11: 791 | CE11: 794.61882 | CF11: 794.61882 | CG11: 794.61882 | CH11: 794.61882 | CI11: 794.61882 | CJ11: 794.61882 | CK11: 794.61882 | CL11: 794.61882 | CM11: 794.61882 | CN11: 772.61325 | CO11: 772.61325 | CP11: 772.61325 | CQ11: 772.61325 | CR11: 790.71343 | CS11: 790.71343 | CT11: 790.71343 | CU11: 790.71343 | CV11: 780.14595 | CW11: 780.14595 | CX11: 780.14595 | CY11: 780.14595 | CZ11: 780.14595 | DA11: 780.14595 | DB11: 780.14595 | DC11: 780.14595 | DD11: 767.45784 | DE11: 767.45784 | DF11: 767.45784 | DG11: 767.45784 | DH11: 720.2556 | DI11: 720.2556 | DJ11: 720.2556 | DK11: 720.2556 | DL11: 720.2556 | DM11: 754.85044 | DN11: 754.85044 | DO11: 754.85044 | DP11: 754.85044 | DQ11: 757.1719 | DR11: 757.1719 | DS11: 757.1719 | DT11: 757.1719 | DU11: 757.1719 | DV11: 757.1719 | DW11: 757.1719 | DX11: 757.1719 | DY11: 757.1719 | DZ11: 757.1719 | EA11: 757.1719 | EB11: 757.1719 | EC11: 757.1719 | ED11: 760.07393 | EE11: 760.07393 | EF11: 760.07393 | EG11: 760.07393 | EH11: 760.07393 | EI11: 760.79553 | EJ11: 760.79553 | EK11: 760.79553 | EL11: 760.79553 | EM11: 765.98334 | EN11: 765.98334 | EO11: 765.98334 | EP11: 765.98334 | EQ11: 765.98334 | ER11: 765.98334 | ES11: 765.98334 | ET11: 765.98334 | EU11: 765.98334 | EV11: 765.48149 | EW11: 765.48149 | EX11: 765.48149 | EY11: 765.48149 | EZ11: 799.47434 | FA11: 799.47434 | FB11: 799.47434 | FC11: 799.47434

Sheet Vảy PP_tháng
A1: #VALUE!

Sheet Vảy PP_tuần

Sheet Ma trận giá bán vảy HDPE ÉP
A3: MA TRẬN GIÁ BÁN VẢY HDPE ÉP | AO3: 2024 | CM3: 2025 | EL3: 2026
B4: Tỷ giá | E4: 24000 | AJ4: 24000 | AK4: 24000 | AL4: 24000 | AM4: 24000 | AN4: 24000 | AO4: 24000 | AP4: 24000
A5: Mã SP | B5: Diễn giải | C5: Đơn vị tính | D5: Diễn giải | E5: T12.23 | F5: T1.24 | G5: 2 | H5: 3 | I5: 4 | J5: 5 | K5: 6 | L5: 7 | M5: 8 | N5: 9 | O5: 10 | P5: 11 | Q5: 12 | R5: T1.25 | S5: 2 | T5: 3 | U5: 4 | V5: 5 | W5: 6 | X5: 7 | Y5: 8 | Z5: 9 | AA5: 10 | AB5: 11 | AC5: 12 | AD5: T1.26 | AE5: 2 | AF5: 3 | AG5: 4 | AI5: Diễn giải | AJ5: 48 | AK5: 49 | AL5: 50 | AM5: 51 | AN5: 52 | AO5: 01 | AP5: 02 | AQ5: 03 | AR5: 04 | AS5: 05 | AT5: 08 | AU5: 09 | AV5: 10 | AW5: 11 | AX5: 12 | AY5: 13 | AZ5: 14 | BA5: 15 | BB5: 16 | BC5: 17 | BD5: 18 | BE5: 19 | BF5: 20 | BG5: 21 | BH5: 22 | BI5: 23 | BJ5: 24 | BK5: 25 | BL5: 26 | BM5: 27 | BN5: 28 | BO5: 29 | BP5: 30 | BQ5: 31 | BR5: 32 | BS5: 33 | BT5: 34 | BU5: 35 | BV5: 36 | BW5: 37 | BX5: 38 | BY5: 39 | BZ5: 40 | CA5: 41 | CB5: 42 | CC5: 43 | CD5: 44 | CE5: 45 | CF5: 46 | CG5: 47 | CH5: 48 | CI5: 49 | CJ5: 50 | CK5: 51 | CL5: 52 | CM5: 01 | CN5: 02 | CO5: 03 | CP5: 04 | CQ5: 06 | CR5: 07 | CS5: 08 | CT5: 09 | CU5: 10 | CV5: 11 | CW5: 12 | CX5: 13 | CY5: 14 | CZ5: 15 | DA5: 16 | DB5: 17 | DC5: 18 | DD5: 19 | DE5: 20 | DF5: 21 | DG5: 22 | DH5: 23 | DI5: 24 | DJ5: 25 | DK5: 26 | DL5: 27 | DM5: 28 | DN5: 29 | DO5: 30 | DP5: 31 | DQ5: 32 | DR5: 33 | DS5: 34 | DT5: 35 | DU5: 36 | DV5: 37 | DW5: 38 | DX5: 39 | DY5: 40 | DZ5: 41 | EA5: 42 | EB5: 43 | EC5: 44 | ED5: 45 | EE5: 46 | EF5: 47 | EG5: 48 | EH5: 49 | EI5: 50 | EJ5: 51 | EK5: 52 | EL5: 01 | EM5: 02 | EN5: 03 | EO5: 04 | EP5: 05 | EQ5: 06 | ER5: 07 | ES5: 08 | ET5: 09 | EU5: 10 | EV5: 11 | EW5: 12 | EX5: 13
B6: DTR-Giá EXW xuất xưởng | C6: $ /tấn | D6: DTR | E6: 810 | F6: 810 | G6: 880 | H6: 900 | I6: 900 | J6: 870 | K6: 870 | L6: 870 | M6: 870 | N6: 850 | O6: 840 | P6: 825 | Q6: =+SUM(CI6:CL6)/COUNT(CI6:CL6) -> 825 | R6: =+SUM(CM6:CP6)/COUNT(CM6:CP6) -> 825 | S6: =+SUM(CQ6:CT6)/COUNT(CQ6:CT6) -> 750 | T6: =+SUM(CU6:CX6)/COUNT(CU6:CX6) -> 750 | U6: 750 | V6: =750-30 -> 720 | W6: =750-30 -> 720 | X6: =750-30 -> 720 | Y6: =750-30-20 -> 700 | Z6: =750-30-20 -> 700 | AA6: =750-30-20 -> 700 | AB6: 690 | AC6: 665 | AD6: 665 | AE6: 665 | AF6: 665 | AI6: DTR | AJ6: 810 | AK6: 810 | AL6: 810 | AM6: 810 | AN6: 810 | AO6: 810 | AP6: 810 | AQ6: 810 | AR6: 810 | AS6: 880 | AT6: 880 | AU6: 880 | AV6: 900 | AW6: 900 | AX6: 900 | AY6: 900 | AZ6: 900 | BA6: 900 | BB6: 900 | BC6: 900 | BD6: 870 | BE6: 870 | BF6: 870 | BG6: 870 | BH6: 870 | BI6: 870 | BJ6: 870 | BK6: 870 | BL6: 870 | BM6: 870 | BN6: 870 | BO6: 870 | BP6: 870 | BQ6: 870 | BR6: 870 | BS6: 870 | BT6: 870 | BU6: 870 | BV6: 850 | BW6: 850 | BX6: 850 | BY6: 850 | BZ6: 840 | CA6: 840 | CB6: 840 | CC6: 840 | CD6: 825 | CE6: 825 | CF6: 825 | CG6: 825 | CH6: 825 | CI6: 825 | CJ6: 825 | CK6: 825 | CL6: 825 | CM6: 825 | CN6: 825 | CO6: 825 | CP6: 825 | CQ6: 750 | CR6: 750 | CS6: 750 | CT6: 750 | CU6: 750 | CV6: 750 | CW6: 750 | CX6: 750 | CY6: 750 | CZ6: 750 | DA6: 750 | DB6: 750 | DC6: 720 | DD6: 720 | DE6: 720 | DF6: 720 | DG6: 720 | DH6: 720 | DI6: 720 | DJ6: 720 | DK6: 720 | DL6: 720 | DM6: 720 | DN6: 720 | DO6: 720 | DP6: 720 | DQ6: 700 | DR6: 700 | DS6: 700 | DT6: 700 | DU6: 700 | DV6: 700 | DW6: 700 | DX6: 700 | DY6: 700 | DZ6: 700 | EA6: 700 | EB6: 700 | EC6: 700 | ED6: 690 | EE6: 690 | EF6: 690 | EG6: 690 | EH6: 665 | EI6: 665 | EJ6: 665 | EK6: 665 | EL6: 665 | EM6: 665 | EN6: 665 | EO6: 665 | EP6: 665 | EQ6: 665 | ER6: 665 | ES6: 665 | ET6: 665 | EU6: 665 | EV6: 665 | EW6: =665+50 -> 715 | EX6: =665+50 -> 715
A7: Anh 12 | B7: Giá keo PP chính phẩm | C7: $ /tấn | D7: RESIN | E7: =+SUM(AJ7:AN7)/COUNT(AJ7:AN7) -> 900 | F7: =+SUM(AO7:AR7)/COUNT(AO7:AR7) -> 947.5 | G7: =+SUM(AS7:AU7)/COUNT(AS7:AU7) -> 1010 | H7: =+SUM(AV7:AY7)/COUNT(AV7:AY7) -> 995 | I7: =+SUM(AZ7:BC7)/COUNT(AZ7:BC7) -> 975 | J7: =+SUM(BD7:BH7)/COUNT(BD7:BH7) -> 956 | K7: =+SUM(BI7:BL7)/COUNT(BI7:BL7) -> 980 | L7: =+SUM(BM7:BP7)/COUNT(BM7:BP7) -> 975 | M7: =+SUM(BQ7:BU7)/COUNT(BQ7:BU7) -> 946 | N7: =+SUM(BV7:BY7)/COUNT(BV7:BY7) -> 932.5 | O7: =+SUM(BZ7:CC7)/COUNT(BZ7:CC7) -> 925 | P7: =+SUM(CD7:CH7)/COUNT(CD7:CH7) -> 940 | Q7: =+SUM(CI7:CL7)/COUNT(CI7:CL7) -> 940 | R7: =+SUM(CM7:CP7)/COUNT(CM7:CP7) -> 940 | S7: =+SUM(CQ7:CT7)/COUNT(CQ7:CT7) -> 945 | T7: =+SUM(CU7:CX7)/COUNT(CU7:CX7) -> 940 | U7: =+SUM(CY7:DB7)/COUNT(CY7:DB7) -> 905 | V7: =+SUM(DC7:DG7)/COUNT(DC7:DG7) -> 908 | W7: =+SUM(DH7:DK7)/COUNT(DH7:DK7) -> 915 | X7: =+SUM(DL7:DP7)/COUNT(DL7:DP7) -> 930 | Y7: =+SUM(DQ7:DT7)/COUNT(DQ7:DT7) -> 930 | Z7: =+SUM(DU7:DX7)/COUNT(DU7:DX7) -> 915 | AA7: =+SUM(DY7:EC7)/COUNT(DY7:EC7) -> 870 | AB7: =+SUM(ED7:EG7)/COUNT(ED7:EG7) -> 840 | AC7: =+SUM(EH7:EK7)/COUNT(EH7:EK7) -> 830 | AD7: =+SUM(EL7:EP7)/COUNT(EL7:EP7) -> 830 | AE7: =+SUM(EQ7:ET7)/COUNT(EQ7:ET7) -> 830 | AF7: =+SUM(EU7:EX7)/COUNT(EU7:EX7) -> 1268.75 | AG7: 1450 | AI7: RESIN | AJ7: 900 | AK7: 900 | AL7: 900 | AM7: 900 | AN7: 900 | AO7: 900 | AP7: 930 | AQ7: 930 | AR7: 1030 | AS7: 1030 | AT7: 1000 | AU7: 1000 | AV7: 1000 | AW7: 1000 | AX7: 1000 | AY7: 980 | AZ7: 980 | BA7: 980 | BB7: 980 | BC7: 960 | BD7: 950 | BE7: 950 | BF7: 950 | BG7: 950 | BH7: 980 | BI7: 980 | BJ7: 980 | BK7: 980 | BL7: 980 | BM7: 980 | BN7: 980 | BO7: 980 | BP7: 960 | BQ7: 950 | BR7: 950 | BS7: 950 | BT7: 940 | BU7: 940 | BV7: 940 | BW7: 930 | BX7: 930 | BY7: 930 | BZ7: 920 | CA7: 920 | CB7: 920 | CC7: 940 | CD7: 940 | CE7: 940 | CF7: 940 | CG7: 940 | CH7: 940 | CI7: 940 | CJ7: 940 | CK7: 940 | CL7: 940 | CM7: 940 | CN7: 940 | CO7: 940 | CP7: 940 | CQ7: 940 | CR7: 940 | CS7: 950 | CT7: 950 | CU7: 950 | CV7: 950 | CW7: 950 | CX7: 910 | CY7: 910 | CZ7: 900 | DA7: 900 | DB7: 910 | DC7: 910 | DD7: 910 | DE7: 910 | DF7: 910 | DG7: 900 | DH7: 900 | DI7: 900 | DJ7: 930 | DK7: 930 | DL7: 930 | DM7: 930 | DN7: 930 | DO7: 930 | DP7: 930 | DQ7: 930 | DR7: 930 | DS7: 930 | DT7: 930 | DU7: 930 | DV7: 930 | DW7: 930 | DX7: 870 | DY7: 870 | DZ7: 870 | EA7: 870 | EB7: 870 | EC7: 870 | ED7: 870 | EE7: 830 | EF7: 830 | EG7: 830 | EH7: 830 | EI7: 830 | EJ7: 830 | EK7: 830 | EL7: 830 | EM7: 830 | EN7: 830 | EO7: 830 | EP7: 830 | EQ7: 830 | ER7: 830 | ES7: 830 | ET7: 830 | EU7: =(950+1000)/2 -> 975 | EV7: 1250 | EW7: 1400 | EX7: 1450
D8: TTCP | E8: =E7 -> 900 | F8: =F7 -> 947.5 | G8: =G7 -> 1010 | H8: =H7 -> 995 | I8: =I7 -> 975 | J8: =J7 -> 956 | K8: =K7 -> 980 | L8: =L7 -> 975 | ... AG8: =AG7 -> 1450 | AI8: TTCP | AJ8: =AJ7 -> 900 | AK8: =AK7 -> 900 | AL8: =AL7 -> 900 | AM8: =AM7 -> 900 | AN8: =AN7 -> 900 | AO8: =AO7 -> 900 | AP8: =AP7 -> 930 | AQ8: =AQ7 -> 930 | ... EX8: =EX7 -> 1450
D9: CL | E9: =+E6-E8 -> -90 | F9: =+F6-F8 -> -137.5 | G9: =+G6-G8 -> -130 | H9: =+H6-H8 -> -95 | I9: =+I6-I8 -> -75 | J9: =+J6-J8 -> -86 | K9: =+K6-K8 -> -110 | L9: =+L6-L8 -> -105 | ... AG9: =+AG6-AG8 -> -1450 | AI9: CL | AJ9: =+AJ6-AJ8 -> -90 | AK9: =+AK6-AK8 -> -90 | AL9: =+AL6-AL8 -> -90 | AM9: =+AM6-AM8 -> -90 | AN9: =+AN6-AN8 -> -90 | AO9: =+AO6-AO8 -> -90 | AP9: =+AP6-AP8 -> -120 | AQ9: =+AQ6-AQ8 -> -120 | ... EX9: =+EX6-EX8 -> -735
D10: % | E10: =+E9/E8 -> -0.1 | F10: =+F9/F8 -> -0.14511873 | G10: =+G9/G8 -> -0.12871287 | H10: =+H9/H8 -> -0.095477387 | I10: =+I9/I8 -> -0.076923077 | J10: =+J9/J8 -> -0.089958159 | K10: =+K9/K8 -> -0.1122449 | L10: =+L9/L8 -> -0.10769231 | ... AG10: =+AG9/AG8 -> -1 | AI10: % | AJ10: =+AJ9/AJ8 -> -0.1 | AK10: =+AK9/AK8 -> -0.1 | AL10: =+AL9/AL8 -> -0.1 | AM10: =+AM9/AM8 -> -0.1 | AN10: =+AN9/AN8 -> -0.1 | AO10: =+AO9/AO8 -> -0.1 | AP10: =+AP9/AP8 -> -0.12903226 | AQ10: =+AQ9/AQ8 -> -0.12903226 | ... EX10: =+EX9/EX8 -> -0.50689655
D11: Điểm hòa vốn | E11: 607 | F11: 607 | G11: 603 | H11: 603 | I11: 595 | J11: 595 | K11: 595 | L11: 656 | M11: 661 | N11: 664 | O11: 665.95976 | P11: 662.45159 | Q11: 666.20088 | R11: 673.72307 | S11: 686.58248 | T11: 717.72826 | U11: 706.65663 | V11: 684.45465 | W11: 669.97727 | X11: 676.40258 | Y11: 675.58305 | Z11: 690.17869 | AA11: 524.58052 | AB11: 523.80366 | AC11: 541.0758 | AD11: 570.4945 | AE11: 600.85846 | AF11: 615.49499 | AI11: Điểm hòa vốn | AJ11: 607 | AK11: 607 | AL11: 607 | AM11: 607 | AN11: 607 | AO11: 607 | AP11: 607 | AQ11: 607 | AR11: 607 | AS11: 603 | AT11: 603 | AU11: 603 | AV11: 603 | AW11: 603 | AX11: 603 | AY11: 603 | AZ11: 594.5498 | BA11: 594.5498 | BB11: 594.5498 | BC11: 594.5498 | BD11: 595 | BE11: 595 | BF11: 595 | BG11: 595 | BH11: 595 | BI11: 595 | BJ11: 595 | BK11: 595 | BL11: 595 | BM11: 656 | BN11: 656 | BO11: 656 | BP11: 656 | BQ11: 661 | BR11: 661 | BS11: 661 | BT11: 661 | BU11: 661 | BV11: 664 | BW11: 664 | BX11: 664 | BY11: 664 | BZ11: 665.95976 | CA11: 665.95976 | CB11: 665.95976 | CC11: 665.95976 | CD11: 662.45159 | CE11: 662.45159 | CF11: 662.45159 | CG11: 662.45159 | CH11: 662.45159 | CI11: 666.20088 | CJ11: 666.20088 | CK11: 666.20088 | CL11: 666.20088 | CM11: 673.72307 | CN11: 673.72307 | CO11: 673.72307 | CP11: 673.72307 | CQ11: 686.58248 | CR11: 686.58248 | CS11: 686.58248 | CT11: 686.58248 | CU11: 717.72826 | CV11: 717.72826 | CW11: 717.72826 | CX11: 717.72826 | CY11: 706.65663 | CZ11: 706.65663 | DA11: 706.65663 | DB11: 706.65663 | DC11: 684.45465 | DD11: 684.45465 | DE11: 684.45465 | DF11: 684.45465 | DG11: 684.45465 | DH11: 669.97727 | DI11: 669.97727 | DJ11: 669.97727 | DK11: 669.97727 | DL11: 676.40258 | DM11: 676.40258 | DN11: 676.40258 | DO11: 676.40258 | DP11: 676.40258 | DQ11: 675.58305 | DR11: 675.58305 | DS11: 675.58305 | DT11: 675.58305 | DU11: 690.17869 | DV11: 690.17869 | DW11: 690.17869 | DX11: 690.17869 | DY11: 524.58052 | DZ11: 524.58052 | EA11: 524.58052 | EB11: 524.58052 | EC11: 524.58052 | ED11: 523.80366 | EE11: 523.80366 | EF11: 523.80366 | EG11: 523.80366 | EH11: 541.0758 | EI11: 541.0758 | EJ11: 541.0758 | EK11: 541.0758 | EL11: 570.4945 | EM11: 570.4945 | EN11: 570.4945 | EO11: 570.4945 | EP11: 570.4945 | EQ11: 600.85846 | ER11: 600.85846 | ES11: 600.85846 | ET11: 600.85846 | EU11: 615.49499 | EV11: 615.49499 | EW11: 615.49499 | EX11: 615.49499

Sheet Vảy HD ÉP_tháng

Sheet Vảy HD ÉP_tuần
