Workbook
Name \T: #REF!
Name __dao1: #REF!
Name __dao2: #REF!
Name __dap2: #REF!
Name __day1: #REF!
Name __day2: #REF!
Name __dbu1: #REF!
Name __dbu2: #REF!
Name __doi3: #REF!
Name __E99999: #REF!
Name __Jan02: #REF!
Name __lap1: #REF!
Name __lap2: #REF!
Name __vc1: #REF!
Name __vc2: #REF!
Name __vc3: #REF!
Name _01_01_99: #REF!
Name _01_02_99: #REF!
Name _01_03_99: #REF!
Name _01_04_99: #REF!
Name _01_05_99: #REF!
Name _01_06_99: #REF!
Name _01_07_99: #REF!
Name _01_08_1999: #REF!
Name _1CAP002: #REF!
Name _2STREO7: #REF!
Name _4GOIC01: #REF!
Name _4OSLCTT: #REF!
Name _6BNTTTH: #REF!
Name _6DCTTBO: #REF!
Name _6DD24TT: #REF!
Name _6FCOTBU: #REF!
Name _6LATUBU: #REF!
Name _6SDTT24: #REF!
Name _6TBUDTT: #REF!
Name _6TDDDTT: #REF!
Name _6TLTTTH: #REF!
Name _6TUBUTT: #REF!
Name _6UCLVIS: #REF!
Name _7DNCABC: #REF!
Name _7HDCTBU: #REF!
Name _7PKTUBU: #REF!
Name _7TBHT20: #REF!
Name _7TBHT30: #REF!
Name _7TDCABC: #REF!
Name _dao1: #REF!
Name _dao2: #REF!
Name _dap2: #REF!
Name _day1: #REF!
Name _day2: #REF!
Name _dbu1: #REF!
Name _dbu2: #REF!
Name _doi3: #REF!
Name _E99999: #REF!
Name _Jan02: #REF!
Name _lap1: #REF!
Name _lap2: #REF!
Name _vc1: #REF!
Name _vc2: #REF!
Name _vc3: #REF!

Sheet 1. rPET
D2: GIÁ BÁN HẠT rPET - THÁNG 06 NĂM 2025 HỖ TRỢ PHÁT TRIỂN KHÁCH HÀNG MỚI | O2: TC-TCH-01/ BM01 | R2: 800
O3: V0 -04/10/2024
O4: Ngày áp dụng: 01/04/2026
B6: STT | C6: Mã sản phẩm | D6: Sản phẩm | E6: Mức IV | F6: Giá xuất xưởng DTR (USD/tấn) | P6: Chênh lệch Giá tháng 04 vs chính phẩm (800 $/tấn)
F7: ='rPET- nội bộ '!F7 -> Tháng 03 (đã duyệt) | J7: ='rPET- nội bộ '!J7 -> Tháng 04 | N7: ='rPET- nội bộ '!N7 -> Chênh lệch tháng 04 vs tháng 03
F8: Giá Bán (1) | G8: % Chiết khấu (2) | H8: Chiết Khấu (3) | I8: Giá bán sau chiết khấu (4)=(1)-(3) | J8: Giá Bán (1) | K8: % Chiết khấu (2) | L8: Chiết Khấu (3) | M8: Giá bán sau chiết khấu (4)=(1)-(3) | N8: USD | O8: % | P8: USD | Q8: %
C9: HẠT FOOD GRADE
B10: 1 | C10: 110000354 | D10: Hạt nhựa rPET WSS01G | E10: 0.78 | F10: 1365 | G10: 0.098901099 | H10: 135 | I10: 1250 | J10: 1365 | K10: =L10/J10 -> 0.084249084 | L10: =J10-M10 -> 115 | M10: =1300+10+15-50-45+20 -> 1250 | N10: =M10-I10 -> 0 | O10: =1-(I10/M10) -> 0 | P10: =M10-$R$2 -> 450 | Q10: =P10/$R$2 -> 0.5625
B11: =B10+1 -> 2 | C11: 110000381 | D11: Hạt nhựa rPET WSS03SD, WSS04SB, WSS04SD (xơ sợi) | E11: 0.63 | F11: 1155 | G11: =H11/F11 -> 0.047619048 | H11: =F11-I11 -> 55 | I11: 1100 | J11: 1155 | K11: =L11/J11 -> 0.047619048 | L11: =J11-M11 -> 55 | M11: 1100 | N11: =M11-I11 -> 0 | O11: =1-(I11/M11) -> 0 | P11: =M11-$R$2 -> 300 | Q11: =P11/$R$2 -> 0.375
B14: Bảng chi tiết giá theo IV:
B15: Giá bán ± thêm so với giá gốc IV 0.78
B16: STT | C16: Mức IV | D16: Nhóm Sản Phẩm | E16: Giá bán ± theo IV ( USD )
C17: HẠT FOOD GRADE
B18: 1 | C18: 0.84 | D18: iSS01084G | E18: + 90
B19: 2 | C19: 0.8 | D19: iSS01G / iSS01 | E19: + 30
B20: 3 | C20: 0.78 | D20: WSS01G / WSS01 / WSS01L | E20: 0
B21: 4 | C21: 0.7 | D21: WSS03G/ WSS03 | E21: - 70
C22: HẠT XƠ SỢI
B23: 1 | C23: 0.7 | D23: WSS03SD/WSS03SB | E23: -130
B24: 2 | C24: 0.63 | D24: WSS04SD/WSS04SB | E24: -130
B25: Lưu ý:
B26: 1. Giá FOB = Giá xuất xưởng (EXW) + USD 22/tấn (trường hợp bán full cont, nếu bán ít hơn cont liên hệ bộ phận Logistics lấy chi phí phù hợp)
B27: 2. Ủy quyền cho GĐĐH duyệt theo đơn đặt hàng: biên độ +/-10% so với giá xuất xưởng DTR
Q28: ='rPET- nội bộ '!Q45 -> Ngày 19 tháng 03 năm 2026
B30: Chủ Tịch | D30: GĐĐH Tài Chính | F30: TGĐ | H30: GĐĐH DTR | J30: Giám Đốc Kinh Doanh | M30: Giám Đốc Tài Chính | P30: Kế Toán
B37: Trần Duy Hy | D37: Nguyễn Bảo Quốc | F37: Huỳnh Ngọc Thạch | H37: Đái Trung Quân | J37: Dương Từ Uyên Thảo | M37: Lê Hoành Cư | P37: Lưu Thị Minh Tâm

Sheet 2. rHDPE 
D2: GIÁ BÁN HẠT rHDPE - THÁNG 06 NĂM 2025 HỖ TRỢ PHÁT TRIỂN KHÁCH HÀNG MỚI | O2: TC-TCH-01/ BM04 | R2: 860
O3: V0 -04/10/2024
O4: ='1. rPET'!O4 -> Ngày áp dụng: 01/04/2026
B6: STT | C6: Mã sản phẩm | D6: Sản phẩm | E6: Màu | F6: Giá xuất xưởng DTR (USD/tấn) | P6: Chênh lệch Giá tháng 06 vs chính phẩm (860 $/tấn HD thổi & 910 $/tấn HD ép )
F7: ='1. rPET'!F7 -> Tháng 03 (đã duyệt) | J7: ='1. rPET'!J7 -> Tháng 04 | N7: ='1. rPET'!N7 -> Chênh lệch tháng 04 vs tháng 03
F8: Giá Bán (1) | G8: % Chiết khấu (2) | H8: Chiết Khấu (3) | I8: Giá bán sau chiết khấu (4)=(1)-(3) | J8: Giá Bán (1) | K8: % Chiết khấu (2) | L8: Chiết Khấu (3) | M8: Giá bán sau chiết khấu (4)=(1)-(3) | N8: USD | O8: % | P8: USD | Q8: %
B9: A | C9: NHÓM KHÁCH HÀNG PHÁT TRIỂN BỀN VỮNG
B10: I. rHDPE THỔI (PERSONAL CARE) (ĐÃ KHỬ MÙI)
B11: 1 | C11: 110000443 | D11: Hạt Nhựa rHDA03N01 | E11: Không màu | F11: 1530 | G11: =H11/F11 -> 0.11764706 | H11: =F11-I11 -> 180 | I11: 1350 | J11: 1530 | K11: =L11/J11 -> 0.11764706 | L11: =J11-M11 -> 180 | M11: 1350 | N11: =M11-I11 -> 0 | O11: =1-(I11/M11) -> 0 | P11: =M11-$R$2 -> 490 | Q11: =P11/$R$2 -> 0.56976744 | S11: Không mua giá ICIS HD, PP nữa
B12: =B11+1 -> 2 | C12: 110000337 | D12: Hạt nhựa rHD Thổi màu | E12: Trắng, lá, vàng | F12: =+$F$11-50 -> 1480 | G12: =H12/F12 -> 0.12162162 | H12: =F12-I12 -> 180 | I12: 1300 | J12: =+$J$11-50 -> 1480 | K12: =L12/J12 -> 0.12162162 | L12: =J12-M12 -> 180 | M12: 1300 | N12: =M12-I12 -> 0 | O12: =1-(I12/M12) -> 0 | P12: =M12-$R$2 -> 440 | Q12: =P12/$R$2 -> 0.51162791
B13: II. rHDPE THỔI (HOME CARE) (CHƯA KHỬ MÙI)
B14: 1 | C14: 110000432 | D14: Hạt Nhựa rHDB03N01/ rHDB03N02 | E14: Không màu, Trắng, lá, vàng, đen | F14: 1480 | G14: =H14/F14 -> 0.15540541 | H14: =F14-I14 -> 230 | I14: 1250 | J14: 1480 | K14: =L14/J14 -> 0.15540541 | L14: =J14-M14 -> 230 | M14: =M12-50 -> 1250 | N14: =M14-I14 -> 0 | O14: =1-(I14/M14) -> 0 | P14: =M14-$R$2 -> 390 | Q14: =P14/$R$2 -> 0.45348837
B15: III. rHDPE ÉP
B16: 1 | C16: 110000373 | D16: Hạt rHD ép màu | E16: Màu dương, trắng, đỏ, lá, xám | F16: 1300 | G16: =H16/F16 -> 0.23846154 | H16: =F16-I16 -> 310 | I16: 990 | J16: 1300 | K16: =L16/J16 -> 0.23076923 | L16: =J16-M16 -> 300 | M16: =$R$16*1.1-1 -> 1000 | N16: =M16-I16 -> 10 | O16: =1-(I16/M16) -> 0.01 | P16: =M16-$R$16 -> 90 | Q16: =P16/$R$16 -> 0.098901099 | R16: 910
B17: 2 | C17: 110000362 | D17: Hạt rHD ép đen | E17: Màu đen | F17: 1300 | G17: =H17/F17 -> 0.27692308 | H17: =F17-I17 -> 360 | I17: 940 | J17: 1360 | K17: =L17/J17 -> 0.30147059 | L17: =J17-M17 -> 410 | M17: =M16-50 -> 950 | N17: =M17-I17 -> 10 | O17: =1-(I17/M17) -> 0.010526316 | P17: =M17-$R$16 -> 40 | Q17: =P17/$R$16 -> 0.043956044
B18: B | C18: NHÓM KHÁCH HÀNG CHƯA CAM KẾT PHÁT TRIỂN BỀN VỮNG
B19: 1 | C19: 110000373 | D19: Hạt rHD ép màu | E19: Màu dương, trắng, đỏ, lá, xám | F19: 1000 | G19: =H19/F19 -> 0.235 | H19: =F19-I19 -> 235 | I19: 765 | J19: 1000 | K19: =L19/J19 -> 0.2255 | L19: =J19-M19 -> 225.5 | M19: =R16*85%+1 -> 774.5 | N19: =M19-I19 -> 9.5 | O19: =1-(I19/M19) -> 0.012265978 | P19: =M19-$R$16 -> -135.5 | Q19: =P19/$R$2 -> -0.15755814
B20: 2 | C20: 110000362 | D20: Hạt rHD ép đen | E20: Màu đen | F20: 1000 | G20: =H20/F20 -> 0.285 | H20: =F20-I20 -> 285 | I20: =I19-50 -> 715 | J20: 1000 | K20: =L20/J20 -> 0.2755 | L20: =J20-M20 -> 275.5 | M20: =M19-50 -> 724.5 | N20: =M20-I20 -> 9.5 | O20: =1-(I20/M20) -> 0.013112491 | P20: =M20-$R$2 -> -135.5 | Q20: =P20/$R$2 -> -0.15755814
B21: 3 | C21: 110000361 | D21: Hạt rHDI3R01 | E21: Màu đỏ | F21: 1000 | G21: =H21/F21 -> 0.05 | H21: =F21-I21 -> 50 | I21: 950 | J21: 1000 | K21: =L21/J21 -> 0.05 | L21: =J21-M21 -> 50 | M21: 950 | N21: =M21-I21 -> 0 | O21: =1-(I21/M21) -> 0 | P21: =M21-$R$2 -> 90 | Q21: =P21/$R$2 -> 0.10465116
B24: Lưu ý:
B26: 1. Giá FOB = Giá xuất xưởng (EXW) + USD 22/tấn (trường hợp bán full cont, nếu bán ít hơn cont liên hệ bộ phận Logistics lấy chi phí phù hợp)
B27: 2. Ủy quyền cho GĐĐH duyệt theo đơn đặt hàng: biên độ +/-10% so với giá xuất xưởng DTR
Q29: ='rPET- nội bộ '!Q45 -> Ngày 19 tháng 03 năm 2026
B31: Chủ Tịch | D31: GĐĐH Tài Chính | F31: TGĐ | H31: GĐĐH DTR | J31: Giám Đốc Kinh Doanh | M31: Giám Đốc Tài Chính | P31: Kế Toán
B38: Trần Duy Hy | D38: Nguyễn Bảo Quốc | F38: Huỳnh Ngọc Thạch | H38: Đái Trung Quân | J38: Dương Từ Uyên Thảo | M38: Lê Hoành Cư | P38: Lưu Thị Minh Tâm

Sheet 3.Vảy HDPE- Ép
D2: GIÁ BÁN VẢY HDPE ÉP- THÁNG 06 NĂM 2025 HỖ TRỢ PHÁT TRIỂN KHÁCH HÀNG MỚI | O2: TC-TCH-01/ BM05 | R2: 910
O3: V0 -04/10/2024
O4: ='1. rPET'!O4 -> Ngày áp dụng: 01/04/2026
B6: STT | C6: Mã sản phẩm | D6: Sản phẩm | E6: Màu | F6: Giá xuất xưởng DTR (USD/tấn) | P6: Chênh lệch Giá tháng 06 vs chính phẩm (910 $/tấn)
F7: ='1. rPET'!F7 -> Tháng 03 (đã duyệt) | J7: ='1. rPET'!J7 -> Tháng 04 | N7: ='1. rPET'!N7 -> Chênh lệch tháng 04 vs tháng 03
F8: Giá Bán (1) | G8: % Chiết khấu (2) | H8: Chiết Khấu (3) | I8: Giá bán sau chiết khấu (4)=(1)-(3) | J8: Giá Bán (1) | K8: % Chiết khấu (2) | L8: Chiết Khấu (3) | M8: Giá bán sau chiết khấu (4)=(1)-(3) | N8: USD | O8: % | P8: USD | Q8: %
B9: NHÓM KHÁCH HÀNG CHƯA CAM KẾT PHÁT TRIỂN BỀN VỮNG
B10: 1 | C10: 110000407 | D10: Vảy HD màu | E10: Đỏ, Trắng, Vàng, Lá, Dương | F10: 925 | G10: =H10/F10 -> 0.22162162 | H10: =F10-I10 -> 205 | I10: 720 | J10: 925 | K10: =L10/J10 -> 0.21621622 | L10: =J10-M10 -> 200 | M10: =R2*0.8-3 -> 725 | N10: =M10-I10 -> 5 | O10: =1-(I10/M10) -> 0.0068965517 | P10: =M10-$R$2 -> -185 | Q10: =P10/$R$2 -> -0.2032967
B11: 2 | C11: 110000412 | D11: Vảy HD Ép Đen | E11: Đen | F11: 925 | G11: =H11/F11 -> 0.10810811 | H11: =F11-I11 -> 100 | I11: 825 | J11: 925 | K11: =L11/J11 -> 0.10810811 | L11: =J11-M11 -> 100 | M11: 825 | N11: =M11-I11 -> 0 | O11: =1-(I11/M11) -> 0 | P11: =M11-$R$2 -> -85 | Q11: =P11/$R$2 -> -0.093406593
B12: 3 | C12: 110000409 | D12: Vảy HD Ép Vàng | F12: 850 | G12: =H12/F12 -> 0.047058824 | H12: =F12-I12 -> 40 | I12: 810 | J12: 850 | K12: =L12/J12 -> 0.047058824 | L12: =J12-M12 -> 40 | M12: 810 | N12: =M12-I12 -> 0 | O12: =1-(I12/M12) -> 0 | P12: =M12-$R$2 -> -100 | Q12: =P12/$R$2 -> -0.10989011
B13: 4 | C13: 110000410 | D13: Vảy HD Ép Lá | F13: 850 | G13: =H13/F13 -> 0.047058824 | H13: =F13-I13 -> 40 | I13: 810 | J13: 850 | K13: =L13/J13 -> 0.047058824 | L13: =J13-M13 -> 40 | M13: 810 | N13: =M13-I13 -> 0 | O13: =1-(I13/M13) -> 0 | P13: =M13-$R$2 -> -100 | Q13: =P13/$R$2 -> -0.10989011
B14: 5 | C14: 110000411 | D14: Vảy HD Ép Dương | F14: 850 | G14: =H14/F14 -> 0.047058824 | H14: =F14-I14 -> 40 | I14: 810 | J14: 850 | K14: =L14/J14 -> 0.047058824 | L14: =J14-M14 -> 40 | M14: 810 | N14: =M14-I14 -> 0 | O14: =1-(I14/M14) -> 0 | P14: =M14-$R$2 -> -100 | Q14: =P14/$R$2 -> -0.10989011
B17: Lưu ý:
B19: 1. Giá trên là giá xuất xưởng (EXW), nếu vận chuyển đến khách hàng thì cộng thêm phí vận chuyển.
B20: 2. Ủy quyền cho GĐĐH duyệt theo đơn đặt hàng: biên độ +/-10% so với giá xuất xưởng DTR .
Q24: ='rPET- nội bộ '!Q45 -> Ngày 19 tháng 03 năm 2026
B26: Chủ Tịch | D26: GĐĐH Tài Chính | F26: TGĐ | H26: GĐĐH DTR | J26: Giám Đốc Kinh Doanh | M26: Giám Đốc Tài Chính | P26: Kế Toán
B33: Trần Duy Hy | D33: Nguyễn Bảo Quốc | F33: Huỳnh Ngọc Thạch | H33: Đái Trung Quân | J33: Dương Từ Uyên Thảo | M33: Lê Hoành Cư | P33: Lưu Thị Minh Tâm

Sheet 4. rPP 
D2: GIÁ BÁN HẠT rPP - THÁNG 06 NĂM 2025 HỖ TRỢ PHÁT TRIỂN KHÁCH HÀNG MỚI | O2: TC-TCH-01/ BM06 | R2: 930
O3: V0 -04/10/2024
O4: ='1. rPET'!O4 -> Ngày áp dụng: 01/04/2026
B6: STT | C6: Mã sản phẩm | D6: Sản phẩm | E6: Màu | F6: Giá xuất xưởng DTR (USD/tấn) | P6: Chênh lệch Giá tháng 06 vs chính phẩm (930 $/tấn)
F7: ='1. rPET'!F7 -> Tháng 03 (đã duyệt) | J7: ='1. rPET'!J7 -> Tháng 04 | N7: ='1. rPET'!N7 -> Chênh lệch tháng 04 vs tháng 03
F8: Giá Bán (1) | G8: % Chiết khấu (2) | H8: Chiết Khấu (3) | I8: Giá bán sau chiết khấu (4)=(1)-(3) | J8: Giá Bán (1) | K8: % Chiết khấu (2) | L8: Chiết Khấu (3) | M8: Giá bán sau chiết khấu (4)=(1)-(3) | N8: USD | O8: % | P8: USD | Q8: %
B9: A | C9: NHÓM KHÁCH HÀNG PHÁT TRIỂN BỀN VỮNG
B10: 1 | C10: 110000367 | D10: Hạt nhựa rPP màu | E10: Đỏ, dương, trắng, lá | F10: 1200 | G10: =H10/F10 -> 0.12083333 | H10: =F10-I10 -> 145 | I10: 1055 | J10: 1200 | K10: =L10/J10 -> 0.14583333 | L10: =J10-M10 -> 175 | M10: =R2*1.1+2 -> 1025 | N10: =M10-I10 -> -30 | O10: =1-(I10/M10) -> -0.029268293 | P10: =M10-$R$2 -> 95 | Q10: =P10/$R$2 -> 0.10215054
B11: 2 | C11: 110000371 | D11: Hạt nhựa rPP đen | E11: Đen | F11: 1200 | G11: =H11/F11 -> 0.20416667 | H11: =F11-I11 -> 245 | I11: 955 | J11: 1200 | K11: =L11/J11 -> 0.22916667 | L11: =J11-M11 -> 275 | M11: =M10-100 -> 925 | N11: =M11-I11 -> -30 | O11: =1-(I11/M11) -> -0.032432432 | P11: =M11-$R$2 -> -5 | Q11: =P11/$R$2 -> -0.0053763441
B12: B | C12: NHÓM KHÁCH HÀNG CHƯA CAM KẾT PHÁT TRIỂN BỀN VỮNG
B13: 1 | C13: 110000367 | D13: Hạt nhựa rPP màu | E13: Đỏ, dương, trắng, lá, xám | F13: 1000 | G13: 0.1 | H13: 100 | I13: 815 | J13: 1000 | K13: =L13/J13 -> 0.2105 | L13: =J13-M13 -> 210.5 | M13: =R2*85%-1 -> 789.5 | N13: =M13-I13 -> -25.5 | O13: =1-(I13/M13) -> -0.032298923 | P13: =M13-$R$2 -> -140.5 | Q13: =P13/$R$2 -> -0.15107527
B14: 2 | C14: 110000371 | D14: Hạt nhựa rPP đen | E14: Đen | F14: 1000 | G14: 0.1 | H14: 100 | I14: 715 | J14: 1000 | K14: =L14/J14 -> 0.3105 | L14: =J14-M14 -> 310.5 | M14: =M13-100 -> 689.5 | N14: =M14-I14 -> -25.5 | O14: =1-(I14/M14) -> -0.036983321 | P14: =M14-$R$2 -> -240.5 | Q14: =P14/$R$2 -> -0.25860215
B17: Lưu ý:
B19: 1. Giá FOB = Giá xuất xưởng (EXW) + USD 22/tấn (trường hợp bán full cont, nếu bán ít hơn cont liên hệ bộ phận Logistics lấy chi phí phù hợp)
B20: 2. Ủy quyền cho GĐĐH duyệt theo đơn đặt hàng: biên độ +/-10% so với giá xuất xưởng DTR.
Q21: ='rPET- nội bộ '!Q45 -> Ngày 19 tháng 03 năm 2026
B23: Chủ Tịch | D23: GĐĐH Tài Chính | F23: TGĐ | H23: GĐĐH DTR | J23: Giám Đốc Kinh Doanh | M23: Giám Đốc Tài Chính | P23: Kế Toán
B30: Trần Duy Hy | D30: Nguyễn Bảo Quốc | F30: Huỳnh Ngọc Thạch | H30: Đái Trung Quân | J30: Dương Từ Uyên Thảo | M30: Lê Hoành Cư | P30: Lưu Thị Minh Tâm

Sheet 5. Vảy PP
D2: GIÁ BÁN VẢY PP - THÁNG 06 NĂM 2025 HỖ TRỢ PHÁT TRIỂN KHÁCH HÀNG MỚI | O2: TC-TCH-01/ BM07 | R2: 930
O3: V0 -04/10/2024
O4: ='1. rPET'!O4 -> Ngày áp dụng: 01/04/2026
B6: STT | C6: Mã sản phẩm | D6: Sản phẩm | E6: Màu | F6: Giá xuất xưởng DTR (USD/tấn) | P6: Chênh lệch Giá tháng 06 vs chính phẩm (930 $/tấn)
F7: ='1. rPET'!F7 -> Tháng 03 (đã duyệt) | J7: ='1. rPET'!J7 -> Tháng 04 | N7: ='1. rPET'!N7 -> Chênh lệch tháng 04 vs tháng 03
F8: Giá Bán (1) | G8: % Chiết khấu (2) | H8: Chiết Khấu (3) | I8: Giá bán sau chiết khấu (4)=(1)-(3) | J8: Giá Bán (1) | K8: % Chiết khấu (2) | L8: Chiết Khấu (3) | M8: Giá bán sau chiết khấu (4)=(1)-(3) | N8: $ | O8: % | P8: $ | Q8: %
B9: NHÓM KHÁCH HÀNG CHƯA CAM KẾT PHÁT TRIỂN BỀN VỮNG
B10: 1 | C10: 110000421 | D10: Vảy PP màu | E10: Đỏ, dương | F10: 900 | G10: 0.05 | H10: 45 | I10: 765 | J10: 900 | K10: =L10/J10 -> 0.17222222 | L10: =J10-M10 -> 155 | M10: =R2*80%+1 -> 745 | N10: =M10-I10 -> -20 | O10: =1-(I10/M10) -> -0.026845638 | P10: =M10-$R$2 -> -185 | Q10: =P10/$R$2 -> -0.19892473
B11: 2 | C11: 110000422 | D11: Vảy PP Đỏ Đậm | F11: 850 | G11: =H11/F11 -> 0.047058824 | H11: =F11-I11 -> 40 | I11: 810 | J11: 850 | K11: =L11/J11 -> 0.047058824 | L11: =J11-M11 -> 40 | M11: 810 | N11: =M11-I11 -> 0 | O11: =1-(I11/M11) -> 0 | P11: =M11-$R$2 -> -120 | Q11: =P11/$R$2 -> -0.12903226
B12: 3 | C12: 110000423 | D12: Vảy PP Dương Nhạt | F12: 850 | G12: =H12/F12 -> 0.047058824 | H12: =F12-I12 -> 40 | I12: 810 | J12: 850 | K12: =L12/J12 -> 0.047058824 | L12: =J12-M12 -> 40 | M12: 810 | N12: =M12-I12 -> 0 | O12: =1-(I12/M12) -> 0 | P12: =M12-$R$2 -> -120 | Q12: =P12/$R$2 -> -0.12903226
B13: 4 | C13: 110000424 | D13: Vảy PP Dương Đậm | F13: 850 | G13: =H13/F13 -> 0.047058824 | H13: =F13-I13 -> 40 | I13: 810 | J13: 850 | K13: =L13/J13 -> 0.047058824 | L13: =J13-M13 -> 40 | M13: 810 | N13: =M13-I13 -> 0 | O13: =1-(I13/M13) -> 0 | P13: =M13-$R$2 -> -120 | Q13: =P13/$R$2 -> -0.12903226
B16: Lưu ý:
B18: 1. Giá trên là giá xuất xưởng (EXW), nếu vận chuyển đến khách hàng thì cộng thêm phí vận chuyển.
B19: 2. Ủy quyền cho GĐĐH duyệt theo đơn đặt hàng: biên độ +/-10% so với giá xuất xưởng DTR .
Q21: ='rPET- nội bộ '!Q45 -> Ngày 19 tháng 03 năm 2026
B23: Chủ Tịch | D23: GĐĐH Tài Chính | F23: TGĐ | H23: GĐĐH DTR | J23: Giám Đốc Kinh Doanh | M23: Giám Đốc Tài Chính | P23: Kế Toán
B30: Trần Duy Hy | D30: Nguyễn Bảo Quốc | F30: Huỳnh Ngọc Thạch | H30: Đái Trung Quân | J30: Dương Từ Uyên Thảo | M30: Lê Hoành Cư | P30: Lưu Thị Minh Tâm

Sheet 6. Hạt phó sản
D2: GIÁ BÁN HẠT SẢN XUẤT TỪ PHÓ SẢN - THÁNG 06 NĂM 2025 HỖ TRỢ PHÁT TRIỂN KHÁCH HÀNG MỚI | P2: TC-TCH-01/ BM08
P3: V0 -04/10/2024
P4: ='1. rPET'!O4 -> Ngày áp dụng: 01/04/2026
B6: STT | C6: Mã sản phẩm | D6: Sản phẩm | E6: Màu | F6: IV/MI | G6: Giá xuất xưởng DTR (USD/tấn) | Q6: Chênh lệch Giá tháng 04 vs chính phẩm (800 $/tấn)
G7: ='1. rPET'!F7 -> Tháng 03 (đã duyệt) | K7: ='1. rPET'!J7 -> Tháng 04 | O7: ='1. rPET'!N7 -> Chênh lệch tháng 04 vs tháng 03
G8: Giá Bán (1) | H8: % Chiết khấu (2) | I8: Chiết Khấu (3) | J8: Giá bán sau chiết khấu (4)=(1)-(3) | K8: Giá Bán (1) | L8: % Chiết khấu (2) | M8: Chiết Khấu (3) | N8: Giá bán sau chiết khấu (4)=(1)-(3) | O8: USD | P8: % | Q8: USD | R8: % | T8: Hòa vốn | U8: Công thức
B9: I | C9: NHÓM XƠ SỢI
B10: 1 | C10: 110000464 | D10: Hạt Nhựa rPET WSS06SP-1 | E10: Đục | F10: 0.40 ~ 0.50 | G10: =J10*1.05 -> 682.5 | H10: =I10/G10 -> 0.047619048 | I10: =G10-J10 -> 32.5 | J10: 650 | K10: =N10*1.05 -> 682.5 | L10: =M10/K10 -> 0.047619048 | M10: =K10-N10 -> 32.5 | N10: 650 | O10: =N10-J10 -> 0 | P10: =1-(J10/N10) -> 0 | Q10: =N10-S10 -> -150 | R10: =Q10/S10 -> -0.1875 | S10: 800 | T10: =#REF! -> #REF! | U10: WSS006SP-1 (vảy PET tuyển nổi 2) | W10: =T10*25 -> #REF!
B11: 2 | C11: 110000465 | D11: Hạt Nhựa rPET WSS06SP-2 | E11: Trong | F11: 0.40 ~ 0.50 | G11: =J11*1.05 -> 787.5 | H11: =I11/G11 -> 0.047619048 | I11: =G11-J11 -> 37.5 | J11: 750 | K11: =N11*1.05 -> 787.5 | L11: =M11/K11 -> 0.047619048 | M11: =K11-N11 -> 37.5 | N11: 750 | O11: =N11-J11 -> 0 | P11: =1-(J11/N11) -> 0 | Q11: =N11-S11 -> -50 | R11: =Q11/S11 -> -0.0625 | S11: 800 | T11: =#REF! -> #REF! | U11: WSS006SP-2 (bụi tank C,D đã gia công) | W11: =T11*25 -> #REF!
B12: 3 | C12: 110000436 | D12: Hạt nhựa rPET WSS05SB | E12: Trong | F12: 0.50 ~ 0.60 | G12: 1000 | H12: =I12/G12 -> 0.2 | I12: =G12-J12 -> 200 | J12: 800 | K12: 1000 | L12: =M12/K12 -> 0.2 | M12: =K12-N12 -> 200 | N12: 800 | O12: =N12-J12 -> 0 | P12: =1-(J12/N12) -> 0 | Q12: =N12-S12 -> 0 | R12: =Q12/S12 -> 0 | S12: 800 | T12: 954 | U12: 100% B6
B13: 4 | C13: 110000466 | D13: Hạt Nhựa rPET WSS05SB-2 | E13: Trong | F13: 0.50 ~ 0.60 | G13: =J13*1.05 -> 892.5 | H13: 0.05 | I13: =G13-J13 -> 42.5 | J13: 850 | K13: =N13*1.05 -> 892.5 | L13: 0.05 | M13: =K13-N13 -> 42.5 | N13: 850 | O13: =N13-J13 -> 0 | P13: =1-(J13/N13) -> 0 | Q13: =N13-S13 -> 50 | R13: =Q13/S13 -> 0.0625 | S13: 800 | T13: =#REF! -> #REF! | U13: 82%B6+18%B7 | V13: Vảy B6 mua Đại Lộc: 18.250, Bình B7 mua lavie : 8.550, Chai B5 mua trạm: 12.000:
B14: 5 | C14: 110000467 | D14: Hạt Nhựa rPET WSS05SB-3 | E14: Trong | F14: 0.50 ~ 0.60 | G14: 1050 | H14: 0.05 | I14: 50 | J14: 900 | K14: 1102.5 | L14: 0.05 | M14: 52.5 | N14: 900 | O14: =N14-J14 -> 0 | P14: =1-(J14/N14) -> 0 | Q14: =N14-S14 -> 100 | R14: =Q14/S14 -> 0.125 | S14: 800 | T14: =#REF! -> #REF! | U14: 90%B6+10%B5
B15: II | C15: NHÓM rHDPE THỔI
B16: 6 | C16: 110000341 | D16: Hạt nhựa rHDB04B01 | E16: Đen | F16: 0.4 ± 0.1 | G16: 1102.5 | H16: 0.05 | I16: 52.5 | J16: 950 | K16: =N16*1.05 -> 997.5 | L16: 0.05 | M16: =K16-N16 -> 47.5 | N16: 950 | O16: =N16-J16 -> 0 | P16: =1-(J16/N16) -> 0 | Q16: =N16-S16 -> 90 | R16: =Q16/S16 -> 0.10465116 | S16: 860 | T16: =#REF! -> #REF! | U16: 80% PS hạt HD thổi lẫn màu/kim loại
B17: 7 | C17: 110000433 | D17: Hạt Nhựa rHDB03N03 | E17: Trong | F17: 0.3 ± 0.05 | G17: 997.5 | H17: 0.05 | I17: 47.5 | J17: 1100 | K17: =N17*1.05 -> 1155 | L17: 0.05 | M17: =K17-N17 -> 55 | N17: 1100 | O17: =N17-J17 -> 0 | P17: =1-(J17/N17) -> 0 | Q17: =N17-S17 -> 210 | R17: =Q17/S17 -> 0.23595506 | S17: 890 | T17: =#REF! -> #REF!
B18: III | C18: NHÓM rHDPE ÉP
B19: 7 | C19: 110000431 | D19: Hạt Nhựa rHDI3Gy02 | E19: Xám | F19: 3.00 ± 2.00 | G19: 840 | H19: 0.05 | I19: 55 | J19: 700 | K19: =N19*1.05 -> 735 | L19: =M19/K19 -> 0.047619048 | M19: =K19-N19 -> 35 | N19: 700 | O19: =N19-J19 -> 0 | P19: =1-(J19/N19) -> 0 | Q19: =N19-S19 -> -210 | R19: =Q19/S19 -> -0.23076923 | S19: 910 | T19: =#REF! -> #REF!
B20: IV | C20: NHÓM rPP
B21: 8 | C21: 110000392 | D21: Hạt nhựa rPP20B01 | E21: Đen | F21: 20.00 ± 10.00 | G21: =J21*1.05 -> 735 | H21: =I21/G21 -> 0.047619048 | I21: =G21-J21 -> 35 | J21: 700 | K21: =N21*1.05 -> 735 | L21: =M21/K21 -> 0.047619048 | M21: =K21-N21 -> 35 | N21: 700 | O21: =N21-J21 -> 0 | P21: =1-(J21/N21) -> 0 | Q21: =N21-S21 -> -230 | R21: =Q21/S21 -> -0.24731183 | S21: 930
B24: Lưu ý:
B26: 1. Giá trên là giá xuất xưởng (EXW), nếu vận chuyển đến khách hàng thì cộng thêm phí vận chuyển
B27: 2. Ủy quyền cho GĐĐH duyệt theo đơn đặt hàng: biên độ +/-10% so với giá xuất xưởng DTR
Q28: ='rPET- nội bộ '!Q45 -> Ngày 19 tháng 03 năm 2026
B30: Chủ Tịch | D30: GĐĐH Tài Chính | F30: TGĐ | H30: GĐĐH DTR | J30: Giám Đốc Kinh Doanh | M30: Giám Đốc Tài Chính | P30: Kế Toán
B37: Trần Duy Hy | D37: Nguyễn Bảo Quốc | F37: Huỳnh Ngọc Thạch | H37: Đái Trung Quân | J37: Dương Từ Uyên Thảo | M37: Lê Hoành Cư | P37: Lưu Thị Minh Tâm

Sheet rPET- nội bộ 
D2: GIÁ BÁN HẠT rPET - THÁNG 06 NĂM 2025 HỖ TRỢ PHÁT TRIỂN KHÁCH HÀNG MỚI | O2: TC-TCH-01/ BM02 | R2: 1280
O3: V0 -04/10/2024
O4: ='1. rPET'!O4 -> Ngày áp dụng: 01/04/2026
B6: STT | C6: Mã sản phẩm | D6: Sản phẩm | E6: Mức IV | F6: Giá xuất xưởng DTR (USD/tấn) | P6: Chênh lệch Giá tháng 04 vs chính phẩm (800 $/tấn)
F7: Tháng 03 (đã duyệt) | J7: Tháng 04 | N7: Chênh lệch tháng 04 vs tháng 03
F8: Giá Bán (1) | G8: % Chiết khấu (2) | H8: Chiết Khấu (3) | I8: Giá bán sau chiết khấu (4)=(1)-(3) | J8: Giá Bán (1) | K8: % Chiết khấu (2) | L8: Chiết Khấu (3) | M8: Giá bán sau chiết khấu (4)=(1)-(3) | N8: $ | O8: % | P8: $ | Q8: %
B9: 1 | C9: 110000332 | D9: Hạt nhựa rPET iSS01084G | E9: 0.84 | F9: 1381.5 | G9: 0.04451683 | H9: 61.5 | I9: 1340 | J9: =J13+90 -> 1402.5 | K9: =L9/J9 -> 0.04456328 | L9: =J9-M9 -> 62.5 | M9: =+M15+90 -> 1340 | N9: =M9-I9 -> 0 | O9: =1-(I9/M9) -> 0 | P9: =M9-$R$2 -> 60 | Q9: =P9/$R$2 -> 0.046875 | S9: =M9+M10+M13 -> 3870
B10: =+B9+1 -> 2 | C10: 110000330 | D10: Hạt nhựa rPET iSS01 | E10: 0.80 | F10: 1321.5 | G10: 0.046538025 | H10: 61.5 | I10: 1280 | J10: =J11 -> 1342.5 | K10: =L10/J10 -> 0.046554935 | L10: =J10-M10 -> 62.5 | M10: =+M15+30 -> 1280 | N10: =M10-I10 -> 0 | O10: =1-(I10/M10) -> 0 | P10: =M10-$R$2 -> 0 | Q10: =P10/$R$2 -> 0 | S10: =S9/3 -> 1290
B11: =+B10+1 -> 3 | C11: 110000355 | D11: Hạt nhựa rPET iSS01G 1 | E11: 0.80 | F11: 1321.5 | G11: 0.046538025 | H11: 61.5 | I11: 1280 | J11: =J13+30 -> 1342.5 | K11: =L11/J11 -> 0.046554935 | L11: =J11-M11 -> 62.5 | M11: =+M15+30 -> 1280 | N11: =M11-I11 -> 0 | O11: =1-(I11/M11) -> 0 | P11: =M11-$R$2 -> 0 | Q11: =P11/$R$2 -> 0
B12: =+B11+1 -> 4 | C12: 110000378 | D12: Hạt nhựa rPET iSS01G 2 | E12: 0.80 | F12: 1321.5 | G12: 0.046538025 | H12: 61.5 | I12: 1280 | J12: =J15+30 -> 1342.5 | K12: =L12/J12 -> 0.046554935 | L12: =J12-M12 -> 62.5 | M12: =+M15+30 -> 1280 | N12: =M12-I12 -> 0 | O12: =1-(I12/M12) -> 0 | P12: =M12-$R$2 -> 0 | Q12: =P12/$R$2 -> 0
B13: =+B12+1 -> 5 | C13: 110000354 | D13: Hạt nhựa rPET WSS01G 1 | E13: 0.78 | F13: 1291.5 | G13: 0.047619048 | H13: 61.5 | I13: 1250 | J13: =M13*1.05 -> 1312.5 | K13: =L13/J13 -> 0.047619048 | L13: =J13-M13 -> 62.5 | M13: =M15 -> 1250 | N13: =M13-I13 -> 0 | O13: =1-(I13/M13) -> 0 | P13: =M13-$R$2 -> -30 | Q13: =P13/$R$2 -> -0.0234375
B14: =+B13+1 -> 6 | C14: 110000377 | D14: Hạt nhựa rPET WSS01G 2 | E14: 0.78 | F14: 1291.5 | G14: 0.047619048 | H14: 61.5 | I14: 1250 | J14: =M14*1.05 -> 1312.5 | K14: =L14/J14 -> 0.047619048 | L14: =J14-M14 -> 62.5 | M14: =M13 -> 1250 | N14: =M14-I14 -> 0 | O14: =1-(I14/M14) -> 0 | P14: =M14-$R$2 -> -30 | Q14: =P14/$R$2 -> -0.0234375
B15: =+B14+1 -> 7 | C15: 110000329 | D15: Hạt nhựa rPET WSS01 | E15: 0.78 | F15: 1291.5 | G15: 0.047619048 | H15: 61.5 | I15: 1250 | J15: =J13 -> 1312.5 | K15: =L15/J15 -> 0.047619048 | L15: =J15-M15 -> 62.5 | M15: =1300+10+15-50-45+20 -> 1250 | N15: =M15-I15 -> 0 | O15: =1-(I15/M15) -> 0 | P15: =M15-$R$2 -> -30 | Q15: =P15/$R$2 -> -0.0234375
B16: =+B15+1 -> 8 | C16: 110000331 | D16: Hạt nhựa rPET WSS02 | E16: 0.74 | F16: 1261.5 | G16: 0.048751486 | H16: 61.5 | I16: 1220 | J16: =J15-30 -> 1282.5 | K16: =L16/J16 -> 0.048732943 | L16: =J16-M16 -> 62.5 | M16: =M15-30 -> 1220 | N16: =M16-I16 -> 0 | O16: =1-(I16/M16) -> 0 | P16: =M16-$R$2 -> -60 | Q16: =P16/$R$2 -> -0.046875
B17: =+B16+1 -> 9 | C17: 110000358 | D17: Hạt nhựa rPET WSS02G | E17: 0.74 | F17: 1231.5 | G17: 0.025578563 | H17: 31.5 | I17: 1220 | J17: =J16-30 -> 1252.5 | K17: =L17/J17 -> 0.025948104 | L17: =J17-M17 -> 32.5 | M17: =M15-30 -> 1220 | N17: =M17-I17 -> 0 | O17: =1-(I17/M17) -> 0 | P17: =M17-$R$2 -> -60 | Q17: =P17/$R$2 -> -0.046875
B18: =+B17+1 -> 10 | C18: 110000333 | D18: Hạt nhựa rPET WSS03 | E18: 0.70 | F18: 1221.5 | G18: 0.050347933 | H18: 61.5 | I18: 1180 | J18: =+J15-70 -> 1242.5 | K18: =L18/J18 -> 0.050301811 | L18: =J18-M18 -> 62.5 | M18: =+M15-70 -> 1180 | N18: =M18-I18 -> 0 | O18: =1-(I18/M18) -> 0 | P18: =M18-$R$2 -> -100 | Q18: =P18/$R$2 -> -0.078125
B19: =+B18+1 -> 11 | C19: 110000359 | D19: Hạt nhựa rPET WSS03G | E19: 0.70 | F19: 1191.5 | G19: 0.026437264 | H19: 31.5 | I19: 1180 | J19: =+J16-70 -> 1212.5 | K19: =L19/J19 -> 0.026804124 | L19: =J19-M19 -> 32.5 | M19: =+M15-70 -> 1180 | N19: =M19-I19 -> 0 | O19: =1-(I19/M19) -> 0 | P19: =M19-$R$2 -> -100 | Q19: =P19/$R$2 -> -0.078125
B20: =+B19+1 -> 12 | C20: 110000376 | D20: Hạt nhựa rPET iSS01L | E20: 0.80 | F20: 1397 | G20: 0.16249105 | H20: 227 | I20: 1190 | J20: 1397 | K20: =L20/J20 -> 0.14817466 | L20: =J20-M20 -> 207 | M20: =M15-60 -> 1190 | N20: =M20-I20 -> 0 | O20: =1-(I20/M20) -> 0 | P20: =M20-$R$2 -> -90 | Q20: =P20/$R$2 -> -0.0703125
B21: =+B20+1 -> 13 | C21: 110000387 | D21: Hạt nhựa rPET WSS03SD | E21: 0.70 | F21: 1155 | G21: 0.047619048 | H21: 55 | I21: 1100 | J21: =1100*1.05 -> 1155 | K21: =L21/J21 -> 0.047619048 | L21: =J21-M21 -> 55 | M21: 1100 | N21: =M21-I21 -> 0 | O21: =1-(I21/M21) -> 0 | P21: =M21-$R$2 -> -180 | Q21: =P21/$R$2 -> -0.140625
B22: =+B21+1 -> 14 | C22: 110000381 | D22: Hạt nhựa rPET WSS04SD | E22: 0.63 | F22: 1155 | G22: 0.047619048 | H22: 55 | I22: 1100 | J22: =1100*1.05 -> 1155 | K22: =L22/J22 -> 0.047619048 | L22: =J22-M22 -> 55 | M22: 1100 | N22: =M22-I22 -> 0 | O22: =1-(I22/M22) -> 0 | P22: =M22-$R$2 -> -180 | Q22: =P22/$R$2 -> -0.140625
B23: =+B22+1 -> 15 | C23: 110000382 | D23: Hạt nhựa rPET WSS04SB | E23: 0.63 | F23: 1155 | G23: 0.047619048 | H23: 55 | I23: 1100 | J23: =1100*1.05 -> 1155 | K23: =L23/J23 -> 0.047619048 | L23: =J23-M23 -> 55 | M23: 1100 | N23: =M23-I23 -> 0 | O23: =1-(I23/M23) -> 0 | P23: =M23-$R$2 -> -180 | Q23: =P23/$R$2 -> -0.140625
B24: =+B23+1 -> 16 | C24: 110000488 | D24: Hạt Nhựa rPET iSS01084G PL | E24: 0.84 | F24: 1308 | G24: 0.044342508 | H24: 58 | I24: 1250 | J24: =J27+90 -> 1308 | K24: =L24/J24 -> 0.044342508 | L24: =J24-M24 -> 58 | M24: =+M28+90 -> 1250 | N24: =M24-I24 -> 0 | O24: =1-(I24/M24) -> 0 | P24: =M24-$R$2 -> -30 | Q24: =P24/$R$2 -> -0.0234375
B25: =+B24+1 -> 17 | D25: Hạt rPET ISS01 | E25: 0.80 | F25: 1248 | G25: 0.046474359 | H25: 58 | I25: 1190 | J25: =J26 -> 1248 | K25: =L25/J25 -> 0.046474359 | L25: =J25-M25 -> 58 | M25: =+M28+30 -> 1190 | N25: =M25-I25 -> 0 | O25: =1-(I25/M25) -> 0 | P25: =M25-$R$2 -> -90 | Q25: =P25/$R$2 -> -0.0703125
B26: =+B25+1 -> 18 | C26: 110000486 | D26: Hạt Nhựa rPET iSS01G 1 PL | E26: 0.80 | F26: 1248 | G26: 0.046474359 | H26: 58 | I26: 1190 | J26: =J27+30 -> 1248 | K26: =L26/J26 -> 0.046474359 | L26: =J26-M26 -> 58 | M26: =+M28+30 -> 1190 | N26: =M26-I26 -> 0 | O26: =1-(I26/M26) -> 0 | P26: =M26-$R$2 -> -90 | Q26: =P26/$R$2 -> -0.0703125
B27: =+B26+1 -> 19 | C27: 110000484 | D27: Hạt Nhựa rPET WSS01G 1 PL | E27: 0.78 | F27: 1218 | G27: 0.047619048 | H27: 58 | I27: 1160 | J27: =M27*1.05 -> 1218 | K27: =L27/J27 -> 0.047619048 | L27: =J27-M27 -> 58 | M27: =M28 -> 1160 | N27: =M27-I27 -> 0 | O27: =1-(I27/M27) -> 0 | P27: =M27-$R$2 -> -120 | Q27: =P27/$R$2 -> -0.09375
B28: =+B27+1 -> 20 | C28: 110000493 | D28: Hạt Nhựa rPET WSS01 PL | E28: 0.78 | F28: 1218 | G28: 0.047619048 | H28: 58 | I28: 1160 | J28: =J27 -> 1218 | K28: =L28/J28 -> 0.047619048 | L28: =J28-M28 -> 58 | M28: =M29+30 -> 1160 | N28: =M28-I28 -> 0 | O28: =1-(I28/M28) -> 0 | P28: =M28-$R$2 -> -120 | Q28: =P28/$R$2 -> -0.09375
B29: =+B28+1 -> 21 | D29: Hạt rPET WSS02 | E29: 0.74 | F29: 1188 | G29: 0.048821549 | H29: 58 | I29: 1130 | J29: =J28-30 -> 1188 | K29: =L29/J29 -> 0.048821549 | L29: =J29-M29 -> 58 | M29: =M31+30 -> 1130 | N29: =M29-I29 -> 0 | O29: =1-(I29/M29) -> 0 | P29: =M29-$R$2 -> -150 | Q29: =P29/$R$2 -> -0.1171875
B30: =+B29+1 -> 22 | D30: Hạt nhựa rPET WSS02G | E30: 0.74 | F30: 1158 | G30: 0.02417962 | H30: 28 | I30: 1130 | J30: =J29-30 -> 1158 | K30: =L30/J30 -> 0.02417962 | L30: =J30-M30 -> 28 | M30: =M31+30 -> 1130 | N30: =M30-I30 -> 0 | O30: =1-(I30/M30) -> 0 | P30: =M30-$R$2 -> -150 | Q30: =P30/$R$2 -> -0.1171875
B31: =+B30+1 -> 23 | D31: Hạt rPET WSS03 | E31: 0.70 | F31: 1148 | G31: 0.041811847 | H31: 48 | I31: 1100 | J31: =+J28-70 -> 1148 | K31: =L31/J31 -> 0.041811847 | L31: =J31-M31 -> 48 | M31: 1100 | N31: =M31-I31 -> 0 | O31: =1-(I31/M31) -> 0 | P31: =M31-$R$2 -> -180 | Q31: =P31/$R$2 -> -0.140625
B32: 20 | C32: 110000492 | D32: Hạt Nhựa rPET WSS03G PL | E32: 0.70 | F32: 1118 | G32: 0.016100179 | H32: 18 | I32: 1100 | J32: =+J29-70 -> 1118 | K32: =L32/J32 -> 0.016100179 | L32: =J32-M32 -> 18 | M32: 1100 | N32: =M32-I32 -> 0 | O32: =1-(I32/M32) -> 0 | P32: =M32-$R$2 -> -180 | Q32: =P32/$R$2 -> -0.140625
B35: Lưu ý:
B36: 1. Giá FOB = Giá xuất xưởng (EXW) + USD 20/tấn | G36: 20
B37: 2. Hạt xơ sợi: giá bán 1.100 usd/tấn, chào khách để bán được hàng là +/- 55usd/tấn
B38: 3. Bảng giá áp dụng cho việc phát triển khách hàng mới, lưu hành nội bộ
Q45: Ngày 19 tháng 03 năm 2026
C46: GĐĐH Tài Chính | E46: TGĐ | G46: GĐĐH DTR | J46: Giám Đốc Kinh Doanh | M46: Giám Đốc Tài Chính | P46: Kế Toán
C53: Nguyễn Bảo Quốc | E53: Huỳnh Ngọc Thạch | G53: Đái Trung Quân | J53: Dương Từ Uyên Thảo | M53: Lê Hoành Cư | P53: Lưu Thị Minh Tâm

Sheet Tính giá
B1: DANH MỤC THÀNH PHẨM
P2: Giá xuất xưởng DTR (USD/tấn) | AF2: Hiện tại | AH2: T3
P3: ='rPET- nội bộ '!J7&" - PKD" -> Tháng 04 - PKD | T3: ='rPET- nội bộ '!J7 &" - GĐDH & TGĐ" -> Tháng 04 - GĐDH & TGĐ | X3: ='rPET- nội bộ '!N7 -> Chênh lệch tháng 04 vs tháng 03 | Z3: Chênh lệch Giá tháng 04 vs chính phẩm ($/tấn) | AB3: Chênh lệch Giá tháng 04 vs nhựa nguyên sinh ($/tấn) | AD3: Chính phẩm tăng | AE3: N.Sinh tăng | AF3: Giá chính phẩm | AG3: Giá Nguyên sinh | AH3: Giá chính phẩm | AI3: Giá Nguyên sinh
A4: STT | B4: Mã SAP | C4: Tên hàng hóa | D4: Màu | E4: Tồn kho 24/02/2026 (kg) | F4: Số lượng bán BQ 2026 (kg/ tháng) | G4: Giá duyệt T2 (USD/ tấn) | H4: Giá bán đề nghị T3 (USD/ tấn) | I4: CL T3 sv T2 (USD/ tấn) | J4: Giá thành | K4: CPQL | L4: Giá vốn | M4: Lợi nhuận trước thuế | N4: % lợi nhuận trước thuế | O4: Giá đề nghị của kinh doanh | P4: Giá Bán (1) | Q4: % Chiết khấu (2) | R4: Chiết Khấu (3) | S4: Giá bán sau chiết khấu (4)=(1)-(3) | T4: Giá Bán (1) | U4: % Chiết khấu (2) | V4: Chiết Khấu (3) | W4: Giá bán sau chiết khấu (4)=(1)-(3) | X4: USD | Y4: % | Z4: USD | AA4: % | AB4: USD | AC4: %
A5: A | B5: rPET
A6: I | B6: MÃ HÀNG ĐANG BÁN
A7: 1 | B7: 110000354 | C7: Hạt nhựa rPET WSS01G 1 | E7: 503605 | F7: 2663100 | G7: 1160 | H7: 1160 | I7: 0 | L7: 1057.7957 | M7: 102.20427 | N7: 0.088107133 | P7: ='KTQT_Trình bày'!Z7 -> 1197.6363 | Q7: 0.03 | R7: =P7*Q7 -> 35.92909 | S7: =P7-R7 -> 1161.7072 | T7: =P7 -> 1197.6363 | U7: 0.1 | V7: =T7*U7 -> 119.76363 | W7: =T7-V7 -> 1077.8727 | X7: =P7-G7 -> 37.636321 | Y7: =X7/G7 -> 0.032445105 | Z7: =P7-AF7 -> 57.636321 | AA7: =Z7/AF7 -> 0.050558177 | AB7: =P7-AG7 -> -102.36368 | AC7: =AB7/AG7 -> -0.078741291 | AD7: =AF7-AH7 -> 300 | AE7: =AG7-AI7 -> 150 | AF7: 1140 | AG7: 1300 | AH7: 840 | AI7: 1150
A8: 2 | B8: 110000355 | C8: Hạt nhựa rPET iSS01G 1 | E8: 154879.75 | F8: 25300 | G8: 1190 | H8: 1190 | I8: 0 | L8: 1057.7957 | M8: 132.20427 | N8: 0.11109603 | P8: ='KTQT_Trình bày'!Z8 -> 1197.6363 | Q8: 0.03 | R8: =P8*Q8 -> 35.92909 | S8: =P8-R8 -> 1161.7072 | T8: =P8 -> 1197.6363 | U8: 0.1 | V8: =T8*U8 -> 119.76363 | W8: =T8-V8 -> 1077.8727 | X8: =P8-G8 -> 7.6363213 | Y8: =X8/G8 -> 0.0064170767 | Z8: =P8-AF8 -> 57.636321 | AA8: =Z8/AF8 -> 0.050558177 | AB8: =P8-AG8 -> -102.36368 | AC8: =AB8/AG8 -> -0.078741291 | AD8: =AF8-AH8 -> 300 | AE8: =AG8-AI8 -> 150 | AF8: 1140 | AG8: 1300 | AH8: 840 | AI8: 1150
A9: 3 | B9: 110000332 | C9: Hạt nhựa rPET iSS01084G | E9: 788631.35 | F9: 616000 | G9: 1250 | H9: 1250 | I9: 0 | L9: 1113.7705 | M9: 136.22947 | N9: 0.10898358 | P9: ='KTQT_Trình bày'!Z9 -> 1261.011 | Q9: 0.03 | R9: =P9*Q9 -> 37.83033 | S9: =P9-R9 -> 1223.1807 | T9: =P9 -> 1261.011 | U9: 0.1 | V9: =T9*U9 -> 126.1011 | W9: =T9-V9 -> 1134.9099 | X9: =P9-G9 -> 11.010989 | Y9: =X9/G9 -> 0.0088087915 | Z9: =P9-AF9 -> 121.01099 | AA9: =Z9/AF9 -> 0.10614999 | AB9: =P9-AG9 -> -38.989011 | AC9: =AB9/AG9 -> -0.029991547 | AD9: =AF9-AH9 -> 300 | AE9: =AG9-AI9 -> 150 | AF9: 1140 | AG9: 1300 | AH9: 840 | AI9: 1150
A10: 4 | B10: 110000359 | C10: Hạt nhựa rPET WSS03G | E10: 1999804.7 | F10: 244200 | G10: 1090 | H10: 1090 | I10: 0 | L10: 1057.7957 | M10: 32.204274 | N10: 0.029545205 | P10: ='KTQT_Trình bày'!Z10 -> 1197.6363 | Q10: 0.03 | R10: =P10*Q10 -> 35.92909 | S10: =P10-R10 -> 1161.7072 | T10: =P10 -> 1197.6363 | U10: 0.1 | V10: =T10*U10 -> 119.76363 | W10: =T10-V10 -> 1077.8727 | X10: =P10-G10 -> 107.63632 | Y10: =X10/G10 -> 0.098748919 | Z10: =P10-AF10 -> 57.636321 | AA10: =Z10/AF10 -> 0.050558177 | AB10: =P10-AG10 -> -102.36368 | AC10: =AB10/AG10 -> -0.078741291 | AD10: =AF10-AH10 -> 300 | AE10: =AG10-AI10 -> 150 | AF10: 1140 | AG10: 1300 | AH10: 840 | AI10: 1150
A11: 5 | B11: 110000329 | C11: Hạt nhựa rPET WSS01 | E11: 378162 | F11: 0 | G11: 1320 | H11: 1320 | I11: 0 | L11: 1155.3596 | M11: 164.64035 | N11: 0.12472754 | P11: ='KTQT_Trình bày'!Z11 -> 1308.0982 | Q11: 0.03 | R11: =P11*Q11 -> 39.242946 | S11: =P11-R11 -> 1268.8552 | T11: =P11 -> 1308.0982 | U11: 0.1 | V11: =T11*U11 -> 130.80982 | W11: =T11-V11 -> 1177.2884 | X11: =P11-G11 -> -11.901805 | Y11: =X11/G11 -> -0.0090165191 | Z11: =P11-AF11 -> 168.09819 | AA11: =Z11/AF11 -> 0.14745456 | AB11: =P11-AG11 -> 8.0981948 | AC11: =AB11/AG11 -> 0.0062293806 | AD11: =AF11-AH11 -> 300 | AE11: =AG11-AI11 -> 150 | AF11: 1140 | AG11: 1300 | AH11: 840 | AI11: 1150
A12: 7 | B12: 110000499 | C12: Hạt Nhựa rPET WSS01L | E12: 34030 | F12: 0 | G12: 1160 | H12: 1160 | I12: 0 | L12: 1006.566 | M12: 153.43396 | N12: 0.13227066 | P12: ='KTQT_Trình bày'!Z12 -> 1139.6341 | Q12: 0.03 | R12: =P12*Q12 -> 34.189022 | S12: =P12-R12 -> 1105.445 | T12: =P12 -> 1139.6341 | U12: 0.1 | V12: =T12*U12 -> 113.96341 | W12: =T12-V12 -> 1025.6707 | X12: =P12-G12 -> -20.365932 | Y12: =X12/G12 -> -0.017556838 | Z12: =P12-AF12 -> -0.36593208 | AA12: =Z12/AF12 -> -0.00032099305 | AB12: =P12-AG12 -> -160.36593 | AC12: =AB12/AG12 -> -0.12335841 | AD12: =AF12-AH12 -> 300 | AE12: =AG12-AI12 -> 150 | AF12: 1140 | AG12: 1300 | AH12: 840 | AI12: 1150
A13: 9 | B13: 110000506 | C13: Hạt Nhựa rPET WSS01 & WSS01G-L | E13: 65840 | F13: 0 | G13: 1410 | H13: 690 | I13: -720 | L13: 1222.6415 | M13: -532.64151 | N13: -0.77194422 | P13: ='KTQT_Trình bày'!Z13 -> 1384.2747 | Q13: 0.03 | R13: =P13*Q13 -> 41.528242 | S13: =P13-R13 -> 1342.7465 | T13: =P13 -> 1384.2747 | U13: 0.1 | V13: =T13*U13 -> 138.42747 | W13: =T13-V13 -> 1245.8472 | X13: =P13-G13 -> -25.725283 | Y13: =X13/G13 -> -0.018244882 | Z13: =P13-AF13 -> 244.27472 | AA13: =Z13/AF13 -> 0.21427607 | AB13: =P13-AG13 -> 84.274717 | AC13: =AB13/AG13 -> 0.064826705 | AD13: =AF13-AH13 -> 300 | AE13: =AG13-AI13 -> 150 | AF13: 1140 | AG13: 1300 | AH13: 840 | AI13: 1150
A14: 10 | B14: 110000483 | C14: Hạt Nhựa rPET iSS01G-S | E14: 32405.5 | F14: 6600 | G14: 1190 | H14: 1190 | I14: 0 | L14: 1117.1698 | M14: 72.830189 | N14: 0.061201839 | P14: ='KTQT_Trình bày'!Z14 -> 1264.8597 | Q14: 0.03 | R14: =P14*Q14 -> 37.94579 | S14: =P14-R14 -> 1226.9139 | T14: =P14 -> 1264.8597 | U14: 0.1 | V14: =T14*U14 -> 126.48597 | W14: =T14-V14 -> 1138.3737 | X14: =P14-G14 -> 74.85966 | Y14: =X14/G14 -> 0.062907278 | Z14: =P14-AF14 -> 124.85966 | AA14: =Z14/AF14 -> 0.10952602 | AB14: =P14-AG14 -> -35.14034 | AC14: =AB14/AG14 -> -0.02703103 | AD14: =AF14-AH14 -> 300 | AE14: =AG14-AI14 -> 150 | AF14: 1140 | AG14: 1300 | AH14: 840 | AI14: 1150
A15: II | B15: MÃ HÀNG BÁN CHẬM
A16: 1 | B16: 110000378 | C16: Hạt nhựa rPET iSS01G 2 | E16: 1649997 | F16: 0 | G16: 1190 | H16: 1190 | I16: 0 | L16: 1057.7957 | M16: 132.20427 | N16: 0.11109603 | P16: ='KTQT_Trình bày'!Z16 -> 1197.6363 | Q16: 0.03 | R16: =P16*Q16 -> 35.92909 | S16: =P16-R16 -> 1161.7072 | T16: =P16 -> 1197.6363 | U16: 0.1 | V16: =T16*U16 -> 119.76363 | W16: =T16-V16 -> 1077.8727 | X16: =P16-G16 -> 7.6363213 | Y16: =X16/G16 -> 0.0064170767 | Z16: =P16-AF16 -> 57.636321 | AA16: =Z16/AF16 -> 0.050558177 | AB16: =P16-AG16 -> -102.36368 | AC16: =AB16/AG16 -> -0.078741291 | AD16: =AF16-AH16 -> 300 | AE16: =AG16-AI16 -> 150 | AF16: 1140 | AG16: 1300 | AH16: 840 | AI16: 1150
A17: 2 | B17: 110000377 | C17: Hạt nhựa rPET WSS01G 2 | E17: 287099.5 | F17: 11000 | G17: 1160 | H17: 1160 | I17: 0 | L17: 1057.7957 | M17: 102.20427 | N17: 0.088107133 | P17: ='KTQT_Trình bày'!Z17 -> 1197.6363 | Q17: 0.03 | R17: =P17*Q17 -> 35.92909 | S17: =P17-R17 -> 1161.7072 | T17: =P17 -> 1197.6363 | U17: 0.1 | V17: =T17*U17 -> 119.76363 | W17: =T17-V17 -> 1077.8727 | X17: =P17-G17 -> 37.636321 | Y17: =X17/G17 -> 0.032445105 | Z17: =P17-AF17 -> 57.636321 | AA17: =Z17/AF17 -> 0.050558177 | AB17: =P17-AG17 -> -102.36368 | AC17: =AB17/AG17 -> -0.078741291 | AD17: =AF17-AH17 -> 300 | AE17: =AG17-AI17 -> 150 | AF17: 1140 | AG17: 1300 | AH17: 840 | AI17: 1150
A18: 3 | B18: 110000383 | C18: Hạt Nhựa rPET iSS84G-P | E18: 52800 | F18: 0 | I18: 0 | L18: 1109.283 | P18: ='KTQT_Trình bày'!Z18 -> 1255.9302 | Q18: 0.03 | R18: =P18*Q18 -> 37.677907 | S18: =P18-R18 -> 1218.2523 | T18: =P18 -> 1255.9302 | U18: 0.1 | V18: =T18*U18 -> 125.59302 | W18: =T18-V18 -> 1130.3372 | X18: =P18-G18 -> 1255.9302 | Y18: =X18/G18 -> #DIV/0! | Z18: =P18-AF18 -> 115.93023 | AA18: =Z18/AF18 -> 0.10169319 | AB18: =P18-AG18 -> -44.069766 | AC18: =AB18/AG18 -> -0.03389982 | AD18: =AF18-AH18 -> 300 | AE18: =AG18-AI18 -> 150 | AF18: 1140 | AG18: 1300 | AH18: 840 | AI18: 1150
A19: 6 | B19: 110000468 | C19: Hạt Nhựa rPET iSS80G-P | E19: 73650 | F19: 0 | I19: 0 | L19: 1042.1887 | P19: ='KTQT_Trình bày'!Z19 -> 1179.966 | Q19: 0.03 | R19: =P19*Q19 -> 35.398981 | S19: =P19-R19 -> 1144.567 | T19: =P19 -> 1179.966 | U19: 0.1 | V19: =T19*U19 -> 117.9966 | W19: =T19-V19 -> 1061.9694 | X19: =P19-G19 -> 1179.966 | Y19: =X19/G19 -> #DIV/0! | Z19: =P19-AF19 -> 39.966023 | AA19: =Z19/AF19 -> 0.035057915 | AB19: =P19-AG19 -> -120.03398 | AC19: =AB19/AG19 -> -0.092333829 | AD19: =AF19-AH19 -> 300 | AE19: =AG19-AI19 -> 150 | AF19: 1140 | AG19: 1300 | AH19: 840 | AI19: 1150
A20: 8 | B20: 110000376 | C20: Hạt nhựa rPET iSS01L | E20: 800 | F20: 0 | I20: 0 | L20: 1176.2642 | P20: ='KTQT_Trình bày'!Z20 -> 1331.7663 | Q20: 0.03 | R20: =P20*Q20 -> 39.952988 | S20: =P20-R20 -> 1291.8133 | T20: =P20 -> 1331.7663 | U20: 0.1 | V20: =T20*U20 -> 133.17663 | W20: =T20-V20 -> 1198.5896 | X20: =P20-G20 -> 1331.7663 | Y20: =X20/G20 -> #DIV/0! | Z20: =P20-AF20 -> 191.76627 | AA20: =Z20/AF20 -> 0.16821603 | AB20: =P20-AG20 -> 31.766272 | AC20: =AB20/AG20 -> 0.024435594 | AD20: =AF20-AH20 -> 300 | AE20: =AG20-AI20 -> 150 | AF20: 1140 | AG20: 1300 | AH20: 840 | AI20: 1150
A21: III | B21: MÃ HÀNG SẢN XUẤT TỪ PHÓ SẢN NGÀNH PET
A22: 1 | B22: 110000466 | C22: Hạt Nhựa rPET WSS05SB-2 | E22: 16099 | F22: 0 | G22: 770 | H22: 770 | I22: 0 | L22: 853 | M22: -83 | N22: -0.10779221 | P22: ='KTQT_Trình bày'!Z22 -> 965.7666 | Q22: 0.03 | R22: =P22*Q22 -> 28.972998 | S22: =P22-R22 -> 936.7936 | T22: =P22 -> 965.7666 | U22: 0.1 | V22: =T22*U22 -> 96.57666 | W22: =T22-V22 -> 869.18994 | X22: =P22-G22 -> 195.7666 | Y22: =X22/G22 -> 0.25424234 | Z22: =P22-AF22 -> -174.2334 | AA22: =Z22/AF22 -> -0.15283632 | AB22: =P22-AG22 -> -334.2334 | AC22: =AB22/AG22 -> -0.25710262 | AD22: =AF22-AH22 -> 300 | AE22: =AG22-AI22 -> 150 | AF22: 1140 | AG22: 1300 | AH22: 840 | AI22: 1150
A23: 2 | B23: 110000436 | C23: Hạt nhựa rPET WSS05SB | E23: 570335.7 | F23: 23100 | G23: 720 | H23: 720 | I23: 0 | L23: 880 | M23: -160 | N23: -0.22222222 | P23: ='KTQT_Trình bày'!Z23 -> 996.336 | Q23: 0.03 | R23: =P23*Q23 -> 29.89008 | S23: =P23-R23 -> 966.44592 | T23: =P23 -> 996.336 | U23: 0.1 | V23: =T23*U23 -> 99.6336 | W23: =T23-V23 -> 896.7024 | X23: =P23-G23 -> 276.336 | Y23: =X23/G23 -> 0.3838 | Z23: =P23-AF23 -> -143.664 | AA23: =Z23/AF23 -> -0.12602105 | AB23: =P23-AG23 -> -303.664 | AC23: =AB23/AG23 -> -0.23358769 | AD23: =AF23-AH23 -> 300 | AE23: =AG23-AI23 -> 150 | AF23: 1140 | AG23: 1300 | AH23: 840 | AI23: 1150
A24: 2 | B24: 110000382 | C24: Hạt nhựa rPET WSS04SB | E24: 4514.7 | F24: 0 | G24: 1030 | H24: 1030 | I24: 0 | L24: 517 | M24: 513 | N24: 0.49805825 | P24: ='KTQT_Trình bày'!Z24 -> 585.3474 | Q24: 0.03 | R24: =P24*Q24 -> 17.560422 | S24: =P24-R24 -> 567.78698 | T24: =P24 -> 585.3474 | U24: 0.1 | V24: =T24*U24 -> 58.53474 | W24: =T24-V24 -> 526.81266 | X24: =P24-G24 -> -444.6526 | Y24: =X24/G24 -> -0.43170155 | Z24: =P24-AF24 -> -554.6526 | AA24: =Z24/AF24 -> -0.48653737 | AB24: =P24-AG24 -> -714.6526 | AC24: =AB24/AG24 -> -0.54973277 | AD24: =AF24-AH24 -> 300 | AE24: =AG24-AI24 -> 150 | AF24: 1140 | AG24: 1300 | AH24: 840 | AI24: 1150
A25: 3 | B25: 110000384 | C25: Hạt Nhựa Xơ Sợi Thử Nghiệm | E25: 171597.5 | F25: 0 | I25: 0 | P25: ='KTQT_Trình bày'!Z25 -> 0 | Q25: 0.03 | R25: =P25*Q25 -> 0 | S25: =P25-R25 -> 0 | T25: =P25 -> 0 | U25: 0.1 | V25: =T25*U25 -> 0 | W25: =T25-V25 -> 0 | X25: =P25-G25 -> 0 | Y25: =X25/G25 -> #DIV/0! | Z25: =P25-AF25 -> -1140 | AA25: =Z25/AF25 -> -1 | AB25: =P25-AG25 -> -1300 | AC25: =AB25/AG25 -> -1 | AD25: =AF25-AH25 -> 300 | AE25: =AG25-AI25 -> 150 | AF25: 1140 | AG25: 1300 | AH25: 840 | AI25: 1150
A26: 3 | B26: 110000381 | C26: Hạt nhựa rPET WSS04SD | E26: 68711.6 | F26: -17600 | G26: 1030 | H26: 1030 | I26: 0 | L26: 579 | M26: 451 | N26: 0.43786408 | P26: ='KTQT_Trình bày'!Z26 -> 655.5438 | Q26: 0.03 | R26: =P26*Q26 -> 19.666314 | S26: =P26-R26 -> 635.87749 | T26: =P26 -> 655.5438 | U26: 0.1 | V26: =T26*U26 -> 65.55438 | W26: =T26-V26 -> 589.98942 | X26: =P26-G26 -> -374.4562 | Y26: =X26/G26 -> -0.36354971 | Z26: =P26-AF26 -> -484.4562 | AA26: =Z26/AF26 -> -0.42496158 | AB26: =P26-AG26 -> -644.4562 | AC26: =AB26/AG26 -> -0.49573554 | AD26: =AF26-AH26 -> 300 | AE26: =AG26-AI26 -> 150 | AF26: 1140 | AG26: 1300 | AH26: 840 | AI26: 1150
A27: 4 | B27: 110000387 | C27: Hạt nhựa rPET WSS03SD | E27: 13179.6 | F27: 0 | G27: 1030 | H27: 1030 | I27: 0 | L27: 668 | M27: 362 | N27: 0.35145631 | P27: ='KTQT_Trình bày'!Z27 -> 756.3096 | Q27: 0.03 | R27: =P27*Q27 -> 22.689288 | S27: =P27-R27 -> 733.62031 | T27: =P27 -> 756.3096 | U27: 0.1 | V27: =T27*U27 -> 75.63096 | W27: =T27-V27 -> 680.67864 | X27: =P27-G27 -> -273.6904 | Y27: =X27/G27 -> -0.26571883 | Z27: =P27-AF27 -> -383.6904 | AA27: =Z27/AF27 -> -0.33657053 | AB27: =P27-AG27 -> -543.6904 | AC27: =AB27/AG27 -> -0.41822338 | AD27: =AF27-AH27 -> 300 | AE27: =AG27-AI27 -> 150 | AF27: 1140 | AG27: 1300 | AH27: 840 | AI27: 1150
A28: 4 | B28: 110000464 | C28: Hạt Nhựa rPET WSS06SP-1 | E28: 90593 | F28: 0 | G28: 570 | H28: 570 | I28: 0 | L28: 589 | M28: -19 | N28: -0.033333333 | P28: ='KTQT_Trình bày'!Z28 -> 666.8658 | Q28: 0.03 | R28: =P28*Q28 -> 20.005974 | S28: =P28-R28 -> 646.85983 | T28: =P28 -> 666.8658 | U28: 0.1 | V28: =T28*U28 -> 66.68658 | W28: =T28-V28 -> 600.17922 | X28: =P28-G28 -> 96.8658 | Y28: =X28/G28 -> 0.16994 | Z28: =P28-AF28 -> -473.1342 | AA28: =Z28/AF28 -> -0.41503 | AB28: =P28-AG28 -> -633.1342 | AC28: =AB28/AG28 -> -0.48702631 | AD28: =AF28-AH28 -> 300 | AE28: =AG28-AI28 -> 150 | AF28: 1140 | AG28: 1300 | AH28: 840 | AI28: 1150
A29: 5 | B29: 110000430 | C29: Hạt Nhựa rPET Bán Thành Phẩm | E29: 37399 | F29: 0 | P29: ='KTQT_Trình bày'!Z29 -> 0 | Q29: 0.03 | R29: =P29*Q29 -> 0 | S29: =P29-R29 -> 0 | T29: =P29 -> 0 | U29: 0.1 | V29: =T29*U29 -> 0 | W29: =T29-V29 -> 0 | X29: =P29-G29 -> 0 | Y29: =X29/G29 -> #DIV/0! | Z29: =P29-AF29 -> -1140 | AA29: =Z29/AF29 -> -1 | AB29: =P29-AG29 -> -1300 | AC29: =AB29/AG29 -> -1 | AD29: =AF29-AH29 -> 300 | AE29: =AG29-AI29 -> 150 | AF29: 1140 | AG29: 1300 | AH29: 840 | AI29: 1150
A30: B | B30: rHDPE THỔI | H30: 220
A31: I | B31: MÃ HÀNG ĐANG BÁN
A32: 1 | B32: 110000339 | C32: Hạt Nhựa rHDPE MBF01 | D32: Trong | E32: 404076.5 | F32: 211750 | I32: 0 | L32: 1076 | P32: ='KTQT_Trình bày'!Z32 -> 1218.2472 | Q32: 0.03 | R32: =P32*Q32 -> 36.547416 | S32: =P32-R32 -> 1181.6998 | T32: =P32 -> 1218.2472 | U32: 0.1 | V32: =T32*U32 -> 121.82472 | W32: =T32-V32 -> 1096.4225 | X32: =P32-G32 -> 1218.2472 | Y32: =X32/G32 -> #DIV/0! | Z32: =P32-AF32 -> 78.2472 | AA32: =Z32/AF32 -> 0.068637895 | AB32: =P32-AG32 -> -81.7528 | AC32: =AB32/AG32 -> -0.062886769 | AD32: =AF32-AH32 -> 300 | AE32: =AG32-AI32 -> 150 | AF32: 1140 | AG32: 1300 | AH32: 840 | AI32: 1150
A33: 2 | B33: 110000426 | C33: Hạt Nhựa HCBF-Yel-U | D33: Vàng | E33: 40547 | F33: 0 | I33: 0 | L33: 1071.1353 | P33: ='KTQT_Trình bày'!Z33 -> 1212.7394 | Q33: 0.03 | R33: =P33*Q33 -> 36.382181 | S33: =P33-R33 -> 1176.3572 | T33: =P33 -> 1212.7394 | U33: 0.1 | V33: =T33*U33 -> 121.27394 | W33: =T33-V33 -> 1091.4654 | X33: =P33-G33 -> 1212.7394 | Y33: =X33/G33 -> #DIV/0! | Z33: =P33-AF33 -> 72.739372 | AA33: =Z33/AF33 -> 0.063806467 | AB33: =P33-AG33 -> -87.260628 | AC33: =AB33/AG33 -> -0.06712356 | AD33: =AF33-AH33 -> 300 | AE33: =AG33-AI33 -> 150 | AF33: 1140 | AG33: 1300 | AH33: 840 | AI33: 1150
A34: 3 | B34: 110000374 | C34: Hạt Nhựa rHDB03N02 | D34: Trong | E34: 326364.4 | F34: 44500 | G34: 1200 | H34: 1200 | I34: 0 | L34: 1076 | M34: 124 | N34: 0.10333333 | P34: ='KTQT_Trình bày'!Z34 -> 1218.2472 | Q34: 0.03 | R34: =P34*Q34 -> 36.547416 | S34: =P34-R34 -> 1181.6998 | T34: =P34 -> 1218.2472 | U34: 0.1 | V34: =T34*U34 -> 121.82472 | W34: =T34-V34 -> 1096.4225 | X34: =P34-G34 -> 18.2472 | Y34: =X34/G34 -> 0.015206 | Z34: =P34-AF34 -> 78.2472 | AA34: =Z34/AF34 -> 0.068637895 | AB34: =P34-AG34 -> -81.7528 | AC34: =AB34/AG34 -> -0.062886769 | AD34: =AF34-AH34 -> 300 | AE34: =AG34-AI34 -> 150 | AF34: 1140 | AG34: 1300 | AH34: 840 | AI34: 1150
A35: 4 | B35: 110000443 | C35: Hạt Nhựa rHDA03N01 | D35: Trong | E35: 1749 | F35: 0 | G35: 1300 | H35: 1300 | I35: 0 | L35: 1083 | M35: 217 | N35: 0.16692308 | P35: ='KTQT_Trình bày'!Z35 -> 1226.1726 | Q35: 0.03 | R35: =P35*Q35 -> 36.785178 | S35: =P35-R35 -> 1189.3874 | T35: =P35 -> 1226.1726 | U35: 0.1 | V35: =T35*U35 -> 122.61726 | W35: =T35-V35 -> 1103.5553 | X35: =P35-G35 -> -73.8274 | Y35: =X35/G35 -> -0.056790308 | Z35: =P35-AF35 -> 86.1726 | AA35: =Z35/AF35 -> 0.07559 | AB35: =P35-AG35 -> -73.8274 | AC35: =AB35/AG35 -> -0.056790308 | AD35: =AF35-AH35 -> 300 | AE35: =AG35-AI35 -> 150 | AF35: 1140 | AG35: 1300 | AH35: 840 | AI35: 1150
A36: 5 | B36: 110000481 | C36: Hạt Nhựa rHDPE PCF01 | D36: Trong | E36: 377595 | F36: 11000 | I36: 0 | L36: 1083 | P36: ='KTQT_Trình bày'!Z36 -> 1226.1726 | Q36: 0.03 | R36: =P36*Q36 -> 36.785178 | S36: =P36-R36 -> 1189.3874 | T36: =P36 -> 1226.1726 | U36: 0.1 | V36: =T36*U36 -> 122.61726 | W36: =T36-V36 -> 1103.5553 | X36: =P36-G36 -> 1226.1726 | Y36: =X36/G36 -> #DIV/0! | Z36: =P36-AF36 -> 86.1726 | AA36: =Z36/AF36 -> 0.07559 | AB36: =P36-AG36 -> -73.8274 | AC36: =AB36/AG36 -> -0.056790308 | AD36: =AF36-AH36 -> 300 | AE36: =AG36-AI36 -> 150 | AF36: 1140 | AG36: 1300 | AH36: 840 | AI36: 1150
A37: 6 | B37: 110000425 | C37: Hạt Nhựa HCBF-Whi-U | D37: Trắng | E37: 93557.5 | F37: 60500 | I37: 0 | L37: 1101.259 | P37: ='KTQT_Trình bày'!Z37 -> 1246.8455 | Q37: 0.03 | R37: =P37*Q37 -> 37.405365 | S37: =P37-R37 -> 1209.4401 | T37: =P37 -> 1246.8455 | U37: 0.1 | V37: =T37*U37 -> 124.68455 | W37: =T37-V37 -> 1122.1609 | X37: =P37-G37 -> 1246.8455 | Y37: =X37/G37 -> #DIV/0! | Z37: =P37-AF37 -> 106.84549 | AA37: =Z37/AF37 -> 0.093724113 | AB37: =P37-AG37 -> -53.154511 | AC37: =AB37/AG37 -> -0.040888086 | AD37: =AF37-AH37 -> 300 | AE37: =AG37-AI37 -> 150 | AF37: 1140 | AG37: 1300 | AH37: 840 | AI37: 1150
A38: 7 | B38: 110000495 | C38: Hạt Nhựa rHDA03W01 | D38: Trắng | E38: 15628 | F38: 0 | G38: 1250 | H38: 1250 | I38: 0 | L38: 1101.259 | M38: 148.74096 | N38: 0.11899277 | P38: ='KTQT_Trình bày'!Z38 -> 1246.8455 | Q38: 0.03 | R38: =P38*Q38 -> 37.405365 | S38: =P38-R38 -> 1209.4401 | T38: =P38 -> 1246.8455 | U38: 0.1 | V38: =T38*U38 -> 124.68455 | W38: =T38-V38 -> 1122.1609 | X38: =P38-G38 -> -3.1545114 | Y38: =X38/G38 -> -0.0025236091 | Z38: =P38-AF38 -> 106.84549 | AA38: =Z38/AF38 -> 0.093724113 | AB38: =P38-AG38 -> -53.154511 | AC38: =AB38/AG38 -> -0.040888086 | AD38: =AF38-AH38 -> 300 | AE38: =AG38-AI38 -> 150 | AF38: 1140 | AG38: 1300 | AH38: 840 | AI38: 1150
A39: II | B39: MÃ HÀNG BÁN CHẬM
A40: 1 | B40: 110000385 | C40: Hạt Nhựa rHDB05N01 | D40: Trong | E40: 2750 | F40: 0 | G40: 1200 | H40: 1200 | I40: 0 | L40: 1189.283 | M40: 10.716981 | N40: 0.0089308176 | P40: ='KTQT_Trình bày'!Z40 -> 1346.5062 | Q40: 0.03 | R40: =P40*Q40 -> 40.395187 | S40: =P40-R40 -> 1306.111 | T40: =P40 -> 1346.5062 | U40: 0.1 | V40: =T40*U40 -> 134.65062 | W40: =T40-V40 -> 1211.8556 | X40: =P40-G40 -> 146.50623 | Y40: =X40/G40 -> 0.12208853 | Z40: =P40-AF40 -> 206.50623 | AA40: =Z40/AF40 -> 0.18114582 | AB40: =P40-AG40 -> 46.506234 | AC40: =AB40/AG40 -> 0.035774026 | AD40: =AF40-AH40 -> 300 | AE40: =AG40-AI40 -> 150 | AF40: 1140 | AG40: 1300 | AH40: 840 | AI40: 1150
A41: 2 | B41: 110000345 | C41: Hạt Nhựa rHDB03Y01 | D41: Vàng | E41: 3575 | F41: 0 | G41: 1200 | H41: 1200 | I41: 0 | L41: 1297.9245 | M41: -97.924528 | N41: -0.081603774 | P41: ='KTQT_Trình bày'!Z41 -> 1469.5102 | Q41: 0.03 | R41: =P41*Q41 -> 44.085305 | S41: =P41-R41 -> 1425.4248 | T41: =P41 -> 1469.5102 | U41: 0.1 | V41: =T41*U41 -> 146.95102 | W41: =T41-V41 -> 1322.5591 | X41: =P41-G41 -> 269.51015 | Y41: =X41/G41 -> 0.22459179 | Z41: =P41-AF41 -> 329.51015 | AA41: =Z41/AF41 -> 0.28904399 | AB41: =P41-AG41 -> 169.51015 | AC41: =AB41/AG41 -> 0.13039242 | AD41: =AF41-AH41 -> 300 | AE41: =AG41-AI41 -> 150 | AF41: 1140 | AG41: 1300 | AH41: 840 | AI41: 1150
A42: 3 | B42: 110000427 | C42: Hạt Nhựa HCBF-Gre-U | D42: Lá | E42: 18774 | F42: 0 | I42: 0 | L42: 823.13208 | P42: ='KTQT_Trình bày'!Z42 -> 931.95014 | Q42: 0.03 | R42: =P42*Q42 -> 27.958504 | S42: =P42-R42 -> 903.99163 | T42: =P42 -> 931.95014 | U42: 0.1 | V42: =T42*U42 -> 93.195014 | W42: =T42-V42 -> 838.75512 | X42: =P42-G42 -> 931.95014 | Y42: =X42/G42 -> #DIV/0! | Z42: =P42-AF42 -> -208.04986 | AA42: =Z42/AF42 -> -0.18249988 | AB42: =P42-AG42 -> -368.04986 | AC42: =AB42/AG42 -> -0.28311528 | AD42: =AF42-AH42 -> 300 | AE42: =AG42-AI42 -> 150 | AF42: 1140 | AG42: 1300 | AH42: 840 | AI42: 1150
A43: 4 | B43: 110000343 | C43: Hạt Nhựa rHDB03G01 | D43: Lá | E43: 13300 | F43: 0 | G43: 1200 | H43: 1200 | I43: 0 | L43: 823.13208 | M43: 376.86792 | N43: 0.3140566 | P43: ='KTQT_Trình bày'!Z43 -> 931.95014 | Q43: 0.03 | R43: =P43*Q43 -> 27.958504 | S43: =P43-R43 -> 903.99163 | T43: =P43 -> 931.95014 | U43: 0.1 | V43: =T43*U43 -> 93.195014 | W43: =T43-V43 -> 838.75512 | X43: =P43-G43 -> -268.04986 | Y43: =X43/G43 -> -0.22337489 | Z43: =P43-AF43 -> -208.04986 | AA43: =Z43/AF43 -> -0.18249988 | AB43: =P43-AG43 -> -368.04986 | AC43: =AB43/AG43 -> -0.28311528 | AD43: =AF43-AH43 -> 300 | AE43: =AG43-AI43 -> 150 | AF43: 1140 | AG43: 1300 | AH43: 840 | AI43: 1150
A44: 5 | B44: 110000336 | C44: Hạt nhựa rHDPE thử nghiệm | E44: 11303.9 | F44: 0 | I44: 0 | P44: ='KTQT_Trình bày'!Z44 -> 0 | Q44: 0.03 | R44: =P44*Q44 -> 0 | S44: =P44-R44 -> 0 | T44: =P44 -> 0 | U44: 0.1 | V44: =T44*U44 -> 0 | W44: =T44-V44 -> 0 | X44: =P44-G44 -> 0 | Y44: =X44/G44 -> #DIV/0! | Z44: =P44-AF44 -> -1140 | AA44: =Z44/AF44 -> -1 | AB44: =P44-AG44 -> -1300 | AC44: =AB44/AG44 -> -1 | AD44: =AF44-AH44 -> 300 | AE44: =AG44-AI44 -> 150 | AF44: 1140 | AG44: 1300 | AH44: 840 | AI44: 1150
A45: 6 | B45: 110000337 | C45: Hạt Nhựa rHDB03W01 | D45: Trắng | E45: 350 | F45: 0 | G45: 1200 | H45: 1200 | I45: 0 | L45: 1108.717 | M45: 91.283019 | N45: 0.076069182 | P45: ='KTQT_Trình bày'!Z45 -> 1255.2894 | Q45: 0.03 | R45: =P45*Q45 -> 37.658681 | S45: =P45-R45 -> 1217.6307 | T45: =P45 -> 1255.2894 | U45: 0.1 | V45: =T45*U45 -> 125.52894 | W45: =T45-V45 -> 1129.7604 | X45: =P45-G45 -> 55.289366 | Y45: =X45/G45 -> 0.046074472 | Z45: =P45-AF45 -> 115.28937 | AA45: =Z45/AF45 -> 0.10113102 | AB45: =P45-AG45 -> -44.710634 | AC45: =AB45/AG45 -> -0.034392795 | AD45: =AF45-AH45 -> 300 | AE45: =AG45-AI45 -> 150 | AF45: 1140 | AG45: 1300 | AH45: 840 | AI45: 1150
A46: III | B46: MÃ HÀNG SẢN SUẤT TỪ PHÓ SẢN NGÀNH HDPE
A47: 1 | B47: 110000341 | C47: Hạt nhựa rHDB04B01 | D47: Đen | E47: 159325.5 | F47: 15625 | G47: 780 | H47: 780 | I47: 0 | L47: 736.54054 | M47: 43.459458 | N47: 0.055717254 | P47: ='KTQT_Trình bày'!Z47 -> 833.9112 | Q47: 0.03 | R47: =P47*Q47 -> 25.017336 | S47: =P47-R47 -> 808.89387 | T47: =P47 -> 833.9112 | U47: 0.1 | V47: =T47*U47 -> 83.39112 | W47: =T47-V47 -> 750.52008 | X47: =P47-G47 -> 53.911202 | Y47: =X47/G47 -> 0.069116925 | Z47: =P47-AF47 -> -306.0888 | AA47: =Z47/AF47 -> -0.26849895 | AB47: =P47-AG47 -> -466.0888 | AC47: =AB47/AG47 -> -0.35852984 | AD47: =AF47-AH47 -> 300 | AE47: =AG47-AI47 -> 150 | AF47: 1140 | AG47: 1300 | AH47: 840 | AI47: 1150
A48: C | B48: rHDPE ÉP
A49: I | B49: MÃ HÀNG ĐANG BÁN
A50: 1 | B50: 110000360 | C50: Hạt nhựa rHDI4L01 | D50: Dương | E50: 21245 | F50: 22500 | G50: 740 | H50: 740 | I50: 0 | L50: 746.42906 | M50: -6.4290635 | N50: -0.0086879236 | P50: ='KTQT_Trình bày'!Z50 -> 845.10699 | Q50: 0.03 | R50: =P50*Q50 -> 25.35321 | S50: =P50-R50 -> 819.75378 | T50: =P50 -> 845.10699 | U50: 0.1 | V50: =T50*U50 -> 84.510699 | W50: =T50-V50 -> 760.59629 | X50: =P50-G50 -> 105.10699 | Y50: =X50/G50 -> 0.14203647 | Z50: =P50-AF50 -> -294.89301 | AA50: =Z50/AF50 -> -0.25867808 | AB50: =P50-AG50 -> -454.89301 | AC50: =AB50/AG50 -> -0.3499177 | AD50: =AF50-AH50 -> 300 | AE50: =AG50-AI50 -> 150 | AF50: 1140 | AG50: 1300 | AH50: 840 | AI50: 1150
A51: 2 | B51: 110000366 | C51: Hạt nhựa rHDI3G01 | D51: Lá | E51: 29275 | F51: 28000 | G51: 740 | H51: 740 | I51: 0 | L51: 746.42906 | M51: -6.4290635 | N51: -0.0086879236 | P51: ='KTQT_Trình bày'!Z51 -> 845.10699 | Q51: 0.03 | R51: =P51*Q51 -> 25.35321 | S51: =P51-R51 -> 819.75378 | T51: =P51 -> 845.10699 | U51: 0.1 | V51: =T51*U51 -> 84.510699 | W51: =T51-V51 -> 760.59629 | X51: =P51-G51 -> 105.10699 | Y51: =X51/G51 -> 0.14203647 | Z51: =P51-AF51 -> -294.89301 | AA51: =Z51/AF51 -> -0.25867808 | AB51: =P51-AG51 -> -454.89301 | AC51: =AB51/AG51 -> -0.3499177 | AD51: =AF51-AH51 -> 300 | AE51: =AG51-AI51 -> 150 | AF51: 1140 | AG51: 1300 | AH51: 840 | AI51: 1150
A52: 3 | B52: 110000361 | C52: Hạt nhựa rHDI3R01 | D52: Đỏ | E52: 48550 | F52: 5500 | G52: 740 | H52: 740 | I52: 0 | L52: 746.42906 | M52: -6.4290635 | N52: -0.0086879236 | P52: ='KTQT_Trình bày'!Z52 -> 845.10699 | Q52: 0.03 | R52: =P52*Q52 -> 25.35321 | S52: =P52-R52 -> 819.75378 | T52: =P52 -> 845.10699 | U52: 0.1 | V52: =T52*U52 -> 84.510699 | W52: =T52-V52 -> 760.59629 | X52: =P52-G52 -> 105.10699 | Y52: =X52/G52 -> 0.14203647 | Z52: =P52-AF52 -> -294.89301 | AA52: =Z52/AF52 -> -0.25867808 | AB52: =P52-AG52 -> -454.89301 | AC52: =AB52/AG52 -> -0.3499177 | AD52: =AF52-AH52 -> 300 | AE52: =AG52-AI52 -> 150 | AF52: 1140 | AG52: 1300 | AH52: 840 | AI52: 1150
A53: 4 | B53: 110000496 | C53: Hạt Nhựa rHDI7DL02 | D53: Dương | E53: 1448 | F53: 0 | G53: 740 | H53: 740 | I53: 0 | L53: 1246.3396 | M53: -506.33962 | N53: -0.68424273 | P53: ='KTQT_Trình bày'!Z53 -> 1411.1057 | Q53: 0.03 | R53: =P53*Q53 -> 42.333172 | S53: =P53-R53 -> 1368.7725 | T53: =P53 -> 1411.1057 | U53: 0.1 | V53: =T53*U53 -> 141.11057 | W53: =T53-V53 -> 1269.9951 | X53: =P53-G53 -> 671.10572 | Y53: =X53/G53 -> 0.90689962 | Z53: =P53-AF53 -> 271.10572 | AA53: =Z53/AF53 -> 0.23781204 | AB53: =P53-AG53 -> 111.10572 | AC53: =AB53/AG53 -> 0.085465939 | AD53: =AF53-AH53 -> 300 | AE53: =AG53-AI53 -> 150 | AF53: 1140 | AG53: 1300 | AH53: 840 | AI53: 1150
A54: 5 | B54: 110000364 | C54: Hạt nhựa rHDI3Y01 | D54: Vàng | E54: 29015 | F54: 11000 | G54: 740 | H54: 740 | I54: 0 | L54: 746.42906 | M54: -6.4290635 | N54: -0.0086879236 | P54: ='KTQT_Trình bày'!Z54 -> 845.10699 | Q54: 0.03 | R54: =P54*Q54 -> 25.35321 | S54: =P54-R54 -> 819.75378 | T54: =P54 -> 845.10699 | U54: 0.1 | V54: =T54*U54 -> 84.510699 | W54: =T54-V54 -> 760.59629 | X54: =P54-G54 -> 105.10699 | Y54: =X54/G54 -> 0.14203647 | Z54: =P54-AF54 -> -294.89301 | AA54: =Z54/AF54 -> -0.25867808 | AB54: =P54-AG54 -> -454.89301 | AC54: =AB54/AG54 -> -0.3499177 | AD54: =AF54-AH54 -> 300 | AE54: =AG54-AI54 -> 150 | AF54: 1140 | AG54: 1300 | AH54: 840 | AI54: 1150
A55: 6 | B55: 110000365 | C55: Hạt nhựa rHDI3W01 | D55: Trắng | E55: 59110.4 | F55: 0 | G55: 740 | H55: 740 | I55: 0 | L55: 746.42906 | M55: -6.4290635 | N55: -0.0086879236 | P55: ='KTQT_Trình bày'!Z55 -> 845.10699 | Q55: 0.03 | R55: =P55*Q55 -> 25.35321 | S55: =P55-R55 -> 819.75378 | T55: =P55 -> 845.10699 | U55: 0.1 | V55: =T55*U55 -> 84.510699 | W55: =T55-V55 -> 760.59629 | X55: =P55-G55 -> 105.10699 | Y55: =X55/G55 -> 0.14203647 | Z55: =P55-AF55 -> -294.89301 | AA55: =Z55/AF55 -> -0.25867808 | AB55: =P55-AG55 -> -454.89301 | AC55: =AB55/AG55 -> -0.3499177 | AD55: =AF55-AH55 -> 300 | AE55: =AG55-AI55 -> 150 | AF55: 1140 | AG55: 1300 | AH55: 840 | AI55: 1150
A56: 7 | B56: 110000431 | C56: Hạt Nhựa rHDI3Gy02 | D56: Xám | E56: 3448 | F56: 11000 | G56: 660 | H56: 660 | I56: 0 | L56: 898.56604 | M56: -238.56604 | N56: -0.36146369 | P56: ='KTQT_Trình bày'!Z56 -> 1017.3565 | Q56: 0.03 | R56: =P56*Q56 -> 30.520694 | S56: =P56-R56 -> 986.83577 | T56: =P56 -> 1017.3565 | U56: 0.1 | V56: =T56*U56 -> 101.73565 | W56: =T56-V56 -> 915.62082 | X56: =P56-G56 -> 357.35647 | Y56: =X56/G56 -> 0.54144919 | Z56: =P56-AF56 -> -122.64353 | AA56: =Z56/AF56 -> -0.10758205 | AB56: =P56-AG56 -> -282.64353 | AC56: =AB56/AG56 -> -0.2174181 | AD56: =AF56-AH56 -> 300 | AE56: =AG56-AI56 -> 150 | AF56: 1140 | AG56: 1300 | AH56: 840 | AI56: 1150
A57: 8 | B57: 110000363 | C57: Hạt nhựa rHDI3Gy01 | D57: Xám | E57: 244671.9 | F57: 0 | G57: 740 | H57: 740 | I57: 0 | L57: 703.88679 | M57: 36.113208 | N57: 0.048801632 | P57: ='KTQT_Trình bày'!Z57 -> 796.94063 | Q57: 0.03 | R57: =P57*Q57 -> 23.908219 | S57: =P57-R57 -> 773.03241 | T57: =P57 -> 796.94063 | U57: 0.1 | V57: =T57*U57 -> 79.694063 | W57: =T57-V57 -> 717.24656 | X57: =P57-G57 -> 56.940626 | Y57: =X57/G57 -> 0.076946792 | Z57: =P57-AF57 -> -343.05937 | AA57: =Z57/AF57 -> -0.30092928 | AB57: =P57-AG57 -> -503.05937 | AC57: =AB57/AG57 -> -0.38696875 | AD57: =AF57-AH57 -> 300 | AE57: =AG57-AI57 -> 150 | AF57: 1140 | AG57: 1300 | AH57: 840 | AI57: 1150
A58: II | B58: MÃ HÀNG BÁN CHẬM
A59: 1 | B59: 110000373 | C59: Hạt nhựa rHDI4DL01 | D59: Dương | E59: 6235.4 | F59: 0 | G59: 740 | H59: 740 | I59: 0 | L59: 889.54717 | M59: -149.54717 | N59: -0.20209077 | P59: ='KTQT_Trình bày'!Z59 -> 1007.1453 | Q59: 0.03 | R59: =P59*Q59 -> 30.214359 | S59: =P59-R59 -> 976.93095 | T59: =P59 -> 1007.1453 | U59: 0.1 | V59: =T59*U59 -> 100.71453 | W59: =T59-V59 -> 906.43078 | X59: =P59-G59 -> 267.14531 | Y59: =X59/G59 -> 0.36100717 | Z59: =P59-AF59 -> -132.85469 | AA59: =Z59/AF59 -> -0.11653921 | AB59: =P59-AG59 -> -292.85469 | AC59: =AB59/AG59 -> -0.22527284 | AD59: =AF59-AH59 -> 300 | AE59: =AG59-AI59 -> 150 | AF59: 1140 | AG59: 1300 | AH59: 840 | AI59: 1150
A61: D | B61: Vảy HDPE ép
A62: I | B62: MÃ HÀNG ĐANG BÁN
A63: 4 | B63: 110000407 | C63: Vảy HD Ép Đỏ | D63: Đỏ | E63: 88328 | F63: 19750 | G63: 665 | H63: 665 | I63: 0 | L63: 615.49499 | M63: 49.505008 | N63: 0.074443622 | P63: ='KTQT_Trình bày'!Z63 -> 696.86343 | Q63: 0.03 | R63: =P63*Q63 -> 20.905903 | S63: =P63-R63 -> 675.95753 | T63: =P63 -> 696.86343 | U63: 0.1 | V63: =T63*U63 -> 69.686343 | W63: =T63-V63 -> 627.17709 | X63: =P63-G63 -> 31.86343 | Y63: =X63/G63 -> 0.047914932 | Z63: =P63-AF63 -> -443.13657 | AA63: =Z63/AF63 -> -0.38871629 | AB63: =P63-AG63 -> -603.13657 | AC63: =AB63/AG63 -> -0.46395121 | AD63: =AF63-AH63 -> 300 | AE63: =AG63-AI63 -> 150 | AF63: 1140 | AG63: 1300 | AH63: 840 | AI63: 1150
A64: 2 | B64: 110000409 | C64: Vảy HD Ép Vàng | D64: Vàng | E64: 51387 | F64: 0 | G64: 665 | H64: 665 | I64: 0 | L64: 615.49499 | M64: 49.505008 | N64: 0.074443622 | P64: ='KTQT_Trình bày'!Z64 -> 696.86343 | Q64: 0.03 | R64: =P64*Q64 -> 20.905903 | S64: =P64-R64 -> 675.95753 | T64: =P64 -> 696.86343 | U64: 0.1 | V64: =T64*U64 -> 69.686343 | W64: =T64-V64 -> 627.17709 | X64: =P64-G64 -> 31.86343 | Y64: =X64/G64 -> 0.047914932 | Z64: =P64-AF64 -> -443.13657 | AA64: =Z64/AF64 -> -0.38871629 | AB64: =P64-AG64 -> -603.13657 | AC64: =AB64/AG64 -> -0.46395121 | AD64: =AF64-AH64 -> 300 | AE64: =AG64-AI64 -> 150 | AF64: 1140 | AG64: 1300 | AH64: 840 | AI64: 1150
A65: 1 | B65: 110000410 | C65: Vảy HD Ép Lá | D65: Lá | E65: 27000 | F65: 0 | G65: 665 | H65: 665 | I65: 0 | L65: 615.49499 | M65: 49.505008 | N65: 0.074443622 | P65: ='KTQT_Trình bày'!Z65 -> 696.86343 | Q65: 0.03 | R65: =P65*Q65 -> 20.905903 | S65: =P65-R65 -> 675.95753 | T65: =P65 -> 696.86343 | U65: 0.1 | V65: =T65*U65 -> 69.686343 | W65: =T65-V65 -> 627.17709 | X65: =P65-G65 -> 31.86343 | Y65: =X65/G65 -> 0.047914932 | Z65: =P65-AF65 -> -443.13657 | AA65: =Z65/AF65 -> -0.38871629 | AB65: =P65-AG65 -> -603.13657 | AC65: =AB65/AG65 -> -0.46395121 | AD65: =AF65-AH65 -> 300 | AE65: =AG65-AI65 -> 150 | AF65: 1140 | AG65: 1300 | AH65: 840 | AI65: 1150
A66: 7 | B66: 110000411 | C66: Vảy HD Ép Dương | D66: Dương | E66: 65925 | F66: 0 | G66: 665 | H66: 665 | I66: 0 | L66: 615.49499 | M66: 49.505008 | N66: 0.074443622 | P66: ='KTQT_Trình bày'!Z66 -> 696.86343 | Q66: 0.03 | R66: =P66*Q66 -> 20.905903 | S66: =P66-R66 -> 675.95753 | T66: =P66 -> 696.86343 | U66: 0.1 | V66: =T66*U66 -> 69.686343 | W66: =T66-V66 -> 627.17709 | X66: =P66-G66 -> 31.86343 | Y66: =X66/G66 -> 0.047914932 | Z66: =P66-AF66 -> -443.13657 | AA66: =Z66/AF66 -> -0.38871629 | AB66: =P66-AG66 -> -603.13657 | AC66: =AB66/AG66 -> -0.46395121 | AD66: =AF66-AH66 -> 300 | AE66: =AG66-AI66 -> 150 | AF66: 1140 | AG66: 1300 | AH66: 840 | AI66: 1150
A67: 5 | B67: 110000408 | C67: Vảy HD Ép Trắng | D67: Trắng | E67: 108125.2 | F67: 56500 | G67: 665 | H67: 665 | I67: 0 | L67: 615.49499 | M67: 49.505008 | N67: 0.074443622 | P67: ='KTQT_Trình bày'!Z67 -> 696.86343 | Q67: 0.03 | R67: =P67*Q67 -> 20.905903 | S67: =P67-R67 -> 675.95753 | T67: =P67 -> 696.86343 | U67: 0.1 | V67: =T67*U67 -> 69.686343 | W67: =T67-V67 -> 627.17709 | X67: =P67-G67 -> 31.86343 | Y67: =X67/G67 -> 0.047914932 | Z67: =P67-AF67 -> -443.13657 | AA67: =Z67/AF67 -> -0.38871629 | AB67: =P67-AG67 -> -603.13657 | AC67: =AB67/AG67 -> -0.46395121 | AD67: =AF67-AH67 -> 300 | AE67: =AG67-AI67 -> 150 | AF67: 1140 | AG67: 1300 | AH67: 840 | AI67: 1150
A68: 6 | B68: 110000412 | C68: Vảy HD Ép Đen | D68: Đen | E68: 37672 | F68: 2250 | G68: 665 | H68: 665 | I68: 0 | L68: 615.49499 | M68: 49.505008 | N68: 0.074443622 | P68: ='KTQT_Trình bày'!Z68 -> 696.86343 | Q68: 0.03 | R68: =P68*Q68 -> 20.905903 | S68: =P68-R68 -> 675.95753 | T68: =P68 -> 696.86343 | U68: 0.1 | V68: =T68*U68 -> 69.686343 | W68: =T68-V68 -> 627.17709 | X68: =P68-G68 -> 31.86343 | Y68: =X68/G68 -> 0.047914932 | Z68: =P68-AF68 -> -443.13657 | AA68: =Z68/AF68 -> -0.38871629 | AB68: =P68-AG68 -> -603.13657 | AC68: =AB68/AG68 -> -0.46395121 | AD68: =AF68-AH68 -> 300 | AE68: =AG68-AI68 -> 150 | AF68: 1140 | AG68: 1300 | AH68: 840 | AI68: 1150
A69: 7 | B69: 110000413 | C69: Vảy HD Ép Đồng | D69: Đồng | E69: 157174.5 | F69: 0 | G69: 665 | H69: 665 | I69: 0 | L69: 615.49499 | M69: 49.505008 | N69: 0.074443622 | P69: ='KTQT_Trình bày'!Z69 -> 696.86343 | Q69: 0.03 | R69: =P69*Q69 -> 20.905903 | S69: =P69-R69 -> 675.95753 | T69: =P69 -> 696.86343 | U69: 0.1 | V69: =T69*U69 -> 69.686343 | W69: =T69-V69 -> 627.17709 | X69: =P69-G69 -> 31.86343 | Y69: =X69/G69 -> 0.047914932 | Z69: =P69-AF69 -> -443.13657 | AA69: =Z69/AF69 -> -0.38871629 | AB69: =P69-AG69 -> -603.13657 | AC69: =AB69/AG69 -> -0.46395121 | AD69: =AF69-AH69 -> 300 | AE69: =AG69-AI69 -> 150 | AF69: 1140 | AG69: 1300 | AH69: 840 | AI69: 1150
A70: II | B70: MÃ HÀNG BÁN CHẬM
A71: 1 | B71: 110000469 | C71: Vảy HD Ép Dương Bình Thuận | D71: Dương | E71: 5700 | F71: 0 | P71: ='KTQT_Trình bày'!Z71 -> 0 | Q71: 0.03 | R71: =P71*Q71 -> 0 | S71: =P71-R71 -> 0 | T71: =P71 -> 0 | U71: 0.1 | V71: =T71*U71 -> 0 | W71: =T71-V71 -> 0 | X71: =P71-G71 -> 0 | Y71: =X71/G71 -> #DIV/0! | Z71: =P71-AF71 -> -1140 | AA71: =Z71/AF71 -> -1 | AB71: =P71-AG71 -> -1300 | AC71: =AB71/AG71 -> -1 | AD71: =AF71-AH71 -> 300 | AE71: =AG71-AI71 -> 150 | AF71: 1140 | AG71: 1300 | AH71: 840 | AI71: 1150
A73: E | B73: rPP
A74: I | B74: MÃ HÀNG ĐANG BÁN
A75: 1 | B75: 110000389 | C75: Hạt nhựa rPP20R02 | D75: Đỏ | E75: 3890 | F75: 0 | G75: 900/695 | H75: 935/720 | I75: 35/25 | L75: 1042.1509 | M75: -107/-322 | N75: -11%/-45% | P75: ='KTQT_Trình bày'!Z75 -> 1062.994 | Q75: 0.03 | R75: =P75*Q75 -> 31.889819 | S75: =P75-R75 -> 1031.1041 | T75: =P75 -> 1062.994 | U75: 0.1 | V75: =T75*U75 -> 106.2994 | W75: =T75-V75 -> 956.69457 | X75: =P75-G75 -> #VALUE! | Y75: =X75/G75 -> #VALUE! | Z75: =P75-AF75 -> -77.006038 | AA75: =Z75/AF75 -> -0.067549156 | AB75: =P75-AG75 -> -237.00604 | AC75: =AB75/AG75 -> -0.18231234 | AD75: =AF75-AH75 -> 300 | AE75: =AG75-AI75 -> 150 | AF75: 1140 | AG75: 1300 | AH75: 840 | AI75: 1150
A76: 2 | B76: 110000471 | C76: Hạt Nhựa rPP20L05 | D76: Dương | E76: 6947 | F76: 18000 | G76: 900/695 | H76: 935/720 | I76: 35/25 | L76: 1010.9811 | M76: -76/-291 | N76: -8%/-40% | P76: ='KTQT_Trình bày'!Z76 -> 1031.2008 | Q76: 0.03 | R76: =P76*Q76 -> 30.936023 | S76: =P76-R76 -> 1000.2647 | T76: =P76 -> 1031.2008 | U76: 0.1 | V76: =T76*U76 -> 103.12008 | W76: =T76-V76 -> 928.08068 | X76: =P76-G76 -> #VALUE! | Y76: =X76/G76 -> #VALUE! | Z76: =P76-AF76 -> -108.79925 | AA76: =Z76/AF76 -> -0.095437934 | AB76: =P76-AG76 -> -268.79925 | AC76: =AB76/AG76 -> -0.20676865 | AD76: =AF76-AH76 -> 300 | AE76: =AG76-AI76 -> 150 | AF76: 1140 | AG76: 1300 | AH76: 840 | AI76: 1150
A77: 3 | B77: 110000472 | C77: Hạt Nhựa rPP20Gy01 | D77: Xám | E77: 11000 | F77: 6000 | G77: 900/695 | H77: 935/720 | I77: 35/25 | L77: 1217.6226 | M77: -283/-498 | N77: -30%/-69% | P77: ='KTQT_Trình bày'!Z77 -> 1241.9751 | Q77: 0.03 | R77: =P77*Q77 -> 37.259253 | S77: =P77-R77 -> 1204.7158 | T77: =P77 -> 1241.9751 | U77: 0.1 | V77: =T77*U77 -> 124.19751 | W77: =T77-V77 -> 1117.7776 | X77: =P77-G77 -> #VALUE! | Y77: =X77/G77 -> #VALUE! | Z77: =P77-AF77 -> 101.97509 | AA77: =Z77/AF77 -> 0.089451837 | AB77: =P77-AG77 -> -58.024906 | AC77: =AB77/AG77 -> -0.044634543 | AD77: =AF77-AH77 -> 300 | AE77: =AG77-AI77 -> 150 | AF77: 1140 | AG77: 1300 | AH77: 840 | AI77: 1150
A78: 4 | B78: 110000435 | C78: Hạt Nhựa rPP20L03 | D78: Dương | E78: 1765 | F78: 0 | G78: 900/695 | H78: 935/720 | I78: 35/25 | L78: 1135.3585 | M78: -200/-415 | N78: -21%/-58% | P78: ='KTQT_Trình bày'!Z78 -> 1158.0657 | Q78: 0.03 | R78: =P78*Q78 -> 34.74197 | S78: =P78-R78 -> 1123.3237 | T78: =P78 -> 1158.0657 | U78: 0.1 | V78: =T78*U78 -> 115.80657 | W78: =T78-V78 -> 1042.2591 | X78: =P78-G78 -> #VALUE! | Y78: =X78/G78 -> #VALUE! | Z78: =P78-AF78 -> 18.06566 | AA78: =Z78/AF78 -> 0.015847071 | AB78: =P78-AG78 -> -141.93434 | AC78: =AB78/AG78 -> -0.10918026 | AD78: =AF78-AH78 -> 300 | AE78: =AG78-AI78 -> 150 | AF78: 1140 | AG78: 1300 | AH78: 840 | AI78: 1150
A79: 5 | B79: 110000508 | C79: Hạt Nhựa rPP20W02 | D79: Trắng | E79: 518.7 | F79: 0 | G79: 900/695 | H79: 935/720 | I79: 35/25 | L79: 1324.6415 | M79: -390/-605 | N79: -42%/-84% | P79: ='KTQT_Trình bày'!Z79 -> 1351.1343 | Q79: 0.03 | R79: =P79*Q79 -> 40.53403 | S79: =P79-R79 -> 1310.6003 | T79: =P79 -> 1351.1343 | U79: 0.1 | V79: =T79*U79 -> 135.11343 | W79: =T79-V79 -> 1216.0209 | X79: =P79-G79 -> #VALUE! | Y79: =X79/G79 -> #VALUE! | Z79: =P79-AF79 -> 211.13434 | AA79: =Z79/AF79 -> 0.18520556 | AB79: =P79-AG79 -> 51.13434 | AC79: =AB79/AG79 -> 0.039334107 | AD79: =AF79-AH79 -> 300 | AE79: =AG79-AI79 -> 150 | AF79: 1140 | AG79: 1300 | AH79: 840 | AI79: 1150
A80: 6 | B80: 110000392 | C80: Hạt nhựa rPP20B01 | D80: Đen | E80: 27833 | F80: 0 | G80: 800/595 | H80: 935/720 | I80: 35/25 | L80: 690.60377 | M80: 244/29 | N80: 26%/4% | P80: ='KTQT_Trình bày'!Z80 -> 704.41585 | Q80: 0.03 | R80: =P80*Q80 -> 21.132475 | S80: =P80-R80 -> 683.28337 | T80: =P80 -> 704.41585 | U80: 0.1 | V80: =T80*U80 -> 70.441585 | W80: =T80-V80 -> 633.97426 | X80: =P80-G80 -> #VALUE! | Y80: =X80/G80 -> #VALUE! | Z80: =P80-AF80 -> -435.58415 | AA80: =Z80/AF80 -> -0.38209136 | AB80: =P80-AG80 -> -595.58415 | AC80: =AB80/AG80 -> -0.45814165 | AD80: =AF80-AH80 -> 300 | AE80: =AG80-AI80 -> 150 | AF80: 1140 | AG80: 1300 | AH80: 840 | AI80: 1150
A81: 7 | B81: 110000482 | C81: Hạt Nhựa rPP20W01 | D81: Trắng | E81: 3637 | F81: 25 | G81: 900/695 | H81: 935/720 | I81: 35/25 | L81: 1363.0943 | M81: -428/-643 | N81: -46%/-89% | P81: ='KTQT_Trình bày'!Z81 -> 1390.3562 | Q81: 0.03 | R81: =P81*Q81 -> 41.710687 | S81: =P81-R81 -> 1348.6455 | T81: =P81 -> 1390.3562 | U81: 0.1 | V81: =T81*U81 -> 139.03562 | W81: =T81-V81 -> 1251.3206 | X81: =P81-G81 -> #VALUE! | Y81: =X81/G81 -> #VALUE! | Z81: =P81-AF81 -> 250.35623 | AA81: =Z81/AF81 -> 0.21961072 | AB81: =P81-AG81 -> 90.356226 | AC81: =AB81/AG81 -> 0.06950479 | AD81: =AF81-AH81 -> 300 | AE81: =AG81-AI81 -> 150 | AF81: 1140 | AG81: 1300 | AH81: 840 | AI81: 1150
A82: 8 | B82: 110000394 | C82: Hạt nhựa rPP15Gy02 | D82: Xám | E82: 1370 | F82: 0 | G82: 900/695 | H82: 935/720 | I82: 35/25 | L82: 1116.7547 | M82: -182/-397 | N82: -19%/-55% | P82: ='KTQT_Trình bày'!Z82 -> 1139.0898 | Q82: 0.03 | R82: =P82*Q82 -> 34.172694 | S82: =P82-R82 -> 1104.9171 | T82: =P82 -> 1139.0898 | U82: 0.1 | V82: =T82*U82 -> 113.90898 | W82: =T82-V82 -> 1025.1808 | X82: =P82-G82 -> #VALUE! | Y82: =X82/G82 -> #VALUE! | Z82: =P82-AF82 -> -0.91018868 | AA82: =Z82/AF82 -> -0.00079841112 | AB82: =P82-AG82 -> -160.91019 | AC82: =AB82/AG82 -> -0.12377707 | AD82: =AF82-AH82 -> 300 | AE82: =AG82-AI82 -> 150 | AF82: 1140 | AG82: 1300 | AH82: 840 | AI82: 1150
A83: 9 | B83: 110000470 | C83: Hạt Nhựa rPP20L04 | D83: Dương | E83: 1500 | F83: 0 | G83: 900/695 | H83: 935/720 | I83: 35/25 | L83: 849.28302 | M83: 86/-129 | N83: 9%/-18% | P83: ='KTQT_Trình bày'!Z83 -> 866.26868 | Q83: 0.03 | R83: =P83*Q83 -> 25.98806 | S83: =P83-R83 -> 840.28062 | T83: =P83 -> 866.26868 | U83: 0.1 | V83: =T83*U83 -> 86.626868 | W83: =T83-V83 -> 779.64181 | X83: =P83-G83 -> #VALUE! | Y83: =X83/G83 -> #VALUE! | Z83: =P83-AF83 -> -273.73132 | AA83: =Z83/AF83 -> -0.24011519 | AB83: =P83-AG83 -> -433.73132 | AC83: =AB83/AG83 -> -0.33363948 | AD83: =AF83-AH83 -> 300 | AE83: =AG83-AI83 -> 150 | AF83: 1140 | AG83: 1300 | AH83: 840 | AI83: 1150
A84: II | B84: MÃ HÀNG BÁN CHẬM
A85: 1 | B85: 110000367 | C85: Hạt nhựa rPP15R01 | D85: Đỏ | E85: 141 | F85: 0 | G85: 900/695 | H85: 935/720 | I85: 35/25 | L85: 830.15094 | M85: 105/-110 | N85: 11%/-15% | P85: ='KTQT_Trình bày'!Z85 -> 846.75396 | Q85: 0.03 | R85: =P85*Q85 -> 25.402619 | S85: =P85-R85 -> 821.35134 | T85: =P85 -> 846.75396 | U85: 0.1 | V85: =T85*U85 -> 84.675396 | W85: =T85-V85 -> 762.07857 | X85: =P85-G85 -> #VALUE! | Y85: =X85/G85 -> #VALUE! | Z85: =P85-AF85 -> -293.24604 | AA85: =Z85/AF85 -> -0.25723337 | AB85: =P85-AG85 -> -453.24604 | AC85: =AB85/AG85 -> -0.3486508 | AD85: =AF85-AH85 -> 300 | AE85: =AG85-AI85 -> 150 | AF85: 1140 | AG85: 1300 | AH85: 840 | AI85: 1150
A86: 2 | B86: 110000369 | C86: Hạt nhựa rPP25W01 | D86: Trắng | E86: 2677.8 | F86: 0 | G86: 900/695 | H86: 935/720 | I86: 35/25 | L86: 675.50943 | M86: 259/44 | N86: 28%/6% | P86: ='KTQT_Trình bày'!Z86 -> 689.01962 | Q86: 0.03 | R86: =P86*Q86 -> 20.670589 | S86: =P86-R86 -> 668.34903 | T86: =P86 -> 689.01962 | U86: 0.1 | V86: =T86*U86 -> 68.901962 | W86: =T86-V86 -> 620.11766 | X86: =P86-G86 -> #VALUE! | Y86: =X86/G86 -> #VALUE! | Z86: =P86-AF86 -> -450.98038 | AA86: =Z86/AF86 -> -0.39559682 | AB86: =P86-AG86 -> -610.98038 | AC86: =AB86/AG86 -> -0.46998491 | AD86: =AF86-AH86 -> 300 | AE86: =AG86-AI86 -> 150 | AF86: 1140 | AG86: 1300 | AH86: 840 | AI86: 1150
A87: 4 | B87: 110000388 | C87: Hạt nhựa rPP20R01 | D87: Đỏ | E87: 2644 | F87: 0 | G87: 900/695 | H87: 935/720 | I87: 35/25 | L87: 950.9434 | M87: -16/-231 | N87: -2%/-32% | P87: ='KTQT_Trình bày'!Z87 -> 969.96226 | Q87: 0.03 | R87: =P87*Q87 -> 29.098868 | S87: =P87-R87 -> 940.8634 | T87: =P87 -> 969.96226 | U87: 0.1 | V87: =T87*U87 -> 96.996226 | W87: =T87-V87 -> 872.96604 | X87: =P87-G87 -> #VALUE! | Y87: =X87/G87 -> #VALUE! | Z87: =P87-AF87 -> -170.03774 | AA87: =Z87/AF87 -> -0.14915591 | AB87: =P87-AG87 -> -330.03774 | AC87: =AB87/AG87 -> -0.25387518 | AD87: =AF87-AH87 -> 300 | AE87: =AG87-AI87 -> 150 | AF87: 1140 | AG87: 1300 | AH87: 840 | AI87: 1150
A88: 7 | B88: 110000393 | C88: Hạt nhựa rPP20Be01 | D88: Be | E88: 43838 | F88: 0 | G88: 900/695 | H88: 935/720 | I88: 35/25 | L88: 831.01887 | M88: 104/-111 | N88: 11%/-15% | P88: ='KTQT_Trình bày'!Z88 -> 847.63925 | Q88: 0.03 | R88: =P88*Q88 -> 25.429177 | S88: =P88-R88 -> 822.21007 | T88: =P88 -> 847.63925 | U88: 0.1 | V88: =T88*U88 -> 84.763925 | W88: =T88-V88 -> 762.87532 | X88: =P88-G88 -> #VALUE! | Y88: =X88/G88 -> #VALUE! | Z88: =P88-AF88 -> -292.36075 | AA88: =Z88/AF88 -> -0.2564568 | AB88: =P88-AG88 -> -452.36075 | AC88: =AB88/AG88 -> -0.34796981 | AD88: =AF88-AH88 -> 300 | AE88: =AG88-AI88 -> 150 | AF88: 1140 | AG88: 1300 | AH88: 840 | AI88: 1150
A89: 8 | B89: 110000441 | C89: Hạt Nhựa PP Thử Nghiệm | E89: 5115.6 | F89: 0
A90: F | B90: Vảy rPP
A91: I | B91: MÃ HÀNG ĐANG BÁN
A92: 1 | B92: 110000421 | C92: Vảy PP Đỏ Nhạt | D92: Đỏ | E92: 30700.1 | F92: 11250 | G92: 650 | H92: 680 | I92: 30 | L92: 769.16981 | M92: -89.169811 | N92: -0.13113208 | P92: ='KTQT_Trình bày'!Z92 -> 784.55321 | Q92: 0.03 | R92: =P92*Q92 -> 23.536596 | S92: =P92-R92 -> 761.01661 | T92: =P92 -> 784.55321 | U92: 0.1 | V92: =T92*U92 -> 78.455321 | W92: =T92-V92 -> 706.09789 | X92: =P92-G92 -> 134.55321 | Y92: =X92/G92 -> 0.20700493 | Z92: =P92-AF92 -> -355.44679 | AA92: =Z92/AF92 -> -0.31179543 | AB92: =P92-AG92 -> -515.44679 | AC92: =AB92/AG92 -> -0.39649753 | AD92: =AF92-AH92 -> 300 | AE92: =AG92-AI92 -> 150 | AF92: 1140 | AG92: 1300 | AH92: 840 | AI92: 1150
A93: 2 | B93: 110000423 | C93: Vảy PP Dương Nhạt | D93: Dương | E93: 119803 | F93: 0 | G93: 650 | H93: 680 | I93: 30 | L93: 747.58491 | M93: -67.584906 | N93: -0.099389567 | P93: ='KTQT_Trình bày'!Z93 -> 762.5366 | Q93: 0.03 | R93: =P93*Q93 -> 22.876098 | S93: =P93-R93 -> 739.66051 | T93: =P93 -> 762.5366 | U93: 0.1 | V93: =T93*U93 -> 76.25366 | W93: =T93-V93 -> 686.28294 | X93: =P93-G93 -> 112.5366 | Y93: =X93/G93 -> 0.17313324 | Z93: =P93-AF93 -> -377.4634 | AA93: =Z93/AF93 -> -0.33110824 | AB93: =P93-AG93 -> -537.4634 | AC93: =AB93/AG93 -> -0.41343338 | AD93: =AF93-AH93 -> 300 | AE93: =AG93-AI93 -> 150 | AF93: 1140 | AG93: 1300 | AH93: 840 | AI93: 1150
A95: II | B95: MÃ HÀNG BÁN CHẬM
A96: 1 | B96: 110000422 | C96: Vảy PP Đỏ Đậm | D96: Đỏ | E96: 2250 | F96: 0 | G96: 650 | H96: 680 | I96: 30 | L96: 754.03774 | M96: -74.037736 | N96: -0.10887902 | P96: ='KTQT_Trình bày'!Z96 -> 769.11849 | Q96: 0.03 | R96: =P96*Q96 -> 23.073555 | S96: =P96-R96 -> 746.04494 | T96: =P96 -> 769.11849 | U96: 0.1 | V96: =T96*U96 -> 76.911849 | W96: =T96-V96 -> 692.20664 | X96: =P96-G96 -> 119.11849 | Y96: =X96/G96 -> 0.18325922 | Z96: =P96-AF96 -> -370.88151 | AA96: =Z96/AF96 -> -0.32533466 | AB96: =P96-AG96 -> -530.88151 | AC96: =AB96/AG96 -> -0.40837039 | AD96: =AF96-AH96 -> 300 | AE96: =AG96-AI96 -> 150 | AF96: 1140 | AG96: 1300 | AH96: 840 | AI96: 1150
A97: 2 | B97: 110000439 | C97: Vảy PP Trắng Sữa | D97: Trắng | E97: 5250 | F97: 0 | G97: 650 | H97: 680 | I97: 30 | L97: 2251.5472 | M97: -1571.5472 | N97: -2.3110988 | P97: ='KTQT_Trình bày'!Z97 -> 2296.5781 | Q97: 0.03 | R97: =P97*Q97 -> 68.897343 | S97: =P97-R97 -> 2227.6808 | T97: =P97 -> 2296.5781 | U97: 0.1 | V97: =T97*U97 -> 229.65781 | W97: =T97-V97 -> 2066.9203 | X97: =P97-G97 -> 1646.5781 | Y97: =X97/G97 -> 2.5331971 | Z97: =P97-AF97 -> 1156.5781 | AA97: =Z97/AF97 -> 1.0145422 | AB97: =P97-AG97 -> 996.57811 | AC97: =AB97/AG97 -> 0.76659855 | AD97: =AF97-AH97 -> 300 | AE97: =AG97-AI97 -> 150 | AF97: 1140 | AG97: 1300 | AH97: 840 | AI97: 1150
A98: 3 | B98: 110000424 | C98: Vảy PP Dương Đậm | D98: Dương | E98: 750 | F98: 0 | G98: 650 | H98: 680 | I98: 30 | L98: 754.71698 | M98: -74.716981 | N98: -0.10987791 | P98: ='KTQT_Trình bày'!Z98 -> 769.81132 | Q98: 0.03 | R98: =P98*Q98 -> 23.09434 | S98: =P98-R98 -> 746.71698 | T98: =P98 -> 769.81132 | U98: 0.1 | V98: =T98*U98 -> 76.981132 | W98: =T98-V98 -> 692.83019 | X98: =P98-G98 -> 119.81132 | Y98: =X98/G98 -> 0.18432511 | Z98: =P98-AF98 -> -370.18868 | AA98: =Z98/AF98 -> -0.32472691 | AB98: =P98-AG98 -> -530.18868 | AC98: =AB98/AG98 -> -0.40783745 | AD98: =AF98-AH98 -> 300 | AE98: =AG98-AI98 -> 150 | AF98: 1140 | AG98: 1300 | AH98: 840 | AI98: 1150

Sheet KTQT_Trình bày
B1: DANH MỤC THÀNH PHẨM
Z3: CK KD | AD3: ='rPET- nội bộ '!T8&" - PKD" -> - PKD | AH3: ='rPET- nội bộ '!T8 &" - GĐDH & TGĐ" -> - GĐDH & TGĐ | AL3: SV KTQT
A4: STT | B4: Mã SAP | C4: Tên hàng hóa | D4: Màu | E4: Tồn kho 24/02/2026 (kg) | F4: Số lượng bán BQ 2026 (kg/ tháng) | G4: Giá duyệt T2 (USD/ tấn) | H4: Giá bán đề nghị T3 (USD/ tấn) | I4: CL T3 sv T2 (USD/ tấn) | J4: Giá thành | K4: CPQL | L4: Giá vốn | M4: Lợi nhuận trước thuế | N4: % lợi nhuận trước thuế | O4: Giá đề nghị của kinh doanh | P4: Ghi chú | Q4: Sử dụng phó sản | S4: Giá bán đảm bảo LH 20% | T4: Lợi nhuận gộp | U4: % Lợi nhuận gộp | V4: Giá bán đảm bảo LNTT 10% | W4: Lợi nhuận trước thuế | X4: % Lợi nhuận trước thuế | Z4: Giá bán đảm bảo LNTT 10% | AA4: Lợi nhuận trước thuế | AB4: % Lợi nhuận trước thuế | AD4: Giá Bán (1) | AE4: % Chiết khấu (2) | AF4: Chiết Khấu (3) | AG4: Giá bán sau chiết khấu (4)=(1)-(3) | AH4: Giá Bán (1) | AI4: % Chiết khấu (2) | AJ4: Chiết Khấu (3) | AK4: Giá bán sau chiết khấu (4)=(1)-(3) | AL4: (-) USD | AM4: (-) USD
A5: A | B5: rPET | Z5: =L7/0.9 -> 1175.3286 | AA5: =Z5-J7 -> 242.53286 | AB5: =AA5/Z5 -> 0.20635324
A6: I | B6: MÃ HÀNG ĐANG BÁN | S6: 0.25 | V6: 0.11 | Z6: 0.02 | AA6: =Z5-L7 -> 117.53286 | AB6: =AA6/Z5 -> 0.1
A7: 1 | B7: 110000354 | C7: Hạt nhựa rPET WSS01G 1 | E7: 503605 | F7: 2663100 | G7: 1160 | H7: 1160 | I7: 0 | J7: =L7-K7 -> 932.79573 | K7: 125 | L7: 1057.7957 | M7: 102.20427 | N7: 0.088107133 | S7: =J7+J7*$S$6 -> 1165.9947 | T7: =S7-J7 -> 233.19893 | U7: =T7/S7 -> 0.2 | V7: =L7+L7*$V$6 -> 1174.1533 | W7: =V7-L7 -> 116.35753 | X7: =W7/S7 -> 0.099792507 | Z7: =V7+V7*Z$6 -> 1197.6363 | AA7: =Z7-L7 -> 139.8406 | AB7: =AA7/Z7 -> 0.11676382 | AD7: =Z7 -> 1197.6363 | AE7: 0.03 | AF7: =AD7*AE7 -> 35.92909 | AG7: =AD7-AF7 -> 1161.7072 | AH7: =AD7 -> 1197.6363 | AI7: 0.05 | AJ7: =AH7*AI7 -> 59.881816 | AK7: =AH7-AJ7 -> 1137.7545 | AL7: =AG7-H7 -> 1.7072317 | AM7: =AK7-H7 -> -22.245495
A8: 2 | B8: 110000355 | C8: Hạt nhựa rPET iSS01G 1 | E8: 154879.75 | F8: 25300 | G8: 1190 | H8: 1190 | I8: 0 | J8: =L8-K8 -> 932.79573 | K8: 125 | L8: 1057.7957 | M8: 132.20427 | N8: 0.11109603 | S8: =J8+J8*$S$6 -> 1165.9947 | T8: =S8-J8 -> 233.19893 | U8: =T8/S8 -> 0.2 | V8: =L8+L8*$V$6 -> 1174.1533 | W8: =V8-L8 -> 116.35753 | X8: =W8/S8 -> 0.099792507 | Z8: =V8+V8*Z$6 -> 1197.6363 | AA8: =Z8-L8 -> 139.8406 | AB8: =AA8/Z8 -> 0.11676382 | AD8: =Z8 -> 1197.6363 | AE8: 0.03 | AF8: =AD8*AE8 -> 35.92909 | AG8: =AD8-AF8 -> 1161.7072 | AH8: =AD8 -> 1197.6363 | AI8: 0.05 | AJ8: =AH8*AI8 -> 59.881816 | AK8: =AH8-AJ8 -> 1137.7545 | AL8: =AG8-H8 -> -28.292768 | AM8: =AK8-H8 -> -52.245495
A9: 3 | B9: 110000332 | C9: Hạt nhựa rPET iSS01084G | E9: 788631.35 | F9: 616000 | G9: 1250 | H9: 1250 | I9: 0 | J9: =L9-K9 -> 988.77053 | K9: 125 | L9: 1113.7705 | M9: 136.22947 | N9: 0.10898358 | S9: =J9+J9*$S$6 -> 1235.9632 | T9: =S9-J9 -> 247.19263 | U9: =T9/S9 -> 0.2 | V9: =L9+L9*$V$6 -> 1236.2853 | W9: =V9-L9 -> 122.51476 | X9: =W9/S9 -> 0.099124927 | Z9: =V9+V9*Z$6 -> 1261.011 | AA9: =Z9-L9 -> 147.24046 | AB9: =AA9/Z9 -> 0.11676382 | AD9: =Z9 -> 1261.011 | AE9: 0.03 | AF9: =AD9*AE9 -> 37.83033 | AG9: =AD9-AF9 -> 1223.1807 | AH9: =AD9 -> 1261.011 | AI9: 0.05 | AJ9: =AH9*AI9 -> 63.050549 | AK9: =AH9-AJ9 -> 1197.9604 | AL9: =AG9-H9 -> -26.81934 | AM9: =AK9-H9 -> -52.03956
A10: 4 | B10: 110000359 | C10: Hạt nhựa rPET WSS03G | E10: 1999804.7 | F10: 244200 | G10: 1090 | H10: 1090 | I10: 0 | J10: =L10-K10 -> 932.79573 | K10: 125 | L10: 1057.7957 | M10: 32.204274 | N10: 0.029545205 | S10: =J10+J10*$S$6 -> 1165.9947 | T10: =S10-J10 -> 233.19893 | U10: =T10/S10 -> 0.2 | V10: =L10+L10*$V$6 -> 1174.1533 | W10: =V10-L10 -> 116.35753 | X10: =W10/S10 -> 0.099792507 | Z10: =V10+V10*Z$6 -> 1197.6363 | AA10: =Z10-L10 -> 139.8406 | AB10: =AA10/Z10 -> 0.11676382 | AD10: =Z10 -> 1197.6363 | AE10: 0.03 | AF10: =AD10*AE10 -> 35.92909 | AG10: =AD10-AF10 -> 1161.7072 | AH10: =AD10 -> 1197.6363 | AI10: 0.05 | AJ10: =AH10*AI10 -> 59.881816 | AK10: =AH10-AJ10 -> 1137.7545 | AL10: =AG10-H10 -> 71.707232 | AM10: =AK10-H10 -> 47.754505
A11: 5 | B11: 110000329 | C11: Hạt nhựa rPET WSS01 | E11: 378162 | F11: 0 | G11: 1320 | H11: 1320 | I11: 0 | J11: =L11-K11 -> 1030.3596 | K11: 125 | L11: 1155.3596 | M11: 164.64035 | N11: 0.12472754 | P11: Bán cho Lavie | S11: =J11+J11*$S$6 -> 1287.9496 | T11: =S11-J11 -> 257.58991 | U11: =T11/S11 -> 0.2 | V11: =L11+L11*$V$6 -> 1282.4492 | W11: =V11-L11 -> 127.08956 | X11: =W11/S11 -> 0.098675884 | Z11: =V11+V11*Z$6 -> 1308.0982 | AA11: =Z11-L11 -> 152.73855 | AB11: =AA11/Z11 -> 0.11676382 | AD11: =Z11 -> 1308.0982 | AE11: 0.03 | AF11: =AD11*AE11 -> 39.242946 | AG11: =AD11-AF11 -> 1268.8552 | AH11: =AD11 -> 1308.0982 | AI11: 0.05 | AJ11: =AH11*AI11 -> 65.40491 | AK11: =AH11-AJ11 -> 1242.6933 | AL11: =AG11-H11 -> -51.144751 | AM11: =AK11-H11 -> -77.306715
A12: 7 | B12: 110000499 | C12: Hạt Nhựa rPET WSS01L | E12: 34030 | F12: 0 | G12: 1160 | H12: 1160 | I12: 0 | J12: =L12-K12 -> 881.56604 | K12: 125 | L12: 1006.566 | M12: 153.43396 | N12: 0.13227066 | S12: =J12+J12*$S$6 -> 1101.9575 | T12: =S12-J12 -> 220.39151 | U12: =T12/S12 -> 0.2 | V12: =L12+L12*$V$6 -> 1117.2883 | W12: =V12-L12 -> 110.72226 | X12: =W12/S12 -> 0.10047779 | Z12: =V12+V12*Z$6 -> 1139.6341 | AA12: =Z12-L12 -> 133.06803 | AB12: =AA12/Z12 -> 0.11676382 | AD12: =Z12 -> 1139.6341 | AE12: 0.03 | AF12: =AD12*AE12 -> 34.189022 | AG12: =AD12-AF12 -> 1105.445 | AH12: =AD12 -> 1139.6341 | AI12: 0.05 | AJ12: =AH12*AI12 -> 56.981703 | AK12: =AH12-AJ12 -> 1082.6524 | AL12: =AG12-H12 -> -54.554954 | AM12: =AK12-H12 -> -77.347635
A13: 9 | B13: 110000506 | C13: Hạt Nhựa rPET WSS01 & WSS01G-L | E13: 65840 | F13: 0 | G13: 1410 | H13: 690 | I13: -720 | J13: =L13-K13 -> 1097.6415 | K13: 125 | L13: 1222.6415 | M13: -532.64151 | N13: -0.77194422 | P13: Bán cho Lavie | Q13: Giá tồn kho | S13: =J13+J13*$S$6 -> 1372.0519 | T13: =S13-J13 -> 274.41038 | U13: =T13/S13 -> 0.2 | V13: =L13+L13*$V$6 -> 1357.1321 | W13: =V13-L13 -> 134.49057 | X13: =W13/S13 -> 0.098021487 | Z13: =V13+V13*Z$6 -> 1384.2747 | AA13: =Z13-L13 -> 161.63321 | AB13: =AA13/Z13 -> 0.11676382 | AD13: =Z13 -> 1384.2747 | AE13: 0.03 | AF13: =AD13*AE13 -> 41.528242 | AG13: =AD13-AF13 -> 1342.7465 | AH13: =AD13 -> 1384.2747 | AI13: 0.05 | AJ13: =AH13*AI13 -> 69.213736 | AK13: =AH13-AJ13 -> 1315.061 | AL13: =AG13-H13 -> 652.74648 | AM13: =AK13-H13 -> 625.06098
A14: 10 | B14: 110000483 | C14: Hạt Nhựa rPET iSS01G-S | E14: 32405.5 | F14: 6600 | G14: 1190 | H14: 1190 | I14: 0 | J14: =L14-K14 -> 992.16981 | K14: 125 | L14: 1117.1698 | M14: 72.830189 | N14: 0.061201839 | P14: Sản phẩm mới | Q14: Giá tồn kho | S14: =J14+J14*$S$6 -> 1240.2123 | T14: =S14-J14 -> 248.04245 | U14: =T14/S14 -> 0.2 | V14: =L14+L14*$V$6 -> 1240.0585 | W14: =V14-L14 -> 122.88868 | X14: =W14/S14 -> 0.099086812 | Z14: =V14+V14*Z$6 -> 1264.8597 | AA14: =Z14-L14 -> 147.68985 | AB14: =AA14/Z14 -> 0.11676382 | AD14: =Z14 -> 1264.8597 | AE14: 0.03 | AF14: =AD14*AE14 -> 37.94579 | AG14: =AD14-AF14 -> 1226.9139 | AH14: =AD14 -> 1264.8597 | AI14: 0.05 | AJ14: =AH14*AI14 -> 63.242983 | AK14: =AH14-AJ14 -> 1201.6167 | AL14: =AG14-H14 -> 36.913871 | AM14: =AK14-H14 -> 11.616677
A15: II | B15: MÃ HÀNG BÁN CHẬM | S15: 0.25 | V15: 0.11
A16: 1 | B16: 110000378 | C16: Hạt nhựa rPET iSS01G 2 | E16: 1649997 | F16: 0 | G16: 1190 | H16: 1190 | I16: 0 | J16: =L16-K16 -> 932.79573 | K16: 125 | L16: 1057.7957 | M16: 132.20427 | N16: 0.11109603 | P16: Chuyển thành mã iSS01G 1 để bán | S16: =J16+J16*$S$15 -> 1165.9947 | T16: =S16-J16 -> 233.19893 | U16: =T16/S16 -> 0.2 | V16: =L16+L16*$V$15 -> 1174.1533 | W16: =V16-L16 -> 116.35753 | X16: =W16/S16 -> 0.099792507 | Z16: =V16+V16*Z$6 -> 1197.6363 | AA16: =Z16-L16 -> 139.8406 | AB16: =AA16/Z16 -> 0.11676382 | AD16: =Z16 -> 1197.6363 | AE16: 0.03 | AF16: =AD16*AE16 -> 35.92909 | AG16: =AD16-AF16 -> 1161.7072 | AH16: =AD16 -> 1197.6363 | AI16: 0.05 | AJ16: =AH16*AI16 -> 59.881816 | AK16: =AH16-AJ16 -> 1137.7545 | AL16: =AG16-H16 -> -28.292768 | AM16: =AK16-H16 -> -52.245495
A17: 2 | B17: 110000377 | C17: Hạt nhựa rPET WSS01G 2 | E17: 287099.5 | F17: 11000 | G17: 1160 | H17: 1160 | I17: 0 | J17: =L17-K17 -> 932.79573 | K17: 125 | L17: 1057.7957 | M17: 102.20427 | N17: 0.088107133 | P17: Chuyển thành mã wSS01G 1 để bán | S17: =J17+J17*$S$15 -> 1165.9947 | T17: =S17-J17 -> 233.19893 | U17: =T17/S17 -> 0.2 | V17: =L17+L17*$V$15 -> 1174.1533 | W17: =V17-L17 -> 116.35753 | X17: =W17/S17 -> 0.099792507 | Z17: =V17+V17*Z$6 -> 1197.6363 | AA17: =Z17-L17 -> 139.8406 | AB17: =AA17/Z17 -> 0.11676382 | AD17: =Z17 -> 1197.6363 | AE17: 0.03 | AF17: =AD17*AE17 -> 35.92909 | AG17: =AD17-AF17 -> 1161.7072 | AH17: =AD17 -> 1197.6363 | AI17: 0.05 | AJ17: =AH17*AI17 -> 59.881816 | AK17: =AH17-AJ17 -> 1137.7545 | AL17: =AG17-H17 -> 1.7072317 | AM17: =AK17-H17 -> -22.245495
A18: 3 | B18: 110000383 | C18: Hạt Nhựa rPET iSS84G-P | E18: 52800 | F18: 0 | I18: 0 | J18: =L18-K18 -> 984.28302 | K18: 125 | L18: 1109.283 | P18: Không báo giá (SP SX bán cho Amcor) | Q18: Giá tồn kho | S18: =J18+J18*$S$15 -> 1230.3538 | T18: =S18-J18 -> 246.07075 | U18: =T18/S18 -> 0.2 | V18: =L18+L18*$V$15 -> 1231.3042 | W18: =V18-L18 -> 122.02113 | X18: =W18/S18 -> 0.099175647 | Z18: =V18+V18*Z$6 -> 1255.9302 | AA18: =Z18-L18 -> 146.64722 | AB18: =AA18/Z18 -> 0.11676382 | AD18: =Z18 -> 1255.9302 | AE18: 0.03 | AF18: =AD18*AE18 -> 37.677907 | AG18: =AD18-AF18 -> 1218.2523 | AH18: =AD18 -> 1255.9302 | AI18: 0.05 | AJ18: =AH18*AI18 -> 62.796512 | AK18: =AH18-AJ18 -> 1193.1337 | AL18: =AG18-H18 -> 1218.2523 | AM18: =AK18-H18 -> 1193.1337
A19: 6 | B19: 110000468 | C19: Hạt Nhựa rPET iSS80G-P | E19: 73650 | F19: 0 | I19: 0 | J19: =L19-K19 -> 917.18868 | K19: 125 | L19: 1042.1887 | P19: Không báo giá (SP SX bán cho Amcor) | Q19: Giá tồn kho | S19: =J19+J19*$S$15 -> 1146.4858 | T19: =S19-J19 -> 229.29717 | U19: =T19/S19 -> 0.2 | V19: =L19+L19*$V$15 -> 1156.8294 | W19: =V19-L19 -> 114.64075 | X19: =W19/S19 -> 0.09999317 | Z19: =V19+V19*Z$6 -> 1179.966 | AA19: =Z19-L19 -> 137.77734 | AB19: =AA19/Z19 -> 0.11676382 | AD19: =Z19 -> 1179.966 | AE19: 0.03 | AF19: =AD19*AE19 -> 35.398981 | AG19: =AD19-AF19 -> 1144.567 | AH19: =AD19 -> 1179.966 | AI19: 0.05 | AJ19: =AH19*AI19 -> 58.998301 | AK19: =AH19-AJ19 -> 1120.9677 | AL19: =AG19-H19 -> 1144.567 | AM19: =AK19-H19 -> 1120.9677
A20: 8 | B20: 110000376 | C20: Hạt nhựa rPET iSS01L | E20: 800 | F20: 0 | I20: 0 | J20: =L20-K20 -> 1051.2642 | K20: 125 | L20: 1176.2642 | P20: Không báo giá (hàng chờ xử lý) | Q20: Giá tồn kho | S20: =J20+J20*$S$15 -> 1314.0802 | T20: =S20-J20 -> 262.81604 | U20: =T20/S20 -> 0.2 | V20: =L20+L20*$V$15 -> 1305.6532 | W20: =V20-L20 -> 129.38906 | X20: =W20/S20 -> 0.098463593 | Z20: =V20+V20*Z$6 -> 1331.7663 | AA20: =Z20-L20 -> 155.50212 | AB20: =AA20/Z20 -> 0.11676382 | AD20: =Z20 -> 1331.7663 | AE20: 0.03 | AF20: =AD20*AE20 -> 39.952988 | AG20: =AD20-AF20 -> 1291.8133 | AH20: =AD20 -> 1331.7663 | AI20: 0.05 | AJ20: =AH20*AI20 -> 66.588314 | AK20: =AH20-AJ20 -> 1265.178 | AL20: =AG20-H20 -> 1291.8133 | AM20: =AK20-H20 -> 1265.178
A21: III | B21: MÃ HÀNG SẢN XUẤT TỪ PHÓ SẢN NGÀNH PET | S21: 0.25 | V21: 0.11
A22: 1 | B22: 110000466 | C22: Hạt Nhựa rPET WSS05SB-2 | E22: 16099 | F22: 0 | G22: 770 | H22: 770 | I22: 0 | J22: =L22-K22 -> 728 | K22: 125 | L22: 853 | M22: -83 | N22: -0.10779221 | Q22: 82% Vảy B6.2_A3 và 18% vảy B7_A3 | S22: =J22+J22*$S$21 -> 910 | T22: =S22-J22 -> 182 | U22: =T22/S22 -> 0.2 | V22: =L22+L22*$V$21 -> 946.83 | W22: =V22-L22 -> 93.83 | X22: =W22/S22 -> 0.10310989 | Z22: =V22+V22*Z$6 -> 965.7666 | AA22: =Z22-L22 -> 112.7666 | AB22: =AA22/Z22 -> 0.11676382 | AD22: =Z22 -> 965.7666 | AE22: 0.03 | AF22: =AD22*AE22 -> 28.972998 | AG22: =AD22-AF22 -> 936.7936 | AH22: =AD22 -> 965.7666 | AI22: 0.05 | AJ22: =AH22*AI22 -> 48.28833 | AK22: =AH22-AJ22 -> 917.47827 | AL22: =AG22-H22 -> 166.7936 | AM22: =AK22-H22 -> 147.47827
A23: 2 | B23: 110000436 | C23: Hạt nhựa rPET WSS05SB | E23: 570335.7 | F23: 23100 | G23: 720 | H23: 720 | I23: 0 | J23: =L23-K23 -> 755 | K23: 125 | L23: 880 | M23: -160 | N23: -0.22222222 | Q23: 100% Vảy B6.2_A3 và 90% B6.2_A3, 10% Bụi tank C,D sau vắt | S23: =J23+J23*$S$21 -> 943.75 | T23: =S23-J23 -> 188.75 | U23: =T23/S23 -> 0.2 | V23: =L23+L23*$V$21 -> 976.8 | W23: =V23-L23 -> 96.8 | X23: =W23/S23 -> 0.10256954 | Z23: =V23+V23*Z$6 -> 996.336 | AA23: =Z23-L23 -> 116.336 | AB23: =AA23/Z23 -> 0.11676382 | AD23: =Z23 -> 996.336 | AE23: 0.03 | AF23: =AD23*AE23 -> 29.89008 | AG23: =AD23-AF23 -> 966.44592 | AH23: =AD23 -> 996.336 | AI23: 0.05 | AJ23: =AH23*AI23 -> 49.8168 | AK23: =AH23-AJ23 -> 946.5192 | AL23: =AG23-H23 -> 246.44592 | AM23: =AK23-H23 -> 226.5192
A24: 2 | B24: 110000382 | C24: Hạt nhựa rPET WSS04SB | E24: 4514.7 | F24: 0 | G24: 1030 | H24: 1030 | I24: 0 | J24: =L24-K24 -> 392 | K24: 125 | L24: 517 | M24: 513 | N24: 0.49805825 | Q24: 100% vảy PET B1_A3 | S24: =J24+J24*$S$21 -> 490 | T24: =S24-J24 -> 98 | U24: =T24/S24 -> 0.2 | V24: =L24+L24*$V$21 -> 573.87 | W24: =V24-L24 -> 56.87 | X24: =W24/S24 -> 0.11606122 | Z24: =V24+V24*Z$6 -> 585.3474 | AA24: =Z24-L24 -> 68.3474 | AB24: =AA24/Z24 -> 0.11676382 | AD24: =Z24 -> 585.3474 | AE24: 0.03 | AF24: =AD24*AE24 -> 17.560422 | AG24: =AD24-AF24 -> 567.78698 | AH24: =AD24 -> 585.3474 | AI24: 0.05 | AJ24: =AH24*AI24 -> 29.26737 | AK24: =AH24-AJ24 -> 556.08003 | AL24: =AG24-H24 -> -462.21302 | AM24: =AK24-H24 -> -473.91997
A25: 3 | B25: 110000384 | C25: Hạt Nhựa Xơ Sợi Thử Nghiệm | E25: 171597.5 | F25: 0 | I25: 0 | J25: =L25-K25 -> -125 | K25: 125 | Q25: Không đạt WSS04SB, WSS04SB, WSS04SD rớt xuống mã xơ sợi thử nghiệm | S25: =J25+J25*$S$21 -> -156.25 | T25: =S25-J25 -> -31.25 | U25: =T25/S25 -> 0.2 | V25: =L25+L25*$V$21 -> 0 | W25: =V25-L25 -> 0 | X25: =W25/S25 -> 0 | Z25: =V25+V25*Z$6 -> 0 | AA25: =Z25-L25 -> 0 | AB25: =AA25/Z25 -> #DIV/0! | AD25: =Z25 -> 0 | AE25: 0.03 | AF25: =AD25*AE25 -> 0 | AG25: =AD25-AF25 -> 0 | AH25: =AD25 -> 0 | AI25: 0.05 | AJ25: =AH25*AI25 -> 0 | AK25: =AH25-AJ25 -> 0 | AL25: =AG25-H25 -> 0 | AM25: =AK25-H25 -> 0
A26: 3 | B26: 110000381 | C26: Hạt nhựa rPET WSS04SD | E26: 68711.6 | F26: -17600 | G26: 1030 | H26: 1030 | I26: 0 | J26: =L26-K26 -> 454 | K26: 125 | L26: 579 | M26: 451 | N26: 0.43786408 | Q26: Tomra_A1/ Zigzag_A1 | S26: =J26+J26*$S$21 -> 567.5 | T26: =S26-J26 -> 113.5 | U26: =T26/S26 -> 0.2 | V26: =L26+L26*$V$21 -> 642.69 | W26: =V26-L26 -> 63.69 | X26: =W26/S26 -> 0.11222907 | Z26: =V26+V26*Z$6 -> 655.5438 | AA26: =Z26-L26 -> 76.5438 | AB26: =AA26/Z26 -> 0.11676382 | AD26: =Z26 -> 655.5438 | AE26: 0.03 | AF26: =AD26*AE26 -> 19.666314 | AG26: =AD26-AF26 -> 635.87749 | AH26: =AD26 -> 655.5438 | AI26: 0.05 | AJ26: =AH26*AI26 -> 32.77719 | AK26: =AH26-AJ26 -> 622.76661 | AL26: =AG26-H26 -> -394.12251 | AM26: =AK26-H26 -> -407.23339
A27: 4 | B27: 110000387 | C27: Hạt nhựa rPET WSS03SD | E27: 13179.6 | F27: 0 | G27: 1030 | H27: 1030 | I27: 0 | J27: =L27-K27 -> 543 | K27: 125 | L27: 668 | M27: 362 | N27: 0.35145631 | Q27: Tomra_A1/ Zigzag_A1 | S27: =J27+J27*$S$21 -> 678.75 | T27: =S27-J27 -> 135.75 | U27: =T27/S27 -> 0.2 | V27: =L27+L27*$V$21 -> 741.48 | W27: =V27-L27 -> 73.48 | X27: =W27/S27 -> 0.10825783 | Z27: =V27+V27*Z$6 -> 756.3096 | AA27: =Z27-L27 -> 88.3096 | AB27: =AA27/Z27 -> 0.11676382 | AD27: =Z27 -> 756.3096 | AE27: 0.03 | AF27: =AD27*AE27 -> 22.689288 | AG27: =AD27-AF27 -> 733.62031 | AH27: =AD27 -> 756.3096 | AI27: 0.05 | AJ27: =AH27*AI27 -> 37.81548 | AK27: =AH27-AJ27 -> 718.49412 | AL27: =AG27-H27 -> -296.37969 | AM27: =AK27-H27 -> -311.50588
A28: 4 | B28: 110000464 | C28: Hạt Nhựa rPET WSS06SP-1 | E28: 90593 | F28: 0 | G28: 570 | H28: 570 | I28: 0 | J28: =L28-K28 -> 464 | K28: 125 | L28: 589 | M28: -19 | N28: -0.033333333 | Q28: Chuyển từ hàng xơ sợi thử nghiệm qua | S28: =J28+J28*$S$21 -> 580 | T28: =S28-J28 -> 116 | U28: =T28/S28 -> 0.2 | V28: =L28+L28*$V$21 -> 653.79 | W28: =V28-L28 -> 64.79 | X28: =W28/S28 -> 0.1117069 | Z28: =V28+V28*Z$6 -> 666.8658 | AA28: =Z28-L28 -> 77.8658 | AB28: =AA28/Z28 -> 0.11676382 | AD28: =Z28 -> 666.8658 | AE28: 0.03 | AF28: =AD28*AE28 -> 20.005974 | AG28: =AD28-AF28 -> 646.85983 | AH28: =AD28 -> 666.8658 | AI28: 0.05 | AJ28: =AH28*AI28 -> 33.34329 | AK28: =AH28-AJ28 -> 633.52251 | AL28: =AG28-H28 -> 76.859826 | AM28: =AK28-H28 -> 63.52251
A29: 5 | B29: 110000430 | C29: Hạt Nhựa rPET Bán Thành Phẩm | E29: 37399 | F29: 0 | J29: =L29-K29 -> -125 | K29: 125 | Q29: Phó sản PET tuyển nổi 2 + phó sản hạt cắt lỗi | S29: =J29+J29*$S$21 -> -156.25 | T29: =S29-J29 -> -31.25 | U29: =T29/S29 -> 0.2 | V29: =L29+L29*$V$21 -> 0 | W29: =V29-L29 -> 0 | X29: =W29/S29 -> 0 | Z29: =V29+V29*Z$6 -> 0 | AA29: =Z29-L29 -> 0 | AB29: =AA29/Z29 -> #DIV/0! | AD29: =Z29 -> 0 | AE29: 0.03 | AF29: =AD29*AE29 -> 0 | AG29: =AD29-AF29 -> 0 | AH29: =AD29 -> 0 | AI29: 0.05 | AJ29: =AH29*AI29 -> 0 | AK29: =AH29-AJ29 -> 0 | AL29: =AG29-H29 -> 0 | AM29: =AK29-H29 -> 0
A30: B | B30: rHDPE THỔI | H30: 220
A31: I | B31: MÃ HÀNG ĐANG BÁN | S31: 0.25 | V31: 0.11
A32: 1 | B32: 110000339 | C32: Hạt Nhựa rHDPE MBF01 | D32: Trong | E32: 404076.5 | F32: 211750 | I32: 0 | J32: =L32-K32 -> 951 | K32: 125 | L32: 1076 | P32: Theo giá U => ko đề xuất trong duyệt giá | S32: =J32+J32*$S$31 -> 1188.75 | T32: =S32-J32 -> 237.75 | U32: =T32/S32 -> 0.2 | V32: =L32+L32*$V$31 -> 1194.36 | W32: =V32-L32 -> 118.36 | X32: =W32/S32 -> 0.099566772 | Z32: =V32+V32*Z$6 -> 1218.2472 | AA32: =Z32-L32 -> 142.2472 | AB32: =AA32/Z32 -> 0.11676382 | AD32: =Z32 -> 1218.2472 | AE32: 0.03 | AF32: =AD32*AE32 -> 36.547416 | AG32: =AD32-AF32 -> 1181.6998 | AH32: =AD32 -> 1218.2472 | AI32: 0.05 | AJ32: =AH32*AI32 -> 60.91236 | AK32: =AH32-AJ32 -> 1157.3348 | AL32: =AG32-H32 -> 1181.6998 | AM32: =AK32-H32 -> 1157.3348
A33: 2 | B33: 110000426 | C33: Hạt Nhựa HCBF-Yel-U | D33: Vàng | E33: 40547 | F33: 0 | I33: 0 | J33: =L33-K33 -> 946.13529 | K33: 125 | L33: 1071.1353 | P33: Theo giá U => ko đề xuất trong duyệt giá | S33: =J33+J33*$S$31 -> 1182.6691 | T33: =S33-J33 -> 236.53382 | U33: =T33/S33 -> 0.2 | V33: =L33+L33*$V$31 -> 1188.9602 | W33: =V33-L33 -> 117.82488 | X33: =W33/S33 -> 0.099626244 | Z33: =V33+V33*Z$6 -> 1212.7394 | AA33: =Z33-L33 -> 141.60408 | AB33: =AA33/Z33 -> 0.11676382 | AD33: =Z33 -> 1212.7394 | AE33: 0.03 | AF33: =AD33*AE33 -> 36.382181 | AG33: =AD33-AF33 -> 1176.3572 | AH33: =AD33 -> 1212.7394 | AI33: 0.05 | AJ33: =AH33*AI33 -> 60.636969 | AK33: =AH33-AJ33 -> 1152.1024 | AL33: =AG33-H33 -> 1176.3572 | AM33: =AK33-H33 -> 1152.1024
A34: 3 | B34: 110000374 | C34: Hạt Nhựa rHDB03N02 | D34: Trong | E34: 326364.4 | F34: 44500 | G34: 1200 | H34: 1200 | I34: 0 | J34: =L34-K34 -> 951 | K34: 125 | L34: 1076 | M34: 124 | N34: 0.10333333 | S34: =J34+J34*$S$31 -> 1188.75 | T34: =S34-J34 -> 237.75 | U34: =T34/S34 -> 0.2 | V34: =L34+L34*$V$31 -> 1194.36 | W34: =V34-L34 -> 118.36 | X34: =W34/S34 -> 0.099566772 | Z34: =V34+V34*Z$6 -> 1218.2472 | AA34: =Z34-L34 -> 142.2472 | AB34: =AA34/Z34 -> 0.11676382 | AD34: =Z34 -> 1218.2472 | AE34: 0.03 | AF34: =AD34*AE34 -> 36.547416 | AG34: =AD34-AF34 -> 1181.6998 | AH34: =AD34 -> 1218.2472 | AI34: 0.05 | AJ34: =AH34*AI34 -> 60.91236 | AK34: =AH34-AJ34 -> 1157.3348 | AL34: =AG34-H34 -> -18.300216 | AM34: =AK34-H34 -> -42.66516
A35: 4 | B35: 110000443 | C35: Hạt Nhựa rHDA03N01 | D35: Trong | E35: 1749 | F35: 0 | G35: 1300 | H35: 1300 | I35: 0 | J35: =L35-K35 -> 958 | K35: 125 | L35: 1083 | M35: 217 | N35: 0.16692308 | S35: =J35+J35*$S$31 -> 1197.5 | T35: =S35-J35 -> 239.5 | U35: =T35/S35 -> 0.2 | V35: =L35+L35*$V$31 -> 1202.13 | W35: =V35-L35 -> 119.13 | X35: =W35/S35 -> 0.099482255 | Z35: =V35+V35*Z$6 -> 1226.1726 | AA35: =Z35-L35 -> 143.1726 | AB35: =AA35/Z35 -> 0.11676382 | AD35: =Z35 -> 1226.1726 | AE35: 0.03 | AF35: =AD35*AE35 -> 36.785178 | AG35: =AD35-AF35 -> 1189.3874 | AH35: =AD35 -> 1226.1726 | AI35: 0.05 | AJ35: =AH35*AI35 -> 61.30863 | AK35: =AH35-AJ35 -> 1164.864 | AL35: =AG35-H35 -> -110.61258 | AM35: =AK35-H35 -> -135.13603
A36: 5 | B36: 110000481 | C36: Hạt Nhựa rHDPE PCF01 | D36: Trong | E36: 377595 | F36: 11000 | I36: 0 | J36: =L36-K36 -> 958 | K36: 125 | L36: 1083 | P36: Theo giá U => ko đề xuất trong duyệt giá | S36: =J36+J36*$S$31 -> 1197.5 | T36: =S36-J36 -> 239.5 | U36: =T36/S36 -> 0.2 | V36: =L36+L36*$V$31 -> 1202.13 | W36: =V36-L36 -> 119.13 | X36: =W36/S36 -> 0.099482255 | Z36: =V36+V36*Z$6 -> 1226.1726 | AA36: =Z36-L36 -> 143.1726 | AB36: =AA36/Z36 -> 0.11676382 | AD36: =Z36 -> 1226.1726 | AE36: 0.03 | AF36: =AD36*AE36 -> 36.785178 | AG36: =AD36-AF36 -> 1189.3874 | AH36: =AD36 -> 1226.1726 | AI36: 0.05 | AJ36: =AH36*AI36 -> 61.30863 | AK36: =AH36-AJ36 -> 1164.864 | AL36: =AG36-H36 -> 1189.3874 | AM36: =AK36-H36 -> 1164.864
A37: 6 | B37: 110000425 | C37: Hạt Nhựa HCBF-Whi-U | D37: Trắng | E37: 93557.5 | F37: 60500 | I37: 0 | J37: =L37-K37 -> 976.25904 | K37: 125 | L37: 1101.259 | P37: Theo giá U => ko đề xuất trong duyệt giá | S37: =J37+J37*$S$31 -> 1220.3238 | T37: =S37-J37 -> 244.06476 | U37: =T37/S37 -> 0.2 | V37: =L37+L37*$V$31 -> 1222.3975 | W37: =V37-L37 -> 121.13849 | X37: =W37/S37 -> 0.099267501 | Z37: =V37+V37*Z$6 -> 1246.8455 | AA37: =Z37-L37 -> 145.58645 | AB37: =AA37/Z37 -> 0.11676382 | AD37: =Z37 -> 1246.8455 | AE37: 0.03 | AF37: =AD37*AE37 -> 37.405365 | AG37: =AD37-AF37 -> 1209.4401 | AH37: =AD37 -> 1246.8455 | AI37: 0.05 | AJ37: =AH37*AI37 -> 62.342274 | AK37: =AH37-AJ37 -> 1184.5032 | AL37: =AG37-H37 -> 1209.4401 | AM37: =AK37-H37 -> 1184.5032
A38: 7 | B38: 110000495 | C38: Hạt Nhựa rHDA03W01 | D38: Trắng | E38: 15628 | F38: 0 | G38: 1250 | H38: 1250 | I38: 0 | J38: =L38-K38 -> 976.25904 | K38: 125 | L38: 1101.259 | M38: 148.74096 | N38: 0.11899277 | S38: =J38+J38*$S$31 -> 1220.3238 | T38: =S38-J38 -> 244.06476 | U38: =T38/S38 -> 0.2 | V38: =L38+L38*$V$31 -> 1222.3975 | W38: =V38-L38 -> 121.13849 | X38: =W38/S38 -> 0.099267501 | Z38: =V38+V38*Z$6 -> 1246.8455 | AA38: =Z38-L38 -> 145.58645 | AB38: =AA38/Z38 -> 0.11676382 | AD38: =Z38 -> 1246.8455 | AE38: 0.03 | AF38: =AD38*AE38 -> 37.405365 | AG38: =AD38-AF38 -> 1209.4401 | AH38: =AD38 -> 1246.8455 | AI38: 0.05 | AJ38: =AH38*AI38 -> 62.342274 | AK38: =AH38-AJ38 -> 1184.5032 | AL38: =AG38-H38 -> -40.559876 | AM38: =AK38-H38 -> -65.496786
A39: II | B39: MÃ HÀNG BÁN CHẬM | S39: 0.25 | V39: 0.11
A40: 1 | B40: 110000385 | C40: Hạt Nhựa rHDB05N01 | D40: Trong | E40: 2750 | F40: 0 | G40: 1200 | H40: 1200 | I40: 0 | J40: =L40-K40 -> 1064.283 | K40: 125 | L40: 1189.283 | M40: 10.716981 | N40: 0.0089308176 | P40: Giá tồn kho từ 2023 | Q40: mix với hàng MI thấp, do hết hạt MBF01 phân lập MI thấp nên còn tồn kho | S40: =J40+J40*$S$39 -> 1330.3538 | T40: =S40-J40 -> 266.07075 | U40: =T40/S40 -> 0.2 | V40: =L40+L40*$V$39 -> 1320.1042 | W40: =V40-L40 -> 130.82113 | X40: =W40/S40 -> 0.098335597 | Z40: =V40+V40*Z$6 -> 1346.5062 | AA40: =Z40-L40 -> 157.22322 | AB40: =AA40/Z40 -> 0.11676382 | AD40: =Z40 -> 1346.5062 | AE40: 0.03 | AF40: =AD40*AE40 -> 40.395187 | AG40: =AD40-AF40 -> 1306.111 | AH40: =AD40 -> 1346.5062 | AI40: 0.05 | AJ40: =AH40*AI40 -> 67.325312 | AK40: =AH40-AJ40 -> 1279.1809 | AL40: =AG40-H40 -> 106.11105 | AM40: =AK40-H40 -> 79.180922
A41: 2 | B41: 110000345 | C41: Hạt Nhựa rHDB03Y01 | D41: Vàng | E41: 3575 | F41: 0 | G41: 1200 | H41: 1200 | I41: 0 | J41: =L41-K41 -> 1172.9245 | K41: 125 | L41: 1297.9245 | M41: -97.924528 | N41: -0.081603774 | P41: Giá tồn kho từ 2024 | S41: =J41+J41*$S$39 -> 1466.1557 | T41: =S41-J41 -> 293.23113 | U41: =T41/S41 -> 0.2 | V41: =L41+L41*$V$39 -> 1440.6962 | W41: =V41-L41 -> 142.7717 | X41: =W41/S41 -> 0.097378268 | Z41: =V41+V41*Z$6 -> 1469.5102 | AA41: =Z41-L41 -> 171.58562 | AB41: =AA41/Z41 -> 0.11676382 | AD41: =Z41 -> 1469.5102 | AE41: 0.03 | AF41: =AD41*AE41 -> 44.085305 | AG41: =AD41-AF41 -> 1425.4248 | AH41: =AD41 -> 1469.5102 | AI41: 0.05 | AJ41: =AH41*AI41 -> 73.475508 | AK41: =AH41-AJ41 -> 1396.0346 | AL41: =AG41-H41 -> 225.42485 | AM41: =AK41-H41 -> 196.03464
A42: 3 | B42: 110000427 | C42: Hạt Nhựa HCBF-Gre-U | D42: Lá | E42: 18774 | F42: 0 | I42: 0 | J42: =L42-K42 -> 698.13208 | K42: 125 | L42: 823.13208 | P42: Theo giá U => ko đề xuất trong duyệt giá | S42: =J42+J42*$S$39 -> 872.66509 | T42: =S42-J42 -> 174.53302 | U42: =T42/S42 -> 0.2 | V42: =L42+L42*$V$39 -> 913.6766 | W42: =V42-L42 -> 90.544528 | X42: =W42/S42 -> 0.10375633 | Z42: =V42+V42*Z$6 -> 931.95014 | AA42: =Z42-L42 -> 108.81806 | AB42: =AA42/Z42 -> 0.11676382 | AD42: =Z42 -> 931.95014 | AE42: 0.03 | AF42: =AD42*AE42 -> 27.958504 | AG42: =AD42-AF42 -> 903.99163 | AH42: =AD42 -> 931.95014 | AI42: 0.05 | AJ42: =AH42*AI42 -> 46.597507 | AK42: =AH42-AJ42 -> 885.35263 | AL42: =AG42-H42 -> 903.99163 | AM42: =AK42-H42 -> 885.35263
A43: 4 | B43: 110000343 | C43: Hạt Nhựa rHDB03G01 | D43: Lá | E43: 13300 | F43: 0 | G43: 1200 | H43: 1200 | I43: 0 | J43: =L43-K43 -> 698.13208 | K43: 125 | L43: 823.13208 | M43: 376.86792 | N43: 0.3140566 | P43: Giá tồn kho từ 2023 | S43: =J43+J43*$S$39 -> 872.66509 | T43: =S43-J43 -> 174.53302 | U43: =T43/S43 -> 0.2 | V43: =L43+L43*$V$39 -> 913.6766 | W43: =V43-L43 -> 90.544528 | X43: =W43/S43 -> 0.10375633 | Z43: =V43+V43*Z$6 -> 931.95014 | AA43: =Z43-L43 -> 108.81806 | AB43: =AA43/Z43 -> 0.11676382 | AD43: =Z43 -> 931.95014 | AE43: 0.03 | AF43: =AD43*AE43 -> 27.958504 | AG43: =AD43-AF43 -> 903.99163 | AH43: =AD43 -> 931.95014 | AI43: 0.05 | AJ43: =AH43*AI43 -> 46.597507 | AK43: =AH43-AJ43 -> 885.35263 | AL43: =AG43-H43 -> -296.00837 | AM43: =AK43-H43 -> -314.64737
A44: 5 | B44: 110000336 | C44: Hạt nhựa rHDPE thử nghiệm | E44: 11303.9 | F44: 0 | I44: 0 | J44: =L44-K44 -> -125 | K44: 125 | S44: =J44+J44*$S$39 -> -156.25 | T44: =S44-J44 -> -31.25 | U44: =T44/S44 -> 0.2 | V44: =L44+L44*$V$39 -> 0 | W44: =V44-L44 -> 0 | X44: =W44/S44 -> 0 | Z44: =V44+V44*Z$6 -> 0 | AA44: =Z44-L44 -> 0 | AB44: =AA44/Z44 -> #DIV/0! | AD44: =Z44 -> 0 | AE44: 0.03 | AF44: =AD44*AE44 -> 0 | AG44: =AD44-AF44 -> 0 | AH44: =AD44 -> 0 | AI44: 0.05 | AJ44: =AH44*AI44 -> 0 | AK44: =AH44-AJ44 -> 0 | AL44: =AG44-H44 -> 0 | AM44: =AK44-H44 -> 0
A45: 6 | B45: 110000337 | C45: Hạt Nhựa rHDB03W01 | D45: Trắng | E45: 350 | F45: 0 | G45: 1200 | H45: 1200 | I45: 0 | J45: =L45-K45 -> 983.71698 | K45: 125 | L45: 1108.717 | M45: 91.283019 | N45: 0.076069182 | S45: =J45+J45*$S$39 -> 1229.6462 | T45: =S45-J45 -> 245.92925 | U45: =T45/S45 -> 0.2 | V45: =L45+L45*$V$39 -> 1230.6758 | W45: =V45-L45 -> 121.95887 | X45: =W45/S45 -> 0.099182078 | Z45: =V45+V45*Z$6 -> 1255.2894 | AA45: =Z45-L45 -> 146.57238 | AB45: =AA45/Z45 -> 0.11676382 | AD45: =Z45 -> 1255.2894 | AE45: 0.03 | AF45: =AD45*AE45 -> 37.658681 | AG45: =AD45-AF45 -> 1217.6307 | AH45: =AD45 -> 1255.2894 | AI45: 0.05 | AJ45: =AH45*AI45 -> 62.764468 | AK45: =AH45-AJ45 -> 1192.5249 | AL45: =AG45-H45 -> 17.630685 | AM45: =AK45-H45 -> -7.4751023
A46: III | B46: MÃ HÀNG SẢN SUẤT TỪ PHÓ SẢN NGÀNH HDPE | S46: 0.25 | V46: 0.11
A47: 1 | B47: 110000341 | C47: Hạt nhựa rHDB04B01 | D47: Đen | E47: 159325.5 | F47: 15625 | G47: 780 | H47: 780 | I47: 0 | J47: =L47-K47 -> 611.54054 | K47: 125 | L47: 736.54054 | M47: 43.459458 | N47: 0.055717254 | Q47: Vảy HD ép đen mix phó sản HD thổi các loại | S47: =J47+J47*$S$46 -> 764.42568 | T47: =S47-J47 -> 152.88514 | U47: =T47/S47 -> 0.2 | V47: =L47+L47*$V$46 -> 817.56 | W47: =V47-L47 -> 81.01946 | X47: =W47/S47 -> 0.10598736 | Z47: =V47+V47*Z$6 -> 833.9112 | AA47: =Z47-L47 -> 97.37066 | AB47: =AA47/Z47 -> 0.11676382 | AD47: =Z47 -> 833.9112 | AE47: 0.03 | AF47: =AD47*AE47 -> 25.017336 | AG47: =AD47-AF47 -> 808.89387 | AH47: =AD47 -> 833.9112 | AI47: 0.05 | AJ47: =AH47*AI47 -> 41.69556 | AK47: =AH47-AJ47 -> 792.21564 | AL47: =AG47-H47 -> 28.893866 | AM47: =AK47-H47 -> 12.215642
A48: C | B48: rHDPE ÉP
A49: I | B49: MÃ HÀNG ĐANG BÁN | S49: 0.25 | V49: 0.11
A50: 1 | B50: 110000360 | C50: Hạt nhựa rHDI4L01 | D50: Dương | E50: 21245 | F50: 22500 | G50: 740 | H50: 740 | I50: 0 | J50: =L50-K50 -> 621.42906 | K50: 125 | L50: 746.42906 | M50: -6.4290635 | N50: -0.0086879236 | P50: Không bền vững | S50: =J50+J50*$S$49 -> 776.78633 | T50: =S50-J50 -> 155.35727 | U50: =T50/S50 -> 0.2 | V50: =L50+L50*$V$49 -> 828.53626 | W50: =V50-L50 -> 82.107197 | X50: =W50/S50 -> 0.10570114 | Z50: =V50+V50*Z$6 -> 845.10699 | AA50: =Z50-L50 -> 98.677922 | AB50: =AA50/Z50 -> 0.11676382 | AD50: =Z50 -> 845.10699 | AE50: 0.03 | AF50: =AD50*AE50 -> 25.35321 | AG50: =AD50-AF50 -> 819.75378 | AH50: =AD50 -> 845.10699 | AI50: 0.05 | AJ50: =AH50*AI50 -> 42.255349 | AK50: =AH50-AJ50 -> 802.85164 | AL50: =AG50-H50 -> 79.753776 | AM50: =AK50-H50 -> 62.851636
A51: 2 | B51: 110000366 | C51: Hạt nhựa rHDI3G01 | D51: Lá | E51: 29275 | F51: 28000 | G51: 740 | H51: 740 | I51: 0 | J51: =L51-K51 -> 621.42906 | K51: 125 | L51: 746.42906 | M51: -6.4290635 | N51: -0.0086879236 | P51: Không bền vững | S51: =J51+J51*$S$49 -> 776.78633 | T51: =S51-J51 -> 155.35727 | U51: =T51/S51 -> 0.2 | V51: =L51+L51*$V$49 -> 828.53626 | W51: =V51-L51 -> 82.107197 | X51: =W51/S51 -> 0.10570114 | Z51: =V51+V51*Z$6 -> 845.10699 | AA51: =Z51-L51 -> 98.677922 | AB51: =AA51/Z51 -> 0.11676382 | AD51: =Z51 -> 845.10699 | AE51: 0.03 | AF51: =AD51*AE51 -> 25.35321 | AG51: =AD51-AF51 -> 819.75378 | AH51: =AD51 -> 845.10699 | AI51: 0.05 | AJ51: =AH51*AI51 -> 42.255349 | AK51: =AH51-AJ51 -> 802.85164 | AL51: =AG51-H51 -> 79.753776 | AM51: =AK51-H51 -> 62.851636
A52: 3 | B52: 110000361 | C52: Hạt nhựa rHDI3R01 | D52: Đỏ | E52: 48550 | F52: 5500 | G52: 740 | H52: 740 | I52: 0 | J52: =L52-K52 -> 621.42906 | K52: 125 | L52: 746.42906 | M52: -6.4290635 | N52: -0.0086879236 | P52: Không bền vững | S52: =J52+J52*$S$49 -> 776.78633 | T52: =S52-J52 -> 155.35727 | U52: =T52/S52 -> 0.2 | V52: =L52+L52*$V$49 -> 828.53626 | W52: =V52-L52 -> 82.107197 | X52: =W52/S52 -> 0.10570114 | Z52: =V52+V52*Z$6 -> 845.10699 | AA52: =Z52-L52 -> 98.677922 | AB52: =AA52/Z52 -> 0.11676382 | AD52: =Z52 -> 845.10699 | AE52: 0.03 | AF52: =AD52*AE52 -> 25.35321 | AG52: =AD52-AF52 -> 819.75378 | AH52: =AD52 -> 845.10699 | AI52: 0.05 | AJ52: =AH52*AI52 -> 42.255349 | AK52: =AH52-AJ52 -> 802.85164 | AL52: =AG52-H52 -> 79.753776 | AM52: =AK52-H52 -> 62.851636
A53: 4 | B53: 110000496 | C53: Hạt Nhựa rHDI7DL02 | D53: Dương | E53: 1448 | F53: 0 | G53: 740 | H53: 740 | I53: 0 | J53: =L53-K53 -> 1121.3396 | K53: 125 | L53: 1246.3396 | M53: -506.33962 | N53: -0.68424273 | P53: Không bền vững | Q53: Hàng tồn kho từ tháng 2.2025 sx cho Outerinho | S53: =J53+J53*$S$49 -> 1401.6745 | T53: =S53-J53 -> 280.33491 | U53: =T53/S53 -> 0.2 | V53: =L53+L53*$V$49 -> 1383.437 | W53: =V53-L53 -> 137.09736 | X53: =W53/S53 -> 0.097809695 | Z53: =V53+V53*Z$6 -> 1411.1057 | AA53: =Z53-L53 -> 164.7661 | AB53: =AA53/Z53 -> 0.11676382 | AD53: =Z53 -> 1411.1057 | AE53: 0.03 | AF53: =AD53*AE53 -> 42.333172 | AG53: =AD53-AF53 -> 1368.7725 | AH53: =AD53 -> 1411.1057 | AI53: 0.05 | AJ53: =AH53*AI53 -> 70.555286 | AK53: =AH53-AJ53 -> 1340.5504 | AL53: =AG53-H53 -> 628.77255 | AM53: =AK53-H53 -> 600.55043
A54: 5 | B54: 110000364 | C54: Hạt nhựa rHDI3Y01 | D54: Vàng | E54: 29015 | F54: 11000 | G54: 740 | H54: 740 | I54: 0 | J54: =L54-K54 -> 621.42906 | K54: 125 | L54: 746.42906 | M54: -6.4290635 | N54: -0.0086879236 | P54: Không bền vững | S54: =J54+J54*$S$49 -> 776.78633 | T54: =S54-J54 -> 155.35727 | U54: =T54/S54 -> 0.2 | V54: =L54+L54*$V$49 -> 828.53626 | W54: =V54-L54 -> 82.107197 | X54: =W54/S54 -> 0.10570114 | Z54: =V54+V54*Z$6 -> 845.10699 | AA54: =Z54-L54 -> 98.677922 | AB54: =AA54/Z54 -> 0.11676382 | AD54: =Z54 -> 845.10699 | AE54: 0.03 | AF54: =AD54*AE54 -> 25.35321 | AG54: =AD54-AF54 -> 819.75378 | AH54: =AD54 -> 845.10699 | AI54: 0.05 | AJ54: =AH54*AI54 -> 42.255349 | AK54: =AH54-AJ54 -> 802.85164 | AL54: =AG54-H54 -> 79.753776 | AM54: =AK54-H54 -> 62.851636
A55: 6 | B55: 110000365 | C55: Hạt nhựa rHDI3W01 | D55: Trắng | E55: 59110.4 | F55: 0 | G55: 740 | H55: 740 | I55: 0 | J55: =L55-K55 -> 621.42906 | K55: 125 | L55: 746.42906 | M55: -6.4290635 | N55: -0.0086879236 | P55: Không bền vững | S55: =J55+J55*$S$49 -> 776.78633 | T55: =S55-J55 -> 155.35727 | U55: =T55/S55 -> 0.2 | V55: =L55+L55*$V$49 -> 828.53626 | W55: =V55-L55 -> 82.107197 | X55: =W55/S55 -> 0.10570114 | Z55: =V55+V55*Z$6 -> 845.10699 | AA55: =Z55-L55 -> 98.677922 | AB55: =AA55/Z55 -> 0.11676382 | AD55: =Z55 -> 845.10699 | AE55: 0.03 | AF55: =AD55*AE55 -> 25.35321 | AG55: =AD55-AF55 -> 819.75378 | AH55: =AD55 -> 845.10699 | AI55: 0.05 | AJ55: =AH55*AI55 -> 42.255349 | AK55: =AH55-AJ55 -> 802.85164 | AL55: =AG55-H55 -> 79.753776 | AM55: =AK55-H55 -> 62.851636
A56: 7 | B56: 110000431 | C56: Hạt Nhựa rHDI3Gy02 | D56: Xám | E56: 3448 | F56: 11000 | G56: 660 | H56: 660 | I56: 0 | J56: =L56-K56 -> 773.56604 | K56: 125 | L56: 898.56604 | M56: -238.56604 | N56: -0.36146369 | P56: Không bền vững | Q56: Phó sản | S56: =J56+J56*$S$49 -> 966.95755 | T56: =S56-J56 -> 193.39151 | U56: =T56/S56 -> 0.2 | V56: =L56+L56*$V$49 -> 997.4083 | W56: =V56-L56 -> 98.842264 | X56: =W56/S56 -> 0.10221986 | Z56: =V56+V56*Z$6 -> 1017.3565 | AA56: =Z56-L56 -> 118.79043 | AB56: =AA56/Z56 -> 0.11676382 | AD56: =Z56 -> 1017.3565 | AE56: 0.03 | AF56: =AD56*AE56 -> 30.520694 | AG56: =AD56-AF56 -> 986.83577 | AH56: =AD56 -> 1017.3565 | AI56: 0.05 | AJ56: =AH56*AI56 -> 50.867823 | AK56: =AH56-AJ56 -> 966.48864 | AL56: =AG56-H56 -> 326.83577 | AM56: =AK56-H56 -> 306.48864
A57: 8 | B57: 110000363 | C57: Hạt nhựa rHDI3Gy01 | D57: Xám | E57: 244671.9 | F57: 0 | G57: 740 | H57: 740 | I57: 0 | J57: =L57-K57 -> 578.88679 | K57: 125 | L57: 703.88679 | M57: 36.113208 | N57: 0.048801632 | P57: Không bền vững | Q57: Hàng tồn từ tháng 12.2024 | S57: =J57+J57*$S$49 -> 723.60849 | T57: =S57-J57 -> 144.7217 | U57: =T57/S57 -> 0.2 | V57: =L57+L57*$V$49 -> 781.31434 | W57: =V57-L57 -> 77.427547 | X57: =W57/S57 -> 0.10700199 | Z57: =V57+V57*Z$6 -> 796.94063 | AA57: =Z57-L57 -> 93.053834 | AB57: =AA57/Z57 -> 0.11676382 | AD57: =Z57 -> 796.94063 | AE57: 0.03 | AF57: =AD57*AE57 -> 23.908219 | AG57: =AD57-AF57 -> 773.03241 | AH57: =AD57 -> 796.94063 | AI57: 0.05 | AJ57: =AH57*AI57 -> 39.847031 | AK57: =AH57-AJ57 -> 757.0936 | AL57: =AG57-H57 -> 33.032408 | AM57: =AK57-H57 -> 17.093595
A58: II | B58: MÃ HÀNG BÁN CHẬM | S58: 0.25 | V58: 0.11
A59: 1 | B59: 110000373 | C59: Hạt nhựa rHDI4DL01 | D59: Dương | E59: 6235.4 | F59: 0 | G59: 740 | H59: 740 | I59: 0 | J59: =L59-K59 -> 764.54717 | K59: 125 | L59: 889.54717 | M59: -149.54717 | N59: -0.20209077 | P59: Không bền vững | Q59: Hàng tồn kho từ tháng 2.2025 | S59: =J59+J59*$S$58 -> 955.68396 | T59: =S59-J59 -> 191.13679 | U59: =T59/S59 -> 0.2 | V59: =L59+L59*$V$58 -> 987.39736 | W59: =V59-L59 -> 97.850189 | X59: =W59/S59 -> 0.1023876 | Z59: =V59+V59*Z$6 -> 1007.1453 | AA59: =Z59-L59 -> 117.59814 | AB59: =AA59/Z59 -> 0.11676382 | AD59: =Z59 -> 1007.1453 | AE59: 0.03 | AF59: =AD59*AE59 -> 30.214359 | AG59: =AD59-AF59 -> 976.93095 | AH59: =AD59 -> 1007.1453 | AI59: 0.05 | AJ59: =AH59*AI59 -> 50.357265 | AK59: =AH59-AJ59 -> 956.78804 | AL59: =AG59-H59 -> 236.93095 | AM59: =AK59-H59 -> 216.78804
A61: D | B61: Vảy HDPE ép
A62: I | B62: MÃ HÀNG ĐANG BÁN | S62: 0.25 | V62: 0.11
A63: 4 | B63: 110000407 | C63: Vảy HD Ép Đỏ | D63: Đỏ | E63: 88328 | F63: 19750 | G63: 665 | H63: 665 | I63: 0 | J63: =L63-K63 -> 490.49499 | K63: 125 | L63: 615.49499 | M63: 49.505008 | N63: 0.074443622 | P63: Đang bán gía thấp để giảm tồn kho | S63: =J63+J63*$S$62 -> 613.11874 | T63: =S63-J63 -> 122.62375 | U63: =T63/S63 -> 0.2 | V63: =L63+L63*$V$62 -> 683.19944 | W63: =V63-L63 -> 67.704449 | X63: =W63/S63 -> 0.11042632 | Z63: =V63+V63*Z$6 -> 696.86343 | AA63: =Z63-L63 -> 81.368438 | AB63: =AA63/Z63 -> 0.11676382 | AD63: =Z63 -> 696.86343 | AE63: 0.03 | AF63: =AD63*AE63 -> 20.905903 | AG63: =AD63-AF63 -> 675.95753 | AH63: =AD63 -> 696.86343 | AI63: 0.05 | AJ63: =AH63*AI63 -> 34.843171 | AK63: =AH63-AJ63 -> 662.02026 | AL63: =AG63-H63 -> 10.957527 | AM63: =AK63-H63 -> -2.9797419
A64: 2 | B64: 110000409 | C64: Vảy HD Ép Vàng | D64: Vàng | E64: 51387 | F64: 0 | G64: 665 | H64: 665 | I64: 0 | J64: =L64-K64 -> 490.49499 | K64: 125 | L64: 615.49499 | M64: 49.505008 | N64: 0.074443622 | S64: =J64+J64*$S$62 -> 613.11874 | T64: =S64-J64 -> 122.62375 | U64: =T64/S64 -> 0.2 | V64: =L64+L64*$V$62 -> 683.19944 | W64: =V64-L64 -> 67.704449 | X64: =W64/S64 -> 0.11042632 | Z64: =V64+V64*Z$6 -> 696.86343 | AA64: =Z64-L64 -> 81.368438 | AB64: =AA64/Z64 -> 0.11676382 | AD64: =Z64 -> 696.86343 | AE64: 0.03 | AF64: =AD64*AE64 -> 20.905903 | AG64: =AD64-AF64 -> 675.95753 | AH64: =AD64 -> 696.86343 | AI64: 0.05 | AJ64: =AH64*AI64 -> 34.843171 | AK64: =AH64-AJ64 -> 662.02026 | AL64: =AG64-H64 -> 10.957527 | AM64: =AK64-H64 -> -2.9797419
A65: 1 | B65: 110000410 | C65: Vảy HD Ép Lá | D65: Lá | E65: 27000 | F65: 0 | G65: 665 | H65: 665 | I65: 0 | J65: =L65-K65 -> 490.49499 | K65: 125 | L65: 615.49499 | M65: 49.505008 | N65: 0.074443622 | S65: =J65+J65*$S$62 -> 613.11874 | T65: =S65-J65 -> 122.62375 | U65: =T65/S65 -> 0.2 | V65: =L65+L65*$V$62 -> 683.19944 | W65: =V65-L65 -> 67.704449 | X65: =W65/S65 -> 0.11042632 | Z65: =V65+V65*Z$6 -> 696.86343 | AA65: =Z65-L65 -> 81.368438 | AB65: =AA65/Z65 -> 0.11676382 | AD65: =Z65 -> 696.86343 | AE65: 0.03 | AF65: =AD65*AE65 -> 20.905903 | AG65: =AD65-AF65 -> 675.95753 | AH65: =AD65 -> 696.86343 | AI65: 0.05 | AJ65: =AH65*AI65 -> 34.843171 | AK65: =AH65-AJ65 -> 662.02026 | AL65: =AG65-H65 -> 10.957527 | AM65: =AK65-H65 -> -2.9797419
A66: 7 | B66: 110000411 | C66: Vảy HD Ép Dương | D66: Dương | E66: 65925 | F66: 0 | G66: 665 | H66: 665 | I66: 0 | J66: =L66-K66 -> 490.49499 | K66: 125 | L66: 615.49499 | M66: 49.505008 | N66: 0.074443622 | S66: =J66+J66*$S$62 -> 613.11874 | T66: =S66-J66 -> 122.62375 | U66: =T66/S66 -> 0.2 | V66: =L66+L66*$V$62 -> 683.19944 | W66: =V66-L66 -> 67.704449 | X66: =W66/S66 -> 0.11042632 | Z66: =V66+V66*Z$6 -> 696.86343 | AA66: =Z66-L66 -> 81.368438 | AB66: =AA66/Z66 -> 0.11676382 | AD66: =Z66 -> 696.86343 | AE66: 0.03 | AF66: =AD66*AE66 -> 20.905903 | AG66: =AD66-AF66 -> 675.95753 | AH66: =AD66 -> 696.86343 | AI66: 0.05 | AJ66: =AH66*AI66 -> 34.843171 | AK66: =AH66-AJ66 -> 662.02026 | AL66: =AG66-H66 -> 10.957527 | AM66: =AK66-H66 -> -2.9797419
A67: 5 | B67: 110000408 | C67: Vảy HD Ép Trắng | D67: Trắng | E67: 108125.2 | F67: 56500 | G67: 665 | H67: 665 | I67: 0 | J67: =L67-K67 -> 490.49499 | K67: 125 | L67: 615.49499 | M67: 49.505008 | N67: 0.074443622 | S67: =J67+J67*$S$62 -> 613.11874 | T67: =S67-J67 -> 122.62375 | U67: =T67/S67 -> 0.2 | V67: =L67+L67*$V$62 -> 683.19944 | W67: =V67-L67 -> 67.704449 | X67: =W67/S67 -> 0.11042632 | Z67: =V67+V67*Z$6 -> 696.86343 | AA67: =Z67-L67 -> 81.368438 | AB67: =AA67/Z67 -> 0.11676382 | AD67: =Z67 -> 696.86343 | AE67: 0.03 | AF67: =AD67*AE67 -> 20.905903 | AG67: =AD67-AF67 -> 675.95753 | AH67: =AD67 -> 696.86343 | AI67: 0.05 | AJ67: =AH67*AI67 -> 34.843171 | AK67: =AH67-AJ67 -> 662.02026 | AL67: =AG67-H67 -> 10.957527 | AM67: =AK67-H67 -> -2.9797419
A68: 6 | B68: 110000412 | C68: Vảy HD Ép Đen | D68: Đen | E68: 37672 | F68: 2250 | G68: 665 | H68: 665 | I68: 0 | J68: =L68-K68 -> 490.49499 | K68: 125 | L68: 615.49499 | M68: 49.505008 | N68: 0.074443622 | S68: =J68+J68*$S$62 -> 613.11874 | T68: =S68-J68 -> 122.62375 | U68: =T68/S68 -> 0.2 | V68: =L68+L68*$V$62 -> 683.19944 | W68: =V68-L68 -> 67.704449 | X68: =W68/S68 -> 0.11042632 | Z68: =V68+V68*Z$6 -> 696.86343 | AA68: =Z68-L68 -> 81.368438 | AB68: =AA68/Z68 -> 0.11676382 | AD68: =Z68 -> 696.86343 | AE68: 0.03 | AF68: =AD68*AE68 -> 20.905903 | AG68: =AD68-AF68 -> 675.95753 | AH68: =AD68 -> 696.86343 | AI68: 0.05 | AJ68: =AH68*AI68 -> 34.843171 | AK68: =AH68-AJ68 -> 662.02026 | AL68: =AG68-H68 -> 10.957527 | AM68: =AK68-H68 -> -2.9797419
A69: 7 | B69: 110000413 | C69: Vảy HD Ép Đồng | D69: Đồng | E69: 157174.5 | F69: 0 | G69: 665 | H69: 665 | I69: 0 | J69: =L69-K69 -> 490.49499 | K69: 125 | L69: 615.49499 | M69: 49.505008 | N69: 0.074443622 | S69: =J69+J69*$S$62 -> 613.11874 | T69: =S69-J69 -> 122.62375 | U69: =T69/S69 -> 0.2 | V69: =L69+L69*$V$62 -> 683.19944 | W69: =V69-L69 -> 67.704449 | X69: =W69/S69 -> 0.11042632 | Z69: =V69+V69*Z$6 -> 696.86343 | AA69: =Z69-L69 -> 81.368438 | AB69: =AA69/Z69 -> 0.11676382 | AD69: =Z69 -> 696.86343 | AE69: 0.03 | AF69: =AD69*AE69 -> 20.905903 | AG69: =AD69-AF69 -> 675.95753 | AH69: =AD69 -> 696.86343 | AI69: 0.05 | AJ69: =AH69*AI69 -> 34.843171 | AK69: =AH69-AJ69 -> 662.02026 | AL69: =AG69-H69 -> 10.957527 | AM69: =AK69-H69 -> -2.9797419
A70: II | B70: MÃ HÀNG BÁN CHẬM | S70: 0.25 | V70: 0.11
A71: 1 | B71: 110000469 | C71: Vảy HD Ép Dương Bình Thuận | D71: Dương | E71: 5700 | F71: 0 | J71: =L71-K71 -> -125 | K71: 125 | P71: SP bán cho Bình Thuận | Q71: Hàng tồn kho từ T11.2024 | S71: =J71+J71*$S$70 -> -156.25 | T71: =S71-J71 -> -31.25 | U71: =T71/S71 -> 0.2 | V71: =L71+L71*$V$70 -> 0 | W71: =V71-L71 -> 0 | X71: =W71/S71 -> 0 | Z71: =V71+V71*Z$6 -> 0 | AA71: =Z71-L71 -> 0 | AB71: =AA71/Z71 -> #DIV/0! | AD71: =Z71 -> 0 | AE71: 0.03 | AF71: =AD71*AE71 -> 0 | AG71: =AD71-AF71 -> 0 | AH71: =AD71 -> 0 | AI71: 0.05 | AJ71: =AH71*AI71 -> 0 | AK71: =AH71-AJ71 -> 0 | AL71: =AG71-H71 -> 0 | AM71: =AK71-H71 -> 0
A73: E | B73: rPP
A74: I | B74: MÃ HÀNG ĐANG BÁN | S74: 0.2
A75: 1 | B75: 110000389 | C75: Hạt nhựa rPP20R02 | D75: Đỏ | E75: 3890 | F75: 0 | G75: 900/695 | H75: 935/720 | I75: 35/25 | J75: =L75-K75 -> 917.15094 | K75: 125 | L75: 1042.1509 | M75: -107/-322 | N75: -11%/-45% | P75: Bền vững/ ko bền vững | Q75: Giá tồn kho | S75: =J75+J75*$S$74 -> 1100.5811 | T75: =S75-J75 -> 183.43019 | U75: =T75/S75 -> 0.16666667 | V75: =L75+L75*$V$74 -> 1042.1509 | W75: =V75-L75 -> 0 | X75: =W75/S75 -> 0 | Z75: =V75+V75*Z$6 -> 1062.994 | AA75: =Z75-L75 -> 20.843019 | AB75: =AA75/Z75 -> 0.019607843 | AD75: =Z75 -> 1062.994 | AE75: 0.03 | AF75: =AD75*AE75 -> 31.889819 | AG75: =AD75-AF75 -> 1031.1041 | AH75: =AD75 -> 1062.994 | AI75: 0.05 | AJ75: =AH75*AI75 -> 53.149698 | AK75: =AH75-AJ75 -> 1009.8443 | AL75: =AG75-H75 -> #VALUE! | AM75: =AK75-H75 -> #VALUE!
A76: 2 | B76: 110000471 | C76: Hạt Nhựa rPP20L05 | D76: Dương | E76: 6947 | F76: 18000 | G76: 900/695 | H76: 935/720 | I76: 35/25 | J76: =L76-K76 -> 885.98113 | K76: 125 | L76: 1010.9811 | M76: -76/-291 | N76: -8%/-40% | P76: Bền vững/ ko bền vững | Q76: Giá tồn kho | S76: =J76+J76*$S$74 -> 1063.1774 | T76: =S76-J76 -> 177.19623 | U76: =T76/S76 -> 0.16666667 | V76: =L76+L76*$V$74 -> 1010.9811 | W76: =V76-L76 -> 0 | X76: =W76/S76 -> 0 | Z76: =V76+V76*Z$6 -> 1031.2008 | AA76: =Z76-L76 -> 20.219623 | AB76: =AA76/Z76 -> 0.019607843 | AD76: =Z76 -> 1031.2008 | AE76: 0.03 | AF76: =AD76*AE76 -> 30.936023 | AG76: =AD76-AF76 -> 1000.2647 | AH76: =AD76 -> 1031.2008 | AI76: 0.05 | AJ76: =AH76*AI76 -> 51.560038 | AK76: =AH76-AJ76 -> 979.64072 | AL76: =AG76-H76 -> #VALUE! | AM76: =AK76-H76 -> #VALUE!
A77: 3 | B77: 110000472 | C77: Hạt Nhựa rPP20Gy01 | D77: Xám | E77: 11000 | F77: 6000 | G77: 900/695 | H77: 935/720 | I77: 35/25 | J77: =L77-K77 -> 1092.6226 | K77: 125 | L77: 1217.6226 | M77: -283/-498 | N77: -30%/-69% | P77: Bền vững/ ko bền vững | Q77: Giá tồn kho | S77: =J77+J77*$S$74 -> 1311.1472 | T77: =S77-J77 -> 218.52453 | U77: =T77/S77 -> 0.16666667 | V77: =L77+L77*$V$74 -> 1217.6226 | W77: =V77-L77 -> 0 | X77: =W77/S77 -> 0 | Z77: =V77+V77*Z$6 -> 1241.9751 | AA77: =Z77-L77 -> 24.352453 | AB77: =AA77/Z77 -> 0.019607843 | AD77: =Z77 -> 1241.9751 | AE77: 0.03 | AF77: =AD77*AE77 -> 37.259253 | AG77: =AD77-AF77 -> 1204.7158 | AH77: =AD77 -> 1241.9751 | AI77: 0.05 | AJ77: =AH77*AI77 -> 62.098755 | AK77: =AH77-AJ77 -> 1179.8763 | AL77: =AG77-H77 -> #VALUE! | AM77: =AK77-H77 -> #VALUE!
A78: 4 | B78: 110000435 | C78: Hạt Nhựa rPP20L03 | D78: Dương | E78: 1765 | F78: 0 | G78: 900/695 | H78: 935/720 | I78: 35/25 | J78: =L78-K78 -> 1010.3585 | K78: 125 | L78: 1135.3585 | M78: -200/-415 | N78: -21%/-58% | P78: Bền vững/ ko bền vững | Q78: Giá tồn kho | S78: =J78+J78*$S$74 -> 1212.4302 | T78: =S78-J78 -> 202.0717 | U78: =T78/S78 -> 0.16666667 | V78: =L78+L78*$V$74 -> 1135.3585 | W78: =V78-L78 -> 0 | X78: =W78/S78 -> 0 | Z78: =V78+V78*Z$6 -> 1158.0657 | AA78: =Z78-L78 -> 22.70717 | AB78: =AA78/Z78 -> 0.019607843 | AD78: =Z78 -> 1158.0657 | AE78: 0.03 | AF78: =AD78*AE78 -> 34.74197 | AG78: =AD78-AF78 -> 1123.3237 | AH78: =AD78 -> 1158.0657 | AI78: 0.05 | AJ78: =AH78*AI78 -> 57.903283 | AK78: =AH78-AJ78 -> 1100.1624 | AL78: =AG78-H78 -> #VALUE! | AM78: =AK78-H78 -> #VALUE!
A79: 5 | B79: 110000508 | C79: Hạt Nhựa rPP20W02 | D79: Trắng | E79: 518.7 | F79: 0 | G79: 900/695 | H79: 935/720 | I79: 35/25 | J79: =L79-K79 -> 1199.6415 | K79: 125 | L79: 1324.6415 | M79: -390/-605 | N79: -42%/-84% | P79: Bền vững/ ko bền vững | Q79: Giá tồn kho | S79: =J79+J79*$S$74 -> 1439.5698 | T79: =S79-J79 -> 239.9283 | U79: =T79/S79 -> 0.16666667 | V79: =L79+L79*$V$74 -> 1324.6415 | W79: =V79-L79 -> 0 | X79: =W79/S79 -> 0 | Z79: =V79+V79*Z$6 -> 1351.1343 | AA79: =Z79-L79 -> 26.49283 | AB79: =AA79/Z79 -> 0.019607843 | AD79: =Z79 -> 1351.1343 | AE79: 0.03 | AF79: =AD79*AE79 -> 40.53403 | AG79: =AD79-AF79 -> 1310.6003 | AH79: =AD79 -> 1351.1343 | AI79: 0.05 | AJ79: =AH79*AI79 -> 67.556717 | AK79: =AH79-AJ79 -> 1283.5776 | AL79: =AG79-H79 -> #VALUE! | AM79: =AK79-H79 -> #VALUE!
A80: 6 | B80: 110000392 | C80: Hạt nhựa rPP20B01 | D80: Đen | E80: 27833 | F80: 0 | G80: 800/595 | H80: 935/720 | I80: 35/25 | J80: =L80-K80 -> 565.60377 | K80: 125 | L80: 690.60377 | M80: 244/29 | N80: 26%/4% | P80: Bền vững/ ko bền vững | Q80: Giá tồn kho | S80: =J80+J80*$S$74 -> 678.72453 | T80: =S80-J80 -> 113.12075 | U80: =T80/S80 -> 0.16666667 | V80: =L80+L80*$V$74 -> 690.60377 | W80: =V80-L80 -> 0 | X80: =W80/S80 -> 0 | Z80: =V80+V80*Z$6 -> 704.41585 | AA80: =Z80-L80 -> 13.812075 | AB80: =AA80/Z80 -> 0.019607843 | AD80: =Z80 -> 704.41585 | AE80: 0.03 | AF80: =AD80*AE80 -> 21.132475 | AG80: =AD80-AF80 -> 683.28337 | AH80: =AD80 -> 704.41585 | AI80: 0.05 | AJ80: =AH80*AI80 -> 35.220792 | AK80: =AH80-AJ80 -> 669.19506 | AL80: =AG80-H80 -> #VALUE! | AM80: =AK80-H80 -> #VALUE!
A81: 7 | B81: 110000482 | C81: Hạt Nhựa rPP20W01 | D81: Trắng | E81: 3637 | F81: 25 | G81: 900/695 | H81: 935/720 | I81: 35/25 | J81: =L81-K81 -> 1238.0943 | K81: 125 | L81: 1363.0943 | M81: -428/-643 | N81: -46%/-89% | P81: Bền vững/ ko bền vững | Q81: Giá tồn kho | S81: =J81+J81*$S$74 -> 1485.7132 | T81: =S81-J81 -> 247.61887 | U81: =T81/S81 -> 0.16666667 | V81: =L81+L81*$V$74 -> 1363.0943 | W81: =V81-L81 -> 0 | X81: =W81/S81 -> 0 | Z81: =V81+V81*Z$6 -> 1390.3562 | AA81: =Z81-L81 -> 27.261887 | AB81: =AA81/Z81 -> 0.019607843 | AD81: =Z81 -> 1390.3562 | AE81: 0.03 | AF81: =AD81*AE81 -> 41.710687 | AG81: =AD81-AF81 -> 1348.6455 | AH81: =AD81 -> 1390.3562 | AI81: 0.05 | AJ81: =AH81*AI81 -> 69.517811 | AK81: =AH81-AJ81 -> 1320.8384 | AL81: =AG81-H81 -> #VALUE! | AM81: =AK81-H81 -> #VALUE!
A82: 8 | B82: 110000394 | C82: Hạt nhựa rPP15Gy02 | D82: Xám | E82: 1370 | F82: 0 | G82: 900/695 | H82: 935/720 | I82: 35/25 | J82: =L82-K82 -> 991.75472 | K82: 125 | L82: 1116.7547 | M82: -182/-397 | N82: -19%/-55% | P82: Bền vững/ ko bền vững | Q82: Giá tồn kho | S82: =J82+J82*$S$74 -> 1190.1057 | T82: =S82-J82 -> 198.35094 | U82: =T82/S82 -> 0.16666667 | V82: =L82+L82*$V$74 -> 1116.7547 | W82: =V82-L82 -> 0 | X82: =W82/S82 -> 0 | Z82: =V82+V82*Z$6 -> 1139.0898 | AA82: =Z82-L82 -> 22.335094 | AB82: =AA82/Z82 -> 0.019607843 | AD82: =Z82 -> 1139.0898 | AE82: 0.03 | AF82: =AD82*AE82 -> 34.172694 | AG82: =AD82-AF82 -> 1104.9171 | AH82: =AD82 -> 1139.0898 | AI82: 0.05 | AJ82: =AH82*AI82 -> 56.954491 | AK82: =AH82-AJ82 -> 1082.1353 | AL82: =AG82-H82 -> #VALUE! | AM82: =AK82-H82 -> #VALUE!
A83: 9 | B83: 110000470 | C83: Hạt Nhựa rPP20L04 | D83: Dương | E83: 1500 | F83: 0 | G83: 900/695 | H83: 935/720 | I83: 35/25 | J83: =L83-K83 -> 724.28302 | K83: 125 | L83: 849.28302 | M83: 86/-129 | N83: 9%/-18% | P83: Bền vững/ ko bền vững | Q83: Giá tồn kho | S83: =J83+J83*$S$74 -> 869.13962 | T83: =S83-J83 -> 144.8566 | U83: =T83/S83 -> 0.16666667 | V83: =L83+L83*$V$74 -> 849.28302 | W83: =V83-L83 -> 0 | X83: =W83/S83 -> 0 | Z83: =V83+V83*Z$6 -> 866.26868 | AA83: =Z83-L83 -> 16.98566 | AB83: =AA83/Z83 -> 0.019607843 | AD83: =Z83 -> 866.26868 | AE83: 0.03 | AF83: =AD83*AE83 -> 25.98806 | AG83: =AD83-AF83 -> 840.28062 | AH83: =AD83 -> 866.26868 | AI83: 0.05 | AJ83: =AH83*AI83 -> 43.313434 | AK83: =AH83-AJ83 -> 822.95525 | AL83: =AG83-H83 -> #VALUE! | AM83: =AK83-H83 -> #VALUE!
A84: II | B84: MÃ HÀNG BÁN CHẬM | S84: 0.1
A85: 1 | B85: 110000367 | C85: Hạt nhựa rPP15R01 | D85: Đỏ | E85: 141 | F85: 0 | G85: 900/695 | H85: 935/720 | I85: 35/25 | J85: =L85-K85 -> 705.15094 | K85: 125 | L85: 830.15094 | M85: 105/-110 | N85: 11%/-15% | P85: Bền vững/ ko bền vững | Q85: Hàng tồn kho từ T6.2025 | S85: =J85+J85*$S$84 -> 775.66604 | T85: =S85-J85 -> 70.515094 | U85: =T85/S85 -> 0.090909091 | V85: =L85+L85*$V$84 -> 830.15094 | W85: =V85-L85 -> 0 | X85: =W85/S85 -> 0 | Z85: =V85+V85*Z$6 -> 846.75396 | AA85: =Z85-L85 -> 16.603019 | AB85: =AA85/Z85 -> 0.019607843 | AD85: =Z85 -> 846.75396 | AE85: 0.03 | AF85: =AD85*AE85 -> 25.402619 | AG85: =AD85-AF85 -> 821.35134 | AH85: =AD85 -> 846.75396 | AI85: 0.05 | AJ85: =AH85*AI85 -> 42.337698 | AK85: =AH85-AJ85 -> 804.41626 | AL85: =AG85-H85 -> #VALUE! | AM85: =AK85-H85 -> #VALUE!
A86: 2 | B86: 110000369 | C86: Hạt nhựa rPP25W01 | D86: Trắng | E86: 2677.8 | F86: 0 | G86: 900/695 | H86: 935/720 | I86: 35/25 | J86: =L86-K86 -> 550.50943 | K86: 125 | L86: 675.50943 | M86: 259/44 | N86: 28%/6% | P86: Bền vững/ ko bền vững | Q86: Hàng tồn kho từ T6.2025 | S86: =J86+J86*$S$84 -> 605.56038 | T86: =S86-J86 -> 55.050943 | U86: =T86/S86 -> 0.090909091 | V86: =L86+L86*$V$84 -> 675.50943 | W86: =V86-L86 -> 0 | X86: =W86/S86 -> 0 | Z86: =V86+V86*Z$6 -> 689.01962 | AA86: =Z86-L86 -> 13.510189 | AB86: =AA86/Z86 -> 0.019607843 | AD86: =Z86 -> 689.01962 | AE86: 0.03 | AF86: =AD86*AE86 -> 20.670589 | AG86: =AD86-AF86 -> 668.34903 | AH86: =AD86 -> 689.01962 | AI86: 0.05 | AJ86: =AH86*AI86 -> 34.450981 | AK86: =AH86-AJ86 -> 654.56864 | AL86: =AG86-H86 -> #VALUE! | AM86: =AK86-H86 -> #VALUE!
A87: 4 | B87: 110000388 | C87: Hạt nhựa rPP20R01 | D87: Đỏ | E87: 2644 | F87: 0 | G87: 900/695 | H87: 935/720 | I87: 35/25 | J87: =L87-K87 -> 825.9434 | K87: 125 | L87: 950.9434 | M87: -16/-231 | N87: -2%/-32% | P87: Bền vững/ ko bền vững | Q87: Hàng tồn kho từ T8.2025 | S87: =J87+J87*$S$84 -> 908.53774 | T87: =S87-J87 -> 82.59434 | U87: =T87/S87 -> 0.090909091 | V87: =L87+L87*$V$84 -> 950.9434 | W87: =V87-L87 -> 0 | X87: =W87/S87 -> 0 | Z87: =V87+V87*Z$6 -> 969.96226 | AA87: =Z87-L87 -> 19.018868 | AB87: =AA87/Z87 -> 0.019607843 | AD87: =Z87 -> 969.96226 | AE87: 0.03 | AF87: =AD87*AE87 -> 29.098868 | AG87: =AD87-AF87 -> 940.8634 | AH87: =AD87 -> 969.96226 | AI87: 0.05 | AJ87: =AH87*AI87 -> 48.498113 | AK87: =AH87-AJ87 -> 921.46415 | AL87: =AG87-H87 -> #VALUE! | AM87: =AK87-H87 -> #VALUE!
A88: 7 | B88: 110000393 | C88: Hạt nhựa rPP20Be01 | D88: Be | E88: 43838 | F88: 0 | G88: 900/695 | H88: 935/720 | I88: 35/25 | J88: =L88-K88 -> 706.01887 | K88: 125 | L88: 831.01887 | M88: 104/-111 | N88: 11%/-15% | P88: Bền vững/ ko bền vững | Q88: Hàng tồn kho từ T9.2025 | S88: =J88+J88*$S$84 -> 776.62075 | T88: =S88-J88 -> 70.601887 | U88: =T88/S88 -> 0.090909091 | V88: =L88+L88*$V$84 -> 831.01887 | W88: =V88-L88 -> 0 | X88: =W88/S88 -> 0 | Z88: =V88+V88*Z$6 -> 847.63925 | AA88: =Z88-L88 -> 16.620377 | AB88: =AA88/Z88 -> 0.019607843 | AD88: =Z88 -> 847.63925 | AE88: 0.03 | AF88: =AD88*AE88 -> 25.429177 | AG88: =AD88-AF88 -> 822.21007 | AH88: =AD88 -> 847.63925 | AI88: 0.05 | AJ88: =AH88*AI88 -> 42.381962 | AK88: =AH88-AJ88 -> 805.25728 | AL88: =AG88-H88 -> #VALUE! | AM88: =AK88-H88 -> #VALUE!
A89: 8 | B89: 110000441 | C89: Hạt Nhựa PP Thử Nghiệm | E89: 5115.6 | F89: 0 | P89: Bền vững/ ko bền vững | S89: =J89+J89*$S$84 -> 0 | T89: =S89-J89 -> 0 | U89: =T89/S89 -> #DIV/0! | V89: =L89+L89*$V$84 -> 0 | W89: =V89-L89 -> 0 | X89: =W89/S89 -> #DIV/0!
A90: F | B90: Vảy rPP
A91: I | B91: MÃ HÀNG ĐANG BÁN | S91: 0.2
A92: 1 | B92: 110000421 | C92: Vảy PP Đỏ Nhạt | D92: Đỏ | E92: 30700.1 | F92: 11250 | G92: 650 | H92: 680 | I92: 30 | J92: =L92-K92 -> 644.16981 | K92: 125 | L92: 769.16981 | M92: -89.169811 | N92: -0.13113208 | Q92: Hàng tồn kho từ T3.2025 | S92: =J92+J92*$S$91 -> 773.00377 | T92: =S92-J92 -> 128.83396 | U92: =T92/S92 -> 0.16666667 | V92: =L92+L92*$V$91 -> 769.16981 | W92: =V92-L92 -> 0 | X92: =W92/S92 -> 0 | Z92: =V92+V92*Z$6 -> 784.55321 | AA92: =Z92-L92 -> 15.383396 | AB92: =AA92/Z92 -> 0.019607843 | AD92: =Z92 -> 784.55321 | AE92: 0.03 | AF92: =AD92*AE92 -> 23.536596 | AG92: =AD92-AF92 -> 761.01661 | AH92: =AD92 -> 784.55321 | AI92: 0.05 | AJ92: =AH92*AI92 -> 39.22766 | AK92: =AH92-AJ92 -> 745.32555 | AL92: =AG92-H92 -> 81.016611 | AM92: =AK92-H92 -> 65.325547
A93: 2 | B93: 110000423 | C93: Vảy PP Dương Nhạt | D93: Dương | E93: 119803 | F93: 0 | G93: 650 | H93: 680 | I93: 30 | J93: =L93-K93 -> 622.58491 | K93: 125 | L93: 747.58491 | M93: -67.584906 | N93: -0.099389567 | Q93: Hàng tồn kho từ T9.2025 | S93: =J93+J93*$S$91 -> 747.10189 | T93: =S93-J93 -> 124.51698 | U93: =T93/S93 -> 0.16666667 | V93: =L93+L93*$V$91 -> 747.58491 | W93: =V93-L93 -> 0 | X93: =W93/S93 -> 0 | Z93: =V93+V93*Z$6 -> 762.5366 | AA93: =Z93-L93 -> 14.951698 | AB93: =AA93/Z93 -> 0.019607843 | AD93: =Z93 -> 762.5366 | AE93: 0.03 | AF93: =AD93*AE93 -> 22.876098 | AG93: =AD93-AF93 -> 739.66051 | AH93: =AD93 -> 762.5366 | AI93: 0.05 | AJ93: =AH93*AI93 -> 38.12683 | AK93: =AH93-AJ93 -> 724.40977 | AL93: =AG93-H93 -> 59.660506 | AM93: =AK93-H93 -> 44.409774
Z94: =V94+V94*Z$6 -> 0 | AA94: =Z94-L94 -> 0 | AB94: =AA94/Z94 -> #DIV/0! | AD94: =Z94 -> 0 | AE94: 0.03 | AF94: =AD94*AE94 -> 0 | AG94: =AD94-AF94 -> 0 | AH94: =AD94 -> 0 | AI94: 0.05 | AJ94: =AH94*AI94 -> 0 | AK94: =AH94-AJ94 -> 0 | AL94: =AG94-H94 -> 0 | AM94: =AK94-H94 -> 0
A95: II | B95: MÃ HÀNG BÁN CHẬM | S95: 0.1
A96: 1 | B96: 110000422 | C96: Vảy PP Đỏ Đậm | D96: Đỏ | E96: 2250 | F96: 0 | G96: 650 | H96: 680 | I96: 30 | J96: =L96-K96 -> 629.03774 | K96: 125 | L96: 754.03774 | M96: -74.037736 | N96: -0.10887902 | Q96: Hàng tồn kho từ T11.2024 | S96: =J96+J96*$S$91 -> 754.84528 | T96: =S96-J96 -> 125.80755 | U96: =T96/S96 -> 0.16666667 | V96: =L96+L96*$V$91 -> 754.03774 | W96: =V96-L96 -> 0 | X96: =W96/S96 -> 0 | Z96: =V96+V96*Z$6 -> 769.11849 | AA96: =Z96-L96 -> 15.080755 | AB96: =AA96/Z96 -> 0.019607843 | AD96: =Z96 -> 769.11849 | AE96: 0.03 | AF96: =AD96*AE96 -> 23.073555 | AG96: =AD96-AF96 -> 746.04494 | AH96: =AD96 -> 769.11849 | AI96: 0.05 | AJ96: =AH96*AI96 -> 38.455925 | AK96: =AH96-AJ96 -> 730.66257 | AL96: =AG96-H96 -> 66.044936 | AM96: =AK96-H96 -> 50.662566
A97: 2 | B97: 110000439 | C97: Vảy PP Trắng Sữa | D97: Trắng | E97: 5250 | F97: 0 | G97: 650 | H97: 680 | I97: 30 | J97: =L97-K97 -> 2126.5472 | K97: 125 | L97: 2251.5472 | M97: -1571.5472 | N97: -2.3110988 | P97: Tách 11,7 tấn HD ép trắng lẫn PP qua meyer, thu được 7,5 tấn vảy PP trắng (Thu hồi 64% TP, còn lại phó sản) | Q97: Phát sinh tháng 12/2025 | S97: =J97+J97*$S$91 -> 2551.8566 | T97: =S97-J97 -> 425.30943 | U97: =T97/S97 -> 0.16666667 | V97: =L97+L97*$V$91 -> 2251.5472 | W97: =V97-L97 -> 0 | X97: =W97/S97 -> 0 | Z97: =V97+V97*Z$6 -> 2296.5781 | AA97: =Z97-L97 -> 45.030943 | AB97: =AA97/Z97 -> 0.019607843 | AD97: =Z97 -> 2296.5781 | AE97: 0.03 | AF97: =AD97*AE97 -> 68.897343 | AG97: =AD97-AF97 -> 2227.6808 | AH97: =AD97 -> 2296.5781 | AI97: 0.05 | AJ97: =AH97*AI97 -> 114.82891 | AK97: =AH97-AJ97 -> 2181.7492 | AL97: =AG97-H97 -> 1547.6808 | AM97: =AK97-H97 -> 1501.7492
A98: 3 | B98: 110000424 | C98: Vảy PP Dương Đậm | D98: Dương | E98: 750 | F98: 0 | G98: 650 | H98: 680 | I98: 30 | J98: =L98-K98 -> 629.71698 | K98: 125 | L98: 754.71698 | M98: -74.716981 | N98: -0.10987791 | S98: =J98+J98*$S$91 -> 755.66038 | T98: =S98-J98 -> 125.9434 | U98: =T98/S98 -> 0.16666667 | V98: =L98+L98*$V$91 -> 754.71698 | W98: =V98-L98 -> 0 | X98: =W98/S98 -> 0 | Z98: =V98+V98*Z$6 -> 769.81132 | AA98: =Z98-L98 -> 15.09434 | AB98: =AA98/Z98 -> 0.019607843 | AD98: =Z98 -> 769.81132 | AE98: 0.03 | AF98: =AD98*AE98 -> 23.09434 | AG98: =AD98-AF98 -> 746.71698 | AH98: =AD98 -> 769.81132 | AI98: 0.05 | AJ98: =AH98*AI98 -> 38.490566 | AK98: =AH98-AJ98 -> 731.32075 | AL98: =AG98-H98 -> 66.716981 | AM98: =AK98-H98 -> 51.320755

Sheet Chart giá các năm
B1: C:\Data\COO\Giá bán_Thạch\DTR-giaban.xlsx

Sheet Thach
B3: Dear anh Cư,
B4: Hiện tại em thấy việc tính toán giá bán hàng tháng của DTR đang chưa hiệu quả và gây ra nhiều workload cho KTQT cũng như bên Kinh doanh không linh hoạt để làm việc nhanh với khách hàng được. Nên em đề nghị anh xem xét để thiết lập Nguyên tắc Tính Toán Giá Bán để trình TGĐ phê duyệt sau đó áp dụng để hệ thống chạy tốt hơn nhé. Em có đề nghị như bên dưới, anh Cư nghiên cứu và trao riêng với em với anh Quân và người chuyên trách tính Giá Thành - Giá Bán của team anh thôi nhé:
B6: 1. Giá bán trình duyệt tháng cần thỏa mãn các yếu tố sau (nên đính kèm trong hồ sơ khi trình duyệt giá tháng):
B8: Lịch sử giá và trend giá của ICIS
B9: Lịch sử giá và trend giá của mã hàng cần duyệt
B10: Giá thành và P/l của từng mã trình duyệt (làm rõ công thức nguyên liệu sản xuất)
B11: Lũy kế sản lượng đã bán và sản lượng theo kế hoạch bán hàng cả năm
B12: Danh sách khách hàng đang sử dụng mã hàng trình duyệt giá
B13: Toàn bộ giá bán của tất cả các mã hàng trình duyệt PHẢI ĐẢM BẢO LỢI NHUẬN GỘP LÀ ......% để đảm bảo kế hoạch P/l và đảm bảo phù hợp với phân quyền CHỐT GIÁ như bên dưới. (Nghĩa là giá bán trình duyệt phải đảm bảo sao cho sau khi khách thương lượng và cấp thẩm quyền cao nhất chốt giá cuối với khách vẫn đảm bảo tỷ lệ lợi nhuận gộp tối thiểu)
B15: 2. Giá bán tháng sau khi được duyệt xong thì phân quyền duyệt giá cuối để chốt nhanh với khách như sau:
B16: - GĐKD: được phép chốt giá với khách hàng giảm Max 3% so với giá duyệt tháng.
B17: - GDĐH: được phép chốt giá với khách hàng giảm Max 5% so với giá duyệt của tháng
... B23: Anh Cư nghiên cứu và làm demo thử dự trên lịch sử giá thành, và giá bán --> Sau đó xem xem phù hợp không thì trao đổi thêm với em nhé!
