Workbook
Name \0: #REF!
Name \a: #REF!
Name \b: #REF!
Name \c: #REF!
Name \C_: #REF!
Name \e: #REF!
Name \f: #REF!
Name \k: #REF!
Name \m: #REF!
Name \o: #REF!
Name \p: #REF!
Name \q: #N/A
Name \r: #REF!
Name \s: #REF!
Name \t: #REF!
Name \x: #REF!
Name \z: #REF!
Name _???: #REF!
Name _????????: #REF!
Name _????????????: #REF!
Name _?????????????: #N/A
Name _?_??????: #REF!
Name _?1_HP_A: #REF!
Name _?1_HP_B: #REF!
Name _?2_HP_A: #REF!
Name _?2_HP_B: #REF!
Name _?3_HP_A: #REF!
Name _?3_HP_B: #REF!
Name _?5_HP: #REF!
Name __???: #N/A
Name __????????????: #REF!
Name __?????????????: #REF!
Name ______TAX2: #REF!
Name _____06: #REF!
Name _____CWF1: #REF!
Name _____CWF2: #REF!
Name _____DAT1: #REF!
Name _____DAT10: #REF!
Name _____DAT2: #REF!
Name _____DAT3: #REF!
Name _____DAT4: #REF!
Name _____DAT5: #REF!
Name _____DAT6: #REF!
Name _____DAT7: #REF!
Name _____DAT8: #REF!
Name _____DAT9: #REF!
Name _____UWF1: #REF!
Name _____UWF2: #REF!
Name ____06: #REF!
Name ____CWF1: #REF!
Name ____CWF2: #REF!
Name ____DAT1: #REF!
Name ____DAT10: #REF!
Name ____DAT2: #REF!
Name ____DAT3: #REF!
Name ____DAT4: #REF!
Name ____DAT5: #REF!
Name ____DAT6: #REF!
Name ____DAT7: #REF!
Name ____DAT8: #REF!

Sheet Hop nhat
A1: GROUP (CONSOLIDATED TÁI CHẾ & THU MUA) | O1: 2025
A2: VND
C3: 2024 | D3: =C3 -> 2024 | E3: =D3 -> 2024 | F3: =E3 -> 2024 | G3: =F3 -> 2024 | H3: =G3 -> 2024 | I3: =H3 -> 2024 | J3: =I3 -> 2024 | K3: =J3 -> 2024 | ... N3: =M3 -> 2024 | O3: 2025 | P3: =O3 -> 2025 | Q3: =P3 -> 2025 | R3: =Q3 -> 2025 | S3: =R3 -> 2025 | T3: =S3 -> 2025 | U3: =T3 -> 2025 | V3: =U3 -> 2025 | W3: =V3 -> 2025 | ... Z3: =Y3 -> 2025
C4: 1 | D4: 2 | E4: 3 | F4: 4 | G4: 5 | H4: 6 | I4: 7 | J4: 8 | K4: 9 | L4: 10 | M4: 11 | N4: 12 | O4: 1 | P4: 2 | Q4: 3 | R4: 4 | S4: 5 | T4: 6 | U4: 7 | V4: 8 | W4: 9 | X4: 10 | Y4: 11 | Z4: 12
A5: PHẦN I-BÁO CÁO TÌNH HÌNH TÀI CHÍNH | B5: Index BS | C5: T01.2024 | D5: T02.2024 | E5: T03.2024 | F5: T04.2024 | G5: T05.2024 | H5: T06.2024 | I5: T07.2024 | J5: T08.2024 | K5: T09.2024 | L5: T10.2024 | M5: T11.2024 | N5: T12.2024 | O5: T01.2025 | P5: T02.2025 | Q5: T03.2025 | R5: T04.2025 | S5: T05.2025 | T5: T06.2025 | U5: T07.2025 | V5: T08.2025 | W5: T09.2025 | X5: T10.2025 | Y5: T11.2025 | Z5: T12.2025
A6: A-TÀI SẢN NGẮN HẠN | B6: 1 | C6: =DTR!C6+'Dai Loc'!C6+'Dong Lam'!C6+'Khanh Nga'!C6+TDP!C6+DTRVL!C6 -> 842504987537 | D6: =DTR!D6+'Dai Loc'!D6+'Dong Lam'!D6+'Khanh Nga'!D6+TDP!D6+DTRVL!D6 -> 828028218928 | E6: =DTR!E6+'Dai Loc'!E6+'Dong Lam'!E6+'Khanh Nga'!E6+TDP!E6+DTRVL!E6 -> 8.6664214e+11 | F6: =DTR!F6+'Dai Loc'!F6+'Dong Lam'!F6+'Khanh Nga'!F6+TDP!F6+DTRVL!F6 -> 9.2866377e+11 | G6: =DTR!G6+'Dai Loc'!G6+'Dong Lam'!G6+'Khanh Nga'!G6+TDP!G6+DTRVL!G6 -> 974972463666 | H6: =DTR!H6+'Dai Loc'!H6+'Dong Lam'!H6+'Khanh Nga'!H6+TDP!H6+DTRVL!H6 -> 1000977606992 | I6: =DTR!I6+'Dai Loc'!I6+'Dong Lam'!I6+'Khanh Nga'!I6+TDP!I6+DTRVL!I6 -> 945309048746 | J6: =DTR!J6+'Dai Loc'!J6+'Dong Lam'!J6+'Khanh Nga'!J6+TDP!J6+DTRVL!J6 -> 891517737502 | ... Z6: =DTR!Z6+'Dai Loc'!Z6+'Dong Lam'!Z6+'Khanh Nga'!Z6+TDP!Z6+DTRVL!Z6 -> 1027131422218
A7: I.Tiền và các khoản tương đương tiền | B7: 2 | C7: =DTR!C7+'Dai Loc'!C7+'Dong Lam'!C7+'Khanh Nga'!C7+TDP!C7+DTRVL!C7 -> 46633249760 | D7: =DTR!D7+'Dai Loc'!D7+'Dong Lam'!D7+'Khanh Nga'!D7+TDP!D7+DTRVL!D7 -> 35851802774 | E7: =DTR!E7+'Dai Loc'!E7+'Dong Lam'!E7+'Khanh Nga'!E7+TDP!E7+DTRVL!E7 -> 26393055917 | F7: =DTR!F7+'Dai Loc'!F7+'Dong Lam'!F7+'Khanh Nga'!F7+TDP!F7+DTRVL!F7 -> 34593153167 | G7: =DTR!G7+'Dai Loc'!G7+'Dong Lam'!G7+'Khanh Nga'!G7+TDP!G7+DTRVL!G7 -> 33199136312 | H7: =DTR!H7+'Dai Loc'!H7+'Dong Lam'!H7+'Khanh Nga'!H7+TDP!H7+DTRVL!H7 -> 19638634542 | I7: =DTR!I7+'Dai Loc'!I7+'Dong Lam'!I7+'Khanh Nga'!I7+TDP!I7+DTRVL!I7 -> 56271006190 | J7: =DTR!J7+'Dai Loc'!J7+'Dong Lam'!J7+'Khanh Nga'!J7+TDP!J7+DTRVL!J7 -> 35429490170 | ... Z7: =DTR!Z7+'Dai Loc'!Z7+'Dong Lam'!Z7+'Khanh Nga'!Z7+TDP!Z7+DTRVL!Z7 -> 63226156108
A8: 1.Tiền | B8: 3 | C8: =DTR!C8+'Dai Loc'!C8+'Dong Lam'!C8+'Khanh Nga'!C8+TDP!C8+DTRVL!C8 -> 39793249760 | D8: =DTR!D8+'Dai Loc'!D8+'Dong Lam'!D8+'Khanh Nga'!D8+TDP!D8+DTRVL!D8 -> 29011802774 | E8: =DTR!E8+'Dai Loc'!E8+'Dong Lam'!E8+'Khanh Nga'!E8+TDP!E8+DTRVL!E8 -> 21563055917 | F8: =DTR!F8+'Dai Loc'!F8+'Dong Lam'!F8+'Khanh Nga'!F8+TDP!F8+DTRVL!F8 -> 25763153167 | G8: =DTR!G8+'Dai Loc'!G8+'Dong Lam'!G8+'Khanh Nga'!G8+TDP!G8+DTRVL!G8 -> 24369136312 | H8: =DTR!H8+'Dai Loc'!H8+'Dong Lam'!H8+'Khanh Nga'!H8+TDP!H8+DTRVL!H8 -> 14808634542 | I8: =DTR!I8+'Dai Loc'!I8+'Dong Lam'!I8+'Khanh Nga'!I8+TDP!I8+DTRVL!I8 -> 48441006190 | J8: =DTR!J8+'Dai Loc'!J8+'Dong Lam'!J8+'Khanh Nga'!J8+TDP!J8+DTRVL!J8 -> 27599490170 | ... Z8: =DTR!Z8+'Dai Loc'!Z8+'Dong Lam'!Z8+'Khanh Nga'!Z8+TDP!Z8+DTRVL!Z8 -> 53526156108
A9: 2.Các khoản tương đương tiền | B9: 4 | C9: =DTR!C9+'Dai Loc'!C9+'Dong Lam'!C9+'Khanh Nga'!C9+TDP!C9+DTRVL!C9 -> 6840000000 | D9: =DTR!D9+'Dai Loc'!D9+'Dong Lam'!D9+'Khanh Nga'!D9+TDP!D9+DTRVL!D9 -> 6840000000 | E9: =DTR!E9+'Dai Loc'!E9+'Dong Lam'!E9+'Khanh Nga'!E9+TDP!E9+DTRVL!E9 -> 4830000000 | F9: =DTR!F9+'Dai Loc'!F9+'Dong Lam'!F9+'Khanh Nga'!F9+TDP!F9+DTRVL!F9 -> 8830000000 | G9: =DTR!G9+'Dai Loc'!G9+'Dong Lam'!G9+'Khanh Nga'!G9+TDP!G9+DTRVL!G9 -> 8830000000 | H9: =DTR!H9+'Dai Loc'!H9+'Dong Lam'!H9+'Khanh Nga'!H9+TDP!H9+DTRVL!H9 -> 4830000000 | I9: =DTR!I9+'Dai Loc'!I9+'Dong Lam'!I9+'Khanh Nga'!I9+TDP!I9+DTRVL!I9 -> 7830000000 | J9: =DTR!J9+'Dai Loc'!J9+'Dong Lam'!J9+'Khanh Nga'!J9+TDP!J9+DTRVL!J9 -> 7830000000 | ... Z9: =DTR!Z9+'Dai Loc'!Z9+'Dong Lam'!Z9+'Khanh Nga'!Z9+TDP!Z9+DTRVL!Z9 -> 9700000000
A10: II.Đầu tư tài chính ngắn hạn | B10: 5 | C10: =DTR!C10+'Dai Loc'!C10+'Dong Lam'!C10+'Khanh Nga'!C10+TDP!C10+DTRVL!C10 -> 108051581921 | D10: =DTR!D10+'Dai Loc'!D10+'Dong Lam'!D10+'Khanh Nga'!D10+TDP!D10+DTRVL!D10 -> 108041861921 | E10: =DTR!E10+'Dai Loc'!E10+'Dong Lam'!E10+'Khanh Nga'!E10+TDP!E10+DTRVL!E10 -> 108032141921 | F10: =DTR!F10+'Dai Loc'!F10+'Dong Lam'!F10+'Khanh Nga'!F10+TDP!F10+DTRVL!F10 -> 97522421921 | G10: =DTR!G10+'Dai Loc'!G10+'Dong Lam'!G10+'Khanh Nga'!G10+TDP!G10+DTRVL!G10 -> 97512701921 | H10: =DTR!H10+'Dai Loc'!H10+'Dong Lam'!H10+'Khanh Nga'!H10+TDP!H10+DTRVL!H10 -> 77502981921 | I10: =DTR!I10+'Dai Loc'!I10+'Dong Lam'!I10+'Khanh Nga'!I10+TDP!I10+DTRVL!I10 -> 57993261921 | J10: =DTR!J10+'Dai Loc'!J10+'Dong Lam'!J10+'Khanh Nga'!J10+TDP!J10+DTRVL!J10 -> 57983541921 | ... Z10: =DTR!Z10+'Dai Loc'!Z10+'Dong Lam'!Z10+'Khanh Nga'!Z10+TDP!Z10+DTRVL!Z10 -> 79901021921
A11: 1.Chứng khoán kinh doanh | B11: 6 | C11: =DTR!C11+'Dai Loc'!C11+'Dong Lam'!C11+'Khanh Nga'!C11+TDP!C11+DTRVL!C11 -> 0 | D11: =DTR!D11+'Dai Loc'!D11+'Dong Lam'!D11+'Khanh Nga'!D11+TDP!D11+DTRVL!D11 -> 0 | E11: =DTR!E11+'Dai Loc'!E11+'Dong Lam'!E11+'Khanh Nga'!E11+TDP!E11+DTRVL!E11 -> 0 | F11: =DTR!F11+'Dai Loc'!F11+'Dong Lam'!F11+'Khanh Nga'!F11+TDP!F11+DTRVL!F11 -> 0 | G11: =DTR!G11+'Dai Loc'!G11+'Dong Lam'!G11+'Khanh Nga'!G11+TDP!G11+DTRVL!G11 -> 0 | H11: =DTR!H11+'Dai Loc'!H11+'Dong Lam'!H11+'Khanh Nga'!H11+TDP!H11+DTRVL!H11 -> 0 | I11: =DTR!I11+'Dai Loc'!I11+'Dong Lam'!I11+'Khanh Nga'!I11+TDP!I11+DTRVL!I11 -> 0 | J11: =DTR!J11+'Dai Loc'!J11+'Dong Lam'!J11+'Khanh Nga'!J11+TDP!J11+DTRVL!J11 -> 0 | ... Z11: =DTR!Z11+'Dai Loc'!Z11+'Dong Lam'!Z11+'Khanh Nga'!Z11+TDP!Z11+DTRVL!Z11 -> 0
A12: 2.Dự phòng giảm giá chứng khoán kinh doanh (*) | B12: 7 | C12: =DTR!C12+'Dai Loc'!C12+'Dong Lam'!C12+'Khanh Nga'!C12+TDP!C12+DTRVL!C12 -> 0 | D12: =DTR!D12+'Dai Loc'!D12+'Dong Lam'!D12+'Khanh Nga'!D12+TDP!D12+DTRVL!D12 -> 0 | E12: =DTR!E12+'Dai Loc'!E12+'Dong Lam'!E12+'Khanh Nga'!E12+TDP!E12+DTRVL!E12 -> 0 | F12: =DTR!F12+'Dai Loc'!F12+'Dong Lam'!F12+'Khanh Nga'!F12+TDP!F12+DTRVL!F12 -> 0 | G12: =DTR!G12+'Dai Loc'!G12+'Dong Lam'!G12+'Khanh Nga'!G12+TDP!G12+DTRVL!G12 -> 0 | H12: =DTR!H12+'Dai Loc'!H12+'Dong Lam'!H12+'Khanh Nga'!H12+TDP!H12+DTRVL!H12 -> 0 | I12: =DTR!I12+'Dai Loc'!I12+'Dong Lam'!I12+'Khanh Nga'!I12+TDP!I12+DTRVL!I12 -> 0 | J12: =DTR!J12+'Dai Loc'!J12+'Dong Lam'!J12+'Khanh Nga'!J12+TDP!J12+DTRVL!J12 -> 0 | ... Z12: =DTR!Z12+'Dai Loc'!Z12+'Dong Lam'!Z12+'Khanh Nga'!Z12+TDP!Z12+DTRVL!Z12 -> 0
A13: 3.Đầu tư nắm giữ đến ngày đáo hạn ngắn hạn | B13: 8 | C13: =DTR!C13+'Dai Loc'!C13+'Dong Lam'!C13+'Khanh Nga'!C13+TDP!C13+DTRVL!C13 -> 108051581921 | D13: =DTR!D13+'Dai Loc'!D13+'Dong Lam'!D13+'Khanh Nga'!D13+TDP!D13+DTRVL!D13 -> 108041861921 | E13: =DTR!E13+'Dai Loc'!E13+'Dong Lam'!E13+'Khanh Nga'!E13+TDP!E13+DTRVL!E13 -> 108032141921 | F13: =DTR!F13+'Dai Loc'!F13+'Dong Lam'!F13+'Khanh Nga'!F13+TDP!F13+DTRVL!F13 -> 97522421921 | G13: =DTR!G13+'Dai Loc'!G13+'Dong Lam'!G13+'Khanh Nga'!G13+TDP!G13+DTRVL!G13 -> 97512701921 | H13: =DTR!H13+'Dai Loc'!H13+'Dong Lam'!H13+'Khanh Nga'!H13+TDP!H13+DTRVL!H13 -> 77502981921 | I13: =DTR!I13+'Dai Loc'!I13+'Dong Lam'!I13+'Khanh Nga'!I13+TDP!I13+DTRVL!I13 -> 57993261921 | J13: =DTR!J13+'Dai Loc'!J13+'Dong Lam'!J13+'Khanh Nga'!J13+TDP!J13+DTRVL!J13 -> 57983541921 | ... Z13: =DTR!Z13+'Dai Loc'!Z13+'Dong Lam'!Z13+'Khanh Nga'!Z13+TDP!Z13+DTRVL!Z13 -> 79901021921
A14: 4.Dự phòng đầu tư nắm giữ đến ngày đáo hạn ngắn hạn (*) | B14: 9 | C14: =DTR!C14+'Dai Loc'!C14+'Dong Lam'!C14+'Khanh Nga'!C14+TDP!C14+DTRVL!C14 -> 0 | D14: =DTR!D14+'Dai Loc'!D14+'Dong Lam'!D14+'Khanh Nga'!D14+TDP!D14+DTRVL!D14 -> 0 | E14: =DTR!E14+'Dai Loc'!E14+'Dong Lam'!E14+'Khanh Nga'!E14+TDP!E14+DTRVL!E14 -> 0 | F14: =DTR!F14+'Dai Loc'!F14+'Dong Lam'!F14+'Khanh Nga'!F14+TDP!F14+DTRVL!F14 -> 0 | G14: =DTR!G14+'Dai Loc'!G14+'Dong Lam'!G14+'Khanh Nga'!G14+TDP!G14+DTRVL!G14 -> 0 | H14: =DTR!H14+'Dai Loc'!H14+'Dong Lam'!H14+'Khanh Nga'!H14+TDP!H14+DTRVL!H14 -> 0 | I14: =DTR!I14+'Dai Loc'!I14+'Dong Lam'!I14+'Khanh Nga'!I14+TDP!I14+DTRVL!I14 -> 0 | J14: =DTR!J14+'Dai Loc'!J14+'Dong Lam'!J14+'Khanh Nga'!J14+TDP!J14+DTRVL!J14 -> 0 | ... Z14: =DTR!Z14+'Dai Loc'!Z14+'Dong Lam'!Z14+'Khanh Nga'!Z14+TDP!Z14+DTRVL!Z14 -> 0
A15: 5.Đầu tư ngắn hạn khác | B15: 10 | C15: =DTR!C15+'Dai Loc'!C15+'Dong Lam'!C15+'Khanh Nga'!C15+TDP!C15+DTRVL!C15 -> 0 | D15: =DTR!D15+'Dai Loc'!D15+'Dong Lam'!D15+'Khanh Nga'!D15+TDP!D15+DTRVL!D15 -> 0 | E15: =DTR!E15+'Dai Loc'!E15+'Dong Lam'!E15+'Khanh Nga'!E15+TDP!E15+DTRVL!E15 -> 0 | F15: =DTR!F15+'Dai Loc'!F15+'Dong Lam'!F15+'Khanh Nga'!F15+TDP!F15+DTRVL!F15 -> 0 | G15: =DTR!G15+'Dai Loc'!G15+'Dong Lam'!G15+'Khanh Nga'!G15+TDP!G15+DTRVL!G15 -> 0 | H15: =DTR!H15+'Dai Loc'!H15+'Dong Lam'!H15+'Khanh Nga'!H15+TDP!H15+DTRVL!H15 -> 0 | I15: =DTR!I15+'Dai Loc'!I15+'Dong Lam'!I15+'Khanh Nga'!I15+TDP!I15+DTRVL!I15 -> 0 | J15: =DTR!J15+'Dai Loc'!J15+'Dong Lam'!J15+'Khanh Nga'!J15+TDP!J15+DTRVL!J15 -> 0 | ... Z15: =DTR!Z15+'Dai Loc'!Z15+'Dong Lam'!Z15+'Khanh Nga'!Z15+TDP!Z15+DTRVL!Z15 -> 0
A16: 6.Dự phòng tổn thất các khoản đầu tư ngắn hạn khác (*) | B16: 11 | C16: =DTR!C16+'Dai Loc'!C16+'Dong Lam'!C16+'Khanh Nga'!C16+TDP!C16+DTRVL!C16 -> 0 | D16: =DTR!D16+'Dai Loc'!D16+'Dong Lam'!D16+'Khanh Nga'!D16+TDP!D16+DTRVL!D16 -> 0 | E16: =DTR!E16+'Dai Loc'!E16+'Dong Lam'!E16+'Khanh Nga'!E16+TDP!E16+DTRVL!E16 -> 0 | F16: =DTR!F16+'Dai Loc'!F16+'Dong Lam'!F16+'Khanh Nga'!F16+TDP!F16+DTRVL!F16 -> 0 | G16: =DTR!G16+'Dai Loc'!G16+'Dong Lam'!G16+'Khanh Nga'!G16+TDP!G16+DTRVL!G16 -> 0 | H16: =DTR!H16+'Dai Loc'!H16+'Dong Lam'!H16+'Khanh Nga'!H16+TDP!H16+DTRVL!H16 -> 0 | I16: =DTR!I16+'Dai Loc'!I16+'Dong Lam'!I16+'Khanh Nga'!I16+TDP!I16+DTRVL!I16 -> 0 | J16: =DTR!J16+'Dai Loc'!J16+'Dong Lam'!J16+'Khanh Nga'!J16+TDP!J16+DTRVL!J16 -> 0 | ... Z16: =DTR!Z16+'Dai Loc'!Z16+'Dong Lam'!Z16+'Khanh Nga'!Z16+TDP!Z16+DTRVL!Z16 -> 0
A17: III.Các khoản phải thu ngắn hạn | B17: 12 | C17: =DTR!C17+'Dai Loc'!C17+'Dong Lam'!C17+'Khanh Nga'!C17+TDP!C17+DTRVL!C17 -> 2.0876077e+11 | D17: =DTR!D17+'Dai Loc'!D17+'Dong Lam'!D17+'Khanh Nga'!D17+TDP!D17+DTRVL!D17 -> 1.9391456e+11 | E17: =DTR!E17+'Dai Loc'!E17+'Dong Lam'!E17+'Khanh Nga'!E17+TDP!E17+DTRVL!E17 -> 201044728738 | F17: =DTR!F17+'Dai Loc'!F17+'Dong Lam'!F17+'Khanh Nga'!F17+TDP!F17+DTRVL!F17 -> 218534804131 | G17: =DTR!G17+'Dai Loc'!G17+'Dong Lam'!G17+'Khanh Nga'!G17+TDP!G17+DTRVL!G17 -> 2.2155237e+11 | H17: =DTR!H17+'Dai Loc'!H17+'Dong Lam'!H17+'Khanh Nga'!H17+TDP!H17+DTRVL!H17 -> 2.4767907e+11 | I17: =DTR!I17+'Dai Loc'!I17+'Dong Lam'!I17+'Khanh Nga'!I17+TDP!I17+DTRVL!I17 -> 1.528212e+11 | J17: =DTR!J17+'Dai Loc'!J17+'Dong Lam'!J17+'Khanh Nga'!J17+TDP!J17+DTRVL!J17 -> 1.7780637e+11 | ... Z17: =DTR!Z17+'Dai Loc'!Z17+'Dong Lam'!Z17+'Khanh Nga'!Z17+TDP!Z17+DTRVL!Z17 -> 287452852834
... A76: 5.Đầu tư nắm giữ đến ngày đáo hạn dài hạn | B76: 71 | C76: =DTR!C76+'Dai Loc'!C76+'Dong Lam'!C76+'Khanh Nga'!C76+TDP!C76+DTRVL!C76 -> 0 | D76: =DTR!D76+'Dai Loc'!D76+'Dong Lam'!D76+'Khanh Nga'!D76+TDP!D76+DTRVL!D76 -> 0 | E76: =DTR!E76+'Dai Loc'!E76+'Dong Lam'!E76+'Khanh Nga'!E76+TDP!E76+DTRVL!E76 -> 0 | F76: =DTR!F76+'Dai Loc'!F76+'Dong Lam'!F76+'Khanh Nga'!F76+TDP!F76+DTRVL!F76 -> 0 | G76: =DTR!G76+'Dai Loc'!G76+'Dong Lam'!G76+'Khanh Nga'!G76+TDP!G76+DTRVL!G76 -> 0 | H76: =DTR!H76+'Dai Loc'!H76+'Dong Lam'!H76+'Khanh Nga'!H76+TDP!H76+DTRVL!H76 -> 0 | I76: =DTR!I76+'Dai Loc'!I76+'Dong Lam'!I76+'Khanh Nga'!I76+TDP!I76+DTRVL!I76 -> 0 | J76: =DTR!J76+'Dai Loc'!J76+'Dong Lam'!J76+'Khanh Nga'!J76+TDP!J76+DTRVL!J76 -> 0 | ... Z76: =DTR!Z76+'Dai Loc'!Z76+'Dong Lam'!Z76+'Khanh Nga'!Z76+TDP!Z76+DTRVL!Z76 -> 0
A77: 6.Dự phòng đầu tư nắm giữ đến ngày đáo hạn dài hạn (*) | B77: 72
A78: VII.Tài sản dài hạn khác | B78: 73 | C78: =DTR!C78+'Dai Loc'!C78+'Dong Lam'!C78+'Khanh Nga'!C78+TDP!C78+DTRVL!C78 -> 5400042499 | D78: =DTR!D78+'Dai Loc'!D78+'Dong Lam'!D78+'Khanh Nga'!D78+TDP!D78+DTRVL!D78 -> 5122374256 | E78: =DTR!E78+'Dai Loc'!E78+'Dong Lam'!E78+'Khanh Nga'!E78+TDP!E78+DTRVL!E78 -> 6108142400 | F78: =DTR!F78+'Dai Loc'!F78+'Dong Lam'!F78+'Khanh Nga'!F78+TDP!F78+DTRVL!F78 -> 6691697581 | G78: =DTR!G78+'Dai Loc'!G78+'Dong Lam'!G78+'Khanh Nga'!G78+TDP!G78+DTRVL!G78 -> 6073217039 | H78: =DTR!H78+'Dai Loc'!H78+'Dong Lam'!H78+'Khanh Nga'!H78+TDP!H78+DTRVL!H78 -> 5922983520 | I78: =DTR!I78+'Dai Loc'!I78+'Dong Lam'!I78+'Khanh Nga'!I78+TDP!I78+DTRVL!I78 -> 6293381718 | J78: =DTR!J78+'Dai Loc'!J78+'Dong Lam'!J78+'Khanh Nga'!J78+TDP!J78+DTRVL!J78 -> 7144685884 | ... Z78: =DTR!Z78+'Dai Loc'!Z78+'Dong Lam'!Z78+'Khanh Nga'!Z78+TDP!Z78+DTRVL!Z78 -> 11383330015
A79: 1.Chi phí chờ phân bổ dài hạn | B79: 74 | C79: =DTR!C79+'Dai Loc'!C79+'Dong Lam'!C79+'Khanh Nga'!C79+TDP!C79+DTRVL!C79 -> 5400042499 | D79: =DTR!D79+'Dai Loc'!D79+'Dong Lam'!D79+'Khanh Nga'!D79+TDP!D79+DTRVL!D79 -> 5122374256 | E79: =DTR!E79+'Dai Loc'!E79+'Dong Lam'!E79+'Khanh Nga'!E79+TDP!E79+DTRVL!E79 -> 6108142400 | F79: =DTR!F79+'Dai Loc'!F79+'Dong Lam'!F79+'Khanh Nga'!F79+TDP!F79+DTRVL!F79 -> 6691697581 | G79: =DTR!G79+'Dai Loc'!G79+'Dong Lam'!G79+'Khanh Nga'!G79+TDP!G79+DTRVL!G79 -> 6073217039 | H79: =DTR!H79+'Dai Loc'!H79+'Dong Lam'!H79+'Khanh Nga'!H79+TDP!H79+DTRVL!H79 -> 5922983520 | I79: =DTR!I79+'Dai Loc'!I79+'Dong Lam'!I79+'Khanh Nga'!I79+TDP!I79+DTRVL!I79 -> 6293381718 | J79: =DTR!J79+'Dai Loc'!J79+'Dong Lam'!J79+'Khanh Nga'!J79+TDP!J79+DTRVL!J79 -> 7144685884 | ... Z79: =DTR!Z79+'Dai Loc'!Z79+'Dong Lam'!Z79+'Khanh Nga'!Z79+TDP!Z79+DTRVL!Z79 -> 11383330015
A80: 2.Tài sản thuế thu nhập hoãn lại | B80: 75 | C80: =DTR!C80+'Dai Loc'!C80+'Dong Lam'!C80+'Khanh Nga'!C80+TDP!C80+DTRVL!C80 -> 0 | D80: =DTR!D80+'Dai Loc'!D80+'Dong Lam'!D80+'Khanh Nga'!D80+TDP!D80+DTRVL!D80 -> 0 | E80: =DTR!E80+'Dai Loc'!E80+'Dong Lam'!E80+'Khanh Nga'!E80+TDP!E80+DTRVL!E80 -> 0 | F80: =DTR!F80+'Dai Loc'!F80+'Dong Lam'!F80+'Khanh Nga'!F80+TDP!F80+DTRVL!F80 -> 0 | G80: =DTR!G80+'Dai Loc'!G80+'Dong Lam'!G80+'Khanh Nga'!G80+TDP!G80+DTRVL!G80 -> 0 | H80: =DTR!H80+'Dai Loc'!H80+'Dong Lam'!H80+'Khanh Nga'!H80+TDP!H80+DTRVL!H80 -> 0 | I80: =DTR!I80+'Dai Loc'!I80+'Dong Lam'!I80+'Khanh Nga'!I80+TDP!I80+DTRVL!I80 -> 0 | J80: =DTR!J80+'Dai Loc'!J80+'Dong Lam'!J80+'Khanh Nga'!J80+TDP!J80+DTRVL!J80 -> 0 | ... Z80: =DTR!Z80+'Dai Loc'!Z80+'Dong Lam'!Z80+'Khanh Nga'!Z80+TDP!Z80+DTRVL!Z80 -> 0
A81: 3.Thiết bị, vật tư, phụ tùng thay thế dài hạn | B81: 76 | C81: =DTR!C81+'Dai Loc'!C81+'Dong Lam'!C81+'Khanh Nga'!C81+TDP!C81+DTRVL!C81 -> 0 | D81: =DTR!D81+'Dai Loc'!D81+'Dong Lam'!D81+'Khanh Nga'!D81+TDP!D81+DTRVL!D81 -> 0 | E81: =DTR!E81+'Dai Loc'!E81+'Dong Lam'!E81+'Khanh Nga'!E81+TDP!E81+DTRVL!E81 -> 0 | F81: =DTR!F81+'Dai Loc'!F81+'Dong Lam'!F81+'Khanh Nga'!F81+TDP!F81+DTRVL!F81 -> 0 | G81: =DTR!G81+'Dai Loc'!G81+'Dong Lam'!G81+'Khanh Nga'!G81+TDP!G81+DTRVL!G81 -> 0 | H81: =DTR!H81+'Dai Loc'!H81+'Dong Lam'!H81+'Khanh Nga'!H81+TDP!H81+DTRVL!H81 -> 0 | I81: =DTR!I81+'Dai Loc'!I81+'Dong Lam'!I81+'Khanh Nga'!I81+TDP!I81+DTRVL!I81 -> 0 | J81: =DTR!J81+'Dai Loc'!J81+'Dong Lam'!J81+'Khanh Nga'!J81+TDP!J81+DTRVL!J81 -> 0 | ... Z81: =DTR!Z81+'Dai Loc'!Z81+'Dong Lam'!Z81+'Khanh Nga'!Z81+TDP!Z81+DTRVL!Z81 -> 0
A82: 4.Tài sản dài hạn khác | B82: 77 | C82: =DTR!C82+'Dai Loc'!C82+'Dong Lam'!C82+'Khanh Nga'!C82+TDP!C82+DTRVL!C82 -> 0 | D82: =DTR!D82+'Dai Loc'!D82+'Dong Lam'!D82+'Khanh Nga'!D82+TDP!D82+DTRVL!D82 -> 0 | E82: =DTR!E82+'Dai Loc'!E82+'Dong Lam'!E82+'Khanh Nga'!E82+TDP!E82+DTRVL!E82 -> 0 | F82: =DTR!F82+'Dai Loc'!F82+'Dong Lam'!F82+'Khanh Nga'!F82+TDP!F82+DTRVL!F82 -> 0 | G82: =DTR!G82+'Dai Loc'!G82+'Dong Lam'!G82+'Khanh Nga'!G82+TDP!G82+DTRVL!G82 -> 0 | H82: =DTR!H82+'Dai Loc'!H82+'Dong Lam'!H82+'Khanh Nga'!H82+TDP!H82+DTRVL!H82 -> 0 | I82: =DTR!I82+'Dai Loc'!I82+'Dong Lam'!I82+'Khanh Nga'!I82+TDP!I82+DTRVL!I82 -> 0 | J82: =DTR!J82+'Dai Loc'!J82+'Dong Lam'!J82+'Khanh Nga'!J82+TDP!J82+DTRVL!J82 -> 0 | ... Z82: =DTR!Z82+'Dai Loc'!Z82+'Dong Lam'!Z82+'Khanh Nga'!Z82+TDP!Z82+DTRVL!Z82 -> 0
A83: TỔNG TÀI SẢN | B83: 78 | C83: =DTR!C83+'Dai Loc'!C83+'Dong Lam'!C83+'Khanh Nga'!C83+TDP!C83+DTRVL!C83 -> 1175130402352 | D83: =DTR!D83+'Dai Loc'!D83+'Dong Lam'!D83+'Khanh Nga'!D83+TDP!D83+DTRVL!D83 -> 1156870558457 | E83: =DTR!E83+'Dai Loc'!E83+'Dong Lam'!E83+'Khanh Nga'!E83+TDP!E83+DTRVL!E83 -> 1.1935024e+12 | F83: =DTR!F83+'Dai Loc'!F83+'Dong Lam'!F83+'Khanh Nga'!F83+TDP!F83+DTRVL!F83 -> 1.2545406e+12 | G83: =DTR!G83+'Dai Loc'!G83+'Dong Lam'!G83+'Khanh Nga'!G83+TDP!G83+DTRVL!G83 -> 1298938884161 | H83: =DTR!H83+'Dai Loc'!H83+'Dong Lam'!H83+'Khanh Nga'!H83+TDP!H83+DTRVL!H83 -> 1325603983311 | I83: =DTR!I83+'Dai Loc'!I83+'Dong Lam'!I83+'Khanh Nga'!I83+TDP!I83+DTRVL!I83 -> 1267478798902 | J83: =DTR!J83+'Dai Loc'!J83+'Dong Lam'!J83+'Khanh Nga'!J83+TDP!J83+DTRVL!J83 -> 1218289415966 | ... Z83: =DTR!Z83+'Dai Loc'!Z83+'Dong Lam'!Z83+'Khanh Nga'!Z83+TDP!Z83+DTRVL!Z83 -> 1399120322090
A84: C-NỢ PHẢI TRẢ | B84: 79 | C84: =DTR!C84+'Dai Loc'!C84+'Dong Lam'!C84+'Khanh Nga'!C84+TDP!C84+DTRVL!C84 -> 319278887594 | D84: =DTR!D84+'Dai Loc'!D84+'Dong Lam'!D84+'Khanh Nga'!D84+TDP!D84+DTRVL!D84 -> 307757355551 | E84: =DTR!E84+'Dai Loc'!E84+'Dong Lam'!E84+'Khanh Nga'!E84+TDP!E84+DTRVL!E84 -> 3.4713248e+11 | F84: =DTR!F84+'Dai Loc'!F84+'Dong Lam'!F84+'Khanh Nga'!F84+TDP!F84+DTRVL!F84 -> 4.0650239e+11 | G84: =DTR!G84+'Dai Loc'!G84+'Dong Lam'!G84+'Khanh Nga'!G84+TDP!G84+DTRVL!G84 -> 456592470300 | H84: =DTR!H84+'Dai Loc'!H84+'Dong Lam'!H84+'Khanh Nga'!H84+TDP!H84+DTRVL!H84 -> 495400218095 | I84: =DTR!I84+'Dai Loc'!I84+'Dong Lam'!I84+'Khanh Nga'!I84+TDP!I84+DTRVL!I84 -> 452469310020 | J84: =DTR!J84+'Dai Loc'!J84+'Dong Lam'!J84+'Khanh Nga'!J84+TDP!J84+DTRVL!J84 -> 413326247943 | ... Z84: =DTR!Z84+'Dai Loc'!Z84+'Dong Lam'!Z84+'Khanh Nga'!Z84+TDP!Z84+DTRVL!Z84 -> 451967241879
A85: I.Nợ ngắn hạn | B85: 80 | C85: =DTR!C85+'Dai Loc'!C85+'Dong Lam'!C85+'Khanh Nga'!C85+TDP!C85+DTRVL!C85 -> 208892476524 | D85: =DTR!D85+'Dai Loc'!D85+'Dong Lam'!D85+'Khanh Nga'!D85+TDP!D85+DTRVL!D85 -> 197465004481 | E85: =DTR!E85+'Dai Loc'!E85+'Dong Lam'!E85+'Khanh Nga'!E85+TDP!E85+DTRVL!E85 -> 2.3689912e+11 | F85: =DTR!F85+'Dai Loc'!F85+'Dong Lam'!F85+'Khanh Nga'!F85+TDP!F85+DTRVL!F85 -> 2.9656423e+11 | G85: =DTR!G85+'Dai Loc'!G85+'Dong Lam'!G85+'Khanh Nga'!G85+TDP!G85+DTRVL!G85 -> 348607602622 | H85: =DTR!H85+'Dai Loc'!H85+'Dong Lam'!H85+'Khanh Nga'!H85+TDP!H85+DTRVL!H85 -> 386086182417 | I85: =DTR!I85+'Dai Loc'!I85+'Dong Lam'!I85+'Khanh Nga'!I85+TDP!I85+DTRVL!I85 -> 343042467734 | J85: =DTR!J85+'Dai Loc'!J85+'Dong Lam'!J85+'Khanh Nga'!J85+TDP!J85+DTRVL!J85 -> 304556465657 | ... Z85: =DTR!Z85+'Dai Loc'!Z85+'Dong Lam'!Z85+'Khanh Nga'!Z85+TDP!Z85+DTRVL!Z85 -> 368814987525
A86: 1.Phải trả người bán ngắn hạn | B86: 81 | C86: =DTR!C86+'Dai Loc'!C86+'Dong Lam'!C86+'Khanh Nga'!C86+TDP!C86+DTRVL!C86 -> 82949409956 | D86: =DTR!D86+'Dai Loc'!D86+'Dong Lam'!D86+'Khanh Nga'!D86+TDP!D86+DTRVL!D86 -> 85403340041 | E86: =DTR!E86+'Dai Loc'!E86+'Dong Lam'!E86+'Khanh Nga'!E86+TDP!E86+DTRVL!E86 -> 89847500656 | F86: =DTR!F86+'Dai Loc'!F86+'Dong Lam'!F86+'Khanh Nga'!F86+TDP!F86+DTRVL!F86 -> 92084070378 | G86: =DTR!G86+'Dai Loc'!G86+'Dong Lam'!G86+'Khanh Nga'!G86+TDP!G86+DTRVL!G86 -> 97185029412 | H86: =DTR!H86+'Dai Loc'!H86+'Dong Lam'!H86+'Khanh Nga'!H86+TDP!H86+DTRVL!H86 -> 129200888383 | I86: =DTR!I86+'Dai Loc'!I86+'Dong Lam'!I86+'Khanh Nga'!I86+TDP!I86+DTRVL!I86 -> 101456785709 | J86: =DTR!J86+'Dai Loc'!J86+'Dong Lam'!J86+'Khanh Nga'!J86+TDP!J86+DTRVL!J86 -> 115528799746 | ... Z86: =DTR!Z86+'Dai Loc'!Z86+'Dong Lam'!Z86+'Khanh Nga'!Z86+TDP!Z86+DTRVL!Z86 -> 35590749044
A87: 2.Người mua trả tiền trước ngắn hạn | B87: 82 | C87: =DTR!C87+'Dai Loc'!C87+'Dong Lam'!C87+'Khanh Nga'!C87+TDP!C87+DTRVL!C87 -> 4031903040 | D87: =DTR!D87+'Dai Loc'!D87+'Dong Lam'!D87+'Khanh Nga'!D87+TDP!D87+DTRVL!D87 -> 0 | E87: =DTR!E87+'Dai Loc'!E87+'Dong Lam'!E87+'Khanh Nga'!E87+TDP!E87+DTRVL!E87 -> -540918440 | F87: =DTR!F87+'Dai Loc'!F87+'Dong Lam'!F87+'Khanh Nga'!F87+TDP!F87+DTRVL!F87 -> 4278155246 | G87: =DTR!G87+'Dai Loc'!G87+'Dong Lam'!G87+'Khanh Nga'!G87+TDP!G87+DTRVL!G87 -> 14753134850 | H87: =DTR!H87+'Dai Loc'!H87+'Dong Lam'!H87+'Khanh Nga'!H87+TDP!H87+DTRVL!H87 -> 36030101433 | I87: =DTR!I87+'Dai Loc'!I87+'Dong Lam'!I87+'Khanh Nga'!I87+TDP!I87+DTRVL!I87 -> 34757495667 | J87: =DTR!J87+'Dai Loc'!J87+'Dong Lam'!J87+'Khanh Nga'!J87+TDP!J87+DTRVL!J87 -> 16991723009 | ... Z87: =DTR!Z87+'Dai Loc'!Z87+'Dong Lam'!Z87+'Khanh Nga'!Z87+TDP!Z87+DTRVL!Z87 -> 27242108550
A88: 3.Phải trả cổ tức, lợi nhuận | B88: 83 | C88: =DTR!C88+'Dai Loc'!C88+'Dong Lam'!C88+'Khanh Nga'!C88+TDP!C88+DTRVL!C88 -> 0 | D88: =DTR!D88+'Dai Loc'!D88+'Dong Lam'!D88+'Khanh Nga'!D88+TDP!D88+DTRVL!D88 -> 0 | E88: =DTR!E88+'Dai Loc'!E88+'Dong Lam'!E88+'Khanh Nga'!E88+TDP!E88+DTRVL!E88 -> 0 | F88: =DTR!F88+'Dai Loc'!F88+'Dong Lam'!F88+'Khanh Nga'!F88+TDP!F88+DTRVL!F88 -> 0 | G88: =DTR!G88+'Dai Loc'!G88+'Dong Lam'!G88+'Khanh Nga'!G88+TDP!G88+DTRVL!G88 -> 0 | H88: =DTR!H88+'Dai Loc'!H88+'Dong Lam'!H88+'Khanh Nga'!H88+TDP!H88+DTRVL!H88 -> 0 | I88: =DTR!I88+'Dai Loc'!I88+'Dong Lam'!I88+'Khanh Nga'!I88+TDP!I88+DTRVL!I88 -> 0 | J88: =DTR!J88+'Dai Loc'!J88+'Dong Lam'!J88+'Khanh Nga'!J88+TDP!J88+DTRVL!J88 -> 0 | ... Z88: =DTR!Z88+'Dai Loc'!Z88+'Dong Lam'!Z88+'Khanh Nga'!Z88+TDP!Z88+DTRVL!Z88 -> 0
A89: 4.Thuế và các khoản phải nộp Nhà nước ngắn hạn | B89: 84 | C89: =DTR!C89+'Dai Loc'!C89+'Dong Lam'!C89+'Khanh Nga'!C89+TDP!C89+DTRVL!C89 -> 10498883610 | D89: =DTR!D89+'Dai Loc'!D89+'Dong Lam'!D89+'Khanh Nga'!D89+TDP!D89+DTRVL!D89 -> 3689814164 | E89: =DTR!E89+'Dai Loc'!E89+'Dong Lam'!E89+'Khanh Nga'!E89+TDP!E89+DTRVL!E89 -> 4062755871 | F89: =DTR!F89+'Dai Loc'!F89+'Dong Lam'!F89+'Khanh Nga'!F89+TDP!F89+DTRVL!F89 -> 1384290807 | G89: =DTR!G89+'Dai Loc'!G89+'Dong Lam'!G89+'Khanh Nga'!G89+TDP!G89+DTRVL!G89 -> 2308850961 | H89: =DTR!H89+'Dai Loc'!H89+'Dong Lam'!H89+'Khanh Nga'!H89+TDP!H89+DTRVL!H89 -> 3118570444 | I89: =DTR!I89+'Dai Loc'!I89+'Dong Lam'!I89+'Khanh Nga'!I89+TDP!I89+DTRVL!I89 -> 1058457452 | J89: =DTR!J89+'Dai Loc'!J89+'Dong Lam'!J89+'Khanh Nga'!J89+TDP!J89+DTRVL!J89 -> 1211020482 | ... Z89: =DTR!Z89+'Dai Loc'!Z89+'Dong Lam'!Z89+'Khanh Nga'!Z89+TDP!Z89+DTRVL!Z89 -> 7281246280
... A131: TỔNG NGUỒN VỐN | B131: 126 | C131: =DTR!C131+'Dai Loc'!C131+'Dong Lam'!C131+'Khanh Nga'!C131+TDP!C131+DTRVL!C131 -> 1175130402352 | D131: =DTR!D131+'Dai Loc'!D131+'Dong Lam'!D131+'Khanh Nga'!D131+TDP!D131+DTRVL!D131 -> 1156870558457 | E131: =DTR!E131+'Dai Loc'!E131+'Dong Lam'!E131+'Khanh Nga'!E131+TDP!E131+DTRVL!E131 -> 1.1935024e+12 | F131: =DTR!F131+'Dai Loc'!F131+'Dong Lam'!F131+'Khanh Nga'!F131+TDP!F131+DTRVL!F131 -> 1.2545406e+12 | G131: =DTR!G131+'Dai Loc'!G131+'Dong Lam'!G131+'Khanh Nga'!G131+TDP!G131+DTRVL!G131 -> 1298938884161 | H131: =DTR!H131+'Dai Loc'!H131+'Dong Lam'!H131+'Khanh Nga'!H131+TDP!H131+DTRVL!H131 -> 1325603983311 | I131: =DTR!I131+'Dai Loc'!I131+'Dong Lam'!I131+'Khanh Nga'!I131+TDP!I131+DTRVL!I131 -> 1267478798902 | J131: =DTR!J131+'Dai Loc'!J131+'Dong Lam'!J131+'Khanh Nga'!J131+TDP!J131+DTRVL!J131 -> 1218289415966 | ... Z131: =DTR!Z131+'Dai Loc'!Z131+'Dong Lam'!Z131+'Khanh Nga'!Z131+TDP!Z131+DTRVL!Z131 -> 1399120322090
C132: =C131-C83 -> 0 | D132: =D131-D83 -> 0 | E132: =E131-E83 -> 0 | F132: =F131-F83 -> 0 | G132: =G131-G83 -> 0 | H132: =H131-H83 -> 0 | I132: =I131-I83 -> 0 | J132: =J131-J83 -> 0 | ... Z132: =Z131-Z83 -> 0
A133: PHẦN II-KẾT QUẢ HOẠT ĐỘNG KINH DOANH | B133: Index PL | C133: =C5 -> T01.2024 | D133: =D5 -> T02.2024 | E133: =E5 -> T03.2024 | F133: =F5 -> T04.2024 | G133: =G5 -> T05.2024 | H133: =H5 -> T06.2024 | I133: =I5 -> T07.2024 | J133: =J5 -> T08.2024 | ... Z133: =Z5 -> T12.2025 | AA133: T01.2026 | AB133: T02.2026 | AC133: T03.2026 | AD133: T04.2026 | AE133: T05.2026 | AF133: T06.2026 | AG133: T07.2026 | AH133: T08.2026 | AI133: T09.2026 | AJ133: T10.2026 | AK133: T11.2026 | AL133: T12.2026 | AM133: Hợp nhất 2026
A134: Sản lượng (Tấn) | B134: 1 | C134: =DTR!C134+'Dai Loc'!C134+'Dong Lam'!C134+'Khanh Nga'!C134+TDP!C134+DTRVL!C134 -> 5108.325 | D134: =DTR!D134+'Dai Loc'!D134+'Dong Lam'!D134+'Khanh Nga'!D134+TDP!D134+DTRVL!D134 -> 3038.375 | E134: =DTR!E134+'Dai Loc'!E134+'Dong Lam'!E134+'Khanh Nga'!E134+TDP!E134+DTRVL!E134 -> 4394.4 | F134: =DTR!F134+'Dai Loc'!F134+'Dong Lam'!F134+'Khanh Nga'!F134+TDP!F134+DTRVL!F134 -> 4434.75 | G134: =DTR!G134+'Dai Loc'!G134+'Dong Lam'!G134+'Khanh Nga'!G134+TDP!G134+DTRVL!G134 -> 4827.202 | H134: =DTR!H134+'Dai Loc'!H134+'Dong Lam'!H134+'Khanh Nga'!H134+TDP!H134+DTRVL!H134 -> 3532.75 | I134: =DTR!I134+'Dai Loc'!I134+'Dong Lam'!I134+'Khanh Nga'!I134+TDP!I134+DTRVL!I134 -> 2953.134 | J134: =DTR!J134+'Dai Loc'!J134+'Dong Lam'!J134+'Khanh Nga'!J134+TDP!J134+DTRVL!J134 -> 5764.9472 | ... Z134: =DTR!Z134+'Dai Loc'!Z134+'Dong Lam'!Z134+'Khanh Nga'!Z134+TDP!Z134+DTRVL!Z134 -> 4601 | AA134: =DTR!AA134 -> 4318.2229 | AB134: =DTR!AB134 -> 4253.3146 | AC134: =DTR!AC134 -> 4678.5574 | AD134: =DTR!AD134 -> 4394.2315 | AE134: =DTR!AE134 -> 4663.4364 | AF134: =DTR!AF134 -> 4691.9522 | AG134: =DTR!AG134 -> 4689.4225 | AH134: =DTR!AH134 -> 4562.8495 | ... AL134: =DTR!AL134 -> 4784.5204 | AM134: =SUM(AA134:AL134) -> 55000
A135: 1.Doanh thu bán hàng và cung cấp dịch vụ | B135: 2 | C135: =DTR!C135+'Dai Loc'!C135+'Dong Lam'!C135+'Khanh Nga'!C135+TDP!C135+DTRVL!C135 -> 130037940981 | D135: =DTR!D135+'Dai Loc'!D135+'Dong Lam'!D135+'Khanh Nga'!D135+TDP!D135+DTRVL!D135 -> 84645791256 | E135: =DTR!E135+'Dai Loc'!E135+'Dong Lam'!E135+'Khanh Nga'!E135+TDP!E135+DTRVL!E135 -> 115625416433 | F135: =DTR!F135+'Dai Loc'!F135+'Dong Lam'!F135+'Khanh Nga'!F135+TDP!F135+DTRVL!F135 -> 117647266094 | G135: =DTR!G135+'Dai Loc'!G135+'Dong Lam'!G135+'Khanh Nga'!G135+TDP!G135+DTRVL!G135 -> 128085507494 | H135: =DTR!H135+'Dai Loc'!H135+'Dong Lam'!H135+'Khanh Nga'!H135+TDP!H135+DTRVL!H135 -> 95661572209 | I135: =DTR!I135+'Dai Loc'!I135+'Dong Lam'!I135+'Khanh Nga'!I135+TDP!I135+DTRVL!I135 -> 74679662458 | J135: =DTR!J135+'Dai Loc'!J135+'Dong Lam'!J135+'Khanh Nga'!J135+TDP!J135+DTRVL!J135 -> 178936926222 | ... Z135: =DTR!Z135+'Dai Loc'!Z135+'Dong Lam'!Z135+'Khanh Nga'!Z135+TDP!Z135+DTRVL!Z135 -> 127334240251 | AA135: =AA137 -> 1.2950534e+11 | AB135: =AB137 -> 1.2797444e+11 | AC135: =AC137 -> 1.4159949e+11 | AD135: =AD137 -> 1.3178227e+11 | AE135: =AE137 -> 1.4024431e+11 | AF135: =AF137 -> 1.414093e+11 | AG135: =AG137 -> 1.4540406e+11 | AH135: =AH137 -> 1.4127636e+11 | ... AL135: =AL137 -> 1.4744201e+11 | AM135: =SUM(AA135:AL135) -> 1.6787476e+12
A136: 2.Các khoản giảm trừ doanh thu | B136: 3 | C136: =DTR!C136+'Dai Loc'!C136+'Dong Lam'!C136+'Khanh Nga'!C136+TDP!C136+DTRVL!C136 -> 0 | D136: =DTR!D136+'Dai Loc'!D136+'Dong Lam'!D136+'Khanh Nga'!D136+TDP!D136+DTRVL!D136 -> 1166125000 | E136: =DTR!E136+'Dai Loc'!E136+'Dong Lam'!E136+'Khanh Nga'!E136+TDP!E136+DTRVL!E136 -> 0 | F136: =DTR!F136+'Dai Loc'!F136+'Dong Lam'!F136+'Khanh Nga'!F136+TDP!F136+DTRVL!F136 -> 0 | G136: =DTR!G136+'Dai Loc'!G136+'Dong Lam'!G136+'Khanh Nga'!G136+TDP!G136+DTRVL!G136 -> 136455000 | H136: =DTR!H136+'Dai Loc'!H136+'Dong Lam'!H136+'Khanh Nga'!H136+TDP!H136+DTRVL!H136 -> 0 | I136: =DTR!I136+'Dai Loc'!I136+'Dong Lam'!I136+'Khanh Nga'!I136+TDP!I136+DTRVL!I136 -> 0 | J136: =DTR!J136+'Dai Loc'!J136+'Dong Lam'!J136+'Khanh Nga'!J136+TDP!J136+DTRVL!J136 -> 6345077301 | ... Z136: =DTR!Z136+'Dai Loc'!Z136+'Dong Lam'!Z136+'Khanh Nga'!Z136+TDP!Z136+DTRVL!Z136 -> -573868680 | AA136: ='Hop cong'!AA136 -> 0 | AB136: ='Hop cong'!AB136 -> 0 | AC136: ='Hop cong'!AC136 -> 0 | AD136: ='Hop cong'!AD136 -> 0 | AE136: ='Hop cong'!AE136 -> 0 | AF136: ='Hop cong'!AF136 -> 0 | AG136: ='Hop cong'!AG136 -> 0 | AH136: ='Hop cong'!AH136 -> 0 | ... AL136: ='Hop cong'!AL136 -> 0 | AM136: =SUM(AA136:AL136) -> 0
A137: 3.Doanh thu thuần về bán hàng và cung cấp dịch vụ | B137: 4 | C137: =DTR!C137+'Dai Loc'!C137+'Dong Lam'!C137+'Khanh Nga'!C137+TDP!C137+DTRVL!C137 -> 130037940981 | D137: =DTR!D137+'Dai Loc'!D137+'Dong Lam'!D137+'Khanh Nga'!D137+TDP!D137+DTRVL!D137 -> 83479666256 | E137: =DTR!E137+'Dai Loc'!E137+'Dong Lam'!E137+'Khanh Nga'!E137+TDP!E137+DTRVL!E137 -> 115625416433 | F137: =DTR!F137+'Dai Loc'!F137+'Dong Lam'!F137+'Khanh Nga'!F137+TDP!F137+DTRVL!F137 -> 117647266094 | G137: =DTR!G137+'Dai Loc'!G137+'Dong Lam'!G137+'Khanh Nga'!G137+TDP!G137+DTRVL!G137 -> 127949052494 | H137: =DTR!H137+'Dai Loc'!H137+'Dong Lam'!H137+'Khanh Nga'!H137+TDP!H137+DTRVL!H137 -> 95661572209 | I137: =DTR!I137+'Dai Loc'!I137+'Dong Lam'!I137+'Khanh Nga'!I137+TDP!I137+DTRVL!I137 -> 74679662458 | J137: =DTR!J137+'Dai Loc'!J137+'Dong Lam'!J137+'Khanh Nga'!J137+TDP!J137+DTRVL!J137 -> 172591848921 | ... Z137: =DTR!Z137+'Dai Loc'!Z137+'Dong Lam'!Z137+'Khanh Nga'!Z137+TDP!Z137+DTRVL!Z137 -> 127908108931 | AA137: ='Hop cong'!AA137-SUM(GDNB!H9:H11) -> 1.2950534e+11 | AB137: ='Hop cong'!AB137-SUM(GDNB!I9:I11) -> 1.2797444e+11 | AC137: ='Hop cong'!AC137-SUM(GDNB!J9:J11) -> 1.4159949e+11 | AD137: ='Hop cong'!AD137-SUM(GDNB!K9:K11) -> 1.3178227e+11 | AE137: ='Hop cong'!AE137-SUM(GDNB!L9:L11) -> 1.4024431e+11 | AF137: ='Hop cong'!AF137-SUM(GDNB!M9:M11) -> 1.414093e+11 | AG137: ='Hop cong'!AG137-SUM(GDNB!N9:N11) -> 1.4540406e+11 | AH137: ='Hop cong'!AH137-SUM(GDNB!O9:O11) -> 1.4127636e+11 | ... AL137: ='Hop cong'!AL137-SUM(GDNB!S9:S11) -> 1.4744201e+11 | AM137: =SUM(AA137:AL137) -> 1.6787476e+12
A138: 4.Giá vốn hàng bán | B138: 5 | C138: =DTR!C138+'Dai Loc'!C138+'Dong Lam'!C138+'Khanh Nga'!C138+TDP!C138+DTRVL!C138 -> 120065457134 | D138: =DTR!D138+'Dai Loc'!D138+'Dong Lam'!D138+'Khanh Nga'!D138+TDP!D138+DTRVL!D138 -> 83995360322 | E138: =DTR!E138+'Dai Loc'!E138+'Dong Lam'!E138+'Khanh Nga'!E138+TDP!E138+DTRVL!E138 -> 109165390822 | F138: =DTR!F138+'Dai Loc'!F138+'Dong Lam'!F138+'Khanh Nga'!F138+TDP!F138+DTRVL!F138 -> 105655387173 | G138: =DTR!G138+'Dai Loc'!G138+'Dong Lam'!G138+'Khanh Nga'!G138+TDP!G138+DTRVL!G138 -> 125507167216 | H138: =DTR!H138+'Dai Loc'!H138+'Dong Lam'!H138+'Khanh Nga'!H138+TDP!H138+DTRVL!H138 -> 98477492806 | I138: =DTR!I138+'Dai Loc'!I138+'Dong Lam'!I138+'Khanh Nga'!I138+TDP!I138+DTRVL!I138 -> 80393606783 | J138: =DTR!J138+'Dai Loc'!J138+'Dong Lam'!J138+'Khanh Nga'!J138+TDP!J138+DTRVL!J138 -> 167228552558 | ... Z138: =DTR!Z138+'Dai Loc'!Z138+'Dong Lam'!Z138+'Khanh Nga'!Z138+TDP!Z138+DTRVL!Z138 -> 90514001561 | AA138: ='Hop cong'!AA138-SUM(GDNB!H9:H11) -> 1.1123971e+11 | AB138: ='Hop cong'!AB138-SUM(GDNB!I9:I11) -> 1.1647829e+11 | AC138: ='Hop cong'!AC138-SUM(GDNB!J9:J11) -> 1.2020251e+11 | AD138: ='Hop cong'!AD138-SUM(GDNB!K9:K11) -> 1.1256952e+11 | AE138: ='Hop cong'!AE138-SUM(GDNB!L9:L11) -> 1.1880678e+11 | AF138: ='Hop cong'!AF138-SUM(GDNB!M9:M11) -> 1.2105992e+11 | AG138: ='Hop cong'!AG138-SUM(GDNB!N9:N11) -> 1.1938279e+11 | AH138: ='Hop cong'!AH138-SUM(GDNB!O9:O11) -> 1.1588108e+11 | ... AL138: ='Hop cong'!AL138-SUM(GDNB!S9:S11) -> 1.2206924e+11 | AM138: =SUM(AA138:AL138) -> 1.4141767e+12
A139: 5.Lợi nhuận gộp về bán hàng | B139: 6 | C139: =DTR!C139+'Dai Loc'!C139+'Dong Lam'!C139+'Khanh Nga'!C139+TDP!C139+DTRVL!C139 -> 9972483847 | D139: =DTR!D139+'Dai Loc'!D139+'Dong Lam'!D139+'Khanh Nga'!D139+TDP!D139+DTRVL!D139 -> -515694066 | E139: =DTR!E139+'Dai Loc'!E139+'Dong Lam'!E139+'Khanh Nga'!E139+TDP!E139+DTRVL!E139 -> 6460025611 | F139: =DTR!F139+'Dai Loc'!F139+'Dong Lam'!F139+'Khanh Nga'!F139+TDP!F139+DTRVL!F139 -> 11991878921 | G139: =DTR!G139+'Dai Loc'!G139+'Dong Lam'!G139+'Khanh Nga'!G139+TDP!G139+DTRVL!G139 -> 2441885278 | H139: =DTR!H139+'Dai Loc'!H139+'Dong Lam'!H139+'Khanh Nga'!H139+TDP!H139+DTRVL!H139 -> -2815920597 | I139: =DTR!I139+'Dai Loc'!I139+'Dong Lam'!I139+'Khanh Nga'!I139+TDP!I139+DTRVL!I139 -> -5713944325 | J139: =DTR!J139+'Dai Loc'!J139+'Dong Lam'!J139+'Khanh Nga'!J139+TDP!J139+DTRVL!J139 -> 5363296363 | ... Z139: =DTR!Z139+'Dai Loc'!Z139+'Dong Lam'!Z139+'Khanh Nga'!Z139+TDP!Z139+DTRVL!Z139 -> 37394107370 | AA139: =AA137-AA138 -> 1.8265635e+10 | AB139: =AB137-AB138 -> 1.1496149e+10 | AC139: =AC137-AC138 -> 2.1396983e+10 | AD139: =AD137-AD138 -> 1.9212745e+10 | AE139: =AE137-AE138 -> 2.1437525e+10 | AF139: =AF137-AF138 -> 2.0349382e+10 | AG139: =AG137-AG138 -> 2.6021268e+10 | AH139: =AH137-AH138 -> 2.5395279e+10 | ... AL139: =AL137-AL138 -> 2.5372778e+10 | AM139: =SUM(AA139:AL139) -> 2.6457089e+11
A140: 6.Lãi/lỗ của hoạt động bán, thanh lý bất động sản đầu tư | B140: 7 | C140: =DTR!C140+'Dai Loc'!C140+'Dong Lam'!C140+'Khanh Nga'!C140+TDP!C140+DTRVL!C140 -> 0 | D140: =DTR!D140+'Dai Loc'!D140+'Dong Lam'!D140+'Khanh Nga'!D140+TDP!D140+DTRVL!D140 -> 0 | E140: =DTR!E140+'Dai Loc'!E140+'Dong Lam'!E140+'Khanh Nga'!E140+TDP!E140+DTRVL!E140 -> 0 | F140: =DTR!F140+'Dai Loc'!F140+'Dong Lam'!F140+'Khanh Nga'!F140+TDP!F140+DTRVL!F140 -> 0 | G140: =DTR!G140+'Dai Loc'!G140+'Dong Lam'!G140+'Khanh Nga'!G140+TDP!G140+DTRVL!G140 -> 0 | H140: =DTR!H140+'Dai Loc'!H140+'Dong Lam'!H140+'Khanh Nga'!H140+TDP!H140+DTRVL!H140 -> 0 | I140: =DTR!I140+'Dai Loc'!I140+'Dong Lam'!I140+'Khanh Nga'!I140+TDP!I140+DTRVL!I140 -> 0 | J140: =DTR!J140+'Dai Loc'!J140+'Dong Lam'!J140+'Khanh Nga'!J140+TDP!J140+DTRVL!J140 -> 0 | ... Z140: =DTR!Z140+'Dai Loc'!Z140+'Dong Lam'!Z140+'Khanh Nga'!Z140+TDP!Z140+DTRVL!Z140 -> 0 | AA140: ='Hop cong'!AA140 -> 0 | AB140: ='Hop cong'!AB140 -> 0 | AC140: ='Hop cong'!AC140 -> 0 | AD140: ='Hop cong'!AD140 -> 0 | AE140: ='Hop cong'!AE140 -> 0 | AF140: ='Hop cong'!AF140 -> 0 | AG140: ='Hop cong'!AG140 -> 0 | AH140: ='Hop cong'!AH140 -> 0 | ... AL140: ='Hop cong'!AL140 -> 0 | AM140: =SUM(AA140:AL140) -> 0
A141: 7.Doanh thu hoạt động tài chính | B141: 8 | C141: =DTR!C141+'Dai Loc'!C141+'Dong Lam'!C141+'Khanh Nga'!C141+TDP!C141+DTRVL!C141 -> 712260969 | D141: =DTR!D141+'Dai Loc'!D141+'Dong Lam'!D141+'Khanh Nga'!D141+TDP!D141+DTRVL!D141 -> 1111471110 | E141: =DTR!E141+'Dai Loc'!E141+'Dong Lam'!E141+'Khanh Nga'!E141+TDP!E141+DTRVL!E141 -> 1004651784 | F141: =DTR!F141+'Dai Loc'!F141+'Dong Lam'!F141+'Khanh Nga'!F141+TDP!F141+DTRVL!F141 -> 1746021208 | G141: =DTR!G141+'Dai Loc'!G141+'Dong Lam'!G141+'Khanh Nga'!G141+TDP!G141+DTRVL!G141 -> 1032867505 | H141: =DTR!H141+'Dai Loc'!H141+'Dong Lam'!H141+'Khanh Nga'!H141+TDP!H141+DTRVL!H141 -> 591086157 | I141: =DTR!I141+'Dai Loc'!I141+'Dong Lam'!I141+'Khanh Nga'!I141+TDP!I141+DTRVL!I141 -> 376652862 | J141: =DTR!J141+'Dai Loc'!J141+'Dong Lam'!J141+'Khanh Nga'!J141+TDP!J141+DTRVL!J141 -> 1253018630 | ... Z141: =DTR!Z141+'Dai Loc'!Z141+'Dong Lam'!Z141+'Khanh Nga'!Z141+TDP!Z141+DTRVL!Z141 -> 727547755 | AA141: ='Hop cong'!AA141 -> 20005548 | AB141: ='Hop cong'!AB141 -> 20005548 | AC141: ='Hop cong'!AC141 -> 20005548 | AD141: ='Hop cong'!AD141 -> 10005548 | AE141: ='Hop cong'!AE141 -> 10005548 | AF141: ='Hop cong'!AF141 -> 10005548 | AG141: ='Hop cong'!AG141 -> 10005548 | AH141: ='Hop cong'!AH141 -> 10005548 | ... AL141: ='Hop cong'!AL141 -> 10005548 | AM141: =SUM(AA141:AL141) -> 1.5006658e+08
A142: 8.Chi phí tài chính | B142: 9 | C142: =DTR!C142+'Dai Loc'!C142+'Dong Lam'!C142+'Khanh Nga'!C142+TDP!C142+DTRVL!C142 -> 801399604 | D142: =DTR!D142+'Dai Loc'!D142+'Dong Lam'!D142+'Khanh Nga'!D142+TDP!D142+DTRVL!D142 -> 695500231 | E142: =DTR!E142+'Dai Loc'!E142+'Dong Lam'!E142+'Khanh Nga'!E142+TDP!E142+DTRVL!E142 -> 663502461 | F142: =DTR!F142+'Dai Loc'!F142+'Dong Lam'!F142+'Khanh Nga'!F142+TDP!F142+DTRVL!F142 -> 1555671370 | G142: =DTR!G142+'Dai Loc'!G142+'Dong Lam'!G142+'Khanh Nga'!G142+TDP!G142+DTRVL!G142 -> 936492932 | H142: =DTR!H142+'Dai Loc'!H142+'Dong Lam'!H142+'Khanh Nga'!H142+TDP!H142+DTRVL!H142 -> 1103852896 | I142: =DTR!I142+'Dai Loc'!I142+'Dong Lam'!I142+'Khanh Nga'!I142+TDP!I142+DTRVL!I142 -> 1608708972 | J142: =DTR!J142+'Dai Loc'!J142+'Dong Lam'!J142+'Khanh Nga'!J142+TDP!J142+DTRVL!J142 -> 1489581015 | ... Z142: =DTR!Z142+'Dai Loc'!Z142+'Dong Lam'!Z142+'Khanh Nga'!Z142+TDP!Z142+DTRVL!Z142 -> 2453854146 | AA142: ='Hop cong'!AA142 -> 1.4407292e+09 | AB142: ='Hop cong'!AB142 -> 2.3144015e+09 | AC142: ='Hop cong'!AC142 -> 2.7548451e+09 | AD142: ='Hop cong'!AD142 -> 2.658974e+09 | AE142: ='Hop cong'!AE142 -> 2.9845639e+09 | AF142: ='Hop cong'!AF142 -> 3.0837659e+09 | AG142: ='Hop cong'!AG142 -> 3.1396192e+09 | AH142: ='Hop cong'!AH142 -> 3.3215811e+09 | ... AL142: ='Hop cong'!AL142 -> 3.1023551e+09 | AM142: =SUM(AA142:AL142) -> 3.4565904e+10
A143: Trong đó: Chi phí lãi vay | B143: 10 | C143: =DTR!C143+'Dai Loc'!C143+'Dong Lam'!C143+'Khanh Nga'!C143+TDP!C143+DTRVL!C143 -> 460461775 | D143: =DTR!D143+'Dai Loc'!D143+'Dong Lam'!D143+'Khanh Nga'!D143+TDP!D143+DTRVL!D143 -> 563909516 | E143: =DTR!E143+'Dai Loc'!E143+'Dong Lam'!E143+'Khanh Nga'!E143+TDP!E143+DTRVL!E143 -> 587315920 | F143: =DTR!F143+'Dai Loc'!F143+'Dong Lam'!F143+'Khanh Nga'!F143+TDP!F143+DTRVL!F143 -> 905708142 | G143: =DTR!G143+'Dai Loc'!G143+'Dong Lam'!G143+'Khanh Nga'!G143+TDP!G143+DTRVL!G143 -> 974310029 | H143: =DTR!H143+'Dai Loc'!H143+'Dong Lam'!H143+'Khanh Nga'!H143+TDP!H143+DTRVL!H143 -> 1115056080 | I143: =DTR!I143+'Dai Loc'!I143+'Dong Lam'!I143+'Khanh Nga'!I143+TDP!I143+DTRVL!I143 -> 1160823006 | J143: =DTR!J143+'Dai Loc'!J143+'Dong Lam'!J143+'Khanh Nga'!J143+TDP!J143+DTRVL!J143 -> 939585045 | ... Z143: =DTR!Z143+'Dai Loc'!Z143+'Dong Lam'!Z143+'Khanh Nga'!Z143+TDP!Z143+DTRVL!Z143 -> 1256103396 | AA143: ='Hop cong'!AA143 -> 1.4407292e+09 | AB143: ='Hop cong'!AB143 -> 2.3144015e+09 | AC143: ='Hop cong'!AC143 -> 2.7548451e+09 | AD143: ='Hop cong'!AD143 -> 2.658974e+09 | AE143: ='Hop cong'!AE143 -> 2.9845639e+09 | AF143: ='Hop cong'!AF143 -> 3.0837659e+09 | AG143: ='Hop cong'!AG143 -> 3.1396192e+09 | AH143: ='Hop cong'!AH143 -> 3.3215811e+09 | ... AL143: ='Hop cong'!AL143 -> 3.1023551e+09 | AM143: =SUM(AA143:AL143) -> 3.4565904e+10
A144: 9.Chi phí bán hàng | B144: 11 | C144: =DTR!C144+'Dai Loc'!C144+'Dong Lam'!C144+'Khanh Nga'!C144+TDP!C144+DTRVL!C144 -> 4849994610 | D144: =DTR!D144+'Dai Loc'!D144+'Dong Lam'!D144+'Khanh Nga'!D144+TDP!D144+DTRVL!D144 -> 1560472559 | E144: =DTR!E144+'Dai Loc'!E144+'Dong Lam'!E144+'Khanh Nga'!E144+TDP!E144+DTRVL!E144 -> 4219375143 | F144: =DTR!F144+'Dai Loc'!F144+'Dong Lam'!F144+'Khanh Nga'!F144+TDP!F144+DTRVL!F144 -> 4926459549 | G144: =DTR!G144+'Dai Loc'!G144+'Dong Lam'!G144+'Khanh Nga'!G144+TDP!G144+DTRVL!G144 -> 2125110954 | H144: =DTR!H144+'Dai Loc'!H144+'Dong Lam'!H144+'Khanh Nga'!H144+TDP!H144+DTRVL!H144 -> 2824966874 | I144: =DTR!I144+'Dai Loc'!I144+'Dong Lam'!I144+'Khanh Nga'!I144+TDP!I144+DTRVL!I144 -> 2596964337 | J144: =DTR!J144+'Dai Loc'!J144+'Dong Lam'!J144+'Khanh Nga'!J144+TDP!J144+DTRVL!J144 -> 8480107205 | ... Z144: =DTR!Z144+'Dai Loc'!Z144+'Dong Lam'!Z144+'Khanh Nga'!Z144+TDP!Z144+DTRVL!Z144 -> 5263385605 | AA144: ='Hop cong'!AA144 -> 5.784176e+09 | AB144: ='Hop cong'!AB144 -> 4.5434257e+09 | AC144: ='Hop cong'!AC144 -> 5.3275199e+09 | AD144: ='Hop cong'!AD144 -> 4.7555781e+09 | AE144: ='Hop cong'!AE144 -> 6.3353078e+09 | AF144: ='Hop cong'!AF144 -> 5.6752364e+09 | AG144: ='Hop cong'!AG144 -> 5.0521706e+09 | AH144: ='Hop cong'!AH144 -> 4.9363378e+09 | ... AL144: ='Hop cong'!AL144 -> 5.5256037e+09 | AM144: =SUM(AA144:AL144) -> 6.5373478e+10
A145: 10.Chi phí quản lý doanh nghiệp | B145: 12 | C145: =DTR!C145+'Dai Loc'!C145+'Dong Lam'!C145+'Khanh Nga'!C145+TDP!C145+DTRVL!C145 -> 5698695249 | D145: =DTR!D145+'Dai Loc'!D145+'Dong Lam'!D145+'Khanh Nga'!D145+TDP!D145+DTRVL!D145 -> 5090845577 | E145: =DTR!E145+'Dai Loc'!E145+'Dong Lam'!E145+'Khanh Nga'!E145+TDP!E145+DTRVL!E145 -> 5285019459 | F145: =DTR!F145+'Dai Loc'!F145+'Dong Lam'!F145+'Khanh Nga'!F145+TDP!F145+DTRVL!F145 -> 5584474639 | G145: =DTR!G145+'Dai Loc'!G145+'Dong Lam'!G145+'Khanh Nga'!G145+TDP!G145+DTRVL!G145 -> 6069340865 | H145: =DTR!H145+'Dai Loc'!H145+'Dong Lam'!H145+'Khanh Nga'!H145+TDP!H145+DTRVL!H145 -> 5881960019 | I145: =DTR!I145+'Dai Loc'!I145+'Dong Lam'!I145+'Khanh Nga'!I145+TDP!I145+DTRVL!I145 -> 5698093117 | J145: =DTR!J145+'Dai Loc'!J145+'Dong Lam'!J145+'Khanh Nga'!J145+TDP!J145+DTRVL!J145 -> 6840474838 | ... Z145: =DTR!Z145+'Dai Loc'!Z145+'Dong Lam'!Z145+'Khanh Nga'!Z145+TDP!Z145+DTRVL!Z145 -> 12679478668 | AA145: ='Hop cong'!AA145 -> 1.0459232e+10 | AB145: ='Hop cong'!AB145 -> 8.9730053e+09 | AC145: ='Hop cong'!AC145 -> 8.8980594e+09 | AD145: ='Hop cong'!AD145 -> 9.0116877e+09 | AE145: ='Hop cong'!AE145 -> 9.146479e+09 | AF145: ='Hop cong'!AF145 -> 9.5953639e+09 | AG145: ='Hop cong'!AG145 -> 1.0022639e+10 | AH145: ='Hop cong'!AH145 -> 1.0529773e+10 | ... AL145: ='Hop cong'!AL145 -> 1.1454543e+10 | AM145: =SUM(AA145:AL145) -> 1.1597396e+11
A146: 11.Lợi nhuận thuần từ hoạt động kinh doanh | B146: 13 | C146: =DTR!C146+'Dai Loc'!C146+'Dong Lam'!C146+'Khanh Nga'!C146+TDP!C146+DTRVL!C146 -> -665344647 | D146: =DTR!D146+'Dai Loc'!D146+'Dong Lam'!D146+'Khanh Nga'!D146+TDP!D146+DTRVL!D146 -> -6751041323 | E146: =DTR!E146+'Dai Loc'!E146+'Dong Lam'!E146+'Khanh Nga'!E146+TDP!E146+DTRVL!E146 -> -2703219668 | F146: =DTR!F146+'Dai Loc'!F146+'Dong Lam'!F146+'Khanh Nga'!F146+TDP!F146+DTRVL!F146 -> 1671294571 | G146: =DTR!G146+'Dai Loc'!G146+'Dong Lam'!G146+'Khanh Nga'!G146+TDP!G146+DTRVL!G146 -> -5656191968 | H146: =DTR!H146+'Dai Loc'!H146+'Dong Lam'!H146+'Khanh Nga'!H146+TDP!H146+DTRVL!H146 -> -12035614229 | I146: =DTR!I146+'Dai Loc'!I146+'Dong Lam'!I146+'Khanh Nga'!I146+TDP!I146+DTRVL!I146 -> -15241057889 | J146: =DTR!J146+'Dai Loc'!J146+'Dong Lam'!J146+'Khanh Nga'!J146+TDP!J146+DTRVL!J146 -> -10193223065 | ... Z146: =DTR!Z146+'Dai Loc'!Z146+'Dong Lam'!Z146+'Khanh Nga'!Z146+TDP!Z146+DTRVL!Z146 -> 17724936706 | AA146: =AA139+AA140+AA141-AA142-AA144-AA145 -> 6.0150279e+08 | AB146: =AB139+AB140+AB141-AB142-AB144-AB145 -> -4.3146779e+09 | AC146: =AC139+AC140+AC141-AC142-AC144-AC145 -> 4.436564e+09 | AD146: =AD139+AD140+AD141-AD142-AD144-AD145 -> 2.7965103e+09 | AE146: =AE139+AE140+AE141-AE142-AE144-AE145 -> 2.9811799e+09 | AF146: =AF139+AF140+AF141-AF142-AF144-AF145 -> 2.0050215e+09 | AG146: =AG139+AG140+AG141-AG142-AG144-AG145 -> 7.8168443e+09 | AH146: =AH139+AH140+AH141-AH142-AH144-AH145 -> 6.6175935e+09 | ... AL146: =AL139+AL140+AL141-AL142-AL144-AL145 -> 5.3002822e+09 | AM146: =SUM(AA146:AL146) -> 4.8807608e+10
A147: 12.Thu nhập khác | B147: 14 | C147: =DTR!C147+'Dai Loc'!C147+'Dong Lam'!C147+'Khanh Nga'!C147+TDP!C147+DTRVL!C147 -> 1945 | D147: =DTR!D147+'Dai Loc'!D147+'Dong Lam'!D147+'Khanh Nga'!D147+TDP!D147+DTRVL!D147 -> 1109349 | E147: =DTR!E147+'Dai Loc'!E147+'Dong Lam'!E147+'Khanh Nga'!E147+TDP!E147+DTRVL!E147 -> 0 | F147: =DTR!F147+'Dai Loc'!F147+'Dong Lam'!F147+'Khanh Nga'!F147+TDP!F147+DTRVL!F147 -> 81700000 | G147: =DTR!G147+'Dai Loc'!G147+'Dong Lam'!G147+'Khanh Nga'!G147+TDP!G147+DTRVL!G147 -> 4696127 | H147: =DTR!H147+'Dai Loc'!H147+'Dong Lam'!H147+'Khanh Nga'!H147+TDP!H147+DTRVL!H147 -> 64937878 | I147: =DTR!I147+'Dai Loc'!I147+'Dong Lam'!I147+'Khanh Nga'!I147+TDP!I147+DTRVL!I147 -> 54384750 | J147: =DTR!J147+'Dai Loc'!J147+'Dong Lam'!J147+'Khanh Nga'!J147+TDP!J147+DTRVL!J147 -> 184242778 | ... Z147: =DTR!Z147+'Dai Loc'!Z147+'Dong Lam'!Z147+'Khanh Nga'!Z147+TDP!Z147+DTRVL!Z147 -> 173856112 | AA147: ='Hop cong'!AA147 -> 0 | AB147: ='Hop cong'!AB147 -> 0 | AC147: ='Hop cong'!AC147 -> 0 | AD147: ='Hop cong'!AD147 -> 0 | AE147: ='Hop cong'!AE147 -> 0 | AF147: ='Hop cong'!AF147 -> 0 | AG147: ='Hop cong'!AG147 -> 0 | AH147: ='Hop cong'!AH147 -> 0 | ... AL147: ='Hop cong'!AL147 -> 0 | AM147: =SUM(AA147:AL147) -> 0
A148: 13.Chi phí khác | B148: 15 | C148: =DTR!C148+'Dai Loc'!C148+'Dong Lam'!C148+'Khanh Nga'!C148+TDP!C148+DTRVL!C148 -> 54643068 | D148: =DTR!D148+'Dai Loc'!D148+'Dong Lam'!D148+'Khanh Nga'!D148+TDP!D148+DTRVL!D148 -> 9000870 | E148: =DTR!E148+'Dai Loc'!E148+'Dong Lam'!E148+'Khanh Nga'!E148+TDP!E148+DTRVL!E148 -> 40101620 | F148: =DTR!F148+'Dai Loc'!F148+'Dong Lam'!F148+'Khanh Nga'!F148+TDP!F148+DTRVL!F148 -> 84654154 | G148: =DTR!G148+'Dai Loc'!G148+'Dong Lam'!G148+'Khanh Nga'!G148+TDP!G148+DTRVL!G148 -> 40312330 | H148: =DTR!H148+'Dai Loc'!H148+'Dong Lam'!H148+'Khanh Nga'!H148+TDP!H148+DTRVL!H148 -> 171972294 | I148: =DTR!I148+'Dai Loc'!I148+'Dong Lam'!I148+'Khanh Nga'!I148+TDP!I148+DTRVL!I148 -> 7603195 | J148: =DTR!J148+'Dai Loc'!J148+'Dong Lam'!J148+'Khanh Nga'!J148+TDP!J148+DTRVL!J148 -> 4413241 | ... Z148: =DTR!Z148+'Dai Loc'!Z148+'Dong Lam'!Z148+'Khanh Nga'!Z148+TDP!Z148+DTRVL!Z148 -> 1609092429 | AA148: ='Hop cong'!AA148 -> 4.33625e+08 | AB148: ='Hop cong'!AB148 -> 4.33625e+08 | AC148: ='Hop cong'!AC148 -> 4.33625e+08 | AD148: ='Hop cong'!AD148 -> 4.33625e+08 | AE148: ='Hop cong'!AE148 -> 4.33625e+08 | AF148: ='Hop cong'!AF148 -> 4.33625e+08 | AG148: ='Hop cong'!AG148 -> 4.33625e+08 | AH148: ='Hop cong'!AH148 -> 4.33625e+08 | ... AL148: ='Hop cong'!AL148 -> 4.33625e+08 | AM148: =SUM(AA148:AL148) -> 5.2035e+09
A149: 14.Lợi nhuận khác | B149: 16 | C149: =DTR!C149+'Dai Loc'!C149+'Dong Lam'!C149+'Khanh Nga'!C149+TDP!C149+DTRVL!C149 -> -54641123 | D149: =DTR!D149+'Dai Loc'!D149+'Dong Lam'!D149+'Khanh Nga'!D149+TDP!D149+DTRVL!D149 -> -7891521 | E149: =DTR!E149+'Dai Loc'!E149+'Dong Lam'!E149+'Khanh Nga'!E149+TDP!E149+DTRVL!E149 -> -40101620 | F149: =DTR!F149+'Dai Loc'!F149+'Dong Lam'!F149+'Khanh Nga'!F149+TDP!F149+DTRVL!F149 -> -2954154 | G149: =DTR!G149+'Dai Loc'!G149+'Dong Lam'!G149+'Khanh Nga'!G149+TDP!G149+DTRVL!G149 -> -35616203 | H149: =DTR!H149+'Dai Loc'!H149+'Dong Lam'!H149+'Khanh Nga'!H149+TDP!H149+DTRVL!H149 -> -107034416 | I149: =DTR!I149+'Dai Loc'!I149+'Dong Lam'!I149+'Khanh Nga'!I149+TDP!I149+DTRVL!I149 -> 46781555 | J149: =DTR!J149+'Dai Loc'!J149+'Dong Lam'!J149+'Khanh Nga'!J149+TDP!J149+DTRVL!J149 -> 179829537 | ... Z149: =DTR!Z149+'Dai Loc'!Z149+'Dong Lam'!Z149+'Khanh Nga'!Z149+TDP!Z149+DTRVL!Z149 -> -1435236317 | AA149: =AA147-AA148 -> -4.33625e+08 | AB149: =AB147-AB148 -> -4.33625e+08 | AC149: =AC147-AC148 -> -4.33625e+08 | AD149: =AD147-AD148 -> -4.33625e+08 | AE149: =AE147-AE148 -> -4.33625e+08 | AF149: =AF147-AF148 -> -4.33625e+08 | AG149: =AG147-AG148 -> -4.33625e+08 | AH149: =AH147-AH148 -> -4.33625e+08 | ... AL149: =AL147-AL148 -> -4.33625e+08 | AM149: =SUM(AA149:AL149) -> -5.2035e+09
A150: 15.Tổng lợi nhuận kế toán trước thuế | B150: 17 | C150: =DTR!C150+'Dai Loc'!C150+'Dong Lam'!C150+'Khanh Nga'!C150+TDP!C150+DTRVL!C150 -> -719985770 | D150: =DTR!D150+'Dai Loc'!D150+'Dong Lam'!D150+'Khanh Nga'!D150+TDP!D150+DTRVL!D150 -> -6758932844 | E150: =DTR!E150+'Dai Loc'!E150+'Dong Lam'!E150+'Khanh Nga'!E150+TDP!E150+DTRVL!E150 -> -2743321288 | F150: =DTR!F150+'Dai Loc'!F150+'Dong Lam'!F150+'Khanh Nga'!F150+TDP!F150+DTRVL!F150 -> 1668340417 | G150: =DTR!G150+'Dai Loc'!G150+'Dong Lam'!G150+'Khanh Nga'!G150+TDP!G150+DTRVL!G150 -> -5691808171 | H150: =DTR!H150+'Dai Loc'!H150+'Dong Lam'!H150+'Khanh Nga'!H150+TDP!H150+DTRVL!H150 -> -12142648645 | I150: =DTR!I150+'Dai Loc'!I150+'Dong Lam'!I150+'Khanh Nga'!I150+TDP!I150+DTRVL!I150 -> -15194276334 | J150: =DTR!J150+'Dai Loc'!J150+'Dong Lam'!J150+'Khanh Nga'!J150+TDP!J150+DTRVL!J150 -> -10014018528 | ... Z150: =DTR!Z150+'Dai Loc'!Z150+'Dong Lam'!Z150+'Khanh Nga'!Z150+TDP!Z150+DTRVL!Z150 -> 16289700389 | AA150: =AA146+AA149 -> 1.6787779e+08 | AB150: =AB146+AB149 -> -4.7483029e+09 | AC150: =AC146+AC149 -> 4.002939e+09 | AD150: =AD146+AD149 -> 2.3628853e+09 | AE150: =AE146+AE149 -> 2.5475549e+09 | AF150: =AF146+AF149 -> 1.5713965e+09 | AG150: =AG146+AG149 -> 7.3832193e+09 | AH150: =AH146+AH149 -> 6.1839685e+09 | ... AL150: =AL146+AL149 -> 4.8666572e+09 | AM150: =SUM(AA150:AL150) -> 4.3604108e+10
A151: 16.Chi phí thuế TNDN hiện hành | B151: 18 | C151: =DTR!C151+'Dai Loc'!C151+'Dong Lam'!C151+'Khanh Nga'!C151+TDP!C151+DTRVL!C151 -> 0 | D151: =DTR!D151+'Dai Loc'!D151+'Dong Lam'!D151+'Khanh Nga'!D151+TDP!D151+DTRVL!D151 -> 0 | E151: =DTR!E151+'Dai Loc'!E151+'Dong Lam'!E151+'Khanh Nga'!E151+TDP!E151+DTRVL!E151 -> 0 | F151: =DTR!F151+'Dai Loc'!F151+'Dong Lam'!F151+'Khanh Nga'!F151+TDP!F151+DTRVL!F151 -> 0 | G151: =DTR!G151+'Dai Loc'!G151+'Dong Lam'!G151+'Khanh Nga'!G151+TDP!G151+DTRVL!G151 -> 0 | H151: =DTR!H151+'Dai Loc'!H151+'Dong Lam'!H151+'Khanh Nga'!H151+TDP!H151+DTRVL!H151 -> 0 | I151: =DTR!I151+'Dai Loc'!I151+'Dong Lam'!I151+'Khanh Nga'!I151+TDP!I151+DTRVL!I151 -> 0 | J151: =DTR!J151+'Dai Loc'!J151+'Dong Lam'!J151+'Khanh Nga'!J151+TDP!J151+DTRVL!J151 -> 32927331 | ... Z151: =DTR!Z151+'Dai Loc'!Z151+'Dong Lam'!Z151+'Khanh Nga'!Z151+TDP!Z151+DTRVL!Z151 -> 2388437945 | AA151: ='Hop cong'!AA151 -> 3.8027387e+08 | AB151: ='Hop cong'!AB151 -> 0 | AC151: ='Hop cong'!AC151 -> 9.3461904e+08 | AD151: ='Hop cong'!AD151 -> 7.4694693e+08 | AE151: ='Hop cong'!AE151 -> 7.8257297e+08 | AF151: ='Hop cong'!AF151 -> 7.0794316e+08 | AG151: ='Hop cong'!AG151 -> 1.8375756e+09 | AH151: ='Hop cong'!AH151 -> 1.680502e+09 | ... AL151: ='Hop cong'!AL151 -> 1.3228623e+09 | AM151: =SUM(AA151:AL151) -> 1.3367693e+10
A152: 17.Chi phí thuế TNDN hoãn lại | B152: 19 | C152: =DTR!C152+'Dai Loc'!C152+'Dong Lam'!C152+'Khanh Nga'!C152+TDP!C152+DTRVL!C152 -> 0 | D152: =DTR!D152+'Dai Loc'!D152+'Dong Lam'!D152+'Khanh Nga'!D152+TDP!D152+DTRVL!D152 -> 0 | E152: =DTR!E152+'Dai Loc'!E152+'Dong Lam'!E152+'Khanh Nga'!E152+TDP!E152+DTRVL!E152 -> 0 | F152: =DTR!F152+'Dai Loc'!F152+'Dong Lam'!F152+'Khanh Nga'!F152+TDP!F152+DTRVL!F152 -> 0 | G152: =DTR!G152+'Dai Loc'!G152+'Dong Lam'!G152+'Khanh Nga'!G152+TDP!G152+DTRVL!G152 -> 0 | H152: =DTR!H152+'Dai Loc'!H152+'Dong Lam'!H152+'Khanh Nga'!H152+TDP!H152+DTRVL!H152 -> 0 | I152: =DTR!I152+'Dai Loc'!I152+'Dong Lam'!I152+'Khanh Nga'!I152+TDP!I152+DTRVL!I152 -> 0 | J152: =DTR!J152+'Dai Loc'!J152+'Dong Lam'!J152+'Khanh Nga'!J152+TDP!J152+DTRVL!J152 -> 0 | ... Z152: =DTR!Z152+'Dai Loc'!Z152+'Dong Lam'!Z152+'Khanh Nga'!Z152+TDP!Z152+DTRVL!Z152 -> 0 | AA152: ='Hop cong'!AA152 -> 0 | AB152: ='Hop cong'!AB152 -> 0 | AC152: ='Hop cong'!AC152 -> 0 | AD152: ='Hop cong'!AD152 -> 0 | AE152: ='Hop cong'!AE152 -> 0 | AF152: ='Hop cong'!AF152 -> 0 | AG152: ='Hop cong'!AG152 -> 0 | AH152: ='Hop cong'!AH152 -> 0 | ... AL152: ='Hop cong'!AL152 -> 0 | AM152: =SUM(AA152:AL152) -> 0
A153: 18.Lợi nhuận sau thuế thu nhập doanh nghiệp | B153: 20 | C153: =DTR!C153+'Dai Loc'!C153+'Dong Lam'!C153+'Khanh Nga'!C153+TDP!C153+DTRVL!C153 -> -719985770 | D153: =DTR!D153+'Dai Loc'!D153+'Dong Lam'!D153+'Khanh Nga'!D153+TDP!D153+DTRVL!D153 -> -6758932844 | E153: =DTR!E153+'Dai Loc'!E153+'Dong Lam'!E153+'Khanh Nga'!E153+TDP!E153+DTRVL!E153 -> -2743321288 | F153: =DTR!F153+'Dai Loc'!F153+'Dong Lam'!F153+'Khanh Nga'!F153+TDP!F153+DTRVL!F153 -> 1668340417 | G153: =DTR!G153+'Dai Loc'!G153+'Dong Lam'!G153+'Khanh Nga'!G153+TDP!G153+DTRVL!G153 -> -5691808171 | H153: =DTR!H153+'Dai Loc'!H153+'Dong Lam'!H153+'Khanh Nga'!H153+TDP!H153+DTRVL!H153 -> -12142648645 | I153: =DTR!I153+'Dai Loc'!I153+'Dong Lam'!I153+'Khanh Nga'!I153+TDP!I153+DTRVL!I153 -> -15194276334 | J153: =DTR!J153+'Dai Loc'!J153+'Dong Lam'!J153+'Khanh Nga'!J153+TDP!J153+DTRVL!J153 -> -10046945859 | ... Z153: =DTR!Z153+'Dai Loc'!Z153+'Dong Lam'!Z153+'Khanh Nga'!Z153+TDP!Z153+DTRVL!Z153 -> 13901262444 | AA153: =AA150-AA151 -> -2.1239609e+08 | AB153: =AB150-AB151 -> -4.7483029e+09 | AC153: =AC150-AC151 -> 3.06832e+09 | AD153: =AD150-AD151 -> 1.6159383e+09 | AE153: =AE150-AE151 -> 1.7649819e+09 | AF153: =AF150-AF151 -> 8.6345332e+08 | AG153: =AG150-AG151 -> 5.5456437e+09 | AH153: =AH150-AH151 -> 4.5034665e+09 | ... AL153: =AL150-AL151 -> 3.5437949e+09 | AM153: =SUM(AA153:AL153) -> 3.0236415e+10
Z154: Check: | AA154: =DTR!AA153+'Dai Loc'!AA153+'Dong Lam'!AA153+'Khanh Nga'!AA153+TDP!AA153+DTRVL!AA153-AA153 -> -6.4373016e-06 | AB154: =DTR!AB153+'Dai Loc'!AB153+'Dong Lam'!AB153+'Khanh Nga'!AB153+TDP!AB153+DTRVL!AB153-AB153 -> 0 | AC154: =DTR!AC153+'Dai Loc'!AC153+'Dong Lam'!AC153+'Khanh Nga'!AC153+TDP!AC153+DTRVL!AC153-AC153 -> 1.5735626e-05 | AD154: =DTR!AD153+'Dai Loc'!AD153+'Dong Lam'!AD153+'Khanh Nga'!AD153+TDP!AD153+DTRVL!AD153-AD153 -> -1.5258789e-05 | AE154: =DTR!AE153+'Dai Loc'!AE153+'Dong Lam'!AE153+'Khanh Nga'!AE153+TDP!AE153+DTRVL!AE153-AE153 -> 0 | AF154: =DTR!AF153+'Dai Loc'!AF153+'Dong Lam'!AF153+'Khanh Nga'!AF153+TDP!AF153+DTRVL!AF153-AF153 -> 7.2717667e-06 | AG154: =DTR!AG153+'Dai Loc'!AG153+'Dong Lam'!AG153+'Khanh Nga'!AG153+TDP!AG153+DTRVL!AG153-AG153 -> 0 | AH154: =DTR!AH153+'Dai Loc'!AH153+'Dong Lam'!AH153+'Khanh Nga'!AH153+TDP!AH153+DTRVL!AH153-AH153 -> 2.0027161e-05 | ... AM154: =DTR!AM153+'Dai Loc'!AM153+'Dong Lam'!AM153+'Khanh Nga'!AM153+TDP!AM153+DTRVL!AM153-AM153 -> 0
A155: PHẦN III- LƯU CHUYỂN TIỀN TỆ | B155: Index CF | C155: =C5 -> T01.2024 | D155: =D5 -> T02.2024 | E155: =E5 -> T03.2024 | F155: =F5 -> T04.2024 | G155: =G5 -> T05.2024 | H155: =H5 -> T06.2024 | I155: =I5 -> T07.2024 | J155: =J5 -> T08.2024 | ... Z155: =Z5 -> T12.2025
A156: I. Lưu chuyển tiền từ hoạt động kinh doanh | B156: 1
A157: Lợi nhuận trước thuế | B157: 2 | C157: =C150 -> -719985770 | D157: =D150 -> -6758932844 | E157: =E150 -> -2743321288 | F157: =F150 -> 1668340417 | G157: =G150 -> -5691808171 | H157: =H150 -> -12142648645 | I157: =I150 -> -15194276334 | J157: =J150 -> -10014018528 | ... Z157: =Z150 -> 16289700389
A158: Điều chỉnh cho các khoản: | B158: 3
A159: Khấu hao tài sản cố định và BĐSĐT | B159: 4 | C159: =DTR!C159+'Dai Loc'!C159+'Dong Lam'!C159+'Khanh Nga'!C159+TDP!C159+DTRVL!C159 -> 3935422859 | D159: =DTR!D159+'Dai Loc'!D159+'Dong Lam'!D159+'Khanh Nga'!D159+TDP!D159+DTRVL!D159 -> 3945256529 | E159: =DTR!E159+'Dai Loc'!E159+'Dong Lam'!E159+'Khanh Nga'!E159+TDP!E159+DTRVL!E159 -> 3941710034 | F159: =DTR!F159+'Dai Loc'!F159+'Dong Lam'!F159+'Khanh Nga'!F159+TDP!F159+DTRVL!F159 -> 4176778135 | G159: =DTR!G159+'Dai Loc'!G159+'Dong Lam'!G159+'Khanh Nga'!G159+TDP!G159+DTRVL!G159 -> 4265236429 | H159: =DTR!H159+'Dai Loc'!H159+'Dong Lam'!H159+'Khanh Nga'!H159+TDP!H159+DTRVL!H159 -> 4239641424 | I159: =DTR!I159+'Dai Loc'!I159+'Dong Lam'!I159+'Khanh Nga'!I159+TDP!I159+DTRVL!I159 -> 4278667037 | J159: =DTR!J159+'Dai Loc'!J159+'Dong Lam'!J159+'Khanh Nga'!J159+TDP!J159+DTRVL!J159 -> 4312396443 | ... Z159: =DTR!Z159+'Dai Loc'!Z159+'Dong Lam'!Z159+'Khanh Nga'!Z159+TDP!Z159+DTRVL!Z159 -> 5597408199
A160: Các khoản dự phòng | B160: 5 | C160: =DTR!C160+'Dai Loc'!C160+'Dong Lam'!C160+'Khanh Nga'!C160+TDP!C160+DTRVL!C160 -> 0 | D160: =DTR!D160+'Dai Loc'!D160+'Dong Lam'!D160+'Khanh Nga'!D160+TDP!D160+DTRVL!D160 -> 0 | E160: =DTR!E160+'Dai Loc'!E160+'Dong Lam'!E160+'Khanh Nga'!E160+TDP!E160+DTRVL!E160 -> 0 | F160: =DTR!F160+'Dai Loc'!F160+'Dong Lam'!F160+'Khanh Nga'!F160+TDP!F160+DTRVL!F160 -> 0 | G160: =DTR!G160+'Dai Loc'!G160+'Dong Lam'!G160+'Khanh Nga'!G160+TDP!G160+DTRVL!G160 -> 0 | H160: =DTR!H160+'Dai Loc'!H160+'Dong Lam'!H160+'Khanh Nga'!H160+TDP!H160+DTRVL!H160 -> 0 | I160: =DTR!I160+'Dai Loc'!I160+'Dong Lam'!I160+'Khanh Nga'!I160+TDP!I160+DTRVL!I160 -> 0 | J160: =DTR!J160+'Dai Loc'!J160+'Dong Lam'!J160+'Khanh Nga'!J160+TDP!J160+DTRVL!J160 -> 0 | ... Z160: =DTR!Z160+'Dai Loc'!Z160+'Dong Lam'!Z160+'Khanh Nga'!Z160+TDP!Z160+DTRVL!Z160 -> 0
A161: Lãi, lỗ chênh lệch tỷ giá do đánh giá lại các khoản mục tiền tệ có gốc ngoại tệ | B161: 6 | C161: =DTR!C161+'Dai Loc'!C161+'Dong Lam'!C161+'Khanh Nga'!C161+TDP!C161+DTRVL!C161 -> -55279705 | D161: =DTR!D161+'Dai Loc'!D161+'Dong Lam'!D161+'Khanh Nga'!D161+TDP!D161+DTRVL!D161 -> -427077314 | E161: =DTR!E161+'Dai Loc'!E161+'Dong Lam'!E161+'Khanh Nga'!E161+TDP!E161+DTRVL!E161 -> -320017067 | F161: =DTR!F161+'Dai Loc'!F161+'Dong Lam'!F161+'Khanh Nga'!F161+TDP!F161+DTRVL!F161 -> -242395730 | G161: =DTR!G161+'Dai Loc'!G161+'Dong Lam'!G161+'Khanh Nga'!G161+TDP!G161+DTRVL!G161 -> -818581781 | H161: =DTR!H161+'Dai Loc'!H161+'Dong Lam'!H161+'Khanh Nga'!H161+TDP!H161+DTRVL!H161 -> -185223798 | I161: =DTR!I161+'Dai Loc'!I161+'Dong Lam'!I161+'Khanh Nga'!I161+TDP!I161+DTRVL!I161 -> -180874896 | J161: =DTR!J161+'Dai Loc'!J161+'Dong Lam'!J161+'Khanh Nga'!J161+TDP!J161+DTRVL!J161 -> -263960563 | ... Z161: =DTR!Z161+'Dai Loc'!Z161+'Dong Lam'!Z161+'Khanh Nga'!Z161+TDP!Z161+DTRVL!Z161 -> -252471998
A162: Lãi, lỗ từ hoạt động đầu tư, tài chính | B162: 7 | C162: =DTR!C162+'Dai Loc'!C162+'Dong Lam'!C162+'Khanh Nga'!C162+TDP!C162+DTRVL!C162 -> -9368981 | D162: =DTR!D162+'Dai Loc'!D162+'Dong Lam'!D162+'Khanh Nga'!D162+TDP!D162+DTRVL!D162 -> -10886349 | E162: =DTR!E162+'Dai Loc'!E162+'Dong Lam'!E162+'Khanh Nga'!E162+TDP!E162+DTRVL!E162 -> -181577162 | F162: =DTR!F162+'Dai Loc'!F162+'Dong Lam'!F162+'Khanh Nga'!F162+TDP!F162+DTRVL!F162 -> -11461163 | G162: =DTR!G162+'Dai Loc'!G162+'Dong Lam'!G162+'Khanh Nga'!G162+TDP!G162+DTRVL!G162 -> -11369270 | H162: =DTR!H162+'Dai Loc'!H162+'Dong Lam'!H162+'Khanh Nga'!H162+TDP!H162+DTRVL!H162 -> -12784224 | I162: =DTR!I162+'Dai Loc'!I162+'Dong Lam'!I162+'Khanh Nga'!I162+TDP!I162+DTRVL!I162 -> -33383947 | J162: =DTR!J162+'Dai Loc'!J162+'Dong Lam'!J162+'Khanh Nga'!J162+TDP!J162+DTRVL!J162 -> -11556024 | ... Z162: =DTR!Z162+'Dai Loc'!Z162+'Dong Lam'!Z162+'Khanh Nga'!Z162+TDP!Z162+DTRVL!Z162 -> -384526151
A163: Chi phí đi vay | B163: 8 | C163: =DTR!C163+'Dai Loc'!C163+'Dong Lam'!C163+'Khanh Nga'!C163+TDP!C163+DTRVL!C163 -> 422755791 | D163: =DTR!D163+'Dai Loc'!D163+'Dong Lam'!D163+'Khanh Nga'!D163+TDP!D163+DTRVL!D163 -> 563909516 | E163: =DTR!E163+'Dai Loc'!E163+'Dong Lam'!E163+'Khanh Nga'!E163+TDP!E163+DTRVL!E163 -> 567924561 | F163: =DTR!F163+'Dai Loc'!F163+'Dong Lam'!F163+'Khanh Nga'!F163+TDP!F163+DTRVL!F163 -> 840791009 | G163: =DTR!G163+'Dai Loc'!G163+'Dong Lam'!G163+'Khanh Nga'!G163+TDP!G163+DTRVL!G163 -> 961855770 | H163: =DTR!H163+'Dai Loc'!H163+'Dong Lam'!H163+'Khanh Nga'!H163+TDP!H163+DTRVL!H163 -> 1030712173 | I163: =DTR!I163+'Dai Loc'!I163+'Dong Lam'!I163+'Khanh Nga'!I163+TDP!I163+DTRVL!I163 -> 1160823006 | J163: =DTR!J163+'Dai Loc'!J163+'Dong Lam'!J163+'Khanh Nga'!J163+TDP!J163+DTRVL!J163 -> 939585045 | ... Z163: =DTR!Z163+'Dai Loc'!Z163+'Dong Lam'!Z163+'Khanh Nga'!Z163+TDP!Z163+DTRVL!Z163 -> 1256103396
A164: Các khoản điều chỉnh khác | B164: 9 | C164: =DTR!C164+'Dai Loc'!C164+'Dong Lam'!C164+'Khanh Nga'!C164+TDP!C164+DTRVL!C164 -> -25035000 | D164: =DTR!D164+'Dai Loc'!D164+'Dong Lam'!D164+'Khanh Nga'!D164+TDP!D164+DTRVL!D164 -> -4500869 | E164: =DTR!E164+'Dai Loc'!E164+'Dong Lam'!E164+'Khanh Nga'!E164+TDP!E164+DTRVL!E164 -> -15342970 | F164: =DTR!F164+'Dai Loc'!F164+'Dong Lam'!F164+'Khanh Nga'!F164+TDP!F164+DTRVL!F164 -> -1400000 | G164: =DTR!G164+'Dai Loc'!G164+'Dong Lam'!G164+'Khanh Nga'!G164+TDP!G164+DTRVL!G164 -> 583594 | H164: =DTR!H164+'Dai Loc'!H164+'Dong Lam'!H164+'Khanh Nga'!H164+TDP!H164+DTRVL!H164 -> 2638761 | I164: =DTR!I164+'Dai Loc'!I164+'Dong Lam'!I164+'Khanh Nga'!I164+TDP!I164+DTRVL!I164 -> -1603193 | J164: =DTR!J164+'Dai Loc'!J164+'Dong Lam'!J164+'Khanh Nga'!J164+TDP!J164+DTRVL!J164 -> 2915785 | ... Z164: =DTR!Z164+'Dai Loc'!Z164+'Dong Lam'!Z164+'Khanh Nga'!Z164+TDP!Z164+DTRVL!Z164 -> 35991776
A165: Lợi nhuận từ hoạt động kinh doanh trước thay đổi vốn lưu động | B165: 10 | C165: =DTR!C165+'Dai Loc'!C165+'Dong Lam'!C165+'Khanh Nga'!C165+TDP!C165+DTRVL!C165 -> 892891401 | D165: =DTR!D165+'Dai Loc'!D165+'Dong Lam'!D165+'Khanh Nga'!D165+TDP!D165+DTRVL!D165 -> -2692231331 | E165: =DTR!E165+'Dai Loc'!E165+'Dong Lam'!E165+'Khanh Nga'!E165+TDP!E165+DTRVL!E165 -> 1249376108 | F165: =DTR!F165+'Dai Loc'!F165+'Dong Lam'!F165+'Khanh Nga'!F165+TDP!F165+DTRVL!F165 -> 6430652668 | G165: =DTR!G165+'Dai Loc'!G165+'Dong Lam'!G165+'Khanh Nga'!G165+TDP!G165+DTRVL!G165 -> -1294083429 | H165: =DTR!H165+'Dai Loc'!H165+'Dong Lam'!H165+'Khanh Nga'!H165+TDP!H165+DTRVL!H165 -> -7067664309 | I165: =DTR!I165+'Dai Loc'!I165+'Dong Lam'!I165+'Khanh Nga'!I165+TDP!I165+DTRVL!I165 -> -9970648327 | J165: =DTR!J165+'Dai Loc'!J165+'Dong Lam'!J165+'Khanh Nga'!J165+TDP!J165+DTRVL!J165 -> -5034637842 | ... Z165: =DTR!Z165+'Dai Loc'!Z165+'Dong Lam'!Z165+'Khanh Nga'!Z165+TDP!Z165+DTRVL!Z165 -> 22542205611
A166: Tăng / giảm các khoản phải thu | B166: 11 | C166: =DTR!C166+'Dai Loc'!C166+'Dong Lam'!C166+'Khanh Nga'!C166+TDP!C166+DTRVL!C166 -> -1.2246234e+10 | D166: =DTR!D166+'Dai Loc'!D166+'Dong Lam'!D166+'Khanh Nga'!D166+TDP!D166+DTRVL!D166 -> 10826066152 | E166: =DTR!E166+'Dai Loc'!E166+'Dong Lam'!E166+'Khanh Nga'!E166+TDP!E166+DTRVL!E166 -> -1.5227378e+10 | F166: =DTR!F166+'Dai Loc'!F166+'Dong Lam'!F166+'Khanh Nga'!F166+TDP!F166+DTRVL!F166 -> -18242361446 | G166: =DTR!G166+'Dai Loc'!G166+'Dong Lam'!G166+'Khanh Nga'!G166+TDP!G166+DTRVL!G166 -> -1.7831483e+10 | H166: =DTR!H166+'Dai Loc'!H166+'Dong Lam'!H166+'Khanh Nga'!H166+TDP!H166+DTRVL!H166 -> -24693912300 | I166: =DTR!I166+'Dai Loc'!I166+'Dong Lam'!I166+'Khanh Nga'!I166+TDP!I166+DTRVL!I166 -> 9.0882622e+10 | J166: =DTR!J166+'Dai Loc'!J166+'Dong Lam'!J166+'Khanh Nga'!J166+TDP!J166+DTRVL!J166 -> -25565536759 | ... Z166: =DTR!Z166+'Dai Loc'!Z166+'Dong Lam'!Z166+'Khanh Nga'!Z166+TDP!Z166+DTRVL!Z166 -> -21051773707
A167: Tăng / giảm hàng tồn kho | B167: 12 | C167: =DTR!C167+'Dai Loc'!C167+'Dong Lam'!C167+'Khanh Nga'!C167+TDP!C167+DTRVL!C167 -> -49549238548 | D167: =DTR!D167+'Dai Loc'!D167+'Dong Lam'!D167+'Khanh Nga'!D167+TDP!D167+DTRVL!D167 -> -7205281194 | E167: =DTR!E167+'Dai Loc'!E167+'Dong Lam'!E167+'Khanh Nga'!E167+TDP!E167+DTRVL!E167 -> -39860295459 | F167: =DTR!F167+'Dai Loc'!F167+'Dong Lam'!F167+'Khanh Nga'!F167+TDP!F167+DTRVL!F167 -> -4.0452344e+10 | G167: =DTR!G167+'Dai Loc'!G167+'Dong Lam'!G167+'Khanh Nga'!G167+TDP!G167+DTRVL!G167 -> -4.0018611e+10 | H167: =DTR!H167+'Dai Loc'!H167+'Dong Lam'!H167+'Khanh Nga'!H167+TDP!H167+DTRVL!H167 -> -22253771084 | I167: =DTR!I167+'Dai Loc'!I167+'Dong Lam'!I167+'Khanh Nga'!I167+TDP!I167+DTRVL!I167 -> -2.1156666e+10 | J167: =DTR!J167+'Dai Loc'!J167+'Dong Lam'!J167+'Khanh Nga'!J167+TDP!J167+DTRVL!J167 -> 40083282616 | ... Z167: =DTR!Z167+'Dai Loc'!Z167+'Dong Lam'!Z167+'Khanh Nga'!Z167+TDP!Z167+DTRVL!Z167 -> -15530241784
A168: Tăng / giảm các khoản phải trả ( Không bao gồm lãi vay phải trả, thuế TNDN phải nộp ) | B168: 13 | C168: =DTR!C168+'Dai Loc'!C168+'Dong Lam'!C168+'Khanh Nga'!C168+TDP!C168+DTRVL!C168 -> 8.0126423e+09 | D168: =DTR!D168+'Dai Loc'!D168+'Dong Lam'!D168+'Khanh Nga'!D168+TDP!D168+DTRVL!D168 -> 4278312829 | E168: =DTR!E168+'Dai Loc'!E168+'Dong Lam'!E168+'Khanh Nga'!E168+TDP!E168+DTRVL!E168 -> 3.8210005e+09 | F168: =DTR!F168+'Dai Loc'!F168+'Dong Lam'!F168+'Khanh Nga'!F168+TDP!F168+DTRVL!F168 -> 1.7456992e+10 | G168: =DTR!G168+'Dai Loc'!G168+'Dong Lam'!G168+'Khanh Nga'!G168+TDP!G168+DTRVL!G168 -> 2.7971781e+10 | H168: =DTR!H168+'Dai Loc'!H168+'Dong Lam'!H168+'Khanh Nga'!H168+TDP!H168+DTRVL!H168 -> 28656935853 | I168: =DTR!I168+'Dai Loc'!I168+'Dong Lam'!I168+'Khanh Nga'!I168+TDP!I168+DTRVL!I168 -> 13949162110 | J168: =DTR!J168+'Dai Loc'!J168+'Dong Lam'!J168+'Khanh Nga'!J168+TDP!J168+DTRVL!J168 -> 15821078146 | ... Z168: =DTR!Z168+'Dai Loc'!Z168+'Dong Lam'!Z168+'Khanh Nga'!Z168+TDP!Z168+DTRVL!Z168 -> -4057687328
A169: Tăng / giảm chi phí chờ phân bổ | B169: 14 | C169: =DTR!C169+'Dai Loc'!C169+'Dong Lam'!C169+'Khanh Nga'!C169+TDP!C169+DTRVL!C169 -> 138419414 | D169: =DTR!D169+'Dai Loc'!D169+'Dong Lam'!D169+'Khanh Nga'!D169+TDP!D169+DTRVL!D169 -> -195536893 | E169: =DTR!E169+'Dai Loc'!E169+'Dong Lam'!E169+'Khanh Nga'!E169+TDP!E169+DTRVL!E169 -> 208271418 | F169: =DTR!F169+'Dai Loc'!F169+'Dong Lam'!F169+'Khanh Nga'!F169+TDP!F169+DTRVL!F169 -> -156105027 | G169: =DTR!G169+'Dai Loc'!G169+'Dong Lam'!G169+'Khanh Nga'!G169+TDP!G169+DTRVL!G169 -> 163996298 | H169: =DTR!H169+'Dai Loc'!H169+'Dong Lam'!H169+'Khanh Nga'!H169+TDP!H169+DTRVL!H169 -> 223255844 | I169: =DTR!I169+'Dai Loc'!I169+'Dong Lam'!I169+'Khanh Nga'!I169+TDP!I169+DTRVL!I169 -> -51586114 | J169: =DTR!J169+'Dai Loc'!J169+'Dong Lam'!J169+'Khanh Nga'!J169+TDP!J169+DTRVL!J169 -> -547678801 | ... Z169: =DTR!Z169+'Dai Loc'!Z169+'Dong Lam'!Z169+'Khanh Nga'!Z169+TDP!Z169+DTRVL!Z169 -> 118727934
A170: Tăng / giảm chứng khoán kinh doanh | B170: 15 | C170: =DTR!C170+'Dai Loc'!C170+'Dong Lam'!C170+'Khanh Nga'!C170+TDP!C170+DTRVL!C170 -> 0 | D170: =DTR!D170+'Dai Loc'!D170+'Dong Lam'!D170+'Khanh Nga'!D170+TDP!D170+DTRVL!D170 -> 0 | E170: =DTR!E170+'Dai Loc'!E170+'Dong Lam'!E170+'Khanh Nga'!E170+TDP!E170+DTRVL!E170 -> 0 | F170: =DTR!F170+'Dai Loc'!F170+'Dong Lam'!F170+'Khanh Nga'!F170+TDP!F170+DTRVL!F170 -> 0 | G170: =DTR!G170+'Dai Loc'!G170+'Dong Lam'!G170+'Khanh Nga'!G170+TDP!G170+DTRVL!G170 -> 0 | H170: =DTR!H170+'Dai Loc'!H170+'Dong Lam'!H170+'Khanh Nga'!H170+TDP!H170+DTRVL!H170 -> 0 | I170: =DTR!I170+'Dai Loc'!I170+'Dong Lam'!I170+'Khanh Nga'!I170+TDP!I170+DTRVL!I170 -> 0 | J170: =DTR!J170+'Dai Loc'!J170+'Dong Lam'!J170+'Khanh Nga'!J170+TDP!J170+DTRVL!J170 -> 0 | ... Z170: =DTR!Z170+'Dai Loc'!Z170+'Dong Lam'!Z170+'Khanh Nga'!Z170+TDP!Z170+DTRVL!Z170 -> 0
... A196: Tiền và tương đương tiền cuối kỳ | B196: 41 | C196: =DTR!C196+'Dai Loc'!C196+'Dong Lam'!C196+'Khanh Nga'!C196+TDP!C196+DTRVL!C196 -> 4.663325e+10 | D196: =DTR!D196+'Dai Loc'!D196+'Dong Lam'!D196+'Khanh Nga'!D196+TDP!D196+DTRVL!D196 -> 3.5851803e+10 | E196: =DTR!E196+'Dai Loc'!E196+'Dong Lam'!E196+'Khanh Nga'!E196+TDP!E196+DTRVL!E196 -> 2.6393056e+10 | F196: =DTR!F196+'Dai Loc'!F196+'Dong Lam'!F196+'Khanh Nga'!F196+TDP!F196+DTRVL!F196 -> 3.4593153e+10 | G196: =DTR!G196+'Dai Loc'!G196+'Dong Lam'!G196+'Khanh Nga'!G196+TDP!G196+DTRVL!G196 -> 3.3199136e+10 | H196: =DTR!H196+'Dai Loc'!H196+'Dong Lam'!H196+'Khanh Nga'!H196+TDP!H196+DTRVL!H196 -> 1.9638635e+10 | I196: =DTR!I196+'Dai Loc'!I196+'Dong Lam'!I196+'Khanh Nga'!I196+TDP!I196+DTRVL!I196 -> 5.6271006e+10 | J196: =DTR!J196+'Dai Loc'!J196+'Dong Lam'!J196+'Khanh Nga'!J196+TDP!J196+DTRVL!J196 -> 3.542949e+10 | ... Z196: =DTR!Z196+'Dai Loc'!Z196+'Dong Lam'!Z196+'Khanh Nga'!Z196+TDP!Z196+DTRVL!Z196 -> 63226156108
C197: =C7-C196 -> 0.0034179688 | D197: =D7-D196 -> 0.0034179688 | E197: =E7-E196 -> 0.0034179688 | F197: =F7-F196 -> 0.0034179688 | G197: =G7-G196 -> 0.0034179688 | H197: =H7-H196 -> 0.0034179688 | I197: =I7-I196 -> 0.0034179688 | J197: =J7-J196 -> 0.0034179688 | ... Z197: =Z7-Z196 -> 0
A198: PHẦN IV: CHI PHÍ THEO YẾU TỐ | B198: Index PL Element | C198: T01.2024 | D198: T02.2024 | E198: T03.2024 | F198: T04.2024 | G198: T05.2024 | H198: T06.2024 | I198: T07.2024 | J198: T08.2024 | K198: T09.2024 | L198: T10.2024 | M198: T11.2024 | N198: T12.2024 | O198: T01.2025 | P198: T02.2025 | Q198: T03.2025 | R198: T04.2025 | S198: T05.2025 | T198: T06.2025 | U198: T07.2025 | V198: T08.2025 | W198: T09.2025 | X198: T10.2025 | Y198: T11.2025 | Z198: T12.2025
A199: Tổng nhân sự | B199: 1
A200: Nhân sự nhóm sản xuất | B200: 2
A201: Số ngày công (8 hrs) | B201: 3
A202: Sản lượng sản xuất (Ton) | B202: 4
A203: Sản lượng bán (Ton) | B203: 5 | C203: =C134 -> 5108.325 | D203: =D134 -> 3038.375 | E203: =E134 -> 4394.4 | F203: =F134 -> 4434.75 | G203: =G134 -> 4827.202 | H203: =H134 -> 3532.75 | I203: =I134 -> 2953.134 | J203: =J134 -> 5764.9472 | ... Z203: =Z134 -> 4601
A204: Doanh thu bán hàng | B204: 6 | C204: =C135 -> 130037940981 | D204: =D135 -> 84645791256 | E204: =E135 -> 115625416433 | F204: =F135 -> 117647266094 | G204: =G135 -> 128085507494 | H204: =H135 -> 95661572209 | I204: =I135 -> 74679662458 | J204: =J135 -> 178936926222 | ... Z204: =Z135 -> 127334240251
A205: Các khoản giảm trừ doanh thu | B205: 7 | C205: =C136 -> 0 | D205: =D136 -> 1166125000 | E205: =E136 -> 0 | F205: =F136 -> 0 | G205: =G136 -> 136455000 | H205: =H136 -> 0 | I205: =I136 -> 0 | J205: =J136 -> 6345077301 | ... Z205: =Z136 -> -573868680
A206: % Các khoản giảm trừ | B206: 8 | C206: =IFERROR(C205/C204,"") -> 0 | D206: =IFERROR(D205/D204,"") -> 0.013776527 | E206: =IFERROR(E205/E204,"") -> 0 | F206: =IFERROR(F205/F204,"") -> 0 | G206: =IFERROR(G205/G204,"") -> 0.001065343 | H206: =IFERROR(H205/H204,"") -> 0 | I206: =IFERROR(I205/I204,"") -> 0 | J206: =IFERROR(J205/J204,"") -> 0.035459854 | ... Z206: =IFERROR(Z205/Z204,"") -> -0.00450679
A207: Doanh thu thuần | B207: 9 | C207: =C137 -> 130037940981 | D207: =D137 -> 83479666256 | E207: =E137 -> 115625416433 | F207: =F137 -> 117647266094 | G207: =G137 -> 127949052494 | H207: =H137 -> 95661572209 | I207: =I137 -> 74679662458 | J207: =J137 -> 172591848921 | ... Z207: =Z137 -> 127908108931
A208: Xuất khẩu | B208: 10 | C208: =TDP!C208+'Dai Loc'!C208+'Khanh Nga'!C208+'Dong Lam'!C208+DTR!C208+DTRVL!C208 -> 63344586092 | D208: =TDP!D208+'Dai Loc'!D208+'Khanh Nga'!D208+'Dong Lam'!D208+DTR!D208+DTRVL!D208 -> 30529252055 | E208: =TDP!E208+'Dai Loc'!E208+'Khanh Nga'!E208+'Dong Lam'!E208+DTR!E208+DTRVL!E208 -> 56313461950 | F208: =TDP!F208+'Dai Loc'!F208+'Khanh Nga'!F208+'Dong Lam'!F208+DTR!F208+DTRVL!F208 -> 70145350000 | G208: =TDP!G208+'Dai Loc'!G208+'Khanh Nga'!G208+'Dong Lam'!G208+DTR!G208+DTRVL!G208 -> 31248110080 | H208: =TDP!H208+'Dai Loc'!H208+'Khanh Nga'!H208+'Dong Lam'!H208+DTR!H208+DTRVL!H208 -> 7753736540 | I208: =TDP!I208+'Dai Loc'!I208+'Khanh Nga'!I208+'Dong Lam'!I208+DTR!I208+DTRVL!I208 -> 32497915104 | J208: =TDP!J208+'Dai Loc'!J208+'Khanh Nga'!J208+'Dong Lam'!J208+DTR!J208+DTRVL!J208 -> 100596695257 | ... Z208: =TDP!Z208+'Dai Loc'!Z208+'Khanh Nga'!Z208+'Dong Lam'!Z208+DTR!Z208+DTRVL!Z208 -> 30893476900
A209: Nội địa | B209: 11 | C209: =TDP!C209+'Dai Loc'!C209+'Khanh Nga'!C209+'Dong Lam'!C209+DTR!C209+DTRVL!C209 -> 66525131089 | D209: =TDP!D209+'Dai Loc'!D209+'Khanh Nga'!D209+'Dong Lam'!D209+DTR!D209+DTRVL!D209 -> 51933728920 | E209: =TDP!E209+'Dai Loc'!E209+'Khanh Nga'!E209+'Dong Lam'!E209+DTR!E209+DTRVL!E209 -> 59311954483 | F209: =TDP!F209+'Dai Loc'!F209+'Khanh Nga'!F209+'Dong Lam'!F209+DTR!F209+DTRVL!F209 -> 47501916094 | G209: =TDP!G209+'Dai Loc'!G209+'Khanh Nga'!G209+'Dong Lam'!G209+DTR!G209+DTRVL!G209 -> 96700942414 | H209: =TDP!H209+'Dai Loc'!H209+'Khanh Nga'!H209+'Dong Lam'!H209+DTR!H209+DTRVL!H209 -> 87321835669 | I209: =TDP!I209+'Dai Loc'!I209+'Khanh Nga'!I209+'Dong Lam'!I209+DTR!I209+DTRVL!I209 -> 42181747354 | J209: =TDP!J209+'Dai Loc'!J209+'Khanh Nga'!J209+'Dong Lam'!J209+DTR!J209+DTRVL!J209 -> 71995153664 | ... Z209: =TDP!Z209+'Dai Loc'!Z209+'Khanh Nga'!Z209+'Dong Lam'!Z209+DTR!Z209+DTRVL!Z209 -> 88719344531
A210: Khác | B210: 12 | C210: =TDP!C210+'Dai Loc'!C210+'Khanh Nga'!C210+'Dong Lam'!C210+DTR!C210+DTRVL!C210 -> 168223800 | D210: =TDP!D210+'Dai Loc'!D210+'Khanh Nga'!D210+'Dong Lam'!D210+DTR!D210+DTRVL!D210 -> 1016685281 | E210: =TDP!E210+'Dai Loc'!E210+'Khanh Nga'!E210+'Dong Lam'!E210+DTR!E210+DTRVL!E210 -> 0 | F210: =TDP!F210+'Dai Loc'!F210+'Khanh Nga'!F210+'Dong Lam'!F210+DTR!F210+DTRVL!F210 -> 0 | G210: =TDP!G210+'Dai Loc'!G210+'Khanh Nga'!G210+'Dong Lam'!G210+DTR!G210+DTRVL!G210 -> 0 | H210: =TDP!H210+'Dai Loc'!H210+'Khanh Nga'!H210+'Dong Lam'!H210+DTR!H210+DTRVL!H210 -> 586000000 | I210: =TDP!I210+'Dai Loc'!I210+'Khanh Nga'!I210+'Dong Lam'!I210+DTR!I210+DTRVL!I210 -> 0 | J210: =TDP!J210+'Dai Loc'!J210+'Khanh Nga'!J210+'Dong Lam'!J210+DTR!J210+DTRVL!J210 -> 0 | ... Z210: =TDP!Z210+'Dai Loc'!Z210+'Khanh Nga'!Z210+'Dong Lam'!Z210+DTR!Z210+DTRVL!Z210 -> 8295287500
A211: Giá vốn hàng bán | B211: 13 | C211: =C138 -> 120065457134 | D211: =D138 -> 83995360322 | E211: =E138 -> 109165390822 | F211: =F138 -> 105655387173 | G211: =G138 -> 125507167216 | H211: =H138 -> 98477492806 | I211: =I138 -> 80393606783 | J211: =J138 -> 167228552558 | ... Z211: =Z138 -> 90514001561
A212: Chi phí nguyên vật liệu | B212: 14 | C212: =TDP!C212+'Dai Loc'!C212+'Khanh Nga'!C212+'Dong Lam'!C212+DTR!C212+DTRVL!C212 -> 8.0354796e+10 | D212: =TDP!D212+'Dai Loc'!D212+'Khanh Nga'!D212+'Dong Lam'!D212+DTR!D212+DTRVL!D212 -> 4.9066395e+10 | E212: =TDP!E212+'Dai Loc'!E212+'Khanh Nga'!E212+'Dong Lam'!E212+DTR!E212+DTRVL!E212 -> 6.8392323e+10 | F212: =TDP!F212+'Dai Loc'!F212+'Khanh Nga'!F212+'Dong Lam'!F212+DTR!F212+DTRVL!F212 -> 7.1080915e+10 | G212: =TDP!G212+'Dai Loc'!G212+'Khanh Nga'!G212+'Dong Lam'!G212+DTR!G212+DTRVL!G212 -> 77926958972 | H212: =TDP!H212+'Dai Loc'!H212+'Khanh Nga'!H212+'Dong Lam'!H212+DTR!H212+DTRVL!H212 -> 5.7385757e+10 | I212: =TDP!I212+'Dai Loc'!I212+'Khanh Nga'!I212+'Dong Lam'!I212+DTR!I212+DTRVL!I212 -> 4.9537873e+10 | J212: =TDP!J212+'Dai Loc'!J212+'Khanh Nga'!J212+'Dong Lam'!J212+DTR!J212+DTRVL!J212 -> 1.0691578e+11 | ... Z212: =TDP!Z212+'Dai Loc'!Z212+'Khanh Nga'!Z212+'Dong Lam'!Z212+DTR!Z212+DTRVL!Z212 -> 6.6864715e+10
A213: Chi phí điện | B213: 15 | C213: =TDP!C213+'Dai Loc'!C213+'Khanh Nga'!C213+'Dong Lam'!C213+DTR!C213+DTRVL!C213 -> 4.362218e+09 | D213: =TDP!D213+'Dai Loc'!D213+'Khanh Nga'!D213+'Dong Lam'!D213+DTR!D213+DTRVL!D213 -> 2.5610713e+09 | E213: =TDP!E213+'Dai Loc'!E213+'Khanh Nga'!E213+'Dong Lam'!E213+DTR!E213+DTRVL!E213 -> 4.0561079e+09 | F213: =TDP!F213+'Dai Loc'!F213+'Khanh Nga'!F213+'Dong Lam'!F213+DTR!F213+DTRVL!F213 -> 4.0117853e+09 | G213: =TDP!G213+'Dai Loc'!G213+'Khanh Nga'!G213+'Dong Lam'!G213+DTR!G213+DTRVL!G213 -> 4971945055 | H213: =TDP!H213+'Dai Loc'!H213+'Khanh Nga'!H213+'Dong Lam'!H213+DTR!H213+DTRVL!H213 -> 2.7234792e+09 | I213: =TDP!I213+'Dai Loc'!I213+'Khanh Nga'!I213+'Dong Lam'!I213+DTR!I213+DTRVL!I213 -> 2.3751727e+09 | J213: =TDP!J213+'Dai Loc'!J213+'Khanh Nga'!J213+'Dong Lam'!J213+DTR!J213+DTRVL!J213 -> 7.2839774e+09 | ... Z213: =TDP!Z213+'Dai Loc'!Z213+'Khanh Nga'!Z213+'Dong Lam'!Z213+DTR!Z213+DTRVL!Z213 -> 4.9424048e+09
A214: Chi phí lương ngoài giờ sản xuất | B214: 16 | C214: =TDP!C214+'Dai Loc'!C214+'Khanh Nga'!C214+'Dong Lam'!C214+DTR!C214+DTRVL!C214 -> 673524358 | D214: =TDP!D214+'Dai Loc'!D214+'Khanh Nga'!D214+'Dong Lam'!D214+DTR!D214+DTRVL!D214 -> 445330075 | E214: =TDP!E214+'Dai Loc'!E214+'Khanh Nga'!E214+'Dong Lam'!E214+DTR!E214+DTRVL!E214 -> 646654899 | F214: =TDP!F214+'Dai Loc'!F214+'Khanh Nga'!F214+'Dong Lam'!F214+DTR!F214+DTRVL!F214 -> 1789160297 | G214: =TDP!G214+'Dai Loc'!G214+'Khanh Nga'!G214+'Dong Lam'!G214+DTR!G214+DTRVL!G214 -> 743322765 | H214: =TDP!H214+'Dai Loc'!H214+'Khanh Nga'!H214+'Dong Lam'!H214+DTR!H214+DTRVL!H214 -> 710659695 | I214: =TDP!I214+'Dai Loc'!I214+'Khanh Nga'!I214+'Dong Lam'!I214+DTR!I214+DTRVL!I214 -> 562555746 | J214: =TDP!J214+'Dai Loc'!J214+'Khanh Nga'!J214+'Dong Lam'!J214+DTR!J214+DTRVL!J214 -> 273359738 | ... Z214: =TDP!Z214+'Dai Loc'!Z214+'Khanh Nga'!Z214+'Dong Lam'!Z214+DTR!Z214+DTRVL!Z214 -> 371608824
A215: Chi phí nhân công trực tiếp sản xuất (622) | B215: 17 | C215: =TDP!C215+'Dai Loc'!C215+'Khanh Nga'!C215+'Dong Lam'!C215+DTR!C215+DTRVL!C215 -> 4.1554968e+09 | D215: =TDP!D215+'Dai Loc'!D215+'Khanh Nga'!D215+'Dong Lam'!D215+DTR!D215+DTRVL!D215 -> 2.2351094e+09 | E215: =TDP!E215+'Dai Loc'!E215+'Khanh Nga'!E215+'Dong Lam'!E215+DTR!E215+DTRVL!E215 -> 2.3312678e+09 | F215: =TDP!F215+'Dai Loc'!F215+'Khanh Nga'!F215+'Dong Lam'!F215+DTR!F215+DTRVL!F215 -> 1.4861521e+09 | G215: =TDP!G215+'Dai Loc'!G215+'Khanh Nga'!G215+'Dong Lam'!G215+DTR!G215+DTRVL!G215 -> 2.6593393e+09 | H215: =TDP!H215+'Dai Loc'!H215+'Khanh Nga'!H215+'Dong Lam'!H215+DTR!H215+DTRVL!H215 -> 2.4642344e+09 | I215: =TDP!I215+'Dai Loc'!I215+'Khanh Nga'!I215+'Dong Lam'!I215+DTR!I215+DTRVL!I215 -> 2.3213617e+09 | J215: =TDP!J215+'Dai Loc'!J215+'Khanh Nga'!J215+'Dong Lam'!J215+DTR!J215+DTRVL!J215 -> 2741132215 | ... Z215: =TDP!Z215+'Dai Loc'!Z215+'Khanh Nga'!Z215+'Dong Lam'!Z215+DTR!Z215+DTRVL!Z215 -> 3846412346
A216: Chi phí nhân công gián tiếp sản xuất (6271) | B216: 18 | C216: =TDP!C216+'Dai Loc'!C216+'Khanh Nga'!C216+'Dong Lam'!C216+DTR!C216+DTRVL!C216 -> 2.9454827e+09 | D216: =TDP!D216+'Dai Loc'!D216+'Khanh Nga'!D216+'Dong Lam'!D216+DTR!D216+DTRVL!D216 -> 2.8049022e+09 | E216: =TDP!E216+'Dai Loc'!E216+'Khanh Nga'!E216+'Dong Lam'!E216+DTR!E216+DTRVL!E216 -> 2.9528209e+09 | F216: =TDP!F216+'Dai Loc'!F216+'Khanh Nga'!F216+'Dong Lam'!F216+DTR!F216+DTRVL!F216 -> 3.1847023e+09 | G216: =TDP!G216+'Dai Loc'!G216+'Khanh Nga'!G216+'Dong Lam'!G216+DTR!G216+DTRVL!G216 -> 3.2741149e+09 | H216: =TDP!H216+'Dai Loc'!H216+'Khanh Nga'!H216+'Dong Lam'!H216+DTR!H216+DTRVL!H216 -> 3.3545053e+09 | I216: =TDP!I216+'Dai Loc'!I216+'Khanh Nga'!I216+'Dong Lam'!I216+DTR!I216+DTRVL!I216 -> 3.16779e+09 | J216: =TDP!J216+'Dai Loc'!J216+'Khanh Nga'!J216+'Dong Lam'!J216+DTR!J216+DTRVL!J216 -> 3271117659 | ... Z216: =TDP!Z216+'Dai Loc'!Z216+'Khanh Nga'!Z216+'Dong Lam'!Z216+DTR!Z216+DTRVL!Z216 -> 3722379510
A217: Phúc lợi nhân viên sản xuất (BHXH,thưởng,…) | B217: 19 | C217: =TDP!C217+'Dai Loc'!C217+'Khanh Nga'!C217+'Dong Lam'!C217+DTR!C217+DTRVL!C217 -> 9.7821307e+08 | D217: =TDP!D217+'Dai Loc'!D217+'Khanh Nga'!D217+'Dong Lam'!D217+DTR!D217+DTRVL!D217 -> 1.0320126e+09 | E217: =TDP!E217+'Dai Loc'!E217+'Khanh Nga'!E217+'Dong Lam'!E217+DTR!E217+DTRVL!E217 -> 9.3305959e+08 | F217: =TDP!F217+'Dai Loc'!F217+'Khanh Nga'!F217+'Dong Lam'!F217+DTR!F217+DTRVL!F217 -> 9.7928179e+08 | G217: =TDP!G217+'Dai Loc'!G217+'Khanh Nga'!G217+'Dong Lam'!G217+DTR!G217+DTRVL!G217 -> 1.0144302e+09 | H217: =TDP!H217+'Dai Loc'!H217+'Khanh Nga'!H217+'Dong Lam'!H217+DTR!H217+DTRVL!H217 -> 9.8769336e+08 | I217: =TDP!I217+'Dai Loc'!I217+'Khanh Nga'!I217+'Dong Lam'!I217+DTR!I217+DTRVL!I217 -> 1.0583365e+09 | J217: =TDP!J217+'Dai Loc'!J217+'Khanh Nga'!J217+'Dong Lam'!J217+DTR!J217+DTRVL!J217 -> 905255648 | ... Z217: =TDP!Z217+'Dai Loc'!Z217+'Khanh Nga'!Z217+'Dong Lam'!Z217+DTR!Z217+DTRVL!Z217 -> 1774001848
A218: Chi phí sửa chữa, bảo trì | B218: 20 | C218: =TDP!C218+'Dai Loc'!C218+'Khanh Nga'!C218+'Dong Lam'!C218+DTR!C218+DTRVL!C218 -> 547129225 | D218: =TDP!D218+'Dai Loc'!D218+'Khanh Nga'!D218+'Dong Lam'!D218+DTR!D218+DTRVL!D218 -> 498727731 | E218: =TDP!E218+'Dai Loc'!E218+'Khanh Nga'!E218+'Dong Lam'!E218+DTR!E218+DTRVL!E218 -> 616126684 | F218: =TDP!F218+'Dai Loc'!F218+'Khanh Nga'!F218+'Dong Lam'!F218+DTR!F218+DTRVL!F218 -> 586686960 | G218: =TDP!G218+'Dai Loc'!G218+'Khanh Nga'!G218+'Dong Lam'!G218+DTR!G218+DTRVL!G218 -> 719357445 | H218: =TDP!H218+'Dai Loc'!H218+'Khanh Nga'!H218+'Dong Lam'!H218+DTR!H218+DTRVL!H218 -> 782484238 | I218: =TDP!I218+'Dai Loc'!I218+'Khanh Nga'!I218+'Dong Lam'!I218+DTR!I218+DTRVL!I218 -> 486672255 | J218: =TDP!J218+'Dai Loc'!J218+'Khanh Nga'!J218+'Dong Lam'!J218+DTR!J218+DTRVL!J218 -> 645579115 | ... Z218: =TDP!Z218+'Dai Loc'!Z218+'Khanh Nga'!Z218+'Dong Lam'!Z218+DTR!Z218+DTRVL!Z218 -> 941353149
A219: Chi phí xưởng (các khoản còn lại ngoài các mục trên) | B219: 21 | C219: =TDP!C219+'Dai Loc'!C219+'Khanh Nga'!C219+'Dong Lam'!C219+DTR!C219+DTRVL!C219 -> 4873502245 | D219: =TDP!D219+'Dai Loc'!D219+'Khanh Nga'!D219+'Dong Lam'!D219+DTR!D219+DTRVL!D219 -> 4492927440 | E219: =TDP!E219+'Dai Loc'!E219+'Khanh Nga'!E219+'Dong Lam'!E219+DTR!E219+DTRVL!E219 -> 10964698647 | F219: =TDP!F219+'Dai Loc'!F219+'Khanh Nga'!F219+'Dong Lam'!F219+DTR!F219+DTRVL!F219 -> 9657065552 | G219: =TDP!G219+'Dai Loc'!G219+'Khanh Nga'!G219+'Dong Lam'!G219+DTR!G219+DTRVL!G219 -> 9946230455 | H219: =TDP!H219+'Dai Loc'!H219+'Khanh Nga'!H219+'Dong Lam'!H219+DTR!H219+DTRVL!H219 -> 9326220242 | I219: =TDP!I219+'Dai Loc'!I219+'Khanh Nga'!I219+'Dong Lam'!I219+DTR!I219+DTRVL!I219 -> 8804186755 | J219: =TDP!J219+'Dai Loc'!J219+'Khanh Nga'!J219+'Dong Lam'!J219+DTR!J219+DTRVL!J219 -> 8971905978 | ... Z219: =TDP!Z219+'Dai Loc'!Z219+'Khanh Nga'!Z219+'Dong Lam'!Z219+DTR!Z219+DTRVL!Z219 -> 9091519654
A220: Chi phí khấu hao sản xuất (6274) | B220: 22 | C220: =TDP!C220+'Dai Loc'!C220+'Khanh Nga'!C220+'Dong Lam'!C220+DTR!C220+DTRVL!C220 -> 6224830108 | D220: =TDP!D220+'Dai Loc'!D220+'Khanh Nga'!D220+'Dong Lam'!D220+DTR!D220+DTRVL!D220 -> 6213032910 | E220: =TDP!E220+'Dai Loc'!E220+'Khanh Nga'!E220+'Dong Lam'!E220+DTR!E220+DTRVL!E220 -> 3516750532 | F220: =TDP!F220+'Dai Loc'!F220+'Khanh Nga'!F220+'Dong Lam'!F220+DTR!F220+DTRVL!F220 -> 3600047122 | G220: =TDP!G220+'Dai Loc'!G220+'Khanh Nga'!G220+'Dong Lam'!G220+DTR!G220+DTRVL!G220 -> 3778600715 | H220: =TDP!H220+'Dai Loc'!H220+'Khanh Nga'!H220+'Dong Lam'!H220+DTR!H220+DTRVL!H220 -> 3856293277 | I220: =TDP!I220+'Dai Loc'!I220+'Khanh Nga'!I220+'Dong Lam'!I220+DTR!I220+DTRVL!I220 -> 3756370427 | J220: =TDP!J220+'Dai Loc'!J220+'Khanh Nga'!J220+'Dong Lam'!J220+DTR!J220+DTRVL!J220 -> 3779520408 | ... Z220: =TDP!Z220+'Dai Loc'!Z220+'Khanh Nga'!Z220+'Dong Lam'!Z220+DTR!Z220+DTRVL!Z220 -> 5304456647
A221: Chi phí gia công ngoài (nếu có) | B221: 23 | C221: =TDP!C221+'Dai Loc'!C221+'Khanh Nga'!C221+'Dong Lam'!C221+DTR!C221+DTRVL!C221 -> 2408877200 | D221: =TDP!D221+'Dai Loc'!D221+'Khanh Nga'!D221+'Dong Lam'!D221+DTR!D221+DTRVL!D221 -> 321736000 | E221: =TDP!E221+'Dai Loc'!E221+'Khanh Nga'!E221+'Dong Lam'!E221+DTR!E221+DTRVL!E221 -> 407200000 | F221: =TDP!F221+'Dai Loc'!F221+'Khanh Nga'!F221+'Dong Lam'!F221+DTR!F221+DTRVL!F221 -> 1027400000 | G221: =TDP!G221+'Dai Loc'!G221+'Khanh Nga'!G221+'Dong Lam'!G221+DTR!G221+DTRVL!G221 -> 1296610000 | H221: =TDP!H221+'Dai Loc'!H221+'Khanh Nga'!H221+'Dong Lam'!H221+DTR!H221+DTRVL!H221 -> 932027000 | I221: =TDP!I221+'Dai Loc'!I221+'Khanh Nga'!I221+'Dong Lam'!I221+DTR!I221+DTRVL!I221 -> 1461251000 | J221: =TDP!J221+'Dai Loc'!J221+'Khanh Nga'!J221+'Dong Lam'!J221+DTR!J221+DTRVL!J221 -> 1743703999 | ... Z221: =TDP!Z221+'Dai Loc'!Z221+'Khanh Nga'!Z221+'Dong Lam'!Z221+DTR!Z221+DTRVL!Z221 -> 930000000
A222: Giá vốn khác | B222: 24 | C222: =TDP!C222+'Dai Loc'!C222+'Khanh Nga'!C222+'Dong Lam'!C222+DTR!C222+DTRVL!C222 -> 11008792358 | D222: =TDP!D222+'Dai Loc'!D222+'Khanh Nga'!D222+'Dong Lam'!D222+DTR!D222+DTRVL!D222 -> 14091966230 | E222: =TDP!E222+'Dai Loc'!E222+'Khanh Nga'!E222+'Dong Lam'!E222+DTR!E222+DTRVL!E222 -> 14967977208 | F222: =TDP!F222+'Dai Loc'!F222+'Khanh Nga'!F222+'Dong Lam'!F222+DTR!F222+DTRVL!F222 -> 9793313487 | G222: =TDP!G222+'Dai Loc'!G222+'Khanh Nga'!G222+'Dong Lam'!G222+DTR!G222+DTRVL!G222 -> 10326586768 | H222: =TDP!H222+'Dai Loc'!H222+'Khanh Nga'!H222+'Dong Lam'!H222+DTR!H222+DTRVL!H222 -> 10046707984 | I222: =TDP!I222+'Dai Loc'!I222+'Khanh Nga'!I222+'Dong Lam'!I222+DTR!I222+DTRVL!I222 -> 10237671622 | J222: =TDP!J222+'Dai Loc'!J222+'Khanh Nga'!J222+'Dong Lam'!J222+DTR!J222+DTRVL!J222 -> 1.1454537e+10 | ... Z222: =TDP!Z222+'Dai Loc'!Z222+'Khanh Nga'!Z222+'Dong Lam'!Z222+DTR!Z222+DTRVL!Z222 -> -1.4720423e+10
A223: Giá vốn trong hàng tồn kho | B223: 25 | C223: =TDP!C223+'Dai Loc'!C223+'Khanh Nga'!C223+'Dong Lam'!C223+DTR!C223+DTRVL!C223 -> -6.8274999e+09 | D223: =TDP!D223+'Dai Loc'!D223+'Khanh Nga'!D223+'Dong Lam'!D223+DTR!D223+DTRVL!D223 -> -3.6831868e+09 | E223: =TDP!E223+'Dai Loc'!E223+'Khanh Nga'!E223+'Dong Lam'!E223+DTR!E223+DTRVL!E223 -> -6111158325 | F223: =TDP!F223+'Dai Loc'!F223+'Khanh Nga'!F223+'Dong Lam'!F223+DTR!F223+DTRVL!F223 -> -7.318374e+09 | G223: =TDP!G223+'Dai Loc'!G223+'Khanh Nga'!G223+'Dong Lam'!G223+DTR!G223+DTRVL!G223 -> -4.3200363e+08 | H223: =TDP!H223+'Dai Loc'!H223+'Khanh Nga'!H223+'Dong Lam'!H223+DTR!H223+DTRVL!H223 -> -2.897196e+08 | I223: =TDP!I223+'Dai Loc'!I223+'Khanh Nga'!I223+'Dong Lam'!I223+DTR!I223+DTRVL!I223 -> -7.8476875e+09 | J223: =TDP!J223+'Dai Loc'!J223+'Khanh Nga'!J223+'Dong Lam'!J223+DTR!J223+DTRVL!J223 -> 1.539889e+10 | ... Z223: =TDP!Z223+'Dai Loc'!Z223+'Khanh Nga'!Z223+'Dong Lam'!Z223+DTR!Z223+DTRVL!Z223 -> 1.5406354e+09
A224: % Giá vốn hàng bán | B224: 26 | C224: =IFERROR(C211/C207,"") -> 0.92331097 | D224: =IFERROR(D211/D207,"") -> 1.0061775 | E224: =IFERROR(E211/E207,"") -> 0.94412971 | F224: =IFERROR(F211/F207,"") -> 0.89806921 | G224: =IFERROR(G211/G207,"") -> 0.98091517 | H224: =IFERROR(H211/H207,"") -> 1.0294363 | I224: =IFERROR(I211/I207,"") -> 1.0765127 | J224: =IFERROR(J211/J207,"") -> 0.96892497 | ... Z224: =IFERROR(Z211/Z207,"") -> 0.70764866
...

Sheet Hop cong
A1: GROUP (CONBINE TÁI CHẾ & THU MUA) | O1: 2025
A2: VND
C3: 2024 | D3: =C3 -> 2024 | E3: =D3 -> 2024 | F3: =E3 -> 2024 | G3: =F3 -> 2024 | H3: =G3 -> 2024 | I3: =H3 -> 2024 | J3: =I3 -> 2024 | K3: =J3 -> 2024 | ... N3: =M3 -> 2024 | O3: 2025 | P3: =O3 -> 2025 | Q3: =P3 -> 2025 | R3: =Q3 -> 2025 | S3: =R3 -> 2025 | T3: =S3 -> 2025 | U3: =T3 -> 2025 | V3: =U3 -> 2025 | W3: =V3 -> 2025 | ... Z3: =Y3 -> 2025
C4: 1 | D4: 2 | E4: 3 | F4: 4 | G4: 5 | H4: 6 | I4: 7 | J4: 8 | K4: 9 | L4: 10 | M4: 11 | N4: 12 | O4: 1 | P4: 2 | Q4: 3 | R4: 4 | S4: 5 | T4: 6 | U4: 7 | V4: 8 | W4: 9 | X4: 10 | Y4: 11 | Z4: 12
A5: PHẦN I-BÁO CÁO TÌNH HÌNH TÀI CHÍNH | B5: Index BS | C5: T01.2024 | D5: T02.2024 | E5: T03.2024 | F5: T04.2024 | G5: T05.2024 | H5: T06.2024 | I5: T07.2024 | J5: T08.2024 | K5: T09.2024 | L5: T10.2024 | M5: T11.2024 | N5: T12.2024 | O5: T01.2025 | P5: T02.2025 | Q5: T03.2025 | R5: T04.2025 | S5: T05.2025 | T5: T06.2025 | U5: T07.2025 | V5: T08.2025 | W5: T09.2025 | X5: T10.2025 | Y5: T11.2025 | Z5: T12.2025
A6: A-TÀI SẢN NGẮN HẠN | B6: 1 | C6: =DTR!C6+'Dai Loc'!C6+'Dong Lam'!C6+'Khanh Nga'!C6+TDP!C6+DTRVL!C6 -> 842504987537 | D6: =DTR!D6+'Dai Loc'!D6+'Dong Lam'!D6+'Khanh Nga'!D6+TDP!D6+DTRVL!D6 -> 828028218928 | E6: =DTR!E6+'Dai Loc'!E6+'Dong Lam'!E6+'Khanh Nga'!E6+TDP!E6+DTRVL!E6 -> 8.6664214e+11 | F6: =DTR!F6+'Dai Loc'!F6+'Dong Lam'!F6+'Khanh Nga'!F6+TDP!F6+DTRVL!F6 -> 9.2866377e+11 | G6: =DTR!G6+'Dai Loc'!G6+'Dong Lam'!G6+'Khanh Nga'!G6+TDP!G6+DTRVL!G6 -> 974972463666 | H6: =DTR!H6+'Dai Loc'!H6+'Dong Lam'!H6+'Khanh Nga'!H6+TDP!H6+DTRVL!H6 -> 1000977606992 | I6: =DTR!I6+'Dai Loc'!I6+'Dong Lam'!I6+'Khanh Nga'!I6+TDP!I6+DTRVL!I6 -> 945309048746 | J6: =DTR!J6+'Dai Loc'!J6+'Dong Lam'!J6+'Khanh Nga'!J6+TDP!J6+DTRVL!J6 -> 891517737502 | ... Z6: =DTR!Z6+'Dai Loc'!Z6+'Dong Lam'!Z6+'Khanh Nga'!Z6+TDP!Z6+DTRVL!Z6 -> 1027131422218
A7: I.Tiền và các khoản tương đương tiền | B7: 2 | C7: =DTR!C7+'Dai Loc'!C7+'Dong Lam'!C7+'Khanh Nga'!C7+TDP!C7+DTRVL!C7 -> 46633249760 | D7: =DTR!D7+'Dai Loc'!D7+'Dong Lam'!D7+'Khanh Nga'!D7+TDP!D7+DTRVL!D7 -> 35851802774 | E7: =DTR!E7+'Dai Loc'!E7+'Dong Lam'!E7+'Khanh Nga'!E7+TDP!E7+DTRVL!E7 -> 26393055917 | F7: =DTR!F7+'Dai Loc'!F7+'Dong Lam'!F7+'Khanh Nga'!F7+TDP!F7+DTRVL!F7 -> 34593153167 | G7: =DTR!G7+'Dai Loc'!G7+'Dong Lam'!G7+'Khanh Nga'!G7+TDP!G7+DTRVL!G7 -> 33199136312 | H7: =DTR!H7+'Dai Loc'!H7+'Dong Lam'!H7+'Khanh Nga'!H7+TDP!H7+DTRVL!H7 -> 19638634542 | I7: =DTR!I7+'Dai Loc'!I7+'Dong Lam'!I7+'Khanh Nga'!I7+TDP!I7+DTRVL!I7 -> 56271006190 | J7: =DTR!J7+'Dai Loc'!J7+'Dong Lam'!J7+'Khanh Nga'!J7+TDP!J7+DTRVL!J7 -> 35429490170 | ... Z7: =DTR!Z7+'Dai Loc'!Z7+'Dong Lam'!Z7+'Khanh Nga'!Z7+TDP!Z7+DTRVL!Z7 -> 63226156108
A8: 1.Tiền | B8: 3 | C8: =DTR!C8+'Dai Loc'!C8+'Dong Lam'!C8+'Khanh Nga'!C8+TDP!C8+DTRVL!C8 -> 39793249760 | D8: =DTR!D8+'Dai Loc'!D8+'Dong Lam'!D8+'Khanh Nga'!D8+TDP!D8+DTRVL!D8 -> 29011802774 | E8: =DTR!E8+'Dai Loc'!E8+'Dong Lam'!E8+'Khanh Nga'!E8+TDP!E8+DTRVL!E8 -> 21563055917 | F8: =DTR!F8+'Dai Loc'!F8+'Dong Lam'!F8+'Khanh Nga'!F8+TDP!F8+DTRVL!F8 -> 25763153167 | G8: =DTR!G8+'Dai Loc'!G8+'Dong Lam'!G8+'Khanh Nga'!G8+TDP!G8+DTRVL!G8 -> 24369136312 | H8: =DTR!H8+'Dai Loc'!H8+'Dong Lam'!H8+'Khanh Nga'!H8+TDP!H8+DTRVL!H8 -> 14808634542 | I8: =DTR!I8+'Dai Loc'!I8+'Dong Lam'!I8+'Khanh Nga'!I8+TDP!I8+DTRVL!I8 -> 48441006190 | J8: =DTR!J8+'Dai Loc'!J8+'Dong Lam'!J8+'Khanh Nga'!J8+TDP!J8+DTRVL!J8 -> 27599490170 | ... Z8: =DTR!Z8+'Dai Loc'!Z8+'Dong Lam'!Z8+'Khanh Nga'!Z8+TDP!Z8+DTRVL!Z8 -> 53526156108
A9: 2.Các khoản tương đương tiền | B9: 4 | C9: =DTR!C9+'Dai Loc'!C9+'Dong Lam'!C9+'Khanh Nga'!C9+TDP!C9+DTRVL!C9 -> 6840000000 | D9: =DTR!D9+'Dai Loc'!D9+'Dong Lam'!D9+'Khanh Nga'!D9+TDP!D9+DTRVL!D9 -> 6840000000 | E9: =DTR!E9+'Dai Loc'!E9+'Dong Lam'!E9+'Khanh Nga'!E9+TDP!E9+DTRVL!E9 -> 4830000000 | F9: =DTR!F9+'Dai Loc'!F9+'Dong Lam'!F9+'Khanh Nga'!F9+TDP!F9+DTRVL!F9 -> 8830000000 | G9: =DTR!G9+'Dai Loc'!G9+'Dong Lam'!G9+'Khanh Nga'!G9+TDP!G9+DTRVL!G9 -> 8830000000 | H9: =DTR!H9+'Dai Loc'!H9+'Dong Lam'!H9+'Khanh Nga'!H9+TDP!H9+DTRVL!H9 -> 4830000000 | I9: =DTR!I9+'Dai Loc'!I9+'Dong Lam'!I9+'Khanh Nga'!I9+TDP!I9+DTRVL!I9 -> 7830000000 | J9: =DTR!J9+'Dai Loc'!J9+'Dong Lam'!J9+'Khanh Nga'!J9+TDP!J9+DTRVL!J9 -> 7830000000 | ... Z9: =DTR!Z9+'Dai Loc'!Z9+'Dong Lam'!Z9+'Khanh Nga'!Z9+TDP!Z9+DTRVL!Z9 -> 9700000000
A10: II.Đầu tư tài chính ngắn hạn | B10: 5 | C10: =DTR!C10+'Dai Loc'!C10+'Dong Lam'!C10+'Khanh Nga'!C10+TDP!C10+DTRVL!C10 -> 108051581921 | D10: =DTR!D10+'Dai Loc'!D10+'Dong Lam'!D10+'Khanh Nga'!D10+TDP!D10+DTRVL!D10 -> 108041861921 | E10: =DTR!E10+'Dai Loc'!E10+'Dong Lam'!E10+'Khanh Nga'!E10+TDP!E10+DTRVL!E10 -> 108032141921 | F10: =DTR!F10+'Dai Loc'!F10+'Dong Lam'!F10+'Khanh Nga'!F10+TDP!F10+DTRVL!F10 -> 97522421921 | G10: =DTR!G10+'Dai Loc'!G10+'Dong Lam'!G10+'Khanh Nga'!G10+TDP!G10+DTRVL!G10 -> 97512701921 | H10: =DTR!H10+'Dai Loc'!H10+'Dong Lam'!H10+'Khanh Nga'!H10+TDP!H10+DTRVL!H10 -> 77502981921 | I10: =DTR!I10+'Dai Loc'!I10+'Dong Lam'!I10+'Khanh Nga'!I10+TDP!I10+DTRVL!I10 -> 57993261921 | J10: =DTR!J10+'Dai Loc'!J10+'Dong Lam'!J10+'Khanh Nga'!J10+TDP!J10+DTRVL!J10 -> 57983541921 | ... Z10: =DTR!Z10+'Dai Loc'!Z10+'Dong Lam'!Z10+'Khanh Nga'!Z10+TDP!Z10+DTRVL!Z10 -> 79901021921
A11: 1.Chứng khoán kinh doanh | B11: 6 | C11: =DTR!C11+'Dai Loc'!C11+'Dong Lam'!C11+'Khanh Nga'!C11+TDP!C11+DTRVL!C11 -> 0 | D11: =DTR!D11+'Dai Loc'!D11+'Dong Lam'!D11+'Khanh Nga'!D11+TDP!D11+DTRVL!D11 -> 0 | E11: =DTR!E11+'Dai Loc'!E11+'Dong Lam'!E11+'Khanh Nga'!E11+TDP!E11+DTRVL!E11 -> 0 | F11: =DTR!F11+'Dai Loc'!F11+'Dong Lam'!F11+'Khanh Nga'!F11+TDP!F11+DTRVL!F11 -> 0 | G11: =DTR!G11+'Dai Loc'!G11+'Dong Lam'!G11+'Khanh Nga'!G11+TDP!G11+DTRVL!G11 -> 0 | H11: =DTR!H11+'Dai Loc'!H11+'Dong Lam'!H11+'Khanh Nga'!H11+TDP!H11+DTRVL!H11 -> 0 | I11: =DTR!I11+'Dai Loc'!I11+'Dong Lam'!I11+'Khanh Nga'!I11+TDP!I11+DTRVL!I11 -> 0 | J11: =DTR!J11+'Dai Loc'!J11+'Dong Lam'!J11+'Khanh Nga'!J11+TDP!J11+DTRVL!J11 -> 0 | ... Z11: =DTR!Z11+'Dai Loc'!Z11+'Dong Lam'!Z11+'Khanh Nga'!Z11+TDP!Z11+DTRVL!Z11 -> 0
A12: 2.Dự phòng giảm giá chứng khoán kinh doanh (*) | B12: 7 | C12: =DTR!C12+'Dai Loc'!C12+'Dong Lam'!C12+'Khanh Nga'!C12+TDP!C12+DTRVL!C12 -> 0 | D12: =DTR!D12+'Dai Loc'!D12+'Dong Lam'!D12+'Khanh Nga'!D12+TDP!D12+DTRVL!D12 -> 0 | E12: =DTR!E12+'Dai Loc'!E12+'Dong Lam'!E12+'Khanh Nga'!E12+TDP!E12+DTRVL!E12 -> 0 | F12: =DTR!F12+'Dai Loc'!F12+'Dong Lam'!F12+'Khanh Nga'!F12+TDP!F12+DTRVL!F12 -> 0 | G12: =DTR!G12+'Dai Loc'!G12+'Dong Lam'!G12+'Khanh Nga'!G12+TDP!G12+DTRVL!G12 -> 0 | H12: =DTR!H12+'Dai Loc'!H12+'Dong Lam'!H12+'Khanh Nga'!H12+TDP!H12+DTRVL!H12 -> 0 | I12: =DTR!I12+'Dai Loc'!I12+'Dong Lam'!I12+'Khanh Nga'!I12+TDP!I12+DTRVL!I12 -> 0 | J12: =DTR!J12+'Dai Loc'!J12+'Dong Lam'!J12+'Khanh Nga'!J12+TDP!J12+DTRVL!J12 -> 0 | ... Z12: =DTR!Z12+'Dai Loc'!Z12+'Dong Lam'!Z12+'Khanh Nga'!Z12+TDP!Z12+DTRVL!Z12 -> 0
A13: 3.Đầu tư nắm giữ đến ngày đáo hạn ngắn hạn | B13: 8 | C13: =DTR!C13+'Dai Loc'!C13+'Dong Lam'!C13+'Khanh Nga'!C13+TDP!C13+DTRVL!C13 -> 108051581921 | D13: =DTR!D13+'Dai Loc'!D13+'Dong Lam'!D13+'Khanh Nga'!D13+TDP!D13+DTRVL!D13 -> 108041861921 | E13: =DTR!E13+'Dai Loc'!E13+'Dong Lam'!E13+'Khanh Nga'!E13+TDP!E13+DTRVL!E13 -> 108032141921 | F13: =DTR!F13+'Dai Loc'!F13+'Dong Lam'!F13+'Khanh Nga'!F13+TDP!F13+DTRVL!F13 -> 97522421921 | G13: =DTR!G13+'Dai Loc'!G13+'Dong Lam'!G13+'Khanh Nga'!G13+TDP!G13+DTRVL!G13 -> 97512701921 | H13: =DTR!H13+'Dai Loc'!H13+'Dong Lam'!H13+'Khanh Nga'!H13+TDP!H13+DTRVL!H13 -> 77502981921 | I13: =DTR!I13+'Dai Loc'!I13+'Dong Lam'!I13+'Khanh Nga'!I13+TDP!I13+DTRVL!I13 -> 57993261921 | J13: =DTR!J13+'Dai Loc'!J13+'Dong Lam'!J13+'Khanh Nga'!J13+TDP!J13+DTRVL!J13 -> 57983541921 | ... Z13: =DTR!Z13+'Dai Loc'!Z13+'Dong Lam'!Z13+'Khanh Nga'!Z13+TDP!Z13+DTRVL!Z13 -> 79901021921
A14: 4.Dự phòng đầu tư nắm giữ đến ngày đáo hạn ngắn hạn (*) | B14: 9 | C14: =DTR!C14+'Dai Loc'!C14+'Dong Lam'!C14+'Khanh Nga'!C14+TDP!C14+DTRVL!C14 -> 0 | D14: =DTR!D14+'Dai Loc'!D14+'Dong Lam'!D14+'Khanh Nga'!D14+TDP!D14+DTRVL!D14 -> 0 | E14: =DTR!E14+'Dai Loc'!E14+'Dong Lam'!E14+'Khanh Nga'!E14+TDP!E14+DTRVL!E14 -> 0 | F14: =DTR!F14+'Dai Loc'!F14+'Dong Lam'!F14+'Khanh Nga'!F14+TDP!F14+DTRVL!F14 -> 0 | G14: =DTR!G14+'Dai Loc'!G14+'Dong Lam'!G14+'Khanh Nga'!G14+TDP!G14+DTRVL!G14 -> 0 | H14: =DTR!H14+'Dai Loc'!H14+'Dong Lam'!H14+'Khanh Nga'!H14+TDP!H14+DTRVL!H14 -> 0 | I14: =DTR!I14+'Dai Loc'!I14+'Dong Lam'!I14+'Khanh Nga'!I14+TDP!I14+DTRVL!I14 -> 0 | J14: =DTR!J14+'Dai Loc'!J14+'Dong Lam'!J14+'Khanh Nga'!J14+TDP!J14+DTRVL!J14 -> 0 | ... Z14: =DTR!Z14+'Dai Loc'!Z14+'Dong Lam'!Z14+'Khanh Nga'!Z14+TDP!Z14+DTRVL!Z14 -> 0
A15: 5.Đầu tư ngắn hạn khác | B15: 10 | C15: =DTR!C15+'Dai Loc'!C15+'Dong Lam'!C15+'Khanh Nga'!C15+TDP!C15+DTRVL!C15 -> 0 | D15: =DTR!D15+'Dai Loc'!D15+'Dong Lam'!D15+'Khanh Nga'!D15+TDP!D15+DTRVL!D15 -> 0 | E15: =DTR!E15+'Dai Loc'!E15+'Dong Lam'!E15+'Khanh Nga'!E15+TDP!E15+DTRVL!E15 -> 0 | F15: =DTR!F15+'Dai Loc'!F15+'Dong Lam'!F15+'Khanh Nga'!F15+TDP!F15+DTRVL!F15 -> 0 | G15: =DTR!G15+'Dai Loc'!G15+'Dong Lam'!G15+'Khanh Nga'!G15+TDP!G15+DTRVL!G15 -> 0 | H15: =DTR!H15+'Dai Loc'!H15+'Dong Lam'!H15+'Khanh Nga'!H15+TDP!H15+DTRVL!H15 -> 0 | I15: =DTR!I15+'Dai Loc'!I15+'Dong Lam'!I15+'Khanh Nga'!I15+TDP!I15+DTRVL!I15 -> 0 | J15: =DTR!J15+'Dai Loc'!J15+'Dong Lam'!J15+'Khanh Nga'!J15+TDP!J15+DTRVL!J15 -> 0 | ... Z15: =DTR!Z15+'Dai Loc'!Z15+'Dong Lam'!Z15+'Khanh Nga'!Z15+TDP!Z15+DTRVL!Z15 -> 0
A16: 6.Dự phòng tổn thất các khoản đầu tư ngắn hạn khác (*) | B16: 11 | C16: =DTR!C16+'Dai Loc'!C16+'Dong Lam'!C16+'Khanh Nga'!C16+TDP!C16+DTRVL!C16 -> 0 | D16: =DTR!D16+'Dai Loc'!D16+'Dong Lam'!D16+'Khanh Nga'!D16+TDP!D16+DTRVL!D16 -> 0 | E16: =DTR!E16+'Dai Loc'!E16+'Dong Lam'!E16+'Khanh Nga'!E16+TDP!E16+DTRVL!E16 -> 0 | F16: =DTR!F16+'Dai Loc'!F16+'Dong Lam'!F16+'Khanh Nga'!F16+TDP!F16+DTRVL!F16 -> 0 | G16: =DTR!G16+'Dai Loc'!G16+'Dong Lam'!G16+'Khanh Nga'!G16+TDP!G16+DTRVL!G16 -> 0 | H16: =DTR!H16+'Dai Loc'!H16+'Dong Lam'!H16+'Khanh Nga'!H16+TDP!H16+DTRVL!H16 -> 0 | I16: =DTR!I16+'Dai Loc'!I16+'Dong Lam'!I16+'Khanh Nga'!I16+TDP!I16+DTRVL!I16 -> 0 | J16: =DTR!J16+'Dai Loc'!J16+'Dong Lam'!J16+'Khanh Nga'!J16+TDP!J16+DTRVL!J16 -> 0 | ... Z16: =DTR!Z16+'Dai Loc'!Z16+'Dong Lam'!Z16+'Khanh Nga'!Z16+TDP!Z16+DTRVL!Z16 -> 0
A17: III.Các khoản phải thu ngắn hạn | B17: 12 | C17: =DTR!C17+'Dai Loc'!C17+'Dong Lam'!C17+'Khanh Nga'!C17+TDP!C17+DTRVL!C17 -> 2.0876077e+11 | D17: =DTR!D17+'Dai Loc'!D17+'Dong Lam'!D17+'Khanh Nga'!D17+TDP!D17+DTRVL!D17 -> 1.9391456e+11 | E17: =DTR!E17+'Dai Loc'!E17+'Dong Lam'!E17+'Khanh Nga'!E17+TDP!E17+DTRVL!E17 -> 201044728738 | F17: =DTR!F17+'Dai Loc'!F17+'Dong Lam'!F17+'Khanh Nga'!F17+TDP!F17+DTRVL!F17 -> 218534804131 | G17: =DTR!G17+'Dai Loc'!G17+'Dong Lam'!G17+'Khanh Nga'!G17+TDP!G17+DTRVL!G17 -> 2.2155237e+11 | H17: =DTR!H17+'Dai Loc'!H17+'Dong Lam'!H17+'Khanh Nga'!H17+TDP!H17+DTRVL!H17 -> 2.4767907e+11 | I17: =DTR!I17+'Dai Loc'!I17+'Dong Lam'!I17+'Khanh Nga'!I17+TDP!I17+DTRVL!I17 -> 1.528212e+11 | J17: =DTR!J17+'Dai Loc'!J17+'Dong Lam'!J17+'Khanh Nga'!J17+TDP!J17+DTRVL!J17 -> 1.7780637e+11 | ... Z17: =DTR!Z17+'Dai Loc'!Z17+'Dong Lam'!Z17+'Khanh Nga'!Z17+TDP!Z17+DTRVL!Z17 -> 287452852834
... A76: 5.Đầu tư nắm giữ đến ngày đáo hạn dài hạn | B76: 71 | C76: =DTR!C76+'Dai Loc'!C76+'Dong Lam'!C76+'Khanh Nga'!C76+TDP!C76+DTRVL!C76 -> 0 | D76: =DTR!D76+'Dai Loc'!D76+'Dong Lam'!D76+'Khanh Nga'!D76+TDP!D76+DTRVL!D76 -> 0 | E76: =DTR!E76+'Dai Loc'!E76+'Dong Lam'!E76+'Khanh Nga'!E76+TDP!E76+DTRVL!E76 -> 0 | F76: =DTR!F76+'Dai Loc'!F76+'Dong Lam'!F76+'Khanh Nga'!F76+TDP!F76+DTRVL!F76 -> 0 | G76: =DTR!G76+'Dai Loc'!G76+'Dong Lam'!G76+'Khanh Nga'!G76+TDP!G76+DTRVL!G76 -> 0 | H76: =DTR!H76+'Dai Loc'!H76+'Dong Lam'!H76+'Khanh Nga'!H76+TDP!H76+DTRVL!H76 -> 0 | I76: =DTR!I76+'Dai Loc'!I76+'Dong Lam'!I76+'Khanh Nga'!I76+TDP!I76+DTRVL!I76 -> 0 | J76: =DTR!J76+'Dai Loc'!J76+'Dong Lam'!J76+'Khanh Nga'!J76+TDP!J76+DTRVL!J76 -> 0 | ... Z76: =DTR!Z76+'Dai Loc'!Z76+'Dong Lam'!Z76+'Khanh Nga'!Z76+TDP!Z76+DTRVL!Z76 -> 0
A77: 6.Dự phòng đầu tư nắm giữ đến ngày đáo hạn dài hạn (*) | B77: 72
A78: VII.Tài sản dài hạn khác | B78: 73 | C78: =DTR!C78+'Dai Loc'!C78+'Dong Lam'!C78+'Khanh Nga'!C78+TDP!C78+DTRVL!C78 -> 5400042499 | D78: =DTR!D78+'Dai Loc'!D78+'Dong Lam'!D78+'Khanh Nga'!D78+TDP!D78+DTRVL!D78 -> 5122374256 | E78: =DTR!E78+'Dai Loc'!E78+'Dong Lam'!E78+'Khanh Nga'!E78+TDP!E78+DTRVL!E78 -> 6108142400 | F78: =DTR!F78+'Dai Loc'!F78+'Dong Lam'!F78+'Khanh Nga'!F78+TDP!F78+DTRVL!F78 -> 6691697581 | G78: =DTR!G78+'Dai Loc'!G78+'Dong Lam'!G78+'Khanh Nga'!G78+TDP!G78+DTRVL!G78 -> 6073217039 | H78: =DTR!H78+'Dai Loc'!H78+'Dong Lam'!H78+'Khanh Nga'!H78+TDP!H78+DTRVL!H78 -> 5922983520 | I78: =DTR!I78+'Dai Loc'!I78+'Dong Lam'!I78+'Khanh Nga'!I78+TDP!I78+DTRVL!I78 -> 6293381718 | J78: =DTR!J78+'Dai Loc'!J78+'Dong Lam'!J78+'Khanh Nga'!J78+TDP!J78+DTRVL!J78 -> 7144685884 | ... Z78: =DTR!Z78+'Dai Loc'!Z78+'Dong Lam'!Z78+'Khanh Nga'!Z78+TDP!Z78+DTRVL!Z78 -> 11383330015
A79: 1.Chi phí chờ phân bổ dài hạn | B79: 74 | C79: =DTR!C79+'Dai Loc'!C79+'Dong Lam'!C79+'Khanh Nga'!C79+TDP!C79+DTRVL!C79 -> 5400042499 | D79: =DTR!D79+'Dai Loc'!D79+'Dong Lam'!D79+'Khanh Nga'!D79+TDP!D79+DTRVL!D79 -> 5122374256 | E79: =DTR!E79+'Dai Loc'!E79+'Dong Lam'!E79+'Khanh Nga'!E79+TDP!E79+DTRVL!E79 -> 6108142400 | F79: =DTR!F79+'Dai Loc'!F79+'Dong Lam'!F79+'Khanh Nga'!F79+TDP!F79+DTRVL!F79 -> 6691697581 | G79: =DTR!G79+'Dai Loc'!G79+'Dong Lam'!G79+'Khanh Nga'!G79+TDP!G79+DTRVL!G79 -> 6073217039 | H79: =DTR!H79+'Dai Loc'!H79+'Dong Lam'!H79+'Khanh Nga'!H79+TDP!H79+DTRVL!H79 -> 5922983520 | I79: =DTR!I79+'Dai Loc'!I79+'Dong Lam'!I79+'Khanh Nga'!I79+TDP!I79+DTRVL!I79 -> 6293381718 | J79: =DTR!J79+'Dai Loc'!J79+'Dong Lam'!J79+'Khanh Nga'!J79+TDP!J79+DTRVL!J79 -> 7144685884 | ... Z79: =DTR!Z79+'Dai Loc'!Z79+'Dong Lam'!Z79+'Khanh Nga'!Z79+TDP!Z79+DTRVL!Z79 -> 11383330015
A80: 2.Tài sản thuế thu nhập hoãn lại | B80: 75 | C80: =DTR!C80+'Dai Loc'!C80+'Dong Lam'!C80+'Khanh Nga'!C80+TDP!C80+DTRVL!C80 -> 0 | D80: =DTR!D80+'Dai Loc'!D80+'Dong Lam'!D80+'Khanh Nga'!D80+TDP!D80+DTRVL!D80 -> 0 | E80: =DTR!E80+'Dai Loc'!E80+'Dong Lam'!E80+'Khanh Nga'!E80+TDP!E80+DTRVL!E80 -> 0 | F80: =DTR!F80+'Dai Loc'!F80+'Dong Lam'!F80+'Khanh Nga'!F80+TDP!F80+DTRVL!F80 -> 0 | G80: =DTR!G80+'Dai Loc'!G80+'Dong Lam'!G80+'Khanh Nga'!G80+TDP!G80+DTRVL!G80 -> 0 | H80: =DTR!H80+'Dai Loc'!H80+'Dong Lam'!H80+'Khanh Nga'!H80+TDP!H80+DTRVL!H80 -> 0 | I80: =DTR!I80+'Dai Loc'!I80+'Dong Lam'!I80+'Khanh Nga'!I80+TDP!I80+DTRVL!I80 -> 0 | J80: =DTR!J80+'Dai Loc'!J80+'Dong Lam'!J80+'Khanh Nga'!J80+TDP!J80+DTRVL!J80 -> 0 | ... Z80: =DTR!Z80+'Dai Loc'!Z80+'Dong Lam'!Z80+'Khanh Nga'!Z80+TDP!Z80+DTRVL!Z80 -> 0
A81: 3.Thiết bị, vật tư, phụ tùng thay thế dài hạn | B81: 76 | C81: =DTR!C81+'Dai Loc'!C81+'Dong Lam'!C81+'Khanh Nga'!C81+TDP!C81+DTRVL!C81 -> 0 | D81: =DTR!D81+'Dai Loc'!D81+'Dong Lam'!D81+'Khanh Nga'!D81+TDP!D81+DTRVL!D81 -> 0 | E81: =DTR!E81+'Dai Loc'!E81+'Dong Lam'!E81+'Khanh Nga'!E81+TDP!E81+DTRVL!E81 -> 0 | F81: =DTR!F81+'Dai Loc'!F81+'Dong Lam'!F81+'Khanh Nga'!F81+TDP!F81+DTRVL!F81 -> 0 | G81: =DTR!G81+'Dai Loc'!G81+'Dong Lam'!G81+'Khanh Nga'!G81+TDP!G81+DTRVL!G81 -> 0 | H81: =DTR!H81+'Dai Loc'!H81+'Dong Lam'!H81+'Khanh Nga'!H81+TDP!H81+DTRVL!H81 -> 0 | I81: =DTR!I81+'Dai Loc'!I81+'Dong Lam'!I81+'Khanh Nga'!I81+TDP!I81+DTRVL!I81 -> 0 | J81: =DTR!J81+'Dai Loc'!J81+'Dong Lam'!J81+'Khanh Nga'!J81+TDP!J81+DTRVL!J81 -> 0 | ... Z81: =DTR!Z81+'Dai Loc'!Z81+'Dong Lam'!Z81+'Khanh Nga'!Z81+TDP!Z81+DTRVL!Z81 -> 0
A82: 4.Tài sản dài hạn khác | B82: 77 | C82: =DTR!C82+'Dai Loc'!C82+'Dong Lam'!C82+'Khanh Nga'!C82+TDP!C82+DTRVL!C82 -> 0 | D82: =DTR!D82+'Dai Loc'!D82+'Dong Lam'!D82+'Khanh Nga'!D82+TDP!D82+DTRVL!D82 -> 0 | E82: =DTR!E82+'Dai Loc'!E82+'Dong Lam'!E82+'Khanh Nga'!E82+TDP!E82+DTRVL!E82 -> 0 | F82: =DTR!F82+'Dai Loc'!F82+'Dong Lam'!F82+'Khanh Nga'!F82+TDP!F82+DTRVL!F82 -> 0 | G82: =DTR!G82+'Dai Loc'!G82+'Dong Lam'!G82+'Khanh Nga'!G82+TDP!G82+DTRVL!G82 -> 0 | H82: =DTR!H82+'Dai Loc'!H82+'Dong Lam'!H82+'Khanh Nga'!H82+TDP!H82+DTRVL!H82 -> 0 | I82: =DTR!I82+'Dai Loc'!I82+'Dong Lam'!I82+'Khanh Nga'!I82+TDP!I82+DTRVL!I82 -> 0 | J82: =DTR!J82+'Dai Loc'!J82+'Dong Lam'!J82+'Khanh Nga'!J82+TDP!J82+DTRVL!J82 -> 0 | ... Z82: =DTR!Z82+'Dai Loc'!Z82+'Dong Lam'!Z82+'Khanh Nga'!Z82+TDP!Z82+DTRVL!Z82 -> 0
A83: TỔNG TÀI SẢN | B83: 78 | C83: =DTR!C83+'Dai Loc'!C83+'Dong Lam'!C83+'Khanh Nga'!C83+TDP!C83+DTRVL!C83 -> 1175130402352 | D83: =DTR!D83+'Dai Loc'!D83+'Dong Lam'!D83+'Khanh Nga'!D83+TDP!D83+DTRVL!D83 -> 1156870558457 | E83: =DTR!E83+'Dai Loc'!E83+'Dong Lam'!E83+'Khanh Nga'!E83+TDP!E83+DTRVL!E83 -> 1.1935024e+12 | F83: =DTR!F83+'Dai Loc'!F83+'Dong Lam'!F83+'Khanh Nga'!F83+TDP!F83+DTRVL!F83 -> 1.2545406e+12 | G83: =DTR!G83+'Dai Loc'!G83+'Dong Lam'!G83+'Khanh Nga'!G83+TDP!G83+DTRVL!G83 -> 1298938884161 | H83: =DTR!H83+'Dai Loc'!H83+'Dong Lam'!H83+'Khanh Nga'!H83+TDP!H83+DTRVL!H83 -> 1325603983311 | I83: =DTR!I83+'Dai Loc'!I83+'Dong Lam'!I83+'Khanh Nga'!I83+TDP!I83+DTRVL!I83 -> 1267478798902 | J83: =DTR!J83+'Dai Loc'!J83+'Dong Lam'!J83+'Khanh Nga'!J83+TDP!J83+DTRVL!J83 -> 1218289415966 | ... Z83: =DTR!Z83+'Dai Loc'!Z83+'Dong Lam'!Z83+'Khanh Nga'!Z83+TDP!Z83+DTRVL!Z83 -> 1399120322090
A84: C-NỢ PHẢI TRẢ | B84: 79 | C84: =DTR!C84+'Dai Loc'!C84+'Dong Lam'!C84+'Khanh Nga'!C84+TDP!C84+DTRVL!C84 -> 319278887594 | D84: =DTR!D84+'Dai Loc'!D84+'Dong Lam'!D84+'Khanh Nga'!D84+TDP!D84+DTRVL!D84 -> 307757355551 | E84: =DTR!E84+'Dai Loc'!E84+'Dong Lam'!E84+'Khanh Nga'!E84+TDP!E84+DTRVL!E84 -> 3.4713248e+11 | F84: =DTR!F84+'Dai Loc'!F84+'Dong Lam'!F84+'Khanh Nga'!F84+TDP!F84+DTRVL!F84 -> 4.0650239e+11 | G84: =DTR!G84+'Dai Loc'!G84+'Dong Lam'!G84+'Khanh Nga'!G84+TDP!G84+DTRVL!G84 -> 456592470300 | H84: =DTR!H84+'Dai Loc'!H84+'Dong Lam'!H84+'Khanh Nga'!H84+TDP!H84+DTRVL!H84 -> 495400218095 | I84: =DTR!I84+'Dai Loc'!I84+'Dong Lam'!I84+'Khanh Nga'!I84+TDP!I84+DTRVL!I84 -> 452469310020 | J84: =DTR!J84+'Dai Loc'!J84+'Dong Lam'!J84+'Khanh Nga'!J84+TDP!J84+DTRVL!J84 -> 413326247943 | ... Z84: =DTR!Z84+'Dai Loc'!Z84+'Dong Lam'!Z84+'Khanh Nga'!Z84+TDP!Z84+DTRVL!Z84 -> 451967241879
A85: I.Nợ ngắn hạn | B85: 80 | C85: =DTR!C85+'Dai Loc'!C85+'Dong Lam'!C85+'Khanh Nga'!C85+TDP!C85+DTRVL!C85 -> 208892476524 | D85: =DTR!D85+'Dai Loc'!D85+'Dong Lam'!D85+'Khanh Nga'!D85+TDP!D85+DTRVL!D85 -> 197465004481 | E85: =DTR!E85+'Dai Loc'!E85+'Dong Lam'!E85+'Khanh Nga'!E85+TDP!E85+DTRVL!E85 -> 2.3689912e+11 | F85: =DTR!F85+'Dai Loc'!F85+'Dong Lam'!F85+'Khanh Nga'!F85+TDP!F85+DTRVL!F85 -> 2.9656423e+11 | G85: =DTR!G85+'Dai Loc'!G85+'Dong Lam'!G85+'Khanh Nga'!G85+TDP!G85+DTRVL!G85 -> 348607602622 | H85: =DTR!H85+'Dai Loc'!H85+'Dong Lam'!H85+'Khanh Nga'!H85+TDP!H85+DTRVL!H85 -> 386086182417 | I85: =DTR!I85+'Dai Loc'!I85+'Dong Lam'!I85+'Khanh Nga'!I85+TDP!I85+DTRVL!I85 -> 343042467734 | J85: =DTR!J85+'Dai Loc'!J85+'Dong Lam'!J85+'Khanh Nga'!J85+TDP!J85+DTRVL!J85 -> 304556465657 | ... Z85: =DTR!Z85+'Dai Loc'!Z85+'Dong Lam'!Z85+'Khanh Nga'!Z85+TDP!Z85+DTRVL!Z85 -> 368814987525
A86: 1.Phải trả người bán ngắn hạn | B86: 81 | C86: =DTR!C86+'Dai Loc'!C86+'Dong Lam'!C86+'Khanh Nga'!C86+TDP!C86+DTRVL!C86 -> 82949409956 | D86: =DTR!D86+'Dai Loc'!D86+'Dong Lam'!D86+'Khanh Nga'!D86+TDP!D86+DTRVL!D86 -> 85403340041 | E86: =DTR!E86+'Dai Loc'!E86+'Dong Lam'!E86+'Khanh Nga'!E86+TDP!E86+DTRVL!E86 -> 89847500656 | F86: =DTR!F86+'Dai Loc'!F86+'Dong Lam'!F86+'Khanh Nga'!F86+TDP!F86+DTRVL!F86 -> 92084070378 | G86: =DTR!G86+'Dai Loc'!G86+'Dong Lam'!G86+'Khanh Nga'!G86+TDP!G86+DTRVL!G86 -> 97185029412 | H86: =DTR!H86+'Dai Loc'!H86+'Dong Lam'!H86+'Khanh Nga'!H86+TDP!H86+DTRVL!H86 -> 129200888383 | I86: =DTR!I86+'Dai Loc'!I86+'Dong Lam'!I86+'Khanh Nga'!I86+TDP!I86+DTRVL!I86 -> 101456785709 | J86: =DTR!J86+'Dai Loc'!J86+'Dong Lam'!J86+'Khanh Nga'!J86+TDP!J86+DTRVL!J86 -> 115528799746 | ... Z86: =DTR!Z86+'Dai Loc'!Z86+'Dong Lam'!Z86+'Khanh Nga'!Z86+TDP!Z86+DTRVL!Z86 -> 35590749044
A87: 2.Người mua trả tiền trước ngắn hạn | B87: 82 | C87: =DTR!C87+'Dai Loc'!C87+'Dong Lam'!C87+'Khanh Nga'!C87+TDP!C87+DTRVL!C87 -> 4031903040 | D87: =DTR!D87+'Dai Loc'!D87+'Dong Lam'!D87+'Khanh Nga'!D87+TDP!D87+DTRVL!D87 -> 0 | E87: =DTR!E87+'Dai Loc'!E87+'Dong Lam'!E87+'Khanh Nga'!E87+TDP!E87+DTRVL!E87 -> -540918440 | F87: =DTR!F87+'Dai Loc'!F87+'Dong Lam'!F87+'Khanh Nga'!F87+TDP!F87+DTRVL!F87 -> 4278155246 | G87: =DTR!G87+'Dai Loc'!G87+'Dong Lam'!G87+'Khanh Nga'!G87+TDP!G87+DTRVL!G87 -> 14753134850 | H87: =DTR!H87+'Dai Loc'!H87+'Dong Lam'!H87+'Khanh Nga'!H87+TDP!H87+DTRVL!H87 -> 36030101433 | I87: =DTR!I87+'Dai Loc'!I87+'Dong Lam'!I87+'Khanh Nga'!I87+TDP!I87+DTRVL!I87 -> 34757495667 | J87: =DTR!J87+'Dai Loc'!J87+'Dong Lam'!J87+'Khanh Nga'!J87+TDP!J87+DTRVL!J87 -> 16991723009 | ... Z87: =DTR!Z87+'Dai Loc'!Z87+'Dong Lam'!Z87+'Khanh Nga'!Z87+TDP!Z87+DTRVL!Z87 -> 27242108550
A88: 3.Phải trả cổ tức, lợi nhuận | B88: 83 | C88: =DTR!C88+'Dai Loc'!C88+'Dong Lam'!C88+'Khanh Nga'!C88+TDP!C88+DTRVL!C88 -> 0 | D88: =DTR!D88+'Dai Loc'!D88+'Dong Lam'!D88+'Khanh Nga'!D88+TDP!D88+DTRVL!D88 -> 0 | E88: =DTR!E88+'Dai Loc'!E88+'Dong Lam'!E88+'Khanh Nga'!E88+TDP!E88+DTRVL!E88 -> 0 | F88: =DTR!F88+'Dai Loc'!F88+'Dong Lam'!F88+'Khanh Nga'!F88+TDP!F88+DTRVL!F88 -> 0 | G88: =DTR!G88+'Dai Loc'!G88+'Dong Lam'!G88+'Khanh Nga'!G88+TDP!G88+DTRVL!G88 -> 0 | H88: =DTR!H88+'Dai Loc'!H88+'Dong Lam'!H88+'Khanh Nga'!H88+TDP!H88+DTRVL!H88 -> 0 | I88: =DTR!I88+'Dai Loc'!I88+'Dong Lam'!I88+'Khanh Nga'!I88+TDP!I88+DTRVL!I88 -> 0 | J88: =DTR!J88+'Dai Loc'!J88+'Dong Lam'!J88+'Khanh Nga'!J88+TDP!J88+DTRVL!J88 -> 0 | ... Z88: =DTR!Z88+'Dai Loc'!Z88+'Dong Lam'!Z88+'Khanh Nga'!Z88+TDP!Z88+DTRVL!Z88 -> 0
A89: 4.Thuế và các khoản phải nộp Nhà nước ngắn hạn | B89: 84 | C89: =DTR!C89+'Dai Loc'!C89+'Dong Lam'!C89+'Khanh Nga'!C89+TDP!C89+DTRVL!C89 -> 10498883610 | D89: =DTR!D89+'Dai Loc'!D89+'Dong Lam'!D89+'Khanh Nga'!D89+TDP!D89+DTRVL!D89 -> 3689814164 | E89: =DTR!E89+'Dai Loc'!E89+'Dong Lam'!E89+'Khanh Nga'!E89+TDP!E89+DTRVL!E89 -> 4062755871 | F89: =DTR!F89+'Dai Loc'!F89+'Dong Lam'!F89+'Khanh Nga'!F89+TDP!F89+DTRVL!F89 -> 1384290807 | G89: =DTR!G89+'Dai Loc'!G89+'Dong Lam'!G89+'Khanh Nga'!G89+TDP!G89+DTRVL!G89 -> 2308850961 | H89: =DTR!H89+'Dai Loc'!H89+'Dong Lam'!H89+'Khanh Nga'!H89+TDP!H89+DTRVL!H89 -> 3118570444 | I89: =DTR!I89+'Dai Loc'!I89+'Dong Lam'!I89+'Khanh Nga'!I89+TDP!I89+DTRVL!I89 -> 1058457452 | J89: =DTR!J89+'Dai Loc'!J89+'Dong Lam'!J89+'Khanh Nga'!J89+TDP!J89+DTRVL!J89 -> 1211020482 | ... Z89: =DTR!Z89+'Dai Loc'!Z89+'Dong Lam'!Z89+'Khanh Nga'!Z89+TDP!Z89+DTRVL!Z89 -> 7281246280
... A131: TỔNG NGUỒN VỐN | B131: 126 | C131: =DTR!C131+'Dai Loc'!C131+'Dong Lam'!C131+'Khanh Nga'!C131+TDP!C131+DTRVL!C131 -> 1175130402352 | D131: =DTR!D131+'Dai Loc'!D131+'Dong Lam'!D131+'Khanh Nga'!D131+TDP!D131+DTRVL!D131 -> 1156870558457 | E131: =DTR!E131+'Dai Loc'!E131+'Dong Lam'!E131+'Khanh Nga'!E131+TDP!E131+DTRVL!E131 -> 1.1935024e+12 | F131: =DTR!F131+'Dai Loc'!F131+'Dong Lam'!F131+'Khanh Nga'!F131+TDP!F131+DTRVL!F131 -> 1.2545406e+12 | G131: =DTR!G131+'Dai Loc'!G131+'Dong Lam'!G131+'Khanh Nga'!G131+TDP!G131+DTRVL!G131 -> 1298938884161 | H131: =DTR!H131+'Dai Loc'!H131+'Dong Lam'!H131+'Khanh Nga'!H131+TDP!H131+DTRVL!H131 -> 1325603983311 | I131: =DTR!I131+'Dai Loc'!I131+'Dong Lam'!I131+'Khanh Nga'!I131+TDP!I131+DTRVL!I131 -> 1267478798902 | J131: =DTR!J131+'Dai Loc'!J131+'Dong Lam'!J131+'Khanh Nga'!J131+TDP!J131+DTRVL!J131 -> 1218289415966 | ... Z131: =DTR!Z131+'Dai Loc'!Z131+'Dong Lam'!Z131+'Khanh Nga'!Z131+TDP!Z131+DTRVL!Z131 -> 1399120322090
C132: =C131-C83 -> 0 | D132: =D131-D83 -> 0 | E132: =E131-E83 -> 0 | F132: =F131-F83 -> 0 | G132: =G131-G83 -> 0 | H132: =H131-H83 -> 0 | I132: =I131-I83 -> 0 | J132: =J131-J83 -> 0 | ... Z132: =Z131-Z83 -> 0
A133: PHẦN II-KẾT QUẢ HOẠT ĐỘNG KINH DOANH | B133: Index PL | C133: =C5 -> T01.2024 | D133: =D5 -> T02.2024 | E133: =E5 -> T03.2024 | F133: =F5 -> T04.2024 | G133: =G5 -> T05.2024 | H133: =H5 -> T06.2024 | I133: =I5 -> T07.2024 | J133: =J5 -> T08.2024 | ... Z133: =Z5 -> T12.2025 | AA133: T01.2026 | AB133: T02.2026 | AC133: T03.2026 | AD133: T04.2026 | AE133: T05.2026 | AF133: T06.2026 | AG133: T07.2026 | AH133: T08.2026 | AI133: T09.2026 | AJ133: T10.2026 | AK133: T11.2026 | AL133: T12.2026 | AM133: Tổng hợp 2026 | AN133: Tổng hợp 205 | AO133: 2026 vs 2025 | AP133: %
A134: Sản lượng (Tấn) | B134: 1 | C134: =DTR!C134+'Dai Loc'!C134+'Dong Lam'!C134+'Khanh Nga'!C134+TDP!C134+DTRVL!C134 -> 5108.325 | D134: =DTR!D134+'Dai Loc'!D134+'Dong Lam'!D134+'Khanh Nga'!D134+TDP!D134+DTRVL!D134 -> 3038.375 | E134: =DTR!E134+'Dai Loc'!E134+'Dong Lam'!E134+'Khanh Nga'!E134+TDP!E134+DTRVL!E134 -> 4394.4 | F134: =DTR!F134+'Dai Loc'!F134+'Dong Lam'!F134+'Khanh Nga'!F134+TDP!F134+DTRVL!F134 -> 4434.75 | G134: =DTR!G134+'Dai Loc'!G134+'Dong Lam'!G134+'Khanh Nga'!G134+TDP!G134+DTRVL!G134 -> 4827.202 | H134: =DTR!H134+'Dai Loc'!H134+'Dong Lam'!H134+'Khanh Nga'!H134+TDP!H134+DTRVL!H134 -> 3532.75 | I134: =DTR!I134+'Dai Loc'!I134+'Dong Lam'!I134+'Khanh Nga'!I134+TDP!I134+DTRVL!I134 -> 2953.134 | J134: =DTR!J134+'Dai Loc'!J134+'Dong Lam'!J134+'Khanh Nga'!J134+TDP!J134+DTRVL!J134 -> 5764.9472 | ... AL134: =DTR!AL134+'Dai Loc'!AL134+'Dong Lam'!AL134+'Khanh Nga'!AL134+TDP!AL134+DTRVL!AL134 -> 7410.268 | AM134: =SUM(AA134:AL134) -> 84233.917 | AN134: =SUM(O134:Z134) -> 68196.753 | AO134: =AM134-AN134 -> 16037.165 | AP134: =AO134/AM134 -> 0.19038845
A135: 1.Doanh thu bán hàng và cung cấp dịch vụ | B135: 2 | C135: =DTR!C135+'Dai Loc'!C135+'Dong Lam'!C135+'Khanh Nga'!C135+TDP!C135+DTRVL!C135 -> 130037940981 | D135: =DTR!D135+'Dai Loc'!D135+'Dong Lam'!D135+'Khanh Nga'!D135+TDP!D135+DTRVL!D135 -> 84645791256 | E135: =DTR!E135+'Dai Loc'!E135+'Dong Lam'!E135+'Khanh Nga'!E135+TDP!E135+DTRVL!E135 -> 115625416433 | F135: =DTR!F135+'Dai Loc'!F135+'Dong Lam'!F135+'Khanh Nga'!F135+TDP!F135+DTRVL!F135 -> 117647266094 | G135: =DTR!G135+'Dai Loc'!G135+'Dong Lam'!G135+'Khanh Nga'!G135+TDP!G135+DTRVL!G135 -> 128085507494 | H135: =DTR!H135+'Dai Loc'!H135+'Dong Lam'!H135+'Khanh Nga'!H135+TDP!H135+DTRVL!H135 -> 95661572209 | I135: =DTR!I135+'Dai Loc'!I135+'Dong Lam'!I135+'Khanh Nga'!I135+TDP!I135+DTRVL!I135 -> 74679662458 | J135: =DTR!J135+'Dai Loc'!J135+'Dong Lam'!J135+'Khanh Nga'!J135+TDP!J135+DTRVL!J135 -> 178936926222 | ... AL135: =DTR!AL135+'Dai Loc'!AL135+'Dong Lam'!AL135+'Khanh Nga'!AL135+TDP!AL135+DTRVL!AL135 -> 1.701826e+11 | AM135: =SUM(AA135:AL135) -> 1.9373895e+12 | AN135: =SUM(O135:Z135) -> 1924391187895 | AO135: =AM135-AN135 -> 1.2998362e+10 | AP135: =AO135/AM135 -> 0.0067092143
A136: 2.Các khoản giảm trừ doanh thu | B136: 3 | C136: =DTR!C136+'Dai Loc'!C136+'Dong Lam'!C136+'Khanh Nga'!C136+TDP!C136+DTRVL!C136 -> 0 | D136: =DTR!D136+'Dai Loc'!D136+'Dong Lam'!D136+'Khanh Nga'!D136+TDP!D136+DTRVL!D136 -> 1166125000 | E136: =DTR!E136+'Dai Loc'!E136+'Dong Lam'!E136+'Khanh Nga'!E136+TDP!E136+DTRVL!E136 -> 0 | F136: =DTR!F136+'Dai Loc'!F136+'Dong Lam'!F136+'Khanh Nga'!F136+TDP!F136+DTRVL!F136 -> 0 | G136: =DTR!G136+'Dai Loc'!G136+'Dong Lam'!G136+'Khanh Nga'!G136+TDP!G136+DTRVL!G136 -> 136455000 | H136: =DTR!H136+'Dai Loc'!H136+'Dong Lam'!H136+'Khanh Nga'!H136+TDP!H136+DTRVL!H136 -> 0 | I136: =DTR!I136+'Dai Loc'!I136+'Dong Lam'!I136+'Khanh Nga'!I136+TDP!I136+DTRVL!I136 -> 0 | J136: =DTR!J136+'Dai Loc'!J136+'Dong Lam'!J136+'Khanh Nga'!J136+TDP!J136+DTRVL!J136 -> 6345077301 | ... AL136: =DTR!AL136+'Dai Loc'!AL136+'Dong Lam'!AL136+'Khanh Nga'!AL136+TDP!AL136+DTRVL!AL136 -> 0 | AM136: =SUM(AA136:AL136) -> 0 | AN136: =SUM(O136:Z136) -> 12795797187 | AO136: =AM136-AN136 -> -12795797187
A137: 3.Doanh thu thuần về bán hàng và cung cấp dịch vụ | B137: 4 | C137: =DTR!C137+'Dai Loc'!C137+'Dong Lam'!C137+'Khanh Nga'!C137+TDP!C137+DTRVL!C137 -> 130037940981 | D137: =DTR!D137+'Dai Loc'!D137+'Dong Lam'!D137+'Khanh Nga'!D137+TDP!D137+DTRVL!D137 -> 83479666256 | E137: =DTR!E137+'Dai Loc'!E137+'Dong Lam'!E137+'Khanh Nga'!E137+TDP!E137+DTRVL!E137 -> 115625416433 | F137: =DTR!F137+'Dai Loc'!F137+'Dong Lam'!F137+'Khanh Nga'!F137+TDP!F137+DTRVL!F137 -> 117647266094 | G137: =DTR!G137+'Dai Loc'!G137+'Dong Lam'!G137+'Khanh Nga'!G137+TDP!G137+DTRVL!G137 -> 127949052494 | H137: =DTR!H137+'Dai Loc'!H137+'Dong Lam'!H137+'Khanh Nga'!H137+TDP!H137+DTRVL!H137 -> 95661572209 | I137: =DTR!I137+'Dai Loc'!I137+'Dong Lam'!I137+'Khanh Nga'!I137+TDP!I137+DTRVL!I137 -> 74679662458 | J137: =DTR!J137+'Dai Loc'!J137+'Dong Lam'!J137+'Khanh Nga'!J137+TDP!J137+DTRVL!J137 -> 172591848921 | ... AL137: =DTR!AL137+'Dai Loc'!AL137+'Dong Lam'!AL137+'Khanh Nga'!AL137+TDP!AL137+DTRVL!AL137 -> 1.875781e+11 | AM137: =SUM(AA137:AL137) -> 2.1201844e+12 | AN137: =SUM(O137:Z137) -> 1911595390708 | AO137: =AM137-AN137 -> 2.0858897e+11 | AP137: =AO137/AM137 -> 0.098382468
A138: 4.Giá vốn hàng bán | B138: 5 | C138: =DTR!C138+'Dai Loc'!C138+'Dong Lam'!C138+'Khanh Nga'!C138+TDP!C138+DTRVL!C138 -> 120065457134 | D138: =DTR!D138+'Dai Loc'!D138+'Dong Lam'!D138+'Khanh Nga'!D138+TDP!D138+DTRVL!D138 -> 83995360322 | E138: =DTR!E138+'Dai Loc'!E138+'Dong Lam'!E138+'Khanh Nga'!E138+TDP!E138+DTRVL!E138 -> 109165390822 | F138: =DTR!F138+'Dai Loc'!F138+'Dong Lam'!F138+'Khanh Nga'!F138+TDP!F138+DTRVL!F138 -> 105655387173 | G138: =DTR!G138+'Dai Loc'!G138+'Dong Lam'!G138+'Khanh Nga'!G138+TDP!G138+DTRVL!G138 -> 125507167216 | H138: =DTR!H138+'Dai Loc'!H138+'Dong Lam'!H138+'Khanh Nga'!H138+TDP!H138+DTRVL!H138 -> 98477492806 | I138: =DTR!I138+'Dai Loc'!I138+'Dong Lam'!I138+'Khanh Nga'!I138+TDP!I138+DTRVL!I138 -> 80393606783 | J138: =DTR!J138+'Dai Loc'!J138+'Dong Lam'!J138+'Khanh Nga'!J138+TDP!J138+DTRVL!J138 -> 167228552558 | ... AL138: =DTR!AL138+'Dai Loc'!AL138+'Dong Lam'!AL138+'Khanh Nga'!AL138+TDP!AL138+DTRVL!AL138 -> 1.6220532e+11 | AM138: =SUM(AA138:AL138) -> 1.8556135e+12 | AN138: =SUM(O138:Z138) -> 1694769698773 | AO138: =AM138-AN138 -> 1.6084378e+11 | AP138: =AO138/AM138 -> 0.086679569
A139: 5.Lợi nhuận gộp về bán hàng | B139: 6 | C139: =DTR!C139+'Dai Loc'!C139+'Dong Lam'!C139+'Khanh Nga'!C139+TDP!C139+DTRVL!C139 -> 9972483847 | D139: =DTR!D139+'Dai Loc'!D139+'Dong Lam'!D139+'Khanh Nga'!D139+TDP!D139+DTRVL!D139 -> -515694066 | E139: =DTR!E139+'Dai Loc'!E139+'Dong Lam'!E139+'Khanh Nga'!E139+TDP!E139+DTRVL!E139 -> 6460025611 | F139: =DTR!F139+'Dai Loc'!F139+'Dong Lam'!F139+'Khanh Nga'!F139+TDP!F139+DTRVL!F139 -> 11991878921 | G139: =DTR!G139+'Dai Loc'!G139+'Dong Lam'!G139+'Khanh Nga'!G139+TDP!G139+DTRVL!G139 -> 2441885278 | H139: =DTR!H139+'Dai Loc'!H139+'Dong Lam'!H139+'Khanh Nga'!H139+TDP!H139+DTRVL!H139 -> -2815920597 | I139: =DTR!I139+'Dai Loc'!I139+'Dong Lam'!I139+'Khanh Nga'!I139+TDP!I139+DTRVL!I139 -> -5713944325 | J139: =DTR!J139+'Dai Loc'!J139+'Dong Lam'!J139+'Khanh Nga'!J139+TDP!J139+DTRVL!J139 -> 5363296363 | ... Z139: =DTR!Z139+'Dai Loc'!Z139+'Dong Lam'!Z139+'Khanh Nga'!Z139+TDP!Z139+DTRVL!Z139 -> 37394107370 | AA139: =AA137-AA138 -> 1.8265635e+10 | AB139: =AB137-AB138 -> 1.1496149e+10 | AC139: =AC137-AC138 -> 2.1396983e+10 | AD139: =AD137-AD138 -> 1.9212745e+10 | AE139: =AE137-AE138 -> 2.1437525e+10 | AF139: =AF137-AF138 -> 2.0349382e+10 | AG139: =AG137-AG138 -> 2.6021268e+10 | AH139: =AH137-AH138 -> 2.5395279e+10 | ... AL139: =AL137-AL138 -> 2.5372778e+10 | AM139: =SUM(AA139:AL139) -> 2.6457089e+11 | AN139: =SUM(O139:Z139) -> 216825691935 | AO139: =AM139-AN139 -> 4.7745193e+10 | AP139: =AO139/AM139 -> 0.18046276
A140: 6.Lãi/lỗ của hoạt động bán, thanh lý bất động sản đầu tư | B140: 7 | C140: =DTR!C140+'Dai Loc'!C140+'Dong Lam'!C140+'Khanh Nga'!C140+TDP!C140+DTRVL!C140 -> 0 | D140: =DTR!D140+'Dai Loc'!D140+'Dong Lam'!D140+'Khanh Nga'!D140+TDP!D140+DTRVL!D140 -> 0 | E140: =DTR!E140+'Dai Loc'!E140+'Dong Lam'!E140+'Khanh Nga'!E140+TDP!E140+DTRVL!E140 -> 0 | F140: =DTR!F140+'Dai Loc'!F140+'Dong Lam'!F140+'Khanh Nga'!F140+TDP!F140+DTRVL!F140 -> 0 | G140: =DTR!G140+'Dai Loc'!G140+'Dong Lam'!G140+'Khanh Nga'!G140+TDP!G140+DTRVL!G140 -> 0 | H140: =DTR!H140+'Dai Loc'!H140+'Dong Lam'!H140+'Khanh Nga'!H140+TDP!H140+DTRVL!H140 -> 0 | I140: =DTR!I140+'Dai Loc'!I140+'Dong Lam'!I140+'Khanh Nga'!I140+TDP!I140+DTRVL!I140 -> 0 | J140: =DTR!J140+'Dai Loc'!J140+'Dong Lam'!J140+'Khanh Nga'!J140+TDP!J140+DTRVL!J140 -> 0 | ... AL140: =DTR!AL140+'Dai Loc'!AL140+'Dong Lam'!AL140+'Khanh Nga'!AL140+TDP!AL140+DTRVL!AL140 -> 0 | AM140: =SUM(AA140:AL140) -> 0 | AN140: =SUM(O140:Z140) -> 0 | AO140: =AM140-AN140 -> 0
A141: 7.Doanh thu hoạt động tài chính | B141: 8 | C141: =DTR!C141+'Dai Loc'!C141+'Dong Lam'!C141+'Khanh Nga'!C141+TDP!C141+DTRVL!C141 -> 712260969 | D141: =DTR!D141+'Dai Loc'!D141+'Dong Lam'!D141+'Khanh Nga'!D141+TDP!D141+DTRVL!D141 -> 1111471110 | E141: =DTR!E141+'Dai Loc'!E141+'Dong Lam'!E141+'Khanh Nga'!E141+TDP!E141+DTRVL!E141 -> 1004651784 | F141: =DTR!F141+'Dai Loc'!F141+'Dong Lam'!F141+'Khanh Nga'!F141+TDP!F141+DTRVL!F141 -> 1746021208 | G141: =DTR!G141+'Dai Loc'!G141+'Dong Lam'!G141+'Khanh Nga'!G141+TDP!G141+DTRVL!G141 -> 1032867505 | H141: =DTR!H141+'Dai Loc'!H141+'Dong Lam'!H141+'Khanh Nga'!H141+TDP!H141+DTRVL!H141 -> 591086157 | I141: =DTR!I141+'Dai Loc'!I141+'Dong Lam'!I141+'Khanh Nga'!I141+TDP!I141+DTRVL!I141 -> 376652862 | J141: =DTR!J141+'Dai Loc'!J141+'Dong Lam'!J141+'Khanh Nga'!J141+TDP!J141+DTRVL!J141 -> 1253018630 | ... AL141: =DTR!AL141+'Dai Loc'!AL141+'Dong Lam'!AL141+'Khanh Nga'!AL141+TDP!AL141+DTRVL!AL141 -> 10005548 | AM141: =SUM(AA141:AL141) -> 1.5006658e+08 | AN141: =SUM(O141:Z141) -> 17292240907 | AO141: =AM141-AN141 -> -1.7142174e+10 | AP141: =AO141/AM141 -> -114.23046
A142: 8.Chi phí tài chính | B142: 9 | C142: =DTR!C142+'Dai Loc'!C142+'Dong Lam'!C142+'Khanh Nga'!C142+TDP!C142+DTRVL!C142 -> 801399604 | D142: =DTR!D142+'Dai Loc'!D142+'Dong Lam'!D142+'Khanh Nga'!D142+TDP!D142+DTRVL!D142 -> 695500231 | E142: =DTR!E142+'Dai Loc'!E142+'Dong Lam'!E142+'Khanh Nga'!E142+TDP!E142+DTRVL!E142 -> 663502461 | F142: =DTR!F142+'Dai Loc'!F142+'Dong Lam'!F142+'Khanh Nga'!F142+TDP!F142+DTRVL!F142 -> 1555671370 | G142: =DTR!G142+'Dai Loc'!G142+'Dong Lam'!G142+'Khanh Nga'!G142+TDP!G142+DTRVL!G142 -> 936492932 | H142: =DTR!H142+'Dai Loc'!H142+'Dong Lam'!H142+'Khanh Nga'!H142+TDP!H142+DTRVL!H142 -> 1103852896 | I142: =DTR!I142+'Dai Loc'!I142+'Dong Lam'!I142+'Khanh Nga'!I142+TDP!I142+DTRVL!I142 -> 1608708972 | J142: =DTR!J142+'Dai Loc'!J142+'Dong Lam'!J142+'Khanh Nga'!J142+TDP!J142+DTRVL!J142 -> 1489581015 | ... AL142: =DTR!AL142+'Dai Loc'!AL142+'Dong Lam'!AL142+'Khanh Nga'!AL142+TDP!AL142+DTRVL!AL142 -> 3.1023551e+09 | AM142: =SUM(AA142:AL142) -> 3.4565904e+10 | AN142: =SUM(O142:Z142) -> 18518677984 | AO142: =AM142-AN142 -> 1.6047226e+10 | AP142: =AO142/AM142 -> 0.46425015
A143: Trong đó: Chi phí lãi vay | B143: 10 | C143: =DTR!C143+'Dai Loc'!C143+'Dong Lam'!C143+'Khanh Nga'!C143+TDP!C143+DTRVL!C143 -> 460461775 | D143: =DTR!D143+'Dai Loc'!D143+'Dong Lam'!D143+'Khanh Nga'!D143+TDP!D143+DTRVL!D143 -> 563909516 | E143: =DTR!E143+'Dai Loc'!E143+'Dong Lam'!E143+'Khanh Nga'!E143+TDP!E143+DTRVL!E143 -> 587315920 | F143: =DTR!F143+'Dai Loc'!F143+'Dong Lam'!F143+'Khanh Nga'!F143+TDP!F143+DTRVL!F143 -> 905708142 | G143: =DTR!G143+'Dai Loc'!G143+'Dong Lam'!G143+'Khanh Nga'!G143+TDP!G143+DTRVL!G143 -> 974310029 | H143: =DTR!H143+'Dai Loc'!H143+'Dong Lam'!H143+'Khanh Nga'!H143+TDP!H143+DTRVL!H143 -> 1115056080 | I143: =DTR!I143+'Dai Loc'!I143+'Dong Lam'!I143+'Khanh Nga'!I143+TDP!I143+DTRVL!I143 -> 1160823006 | J143: =DTR!J143+'Dai Loc'!J143+'Dong Lam'!J143+'Khanh Nga'!J143+TDP!J143+DTRVL!J143 -> 939585045 | ... AL143: =DTR!AL143+'Dai Loc'!AL143+'Dong Lam'!AL143+'Khanh Nga'!AL143+TDP!AL143+DTRVL!AL143 -> 3.1023551e+09 | AM143: =SUM(AA143:AL143) -> 3.4565904e+10 | AN143: =SUM(O143:Z143) -> 14266626254 | AO143: =AM143-AN143 -> 2.0299278e+10 | AP143: =AO143/AM143 -> 0.58726304
A144: 9.Chi phí bán hàng | B144: 11 | C144: =DTR!C144+'Dai Loc'!C144+'Dong Lam'!C144+'Khanh Nga'!C144+TDP!C144+DTRVL!C144 -> 4849994610 | D144: =DTR!D144+'Dai Loc'!D144+'Dong Lam'!D144+'Khanh Nga'!D144+TDP!D144+DTRVL!D144 -> 1560472559 | E144: =DTR!E144+'Dai Loc'!E144+'Dong Lam'!E144+'Khanh Nga'!E144+TDP!E144+DTRVL!E144 -> 4219375143 | F144: =DTR!F144+'Dai Loc'!F144+'Dong Lam'!F144+'Khanh Nga'!F144+TDP!F144+DTRVL!F144 -> 4926459549 | G144: =DTR!G144+'Dai Loc'!G144+'Dong Lam'!G144+'Khanh Nga'!G144+TDP!G144+DTRVL!G144 -> 2125110954 | H144: =DTR!H144+'Dai Loc'!H144+'Dong Lam'!H144+'Khanh Nga'!H144+TDP!H144+DTRVL!H144 -> 2824966874 | I144: =DTR!I144+'Dai Loc'!I144+'Dong Lam'!I144+'Khanh Nga'!I144+TDP!I144+DTRVL!I144 -> 2596964337 | J144: =DTR!J144+'Dai Loc'!J144+'Dong Lam'!J144+'Khanh Nga'!J144+TDP!J144+DTRVL!J144 -> 8480107205 | ... AL144: =DTR!AL144+'Dai Loc'!AL144+'Dong Lam'!AL144+'Khanh Nga'!AL144+TDP!AL144+DTRVL!AL144 -> 5.5256037e+09 | AM144: =SUM(AA144:AL144) -> 6.5373478e+10 | AN144: =SUM(O144:Z144) -> 61642250280 | AO144: =AM144-AN144 -> 3.731228e+09 | AP144: =AO144/AM144 -> 0.057075561
A145: 10.Chi phí quản lý doanh nghiệp | B145: 12 | C145: =DTR!C145+'Dai Loc'!C145+'Dong Lam'!C145+'Khanh Nga'!C145+TDP!C145+DTRVL!C145 -> 5698695249 | D145: =DTR!D145+'Dai Loc'!D145+'Dong Lam'!D145+'Khanh Nga'!D145+TDP!D145+DTRVL!D145 -> 5090845577 | E145: =DTR!E145+'Dai Loc'!E145+'Dong Lam'!E145+'Khanh Nga'!E145+TDP!E145+DTRVL!E145 -> 5285019459 | F145: =DTR!F145+'Dai Loc'!F145+'Dong Lam'!F145+'Khanh Nga'!F145+TDP!F145+DTRVL!F145 -> 5584474639 | G145: =DTR!G145+'Dai Loc'!G145+'Dong Lam'!G145+'Khanh Nga'!G145+TDP!G145+DTRVL!G145 -> 6069340865 | H145: =DTR!H145+'Dai Loc'!H145+'Dong Lam'!H145+'Khanh Nga'!H145+TDP!H145+DTRVL!H145 -> 5881960019 | I145: =DTR!I145+'Dai Loc'!I145+'Dong Lam'!I145+'Khanh Nga'!I145+TDP!I145+DTRVL!I145 -> 5698093117 | J145: =DTR!J145+'Dai Loc'!J145+'Dong Lam'!J145+'Khanh Nga'!J145+TDP!J145+DTRVL!J145 -> 6840474838 | ... AL145: =DTR!AL145+'Dai Loc'!AL145+'Dong Lam'!AL145+'Khanh Nga'!AL145+TDP!AL145+DTRVL!AL145 -> 1.1454543e+10 | AM145: =SUM(AA145:AL145) -> 1.1597396e+11 | AN145: =SUM(O145:Z145) -> 111596791512 | AO145: =AM145-AN145 -> 4.3771695e+09 | AP145: =AO145/AM145 -> 0.037742692
A146: 11.Lợi nhuận thuần từ hoạt động kinh doanh | B146: 13 | C146: =DTR!C146+'Dai Loc'!C146+'Dong Lam'!C146+'Khanh Nga'!C146+TDP!C146+DTRVL!C146 -> -665344647 | D146: =DTR!D146+'Dai Loc'!D146+'Dong Lam'!D146+'Khanh Nga'!D146+TDP!D146+DTRVL!D146 -> -6751041323 | E146: =DTR!E146+'Dai Loc'!E146+'Dong Lam'!E146+'Khanh Nga'!E146+TDP!E146+DTRVL!E146 -> -2703219668 | F146: =DTR!F146+'Dai Loc'!F146+'Dong Lam'!F146+'Khanh Nga'!F146+TDP!F146+DTRVL!F146 -> 1671294571 | G146: =DTR!G146+'Dai Loc'!G146+'Dong Lam'!G146+'Khanh Nga'!G146+TDP!G146+DTRVL!G146 -> -5656191968 | H146: =DTR!H146+'Dai Loc'!H146+'Dong Lam'!H146+'Khanh Nga'!H146+TDP!H146+DTRVL!H146 -> -12035614229 | I146: =DTR!I146+'Dai Loc'!I146+'Dong Lam'!I146+'Khanh Nga'!I146+TDP!I146+DTRVL!I146 -> -15241057889 | J146: =DTR!J146+'Dai Loc'!J146+'Dong Lam'!J146+'Khanh Nga'!J146+TDP!J146+DTRVL!J146 -> -10193223065 | ... Z146: =DTR!Z146+'Dai Loc'!Z146+'Dong Lam'!Z146+'Khanh Nga'!Z146+TDP!Z146+DTRVL!Z146 -> 17724936706 | AA146: =AA139+AA140+AA141-AA142-AA144-AA145 -> 6.0150279e+08 | AB146: =AB139+AB140+AB141-AB142-AB144-AB145 -> -4.3146779e+09 | AC146: =AC139+AC140+AC141-AC142-AC144-AC145 -> 4.436564e+09 | AD146: =AD139+AD140+AD141-AD142-AD144-AD145 -> 2.7965103e+09 | AE146: =AE139+AE140+AE141-AE142-AE144-AE145 -> 2.9811799e+09 | AF146: =AF139+AF140+AF141-AF142-AF144-AF145 -> 2.0050215e+09 | AG146: =AG139+AG140+AG141-AG142-AG144-AG145 -> 7.8168443e+09 | AH146: =AH139+AH140+AH141-AH142-AH144-AH145 -> 6.6175935e+09 | ... AL146: =AL139+AL140+AL141-AL142-AL144-AL145 -> 5.3002822e+09 | AM146: =SUM(AA146:AL146) -> 4.8807608e+10 | AN146: =SUM(O146:Z146) -> 42360213066 | AO146: =AM146-AN146 -> 6.4473953e+09 | AP146: =AO146/AM146 -> 0.13209816
A147: 12.Thu nhập khác | B147: 14 | C147: =DTR!C147+'Dai Loc'!C147+'Dong Lam'!C147+'Khanh Nga'!C147+TDP!C147+DTRVL!C147 -> 1945 | D147: =DTR!D147+'Dai Loc'!D147+'Dong Lam'!D147+'Khanh Nga'!D147+TDP!D147+DTRVL!D147 -> 1109349 | E147: =DTR!E147+'Dai Loc'!E147+'Dong Lam'!E147+'Khanh Nga'!E147+TDP!E147+DTRVL!E147 -> 0 | F147: =DTR!F147+'Dai Loc'!F147+'Dong Lam'!F147+'Khanh Nga'!F147+TDP!F147+DTRVL!F147 -> 81700000 | G147: =DTR!G147+'Dai Loc'!G147+'Dong Lam'!G147+'Khanh Nga'!G147+TDP!G147+DTRVL!G147 -> 4696127 | H147: =DTR!H147+'Dai Loc'!H147+'Dong Lam'!H147+'Khanh Nga'!H147+TDP!H147+DTRVL!H147 -> 64937878 | I147: =DTR!I147+'Dai Loc'!I147+'Dong Lam'!I147+'Khanh Nga'!I147+TDP!I147+DTRVL!I147 -> 54384750 | J147: =DTR!J147+'Dai Loc'!J147+'Dong Lam'!J147+'Khanh Nga'!J147+TDP!J147+DTRVL!J147 -> 184242778 | ... AL147: =DTR!AL147+'Dai Loc'!AL147+'Dong Lam'!AL147+'Khanh Nga'!AL147+TDP!AL147+DTRVL!AL147 -> 0 | AM147: =SUM(AA147:AL147) -> 0 | AN147: =SUM(O147:Z147) -> 1172922124 | AO147: =AM147-AN147 -> -1172922124 | AP147: =AO147/AM147 -> #DIV/0!
A148: 13.Chi phí khác | B148: 15 | C148: =DTR!C148+'Dai Loc'!C148+'Dong Lam'!C148+'Khanh Nga'!C148+TDP!C148+DTRVL!C148 -> 54643068 | D148: =DTR!D148+'Dai Loc'!D148+'Dong Lam'!D148+'Khanh Nga'!D148+TDP!D148+DTRVL!D148 -> 9000870 | E148: =DTR!E148+'Dai Loc'!E148+'Dong Lam'!E148+'Khanh Nga'!E148+TDP!E148+DTRVL!E148 -> 40101620 | F148: =DTR!F148+'Dai Loc'!F148+'Dong Lam'!F148+'Khanh Nga'!F148+TDP!F148+DTRVL!F148 -> 84654154 | G148: =DTR!G148+'Dai Loc'!G148+'Dong Lam'!G148+'Khanh Nga'!G148+TDP!G148+DTRVL!G148 -> 40312330 | H148: =DTR!H148+'Dai Loc'!H148+'Dong Lam'!H148+'Khanh Nga'!H148+TDP!H148+DTRVL!H148 -> 171972294 | I148: =DTR!I148+'Dai Loc'!I148+'Dong Lam'!I148+'Khanh Nga'!I148+TDP!I148+DTRVL!I148 -> 7603195 | J148: =DTR!J148+'Dai Loc'!J148+'Dong Lam'!J148+'Khanh Nga'!J148+TDP!J148+DTRVL!J148 -> 4413241 | ... AL148: =DTR!AL148+'Dai Loc'!AL148+'Dong Lam'!AL148+'Khanh Nga'!AL148+TDP!AL148+DTRVL!AL148 -> 4.33625e+08 | AM148: =SUM(AA148:AL148) -> 5.2035e+09 | AN148: =SUM(O148:Z148) -> 7875939907 | AO148: =AM148-AN148 -> -2.6724399e+09
A149: 14.Lợi nhuận khác | B149: 16 | C149: =DTR!C149+'Dai Loc'!C149+'Dong Lam'!C149+'Khanh Nga'!C149+TDP!C149+DTRVL!C149 -> -54641123 | D149: =DTR!D149+'Dai Loc'!D149+'Dong Lam'!D149+'Khanh Nga'!D149+TDP!D149+DTRVL!D149 -> -7891521 | E149: =DTR!E149+'Dai Loc'!E149+'Dong Lam'!E149+'Khanh Nga'!E149+TDP!E149+DTRVL!E149 -> -40101620 | F149: =DTR!F149+'Dai Loc'!F149+'Dong Lam'!F149+'Khanh Nga'!F149+TDP!F149+DTRVL!F149 -> -2954154 | G149: =DTR!G149+'Dai Loc'!G149+'Dong Lam'!G149+'Khanh Nga'!G149+TDP!G149+DTRVL!G149 -> -35616203 | H149: =DTR!H149+'Dai Loc'!H149+'Dong Lam'!H149+'Khanh Nga'!H149+TDP!H149+DTRVL!H149 -> -107034416 | I149: =DTR!I149+'Dai Loc'!I149+'Dong Lam'!I149+'Khanh Nga'!I149+TDP!I149+DTRVL!I149 -> 46781555 | J149: =DTR!J149+'Dai Loc'!J149+'Dong Lam'!J149+'Khanh Nga'!J149+TDP!J149+DTRVL!J149 -> 179829537 | ... Z149: =DTR!Z149+'Dai Loc'!Z149+'Dong Lam'!Z149+'Khanh Nga'!Z149+TDP!Z149+DTRVL!Z149 -> -1435236317 | AA149: =AA147-AA148 -> -4.33625e+08 | AB149: =AB147-AB148 -> -4.33625e+08 | AC149: =AC147-AC148 -> -4.33625e+08 | AD149: =AD147-AD148 -> -4.33625e+08 | AE149: =AE147-AE148 -> -4.33625e+08 | AF149: =AF147-AF148 -> -4.33625e+08 | AG149: =AG147-AG148 -> -4.33625e+08 | AH149: =AH147-AH148 -> -4.33625e+08 | ... AL149: =AL147-AL148 -> -4.33625e+08 | AM149: =SUM(AA149:AL149) -> -5.2035e+09 | AN149: =SUM(O149:Z149) -> -6703017783 | AO149: =AM149-AN149 -> 1.4995178e+09 | AP149: =AO149/AM149 -> -0.28817484
A150: 15.Tổng lợi nhuận kế toán trước thuế | B150: 17 | C150: =DTR!C150+'Dai Loc'!C150+'Dong Lam'!C150+'Khanh Nga'!C150+TDP!C150+DTRVL!C150 -> -719985770 | D150: =DTR!D150+'Dai Loc'!D150+'Dong Lam'!D150+'Khanh Nga'!D150+TDP!D150+DTRVL!D150 -> -6758932844 | E150: =DTR!E150+'Dai Loc'!E150+'Dong Lam'!E150+'Khanh Nga'!E150+TDP!E150+DTRVL!E150 -> -2743321288 | F150: =DTR!F150+'Dai Loc'!F150+'Dong Lam'!F150+'Khanh Nga'!F150+TDP!F150+DTRVL!F150 -> 1668340417 | G150: =DTR!G150+'Dai Loc'!G150+'Dong Lam'!G150+'Khanh Nga'!G150+TDP!G150+DTRVL!G150 -> -5691808171 | H150: =DTR!H150+'Dai Loc'!H150+'Dong Lam'!H150+'Khanh Nga'!H150+TDP!H150+DTRVL!H150 -> -12142648645 | I150: =DTR!I150+'Dai Loc'!I150+'Dong Lam'!I150+'Khanh Nga'!I150+TDP!I150+DTRVL!I150 -> -15194276334 | J150: =DTR!J150+'Dai Loc'!J150+'Dong Lam'!J150+'Khanh Nga'!J150+TDP!J150+DTRVL!J150 -> -10014018528 | ... Z150: =DTR!Z150+'Dai Loc'!Z150+'Dong Lam'!Z150+'Khanh Nga'!Z150+TDP!Z150+DTRVL!Z150 -> 16289700389 | AA150: =AA146+AA149 -> 1.6787779e+08 | AB150: =AB146+AB149 -> -4.7483029e+09 | AC150: =AC146+AC149 -> 4.002939e+09 | AD150: =AD146+AD149 -> 2.3628853e+09 | AE150: =AE146+AE149 -> 2.5475549e+09 | AF150: =AF146+AF149 -> 1.5713965e+09 | AG150: =AG146+AG149 -> 7.3832193e+09 | AH150: =AH146+AH149 -> 6.1839685e+09 | ... AL150: =AL146+AL149 -> 4.8666572e+09 | AM150: =SUM(AA150:AL150) -> 4.3604108e+10 | AN150: =SUM(O150:Z150) -> 35657195283 | AO150: =AM150-AN150 -> 7.9469131e+09 | AP150: =AO150/AM150 -> 0.18225148
A151: 16.Chi phí thuế TNDN hiện hành | B151: 18 | C151: =DTR!C151+'Dai Loc'!C151+'Dong Lam'!C151+'Khanh Nga'!C151+TDP!C151+DTRVL!C151 -> 0 | D151: =DTR!D151+'Dai Loc'!D151+'Dong Lam'!D151+'Khanh Nga'!D151+TDP!D151+DTRVL!D151 -> 0 | E151: =DTR!E151+'Dai Loc'!E151+'Dong Lam'!E151+'Khanh Nga'!E151+TDP!E151+DTRVL!E151 -> 0 | F151: =DTR!F151+'Dai Loc'!F151+'Dong Lam'!F151+'Khanh Nga'!F151+TDP!F151+DTRVL!F151 -> 0 | G151: =DTR!G151+'Dai Loc'!G151+'Dong Lam'!G151+'Khanh Nga'!G151+TDP!G151+DTRVL!G151 -> 0 | H151: =DTR!H151+'Dai Loc'!H151+'Dong Lam'!H151+'Khanh Nga'!H151+TDP!H151+DTRVL!H151 -> 0 | I151: =DTR!I151+'Dai Loc'!I151+'Dong Lam'!I151+'Khanh Nga'!I151+TDP!I151+DTRVL!I151 -> 0 | J151: =DTR!J151+'Dai Loc'!J151+'Dong Lam'!J151+'Khanh Nga'!J151+TDP!J151+DTRVL!J151 -> 32927331 | ... AL151: =DTR!AL151+'Dai Loc'!AL151+'Dong Lam'!AL151+'Khanh Nga'!AL151+TDP!AL151+DTRVL!AL151 -> 1.3228623e+09 | AM151: =SUM(AA151:AL151) -> 1.3367693e+10 | AN151: =SUM(O151:Z151) -> 6558581711 | AO151: =AM151-AN151 -> 6.8091114e+09
A152: 17.Chi phí thuế TNDN hoãn lại | B152: 19 | C152: =DTR!C152+'Dai Loc'!C152+'Dong Lam'!C152+'Khanh Nga'!C152+TDP!C152+DTRVL!C152 -> 0 | D152: =DTR!D152+'Dai Loc'!D152+'Dong Lam'!D152+'Khanh Nga'!D152+TDP!D152+DTRVL!D152 -> 0 | E152: =DTR!E152+'Dai Loc'!E152+'Dong Lam'!E152+'Khanh Nga'!E152+TDP!E152+DTRVL!E152 -> 0 | F152: =DTR!F152+'Dai Loc'!F152+'Dong Lam'!F152+'Khanh Nga'!F152+TDP!F152+DTRVL!F152 -> 0 | G152: =DTR!G152+'Dai Loc'!G152+'Dong Lam'!G152+'Khanh Nga'!G152+TDP!G152+DTRVL!G152 -> 0 | H152: =DTR!H152+'Dai Loc'!H152+'Dong Lam'!H152+'Khanh Nga'!H152+TDP!H152+DTRVL!H152 -> 0 | I152: =DTR!I152+'Dai Loc'!I152+'Dong Lam'!I152+'Khanh Nga'!I152+TDP!I152+DTRVL!I152 -> 0 | J152: =DTR!J152+'Dai Loc'!J152+'Dong Lam'!J152+'Khanh Nga'!J152+TDP!J152+DTRVL!J152 -> 0 | ... AL152: =DTR!AL152+'Dai Loc'!AL152+'Dong Lam'!AL152+'Khanh Nga'!AL152+TDP!AL152+DTRVL!AL152 -> 0 | AM152: =SUM(AA152:AL152) -> 0 | AN152: =SUM(O152:Z152) -> -1838941310 | AO152: =AM152-AN152 -> 1838941310
A153: 18.Lợi nhuận sau thuế thu nhập doanh nghiệp | B153: 20 | C153: =DTR!C153+'Dai Loc'!C153+'Dong Lam'!C153+'Khanh Nga'!C153+TDP!C153+DTRVL!C153 -> -719985770 | D153: =DTR!D153+'Dai Loc'!D153+'Dong Lam'!D153+'Khanh Nga'!D153+TDP!D153+DTRVL!D153 -> -6758932844 | E153: =DTR!E153+'Dai Loc'!E153+'Dong Lam'!E153+'Khanh Nga'!E153+TDP!E153+DTRVL!E153 -> -2743321288 | F153: =DTR!F153+'Dai Loc'!F153+'Dong Lam'!F153+'Khanh Nga'!F153+TDP!F153+DTRVL!F153 -> 1668340417 | G153: =DTR!G153+'Dai Loc'!G153+'Dong Lam'!G153+'Khanh Nga'!G153+TDP!G153+DTRVL!G153 -> -5691808171 | H153: =DTR!H153+'Dai Loc'!H153+'Dong Lam'!H153+'Khanh Nga'!H153+TDP!H153+DTRVL!H153 -> -12142648645 | I153: =DTR!I153+'Dai Loc'!I153+'Dong Lam'!I153+'Khanh Nga'!I153+TDP!I153+DTRVL!I153 -> -15194276334 | J153: =DTR!J153+'Dai Loc'!J153+'Dong Lam'!J153+'Khanh Nga'!J153+TDP!J153+DTRVL!J153 -> -10046945859 | ... Z153: =DTR!Z153+'Dai Loc'!Z153+'Dong Lam'!Z153+'Khanh Nga'!Z153+TDP!Z153+DTRVL!Z153 -> 13901262444 | AA153: =AA150-AA151 -> -2.1239609e+08 | AB153: =AB150-AB151 -> -4.7483029e+09 | AC153: =AC150-AC151 -> 3.06832e+09 | AD153: =AD150-AD151 -> 1.6159383e+09 | AE153: =AE150-AE151 -> 1.7649819e+09 | AF153: =AF150-AF151 -> 8.6345332e+08 | AG153: =AG150-AG151 -> 5.5456437e+09 | AH153: =AH150-AH151 -> 4.5034665e+09 | ... AL153: =AL150-AL151 -> 3.5437949e+09 | AM153: =SUM(AA153:AL153) -> 3.0236415e+10 | AN153: =SUM(O153:Z153) -> 30937554882 | AO153: =AM153-AN153 -> -7.0113958e+08 | AP153: =AO153/AM153 -> -0.023188581
Z154: Check: | AA154: =DTR!AA153+'Dai Loc'!AA153+'Dong Lam'!AA153+'Khanh Nga'!AA153+TDP!AA153+DTRVL!AA153-AA153 -> -6.4373016e-06 | AB154: =DTR!AB153+'Dai Loc'!AB153+'Dong Lam'!AB153+'Khanh Nga'!AB153+TDP!AB153+DTRVL!AB153-AB153 -> 0 | AC154: =DTR!AC153+'Dai Loc'!AC153+'Dong Lam'!AC153+'Khanh Nga'!AC153+TDP!AC153+DTRVL!AC153-AC153 -> 1.5735626e-05 | AD154: =DTR!AD153+'Dai Loc'!AD153+'Dong Lam'!AD153+'Khanh Nga'!AD153+TDP!AD153+DTRVL!AD153-AD153 -> -1.5258789e-05 | AE154: =DTR!AE153+'Dai Loc'!AE153+'Dong Lam'!AE153+'Khanh Nga'!AE153+TDP!AE153+DTRVL!AE153-AE153 -> 0 | AF154: =DTR!AF153+'Dai Loc'!AF153+'Dong Lam'!AF153+'Khanh Nga'!AF153+TDP!AF153+DTRVL!AF153-AF153 -> 7.2717667e-06 | AG154: =DTR!AG153+'Dai Loc'!AG153+'Dong Lam'!AG153+'Khanh Nga'!AG153+TDP!AG153+DTRVL!AG153-AG153 -> 0 | AH154: =DTR!AH153+'Dai Loc'!AH153+'Dong Lam'!AH153+'Khanh Nga'!AH153+TDP!AH153+DTRVL!AH153-AH153 -> 2.0027161e-05 | ... AM154: =DTR!AM153+'Dai Loc'!AM153+'Dong Lam'!AM153+'Khanh Nga'!AM153+TDP!AM153+DTRVL!AM153-AM153 -> 0
A155: PHẦN III- LƯU CHUYỂN TIỀN TỆ | B155: Index CF | C155: =C5 -> T01.2024 | D155: =D5 -> T02.2024 | E155: =E5 -> T03.2024 | F155: =F5 -> T04.2024 | G155: =G5 -> T05.2024 | H155: =H5 -> T06.2024 | I155: =I5 -> T07.2024 | J155: =J5 -> T08.2024 | ... Z155: =Z5 -> T12.2025
A156: I. Lưu chuyển tiền từ hoạt động kinh doanh | B156: 1
A157: Lợi nhuận trước thuế | B157: 2 | C157: =C150 -> -719985770 | D157: =D150 -> -6758932844 | E157: =E150 -> -2743321288 | F157: =F150 -> 1668340417 | G157: =G150 -> -5691808171 | H157: =H150 -> -12142648645 | I157: =I150 -> -15194276334 | J157: =J150 -> -10014018528 | ... Z157: =Z150 -> 16289700389
A158: Điều chỉnh cho các khoản: | B158: 3
A159: Khấu hao tài sản cố định và BĐSĐT | B159: 4 | C159: =DTR!C159+'Dai Loc'!C159+'Dong Lam'!C159+'Khanh Nga'!C159+TDP!C159+DTRVL!C159 -> 3935422859 | D159: =DTR!D159+'Dai Loc'!D159+'Dong Lam'!D159+'Khanh Nga'!D159+TDP!D159+DTRVL!D159 -> 3945256529 | E159: =DTR!E159+'Dai Loc'!E159+'Dong Lam'!E159+'Khanh Nga'!E159+TDP!E159+DTRVL!E159 -> 3941710034 | F159: =DTR!F159+'Dai Loc'!F159+'Dong Lam'!F159+'Khanh Nga'!F159+TDP!F159+DTRVL!F159 -> 4176778135 | G159: =DTR!G159+'Dai Loc'!G159+'Dong Lam'!G159+'Khanh Nga'!G159+TDP!G159+DTRVL!G159 -> 4265236429 | H159: =DTR!H159+'Dai Loc'!H159+'Dong Lam'!H159+'Khanh Nga'!H159+TDP!H159+DTRVL!H159 -> 4239641424 | I159: =DTR!I159+'Dai Loc'!I159+'Dong Lam'!I159+'Khanh Nga'!I159+TDP!I159+DTRVL!I159 -> 4278667037 | J159: =DTR!J159+'Dai Loc'!J159+'Dong Lam'!J159+'Khanh Nga'!J159+TDP!J159+DTRVL!J159 -> 4312396443 | ... Z159: =DTR!Z159+'Dai Loc'!Z159+'Dong Lam'!Z159+'Khanh Nga'!Z159+TDP!Z159+DTRVL!Z159 -> 5597408199
A160: Các khoản dự phòng | B160: 5 | C160: =DTR!C160+'Dai Loc'!C160+'Dong Lam'!C160+'Khanh Nga'!C160+TDP!C160+DTRVL!C160 -> 0 | D160: =DTR!D160+'Dai Loc'!D160+'Dong Lam'!D160+'Khanh Nga'!D160+TDP!D160+DTRVL!D160 -> 0 | E160: =DTR!E160+'Dai Loc'!E160+'Dong Lam'!E160+'Khanh Nga'!E160+TDP!E160+DTRVL!E160 -> 0 | F160: =DTR!F160+'Dai Loc'!F160+'Dong Lam'!F160+'Khanh Nga'!F160+TDP!F160+DTRVL!F160 -> 0 | G160: =DTR!G160+'Dai Loc'!G160+'Dong Lam'!G160+'Khanh Nga'!G160+TDP!G160+DTRVL!G160 -> 0 | H160: =DTR!H160+'Dai Loc'!H160+'Dong Lam'!H160+'Khanh Nga'!H160+TDP!H160+DTRVL!H160 -> 0 | I160: =DTR!I160+'Dai Loc'!I160+'Dong Lam'!I160+'Khanh Nga'!I160+TDP!I160+DTRVL!I160 -> 0 | J160: =DTR!J160+'Dai Loc'!J160+'Dong Lam'!J160+'Khanh Nga'!J160+TDP!J160+DTRVL!J160 -> 0 | ... Z160: =DTR!Z160+'Dai Loc'!Z160+'Dong Lam'!Z160+'Khanh Nga'!Z160+TDP!Z160+DTRVL!Z160 -> 0
A161: Lãi, lỗ chênh lệch tỷ giá do đánh giá lại các khoản mục tiền tệ có gốc ngoại tệ | B161: 6 | C161: =DTR!C161+'Dai Loc'!C161+'Dong Lam'!C161+'Khanh Nga'!C161+TDP!C161+DTRVL!C161 -> -55279705 | D161: =DTR!D161+'Dai Loc'!D161+'Dong Lam'!D161+'Khanh Nga'!D161+TDP!D161+DTRVL!D161 -> -427077314 | E161: =DTR!E161+'Dai Loc'!E161+'Dong Lam'!E161+'Khanh Nga'!E161+TDP!E161+DTRVL!E161 -> -320017067 | F161: =DTR!F161+'Dai Loc'!F161+'Dong Lam'!F161+'Khanh Nga'!F161+TDP!F161+DTRVL!F161 -> -242395730 | G161: =DTR!G161+'Dai Loc'!G161+'Dong Lam'!G161+'Khanh Nga'!G161+TDP!G161+DTRVL!G161 -> -818581781 | H161: =DTR!H161+'Dai Loc'!H161+'Dong Lam'!H161+'Khanh Nga'!H161+TDP!H161+DTRVL!H161 -> -185223798 | I161: =DTR!I161+'Dai Loc'!I161+'Dong Lam'!I161+'Khanh Nga'!I161+TDP!I161+DTRVL!I161 -> -180874896 | J161: =DTR!J161+'Dai Loc'!J161+'Dong Lam'!J161+'Khanh Nga'!J161+TDP!J161+DTRVL!J161 -> -263960563 | ... Z161: =DTR!Z161+'Dai Loc'!Z161+'Dong Lam'!Z161+'Khanh Nga'!Z161+TDP!Z161+DTRVL!Z161 -> -252471998
A162: Lãi, lỗ từ hoạt động đầu tư, tài chính | B162: 7 | C162: =DTR!C162+'Dai Loc'!C162+'Dong Lam'!C162+'Khanh Nga'!C162+TDP!C162+DTRVL!C162 -> -9368981 | D162: =DTR!D162+'Dai Loc'!D162+'Dong Lam'!D162+'Khanh Nga'!D162+TDP!D162+DTRVL!D162 -> -10886349 | E162: =DTR!E162+'Dai Loc'!E162+'Dong Lam'!E162+'Khanh Nga'!E162+TDP!E162+DTRVL!E162 -> -181577162 | F162: =DTR!F162+'Dai Loc'!F162+'Dong Lam'!F162+'Khanh Nga'!F162+TDP!F162+DTRVL!F162 -> -11461163 | G162: =DTR!G162+'Dai Loc'!G162+'Dong Lam'!G162+'Khanh Nga'!G162+TDP!G162+DTRVL!G162 -> -11369270 | H162: =DTR!H162+'Dai Loc'!H162+'Dong Lam'!H162+'Khanh Nga'!H162+TDP!H162+DTRVL!H162 -> -12784224 | I162: =DTR!I162+'Dai Loc'!I162+'Dong Lam'!I162+'Khanh Nga'!I162+TDP!I162+DTRVL!I162 -> -33383947 | J162: =DTR!J162+'Dai Loc'!J162+'Dong Lam'!J162+'Khanh Nga'!J162+TDP!J162+DTRVL!J162 -> -11556024 | ... Z162: =DTR!Z162+'Dai Loc'!Z162+'Dong Lam'!Z162+'Khanh Nga'!Z162+TDP!Z162+DTRVL!Z162 -> -384526151
A163: Chi phí đi vay | B163: 8 | C163: =DTR!C163+'Dai Loc'!C163+'Dong Lam'!C163+'Khanh Nga'!C163+TDP!C163+DTRVL!C163 -> 422755791 | D163: =DTR!D163+'Dai Loc'!D163+'Dong Lam'!D163+'Khanh Nga'!D163+TDP!D163+DTRVL!D163 -> 563909516 | E163: =DTR!E163+'Dai Loc'!E163+'Dong Lam'!E163+'Khanh Nga'!E163+TDP!E163+DTRVL!E163 -> 567924561 | F163: =DTR!F163+'Dai Loc'!F163+'Dong Lam'!F163+'Khanh Nga'!F163+TDP!F163+DTRVL!F163 -> 840791009 | G163: =DTR!G163+'Dai Loc'!G163+'Dong Lam'!G163+'Khanh Nga'!G163+TDP!G163+DTRVL!G163 -> 961855770 | H163: =DTR!H163+'Dai Loc'!H163+'Dong Lam'!H163+'Khanh Nga'!H163+TDP!H163+DTRVL!H163 -> 1030712173 | I163: =DTR!I163+'Dai Loc'!I163+'Dong Lam'!I163+'Khanh Nga'!I163+TDP!I163+DTRVL!I163 -> 1160823006 | J163: =DTR!J163+'Dai Loc'!J163+'Dong Lam'!J163+'Khanh Nga'!J163+TDP!J163+DTRVL!J163 -> 939585045 | ... Z163: =DTR!Z163+'Dai Loc'!Z163+'Dong Lam'!Z163+'Khanh Nga'!Z163+TDP!Z163+DTRVL!Z163 -> 1256103396
A164: Các khoản điều chỉnh khác | B164: 9 | C164: =DTR!C164+'Dai Loc'!C164+'Dong Lam'!C164+'Khanh Nga'!C164+TDP!C164+DTRVL!C164 -> -25035000 | D164: =DTR!D164+'Dai Loc'!D164+'Dong Lam'!D164+'Khanh Nga'!D164+TDP!D164+DTRVL!D164 -> -4500869 | E164: =DTR!E164+'Dai Loc'!E164+'Dong Lam'!E164+'Khanh Nga'!E164+TDP!E164+DTRVL!E164 -> -15342970 | F164: =DTR!F164+'Dai Loc'!F164+'Dong Lam'!F164+'Khanh Nga'!F164+TDP!F164+DTRVL!F164 -> -1400000 | G164: =DTR!G164+'Dai Loc'!G164+'Dong Lam'!G164+'Khanh Nga'!G164+TDP!G164+DTRVL!G164 -> 583594 | H164: =DTR!H164+'Dai Loc'!H164+'Dong Lam'!H164+'Khanh Nga'!H164+TDP!H164+DTRVL!H164 -> 2638761 | I164: =DTR!I164+'Dai Loc'!I164+'Dong Lam'!I164+'Khanh Nga'!I164+TDP!I164+DTRVL!I164 -> -1603193 | J164: =DTR!J164+'Dai Loc'!J164+'Dong Lam'!J164+'Khanh Nga'!J164+TDP!J164+DTRVL!J164 -> 2915785 | ... Z164: =DTR!Z164+'Dai Loc'!Z164+'Dong Lam'!Z164+'Khanh Nga'!Z164+TDP!Z164+DTRVL!Z164 -> 35991776
A165: Lợi nhuận từ hoạt động kinh doanh trước thay đổi vốn lưu động | B165: 10 | C165: =DTR!C165+'Dai Loc'!C165+'Dong Lam'!C165+'Khanh Nga'!C165+TDP!C165+DTRVL!C165 -> 892891401 | D165: =DTR!D165+'Dai Loc'!D165+'Dong Lam'!D165+'Khanh Nga'!D165+TDP!D165+DTRVL!D165 -> -2692231331 | E165: =DTR!E165+'Dai Loc'!E165+'Dong Lam'!E165+'Khanh Nga'!E165+TDP!E165+DTRVL!E165 -> 1249376108 | F165: =DTR!F165+'Dai Loc'!F165+'Dong Lam'!F165+'Khanh Nga'!F165+TDP!F165+DTRVL!F165 -> 6430652668 | G165: =DTR!G165+'Dai Loc'!G165+'Dong Lam'!G165+'Khanh Nga'!G165+TDP!G165+DTRVL!G165 -> -1294083429 | H165: =DTR!H165+'Dai Loc'!H165+'Dong Lam'!H165+'Khanh Nga'!H165+TDP!H165+DTRVL!H165 -> -7067664309 | I165: =DTR!I165+'Dai Loc'!I165+'Dong Lam'!I165+'Khanh Nga'!I165+TDP!I165+DTRVL!I165 -> -9970648327 | J165: =DTR!J165+'Dai Loc'!J165+'Dong Lam'!J165+'Khanh Nga'!J165+TDP!J165+DTRVL!J165 -> -5034637842 | ... Z165: =DTR!Z165+'Dai Loc'!Z165+'Dong Lam'!Z165+'Khanh Nga'!Z165+TDP!Z165+DTRVL!Z165 -> 22542205611
A166: Tăng / giảm các khoản phải thu | B166: 11 | C166: =DTR!C166+'Dai Loc'!C166+'Dong Lam'!C166+'Khanh Nga'!C166+TDP!C166+DTRVL!C166 -> -1.2246234e+10 | D166: =DTR!D166+'Dai Loc'!D166+'Dong Lam'!D166+'Khanh Nga'!D166+TDP!D166+DTRVL!D166 -> 10826066152 | E166: =DTR!E166+'Dai Loc'!E166+'Dong Lam'!E166+'Khanh Nga'!E166+TDP!E166+DTRVL!E166 -> -1.5227378e+10 | F166: =DTR!F166+'Dai Loc'!F166+'Dong Lam'!F166+'Khanh Nga'!F166+TDP!F166+DTRVL!F166 -> -18242361446 | G166: =DTR!G166+'Dai Loc'!G166+'Dong Lam'!G166+'Khanh Nga'!G166+TDP!G166+DTRVL!G166 -> -1.7831483e+10 | H166: =DTR!H166+'Dai Loc'!H166+'Dong Lam'!H166+'Khanh Nga'!H166+TDP!H166+DTRVL!H166 -> -24693912300 | I166: =DTR!I166+'Dai Loc'!I166+'Dong Lam'!I166+'Khanh Nga'!I166+TDP!I166+DTRVL!I166 -> 9.0882622e+10 | J166: =DTR!J166+'Dai Loc'!J166+'Dong Lam'!J166+'Khanh Nga'!J166+TDP!J166+DTRVL!J166 -> -25565536759 | ... Z166: =DTR!Z166+'Dai Loc'!Z166+'Dong Lam'!Z166+'Khanh Nga'!Z166+TDP!Z166+DTRVL!Z166 -> -21051773707
A167: Tăng / giảm hàng tồn kho | B167: 12 | C167: =DTR!C167+'Dai Loc'!C167+'Dong Lam'!C167+'Khanh Nga'!C167+TDP!C167+DTRVL!C167 -> -49549238548 | D167: =DTR!D167+'Dai Loc'!D167+'Dong Lam'!D167+'Khanh Nga'!D167+TDP!D167+DTRVL!D167 -> -7205281194 | E167: =DTR!E167+'Dai Loc'!E167+'Dong Lam'!E167+'Khanh Nga'!E167+TDP!E167+DTRVL!E167 -> -39860295459 | F167: =DTR!F167+'Dai Loc'!F167+'Dong Lam'!F167+'Khanh Nga'!F167+TDP!F167+DTRVL!F167 -> -4.0452344e+10 | G167: =DTR!G167+'Dai Loc'!G167+'Dong Lam'!G167+'Khanh Nga'!G167+TDP!G167+DTRVL!G167 -> -4.0018611e+10 | H167: =DTR!H167+'Dai Loc'!H167+'Dong Lam'!H167+'Khanh Nga'!H167+TDP!H167+DTRVL!H167 -> -22253771084 | I167: =DTR!I167+'Dai Loc'!I167+'Dong Lam'!I167+'Khanh Nga'!I167+TDP!I167+DTRVL!I167 -> -2.1156666e+10 | J167: =DTR!J167+'Dai Loc'!J167+'Dong Lam'!J167+'Khanh Nga'!J167+TDP!J167+DTRVL!J167 -> 40083282616 | ... Z167: =DTR!Z167+'Dai Loc'!Z167+'Dong Lam'!Z167+'Khanh Nga'!Z167+TDP!Z167+DTRVL!Z167 -> -15530241784
A168: Tăng / giảm các khoản phải trả ( Không bao gồm lãi vay phải trả, thuế TNDN phải nộp ) | B168: 13 | C168: =DTR!C168+'Dai Loc'!C168+'Dong Lam'!C168+'Khanh Nga'!C168+TDP!C168+DTRVL!C168 -> 8.0126423e+09 | D168: =DTR!D168+'Dai Loc'!D168+'Dong Lam'!D168+'Khanh Nga'!D168+TDP!D168+DTRVL!D168 -> 4278312829 | E168: =DTR!E168+'Dai Loc'!E168+'Dong Lam'!E168+'Khanh Nga'!E168+TDP!E168+DTRVL!E168 -> 3.8210005e+09 | F168: =DTR!F168+'Dai Loc'!F168+'Dong Lam'!F168+'Khanh Nga'!F168+TDP!F168+DTRVL!F168 -> 1.7456992e+10 | G168: =DTR!G168+'Dai Loc'!G168+'Dong Lam'!G168+'Khanh Nga'!G168+TDP!G168+DTRVL!G168 -> 2.7971781e+10 | H168: =DTR!H168+'Dai Loc'!H168+'Dong Lam'!H168+'Khanh Nga'!H168+TDP!H168+DTRVL!H168 -> 28656935853 | I168: =DTR!I168+'Dai Loc'!I168+'Dong Lam'!I168+'Khanh Nga'!I168+TDP!I168+DTRVL!I168 -> 13949162110 | J168: =DTR!J168+'Dai Loc'!J168+'Dong Lam'!J168+'Khanh Nga'!J168+TDP!J168+DTRVL!J168 -> 15821078146 | ... Z168: =DTR!Z168+'Dai Loc'!Z168+'Dong Lam'!Z168+'Khanh Nga'!Z168+TDP!Z168+DTRVL!Z168 -> -4057687328
A169: Tăng / giảm chi phí chờ phân bổ | B169: 14 | C169: =DTR!C169+'Dai Loc'!C169+'Dong Lam'!C169+'Khanh Nga'!C169+TDP!C169+DTRVL!C169 -> 138419414 | D169: =DTR!D169+'Dai Loc'!D169+'Dong Lam'!D169+'Khanh Nga'!D169+TDP!D169+DTRVL!D169 -> -195536893 | E169: =DTR!E169+'Dai Loc'!E169+'Dong Lam'!E169+'Khanh Nga'!E169+TDP!E169+DTRVL!E169 -> 208271418 | F169: =DTR!F169+'Dai Loc'!F169+'Dong Lam'!F169+'Khanh Nga'!F169+TDP!F169+DTRVL!F169 -> -156105027 | G169: =DTR!G169+'Dai Loc'!G169+'Dong Lam'!G169+'Khanh Nga'!G169+TDP!G169+DTRVL!G169 -> 163996298 | H169: =DTR!H169+'Dai Loc'!H169+'Dong Lam'!H169+'Khanh Nga'!H169+TDP!H169+DTRVL!H169 -> 223255844 | I169: =DTR!I169+'Dai Loc'!I169+'Dong Lam'!I169+'Khanh Nga'!I169+TDP!I169+DTRVL!I169 -> -51586114 | J169: =DTR!J169+'Dai Loc'!J169+'Dong Lam'!J169+'Khanh Nga'!J169+TDP!J169+DTRVL!J169 -> -547678801 | ... Z169: =DTR!Z169+'Dai Loc'!Z169+'Dong Lam'!Z169+'Khanh Nga'!Z169+TDP!Z169+DTRVL!Z169 -> 118727934
A170: Tăng / giảm chứng khoán kinh doanh | B170: 15 | C170: =DTR!C170+'Dai Loc'!C170+'Dong Lam'!C170+'Khanh Nga'!C170+TDP!C170+DTRVL!C170 -> 0 | D170: =DTR!D170+'Dai Loc'!D170+'Dong Lam'!D170+'Khanh Nga'!D170+TDP!D170+DTRVL!D170 -> 0 | E170: =DTR!E170+'Dai Loc'!E170+'Dong Lam'!E170+'Khanh Nga'!E170+TDP!E170+DTRVL!E170 -> 0 | F170: =DTR!F170+'Dai Loc'!F170+'Dong Lam'!F170+'Khanh Nga'!F170+TDP!F170+DTRVL!F170 -> 0 | G170: =DTR!G170+'Dai Loc'!G170+'Dong Lam'!G170+'Khanh Nga'!G170+TDP!G170+DTRVL!G170 -> 0 | H170: =DTR!H170+'Dai Loc'!H170+'Dong Lam'!H170+'Khanh Nga'!H170+TDP!H170+DTRVL!H170 -> 0 | I170: =DTR!I170+'Dai Loc'!I170+'Dong Lam'!I170+'Khanh Nga'!I170+TDP!I170+DTRVL!I170 -> 0 | J170: =DTR!J170+'Dai Loc'!J170+'Dong Lam'!J170+'Khanh Nga'!J170+TDP!J170+DTRVL!J170 -> 0 | ... Z170: =DTR!Z170+'Dai Loc'!Z170+'Dong Lam'!Z170+'Khanh Nga'!Z170+TDP!Z170+DTRVL!Z170 -> 0
... A196: Tiền và tương đương tiền cuối kỳ | B196: 41 | C196: =DTR!C196+'Dai Loc'!C196+'Dong Lam'!C196+'Khanh Nga'!C196+TDP!C196+DTRVL!C196 -> 4.663325e+10 | D196: =DTR!D196+'Dai Loc'!D196+'Dong Lam'!D196+'Khanh Nga'!D196+TDP!D196+DTRVL!D196 -> 3.5851803e+10 | E196: =DTR!E196+'Dai Loc'!E196+'Dong Lam'!E196+'Khanh Nga'!E196+TDP!E196+DTRVL!E196 -> 2.6393056e+10 | F196: =DTR!F196+'Dai Loc'!F196+'Dong Lam'!F196+'Khanh Nga'!F196+TDP!F196+DTRVL!F196 -> 3.4593153e+10 | G196: =DTR!G196+'Dai Loc'!G196+'Dong Lam'!G196+'Khanh Nga'!G196+TDP!G196+DTRVL!G196 -> 3.3199136e+10 | H196: =DTR!H196+'Dai Loc'!H196+'Dong Lam'!H196+'Khanh Nga'!H196+TDP!H196+DTRVL!H196 -> 1.9638635e+10 | I196: =DTR!I196+'Dai Loc'!I196+'Dong Lam'!I196+'Khanh Nga'!I196+TDP!I196+DTRVL!I196 -> 5.6271006e+10 | J196: =DTR!J196+'Dai Loc'!J196+'Dong Lam'!J196+'Khanh Nga'!J196+TDP!J196+DTRVL!J196 -> 3.542949e+10 | ... Z196: =DTR!Z196+'Dai Loc'!Z196+'Dong Lam'!Z196+'Khanh Nga'!Z196+TDP!Z196+DTRVL!Z196 -> 63226156108
C197: =C7-C196 -> 0.0034179688 | D197: =D7-D196 -> 0.0034179688 | E197: =E7-E196 -> 0.0034179688 | F197: =F7-F196 -> 0.0034179688 | G197: =G7-G196 -> 0.0034179688 | H197: =H7-H196 -> 0.0034179688 | I197: =I7-I196 -> 0.0034179688 | J197: =J7-J196 -> 0.0034179688 | ... Z197: =Z7-Z196 -> 0
A198: PHẦN IV: CHI PHÍ THEO YẾU TỐ | B198: Index PL Element | C198: T01.2024 | D198: T02.2024 | E198: T03.2024 | F198: T04.2024 | G198: T05.2024 | H198: T06.2024 | I198: T07.2024 | J198: T08.2024 | K198: T09.2024 | L198: T10.2024 | M198: T11.2024 | N198: T12.2024 | O198: T01.2025 | P198: T02.2025 | Q198: T03.2025 | R198: T04.2025 | S198: T05.2025 | T198: T06.2025 | U198: T07.2025 | V198: T08.2025 | W198: T09.2025 | X198: T10.2025 | Y198: T11.2025 | Z198: T12.2025
A199: Tổng nhân sự | B199: 1
A200: Nhân sự nhóm sản xuất | B200: 2
A201: Số ngày công (8 hrs) | B201: 3
A202: Sản lượng sản xuất (Ton) | B202: 4
A203: Sản lượng bán (Ton) | B203: 5 | C203: =C134 -> 5108.325 | D203: =D134 -> 3038.375 | E203: =E134 -> 4394.4 | F203: =F134 -> 4434.75 | G203: =G134 -> 4827.202 | H203: =H134 -> 3532.75 | I203: =I134 -> 2953.134 | J203: =J134 -> 5764.9472 | ... Z203: =Z134 -> 4601
A204: Doanh thu bán hàng | B204: 6 | C204: =C135 -> 130037940981 | D204: =D135 -> 84645791256 | E204: =E135 -> 115625416433 | F204: =F135 -> 117647266094 | G204: =G135 -> 128085507494 | H204: =H135 -> 95661572209 | I204: =I135 -> 74679662458 | J204: =J135 -> 178936926222 | ... Z204: =Z135 -> 127334240251
A205: Các khoản giảm trừ doanh thu | B205: 7 | C205: =C136 -> 0 | D205: =D136 -> 1166125000 | E205: =E136 -> 0 | F205: =F136 -> 0 | G205: =G136 -> 136455000 | H205: =H136 -> 0 | I205: =I136 -> 0 | J205: =J136 -> 6345077301 | ... Z205: =Z136 -> -573868680
A206: % Các khoản giảm trừ | B206: 8 | C206: =IFERROR(C205/C204,"") -> 0 | D206: =IFERROR(D205/D204,"") -> 0.013776527 | E206: =IFERROR(E205/E204,"") -> 0 | F206: =IFERROR(F205/F204,"") -> 0 | G206: =IFERROR(G205/G204,"") -> 0.001065343 | H206: =IFERROR(H205/H204,"") -> 0 | I206: =IFERROR(I205/I204,"") -> 0 | J206: =IFERROR(J205/J204,"") -> 0.035459854 | ... Z206: =IFERROR(Z205/Z204,"") -> -0.00450679
A207: Doanh thu thuần | B207: 9 | C207: =C137 -> 130037940981 | D207: =D137 -> 83479666256 | E207: =E137 -> 115625416433 | F207: =F137 -> 117647266094 | G207: =G137 -> 127949052494 | H207: =H137 -> 95661572209 | I207: =I137 -> 74679662458 | J207: =J137 -> 172591848921 | ... Z207: =Z137 -> 127908108931
A208: Xuất khẩu | B208: 10 | C208: =TDP!C208+'Dai Loc'!C208+'Khanh Nga'!C208+'Dong Lam'!C208+DTR!C208+DTRVL!C208 -> 63344586092 | D208: =TDP!D208+'Dai Loc'!D208+'Khanh Nga'!D208+'Dong Lam'!D208+DTR!D208+DTRVL!D208 -> 30529252055 | E208: =TDP!E208+'Dai Loc'!E208+'Khanh Nga'!E208+'Dong Lam'!E208+DTR!E208+DTRVL!E208 -> 56313461950 | F208: =TDP!F208+'Dai Loc'!F208+'Khanh Nga'!F208+'Dong Lam'!F208+DTR!F208+DTRVL!F208 -> 70145350000 | G208: =TDP!G208+'Dai Loc'!G208+'Khanh Nga'!G208+'Dong Lam'!G208+DTR!G208+DTRVL!G208 -> 31248110080 | H208: =TDP!H208+'Dai Loc'!H208+'Khanh Nga'!H208+'Dong Lam'!H208+DTR!H208+DTRVL!H208 -> 7753736540 | I208: =TDP!I208+'Dai Loc'!I208+'Khanh Nga'!I208+'Dong Lam'!I208+DTR!I208+DTRVL!I208 -> 32497915104 | J208: =TDP!J208+'Dai Loc'!J208+'Khanh Nga'!J208+'Dong Lam'!J208+DTR!J208+DTRVL!J208 -> 100596695257 | ... Z208: =TDP!Z208+'Dai Loc'!Z208+'Khanh Nga'!Z208+'Dong Lam'!Z208+DTR!Z208+DTRVL!Z208 -> 30893476900
A209: Nội địa | B209: 11 | C209: =TDP!C209+'Dai Loc'!C209+'Khanh Nga'!C209+'Dong Lam'!C209+DTR!C209+DTRVL!C209 -> 66525131089 | D209: =TDP!D209+'Dai Loc'!D209+'Khanh Nga'!D209+'Dong Lam'!D209+DTR!D209+DTRVL!D209 -> 51933728920 | E209: =TDP!E209+'Dai Loc'!E209+'Khanh Nga'!E209+'Dong Lam'!E209+DTR!E209+DTRVL!E209 -> 59311954483 | F209: =TDP!F209+'Dai Loc'!F209+'Khanh Nga'!F209+'Dong Lam'!F209+DTR!F209+DTRVL!F209 -> 47501916094 | G209: =TDP!G209+'Dai Loc'!G209+'Khanh Nga'!G209+'Dong Lam'!G209+DTR!G209+DTRVL!G209 -> 96700942414 | H209: =TDP!H209+'Dai Loc'!H209+'Khanh Nga'!H209+'Dong Lam'!H209+DTR!H209+DTRVL!H209 -> 87321835669 | I209: =TDP!I209+'Dai Loc'!I209+'Khanh Nga'!I209+'Dong Lam'!I209+DTR!I209+DTRVL!I209 -> 42181747354 | J209: =TDP!J209+'Dai Loc'!J209+'Khanh Nga'!J209+'Dong Lam'!J209+DTR!J209+DTRVL!J209 -> 71995153664 | ... Z209: =TDP!Z209+'Dai Loc'!Z209+'Khanh Nga'!Z209+'Dong Lam'!Z209+DTR!Z209+DTRVL!Z209 -> 88719344531
A210: Khác | B210: 12 | C210: =TDP!C210+'Dai Loc'!C210+'Khanh Nga'!C210+'Dong Lam'!C210+DTR!C210+DTRVL!C210 -> 168223800 | D210: =TDP!D210+'Dai Loc'!D210+'Khanh Nga'!D210+'Dong Lam'!D210+DTR!D210+DTRVL!D210 -> 1016685281 | E210: =TDP!E210+'Dai Loc'!E210+'Khanh Nga'!E210+'Dong Lam'!E210+DTR!E210+DTRVL!E210 -> 0 | F210: =TDP!F210+'Dai Loc'!F210+'Khanh Nga'!F210+'Dong Lam'!F210+DTR!F210+DTRVL!F210 -> 0 | G210: =TDP!G210+'Dai Loc'!G210+'Khanh Nga'!G210+'Dong Lam'!G210+DTR!G210+DTRVL!G210 -> 0 | H210: =TDP!H210+'Dai Loc'!H210+'Khanh Nga'!H210+'Dong Lam'!H210+DTR!H210+DTRVL!H210 -> 586000000 | I210: =TDP!I210+'Dai Loc'!I210+'Khanh Nga'!I210+'Dong Lam'!I210+DTR!I210+DTRVL!I210 -> 0 | J210: =TDP!J210+'Dai Loc'!J210+'Khanh Nga'!J210+'Dong Lam'!J210+DTR!J210+DTRVL!J210 -> 0 | ... Z210: =TDP!Z210+'Dai Loc'!Z210+'Khanh Nga'!Z210+'Dong Lam'!Z210+DTR!Z210+DTRVL!Z210 -> 8295287500
A211: Giá vốn hàng bán | B211: 13 | C211: =C138 -> 120065457134 | D211: =D138 -> 83995360322 | E211: =E138 -> 109165390822 | F211: =F138 -> 105655387173 | G211: =G138 -> 125507167216 | H211: =H138 -> 98477492806 | I211: =I138 -> 80393606783 | J211: =J138 -> 167228552558 | ... Z211: =Z138 -> 90514001561
A212: Chi phí nguyên vật liệu | B212: 14 | C212: =TDP!C212+'Dai Loc'!C212+'Khanh Nga'!C212+'Dong Lam'!C212+DTR!C212+DTRVL!C212 -> 8.0354796e+10 | D212: =TDP!D212+'Dai Loc'!D212+'Khanh Nga'!D212+'Dong Lam'!D212+DTR!D212+DTRVL!D212 -> 4.9066395e+10 | E212: =TDP!E212+'Dai Loc'!E212+'Khanh Nga'!E212+'Dong Lam'!E212+DTR!E212+DTRVL!E212 -> 6.8392323e+10 | F212: =TDP!F212+'Dai Loc'!F212+'Khanh Nga'!F212+'Dong Lam'!F212+DTR!F212+DTRVL!F212 -> 7.1080915e+10 | G212: =TDP!G212+'Dai Loc'!G212+'Khanh Nga'!G212+'Dong Lam'!G212+DTR!G212+DTRVL!G212 -> 77926958972 | H212: =TDP!H212+'Dai Loc'!H212+'Khanh Nga'!H212+'Dong Lam'!H212+DTR!H212+DTRVL!H212 -> 5.7385757e+10 | I212: =TDP!I212+'Dai Loc'!I212+'Khanh Nga'!I212+'Dong Lam'!I212+DTR!I212+DTRVL!I212 -> 4.9537873e+10 | J212: =TDP!J212+'Dai Loc'!J212+'Khanh Nga'!J212+'Dong Lam'!J212+DTR!J212+DTRVL!J212 -> 1.0691578e+11 | ... Z212: =TDP!Z212+'Dai Loc'!Z212+'Khanh Nga'!Z212+'Dong Lam'!Z212+DTR!Z212+DTRVL!Z212 -> 6.6864715e+10
A213: Chi phí điện | B213: 15 | C213: =TDP!C213+'Dai Loc'!C213+'Khanh Nga'!C213+'Dong Lam'!C213+DTR!C213+DTRVL!C213 -> 4.362218e+09 | D213: =TDP!D213+'Dai Loc'!D213+'Khanh Nga'!D213+'Dong Lam'!D213+DTR!D213+DTRVL!D213 -> 2.5610713e+09 | E213: =TDP!E213+'Dai Loc'!E213+'Khanh Nga'!E213+'Dong Lam'!E213+DTR!E213+DTRVL!E213 -> 4.0561079e+09 | F213: =TDP!F213+'Dai Loc'!F213+'Khanh Nga'!F213+'Dong Lam'!F213+DTR!F213+DTRVL!F213 -> 4.0117853e+09 | G213: =TDP!G213+'Dai Loc'!G213+'Khanh Nga'!G213+'Dong Lam'!G213+DTR!G213+DTRVL!G213 -> 4971945055 | H213: =TDP!H213+'Dai Loc'!H213+'Khanh Nga'!H213+'Dong Lam'!H213+DTR!H213+DTRVL!H213 -> 2.7234792e+09 | I213: =TDP!I213+'Dai Loc'!I213+'Khanh Nga'!I213+'Dong Lam'!I213+DTR!I213+DTRVL!I213 -> 2.3751727e+09 | J213: =TDP!J213+'Dai Loc'!J213+'Khanh Nga'!J213+'Dong Lam'!J213+DTR!J213+DTRVL!J213 -> 7.2839774e+09 | ... Z213: =TDP!Z213+'Dai Loc'!Z213+'Khanh Nga'!Z213+'Dong Lam'!Z213+DTR!Z213+DTRVL!Z213 -> 4.9424048e+09
A214: Chi phí lương ngoài giờ sản xuất | B214: 16 | C214: =TDP!C214+'Dai Loc'!C214+'Khanh Nga'!C214+'Dong Lam'!C214+DTR!C214+DTRVL!C214 -> 673524358 | D214: =TDP!D214+'Dai Loc'!D214+'Khanh Nga'!D214+'Dong Lam'!D214+DTR!D214+DTRVL!D214 -> 445330075 | E214: =TDP!E214+'Dai Loc'!E214+'Khanh Nga'!E214+'Dong Lam'!E214+DTR!E214+DTRVL!E214 -> 646654899 | F214: =TDP!F214+'Dai Loc'!F214+'Khanh Nga'!F214+'Dong Lam'!F214+DTR!F214+DTRVL!F214 -> 1789160297 | G214: =TDP!G214+'Dai Loc'!G214+'Khanh Nga'!G214+'Dong Lam'!G214+DTR!G214+DTRVL!G214 -> 743322765 | H214: =TDP!H214+'Dai Loc'!H214+'Khanh Nga'!H214+'Dong Lam'!H214+DTR!H214+DTRVL!H214 -> 710659695 | I214: =TDP!I214+'Dai Loc'!I214+'Khanh Nga'!I214+'Dong Lam'!I214+DTR!I214+DTRVL!I214 -> 562555746 | J214: =TDP!J214+'Dai Loc'!J214+'Khanh Nga'!J214+'Dong Lam'!J214+DTR!J214+DTRVL!J214 -> 273359738 | ... Z214: =TDP!Z214+'Dai Loc'!Z214+'Khanh Nga'!Z214+'Dong Lam'!Z214+DTR!Z214+DTRVL!Z214 -> 371608824
A215: Chi phí nhân công trực tiếp sản xuất (622) | B215: 17 | C215: =TDP!C215+'Dai Loc'!C215+'Khanh Nga'!C215+'Dong Lam'!C215+DTR!C215+DTRVL!C215 -> 4.1554968e+09 | D215: =TDP!D215+'Dai Loc'!D215+'Khanh Nga'!D215+'Dong Lam'!D215+DTR!D215+DTRVL!D215 -> 2.2351094e+09 | E215: =TDP!E215+'Dai Loc'!E215+'Khanh Nga'!E215+'Dong Lam'!E215+DTR!E215+DTRVL!E215 -> 2.3312678e+09 | F215: =TDP!F215+'Dai Loc'!F215+'Khanh Nga'!F215+'Dong Lam'!F215+DTR!F215+DTRVL!F215 -> 1.4861521e+09 | G215: =TDP!G215+'Dai Loc'!G215+'Khanh Nga'!G215+'Dong Lam'!G215+DTR!G215+DTRVL!G215 -> 2.6593393e+09 | H215: =TDP!H215+'Dai Loc'!H215+'Khanh Nga'!H215+'Dong Lam'!H215+DTR!H215+DTRVL!H215 -> 2.4642344e+09 | I215: =TDP!I215+'Dai Loc'!I215+'Khanh Nga'!I215+'Dong Lam'!I215+DTR!I215+DTRVL!I215 -> 2.3213617e+09 | J215: =TDP!J215+'Dai Loc'!J215+'Khanh Nga'!J215+'Dong Lam'!J215+DTR!J215+DTRVL!J215 -> 2741132215 | ... Z215: =TDP!Z215+'Dai Loc'!Z215+'Khanh Nga'!Z215+'Dong Lam'!Z215+DTR!Z215+DTRVL!Z215 -> 3846412346
A216: Chi phí nhân công gián tiếp sản xuất (6271) | B216: 18 | C216: =TDP!C216+'Dai Loc'!C216+'Khanh Nga'!C216+'Dong Lam'!C216+DTR!C216+DTRVL!C216 -> 2.9454827e+09 | D216: =TDP!D216+'Dai Loc'!D216+'Khanh Nga'!D216+'Dong Lam'!D216+DTR!D216+DTRVL!D216 -> 2.8049022e+09 | E216: =TDP!E216+'Dai Loc'!E216+'Khanh Nga'!E216+'Dong Lam'!E216+DTR!E216+DTRVL!E216 -> 2.9528209e+09 | F216: =TDP!F216+'Dai Loc'!F216+'Khanh Nga'!F216+'Dong Lam'!F216+DTR!F216+DTRVL!F216 -> 3.1847023e+09 | G216: =TDP!G216+'Dai Loc'!G216+'Khanh Nga'!G216+'Dong Lam'!G216+DTR!G216+DTRVL!G216 -> 3.2741149e+09 | H216: =TDP!H216+'Dai Loc'!H216+'Khanh Nga'!H216+'Dong Lam'!H216+DTR!H216+DTRVL!H216 -> 3.3545053e+09 | I216: =TDP!I216+'Dai Loc'!I216+'Khanh Nga'!I216+'Dong Lam'!I216+DTR!I216+DTRVL!I216 -> 3.16779e+09 | J216: =TDP!J216+'Dai Loc'!J216+'Khanh Nga'!J216+'Dong Lam'!J216+DTR!J216+DTRVL!J216 -> 3271117659 | ... Z216: =TDP!Z216+'Dai Loc'!Z216+'Khanh Nga'!Z216+'Dong Lam'!Z216+DTR!Z216+DTRVL!Z216 -> 3722379510
A217: Phúc lợi nhân viên sản xuất (BHXH,thưởng,…) | B217: 19 | C217: =TDP!C217+'Dai Loc'!C217+'Khanh Nga'!C217+'Dong Lam'!C217+DTR!C217+DTRVL!C217 -> 9.7821307e+08 | D217: =TDP!D217+'Dai Loc'!D217+'Khanh Nga'!D217+'Dong Lam'!D217+DTR!D217+DTRVL!D217 -> 1.0320126e+09 | E217: =TDP!E217+'Dai Loc'!E217+'Khanh Nga'!E217+'Dong Lam'!E217+DTR!E217+DTRVL!E217 -> 9.3305959e+08 | F217: =TDP!F217+'Dai Loc'!F217+'Khanh Nga'!F217+'Dong Lam'!F217+DTR!F217+DTRVL!F217 -> 9.7928179e+08 | G217: =TDP!G217+'Dai Loc'!G217+'Khanh Nga'!G217+'Dong Lam'!G217+DTR!G217+DTRVL!G217 -> 1.0144302e+09 | H217: =TDP!H217+'Dai Loc'!H217+'Khanh Nga'!H217+'Dong Lam'!H217+DTR!H217+DTRVL!H217 -> 9.8769336e+08 | I217: =TDP!I217+'Dai Loc'!I217+'Khanh Nga'!I217+'Dong Lam'!I217+DTR!I217+DTRVL!I217 -> 1.0583365e+09 | J217: =TDP!J217+'Dai Loc'!J217+'Khanh Nga'!J217+'Dong Lam'!J217+DTR!J217+DTRVL!J217 -> 905255648 | ... Z217: =TDP!Z217+'Dai Loc'!Z217+'Khanh Nga'!Z217+'Dong Lam'!Z217+DTR!Z217+DTRVL!Z217 -> 1774001848
A218: Chi phí sửa chữa, bảo trì | B218: 20 | C218: =TDP!C218+'Dai Loc'!C218+'Khanh Nga'!C218+'Dong Lam'!C218+DTR!C218+DTRVL!C218 -> 547129225 | D218: =TDP!D218+'Dai Loc'!D218+'Khanh Nga'!D218+'Dong Lam'!D218+DTR!D218+DTRVL!D218 -> 498727731 | E218: =TDP!E218+'Dai Loc'!E218+'Khanh Nga'!E218+'Dong Lam'!E218+DTR!E218+DTRVL!E218 -> 616126684 | F218: =TDP!F218+'Dai Loc'!F218+'Khanh Nga'!F218+'Dong Lam'!F218+DTR!F218+DTRVL!F218 -> 586686960 | G218: =TDP!G218+'Dai Loc'!G218+'Khanh Nga'!G218+'Dong Lam'!G218+DTR!G218+DTRVL!G218 -> 719357445 | H218: =TDP!H218+'Dai Loc'!H218+'Khanh Nga'!H218+'Dong Lam'!H218+DTR!H218+DTRVL!H218 -> 782484238 | I218: =TDP!I218+'Dai Loc'!I218+'Khanh Nga'!I218+'Dong Lam'!I218+DTR!I218+DTRVL!I218 -> 486672255 | J218: =TDP!J218+'Dai Loc'!J218+'Khanh Nga'!J218+'Dong Lam'!J218+DTR!J218+DTRVL!J218 -> 645579115 | ... Z218: =TDP!Z218+'Dai Loc'!Z218+'Khanh Nga'!Z218+'Dong Lam'!Z218+DTR!Z218+DTRVL!Z218 -> 941353149
A219: Chi phí xưởng (các khoản còn lại ngoài các mục trên) | B219: 21 | C219: =TDP!C219+'Dai Loc'!C219+'Khanh Nga'!C219+'Dong Lam'!C219+DTR!C219+DTRVL!C219 -> 4873502245 | D219: =TDP!D219+'Dai Loc'!D219+'Khanh Nga'!D219+'Dong Lam'!D219+DTR!D219+DTRVL!D219 -> 4492927440 | E219: =TDP!E219+'Dai Loc'!E219+'Khanh Nga'!E219+'Dong Lam'!E219+DTR!E219+DTRVL!E219 -> 10964698647 | F219: =TDP!F219+'Dai Loc'!F219+'Khanh Nga'!F219+'Dong Lam'!F219+DTR!F219+DTRVL!F219 -> 9657065552 | G219: =TDP!G219+'Dai Loc'!G219+'Khanh Nga'!G219+'Dong Lam'!G219+DTR!G219+DTRVL!G219 -> 9946230455 | H219: =TDP!H219+'Dai Loc'!H219+'Khanh Nga'!H219+'Dong Lam'!H219+DTR!H219+DTRVL!H219 -> 9326220242 | I219: =TDP!I219+'Dai Loc'!I219+'Khanh Nga'!I219+'Dong Lam'!I219+DTR!I219+DTRVL!I219 -> 8804186755 | J219: =TDP!J219+'Dai Loc'!J219+'Khanh Nga'!J219+'Dong Lam'!J219+DTR!J219+DTRVL!J219 -> 8971905978 | ... Z219: =TDP!Z219+'Dai Loc'!Z219+'Khanh Nga'!Z219+'Dong Lam'!Z219+DTR!Z219+DTRVL!Z219 -> 9091519654
A220: Chi phí khấu hao sản xuất (6274) | B220: 22 | C220: =TDP!C220+'Dai Loc'!C220+'Khanh Nga'!C220+'Dong Lam'!C220+DTR!C220+DTRVL!C220 -> 6224830108 | D220: =TDP!D220+'Dai Loc'!D220+'Khanh Nga'!D220+'Dong Lam'!D220+DTR!D220+DTRVL!D220 -> 6213032910 | E220: =TDP!E220+'Dai Loc'!E220+'Khanh Nga'!E220+'Dong Lam'!E220+DTR!E220+DTRVL!E220 -> 3516750532 | F220: =TDP!F220+'Dai Loc'!F220+'Khanh Nga'!F220+'Dong Lam'!F220+DTR!F220+DTRVL!F220 -> 3600047122 | G220: =TDP!G220+'Dai Loc'!G220+'Khanh Nga'!G220+'Dong Lam'!G220+DTR!G220+DTRVL!G220 -> 3778600715 | H220: =TDP!H220+'Dai Loc'!H220+'Khanh Nga'!H220+'Dong Lam'!H220+DTR!H220+DTRVL!H220 -> 3856293277 | I220: =TDP!I220+'Dai Loc'!I220+'Khanh Nga'!I220+'Dong Lam'!I220+DTR!I220+DTRVL!I220 -> 3756370427 | J220: =TDP!J220+'Dai Loc'!J220+'Khanh Nga'!J220+'Dong Lam'!J220+DTR!J220+DTRVL!J220 -> 3779520408 | ... Z220: =TDP!Z220+'Dai Loc'!Z220+'Khanh Nga'!Z220+'Dong Lam'!Z220+DTR!Z220+DTRVL!Z220 -> 5304456647
A221: Chi phí gia công ngoài (nếu có) | B221: 23 | C221: =TDP!C221+'Dai Loc'!C221+'Khanh Nga'!C221+'Dong Lam'!C221+DTR!C221+DTRVL!C221 -> 2408877200 | D221: =TDP!D221+'Dai Loc'!D221+'Khanh Nga'!D221+'Dong Lam'!D221+DTR!D221+DTRVL!D221 -> 321736000 | E221: =TDP!E221+'Dai Loc'!E221+'Khanh Nga'!E221+'Dong Lam'!E221+DTR!E221+DTRVL!E221 -> 407200000 | F221: =TDP!F221+'Dai Loc'!F221+'Khanh Nga'!F221+'Dong Lam'!F221+DTR!F221+DTRVL!F221 -> 1027400000 | G221: =TDP!G221+'Dai Loc'!G221+'Khanh Nga'!G221+'Dong Lam'!G221+DTR!G221+DTRVL!G221 -> 1296610000 | H221: =TDP!H221+'Dai Loc'!H221+'Khanh Nga'!H221+'Dong Lam'!H221+DTR!H221+DTRVL!H221 -> 932027000 | I221: =TDP!I221+'Dai Loc'!I221+'Khanh Nga'!I221+'Dong Lam'!I221+DTR!I221+DTRVL!I221 -> 1461251000 | J221: =TDP!J221+'Dai Loc'!J221+'Khanh Nga'!J221+'Dong Lam'!J221+DTR!J221+DTRVL!J221 -> 1743703999 | ... Z221: =TDP!Z221+'Dai Loc'!Z221+'Khanh Nga'!Z221+'Dong Lam'!Z221+DTR!Z221+DTRVL!Z221 -> 930000000
A222: Giá vốn khác | B222: 24 | C222: =TDP!C222+'Dai Loc'!C222+'Khanh Nga'!C222+'Dong Lam'!C222+DTR!C222+DTRVL!C222 -> 11008792358 | D222: =TDP!D222+'Dai Loc'!D222+'Khanh Nga'!D222+'Dong Lam'!D222+DTR!D222+DTRVL!D222 -> 14091966230 | E222: =TDP!E222+'Dai Loc'!E222+'Khanh Nga'!E222+'Dong Lam'!E222+DTR!E222+DTRVL!E222 -> 14967977208 | F222: =TDP!F222+'Dai Loc'!F222+'Khanh Nga'!F222+'Dong Lam'!F222+DTR!F222+DTRVL!F222 -> 9793313487 | G222: =TDP!G222+'Dai Loc'!G222+'Khanh Nga'!G222+'Dong Lam'!G222+DTR!G222+DTRVL!G222 -> 10326586768 | H222: =TDP!H222+'Dai Loc'!H222+'Khanh Nga'!H222+'Dong Lam'!H222+DTR!H222+DTRVL!H222 -> 10046707984 | I222: =TDP!I222+'Dai Loc'!I222+'Khanh Nga'!I222+'Dong Lam'!I222+DTR!I222+DTRVL!I222 -> 10237671622 | J222: =TDP!J222+'Dai Loc'!J222+'Khanh Nga'!J222+'Dong Lam'!J222+DTR!J222+DTRVL!J222 -> 1.1454537e+10 | ... Z222: =TDP!Z222+'Dai Loc'!Z222+'Khanh Nga'!Z222+'Dong Lam'!Z222+DTR!Z222+DTRVL!Z222 -> -1.4720423e+10
A223: Giá vốn trong hàng tồn kho | B223: 25 | C223: =TDP!C223+'Dai Loc'!C223+'Khanh Nga'!C223+'Dong Lam'!C223+DTR!C223+DTRVL!C223 -> -6.8274999e+09 | D223: =TDP!D223+'Dai Loc'!D223+'Khanh Nga'!D223+'Dong Lam'!D223+DTR!D223+DTRVL!D223 -> -3.6831868e+09 | E223: =TDP!E223+'Dai Loc'!E223+'Khanh Nga'!E223+'Dong Lam'!E223+DTR!E223+DTRVL!E223 -> -6111158325 | F223: =TDP!F223+'Dai Loc'!F223+'Khanh Nga'!F223+'Dong Lam'!F223+DTR!F223+DTRVL!F223 -> -7.318374e+09 | G223: =TDP!G223+'Dai Loc'!G223+'Khanh Nga'!G223+'Dong Lam'!G223+DTR!G223+DTRVL!G223 -> -4.3200363e+08 | H223: =TDP!H223+'Dai Loc'!H223+'Khanh Nga'!H223+'Dong Lam'!H223+DTR!H223+DTRVL!H223 -> -2.897196e+08 | I223: =TDP!I223+'Dai Loc'!I223+'Khanh Nga'!I223+'Dong Lam'!I223+DTR!I223+DTRVL!I223 -> -7.8476875e+09 | J223: =TDP!J223+'Dai Loc'!J223+'Khanh Nga'!J223+'Dong Lam'!J223+DTR!J223+DTRVL!J223 -> 1.539889e+10 | ... Z223: =TDP!Z223+'Dai Loc'!Z223+'Khanh Nga'!Z223+'Dong Lam'!Z223+DTR!Z223+DTRVL!Z223 -> 1.5406354e+09
A224: % Giá vốn hàng bán | B224: 26 | C224: =IFERROR(C211/C207,"") -> 0.92331097 | D224: =IFERROR(D211/D207,"") -> 1.0061775 | E224: =IFERROR(E211/E207,"") -> 0.94412971 | F224: =IFERROR(F211/F207,"") -> 0.89806921 | G224: =IFERROR(G211/G207,"") -> 0.98091517 | H224: =IFERROR(H211/H207,"") -> 1.0294363 | I224: =IFERROR(I211/I207,"") -> 1.0765127 | J224: =IFERROR(J211/J207,"") -> 0.96892497 | ... Z224: =IFERROR(Z211/Z207,"") -> 0.70764866
...

Sheet GDNB
A1: TỔNG HỢP GIAO DỊCH DOANH THU, CHI PHÍ NỘI BỘ - KẾ HOẠCH 2026
A2: Nhóm Cty | B2: STT | C2: CÔNG TY BÁN | D2: CÔNG TY MUA | E2: TK doanh thu của Cty bán (511/515/711) | F2: TK chi phí của Cty mua (632/…) | G2: Diễn giải | H2: T01.2026 | I2: T02.2026 | J2: T03.2026 | K2: T04.2026 | L2: T05.2026 | M2: T06.2026 | N2: T07.2026 | O2: T08.2026 | P2: T09.2026 | Q2: T10.2026 | R2: T11.2026 | S2: T12.2026 | T2: Tổng 2026
A3: Holding | B3: 1 | C3: CTCP DT Group | T3: =SUM(H3:S3) -> 0
B4: 2 | C4: DT Xanh | T4: =SUM(H4:S4) -> 0
B5: 3 | C5: TNHH Nhựa DT | D5: Natec, Plenma | T5: =SUM(H5:S5) -> 0
B6: 4 | C6: TNHH Nhựa DT | D6: DTR Tây Ninh | T6: =SUM(H6:S6) -> 0
C7: Tổng: | H7: =SUM(H3:H6) -> 0 | I7: =SUM(I3:I6) -> 0 | J7: =SUM(J3:J6) -> 0 | K7: =SUM(K3:K6) -> 0 | L7: =SUM(L3:L6) -> 0 | M7: =SUM(M3:M6) -> 0 | N7: =SUM(N3:N6) -> 0 | O7: =SUM(O3:O6) -> 0 | ... S7: =SUM(S3:S6) -> 0 | T7: =SUM(H7:S7) -> 0
A8: Recycle | B8: 5 | C8: DTR Tây Ninh | D8: PLASCENE | E8: 511 | F8: 632 | G8: Bán hạt nhựa | T8: =SUM(H8:S8) -> 0
B9: 6 | C9: Đại Lộc | D9: DTR Tây Ninh | E9: 511 | F9: 632 | G9: Bán chai nhựa phế liệu | H9: 11415442500 | I9: 8878677500 | J9: 12683825000 | K9: 13952207500 | L9: 13934978750 | M9: 14026113750 | N9: 14026113750 | O9: 14026113750 | P9: 14026113750 | Q9: 14026113750 | R9: 14026113750 | S9: 14026113750 | T9: =SUM(H9:S9) -> 159047927500
B10: 7 | C10: Đồng Lâm | D10: DTR Tây Ninh | E10: 511 | F10: 632 | G10: Bán chai nhựa phế liệu | H10: 11319672000 | I10: 7463520000 | J10: 14539209750 | K10: 16106940625 | L10: 16106940625 | M10: 16751218250 | N10: 17395495875 | O10: 16751218250 | P10: 15462663000 | Q10: 17395495875 | R10: 16106940625 | S10: 17395495875 | T10: =SUM(H10:S10) -> 182794810750
B11: 8 | C11: Khánh Nga | D11: DTR Tây Ninh | E11: 511 | F11: 632 | G11: Bán chai nhựa phế liệu | H11: 7469550000 | I11: 5602162500 | J11: 8092012500 | K11: 8714475000 | L11: 8714475000 | M11: 8714475000 | N11: 8714475000 | O11: 8714475000 | P11: 8714475000 | Q11: 8714475000 | R11: 8714475000 | S11: 8714475000 | T11: =SUM(H11:S11) -> 99594000000
B12: 9 | C12: Tân Đại Phát | T12: =SUM(H12:S12) -> 0
B13: 10 | C13: DTR Vĩnh Long | T13: =SUM(H13:S13) -> 0
C14: Tổng: | H14: =SUM(H8:H13) -> 30204664500 | I14: =SUM(I8:I13) -> 21944360000 | J14: =SUM(J8:J13) -> 35315047250 | K14: =SUM(K8:K13) -> 38773623125 | L14: =SUM(L8:L13) -> 38756394375 | M14: =SUM(M8:M13) -> 39491807000 | N14: =SUM(N8:N13) -> 40136084625 | O14: =SUM(O8:O13) -> 39491807000 | ... S14: =SUM(S8:S13) -> 40136084625 | T14: =SUM(H14:S14) -> 441436738250
A15: Mold | B15: 11 | C15: MIDA | D15: TNHH Nhựa DT | E15: 515 | F15: 635 | G15: Lãi cho vay | T15: =SUM(H15:S15) -> 0
D16: DUFO | E16: 511 | F16: 632 | G16: Cho thuê nhà xưởng | T16: =SUM(H16:S16) -> 0
D17: PLASCENE | E17: 511 | F17: 632 | G17: Bán sản phẩm nhựa | T17: =SUM(H17:S17) -> 0
B18: 12 | C18: DUFO | D18: MIDA, NATEC, Plenma, Đại Lộc | T18: =SUM(H18:S18) -> 0
B19: 13 | C19: NATEC | D19: xxx | E19: 511 | F19: 632 | G19: Bán sản phẩm/gia công khuôn | T19: =SUM(H19:S19) -> 0
B20: 14 | C20: PLENMA | D20: DTR+Đồng Lâm+Mida+Plascene | E20: 511 | F20: 632 (khấu hao-> loại trừ theo giá vốn của Plenma) | G20: Bán MMTB | T20: =SUM(H20:S20) -> 0
C21: Tổng: | H21: =SUM(H15:H20) -> 0 | I21: =SUM(I15:I20) -> 0 | J21: =SUM(J15:J20) -> 0 | K21: =SUM(K15:K20) -> 0 | L21: =SUM(L15:L20) -> 0 | M21: =SUM(M15:M20) -> 0 | N21: =SUM(N15:N20) -> 0 | O21: =SUM(O15:O20) -> 0 | ... S21: =SUM(S15:S20) -> 0 | T21: =SUM(H21:S21) -> 0
A22: USA | B22: 15 | C22: PLASCENE | D22: TNHH Nhựa DT | T22: =SUM(H22:S22) -> 0
C23: Tổng: | H23: =H22 -> 0 | I23: =I22 -> 0 | J23: =J22 -> 0 | K23: =K22 -> 0 | L23: =L22 -> 0 | M23: =M22 -> 0 | N23: =N22 -> 0 | O23: =O22 -> 0 | ... S23: =S22 -> 0 | T23: =SUM(H23:S23) -> 0
A24: Real Estate | B24: 16 | C24: Cát Vân | T24: =SUM(H24:S24) -> 0
B25: 17 | C25: Tân Bình | T25: =SUM(H25:S25) -> 0
B26: 18 | C26: Thạnh Phát | D26: DTR Tây Ninh | E26: 511 | F26: 632 | G26: Cho thuê nhà xưởng | T26: =SUM(H26:S26) -> 0
D27: MIDA | E27: 511 | F27: 632 | G27: Cho thuê nhà xưởng | T27: =SUM(H27:S27) -> 0
C28: Tổng: | H28: =SUM(H24:H27) -> 0 | I28: =SUM(I24:I27) -> 0 | J28: =SUM(J24:J27) -> 0 | K28: =SUM(K24:K27) -> 0 | L28: =SUM(L24:L27) -> 0 | M28: =SUM(M24:M27) -> 0 | N28: =SUM(N24:N27) -> 0 | O28: =SUM(O24:O27) -> 0 | ... S28: =SUM(S24:S27) -> 0 | T28: =SUM(H28:S28) -> 0
A29: Service | B29: 19 | C29: Tân Lợi Phát | D29: DTR Tây Ninh | E29: 511 | F29: 632 | G29: Cho thuê kho | T29: =SUM(H29:S29) -> 0
B30: 20 | C30: Đà Nẵng | T30: =SUM(H30:S30) -> 0
B31: 21 | C31: Yến Nhất Vương | T31: =SUM(H31:S31) -> 0
C32: Tổng: | H32: =SUM(H29:H31) -> 0 | I32: =SUM(I29:I31) -> 0 | J32: =SUM(J29:J31) -> 0 | K32: =SUM(K29:K31) -> 0 | L32: =SUM(L29:L31) -> 0 | M32: =SUM(M29:M31) -> 0 | N32: =SUM(N29:N31) -> 0 | O32: =SUM(O29:O31) -> 0 | ... S32: =SUM(S29:S31) -> 0 | T32: =SUM(H32:S32) -> 0
C33: TỔNG: | H33: =H7+H14+H21+H23+H28+H32 -> 30204664500 | I33: =I7+I14+I21+I23+I28+I32 -> 21944360000 | J33: =J7+J14+J21+J23+J28+J32 -> 35315047250 | K33: =K7+K14+K21+K23+K28+K32 -> 38773623125 | L33: =L7+L14+L21+L23+L28+L32 -> 38756394375 | M33: =M7+M14+M21+M23+M28+M32 -> 39491807000 | N33: =N7+N14+N21+N23+N28+N32 -> 40136084625 | O33: =O7+O14+O21+O23+O28+O32 -> 39491807000 | ... S33: =S7+S14+S21+S23+S28+S32 -> 40136084625 | T33: =SUM(H33:S33) -> 441436738250

Sheet DTR
A1: CTY CP NHỰA TÁI CHẾ DUY TÂN | B1: 5 | O1: 2025
A2: VND | Y2: =SUM(Y96,Y110)/Y83 -> 0.25434421
C3: 2024 | D3: =C3 -> 2024 | E3: =D3 -> 2024 | F3: =E3 -> 2024 | G3: =F3 -> 2024 | H3: =G3 -> 2024 | I3: =H3 -> 2024 | J3: =I3 -> 2024 | K3: =J3 -> 2024 | ... N3: =M3 -> 2024 | O3: 2025 | P3: =O3 -> 2025 | Q3: =P3 -> 2025 | R3: =Q3 -> 2025 | S3: =R3 -> 2025 | T3: =S3 -> 2025 | U3: =T3 -> 2025 | V3: =U3 -> 2025 | W3: =V3 -> 2025 | ... Z3: =Y3 -> 2025
C4: 1 | D4: 2 | E4: 3 | F4: 4 | G4: 5 | H4: 6 | I4: 7 | J4: 8 | K4: 9 | L4: 10 | M4: 11 | N4: 12 | O4: 1 | P4: 2 | Q4: 3 | R4: 4 | S4: 5 | T4: 6 | U4: 7 | V4: 8 | W4: 9 | X4: 10 | Y4: 11 | Z4: 12
A5: PHẦN I-BÁO CÁO TÌNH HÌNH TÀI CHÍNH | B5: Index BS | C5: T01.2024 | D5: T02.2024 | E5: T03.2024 | F5: T04.2024 | G5: T05.2024 | H5: T06.2024 | I5: T07.2024 | J5: T08.2024 | K5: T09.2024 | L5: T10.2024 | M5: T11.2024 | N5: T12.2024 | O5: T01.2025 | P5: T02.2025 | Q5: T03.2025 | R5: T04.2025 | S5: T05.2025 | T5: T06.2025 | U5: T07.2025 | V5: T08.2025 | W5: T09.2025 | X5: T10.2025 | Y5: T11.2025 | Z5: T12.2025 | AA5: T01.2026 | AB5: T02.2026 | AC5: T03.2026 | AD5: T04.2026 | AE5: T05.2026 | AF5: T06.2026 | AG5: T07.2026 | AH5: T08.2026 | AI5: T09.2026 | AJ5: T10.2026 | AK5: T11.2026 | AL5: T12.2026
A6: A-TÀI SẢN NGẮN HẠN | B6: 1 | C6: 782481934423 | D6: 768590764263 | E6: 815465869041 | F6: 877414026420 | G6: 928155716736 | H6: 956563222023 | I6: 906133879099 | J6: 849218290026 | K6: 891170346476 | L6: 912165489717 | M6: 989601612249 | N6: 969587265880 | O6: 894788032291 | P6: 814157821775 | Q6: 866303373135 | R6: 929599762285 | S6: 981599372849 | T6: 1010794698754 | U6: 999811801439 | V6: 1060333071975 | W6: 1040577598634 | X6: 982848510813 | Y6: 959373053576 | Z6: 953625133537 | AA6: =SUMIFS([1]!Data_BS[Value],[1]!Data_BS[Index BS],DTR!$B6,[1]!Data_BS[TenCongTyID],DTR!$B$1,[1]!Data_BS[Thang.Nam],DTR!AA$5) -> 0 | AB6: =SUMIFS([1]!Data_BS[Value],[1]!Data_BS[Index BS],DTR!$B6,[1]!Data_BS[TenCongTyID],DTR!$B$1,[1]!Data_BS[Thang.Nam],DTR!AB$5) -> 0 | AC6: =SUMIFS([1]!Data_BS[Value],[1]!Data_BS[Index BS],DTR!$B6,[1]!Data_BS[TenCongTyID],DTR!$B$1,[1]!Data_BS[Thang.Nam],DTR!AC$5) -> 0 | AD6: =SUMIFS([1]!Data_BS[Value],[1]!Data_BS[Index BS],DTR!$B6,[1]!Data_BS[TenCongTyID],DTR!$B$1,[1]!Data_BS[Thang.Nam],DTR!AD$5) -> 0 | AE6: =SUMIFS([1]!Data_BS[Value],[1]!Data_BS[Index BS],DTR!$B6,[1]!Data_BS[TenCongTyID],DTR!$B$1,[1]!Data_BS[Thang.Nam],DTR!AE$5) -> 0 | AF6: =SUMIFS([1]!Data_BS[Value],[1]!Data_BS[Index BS],DTR!$B6,[1]!Data_BS[TenCongTyID],DTR!$B$1,[1]!Data_BS[Thang.Nam],DTR!AF$5) -> 0 | AG6: =SUMIFS([1]!Data_BS[Value],[1]!Data_BS[Index BS],DTR!$B6,[1]!Data_BS[TenCongTyID],DTR!$B$1,[1]!Data_BS[Thang.Nam],DTR!AG$5) -> 0 | AH6: =SUMIFS([1]!Data_BS[Value],[1]!Data_BS[Index BS],DTR!$B6,[1]!Data_BS[TenCongTyID],DTR!$B$1,[1]!Data_BS[Thang.Nam],DTR!AH$5) -> 0 | ... AL6: =SUMIFS([1]!Data_BS[Value],[1]!Data_BS[Index BS],DTR!$B6,[1]!Data_BS[TenCongTyID],DTR!$B$1,[1]!Data_BS[Thang.Nam],DTR!AL$5) -> 0
A7: I.Tiền và các khoản tương đương tiền | B7: 2 | C7: 31037848308 | D7: 22669663716 | E7: 6664945115 | F7: 15574807889 | G7: 16007340290 | H7: 3678057757 | I7: 36916493026 | J7: 16748498285 | K7: 33251814637 | L7: 56773964959 | M7: 43420355696 | N7: 39805017284 | O7: 76486895109 | P7: 33258200889 | Q7: 23555271373 | R7: 37590058839 | S7: 21868727527 | T7: 32470900772 | U7: 30661632458 | V7: 29770776625 | W7: 64296693910 | X7: 53646701293 | Y7: 55165406320 | Z7: 36834893155 | AA7: =SUMIFS([1]!Data_BS[Value],[1]!Data_BS[Index BS],DTR!$B7,[1]!Data_BS[TenCongTyID],DTR!$B$1,[1]!Data_BS[Thang.Nam],DTR!AA$5) -> 0 | AB7: =SUMIFS([1]!Data_BS[Value],[1]!Data_BS[Index BS],DTR!$B7,[1]!Data_BS[TenCongTyID],DTR!$B$1,[1]!Data_BS[Thang.Nam],DTR!AB$5) -> 0 | AC7: =SUMIFS([1]!Data_BS[Value],[1]!Data_BS[Index BS],DTR!$B7,[1]!Data_BS[TenCongTyID],DTR!$B$1,[1]!Data_BS[Thang.Nam],DTR!AC$5) -> 0 | AD7: =SUMIFS([1]!Data_BS[Value],[1]!Data_BS[Index BS],DTR!$B7,[1]!Data_BS[TenCongTyID],DTR!$B$1,[1]!Data_BS[Thang.Nam],DTR!AD$5) -> 0 | AE7: =SUMIFS([1]!Data_BS[Value],[1]!Data_BS[Index BS],DTR!$B7,[1]!Data_BS[TenCongTyID],DTR!$B$1,[1]!Data_BS[Thang.Nam],DTR!AE$5) -> 0 | AF7: =SUMIFS([1]!Data_BS[Value],[1]!Data_BS[Index BS],DTR!$B7,[1]!Data_BS[TenCongTyID],DTR!$B$1,[1]!Data_BS[Thang.Nam],DTR!AF$5) -> 0 | AG7: =SUMIFS([1]!Data_BS[Value],[1]!Data_BS[Index BS],DTR!$B7,[1]!Data_BS[TenCongTyID],DTR!$B$1,[1]!Data_BS[Thang.Nam],DTR!AG$5) -> 0 | AH7: =SUMIFS([1]!Data_BS[Value],[1]!Data_BS[Index BS],DTR!$B7,[1]!Data_BS[TenCongTyID],DTR!$B$1,[1]!Data_BS[Thang.Nam],DTR!AH$5) -> 0 | ... AL7: =SUMIFS([1]!Data_BS[Value],[1]!Data_BS[Index BS],DTR!$B7,[1]!Data_BS[TenCongTyID],DTR!$B$1,[1]!Data_BS[Thang.Nam],DTR!AL$5) -> 0
A8: 1.Tiền | B8: 3 | C8: 28197848308 | D8: 19829663716 | E8: 5834945115 | F8: 14744807889 | G8: 15177340290 | H8: 2848057757 | I8: 36086493026 | J8: 15918498285 | K8: 33251814637 | L8: 56773964959 | M8: 43420355696 | N8: 29805017284 | O8: 73646895109 | P8: 30418200889 | Q8: 23555271373 | R8: 37590058839 | S8: 21868727527 | T8: 32470900772 | U8: 30661632458 | V8: 29770776625 | W8: 64296693910 | X8: 33646701293 | Y8: 35165406320 | Z8: 36834893155 | AA8: =SUMIFS([1]!Data_BS[Value],[1]!Data_BS[Index BS],DTR!$B8,[1]!Data_BS[TenCongTyID],DTR!$B$1,[1]!Data_BS[Thang.Nam],DTR!AA$5) -> 0 | AB8: =SUMIFS([1]!Data_BS[Value],[1]!Data_BS[Index BS],DTR!$B8,[1]!Data_BS[TenCongTyID],DTR!$B$1,[1]!Data_BS[Thang.Nam],DTR!AB$5) -> 0 | AC8: =SUMIFS([1]!Data_BS[Value],[1]!Data_BS[Index BS],DTR!$B8,[1]!Data_BS[TenCongTyID],DTR!$B$1,[1]!Data_BS[Thang.Nam],DTR!AC$5) -> 0 | AD8: =SUMIFS([1]!Data_BS[Value],[1]!Data_BS[Index BS],DTR!$B8,[1]!Data_BS[TenCongTyID],DTR!$B$1,[1]!Data_BS[Thang.Nam],DTR!AD$5) -> 0 | AE8: =SUMIFS([1]!Data_BS[Value],[1]!Data_BS[Index BS],DTR!$B8,[1]!Data_BS[TenCongTyID],DTR!$B$1,[1]!Data_BS[Thang.Nam],DTR!AE$5) -> 0 | AF8: =SUMIFS([1]!Data_BS[Value],[1]!Data_BS[Index BS],DTR!$B8,[1]!Data_BS[TenCongTyID],DTR!$B$1,[1]!Data_BS[Thang.Nam],DTR!AF$5) -> 0 | AG8: =SUMIFS([1]!Data_BS[Value],[1]!Data_BS[Index BS],DTR!$B8,[1]!Data_BS[TenCongTyID],DTR!$B$1,[1]!Data_BS[Thang.Nam],DTR!AG$5) -> 0 | AH8: =SUMIFS([1]!Data_BS[Value],[1]!Data_BS[Index BS],DTR!$B8,[1]!Data_BS[TenCongTyID],DTR!$B$1,[1]!Data_BS[Thang.Nam],DTR!AH$5) -> 0 | ... AL8: =SUMIFS([1]!Data_BS[Value],[1]!Data_BS[Index BS],DTR!$B8,[1]!Data_BS[TenCongTyID],DTR!$B$1,[1]!Data_BS[Thang.Nam],DTR!AL$5) -> 0
A9: 2.Các khoản tương đương tiền | B9: 4 | C9: 2840000000 | D9: 2840000000 | E9: 830000000 | F9: 830000000 | G9: 830000000 | H9: 830000000 | I9: 830000000 | J9: 830000000 | K9: 0 | L9: 0 | M9: 0 | N9: 10000000000 | O9: 2840000000 | P9: 2840000000 | Q9: 0 | R9: 0 | S9: 0 | T9: 0 | U9: 0 | V9: 0 | W9: 0 | X9: 20000000000 | Y9: 20000000000 | Z9: 0 | AA9: =SUMIFS([1]!Data_BS[Value],[1]!Data_BS[Index BS],DTR!$B9,[1]!Data_BS[TenCongTyID],DTR!$B$1,[1]!Data_BS[Thang.Nam],DTR!AA$5) -> 0 | AB9: =SUMIFS([1]!Data_BS[Value],[1]!Data_BS[Index BS],DTR!$B9,[1]!Data_BS[TenCongTyID],DTR!$B$1,[1]!Data_BS[Thang.Nam],DTR!AB$5) -> 0 | AC9: =SUMIFS([1]!Data_BS[Value],[1]!Data_BS[Index BS],DTR!$B9,[1]!Data_BS[TenCongTyID],DTR!$B$1,[1]!Data_BS[Thang.Nam],DTR!AC$5) -> 0 | AD9: =SUMIFS([1]!Data_BS[Value],[1]!Data_BS[Index BS],DTR!$B9,[1]!Data_BS[TenCongTyID],DTR!$B$1,[1]!Data_BS[Thang.Nam],DTR!AD$5) -> 0 | AE9: =SUMIFS([1]!Data_BS[Value],[1]!Data_BS[Index BS],DTR!$B9,[1]!Data_BS[TenCongTyID],DTR!$B$1,[1]!Data_BS[Thang.Nam],DTR!AE$5) -> 0 | AF9: =SUMIFS([1]!Data_BS[Value],[1]!Data_BS[Index BS],DTR!$B9,[1]!Data_BS[TenCongTyID],DTR!$B$1,[1]!Data_BS[Thang.Nam],DTR!AF$5) -> 0 | AG9: =SUMIFS([1]!Data_BS[Value],[1]!Data_BS[Index BS],DTR!$B9,[1]!Data_BS[TenCongTyID],DTR!$B$1,[1]!Data_BS[Thang.Nam],DTR!AG$5) -> 0 | AH9: =SUMIFS([1]!Data_BS[Value],[1]!Data_BS[Index BS],DTR!$B9,[1]!Data_BS[TenCongTyID],DTR!$B$1,[1]!Data_BS[Thang.Nam],DTR!AH$5) -> 0 | ... AL9: =SUMIFS([1]!Data_BS[Value],[1]!Data_BS[Index BS],DTR!$B9,[1]!Data_BS[TenCongTyID],DTR!$B$1,[1]!Data_BS[Thang.Nam],DTR!AL$5) -> 0
A10: II.Đầu tư tài chính ngắn hạn | B10: 5 | C10: =SUM(C11:C16) -> 107849581921 | D10: =SUM(D11:D16) -> 107839861921 | E10: =SUM(E11:E16) -> 107830141921 | F10: =SUM(F11:F16) -> 97320421921 | G10: =SUM(G11:G16) -> 97310701921 | H10: =SUM(H11:H16) -> 77300981921 | I10: =SUM(I11:I16) -> 57791261921 | J10: =SUM(J11:J16) -> 57781541921 | ... Y10: =SUM(Y11:Y16) -> 78699021921 | Z10: 73699021921 | AA10: =SUMIFS([1]!Data_BS[Value],[1]!Data_BS[Index BS],DTR!$B10,[1]!Data_BS[TenCongTyID],DTR!$B$1,[1]!Data_BS[Thang.Nam],DTR!AA$5) -> 0 | AB10: =SUMIFS([1]!Data_BS[Value],[1]!Data_BS[Index BS],DTR!$B10,[1]!Data_BS[TenCongTyID],DTR!$B$1,[1]!Data_BS[Thang.Nam],DTR!AB$5) -> 0 | AC10: =SUMIFS([1]!Data_BS[Value],[1]!Data_BS[Index BS],DTR!$B10,[1]!Data_BS[TenCongTyID],DTR!$B$1,[1]!Data_BS[Thang.Nam],DTR!AC$5) -> 0 | AD10: =SUMIFS([1]!Data_BS[Value],[1]!Data_BS[Index BS],DTR!$B10,[1]!Data_BS[TenCongTyID],DTR!$B$1,[1]!Data_BS[Thang.Nam],DTR!AD$5) -> 0 | AE10: =SUMIFS([1]!Data_BS[Value],[1]!Data_BS[Index BS],DTR!$B10,[1]!Data_BS[TenCongTyID],DTR!$B$1,[1]!Data_BS[Thang.Nam],DTR!AE$5) -> 0 | AF10: =SUMIFS([1]!Data_BS[Value],[1]!Data_BS[Index BS],DTR!$B10,[1]!Data_BS[TenCongTyID],DTR!$B$1,[1]!Data_BS[Thang.Nam],DTR!AF$5) -> 0 | AG10: =SUMIFS([1]!Data_BS[Value],[1]!Data_BS[Index BS],DTR!$B10,[1]!Data_BS[TenCongTyID],DTR!$B$1,[1]!Data_BS[Thang.Nam],DTR!AG$5) -> 0 | AH10: =SUMIFS([1]!Data_BS[Value],[1]!Data_BS[Index BS],DTR!$B10,[1]!Data_BS[TenCongTyID],DTR!$B$1,[1]!Data_BS[Thang.Nam],DTR!AH$5) -> 0 | ... AL10: =SUMIFS([1]!Data_BS[Value],[1]!Data_BS[Index BS],DTR!$B10,[1]!Data_BS[TenCongTyID],DTR!$B$1,[1]!Data_BS[Thang.Nam],DTR!AL$5) -> 0
A11: 1.Chứng khoán kinh doanh | B11: 6 | C11: 0 | D11: 0 | E11: 0 | F11: 0 | G11: 0 | H11: 0 | I11: 0 | J11: 0 | K11: 0 | L11: 0 | M11: 0 | N11: 0 | O11: 0 | P11: 0 | Q11: 0 | R11: 0 | S11: 0 | T11: 0 | U11: 0 | V11: 0 | W11: 0 | X11: 0 | Y11: 0 | Z11: 0 | AA11: =SUMIFS([1]!Data_BS[Value],[1]!Data_BS[Index BS],DTR!$B11,[1]!Data_BS[TenCongTyID],DTR!$B$1,[1]!Data_BS[Thang.Nam],DTR!AA$5) -> 0 | AB11: =SUMIFS([1]!Data_BS[Value],[1]!Data_BS[Index BS],DTR!$B11,[1]!Data_BS[TenCongTyID],DTR!$B$1,[1]!Data_BS[Thang.Nam],DTR!AB$5) -> 0 | AC11: =SUMIFS([1]!Data_BS[Value],[1]!Data_BS[Index BS],DTR!$B11,[1]!Data_BS[TenCongTyID],DTR!$B$1,[1]!Data_BS[Thang.Nam],DTR!AC$5) -> 0 | AD11: =SUMIFS([1]!Data_BS[Value],[1]!Data_BS[Index BS],DTR!$B11,[1]!Data_BS[TenCongTyID],DTR!$B$1,[1]!Data_BS[Thang.Nam],DTR!AD$5) -> 0 | AE11: =SUMIFS([1]!Data_BS[Value],[1]!Data_BS[Index BS],DTR!$B11,[1]!Data_BS[TenCongTyID],DTR!$B$1,[1]!Data_BS[Thang.Nam],DTR!AE$5) -> 0 | AF11: =SUMIFS([1]!Data_BS[Value],[1]!Data_BS[Index BS],DTR!$B11,[1]!Data_BS[TenCongTyID],DTR!$B$1,[1]!Data_BS[Thang.Nam],DTR!AF$5) -> 0 | AG11: =SUMIFS([1]!Data_BS[Value],[1]!Data_BS[Index BS],DTR!$B11,[1]!Data_BS[TenCongTyID],DTR!$B$1,[1]!Data_BS[Thang.Nam],DTR!AG$5) -> 0 | AH11: =SUMIFS([1]!Data_BS[Value],[1]!Data_BS[Index BS],DTR!$B11,[1]!Data_BS[TenCongTyID],DTR!$B$1,[1]!Data_BS[Thang.Nam],DTR!AH$5) -> 0 | ... AL11: =SUMIFS([1]!Data_BS[Value],[1]!Data_BS[Index BS],DTR!$B11,[1]!Data_BS[TenCongTyID],DTR!$B$1,[1]!Data_BS[Thang.Nam],DTR!AL$5) -> 0
A12: 2.Dự phòng giảm giá chứng khoán kinh doanh (*) | B12: 7 | C12: 0 | D12: 0 | E12: 0 | F12: 0 | G12: 0 | H12: 0 | I12: 0 | J12: 0 | K12: 0 | L12: 0 | M12: 0 | N12: 0 | O12: 0 | P12: 0 | Q12: 0 | R12: 0 | S12: 0 | T12: 0 | U12: 0 | V12: 0 | W12: 0 | X12: 0 | Y12: 0 | Z12: 0 | AA12: =SUMIFS([1]!Data_BS[Value],[1]!Data_BS[Index BS],DTR!$B12,[1]!Data_BS[TenCongTyID],DTR!$B$1,[1]!Data_BS[Thang.Nam],DTR!AA$5) -> 0 | AB12: =SUMIFS([1]!Data_BS[Value],[1]!Data_BS[Index BS],DTR!$B12,[1]!Data_BS[TenCongTyID],DTR!$B$1,[1]!Data_BS[Thang.Nam],DTR!AB$5) -> 0 | AC12: =SUMIFS([1]!Data_BS[Value],[1]!Data_BS[Index BS],DTR!$B12,[1]!Data_BS[TenCongTyID],DTR!$B$1,[1]!Data_BS[Thang.Nam],DTR!AC$5) -> 0 | AD12: =SUMIFS([1]!Data_BS[Value],[1]!Data_BS[Index BS],DTR!$B12,[1]!Data_BS[TenCongTyID],DTR!$B$1,[1]!Data_BS[Thang.Nam],DTR!AD$5) -> 0 | AE12: =SUMIFS([1]!Data_BS[Value],[1]!Data_BS[Index BS],DTR!$B12,[1]!Data_BS[TenCongTyID],DTR!$B$1,[1]!Data_BS[Thang.Nam],DTR!AE$5) -> 0 | AF12: =SUMIFS([1]!Data_BS[Value],[1]!Data_BS[Index BS],DTR!$B12,[1]!Data_BS[TenCongTyID],DTR!$B$1,[1]!Data_BS[Thang.Nam],DTR!AF$5) -> 0 | AG12: =SUMIFS([1]!Data_BS[Value],[1]!Data_BS[Index BS],DTR!$B12,[1]!Data_BS[TenCongTyID],DTR!$B$1,[1]!Data_BS[Thang.Nam],DTR!AG$5) -> 0 | AH12: =SUMIFS([1]!Data_BS[Value],[1]!Data_BS[Index BS],DTR!$B12,[1]!Data_BS[TenCongTyID],DTR!$B$1,[1]!Data_BS[Thang.Nam],DTR!AH$5) -> 0 | ... AL12: =SUMIFS([1]!Data_BS[Value],[1]!Data_BS[Index BS],DTR!$B12,[1]!Data_BS[TenCongTyID],DTR!$B$1,[1]!Data_BS[Thang.Nam],DTR!AL$5) -> 0
A13: 3.Đầu tư nắm giữ đến ngày đáo hạn ngắn hạn | B13: 8 | C13: 107849581921 | D13: 107839861921 | E13: 107830141921 | F13: 97320421921 | G13: 97310701921 | H13: 77300981921 | I13: 57791261921 | J13: 57781541921 | K13: 58611541921 | L13: 58592101921 | M13: 98592101921 | N13: 78572661921 | O13: 75713221921 | P13: 61213221921 | Q13: 101053221921 | R13: 125553221921 | S13: 135524061921 | T13: 135504621921 | U13: 120504621921 | V13: 120699021921 | W13: 108699021921 | X13: 88699021921 | Y13: 78699021921 | Z13: 73699021921 | AA13: =SUMIFS([1]!Data_BS[Value],[1]!Data_BS[Index BS],DTR!$B13,[1]!Data_BS[TenCongTyID],DTR!$B$1,[1]!Data_BS[Thang.Nam],DTR!AA$5) -> 0 | AB13: =SUMIFS([1]!Data_BS[Value],[1]!Data_BS[Index BS],DTR!$B13,[1]!Data_BS[TenCongTyID],DTR!$B$1,[1]!Data_BS[Thang.Nam],DTR!AB$5) -> 0 | AC13: =SUMIFS([1]!Data_BS[Value],[1]!Data_BS[Index BS],DTR!$B13,[1]!Data_BS[TenCongTyID],DTR!$B$1,[1]!Data_BS[Thang.Nam],DTR!AC$5) -> 0 | AD13: =SUMIFS([1]!Data_BS[Value],[1]!Data_BS[Index BS],DTR!$B13,[1]!Data_BS[TenCongTyID],DTR!$B$1,[1]!Data_BS[Thang.Nam],DTR!AD$5) -> 0 | AE13: =SUMIFS([1]!Data_BS[Value],[1]!Data_BS[Index BS],DTR!$B13,[1]!Data_BS[TenCongTyID],DTR!$B$1,[1]!Data_BS[Thang.Nam],DTR!AE$5) -> 0 | AF13: =SUMIFS([1]!Data_BS[Value],[1]!Data_BS[Index BS],DTR!$B13,[1]!Data_BS[TenCongTyID],DTR!$B$1,[1]!Data_BS[Thang.Nam],DTR!AF$5) -> 0 | AG13: =SUMIFS([1]!Data_BS[Value],[1]!Data_BS[Index BS],DTR!$B13,[1]!Data_BS[TenCongTyID],DTR!$B$1,[1]!Data_BS[Thang.Nam],DTR!AG$5) -> 0 | AH13: =SUMIFS([1]!Data_BS[Value],[1]!Data_BS[Index BS],DTR!$B13,[1]!Data_BS[TenCongTyID],DTR!$B$1,[1]!Data_BS[Thang.Nam],DTR!AH$5) -> 0 | ... AL13: =SUMIFS([1]!Data_BS[Value],[1]!Data_BS[Index BS],DTR!$B13,[1]!Data_BS[TenCongTyID],DTR!$B$1,[1]!Data_BS[Thang.Nam],DTR!AL$5) -> 0
A14: 4.Dự phòng đầu tư nắm giữ đến ngày đáo hạn ngắn hạn (*) | B14: 9 | Z14: 0 | AA14: =SUMIFS([1]!Data_BS[Value],[1]!Data_BS[Index BS],DTR!$B14,[1]!Data_BS[TenCongTyID],DTR!$B$1,[1]!Data_BS[Thang.Nam],DTR!AA$5) -> 0 | AB14: =SUMIFS([1]!Data_BS[Value],[1]!Data_BS[Index BS],DTR!$B14,[1]!Data_BS[TenCongTyID],DTR!$B$1,[1]!Data_BS[Thang.Nam],DTR!AB$5) -> 0 | AC14: =SUMIFS([1]!Data_BS[Value],[1]!Data_BS[Index BS],DTR!$B14,[1]!Data_BS[TenCongTyID],DTR!$B$1,[1]!Data_BS[Thang.Nam],DTR!AC$5) -> 0 | AD14: =SUMIFS([1]!Data_BS[Value],[1]!Data_BS[Index BS],DTR!$B14,[1]!Data_BS[TenCongTyID],DTR!$B$1,[1]!Data_BS[Thang.Nam],DTR!AD$5) -> 0 | AE14: =SUMIFS([1]!Data_BS[Value],[1]!Data_BS[Index BS],DTR!$B14,[1]!Data_BS[TenCongTyID],DTR!$B$1,[1]!Data_BS[Thang.Nam],DTR!AE$5) -> 0 | AF14: =SUMIFS([1]!Data_BS[Value],[1]!Data_BS[Index BS],DTR!$B14,[1]!Data_BS[TenCongTyID],DTR!$B$1,[1]!Data_BS[Thang.Nam],DTR!AF$5) -> 0 | AG14: =SUMIFS([1]!Data_BS[Value],[1]!Data_BS[Index BS],DTR!$B14,[1]!Data_BS[TenCongTyID],DTR!$B$1,[1]!Data_BS[Thang.Nam],DTR!AG$5) -> 0 | AH14: =SUMIFS([1]!Data_BS[Value],[1]!Data_BS[Index BS],DTR!$B14,[1]!Data_BS[TenCongTyID],DTR!$B$1,[1]!Data_BS[Thang.Nam],DTR!AH$5) -> 0 | ... AL14: =SUMIFS([1]!Data_BS[Value],[1]!Data_BS[Index BS],DTR!$B14,[1]!Data_BS[TenCongTyID],DTR!$B$1,[1]!Data_BS[Thang.Nam],DTR!AL$5) -> 0
A15: 5.Đầu tư ngắn hạn khác | B15: 10 | Z15: 0 | AA15: =SUMIFS([1]!Data_BS[Value],[1]!Data_BS[Index BS],DTR!$B15,[1]!Data_BS[TenCongTyID],DTR!$B$1,[1]!Data_BS[Thang.Nam],DTR!AA$5) -> 0 | AB15: =SUMIFS([1]!Data_BS[Value],[1]!Data_BS[Index BS],DTR!$B15,[1]!Data_BS[TenCongTyID],DTR!$B$1,[1]!Data_BS[Thang.Nam],DTR!AB$5) -> 0 | AC15: =SUMIFS([1]!Data_BS[Value],[1]!Data_BS[Index BS],DTR!$B15,[1]!Data_BS[TenCongTyID],DTR!$B$1,[1]!Data_BS[Thang.Nam],DTR!AC$5) -> 0 | AD15: =SUMIFS([1]!Data_BS[Value],[1]!Data_BS[Index BS],DTR!$B15,[1]!Data_BS[TenCongTyID],DTR!$B$1,[1]!Data_BS[Thang.Nam],DTR!AD$5) -> 0 | AE15: =SUMIFS([1]!Data_BS[Value],[1]!Data_BS[Index BS],DTR!$B15,[1]!Data_BS[TenCongTyID],DTR!$B$1,[1]!Data_BS[Thang.Nam],DTR!AE$5) -> 0 | AF15: =SUMIFS([1]!Data_BS[Value],[1]!Data_BS[Index BS],DTR!$B15,[1]!Data_BS[TenCongTyID],DTR!$B$1,[1]!Data_BS[Thang.Nam],DTR!AF$5) -> 0 | AG15: =SUMIFS([1]!Data_BS[Value],[1]!Data_BS[Index BS],DTR!$B15,[1]!Data_BS[TenCongTyID],DTR!$B$1,[1]!Data_BS[Thang.Nam],DTR!AG$5) -> 0 | AH15: =SUMIFS([1]!Data_BS[Value],[1]!Data_BS[Index BS],DTR!$B15,[1]!Data_BS[TenCongTyID],DTR!$B$1,[1]!Data_BS[Thang.Nam],DTR!AH$5) -> 0 | ... AL15: =SUMIFS([1]!Data_BS[Value],[1]!Data_BS[Index BS],DTR!$B15,[1]!Data_BS[TenCongTyID],DTR!$B$1,[1]!Data_BS[Thang.Nam],DTR!AL$5) -> 0
A16: 6.Dự phòng tổn thất các khoản đầu tư ngắn hạn khác (*) | B16: 11 | Z16: 0 | AA16: =SUMIFS([1]!Data_BS[Value],[1]!Data_BS[Index BS],DTR!$B16,[1]!Data_BS[TenCongTyID],DTR!$B$1,[1]!Data_BS[Thang.Nam],DTR!AA$5) -> 0 | AB16: =SUMIFS([1]!Data_BS[Value],[1]!Data_BS[Index BS],DTR!$B16,[1]!Data_BS[TenCongTyID],DTR!$B$1,[1]!Data_BS[Thang.Nam],DTR!AB$5) -> 0 | AC16: =SUMIFS([1]!Data_BS[Value],[1]!Data_BS[Index BS],DTR!$B16,[1]!Data_BS[TenCongTyID],DTR!$B$1,[1]!Data_BS[Thang.Nam],DTR!AC$5) -> 0 | AD16: =SUMIFS([1]!Data_BS[Value],[1]!Data_BS[Index BS],DTR!$B16,[1]!Data_BS[TenCongTyID],DTR!$B$1,[1]!Data_BS[Thang.Nam],DTR!AD$5) -> 0 | AE16: =SUMIFS([1]!Data_BS[Value],[1]!Data_BS[Index BS],DTR!$B16,[1]!Data_BS[TenCongTyID],DTR!$B$1,[1]!Data_BS[Thang.Nam],DTR!AE$5) -> 0 | AF16: =SUMIFS([1]!Data_BS[Value],[1]!Data_BS[Index BS],DTR!$B16,[1]!Data_BS[TenCongTyID],DTR!$B$1,[1]!Data_BS[Thang.Nam],DTR!AF$5) -> 0 | AG16: =SUMIFS([1]!Data_BS[Value],[1]!Data_BS[Index BS],DTR!$B16,[1]!Data_BS[TenCongTyID],DTR!$B$1,[1]!Data_BS[Thang.Nam],DTR!AG$5) -> 0 | AH16: =SUMIFS([1]!Data_BS[Value],[1]!Data_BS[Index BS],DTR!$B16,[1]!Data_BS[TenCongTyID],DTR!$B$1,[1]!Data_BS[Thang.Nam],DTR!AH$5) -> 0 | ... AL16: =SUMIFS([1]!Data_BS[Value],[1]!Data_BS[Index BS],DTR!$B16,[1]!Data_BS[TenCongTyID],DTR!$B$1,[1]!Data_BS[Thang.Nam],DTR!AL$5) -> 0
A17: III.Các khoản phải thu ngắn hạn | B17: 12 | C17: =SUM(C18:C24) -> 188444080606 | D17: =SUM(D18:D24) -> 171890106967 | E17: =SUM(E18:E24) -> 191585435424 | F17: =SUM(F18:F24) -> 208364328067 | G17: =SUM(G18:G24) -> 209176705176 | H17: =SUM(H18:H24) -> 233420699577 | I17: =SUM(I18:I24) -> 144688674783 | J17: =SUM(J18:J24) -> 167083094510 | ... Y17: =SUM(Y18:Y24) -> 233569184431 | Z17: 258086122082 | AA17: =SUMIFS([1]!Data_BS[Value],[1]!Data_BS[Index BS],DTR!$B17,[1]!Data_BS[TenCongTyID],DTR!$B$1,[1]!Data_BS[Thang.Nam],DTR!AA$5) -> 0 | AB17: =SUMIFS([1]!Data_BS[Value],[1]!Data_BS[Index BS],DTR!$B17,[1]!Data_BS[TenCongTyID],DTR!$B$1,[1]!Data_BS[Thang.Nam],DTR!AB$5) -> 0 | AC17: =SUMIFS([1]!Data_BS[Value],[1]!Data_BS[Index BS],DTR!$B17,[1]!Data_BS[TenCongTyID],DTR!$B$1,[1]!Data_BS[Thang.Nam],DTR!AC$5) -> 0 | AD17: =SUMIFS([1]!Data_BS[Value],[1]!Data_BS[Index BS],DTR!$B17,[1]!Data_BS[TenCongTyID],DTR!$B$1,[1]!Data_BS[Thang.Nam],DTR!AD$5) -> 0 | AE17: =SUMIFS([1]!Data_BS[Value],[1]!Data_BS[Index BS],DTR!$B17,[1]!Data_BS[TenCongTyID],DTR!$B$1,[1]!Data_BS[Thang.Nam],DTR!AE$5) -> 0 | AF17: =SUMIFS([1]!Data_BS[Value],[1]!Data_BS[Index BS],DTR!$B17,[1]!Data_BS[TenCongTyID],DTR!$B$1,[1]!Data_BS[Thang.Nam],DTR!AF$5) -> 0 | AG17: =SUMIFS([1]!Data_BS[Value],[1]!Data_BS[Index BS],DTR!$B17,[1]!Data_BS[TenCongTyID],DTR!$B$1,[1]!Data_BS[Thang.Nam],DTR!AG$5) -> 0 | AH17: =SUMIFS([1]!Data_BS[Value],[1]!Data_BS[Index BS],DTR!$B17,[1]!Data_BS[TenCongTyID],DTR!$B$1,[1]!Data_BS[Thang.Nam],DTR!AH$5) -> 0 | ... AL17: =SUMIFS([1]!Data_BS[Value],[1]!Data_BS[Index BS],DTR!$B17,[1]!Data_BS[TenCongTyID],DTR!$B$1,[1]!Data_BS[Thang.Nam],DTR!AL$5) -> 0
A18: 1.Phải thu ngắn hạn của khách hàng | B18: 13 | C18: 122887480695 | D18: 127016253433 | E18: 139011604932 | F18: 152040845787 | G18: 161172642369 | H18: 159378679498 | I18: 97722288447 | J18: 120989360950 | K18: 150031537677 | L18: 147739603288 | M18: 148202432891 | N18: 152669364944 | O18: 108322209217 | P18: 161139219719 | Q18: 202956915270 | R18: 159438788675 | S18: 170977391735 | T18: 157629418587 | U18: 156235244643 | V18: 193809016663 | W18: 162064070219 | X18: 155463444706 | Y18: 157631834549 | Z18: 156213265219 | AA18: =SUMIFS([1]!Data_BS[Value],[1]!Data_BS[Index BS],DTR!$B18,[1]!Data_BS[TenCongTyID],DTR!$B$1,[1]!Data_BS[Thang.Nam],DTR!AA$5) -> 0 | AB18: =SUMIFS([1]!Data_BS[Value],[1]!Data_BS[Index BS],DTR!$B18,[1]!Data_BS[TenCongTyID],DTR!$B$1,[1]!Data_BS[Thang.Nam],DTR!AB$5) -> 0 | AC18: =SUMIFS([1]!Data_BS[Value],[1]!Data_BS[Index BS],DTR!$B18,[1]!Data_BS[TenCongTyID],DTR!$B$1,[1]!Data_BS[Thang.Nam],DTR!AC$5) -> 0 | AD18: =SUMIFS([1]!Data_BS[Value],[1]!Data_BS[Index BS],DTR!$B18,[1]!Data_BS[TenCongTyID],DTR!$B$1,[1]!Data_BS[Thang.Nam],DTR!AD$5) -> 0 | AE18: =SUMIFS([1]!Data_BS[Value],[1]!Data_BS[Index BS],DTR!$B18,[1]!Data_BS[TenCongTyID],DTR!$B$1,[1]!Data_BS[Thang.Nam],DTR!AE$5) -> 0 | AF18: =SUMIFS([1]!Data_BS[Value],[1]!Data_BS[Index BS],DTR!$B18,[1]!Data_BS[TenCongTyID],DTR!$B$1,[1]!Data_BS[Thang.Nam],DTR!AF$5) -> 0 | AG18: =SUMIFS([1]!Data_BS[Value],[1]!Data_BS[Index BS],DTR!$B18,[1]!Data_BS[TenCongTyID],DTR!$B$1,[1]!Data_BS[Thang.Nam],DTR!AG$5) -> 0 | AH18: =SUMIFS([1]!Data_BS[Value],[1]!Data_BS[Index BS],DTR!$B18,[1]!Data_BS[TenCongTyID],DTR!$B$1,[1]!Data_BS[Thang.Nam],DTR!AH$5) -> 0 | ... AL18: =SUMIFS([1]!Data_BS[Value],[1]!Data_BS[Index BS],DTR!$B18,[1]!Data_BS[TenCongTyID],DTR!$B$1,[1]!Data_BS[Thang.Nam],DTR!AL$5) -> 0
A19: 2.Trả trước cho người bán ngắn hạn | B19: 14 | C19: 19316587120 | D19: 17454753549 | E19: 16813944743 | F19: 18608309535 | G19: 18405763308 | H19: 16327636020 | I19: 15257741813 | J19: 14294350015 | K19: 10832801685 | L19: 9551925778 | M19: 10191021053 | N19: 23997890529 | O19: 17386959101 | P19: 22390625492 | Q19: 24711414335 | R19: 29713189366 | S19: 63705294804 | T19: 67384127297 | U19: 62294223986 | V19: 80801800470 | W19: 83665862400 | X19: 77870421089 | Y19: 63335376460 | Z19: 71180019646 | AA19: =SUMIFS([1]!Data_BS[Value],[1]!Data_BS[Index BS],DTR!$B19,[1]!Data_BS[TenCongTyID],DTR!$B$1,[1]!Data_BS[Thang.Nam],DTR!AA$5) -> 0 | AB19: =SUMIFS([1]!Data_BS[Value],[1]!Data_BS[Index BS],DTR!$B19,[1]!Data_BS[TenCongTyID],DTR!$B$1,[1]!Data_BS[Thang.Nam],DTR!AB$5) -> 0 | AC19: =SUMIFS([1]!Data_BS[Value],[1]!Data_BS[Index BS],DTR!$B19,[1]!Data_BS[TenCongTyID],DTR!$B$1,[1]!Data_BS[Thang.Nam],DTR!AC$5) -> 0 | AD19: =SUMIFS([1]!Data_BS[Value],[1]!Data_BS[Index BS],DTR!$B19,[1]!Data_BS[TenCongTyID],DTR!$B$1,[1]!Data_BS[Thang.Nam],DTR!AD$5) -> 0 | AE19: =SUMIFS([1]!Data_BS[Value],[1]!Data_BS[Index BS],DTR!$B19,[1]!Data_BS[TenCongTyID],DTR!$B$1,[1]!Data_BS[Thang.Nam],DTR!AE$5) -> 0 | AF19: =SUMIFS([1]!Data_BS[Value],[1]!Data_BS[Index BS],DTR!$B19,[1]!Data_BS[TenCongTyID],DTR!$B$1,[1]!Data_BS[Thang.Nam],DTR!AF$5) -> 0 | AG19: =SUMIFS([1]!Data_BS[Value],[1]!Data_BS[Index BS],DTR!$B19,[1]!Data_BS[TenCongTyID],DTR!$B$1,[1]!Data_BS[Thang.Nam],DTR!AG$5) -> 0 | AH19: =SUMIFS([1]!Data_BS[Value],[1]!Data_BS[Index BS],DTR!$B19,[1]!Data_BS[TenCongTyID],DTR!$B$1,[1]!Data_BS[Thang.Nam],DTR!AH$5) -> 0 | ... AL19: =SUMIFS([1]!Data_BS[Value],[1]!Data_BS[Index BS],DTR!$B19,[1]!Data_BS[TenCongTyID],DTR!$B$1,[1]!Data_BS[Thang.Nam],DTR!AL$5) -> 0
A20: 3.Phải thu nội bộ ngắn hạn | B20: 15 | C20: 0 | D20: 0 | E20: 0 | F20: 0 | G20: 0 | H20: 0 | I20: 0 | J20: 0 | K20: 0 | L20: 0 | M20: 0 | N20: 0 | O20: 0 | P20: 0 | Q20: 0 | R20: 0 | S20: 0 | T20: 0 | U20: 0 | V20: 0 | W20: 0 | X20: 0 | Y20: 0 | Z20: 0 | AA20: =SUMIFS([1]!Data_BS[Value],[1]!Data_BS[Index BS],DTR!$B20,[1]!Data_BS[TenCongTyID],DTR!$B$1,[1]!Data_BS[Thang.Nam],DTR!AA$5) -> 0 | AB20: =SUMIFS([1]!Data_BS[Value],[1]!Data_BS[Index BS],DTR!$B20,[1]!Data_BS[TenCongTyID],DTR!$B$1,[1]!Data_BS[Thang.Nam],DTR!AB$5) -> 0 | AC20: =SUMIFS([1]!Data_BS[Value],[1]!Data_BS[Index BS],DTR!$B20,[1]!Data_BS[TenCongTyID],DTR!$B$1,[1]!Data_BS[Thang.Nam],DTR!AC$5) -> 0 | AD20: =SUMIFS([1]!Data_BS[Value],[1]!Data_BS[Index BS],DTR!$B20,[1]!Data_BS[TenCongTyID],DTR!$B$1,[1]!Data_BS[Thang.Nam],DTR!AD$5) -> 0 | AE20: =SUMIFS([1]!Data_BS[Value],[1]!Data_BS[Index BS],DTR!$B20,[1]!Data_BS[TenCongTyID],DTR!$B$1,[1]!Data_BS[Thang.Nam],DTR!AE$5) -> 0 | AF20: =SUMIFS([1]!Data_BS[Value],[1]!Data_BS[Index BS],DTR!$B20,[1]!Data_BS[TenCongTyID],DTR!$B$1,[1]!Data_BS[Thang.Nam],DTR!AF$5) -> 0 | AG20: =SUMIFS([1]!Data_BS[Value],[1]!Data_BS[Index BS],DTR!$B20,[1]!Data_BS[TenCongTyID],DTR!$B$1,[1]!Data_BS[Thang.Nam],DTR!AG$5) -> 0 | AH20: =SUMIFS([1]!Data_BS[Value],[1]!Data_BS[Index BS],DTR!$B20,[1]!Data_BS[TenCongTyID],DTR!$B$1,[1]!Data_BS[Thang.Nam],DTR!AH$5) -> 0 | ... AL20: =SUMIFS([1]!Data_BS[Value],[1]!Data_BS[Index BS],DTR!$B20,[1]!Data_BS[TenCongTyID],DTR!$B$1,[1]!Data_BS[Thang.Nam],DTR!AL$5) -> 0
A21: 4.Phải thu theo tiến độ hợp đồng xây dựng | B21: 16 | C21: 0 | D21: 0 | E21: 0 | F21: 0 | G21: 0 | H21: 0 | I21: 0 | J21: 0 | K21: 0 | L21: 0 | M21: 0 | N21: 0 | O21: 0 | P21: 0 | Q21: 0 | R21: 0 | S21: 0 | T21: 0 | U21: 0 | V21: 0 | W21: 0 | X21: 0 | Y21: 0 | Z21: 0 | AA21: =SUMIFS([1]!Data_BS[Value],[1]!Data_BS[Index BS],DTR!$B21,[1]!Data_BS[TenCongTyID],DTR!$B$1,[1]!Data_BS[Thang.Nam],DTR!AA$5) -> 0 | AB21: =SUMIFS([1]!Data_BS[Value],[1]!Data_BS[Index BS],DTR!$B21,[1]!Data_BS[TenCongTyID],DTR!$B$1,[1]!Data_BS[Thang.Nam],DTR!AB$5) -> 0 | AC21: =SUMIFS([1]!Data_BS[Value],[1]!Data_BS[Index BS],DTR!$B21,[1]!Data_BS[TenCongTyID],DTR!$B$1,[1]!Data_BS[Thang.Nam],DTR!AC$5) -> 0 | AD21: =SUMIFS([1]!Data_BS[Value],[1]!Data_BS[Index BS],DTR!$B21,[1]!Data_BS[TenCongTyID],DTR!$B$1,[1]!Data_BS[Thang.Nam],DTR!AD$5) -> 0 | AE21: =SUMIFS([1]!Data_BS[Value],[1]!Data_BS[Index BS],DTR!$B21,[1]!Data_BS[TenCongTyID],DTR!$B$1,[1]!Data_BS[Thang.Nam],DTR!AE$5) -> 0 | AF21: =SUMIFS([1]!Data_BS[Value],[1]!Data_BS[Index BS],DTR!$B21,[1]!Data_BS[TenCongTyID],DTR!$B$1,[1]!Data_BS[Thang.Nam],DTR!AF$5) -> 0 | AG21: =SUMIFS([1]!Data_BS[Value],[1]!Data_BS[Index BS],DTR!$B21,[1]!Data_BS[TenCongTyID],DTR!$B$1,[1]!Data_BS[Thang.Nam],DTR!AG$5) -> 0 | AH21: =SUMIFS([1]!Data_BS[Value],[1]!Data_BS[Index BS],DTR!$B21,[1]!Data_BS[TenCongTyID],DTR!$B$1,[1]!Data_BS[Thang.Nam],DTR!AH$5) -> 0 | ... AL21: =SUMIFS([1]!Data_BS[Value],[1]!Data_BS[Index BS],DTR!$B21,[1]!Data_BS[TenCongTyID],DTR!$B$1,[1]!Data_BS[Thang.Nam],DTR!AL$5) -> 0
A22: 5.Phải thu ngắn hạn khác | B22: 17 | C22: 46764622066 | D22: 27943709260 | E22: 27858493605 | F22: 29813780601 | G22: 30122908774 | H22: 58238993334 | I22: 32233253798 | J22: 32323992820 | K22: 33056493468 | L22: 33538634472 | M22: 69594326344 | N22: 39636792557 | O22: 18610706275 | P22: 20015503421 | Q22: 8163190691 | R22: 8309812149 | S22: 8184293212 | T22: 9742642764 | U22: 9880722889 | V22: 44051581104 | W22: 13574048303 | X22: 12569225200 | Y22: 12601973422 | Z22: 31124828873 | AA22: =SUMIFS([1]!Data_BS[Value],[1]!Data_BS[Index BS],DTR!$B22,[1]!Data_BS[TenCongTyID],DTR!$B$1,[1]!Data_BS[Thang.Nam],DTR!AA$5) -> 0 | AB22: =SUMIFS([1]!Data_BS[Value],[1]!Data_BS[Index BS],DTR!$B22,[1]!Data_BS[TenCongTyID],DTR!$B$1,[1]!Data_BS[Thang.Nam],DTR!AB$5) -> 0 | AC22: =SUMIFS([1]!Data_BS[Value],[1]!Data_BS[Index BS],DTR!$B22,[1]!Data_BS[TenCongTyID],DTR!$B$1,[1]!Data_BS[Thang.Nam],DTR!AC$5) -> 0 | AD22: =SUMIFS([1]!Data_BS[Value],[1]!Data_BS[Index BS],DTR!$B22,[1]!Data_BS[TenCongTyID],DTR!$B$1,[1]!Data_BS[Thang.Nam],DTR!AD$5) -> 0 | AE22: =SUMIFS([1]!Data_BS[Value],[1]!Data_BS[Index BS],DTR!$B22,[1]!Data_BS[TenCongTyID],DTR!$B$1,[1]!Data_BS[Thang.Nam],DTR!AE$5) -> 0 | AF22: =SUMIFS([1]!Data_BS[Value],[1]!Data_BS[Index BS],DTR!$B22,[1]!Data_BS[TenCongTyID],DTR!$B$1,[1]!Data_BS[Thang.Nam],DTR!AF$5) -> 0 | AG22: =SUMIFS([1]!Data_BS[Value],[1]!Data_BS[Index BS],DTR!$B22,[1]!Data_BS[TenCongTyID],DTR!$B$1,[1]!Data_BS[Thang.Nam],DTR!AG$5) -> 0 | AH22: =SUMIFS([1]!Data_BS[Value],[1]!Data_BS[Index BS],DTR!$B22,[1]!Data_BS[TenCongTyID],DTR!$B$1,[1]!Data_BS[Thang.Nam],DTR!AH$5) -> 0 | ... AL22: =SUMIFS([1]!Data_BS[Value],[1]!Data_BS[Index BS],DTR!$B22,[1]!Data_BS[TenCongTyID],DTR!$B$1,[1]!Data_BS[Thang.Nam],DTR!AL$5) -> 0
A23: 6.Dự phòng phải thu ngắn hạn khó đòi (*) | B23: 18 | C23: 0 | D23: 0 | E23: 0 | F23: 0 | G23: 0 | H23: 0 | I23: 0 | J23: 0 | K23: 0 | L23: 0 | M23: 0 | N23: 0 | O23: 0 | P23: 0 | Q23: 0 | R23: 0 | S23: 0 | T23: 0 | U23: 0 | V23: 0 | W23: 0 | X23: 0 | Y23: 0 | Z23: -609095700 | AA23: =SUMIFS([1]!Data_BS[Value],[1]!Data_BS[Index BS],DTR!$B23,[1]!Data_BS[TenCongTyID],DTR!$B$1,[1]!Data_BS[Thang.Nam],DTR!AA$5) -> 0 | AB23: =SUMIFS([1]!Data_BS[Value],[1]!Data_BS[Index BS],DTR!$B23,[1]!Data_BS[TenCongTyID],DTR!$B$1,[1]!Data_BS[Thang.Nam],DTR!AB$5) -> 0 | AC23: =SUMIFS([1]!Data_BS[Value],[1]!Data_BS[Index BS],DTR!$B23,[1]!Data_BS[TenCongTyID],DTR!$B$1,[1]!Data_BS[Thang.Nam],DTR!AC$5) -> 0 | AD23: =SUMIFS([1]!Data_BS[Value],[1]!Data_BS[Index BS],DTR!$B23,[1]!Data_BS[TenCongTyID],DTR!$B$1,[1]!Data_BS[Thang.Nam],DTR!AD$5) -> 0 | AE23: =SUMIFS([1]!Data_BS[Value],[1]!Data_BS[Index BS],DTR!$B23,[1]!Data_BS[TenCongTyID],DTR!$B$1,[1]!Data_BS[Thang.Nam],DTR!AE$5) -> 0 | AF23: =SUMIFS([1]!Data_BS[Value],[1]!Data_BS[Index BS],DTR!$B23,[1]!Data_BS[TenCongTyID],DTR!$B$1,[1]!Data_BS[Thang.Nam],DTR!AF$5) -> 0 | AG23: =SUMIFS([1]!Data_BS[Value],[1]!Data_BS[Index BS],DTR!$B23,[1]!Data_BS[TenCongTyID],DTR!$B$1,[1]!Data_BS[Thang.Nam],DTR!AG$5) -> 0 | AH23: =SUMIFS([1]!Data_BS[Value],[1]!Data_BS[Index BS],DTR!$B23,[1]!Data_BS[TenCongTyID],DTR!$B$1,[1]!Data_BS[Thang.Nam],DTR!AH$5) -> 0 | ... AL23: =SUMIFS([1]!Data_BS[Value],[1]!Data_BS[Index BS],DTR!$B23,[1]!Data_BS[TenCongTyID],DTR!$B$1,[1]!Data_BS[Thang.Nam],DTR!AL$5) -> 0
