Workbook

Sheet Chỉ tiêu
A2: STT | B2: CHỈ TIÊU | C2: Đvt | E2: 2024 | F2: 2025 | G2: KH26-01 | H2: KH26-02 | I2: KH26-03 | J2: KH26-04 | K2: KH26-05 | L2: KH26-06 | M2: KH26-07 | N2: KH26-08 | O2: KH26-09 | P2: KH26-10 | Q2: KH26-11 | R2: KH26-12 | S2: KH26
A4: 1 | B4: Doanh thu | C4: tr.đ | E4: =SUM(PL!D16:O16) -> 1454585730121 | F4: =SUM(PL!P16:AA16) -> 1537887693083 | G4: =PL!AB16 -> 1.2950534e+11 | H4: =PL!AC16 -> 1.2797444e+11 | I4: =PL!AD16 -> 1.4159949e+11 | J4: =PL!AE16 -> 1.3178227e+11 | K4: =PL!AF16 -> 1.4024431e+11 | L4: =PL!AG16 -> 1.414093e+11 | M4: =PL!AH16 -> 1.4540406e+11 | N4: =PL!AI16 -> 1.4127636e+11 | ... R4: =PL!AM16 -> 1.4744201e+11 | S4: =SUM(G4:R4) -> 1.6787476e+12
A5: =A4+1 -> 2 | B5: Giá vốn | C5: tr.đ | E5: =SUM(PL!D20:O20) -> 1266849611970 | F5: =SUM(PL!P20:AA20) -> 1326796753020 | G5: =PL!AB20 -> 1.112126e+11 | H5: =PL!AC20 -> 1.1487344e+11 | I5: =PL!AD20 -> 1.1977663e+11 | J5: =PL!AE20 -> 1.1273471e+11 | K5: =PL!AF20 -> 1.1787345e+11 | L5: =PL!AG20 -> 1.2058265e+11 | M5: =PL!AH20 -> 1.1780873e+11 | N5: =PL!AI20 -> 1.1382363e+11 | ... R5: =PL!AM20 -> 1.2012256e+11 | S5: =SUM(G5:R5) -> 1.3991907e+12
A6: =A5+1 -> 3 | B6: Lãi gộp | C6: tr.đ | E6: =E4-E5 -> 187736118151 | F6: =F4-F5 -> 211090940063 | G6: =G4-G5 -> 1.829274e+10 | H6: =H4-H5 -> 1.3101005e+10 | I6: =I4-I5 -> 2.1822866e+10 | J6: =J4-J5 -> 1.9047554e+10 | K6: =K4-K5 -> 2.2370862e+10 | L6: =L4-L5 -> 2.0826655e+10 | ... S6: =S4-S5 -> 2.7955694e+11
A7: =A6+1 -> 4 | B7: %Lãi gộp | E7: =IFERROR(E6/E$4,0) -> 0.12906501 | F7: =IFERROR(F6/F$4,0) -> 0.13726031 | G7: =IFERROR(G6/G$4,0) -> 0.14125085 | H7: =IFERROR(H6/H$4,0) -> 0.10237204 | I7: =IFERROR(I6/I$4,0) -> 0.15411684 | J7: =IFERROR(J6/J$4,0) -> 0.14453807 | K7: =IFERROR(K6/K$4,0) -> 0.15951351 | L7: =IFERROR(L6/L$4,0) -> 0.14727925 | ... S7: =IFERROR(S6/S$4,0) -> 0.16652708
A8: =A7+1 -> 5 | B8: Lợi nhuận trước thuế | C8: tr.đ | E8: =SUM(PL!D43:O43) -> 47029317688 | F8: =SUM(PL!P43:AA43) -> 25026064408 | G8: =PL!AB43 -> 4.4747033e+08 | H8: =PL!AC43 -> -2.8767835e+09 | I8: =PL!AD43 -> 4.5395712e+09 | J8: =PL!AE43 -> 2.2796445e+09 | K8: =PL!AF43 -> 3.5450752e+09 | L8: =PL!AG43 -> 2.0947193e+09 | M8: =PL!AH43 -> 9.0031741e+09 | N8: =PL!AI43 -> 8.4046895e+09 | ... R8: =PL!AM43 -> 6.8857321e+09 | S8: =SUM(G8:R8) -> 5.9857641e+10
A9: =A8+1 -> 6 | B9: %Lãi vay | E9: =IFERROR(E8/E$4,0) -> 0.032331761 | F9: =IFERROR(F8/F$4,0) -> 0.016273012 | G9: =IFERROR(G8/G$4,0) -> 0.0034552268 | H9: =IFERROR(H8/H$4,0) -> -0.02247936 | I9: =IFERROR(I8/I$4,0) -> 0.032059234 | J9: =IFERROR(J8/J$4,0) -> 0.017298568 | K9: =IFERROR(K8/K$4,0) -> 0.025277854 | L9: =IFERROR(L8/L$4,0) -> 0.014813165 | ... S9: =IFERROR(S8/S$4,0) -> 0.035656128
A10: =A9+1 -> 7 | B10: Lợi nhuận sau thuế | C10: tr.đ | E10: =SUM(PL!D46:O46) -> 33662182592 | F10: =SUM(PL!P46:AA46) -> 19364703510 | G10: =PL!AB46 -> 67196451 | H10: =PL!AC46 -> -2.8767835e+09 | I10: =PL!AD46 -> 3.6049522e+09 | J10: =PL!AE46 -> 1.5326975e+09 | K10: =PL!AF46 -> 2.7625022e+09 | L10: =PL!AG46 -> 1.3867762e+09 | M10: =PL!AH46 -> 7.1655985e+09 | N10: =PL!AI46 -> 6.7241875e+09 | ... R10: =PL!AM46 -> 5.5628699e+09 | S10: =SUM(G10:R10) -> 4.6489947e+10
A11: =A10+1 -> 8 | B11: %LNST | E11: =IFERROR(E10/E$4,0) -> 0.02314211 | F11: =IFERROR(F10/F$4,0) -> 0.012591754 | G11: =IFERROR(G10/G$4,0) -> 0.00051887011 | H11: =IFERROR(H10/H$4,0) -> -0.02247936 | I11: =IFERROR(I10/I$4,0) -> 0.025458793 | J11: =IFERROR(J10/J$4,0) -> 0.01163053 | K11: =IFERROR(K10/K$4,0) -> 0.019697785 | L11: =IFERROR(L10/L$4,0) -> 0.0098068244 | ... S11: =IFERROR(S10/S$4,0) -> 0.027693232
A12: =A11+1 -> 9 | B12: Chi phí bán hàng | C12: tr.đ | E12: =SUM(PL!D37:O37) -> 56679107574 | F12: =SUM(PL!P37:AA37) -> 61741245592 | G12: =PL!AB37 -> 5.7151198e+09 | H12: =PL!AC37 -> 4.5328953e+09 | I12: =PL!AD37 -> 5.3549859e+09 | J12: =PL!AE37 -> 4.7672285e+09 | K12: =PL!AF37 -> 6.360624e+09 | L12: =PL!AG37 -> 5.7198861e+09 | M12: =PL!AH37 -> 5.09689e+09 | N12: =PL!AI37 -> 4.9944445e+09 | ... R12: =PL!AM37 -> 5.5406114e+09 | S12: =SUM(G12:R12) -> 6.5635224e+10
A13: =A12+1 -> 10 | B13: %Cpbh | E13: =IFERROR(E12/E$4,0) -> 0.038965808 | F13: =IFERROR(F12/F$4,0) -> 0.040146784 | G13: =IFERROR(G12/G$4,0) -> 0.044130379 | H13: =IFERROR(H12/H$4,0) -> 0.035420318 | I13: =IFERROR(I12/I$4,0) -> 0.037817833 | J13: =IFERROR(J12/J$4,0) -> 0.036175038 | K13: =IFERROR(K12/K$4,0) -> 0.045353884 | L13: =IFERROR(L12/L$4,0) -> 0.040449151 | ... S13: =IFERROR(S12/S$4,0) -> 0.039097732
A14: =A13+1 -> 11 | B14: Chi phí quản lý | C14: tr.đ | E14: =SUM(PL!D38:O38) -> 78474020435 | F14: =SUM(PL!P38:AA38) -> 116368592636 | G14: =PL!AB38 -> 1.0275861e+10 | H14: =PL!AC38 -> 8.7169324e+09 | I14: =PL!AD38 -> 8.7599047e+09 | J14: =PL!AE38 -> 8.9181475e+09 | K14: =PL!AF38 -> 9.0570395e+09 | L14: =PL!AG38 -> 9.5047244e+09 | M14: =PL!AH38 -> 9.9320859e+09 | N14: =PL!AI38 -> 1.030846e+10 | ... R14: =PL!AM38 -> 1.1367196e+10 | S14: =SUM(G14:R14) -> 1.1444546e+11
A15: =A14+1 -> 12 | B15: %Cpql | E15: =IFERROR(E14/E$4,0) -> 0.053949395 | F15: =IFERROR(F14/F$4,0) -> 0.075667809 | G15: =IFERROR(G14/G$4,0) -> 0.079347003 | H15: =IFERROR(H14/H$4,0) -> 0.068114635 | I15: =IFERROR(I14/I$4,0) -> 0.061863956 | J15: =IFERROR(J14/J$4,0) -> 0.067673351 | K15: =IFERROR(K14/K$4,0) -> 0.064580443 | L15: =IFERROR(L14/L$4,0) -> 0.06721428 | ... S15: =IFERROR(S14/S$4,0) -> 0.068173117
A16: =A15+1 -> 13 | B16: Lãi vay | C16: tr.đ | E16: =SUM(PL!D36:O36) -> 10328501137 | F16: =SUM(PL!P36:AA36) -> 14266626254 | G16: =PL!AB36 -> 1.4407292e+09 | H16: =PL!AC36 -> 2.3144015e+09 | I16: =PL!AD36 -> 2.7548451e+09 | J16: =PL!AE36 -> 2.658974e+09 | K16: =PL!AF36 -> 2.9845639e+09 | L16: =PL!AG36 -> 3.0837659e+09 | M16: =PL!AH36 -> 3.1396192e+09 | N16: =PL!AI36 -> 3.3215811e+09 | ... R16: =PL!AM36 -> 3.1023551e+09 | S16: =SUM(G16:R16) -> 3.4565904e+10
A17: =A16+1 -> 14 | B17: %Lãi vay | E17: =IFERROR(E16/E$4,0) -> 0.0071006479 | F17: =IFERROR(F16/F$4,0) -> 0.0092767673 | G17: =IFERROR(G16/G$4,0) -> 0.011124863 | H17: =IFERROR(H16/H$4,0) -> 0.018084873 | I17: =IFERROR(I16/I$4,0) -> 0.019455191 | J17: =IFERROR(J16/J$4,0) -> 0.020177024 | K17: =IFERROR(K16/K$4,0) -> 0.021281176 | L17: =IFERROR(L16/L$4,0) -> 0.021807377 | ... S17: =IFERROR(S16/S$4,0) -> 0.020590292
A18: =A17+1 -> 15 | B18: Khấu hao | C18: tr.đ | E18: =SUM(PL!D48:O48) -> 51297238188 | F18: =SUM(PL!P48:AA48) -> 62523478612 | G18: =PL!AB48 -> 5.9925726e+09 | H18: =PL!AC48 -> 6.3713e+09 | I18: =PL!AD48 -> 6.4789564e+09 | J18: =PL!AE48 -> 6.5541914e+09 | K18: =PL!AF48 -> 6.5701444e+09 | L18: =PL!AG48 -> 6.7121196e+09 | M18: =PL!AH48 -> 6.7121196e+09 | N18: =PL!AI48 -> 6.7121196e+09 | ... R18: =PL!AM48 -> 6.748464e+09 | S18: =SUM(G18:R18) -> 7.9048707e+10
A19: =A18+1 -> 16 | B19: %Khấu hao | E19: =IFERROR(E18/E$4,0) -> 0.035265875 | F19: =IFERROR(F18/F$4,0) -> 0.040655426 | G19: =IFERROR(G18/G$4,0) -> 0.046272783 | H19: =IFERROR(H18/H$4,0) -> 0.049785722 | I19: =IFERROR(I18/I$4,0) -> 0.045755506 | J19: =IFERROR(J18/J$4,0) -> 0.049735003 | K19: =IFERROR(K18/K$4,0) -> 0.046847851 | L19: =IFERROR(L18/L$4,0) -> 0.047465899 | ... S19: =IFERROR(S18/S$4,0) -> 0.047087904
A20: =A19+1 -> 17 | B20: EBITDA | E20: =E8+E16+E18 -> 108655057013 | F20: =F8+F16+F18 -> 101816169274 | G20: =G8+G16+G18 -> 7.8807721e+09 | H20: =H8+H16+H18 -> 5.808918e+09 | I20: =I8+I16+I18 -> 1.3773373e+10 | J20: =J8+J16+J18 -> 1.149281e+10 | K20: =K8+K16+K18 -> 1.3099783e+10 | L20: =L8+L16+L18 -> 1.1890605e+10 | ... S20: =S8+S16+S18 -> 1.7347225e+11
A21: =A20+1 -> 18 | B21: %EBITDA | E21: =IFERROR(E20/E$4,0) -> 0.074698283 | F21: =IFERROR(F20/F$4,0) -> 0.066205205 | G21: =IFERROR(G20/G$4,0) -> 0.060852873 | H21: =IFERROR(H20/H$4,0) -> 0.045391235 | I21: =IFERROR(I20/I$4,0) -> 0.097269931 | J21: =IFERROR(J20/J$4,0) -> 0.087210595 | K21: =IFERROR(K20/K$4,0) -> 0.093406882 | L21: =IFERROR(L20/L$4,0) -> 0.084086441 | ... S21: =IFERROR(S20/S$4,0) -> 0.10333432
A22: =A21+1 -> 19 | B22: VỐN LƯU ĐỘNG | C22: ngày | E22: =E23+E24-E25 -> 164.25862 | F22: =F23+F24-F25 -> 189.67798 | G22: =G23+G24-G25 -> 187.69697 | H22: =H23+H24-H25 -> 196.38979 | I22: =I23+I24-I25 -> 201.48846 | J22: =J23+J24-J25 -> 205.64116 | K22: =K23+K24-K25 -> 210.97934 | L22: =L23+L24-L25 -> 211.2458 | ... S22: =S23+S24-S25 -> 219.23181
A23: =A22+1 -> 20 | B23: Số ngày phải thu | C23: ngày | E23: {=AVERAGE(BS!D15:O15-BS!D84:O84)/SUM(PL!D16:O16)*365} -> 33.347739 | F23: {=AVERAGE(BS!O15:AA15-BS!O84:AA84)/SUM(PL!P16:AA16)*365} -> 33.509012 | G23: {=AVERAGE(BS!P15:AB15-BS!P84:AB84)/SUM(PL!Q16:AB16)*365} -> 33.924517 | H23: {=AVERAGE(BS!Q15:AC15-BS!Q84:AC84)/SUM(PL!R16:AC16)*365} -> 37.181786 | I23: {=AVERAGE(BS!R15:AD15-BS!R84:AD84)/SUM(PL!S16:AD16)*365} -> 37.261201 | J23: {=AVERAGE(BS!S15:AE15-BS!S84:AE84)/SUM(PL!T16:AE16)*365} -> 36.152566 | K23: {=AVERAGE(BS!T15:AF15-BS!T84:AF84)/SUM(PL!U16:AF16)*365} -> 36.133953 | L23: {=AVERAGE(BS!U15:AG15-BS!U84:AG84)/SUM(PL!V16:AG16)*365} -> 35.045839 | M23: {=AVERAGE(BS!V15:AH15-BS!V84:AH84)/SUM(PL!W16:AH16)*365} -> 35.215445 | ... R23: {=AVERAGE(BS!AA15:AM15-BS!AA84:AM84)/SUM(PL!AB16:AM16)*365} -> 31.376937 | S23: =R23 -> 31.376937
A24: =A23+1 -> 21 | B24: Số ngày tồn kho | C24: ngày | E24: =AVERAGE(BS!D22:O22)/SUM(PL!D20:O20)*365 -> 157.74683 | F24: =AVERAGE(BS!O22:AA22)/SUM(PL!P20:AA20)*365 -> 152.74932 | G24: =AVERAGE(BS!P22:AB22)/SUM(PL!Q20:AB20)*365 -> 148.98648 | H24: =AVERAGE(BS!Q22:AC22)/SUM(PL!R20:AC20)*365 -> 152.8816 | I24: =AVERAGE(BS!R22:AD22)/SUM(PL!S20:AD20)*365 -> 156.78309 | J24: =AVERAGE(BS!S22:AE22)/SUM(PL!T20:AE20)*365 -> 158.54169 | K24: =AVERAGE(BS!T22:AF22)/SUM(PL!U20:AF20)*365 -> 161.55204 | L24: =AVERAGE(BS!U22:AG22)/SUM(PL!V20:AG20)*365 -> 161.63379 | M24: =AVERAGE(BS!V22:AH22)/SUM(PL!W20:AH20)*365 -> 163.42655 | ... S24: =AVERAGE(BS!AB22:AN22)/SUM(PL!AC20:AN20)*365 -> 170.59399
A25: =A24+1 -> 22 | B25: Số ngày phải trả | C25: ngày | E25: {=AVERAGE(BS!D83:O83-BS!D16:O16)/SUM(PL!D20:O20)*365} -> 26.835954 | F25: {=AVERAGE(BS!O83:AA83-BS!O16:AA16)/SUM(PL!P20:AA20)*365} -> -3.4196471 | G25: {=AVERAGE(BS!P83:AB83-BS!P16:AB16)/SUM(PL!Q20:AB20)*365} -> -4.7859657 | H25: {=AVERAGE(BS!Q83:AC83-BS!Q16:AC16)/SUM(PL!R20:AC20)*365} -> -6.3264053 | I25: {=AVERAGE(BS!R83:AD83-BS!R16:AD16)/SUM(PL!S20:AD20)*365} -> -7.4441679 | J25: {=AVERAGE(BS!S83:AE83-BS!S16:AE16)/SUM(PL!T20:AE20)*365} -> -10.946902 | K25: {=AVERAGE(BS!T83:AF83-BS!T16:AF16)/SUM(PL!U20:AF20)*365} -> -13.293352 | L25: {=AVERAGE(BS!U83:AG83-BS!U16:AG16)/SUM(PL!V20:AG20)*365} -> -14.56617 | M25: {=AVERAGE(BS!V83:AH83-BS!V16:AH16)/SUM(PL!W20:AH20)*365} -> -16.36804 | ... R25: {=AVERAGE(BS!AA83:AM83-BS!AA16:AM16)/SUM(PL!AB20:AM20)*365} -> -17.260881 | S25: =R25 -> -17.260881
A26: =A25+1 -> 23 | B26: ROE | C26: % | E26: =E27*E28*E29 -> 0.040223061 | F26: =F27*F28*F29 -> 0.020726111 | S26: =S27*S28*S29 -> 0.049161013
A27: =A26+1 -> 24 | B27: %Lợi nhuận sau thuế | C27: % | E27: =E11 -> 0.02314211 | F27: =F11 -> 0.012591754 | S27: =S11 -> 0.027693232
A28: =A27+1 -> 25 | B28: Vòng quay tài sản | C28: lần | E28: =SUM(PL!D16:O16)/AVERAGE(BS!D80:O80) -> 1.1498401 | F28: =SUM(PL!P16:AA16)/AVERAGE(BS!O80:AA80) -> 1.1292143 | S28: =SUM(PL!AB16:AM16)/AVERAGE(BS!AA80:AM80) -> 0.8861647
A29: =A28+1 -> 26 | B29: Tổng tài sản/VCSH | C29: lần | E29: =AVERAGE(BS!D80:O80)/AVERAGE(BS!D113:O113) -> 1.5115925 | F29: =AVERAGE(BS!O80:AA80)/AVERAGE(BS!O113:AA113) -> 1.4576566 | S29: =AVERAGE(BS!AA80:AM80)/AVERAGE(BS!AA113:AM113) -> 2.0032388
A30: =A29+1 -> 27 | B30: ROA | C30: % | E30: =E27*E28 -> 0.026609726 | F30: =F27*F28 -> 0.014218789 | S30: =S27*S28 -> 0.024540765
B32: Các chỉ tiêu nợ vay
B33: Nợ vay / Doanh thu | C33: % | E33: {=AVERAGE(BS!D93:O93+BS!D107:O107)/E4} -> 0.17372574 | F33: {=AVERAGE(BS!O93:AA93+BS!O107:AA107)/F4} -> 0.21164644 | S33: {=AVERAGE(BS!AA93:AM93+BS!AA107:AM107)/S4} -> 0.40457965
B34: Nợ vay / VCSH | C34: lần | E34: {=AVERAGE(BS!D93:O93+BS!D107:O107)/AVERAGE(BS!D113:O113)} -> 0.3019509 | F34: {=AVERAGE(BS!O93:AA93+BS!O107:AA107)/AVERAGE(BS!O113:AA113)} -> 0.34837146 | S34: {=AVERAGE(BS!AA93:AM93+BS!AA107:AM107)/AVERAGE(BS!AA113:AM113)} -> 0.7182096

Sheet PL
A3: Index PL | B3: PHẦN II-KẾT QUẢ HOẠT ĐỘNG KINH DOANH | D3: T01.2024 | E3: T02.2024 | F3: T03.2024 | G3: T04.2024 | H3: T05.2024 | I3: T06.2024 | J3: T07.2024 | K3: T08.2024 | L3: T09.2024 | M3: T10.2024 | N3: T11.2024 | O3: T12.2024 | P3: T01.2025 | Q3: T02.2025 | R3: T03.2025 | S3: T04.2025 | T3: T05.2025 | U3: T06.2025 | V3: T07.2025 | W3: T08.2025 | X3: T09.2025 | Y3: T10.2025 | Z3: T11.2025 | AA3: T12.2025 | AB3: T01.2026 | AC3: T02.2026 | AD3: T03.2026 | AE3: T04.2026 | AF3: T05.2026 | AG3: T06.2026 | AH3: T07.2026 | AI3: T08.2026 | AJ3: T09.2026 | AK3: T10.2026 | AL3: T11.2026 | AM3: T12.2026
A4: 1 | B4: Sản lượng (tấn) | P4: 3616.4013 | Q4: 6002.038 | R4: 4987.398 | S4: 4085.947 | T4: 4800.6903 | U4: 4045.353 | V4: 4698.9851 | W4: 5678.89 | X4: 3116.57 | Y4: 3435.779 | Z4: 3062.156 | AA4: 3190.589 | AB4: ='Consol PL-DTRG'!C5 -> 4318.2229 | AC4: ='Consol PL-DTRG'!D5 -> 4253.3146 | AD4: ='Consol PL-DTRG'!E5 -> 4678.5574 | AE4: ='Consol PL-DTRG'!F5 -> 4394.2315 | AF4: ='Consol PL-DTRG'!G5 -> 4663.4364 | AG4: ='Consol PL-DTRG'!H5 -> 4691.9522 | AH4: ='Consol PL-DTRG'!I5 -> 4689.4225 | AI4: ='Consol PL-DTRG'!J5 -> 4562.8495 | ... AM4: ='Consol PL-DTRG'!N5 -> 4784.5204
A5: SL-BN | B5: Bán ngoài | P5: 3616.4013 | Q5: 6002.038 | R5: 4987.398 | S5: 4085.947 | T5: 4800.6903 | U5: 4045.353 | V5: 4698.9851 | W5: 5678.89 | X5: 3116.57 | Y5: 3435.779 | Z5: 3062.156 | AA5: 3190.589 | AB5: ='Consol PL-DTRG'!C6 -> 4318.2229 | AC5: ='Consol PL-DTRG'!D6 -> 4253.3146 | AD5: ='Consol PL-DTRG'!E6 -> 4678.5574 | AE5: ='Consol PL-DTRG'!F6 -> 4394.2315 | AF5: ='Consol PL-DTRG'!G6 -> 4663.4364 | AG5: ='Consol PL-DTRG'!H6 -> 4691.9522 | AH5: ='Consol PL-DTRG'!I6 -> 4689.4225 | AI5: ='Consol PL-DTRG'!J6 -> 4562.8495 | ... AM5: ='Consol PL-DTRG'!N6 -> 4784.5204
A6: SL-MC | B6: Mẹ-Con | P6: 0 | Q6: 0 | R6: 0 | S6: 0 | T6: 0 | U6: 0 | V6: 0 | W6: 0 | X6: 0 | Y6: 0 | Z6: 0 | AA6: 0 | AB6: ='Consol PL-DTRG'!C7 -> 0 | AC6: ='Consol PL-DTRG'!D7 -> 0 | AD6: ='Consol PL-DTRG'!E7 -> 0 | AE6: ='Consol PL-DTRG'!F7 -> 0 | AF6: ='Consol PL-DTRG'!G7 -> 0 | AG6: ='Consol PL-DTRG'!H7 -> 0 | AH6: ='Consol PL-DTRG'!I7 -> 0 | AI6: ='Consol PL-DTRG'!J7 -> 0 | ... AM6: ='Consol PL-DTRG'!N7 -> 0
A7: SL-CC | B7: Con-Con | P7: 0 | Q7: 0 | R7: 0 | S7: 0 | T7: 0 | U7: 0 | V7: 0 | W7: 0 | X7: 0 | Y7: 0 | Z7: 0 | AA7: 0 | AB7: ='Consol PL-DTRG'!C8 -> 0 | AC7: ='Consol PL-DTRG'!D8 -> 0 | AD7: ='Consol PL-DTRG'!E8 -> 0 | AE7: ='Consol PL-DTRG'!F8 -> 0 | AF7: ='Consol PL-DTRG'!G8 -> 0 | AG7: ='Consol PL-DTRG'!H8 -> 0 | AH7: ='Consol PL-DTRG'!I8 -> 0 | AI7: ='Consol PL-DTRG'!J8 -> 0 | ... AM7: ='Consol PL-DTRG'!N8 -> 0
A8: 2 | B8: 1.Doanh thu bán hàng và cung cấp dịch vụ | D8: 130037940981 | E8: 84645791256 | F8: 115625416433 | G8: 117647266094 | H8: 128085507494 | I8: 95661572209 | J8: 74679662458 | K8: 178936926222 | L8: 180140886766 | M8: 143211413018 | N8: 97197472020 | O8: 128687104846 | P8: 114983880947 | Q8: 188477338235 | R8: 150716555192 | S8: 125691833422 | T8: 153638670524 | U8: 120188501523 | V8: 138030275641 | W8: 169482496928 | X8: 91503288423 | Y8: 109010675108 | Z8: 89868450986 | AA8: 100768484341 | AB8: ='Consol PL-DTRG'!C9 -> 1.2950534e+11 | AC8: ='Consol PL-DTRG'!D9 -> 1.2797444e+11 | AD8: ='Consol PL-DTRG'!E9 -> 1.4159949e+11 | AE8: ='Consol PL-DTRG'!F9 -> 1.3178227e+11 | AF8: ='Consol PL-DTRG'!G9 -> 1.4024431e+11 | AG8: ='Consol PL-DTRG'!H9 -> 1.414093e+11 | AH8: ='Consol PL-DTRG'!I9 -> 1.4540406e+11 | AI8: ='Consol PL-DTRG'!J9 -> 1.4127636e+11 | ... AM8: ='Consol PL-DTRG'!N9 -> 1.4744201e+11
A9: 511-BN | B9: Bán ngoài | P9: 114983880947 | Q9: 188477338235 | R9: 150716555192 | S9: 125691833422 | T9: 153638670524 | U9: 120188501523 | V9: 138030275641 | W9: 169482496928 | X9: 91503288423 | Y9: 109010675108 | Z9: 89868450986 | AA9: 100768484341 | AB9: ='Consol PL-DTRG'!C10 -> 1.2950534e+11 | AC9: ='Consol PL-DTRG'!D10 -> 1.2797444e+11 | AD9: ='Consol PL-DTRG'!E10 -> 1.4159949e+11 | AE9: ='Consol PL-DTRG'!F10 -> 1.3178227e+11 | AF9: ='Consol PL-DTRG'!G10 -> 1.4024431e+11 | AG9: ='Consol PL-DTRG'!H10 -> 1.414093e+11 | AH9: ='Consol PL-DTRG'!I10 -> 1.4540406e+11 | AI9: ='Consol PL-DTRG'!J10 -> 1.4127636e+11 | ... AM9: ='Consol PL-DTRG'!N10 -> 1.4744201e+11
A10: 511-MC | B10: Mẹ-Con | P10: 0 | Q10: 0 | R10: 0 | S10: 0 | T10: 0 | U10: 0 | V10: 0 | W10: 0 | X10: 0 | Y10: 0 | Z10: 0 | AA10: 0 | AB10: ='Consol PL-DTRG'!C11 -> 0 | AC10: ='Consol PL-DTRG'!D11 -> 0 | AD10: ='Consol PL-DTRG'!E11 -> 0 | AE10: ='Consol PL-DTRG'!F11 -> 0 | AF10: ='Consol PL-DTRG'!G11 -> 0 | AG10: ='Consol PL-DTRG'!H11 -> 0 | AH10: ='Consol PL-DTRG'!I11 -> 0 | AI10: ='Consol PL-DTRG'!J11 -> 0 | ... AM10: ='Consol PL-DTRG'!N11 -> 0
A11: 511-CC | B11: Con-Con | P11: 0 | Q11: 0 | R11: 0 | S11: 0 | T11: 0 | U11: 0 | V11: 0 | W11: 0 | X11: 0 | Y11: 0 | Z11: 0 | AA11: 0 | AB11: ='Consol PL-DTRG'!C12 -> 0 | AC11: ='Consol PL-DTRG'!D12 -> 0 | AD11: ='Consol PL-DTRG'!E12 -> 0 | AE11: ='Consol PL-DTRG'!F12 -> 0 | AF11: ='Consol PL-DTRG'!G12 -> 0 | AG11: ='Consol PL-DTRG'!H12 -> 0 | AH11: ='Consol PL-DTRG'!I12 -> 0 | AI11: ='Consol PL-DTRG'!J12 -> 0 | ... AM11: ='Consol PL-DTRG'!N12 -> 0
A12: 3 | B12: 2.Các khoản giảm trừ doanh thu | D12: 0 | E12: 1166125000 | F12: 0 | G12: 0 | H12: 136455000 | I12: 0 | J12: 0 | K12: 6345077301 | L12: 4671587529 | M12: 2922205276 | N12: 49359030 | O12: 4680420540 | P12: 513935495 | Q12: 477877176 | R12: 477350452 | S12: 304590498 | T12: 1607115262 | U12: 708638196 | V12: 26953743 | W12: 1000293545 | X12: 6773818500 | Y12: 0 | Z12: 1479093000 | AA12: 1103092320 | AB12: ='Consol PL-DTRG'!C13 -> 0 | AC12: ='Consol PL-DTRG'!D13 -> 0 | AD12: ='Consol PL-DTRG'!E13 -> 0 | AE12: ='Consol PL-DTRG'!F13 -> 0 | AF12: ='Consol PL-DTRG'!G13 -> 0 | AG12: ='Consol PL-DTRG'!H13 -> 0 | AH12: ='Consol PL-DTRG'!I13 -> 0 | AI12: ='Consol PL-DTRG'!J13 -> 0 | ... AM12: ='Consol PL-DTRG'!N13 -> 0
A13: 521-BN | B13: Bán ngoài | P13: 513935495 | Q13: 477877176 | R13: 477350452 | S13: 304590498 | T13: 1607115262 | U13: 708638196 | V13: 26953743 | W13: 1000293545 | X13: 6773818500 | Y13: 0 | Z13: 1479093000 | AA13: 1103092320 | AB13: ='Consol PL-DTRG'!C14 -> 0 | AC13: ='Consol PL-DTRG'!D14 -> 0 | AD13: ='Consol PL-DTRG'!E14 -> 0 | AE13: ='Consol PL-DTRG'!F14 -> 0 | AF13: ='Consol PL-DTRG'!G14 -> 0 | AG13: ='Consol PL-DTRG'!H14 -> 0 | AH13: ='Consol PL-DTRG'!I14 -> 0 | AI13: ='Consol PL-DTRG'!J14 -> 0 | ... AM13: ='Consol PL-DTRG'!N14 -> 0
A14: 521-MC | B14: Mẹ-Con | P14: 0 | Q14: 0 | R14: 0 | S14: 0 | T14: 0 | U14: 0 | V14: 0 | W14: 0 | X14: 0 | Y14: 0 | Z14: 0 | AA14: 0 | AB14: ='Consol PL-DTRG'!C15 -> 0 | AC14: ='Consol PL-DTRG'!D15 -> 0 | AD14: ='Consol PL-DTRG'!E15 -> 0 | AE14: ='Consol PL-DTRG'!F15 -> 0 | AF14: ='Consol PL-DTRG'!G15 -> 0 | AG14: ='Consol PL-DTRG'!H15 -> 0 | AH14: ='Consol PL-DTRG'!I15 -> 0 | AI14: ='Consol PL-DTRG'!J15 -> 0 | ... AM14: ='Consol PL-DTRG'!N15 -> 0
A15: 521-CC | B15: Con-Con | P15: 0 | Q15: 0 | R15: 0 | S15: 0 | T15: 0 | U15: 0 | V15: 0 | W15: 0 | X15: 0 | Y15: 0 | Z15: 0 | AA15: 0 | AB15: ='Consol PL-DTRG'!C16 -> 0 | AC15: ='Consol PL-DTRG'!D16 -> 0 | AD15: ='Consol PL-DTRG'!E16 -> 0 | AE15: ='Consol PL-DTRG'!F16 -> 0 | AF15: ='Consol PL-DTRG'!G16 -> 0 | AG15: ='Consol PL-DTRG'!H16 -> 0 | AH15: ='Consol PL-DTRG'!I16 -> 0 | AI15: ='Consol PL-DTRG'!J16 -> 0 | ... AM15: ='Consol PL-DTRG'!N16 -> 0
A16: 4 | B16: 3.Doanh thu thuần về bán hàng và cung cấp dịch vụ | D16: 130037940981 | E16: 83479666256 | F16: 115625416433 | G16: 117647266094 | H16: 127949052494 | I16: 95661572209 | J16: 74679662458 | K16: 172591848921 | L16: 175469299237 | M16: 140289207742 | N16: 97148112990 | O16: 124006684306 | P16: 114469945452 | Q16: 187999461059 | R16: 150239204740 | S16: 125387242924 | T16: 152031555262 | U16: 119479863327 | V16: 138003321898 | W16: 168482203383 | X16: 84729469923 | Y16: 109010675108 | Z16: 88389357986 | AA16: 99665392021 | AB16: ='Consol PL-DTRG'!C17 -> 1.2950534e+11 | AC16: ='Consol PL-DTRG'!D17 -> 1.2797444e+11 | AD16: ='Consol PL-DTRG'!E17 -> 1.4159949e+11 | AE16: ='Consol PL-DTRG'!F17 -> 1.3178227e+11 | AF16: ='Consol PL-DTRG'!G17 -> 1.4024431e+11 | AG16: ='Consol PL-DTRG'!H17 -> 1.414093e+11 | AH16: ='Consol PL-DTRG'!I17 -> 1.4540406e+11 | AI16: ='Consol PL-DTRG'!J17 -> 1.4127636e+11 | ... AM16: ='Consol PL-DTRG'!N17 -> 1.4744201e+11
A17: DTT-BN | B17: Bán ngoài | P17: 114469945452 | Q17: 187999461059 | R17: 150239204740 | S17: 125387242924 | T17: 152031555262 | U17: 119479863327 | V17: 138003321898 | W17: 168482203383 | X17: 84729469923 | Y17: 109010675108 | Z17: 88389357986 | AA17: 99665392021 | AB17: ='Consol PL-DTRG'!C18 -> 1.2950534e+11 | AC17: ='Consol PL-DTRG'!D18 -> 1.2797444e+11 | AD17: ='Consol PL-DTRG'!E18 -> 1.4159949e+11 | AE17: ='Consol PL-DTRG'!F18 -> 1.3178227e+11 | AF17: ='Consol PL-DTRG'!G18 -> 1.4024431e+11 | AG17: ='Consol PL-DTRG'!H18 -> 1.414093e+11 | AH17: ='Consol PL-DTRG'!I18 -> 1.4540406e+11 | AI17: ='Consol PL-DTRG'!J18 -> 1.4127636e+11 | ... AM17: ='Consol PL-DTRG'!N18 -> 1.4744201e+11
A18: DTT-MC | B18: Mẹ-Con | P18: 0 | Q18: 0 | R18: 0 | S18: 0 | T18: 0 | U18: 0 | V18: 0 | W18: 0 | X18: 0 | Y18: 0 | Z18: 0 | AA18: 0 | AB18: ='Consol PL-DTRG'!C19 -> 0 | AC18: ='Consol PL-DTRG'!D19 -> 0 | AD18: ='Consol PL-DTRG'!E19 -> 0 | AE18: ='Consol PL-DTRG'!F19 -> 0 | AF18: ='Consol PL-DTRG'!G19 -> 0 | AG18: ='Consol PL-DTRG'!H19 -> 0 | AH18: ='Consol PL-DTRG'!I19 -> 0 | AI18: ='Consol PL-DTRG'!J19 -> 0 | ... AM18: ='Consol PL-DTRG'!N19 -> 0
A19: DTT-CC | B19: Con-Con | P19: 0 | Q19: 0 | R19: 0 | S19: 0 | T19: 0 | U19: 0 | V19: 0 | W19: 0 | X19: 0 | Y19: 0 | Z19: 0 | AA19: 0 | AB19: ='Consol PL-DTRG'!C20 -> 0 | AC19: ='Consol PL-DTRG'!D20 -> 0 | AD19: ='Consol PL-DTRG'!E20 -> 0 | AE19: ='Consol PL-DTRG'!F20 -> 0 | AF19: ='Consol PL-DTRG'!G20 -> 0 | AG19: ='Consol PL-DTRG'!H20 -> 0 | AH19: ='Consol PL-DTRG'!I20 -> 0 | AI19: ='Consol PL-DTRG'!J20 -> 0 | ... AM19: ='Consol PL-DTRG'!N20 -> 0
A20: 5 | B20: 4.Giá vốn hàng bán | D20: 120065457134 | E20: 83995360322 | F20: 109165390822 | G20: 105655387173 | H20: 125507167216 | I20: 98477492806 | J20: 80393606783 | K20: 167228552558 | L20: 152083786508 | M20: 135696763155 | N20: 92718574459 | O20: -4137926966 | P20: 97986840184 | Q20: 155693128574 | R20: 129053280797 | S20: 108257691858 | T20: 128243821985 | U20: 104299018492 | V20: 124260554437 | W20: 150760754200 | X20: 81919659396 | Y20: 98239930365 | Z20: 80093235439 | AA20: 67988837293 | AB20: ='Consol PL-DTRG'!C21 -> 1.112126e+11 | AC20: ='Consol PL-DTRG'!D21 -> 1.1487344e+11 | AD20: ='Consol PL-DTRG'!E21 -> 1.1977663e+11 | AE20: ='Consol PL-DTRG'!F21 -> 1.1273471e+11 | AF20: ='Consol PL-DTRG'!G21 -> 1.1787345e+11 | AG20: ='Consol PL-DTRG'!H21 -> 1.2058265e+11 | AH20: ='Consol PL-DTRG'!I21 -> 1.1780873e+11 | AI20: ='Consol PL-DTRG'!J21 -> 1.1382363e+11 | ... AM20: ='Consol PL-DTRG'!N21 -> 1.2012256e+11
A21: 632-BN | B21: Bán ngoài | P21: 96300770078 | Q21: 154570631505 | R21: 129509315823 | S21: 109525077013 | T21: 129914451733 | U21: 106614505132 | V21: 128694704995 | W21: 155128887377 | X21: 83081045429 | Y21: 99996863451 | Z21: 80689028389 | AA21: 70066064909 | AB21: ='Consol PL-DTRG'!C22 -> 1.1157315e+11 | AC21: ='Consol PL-DTRG'!D22 -> 1.1494222e+11 | AD21: ='Consol PL-DTRG'!E22 -> 1.2021369e+11 | AE21: ='Consol PL-DTRG'!F22 -> 1.1329788e+11 | AF21: ='Consol PL-DTRG'!G22 -> 1.195158e+11 | AG21: ='Consol PL-DTRG'!H22 -> 1.2132006e+11 | AH21: ='Consol PL-DTRG'!I22 -> 1.1966307e+11 | AI21: ='Consol PL-DTRG'!J22 -> 1.1606589e+11 | ... AM21: ='Consol PL-DTRG'!N22 -> 1.224094e+11
A22: 632-MC | B22: Mẹ-Con | P22: 1.2602127e+09 | Q22: 1122497069 | R22: -456035026 | S22: -1267385155 | T22: -1670629748 | U22: -2315486640 | V22: -4434150558 | W22: -4368133177 | X22: -1161386033 | Y22: -1756933086 | Z22: -595792950 | AA22: -2077227616 | AB22: ='Consol PL-DTRG'!C23 -> -1.4422047e+09 | AC22: ='Consol PL-DTRG'!D23 -> -2.7514751e+08 | AD22: ='Consol PL-DTRG'!E23 -> -1.7482516e+09 | AE22: ='Consol PL-DTRG'!F23 -> -2.2526726e+09 | AF22: ='Consol PL-DTRG'!G23 -> -2.2428215e+09 | AG22: ='Consol PL-DTRG'!H23 -> -2.1242051e+09 | AH22: ='Consol PL-DTRG'!I23 -> -2.1726208e+09 | AI22: ='Consol PL-DTRG'!J23 -> -2.2110511e+09 | ... AM22: ='Consol PL-DTRG'!N23 -> -2.5142207e+09
A23: 632-CC | B23: Con-Con | P23: 4.2585738e+08 | Q23: 0 | R23: 0 | S23: 0 | T23: 0 | U23: 0 | V23: 0 | W23: 0 | X23: 0 | Y23: 0 | Z23: 0 | AA23: 0 | AB23: ='Consol PL-DTRG'!C24 -> 0 | AC23: ='Consol PL-DTRG'!D24 -> 0 | AD23: ='Consol PL-DTRG'!E24 -> 0 | AE23: ='Consol PL-DTRG'!F24 -> 0 | AF23: ='Consol PL-DTRG'!G24 -> 0 | AG23: ='Consol PL-DTRG'!H24 -> 0 | AH23: ='Consol PL-DTRG'!I24 -> 0 | AI23: ='Consol PL-DTRG'!J24 -> 0 | ... AM23: ='Consol PL-DTRG'!N24 -> 0
A24: URP-DK | B24: URP đầu kỳ | AB24: ='Consol PL-DTRG'!C25 -> 0 | AC24: ='Consol PL-DTRG'!D25 -> 1.0816536e+09 | AD24: ='Consol PL-DTRG'!E25 -> 1.2880142e+09 | AE24: ='Consol PL-DTRG'!F25 -> 2.5992029e+09 | AF24: ='Consol PL-DTRG'!G25 -> 4.2887073e+09 | AG24: ='Consol PL-DTRG'!H25 -> 4.8891699e+09 | AH24: ='Consol PL-DTRG'!I25 -> 6.2759631e+09 | AI24: ='Consol PL-DTRG'!J25 -> 6.59424e+09 | ... AM24: ='Consol PL-DTRG'!N25 -> 6.9202278e+09
A25: URP-CK | B25: URP cuối kỳ | AB25: ='Consol PL-DTRG'!C26 -> 1.0816536e+09 | AC25: ='Consol PL-DTRG'!D26 -> 1.2880142e+09 | AD25: ='Consol PL-DTRG'!E26 -> 2.5992029e+09 | AE25: ='Consol PL-DTRG'!F26 -> 4.2887073e+09 | AF25: ='Consol PL-DTRG'!G26 -> 4.8891699e+09 | AG25: ='Consol PL-DTRG'!H26 -> 6.2759631e+09 | AH25: ='Consol PL-DTRG'!I26 -> 6.59424e+09 | AI25: ='Consol PL-DTRG'!J26 -> 6.5630238e+09 | ... AM25: ='Consol PL-DTRG'!N26 -> 7.147605e+09
A26: 6 | B26: 5.Lợi nhuận gộp về bán hàng | D26: 9972483847 | E26: -515694066 | F26: 6460025611 | G26: 11991878921 | H26: 2441885278 | I26: -2815920597 | J26: -5713944325 | K26: 5363296363 | L26: 23385512729 | M26: 4592444587 | N26: 4429538531 | O26: 128144611272 | P26: 16483105268 | Q26: 32306332485 | R26: 21185923943 | S26: 17129551066 | T26: 23787733277 | U26: 15180844835 | V26: 13742767461 | W26: 17721449183 | X26: 2809810527 | Y26: 10770744743 | Z26: 8296122547 | AA26: 31676554728 | AB26: ='Consol PL-DTRG'!C27 -> 1.829274e+10 | AC26: ='Consol PL-DTRG'!D27 -> 1.3101005e+10 | AD26: ='Consol PL-DTRG'!E27 -> 2.1822866e+10 | AE26: ='Consol PL-DTRG'!F27 -> 1.9047554e+10 | AF26: ='Consol PL-DTRG'!G27 -> 2.2370862e+10 | AG26: ='Consol PL-DTRG'!H27 -> 2.0826655e+10 | AH26: ='Consol PL-DTRG'!I27 -> 2.7595329e+10 | AI26: ='Consol PL-DTRG'!J27 -> 2.7452735e+10 | ... AM26: ='Consol PL-DTRG'!N27 -> 2.7319454e+10
A27: LG-BN | B27: Bán ngoài | P27: 18169175374 | Q27: 33428829554 | R27: 20729888917 | S27: 15862165911 | T27: 22117103529 | U27: 12865358195 | V27: 9308616903 | W27: 13353316006 | X27: 1648424494 | Y27: 9013811657 | Z27: 7700329597 | AA27: 29599327112 | AB27: ='Consol PL-DTRG'!C28 -> 1.6850535e+10 | AC27: ='Consol PL-DTRG'!D28 -> 1.2825858e+10 | AD27: ='Consol PL-DTRG'!E28 -> 2.0074615e+10 | AE27: ='Consol PL-DTRG'!F28 -> 1.6794881e+10 | AF27: ='Consol PL-DTRG'!G28 -> 2.0128041e+10 | AG27: ='Consol PL-DTRG'!H28 -> 1.870245e+10 | AH27: ='Consol PL-DTRG'!I28 -> 2.5422708e+10 | AI27: ='Consol PL-DTRG'!J28 -> 2.5241684e+10 | ... AM27: ='Consol PL-DTRG'!N28 -> 2.4805233e+10
A28: LG-MC | B28: Mẹ-Con | P28: -1.2602127e+09 | Q28: -1122497069 | R28: 456035026 | S28: 1267385155 | T28: 1670629748 | U28: 2315486640 | V28: 4434150558 | W28: 4368133177 | X28: 1161386033 | Y28: 1756933086 | Z28: 595792950 | AA28: 2077227616 | AB28: ='Consol PL-DTRG'!C29 -> 1.4422047e+09 | AC28: ='Consol PL-DTRG'!D29 -> 2.7514751e+08 | AD28: ='Consol PL-DTRG'!E29 -> 1.7482516e+09 | AE28: ='Consol PL-DTRG'!F29 -> 2.2526726e+09 | AF28: ='Consol PL-DTRG'!G29 -> 2.2428215e+09 | AG28: ='Consol PL-DTRG'!H29 -> 2.1242051e+09 | AH28: ='Consol PL-DTRG'!I29 -> 2.1726208e+09 | AI28: ='Consol PL-DTRG'!J29 -> 2.2110511e+09 | ... AM28: ='Consol PL-DTRG'!N29 -> 2.5142207e+09
A29: LG-CC | B29: Con-Con | P29: -4.2585738e+08 | Q29: 0 | R29: 0 | S29: 0 | T29: 0 | U29: 0 | V29: 0 | W29: 0 | X29: 0 | Y29: 0 | Z29: 0 | AA29: 0 | AB29: ='Consol PL-DTRG'!C30 -> 0 | AC29: ='Consol PL-DTRG'!D30 -> 0 | AD29: ='Consol PL-DTRG'!E30 -> 0 | AE29: ='Consol PL-DTRG'!F30 -> 0 | AF29: ='Consol PL-DTRG'!G30 -> 0 | AG29: ='Consol PL-DTRG'!H30 -> 0 | AH29: ='Consol PL-DTRG'!I30 -> 0 | AI29: ='Consol PL-DTRG'!J30 -> 0 | ... AM29: ='Consol PL-DTRG'!N30 -> 0
A30: 7 | B30: 6.Lãi/lỗ của hoạt động bán, thanh lý bất động sản đầu tư | P30: 0 | Q30: 0 | R30: 0 | S30: 0 | T30: 0 | U30: 0 | V30: 0 | W30: 0 | X30: 0 | Y30: 0 | Z30: 0 | AA30: 0 | AB30: ='Consol PL-DTRG'!C31 -> 0 | AC30: ='Consol PL-DTRG'!D31 -> 0 | AD30: ='Consol PL-DTRG'!E31 -> 0 | AE30: ='Consol PL-DTRG'!F31 -> 0 | AF30: ='Consol PL-DTRG'!G31 -> 0 | AG30: ='Consol PL-DTRG'!H31 -> 0 | AH30: ='Consol PL-DTRG'!I31 -> 0 | AI30: ='Consol PL-DTRG'!J31 -> 0 | ... AM30: ='Consol PL-DTRG'!N31 -> 0
A31: TL-TSCĐ-BN | B31: Bán ngoài | P31: 0 | Q31: 0 | R31: 0 | S31: 0 | T31: 0 | U31: 0 | V31: 0 | W31: 0 | X31: 0 | Y31: 0 | Z31: 0 | AA31: 0 | AB31: ='Consol PL-DTRG'!C32 -> 0 | AC31: ='Consol PL-DTRG'!D32 -> 0 | AD31: ='Consol PL-DTRG'!E32 -> 0 | AE31: ='Consol PL-DTRG'!F32 -> 0 | AF31: ='Consol PL-DTRG'!G32 -> 0 | AG31: ='Consol PL-DTRG'!H32 -> 0 | AH31: ='Consol PL-DTRG'!I32 -> 0 | AI31: ='Consol PL-DTRG'!J32 -> 0 | ... AM31: ='Consol PL-DTRG'!N32 -> 0
A32: TL-TSCĐ-MC | B32: Mẹ-Con | P32: 0 | Q32: 0 | R32: 0 | S32: 0 | T32: 0 | U32: 0 | V32: 0 | W32: 0 | X32: 0 | Y32: 0 | Z32: 0 | AA32: 0 | AB32: ='Consol PL-DTRG'!C33 -> 0 | AC32: ='Consol PL-DTRG'!D33 -> 0 | AD32: ='Consol PL-DTRG'!E33 -> 0 | AE32: ='Consol PL-DTRG'!F33 -> 0 | AF32: ='Consol PL-DTRG'!G33 -> 0 | AG32: ='Consol PL-DTRG'!H33 -> 0 | AH32: ='Consol PL-DTRG'!I33 -> 0 | AI32: ='Consol PL-DTRG'!J33 -> 0 | ... AM32: ='Consol PL-DTRG'!N33 -> 0
A33: TL-TSCĐ-CC | B33: Con-Con | P33: 0 | Q33: 0 | R33: 0 | S33: 0 | T33: 0 | U33: 0 | V33: 0 | W33: 0 | X33: 0 | Y33: 0 | Z33: 0 | AA33: 0 | AB33: ='Consol PL-DTRG'!C34 -> 0 | AC33: ='Consol PL-DTRG'!D34 -> 0 | AD33: ='Consol PL-DTRG'!E34 -> 0 | AE33: ='Consol PL-DTRG'!F34 -> 0 | AF33: ='Consol PL-DTRG'!G34 -> 0 | AG33: ='Consol PL-DTRG'!H34 -> 0 | AH33: ='Consol PL-DTRG'!I34 -> 0 | AI33: ='Consol PL-DTRG'!J34 -> 0 | ... AM33: ='Consol PL-DTRG'!N34 -> 0
A34: 8 | B34: 7.Doanh thu hoạt động tài chính | D34: 712260969 | E34: 1111471110 | F34: 1004651784 | G34: 1746021208 | H34: 1032867505 | I34: 591086157 | J34: 376652862 | K34: 1253018630 | L34: 1560156089 | M34: 2831268643 | N34: 886951972 | O34: 2195155035 | P34: 830662240 | Q34: 1805467216 | R34: 941747687 | S34: 1368536357 | T34: 2440495098 | U34: 1651919997 | V34: 1450067480 | W34: 1506125345 | X34: 1236220214 | Y34: 2769344197 | Z34: 564107321 | AA34: 727547755 | AB34: ='Consol PL-DTRG'!C35 -> 20065548 | AC34: ='Consol PL-DTRG'!D35 -> 20065548 | AD34: ='Consol PL-DTRG'!E35 -> 20065548 | AE34: ='Consol PL-DTRG'!F35 -> 10065548 | AF34: ='Consol PL-DTRG'!G35 -> 10065548 | AG34: ='Consol PL-DTRG'!H35 -> 10065548 | AH34: ='Consol PL-DTRG'!I35 -> 10065548 | AI34: ='Consol PL-DTRG'!J35 -> 10065548 | ... AM34: ='Consol PL-DTRG'!N35 -> 10065548
A35: 9 | B35: 8.Chi phí tài chính | D35: 801399604 | E35: 695500231 | F35: 663502461 | G35: 1555671370 | H35: 936492932 | I35: 1103852896 | J35: 1608708972 | K35: 1489581015 | L35: 1372261307 | M35: 636041020 | N35: 1257673070 | O35: 993026233 | P35: 1529745602 | Q35: 1349010483 | R35: 902730488 | S35: 1450570894 | T35: 858169737 | U35: 1483876982 | V35: 1318435167 | W35: 1366041150 | X35: 1603769193 | Y35: 2900732378 | Z35: 1301741764 | AA35: 2479436989 | AB35: ='Consol PL-DTRG'!C36 -> 1.4407292e+09 | AC35: ='Consol PL-DTRG'!D36 -> 2.3144015e+09 | AD35: ='Consol PL-DTRG'!E36 -> 2.7548451e+09 | AE35: ='Consol PL-DTRG'!F36 -> 2.658974e+09 | AF35: ='Consol PL-DTRG'!G36 -> 2.9845639e+09 | AG35: ='Consol PL-DTRG'!H36 -> 3.0837659e+09 | AH35: ='Consol PL-DTRG'!I36 -> 3.1396192e+09 | AI35: ='Consol PL-DTRG'!J36 -> 3.3215811e+09 | ... AM35: ='Consol PL-DTRG'!N36 -> 3.1023551e+09
A36: 10 | B36: Trong đó: Chi phí lãi vay | D36: 460461775 | E36: 563909516 | F36: 587315920 | G36: 905708142 | H36: 974310029 | I36: 1115056080 | J36: 1160823006 | K36: 939585045 | L36: 859444105 | M36: 840165515 | N36: 889159081 | O36: 1032562923 | P36: 1114824276 | Q36: 928379281 | R36: 673966789 | S36: 888393452 | T36: 1186588729 | U36: 1448899822 | V36: 1245210526 | W36: 1303560910 | X36: 1595764355 | Y36: 1368802426 | Z36: 1256132292 | AA36: 1256103396 | AB36: ='Consol PL-DTRG'!C37 -> 1.4407292e+09 | AC36: ='Consol PL-DTRG'!D37 -> 2.3144015e+09 | AD36: ='Consol PL-DTRG'!E37 -> 2.7548451e+09 | AE36: ='Consol PL-DTRG'!F37 -> 2.658974e+09 | AF36: ='Consol PL-DTRG'!G37 -> 2.9845639e+09 | AG36: ='Consol PL-DTRG'!H37 -> 3.0837659e+09 | AH36: ='Consol PL-DTRG'!I37 -> 3.1396192e+09 | AI36: ='Consol PL-DTRG'!J37 -> 3.3215811e+09 | ... AM36: ='Consol PL-DTRG'!N37 -> 3.1023551e+09
A37: 11 | B37: 9.Chi phí bán hàng | D37: 4849994610 | E37: 1560472559 | F37: 4219375143 | G37: 4926459549 | H37: 2125110954 | I37: 2824966874 | J37: 2596964337 | K37: 8480107205 | L37: 7368729523 | M37: 4936551194 | N37: 2249627546 | O37: 10540748080 | P37: 4181224849 | Q37: 6634982258 | R37: 5629444776 | S37: 4622826734 | T37: 5242336575 | U37: 5451129528 | V37: 4248972349 | W37: 5750995751 | X37: 3513998286 | Y37: 7273403934 | Z37: 3829549635 | AA37: 5362380917 | AB37: ='Consol PL-DTRG'!C38 -> 5.7151198e+09 | AC37: ='Consol PL-DTRG'!D38 -> 4.5328953e+09 | AD37: ='Consol PL-DTRG'!E38 -> 5.3549859e+09 | AE37: ='Consol PL-DTRG'!F38 -> 4.7672285e+09 | AF37: ='Consol PL-DTRG'!G38 -> 6.360624e+09 | AG37: ='Consol PL-DTRG'!H38 -> 5.7198861e+09 | AH37: ='Consol PL-DTRG'!I38 -> 5.09689e+09 | AI37: ='Consol PL-DTRG'!J38 -> 4.9944445e+09 | ... AM37: ='Consol PL-DTRG'!N38 -> 5.5406114e+09
A38: 12 | B38: 10.Chi phí quản lý doanh nghiệp | D38: 5698695249 | E38: 5090845577 | F38: 5285019459 | G38: 5584474639 | H38: 6069340865 | I38: 5881960019 | J38: 5698093117 | K38: 6840474838 | L38: 8084946891 | M38: 8025871294 | N38: 9126335400 | O38: 7087963087 | P38: 8548199037 | Q38: 8928537962 | R38: 8618282018 | S38: 8518246563 | T38: 9277438311 | U38: 9026767632 | V38: 8998978187 | W38: 9320823983 | X38: 10936858648 | Y38: 5273319876 | Z38: 11469860627 | AA38: 17451279792 | AB38: ='Consol PL-DTRG'!C39 -> 1.0275861e+10 | AC38: ='Consol PL-DTRG'!D39 -> 8.7169324e+09 | AD38: ='Consol PL-DTRG'!E39 -> 8.7599047e+09 | AE38: ='Consol PL-DTRG'!F39 -> 8.9181475e+09 | AF38: ='Consol PL-DTRG'!G39 -> 9.0570395e+09 | AG38: ='Consol PL-DTRG'!H39 -> 9.5047244e+09 | AH38: ='Consol PL-DTRG'!I39 -> 9.9320859e+09 | AI38: ='Consol PL-DTRG'!J39 -> 1.030846e+10 | ... AM38: ='Consol PL-DTRG'!N39 -> 1.1367196e+10
A39: 13 | B39: 11.Lợi nhuận thuần từ hoạt động kinh doanh | D39: -665344647 | E39: -6751041323 | F39: -2703219668 | G39: 1671294571 | H39: -5656191968 | I39: -12035614229 | J39: -15241057889 | K39: -10193848065 | L39: 8119731097 | M39: -6174750278 | N39: -7317145513 | O39: 111718028907 | P39: 3054598020 | Q39: 17199268998 | R39: 6977214348 | S39: 3906443232 | T39: 10850283752 | U39: 870990690 | V39: 626449238 | W39: 2789713644 | X39: -12008595386 | Y39: -1907367248 | Z39: -7740922158 | AA39: 7111004785 | AB39: ='Consol PL-DTRG'!C40 -> 8.8109533e+08 | AC39: ='Consol PL-DTRG'!D40 -> -2.4431585e+09 | AD39: ='Consol PL-DTRG'!E40 -> 4.9731962e+09 | AE39: ='Consol PL-DTRG'!F40 -> 2.7132695e+09 | AF39: ='Consol PL-DTRG'!G40 -> 3.9787002e+09 | AG39: ='Consol PL-DTRG'!H40 -> 2.5283443e+09 | AH39: ='Consol PL-DTRG'!I40 -> 9.4367991e+09 | AI39: ='Consol PL-DTRG'!J40 -> 8.8383145e+09 | ... AM39: ='Consol PL-DTRG'!N40 -> 7.3193571e+09
A40: 14 | B40: 12.Thu nhập khác | D40: 1945 | E40: 1109349 | F40: 0 | G40: 81700000 | H40: 4696127 | I40: 64937878 | J40: 54384750 | K40: 184242778 | L40: 5869054 | M40: 3145774 | N40: 1405742798 | O40: 7237102 | P40: 105489733 | Q40: 7492780 | R40: 22177722 | S40: 54899780 | T40: 136977736 | U40: 60909877 | V40: 45395718 | W40: 516819765 | X40: 15045562 | Y40: 25464983 | Z40: 8392356 | AA40: 173856388 | AB40: ='Consol PL-DTRG'!C41 -> 0 | AC40: ='Consol PL-DTRG'!D41 -> 0 | AD40: ='Consol PL-DTRG'!E41 -> 0 | AE40: ='Consol PL-DTRG'!F41 -> 0 | AF40: ='Consol PL-DTRG'!G41 -> 0 | AG40: ='Consol PL-DTRG'!H41 -> 0 | AH40: ='Consol PL-DTRG'!I41 -> 0 | AI40: ='Consol PL-DTRG'!J41 -> 0 | ... AM40: ='Consol PL-DTRG'!N41 -> 0
A41: 15 | B41: 13.Chi phí khác | D41: 54643068 | E41: 9000870 | F41: 40101620 | G41: 84654154 | H41: 40312330 | I41: 171972294 | J41: 7603195 | K41: 4413241 | L41: 7331553 | M41: 177107310 | N41: 140746957 | O41: 8816704270 | P41: 60241342 | Q41: 133833312 | R41: 2500000 | S41: 24808640 | T41: 6500600 | U41: 57323484 | V41: 259624976 | W41: 553180625 | X41: 543708002 | Y41: 3516569246 | Z41: 1108557251 | AA41: 1609092429 | AB41: ='Consol PL-DTRG'!C42 -> 4.33625e+08 | AC41: ='Consol PL-DTRG'!D42 -> 4.33625e+08 | AD41: ='Consol PL-DTRG'!E42 -> 4.33625e+08 | AE41: ='Consol PL-DTRG'!F42 -> 4.33625e+08 | AF41: ='Consol PL-DTRG'!G42 -> 4.33625e+08 | AG41: ='Consol PL-DTRG'!H42 -> 4.33625e+08 | AH41: ='Consol PL-DTRG'!I42 -> 4.33625e+08 | AI41: ='Consol PL-DTRG'!J42 -> 4.33625e+08 | ... AM41: ='Consol PL-DTRG'!N42 -> 4.33625e+08
A42: 16 | B42: 14.Lợi nhuận khác | D42: -54641123 | E42: -7891521 | F42: -40101620 | G42: -2954154 | H42: -35616203 | I42: -107034416 | J42: 46781555 | K42: 179829537 | L42: -1462499 | M42: -173961536 | N42: 1264995841 | O42: -8809467168 | P42: 45248391 | Q42: -126340532 | R42: 19677722 | S42: 30091140 | T42: 130477136 | U42: 3586393 | V42: -214229258 | W42: -36360860 | X42: -528662440 | Y42: -3491104263 | Z42: -1100164895 | AA42: -1435236041 | AB42: ='Consol PL-DTRG'!C43 -> -4.33625e+08 | AC42: ='Consol PL-DTRG'!D43 -> -4.33625e+08 | AD42: ='Consol PL-DTRG'!E43 -> -4.33625e+08 | AE42: ='Consol PL-DTRG'!F43 -> -4.33625e+08 | AF42: ='Consol PL-DTRG'!G43 -> -4.33625e+08 | AG42: ='Consol PL-DTRG'!H43 -> -4.33625e+08 | AH42: ='Consol PL-DTRG'!I43 -> -4.33625e+08 | AI42: ='Consol PL-DTRG'!J43 -> -4.33625e+08 | ... AM42: ='Consol PL-DTRG'!N43 -> -4.33625e+08
A43: 17 | B43: 15.Tổng lợi nhuận kế toán trước thuế | D43: -719985770 | E43: -6758932844 | F43: -2743321288 | G43: 1668340417 | H43: -5691808171 | I43: -12142648645 | J43: -15194276334 | K43: -10014018528 | L43: 8118268598 | M43: -6348711814 | N43: -6052149672 | O43: 102908561739 | P43: 3099846411 | Q43: 17072928466 | R43: 6996892070 | S43: 3936534372 | T43: 10980760888 | U43: 874577083 | V43: 412219980 | W43: 2753352784 | X43: -12537257826 | Y43: -5398471511 | Z43: -8841087053 | AA43: 5675768744 | AB43: ='Consol PL-DTRG'!C44 -> 4.4747033e+08 | AC43: ='Consol PL-DTRG'!D44 -> -2.8767835e+09 | AD43: ='Consol PL-DTRG'!E44 -> 4.5395712e+09 | AE43: ='Consol PL-DTRG'!F44 -> 2.2796445e+09 | AF43: ='Consol PL-DTRG'!G44 -> 3.5450752e+09 | AG43: ='Consol PL-DTRG'!H44 -> 2.0947193e+09 | AH43: ='Consol PL-DTRG'!I44 -> 9.0031741e+09 | AI43: ='Consol PL-DTRG'!J44 -> 8.4046895e+09 | ... AM43: ='Consol PL-DTRG'!N44 -> 6.8857321e+09
A44: 18 | B44: 16.Chi phí thuế TNDN hiện hành | D44: 0 | E44: 0 | F44: 0 | G44: 0 | H44: 0 | I44: 0 | J44: 0 | K44: 32927331 | L44: 0 | M44: 0 | N44: 0 | O44: 11495266455 | P44: 864190686 | Q44: 3020742780 | R44: 1252632187 | S44: 677293488 | T44: 1681800759 | U44: 189264839 | V44: -1000088030 | W44: 204199602 | X44: -1349170846 | Y44: -516688622 | Z44: -854033077 | AA44: 3330158442 | AB44: ='Consol PL-DTRG'!C45 -> 3.8027387e+08 | AC44: ='Consol PL-DTRG'!D45 -> 0 | AD44: ='Consol PL-DTRG'!E45 -> 9.3461904e+08 | AE44: ='Consol PL-DTRG'!F45 -> 7.4694693e+08 | AF44: ='Consol PL-DTRG'!G45 -> 7.8257297e+08 | AG44: ='Consol PL-DTRG'!H45 -> 7.0794316e+08 | AH44: ='Consol PL-DTRG'!I45 -> 1.8375756e+09 | AI44: ='Consol PL-DTRG'!J45 -> 1.680502e+09 | ... AM44: ='Consol PL-DTRG'!N45 -> 1.3228623e+09
A45: 19 | B45: 17.Chi phí thuế TNDN hoãn lại | D45: 0 | E45: 0 | F45: 0 | G45: 0 | H45: 0 | I45: 0 | J45: 0 | K45: 0 | L45: 0 | M45: 0 | N45: 0 | O45: 1838941310 | P45: 0 | Q45: -8043000 | R45: 0 | S45: 0 | T45: 0 | U45: 0 | V45: -1830898310 | W45: 0 | X45: 0 | Y45: 0 | Z45: 0 | AA45: 0 | AB45: ='Consol PL-DTRG'!C46 -> 0 | AC45: ='Consol PL-DTRG'!D46 -> 0 | AD45: ='Consol PL-DTRG'!E46 -> 0 | AE45: ='Consol PL-DTRG'!F46 -> 0 | AF45: ='Consol PL-DTRG'!G46 -> 0 | AG45: ='Consol PL-DTRG'!H46 -> 0 | AH45: ='Consol PL-DTRG'!I46 -> 0 | AI45: ='Consol PL-DTRG'!J46 -> 0 | ... AM45: ='Consol PL-DTRG'!N46 -> 0
A46: 20 | B46: 18.Lợi nhuận sau thuế thu nhập doanh nghiệp | D46: -719985770 | E46: -6758932844 | F46: -2743321288 | G46: 1668340417 | H46: -5691808171 | I46: -12142648645 | J46: -15194276334 | K46: -10046945859 | L46: 8118268598 | M46: -6348711814 | N46: -6052149672 | O46: 89574353974 | P46: 2235655725 | Q46: 14060228686 | R46: 5744259883 | S46: 3259240884 | T46: 9298960129 | U46: 685312244 | V46: 3243206320 | W46: 2549153182 | X46: -11188086980 | Y46: -4881782889 | Z46: -7987053976 | AA46: 2345610302 | AB46: ='Consol PL-DTRG'!C47 -> 67196451 | AC46: ='Consol PL-DTRG'!D47 -> -2.8767835e+09 | AD46: ='Consol PL-DTRG'!E47 -> 3.6049522e+09 | AE46: ='Consol PL-DTRG'!F47 -> 1.5326975e+09 | AF46: ='Consol PL-DTRG'!G47 -> 2.7625022e+09 | AG46: ='Consol PL-DTRG'!H47 -> 1.3867762e+09 | AH46: ='Consol PL-DTRG'!I47 -> 7.1655985e+09 | AI46: ='Consol PL-DTRG'!J47 -> 6.7241875e+09 | ... AM46: ='Consol PL-DTRG'!N47 -> 5.5628699e+09
B48: Khấu hao | D48: =SUM(D49:D52) -> 3935422859 | E48: =SUM(E49:E52) -> 3945256529 | F48: =SUM(F49:F52) -> 3941710034 | G48: =SUM(G49:G52) -> 4176778135 | H48: =SUM(H49:H52) -> 4265236429 | I48: =SUM(I49:I52) -> 4239641424 | J48: =SUM(J49:J52) -> 4278667037 | K48: =SUM(K49:K52) -> 4312396443 | ... AM48: =SUM(AM49:AM52) -> 6.748464e+09
B49: DTR | D49: 2998479509 | E49: 3003358762 | F49: 2998978933 | G49: 3181024399 | H49: 3238724278 | I49: 3240440023 | J49: 3274496481 | K49: 3295429795 | L49: 3434711622 | M49: 3434792405 | N49: 3448986541 | O49: 3762460661 | P49: 3803154168 | Q49: 3804698614 | R49: 4002633975 | S49: 3905195928 | T49: 4091854986 | U49: 4087468338 | V49: 4085457551 | W49: 4092995160 | X49: 4407500048 | Y49: 4260856692 | Z49: 4421950561 | AA49: 4442318343 | AB49: ='Consol PL-DTRG'!AS51 -> 5.3034901e+09 | AC49: ='Consol PL-DTRG'!AT51 -> 5.687882e+09 | AD49: ='Consol PL-DTRG'!AU51 -> 5.7759012e+09 | AE49: ='Consol PL-DTRG'!AV51 -> 5.8101415e+09 | AF49: ='Consol PL-DTRG'!AW51 -> 5.8260946e+09 | AG49: ='Consol PL-DTRG'!AX51 -> 5.9680697e+09 | AH49: ='Consol PL-DTRG'!AY51 -> 5.9680697e+09 | AI49: ='Consol PL-DTRG'!AZ51 -> 5.9680697e+09 | ... AM49: ='Consol PL-DTRG'!BD51 -> 5.9931641e+09
B50: Đồng Lâm | D50: 331249956 | E50: 331249956 | F50: 332083289 | G50: 336375102 | H50: 350875102 | I50: 328075101 | J50: 332253010 | K50: 332540768 | L50: 328308488 | M50: 324936189 | N50: 324936189 | O50: 324936189 | P50: 324936189 | Q50: 324936189 | R50: 329551584 | S50: 329551584 | T50: 329551584 | U50: 335010843 | V50: 336996028 | W50: 340112546 | X50: 342133709 | Y50: 342133709 | Z50: 347910129 | AA50: 355474699 | AB50: ='Consol PL-DTRG'!BU51 -> 1.9819643e+08 | AC50: ='Consol PL-DTRG'!BV51 -> 1.9855754e+08 | AD50: ='Consol PL-DTRG'!BW51 -> 2.127242e+08 | AE50: ='Consol PL-DTRG'!BX51 -> 2.5171032e+08 | AF50: ='Consol PL-DTRG'!BY51 -> 2.5171032e+08 | AG50: ='Consol PL-DTRG'!BZ51 -> 2.5171032e+08 | AH50: ='Consol PL-DTRG'!CA51 -> 2.5171032e+08 | AI50: ='Consol PL-DTRG'!CB51 -> 2.5171032e+08 | ... AM50: ='Consol PL-DTRG'!CF51 -> 2.455992e+08
B51: Khánh Nga | D51: 112003532 | E51: 112003532 | F51: 112003532 | G51: 112003532 | H51: 117514284 | I51: 113003532 | J51: 113003532 | K51: 118836865 | L51: 118836865 | M51: 134265829 | N51: 147408361 | O51: 131369497 | P51: 153545190 | Q51: 155809922 | R51: 155821589 | S51: 182654922 | T51: 161644174 | U51: 162718967 | V51: 178218967 | W51: 153885633 | X51: 177218967 | Y51: 177218967 | Z51: 175376378 | AA51: 175376375 | AB51: ='Consol PL-DTRG'!CI51 -> 1.1075802e+08 | AC51: ='Consol PL-DTRG'!CJ51 -> 1.0473237e+08 | AD51: ='Consol PL-DTRG'!CK51 -> 1.1276657e+08 | AE51: ='Consol PL-DTRG'!CL51 -> 1.1477512e+08 | AF51: ='Consol PL-DTRG'!CM51 -> 1.1477512e+08 | AG51: ='Consol PL-DTRG'!CN51 -> 1.1477512e+08 | AH51: ='Consol PL-DTRG'!CO51 -> 1.1477512e+08 | AI51: ='Consol PL-DTRG'!CP51 -> 1.1477512e+08 | ... AM51: ='Consol PL-DTRG'!CT51 -> 1.1477512e+08
B52: Đại Lộc | D52: 493689862 | E52: 498644279 | F52: 498644280 | G52: 547375102 | H52: 558122765 | I52: 558122768 | J52: 558914014 | K52: 565589015 | L52: 565589018 | M52: 573530481 | N52: 573530482 | O52: 573530481 | P52: 588095967 | Q52: 586238192 | R52: 586238189 | S52: 594363189 | T52: 594363193 | U52: 582677982 | V52: 582677982 | W52: 582677982 | X52: 582677982 | Y52: 582677982 | Z52: 582677982 | AA52: 624238782 | AB52: ='Consol PL-DTRG'!CW51 -> 3.8012808e+08 | AC52: ='Consol PL-DTRG'!CX51 -> 3.8012808e+08 | AD52: ='Consol PL-DTRG'!CY51 -> 3.7756444e+08 | AE52: ='Consol PL-DTRG'!CZ51 -> 3.7756444e+08 | AF52: ='Consol PL-DTRG'!DA51 -> 3.7756444e+08 | AG52: ='Consol PL-DTRG'!DB51 -> 3.7756444e+08 | AH52: ='Consol PL-DTRG'!DC51 -> 3.7756444e+08 | AI52: ='Consol PL-DTRG'!DD51 -> 3.7756444e+08 | ... AM52: ='Consol PL-DTRG'!DH51 -> 3.9492555e+08

Sheet BS
A2: Index BS | B2: PHẦN I-BÁO CÁO TÌNH HÌNH TÀI CHÍNH | D2: T01.2024 | E2: T02.2024 | F2: T03.2024 | G2: T04.2024 | H2: T05.2024 | I2: T06.2024 | J2: T07.2024 | K2: T08.2024 | L2: T09.2024 | M2: T10.2024 | N2: T11.2024 | O2: T12.2024 | P2: T01.2025 | Q2: T02.2025 | R2: T03.2025 | S2: T04.2025 | T2: T05.2025 | U2: T06.2025 | V2: T07.2025 | W2: T08.2025 | X2: T09.2025 | Y2: T10.2025 | Z2: T11.2025 | AA2: T12.2025 | AB2: T01.2026 | AC2: T02.2026 | AD2: T03.2026 | AE2: T04.2026 | AF2: T05.2026 | AG2: T06.2026 | AH2: T07.2026 | AI2: T08.2026 | AJ2: T09.2026 | AK2: T10.2026 | AL2: T11.2026 | AM2: T12.2026
A3: 1 | B3: A-TÀI SẢN NGẮN HẠN | D3: =D4+D7+D14+D22+D25+D29 -> 842504987537 | E3: =E4+E7+E14+E22+E25+E29 -> 828028218928 | F3: =F4+F7+F14+F22+F25+F29 -> 8.6664214e+11 | G3: =G4+G7+G14+G22+G25+G29 -> 9.2866377e+11 | H3: =H4+H7+H14+H22+H25+H29 -> 974972463666 | I3: =I4+I7+I14+I22+I25+I29 -> 1000977606992 | J3: =J4+J7+J14+J22+J25+J29 -> 945309048746 | K3: =K4+K7+K14+K22+K25+K29 -> 891517737502 | ... AM3: =AM4+AM7+AM14+AM22+AM25+AM29 -> 1.0277445e+12
A4: 2 | B4: I.Tiền và các khoản tương đương tiền | D4: =SUM(D5:D6) -> 46633249760 | E4: =SUM(E5:E6) -> 35851802774 | F4: =SUM(F5:F6) -> 26393055917 | G4: =SUM(G5:G6) -> 34593153167 | H4: =SUM(H5:H6) -> 33199136312 | I4: =SUM(I5:I6) -> 19638634542 | J4: =SUM(J5:J6) -> 56271006190 | K4: =SUM(K5:K6) -> 35429490170 | ... AM4: =SUM(AM5:AM6) -> 5.6555172e+10
A5: 3 | B5: 1.Tiền | C5: x | D5: ='[1]Tinh hinh tai chinh'!AN6 -> 39793249760 | E5: ='[1]Tinh hinh tai chinh'!AO6 -> 29011802774 | F5: ='[1]Tinh hinh tai chinh'!AP6 -> 21563055917 | G5: ='[1]Tinh hinh tai chinh'!AQ6 -> 25763153167 | H5: ='[1]Tinh hinh tai chinh'!AR6 -> 24369136312 | I5: ='[1]Tinh hinh tai chinh'!AS6 -> 14808634542 | J5: ='[1]Tinh hinh tai chinh'!AT6 -> 48441006190 | K5: ='[1]Tinh hinh tai chinh'!AU6 -> 27599490170 | ... AA5: ='[1]Tinh hinh tai chinh'!BK6 -> 48026156404 | AB5: ='Consol BS-DTRG'!D6 -> 4.5298494e+10 | AC5: ='Consol BS-DTRG'!E6 -> 4.5147824e+10 | AD5: ='Consol BS-DTRG'!F6 -> 4.6898466e+10 | AE5: ='Consol BS-DTRG'!G6 -> 3.8402023e+10 | AF5: ='Consol BS-DTRG'!H6 -> 4.9563717e+10 | AG5: ='Consol BS-DTRG'!I6 -> 4.7974731e+10 | AH5: ='Consol BS-DTRG'!J6 -> 4.8295443e+10 | AI5: ='Consol BS-DTRG'!K6 -> 5.6202871e+10 | ... AM5: ='Consol BS-DTRG'!O6 -> 5.5855172e+10
A6: 4 | B6: 2.Các khoản tương đương tiền | C6: x | D6: ='[1]Tinh hinh tai chinh'!AN7 -> 6840000000 | E6: ='[1]Tinh hinh tai chinh'!AO7 -> 6840000000 | F6: ='[1]Tinh hinh tai chinh'!AP7 -> 4830000000 | G6: ='[1]Tinh hinh tai chinh'!AQ7 -> 8830000000 | H6: ='[1]Tinh hinh tai chinh'!AR7 -> 8830000000 | I6: ='[1]Tinh hinh tai chinh'!AS7 -> 4830000000 | J6: ='[1]Tinh hinh tai chinh'!AT7 -> 7830000000 | K6: ='[1]Tinh hinh tai chinh'!AU7 -> 7830000000 | ... AA6: ='[1]Tinh hinh tai chinh'!BK7 -> 15700000000 | AB6: ='Consol BS-DTRG'!D7 -> 700000000 | AC6: ='Consol BS-DTRG'!E7 -> 700000000 | AD6: ='Consol BS-DTRG'!F7 -> 700000000 | AE6: ='Consol BS-DTRG'!G7 -> 700000000 | AF6: ='Consol BS-DTRG'!H7 -> 700000000 | AG6: ='Consol BS-DTRG'!I7 -> 700000000 | AH6: ='Consol BS-DTRG'!J7 -> 700000000 | AI6: ='Consol BS-DTRG'!K7 -> 700000000 | ... AM6: ='Consol BS-DTRG'!O7 -> 700000000
A7: 5 | B7: II.Đầu tư tài chính ngắn hạn | D7: =SUM(D8:D13) -> 108051581921 | E7: =SUM(E8:E13) -> 108041861921 | F7: =SUM(F8:F13) -> 108032141921 | G7: =SUM(G8:G13) -> 97522421921 | H7: =SUM(H8:H13) -> 97512701921 | I7: =SUM(I8:I13) -> 77502981921 | J7: =SUM(J8:J13) -> 57993261921 | K7: =SUM(K8:K13) -> 57983541921 | ... AM7: =SUM(AM8:AM13) -> 33042000000
A8: 6 | B8: 1.Chứng khoán kinh doanh | C8: x | D8: ='[1]Tinh hinh tai chinh'!AN9 -> 0 | E8: ='[1]Tinh hinh tai chinh'!AO9 -> 0 | F8: ='[1]Tinh hinh tai chinh'!AP9 -> 0 | G8: ='[1]Tinh hinh tai chinh'!AQ9 -> 0 | H8: ='[1]Tinh hinh tai chinh'!AR9 -> 0 | I8: ='[1]Tinh hinh tai chinh'!AS9 -> 0 | J8: ='[1]Tinh hinh tai chinh'!AT9 -> 0 | K8: ='[1]Tinh hinh tai chinh'!AU9 -> 0 | ... AA8: ='[1]Tinh hinh tai chinh'!BK9 -> 0 | AB8: ='Consol BS-DTRG'!D9 -> 0 | AC8: ='Consol BS-DTRG'!E9 -> 0 | AD8: ='Consol BS-DTRG'!F9 -> 0 | AE8: ='Consol BS-DTRG'!G9 -> 0 | AF8: ='Consol BS-DTRG'!H9 -> 0 | AG8: ='Consol BS-DTRG'!I9 -> 0 | AH8: ='Consol BS-DTRG'!J9 -> 0 | AI8: ='Consol BS-DTRG'!K9 -> 0 | ... AM8: ='Consol BS-DTRG'!O9 -> 0
A9: 7 | B9: 2.Dự phòng giảm giá chứng khoán kinh doanh (*) | C9: x | D9: ='[1]Tinh hinh tai chinh'!AN10 -> 0 | E9: ='[1]Tinh hinh tai chinh'!AO10 -> 0 | F9: ='[1]Tinh hinh tai chinh'!AP10 -> 0 | G9: ='[1]Tinh hinh tai chinh'!AQ10 -> 0 | H9: ='[1]Tinh hinh tai chinh'!AR10 -> 0 | I9: ='[1]Tinh hinh tai chinh'!AS10 -> 0 | J9: ='[1]Tinh hinh tai chinh'!AT10 -> 0 | K9: ='[1]Tinh hinh tai chinh'!AU10 -> 0 | ... AA9: ='[1]Tinh hinh tai chinh'!BK10 -> 0 | AB9: ='Consol BS-DTRG'!D10 -> 0 | AC9: ='Consol BS-DTRG'!E10 -> 0 | AD9: ='Consol BS-DTRG'!F10 -> 0 | AE9: ='Consol BS-DTRG'!G10 -> 0 | AF9: ='Consol BS-DTRG'!H10 -> 0 | AG9: ='Consol BS-DTRG'!I10 -> 0 | AH9: ='Consol BS-DTRG'!J10 -> 0 | AI9: ='Consol BS-DTRG'!K10 -> 0 | ... AM9: ='Consol BS-DTRG'!O10 -> 0
A10: 8 | B10: 3.Đầu tư nắm giữ đến ngày đáo hạn ngắn hạn | C10: x | D10: ='[1]Tinh hinh tai chinh'!AN11 -> 108051581921 | E10: ='[1]Tinh hinh tai chinh'!AO11 -> 108041861921 | F10: ='[1]Tinh hinh tai chinh'!AP11 -> 108032141921 | G10: ='[1]Tinh hinh tai chinh'!AQ11 -> 97522421921 | H10: ='[1]Tinh hinh tai chinh'!AR11 -> 97512701921 | I10: ='[1]Tinh hinh tai chinh'!AS11 -> 77502981921 | J10: ='[1]Tinh hinh tai chinh'!AT11 -> 57993261921 | K10: ='[1]Tinh hinh tai chinh'!AU11 -> 57983541921 | ... AA10: ='[1]Tinh hinh tai chinh'!BK11 -> 38542000000 | AB10: ='Consol BS-DTRG'!D11 -> 33042000000 | AC10: ='Consol BS-DTRG'!E11 -> 33042000000 | AD10: ='Consol BS-DTRG'!F11 -> 33042000000 | AE10: ='Consol BS-DTRG'!G11 -> 33042000000 | AF10: ='Consol BS-DTRG'!H11 -> 33042000000 | AG10: ='Consol BS-DTRG'!I11 -> 33042000000 | AH10: ='Consol BS-DTRG'!J11 -> 33042000000 | AI10: ='Consol BS-DTRG'!K11 -> 33042000000 | ... AM10: ='Consol BS-DTRG'!O11 -> 33042000000
A11: 9 | B11: 4.Dự phòng đầu tư nắm giữ đến ngày đáo hạn ngắn hạn (*) | C11: x | D11: ='[1]Tinh hinh tai chinh'!AN12 -> 0 | E11: ='[1]Tinh hinh tai chinh'!AO12 -> 0 | F11: ='[1]Tinh hinh tai chinh'!AP12 -> 0 | G11: ='[1]Tinh hinh tai chinh'!AQ12 -> 0 | H11: ='[1]Tinh hinh tai chinh'!AR12 -> 0 | I11: ='[1]Tinh hinh tai chinh'!AS12 -> 0 | J11: ='[1]Tinh hinh tai chinh'!AT12 -> 0 | K11: ='[1]Tinh hinh tai chinh'!AU12 -> 0 | ... AA11: ='[1]Tinh hinh tai chinh'!BK12 -> 0 | AB11: ='Consol BS-DTRG'!D12 -> 0 | AC11: ='Consol BS-DTRG'!E12 -> 0 | AD11: ='Consol BS-DTRG'!F12 -> 0 | AE11: ='Consol BS-DTRG'!G12 -> 0 | AF11: ='Consol BS-DTRG'!H12 -> 0 | AG11: ='Consol BS-DTRG'!I12 -> 0 | AH11: ='Consol BS-DTRG'!J12 -> 0 | AI11: ='Consol BS-DTRG'!K12 -> 0 | ... AM11: ='Consol BS-DTRG'!O12 -> 0
A12: 10 | B12: 5.Đầu tư ngắn hạn khác | C12: x | D12: ='[1]Tinh hinh tai chinh'!AN13 -> 0 | E12: ='[1]Tinh hinh tai chinh'!AO13 -> 0 | F12: ='[1]Tinh hinh tai chinh'!AP13 -> 0 | G12: ='[1]Tinh hinh tai chinh'!AQ13 -> 0 | H12: ='[1]Tinh hinh tai chinh'!AR13 -> 0 | I12: ='[1]Tinh hinh tai chinh'!AS13 -> 0 | J12: ='[1]Tinh hinh tai chinh'!AT13 -> 0 | K12: ='[1]Tinh hinh tai chinh'!AU13 -> 0 | ... AA12: ='[1]Tinh hinh tai chinh'!BK13 -> 0 | AB12: ='Consol BS-DTRG'!D13 -> 0 | AC12: ='Consol BS-DTRG'!E13 -> 0 | AD12: ='Consol BS-DTRG'!F13 -> 0 | AE12: ='Consol BS-DTRG'!G13 -> 0 | AF12: ='Consol BS-DTRG'!H13 -> 0 | AG12: ='Consol BS-DTRG'!I13 -> 0 | AH12: ='Consol BS-DTRG'!J13 -> 0 | AI12: ='Consol BS-DTRG'!K13 -> 0 | ... AM12: ='Consol BS-DTRG'!O13 -> 0
A13: 11 | B13: 6.Dự phòng tổn thất các khoản đầu tư ngắn hạn khác (*) | C13: x | D13: ='[1]Tinh hinh tai chinh'!AN14 -> 0 | E13: ='[1]Tinh hinh tai chinh'!AO14 -> 0 | F13: ='[1]Tinh hinh tai chinh'!AP14 -> 0 | G13: ='[1]Tinh hinh tai chinh'!AQ14 -> 0 | H13: ='[1]Tinh hinh tai chinh'!AR14 -> 0 | I13: ='[1]Tinh hinh tai chinh'!AS14 -> 0 | J13: ='[1]Tinh hinh tai chinh'!AT14 -> 0 | K13: ='[1]Tinh hinh tai chinh'!AU14 -> 0 | ... AA13: ='[1]Tinh hinh tai chinh'!BK14 -> 0 | AB13: ='Consol BS-DTRG'!D14 -> 0 | AC13: ='Consol BS-DTRG'!E14 -> 0 | AD13: ='Consol BS-DTRG'!F14 -> 0 | AE13: ='Consol BS-DTRG'!G14 -> 0 | AF13: ='Consol BS-DTRG'!H14 -> 0 | AG13: ='Consol BS-DTRG'!I14 -> 0 | AH13: ='Consol BS-DTRG'!J14 -> 0 | AI13: ='Consol BS-DTRG'!K14 -> 0 | ... AM13: ='Consol BS-DTRG'!O14 -> 0
A14: 12 | B14: III.Các khoản phải thu ngắn hạn | D14: =SUM(D15:D21) -> 2.0876077e+11 | E14: =SUM(E15:E21) -> 1.9391456e+11 | F14: =SUM(F15:F21) -> 201044728738 | G14: =SUM(G15:G21) -> 218534804131 | H14: =SUM(H15:H21) -> 2.2155237e+11 | I14: =SUM(I15:I21) -> 2.4767907e+11 | J14: =SUM(J15:J21) -> 1.528212e+11 | K14: =SUM(K15:K21) -> 1.7780637e+11 | ... AM14: =SUM(AM15:AM21) -> 1.8755837e+11
A15: 13 | B15: 1.Phải thu ngắn hạn của khách hàng | C15: x | D15: ='[1]Tinh hinh tai chinh'!AN16 -> 139866573147 | E15: ='[1]Tinh hinh tai chinh'!AO16 -> 145639317187 | F15: ='[1]Tinh hinh tai chinh'!AP16 -> 145029363992 | G15: ='[1]Tinh hinh tai chinh'!AQ16 -> 158990592845 | H15: ='[1]Tinh hinh tai chinh'!AR16 -> 169879811667 | I15: ='[1]Tinh hinh tai chinh'!AS16 -> 169929811366 | J15: ='[1]Tinh hinh tai chinh'!AT16 -> 102331112462 | K15: ='[1]Tinh hinh tai chinh'!AU16 -> 127587662576 | ... AA15: ='[1]Tinh hinh tai chinh'!BK16 -> 154220517132 | AB15: ='Consol BS-DTRG'!D16 -> 1.6476418e+11 | AC15: ='Consol BS-DTRG'!E16 -> 1.7525627e+11 | AD15: ='Consol BS-DTRG'!F16 -> 1.3433941e+11 | AE15: ='Consol BS-DTRG'!G16 -> 1.4061019e+11 | AF15: ='Consol BS-DTRG'!H16 -> 1.4120914e+11 | AG15: ='Consol BS-DTRG'!I16 -> 1.4348903e+11 | AH15: ='Consol BS-DTRG'!J16 -> 1.6390405e+11 | AI15: ='Consol BS-DTRG'!K16 -> 1.5510837e+11 | ... AM15: ='Consol BS-DTRG'!O16 -> 1.4027229e+11
A16: 14 | B16: 2.Trả trước cho người bán ngắn hạn | C16: x | D16: ='[1]Tinh hinh tai chinh'!AN17 -> 19848285706 | E16: ='[1]Tinh hinh tai chinh'!AO17 -> 18001368927 | F16: ='[1]Tinh hinh tai chinh'!AP17 -> 17409185425 | G16: ='[1]Tinh hinh tai chinh'!AQ17 -> 18980934468 | H16: ='[1]Tinh hinh tai chinh'!AR17 -> 18972917626 | I16: ='[1]Tinh hinh tai chinh'!AS17 -> 16946912554 | J16: ='[1]Tinh hinh tai chinh'!AT17 -> 15624304617 | K16: ='[1]Tinh hinh tai chinh'!AU17 -> 15352055458 | ... AA16: ='[1]Tinh hinh tai chinh'!BK17 -> 60848470883 | AB16: ='Consol BS-DTRG'!D17 -> 9.6171404e+10 | AC16: ='Consol BS-DTRG'!E17 -> 1.1335563e+11 | AD16: ='Consol BS-DTRG'!F17 -> 1.1151452e+11 | AE16: ='Consol BS-DTRG'!G17 -> 2.020689e+11 | AF16: ='Consol BS-DTRG'!H17 -> 1.4736612e+11 | AG16: ='Consol BS-DTRG'!I17 -> 1.5010307e+11 | AH16: ='Consol BS-DTRG'!J17 -> 1.4763286e+11 | AI16: ='Consol BS-DTRG'!K17 -> 1.4309779e+11 | ... AM16: ='Consol BS-DTRG'!O17 -> 3.8780793e+09
A17: 15 | B17: 3.Phải thu nội bộ ngắn hạn | C17: x | D17: ='[1]Tinh hinh tai chinh'!AN18 -> 0 | E17: ='[1]Tinh hinh tai chinh'!AO18 -> 0 | F17: ='[1]Tinh hinh tai chinh'!AP18 -> 0 | G17: ='[1]Tinh hinh tai chinh'!AQ18 -> 0 | H17: ='[1]Tinh hinh tai chinh'!AR18 -> 0 | I17: ='[1]Tinh hinh tai chinh'!AS18 -> 0 | J17: ='[1]Tinh hinh tai chinh'!AT18 -> 0 | K17: ='[1]Tinh hinh tai chinh'!AU18 -> 0 | ... AA17: ='[1]Tinh hinh tai chinh'!BK18 -> 0 | AB17: ='Consol BS-DTRG'!D18 -> 0 | AC17: ='Consol BS-DTRG'!E18 -> 0 | AD17: ='Consol BS-DTRG'!F18 -> 0 | AE17: ='Consol BS-DTRG'!G18 -> 0 | AF17: ='Consol BS-DTRG'!H18 -> 0 | AG17: ='Consol BS-DTRG'!I18 -> 0 | AH17: ='Consol BS-DTRG'!J18 -> 0 | AI17: ='Consol BS-DTRG'!K18 -> 0 | ... AM17: ='Consol BS-DTRG'!O18 -> 0
A18: 16 | B18: 4.Phải thu theo tiến độ hợp đồng xây dựng | C18: x | D18: ='[1]Tinh hinh tai chinh'!AN19 -> 0 | E18: ='[1]Tinh hinh tai chinh'!AO19 -> 0 | F18: ='[1]Tinh hinh tai chinh'!AP19 -> 0 | G18: ='[1]Tinh hinh tai chinh'!AQ19 -> 0 | H18: ='[1]Tinh hinh tai chinh'!AR19 -> 0 | I18: ='[1]Tinh hinh tai chinh'!AS19 -> 0 | J18: ='[1]Tinh hinh tai chinh'!AT19 -> 0 | K18: ='[1]Tinh hinh tai chinh'!AU19 -> 0 | ... AA18: ='[1]Tinh hinh tai chinh'!BK19 -> 0 | AB18: ='Consol BS-DTRG'!D19 -> 0 | AC18: ='Consol BS-DTRG'!E19 -> 0 | AD18: ='Consol BS-DTRG'!F19 -> 0 | AE18: ='Consol BS-DTRG'!G19 -> 0 | AF18: ='Consol BS-DTRG'!H19 -> 0 | AG18: ='Consol BS-DTRG'!I19 -> 0 | AH18: ='Consol BS-DTRG'!J19 -> 0 | AI18: ='Consol BS-DTRG'!K19 -> 0 | ... AM18: ='Consol BS-DTRG'!O19 -> 0
A19: 17 | B19: 5.Phải thu ngắn hạn khác | C19: x | D19: ='[1]Tinh hinh tai chinh'!AN20 -> 4.9691048e+10 | E19: ='[1]Tinh hinh tai chinh'!AO20 -> 3.0919005e+10 | F19: ='[1]Tinh hinh tai chinh'!AP20 -> 30825313041 | G19: ='[1]Tinh hinh tai chinh'!AQ20 -> 32782410538 | H19: ='[1]Tinh hinh tai chinh'!AR20 -> 3.334478e+10 | I19: ='[1]Tinh hinh tai chinh'!AS20 -> 6.1447479e+10 | J19: ='[1]Tinh hinh tai chinh'!AT20 -> 3.5510919e+10 | K19: ='[1]Tinh hinh tai chinh'!AU20 -> 3.5511786e+10 | ... AA19: ='[1]Tinh hinh tai chinh'!BK20 -> 96000050435 | AB19: ='Consol BS-DTRG'!D20 -> 86849601458 | AC19: ='Consol BS-DTRG'!E20 -> 40464601458 | AD19: ='Consol BS-DTRG'!F20 -> 40709601458 | AE19: ='Consol BS-DTRG'!G20 -> 42358001458 | AF19: ='Consol BS-DTRG'!H20 -> 42358001458 | AG19: ='Consol BS-DTRG'!I20 -> 42358001458 | AH19: ='Consol BS-DTRG'!J20 -> 43408001458 | AI19: ='Consol BS-DTRG'!K20 -> 43408001458 | ... AM19: ='Consol BS-DTRG'!O20 -> 43408001458
A20: 18 | B20: 6.Dự phòng phải thu ngắn hạn khó đòi (*) | C20: x | D20: ='[1]Tinh hinh tai chinh'!AN21 -> -120525864 | E20: ='[1]Tinh hinh tai chinh'!AO21 -> -120525864 | F20: ='[1]Tinh hinh tai chinh'!AP21 -> -120525864 | G20: ='[1]Tinh hinh tai chinh'!AQ21 -> -120525864 | H20: ='[1]Tinh hinh tai chinh'!AR21 -> -120525864 | I20: ='[1]Tinh hinh tai chinh'!AS21 -> -120525864 | J20: ='[1]Tinh hinh tai chinh'!AT21 -> -120525864 | K20: ='[1]Tinh hinh tai chinh'!AU21 -> -120525864 | ... AA20: ='[1]Tinh hinh tai chinh'!BK21 -> -609095700 | AB20: ='Consol BS-DTRG'!D21 -> 0 | AC20: ='Consol BS-DTRG'!E21 -> 0 | AD20: ='Consol BS-DTRG'!F21 -> 0 | AE20: ='Consol BS-DTRG'!G21 -> 0 | AF20: ='Consol BS-DTRG'!H21 -> 0 | AG20: ='Consol BS-DTRG'!I21 -> 0 | AH20: ='Consol BS-DTRG'!J21 -> 0 | AI20: ='Consol BS-DTRG'!K21 -> 0 | ... AM20: ='Consol BS-DTRG'!O21 -> 0
A21: 19 | B21: 7.Tài sản thiếu chờ xử lý | C21: x | D21: ='[1]Tinh hinh tai chinh'!AN22 -> -524609275 | E21: ='[1]Tinh hinh tai chinh'!AO22 -> -524609275 | F21: ='[1]Tinh hinh tai chinh'!AP22 -> 7901392144 | G21: ='[1]Tinh hinh tai chinh'!AQ22 -> 7901392144 | H21: ='[1]Tinh hinh tai chinh'!AR22 -> -524609275 | I21: ='[1]Tinh hinh tai chinh'!AS22 -> -524609275 | J21: ='[1]Tinh hinh tai chinh'!AT22 -> -524609275 | K21: ='[1]Tinh hinh tai chinh'!AU22 -> -524609275 | ... AA21: ='[1]Tinh hinh tai chinh'!BK22 -> 0 | AB21: ='Consol BS-DTRG'!D22 -> 0 | AC21: ='Consol BS-DTRG'!E22 -> 0 | AD21: ='Consol BS-DTRG'!F22 -> 0 | AE21: ='Consol BS-DTRG'!G22 -> 0 | AF21: ='Consol BS-DTRG'!H22 -> 0 | AG21: ='Consol BS-DTRG'!I22 -> 0 | AH21: ='Consol BS-DTRG'!J22 -> 0 | AI21: ='Consol BS-DTRG'!K22 -> 0 | ... AM21: ='Consol BS-DTRG'!O22 -> 0
A22: 20 | B22: IV. Hàng tồn kho | D22: =SUM(D23:D24) -> 4.3009648e+11 | E22: =SUM(E23:E24) -> 4.3730177e+11 | F22: =SUM(F23:F24) -> 4.7716206e+11 | G22: =SUM(G23:G24) -> 5.176144e+11 | H22: =SUM(H23:H24) -> 5.5763302e+11 | I22: =SUM(I23:I24) -> 6.1374291e+11 | J22: =SUM(J23:J24) -> 6.3087678e+11 | K22: =SUM(K23:K24) -> 5.7103508e+11 | ... AM22: =SUM(AM23:AM24) -> 6.329077e+11
A23: 21 | B23: 1.Hàng tồn kho | C23: x | D23: ='[1]Tinh hinh tai chinh'!AN24 -> 4.3009648e+11 | E23: ='[1]Tinh hinh tai chinh'!AO24 -> 4.3730177e+11 | F23: ='[1]Tinh hinh tai chinh'!AP24 -> 4.7716206e+11 | G23: ='[1]Tinh hinh tai chinh'!AQ24 -> 5.176144e+11 | H23: ='[1]Tinh hinh tai chinh'!AR24 -> 5.5763302e+11 | I23: ='[1]Tinh hinh tai chinh'!AS24 -> 6.1374291e+11 | J23: ='[1]Tinh hinh tai chinh'!AT24 -> 6.3087678e+11 | K23: ='[1]Tinh hinh tai chinh'!AU24 -> 5.7103508e+11 | ... AA23: ='[1]Tinh hinh tai chinh'!BK24 -> 5.7058451e+11 | AB23: ='Consol BS-DTRG'!D24 -> 5.0666529e+11 | AC23: ='Consol BS-DTRG'!E24 -> 5.4392361e+11 | AD23: ='Consol BS-DTRG'!F24 -> 6.2923927e+11 | AE23: ='Consol BS-DTRG'!G24 -> 5.8671665e+11 | AF23: ='Consol BS-DTRG'!H24 -> 6.1406082e+11 | AG23: ='Consol BS-DTRG'!I24 -> 6.3754304e+11 | AH23: ='Consol BS-DTRG'!J24 -> 6.0524777e+11 | AI23: ='Consol BS-DTRG'!K24 -> 6.1158407e+11 | ... AM23: ='Consol BS-DTRG'!O24 -> 6.329077e+11
A24: 22 | B24: 2.Dự phòng giảm giá hàng tồn kho (*) | C24: x | D24: ='[1]Tinh hinh tai chinh'!AN25 -> 0 | E24: ='[1]Tinh hinh tai chinh'!AO25 -> 0 | F24: ='[1]Tinh hinh tai chinh'!AP25 -> 0 | G24: ='[1]Tinh hinh tai chinh'!AQ25 -> 0 | H24: ='[1]Tinh hinh tai chinh'!AR25 -> 0 | I24: ='[1]Tinh hinh tai chinh'!AS25 -> 0 | J24: ='[1]Tinh hinh tai chinh'!AT25 -> 0 | K24: ='[1]Tinh hinh tai chinh'!AU25 -> 0 | ... AA24: ='[1]Tinh hinh tai chinh'!BK25 -> 0 | AB24: ='Consol BS-DTRG'!D25 -> 0 | AC24: ='Consol BS-DTRG'!E25 -> 0 | AD24: ='Consol BS-DTRG'!F25 -> 0 | AE24: ='Consol BS-DTRG'!G25 -> 0 | AF24: ='Consol BS-DTRG'!H25 -> 0 | AG24: ='Consol BS-DTRG'!I25 -> 0 | AH24: ='Consol BS-DTRG'!J25 -> 0 | AI24: ='Consol BS-DTRG'!K25 -> 0 | ... AM24: ='Consol BS-DTRG'!O25 -> 0
A25: 23 | B25: V. Tài sản sinh học ngắn hạn | D25: =SUM(D26:D28) -> 0 | E25: =SUM(E26:E28) -> 0 | F25: =SUM(F26:F28) -> 0 | G25: =SUM(G26:G28) -> 0 | H25: =SUM(H26:H28) -> 0 | I25: =SUM(I26:I28) -> 0 | J25: =SUM(J26:J28) -> 0 | K25: =SUM(K26:K28) -> 0 | ... AM25: =SUM(AM26:AM28) -> 0
A26: 24 | B26: 1.Súc vật nuôi lấy sản phẩm một lần ngắn hạn | C26: x | D26: ='[1]Tinh hinh tai chinh'!AN27 -> 0 | E26: ='[1]Tinh hinh tai chinh'!AO27 -> 0 | F26: ='[1]Tinh hinh tai chinh'!AP27 -> 0 | G26: ='[1]Tinh hinh tai chinh'!AQ27 -> 0 | H26: ='[1]Tinh hinh tai chinh'!AR27 -> 0 | I26: ='[1]Tinh hinh tai chinh'!AS27 -> 0 | J26: ='[1]Tinh hinh tai chinh'!AT27 -> 0 | K26: ='[1]Tinh hinh tai chinh'!AU27 -> 0 | ... AA26: ='[1]Tinh hinh tai chinh'!BK27 -> 0 | AB26: ='Consol BS-DTRG'!D27 -> 0 | AC26: ='Consol BS-DTRG'!E27 -> 0 | AD26: ='Consol BS-DTRG'!F27 -> 0 | AE26: ='Consol BS-DTRG'!G27 -> 0 | AF26: ='Consol BS-DTRG'!H27 -> 0 | AG26: ='Consol BS-DTRG'!I27 -> 0 | AH26: ='Consol BS-DTRG'!J27 -> 0 | AI26: ='Consol BS-DTRG'!K27 -> 0 | ... AM26: ='Consol BS-DTRG'!O27 -> 0
A27: 25 | B27: 2.Cây trồng theo mùa vụ hoặc lấy sản phẩm một lần ngắn hạn | C27: x | D27: ='[1]Tinh hinh tai chinh'!AN28 -> 0 | E27: ='[1]Tinh hinh tai chinh'!AO28 -> 0 | F27: ='[1]Tinh hinh tai chinh'!AP28 -> 0 | G27: ='[1]Tinh hinh tai chinh'!AQ28 -> 0 | H27: ='[1]Tinh hinh tai chinh'!AR28 -> 0 | I27: ='[1]Tinh hinh tai chinh'!AS28 -> 0 | J27: ='[1]Tinh hinh tai chinh'!AT28 -> 0 | K27: ='[1]Tinh hinh tai chinh'!AU28 -> 0 | ... AA27: ='[1]Tinh hinh tai chinh'!BK28 -> 0 | AB27: ='Consol BS-DTRG'!D28 -> 0 | AC27: ='Consol BS-DTRG'!E28 -> 0 | AD27: ='Consol BS-DTRG'!F28 -> 0 | AE27: ='Consol BS-DTRG'!G28 -> 0 | AF27: ='Consol BS-DTRG'!H28 -> 0 | AG27: ='Consol BS-DTRG'!I28 -> 0 | AH27: ='Consol BS-DTRG'!J28 -> 0 | AI27: ='Consol BS-DTRG'!K28 -> 0 | ... AM27: ='Consol BS-DTRG'!O28 -> 0
A28: 26 | B28: 3.Dự phòng tổn thất tài sản sinh học ngắn hạn (*) | C28: x | D28: ='[1]Tinh hinh tai chinh'!AN29 -> 0 | E28: ='[1]Tinh hinh tai chinh'!AO29 -> 0 | F28: ='[1]Tinh hinh tai chinh'!AP29 -> 0 | G28: ='[1]Tinh hinh tai chinh'!AQ29 -> 0 | H28: ='[1]Tinh hinh tai chinh'!AR29 -> 0 | I28: ='[1]Tinh hinh tai chinh'!AS29 -> 0 | J28: ='[1]Tinh hinh tai chinh'!AT29 -> 0 | K28: ='[1]Tinh hinh tai chinh'!AU29 -> 0 | ... AA28: ='[1]Tinh hinh tai chinh'!BK29 -> 0 | AB28: ='Consol BS-DTRG'!D29 -> 0 | AC28: ='Consol BS-DTRG'!E29 -> 0 | AD28: ='Consol BS-DTRG'!F29 -> 0 | AE28: ='Consol BS-DTRG'!G29 -> 0 | AF28: ='Consol BS-DTRG'!H29 -> 0 | AG28: ='Consol BS-DTRG'!I29 -> 0 | AH28: ='Consol BS-DTRG'!J29 -> 0 | AI28: ='Consol BS-DTRG'!K29 -> 0 | ... AM28: ='Consol BS-DTRG'!O29 -> 0
A29: 27 | B29: VI. Tài sản ngắn hạn khác | D29: =SUM(D30:D34) -> 48962900416 | E29: =SUM(E30:E34) -> 52918232539 | F29: =SUM(F30:F34) -> 54010150554 | G29: =SUM(G30:G34) -> 60398986934 | H29: =SUM(H30:H34) -> 65075235400 | I29: =SUM(I30:I34) -> 42414017441 | J29: =SUM(J30:J34) -> 47346796070 | K29: =SUM(K30:K34) -> 49263253112 | ... AM29: =SUM(AM30:AM34) -> 1.1768128e+11
A30: 28 | B30: 1.Chi phí chờ phân bổ ngắn hạn | C30: x | D30: ='[1]Tinh hinh tai chinh'!AN31 -> 7035999486 | E30: ='[1]Tinh hinh tai chinh'!AO31 -> 8848304154 | F30: ='[1]Tinh hinh tai chinh'!AP31 -> 7783371139 | G30: ='[1]Tinh hinh tai chinh'!AQ31 -> 8731138492 | H30: ='[1]Tinh hinh tai chinh'!AR31 -> 8451404044 | I30: ='[1]Tinh hinh tai chinh'!AS31 -> 9556103747 | J30: ='[1]Tinh hinh tai chinh'!AT31 -> 11050173464 | K30: ='[1]Tinh hinh tai chinh'!AU31 -> 11388113648 | ... AA30: ='[1]Tinh hinh tai chinh'!BK31 -> 9528997722 | AB30: ='Consol BS-DTRG'!D31 -> 0 | AC30: ='Consol BS-DTRG'!E31 -> 0 | AD30: ='Consol BS-DTRG'!F31 -> 0 | AE30: ='Consol BS-DTRG'!G31 -> 0 | AF30: ='Consol BS-DTRG'!H31 -> 0 | AG30: ='Consol BS-DTRG'!I31 -> 0 | AH30: ='Consol BS-DTRG'!J31 -> 0 | AI30: ='Consol BS-DTRG'!K31 -> 0 | ... AM30: ='Consol BS-DTRG'!O31 -> 0
A31: 29 | B31: 2.Thuế GTGT được khấu trừ | C31: x | D31: ='[1]Tinh hinh tai chinh'!AN32 -> 41926900930 | E31: ='[1]Tinh hinh tai chinh'!AO32 -> 43981339223 | F31: ='[1]Tinh hinh tai chinh'!AP32 -> 46171681706 | G31: ='[1]Tinh hinh tai chinh'!AQ32 -> 51636650946 | H31: ='[1]Tinh hinh tai chinh'!AR32 -> 56579510013 | I31: ='[1]Tinh hinh tai chinh'!AS32 -> 32789088899 | J31: ='[1]Tinh hinh tai chinh'!AT32 -> 36250538837 | K31: ='[1]Tinh hinh tai chinh'!AU32 -> 37779643794 | ... AA31: ='[1]Tinh hinh tai chinh'!BK32 -> 13603756376 | AB31: ='Consol BS-DTRG'!D32 -> 40327002681 | AC31: ='Consol BS-DTRG'!E32 -> 45327002681 | AD31: ='Consol BS-DTRG'!F32 -> 50327002681 | AE31: ='Consol BS-DTRG'!G32 -> 55327002681 | AF31: ='Consol BS-DTRG'!H32 -> 60327002681 | AG31: ='Consol BS-DTRG'!I32 -> 65327002681 | AH31: ='Consol BS-DTRG'!J32 -> 7.0327003e+10 | AI31: ='Consol BS-DTRG'!K32 -> 7.5327003e+10 | ... AM31: ='Consol BS-DTRG'!O32 -> 9.5327003e+10
A32: 30 | B32: 3.Thuế và các khoản khác phải thu Nhà nước | C32: x | D32: ='[1]Tinh hinh tai chinh'!AN33 -> 0 | E32: ='[1]Tinh hinh tai chinh'!AO33 -> 88589162 | F32: ='[1]Tinh hinh tai chinh'!AP33 -> 55097709 | G32: ='[1]Tinh hinh tai chinh'!AQ33 -> 31197496 | H32: ='[1]Tinh hinh tai chinh'!AR33 -> 44321343 | I32: ='[1]Tinh hinh tai chinh'!AS33 -> 68824795 | J32: ='[1]Tinh hinh tai chinh'!AT33 -> 46083769 | K32: ='[1]Tinh hinh tai chinh'!AU33 -> 95495670 | ... AA32: ='[1]Tinh hinh tai chinh'!BK33 -> 0 | AB32: ='Consol BS-DTRG'!D33 -> 0 | AC32: ='Consol BS-DTRG'!E33 -> 0 | AD32: ='Consol BS-DTRG'!F33 -> 0 | AE32: ='Consol BS-DTRG'!G33 -> 0 | AF32: ='Consol BS-DTRG'!H33 -> 0 | AG32: ='Consol BS-DTRG'!I33 -> 0 | AH32: ='Consol BS-DTRG'!J33 -> 0 | AI32: ='Consol BS-DTRG'!K33 -> 0 | ... AM32: ='Consol BS-DTRG'!O33 -> 0
A33: 31 | B33: 4.Giao dịch mua bán lại trái phiếu Chính phủ | C33: x | D33: ='[1]Tinh hinh tai chinh'!AN34 -> 0 | E33: ='[1]Tinh hinh tai chinh'!AO34 -> 0 | F33: ='[1]Tinh hinh tai chinh'!AP34 -> 0 | G33: ='[1]Tinh hinh tai chinh'!AQ34 -> 0 | H33: ='[1]Tinh hinh tai chinh'!AR34 -> 0 | I33: ='[1]Tinh hinh tai chinh'!AS34 -> 0 | J33: ='[1]Tinh hinh tai chinh'!AT34 -> 0 | K33: ='[1]Tinh hinh tai chinh'!AU34 -> 0 | ... AA33: ='[1]Tinh hinh tai chinh'!BK34 -> 0 | AB33: ='Consol BS-DTRG'!D34 -> 0 | AC33: ='Consol BS-DTRG'!E34 -> 0 | AD33: ='Consol BS-DTRG'!F34 -> 0 | AE33: ='Consol BS-DTRG'!G34 -> 0 | AF33: ='Consol BS-DTRG'!H34 -> 0 | AG33: ='Consol BS-DTRG'!I34 -> 0 | AH33: ='Consol BS-DTRG'!J34 -> 0 | AI33: ='Consol BS-DTRG'!K34 -> 0 | ... AM33: ='Consol BS-DTRG'!O34 -> 0
A34: 32 | B34: 5.Tài sản ngắn hạn khác | C34: x | D34: ='[1]Tinh hinh tai chinh'!AN35 -> 0 | E34: ='[1]Tinh hinh tai chinh'!AO35 -> 0 | F34: ='[1]Tinh hinh tai chinh'!AP35 -> 0 | G34: ='[1]Tinh hinh tai chinh'!AQ35 -> 0 | H34: ='[1]Tinh hinh tai chinh'!AR35 -> 0 | I34: ='[1]Tinh hinh tai chinh'!AS35 -> 0 | J34: ='[1]Tinh hinh tai chinh'!AT35 -> 0 | K34: ='[1]Tinh hinh tai chinh'!AU35 -> 0 | ... AA34: ='[1]Tinh hinh tai chinh'!BK35 -> 0 | AB34: ='Consol BS-DTRG'!D35 -> 22354275568 | AC34: ='Consol BS-DTRG'!E35 -> 22354275568 | AD34: ='Consol BS-DTRG'!F35 -> 22354275568 | AE34: ='Consol BS-DTRG'!G35 -> 22354275568 | AF34: ='Consol BS-DTRG'!H35 -> 22354275568 | AG34: ='Consol BS-DTRG'!I35 -> 22354275568 | AH34: ='Consol BS-DTRG'!J35 -> 22354275568 | AI34: ='Consol BS-DTRG'!K35 -> 22354275568 | ... AM34: ='Consol BS-DTRG'!O35 -> 22354275568
A35: 33 | B35: B-TÀI SẢN DÀI HẠN | D35: =D36+D43+D53+D62+D65+D68+D75 -> 332625414815 | E35: =E36+E43+E53+E62+E65+E68+E75 -> 328842339529 | F35: =F36+F43+F53+F62+F65+F68+F75 -> 326860219147 | G35: =G36+G43+G53+G62+G65+G68+G75 -> 325876836997 | H35: =H36+H43+H53+H62+H65+H68+H75 -> 323966420495 | I35: =I36+I43+I53+I62+I65+I68+I75 -> 324626376319 | J35: =J36+J43+J53+J62+J65+J68+J75 -> 322169750156 | K35: =K36+K43+K53+K62+K65+K68+K75 -> 326771678464 | ... AM35: =AM36+AM43+AM53+AM62+AM65+AM68+AM75 -> 9.6790373e+11
A36: 34 | B36: I.Các khoản phải thu dài hạn | D36: =SUM(D37:D42) -> 240000000 | E36: =SUM(E37:E42) -> 240000000 | F36: =SUM(F37:F42) -> 240000000 | G36: =SUM(G37:G42) -> 240000000 | H36: =SUM(H37:H42) -> 240000000 | I36: =SUM(I37:I42) -> 1140000000 | J36: =SUM(J37:J42) -> 930823092 | K36: =SUM(K37:K42) -> 930823092 | ... AM36: =SUM(AM37:AM42) -> 5600000000
A37: 35 | B37: 1.Phải thu dài hạn của khách hàng | C37: x | D37: ='[1]Tinh hinh tai chinh'!AN38 -> 0 | E37: ='[1]Tinh hinh tai chinh'!AO38 -> 0 | F37: ='[1]Tinh hinh tai chinh'!AP38 -> 0 | G37: ='[1]Tinh hinh tai chinh'!AQ38 -> 0 | H37: ='[1]Tinh hinh tai chinh'!AR38 -> 0 | I37: ='[1]Tinh hinh tai chinh'!AS38 -> 0 | J37: ='[1]Tinh hinh tai chinh'!AT38 -> 0 | K37: ='[1]Tinh hinh tai chinh'!AU38 -> 0 | ... AA37: ='[1]Tinh hinh tai chinh'!BK38 -> 0 | AB37: ='Consol BS-DTRG'!D38 -> 0 | AC37: ='Consol BS-DTRG'!E38 -> 0 | AD37: ='Consol BS-DTRG'!F38 -> 0 | AE37: ='Consol BS-DTRG'!G38 -> 0 | AF37: ='Consol BS-DTRG'!H38 -> 0 | AG37: ='Consol BS-DTRG'!I38 -> 0 | AH37: ='Consol BS-DTRG'!J38 -> 0 | AI37: ='Consol BS-DTRG'!K38 -> 0 | ... AM37: ='Consol BS-DTRG'!O38 -> 0
A38: 36 | B38: 2.Trả trước cho người bán dài hạn | C38: x | D38: ='[1]Tinh hinh tai chinh'!AN39 -> 0 | E38: ='[1]Tinh hinh tai chinh'!AO39 -> 0 | F38: ='[1]Tinh hinh tai chinh'!AP39 -> 0 | G38: ='[1]Tinh hinh tai chinh'!AQ39 -> 0 | H38: ='[1]Tinh hinh tai chinh'!AR39 -> 0 | I38: ='[1]Tinh hinh tai chinh'!AS39 -> 0 | J38: ='[1]Tinh hinh tai chinh'!AT39 -> 0 | K38: ='[1]Tinh hinh tai chinh'!AU39 -> 0 | ... AA38: ='[1]Tinh hinh tai chinh'!BK39 -> 0 | AB38: ='Consol BS-DTRG'!D39 -> 0 | AC38: ='Consol BS-DTRG'!E39 -> 0 | AD38: ='Consol BS-DTRG'!F39 -> 0 | AE38: ='Consol BS-DTRG'!G39 -> 0 | AF38: ='Consol BS-DTRG'!H39 -> 0 | AG38: ='Consol BS-DTRG'!I39 -> 0 | AH38: ='Consol BS-DTRG'!J39 -> 0 | AI38: ='Consol BS-DTRG'!K39 -> 0 | ... AM38: ='Consol BS-DTRG'!O39 -> 0
A39: 37 | B39: 3.Vốn kinh doanh ở đơn vị trực thuộc | C39: x | D39: ='[1]Tinh hinh tai chinh'!AN40 -> 0 | E39: ='[1]Tinh hinh tai chinh'!AO40 -> 0 | F39: ='[1]Tinh hinh tai chinh'!AP40 -> 0 | G39: ='[1]Tinh hinh tai chinh'!AQ40 -> 0 | H39: ='[1]Tinh hinh tai chinh'!AR40 -> 0 | I39: ='[1]Tinh hinh tai chinh'!AS40 -> 0 | J39: ='[1]Tinh hinh tai chinh'!AT40 -> 0 | K39: ='[1]Tinh hinh tai chinh'!AU40 -> 0 | ... AA39: ='[1]Tinh hinh tai chinh'!BK40 -> 0 | AB39: ='Consol BS-DTRG'!D40 -> 0 | AC39: ='Consol BS-DTRG'!E40 -> 0 | AD39: ='Consol BS-DTRG'!F40 -> 0 | AE39: ='Consol BS-DTRG'!G40 -> 0 | AF39: ='Consol BS-DTRG'!H40 -> 0 | AG39: ='Consol BS-DTRG'!I40 -> 0 | AH39: ='Consol BS-DTRG'!J40 -> 0 | AI39: ='Consol BS-DTRG'!K40 -> 0 | ... AM39: ='Consol BS-DTRG'!O40 -> 0
A40: 38 | B40: 4.Phải thu nội bộ dài hạn | C40: x | D40: ='[1]Tinh hinh tai chinh'!AN41 -> 0 | E40: ='[1]Tinh hinh tai chinh'!AO41 -> 0 | F40: ='[1]Tinh hinh tai chinh'!AP41 -> 0 | G40: ='[1]Tinh hinh tai chinh'!AQ41 -> 0 | H40: ='[1]Tinh hinh tai chinh'!AR41 -> 0 | I40: ='[1]Tinh hinh tai chinh'!AS41 -> 0 | J40: ='[1]Tinh hinh tai chinh'!AT41 -> 0 | K40: ='[1]Tinh hinh tai chinh'!AU41 -> 0 | ... AA40: ='[1]Tinh hinh tai chinh'!BK41 -> 0 | AB40: ='Consol BS-DTRG'!D41 -> 0 | AC40: ='Consol BS-DTRG'!E41 -> 0 | AD40: ='Consol BS-DTRG'!F41 -> 0 | AE40: ='Consol BS-DTRG'!G41 -> 0 | AF40: ='Consol BS-DTRG'!H41 -> 0 | AG40: ='Consol BS-DTRG'!I41 -> 0 | AH40: ='Consol BS-DTRG'!J41 -> 0 | AI40: ='Consol BS-DTRG'!K41 -> 0 | ... AM40: ='Consol BS-DTRG'!O41 -> 0
A41: 39 | B41: 5.Phải thu dài hạn khác | C41: x | D41: ='[1]Tinh hinh tai chinh'!AN42 -> 240000000 | E41: ='[1]Tinh hinh tai chinh'!AO42 -> 240000000 | F41: ='[1]Tinh hinh tai chinh'!AP42 -> 240000000 | G41: ='[1]Tinh hinh tai chinh'!AQ42 -> 240000000 | H41: ='[1]Tinh hinh tai chinh'!AR42 -> 240000000 | I41: ='[1]Tinh hinh tai chinh'!AS42 -> 1140000000 | J41: ='[1]Tinh hinh tai chinh'!AT42 -> 930823092 | K41: ='[1]Tinh hinh tai chinh'!AU42 -> 930823092 | ... AA41: ='[1]Tinh hinh tai chinh'!BK42 -> 5600000000 | AB41: ='Consol BS-DTRG'!D42 -> 5600000000 | AC41: ='Consol BS-DTRG'!E42 -> 5600000000 | AD41: ='Consol BS-DTRG'!F42 -> 5600000000 | AE41: ='Consol BS-DTRG'!G42 -> 5600000000 | AF41: ='Consol BS-DTRG'!H42 -> 5600000000 | AG41: ='Consol BS-DTRG'!I42 -> 5600000000 | AH41: ='Consol BS-DTRG'!J42 -> 5600000000 | AI41: ='Consol BS-DTRG'!K42 -> 5600000000 | ... AM41: ='Consol BS-DTRG'!O42 -> 5600000000
A42: 40 | B42: 6.Dự phòng phải thu dài hạn khó đòi (*) | C42: x | D42: ='[1]Tinh hinh tai chinh'!AN43 -> 0 | E42: ='[1]Tinh hinh tai chinh'!AO43 -> 0 | F42: ='[1]Tinh hinh tai chinh'!AP43 -> 0 | G42: ='[1]Tinh hinh tai chinh'!AQ43 -> 0 | H42: ='[1]Tinh hinh tai chinh'!AR43 -> 0 | I42: ='[1]Tinh hinh tai chinh'!AS43 -> 0 | J42: ='[1]Tinh hinh tai chinh'!AT43 -> 0 | K42: ='[1]Tinh hinh tai chinh'!AU43 -> 0 | ... AA42: ='[1]Tinh hinh tai chinh'!BK43 -> 0 | AB42: ='Consol BS-DTRG'!D43 -> 0 | AC42: ='Consol BS-DTRG'!E43 -> 0 | AD42: ='Consol BS-DTRG'!F43 -> 0 | AE42: ='Consol BS-DTRG'!G43 -> 0 | AF42: ='Consol BS-DTRG'!H43 -> 0 | AG42: ='Consol BS-DTRG'!I43 -> 0 | AH42: ='Consol BS-DTRG'!J43 -> 0 | AI42: ='Consol BS-DTRG'!K43 -> 0 | ... AM42: ='Consol BS-DTRG'!O43 -> 0
A43: 41 | B43: II.Tài sản cố định | D43: =D44+D47+D50 -> 249655788198 | E43: =E44+E47+E50 -> 245716365002 | F43: =F44+F47+F50 -> 275559746506 | G43: =G44+G47+G50 -> 277827593851 | H43: =H44+H47+H50 -> 276054917951 | I43: =I44+I47+I50 -> 271729373194 | J43: =J44+J47+J50 -> 269325388109 | K43: =K44+K47+K50 -> 275400557911 | ... AM43: =AM44+AM47+AM50 -> 9.5159228e+11
A44: 42 | B44: 1.Tài sản cố định hữu hình | D44: =SUM(D45:D46) -> 247686311862 | E44: =SUM(E45:E46) -> 243789053467 | F44: =SUM(F45:F46) -> 273243299734 | G44: =SUM(G45:G46) -> 275565292437 | H44: =SUM(H45:H46) -> 273846761895 | I44: =SUM(I45:I46) -> 269575362499 | J44: =SUM(J45:J46) -> 267225522772 | K44: =SUM(K45:K46) -> 273354837931 | ... AM44: =SUM(AM45:AM46) -> 9.278603e+11
A45: 43 | B45: Nguyên giá TSCĐ HH | C45: x | D45: ='[1]Tinh hinh tai chinh'!AN46 -> 320763061585 | E45: ='[1]Tinh hinh tai chinh'!AO46 -> 320763061585 | F45: ='[1]Tinh hinh tai chinh'!AP46 -> 354111019751 | G45: ='[1]Tinh hinh tai chinh'!AQ46 -> 360410194088 | H45: ='[1]Tinh hinh tai chinh'!AR46 -> 362896921284 | I45: ='[1]Tinh hinh tai chinh'!AS46 -> 362777184617 | J45: ='[1]Tinh hinh tai chinh'!AT46 -> 364651866569 | K45: ='[1]Tinh hinh tai chinh'!AU46 -> 374855872549 | ... AA45: ='[1]Tinh hinh tai chinh'!BK46 -> 423259856618 | AB45: ='Consol BS-DTRG'!D46 -> 9.3367401e+11 | AC45: ='Consol BS-DTRG'!E46 -> 9.4828427e+11 | AD45: ='Consol BS-DTRG'!F46 -> 9.5363687e+11 | AE45: ='Consol BS-DTRG'!G46 -> 9.706165e+11 | AF45: ='Consol BS-DTRG'!H46 -> 9.8929342e+11 | AG45: ='Consol BS-DTRG'!I46 -> 9.8929342e+11 | AH45: ='Consol BS-DTRG'!J46 -> 9.8929342e+11 | AI45: ='Consol BS-DTRG'!K46 -> 9.8929342e+11 | ... AM45: ='Consol BS-DTRG'!O46 -> 1.1585982e+12
A46: 44 | B46: Giá trị hao mòn luỹ kế TSCĐ HH(*) | C46: x | D46: ='[1]Tinh hinh tai chinh'!AN47 -> -73076749723 | E46: ='[1]Tinh hinh tai chinh'!AO47 -> -76974008118 | F46: ='[1]Tinh hinh tai chinh'!AP47 -> -80867720017 | G46: ='[1]Tinh hinh tai chinh'!AQ47 -> -84844901651 | H46: ='[1]Tinh hinh tai chinh'!AR47 -> -89050159389 | I46: ='[1]Tinh hinh tai chinh'!AS47 -> -93201822118 | J46: ='[1]Tinh hinh tai chinh'!AT47 -> -97426343797 | K46: ='[1]Tinh hinh tai chinh'!AU47 -> -101501034618 | ... AA46: ='[1]Tinh hinh tai chinh'!BK47 -> -156024076017 | AB46: ='Consol BS-DTRG'!D47 -> -1.6007626e+11 | AC46: ='Consol BS-DTRG'!E47 -> -1.6624587e+11 | AD46: ='Consol BS-DTRG'!F47 -> -1.7252313e+11 | AE46: ='Consol BS-DTRG'!G47 -> -1.7887564e+11 | AF46: ='Consol BS-DTRG'!H47 -> -1.8523542e+11 | AG46: ='Consol BS-DTRG'!I47 -> -1.9172196e+11 | AH46: ='Consol BS-DTRG'!J47 -> -1.9820851e+11 | AI46: ='Consol BS-DTRG'!K47 -> -2.0469506e+11 | ... AM46: ='Consol BS-DTRG'!O47 -> -2.3073795e+11
A47: 45 | B47: 2. Tài sản cố định thuê tài chính | D47: =SUM(D48:D49) -> 21543584 | E47: =SUM(E48:E49) -> 20347932 | F47: =SUM(F48:F49) -> 19152280 | G47: =SUM(G48:G49) -> 17956628 | H47: =SUM(H48:H49) -> 16760976 | I47: =SUM(I48:I49) -> 15565324 | J47: =SUM(J48:J49) -> 14369672 | K47: =SUM(K48:K49) -> 13174020 | ... AM47: =SUM(AM48:AM49) -> 1.67744e+10
A48: 46 | B48: Nguyên giá TSCĐ thuê tài chính | C48: x | D48: ='[1]Tinh hinh tai chinh'!AN49 -> 55000000 | E48: ='[1]Tinh hinh tai chinh'!AO49 -> 55000000 | F48: ='[1]Tinh hinh tai chinh'!AP49 -> 55000000 | G48: ='[1]Tinh hinh tai chinh'!AQ49 -> 55000000 | H48: ='[1]Tinh hinh tai chinh'!AR49 -> 55000000 | I48: ='[1]Tinh hinh tai chinh'!AS49 -> 55000000 | J48: ='[1]Tinh hinh tai chinh'!AT49 -> 55000000 | K48: ='[1]Tinh hinh tai chinh'!AU49 -> 55000000 | ... AA48: ='[1]Tinh hinh tai chinh'!BK49 -> 25454545455 | AB48: ='Consol BS-DTRG'!D49 -> 25454545455 | AC48: ='Consol BS-DTRG'!E49 -> 25454545455 | AD48: ='Consol BS-DTRG'!F49 -> 25454545455 | AE48: ='Consol BS-DTRG'!G49 -> 25454545455 | AF48: ='Consol BS-DTRG'!H49 -> 25454545455 | AG48: ='Consol BS-DTRG'!I49 -> 25454545455 | AH48: ='Consol BS-DTRG'!J49 -> 25454545455 | AI48: ='Consol BS-DTRG'!K49 -> 25454545455 | ... AM48: ='Consol BS-DTRG'!O49 -> 25454545455
A49: 47 | B49: Giá trị hao mòn luỹ kế TSCĐ thuê tài chính | C49: x | D49: ='[1]Tinh hinh tai chinh'!AN50 -> -33456416 | E49: ='[1]Tinh hinh tai chinh'!AO50 -> -34652068 | F49: ='[1]Tinh hinh tai chinh'!AP50 -> -35847720 | G49: ='[1]Tinh hinh tai chinh'!AQ50 -> -37043372 | H49: ='[1]Tinh hinh tai chinh'!AR50 -> -38239024 | I49: ='[1]Tinh hinh tai chinh'!AS50 -> -39434676 | J49: ='[1]Tinh hinh tai chinh'!AT50 -> -40630328 | K49: ='[1]Tinh hinh tai chinh'!AU50 -> -41825980 | ... AA49: ='[1]Tinh hinh tai chinh'!BK50 -> -6937516854 | AB49: ='Consol BS-DTRG'!D50 -> -7.0827359e+09 | AC49: ='Consol BS-DTRG'!E50 -> -7.227955e+09 | AD49: ='Consol BS-DTRG'!F50 -> -7.373174e+09 | AE49: ='Consol BS-DTRG'!G50 -> -7.5183931e+09 | AF49: ='Consol BS-DTRG'!H50 -> -7.6636121e+09 | AG49: ='Consol BS-DTRG'!I50 -> -7.8088312e+09 | AH49: ='Consol BS-DTRG'!J50 -> -7.9540502e+09 | AI49: ='Consol BS-DTRG'!K50 -> -8.0992693e+09 | ... AM49: ='Consol BS-DTRG'!O50 -> -8.6801455e+09
A50: 48 | B50: 3. Tài sản cố định vô hình | D50: =SUM(D51:D52) -> 1947932752 | E50: =SUM(E51:E52) -> 1906963603 | F50: =SUM(F51:F52) -> 2297294492 | G50: =SUM(G51:G52) -> 2244344786 | H50: =SUM(H51:H52) -> 2191395080 | I50: =SUM(I51:I52) -> 2138445371 | J50: =SUM(J51:J52) -> 2085495665 | K50: =SUM(K51:K52) -> 2032545960 | ... AM50: =SUM(AM51:AM52) -> 6.9575824e+09
A51: 49 | B51: Nguyên giá TSCĐ vô hình | C51: x | D51: ='[1]Tinh hinh tai chinh'!AN52 -> 3076542391 | E51: ='[1]Tinh hinh tai chinh'!AO52 -> 3076542391 | F51: ='[1]Tinh hinh tai chinh'!AP52 -> 3507842430 | G51: ='[1]Tinh hinh tai chinh'!AQ52 -> 3507842430 | H51: ='[1]Tinh hinh tai chinh'!AR52 -> 3507842430 | I51: ='[1]Tinh hinh tai chinh'!AS52 -> 3507842430 | J51: ='[1]Tinh hinh tai chinh'!AT52 -> 3507842430 | K51: ='[1]Tinh hinh tai chinh'!AU52 -> 3507842430 | ... AA51: ='[1]Tinh hinh tai chinh'!BK52 -> 6518070070 | AB51: ='Consol BS-DTRG'!D52 -> 8.6267255e+09 | AC51: ='Consol BS-DTRG'!E52 -> 8.6267255e+09 | AD51: ='Consol BS-DTRG'!F52 -> 8.6267255e+09 | AE51: ='Consol BS-DTRG'!G52 -> 8.6267255e+09 | AF51: ='Consol BS-DTRG'!H52 -> 1.0086725e+10 | AG51: ='Consol BS-DTRG'!I52 -> 1.0086725e+10 | AH51: ='Consol BS-DTRG'!J52 -> 1.0086725e+10 | AI51: ='Consol BS-DTRG'!K52 -> 1.0086725e+10 | ... AM51: ='Consol BS-DTRG'!O52 -> 1.0086725e+10
A52: 50 | B52: Giá trị hao mòn luỹ kế TSCĐ vô hình(*) | C52: x | D52: ='[1]Tinh hinh tai chinh'!AN53 -> -1128609639 | E52: ='[1]Tinh hinh tai chinh'!AO53 -> -1169578788 | F52: ='[1]Tinh hinh tai chinh'!AP53 -> -1210547938 | G52: ='[1]Tinh hinh tai chinh'!AQ53 -> -1263497644 | H52: ='[1]Tinh hinh tai chinh'!AR53 -> -1316447350 | I52: ='[1]Tinh hinh tai chinh'!AS53 -> -1369397059 | J52: ='[1]Tinh hinh tai chinh'!AT53 -> -1422346765 | K52: ='[1]Tinh hinh tai chinh'!AU53 -> -1475296470 | ... AA52: ='[1]Tinh hinh tai chinh'!BK53 -> -2791079926 | AB52: ='Consol BS-DTRG'!D53 -> -2.263838e+09 | AC52: ='Consol BS-DTRG'!E53 -> -2.3265148e+09 | AD52: ='Consol BS-DTRG'!F53 -> -2.3891915e+09 | AE52: ='Consol BS-DTRG'!G53 -> -2.4518683e+09 | AF52: ='Consol BS-DTRG'!H53 -> -2.5232204e+09 | AG52: ='Consol BS-DTRG'!I53 -> -2.6097807e+09 | AH52: ='Consol BS-DTRG'!J53 -> -2.6963411e+09 | AI52: ='Consol BS-DTRG'!K53 -> -2.7829015e+09 | ... AM52: ='Consol BS-DTRG'!O53 -> -3.129143e+09
A53: 51 | B53: III.Tài sản sinh học dài hạn | D53: =SUM(D54,D59:D61) -> 0 | E53: =SUM(E54,E59:E61) -> 0 | F53: =SUM(F54,F59:F61) -> 0 | G53: =SUM(G54,G59:G61) -> 0 | H53: =SUM(H54,H59:H61) -> 0 | I53: =SUM(I54,I59:I61) -> 0 | J53: =SUM(J54,J59:J61) -> 0 | K53: =SUM(K54,K59:K61) -> 0 | ... AM53: =SUM(AM54,AM59:AM61) -> 0
A54: 52 | B54: 1.Súc vật nuôi cho sản phẩm định kỳ | D54: =SUM(D55:D56) -> 0 | E54: =SUM(E55:E56) -> 0 | F54: =SUM(F55:F56) -> 0 | G54: =SUM(G55:G56) -> 0 | H54: =SUM(H55:H56) -> 0 | I54: =SUM(I55:I56) -> 0 | J54: =SUM(J55:J56) -> 0 | K54: =SUM(K55:K56) -> 0 | ... AM54: =SUM(AM55:AM56) -> 0
A55: 53 | B55: a)Súc vật nuôi cho sản phẩm định kỳ chưa đến giai đoạn trưởng thành | C55: x | D55: ='[1]Tinh hinh tai chinh'!AN56 -> 0 | E55: ='[1]Tinh hinh tai chinh'!AO56 -> 0 | F55: ='[1]Tinh hinh tai chinh'!AP56 -> 0 | G55: ='[1]Tinh hinh tai chinh'!AQ56 -> 0 | H55: ='[1]Tinh hinh tai chinh'!AR56 -> 0 | I55: ='[1]Tinh hinh tai chinh'!AS56 -> 0 | J55: ='[1]Tinh hinh tai chinh'!AT56 -> 0 | K55: ='[1]Tinh hinh tai chinh'!AU56 -> 0 | ... AA55: ='[1]Tinh hinh tai chinh'!BK56 -> 0 | AB55: ='Consol BS-DTRG'!D56 -> 0 | AC55: ='Consol BS-DTRG'!E56 -> 0 | AD55: ='Consol BS-DTRG'!F56 -> 0 | AE55: ='Consol BS-DTRG'!G56 -> 0 | AF55: ='Consol BS-DTRG'!H56 -> 0 | AG55: ='Consol BS-DTRG'!I56 -> 0 | AH55: ='Consol BS-DTRG'!J56 -> 0 | AI55: ='Consol BS-DTRG'!K56 -> 0 | ... AM55: ='Consol BS-DTRG'!O56 -> 0
A56: 54 | B56: b)Súc vật nuôi cho sản phẩm định kỳ đến giai đoạn trưởng thành | D56: =SUM(D57:D58) -> 0 | E56: =SUM(E57:E58) -> 0 | F56: =SUM(F57:F58) -> 0 | G56: =SUM(G57:G58) -> 0 | H56: =SUM(H57:H58) -> 0 | I56: =SUM(I57:I58) -> 0 | J56: =SUM(J57:J58) -> 0 | K56: =SUM(K57:K58) -> 0 | ... AM56: =SUM(AM57:AM58) -> 0
A57: 55 | B57: Nguyên giá | C57: x | D57: ='[1]Tinh hinh tai chinh'!AN58 -> 0 | E57: ='[1]Tinh hinh tai chinh'!AO58 -> 0 | F57: ='[1]Tinh hinh tai chinh'!AP58 -> 0 | G57: ='[1]Tinh hinh tai chinh'!AQ58 -> 0 | H57: ='[1]Tinh hinh tai chinh'!AR58 -> 0 | I57: ='[1]Tinh hinh tai chinh'!AS58 -> 0 | J57: ='[1]Tinh hinh tai chinh'!AT58 -> 0 | K57: ='[1]Tinh hinh tai chinh'!AU58 -> 0 | ... AA57: ='[1]Tinh hinh tai chinh'!BK58 -> 0 | AB57: ='Consol BS-DTRG'!D58 -> 0 | AC57: ='Consol BS-DTRG'!E58 -> 0 | AD57: ='Consol BS-DTRG'!F58 -> 0 | AE57: ='Consol BS-DTRG'!G58 -> 0 | AF57: ='Consol BS-DTRG'!H58 -> 0 | AG57: ='Consol BS-DTRG'!I58 -> 0 | AH57: ='Consol BS-DTRG'!J58 -> 0 | AI57: ='Consol BS-DTRG'!K58 -> 0 | ... AM57: ='Consol BS-DTRG'!O58 -> 0
A58: 56 | B58: Giá trị khấu hao lũy kế (*) | C58: x | D58: ='[1]Tinh hinh tai chinh'!AN59 -> 0 | E58: ='[1]Tinh hinh tai chinh'!AO59 -> 0 | F58: ='[1]Tinh hinh tai chinh'!AP59 -> 0 | G58: ='[1]Tinh hinh tai chinh'!AQ59 -> 0 | H58: ='[1]Tinh hinh tai chinh'!AR59 -> 0 | I58: ='[1]Tinh hinh tai chinh'!AS59 -> 0 | J58: ='[1]Tinh hinh tai chinh'!AT59 -> 0 | K58: ='[1]Tinh hinh tai chinh'!AU59 -> 0 | ... AA58: ='[1]Tinh hinh tai chinh'!BK59 -> 0 | AB58: ='Consol BS-DTRG'!D59 -> 0 | AC58: ='Consol BS-DTRG'!E59 -> 0 | AD58: ='Consol BS-DTRG'!F59 -> 0 | AE58: ='Consol BS-DTRG'!G59 -> 0 | AF58: ='Consol BS-DTRG'!H59 -> 0 | AG58: ='Consol BS-DTRG'!I59 -> 0 | AH58: ='Consol BS-DTRG'!J59 -> 0 | AI58: ='Consol BS-DTRG'!K59 -> 0 | ... AM58: ='Consol BS-DTRG'!O59 -> 0
A59: 57 | B59: 2.Súc vật nuôi lấy sản phẩm một lần dài hạn | C59: x | D59: ='[1]Tinh hinh tai chinh'!AN60 -> 0 | E59: ='[1]Tinh hinh tai chinh'!AO60 -> 0 | F59: ='[1]Tinh hinh tai chinh'!AP60 -> 0 | G59: ='[1]Tinh hinh tai chinh'!AQ60 -> 0 | H59: ='[1]Tinh hinh tai chinh'!AR60 -> 0 | I59: ='[1]Tinh hinh tai chinh'!AS60 -> 0 | J59: ='[1]Tinh hinh tai chinh'!AT60 -> 0 | K59: ='[1]Tinh hinh tai chinh'!AU60 -> 0 | ... AA59: ='[1]Tinh hinh tai chinh'!BK60 -> 0 | AB59: ='Consol BS-DTRG'!D60 -> 0 | AC59: ='Consol BS-DTRG'!E60 -> 0 | AD59: ='Consol BS-DTRG'!F60 -> 0 | AE59: ='Consol BS-DTRG'!G60 -> 0 | AF59: ='Consol BS-DTRG'!H60 -> 0 | AG59: ='Consol BS-DTRG'!I60 -> 0 | AH59: ='Consol BS-DTRG'!J60 -> 0 | AI59: ='Consol BS-DTRG'!K60 -> 0 | ... AM59: ='Consol BS-DTRG'!O60 -> 0
A60: 58 | B60: 3.Cây trồng theo mùa vụ hoặc lấy sản phẩm một lần dài hạn | C60: x | D60: ='[1]Tinh hinh tai chinh'!AN61 -> 0 | E60: ='[1]Tinh hinh tai chinh'!AO61 -> 0 | F60: ='[1]Tinh hinh tai chinh'!AP61 -> 0 | G60: ='[1]Tinh hinh tai chinh'!AQ61 -> 0 | H60: ='[1]Tinh hinh tai chinh'!AR61 -> 0 | I60: ='[1]Tinh hinh tai chinh'!AS61 -> 0 | J60: ='[1]Tinh hinh tai chinh'!AT61 -> 0 | K60: ='[1]Tinh hinh tai chinh'!AU61 -> 0 | ... AA60: ='[1]Tinh hinh tai chinh'!BK61 -> 0 | AB60: ='Consol BS-DTRG'!D61 -> 0 | AC60: ='Consol BS-DTRG'!E61 -> 0 | AD60: ='Consol BS-DTRG'!F61 -> 0 | AE60: ='Consol BS-DTRG'!G61 -> 0 | AF60: ='Consol BS-DTRG'!H61 -> 0 | AG60: ='Consol BS-DTRG'!I61 -> 0 | AH60: ='Consol BS-DTRG'!J61 -> 0 | AI60: ='Consol BS-DTRG'!K61 -> 0 | ... AM60: ='Consol BS-DTRG'!O61 -> 0
A61: 59 | B61: 4.Dự phòng tổn thất tài sản sinh học dài hạn | C61: x | D61: ='[1]Tinh hinh tai chinh'!AN62 -> 0 | E61: ='[1]Tinh hinh tai chinh'!AO62 -> 0 | F61: ='[1]Tinh hinh tai chinh'!AP62 -> 0 | G61: ='[1]Tinh hinh tai chinh'!AQ62 -> 0 | H61: ='[1]Tinh hinh tai chinh'!AR62 -> 0 | I61: ='[1]Tinh hinh tai chinh'!AS62 -> 0 | J61: ='[1]Tinh hinh tai chinh'!AT62 -> 0 | K61: ='[1]Tinh hinh tai chinh'!AU62 -> 0 | ... AA61: ='[1]Tinh hinh tai chinh'!BK62 -> 0 | AB61: ='Consol BS-DTRG'!D62 -> 0 | AC61: ='Consol BS-DTRG'!E62 -> 0 | AD61: ='Consol BS-DTRG'!F62 -> 0 | AE61: ='Consol BS-DTRG'!G62 -> 0 | AF61: ='Consol BS-DTRG'!H62 -> 0 | AG61: ='Consol BS-DTRG'!I62 -> 0 | AH61: ='Consol BS-DTRG'!J62 -> 0 | AI61: ='Consol BS-DTRG'!K62 -> 0 | ... AM61: ='Consol BS-DTRG'!O62 -> 0
A62: 60 | B62: IV. Bất động sản đầu tư | D62: =SUM(D63:D64) -> 0 | E62: =SUM(E63:E64) -> 0 | F62: =SUM(F63:F64) -> 0 | G62: =SUM(G63:G64) -> 0 | H62: =SUM(H63:H64) -> 0 | I62: =SUM(I63:I64) -> 0 | J62: =SUM(J63:J64) -> 0 | K62: =SUM(K63:K64) -> 0 | ... AM62: =SUM(AM63:AM64) -> 0
A63: 61 | B63: Nguyên giá bất động sản đầu tư | C63: x | D63: ='[1]Tinh hinh tai chinh'!AN64 -> 0 | E63: ='[1]Tinh hinh tai chinh'!AO64 -> 0 | F63: ='[1]Tinh hinh tai chinh'!AP64 -> 0 | G63: ='[1]Tinh hinh tai chinh'!AQ64 -> 0 | H63: ='[1]Tinh hinh tai chinh'!AR64 -> 0 | I63: ='[1]Tinh hinh tai chinh'!AS64 -> 0 | J63: ='[1]Tinh hinh tai chinh'!AT64 -> 0 | K63: ='[1]Tinh hinh tai chinh'!AU64 -> 0 | ... AA63: ='[1]Tinh hinh tai chinh'!BK64 -> 0 | AB63: ='Consol BS-DTRG'!D64 -> 0 | AC63: ='Consol BS-DTRG'!E64 -> 0 | AD63: ='Consol BS-DTRG'!F64 -> 0 | AE63: ='Consol BS-DTRG'!G64 -> 0 | AF63: ='Consol BS-DTRG'!H64 -> 0 | AG63: ='Consol BS-DTRG'!I64 -> 0 | AH63: ='Consol BS-DTRG'!J64 -> 0 | AI63: ='Consol BS-DTRG'!K64 -> 0 | ... AM63: ='Consol BS-DTRG'!O64 -> 0
A64: 62 | B64: Giá trị hao mòn luỹ kế BĐSĐT(*) | C64: x | D64: ='[1]Tinh hinh tai chinh'!AN65 -> 0 | E64: ='[1]Tinh hinh tai chinh'!AO65 -> 0 | F64: ='[1]Tinh hinh tai chinh'!AP65 -> 0 | G64: ='[1]Tinh hinh tai chinh'!AQ65 -> 0 | H64: ='[1]Tinh hinh tai chinh'!AR65 -> 0 | I64: ='[1]Tinh hinh tai chinh'!AS65 -> 0 | J64: ='[1]Tinh hinh tai chinh'!AT65 -> 0 | K64: ='[1]Tinh hinh tai chinh'!AU65 -> 0 | ... AA64: ='[1]Tinh hinh tai chinh'!BK65 -> 0 | AB64: ='Consol BS-DTRG'!D65 -> 0 | AC64: ='Consol BS-DTRG'!E65 -> 0 | AD64: ='Consol BS-DTRG'!F65 -> 0 | AE64: ='Consol BS-DTRG'!G65 -> 0 | AF64: ='Consol BS-DTRG'!H65 -> 0 | AG64: ='Consol BS-DTRG'!I65 -> 0 | AH64: ='Consol BS-DTRG'!J65 -> 0 | AI64: ='Consol BS-DTRG'!K65 -> 0 | ... AM64: ='Consol BS-DTRG'!O65 -> 0
A65: 63 | B65: V.Tài sản dở dang dài hạn | D65: =SUM(D66:D67) -> 77329584118 | E65: =SUM(E66:E67) -> 77763600271 | F65: =SUM(F66:F67) -> 44952330241 | G65: =SUM(G66:G67) -> 41117545565 | H65: =SUM(H66:H67) -> 41598285505 | I65: =SUM(I66:I67) -> 45834019605 | J65: =SUM(J66:J67) -> 45620157237 | K65: =SUM(K66:K67) -> 43295611577 | ... AM65: =SUM(AM66:AM67) -> 0
A66: 64 | B66: 1.Chi phí sản xuất, kinh doanh dở dang dài hạn | C66: x | D66: ='[1]Tinh hinh tai chinh'!AN67 -> 419846709 | E66: ='[1]Tinh hinh tai chinh'!AO67 -> 408674531 | F66: ='[1]Tinh hinh tai chinh'!AP67 -> 403047661 | G66: ='[1]Tinh hinh tai chinh'!AQ67 -> 390879241 | H66: ='[1]Tinh hinh tai chinh'!AR67 -> 460263307 | I66: ='[1]Tinh hinh tai chinh'!AS67 -> 598268760 | J66: ='[1]Tinh hinh tai chinh'!AT67 -> 546898463 | K66: ='[1]Tinh hinh tai chinh'!AU67 -> 461756176 | ... AA66: ='[1]Tinh hinh tai chinh'!BK67 -> 10176000 | AB66: ='Consol BS-DTRG'!D67 -> 0 | AC66: ='Consol BS-DTRG'!E67 -> 0 | AD66: ='Consol BS-DTRG'!F67 -> 0 | AE66: ='Consol BS-DTRG'!G67 -> 0 | AF66: ='Consol BS-DTRG'!H67 -> 0 | AG66: ='Consol BS-DTRG'!I67 -> 0 | AH66: ='Consol BS-DTRG'!J67 -> 0 | AI66: ='Consol BS-DTRG'!K67 -> 0 | ... AM66: ='Consol BS-DTRG'!O67 -> 0
A67: 65 | B67: 2.Chi phí xây dựng cơ bản dở dang | C67: x | D67: ='[1]Tinh hinh tai chinh'!AN68 -> 76909737409 | E67: ='[1]Tinh hinh tai chinh'!AO68 -> 77354925740 | F67: ='[1]Tinh hinh tai chinh'!AP68 -> 44549282580 | G67: ='[1]Tinh hinh tai chinh'!AQ68 -> 40726666324 | H67: ='[1]Tinh hinh tai chinh'!AR68 -> 41138022198 | I67: ='[1]Tinh hinh tai chinh'!AS68 -> 45235750845 | J67: ='[1]Tinh hinh tai chinh'!AT68 -> 45073258774 | K67: ='[1]Tinh hinh tai chinh'!AU68 -> 42833855401 | ... AA67: ='[1]Tinh hinh tai chinh'!BK68 -> 64584000344 | AB67: ='Consol BS-DTRG'!D68 -> 0 | AC67: ='Consol BS-DTRG'!E68 -> 0 | AD67: ='Consol BS-DTRG'!F68 -> 0 | AE67: ='Consol BS-DTRG'!G68 -> 0 | AF67: ='Consol BS-DTRG'!H68 -> 0 | AG67: ='Consol BS-DTRG'!I68 -> 0 | AH67: ='Consol BS-DTRG'!J68 -> 0 | AI67: ='Consol BS-DTRG'!K68 -> 0 | ... AM67: ='Consol BS-DTRG'!O68 -> 0
A68: 66 | B68: VI.Đầu tư tài chính dài hạn | D68: =SUM(D69:D74) -> 0 | E68: =SUM(E69:E74) -> 0 | F68: =SUM(F69:F74) -> 0 | G68: =SUM(G69:G74) -> 0 | H68: =SUM(H69:H74) -> 0 | I68: =SUM(I69:I74) -> 0 | J68: =SUM(J69:J74) -> 0 | K68: =SUM(K69:K74) -> 0 | ... AM68: =SUM(AM69:AM74) -> 930823092
A69: 67 | B69: 1.Đầu tư vào công ty con | C69: x | D69: ='[1]Tinh hinh tai chinh'!AN70 -> 0 | E69: ='[1]Tinh hinh tai chinh'!AO70 -> 0 | F69: ='[1]Tinh hinh tai chinh'!AP70 -> 0 | G69: ='[1]Tinh hinh tai chinh'!AQ70 -> 0 | H69: ='[1]Tinh hinh tai chinh'!AR70 -> 0 | I69: ='[1]Tinh hinh tai chinh'!AS70 -> 0 | J69: ='[1]Tinh hinh tai chinh'!AT70 -> 0 | K69: ='[1]Tinh hinh tai chinh'!AU70 -> 0 | ... AA69: ='[1]Tinh hinh tai chinh'!BK70 -> 0 | AB69: ='Consol BS-DTRG'!D70 -> 0 | AC69: ='Consol BS-DTRG'!E70 -> 0 | AD69: ='Consol BS-DTRG'!F70 -> 0 | AE69: ='Consol BS-DTRG'!G70 -> 0 | AF69: ='Consol BS-DTRG'!H70 -> 0 | AG69: ='Consol BS-DTRG'!I70 -> 0 | AH69: ='Consol BS-DTRG'!J70 -> 0 | AI69: ='Consol BS-DTRG'!K70 -> 0 | ... AM69: ='Consol BS-DTRG'!O70 -> 0
A70: 68 | B70: 2.Đầu tư vào công ty liên doanh, liên kết | C70: x | D70: ='[1]Tinh hinh tai chinh'!AN71 -> 0 | E70: ='[1]Tinh hinh tai chinh'!AO71 -> 0 | F70: ='[1]Tinh hinh tai chinh'!AP71 -> 0 | G70: ='[1]Tinh hinh tai chinh'!AQ71 -> 0 | H70: ='[1]Tinh hinh tai chinh'!AR71 -> 0 | I70: ='[1]Tinh hinh tai chinh'!AS71 -> 0 | J70: ='[1]Tinh hinh tai chinh'!AT71 -> 0 | K70: ='[1]Tinh hinh tai chinh'!AU71 -> 0 | ... AA70: ='[1]Tinh hinh tai chinh'!BK71 -> 0 | AB70: ='Consol BS-DTRG'!D71 -> 0 | AC70: ='Consol BS-DTRG'!E71 -> 0 | AD70: ='Consol BS-DTRG'!F71 -> 0 | AE70: ='Consol BS-DTRG'!G71 -> 0 | AF70: ='Consol BS-DTRG'!H71 -> 0 | AG70: ='Consol BS-DTRG'!I71 -> 0 | AH70: ='Consol BS-DTRG'!J71 -> 0 | AI70: ='Consol BS-DTRG'!K71 -> 0 | ... AM70: ='Consol BS-DTRG'!O71 -> 0
A71: 69 | B71: 3.Đầu tư góp vốn vào đơn vị khác | C71: x | D71: ='[1]Tinh hinh tai chinh'!AN72 -> 0 | E71: ='[1]Tinh hinh tai chinh'!AO72 -> 0 | F71: ='[1]Tinh hinh tai chinh'!AP72 -> 0 | G71: ='[1]Tinh hinh tai chinh'!AQ72 -> 0 | H71: ='[1]Tinh hinh tai chinh'!AR72 -> 0 | I71: ='[1]Tinh hinh tai chinh'!AS72 -> 0 | J71: ='[1]Tinh hinh tai chinh'!AT72 -> 0 | K71: ='[1]Tinh hinh tai chinh'!AU72 -> 0 | ... AA71: ='[1]Tinh hinh tai chinh'!BK72 -> 0 | AB71: ='Consol BS-DTRG'!D72 -> 0 | AC71: ='Consol BS-DTRG'!E72 -> 0 | AD71: ='Consol BS-DTRG'!F72 -> 0 | AE71: ='Consol BS-DTRG'!G72 -> 0 | AF71: ='Consol BS-DTRG'!H72 -> 0 | AG71: ='Consol BS-DTRG'!I72 -> 0 | AH71: ='Consol BS-DTRG'!J72 -> 0 | AI71: ='Consol BS-DTRG'!K72 -> 0 | ... AM71: ='Consol BS-DTRG'!O72 -> 0
A72: 70 | B72: 4.Dự phòng tổn thất đầu tư vào đơn vị khác dài hạn(*) | C72: x | D72: ='[1]Tinh hinh tai chinh'!AN73 -> 0 | E72: ='[1]Tinh hinh tai chinh'!AO73 -> 0 | F72: ='[1]Tinh hinh tai chinh'!AP73 -> 0 | G72: ='[1]Tinh hinh tai chinh'!AQ73 -> 0 | H72: ='[1]Tinh hinh tai chinh'!AR73 -> 0 | I72: ='[1]Tinh hinh tai chinh'!AS73 -> 0 | J72: ='[1]Tinh hinh tai chinh'!AT73 -> 0 | K72: ='[1]Tinh hinh tai chinh'!AU73 -> 0 | ... AA72: ='[1]Tinh hinh tai chinh'!BK73 -> 0 | AB72: ='Consol BS-DTRG'!D73 -> 0 | AC72: ='Consol BS-DTRG'!E73 -> 0 | AD72: ='Consol BS-DTRG'!F73 -> 0 | AE72: ='Consol BS-DTRG'!G73 -> 0 | AF72: ='Consol BS-DTRG'!H73 -> 0 | AG72: ='Consol BS-DTRG'!I73 -> 0 | AH72: ='Consol BS-DTRG'!J73 -> 0 | AI72: ='Consol BS-DTRG'!K73 -> 0 | ... AM72: ='Consol BS-DTRG'!O73 -> 0
A73: 71 | B73: 5.Đầu tư nắm giữ đến ngày đáo hạn dài hạn | C73: x | D73: ='[1]Tinh hinh tai chinh'!AN74 -> 0 | E73: ='[1]Tinh hinh tai chinh'!AO74 -> 0 | F73: ='[1]Tinh hinh tai chinh'!AP74 -> 0 | G73: ='[1]Tinh hinh tai chinh'!AQ74 -> 0 | H73: ='[1]Tinh hinh tai chinh'!AR74 -> 0 | I73: ='[1]Tinh hinh tai chinh'!AS74 -> 0 | J73: ='[1]Tinh hinh tai chinh'!AT74 -> 0 | K73: ='[1]Tinh hinh tai chinh'!AU74 -> 0 | ... AA73: ='[1]Tinh hinh tai chinh'!BK74 -> 0 | AB73: ='Consol BS-DTRG'!D74 -> 930823092 | AC73: ='Consol BS-DTRG'!E74 -> 930823092 | AD73: ='Consol BS-DTRG'!F74 -> 930823092 | AE73: ='Consol BS-DTRG'!G74 -> 930823092 | AF73: ='Consol BS-DTRG'!H74 -> 930823092 | AG73: ='Consol BS-DTRG'!I74 -> 930823092 | AH73: ='Consol BS-DTRG'!J74 -> 930823092 | AI73: ='Consol BS-DTRG'!K74 -> 930823092 | ... AM73: ='Consol BS-DTRG'!O74 -> 930823092
A74: 72 | B74: 6.Dự phòng đầu tư nắm giữ đến ngày đáo hạn dài hạn (*) | C74: x | D74: ='[1]Tinh hinh tai chinh'!AN75 -> 0 | E74: ='[1]Tinh hinh tai chinh'!AO75 -> 0 | F74: ='[1]Tinh hinh tai chinh'!AP75 -> 0 | G74: ='[1]Tinh hinh tai chinh'!AQ75 -> 0 | H74: ='[1]Tinh hinh tai chinh'!AR75 -> 0 | I74: ='[1]Tinh hinh tai chinh'!AS75 -> 0 | J74: ='[1]Tinh hinh tai chinh'!AT75 -> 0 | K74: ='[1]Tinh hinh tai chinh'!AU75 -> 0 | ... AA74: ='[1]Tinh hinh tai chinh'!BK75 -> 0 | AB74: ='Consol BS-DTRG'!D75 -> 0 | AC74: ='Consol BS-DTRG'!E75 -> 0 | AD74: ='Consol BS-DTRG'!F75 -> 0 | AE74: ='Consol BS-DTRG'!G75 -> 0 | AF74: ='Consol BS-DTRG'!H75 -> 0 | AG74: ='Consol BS-DTRG'!I75 -> 0 | AH74: ='Consol BS-DTRG'!J75 -> 0 | AI74: ='Consol BS-DTRG'!K75 -> 0 | ... AM74: ='Consol BS-DTRG'!O75 -> 0
A75: 73 | B75: VII.Tài sản dài hạn khác | D75: =SUM(D76:D79) -> 5400042499 | E75: =SUM(E76:E79) -> 5122374256 | F75: =SUM(F76:F79) -> 6108142400 | G75: =SUM(G76:G79) -> 6691697581 | H75: =SUM(H76:H79) -> 6073217039 | I75: =SUM(I76:I79) -> 5922983520 | J75: =SUM(J76:J79) -> 6293381718 | K75: =SUM(K76:K79) -> 7144685884 | ... AM75: =SUM(AM76:AM79) -> 9780622175
A76: 74 | B76: 1.Chi phí chờ phân bổ dài hạn | C76: x | D76: ='[1]Tinh hinh tai chinh'!AN77 -> 5400042499 | E76: ='[1]Tinh hinh tai chinh'!AO77 -> 5122374256 | F76: ='[1]Tinh hinh tai chinh'!AP77 -> 6108142400 | G76: ='[1]Tinh hinh tai chinh'!AQ77 -> 6691697581 | H76: ='[1]Tinh hinh tai chinh'!AR77 -> 6073217039 | I76: ='[1]Tinh hinh tai chinh'!AS77 -> 5922983520 | J76: ='[1]Tinh hinh tai chinh'!AT77 -> 6293381718 | K76: ='[1]Tinh hinh tai chinh'!AU77 -> 7144685884 | ... AA76: ='[1]Tinh hinh tai chinh'!BK77 -> 11187207755 | AB76: ='Consol BS-DTRG'!D77 -> 8664232905 | AC76: ='Consol BS-DTRG'!E77 -> 8664232905 | AD76: ='Consol BS-DTRG'!F77 -> 8664232905 | AE76: ='Consol BS-DTRG'!G77 -> 8664232905 | AF76: ='Consol BS-DTRG'!H77 -> 8664232905 | AG76: ='Consol BS-DTRG'!I77 -> 8664232905 | AH76: ='Consol BS-DTRG'!J77 -> 8664232905 | AI76: ='Consol BS-DTRG'!K77 -> 8664232905 | ... AM76: ='Consol BS-DTRG'!O77 -> 8664232905
A77: 75 | B77: 2.Tài sản thuế thu nhập hoãn lại | C77: x | D77: ='[1]Tinh hinh tai chinh'!AN78 -> 0 | E77: ='[1]Tinh hinh tai chinh'!AO78 -> 0 | F77: ='[1]Tinh hinh tai chinh'!AP78 -> 0 | G77: ='[1]Tinh hinh tai chinh'!AQ78 -> 0 | H77: ='[1]Tinh hinh tai chinh'!AR78 -> 0 | I77: ='[1]Tinh hinh tai chinh'!AS78 -> 0 | J77: ='[1]Tinh hinh tai chinh'!AT78 -> 0 | K77: ='[1]Tinh hinh tai chinh'!AU78 -> 0 | ... AA77: ='[1]Tinh hinh tai chinh'!BK78 -> 0 | AB77: ='Consol BS-DTRG'!D78 -> 0 | AC77: ='Consol BS-DTRG'!E78 -> 0 | AD77: ='Consol BS-DTRG'!F78 -> 0 | AE77: ='Consol BS-DTRG'!G78 -> 0 | AF77: ='Consol BS-DTRG'!H78 -> 0 | AG77: ='Consol BS-DTRG'!I78 -> 0 | AH77: ='Consol BS-DTRG'!J78 -> 0 | AI77: ='Consol BS-DTRG'!K78 -> 0 | ... AM77: ='Consol BS-DTRG'!O78 -> 0
A78: 76 | B78: 3.Thiết bị, vật tư, phụ tùng thay thế dài hạn | C78: x | D78: ='[1]Tinh hinh tai chinh'!AN79 -> 0 | E78: ='[1]Tinh hinh tai chinh'!AO79 -> 0 | F78: ='[1]Tinh hinh tai chinh'!AP79 -> 0 | G78: ='[1]Tinh hinh tai chinh'!AQ79 -> 0 | H78: ='[1]Tinh hinh tai chinh'!AR79 -> 0 | I78: ='[1]Tinh hinh tai chinh'!AS79 -> 0 | J78: ='[1]Tinh hinh tai chinh'!AT79 -> 0 | K78: ='[1]Tinh hinh tai chinh'!AU79 -> 0 | ... AA78: ='[1]Tinh hinh tai chinh'!BK79 -> 0 | AB78: ='Consol BS-DTRG'!D79 -> 0 | AC78: ='Consol BS-DTRG'!E79 -> 0 | AD78: ='Consol BS-DTRG'!F79 -> 0 | AE78: ='Consol BS-DTRG'!G79 -> 0 | AF78: ='Consol BS-DTRG'!H79 -> 0 | AG78: ='Consol BS-DTRG'!I79 -> 0 | AH78: ='Consol BS-DTRG'!J79 -> 0 | AI78: ='Consol BS-DTRG'!K79 -> 0 | ... AM78: ='Consol BS-DTRG'!O79 -> 0
A79: 77 | B79: 4.Tài sản dài hạn khác | C79: x | D79: ='[1]Tinh hinh tai chinh'!AN80 -> 0 | E79: ='[1]Tinh hinh tai chinh'!AO80 -> 0 | F79: ='[1]Tinh hinh tai chinh'!AP80 -> 0 | G79: ='[1]Tinh hinh tai chinh'!AQ80 -> 0 | H79: ='[1]Tinh hinh tai chinh'!AR80 -> 0 | I79: ='[1]Tinh hinh tai chinh'!AS80 -> 0 | J79: ='[1]Tinh hinh tai chinh'!AT80 -> 0 | K79: ='[1]Tinh hinh tai chinh'!AU80 -> 0 | ... AA79: ='[1]Tinh hinh tai chinh'!BK80 -> 0 | AB79: ='Consol BS-DTRG'!D80 -> 1116389270 | AC79: ='Consol BS-DTRG'!E80 -> 1116389270 | AD79: ='Consol BS-DTRG'!F80 -> 1116389270 | AE79: ='Consol BS-DTRG'!G80 -> 1116389270 | AF79: ='Consol BS-DTRG'!H80 -> 1116389270 | AG79: ='Consol BS-DTRG'!I80 -> 1116389270 | AH79: ='Consol BS-DTRG'!J80 -> 1116389270 | AI79: ='Consol BS-DTRG'!K80 -> 1116389270 | ... AM79: ='Consol BS-DTRG'!O80 -> 1116389270
A80: 78 | B80: TỔNG TÀI SẢN | D80: =D3+D35 -> 1175130402352 | E80: =E3+E35 -> 1156870558457 | F80: =F3+F35 -> 1.1935024e+12 | G80: =G3+G35 -> 1.2545406e+12 | H80: =H3+H35 -> 1298938884161 | I80: =I3+I35 -> 1325603983311 | J80: =J3+J35 -> 1267478798902 | K80: =K3+K35 -> 1218289415966 | ... AM80: =AM3+AM35 -> 1.9956483e+12
A81: 79 | B81: C-NỢ PHẢI TRẢ | D81: =D82+D98 -> 319278887594 | E81: =E82+E98 -> 307757355551 | F81: =F82+F98 -> 3.4713248e+11 | G81: =G82+G98 -> 4.0650239e+11 | H81: =H82+H98 -> 456592470300 | I81: =I82+I98 -> 495400218095 | J81: =J82+J98 -> 452469310020 | K81: =K82+K98 -> 413326872943 | ... AM81: =AM82+AM98 -> 1.0163374e+12
A82: 80 | B82: I.Nợ ngắn hạn | D82: =SUM(D83:D97) -> 208892476524 | E82: =SUM(E83:E97) -> 197465004481 | F82: =SUM(F83:F97) -> 2.3689912e+11 | G82: =SUM(G83:G97) -> 2.9656423e+11 | H82: =SUM(H83:H97) -> 348607602622 | I82: =SUM(I83:I97) -> 386086182417 | J82: =SUM(J83:J97) -> 343042467734 | K82: =SUM(K83:K97) -> 304557090657 | ... AM82: =SUM(AM83:AM97) -> 5.703149e+11
A83: 81 | B83: 1.Phải trả người bán ngắn hạn | C83: x | D83: ='[1]Tinh hinh tai chinh'!AN84 -> 82949409956 | E83: ='[1]Tinh hinh tai chinh'!AO84 -> 85403340041 | F83: ='[1]Tinh hinh tai chinh'!AP84 -> 89847500656 | G83: ='[1]Tinh hinh tai chinh'!AQ84 -> 92084070378 | H83: ='[1]Tinh hinh tai chinh'!AR84 -> 97185029412 | I83: ='[1]Tinh hinh tai chinh'!AS84 -> 129200888383 | J83: ='[1]Tinh hinh tai chinh'!AT84 -> 101456785709 | K83: ='[1]Tinh hinh tai chinh'!AU84 -> 115528799746 | ... AA83: ='[1]Tinh hinh tai chinh'!BK84 -> 28643819309 | AB83: ='Consol BS-DTRG'!D84 -> 5.616334e+10 | AC83: ='Consol BS-DTRG'!E84 -> 5.5630213e+10 | AD83: ='Consol BS-DTRG'!F84 -> 6.02125e+10 | AE83: ='Consol BS-DTRG'!G84 -> 5.9518699e+10 | AF83: ='Consol BS-DTRG'!H84 -> 6.1795022e+10 | AG83: ='Consol BS-DTRG'!I84 -> 6.2581722e+10 | AH83: ='Consol BS-DTRG'!J84 -> 6.1948852e+10 | AI83: ='Consol BS-DTRG'!K84 -> 6.0689509e+10 | ... AM83: ='Consol BS-DTRG'!O84 -> 6.3583554e+10
A84: 82 | B84: 2.Người mua trả tiền trước ngắn hạn | C84: x | D84: ='[1]Tinh hinh tai chinh'!AN85 -> 4031903040 | E84: ='[1]Tinh hinh tai chinh'!AO85 -> 0 | F84: ='[1]Tinh hinh tai chinh'!AP85 -> -540918440 | G84: ='[1]Tinh hinh tai chinh'!AQ85 -> 4278155246 | H84: ='[1]Tinh hinh tai chinh'!AR85 -> 14753134850 | I84: ='[1]Tinh hinh tai chinh'!AS85 -> 36030101433 | J84: ='[1]Tinh hinh tai chinh'!AT85 -> 34757495667 | K84: ='[1]Tinh hinh tai chinh'!AU85 -> 16991723009 | ... AA84: ='[1]Tinh hinh tai chinh'!BK85 -> 17509392514 | AB84: ='Consol BS-DTRG'!D85 -> 5995670638 | AC84: ='Consol BS-DTRG'!E85 -> 5995670638 | AD84: ='Consol BS-DTRG'!F85 -> 5995670638 | AE84: ='Consol BS-DTRG'!G85 -> 5995670638 | AF84: ='Consol BS-DTRG'!H85 -> 5995670638 | AG84: ='Consol BS-DTRG'!I85 -> 5995670638 | AH84: ='Consol BS-DTRG'!J85 -> 5995670638 | AI84: ='Consol BS-DTRG'!K85 -> 5995670638 | ... AM84: ='Consol BS-DTRG'!O85 -> 5995670638
A85: 83 | B85: 3.Phải trả cổ tức, lợi nhuận | C85: x | D85: ='[1]Tinh hinh tai chinh'!AN86 -> 0 | E85: ='[1]Tinh hinh tai chinh'!AO86 -> 0 | F85: ='[1]Tinh hinh tai chinh'!AP86 -> 0 | G85: ='[1]Tinh hinh tai chinh'!AQ86 -> 0 | H85: ='[1]Tinh hinh tai chinh'!AR86 -> 0 | I85: ='[1]Tinh hinh tai chinh'!AS86 -> 0 | J85: ='[1]Tinh hinh tai chinh'!AT86 -> 0 | K85: ='[1]Tinh hinh tai chinh'!AU86 -> 0 | ... AA85: ='[1]Tinh hinh tai chinh'!BK86 -> 0 | AB85: ='Consol BS-DTRG'!D86 -> 0 | AC85: ='Consol BS-DTRG'!E86 -> 0 | AD85: ='Consol BS-DTRG'!F86 -> 0 | AE85: ='Consol BS-DTRG'!G86 -> 0 | AF85: ='Consol BS-DTRG'!H86 -> 0 | AG85: ='Consol BS-DTRG'!I86 -> 0 | AH85: ='Consol BS-DTRG'!J86 -> 0 | AI85: ='Consol BS-DTRG'!K86 -> 0 | ... AM85: ='Consol BS-DTRG'!O86 -> 0
A86: 84 | B86: 4.Thuế và các khoản phải nộp Nhà nước ngắn hạn | C86: x | D86: ='[1]Tinh hinh tai chinh'!AN87 -> 10498883610 | E86: ='[1]Tinh hinh tai chinh'!AO87 -> 3689814164 | F86: ='[1]Tinh hinh tai chinh'!AP87 -> 4062755871 | G86: ='[1]Tinh hinh tai chinh'!AQ87 -> 1384290807 | H86: ='[1]Tinh hinh tai chinh'!AR87 -> 2308850961 | I86: ='[1]Tinh hinh tai chinh'!AS87 -> 3118570444 | J86: ='[1]Tinh hinh tai chinh'!AT87 -> 1058457452 | K86: ='[1]Tinh hinh tai chinh'!AU87 -> 1211020482 | ... AA86: ='[1]Tinh hinh tai chinh'!BK87 -> 8223438377 | AB86: ='Consol BS-DTRG'!D87 -> 3074628856 | AC86: ='Consol BS-DTRG'!E87 -> 3074628856 | AD86: ='Consol BS-DTRG'!F87 -> 3074628856 | AE86: ='Consol BS-DTRG'!G87 -> 3074628856 | AF86: ='Consol BS-DTRG'!H87 -> 3074628856 | AG86: ='Consol BS-DTRG'!I87 -> 3074628856 | AH86: ='Consol BS-DTRG'!J87 -> 3074628856 | AI86: ='Consol BS-DTRG'!K87 -> 3074628856 | ... AM86: ='Consol BS-DTRG'!O87 -> 3074628856
A87: 85 | B87: 5.Phải trả người lao động | C87: x | D87: ='[1]Tinh hinh tai chinh'!AN88 -> 11362712285 | E87: ='[1]Tinh hinh tai chinh'!AO88 -> 7261112290 | F87: ='[1]Tinh hinh tai chinh'!AP88 -> 7584838673 | G87: ='[1]Tinh hinh tai chinh'!AQ88 -> 8802335330 | H87: ='[1]Tinh hinh tai chinh'!AR88 -> 8252419463 | I87: ='[1]Tinh hinh tai chinh'!AS88 -> 8124186029 | J87: ='[1]Tinh hinh tai chinh'!AT88 -> 7811815324 | K87: ='[1]Tinh hinh tai chinh'!AU88 -> 457937876 | ... AA87: ='[1]Tinh hinh tai chinh'!BK88 -> 10866562186 | AB87: ='Consol BS-DTRG'!D88 -> 9132322907 | AC87: ='Consol BS-DTRG'!E88 -> 9132322907 | AD87: ='Consol BS-DTRG'!F88 -> 9132322907 | AE87: ='Consol BS-DTRG'!G88 -> 9132322907 | AF87: ='Consol BS-DTRG'!H88 -> 9132322907 | AG87: ='Consol BS-DTRG'!I88 -> 9132322907 | AH87: ='Consol BS-DTRG'!J88 -> 9132322907 | AI87: ='Consol BS-DTRG'!K88 -> 9132322907 | ... AM87: ='Consol BS-DTRG'!O88 -> 9132322907
A88: 86 | B88: 6.Chi phí phải trả ngắn hạn | C88: x | D88: ='[1]Tinh hinh tai chinh'!AN89 -> 16153446903 | E88: ='[1]Tinh hinh tai chinh'!AO89 -> 22420169080 | F88: ='[1]Tinh hinh tai chinh'!AP89 -> 7052345407 | G88: ='[1]Tinh hinh tai chinh'!AQ89 -> 17025705880 | H88: ='[1]Tinh hinh tai chinh'!AR89 -> 26551396101 | I88: ='[1]Tinh hinh tai chinh'!AS89 -> 9643768625 | J88: ='[1]Tinh hinh tai chinh'!AT89 -> 19498083536 | K88: ='[1]Tinh hinh tai chinh'!AU89 -> 32054507492 | ... AA88: ='[1]Tinh hinh tai chinh'!BK89 -> 20102188452 | AB88: ='Consol BS-DTRG'!D89 -> 4328544862 | AC88: ='Consol BS-DTRG'!E89 -> 4328544862 | AD88: ='Consol BS-DTRG'!F89 -> 4328544862 | AE88: ='Consol BS-DTRG'!G89 -> 4328544862 | AF88: ='Consol BS-DTRG'!H89 -> 4328544862 | AG88: ='Consol BS-DTRG'!I89 -> 4328544862 | AH88: ='Consol BS-DTRG'!J89 -> 4328544862 | AI88: ='Consol BS-DTRG'!K89 -> 4328544862 | ... AM88: ='Consol BS-DTRG'!O89 -> 4328544862
A89: 87 | B89: 7.Phải trả nội bộ ngắn hạn | C89: x | D89: ='[1]Tinh hinh tai chinh'!AN90 -> 0 | E89: ='[1]Tinh hinh tai chinh'!AO90 -> 0 | F89: ='[1]Tinh hinh tai chinh'!AP90 -> 0 | G89: ='[1]Tinh hinh tai chinh'!AQ90 -> 0 | H89: ='[1]Tinh hinh tai chinh'!AR90 -> 0 | I89: ='[1]Tinh hinh tai chinh'!AS90 -> 0 | J89: ='[1]Tinh hinh tai chinh'!AT90 -> 0 | K89: ='[1]Tinh hinh tai chinh'!AU90 -> 0 | ... AA89: ='[1]Tinh hinh tai chinh'!BK90 -> 0 | AB89: ='Consol BS-DTRG'!D90 -> 0 | AC89: ='Consol BS-DTRG'!E90 -> 0 | AD89: ='Consol BS-DTRG'!F90 -> 0 | AE89: ='Consol BS-DTRG'!G90 -> 0 | AF89: ='Consol BS-DTRG'!H90 -> 0 | AG89: ='Consol BS-DTRG'!I90 -> 0 | AH89: ='Consol BS-DTRG'!J90 -> 0 | AI89: ='Consol BS-DTRG'!K90 -> 0 | ... AM89: ='Consol BS-DTRG'!O90 -> 0
A90: 88 | B90: 8.Phải trả theo tiến độ hợp đồng xây dựng ngắn hạn | C90: x | D90: ='[1]Tinh hinh tai chinh'!AN91 -> 0 | E90: ='[1]Tinh hinh tai chinh'!AO91 -> 0 | F90: ='[1]Tinh hinh tai chinh'!AP91 -> 0 | G90: ='[1]Tinh hinh tai chinh'!AQ91 -> 0 | H90: ='[1]Tinh hinh tai chinh'!AR91 -> 0 | I90: ='[1]Tinh hinh tai chinh'!AS91 -> 0 | J90: ='[1]Tinh hinh tai chinh'!AT91 -> 0 | K90: ='[1]Tinh hinh tai chinh'!AU91 -> 0 | ... AA90: ='[1]Tinh hinh tai chinh'!BK91 -> 0 | AB90: ='Consol BS-DTRG'!D91 -> 0 | AC90: ='Consol BS-DTRG'!E91 -> 0 | AD90: ='Consol BS-DTRG'!F91 -> 0 | AE90: ='Consol BS-DTRG'!G91 -> 0 | AF90: ='Consol BS-DTRG'!H91 -> 0 | AG90: ='Consol BS-DTRG'!I91 -> 0 | AH90: ='Consol BS-DTRG'!J91 -> 0 | AI90: ='Consol BS-DTRG'!K91 -> 0 | ... AM90: ='Consol BS-DTRG'!O91 -> 0
A91: 89 | B91: 9.Doanh thu chờ phân bổ ngắn hạn | C91: x | D91: ='[1]Tinh hinh tai chinh'!AN92 -> 0 | E91: ='[1]Tinh hinh tai chinh'!AO92 -> 0 | F91: ='[1]Tinh hinh tai chinh'!AP92 -> 0 | G91: ='[1]Tinh hinh tai chinh'!AQ92 -> 0 | H91: ='[1]Tinh hinh tai chinh'!AR92 -> 0 | I91: ='[1]Tinh hinh tai chinh'!AS92 -> 0 | J91: ='[1]Tinh hinh tai chinh'!AT92 -> 0 | K91: ='[1]Tinh hinh tai chinh'!AU92 -> 0 | ... AA91: ='[1]Tinh hinh tai chinh'!BK92 -> 0 | AB91: ='Consol BS-DTRG'!D92 -> 0 | AC91: ='Consol BS-DTRG'!E92 -> 0 | AD91: ='Consol BS-DTRG'!F92 -> 0 | AE91: ='Consol BS-DTRG'!G92 -> 0 | AF91: ='Consol BS-DTRG'!H92 -> 0 | AG91: ='Consol BS-DTRG'!I92 -> 0 | AH91: ='Consol BS-DTRG'!J92 -> 0 | AI91: ='Consol BS-DTRG'!K92 -> 0 | ... AM91: ='Consol BS-DTRG'!O92 -> 0
A92: 90 | B92: 10.Phải trả ngắn hạn khác | C92: x | D92: ='[1]Tinh hinh tai chinh'!AN93 -> 20696481661 | E92: ='[1]Tinh hinh tai chinh'!AO93 -> 20595840087 | F92: ='[1]Tinh hinh tai chinh'!AP93 -> 2.6813126e+10 | G92: ='[1]Tinh hinh tai chinh'!AQ93 -> 2.7765489e+10 | H92: ='[1]Tinh hinh tai chinh'!AR93 -> 20403961843 | I92: ='[1]Tinh hinh tai chinh'!AS93 -> 8973254724 | J92: ='[1]Tinh hinh tai chinh'!AT93 -> 9334621417 | K92: ='[1]Tinh hinh tai chinh'!AU93 -> 12038191666 | ... AA92: ='[1]Tinh hinh tai chinh'!BK93 -> 9.5587101e+09 | AB92: ='Consol BS-DTRG'!D93 -> 2.9838478e+10 | AC92: ='Consol BS-DTRG'!E93 -> 2.9838478e+10 | AD92: ='Consol BS-DTRG'!F93 -> 2.9838478e+10 | AE92: ='Consol BS-DTRG'!G93 -> 2.9838478e+10 | AF92: ='Consol BS-DTRG'!H93 -> 2.9838478e+10 | AG92: ='Consol BS-DTRG'!I93 -> 2.9838478e+10 | AH92: ='Consol BS-DTRG'!J93 -> 2.9838478e+10 | AI92: ='Consol BS-DTRG'!K93 -> 2.9838478e+10 | ... AM92: ='Consol BS-DTRG'!O93 -> 2.9838478e+10
A93: 91 | B93: 11.Vay và nợ thuê tài chính ngắn hạn | C93: x | D93: ='[1]Tinh hinh tai chinh'!AN94 -> 62822745245 | E93: ='[1]Tinh hinh tai chinh'!AO94 -> 57847834995 | F93: ='[1]Tinh hinh tai chinh'!AP94 -> 101832582537 | G93: ='[1]Tinh hinh tai chinh'!AQ94 -> 144977288403 | H93: ='[1]Tinh hinh tai chinh'!AR94 -> 178905916168 | I93: ='[1]Tinh hinh tai chinh'!AS94 -> 190748518955 | J93: ='[1]Tinh hinh tai chinh'!AT94 -> 168894814805 | K93: ='[1]Tinh hinh tai chinh'!AU94 -> 126048766562 | ... AA93: ='[1]Tinh hinh tai chinh'!BK94 -> 262225979238 | AB93: ='Consol BS-DTRG'!D94 -> 294078721445 | AC93: ='Consol BS-DTRG'!E94 -> 331627178376 | AD93: ='Consol BS-DTRG'!F94 -> 392636530267 | AE93: ='Consol BS-DTRG'!G94 -> 386819772291 | AF93: ='Consol BS-DTRG'!H94 -> 386642514778 | AG93: ='Consol BS-DTRG'!I94 -> 430042514778 | AH93: ='Consol BS-DTRG'!J94 -> 408942514778 | AI93: ='Consol BS-DTRG'!K94 -> 405942514778 | ... AM93: ='Consol BS-DTRG'!O94 -> 4.5292507e+11
A94: 92 | B94: 12.Dự phòng phải trả ngắn hạn | C94: x | D94: ='[1]Tinh hinh tai chinh'!AN95 -> 0 | E94: ='[1]Tinh hinh tai chinh'!AO95 -> 0 | F94: ='[1]Tinh hinh tai chinh'!AP95 -> 0 | G94: ='[1]Tinh hinh tai chinh'!AQ95 -> 0 | H94: ='[1]Tinh hinh tai chinh'!AR95 -> 0 | I94: ='[1]Tinh hinh tai chinh'!AS95 -> 0 | J94: ='[1]Tinh hinh tai chinh'!AT95 -> 0 | K94: ='[1]Tinh hinh tai chinh'!AU95 -> 0 | ... AA94: ='[1]Tinh hinh tai chinh'!BK95 -> 0 | AB94: ='Consol BS-DTRG'!D95 -> 0 | AC94: ='Consol BS-DTRG'!E95 -> 0 | AD94: ='Consol BS-DTRG'!F95 -> 0 | AE94: ='Consol BS-DTRG'!G95 -> 0 | AF94: ='Consol BS-DTRG'!H95 -> 0 | AG94: ='Consol BS-DTRG'!I95 -> 0 | AH94: ='Consol BS-DTRG'!J95 -> 0 | AI94: ='Consol BS-DTRG'!K95 -> 0 | ... AM94: ='Consol BS-DTRG'!O95 -> 0
... A97: 95 | B97: 15.Giao dịch mua bán lại trái phiếu Chính phủ | C97: x | D97: ='[1]Tinh hinh tai chinh'!AN98 -> 0 | E97: ='[1]Tinh hinh tai chinh'!AO98 -> 0 | F97: ='[1]Tinh hinh tai chinh'!AP98 -> 0 | G97: ='[1]Tinh hinh tai chinh'!AQ98 -> 0 | H97: ='[1]Tinh hinh tai chinh'!AR98 -> 0 | I97: ='[1]Tinh hinh tai chinh'!AS98 -> 0 | J97: ='[1]Tinh hinh tai chinh'!AT98 -> 0 | K97: ='[1]Tinh hinh tai chinh'!AU98 -> 0 | ... AA97: ='[1]Tinh hinh tai chinh'!BK98 -> 0 | AB97: ='Consol BS-DTRG'!D98 -> 0 | AC97: ='Consol BS-DTRG'!E98 -> 0 | AD97: ='Consol BS-DTRG'!F98 -> 0 | AE97: ='Consol BS-DTRG'!G98 -> 0 | AF97: ='Consol BS-DTRG'!H98 -> 0 | AG97: ='Consol BS-DTRG'!I98 -> 0 | AH97: ='Consol BS-DTRG'!J98 -> 0 | AI97: ='Consol BS-DTRG'!K98 -> 0 | ... AM97: ='Consol BS-DTRG'!O98 -> 0
A98: 96 | B98: II.Nợ dài hạn | D98: =SUM(D99:D112) -> 110386411070 | E98: =SUM(E99:E112) -> 110292351070 | F98: =SUM(F99:F112) -> 110233351070 | G98: =SUM(G99:G112) -> 109938157678 | H98: =SUM(H99:H112) -> 107984867678 | I98: =SUM(I99:I112) -> 109314035678 | J98: =SUM(J99:J112) -> 109426842286 | K98: =SUM(K99:K112) -> 108769782286 | ... AM98: =SUM(AM99:AM112) -> 4.4602245e+11
A99: 97 | B99: 1.Phải trả người bán dài hạn | C99: x | D99: ='[1]Tinh hinh tai chinh'!AN100 -> 0 | E99: ='[1]Tinh hinh tai chinh'!AO100 -> 0 | F99: ='[1]Tinh hinh tai chinh'!AP100 -> 0 | G99: ='[1]Tinh hinh tai chinh'!AQ100 -> 0 | H99: ='[1]Tinh hinh tai chinh'!AR100 -> 0 | I99: ='[1]Tinh hinh tai chinh'!AS100 -> 0 | J99: ='[1]Tinh hinh tai chinh'!AT100 -> 0 | K99: ='[1]Tinh hinh tai chinh'!AU100 -> 0 | ... AA99: ='[1]Tinh hinh tai chinh'!BK100 -> 0 | AB99: ='Consol BS-DTRG'!D100 -> 0 | AC99: ='Consol BS-DTRG'!E100 -> 0 | AD99: ='Consol BS-DTRG'!F100 -> 0 | AE99: ='Consol BS-DTRG'!G100 -> 0 | AF99: ='Consol BS-DTRG'!H100 -> 0 | AG99: ='Consol BS-DTRG'!I100 -> 0 | AH99: ='Consol BS-DTRG'!J100 -> 0 | AI99: ='Consol BS-DTRG'!K100 -> 0 | ... AM99: ='Consol BS-DTRG'!O100 -> 0
A100: 98 | B100: 2.Người mua trả tiền trước dài hạn | C100: x | D100: ='[1]Tinh hinh tai chinh'!AN101 -> 0 | E100: ='[1]Tinh hinh tai chinh'!AO101 -> 0 | F100: ='[1]Tinh hinh tai chinh'!AP101 -> 0 | G100: ='[1]Tinh hinh tai chinh'!AQ101 -> 0 | H100: ='[1]Tinh hinh tai chinh'!AR101 -> 0 | I100: ='[1]Tinh hinh tai chinh'!AS101 -> 0 | J100: ='[1]Tinh hinh tai chinh'!AT101 -> 0 | K100: ='[1]Tinh hinh tai chinh'!AU101 -> 0 | ... AA100: ='[1]Tinh hinh tai chinh'!BK101 -> 0 | AB100: ='Consol BS-DTRG'!D101 -> 0 | AC100: ='Consol BS-DTRG'!E101 -> 0 | AD100: ='Consol BS-DTRG'!F101 -> 0 | AE100: ='Consol BS-DTRG'!G101 -> 0 | AF100: ='Consol BS-DTRG'!H101 -> 0 | AG100: ='Consol BS-DTRG'!I101 -> 0 | AH100: ='Consol BS-DTRG'!J101 -> 0 | AI100: ='Consol BS-DTRG'!K101 -> 0 | ... AM100: ='Consol BS-DTRG'!O101 -> 0
A101: 99 | B101: 3.Thuế và các khoản phải nộp Nhà nước dài hạn | C101: x | D101: ='[1]Tinh hinh tai chinh'!AN102 -> 0 | E101: ='[1]Tinh hinh tai chinh'!AO102 -> 0 | F101: ='[1]Tinh hinh tai chinh'!AP102 -> 0 | G101: ='[1]Tinh hinh tai chinh'!AQ102 -> 0 | H101: ='[1]Tinh hinh tai chinh'!AR102 -> 0 | I101: ='[1]Tinh hinh tai chinh'!AS102 -> 0 | J101: ='[1]Tinh hinh tai chinh'!AT102 -> 0 | K101: ='[1]Tinh hinh tai chinh'!AU102 -> 0 | ... AA101: ='[1]Tinh hinh tai chinh'!BK102 -> 0 | AB101: ='Consol BS-DTRG'!D102 -> 0 | AC101: ='Consol BS-DTRG'!E102 -> 0 | AD101: ='Consol BS-DTRG'!F102 -> 0 | AE101: ='Consol BS-DTRG'!G102 -> 0 | AF101: ='Consol BS-DTRG'!H102 -> 0 | AG101: ='Consol BS-DTRG'!I102 -> 0 | AH101: ='Consol BS-DTRG'!J102 -> 0 | AI101: ='Consol BS-DTRG'!K102 -> 0 | ... AM101: ='Consol BS-DTRG'!O102 -> 0
A102: 100 | B102: 4.Chi phí phải trả dài hạn | C102: x | D102: ='[1]Tinh hinh tai chinh'!AN103 -> 0 | E102: ='[1]Tinh hinh tai chinh'!AO103 -> 0 | F102: ='[1]Tinh hinh tai chinh'!AP103 -> 0 | G102: ='[1]Tinh hinh tai chinh'!AQ103 -> 0 | H102: ='[1]Tinh hinh tai chinh'!AR103 -> 0 | I102: ='[1]Tinh hinh tai chinh'!AS103 -> 0 | J102: ='[1]Tinh hinh tai chinh'!AT103 -> 0 | K102: ='[1]Tinh hinh tai chinh'!AU103 -> 0 | ... AA102: ='[1]Tinh hinh tai chinh'!BK103 -> 0 | AB102: ='Consol BS-DTRG'!D103 -> 0 | AC102: ='Consol BS-DTRG'!E103 -> 0 | AD102: ='Consol BS-DTRG'!F103 -> 0 | AE102: ='Consol BS-DTRG'!G103 -> 0 | AF102: ='Consol BS-DTRG'!H103 -> 0 | AG102: ='Consol BS-DTRG'!I103 -> 0 | AH102: ='Consol BS-DTRG'!J103 -> 0 | AI102: ='Consol BS-DTRG'!K103 -> 0 | ... AM102: ='Consol BS-DTRG'!O103 -> 0
A103: 101 | B103: 5.Phải trả nội bộ về vốn kinh doanh | C103: x | D103: ='[1]Tinh hinh tai chinh'!AN104 -> 0 | E103: ='[1]Tinh hinh tai chinh'!AO104 -> 0 | F103: ='[1]Tinh hinh tai chinh'!AP104 -> 0 | G103: ='[1]Tinh hinh tai chinh'!AQ104 -> 0 | H103: ='[1]Tinh hinh tai chinh'!AR104 -> 0 | I103: ='[1]Tinh hinh tai chinh'!AS104 -> 0 | J103: ='[1]Tinh hinh tai chinh'!AT104 -> 0 | K103: ='[1]Tinh hinh tai chinh'!AU104 -> 0 | ... AA103: ='[1]Tinh hinh tai chinh'!BK104 -> 0 | AB103: ='Consol BS-DTRG'!D104 -> 0 | AC103: ='Consol BS-DTRG'!E104 -> 0 | AD103: ='Consol BS-DTRG'!F104 -> 0 | AE103: ='Consol BS-DTRG'!G104 -> 0 | AF103: ='Consol BS-DTRG'!H104 -> 0 | AG103: ='Consol BS-DTRG'!I104 -> 0 | AH103: ='Consol BS-DTRG'!J104 -> 0 | AI103: ='Consol BS-DTRG'!K104 -> 0 | ... AM103: ='Consol BS-DTRG'!O104 -> 0
...

Sheet >>>PL

Sheet SO SÁNH PL
B1: GROUP TÁI CHẾ
B2: VND
A3: Index PL | B3: PHẦN II-KẾT QUẢ HOẠT ĐỘNG KINH DOANH | D3: 3 TRẠM | U3: HỢP NHẤT
D4: Version Mới | E4: Đồng Lâm | F4: Khánh Nga | G4: Đại Lộc | H4: Version Cũ | I4: Đồng Lâm | J4: Khánh Nga | K4: Đại Lộc | L4: +/- | M4: +/- Đồng Lâm | N4: +/- Khánh Nga | O4: +/- Đại Lộc | P4: %+/- | Q4: %+/- Đồng Lâm | R4: %+/- Khánh Nga | S4: %+/- Đại Lộc | U4: Version Mới | V4: Version Cũ | W4: +/- | X4: %+/-
A5: 1 | B5: Sản lượng (tấn) | D5: =SUM(D6:D8) -> 30121.928 | E5: =SUM(E6:E8) -> 11305.142 | F5: =SUM(F6:F8) -> 7116 | G5: =SUM(G6:G8) -> 11700.786 | H5: =SUM(H6:H8) -> 29233.917 | I5: =SUM(I6:I8) -> 11696.882 | J5: =SUM(J6:J8) -> 7116 | K5: =SUM(K6:K8) -> 10421.035 | L5: =D5-H5 -> 888.01073 | M5: =E5-I5 -> -391.74027 | N5: =F5-J5 -> 0 | O5: =G5-K5 -> 1279.751 | P5: =IFERROR(L5/H5,0) -> 0.030376043 | Q5: =IFERROR(M5/I5,0) -> -0.033490999 | R5: =IFERROR(N5/J5,0) -> 0 | S5: =IFERROR(O5/K5,0) -> 0.1228046 | U5: =SUM(U6:U8) -> 55000 | V5: =SUM(V6:V8) -> 55000 | W5: =U5-V5 -> 0 | X5: =IFERROR(W5/V5,0) -> 0
A6: SL-BN | B6: Bán ngoài | D6: =SUM(E6:G6) -> 0 | E6: ='Consol PL-DTRG'!CG6 -> 0 | F6: ='Consol PL-DTRG'!CU6 -> 0 | G6: ='Consol PL-DTRG'!DI6 -> 0 | H6: =SUM(I6:K6) -> 0 | I6: ='Consol PL-DTRG-Cũ'!CG6 -> 0 | J6: ='Consol PL-DTRG-Cũ'!CU6 -> 0 | K6: ='Consol PL-DTRG-Cũ'!DI6 -> 0 | L6: =D6-H6 -> 0 | M6: =E6-I6 -> 0 | N6: =F6-J6 -> 0 | O6: =G6-K6 -> 0 | P6: =IFERROR(L6/H6,0) -> 0 | Q6: =IFERROR(M6/I6,0) -> 0 | R6: =IFERROR(N6/J6,0) -> 0 | S6: =IFERROR(O6/K6,0) -> 0 | U6: ='Consol PL-DTRG'!O6 -> 55000 | V6: ='Consol PL-DTRG-Cũ'!O6 -> 55000 | W6: =U6-V6 -> 0 | X6: =IFERROR(W6/V6,0) -> 0
A7: SL-MC | B7: Mẹ-Con | D7: =SUM(E7:G7) -> 30121.928 | E7: ='Consol PL-DTRG'!CG7 -> 11305.142 | F7: ='Consol PL-DTRG'!CU7 -> 7116 | G7: ='Consol PL-DTRG'!DI7 -> 11700.786 | H7: =SUM(I7:K7) -> 29233.917 | I7: ='Consol PL-DTRG-Cũ'!CG7 -> 11696.882 | J7: ='Consol PL-DTRG-Cũ'!CU7 -> 7116 | K7: ='Consol PL-DTRG-Cũ'!DI7 -> 10421.035 | L7: =D7-H7 -> 888.01073 | M7: =E7-I7 -> -391.74027 | N7: =F7-J7 -> 0 | O7: =G7-K7 -> 1279.751 | P7: =IFERROR(L7/H7,0) -> 0.030376043 | Q7: =IFERROR(M7/I7,0) -> -0.033490999 | R7: =IFERROR(N7/J7,0) -> 0 | S7: =IFERROR(O7/K7,0) -> 0.1228046 | U7: ='Consol PL-DTRG'!O7 -> 0 | V7: ='Consol PL-DTRG-Cũ'!O7 -> 0 | W7: =U7-V7 -> 0 | X7: =IFERROR(W7/V7,0) -> 0
A8: SL-CC | B8: Con-Con | D8: =SUM(E8:G8) -> 0 | E8: ='Consol PL-DTRG'!CG8 -> 0 | F8: ='Consol PL-DTRG'!CU8 -> 0 | G8: ='Consol PL-DTRG'!DI8 -> 0 | H8: =SUM(I8:K8) -> 0 | I8: ='Consol PL-DTRG-Cũ'!CG8 -> 0 | J8: ='Consol PL-DTRG-Cũ'!CU8 -> 0 | K8: ='Consol PL-DTRG-Cũ'!DI8 -> 0 | L8: =D8-H8 -> 0 | M8: =E8-I8 -> 0 | N8: =F8-J8 -> 0 | O8: =G8-K8 -> 0 | P8: =IFERROR(L8/H8,0) -> 0 | Q8: =IFERROR(M8/I8,0) -> 0 | R8: =IFERROR(N8/J8,0) -> 0 | S8: =IFERROR(O8/K8,0) -> 0 | U8: ='Consol PL-DTRG'!O8 -> 0 | V8: ='Consol PL-DTRG-Cũ'!O8 -> 0 | W8: =U8-V8 -> 0 | X8: =IFERROR(W8/V8,0) -> 0
A9: 2 | B9: 1.Doanh thu bán hàng và cung cấp dịch vụ | D9: =SUM(D10:D12) -> 458198101250 | E9: =SUM(E10:E12) -> 177488853750 | F9: =SUM(F10:F12) -> 99594000000 | G9: =SUM(G10:G12) -> 181115247500 | H9: =SUM(H10:H12) -> 441436738250 | I9: =SUM(I10:I12) -> 182794810750 | J9: =SUM(J10:J12) -> 99594000000 | K9: =SUM(K10:K12) -> 159047927500 | L9: =D9-H9 -> 16761363000 | M9: =E9-I9 -> -5305957000 | N9: =F9-J9 -> 0 | O9: =G9-K9 -> 22067320000 | P9: =IFERROR(L9/H9,0) -> 0.037970023 | Q9: =IFERROR(M9/I9,0) -> -0.029026847 | R9: =IFERROR(N9/J9,0) -> 0 | S9: =IFERROR(O9/K9,0) -> 0.13874635 | U9: =SUM(U10:U12) -> 1.6787476e+12 | V9: =SUM(V10:V12) -> 1.6787476e+12 | W9: =U9-V9 -> 0 | X9: =IFERROR(W9/V9,0) -> 0
A10: 511-BN | B10: Bán ngoài | D10: =SUM(E10:G10) -> 0 | E10: ='Consol PL-DTRG'!CG10 -> 0 | F10: ='Consol PL-DTRG'!CU10 -> 0 | G10: ='Consol PL-DTRG'!DI10 -> 0 | H10: =SUM(I10:K10) -> 0 | I10: ='Consol PL-DTRG-Cũ'!CG10 -> 0 | J10: ='Consol PL-DTRG-Cũ'!CU10 -> 0 | K10: ='Consol PL-DTRG-Cũ'!DI10 -> 0 | L10: =D10-H10 -> 0 | M10: =E10-I10 -> 0 | N10: =F10-J10 -> 0 | O10: =G10-K10 -> 0 | P10: =IFERROR(L10/H10,0) -> 0 | Q10: =IFERROR(M10/I10,0) -> 0 | R10: =IFERROR(N10/J10,0) -> 0 | S10: =IFERROR(O10/K10,0) -> 0 | U10: ='Consol PL-DTRG'!O10 -> 1.6787476e+12 | V10: ='Consol PL-DTRG-Cũ'!O10 -> 1.6787476e+12 | W10: =U10-V10 -> 0 | X10: =IFERROR(W10/V10,0) -> 0
A11: 511-MC | B11: Mẹ-Con | D11: =SUM(E11:G11) -> 458198101250 | E11: ='Consol PL-DTRG'!CG11 -> 177488853750 | F11: ='Consol PL-DTRG'!CU11 -> 99594000000 | G11: ='Consol PL-DTRG'!DI11 -> 181115247500 | H11: =SUM(I11:K11) -> 441436738250 | I11: ='Consol PL-DTRG-Cũ'!CG11 -> 182794810750 | J11: ='Consol PL-DTRG-Cũ'!CU11 -> 99594000000 | K11: ='Consol PL-DTRG-Cũ'!DI11 -> 159047927500 | L11: =D11-H11 -> 16761363000 | M11: =E11-I11 -> -5305957000 | N11: =F11-J11 -> 0 | O11: =G11-K11 -> 22067320000 | P11: =IFERROR(L11/H11,0) -> 0.037970023 | Q11: =IFERROR(M11/I11,0) -> -0.029026847 | R11: =IFERROR(N11/J11,0) -> 0 | S11: =IFERROR(O11/K11,0) -> 0.13874635 | U11: ='Consol PL-DTRG'!O11 -> 0 | V11: ='Consol PL-DTRG-Cũ'!O11 -> 0 | W11: =U11-V11 -> 0 | X11: =IFERROR(W11/V11,0) -> 0
A12: 511-CC | B12: Con-Con | D12: =SUM(E12:G12) -> 0 | E12: ='Consol PL-DTRG'!CG12 -> 0 | F12: ='Consol PL-DTRG'!CU12 -> 0 | G12: ='Consol PL-DTRG'!DI12 -> 0 | H12: =SUM(I12:K12) -> 0 | I12: ='Consol PL-DTRG-Cũ'!CG12 -> 0 | J12: ='Consol PL-DTRG-Cũ'!CU12 -> 0 | K12: ='Consol PL-DTRG-Cũ'!DI12 -> 0 | L12: =D12-H12 -> 0 | M12: =E12-I12 -> 0 | N12: =F12-J12 -> 0 | O12: =G12-K12 -> 0 | P12: =IFERROR(L12/H12,0) -> 0 | Q12: =IFERROR(M12/I12,0) -> 0 | R12: =IFERROR(N12/J12,0) -> 0 | S12: =IFERROR(O12/K12,0) -> 0 | U12: ='Consol PL-DTRG'!O12 -> 0 | V12: ='Consol PL-DTRG-Cũ'!O12 -> 0 | W12: =U12-V12 -> 0 | X12: =IFERROR(W12/V12,0) -> 0
A13: 3 | B13: 2.Các khoản giảm trừ doanh thu | D13: =SUM(D14:D16) -> 0 | E13: =SUM(E14:E16) -> 0 | F13: =SUM(F14:F16) -> 0 | G13: =SUM(G14:G16) -> 0 | H13: =SUM(H14:H16) -> 0 | I13: =SUM(I14:I16) -> 0 | J13: =SUM(J14:J16) -> 0 | K13: =SUM(K14:K16) -> 0 | L13: =D13-H13 -> 0 | M13: =E13-I13 -> 0 | N13: =F13-J13 -> 0 | O13: =G13-K13 -> 0 | P13: =IFERROR(L13/H13,0) -> 0 | Q13: =IFERROR(M13/I13,0) -> 0 | R13: =IFERROR(N13/J13,0) -> 0 | S13: =IFERROR(O13/K13,0) -> 0 | U13: =SUM(U14:U16) -> 0 | V13: =SUM(V14:V16) -> 0 | W13: =U13-V13 -> 0 | X13: =IFERROR(W13/V13,0) -> 0
A14: 521-BN | B14: Bán ngoài | D14: =SUM(E14:G14) -> 0 | E14: ='Consol PL-DTRG'!CG14 -> 0 | F14: ='Consol PL-DTRG'!CU14 -> 0 | G14: ='Consol PL-DTRG'!DI14 -> 0 | H14: =SUM(I14:K14) -> 0 | I14: ='Consol PL-DTRG-Cũ'!CG14 -> 0 | J14: ='Consol PL-DTRG-Cũ'!CU14 -> 0 | K14: ='Consol PL-DTRG-Cũ'!DI14 -> 0 | L14: =D14-H14 -> 0 | M14: =E14-I14 -> 0 | N14: =F14-J14 -> 0 | O14: =G14-K14 -> 0 | P14: =IFERROR(L14/H14,0) -> 0 | Q14: =IFERROR(M14/I14,0) -> 0 | R14: =IFERROR(N14/J14,0) -> 0 | S14: =IFERROR(O14/K14,0) -> 0 | U14: ='Consol PL-DTRG'!O14 -> 0 | V14: ='Consol PL-DTRG-Cũ'!O14 -> 0 | W14: =U14-V14 -> 0 | X14: =IFERROR(W14/V14,0) -> 0
A15: 521-MC | B15: Mẹ-Con | D15: =SUM(E15:G15) -> 0 | E15: ='Consol PL-DTRG'!CG15 -> 0 | F15: ='Consol PL-DTRG'!CU15 -> 0 | G15: ='Consol PL-DTRG'!DI15 -> 0 | H15: =SUM(I15:K15) -> 0 | I15: ='Consol PL-DTRG-Cũ'!CG15 -> 0 | J15: ='Consol PL-DTRG-Cũ'!CU15 -> 0 | K15: ='Consol PL-DTRG-Cũ'!DI15 -> 0 | L15: =D15-H15 -> 0 | M15: =E15-I15 -> 0 | N15: =F15-J15 -> 0 | O15: =G15-K15 -> 0 | P15: =IFERROR(L15/H15,0) -> 0 | Q15: =IFERROR(M15/I15,0) -> 0 | R15: =IFERROR(N15/J15,0) -> 0 | S15: =IFERROR(O15/K15,0) -> 0 | U15: ='Consol PL-DTRG'!O15 -> 0 | V15: ='Consol PL-DTRG-Cũ'!O15 -> 0 | W15: =U15-V15 -> 0 | X15: =IFERROR(W15/V15,0) -> 0
A16: 521-CC | B16: Con-Con | D16: =SUM(E16:G16) -> 0 | E16: ='Consol PL-DTRG'!CG16 -> 0 | F16: ='Consol PL-DTRG'!CU16 -> 0 | G16: ='Consol PL-DTRG'!DI16 -> 0 | H16: =SUM(I16:K16) -> 0 | I16: ='Consol PL-DTRG-Cũ'!CG16 -> 0 | J16: ='Consol PL-DTRG-Cũ'!CU16 -> 0 | K16: ='Consol PL-DTRG-Cũ'!DI16 -> 0 | L16: =D16-H16 -> 0 | M16: =E16-I16 -> 0 | N16: =F16-J16 -> 0 | O16: =G16-K16 -> 0 | P16: =IFERROR(L16/H16,0) -> 0 | Q16: =IFERROR(M16/I16,0) -> 0 | R16: =IFERROR(N16/J16,0) -> 0 | S16: =IFERROR(O16/K16,0) -> 0 | U16: ='Consol PL-DTRG'!O16 -> 0 | V16: ='Consol PL-DTRG-Cũ'!O16 -> 0 | W16: =U16-V16 -> 0 | X16: =IFERROR(W16/V16,0) -> 0
A17: 4 | B17: 3.Doanh thu thuần về bán hàng và cung cấp dịch vụ | D17: =SUM(D18:D20) -> 458198101250 | E17: =SUM(E18:E20) -> 177488853750 | F17: =SUM(F18:F20) -> 99594000000 | G17: =SUM(G18:G20) -> 181115247500 | H17: =SUM(H18:H20) -> 441436738250 | I17: =SUM(I18:I20) -> 182794810750 | J17: =SUM(J18:J20) -> 99594000000 | K17: =SUM(K18:K20) -> 159047927500 | L17: =D17-H17 -> 16761363000 | M17: =E17-I17 -> -5305957000 | N17: =F17-J17 -> 0 | O17: =G17-K17 -> 22067320000 | P17: =IFERROR(L17/H17,0) -> 0.037970023 | Q17: =IFERROR(M17/I17,0) -> -0.029026847 | R17: =IFERROR(N17/J17,0) -> 0 | S17: =IFERROR(O17/K17,0) -> 0.13874635 | U17: =SUM(U18:U20) -> 1.6787476e+12 | V17: =SUM(V18:V20) -> 1.6787476e+12 | W17: =U17-V17 -> 0 | X17: =IFERROR(W17/V17,0) -> 0
A18: DTT-BN | B18: Bán ngoài | D18: =D10-D14 -> 0 | E18: =E10-E14 -> 0 | F18: =F10-F14 -> 0 | G18: =G10-G14 -> 0 | H18: =H10-H14 -> 0 | I18: =I10-I14 -> 0 | J18: =J10-J14 -> 0 | K18: =K10-K14 -> 0 | L18: =D18-H18 -> 0 | M18: =E18-I18 -> 0 | N18: =F18-J18 -> 0 | O18: =G18-K18 -> 0 | P18: =IFERROR(L18/H18,0) -> 0 | Q18: =IFERROR(M18/I18,0) -> 0 | R18: =IFERROR(N18/J18,0) -> 0 | S18: =IFERROR(O18/K18,0) -> 0 | U18: =U10-U14 -> 1.6787476e+12 | V18: =V10-V14 -> 1.6787476e+12 | W18: =U18-V18 -> 0 | X18: =IFERROR(W18/V18,0) -> 0
A19: DTT-MC | B19: Mẹ-Con | D19: =D11-D15 -> 458198101250 | E19: =E11-E15 -> 177488853750 | F19: =F11-F15 -> 99594000000 | G19: =G11-G15 -> 181115247500 | H19: =H11-H15 -> 441436738250 | I19: =I11-I15 -> 182794810750 | J19: =J11-J15 -> 99594000000 | K19: =K11-K15 -> 159047927500 | L19: =D19-H19 -> 16761363000 | M19: =E19-I19 -> -5305957000 | N19: =F19-J19 -> 0 | O19: =G19-K19 -> 22067320000 | P19: =IFERROR(L19/H19,0) -> 0.037970023 | Q19: =IFERROR(M19/I19,0) -> -0.029026847 | R19: =IFERROR(N19/J19,0) -> 0 | S19: =IFERROR(O19/K19,0) -> 0.13874635 | U19: =U11-U15 -> 0 | V19: =V11-V15 -> 0 | W19: =U19-V19 -> 0 | X19: =IFERROR(W19/V19,0) -> 0
A20: DTT-CC | B20: Con-Con | D20: =D12-D16 -> 0 | E20: =E12-E16 -> 0 | F20: =F12-F16 -> 0 | G20: =G12-G16 -> 0 | H20: =H12-H16 -> 0 | I20: =I12-I16 -> 0 | J20: =J12-J16 -> 0 | K20: =K12-K16 -> 0 | L20: =D20-H20 -> 0 | M20: =E20-I20 -> 0 | N20: =F20-J20 -> 0 | O20: =G20-K20 -> 0 | P20: =IFERROR(L20/H20,0) -> 0 | Q20: =IFERROR(M20/I20,0) -> 0 | R20: =IFERROR(N20/J20,0) -> 0 | S20: =IFERROR(O20/K20,0) -> 0 | U20: =U12-U16 -> 0 | V20: =V12-V16 -> 0 | W20: =U20-V20 -> 0 | X20: =IFERROR(W20/V20,0) -> 0
A21: 5 | B21: 4.Giá vốn hàng bán | D21: =SUM(D22:D24)-D25+D26 -> 4.3419899e+11 | E21: =SUM(E22:E24)-E25+E26 -> 1.6798997e+11 | F21: =SUM(F22:F24)-F25+F26 -> 9.2113709e+10 | G21: =SUM(G22:G24)-G25+G26 -> 1.7409531e+11 | H21: =SUM(H22:H24)-H25+H26 -> 4.3957128e+11 | I21: =SUM(I22:I24)-I25+I26 -> 1.8419241e+11 | J21: =SUM(J22:J24)-J25+J26 -> 9.4520064e+10 | K21: =SUM(K22:K24)-K25+K26 -> 1.6085881e+11 | L21: =D21-H21 -> -5.3722971e+09 | M21: =E21-I21 -> -1.6202441e+10 | N21: =F21-J21 -> -2.4063549e+09 | O21: =G21-K21 -> 1.3236499e+10 | P21: =IFERROR(L21/H21,0) -> -0.012221674 | Q21: =IFERROR(M21/I21,0) -> -0.08796476 | R21: =IFERROR(N21/J21,0) -> -0.025458668 | S21: =IFERROR(O21/K21,0) -> 0.082286439 | U21: =SUM(U22:U24)-U25+U26 -> 1.3991907e+12 | V21: =SUM(V22:V24)-V25+V26 -> 1.4141767e+12 | W21: =U21-V21 -> -1.4986055e+10 | X21: =IFERROR(W21/V21,0) -> -0.010597017
A22: 632-BN | B22: Bán ngoài | D22: =SUM(E22:G22) -> 0 | E22: ='Consol PL-DTRG'!CG22 -> 0 | F22: ='Consol PL-DTRG'!CU22 -> 0 | G22: ='Consol PL-DTRG'!DI22 -> 0 | H22: =SUM(I22:K22) -> 0 | I22: ='Consol PL-DTRG-Cũ'!CG22 -> 0 | J22: ='Consol PL-DTRG-Cũ'!CU22 -> 0 | K22: ='Consol PL-DTRG-Cũ'!DI22 -> 0 | L22: =D22-H22 -> 0 | M22: =E22-I22 -> 0 | N22: =F22-J22 -> 0 | O22: =G22-K22 -> 0 | P22: =IFERROR(L22/H22,0) -> 0 | Q22: =IFERROR(M22/I22,0) -> 0 | R22: =IFERROR(N22/J22,0) -> 0 | S22: =IFERROR(O22/K22,0) -> 0 | U22: ='Consol PL-DTRG'!O22 -> 1.4160422e+12 | V22: ='Consol PL-DTRG-Cũ'!O22 -> 1.4160422e+12 | W22: =U22-V22 -> 0 | X22: =IFERROR(W22/V22,0) -> 0
A23: 632-MC | B23: Mẹ-Con | D23: =SUM(E23:G23) -> 4.3419899e+11 | E23: ='Consol PL-DTRG'!CG23 -> 1.6798997e+11 | F23: ='Consol PL-DTRG'!CU23 -> 9.2113709e+10 | G23: ='Consol PL-DTRG'!DI23 -> 1.7409531e+11 | H23: =SUM(I23:K23) -> 4.3957128e+11 | I23: ='Consol PL-DTRG-Cũ'!CG23 -> 1.8419241e+11 | J23: ='Consol PL-DTRG-Cũ'!CU23 -> 9.4520064e+10 | K23: ='Consol PL-DTRG-Cũ'!DI23 -> 1.6085881e+11 | L23: =D23-H23 -> -5.3722971e+09 | M23: =E23-I23 -> -1.6202441e+10 | N23: =F23-J23 -> -2.4063549e+09 | O23: =G23-K23 -> 1.3236499e+10 | P23: =IFERROR(L23/H23,0) -> -0.012221674 | Q23: =IFERROR(M23/I23,0) -> -0.08796476 | R23: =IFERROR(N23/J23,0) -> -0.025458668 | S23: =IFERROR(O23/K23,0) -> 0.082286439 | U23: ='Consol PL-DTRG'!O23 -> -2.3999115e+10 | V23: ='Consol PL-DTRG-Cũ'!O23 -> -1.8654548e+09 | W23: =U23-V23 -> -2.213366e+10 | X23: =IFERROR(W23/V23,0) -> 11.865021
A24: 632-CC | B24: Con-Con | D24: =SUM(E24:G24) -> 0 | E24: ='Consol PL-DTRG'!CG24 -> 0 | F24: ='Consol PL-DTRG'!CU24 -> 0 | G24: ='Consol PL-DTRG'!DI24 -> 0 | H24: =SUM(I24:K24) -> 0 | I24: ='Consol PL-DTRG-Cũ'!CG24 -> 0 | J24: ='Consol PL-DTRG-Cũ'!CU24 -> 0 | K24: ='Consol PL-DTRG-Cũ'!DI24 -> 0 | L24: =D24-H24 -> 0 | M24: =E24-I24 -> 0 | N24: =F24-J24 -> 0 | O24: =G24-K24 -> 0 | P24: =IFERROR(L24/H24,0) -> 0 | Q24: =IFERROR(M24/I24,0) -> 0 | R24: =IFERROR(N24/J24,0) -> 0 | S24: =IFERROR(O24/K24,0) -> 0 | U24: ='Consol PL-DTRG'!O24 -> 0 | V24: ='Consol PL-DTRG-Cũ'!O24 -> 0 | W24: =U24-V24 -> 0 | X24: =IFERROR(W24/V24,0) -> 0
A25: URP-DK | B25: URP đầu kỳ | L25: =D25-H25 -> 0 | M25: =E25-I25 -> 0 | N25: =F25-J25 -> 0 | O25: =G25-K25 -> 0 | P25: =IFERROR(L25/H25,0) -> 0 | Q25: =IFERROR(M25/I25,0) -> 0 | R25: =IFERROR(N25/J25,0) -> 0 | S25: =IFERROR(O25/K25,0) -> 0 | U25: ='Consol PL-DTRG'!O25 -> 0 | V25: ='Consol PL-DTRG-Cũ'!O25 -> 0 | W25: =U25-V25 -> 0 | X25: =IFERROR(W25/V25,0) -> 0
A26: URP-CK | B26: URP cuối kỳ | L26: =D26-H26 -> 0 | M26: =E26-I26 -> 0 | N26: =F26-J26 -> 0 | O26: =G26-K26 -> 0 | P26: =IFERROR(L26/H26,0) -> 0 | Q26: =IFERROR(M26/I26,0) -> 0 | R26: =IFERROR(N26/J26,0) -> 0 | S26: =IFERROR(O26/K26,0) -> 0 | U26: ='Consol PL-DTRG'!O26 -> 7.147605e+09 | V26: ='Consol PL-DTRG-Cũ'!O26 -> 0 | W26: =U26-V26 -> 7.147605e+09 | X26: =IFERROR(W26/V26,0) -> 0
A27: 6 | B27: 5.Lợi nhuận gộp về bán hàng | D27: =SUM(D28:D30) -> 2.3999115e+10 | E27: =SUM(E28:E30) -> 9.4988874e+09 | F27: =SUM(F28:F30) -> 7.4802912e+09 | G27: =SUM(G28:G30) -> 7.0199363e+09 | H27: =SUM(H28:H30) -> 1.8654548e+09 | I27: =SUM(I28:I30) -> -1.3975966e+09 | J27: =SUM(J28:J30) -> 5.0739363e+09 | K27: =SUM(K28:K30) -> -1.8108849e+09 | L27: =D27-H27 -> 2.213366e+10 | M27: =E27-I27 -> 1.0896484e+10 | N27: =F27-J27 -> 2.4063549e+09 | O27: =G27-K27 -> 8.8308212e+09 | P27: =IFERROR(L27/H27,0) -> 11.865021 | Q27: =IFERROR(M27/I27,0) -> -7.7965872 | R27: =IFERROR(N27/J27,0) -> 0.474258 | S27: =IFERROR(O27/K27,0) -> -4.8765227 | U27: =SUM(U28:U30) -> 2.7955694e+11 | V27: =SUM(V28:V30) -> 2.6457089e+11 | W27: =U27-V27 -> 1.4986055e+10 | X27: =IFERROR(W27/V27,0) -> 0.056642873
A28: LG-BN | B28: Bán ngoài | D28: =D18-D22+D25-D26 -> 0 | E28: =E18-E22+E25-E26 -> 0 | F28: =F18-F22+F25-F26 -> 0 | G28: =G18-G22+G25-G26 -> 0 | H28: =H18-H22+H25-H26 -> 0 | I28: =I18-I22+I25-I26 -> 0 | J28: =J18-J22+J25-J26 -> 0 | K28: =K18-K22+K25-K26 -> 0 | L28: =D28-H28 -> 0 | M28: =E28-I28 -> 0 | N28: =F28-J28 -> 0 | O28: =G28-K28 -> 0 | P28: =IFERROR(L28/H28,0) -> 0 | Q28: =IFERROR(M28/I28,0) -> 0 | R28: =IFERROR(N28/J28,0) -> 0 | S28: =IFERROR(O28/K28,0) -> 0 | U28: =U18-U22+U25-U26 -> 2.5555783e+11 | V28: =V18-V22+V25-V26 -> 2.6270543e+11 | W28: =U28-V28 -> -7.147605e+09 | X28: =IFERROR(W28/V28,0) -> -0.027207679
A29: LG-MC | B29: Mẹ-Con | D29: =D19-D23 -> 2.3999115e+10 | E29: =E19-E23 -> 9.4988874e+09 | F29: =F19-F23 -> 7.4802912e+09 | G29: =G19-G23 -> 7.0199363e+09 | H29: =H19-H23 -> 1.8654548e+09 | I29: =I19-I23 -> -1.3975966e+09 | J29: =J19-J23 -> 5.0739363e+09 | K29: =K19-K23 -> -1.8108849e+09 | L29: =D29-H29 -> 2.213366e+10 | M29: =E29-I29 -> 1.0896484e+10 | N29: =F29-J29 -> 2.4063549e+09 | O29: =G29-K29 -> 8.8308212e+09 | P29: =IFERROR(L29/H29,0) -> 11.865021 | Q29: =IFERROR(M29/I29,0) -> -7.7965872 | R29: =IFERROR(N29/J29,0) -> 0.474258 | S29: =IFERROR(O29/K29,0) -> -4.8765227 | U29: =U19-U23 -> 2.3999115e+10 | V29: =V19-V23 -> 1.8654548e+09 | W29: =U29-V29 -> 2.213366e+10 | X29: =IFERROR(W29/V29,0) -> 11.865021
A30: LG-CC | B30: Con-Con | D30: =D20-D24 -> 0 | E30: =E20-E24 -> 0 | F30: =F20-F24 -> 0 | G30: =G20-G24 -> 0 | H30: =H20-H24 -> 0 | I30: =I20-I24 -> 0 | J30: =J20-J24 -> 0 | K30: =K20-K24 -> 0 | L30: =D30-H30 -> 0 | M30: =E30-I30 -> 0 | N30: =F30-J30 -> 0 | O30: =G30-K30 -> 0 | P30: =IFERROR(L30/H30,0) -> 0 | Q30: =IFERROR(M30/I30,0) -> 0 | R30: =IFERROR(N30/J30,0) -> 0 | S30: =IFERROR(O30/K30,0) -> 0 | U30: =U20-U24 -> 0 | V30: =V20-V24 -> 0 | W30: =U30-V30 -> 0 | X30: =IFERROR(W30/V30,0) -> 0
B31: %LG | D31: =IFERROR(D27/D17,0) -> 0.052377159 | E31: =IFERROR(E27/E17,0) -> 0.053518219 | F31: =IFERROR(F27/F17,0) -> 0.07510785 | G31: =IFERROR(G27/G17,0) -> 0.038759499 | H31: =IFERROR(H27/H17,0) -> 0.0042258712 | I31: =IFERROR(I27/I17,0) -> -0.0076457128 | J31: =IFERROR(J27/J17,0) -> 0.050946205 | K31: =IFERROR(K27/K17,0) -> -0.011385781 | L31: =D31-H31 -> 0.048151288 | U31: =IFERROR(U27/U17,0) -> 0.16652708 | V31: =IFERROR(V27/V17,0) -> 0.15760015 | W31: =U31-V31 -> 0.0089269256
A32: 7 | B32: 6.Lãi/lỗ của hoạt động bán, thanh lý bất động sản đầu tư | D32: =SUM(D33:D35) -> 0 | E32: =SUM(E33:E35) -> 0 | F32: =SUM(F33:F35) -> 0 | G32: =SUM(G33:G35) -> 0 | H32: =SUM(H33:H35) -> 0 | I32: =SUM(I33:I35) -> 0 | J32: =SUM(J33:J35) -> 0 | K32: =SUM(K33:K35) -> 0 | L32: =D32-H32 -> 0 | M32: =E32-I32 -> 0 | N32: =F32-J32 -> 0 | O32: =G32-K32 -> 0 | P32: =IFERROR(L32/H32,0) -> 0 | Q32: =IFERROR(M32/I32,0) -> 0 | R32: =IFERROR(N32/J32,0) -> 0 | S32: =IFERROR(O32/K32,0) -> 0 | U32: =SUM(U33:U35) -> 0 | V32: =SUM(V33:V35) -> 0 | W32: =U32-V32 -> 0 | X32: =IFERROR(W32/V32,0) -> 0
A33: TL-TSCĐ-BN | B33: Bán ngoài | D33: =SUM(E33:G33) -> 0 | E33: ='Consol PL-DTRG'!CG32 -> 0 | F33: ='Consol PL-DTRG'!CU32 -> 0 | G33: ='Consol PL-DTRG'!DI32 -> 0 | H33: =SUM(I33:K33) -> 0 | I33: ='Consol PL-DTRG-Cũ'!CG32 -> 0 | J33: ='Consol PL-DTRG-Cũ'!CU32 -> 0 | K33: ='Consol PL-DTRG-Cũ'!DI32 -> 0 | L33: =D33-H33 -> 0 | M33: =E33-I33 -> 0 | N33: =F33-J33 -> 0 | O33: =G33-K33 -> 0 | P33: =IFERROR(L33/H33,0) -> 0 | Q33: =IFERROR(M33/I33,0) -> 0 | R33: =IFERROR(N33/J33,0) -> 0 | S33: =IFERROR(O33/K33,0) -> 0 | U33: ='Consol PL-DTRG'!O32 -> 0 | V33: ='Consol PL-DTRG-Cũ'!O32 -> 0 | W33: =U33-V33 -> 0 | X33: =IFERROR(W33/V33,0) -> 0
A34: TL-TSCĐ-MC | B34: Mẹ-Con | D34: =SUM(E34:G34) -> 0 | E34: ='Consol PL-DTRG'!CG33 -> 0 | F34: ='Consol PL-DTRG'!CU33 -> 0 | G34: ='Consol PL-DTRG'!DI33 -> 0 | H34: =SUM(I34:K34) -> 0 | I34: ='Consol PL-DTRG-Cũ'!CG33 -> 0 | J34: ='Consol PL-DTRG-Cũ'!CU33 -> 0 | K34: ='Consol PL-DTRG-Cũ'!DI33 -> 0 | L34: =D34-H34 -> 0 | M34: =E34-I34 -> 0 | N34: =F34-J34 -> 0 | O34: =G34-K34 -> 0 | P34: =IFERROR(L34/H34,0) -> 0 | Q34: =IFERROR(M34/I34,0) -> 0 | R34: =IFERROR(N34/J34,0) -> 0 | S34: =IFERROR(O34/K34,0) -> 0 | U34: ='Consol PL-DTRG'!O33 -> 0 | V34: ='Consol PL-DTRG-Cũ'!O33 -> 0 | W34: =U34-V34 -> 0 | X34: =IFERROR(W34/V34,0) -> 0
A35: TL-TSCĐ-CC | B35: Con-Con | D35: =SUM(E35:G35) -> 0 | E35: ='Consol PL-DTRG'!CG34 -> 0 | F35: ='Consol PL-DTRG'!CU34 -> 0 | G35: ='Consol PL-DTRG'!DI34 -> 0 | H35: =SUM(I35:K35) -> 0 | I35: ='Consol PL-DTRG-Cũ'!CG34 -> 0 | J35: ='Consol PL-DTRG-Cũ'!CU34 -> 0 | K35: ='Consol PL-DTRG-Cũ'!DI34 -> 0 | L35: =D35-H35 -> 0 | M35: =E35-I35 -> 0 | N35: =F35-J35 -> 0 | O35: =G35-K35 -> 0 | P35: =IFERROR(L35/H35,0) -> 0 | Q35: =IFERROR(M35/I35,0) -> 0 | R35: =IFERROR(N35/J35,0) -> 0 | S35: =IFERROR(O35/K35,0) -> 0 | U35: ='Consol PL-DTRG'!O34 -> 0 | V35: ='Consol PL-DTRG-Cũ'!O34 -> 0 | W35: =U35-V35 -> 0 | X35: =IFERROR(W35/V35,0) -> 0
A36: 8 | B36: 7.Doanh thu hoạt động tài chính | D36: =SUM(E36:G36) -> 150720000 | E36: ='Consol PL-DTRG'!CG35 -> 150000000 | F36: ='Consol PL-DTRG'!CU35 -> 720000 | G36: ='Consol PL-DTRG'!DI35 -> 0 | H36: =SUM(I36:K36) -> 150000000 | I36: ='Consol PL-DTRG-Cũ'!CG35 -> 150000000 | J36: ='Consol PL-DTRG-Cũ'!CU35 -> 0 | K36: ='Consol PL-DTRG-Cũ'!DI35 -> 0 | L36: =D36-H36 -> 720000 | M36: =E36-I36 -> 0 | N36: =F36-J36 -> 720000 | O36: =G36-K36 -> 0 | P36: =IFERROR(L36/H36,0) -> 0.0048 | Q36: =IFERROR(M36/I36,0) -> 0 | R36: =IFERROR(N36/J36,0) -> 0 | S36: =IFERROR(O36/K36,0) -> 0 | U36: ='Consol PL-DTRG'!O35 -> 1.5078658e+08 | V36: ='Consol PL-DTRG-Cũ'!O35 -> 1.5006658e+08 | W36: =U36-V36 -> 720000 | X36: =IFERROR(W36/V36,0) -> 0.0047978705
A37: 9 | B37: 8.Chi phí tài chính | D37: =SUM(E37:G37) -> 0 | E37: ='Consol PL-DTRG'!CG36 -> 0 | F37: ='Consol PL-DTRG'!CU36 -> 0 | G37: ='Consol PL-DTRG'!DI36 -> 0 | H37: =SUM(I37:K37) -> 0 | I37: ='Consol PL-DTRG-Cũ'!CG36 -> 0 | J37: ='Consol PL-DTRG-Cũ'!CU36 -> 0 | K37: ='Consol PL-DTRG-Cũ'!DI36 -> 0 | L37: =D37-H37 -> 0 | M37: =E37-I37 -> 0 | N37: =F37-J37 -> 0 | O37: =G37-K37 -> 0 | P37: =IFERROR(L37/H37,0) -> 0 | Q37: =IFERROR(M37/I37,0) -> 0 | R37: =IFERROR(N37/J37,0) -> 0 | S37: =IFERROR(O37/K37,0) -> 0 | U37: ='Consol PL-DTRG'!O36 -> 3.4565904e+10 | V37: ='Consol PL-DTRG-Cũ'!O36 -> 3.4565904e+10 | W37: =U37-V37 -> 0 | X37: =IFERROR(W37/V37,0) -> 0
A38: 10 | B38: Trong đó: Chi phí lãi vay | D38: =SUM(E38:G38) -> 0 | E38: ='Consol PL-DTRG'!CG37 -> 0 | F38: ='Consol PL-DTRG'!CU37 -> 0 | G38: ='Consol PL-DTRG'!DI37 -> 0 | H38: =SUM(I38:K38) -> 0 | I38: ='Consol PL-DTRG-Cũ'!CG37 -> 0 | J38: ='Consol PL-DTRG-Cũ'!CU37 -> 0 | K38: ='Consol PL-DTRG-Cũ'!DI37 -> 0 | L38: =D38-H38 -> 0 | M38: =E38-I38 -> 0 | N38: =F38-J38 -> 0 | O38: =G38-K38 -> 0 | P38: =IFERROR(L38/H38,0) -> 0 | Q38: =IFERROR(M38/I38,0) -> 0 | R38: =IFERROR(N38/J38,0) -> 0 | S38: =IFERROR(O38/K38,0) -> 0 | U38: ='Consol PL-DTRG'!O37 -> 3.4565904e+10 | V38: ='Consol PL-DTRG-Cũ'!O37 -> 3.4565904e+10 | W38: =U38-V38 -> 0 | X38: =IFERROR(W38/V38,0) -> 0
A39: 11 | B39: 9.Chi phí bán hàng | D39: =SUM(E39:G39) -> 9.0794487e+09 | E39: ='Consol PL-DTRG'!CG38 -> 3799518440 | F39: ='Consol PL-DTRG'!CU38 -> 1.3862338e+09 | G39: ='Consol PL-DTRG'!DI38 -> 3.8936965e+09 | H39: =SUM(I39:K39) -> 8.8177031e+09 | I39: ='Consol PL-DTRG-Cũ'!CG38 -> 3840892528 | J39: ='Consol PL-DTRG-Cũ'!CU38 -> 1.5248571e+09 | K39: ='Consol PL-DTRG-Cũ'!DI38 -> 3.4519534e+09 | L39: =D39-H39 -> 2.6174563e+08 | M39: =E39-I39 -> -41374088 | N39: =F39-J39 -> -1.3862338e+08 | O39: =G39-K39 -> 4.4174309e+08 | P39: =IFERROR(L39/H39,0) -> 0.029684106 | Q39: =IFERROR(M39/I39,0) -> -0.010771998 | R39: =IFERROR(N39/J39,0) -> -0.090909091 | S39: =IFERROR(O39/K39,0) -> 0.12796902 | U39: ='Consol PL-DTRG'!O38 -> 6.5635224e+10 | V39: ='Consol PL-DTRG-Cũ'!O38 -> 6.5373478e+10 | W39: =U39-V39 -> 2.6174563e+08 | X39: =IFERROR(W39/V39,0) -> 0.0040038504
A40: 12 | B40: 10.Chi phí quản lý doanh nghiệp | D40: =SUM(E40:G40) -> 1.4847056e+10 | E40: ='Consol PL-DTRG'!CG39 -> 4.3496623e+09 | F40: ='Consol PL-DTRG'!CU39 -> 4.2928381e+09 | G40: ='Consol PL-DTRG'!DI39 -> 6.2045555e+09 | H40: =SUM(I40:K40) -> 1.6375558e+10 | I40: ='Consol PL-DTRG-Cũ'!CG39 -> 4.6875106e+09 | J40: ='Consol PL-DTRG-Cũ'!CU39 -> 5.4138202e+09 | K40: ='Consol PL-DTRG-Cũ'!DI39 -> 6.2742277e+09 | L40: =D40-H40 -> -1.5285027e+09 | M40: =E40-I40 -> -3.3784836e+08 | N40: =F40-J40 -> -1.1209821e+09 | O40: =G40-K40 -> -69672244 | P40: =IFERROR(L40/H40,0) -> -0.093340493 | Q40: =IFERROR(M40/I40,0) -> -0.072074155 | R40: =IFERROR(N40/J40,0) -> -0.20705935 | S40: =IFERROR(O40/K40,0) -> -0.011104513 | U40: ='Consol PL-DTRG'!O39 -> 1.1444546e+11 | V40: ='Consol PL-DTRG-Cũ'!O39 -> 1.1597396e+11 | W40: =U40-V40 -> -1.5285027e+09 | X40: =IFERROR(W40/V40,0) -> -0.013179706
A41: 13 | B41: 11.Lợi nhuận thuần từ hoạt động kinh doanh | D41: =D27+D32+D36-D37-D39-D40 -> 2.2333037e+08 | E41: =E27+E32+E36-E37-E39-E40 -> 1.4997067e+09 | F41: =F27+F32+F36-F37-F39-F40 -> 1.8019393e+09 | G41: =G27+G32+G36-G37-G39-G40 -> -3.0783157e+09 | H41: =H27+H32+H36-H37-H39-H40 -> -2.3177807e+10 | I41: =I27+I32+I36-I37-I39-I40 -> -9.7759998e+09 | J41: =J27+J32+J36-J37-J39-J40 -> -1.864741e+09 | K41: =K27+K32+K36-K37-K39-K40 -> -1.1537066e+10 | L41: =D41-H41 -> 2.3401137e+10 | M41: =E41-I41 -> 1.1275706e+10 | N41: =F41-J41 -> 3.6666804e+09 | O41: =G41-K41 -> 8.4587503e+09 | P41: =IFERROR(L41/H41,0) -> -1.0096355 | Q41: =IFERROR(M41/I41,0) -> -1.153407 | R41: =IFERROR(N41/J41,0) -> -1.9663215 | S41: =IFERROR(O41/K41,0) -> -0.73318037 | U41: =U27+U32+U36-U37-U39-U40 -> 6.5061141e+10 | V41: =V27+V32+V36-V37-V39-V40 -> 4.8807608e+10 | W41: =U41-V41 -> 1.6253532e+10 | X41: =IFERROR(W41/V41,0) -> 0.33301226
A42: 14 | B42: 12.Thu nhập khác | D42: =SUM(E42:G42) -> 0 | E42: ='Consol PL-DTRG'!CG41 -> 0 | F42: ='Consol PL-DTRG'!CU41 -> 0 | G42: ='Consol PL-DTRG'!DI41 -> 0 | H42: =SUM(I42:K42) -> 0 | I42: ='Consol PL-DTRG-Cũ'!CG41 -> 0 | J42: ='Consol PL-DTRG-Cũ'!CU41 -> 0 | K42: ='Consol PL-DTRG-Cũ'!DI41 -> 0 | L42: =D42-H42 -> 0 | M42: =E42-I42 -> 0 | N42: =F42-J42 -> 0 | O42: =G42-K42 -> 0 | P42: =IFERROR(L42/H42,0) -> 0 | Q42: =IFERROR(M42/I42,0) -> 0 | R42: =IFERROR(N42/J42,0) -> 0 | S42: =IFERROR(O42/K42,0) -> 0 | U42: ='Consol PL-DTRG'!O41 -> 0 | V42: ='Consol PL-DTRG-Cũ'!O41 -> 0 | W42: =U42-V42 -> 0 | X42: =IFERROR(W42/V42,0) -> 0
A43: 15 | B43: 13.Chi phí khác | D43: =SUM(E43:G43) -> 0 | E43: ='Consol PL-DTRG'!CG42 -> 0 | F43: ='Consol PL-DTRG'!CU42 -> 0 | G43: ='Consol PL-DTRG'!DI42 -> 0 | H43: =SUM(I43:K43) -> 0 | I43: ='Consol PL-DTRG-Cũ'!CG42 -> 0 | J43: ='Consol PL-DTRG-Cũ'!CU42 -> 0 | K43: ='Consol PL-DTRG-Cũ'!DI42 -> 0 | L43: =D43-H43 -> 0 | M43: =E43-I43 -> 0 | N43: =F43-J43 -> 0 | O43: =G43-K43 -> 0 | P43: =IFERROR(L43/H43,0) -> 0 | Q43: =IFERROR(M43/I43,0) -> 0 | R43: =IFERROR(N43/J43,0) -> 0 | S43: =IFERROR(O43/K43,0) -> 0 | U43: ='Consol PL-DTRG'!O42 -> 5.2035e+09 | V43: ='Consol PL-DTRG-Cũ'!O42 -> 5.2035e+09 | W43: =U43-V43 -> 0 | X43: =IFERROR(W43/V43,0) -> 0
A44: 16 | B44: 14.Lợi nhuận khác | D44: =SUM(E44:G44) -> 0 | E44: =E42-E43 -> 0 | F44: =F42-F43 -> 0 | G44: =G42-G43 -> 0 | H44: =SUM(I44:K44) -> 0 | I44: =I42-I43 -> 0 | J44: =J42-J43 -> 0 | K44: =K42-K43 -> 0 | L44: =D44-H44 -> 0 | M44: =E44-I44 -> 0 | N44: =F44-J44 -> 0 | O44: =G44-K44 -> 0 | P44: =IFERROR(L44/H44,0) -> 0 | Q44: =IFERROR(M44/I44,0) -> 0 | R44: =IFERROR(N44/J44,0) -> 0 | S44: =IFERROR(O44/K44,0) -> 0 | U44: =U42-U43 -> -5.2035e+09 | V44: =V42-V43 -> -5.2035e+09 | W44: =U44-V44 -> 0 | X44: =IFERROR(W44/V44,0) -> 0
A45: 17 | B45: 15.Tổng lợi nhuận kế toán trước thuế | D45: =D41+D44 -> 2.2333037e+08 | E45: =E41+E44 -> 1.4997067e+09 | F45: =F41+F44 -> 1.8019393e+09 | G45: =G41+G44 -> -3.0783157e+09 | H45: =H41+H44 -> -2.3177807e+10 | I45: =I41+I44 -> -9.7759998e+09 | J45: =J41+J44 -> -1.864741e+09 | K45: =K41+K44 -> -1.1537066e+10 | L45: =D45-H45 -> 2.3401137e+10 | M45: =E45-I45 -> 1.1275706e+10 | N45: =F45-J45 -> 3.6666804e+09 | O45: =G45-K45 -> 8.4587503e+09 | P45: =IFERROR(L45/H45,0) -> -1.0096355 | Q45: =IFERROR(M45/I45,0) -> -1.153407 | R45: =IFERROR(N45/J45,0) -> -1.9663215 | S45: =IFERROR(O45/K45,0) -> -0.73318037 | U45: =U41+U44 -> 5.9857641e+10 | V45: =V41+V44 -> 4.3604108e+10 | W45: =U45-V45 -> 1.6253532e+10 | X45: =IFERROR(W45/V45,0) -> 0.37275231
A46: 18 | B46: 16.Chi phí thuế TNDN hiện hành | D46: =SUM(E46:G46) -> 0 | E46: ='Consol PL-DTRG'!CG45 -> 0 | F46: ='Consol PL-DTRG'!CU45 -> 0 | G46: ='Consol PL-DTRG'!DI45 -> 0 | H46: =SUM(I46:K46) -> 0 | I46: ='Consol PL-DTRG-Cũ'!CG45 -> 0 | J46: ='Consol PL-DTRG-Cũ'!CU45 -> 0 | K46: ='Consol PL-DTRG-Cũ'!DI45 -> 0 | L46: =D46-H46 -> 0 | M46: =E46-I46 -> 0 | N46: =F46-J46 -> 0 | O46: =G46-K46 -> 0 | P46: =IFERROR(L46/H46,0) -> 0 | Q46: =IFERROR(M46/I46,0) -> 0 | R46: =IFERROR(N46/J46,0) -> 0 | S46: =IFERROR(O46/K46,0) -> 0 | U46: ='Consol PL-DTRG'!O45 -> 1.3367693e+10 | V46: ='Consol PL-DTRG-Cũ'!O45 -> 1.3367693e+10 | W46: =U46-V46 -> 0 | X46: =IFERROR(W46/V46,0) -> 0
A47: 19 | B47: 17.Chi phí thuế TNDN hoãn lại | D47: =SUM(E47:G47) -> 0 | E47: ='Consol PL-DTRG'!CG46 -> 0 | F47: ='Consol PL-DTRG'!CU46 -> 0 | G47: ='Consol PL-DTRG'!DI46 -> 0 | H47: =SUM(I47:K47) -> 0 | I47: ='Consol PL-DTRG-Cũ'!CG46 -> 0 | J47: ='Consol PL-DTRG-Cũ'!CU46 -> 0 | K47: ='Consol PL-DTRG-Cũ'!DI46 -> 0 | L47: =D47-H47 -> 0 | M47: =E47-I47 -> 0 | N47: =F47-J47 -> 0 | O47: =G47-K47 -> 0 | P47: =IFERROR(L47/H47,0) -> 0 | Q47: =IFERROR(M47/I47,0) -> 0 | R47: =IFERROR(N47/J47,0) -> 0 | S47: =IFERROR(O47/K47,0) -> 0 | U47: ='Consol PL-DTRG'!O46 -> 0 | V47: ='Consol PL-DTRG-Cũ'!O46 -> 0 | W47: =U47-V47 -> 0 | X47: =IFERROR(W47/V47,0) -> 0
A48: 20 | B48: 18.Lợi nhuận sau thuế thu nhập doanh nghiệp | D48: =D45-D46-D47 -> 2.2333037e+08 | E48: =E45-E46-E47 -> 1.4997067e+09 | F48: =F45-F46-F47 -> 1.8019393e+09 | G48: =G45-G46-G47 -> -3.0783157e+09 | H48: =H45-H46-H47 -> -2.3177807e+10 | I48: =I45-I46-I47 -> -9.7759998e+09 | J48: =J45-J46-J47 -> -1.864741e+09 | K48: =K45-K46-K47 -> -1.1537066e+10 | L48: =D48-H48 -> 2.3401137e+10 | M48: =E48-I48 -> 1.1275706e+10 | N48: =F48-J48 -> 3.6666804e+09 | O48: =G48-K48 -> 8.4587503e+09 | P48: =IFERROR(L48/H48,0) -> -1.0096355 | Q48: =IFERROR(M48/I48,0) -> -1.153407 | R48: =IFERROR(N48/J48,0) -> -1.9663215 | S48: =IFERROR(O48/K48,0) -> -0.73318037 | U48: =U45-U46-U47 -> 4.6489947e+10 | V48: =V45-V46-V47 -> 3.0236415e+10 | W48: =U48-V48 -> 1.6253532e+10 | X48: =IFERROR(W48/V48,0) -> 0.53754825
B49: %LNST | D49: =IFERROR(D48/D17,0) -> 0.00048741007 | E49: =IFERROR(E48/E17,0) -> 0.0084495823 | F49: =IFERROR(F48/F17,0) -> 0.01809285 | G49: =IFERROR(G48/G17,0) -> -0.016996447 | H49: =IFERROR(H48/H17,0) -> -0.052505387 | I49: =IFERROR(I48/I17,0) -> -0.053480729 | J49: =IFERROR(J48/J17,0) -> -0.018723427 | K49: =IFERROR(K48/K17,0) -> -0.072538298 | U49: =IFERROR(U48/U17,0) -> 0.027693232 | V49: =IFERROR(V48/V17,0) -> 0.018011293
B52: Check | D52: =D48-SUM(E48:G48) -> 9.5367432e-07 | E52: =E48-'Consol PL-DTRG'!CG47 -> 0 | F52: =F48-'Consol PL-DTRG'!CU47 -> 0 | G52: =G48-'Consol PL-DTRG'!DI47 -> 0 | H52: =H48-SUM(I48:K48) -> -4.196167e-05 | I52: =I48-'Consol PL-DTRG-Cũ'!CG47 -> 0 | J52: =J48-'Consol PL-DTRG-Cũ'!CU47 -> 0 | K52: =K48-'Consol PL-DTRG-Cũ'!DI47 -> 0 | U52: =U48-'Consol PL-DTRG'!O47 -> 0 | V52: =V48-'Consol PL-DTRG-Cũ'!O47 -> 0

Sheet Consol PL-DTRG
B1: GROUP TÁI CHẾ | C1: =C17-C21-C27 -> 0 | Q1: Phân bổ LG nội bộ | R1: 4
B2: VND
A3: Index PL | B3: PHẦN II-KẾT QUẢ HOẠT ĐỘNG KINH DOANH | C3: HỢP NHẤT | Q3: ĐIỀU CHỈNH | AE3: TỔNG | AS3: DTR | BG3: 3 TRẠM | BU3: ĐỒNG LÂM | CI3: KHÁNH NGA | CW3: ĐẠI LỘC | DK3: TÂN ĐẠI PHÁT | DY3: LƯU CÔNG THỨC
C4: 1 | D4: 2 | E4: 3 | F4: 4 | G4: 5 | H4: 6 | I4: 7 | J4: 8 | K4: 9 | L4: 10 | M4: 11 | N4: 12 | O4: TỔNG | Q4: 1 | R4: 2 | S4: 3 | T4: 4 | U4: 5 | V4: 6 | W4: 7 | X4: 8 | Y4: 9 | Z4: 10 | AA4: 11 | AB4: 12 | AC4: TỔNG | AE4: 1 | AF4: 2 | AG4: 3 | AH4: 4 | AI4: 5 | AJ4: 6 | AK4: 7 | AL4: 8 | AM4: 9 | AN4: 10 | AO4: 11 | AP4: 12 | AQ4: TỔNG | AS4: 1 | AT4: 2 | AU4: 3 | AV4: 4 | AW4: 5 | AX4: 6 | AY4: 7 | AZ4: 8 | BA4: 9 | BB4: 10 | BC4: 11 | BD4: 12 | BE4: TỔNG | BG4: 1 | BH4: 2 | BI4: 3 | BJ4: 4 | BK4: 5 | BL4: 6 | BM4: 7 | BN4: 8 | BO4: 9 | BP4: 10 | BQ4: 11 | BR4: 12 | BS4: TỔNG | BU4: 1 | BV4: 2 | BW4: 3 | BX4: 4 | BY4: 5 | BZ4: 6 | CA4: 7 | CB4: 8 | CC4: 9 | CD4: 10 | CE4: 11 | CF4: 12 | CG4: TỔNG | CI4: 1 | CJ4: 2 | CK4: 3 | CL4: 4 | CM4: 5 | CN4: 6 | CO4: 7 | CP4: 8 | CQ4: 9 | CR4: 10 | CS4: 11 | CT4: 12 | CU4: TỔNG | CW4: 1 | CX4: 2 | CY4: 3 | CZ4: 4 | DA4: 5 | DB4: 6 | DC4: 7 | DD4: 8 | DE4: 9 | DF4: 10 | DG4: 11 | DH4: 12 | DI4: TỔNG | DK4: 1 | DL4: 2 | DM4: 3 | DN4: 4 | DO4: 5 | DP4: 6 | DQ4: 7 | DR4: 8 | DS4: 9 | DT4: 10 | DU4: 11 | DV4: 12 | DW4: TỔNG | DY4: 1 | DZ4: 2 | EA4: 3 | EB4: 4 | EC4: 5 | ED4: 6 | EE4: 7 | EF4: 8 | EG4: 9 | EH4: 10 | EI4: 11 | EJ4: 12 | EK4: TỔNG
A5: 1 | B5: Sản lượng (tấn) | C5: =SUM(C6:C8) -> 4318.2229 | D5: =SUM(D6:D8) -> 4253.3146 | E5: =SUM(E6:E8) -> 4678.5574 | F5: =SUM(F6:F8) -> 4394.2315 | G5: =SUM(G6:G8) -> 4663.4364 | H5: =SUM(H6:H8) -> 4691.9522 | I5: =SUM(I6:I8) -> 4689.4225 | J5: =SUM(J6:J8) -> 4562.8495 | ... O5: =SUM(O6:O8) -> 55000 | Q5: =SUM(Q6:Q8) -> -1961.925 | R5: =SUM(R6:R8) -> -1392.45 | S5: =SUM(S6:S8) -> -2307.425 | T5: =SUM(T6:T8) -> -2662.248 | U5: =SUM(U6:U8) -> -2703.2625 | V5: =SUM(V6:V8) -> -2703.2625 | W5: =SUM(W6:W8) -> -2744.277 | X5: =SUM(X6:X8) -> -2745.044 | ... AC5: =SUM(AC6:AC8) -> -30121.928 | AE5: =SUM(AE6:AE8) -> 6280.1479 | AF5: =SUM(AF6:AF8) -> 5645.7646 | AG5: =SUM(AG6:AG8) -> 6985.9824 | AH5: =SUM(AH6:AH8) -> 7056.4795 | AI5: =SUM(AI6:AI8) -> 7366.6989 | AJ5: =SUM(AJ6:AJ8) -> 7395.2147 | AK5: =SUM(AK6:AK8) -> 7433.6995 | AL5: =SUM(AL6:AL8) -> 7307.8935 | ... AQ5: =SUM(AQ6:AQ8) -> 85121.928 | AS5: =SUM(AS6:AS8) -> 4318.2229 | AT5: =SUM(AT6:AT8) -> 4253.3146 | AU5: =SUM(AU6:AU8) -> 4678.5574 | AV5: =SUM(AV6:AV8) -> 4394.2315 | AW5: =SUM(AW6:AW8) -> 4663.4364 | AX5: =SUM(AX6:AX8) -> 4691.9522 | AY5: =SUM(AY6:AY8) -> 4689.4225 | AZ5: =SUM(AZ6:AZ8) -> 4562.8495 | ... BE5: =SUM(BE6:BE8) -> 55000 | BG5: =SUM(BG6:BG8) -> 1961.925 | BH5: =SUM(BH6:BH8) -> 1392.45 | BI5: =SUM(BI6:BI8) -> 2307.425 | BJ5: =SUM(BJ6:BJ8) -> 2662.248 | BK5: =SUM(BK6:BK8) -> 2703.2625 | BL5: =SUM(BL6:BL8) -> 2703.2625 | BM5: =SUM(BM6:BM8) -> 2744.277 | BN5: =SUM(BN6:BN8) -> 2745.044 | ... BS5: =SUM(BS6:BS8) -> 30121.928 | BU5: =SUM(BU6:BU8) -> 667.5 | BV5: =SUM(BV6:BV8) -> 400.5 | BW5: =SUM(BW6:BW8) -> 884 | BX5: =SUM(BX6:BX8) -> 984.348 | BY5: =SUM(BY6:BY8) -> 1025.3625 | BZ5: =SUM(BZ6:BZ8) -> 1025.3625 | CA5: =SUM(CA6:CA8) -> 1066.377 | CB5: =SUM(CB6:CB8) -> 1067.144 | ... CG5: =SUM(CG6:CG8) -> 11305.142 | CI5: =SUM(CI6:CI8) -> 533.7 | CJ5: =SUM(CJ6:CJ8) -> 400.275 | CK5: =SUM(CK6:CK8) -> 578.175 | CL5: =SUM(CL6:CL8) -> 622.65 | CM5: =SUM(CM6:CM8) -> 622.65 | CN5: =SUM(CN6:CN8) -> 622.65 | CO5: =SUM(CO6:CO8) -> 622.65 | CP5: =SUM(CP6:CP8) -> 622.65 | ... CU5: =SUM(CU6:CU8) -> 7116 | CW5: =SUM(CW6:CW8) -> 760.725 | CX5: =SUM(CX6:CX8) -> 591.675 | CY5: =SUM(CY6:CY8) -> 845.25 | CZ5: =SUM(CZ6:CZ8) -> 1055.25 | DA5: =SUM(DA6:DA8) -> 1055.25 | DB5: =SUM(DB6:DB8) -> 1055.25 | DC5: =SUM(DC6:DC8) -> 1055.25 | DD5: =SUM(DD6:DD8) -> 1055.25 | ... DI5: =SUM(DI6:DI8) -> 11700.786 | DK5: =SUM(DK6:DK8) -> 0 | DL5: =SUM(DL6:DL8) -> 0 | DM5: =SUM(DM6:DM8) -> 0 | DN5: =SUM(DN6:DN8) -> 0 | DO5: =SUM(DO6:DO8) -> 0 | DP5: =SUM(DP6:DP8) -> 0 | DQ5: =SUM(DQ6:DQ8) -> 0 | DR5: =SUM(DR6:DR8) -> 0 | ... DW5: =SUM(DW6:DW8) -> 0 | DY5: =SUM(DY6:DY8) -> 0 | DZ5: =SUM(DZ6:DZ8) -> 0 | EA5: =SUM(EA6:EA8) -> 0 | EB5: =SUM(EB6:EB8) -> 0 | EC5: =SUM(EC6:EC8) -> 0 | ED5: =SUM(ED6:ED8) -> 0 | EE5: =SUM(EE6:EE8) -> 0 | EF5: =SUM(EF6:EF8) -> 0 | ... EK5: =SUM(EK6:EK8) -> 0
A6: SL-BN | B6: Bán ngoài | C6: =Q6+AE6 -> 4318.2229 | D6: =R6+AF6 -> 4253.3146 | E6: =S6+AG6 -> 4678.5574 | F6: =T6+AH6 -> 4394.2315 | G6: =U6+AI6 -> 4663.4364 | H6: =V6+AJ6 -> 4691.9522 | I6: =W6+AK6 -> 4689.4225 | J6: =X6+AL6 -> 4562.8495 | ... N6: =AB6+AP6 -> 4784.5204 | O6: =SUM(C6:N6) -> 55000 | AC6: =SUM(Q6:AB6) -> 0 | AE6: =AS6+BU6+CI6+CW6+DK6 -> 4318.2229 | AF6: =AT6+BV6+CJ6+CX6+DL6 -> 4253.3146 | AG6: =AU6+BW6+CK6+CY6+DM6 -> 4678.5574 | AH6: =AV6+BX6+CL6+CZ6+DN6 -> 4394.2315 | AI6: =AW6+BY6+CM6+DA6+DO6 -> 4663.4364 | AJ6: =AX6+BZ6+CN6+DB6+DP6 -> 4691.9522 | AK6: =AY6+CA6+CO6+DC6+DQ6 -> 4689.4225 | AL6: =AZ6+CB6+CP6+DD6+DR6 -> 4562.8495 | ... AP6: =BD6+CF6+CT6+DH6+DV6 -> 4784.5204 | AQ6: =SUM(AE6:AP6) -> 55000 | AS6: ='PL-KH26-DTR'!BL4 -> 4318.2229 | AT6: 4253.3146 | AU6: 4678.5574 | AV6: 4394.2315 | AW6: 4663.4364 | AX6: 4691.9522 | AY6: 4689.4225 | AZ6: 4562.8495 | BA6: 4774.6231 | BB6: 4468.6263 | BC6: 4720.2431 | BD6: 4784.5204 | BE6: =SUM(AS6:BD6) -> 55000 | BG6: =BU6+CI6+CW6 -> 0 | BH6: =BV6+CJ6+CX6 -> 0 | BI6: =BW6+CK6+CY6 -> 0 | BJ6: =BX6+CL6+CZ6 -> 0 | BK6: =BY6+CM6+DA6 -> 0 | BL6: =BZ6+CN6+DB6 -> 0 | BM6: =CA6+CO6+DC6 -> 0 | BN6: =CB6+CP6+DD6 -> 0 | ... BR6: =CF6+CT6+DH6 -> 0 | BS6: =SUM(BG6:BR6) -> 0 | CG6: =SUM(BU6:CF6) -> 0 | CU6: =SUM(CI6:CT6) -> 0 | DI6: =SUM(CW6:DH6) -> 0 | DW6: =SUM(DK6:DV6) -> 0 | EK6: =SUM(DY6:EJ6) -> 0
A7: SL-MC | B7: Mẹ-Con | C7: =Q7+AE7 -> 0 | D7: =R7+AF7 -> 0 | E7: =S7+AG7 -> 0 | F7: =T7+AH7 -> 0 | G7: =U7+AI7 -> 0 | H7: =V7+AJ7 -> 0 | I7: =W7+AK7 -> 0 | J7: =X7+AL7 -> 0 | ... N7: =AB7+AP7 -> 0 | O7: =SUM(C7:N7) -> 0 | Q7: =-AE7 -> -1961.925 | R7: =-AF7 -> -1392.45 | S7: =-AG7 -> -2307.425 | T7: =-AH7 -> -2662.248 | U7: =-AI7 -> -2703.2625 | V7: =-AJ7 -> -2703.2625 | W7: =-AK7 -> -2744.277 | X7: =-AL7 -> -2745.044 | ... AB7: =-AP7 -> -2746.239 | AC7: =SUM(Q7:AB7) -> -30121.928 | AE7: =AS7+BU7+CI7+CW7+DK7 -> 1961.925 | AF7: =AT7+BV7+CJ7+CX7+DL7 -> 1392.45 | AG7: =AU7+BW7+CK7+CY7+DM7 -> 2307.425 | AH7: =AV7+BX7+CL7+CZ7+DN7 -> 2662.248 | AI7: =AW7+BY7+CM7+DA7+DO7 -> 2703.2625 | AJ7: =AX7+BZ7+CN7+DB7+DP7 -> 2703.2625 | AK7: =AY7+CA7+CO7+DC7+DQ7 -> 2744.277 | AL7: =AZ7+CB7+CP7+DD7+DR7 -> 2745.044 | ... AP7: =BD7+CF7+CT7+DH7+DV7 -> 2746.239 | AQ7: =SUM(AE7:AP7) -> 30121.928 | BE7: =SUM(AS7:BD7) -> 0 | BG7: =BU7+CI7+CW7 -> 1961.925 | BH7: =BV7+CJ7+CX7 -> 1392.45 | BI7: =BW7+CK7+CY7 -> 2307.425 | BJ7: =BX7+CL7+CZ7 -> 2662.248 | BK7: =BY7+CM7+DA7 -> 2703.2625 | BL7: =BZ7+CN7+DB7 -> 2703.2625 | BM7: =CA7+CO7+DC7 -> 2744.277 | BN7: =CB7+CP7+DD7 -> 2745.044 | ... BR7: =CF7+CT7+DH7 -> 2746.239 | BS7: =SUM(BG7:BR7) -> 30121.928 | BU7: ='PL-KH26-DongLam'!G6/10^3 -> 667.5 | BV7: ='PL-KH26-DongLam'!H6/10^3 -> 400.5 | BW7: ='PL-KH26-DongLam'!I6/10^3 -> 884 | BX7: ='PL-KH26-DongLam'!J6/10^3 -> 984.348 | BY7: ='PL-KH26-DongLam'!K6/10^3 -> 1025.3625 | BZ7: ='PL-KH26-DongLam'!L6/10^3 -> 1025.3625 | CA7: ='PL-KH26-DongLam'!M6/10^3 -> 1066.377 | CB7: ='PL-KH26-DongLam'!N6/10^3 -> 1067.144 | ... CF7: ='PL-KH26-DongLam'!R6/10^3 -> 1066.377 | CG7: =SUM(BU7:CF7) -> 11305.142 | CI7: ='PL-KH26-KhanhNga'!G5/10^3 -> 533.7 | CJ7: ='PL-KH26-KhanhNga'!H5/10^3 -> 400.275 | CK7: ='PL-KH26-KhanhNga'!I5/10^3 -> 578.175 | CL7: ='PL-KH26-KhanhNga'!J5/10^3 -> 622.65 | CM7: ='PL-KH26-KhanhNga'!K5/10^3 -> 622.65 | CN7: ='PL-KH26-KhanhNga'!L5/10^3 -> 622.65 | CO7: ='PL-KH26-KhanhNga'!M5/10^3 -> 622.65 | CP7: ='PL-KH26-KhanhNga'!N5/10^3 -> 622.65 | ... CT7: ='PL-KH26-KhanhNga'!R5/10^3 -> 622.65 | CU7: =SUM(CI7:CT7) -> 7116 | CW7: ='PL-KH26-DaiLoc'!F5/10^3 -> 760.725 | CX7: ='PL-KH26-DaiLoc'!G5/10^3 -> 591.675 | CY7: ='PL-KH26-DaiLoc'!H5/10^3 -> 845.25 | CZ7: ='PL-KH26-DaiLoc'!I5/10^3 -> 1055.25 | DA7: ='PL-KH26-DaiLoc'!J5/10^3 -> 1055.25 | DB7: ='PL-KH26-DaiLoc'!K5/10^3 -> 1055.25 | DC7: ='PL-KH26-DaiLoc'!L5/10^3 -> 1055.25 | DD7: ='PL-KH26-DaiLoc'!M5/10^3 -> 1055.25 | ... DH7: ='PL-KH26-DaiLoc'!Q5/10^3 -> 1057.212 | DI7: =SUM(CW7:DH7) -> 11700.786 | DW7: =SUM(DK7:DV7) -> 0 | EK7: =SUM(DY7:EJ7) -> 0
A8: SL-CC | B8: Con-Con | C8: =Q8+AE8 -> 0 | D8: =R8+AF8 -> 0 | E8: =S8+AG8 -> 0 | F8: =T8+AH8 -> 0 | G8: =U8+AI8 -> 0 | H8: =V8+AJ8 -> 0 | I8: =W8+AK8 -> 0 | J8: =X8+AL8 -> 0 | ... N8: =AB8+AP8 -> 0 | O8: =SUM(C8:N8) -> 0 | AC8: =SUM(Q8:AB8) -> 0 | AE8: =AS8+BU8+CI8+CW8+DK8 -> 0 | AF8: =AT8+BV8+CJ8+CX8+DL8 -> 0 | AG8: =AU8+BW8+CK8+CY8+DM8 -> 0 | AH8: =AV8+BX8+CL8+CZ8+DN8 -> 0 | AI8: =AW8+BY8+CM8+DA8+DO8 -> 0 | AJ8: =AX8+BZ8+CN8+DB8+DP8 -> 0 | AK8: =AY8+CA8+CO8+DC8+DQ8 -> 0 | AL8: =AZ8+CB8+CP8+DD8+DR8 -> 0 | ... AP8: =BD8+CF8+CT8+DH8+DV8 -> 0 | AQ8: =SUM(AE8:AP8) -> 0 | BE8: =SUM(AS8:BD8) -> 0 | BG8: =BU8+CI8+CW8 -> 0 | BH8: =BV8+CJ8+CX8 -> 0 | BI8: =BW8+CK8+CY8 -> 0 | BJ8: =BX8+CL8+CZ8 -> 0 | BK8: =BY8+CM8+DA8 -> 0 | BL8: =BZ8+CN8+DB8 -> 0 | BM8: =CA8+CO8+DC8 -> 0 | BN8: =CB8+CP8+DD8 -> 0 | ... BR8: =CF8+CT8+DH8 -> 0 | BS8: =SUM(BG8:BR8) -> 0 | CG8: =SUM(BU8:CF8) -> 0 | CU8: =SUM(CI8:CT8) -> 0 | DI8: =SUM(CW8:DH8) -> 0 | DW8: =SUM(DK8:DV8) -> 0 | EK8: =SUM(DY8:EJ8) -> 0
A9: 2 | B9: 1.Doanh thu bán hàng và cung cấp dịch vụ | C9: =SUM(C10:C12) -> 1.2950534e+11 | D9: =SUM(D10:D12) -> 1.2797444e+11 | E9: =SUM(E10:E12) -> 1.4159949e+11 | F9: =SUM(F10:F12) -> 1.3178227e+11 | G9: =SUM(G10:G12) -> 1.4024431e+11 | H9: =SUM(H10:H12) -> 1.414093e+11 | I9: =SUM(I10:I12) -> 1.4540406e+11 | J9: =SUM(J10:J12) -> 1.4127636e+11 | ... O9: =SUM(O10:O12) -> 1.6787476e+12 | Q9: =SUM(Q10:Q12) -> -28404956250 | R9: =SUM(R10:R12) -> -20210556250 | S9: =SUM(S10:S12) -> -33329800000 | T9: =SUM(T10:T12) -> -40468427500 | U9: =SUM(U10:U12) -> -41125912500 | V9: =SUM(V10:V12) -> -41125912500 | W9: =SUM(W10:W12) -> -41783397500 | X9: =SUM(X10:X12) -> -41806927500 | ... AC9: =SUM(AC10:AC12) -> -458198101250 | AE9: =SUM(AE10:AE12) -> 1.579103e+11 | AF9: =SUM(AF10:AF12) -> 1.48185e+11 | AG9: =SUM(AG10:AG12) -> 1.7492929e+11 | AH9: =SUM(AH10:AH12) -> 1.7225069e+11 | AI9: =SUM(AI10:AI12) -> 1.8137022e+11 | AJ9: =SUM(AJ10:AJ12) -> 1.8253521e+11 | AK9: =SUM(AK10:AK12) -> 1.8718745e+11 | AL9: =SUM(AL10:AL12) -> 1.8308329e+11 | ... AQ9: =SUM(AQ10:AQ12) -> 2.1369457e+12 | AS9: =SUM(AS10:AS12) -> 1.2950534e+11 | AT9: =SUM(AT10:AT12) -> 1.2797444e+11 | AU9: =SUM(AU10:AU12) -> 1.4159949e+11 | AV9: =SUM(AV10:AV12) -> 1.3178227e+11 | AW9: =SUM(AW10:AW12) -> 1.4024431e+11 | AX9: =SUM(AX10:AX12) -> 1.414093e+11 | AY9: =SUM(AY10:AY12) -> 1.4540406e+11 | AZ9: =SUM(AZ10:AZ12) -> 1.4127636e+11 | ... BE9: =SUM(BE10:BE12) -> 1.6787476e+12 | BG9: =SUM(BG10:BG12) -> 28404956250 | BH9: =SUM(BH10:BH12) -> 20210556250 | BI9: =SUM(BI10:BI12) -> 33329800000 | BJ9: =SUM(BJ10:BJ12) -> 40468427500 | BK9: =SUM(BK10:BK12) -> 41125912500 | BL9: =SUM(BL10:BL12) -> 41125912500 | BM9: =SUM(BM10:BM12) -> 41783397500 | BN9: =SUM(BN10:BN12) -> 41806927500 | ... BS9: =SUM(BS10:BS12) -> 458198101250 | BU9: =SUM(BU10:BU12) -> 9420187500 | BV9: =SUM(BV10:BV12) -> 5652112500 | BW9: =SUM(BW10:BW12) -> 12443100000 | BX9: =SUM(BX10:BX12) -> 15779640000 | BY9: =SUM(BY10:BY12) -> 16437125000 | BZ9: =SUM(BZ10:BZ12) -> 16437125000 | CA9: =SUM(CA10:CA12) -> 17094610000 | CB9: =SUM(CB10:CB12) -> 17118140000 | ... CG9: =SUM(CG10:CG12) -> 177488853750 | CI9: =SUM(CI10:CI12) -> 7469550000 | CJ9: =SUM(CJ10:CJ12) -> 5602162500 | CK9: =SUM(CK10:CK12) -> 8092012500 | CL9: =SUM(CL10:CL12) -> 8714475000 | CM9: =SUM(CM10:CM12) -> 8714475000 | CN9: =SUM(CN10:CN12) -> 8714475000 | CO9: =SUM(CO10:CO12) -> 8714475000 | CP9: =SUM(CP10:CP12) -> 8714475000 | ... CU9: =SUM(CU10:CU12) -> 99594000000 | CW9: =SUM(CW10:CW12) -> 11515218750 | CX9: =SUM(CX10:CX12) -> 8956281250 | CY9: =SUM(CY10:CY12) -> 12794687500 | CZ9: =SUM(CZ10:CZ12) -> 15974312500 | DA9: =SUM(DA10:DA12) -> 15974312500 | DB9: =SUM(DB10:DB12) -> 15974312500 | DC9: =SUM(DC10:DC12) -> 15974312500 | DD9: =SUM(DD10:DD12) -> 15974312500 | ... DI9: =SUM(DI10:DI12) -> 181115247500 | DK9: =SUM(DK10:DK12) -> 0 | DL9: =SUM(DL10:DL12) -> 0 | DM9: =SUM(DM10:DM12) -> 0 | DN9: =SUM(DN10:DN12) -> 0 | DO9: =SUM(DO10:DO12) -> 0 | DP9: =SUM(DP10:DP12) -> 0 | DQ9: =SUM(DQ10:DQ12) -> 0 | DR9: =SUM(DR10:DR12) -> 0 | ... DW9: =SUM(DW10:DW12) -> 0 | DY9: =SUM(DY10:DY12) -> 0 | DZ9: =SUM(DZ10:DZ12) -> 0 | EA9: =SUM(EA10:EA12) -> 0 | EB9: =SUM(EB10:EB12) -> 0 | EC9: =SUM(EC10:EC12) -> 0 | ED9: =SUM(ED10:ED12) -> 0 | EE9: =SUM(EE10:EE12) -> 0 | EF9: =SUM(EF10:EF12) -> 0 | ... EK9: =SUM(EK10:EK12) -> 0
A10: 511-BN | B10: Bán ngoài | C10: =Q10+AE10 -> 1.2950534e+11 | D10: =R10+AF10 -> 1.2797444e+11 | E10: =S10+AG10 -> 1.4159949e+11 | F10: =T10+AH10 -> 1.3178227e+11 | G10: =U10+AI10 -> 1.4024431e+11 | H10: =V10+AJ10 -> 1.414093e+11 | I10: =W10+AK10 -> 1.4540406e+11 | J10: =X10+AL10 -> 1.4127636e+11 | ... N10: =AB10+AP10 -> 1.4744201e+11 | O10: =SUM(C10:N10) -> 1.6787476e+12 | AC10: =SUM(Q10:AB10) -> 0 | AE10: =AS10+BU10+CI10+CW10+DK10 -> 1.2950534e+11 | AF10: =AT10+BV10+CJ10+CX10+DL10 -> 1.2797444e+11 | AG10: =AU10+BW10+CK10+CY10+DM10 -> 1.4159949e+11 | AH10: =AV10+BX10+CL10+CZ10+DN10 -> 1.3178227e+11 | AI10: =AW10+BY10+CM10+DA10+DO10 -> 1.4024431e+11 | AJ10: =AX10+BZ10+CN10+DB10+DP10 -> 1.414093e+11 | AK10: =AY10+CA10+CO10+DC10+DQ10 -> 1.4540406e+11 | AL10: =AZ10+CB10+CP10+DD10+DR10 -> 1.4127636e+11 | ... AP10: =BD10+CF10+CT10+DH10+DV10 -> 1.4744201e+11 | AQ10: =SUM(AE10:AP10) -> 1.6787476e+12 | AS10: ='PL-KH26-DTR'!BL5 -> 1.2950534e+11 | AT10: ='PL-KH26-DTR'!BM5 -> 1.2797444e+11 | AU10: ='PL-KH26-DTR'!BN5 -> 1.4159949e+11 | AV10: ='PL-KH26-DTR'!BO5 -> 1.3178227e+11 | AW10: ='PL-KH26-DTR'!BP5 -> 1.4024431e+11 | AX10: ='PL-KH26-DTR'!BQ5 -> 1.414093e+11 | AY10: ='PL-KH26-DTR'!BR5 -> 1.4540406e+11 | AZ10: ='PL-KH26-DTR'!BS5 -> 1.4127636e+11 | ... BD10: ='PL-KH26-DTR'!BW5 -> 1.4744201e+11 | BE10: =SUM(AS10:BD10) -> 1.6787476e+12 | BG10: =BU10+CI10+CW10 -> 0 | BH10: =BV10+CJ10+CX10 -> 0 | BI10: =BW10+CK10+CY10 -> 0 | BJ10: =BX10+CL10+CZ10 -> 0 | BK10: =BY10+CM10+DA10 -> 0 | BL10: =BZ10+CN10+DB10 -> 0 | BM10: =CA10+CO10+DC10 -> 0 | BN10: =CB10+CP10+DD10 -> 0 | ... BR10: =CF10+CT10+DH10 -> 0 | BS10: =SUM(BG10:BR10) -> 0 | CG10: =SUM(BU10:CF10) -> 0 | CU10: =SUM(CI10:CT10) -> 0 | DI10: =SUM(CW10:DH10) -> 0 | DW10: =SUM(DK10:DV10) -> 0 | EK10: =SUM(DY10:EJ10) -> 0
A11: 511-MC | B11: Mẹ-Con | C11: =Q11+AE11 -> 0 | D11: =R11+AF11 -> 0 | E11: =S11+AG11 -> 0 | F11: =T11+AH11 -> 0 | G11: =U11+AI11 -> 0 | H11: =V11+AJ11 -> 0 | I11: =W11+AK11 -> 0 | J11: =X11+AL11 -> 0 | ... N11: =AB11+AP11 -> 0 | O11: =SUM(C11:N11) -> 0 | Q11: =-AE11 -> -28404956250 | R11: =-AF11 -> -20210556250 | S11: =-AG11 -> -33329800000 | T11: =-AH11 -> -40468427500 | U11: =-AI11 -> -41125912500 | V11: =-AJ11 -> -41125912500 | W11: =-AK11 -> -41783397500 | X11: =-AL11 -> -41806927500 | ... AB11: =-AP11 -> -43143480000 | AC11: =SUM(Q11:AB11) -> -458198101250 | AE11: =AS11+BU11+CI11+CW11+DK11 -> 28404956250 | AF11: =AT11+BV11+CJ11+CX11+DL11 -> 20210556250 | AG11: =AU11+BW11+CK11+CY11+DM11 -> 33329800000 | AH11: =AV11+BX11+CL11+CZ11+DN11 -> 40468427500 | AI11: =AW11+BY11+CM11+DA11+DO11 -> 41125912500 | AJ11: =AX11+BZ11+CN11+DB11+DP11 -> 41125912500 | AK11: =AY11+CA11+CO11+DC11+DQ11 -> 41783397500 | AL11: =AZ11+CB11+CP11+DD11+DR11 -> 41806927500 | ... AP11: =BD11+CF11+CT11+DH11+DV11 -> 43143480000 | AQ11: =SUM(AE11:AP11) -> 458198101250 | BE11: =SUM(AS11:BD11) -> 0 | BG11: =BU11+CI11+CW11 -> 28404956250 | BH11: =BV11+CJ11+CX11 -> 20210556250 | BI11: =BW11+CK11+CY11 -> 33329800000 | BJ11: =BX11+CL11+CZ11 -> 40468427500 | BK11: =BY11+CM11+DA11 -> 41125912500 | BL11: =BZ11+CN11+DB11 -> 41125912500 | BM11: =CA11+CO11+DC11 -> 41783397500 | BN11: =CB11+CP11+DD11 -> 41806927500 | ... BR11: =CF11+CT11+DH11 -> 43143480000 | BS11: =SUM(BG11:BR11) -> 458198101250 | BU11: ='PL-KH26-DongLam'!G10 -> 9420187500 | BV11: ='PL-KH26-DongLam'!H10 -> 5652112500 | BW11: ='PL-KH26-DongLam'!I10 -> 12443100000 | BX11: ='PL-KH26-DongLam'!J10 -> 15779640000 | BY11: ='PL-KH26-DongLam'!K10 -> 16437125000 | BZ11: ='PL-KH26-DongLam'!L10 -> 16437125000 | CA11: ='PL-KH26-DongLam'!M10 -> 17094610000 | CB11: ='PL-KH26-DongLam'!N10 -> 17118140000 | ... CF11: ='PL-KH26-DongLam'!R10 -> 17094610000 | CG11: =SUM(BU11:CF11) -> 177488853750 | CI11: ='PL-KH26-KhanhNga'!G9 -> 7469550000 | CJ11: ='PL-KH26-KhanhNga'!H9 -> 5602162500 | CK11: ='PL-KH26-KhanhNga'!I9 -> 8092012500 | CL11: ='PL-KH26-KhanhNga'!J9 -> 8714475000 | CM11: ='PL-KH26-KhanhNga'!K9 -> 8714475000 | CN11: ='PL-KH26-KhanhNga'!L9 -> 8714475000 | CO11: ='PL-KH26-KhanhNga'!M9 -> 8714475000 | CP11: ='PL-KH26-KhanhNga'!N9 -> 8714475000 | ... CT11: ='PL-KH26-KhanhNga'!R9 -> 8714475000 | CU11: =SUM(CI11:CT11) -> 99594000000 | CW11: ='PL-KH26-DaiLoc'!F10 -> 11515218750 | CX11: ='PL-KH26-DaiLoc'!G10 -> 8956281250 | CY11: ='PL-KH26-DaiLoc'!H10 -> 12794687500 | CZ11: ='PL-KH26-DaiLoc'!I10 -> 15974312500 | DA11: ='PL-KH26-DaiLoc'!J10 -> 15974312500 | DB11: ='PL-KH26-DaiLoc'!K10 -> 15974312500 | DC11: ='PL-KH26-DaiLoc'!L10 -> 15974312500 | DD11: ='PL-KH26-DaiLoc'!M10 -> 15974312500 | ... DH11: ='PL-KH26-DaiLoc'!Q10 -> 17334395000 | DI11: =SUM(CW11:DH11) -> 181115247500 | DW11: =SUM(DK11:DV11) -> 0 | EK11: =SUM(DY11:EJ11) -> 0
A12: 511-CC | B12: Con-Con | C12: =Q12+AE12 -> 0 | D12: =R12+AF12 -> 0 | E12: =S12+AG12 -> 0 | F12: =T12+AH12 -> 0 | G12: =U12+AI12 -> 0 | H12: =V12+AJ12 -> 0 | I12: =W12+AK12 -> 0 | J12: =X12+AL12 -> 0 | ... N12: =AB12+AP12 -> 0 | O12: =SUM(C12:N12) -> 0 | AC12: =SUM(Q12:AB12) -> 0 | AE12: =AS12+BU12+CI12+CW12+DK12 -> 0 | AF12: =AT12+BV12+CJ12+CX12+DL12 -> 0 | AG12: =AU12+BW12+CK12+CY12+DM12 -> 0 | AH12: =AV12+BX12+CL12+CZ12+DN12 -> 0 | AI12: =AW12+BY12+CM12+DA12+DO12 -> 0 | AJ12: =AX12+BZ12+CN12+DB12+DP12 -> 0 | AK12: =AY12+CA12+CO12+DC12+DQ12 -> 0 | AL12: =AZ12+CB12+CP12+DD12+DR12 -> 0 | ... AP12: =BD12+CF12+CT12+DH12+DV12 -> 0 | AQ12: =SUM(AE12:AP12) -> 0 | BE12: =SUM(AS12:BD12) -> 0 | BG12: =BU12+CI12+CW12 -> 0 | BH12: =BV12+CJ12+CX12 -> 0 | BI12: =BW12+CK12+CY12 -> 0 | BJ12: =BX12+CL12+CZ12 -> 0 | BK12: =BY12+CM12+DA12 -> 0 | BL12: =BZ12+CN12+DB12 -> 0 | BM12: =CA12+CO12+DC12 -> 0 | BN12: =CB12+CP12+DD12 -> 0 | ... BR12: =CF12+CT12+DH12 -> 0 | BS12: =SUM(BG12:BR12) -> 0 | CG12: =SUM(BU12:CF12) -> 0 | CU12: =SUM(CI12:CT12) -> 0 | DI12: =SUM(CW12:DH12) -> 0 | DW12: =SUM(DK12:DV12) -> 0 | EK12: =SUM(DY12:EJ12) -> 0
A13: 3 | B13: 2.Các khoản giảm trừ doanh thu | C13: =SUM(C14:C16) -> 0 | D13: =SUM(D14:D16) -> 0 | E13: =SUM(E14:E16) -> 0 | F13: =SUM(F14:F16) -> 0 | G13: =SUM(G14:G16) -> 0 | H13: =SUM(H14:H16) -> 0 | I13: =SUM(I14:I16) -> 0 | J13: =SUM(J14:J16) -> 0 | ... O13: =SUM(O14:O16) -> 0 | Q13: =SUM(Q14:Q16) -> 0 | R13: =SUM(R14:R16) -> 0 | S13: =SUM(S14:S16) -> 0 | T13: =SUM(T14:T16) -> 0 | U13: =SUM(U14:U16) -> 0 | V13: =SUM(V14:V16) -> 0 | W13: =SUM(W14:W16) -> 0 | X13: =SUM(X14:X16) -> 0 | ... AC13: =SUM(AC14:AC16) -> 0 | AE13: =SUM(AE14:AE16) -> 0 | AF13: =SUM(AF14:AF16) -> 0 | AG13: =SUM(AG14:AG16) -> 0 | AH13: =SUM(AH14:AH16) -> 0 | AI13: =SUM(AI14:AI16) -> 0 | AJ13: =SUM(AJ14:AJ16) -> 0 | AK13: =SUM(AK14:AK16) -> 0 | AL13: =SUM(AL14:AL16) -> 0 | ... AQ13: =SUM(AQ14:AQ16) -> 0 | AS13: =SUM(AS14:AS16) -> 0 | AT13: =SUM(AT14:AT16) -> 0 | AU13: =SUM(AU14:AU16) -> 0 | AV13: =SUM(AV14:AV16) -> 0 | AW13: =SUM(AW14:AW16) -> 0 | AX13: =SUM(AX14:AX16) -> 0 | AY13: =SUM(AY14:AY16) -> 0 | AZ13: =SUM(AZ14:AZ16) -> 0 | ... BE13: =SUM(BE14:BE16) -> 0 | BG13: =SUM(BG14:BG16) -> 0 | BH13: =SUM(BH14:BH16) -> 0 | BI13: =SUM(BI14:BI16) -> 0 | BJ13: =SUM(BJ14:BJ16) -> 0 | BK13: =SUM(BK14:BK16) -> 0 | BL13: =SUM(BL14:BL16) -> 0 | BM13: =SUM(BM14:BM16) -> 0 | BN13: =SUM(BN14:BN16) -> 0 | ... BS13: =SUM(BS14:BS16) -> 0 | BU13: =SUM(BU14:BU16) -> 0 | BV13: =SUM(BV14:BV16) -> 0 | BW13: =SUM(BW14:BW16) -> 0 | BX13: =SUM(BX14:BX16) -> 0 | BY13: =SUM(BY14:BY16) -> 0 | BZ13: =SUM(BZ14:BZ16) -> 0 | CA13: =SUM(CA14:CA16) -> 0 | CB13: =SUM(CB14:CB16) -> 0 | ... CG13: =SUM(CG14:CG16) -> 0 | CI13: =SUM(CI14:CI16) -> 0 | CJ13: =SUM(CJ14:CJ16) -> 0 | CK13: =SUM(CK14:CK16) -> 0 | CL13: =SUM(CL14:CL16) -> 0 | CM13: =SUM(CM14:CM16) -> 0 | CN13: =SUM(CN14:CN16) -> 0 | CO13: =SUM(CO14:CO16) -> 0 | CP13: =SUM(CP14:CP16) -> 0 | ... CU13: =SUM(CU14:CU16) -> 0 | CW13: =SUM(CW14:CW16) -> 0 | CX13: =SUM(CX14:CX16) -> 0 | CY13: =SUM(CY14:CY16) -> 0 | CZ13: =SUM(CZ14:CZ16) -> 0 | DA13: =SUM(DA14:DA16) -> 0 | DB13: =SUM(DB14:DB16) -> 0 | DC13: =SUM(DC14:DC16) -> 0 | DD13: =SUM(DD14:DD16) -> 0 | ... DI13: =SUM(DI14:DI16) -> 0 | DK13: =SUM(DK14:DK16) -> 0 | DL13: =SUM(DL14:DL16) -> 0 | DM13: =SUM(DM14:DM16) -> 0 | DN13: =SUM(DN14:DN16) -> 0 | DO13: =SUM(DO14:DO16) -> 0 | DP13: =SUM(DP14:DP16) -> 0 | DQ13: =SUM(DQ14:DQ16) -> 0 | DR13: =SUM(DR14:DR16) -> 0 | ... DW13: =SUM(DW14:DW16) -> 0 | DY13: =SUM(DY14:DY16) -> 0 | DZ13: =SUM(DZ14:DZ16) -> 0 | EA13: =SUM(EA14:EA16) -> 0 | EB13: =SUM(EB14:EB16) -> 0 | EC13: =SUM(EC14:EC16) -> 0 | ED13: =SUM(ED14:ED16) -> 0 | EE13: =SUM(EE14:EE16) -> 0 | EF13: =SUM(EF14:EF16) -> 0 | ... EK13: =SUM(EK14:EK16) -> 0
A14: 521-BN | B14: Bán ngoài | C14: =Q14+AE14 -> 0 | D14: =R14+AF14 -> 0 | E14: =S14+AG14 -> 0 | F14: =T14+AH14 -> 0 | G14: =U14+AI14 -> 0 | H14: =V14+AJ14 -> 0 | I14: =W14+AK14 -> 0 | J14: =X14+AL14 -> 0 | ... N14: =AB14+AP14 -> 0 | O14: =SUM(C14:N14) -> 0 | AC14: =SUM(Q14:AB14) -> 0 | AE14: =AS14+BU14+CI14+CW14+DK14 -> 0 | AF14: =AT14+BV14+CJ14+CX14+DL14 -> 0 | AG14: =AU14+BW14+CK14+CY14+DM14 -> 0 | AH14: =AV14+BX14+CL14+CZ14+DN14 -> 0 | AI14: =AW14+BY14+CM14+DA14+DO14 -> 0 | AJ14: =AX14+BZ14+CN14+DB14+DP14 -> 0 | AK14: =AY14+CA14+CO14+DC14+DQ14 -> 0 | AL14: =AZ14+CB14+CP14+DD14+DR14 -> 0 | ... AP14: =BD14+CF14+CT14+DH14+DV14 -> 0 | AQ14: =SUM(AE14:AP14) -> 0 | BE14: =SUM(AS14:BD14) -> 0 | BG14: =BU14+CI14+CW14 -> 0 | BH14: =BV14+CJ14+CX14 -> 0 | BI14: =BW14+CK14+CY14 -> 0 | BJ14: =BX14+CL14+CZ14 -> 0 | BK14: =BY14+CM14+DA14 -> 0 | BL14: =BZ14+CN14+DB14 -> 0 | BM14: =CA14+CO14+DC14 -> 0 | BN14: =CB14+CP14+DD14 -> 0 | ... BR14: =CF14+CT14+DH14 -> 0 | BS14: =SUM(BG14:BR14) -> 0 | CG14: =SUM(BU14:CF14) -> 0 | CU14: =SUM(CI14:CT14) -> 0 | DI14: =SUM(CW14:DH14) -> 0 | DW14: =SUM(DK14:DV14) -> 0 | EK14: =SUM(DY14:EJ14) -> 0
A15: 521-MC | B15: Mẹ-Con | C15: =Q15+AE15 -> 0 | D15: =R15+AF15 -> 0 | E15: =S15+AG15 -> 0 | F15: =T15+AH15 -> 0 | G15: =U15+AI15 -> 0 | H15: =V15+AJ15 -> 0 | I15: =W15+AK15 -> 0 | J15: =X15+AL15 -> 0 | ... N15: =AB15+AP15 -> 0 | O15: =SUM(C15:N15) -> 0 | AC15: =SUM(Q15:AB15) -> 0 | AE15: =AS15+BU15+CI15+CW15+DK15 -> 0 | AF15: =AT15+BV15+CJ15+CX15+DL15 -> 0 | AG15: =AU15+BW15+CK15+CY15+DM15 -> 0 | AH15: =AV15+BX15+CL15+CZ15+DN15 -> 0 | AI15: =AW15+BY15+CM15+DA15+DO15 -> 0 | AJ15: =AX15+BZ15+CN15+DB15+DP15 -> 0 | AK15: =AY15+CA15+CO15+DC15+DQ15 -> 0 | AL15: =AZ15+CB15+CP15+DD15+DR15 -> 0 | ... AP15: =BD15+CF15+CT15+DH15+DV15 -> 0 | AQ15: =SUM(AE15:AP15) -> 0 | BE15: =SUM(AS15:BD15) -> 0 | BG15: =BU15+CI15+CW15 -> 0 | BH15: =BV15+CJ15+CX15 -> 0 | BI15: =BW15+CK15+CY15 -> 0 | BJ15: =BX15+CL15+CZ15 -> 0 | BK15: =BY15+CM15+DA15 -> 0 | BL15: =BZ15+CN15+DB15 -> 0 | BM15: =CA15+CO15+DC15 -> 0 | BN15: =CB15+CP15+DD15 -> 0 | ... BR15: =CF15+CT15+DH15 -> 0 | BS15: =SUM(BG15:BR15) -> 0 | CG15: =SUM(BU15:CF15) -> 0 | CU15: =SUM(CI15:CT15) -> 0 | DI15: =SUM(CW15:DH15) -> 0 | DW15: =SUM(DK15:DV15) -> 0 | EK15: =SUM(DY15:EJ15) -> 0
A16: 521-CC | B16: Con-Con | C16: =Q16+AE16 -> 0 | D16: =R16+AF16 -> 0 | E16: =S16+AG16 -> 0 | F16: =T16+AH16 -> 0 | G16: =U16+AI16 -> 0 | H16: =V16+AJ16 -> 0 | I16: =W16+AK16 -> 0 | J16: =X16+AL16 -> 0 | ... N16: =AB16+AP16 -> 0 | O16: =SUM(C16:N16) -> 0 | AC16: =SUM(Q16:AB16) -> 0 | AE16: =AS16+BU16+CI16+CW16+DK16 -> 0 | AF16: =AT16+BV16+CJ16+CX16+DL16 -> 0 | AG16: =AU16+BW16+CK16+CY16+DM16 -> 0 | AH16: =AV16+BX16+CL16+CZ16+DN16 -> 0 | AI16: =AW16+BY16+CM16+DA16+DO16 -> 0 | AJ16: =AX16+BZ16+CN16+DB16+DP16 -> 0 | AK16: =AY16+CA16+CO16+DC16+DQ16 -> 0 | AL16: =AZ16+CB16+CP16+DD16+DR16 -> 0 | ... AP16: =BD16+CF16+CT16+DH16+DV16 -> 0 | AQ16: =SUM(AE16:AP16) -> 0 | BE16: =SUM(AS16:BD16) -> 0 | BG16: =BU16+CI16+CW16 -> 0 | BH16: =BV16+CJ16+CX16 -> 0 | BI16: =BW16+CK16+CY16 -> 0 | BJ16: =BX16+CL16+CZ16 -> 0 | BK16: =BY16+CM16+DA16 -> 0 | BL16: =BZ16+CN16+DB16 -> 0 | BM16: =CA16+CO16+DC16 -> 0 | BN16: =CB16+CP16+DD16 -> 0 | ... BR16: =CF16+CT16+DH16 -> 0 | BS16: =SUM(BG16:BR16) -> 0 | CG16: =SUM(BU16:CF16) -> 0 | CU16: =SUM(CI16:CT16) -> 0 | DI16: =SUM(CW16:DH16) -> 0 | DW16: =SUM(DK16:DV16) -> 0 | EK16: =SUM(DY16:EJ16) -> 0
A17: 4 | B17: 3.Doanh thu thuần về bán hàng và cung cấp dịch vụ | C17: =SUM(C18:C20) -> 1.2950534e+11 | D17: =SUM(D18:D20) -> 1.2797444e+11 | E17: =SUM(E18:E20) -> 1.4159949e+11 | F17: =SUM(F18:F20) -> 1.3178227e+11 | G17: =SUM(G18:G20) -> 1.4024431e+11 | H17: =SUM(H18:H20) -> 1.414093e+11 | I17: =SUM(I18:I20) -> 1.4540406e+11 | J17: =SUM(J18:J20) -> 1.4127636e+11 | ... O17: =SUM(O18:O20) -> 1.6787476e+12 | Q17: =SUM(Q18:Q20) -> -28404956250 | R17: =SUM(R18:R20) -> -20210556250 | S17: =SUM(S18:S20) -> -33329800000 | T17: =SUM(T18:T20) -> -40468427500 | U17: =SUM(U18:U20) -> -41125912500 | V17: =SUM(V18:V20) -> -41125912500 | W17: =SUM(W18:W20) -> -41783397500 | X17: =SUM(X18:X20) -> -41806927500 | ... AC17: =SUM(AC18:AC20) -> -458198101250 | AE17: =SUM(AE18:AE20) -> 1.579103e+11 | AF17: =SUM(AF18:AF20) -> 1.48185e+11 | AG17: =SUM(AG18:AG20) -> 1.7492929e+11 | AH17: =SUM(AH18:AH20) -> 1.7225069e+11 | AI17: =SUM(AI18:AI20) -> 1.8137022e+11 | AJ17: =SUM(AJ18:AJ20) -> 1.8253521e+11 | AK17: =SUM(AK18:AK20) -> 1.8718745e+11 | AL17: =SUM(AL18:AL20) -> 1.8308329e+11 | ... AQ17: =SUM(AQ18:AQ20) -> 2.1369457e+12 | AS17: =SUM(AS18:AS20) -> 1.2950534e+11 | AT17: =SUM(AT18:AT20) -> 1.2797444e+11 | AU17: =SUM(AU18:AU20) -> 1.4159949e+11 | AV17: =SUM(AV18:AV20) -> 1.3178227e+11 | AW17: =SUM(AW18:AW20) -> 1.4024431e+11 | AX17: =SUM(AX18:AX20) -> 1.414093e+11 | AY17: =SUM(AY18:AY20) -> 1.4540406e+11 | AZ17: =SUM(AZ18:AZ20) -> 1.4127636e+11 | ... BE17: =SUM(BE18:BE20) -> 1.6787476e+12 | BG17: =SUM(BG18:BG20) -> 28404956250 | BH17: =SUM(BH18:BH20) -> 20210556250 | BI17: =SUM(BI18:BI20) -> 33329800000 | BJ17: =SUM(BJ18:BJ20) -> 40468427500 | BK17: =SUM(BK18:BK20) -> 41125912500 | BL17: =SUM(BL18:BL20) -> 41125912500 | BM17: =SUM(BM18:BM20) -> 41783397500 | BN17: =SUM(BN18:BN20) -> 41806927500 | ... BS17: =SUM(BS18:BS20) -> 458198101250 | BU17: =SUM(BU18:BU20) -> 9420187500 | BV17: =SUM(BV18:BV20) -> 5652112500 | BW17: =SUM(BW18:BW20) -> 12443100000 | BX17: =SUM(BX18:BX20) -> 15779640000 | BY17: =SUM(BY18:BY20) -> 16437125000 | BZ17: =SUM(BZ18:BZ20) -> 16437125000 | CA17: =SUM(CA18:CA20) -> 17094610000 | CB17: =SUM(CB18:CB20) -> 17118140000 | ... CG17: =SUM(CG18:CG20) -> 177488853750 | CI17: =SUM(CI18:CI20) -> 7469550000 | CJ17: =SUM(CJ18:CJ20) -> 5602162500 | CK17: =SUM(CK18:CK20) -> 8092012500 | CL17: =SUM(CL18:CL20) -> 8714475000 | CM17: =SUM(CM18:CM20) -> 8714475000 | CN17: =SUM(CN18:CN20) -> 8714475000 | CO17: =SUM(CO18:CO20) -> 8714475000 | CP17: =SUM(CP18:CP20) -> 8714475000 | ... CU17: =SUM(CU18:CU20) -> 99594000000 | CW17: =SUM(CW18:CW20) -> 11515218750 | CX17: =SUM(CX18:CX20) -> 8956281250 | CY17: =SUM(CY18:CY20) -> 12794687500 | CZ17: =SUM(CZ18:CZ20) -> 15974312500 | DA17: =SUM(DA18:DA20) -> 15974312500 | DB17: =SUM(DB18:DB20) -> 15974312500 | DC17: =SUM(DC18:DC20) -> 15974312500 | DD17: =SUM(DD18:DD20) -> 15974312500 | ... DI17: =SUM(DI18:DI20) -> 181115247500 | DK17: =SUM(DK18:DK20) -> 0 | DL17: =SUM(DL18:DL20) -> 0 | DM17: =SUM(DM18:DM20) -> 0 | DN17: =SUM(DN18:DN20) -> 0 | DO17: =SUM(DO18:DO20) -> 0 | DP17: =SUM(DP18:DP20) -> 0 | DQ17: =SUM(DQ18:DQ20) -> 0 | DR17: =SUM(DR18:DR20) -> 0 | ... DW17: =SUM(DW18:DW20) -> 0 | DY17: =SUM(DY18:DY20) -> 0 | DZ17: =SUM(DZ18:DZ20) -> 0 | EA17: =SUM(EA18:EA20) -> 0 | EB17: =SUM(EB18:EB20) -> 0 | EC17: =SUM(EC18:EC20) -> 0 | ED17: =SUM(ED18:ED20) -> 0 | EE17: =SUM(EE18:EE20) -> 0 | EF17: =SUM(EF18:EF20) -> 0 | ... EK17: =SUM(EK18:EK20) -> 0
A18: DTT-BN | B18: Bán ngoài | C18: =C10-C14 -> 1.2950534e+11 | D18: =D10-D14 -> 1.2797444e+11 | E18: =E10-E14 -> 1.4159949e+11 | F18: =F10-F14 -> 1.3178227e+11 | G18: =G10-G14 -> 1.4024431e+11 | H18: =H10-H14 -> 1.414093e+11 | I18: =I10-I14 -> 1.4540406e+11 | J18: =J10-J14 -> 1.4127636e+11 | ... O18: =O10-O14 -> 1.6787476e+12 | Q18: =Q10-Q14 -> 0 | R18: =R10-R14 -> 0 | S18: =S10-S14 -> 0 | T18: =T10-T14 -> 0 | U18: =U10-U14 -> 0 | V18: =V10-V14 -> 0 | W18: =W10-W14 -> 0 | X18: =X10-X14 -> 0 | ... AC18: =AC10-AC14 -> 0 | AE18: =AE10-AE14 -> 1.2950534e+11 | AF18: =AF10-AF14 -> 1.2797444e+11 | AG18: =AG10-AG14 -> 1.4159949e+11 | AH18: =AH10-AH14 -> 1.3178227e+11 | AI18: =AI10-AI14 -> 1.4024431e+11 | AJ18: =AJ10-AJ14 -> 1.414093e+11 | AK18: =AK10-AK14 -> 1.4540406e+11 | AL18: =AL10-AL14 -> 1.4127636e+11 | ... AQ18: =AQ10-AQ14 -> 1.6787476e+12 | AS18: =AS10-AS14 -> 1.2950534e+11 | AT18: =AT10-AT14 -> 1.2797444e+11 | AU18: =AU10-AU14 -> 1.4159949e+11 | AV18: =AV10-AV14 -> 1.3178227e+11 | AW18: =AW10-AW14 -> 1.4024431e+11 | AX18: =AX10-AX14 -> 1.414093e+11 | AY18: =AY10-AY14 -> 1.4540406e+11 | AZ18: =AZ10-AZ14 -> 1.4127636e+11 | ... BE18: =BE10-BE14 -> 1.6787476e+12 | BG18: =BG10-BG14 -> 0 | BH18: =BH10-BH14 -> 0 | BI18: =BI10-BI14 -> 0 | BJ18: =BJ10-BJ14 -> 0 | BK18: =BK10-BK14 -> 0 | BL18: =BL10-BL14 -> 0 | BM18: =BM10-BM14 -> 0 | BN18: =BN10-BN14 -> 0 | ... BS18: =BS10-BS14 -> 0 | BU18: =BU10-BU14 -> 0 | BV18: =BV10-BV14 -> 0 | BW18: =BW10-BW14 -> 0 | BX18: =BX10-BX14 -> 0 | BY18: =BY10-BY14 -> 0 | BZ18: =BZ10-BZ14 -> 0 | CA18: =CA10-CA14 -> 0 | CB18: =CB10-CB14 -> 0 | ... CG18: =CG10-CG14 -> 0 | CI18: =CI10-CI14 -> 0 | CJ18: =CJ10-CJ14 -> 0 | CK18: =CK10-CK14 -> 0 | CL18: =CL10-CL14 -> 0 | CM18: =CM10-CM14 -> 0 | CN18: =CN10-CN14 -> 0 | CO18: =CO10-CO14 -> 0 | CP18: =CP10-CP14 -> 0 | ... CU18: =CU10-CU14 -> 0 | CW18: =CW10-CW14 -> 0 | CX18: =CX10-CX14 -> 0 | CY18: =CY10-CY14 -> 0 | CZ18: =CZ10-CZ14 -> 0 | DA18: =DA10-DA14 -> 0 | DB18: =DB10-DB14 -> 0 | DC18: =DC10-DC14 -> 0 | DD18: =DD10-DD14 -> 0 | ... DI18: =DI10-DI14 -> 0 | DK18: =DK10-DK14 -> 0 | DL18: =DL10-DL14 -> 0 | DM18: =DM10-DM14 -> 0 | DN18: =DN10-DN14 -> 0 | DO18: =DO10-DO14 -> 0 | DP18: =DP10-DP14 -> 0 | DQ18: =DQ10-DQ14 -> 0 | DR18: =DR10-DR14 -> 0 | ... DW18: =DW10-DW14 -> 0 | DY18: =DY10-DY14 -> 0 | DZ18: =DZ10-DZ14 -> 0 | EA18: =EA10-EA14 -> 0 | EB18: =EB10-EB14 -> 0 | EC18: =EC10-EC14 -> 0 | ED18: =ED10-ED14 -> 0 | EE18: =EE10-EE14 -> 0 | EF18: =EF10-EF14 -> 0 | ... EK18: =EK10-EK14 -> 0
A19: DTT-MC | B19: Mẹ-Con | C19: =C11-C15 -> 0 | D19: =D11-D15 -> 0 | E19: =E11-E15 -> 0 | F19: =F11-F15 -> 0 | G19: =G11-G15 -> 0 | H19: =H11-H15 -> 0 | I19: =I11-I15 -> 0 | J19: =J11-J15 -> 0 | ... O19: =O11-O15 -> 0 | Q19: =Q11-Q15 -> -28404956250 | R19: =R11-R15 -> -20210556250 | S19: =S11-S15 -> -33329800000 | T19: =T11-T15 -> -40468427500 | U19: =U11-U15 -> -41125912500 | V19: =V11-V15 -> -41125912500 | W19: =W11-W15 -> -41783397500 | X19: =X11-X15 -> -41806927500 | ... AC19: =AC11-AC15 -> -458198101250 | AE19: =AE11-AE15 -> 28404956250 | AF19: =AF11-AF15 -> 20210556250 | AG19: =AG11-AG15 -> 33329800000 | AH19: =AH11-AH15 -> 40468427500 | AI19: =AI11-AI15 -> 41125912500 | AJ19: =AJ11-AJ15 -> 41125912500 | AK19: =AK11-AK15 -> 41783397500 | AL19: =AL11-AL15 -> 41806927500 | ... AQ19: =AQ11-AQ15 -> 458198101250 | AS19: =AS11-AS15 -> 0 | AT19: =AT11-AT15 -> 0 | AU19: =AU11-AU15 -> 0 | AV19: =AV11-AV15 -> 0 | AW19: =AW11-AW15 -> 0 | AX19: =AX11-AX15 -> 0 | AY19: =AY11-AY15 -> 0 | AZ19: =AZ11-AZ15 -> 0 | ... BE19: =BE11-BE15 -> 0 | BG19: =BG11-BG15 -> 28404956250 | BH19: =BH11-BH15 -> 20210556250 | BI19: =BI11-BI15 -> 33329800000 | BJ19: =BJ11-BJ15 -> 40468427500 | BK19: =BK11-BK15 -> 41125912500 | BL19: =BL11-BL15 -> 41125912500 | BM19: =BM11-BM15 -> 41783397500 | BN19: =BN11-BN15 -> 41806927500 | ... BS19: =BS11-BS15 -> 458198101250 | BU19: =BU11-BU15 -> 9420187500 | BV19: =BV11-BV15 -> 5652112500 | BW19: =BW11-BW15 -> 12443100000 | BX19: =BX11-BX15 -> 15779640000 | BY19: =BY11-BY15 -> 16437125000 | BZ19: =BZ11-BZ15 -> 16437125000 | CA19: =CA11-CA15 -> 17094610000 | CB19: =CB11-CB15 -> 17118140000 | ... CG19: =CG11-CG15 -> 177488853750 | CI19: =CI11-CI15 -> 7469550000 | CJ19: =CJ11-CJ15 -> 5602162500 | CK19: =CK11-CK15 -> 8092012500 | CL19: =CL11-CL15 -> 8714475000 | CM19: =CM11-CM15 -> 8714475000 | CN19: =CN11-CN15 -> 8714475000 | CO19: =CO11-CO15 -> 8714475000 | CP19: =CP11-CP15 -> 8714475000 | ... CU19: =CU11-CU15 -> 99594000000 | CW19: =CW11-CW15 -> 11515218750 | CX19: =CX11-CX15 -> 8956281250 | CY19: =CY11-CY15 -> 12794687500 | CZ19: =CZ11-CZ15 -> 15974312500 | DA19: =DA11-DA15 -> 15974312500 | DB19: =DB11-DB15 -> 15974312500 | DC19: =DC11-DC15 -> 15974312500 | DD19: =DD11-DD15 -> 15974312500 | ... DI19: =DI11-DI15 -> 181115247500 | DK19: =DK11-DK15 -> 0 | DL19: =DL11-DL15 -> 0 | DM19: =DM11-DM15 -> 0 | DN19: =DN11-DN15 -> 0 | DO19: =DO11-DO15 -> 0 | DP19: =DP11-DP15 -> 0 | DQ19: =DQ11-DQ15 -> 0 | DR19: =DR11-DR15 -> 0 | ... DW19: =DW11-DW15 -> 0 | DY19: =DY11-DY15 -> 0 | DZ19: =DZ11-DZ15 -> 0 | EA19: =EA11-EA15 -> 0 | EB19: =EB11-EB15 -> 0 | EC19: =EC11-EC15 -> 0 | ED19: =ED11-ED15 -> 0 | EE19: =EE11-EE15 -> 0 | EF19: =EF11-EF15 -> 0 | ... EK19: =EK11-EK15 -> 0
A20: DTT-CC | B20: Con-Con | C20: =C12-C16 -> 0 | D20: =D12-D16 -> 0 | E20: =E12-E16 -> 0 | F20: =F12-F16 -> 0 | G20: =G12-G16 -> 0 | H20: =H12-H16 -> 0 | I20: =I12-I16 -> 0 | J20: =J12-J16 -> 0 | ... O20: =O12-O16 -> 0 | Q20: =Q12-Q16 -> 0 | R20: =R12-R16 -> 0 | S20: =S12-S16 -> 0 | T20: =T12-T16 -> 0 | U20: =U12-U16 -> 0 | V20: =V12-V16 -> 0 | W20: =W12-W16 -> 0 | X20: =X12-X16 -> 0 | ... AC20: =AC12-AC16 -> 0 | AE20: =AE12-AE16 -> 0 | AF20: =AF12-AF16 -> 0 | AG20: =AG12-AG16 -> 0 | AH20: =AH12-AH16 -> 0 | AI20: =AI12-AI16 -> 0 | AJ20: =AJ12-AJ16 -> 0 | AK20: =AK12-AK16 -> 0 | AL20: =AL12-AL16 -> 0 | ... AQ20: =AQ12-AQ16 -> 0 | AS20: =AS12-AS16 -> 0 | AT20: =AT12-AT16 -> 0 | AU20: =AU12-AU16 -> 0 | AV20: =AV12-AV16 -> 0 | AW20: =AW12-AW16 -> 0 | AX20: =AX12-AX16 -> 0 | AY20: =AY12-AY16 -> 0 | AZ20: =AZ12-AZ16 -> 0 | ... BE20: =BE12-BE16 -> 0 | BG20: =BG12-BG16 -> 0 | BH20: =BH12-BH16 -> 0 | BI20: =BI12-BI16 -> 0 | BJ20: =BJ12-BJ16 -> 0 | BK20: =BK12-BK16 -> 0 | BL20: =BL12-BL16 -> 0 | BM20: =BM12-BM16 -> 0 | BN20: =BN12-BN16 -> 0 | ... BS20: =BS12-BS16 -> 0 | BU20: =BU12-BU16 -> 0 | BV20: =BV12-BV16 -> 0 | BW20: =BW12-BW16 -> 0 | BX20: =BX12-BX16 -> 0 | BY20: =BY12-BY16 -> 0 | BZ20: =BZ12-BZ16 -> 0 | CA20: =CA12-CA16 -> 0 | CB20: =CB12-CB16 -> 0 | ... CG20: =CG12-CG16 -> 0 | CI20: =CI12-CI16 -> 0 | CJ20: =CJ12-CJ16 -> 0 | CK20: =CK12-CK16 -> 0 | CL20: =CL12-CL16 -> 0 | CM20: =CM12-CM16 -> 0 | CN20: =CN12-CN16 -> 0 | CO20: =CO12-CO16 -> 0 | CP20: =CP12-CP16 -> 0 | ... CU20: =CU12-CU16 -> 0 | CW20: =CW12-CW16 -> 0 | CX20: =CX12-CX16 -> 0 | CY20: =CY12-CY16 -> 0 | CZ20: =CZ12-CZ16 -> 0 | DA20: =DA12-DA16 -> 0 | DB20: =DB12-DB16 -> 0 | DC20: =DC12-DC16 -> 0 | DD20: =DD12-DD16 -> 0 | ... DI20: =DI12-DI16 -> 0 | DK20: =DK12-DK16 -> 0 | DL20: =DL12-DL16 -> 0 | DM20: =DM12-DM16 -> 0 | DN20: =DN12-DN16 -> 0 | DO20: =DO12-DO16 -> 0 | DP20: =DP12-DP16 -> 0 | DQ20: =DQ12-DQ16 -> 0 | DR20: =DR12-DR16 -> 0 | ... DW20: =DW12-DW16 -> 0 | DY20: =DY12-DY16 -> 0 | DZ20: =DZ12-DZ16 -> 0 | EA20: =EA12-EA16 -> 0 | EB20: =EB12-EB16 -> 0 | EC20: =EC12-EC16 -> 0 | ED20: =ED12-ED16 -> 0 | EE20: =EE12-EE16 -> 0 | EF20: =EF12-EF16 -> 0 | ... EK20: =EK12-EK16 -> 0
A21: 5 | B21: 4.Giá vốn hàng bán | C21: =SUM(C22:C24)-C25+C26 -> 1.112126e+11 | D21: =SUM(D22:D24)-D25+D26 -> 1.1487344e+11 | E21: =SUM(E22:E24)-E25+E26 -> 1.1977663e+11 | F21: =SUM(F22:F24)-F25+F26 -> 1.1273471e+11 | G21: =SUM(G22:G24)-G25+G26 -> 1.1787345e+11 | H21: =SUM(H22:H24)-H25+H26 -> 1.2058265e+11 | I21: =SUM(I22:I24)-I25+I26 -> 1.1780873e+11 | J21: =SUM(J22:J24)-J25+J26 -> 1.1382363e+11 | ... O21: =SUM(O22:O24)-O25+O26 -> 1.3991907e+12 | Q21: =SUM(Q22:Q24)-Q25+Q26 -> -2.7323303e+10 | R21: =SUM(R22:R24)-R25+R26 -> -2.0004196e+10 | S21: =SUM(S22:S24)-S25+S26 -> -3.2018611e+10 | T21: =SUM(T22:T24)-T25+T26 -> -3.8778923e+10 | U21: =SUM(U22:U24)-U25+U26 -> -4.052545e+10 | V21: =SUM(V22:V24)-V25+V26 -> -3.9739119e+10 | W21: =SUM(W22:W24)-W25+W26 -> -4.1465121e+10 | X21: =SUM(X22:X24)-X25+X26 -> -4.1838144e+10 | ... AC21: =SUM(AC22:AC24)-AC25+AC26 -> -4.510505e+11 | AE21: =SUM(AE22:AE24)-AE25+AE26 -> 1.385359e+11 | AF21: =SUM(AF22:AF24)-AF25+AF26 -> 1.3487763e+11 | AG21: =SUM(AG22:AG24)-AG25+AG26 -> 1.5179524e+11 | AH21: =SUM(AH22:AH24)-AH25+AH26 -> 1.5151364e+11 | AI21: =SUM(AI22:AI24)-AI25+AI26 -> 1.583989e+11 | AJ21: =SUM(AJ22:AJ24)-AJ25+AJ26 -> 1.6032176e+11 | AK21: =SUM(AK22:AK24)-AK25+AK26 -> 1.5927385e+11 | AL21: =SUM(AL22:AL24)-AL25+AL26 -> 1.5566177e+11 | ... AQ21: =SUM(AQ22:AQ24)-AQ25+AQ26 -> 1.8502412e+12 | AS21: =SUM(AS22:AS24)-AS25+AS26 -> 1.1157315e+11 | AT21: =SUM(AT22:AT24)-AT25+AT26 -> 1.1494222e+11 | AU21: =SUM(AU22:AU24)-AU25+AU26 -> 1.2021369e+11 | AV21: =SUM(AV22:AV24)-AV25+AV26 -> 1.1329788e+11 | AW21: =SUM(AW22:AW24)-AW25+AW26 -> 1.195158e+11 | AX21: =SUM(AX22:AX24)-AX25+AX26 -> 1.2132006e+11 | AY21: =SUM(AY22:AY24)-AY25+AY26 -> 1.1966307e+11 | AZ21: =SUM(AZ22:AZ24)-AZ25+AZ26 -> 1.1606589e+11 | ... BE21: =SUM(BE22:BE24)-BE25+BE26 -> 1.4160422e+12 | BG21: =SUM(BG22:BG24)-BG25+BG26 -> 2.6962752e+10 | BH21: =SUM(BH22:BH24)-BH25+BH26 -> 1.9935409e+10 | BI21: =SUM(BI22:BI24)-BI25+BI26 -> 3.1581548e+10 | BJ21: =SUM(BJ22:BJ24)-BJ25+BJ26 -> 3.8215755e+10 | BK21: =SUM(BK22:BK24)-BK25+BK26 -> 3.8883091e+10 | BL21: =SUM(BL22:BL24)-BL25+BL26 -> 3.9001707e+10 | BM21: =SUM(BM22:BM24)-BM25+BM26 -> 3.9610777e+10 | BN21: =SUM(BN22:BN24)-BN25+BN26 -> 3.9595876e+10 | ... BS21: =SUM(BS22:BS24)-BS25+BS26 -> 4.3419899e+11 | BU21: =SUM(BU22:BU24)-BU25+BU26 -> 8.4781575e+09 | BV21: =SUM(BV22:BV24)-BV25+BV26 -> 5.2357409e+09 | BW21: =SUM(BW22:BW24)-BW25+BW26 -> 1.1530977e+10 | BX21: =SUM(BX22:BX24)-BX25+BX26 -> 1.4968396e+10 | BY21: =SUM(BY22:BY24)-BY25+BY26 -> 1.5656323e+10 | BZ21: =SUM(BZ22:BZ24)-BZ25+BZ26 -> 1.5691296e+10 | CA21: =SUM(CA22:CA24)-CA25+CA26 -> 1.6260498e+10 | CB21: =SUM(CB22:CB24)-CB25+CB26 -> 1.6220815e+10 | ... CG21: =SUM(CG22:CG24)-CG25+CG26 -> 1.6798997e+11 | CI21: =SUM(CI22:CI24)-CI25+CI26 -> 7.0005377e+09 | CJ21: =SUM(CJ22:CJ24)-CJ25+CJ26 -> 5.4962515e+09 | CK21: =SUM(CK22:CK24)-CK25+CK26 -> 7.4726572e+09 | CL21: =SUM(CL22:CL24)-CL25+CL26 -> 8.0211247e+09 | CM21: =SUM(CM22:CM24)-CM25+CM26 -> 7.9796137e+09 | CN21: =SUM(CN22:CN24)-CN25+CN26 -> 8.023943e+09 | CO21: =SUM(CO22:CO24)-CO25+CO26 -> 8.0369903e+09 | CP21: =SUM(CP22:CP24)-CP25+CP26 -> 8.0545229e+09 | ... CU21: =SUM(CU22:CU24)-CU25+CU26 -> 9.2113709e+10 | CW21: =SUM(CW22:CW24)-CW25+CW26 -> 1.1484056e+10 | CX21: =SUM(CX22:CX24)-CX25+CX26 -> 9.2034163e+09 | CY21: =SUM(CY22:CY24)-CY25+CY26 -> 1.2577914e+10 | CZ21: =SUM(CZ22:CZ24)-CZ25+CZ26 -> 1.5226234e+10 | DA21: =SUM(DA22:DA24)-DA25+DA26 -> 1.5247155e+10 | DB21: =SUM(DB22:DB24)-DB25+DB26 -> 1.5286468e+10 | DC21: =SUM(DC22:DC24)-DC25+DC26 -> 1.5313288e+10 | DD21: =SUM(DD22:DD24)-DD25+DD26 -> 1.5320539e+10 | ... DI21: =SUM(DI22:DI24)-DI25+DI26 -> 1.7409531e+11 | DK21: =SUM(DK22:DK24)-DK25+DK26 -> 0 | DL21: =SUM(DL22:DL24)-DL25+DL26 -> 0 | DM21: =SUM(DM22:DM24)-DM25+DM26 -> 0 | DN21: =SUM(DN22:DN24)-DN25+DN26 -> 0 | DO21: =SUM(DO22:DO24)-DO25+DO26 -> 0 | DP21: =SUM(DP22:DP24)-DP25+DP26 -> 0 | DQ21: =SUM(DQ22:DQ24)-DQ25+DQ26 -> 0 | DR21: =SUM(DR22:DR24)-DR25+DR26 -> 0 | ... DW21: =SUM(DW22:DW24)-DW25+DW26 -> 0 | DY21: =SUM(DY22:DY24)-DY25+DY26 -> 0 | DZ21: =SUM(DZ22:DZ24)-DZ25+DZ26 -> 0 | EA21: =SUM(EA22:EA24)-EA25+EA26 -> 0 | EB21: =SUM(EB22:EB24)-EB25+EB26 -> 0 | EC21: =SUM(EC22:EC24)-EC25+EC26 -> 0 | ED21: =SUM(ED22:ED24)-ED25+ED26 -> 0 | EE21: =SUM(EE22:EE24)-EE25+EE26 -> 0 | EF21: =SUM(EF22:EF24)-EF25+EF26 -> 0 | ... EK21: =SUM(EK22:EK24)-EK25+EK26 -> 0
A22: 632-BN | B22: Bán ngoài | C22: =Q22+AE22 -> 1.1157315e+11 | D22: =R22+AF22 -> 1.1494222e+11 | E22: =S22+AG22 -> 1.2021369e+11 | F22: =T22+AH22 -> 1.1329788e+11 | G22: =U22+AI22 -> 1.195158e+11 | H22: =V22+AJ22 -> 1.2132006e+11 | I22: =W22+AK22 -> 1.1966307e+11 | J22: =X22+AL22 -> 1.1606589e+11 | ... N22: =AB22+AP22 -> 1.224094e+11 | O22: =SUM(C22:N22) -> 1.4160422e+12 | AC22: =SUM(Q22:AB22) -> 0 | AE22: =AS22+BU22+CI22+CW22+DK22 -> 1.1157315e+11 | AF22: =AT22+BV22+CJ22+CX22+DL22 -> 1.1494222e+11 | AG22: =AU22+BW22+CK22+CY22+DM22 -> 1.2021369e+11 | AH22: =AV22+BX22+CL22+CZ22+DN22 -> 1.1329788e+11 | AI22: =AW22+BY22+CM22+DA22+DO22 -> 1.195158e+11 | AJ22: =AX22+BZ22+CN22+DB22+DP22 -> 1.2132006e+11 | AK22: =AY22+CA22+CO22+DC22+DQ22 -> 1.1966307e+11 | AL22: =AZ22+CB22+CP22+DD22+DR22 -> 1.1606589e+11 | ... AP22: =BD22+CF22+CT22+DH22+DV22 -> 1.224094e+11 | AQ22: =SUM(AE22:AP22) -> 1.4160422e+12 | AS22: ='PL-KH26-DTR'!BL8 -> 1.1157315e+11 | AT22: ='PL-KH26-DTR'!BM8 -> 1.1494222e+11 | AU22: ='PL-KH26-DTR'!BN8 -> 1.2021369e+11 | AV22: ='PL-KH26-DTR'!BO8 -> 1.1329788e+11 | AW22: ='PL-KH26-DTR'!BP8 -> 1.195158e+11 | AX22: ='PL-KH26-DTR'!BQ8 -> 1.2132006e+11 | AY22: ='PL-KH26-DTR'!BR8 -> 1.1966307e+11 | AZ22: ='PL-KH26-DTR'!BS8 -> 1.1606589e+11 | ... BD22: ='PL-KH26-DTR'!BW8 -> 1.224094e+11 | BE22: =SUM(AS22:BD22) -> 1.4160422e+12 | BG22: =BU22+CI22+CW22 -> 0 | BH22: =BV22+CJ22+CX22 -> 0 | BI22: =BW22+CK22+CY22 -> 0 | BJ22: =BX22+CL22+CZ22 -> 0 | BK22: =BY22+CM22+DA22 -> 0 | BL22: =BZ22+CN22+DB22 -> 0 | BM22: =CA22+CO22+DC22 -> 0 | BN22: =CB22+CP22+DD22 -> 0 | ... BR22: =CF22+CT22+DH22 -> 0 | BS22: =SUM(BG22:BR22) -> 0 | CG22: =SUM(BU22:CF22) -> 0 | CU22: =SUM(CI22:CT22) -> 0 | DI22: =SUM(CW22:DH22) -> 0 | DW22: =SUM(DK22:DV22) -> 0 | EK22: =SUM(DY22:EJ22) -> 0
A23: 632-MC | B23: Mẹ-Con | C23: =Q23+AE23 -> -1.4422047e+09 | D23: =R23+AF23 -> -2.7514751e+08 | E23: =S23+AG23 -> -1.7482516e+09 | F23: =T23+AH23 -> -2.2526726e+09 | G23: =U23+AI23 -> -2.2428215e+09 | H23: =V23+AJ23 -> -2.1242051e+09 | I23: =W23+AK23 -> -2.1726208e+09 | J23: =X23+AL23 -> -2.2110511e+09 | ... N23: =AB23+AP23 -> -2.5142207e+09 | O23: =SUM(C23:N23) -> -2.3999115e+10 | Q23: =Q11 -> -28404956250 | R23: =R11 -> -20210556250 | S23: =S11 -> -33329800000 | T23: =T11 -> -40468427500 | U23: =U11 -> -41125912500 | V23: =V11 -> -41125912500 | W23: =W11 -> -41783397500 | X23: =X11 -> -41806927500 | ... AB23: =AB11 -> -43143480000 | AC23: =SUM(Q23:AB23) -> -458198101250 | AE23: =AS23+BU23+CI23+CW23+DK23 -> 2.6962752e+10 | AF23: =AT23+BV23+CJ23+CX23+DL23 -> 1.9935409e+10 | AG23: =AU23+BW23+CK23+CY23+DM23 -> 3.1581548e+10 | AH23: =AV23+BX23+CL23+CZ23+DN23 -> 3.8215755e+10 | AI23: =AW23+BY23+CM23+DA23+DO23 -> 3.8883091e+10 | AJ23: =AX23+BZ23+CN23+DB23+DP23 -> 3.9001707e+10 | AK23: =AY23+CA23+CO23+DC23+DQ23 -> 3.9610777e+10 | AL23: =AZ23+CB23+CP23+DD23+DR23 -> 3.9595876e+10 | ... AP23: =BD23+CF23+CT23+DH23+DV23 -> 4.0629259e+10 | AQ23: =SUM(AE23:AP23) -> 4.3419899e+11 | BE23: =SUM(AS23:BD23) -> 0 | BG23: =BU23+CI23+CW23 -> 2.6962752e+10 | BH23: =BV23+CJ23+CX23 -> 1.9935409e+10 | BI23: =BW23+CK23+CY23 -> 3.1581548e+10 | BJ23: =BX23+CL23+CZ23 -> 3.8215755e+10 | BK23: =BY23+CM23+DA23 -> 3.8883091e+10 | BL23: =BZ23+CN23+DB23 -> 3.9001707e+10 | BM23: =CA23+CO23+DC23 -> 3.9610777e+10 | BN23: =CB23+CP23+DD23 -> 3.9595876e+10 | ... BR23: =CF23+CT23+DH23 -> 4.0629259e+10 | BS23: =SUM(BG23:BR23) -> 4.3419899e+11 | BU23: ='PL-KH26-DongLam'!G16+'PL-KH26-DongLam'!G28+'PL-KH26-DongLam'!G32 -> 8.4781575e+09 | BV23: ='PL-KH26-DongLam'!H16+'PL-KH26-DongLam'!H28+'PL-KH26-DongLam'!H32 -> 5.2357409e+09 | BW23: ='PL-KH26-DongLam'!I16+'PL-KH26-DongLam'!I28+'PL-KH26-DongLam'!I32 -> 1.1530977e+10 | BX23: ='PL-KH26-DongLam'!J16+'PL-KH26-DongLam'!J28+'PL-KH26-DongLam'!J32 -> 1.4968396e+10 | BY23: ='PL-KH26-DongLam'!K16+'PL-KH26-DongLam'!K28+'PL-KH26-DongLam'!K32 -> 1.5656323e+10 | BZ23: ='PL-KH26-DongLam'!L16+'PL-KH26-DongLam'!L28+'PL-KH26-DongLam'!L32 -> 1.5691296e+10 | CA23: ='PL-KH26-DongLam'!M16+'PL-KH26-DongLam'!M28+'PL-KH26-DongLam'!M32 -> 1.6260498e+10 | CB23: ='PL-KH26-DongLam'!N16+'PL-KH26-DongLam'!N28+'PL-KH26-DongLam'!N32 -> 1.6220815e+10 | ... CF23: ='PL-KH26-DongLam'!R16+'PL-KH26-DongLam'!R28+'PL-KH26-DongLam'!R32 -> 1.6250235e+10 | CG23: =SUM(BU23:CF23) -> 1.6798997e+11 | CI23: ='PL-KH26-KhanhNga'!G15+'PL-KH26-KhanhNga'!G27+'PL-KH26-KhanhNga'!G31 -> 7.0005377e+09 | CJ23: ='PL-KH26-KhanhNga'!H15+'PL-KH26-KhanhNga'!H27+'PL-KH26-KhanhNga'!H31 -> 5.4962515e+09 | CK23: ='PL-KH26-KhanhNga'!I15+'PL-KH26-KhanhNga'!I27+'PL-KH26-KhanhNga'!I31 -> 7.4726572e+09 | CL23: ='PL-KH26-KhanhNga'!J15+'PL-KH26-KhanhNga'!J27+'PL-KH26-KhanhNga'!J31 -> 8.0211247e+09 | CM23: ='PL-KH26-KhanhNga'!K15+'PL-KH26-KhanhNga'!K27+'PL-KH26-KhanhNga'!K31 -> 7.9796137e+09 | CN23: ='PL-KH26-KhanhNga'!L15+'PL-KH26-KhanhNga'!L27+'PL-KH26-KhanhNga'!L31 -> 8.023943e+09 | CO23: ='PL-KH26-KhanhNga'!M15+'PL-KH26-KhanhNga'!M27+'PL-KH26-KhanhNga'!M31 -> 8.0369903e+09 | CP23: ='PL-KH26-KhanhNga'!N15+'PL-KH26-KhanhNga'!N27+'PL-KH26-KhanhNga'!N31 -> 8.0545229e+09 | ... CT23: ='PL-KH26-KhanhNga'!R15+'PL-KH26-KhanhNga'!R27+'PL-KH26-KhanhNga'!R31 -> 7.9997408e+09 | CU23: =SUM(CI23:CT23) -> 9.2113709e+10 | CW23: ='PL-KH26-DaiLoc'!F17+'PL-KH26-DaiLoc'!F29+'PL-KH26-DaiLoc'!F33 -> 1.1484056e+10 | CX23: ='PL-KH26-DaiLoc'!G17+'PL-KH26-DaiLoc'!G29+'PL-KH26-DaiLoc'!G33 -> 9.2034163e+09 | CY23: ='PL-KH26-DaiLoc'!H17+'PL-KH26-DaiLoc'!H29+'PL-KH26-DaiLoc'!H33 -> 1.2577914e+10 | CZ23: ='PL-KH26-DaiLoc'!I17+'PL-KH26-DaiLoc'!I29+'PL-KH26-DaiLoc'!I33 -> 1.5226234e+10 | DA23: ='PL-KH26-DaiLoc'!J17+'PL-KH26-DaiLoc'!J29+'PL-KH26-DaiLoc'!J33 -> 1.5247155e+10 | DB23: ='PL-KH26-DaiLoc'!K17+'PL-KH26-DaiLoc'!K29+'PL-KH26-DaiLoc'!K33 -> 1.5286468e+10 | DC23: ='PL-KH26-DaiLoc'!L17+'PL-KH26-DaiLoc'!L29+'PL-KH26-DaiLoc'!L33 -> 1.5313288e+10 | DD23: ='PL-KH26-DaiLoc'!M17+'PL-KH26-DaiLoc'!M29+'PL-KH26-DaiLoc'!M33 -> 1.5320539e+10 | ... DH23: ='PL-KH26-DaiLoc'!Q17+'PL-KH26-DaiLoc'!Q29+'PL-KH26-DaiLoc'!Q33 -> 1.6379284e+10 | DI23: =SUM(CW23:DH23) -> 1.7409531e+11 | DW23: =SUM(DK23:DV23) -> 0 | EK23: =SUM(DY23:EJ23) -> 0
A24: 632-CC | B24: Con-Con | C24: =Q24+AE24 -> 0 | D24: =R24+AF24 -> 0 | E24: =S24+AG24 -> 0 | F24: =T24+AH24 -> 0 | G24: =U24+AI24 -> 0 | H24: =V24+AJ24 -> 0 | I24: =W24+AK24 -> 0 | J24: =X24+AL24 -> 0 | ... N24: =AB24+AP24 -> 0 | O24: =SUM(C24:N24) -> 0 | AC24: =SUM(Q24:AB24) -> 0 | AE24: =AS24+BU24+CI24+CW24+DK24 -> 0 | AF24: =AT24+BV24+CJ24+CX24+DL24 -> 0 | AG24: =AU24+BW24+CK24+CY24+DM24 -> 0 | AH24: =AV24+BX24+CL24+CZ24+DN24 -> 0 | AI24: =AW24+BY24+CM24+DA24+DO24 -> 0 | AJ24: =AX24+BZ24+CN24+DB24+DP24 -> 0 | AK24: =AY24+CA24+CO24+DC24+DQ24 -> 0 | AL24: =AZ24+CB24+CP24+DD24+DR24 -> 0 | ... AP24: =BD24+CF24+CT24+DH24+DV24 -> 0 | AQ24: =SUM(AE24:AP24) -> 0 | BE24: =SUM(AS24:BD24) -> 0 | BG24: =BU24+CI24+CW24 -> 0 | BH24: =BV24+CJ24+CX24 -> 0 | BI24: =BW24+CK24+CY24 -> 0 | BJ24: =BX24+CL24+CZ24 -> 0 | BK24: =BY24+CM24+DA24 -> 0 | BL24: =BZ24+CN24+DB24 -> 0 | BM24: =CA24+CO24+DC24 -> 0 | BN24: =CB24+CP24+DD24 -> 0 | ... BR24: =CF24+CT24+DH24 -> 0 | BS24: =SUM(BG24:BR24) -> 0 | CG24: =SUM(BU24:CF24) -> 0 | CU24: =SUM(CI24:CT24) -> 0 | DI24: =SUM(CW24:DH24) -> 0 | DW24: =SUM(DK24:DV24) -> 0 | EK24: =SUM(DY24:EJ24) -> 0
A25: URP-DK | B25: URP đầu kỳ | C25: =Q25+AE25 -> 0 | D25: =R25+AF25 -> 1.0816536e+09 | E25: =S25+AG25 -> 1.2880142e+09 | F25: =T25+AH25 -> 2.5992029e+09 | G25: =U25+AI25 -> 4.2887073e+09 | H25: =V25+AJ25 -> 4.8891699e+09 | I25: =W25+AK25 -> 6.2759631e+09 | J25: =X25+AL25 -> 6.59424e+09 | ... N25: =AB25+AP25 -> 6.9202278e+09 | R25: =Q26 -> 1.0816536e+09 | S25: =R26 -> 1.2880142e+09 | T25: =S26 -> 2.5992029e+09 | U25: =T26 -> 4.2887073e+09 | V25: =U26 -> 4.8891699e+09 | W25: =V26 -> 6.2759631e+09 | X25: =W26 -> 6.59424e+09 | Y25: =X26 -> 6.5630238e+09 | ... AB25: =AA26 -> 6.9202278e+09
A26: URP-CK | B26: URP cuối kỳ | C26: =Q26+AE26 -> 1.0816536e+09 | D26: =R26+AF26 -> 1.2880142e+09 | E26: =S26+AG26 -> 2.5992029e+09 | F26: =T26+AH26 -> 4.2887073e+09 | G26: =U26+AI26 -> 4.8891699e+09 | H26: =V26+AJ26 -> 6.2759631e+09 | I26: =W26+AK26 -> 6.59424e+09 | J26: =X26+AL26 -> 6.5630238e+09 | ... N26: =AB26+AP26 -> 7.147605e+09 | O26: =N26 -> 7.147605e+09 | Q26: =IF(OR($R$1=1,$R$1=0),0,SUM(OFFSET(AE29,0,MAX(-(AE$4-1),-($R$1-1)),1,MIN(AE$4,$R$1)))/$R$1*($R$1-1)) -> 1.0816536e+09 | R26: =IF(OR($R$1=1,$R$1=0),0,SUM(OFFSET(AF29,0,MAX(-(AF$4-1),-($R$1-1)),1,MIN(AF$4,$R$1)))/$R$1*($R$1-1)) -> 1.2880142e+09 | S26: =IF(OR($R$1=1,$R$1=0),0,SUM(OFFSET(AG29,0,MAX(-(AG$4-1),-($R$1-1)),1,MIN(AG$4,$R$1)))/$R$1*($R$1-1)) -> 2.5992029e+09 | T26: =IF(OR($R$1=1,$R$1=0),0,SUM(OFFSET(AH29,0,MAX(-(AH$4-1),-($R$1-1)),1,MIN(AH$4,$R$1)))/$R$1*($R$1-1)) -> 4.2887073e+09 | U26: =IF(OR($R$1=1,$R$1=0),0,SUM(OFFSET(AI29,0,MAX(-(AI$4-1),-($R$1-1)),1,MIN(AI$4,$R$1)))/$R$1*($R$1-1)) -> 4.8891699e+09 | V26: =IF(OR($R$1=1,$R$1=0),0,SUM(OFFSET(AJ29,0,MAX(-(AJ$4-1),-($R$1-1)),1,MIN(AJ$4,$R$1)))/$R$1*($R$1-1)) -> 6.2759631e+09 | W26: =IF(OR($R$1=1,$R$1=0),0,SUM(OFFSET(AK29,0,MAX(-(AK$4-1),-($R$1-1)),1,MIN(AK$4,$R$1)))/$R$1*($R$1-1)) -> 6.59424e+09 | X26: =IF(OR($R$1=1,$R$1=0),0,SUM(OFFSET(AL29,0,MAX(-(AL$4-1),-($R$1-1)),1,MIN(AL$4,$R$1)))/$R$1*($R$1-1)) -> 6.5630238e+09 | ... AB26: =IF(OR($R$1=1,$R$1=0),0,SUM(OFFSET(AP29,0,MAX(-(AP$4-1),-($R$1-1)),1,MIN(AP$4,$R$1)))/$R$1*($R$1-1)) -> 7.147605e+09 | AC26: =AB26 -> 7.147605e+09 | AQ26: =AP26 -> 0 | BE26: =BD26 -> 0 | BS26: =BR26 -> 0 | CG26: =CF26 -> 0 | CU26: =CT26 -> 0 | DI26: =DH26 -> 0 | DW26: =DV26 -> 0 | EK26: =EJ26 -> 0
