Workbook
Name \A: #REF!
Name \M: #REF!
Name ___ATS98: #REF!
Name ___BGT02: #REF!
Name ___CHF98: #REF!
Name ___CHX2002: #REF!
Name ___CHX2003: #REF!
Name ___CHX2004: #REF!
Name ___CHX2005: #REF!
Name ___DTB2003: #REF!
Name ___DTB2004: #REF!
Name ___LY01: #REF!
Name ___Mkt1: #REF!
Name ___VAR1: #REF!
Name ___VAR2: #REF!
Name ___var22: #REF!
Name ___VAR3: #REF!
Name ___VAR4: #REF!
Name ___VAR5: #REF!
Name ___VAR6: #REF!
Name ___VAR7: #REF!
Name __ATS98: #REF!
Name __BGT02: #REF!
Name __CHF98: #REF!
Name __CHX2002: #REF!
Name __CHX2003: #REF!
Name __CHX2004: #REF!
Name __CHX2005: #REF!
Name __DAT1: #REF!
Name __DAT10: #REF!
Name __DAT11: #REF!
Name __DAT12: #REF!
Name __DAT13: #REF!
Name __DAT14: #REF!
Name __DAT15: #REF!
Name __DAT16: #REF!
Name __DAT17: #REF!
Name __DAT18: #REF!
Name __DAT19: #REF!
Name __DAT2: #REF!
Name __DAT20: #REF!
Name __DAT21: #REF!
Name __DAT22: #REF!
Name __DAT23: #REF!
Name __DAT24: #REF!
Name __DAT25: #REF!
Name __DAT26: #REF!
Name __DAT27: #REF!
Name __DAT28: #REF!
Name __DAT29: #REF!
Name __DAT3: #REF!
Name __DAT30: #REF!
Name __DAT31: #REF!
Name __DAT32: #REF!
Name __DAT33: #REF!
Name __DAT34: #REF!
Name __DAT35: #REF!
Name __DAT36: #REF!
Name __DAT37: #REF!
Name __DAT38: #REF!

Sheet Trình bày
B1: DANH MỤC THÀNH PHẨM
A4: STT | B4: Mã SAP | C4: Tên hàng hóa | D4: Màu | E4: Tồn kho 17/04/2026 (kg) | F4: Số lượng bán BQ 2026 (kg/ tháng) | G4: Giá duyệt T4 (USD/ tấn) | H4: Giá bán đề nghị T5 (USD/ tấn) | I4: CL T5 sv T4 (USD/ tấn) | J4: Giá vốn | K4: Lợi nhuận trước thuế | L4: % lợi nhuận trước thuế | M4: Giá đề nghị của kinh doanh | N4: Ghi chú | O4: Sử dụng phó sản
A5: A | B5: rPET
A6: I | B6: MÃ HÀNG ĐANG BÁN
A7: 1 | B7: 110000354 | C7: Hạt nhựa rPET WSS01G 1 | E7: =SUMIFS('tồn TP 17.04'!F:F,'tồn TP 17.04'!A:A,'Trình bày'!B7) -> 737486 | F7: =IFERROR(_xlfn.XLOOKUP(B7,'tồn TP 17.04'!A:A,'tồn TP 17.04'!J:J),0) -> 2156000 | G7: 1280 | H7: 1380 | I7: =H7-G7 -> 100 | J7: 1157 | K7: =(H7-J7) -> 223 | L7: =+K7/H7 -> 0.1615942
A8: =+A7+1 -> 2 | B8: 110000355 | C8: Hạt nhựa rPET iSS01G 1 | E8: =SUMIFS('tồn TP 17.04'!F:F,'tồn TP 17.04'!A:A,'Trình bày'!B8) -> 70122.75 | F8: =IFERROR(_xlfn.XLOOKUP(B8,'tồn TP 17.04'!A:A,'tồn TP 17.04'!J:J),0) -> 198016.67 | G8: =+G7+30 -> 1310 | H8: =+H7+30 -> 1410 | I8: =H8-G8 -> 100 | J8: =+J7 -> 1157 | K8: =(H8-J8) -> 253 | L8: =+K8/H8 -> 0.17943262
A9: =+A8+1 -> 3 | B9: 110000332 | C9: Hạt nhựa rPET iSS01084G | E9: =SUMIFS('tồn TP 17.04'!F:F,'tồn TP 17.04'!A:A,'Trình bày'!B9) -> 428988.2 | F9: =IFERROR(_xlfn.XLOOKUP(B9,'tồn TP 17.04'!A:A,'tồn TP 17.04'!J:J),0) -> 595466.67 | G9: =G7+90 -> 1370 | H9: =H7+90 -> 1470 | I9: =H9-G9 -> 100 | J9: 1221 | K9: =(H9-J9) -> 249 | L9: =+K9/H9 -> 0.16938776
A10: =+A9+1 -> 4 | B10: 110000359 | C10: Hạt nhựa rPET WSS03G | E10: =SUMIFS('tồn TP 17.04'!F:F,'tồn TP 17.04'!A:A,'Trình bày'!B10) -> 1911089.5 | F10: =IFERROR(_xlfn.XLOOKUP(B10,'tồn TP 17.04'!A:A,'tồn TP 17.04'!J:J),0) -> 303283.33 | G10: =+G7-70 -> 1210 | H10: =+H7-70 -> 1310 | I10: =H10-G10 -> 100 | J10: =+J7 -> 1157 | K10: =(H10-J10) -> 153 | L10: =+K10/H10 -> 0.11679389
A11: =+A10+1 -> 5 | B11: 110000329 | C11: Hạt nhựa rPET WSS01 | E11: =SUMIFS('tồn TP 17.04'!F:F,'tồn TP 17.04'!A:A,'Trình bày'!B11) -> 384888 | F11: =IFERROR(_xlfn.XLOOKUP(B11,'tồn TP 17.04'!A:A,'tồn TP 17.04'!J:J),0) -> 36666.667 | G11: 1290 | H11: 1290 | I11: =H11-G11 -> 0 | J11: 1239 | K11: =(H11-J11) -> 51 | L11: =+K11/H11 -> 0.039534884 | N11: Bán cho Lavie
A12: =+A11+1 -> 6 | B12: 110000497 | C12: Hạt Nhựa rPET WSS01G-L | E12: =SUMIFS('tồn TP 17.04'!F:F,'tồn TP 17.04'!A:A,'Trình bày'!B12) -> 0 | F12: =IFERROR(_xlfn.XLOOKUP(B12,'tồn TP 17.04'!A:A,'tồn TP 17.04'!J:J),0) -> 0 | I12: =H12-G12 -> 0 | K12: =(H12-J12) -> 0
A13: =+A12+1 -> 7 | B13: 110000499 | C13: Hạt Nhựa rPET WSS01L | E13: =SUMIFS('tồn TP 17.04'!F:F,'tồn TP 17.04'!A:A,'Trình bày'!B13) -> 28530 | F13: =IFERROR(_xlfn.XLOOKUP(B13,'tồn TP 17.04'!A:A,'tồn TP 17.04'!J:J),0) -> 1833.3333 | G13: =G7 -> 1280 | H13: =H7 -> 1380 | I13: =H13-G13 -> 100 | J13: 1056 | K13: =(H13-J13) -> 324 | L13: =+K13/H13 -> 0.23478261
A14: =+A13+1 -> 8 | B14: 110000503 | C14: Hạt Nhựa rPET WSS01S | E14: =SUMIFS('tồn TP 17.04'!F:F,'tồn TP 17.04'!A:A,'Trình bày'!B14) -> 0 | F14: =IFERROR(_xlfn.XLOOKUP(B14,'tồn TP 17.04'!A:A,'tồn TP 17.04'!J:J),0) -> 0 | I14: =H14-G14 -> 0 | K14: =(H14-J14) -> 0
A15: =+A14+1 -> 9 | B15: 110000506 | C15: Hạt Nhựa rPET WSS01 & WSS01G-L | E15: =SUMIFS('tồn TP 17.04'!F:F,'tồn TP 17.04'!A:A,'Trình bày'!B15) -> 65840 | F15: =IFERROR(_xlfn.XLOOKUP(B15,'tồn TP 17.04'!A:A,'tồn TP 17.04'!J:J),0) -> 0 | I15: =H15-G15 -> 0 | J15: =32400/26.5 -> 1222.6415 | K15: =(H15-J15) -> -1222.6415 | L15: =+K15/H15 -> #DIV/0! | O15: Giá tồn kho
A16: =+A14+1 -> 9 | B16: 110000483 | C16: Hạt Nhựa rPET iSS01G-S | E16: =SUMIFS('tồn TP 17.04'!F:F,'tồn TP 17.04'!A:A,'Trình bày'!B16) -> 1035.5 | F16: =IFERROR(_xlfn.XLOOKUP(B16,'tồn TP 17.04'!A:A,'tồn TP 17.04'!J:J),0) -> 2200 | G16: =G7 -> 1280 | H16: =H7 -> 1380 | I16: =H16-G16 -> 100 | J16: =29605/26.5 -> 1117.1698 | K16: =(H16-J16) -> 262.83019 | L16: =+K16/H16 -> 0.19045666 | N16: Sản phẩm mới | O16: Giá tồn kho
A17: =+A15+1 -> 10 | B17: 110000507 | C17: Vảy FPET201 | E17: =SUMIFS('tồn TP 17.04'!F:F,'tồn TP 17.04'!A:A,'Trình bày'!B17) -> 265836 | F17: =IFERROR(_xlfn.XLOOKUP(B17,'tồn TP 17.04'!A:A,'tồn TP 17.04'!J:J),0) -> 0 | G17: 0 | H17: =H7-320 -> 1060 | I17: =H17-G17 -> 1060 | J17: 844 | K17: =(H17-J17) -> 216 | L17: =+K17/H17 -> 0.20377358 | N17: Sản phẩm mới
A18: II | B18: MÃ HÀNG BÁN CHẬM
A19: 1 | B19: 110000378 | C19: Hạt nhựa rPET iSS01G 2 | E19: =SUMIFS('tồn TP 17.04'!F:F,'tồn TP 17.04'!A:A,'Trình bày'!B19) -> 1246297 | F19: =IFERROR(_xlfn.XLOOKUP(B19,'tồn TP 17.04'!A:A,'tồn TP 17.04'!J:J),0) -> 330000 | G19: =+G7+30 -> 1310 | H19: =+H7+30 -> 1410 | I19: =H19-G19 -> 100 | J19: =+J7 -> 1157 | K19: =(H19-J19) -> 253 | L19: =+K19/H19 -> 0.17943262 | M19: =M8 -> 0 | N19: Chuyển thành mã iSS01G 1 để bán
A20: =+A19+1 -> 2 | B20: 110000377 | C20: Hạt nhựa rPET WSS01G 2 | E20: =SUMIFS('tồn TP 17.04'!F:F,'tồn TP 17.04'!A:A,'Trình bày'!B20) -> 134200 | F20: =IFERROR(_xlfn.XLOOKUP(B20,'tồn TP 17.04'!A:A,'tồn TP 17.04'!J:J),0) -> 7333.3333 | G20: =G7 -> 1280 | H20: =H7 -> 1380 | I20: =H20-G20 -> 100 | J20: =+J8 -> 1157 | K20: =(H20-J20) -> 223 | L20: =+K20/H20 -> 0.1615942 | M20: =M7 -> 0 | N20: Chuyển thành mã wSS01G 1 để bán
A21: =+A20+1 -> 3 | B21: 110000383 | C21: Hạt Nhựa rPET iSS84G-P | E21: =SUMIFS('tồn TP 17.04'!F:F,'tồn TP 17.04'!A:A,'Trình bày'!B21) -> 52800 | F21: =IFERROR(_xlfn.XLOOKUP(B21,'tồn TP 17.04'!A:A,'tồn TP 17.04'!J:J),0) -> 0 | I21: =H21-G21 -> 0 | J21: =29396/26.5 -> 1109.283 | N21: Không báo giá (SP SX bán cho Amcor) | O21: Giá tồn kho
A22: =+A21+1 -> 4 | B22: 110000335 | C22: Hạt nhựa rPET WSS04 | E22: =SUMIFS('tồn TP 17.04'!F:F,'tồn TP 17.04'!A:A,'Trình bày'!B22) -> 0 | F22: =IFERROR(_xlfn.XLOOKUP(B22,'tồn TP 17.04'!A:A,'tồn TP 17.04'!J:J),0) -> 0 | I22: =H22-G22 -> 0 | K22: =(H22-J22) -> 0 | O22: Giá tồn kho
A23: =+A22+1 -> 5 | B23: 110000358 | C23: Hạt nhựa rPET WSS02G | E23: =SUMIFS('tồn TP 17.04'!F:F,'tồn TP 17.04'!A:A,'Trình bày'!B23) -> 0 | F23: =IFERROR(_xlfn.XLOOKUP(B23,'tồn TP 17.04'!A:A,'tồn TP 17.04'!J:J),0) -> 0 | I23: =H23-G23 -> 0 | K23: =(H23-J23) -> 0
A24: =+A23+1 -> 6 | B24: 110000468 | C24: Hạt Nhựa rPET iSS80G-P | E24: =SUMIFS('tồn TP 17.04'!F:F,'tồn TP 17.04'!A:A,'Trình bày'!B24) -> 50600 | F24: =IFERROR(_xlfn.XLOOKUP(B24,'tồn TP 17.04'!A:A,'tồn TP 17.04'!J:J),0) -> 0 | I24: =H24-G24 -> 0 | J24: =27618/26.5 -> 1042.1887 | N24: Không báo giá (SP SX bán cho Amcor) | O24: Giá tồn kho
A25: =+A24+1 -> 7 | B25: 110000333 | C25: Hạt nhựa rPET WSS03 | E25: =SUMIFS('tồn TP 17.04'!F:F,'tồn TP 17.04'!A:A,'Trình bày'!B25) -> 0 | F25: =IFERROR(_xlfn.XLOOKUP(B25,'tồn TP 17.04'!A:A,'tồn TP 17.04'!J:J),0) -> 0 | I25: =H25-G25 -> 0 | K25: =(H25-J25) -> 0 | O25: Giá tồn kho
A26: =+A25+1 -> 8 | B26: 110000376 | C26: Hạt nhựa rPET iSS01L | E26: =SUMIFS('tồn TP 17.04'!F:F,'tồn TP 17.04'!A:A,'Trình bày'!B26) -> 800 | F26: =IFERROR(_xlfn.XLOOKUP(B26,'tồn TP 17.04'!A:A,'tồn TP 17.04'!J:J),0) -> 0 | I26: =H26-G26 -> 0 | J26: =31171/26.5 -> 1176.2642 | N26: Không báo giá (hàng chờ xử lý) | O26: Giá tồn kho
A27: =+A26+1 -> 9 | B27: 110000331 | C27: Hạt nhựa rPET WSS02 | E27: =SUMIFS('tồn TP 17.04'!F:F,'tồn TP 17.04'!A:A,'Trình bày'!B27) -> 0 | F27: =IFERROR(_xlfn.XLOOKUP(B27,'tồn TP 17.04'!A:A,'tồn TP 17.04'!J:J),0) -> 0 | I27: =H27-G27 -> 0 | K27: =(H27-J27) -> 0
A28: =+A27+1 -> 10 | B28: 110000330 | C28: Hạt nhựa rPET iSS01 | E28: =SUMIFS('tồn TP 17.04'!F:F,'tồn TP 17.04'!A:A,'Trình bày'!B28) -> 0 | F28: =IFERROR(_xlfn.XLOOKUP(B28,'tồn TP 17.04'!A:A,'tồn TP 17.04'!J:J),0) -> 0 | I28: =H28-G28 -> 0 | K28: =(H28-J28) -> 0
A29: =+A28+1 -> 11 | B29: 110000475 | C29: Hạt nhựa rPET WSS03G FRH | E29: =SUMIFS('tồn TP 17.04'!F:F,'tồn TP 17.04'!A:A,'Trình bày'!B29) -> 0 | F29: =IFERROR(_xlfn.XLOOKUP(B29,'tồn TP 17.04'!A:A,'tồn TP 17.04'!J:J),0) -> 0 | I29: =H29-G29 -> 0 | K29: =(H29-J29) -> 0
A30: III | B30: MÃ HÀNG SẢN XUẤT TỪ PHÓ SẢN NGÀNH PET
A31: 1 | B31: 110000466 | C31: Hạt Nhựa rPET WSS05SB-2 | E31: =SUMIFS('tồn TP 17.04'!F:F,'tồn TP 17.04'!A:A,'Trình bày'!B31) -> 11899 | F31: =IFERROR(_xlfn.XLOOKUP(B31,'tồn TP 17.04'!A:A,'tồn TP 17.04'!J:J),0) -> 0 | I31: =H31-G31 -> 0 | J31: =26575/26.5 -> 1002.8302 | K31: =(H31-J31) -> -1002.8302 | L31: =+K31/H31 -> #DIV/0! | O31: Hàng tồn từ T7.2025
A32: =A31+1 -> 2 | B32: 110000436 | C32: Hạt nhựa rPET WSS05SB | E32: =SUMIFS('tồn TP 17.04'!F:F,'tồn TP 17.04'!A:A,'Trình bày'!B32) -> 150922.7 | F32: =IFERROR(_xlfn.XLOOKUP(B32,'tồn TP 17.04'!A:A,'tồn TP 17.04'!J:J),0) -> 144266.67 | I32: =H32-G32 -> 0 | J32: 956 | K32: =(H32-J32) -> -956 | L32: =+K32/H32 -> #DIV/0!
A33: =A32+1 -> 3 | B33: 110000382 | C33: Hạt nhựa rPET WSS04SB | E33: =SUMIFS('tồn TP 17.04'!F:F,'tồn TP 17.04'!A:A,'Trình bày'!B33) -> 6837.7 | F33: =IFERROR(_xlfn.XLOOKUP(B33,'tồn TP 17.04'!A:A,'tồn TP 17.04'!J:J),0) -> 3150 | G33: =G7-130 -> 1150 | H33: =H7-130 -> 1250 | I33: =H33-G33 -> 100 | J33: 519 | K33: =(H33-J33) -> 731 | L33: =+K33/H33 -> 0.5848 | O33: 100% vảy PET B1_A3
A34: =A33+1 -> 4 | B34: 110000384 | C34: Hạt Nhựa Xơ Sợi Thử Nghiệm | E34: =SUMIFS('tồn TP 17.04'!F:F,'tồn TP 17.04'!A:A,'Trình bày'!B34) -> 0 | F34: =IFERROR(_xlfn.XLOOKUP(B34,'tồn TP 17.04'!A:A,'tồn TP 17.04'!J:J),0) -> 0 | I34: =H34-G34 -> 0 | O34: Không đạt WSS04SB, WSS04SB, WSS04SD rớt xuống mã xơ sợi thử nghiệm
A35: =A34+1 -> 5 | B35: 110000381 | C35: Hạt nhựa rPET WSS04SD | E35: =SUMIFS('tồn TP 17.04'!F:F,'tồn TP 17.04'!A:A,'Trình bày'!B35) -> 219291.2 | F35: =IFERROR(_xlfn.XLOOKUP(B35,'tồn TP 17.04'!A:A,'tồn TP 17.04'!J:J),0) -> 1133.3333 | G35: =G33 -> 1150 | H35: =H33 -> 1250 | I35: =H35-G35 -> 100 | J35: 590 | K35: =(H35-J35) -> 660 | L35: =+K35/H35 -> 0.528 | O35: Tomra_A1/ Zigzag_A1
A36: =A35+1 -> 6 | B36: 110000387 | C36: Hạt nhựa rPET WSS03SD | E36: =SUMIFS('tồn TP 17.04'!F:F,'tồn TP 17.04'!A:A,'Trình bày'!B36) -> 0 | F36: =IFERROR(_xlfn.XLOOKUP(B36,'tồn TP 17.04'!A:A,'tồn TP 17.04'!J:J),0) -> 0 | G36: =G33 -> 1150 | H36: =H33 -> 1250 | I36: =H36-G36 -> 100 | J36: =32081/26.5 -> 1210.6038 | K36: =(H36-J36) -> 39.396226 | L36: =+K36/H36 -> 0.031516981 | N36: Tồn kho từ T9/2024
A37: =A36+1 -> 7 | B37: 110000522 | C37: Hạt Nhựa rPET WSS03NC | E37: =SUMIFS('tồn TP 17.04'!F:F,'tồn TP 17.04'!A:A,'Trình bày'!B37) -> 50 | F37: =IFERROR(_xlfn.XLOOKUP(B37,'tồn TP 17.04'!A:A,'tồn TP 17.04'!J:J),0) -> 0 | G37: =G34 -> 0 | H37: =H7-130 -> 1250 | I37: =H37-G37 -> 1250 | J37: 994 | K37: =(H37-J37) -> 256 | L37: =+K37/H37 -> 0.2048
A38: =A37+1 -> 8 | B38: 110000464 | C38: Hạt Nhựa rPET WSS06SP-1 | E38: =SUMIFS('tồn TP 17.04'!F:F,'tồn TP 17.04'!A:A,'Trình bày'!B38) -> 103790.5 | F38: =IFERROR(_xlfn.XLOOKUP(B38,'tồn TP 17.04'!A:A,'tồn TP 17.04'!J:J),0) -> 0 | I38: =H38-G38 -> 0 | J38: =18090/26.5 -> 682.64151 | K38: =(H38-J38) -> -682.64151 | L38: =+K38/H38 -> #DIV/0! | O38: Chuyển từ hàng xơ sợi thử nghiệm qua
A39: =A38+1 -> 9 | B39: 110000430 | C39: Hạt Nhựa rPET Bán Thành Phẩm | E39: =SUMIFS('tồn TP 17.04'!F:F,'tồn TP 17.04'!A:A,'Trình bày'!B39) -> 37397.8 | F39: =IFERROR(_xlfn.XLOOKUP(B39,'tồn TP 17.04'!A:A,'tồn TP 17.04'!J:J),0) -> 0 | O39: Phó sản PET tuyển nổi 2 + phó sản hạt cắt lỗi
A40: B | B40: rHDPE THỔI
A41: I | B41: MÃ HÀNG ĐANG BÁN
A42: 1 | B42: 110000339 | C42: Hạt Nhựa rHDPE MBF01 | D42: Trong | E42: =SUMIFS('tồn TP 17.04'!F:F,'tồn TP 17.04'!A:A,'Trình bày'!B42) -> 151662.5 | F42: =IFERROR(_xlfn.XLOOKUP(B42,'tồn TP 17.04'!A:A,'tồn TP 17.04'!J:J),0) -> 230083.33 | I42: =H42-G42 -> 0 | J42: 1201 | N42: Theo giá U => ko đề xuất trong duyệt giá
A43: =+A42+1 -> 2 | B43: 110000426 | C43: Hạt Nhựa HCBF-Yel-U | D43: Vàng | E43: =SUMIFS('tồn TP 17.04'!F:F,'tồn TP 17.04'!A:A,'Trình bày'!B43) -> 40547 | F43: =IFERROR(_xlfn.XLOOKUP(B43,'tồn TP 17.04'!A:A,'tồn TP 17.04'!J:J),0) -> 0 | I43: =H43-G43 -> 0 | J43: =33485/26.5 -> 1263.5849 | N43: Theo giá U => ko đề xuất trong duyệt giá | O43: Giá tồn kho
A44: =+A43+1 -> 3 | B44: 110000374 | C44: Hạt Nhựa rHDB03N02 | D44: Trong | E44: =SUMIFS('tồn TP 17.04'!F:F,'tồn TP 17.04'!A:A,'Trình bày'!B44) -> 313487.4 | F44: =IFERROR(_xlfn.XLOOKUP(B44,'tồn TP 17.04'!A:A,'tồn TP 17.04'!J:J),0) -> 33500 | G44: 1300 | H44: 1370 | I44: =H44-G44 -> 70 | J44: =27898/26.5 -> 1052.7547 | K44: =(H44-J44) -> 317.24528 | L44: =+K44/H44 -> 0.2315659
A45: =+A44+1 -> 4 | B45: 110000443 | C45: Hạt Nhựa rHDA03N01 | D45: Trong | E45: =SUMIFS('tồn TP 17.04'!F:F,'tồn TP 17.04'!A:A,'Trình bày'!B45) -> 1599 | F45: =IFERROR(_xlfn.XLOOKUP(B45,'tồn TP 17.04'!A:A,'tồn TP 17.04'!J:J),0) -> 50 | G45: 1400 | H45: 1470 | I45: =H45-G45 -> 70 | J45: =J42+7 -> 1208 | K45: =(H45-J45) -> 262 | L45: =+K45/H45 -> 0.17823129
A46: =+A45+1 -> 5 | B46: 110000481 | C46: Hạt Nhựa rHDPE PCF01 | D46: Trong | E46: =SUMIFS('tồn TP 17.04'!F:F,'tồn TP 17.04'!A:A,'Trình bày'!B46) -> 212008 | F46: =IFERROR(_xlfn.XLOOKUP(B46,'tồn TP 17.04'!A:A,'tồn TP 17.04'!J:J),0) -> 27041.667 | I46: =H46-G46 -> 0 | J46: =J42+7 -> 1208 | N46: Theo giá U => ko đề xuất trong duyệt giá
A47: =+A46+1 -> 6 | B47: 110000425 | C47: Hạt Nhựa HCBF-Whi-U | D47: Trắng | E47: =SUMIFS('tồn TP 17.04'!F:F,'tồn TP 17.04'!A:A,'Trình bày'!B47) -> 3579 | F47: =IFERROR(_xlfn.XLOOKUP(B47,'tồn TP 17.04'!A:A,'tồn TP 17.04'!J:J),0) -> 44000 | I47: =H47-G47 -> 0 | J47: =25699/26.5 -> 969.77358 | N47: Theo giá U => ko đề xuất trong duyệt giá | O47: Giá tồn kho
A48: =+A47+1 -> 7 | B48: 110000495 | C48: Hạt Nhựa rHDA03W01 | D48: Trắng | E48: =SUMIFS('tồn TP 17.04'!F:F,'tồn TP 17.04'!A:A,'Trình bày'!B48) -> 8920 | F48: =IFERROR(_xlfn.XLOOKUP(B48,'tồn TP 17.04'!A:A,'tồn TP 17.04'!J:J),0) -> 0 | G48: 1350 | H48: 1420 | I48: =H48-G48 -> 70 | J48: =29574/26.5 -> 1116 | K48: =(H48-J48) -> 304 | L48: =+K48/H48 -> 0.21408451 | O48: Giá tồn kho
A49: II | B49: MÃ HÀNG BÁN CHẬM
A50: =1 -> 1 | B50: 110000385 | C50: Hạt Nhựa rHDB05N01 | D50: Trong | E50: =SUMIFS('tồn TP 17.04'!F:F,'tồn TP 17.04'!A:A,'Trình bày'!B50) -> 2750 | F50: =IFERROR(_xlfn.XLOOKUP(B50,'tồn TP 17.04'!A:A,'tồn TP 17.04'!J:J),0) -> 0 | G50: 1300 | H50: =H44 -> 1370 | I50: =H50-G50 -> 70 | J50: =31516/26.5 -> 1189.283 | K50: =(H50-J50) -> 180.71698 | L50: =+K50/H50 -> 0.13191021 | N50: Giá tồn kho từ 2023 | O50: mix với hàng MI thấp, do hết hạt MBF01 phân lập MI thấp nên còn tồn kho
A51: =A50+1 -> 2 | B51: 110000345 | C51: Hạt Nhựa rHDB03Y01 | D51: Vàng | E51: =SUMIFS('tồn TP 17.04'!F:F,'tồn TP 17.04'!A:A,'Trình bày'!B51) -> 3565 | F51: =IFERROR(_xlfn.XLOOKUP(B51,'tồn TP 17.04'!A:A,'tồn TP 17.04'!J:J),0) -> 0 | G51: 1300 | H51: =H44 -> 1370 | I51: =H51-G51 -> 70 | J51: =34395/26.5 -> 1297.9245 | K51: =(H51-J51) -> 72.075472 | L51: =+K51/H51 -> 0.052609833 | N51: Giá tồn kho từ 2024
A52: =A51+1 -> 3 | B52: 110000427 | C52: Hạt Nhựa HCBF-Gre-U | D52: Lá | E52: =SUMIFS('tồn TP 17.04'!F:F,'tồn TP 17.04'!A:A,'Trình bày'!B52) -> 18774 | F52: =IFERROR(_xlfn.XLOOKUP(B52,'tồn TP 17.04'!A:A,'tồn TP 17.04'!J:J),0) -> 0 | I52: =H52-G52 -> 0 | J52: =21813/26.5 -> 823.13208 | N52: Theo giá U => ko đề xuất trong duyệt giá | O52: Giá tồn kho
A53: =A52+1 -> 4 | B53: 110000343 | C53: Hạt Nhựa rHDB03G01 | D53: Lá | E53: =SUMIFS('tồn TP 17.04'!F:F,'tồn TP 17.04'!A:A,'Trình bày'!B53) -> 13140 | F53: =IFERROR(_xlfn.XLOOKUP(B53,'tồn TP 17.04'!A:A,'tồn TP 17.04'!J:J),0) -> 0 | G53: 1300 | H53: =H44 -> 1370 | I53: =H53-G53 -> 70 | J53: =21813/26.5 -> 823.13208 | K53: =(H53-J53) -> 546.86792 | L53: =+K53/H53 -> 0.39917367 | N53: Giá tồn kho từ 2023
A54: =A53+1 -> 5 | B54: 110000336 | C54: Hạt nhựa rHDPE thử nghiệm | E54: =SUMIFS('tồn TP 17.04'!F:F,'tồn TP 17.04'!A:A,'Trình bày'!B54) -> 32516.9 | F54: =IFERROR(_xlfn.XLOOKUP(B54,'tồn TP 17.04'!A:A,'tồn TP 17.04'!J:J),0) -> 0 | I54: =H54-G54 -> 0
A55: =A54+1 -> 6 | B55: 110000337 | C55: Hạt Nhựa rHDB03W01 | D55: Trắng | E55: =SUMIFS('tồn TP 17.04'!F:F,'tồn TP 17.04'!A:A,'Trình bày'!B55) -> 0 | F55: =IFERROR(_xlfn.XLOOKUP(B55,'tồn TP 17.04'!A:A,'tồn TP 17.04'!J:J),0) -> 0 | G55: 1300 | H55: =H44 -> 1370 | I55: =H55-G55 -> 70 | K55: =(H55-J55) -> 1370 | L55: =+K55/H55 -> 1
A56: =A55+1 -> 7 | B56: 110000433 | C56: Hạt Nhựa rHDB03N03 | D56: Trong | E56: =SUMIFS('tồn TP 17.04'!F:F,'tồn TP 17.04'!A:A,'Trình bày'!B56) -> 0 | F56: =IFERROR(_xlfn.XLOOKUP(B56,'tồn TP 17.04'!A:A,'tồn TP 17.04'!J:J),0) -> 0 | G56: 1300 | K56: =(H56-J56) -> 0 | O56: Mã đã không còn trong duyệt giá
A57: =A56+1 -> 8 | B57: 110000429 | C57: Hạt Nhựa rHDPE MAF01 | D57: Trong | E57: =SUMIFS('tồn TP 17.04'!F:F,'tồn TP 17.04'!A:A,'Trình bày'!B57) -> 0 | F57: =IFERROR(_xlfn.XLOOKUP(B57,'tồn TP 17.04'!A:A,'tồn TP 17.04'!J:J),0) -> 0 | G57: 1400 | H57: =H45 -> 1470 | K57: =(H57-J57) -> 1470
A58: =A57+1 -> 9 | B58: 110000432 | C58: Hạt Nhựa rHDB03N01 | D58: Trong | E58: =SUMIFS('tồn TP 17.04'!F:F,'tồn TP 17.04'!A:A,'Trình bày'!B58) -> 0 | F58: =IFERROR(_xlfn.XLOOKUP(B58,'tồn TP 17.04'!A:A,'tồn TP 17.04'!J:J),0) -> 0 | G58: 1300 | H58: =H44 -> 1370 | K58: =(H58-J58) -> 1370
A59: III | B59: MÃ HÀNG SẢN SUẤT TỪ PHÓ SẢN NGÀNH HDPE
A60: 1 | B60: 110000341 | C60: Hạt nhựa rHDB04B01 | D60: Đen | E60: =SUMIFS('tồn TP 17.04'!F:F,'tồn TP 17.04'!A:A,'Trình bày'!B60) -> 117600.5 | F60: =IFERROR(_xlfn.XLOOKUP(B60,'tồn TP 17.04'!A:A,'tồn TP 17.04'!J:J),0) -> 52083.333 | I60: =H60-G60 -> 0 | J60: 734 | K60: =(H60-J60) -> -734 | L60: =+K60/H60 -> #DIV/0! | O60: Vảy HD ép đen mix phó sản HD thổi các loại
A61: 1 | B61: 110000509 | C61: Hạt Nhựa rHDB01B01 | D61: Đen | E61: =SUMIFS('tồn TP 17.04'!F:F,'tồn TP 17.04'!A:A,'Trình bày'!B61) -> 2575 | F61: =IFERROR(_xlfn.XLOOKUP(B61,'tồn TP 17.04'!A:A,'tồn TP 17.04'!J:J),0) -> 0 | I61: =H61-G61 -> 0 | J61: =23020/26.5 -> 868.67925 | K61: =(H61-J61) -> -868.67925 | L61: =+K61/H61 -> #DIV/0!
A62: C | B62: rHDPE ÉP
A63: I | B63: MÃ HÀNG ĐANG BÁN
A64: 1 | B64: 110000360 | C64: Hạt nhựa rHDI4L01 | D64: Dương | E64: =SUMIFS('tồn TP 17.04'!F:F,'tồn TP 17.04'!A:A,'Trình bày'!B64) -> 40070 | F64: =IFERROR(_xlfn.XLOOKUP(B64,'tồn TP 17.04'!A:A,'tồn TP 17.04'!J:J),0) -> 15166.667 | G64: 1230 | H64: 1230 | I64: =H64-G64 -> 0 | J64: 733 | K64: =(H64-J64) -> 497 | L64: =+K64/H64 -> 0.40406504 | M64: =23265/26.5 -> 877.92453 | N64: Không bền vững
A65: =+A64+1 -> 2 | B65: 110000366 | C65: Hạt nhựa rHDI3G01 | D65: Lá | E65: =SUMIFS('tồn TP 17.04'!F:F,'tồn TP 17.04'!A:A,'Trình bày'!B65) -> 41200 | F65: =IFERROR(_xlfn.XLOOKUP(B65,'tồn TP 17.04'!A:A,'tồn TP 17.04'!J:J),0) -> 26166.667 | G65: 1230 | H65: 1230 | I65: =H65-G65 -> 0 | J65: 733 | K65: =(H65-J65) -> 497 | L65: =+K65/H65 -> 0.40406504 | M65: =24978/26.5 -> 942.56604 | N65: Không bền vững
A66: =+A65+1 -> 3 | B66: 110000361 | C66: Hạt nhựa rHDI3R01 | D66: Đỏ | E66: =SUMIFS('tồn TP 17.04'!F:F,'tồn TP 17.04'!A:A,'Trình bày'!B66) -> 26650 | F66: =IFERROR(_xlfn.XLOOKUP(B66,'tồn TP 17.04'!A:A,'tồn TP 17.04'!J:J),0) -> 11000 | G66: 1230 | H66: 1230 | I66: =H66-G66 -> 0 | J66: 733 | K66: =(H66-J66) -> 497 | L66: =+K66/H66 -> 0.40406504 | M66: =47747/26.5 -> 1801.7736 | N66: Không bền vững
A67: =+A66+1 -> 4 | B67: 110000496 | C67: Hạt Nhựa rHDI7DL02 | D67: Dương | E67: =SUMIFS('tồn TP 17.04'!F:F,'tồn TP 17.04'!A:A,'Trình bày'!B67) -> 1448 | F67: =IFERROR(_xlfn.XLOOKUP(B67,'tồn TP 17.04'!A:A,'tồn TP 17.04'!J:J),0) -> 0 | G67: 1230 | H67: 1230 | I67: =H67-G67 -> 0 | J67: =33028/26.5 -> 1246.3396 | K67: =(H67-J67) -> -16.339623 | L67: =+K67/H67 -> -0.013284246 | N67: Không bền vững | O67: Hàng tồn kho từ tháng 2.2025 sx cho Outerinho
A68: =+A67+1 -> 5 | B68: 110000364 | C68: Hạt nhựa rHDI3Y01 | D68: Vàng | E68: =SUMIFS('tồn TP 17.04'!F:F,'tồn TP 17.04'!A:A,'Trình bày'!B68) -> 45875 | F68: =IFERROR(_xlfn.XLOOKUP(B68,'tồn TP 17.04'!A:A,'tồn TP 17.04'!J:J),0) -> 9166.6667 | G68: 1230 | H68: 1230 | I68: =H68-G68 -> 0 | J68: =21943/26.5 -> 828.03774 | K68: =(H68-J68) -> 401.96226 | L68: =+K68/H68 -> 0.32679859 | N68: Không bền vững
A69: =+A68+1 -> 6 | B69: 110000365 | C69: Hạt nhựa rHDI3W01 | D69: Trắng | E69: =SUMIFS('tồn TP 17.04'!F:F,'tồn TP 17.04'!A:A,'Trình bày'!B69) -> 56010.4 | F69: =IFERROR(_xlfn.XLOOKUP(B69,'tồn TP 17.04'!A:A,'tồn TP 17.04'!J:J),0) -> 1041.6667 | G69: 1230 | H69: 1230 | I69: =H69-G69 -> 0 | J69: 733 | K69: =(H69-J69) -> 497 | L69: =+K69/H69 -> 0.40406504 | M69: =11030/26.5 -> 416.22642 | N69: Không bền vững
A70: =+A69+1 -> 7 | B70: 110000431 | C70: Hạt Nhựa rHDI3Gy02 | D70: Xám | E70: =SUMIFS('tồn TP 17.04'!F:F,'tồn TP 17.04'!A:A,'Trình bày'!B70) -> 28452 | F70: =IFERROR(_xlfn.XLOOKUP(B70,'tồn TP 17.04'!A:A,'tồn TP 17.04'!J:J),0) -> 3666.6667 | I70: =H70-G70 -> 0 | J70: =20040/26.5 -> 756.22642 | K70: =(H70-J70) -> -756.22642 | L70: =+K70/H70 -> #DIV/0! | N70: Không bền vững | O70: Phó sản
A71: =+A70+1 -> 8 | B71: 110000363 | C71: Hạt nhựa rHDI3Gy01 | D71: Xám | E71: =SUMIFS('tồn TP 17.04'!F:F,'tồn TP 17.04'!A:A,'Trình bày'!B71) -> 243146.9 | F71: =IFERROR(_xlfn.XLOOKUP(B71,'tồn TP 17.04'!A:A,'tồn TP 17.04'!J:J),0) -> 458.33333 | G71: 1230 | H71: 1230 | I71: =H71-G71 -> 0 | J71: =18654/26.5 -> 703.92453 | K71: =(H71-J71) -> 526.07547 | L71: =+K71/H71 -> 0.42770364 | N71: Không bền vững | O71: Hàng tồn từ tháng 12.2024
A72: II | B72: MÃ HÀNG BÁN CHẬM
A73: =1 -> 1 | B73: 110000373 | C73: Hạt nhựa rHDI4DL01 | D73: Dương | E73: =SUMIFS('tồn TP 17.04'!F:F,'tồn TP 17.04'!A:A,'Trình bày'!B73) -> 6235.4 | F73: =IFERROR(_xlfn.XLOOKUP(B73,'tồn TP 17.04'!A:A,'tồn TP 17.04'!J:J),0) -> 0 | G73: 1230 | H73: 1230 | I73: =H73-G73 -> 0 | J73: =23573/26.5 -> 889.54717 | K73: =(H73-J73) -> 340.45283 | L73: =+K73/H73 -> 0.27679092 | N73: Không bền vững | O73: Hàng tồn kho từ tháng 2.2025
A75: D | B75: Vảy HDPE ép
A76: I | B76: MÃ HÀNG ĐANG BÁN
A77: 4 | B77: 110000407 | C77: Vảy HD Ép Đỏ | D77: Đỏ | E77: =SUMIFS('tồn TP 17.04'!F:F,'tồn TP 17.04'!A:A,'Trình bày'!B77) -> 39049 | F77: =IFERROR(_xlfn.XLOOKUP(B77,'tồn TP 17.04'!A:A,'tồn TP 17.04'!J:J),0) -> 31666.667 | G77: 1160 | H77: 1160 | I77: =H77-G77 -> 0 | J77: 591 | K77: =(H77-J77) -> 569 | L77: =+K77/H77 -> 0.49051724 | N77: Đang bán gía thấp để giảm tồn kho
A78: 2 | B78: 110000409 | C78: Vảy HD Ép Vàng | D78: Vàng | E78: =SUMIFS('tồn TP 17.04'!F:F,'tồn TP 17.04'!A:A,'Trình bày'!B78) -> 33225 | F78: =IFERROR(_xlfn.XLOOKUP(B78,'tồn TP 17.04'!A:A,'tồn TP 17.04'!J:J),0) -> 9500 | G78: 1160 | H78: 1160 | I78: =H78-G78 -> 0 | J78: 591 | K78: =(H78-J78) -> 569 | L78: =+K78/H78 -> 0.49051724
A79: 1 | B79: 110000410 | C79: Vảy HD Ép Lá | D79: Lá | E79: =SUMIFS('tồn TP 17.04'!F:F,'tồn TP 17.04'!A:A,'Trình bày'!B79) -> 23050 | F79: =IFERROR(_xlfn.XLOOKUP(B79,'tồn TP 17.04'!A:A,'tồn TP 17.04'!J:J),0) -> 2250 | G79: 1160 | H79: 1160 | I79: =H79-G79 -> 0 | J79: 591 | K79: =(H79-J79) -> 569 | L79: =+K79/H79 -> 0.49051724
A80: 7 | B80: 110000411 | C80: Vảy HD Ép Dương | D80: Dương | E80: =SUMIFS('tồn TP 17.04'!F:F,'tồn TP 17.04'!A:A,'Trình bày'!B80) -> 54750 | F80: =IFERROR(_xlfn.XLOOKUP(B80,'tồn TP 17.04'!A:A,'tồn TP 17.04'!J:J),0) -> 0 | G80: 1160 | H80: 1160 | I80: =H80-G80 -> 0 | J80: 591 | K80: =(H80-J80) -> 569 | L80: =+K80/H80 -> 0.49051724
A81: 5 | B81: 110000408 | C81: Vảy HD Ép Trắng | D81: Trắng | E81: =SUMIFS('tồn TP 17.04'!F:F,'tồn TP 17.04'!A:A,'Trình bày'!B81) -> 74729 | F81: =IFERROR(_xlfn.XLOOKUP(B81,'tồn TP 17.04'!A:A,'tồn TP 17.04'!J:J),0) -> 39166.667 | G81: 1160 | H81: 1160 | I81: =H81-G81 -> 0 | J81: 591 | K81: =(H81-J81) -> 569 | L81: =+K81/H81 -> 0.49051724
A82: 6 | B82: 110000412 | C82: Vảy HD Ép Đen | D82: Đen | E82: =SUMIFS('tồn TP 17.04'!F:F,'tồn TP 17.04'!A:A,'Trình bày'!B82) -> 31500 | F82: =IFERROR(_xlfn.XLOOKUP(B82,'tồn TP 17.04'!A:A,'tồn TP 17.04'!J:J),0) -> 750 | G82: 1160 | H82: 1160 | I82: =H82-G82 -> 0 | J82: 591 | K82: =(H82-J82) -> 569 | L82: =+K82/H82 -> 0.49051724
A83: 7 | B83: 110000413 | C83: Vảy HD Ép Đồng | D83: Đồng | E83: =SUMIFS('tồn TP 17.04'!F:F,'tồn TP 17.04'!A:A,'Trình bày'!B83) -> 165149.5 | F83: =IFERROR(_xlfn.XLOOKUP(B83,'tồn TP 17.04'!A:A,'tồn TP 17.04'!J:J),0) -> 0 | G83: 1160 | H83: 1160 | I83: =H83-G83 -> 0 | J83: 591 | K83: =(H83-J83) -> 569 | L83: =+K83/H83 -> 0.49051724
A84: II | B84: MÃ HÀNG BÁN CHẬM
A85: =1 -> 1 | B85: 110000469 | C85: Vảy HD Ép Dương Bình Thuận | D85: Dương | E85: =SUMIFS('tồn TP 17.04'!F:F,'tồn TP 17.04'!A:A,'Trình bày'!B85) -> 5700 | F85: =IFERROR(_xlfn.XLOOKUP(B85,'tồn TP 17.04'!A:A,'tồn TP 17.04'!J:J),0) -> 0 | J85: =19448/26.5 -> 733.88679 | N85: SP bán cho Bình Thuận | O85: Hàng tồn kho từ T11.2024
A87: E | B87: rPP
A88: I | B88: MÃ HÀNG ĐANG BÁN
A89: 1 | B89: 110000389 | C89: Hạt nhựa rPP20R02 | D89: Đỏ | E89: =SUMIFS('tồn TP 17.04'!F:F,'tồn TP 17.04'!A:A,'Trình bày'!B89) -> 1890 | F89: =IFERROR(_xlfn.XLOOKUP(B89,'tồn TP 17.04'!A:A,'tồn TP 17.04'!J:J),0) -> 733.33333 | G89: 1400/1190 | H89: 1440/1230 | I89: 40/40 | J89: =27706/26.5 -> 1045.5094 | K89: 394/184 | L89: 27%/15% | N89: Bền vững/ ko bền vững | O89: Giá tồn kho
A90: =+A89+1 -> 2 | B90: 110000471 | C90: Hạt Nhựa rPP20L05 | D90: Dương | E90: =SUMIFS('tồn TP 17.04'!F:F,'tồn TP 17.04'!A:A,'Trình bày'!B90) -> 2575 | F90: =IFERROR(_xlfn.XLOOKUP(B90,'tồn TP 17.04'!A:A,'tồn TP 17.04'!J:J),0) -> 6000 | G90: 1400/1190 | H90: 1440/1230 | I90: 40/40 | J90: =25918/26.5 -> 978.03774 | K90: 462/252 | L90: 32%/20% | N90: Bền vững/ ko bền vững | O90: Giá tồn kho
A91: =+A90+1 -> 3 | B91: 110000472 | C91: Hạt Nhựa rPP20Gy01 | D91: Xám | E91: =SUMIFS('tồn TP 17.04'!F:F,'tồn TP 17.04'!A:A,'Trình bày'!B91) -> 6500 | F91: =IFERROR(_xlfn.XLOOKUP(B91,'tồn TP 17.04'!A:A,'tồn TP 17.04'!J:J),0) -> 2000 | G91: 1400/1190 | H91: 1440/1230 | I91: 40/40 | J91: =32267/26.5 -> 1217.6226 | K91: 222/12 | L91: 15%/1% | N91: Bền vững/ ko bền vững | O91: Giá tồn kho
A92: =+A91+1 -> 4 | B92: 110000435 | C92: Hạt Nhựa rPP20L03 | D92: Dương | E92: =SUMIFS('tồn TP 17.04'!F:F,'tồn TP 17.04'!A:A,'Trình bày'!B92) -> 1765 | F92: =IFERROR(_xlfn.XLOOKUP(B92,'tồn TP 17.04'!A:A,'tồn TP 17.04'!J:J),0) -> 66.666667 | G92: 1400/1190 | H92: 1440/1230 | I92: 40/40 | J92: =30087/26.5 -> 1135.3585 | K92: 305/95 | L92: 21%/8% | N92: Bền vững/ ko bền vững | O92: Giá tồn kho
A93: =+A92+1 -> 5 | B93: 110000508 | C93: Hạt Nhựa rPP20W02 | D93: Trắng | E93: =SUMIFS('tồn TP 17.04'!F:F,'tồn TP 17.04'!A:A,'Trình bày'!B93) -> 768.7 | F93: =IFERROR(_xlfn.XLOOKUP(B93,'tồn TP 17.04'!A:A,'tồn TP 17.04'!J:J),0) -> 0 | G93: 1400/1190 | H93: 1440/1230 | I93: 40/40 | J93: =34198/26.5 -> 1290.4906 | K93: 150/-60 | L93: 10%/-5% | N93: Bền vững/ ko bền vững | O93: Giá tồn kho
A94: =+A93+1 -> 6 | B94: 110000392 | C94: Hạt nhựa rPP20B01 | D94: Đen | E94: =SUMIFS('tồn TP 17.04'!F:F,'tồn TP 17.04'!A:A,'Trình bày'!B94) -> 27703 | F94: =IFERROR(_xlfn.XLOOKUP(B94,'tồn TP 17.04'!A:A,'tồn TP 17.04'!J:J),0) -> 0 | G94: 1400/1190 | H94: 1440/1230 | I94: 40/40 | J94: =18301/26.5 -> 690.60377 | K94: 749/539 | L94: 52%/44% | N94: Bền vững/ ko bền vững | O94: Giá tồn kho
A95: =+A94+1 -> 7 | B95: 110000482 | C95: Hạt Nhựa rPP20W01 | D95: Trắng | E95: =SUMIFS('tồn TP 17.04'!F:F,'tồn TP 17.04'!A:A,'Trình bày'!B95) -> 3587 | F95: =IFERROR(_xlfn.XLOOKUP(B95,'tồn TP 17.04'!A:A,'tồn TP 17.04'!J:J),0) -> 16.666667 | G95: 1400/1190 | H95: 1440/1230 | I95: 40/40 | J95: =36122/26.5 -> 1363.0943 | K95: 77/-133 | L95: 5%/-11% | N95: Bền vững/ ko bền vững | O95: Giá tồn kho
A96: =+A95+1 -> 8 | B96: 110000394 | C96: Hạt nhựa rPP15Gy02 | D96: Xám | E96: =SUMIFS('tồn TP 17.04'!F:F,'tồn TP 17.04'!A:A,'Trình bày'!B96) -> 1345 | F96: =IFERROR(_xlfn.XLOOKUP(B96,'tồn TP 17.04'!A:A,'tồn TP 17.04'!J:J),0) -> 0 | G96: 1400/1190 | H96: 1440/1230 | I96: 40/40 | J96: =29594/26.5 -> 1116.7547 | K96: 323/113 | L96: 22%/9% | N96: Bền vững/ ko bền vững | O96: Giá tồn kho
A97: =+A96+1 -> 9 | B97: 110000470 | C97: Hạt Nhựa rPP20L04 | D97: Dương | E97: =SUMIFS('tồn TP 17.04'!F:F,'tồn TP 17.04'!A:A,'Trình bày'!B97) -> 1500 | F97: =IFERROR(_xlfn.XLOOKUP(B97,'tồn TP 17.04'!A:A,'tồn TP 17.04'!J:J),0) -> 0 | G97: 1400/1190 | H97: 1440/1230 | I97: 40/40 | J97: =22506/26.5 -> 849.28302 | K97: 591/381 | L97: 41%/31% | N97: Bền vững/ ko bền vững | O97: Giá tồn kho
A98: II | B98: MÃ HÀNG BÁN CHẬM
A99: 1 | B99: 110000367 | C99: Hạt nhựa rPP15R01 | D99: Đỏ | E99: =SUMIFS('tồn TP 17.04'!F:F,'tồn TP 17.04'!A:A,'Trình bày'!B99) -> 141 | F99: =IFERROR(_xlfn.XLOOKUP(B99,'tồn TP 17.04'!A:A,'tồn TP 17.04'!J:J),0) -> 0 | G99: 1400/1190 | H99: 1440/1230 | I99: 40/40 | J99: =21999/26.5 -> 830.15094 | K99: 610/400 | L99: 42%/33% | N99: Bền vững/ ko bền vững | O99: Hàng tồn kho từ T6.2025
A100: =+A99+1 -> 2 | B100: 110000369 | C100: Hạt nhựa rPP25W01 | D100: Trắng | E100: =SUMIFS('tồn TP 17.04'!F:F,'tồn TP 17.04'!A:A,'Trình bày'!B100) -> 2677.8 | F100: =IFERROR(_xlfn.XLOOKUP(B100,'tồn TP 17.04'!A:A,'tồn TP 17.04'!J:J),0) -> 0 | G100: 1400/1190 | H100: 1440/1230 | I100: 40/40 | J100: =17901/26.5 -> 675.50943 | K100: 764/554 | L100: 53%/45% | N100: Bền vững/ ko bền vững | O100: Hàng tồn kho từ T6.2025
A101: =+A100+1 -> 3 | B101: 110000370 | C101: Hạt nhựa rPP15Gy01 | D101: Xám | E101: =SUMIFS('tồn TP 17.04'!F:F,'tồn TP 17.04'!A:A,'Trình bày'!B101) -> 0 | F101: =IFERROR(_xlfn.XLOOKUP(B101,'tồn TP 17.04'!A:A,'tồn TP 17.04'!J:J),0) -> 0 | G101: 1400/1190 | H101: 1440/1230 | I101: 40/40 | N101: Bền vững/ ko bền vững
A102: =+A101+1 -> 4 | B102: 110000388 | C102: Hạt nhựa rPP20R01 | D102: Đỏ | E102: =SUMIFS('tồn TP 17.04'!F:F,'tồn TP 17.04'!A:A,'Trình bày'!B102) -> 2644 | F102: =IFERROR(_xlfn.XLOOKUP(B102,'tồn TP 17.04'!A:A,'tồn TP 17.04'!J:J),0) -> 0 | G102: 1400/1190 | H102: 1440/1230 | I102: 40/40 | J102: =25200/26.5 -> 950.9434 | K102: 489/279 | L102: 34%/23% | N102: Bền vững/ ko bền vững | O102: Hàng tồn kho từ T8.2025
A103: =+A102+1 -> 5 | B103: 110000390 | C103: Hạt nhựa rPP20L01 | D103: Dương | E103: =SUMIFS('tồn TP 17.04'!F:F,'tồn TP 17.04'!A:A,'Trình bày'!B103) -> 0 | F103: =IFERROR(_xlfn.XLOOKUP(B103,'tồn TP 17.04'!A:A,'tồn TP 17.04'!J:J),0) -> 0 | G103: 1400/1190 | H103: 1440/1230 | I103: 40/40 | N103: Bền vững/ ko bền vững
A104: =+A103+1 -> 6 | B104: 110000391 | C104: Hạt nhựa rPP20L02 | D104: Dương | E104: =SUMIFS('tồn TP 17.04'!F:F,'tồn TP 17.04'!A:A,'Trình bày'!B104) -> 0 | F104: =IFERROR(_xlfn.XLOOKUP(B104,'tồn TP 17.04'!A:A,'tồn TP 17.04'!J:J),0) -> 0 | G104: 1400/1190 | H104: 1440/1230 | I104: 40/40 | N104: Bền vững/ ko bền vững
...

Sheet tồn TP 17.04
F1: =SUBTOTAL(9,F3:F878) -> 8383230.3 | I1: =SUBTOTAL(9,I3:I90) -> 13163325 | J1: 3
A2: Material | B2: Material Description | C2: Base Unit of Measure | D2: Unrestricted | E2: Blocked | F2: Tồn 17/04 | G2: Phân loại | H2: Màu | I2: SL bán 2026 | J2: SL bán BQ/ tháng | K2: Check file bán
A3: 110000329 | B3: Hạt nhựa rPET WSS01 | C3: KG | D3: 384888 | E3: 0 | F3: =+D3+E3 -> 384888 | G3: =IFERROR(_xlfn.XLOOKUP(A3,data!A:A,data!D:D)," ") -> rPET | H3: =IFERROR(_xlfn.XLOOKUP(A3,data!A:A,data!E:E)," ") -> 0 | I3: 110000 | J3: =IFERROR(I3/$J$1,0) -> 36666.667 | K3: =VLOOKUP(A3,'Trình bày'!B:B,1,0) -> 110000329
A4: 110000332 | B4: Hạt nhựa rPET iSS01084G | C4: KG | D4: 188980.2 | E4: 240008 | F4: =+D4+E4 -> 428988.2 | G4: =IFERROR(_xlfn.XLOOKUP(A4,data!A:A,data!D:D)," ") -> rPET | H4: =IFERROR(_xlfn.XLOOKUP(A4,data!A:A,data!E:E)," ") -> 0 | I4: 1786400 | J4: =IFERROR(I4/$J$1,0) -> 595466.67 | K4: =VLOOKUP(A4,'Trình bày'!B:B,1,0) -> 110000332
A5: 110000336 | B5: Hạt nhựa rHDPE thử nghiệm | C5: KG | D5: 23066.9 | E5: 9450 | F5: =+D5+E5 -> 32516.9 | G5: =IFERROR(_xlfn.XLOOKUP(A5,data!A:A,data!D:D)," ") -> HD thổi | H5: =IFERROR(_xlfn.XLOOKUP(A5,data!A:A,data!E:E)," ") -> 0 | I5: 0 | J5: =IFERROR(I5/$J$1,0) -> 0 | K5: =VLOOKUP(A5,'Trình bày'!B:B,1,0) -> 110000336
A6: 110000339 | B6: Hạt Nhựa rHDPE MBF01 | C6: KG | D6: 96662.5 | E6: 55000 | F6: =+D6+E6 -> 151662.5 | G6: =IFERROR(_xlfn.XLOOKUP(A6,data!A:A,data!D:D)," ") -> HD thổi | H6: =IFERROR(_xlfn.XLOOKUP(A6,data!A:A,data!E:E)," ") -> Trong | I6: 690250 | J6: =IFERROR(I6/$J$1,0) -> 230083.33 | K6: =VLOOKUP(A6,'Trình bày'!B:B,1,0) -> 110000339
A7: 110000341 | B7: Hạt nhựa rHDB04B01 | C7: KG | D7: 109750.5 | E7: 7850 | F7: =+D7+E7 -> 117600.5 | G7: =IFERROR(_xlfn.XLOOKUP(A7,data!A:A,data!D:D)," ") -> HD thổi | H7: =IFERROR(_xlfn.XLOOKUP(A7,data!A:A,data!E:E)," ") -> Đen | I7: 156250 | J7: =IFERROR(I7/$J$1,0) -> 52083.333 | K7: =VLOOKUP(A7,'Trình bày'!B:B,1,0) -> 110000341
A8: 110000343 | B8: Hạt Nhựa rHDB03G01 | C8: KG | D8: 13140 | E8: 0 | F8: =+D8+E8 -> 13140 | G8: =IFERROR(_xlfn.XLOOKUP(A8,data!A:A,data!D:D)," ") -> HD thổi | H8: =IFERROR(_xlfn.XLOOKUP(A8,data!A:A,data!E:E)," ") -> Lá | I8: 0 | J8: =IFERROR(I8/$J$1,0) -> 0 | K8: =VLOOKUP(A8,'Trình bày'!B:B,1,0) -> 110000343
A9: 110000345 | B9: Hạt Nhựa rHDB03Y01 | C9: KG | D9: 1365 | E9: 2200 | F9: =+D9+E9 -> 3565 | G9: =IFERROR(_xlfn.XLOOKUP(A9,data!A:A,data!D:D)," ") -> HD thổi | H9: =IFERROR(_xlfn.XLOOKUP(A9,data!A:A,data!E:E)," ") -> Vàng | I9: 0 | J9: =IFERROR(I9/$J$1,0) -> 0 | K9: =VLOOKUP(A9,'Trình bày'!B:B,1,0) -> 110000345
A10: 110000354 | B10: Hạt nhựa rPET WSS01G 1 | C10: KG | D10: 737486 | E10: 0 | F10: =+D10+E10 -> 737486 | G10: =IFERROR(_xlfn.XLOOKUP(A10,data!A:A,data!D:D)," ") -> rPET | H10: =IFERROR(_xlfn.XLOOKUP(A10,data!A:A,data!E:E)," ") -> 0 | I10: 6468000 | J10: =IFERROR(I10/$J$1,0) -> 2156000 | K10: =VLOOKUP(A10,'Trình bày'!B:B,1,0) -> 110000354
A11: 110000355 | B11: Hạt nhựa rPET iSS01G 1 | C11: KG | D11: 70122.75 | E11: 0 | F11: =+D11+E11 -> 70122.75 | G11: =IFERROR(_xlfn.XLOOKUP(A11,data!A:A,data!D:D)," ") -> rPET | H11: =IFERROR(_xlfn.XLOOKUP(A11,data!A:A,data!E:E)," ") -> 0 | I11: 594050 | J11: =IFERROR(I11/$J$1,0) -> 198016.67 | K11: =VLOOKUP(A11,'Trình bày'!B:B,1,0) -> 110000355
A12: 110000359 | B12: Hạt nhựa rPET WSS03G | C12: KG | D12: 1884689.5 | E12: 26400 | F12: =+D12+E12 -> 1911089.5 | G12: =IFERROR(_xlfn.XLOOKUP(A12,data!A:A,data!D:D)," ") -> rPET | H12: =IFERROR(_xlfn.XLOOKUP(A12,data!A:A,data!E:E)," ") -> 0 | I12: 909850 | J12: =IFERROR(I12/$J$1,0) -> 303283.33 | K12: =VLOOKUP(A12,'Trình bày'!B:B,1,0) -> 110000359
A13: 110000360 | B13: Hạt nhựa rHDI4L01 | C13: KG | D13: 40070 | E13: 0 | F13: =+D13+E13 -> 40070 | G13: =IFERROR(_xlfn.XLOOKUP(A13,data!A:A,data!D:D)," ") -> HD ép | H13: =IFERROR(_xlfn.XLOOKUP(A13,data!A:A,data!E:E)," ") -> Dương | I13: 45500 | J13: =IFERROR(I13/$J$1,0) -> 15166.667 | K13: =VLOOKUP(A13,'Trình bày'!B:B,1,0) -> 110000360
A14: 110000361 | B14: Hạt nhựa rHDI3R01 | C14: KG | D14: 26650 | E14: 0 | F14: =+D14+E14 -> 26650 | G14: =IFERROR(_xlfn.XLOOKUP(A14,data!A:A,data!D:D)," ") -> HD ép | H14: =IFERROR(_xlfn.XLOOKUP(A14,data!A:A,data!E:E)," ") -> Đỏ | I14: 33000 | J14: =IFERROR(I14/$J$1,0) -> 11000 | K14: =VLOOKUP(A14,'Trình bày'!B:B,1,0) -> 110000361
... A90: 110000522 | B90: Hạt Nhựa rPET WSS03NC | C90: KG | D90: 50 | E90: 0 | F90: =+D90+E90 -> 50 | G90: =IFERROR(_xlfn.XLOOKUP(A90,data!A:A,data!D:D)," ") | H90: =IFERROR(_xlfn.XLOOKUP(A90,data!A:A,data!E:E)," ") | I90: 0 | J90: =IFERROR(I90/$J$1,0) -> 0 | K90: =VLOOKUP(A90,'Trình bày'!B:B,1,0) -> 110000522

Sheet data
A1: Material | B1: Material Description | C1: BUn | D1: PL | E1: Màu
A2: 110000378 | B2: Hạt nhựa rPET iSS01G 2 | C2: KG | D2: rPET
A3: 110000377 | B3: Hạt nhựa rPET WSS01G 2 | C3: KG | D3: rPET
A4: 110000354 | B4: Hạt nhựa rPET WSS01G 1 | C4: KG | D4: rPET
A5: 110000492 | B5: Hạt Nhựa rPET WSS03G PL | C5: KG | D5: rPET
A6: 110000355 | B6: Hạt nhựa rPET iSS01G 1 | C6: KG | D6: rPET
A7: 110000483 | B7: Hạt Nhựa rPET iSS01G-S | C7: KG | D7: rPET
A8: 110000339 | B8: Hạt Nhựa rHDPE MBF01 | C8: KG | D8: HD thổi | E8: Trong
A9: 110000426 | B9: Hạt Nhựa HCBF-Yel-U | C9: KG | D9: HD thổi | E9: Vàng
A10: 110000374 | B10: Hạt Nhựa rHDB03N02 | C10: KG | D10: HD thổi | E10: Trong
A11: 110000481 | B11: Hạt Nhựa rHDPE PCF01 | C11: KG | D11: HD thổi | E11: Trong
A12: 110000341 | B12: Hạt nhựa rHDB04B01 | C12: KG | D12: HD thổi | E12: Đen
A13: 110000425 | B13: Hạt Nhựa HCBF-Whi-U | C13: KG | D13: HD thổi | E13: Trắng
A14: 110000383 | B14: Hạt Nhựa rPET iSS84G-P | C14: KG | D14: rPET
A15: 110000484 | B15: Hạt Nhựa rPET WSS01G 1 PL | C15: KG | D15: rPET
A16: 110000335 | B16: Hạt nhựa rPET WSS04 | C16: KG | D16: rPET
A17: 110000358 | B17: Hạt nhựa rPET WSS02G | C17: KG | D17: rPET
A18: 110000360 | B18: Hạt nhựa rHDI4L01 | C18: KG | D18: HD ép | E18: Dương
A19: 110000366 | B19: Hạt nhựa rHDI3G01 | C19: KG | D19: HD ép | E19: Lá
A20: 110000361 | B20: Hạt nhựa rHDI3R01 | C20: KG | D20: HD ép | E20: Đỏ
A21: 110000496 | B21: Hạt Nhựa rHDI7DL02 | C21: KG | D21: HD ép | E21: Dương
A22: 110000364 | B22: Hạt nhựa rHDI3Y01 | C22: KG | D22: HD ép | E22: Vàng
A23: 110000365 | B23: Hạt nhựa rHDI3W01 | C23: KG | D23: HD ép | E23: Trắng
A24: 110000389 | B24: Hạt nhựa rPP20R02 | C24: KG | D24: rPP | E24: Đỏ
A25: 110000471 | B25: Hạt Nhựa rPP20L05 | C25: KG | D25: rPP | E25: Dương
A26: 110000472 | B26: Hạt Nhựa rPP20Gy01 | C26: KG | D26: rPP | E26: Xám
A27: 110000392 | B27: Hạt nhựa rPP20B01 | C27: KG | D27: rPP | E27: Đen
A28: 110000363 | B28: Hạt nhựa rHDI3Gy01 | C28: KG | D28: HD ép | E28: Xám
A29: 110000495 | B29: Hạt Nhựa rHDA03W01 | C29: KG | D29: HD thổi | E29: Trắng
A30: 110000430 | B30: Hạt Nhựa rPET Bán Thành Phẩm | C30: KG | D30: rPET
A31: 110000468 | B31: Hạt Nhựa rPET iSS80G-P | C31: KG | D31: rPET
A32: 110000500 | B32: Hạt Nhựa rPET WSS01L PL | C32: KG | D32: rPET
A33: 110000381 | B33: Hạt nhựa rPET WSS04SD | C33: KG | D33: Xơ sợi
A34: 110000382 | B34: Hạt nhựa rPET WSS04SB | C34: KG | D34: Xơ sợi
A35: 110000332 | B35: Hạt nhựa rPET iSS01084G | C35: KG | D35: rPET
A36: 110000384 | B36: Hạt Nhựa Xơ Sợi Thử Nghiệm | C36: KG | D36: Xơ sợi
A37: 110000336 | B37: Hạt nhựa rHDPE thử nghiệm | C37: KG | D37: HD thổi
A38: 110000387 | B38: Hạt nhựa rPET WSS03SD | C38: KG | D38: Xơ sợi
A39: 110000435 | B39: Hạt Nhựa rPP20L03 | C39: KG | D39: rPP | E39: Dương
A40: 110000482 | B40: Hạt Nhựa rPP20W01 | C40: KG | D40: rPP | E40: Trắng
A41: 110000367 | B41: Hạt nhựa rPP15R01 | C41: KG | D41: rPP | E41: Đỏ
A42: 110000369 | B42: Hạt nhựa rPP25W01 | C42: KG | D42: rPP | E42: Trắng
A43: 110000370 | B43: Hạt nhựa rPP15Gy01 | C43: KG | D43: rPP | E43: Xám
A44: 110000371 | B44: Hạt nhựa rPP15B01 | C44: KG | D44: rPP | E44: Đen
A45: 110000388 | B45: Hạt nhựa rPP20R01 | C45: KG | D45: rPP | E45: Đỏ
A46: 110000407 | B46: Vảy HD Ép Đỏ | C46: KG | D46: Vảy HD ép | E46: Đỏ
A47: 110000409 | B47: Vảy HD Ép Vàng | C47: KG | D47: Vảy HD ép | E47: Vàng
A48: 110000410 | B48: Vảy HD Ép Lá | C48: KG | D48: Vảy HD ép | E48: Lá
A49: 110000411 | B49: Vảy HD Ép Dương | C49: KG | D49: Vảy HD ép | E49: Dương
A50: 110000408 | B50: Vảy HD Ép Trắng | C50: KG | D50: Vảy HD ép | E50: Trắng
... A58: 110000345 | B58: Hạt Nhựa rHDB03Y01 | C58: KG | D58: HD thổi | E58: Vàng
A59: 110000428 | B59: Dây đai PET | C59: KG
A60: 110000385 | B60: Hạt Nhựa rHDB05N01 | C60: KG | D60: HD thổi | E60: Trong
A61: 110000333 | B61: Hạt nhựa rPET WSS03 | C61: KG | D61: rPET
A62: 110000373 | B62: Hạt nhựa rHDI4DL01 | C62: KG | D62: HD ép | E62: Dương
A63: 110000427 | B63: Hạt Nhựa HCBF-Gre-U | C63: KG | D63: HD thổi | E63: Lá
A64: 110000429 | B64: Hạt Nhựa rHDPE MAF01 | C64: KG | D64: HD thổi | E64: Trong
A65: 110000390 | B65: Hạt nhựa rPP20L01 | C65: KG | D65: rPP | E65: Dương
A66: 110000436 | B66: Hạt nhựa rPET WSS05SB | C66: KG | D66: Xơ sợi
A67: 110000439 | B67: Vảy PP Trắng Sữa | C67: KG | D67: Vảy PP | E67: Trắng
A68: 110000440 | B68: Hạt Nhựa LDPE Thử Nghiệm | C68: KG | D68: LDPE
A69: 110000391 | B69: Hạt nhựa rPP20L02 | C69: KG | D69: rPP | E69: Dương
A70: 110000444 | B70: Hạt trụ | C70: KG
A71: 110000445 | B71: Xử Lý 14 | C71: KG
A72: 110000446 | B72: Xử Lý 7 | C72: KG
A73: 110000447 | B73: Xử lý 5 | C73: KG
A74: 110000448 | B74: Xanh Ngọc | C74: KG
A75: 110000450 | B75: Hạt Vuông | C75: KG
A76: 110000451 | B76: Hạt Châm | C76: KG
A77: 110000453 | B77: Xử lý 15 hạt trắng | C77: KG
A78: 110000454 | B78: Xử lý 8 | C78: KG
A79: 110000455 | B79: Xử lý 15 | C79: KG
A80: 110000456 | B80: Xử lý 16 | C80: KG
A81: 110000457 | B81: MT 16 | C81: KG
... A83: 110000463 | B83: GC Hạt Nhựa rLDB1N03 | C83: KG
A84: 110000464 | B84: Hạt Nhựa rPET WSS06SP-1 | C84: KG | D84: Xơ sợi
A85: 110000466 | B85: Hạt Nhựa rPET WSS05SB-2 | C85: KG | D85: Xơ sợi
A86: 110000359 | B86: Hạt nhựa rPET WSS03G | C86: KG | D86: rPET
A87: 110000469 | B87: Vảy HD Ép Dương Bình Thuận | C87: KG | D87: Vảy HD ép | E87: Dương
A88: 110000393 | B88: Hạt nhựa rPP20Be01 | C88: KG | D88: rPP | E88: Be
A89: 110000394 | B89: Hạt nhựa rPP15Gy02 | C89: KG | D89: rPP | E89: Xám
A90: 110000488 | B90: Hạt Nhựa rPET iSS01084G PL | C90: KG | D90: rPET
A91: 110000432 | B91: Hạt Nhựa rHDB03N01 | C91: KG | D91: HD thổi | E91: Trong
A92: 110000441 | B92: Hạt Nhựa PP Thử Nghiệm | C92: KG | D92: rPP
A93: 110000493 | B93: Hạt Nhựa rPET WSS01 PL | C93: KG | D93: rPET
A94: 110000487 | B94: Hạt Nhựa rPET iSS01G 2 PL | C94: KG | D94: rPET
A95: 110000329 | B95: Hạt nhựa rPET WSS01 | C95: KG | D95: rPET
A96: 110000497 | B96: Hạt Nhựa rPET WSS01G-L | C96: KG | D96: rPET
A97: 110000486 | B97: Hạt Nhựa rPET iSS01G 1 PL | C97: KG | D97: rPET
A98: 110000376 | B98: Hạt nhựa rPET iSS01L | C98: KG | D98: rPET
A99: 110000485 | B99: Hạt Nhựa rPET WSS01G 2 PL | C99: KG | D99: rPET
A100: 110000331 | B100: Hạt nhựa rPET WSS02 | C100: KG | D100: rPET
A101: 110000499 | B101: Hạt Nhựa rPET WSS01L | C101: KG | D101: rPET
A102: 110000433 | B102: Hạt Nhựa rHDB03N03 | C102: KG | D102: HD thổi | E102: Trong
A103: 110000431 | B103: Hạt Nhựa rHDI3Gy02 | C103: KG | D103: HD ép | E103: Xám
A104: 110000330 | B104: Hạt nhựa rPET iSS01 | C104: KG | D104: rPET
A105: 110000491 | B105: Hạt Nhựa rPET iSS01G-S PL | C105: KG | D105: rPET
A106: 110000475 | B106: Hạt nhựa rPET WSS03G FRH | C106: KG | D106: rPET
A107: 110000502 | B107: Hạt Nhựa rLDB2N01 | C107: KG | D107: LDPE
A108: 110000506 | B108: Hạt Nhựa rPET WSS01 & WSS01G-L | C108: KG | D108: rPET
...
