Workbook
Name \A: #REF!
Name \M: #REF!
Name ___ATS98: #REF!
Name ___BGT02: #REF!
Name ___CHF98: #REF!
Name ___CHX2002: #REF!
Name ___CHX2003: #REF!
Name ___CHX2004: #REF!
Name ___CHX2005: #REF!
Name ___DTB2003: #REF!
Name ___DTB2004: #REF!
Name ___LY01: #REF!
Name ___Mkt1: #REF!
Name ___VAR1: #REF!
Name ___VAR2: #REF!
Name ___var22: #REF!
Name ___VAR3: #REF!
Name ___VAR4: #REF!
Name ___VAR5: #REF!
Name ___VAR6: #REF!
Name ___VAR7: #REF!
Name __ATS98: #REF!
Name __BGT02: #REF!
Name __CHF98: #REF!
Name __CHX2002: #REF!
Name __CHX2003: #REF!
Name __CHX2004: #REF!
Name __CHX2005: #REF!
Name __DAT1: #REF!
Name __DAT10: #REF!
Name __DAT11: #REF!
Name __DAT12: #REF!
Name __DAT13: #REF!
Name __DAT14: #REF!
Name __DAT15: #REF!
Name __DAT16: #REF!
Name __DAT17: #REF!
Name __DAT18: #REF!
Name __DAT19: #REF!
Name __DAT2: #REF!
Name __DAT20: #REF!
Name __DAT21: #REF!
Name __DAT22: #REF!
Name __DAT23: #REF!
Name __DAT24: #REF!
Name __DAT25: #REF!
Name __DAT26: #REF!
Name __DAT27: #REF!
Name __DAT28: #REF!
Name __DAT29: #REF!
Name __DAT3: #REF!
Name __DAT30: #REF!
Name __DAT31: #REF!
Name __DAT32: #REF!
Name __DAT33: #REF!
Name __DAT34: #REF!
Name __DAT35: #REF!
Name __DAT36: #REF!
Name __DAT37: #REF!
Name __DAT38: #REF!

Sheet Trình bày 2026
B1: DANH MỤC THÀNH PHẨM
E3: Tháng 1 | L3: Tháng 2 | S3: Tháng 3 | Z3: Tháng 4
A4: STT | B4: Mã SAP | C4: Tên hàng hóa | D4: Màu | E4: Giá duyệt T12 (USD/ tấn) | F4: Giá bán đề nghị T1 (USD/ tấn) | G4: CL T12 sv T1 (USD/ tấn) | H4: Giá vốn | I4: Lợi nhuận trước thuế | J4: % lợi nhuận sau thuế | K4: Giá đề nghị của kinh doanh | L4: Giá duyệt T1 (USD/ tấn) | M4: Giá bán đề nghị T1 (USD/ tấn) | N4: CL T12 sv T1 (USD/ tấn) | O4: Giá vốn | P4: Lợi nhuận trước thuế | Q4: % lợi nhuận sau thuế | R4: Giá đề nghị của kinh doanh | S4: Giá duyệt T12 (USD/ tấn) | T4: Giá bán đề nghị T1 (USD/ tấn) | U4: CL T12 sv T1 (USD/ tấn) | V4: Giá vốn | W4: Lợi nhuận trước thuế | X4: % lợi nhuận sau thuế | Y4: Giá đề nghị của kinh doanh | Z4: Giá duyệt T12 (USD/ tấn) | AA4: Giá bán đề nghị T1 (USD/ tấn) | AB4: CL T12 sv T1 (USD/ tấn) | AC4: Giá vốn | AD4: Lợi nhuận trước thuế | AE4: % lợi nhuận sau thuế | AF4: Giá đề nghị của kinh doanh
A5: A | B5: rPET
A6: I | B6: MÃ HÀNG ĐANG BÁN
A7: 1 | B7: 110000354 | C7: Hạt nhựa rPET WSS01G 1 | E7: =VLOOKUP($B7,'Trình bày T1'!$B:$M,6,0) -> 1200 | F7: =VLOOKUP($B7,'Trình bày T1'!$B:$M,7,0) -> 1200 | G7: =F7-E7 -> 0 | H7: =VLOOKUP($B9,'Trình bày T1'!$B:$M,9,0) -> 1157.9867 | I7: =(F7-H7) -> 42.013296 | J7: =+I7/F7 -> 0.03501108 | K7: =VLOOKUP($B12,'Trình bày T1'!$B:$M,12,0) -> 1440 | L7: =VLOOKUP($B7,'Trình bày T2'!$B:$M,6,0) -> 1160 | M7: =VLOOKUP($B7,'Trình bày T2'!$B:$M,7,0) -> 1160 | N7: =M7-L7 -> 0 | O7: =VLOOKUP($B9,'Trình bày T2'!$B:$M,9,0) -> 1111 | P7: =(M7-O7) -> 49 | Q7: =+P7/M7 -> 0.042241379 | R7: =VLOOKUP($B12,'Trình bày T2'!$B:$M,12,0) -> 0 | S7: =VLOOKUP($B7,'Trình bày T3'!$B:$M,6,0) -> 1160 | T7: =VLOOKUP($B7,'Trình bày T3'!$B:$M,7,0) -> 1160 | U7: =T7-S7 -> 0 | V7: =VLOOKUP($B9,'Trình bày T3'!$B:$M,9,0) -> 1113.7705 | W7: =(T7-V7) -> 46.229474 | X7: =+W7/T7 -> 0.039852995 | Y7: =VLOOKUP($B12,'Trình bày T3'!$B:$M,12,0) -> #N/A | Z7: =VLOOKUP($B7,'Trình bày T4'!$B:$M,6,0) -> 1160 | AA7: =VLOOKUP($B7,'Trình bày T4'!$B:$M,7,0) -> 1280 | AB7: =AA7-Z7 -> 120 | AC7: =VLOOKUP($B9,'Trình bày T4'!$B:$M,9,0) -> 1136 | AD7: =(AA7-AC7) -> 144 | AE7: =+AD7/AA7 -> 0.1125 | AF7: =VLOOKUP($B12,'Trình bày T4'!$B:$M,12,0) -> 0
A8: =+A7+1 -> 2 | B8: 110000355 | C8: Hạt nhựa rPET iSS01G 1 | E8: =VLOOKUP($B8,'Trình bày T1'!$B:$M,6,0) -> 1230 | F8: =VLOOKUP($B8,'Trình bày T1'!$B:$M,7,0) -> 1230 | G8: =F8-E8 -> 0 | H8: =VLOOKUP($B8,'Trình bày T1'!$B:$M,9,0) -> 1096.8837 | I8: =(F8-H8) -> 133.11632 | J8: =+I8/F8 -> 0.10822465 | K8: =VLOOKUP($B8,'Trình bày T1'!$B:$M,12,0) -> 1210 | L8: =VLOOKUP($B8,'Trình bày T2'!$B:$M,6,0) -> 1190 | M8: =VLOOKUP($B8,'Trình bày T2'!$B:$M,7,0) -> 1190 | N8: =M8-L8 -> 0 | O8: =VLOOKUP($B8,'Trình bày T2'!$B:$M,9,0) -> 1056 | P8: =(M8-O8) -> 134 | Q8: =+P8/M8 -> 0.11260504 | R8: =VLOOKUP($B8,'Trình bày T2'!$B:$M,12,0) -> 0 | S8: =VLOOKUP($B8,'Trình bày T3'!$B:$M,6,0) -> 1190 | T8: =VLOOKUP($B8,'Trình bày T3'!$B:$M,7,0) -> 1190 | U8: =T8-S8 -> 0 | V8: =VLOOKUP($B8,'Trình bày T3'!$B:$M,9,0) -> 1057.7957 | W8: =(T8-V8) -> 132.20427 | X8: =+W8/T8 -> 0.11109603 | Y8: =VLOOKUP($B8,'Trình bày T3'!$B:$M,12,0) -> 0 | Z8: =VLOOKUP($B8,'Trình bày T4'!$B:$M,6,0) -> 1190 | AA8: =VLOOKUP($B8,'Trình bày T4'!$B:$M,7,0) -> 1310 | AB8: =AA8-Z8 -> 120 | AC8: =VLOOKUP($B8,'Trình bày T4'!$B:$M,9,0) -> 1078 | AD8: =(AA8-AC8) -> 232 | AE8: =+AD8/AA8 -> 0.17709924 | AF8: =VLOOKUP($B8,'Trình bày T4'!$B:$M,12,0) -> 0
A9: =+A8+1 -> 3 | B9: 110000332 | C9: Hạt nhựa rPET iSS01084G | E9: =VLOOKUP($B9,'Trình bày T1'!$B:$M,6,0) -> 1290 | F9: =VLOOKUP($B9,'Trình bày T1'!$B:$M,7,0) -> 1290 | G9: =F9-E9 -> 0 | H9: =VLOOKUP($B9,'Trình bày T1'!$B:$M,9,0) -> 1157.9867 | I9: =(F9-H9) -> 132.0133 | J9: =+I9/F9 -> 0.10233589 | K9: =VLOOKUP($B12,'Trình bày T1'!$B:$M,12,0) -> 1440 | L9: =VLOOKUP($B9,'Trình bày T2'!$B:$M,6,0) -> 1250 | M9: =VLOOKUP($B9,'Trình bày T2'!$B:$M,7,0) -> 1250 | N9: =M9-L9 -> 0 | O9: =VLOOKUP($B9,'Trình bày T2'!$B:$M,9,0) -> 1111 | P9: =(M9-O9) -> 139 | Q9: =+P9/M9 -> 0.1112 | R9: =VLOOKUP($B12,'Trình bày T2'!$B:$M,12,0) -> 0 | S9: =VLOOKUP($B9,'Trình bày T3'!$B:$M,6,0) -> 1250 | T9: =VLOOKUP($B9,'Trình bày T3'!$B:$M,7,0) -> 1250 | U9: =T9-S9 -> 0 | V9: =VLOOKUP($B9,'Trình bày T3'!$B:$M,9,0) -> 1113.7705 | W9: =(T9-V9) -> 136.22947 | X9: =+W9/T9 -> 0.10898358 | Y9: =VLOOKUP($B12,'Trình bày T3'!$B:$M,12,0) -> #N/A | Z9: =VLOOKUP($B9,'Trình bày T4'!$B:$M,6,0) -> 1250 | AA9: =VLOOKUP($B9,'Trình bày T4'!$B:$M,7,0) -> 1370 | AB9: =AA9-Z9 -> 120 | AC9: =VLOOKUP($B9,'Trình bày T4'!$B:$M,9,0) -> 1136 | AD9: =(AA9-AC9) -> 234 | AE9: =+AD9/AA9 -> 0.17080292 | AF9: =VLOOKUP($B12,'Trình bày T4'!$B:$M,12,0) -> 0
A10: =+A9+1 -> 4 | B10: 110000359 | C10: Hạt nhựa rPET WSS03G | E10: =VLOOKUP($B10,'Trình bày T1'!$B:$M,6,0) -> 1130 | F10: =VLOOKUP($B10,'Trình bày T1'!$B:$M,7,0) -> 1130 | G10: =F10-E10 -> 0 | H10: =VLOOKUP($B10,'Trình bày T1'!$B:$M,9,0) -> 1096.8837 | I10: =(F10-H10) -> 33.116321 | J10: =+I10/F10 -> 0.029306478 | K10: =VLOOKUP($B10,'Trình bày T1'!$B:$M,12,0) -> 1110 | L10: =VLOOKUP($B10,'Trình bày T2'!$B:$M,6,0) -> 1090 | M10: =VLOOKUP($B10,'Trình bày T2'!$B:$M,7,0) -> 1090 | N10: =M10-L10 -> 0 | O10: =VLOOKUP($B10,'Trình bày T2'!$B:$M,9,0) -> 1056 | P10: =(M10-O10) -> 34 | Q10: =+P10/M10 -> 0.031192661 | R10: =VLOOKUP($B10,'Trình bày T2'!$B:$M,12,0) -> 0 | S10: =VLOOKUP($B10,'Trình bày T3'!$B:$M,6,0) -> 1090 | T10: =VLOOKUP($B10,'Trình bày T3'!$B:$M,7,0) -> 1090 | U10: =T30-S10 -> -320 | V10: =VLOOKUP($B10,'Trình bày T3'!$B:$M,9,0) -> 1057.7957 | W10: =(T30-V10) -> -287.79573 | X10: =+W10/T30 -> -0.37376068 | Y10: =VLOOKUP($B10,'Trình bày T3'!$B:$M,12,0) -> 0 | Z10: =VLOOKUP($B10,'Trình bày T4'!$B:$M,6,0) -> 1090 | AA10: =VLOOKUP($B10,'Trình bày T4'!$B:$M,7,0) -> 1210 | AB10: =AA10-Z10 -> 120 | AC10: =VLOOKUP($B10,'Trình bày T4'!$B:$M,9,0) -> 1078 | AD10: =(AA10-AC10) -> 132 | AE10: =+AD10/AA10 -> 0.10909091 | AF10: =VLOOKUP($B10,'Trình bày T4'!$B:$M,12,0) -> 0
A11: =+A10+1 -> 5 | B11: 110000329 | C11: Hạt nhựa rPET WSS01 | E11: =VLOOKUP($B11,'Trình bày T1'!$B:$M,6,0) -> 1320 | F11: =VLOOKUP($B11,'Trình bày T1'!$B:$M,7,0) -> 1320 | G11: =F11-E11 -> 0 | H11: =VLOOKUP($B11,'Trình bày T1'!$B:$M,9,0) -> 1182.4815 | I11: =(F11-H11) -> 137.51854 | J11: =+I11/F11 -> 0.10418072 | K11: =VLOOKUP($B11,'Trình bày T1'!$B:$M,12,0) -> 1320 | L11: =VLOOKUP($B11,'Trình bày T2'!$B:$M,6,0) -> 1320 | M11: =VLOOKUP($B11,'Trình bày T2'!$B:$M,7,0) -> 1320 | N11: =M11-L11 -> 0 | O11: =VLOOKUP($B11,'Trình bày T2'!$B:$M,9,0) -> 1154 | P11: =(M11-O11) -> 166 | Q11: =+P11/M11 -> 0.12575758 | R11: =VLOOKUP($B11,'Trình bày T2'!$B:$M,12,0) -> 0 | S11: =VLOOKUP($B11,'Trình bày T3'!$B:$M,6,0) -> 1320 | T11: =VLOOKUP($B11,'Trình bày T3'!$B:$M,7,0) -> 1320 | U11: =T31-S11 -> -600 | V11: =VLOOKUP($B11,'Trình bày T3'!$B:$M,9,0) -> 1155.3596 | W11: =(T31-V11) -> -435.35965 | X11: =+W11/T31 -> -0.60466618 | Y11: =VLOOKUP($B11,'Trình bày T3'!$B:$M,12,0) -> 0 | Z11: =VLOOKUP($B11,'Trình bày T4'!$B:$M,6,0) -> 1290 | AA11: =VLOOKUP($B11,'Trình bày T4'!$B:$M,7,0) -> 1290 | AB11: =AA11-Z11 -> 0 | AC11: =VLOOKUP($B11,'Trình bày T4'!$B:$M,9,0) -> 1169 | AD11: =(AA11-AC11) -> 121 | AE11: =+AD11/AA11 -> 0.09379845 | AF11: =VLOOKUP($B11,'Trình bày T4'!$B:$M,12,0) -> 0
A12: =+A11+1 -> 6 | B12: 110000497 | C12: Hạt Nhựa rPET WSS01G-L | E12: =VLOOKUP($B12,'Trình bày T1'!$B:$M,6,0) -> 1440 | F12: =VLOOKUP($B12,'Trình bày T1'!$B:$M,7,0) -> 1440 | G12: =F12-E12 -> 0 | H12: =VLOOKUP($B12,'Trình bày T1'!$B:$M,9,0) -> 1235.0716 | I12: =(F12-H12) -> 204.92844 | J12: =+I12/F12 -> 0.14231141 | K12: =VLOOKUP($B12,'Trình bày T1'!$B:$M,12,0) -> 1440 | L12: =VLOOKUP($B12,'Trình bày T2'!$B:$M,6,0) -> 1440 | M12: =VLOOKUP($B12,'Trình bày T2'!$B:$M,7,0) -> 1440 | N12: =M12-L12 -> 0 | O12: =VLOOKUP($B12,'Trình bày T2'!$B:$M,9,0) -> 1201 | P12: =(M12-O12) -> 239 | Q12: =+P12/M12 -> 0.16597222 | R12: =VLOOKUP($B12,'Trình bày T2'!$B:$M,12,0) -> 0 | S12: =VLOOKUP($B12,'Trình bày T3'!$B:$M,6,0) -> #N/A | T12: =VLOOKUP($B12,'Trình bày T3'!$B:$M,7,0) -> #N/A | U12: =T32-S12 -> #N/A | V12: =VLOOKUP($B12,'Trình bày T3'!$B:$M,9,0) -> #N/A | W12: =(T32-V12) -> #N/A | X12: =+W12/T32 -> #N/A | Y12: =VLOOKUP($B12,'Trình bày T3'!$B:$M,12,0) -> #N/A | Z12: =VLOOKUP($B12,'Trình bày T4'!$B:$M,6,0) -> 0 | AA12: =VLOOKUP($B12,'Trình bày T4'!$B:$M,7,0) -> 0 | AB12: =AA12-Z12 -> 0 | AC12: =VLOOKUP($B12,'Trình bày T4'!$B:$M,9,0) -> 0 | AD12: =(AA12-AC12) -> 0 | AE12: =+AD12/AA12 -> #DIV/0! | AF12: =VLOOKUP($B12,'Trình bày T4'!$B:$M,12,0) -> 0
A13: =+A12+1 -> 7 | B13: 110000499 | C13: Hạt Nhựa rPET WSS01L | E13: =VLOOKUP($B13,'Trình bày T1'!$B:$M,6,0) -> 1200 | F13: =VLOOKUP($B13,'Trình bày T1'!$B:$M,7,0) -> 1200 | G13: =F13-E13 -> 0 | H13: =VLOOKUP($B13,'Trình bày T1'!$B:$M,9,0) -> 1015.2046 | I13: =(F13-H13) -> 184.79538 | J13: =+I13/F13 -> 0.15399615 | K13: =VLOOKUP($B13,'Trình bày T1'!$B:$M,12,0) -> 1180 | L13: =VLOOKUP($B13,'Trình bày T2'!$B:$M,6,0) -> 1160 | M13: =VLOOKUP($B13,'Trình bày T2'!$B:$M,7,0) -> 1160 | N13: =M13-L13 -> 0 | O13: =VLOOKUP($B13,'Trình bày T2'!$B:$M,9,0) -> 998 | P13: =(M13-O13) -> 162 | Q13: =+P13/M13 -> 0.13965517 | R13: =VLOOKUP($B13,'Trình bày T2'!$B:$M,12,0) -> 0 | S13: =VLOOKUP($B13,'Trình bày T3'!$B:$M,6,0) -> 1160 | T13: =VLOOKUP($B13,'Trình bày T3'!$B:$M,7,0) -> 1160 | U13: =T33-S13 -> -1160 | V13: =VLOOKUP($B13,'Trình bày T3'!$B:$M,9,0) -> 1006.566 | W13: =(T33-V13) -> -1006.566 | X13: =+W13/T33 -> #DIV/0! | Y13: =VLOOKUP($B13,'Trình bày T3'!$B:$M,12,0) -> 0 | Z13: =VLOOKUP($B13,'Trình bày T4'!$B:$M,6,0) -> 1160 | AA13: =VLOOKUP($B13,'Trình bày T4'!$B:$M,7,0) -> 1280 | AB13: =AA13-Z13 -> 120 | AC13: =VLOOKUP($B13,'Trình bày T4'!$B:$M,9,0) -> 1026 | AD13: =(AA13-AC13) -> 254 | AE13: =+AD13/AA13 -> 0.1984375 | AF13: =VLOOKUP($B13,'Trình bày T4'!$B:$M,12,0) -> 0
A14: =+A13+1 -> 8 | B14: 110000503 | C14: Hạt Nhựa rPET WSS01S | E14: =VLOOKUP($B14,'Trình bày T1'!$B:$M,6,0) -> 1200 | F14: =VLOOKUP($B14,'Trình bày T1'!$B:$M,7,0) -> 1200 | G14: =F14-E14 -> 0 | H14: =VLOOKUP($B14,'Trình bày T1'!$B:$M,9,0) -> 1025.9231 | I14: =(F14-H14) -> 174.07692 | J14: =+I14/F14 -> 0.1450641 | K14: =VLOOKUP($B14,'Trình bày T1'!$B:$M,12,0) -> 1180 | L14: =VLOOKUP($B14,'Trình bày T2'!$B:$M,6,0) -> 1160 | M14: =VLOOKUP($B14,'Trình bày T2'!$B:$M,7,0) -> 1160 | N14: =M14-L14 -> 0 | O14: =VLOOKUP($B14,'Trình bày T2'!$B:$M,9,0) -> 0 | P14: =(M14-O14) -> 1160 | Q14: =+P14/M14 -> 1 | R14: =VLOOKUP($B14,'Trình bày T2'!$B:$M,12,0) -> 0 | S14: =VLOOKUP($B14,'Trình bày T3'!$B:$M,6,0) -> #N/A | T14: =VLOOKUP($B14,'Trình bày T3'!$B:$M,7,0) -> #N/A | U14: =T34-S14 -> #N/A | V14: =VLOOKUP($B14,'Trình bày T3'!$B:$M,9,0) -> #N/A | W14: =(T34-V14) -> #N/A | X14: =+W14/T34 -> #N/A | Y14: =VLOOKUP($B14,'Trình bày T3'!$B:$M,12,0) -> #N/A | Z14: =VLOOKUP($B14,'Trình bày T4'!$B:$M,6,0) -> 0 | AA14: =VLOOKUP($B14,'Trình bày T4'!$B:$M,7,0) -> 0 | AB14: =AA14-Z14 -> 0 | AC14: =VLOOKUP($B14,'Trình bày T4'!$B:$M,9,0) -> 0 | AD14: =(AA14-AC14) -> 0 | AE14: =+AD14/AA14 -> #DIV/0! | AF14: =VLOOKUP($B14,'Trình bày T4'!$B:$M,12,0) -> 0
A15: =+A14+1 -> 9 | B15: 110000506 | C15: Hạt Nhựa rPET WSS01 & WSS01G-L | E15: =VLOOKUP($B15,'Trình bày T1'!$B:$M,6,0) -> 1410 | F15: =VLOOKUP($B15,'Trình bày T1'!$B:$M,7,0) -> 1410 | G15: =F15-E15 -> 0 | H15: =VLOOKUP($B15,'Trình bày T1'!$B:$M,9,0) -> 1208.7765 | I15: =(F15-H15) -> 201.22349 | J15: =+I15/F15 -> 0.1427117 | K15: =VLOOKUP($B15,'Trình bày T1'!$B:$M,12,0) -> 1410 | L15: =VLOOKUP($B15,'Trình bày T2'!$B:$M,6,0) -> 1410 | M15: =VLOOKUP($B15,'Trình bày T2'!$B:$M,7,0) -> 1410 | N15: =M15-L15 -> 0 | O15: =VLOOKUP($B15,'Trình bày T2'!$B:$M,9,0) -> 1222.6415 | P15: =(M15-O15) -> 187.35849 | Q15: =+P15/M15 -> 0.13287836 | R15: =VLOOKUP($B15,'Trình bày T2'!$B:$M,12,0) -> 0 | S15: =VLOOKUP($B15,'Trình bày T3'!$B:$M,6,0) -> 1410 | T15: =VLOOKUP($B15,'Trình bày T3'!$B:$M,7,0) -> 690 | U15: =T35-S15 -> -380 | V15: =VLOOKUP($B15,'Trình bày T3'!$B:$M,9,0) -> 1222.6415 | W15: =(T35-V15) -> -192.64151 | X15: =+W15/T35 -> -0.18703059 | Y15: =VLOOKUP($B15,'Trình bày T3'!$B:$M,12,0) -> 0 | Z15: =VLOOKUP($B15,'Trình bày T4'!$B:$M,6,0) -> 0 | AA15: =VLOOKUP($B15,'Trình bày T4'!$B:$M,7,0) -> 0 | AB15: =AA15-Z15 -> 0 | AC15: =VLOOKUP($B15,'Trình bày T4'!$B:$M,9,0) -> 1222.6415 | AD15: =(AA15-AC15) -> -1222.6415 | AE15: =+AD15/AA15 -> #DIV/0! | AF15: =VLOOKUP($B15,'Trình bày T4'!$B:$M,12,0) -> 0
A16: =+A15+1 -> 10 | B16: 110000483 | C16: Hạt Nhựa rPET iSS01G-S | E16: =VLOOKUP($B16,'Trình bày T1'!$B:$M,6,0) -> 1230 | F16: =VLOOKUP($B17,'Trình bày T1'!$B:$M,7,0) -> 0 | G16: =F16-E16 -> -1230 | H16: =VLOOKUP($B19,'Trình bày T1'!$B:$M,9,0) -> 1096.8837 | I16: =(F16-H16) -> -1096.8837 | J16: =+I16/F16 -> #DIV/0! | K16: =VLOOKUP($B112,'Trình bày T1'!$B:$M,12,0) -> 600 | L16: =VLOOKUP($B16,'Trình bày T2'!$B:$M,6,0) -> 1190 | M16: =VLOOKUP($B17,'Trình bày T2'!$B:$M,7,0) -> 0 | N16: =M16-L16 -> -1190 | O16: =VLOOKUP($B19,'Trình bày T2'!$B:$M,9,0) -> 1056 | P16: =(M16-O16) -> -1056 | Q16: =+P16/M16 -> #DIV/0! | R16: =VLOOKUP($B112,'Trình bày T2'!$B:$M,12,0) -> 0 | S16: =VLOOKUP($B16,'Trình bày T3'!$B:$M,6,0) -> 1190 | T16: =VLOOKUP($B17,'Trình bày T3'!$B:$M,7,0) -> 0 | U16: =T36-S16 -> -1190 | V16: =VLOOKUP($B19,'Trình bày T3'!$B:$M,9,0) -> 1057.7957 | W16: =(T36-V16) -> -1057.7957 | X16: =+W16/T36 -> #DIV/0! | Y16: =VLOOKUP($B112,'Trình bày T3'!$B:$M,12,0) -> 0 | Z16: =VLOOKUP($B16,'Trình bày T4'!$B:$M,6,0) -> 1190 | AA16: =VLOOKUP($B17,'Trình bày T4'!$B:$M,7,0) -> 0 | AB16: =AA16-Z16 -> -1190 | AC16: =VLOOKUP($B19,'Trình bày T4'!$B:$M,9,0) -> 1078 | AD16: =(AA16-AC16) -> -1078 | AE16: =+AD16/AA16 -> #DIV/0! | AF16: =VLOOKUP($B112,'Trình bày T4'!$B:$M,12,0) -> 0
A17: II | B17: MÃ HÀNG BÁN CHẬM
A18: 1 | B18: 110000378 | C18: Hạt nhựa rPET iSS01G 2 | E18: =VLOOKUP($B18,'Trình bày T1'!$B:$M,6,0) -> 1230 | F18: =VLOOKUP($B18,'Trình bày T1'!$B:$M,7,0) -> 1230 | G18: =F18-E18 -> 0 | H18: =VLOOKUP($B18,'Trình bày T1'!$B:$M,9,0) -> 1096.8837 | I18: =(F18-H18) -> 133.11632 | J18: =+I18/F18 -> 0.10822465 | K18: =VLOOKUP($B18,'Trình bày T1'!$B:$M,12,0) -> 1210 | L18: =VLOOKUP($B18,'Trình bày T2'!$B:$M,6,0) -> 1190 | M18: =VLOOKUP($B18,'Trình bày T2'!$B:$M,7,0) -> 1190 | N18: =M18-L18 -> 0 | O18: =VLOOKUP($B18,'Trình bày T2'!$B:$M,9,0) -> 1056 | P18: =(M18-O18) -> 134 | Q18: =+P18/M18 -> 0.11260504 | R18: =VLOOKUP($B18,'Trình bày T2'!$B:$M,12,0) -> 0 | S18: =VLOOKUP($B18,'Trình bày T3'!$B:$M,6,0) -> 1190 | T18: =VLOOKUP($B18,'Trình bày T3'!$B:$M,7,0) -> 1190 | U18: =T38-S18 -> -1190 | V18: =VLOOKUP($B18,'Trình bày T3'!$B:$M,9,0) -> 1057.7957 | W18: =(T38-V18) -> -1057.7957 | X18: =+W18/T38 -> #DIV/0! | Y18: =VLOOKUP($B18,'Trình bày T3'!$B:$M,12,0) -> 0 | Z18: =VLOOKUP($B18,'Trình bày T4'!$B:$M,6,0) -> 1190 | AA18: =VLOOKUP($B18,'Trình bày T4'!$B:$M,7,0) -> 1310 | AB18: =AA18-Z18 -> 120 | AC18: =VLOOKUP($B18,'Trình bày T4'!$B:$M,9,0) -> 1078 | AD18: =(AA18-AC18) -> 232 | AE18: =+AD18/AA18 -> 0.17709924 | AF18: =VLOOKUP($B18,'Trình bày T4'!$B:$M,12,0) -> 0
A19: =+A18+1 -> 2 | B19: 110000377 | C19: Hạt nhựa rPET WSS01G 2 | E19: =VLOOKUP($B19,'Trình bày T1'!$B:$M,6,0) -> 1200 | F19: =VLOOKUP($B19,'Trình bày T1'!$B:$M,7,0) -> 1200 | G19: =F19-E19 -> 0 | H19: =VLOOKUP($B19,'Trình bày T1'!$B:$M,9,0) -> 1096.8837 | I19: =(F19-H19) -> 103.11632 | J19: =+I19/F19 -> 0.085930267 | K19: =VLOOKUP($B112,'Trình bày T1'!$B:$M,12,0) -> 600 | L19: =VLOOKUP($B19,'Trình bày T2'!$B:$M,6,0) -> 1160 | M19: =VLOOKUP($B19,'Trình bày T2'!$B:$M,7,0) -> 1160 | N19: =M19-L19 -> 0 | O19: =VLOOKUP($B19,'Trình bày T2'!$B:$M,9,0) -> 1056 | P19: =(M19-O19) -> 104 | Q19: =+P19/M19 -> 0.089655172 | R19: =VLOOKUP($B112,'Trình bày T2'!$B:$M,12,0) -> 0 | S19: =VLOOKUP($B19,'Trình bày T3'!$B:$M,6,0) -> 1160 | T19: =VLOOKUP($B19,'Trình bày T3'!$B:$M,7,0) -> 1160 | U19: =T39-S19 -> -1160 | V19: =VLOOKUP($B19,'Trình bày T3'!$B:$M,9,0) -> 1057.7957 | W19: =(T39-V19) -> -1057.7957 | X19: =+W19/T39 -> #DIV/0! | Y19: =VLOOKUP($B112,'Trình bày T3'!$B:$M,12,0) -> 0 | Z19: =VLOOKUP($B19,'Trình bày T4'!$B:$M,6,0) -> 1160 | AA19: =VLOOKUP($B19,'Trình bày T4'!$B:$M,7,0) -> 1280 | AB19: =AA19-Z19 -> 120 | AC19: =VLOOKUP($B19,'Trình bày T4'!$B:$M,9,0) -> 1078 | AD19: =(AA19-AC19) -> 202 | AE19: =+AD19/AA19 -> 0.1578125 | AF19: =VLOOKUP($B112,'Trình bày T4'!$B:$M,12,0) -> 0
A20: =+A19+1 -> 3 | B20: 110000383 | C20: Hạt Nhựa rPET iSS84G-P | E20: =VLOOKUP($B20,'Trình bày T1'!$B:$M,6,0) -> 0 | F20: =VLOOKUP($B20,'Trình bày T1'!$B:$M,7,0) -> 0 | G20: =F20-E20 -> 0 | H20: =VLOOKUP($B20,'Trình bày T1'!$B:$M,9,0) -> 1130.6154 | K20: =VLOOKUP($B20,'Trình bày T1'!$B:$M,12,0) -> 0 | L20: =VLOOKUP($B20,'Trình bày T2'!$B:$M,6,0) -> 0 | M20: =VLOOKUP($B20,'Trình bày T2'!$B:$M,7,0) -> 0 | N20: =M20-L20 -> 0 | O20: =VLOOKUP($B20,'Trình bày T2'!$B:$M,9,0) -> 1109.283 | R20: =VLOOKUP($B20,'Trình bày T2'!$B:$M,12,0) -> 0 | S20: =VLOOKUP($B20,'Trình bày T3'!$B:$M,6,0) -> 0 | T20: =VLOOKUP($B20,'Trình bày T3'!$B:$M,7,0) -> 0 | U20: =T20-S20 -> 0 | V20: =VLOOKUP($B20,'Trình bày T3'!$B:$M,9,0) -> 1109.283 | Y20: =VLOOKUP($B20,'Trình bày T3'!$B:$M,12,0) -> 0 | Z20: =VLOOKUP($B20,'Trình bày T4'!$B:$M,6,0) -> 0 | AA20: =VLOOKUP($B20,'Trình bày T4'!$B:$M,7,0) -> 0 | AB20: =AA20-Z20 -> 0 | AC20: =VLOOKUP($B20,'Trình bày T4'!$B:$M,9,0) -> 1109.283 | AF20: =VLOOKUP($B20,'Trình bày T4'!$B:$M,12,0) -> 0
A21: =+A20+1 -> 4 | B21: 110000335 | C21: Hạt nhựa rPET WSS04 | E21: =VLOOKUP($B21,'Trình bày T1'!$B:$M,6,0) -> 0 | F21: =VLOOKUP($B21,'Trình bày T1'!$B:$M,7,0) -> 0 | G21: =F21-E21 -> 0 | H21: =VLOOKUP($B21,'Trình bày T1'!$B:$M,9,0) -> 1045.1154 | K21: =VLOOKUP($B21,'Trình bày T1'!$B:$M,12,0) -> 0 | L21: =VLOOKUP($B21,'Trình bày T2'!$B:$M,6,0) -> 0 | M21: =VLOOKUP($B21,'Trình bày T2'!$B:$M,7,0) -> 0 | N21: =M21-L21 -> 0 | O21: =VLOOKUP($B21,'Trình bày T2'!$B:$M,9,0) -> 0 | R21: =VLOOKUP($B21,'Trình bày T2'!$B:$M,12,0) -> 0 | S21: =VLOOKUP($B21,'Trình bày T3'!$B:$M,6,0) -> #N/A | T21: =VLOOKUP($B21,'Trình bày T3'!$B:$M,7,0) -> #N/A | U21: =T21-S21 -> #N/A | V21: =VLOOKUP($B21,'Trình bày T3'!$B:$M,9,0) -> #N/A | Y21: =VLOOKUP($B21,'Trình bày T3'!$B:$M,12,0) -> #N/A | Z21: =VLOOKUP($B21,'Trình bày T4'!$B:$M,6,0) -> 0 | AA21: =VLOOKUP($B21,'Trình bày T4'!$B:$M,7,0) -> 0 | AB21: =AA21-Z21 -> 0 | AC21: =VLOOKUP($B21,'Trình bày T4'!$B:$M,9,0) -> 0 | AF21: =VLOOKUP($B21,'Trình bày T4'!$B:$M,12,0) -> 0
A22: =+A21+1 -> 5 | B22: 110000358 | C22: Hạt nhựa rPET WSS02G | E22: =VLOOKUP($B22,'Trình bày T1'!$B:$M,6,0) -> 0 | F22: =VLOOKUP($B22,'Trình bày T1'!$B:$M,7,0) -> 0 | G22: =F22-E22 -> 0 | H22: =VLOOKUP($B22,'Trình bày T1'!$B:$M,9,0) -> 0 | K22: =VLOOKUP($B22,'Trình bày T1'!$B:$M,12,0) -> 0 | L22: =VLOOKUP($B22,'Trình bày T2'!$B:$M,6,0) -> 0 | M22: =VLOOKUP($B22,'Trình bày T2'!$B:$M,7,0) -> 0 | N22: =M22-L22 -> 0 | O22: =VLOOKUP($B22,'Trình bày T2'!$B:$M,9,0) -> 0 | R22: =VLOOKUP($B22,'Trình bày T2'!$B:$M,12,0) -> 0 | S22: =VLOOKUP($B22,'Trình bày T3'!$B:$M,6,0) -> #N/A | T22: =VLOOKUP($B22,'Trình bày T3'!$B:$M,7,0) -> #N/A | U22: =T22-S22 -> #N/A | V22: =VLOOKUP($B22,'Trình bày T3'!$B:$M,9,0) -> #N/A | Y22: =VLOOKUP($B22,'Trình bày T3'!$B:$M,12,0) -> #N/A | Z22: =VLOOKUP($B22,'Trình bày T4'!$B:$M,6,0) -> 0 | AA22: =VLOOKUP($B22,'Trình bày T4'!$B:$M,7,0) -> 0 | AB22: =AA22-Z22 -> 0 | AC22: =VLOOKUP($B22,'Trình bày T4'!$B:$M,9,0) -> 0 | AF22: =VLOOKUP($B22,'Trình bày T4'!$B:$M,12,0) -> 0
A23: =+A22+1 -> 6 | B23: 110000468 | C23: Hạt Nhựa rPET iSS80G-P | E23: =VLOOKUP($B23,'Trình bày T1'!$B:$M,6,0) -> 0 | F23: =VLOOKUP($B23,'Trình bày T1'!$B:$M,7,0) -> 0 | G23: =F23-E23 -> 0 | H23: =VLOOKUP($B23,'Trình bày T1'!$B:$M,9,0) -> 1056.2692 | K23: =VLOOKUP($B23,'Trình bày T1'!$B:$M,12,0) -> 0 | L23: =VLOOKUP($B23,'Trình bày T2'!$B:$M,6,0) -> 0 | M23: =VLOOKUP($B23,'Trình bày T2'!$B:$M,7,0) -> 0 | N23: =M23-L23 -> 0 | O23: =VLOOKUP($B23,'Trình bày T2'!$B:$M,9,0) -> 1036.3396 | R23: =VLOOKUP($B23,'Trình bày T2'!$B:$M,12,0) -> 0 | S23: =VLOOKUP($B23,'Trình bày T3'!$B:$M,6,0) -> 0 | T23: =VLOOKUP($B23,'Trình bày T3'!$B:$M,7,0) -> 0 | U23: =T23-S23 -> 0 | V23: =VLOOKUP($B23,'Trình bày T3'!$B:$M,9,0) -> 1042.1887 | Y23: =VLOOKUP($B23,'Trình bày T3'!$B:$M,12,0) -> 0 | Z23: =VLOOKUP($B23,'Trình bày T4'!$B:$M,6,0) -> 0 | AA23: =VLOOKUP($B23,'Trình bày T4'!$B:$M,7,0) -> 0 | AB23: =AA23-Z23 -> 0 | AC23: =VLOOKUP($B23,'Trình bày T4'!$B:$M,9,0) -> 1042.1887 | AF23: =VLOOKUP($B23,'Trình bày T4'!$B:$M,12,0) -> 0
A24: =+A23+1 -> 7 | B24: 110000333 | C24: Hạt nhựa rPET WSS03 | E24: =VLOOKUP($B24,'Trình bày T1'!$B:$M,6,0) -> 0 | F24: =VLOOKUP($B24,'Trình bày T1'!$B:$M,7,0) -> 0 | G24: =F24-E24 -> 0 | H24: =VLOOKUP($B24,'Trình bày T1'!$B:$M,9,0) -> 937.65385 | K24: =VLOOKUP($B24,'Trình bày T1'!$B:$M,12,0) -> 0 | L24: =VLOOKUP($B24,'Trình bày T2'!$B:$M,6,0) -> 0 | M24: =VLOOKUP($B24,'Trình bày T2'!$B:$M,7,0) -> 0 | N24: =M24-L24 -> 0 | O24: =VLOOKUP($B24,'Trình bày T2'!$B:$M,9,0) -> 0 | R24: =VLOOKUP($B24,'Trình bày T2'!$B:$M,12,0) -> 0 | S24: =VLOOKUP($B24,'Trình bày T3'!$B:$M,6,0) -> #N/A | T24: =VLOOKUP($B24,'Trình bày T3'!$B:$M,7,0) -> #N/A | U24: =T24-S24 -> #N/A | V24: =VLOOKUP($B24,'Trình bày T3'!$B:$M,9,0) -> #N/A | Y24: =VLOOKUP($B24,'Trình bày T3'!$B:$M,12,0) -> #N/A | Z24: =VLOOKUP($B24,'Trình bày T4'!$B:$M,6,0) -> 0 | AA24: =VLOOKUP($B24,'Trình bày T4'!$B:$M,7,0) -> 0 | AB24: =AA24-Z24 -> 0 | AC24: =VLOOKUP($B24,'Trình bày T4'!$B:$M,9,0) -> 0 | AF24: =VLOOKUP($B24,'Trình bày T4'!$B:$M,12,0) -> 0
A25: =+A24+1 -> 8 | B25: 110000376 | C25: Hạt nhựa rPET iSS01L | E25: =VLOOKUP($B25,'Trình bày T1'!$B:$M,6,0) -> 0 | F25: =VLOOKUP($B25,'Trình bày T1'!$B:$M,7,0) -> 0 | G25: =F25-E25 -> 0 | H25: =VLOOKUP($B25,'Trình bày T1'!$B:$M,9,0) -> 1198.8846 | K25: =VLOOKUP($B25,'Trình bày T1'!$B:$M,12,0) -> 0 | L25: =VLOOKUP($B25,'Trình bày T2'!$B:$M,6,0) -> 0 | M25: =VLOOKUP($B25,'Trình bày T2'!$B:$M,7,0) -> 0 | N25: =M25-L25 -> 0 | O25: =VLOOKUP($B25,'Trình bày T2'!$B:$M,9,0) -> 1176.2642 | R25: =VLOOKUP($B25,'Trình bày T2'!$B:$M,12,0) -> 0 | S25: =VLOOKUP($B25,'Trình bày T3'!$B:$M,6,0) -> 0 | T25: =VLOOKUP($B25,'Trình bày T3'!$B:$M,7,0) -> 0 | U25: =T25-S25 -> 0 | V25: =VLOOKUP($B25,'Trình bày T3'!$B:$M,9,0) -> 1176.2642 | Y25: =VLOOKUP($B25,'Trình bày T3'!$B:$M,12,0) -> 0 | Z25: =VLOOKUP($B25,'Trình bày T4'!$B:$M,6,0) -> 0 | AA25: =VLOOKUP($B25,'Trình bày T4'!$B:$M,7,0) -> 0 | AB25: =AA25-Z25 -> 0 | AC25: =VLOOKUP($B25,'Trình bày T4'!$B:$M,9,0) -> 1176.2642 | AF25: =VLOOKUP($B25,'Trình bày T4'!$B:$M,12,0) -> 0
A26: =+A25+1 -> 9 | B26: 110000331 | C26: Hạt nhựa rPET WSS02 | E26: =VLOOKUP($B26,'Trình bày T1'!$B:$M,6,0) -> 0 | F26: =VLOOKUP($B27,'Trình bày T1'!$B:$M,7,0) -> 0 | G26: =F26-E26 -> 0 | H26: =VLOOKUP($B29,'Trình bày T1'!$B:$M,9,0) -> 0 | K26: =VLOOKUP($B212,'Trình bày T1'!$B:$M,12,0) -> #N/A | L26: =VLOOKUP($B26,'Trình bày T2'!$B:$M,6,0) -> 0 | M26: =VLOOKUP($B27,'Trình bày T2'!$B:$M,7,0) -> 0 | N26: =M26-L26 -> 0 | O26: =VLOOKUP($B29,'Trình bày T2'!$B:$M,9,0) -> 0 | R26: =VLOOKUP($B212,'Trình bày T2'!$B:$M,12,0) -> #N/A | S26: =VLOOKUP($B26,'Trình bày T3'!$B:$M,6,0) -> #N/A | T26: =VLOOKUP($B27,'Trình bày T3'!$B:$M,7,0) -> #N/A | U26: =T26-S26 -> #N/A | V26: =VLOOKUP($B29,'Trình bày T3'!$B:$M,9,0) -> 0 | Y26: =VLOOKUP($B212,'Trình bày T3'!$B:$M,12,0) -> #N/A | Z26: =VLOOKUP($B26,'Trình bày T4'!$B:$M,6,0) -> 0 | AA26: =VLOOKUP($B27,'Trình bày T4'!$B:$M,7,0) -> 0 | AB26: =AA26-Z26 -> 0 | AC26: =VLOOKUP($B29,'Trình bày T4'!$B:$M,9,0) -> 0 | AF26: =VLOOKUP($B212,'Trình bày T4'!$B:$M,12,0) -> #N/A
A27: =+A26+1 -> 10 | B27: 110000330 | C27: Hạt nhựa rPET iSS01 | E27: =VLOOKUP($B27,'Trình bày T1'!$B:$M,6,0) -> 0 | F27: =VLOOKUP($B27,'Trình bày T1'!$B:$M,7,0) -> 0 | G27: =F27-E27 -> 0 | H27: =VLOOKUP($B29,'Trình bày T1'!$B:$M,9,0) -> 0 | K27: =VLOOKUP($B212,'Trình bày T1'!$B:$M,12,0) -> #N/A | L27: =VLOOKUP($B27,'Trình bày T2'!$B:$M,6,0) -> 0 | M27: =VLOOKUP($B27,'Trình bày T2'!$B:$M,7,0) -> 0 | N27: =M27-L27 -> 0 | O27: =VLOOKUP($B29,'Trình bày T2'!$B:$M,9,0) -> 0 | R27: =VLOOKUP($B212,'Trình bày T2'!$B:$M,12,0) -> #N/A | S27: =VLOOKUP($B27,'Trình bày T3'!$B:$M,6,0) -> #N/A | T27: =VLOOKUP($B27,'Trình bày T3'!$B:$M,7,0) -> #N/A | U27: =T27-S27 -> #N/A | V27: =VLOOKUP($B29,'Trình bày T3'!$B:$M,9,0) -> 0 | Y27: =VLOOKUP($B212,'Trình bày T3'!$B:$M,12,0) -> #N/A | Z27: =VLOOKUP($B27,'Trình bày T4'!$B:$M,6,0) -> 0 | AA27: =VLOOKUP($B27,'Trình bày T4'!$B:$M,7,0) -> 0 | AB27: =AA27-Z27 -> 0 | AC27: =VLOOKUP($B29,'Trình bày T4'!$B:$M,9,0) -> 0 | AF27: =VLOOKUP($B212,'Trình bày T4'!$B:$M,12,0) -> #N/A
A28: =+A27+1 -> 11 | B28: 110000475 | C28: Hạt nhựa rPET WSS03G FRH | E28: =VLOOKUP($B28,'Trình bày T1'!$B:$M,6,0) -> 0 | F28: =VLOOKUP($B28,'Trình bày T1'!$B:$M,7,0) -> 0 | G28: =F28-E28 -> 0 | H28: =VLOOKUP($B28,'Trình bày T1'!$B:$M,9,0) -> 0 | K28: =VLOOKUP($B28,'Trình bày T1'!$B:$M,12,0) -> 0 | L28: =VLOOKUP($B28,'Trình bày T2'!$B:$M,6,0) -> 0 | M28: =VLOOKUP($B28,'Trình bày T2'!$B:$M,7,0) -> 0 | N28: =M28-L28 -> 0 | O28: =VLOOKUP($B28,'Trình bày T2'!$B:$M,9,0) -> 0 | R28: =VLOOKUP($B28,'Trình bày T2'!$B:$M,12,0) -> 0 | S28: =VLOOKUP($B28,'Trình bày T3'!$B:$M,6,0) -> #N/A | T28: =VLOOKUP($B28,'Trình bày T3'!$B:$M,7,0) -> #N/A | U28: =T28-S28 -> #N/A | V28: =VLOOKUP($B28,'Trình bày T3'!$B:$M,9,0) -> #N/A | Y28: =VLOOKUP($B28,'Trình bày T3'!$B:$M,12,0) -> #N/A | Z28: =VLOOKUP($B28,'Trình bày T4'!$B:$M,6,0) -> 0 | AA28: =VLOOKUP($B28,'Trình bày T4'!$B:$M,7,0) -> 0 | AB28: =AA28-Z28 -> 0 | AC28: =VLOOKUP($B28,'Trình bày T4'!$B:$M,9,0) -> 0 | AF28: =VLOOKUP($B28,'Trình bày T4'!$B:$M,12,0) -> 0
A29: III | B29: MÃ HÀNG SẢN XUẤT TỪ PHÓ SẢN NGÀNH PET
A30: 1 | B30: 110000466 | C30: Hạt Nhựa rPET WSS05SB-2 | E30: =VLOOKUP($B30,'Trình bày T1'!$B:$M,6,0) -> 810 | F30: =VLOOKUP($B30,'Trình bày T1'!$B:$M,7,0) -> 810 | G30: =F30-E30 -> 0 | H30: =VLOOKUP($B30,'Trình bày T1'!$B:$M,9,0) -> 931.34534 | I30: =(F30-H30) -> -121.34534 | J30: =+I30/F30 -> -0.14980906 | K30: =VLOOKUP($B30,'Trình bày T1'!$B:$M,12,0) -> 800 | L30: =VLOOKUP($B30,'Trình bày T2'!$B:$M,6,0) -> 770 | M30: =VLOOKUP($B30,'Trình bày T2'!$B:$M,7,0) -> 770 | N30: =M30-L30 -> 0 | O30: =VLOOKUP($B30,'Trình bày T2'!$B:$M,9,0) -> 921 | P30: =(M30-O30) -> -151 | Q30: =+P30/M30 -> -0.1961039 | R30: =VLOOKUP($B30,'Trình bày T2'!$B:$M,12,0) -> 0 | S30: =VLOOKUP($B30,'Trình bày T3'!$B:$M,6,0) -> 770 | T30: =VLOOKUP($B30,'Trình bày T3'!$B:$M,7,0) -> 770 | U30: =T30-S30 -> 0 | V30: =VLOOKUP($B30,'Trình bày T3'!$B:$M,9,0) -> 853 | W30: =(T30-V30) -> -83 | X30: =+W30/T30 -> -0.10779221 | Y30: =VLOOKUP($B30,'Trình bày T3'!$B:$M,12,0) -> 0 | Z30: =VLOOKUP($B30,'Trình bày T4'!$B:$M,6,0) -> 770 | AA30: =VLOOKUP($B30,'Trình bày T4'!$B:$M,7,0) -> 0 | AB30: =AA30-Z30 -> -770 | AC30: =VLOOKUP($B30,'Trình bày T4'!$B:$M,9,0) -> 858 | AD30: =(AA30-AC30) -> -858 | AE30: =+AD30/AA30 -> #DIV/0! | AF30: =VLOOKUP($B30,'Trình bày T4'!$B:$M,12,0) -> 0
A31: =A30+1 -> 2 | B31: 110000436 | C31: Hạt nhựa rPET WSS05SB | E31: =VLOOKUP($B31,'Trình bày T1'!$B:$M,6,0) -> 760 | F31: =VLOOKUP($B31,'Trình bày T1'!$B:$M,7,0) -> 760 | G31: =F31-E31 -> 0 | H31: =VLOOKUP($B31,'Trình bày T1'!$B:$M,9,0) -> 957.10022 | I31: =(F31-H31) -> -197.10022 | J31: =+I31/F31 -> -0.25934239 | K31: =VLOOKUP($B31,'Trình bày T1'!$B:$M,12,0) -> 750 | L31: =VLOOKUP($B31,'Trình bày T2'!$B:$M,6,0) -> 720 | M31: =VLOOKUP($B31,'Trình bày T2'!$B:$M,7,0) -> 720 | N31: =M31-L31 -> 0 | O31: =VLOOKUP($B31,'Trình bày T2'!$B:$M,9,0) -> 949 | P31: =(M31-O31) -> -229 | Q31: =+P31/M31 -> -0.31805556 | R31: =VLOOKUP($B31,'Trình bày T2'!$B:$M,12,0) -> 0 | S31: =VLOOKUP($B31,'Trình bày T3'!$B:$M,6,0) -> 720 | T31: =VLOOKUP($B31,'Trình bày T3'!$B:$M,7,0) -> 720 | U31: =T31-S31 -> 0 | V31: =VLOOKUP($B31,'Trình bày T3'!$B:$M,9,0) -> 880 | W31: =(T31-V31) -> -160 | X31: =+W31/T31 -> -0.22222222 | Y31: =VLOOKUP($B31,'Trình bày T3'!$B:$M,12,0) -> 0 | Z31: =VLOOKUP($B31,'Trình bày T4'!$B:$M,6,0) -> 720 | AA31: =VLOOKUP($B31,'Trình bày T4'!$B:$M,7,0) -> 0 | AB31: =AA31-Z31 -> -720 | AC31: =VLOOKUP($B31,'Trình bày T4'!$B:$M,9,0) -> 884 | AD31: =(AA31-AC31) -> -884 | AE31: =+AD31/AA31 -> #DIV/0! | AF31: =VLOOKUP($B31,'Trình bày T4'!$B:$M,12,0) -> 0
A32: 2 | B32: 110000382 | C32: Hạt nhựa rPET WSS04SB | E32: =VLOOKUP($B32,'Trình bày T1'!$B:$M,6,0) -> 1070 | F32: =VLOOKUP($B32,'Trình bày T1'!$B:$M,7,0) -> 1070 | G32: =F32-E32 -> 0 | H32: =VLOOKUP($B32,'Trình bày T1'!$B:$M,9,0) -> 582.96769 | I32: =(F32-H32) -> 487.03231 | J32: =+I32/F32 -> 0.45517038 | K32: =VLOOKUP($B32,'Trình bày T1'!$B:$M,12,0) -> 0 | L32: =VLOOKUP($B32,'Trình bày T2'!$B:$M,6,0) -> 1030 | M32: =VLOOKUP($B32,'Trình bày T2'!$B:$M,7,0) -> 1030 | N32: =M32-L32 -> 0 | O32: =VLOOKUP($B32,'Trình bày T2'!$B:$M,9,0) -> 559 | P32: =(M32-O32) -> 471 | Q32: =+P32/M32 -> 0.45728155 | R32: =VLOOKUP($B32,'Trình bày T2'!$B:$M,12,0) -> 0 | S32: =VLOOKUP($B32,'Trình bày T3'!$B:$M,6,0) -> 1030 | T32: =VLOOKUP($B32,'Trình bày T3'!$B:$M,7,0) -> 1030 | U32: =T32-S32 -> 0 | V32: =VLOOKUP($B32,'Trình bày T3'!$B:$M,9,0) -> 517 | W32: =(T32-V32) -> 513 | X32: =+W32/T32 -> 0.49805825 | Y32: =VLOOKUP($B32,'Trình bày T3'!$B:$M,12,0) -> 0 | Z32: =VLOOKUP($B32,'Trình bày T4'!$B:$M,6,0) -> 1030 | AA32: =VLOOKUP($B32,'Trình bày T4'!$B:$M,7,0) -> 1150 | AB32: =AA32-Z32 -> 120 | AC32: =VLOOKUP($B32,'Trình bày T4'!$B:$M,9,0) -> 521 | AD32: =(AA32-AC32) -> 629 | AE32: =+AD32/AA32 -> 0.54695652 | AF32: =VLOOKUP($B32,'Trình bày T4'!$B:$M,12,0) -> 0
A33: =A32+1 -> 3 | B33: 110000384 | C33: Hạt Nhựa Xơ Sợi Thử Nghiệm | E33: =VLOOKUP($B33,'Trình bày T1'!$B:$M,6,0) -> 0 | F33: =VLOOKUP($B33,'Trình bày T1'!$B:$M,7,0) -> 0 | G33: =F33-E33 -> 0 | H33: =VLOOKUP($B33,'Trình bày T1'!$B:$M,9,0) -> 0 | K33: =VLOOKUP($B33,'Trình bày T1'!$B:$M,12,0) -> 0 | L33: =VLOOKUP($B33,'Trình bày T2'!$B:$M,6,0) -> 0 | M33: =VLOOKUP($B33,'Trình bày T2'!$B:$M,7,0) -> 0 | N33: =M33-L33 -> 0 | O33: =VLOOKUP($B33,'Trình bày T2'!$B:$M,9,0) -> 0 | R33: =VLOOKUP($B33,'Trình bày T2'!$B:$M,12,0) -> 0 | S33: =VLOOKUP($B33,'Trình bày T3'!$B:$M,6,0) -> 0 | T33: =VLOOKUP($B33,'Trình bày T3'!$B:$M,7,0) -> 0 | U33: =T33-S33 -> 0 | V33: =VLOOKUP($B33,'Trình bày T3'!$B:$M,9,0) -> 0 | Y33: =VLOOKUP($B33,'Trình bày T3'!$B:$M,12,0) -> 0 | Z33: =VLOOKUP($B33,'Trình bày T4'!$B:$M,6,0) -> 0 | AA33: =VLOOKUP($B33,'Trình bày T4'!$B:$M,7,0) -> 0 | AB33: =AA33-Z33 -> 0 | AC33: =VLOOKUP($B33,'Trình bày T4'!$B:$M,9,0) -> 0 | AF33: =VLOOKUP($B33,'Trình bày T4'!$B:$M,12,0) -> 0
A34: 3 | B34: 110000381 | C34: Hạt nhựa rPET WSS04SD | E34: =VLOOKUP($B34,'Trình bày T1'!$B:$M,6,0) -> 1070 | F34: =VLOOKUP($B34,'Trình bày T1'!$B:$M,7,0) -> 1070 | G34: =F34-E34 -> 0 | H34: =VLOOKUP($B34,'Trình bày T1'!$B:$M,9,0) -> 646.08292 | I34: =(F34-H34) -> 423.91708 | J34: =+I34/F34 -> 0.39618418 | K34: =VLOOKUP($B34,'Trình bày T1'!$B:$M,12,0) -> 0 | L34: =VLOOKUP($B34,'Trình bày T2'!$B:$M,6,0) -> 1030 | M34: =VLOOKUP($B34,'Trình bày T2'!$B:$M,7,0) -> 1030 | N34: =M34-L34 -> 0 | O34: =VLOOKUP($B34,'Trình bày T2'!$B:$M,9,0) -> 621 | P34: =(M34-O34) -> 409 | Q34: =+P34/M34 -> 0.39708738 | R34: =VLOOKUP($B34,'Trình bày T2'!$B:$M,12,0) -> 0 | S34: =VLOOKUP($B34,'Trình bày T3'!$B:$M,6,0) -> 1030 | T34: =VLOOKUP($B34,'Trình bày T3'!$B:$M,7,0) -> 1030 | U34: =T34-S34 -> 0 | V34: =VLOOKUP($B34,'Trình bày T3'!$B:$M,9,0) -> 579 | W34: =(T34-V34) -> 451 | X34: =+W34/T34 -> 0.43786408 | Y34: =VLOOKUP($B34,'Trình bày T3'!$B:$M,12,0) -> 0 | Z34: =VLOOKUP($B34,'Trình bày T4'!$B:$M,6,0) -> 1030 | AA34: =VLOOKUP($B34,'Trình bày T4'!$B:$M,7,0) -> 1150 | AB34: =AA34-Z34 -> 120 | AC34: =VLOOKUP($B34,'Trình bày T4'!$B:$M,9,0) -> 592 | AD34: =(AA34-AC34) -> 558 | AE34: =+AD34/AA34 -> 0.48521739 | AF34: =VLOOKUP($B34,'Trình bày T4'!$B:$M,12,0) -> 0
A35: =A34+1 -> 4 | B35: 110000387 | C35: Hạt nhựa rPET WSS03SD | E35: =VLOOKUP($B35,'Trình bày T1'!$B:$M,6,0) -> 1070 | F35: =VLOOKUP($B35,'Trình bày T1'!$B:$M,7,0) -> 1070 | G35: =F35-E35 -> 0 | H35: =VLOOKUP($B35,'Trình bày T1'!$B:$M,9,0) -> 736.55619 | I35: =(F35-H35) -> 333.44381 | J35: =+I35/F35 -> 0.31162973 | K35: =VLOOKUP($B35,'Trình bày T1'!$B:$M,12,0) -> 0 | L35: =VLOOKUP($B35,'Trình bày T2'!$B:$M,6,0) -> 1030 | M35: =VLOOKUP($B35,'Trình bày T2'!$B:$M,7,0) -> 1030 | N35: =M35-L35 -> 0 | O35: =VLOOKUP($B35,'Trình bày T2'!$B:$M,9,0) -> 710 | P35: =(M35-O35) -> 320 | Q35: =+P35/M35 -> 0.31067961 | R35: =VLOOKUP($B35,'Trình bày T2'!$B:$M,12,0) -> 0 | S35: =VLOOKUP($B35,'Trình bày T3'!$B:$M,6,0) -> 1030 | T35: =VLOOKUP($B35,'Trình bày T3'!$B:$M,7,0) -> 1030 | U35: =T35-S35 -> 0 | V35: =VLOOKUP($B35,'Trình bày T3'!$B:$M,9,0) -> 668 | W35: =(T35-V35) -> 362 | X35: =+W35/T35 -> 0.35145631 | Y35: =VLOOKUP($B35,'Trình bày T3'!$B:$M,12,0) -> 0 | Z35: =VLOOKUP($B35,'Trình bày T4'!$B:$M,6,0) -> 1030 | AA35: =VLOOKUP($B35,'Trình bày T4'!$B:$M,7,0) -> 1150 | AB35: =AA35-Z35 -> 120 | AC35: =VLOOKUP($B35,'Trình bày T4'!$B:$M,9,0) -> 1210.6038 | AD35: =(AA35-AC35) -> -60.603774 | AE35: =+AD35/AA35 -> -0.052698934 | AF35: =VLOOKUP($B35,'Trình bày T4'!$B:$M,12,0) -> 0
A36: 4 | B36: 110000464 | C36: Hạt Nhựa rPET WSS06SP-1 | E36: =VLOOKUP($B36,'Trình bày T1'!$B:$M,6,0) -> 610 | F36: =VLOOKUP($B37,'Trình bày T1'!$B:$M,7,0) -> 0 | G36: =F36-E36 -> -610 | H36: =VLOOKUP($B39,'Trình bày T1'!$B:$M,9,0) -> 0 | I36: =(F36-H36) -> 0 | J36: =+I36/F36 -> #DIV/0! | K36: =VLOOKUP($B312,'Trình bày T1'!$B:$M,12,0) -> #N/A | L36: =VLOOKUP($B36,'Trình bày T2'!$B:$M,6,0) -> 570 | M36: =VLOOKUP($B37,'Trình bày T2'!$B:$M,7,0) -> 0 | N36: =M36-L36 -> -570 | O36: =VLOOKUP($B39,'Trình bày T2'!$B:$M,9,0) -> 0 | P36: =(M36-O36) -> 0 | Q36: =+P36/M36 -> #DIV/0! | R36: =VLOOKUP($B312,'Trình bày T2'!$B:$M,12,0) -> #N/A | S36: =VLOOKUP($B36,'Trình bày T3'!$B:$M,6,0) -> 570 | T36: =VLOOKUP($B37,'Trình bày T3'!$B:$M,7,0) -> 0 | U36: =T36-S36 -> -570 | V36: =VLOOKUP($B39,'Trình bày T3'!$B:$M,9,0) -> 0 | W36: =(T36-V36) -> 0 | X36: =+W36/T36 -> #DIV/0! | Y36: =VLOOKUP($B312,'Trình bày T3'!$B:$M,12,0) -> #N/A | Z36: =VLOOKUP($B36,'Trình bày T4'!$B:$M,6,0) -> 570 | AA36: =VLOOKUP($B37,'Trình bày T4'!$B:$M,7,0) -> 0 | AB36: =AA36-Z36 -> -570 | AC36: =VLOOKUP($B39,'Trình bày T4'!$B:$M,9,0) -> 0 | AD36: =(AA36-AC36) -> 0 | AE36: =+AD36/AA36 -> #DIV/0! | AF36: =VLOOKUP($B312,'Trình bày T4'!$B:$M,12,0) -> #N/A
A37: =A36+1 -> 5 | B37: 110000430 | C37: Hạt Nhựa rPET Bán Thành Phẩm | E37: =VLOOKUP($B37,'Trình bày T1'!$B:$M,6,0) -> 0 | F37: =VLOOKUP($B37,'Trình bày T1'!$B:$M,7,0) -> 0 | H37: =VLOOKUP($B39,'Trình bày T1'!$B:$M,9,0) -> 0 | K37: =VLOOKUP($B312,'Trình bày T1'!$B:$M,12,0) -> #N/A | L37: =VLOOKUP($B37,'Trình bày T2'!$B:$M,6,0) -> 0 | M37: =VLOOKUP($B37,'Trình bày T2'!$B:$M,7,0) -> 0 | O37: =VLOOKUP($B39,'Trình bày T2'!$B:$M,9,0) -> 0 | R37: =VLOOKUP($B312,'Trình bày T2'!$B:$M,12,0) -> #N/A | S37: =VLOOKUP($B37,'Trình bày T3'!$B:$M,6,0) -> 0 | T37: =VLOOKUP($B37,'Trình bày T3'!$B:$M,7,0) -> 0 | V37: =VLOOKUP($B39,'Trình bày T3'!$B:$M,9,0) -> 0 | Y37: =VLOOKUP($B312,'Trình bày T3'!$B:$M,12,0) -> #N/A | Z37: =VLOOKUP($B37,'Trình bày T4'!$B:$M,6,0) -> 0 | AA37: =VLOOKUP($B37,'Trình bày T4'!$B:$M,7,0) -> 0 | AC37: =VLOOKUP($B39,'Trình bày T4'!$B:$M,9,0) -> 0 | AF37: =VLOOKUP($B312,'Trình bày T4'!$B:$M,12,0) -> #N/A
A38: B | B38: rHDPE THỔI
A39: I | B39: MÃ HÀNG ĐANG BÁN
A40: 1 | B40: 110000339 | C40: Hạt Nhựa rHDPE MBF01 | D40: Trong | E40: =VLOOKUP($B40,'Trình bày T1'!$B:$M,6,0) -> 0 | F40: =VLOOKUP($B40,'Trình bày T1'!$B:$M,7,0) -> 0 | G40: =F40-E40 -> 0 | H40: =VLOOKUP($B40,'Trình bày T1'!$B:$M,9,0) -> 0 | K40: =VLOOKUP($B40,'Trình bày T1'!$B:$M,12,0) -> 0 | L40: =VLOOKUP($B40,'Trình bày T2'!$B:$M,6,0) -> 0 | M40: =VLOOKUP($B40,'Trình bày T2'!$B:$M,7,0) -> 0 | N40: =M40-L40 -> 0 | O40: =VLOOKUP($B40,'Trình bày T2'!$B:$M,9,0) -> 1083.9522 | R40: =VLOOKUP($B40,'Trình bày T2'!$B:$M,12,0) -> 0 | S40: =VLOOKUP($B40,'Trình bày T3'!$B:$M,6,0) -> 0 | T40: =VLOOKUP($B40,'Trình bày T3'!$B:$M,7,0) -> 0 | U40: =T40-S40 -> 0 | V40: =VLOOKUP($B40,'Trình bày T3'!$B:$M,9,0) -> 1076 | Y40: =VLOOKUP($B40,'Trình bày T3'!$B:$M,12,0) -> 0 | Z40: =VLOOKUP($B40,'Trình bày T4'!$B:$M,6,0) -> 0 | AA40: =VLOOKUP($B40,'Trình bày T4'!$B:$M,7,0) -> 0 | AB40: =AA40-Z40 -> 0 | AC40: =VLOOKUP($B40,'Trình bày T4'!$B:$M,9,0) -> 1113 | AF40: =VLOOKUP($B40,'Trình bày T4'!$B:$M,12,0) -> 0
A41: =+A40+1 -> 2 | B41: 110000426 | C41: Hạt Nhựa HCBF-Yel-U | D41: Vàng | E41: =VLOOKUP($B41,'Trình bày T1'!$B:$M,6,0) -> 0 | F41: =VLOOKUP($B41,'Trình bày T1'!$B:$M,7,0) -> 0 | G41: =F41-E41 -> 0 | H41: =VLOOKUP($B41,'Trình bày T1'!$B:$M,9,0) -> 0 | K41: =VLOOKUP($B41,'Trình bày T1'!$B:$M,12,0) -> 0 | L41: =VLOOKUP($B41,'Trình bày T2'!$B:$M,6,0) -> 0 | M41: =VLOOKUP($B41,'Trình bày T2'!$B:$M,7,0) -> 0 | N41: =M41-L41 -> 0 | O41: =VLOOKUP($B41,'Trình bày T2'!$B:$M,9,0) -> 1078.3594 | R41: =VLOOKUP($B41,'Trình bày T2'!$B:$M,12,0) -> 0 | S41: =VLOOKUP($B41,'Trình bày T3'!$B:$M,6,0) -> 0 | T41: =VLOOKUP($B41,'Trình bày T3'!$B:$M,7,0) -> 0 | U41: =T41-S41 -> 0 | V41: =VLOOKUP($B41,'Trình bày T3'!$B:$M,9,0) -> 1071.1353 | Y41: =VLOOKUP($B41,'Trình bày T3'!$B:$M,12,0) -> 0 | Z41: =VLOOKUP($B41,'Trình bày T4'!$B:$M,6,0) -> 0 | AA41: =VLOOKUP($B41,'Trình bày T4'!$B:$M,7,0) -> 0 | AB41: =AA41-Z41 -> 0 | AC41: =VLOOKUP($B41,'Trình bày T4'!$B:$M,9,0) -> 1263.5849 | AF41: =VLOOKUP($B41,'Trình bày T4'!$B:$M,12,0) -> 0
A42: =+A41+1 -> 3 | B42: 110000374 | C42: Hạt Nhựa rHDB03N02 | D42: Trong | E42: =VLOOKUP($B42,'Trình bày T1'!$B:$M,6,0) -> 1200 | F42: =VLOOKUP($B42,'Trình bày T1'!$B:$M,7,0) -> 1200 | G42: =F42-E42 -> 0 | H42: =VLOOKUP($B42,'Trình bày T1'!$B:$M,9,0) -> 1111.3107 | I42: =(F42-H42) -> 88.689265 | J42: =+I42/F42 -> 0.07390772 | K42: =VLOOKUP($B42,'Trình bày T1'!$B:$M,12,0) -> 1150 | L42: =VLOOKUP($B42,'Trình bày T2'!$B:$M,6,0) -> 1200 | M42: =VLOOKUP($B42,'Trình bày T2'!$B:$M,7,0) -> 1200 | N42: =M42-L42 -> 0 | O42: =VLOOKUP($B42,'Trình bày T2'!$B:$M,9,0) -> 1083.9522 | P42: =(M42-O42) -> 116.04785 | Q42: =+P42/M42 -> 0.09670654 | R42: =VLOOKUP($B42,'Trình bày T2'!$B:$M,12,0) -> 0 | S42: =VLOOKUP($B42,'Trình bày T3'!$B:$M,6,0) -> 1200 | T42: =VLOOKUP($B42,'Trình bày T3'!$B:$M,7,0) -> 1200 | U42: =T42-S42 -> 0 | V42: =VLOOKUP($B42,'Trình bày T3'!$B:$M,9,0) -> 1076 | W42: =(T42-V42) -> 124 | X42: =+W42/T42 -> 0.10333333 | Y42: =VLOOKUP($B42,'Trình bày T3'!$B:$M,12,0) -> 0 | Z42: =VLOOKUP($B42,'Trình bày T4'!$B:$M,6,0) -> 1200 | AA42: =VLOOKUP($B42,'Trình bày T4'!$B:$M,7,0) -> 1300 | AB42: =AA42-Z42 -> 100 | AC42: =VLOOKUP($B42,'Trình bày T4'!$B:$M,9,0) -> 1052.7547 | AD42: =(AA42-AC42) -> 247.24528 | AE42: =+AD42/AA42 -> 0.19018868 | AF42: =VLOOKUP($B42,'Trình bày T4'!$B:$M,12,0) -> 0
A43: =+A42+1 -> 4 | B43: 110000443 | C43: Hạt Nhựa rHDA03N01 | D43: Trong | E43: =VLOOKUP($B43,'Trình bày T1'!$B:$M,6,0) -> 1300 | F43: =VLOOKUP($B43,'Trình bày T1'!$B:$M,7,0) -> 1300 | G43: =F43-E43 -> 0 | H43: =VLOOKUP($B43,'Trình bày T1'!$B:$M,9,0) -> 1133.3107 | I43: =(F43-H43) -> 166.68926 | J43: =+I43/F43 -> 0.12822251 | K43: =VLOOKUP($B43,'Trình bày T1'!$B:$M,12,0) -> 1250 | L43: =VLOOKUP($B43,'Trình bày T2'!$B:$M,6,0) -> 1300 | M43: =VLOOKUP($B43,'Trình bày T2'!$B:$M,7,0) -> 1300 | N43: =M43-L43 -> 0 | O43: =VLOOKUP($B43,'Trình bày T2'!$B:$M,9,0) -> 1090.9522 | P43: =(M43-O43) -> 209.04785 | Q43: =+P43/M43 -> 0.16080604 | R43: =VLOOKUP($B43,'Trình bày T2'!$B:$M,12,0) -> 0 | S43: =VLOOKUP($B43,'Trình bày T3'!$B:$M,6,0) -> 1300 | T43: =VLOOKUP($B43,'Trình bày T3'!$B:$M,7,0) -> 1300 | U43: =T43-S43 -> 0 | V43: =VLOOKUP($B43,'Trình bày T3'!$B:$M,9,0) -> 1083 | W43: =(T43-V43) -> 217 | X43: =+W43/T43 -> 0.16692308 | Y43: =VLOOKUP($B43,'Trình bày T3'!$B:$M,12,0) -> 0 | Z43: =VLOOKUP($B43,'Trình bày T4'!$B:$M,6,0) -> 1300 | AA43: =VLOOKUP($B43,'Trình bày T4'!$B:$M,7,0) -> 1400 | AB43: =AA43-Z43 -> 100 | AC43: =VLOOKUP($B43,'Trình bày T4'!$B:$M,9,0) -> 1113 | AD43: =(AA43-AC43) -> 287 | AE43: =+AD43/AA43 -> 0.205 | AF43: =VLOOKUP($B43,'Trình bày T4'!$B:$M,12,0) -> 0
A44: =+A43+1 -> 5 | B44: 110000481 | C44: Hạt Nhựa rHDPE PCF01 | D44: Trong | E44: =VLOOKUP($B44,'Trình bày T1'!$B:$M,6,0) -> 0 | F44: =VLOOKUP($B44,'Trình bày T1'!$B:$M,7,0) -> 0 | G44: =F44-E44 -> 0 | H44: =VLOOKUP($B44,'Trình bày T1'!$B:$M,9,0) -> 0 | K44: =VLOOKUP($B44,'Trình bày T1'!$B:$M,12,0) -> 0 | L44: =VLOOKUP($B44,'Trình bày T2'!$B:$M,6,0) -> 0 | M44: =VLOOKUP($B44,'Trình bày T2'!$B:$M,7,0) -> 0 | N44: =M44-L44 -> 0 | O44: =VLOOKUP($B44,'Trình bày T2'!$B:$M,9,0) -> 0 | R44: =VLOOKUP($B44,'Trình bày T2'!$B:$M,12,0) -> 0 | S44: =VLOOKUP($B44,'Trình bày T3'!$B:$M,6,0) -> 0 | T44: =VLOOKUP($B44,'Trình bày T3'!$B:$M,7,0) -> 0 | U44: =T44-S44 -> 0 | V44: =VLOOKUP($B44,'Trình bày T3'!$B:$M,9,0) -> 1083 | Y44: =VLOOKUP($B44,'Trình bày T3'!$B:$M,12,0) -> 0 | Z44: =VLOOKUP($B44,'Trình bày T4'!$B:$M,6,0) -> 0 | AA44: =VLOOKUP($B44,'Trình bày T4'!$B:$M,7,0) -> 0 | AB44: =AA44-Z44 -> 0 | AC44: =VLOOKUP($B44,'Trình bày T4'!$B:$M,9,0) -> 1120 | AF44: =VLOOKUP($B44,'Trình bày T4'!$B:$M,12,0) -> 0
A45: =+A44+1 -> 6 | B45: 110000425 | C45: Hạt Nhựa HCBF-Whi-U | D45: Trắng | E45: =VLOOKUP($B45,'Trình bày T1'!$B:$M,6,0) -> 0 | F45: =VLOOKUP($B45,'Trình bày T1'!$B:$M,7,0) -> 0 | G45: =F45-E45 -> 0 | H45: =VLOOKUP($B45,'Trình bày T1'!$B:$M,9,0) -> 0 | K45: =VLOOKUP($B45,'Trình bày T1'!$B:$M,12,0) -> 0 | L45: =VLOOKUP($B45,'Trình bày T2'!$B:$M,6,0) -> 0 | M45: =VLOOKUP($B45,'Trình bày T2'!$B:$M,7,0) -> 0 | N45: =M45-L45 -> 0 | O45: =VLOOKUP($B45,'Trình bày T2'!$B:$M,9,0) -> 0 | R45: =VLOOKUP($B45,'Trình bày T2'!$B:$M,12,0) -> 0 | S45: =VLOOKUP($B45,'Trình bày T3'!$B:$M,6,0) -> 0 | T45: =VLOOKUP($B45,'Trình bày T3'!$B:$M,7,0) -> 0 | U45: =T45-S45 -> 0 | V45: =VLOOKUP($B45,'Trình bày T3'!$B:$M,9,0) -> 1101.259 | Y45: =VLOOKUP($B45,'Trình bày T3'!$B:$M,12,0) -> 0 | Z45: =VLOOKUP($B45,'Trình bày T4'!$B:$M,6,0) -> 0 | AA45: =VLOOKUP($B45,'Trình bày T4'!$B:$M,7,0) -> 0 | AB45: =AA45-Z45 -> 0 | AC45: =VLOOKUP($B45,'Trình bày T4'!$B:$M,9,0) -> 968.64151 | AF45: =VLOOKUP($B45,'Trình bày T4'!$B:$M,12,0) -> 0
A46: =+A45+1 -> 7 | B46: 110000495 | C46: Hạt Nhựa rHDA03W01 | D46: Trắng | E46: =VLOOKUP($B46,'Trình bày T1'!$B:$M,6,0) -> 1250 | F46: =VLOOKUP($B47,'Trình bày T1'!$B:$M,7,0) -> 0 | G46: =F46-E46 -> -1250 | H46: =VLOOKUP($B49,'Trình bày T1'!$B:$M,9,0) -> 1322.8846 | I46: =(F46-H46) -> -1322.8846 | J46: =+I46/F46 -> #DIV/0! | K46: =VLOOKUP($B412,'Trình bày T1'!$B:$M,12,0) -> #N/A | L46: =VLOOKUP($B46,'Trình bày T2'!$B:$M,6,0) -> 1250 | M46: =VLOOKUP($B47,'Trình bày T2'!$B:$M,7,0) -> 0 | N46: =M46-L46 -> -1250 | O46: =VLOOKUP($B49,'Trình bày T2'!$B:$M,9,0) -> 1297.9245 | P46: =(M46-O46) -> -1297.9245 | Q46: =+P46/M46 -> #DIV/0! | R46: =VLOOKUP($B412,'Trình bày T2'!$B:$M,12,0) -> #N/A | S46: =VLOOKUP($B46,'Trình bày T3'!$B:$M,6,0) -> 1250 | T46: =VLOOKUP($B47,'Trình bày T3'!$B:$M,7,0) -> 0 | U46: =T46-S46 -> -1250 | V46: =VLOOKUP($B49,'Trình bày T3'!$B:$M,9,0) -> 1297.9245 | W46: =(T46-V46) -> -1297.9245 | X46: =+W46/T46 -> #DIV/0! | Y46: =VLOOKUP($B412,'Trình bày T3'!$B:$M,12,0) -> #N/A | Z46: =VLOOKUP($B46,'Trình bày T4'!$B:$M,6,0) -> 1250 | AA46: =VLOOKUP($B47,'Trình bày T4'!$B:$M,7,0) -> 0 | AB46: =AA46-Z46 -> -1250 | AC46: =VLOOKUP($B49,'Trình bày T4'!$B:$M,9,0) -> 1297.9245 | AD46: =(AA46-AC46) -> -1297.9245 | AE46: =+AD46/AA46 -> #DIV/0! | AF46: =VLOOKUP($B412,'Trình bày T4'!$B:$M,12,0) -> #N/A
A47: II | B47: MÃ HÀNG BÁN CHẬM
A48: =1 -> 1 | B48: 110000385 | C48: Hạt Nhựa rHDB05N01 | D48: Trong | E48: =VLOOKUP($B48,'Trình bày T1'!$B:$M,6,0) -> 1200 | F48: =VLOOKUP($B48,'Trình bày T1'!$B:$M,7,0) -> 1200 | G48: =F48-E48 -> 0 | H48: =VLOOKUP($B48,'Trình bày T1'!$B:$M,9,0) -> 1213.5769 | I48: =(F48-H48) -> -13.576923 | J48: =+I48/F48 -> -0.011314103 | K48: =VLOOKUP($B48,'Trình bày T1'!$B:$M,12,0) -> 1150 | L48: =VLOOKUP($B48,'Trình bày T2'!$B:$M,6,0) -> 1200 | M48: =VLOOKUP($B48,'Trình bày T2'!$B:$M,7,0) -> 1200 | N48: =M48-L48 -> 0 | O48: =VLOOKUP($B48,'Trình bày T2'!$B:$M,9,0) -> 1189.283 | P48: =(M48-O48) -> 10.716981 | Q48: =+P48/M48 -> 0.0089308176 | R48: =VLOOKUP($B48,'Trình bày T2'!$B:$M,12,0) -> 0 | S48: =VLOOKUP($B48,'Trình bày T3'!$B:$M,6,0) -> 1200 | T48: =VLOOKUP($B48,'Trình bày T3'!$B:$M,7,0) -> 1200 | U48: =T48-S48 -> 0 | V48: =VLOOKUP($B48,'Trình bày T3'!$B:$M,9,0) -> 1189.283 | W48: =(T48-V48) -> 10.716981 | X48: =+W48/T48 -> 0.0089308176 | Y48: =VLOOKUP($B48,'Trình bày T3'!$B:$M,12,0) -> 0 | Z48: =VLOOKUP($B48,'Trình bày T4'!$B:$M,6,0) -> 1200 | AA48: =VLOOKUP($B48,'Trình bày T4'!$B:$M,7,0) -> 1300 | AB48: =AA48-Z48 -> 100 | AC48: =VLOOKUP($B48,'Trình bày T4'!$B:$M,9,0) -> 1189.283 | AD48: =(AA48-AC48) -> 110.71698 | AE48: =+AD48/AA48 -> 0.085166909 | AF48: =VLOOKUP($B48,'Trình bày T4'!$B:$M,12,0) -> 0
A49: =A48+1 -> 2 | B49: 110000345 | C49: Hạt Nhựa rHDB03Y01 | D49: Vàng | E49: =VLOOKUP($B49,'Trình bày T1'!$B:$M,6,0) -> 1200 | F49: =VLOOKUP($B49,'Trình bày T1'!$B:$M,7,0) -> 1200 | G49: =F49-E49 -> 0 | H49: =VLOOKUP($B49,'Trình bày T1'!$B:$M,9,0) -> 1322.8846 | I49: =(F49-H49) -> -122.88462 | J49: =+I49/F49 -> -0.10240385 | K49: =VLOOKUP($B412,'Trình bày T1'!$B:$M,12,0) -> #N/A | L49: =VLOOKUP($B49,'Trình bày T2'!$B:$M,6,0) -> 1200 | M49: =VLOOKUP($B49,'Trình bày T2'!$B:$M,7,0) -> 1200 | N49: =M49-L49 -> 0 | O49: =VLOOKUP($B49,'Trình bày T2'!$B:$M,9,0) -> 1297.9245 | P49: =(M49-O49) -> -97.924528 | Q49: =+P49/M49 -> -0.081603774 | R49: =VLOOKUP($B412,'Trình bày T2'!$B:$M,12,0) -> #N/A | S49: =VLOOKUP($B49,'Trình bày T3'!$B:$M,6,0) -> 1200 | T49: =VLOOKUP($B49,'Trình bày T3'!$B:$M,7,0) -> 1200 | U49: =T49-S49 -> 0 | V49: =VLOOKUP($B49,'Trình bày T3'!$B:$M,9,0) -> 1297.9245 | W49: =(T49-V49) -> -97.924528 | X49: =+W49/T49 -> -0.081603774 | Y49: =VLOOKUP($B412,'Trình bày T3'!$B:$M,12,0) -> #N/A | Z49: =VLOOKUP($B49,'Trình bày T4'!$B:$M,6,0) -> 1200 | AA49: =VLOOKUP($B49,'Trình bày T4'!$B:$M,7,0) -> 1300 | AB49: =AA49-Z49 -> 100 | AC49: =VLOOKUP($B49,'Trình bày T4'!$B:$M,9,0) -> 1297.9245 | AD49: =(AA49-AC49) -> 2.0754717 | AE49: =+AD49/AA49 -> 0.0015965167 | AF49: =VLOOKUP($B412,'Trình bày T4'!$B:$M,12,0) -> #N/A
A50: =A49+1 -> 3 | B50: 110000427 | C50: Hạt Nhựa HCBF-Gre-U | D50: Lá | E50: =VLOOKUP($B50,'Trình bày T1'!$B:$M,6,0) -> 0 | F50: =VLOOKUP($B50,'Trình bày T1'!$B:$M,7,0) -> 0 | G50: =F50-E50 -> 0 | H50: =VLOOKUP($B50,'Trình bày T1'!$B:$M,9,0) -> 0 | K50: =VLOOKUP($B50,'Trình bày T1'!$B:$M,12,0) -> 0 | L50: =VLOOKUP($B50,'Trình bày T2'!$B:$M,6,0) -> 0 | M50: =VLOOKUP($B50,'Trình bày T2'!$B:$M,7,0) -> 0 | N50: =M50-L50 -> 0 | O50: =VLOOKUP($B50,'Trình bày T2'!$B:$M,9,0) -> 823.13208 | R50: =VLOOKUP($B50,'Trình bày T2'!$B:$M,12,0) -> 0 | S50: =VLOOKUP($B50,'Trình bày T3'!$B:$M,6,0) -> 0 | T50: =VLOOKUP($B50,'Trình bày T3'!$B:$M,7,0) -> 0 | U50: =T50-S50 -> 0 | V50: =VLOOKUP($B50,'Trình bày T3'!$B:$M,9,0) -> 823.13208 | Y50: =VLOOKUP($B50,'Trình bày T3'!$B:$M,12,0) -> 0 | Z50: =VLOOKUP($B50,'Trình bày T4'!$B:$M,6,0) -> 0 | AA50: =VLOOKUP($B50,'Trình bày T4'!$B:$M,7,0) -> 0 | AB50: =AA50-Z50 -> 0 | AC50: =VLOOKUP($B50,'Trình bày T4'!$B:$M,9,0) -> 823.13208 | AF50: =VLOOKUP($B50,'Trình bày T4'!$B:$M,12,0) -> 0
A51: =A50+1 -> 4 | B51: 110000343 | C51: Hạt Nhựa rHDB03G01 | D51: Lá | E51: =VLOOKUP($B51,'Trình bày T1'!$B:$M,6,0) -> 1200 | F51: =VLOOKUP($B51,'Trình bày T1'!$B:$M,7,0) -> 1200 | G51: =F51-E51 -> 0 | H51: =VLOOKUP($B51,'Trình bày T1'!$B:$M,9,0) -> 1157 | I51: =(F51-H51) -> 43 | J51: =+I51/F51 -> 0.035833333 | K51: =VLOOKUP($B51,'Trình bày T1'!$B:$M,12,0) -> 1150 | L51: =VLOOKUP($B51,'Trình bày T2'!$B:$M,6,0) -> 1200 | M51: =VLOOKUP($B51,'Trình bày T2'!$B:$M,7,0) -> 1200 | N51: =M51-L51 -> 0 | O51: =VLOOKUP($B51,'Trình bày T2'!$B:$M,9,0) -> 823.13208 | P51: =(M51-O51) -> 376.86792 | Q51: =+P51/M51 -> 0.3140566 | R51: =VLOOKUP($B51,'Trình bày T2'!$B:$M,12,0) -> 0 | S51: =VLOOKUP($B51,'Trình bày T3'!$B:$M,6,0) -> 1200 | T51: =VLOOKUP($B51,'Trình bày T3'!$B:$M,7,0) -> 1200 | U51: =T51-S51 -> 0 | V51: =VLOOKUP($B51,'Trình bày T3'!$B:$M,9,0) -> 823.13208 | W51: =(T51-V51) -> 376.86792 | X51: =+W51/T51 -> 0.3140566 | Y51: =VLOOKUP($B51,'Trình bày T3'!$B:$M,12,0) -> 0 | Z51: =VLOOKUP($B51,'Trình bày T4'!$B:$M,6,0) -> 1200 | AA51: =VLOOKUP($B51,'Trình bày T4'!$B:$M,7,0) -> 1300 | AB51: =AA51-Z51 -> 100 | AC51: =VLOOKUP($B51,'Trình bày T4'!$B:$M,9,0) -> 21813 | AD51: =(AA51-AC51) -> -20513 | AE51: =+AD51/AA51 -> -15.779231 | AF51: =VLOOKUP($B51,'Trình bày T4'!$B:$M,12,0) -> 0
A52: =A51+1 -> 5 | B52: 110000336 | C52: Hạt nhựa rHDPE thử nghiệm | E52: =VLOOKUP($B52,'Trình bày T1'!$B:$M,6,0) -> 0 | F52: =VLOOKUP($B52,'Trình bày T1'!$B:$M,7,0) -> 0 | G52: =F52-E52 -> 0 | H52: =VLOOKUP($B52,'Trình bày T1'!$B:$M,9,0) -> 0 | K52: =VLOOKUP($B52,'Trình bày T1'!$B:$M,12,0) -> 0 | L52: =VLOOKUP($B52,'Trình bày T2'!$B:$M,6,0) -> 0 | M52: =VLOOKUP($B52,'Trình bày T2'!$B:$M,7,0) -> 0 | N52: =M52-L52 -> 0 | O52: =VLOOKUP($B52,'Trình bày T2'!$B:$M,9,0) -> 0 | R52: =VLOOKUP($B52,'Trình bày T2'!$B:$M,12,0) -> 0 | S52: =VLOOKUP($B52,'Trình bày T3'!$B:$M,6,0) -> 0 | T52: =VLOOKUP($B52,'Trình bày T3'!$B:$M,7,0) -> 0 | U52: =T52-S52 -> 0 | V52: =VLOOKUP($B52,'Trình bày T3'!$B:$M,9,0) -> 0 | Y52: =VLOOKUP($B52,'Trình bày T3'!$B:$M,12,0) -> 0 | Z52: =VLOOKUP($B52,'Trình bày T4'!$B:$M,6,0) -> 0 | AA52: =VLOOKUP($B52,'Trình bày T4'!$B:$M,7,0) -> 0 | AB52: =AA52-Z52 -> 0 | AC52: =VLOOKUP($B52,'Trình bày T4'!$B:$M,9,0) -> 0 | AF52: =VLOOKUP($B52,'Trình bày T4'!$B:$M,12,0) -> 0
A53: =A52+1 -> 6 | B53: 110000337 | C53: Hạt Nhựa rHDB03W01 | D53: Trắng | E53: =VLOOKUP($B53,'Trình bày T1'!$B:$M,6,0) -> 1200 | F53: =VLOOKUP($B53,'Trình bày T1'!$B:$M,7,0) -> 1200 | G53: =F53-E53 -> 0 | H53: =VLOOKUP($B53,'Trình bày T1'!$B:$M,9,0) -> 1125.5142 | I53: =(F53-H53) -> 74.485766 | J53: =+I53/F53 -> 0.062071471 | K53: =VLOOKUP($B53,'Trình bày T1'!$B:$M,12,0) -> 1150 | L53: =VLOOKUP($B53,'Trình bày T2'!$B:$M,6,0) -> 1200 | M53: =VLOOKUP($B53,'Trình bày T2'!$B:$M,7,0) -> 1200 | N53: =M53-L53 -> 0 | O53: =VLOOKUP($B53,'Trình bày T2'!$B:$M,9,0) -> 1118.5257 | P53: =(M53-O53) -> 81.474329 | Q53: =+P53/M53 -> 0.067895274 | R53: =VLOOKUP($B53,'Trình bày T2'!$B:$M,12,0) -> 0 | S53: =VLOOKUP($B53,'Trình bày T3'!$B:$M,6,0) -> 1200 | T53: =VLOOKUP($B53,'Trình bày T3'!$B:$M,7,0) -> 1200 | U53: =T53-S53 -> 0 | V53: =VLOOKUP($B53,'Trình bày T3'!$B:$M,9,0) -> 1108.717 | W53: =(T53-V53) -> 91.283019 | X53: =+W53/T53 -> 0.076069182 | Y53: =VLOOKUP($B53,'Trình bày T3'!$B:$M,12,0) -> 0 | Z53: =VLOOKUP($B53,'Trình bày T4'!$B:$M,6,0) -> 1200 | AA53: =VLOOKUP($B53,'Trình bày T4'!$B:$M,7,0) -> 1300 | AB53: =AA53-Z53 -> 100 | AC53: =VLOOKUP($B53,'Trình bày T4'!$B:$M,9,0) -> 0 | AD53: =(AA53-AC53) -> 1300 | AE53: =+AD53/AA53 -> 1 | AF53: =VLOOKUP($B53,'Trình bày T4'!$B:$M,12,0) -> 0
A54: =A53+1 -> 7 | B54: 110000433 | C54: Hạt Nhựa rHDB03N03 | D54: Trong | E54: =VLOOKUP($B54,'Trình bày T1'!$B:$M,6,0) -> 1200 | F54: =VLOOKUP($B54,'Trình bày T1'!$B:$M,7,0) -> 1200 | G54: =F54-E54 -> 0 | H54: =VLOOKUP($B54,'Trình bày T1'!$B:$M,9,0) -> 1153.8462 | I54: =(F54-H54) -> 46.153846 | J54: =+I54/F54 -> 0.038461538 | K54: =VLOOKUP($B54,'Trình bày T1'!$B:$M,12,0) -> 1150 | L54: =VLOOKUP($B54,'Trình bày T2'!$B:$M,6,0) -> 1200 | M54: =VLOOKUP($B54,'Trình bày T2'!$B:$M,7,0) -> 1200 | N54: =M54-L54 -> 0 | O54: =VLOOKUP($B54,'Trình bày T2'!$B:$M,9,0) -> 1132.0755 | P54: =(M54-O54) -> 67.924528 | Q54: =+P54/M54 -> 0.056603774 | R54: =VLOOKUP($B54,'Trình bày T2'!$B:$M,12,0) -> 0 | S54: =VLOOKUP($B54,'Trình bày T3'!$B:$M,6,0) -> #N/A | T54: =VLOOKUP($B54,'Trình bày T3'!$B:$M,7,0) -> #N/A | U54: =T54-S54 -> #N/A | V54: =VLOOKUP($B54,'Trình bày T3'!$B:$M,9,0) -> #N/A | W54: =(T54-V54) -> #N/A | X54: =+W54/T54 -> #N/A | Y54: =VLOOKUP($B54,'Trình bày T3'!$B:$M,12,0) -> #N/A | Z54: =VLOOKUP($B54,'Trình bày T4'!$B:$M,6,0) -> 1200 | AA54: =VLOOKUP($B54,'Trình bày T4'!$B:$M,7,0) -> 0 | AB54: =AA54-Z54 -> -1200 | AC54: =VLOOKUP($B54,'Trình bày T4'!$B:$M,9,0) -> 0 | AD54: =(AA54-AC54) -> 0 | AE54: =+AD54/AA54 -> #DIV/0! | AF54: =VLOOKUP($B54,'Trình bày T4'!$B:$M,12,0) -> 0
A55: =A54+1 -> 8 | B55: 110000429 | C55: Hạt Nhựa rHDPE MAF01 | D55: Trong | E55: =VLOOKUP($B55,'Trình bày T1'!$B:$M,6,0) -> 1300 | F55: =VLOOKUP($B55,'Trình bày T1'!$B:$M,7,0) -> 1300 | G55: =F55-E55 -> 0 | H55: =VLOOKUP($B55,'Trình bày T1'!$B:$M,9,0) -> 1062.5 | I55: =(F55-H55) -> 237.5 | J55: =+I55/F55 -> 0.18269231 | K55: =VLOOKUP($B55,'Trình bày T1'!$B:$M,12,0) -> 1250 | L55: =VLOOKUP($B55,'Trình bày T2'!$B:$M,6,0) -> 1300 | M55: =VLOOKUP($B55,'Trình bày T2'!$B:$M,7,0) -> 1300 | N55: =M55-L55 -> 0 | O55: =VLOOKUP($B55,'Trình bày T2'!$B:$M,9,0) -> 1042.4528 | P55: =(M55-O55) -> 257.54717 | Q55: =+P55/M55 -> 0.19811321 | R55: =VLOOKUP($B55,'Trình bày T2'!$B:$M,12,0) -> 0 | S55: =VLOOKUP($B55,'Trình bày T3'!$B:$M,6,0) -> #N/A | T55: =VLOOKUP($B55,'Trình bày T3'!$B:$M,7,0) -> #N/A | U55: =T55-S55 -> #N/A | V55: =VLOOKUP($B55,'Trình bày T3'!$B:$M,9,0) -> #N/A | W55: =(T55-V55) -> #N/A | X55: =+W55/T55 -> #N/A | Y55: =VLOOKUP($B55,'Trình bày T3'!$B:$M,12,0) -> #N/A | Z55: =VLOOKUP($B55,'Trình bày T4'!$B:$M,6,0) -> 1300 | AA55: =VLOOKUP($B55,'Trình bày T4'!$B:$M,7,0) -> 0 | AB55: =AA55-Z55 -> -1300 | AC55: =VLOOKUP($B55,'Trình bày T4'!$B:$M,9,0) -> 0 | AD55: =(AA55-AC55) -> 0 | AE55: =+AD55/AA55 -> #DIV/0! | AF55: =VLOOKUP($B55,'Trình bày T4'!$B:$M,12,0) -> 0
A56: =A55+1 -> 9 | B56: 110000432 | C56: Hạt Nhựa rHDB03N01 | D56: Trong | E56: =VLOOKUP($B56,'Trình bày T1'!$B:$M,6,0) -> 1200 | F56: =VLOOKUP($B57,'Trình bày T1'!$B:$M,7,0) -> 0 | G56: =F56-E56 -> -1200 | H56: =VLOOKUP($B59,'Trình bày T1'!$B:$M,9,0) -> 0 | I56: =(F56-H56) -> 0 | J56: =+I56/F56 -> #DIV/0! | K56: =VLOOKUP($B512,'Trình bày T1'!$B:$M,12,0) -> #N/A | L56: =VLOOKUP($B56,'Trình bày T2'!$B:$M,6,0) -> 1200 | M56: =VLOOKUP($B57,'Trình bày T2'!$B:$M,7,0) -> 0 | N56: =M56-L56 -> -1200 | O56: =VLOOKUP($B59,'Trình bày T2'!$B:$M,9,0) -> 0 | P56: =(M56-O56) -> 0 | Q56: =+P56/M56 -> #DIV/0! | R56: =VLOOKUP($B512,'Trình bày T2'!$B:$M,12,0) -> #N/A | S56: =VLOOKUP($B56,'Trình bày T3'!$B:$M,6,0) -> #N/A | T56: =VLOOKUP($B57,'Trình bày T3'!$B:$M,7,0) -> 0 | U56: =T56-S56 -> #N/A | V56: =VLOOKUP($B59,'Trình bày T3'!$B:$M,9,0) -> 0 | W56: =(T56-V56) -> 0 | X56: =+W56/T56 -> #DIV/0! | Y56: =VLOOKUP($B512,'Trình bày T3'!$B:$M,12,0) -> #N/A | Z56: =VLOOKUP($B56,'Trình bày T4'!$B:$M,6,0) -> 1200 | AA56: =VLOOKUP($B57,'Trình bày T4'!$B:$M,7,0) -> 0 | AB56: =AA56-Z56 -> -1200 | AC56: =VLOOKUP($B59,'Trình bày T4'!$B:$M,9,0) -> 0 | AD56: =(AA56-AC56) -> 0 | AE56: =+AD56/AA56 -> #DIV/0! | AF56: =VLOOKUP($B512,'Trình bày T4'!$B:$M,12,0) -> #N/A
A57: III | B57: MÃ HÀNG SẢN SUẤT TỪ PHÓ SẢN NGÀNH HDPE
A58: 1 | B58: 110000341 | C58: Hạt nhựa rHDB04B01 | D58: Đen | E58: =VLOOKUP($B58,'Trình bày T1'!$B:$M,6,0) -> 900 | F58: =VLOOKUP($B58,'Trình bày T1'!$B:$M,7,0) -> 900 | G58: =F58-E58 -> 0 | H58: =VLOOKUP($B58,'Trình bày T1'!$B:$M,9,0) -> 0 | I58: =(F58-H58) -> 900 | J58: =+I58/F58 -> 1 | K58: =VLOOKUP($B58,'Trình bày T1'!$B:$M,12,0) -> 700 | L58: =VLOOKUP($B58,'Trình bày T2'!$B:$M,6,0) -> 780 | M58: =VLOOKUP($B58,'Trình bày T2'!$B:$M,7,0) -> 780 | N58: =M58-L58 -> 0 | O58: =VLOOKUP($B58,'Trình bày T2'!$B:$M,9,0) -> 0 | P58: =(M58-O58) -> 780 | Q58: =+P58/M58 -> 1 | R58: =VLOOKUP($B58,'Trình bày T2'!$B:$M,12,0) -> 0 | S58: =VLOOKUP($B58,'Trình bày T3'!$B:$M,6,0) -> 780 | T58: =VLOOKUP($B58,'Trình bày T3'!$B:$M,7,0) -> 780 | U58: =T58-S58 -> 0 | V58: =VLOOKUP($B58,'Trình bày T3'!$B:$M,9,0) -> 736.54054 | W58: =(T58-V58) -> 43.459458 | X58: =+W58/T58 -> 0.055717254 | Y58: =VLOOKUP($B58,'Trình bày T3'!$B:$M,12,0) -> 0 | Z58: =VLOOKUP($B58,'Trình bày T4'!$B:$M,6,0) -> 780 | AA58: =VLOOKUP($B58,'Trình bày T4'!$B:$M,7,0) -> 0 | AB58: =AA58-Z58 -> -780 | AC58: =VLOOKUP($B58,'Trình bày T4'!$B:$M,9,0) -> 736.54054 | AD58: =(AA58-AC58) -> -736.54054 | AE58: =+AD58/AA58 -> #DIV/0! | AF58: =VLOOKUP($B58,'Trình bày T4'!$B:$M,12,0) -> 0
A59: C | B59: rHDPE ÉP
A60: I | B60: MÃ HÀNG ĐANG BÁN
A61: 1 | B61: 110000360 | C61: Hạt nhựa rHDI4L01 | D61: Dương | E61: =VLOOKUP($B61,'Trình bày T1'!$B:$M,6,0) -> 740 | F61: =VLOOKUP($B61,'Trình bày T1'!$B:$M,7,0) -> 740 | G61: =F61-E61 -> 0 | H61: =VLOOKUP($B61,'Trình bày T1'!$B:$M,9,0) -> 747.86079 | I61: =(F61-H61) -> -7.8607892 | J61: =+I61/F61 -> -0.010622688 | K61: =VLOOKUP($B61,'Trình bày T1'!$B:$M,12,0) -> 700 | L61: =VLOOKUP($B61,'Trình bày T2'!$B:$M,6,0) -> 740 | M61: =VLOOKUP($B61,'Trình bày T2'!$B:$M,7,0) -> 740 | N61: =M61-L61 -> 0 | O61: =VLOOKUP($B61,'Trình bày T2'!$B:$M,9,0) -> 741 | P61: =(M61-O61) -> -1 | Q61: =+P61/M61 -> -0.0013513514 | R61: =VLOOKUP($B61,'Trình bày T2'!$B:$M,12,0) -> 0 | S61: =VLOOKUP($B61,'Trình bày T3'!$B:$M,6,0) -> 740 | T61: =VLOOKUP($B61,'Trình bày T3'!$B:$M,7,0) -> 740 | U61: =T61-S61 -> 0 | V61: =VLOOKUP($B61,'Trình bày T3'!$B:$M,9,0) -> 746.42906 | W61: =(T61-V61) -> -6.4290635 | X61: =+W61/T61 -> -0.0086879236 | Y61: =VLOOKUP($B61,'Trình bày T3'!$B:$M,12,0) -> 0 | Z61: =VLOOKUP($B61,'Trình bày T4'!$B:$M,6,0) -> 740 | AA61: =VLOOKUP($B61,'Trình bày T4'!$B:$M,7,0) -> 1230 | AB61: =AA61-Z61 -> 490 | AC61: =VLOOKUP($B61,'Trình bày T4'!$B:$M,9,0) -> 774.16654 | AD61: =(AA61-AC61) -> 455.83346 | AE61: =+AD61/AA61 -> 0.37059631 | AF61: =VLOOKUP($B61,'Trình bày T4'!$B:$M,12,0) -> 0
A62: =+A61+1 -> 2 | B62: 110000366 | C62: Hạt nhựa rHDI3G01 | D62: Lá | E62: =VLOOKUP($B62,'Trình bày T1'!$B:$M,6,0) -> 740 | F62: =VLOOKUP($B62,'Trình bày T1'!$B:$M,7,0) -> 740 | G62: =F62-E62 -> 0 | H62: =VLOOKUP($B62,'Trình bày T1'!$B:$M,9,0) -> 747.86079 | I62: =(F62-H62) -> -7.8607892 | J62: =+I62/F62 -> -0.010622688 | K62: =VLOOKUP($B62,'Trình bày T1'!$B:$M,12,0) -> 700 | L62: =VLOOKUP($B62,'Trình bày T2'!$B:$M,6,0) -> 740 | M62: =VLOOKUP($B62,'Trình bày T2'!$B:$M,7,0) -> 740 | N62: =M62-L62 -> 0 | O62: =VLOOKUP($B62,'Trình bày T2'!$B:$M,9,0) -> 741 | P62: =(M62-O62) -> -1 | Q62: =+P62/M62 -> -0.0013513514 | R62: =VLOOKUP($B62,'Trình bày T2'!$B:$M,12,0) -> 0 | S62: =VLOOKUP($B62,'Trình bày T3'!$B:$M,6,0) -> 740 | T62: =VLOOKUP($B62,'Trình bày T3'!$B:$M,7,0) -> 740 | U62: =T62-S62 -> 0 | V62: =VLOOKUP($B62,'Trình bày T3'!$B:$M,9,0) -> 746.42906 | W62: =(T62-V62) -> -6.4290635 | X62: =+W62/T62 -> -0.0086879236 | Y62: =VLOOKUP($B62,'Trình bày T3'!$B:$M,12,0) -> 0 | Z62: =VLOOKUP($B62,'Trình bày T4'!$B:$M,6,0) -> 740 | AA62: =VLOOKUP($B62,'Trình bày T4'!$B:$M,7,0) -> 1230 | AB62: =AA62-Z62 -> 490 | AC62: =VLOOKUP($B62,'Trình bày T4'!$B:$M,9,0) -> 774.16654 | AD62: =(AA62-AC62) -> 455.83346 | AE62: =+AD62/AA62 -> 0.37059631 | AF62: =VLOOKUP($B62,'Trình bày T4'!$B:$M,12,0) -> 0
A63: =+A62+1 -> 3 | B63: 110000361 | C63: Hạt nhựa rHDI3R01 | D63: Đỏ | E63: =VLOOKUP($B63,'Trình bày T1'!$B:$M,6,0) -> 740 | F63: =VLOOKUP($B63,'Trình bày T1'!$B:$M,7,0) -> 740 | G63: =F63-E63 -> 0 | H63: =VLOOKUP($B63,'Trình bày T1'!$B:$M,9,0) -> 747.86079 | I63: =(F63-H63) -> -7.8607892 | J63: =+I63/F63 -> -0.010622688 | K63: =VLOOKUP($B63,'Trình bày T1'!$B:$M,12,0) -> 700 | L63: =VLOOKUP($B63,'Trình bày T2'!$B:$M,6,0) -> 740 | M63: =VLOOKUP($B63,'Trình bày T2'!$B:$M,7,0) -> 740 | N63: =M63-L63 -> 0 | O63: =VLOOKUP($B63,'Trình bày T2'!$B:$M,9,0) -> 741 | P63: =(M63-O63) -> -1 | Q63: =+P63/M63 -> -0.0013513514 | R63: =VLOOKUP($B63,'Trình bày T2'!$B:$M,12,0) -> 0 | S63: =VLOOKUP($B63,'Trình bày T3'!$B:$M,6,0) -> 740 | T63: =VLOOKUP($B63,'Trình bày T3'!$B:$M,7,0) -> 740 | U63: =T63-S63 -> 0 | V63: =VLOOKUP($B63,'Trình bày T3'!$B:$M,9,0) -> 746.42906 | W63: =(T63-V63) -> -6.4290635 | X63: =+W63/T63 -> -0.0086879236 | Y63: =VLOOKUP($B63,'Trình bày T3'!$B:$M,12,0) -> 0 | Z63: =VLOOKUP($B63,'Trình bày T4'!$B:$M,6,0) -> 740 | AA63: =VLOOKUP($B63,'Trình bày T4'!$B:$M,7,0) -> 1230 | AB63: =AA63-Z63 -> 490 | AC63: =VLOOKUP($B63,'Trình bày T4'!$B:$M,9,0) -> 774.16654 | AD63: =(AA63-AC63) -> 455.83346 | AE63: =+AD63/AA63 -> 0.37059631 | AF63: =VLOOKUP($B63,'Trình bày T4'!$B:$M,12,0) -> 0
A64: =+A63+1 -> 4 | B64: 110000496 | C64: Hạt Nhựa rHDI7DL02 | D64: Dương | E64: =VLOOKUP($B64,'Trình bày T1'!$B:$M,6,0) -> 740 | F64: =VLOOKUP($B64,'Trình bày T1'!$B:$M,7,0) -> 740 | G64: =F64-E64 -> 0 | H64: =VLOOKUP($B64,'Trình bày T1'!$B:$M,9,0) -> 1270.3077 | I64: =(F64-H64) -> -530.30769 | J64: =+I64/F64 -> -0.71663202 | K64: =VLOOKUP($B64,'Trình bày T1'!$B:$M,12,0) -> 700 | L64: =VLOOKUP($B64,'Trình bày T2'!$B:$M,6,0) -> 740 | M64: =VLOOKUP($B64,'Trình bày T2'!$B:$M,7,0) -> 740 | N64: =M64-L64 -> 0 | O64: =VLOOKUP($B64,'Trình bày T2'!$B:$M,9,0) -> 1246.3396 | P64: =(M64-O64) -> -506.33962 | Q64: =+P64/M64 -> -0.68424273 | R64: =VLOOKUP($B64,'Trình bày T2'!$B:$M,12,0) -> 0 | S64: =VLOOKUP($B64,'Trình bày T3'!$B:$M,6,0) -> 740 | T64: =VLOOKUP($B64,'Trình bày T3'!$B:$M,7,0) -> 740 | U64: =T64-S64 -> 0 | V64: =VLOOKUP($B64,'Trình bày T3'!$B:$M,9,0) -> 1246.3396 | W64: =(T64-V64) -> -506.33962 | X64: =+W64/T64 -> -0.68424273 | Y64: =VLOOKUP($B64,'Trình bày T3'!$B:$M,12,0) -> 0 | Z64: =VLOOKUP($B64,'Trình bày T4'!$B:$M,6,0) -> 740 | AA64: =VLOOKUP($B64,'Trình bày T4'!$B:$M,7,0) -> 1230 | AB64: =AA64-Z64 -> 490 | AC64: =VLOOKUP($B64,'Trình bày T4'!$B:$M,9,0) -> 1246.3396 | AD64: =(AA64-AC64) -> -16.339623 | AE64: =+AD64/AA64 -> -0.013284246 | AF64: =VLOOKUP($B64,'Trình bày T4'!$B:$M,12,0) -> 0
A65: =+A64+1 -> 5 | B65: 110000364 | C65: Hạt nhựa rHDI3Y01 | D65: Vàng | E65: =VLOOKUP($B65,'Trình bày T1'!$B:$M,6,0) -> 740 | F65: =VLOOKUP($B65,'Trình bày T1'!$B:$M,7,0) -> 740 | G65: =F65-E65 -> 0 | H65: =VLOOKUP($B65,'Trình bày T1'!$B:$M,9,0) -> 747.86079 | I65: =(F65-H65) -> -7.8607892 | J65: =+I65/F65 -> -0.010622688 | K65: =VLOOKUP($B65,'Trình bày T1'!$B:$M,12,0) -> 700 | L65: =VLOOKUP($B65,'Trình bày T2'!$B:$M,6,0) -> 740 | M65: =VLOOKUP($B65,'Trình bày T2'!$B:$M,7,0) -> 740 | N65: =M65-L65 -> 0 | O65: =VLOOKUP($B65,'Trình bày T2'!$B:$M,9,0) -> 741 | P65: =(M65-O65) -> -1 | Q65: =+P65/M65 -> -0.0013513514 | R65: =VLOOKUP($B65,'Trình bày T2'!$B:$M,12,0) -> 0 | S65: =VLOOKUP($B65,'Trình bày T3'!$B:$M,6,0) -> 740 | T65: =VLOOKUP($B65,'Trình bày T3'!$B:$M,7,0) -> 740 | U65: =T65-S65 -> 0 | V65: =VLOOKUP($B65,'Trình bày T3'!$B:$M,9,0) -> 746.42906 | W65: =(T65-V65) -> -6.4290635 | X65: =+W65/T65 -> -0.0086879236 | Y65: =VLOOKUP($B65,'Trình bày T3'!$B:$M,12,0) -> 0 | Z65: =VLOOKUP($B65,'Trình bày T4'!$B:$M,6,0) -> 740 | AA65: =VLOOKUP($B65,'Trình bày T4'!$B:$M,7,0) -> 1230 | AB65: =AA65-Z65 -> 490 | AC65: =VLOOKUP($B65,'Trình bày T4'!$B:$M,9,0) -> 828.03774 | AD65: =(AA65-AC65) -> 401.96226 | AE65: =+AD65/AA65 -> 0.32679859 | AF65: =VLOOKUP($B65,'Trình bày T4'!$B:$M,12,0) -> 0
A66: =+A65+1 -> 6 | B66: 110000365 | C66: Hạt nhựa rHDI3W01 | D66: Trắng | E66: =VLOOKUP($B66,'Trình bày T1'!$B:$M,6,0) -> 740 | F66: =VLOOKUP($B67,'Trình bày T1'!$B:$M,7,0) -> 660 | G66: =F66-E66 -> -80 | H66: =VLOOKUP($B69,'Trình bày T1'!$B:$M,9,0) -> 0 | I66: =(F66-H66) -> 660 | J66: =+I66/F66 -> 1 | K66: =VLOOKUP($B612,'Trình bày T1'!$B:$M,12,0) -> #N/A | L66: =VLOOKUP($B66,'Trình bày T2'!$B:$M,6,0) -> 740 | M66: =VLOOKUP($B67,'Trình bày T2'!$B:$M,7,0) -> 660 | N66: =M66-L66 -> -80 | O66: =VLOOKUP($B69,'Trình bày T2'!$B:$M,9,0) -> 0 | P66: =(M66-O66) -> 660 | Q66: =+P66/M66 -> 1 | R66: =VLOOKUP($B612,'Trình bày T2'!$B:$M,12,0) -> #N/A | S66: =VLOOKUP($B66,'Trình bày T3'!$B:$M,6,0) -> 740 | T66: =VLOOKUP($B67,'Trình bày T3'!$B:$M,7,0) -> 660 | U66: =T66-S66 -> -80 | V66: =VLOOKUP($B69,'Trình bày T3'!$B:$M,9,0) -> 0 | W66: =(T66-V66) -> 660 | X66: =+W66/T66 -> 1 | Y66: =VLOOKUP($B612,'Trình bày T3'!$B:$M,12,0) -> #N/A | Z66: =VLOOKUP($B66,'Trình bày T4'!$B:$M,6,0) -> 740 | AA66: =VLOOKUP($B67,'Trình bày T4'!$B:$M,7,0) -> 0 | AB66: =AA66-Z66 -> -740 | AC66: =VLOOKUP($B69,'Trình bày T4'!$B:$M,9,0) -> 0 | AD66: =(AA66-AC66) -> 0 | AE66: =+AD66/AA66 -> #DIV/0! | AF66: =VLOOKUP($B612,'Trình bày T4'!$B:$M,12,0) -> #N/A
A67: =+A66+1 -> 7 | B67: 110000431 | C67: Hạt Nhựa rHDI3Gy02 | D67: Xám | E67: =VLOOKUP($B67,'Trình bày T1'!$B:$M,6,0) -> 660 | F67: =VLOOKUP($B67,'Trình bày T1'!$B:$M,7,0) -> 660 | G67: =F67-E67 -> 0 | H67: =VLOOKUP($B69,'Trình bày T1'!$B:$M,9,0) -> 0 | I67: =(F67-H67) -> 660 | J67: =+I67/F67 -> 1 | K67: =VLOOKUP($B612,'Trình bày T1'!$B:$M,12,0) -> #N/A | L67: =VLOOKUP($B67,'Trình bày T2'!$B:$M,6,0) -> 660 | M67: =VLOOKUP($B67,'Trình bày T2'!$B:$M,7,0) -> 660 | N67: =M67-L67 -> 0 | O67: =VLOOKUP($B69,'Trình bày T2'!$B:$M,9,0) -> 0 | P67: =(M67-O67) -> 660 | Q67: =+P67/M67 -> 1 | R67: =VLOOKUP($B612,'Trình bày T2'!$B:$M,12,0) -> #N/A | S67: =VLOOKUP($B67,'Trình bày T3'!$B:$M,6,0) -> 660 | T67: =VLOOKUP($B67,'Trình bày T3'!$B:$M,7,0) -> 660 | U67: =T67-S67 -> 0 | V67: =VLOOKUP($B69,'Trình bày T3'!$B:$M,9,0) -> 0 | W67: =(T67-V67) -> 660 | X67: =+W67/T67 -> 1 | Y67: =VLOOKUP($B612,'Trình bày T3'!$B:$M,12,0) -> #N/A | Z67: =VLOOKUP($B67,'Trình bày T4'!$B:$M,6,0) -> 660 | AA67: =VLOOKUP($B67,'Trình bày T4'!$B:$M,7,0) -> 0 | AB67: =AA67-Z67 -> -660 | AC67: =VLOOKUP($B69,'Trình bày T4'!$B:$M,9,0) -> 0 | AD67: =(AA67-AC67) -> 0 | AE67: =+AD67/AA67 -> #DIV/0! | AF67: =VLOOKUP($B612,'Trình bày T4'!$B:$M,12,0) -> #N/A
A68: =+A67+1 -> 8 | B68: 110000363 | C68: Hạt nhựa rHDI3Gy01 | D68: Xám | E68: =VLOOKUP($B68,'Trình bày T1'!$B:$M,6,0) -> 740 | F68: =VLOOKUP($B68,'Trình bày T1'!$B:$M,7,0) -> 740 | G68: =F68-E68 -> 0 | H68: =VLOOKUP($B68,'Trình bày T1'!$B:$M,9,0) -> 717.42308 | I68: =(F68-H68) -> 22.576923 | J68: =+I68/F68 -> 0.030509356 | K68: =VLOOKUP($B68,'Trình bày T1'!$B:$M,12,0) -> 700 | L68: =VLOOKUP($B68,'Trình bày T2'!$B:$M,6,0) -> 740 | M68: =VLOOKUP($B68,'Trình bày T2'!$B:$M,7,0) -> 740 | N68: =M68-L68 -> 0 | O68: =VLOOKUP($B68,'Trình bày T2'!$B:$M,9,0) -> 703.88679 | P68: =(M68-O68) -> 36.113208 | Q68: =+P68/M68 -> 0.048801632 | R68: =VLOOKUP($B68,'Trình bày T2'!$B:$M,12,0) -> 0 | S68: =VLOOKUP($B68,'Trình bày T3'!$B:$M,6,0) -> 740 | T68: =VLOOKUP($B68,'Trình bày T3'!$B:$M,7,0) -> 740 | U68: =T68-S68 -> 0 | V68: =VLOOKUP($B68,'Trình bày T3'!$B:$M,9,0) -> 703.88679 | W68: =(T68-V68) -> 36.113208 | X68: =+W68/T68 -> 0.048801632 | Y68: =VLOOKUP($B68,'Trình bày T3'!$B:$M,12,0) -> 0 | Z68: =VLOOKUP($B68,'Trình bày T4'!$B:$M,6,0) -> 740 | AA68: =VLOOKUP($B68,'Trình bày T4'!$B:$M,7,0) -> 1230 | AB68: =AA68-Z68 -> 490 | AC68: =VLOOKUP($B68,'Trình bày T4'!$B:$M,9,0) -> 703.92453 | AD68: =(AA68-AC68) -> 526.07547 | AE68: =+AD68/AA68 -> 0.42770364 | AF68: =VLOOKUP($B68,'Trình bày T4'!$B:$M,12,0) -> 0
A69: II | B69: MÃ HÀNG BÁN CHẬM
A70: =1 -> 1 | B70: 110000373 | C70: Hạt nhựa rHDI4DL01 | D70: Dương | E70: =VLOOKUP($B70,'Trình bày T1'!$B:$M,6,0) -> 740 | F70: =VLOOKUP($B70,'Trình bày T1'!$B:$M,7,0) -> 740 | G70: =F70-E70 -> 0 | H70: =VLOOKUP($B70,'Trình bày T1'!$B:$M,9,0) -> 812.53846 | I70: =(F70-H70) -> -72.538462 | J70: =+I70/F70 -> -0.098024948 | K70: =VLOOKUP($B70,'Trình bày T1'!$B:$M,12,0) -> 700 | L70: =VLOOKUP($B70,'Trình bày T2'!$B:$M,6,0) -> 740 | M70: =VLOOKUP($B70,'Trình bày T2'!$B:$M,7,0) -> 740 | N70: =M70-L70 -> 0 | O70: =VLOOKUP($B70,'Trình bày T2'!$B:$M,9,0) -> 854.22642 | P70: =(M70-O70) -> -114.22642 | Q70: =+P70/M70 -> -0.15436002 | R70: =VLOOKUP($B70,'Trình bày T2'!$B:$M,12,0) -> 0 | S70: =VLOOKUP($B70,'Trình bày T3'!$B:$M,6,0) -> 740 | T70: =VLOOKUP($B70,'Trình bày T3'!$B:$M,7,0) -> 740 | U70: =T70-S70 -> 0 | V70: =VLOOKUP($B70,'Trình bày T3'!$B:$M,9,0) -> 889.54717 | W70: =(T70-V70) -> -149.54717 | X70: =+W70/T70 -> -0.20209077 | Y70: =VLOOKUP($B70,'Trình bày T3'!$B:$M,12,0) -> 0 | Z70: =VLOOKUP($B70,'Trình bày T4'!$B:$M,6,0) -> 740 | AA70: =VLOOKUP($B70,'Trình bày T4'!$B:$M,7,0) -> 1230 | AB70: =AA70-Z70 -> 490 | AC70: =VLOOKUP($B70,'Trình bày T4'!$B:$M,9,0) -> 889.54717 | AD70: =(AA70-AC70) -> 340.45283 | AE70: =+AD70/AA70 -> 0.27679092 | AF70: =VLOOKUP($B70,'Trình bày T4'!$B:$M,12,0) -> 0
A72: D | B72: Vảy HDPE ép
A73: I | B73: MÃ HÀNG ĐANG BÁN
A74: 4 | B74: 110000407 | C74: Vảy HD Ép Đỏ | D74: Đỏ | E74: =VLOOKUP($B74,'Trình bày T1'!$B:$M,6,0) -> 665 | F74: =VLOOKUP($B74,'Trình bày T1'!$B:$M,7,0) -> 665 | G74: =F74-E74 -> 0 | H74: =VLOOKUP($B74,'Trình bày T1'!$B:$M,9,0) -> 570.4945 | I74: =(F74-H74) -> 94.505497 | J74: =+I74/F74 -> 0.14211353 | K74: =VLOOKUP($B74,'Trình bày T1'!$B:$M,12,0) -> 650 | L74: =VLOOKUP($B74,'Trình bày T2'!$B:$M,6,0) -> 665 | M74: =VLOOKUP($B74,'Trình bày T2'!$B:$M,7,0) -> 665 | N74: =M74-L74 -> 0 | O74: =VLOOKUP($B74,'Trình bày T2'!$B:$M,9,0) -> 601 | P74: =(M74-O74) -> 64 | Q74: =+P74/M74 -> 0.096240602 | R74: =VLOOKUP($B74,'Trình bày T2'!$B:$M,12,0) -> 0 | S74: =VLOOKUP($B74,'Trình bày T3'!$B:$M,6,0) -> 665 | T74: =VLOOKUP($B74,'Trình bày T3'!$B:$M,7,0) -> 665 | U74: =T74-S74 -> 0 | V74: =VLOOKUP($B74,'Trình bày T3'!$B:$M,9,0) -> 615.49499 | W74: =(T74-V74) -> 49.505008 | X74: =+W74/T74 -> 0.074443622 | Y74: =VLOOKUP($B74,'Trình bày T3'!$B:$M,12,0) -> 0 | Z74: =VLOOKUP($B74,'Trình bày T4'!$B:$M,6,0) -> 665 | AA74: =VLOOKUP($B74,'Trình bày T4'!$B:$M,7,0) -> 1160 | AB74: =AA74-Z74 -> 495 | AC74: =VLOOKUP($B74,'Trình bày T4'!$B:$M,9,0) -> 640.71231 | AD74: =(AA74-AC74) -> 519.28769 | AE74: =+AD74/AA74 -> 0.4476618 | AF74: =VLOOKUP($B74,'Trình bày T4'!$B:$M,12,0) -> 0
A75: 2 | B75: 110000409 | C75: Vảy HD Ép Vàng | D75: Vàng | E75: =VLOOKUP($B75,'Trình bày T1'!$B:$M,6,0) -> 665 | F75: =VLOOKUP($B75,'Trình bày T1'!$B:$M,7,0) -> 665 | G75: =F75-E75 -> 0 | H75: =VLOOKUP($B75,'Trình bày T1'!$B:$M,9,0) -> 570.4945 | I75: =(F75-H75) -> 94.505497 | J75: =+I75/F75 -> 0.14211353 | K75: =VLOOKUP($B75,'Trình bày T1'!$B:$M,12,0) -> 650 | L75: =VLOOKUP($B75,'Trình bày T2'!$B:$M,6,0) -> 665 | M75: =VLOOKUP($B75,'Trình bày T2'!$B:$M,7,0) -> 665 | N75: =M75-L75 -> 0 | O75: =VLOOKUP($B75,'Trình bày T2'!$B:$M,9,0) -> 601 | P75: =(M75-O75) -> 64 | Q75: =+P75/M75 -> 0.096240602 | R75: =VLOOKUP($B75,'Trình bày T2'!$B:$M,12,0) -> 0 | S75: =VLOOKUP($B75,'Trình bày T3'!$B:$M,6,0) -> 665 | T75: =VLOOKUP($B75,'Trình bày T3'!$B:$M,7,0) -> 665 | U75: =T75-S75 -> 0 | V75: =VLOOKUP($B75,'Trình bày T3'!$B:$M,9,0) -> 615.49499 | W75: =(T75-V75) -> 49.505008 | X75: =+W75/T75 -> 0.074443622 | Y75: =VLOOKUP($B75,'Trình bày T3'!$B:$M,12,0) -> 0 | Z75: =VLOOKUP($B75,'Trình bày T4'!$B:$M,6,0) -> 665 | AA75: =VLOOKUP($B75,'Trình bày T4'!$B:$M,7,0) -> 1160 | AB75: =AA75-Z75 -> 495 | AC75: =VLOOKUP($B75,'Trình bày T4'!$B:$M,9,0) -> 640.71231 | AD75: =(AA75-AC75) -> 519.28769 | AE75: =+AD75/AA75 -> 0.4476618 | AF75: =VLOOKUP($B75,'Trình bày T4'!$B:$M,12,0) -> 0
A76: 1 | B76: 110000410 | C76: Vảy HD Ép Lá | D76: Lá | E76: =VLOOKUP($B76,'Trình bày T1'!$B:$M,6,0) -> 665 | F76: =VLOOKUP($B77,'Trình bày T1'!$B:$M,7,0) -> 665 | G76: =F76-E76 -> 0 | H76: =VLOOKUP($B79,'Trình bày T1'!$B:$M,9,0) -> 570.4945 | I76: =(F76-H76) -> 94.505497 | J76: =+I76/F76 -> 0.14211353 | K76: =VLOOKUP($B712,'Trình bày T1'!$B:$M,12,0) -> #N/A | L76: =VLOOKUP($B76,'Trình bày T2'!$B:$M,6,0) -> 665 | M76: =VLOOKUP($B77,'Trình bày T2'!$B:$M,7,0) -> 665 | N76: =M76-L76 -> 0 | O76: =VLOOKUP($B79,'Trình bày T2'!$B:$M,9,0) -> 601 | P76: =(M76-O76) -> 64 | Q76: =+P76/M76 -> 0.096240602 | R76: =VLOOKUP($B712,'Trình bày T2'!$B:$M,12,0) -> #N/A | S76: =VLOOKUP($B76,'Trình bày T3'!$B:$M,6,0) -> 665 | T76: =VLOOKUP($B77,'Trình bày T3'!$B:$M,7,0) -> 665 | U76: =T76-S76 -> 0 | V76: =VLOOKUP($B79,'Trình bày T3'!$B:$M,9,0) -> 615.49499 | W76: =(T76-V76) -> 49.505008 | X76: =+W76/T76 -> 0.074443622 | Y76: =VLOOKUP($B712,'Trình bày T3'!$B:$M,12,0) -> #N/A | Z76: =VLOOKUP($B76,'Trình bày T4'!$B:$M,6,0) -> 665 | AA76: =VLOOKUP($B77,'Trình bày T4'!$B:$M,7,0) -> 1160 | AB76: =AA76-Z76 -> 495 | AC76: =VLOOKUP($B79,'Trình bày T4'!$B:$M,9,0) -> 640.71231 | AD76: =(AA76-AC76) -> 519.28769 | AE76: =+AD76/AA76 -> 0.4476618 | AF76: =VLOOKUP($B712,'Trình bày T4'!$B:$M,12,0) -> #N/A
A77: 7 | B77: 110000411 | C77: Vảy HD Ép Dương | D77: Dương | E77: =VLOOKUP($B77,'Trình bày T1'!$B:$M,6,0) -> 665 | F77: =VLOOKUP($B77,'Trình bày T1'!$B:$M,7,0) -> 665 | G77: =F77-E77 -> 0 | H77: =VLOOKUP($B79,'Trình bày T1'!$B:$M,9,0) -> 570.4945 | I77: =(F77-H77) -> 94.505497 | J77: =+I77/F77 -> 0.14211353 | K77: =VLOOKUP($B712,'Trình bày T1'!$B:$M,12,0) -> #N/A | L77: =VLOOKUP($B77,'Trình bày T2'!$B:$M,6,0) -> 665 | M77: =VLOOKUP($B77,'Trình bày T2'!$B:$M,7,0) -> 665 | N77: =M77-L77 -> 0 | O77: =VLOOKUP($B79,'Trình bày T2'!$B:$M,9,0) -> 601 | P77: =(M77-O77) -> 64 | Q77: =+P77/M77 -> 0.096240602 | R77: =VLOOKUP($B712,'Trình bày T2'!$B:$M,12,0) -> #N/A | S77: =VLOOKUP($B77,'Trình bày T3'!$B:$M,6,0) -> 665 | T77: =VLOOKUP($B77,'Trình bày T3'!$B:$M,7,0) -> 665 | U77: =T77-S77 -> 0 | V77: =VLOOKUP($B79,'Trình bày T3'!$B:$M,9,0) -> 615.49499 | W77: =(T77-V77) -> 49.505008 | X77: =+W77/T77 -> 0.074443622 | Y77: =VLOOKUP($B712,'Trình bày T3'!$B:$M,12,0) -> #N/A | Z77: =VLOOKUP($B77,'Trình bày T4'!$B:$M,6,0) -> 665 | AA77: =VLOOKUP($B77,'Trình bày T4'!$B:$M,7,0) -> 1160 | AB77: =AA77-Z77 -> 495 | AC77: =VLOOKUP($B79,'Trình bày T4'!$B:$M,9,0) -> 640.71231 | AD77: =(AA77-AC77) -> 519.28769 | AE77: =+AD77/AA77 -> 0.4476618 | AF77: =VLOOKUP($B712,'Trình bày T4'!$B:$M,12,0) -> #N/A
A78: 5 | B78: 110000408 | C78: Vảy HD Ép Trắng | D78: Trắng | E78: =VLOOKUP($B78,'Trình bày T1'!$B:$M,6,0) -> 665 | F78: =VLOOKUP($B78,'Trình bày T1'!$B:$M,7,0) -> 665 | G78: =F78-E78 -> 0 | H78: =VLOOKUP($B78,'Trình bày T1'!$B:$M,9,0) -> 570.4945 | I78: =(F78-H78) -> 94.505497 | J78: =+I78/F78 -> 0.14211353 | K78: =VLOOKUP($B78,'Trình bày T1'!$B:$M,12,0) -> 650 | L78: =VLOOKUP($B78,'Trình bày T2'!$B:$M,6,0) -> 665 | M78: =VLOOKUP($B78,'Trình bày T2'!$B:$M,7,0) -> 665 | N78: =M78-L78 -> 0 | O78: =VLOOKUP($B78,'Trình bày T2'!$B:$M,9,0) -> 601 | P78: =(M78-O78) -> 64 | Q78: =+P78/M78 -> 0.096240602 | R78: =VLOOKUP($B78,'Trình bày T2'!$B:$M,12,0) -> 0 | S78: =VLOOKUP($B78,'Trình bày T3'!$B:$M,6,0) -> 665 | T78: =VLOOKUP($B78,'Trình bày T3'!$B:$M,7,0) -> 665 | U78: =T78-S78 -> 0 | V78: =VLOOKUP($B78,'Trình bày T3'!$B:$M,9,0) -> 615.49499 | W78: =(T78-V78) -> 49.505008 | X78: =+W78/T78 -> 0.074443622 | Y78: =VLOOKUP($B78,'Trình bày T3'!$B:$M,12,0) -> 0 | Z78: =VLOOKUP($B78,'Trình bày T4'!$B:$M,6,0) -> 665 | AA78: =VLOOKUP($B78,'Trình bày T4'!$B:$M,7,0) -> 1160 | AB78: =AA78-Z78 -> 495 | AC78: =VLOOKUP($B78,'Trình bày T4'!$B:$M,9,0) -> 640.71231 | AD78: =(AA78-AC78) -> 519.28769 | AE78: =+AD78/AA78 -> 0.4476618 | AF78: =VLOOKUP($B78,'Trình bày T4'!$B:$M,12,0) -> 0
A79: 6 | B79: 110000412 | C79: Vảy HD Ép Đen | D79: Đen | E79: =VLOOKUP($B79,'Trình bày T1'!$B:$M,6,0) -> 665 | F79: =VLOOKUP($B79,'Trình bày T1'!$B:$M,7,0) -> 665 | G79: =F79-E79 -> 0 | H79: =VLOOKUP($B79,'Trình bày T1'!$B:$M,9,0) -> 570.4945 | I79: =(F79-H79) -> 94.505497 | J79: =+I79/F79 -> 0.14211353 | K79: =VLOOKUP($B712,'Trình bày T1'!$B:$M,12,0) -> #N/A | L79: =VLOOKUP($B79,'Trình bày T2'!$B:$M,6,0) -> 665 | M79: =VLOOKUP($B79,'Trình bày T2'!$B:$M,7,0) -> 665 | N79: =M79-L79 -> 0 | O79: =VLOOKUP($B79,'Trình bày T2'!$B:$M,9,0) -> 601 | P79: =(M79-O79) -> 64 | Q79: =+P79/M79 -> 0.096240602 | R79: =VLOOKUP($B712,'Trình bày T2'!$B:$M,12,0) -> #N/A | S79: =VLOOKUP($B79,'Trình bày T3'!$B:$M,6,0) -> 665 | T79: =VLOOKUP($B79,'Trình bày T3'!$B:$M,7,0) -> 665 | U79: =T79-S79 -> 0 | V79: =VLOOKUP($B79,'Trình bày T3'!$B:$M,9,0) -> 615.49499 | W79: =(T79-V79) -> 49.505008 | X79: =+W79/T79 -> 0.074443622 | Y79: =VLOOKUP($B712,'Trình bày T3'!$B:$M,12,0) -> #N/A | Z79: =VLOOKUP($B79,'Trình bày T4'!$B:$M,6,0) -> 665 | AA79: =VLOOKUP($B79,'Trình bày T4'!$B:$M,7,0) -> 1160 | AB79: =AA79-Z79 -> 495 | AC79: =VLOOKUP($B79,'Trình bày T4'!$B:$M,9,0) -> 640.71231 | AD79: =(AA79-AC79) -> 519.28769 | AE79: =+AD79/AA79 -> 0.4476618 | AF79: =VLOOKUP($B712,'Trình bày T4'!$B:$M,12,0) -> #N/A
A80: 7 | B80: 110000413 | C80: Vảy HD Ép Đồng | D80: Đồng | E80: =VLOOKUP($B80,'Trình bày T1'!$B:$M,6,0) -> 665 | F80: =VLOOKUP($B80,'Trình bày T1'!$B:$M,7,0) -> 665 | G80: =F80-E80 -> 0 | H80: =VLOOKUP($B80,'Trình bày T1'!$B:$M,9,0) -> 570.4945 | I80: =(F80-H80) -> 94.505497 | J80: =+I80/F80 -> 0.14211353 | K80: =VLOOKUP($B80,'Trình bày T1'!$B:$M,12,0) -> 650 | L80: =VLOOKUP($B80,'Trình bày T2'!$B:$M,6,0) -> 665 | M80: =VLOOKUP($B80,'Trình bày T2'!$B:$M,7,0) -> 665 | N80: =M80-L80 -> 0 | O80: =VLOOKUP($B80,'Trình bày T2'!$B:$M,9,0) -> 601 | P80: =(M80-O80) -> 64 | Q80: =+P80/M80 -> 0.096240602 | R80: =VLOOKUP($B80,'Trình bày T2'!$B:$M,12,0) -> 0 | S80: =VLOOKUP($B80,'Trình bày T3'!$B:$M,6,0) -> 665 | T80: =VLOOKUP($B80,'Trình bày T3'!$B:$M,7,0) -> 665 | U80: =T80-S80 -> 0 | V80: =VLOOKUP($B80,'Trình bày T3'!$B:$M,9,0) -> 615.49499 | W80: =(T80-V80) -> 49.505008 | X80: =+W80/T80 -> 0.074443622 | Y80: =VLOOKUP($B80,'Trình bày T3'!$B:$M,12,0) -> 0 | Z80: =VLOOKUP($B80,'Trình bày T4'!$B:$M,6,0) -> 665 | AA80: =VLOOKUP($B80,'Trình bày T4'!$B:$M,7,0) -> 1160 | AB80: =AA80-Z80 -> 495 | AC80: =VLOOKUP($B80,'Trình bày T4'!$B:$M,9,0) -> 640.71231 | AD80: =(AA80-AC80) -> 519.28769 | AE80: =+AD80/AA80 -> 0.4476618 | AF80: =VLOOKUP($B80,'Trình bày T4'!$B:$M,12,0) -> 0
A81: II | B81: MÃ HÀNG BÁN CHẬM
A82: =1 -> 1 | B82: 110000469 | C82: Vảy HD Ép Dương Bình Thuận | D82: Dương | E82: =VLOOKUP($B82,'Trình bày T1'!$B:$M,6,0) -> 0 | F82: =VLOOKUP($B82,'Trình bày T1'!$B:$M,7,0) -> 0 | H82: =VLOOKUP($B82,'Trình bày T1'!$B:$M,9,0) -> 0 | K82: =VLOOKUP($B82,'Trình bày T1'!$B:$M,12,0) -> 0 | L82: =VLOOKUP($B82,'Trình bày T2'!$B:$M,6,0) -> 0 | M82: =VLOOKUP($B82,'Trình bày T2'!$B:$M,7,0) -> 0 | O82: =VLOOKUP($B82,'Trình bày T2'!$B:$M,9,0) -> 733.88679 | R82: =VLOOKUP($B82,'Trình bày T2'!$B:$M,12,0) -> 0 | S82: =VLOOKUP($B82,'Trình bày T3'!$B:$M,6,0) -> 0 | T82: =VLOOKUP($B82,'Trình bày T3'!$B:$M,7,0) -> 0 | V82: =VLOOKUP($B82,'Trình bày T3'!$B:$M,9,0) -> 0 | Y82: =VLOOKUP($B82,'Trình bày T3'!$B:$M,12,0) -> 0 | Z82: =VLOOKUP($B82,'Trình bày T4'!$B:$M,6,0) -> 0 | AA82: =VLOOKUP($B82,'Trình bày T4'!$B:$M,7,0) -> 0 | AC82: =VLOOKUP($B82,'Trình bày T4'!$B:$M,9,0) -> 733.88679 | AF82: =VLOOKUP($B82,'Trình bày T4'!$B:$M,12,0) -> 0
A84: E | B84: rPP
A85: I | B85: MÃ HÀNG ĐANG BÁN
A86: 1 | B86: 110000389 | C86: Hạt nhựa rPP20R02 | D86: Đỏ | E86: =VLOOKUP($B86,'Trình bày T1'!$B:$M,6,0) -> 915/705 | F86: =VLOOKUP($B87,'Trình bày T1'!$B:$M,7,0) -> 900/695 | G86: -15/-10 | H86: =VLOOKUP($B89,'Trình bày T1'!$B:$M,9,0) -> 1033.1923 | I86: -187/-392 | J86: -21%/-56% | K86: =VLOOKUP($B812,'Trình bày T1'!$B:$M,12,0) -> #N/A | L86: =VLOOKUP($B86,'Trình bày T2'!$B:$M,6,0) -> 900/695 | M86: =VLOOKUP($B87,'Trình bày T2'!$B:$M,7,0) -> 900/695 | N86: -15/-10 | O86: =VLOOKUP($B89,'Trình bày T2'!$B:$M,9,0) -> 1135.3585 | P86: -187/-392 | Q86: -21%/-56% | R86: =VLOOKUP($B812,'Trình bày T2'!$B:$M,12,0) -> #N/A | S86: =VLOOKUP($B86,'Trình bày T3'!$B:$M,6,0) -> 900/695 | T86: =VLOOKUP($B87,'Trình bày T3'!$B:$M,7,0) -> 935/720 | U86: -15/-10 | V86: =VLOOKUP($B89,'Trình bày T3'!$B:$M,9,0) -> 1135.3585 | W86: -187/-392 | X86: -21%/-56% | Y86: =VLOOKUP($B812,'Trình bày T3'!$B:$M,12,0) -> #N/A | Z86: =VLOOKUP($B86,'Trình bày T4'!$B:$M,6,0) -> 935/720 | AA86: =VLOOKUP($B87,'Trình bày T4'!$B:$M,7,0) -> 1400/1190 | AB86: -15/-10 | AC86: =VLOOKUP($B89,'Trình bày T4'!$B:$M,9,0) -> 1135.3585 | AD86: -187/-392 | AE86: -21%/-56% | AF86: =VLOOKUP($B812,'Trình bày T4'!$B:$M,12,0) -> #N/A
A87: =+A86+1 -> 2 | B87: 110000471 | C87: Hạt Nhựa rPP20L05 | D87: Dương | E87: =VLOOKUP($B87,'Trình bày T1'!$B:$M,6,0) -> 915/705 | F87: =VLOOKUP($B87,'Trình bày T1'!$B:$M,7,0) -> 900/695 | G87: -15/-10 | H87: =VLOOKUP($B89,'Trình bày T1'!$B:$M,9,0) -> 1033.1923 | I87: -186/-391 | J87: -21%/-56% | K87: =VLOOKUP($B812,'Trình bày T1'!$B:$M,12,0) -> #N/A | L87: =VLOOKUP($B87,'Trình bày T2'!$B:$M,6,0) -> 900/695 | M87: =VLOOKUP($B87,'Trình bày T2'!$B:$M,7,0) -> 900/695 | N87: -15/-10 | O87: =VLOOKUP($B89,'Trình bày T2'!$B:$M,9,0) -> 1135.3585 | P87: -186/-391 | Q87: -21%/-56% | R87: =VLOOKUP($B812,'Trình bày T2'!$B:$M,12,0) -> #N/A | S87: =VLOOKUP($B87,'Trình bày T3'!$B:$M,6,0) -> 900/695 | T87: =VLOOKUP($B87,'Trình bày T3'!$B:$M,7,0) -> 935/720 | U87: -15/-10 | V87: =VLOOKUP($B89,'Trình bày T3'!$B:$M,9,0) -> 1135.3585 | W87: -186/-391 | X87: -21%/-56% | Y87: =VLOOKUP($B812,'Trình bày T3'!$B:$M,12,0) -> #N/A | Z87: =VLOOKUP($B87,'Trình bày T4'!$B:$M,6,0) -> 935/720 | AA87: =VLOOKUP($B87,'Trình bày T4'!$B:$M,7,0) -> 1400/1190 | AB87: -15/-10 | AC87: =VLOOKUP($B89,'Trình bày T4'!$B:$M,9,0) -> 1135.3585 | AD87: -186/-391 | AE87: -21%/-56% | AF87: =VLOOKUP($B812,'Trình bày T4'!$B:$M,12,0) -> #N/A
A88: =+A87+1 -> 3 | B88: 110000472 | C88: Hạt Nhựa rPP20Gy01 | D88: Xám | E88: =VLOOKUP($B88,'Trình bày T1'!$B:$M,6,0) -> 915/705 | F88: =VLOOKUP($B88,'Trình bày T1'!$B:$M,7,0) -> 900/695 | G88: -15/-10 | H88: =VLOOKUP($B88,'Trình bày T1'!$B:$M,9,0) -> 1090.6154 | I88: -191/-396 | J88: -21%/-57% | K88: =VLOOKUP($B88,'Trình bày T1'!$B:$M,12,0) -> 820/660 | L88: =VLOOKUP($B88,'Trình bày T2'!$B:$M,6,0) -> 900/695 | M88: =VLOOKUP($B88,'Trình bày T2'!$B:$M,7,0) -> 900/695 | N88: -15/-10 | O88: =VLOOKUP($B88,'Trình bày T2'!$B:$M,9,0) -> 1337.434 | P88: -191/-396 | Q88: -21%/-57% | R88: =VLOOKUP($B88,'Trình bày T2'!$B:$M,12,0) -> 0 | S88: =VLOOKUP($B88,'Trình bày T3'!$B:$M,6,0) -> 900/695 | T88: =VLOOKUP($B88,'Trình bày T3'!$B:$M,7,0) -> 935/720 | U88: -15/-10 | V88: =VLOOKUP($B88,'Trình bày T3'!$B:$M,9,0) -> 1217.6226 | W88: -191/-396 | X88: -21%/-57% | Y88: =VLOOKUP($B88,'Trình bày T3'!$B:$M,12,0) -> 0 | Z88: =VLOOKUP($B88,'Trình bày T4'!$B:$M,6,0) -> 935/720 | AA88: =VLOOKUP($B88,'Trình bày T4'!$B:$M,7,0) -> 1400/1190 | AB88: -15/-10 | AC88: =VLOOKUP($B88,'Trình bày T4'!$B:$M,9,0) -> 1217.6226 | AD88: -191/-396 | AE88: -21%/-57% | AF88: =VLOOKUP($B88,'Trình bày T4'!$B:$M,12,0) -> 0
A89: =+A88+1 -> 4 | B89: 110000435 | C89: Hạt Nhựa rPP20L03 | D89: Dương | E89: =VLOOKUP($B89,'Trình bày T1'!$B:$M,6,0) -> 915/705 | F89: =VLOOKUP($B89,'Trình bày T1'!$B:$M,7,0) -> 900/695 | G89: -15/-10 | H89: =VLOOKUP($B89,'Trình bày T1'!$B:$M,9,0) -> 1033.1923 | I89: -133/-338 | J89: -15%/-49% | K89: =VLOOKUP($B812,'Trình bày T1'!$B:$M,12,0) -> #N/A | L89: =VLOOKUP($B89,'Trình bày T2'!$B:$M,6,0) -> 900/695 | M89: =VLOOKUP($B89,'Trình bày T2'!$B:$M,7,0) -> 900/695 | N89: -15/-10 | O89: =VLOOKUP($B89,'Trình bày T2'!$B:$M,9,0) -> 1135.3585 | P89: -133/-338 | Q89: -15%/-49% | R89: =VLOOKUP($B812,'Trình bày T2'!$B:$M,12,0) -> #N/A | S89: =VLOOKUP($B89,'Trình bày T3'!$B:$M,6,0) -> 900/695 | T89: =VLOOKUP($B89,'Trình bày T3'!$B:$M,7,0) -> 935/720 | U89: -15/-10 | V89: =VLOOKUP($B89,'Trình bày T3'!$B:$M,9,0) -> 1135.3585 | W89: -133/-338 | X89: -15%/-49% | Y89: =VLOOKUP($B812,'Trình bày T3'!$B:$M,12,0) -> #N/A | Z89: =VLOOKUP($B89,'Trình bày T4'!$B:$M,6,0) -> 935/720 | AA89: =VLOOKUP($B89,'Trình bày T4'!$B:$M,7,0) -> 1400/1190 | AB89: -15/-10 | AC89: =VLOOKUP($B89,'Trình bày T4'!$B:$M,9,0) -> 1135.3585 | AD89: -133/-338 | AE89: -15%/-49% | AF89: =VLOOKUP($B812,'Trình bày T4'!$B:$M,12,0) -> #N/A
A90: =+A89+1 -> 5 | B90: 110000508 | C90: Hạt Nhựa rPP20W02 | D90: Trắng | E90: =VLOOKUP($B90,'Trình bày T1'!$B:$M,6,0) -> 915/705 | F90: =VLOOKUP($B90,'Trình bày T1'!$B:$M,7,0) -> 900/695 | G90: -15/-10 | H90: =VLOOKUP($B90,'Trình bày T1'!$B:$M,9,0) -> 1350.1154 | I90: -450/-655 | J90: -50%/-94% | K90: =VLOOKUP($B90,'Trình bày T1'!$B:$M,12,0) -> 820/660 | L90: =VLOOKUP($B90,'Trình bày T2'!$B:$M,6,0) -> 900/695 | M90: =VLOOKUP($B90,'Trình bày T2'!$B:$M,7,0) -> 900/695 | N90: -15/-10 | O90: =VLOOKUP($B90,'Trình bày T2'!$B:$M,9,0) -> 1324.6415 | P90: -450/-655 | Q90: -50%/-94% | R90: =VLOOKUP($B90,'Trình bày T2'!$B:$M,12,0) -> 0 | S90: =VLOOKUP($B90,'Trình bày T3'!$B:$M,6,0) -> 900/695 | T90: =VLOOKUP($B90,'Trình bày T3'!$B:$M,7,0) -> 935/720 | U90: -15/-10 | V90: =VLOOKUP($B90,'Trình bày T3'!$B:$M,9,0) -> 1324.6415 | W90: -450/-655 | X90: -50%/-94% | Y90: =VLOOKUP($B90,'Trình bày T3'!$B:$M,12,0) -> 0 | Z90: =VLOOKUP($B90,'Trình bày T4'!$B:$M,6,0) -> 935/720 | AA90: =VLOOKUP($B90,'Trình bày T4'!$B:$M,7,0) -> 1400/1190 | AB90: -15/-10 | AC90: =VLOOKUP($B90,'Trình bày T4'!$B:$M,9,0) -> 1290.4906 | AD90: -450/-655 | AE90: -50%/-94% | AF90: =VLOOKUP($B90,'Trình bày T4'!$B:$M,12,0) -> 0
A91: =+A90+1 -> 6 | B91: 110000392 | C91: Hạt nhựa rPP20B01 | D91: Đen | E91: =VLOOKUP($B91,'Trình bày T1'!$B:$M,6,0) -> 815/605 | F91: =VLOOKUP($B91,'Trình bày T1'!$B:$M,7,0) -> 800/595 | G91: -15/-10 | H91: =VLOOKUP($B91,'Trình bày T1'!$B:$M,9,0) -> 824.11538 | I91: -24/-229 | J91: -3%/-39% | K91: =VLOOKUP($B91,'Trình bày T1'!$B:$M,12,0) -> 700/550 | L91: =VLOOKUP($B91,'Trình bày T2'!$B:$M,6,0) -> 800/595 | M91: =VLOOKUP($B91,'Trình bày T2'!$B:$M,7,0) -> 800/595 | N91: -15/-10 | O91: =VLOOKUP($B91,'Trình bày T2'!$B:$M,9,0) -> 690.60377 | P91: -24/-229 | Q91: -3%/-39% | R91: =VLOOKUP($B91,'Trình bày T2'!$B:$M,12,0) -> 0 | S91: =VLOOKUP($B91,'Trình bày T3'!$B:$M,6,0) -> 800/595 | T91: =VLOOKUP($B91,'Trình bày T3'!$B:$M,7,0) -> 935/720 | U91: -15/-10 | V91: =VLOOKUP($B91,'Trình bày T3'!$B:$M,9,0) -> 690.60377 | W91: -24/-229 | X91: -3%/-39% | Y91: =VLOOKUP($B91,'Trình bày T3'!$B:$M,12,0) -> 0 | Z91: =VLOOKUP($B91,'Trình bày T4'!$B:$M,6,0) -> 935/720 | AA91: =VLOOKUP($B91,'Trình bày T4'!$B:$M,7,0) -> 1400/1190 | AB91: -15/-10 | AC91: =VLOOKUP($B91,'Trình bày T4'!$B:$M,9,0) -> 690.60377 | AD91: -24/-229 | AE91: -3%/-39% | AF91: =VLOOKUP($B91,'Trình bày T4'!$B:$M,12,0) -> 0
A92: =+A91+1 -> 7 | B92: 110000482 | C92: Hạt Nhựa rPP20W01 | D92: Trắng | E92: =VLOOKUP($B92,'Trình bày T1'!$B:$M,6,0) -> 915/705 | F92: =VLOOKUP($B92,'Trình bày T1'!$B:$M,7,0) -> 900/695 | G92: -15/-10 | H92: =VLOOKUP($B92,'Trình bày T1'!$B:$M,9,0) -> 1389.3462 | I92: -489/-694 | J92: -54%/-100% | K92: =VLOOKUP($B92,'Trình bày T1'!$B:$M,12,0) -> 820/660 | L92: =VLOOKUP($B92,'Trình bày T2'!$B:$M,6,0) -> 900/695 | M92: =VLOOKUP($B92,'Trình bày T2'!$B:$M,7,0) -> 900/695 | N92: -15/-10 | O92: =VLOOKUP($B92,'Trình bày T2'!$B:$M,9,0) -> 1363.0943 | P92: -489/-694 | Q92: -54%/-100% | R92: =VLOOKUP($B92,'Trình bày T2'!$B:$M,12,0) -> 0 | S92: =VLOOKUP($B92,'Trình bày T3'!$B:$M,6,0) -> 900/695 | T92: =VLOOKUP($B92,'Trình bày T3'!$B:$M,7,0) -> 935/720 | U92: -15/-10 | V92: =VLOOKUP($B92,'Trình bày T3'!$B:$M,9,0) -> 1363.0943 | W92: -489/-694 | X92: -54%/-100% | Y92: =VLOOKUP($B92,'Trình bày T3'!$B:$M,12,0) -> 0 | Z92: =VLOOKUP($B92,'Trình bày T4'!$B:$M,6,0) -> 935/720 | AA92: =VLOOKUP($B92,'Trình bày T4'!$B:$M,7,0) -> 1400/1190 | AB92: -15/-10 | AC92: =VLOOKUP($B92,'Trình bày T4'!$B:$M,9,0) -> 1363.0943 | AD92: -489/-694 | AE92: -54%/-100% | AF92: =VLOOKUP($B92,'Trình bày T4'!$B:$M,12,0) -> 0
A93: =+A92+1 -> 8 | B93: 110000394 | C93: Hạt nhựa rPP15Gy02 | D93: Xám | E93: =VLOOKUP($B93,'Trình bày T1'!$B:$M,6,0) -> 915/705 | F93: =VLOOKUP($B93,'Trình bày T1'!$B:$M,7,0) -> 900/695 | G93: -15/-10 | H93: =VLOOKUP($B93,'Trình bày T1'!$B:$M,9,0) -> 1138.2308 | I93: -238/-443 | J93: -26%/-64% | K93: =VLOOKUP($B93,'Trình bày T1'!$B:$M,12,0) -> 820/660 | L93: =VLOOKUP($B93,'Trình bày T2'!$B:$M,6,0) -> 900/695 | M93: =VLOOKUP($B93,'Trình bày T2'!$B:$M,7,0) -> 900/695 | N93: -15/-10 | O93: =VLOOKUP($B93,'Trình bày T2'!$B:$M,9,0) -> 1116.7547 | P93: -238/-443 | Q93: -26%/-64% | R93: =VLOOKUP($B93,'Trình bày T2'!$B:$M,12,0) -> 0 | S93: =VLOOKUP($B93,'Trình bày T3'!$B:$M,6,0) -> 900/695 | T93: =VLOOKUP($B93,'Trình bày T3'!$B:$M,7,0) -> 935/720 | U93: -15/-10 | V93: =VLOOKUP($B93,'Trình bày T3'!$B:$M,9,0) -> 1116.7547 | W93: -238/-443 | X93: -26%/-64% | Y93: =VLOOKUP($B93,'Trình bày T3'!$B:$M,12,0) -> 0 | Z93: =VLOOKUP($B93,'Trình bày T4'!$B:$M,6,0) -> 935/720 | AA93: =VLOOKUP($B93,'Trình bày T4'!$B:$M,7,0) -> 1400/1190 | AB93: -15/-10 | AC93: =VLOOKUP($B93,'Trình bày T4'!$B:$M,9,0) -> 1116.7547 | AD93: -238/-443 | AE93: -26%/-64% | AF93: =VLOOKUP($B93,'Trình bày T4'!$B:$M,12,0) -> 0
A94: =+A93+1 -> 9 | B94: 110000470 | C94: Hạt Nhựa rPP20L04 | D94: Dương | E94: =VLOOKUP($B94,'Trình bày T1'!$B:$M,6,0) -> 915/705 | F94: =VLOOKUP($B94,'Trình bày T1'!$B:$M,7,0) -> 900/695 | G94: -15/-10 | H94: =VLOOKUP($B94,'Trình bày T1'!$B:$M,9,0) -> 865.61538 | I94: 34/-171 | J94: 4%/-25% | K94: =VLOOKUP($B94,'Trình bày T1'!$B:$M,12,0) -> 820/660 | L94: =VLOOKUP($B94,'Trình bày T2'!$B:$M,6,0) -> 900/695 | M94: =VLOOKUP($B94,'Trình bày T2'!$B:$M,7,0) -> 900/695 | N94: -15/-10 | O94: =VLOOKUP($B94,'Trình bày T2'!$B:$M,9,0) -> 849.28302 | P94: 34/-171 | Q94: 4%/-25% | R94: =VLOOKUP($B94,'Trình bày T2'!$B:$M,12,0) -> 0 | S94: =VLOOKUP($B94,'Trình bày T3'!$B:$M,6,0) -> 900/695 | T94: =VLOOKUP($B94,'Trình bày T3'!$B:$M,7,0) -> 935/720 | U94: -15/-10 | V94: =VLOOKUP($B94,'Trình bày T3'!$B:$M,9,0) -> 849.28302 | W94: 34/-171 | X94: 4%/-25% | Y94: =VLOOKUP($B94,'Trình bày T3'!$B:$M,12,0) -> 0 | Z94: =VLOOKUP($B94,'Trình bày T4'!$B:$M,6,0) -> 935/720 | AA94: =VLOOKUP($B94,'Trình bày T4'!$B:$M,7,0) -> 1400/1190 | AB94: -15/-10 | AC94: =VLOOKUP($B94,'Trình bày T4'!$B:$M,9,0) -> 849.28302 | AD94: 34/-171 | AE94: 4%/-25% | AF94: =VLOOKUP($B94,'Trình bày T4'!$B:$M,12,0) -> 0
A95: II | B95: MÃ HÀNG BÁN CHẬM
A96: 1 | B96: 110000367 | C96: Hạt nhựa rPP15R01 | D96: Đỏ | E96: =VLOOKUP($B96,'Trình bày T1'!$B:$M,6,0) -> 915/705 | F96: =VLOOKUP($B97,'Trình bày T1'!$B:$M,7,0) -> 900/695 | G96: -15/-10 | H96: =VLOOKUP($B99,'Trình bày T1'!$B:$M,9,0) -> 974.80769 | I96: 54/-151 | J96: 6%/-22% | K96: =VLOOKUP($B912,'Trình bày T1'!$B:$M,12,0) -> #N/A | L96: =VLOOKUP($B96,'Trình bày T2'!$B:$M,6,0) -> 900/695 | M96: =VLOOKUP($B97,'Trình bày T2'!$B:$M,7,0) -> 900/695 | N96: -15/-10 | O96: =VLOOKUP($B99,'Trình bày T2'!$B:$M,9,0) -> 956.41509 | P96: 54/-151 | Q96: 6%/-22% | R96: =VLOOKUP($B912,'Trình bày T2'!$B:$M,12,0) -> #N/A | S96: =VLOOKUP($B96,'Trình bày T3'!$B:$M,6,0) -> 900/695 | T96: =VLOOKUP($B97,'Trình bày T3'!$B:$M,7,0) -> 935/720 | U96: -15/-10 | V96: =VLOOKUP($B99,'Trình bày T3'!$B:$M,9,0) -> 950.9434 | W96: 54/-151 | X96: 6%/-22% | Y96: =VLOOKUP($B912,'Trình bày T3'!$B:$M,12,0) -> #N/A | Z96: =VLOOKUP($B96,'Trình bày T4'!$B:$M,6,0) -> 935/720 | AA96: =VLOOKUP($B97,'Trình bày T4'!$B:$M,7,0) -> 1400/1190 | AB96: -15/-10 | AC96: =VLOOKUP($B99,'Trình bày T4'!$B:$M,9,0) -> 950.9434 | AD96: 54/-151 | AE96: 6%/-22% | AF96: =VLOOKUP($B912,'Trình bày T4'!$B:$M,12,0) -> #N/A
A97: =+A96+1 -> 2 | B97: 110000369 | C97: Hạt nhựa rPP25W01 | D97: Trắng | E97: =VLOOKUP($B97,'Trình bày T1'!$B:$M,6,0) -> 915/705 | F97: =VLOOKUP($B97,'Trình bày T1'!$B:$M,7,0) -> 900/695 | G97: -15/-10 | H97: =VLOOKUP($B99,'Trình bày T1'!$B:$M,9,0) -> 974.80769 | I97: 212/7 | J97: 24%/1% | K97: =VLOOKUP($B912,'Trình bày T1'!$B:$M,12,0) -> #N/A | L97: =VLOOKUP($B97,'Trình bày T2'!$B:$M,6,0) -> 900/695 | M97: =VLOOKUP($B97,'Trình bày T2'!$B:$M,7,0) -> 900/695 | N97: -15/-10 | O97: =VLOOKUP($B99,'Trình bày T2'!$B:$M,9,0) -> 956.41509 | P97: 212/7 | Q97: 24%/1% | R97: =VLOOKUP($B912,'Trình bày T2'!$B:$M,12,0) -> #N/A | S97: =VLOOKUP($B97,'Trình bày T3'!$B:$M,6,0) -> 900/695 | T97: =VLOOKUP($B97,'Trình bày T3'!$B:$M,7,0) -> 935/720 | U97: -15/-10 | V97: =VLOOKUP($B99,'Trình bày T3'!$B:$M,9,0) -> 950.9434 | W97: 212/7 | X97: 24%/1% | Y97: =VLOOKUP($B912,'Trình bày T3'!$B:$M,12,0) -> #N/A | Z97: =VLOOKUP($B97,'Trình bày T4'!$B:$M,6,0) -> 935/720 | AA97: =VLOOKUP($B97,'Trình bày T4'!$B:$M,7,0) -> 1400/1190 | AB97: -15/-10 | AC97: =VLOOKUP($B99,'Trình bày T4'!$B:$M,9,0) -> 950.9434 | AD97: 212/7 | AE97: 24%/1% | AF97: =VLOOKUP($B912,'Trình bày T4'!$B:$M,12,0) -> #N/A
A98: =+A97+1 -> 3 | B98: 110000370 | C98: Hạt nhựa rPP15Gy01 | D98: Xám | E98: =VLOOKUP($B98,'Trình bày T1'!$B:$M,6,0) -> 915/705 | F98: =VLOOKUP($B98,'Trình bày T1'!$B:$M,7,0) -> 900/695 | G98: -15/-10 | H98: =VLOOKUP($B98,'Trình bày T1'!$B:$M,9,0) -> 971.88462 | I98: -72/-277 | J98: -8%/-40% | K98: =VLOOKUP($B98,'Trình bày T1'!$B:$M,12,0) -> 820/660 | L98: =VLOOKUP($B98,'Trình bày T2'!$B:$M,6,0) -> 900/695 | M98: =VLOOKUP($B98,'Trình bày T2'!$B:$M,7,0) -> 900/695 | N98: -15/-10 | O98: =VLOOKUP($B98,'Trình bày T2'!$B:$M,9,0) -> 953.54717 | P98: -72/-277 | Q98: -8%/-40% | R98: =VLOOKUP($B98,'Trình bày T2'!$B:$M,12,0) -> 0 | S98: =VLOOKUP($B98,'Trình bày T3'!$B:$M,6,0) -> #N/A | T98: =VLOOKUP($B98,'Trình bày T3'!$B:$M,7,0) -> #N/A | U98: -15/-10 | V98: =VLOOKUP($B98,'Trình bày T3'!$B:$M,9,0) -> #N/A | W98: -72/-277 | X98: -8%/-40% | Y98: =VLOOKUP($B98,'Trình bày T3'!$B:$M,12,0) -> #N/A | Z98: =VLOOKUP($B98,'Trình bày T4'!$B:$M,6,0) -> 935/720 | AA98: =VLOOKUP($B98,'Trình bày T4'!$B:$M,7,0) -> 1400/1190 | AB98: -15/-10 | AC98: =VLOOKUP($B98,'Trình bày T4'!$B:$M,9,0) -> 0 | AD98: -72/-277 | AE98: -8%/-40% | AF98: =VLOOKUP($B98,'Trình bày T4'!$B:$M,12,0) -> 0
A99: =+A98+1 -> 4 | B99: 110000388 | C99: Hạt nhựa rPP20R01 | D99: Đỏ | E99: =VLOOKUP($B99,'Trình bày T1'!$B:$M,6,0) -> 915/705 | F99: =VLOOKUP($B99,'Trình bày T1'!$B:$M,7,0) -> 900/695 | G99: -15/-10 | H99: =VLOOKUP($B99,'Trình bày T1'!$B:$M,9,0) -> 974.80769 | I99: -75/-280 | J99: -8%/-40% | K99: =VLOOKUP($B912,'Trình bày T1'!$B:$M,12,0) -> #N/A | L99: =VLOOKUP($B99,'Trình bày T2'!$B:$M,6,0) -> 900/695 | M99: =VLOOKUP($B99,'Trình bày T2'!$B:$M,7,0) -> 900/695 | N99: -15/-10 | O99: =VLOOKUP($B99,'Trình bày T2'!$B:$M,9,0) -> 956.41509 | P99: -75/-280 | Q99: -8%/-40% | R99: =VLOOKUP($B912,'Trình bày T2'!$B:$M,12,0) -> #N/A | S99: =VLOOKUP($B99,'Trình bày T3'!$B:$M,6,0) -> 900/695 | T99: =VLOOKUP($B99,'Trình bày T3'!$B:$M,7,0) -> 935/720 | U99: -15/-10 | V99: =VLOOKUP($B99,'Trình bày T3'!$B:$M,9,0) -> 950.9434 | W99: -75/-280 | X99: -8%/-40% | Y99: =VLOOKUP($B912,'Trình bày T3'!$B:$M,12,0) -> #N/A | Z99: =VLOOKUP($B99,'Trình bày T4'!$B:$M,6,0) -> 935/720 | AA99: =VLOOKUP($B99,'Trình bày T4'!$B:$M,7,0) -> 1400/1190 | AB99: -15/-10 | AC99: =VLOOKUP($B99,'Trình bày T4'!$B:$M,9,0) -> 950.9434 | AD99: -75/-280 | AE99: -8%/-40% | AF99: =VLOOKUP($B912,'Trình bày T4'!$B:$M,12,0) -> #N/A
A100: =+A99+1 -> 5 | B100: 110000390 | C100: Hạt nhựa rPP20L01 | D100: Dương | E100: =VLOOKUP($B100,'Trình bày T1'!$B:$M,6,0) -> 915/705 | F100: =VLOOKUP($B100,'Trình bày T1'!$B:$M,7,0) -> 900/695 | G100: -15/-10 | H100: =VLOOKUP($B100,'Trình bày T1'!$B:$M,9,0) -> 903.96154 | I100: -4/-209 | J100: 0%/-30% | K100: =VLOOKUP($B100,'Trình bày T1'!$B:$M,12,0) -> 820/660 | L100: =VLOOKUP($B100,'Trình bày T2'!$B:$M,6,0) -> 900/695 | M100: =VLOOKUP($B100,'Trình bày T2'!$B:$M,7,0) -> 900/695 | N100: -15/-10 | O100: =VLOOKUP($B100,'Trình bày T2'!$B:$M,9,0) -> 886.90566 | P100: -4/-209 | Q100: 0%/-30% | R100: =VLOOKUP($B100,'Trình bày T2'!$B:$M,12,0) -> 0 | S100: =VLOOKUP($B100,'Trình bày T3'!$B:$M,6,0) -> #N/A | T100: =VLOOKUP($B100,'Trình bày T3'!$B:$M,7,0) -> #N/A | U100: -15/-10 | V100: =VLOOKUP($B100,'Trình bày T3'!$B:$M,9,0) -> #N/A | W100: -4/-209 | X100: 0%/-30% | Y100: =VLOOKUP($B100,'Trình bày T3'!$B:$M,12,0) -> #N/A | Z100: =VLOOKUP($B100,'Trình bày T4'!$B:$M,6,0) -> 935/720 | AA100: =VLOOKUP($B100,'Trình bày T4'!$B:$M,7,0) -> 1400/1190 | AB100: -15/-10 | AC100: =VLOOKUP($B100,'Trình bày T4'!$B:$M,9,0) -> 0 | AD100: -4/-209 | AE100: 0%/-30% | AF100: =VLOOKUP($B100,'Trình bày T4'!$B:$M,12,0) -> 0
A101: =+A100+1 -> 6 | B101: 110000391 | C101: Hạt nhựa rPP20L02 | D101: Dương | E101: =VLOOKUP($B101,'Trình bày T1'!$B:$M,6,0) -> 915/705 | F101: =VLOOKUP($B101,'Trình bày T1'!$B:$M,7,0) -> 900/695 | G101: -15/-10 | H101: =VLOOKUP($B101,'Trình bày T1'!$B:$M,9,0) -> 790.76923 | I101: 109/-96 | J101: 12%/-14% | K101: =VLOOKUP($B101,'Trình bày T1'!$B:$M,12,0) -> 820/660 | L101: =VLOOKUP($B101,'Trình bày T2'!$B:$M,6,0) -> 900/695 | M101: =VLOOKUP($B101,'Trình bày T2'!$B:$M,7,0) -> 900/695 | N101: -15/-10 | O101: =VLOOKUP($B101,'Trình bày T2'!$B:$M,9,0) -> 775.84906 | P101: 109/-96 | Q101: 12%/-14% | R101: =VLOOKUP($B101,'Trình bày T2'!$B:$M,12,0) -> 0 | S101: =VLOOKUP($B101,'Trình bày T3'!$B:$M,6,0) -> #N/A | T101: =VLOOKUP($B101,'Trình bày T3'!$B:$M,7,0) -> #N/A | U101: -15/-10 | V101: =VLOOKUP($B101,'Trình bày T3'!$B:$M,9,0) -> #N/A | W101: 109/-96 | X101: 12%/-14% | Y101: =VLOOKUP($B101,'Trình bày T3'!$B:$M,12,0) -> #N/A | Z101: =VLOOKUP($B101,'Trình bày T4'!$B:$M,6,0) -> 935/720 | AA101: =VLOOKUP($B101,'Trình bày T4'!$B:$M,7,0) -> 1400/1190 | AB101: -15/-10 | AC101: =VLOOKUP($B101,'Trình bày T4'!$B:$M,9,0) -> 0 | AD101: 109/-96 | AE101: 12%/-14% | AF101: =VLOOKUP($B101,'Trình bày T4'!$B:$M,12,0) -> 0
A102: =+A101+1 -> 7 | B102: 110000393 | C102: Hạt nhựa rPP20Be01 | D102: Be | E102: =VLOOKUP($B102,'Trình bày T1'!$B:$M,6,0) -> 915/705 | F102: =VLOOKUP($B102,'Trình bày T1'!$B:$M,7,0) -> 900/695 | G102: -15/-10 | H102: =VLOOKUP($B102,'Trình bày T1'!$B:$M,9,0) -> 847 | I102: 53/-152 | J102: 6%/-22% | K102: =VLOOKUP($B102,'Trình bày T1'!$B:$M,12,0) -> 820/660 | L102: =VLOOKUP($B102,'Trình bày T2'!$B:$M,6,0) -> 900/695 | M102: =VLOOKUP($B102,'Trình bày T2'!$B:$M,7,0) -> 900/695 | N102: -15/-10 | O102: =VLOOKUP($B102,'Trình bày T2'!$B:$M,9,0) -> 831.01887 | P102: 53/-152 | Q102: 6%/-22% | R102: =VLOOKUP($B102,'Trình bày T2'!$B:$M,12,0) -> 0 | S102: =VLOOKUP($B102,'Trình bày T3'!$B:$M,6,0) -> 900/695 | T102: =VLOOKUP($B102,'Trình bày T3'!$B:$M,7,0) -> 935/720 | U102: -15/-10 | V102: =VLOOKUP($B102,'Trình bày T3'!$B:$M,9,0) -> 831.01887 | W102: 53/-152 | X102: 6%/-22% | Y102: =VLOOKUP($B102,'Trình bày T3'!$B:$M,12,0) -> 0 | Z102: =VLOOKUP($B102,'Trình bày T4'!$B:$M,6,0) -> 935/720 | AA102: =VLOOKUP($B102,'Trình bày T4'!$B:$M,7,0) -> 1400/1190 | AB102: -15/-10 | AC102: =VLOOKUP($B102,'Trình bày T4'!$B:$M,9,0) -> 831.01887 | AD102: 53/-152 | AE102: 6%/-22% | AF102: =VLOOKUP($B102,'Trình bày T4'!$B:$M,12,0) -> 0
A103: =+A102+1 -> 8 | B103: 110000441 | C103: Hạt Nhựa PP Thử Nghiệm | E103: =VLOOKUP($B103,'Trình bày T1'!$B:$M,6,0) -> 0 | F103: =VLOOKUP($B103,'Trình bày T1'!$B:$M,7,0) -> 0 | H103: =VLOOKUP($B103,'Trình bày T1'!$B:$M,9,0) -> 0 | K103: =VLOOKUP($B103,'Trình bày T1'!$B:$M,12,0) -> 0 | L103: =VLOOKUP($B103,'Trình bày T2'!$B:$M,6,0) -> 0 | M103: =VLOOKUP($B103,'Trình bày T2'!$B:$M,7,0) -> 0 | O103: =VLOOKUP($B103,'Trình bày T2'!$B:$M,9,0) -> 0 | R103: =VLOOKUP($B103,'Trình bày T2'!$B:$M,12,0) -> 0 | S103: =VLOOKUP($B103,'Trình bày T3'!$B:$M,6,0) -> 0 | T103: =VLOOKUP($B103,'Trình bày T3'!$B:$M,7,0) -> 0 | V103: =VLOOKUP($B103,'Trình bày T3'!$B:$M,9,0) -> 0 | Y103: =VLOOKUP($B103,'Trình bày T3'!$B:$M,12,0) -> 0 | Z103: =VLOOKUP($B103,'Trình bày T4'!$B:$M,6,0) -> 0 | AA103: =VLOOKUP($B103,'Trình bày T4'!$B:$M,7,0) -> 0 | AC103: =VLOOKUP($B103,'Trình bày T4'!$B:$M,9,0) -> 0 | AF103: =VLOOKUP($B103,'Trình bày T4'!$B:$M,12,0) -> 0
...

Sheet Trình bày T1
B1: DANH MỤC THÀNH PHẨM
A4: STT | B4: Mã SAP | C4: Tên hàng hóa | D4: Màu | E4: Tồn kho 17/12/2025 (kg) | F4: Số lượng bán BQ 2025 (kg/ tháng) | G4: Giá duyệt T12 (USD/ tấn) | H4: Giá bán đề nghị T1 (USD/ tấn) | I4: CL T12 sv T1 (USD/ tấn) | J4: Giá vốn | K4: Lợi nhuận trước thuế | L4: % lợi nhuận sau thuế | M4: Giá đề nghị của kinh doanh | N4: Ghi chú | O4: Sử dụng phó sản
A5: A | B5: rPET
A6: I | B6: MÃ HÀNG ĐANG BÁN
A7: 1 | B7: 110000354 | C7: Hạt nhựa rPET WSS01G 1 | E7: =SUMIFS('[1]tồn TP 17.12'!H:H,'[1]tồn TP 17.12'!A:A,'[1]Trình bày'!B7) -> 1781047.8 | F7: =IFERROR(_xlfn.XLOOKUP(B7,'[1]tồn TP 17.12'!A:A,'[1]tồn TP 17.12'!L:L),0) -> 1667665.9 | G7: 1200 | H7: =1220-10-10 -> 1200 | I7: =H7-G7 -> 0 | J7: 1096.8837 | K7: =(H7-J7) -> 103.11632 | L7: =+K7/H7 -> 0.085930267 | M7: 1180
A8: =+A7+1 -> 2 | B8: 110000355 | C8: Hạt nhựa rPET iSS01G 1 | E8: =SUMIFS('[1]tồn TP 17.12'!H:H,'[1]tồn TP 17.12'!A:A,'[1]Trình bày'!B8) -> 284108.7 | F8: =IFERROR(_xlfn.XLOOKUP(B8,'[1]tồn TP 17.12'!A:A,'[1]tồn TP 17.12'!L:L),0) -> 967139.62 | G8: 1230 | H8: =+H7+30 -> 1230 | I8: =H8-G8 -> 0 | J8: =+J7 -> 1096.8837 | K8: =(H8-J8) -> 133.11632 | L8: =+K8/H8 -> 0.10822465 | M8: =+M7+30 -> 1210
A9: =+A8+1 -> 3 | B9: 110000332 | C9: Hạt nhựa rPET iSS01084G | E9: =SUMIFS('[1]tồn TP 17.12'!H:H,'[1]tồn TP 17.12'!A:A,'[1]Trình bày'!B9) -> 1197408.5 | F9: =IFERROR(_xlfn.XLOOKUP(B9,'[1]tồn TP 17.12'!A:A,'[1]tồn TP 17.12'!L:L),0) -> 496599.45 | G9: 1290 | H9: =H7+90 -> 1290 | I9: =H9-G9 -> 0 | J9: 1157.9867 | K9: =(H9-J9) -> 132.0133 | L9: =+K9/H9 -> 0.10233589 | M9: =M7+90 -> 1270
A10: =+A9+1 -> 4 | B10: 110000359 | C10: Hạt nhựa rPET WSS03G | E10: =SUMIFS('[1]tồn TP 17.12'!H:H,'[1]tồn TP 17.12'!A:A,'[1]Trình bày'!B10) -> 1614071.7 | F10: =IFERROR(_xlfn.XLOOKUP(B10,'[1]tồn TP 17.12'!A:A,'[1]tồn TP 17.12'!L:L),0) -> 172277.27 | G10: 1130 | H10: =+H7-70 -> 1130 | I10: =H10-G10 -> 0 | J10: =+J8 -> 1096.8837 | K10: =(H10-J10) -> 33.116321 | L10: =+K10/H10 -> 0.029306478 | M10: =+M7-70 -> 1110
A11: =+A10+1 -> 5 | B11: 110000329 | C11: Hạt nhựa rPET WSS01 | E11: =SUMIFS('[1]tồn TP 17.12'!H:H,'[1]tồn TP 17.12'!A:A,'[1]Trình bày'!B11) -> 480417.3 | F11: =IFERROR(_xlfn.XLOOKUP(B11,'[1]tồn TP 17.12'!A:A,'[1]tồn TP 17.12'!L:L),0) -> 16300 | G11: 1320 | H11: 1320 | I11: =H11-G11 -> 0 | J11: 1182.4815 | K11: =(H11-J11) -> 137.51854 | L11: =+K11/H11 -> 0.10418072 | M11: 1320 | N11: Bán cho Lavie
A12: =+A11+1 -> 6 | B12: 110000497 | C12: Hạt Nhựa rPET WSS01G-L | E12: =SUMIFS('[1]tồn TP 17.12'!H:H,'[1]tồn TP 17.12'!A:A,'[1]Trình bày'!B12) -> 5500 | F12: =IFERROR(_xlfn.XLOOKUP(B12,'[1]tồn TP 17.12'!A:A,'[1]tồn TP 17.12'!L:L),0) -> 250 | G12: 1440 | H12: 1440 | I12: =H12-G12 -> 0 | J12: 1235.0716 | K12: =(H12-J12) -> 204.92844 | L12: =+K12/H12 -> 0.14231141 | M12: 1440 | N12: Bán cho Lavie
A13: =+A12+1 -> 7 | B13: 110000499 | C13: Hạt Nhựa rPET WSS01L | E13: =SUMIFS('[1]tồn TP 17.12'!H:H,'[1]tồn TP 17.12'!A:A,'[1]Trình bày'!B13) -> 34080 | F13: =IFERROR(_xlfn.XLOOKUP(B13,'[1]tồn TP 17.12'!A:A,'[1]tồn TP 17.12'!L:L),0) -> 100 | G13: 1200 | H13: =H7 -> 1200 | I13: =H13-G13 -> 0 | J13: 1015.2046 | K13: =(H13-J13) -> 184.79538 | L13: =+K13/H13 -> 0.15399615 | M13: =M7 -> 1180
A14: =+A13+1 -> 8 | B14: 110000503 | C14: Hạt Nhựa rPET WSS01S | E14: =SUMIFS('[1]tồn TP 17.12'!H:H,'[1]tồn TP 17.12'!A:A,'[1]Trình bày'!B14) -> 499.5 | F14: =IFERROR(_xlfn.XLOOKUP(B14,'[1]tồn TP 17.12'!A:A,'[1]tồn TP 17.12'!L:L),0) -> 1954.5455 | G14: 1200 | H14: =H7 -> 1200 | I14: =H14-G14 -> 0 | J14: 1025.9231 | K14: =(H14-J14) -> 174.07692 | L14: =+K14/H14 -> 0.1450641 | M14: =M7 -> 1180 | O14: Giá tồn kho
A15: =+A14+1 -> 9 | B15: 110000506 | C15: Hạt Nhựa rPET WSS01 & WSS01G-L | E15: =SUMIFS('[1]tồn TP 17.12'!H:H,'[1]tồn TP 17.12'!A:A,'[1]Trình bày'!B15) -> 2154 | F15: =IFERROR(_xlfn.XLOOKUP(B15,'[1]tồn TP 17.12'!A:A,'[1]tồn TP 17.12'!L:L),0) -> 78100 | G15: 1410 | H15: =+(H11+H12)/2+30 -> 1410 | I15: =H15-G15 -> 0 | J15: =+J11*50%+J12*50% -> 1208.7765 | K15: =(H15-J15) -> 201.22349 | L15: =+K15/H15 -> 0.1427117 | M15: =+(M11+M12)/2+30 -> 1410 | N15: Bán cho Lavie
A16: =+A15+1 -> 10 | B16: 110000483 | C16: Hạt Nhựa rPET iSS01G-S | E16: =SUMIFS('[1]tồn TP 17.12'!H:H,'[1]tồn TP 17.12'!A:A,'[1]Trình bày'!B16) -> 74205.5 | F16: =IFERROR(_xlfn.XLOOKUP(B16,'[1]tồn TP 17.12'!A:A,'[1]tồn TP 17.12'!L:L),0) -> 353.63636 | G16: 1230 | H16: =H8 -> 1230 | I16: =H16-G16 -> 0 | J16: 1138.6538 | K16: =(H16-J16) -> 91.346154 | L16: =+K16/H16 -> 0.074265166 | M16: =M8 -> 1210 | N16: Sản phẩm mới | O16: Giá tồn kho
A17: II | B17: MÃ HÀNG BÁN CHẬM
A18: 1 | B18: 110000378 | C18: Hạt nhựa rPET iSS01G 2 | E18: =SUMIFS('[1]tồn TP 17.12'!H:H,'[1]tồn TP 17.12'!A:A,'[1]Trình bày'!B18) -> 1649997 | F18: =IFERROR(_xlfn.XLOOKUP(B18,'[1]tồn TP 17.12'!A:A,'[1]tồn TP 17.12'!L:L),0) -> 0 | G18: 1230 | H18: =+H7+30 -> 1230 | I18: =H18-G18 -> 0 | J18: =+J7 -> 1096.8837 | K18: =(H18-J18) -> 133.11632 | L18: =+K18/H18 -> 0.10822465 | M18: =+M7+30 -> 1210 | N18: Chuyển thành mã iSS01G 1 để bán
A19: =+A18+1 -> 2 | B19: 110000377 | C19: Hạt nhựa rPET WSS01G 2 | E19: =SUMIFS('[1]tồn TP 17.12'!H:H,'[1]tồn TP 17.12'!A:A,'[1]Trình bày'!B19) -> 307999.5 | F19: =IFERROR(_xlfn.XLOOKUP(B19,'[1]tồn TP 17.12'!A:A,'[1]tồn TP 17.12'!L:L),0) -> 0 | G19: 1200 | H19: =H7 -> 1200 | I19: =H19-G19 -> 0 | J19: =+J8 -> 1096.8837 | K19: =(H19-J19) -> 103.11632 | L19: =+K19/H19 -> 0.085930267 | M19: =M7 -> 1180 | N19: Chuyển thành mã wSS01G 1 để bán
A20: =+A19+1 -> 3 | B20: 110000383 | C20: Hạt Nhựa rPET iSS84G-P | E20: =SUMIFS('[1]tồn TP 17.12'!H:H,'[1]tồn TP 17.12'!A:A,'[1]Trình bày'!B20) -> 52800 | F20: =IFERROR(_xlfn.XLOOKUP(B20,'[1]tồn TP 17.12'!A:A,'[1]tồn TP 17.12'!L:L),0) -> 0 | I20: =H20-G20 -> 0 | J20: 1130.6154 | N20: Không báo giá (SP SX bán cho Amcor) | O20: Giá tồn kho
A21: =+A20+1 -> 4 | B21: 110000335 | C21: Hạt nhựa rPET WSS04 | E21: =SUMIFS('[1]tồn TP 17.12'!H:H,'[1]tồn TP 17.12'!A:A,'[1]Trình bày'!B21) -> 4420.7 | F21: =IFERROR(_xlfn.XLOOKUP(B21,'[1]tồn TP 17.12'!A:A,'[1]tồn TP 17.12'!L:L),0) -> 8800 | I21: =H21-G21 -> 0 | J21: 1045.1154 | N21: Không báo giá (hàng chờ xử lý) | O21: Giá tồn kho
A22: =+A21+1 -> 5 | B22: 110000358 | C22: Hạt nhựa rPET WSS02G | E22: =SUMIFS('[1]tồn TP 17.12'!H:H,'[1]tồn TP 17.12'!A:A,'[1]Trình bày'!B22) -> 0 | F22: =IFERROR(_xlfn.XLOOKUP(B22,'[1]tồn TP 17.12'!A:A,'[1]tồn TP 17.12'!L:L),0) -> 0 | I22: =H22-G22 -> 0 | N22: Không báo giá (hàng chờ xử lý)
A23: =+A22+1 -> 6 | B23: 110000468 | C23: Hạt Nhựa rPET iSS80G-P | E23: =SUMIFS('[1]tồn TP 17.12'!H:H,'[1]tồn TP 17.12'!A:A,'[1]Trình bày'!B23) -> 74800 | F23: =IFERROR(_xlfn.XLOOKUP(B23,'[1]tồn TP 17.12'!A:A,'[1]tồn TP 17.12'!L:L),0) -> 0 | I23: =H23-G23 -> 0 | J23: 1056.2692 | N23: Không báo giá (SP SX bán cho Amcor) | O23: Giá tồn kho
A24: =+A23+1 -> 7 | B24: 110000333 | C24: Hạt nhựa rPET WSS03 | E24: =SUMIFS('[1]tồn TP 17.12'!H:H,'[1]tồn TP 17.12'!A:A,'[1]Trình bày'!B24) -> 2269 | F24: =IFERROR(_xlfn.XLOOKUP(B24,'[1]tồn TP 17.12'!A:A,'[1]tồn TP 17.12'!L:L),0) -> 0 | I24: =H24-G24 -> 0 | J24: 937.65385 | N24: Không báo giá (hàng chờ xử lý) | O24: Giá tồn kho
A25: =+A24+1 -> 8 | B25: 110000376 | C25: Hạt nhựa rPET iSS01L | E25: =SUMIFS('[1]tồn TP 17.12'!H:H,'[1]tồn TP 17.12'!A:A,'[1]Trình bày'!B25) -> 1900 | F25: =IFERROR(_xlfn.XLOOKUP(B25,'[1]tồn TP 17.12'!A:A,'[1]tồn TP 17.12'!L:L),0) -> 27.272727 | I25: =H25-G25 -> 0 | J25: 1198.8846 | N25: Không báo giá (hàng chờ xử lý) | O25: Giá tồn kho
A26: =+A25+1 -> 9 | B26: 110000331 | C26: Hạt nhựa rPET WSS02 | E26: =SUMIFS('[1]tồn TP 17.12'!H:H,'[1]tồn TP 17.12'!A:A,'[1]Trình bày'!B26) -> 0 | F26: =IFERROR(_xlfn.XLOOKUP(B26,'[1]tồn TP 17.12'!A:A,'[1]tồn TP 17.12'!L:L),0) -> 0 | I26: =H26-G26 -> 0 | N26: Không báo giá (hàng chờ xử lý)
A27: =+A26+1 -> 10 | B27: 110000330 | C27: Hạt nhựa rPET iSS01 | E27: =SUMIFS('[1]tồn TP 17.12'!H:H,'[1]tồn TP 17.12'!A:A,'[1]Trình bày'!B27) -> 0 | F27: =IFERROR(_xlfn.XLOOKUP(B27,'[1]tồn TP 17.12'!A:A,'[1]tồn TP 17.12'!L:L),0) -> 0 | I27: =H27-G27 -> 0 | N27: Không báo giá (hàng chờ xử lý)
A28: =+A27+1 -> 11 | B28: 110000475 | C28: Hạt nhựa rPET WSS03G FRH | E28: =SUMIFS('[1]tồn TP 17.12'!H:H,'[1]tồn TP 17.12'!A:A,'[1]Trình bày'!B28) -> 0 | F28: =IFERROR(_xlfn.XLOOKUP(B28,'[1]tồn TP 17.12'!A:A,'[1]tồn TP 17.12'!L:L),0) -> 0 | I28: =H28-G28 -> 0 | N28: Không báo giá (hàng chờ xử lý)
A29: III | B29: MÃ HÀNG SẢN XUẤT TỪ PHÓ SẢN NGÀNH PET
A30: 1 | B30: 110000466 | C30: Hạt Nhựa rPET WSS05SB-2 | E30: =SUMIFS('[1]tồn TP 17.12'!H:H,'[1]tồn TP 17.12'!A:A,'[1]Trình bày'!B30) -> 17363.2 | F30: =IFERROR(_xlfn.XLOOKUP(B30,'[1]tồn TP 17.12'!A:A,'[1]tồn TP 17.12'!L:L),0) -> 40613.636 | G30: 810 | H30: =G30 -> 810 | I30: =H30-G30 -> 0 | J30: 931.34534 | K30: =(H30-J30) -> -121.34534 | L30: =+K30/H30 -> -0.14980906 | M30: 800 | O30: 82% Vảy B6.2_A3 và 18% vảy B7_A3
A31: =A30+1 -> 2 | B31: 110000436 | C31: Hạt nhựa rPET WSS05SB | E31: =SUMIFS('[1]tồn TP 17.12'!H:H,'[1]tồn TP 17.12'!A:A,'[1]Trình bày'!B31) -> 629780.7 | F31: =IFERROR(_xlfn.XLOOKUP(B31,'[1]tồn TP 17.12'!A:A,'[1]tồn TP 17.12'!L:L),0) -> 97670.455 | G31: 760 | H31: =G31 -> 760 | I31: =H31-G31 -> 0 | J31: 957.10022 | K31: =(H31-J31) -> -197.10022 | L31: =+K31/H31 -> -0.25934239 | M31: 750 | O31: 100% Vảy B6.2_A3 và 90% B6.2_A3, 10% Bụi tank C,D sau vắt
A32: 2 | B32: 110000382 | C32: Hạt nhựa rPET WSS04SB | E32: =SUMIFS('[1]tồn TP 17.12'!H:H,'[1]tồn TP 17.12'!A:A,'[1]Trình bày'!B32) -> 1850 | F32: =IFERROR(_xlfn.XLOOKUP(B32,'[1]tồn TP 17.12'!A:A,'[1]tồn TP 17.12'!L:L),0) -> 90.909091 | G32: 1070 | H32: =G32 -> 1070 | I32: =H32-G32 -> 0 | J32: 582.96769 | K32: =(H32-J32) -> 487.03231 | L32: =+K32/H32 -> 0.45517038 | O32: 100% vảy PET B1_A3
A33: =A32+1 -> 3 | B33: 110000384 | C33: Hạt Nhựa Xơ Sợi Thử Nghiệm | E33: =SUMIFS('[1]tồn TP 17.12'!H:H,'[1]tồn TP 17.12'!A:A,'[1]Trình bày'!B33) -> 185278.5 | F33: =IFERROR(_xlfn.XLOOKUP(B33,'[1]tồn TP 17.12'!A:A,'[1]tồn TP 17.12'!L:L),0) -> 0 | I33: =H33-G33 -> 0 | O33: Không đạt WSS04SB, WSS04SB, WSS04SD rớt xuống mã xơ sợi thử nghiệm
A34: 3 | B34: 110000381 | C34: Hạt nhựa rPET WSS04SD | E34: =SUMIFS('[1]tồn TP 17.12'!H:H,'[1]tồn TP 17.12'!A:A,'[1]Trình bày'!B34) -> 52855.8 | F34: =IFERROR(_xlfn.XLOOKUP(B34,'[1]tồn TP 17.12'!A:A,'[1]tồn TP 17.12'!L:L),0) -> 2.2727273 | G34: 1070 | H34: =G34 -> 1070 | I34: =H34-G34 -> 0 | J34: 646.08292 | K34: =(H34-J34) -> 423.91708 | L34: =+K34/H34 -> 0.39618418 | O34: Tomra_A1/ Zigzag_A1
A35: =A34+1 -> 4 | B35: 110000387 | C35: Hạt nhựa rPET WSS03SD | E35: =SUMIFS('[1]tồn TP 17.12'!H:H,'[1]tồn TP 17.12'!A:A,'[1]Trình bày'!B35) -> 15354.6 | F35: =IFERROR(_xlfn.XLOOKUP(B35,'[1]tồn TP 17.12'!A:A,'[1]tồn TP 17.12'!L:L),0) -> 2.2727273 | G35: 1070 | H35: =G35 -> 1070 | I35: =H35-G35 -> 0 | J35: 736.55619 | K35: =(H35-J35) -> 333.44381 | L35: =+K35/H35 -> 0.31162973 | O35: Tomra_A1/ Zigzag_A1
A36: 4 | B36: 110000464 | C36: Hạt Nhựa rPET WSS06SP-1 | E36: =SUMIFS('[1]tồn TP 17.12'!H:H,'[1]tồn TP 17.12'!A:A,'[1]Trình bày'!B36) -> 92423 | F36: =IFERROR(_xlfn.XLOOKUP(B36,'[1]tồn TP 17.12'!A:A,'[1]tồn TP 17.12'!L:L),0) -> 0 | G36: 610 | H36: =G36 -> 610 | I36: =H36-G36 -> 0 | J36: 657.90591 | K36: =(H36-J36) -> -47.905913 | L36: =+K36/H36 -> -0.078534284 | M36: 600 | O36: Chuyển từ hàng xơ sợi thử nghiệm qua
A37: =A36+1 -> 5 | B37: 110000430 | C37: Hạt Nhựa rPET Bán Thành Phẩm | E37: =SUMIFS('[1]tồn TP 17.12'!H:H,'[1]tồn TP 17.12'!A:A,'[1]Trình bày'!B37) -> 37399 | F37: =IFERROR(_xlfn.XLOOKUP(B37,'[1]tồn TP 17.12'!A:A,'[1]tồn TP 17.12'!L:L),0) -> 0 | O37: Phó sản PET tuyển nổi 2 + phó sản hạt cắt lỗi
A38: B | B38: rHDPE THỔI
A39: I | B39: MÃ HÀNG ĐANG BÁN
A40: 1 | B40: 110000339 | C40: Hạt Nhựa rHDPE MBF01 | D40: Trong | E40: =SUMIFS('[1]tồn TP 17.12'!H:H,'[1]tồn TP 17.12'!A:A,'[1]Trình bày'!B40) -> 493431.3 | F40: =IFERROR(_xlfn.XLOOKUP(B40,'[1]tồn TP 17.12'!A:A,'[1]tồn TP 17.12'!L:L),0) -> 110231.82 | I40: =H40-G40 -> 0 | N40: Theo giá U => ko đề xuất trong duyệt giá
A41: =+A40+1 -> 2 | B41: 110000426 | C41: Hạt Nhựa HCBF-Yel-U | D41: Vàng | E41: =SUMIFS('[1]tồn TP 17.12'!H:H,'[1]tồn TP 17.12'!A:A,'[1]Trình bày'!B41) -> 23776 | F41: =IFERROR(_xlfn.XLOOKUP(B41,'[1]tồn TP 17.12'!A:A,'[1]tồn TP 17.12'!L:L),0) -> 31625 | I41: =H41-G41 -> 0 | N41: Theo giá U => ko đề xuất trong duyệt giá
A42: =+A41+1 -> 3 | B42: 110000374 | C42: Hạt Nhựa rHDB03N02 | D42: Trong | E42: =SUMIFS('[1]tồn TP 17.12'!H:H,'[1]tồn TP 17.12'!A:A,'[1]Trình bày'!B42) -> 318748.4 | F42: =IFERROR(_xlfn.XLOOKUP(B42,'[1]tồn TP 17.12'!A:A,'[1]tồn TP 17.12'!L:L),0) -> 32027.273 | G42: 1200 | H42: 1200 | I42: =H42-G42 -> 0 | J42: 1111.3107 | K42: =(H42-J42) -> 88.689265 | L42: =+K42/H42 -> 0.07390772 | M42: 1150
A43: =+A42+1 -> 4 | B43: 110000443 | C43: Hạt Nhựa rHDA03N01 | D43: Trong | E43: =SUMIFS('[1]tồn TP 17.12'!H:H,'[1]tồn TP 17.12'!A:A,'[1]Trình bày'!B43) -> 1899 | F43: =IFERROR(_xlfn.XLOOKUP(B43,'[1]tồn TP 17.12'!A:A,'[1]tồn TP 17.12'!L:L),0) -> 18420.455 | G43: 1300 | H43: 1300 | I43: =H43-G43 -> 0 | J43: =+J42+22 -> 1133.3107 | K43: =(H43-J43) -> 166.68926 | L43: =+K43/H43 -> 0.12822251 | M43: 1250
A44: =+A43+1 -> 5 | B44: 110000481 | C44: Hạt Nhựa rHDPE PCF01 | D44: Trong | E44: =SUMIFS('[1]tồn TP 17.12'!H:H,'[1]tồn TP 17.12'!A:A,'[1]Trình bày'!B44) -> 422372.5 | F44: =IFERROR(_xlfn.XLOOKUP(B44,'[1]tồn TP 17.12'!A:A,'[1]tồn TP 17.12'!L:L),0) -> 19318.182 | I44: =H44-G44 -> 0 | N44: Theo giá U => ko đề xuất trong duyệt giá
A45: =+A44+1 -> 6 | B45: 110000425 | C45: Hạt Nhựa HCBF-Whi-U | D45: Trắng | E45: =SUMIFS('[1]tồn TP 17.12'!H:H,'[1]tồn TP 17.12'!A:A,'[1]Trình bày'!B45) -> 152734.5 | F45: =IFERROR(_xlfn.XLOOKUP(B45,'[1]tồn TP 17.12'!A:A,'[1]tồn TP 17.12'!L:L),0) -> 4627.2727 | I45: =H45-G45 -> 0 | N45: Theo giá U => ko đề xuất trong duyệt giá
A46: =+A45+1 -> 7 | B46: 110000495 | C46: Hạt Nhựa rHDA03W01 | D46: Trắng | E46: =SUMIFS('[1]tồn TP 17.12'!H:H,'[1]tồn TP 17.12'!A:A,'[1]Trình bày'!B46) -> 15882.5 | F46: =IFERROR(_xlfn.XLOOKUP(B46,'[1]tồn TP 17.12'!A:A,'[1]tồn TP 17.12'!L:L),0) -> 113.63636 | G46: 1250 | H46: 1250 | I46: =H46-G46 -> 0 | J46: 1125.5142 | K46: =(H46-J46) -> 124.48577 | L46: =+K46/H46 -> 0.099588613 | M46: 1200
A47: II | B47: MÃ HÀNG BÁN CHẬM
A48: =1 -> 1 | B48: 110000385 | C48: Hạt Nhựa rHDB05N01 | D48: Trong | E48: =SUMIFS('[1]tồn TP 17.12'!H:H,'[1]tồn TP 17.12'!A:A,'[1]Trình bày'!B48) -> 55000 | F48: =IFERROR(_xlfn.XLOOKUP(B48,'[1]tồn TP 17.12'!A:A,'[1]tồn TP 17.12'!L:L),0) -> 0 | G48: 1200 | H48: 1200 | I48: =H48-G48 -> 0 | J48: 1213.5769 | K48: =(H48-J48) -> -13.576923 | L48: =+K48/H48 -> -0.011314103 | M48: 1150 | N48: Giá tồn kho từ 2023 | O48: mix với hàng MI thấp, do hết hạt MBF01 phân lập MI thấp nên còn tồn kho
A49: =A48+1 -> 2 | B49: 110000345 | C49: Hạt Nhựa rHDB03Y01 | D49: Vàng | E49: =SUMIFS('[1]tồn TP 17.12'!H:H,'[1]tồn TP 17.12'!A:A,'[1]Trình bày'!B49) -> 24325 | F49: =IFERROR(_xlfn.XLOOKUP(B49,'[1]tồn TP 17.12'!A:A,'[1]tồn TP 17.12'!L:L),0) -> 0 | G49: 1200 | H49: 1200 | I49: =H49-G49 -> 0 | J49: =34395/26 -> 1322.8846 | K49: =(H49-J49) -> -122.88462 | L49: =+K49/H49 -> -0.10240385 | M49: 1150 | N49: Giá tồn kho từ 2024
A50: =A49+1 -> 3 | B50: 110000427 | C50: Hạt Nhựa HCBF-Gre-U | D50: Lá | E50: =SUMIFS('[1]tồn TP 17.12'!H:H,'[1]tồn TP 17.12'!A:A,'[1]Trình bày'!B50) -> 19299.5 | F50: =IFERROR(_xlfn.XLOOKUP(B50,'[1]tồn TP 17.12'!A:A,'[1]tồn TP 17.12'!L:L),0) -> 0 | I50: =H50-G50 -> 0 | N50: Theo giá U => ko đề xuất trong duyệt giá
A51: =A50+1 -> 4 | B51: 110000343 | C51: Hạt Nhựa rHDB03G01 | D51: Lá | E51: =SUMIFS('[1]tồn TP 17.12'!H:H,'[1]tồn TP 17.12'!A:A,'[1]Trình bày'!B51) -> 14671 | F51: =IFERROR(_xlfn.XLOOKUP(B51,'[1]tồn TP 17.12'!A:A,'[1]tồn TP 17.12'!L:L),0) -> 0 | G51: 1200 | H51: 1200 | I51: =H51-G51 -> 0 | J51: 1157 | K51: =(H51-J51) -> 43 | L51: =+K51/H51 -> 0.035833333 | M51: 1150 | N51: Giá tồn kho từ 2023
A52: =A51+1 -> 5 | B52: 110000336 | C52: Hạt nhựa rHDPE thử nghiệm | E52: =SUMIFS('[1]tồn TP 17.12'!H:H,'[1]tồn TP 17.12'!A:A,'[1]Trình bày'!B52) -> 8159.1 | F52: =IFERROR(_xlfn.XLOOKUP(B52,'[1]tồn TP 17.12'!A:A,'[1]tồn TP 17.12'!L:L),0) -> 0 | I52: =H52-G52 -> 0
A53: =A52+1 -> 6 | B53: 110000337 | C53: Hạt Nhựa rHDB03W01 | D53: Trắng | E53: =SUMIFS('[1]tồn TP 17.12'!H:H,'[1]tồn TP 17.12'!A:A,'[1]Trình bày'!B53) -> 9199.8 | F53: =IFERROR(_xlfn.XLOOKUP(B53,'[1]tồn TP 17.12'!A:A,'[1]tồn TP 17.12'!L:L),0) -> 0 | G53: 1200 | H53: 1200 | I53: =H53-G53 -> 0 | J53: 1125.5142 | K53: =(H53-J53) -> 74.485766 | L53: =+K53/H53 -> 0.062071471 | M53: 1150
A54: =A53+1 -> 7 | B54: 110000433 | C54: Hạt Nhựa rHDB03N03 | D54: Trong | E54: =SUMIFS('[1]tồn TP 17.12'!H:H,'[1]tồn TP 17.12'!A:A,'[1]Trình bày'!B54) -> 7925 | F54: =IFERROR(_xlfn.XLOOKUP(B54,'[1]tồn TP 17.12'!A:A,'[1]tồn TP 17.12'!L:L),0) -> 0 | G54: 1200 | H54: 1200 | I54: =H54-G54 -> 0 | J54: 1153.8462 | K54: =(H54-J54) -> 46.153846 | L54: =+K54/H54 -> 0.038461538 | M54: 1150 | N54: Giá tồn kho, hiện tại không sản xuất | O54: Mã đã không còn trong duyệt giá
A55: =A54+1 -> 8 | B55: 110000429 | C55: Hạt Nhựa rHDPE MAF01 | D55: Trong | E55: =SUMIFS('[1]tồn TP 17.12'!H:H,'[1]tồn TP 17.12'!A:A,'[1]Trình bày'!B55) -> 1072.5 | F55: =IFERROR(_xlfn.XLOOKUP(B55,'[1]tồn TP 17.12'!A:A,'[1]tồn TP 17.12'!L:L),0) -> 0 | G55: 1300 | H55: 1300 | I55: =H55-G55 -> 0 | J55: 1062.5 | K55: =(H55-J55) -> 237.5 | L55: =+K55/H55 -> 0.18269231 | M55: 1250 | N55: Giá tồn kho từ T1.2024
A56: =A55+1 -> 9 | B56: 110000432 | C56: Hạt Nhựa rHDB03N01 | D56: Trong | E56: =SUMIFS('[1]tồn TP 17.12'!H:H,'[1]tồn TP 17.12'!A:A,'[1]Trình bày'!B56) -> 2 | F56: =IFERROR(_xlfn.XLOOKUP(B56,'[1]tồn TP 17.12'!A:A,'[1]tồn TP 17.12'!L:L),0) -> 0 | G56: 1200 | H56: 1200 | I56: =H56-G56 -> 0 | J56: =+J42 -> 1111.3107 | K56: =(H56-J56) -> 88.689265 | L56: =+K56/H56 -> 0.07390772 | M56: 1150
A57: III | B57: MÃ HÀNG SẢN SUẤT TỪ PHÓ SẢN NGÀNH HDPE
A58: 1 | B58: 110000341 | C58: Hạt nhựa rHDB04B01 | D58: Đen | E58: =SUMIFS('[1]tồn TP 17.12'!H:H,'[1]tồn TP 17.12'!A:A,'[1]Trình bày'!B58) -> 95942 | F58: =IFERROR(_xlfn.XLOOKUP(B58,'[1]tồn TP 17.12'!A:A,'[1]tồn TP 17.12'!L:L),0) -> 34734.091 | G58: 900 | H58: 900 | I58: =H58-G58 -> 0 | K58: =(H58-J58) -> 900 | L58: =+K58/H58 -> 1 | M58: 700 | O58: Vảy HD ép đen mix phó sản HD thổi các loại
A59: C | B59: rHDPE ÉP
A60: I | B60: MÃ HÀNG ĐANG BÁN
A61: 1 | B61: 110000360 | C61: Hạt nhựa rHDI4L01 | D61: Dương | E61: =SUMIFS('[1]tồn TP 17.12'!H:H,'[1]tồn TP 17.12'!A:A,'[1]Trình bày'!B61) -> 3472.5 | F61: =IFERROR(_xlfn.XLOOKUP(B61,'[1]tồn TP 17.12'!A:A,'[1]tồn TP 17.12'!L:L),0) -> 15000 | G61: 740 | H61: 740 | I61: =H61-G61 -> 0 | J61: 747.86079 | K61: =(H61-J61) -> -7.8607892 | L61: =+K61/H61 -> -0.010622688 | M61: 700 | N61: Không bền vững
A62: =+A61+1 -> 2 | B62: 110000366 | C62: Hạt nhựa rHDI3G01 | D62: Lá | E62: =SUMIFS('[1]tồn TP 17.12'!H:H,'[1]tồn TP 17.12'!A:A,'[1]Trình bày'!B62) -> 40346 | F62: =IFERROR(_xlfn.XLOOKUP(B62,'[1]tồn TP 17.12'!A:A,'[1]tồn TP 17.12'!L:L),0) -> 16570.455 | G62: 740 | H62: 740 | I62: =H62-G62 -> 0 | J62: 747.86079 | K62: =(H62-J62) -> -7.8607892 | L62: =+K62/H62 -> -0.010622688 | M62: 700 | N62: Không bền vững
A63: =+A62+1 -> 3 | B63: 110000361 | C63: Hạt nhựa rHDI3R01 | D63: Đỏ | E63: =SUMIFS('[1]tồn TP 17.12'!H:H,'[1]tồn TP 17.12'!A:A,'[1]Trình bày'!B63) -> 9738 | F63: =IFERROR(_xlfn.XLOOKUP(B63,'[1]tồn TP 17.12'!A:A,'[1]tồn TP 17.12'!L:L),0) -> 12911.364 | G63: 740 | H63: 740 | I63: =H63-G63 -> 0 | J63: 747.86079 | K63: =(H63-J63) -> -7.8607892 | L63: =+K63/H63 -> -0.010622688 | M63: 700 | N63: Không bền vững
A64: =+A63+1 -> 4 | B64: 110000496 | C64: Hạt Nhựa rHDI7DL02 | D64: Dương | E64: =SUMIFS('[1]tồn TP 17.12'!H:H,'[1]tồn TP 17.12'!A:A,'[1]Trình bày'!B64) -> 1473 | F64: =IFERROR(_xlfn.XLOOKUP(B64,'[1]tồn TP 17.12'!A:A,'[1]tồn TP 17.12'!L:L),0) -> 2272.7273 | G64: 740 | H64: 740 | I64: =H64-G64 -> 0 | J64: =33028/26 -> 1270.3077 | K64: =(H64-J64) -> -530.30769 | L64: =+K64/H64 -> -0.71663202 | M64: 700 | N64: Không bền vững | O64: Hàng tồn kho từ tháng 2.2025 sx cho Outerinho
A65: =+A64+1 -> 5 | B65: 110000364 | C65: Hạt nhựa rHDI3Y01 | D65: Vàng | E65: =SUMIFS('[1]tồn TP 17.12'!H:H,'[1]tồn TP 17.12'!A:A,'[1]Trình bày'!B65) -> 40000 | F65: =IFERROR(_xlfn.XLOOKUP(B65,'[1]tồn TP 17.12'!A:A,'[1]tồn TP 17.12'!L:L),0) -> 10763.636 | G65: 740 | H65: 740 | I65: =H65-G65 -> 0 | J65: 747.86079 | K65: =(H65-J65) -> -7.8607892 | L65: =+K65/H65 -> -0.010622688 | M65: 700 | N65: Không bền vững
A66: =+A65+1 -> 6 | B66: 110000365 | C66: Hạt nhựa rHDI3W01 | D66: Trắng | E66: =SUMIFS('[1]tồn TP 17.12'!H:H,'[1]tồn TP 17.12'!A:A,'[1]Trình bày'!B66) -> 56033.4 | F66: =IFERROR(_xlfn.XLOOKUP(B66,'[1]tồn TP 17.12'!A:A,'[1]tồn TP 17.12'!L:L),0) -> 1181.8182 | G66: 740 | H66: 740 | I66: =H66-G66 -> 0 | J66: =+J68 -> 717.42308 | K66: =(H66-J66) -> 22.576923 | L66: =+K66/H66 -> 0.030509356 | M66: 700 | N66: Không bền vững | O66: Hàng tồn từ tháng 5.2025
A67: =+A66+1 -> 7 | B67: 110000431 | C67: Hạt Nhựa rHDI3Gy02 | D67: Xám | E67: =SUMIFS('[1]tồn TP 17.12'!H:H,'[1]tồn TP 17.12'!A:A,'[1]Trình bày'!B67) -> 14543 | F67: =IFERROR(_xlfn.XLOOKUP(B67,'[1]tồn TP 17.12'!A:A,'[1]tồn TP 17.12'!L:L),0) -> 1000 | G67: 660 | H67: 660 | I67: =H67-G67 -> 0 | J67: 651.81849 | K67: =(H67-J67) -> 8.1815053 | L67: =+K67/H67 -> 0.01239622 | M67: 620 | N67: Không bền vững | O67: Phó sản
A68: =+A67+1 -> 8 | B68: 110000363 | C68: Hạt nhựa rHDI3Gy01 | D68: Xám | E68: =SUMIFS('[1]tồn TP 17.12'!H:H,'[1]tồn TP 17.12'!A:A,'[1]Trình bày'!B68) -> 246844.9 | F68: =IFERROR(_xlfn.XLOOKUP(B68,'[1]tồn TP 17.12'!A:A,'[1]tồn TP 17.12'!L:L),0) -> 493.18182 | G68: 740 | H68: 740 | I68: =H68-G68 -> 0 | J68: 717.42308 | K68: =(H68-J68) -> 22.576923 | L68: =+K68/H68 -> 0.030509356 | M68: 700 | N68: Không bền vững | O68: Hàng tồn từ tháng 12.2024
A69: II | B69: MÃ HÀNG BÁN CHẬM
A70: =1 -> 1 | B70: 110000373 | C70: Hạt nhựa rHDI4DL01 | D70: Dương | E70: =SUMIFS('[1]tồn TP 17.12'!H:H,'[1]tồn TP 17.12'!A:A,'[1]Trình bày'!B70) -> 4372.9 | F70: =IFERROR(_xlfn.XLOOKUP(B70,'[1]tồn TP 17.12'!A:A,'[1]tồn TP 17.12'!L:L),0) -> 0 | G70: 740 | H70: 740 | I70: =H70-G70 -> 0 | J70: 812.53846 | K70: =(H70-J70) -> -72.538462 | L70: =+K70/H70 -> -0.098024948 | M70: 700 | N70: Không bền vững | O70: Hàng tồn kho từ tháng 2.2025
A72: D | B72: Vảy HDPE ép
A73: I | B73: MÃ HÀNG ĐANG BÁN
A74: 4 | B74: 110000407 | C74: Vảy HD Ép Đỏ | D74: Đỏ | E74: =SUMIFS('[1]tồn TP 17.12'!H:H,'[1]tồn TP 17.12'!A:A,'[1]Trình bày'!B74) -> 147157 | F74: =IFERROR(_xlfn.XLOOKUP(B74,'[1]tồn TP 17.12'!A:A,'[1]tồn TP 17.12'!L:L),0) -> 20052.273 | G74: 665 | H74: 665 | I74: =H74-G74 -> 0 | J74: 570.4945 | K74: =(H74-J74) -> 94.505497 | L74: =+K74/H74 -> 0.14211353 | M74: 650 | N74: Đang bán gía thấp để giảm tồn kho
A75: 2 | B75: 110000409 | C75: Vảy HD Ép Vàng | D75: Vàng | E75: =SUMIFS('[1]tồn TP 17.12'!H:H,'[1]tồn TP 17.12'!A:A,'[1]Trình bày'!B75) -> 44585 | F75: =IFERROR(_xlfn.XLOOKUP(B75,'[1]tồn TP 17.12'!A:A,'[1]tồn TP 17.12'!L:L),0) -> 9847.7273 | G75: 665 | H75: 665 | I75: =H75-G75 -> 0 | J75: 570.4945 | K75: =(H75-J75) -> 94.505497 | L75: =+K75/H75 -> 0.14211353 | M75: 650
A76: 1 | B76: 110000410 | C76: Vảy HD Ép Lá | D76: Lá | E76: =SUMIFS('[1]tồn TP 17.12'!H:H,'[1]tồn TP 17.12'!A:A,'[1]Trình bày'!B76) -> 19549 | F76: =IFERROR(_xlfn.XLOOKUP(B76,'[1]tồn TP 17.12'!A:A,'[1]tồn TP 17.12'!L:L),0) -> 10579.545 | G76: 665 | H76: 665 | I76: =H76-G76 -> 0 | J76: 570.4945 | K76: =(H76-J76) -> 94.505497 | L76: =+K76/H76 -> 0.14211353 | M76: 650
A77: 7 | B77: 110000411 | C77: Vảy HD Ép Dương | D77: Dương | E77: =SUMIFS('[1]tồn TP 17.12'!H:H,'[1]tồn TP 17.12'!A:A,'[1]Trình bày'!B77) -> 79170 | F77: =IFERROR(_xlfn.XLOOKUP(B77,'[1]tồn TP 17.12'!A:A,'[1]tồn TP 17.12'!L:L),0) -> 6029.5455 | G77: 665 | H77: 665 | I77: =H77-G77 -> 0 | J77: 570.4945 | K77: =(H77-J77) -> 94.505497 | L77: =+K77/H77 -> 0.14211353 | M77: 650
A78: 5 | B78: 110000408 | C78: Vảy HD Ép Trắng | D78: Trắng | E78: =SUMIFS('[1]tồn TP 17.12'!H:H,'[1]tồn TP 17.12'!A:A,'[1]Trình bày'!B78) -> 200749.2 | F78: =IFERROR(_xlfn.XLOOKUP(B78,'[1]tồn TP 17.12'!A:A,'[1]tồn TP 17.12'!L:L),0) -> 46236.364 | G78: 665 | H78: 665 | I78: =H78-G78 -> 0 | J78: 570.4945 | K78: =(H78-J78) -> 94.505497 | L78: =+K78/H78 -> 0.14211353 | M78: 650
A79: 6 | B79: 110000412 | C79: Vảy HD Ép Đen | D79: Đen | E79: =SUMIFS('[1]tồn TP 17.12'!H:H,'[1]tồn TP 17.12'!A:A,'[1]Trình bày'!B79) -> 37467 | F79: =IFERROR(_xlfn.XLOOKUP(B79,'[1]tồn TP 17.12'!A:A,'[1]tồn TP 17.12'!L:L),0) -> 3593.1818 | G79: 665 | H79: 665 | I79: =H79-G79 -> 0 | J79: 570.4945 | K79: =(H79-J79) -> 94.505497 | L79: =+K79/H79 -> 0.14211353 | M79: 650
A80: 7 | B80: 110000413 | C80: Vảy HD Ép Đồng | D80: Đồng | E80: =SUMIFS('[1]tồn TP 17.12'!H:H,'[1]tồn TP 17.12'!A:A,'[1]Trình bày'!B80) -> 154424.5 | F80: =IFERROR(_xlfn.XLOOKUP(B80,'[1]tồn TP 17.12'!A:A,'[1]tồn TP 17.12'!L:L),0) -> 6.8181818 | G80: 665 | H80: 665 | I80: =H80-G80 -> 0 | J80: 570.4945 | K80: =(H80-J80) -> 94.505497 | L80: =+K80/H80 -> 0.14211353 | M80: 650
A81: II | B81: MÃ HÀNG BÁN CHẬM
A82: =1 -> 1 | B82: 110000469 | C82: Vảy HD Ép Dương Bình Thuận | D82: Dương | E82: =SUMIFS('[1]tồn TP 17.12'!H:H,'[1]tồn TP 17.12'!A:A,'[1]Trình bày'!B82) -> 6200 | F82: =IFERROR(_xlfn.XLOOKUP(B82,'[1]tồn TP 17.12'!A:A,'[1]tồn TP 17.12'!L:L),0) -> 0 | N82: SP bán cho Bình Thuận
A84: E | B84: rPP
A85: I | B85: MÃ HÀNG ĐANG BÁN
A86: 1 | B86: 110000389 | C86: Hạt nhựa rPP20R02 | D86: Đỏ | E86: =SUMIFS('[1]tồn TP 17.12'!H:H,'[1]tồn TP 17.12'!A:A,'[1]Trình bày'!B86) -> 12373 | F86: =IFERROR(_xlfn.XLOOKUP(B86,'[1]tồn TP 17.12'!A:A,'[1]tồn TP 17.12'!L:L),0) -> 8352.7273 | G86: 915/705 | H86: 900/695 | I86: -15/-10 | J86: 1087 | K86: -187/-392 | L86: -21%/-56% | M86: 820/660 | N86: Bền vững/ ko bền vững | O86: Giá tồn kho | Q86: 1025 | R86: =J86 -> 1087 | S86: =Q86-R86 -> -62 | T86: =S86/Q86 -> -0.060487805
A87: =+A86+1 -> 2 | B87: 110000471 | C87: Hạt Nhựa rPP20L05 | D87: Dương | E87: =SUMIFS('[1]tồn TP 17.12'!H:H,'[1]tồn TP 17.12'!A:A,'[1]Trình bày'!B87) -> 10696 | F87: =IFERROR(_xlfn.XLOOKUP(B87,'[1]tồn TP 17.12'!A:A,'[1]tồn TP 17.12'!L:L),0) -> 6090.9091 | G87: 915/705 | H87: 900/695 | I87: -15/-10 | J87: 1085.6154 | K87: -186/-391 | L87: -21%/-56% | M87: 820/660 | N87: Bền vững/ ko bền vững | O87: Giá tồn kho
A88: =+A87+1 -> 3 | B88: 110000472 | C88: Hạt Nhựa rPP20Gy01 | D88: Xám | E88: =SUMIFS('[1]tồn TP 17.12'!H:H,'[1]tồn TP 17.12'!A:A,'[1]Trình bày'!B88) -> 8148.8 | F88: =IFERROR(_xlfn.XLOOKUP(B88,'[1]tồn TP 17.12'!A:A,'[1]tồn TP 17.12'!L:L),0) -> 3018.6364 | G88: 915/705 | H88: 900/695 | I88: -15/-10 | J88: 1090.6154 | K88: -191/-396 | L88: -21%/-57% | M88: 820/660 | N88: Bền vững/ ko bền vững | O88: Giá tồn kho
A89: =+A88+1 -> 4 | B89: 110000435 | C89: Hạt Nhựa rPP20L03 | D89: Dương | E89: =SUMIFS('[1]tồn TP 17.12'!H:H,'[1]tồn TP 17.12'!A:A,'[1]Trình bày'!B89) -> 1448 | F89: =IFERROR(_xlfn.XLOOKUP(B89,'[1]tồn TP 17.12'!A:A,'[1]tồn TP 17.12'!L:L),0) -> 500.45455 | G89: 915/705 | H89: 900/695 | I89: -15/-10 | J89: 1033.1923 | K89: -133/-338 | L89: -15%/-49% | M89: 820/660 | N89: Bền vững/ ko bền vững | O89: Giá tồn kho
A90: =+A89+1 -> 5 | B90: 110000508 | C90: Hạt Nhựa rPP20W02 | D90: Trắng | E90: =SUMIFS('[1]tồn TP 17.12'!H:H,'[1]tồn TP 17.12'!A:A,'[1]Trình bày'!B90) -> 773 | F90: =IFERROR(_xlfn.XLOOKUP(B90,'[1]tồn TP 17.12'!A:A,'[1]tồn TP 17.12'!L:L),0) -> 454.54545 | G90: 915/705 | H90: 900/695 | I90: -15/-10 | J90: =35103/26 -> 1350.1154 | K90: -450/-655 | L90: -50%/-94% | M90: 820/660 | N90: Bền vững/ ko bền vững | O90: Giá tồn kho
A91: =+A90+1 -> 6 | B91: 110000392 | C91: Hạt nhựa rPP20B01 | D91: Đen | E91: =SUMIFS('[1]tồn TP 17.12'!H:H,'[1]tồn TP 17.12'!A:A,'[1]Trình bày'!B91) -> 25532 | F91: =IFERROR(_xlfn.XLOOKUP(B91,'[1]tồn TP 17.12'!A:A,'[1]tồn TP 17.12'!L:L),0) -> 66.363636 | G91: 815/605 | H91: 800/595 | I91: -15/-10 | J91: 824.11538 | K91: -24/-229 | L91: -3%/-39% | M91: 700/550 | N91: Bền vững/ ko bền vững | O91: Giá tồn kho | Q91: 1025 | R91: =J91 -> 824.11538 | S91: =Q91-R91 -> 200.88462 | T91: =S91/Q91 -> 0.19598499
A92: =+A91+1 -> 7 | B92: 110000482 | C92: Hạt Nhựa rPP20W01 | D92: Trắng | E92: =SUMIFS('[1]tồn TP 17.12'!H:H,'[1]tồn TP 17.12'!A:A,'[1]Trình bày'!B92) -> 5056.2 | F92: =IFERROR(_xlfn.XLOOKUP(B92,'[1]tồn TP 17.12'!A:A,'[1]tồn TP 17.12'!L:L),0) -> 34.545455 | G92: 915/705 | H92: 900/695 | I92: -15/-10 | J92: =36123/26 -> 1389.3462 | K92: -489/-694 | L92: -54%/-100% | M92: 820/660 | N92: Bền vững/ ko bền vững | O92: Giá tồn kho | Q92: 1025 | R92: =J92 -> 1389.3462 | S92: =Q92-R92 -> -364.34615 | T92: =S92/Q92 -> -0.35545966
A93: =+A92+1 -> 8 | B93: 110000394 | C93: Hạt nhựa rPP15Gy02 | D93: Xám | E93: =SUMIFS('[1]tồn TP 17.12'!H:H,'[1]tồn TP 17.12'!A:A,'[1]Trình bày'!B93) -> 1599.5 | F93: =IFERROR(_xlfn.XLOOKUP(B93,'[1]tồn TP 17.12'!A:A,'[1]tồn TP 17.12'!L:L),0) -> 4.5454545 | G93: 915/705 | H93: 900/695 | I93: -15/-10 | J93: 1138.2308 | K93: -238/-443 | L93: -26%/-64% | M93: 820/660 | N93: Bền vững/ ko bền vững | O93: Giá tồn kho
A94: =+A93+1 -> 9 | B94: 110000470 | C94: Hạt Nhựa rPP20L04 | D94: Dương | E94: =SUMIFS('[1]tồn TP 17.12'!H:H,'[1]tồn TP 17.12'!A:A,'[1]Trình bày'!B94) -> 1500 | F94: =IFERROR(_xlfn.XLOOKUP(B94,'[1]tồn TP 17.12'!A:A,'[1]tồn TP 17.12'!L:L),0) -> 4.5454545 | G94: 915/705 | H94: 900/695 | I94: -15/-10 | J94: 865.61538 | K94: 34/-171 | L94: 4%/-25% | M94: 820/660 | N94: Bền vững/ ko bền vững | O94: Giá tồn kho
A95: II | B95: MÃ HÀNG BÁN CHẬM
A96: 1 | B96: 110000367 | C96: Hạt nhựa rPP15R01 | D96: Đỏ | E96: =SUMIFS('[1]tồn TP 17.12'!H:H,'[1]tồn TP 17.12'!A:A,'[1]Trình bày'!B96) -> 719 | F96: =IFERROR(_xlfn.XLOOKUP(B96,'[1]tồn TP 17.12'!A:A,'[1]tồn TP 17.12'!L:L),0) -> 0 | G96: 915/705 | H96: 900/695 | I96: -15/-10 | J96: 846.11538 | K96: 54/-151 | L96: 6%/-22% | M96: 820/660 | N96: Bền vững/ ko bền vững | O96: Hàng tồn kho từ T6.2025
A97: =+A96+1 -> 2 | B97: 110000369 | C97: Hạt nhựa rPP25W01 | D97: Trắng | E97: =SUMIFS('[1]tồn TP 17.12'!H:H,'[1]tồn TP 17.12'!A:A,'[1]Trình bày'!B97) -> 2677.8 | F97: =IFERROR(_xlfn.XLOOKUP(B97,'[1]tồn TP 17.12'!A:A,'[1]tồn TP 17.12'!L:L),0) -> 0 | G97: 915/705 | H97: 900/695 | I97: -15/-10 | J97: 688.5 | K97: 212/7 | L97: 24%/1% | M97: 820/660 | N97: Bền vững/ ko bền vững | O97: Hàng tồn kho từ T6.2025
A98: =+A97+1 -> 3 | B98: 110000370 | C98: Hạt nhựa rPP15Gy01 | D98: Xám | E98: =SUMIFS('[1]tồn TP 17.12'!H:H,'[1]tồn TP 17.12'!A:A,'[1]Trình bày'!B98) -> 2.5 | F98: =IFERROR(_xlfn.XLOOKUP(B98,'[1]tồn TP 17.12'!A:A,'[1]tồn TP 17.12'!L:L),0) -> 0 | G98: 915/705 | H98: 900/695 | I98: -15/-10 | J98: 971.88462 | K98: -72/-277 | L98: -8%/-40% | M98: 820/660 | N98: Bền vững/ ko bền vững | O98: Hàng tồn kho từ T6.2023
A99: =+A98+1 -> 4 | B99: 110000388 | C99: Hạt nhựa rPP20R01 | D99: Đỏ | E99: =SUMIFS('[1]tồn TP 17.12'!H:H,'[1]tồn TP 17.12'!A:A,'[1]Trình bày'!B99) -> 1925 | F99: =IFERROR(_xlfn.XLOOKUP(B99,'[1]tồn TP 17.12'!A:A,'[1]tồn TP 17.12'!L:L),0) -> 0 | G99: 915/705 | H99: 900/695 | I99: -15/-10 | J99: 974.80769 | K99: -75/-280 | L99: -8%/-40% | M99: 820/660 | N99: Bền vững/ ko bền vững | O99: Hàng tồn kho từ T8.2025
A100: =+A99+1 -> 5 | B100: 110000390 | C100: Hạt nhựa rPP20L01 | D100: Dương | E100: =SUMIFS('[1]tồn TP 17.12'!H:H,'[1]tồn TP 17.12'!A:A,'[1]Trình bày'!B100) -> 2280 | F100: =IFERROR(_xlfn.XLOOKUP(B100,'[1]tồn TP 17.12'!A:A,'[1]tồn TP 17.12'!L:L),0) -> 0 | G100: 915/705 | H100: 900/695 | I100: -15/-10 | J100: 903.96154 | K100: -4/-209 | L100: 0%/-30% | M100: 820/660 | N100: Bền vững/ ko bền vững | O100: Hàng tồn kho từ T4.2023
A101: =+A100+1 -> 6 | B101: 110000391 | C101: Hạt nhựa rPP20L02 | D101: Dương | E101: =SUMIFS('[1]tồn TP 17.12'!H:H,'[1]tồn TP 17.12'!A:A,'[1]Trình bày'!B101) -> 2 | F101: =IFERROR(_xlfn.XLOOKUP(B101,'[1]tồn TP 17.12'!A:A,'[1]tồn TP 17.12'!L:L),0) -> 0 | G101: 915/705 | H101: 900/695 | I101: -15/-10 | J101: 790.76923 | K101: 109/-96 | L101: 12%/-14% | M101: 820/660 | N101: Bền vững/ ko bền vững | O101: Hàng tồn kho từ T11.2024 | Q101: 790 | R101: =J101 -> 790.76923 | S101: =Q101-R101 -> -0.76923077 | T101: =S101/Q101 -> -0.00097370983
A102: =+A101+1 -> 7 | B102: 110000393 | C102: Hạt nhựa rPP20Be01 | D102: Be | E102: =SUMIFS('[1]tồn TP 17.12'!H:H,'[1]tồn TP 17.12'!A:A,'[1]Trình bày'!B102) -> 44048 | F102: =IFERROR(_xlfn.XLOOKUP(B102,'[1]tồn TP 17.12'!A:A,'[1]tồn TP 17.12'!L:L),0) -> 0 | G102: 915/705 | H102: 900/695 | I102: -15/-10 | J102: 847 | K102: 53/-152 | L102: 6%/-22% | M102: 820/660 | N102: Bền vững/ ko bền vững | O102: Hàng tồn kho từ T9.2025 | Q102: 790 | R102: =J102 -> 847 | S102: =Q102-R102 -> -57 | T102: =S102/Q102 -> -0.072151899
A103: =+A102+1 -> 8 | B103: 110000441 | C103: Hạt Nhựa PP Thử Nghiệm | E103: =SUMIFS('[1]tồn TP 17.12'!H:H,'[1]tồn TP 17.12'!A:A,'[1]Trình bày'!B103) -> 4700.6 | F103: =IFERROR(_xlfn.XLOOKUP(B103,'[1]tồn TP 17.12'!A:A,'[1]tồn TP 17.12'!L:L),0) -> 0 | N103: Bền vững/ ko bền vững
A104: =+A103+1 -> 9 | B104: 110000371 | C104: Hạt nhựa rPP15B01 | D104: Đen | E104: =SUMIFS('[1]tồn TP 17.12'!H:H,'[1]tồn TP 17.12'!A:A,'[1]Trình bày'!B104) -> 0.25 | F104: =IFERROR(_xlfn.XLOOKUP(B104,'[1]tồn TP 17.12'!A:A,'[1]tồn TP 17.12'!L:L),0) -> 0 | G104: 815/605 | H104: 800/595 | I104: -15/-10 | J104: =36060/26 -> 1386.9231 | K104: -587/-792 | L104: -73%/-133% | M104: 700/550 | N104: Bền vững/ ko bền vững | O104: Hàng tồn kho từ T10.2024
...

Sheet Trình bày T2
B1: DANH MỤC THÀNH PHẨM
A4: STT | B4: Mã SAP | C4: Tên hàng hóa | D4: Màu | E4: Tồn kho 17/01/2026 (kg) | F4: Số lượng bán BQ 2025 (kg/ tháng) | G4: Giá duyệt T1 (USD/ tấn) | H4: Giá bán đề nghị T2 (USD/ tấn) | I4: CL T2 sv T1 (USD/ tấn) | J4: Giá vốn | K4: Lợi nhuận trước thuế | L4: % lợi nhuận sau thuế | M4: Giá đề nghị của kinh doanh | N4: Ghi chú | O4: Sử dụng phó sản
A5: A | B5: rPET
A6: I | B6: MÃ HÀNG ĐANG BÁN
A7: 1 | B7: 110000354 | C7: Hạt nhựa rPET WSS01G 1 | E7: =SUMIFS('[2]tồn TP 17.01'!H:H,'[2]tồn TP 17.01'!A:A,'[2]Trình bày'!B7) -> 677410 | F7: =IFERROR(_xlfn.XLOOKUP(B7,'[2]tồn TP 17.01'!A:A,'[2]tồn TP 17.01'!L:L),0) -> 1610552.1 | G7: 1160 | H7: 1160 | I7: =H7-G7 -> 0 | J7: 1056 | K7: =(H7-J7) -> 104 | L7: =+K7/H7 -> 0.089655172
A8: =+A7+1 -> 2 | B8: 110000355 | C8: Hạt nhựa rPET iSS01G 1 | E8: =SUMIFS('[2]tồn TP 17.01'!H:H,'[2]tồn TP 17.01'!A:A,'[2]Trình bày'!B8) -> 239583.75 | F8: =IFERROR(_xlfn.XLOOKUP(B8,'[2]tồn TP 17.01'!A:A,'[2]tồn TP 17.01'!L:L),0) -> 902311.32 | G8: 1190 | H8: =+H7+30 -> 1190 | I8: =H8-G8 -> 0 | J8: =+J7 -> 1056 | K8: =(H8-J8) -> 134 | L8: =+K8/H8 -> 0.11260504
A9: =+A8+1 -> 3 | B9: 110000332 | C9: Hạt nhựa rPET iSS01084G | E9: =SUMIFS('[2]tồn TP 17.01'!H:H,'[2]tồn TP 17.01'!A:A,'[2]Trình bày'!B9) -> 1168421.4 | F9: =IFERROR(_xlfn.XLOOKUP(B9,'[2]tồn TP 17.01'!A:A,'[2]tồn TP 17.01'!L:L),0) -> 534049.49 | G9: 1250 | H9: =H7+90 -> 1250 | I9: =H9-G9 -> 0 | J9: 1111 | K9: =(H9-J9) -> 139 | L9: =+K9/H9 -> 0.1112
A10: =+A9+1 -> 4 | B10: 110000359 | C10: Hạt nhựa rPET WSS03G | E10: =SUMIFS('[2]tồn TP 17.01'!H:H,'[2]tồn TP 17.01'!A:A,'[2]Trình bày'!B10) -> 1688517.7 | F10: =IFERROR(_xlfn.XLOOKUP(B10,'[2]tồn TP 17.01'!A:A,'[2]tồn TP 17.01'!L:L),0) -> 157920.83 | G10: 1090 | H10: =+H7-70 -> 1090 | I10: =H10-G10 -> 0 | J10: =+J8 -> 1056 | K10: =(H10-J10) -> 34 | L10: =+K10/H10 -> 0.031192661
A11: =+A10+1 -> 5 | B11: 110000329 | C11: Hạt nhựa rPET WSS01 | E11: =SUMIFS('[2]tồn TP 17.01'!H:H,'[2]tồn TP 17.01'!A:A,'[2]Trình bày'!B11) -> 404521.3 | F11: =IFERROR(_xlfn.XLOOKUP(B11,'[2]tồn TP 17.01'!A:A,'[2]tồn TP 17.01'!L:L),0) -> 24108.333 | G11: 1320 | H11: 1320 | I11: =H11-G11 -> 0 | J11: 1154 | K11: =(H11-J11) -> 166 | L11: =+K11/H11 -> 0.12575758 | N11: Bán cho Lavie
A12: =+A11+1 -> 6 | B12: 110000497 | C12: Hạt Nhựa rPET WSS01G-L | E12: =SUMIFS('[2]tồn TP 17.01'!H:H,'[2]tồn TP 17.01'!A:A,'[2]Trình bày'!B12) -> 0 | F12: =IFERROR(_xlfn.XLOOKUP(B12,'[2]tồn TP 17.01'!A:A,'[2]tồn TP 17.01'!L:L),0) -> 0 | G12: 1440 | H12: 1440 | I12: =H12-G12 -> 0 | J12: 1201 | K12: =(H12-J12) -> 239 | L12: =+K12/H12 -> 0.16597222 | N12: Bán cho Lavie
A13: =+A12+1 -> 7 | B13: 110000499 | C13: Hạt Nhựa rPET WSS01L | E13: =SUMIFS('[2]tồn TP 17.01'!H:H,'[2]tồn TP 17.01'!A:A,'[2]Trình bày'!B13) -> 34080 | F13: =IFERROR(_xlfn.XLOOKUP(B13,'[2]tồn TP 17.01'!A:A,'[2]tồn TP 17.01'!L:L),0) -> 91.666667 | G13: 1160 | H13: =H7 -> 1160 | I13: =H13-G13 -> 0 | J13: 998 | K13: =(H13-J13) -> 162 | L13: =+K13/H13 -> 0.13965517
A14: =+A13+1 -> 8 | B14: 110000503 | C14: Hạt Nhựa rPET WSS01S | E14: =SUMIFS('[2]tồn TP 17.01'!H:H,'[2]tồn TP 17.01'!A:A,'[2]Trình bày'!B14) -> 0 | F14: =IFERROR(_xlfn.XLOOKUP(B14,'[2]tồn TP 17.01'!A:A,'[2]tồn TP 17.01'!L:L),0) -> 0 | G14: 1160 | H14: =H7 -> 1160 | I14: =H14-G14 -> 0 | K14: =(H14-J14) -> 1160 | L14: =+K14/H14 -> 1 | O14: Giá tồn kho
A15: =+A14+1 -> 9 | B15: 110000506 | C15: Hạt Nhựa rPET WSS01 & WSS01G-L | E15: =SUMIFS('[2]tồn TP 17.01'!H:H,'[2]tồn TP 17.01'!A:A,'[2]Trình bày'!B15) -> 65840 | F15: =IFERROR(_xlfn.XLOOKUP(B15,'[2]tồn TP 17.01'!A:A,'[2]tồn TP 17.01'!L:L),0) -> 71591.667 | G15: 1410 | H15: =+(H11+H12)/2+30 -> 1410 | I15: =H15-G15 -> 0 | J15: =32400/26.5 -> 1222.6415 | K15: =(H15-J15) -> 187.35849 | L15: =+K15/H15 -> 0.13287836 | N15: Bán cho Lavie
A16: =+A15+1 -> 10 | B16: 110000483 | C16: Hạt Nhựa rPET iSS01G-S | E16: =SUMIFS('[2]tồn TP 17.01'!H:H,'[2]tồn TP 17.01'!A:A,'[2]Trình bày'!B16) -> 65404.5 | F16: =IFERROR(_xlfn.XLOOKUP(B16,'[2]tồn TP 17.01'!A:A,'[2]tồn TP 17.01'!L:L),0) -> 965.83333 | G16: 1190 | H16: =H8 -> 1190 | I16: =H16-G16 -> 0 | J16: =29605/26.5 -> 1117.1698 | K16: =(H16-J16) -> 72.830189 | L16: =+K16/H16 -> 0.061201839 | N16: Sản phẩm mới | O16: Giá tồn kho
A17: II | B17: MÃ HÀNG BÁN CHẬM
A18: 1 | B18: 110000378 | C18: Hạt nhựa rPET iSS01G 2 | E18: =SUMIFS('[2]tồn TP 17.01'!H:H,'[2]tồn TP 17.01'!A:A,'[2]Trình bày'!B18) -> 1649997 | F18: =IFERROR(_xlfn.XLOOKUP(B18,'[2]tồn TP 17.01'!A:A,'[2]tồn TP 17.01'!L:L),0) -> 0 | G18: 1190 | H18: =+H7+30 -> 1190 | I18: =H18-G18 -> 0 | J18: =+J7 -> 1056 | K18: =(H18-J18) -> 134 | L18: =+K18/H18 -> 0.11260504 | N18: Chuyển thành mã iSS01G 1 để bán
A19: =+A18+1 -> 2 | B19: 110000377 | C19: Hạt nhựa rPET WSS01G 2 | E19: =SUMIFS('[2]tồn TP 17.01'!H:H,'[2]tồn TP 17.01'!A:A,'[2]Trình bày'!B19) -> 299199.5 | F19: =IFERROR(_xlfn.XLOOKUP(B19,'[2]tồn TP 17.01'!A:A,'[2]tồn TP 17.01'!L:L),0) -> 0 | G19: 1160 | H19: =H7 -> 1160 | I19: =H19-G19 -> 0 | J19: =+J8 -> 1056 | K19: =(H19-J19) -> 104 | L19: =+K19/H19 -> 0.089655172 | N19: Chuyển thành mã wSS01G 1 để bán
A20: =+A19+1 -> 3 | B20: 110000383 | C20: Hạt Nhựa rPET iSS84G-P | E20: =SUMIFS('[2]tồn TP 17.01'!H:H,'[2]tồn TP 17.01'!A:A,'[2]Trình bày'!B20) -> 52800 | F20: =IFERROR(_xlfn.XLOOKUP(B20,'[2]tồn TP 17.01'!A:A,'[2]tồn TP 17.01'!L:L),0) -> 0 | I20: =H20-G20 -> 0 | J20: =29396/26.5 -> 1109.283 | N20: Không báo giá (SP SX bán cho Amcor) | O20: Giá tồn kho
A21: =+A20+1 -> 4 | B21: 110000335 | C21: Hạt nhựa rPET WSS04 | E21: =SUMIFS('[2]tồn TP 17.01'!H:H,'[2]tồn TP 17.01'!A:A,'[2]Trình bày'!B21) -> 0 | F21: =IFERROR(_xlfn.XLOOKUP(B21,'[2]tồn TP 17.01'!A:A,'[2]tồn TP 17.01'!L:L),0) -> 0 | I21: =H21-G21 -> 0 | N21: Không báo giá (hàng chờ xử lý) | O21: Giá tồn kho
A22: =+A21+1 -> 5 | B22: 110000358 | C22: Hạt nhựa rPET WSS02G | E22: =SUMIFS('[2]tồn TP 17.01'!H:H,'[2]tồn TP 17.01'!A:A,'[2]Trình bày'!B22) -> 0 | F22: =IFERROR(_xlfn.XLOOKUP(B22,'[2]tồn TP 17.01'!A:A,'[2]tồn TP 17.01'!L:L),0) -> 0 | I22: =H22-G22 -> 0 | N22: Không báo giá (hàng chờ xử lý)
A23: =+A22+1 -> 6 | B23: 110000468 | C23: Hạt Nhựa rPET iSS80G-P | E23: =SUMIFS('[2]tồn TP 17.01'!H:H,'[2]tồn TP 17.01'!A:A,'[2]Trình bày'!B23) -> 74800 | F23: =IFERROR(_xlfn.XLOOKUP(B23,'[2]tồn TP 17.01'!A:A,'[2]tồn TP 17.01'!L:L),0) -> 0 | I23: =H23-G23 -> 0 | J23: =27463/26.5 -> 1036.3396 | N23: Không báo giá (SP SX bán cho Amcor) | O23: Giá tồn kho
A24: =+A23+1 -> 7 | B24: 110000333 | C24: Hạt nhựa rPET WSS03 | E24: =SUMIFS('[2]tồn TP 17.01'!H:H,'[2]tồn TP 17.01'!A:A,'[2]Trình bày'!B24) -> 0 | F24: =IFERROR(_xlfn.XLOOKUP(B24,'[2]tồn TP 17.01'!A:A,'[2]tồn TP 17.01'!L:L),0) -> 0 | I24: =H24-G24 -> 0 | J24: 0 | N24: Không báo giá (hàng chờ xử lý) | O24: Giá tồn kho
A25: =+A24+1 -> 8 | B25: 110000376 | C25: Hạt nhựa rPET iSS01L | E25: =SUMIFS('[2]tồn TP 17.01'!H:H,'[2]tồn TP 17.01'!A:A,'[2]Trình bày'!B25) -> 800 | F25: =IFERROR(_xlfn.XLOOKUP(B25,'[2]tồn TP 17.01'!A:A,'[2]tồn TP 17.01'!L:L),0) -> 25 | I25: =H25-G25 -> 0 | J25: =31171/26.5 -> 1176.2642 | N25: Không báo giá (hàng chờ xử lý) | O25: Giá tồn kho
A26: =+A25+1 -> 9 | B26: 110000331 | C26: Hạt nhựa rPET WSS02 | E26: =SUMIFS('[2]tồn TP 17.01'!H:H,'[2]tồn TP 17.01'!A:A,'[2]Trình bày'!B26) -> 0 | F26: =IFERROR(_xlfn.XLOOKUP(B26,'[2]tồn TP 17.01'!A:A,'[2]tồn TP 17.01'!L:L),0) -> 0 | I26: =H26-G26 -> 0 | N26: Không báo giá (hàng chờ xử lý)
A27: =+A26+1 -> 10 | B27: 110000330 | C27: Hạt nhựa rPET iSS01 | E27: =SUMIFS('[2]tồn TP 17.01'!H:H,'[2]tồn TP 17.01'!A:A,'[2]Trình bày'!B27) -> 0 | F27: =IFERROR(_xlfn.XLOOKUP(B27,'[2]tồn TP 17.01'!A:A,'[2]tồn TP 17.01'!L:L),0) -> 0 | I27: =H27-G27 -> 0 | N27: Không báo giá (hàng chờ xử lý)
A28: =+A27+1 -> 11 | B28: 110000475 | C28: Hạt nhựa rPET WSS03G FRH | E28: =SUMIFS('[2]tồn TP 17.01'!H:H,'[2]tồn TP 17.01'!A:A,'[2]Trình bày'!B28) -> 0 | F28: =IFERROR(_xlfn.XLOOKUP(B28,'[2]tồn TP 17.01'!A:A,'[2]tồn TP 17.01'!L:L),0) -> 0 | I28: =H28-G28 -> 0 | N28: Không báo giá (hàng chờ xử lý)
A29: III | B29: MÃ HÀNG SẢN XUẤT TỪ PHÓ SẢN NGÀNH PET
A30: 1 | B30: 110000466 | C30: Hạt Nhựa rPET WSS05SB-2 | E30: =SUMIFS('[2]tồn TP 17.01'!H:H,'[2]tồn TP 17.01'!A:A,'[2]Trình bày'!B30) -> 16099 | F30: =IFERROR(_xlfn.XLOOKUP(B30,'[2]tồn TP 17.01'!A:A,'[2]tồn TP 17.01'!L:L),0) -> 37229.167 | G30: 770 | H30: 770 | J30: 921 | K30: =(H30-J30) -> -151 | L30: =+K30/H30 -> -0.1961039 | O30: 82% Vảy B6.2_A3 và 18% vảy B7_A3
A31: =A30+1 -> 2 | B31: 110000436 | C31: Hạt nhựa rPET WSS05SB | E31: =SUMIFS('[2]tồn TP 17.01'!H:H,'[2]tồn TP 17.01'!A:A,'[2]Trình bày'!B31) -> 652880.7 | F31: =IFERROR(_xlfn.XLOOKUP(B31,'[2]tồn TP 17.01'!A:A,'[2]tồn TP 17.01'!L:L),0) -> 91368.75 | G31: 720 | H31: 720 | I31: =H31-G31 -> 0 | J31: 949 | K31: =(H31-J31) -> -229 | L31: =+K31/H31 -> -0.31805556 | O31: 100% Vảy B6.2_A3 và 90% B6.2_A3, 10% Bụi tank C,D sau vắt
A32: 2 | B32: 110000382 | C32: Hạt nhựa rPET WSS04SB | E32: =SUMIFS('[2]tồn TP 17.01'!H:H,'[2]tồn TP 17.01'!A:A,'[2]Trình bày'!B32) -> 1050 | F32: =IFERROR(_xlfn.XLOOKUP(B32,'[2]tồn TP 17.01'!A:A,'[2]tồn TP 17.01'!L:L),0) -> 83.333333 | G32: 1030 | H32: =H7-130 -> 1030 | I32: =H32-G32 -> 0 | J32: 559 | K32: =(H32-J32) -> 471 | L32: =+K32/H32 -> 0.45728155 | O32: 100% vảy PET B1_A3
A33: =A32+1 -> 3 | B33: 110000384 | C33: Hạt Nhựa Xơ Sợi Thử Nghiệm | E33: =SUMIFS('[2]tồn TP 17.01'!H:H,'[2]tồn TP 17.01'!A:A,'[2]Trình bày'!B33) -> 171597.5 | F33: =IFERROR(_xlfn.XLOOKUP(B33,'[2]tồn TP 17.01'!A:A,'[2]tồn TP 17.01'!L:L),0) -> 0 | I33: =H33-G33 -> 0 | O33: Không đạt WSS04SB, WSS04SB, WSS04SD rớt xuống mã xơ sợi thử nghiệm
A34: 3 | B34: 110000381 | C34: Hạt nhựa rPET WSS04SD | E34: =SUMIFS('[2]tồn TP 17.01'!H:H,'[2]tồn TP 17.01'!A:A,'[2]Trình bày'!B34) -> 68712.6 | F34: =IFERROR(_xlfn.XLOOKUP(B34,'[2]tồn TP 17.01'!A:A,'[2]tồn TP 17.01'!L:L),0) -> 7335.4167 | G34: 1030 | H34: =H32 -> 1030 | I34: =H34-G34 -> 0 | J34: 621 | K34: =(H34-J34) -> 409 | L34: =+K34/H34 -> 0.39708738 | O34: Tomra_A1/ Zigzag_A1
A35: =A34+1 -> 4 | B35: 110000387 | C35: Hạt nhựa rPET WSS03SD | E35: =SUMIFS('[2]tồn TP 17.01'!H:H,'[2]tồn TP 17.01'!A:A,'[2]Trình bày'!B35) -> 13179.6 | F35: =IFERROR(_xlfn.XLOOKUP(B35,'[2]tồn TP 17.01'!A:A,'[2]tồn TP 17.01'!L:L),0) -> 2.0833333 | G35: 1030 | H35: =H32 -> 1030 | I35: =H35-G35 -> 0 | J35: 710 | K35: =(H35-J35) -> 320 | L35: =+K35/H35 -> 0.31067961 | O35: Tomra_A1/ Zigzag_A1
A36: 4 | B36: 110000464 | C36: Hạt Nhựa rPET WSS06SP-1 | E36: =SUMIFS('[2]tồn TP 17.01'!H:H,'[2]tồn TP 17.01'!A:A,'[2]Trình bày'!B36) -> 90593 | F36: =IFERROR(_xlfn.XLOOKUP(B36,'[2]tồn TP 17.01'!A:A,'[2]tồn TP 17.01'!L:L),0) -> 0 | G36: 570 | H36: 570 | I36: =H36-G36 -> 0 | J36: 634 | K36: =(H36-J36) -> -64 | L36: =+K36/H36 -> -0.1122807 | O36: Chuyển từ hàng xơ sợi thử nghiệm qua
A37: =A36+1 -> 5 | B37: 110000430 | C37: Hạt Nhựa rPET Bán Thành Phẩm | E37: =SUMIFS('[2]tồn TP 17.01'!H:H,'[2]tồn TP 17.01'!A:A,'[2]Trình bày'!B37) -> 37399 | F37: =IFERROR(_xlfn.XLOOKUP(B37,'[2]tồn TP 17.01'!A:A,'[2]tồn TP 17.01'!L:L),0) -> 0 | O37: Phó sản PET tuyển nổi 2 + phó sản hạt cắt lỗi
A38: B | B38: rHDPE THỔI
A39: I | B39: MÃ HÀNG ĐANG BÁN
A40: 1 | B40: 110000339 | C40: Hạt Nhựa rHDPE MBF01 | D40: Trong | E40: =SUMIFS('[2]tồn TP 17.01'!H:H,'[2]tồn TP 17.01'!A:A,'[2]Trình bày'!B40) -> 478482.8 | F40: =IFERROR(_xlfn.XLOOKUP(B40,'[2]tồn TP 17.01'!A:A,'[2]tồn TP 17.01'!L:L),0) -> 112733.33 | I40: =H40-G40 -> 0 | J40: 1083.9522 | N40: Theo giá U => ko đề xuất trong duyệt giá
A41: =+A40+1 -> 2 | B41: 110000426 | C41: Hạt Nhựa HCBF-Yel-U | D41: Vàng | E41: =SUMIFS('[2]tồn TP 17.01'!H:H,'[2]tồn TP 17.01'!A:A,'[2]Trình bày'!B41) -> 40547 | F41: =IFERROR(_xlfn.XLOOKUP(B41,'[2]tồn TP 17.01'!A:A,'[2]tồn TP 17.01'!L:L),0) -> 29906.25 | I41: =H41-G41 -> 0 | J41: 1078.3594 | N41: Theo giá U => ko đề xuất trong duyệt giá
A42: =+A41+1 -> 3 | B42: 110000374 | C42: Hạt Nhựa rHDB03N02 | D42: Trong | E42: =SUMIFS('[2]tồn TP 17.01'!H:H,'[2]tồn TP 17.01'!A:A,'[2]Trình bày'!B42) -> 312564.4 | F42: =IFERROR(_xlfn.XLOOKUP(B42,'[2]tồn TP 17.01'!A:A,'[2]tồn TP 17.01'!L:L),0) -> 33941.667 | G42: 1200 | H42: 1200 | I42: =H42-G42 -> 0 | J42: =+J40 -> 1083.9522 | K42: =(H42-J42) -> 116.04785 | L42: =+K42/H42 -> 0.09670654
A43: =+A42+1 -> 4 | B43: 110000443 | C43: Hạt Nhựa rHDA03N01 | D43: Trong | E43: =SUMIFS('[2]tồn TP 17.01'!H:H,'[2]tồn TP 17.01'!A:A,'[2]Trình bày'!B43) -> 1899 | F43: =IFERROR(_xlfn.XLOOKUP(B43,'[2]tồn TP 17.01'!A:A,'[2]tồn TP 17.01'!L:L),0) -> 16885.417 | G43: 1300 | H43: 1300 | I43: =H43-G43 -> 0 | J43: =+J42+7 -> 1090.9522 | K43: =(H43-J43) -> 209.04785 | L43: =+K43/H43 -> 0.16080604
A44: =+A43+1 -> 5 | B44: 110000481 | C44: Hạt Nhựa rHDPE PCF01 | D44: Trong | E44: =SUMIFS('[2]tồn TP 17.01'!H:H,'[2]tồn TP 17.01'!A:A,'[2]Trình bày'!B44) -> 399670 | F44: =IFERROR(_xlfn.XLOOKUP(B44,'[2]tồn TP 17.01'!A:A,'[2]tồn TP 17.01'!L:L),0) -> 19541.667 | I44: =H44-G44 -> 0 | N44: Theo giá U => ko đề xuất trong duyệt giá
A45: =+A44+1 -> 6 | B45: 110000425 | C45: Hạt Nhựa HCBF-Whi-U | D45: Trắng | E45: =SUMIFS('[2]tồn TP 17.01'!H:H,'[2]tồn TP 17.01'!A:A,'[2]Trình bày'!B45) -> 132057.5 | F45: =IFERROR(_xlfn.XLOOKUP(B45,'[2]tồn TP 17.01'!A:A,'[2]tồn TP 17.01'!L:L),0) -> 5158.3333 | I45: =H45-G45 -> 0 | N45: Theo giá U => ko đề xuất trong duyệt giá
A46: =+A45+1 -> 7 | B46: 110000495 | C46: Hạt Nhựa rHDA03W01 | D46: Trắng | E46: =SUMIFS('[2]tồn TP 17.01'!H:H,'[2]tồn TP 17.01'!A:A,'[2]Trình bày'!B46) -> 15828 | F46: =IFERROR(_xlfn.XLOOKUP(B46,'[2]tồn TP 17.01'!A:A,'[2]tồn TP 17.01'!L:L),0) -> 104.16667 | G46: 1250 | H46: 1250 | I46: =H46-G46 -> 0 | J46: =1118.52567142482+7 -> 1125.5257 | K46: =(H46-J46) -> 124.47433 | L46: =+K46/H46 -> 0.099579463
A47: II | B47: MÃ HÀNG BÁN CHẬM
A48: =1 -> 1 | B48: 110000385 | C48: Hạt Nhựa rHDB05N01 | D48: Trong | E48: =SUMIFS('[2]tồn TP 17.01'!H:H,'[2]tồn TP 17.01'!A:A,'[2]Trình bày'!B48) -> 41250 | F48: =IFERROR(_xlfn.XLOOKUP(B48,'[2]tồn TP 17.01'!A:A,'[2]tồn TP 17.01'!L:L),0) -> 0 | G48: 1200 | H48: 1200 | I48: =H48-G48 -> 0 | J48: =31516/26.5 -> 1189.283 | K48: =(H48-J48) -> 10.716981 | L48: =+K48/H48 -> 0.0089308176 | N48: Giá tồn kho từ 2023 | O48: mix với hàng MI thấp, do hết hạt MBF01 phân lập MI thấp nên còn tồn kho
A49: =A48+1 -> 2 | B49: 110000345 | C49: Hạt Nhựa rHDB03Y01 | D49: Vàng | E49: =SUMIFS('[2]tồn TP 17.01'!H:H,'[2]tồn TP 17.01'!A:A,'[2]Trình bày'!B49) -> 3575 | F49: =IFERROR(_xlfn.XLOOKUP(B49,'[2]tồn TP 17.01'!A:A,'[2]tồn TP 17.01'!L:L),0) -> 0 | G49: 1200 | H49: 1200 | I49: =H49-G49 -> 0 | J49: =34395/26.5 -> 1297.9245 | K49: =(H49-J49) -> -97.924528 | L49: =+K49/H49 -> -0.081603774 | N49: Giá tồn kho từ 2024
A50: =A49+1 -> 3 | B50: 110000427 | C50: Hạt Nhựa HCBF-Gre-U | D50: Lá | E50: =SUMIFS('[2]tồn TP 17.01'!H:H,'[2]tồn TP 17.01'!A:A,'[2]Trình bày'!B50) -> 18774 | F50: =IFERROR(_xlfn.XLOOKUP(B50,'[2]tồn TP 17.01'!A:A,'[2]tồn TP 17.01'!L:L),0) -> 0 | I50: =H50-G50 -> 0 | J50: =21813/26.5 -> 823.13208 | N50: Theo giá U => ko đề xuất trong duyệt giá
A51: =A50+1 -> 4 | B51: 110000343 | C51: Hạt Nhựa rHDB03G01 | D51: Lá | E51: =SUMIFS('[2]tồn TP 17.01'!H:H,'[2]tồn TP 17.01'!A:A,'[2]Trình bày'!B51) -> 13300 | F51: =IFERROR(_xlfn.XLOOKUP(B51,'[2]tồn TP 17.01'!A:A,'[2]tồn TP 17.01'!L:L),0) -> 0 | G51: 1200 | H51: 1200 | I51: =H51-G51 -> 0 | J51: =+J50 -> 823.13208 | K51: =(H51-J51) -> 376.86792 | L51: =+K51/H51 -> 0.3140566 | N51: Giá tồn kho từ 2023
A52: =A51+1 -> 5 | B52: 110000336 | C52: Hạt nhựa rHDPE thử nghiệm | E52: =SUMIFS('[2]tồn TP 17.01'!H:H,'[2]tồn TP 17.01'!A:A,'[2]Trình bày'!B52) -> 11453.9 | F52: =IFERROR(_xlfn.XLOOKUP(B52,'[2]tồn TP 17.01'!A:A,'[2]tồn TP 17.01'!L:L),0) -> 0 | I52: =H52-G52 -> 0
A53: =A52+1 -> 6 | B53: 110000337 | C53: Hạt Nhựa rHDB03W01 | D53: Trắng | E53: =SUMIFS('[2]tồn TP 17.01'!H:H,'[2]tồn TP 17.01'!A:A,'[2]Trình bày'!B53) -> 350 | F53: =IFERROR(_xlfn.XLOOKUP(B53,'[2]tồn TP 17.01'!A:A,'[2]tồn TP 17.01'!L:L),0) -> 0 | G53: 1200 | H53: 1200 | I53: =H53-G53 -> 0 | J53: 1118.5257 | K53: =(H53-J53) -> 81.474329 | L53: =+K53/H53 -> 0.067895274
A54: =A53+1 -> 7 | B54: 110000433 | C54: Hạt Nhựa rHDB03N03 | D54: Trong | E54: =SUMIFS('[2]tồn TP 17.01'!H:H,'[2]tồn TP 17.01'!A:A,'[2]Trình bày'!B54) -> 0 | F54: =IFERROR(_xlfn.XLOOKUP(B54,'[2]tồn TP 17.01'!A:A,'[2]tồn TP 17.01'!L:L),0) -> 0 | G54: 1200 | H54: 1200 | I54: =H54-G54 -> 0 | J54: =30000/26.5 -> 1132.0755 | K54: =(H54-J54) -> 67.924528 | L54: =+K54/H54 -> 0.056603774 | N54: Giá tồn kho, hiện tại không sản xuất | O54: Mã đã không còn trong duyệt giá
A55: =A54+1 -> 8 | B55: 110000429 | C55: Hạt Nhựa rHDPE MAF01 | D55: Trong | E55: =SUMIFS('[2]tồn TP 17.01'!H:H,'[2]tồn TP 17.01'!A:A,'[2]Trình bày'!B55) -> 0 | F55: =IFERROR(_xlfn.XLOOKUP(B55,'[2]tồn TP 17.01'!A:A,'[2]tồn TP 17.01'!L:L),0) -> 0 | G55: 1300 | H55: 1300 | I55: =H55-G55 -> 0 | J55: =27625/26.5 -> 1042.4528 | K55: =(H55-J55) -> 257.54717 | L55: =+K55/H55 -> 0.19811321 | N55: Giá tồn kho từ T1.2024
A56: =A55+1 -> 9 | B56: 110000432 | C56: Hạt Nhựa rHDB03N01 | D56: Trong | E56: =SUMIFS('[2]tồn TP 17.01'!H:H,'[2]tồn TP 17.01'!A:A,'[2]Trình bày'!B56) -> 0 | F56: =IFERROR(_xlfn.XLOOKUP(B56,'[2]tồn TP 17.01'!A:A,'[2]tồn TP 17.01'!L:L),0) -> 0 | G56: 1200 | H56: 1200 | I56: =H56-G56 -> 0 | J56: =+J42 -> 1083.9522 | K56: =(H56-J56) -> 116.04785 | L56: =+K56/H56 -> 0.09670654
A57: III | B57: MÃ HÀNG SẢN SUẤT TỪ PHÓ SẢN NGÀNH HDPE
A58: 1 | B58: 110000341 | C58: Hạt nhựa rHDB04B01 | D58: Đen | E58: =SUMIFS('[2]tồn TP 17.01'!H:H,'[2]tồn TP 17.01'!A:A,'[2]Trình bày'!B58) -> 68200 | F58: =IFERROR(_xlfn.XLOOKUP(B58,'[2]tồn TP 17.01'!A:A,'[2]tồn TP 17.01'!L:L),0) -> 34610.417 | G58: 780 | H58: 780 | I58: =H58-G58 -> 0 | K58: =(H58-J58) -> 780 | L58: =+K58/H58 -> 1 | O58: Vảy HD ép đen mix phó sản HD thổi các loại
A59: C | B59: rHDPE ÉP
A60: I | B60: MÃ HÀNG ĐANG BÁN
A61: 1 | B61: 110000360 | C61: Hạt nhựa rHDI4L01 | D61: Dương | E61: =SUMIFS('[2]tồn TP 17.01'!H:H,'[2]tồn TP 17.01'!A:A,'[2]Trình bày'!B61) -> 32795 | F61: =IFERROR(_xlfn.XLOOKUP(B61,'[2]tồn TP 17.01'!A:A,'[2]tồn TP 17.01'!L:L),0) -> 15583.333 | G61: 740 | H61: 740 | I61: =H61-G61 -> 0 | J61: 741 | K61: =(H61-J61) -> -1 | L61: =+K61/H61 -> -0.0013513514 | N61: Không bền vững
A62: =+A61+1 -> 2 | B62: 110000366 | C62: Hạt nhựa rHDI3G01 | D62: Lá | E62: =SUMIFS('[2]tồn TP 17.01'!H:H,'[2]tồn TP 17.01'!A:A,'[2]Trình bày'!B62) -> 1098 | F62: =IFERROR(_xlfn.XLOOKUP(B62,'[2]tồn TP 17.01'!A:A,'[2]tồn TP 17.01'!L:L),0) -> 17158.333 | G62: 740 | H62: 740 | I62: =H62-G62 -> 0 | J62: 741 | K62: =(H62-J62) -> -1 | L62: =+K62/H62 -> -0.0013513514 | N62: Không bền vững
A63: =+A62+1 -> 3 | B63: 110000361 | C63: Hạt nhựa rHDI3R01 | D63: Đỏ | E63: =SUMIFS('[2]tồn TP 17.01'!H:H,'[2]tồn TP 17.01'!A:A,'[2]Trình bày'!B63) -> 51753 | F63: =IFERROR(_xlfn.XLOOKUP(B63,'[2]tồn TP 17.01'!A:A,'[2]tồn TP 17.01'!L:L),0) -> 12293.75 | G63: 740 | H63: 740 | I63: =H63-G63 -> 0 | J63: 741 | K63: =(H63-J63) -> -1 | L63: =+K63/H63 -> -0.0013513514 | N63: Không bền vững
A64: =+A63+1 -> 4 | B64: 110000496 | C64: Hạt Nhựa rHDI7DL02 | D64: Dương | E64: =SUMIFS('[2]tồn TP 17.01'!H:H,'[2]tồn TP 17.01'!A:A,'[2]Trình bày'!B64) -> 1448 | F64: =IFERROR(_xlfn.XLOOKUP(B64,'[2]tồn TP 17.01'!A:A,'[2]tồn TP 17.01'!L:L),0) -> 2083.3333 | G64: 740 | H64: 740 | I64: =H64-G64 -> 0 | J64: =33028/26.5 -> 1246.3396 | K64: =(H64-J64) -> -506.33962 | L64: =+K64/H64 -> -0.68424273 | N64: Không bền vững | O64: Hàng tồn kho từ tháng 2.2025 sx cho Outerinho
A65: =+A64+1 -> 5 | B65: 110000364 | C65: Hạt nhựa rHDI3Y01 | D65: Vàng | E65: =SUMIFS('[2]tồn TP 17.01'!H:H,'[2]tồn TP 17.01'!A:A,'[2]Trình bày'!B65) -> 29015 | F65: =IFERROR(_xlfn.XLOOKUP(B65,'[2]tồn TP 17.01'!A:A,'[2]tồn TP 17.01'!L:L),0) -> 10325 | G65: 740 | H65: 740 | I65: =H65-G65 -> 0 | J65: 741 | K65: =(H65-J65) -> -1 | L65: =+K65/H65 -> -0.0013513514 | N65: Không bền vững
A66: =+A65+1 -> 6 | B66: 110000365 | C66: Hạt nhựa rHDI3W01 | D66: Trắng | E66: =SUMIFS('[2]tồn TP 17.01'!H:H,'[2]tồn TP 17.01'!A:A,'[2]Trình bày'!B66) -> 61185.4 | F66: =IFERROR(_xlfn.XLOOKUP(B66,'[2]tồn TP 17.01'!A:A,'[2]tồn TP 17.01'!L:L),0) -> 1333.3333 | G66: 740 | H66: 740 | I66: =H66-G66 -> 0 | J66: =+J65 -> 741 | K66: =(H66-J66) -> -1 | L66: =+K66/H66 -> -0.0013513514 | N66: Không bền vững
A67: =+A66+1 -> 7 | B67: 110000431 | C67: Hạt Nhựa rHDI3Gy02 | D67: Xám | E67: =SUMIFS('[2]tồn TP 17.01'!H:H,'[2]tồn TP 17.01'!A:A,'[2]Trình bày'!B67) -> 3448 | F67: =IFERROR(_xlfn.XLOOKUP(B67,'[2]tồn TP 17.01'!A:A,'[2]tồn TP 17.01'!L:L),0) -> 916.66667 | G67: 660 | H67: 660 | I67: =H67-G67 -> 0 | J67: =23812/26.5 -> 898.56604 | K67: =(H67-J67) -> -238.56604 | L67: =+K67/H67 -> -0.36146369 | N67: Không bền vững | O67: Phó sản
A68: =+A67+1 -> 8 | B68: 110000363 | C68: Hạt nhựa rHDI3Gy01 | D68: Xám | E68: =SUMIFS('[2]tồn TP 17.01'!H:H,'[2]tồn TP 17.01'!A:A,'[2]Trình bày'!B68) -> 244671.9 | F68: =IFERROR(_xlfn.XLOOKUP(B68,'[2]tồn TP 17.01'!A:A,'[2]tồn TP 17.01'!L:L),0) -> 452.08333 | G68: 740 | H68: 740 | I68: =H68-G68 -> 0 | J68: =18653/26.5 -> 703.88679 | K68: =(H68-J68) -> 36.113208 | L68: =+K68/H68 -> 0.048801632 | N68: Không bền vững | O68: Hàng tồn từ tháng 12.2024
A69: II | B69: MÃ HÀNG BÁN CHẬM
A70: =1 -> 1 | B70: 110000373 | C70: Hạt nhựa rHDI4DL01 | D70: Dương | E70: =SUMIFS('[2]tồn TP 17.01'!H:H,'[2]tồn TP 17.01'!A:A,'[2]Trình bày'!B70) -> 6235.4 | F70: =IFERROR(_xlfn.XLOOKUP(B70,'[2]tồn TP 17.01'!A:A,'[2]tồn TP 17.01'!L:L),0) -> 0 | G70: 740 | H70: 740 | I70: =H70-G70 -> 0 | J70: =22637/26.5 -> 854.22642 | K70: =(H70-J70) -> -114.22642 | L70: =+K70/H70 -> -0.15436002 | N70: Không bền vững | O70: Hàng tồn kho từ tháng 2.2025
A72: D | B72: Vảy HDPE ép
A73: I | B73: MÃ HÀNG ĐANG BÁN
A74: 4 | B74: 110000407 | C74: Vảy HD Ép Đỏ | D74: Đỏ | E74: =SUMIFS('[2]tồn TP 17.01'!H:H,'[2]tồn TP 17.01'!A:A,'[2]Trình bày'!B74) -> 112728 | F74: =IFERROR(_xlfn.XLOOKUP(B74,'[2]tồn TP 17.01'!A:A,'[2]tồn TP 17.01'!L:L),0) -> 19297.917 | G74: 665 | H74: 665 | I74: =H74-G74 -> 0 | J74: 601 | K74: =(H74-J74) -> 64 | L74: =+K74/H74 -> 0.096240602 | N74: Đang bán gía thấp để giảm tồn kho
A75: 2 | B75: 110000409 | C75: Vảy HD Ép Vàng | D75: Vàng | E75: =SUMIFS('[2]tồn TP 17.01'!H:H,'[2]tồn TP 17.01'!A:A,'[2]Trình bày'!B75) -> 51603 | F75: =IFERROR(_xlfn.XLOOKUP(B75,'[2]tồn TP 17.01'!A:A,'[2]tồn TP 17.01'!L:L),0) -> 9777.0833 | G75: 665 | H75: 665 | I75: =H75-G75 -> 0 | J75: 601 | K75: =(H75-J75) -> 64 | L75: =+K75/H75 -> 0.096240602
A76: 1 | B76: 110000410 | C76: Vảy HD Ép Lá | D76: Lá | E76: =SUMIFS('[2]tồn TP 17.01'!H:H,'[2]tồn TP 17.01'!A:A,'[2]Trình bày'!B76) -> 25349 | F76: =IFERROR(_xlfn.XLOOKUP(B76,'[2]tồn TP 17.01'!A:A,'[2]tồn TP 17.01'!L:L),0) -> 10447.917 | G76: 665 | H76: 665 | I76: =H76-G76 -> 0 | J76: 601 | K76: =(H76-J76) -> 64 | L76: =+K76/H76 -> 0.096240602
A77: 7 | B77: 110000411 | C77: Vảy HD Ép Dương | D77: Dương | E77: =SUMIFS('[2]tồn TP 17.01'!H:H,'[2]tồn TP 17.01'!A:A,'[2]Trình bày'!B77) -> 56175 | F77: =IFERROR(_xlfn.XLOOKUP(B77,'[2]tồn TP 17.01'!A:A,'[2]tồn TP 17.01'!L:L),0) -> 5527.0833 | G77: 665 | H77: 665 | I77: =H77-G77 -> 0 | J77: 601 | K77: =(H77-J77) -> 64 | L77: =+K77/H77 -> 0.096240602
A78: 5 | B78: 110000408 | C78: Vảy HD Ép Trắng | D78: Trắng | E78: =SUMIFS('[2]tồn TP 17.01'!H:H,'[2]tồn TP 17.01'!A:A,'[2]Trình bày'!B78) -> 179758.2 | F78: =IFERROR(_xlfn.XLOOKUP(B78,'[2]tồn TP 17.01'!A:A,'[2]tồn TP 17.01'!L:L),0) -> 44552.083 | G78: 665 | H78: 665 | I78: =H78-G78 -> 0 | J78: 601 | K78: =(H78-J78) -> 64 | L78: =+K78/H78 -> 0.096240602
A79: 6 | B79: 110000412 | C79: Vảy HD Ép Đen | D79: Đen | E79: =SUMIFS('[2]tồn TP 17.01'!H:H,'[2]tồn TP 17.01'!A:A,'[2]Trình bày'!B79) -> 40672 | F79: =IFERROR(_xlfn.XLOOKUP(B79,'[2]tồn TP 17.01'!A:A,'[2]tồn TP 17.01'!L:L),0) -> 3293.75 | G79: 665 | H79: 665 | I79: =H79-G79 -> 0 | J79: 601 | K79: =(H79-J79) -> 64 | L79: =+K79/H79 -> 0.096240602
A80: 7 | B80: 110000413 | C80: Vảy HD Ép Đồng | D80: Đồng | E80: =SUMIFS('[2]tồn TP 17.01'!H:H,'[2]tồn TP 17.01'!A:A,'[2]Trình bày'!B80) -> 154674.5 | F80: =IFERROR(_xlfn.XLOOKUP(B80,'[2]tồn TP 17.01'!A:A,'[2]tồn TP 17.01'!L:L),0) -> 47.916667 | G80: 665 | H80: 665 | I80: =H80-G80 -> 0 | J80: 601 | K80: =(H80-J80) -> 64 | L80: =+K80/H80 -> 0.096240602
A81: II | B81: MÃ HÀNG BÁN CHẬM
A82: =1 -> 1 | B82: 110000469 | C82: Vảy HD Ép Dương Bình Thuận | D82: Dương | E82: =SUMIFS('[2]tồn TP 17.01'!H:H,'[2]tồn TP 17.01'!A:A,'[2]Trình bày'!B82) -> 5700 | F82: =IFERROR(_xlfn.XLOOKUP(B82,'[2]tồn TP 17.01'!A:A,'[2]tồn TP 17.01'!L:L),0) -> 0 | J82: =19448/26.5 -> 733.88679 | N82: SP bán cho Bình Thuận | O82: Hàng tồn kho từ T11.2024
A84: E | B84: rPP
A85: I | B85: MÃ HÀNG ĐANG BÁN
A86: 1 | B86: 110000389 | C86: Hạt nhựa rPP20R02 | D86: Đỏ | E86: =SUMIFS('[2]tồn TP 17.01'!H:H,'[2]tồn TP 17.01'!A:A,'[2]Trình bày'!B86) -> 4090 | F86: =IFERROR(_xlfn.XLOOKUP(B86,'[2]tồn TP 17.01'!A:A,'[2]tồn TP 17.01'!L:L),0) -> 8573.3333 | G86: 900/695 | H86: 900/695 | I86: 0/0 | J86: =27883/26.5 -> 1052.1887 | K86: -152/-357 | L86: -17%/-51% | N86: Bền vững/ ko bền vững | O86: Giá tồn kho | Q86: 1025 | R86: =J86 -> 1052.1887 | S86: =Q86-R86 -> -27.188679 | T86: =S86/Q86 -> -0.026525541
A87: =+A86+1 -> 2 | B87: 110000471 | C87: Hạt Nhựa rPP20L05 | D87: Dương | E87: =SUMIFS('[2]tồn TP 17.01'!H:H,'[2]tồn TP 17.01'!A:A,'[2]Trình bày'!B87) -> 9347 | F87: =IFERROR(_xlfn.XLOOKUP(B87,'[2]tồn TP 17.01'!A:A,'[2]tồn TP 17.01'!L:L),0) -> 5583.3333 | G87: 900/695 | H87: 900/695 | I87: 0/0 | J87: =28226/26.5 -> 1065.1321 | K87: -165/-370 | L87: -18%/-53% | N87: Bền vững/ ko bền vững | O87: Giá tồn kho
A88: =+A87+1 -> 3 | B88: 110000472 | C88: Hạt Nhựa rPP20Gy01 | D88: Xám | E88: =SUMIFS('[2]tồn TP 17.01'!H:H,'[2]tồn TP 17.01'!A:A,'[2]Trình bày'!B88) -> 8727.5 | F88: =IFERROR(_xlfn.XLOOKUP(B88,'[2]tồn TP 17.01'!A:A,'[2]tồn TP 17.01'!L:L),0) -> 2996.25 | G88: 900/695 | H88: 900/695 | I88: 0/0 | J88: =35442/26.5 -> 1337.434 | K88: -437/-642 | L88: -49%/-92% | N88: Bền vững/ ko bền vững | O88: Giá tồn kho
A89: =+A88+1 -> 4 | B89: 110000435 | C89: Hạt Nhựa rPP20L03 | D89: Dương | E89: =SUMIFS('[2]tồn TP 17.01'!H:H,'[2]tồn TP 17.01'!A:A,'[2]Trình bày'!B89) -> 1990 | F89: =IFERROR(_xlfn.XLOOKUP(B89,'[2]tồn TP 17.01'!A:A,'[2]tồn TP 17.01'!L:L),0) -> 1292.0833 | G89: 900/695 | H89: 900/695 | I89: 0/0 | J89: =30087/26.5 -> 1135.3585 | K89: -235/-440 | L89: -26%/-63% | N89: Bền vững/ ko bền vững | O89: Giá tồn kho
A90: =+A89+1 -> 5 | B90: 110000508 | C90: Hạt Nhựa rPP20W02 | D90: Trắng | E90: =SUMIFS('[2]tồn TP 17.01'!H:H,'[2]tồn TP 17.01'!A:A,'[2]Trình bày'!B90) -> 518.7 | F90: =IFERROR(_xlfn.XLOOKUP(B90,'[2]tồn TP 17.01'!A:A,'[2]tồn TP 17.01'!L:L),0) -> 416.66667 | G90: 900/695 | H90: 900/695 | I90: 0/0 | J90: =35103/26.5 -> 1324.6415 | K90: -425/-630 | L90: -47%/-91% | N90: Bền vững/ ko bền vững | O90: Giá tồn kho
A91: =+A90+1 -> 6 | B91: 110000392 | C91: Hạt nhựa rPP20B01 | D91: Đen | E91: =SUMIFS('[2]tồn TP 17.01'!H:H,'[2]tồn TP 17.01'!A:A,'[2]Trình bày'!B91) -> 27858 | F91: =IFERROR(_xlfn.XLOOKUP(B91,'[2]tồn TP 17.01'!A:A,'[2]tồn TP 17.01'!L:L),0) -> 60.833333 | G91: 800/595 | H91: 800/595 | I91: 0/0 | J91: =18301/26.5 -> 690.60377 | K91: -109/-96 | L91: 14%/-16% | N91: Bền vững/ ko bền vững | O91: Giá tồn kho | Q91: 1025 | R91: =J91 -> 690.60377 | S91: =Q91-R91 -> 334.39623 | T91: =S91/Q91 -> 0.32624022
A92: =+A91+1 -> 7 | B92: 110000482 | C92: Hạt Nhựa rPP20W01 | D92: Trắng | E92: =SUMIFS('[2]tồn TP 17.01'!H:H,'[2]tồn TP 17.01'!A:A,'[2]Trình bày'!B92) -> 5032.9 | F92: =IFERROR(_xlfn.XLOOKUP(B92,'[2]tồn TP 17.01'!A:A,'[2]tồn TP 17.01'!L:L),0) -> 31.666667 | G92: 900/695 | H92: 900/695 | I92: 0/0 | J92: =36122/26.5 -> 1363.0943 | K92: -463/-668 | L92: -51%/-96% | N92: Bền vững/ ko bền vững | O92: Giá tồn kho | Q92: 1025 | R92: =J92 -> 1363.0943 | S92: =Q92-R92 -> -338.09434 | T92: =S92/Q92 -> -0.32984814
A93: =+A92+1 -> 8 | B93: 110000394 | C93: Hạt nhựa rPP15Gy02 | D93: Xám | E93: =SUMIFS('[2]tồn TP 17.01'!H:H,'[2]tồn TP 17.01'!A:A,'[2]Trình bày'!B93) -> 1370 | F93: =IFERROR(_xlfn.XLOOKUP(B93,'[2]tồn TP 17.01'!A:A,'[2]tồn TP 17.01'!L:L),0) -> 4.1666667 | G93: 900/695 | H93: 900/695 | I93: 0/0 | J93: =29594/26.5 -> 1116.7547 | K93: -217/-422 | L93: -24%/-61% | N93: Bền vững/ ko bền vững | O93: Giá tồn kho
A94: =+A93+1 -> 9 | B94: 110000470 | C94: Hạt Nhựa rPP20L04 | D94: Dương | E94: =SUMIFS('[2]tồn TP 17.01'!H:H,'[2]tồn TP 17.01'!A:A,'[2]Trình bày'!B94) -> 1500 | F94: =IFERROR(_xlfn.XLOOKUP(B94,'[2]tồn TP 17.01'!A:A,'[2]tồn TP 17.01'!L:L),0) -> 4.1666667 | G94: 900/695 | H94: 900/695 | I94: 0/0 | J94: =22506/26.5 -> 849.28302 | K94: 51/-154 | L94: 6%/-22% | N94: Bền vững/ ko bền vững | O94: Giá tồn kho
A95: II | B95: MÃ HÀNG BÁN CHẬM
A96: 1 | B96: 110000367 | C96: Hạt nhựa rPP15R01 | D96: Đỏ | E96: =SUMIFS('[2]tồn TP 17.01'!H:H,'[2]tồn TP 17.01'!A:A,'[2]Trình bày'!B96) -> 141 | F96: =IFERROR(_xlfn.XLOOKUP(B96,'[2]tồn TP 17.01'!A:A,'[2]tồn TP 17.01'!L:L),0) -> 0 | G96: 900/695 | H96: 900/695 | I96: 0/0 | J96: =21999/26.5 -> 830.15094 | K96: 70/-135 | L96: 8%/-19% | N96: Bền vững/ ko bền vững | O96: Hàng tồn kho từ T6.2025
A97: =+A96+1 -> 2 | B97: 110000369 | C97: Hạt nhựa rPP25W01 | D97: Trắng | E97: =SUMIFS('[2]tồn TP 17.01'!H:H,'[2]tồn TP 17.01'!A:A,'[2]Trình bày'!B97) -> 2677.8 | F97: =IFERROR(_xlfn.XLOOKUP(B97,'[2]tồn TP 17.01'!A:A,'[2]tồn TP 17.01'!L:L),0) -> 0 | G97: 900/695 | H97: 900/695 | I97: 0/0 | J97: =17901/26.5 -> 675.50943 | K97: 224/19 | L97: 25%/3% | N97: Bền vững/ ko bền vững | O97: Hàng tồn kho từ T6.2025
A98: =+A97+1 -> 3 | B98: 110000370 | C98: Hạt nhựa rPP15Gy01 | D98: Xám | E98: =SUMIFS('[2]tồn TP 17.01'!H:H,'[2]tồn TP 17.01'!A:A,'[2]Trình bày'!B98) -> 0 | F98: =IFERROR(_xlfn.XLOOKUP(B98,'[2]tồn TP 17.01'!A:A,'[2]tồn TP 17.01'!L:L),0) -> 0 | G98: 900/695 | H98: 900/695 | I98: 0/0 | J98: =25269/26.5 -> 953.54717 | K98: -54/-259 | L98: -6%/-37% | N98: Bền vững/ ko bền vững | O98: Hàng tồn kho từ T6.2023
A99: =+A98+1 -> 4 | B99: 110000388 | C99: Hạt nhựa rPP20R01 | D99: Đỏ | E99: =SUMIFS('[2]tồn TP 17.01'!H:H,'[2]tồn TP 17.01'!A:A,'[2]Trình bày'!B99) -> 2644 | F99: =IFERROR(_xlfn.XLOOKUP(B99,'[2]tồn TP 17.01'!A:A,'[2]tồn TP 17.01'!L:L),0) -> 0 | G99: 900/695 | H99: 900/695 | I99: 0/0 | J99: =25345/26.5 -> 956.41509 | K99: -56/-261 | L99: -6%/-38% | N99: Bền vững/ ko bền vững | O99: Hàng tồn kho từ T8.2025
A100: =+A99+1 -> 5 | B100: 110000390 | C100: Hạt nhựa rPP20L01 | D100: Dương | E100: =SUMIFS('[2]tồn TP 17.01'!H:H,'[2]tồn TP 17.01'!A:A,'[2]Trình bày'!B100) -> 0 | F100: =IFERROR(_xlfn.XLOOKUP(B100,'[2]tồn TP 17.01'!A:A,'[2]tồn TP 17.01'!L:L),0) -> 0 | G100: 900/695 | H100: 900/695 | I100: 0/0 | J100: =23503/26.5 -> 886.90566 | K100: 13/-192 | L100: 1%/-28% | N100: Bền vững/ ko bền vững | O100: Hàng tồn kho từ T4.2023
A101: =+A100+1 -> 6 | B101: 110000391 | C101: Hạt nhựa rPP20L02 | D101: Dương | E101: =SUMIFS('[2]tồn TP 17.01'!H:H,'[2]tồn TP 17.01'!A:A,'[2]Trình bày'!B101) -> 0 | F101: =IFERROR(_xlfn.XLOOKUP(B101,'[2]tồn TP 17.01'!A:A,'[2]tồn TP 17.01'!L:L),0) -> 0 | G101: 900/695 | H101: 900/695 | I101: 0/0 | J101: =20560/26.5 -> 775.84906 | K101: 124/-81 | L101: 14%/-12% | N101: Bền vững/ ko bền vững | O101: Hàng tồn kho từ T11.2024 | Q101: 790 | R101: =J101 -> 775.84906 | S101: =Q101-R101 -> 14.150943 | T101: =S101/Q101 -> 0.017912587
A102: =+A101+1 -> 7 | B102: 110000393 | C102: Hạt nhựa rPP20Be01 | D102: Be | E102: =SUMIFS('[2]tồn TP 17.01'!H:H,'[2]tồn TP 17.01'!A:A,'[2]Trình bày'!B102) -> 43848 | F102: =IFERROR(_xlfn.XLOOKUP(B102,'[2]tồn TP 17.01'!A:A,'[2]tồn TP 17.01'!L:L),0) -> 0 | G102: 900/695 | H102: 900/695 | I102: 0/0 | J102: =22022/26.5 -> 831.01887 | K102: 69/-136 | L102: 8%/-20% | N102: Bền vững/ ko bền vững | O102: Hàng tồn kho từ T9.2025 | Q102: 790 | R102: =J102 -> 831.01887 | S102: =Q102-R102 -> -41.018868 | T102: =S102/Q102 -> -0.051922618
A103: =+A102+1 -> 8 | B103: 110000441 | C103: Hạt Nhựa PP Thử Nghiệm | E103: =SUMIFS('[2]tồn TP 17.01'!H:H,'[2]tồn TP 17.01'!A:A,'[2]Trình bày'!B103) -> 5125.6 | F103: =IFERROR(_xlfn.XLOOKUP(B103,'[2]tồn TP 17.01'!A:A,'[2]tồn TP 17.01'!L:L),0) -> 0 | N103: Bền vững/ ko bền vững
A104: =+A103+1 -> 9 | B104: 110000371 | C104: Hạt nhựa rPP15B01 | D104: Đen | E104: =SUMIFS('[2]tồn TP 17.01'!H:H,'[2]tồn TP 17.01'!A:A,'[2]Trình bày'!B104) -> 0 | F104: =IFERROR(_xlfn.XLOOKUP(B104,'[2]tồn TP 17.01'!A:A,'[2]tồn TP 17.01'!L:L),0) -> 0 | G104: 800/595 | H104: 800/595 | I104: 0/0 | J104: =22145/26.5 -> 835.66038 | K104: -36/-241 | L104: -5%/-41% | N104: Bền vững/ ko bền vững | O104: Hàng tồn kho từ T10.2024
...

Sheet Trình bày T3
B1: DANH MỤC THÀNH PHẨM
A4: STT | B4: Mã SAP | C4: Tên hàng hóa | D4: Màu | E4: Tồn kho 24/02/2026 (kg) | F4: Số lượng bán BQ 2026 (kg/ tháng) | G4: Giá duyệt T2 (USD/ tấn) | H4: Giá bán đề nghị T3 (USD/ tấn) | I4: CL T3 sv T2 (USD/ tấn) | J4: Giá vốn | K4: Lợi nhuận trước thuế | L4: % lợi nhuận trước thuế | M4: Giá đề nghị của kinh doanh | N4: Ghi chú | O4: Sử dụng phó sản
A5: A | B5: rPET
A6: I | B6: MÃ HÀNG ĐANG BÁN
A7: 1 | B7: 110000354 | C7: Hạt nhựa rPET WSS01G 1 | E7: 503605 | F7: 2663100 | G7: 1160 | H7: 1160 | I7: 0 | J7: 1057.7957 | K7: 102.20427 | L7: 0.088107133
A8: 2 | B8: 110000355 | C8: Hạt nhựa rPET iSS01G 1 | E8: 154879.75 | F8: 25300 | G8: 1190 | H8: 1190 | I8: 0 | J8: 1057.7957 | K8: 132.20427 | L8: 0.11109603
A9: 3 | B9: 110000332 | C9: Hạt nhựa rPET iSS01084G | E9: 788631.35 | F9: 616000 | G9: 1250 | H9: 1250 | I9: 0 | J9: 1113.7705 | K9: 136.22947 | L9: 0.10898358
A10: 4 | B10: 110000359 | C10: Hạt nhựa rPET WSS03G | E10: 1999804.7 | F10: 244200 | G10: 1090 | H10: 1090 | I10: 0 | J10: 1057.7957 | K10: 32.204274 | L10: 0.029545205
A11: 5 | B11: 110000329 | C11: Hạt nhựa rPET WSS01 | E11: 378162 | F11: 0 | G11: 1320 | H11: 1320 | I11: 0 | J11: 1155.3596 | K11: 164.64035 | L11: 0.12472754 | N11: Bán cho Lavie
A12: 7 | B12: 110000499 | C12: Hạt Nhựa rPET WSS01L | E12: 34030 | F12: 0 | G12: 1160 | H12: 1160 | I12: 0 | J12: 1006.566 | K12: 153.43396 | L12: 0.13227066
A13: 9 | B13: 110000506 | C13: Hạt Nhựa rPET WSS01 & WSS01G-L | E13: 65840 | F13: 0 | G13: 1410 | H13: 690 | I13: -720 | J13: 1222.6415 | K13: -532.64151 | L13: -0.77194422 | N13: Bán cho Lavie | O13: Giá tồn kho
A14: 10 | B14: 110000483 | C14: Hạt Nhựa rPET iSS01G-S | E14: 32405.5 | F14: 6600 | G14: 1190 | H14: 1190 | I14: 0 | J14: 1117.1698 | K14: 72.830189 | L14: 0.061201839 | N14: Sản phẩm mới | O14: Giá tồn kho
A15: II | B15: MÃ HÀNG BÁN CHẬM
A16: 1 | B16: 110000378 | C16: Hạt nhựa rPET iSS01G 2 | E16: 1649997 | F16: 0 | G16: 1190 | H16: 1190 | I16: 0 | J16: 1057.7957 | K16: 132.20427 | L16: 0.11109603 | N16: Chuyển thành mã iSS01G 1 để bán
A17: 2 | B17: 110000377 | C17: Hạt nhựa rPET WSS01G 2 | E17: 287099.5 | F17: 11000 | G17: 1160 | H17: 1160 | I17: 0 | J17: 1057.7957 | K17: 102.20427 | L17: 0.088107133 | N17: Chuyển thành mã wSS01G 1 để bán
A18: 3 | B18: 110000383 | C18: Hạt Nhựa rPET iSS84G-P | E18: 52800 | F18: 0 | I18: 0 | J18: 1109.283 | N18: Không báo giá (SP SX bán cho Amcor) | O18: Giá tồn kho
A19: 6 | B19: 110000468 | C19: Hạt Nhựa rPET iSS80G-P | E19: 73650 | F19: 0 | I19: 0 | J19: 1042.1887 | N19: Không báo giá (SP SX bán cho Amcor) | O19: Giá tồn kho | Q19: 27618000
A20: 8 | B20: 110000376 | C20: Hạt nhựa rPET iSS01L | E20: 800 | F20: 0 | I20: 0 | J20: 1176.2642 | N20: Không báo giá (hàng chờ xử lý) | O20: Giá tồn kho
A21: III | B21: MÃ HÀNG SẢN XUẤT TỪ PHÓ SẢN NGÀNH PET
A22: 1 | B22: 110000466 | C22: Hạt Nhựa rPET WSS05SB-2 | E22: 16099 | F22: 0 | G22: 770 | H22: 770 | I22: 0 | J22: 853 | K22: -83 | L22: -0.10779221 | O22: 82% Vảy B6.2_A3 và 18% vảy B7_A3
A23: 2 | B23: 110000436 | C23: Hạt nhựa rPET WSS05SB | E23: 570335.7 | F23: 23100 | G23: 720 | H23: 720 | I23: 0 | J23: 880 | K23: -160 | L23: -0.22222222 | O23: 100% Vảy B6.2_A3 và 90% B6.2_A3, 10% Bụi tank C,D sau vắt
A24: 2 | B24: 110000382 | C24: Hạt nhựa rPET WSS04SB | E24: 4514.7 | F24: 0 | G24: 1030 | H24: 1030 | I24: 0 | J24: 517 | K24: 513 | L24: 0.49805825 | O24: 100% vảy PET B1_A3
A25: 3 | B25: 110000384 | C25: Hạt Nhựa Xơ Sợi Thử Nghiệm | E25: 171597.5 | F25: 0 | I25: 0 | O25: Không đạt WSS04SB, WSS04SB, WSS04SD rớt xuống mã xơ sợi thử nghiệm
A26: 3 | B26: 110000381 | C26: Hạt nhựa rPET WSS04SD | E26: 68711.6 | F26: -17600 | G26: 1030 | H26: 1030 | I26: 0 | J26: 579 | K26: 451 | L26: 0.43786408 | O26: Tomra_A1/ Zigzag_A1
A27: 4 | B27: 110000387 | C27: Hạt nhựa rPET WSS03SD | E27: 13179.6 | F27: 0 | G27: 1030 | H27: 1030 | I27: 0 | J27: 668 | K27: 362 | L27: 0.35145631 | O27: Tomra_A1/ Zigzag_A1
A28: 4 | B28: 110000464 | C28: Hạt Nhựa rPET WSS06SP-1 | E28: 90593 | F28: 0 | G28: 570 | H28: 570 | I28: 0 | J28: 589 | K28: -19 | L28: -0.033333333 | O28: Chuyển từ hàng xơ sợi thử nghiệm qua
A29: 5 | B29: 110000430 | C29: Hạt Nhựa rPET Bán Thành Phẩm | E29: 37399 | F29: 0 | O29: Phó sản PET tuyển nổi 2 + phó sản hạt cắt lỗi
A30: B | B30: rHDPE THỔI | H30: 220
A31: I | B31: MÃ HÀNG ĐANG BÁN
A32: 1 | B32: 110000339 | C32: Hạt Nhựa rHDPE MBF01 | D32: Trong | E32: 404076.5 | F32: 211750 | I32: 0 | J32: 1076 | N32: Theo giá U => ko đề xuất trong duyệt giá
A33: 2 | B33: 110000426 | C33: Hạt Nhựa HCBF-Yel-U | D33: Vàng | E33: 40547 | F33: 0 | I33: 0 | J33: 1071.1353 | N33: Theo giá U => ko đề xuất trong duyệt giá
A34: 3 | B34: 110000374 | C34: Hạt Nhựa rHDB03N02 | D34: Trong | E34: 326364.4 | F34: 44500 | G34: 1200 | H34: 1200 | I34: 0 | J34: 1076 | K34: 124 | L34: 0.10333333
A35: 4 | B35: 110000443 | C35: Hạt Nhựa rHDA03N01 | D35: Trong | E35: 1749 | F35: 0 | G35: 1300 | H35: 1300 | I35: 0 | J35: 1083 | K35: 217 | L35: 0.16692308
A36: 5 | B36: 110000481 | C36: Hạt Nhựa rHDPE PCF01 | D36: Trong | E36: 377595 | F36: 11000 | I36: 0 | J36: 1083 | N36: Theo giá U => ko đề xuất trong duyệt giá
A37: 6 | B37: 110000425 | C37: Hạt Nhựa HCBF-Whi-U | D37: Trắng | E37: 93557.5 | F37: 60500 | I37: 0 | J37: 1101.259 | N37: Theo giá U => ko đề xuất trong duyệt giá
A38: 7 | B38: 110000495 | C38: Hạt Nhựa rHDA03W01 | D38: Trắng | E38: 15628 | F38: 0 | G38: 1250 | H38: 1250 | I38: 0 | J38: 1101.259 | K38: 148.74096 | L38: 0.11899277
A39: II | B39: MÃ HÀNG BÁN CHẬM
A40: 1 | B40: 110000385 | C40: Hạt Nhựa rHDB05N01 | D40: Trong | E40: 2750 | F40: 0 | G40: 1200 | H40: 1200 | I40: 0 | J40: 1189.283 | K40: 10.716981 | L40: 0.0089308176 | N40: Giá tồn kho từ 2023 | O40: mix với hàng MI thấp, do hết hạt MBF01 phân lập MI thấp nên còn tồn kho
A41: 2 | B41: 110000345 | C41: Hạt Nhựa rHDB03Y01 | D41: Vàng | E41: 3575 | F41: 0 | G41: 1200 | H41: 1200 | I41: 0 | J41: 1297.9245 | K41: -97.924528 | L41: -0.081603774 | N41: Giá tồn kho từ 2024
A42: 3 | B42: 110000427 | C42: Hạt Nhựa HCBF-Gre-U | D42: Lá | E42: 18774 | F42: 0 | I42: 0 | J42: 823.13208 | N42: Theo giá U => ko đề xuất trong duyệt giá
A43: 4 | B43: 110000343 | C43: Hạt Nhựa rHDB03G01 | D43: Lá | E43: 13300 | F43: 0 | G43: 1200 | H43: 1200 | I43: 0 | J43: 823.13208 | K43: 376.86792 | L43: 0.3140566 | N43: Giá tồn kho từ 2023
A44: 5 | B44: 110000336 | C44: Hạt nhựa rHDPE thử nghiệm | E44: 11303.9 | F44: 0 | I44: 0
A45: 6 | B45: 110000337 | C45: Hạt Nhựa rHDB03W01 | D45: Trắng | E45: 350 | F45: 0 | G45: 1200 | H45: 1200 | I45: 0 | J45: 1108.717 | K45: 91.283019 | L45: 0.076069182
A46: III | B46: MÃ HÀNG SẢN SUẤT TỪ PHÓ SẢN NGÀNH HDPE
A47: 1 | B47: 110000341 | C47: Hạt nhựa rHDB04B01 | D47: Đen | E47: 159325.5 | F47: 15625 | G47: 780 | H47: 780 | I47: 0 | J47: 736.54054 | K47: 43.459458 | L47: 0.055717254 | O47: Vảy HD ép đen mix phó sản HD thổi các loại
A48: C | B48: rHDPE ÉP
A49: I | B49: MÃ HÀNG ĐANG BÁN
A50: 1 | B50: 110000360 | C50: Hạt nhựa rHDI4L01 | D50: Dương | E50: 21245 | F50: 22500 | G50: 740 | H50: 740 | I50: 0 | J50: 746.42906 | K50: -6.4290635 | L50: -0.0086879236 | N50: Không bền vững
A51: 2 | B51: 110000366 | C51: Hạt nhựa rHDI3G01 | D51: Lá | E51: 29275 | F51: 28000 | G51: 740 | H51: 740 | I51: 0 | J51: 746.42906 | K51: -6.4290635 | L51: -0.0086879236 | N51: Không bền vững
A52: 3 | B52: 110000361 | C52: Hạt nhựa rHDI3R01 | D52: Đỏ | E52: 48550 | F52: 5500 | G52: 740 | H52: 740 | I52: 0 | J52: 746.42906 | K52: -6.4290635 | L52: -0.0086879236 | N52: Không bền vững
A53: 4 | B53: 110000496 | C53: Hạt Nhựa rHDI7DL02 | D53: Dương | E53: 1448 | F53: 0 | G53: 740 | H53: 740 | I53: 0 | J53: 1246.3396 | K53: -506.33962 | L53: -0.68424273 | N53: Không bền vững | O53: Hàng tồn kho từ tháng 2.2025 sx cho Outerinho
A54: 5 | B54: 110000364 | C54: Hạt nhựa rHDI3Y01 | D54: Vàng | E54: 29015 | F54: 11000 | G54: 740 | H54: 740 | I54: 0 | J54: 746.42906 | K54: -6.4290635 | L54: -0.0086879236 | N54: Không bền vững
A55: 6 | B55: 110000365 | C55: Hạt nhựa rHDI3W01 | D55: Trắng | E55: 59110.4 | F55: 0 | G55: 740 | H55: 740 | I55: 0 | J55: 746.42906 | K55: -6.4290635 | L55: -0.0086879236 | N55: Không bền vững
A56: 7 | B56: 110000431 | C56: Hạt Nhựa rHDI3Gy02 | D56: Xám | E56: 3448 | F56: 11000 | G56: 660 | H56: 660 | I56: 0 | J56: 898.56604 | K56: -238.56604 | L56: -0.36146369 | N56: Không bền vững | O56: Phó sản
A57: 8 | B57: 110000363 | C57: Hạt nhựa rHDI3Gy01 | D57: Xám | E57: 244671.9 | F57: 0 | G57: 740 | H57: 740 | I57: 0 | J57: 703.88679 | K57: 36.113208 | L57: 0.048801632 | N57: Không bền vững | O57: Hàng tồn từ tháng 12.2024
A58: II | B58: MÃ HÀNG BÁN CHẬM
A59: 1 | B59: 110000373 | C59: Hạt nhựa rHDI4DL01 | D59: Dương | E59: 6235.4 | F59: 0 | G59: 740 | H59: 740 | I59: 0 | J59: 889.54717 | K59: -149.54717 | L59: -0.20209077 | N59: Không bền vững | O59: Hàng tồn kho từ tháng 2.2025
A61: D | B61: Vảy HDPE ép
A62: I | B62: MÃ HÀNG ĐANG BÁN
A63: 4 | B63: 110000407 | C63: Vảy HD Ép Đỏ | D63: Đỏ | E63: 88328 | F63: 19750 | G63: 665 | H63: 665 | I63: 0 | J63: 615.49499 | K63: 49.505008 | L63: 0.074443622 | N63: Đang bán gía thấp để giảm tồn kho
A64: 2 | B64: 110000409 | C64: Vảy HD Ép Vàng | D64: Vàng | E64: 51387 | F64: 0 | G64: 665 | H64: 665 | I64: 0 | J64: 615.49499 | K64: 49.505008 | L64: 0.074443622
A65: 1 | B65: 110000410 | C65: Vảy HD Ép Lá | D65: Lá | E65: 27000 | F65: 0 | G65: 665 | H65: 665 | I65: 0 | J65: 615.49499 | K65: 49.505008 | L65: 0.074443622
A66: 7 | B66: 110000411 | C66: Vảy HD Ép Dương | D66: Dương | E66: 65925 | F66: 0 | G66: 665 | H66: 665 | I66: 0 | J66: 615.49499 | K66: 49.505008 | L66: 0.074443622
A67: 5 | B67: 110000408 | C67: Vảy HD Ép Trắng | D67: Trắng | E67: 108125.2 | F67: 56500 | G67: 665 | H67: 665 | I67: 0 | J67: 615.49499 | K67: 49.505008 | L67: 0.074443622
A68: 6 | B68: 110000412 | C68: Vảy HD Ép Đen | D68: Đen | E68: 37672 | F68: 2250 | G68: 665 | H68: 665 | I68: 0 | J68: 615.49499 | K68: 49.505008 | L68: 0.074443622
A69: 7 | B69: 110000413 | C69: Vảy HD Ép Đồng | D69: Đồng | E69: 157174.5 | F69: 0 | G69: 665 | H69: 665 | I69: 0 | J69: 615.49499 | K69: 49.505008 | L69: 0.074443622
A70: II | B70: MÃ HÀNG BÁN CHẬM
A71: 1 | B71: 110000469 | C71: Vảy HD Ép Dương Bình Thuận | D71: Dương | E71: 5700 | F71: 0 | N71: SP bán cho Bình Thuận | O71: Hàng tồn kho từ T11.2024
A73: E | B73: rPP
A74: I | B74: MÃ HÀNG ĐANG BÁN
A75: 1 | B75: 110000389 | C75: Hạt nhựa rPP20R02 | D75: Đỏ | E75: 3890 | F75: 0 | G75: 900/695 | H75: 935/720 | I75: 35/25 | J75: 1042.1509 | K75: -107/-322 | L75: -11%/-45% | N75: Bền vững/ ko bền vững | O75: Giá tồn kho | Q75: 1025 | R75: 1042.1509 | S75: -17.150943 | T75: -0.016732628
A76: 2 | B76: 110000471 | C76: Hạt Nhựa rPP20L05 | D76: Dương | E76: 6947 | F76: 18000 | G76: 900/695 | H76: 935/720 | I76: 35/25 | J76: 1010.9811 | K76: -76/-291 | L76: -8%/-40% | N76: Bền vững/ ko bền vững | O76: Giá tồn kho
A77: 3 | B77: 110000472 | C77: Hạt Nhựa rPP20Gy01 | D77: Xám | E77: 11000 | F77: 6000 | G77: 900/695 | H77: 935/720 | I77: 35/25 | J77: 1217.6226 | K77: -283/-498 | L77: -30%/-69% | N77: Bền vững/ ko bền vững | O77: Giá tồn kho
A78: 4 | B78: 110000435 | C78: Hạt Nhựa rPP20L03 | D78: Dương | E78: 1765 | F78: 0 | G78: 900/695 | H78: 935/720 | I78: 35/25 | J78: 1135.3585 | K78: -200/-415 | L78: -21%/-58% | N78: Bền vững/ ko bền vững | O78: Giá tồn kho
A79: 5 | B79: 110000508 | C79: Hạt Nhựa rPP20W02 | D79: Trắng | E79: 518.7 | F79: 0 | G79: 900/695 | H79: 935/720 | I79: 35/25 | J79: 1324.6415 | K79: -390/-605 | L79: -42%/-84% | N79: Bền vững/ ko bền vững | O79: Giá tồn kho
A80: 6 | B80: 110000392 | C80: Hạt nhựa rPP20B01 | D80: Đen | E80: 27833 | F80: 0 | G80: 800/595 | H80: 935/720 | I80: 35/25 | J80: 690.60377 | K80: 244/29 | L80: 26%/4% | N80: Bền vững/ ko bền vững | O80: Giá tồn kho | Q80: 1025 | R80: 690.60377 | S80: 334.39623 | T80: 0.32624022
A81: 7 | B81: 110000482 | C81: Hạt Nhựa rPP20W01 | D81: Trắng | E81: 3637 | F81: 25 | G81: 900/695 | H81: 935/720 | I81: 35/25 | J81: 1363.0943 | K81: -428/-643 | L81: -46%/-89% | N81: Bền vững/ ko bền vững | O81: Giá tồn kho | Q81: 1025 | R81: 1363.0943 | S81: -338.09434 | T81: -0.32984814
A82: 8 | B82: 110000394 | C82: Hạt nhựa rPP15Gy02 | D82: Xám | E82: 1370 | F82: 0 | G82: 900/695 | H82: 935/720 | I82: 35/25 | J82: 1116.7547 | K82: -182/-397 | L82: -19%/-55% | N82: Bền vững/ ko bền vững | O82: Giá tồn kho
A83: 9 | B83: 110000470 | C83: Hạt Nhựa rPP20L04 | D83: Dương | E83: 1500 | F83: 0 | G83: 900/695 | H83: 935/720 | I83: 35/25 | J83: 849.28302 | K83: 86/-129 | L83: 9%/-18% | N83: Bền vững/ ko bền vững | O83: Giá tồn kho
A84: II | B84: MÃ HÀNG BÁN CHẬM
A85: 1 | B85: 110000367 | C85: Hạt nhựa rPP15R01 | D85: Đỏ | E85: 141 | F85: 0 | G85: 900/695 | H85: 935/720 | I85: 35/25 | J85: 830.15094 | K85: 105/-110 | L85: 11%/-15% | N85: Bền vững/ ko bền vững | O85: Hàng tồn kho từ T6.2025
A86: 2 | B86: 110000369 | C86: Hạt nhựa rPP25W01 | D86: Trắng | E86: 2677.8 | F86: 0 | G86: 900/695 | H86: 935/720 | I86: 35/25 | J86: 675.50943 | K86: 259/44 | L86: 28%/6% | N86: Bền vững/ ko bền vững | O86: Hàng tồn kho từ T6.2025
A87: 4 | B87: 110000388 | C87: Hạt nhựa rPP20R01 | D87: Đỏ | E87: 2644 | F87: 0 | G87: 900/695 | H87: 935/720 | I87: 35/25 | J87: 950.9434 | K87: -16/-231 | L87: -2%/-32% | N87: Bền vững/ ko bền vững | O87: Hàng tồn kho từ T8.2025
A88: 7 | B88: 110000393 | C88: Hạt nhựa rPP20Be01 | D88: Be | E88: 43838 | F88: 0 | G88: 900/695 | H88: 935/720 | I88: 35/25 | J88: 831.01887 | K88: 104/-111 | L88: 11%/-15% | N88: Bền vững/ ko bền vững | O88: Hàng tồn kho từ T9.2025 | Q88: 790 | R88: 831.01887 | S88: -41.018868 | T88: -0.051922618
A89: 8 | B89: 110000441 | C89: Hạt Nhựa PP Thử Nghiệm | E89: 5115.6 | F89: 0 | N89: Bền vững/ ko bền vững
A90: F | B90: Vảy rPP
A91: I | B91: MÃ HÀNG ĐANG BÁN
A92: 1 | B92: 110000421 | C92: Vảy PP Đỏ Nhạt | D92: Đỏ | E92: 30700.1 | F92: 11250 | G92: 650 | H92: 680 | I92: 30 | J92: 769.16981 | K92: -89.169811 | L92: -0.13113208 | O92: Hàng tồn kho từ T3.2025
A93: 2 | B93: 110000423 | C93: Vảy PP Dương Nhạt | D93: Dương | E93: 119803 | F93: 0 | G93: 650 | H93: 680 | I93: 30 | J93: 747.58491 | K93: -67.584906 | L93: -0.099389567 | O93: Hàng tồn kho từ T9.2025
A95: II | B95: MÃ HÀNG BÁN CHẬM
A96: 1 | B96: 110000422 | C96: Vảy PP Đỏ Đậm | D96: Đỏ | E96: 2250 | F96: 0 | G96: 650 | H96: 680 | I96: 30 | J96: 754.03774 | K96: -74.037736 | L96: -0.10887902 | O96: Hàng tồn kho từ T11.2024
A97: 2 | B97: 110000439 | C97: Vảy PP Trắng Sữa | D97: Trắng | E97: 5250 | F97: 0 | G97: 650 | H97: 680 | I97: 30 | J97: 2251.5472 | K97: -1571.5472 | L97: -2.3110988 | N97: Tách 11,7 tấn HD ép trắng lẫn PP qua meyer, thu được 7,5 tấn vảy PP trắng (Thu hồi 64% TP, còn lại phó sản) | O97: Phát sinh tháng 12/2025
A98: 3 | B98: 110000424 | C98: Vảy PP Dương Đậm | D98: Dương | E98: 750 | F98: 0 | G98: 650 | H98: 680 | I98: 30 | J98: 754.71698 | K98: -74.716981 | L98: -0.10987791

Sheet Trình bày T4
B1: DANH MỤC THÀNH PHẨM
A4: STT | B4: Mã SAP | C4: Tên hàng hóa | D4: Màu | E4: Tồn kho 17/03/2026 (kg) | F4: Số lượng bán BQ 2026 (kg/ tháng) | G4: Giá duyệt T3 (USD/ tấn) | H4: Giá bán đề nghị T4 (USD/ tấn) | I4: CL T4 sv T3 (USD/ tấn) | J4: Giá vốn | K4: Lợi nhuận trước thuế | L4: % lợi nhuận trước thuế | M4: Giá đề nghị của kinh doanh | N4: Ghi chú | O4: Sử dụng phó sản
A5: A | B5: rPET
A6: I | B6: MÃ HÀNG ĐANG BÁN
A7: 1 | B7: 110000354 | C7: Hạt nhựa rPET WSS01G 1 | E7: =SUMIFS('tồn TP 17.03'!F:F,'tồn TP 17.03'!A:A,'Trình bày T4'!B7) -> 405696.5 | F7: =IFERROR(_xlfn.XLOOKUP(B7,'tồn TP 17.03'!A:A,'tồn TP 17.03'!J:J),0) -> 4488000 | G7: 1160 | H7: 1280 | I7: =H7-G7 -> 120 | J7: 1078 | K7: =(H7-J7) -> 202 | L7: =+K7/H7 -> 0.1578125
A8: =+A7+1 -> 2 | B8: 110000355 | C8: Hạt nhựa rPET iSS01G 1 | E8: =SUMIFS('tồn TP 17.03'!F:F,'tồn TP 17.03'!A:A,'Trình bày T4'!B8) -> 56977.75 | F8: =IFERROR(_xlfn.XLOOKUP(B8,'tồn TP 17.03'!A:A,'tồn TP 17.03'!J:J),0) -> 518100 | G8: 1190 | H8: =+H7+30 -> 1310 | I8: =H8-G8 -> 120 | J8: =+J7 -> 1078 | K8: =(H8-J8) -> 232 | L8: =+K8/H8 -> 0.17709924
A9: =+A8+1 -> 3 | B9: 110000332 | C9: Hạt nhựa rPET iSS01084G | E9: =SUMIFS('tồn TP 17.03'!F:F,'tồn TP 17.03'!A:A,'Trình bày T4'!B9) -> 653416.35 | F9: =IFERROR(_xlfn.XLOOKUP(B9,'tồn TP 17.03'!A:A,'tồn TP 17.03'!J:J),0) -> 1014200 | G9: 1250 | H9: =H7+90 -> 1370 | I9: =H9-G9 -> 120 | J9: 1136 | K9: =(H9-J9) -> 234 | L9: =+K9/H9 -> 0.17080292
A10: =+A9+1 -> 4 | B10: 110000359 | C10: Hạt nhựa rPET WSS03G | E10: =SUMIFS('tồn TP 17.03'!F:F,'tồn TP 17.03'!A:A,'Trình bày T4'!B10) -> 1802894.7 | F10: =IFERROR(_xlfn.XLOOKUP(B10,'tồn TP 17.03'!A:A,'tồn TP 17.03'!J:J),0) -> 249700 | G10: 1090 | H10: =+H7-70 -> 1210 | I10: =H10-G10 -> 120 | J10: =+J7 -> 1078 | K10: =(H10-J10) -> 132 | L10: =+K10/H10 -> 0.10909091
A11: =+A10+1 -> 5 | B11: 110000329 | C11: Hạt nhựa rPET WSS01 | E11: =SUMIFS('tồn TP 17.03'!F:F,'tồn TP 17.03'!A:A,'Trình bày T4'!B11) -> 474660 | F11: =IFERROR(_xlfn.XLOOKUP(B11,'tồn TP 17.03'!A:A,'tồn TP 17.03'!J:J),0) -> 33000 | G11: 1290 | H11: 1290 | I11: =H11-G11 -> 0 | J11: 1169 | K11: =(H11-J11) -> 121 | L11: =+K11/H11 -> 0.09379845 | N11: Bán cho Lavie
A12: =+A11+1 -> 6 | B12: 110000497 | C12: Hạt Nhựa rPET WSS01G-L | E12: =SUMIFS('tồn TP 17.03'!F:F,'tồn TP 17.03'!A:A,'Trình bày T4'!B12) -> 0 | F12: =IFERROR(_xlfn.XLOOKUP(B12,'tồn TP 17.03'!A:A,'tồn TP 17.03'!J:J),0) -> 0 | I12: =H12-G12 -> 0 | K12: =(H12-J12) -> 0
A13: =+A12+1 -> 7 | B13: 110000499 | C13: Hạt Nhựa rPET WSS01L | E13: =SUMIFS('tồn TP 17.03'!F:F,'tồn TP 17.03'!A:A,'Trình bày T4'!B13) -> 34030 | F13: =IFERROR(_xlfn.XLOOKUP(B13,'tồn TP 17.03'!A:A,'tồn TP 17.03'!J:J),0) -> 0 | G13: 1160 | H13: =H7 -> 1280 | I13: =H13-G13 -> 120 | J13: 1026 | K13: =(H13-J13) -> 254 | L13: =+K13/H13 -> 0.1984375
A14: =+A13+1 -> 8 | B14: 110000503 | C14: Hạt Nhựa rPET WSS01S | E14: =SUMIFS('tồn TP 17.03'!F:F,'tồn TP 17.03'!A:A,'Trình bày T4'!B14) -> 0 | F14: =IFERROR(_xlfn.XLOOKUP(B14,'tồn TP 17.03'!A:A,'tồn TP 17.03'!J:J),0) -> 0 | I14: =H14-G14 -> 0 | K14: =(H14-J14) -> 0
A15: =+A14+1 -> 9 | B15: 110000506 | C15: Hạt Nhựa rPET WSS01 & WSS01G-L | E15: =SUMIFS('tồn TP 17.03'!F:F,'tồn TP 17.03'!A:A,'Trình bày T4'!B15) -> 65840 | F15: =IFERROR(_xlfn.XLOOKUP(B15,'tồn TP 17.03'!A:A,'tồn TP 17.03'!J:J),0) -> 0 | I15: =H15-G15 -> 0 | J15: =32400/26.5 -> 1222.6415 | K15: =(H15-J15) -> -1222.6415 | L15: =+K15/H15 -> #DIV/0! | O15: Giá tồn kho
A16: =+A15+1 -> 10 | B16: 110000483 | C16: Hạt Nhựa rPET iSS01G-S | E16: =SUMIFS('tồn TP 17.03'!F:F,'tồn TP 17.03'!A:A,'Trình bày T4'!B16) -> 1035.5 | F16: =IFERROR(_xlfn.XLOOKUP(B16,'tồn TP 17.03'!A:A,'tồn TP 17.03'!J:J),0) -> 6600 | G16: 1190 | H16: =H8 -> 1310 | I16: =H16-G16 -> 120 | J16: =29605/26.5 -> 1117.1698 | K16: =(H16-J16) -> 192.83019 | L16: =+K16/H16 -> 0.14719862 | N16: Sản phẩm mới | O16: Giá tồn kho
A17: II | B17: MÃ HÀNG BÁN CHẬM
A18: 1 | B18: 110000378 | C18: Hạt nhựa rPET iSS01G 2 | E18: =SUMIFS('tồn TP 17.03'!F:F,'tồn TP 17.03'!A:A,'Trình bày T4'!B18) -> 1411297 | F18: =IFERROR(_xlfn.XLOOKUP(B18,'tồn TP 17.03'!A:A,'tồn TP 17.03'!J:J),0) -> 0 | G18: 1190 | H18: =+H7+30 -> 1310 | I18: =H18-G18 -> 120 | J18: =+J7 -> 1078 | K18: =(H18-J18) -> 232 | L18: =+K18/H18 -> 0.17709924 | M18: =M8 -> 0 | N18: Chuyển thành mã iSS01G 1 để bán
A19: =+A18+1 -> 2 | B19: 110000377 | C19: Hạt nhựa rPET WSS01G 2 | E19: =SUMIFS('tồn TP 17.03'!F:F,'tồn TP 17.03'!A:A,'Trình bày T4'!B19) -> 256299.5 | F19: =IFERROR(_xlfn.XLOOKUP(B19,'tồn TP 17.03'!A:A,'tồn TP 17.03'!J:J),0) -> 22000 | G19: 1160 | H19: =H7 -> 1280 | I19: =H19-G19 -> 120 | J19: =+J8 -> 1078 | K19: =(H19-J19) -> 202 | L19: =+K19/H19 -> 0.1578125 | M19: =M7 -> 0 | N19: Chuyển thành mã wSS01G 1 để bán
A20: =+A19+1 -> 3 | B20: 110000383 | C20: Hạt Nhựa rPET iSS84G-P | E20: =SUMIFS('tồn TP 17.03'!F:F,'tồn TP 17.03'!A:A,'Trình bày T4'!B20) -> 52800 | F20: =IFERROR(_xlfn.XLOOKUP(B20,'tồn TP 17.03'!A:A,'tồn TP 17.03'!J:J),0) -> 0 | I20: =H20-G20 -> 0 | J20: =29396/26.5 -> 1109.283 | N20: Không báo giá (SP SX bán cho Amcor) | O20: Giá tồn kho
A21: =+A20+1 -> 4 | B21: 110000335 | C21: Hạt nhựa rPET WSS04 | E21: =SUMIFS('tồn TP 17.03'!F:F,'tồn TP 17.03'!A:A,'Trình bày T4'!B21) -> 0 | F21: =IFERROR(_xlfn.XLOOKUP(B21,'tồn TP 17.03'!A:A,'tồn TP 17.03'!J:J),0) -> 0 | I21: =H21-G21 -> 0 | K21: =(H21-J21) -> 0 | O21: Giá tồn kho
A22: =+A21+1 -> 5 | B22: 110000358 | C22: Hạt nhựa rPET WSS02G | E22: =SUMIFS('tồn TP 17.03'!F:F,'tồn TP 17.03'!A:A,'Trình bày T4'!B22) -> 0 | F22: =IFERROR(_xlfn.XLOOKUP(B22,'tồn TP 17.03'!A:A,'tồn TP 17.03'!J:J),0) -> 0 | I22: =H22-G22 -> 0 | K22: =(H22-J22) -> 0
A23: =+A22+1 -> 6 | B23: 110000468 | C23: Hạt Nhựa rPET iSS80G-P | E23: =SUMIFS('tồn TP 17.03'!F:F,'tồn TP 17.03'!A:A,'Trình bày T4'!B23) -> 67050 | F23: =IFERROR(_xlfn.XLOOKUP(B23,'tồn TP 17.03'!A:A,'tồn TP 17.03'!J:J),0) -> 0 | I23: =H23-G23 -> 0 | J23: =27618/26.5 -> 1042.1887 | N23: Không báo giá (SP SX bán cho Amcor) | O23: Giá tồn kho
A24: =+A23+1 -> 7 | B24: 110000333 | C24: Hạt nhựa rPET WSS03 | E24: =SUMIFS('tồn TP 17.03'!F:F,'tồn TP 17.03'!A:A,'Trình bày T4'!B24) -> 0 | F24: =IFERROR(_xlfn.XLOOKUP(B24,'tồn TP 17.03'!A:A,'tồn TP 17.03'!J:J),0) -> 0 | I24: =H24-G24 -> 0 | K24: =(H24-J24) -> 0 | O24: Giá tồn kho
A25: =+A24+1 -> 8 | B25: 110000376 | C25: Hạt nhựa rPET iSS01L | E25: =SUMIFS('tồn TP 17.03'!F:F,'tồn TP 17.03'!A:A,'Trình bày T4'!B25) -> 800 | F25: =IFERROR(_xlfn.XLOOKUP(B25,'tồn TP 17.03'!A:A,'tồn TP 17.03'!J:J),0) -> 0 | I25: =H25-G25 -> 0 | J25: =31171/26.5 -> 1176.2642 | N25: Không báo giá (hàng chờ xử lý) | O25: Giá tồn kho
A26: =+A25+1 -> 9 | B26: 110000331 | C26: Hạt nhựa rPET WSS02 | E26: =SUMIFS('tồn TP 17.03'!F:F,'tồn TP 17.03'!A:A,'Trình bày T4'!B26) -> 0 | F26: =IFERROR(_xlfn.XLOOKUP(B26,'tồn TP 17.03'!A:A,'tồn TP 17.03'!J:J),0) -> 0 | I26: =H26-G26 -> 0 | K26: =(H26-J26) -> 0
A27: =+A26+1 -> 10 | B27: 110000330 | C27: Hạt nhựa rPET iSS01 | E27: =SUMIFS('tồn TP 17.03'!F:F,'tồn TP 17.03'!A:A,'Trình bày T4'!B27) -> 0 | F27: =IFERROR(_xlfn.XLOOKUP(B27,'tồn TP 17.03'!A:A,'tồn TP 17.03'!J:J),0) -> 0 | I27: =H27-G27 -> 0 | K27: =(H27-J27) -> 0
A28: =+A27+1 -> 11 | B28: 110000475 | C28: Hạt nhựa rPET WSS03G FRH | E28: =SUMIFS('tồn TP 17.03'!F:F,'tồn TP 17.03'!A:A,'Trình bày T4'!B28) -> 0 | F28: =IFERROR(_xlfn.XLOOKUP(B28,'tồn TP 17.03'!A:A,'tồn TP 17.03'!J:J),0) -> 0 | I28: =H28-G28 -> 0 | K28: =(H28-J28) -> 0
A29: III | B29: MÃ HÀNG SẢN XUẤT TỪ PHÓ SẢN NGÀNH PET
A30: 1 | B30: 110000466 | C30: Hạt Nhựa rPET WSS05SB-2 | E30: =SUMIFS('tồn TP 17.03'!F:F,'tồn TP 17.03'!A:A,'Trình bày T4'!B30) -> 16099 | F30: =IFERROR(_xlfn.XLOOKUP(B30,'tồn TP 17.03'!A:A,'tồn TP 17.03'!J:J),0) -> 0 | G30: 770 | I30: =H30-G30 -> -770 | J30: 858 | K30: =(H30-J30) -> -858 | L30: =+K30/H30 -> #DIV/0! | O30: 82% Vảy B6.2_A3 và 18% vảy B7_A3
A31: =A30+1 -> 2 | B31: 110000436 | C31: Hạt nhựa rPET WSS05SB | E31: =SUMIFS('tồn TP 17.03'!F:F,'tồn TP 17.03'!A:A,'Trình bày T4'!B31) -> 331785.7 | F31: =IFERROR(_xlfn.XLOOKUP(B31,'tồn TP 17.03'!A:A,'tồn TP 17.03'!J:J),0) -> 90300 | G31: 720 | I31: =H31-G31 -> -720 | J31: 884 | K31: =(H31-J31) -> -884 | L31: =+K31/H31 -> #DIV/0! | O31: 100% Vảy B6.2_A3 và 90% B6.2_A3, 10% Bụi tank C,D sau vắt
A32: 2 | B32: 110000382 | C32: Hạt nhựa rPET WSS04SB | E32: =SUMIFS('tồn TP 17.03'!F:F,'tồn TP 17.03'!A:A,'Trình bày T4'!B32) -> 6614.7 | F32: =IFERROR(_xlfn.XLOOKUP(B32,'tồn TP 17.03'!A:A,'tồn TP 17.03'!J:J),0) -> 9450 | G32: 1030 | H32: =H7-130 -> 1150 | I32: =H32-G32 -> 120 | J32: 521 | K32: =(H32-J32) -> 629 | L32: =+K32/H32 -> 0.54695652 | O32: 100% vảy PET B1_A3
A33: =A32+1 -> 3 | B33: 110000384 | C33: Hạt Nhựa Xơ Sợi Thử Nghiệm | E33: =SUMIFS('tồn TP 17.03'!F:F,'tồn TP 17.03'!A:A,'Trình bày T4'!B33) -> 171597.5 | F33: =IFERROR(_xlfn.XLOOKUP(B33,'tồn TP 17.03'!A:A,'tồn TP 17.03'!J:J),0) -> 0 | I33: =H33-G33 -> 0 | O33: Không đạt WSS04SB, WSS04SB, WSS04SD rớt xuống mã xơ sợi thử nghiệm
A34: 3 | B34: 110000381 | C34: Hạt nhựa rPET WSS04SD | E34: =SUMIFS('tồn TP 17.03'!F:F,'tồn TP 17.03'!A:A,'Trình bày T4'!B34) -> 54292.2 | F34: =IFERROR(_xlfn.XLOOKUP(B34,'tồn TP 17.03'!A:A,'tồn TP 17.03'!J:J),0) -> -17600 | G34: 1030 | H34: =H32 -> 1150 | I34: =H34-G34 -> 120 | J34: 592 | K34: =(H34-J34) -> 558 | L34: =+K34/H34 -> 0.48521739 | O34: Tomra_A1/ Zigzag_A1
A35: =A34+1 -> 4 | B35: 110000387 | C35: Hạt nhựa rPET WSS03SD | E35: =SUMIFS('tồn TP 17.03'!F:F,'tồn TP 17.03'!A:A,'Trình bày T4'!B35) -> 6599 | F35: =IFERROR(_xlfn.XLOOKUP(B35,'tồn TP 17.03'!A:A,'tồn TP 17.03'!J:J),0) -> 0 | G35: 1030 | H35: =H32 -> 1150 | I35: =H35-G35 -> 120 | J35: =32081/26.5 -> 1210.6038 | K35: =(H35-J35) -> -60.603774 | L35: =+K35/H35 -> -0.052698934 | N35: Tồn kho từ T9/2024
A36: 4 | B36: 110000464 | C36: Hạt Nhựa rPET WSS06SP-1 | E36: =SUMIFS('tồn TP 17.03'!F:F,'tồn TP 17.03'!A:A,'Trình bày T4'!B36) -> 90593 | F36: =IFERROR(_xlfn.XLOOKUP(B36,'tồn TP 17.03'!A:A,'tồn TP 17.03'!J:J),0) -> 0 | G36: 570 | I36: =H36-G36 -> -570 | J36: 593 | K36: =(H36-J36) -> -593 | L36: =+K36/H36 -> #DIV/0! | O36: Chuyển từ hàng xơ sợi thử nghiệm qua
A37: =A36+1 -> 5 | B37: 110000430 | C37: Hạt Nhựa rPET Bán Thành Phẩm | E37: =SUMIFS('tồn TP 17.03'!F:F,'tồn TP 17.03'!A:A,'Trình bày T4'!B37) -> 37399 | F37: =IFERROR(_xlfn.XLOOKUP(B37,'tồn TP 17.03'!A:A,'tồn TP 17.03'!J:J),0) -> 0 | O37: Phó sản PET tuyển nổi 2 + phó sản hạt cắt lỗi
A38: B | B38: rHDPE THỔI
A39: I | B39: MÃ HÀNG ĐANG BÁN
A40: 1 | B40: 110000339 | C40: Hạt Nhựa rHDPE MBF01 | D40: Trong | E40: =SUMIFS('tồn TP 17.03'!F:F,'tồn TP 17.03'!A:A,'Trình bày T4'!B40) -> 261707.5 | F40: =IFERROR(_xlfn.XLOOKUP(B40,'tồn TP 17.03'!A:A,'tồn TP 17.03'!J:J),0) -> 412500 | I40: =H40-G40 -> 0 | J40: 1113 | N40: Theo giá U => ko đề xuất trong duyệt giá
A41: =+A40+1 -> 2 | B41: 110000426 | C41: Hạt Nhựa HCBF-Yel-U | D41: Vàng | E41: =SUMIFS('tồn TP 17.03'!F:F,'tồn TP 17.03'!A:A,'Trình bày T4'!B41) -> 40547 | F41: =IFERROR(_xlfn.XLOOKUP(B41,'tồn TP 17.03'!A:A,'tồn TP 17.03'!J:J),0) -> 0 | I41: =H41-G41 -> 0 | J41: =33485/26.5 -> 1263.5849 | N41: Theo giá U => ko đề xuất trong duyệt giá
A42: =+A41+1 -> 3 | B42: 110000374 | C42: Hạt Nhựa rHDB03N02 | D42: Trong | E42: =SUMIFS('tồn TP 17.03'!F:F,'tồn TP 17.03'!A:A,'Trình bày T4'!B42) -> 305689.4 | F42: =IFERROR(_xlfn.XLOOKUP(B42,'tồn TP 17.03'!A:A,'tồn TP 17.03'!J:J),0) -> 66500 | G42: 1200 | H42: 1300 | I42: =H42-G42 -> 100 | J42: =27898/26.5 -> 1052.7547 | K42: =(H42-J42) -> 247.24528 | L42: =+K42/H42 -> 0.19018868
A43: =+A42+1 -> 4 | B43: 110000443 | C43: Hạt Nhựa rHDA03N01 | D43: Trong | E43: =SUMIFS('tồn TP 17.03'!F:F,'tồn TP 17.03'!A:A,'Trình bày T4'!B43) -> 1749 | F43: =IFERROR(_xlfn.XLOOKUP(B43,'tồn TP 17.03'!A:A,'tồn TP 17.03'!J:J),0) -> 150 | G43: 1300 | H43: 1400 | I43: =H43-G43 -> 100 | J43: =J40 -> 1113 | K43: =(H43-J43) -> 287 | L43: =+K43/H43 -> 0.205
A44: =+A43+1 -> 5 | B44: 110000481 | C44: Hạt Nhựa rHDPE PCF01 | D44: Trong | E44: =SUMIFS('tồn TP 17.03'!F:F,'tồn TP 17.03'!A:A,'Trình bày T4'!B44) -> 336345 | F44: =IFERROR(_xlfn.XLOOKUP(B44,'tồn TP 17.03'!A:A,'tồn TP 17.03'!J:J),0) -> 33000 | I44: =H44-G44 -> 0 | J44: =J40+7 -> 1120 | N44: Theo giá U => ko đề xuất trong duyệt giá
A45: =+A44+1 -> 6 | B45: 110000425 | C45: Hạt Nhựa HCBF-Whi-U | D45: Trắng | E45: =SUMIFS('tồn TP 17.03'!F:F,'tồn TP 17.03'!A:A,'Trình bày T4'!B45) -> 48873.5 | F45: =IFERROR(_xlfn.XLOOKUP(B45,'tồn TP 17.03'!A:A,'tồn TP 17.03'!J:J),0) -> 66000 | I45: =H45-G45 -> 0 | J45: =25669/26.5 -> 968.64151 | N45: Theo giá U => ko đề xuất trong duyệt giá
A46: =+A45+1 -> 7 | B46: 110000495 | C46: Hạt Nhựa rHDA03W01 | D46: Trắng | E46: =SUMIFS('tồn TP 17.03'!F:F,'tồn TP 17.03'!A:A,'Trình bày T4'!B46) -> 20078 | F46: =IFERROR(_xlfn.XLOOKUP(B46,'tồn TP 17.03'!A:A,'tồn TP 17.03'!J:J),0) -> 0 | G46: 1250 | H46: 1350 | I46: =H46-G46 -> 100 | J46: =29574/26.5 -> 1116 | K46: =(H46-J46) -> 234 | L46: =+K46/H46 -> 0.17333333
A47: II | B47: MÃ HÀNG BÁN CHẬM
A48: =1 -> 1 | B48: 110000385 | C48: Hạt Nhựa rHDB05N01 | D48: Trong | E48: =SUMIFS('tồn TP 17.03'!F:F,'tồn TP 17.03'!A:A,'Trình bày T4'!B48) -> 2750 | F48: =IFERROR(_xlfn.XLOOKUP(B48,'tồn TP 17.03'!A:A,'tồn TP 17.03'!J:J),0) -> 0 | G48: 1200 | H48: 1300 | I48: =H48-G48 -> 100 | J48: =31516/26.5 -> 1189.283 | K48: =(H48-J48) -> 110.71698 | L48: =+K48/H48 -> 0.085166909 | N48: Giá tồn kho từ 2023 | O48: mix với hàng MI thấp, do hết hạt MBF01 phân lập MI thấp nên còn tồn kho
A49: =A48+1 -> 2 | B49: 110000345 | C49: Hạt Nhựa rHDB03Y01 | D49: Vàng | E49: =SUMIFS('tồn TP 17.03'!F:F,'tồn TP 17.03'!A:A,'Trình bày T4'!B49) -> 3575 | F49: =IFERROR(_xlfn.XLOOKUP(B49,'tồn TP 17.03'!A:A,'tồn TP 17.03'!J:J),0) -> 0 | G49: 1200 | H49: 1300 | I49: =H49-G49 -> 100 | J49: =34395/26.5 -> 1297.9245 | K49: =(H49-J49) -> 2.0754717 | L49: =+K49/H49 -> 0.0015965167 | N49: Giá tồn kho từ 2024
A50: =A49+1 -> 3 | B50: 110000427 | C50: Hạt Nhựa HCBF-Gre-U | D50: Lá | E50: =SUMIFS('tồn TP 17.03'!F:F,'tồn TP 17.03'!A:A,'Trình bày T4'!B50) -> 18774 | F50: =IFERROR(_xlfn.XLOOKUP(B50,'tồn TP 17.03'!A:A,'tồn TP 17.03'!J:J),0) -> 0 | I50: =H50-G50 -> 0 | J50: =21813/26.5 -> 823.13208 | N50: Theo giá U => ko đề xuất trong duyệt giá
A51: =A50+1 -> 4 | B51: 110000343 | C51: Hạt Nhựa rHDB03G01 | D51: Lá | E51: =SUMIFS('tồn TP 17.03'!F:F,'tồn TP 17.03'!A:A,'Trình bày T4'!B51) -> 13300 | F51: =IFERROR(_xlfn.XLOOKUP(B51,'tồn TP 17.03'!A:A,'tồn TP 17.03'!J:J),0) -> 0 | G51: 1200 | H51: 1300 | I51: =H51-G51 -> 100 | J51: =21813 -> 21813 | K51: =(H51-J51) -> -20513 | L51: =+K51/H51 -> -15.779231 | N51: Giá tồn kho từ 2023
A52: =A51+1 -> 5 | B52: 110000336 | C52: Hạt nhựa rHDPE thử nghiệm | E52: =SUMIFS('tồn TP 17.03'!F:F,'tồn TP 17.03'!A:A,'Trình bày T4'!B52) -> 12451.9 | F52: =IFERROR(_xlfn.XLOOKUP(B52,'tồn TP 17.03'!A:A,'tồn TP 17.03'!J:J),0) -> 0 | I52: =H52-G52 -> 0
A53: =A52+1 -> 6 | B53: 110000337 | C53: Hạt Nhựa rHDB03W01 | D53: Trắng | E53: =SUMIFS('tồn TP 17.03'!F:F,'tồn TP 17.03'!A:A,'Trình bày T4'!B53) -> 0 | F53: =IFERROR(_xlfn.XLOOKUP(B53,'tồn TP 17.03'!A:A,'tồn TP 17.03'!J:J),0) -> 0 | G53: 1200 | H53: 1300 | I53: =H53-G53 -> 100 | K53: =(H53-J53) -> 1300 | L53: =+K53/H53 -> 1
A54: =A53+1 -> 7 | B54: 110000433 | C54: Hạt Nhựa rHDB03N03 | D54: Trong | E54: =SUMIFS('tồn TP 17.03'!F:F,'tồn TP 17.03'!A:A,'Trình bày T4'!B54) -> 0 | F54: =IFERROR(_xlfn.XLOOKUP(B54,'tồn TP 17.03'!A:A,'tồn TP 17.03'!J:J),0) -> 0 | G54: 1200 | K54: =(H54-J54) -> 0 | O54: Mã đã không còn trong duyệt giá
A55: =A54+1 -> 8 | B55: 110000429 | C55: Hạt Nhựa rHDPE MAF01 | D55: Trong | E55: =SUMIFS('tồn TP 17.03'!F:F,'tồn TP 17.03'!A:A,'Trình bày T4'!B55) -> 0 | F55: =IFERROR(_xlfn.XLOOKUP(B55,'tồn TP 17.03'!A:A,'tồn TP 17.03'!J:J),0) -> 0 | G55: 1300 | K55: =(H55-J55) -> 0
A56: =A55+1 -> 9 | B56: 110000432 | C56: Hạt Nhựa rHDB03N01 | D56: Trong | E56: =SUMIFS('tồn TP 17.03'!F:F,'tồn TP 17.03'!A:A,'Trình bày T4'!B56) -> 0 | F56: =IFERROR(_xlfn.XLOOKUP(B56,'tồn TP 17.03'!A:A,'tồn TP 17.03'!J:J),0) -> 0 | G56: 1200 | K56: =(H56-J56) -> 0
A57: III | B57: MÃ HÀNG SẢN SUẤT TỪ PHÓ SẢN NGÀNH HDPE
A58: 1 | B58: 110000341 | C58: Hạt nhựa rHDB04B01 | D58: Đen | E58: =SUMIFS('tồn TP 17.03'!F:F,'tồn TP 17.03'!A:A,'Trình bày T4'!B58) -> 185975.5 | F58: =IFERROR(_xlfn.XLOOKUP(B58,'tồn TP 17.03'!A:A,'tồn TP 17.03'!J:J),0) -> 19750 | G58: 780 | I58: =H58-G58 -> -780 | J58: 736.54054 | K58: =(H58-J58) -> -736.54054 | L58: =+K58/H58 -> #DIV/0! | O58: Vảy HD ép đen mix phó sản HD thổi các loại
A59: C | B59: rHDPE ÉP
A60: I | B60: MÃ HÀNG ĐANG BÁN
A61: 1 | B61: 110000360 | C61: Hạt nhựa rHDI4L01 | D61: Dương | E61: =SUMIFS('tồn TP 17.03'!F:F,'tồn TP 17.03'!A:A,'Trình bày T4'!B61) -> 52070 | F61: =IFERROR(_xlfn.XLOOKUP(B61,'tồn TP 17.03'!A:A,'tồn TP 17.03'!J:J),0) -> 22500 | G61: 740 | H61: 1230 | I61: =H61-G61 -> 490 | J61: 774.16654 | K61: =(H61-J61) -> 455.83346 | L61: =+K61/H61 -> 0.37059631 | N61: Không bền vững
A62: =+A61+1 -> 2 | B62: 110000366 | C62: Hạt nhựa rHDI3G01 | D62: Lá | E62: =SUMIFS('tồn TP 17.03'!F:F,'tồn TP 17.03'!A:A,'Trình bày T4'!B62) -> 1775 | F62: =IFERROR(_xlfn.XLOOKUP(B62,'tồn TP 17.03'!A:A,'tồn TP 17.03'!J:J),0) -> 39000 | G62: 740 | H62: 1230 | I62: =H62-G62 -> 490 | J62: 774.16654 | K62: =(H62-J62) -> 455.83346 | L62: =+K62/H62 -> 0.37059631 | N62: Không bền vững
A63: =+A62+1 -> 3 | B63: 110000361 | C63: Hạt nhựa rHDI3R01 | D63: Đỏ | E63: =SUMIFS('tồn TP 17.03'!F:F,'tồn TP 17.03'!A:A,'Trình bày T4'!B63) -> 43050 | F63: =IFERROR(_xlfn.XLOOKUP(B63,'tồn TP 17.03'!A:A,'tồn TP 17.03'!J:J),0) -> 5500 | G63: 740 | H63: 1230 | I63: =H63-G63 -> 490 | J63: 774.16654 | K63: =(H63-J63) -> 455.83346 | L63: =+K63/H63 -> 0.37059631 | N63: Không bền vững
A64: =+A63+1 -> 4 | B64: 110000496 | C64: Hạt Nhựa rHDI7DL02 | D64: Dương | E64: =SUMIFS('tồn TP 17.03'!F:F,'tồn TP 17.03'!A:A,'Trình bày T4'!B64) -> 1448 | F64: =IFERROR(_xlfn.XLOOKUP(B64,'tồn TP 17.03'!A:A,'tồn TP 17.03'!J:J),0) -> 0 | G64: 740 | H64: 1230 | I64: =H64-G64 -> 490 | J64: =33028/26.5 -> 1246.3396 | K64: =(H64-J64) -> -16.339623 | L64: =+K64/H64 -> -0.013284246 | N64: Không bền vững | O64: Hàng tồn kho từ tháng 2.2025 sx cho Outerinho
A65: =+A64+1 -> 5 | B65: 110000364 | C65: Hạt nhựa rHDI3Y01 | D65: Vàng | E65: =SUMIFS('tồn TP 17.03'!F:F,'tồn TP 17.03'!A:A,'Trình bày T4'!B65) -> 18015 | F65: =IFERROR(_xlfn.XLOOKUP(B65,'tồn TP 17.03'!A:A,'tồn TP 17.03'!J:J),0) -> 16500 | G65: 740 | H65: 1230 | I65: =H65-G65 -> 490 | J65: =21943/26.5 -> 828.03774 | K65: =(H65-J65) -> 401.96226 | L65: =+K65/H65 -> 0.32679859 | N65: Không bền vững
A66: =+A65+1 -> 6 | B66: 110000365 | C66: Hạt nhựa rHDI3W01 | D66: Trắng | E66: =SUMIFS('tồn TP 17.03'!F:F,'tồn TP 17.03'!A:A,'Trình bày T4'!B66) -> 56110.4 | F66: =IFERROR(_xlfn.XLOOKUP(B66,'tồn TP 17.03'!A:A,'tồn TP 17.03'!J:J),0) -> 25 | G66: 740 | H66: 1230 | I66: =H66-G66 -> 490 | J66: 774.16654 | K66: =(H66-J66) -> 455.83346 | L66: =+K66/H66 -> 0.37059631 | N66: Không bền vững
A67: =+A66+1 -> 7 | B67: 110000431 | C67: Hạt Nhựa rHDI3Gy02 | D67: Xám | E67: =SUMIFS('tồn TP 17.03'!F:F,'tồn TP 17.03'!A:A,'Trình bày T4'!B67) -> 3448 | F67: =IFERROR(_xlfn.XLOOKUP(B67,'tồn TP 17.03'!A:A,'tồn TP 17.03'!J:J),0) -> 11000 | G67: 660 | I67: =H67-G67 -> -660 | J67: =20040/26.5 -> 756.22642 | K67: =(H67-J67) -> -756.22642 | L67: =+K67/H67 -> #DIV/0! | N67: Không bền vững | O67: Phó sản
A68: =+A67+1 -> 8 | B68: 110000363 | C68: Hạt nhựa rHDI3Gy01 | D68: Xám | E68: =SUMIFS('tồn TP 17.03'!F:F,'tồn TP 17.03'!A:A,'Trình bày T4'!B68) -> 243296.9 | F68: =IFERROR(_xlfn.XLOOKUP(B68,'tồn TP 17.03'!A:A,'tồn TP 17.03'!J:J),0) -> 0 | G68: 740 | H68: 1230 | I68: =H68-G68 -> 490 | J68: =18654/26.5 -> 703.92453 | K68: =(H68-J68) -> 526.07547 | L68: =+K68/H68 -> 0.42770364 | N68: Không bền vững | O68: Hàng tồn từ tháng 12.2024
A69: II | B69: MÃ HÀNG BÁN CHẬM
A70: =1 -> 1 | B70: 110000373 | C70: Hạt nhựa rHDI4DL01 | D70: Dương | E70: =SUMIFS('tồn TP 17.03'!F:F,'tồn TP 17.03'!A:A,'Trình bày T4'!B70) -> 6235.4 | F70: =IFERROR(_xlfn.XLOOKUP(B70,'tồn TP 17.03'!A:A,'tồn TP 17.03'!J:J),0) -> 0 | G70: 740 | H70: 1230 | I70: =H70-G70 -> 490 | J70: =23573/26.5 -> 889.54717 | K70: =(H70-J70) -> 340.45283 | L70: =+K70/H70 -> 0.27679092 | N70: Không bền vững | O70: Hàng tồn kho từ tháng 2.2025
A72: D | B72: Vảy HDPE ép
A73: I | B73: MÃ HÀNG ĐANG BÁN
A74: 4 | B74: 110000407 | C74: Vảy HD Ép Đỏ | D74: Đỏ | E74: =SUMIFS('tồn TP 17.03'!F:F,'tồn TP 17.03'!A:A,'Trình bày T4'!B74) -> 68028 | F74: =IFERROR(_xlfn.XLOOKUP(B74,'tồn TP 17.03'!A:A,'tồn TP 17.03'!J:J),0) -> 39250 | G74: 665 | H74: 1160 | I74: =H74-G74 -> 495 | J74: 640.71231 | K74: =(H74-J74) -> 519.28769 | L74: =+K74/H74 -> 0.4476618 | N74: Đang bán gía thấp để giảm tồn kho
A75: 2 | B75: 110000409 | C75: Vảy HD Ép Vàng | D75: Vàng | E75: =SUMIFS('tồn TP 17.03'!F:F,'tồn TP 17.03'!A:A,'Trình bày T4'!B75) -> 40385 | F75: =IFERROR(_xlfn.XLOOKUP(B75,'tồn TP 17.03'!A:A,'tồn TP 17.03'!J:J),0) -> 6000 | G75: 665 | H75: 1160 | I75: =H75-G75 -> 495 | J75: 640.71231 | K75: =(H75-J75) -> 519.28769 | L75: =+K75/H75 -> 0.4476618
A76: 1 | B76: 110000410 | C76: Vảy HD Ép Lá | D76: Lá | E76: =SUMIFS('tồn TP 17.03'!F:F,'tồn TP 17.03'!A:A,'Trình bày T4'!B76) -> 26650 | F76: =IFERROR(_xlfn.XLOOKUP(B76,'tồn TP 17.03'!A:A,'tồn TP 17.03'!J:J),0) -> 3750 | G76: 665 | H76: 1160 | I76: =H76-G76 -> 495 | J76: 640.71231 | K76: =(H76-J76) -> 519.28769 | L76: =+K76/H76 -> 0.4476618
A77: 7 | B77: 110000411 | C77: Vảy HD Ép Dương | D77: Dương | E77: =SUMIFS('tồn TP 17.03'!F:F,'tồn TP 17.03'!A:A,'Trình bày T4'!B77) -> 36750 | F77: =IFERROR(_xlfn.XLOOKUP(B77,'tồn TP 17.03'!A:A,'tồn TP 17.03'!J:J),0) -> 0 | G77: 665 | H77: 1160 | I77: =H77-G77 -> 495 | J77: 640.71231 | K77: =(H77-J77) -> 519.28769 | L77: =+K77/H77 -> 0.4476618
