Workbook

Sheet Data
B1: Lấy đầu 11*
B2: Mã SKU | Tên SKU | C2: Tên KH | D2: SẢN LƯỢNG (Kg) | AQ2: GBTB EXW (USD/ton) | CD2: GIÁ XUẤT KHO TB (VND/kg)
D3: 2024 | Q3: 2025 | AD3: 2026 | AQ3: 2024 | BD3: 2025 | BQ3: 2026 | CD3: 2024 | CQ3: 2025 | DD3: 2026
A4: LINK | D4: 01 | E4: 02 | F4: 03 | G4: 04 | H4: 05 | I4: 06 | J4: 07 | K4: 08 | L4: 09 | M4: 10 | N4: 11 | O4: 12 | P4: TỔNG | Q4: 01 | R4: 02 | S4: 03 | T4: 04 | U4: 05 | V4: 06 | W4: 07 | X4: 08 | Y4: 09 | Z4: 10 | AA4: 11 | AB4: 12 | AC4: TỔNG | AD4: 01 | AE4: 02 | AF4: 03 | AG4: 04 | AH4: 05 | AI4: 06 | AJ4: 07 | AK4: 08 | AL4: 09 | AM4: 10 | AN4: 11 | AO4: 12 | AP4: TỔNG | AQ4: 01 | AR4: 02 | AS4: 03 | AT4: 04 | AU4: 05 | AV4: 06 | AW4: 07 | AX4: 08 | AY4: 09 | AZ4: 10 | BA4: 11 | BB4: 12 | BC4: TỔNG | BD4: 01 | BE4: 02 | BF4: 03 | BG4: 04 | BH4: 05 | BI4: 06 | BJ4: 07 | BK4: 08 | BL4: 09 | BM4: 10 | BN4: 11 | BO4: 12 | BP4: TỔNG | BQ4: 01 | BR4: 02 | BS4: 03 | BT4: 04 | BU4: 05 | BV4: 06 | BW4: 07 | BX4: 08 | BY4: 09 | BZ4: 10 | CA4: 11 | CB4: 12 | CC4: TỔNG | CD4: 01 | CE4: 02 | CF4: 03 | CG4: 04 | CH4: 05 | CI4: 06 | CJ4: 07 | CK4: 08 | CL4: 09 | CM4: 10 | CN4: 11 | CO4: 12 | CP4: TỔNG | CQ4: 01 | CR4: 02 | CS4: 03 | CT4: 04 | CU4: 05 | CV4: 06 | CW4: 07 | CX4: 08 | CY4: 09 | CZ4: 10 | DA4: 11 | DB4: 12 | DC4: TỔNG | DD4: 01 | DE4: 02 | DF4: 03 | DG4: 04 | DH4: 05 | DI4: 06 | DJ4: 07 | DK4: 08 | DL4: 09 | DM4: 10 | DN4: 11 | DO4: 12 | DP4: TỔNG
B5: 110000329 | WSS01 | C5: Công ty TNHH La Vie | D5: 88000 | E5: 176000 | F5: 286000 | G5: 0 | H5: 1400000 | I5: 600000 | J5: 88000 | K5: 154000 | L5: 242000 | M5: 187000 | N5: 79200 | O5: 239800 | P5: 3540000 | W5: 0 | X5: 0 | Z5: 60500 | AA5: 96800 | AB5: 110000 | AC5: 267300 | AE5: 33000 | AF5: 77000 | AG5: 22000 | AP5: 132000 | AQ5: 1238.9973 | AR5: 1236.0482 | AS5: 1229.9736 | AU5: 1227.2228 | AV5: 1226.6016 | AW5: 1321.8484 | AX5: 1336.7718 | AY5: 1360.9668 | AZ5: 1338.7941 | BA5: 1317.0061 | BB5: 1321.6748 | BC5: 1258.6328 | BM5: 1310.2241 | BN5: 1292.5488 | BO5: 1311.5731 | BP5: 1296.4747 | BR5: 1298.421 | BS5: 1286.9449 | BT5: 1288.8697 | CC5: 1290.1347 | CD5: 22652.271 | CE5: 23698.605 | CF5: 23937.019 | CH5: 24901.606 | CI5: 24637.229 | CJ5: 26923.659 | CK5: 21709.969 | CL5: 22756.025 | CM5: 26091.048 | CN5: 26825.151 | CO5: 27914.628 | CP5: 24737.855 | CZ5: 30205.005 | DA5: 31105.554 | DB5: 31949.205 | DC5: 31248.908 | DE5: 32814.242 | DF5: 33259.409 | DG5: 33259.409 | DP5: 33148.117
B6: 110000329 | WSS01 | C6: CPSX Nhựa Duy Tân | E6: 33000 | F6: 99000 | G6: 88000 | H6: -4400 | P6: 215600 | AR6: 1294.3457 | AS6: 1254.6301 | AT6: 1230.0786 | AU6: 1228.2129 | BC6: 1251.2271 | CE6: 23698.605 | CF6: 23937.019 | CG6: 23937.015 | CH6: 24901.606 | CP6: 23880.84
B7: 110000329 | WSS01 | C7: Dung Avient | H7: 100 | P7: 100 | AU7: 1310.9651 | BC7: 1310.9651 | CH7: 24901.606 | CP7: 24901.606
B8: 110000329 | WSS01 | C8: Nestle Việt Nam | M8: 200 | O8: 44000 | P8: 44200 | AZ8: 1306.6096 | BB8: 1314.8794 | BC8: 1314.8419 | CM8: 26091.048 | CO8: 27914.628 | CP8: 27906.377
B9: 110000329 | WSS01 | C9: Plascene- DTP | I9: 55000 | P9: 55000 | Q9: 22000 | AC9: 22000 | AG9: 38500 | AP9: 38500 | AV9: 1252.7959 | BC9: 1252.7959 | BD9: 1289.1609 | BP9: 1289.1609 | BT9: 1215.1238 | CC9: 1215.1238 | CI9: 24637.229 | CP9: 24637.229 | CQ9: 28427.722 | DC9: 28427.722 | DG9: 33259.409 | DP9: 33259.409
B10: 110000329 | WSS01 | C10: TÂN LẬP THÀNH | N10: 13200 | O10: -9900 | P10: 3300 | BA10: 1280.0029 | BB10: 1284.1304 | BC10: 1267.6205 | CN10: 26825.151 | CO10: 27914.628 | CP10: 23556.717
A11: Hạt WSS01G | B11: 110000329 | WSS01 Total | D11: 88000 | E11: 209000 | F11: 385000 | G11: 88000 | H11: 1395700 | I11: 655000 | J11: 88000 | K11: 154000 | L11: 242000 | M11: 187200 | N11: 92400 | O11: 273900 | P11: 3858200 | Q11: 22000 | W11: 0 | X11: 0 | Z11: 60500 | AA11: 96800 | AB11: 110000 | AC11: 289300 | AE11: 33000 | AF11: 77000 | AG11: 60500 | AP11: 170500 | AQ11: 1238.9973 | AR11: 1245.2531 | AS11: 1236.3139 | AT11: 1230.0786 | AU11: 1227.2257 | AV11: 1228.8011 | AW11: 1321.8484 | AX11: 1336.7718 | AY11: 1360.9668 | AZ11: 1338.7597 | BA11: 1311.7199 | BB11: 1321.9402 | BC11: 1258.7887 | BD11: 1289.1609 | BM11: 1310.2241 | BN11: 1292.5488 | BO11: 1311.5731 | BP11: 1295.9186 | BR11: 1298.421 | BS11: 1286.9449 | BT11: 1241.9405 | CC11: 1273.1968 | CD11: 22652.271 | CE11: 23698.605 | CF11: 23937.019 | CG11: 23937.015 | CH11: 24901.606 | CI11: 24637.229 | CJ11: 26923.659 | CK11: 21709.969 | CL11: 22756.025 | CM11: 26091.048 | CN11: 26825.151 | CO11: 27914.628 | CP11: 24723.823 | CQ11: 28427.722 | CZ11: 30205.005 | DA11: 31105.554 | DB11: 31949.205 | DC11: 31034.369 | DE11: 32814.242 | DF11: 33259.409 | DG11: 33259.409 | DP11: 33173.248
B12: 110000332 | iSS01084G | C12: INDUSTRIAS SALCOM | AA12: 44000 | AB12: 88000 | AC12: 132000 | BN12: 1288.1976 | BO12: 1289.2792 | BP12: 1288.9186 | DA12: 30369.75 | DB12: 27529.345 | DC12: 28476.147
B13: 110000332 | iSS01084G | C13: CN Cty Coca - Hà Nội | D13: 44000 | E13: 90200 | H13: 44000 | K13: 57200 | L13: 66000 | M13: 44000 | N13: 44000 | O13: 0 | P13: 389400 | Q13: 88000 | R13: 88000 | S13: 66000 | AB13: 0 | AC13: 242000 | AF13: 44000 | AG13: 44000 | AP13: 88000 | AQ13: 1333.315 | AR13: 1337.4927 | AU13: 1337.2729 | AX13: 1347.7288 | AY13: 1317.1049 | AZ13: 1323.3574 | BA13: 1333.9826 | BC13: 1333.05 | BD13: 1336.7139 | BE13: 1411.0778 | BF13: 1416.5304 | BP13: 1411.6911 | BS13: 1267.5166 | BT13: 1274.4286 | CC13: 1270.9726 | CD13: 21238.244 | CE13: 22878.932 | CH13: 24249.994 | CK13: 31248.215 | CL13: 29615.282 | CM13: 28196.916 | CN13: 27347.503 | CP13: 26325.432 | CQ13: 26518.029 | CR13: 26406.714 | CS13: 26379.931 | DC13: 26439.888 | DF13: 28764.36 | DG13: 28764.36 | DP13: 28764.36
B14: 110000332 | iSS01084G | C14: COCA COLA ĐÀ NẴNG | X14: 88000 | AC14: 88000 | BK14: 1408.8838 | BP14: 1408.8838 | CX14: 29299.876 | DC14: 29299.876
B15: 110000332 | iSS01084G | C15: Coca-Cola Thủ Đức | D15: 145200 | E15: 74800 | G15: 72600 | I15: 116600 | J15: 0 | N15: 110000 | P15: 519200 | Q15: 72600 | AC15: 72600 | AQ15: 1318.078 | AR15: 1323.2309 | AT15: 1304.5039 | AV15: 1322.0066 | BA15: 1321.5697 | BC15: 1318.5443 | BD15: 1326.7663 | BP15: 1326.7663 | CD15: 21238.244 | CE15: 22878.932 | CG15: 24292.539 | CI15: 25375.877 | CN15: 27347.503 | CP15: 24125.247 | CQ15: 26518.029 | DC15: 26518.029
B16: 110000332 | iSS01084G | C16: COCA-COLA VIỆT NAM TẠI TỈNH TÂY NINH | S16: 88000 | T16: 66000 | V16: 88000 | X16: 44000 | AB16: 0 | AC16: 286000 | AE16: 44000 | AF16: 132000 | AG16: 66000 | AP16: 242000 | BF16: 1415.5997 | BG16: 1398.374 | BI16: 1325.0309 | BK16: 1398.4289 | BP16: 1435.7427 | BR16: 1289.0507 | BS16: 1265.8863 | BT16: 1277.8476 | CC16: 1273.3602 | CS16: 26379.931 | CT16: 26574.885 | CV16: 27988.794 | CX16: 29299.876 | DC16: 27369.177 | DE16: 28728.819 | DF16: 28764.36 | DG16: 28764.36 | DP16: 28757.898
B17: 110000332 | iSS01084G | C17: CÔNG TY TNHH HON CHUAN VIETNAM | V17: 2789.2 | AC17: 2789.2 | AF17: 2200 | AG17: 22000 | AP17: 24200 | BI17: 1324.3545 | BP17: 1324.3545 | BS17: 1181.5536 | BT17: 1203.1429 | CC17: 1201.1802 | CV17: 27988.794 | DC17: 27988.794 | DF17: 28764.36 | DG17: 28764.36 | DP17: 28764.36
B18: 110000332 | iSS01084G | C18: CORAL A.E. | S18: 1100 | AC18: 1100 | BF18: 1306.8511 | BP18: 1306.8511 | CS18: 26379.931 | DC18: 26379.931
B19: 110000332 | iSS01084G | C19: CTY NGỌC NGHĨA-TÂY NINH | F19: 16500 | K19: 22000 | L19: 0 | M19: 44000 | N19: 0 | P19: 82500 | U19: 2200 | AC19: 2200 | AS19: 1413.7831 | AX19: 1432.987 | AZ19: 1447.2004 | BC19: 1436.7267 | BH19: 1345.1656 | BP19: 1345.1656 | CF19: 23530.176 | CK19: 31248.215 | CM19: 28196.916 | CP19: 28077.248 | CU19: 27745.546 | DC19: 27745.546
B20: 110000332 | iSS01084G | C20: Dung Avient | D20: 25 | P20: 25 | AQ20: 1410.0473 | BC20: 1410.0473 | CD20: 21238.244 | CP20: 21238.244
B21: 110000332 | iSS01084G | C21: GENESIS DISTRIBUCIÓN DE COLOMBIA SA | V21: 22000 | AC21: 22000 | BI21: 1321.4931 | BP21: 1321.4931 | CV21: 27988.794 | DC21: 27988.794
B22: 110000332 | iSS01084G | C22: Genesis Polymers International | I22: 22000 | L22: 88000 | P22: 110000 | U22: 220000 | AC22: 220000 | AV22: 1298.6539 | AY22: 1296.4686 | BC22: 1296.9056 | BH22: 1341.2159 | BP22: 1341.2159 | CI22: 25375.877 | CL22: 29615.282 | CP22: 28767.401 | CU22: 27745.546 | DC22: 27745.546
B23: 110000332 | iSS01084G | C23: KORYFES SA | T23: 22000 | AC23: 22000 | BG23: 1345.29 | BP23: 1345.29 | CT23: 26574.885 | DC23: 26574.885
B24: 110000332 | iSS01084G | C24: MCP-Resinex | K24: 22000 | P24: 22000 | AX24: 1267.3787 | BC24: 1267.3787 | CK24: 31248.215 | CP24: 31248.215
B25: 110000332 | iSS01084G | C25: MISS PLASTICS INC. | AE25: 2200 | AP25: 2200 | BR25: 1181.82 | CC25: 1181.82 | DE25: 28728.819 | DP25: 28728.819
B26: 110000332 | iSS01084G | C26: Người mua hàng không lấy hóa đơn | O26: 1100 | P26: 1100 | BB26: 1297.7678 | BC26: 1297.7678 | CO26: 26134.394 | CP26: 26134.394
B27: 110000332 | iSS01084G | C27: Parker-DTP | I27: 500 | N27: -400 | P27: 100 | AV27: 1293.6303 | BA27: 1314.3419 | BC27: 1210.7839 | CI27: 25375.877 | CN27: 27347.503 | CP27: 17489.374
B28: 110000332 | iSS01084G | C28: Resinex | R28: 66000 | AC28: 66000 | BE28: 1286.2298 | BP28: 1286.2298 | CR28: 26406.714 | DC28: 26406.714
B29: 110000332 | iSS01084G | C29: SodaStream | Q29: 44000 | AC29: 44000 | BD29: 1350.4402 | BP29: 1350.4402 | CQ29: 26518.029 | DC29: 26518.029
B30: 110000332 | iSS01084G | C30: Suntory - Ngọc Nghĩa Hưng Yên | T30: 3300 | AC30: 3300 | BG30: 1581.2955 | BP30: 1581.2955 | CT30: 26574.885 | DC30: 26574.885
B31: 110000332 | iSS01084G | C31: Suntory- Ngọc Nghĩa Tây Ninh | G31: 44000 | H31: 44000 | I31: 22000 | J31: 22000 | N31: 22000 | O31: 22000 | P31: 176000 | Q31: 44000 | S31: 22000 | T31: 22000 | U31: 44000 | V31: 22000 | W31: 66000 | X31: 44000 | Y31: 110000 | AA31: 110000 | AC31: 484000 | AD31: 44000 | AE31: 22000 | AF31: 88000 | AG31: 132000 | AP31: 286000 | AT31: 1397.3665 | AU31: 1370.9873 | AV31: 1394.028 | AW31: 1409.6445 | BA31: 1427.4993 | BB31: 1444.4629 | BC31: 1401.5428 | BD31: 1441.5855 | BF31: 1336.5648 | BG31: 1355.0074 | BH31: 1372.8437 | BI31: 1368.2949 | BJ31: 1370.0188 | BK31: 1360.7887 | BL31: 1311.1208 | BN31: 1318.2886 | BP31: 1348.5185 | BQ31: 1257.5213 | BR31: 1269.1526 | BS31: 1124.3288 | BT31: 1125.7789 | CC31: 1156.6295 | CG31: 24292.539 | CH31: 24249.994 | CI31: 25375.877 | CJ31: 27313.012 | CN31: 27347.503 | CO31: 26134.394 | CP31: 25406.981 | CQ31: 26518.029 | CS31: 26379.931 | CT31: 26574.885 | CU31: 27745.546 | CV31: 27988.794 | CW31: 28635.041 | CX31: 29299.876 | CY31: 29454.494 | DA31: 30369.75 | DC31: 28777.13 | DD31: 28300.028 | DE31: 28728.819 | DF31: 28764.36 | DG31: 28764.36 | DP31: 28690.191
B32: 110000332 | iSS01084G | C32: Suntory Sri Thái Bình Dương | D32: 14300 | E32: 44000 | F32: 31900 | G32: 44000 | K32: -29981.8 | L32: 66000 | M32: 0 | N32: 88000 | O32: 22000 | P32: 280218.2 | Q32: -13750.7 | R32: 22000 | S32: 88000 | T32: 44000 | U32: -40039.7 | W32: 50969.1 | X32: 43293 | AA32: 88000 | AB32: 176000 | AC32: 458471.7 | AD32: 220000 | AE32: 44000 | AF32: 154000 | AG32: 88000 | AP32: 506000 | AQ32: 1410.5925 | AR32: 1418.7887 | AS32: 1404.4741 | AT32: 1397.1488 | AX32: 1419.0734 | AY32: 1465.2747 | BA32: 1420.9509 | BB32: 1441.884 | BC32: 1426.7536 | BD32: 1457.7516 | BE32: 1399.1938 | BF32: 1358.5985 | BG32: 1354.0928 | BH32: 1360.7312 | BJ32: 1370.8477 | BK32: 1350.2563 | BN32: 1317.5508 | BO32: 1320.572 | BP32: 1335.0514 | BQ32: 1256.4391 | BR32: 1268.4175 | BS32: 1122.723 | BT32: 1130.3471 | CC32: 1194.8555 | CD32: 21238.244 | CE32: 22878.932 | CF32: 23530.176 | CG32: 24292.539 | CK32: 31248.215 | CL32: 29615.282 | CN32: 27347.503 | CO32: 26134.394 | CP32: 25441.36 | CQ32: 26518.029 | CR32: 26406.714 | CS32: 26379.931 | CT32: 26574.885 | CU32: 27745.546 | CW32: 28635.041 | CX32: 29299.876 | DA32: 30369.75 | DB32: 27529.345 | DC32: 28010.009 | DD32: 28300.028 | DE32: 28728.819 | DF32: 28764.36 | DG32: 28764.36 | DP32: 28559.386
B33: 110000332 | iSS01084G | C33: Suntory Việt Nam | I33: 6600 | J33: 4400 | K33: 651200 | L33: 153900 | M33: 311300 | N33: 418000 | O33: 572000 | P33: 2117400 | Q33: 154000 | R33: 484000 | S33: 154000 | T33: 374000 | U33: 330000 | V33: 351633 | W33: 132000 | X33: 616000 | Y33: 126500 | Z33: 382660 | AA33: 475340 | AB33: 682000 | AC33: 4262133 | AD33: 352000 | AE33: 264000 | AF33: 352000 | AG33: 528000 | AP33: 1496000 | AV33: 1362.6053 | AW33: 1367.2553 | AX33: 1425.6234 | AY33: 1407.8242 | AZ33: 1444.0849 | BA33: 1428.5148 | BB33: 1442.9236 | BC33: 1431.9705 | BD33: 1446.9593 | BE33: 1401.325 | BF33: 1364.2032 | BG33: 1343.7075 | BH33: 1374.0044 | BI33: 1340.6907 | BJ33: 1372.4129 | BK33: 1340.9875 | BL33: 1110.65 | BM33: 1286.0621 | BN33: 1310.4913 | BO33: 1321.4294 | BP33: 1337.9526 | BQ33: 1259.6401 | BR33: 1237.5293 | BS33: 1124.0658 | BT33: 1129.499 | CC33: 1177.9062 | CI33: 25375.877 | CJ33: 27313.012 | CK33: 31248.215 | CL33: 29615.282 | CM33: 28196.916 | CN33: 27347.503 | CO33: 26134.394 | CP33: 28502.936 | CQ33: 26518.029 | CR33: 26406.714 | CS33: 26379.931 | CT33: 26574.885 | CU33: 27745.546 | CV33: 27988.794 | CW33: 28635.041 | CX33: 29299.876 | CY33: 29454.494 | CZ33: 31284.463 | DA33: 30369.75 | DB33: 27529.345 | DC33: 28295.875 | DD33: 28300.028 | DE33: 28728.819 | DF33: 28764.36 | DG33: 28764.36 | DP33: 28648.834
B34: 110000332 | iSS01084G | C34: TRICON | AE34: 22000 | AP34: 22000 | BR34: 1270.8117 | CC34: 1270.8117 | DE34: 28728.819 | DP34: 28728.819
B35: 110000332 | iSS01084G | C35: Wiese | I35: 44000 | J35: 44000 | P35: 88000 | AV35: 1316.547 | AW35: 1318.6048 | BC35: 1317.5759 | CI35: 25375.877 | CJ35: 27313.012 | CP35: 26344.444
A36: Hạt iSS01084G | B36: 110000332 | iSS01084G Total | D36: 203525 | E36: 209000 | F36: 48400 | G36: 160600 | H36: 88000 | I36: 211700 | J36: 70400 | K36: 722418.2 | L36: 373900 | M36: 399300 | N36: 681600 | O36: 617100 | P36: 3785943.2 | Q36: 388849.3 | R36: 660000 | S36: 419100 | T36: 531300 | U36: 556160.3 | V36: 486422.2 | W36: 248969.1 | X36: 835293 | Y36: 236500 | Z36: 382660 | AA36: 717340 | AB36: 946000 | AC36: 6408593.9 | AD36: 616000 | AE36: 398200 | AF36: 772200 | AG36: 880000 | AP36: 2666400 | AQ36: 1327.8836 | AR36: 1349.5034 | AS36: 1407.6476 | AT36: 1355.3279 | AU36: 1354.1301 | AV36: 1327.1283 | AW36: 1350.0954 | AX36: 1415.1329 | AY36: 1375.7433 | AZ36: 1431.1249 | BA36: 1404.2107 | BB36: 1442.6826 | BC36: 1396.9593 | BD36: 1387.6579 | BE36: 1391.0448 | BF36: 1380.4574 | BG36: 1353.3675 | BH36: 1361.784 | BI36: 1338.1442 | BJ36: 1371.4578 | BK36: 1352.6898 | BL36: 1203.8923 | BM36: 1286.0621 | BN36: 1311.1855 | BO36: 1341.4884 | BP36: 1345.2792 | BQ36: 1258.3456 | BR36: 1249.9135 | BS36: 1156.4084 | BT36: 1149.2395 | CC36: 1191.5563 | CD36: 21238.244 | CE36: 22878.932 | CF36: 23530.176 | CG36: 24292.539 | CH36: 24249.994 | CI36: 25375.877 | CJ36: 27313.012 | CK36: 31248.215 | CL36: 29615.282 | CM36: 28196.916 | CN36: 27347.503 | CO36: 26134.394 | CP36: 27271.253 | CQ36: 26518.029 | CR36: 26406.714 | CS36: 26379.931 | CT36: 26574.885 | CU36: 27745.546 | CV36: 27988.794 | CW36: 28635.041 | CX36: 29299.876 | CY36: 29454.494 | CZ36: 31284.463 | DA36: 30369.75 | DB36: 27529.345 | DC36: 28138.633 | DD36: 28300.028 | DE36: 28728.819 | DF36: 28764.36 | DG36: 28764.36 | DP36: 28651.781
B37: 110000333 | WSS03 | C37: WORLD ELASTOMER | H37: 25 | P37: 25 | AU37: 1267.3217 | BC37: 1267.3217 | CH37: 28181.64 | CP37: 28181.64
A38: Hạt WSS03G | B38: 110000333 | WSS03 Total | H38: 25 | P38: 25 | AU38: 1267.3217 | BC38: 1267.3217 | CH38: 28181.64 | CP38: 28181.64
B39: 110000335 | WSS04 | C39: MEKONG BROS | Y39: 19800 | Z39: 9900 | AC39: 29700 | BL39: 728.82478 | BM39: 736.84149 | BP39: 731.49702 | CY39: 29897.192 | CZ39: 29310.476 | DC39: 29701.62
B40: 110000335 | WSS04 | C40: Việt Thành Plast | Y40: 24200 | Z40: 12100 | AA40: 30800 | AC40: 67100 | BL40: 740.8942 | BM40: 752.31395 | BN40: 786.39438 | BP40: 763.83883 | CY40: 29897.192 | CZ40: 29310.476 | DA40: 27172.658 | DC40: 28540.785
B41: 110000335 | WSS04 Total | Y41: 44000 | Z41: 22000 | AA41: 30800 | AC41: 96800 | BL41: 735.46296 | BM41: 745.35135 | BN41: 786.39438 | BP41: 753.91577 | CY41: 29897.192 | CZ41: 29310.476 | DA41: 27172.658 | DC41: 28896.95
B42: 110000337 | rHDB03W01 | C42: CPSX Nhựa Duy Tân | D42: 11000 | F42: 300 | P42: 11300 | AQ42: 1462.0677 | AS42: 1449.7286 | BC42: 1461.7401 | CD42: 33100.351 | CF42: 35072.529 | CP42: 33152.709
B43: 110000337 | rHDB03W01 | C43: Lix Việt Nam | F43: 1000 | P43: 1000 | AS43: 1364.1394 | BC43: 1364.1394 | CF43: 35072.529 | CP43: 35072.529
B44: 110000337 | rHDB03W01 | C44: Nhựa Hồng Đông | L44: 25 | P44: 25 | AY44: 1363.4656 | BC44: 1363.4656 | CL44: 31459.96 | CP44: 31459.96
B45: 110000337 | rHDB03W01 | C45: VI LỮ | N45: 25 | P45: 25 | BA45: 1366.8148 | BC45: 1366.8148 | CN45: 31466.04 | CP45: 31466.04
B46: 110000337 | rHDB03W01 Total | D46: 11000 | F46: 1300 | L46: 25 | N46: 25 | P46: 12350 | AQ46: 1462.0677 | AS46: 1383.8907 | AY46: 1363.4656 | BA46: 1366.8148 | BC46: 1453.4461 | CD46: 33100.351 | CF46: 35072.529 | CL46: 31459.96 | CN46: 31466.04 | CP46: 33301.32
B47: 110000339 | rHDPE MBF01 | C47: Công ty Chấn Thuận Thành | G47: 2000 | H47: 1375 | P47: 3375 | AT47: 1262.2525 | AU47: 1215.2175 | BC47: 1243.0901 | CG47: 27275.997 | CH47: 26433.318 | CP47: 26932.683
B48: 110000339 | rHDPE MBF01 | C48: CPSX Nhựa Duy Tân | D48: 100000 | E48: 100000 | F48: 110300 | G48: 10000 | H48: 99700 | P48: 420000 | AQ48: 1510.7116 | AR48: 1505.3425 | AS48: 1498.5437 | AT48: 1470.3196 | AU48: 1387.6844 | BC48: 1476.0717 | CD48: 28996.769 | CE48: 27173.311 | CF48: 27285.004 | CG48: 27275.997 | CH48: 26433.318 | CP48: 27463.585
B49: 110000339 | rHDPE MBF01 | C49: Duy Tân Long An | Z49: 5500 | AC49: 5500 | AG49: 9625 | AP49: 9625 | BM49: 1389.2713 | BP49: 1389.2713 | BT49: 1282.5524 | CC49: 1282.5524 | CZ49: 26983.609 | DC49: 26983.609 | DG49: 30209.068 | DP49: 30209.068
B50: 110000339 | rHDPE MBF01 | C50: Dynaplast Bắc Ninh | D50: 60750 | G50: 11000 | H50: 25000 | K50: 11000 | L50: 11000 | O50: 24750 | P50: 143500 | Q50: 49500 | R50: 24750 | S50: 24750 | T50: 24750 | U50: 24750 | V50: 24750 | W50: 35750 | X50: 35725 | Y50: 35750 | Z50: 35750 | AA50: 11000 | AB50: 35750 | AC50: 362975 | AD50: 46750 | AE50: 24750 | AF50: 46750 | AP50: 118250 | AQ50: 1517.9826 | AT50: 1476.2193 | AU50: 1396.1133 | AX50: 1414.9785 | AY50: 1439.2766 | BB50: 1378.4043 | BC50: 1455.547 | BD50: 1394.0405 | BE50: 1408.7094 | BF50: 1402.2984 | BG50: 1386.0857 | BH50: 1346.6066 | BI50: 1339.825 | BJ50: 1383.053 | BK50: 1375.0675 | BL50: 1371.1183 | BM50: 1392.3996 | BN50: 1392.0924 | BO50: 1394.6996 | BP50: 1382.7673 | BQ50: 1363.0906 | BR50: 1321.8903 | BS50: 1351.7703 | CC50: 1349.9918 | CD50: 28996.769 | CG50: 27275.997 | CH50: 26433.318 | CK50: 27318.421 | CL50: 27586.224 | CO50: 27678.943 | CP50: 27954.199 | CQ50: 27886.389 | CR50: 27938.279 | CS50: 27963.684 | CT50: 27869.928 | CU50: 27477.29 | CV50: 27372.334 | CW50: 27311.251 | CX50: 27111.256 | CY50: 27065.022 | CZ50: 26983.609 | DA50: 27100.633 | DB50: 27808.628 | DC50: 27496.906 | DD50: 29029.363 | DE50: 29713.049 | DF50: 30209.068 | DP50: 29638.855
B51: 110000339 | rHDPE MBF01 | C51: Dynaplast Bình Dương | D51: 9625 | G51: 9625 | H51: 9625 | J51: 9625 | K51: 9625 | P51: 48125 | R51: 2750 | S51: 9625 | U51: 9600 | AC51: 21975 | AQ51: 1519.8316 | AT51: 1478.6216 | AU51: 1398.0935 | AW51: 1401.5716 | AX51: 1417.3951 | BC51: 1443.1027 | BE51: 1415.3147 | BF51: 1409.6142 | BH51: 1351.3017 | BP51: 1384.8532 | CD51: 28996.769 | CG51: 27275.997 | CH51: 26433.318 | CJ51: 26935.073 | CK51: 27318.421 | CP51: 27391.916 | CR51: 27938.279 | CS51: 27963.684 | CU51: 27477.29 | DC51: 27748.019
B52: 110000339 | rHDPE MBF01 | C52: Motul -DTP | J52: 22000 | K52: 44000 | M52: 22000 | N52: 22000 | P52: 110000 | AW52: 1364.8231 | AX52: 1379.7439 | AZ52: 1363.693 | BA52: 1364.2421 | BC52: 1370.4492 | CJ52: 26935.073 | CK52: 27318.421 | CM52: 27506.316 | CN52: 27721.874 | CP52: 27360.021
B53: 110000339 | rHDPE MBF01 | C53: Resinex | F53: 12000 | P53: 12000 | AS53: 1358.0223 | BC53: 1358.0223 | CF53: 27285.004 | CP53: 27285.004
B54: 110000339 | rHDPE MBF01 | C54: Unilever Duy Tân | G54: 100000 | I54: 88000 | J54: 66000 | K54: 22000 | L54: 77000 | M54: 88000 | N54: 66000 | O54: 77150 | P54: 584150 | Q54: 54850 | R54: 77000 | S54: 88000 | T54: 22000 | U54: 77000 | V54: 88000 | W54: 99000 | X54: 77000 | Y54: 77000 | Z54: 143000 | AA54: 55000 | AB54: 104500 | AC54: 962350 | AD54: 165000 | AE54: 176000 | AF54: 231000 | AG54: 192500 | AP54: 764500 | AT54: 1399.175 | AV54: 1389.1523 | AW54: 1393.3135 | AX54: 1409.0438 | AY54: 1433.24 | AZ54: 1415.3076 | BA54: 1393.2675 | BB54: 1391.2213 | BC54: 1402.5772 | BD54: 1392.411 | BE54: 1407.0843 | BF54: 1401.4169 | BG54: 1348.8896 | BH54: 1343.2525 | BI54: 1336.1998 | BJ54: 1353.2218 | BK54: 1371.5527 | BL54: 1367.496 | BM54: 1381.6863 | BN54: 1388.3655 | BO54: 1391.0743 | BP54: 1374.6763 | BQ54: 1363.3487 | BR54: 1361.2591 | BS54: 1347.7062 | BT54: 1345.538 | CC54: 1353.6564 | CG54: 27275.997 | CI54: 26308.111 | CJ54: 26935.073 | CK54: 27318.421 | CL54: 27586.224 | CM54: 27506.316 | CN54: 27721.874 | CO54: 27678.943 | CP54: 27272.452 | CQ54: 27886.389 | CR54: 27938.279 | CS54: 27963.684 | CT54: 27869.928 | CU54: 27477.29 | CV54: 27372.334 | CW54: 27311.251 | CX54: 27111.256 | CY54: 27065.022 | CZ54: 26983.609 | DA54: 27100.633 | DB54: 27808.628 | DC54: 27443.087 | DD54: 29029.363 | DE54: 29713.049 | DF54: 30209.068 | DG54: 30209.068 | DP54: 29840.264
B55: 110000339 | rHDPE MBF01 Total | D55: 170375 | E55: 100000 | F55: 122300 | G55: 132625 | H55: 135700 | I55: 88000 | J55: 97625 | K55: 86625 | L55: 88000 | M55: 110000 | N55: 88000 | O55: 101900 | P55: 1321150 | Q55: 104350 | R55: 104500 | S55: 122375 | T55: 46750 | U55: 111350 | V55: 112750 | W55: 134750 | X55: 112725 | Y55: 112750 | Z55: 184250 | AA55: 66000 | AB55: 140250 | AC55: 1352800 | AD55: 211750 | AE55: 200750 | AF55: 277750 | AG55: 202125 | AP55: 892375 | AQ55: 1513.8194 | AR55: 1505.3425 | AS55: 1484.7559 | AT55: 1414.6303 | AU55: 1388.228 | AV55: 1389.1523 | AW55: 1387.7073 | AX55: 1395.8428 | AY55: 1433.9946 | AZ55: 1404.9847 | BA55: 1386.0112 | BB55: 1388.1082 | BC55: 1429.684 | BD55: 1393.184 | BE55: 1407.6858 | BF55: 1402.2399 | BG55: 1368.5816 | BH55: 1344.6919 | BI55: 1336.9956 | BJ55: 1361.1362 | BK55: 1372.6666 | BL55: 1368.6445 | BM55: 1383.9914 | BN55: 1388.9866 | BO55: 1391.9984 | BP55: 1377.0719 | BQ55: 1363.2917 | BR55: 1356.4054 | BS55: 1348.3902 | BT55: 1342.5386 | CC55: 1352.4039 | CD55: 28996.769 | CE55: 27173.311 | CF55: 27285.004 | CG55: 27275.997 | CH55: 26433.318 | CI55: 26308.111 | CJ55: 26935.073 | CK55: 27318.421 | CL55: 27586.224 | CM55: 27506.316 | CN55: 27721.874 | CO55: 27678.943 | CP55: 27418.152 | CQ55: 27886.389 | CR55: 27938.279 | CS55: 27963.684 | CT55: 27869.928 | CU55: 27477.29 | CV55: 27372.334 | CW55: 27311.251 | CX55: 27111.256 | CY55: 27065.022 | CZ55: 26983.609 | DA55: 27100.633 | DB55: 27808.628 | DC55: 27460.613 | DD55: 29029.363 | DE55: 29713.049 | DF55: 30209.068 | DG55: 30209.068 | DP55: 29817.553
B56: 110000341 | rHDB04B01 | C56: CHẤN HÙNG | AA56: 500 | AC56: 500 | BN56: 748.42728 | BP56: 748.42728 | DA56: 23809.437 | DC56: 23809.437
B57: 110000341 | rHDB04B01 | C57: CÔNG TY ĐẠI LỘC | AB57: 250 | AC57: 250 | AD57: 500 | AF57: 1000 | AP57: 1500 | BO57: 841.70899 | BP57: 841.70899 | BQ57: 952.99086 | BS57: 953.86497 | CC57: 953.5736 | DB57: 23937.371 | DC57: 23937.371 | DD57: 23615.011 | DF57: 20349.585 | DP57: 21438.06
B58: 110000341 | rHDB04B01 | C58: EATONE PRO | S58: 100 | T58: 1000 | AC58: 1100 | BF58: 669.96872 | BG58: 662.22288 | BP58: 662.92705 | CS58: 23235.312 | CT58: 22999.207 | DC58: 23020.671
B59: 110000341 | rHDB04B01 | C59: MHE ENTERPRISE | X59: 27000 | AA59: 108000 | AC59: 135000 | AF59: 108000 | AP59: 108000 | BK59: 645.02019 | BN59: 667.46032 | BP59: 662.9723 | BS59: 731.53214 | CC59: 731.53214 | CX59: 21546.945 | DA59: 23809.437 | DC59: 23356.939 | DF59: 20349.585 | DP59: 20349.585
B60: 110000341 | rHDB04B01 | C60: MTVN Plastic | T60: 1000 | V60: 28125 | W60: 22000 | X60: 23375 | Y60: 48125 | Z60: 47350 | AA60: 20625 | AB60: 33000 | AC60: 223600 | AD60: 15125 | AE60: 4125 | AF60: 27500 | AG60: 11000 | AP60: 57750 | BG60: 650.5366 | BI60: 610.86379 | BJ60: 598.6951 | BK60: 602.33274 | BL60: 600.55117 | BM60: 601.45336 | BN60: 598.95988 | BO60: 600.72568 | BP60: 602.14552 | BQ60: 600.03128 | BR60: 605.81943 | BS60: 609.41373 | BT60: 617.28395 | CC60: 608.19878 | CT60: 22999.207 | CV60: 21445.707 | CW60: 21448.016 | CX60: 21546.945 | CY60: 21590.082 | CZ60: 21146.302 | DA60: 23809.437 | DB60: 23937.371 | DC60: 22016.9 | DD60: 23615.011 | DE60: 21457.541 | DF60: 20349.585 | DG60: 20349.585 | DP60: 21283.955
B61: 110000341 | rHDB04B01 | C61: NHỰA ĐẠT HÒA | Z61: 3500 | AC61: 3500 | BM61: 760.84309 | BP61: 760.84309 | CZ61: 21146.302 | DC61: 21146.302
B62: 110000341 | rHDB04B01 | C62: NHỰA ĐỒNG NAI | L62: 1000 | P62: 1000 | R62: 11000 | S62: 11000 | T62: 28000 | AC62: 50000 | AY62: 857.64063 | BC62: 857.64063 | BE62: 672.67809 | BF62: 669.96872 | BG62: 662.22288 | BP62: 666.22711 | CL62: 23091.335 | CP62: 23091.335 | CR62: 23214.319 | CS62: 23235.312 | CT62: 22999.207 | DC62: 23098.475
B63: 110000341 | rHDB04B01 | C63: Orient Plastic | AG63: 81000 | AP63: 81000 | BT63: 900 | CC63: 900 | DG63: 20349.585 | DP63: 20349.585
B64: 110000341 | rHDB04B01 | C64: THẠC HƯƠNG | W64: 1375 | AC64: 1375 | BJ64: 692.62583 | BP64: 692.62583 | CW64: 21448.016 | DC64: 21448.016
B65: 110000341 | rHDB04B01 Total | L65: 1000 | P65: 1000 | R65: 11000 | S65: 11100 | T65: 30000 | V65: 28125 | W65: 23375 | X65: 50375 | Y65: 48125 | Z65: 50850 | AA65: 129125 | AB65: 33250 | AC65: 415325 | AD65: 15625 | AE65: 4125 | AF65: 136500 | AG65: 92000 | AP65: 248250 | AY65: 857.64063 | BC65: 857.64063 | BE65: 672.67809 | BF65: 669.96872 | BG65: 661.83334 | BI65: 610.86379 | BJ65: 604.22044 | BK65: 625.21237 | BL65: 600.55117 | BM65: 612.42414 | BN65: 656.83234 | BO65: 602.53758 | BP65: 631.7499 | BQ65: 611.32599 | BR65: 605.81943 | BS65: 708.55834 | BT65: 866.19699 | CC65: 759.1513 | CL65: 23091.335 | CP65: 23091.335 | CR65: 23214.319 | CS65: 23235.312 | CT65: 22999.207 | CV65: 21445.707 | CW65: 21448.016 | CX65: 21546.945 | CY65: 21590.082 | CZ65: 21146.302 | DA65: 23809.437 | DB65: 23937.371 | DC65: 22579.436 | DD65: 23615.011 | DE65: 21457.541 | DF65: 20349.585 | DG65: 20349.585 | DP65: 20573.523
B66: 110000343 | rHDB03G01 | C66: Lix Việt Nam | F66: 1000 | P66: 1000 | AS66: 1364.1394 | BC66: 1364.1394 | CF66: 3241.046 | CP66: 3241.046
B67: 110000343 | rHDB03G01 Total | F67: 1000 | P67: 1000 | AS67: 1364.1394 | BC67: 1364.1394 | CF67: 3241.046 | CP67: 3241.046
B68: 110000345 | rHDB03Y01 | C68: Lix Việt Nam | F68: 1000 | P68: 1000 | AS68: 1364.1394 | BC68: 1364.1394 | CF68: 31915.292 | CP68: 31915.292
B69: 110000345 | rHDB03Y01 Total | F69: 1000 | P69: 1000 | AS69: 1364.1394 | BC69: 1364.1394 | CF69: 31915.292 | CP69: 31915.292
B70: 110000354 | WSS01G 1 | C70: AN NHẬT | K70: 100 | L70: 3300 | N70: 3300 | P70: 6700 | Q70: 3300 | R70: 3300 | T70: 4400 | U70: 5500 | V70: 4400 | AC70: 20900 | AX70: 1328.6222 | AY70: 1360.5555 | BA70: 1332.9782 | BC70: 1346.4961 | BD70: 1292.5004 | BE70: 1240.8022 | BG70: 1258.3238 | BH70: 1285.8832 | BI70: 1279.1317 | BP70: 1272.5866 | CK70: 24938.211 | CL70: 24831.056 | CN70: 23564.045 | CP70: 24208.605 | CQ70: 25581.32 | CR70: 25060.439 | CT70: 26870.735 | CU70: 27142.563 | CV70: 27964.308 | DC70: 26683.066
B71: 110000354 | WSS01G 1 | C71: CÔNG TY TNHH HON CHUAN VIETNAM | Y71: 500 | AC71: 500 | BL71: 1255.8226 | BP71: 1255.8226 | CY71: 26804.874 | DC71: 26804.874
B72: 110000354 | WSS01G 1 | C72: CORAL A.E. | S72: 11000 | AC72: 11000 | BF72: 1216.8511 | BP72: 1216.8511 | CS72: 26237.512 | DC72: 26237.512
B73: 110000354 | WSS01G 1 | C73: CPSX Nhựa Duy Tân | E73: 68200 | F73: 0 | H73: 44000 | J73: 16500 | K73: 33000 | P73: 161700 | Q73: 11000 | R73: 23100 | S73: 11000 | U73: 11000 | V73: 22000 | X73: 5500 | Y73: 16500 | Z73: 11000 | AA73: 24200 | AB73: 11000 | AC73: 146300 | AR73: 1319.5117 | AU73: 1284.6595 | AW73: 1306.5681 | AX73: 1323.447 | BC73: 1309.5105 | BD73: 1332.6203 | BE73: 1237.0763 | BF73: 1220.2734 | BH73: 1243.144 | BI73: 1256.3932 | BK73: 1244.5703 | BL73: 1232.4011 | BM73: 1230.1842 | BN73: 1165.8936 | BO73: 1207.1782 | BP73: 1231.5714 | CE73: 23776.436 | CH73: 25017.428 | CJ73: 24320.424 | CK73: 24938.211 | CP73: 24406.727 | CQ73: 25581.32 | CR73: 25060.439 | CS73: 26237.512 | CU73: 27142.563 | CV73: 27964.308 | CX73: 27773.82 | CY73: 26804.874 | CZ73: 26381.062 | DA73: 26445.24 | DB73: 26072.93 | DC73: 26484.562
B74: 110000354 | WSS01G 1 | C74: CTY NGỌC NGHĨA - CỦ CHI | Y74: 13200 | AB74: 4400 | AC74: 17600 | AF74: 31900 | AG74: 22000 | AP74: 53900 | BL74: 1219.9948 | BO74: 1216.0542 | BP74: 1219.0097 | BS74: 1160.928 | BT74: 1315.3524 | CC74: 1223.9584 | CY74: 26804.874 | DB74: 26072.93 | DC74: 26621.888 | DF74: 25463.673 | DG74: 25463.673 | DP74: 25463.673
B75: 110000354 | WSS01G 1 | C75: CTY NGỌC NGHĨA-TÂY NINH | D75: 202400 | E75: 88000 | F75: 66000 | G75: 110000 | H75: 22000 | I75: 0 | K75: 24200 | M75: 42900 | N75: 71500 | O75: 0 | P75: 627000 | Q75: 24200 | R75: 33000 | S75: 45000 | T75: 11000 | U75: 28600 | Y75: 66000 | Z75: 7700 | AC75: 215500 | AD75: 19800 | AE75: 20900 | AP75: 40700 | AQ75: 1189.7757 | AR75: 1183.5366 | AS75: 1197.6052 | AT75: 1174.9785 | AU75: 1236.6183 | AX75: 1262.7113 | AZ75: 1257.2613 | BA75: 1251.659 | BC75: 1202.3065 | BD75: 1248.1489 | BE75: 1221.3778 | BF75: 1249.1194 | BG75: 1243.0243 | BH75: 1310.9635 | BL75: 1217.7693 | BM75: 1225.1497 | BP75: 1242.2009 | BQ75: 1175.8995 | BR75: 1169.9323 | CC75: 1172.8353 | CD75: 22699.7 | CE75: 23776.436 | CF75: 23707.752 | CG75: 23808.255 | CH75: 25017.428 | CK75: 24938.211 | CM75: 25016.991 | CN75: 23564.045 | CP75: 23576.255 | CQ75: 25581.32 | CR75: 25060.439 | CS75: 26237.512 | CT75: 26870.735 | CU75: 27142.563 | CY75: 26804.874 | CZ75: 26381.062 | DC75: 26314.903 | DD75: 26175.498 | DE75: 27525.028 | DP75: 26868.5
B76: 110000354 | WSS01G 1 | C76: CTY THỰC PHẨM VĨ HUY | E76: 2200 | H76: 1100 | J76: 1100 | M76: 1100 | P76: 5500 | AR76: 1321.161 | AU76: 1303.925 | AW76: 1306.1036 | AZ76: 1355.1964 | BC76: 1321.5094 | CE76: 23776.436 | CH76: 25017.428 | CJ76: 24320.424 | CM76: 25016.991 | CP76: 24381.543
B77: 110000354 | WSS01G 1 | C77: Dân Ôn Foods | K77: 1100 | P77: 1100 | AX77: 1332.4167 | BC77: 1332.4167 | CK77: 24938.211 | CP77: 24938.211
B78: 110000354 | WSS01G 1 | C78: ĐÔ THÀNH | U78: 3300 | AB78: 5500 | AC78: 8800 | BH78: 1301.4749 | BO78: 1238.5892 | BP78: 1262.1714 | CU78: 27142.563 | DB78: 26072.93 | DC78: 26474.042
B79: 110000354 | WSS01G 1 | C79: IKEA - VĨ HUY | AA79: 2200 | AC79: 2200 | BN79: 1178.235 | BP79: 1178.235 | DA79: 26445.24 | DC79: 26445.24
B80: 110000354 | WSS01G 1 | C80: Lix Việt Nam | F80: 300 | P80: 300 | AS80: 1263.092 | BC80: 1263.092 | CF80: 23707.752 | CP80: 23707.752
B81: 110000354 | WSS01G 1 | C81: MIDA | J81: 200 | K81: 300 | P81: 500 | AB81: 1100 | AC81: 1100 | AD81: 13200 | AF81: 45100 | AG81: 20900 | AP81: 79200 | AW81: 1318.1173 | AX81: 1304.4244 | BC81: 1309.9016 | BO81: 1207.0252 | BP81: 1207.0252 | BQ81: 1100.9182 | BS81: 1094.2452 | BT81: 1179.4206 | CC81: 1117.8342 | CJ81: 24320.424 | CK81: 24938.211 | CP81: 24691.096 | DB81: 26072.93 | DC81: 26072.93 | DD81: 26175.498 | DF81: 25463.673 | DG81: 25463.673 | DP81: 25582.311
B82: 110000354 | WSS01G 1 | C82: MTV MILKIWAY SOLUTION | O82: 11000 | P82: 11000 | Q82: 22000 | S82: 22000 | V82: 22000 | W82: 11000 | X82: 11000 | AA82: 22000 | AC82: 110000 | BB82: 1276.551 | BC82: 1276.551 | BD82: 1275.8655 | BF82: 1273.3113 | BI82: 1269.9877 | BJ82: 1279.3855 | BK82: 1272.3819 | BN82: 1179.0435 | BP82: 1254.8183 | CO82: 24973.415 | CP82: 24973.415 | CQ82: 25581.32 | CS82: 26237.512 | CV82: 27964.308 | CW82: 28505.692 | CX82: 27773.82 | DA82: 26445.24 | DC82: 26873.627
B83: 110000354 | WSS01G 1 | C83: Muji- DTP | F83: 6600 | H83: 11000 | M83: 5500 | P83: 23100 | Q83: 5500 | R83: 1100 | V83: 3300 | AB83: 3300 | AC83: 13200 | AS83: 1253.763 | AU83: 1302.9982 | AZ83: 1316.6794 | BC83: 1292.1884 | BD83: 1332.6203 | BE83: 1225.0709 | BI83: 1256.3932 | BO83: 1221.908 | BP83: 1276.923 | CF83: 23707.752 | CH83: 25017.428 | CM83: 25016.991 | CP83: 24643.131 | CQ83: 25581.32 | CR83: 25060.439 | CV83: 27964.308 | DB83: 26072.93 | DC83: 26256.563
B84: 110000354 | WSS01G 1 | C84: Natures Organics - PIA | U84: 22000 | X84: 44000 | Y84: 64900 | Z84: 44000 | AC84: 174900 | AE84: 22000 | AP84: 22000 | BH84: 1244.0078 | BK84: 1218.7747 | BL84: 1188.5205 | BM84: 1151.3639 | BP84: 1193.7636 | BR84: 1134.2436 | CC84: 1134.2436 | CU84: 27142.563 | CX84: 27773.82 | CY84: 26804.874 | CZ84: 26381.062 | DC84: 26984.491 | DE84: 27525.028 | DP84: 27525.028
B85: 110000354 | WSS01G 1 | C85: NEO POLYMERS INTERNATIONAL | AF85: 22000 | AG85: 22000 | AP85: 44000 | BS85: 1176.1721 | BT85: 1171.3636 | CC85: 1173.7679 | DF85: 25463.673 | DG85: 25463.673 | DP85: 25463.673
B86: 110000354 | WSS01G 1 | C86: Người mua hàng không lấy hóa đơn | O86: 1100 | P86: 1100 | BB86: 1214.5181 | BC86: 1214.5181 | CO86: 24973.415 | CP86: 24973.415
B87: 110000354 | WSS01G 1 | C87: Nhựa Âu Lạc | V87: 25 | W87: 1100 | AC87: 1125 | BI87: 1289.605 | BJ87: 1280.0858 | BP87: 1280.2974 | CV87: 27964.308 | CW87: 28505.692 | DC87: 28493.662
B88: 110000354 | WSS01G 1 | C88: Niagara Mexico | E88: 220000 | F88: 220000 | H88: 220000 | P88: 660000 | AE88: 154000 | AP88: 154000 | AR88: 1162.7528 | AS88: 1164.0621 | AU88: 1164.5325 | BC88: 1163.7825 | BR88: 1083.9522 | CC88: 1083.9522 | CE88: 23776.436 | CF88: 23707.752 | CH88: 25017.428 | CP88: 24167.206 | DE88: 27525.028 | DP88: 27525.028
B89: 110000354 | WSS01G 1 | C89: NIAGARA UK | AB89: 374000 | AC89: 374000 | AD89: 66000 | AP89: 66000 | BO89: 1163.1146 | BP89: 1163.1146 | BQ89: 1165.3777 | CC89: 1165.3777 | DB89: 26072.93 | DC89: 26072.93 | DD89: 26072.93 | DP89: 26072.93
B90: 110000354 | WSS01G 1 | C90: Niagara US | D90: 616000 | E90: 704000 | F90: 594000 | G90: 924000 | H90: 352000 | I90: 88000 | J90: 836000 | K90: 1540000 | L90: 1650000 | M90: 968000 | N90: 374000 | O90: 1012000 | P90: 9658000 | Q90: 2464000 | R90: 1672000 | S90: 1078000 | T90: 1408000 | U90: 1320000 | V90: 748000 | W90: 1672000 | X90: 1210000 | Y90: 638000 | Z90: 660000 | AA90: 330000 | AB90: 330000 | AC90: 13530000 | AD90: 1232000 | AE90: 704000 | AF90: 572000 | AG90: 880000 | AP90: 3388000 | AQ90: 1163.8757 | AR90: 1163.7732 | AS90: 1163.7611 | AT90: 1163.6573 | AU90: 1163.1068 | AV90: 1163.3364 | AW90: 1166.6156 | AX90: 1175.5497 | AY90: 1200.8189 | AZ90: 1224.3716 | BA90: 1230.4702 | BB90: 1245.4708 | BC90: 1189.4095 | BD90: 1185.237 | BE90: 1241.6584 | BF90: 1214.3586 | BG90: 1188.9136 | BH90: 1184.967 | BI90: 1186.55 | BJ90: 1187.1824 | BK90: 1129.8111 | BL90: 1172.0445 | BM90: 1161.6714 | BN90: 1164.0046 | BO90: 1097.3801 | BP90: 1185.8098 | BQ90: 1054.2302 | BR90: 1015.6955 | BS90: 1024.3151 | BT90: 1182.685 | CC90: 1074.5373 | CD90: 22699.7 | CE90: 23776.436 | CF90: 23707.752 | CG90: 23808.255 | CH90: 25017.428 | CI90: 24420.325 | CJ90: 24320.424 | CK90: 24938.211 | CL90: 24831.056 | CM90: 25016.991 | CN90: 23564.045 | CO90: 24973.415 | CP90: 24411.725 | CQ90: 25559.609 | CR90: 25060.439 | CS90: 26237.512 | CT90: 26870.735 | CU90: 27142.563 | CV90: 27964.308 | CW90: 28505.692 | CX90: 27773.82 | CY90: 26804.874 | CZ90: 26381.062 | DA90: 26445.24 | DB90: 26072.93 | DC90: 26670.754 | DD90: 26131.54 | DE90: 27525.028 | DF90: 25463.673 | DG90: 25463.673 | DP90: 26134.867
B91: 110000354 | WSS01G 1 | C91: Nu-pure | S91: 11000 | AC91: 11000 | BF91: 1141.8664 | BP91: 1141.8664 | CS91: 26237.512 | DC91: 26237.512
B92: 110000354 | WSS01G 1 | C92: Olam Duy Tân | AD92: 55000 | AE92: 44000 | AF92: 33000 | AG92: 200 | AP92: 132200 | BQ92: 1251.7957 | BR92: 1229.097 | BS92: 1205.5702 | BT92: 1209.0667 | CC92: 1232.6374 | DD92: 26175.498 | DE92: 27525.028 | DF92: 25463.673 | DG92: 25463.673 | DP92: 26445.897
B93: 110000354 | WSS01G 1 | C93: Otsuka - Iwatani | AD93: 1100 | AP93: 1100 | BQ93: 1222.029 | CC93: 1222.029 | DD93: 26175.498 | DP93: 26175.498
B94: 110000354 | WSS01G 1 | C94: PakPot Australia | M94: 44000 | N94: 44000 | P94: 88000 | AZ94: 1331.3703 | BA94: 1335.8057 | BC94: 1333.588 | CM94: 25016.991 | CN94: 23564.045 | CP94: 24290.518
B95: 110000354 | WSS01G 1 | C95: Plascene- DTP | I95: 99000 | J95: 67100 | K95: 99000 | L95: 66000 | M95: 55000 | N95: 77000 | O95: 22000 | P95: 485100 | Q95: 44000 | R95: 77000 | S95: 110000 | T95: 56100 | U95: 64900 | V95: 66000 | W95: 99000 | Z95: 55000 | AA95: 22000 | AB95: 55000 | AC95: 649000 | AD95: 66000 | AE95: 44000 | AF95: 110000 | AG95: 44000 | AP95: 264000 | AV95: 1252.7959 | AW95: 1276.2673 | AX95: 1290.1883 | AY95: 1313.5834 | AZ95: 1276.2736 | BA95: 1254.1643 | BB95: 1288.1103 | BC95: 1276.4247 | BD95: 1289.1609 | BE95: 1232.2741 | BF95: 1224.4422 | BG95: 1248.244 | BH95: 1253.2528 | BI95: 1256.3932 | BJ95: 1251.4188 | BM95: 1260.5704 | BN95: 1156.0361 | BO95: 1156.9483 | BP95: 1237.085 | BQ95: 1109.5078 | BR95: 1111.547 | BS95: 1096.3755 | BT95: 1099.1619 | CC95: 1102.6516 | CI95: 24420.325 | CJ95: 24320.424 | CK95: 24938.211 | CL95: 24831.056 | CM95: 25016.991 | CN95: 23564.045 | CO95: 24973.415 | CP95: 24524.895 | CQ95: 25581.32 | CR95: 25060.439 | CS95: 26237.512 | CT95: 26870.735 | CU95: 27142.563 | CV95: 27964.308 | CW95: 28505.692 | CZ95: 26381.062 | DA95: 26445.24 | DB95: 26072.93 | DC95: 26725.472 | DD95: 26175.498 | DE95: 27525.028 | DF95: 25463.673 | DG95: 25463.673 | DP95: 25985.188
B96: 110000354 | WSS01G 1 | C96: Plascene, Inc. | D96: 154000 | E96: 66000 | F96: 110000 | G96: 110000 | H96: 88000 | I96: 88000 | K96: 132000 | L96: 88000 | N96: 22000 | O96: 110000 | P96: 968000 | S96: 44000 | T96: 44000 | U96: 88000 | V96: 44000 | W96: 64900 | X96: 66000 | Z96: 88000 | AA96: 66000 | AC96: 504900 | AF96: 88000 | AG96: 44000 | AP96: 132000 | AQ96: 1259.3807 | AR96: 1228.8864 | AS96: 1200.9591 | AT96: 1170.0708 | AU96: 1187.7415 | AV96: 1196.5574 | AX96: 1194.748 | AY96: 1194.8102 | BA96: 1259.9746 | BB96: 1260.8352 | BC96: 1213.7852 | BF96: 1229.2803 | BG96: 1237.2184 | BH96: 1228.9231 | BI96: 1228.8 | BJ96: 1228.2011 | BK96: 1215.2246 | BM96: 1079.5744 | BN96: 1080.5383 | BP96: 1182.356 | BS96: 1078.0529 | BT96: 1080 | CC96: 1078.7019 | CD96: 22536.166 | CE96: 23776.436 | CF96: 23707.752 | CG96: 23808.255 | CH96: 25017.428 | CI96: 24420.325 | CK96: 24938.211 | CL96: 24831.056 | CN96: 23564.045 | CO96: 24973.415 | CP96: 24131.776 | CS96: 26237.512 | CT96: 26870.735 | CU96: 27142.563 | CV96: 27964.308 | CW96: 28505.692 | CX96: 27773.82 | CZ96: 26381.062 | DA96: 26445.24 | DC96: 27145.472 | DF96: 25463.673 | DG96: 25463.673 | DP96: 25463.673
B97: 110000354 | WSS01G 1 | C97: POLYMERS INTERNATIONAL | F97: 44000 | H97: 44000 | L97: 44000 | P97: 132000 | AF97: 22000 | AP97: 22000 | AS97: 1222.4058 | AU97: 1210.2757 | AY97: 1190.4656 | BC97: 1207.7157 | BS97: 1134.5859 | CC97: 1134.5859 | CF97: 23707.752 | CH97: 25017.428 | CL97: 24831.056 | CP97: 24518.746 | DF97: 25463.673 | DP97: 25463.673
B98: 110000354 | WSS01G 1 | C98: RTCO | X98: 300 | AC98: 300 | BK98: 723.18643 | BP98: 723.18643 | CX98: 27773.82 | DC98: 27773.82
B99: 110000354 | WSS01G 1 | C99: SHEPLEY SPRING | AD99: 880000 | AE99: 616000 | AF99: 726000 | AG99: 440000 | AP99: 2662000 | BQ99: 1091.1607 | BR99: 1077.5682 | BS99: 1061.3386 | BT99: 1100.7453 | CC99: 1081.4663 | DD99: 26175.498 | DE99: 27525.028 | DF99: 25463.673 | DG99: 25463.673 | DP99: 26175.995
B100: 110000354 | WSS01G 1 | C100: TÂN LẬP THÀNH | O100: 9900 | P100: 9900 | BB100: 1277.6531 | BC100: 1277.6531 | CO100: 24973.415 | CP100: 24973.415
...

Sheet Data-Cũ
B1: Lấy đầu 11*
B2: Mã SKU | Tên SKU | C2: Tên KH | D2: SẢN LƯỢNG (Kg) | AQ2: GBTB EXW (USD/ton)
D3: 2024 | Q3: 2025 | AD3: 2026 | AQ3: 2024 | BD3: 2025 | BQ3: 2026
D4: 01 | E4: 02 | F4: 03 | G4: 04 | H4: 05 | I4: 06 | J4: 07 | K4: 08 | L4: 09 | M4: 10 | N4: 11 | O4: 12 | P4: TỔNG | Q4: 01 | R4: 02 | S4: 03 | T4: 04 | U4: 05 | V4: 06 | W4: 07 | X4: 08 | Y4: 09 | Z4: 10 | AA4: 11 | AB4: 12 | AC4: TỔNG | AD4: 01 | AE4: 02 | AF4: 03 | AG4: 04 | AH4: 05 | AI4: 06 | AJ4: 07 | AK4: 08 | AL4: 09 | AM4: 10 | AN4: 11 | AO4: 12 | AP4: TỔNG | AQ4: 01 | AR4: 02 | AS4: 03 | AT4: 04 | AU4: 05 | AV4: 06 | AW4: 07 | AX4: 08 | AY4: 09 | AZ4: 10 | BA4: 11 | BB4: 12 | BC4: TỔNG | BD4: 01 | BE4: 02 | BF4: 03 | BG4: 04 | BH4: 05 | BI4: 06 | BJ4: 07 | BK4: 08 | BL4: 09 | BM4: 10 | BN4: 11 | BO4: 12 | BP4: TỔNG | BQ4: 01 | BR4: 02 | BS4: 03 | BT4: 04 | BU4: 05 | BV4: 06 | BW4: 07 | BX4: 08 | BY4: 09 | BZ4: 10 | CA4: 11 | CB4: 12 | CC4: TỔNG
B5: 110000329 | WSS01 | C5: Công ty TNHH La Vie | D5: 88000 | E5: 176000 | F5: 286000 | G5: 0 | H5: 1400000 | I5: 600000 | J5: 88000 | K5: 154000 | L5: 242000 | M5: 187000 | N5: 79200 | O5: 239800 | P5: 3540000 | W5: 0 | X5: 0 | Z5: 60500 | AA5: 96800 | AB5: 110000 | AC5: 267300 | AE5: 33000 | AF5: 77000 | AG5: 22000 | AP5: 132000 | AQ5: 1238.9973 | AR5: 1236.0482 | AS5: 1229.9736 | AU5: 1227.2228 | AV5: 1226.6016 | AW5: 1321.8484 | AX5: 1336.7718 | AY5: 1360.9668 | AZ5: 1338.7941 | BA5: 1317.0061 | BB5: 1321.6748 | BC5: 1258.6328 | BM5: 1310.2241 | BN5: 1292.5488 | BO5: 1311.5731 | BP5: 1296.4747 | BR5: 1298.421 | BS5: 1286.9449 | BT5: 1288.8591 | CC5: 1290.133
B6: 110000329 | WSS01 | C6: CPSX Nhựa Duy Tân | E6: 33000 | F6: 99000 | G6: 88000 | H6: -4400 | P6: 215600 | AR6: 1294.3457 | AS6: 1254.6301 | AT6: 1230.0786 | AU6: 1228.2129 | BC6: 1251.2271
B7: 110000329 | WSS01 | C7: Dung Avient | H7: 100 | P7: 100 | AU7: 1310.9651 | BC7: 1310.9651
B8: 110000329 | WSS01 | C8: Nestle Việt Nam | M8: 200 | O8: 44000 | P8: 44200 | AZ8: 1306.6096 | BB8: 1314.8794 | BC8: 1314.8419
B9: 110000329 | WSS01 | C9: Plascene- DTP | I9: 55000 | P9: 55000 | Q9: 22000 | AC9: 22000 | AG9: 5500 | AP9: 5500 | AV9: 1252.7959 | BC9: 1252.7959 | BD9: 1289.1609 | BP9: 1289.1609 | BT9: 1215.1138 | CC9: 1215.1138
B10: 110000329 | WSS01 | C10: TÂN LẬP THÀNH | N10: 13200 | O10: -9900 | P10: 3300 | BA10: 1280.0029 | BB10: 1284.1304 | BC10: 1267.6205
A11: Hạt WSS01G | B11: 110000329 | WSS01 Total | D11: 88000 | E11: 209000 | F11: 385000 | G11: 88000 | H11: 1395700 | I11: 655000 | J11: 88000 | K11: 154000 | L11: 242000 | M11: 187200 | N11: 92400 | O11: 273900 | P11: 3858200 | Q11: 22000 | W11: 0 | X11: 0 | Z11: 60500 | AA11: 96800 | AB11: 110000 | AC11: 289300 | AE11: 33000 | AF11: 77000 | AG11: 27500 | AP11: 137500 | AQ11: 1238.9973 | AR11: 1245.2531 | AS11: 1236.3139 | AT11: 1230.0786 | AU11: 1227.2257 | AV11: 1228.8011 | AW11: 1321.8484 | AX11: 1336.7718 | AY11: 1360.9668 | AZ11: 1338.7597 | BA11: 1311.7199 | BB11: 1321.9402 | BC11: 1258.7887 | BD11: 1289.1609 | BM11: 1310.2241 | BN11: 1292.5488 | BO11: 1311.5731 | BP11: 1295.9186 | BR11: 1298.421 | BS11: 1286.9449 | BT11: 1274.11 | CC11: 1287.1322
B12: 110000332 | iSS01084G | C12: INDUSTRIAS SALCOM | AA12: 44000 | AB12: 88000 | AC12: 132000 | BN12: 1288.1976 | BO12: 1289.2792 | BP12: 1288.9186
B13: 110000332 | iSS01084G | C13: CN Cty Coca - Hà Nội | D13: 44000 | E13: 90200 | H13: 44000 | K13: 57200 | L13: 66000 | M13: 44000 | N13: 44000 | O13: 0 | P13: 389400 | Q13: 88000 | R13: 88000 | S13: 66000 | AB13: 0 | AC13: 242000 | AF13: 44000 | AG13: 22000 | AP13: 66000 | AQ13: 1333.315 | AR13: 1337.4927 | AU13: 1337.2729 | AX13: 1347.7288 | AY13: 1317.1049 | AZ13: 1323.3574 | BA13: 1333.9826 | BC13: 1333.05 | BD13: 1336.7139 | BE13: 1411.0778 | BF13: 1416.5304 | BP13: 1411.6911 | BS13: 1267.5166 | BT13: 1274.418 | CC13: 1269.8171
B14: 110000332 | iSS01084G | C14: COCA COLA ĐÀ NẴNG | X14: 88000 | AC14: 88000 | BK14: 1408.8838 | BP14: 1408.8838
B15: 110000332 | iSS01084G | C15: Coca-Cola Thủ Đức | D15: 145200 | E15: 74800 | G15: 72600 | I15: 116600 | J15: 0 | N15: 110000 | P15: 519200 | Q15: 72600 | AC15: 72600 | AQ15: 1318.078 | AR15: 1323.2309 | AT15: 1304.5039 | AV15: 1322.0066 | BA15: 1321.5697 | BC15: 1318.5443 | BD15: 1326.7663 | BP15: 1326.7663
B16: 110000332 | iSS01084G | C16: COCA-COLA VIỆT NAM TẠI TỈNH TÂY NINH | S16: 88000 | T16: 66000 | V16: 88000 | X16: 44000 | AB16: 0 | AC16: 286000 | AE16: 44000 | AF16: 132000 | AG16: 66000 | AP16: 242000 | BF16: 1415.5997 | BG16: 1398.374 | BI16: 1325.0309 | BK16: 1398.4289 | BP16: 1435.7427 | BR16: 1289.0507 | BS16: 1265.8863 | BT16: 1277.8371 | CC16: 1273.3573
B17: 110000332 | iSS01084G | C17: CÔNG TY TNHH HON CHUAN VIETNAM | V17: 2789.2 | AC17: 2789.2 | AF17: 2200 | AG17: 22000 | AP17: 24200 | BI17: 1324.3545 | BP17: 1324.3545 | BS17: 1181.5536 | BT17: 1203.1329 | CC17: 1201.1712
B18: 110000332 | iSS01084G | C18: CORAL A.E. | S18: 1100 | AC18: 1100 | BF18: 1306.8511 | BP18: 1306.8511
B19: 110000332 | iSS01084G | C19: CTY NGỌC NGHĨA-TÂY NINH | F19: 16500 | K19: 22000 | L19: 0 | M19: 44000 | N19: 0 | P19: 82500 | U19: 2200 | AC19: 2200 | AS19: 1413.7831 | AX19: 1432.987 | AZ19: 1447.2004 | BC19: 1436.7267 | BH19: 1345.1656 | BP19: 1345.1656
B20: 110000332 | iSS01084G | C20: Dung Avient | D20: 25 | P20: 25 | AQ20: 1410.0473 | BC20: 1410.0473
B21: 110000332 | iSS01084G | C21: GENESIS DISTRIBUCIÓN DE COLOMBIA SA | V21: 22000 | AC21: 22000 | BI21: 1321.4931 | BP21: 1321.4931
B22: 110000332 | iSS01084G | C22: Genesis Polymers International | I22: 22000 | L22: 88000 | P22: 110000 | U22: 220000 | AC22: 220000 | AV22: 1298.6539 | AY22: 1296.4686 | BC22: 1296.9056 | BH22: 1341.2159 | BP22: 1341.2159
B23: 110000332 | iSS01084G | C23: KORYFES SA | T23: 22000 | AC23: 22000 | BG23: 1345.29 | BP23: 1345.29
B24: 110000332 | iSS01084G | C24: MCP-Resinex | K24: 22000 | P24: 22000 | AX24: 1267.3787 | BC24: 1267.3787
B25: 110000332 | iSS01084G | C25: MISS PLASTICS INC. | AE25: 2200 | AP25: 2200 | BR25: 1181.82 | CC25: 1181.82
B26: 110000332 | iSS01084G | C26: Người mua hàng không lấy hóa đơn | O26: 1100 | P26: 1100 | BB26: 1297.7678 | BC26: 1297.7678
B27: 110000332 | iSS01084G | C27: Parker-DTP | I27: 500 | N27: -400 | P27: 100 | AV27: 1293.6303 | BA27: 1314.3419 | BC27: 1210.7839
B28: 110000332 | iSS01084G | C28: Resinex | R28: 66000 | AC28: 66000 | BE28: 1286.2298 | BP28: 1286.2298
B29: 110000332 | iSS01084G | C29: SodaStream | Q29: 44000 | AC29: 44000 | BD29: 1350.4402 | BP29: 1350.4402
B30: 110000332 | iSS01084G | C30: Suntory - Ngọc Nghĩa Hưng Yên | T30: 3300 | AC30: 3300 | BG30: 1581.2955 | BP30: 1581.2955
B31: 110000332 | iSS01084G | C31: Suntory- Ngọc Nghĩa Tây Ninh | G31: 44000 | H31: 44000 | I31: 22000 | J31: 22000 | N31: 22000 | O31: 22000 | P31: 176000 | Q31: 44000 | S31: 22000 | T31: 22000 | U31: 44000 | V31: 22000 | W31: 66000 | X31: 44000 | Y31: 110000 | AA31: 110000 | AC31: 484000 | AD31: 44000 | AE31: 22000 | AF31: 88000 | AG31: 110000 | AP31: 264000 | AT31: 1397.3665 | AU31: 1370.9873 | AV31: 1394.028 | AW31: 1409.6445 | BA31: 1427.4993 | BB31: 1444.4629 | BC31: 1401.5428 | BD31: 1441.5855 | BF31: 1336.5648 | BG31: 1355.0074 | BH31: 1372.8437 | BI31: 1368.2949 | BJ31: 1370.0188 | BK31: 1360.7887 | BL31: 1311.1208 | BN31: 1318.2886 | BP31: 1348.5185 | BQ31: 1257.5213 | BR31: 1269.1526 | BS31: 1124.3288 | BT31: 1124.8616 | CC31: 1158.8182
B32: 110000332 | iSS01084G | C32: Suntory Sri Thái Bình Dương | D32: 14300 | E32: 44000 | F32: 31900 | G32: 44000 | K32: -29981.8 | L32: 66000 | M32: 0 | N32: 88000 | O32: 22000 | P32: 280218.2 | Q32: -13750.7 | R32: 22000 | S32: 88000 | T32: 44000 | U32: -40039.7 | W32: 50969.1 | X32: 43293 | AA32: 88000 | AB32: 176000 | AC32: 458471.7 | AD32: 220000 | AE32: 44000 | AF32: 154000 | AG32: 88000 | AP32: 506000 | AQ32: 1410.5925 | AR32: 1418.7887 | AS32: 1404.4741 | AT32: 1397.1488 | AX32: 1419.0734 | AY32: 1465.2747 | BA32: 1420.9509 | BB32: 1441.884 | BC32: 1426.7536 | BD32: 1457.7516 | BE32: 1399.1938 | BF32: 1358.5985 | BG32: 1354.0928 | BH32: 1360.7312 | BJ32: 1370.8477 | BK32: 1350.2563 | BN32: 1317.5508 | BO32: 1320.572 | BP32: 1335.0514 | BQ32: 1256.4391 | BR32: 1268.4175 | BS32: 1122.723 | BT32: 1130.3378 | CC32: 1194.8538
B33: 110000332 | iSS01084G | C33: Suntory Việt Nam | I33: 6600 | J33: 4400 | K33: 651200 | L33: 153900 | M33: 311300 | N33: 418000 | O33: 572000 | P33: 2117400 | Q33: 154000 | R33: 484000 | S33: 154000 | T33: 374000 | U33: 330000 | V33: 351633 | W33: 132000 | X33: 616000 | Y33: 126500 | Z33: 382660 | AA33: 475340 | AB33: 682000 | AC33: 4262133 | AD33: 352000 | AE33: 264000 | AF33: 352000 | AG33: 528000 | AP33: 1496000 | AV33: 1362.6053 | AW33: 1367.2553 | AX33: 1425.6234 | AY33: 1407.8242 | AZ33: 1444.0849 | BA33: 1428.5148 | BB33: 1442.9236 | BC33: 1431.9705 | BD33: 1446.9593 | BE33: 1401.325 | BF33: 1364.2032 | BG33: 1343.7075 | BH33: 1374.0044 | BI33: 1340.6907 | BJ33: 1372.4129 | BK33: 1340.9875 | BL33: 1110.65 | BM33: 1286.0621 | BN33: 1310.4913 | BO33: 1321.4294 | BP33: 1337.9526 | BQ33: 1259.6401 | BR33: 1237.5293 | BS33: 1124.0658 | BT33: 1129.4897 | CC33: 1177.9029
B34: 110000332 | iSS01084G | C34: TRICON | AE34: 22000 | AP34: 22000 | BR34: 1270.8117 | CC34: 1270.8117
B35: 110000332 | iSS01084G | C35: Wiese | I35: 44000 | J35: 44000 | P35: 88000 | AV35: 1316.547 | AW35: 1318.6048 | BC35: 1317.5759
A36: Hạt iSS01084G | B36: 110000332 | iSS01084G Total | D36: 203525 | E36: 209000 | F36: 48400 | G36: 160600 | H36: 88000 | I36: 211700 | J36: 70400 | K36: 722418.2 | L36: 373900 | M36: 399300 | N36: 681600 | O36: 617100 | P36: 3785943.2 | Q36: 388849.3 | R36: 660000 | S36: 419100 | T36: 531300 | U36: 556160.3 | V36: 486422.2 | W36: 248969.1 | X36: 835293 | Y36: 236500 | Z36: 382660 | AA36: 717340 | AB36: 946000 | AC36: 6408593.9 | AD36: 616000 | AE36: 398200 | AF36: 772200 | AG36: 836000 | AP36: 2622400 | AQ36: 1327.8836 | AR36: 1349.5034 | AS36: 1407.6476 | AT36: 1355.3279 | AU36: 1354.1301 | AV36: 1327.1283 | AW36: 1350.0954 | AX36: 1415.1329 | AY36: 1375.7433 | AZ36: 1431.1249 | BA36: 1404.2107 | BB36: 1442.6826 | BC36: 1396.9593 | BD36: 1387.6579 | BE36: 1391.0448 | BF36: 1380.4574 | BG36: 1353.3675 | BH36: 1361.784 | BI36: 1338.1442 | BJ36: 1371.4578 | BK36: 1352.6898 | BL36: 1203.8923 | BM36: 1286.0621 | BN36: 1311.1855 | BO36: 1341.4884 | BP36: 1345.2792 | BQ36: 1258.3456 | BR36: 1249.9135 | BS36: 1156.4084 | BT36: 1146.4335 | CC36: 1191.3718
B37: 110000333 | WSS03 | C37: WORLD ELASTOMER | H37: 25 | P37: 25 | AU37: 1267.3217 | BC37: 1267.3217
A38: Hạt WSS03G | B38: 110000333 | WSS03 Total | H38: 25 | P38: 25 | AU38: 1267.3217 | BC38: 1267.3217
B39: 110000335 | WSS04 | C39: MEKONG BROS | Y39: 19800 | Z39: 9900 | AC39: 29700 | BL39: 728.82478 | BM39: 736.84149 | BP39: 731.49702
B40: 110000335 | WSS04 | C40: Việt Thành Plast | Y40: 24200 | Z40: 12100 | AA40: 30800 | AC40: 67100 | BL40: 740.8942 | BM40: 752.31395 | BN40: 786.39438 | BP40: 763.83883
B41: 110000335 | WSS04 Total | Y41: 44000 | Z41: 22000 | AA41: 30800 | AC41: 96800 | BL41: 735.46296 | BM41: 745.35135 | BN41: 786.39438 | BP41: 753.91577
B42: 110000337 | rHDB03W01 | C42: CPSX Nhựa Duy Tân | D42: 11000 | F42: 300 | P42: 11300 | AQ42: 1462.0677 | AS42: 1449.7286 | BC42: 1461.7401
B43: 110000337 | rHDB03W01 | C43: Lix Việt Nam | F43: 1000 | P43: 1000 | AS43: 1364.1394 | BC43: 1364.1394
B44: 110000337 | rHDB03W01 | C44: Nhựa Hồng Đông | L44: 25 | P44: 25 | AY44: 1363.4656 | BC44: 1363.4656
B45: 110000337 | rHDB03W01 | C45: VI LỮ | N45: 25 | P45: 25 | BA45: 1366.8148 | BC45: 1366.8148
B46: 110000337 | rHDB03W01 Total | D46: 11000 | F46: 1300 | L46: 25 | N46: 25 | P46: 12350 | AQ46: 1462.0677 | AS46: 1383.8907 | AY46: 1363.4656 | BA46: 1366.8148 | BC46: 1453.4461
B47: 110000339 | rHDPE MBF01 | C47: Công ty Chấn Thuận Thành | G47: 2000 | H47: 1375 | P47: 3375 | AT47: 1262.2525 | AU47: 1215.2175 | BC47: 1243.0901
B48: 110000339 | rHDPE MBF01 | C48: CPSX Nhựa Duy Tân | D48: 100000 | E48: 100000 | F48: 110300 | G48: 10000 | H48: 99700 | P48: 420000 | AQ48: 1510.7116 | AR48: 1505.3425 | AS48: 1498.5437 | AT48: 1470.3196 | AU48: 1387.6844 | BC48: 1476.0717
B49: 110000339 | rHDPE MBF01 | C49: Duy Tân Long An | Z49: 5500 | AC49: 5500 | AG49: 5500 | AP49: 5500 | BM49: 1389.2713 | BP49: 1389.2713 | BT49: 1282.5418 | CC49: 1282.5418
B50: 110000339 | rHDPE MBF01 | C50: Dynaplast Bắc Ninh | D50: 60750 | G50: 11000 | H50: 25000 | K50: 11000 | L50: 11000 | O50: 24750 | P50: 143500 | Q50: 49500 | R50: 24750 | S50: 24750 | T50: 24750 | U50: 24750 | V50: 24750 | W50: 35750 | X50: 35725 | Y50: 35750 | Z50: 35750 | AA50: 11000 | AB50: 35750 | AC50: 362975 | AD50: 46750 | AE50: 24750 | AF50: 46750 | AP50: 118250 | AQ50: 1517.9826 | AT50: 1476.2193 | AU50: 1396.1133 | AX50: 1414.9785 | AY50: 1439.2766 | BB50: 1378.4043 | BC50: 1455.547 | BD50: 1394.0405 | BE50: 1408.7094 | BF50: 1402.2984 | BG50: 1386.0857 | BH50: 1346.6066 | BI50: 1339.825 | BJ50: 1383.053 | BK50: 1375.0675 | BL50: 1371.1183 | BM50: 1392.3996 | BN50: 1392.0924 | BO50: 1394.6996 | BP50: 1382.7673 | BQ50: 1363.0906 | BR50: 1321.8903 | BS50: 1351.7703 | CC50: 1349.9918
B51: 110000339 | rHDPE MBF01 | C51: Dynaplast Bình Dương | D51: 9625 | G51: 9625 | H51: 9625 | J51: 9625 | K51: 9625 | P51: 48125 | R51: 2750 | S51: 9625 | U51: 9600 | AC51: 21975 | AQ51: 1519.8316 | AT51: 1478.6216 | AU51: 1398.0935 | AW51: 1401.5716 | AX51: 1417.3951 | BC51: 1443.1027 | BE51: 1415.3147 | BF51: 1409.6142 | BH51: 1351.3017 | BP51: 1384.8532
B52: 110000339 | rHDPE MBF01 | C52: Motul -DTP | J52: 22000 | K52: 44000 | M52: 22000 | N52: 22000 | P52: 110000 | AW52: 1364.8231 | AX52: 1379.7439 | AZ52: 1363.693 | BA52: 1364.2421 | BC52: 1370.4492
B53: 110000339 | rHDPE MBF01 | C53: Resinex | F53: 12000 | P53: 12000 | AS53: 1358.0223 | BC53: 1358.0223
B54: 110000339 | rHDPE MBF01 | C54: Unilever Duy Tân | G54: 100000 | I54: 88000 | J54: 66000 | K54: 22000 | L54: 77000 | M54: 88000 | N54: 66000 | O54: 77150 | P54: 584150 | Q54: 54850 | R54: 77000 | S54: 88000 | T54: 22000 | U54: 77000 | V54: 88000 | W54: 99000 | X54: 77000 | Y54: 77000 | Z54: 143000 | AA54: 55000 | AB54: 104500 | AC54: 962350 | AD54: 165000 | AE54: 176000 | AF54: 231000 | AG54: 220000 | AP54: 792000 | AT54: 1399.175 | AV54: 1389.1523 | AW54: 1393.3135 | AX54: 1409.0438 | AY54: 1433.24 | AZ54: 1415.3076 | BA54: 1393.2675 | BB54: 1391.2213 | BC54: 1402.5772 | BD54: 1392.411 | BE54: 1407.0843 | BF54: 1401.4169 | BG54: 1348.8896 | BH54: 1343.2525 | BI54: 1336.1998 | BJ54: 1353.2218 | BK54: 1371.5527 | BL54: 1367.496 | BM54: 1381.6863 | BN54: 1388.3655 | BO54: 1391.0743 | BP54: 1374.6763 | BQ54: 1363.3487 | BR54: 1361.2591 | BS54: 1347.7062 | BT54: 1347.3793 | CC54: 1353.886
B55: 110000339 | rHDPE MBF01 Total | D55: 170375 | E55: 100000 | F55: 122300 | G55: 132625 | H55: 135700 | I55: 88000 | J55: 97625 | K55: 86625 | L55: 88000 | M55: 110000 | N55: 88000 | O55: 101900 | P55: 1321150 | Q55: 104350 | R55: 104500 | S55: 122375 | T55: 46750 | U55: 111350 | V55: 112750 | W55: 134750 | X55: 112725 | Y55: 112750 | Z55: 184250 | AA55: 66000 | AB55: 140250 | AC55: 1352800 | AD55: 211750 | AE55: 200750 | AF55: 277750 | AG55: 225500 | AP55: 915750 | AQ55: 1513.8194 | AR55: 1505.3425 | AS55: 1484.7559 | AT55: 1414.6303 | AU55: 1388.228 | AV55: 1389.1523 | AW55: 1387.7073 | AX55: 1395.8428 | AY55: 1433.9946 | AZ55: 1404.9847 | BA55: 1386.0112 | BB55: 1388.1082 | BC55: 1429.684 | BD55: 1393.184 | BE55: 1407.6858 | BF55: 1402.2399 | BG55: 1368.5816 | BH55: 1344.6919 | BI55: 1336.9956 | BJ55: 1361.1362 | BK55: 1372.6666 | BL55: 1368.6445 | BM55: 1383.9914 | BN55: 1388.9866 | BO55: 1391.9984 | BP55: 1377.0719 | BQ55: 1363.2917 | BR55: 1356.4054 | BS55: 1348.3902 | BT55: 1345.7979 | CC55: 1352.9547
B56: 110000341 | rHDB04B01 | C56: CHẤN HÙNG | AA56: 500 | AC56: 500 | BN56: 748.42728 | BP56: 748.42728
B57: 110000341 | rHDB04B01 | C57: CÔNG TY ĐẠI LỘC | AB57: 250 | AC57: 250 | AD57: 500 | AF57: 1000 | AP57: 1500 | BO57: 841.70899 | BP57: 841.70899 | BQ57: 952.99086 | BS57: 953.86497 | CC57: 953.5736
B58: 110000341 | rHDB04B01 | C58: EATONE PRO | S58: 100 | T58: 1000 | AC58: 1100 | BF58: 669.96872 | BG58: 662.22288 | BP58: 662.92705
B59: 110000341 | rHDB04B01 | C59: MHE ENTERPRISE | X59: 27000 | AA59: 108000 | AC59: 135000 | AF59: 108000 | AP59: 108000 | BK59: 645.02019 | BN59: 667.46032 | BP59: 662.9723 | BS59: 731.53214 | CC59: 731.53214
B60: 110000341 | rHDB04B01 | C60: MTVN Plastic | T60: 1000 | V60: 28125 | W60: 22000 | X60: 23375 | Y60: 48125 | Z60: 47350 | AA60: 20625 | AB60: 33000 | AC60: 223600 | AD60: 15125 | AE60: 4125 | AF60: 27500 | AG60: 11000 | AP60: 57750 | BG60: 650.5366 | BI60: 610.86379 | BJ60: 598.6951 | BK60: 602.33274 | BL60: 600.55117 | BM60: 601.45336 | BN60: 598.95988 | BO60: 600.72568 | BP60: 602.14552 | BQ60: 600.03128 | BR60: 605.81943 | BS60: 609.41373 | BT60: 617.27884 | CC60: 608.1978
B61: 110000341 | rHDB04B01 | C61: NHỰA ĐẠT HÒA | Z61: 3500 | AC61: 3500 | BM61: 760.84309 | BP61: 760.84309
B62: 110000341 | rHDB04B01 | C62: NHỰA ĐỒNG NAI | L62: 1000 | P62: 1000 | R62: 11000 | S62: 11000 | T62: 28000 | AC62: 50000 | AY62: 857.64063 | BC62: 857.64063 | BE62: 672.67809 | BF62: 669.96872 | BG62: 662.22288 | BP62: 666.22711
B63: 110000341 | rHDB04B01 | C63: Orient Plastic | AG63: 81000 | AP63: 81000 | BT63: 1030.0002 | CC63: 1030.0002
B64: 110000341 | rHDB04B01 | C64: THẠC HƯƠNG | W64: 1375 | AC64: 1375 | BJ64: 692.62583 | BP64: 692.62583
B65: 110000341 | rHDB04B01 Total | L65: 1000 | P65: 1000 | R65: 11000 | S65: 11100 | T65: 30000 | V65: 28125 | W65: 23375 | X65: 50375 | Y65: 48125 | Z65: 50850 | AA65: 129125 | AB65: 33250 | AC65: 415325 | AD65: 15625 | AE65: 4125 | AF65: 136500 | AG65: 92000 | AP65: 248250 | AY65: 857.64063 | BC65: 857.64063 | BE65: 672.67809 | BF65: 669.96872 | BG65: 661.83334 | BI65: 610.86379 | BJ65: 604.22044 | BK65: 625.21237 | BL65: 600.55117 | BM65: 612.42414 | BN65: 656.83234 | BO65: 602.53758 | BP65: 631.7499 | BQ65: 611.32599 | BR65: 605.81943 | BS65: 708.55834 | BT65: 980.65305 | CC65: 801.56805
B66: 110000343 | rHDB03G01 | C66: Lix Việt Nam | F66: 1000 | P66: 1000 | AS66: 1364.1394 | BC66: 1364.1394
B67: 110000343 | rHDB03G01 Total | F67: 1000 | P67: 1000 | AS67: 1364.1394 | BC67: 1364.1394
B68: 110000345 | rHDB03Y01 | C68: Lix Việt Nam | F68: 1000 | P68: 1000 | AS68: 1364.1394 | BC68: 1364.1394
B69: 110000345 | rHDB03Y01 Total | F69: 1000 | P69: 1000 | AS69: 1364.1394 | BC69: 1364.1394
B70: 110000354 | WSS01G 1 | C70: AN NHẬT | K70: 100 | L70: 3300 | N70: 3300 | P70: 6700 | Q70: 3300 | R70: 3300 | T70: 4400 | U70: 5500 | V70: 4400 | AC70: 20900 | AX70: 1328.6222 | AY70: 1360.5555 | BA70: 1332.9782 | BC70: 1346.4961 | BD70: 1292.5004 | BE70: 1240.8022 | BG70: 1258.3238 | BH70: 1285.8832 | BI70: 1279.1317 | BP70: 1272.5866
B71: 110000354 | WSS01G 1 | C71: CÔNG TY TNHH HON CHUAN VIETNAM | Y71: 500 | AC71: 500 | BL71: 1255.8226 | BP71: 1255.8226
B72: 110000354 | WSS01G 1 | C72: CORAL A.E. | S72: 11000 | AC72: 11000 | BF72: 1216.8511 | BP72: 1216.8511
B73: 110000354 | WSS01G 1 | C73: CPSX Nhựa Duy Tân | E73: 68200 | F73: 0 | H73: 44000 | J73: 16500 | K73: 33000 | P73: 161700 | Q73: 11000 | R73: 23100 | S73: 11000 | U73: 11000 | V73: 22000 | X73: 5500 | Y73: 16500 | Z73: 11000 | AA73: 24200 | AB73: 11000 | AC73: 146300 | AR73: 1319.5117 | AU73: 1284.6595 | AW73: 1306.5681 | AX73: 1323.447 | BC73: 1309.5105 | BD73: 1332.6203 | BE73: 1237.0763 | BF73: 1220.2734 | BH73: 1243.144 | BI73: 1256.3932 | BK73: 1244.5703 | BL73: 1232.4011 | BM73: 1230.1842 | BN73: 1165.8936 | BO73: 1207.1782 | BP73: 1231.5714
B74: 110000354 | WSS01G 1 | C74: CTY NGỌC NGHĨA - CỦ CHI | Y74: 13200 | AB74: 4400 | AC74: 17600 | AF74: 31900 | AP74: 31900 | BL74: 1219.9948 | BO74: 1216.0542 | BP74: 1219.0097 | BS74: 1160.928 | CC74: 1160.928
B75: 110000354 | WSS01G 1 | C75: CTY NGỌC NGHĨA-TÂY NINH | D75: 202400 | E75: 88000 | F75: 66000 | G75: 110000 | H75: 22000 | I75: 0 | K75: 24200 | M75: 42900 | N75: 71500 | O75: 0 | P75: 627000 | Q75: 24200 | R75: 33000 | S75: 45000 | T75: 11000 | U75: 28600 | Y75: 66000 | Z75: 7700 | AC75: 215500 | AD75: 19800 | AE75: 20900 | AP75: 40700 | AQ75: 1189.7757 | AR75: 1183.5366 | AS75: 1197.6052 | AT75: 1174.9785 | AU75: 1236.6183 | AX75: 1262.7113 | AZ75: 1257.2613 | BA75: 1251.659 | BC75: 1202.3065 | BD75: 1248.1489 | BE75: 1221.3778 | BF75: 1249.1194 | BG75: 1243.0243 | BH75: 1310.9635 | BL75: 1217.7693 | BM75: 1225.1497 | BP75: 1242.2009 | BQ75: 1175.8995 | BR75: 1169.9323 | CC75: 1172.8353
B76: 110000354 | WSS01G 1 | C76: CTY THỰC PHẨM VĨ HUY | E76: 2200 | H76: 1100 | J76: 1100 | M76: 1100 | P76: 5500 | AR76: 1321.161 | AU76: 1303.925 | AW76: 1306.1036 | AZ76: 1355.1964 | BC76: 1321.5094
B77: 110000354 | WSS01G 1 | C77: Dân Ôn Foods | K77: 1100 | P77: 1100 | AX77: 1332.4167 | BC77: 1332.4167
B78: 110000354 | WSS01G 1 | C78: ĐÔ THÀNH | U78: 3300 | AB78: 5500 | AC78: 8800 | BH78: 1301.4749 | BO78: 1238.5892 | BP78: 1262.1714
B79: 110000354 | WSS01G 1 | C79: IKEA - VĨ HUY | AA79: 2200 | AC79: 2200 | BN79: 1178.235 | BP79: 1178.235
B80: 110000354 | WSS01G 1 | C80: Lix Việt Nam | F80: 300 | P80: 300 | AS80: 1263.092 | BC80: 1263.092
B81: 110000354 | WSS01G 1 | C81: MIDA | J81: 200 | K81: 300 | P81: 500 | AB81: 1100 | AC81: 1100 | AD81: 13200 | AF81: 45100 | AG81: 24200 | AP81: 82500 | AW81: 1318.1173 | AX81: 1304.4244 | BC81: 1309.9016 | BO81: 1207.0252 | BP81: 1207.0252 | BQ81: 1100.9182 | BS81: 1094.2452 | BT81: 1102.4671 | CC81: 1097.7246
B82: 110000354 | WSS01G 1 | C82: MTV MILKIWAY SOLUTION | O82: 11000 | P82: 11000 | Q82: 22000 | S82: 22000 | V82: 22000 | W82: 11000 | X82: 11000 | AA82: 22000 | AC82: 110000 | BB82: 1276.551 | BC82: 1276.551 | BD82: 1275.8655 | BF82: 1273.3113 | BI82: 1269.9877 | BJ82: 1279.3855 | BK82: 1272.3819 | BN82: 1179.0435 | BP82: 1254.8183
B83: 110000354 | WSS01G 1 | C83: Muji- DTP | F83: 6600 | H83: 11000 | M83: 5500 | P83: 23100 | Q83: 5500 | R83: 1100 | V83: 3300 | AB83: 3300 | AC83: 13200 | AS83: 1253.763 | AU83: 1302.9982 | AZ83: 1316.6794 | BC83: 1292.1884 | BD83: 1332.6203 | BE83: 1225.0709 | BI83: 1256.3932 | BO83: 1221.908 | BP83: 1276.923
B84: 110000354 | WSS01G 1 | C84: Natures Organics - PIA | U84: 22000 | X84: 44000 | Y84: 64900 | Z84: 44000 | AC84: 174900 | AE84: 22000 | AP84: 22000 | BH84: 1244.0078 | BK84: 1218.7747 | BL84: 1188.5205 | BM84: 1151.3639 | BP84: 1193.7636 | BR84: 1134.2436 | CC84: 1134.2436
B85: 110000354 | WSS01G 1 | C85: NEO POLYMERS INTERNATIONAL | AF85: 22000 | AG85: 22000 | AP85: 44000 | BS85: 1176.1721 | BT85: 1210.0002 | CC85: 1193.0861
B86: 110000354 | WSS01G 1 | C86: Người mua hàng không lấy hóa đơn | O86: 1100 | P86: 1100 | BB86: 1214.5181 | BC86: 1214.5181
B87: 110000354 | WSS01G 1 | C87: Nhựa Âu Lạc | V87: 25 | W87: 1100 | AC87: 1125 | BI87: 1289.605 | BJ87: 1280.0858 | BP87: 1280.2974
B88: 110000354 | WSS01G 1 | C88: Niagara Mexico | E88: 220000 | F88: 220000 | H88: 220000 | P88: 660000 | AE88: 154000 | AP88: 154000 | AR88: 1162.7528 | AS88: 1164.0621 | AU88: 1164.5325 | BC88: 1163.7825 | BR88: 1083.9522 | CC88: 1083.9522
B89: 110000354 | WSS01G 1 | C89: NIAGARA UK | AB89: 374000 | AC89: 374000 | AD89: 66000 | AP89: 66000 | BO89: 1163.1146 | BP89: 1163.1146 | BQ89: 1165.3777 | CC89: 1165.3777
B90: 110000354 | WSS01G 1 | C90: Niagara US | D90: 616000 | E90: 704000 | F90: 594000 | G90: 924000 | H90: 352000 | I90: 88000 | J90: 836000 | K90: 1540000 | L90: 1650000 | M90: 968000 | N90: 374000 | O90: 1012000 | P90: 9658000 | Q90: 2464000 | R90: 1672000 | S90: 1078000 | T90: 1408000 | U90: 1320000 | V90: 748000 | W90: 1672000 | X90: 1210000 | Y90: 638000 | Z90: 660000 | AA90: 330000 | AB90: 330000 | AC90: 13530000 | AD90: 1232000 | AE90: 704000 | AF90: 572000 | AG90: 660000 | AP90: 3168000 | AQ90: 1163.8757 | AR90: 1163.7732 | AS90: 1163.7611 | AT90: 1163.6573 | AU90: 1163.1068 | AV90: 1163.3364 | AW90: 1166.6156 | AX90: 1175.5497 | AY90: 1200.8189 | AZ90: 1224.3716 | BA90: 1230.4702 | BB90: 1245.4708 | BC90: 1189.4095 | BD90: 1185.237 | BE90: 1241.6584 | BF90: 1214.3586 | BG90: 1188.9136 | BH90: 1184.967 | BI90: 1186.55 | BJ90: 1187.1824 | BK90: 1129.8111 | BL90: 1172.0445 | BM90: 1161.6714 | BN90: 1164.0046 | BO90: 1097.3801 | BP90: 1185.8098 | BQ90: 1054.2302 | BR90: 1015.6955 | BS90: 1024.3151 | BT90: 1182.6853 | CC90: 1067.0271
B91: 110000354 | WSS01G 1 | C91: Nu-pure | S91: 11000 | AC91: 11000 | BF91: 1141.8664 | BP91: 1141.8664
B92: 110000354 | WSS01G 1 | C92: Olam Duy Tân | AD92: 55000 | AE92: 44000 | AF92: 33000 | AG92: 200 | AP92: 132200 | BQ92: 1251.7957 | BR92: 1229.097 | BS92: 1205.5702 | BT92: 1209.0567 | CC92: 1232.6374
B93: 110000354 | WSS01G 1 | C93: Otsuka - Iwatani | AD93: 1100 | AP93: 1100 | BQ93: 1222.029 | CC93: 1222.029
B94: 110000354 | WSS01G 1 | C94: PakPot Australia | M94: 44000 | N94: 44000 | P94: 88000 | AZ94: 1331.3703 | BA94: 1335.8057 | BC94: 1333.588
B95: 110000354 | WSS01G 1 | C95: Plascene- DTP | I95: 99000 | J95: 67100 | K95: 99000 | L95: 66000 | M95: 55000 | N95: 77000 | O95: 22000 | P95: 485100 | Q95: 44000 | R95: 77000 | S95: 110000 | T95: 56100 | U95: 64900 | V95: 66000 | W95: 99000 | Z95: 55000 | AA95: 22000 | AB95: 55000 | AC95: 649000 | AD95: 66000 | AE95: 44000 | AF95: 110000 | AG95: 77000 | AP95: 297000 | AV95: 1252.7959 | AW95: 1276.2673 | AX95: 1290.1883 | AY95: 1313.5834 | AZ95: 1276.2736 | BA95: 1254.1643 | BB95: 1288.1103 | BC95: 1276.4247 | BD95: 1289.1609 | BE95: 1232.2741 | BF95: 1224.4422 | BG95: 1248.244 | BH95: 1253.2528 | BI95: 1256.3932 | BJ95: 1251.4188 | BM95: 1260.5704 | BN95: 1156.0361 | BO95: 1156.9483 | BP95: 1237.085 | BQ95: 1109.5078 | BR95: 1111.547 | BS95: 1096.3755 | BT95: 1148.8504 | CC95: 1115.146
B96: 110000354 | WSS01G 1 | C96: Plascene, Inc. | D96: 154000 | E96: 66000 | F96: 110000 | G96: 110000 | H96: 88000 | I96: 88000 | K96: 132000 | L96: 88000 | N96: 22000 | O96: 110000 | P96: 968000 | S96: 44000 | T96: 44000 | U96: 88000 | V96: 44000 | W96: 64900 | X96: 66000 | Z96: 88000 | AA96: 66000 | AC96: 504900 | AF96: 88000 | AG96: 44000 | AP96: 132000 | AQ96: 1259.3807 | AR96: 1228.8864 | AS96: 1200.9591 | AT96: 1170.0708 | AU96: 1187.7415 | AV96: 1196.5574 | AX96: 1194.748 | AY96: 1194.8102 | BA96: 1259.9746 | BB96: 1260.8352 | BC96: 1213.7852 | BF96: 1229.2803 | BG96: 1237.2184 | BH96: 1228.9231 | BI96: 1228.8 | BJ96: 1228.2011 | BK96: 1215.2246 | BM96: 1079.5744 | BN96: 1080.5383 | BP96: 1182.356 | BS96: 1078.0529 | BT96: 1080.0002 | CC96: 1078.702
B97: 110000354 | WSS01G 1 | C97: POLYMERS INTERNATIONAL | F97: 44000 | H97: 44000 | L97: 44000 | P97: 132000 | AF97: 22000 | AP97: 22000 | AS97: 1222.4058 | AU97: 1210.2757 | AY97: 1190.4656 | BC97: 1207.7157 | BS97: 1134.5859 | CC97: 1134.5859
B98: 110000354 | WSS01G 1 | C98: RTCO | X98: 300 | AC98: 300 | BK98: 723.18643 | BP98: 723.18643
B99: 110000354 | WSS01G 1 | C99: SHEPLEY SPRING | AD99: 880000 | AE99: 616000 | AF99: 726000 | AG99: 440000 | AP99: 2662000 | BQ99: 1091.1607 | BR99: 1077.5682 | BS99: 1061.3386 | BT99: 1100.7456 | CC99: 1081.4663
B100: 110000354 | WSS01G 1 | C100: TÂN LẬP THÀNH | O100: 9900 | P100: 9900 | BB100: 1277.6531 | BC100: 1277.6531
...

Sheet Tóm tắt
B2: STT | C2: SẢN PHẨM | D2: GHI CHÚ | F2: SẢN LƯỢNG (Tấn) | AT2: GIÁ BÁN EXW (USD/Tấn) | CH2: GIÁ VỐN ĐƠN VỊ (VND/kg) | DV2: 24858.781 | DW2: 25788.124 | DX2: 26183.994 | ED2: 24858.781 | EE2: 25788.124 | EF2: 26183.994
F3: 2024 | S3: 2025 | AF3: 2026 | AT3: 2024 | BG3: 2025 | BT3: 2026 | CH3: 2024 | CU3: 2025 | DH3: 2026 | DV3: LG | DZ3: % SL | ED3: % BIÊN LG
A4: Link | F4: 1 | G4: 2 | H4: 3 | I4: 4 | J4: 5 | K4: 6 | L4: 7 | M4: 8 | N4: 9 | O4: 10 | P4: 11 | Q4: 12 | R4: TỔNG | S4: 1 | T4: 2 | U4: 3 | V4: 4 | W4: 5 | X4: 6 | Y4: 7 | Z4: 8 | AA4: 9 | AB4: 10 | AC4: 11 | AD4: 12 | AE4: TỔNG | AF4: 1 | AG4: 2 | AH4: 3 | AI4: 4 | AJ4: 5 | AK4: 6 | AL4: 7 | AM4: 8 | AN4: 9 | AO4: 10 | AP4: 11 | AQ4: 12 | AR4: TỔNG | AT4: 1 | AU4: 2 | AV4: 3 | AW4: 4 | AX4: 5 | AY4: 6 | AZ4: 7 | BA4: 8 | BB4: 9 | BC4: 10 | BD4: 11 | BE4: 12 | BF4: TỔNG | BG4: 1 | BH4: 2 | BI4: 3 | BJ4: 4 | BK4: 5 | BL4: 6 | BM4: 7 | BN4: 8 | BO4: 9 | BP4: 10 | BQ4: 11 | BR4: 12 | BS4: TỔNG | BT4: 1 | BU4: 2 | BV4: 3 | BW4: 4 | BX4: 5 | BY4: 6 | BZ4: 7 | CA4: 8 | CB4: 9 | CC4: 10 | CD4: 11 | CE4: 12 | CF4: TỔNG | CH4: 1 | CI4: 2 | CJ4: 3 | CK4: 4 | CL4: 5 | CM4: 6 | CN4: 7 | CO4: 8 | CP4: 9 | CQ4: 10 | CR4: 11 | CS4: 12 | CT4: TỔNG | CU4: 1 | CV4: 2 | CW4: 3 | CX4: 4 | CY4: 5 | CZ4: 6 | DA4: 7 | DB4: 8 | DC4: 9 | DD4: 10 | DE4: 11 | DF4: 12 | DG4: TỔNG | DH4: 1 | DI4: 2 | DJ4: 3 | DK4: 4 | DL4: 5 | DM4: 6 | DN4: 7 | DO4: 8 | DP4: 9 | DQ4: 10 | DR4: 11 | DS4: 12 | DT4: TỔNG | DV4: 2024 | DW4: 2025 | DX4: 2026 | DZ4: 2024 | EA4: 2025 | EB4: 2026 | ED4: 2024 | EE4: 2025 | EF4: 2026
A5: Hạt iSS01084G | B5: 1 | C5: Hạt iSS01084G | F5: =SUMIFS(Data!D$5:D$448,Data!$A$5:$A$448,'Tóm tắt'!$A5) -> 203525 | G5: =SUMIFS(Data!E$5:E$448,Data!$A$5:$A$448,'Tóm tắt'!$A5) -> 209000 | H5: =SUMIFS(Data!F$5:F$448,Data!$A$5:$A$448,'Tóm tắt'!$A5) -> 48400 | I5: =SUMIFS(Data!G$5:G$448,Data!$A$5:$A$448,'Tóm tắt'!$A5) -> 160600 | J5: =SUMIFS(Data!H$5:H$448,Data!$A$5:$A$448,'Tóm tắt'!$A5) -> 88000 | K5: =SUMIFS(Data!I$5:I$448,Data!$A$5:$A$448,'Tóm tắt'!$A5) -> 211700 | L5: =SUMIFS(Data!J$5:J$448,Data!$A$5:$A$448,'Tóm tắt'!$A5) -> 70400 | M5: =SUMIFS(Data!K$5:K$448,Data!$A$5:$A$448,'Tóm tắt'!$A5) -> 722418.2 | ... Q5: =SUMIFS(Data!O$5:O$448,Data!$A$5:$A$448,'Tóm tắt'!$A5) -> 617100 | R5: =SUM(F5:Q5) -> 3785943.2 | S5: =SUMIFS(Data!Q$5:Q$448,Data!$A$5:$A$448,'Tóm tắt'!$A5) -> 388849.3 | T5: =SUMIFS(Data!R$5:R$448,Data!$A$5:$A$448,'Tóm tắt'!$A5) -> 660000 | U5: =SUMIFS(Data!S$5:S$448,Data!$A$5:$A$448,'Tóm tắt'!$A5) -> 419100 | V5: =SUMIFS(Data!T$5:T$448,Data!$A$5:$A$448,'Tóm tắt'!$A5) -> 531300 | W5: =SUMIFS(Data!U$5:U$448,Data!$A$5:$A$448,'Tóm tắt'!$A5) -> 556160.3 | X5: =SUMIFS(Data!V$5:V$448,Data!$A$5:$A$448,'Tóm tắt'!$A5) -> 486422.2 | Y5: =SUMIFS(Data!W$5:W$448,Data!$A$5:$A$448,'Tóm tắt'!$A5) -> 248969.1 | Z5: =SUMIFS(Data!X$5:X$448,Data!$A$5:$A$448,'Tóm tắt'!$A5) -> 835293 | ... AD5: =SUMIFS(Data!AB$5:AB$448,Data!$A$5:$A$448,'Tóm tắt'!$A5) -> 946000 | AE5: =SUM(S5:AD5) -> 6408593.9 | AF5: =SUMIFS(Data!AD$5:AD$448,Data!$A$5:$A$448,'Tóm tắt'!$A5) -> 616000 | AG5: =SUMIFS(Data!AE$5:AE$448,Data!$A$5:$A$448,'Tóm tắt'!$A5) -> 398200 | AH5: =SUMIFS(Data!AF$5:AF$448,Data!$A$5:$A$448,'Tóm tắt'!$A5) -> 772200 | AI5: =SUMIFS(Data!AG$5:AG$448,Data!$A$5:$A$448,'Tóm tắt'!$A5) -> 880000 | AR5: =SUM(AF5:AQ5) -> 2666400 | AT5: {=IFERROR(SUMPRODUCT(Data!D$5:D$448*Data!AQ$5:AQ$448*(Data!$A$5:$A$448='Tóm tắt'!$A5))/SUMIFS(Data!D$5:D$448,Data!$A$5:$A$448,'Tóm tắt'!$A5),0)} -> 1327.8836 | AU5: {=IFERROR(SUMPRODUCT(Data!E$5:E$448*Data!AR$5:AR$448*(Data!$A$5:$A$448='Tóm tắt'!$A5))/SUMIFS(Data!E$5:E$448,Data!$A$5:$A$448,'Tóm tắt'!$A5),0)} -> 1349.5034 | AV5: {=IFERROR(SUMPRODUCT(Data!F$5:F$448*Data!AS$5:AS$448*(Data!$A$5:$A$448='Tóm tắt'!$A5))/SUMIFS(Data!F$5:F$448,Data!$A$5:$A$448,'Tóm tắt'!$A5),0)} -> 1407.6476 | AW5: {=IFERROR(SUMPRODUCT(Data!G$5:G$448*Data!AT$5:AT$448*(Data!$A$5:$A$448='Tóm tắt'!$A5))/SUMIFS(Data!G$5:G$448,Data!$A$5:$A$448,'Tóm tắt'!$A5),0)} -> 1355.3279 | AX5: {=IFERROR(SUMPRODUCT(Data!H$5:H$448*Data!AU$5:AU$448*(Data!$A$5:$A$448='Tóm tắt'!$A5))/SUMIFS(Data!H$5:H$448,Data!$A$5:$A$448,'Tóm tắt'!$A5),0)} -> 1354.1301 | AY5: {=IFERROR(SUMPRODUCT(Data!I$5:I$448*Data!AV$5:AV$448*(Data!$A$5:$A$448='Tóm tắt'!$A5))/SUMIFS(Data!I$5:I$448,Data!$A$5:$A$448,'Tóm tắt'!$A5),0)} -> 1327.1283 | AZ5: {=IFERROR(SUMPRODUCT(Data!J$5:J$448*Data!AW$5:AW$448*(Data!$A$5:$A$448='Tóm tắt'!$A5))/SUMIFS(Data!J$5:J$448,Data!$A$5:$A$448,'Tóm tắt'!$A5),0)} -> 1350.0954 | BA5: {=IFERROR(SUMPRODUCT(Data!K$5:K$448*Data!AX$5:AX$448*(Data!$A$5:$A$448='Tóm tắt'!$A5))/SUMIFS(Data!K$5:K$448,Data!$A$5:$A$448,'Tóm tắt'!$A5),0)} -> 1415.1329 | ... CF5: {=IFERROR(SUMPRODUCT(Data!AP$5:AP$448*Data!CC$5:CC$448*(Data!$A$5:$A$448='Tóm tắt'!$A5))/SUMIFS(Data!AP$5:AP$448,Data!$A$5:$A$448,'Tóm tắt'!$A5),0)} -> 1191.5563 | CH5: {=IFERROR(SUMPRODUCT(Data!CD$5:CD$448*Data!D$5:D$448*(Data!$A$5:$A$448='Tóm tắt'!$A5))/SUMIFS(Data!D$5:D$448,Data!$A$5:$A$448,'Tóm tắt'!$A5),0)} -> 21238.244 | CI5: {=IFERROR(SUMPRODUCT(Data!CE$5:CE$448*Data!E$5:E$448*(Data!$A$5:$A$448='Tóm tắt'!$A5))/SUMIFS(Data!E$5:E$448,Data!$A$5:$A$448,'Tóm tắt'!$A5),0)} -> 22878.932 | CJ5: {=IFERROR(SUMPRODUCT(Data!CF$5:CF$448*Data!F$5:F$448*(Data!$A$5:$A$448='Tóm tắt'!$A5))/SUMIFS(Data!F$5:F$448,Data!$A$5:$A$448,'Tóm tắt'!$A5),0)} -> 23530.176 | CK5: {=IFERROR(SUMPRODUCT(Data!CG$5:CG$448*Data!G$5:G$448*(Data!$A$5:$A$448='Tóm tắt'!$A5))/SUMIFS(Data!G$5:G$448,Data!$A$5:$A$448,'Tóm tắt'!$A5),0)} -> 24292.539 | CL5: {=IFERROR(SUMPRODUCT(Data!CH$5:CH$448*Data!H$5:H$448*(Data!$A$5:$A$448='Tóm tắt'!$A5))/SUMIFS(Data!H$5:H$448,Data!$A$5:$A$448,'Tóm tắt'!$A5),0)} -> 24249.994 | CM5: {=IFERROR(SUMPRODUCT(Data!CI$5:CI$448*Data!I$5:I$448*(Data!$A$5:$A$448='Tóm tắt'!$A5))/SUMIFS(Data!I$5:I$448,Data!$A$5:$A$448,'Tóm tắt'!$A5),0)} -> 25375.877 | CN5: {=IFERROR(SUMPRODUCT(Data!CJ$5:CJ$448*Data!J$5:J$448*(Data!$A$5:$A$448='Tóm tắt'!$A5))/SUMIFS(Data!J$5:J$448,Data!$A$5:$A$448,'Tóm tắt'!$A5),0)} -> 27313.012 | CO5: {=IFERROR(SUMPRODUCT(Data!CK$5:CK$448*Data!K$5:K$448*(Data!$A$5:$A$448='Tóm tắt'!$A5))/SUMIFS(Data!K$5:K$448,Data!$A$5:$A$448,'Tóm tắt'!$A5),0)} -> 31248.215 | ... DT5: {=IFERROR(SUMPRODUCT(Data!DP$5:DP$448*Data!AP$5:AP$448*(Data!$A$5:$A$448='Tóm tắt'!$A5))/SUMIFS(Data!AP$5:AP$448,Data!$A$5:$A$448,'Tóm tắt'!$A5),0)} -> 28651.781 | DV5: =(BF5/1000*$DV$2)-CT5 -> 7455.4526 | DW5: =(BS5/1000*$DW$2)-DG5 -> 6553.5938 | DX5: =(CF5/1000*$DX$2)-DT5 -> 2547.9223 | DZ5: =IFERROR(R5/SUM($R$5:$R$12),0) -> 0.10673147 | EA5: =IFERROR(AE5/SUM($AE$5:$AE$12),0) -> 0.15279483 | EB5: =IFERROR(AR5/SUM($AR$5:$AR$12),0) -> 0.16131306 | ED5: =IFERROR(1-CT5/(BF5*ED$2/10^3),0) -> 0.21468931 | EE5: =IFERROR(1-DG5/(BS5*EE$2/10^3),0) -> 0.18890669 | EF5: =IFERROR(1-DT5/(CF5*EF$2/10^3),0) -> 0.081664954
A6: Hạt iSS01G | B6: 2 | C6: Hạt iSS01G | F6: =SUMIFS(Data!D$5:D$448,Data!$A$5:$A$448,'Tóm tắt'!$A6) -> 902000 | G6: =SUMIFS(Data!E$5:E$448,Data!$A$5:$A$448,'Tóm tắt'!$A6) -> 44000 | H6: =SUMIFS(Data!F$5:F$448,Data!$A$5:$A$448,'Tóm tắt'!$A6) -> 666600 | I6: =SUMIFS(Data!G$5:G$448,Data!$A$5:$A$448,'Tóm tắt'!$A6) -> 668800 | J6: =SUMIFS(Data!H$5:H$448,Data!$A$5:$A$448,'Tóm tắt'!$A6) -> 23100 | K6: =SUMIFS(Data!I$5:I$448,Data!$A$5:$A$448,'Tóm tắt'!$A6) -> 92400 | L6: =SUMIFS(Data!J$5:J$448,Data!$A$5:$A$448,'Tóm tắt'!$A6) -> 6600 | M6: =SUMIFS(Data!K$5:K$448,Data!$A$5:$A$448,'Tóm tắt'!$A6) -> 631400 | ... Q6: =SUMIFS(Data!O$5:O$448,Data!$A$5:$A$448,'Tóm tắt'!$A6) -> 7700 | R6: =SUM(F6:Q6) -> 4414400 | S6: =SUMIFS(Data!Q$5:Q$448,Data!$A$5:$A$448,'Tóm tắt'!$A6) -> 143000 | T6: =SUMIFS(Data!R$5:R$448,Data!$A$5:$A$448,'Tóm tắt'!$A6) -> 2270400 | U6: =SUMIFS(Data!S$5:S$448,Data!$A$5:$A$448,'Tóm tắt'!$A6) -> 1786400 | V6: =SUMIFS(Data!T$5:T$448,Data!$A$5:$A$448,'Tóm tắt'!$A6) -> 1189600 | W6: =SUMIFS(Data!U$5:U$448,Data!$A$5:$A$448,'Tóm tắt'!$A6) -> 1854000 | X6: =SUMIFS(Data!V$5:V$448,Data!$A$5:$A$448,'Tóm tắt'!$A6) -> 1077435.8 | Y6: =SUMIFS(Data!W$5:W$448,Data!$A$5:$A$448,'Tóm tắt'!$A6) -> 957000 | Z6: =SUMIFS(Data!X$5:X$448,Data!$A$5:$A$448,'Tóm tắt'!$A6) -> 1287000 | ... AD6: =SUMIFS(Data!AB$5:AB$448,Data!$A$5:$A$448,'Tóm tắt'!$A6) -> 189200 | AE6: =SUM(S6:AD6) -> 10827736 | AF6: =SUMIFS(Data!AD$5:AD$448,Data!$A$5:$A$448,'Tóm tắt'!$A6) -> 25300 | AG6: =SUMIFS(Data!AE$5:AE$448,Data!$A$5:$A$448,'Tóm tắt'!$A6) -> 492800 | AH6: =SUMIFS(Data!AF$5:AF$448,Data!$A$5:$A$448,'Tóm tắt'!$A6) -> 1065950 | AI6: =SUMIFS(Data!AG$5:AG$448,Data!$A$5:$A$448,'Tóm tắt'!$A6) -> 103450 | AR6: =SUM(AF6:AQ6) -> 1687500 | AT6: {=IFERROR(SUMPRODUCT(Data!D$5:D$448*Data!AQ$5:AQ$448*(Data!$A$5:$A$448='Tóm tắt'!$A6))/SUMIFS(Data!D$5:D$448,Data!$A$5:$A$448,'Tóm tắt'!$A6),0)} -> 1128.4001 | AU6: {=IFERROR(SUMPRODUCT(Data!E$5:E$448*Data!AR$5:AR$448*(Data!$A$5:$A$448='Tóm tắt'!$A6))/SUMIFS(Data!E$5:E$448,Data!$A$5:$A$448,'Tóm tắt'!$A6),0)} -> 1252.8996 | AV6: {=IFERROR(SUMPRODUCT(Data!F$5:F$448*Data!AS$5:AS$448*(Data!$A$5:$A$448='Tóm tắt'!$A6))/SUMIFS(Data!F$5:F$448,Data!$A$5:$A$448,'Tóm tắt'!$A6),0)} -> 1266.1993 | AW6: {=IFERROR(SUMPRODUCT(Data!G$5:G$448*Data!AT$5:AT$448*(Data!$A$5:$A$448='Tóm tắt'!$A6))/SUMIFS(Data!G$5:G$448,Data!$A$5:$A$448,'Tóm tắt'!$A6),0)} -> 1260.6154 | AX6: {=IFERROR(SUMPRODUCT(Data!H$5:H$448*Data!AU$5:AU$448*(Data!$A$5:$A$448='Tóm tắt'!$A6))/SUMIFS(Data!H$5:H$448,Data!$A$5:$A$448,'Tóm tắt'!$A6),0)} -> 1225.5506 | AY6: {=IFERROR(SUMPRODUCT(Data!I$5:I$448*Data!AV$5:AV$448*(Data!$A$5:$A$448='Tóm tắt'!$A6))/SUMIFS(Data!I$5:I$448,Data!$A$5:$A$448,'Tóm tắt'!$A6),0)} -> 1353.2539 | AZ6: {=IFERROR(SUMPRODUCT(Data!J$5:J$448*Data!AW$5:AW$448*(Data!$A$5:$A$448='Tóm tắt'!$A6))/SUMIFS(Data!J$5:J$448,Data!$A$5:$A$448,'Tóm tắt'!$A6),0)} -> 1359.7878 | BA6: {=IFERROR(SUMPRODUCT(Data!K$5:K$448*Data!AX$5:AX$448*(Data!$A$5:$A$448='Tóm tắt'!$A6))/SUMIFS(Data!K$5:K$448,Data!$A$5:$A$448,'Tóm tắt'!$A6),0)} -> 1194.5947 | ... CF6: {=IFERROR(SUMPRODUCT(Data!AP$5:AP$448*Data!CC$5:CC$448*(Data!$A$5:$A$448='Tóm tắt'!$A6))/SUMIFS(Data!AP$5:AP$448,Data!$A$5:$A$448,'Tóm tắt'!$A6),0)} -> 1141.4236 | CH6: {=IFERROR(SUMPRODUCT(Data!CD$5:CD$448*Data!D$5:D$448*(Data!$A$5:$A$448='Tóm tắt'!$A6))/SUMIFS(Data!D$5:D$448,Data!$A$5:$A$448,'Tóm tắt'!$A6),0)} -> 21465.658 | CI6: {=IFERROR(SUMPRODUCT(Data!CE$5:CE$448*Data!E$5:E$448*(Data!$A$5:$A$448='Tóm tắt'!$A6))/SUMIFS(Data!E$5:E$448,Data!$A$5:$A$448,'Tóm tắt'!$A6),0)} -> 21452.451 | CJ6: {=IFERROR(SUMPRODUCT(Data!CF$5:CF$448*Data!F$5:F$448*(Data!$A$5:$A$448='Tóm tắt'!$A6))/SUMIFS(Data!F$5:F$448,Data!$A$5:$A$448,'Tóm tắt'!$A6),0)} -> 22381.843 | CK6: {=IFERROR(SUMPRODUCT(Data!CG$5:CG$448*Data!G$5:G$448*(Data!$A$5:$A$448='Tóm tắt'!$A6))/SUMIFS(Data!G$5:G$448,Data!$A$5:$A$448,'Tóm tắt'!$A6),0)} -> 22418.984 | CL6: {=IFERROR(SUMPRODUCT(Data!CH$5:CH$448*Data!H$5:H$448*(Data!$A$5:$A$448='Tóm tắt'!$A6))/SUMIFS(Data!H$5:H$448,Data!$A$5:$A$448,'Tóm tắt'!$A6),0)} -> 24247.446 | CM6: {=IFERROR(SUMPRODUCT(Data!CI$5:CI$448*Data!I$5:I$448*(Data!$A$5:$A$448='Tóm tắt'!$A6))/SUMIFS(Data!I$5:I$448,Data!$A$5:$A$448,'Tóm tắt'!$A6),0)} -> 23118.401 | CN6: {=IFERROR(SUMPRODUCT(Data!CJ$5:CJ$448*Data!J$5:J$448*(Data!$A$5:$A$448='Tóm tắt'!$A6))/SUMIFS(Data!J$5:J$448,Data!$A$5:$A$448,'Tóm tắt'!$A6),0)} -> 23390.034 | CO6: {=IFERROR(SUMPRODUCT(Data!CK$5:CK$448*Data!K$5:K$448*(Data!$A$5:$A$448='Tóm tắt'!$A6))/SUMIFS(Data!K$5:K$448,Data!$A$5:$A$448,'Tóm tắt'!$A6),0)} -> 23973.139 | ... DT6: {=IFERROR(SUMPRODUCT(Data!DP$5:DP$448*Data!AP$5:AP$448*(Data!$A$5:$A$448='Tóm tắt'!$A6))/SUMIFS(Data!AP$5:AP$448,Data!$A$5:$A$448,'Tóm tắt'!$A6),0)} -> 26450.813 | DV6: =(BF6/1000*$DV$2)-CT6 -> 7344.2375 | DW6: =(BS6/1000*$DW$2)-DG6 -> 6156.4827 | DX6: =(CF6/1000*$DX$2)-DT6 -> 3436.2169 | DZ6: =IFERROR(R6/SUM($R$5:$R$12),0) -> 0.12444862 | EA6: =IFERROR(AE6/SUM($AE$5:$AE$12),0) -> 0.25815679 | EB6: =IFERROR(AR6/SUM($AR$5:$AR$12),0) -> 0.10209113 | ED6: =IFERROR(1-CT6/(BF6*ED$2/10^3),0) -> 0.24154413 | EE6: =IFERROR(1-DG6/(BS6*EE$2/10^3),0) -> 0.19283262 | EF6: =IFERROR(1-DT6/(CF6*EF$2/10^3),0) -> 0.11497352
A7: Hạt WSS01G | B7: 3 | C7: Hạt WSS01G | D7: Bao gồm WSS01 | F7: =SUMIFS(Data!D$5:D$448,Data!$A$5:$A$448,'Tóm tắt'!$A7) -> 1302400 | G7: =SUMIFS(Data!E$5:E$448,Data!$A$5:$A$448,'Tóm tắt'!$A7) -> 1709400 | H7: =SUMIFS(Data!F$5:F$448,Data!$A$5:$A$448,'Tóm tắt'!$A7) -> 1788900 | I7: =SUMIFS(Data!G$5:G$448,Data!$A$5:$A$448,'Tóm tắt'!$A7) -> 1463000 | J7: =SUMIFS(Data!H$5:H$448,Data!$A$5:$A$448,'Tóm tắt'!$A7) -> 2441800 | K7: =SUMIFS(Data!I$5:I$448,Data!$A$5:$A$448,'Tóm tắt'!$A7) -> 1150000 | L7: =SUMIFS(Data!J$5:J$448,Data!$A$5:$A$448,'Tóm tắt'!$A7) -> 1217900 | M7: =SUMIFS(Data!K$5:K$448,Data!$A$5:$A$448,'Tóm tắt'!$A7) -> 2181700 | ... Q7: =SUMIFS(Data!O$5:O$448,Data!$A$5:$A$448,'Tóm tắt'!$A7) -> 1725900 | R7: =SUM(F7:Q7) -> 19788700 | S7: =SUMIFS(Data!Q$5:Q$448,Data!$A$5:$A$448,'Tóm tắt'!$A7) -> 2850100 | T7: =SUMIFS(Data!R$5:R$448,Data!$A$5:$A$448,'Tóm tắt'!$A7) -> 2172500 | U7: =SUMIFS(Data!S$5:S$448,Data!$A$5:$A$448,'Tóm tắt'!$A7) -> 1581700 | V7: =SUMIFS(Data!T$5:T$448,Data!$A$5:$A$448,'Tóm tắt'!$A7) -> 1699500 | W7: =SUMIFS(Data!U$5:U$448,Data!$A$5:$A$448,'Tóm tắt'!$A7) -> 1785300 | X7: =SUMIFS(Data!V$5:V$448,Data!$A$5:$A$448,'Tóm tắt'!$A7) -> 1272725 | Y7: =SUMIFS(Data!W$5:W$448,Data!$A$5:$A$448,'Tóm tắt'!$A7) -> 2068000 | Z7: =SUMIFS(Data!X$5:X$448,Data!$A$5:$A$448,'Tóm tắt'!$A7) -> 1771300 | ... AD7: =SUMIFS(Data!AB$5:AB$448,Data!$A$5:$A$448,'Tóm tắt'!$A7) -> 1092300 | AE7: =SUM(S7:AD7) -> 19703925 | AF7: =SUMIFS(Data!AD$5:AD$448,Data!$A$5:$A$448,'Tóm tắt'!$A7) -> 2674100 | AG7: =SUMIFS(Data!AE$5:AE$448,Data!$A$5:$A$448,'Tóm tắt'!$A7) -> 1868900 | AH7: =SUMIFS(Data!AF$5:AF$448,Data!$A$5:$A$448,'Tóm tắt'!$A7) -> 2057000 | AI7: =SUMIFS(Data!AG$5:AG$448,Data!$A$5:$A$448,'Tóm tắt'!$A7) -> 1929600 | AR7: =SUM(AF7:AQ7) -> 8529600 | AT7: {=IFERROR(SUMPRODUCT(Data!D$5:D$448*Data!AQ$5:AQ$448*(Data!$A$5:$A$448='Tóm tắt'!$A7))/SUMIFS(Data!D$5:D$448,Data!$A$5:$A$448,'Tóm tắt'!$A7),0)} -> 1213.1984 | AU7: {=IFERROR(SUMPRODUCT(Data!E$5:E$448*Data!AR$5:AR$448*(Data!$A$5:$A$448='Tóm tắt'!$A7))/SUMIFS(Data!E$5:E$448,Data!$A$5:$A$448,'Tóm tắt'!$A7),0)} -> 1214.8932 | AV7: {=IFERROR(SUMPRODUCT(Data!F$5:F$448*Data!AS$5:AS$448*(Data!$A$5:$A$448='Tóm tắt'!$A7))/SUMIFS(Data!F$5:F$448,Data!$A$5:$A$448,'Tóm tắt'!$A7),0)} -> 1214.5032 | AW7: {=IFERROR(SUMPRODUCT(Data!G$5:G$448*Data!AT$5:AT$448*(Data!$A$5:$A$448='Tóm tắt'!$A7))/SUMIFS(Data!G$5:G$448,Data!$A$5:$A$448,'Tóm tắt'!$A7),0)} -> 1188.4613 | AX7: {=IFERROR(SUMPRODUCT(Data!H$5:H$448*Data!AU$5:AU$448*(Data!$A$5:$A$448='Tóm tắt'!$A7))/SUMIFS(Data!H$5:H$448,Data!$A$5:$A$448,'Tóm tắt'!$A7),0)} -> 1217.1202 | AY7: {=IFERROR(SUMPRODUCT(Data!I$5:I$448*Data!AV$5:AV$448*(Data!$A$5:$A$448='Tóm tắt'!$A7))/SUMIFS(Data!I$5:I$448,Data!$A$5:$A$448,'Tóm tắt'!$A7),0)} -> 1231.3255 | AZ7: {=IFERROR(SUMPRODUCT(Data!J$5:J$448*Data!AW$5:AW$448*(Data!$A$5:$A$448='Tóm tắt'!$A7))/SUMIFS(Data!J$5:J$448,Data!$A$5:$A$448,'Tóm tắt'!$A7),0)} -> 1204.9108 | BA7: {=IFERROR(SUMPRODUCT(Data!K$5:K$448*Data!AX$5:AX$448*(Data!$A$5:$A$448='Tóm tắt'!$A7))/SUMIFS(Data!K$5:K$448,Data!$A$5:$A$448,'Tóm tắt'!$A7),0)} -> 1207.1536 | ... CF7: {=IFERROR(SUMPRODUCT(Data!AP$5:AP$448*Data!CC$5:CC$448*(Data!$A$5:$A$448='Tóm tắt'!$A7))/SUMIFS(Data!AP$5:AP$448,Data!$A$5:$A$448,'Tóm tắt'!$A7),0)} -> 1113.4411 | CH7: {=IFERROR(SUMPRODUCT(Data!CD$5:CD$448*Data!D$5:D$448*(Data!$A$5:$A$448='Tóm tắt'!$A7))/SUMIFS(Data!D$5:D$448,Data!$A$5:$A$448,'Tóm tắt'!$A7),0)} -> 22677.159 | CI7: {=IFERROR(SUMPRODUCT(Data!CE$5:CE$448*Data!E$5:E$448*(Data!$A$5:$A$448='Tóm tắt'!$A7))/SUMIFS(Data!E$5:E$448,Data!$A$5:$A$448,'Tóm tắt'!$A7),0)} -> 23766.92 | CJ7: {=IFERROR(SUMPRODUCT(Data!CF$5:CF$448*Data!F$5:F$448*(Data!$A$5:$A$448='Tóm tắt'!$A7))/SUMIFS(Data!F$5:F$448,Data!$A$5:$A$448,'Tóm tắt'!$A7),0)} -> 23757.094 | CK7: {=IFERROR(SUMPRODUCT(Data!CG$5:CG$448*Data!G$5:G$448*(Data!$A$5:$A$448='Tóm tắt'!$A7))/SUMIFS(Data!G$5:G$448,Data!$A$5:$A$448,'Tóm tắt'!$A7),0)} -> 23816 | CL7: {=IFERROR(SUMPRODUCT(Data!CH$5:CH$448*Data!H$5:H$448*(Data!$A$5:$A$448='Tóm tắt'!$A7))/SUMIFS(Data!H$5:H$448,Data!$A$5:$A$448,'Tóm tắt'!$A7),0)} -> 24951.226 | CM7: {=IFERROR(SUMPRODUCT(Data!CI$5:CI$448*Data!I$5:I$448*(Data!$A$5:$A$448='Tóm tắt'!$A7))/SUMIFS(Data!I$5:I$448,Data!$A$5:$A$448,'Tóm tắt'!$A7),0)} -> 24543.866 | CN7: {=IFERROR(SUMPRODUCT(Data!CJ$5:CJ$448*Data!J$5:J$448*(Data!$A$5:$A$448='Tóm tắt'!$A7))/SUMIFS(Data!J$5:J$448,Data!$A$5:$A$448,'Tóm tắt'!$A7),0)} -> 24508.522 | CO7: {=IFERROR(SUMPRODUCT(Data!CK$5:CK$448*Data!K$5:K$448*(Data!$A$5:$A$448='Tóm tắt'!$A7))/SUMIFS(Data!K$5:K$448,Data!$A$5:$A$448,'Tóm tắt'!$A7),0)} -> 24710.339 | ... DT7: {=IFERROR(SUMPRODUCT(Data!DP$5:DP$448*Data!AP$5:AP$448*(Data!$A$5:$A$448='Tóm tắt'!$A7))/SUMIFS(Data!AP$5:AP$448,Data!$A$5:$A$448,'Tóm tắt'!$A7),0)} -> 26272.021 | DV7: =(BF7/1000*$DV$2)-CT7 -> 6035.1009 | DW7: =(BS7/1000*$DW$2)-DG7 -> 4306.8816 | DX7: =(CF7/1000*$DX$2)-DT7 -> 2882.3153 | DZ7: =IFERROR(R7/SUM($R$5:$R$12),0) -> 0.5578734 | EA7: =IFERROR(AE7/SUM($AE$5:$AE$12),0) -> 0.46978446 | EB7: =IFERROR(AR7/SUM($AR$5:$AR$12),0) -> 0.51602755 | ED7: =IFERROR(1-CT7/(BF7*ED$2/10^3),0) -> 0.19830199 | EE7: =IFERROR(1-DG7/(BS7*EE$2/10^3),0) -> 0.13868111 | EF7: =IFERROR(1-DT7/(CF7*EF$2/10^3),0) -> 0.098864034
A8: Hạt WSS03G | B8: 4 | C8: Hạt WSS03G | D8: Bao gồm WSS03: Không bao gồm lượng bán cho PW | F8: =SUMIFS(Data!D$5:D$448,Data!$A$5:$A$448,'Tóm tắt'!$A8) -> 440000 | G8: =SUMIFS(Data!E$5:E$448,Data!$A$5:$A$448,'Tóm tắt'!$A8) -> 0 | H8: =SUMIFS(Data!F$5:F$448,Data!$A$5:$A$448,'Tóm tắt'!$A8) -> 176000 | I8: =SUMIFS(Data!G$5:G$448,Data!$A$5:$A$448,'Tóm tắt'!$A8) -> 441100 | J8: =SUMIFS(Data!H$5:H$448,Data!$A$5:$A$448,'Tóm tắt'!$A8) -> 330025 | K8: =SUMIFS(Data!I$5:I$448,Data!$A$5:$A$448,'Tóm tắt'!$A8) -> 110000 | L8: =SUMIFS(Data!J$5:J$448,Data!$A$5:$A$448,'Tóm tắt'!$A8) -> 1100 | M8: =SUMIFS(Data!K$5:K$448,Data!$A$5:$A$448,'Tóm tắt'!$A8) -> 5500 | ... Q8: =SUMIFS(Data!O$5:O$448,Data!$A$5:$A$448,'Tóm tắt'!$A8) -> 1100 | R8: =SUM(F8:Q8) -> 1740225 | S8: =SUMIFS(Data!Q$5:Q$448,Data!$A$5:$A$448,'Tóm tắt'!$A8) -> 0 | T8: =SUMIFS(Data!R$5:R$448,Data!$A$5:$A$448,'Tóm tắt'!$A8) -> 45100 | U8: =SUMIFS(Data!S$5:S$448,Data!$A$5:$A$448,'Tóm tắt'!$A8) -> 231000 | V8: =SUMIFS(Data!T$5:T$448,Data!$A$5:$A$448,'Tóm tắt'!$A8) -> 154000 | W8: =SUMIFS(Data!U$5:U$448,Data!$A$5:$A$448,'Tóm tắt'!$A8) -> 11000 | X8: =SUMIFS(Data!V$5:V$448,Data!$A$5:$A$448,'Tóm tắt'!$A8) -> 44000 | Y8: =SUMIFS(Data!W$5:W$448,Data!$A$5:$A$448,'Tóm tắt'!$A8) -> 374850 | Z8: =SUMIFS(Data!X$5:X$448,Data!$A$5:$A$448,'Tóm tắt'!$A8) -> 44000 | ... AD8: =SUMIFS(Data!AB$5:AB$448,Data!$A$5:$A$448,'Tóm tắt'!$A8) -> 0 | AE8: =SUM(S8:AD8) -> 1235050 | AF8: =SUMIFS(Data!AD$5:AD$448,Data!$A$5:$A$448,'Tóm tắt'!$A8) -> 2200 | AG8: =SUMIFS(Data!AE$5:AE$448,Data!$A$5:$A$448,'Tóm tắt'!$A8) -> 5500 | AH8: =SUMIFS(Data!AF$5:AF$448,Data!$A$5:$A$448,'Tóm tắt'!$A8) -> 440150 | AI8: =SUMIFS(Data!AG$5:AG$448,Data!$A$5:$A$448,'Tóm tắt'!$A8) -> 798600 | AR8: =SUM(AF8:AQ8) -> 1246450 | AT8: {=IFERROR(SUMPRODUCT(Data!D$5:D$448*Data!AQ$5:AQ$448*(Data!$A$5:$A$448='Tóm tắt'!$A8))/SUMIFS(Data!D$5:D$448,Data!$A$5:$A$448,'Tóm tắt'!$A8),0)} -> 1100.8707 | AU8: {=IFERROR(SUMPRODUCT(Data!E$5:E$448*Data!AR$5:AR$448*(Data!$A$5:$A$448='Tóm tắt'!$A8))/SUMIFS(Data!E$5:E$448,Data!$A$5:$A$448,'Tóm tắt'!$A8),0)} -> 0 | AV8: {=IFERROR(SUMPRODUCT(Data!F$5:F$448*Data!AS$5:AS$448*(Data!$A$5:$A$448='Tóm tắt'!$A8))/SUMIFS(Data!F$5:F$448,Data!$A$5:$A$448,'Tóm tắt'!$A8),0)} -> 1078.9487 | AW8: {=IFERROR(SUMPRODUCT(Data!G$5:G$448*Data!AT$5:AT$448*(Data!$A$5:$A$448='Tóm tắt'!$A8))/SUMIFS(Data!G$5:G$448,Data!$A$5:$A$448,'Tóm tắt'!$A8),0)} -> 1054.632 | AX8: {=IFERROR(SUMPRODUCT(Data!H$5:H$448*Data!AU$5:AU$448*(Data!$A$5:$A$448='Tóm tắt'!$A8))/SUMIFS(Data!H$5:H$448,Data!$A$5:$A$448,'Tóm tắt'!$A8),0)} -> 1049.6032 | AY8: {=IFERROR(SUMPRODUCT(Data!I$5:I$448*Data!AV$5:AV$448*(Data!$A$5:$A$448='Tóm tắt'!$A8))/SUMIFS(Data!I$5:I$448,Data!$A$5:$A$448,'Tóm tắt'!$A8),0)} -> 1061.9429 | AZ8: {=IFERROR(SUMPRODUCT(Data!J$5:J$448*Data!AW$5:AW$448*(Data!$A$5:$A$448='Tóm tắt'!$A8))/SUMIFS(Data!J$5:J$448,Data!$A$5:$A$448,'Tóm tắt'!$A8),0)} -> 1046.668 | BA8: {=IFERROR(SUMPRODUCT(Data!K$5:K$448*Data!AX$5:AX$448*(Data!$A$5:$A$448='Tóm tắt'!$A8))/SUMIFS(Data!K$5:K$448,Data!$A$5:$A$448,'Tóm tắt'!$A8),0)} -> 1220.8142 | ... CF8: {=IFERROR(SUMPRODUCT(Data!AP$5:AP$448*Data!CC$5:CC$448*(Data!$A$5:$A$448='Tóm tắt'!$A8))/SUMIFS(Data!AP$5:AP$448,Data!$A$5:$A$448,'Tóm tắt'!$A8),0)} -> 1104.6328 | CH8: {=IFERROR(SUMPRODUCT(Data!CD$5:CD$448*Data!D$5:D$448*(Data!$A$5:$A$448='Tóm tắt'!$A8))/SUMIFS(Data!D$5:D$448,Data!$A$5:$A$448,'Tóm tắt'!$A8),0)} -> 28600.565 | CI8: {=IFERROR(SUMPRODUCT(Data!CE$5:CE$448*Data!E$5:E$448*(Data!$A$5:$A$448='Tóm tắt'!$A8))/SUMIFS(Data!E$5:E$448,Data!$A$5:$A$448,'Tóm tắt'!$A8),0)} -> 0 | CJ8: {=IFERROR(SUMPRODUCT(Data!CF$5:CF$448*Data!F$5:F$448*(Data!$A$5:$A$448='Tóm tắt'!$A8))/SUMIFS(Data!F$5:F$448,Data!$A$5:$A$448,'Tóm tắt'!$A8),0)} -> 31994.902 | CK8: {=IFERROR(SUMPRODUCT(Data!CG$5:CG$448*Data!G$5:G$448*(Data!$A$5:$A$448='Tóm tắt'!$A8))/SUMIFS(Data!G$5:G$448,Data!$A$5:$A$448,'Tóm tắt'!$A8),0)} -> 22894.548 | CL8: {=IFERROR(SUMPRODUCT(Data!CH$5:CH$448*Data!H$5:H$448*(Data!$A$5:$A$448='Tóm tắt'!$A8))/SUMIFS(Data!H$5:H$448,Data!$A$5:$A$448,'Tóm tắt'!$A8),0)} -> 35741.912 | CM8: {=IFERROR(SUMPRODUCT(Data!CI$5:CI$448*Data!I$5:I$448*(Data!$A$5:$A$448='Tóm tắt'!$A8))/SUMIFS(Data!I$5:I$448,Data!$A$5:$A$448,'Tóm tắt'!$A8),0)} -> 36010.117 | CN8: {=IFERROR(SUMPRODUCT(Data!CJ$5:CJ$448*Data!J$5:J$448*(Data!$A$5:$A$448='Tóm tắt'!$A8))/SUMIFS(Data!J$5:J$448,Data!$A$5:$A$448,'Tóm tắt'!$A8),0)} -> 34637.483 | CO8: {=IFERROR(SUMPRODUCT(Data!CK$5:CK$448*Data!K$5:K$448*(Data!$A$5:$A$448='Tóm tắt'!$A8))/SUMIFS(Data!K$5:K$448,Data!$A$5:$A$448,'Tóm tắt'!$A8),0)} -> 32734.511 | ... DT8: {=IFERROR(SUMPRODUCT(Data!DP$5:DP$448*Data!AP$5:AP$448*(Data!$A$5:$A$448='Tóm tắt'!$A8))/SUMIFS(Data!AP$5:AP$448,Data!$A$5:$A$448,'Tóm tắt'!$A8),0)} -> 27210.348 | DV8: =(BF8/1000*$DV$2)-CT8 -> -2656.7833 | DW8: =(BS8/1000*$DW$2)-DG8 -> 2396.4609 | DX8: =(CF8/1000*$DX$2)-DT8 -> 1713.3515 | DZ8: =IFERROR(R8/SUM($R$5:$R$12),0) -> 0.049059576 | EA8: =IFERROR(AE8/SUM($AE$5:$AE$12),0) -> 0.02944628 | EB8: =IFERROR(AR8/SUM($AR$5:$AR$12),0) -> 0.075408289 | ED8: =IFERROR(1-CT8/(BF8*ED$2/10^3),0) -> -0.099977432 | EE8: =IFERROR(1-DG8/(BS8*EE$2/10^3),0) -> 0.085174979 | EF8: =IFERROR(1-DT8/(CF8*EF$2/10^3),0) -> 0.05923694
A9: Hạt WSS03G-PW | B9: 5 | C9: Hạt WSS03G-PW | F9: =SUMIFS(Data!D$5:D$448,Data!$A$5:$A$448,'Tóm tắt'!$A9) -> 0 | G9: =SUMIFS(Data!E$5:E$448,Data!$A$5:$A$448,'Tóm tắt'!$A9) -> 0 | H9: =SUMIFS(Data!F$5:F$448,Data!$A$5:$A$448,'Tóm tắt'!$A9) -> 0 | I9: =SUMIFS(Data!G$5:G$448,Data!$A$5:$A$448,'Tóm tắt'!$A9) -> 0 | J9: =SUMIFS(Data!H$5:H$448,Data!$A$5:$A$448,'Tóm tắt'!$A9) -> 0 | K9: =SUMIFS(Data!I$5:I$448,Data!$A$5:$A$448,'Tóm tắt'!$A9) -> 0 | L9: =SUMIFS(Data!J$5:J$448,Data!$A$5:$A$448,'Tóm tắt'!$A9) -> 211200 | M9: =SUMIFS(Data!K$5:K$448,Data!$A$5:$A$448,'Tóm tắt'!$A9) -> 887300 | ... Q9: =SUMIFS(Data!O$5:O$448,Data!$A$5:$A$448,'Tóm tắt'!$A9) -> 0 | R9: =SUM(F9:Q9) -> 2418500 | S9: =SUMIFS(Data!Q$5:Q$448,Data!$A$5:$A$448,'Tóm tắt'!$A9) -> 0 | T9: =SUMIFS(Data!R$5:R$448,Data!$A$5:$A$448,'Tóm tắt'!$A9) -> 0 | U9: =SUMIFS(Data!S$5:S$448,Data!$A$5:$A$448,'Tóm tắt'!$A9) -> 0 | V9: =SUMIFS(Data!T$5:T$448,Data!$A$5:$A$448,'Tóm tắt'!$A9) -> 0 | W9: =SUMIFS(Data!U$5:U$448,Data!$A$5:$A$448,'Tóm tắt'!$A9) -> 0 | X9: =SUMIFS(Data!V$5:V$448,Data!$A$5:$A$448,'Tóm tắt'!$A9) -> 220000 | Y9: =SUMIFS(Data!W$5:W$448,Data!$A$5:$A$448,'Tóm tắt'!$A9) -> 0 | Z9: =SUMIFS(Data!X$5:X$448,Data!$A$5:$A$448,'Tóm tắt'!$A9) -> 220000 | ... AD9: =SUMIFS(Data!AB$5:AB$448,Data!$A$5:$A$448,'Tóm tắt'!$A9) -> 0 | AE9: =SUM(S9:AD9) -> 660000 | AF9: =SUMIFS(Data!AD$5:AD$448,Data!$A$5:$A$448,'Tóm tắt'!$A9) -> 242000 | AG9: =SUMIFS(Data!AE$5:AE$448,Data!$A$5:$A$448,'Tóm tắt'!$A9) -> 0 | AH9: =SUMIFS(Data!AF$5:AF$448,Data!$A$5:$A$448,'Tóm tắt'!$A9) -> 220000 | AI9: =SUMIFS(Data!AG$5:AG$448,Data!$A$5:$A$448,'Tóm tắt'!$A9) -> 440000 | AR9: =SUM(AF9:AQ9) -> 902000 | AT9: {=IFERROR(SUMPRODUCT(Data!D$5:D$448*Data!AQ$5:AQ$448*(Data!$A$5:$A$448='Tóm tắt'!$A9))/SUMIFS(Data!D$5:D$448,Data!$A$5:$A$448,'Tóm tắt'!$A9),0)} -> 0 | AU9: {=IFERROR(SUMPRODUCT(Data!E$5:E$448*Data!AR$5:AR$448*(Data!$A$5:$A$448='Tóm tắt'!$A9))/SUMIFS(Data!E$5:E$448,Data!$A$5:$A$448,'Tóm tắt'!$A9),0)} -> 0 | AV9: {=IFERROR(SUMPRODUCT(Data!F$5:F$448*Data!AS$5:AS$448*(Data!$A$5:$A$448='Tóm tắt'!$A9))/SUMIFS(Data!F$5:F$448,Data!$A$5:$A$448,'Tóm tắt'!$A9),0)} -> 0 | AW9: {=IFERROR(SUMPRODUCT(Data!G$5:G$448*Data!AT$5:AT$448*(Data!$A$5:$A$448='Tóm tắt'!$A9))/SUMIFS(Data!G$5:G$448,Data!$A$5:$A$448,'Tóm tắt'!$A9),0)} -> 0 | AX9: {=IFERROR(SUMPRODUCT(Data!H$5:H$448*Data!AU$5:AU$448*(Data!$A$5:$A$448='Tóm tắt'!$A9))/SUMIFS(Data!H$5:H$448,Data!$A$5:$A$448,'Tóm tắt'!$A9),0)} -> 0 | AY9: {=IFERROR(SUMPRODUCT(Data!I$5:I$448*Data!AV$5:AV$448*(Data!$A$5:$A$448='Tóm tắt'!$A9))/SUMIFS(Data!I$5:I$448,Data!$A$5:$A$448,'Tóm tắt'!$A9),0)} -> 0 | AZ9: {=IFERROR(SUMPRODUCT(Data!J$5:J$448*Data!AW$5:AW$448*(Data!$A$5:$A$448='Tóm tắt'!$A9))/SUMIFS(Data!J$5:J$448,Data!$A$5:$A$448,'Tóm tắt'!$A9),0)} -> 1040.193 | BA9: {=IFERROR(SUMPRODUCT(Data!K$5:K$448*Data!AX$5:AX$448*(Data!$A$5:$A$448='Tóm tắt'!$A9))/SUMIFS(Data!K$5:K$448,Data!$A$5:$A$448,'Tóm tắt'!$A9),0)} -> 1041.3398 | ... CF9: {=IFERROR(SUMPRODUCT(Data!AP$5:AP$448*Data!CC$5:CC$448*(Data!$A$5:$A$448='Tóm tắt'!$A9))/SUMIFS(Data!AP$5:AP$448,Data!$A$5:$A$448,'Tóm tắt'!$A9),0)} -> 1034.1907 | CH9: {=IFERROR(SUMPRODUCT(Data!CD$5:CD$448*Data!D$5:D$448*(Data!$A$5:$A$448='Tóm tắt'!$A9))/SUMIFS(Data!D$5:D$448,Data!$A$5:$A$448,'Tóm tắt'!$A9),0)} -> 0 | CI9: {=IFERROR(SUMPRODUCT(Data!CE$5:CE$448*Data!E$5:E$448*(Data!$A$5:$A$448='Tóm tắt'!$A9))/SUMIFS(Data!E$5:E$448,Data!$A$5:$A$448,'Tóm tắt'!$A9),0)} -> 0 | CJ9: {=IFERROR(SUMPRODUCT(Data!CF$5:CF$448*Data!F$5:F$448*(Data!$A$5:$A$448='Tóm tắt'!$A9))/SUMIFS(Data!F$5:F$448,Data!$A$5:$A$448,'Tóm tắt'!$A9),0)} -> 0 | CK9: {=IFERROR(SUMPRODUCT(Data!CG$5:CG$448*Data!G$5:G$448*(Data!$A$5:$A$448='Tóm tắt'!$A9))/SUMIFS(Data!G$5:G$448,Data!$A$5:$A$448,'Tóm tắt'!$A9),0)} -> 0 | CL9: {=IFERROR(SUMPRODUCT(Data!CH$5:CH$448*Data!H$5:H$448*(Data!$A$5:$A$448='Tóm tắt'!$A9))/SUMIFS(Data!H$5:H$448,Data!$A$5:$A$448,'Tóm tắt'!$A9),0)} -> 0 | CM9: {=IFERROR(SUMPRODUCT(Data!CI$5:CI$448*Data!I$5:I$448*(Data!$A$5:$A$448='Tóm tắt'!$A9))/SUMIFS(Data!I$5:I$448,Data!$A$5:$A$448,'Tóm tắt'!$A9),0)} -> 0 | CN9: {=IFERROR(SUMPRODUCT(Data!CJ$5:CJ$448*Data!J$5:J$448*(Data!$A$5:$A$448='Tóm tắt'!$A9))/SUMIFS(Data!J$5:J$448,Data!$A$5:$A$448,'Tóm tắt'!$A9),0)} -> 34637.483 | CO9: {=IFERROR(SUMPRODUCT(Data!CK$5:CK$448*Data!K$5:K$448*(Data!$A$5:$A$448='Tóm tắt'!$A9))/SUMIFS(Data!K$5:K$448,Data!$A$5:$A$448,'Tóm tắt'!$A9),0)} -> 32734.511 | ... DT9: {=IFERROR(SUMPRODUCT(Data!DP$5:DP$448*Data!AP$5:AP$448*(Data!$A$5:$A$448='Tóm tắt'!$A9))/SUMIFS(Data!AP$5:AP$448,Data!$A$5:$A$448,'Tóm tắt'!$A9),0)} -> 27142.653 | DV9: =(BF9/1000*$DV$2)-CT9 -> -4540.5051 | DW9: =(BS9/1000*$DW$2)-DG9 -> -181.90601 | DX9: =(CF9/1000*$DX$2)-DT9 -> -63.410749 | DZ9: =IFERROR(R9/SUM($R$5:$R$12),0) -> 0.068181175 | EA9: =IFERROR(AE9/SUM($AE$5:$AE$12),0) -> 0.015735836 | EB9: =IFERROR(AR9/SUM($AR$5:$AR$12),0) -> 0.054569599 | ED9: =IFERROR(1-CT9/(BF9*ED$2/10^3),0) -> -0.1744607 | EE9: =IFERROR(1-DG9/(BS9*EE$2/10^3),0) -> -0.0072350472 | EF9: =IFERROR(1-DT9/(CF9*EF$2/10^3),0) -> -0.0023416737
A10: Hạt WSS05SB | B10: 6 | C10: Hạt WSS05SB (sợi ngắn) | F10: =SUMIFS(Data!D$5:D$448,Data!$A$5:$A$448,'Tóm tắt'!$A10) -> 0 | G10: =SUMIFS(Data!E$5:E$448,Data!$A$5:$A$448,'Tóm tắt'!$A10) -> 0 | H10: =SUMIFS(Data!F$5:F$448,Data!$A$5:$A$448,'Tóm tắt'!$A10) -> 0 | I10: =SUMIFS(Data!G$5:G$448,Data!$A$5:$A$448,'Tóm tắt'!$A10) -> 225500 | J10: =SUMIFS(Data!H$5:H$448,Data!$A$5:$A$448,'Tóm tắt'!$A10) -> 82500 | K10: =SUMIFS(Data!I$5:I$448,Data!$A$5:$A$448,'Tóm tắt'!$A10) -> 185900 | L10: =SUMIFS(Data!J$5:J$448,Data!$A$5:$A$448,'Tóm tắt'!$A10) -> 165000 | M10: =SUMIFS(Data!K$5:K$448,Data!$A$5:$A$448,'Tóm tắt'!$A10) -> 0 | ... Q10: =SUMIFS(Data!O$5:O$448,Data!$A$5:$A$448,'Tóm tắt'!$A10) -> 242000 | R10: =SUM(F10:Q10) -> 1362900 | S10: =SUMIFS(Data!Q$5:Q$448,Data!$A$5:$A$448,'Tóm tắt'!$A10) -> 11000 | T10: =SUMIFS(Data!R$5:R$448,Data!$A$5:$A$448,'Tóm tắt'!$A10) -> 16500 | U10: =SUMIFS(Data!S$5:S$448,Data!$A$5:$A$448,'Tóm tắt'!$A10) -> 33000 | V10: =SUMIFS(Data!T$5:T$448,Data!$A$5:$A$448,'Tóm tắt'!$A10) -> 0 | W10: =SUMIFS(Data!U$5:U$448,Data!$A$5:$A$448,'Tóm tắt'!$A10) -> 0 | X10: =SUMIFS(Data!V$5:V$448,Data!$A$5:$A$448,'Tóm tắt'!$A10) -> 146900 | Y10: =SUMIFS(Data!W$5:W$448,Data!$A$5:$A$448,'Tóm tắt'!$A10) -> 567800 | Z10: =SUMIFS(Data!X$5:X$448,Data!$A$5:$A$448,'Tóm tắt'!$A10) -> 321350 | ... AD10: =SUMIFS(Data!AB$5:AB$448,Data!$A$5:$A$448,'Tóm tắt'!$A10) -> 22050 | AE10: =SUM(S10:AD10) -> 1543175 | AF10: =SUMIFS(Data!AD$5:AD$448,Data!$A$5:$A$448,'Tóm tắt'!$A10) -> 23100 | AG10: =SUMIFS(Data!AE$5:AE$448,Data!$A$5:$A$448,'Tóm tắt'!$A10) -> 67200 | AH10: =SUMIFS(Data!AF$5:AF$448,Data!$A$5:$A$448,'Tóm tắt'!$A10) -> 342500 | AI10: =SUMIFS(Data!AG$5:AG$448,Data!$A$5:$A$448,'Tóm tắt'!$A10) -> 249000 | AR10: =SUM(AF10:AQ10) -> 681800 | AT10: {=IFERROR(SUMPRODUCT(Data!D$5:D$448*Data!AQ$5:AQ$448*(Data!$A$5:$A$448='Tóm tắt'!$A10))/SUMIFS(Data!D$5:D$448,Data!$A$5:$A$448,'Tóm tắt'!$A10),0)} -> 0 | AU10: {=IFERROR(SUMPRODUCT(Data!E$5:E$448*Data!AR$5:AR$448*(Data!$A$5:$A$448='Tóm tắt'!$A10))/SUMIFS(Data!E$5:E$448,Data!$A$5:$A$448,'Tóm tắt'!$A10),0)} -> 0 | AV10: {=IFERROR(SUMPRODUCT(Data!F$5:F$448*Data!AS$5:AS$448*(Data!$A$5:$A$448='Tóm tắt'!$A10))/SUMIFS(Data!F$5:F$448,Data!$A$5:$A$448,'Tóm tắt'!$A10),0)} -> 0 | AW10: {=IFERROR(SUMPRODUCT(Data!G$5:G$448*Data!AT$5:AT$448*(Data!$A$5:$A$448='Tóm tắt'!$A10))/SUMIFS(Data!G$5:G$448,Data!$A$5:$A$448,'Tóm tắt'!$A10),0)} -> 660.75676 | AX10: {=IFERROR(SUMPRODUCT(Data!H$5:H$448*Data!AU$5:AU$448*(Data!$A$5:$A$448='Tóm tắt'!$A10))/SUMIFS(Data!H$5:H$448,Data!$A$5:$A$448,'Tóm tắt'!$A10),0)} -> 776.62806 | AY10: {=IFERROR(SUMPRODUCT(Data!I$5:I$448*Data!AV$5:AV$448*(Data!$A$5:$A$448='Tóm tắt'!$A10))/SUMIFS(Data!I$5:I$448,Data!$A$5:$A$448,'Tóm tắt'!$A10),0)} -> 657.24161 | AZ10: {=IFERROR(SUMPRODUCT(Data!J$5:J$448*Data!AW$5:AW$448*(Data!$A$5:$A$448='Tóm tắt'!$A10))/SUMIFS(Data!J$5:J$448,Data!$A$5:$A$448,'Tóm tắt'!$A10),0)} -> 647.38245 | BA10: {=IFERROR(SUMPRODUCT(Data!K$5:K$448*Data!AX$5:AX$448*(Data!$A$5:$A$448='Tóm tắt'!$A10))/SUMIFS(Data!K$5:K$448,Data!$A$5:$A$448,'Tóm tắt'!$A10),0)} -> 0 | ... CF10: {=IFERROR(SUMPRODUCT(Data!AP$5:AP$448*Data!CC$5:CC$448*(Data!$A$5:$A$448='Tóm tắt'!$A10))/SUMIFS(Data!AP$5:AP$448,Data!$A$5:$A$448,'Tóm tắt'!$A10),0)} -> 677.32982 | CH10: {=IFERROR(SUMPRODUCT(Data!CD$5:CD$448*Data!D$5:D$448*(Data!$A$5:$A$448='Tóm tắt'!$A10))/SUMIFS(Data!D$5:D$448,Data!$A$5:$A$448,'Tóm tắt'!$A10),0)} -> 0 | CI10: {=IFERROR(SUMPRODUCT(Data!CE$5:CE$448*Data!E$5:E$448*(Data!$A$5:$A$448='Tóm tắt'!$A10))/SUMIFS(Data!E$5:E$448,Data!$A$5:$A$448,'Tóm tắt'!$A10),0)} -> 0 | CJ10: {=IFERROR(SUMPRODUCT(Data!CF$5:CF$448*Data!F$5:F$448*(Data!$A$5:$A$448='Tóm tắt'!$A10))/SUMIFS(Data!F$5:F$448,Data!$A$5:$A$448,'Tóm tắt'!$A10),0)} -> 0 | CK10: {=IFERROR(SUMPRODUCT(Data!CG$5:CG$448*Data!G$5:G$448*(Data!$A$5:$A$448='Tóm tắt'!$A10))/SUMIFS(Data!G$5:G$448,Data!$A$5:$A$448,'Tóm tắt'!$A10),0)} -> 22576.962 | CL10: {=IFERROR(SUMPRODUCT(Data!CH$5:CH$448*Data!H$5:H$448*(Data!$A$5:$A$448='Tóm tắt'!$A10))/SUMIFS(Data!H$5:H$448,Data!$A$5:$A$448,'Tóm tắt'!$A10),0)} -> 17180.141 | CM10: {=IFERROR(SUMPRODUCT(Data!CI$5:CI$448*Data!I$5:I$448*(Data!$A$5:$A$448='Tóm tắt'!$A10))/SUMIFS(Data!I$5:I$448,Data!$A$5:$A$448,'Tóm tắt'!$A10),0)} -> 20929.099 | CN10: {=IFERROR(SUMPRODUCT(Data!CJ$5:CJ$448*Data!J$5:J$448*(Data!$A$5:$A$448='Tóm tắt'!$A10))/SUMIFS(Data!J$5:J$448,Data!$A$5:$A$448,'Tóm tắt'!$A10),0)} -> 23715.01 | CO10: {=IFERROR(SUMPRODUCT(Data!CK$5:CK$448*Data!K$5:K$448*(Data!$A$5:$A$448='Tóm tắt'!$A10))/SUMIFS(Data!K$5:K$448,Data!$A$5:$A$448,'Tóm tắt'!$A10),0)} -> 0 | ... DT10: {=IFERROR(SUMPRODUCT(Data!DP$5:DP$448*Data!AP$5:AP$448*(Data!$A$5:$A$448='Tóm tắt'!$A10))/SUMIFS(Data!AP$5:AP$448,Data!$A$5:$A$448,'Tóm tắt'!$A10),0)} -> 28400.674 | DV10: =(BF10/1000*$DV$2)-CT10 -> -5304.2025 | DW10: =(BS10/1000*$DW$2)-DG10 -> -9503.7105 | DX10: =(CF10/1000*$DX$2)-DT10 -> -10665.474 | DZ10: =IFERROR(R10/SUM($R$5:$R$12),0) -> 0.038422213 | EA10: =IFERROR(AE10/SUM($AE$5:$AE$12),0) -> 0.036792651 | EB10: =IFERROR(AR10/SUM($AR$5:$AR$12),0) -> 0.041247841 | ED10: =IFERROR(1-CT10/(BF10*ED$2/10^3),0) -> -0.30591295 | EE10: =IFERROR(1-DG10/(BS10*EE$2/10^3),0) -> -0.55380621 | EF10: =IFERROR(1-DT10/(CF10*EF$2/10^3),0) -> -0.60137322
A11: Vảy FPET201-Out | B11: 7 | C11: Vảy FPET201-Out | F11: =SUMIFS(Data!D$5:D$448,Data!$A$5:$A$448,'Tóm tắt'!$A11) -> 0 | G11: =SUMIFS(Data!E$5:E$448,Data!$A$5:$A$448,'Tóm tắt'!$A11) -> 0 | H11: =SUMIFS(Data!F$5:F$448,Data!$A$5:$A$448,'Tóm tắt'!$A11) -> 0 | I11: =SUMIFS(Data!G$5:G$448,Data!$A$5:$A$448,'Tóm tắt'!$A11) -> 0 | J11: =SUMIFS(Data!H$5:H$448,Data!$A$5:$A$448,'Tóm tắt'!$A11) -> 0 | K11: =SUMIFS(Data!I$5:I$448,Data!$A$5:$A$448,'Tóm tắt'!$A11) -> 0 | L11: =SUMIFS(Data!J$5:J$448,Data!$A$5:$A$448,'Tóm tắt'!$A11) -> 0 | M11: =SUMIFS(Data!K$5:K$448,Data!$A$5:$A$448,'Tóm tắt'!$A11) -> 0 | ... Q11: =SUMIFS(Data!O$5:O$448,Data!$A$5:$A$448,'Tóm tắt'!$A11) -> 0 | R11: =SUM(F11:Q11) -> 0 | S11: =SUMIFS(Data!Q$5:Q$448,Data!$A$5:$A$448,'Tóm tắt'!$A11) -> 0 | T11: =SUMIFS(Data!R$5:R$448,Data!$A$5:$A$448,'Tóm tắt'!$A11) -> 0 | U11: =SUMIFS(Data!S$5:S$448,Data!$A$5:$A$448,'Tóm tắt'!$A11) -> 0 | V11: =SUMIFS(Data!T$5:T$448,Data!$A$5:$A$448,'Tóm tắt'!$A11) -> 0 | W11: =SUMIFS(Data!U$5:U$448,Data!$A$5:$A$448,'Tóm tắt'!$A11) -> 0 | X11: =SUMIFS(Data!V$5:V$448,Data!$A$5:$A$448,'Tóm tắt'!$A11) -> 0 | Y11: =SUMIFS(Data!W$5:W$448,Data!$A$5:$A$448,'Tóm tắt'!$A11) -> 0 | Z11: =SUMIFS(Data!X$5:X$448,Data!$A$5:$A$448,'Tóm tắt'!$A11) -> 0 | ... AD11: =SUMIFS(Data!AB$5:AB$448,Data!$A$5:$A$448,'Tóm tắt'!$A11) -> 20000 | AE11: =SUM(S11:AD11) -> 20000 | AF11: =SUMIFS(Data!AD$5:AD$448,Data!$A$5:$A$448,'Tóm tắt'!$A11) -> 0 | AG11: =SUMIFS(Data!AE$5:AE$448,Data!$A$5:$A$448,'Tóm tắt'!$A11) -> 0 | AH11: =SUMIFS(Data!AF$5:AF$448,Data!$A$5:$A$448,'Tóm tắt'!$A11) -> 0 | AI11: =SUMIFS(Data!AG$5:AG$448,Data!$A$5:$A$448,'Tóm tắt'!$A11) -> 660000 | AR11: =SUM(AF11:AQ11) -> 660000 | AT11: {=IFERROR(SUMPRODUCT(Data!D$5:D$448*Data!AQ$5:AQ$448*(Data!$A$5:$A$448='Tóm tắt'!$A11))/SUMIFS(Data!D$5:D$448,Data!$A$5:$A$448,'Tóm tắt'!$A11),0)} -> 0 | AU11: {=IFERROR(SUMPRODUCT(Data!E$5:E$448*Data!AR$5:AR$448*(Data!$A$5:$A$448='Tóm tắt'!$A11))/SUMIFS(Data!E$5:E$448,Data!$A$5:$A$448,'Tóm tắt'!$A11),0)} -> 0 | AV11: {=IFERROR(SUMPRODUCT(Data!F$5:F$448*Data!AS$5:AS$448*(Data!$A$5:$A$448='Tóm tắt'!$A11))/SUMIFS(Data!F$5:F$448,Data!$A$5:$A$448,'Tóm tắt'!$A11),0)} -> 0 | AW11: {=IFERROR(SUMPRODUCT(Data!G$5:G$448*Data!AT$5:AT$448*(Data!$A$5:$A$448='Tóm tắt'!$A11))/SUMIFS(Data!G$5:G$448,Data!$A$5:$A$448,'Tóm tắt'!$A11),0)} -> 0 | AX11: {=IFERROR(SUMPRODUCT(Data!H$5:H$448*Data!AU$5:AU$448*(Data!$A$5:$A$448='Tóm tắt'!$A11))/SUMIFS(Data!H$5:H$448,Data!$A$5:$A$448,'Tóm tắt'!$A11),0)} -> 0 | AY11: {=IFERROR(SUMPRODUCT(Data!I$5:I$448*Data!AV$5:AV$448*(Data!$A$5:$A$448='Tóm tắt'!$A11))/SUMIFS(Data!I$5:I$448,Data!$A$5:$A$448,'Tóm tắt'!$A11),0)} -> 0 | AZ11: {=IFERROR(SUMPRODUCT(Data!J$5:J$448*Data!AW$5:AW$448*(Data!$A$5:$A$448='Tóm tắt'!$A11))/SUMIFS(Data!J$5:J$448,Data!$A$5:$A$448,'Tóm tắt'!$A11),0)} -> 0 | BA11: {=IFERROR(SUMPRODUCT(Data!K$5:K$448*Data!AX$5:AX$448*(Data!$A$5:$A$448='Tóm tắt'!$A11))/SUMIFS(Data!K$5:K$448,Data!$A$5:$A$448,'Tóm tắt'!$A11),0)} -> 0 | ... CF11: {=IFERROR(SUMPRODUCT(Data!AP$5:AP$448*Data!CC$5:CC$448*(Data!$A$5:$A$448='Tóm tắt'!$A11))/SUMIFS(Data!AP$5:AP$448,Data!$A$5:$A$448,'Tóm tắt'!$A11),0)} -> 766.66667 | CH11: {=IFERROR(SUMPRODUCT(Data!CD$5:CD$448*Data!D$5:D$448*(Data!$A$5:$A$448='Tóm tắt'!$A11))/SUMIFS(Data!D$5:D$448,Data!$A$5:$A$448,'Tóm tắt'!$A11),0)} -> 0 | CI11: {=IFERROR(SUMPRODUCT(Data!CE$5:CE$448*Data!E$5:E$448*(Data!$A$5:$A$448='Tóm tắt'!$A11))/SUMIFS(Data!E$5:E$448,Data!$A$5:$A$448,'Tóm tắt'!$A11),0)} -> 0 | CJ11: {=IFERROR(SUMPRODUCT(Data!CF$5:CF$448*Data!F$5:F$448*(Data!$A$5:$A$448='Tóm tắt'!$A11))/SUMIFS(Data!F$5:F$448,Data!$A$5:$A$448,'Tóm tắt'!$A11),0)} -> 0 | CK11: {=IFERROR(SUMPRODUCT(Data!CG$5:CG$448*Data!G$5:G$448*(Data!$A$5:$A$448='Tóm tắt'!$A11))/SUMIFS(Data!G$5:G$448,Data!$A$5:$A$448,'Tóm tắt'!$A11),0)} -> 0 | CL11: {=IFERROR(SUMPRODUCT(Data!CH$5:CH$448*Data!H$5:H$448*(Data!$A$5:$A$448='Tóm tắt'!$A11))/SUMIFS(Data!H$5:H$448,Data!$A$5:$A$448,'Tóm tắt'!$A11),0)} -> 0 | CM11: {=IFERROR(SUMPRODUCT(Data!CI$5:CI$448*Data!I$5:I$448*(Data!$A$5:$A$448='Tóm tắt'!$A11))/SUMIFS(Data!I$5:I$448,Data!$A$5:$A$448,'Tóm tắt'!$A11),0)} -> 0 | CN11: {=IFERROR(SUMPRODUCT(Data!CJ$5:CJ$448*Data!J$5:J$448*(Data!$A$5:$A$448='Tóm tắt'!$A11))/SUMIFS(Data!J$5:J$448,Data!$A$5:$A$448,'Tóm tắt'!$A11),0)} -> 0 | CO11: {=IFERROR(SUMPRODUCT(Data!CK$5:CK$448*Data!K$5:K$448*(Data!$A$5:$A$448='Tóm tắt'!$A11))/SUMIFS(Data!K$5:K$448,Data!$A$5:$A$448,'Tóm tắt'!$A11),0)} -> 0 | ... DT11: {=IFERROR(SUMPRODUCT(Data!DP$5:DP$448*Data!AP$5:AP$448*(Data!$A$5:$A$448='Tóm tắt'!$A11))/SUMIFS(Data!AP$5:AP$448,Data!$A$5:$A$448,'Tóm tắt'!$A11),0)} -> 20405 | DV11: =(BF11/1000*$DV$2)-CT11 -> 0 | DW11: =(BS11/1000*$DW$2)-DG11 -> -2375.2229 | DX11: =(CF11/1000*$DX$2)-DT11 -> -330.60471 | DZ11: =IFERROR(R11/SUM($R$5:$R$12),0) -> 0 | EA11: =IFERROR(AE11/SUM($AE$5:$AE$12),0) -> 0.00047684353 | EB11: =IFERROR(AR11/SUM($AR$5:$AR$12),0) -> 0.039928975 | ED11: =IFERROR(1-CT11/(BF11*ED$2/10^3),0) -> 0 | EE11: =IFERROR(1-DG11/(BS11*EE$2/10^3),0) -> -0.10085965 | EF11: =IFERROR(1-DT11/(CF11*EF$2/10^3),0) -> -0.016468975
A12: Dây đai | B12: 8 | C12: Dây Đai | F12: =SUMIFS(Data!D$5:D$448,Data!$A$5:$A$448,'Tóm tắt'!$A12) -> 0 | G12: =SUMIFS(Data!E$5:E$448,Data!$A$5:$A$448,'Tóm tắt'!$A12) -> 165000 | H12: =SUMIFS(Data!F$5:F$448,Data!$A$5:$A$448,'Tóm tắt'!$A12) -> 58000 | I12: =SUMIFS(Data!G$5:G$448,Data!$A$5:$A$448,'Tóm tắt'!$A12) -> 0 | J12: =SUMIFS(Data!H$5:H$448,Data!$A$5:$A$448,'Tóm tắt'!$A12) -> 222000 | K12: =SUMIFS(Data!I$5:I$448,Data!$A$5:$A$448,'Tóm tắt'!$A12) -> 511260 | L12: =SUMIFS(Data!J$5:J$448,Data!$A$5:$A$448,'Tóm tắt'!$A12) -> 180000 | M12: =SUMIFS(Data!K$5:K$448,Data!$A$5:$A$448,'Tóm tắt'!$A12) -> 380000 | ... Q12: =SUMIFS(Data!O$5:O$448,Data!$A$5:$A$448,'Tóm tắt'!$A12) -> 65000 | R12: =SUM(F12:Q12) -> 1961000 | S12: =SUMIFS(Data!Q$5:Q$448,Data!$A$5:$A$448,'Tóm tắt'!$A12) -> 0 | T12: =SUMIFS(Data!R$5:R$448,Data!$A$5:$A$448,'Tóm tắt'!$A12) -> 386000 | U12: =SUMIFS(Data!S$5:S$448,Data!$A$5:$A$448,'Tóm tắt'!$A12) -> 140000 | V12: =SUMIFS(Data!T$5:T$448,Data!$A$5:$A$448,'Tóm tắt'!$A12) -> 120000 | W12: =SUMIFS(Data!U$5:U$448,Data!$A$5:$A$448,'Tóm tắt'!$A12) -> 80000 | X12: =SUMIFS(Data!V$5:V$448,Data!$A$5:$A$448,'Tóm tắt'!$A12) -> 100000 | Y12: =SUMIFS(Data!W$5:W$448,Data!$A$5:$A$448,'Tóm tắt'!$A12) -> 20000 | Z12: =SUMIFS(Data!X$5:X$448,Data!$A$5:$A$448,'Tóm tắt'!$A12) -> 80000 | ... AD12: =SUMIFS(Data!AB$5:AB$448,Data!$A$5:$A$448,'Tóm tắt'!$A12) -> 100000 | AE12: =SUM(S12:AD12) -> 1544000 | AF12: =SUMIFS(Data!AD$5:AD$448,Data!$A$5:$A$448,'Tóm tắt'!$A12) -> 500 | AG12: =SUMIFS(Data!AE$5:AE$448,Data!$A$5:$A$448,'Tóm tắt'!$A12) -> 0 | AH12: =SUMIFS(Data!AF$5:AF$448,Data!$A$5:$A$448,'Tóm tắt'!$A12) -> 155100 | AI12: =SUMIFS(Data!AG$5:AG$448,Data!$A$5:$A$448,'Tóm tắt'!$A12) -> 0 | AR12: =SUM(AF12:AQ12) -> 155600 | AT12: {=IFERROR(SUMPRODUCT(Data!D$5:D$448*Data!AQ$5:AQ$448*(Data!$A$5:$A$448='Tóm tắt'!$A12))/SUMIFS(Data!D$5:D$448,Data!$A$5:$A$448,'Tóm tắt'!$A12),0)} -> 0 | AU12: {=IFERROR(SUMPRODUCT(Data!E$5:E$448*Data!AR$5:AR$448*(Data!$A$5:$A$448='Tóm tắt'!$A12))/SUMIFS(Data!E$5:E$448,Data!$A$5:$A$448,'Tóm tắt'!$A12),0)} -> 662.7002 | AV12: {=IFERROR(SUMPRODUCT(Data!F$5:F$448*Data!AS$5:AS$448*(Data!$A$5:$A$448='Tóm tắt'!$A12))/SUMIFS(Data!F$5:F$448,Data!$A$5:$A$448,'Tóm tắt'!$A12),0)} -> 663.14258 | AW12: {=IFERROR(SUMPRODUCT(Data!G$5:G$448*Data!AT$5:AT$448*(Data!$A$5:$A$448='Tóm tắt'!$A12))/SUMIFS(Data!G$5:G$448,Data!$A$5:$A$448,'Tóm tắt'!$A12),0)} -> 0 | AX12: {=IFERROR(SUMPRODUCT(Data!H$5:H$448*Data!AU$5:AU$448*(Data!$A$5:$A$448='Tóm tắt'!$A12))/SUMIFS(Data!H$5:H$448,Data!$A$5:$A$448,'Tóm tắt'!$A12),0)} -> 664.03269 | AY12: {=IFERROR(SUMPRODUCT(Data!I$5:I$448*Data!AV$5:AV$448*(Data!$A$5:$A$448='Tóm tắt'!$A12))/SUMIFS(Data!I$5:I$448,Data!$A$5:$A$448,'Tóm tắt'!$A12),0)} -> 673.25968 | AZ12: {=IFERROR(SUMPRODUCT(Data!J$5:J$448*Data!AW$5:AW$448*(Data!$A$5:$A$448='Tóm tắt'!$A12))/SUMIFS(Data!J$5:J$448,Data!$A$5:$A$448,'Tóm tắt'!$A12),0)} -> 672.55743 | BA12: {=IFERROR(SUMPRODUCT(Data!K$5:K$448*Data!AX$5:AX$448*(Data!$A$5:$A$448='Tóm tắt'!$A12))/SUMIFS(Data!K$5:K$448,Data!$A$5:$A$448,'Tóm tắt'!$A12),0)} -> 706.1744 | ... CF12: {=IFERROR(SUMPRODUCT(Data!AP$5:AP$448*Data!CC$5:CC$448*(Data!$A$5:$A$448='Tóm tắt'!$A12))/SUMIFS(Data!AP$5:AP$448,Data!$A$5:$A$448,'Tóm tắt'!$A12),0)} -> 617.53314 | CH12: {=IFERROR(SUMPRODUCT(Data!CD$5:CD$448*Data!D$5:D$448*(Data!$A$5:$A$448='Tóm tắt'!$A12))/SUMIFS(Data!D$5:D$448,Data!$A$5:$A$448,'Tóm tắt'!$A12),0)} -> 0 | CI12: {=IFERROR(SUMPRODUCT(Data!CE$5:CE$448*Data!E$5:E$448*(Data!$A$5:$A$448='Tóm tắt'!$A12))/SUMIFS(Data!E$5:E$448,Data!$A$5:$A$448,'Tóm tắt'!$A12),0)} -> 24598.071 | CJ12: {=IFERROR(SUMPRODUCT(Data!CF$5:CF$448*Data!F$5:F$448*(Data!$A$5:$A$448='Tóm tắt'!$A12))/SUMIFS(Data!F$5:F$448,Data!$A$5:$A$448,'Tóm tắt'!$A12),0)} -> 24778.518 | CK12: {=IFERROR(SUMPRODUCT(Data!CG$5:CG$448*Data!G$5:G$448*(Data!$A$5:$A$448='Tóm tắt'!$A12))/SUMIFS(Data!G$5:G$448,Data!$A$5:$A$448,'Tóm tắt'!$A12),0)} -> 0 | CL12: {=IFERROR(SUMPRODUCT(Data!CH$5:CH$448*Data!H$5:H$448*(Data!$A$5:$A$448='Tóm tắt'!$A12))/SUMIFS(Data!H$5:H$448,Data!$A$5:$A$448,'Tóm tắt'!$A12),0)} -> 23597.168 | CM12: {=IFERROR(SUMPRODUCT(Data!CI$5:CI$448*Data!I$5:I$448*(Data!$A$5:$A$448='Tóm tắt'!$A12))/SUMIFS(Data!I$5:I$448,Data!$A$5:$A$448,'Tóm tắt'!$A12),0)} -> 23592.063 | CN12: {=IFERROR(SUMPRODUCT(Data!CJ$5:CJ$448*Data!J$5:J$448*(Data!$A$5:$A$448='Tóm tắt'!$A12))/SUMIFS(Data!J$5:J$448,Data!$A$5:$A$448,'Tóm tắt'!$A12),0)} -> 24672.567 | CO12: {=IFERROR(SUMPRODUCT(Data!CK$5:CK$448*Data!K$5:K$448*(Data!$A$5:$A$448='Tóm tắt'!$A12))/SUMIFS(Data!K$5:K$448,Data!$A$5:$A$448,'Tóm tắt'!$A12),0)} -> 23671.294 | ... DT12: {=IFERROR(SUMPRODUCT(Data!DP$5:DP$448*Data!AP$5:AP$448*(Data!$A$5:$A$448='Tóm tắt'!$A12))/SUMIFS(Data!AP$5:AP$448,Data!$A$5:$A$448,'Tóm tắt'!$A12),0)} -> 21246.657 | DV12: =(BF12/1000*$DV$2)-CT12 -> -6642.4556 | DW12: =(BS12/1000*$DW$2)-DG12 -> -3950.7957 | DX12: =(CF12/1000*$DX$2)-DT12 -> -5077.1727 | DZ12: =IFERROR(R12/SUM($R$5:$R$12),0) -> 0.055283557 | EA12: =IFERROR(AE12/SUM($AE$5:$AE$12),0) -> 0.03681232 | EB12: =IFERROR(AR12/SUM($AR$5:$AR$12),0) -> 0.0094135583 | ED12: =IFERROR(1-CT12/(BF12*ED$2/10^3),0) -> -0.38902932 | EE12: =IFERROR(1-DG12/(BS12*EE$2/10^3),0) -> -0.23028987 | EF12: =IFERROR(1-DT12/(CF12*EF$2/10^3),0) -> -0.3139972
R13: =SUM(R5:R12) -> 35471668 | AE13: =SUM(AE5:AE12) -> 41942480 | AR13: =SUM(AR5:AR12) -> 16529350 | DZ13: =SUM(DZ5:DZ12) -> 1 | EA13: =SUM(EA5:EA12) -> 1 | EB13: =SUM(EB5:EB12) -> 1

Sheet Chart
BB1: 24858.781 | BC1: 25788.124 | BD1: 26183.994
B2: STT | C2: SẢN PHẨM | D2: SẢN LƯỢNG (Tấn) | AR2: STT | AS2: SẢN PHẨM | AT2: SẢN LƯỢNG (Tấn) | AX2: GIÁ BÁN (USD/TON) | BB2: GIÁ BÁN (VND/kg) | BF2: GIÁ VỐN ĐƠN VỊ (VND/kg) | BJ2: LG | BN2: % SL | BR2: % BIÊN LG
D3: 2024 | Q3: 2025 | AD3: 2026 | AT3: 2024 | AU3: 2025 | AV3: 2026 | AX3: 2024 | AY3: 2025 | AZ3: 2026 | BB3: 2024 | BC3: 2025 | BD3: 2026 | BF3: 2024 | BG3: 2025 | BH3: 2026 | BJ3: 2024 | BK3: 2025 | BL3: 2026 | BN3: 2024 | BO3: 2025 | BP3: 2026 | BR3: 2024 | BS3: 2025 | BT3: 2026
D4: 1 | E4: 2 | F4: 3 | G4: 4 | H4: 5 | I4: 6 | J4: 7 | K4: 8 | L4: 9 | M4: 10 | N4: 11 | O4: 12 | P4: TỔNG | Q4: 1 | R4: 2 | S4: 3 | T4: 4 | U4: 5 | V4: 6 | W4: 7 | X4: 8 | Y4: 9 | Z4: 10 | AA4: 11 | AB4: 12 | AC4: TỔNG | AD4: 1 | AE4: 2 | AF4: 3 | AG4: 4 | AH4: 5 | AI4: 6 | AJ4: 7 | AK4: 8 | AL4: 9 | AM4: 10 | AN4: 11 | AO4: 12 | AP4: TỔNG | AR4: 1 | AS4: Hạt iSS01084G | AT4: 3785943.2 | AU4: 6408593.9 | AV4: 2666400 | AX4: 1396.9593 | AY4: 1345.2792 | AZ4: 1191.5563 | BB4: =AX4*BB$1/1000 -> 34726.706 | BC4: =AY4*BC$1/1000 -> 34692.227 | BD4: =AZ4*BD$1/1000 -> 31199.703 | BF4: 27271.253 | BG4: 28138.633 | BH4: 28651.781 | BJ4: 7455.4526 | BK4: 6553.5938 | BL4: 2547.9223 | BN4: 0.10673147 | BO4: 0.15279483 | BP4: 0.16131306 | BR4: 0.21468931 | BS4: 0.18890669 | BT4: 0.081664954
B5: 1 | C5: Hạt iSS01084G | D5: 203525 | E5: 209000 | F5: 48400 | G5: 160600 | H5: 88000 | I5: 211700 | J5: 70400 | K5: 722418.2 | L5: 373900 | M5: 399300 | N5: 681600 | O5: 617100 | P5: 3785943.2 | Q5: 388849.3 | R5: 660000 | S5: 419100 | T5: 531300 | U5: 556160.3 | V5: 486422.2 | W5: 248969.1 | X5: 835293 | Y5: 236500 | Z5: 382660 | AA5: 717340 | AB5: 946000 | AC5: 6408593.9 | AD5: 616000 | AE5: 398200 | AF5: 772200 | AG5: 880000 | AP5: 2666400 | AR5: 2 | AS5: Hạt iSS01G | AT5: 4414400 | AU5: 10827736 | AV5: 1687500 | AX5: 1223.1237 | AY5: 1238.0336 | AZ5: 1141.4236 | BB5: =AX5*BB$1/1000 -> 30405.366 | BC5: =AY5*BC$1/1000 -> 31926.562 | BD5: =AZ5*BD$1/1000 -> 29887.029 | BF5: 23061.128 | BG5: 25770.08 | BH5: 26450.813 | BJ5: 7344.2375 | BK5: 6156.4827 | BL5: 3436.2169 | BN5: 0.12444862 | BO5: 0.25815679 | BP5: 0.10209113 | BR5: 0.24154413 | BS5: 0.19283262 | BT5: 0.11497352
B6: 2 | C6: Hạt iSS01G | D6: 902000 | E6: 44000 | F6: 666600 | G6: 668800 | H6: 23100 | I6: 92400 | J6: 6600 | K6: 631400 | L6: 884400 | M6: 314600 | N6: 172800 | O6: 7700 | P6: 4414400 | Q6: 143000 | R6: 2270400 | S6: 1786400 | T6: 1189600 | U6: 1854000 | V6: 1077435.8 | W6: 957000 | X6: 1287000 | Y6: 3300 | Z6: 49500 | AA6: 20900 | AB6: 189200 | AC6: 10827736 | AD6: 25300 | AE6: 492800 | AF6: 1065950 | AG6: 103450 | AP6: 1687500 | AR6: 3 | AS6: Hạt WSS01G | AT6: 19788700 | AU6: 19703925 | AV6: 8529600 | AX6: 1224.2712 | AY6: 1204.2756 | AZ6: 1113.4411 | BB6: =AX6*BB$1/1000 -> 30433.889 | BC6: =AY6*BC$1/1000 -> 31056.008 | BD6: =AZ6*BD$1/1000 -> 29154.336 | BF6: 24398.788 | BG6: 26749.126 | BH6: 26272.021 | BJ6: 6035.1009 | BK6: 4306.8816 | BL6: 2882.3153 | BN6: 0.5578734 | BO6: 0.46978446 | BP6: 0.51602755 | BR6: 0.19830199 | BS6: 0.13868111 | BT6: 0.098864034
B7: 3 | C7: Hạt WSS01G | D7: 1302400 | E7: 1709400 | F7: 1788900 | G7: 1463000 | H7: 2441800 | I7: 1150000 | J7: 1217900 | K7: 2181700 | L7: 2313800 | M7: 1567700 | N7: 926200 | O7: 1725900 | P7: 19788700 | Q7: 2850100 | R7: 2172500 | S7: 1581700 | T7: 1699500 | U7: 1785300 | V7: 1272725 | W7: 2068000 | X7: 1771300 | Y7: 1195100 | Z7: 1399200 | AA7: 816200 | AB7: 1092300 | AC7: 19703925 | AD7: 2674100 | AE7: 1868900 | AF7: 2057000 | AG7: 1929600 | AP7: 8529600 | AR7: 4 | AS7: Hạt WSS03G | AT7: 1740225 | AU7: 1235050 | AV7: 1246450 | AX7: 1068.9917 | AY7: 1091.0347 | AZ7: 1104.6328 | BB7: =AX7*BB$1/1000 -> 26573.83 | BC7: =AY7*BC$1/1000 -> 28135.738 | BD7: =AZ7*BD$1/1000 -> 28923.699 | BF7: 29230.613 | BG7: 25739.277 | BH7: 27210.348 | BJ7: -2656.7833 | BK7: 2396.4609 | BL7: 1713.3515 | BN7: 0.049059576 | BO7: 0.02944628 | BP7: 0.075408289 | BR7: -0.099977432 | BS7: 0.085174979 | BT7: 0.05923694
B8: 4 | C8: Hạt WSS03G | D8: 440000 | E8: 0 | F8: 176000 | G8: 441100 | H8: 330025 | I8: 110000 | J8: 1100 | K8: 5500 | L8: 88000 | M8: 147400 | N8: 0 | O8: 1100 | P8: 1740225 | Q8: 0 | R8: 45100 | S8: 231000 | T8: 154000 | U8: 11000 | V8: 44000 | W8: 374850 | X8: 44000 | Y8: 67100 | Z8: 264000 | AA8: 0 | AB8: 0 | AC8: 1235050 | AD8: 2200 | AE8: 5500 | AF8: 440150 | AG8: 798600 | AP8: 1246450 | AR8: 5 | AS8: Hạt WSS03G-PW | AT8: 2418500 | AU8: 660000 | AV8: 902000 | AX8: 1046.9519 | AY8: 974.95808 | AZ8: 1034.1907 | BB8: =AX8*BB$1/1000 -> 26025.947 | BC8: =AY8*BC$1/1000 -> 25142.339 | BD8: =AZ8*BD$1/1000 -> 27079.242 | BF8: 30566.452 | BG8: 25324.245 | BH8: 27142.653 | BJ8: -4540.5051 | BK8: -181.90601 | BL8: -63.410749 | BN8: 0.068181175 | BO8: 0.015735836 | BP8: 0.054569599 | BR8: -0.1744607 | BS8: -0.0072350472 | BT8: -0.0023416737
B9: 5 | C9: Hạt WSS03G-PW | D9: 0 | E9: 0 | F9: 0 | G9: 0 | H9: 0 | I9: 0 | J9: 211200 | K9: 887300 | L9: 660000 | M9: 660000 | N9: 0 | O9: 0 | P9: 2418500 | Q9: 0 | R9: 0 | S9: 0 | T9: 0 | U9: 0 | V9: 220000 | W9: 0 | X9: 220000 | Y9: 0 | Z9: 0 | AA9: 220000 | AB9: 0 | AC9: 660000 | AD9: 242000 | AE9: 0 | AF9: 220000 | AG9: 440000 | AP9: 902000 | AR9: 6 | AS9: Hạt WSS05SB (sợi ngắn) | AT9: 1362900 | AU9: 1543175 | AV9: 681800 | AX9: 697.49708 | AY9: 665.45032 | AZ9: 677.32982 | BB9: =AX9*BB$1/1000 -> 17338.927 | BC9: =AY9*BC$1/1000 -> 17160.715 | BD9: =AZ9*BD$1/1000 -> 17735.2 | BF9: 22643.13 | BG9: 26664.426 | BH9: 28400.674 | BJ9: -5304.2025 | BK9: -9503.7105 | BL9: -10665.474 | BN9: 0.038422213 | BO9: 0.036792651 | BP9: 0.041247841 | BR9: -0.30591295 | BS9: -0.55380621 | BT9: -0.60137322
B10: 6 | C10: Hạt WSS05SB (sợi ngắn) | D10: 0 | E10: 0 | F10: 0 | G10: 225500 | H10: 82500 | I10: 185900 | J10: 165000 | K10: 0 | L10: 220000 | M10: 231000 | N10: 11000 | O10: 242000 | P10: 1362900 | Q10: 11000 | R10: 16500 | S10: 33000 | T10: 0 | U10: 0 | V10: 146900 | W10: 567800 | X10: 321350 | Y10: 202650 | Z10: 194625 | AA10: 27300 | AB10: 22050 | AC10: 1543175 | AD10: 23100 | AE10: 67200 | AF10: 342500 | AG10: 249000 | AP10: 681800 | AR10: 7 | AS10: Vảy FPET201-Out | AT10: 0 | AU10: 20000 | AV10: 660000 | AX10: 0 | AY10: 913.20266 | AZ10: 766.66667 | BB10: =AX10*BB$1/1000 -> 0 | BC10: =AY10*BC$1/1000 -> 23549.783 | BD10: =AZ10*BD$1/1000 -> 20074.395 | BF10: 0 | BG10: 25925.006 | BH10: 20405 | BJ10: 0 | BK10: -2375.2229 | BL10: -330.60471 | BN10: 0 | BO10: 0.00047684353 | BP10: 0.039928975 | BR10: 0 | BS10: -0.10085965 | BT10: -0.016468975
B11: 7 | C11: Vảy FPET201-Out | D11: 0 | E11: 0 | F11: 0 | G11: 0 | H11: 0 | I11: 0 | J11: 0 | K11: 0 | L11: 0 | M11: 0 | N11: 0 | O11: 0 | P11: 0 | Q11: 0 | R11: 0 | S11: 0 | T11: 0 | U11: 0 | V11: 0 | W11: 0 | X11: 0 | Y11: 0 | Z11: 0 | AA11: 0 | AB11: 20000 | AC11: 20000 | AD11: 0 | AE11: 0 | AF11: 0 | AG11: 660000 | AP11: 660000 | AR11: 8 | AS11: Dây Đai | AT11: 1961000 | AU11: 1544000 | AV11: 155600 | AX11: 686.85725 | AY11: 665.25785 | AZ11: 617.53314 | BB11: =AX11*BB$1/1000 -> 17074.434 | BC11: =AY11*BC$1/1000 -> 17155.752 | BD11: =AZ11*BD$1/1000 -> 16169.484 | BF11: 23716.89 | BG11: 21106.547 | BH11: 21246.657 | BJ11: -6642.4556 | BK11: -3950.7957 | BL11: -5077.1727 | BN11: 0.055283557 | BO11: 0.03681232 | BP11: 0.0094135583 | BR11: -0.38902932 | BS11: -0.23028987 | BT11: -0.3139972
B12: 8 | C12: Dây Đai | D12: 0 | E12: 165000 | F12: 58000 | G12: 0 | H12: 222000 | I12: 511260 | J12: 180000 | K12: 380000 | L12: 0 | M12: 264740 | N12: 115000 | O12: 65000 | P12: 1961000 | Q12: 0 | R12: 386000 | S12: 140000 | T12: 120000 | U12: 80000 | V12: 100000 | W12: 20000 | X12: 80000 | Y12: 220000 | Z12: 138000 | AA12: 160000 | AB12: 100000 | AC12: 1544000 | AD12: 500 | AE12: 0 | AF12: 155100 | AG12: 0 | AP12: 155600
AS13: Hàng xơ sợi
AR14: 9 | AS14: Hạt WSS03NC
AR15: 10 | AS15: Hạt WSS04NC
AS17: Hạt iSS01084G
AR18: 1 | AT18: SẢN LƯỢNG (Tấn) | AU18: DOANH THU (VND/kg) | AV18: GIÁ VỐN ĐƠN VỊ (VND/kg) | AW18: LG | AX18: %LG
AR19: 2 | AS19: 2024 | AT19: =AT4 -> 3785943.2 | AU19: =BB4 -> 34726.706 | AV19: =BF4 -> 27271.253 | AW19: =AU19-AV19 -> 7455.4526 | AX19: =AW19/AU19 -> 0.21468931
AR20: =AR19+1 -> 3 | AS20: 2025 | AT20: =AU4 -> 6408593.9 | AU20: =BC4 -> 34692.227 | AV20: =BG4 -> 28138.633 | AW20: =AU20-AV20 -> 6553.5938 | AX20: =AW20/AU20 -> 0.18890669
AR21: =AR20+1 -> 4 | AS21: 2026 | AT21: =AV4 -> 2666400 | AU21: =BD4 -> 31199.703 | AV21: =BH4 -> 28651.781 | AW21: =AU21-AV21 -> 2547.9223 | AX21: =AW21/AU21 -> 0.081664954
AR22: =AR21+1 -> 5
AR23: =AR22+1 -> 6
AS42: SẢN LƯỢNG (Tấn) | AT42: =AS4 -> Hạt iSS01084G | AU42: =AS5 -> Hạt iSS01G | AV42: =AS6 -> Hạt WSS01G | AW42: =AS7 -> Hạt WSS03G
AS43: =AS19 -> 2024 | AT43: =AT4 -> 3785943.2
AS44: =AS20 -> 2025 | AT44: =AU4 -> 6408593.9
AS45: =AS21 -> 2026 | AT45: =AV4 -> 2666400
AS48: Hạt iSS01084G
AR49: 1 | AT49: SẢN LƯỢNG (Tấn) | AU49: DOANH THU (VND/kg) | AV49: GIÁ VỐN ĐƠN VỊ (VND/kg) | AW49: LG | AX49: %LG
AR50: 2 | AS50: 2024 | AT50: =AT35 -> 0 | AU50: =BB35 -> 0 | AV50: =BF35 -> 0 | AW50: =AU50-AV50 -> 0 | AX50: =AW50/AU50 -> #DIV/0!
AR51: =AR50+1 -> 3 | AS51: 2025 | AT51: =AU35 -> 0 | AU51: =BC35 -> 0 | AV51: =BG35 -> 0 | AW51: =AU51-AV51 -> 0 | AX51: =AW51/AU51 -> #DIV/0!
AR52: =AR51+1 -> 4 | AS52: 2026 | AT52: =AV35 -> 0 | AU52: =BD35 -> 0 | AV52: =BH35 -> 0 | AW52: =AU52-AV52 -> 0 | AX52: =AW52/AU52 -> #DIV/0!
AR53: =AR52+1 -> 5
AR54: =AR53+1 -> 6
AS73: SẢN LƯỢNG (Tấn) | AT73: =AS35 -> 0 | AU73: =AS36 -> 0 | AV73: =AS37 -> 0 | AW73: =AS38 -> 0
AS74: =AS50 -> 2024 | AT74: =AT35 -> 0
AS75: =AS51 -> 2025 | AT75: =AU35 -> 0
AS76: =AS52 -> 2026 | AT76: =AV35 -> 0

Sheet Chart (Suntory)
BB1: 24858.781 | BC1: 25788.124 | BD1: 26183.994
B2: STT | C2: SẢN PHẨM | D2: SẢN LƯỢNG (Tấn) | AR2: STT | AS2: SẢN PHẨM | AT2: SẢN LƯỢNG (Tấn) | AX2: GIÁ BÁN (USD/TON) | BB2: GIÁ BÁN (VND/kg) | BF2: GIÁ VỐN ĐƠN VỊ (VND/kg) | BJ2: LG | BN2: % SL | BR2: % BIÊN LG
D3: 2024 | Q3: 2025 | AD3: 2026 | AT3: 2024 | AU3: 2025 | AV3: 2026 | AX3: 2024 | AY3: 2025 | AZ3: 2026 | BB3: 2024 | BC3: 2025 | BD3: 2026 | BF3: 2024 | BG3: 2025 | BH3: 2026 | BJ3: 2024 | BK3: 2025 | BL3: 2026 | BN3: 2024 | BO3: 2025 | BP3: 2026 | BR3: 2024 | BS3: 2025 | BT3: 2026
D4: 1 | E4: 2 | F4: 3 | G4: 4 | H4: 5 | I4: 6 | J4: 7 | K4: 8 | L4: 9 | M4: 10 | N4: 11 | O4: 12 | P4: TỔNG | Q4: 1 | R4: 2 | S4: 3 | T4: 4 | U4: 5 | V4: 6 | W4: 7 | X4: 8 | Y4: 9 | Z4: 10 | AA4: 11 | AB4: 12 | AC4: TỔNG | AD4: 1 | AE4: 2 | AF4: 3 | AG4: 4 | AH4: 5 | AI4: 6 | AJ4: 7 | AK4: 8 | AL4: 9 | AM4: 10 | AN4: 11 | AO4: 12 | AP4: TỔNG | AR4: 1 | AS4: Hạt iSS01084G | AT4: =GETPIVOTDATA("[Measures].[SL]",[4]Suntory!$A$3,"[dim_date].[Year]","[dim_date].[Year].&[2024]","[dim_SKU].[Tên SKU]","[dim_SKU].[Tên SKU].&[Hạt nhựa rPET iSS01084G]") -> 2573618.2 | AU4: =GETPIVOTDATA("[Measures].[SL]",[4]Suntory!$A$3,"[dim_date].[Year]","[dim_date].[Year].&[2025]","[dim_SKU].[Tên SKU]","[dim_SKU].[Tên SKU].&[Hạt nhựa rPET iSS01084G]") -> 5207904.7 | AV4: =GETPIVOTDATA("[Measures].[SL]",[4]Suntory!$A$3,"[dim_date].[Year]","[dim_date].[Year].&[2026]","[dim_SKU].[Tên SKU]","[dim_SKU].[Tên SKU].&[Hạt nhựa rPET iSS01084G]") -> 2953500 | AX4: =GETPIVOTDATA("[Measures].[GBTB EXW (USD/ton)]",[4]Suntory!$A$3,"[dim_date].[Year]","[dim_date].[Year].&[2024]","[dim_SKU].[Tên SKU]","[dim_SKU].[Tên SKU].&[Hạt nhựa rPET iSS01084G]") -> 1435.3074 | AY4: =GETPIVOTDATA("[Measures].[GBTB EXW (USD/ton)]",[4]Suntory!$A$3,"[dim_date].[Year]","[dim_date].[Year].&[2025]","[dim_SKU].[Tên SKU]","[dim_SKU].[Tên SKU].&[Hạt nhựa rPET iSS01084G]") -> 1343.1037 | AZ4: =GETPIVOTDATA("[Measures].[GBTB EXW (USD/ton)]",[4]Suntory!$A$3,"[dim_date].[Year]","[dim_date].[Year].&[2026]","[dim_SKU].[Tên SKU]","[dim_SKU].[Tên SKU].&[Hạt nhựa rPET iSS01084G]") -> 1170.8511 | BB4: =AX4*BB$1/1000 -> 35679.993 | BC4: =AY4*BC$1/1000 -> 34636.124 | BD4: =AZ4*BD$1/1000 -> 30657.559 | BF4: =GETPIVOTDATA("[Measures].[GVĐV (VND/kg)]",[4]Suntory!$A$3,"[dim_date].[Year]","[dim_date].[Year].&[2024]","[dim_SKU].[Tên SKU]","[dim_SKU].[Tên SKU].&[Hạt nhựa rPET iSS01084G]") -> 28107.031 | BG4: =GETPIVOTDATA("[Measures].[GVĐV (VND/kg)]",[4]Suntory!$A$3,"[dim_date].[Year]","[dim_date].[Year].&[2025]","[dim_SKU].[Tên SKU]","[dim_SKU].[Tên SKU].&[Hạt nhựa rPET iSS01084G]") -> 28425.138 | BH4: =GETPIVOTDATA("[Measures].[GVĐV (VND/kg)]",[4]Suntory!$A$3,"[dim_date].[Year]","[dim_date].[Year].&[2026]","[dim_SKU].[Tên SKU]","[dim_SKU].[Tên SKU].&[Hạt nhựa rPET iSS01084G]") -> 28606.267 | BJ4: =GETPIVOTDATA("[Measures].[LGĐV EXW (VND/kg)]",[4]Suntory!$A$3,"[dim_date].[Year]","[dim_date].[Year].&[2024]","[dim_SKU].[Tên SKU]","[dim_SKU].[Tên SKU].&[Hạt nhựa rPET iSS01084G]") -> 7764.8028 | BK4: =GETPIVOTDATA("[Measures].[LGĐV EXW (VND/kg)]",[4]Suntory!$A$3,"[dim_date].[Year]","[dim_date].[Year].&[2025]","[dim_SKU].[Tên SKU]","[dim_SKU].[Tên SKU].&[Hạt nhựa rPET iSS01084G]") -> 6359.8243 | BL4: =GETPIVOTDATA("[Measures].[LGĐV EXW (VND/kg)]",[4]Suntory!$A$3,"[dim_date].[Year]","[dim_date].[Year].&[2026]","[dim_SKU].[Tên SKU]","[dim_SKU].[Tên SKU].&[Hạt nhựa rPET iSS01084G]") -> 2084.8644 | BN4: 0.10673147 | BO4: 0.15279483 | BP4: 0.16131306 | BR4: =GETPIVOTDATA("[Measures].[%LG_EXW]",[4]Suntory!$A$3,"[dim_date].[Year]","[dim_date].[Year].&[2024]","[dim_SKU].[Tên SKU]","[dim_SKU].[Tên SKU].&[Hạt nhựa rPET iSS01084G]") -> 0.2164596 | BS4: =GETPIVOTDATA("[Measures].[%LG_EXW]",[4]Suntory!$A$3,"[dim_date].[Year]","[dim_date].[Year].&[2025]","[dim_SKU].[Tên SKU]","[dim_SKU].[Tên SKU].&[Hạt nhựa rPET iSS01084G]") -> 0.18283258 | BT4: =GETPIVOTDATA("[Measures].[%LG_EXW]",[4]Suntory!$A$3,"[dim_date].[Year]","[dim_date].[Year].&[2026]","[dim_SKU].[Tên SKU]","[dim_SKU].[Tên SKU].&[Hạt nhựa rPET iSS01084G]") -> 0.067930517
B5: 1 | C5: Hạt iSS01084G | D5: 203525 | E5: 209000 | F5: 48400 | G5: 160600 | H5: 88000 | I5: 211700 | J5: 70400 | K5: 722418.2 | L5: 373900 | M5: 399300 | N5: 681600 | O5: 617100 | P5: 3785943.2 | Q5: 388849.3 | R5: 660000 | S5: 419100 | T5: 531300 | U5: 556160.3 | V5: 486422.2 | W5: 248969.1 | X5: 835293 | Y5: 236500 | Z5: 382660 | AA5: 717340 | AB5: 946000 | AC5: 6408593.9 | AD5: 616000 | AE5: 398200 | AF5: 772200 | AG5: 880000 | AP5: 2666400 | AR5: 2 | AS5: Hạt iSS01G | AT5: =GETPIVOTDATA("[Measures].[SL]",[4]Suntory!$A$3,"[dim_date].[Year]","[dim_date].[Year].&[2024]","[dim_SKU].[Tên SKU]","[dim_SKU].[Tên SKU].&[Hạt nhựa rPET iSS01G 1]") -> 33000 | AU5: =GETPIVOTDATA("[Measures].[SL]",[4]Suntory!$A$3,"[dim_date].[Year]","[dim_date].[Year].&[2025]","[dim_SKU].[Tên SKU]","[dim_SKU].[Tên SKU].&[Hạt nhựa rPET iSS01G 1]") -> 160600 | AV5: =GETPIVOTDATA("[Measures].[SL]",[4]Suntory!$A$3,"[dim_date].[Year]","[dim_date].[Year].&[2026]","[dim_SKU].[Tên SKU]","[dim_SKU].[Tên SKU].&[Hạt nhựa rPET iSS01G 1]") -> 0 | AX5: =GETPIVOTDATA("[Measures].[GBTB EXW (USD/ton)]",[4]Suntory!$A$3,"[dim_date].[Year]","[dim_date].[Year].&[2024]","[dim_SKU].[Tên SKU]","[dim_SKU].[Tên SKU].&[Hạt nhựa rPET iSS01G 1]") -> 1125.8678 | AY5: =GETPIVOTDATA("[Measures].[GBTB EXW (USD/ton)]",[4]Suntory!$A$3,"[dim_date].[Year]","[dim_date].[Year].&[2025]","[dim_SKU].[Tên SKU]","[dim_SKU].[Tên SKU].&[Hạt nhựa rPET iSS01G 1]") -> 1392.9913 | AZ5: =GETPIVOTDATA("[Measures].[GBTB EXW (USD/ton)]",[4]Suntory!$A$3,"[dim_date].[Year]","[dim_date].[Year].&[2026]","[dim_SKU].[Tên SKU]","[dim_SKU].[Tên SKU].&[Hạt nhựa rPET iSS01G 1]") -> 0 | BB5: =AX5*BB$1/1000 -> 27987.701 | BC5: =AY5*BC$1/1000 -> 35922.633 | BD5: =AZ5*BD$1/1000 -> 0 | BF5: 23061.128 | BG5: 25770.08 | BH5: 26450.813 | BJ5: =GETPIVOTDATA("[Measures].[LGĐV EXW (VND/kg)]",[4]Suntory!$A$3,"[dim_date].[Year]","[dim_date].[Year].&[2024]","[dim_SKU].[Tên SKU]","[dim_SKU].[Tên SKU].&[Hạt nhựa rPET iSS01G 1]") -> 7592.6811 | BK5: =GETPIVOTDATA("[Measures].[LGĐV EXW (VND/kg)]",[4]Suntory!$A$3,"[dim_date].[Year]","[dim_date].[Year].&[2025]","[dim_SKU].[Tên SKU]","[dim_SKU].[Tên SKU].&[Hạt nhựa rPET iSS01G 1]") -> 9897.4232 | BL5: =GETPIVOTDATA("[Measures].[LGĐV EXW (VND/kg)]",[4]Suntory!$A$3,"[dim_date].[Year]","[dim_date].[Year].&[2026]","[dim_SKU].[Tên SKU]","[dim_SKU].[Tên SKU].&[Hạt nhựa rPET iSS01G 1]") -> 0 | BN5: 0.12444862 | BO5: 0.25815679 | BP5: 0.10209113 | BR5: =GETPIVOTDATA("[Measures].[%LG_EXW]",[4]Suntory!$A$3,"[dim_date].[Year]","[dim_date].[Year].&[2024]","[dim_SKU].[Tên SKU]","[dim_SKU].[Tên SKU].&[Hạt nhựa rPET iSS01G 1]") -> 0.25776363 | BS5: =GETPIVOTDATA("[Measures].[%LG_EXW]",[4]Suntory!$A$3,"[dim_date].[Year]","[dim_date].[Year].&[2025]","[dim_SKU].[Tên SKU]","[dim_SKU].[Tên SKU].&[Hạt nhựa rPET iSS01G 1]") -> 0.28119077 | BT5: =GETPIVOTDATA("[Measures].[%LG_EXW]",[4]Suntory!$A$3,"[dim_date].[Year]","[dim_date].[Year].&[2026]","[dim_SKU].[Tên SKU]","[dim_SKU].[Tên SKU].&[Hạt nhựa rPET iSS01G 1]") -> 0
B6: 2 | C6: Hạt iSS01G | D6: 902000 | E6: 44000 | F6: 666600 | G6: 668800 | H6: 23100 | I6: 92400 | J6: 6600 | K6: 631400 | L6: 884400 | M6: 314600 | N6: 172800 | O6: 7700 | P6: 4414400 | Q6: 143000 | R6: 2270400 | S6: 1786400 | T6: 1189600 | U6: 1854000 | V6: 1077435.8 | W6: 957000 | X6: 1287000 | Y6: 3300 | Z6: 49500 | AA6: 20900 | AB6: 189200 | AC6: 10827736 | AD6: 25300 | AE6: 492800 | AF6: 1065950 | AG6: 103450 | AP6: 1687500 | AR6: 3 | AS6: Hạt WSS01G | AT6: 19788700 | AU6: 19703925 | AV6: 8529600 | AX6: 1224.2712 | AY6: 1204.2756 | AZ6: 1113.4411 | BB6: =AX6*BB$1/1000 -> 30433.889 | BC6: =AY6*BC$1/1000 -> 31056.008 | BD6: =AZ6*BD$1/1000 -> 29154.336 | BF6: 24398.788 | BG6: 26749.126 | BH6: 26272.021 | BJ6: 6035.1009 | BK6: 4306.8816 | BL6: 2882.3153 | BN6: 0.5578734 | BO6: 0.46978446 | BP6: 0.51602755 | BR6: 0.19830199 | BS6: 0.13868111 | BT6: 0.098864034
B7: 3 | C7: Hạt WSS01G | D7: 1302400 | E7: 1709400 | F7: 1788900 | G7: 1463000 | H7: 2441800 | I7: 1150000 | J7: 1217900 | K7: 2181700 | L7: 2313800 | M7: 1567700 | N7: 926200 | O7: 1725900 | P7: 19788700 | Q7: 2850100 | R7: 2172500 | S7: 1581700 | T7: 1699500 | U7: 1785300 | V7: 1272725 | W7: 2068000 | X7: 1771300 | Y7: 1195100 | Z7: 1399200 | AA7: 816200 | AB7: 1092300 | AC7: 19703925 | AD7: 2674100 | AE7: 1868900 | AF7: 2057000 | AG7: 1929600 | AP7: 8529600 | AR7: 4 | AS7: Hạt WSS03G | AT7: 1740225 | AU7: 1235050 | AV7: 1246450 | AX7: 1068.9917 | AY7: 1091.0347 | AZ7: 1104.6328 | BB7: =AX7*BB$1/1000 -> 26573.83 | BC7: =AY7*BC$1/1000 -> 28135.738 | BD7: =AZ7*BD$1/1000 -> 28923.699 | BF7: 29230.613 | BG7: 25739.277 | BH7: 27210.348 | BJ7: -2656.7833 | BK7: 2396.4609 | BL7: 1713.3515 | BN7: 0.049059576 | BO7: 0.02944628 | BP7: 0.075408289 | BR7: -0.099977432 | BS7: 0.085174979 | BT7: 0.05923694
B8: 4 | C8: Hạt WSS03G | D8: 440000 | E8: 0 | F8: 176000 | G8: 441100 | H8: 330025 | I8: 110000 | J8: 1100 | K8: 5500 | L8: 88000 | M8: 147400 | N8: 0 | O8: 1100 | P8: 1740225 | Q8: 0 | R8: 45100 | S8: 231000 | T8: 154000 | U8: 11000 | V8: 44000 | W8: 374850 | X8: 44000 | Y8: 67100 | Z8: 264000 | AA8: 0 | AB8: 0 | AC8: 1235050 | AD8: 2200 | AE8: 5500 | AF8: 440150 | AG8: 798600 | AP8: 1246450 | AR8: 5 | AS8: Hạt WSS03G-PW | AT8: 2418500 | AU8: 660000 | AV8: 902000 | AX8: 1046.9519 | AY8: 974.95808 | AZ8: 1034.1907 | BB8: =AX8*BB$1/1000 -> 26025.947 | BC8: =AY8*BC$1/1000 -> 25142.339 | BD8: =AZ8*BD$1/1000 -> 27079.242 | BF8: 30566.452 | BG8: 25324.245 | BH8: 27142.653 | BJ8: -4540.5051 | BK8: -181.90601 | BL8: -63.410749 | BN8: 0.068181175 | BO8: 0.015735836 | BP8: 0.054569599 | BR8: -0.1744607 | BS8: -0.0072350472 | BT8: -0.0023416737
B9: 5 | C9: Hạt WSS03G-PW | D9: 0 | E9: 0 | F9: 0 | G9: 0 | H9: 0 | I9: 0 | J9: 211200 | K9: 887300 | L9: 660000 | M9: 660000 | N9: 0 | O9: 0 | P9: 2418500 | Q9: 0 | R9: 0 | S9: 0 | T9: 0 | U9: 0 | V9: 220000 | W9: 0 | X9: 220000 | Y9: 0 | Z9: 0 | AA9: 220000 | AB9: 0 | AC9: 660000 | AD9: 242000 | AE9: 0 | AF9: 220000 | AG9: 440000 | AP9: 902000 | AR9: 6 | AS9: Hạt WSS05SB (sợi ngắn) | AT9: 1362900 | AU9: 1543175 | AV9: 681800 | AX9: 697.49708 | AY9: 665.45032 | AZ9: 677.32982 | BB9: =AX9*BB$1/1000 -> 17338.927 | BC9: =AY9*BC$1/1000 -> 17160.715 | BD9: =AZ9*BD$1/1000 -> 17735.2 | BF9: 22643.13 | BG9: 26664.426 | BH9: 28400.674 | BJ9: -5304.2025 | BK9: -9503.7105 | BL9: -10665.474 | BN9: 0.038422213 | BO9: 0.036792651 | BP9: 0.041247841 | BR9: -0.30591295 | BS9: -0.55380621 | BT9: -0.60137322
B10: 6 | C10: Hạt WSS05SB (sợi ngắn) | D10: 0 | E10: 0 | F10: 0 | G10: 225500 | H10: 82500 | I10: 185900 | J10: 165000 | K10: 0 | L10: 220000 | M10: 231000 | N10: 11000 | O10: 242000 | P10: 1362900 | Q10: 11000 | R10: 16500 | S10: 33000 | T10: 0 | U10: 0 | V10: 146900 | W10: 567800 | X10: 321350 | Y10: 202650 | Z10: 194625 | AA10: 27300 | AB10: 22050 | AC10: 1543175 | AD10: 23100 | AE10: 67200 | AF10: 342500 | AG10: 249000 | AP10: 681800 | AR10: 7 | AS10: Vảy FPET201-Out | AT10: 0 | AU10: 20000 | AV10: 660000 | AX10: 0 | AY10: 913.20266 | AZ10: 766.66667 | BB10: =AX10*BB$1/1000 -> 0 | BC10: =AY10*BC$1/1000 -> 23549.783 | BD10: =AZ10*BD$1/1000 -> 20074.395 | BF10: 0 | BG10: 25925.006 | BH10: 20405 | BJ10: 0 | BK10: -2375.2229 | BL10: -330.60471 | BN10: 0 | BO10: 0.00047684353 | BP10: 0.039928975 | BR10: 0 | BS10: -0.10085965 | BT10: -0.016468975
B11: 7 | C11: Vảy FPET201-Out | D11: 0 | E11: 0 | F11: 0 | G11: 0 | H11: 0 | I11: 0 | J11: 0 | K11: 0 | L11: 0 | M11: 0 | N11: 0 | O11: 0 | P11: 0 | Q11: 0 | R11: 0 | S11: 0 | T11: 0 | U11: 0 | V11: 0 | W11: 0 | X11: 0 | Y11: 0 | Z11: 0 | AA11: 0 | AB11: 20000 | AC11: 20000 | AD11: 0 | AE11: 0 | AF11: 0 | AG11: 660000 | AP11: 660000 | AR11: 8 | AS11: Dây Đai | AT11: 1961000 | AU11: 1544000 | AV11: 155600 | AX11: 686.85725 | AY11: 665.25785 | AZ11: 617.53314 | BB11: =AX11*BB$1/1000 -> 17074.434 | BC11: =AY11*BC$1/1000 -> 17155.752 | BD11: =AZ11*BD$1/1000 -> 16169.484 | BF11: 23716.89 | BG11: 21106.547 | BH11: 21246.657 | BJ11: -6642.4556 | BK11: -3950.7957 | BL11: -5077.1727 | BN11: 0.055283557 | BO11: 0.03681232 | BP11: 0.0094135583 | BR11: -0.38902932 | BS11: -0.23028987 | BT11: -0.3139972
B12: 8 | C12: Dây Đai | D12: 0 | E12: 165000 | F12: 58000 | G12: 0 | H12: 222000 | I12: 511260 | J12: 180000 | K12: 380000 | L12: 0 | M12: 264740 | N12: 115000 | O12: 65000 | P12: 1961000 | Q12: 0 | R12: 386000 | S12: 140000 | T12: 120000 | U12: 80000 | V12: 100000 | W12: 20000 | X12: 80000 | Y12: 220000 | Z12: 138000 | AA12: 160000 | AB12: 100000 | AC12: 1544000 | AD12: 500 | AE12: 0 | AF12: 155100 | AG12: 0 | AP12: 155600
AS13: Hàng xơ sợi
AR14: 9 | AS14: Hạt WSS03NC
AR15: 10 | AS15: Hạt WSS04NC
AS17: Hạt iSS01084G
AR18: 1 | AT18: SẢN LƯỢNG (Tấn) | AU18: DOANH THU (VND/kg) | AV18: GIÁ VỐN ĐƠN VỊ (VND/kg) | AW18: LG | AX18: %LG
AR19: 2 | AS19: 2024 | AT19: =AT4 -> 2573618.2 | AU19: =BB4 -> 35679.993 | AV19: =BF4 -> 28107.031 | AW19: =AU19-AV19 -> 7572.9621 | AX19: =AW19/AU19 -> 0.21224673
AR20: =AR19+1 -> 3 | AS20: 2025 | AT20: =AU4 -> 5207904.7 | AU20: =BC4 -> 34636.124 | AV20: =BG4 -> 28425.138 | AW20: =AU20-AV20 -> 6210.9862 | AX20: =AW20/AU20 -> 0.17932105
AR21: =AR20+1 -> 4 | AS21: 2026 | AT21: =AV4 -> 2953500 | AU21: =BD4 -> 30657.559 | AV21: =BH4 -> 28606.267 | AW21: =AU21-AV21 -> 2051.2919 | AX21: =AW21/AU21 -> 0.066909826
AR22: =AR21+1 -> 5
AR23: =AR22+1 -> 6
AS42: SẢN LƯỢNG (Tấn) | AT42: =AS4 -> Hạt iSS01084G | AU42: =AS5 -> Hạt iSS01G | AV42: =AS6 -> Hạt WSS01G | AW42: =AS7 -> Hạt WSS03G
AS43: =AS19 -> 2024 | AT43: =AT4 -> 2573618.2
AS44: =AS20 -> 2025 | AT44: =AU4 -> 5207904.7
AS45: =AS21 -> 2026 | AT45: =AV4 -> 2953500
AS48: Hạt iSS01084G
AR49: 1 | AT49: SẢN LƯỢNG (Tấn) | AU49: DOANH THU (VND/kg) | AV49: GIÁ VỐN ĐƠN VỊ (VND/kg) | AW49: LG | AX49: %LG
AR50: 2 | AS50: 2024 | AT50: =AT35 -> 0 | AU50: =BB35 -> 0 | AV50: =BF35 -> 0 | AW50: =AU50-AV50 -> 0 | AX50: =AW50/AU50 -> #DIV/0!
AR51: =AR50+1 -> 3 | AS51: 2025 | AT51: =AU35 -> 0 | AU51: =BC35 -> 0 | AV51: =BG35 -> 0 | AW51: =AU51-AV51 -> 0 | AX51: =AW51/AU51 -> #DIV/0!
AR52: =AR51+1 -> 4 | AS52: 2026 | AT52: =AV35 -> 0 | AU52: =BD35 -> 0 | AV52: =BH35 -> 0 | AW52: =AU52-AV52 -> 0 | AX52: =AW52/AU52 -> #DIV/0!
AR53: =AR52+1 -> 5
AR54: =AR53+1 -> 6
AS73: SẢN LƯỢNG (Tấn) | AT73: =AS35 -> 0 | AU73: =AS36 -> 0 | AV73: =AS37 -> 0 | AW73: =AS38 -> 0
AS74: =AS50 -> 2024 | AT74: =AT35 -> 0
AS75: =AS51 -> 2025 | AT75: =AU35 -> 0
AS76: =AS52 -> 2026 | AT76: =AV35 -> 0

Sheet Chart FC
BB1: 24858.781 | BC1: 25788.124 | BD1: 26183.994
B2: STT | C2: SẢN PHẨM | D2: SẢN LƯỢNG (Tấn) | AR2: STT | AS2: SẢN PHẨM | AT2: SẢN LƯỢNG (Tấn) | AX2: GIÁ BÁN (USD/TON) | BB2: GIÁ BÁN (VND/kg) | BF2: GIÁ VỐN ĐƠN VỊ (VND/kg) | BJ2: LG | BN2: % SL | BR2: % BIÊN LG
D3: 2024 | Q3: 2025 | AD3: 2026 | AT3: 2024 | AU3: 2025 | AV3: 2026 | AX3: 2024 | AY3: 2025 | AZ3: 2026 | BB3: 2024 | BC3: 2025 | BD3: 2026 | BF3: 2024 | BG3: 2025 | BH3: 2026 | BJ3: 2024 | BK3: 2025 | BL3: 2026 | BN3: 2024 | BO3: 2025 | BP3: 2026 | BR3: 2024 | BS3: 2025 | BT3: 2026
D4: 1 | E4: 2 | F4: 3 | G4: 4 | H4: 5 | I4: 6 | J4: 7 | K4: 8 | L4: 9 | M4: 10 | N4: 11 | O4: 12 | P4: TỔNG | Q4: 1 | R4: 2 | S4: 3 | T4: 4 | U4: 5 | V4: 6 | W4: 7 | X4: 8 | Y4: 9 | Z4: 10 | AA4: 11 | AB4: 12 | AC4: TỔNG | AD4: 1 | AE4: 2 | AF4: 3 | AG4: 4 | AH4: 5 | AI4: 6 | AJ4: 7 | AK4: 8 | AL4: 9 | AM4: 10 | AN4: 11 | AO4: 12 | AP4: TỔNG | AR4: 1 | AS4: Hạt iSS01084G | AT4: 3785943.2 | AU4: 6408593.9 | AV4: 2666400 | AX4: 1396.9593 | AY4: 1345.2792 | AZ4: 1191.5563 | BB4: =AX4*BB$1/1000 -> 34726.706 | BC4: =AY4*BC$1/1000 -> 34692.227 | BD4: =AZ4*BD$1/1000 -> 31199.703 | BF4: 27271.253 | BG4: 28138.633 | BH4: 28651.781 | BJ4: 7455.4526 | BK4: 6553.5938 | BL4: 2547.9223 | BN4: 0.10673147 | BO4: 0.15279483 | BP4: 0.16131306 | BR4: 0.21468931 | BS4: 0.18890669 | BT4: 0.081664954
B5: 1 | C5: Hạt iSS01084G | D5: 203525 | E5: 209000 | F5: 48400 | G5: 160600 | H5: 88000 | I5: 211700 | J5: 70400 | K5: 722418.2 | L5: 373900 | M5: 399300 | N5: 681600 | O5: 617100 | P5: 3785943.2 | Q5: 388849.3 | R5: 660000 | S5: 419100 | T5: 531300 | U5: 556160.3 | V5: 486422.2 | W5: 248969.1 | X5: 835293 | Y5: 236500 | Z5: 382660 | AA5: 717340 | AB5: 946000 | AC5: 6408593.9 | AD5: 616000 | AE5: 398200 | AF5: 772200 | AG5: 880000 | AP5: 2666400 | AR5: 2 | AS5: Hạt iSS01G | AT5: 4414400 | AU5: 10827736 | AV5: 1687500 | AX5: 1223.1237 | AY5: 1238.0336 | AZ5: 1141.4236 | BB5: =AX5*BB$1/1000 -> 30405.366 | BC5: =AY5*BC$1/1000 -> 31926.562 | BD5: =AZ5*BD$1/1000 -> 29887.029 | BF5: 23061.128 | BG5: 25770.08 | BH5: 26450.813 | BJ5: 7344.2375 | BK5: 6156.4827 | BL5: 3436.2169 | BN5: 0.12444862 | BO5: 0.25815679 | BP5: 0.10209113 | BR5: 0.24154413 | BS5: 0.19283262 | BT5: 0.11497352
B6: 2 | C6: Hạt iSS01G | D6: 902000 | E6: 44000 | F6: 666600 | G6: 668800 | H6: 23100 | I6: 92400 | J6: 6600 | K6: 631400 | L6: 884400 | M6: 314600 | N6: 172800 | O6: 7700 | P6: 4414400 | Q6: 143000 | R6: 2270400 | S6: 1786400 | T6: 1189600 | U6: 1854000 | V6: 1077435.8 | W6: 957000 | X6: 1287000 | Y6: 3300 | Z6: 49500 | AA6: 20900 | AB6: 189200 | AC6: 10827736 | AD6: 25300 | AE6: 492800 | AF6: 1065950 | AG6: 103450 | AP6: 1687500 | AR6: 3 | AS6: Hạt WSS01G | AT6: 19788700 | AU6: 19703925 | AV6: 8529600 | AX6: 1224.2712 | AY6: 1204.2756 | AZ6: 1113.4411 | BB6: =AX6*BB$1/1000 -> 30433.889 | BC6: =AY6*BC$1/1000 -> 31056.008 | BD6: =AZ6*BD$1/1000 -> 29154.336 | BF6: 24398.788 | BG6: 26749.126 | BH6: 26272.021 | BJ6: 6035.1009 | BK6: 4306.8816 | BL6: 2882.3153 | BN6: 0.5578734 | BO6: 0.46978446 | BP6: 0.51602755 | BR6: 0.19830199 | BS6: 0.13868111 | BT6: 0.098864034
B7: 3 | C7: Hạt WSS01G | D7: 1302400 | E7: 1709400 | F7: 1788900 | G7: 1463000 | H7: 2441800 | I7: 1150000 | J7: 1217900 | K7: 2181700 | L7: 2313800 | M7: 1567700 | N7: 926200 | O7: 1725900 | P7: 19788700 | Q7: 2850100 | R7: 2172500 | S7: 1581700 | T7: 1699500 | U7: 1785300 | V7: 1272725 | W7: 2068000 | X7: 1771300 | Y7: 1195100 | Z7: 1399200 | AA7: 816200 | AB7: 1092300 | AC7: 19703925 | AD7: 2674100 | AE7: 1868900 | AF7: 2057000 | AG7: 1929600 | AP7: 8529600 | AR7: 4 | AS7: Hạt WSS03G | AT7: 1740225 | AU7: 1235050 | AV7: 1246450 | AX7: 1068.9917 | AY7: 1091.0347 | AZ7: 1104.6328 | BB7: =AX7*BB$1/1000 -> 26573.83 | BC7: =AY7*BC$1/1000 -> 28135.738 | BD7: =AZ7*BD$1/1000 -> 28923.699 | BF7: 29230.613 | BG7: 25739.277 | BH7: 27210.348 | BJ7: -2656.7833 | BK7: 2396.4609 | BL7: 1713.3515 | BN7: 0.049059576 | BO7: 0.02944628 | BP7: 0.075408289 | BR7: -0.099977432 | BS7: 0.085174979 | BT7: 0.05923694
B8: 4 | C8: Hạt WSS03G | D8: 440000 | E8: 0 | F8: 176000 | G8: 441100 | H8: 330025 | I8: 110000 | J8: 1100 | K8: 5500 | L8: 88000 | M8: 147400 | N8: 0 | O8: 1100 | P8: 1740225 | Q8: 0 | R8: 45100 | S8: 231000 | T8: 154000 | U8: 11000 | V8: 44000 | W8: 374850 | X8: 44000 | Y8: 67100 | Z8: 264000 | AA8: 0 | AB8: 0 | AC8: 1235050 | AD8: 2200 | AE8: 5500 | AF8: 440150 | AG8: 798600 | AP8: 1246450 | AR8: 5 | AS8: Hạt WSS03G-PW | AT8: 2418500 | AU8: 660000 | AV8: 902000 | AX8: 1046.9519 | AY8: 974.95808 | AZ8: 1034.1907 | BB8: =AX8*BB$1/1000 -> 26025.947 | BC8: =AY8*BC$1/1000 -> 25142.339 | BD8: =AZ8*BD$1/1000 -> 27079.242 | BF8: 30566.452 | BG8: 25324.245 | BH8: 27142.653 | BJ8: -4540.5051 | BK8: -181.90601 | BL8: -63.410749 | BN8: 0.068181175 | BO8: 0.015735836 | BP8: 0.054569599 | BR8: -0.1744607 | BS8: -0.0072350472 | BT8: -0.0023416737
B9: 5 | C9: Hạt WSS03G-PW | D9: 0 | E9: 0 | F9: 0 | G9: 0 | H9: 0 | I9: 0 | J9: 211200 | K9: 887300 | L9: 660000 | M9: 660000 | N9: 0 | O9: 0 | P9: 2418500 | Q9: 0 | R9: 0 | S9: 0 | T9: 0 | U9: 0 | V9: 220000 | W9: 0 | X9: 220000 | Y9: 0 | Z9: 0 | AA9: 220000 | AB9: 0 | AC9: 660000 | AD9: 242000 | AE9: 0 | AF9: 220000 | AG9: 440000 | AP9: 902000 | AR9: 6 | AS9: Hạt WSS05SB (sợi ngắn) | AT9: 1362900 | AU9: 1543175 | AV9: 681800 | AX9: 697.49708 | AY9: 665.45032 | AZ9: 677.32982 | BB9: =AX9*BB$1/1000 -> 17338.927 | BC9: =AY9*BC$1/1000 -> 17160.715 | BD9: =AZ9*BD$1/1000 -> 17735.2 | BF9: 22643.13 | BG9: 26664.426 | BH9: 28400.674 | BJ9: -5304.2025 | BK9: -9503.7105 | BL9: -10665.474 | BN9: 0.038422213 | BO9: 0.036792651 | BP9: 0.041247841 | BR9: -0.30591295 | BS9: -0.55380621 | BT9: -0.60137322
B10: 6 | C10: Hạt WSS05SB (sợi ngắn) | D10: 0 | E10: 0 | F10: 0 | G10: 225500 | H10: 82500 | I10: 185900 | J10: 165000 | K10: 0 | L10: 220000 | M10: 231000 | N10: 11000 | O10: 242000 | P10: 1362900 | Q10: 11000 | R10: 16500 | S10: 33000 | T10: 0 | U10: 0 | V10: 146900 | W10: 567800 | X10: 321350 | Y10: 202650 | Z10: 194625 | AA10: 27300 | AB10: 22050 | AC10: 1543175 | AD10: 23100 | AE10: 67200 | AF10: 342500 | AG10: 249000 | AP10: 681800 | AR10: 7 | AS10: Vảy FPET201-Out | AT10: 0 | AU10: 20000 | AV10: 660000 | AX10: 0 | AY10: 913.20266 | AZ10: 766.66667 | BB10: =AX10*BB$1/1000 -> 0 | BC10: =AY10*BC$1/1000 -> 23549.783 | BD10: =AZ10*BD$1/1000 -> 20074.395 | BF10: 0 | BG10: 25925.006 | BH10: 20405 | BJ10: 0 | BK10: -2375.2229 | BL10: -330.60471 | BN10: 0 | BO10: 0.00047684353 | BP10: 0.039928975 | BR10: 0 | BS10: -0.10085965 | BT10: -0.016468975
B11: 7 | C11: Vảy FPET201-Out | D11: 0 | E11: 0 | F11: 0 | G11: 0 | H11: 0 | I11: 0 | J11: 0 | K11: 0 | L11: 0 | M11: 0 | N11: 0 | O11: 0 | P11: 0 | Q11: 0 | R11: 0 | S11: 0 | T11: 0 | U11: 0 | V11: 0 | W11: 0 | X11: 0 | Y11: 0 | Z11: 0 | AA11: 0 | AB11: 20000 | AC11: 20000 | AD11: 0 | AE11: 0 | AF11: 0 | AG11: 660000 | AP11: 660000 | AR11: 8 | AS11: Dây Đai | AT11: 1961000 | AU11: 1544000 | AV11: 155600 | AX11: 686.85725 | AY11: 665.25785 | AZ11: 617.53314 | BB11: =AX11*BB$1/1000 -> 17074.434 | BC11: =AY11*BC$1/1000 -> 17155.752 | BD11: =AZ11*BD$1/1000 -> 16169.484 | BF11: 23716.89 | BG11: 21106.547 | BH11: 21246.657 | BJ11: -6642.4556 | BK11: -3950.7957 | BL11: -5077.1727 | BN11: 0.055283557 | BO11: 0.03681232 | BP11: 0.0094135583 | BR11: -0.38902932 | BS11: -0.23028987 | BT11: -0.3139972
B12: 8 | C12: Dây Đai | D12: 0 | E12: 165000 | F12: 58000 | G12: 0 | H12: 222000 | I12: 511260 | J12: 180000 | K12: 380000 | L12: 0 | M12: 264740 | N12: 115000 | O12: 65000 | P12: 1961000 | Q12: 0 | R12: 386000 | S12: 140000 | T12: 120000 | U12: 80000 | V12: 100000 | W12: 20000 | X12: 80000 | Y12: 220000 | Z12: 138000 | AA12: 160000 | AB12: 100000 | AC12: 1544000 | AD12: 500 | AE12: 0 | AF12: 155100 | AG12: 0 | AP12: 155600
AS13: Hàng xơ sợi
AR14: 9 | AS14: Hạt WSS03NC
AR15: 10 | AS15: Hạt WSS04NC
AS17: Hạt iSS01084G
AR18: 1 | AT18: SẢN LƯỢNG (Tấn) | AU18: DOANH THU (VND/kg) | AV18: GIÁ VỐN ĐƠN VỊ (VND/kg) | AW18: LG | AX18: %LG
AR19: 2 | AS19: 2024 | AT19: =AT4 -> 3785943.2 | AU19: =BB4 -> 34726.706 | AV19: =BF4 -> 27271.253 | AW19: =AU19-AV19 -> 7455.4526 | AX19: =AW19/AU19 -> 0.21468931
AR20: =AR19+1 -> 3 | AS20: 2025 | AT20: =AU4 -> 6408593.9 | AU20: =BC4 -> 34692.227 | AV20: =BG4 -> 28138.633 | AW20: =AU20-AV20 -> 6553.5938 | AX20: =AW20/AU20 -> 0.18890669
AR21: =AR20+1 -> 4 | AS21: 2026 | AT21: =AV4 -> 2666400 | AU21: =BD4 -> 31199.703 | AV21: =BH4 -> 28651.781 | AW21: =AU21-AV21 -> 2547.9223 | AX21: =AW21/AU21 -> 0.081664954
AR22: =AR21+1 -> 5
AR23: =AR22+1 -> 6
AS42: SẢN LƯỢNG (Tấn) | AT42: =AS4 -> Hạt iSS01084G | AU42: =AS5 -> Hạt iSS01G | AV42: =AS6 -> Hạt WSS01G | AW42: =AS7 -> Hạt WSS03G
AS43: =AS19 -> 2024 | AT43: =AT4 -> 3785943.2
AS44: =AS20 -> 2025 | AT44: =AU4 -> 6408593.9
AS45: =AS21 -> 2026 | AT45: =AV4 -> 2666400

Sheet Chart SL
B3: =Chart!$AR$2 -> STT | C3: =Chart!$AS$4 -> Hạt iSS01084G
D4: Hạt iSS01084G | E4: Hạt iSS01G | F4: Hạt WSS01G | G4: Hạt WSS03G | H4: CỘnng | I4: Hạt iSS01084G | J4: Hạt iSS01G | K4: Hạt WSS01G | L4: Hạt WSS03G | M4: CỘnng
B5: 1 | C5: 2024 | D5: =Chart!$AT$4 -> 3785943.2 | E5: =Chart!$AT$5 -> 4414400 | F5: =Chart!$AT$6 -> 19788700 | G5: =Chart!$AT$7 -> 1740225 | H5: =SUM(D5:G5) -> 29729268 | I5: =D5/$H5 -> 0.12734734 | J5: =E5/$H5 -> 0.14848667 | K5: =F5/$H5 -> 0.66563024 | L5: =G5/$H5 -> 0.05853575 | M5: =H5/$H5 -> 1
B6: 2 | C6: 2025 | D6: =Chart!$AU$4 -> 6408593.9 | E6: =Chart!$AU$5 -> 10827736 | F6: =Chart!$AU$6 -> 19703925 | G6: =Chart!$AU$7 -> 1235050 | H6: =SUM(D6:G6) -> 38175305 | I6: =D6/$H6 -> 0.16787276 | J6: =E6/$H6 -> 0.28363194 | K6: =F6/$H6 -> 0.51614323 | L6: =G6/$H6 -> 0.032352067 | M6: =H6/$H6 -> 1
B7: =B6+1 -> 3 | C7: 2026 | D7: =Chart!$AV$4 -> 2666400 | E7: =Chart!$AV$5 -> 1687500 | F7: =Chart!$AV$6 -> 8529600 | G7: =Chart!$AV$7 -> 1246450 | H7: =SUM(D7:G7) -> 14129950 | I7: =D7/$H7 -> 0.18870555 | J7: =E7/$H7 -> 0.11942717 | K7: =F7/$H7 -> 0.60365394 | L7: =G7/$H7 -> 0.088213334 | M7: =H7/$H7 -> 1
B8: =B7+1 -> 4 | C8: 2026 WF_TT | D8: =D7/4*12 -> 7999200 | E8: =E7/4*12 -> 5062500 | F8: =F7/4*12 -> 25588800 | G8: =G7/4*12 -> 3739350 | H8: =SUM(D8:G8) -> 42389850 | I8: =D8/$H8 -> 0.18870555 | J8: =E8/$H8 -> 0.11942717 | K8: =F8/$H8 -> 0.60365394 | L8: =G8/$H8 -> 0.088213334 | M8: =H8/$H8 -> 1
B9: =B8+1 -> 5 | C9: 2026 WF_KTQT | D9: =AVERAGE(D5:D6) -> 5097268.6 | E9: =AVERAGE(E5:E6) -> 7621067.9 | F9: =AVERAGE(F5:F6) -> 19746312 | G9: =AVERAGE(G5:G6) -> 1487637.5 | H9: =SUM(D9:G9) -> 33952286 | I9: =D9/$H9 -> 0.15013035 | J9: =E9/$H9 -> 0.22446406 | K9: =F9/$H9 -> 0.58159007 | L9: =G9/$H9 -> 0.043815532 | M9: =H9/$H9 -> 1
B10: =B9+1 -> 6 | F10: =D10-E10 -> 0
B39: =Chart!$AR$2 -> STT | C39: =Chart!$AS$4 -> Hạt iSS01084G
D40: Hạt iSS01084G | E40: Hạt iSS01G | F40: Hạt WSS01G | G40: Hạt WSS03G | H40: CỘnng | I40: Hạt iSS01084G | J40: Hạt iSS01G | K40: Hạt WSS01G | L40: Hạt WSS03G | M40: CỘnng
B41: 1 | C41: 2024 | D41: =Chart!$AT$4 -> 3785943.2 | E41: =Chart!$AT$5 -> 4414400 | F41: =Chart!$AT$6 -> 19788700 | G41: =Chart!$AT$7 -> 1740225 | H41: =SUM(D41:G41) -> 29729268 | I41: =D41/$H41 -> 0.12734734 | J41: =E41/$H41 -> 0.14848667 | K41: =F41/$H41 -> 0.66563024 | L41: =G41/$H41 -> 0.05853575 | M41: =H41/$H41 -> 1
B42: 2 | C42: 2025 | D42: =Chart!$AU$4 -> 6408593.9 | E42: =Chart!$AU$5 -> 10827736 | F42: =Chart!$AU$6 -> 19703925 | G42: =Chart!$AU$7 -> 1235050 | H42: =SUM(D42:G42) -> 38175305 | I42: =D42/$H42 -> 0.16787276 | J42: =E42/$H42 -> 0.28363194 | K42: =F42/$H42 -> 0.51614323 | L42: =G42/$H42 -> 0.032352067 | M42: =H42/$H42 -> 1
B43: =B42+1 -> 3 | C43: 2026 WF_TT | D43: ='[1]Hảo_R&D (Vảy sạch) (-PS)'!$BP$2*1000 -> 3666666.7 | E43: ='[1]Hảo_R&D (Vảy sạch) (-PS)'!$BP$3*1000 -> 7333333.3 | F43: ='[1]Hảo_R&D (Vảy sạch) (-PS)'!$BP$4*1000 -> 14666667 | G43: ='[1]Hảo_R&D (Vảy sạch) (-PS)'!$BP$5*1000 -> 3666666.7 | H43: =SUM(D43:G43) -> 29333333 | I43: =D43/$H43 -> 0.125 | J43: =E43/$H43 -> 0.25 | K43: =F43/$H43 -> 0.5 | L43: =G43/$H43 -> 0.125 | M43: =H43/$H43 -> 1
B44: =B43+1 -> 4 | C44: 2026 WF_KTQT | D44: =D8 -> 7999200 | E44: =E8 -> 5062500 | F44: =F8 -> 25588800 | G44: =G8 -> 3739350 | H44: =SUM(D44:G44) -> 42389850 | I44: =D44/$H44 -> 0.18870555 | J44: =E44/$H44 -> 0.11942717 | K44: =F44/$H44 -> 0.60365394 | L44: =G44/$H44 -> 0.088213334 | M44: =H44/$H44 -> 1
B45: =B44+1 -> 5 | F45: =D45-E45 -> 0

Sheet Chart 1
D1: =Chart!BB1 -> 24858.781 | E1: =Chart!BC1 -> 25788.124 | F1: =Chart!BD1 -> 26183.994
AJ3: =Chart!$AT$2 -> SẢN LƯỢNG (Tấn) | BA3: =Chart!$AT$2 -> SẢN LƯỢNG (Tấn) | BQ3: =Chart!$AT$2 -> SẢN LƯỢNG (Tấn)
B4: =Chart!$AR$2 -> STT | C4: =Chart!$AS$4 -> Hạt iSS01084G | M4: =Chart!$AR$2 -> STT | N4: =Chart!$AS$4 -> Hạt iSS01084G | W4: =Chart!$AR$2 -> STT | X4: =Chart!$AS$4 -> Hạt iSS01084G | AI4: STT | AJ4: Năm | AK4: =Chart!$AS$4 -> Hạt iSS01084G | AL4: =Chart!$AS$5 -> Hạt iSS01G | AM4: =Chart!$AS$6 -> Hạt WSS01G | AN4: =Chart!$AS$7 -> Hạt WSS03G | AO4: =Chart!$AS$8 -> Hạt WSS03G-PW | AP4: =Chart!$AS$9 -> Hạt WSS05SB (sợi ngắn) | AQ4: =Chart!$AS$10 -> Vảy FPET201-Out | AR4: =Chart!$AS$11 -> Dây Đai | AZ4: STT | BA4: Năm | BB4: =Chart!$AS$4 -> Hạt iSS01084G | BC4: =Chart!$AS$5 -> Hạt iSS01G | BD4: =Chart!$AS$6 -> Hạt WSS01G | BE4: =Chart!$AS$7 -> Hạt WSS03G | BF4: =Chart!$AS$8 -> Hạt WSS03G-PW | BG4: =Chart!$AS$9 -> Hạt WSS05SB (sợi ngắn) | BH4: =Chart!$AS$10 -> Vảy FPET201-Out | BI4: =Chart!$AS$11 -> Dây Đai | BP4: STT | BQ4: Năm | BR4: =Chart!$AS$4 -> Hạt iSS01084G | BS4: =Chart!$AS$5 -> Hạt iSS01G | BT4: =Chart!$AS$6 -> Hạt WSS01G | BU4: =Chart!$AS$7 -> Hạt WSS03G | BV4: =Chart!$AS$8 -> Hạt WSS03G-PW | BW4: =Chart!$AS$9 -> Hạt WSS05SB (sợi ngắn) | BX4: =Chart!$AS$10 -> Vảy FPET201-Out | BY4: =Chart!$AS$11 -> Dây Đai
D5: DOANH THU (VND/kg) | E5: GIÁ VỐN ĐƠN VỊ (VND/kg) | F5: LG | G5: %LG | O5: DOANH THU (VND/kg) | P5: GIÁ VỐN ĐƠN VỊ (VND/kg) | Q5: LG | R5: %LG | Y5: SẢN LƯỢNG (Tấn) | Z5: DOANH THU (VND/kg) | AA5: GIÁ VỐN ĐƠN VỊ (VND/kg) | AB5: LG | AC5: %LG | AI5: 1 | AJ5: =$X$6 -> 2024 | AK5: =Chart!$AT$4 -> 3785943.2 | AL5: =Chart!$AT$5 -> 4414400 | AM5: =Chart!$AT$6 -> 19788700 | AN5: =Chart!$AT$7 -> 1740225 | AO5: =Chart!$AT$8 -> 2418500 | AP5: =Chart!$AT$9 -> 1362900 | AQ5: =Chart!$AT$10 -> 0 | AR5: =Chart!$AT$11 -> 1961000 | AZ5: 1 | BA5: =$X$6 -> 2024 | BB5: =Chart!$AT$4/12 -> 315495.27 | BC5: =Chart!$AT$5/12 -> 367866.67 | BD5: =Chart!$AT$6/12 -> 1649058.3 | BE5: =Chart!$AT$7/12 -> 145018.75 | BF5: =Chart!$AT$8/12 -> 201541.67 | BG5: =Chart!$AT$9/12 -> 113575 | BH5: =Chart!$AT$10/12 -> 0 | BI5: =Chart!$AT$11/12 -> 163416.67 | BP5: 1 | BQ5: =$X$6 -> 2024 | BR5: =Chart!$AT$4 -> 3785943.2 | BS5: =Chart!$AT$5 -> 4414400 | BT5: =Chart!$AT$6 -> 19788700 | BU5: =Chart!$AT$7 -> 1740225 | BV5: =Chart!$AT$8 -> 2418500 | BW5: =Chart!$AT$9 -> 1362900 | BX5: =Chart!$AT$10 -> 0 | BY5: =Chart!$AT$11 -> 1961000
B6: 1 | C6: 2024 | D6: =O6/D$1*10^3 -> 1396.9593 | E6: =P6/E$1*10^3 -> 1057.5121 | F6: =D6-E6 -> 339.44718 | G6: =F6/D6 -> 0.24299003 | M6: 1 | N6: 2024 | O6: =Chart!$BB$4 -> 34726.706 | P6: =Chart!$BF$4 -> 27271.253 | Q6: =O6-P6 -> 7455.4526 | R6: =Q6/O6 -> 0.21468931 | W6: 1 | X6: 2024 | Y6: =Chart!$AT$4 -> 3785943.2 | Z6: =Chart!$BB$4 -> 34726.706 | AA6: =Chart!$BF$4 -> 27271.253 | AB6: =Z6-AA6 -> 7455.4526 | AC6: =AB6/Z6 -> 0.21468931 | AI6: 2 | AJ6: =$X$7 -> 2025 | AK6: =Chart!$AU$4 -> 6408593.9 | AL6: =Chart!$AU$5 -> 10827736 | AM6: =Chart!$AU$6 -> 19703925 | AN6: =Chart!$AU$7 -> 1235050 | AO6: =Chart!$AU$8 -> 660000 | AP6: =Chart!$AU$9 -> 1543175 | AQ6: =Chart!$AU$10 -> 20000 | AR6: =Chart!$AU$11 -> 1544000 | AZ6: 2 | BA6: =$X$7 -> 2025 | BB6: =Chart!$AU$4/12 -> 534049.49 | BC6: =Chart!$AU$5/12 -> 902311.32 | BD6: =Chart!$AU$6/12 -> 1641993.8 | BE6: =Chart!$AU$7/12 -> 102920.83 | BF6: =Chart!$AU$8/12 -> 55000 | BG6: =Chart!$AU$9/12 -> 128597.92 | BH6: =Chart!$AU$10/12 -> 1666.6667 | BI6: =Chart!$AU$11/12 -> 128666.67 | BP6: 2 | BQ6: =$X$7 -> 2025 | BR6: =Chart!$AU$4 -> 6408593.9 | BS6: =Chart!$AU$5 -> 10827736 | BT6: =Chart!$AU$6 -> 19703925 | BU6: =Chart!$AU$7 -> 1235050 | BV6: =Chart!$AU$8 -> 660000 | BW6: =Chart!$AU$9 -> 1543175 | BX6: =Chart!$AU$10 -> 20000 | BY6: =Chart!$AU$11 -> 1544000
B7: 2 | C7: 2025 | D7: =O7/D$1*10^3 -> 1395.5723 | E7: =P7/E$1*10^3 -> 1091.147 | F7: =D7-E7 -> 304.42533 | G7: =F7/D7 -> 0.21813655 | M7: 2 | N7: 2025 | O7: =Chart!$BC$4 -> 34692.227 | P7: =Chart!$BG$4 -> 28138.633 | Q7: =O7-P7 -> 6553.5938 | R7: =Q7/O7 -> 0.18890669 | W7: 2 | X7: 2025 | Y7: =Chart!$AU$4 -> 6408593.9 | Z7: =Chart!$BC$4 -> 34692.227 | AA7: =Chart!$BG$4 -> 28138.633 | AB7: =Z7-AA7 -> 6553.5938 | AC7: =AB7/Z7 -> 0.18890669 | AI7: 3 | AJ7: =$X$8 -> 2026 | AK7: =Chart!$AV$4 -> 2666400 | AL7: =Chart!$AV$5 -> 1687500 | AM7: =Chart!$AV$6 -> 8529600 | AN7: =Chart!$AV$7 -> 1246450 | AO7: =Chart!$AV$8 -> 902000 | AP7: =Chart!$AV$9 -> 681800 | AQ7: =Chart!$AV$10 -> 660000 | AR7: =Chart!$AV$11 -> 155600 | AZ7: 3 | BA7: =$X$8 -> 2026 | BB7: =Chart!$AV$4/4 -> 666600 | BC7: =Chart!$AV$5/4 -> 421875 | BD7: =Chart!$AV$6/4 -> 2132400 | BE7: =Chart!$AV$7/4 -> 311612.5 | BF7: =Chart!$AV$8/4 -> 225500 | BG7: =Chart!$AV$9/4 -> 170450 | BH7: =Chart!$AV$10/4 -> 165000 | BI7: =Chart!$AV$11/4 -> 38900 | BP7: 3 | BQ7: =$X$8 -> 2026 | BR7: =Chart!$AV$4/4*12 -> 7999200 | BS7: =Chart!$AV$5/4*12 -> 5062500 | BT7: =Chart!$AV$6/4*12 -> 25588800 | BU7: =Chart!$AV$7/4*12 -> 3739350 | BV7: =Chart!$AV$8/4*12 -> 2706000 | BW7: =Chart!$AV$9/4*12 -> 2045400 | BX7: =Chart!$AV$10/4*12 -> 1980000 | BY7: =Chart!$AV$11/4*12 -> 466800
B8: =B7+1 -> 3 | C8: 2026 | D8: =O8/D$1*10^3 -> 1255.0778 | E8: =P8/E$1*10^3 -> 1111.0456 | F8: =D8-E8 -> 144.03216 | G8: =F8/D8 -> 0.11475955 | M8: =M7+1 -> 3 | N8: 2026 | O8: =Chart!$BD$4 -> 31199.703 | P8: =Chart!$BH$4 -> 28651.781 | Q8: =O8-P8 -> 2547.9223 | R8: =Q8/O8 -> 0.081664954 | W8: =W7+1 -> 3 | X8: 2026 | Y8: =Chart!$AV$4 -> 2666400 | Z8: =Chart!$BD$4 -> 31199.703 | AA8: =Chart!$BH$4 -> 28651.781 | AB8: =Z8-AA8 -> 2547.9223 | AC8: =AB8/Z8 -> 0.081664954
B9: =B8+1 -> 4 | M9: =M8+1 -> 4 | W9: =W8+1 -> 4
B10: =B9+1 -> 5 | M10: =M9+1 -> 5 | W10: =W9+1 -> 5
B11: =B10+1 -> 6 | M11: =M10+1 -> 6 | W11: =W10+1 -> 6
AJ32: =Chart!$BB$2 -> GIÁ BÁN (VND/kg)
AI33: STT | AJ33: Năm | AK33: =Chart!$AS$4 -> Hạt iSS01084G | AL33: =Chart!$AS$5 -> Hạt iSS01G | AM33: =Chart!$AS$6 -> Hạt WSS01G | AN33: =Chart!$AS$7 -> Hạt WSS03G | AO33: =Chart!$AS$8 -> Hạt WSS03G-PW | AP33: =Chart!$AS$9 -> Hạt WSS05SB (sợi ngắn) | AQ33: =Chart!$AS$10 -> Vảy FPET201-Out | AR33: =Chart!$AS$11 -> Dây Đai
AI34: 1 | AJ34: =$X$6 -> 2024 | AK34: =Chart!$BB$4 -> 34726.706 | AL34: =Chart!$BB$5 -> 30405.366 | AM34: =Chart!$BB$6 -> 30433.889 | AN34: =Chart!$BB$7 -> 26573.83 | AO34: =Chart!$BB$8 -> 26025.947 | AP34: =Chart!$BB$9 -> 17338.927 | AQ34: =Chart!$BB$10 -> 0 | AR34: =Chart!$BB$11 -> 17074.434
AI35: 2 | AJ35: =$X$7 -> 2025 | AK35: =Chart!$BC$4 -> 34692.227 | AL35: =Chart!$BC$5 -> 31926.562 | AM35: =Chart!$BC$6 -> 31056.008 | AN35: =Chart!$BC$7 -> 28135.738 | AO35: =Chart!$BC$8 -> 25142.339 | AP35: =Chart!$BC$9 -> 17160.715 | AQ35: =Chart!$BC$10 -> 23549.783 | AR35: =Chart!$BC$11 -> 17155.752
AI36: 3 | AJ36: =$X$8 -> 2026 | AK36: =Chart!$BD$4 -> 31199.703 | AL36: =Chart!$BD$5 -> 29887.029 | AM36: =Chart!$BD$6 -> 29154.336 | AN36: =Chart!$BD$7 -> 28923.699 | AO36: =Chart!$BD$8 -> 27079.242 | AP36: =Chart!$BD$9 -> 17735.2 | AQ36: =Chart!$BD$10 -> 20074.395 | AR36: =Chart!$BD$11 -> 16169.484
B37: =Chart!$AR$2 -> STT | C37: =Chart!$AS$5 -> Hạt iSS01G | M37: =Chart!$AR$2 -> STT | N37: =Chart!$AS$5 -> Hạt iSS01G | W37: =Chart!$AR$2 -> STT | X37: =Chart!$AS$5 -> Hạt iSS01G
D38: DOANH THU (VND/kg) | E38: GIÁ VỐN ĐƠN VỊ (VND/kg) | F38: LG | G38: %LG | O38: DOANH THU (VND/kg) | P38: GIÁ VỐN ĐƠN VỊ (VND/kg) | Q38: LG | R38: %LG | Y38: SẢN LƯỢNG (Tấn) | Z38: DOANH THU (VND/kg) | AA38: GIÁ VỐN ĐƠN VỊ (VND/kg) | AB38: LG | AC38: %LG
B39: 1 | C39: 2024 | D39: =O39/D$1*10^3 -> 1223.1237 | E39: =P39/E$1*10^3 -> 894.25382 | F39: =D39-E39 -> 328.86992 | G39: =F39/D39 -> 0.26887706 | M39: 1 | N39: 2024 | O39: =Chart!$BB$5 -> 30405.366 | P39: =Chart!$BF$5 -> 23061.128 | Q39: =O39-P39 -> 7344.2375 | R39: =Q39/O39 -> 0.24154413 | W39: 1 | X39: 2024 | Y39: =Chart!$AT$5 -> 4414400 | Z39: =Chart!$BB$5 -> 30405.366 | AA39: =Chart!$BF$5 -> 23061.128 | AB39: =Z39-AA39 -> 7344.2375 | AC39: =AB39/Z39 -> 0.24154413
B40: 2 | C40: 2025 | D40: =O40/D$1*10^3 -> 1284.3173 | E40: =P40/E$1*10^3 -> 999.3003 | F40: =D40-E40 -> 285.01698 | G40: =F40/D40 -> 0.221921 | M40: 2 | N40: 2025 | O40: =Chart!$BC$5 -> 31926.562 | P40: =Chart!$BG$5 -> 25770.08 | Q40: =O40-P40 -> 6156.4827 | R40: =Q40/O40 -> 0.19283262 | W40: 2 | X40: 2025 | Y40: =Chart!$AU$5 -> 10827736 | Z40: =Chart!$BC$5 -> 31926.562 | AA40: =Chart!$BG$5 -> 25770.08 | AB40: =Z40-AA40 -> 6156.4827 | AC40: =AB40/Z40 -> 0.19283262
B41: =B40+1 -> 3 | C41: 2026 | D41: =O41/D$1*10^3 -> 1202.2725 | E41: =P41/E$1*10^3 -> 1025.6974 | F41: =D41-E41 -> 176.57506 | G41: =F41/D41 -> 0.14686775 | M41: =M40+1 -> 3 | N41: 2026 | O41: =Chart!$BD$5 -> 29887.029 | P41: =Chart!$BH$5 -> 26450.813 | Q41: =O41-P41 -> 3436.2169 | R41: =Q41/O41 -> 0.11497352 | W41: =W40+1 -> 3 | X41: 2026 | Y41: =Chart!$AV$5 -> 1687500 | Z41: =Chart!$BD$5 -> 29887.029 | AA41: =Chart!$BH$5 -> 26450.813 | AB41: =Z41-AA41 -> 3436.2169 | AC41: =AB41/Z41 -> 0.11497352
B42: =B41+1 -> 4 | C42: 2026 WF | D42: =[1]Chart!$BF$14 -> 1284.4979 | E42: =SUM([1]Chart!$BF$7:$BF$9) -> 1044.4979 | F42: =D42-E42 -> 240 | G42: =F42/D42 -> 0.18684344 | M42: =M41+1 -> 4 | N42: 2026 WF | O42: =[1]Chart!$BF$17 -> 0 | W42: =W41+1 -> 4
B43: =B42+1 -> 5 | M43: =M42+1 -> 5 | W43: =W42+1 -> 5
B44: =B43+1 -> 6 | M44: =M43+1 -> 6 | W44: =W43+1 -> 6
AJ64: =Chart!$BF$2 -> GIÁ VỐN ĐƠN VỊ (VND/kg)
AI65: STT | AJ65: Năm | AK65: =Chart!$AS$4 -> Hạt iSS01084G | AL65: =Chart!$AS$5 -> Hạt iSS01G | AM65: =Chart!$AS$6 -> Hạt WSS01G | AN65: =Chart!$AS$7 -> Hạt WSS03G | AO65: =Chart!$AS$8 -> Hạt WSS03G-PW | AP65: =Chart!$AS$9 -> Hạt WSS05SB (sợi ngắn) | AQ65: =Chart!$AS$10 -> Vảy FPET201-Out | AR65: =Chart!$AS$11 -> Dây Đai
AI66: 1 | AJ66: =$X$6 -> 2024 | AK66: =Chart!$BF$4 -> 27271.253 | AL66: =Chart!$BF$5 -> 23061.128 | AM66: =Chart!$BF$6 -> 24398.788 | AN66: =Chart!$BF$7 -> 29230.613 | AO66: =Chart!$BF$8 -> 30566.452 | AP66: =Chart!$BF$9 -> 22643.13 | AQ66: =Chart!$BF$10 -> 0 | AR66: =Chart!$BF$11 -> 23716.89
AI67: 2 | AJ67: =$X$7 -> 2025 | AK67: =Chart!$BG$4 -> 28138.633 | AL67: =Chart!$BG$5 -> 25770.08 | AM67: =Chart!$BG$6 -> 26749.126 | AN67: =Chart!$BG$7 -> 25739.277 | AO67: =Chart!$BG$8 -> 25324.245 | AP67: =Chart!$BG$9 -> 26664.426 | AQ67: =Chart!$BG$10 -> 25925.006 | AR67: =Chart!$BG$11 -> 21106.547
B68: =Chart!$AR$2 -> STT | C68: =Chart!$AS$6 -> Hạt WSS01G | M68: =Chart!$AR$2 -> STT | N68: =Chart!$AS$6 -> Hạt WSS01G | W68: =Chart!$AR$2 -> STT | X68: =Chart!$AS$6 -> Hạt WSS01G | AI68: 3 | AJ68: =$X$8 -> 2026 | AK68: =Chart!$BH$4 -> 28651.781 | AL68: =Chart!$BH$5 -> 26450.813 | AM68: =Chart!$BH$6 -> 26272.021 | AN68: =Chart!$BH$7 -> 27210.348 | AO68: =Chart!$BH$8 -> 27142.653 | AP68: =Chart!$BH$9 -> 28400.674 | AQ68: =Chart!$BH$10 -> 20405 | AR68: =Chart!$BH$11 -> 21246.657
D69: DOANH THU (VND/kg) | E69: GIÁ VỐN ĐƠN VỊ (VND/kg) | F69: LG | G69: %LG | O69: DOANH THU (VND/kg) | P69: GIÁ VỐN ĐƠN VỊ (VND/kg) | Q69: LG | R69: %LG | Y69: SẢN LƯỢNG (Tấn) | Z69: DOANH THU (VND/kg) | AA69: GIÁ VỐN ĐƠN VỊ (VND/kg) | AB69: LG | AC69: %LG
B70: 1 | C70: 2024 | D70: =O70/D$1*10^3 -> 1224.2712 | E70: =P70/E$1*10^3 -> 946.125 | F70: =D70-E70 -> 278.14617 | G70: =F70/D70 -> 0.22719327 | M70: 1 | N70: 2024 | O70: =Chart!$BB$6 -> 30433.889 | P70: =Chart!$BF$6 -> 24398.788 | Q70: =O70-P70 -> 6035.1009 | R70: =Q70/O70 -> 0.19830199 | W70: 1 | X70: 2024 | Y70: =Chart!$AT$6 -> 19788700 | Z70: =Chart!$BB$6 -> 30433.889 | AA70: =Chart!$BF$6 -> 24398.788 | AB70: =Z70-AA70 -> 6035.1009 | AC70: =AB70/Z70 -> 0.19830199
B71: 2 | C71: 2025 | D71: =O71/D$1*10^3 -> 1249.2973 | E71: =P71/E$1*10^3 -> 1037.2653 | F71: =D71-E71 -> 212.03196 | G71: =F71/D71 -> 0.16972098 | M71: 2 | N71: 2025 | O71: =Chart!$BC$6 -> 31056.008 | P71: =Chart!$BG$6 -> 26749.126 | Q71: =O71-P71 -> 4306.8816 | R71: =Q71/O71 -> 0.13868111 | W71: 2 | X71: 2025 | Y71: =Chart!$AU$6 -> 19703925 | Z71: =Chart!$BC$6 -> 31056.008 | AA71: =Chart!$BG$6 -> 26749.126 | AB71: =Z71-AA71 -> 4306.8816 | AC71: =AB71/Z71 -> 0.13868111
B72: =B71+1 -> 3 | C72: 2026 | D72: =O72/D$1*10^3 -> 1172.7983 | E72: =P72/E$1*10^3 -> 1018.7643 | F72: =D72-E72 -> 154.03394 | G72: =F72/D72 -> 0.13133882 | M72: =M71+1 -> 3 | N72: 2026 | O72: =Chart!$BD$6 -> 29154.336 | P72: =Chart!$BH$6 -> 26272.021 | Q72: =O72-P72 -> 2882.3153 | R72: =Q72/O72 -> 0.098864034 | W72: =W71+1 -> 3 | X72: 2026 | Y72: =Chart!$AV$6 -> 8529600 | Z72: =Chart!$BD$6 -> 29154.336 | AA72: =Chart!$BH$6 -> 26272.021 | AB72: =Z72-AA72 -> 2882.3153 | AC72: =AB72/Z72 -> 0.098864034
B73: =B72+1 -> 4 | M73: =M72+1 -> 4 | W73: =W72+1 -> 4
B74: =B73+1 -> 5 | M74: =M73+1 -> 5 | W74: =W73+1 -> 5
B75: =B74+1 -> 6 | M75: =M74+1 -> 6 | W75: =W74+1 -> 6
B99: =Chart!$AR$2 -> STT | C99: =Chart!$AS$7 -> Hạt WSS03G | M99: =Chart!$AR$2 -> STT | N99: =Chart!$AS$7 -> Hạt WSS03G | W99: =Chart!$AR$2 -> STT | X99: =Chart!$AS$7 -> Hạt WSS03G
D100: DOANH THU (VND/kg) | E100: GIÁ VỐN ĐƠN VỊ (VND/kg) | F100: LG | G100: %LG | O100: DOANH THU (VND/kg) | P100: GIÁ VỐN ĐƠN VỊ (VND/kg) | Q100: LG | R100: %LG | Y100: SẢN LƯỢNG (Tấn) | Z100: DOANH THU (VND/kg) | AA100: GIÁ VỐN ĐƠN VỊ (VND/kg) | AB100: LG | AC100: %LG
B101: 1 | C101: 2024 | D101: =O101/D$1*10^3 -> 1068.9917 | E101: =P101/E$1*10^3 -> 1133.4913 | F101: =D101-E101 -> -64.49962 | G101: =F101/D101 -> -0.060336878 | M101: 1 | N101: 2024 | O101: =Chart!$BB$7 -> 26573.83 | P101: =Chart!$BF$7 -> 29230.613 | Q101: =O101-P101 -> -2656.7833 | R101: =Q101/O101 -> -0.099977432 | W101: 1 | X101: 2024 | Y101: =Chart!$AT$7 -> 1740225 | Z101: =Chart!$BB$7 -> 26573.83 | AA101: =Chart!$BF$7 -> 29230.613 | AB101: =Z101-AA101 -> -2656.7833 | AC101: =AB101/Z101 -> -0.099977432
B102: 2 | C102: 2025 | D102: =O102/D$1*10^3 -> 1131.8229 | E102: =P102/E$1*10^3 -> 998.10587 | F102: =D102-E102 -> 133.71705 | G102: =F102/D102 -> 0.11814308 | M102: 2 | N102: 2025 | O102: =Chart!$BC$7 -> 28135.738 | P102: =Chart!$BG$7 -> 25739.277 | Q102: =O102-P102 -> 2396.4609 | R102: =Q102/O102 -> 0.085174979 | W102: 2 | X102: 2025 | Y102: =Chart!$AU$7 -> 1235050 | Z102: =Chart!$BC$7 -> 28135.738 | AA102: =Chart!$BG$7 -> 25739.277 | AB102: =Z102-AA102 -> 2396.4609 | AC102: =AB102/Z102 -> 0.085174979
B103: =B102+1 -> 3 | C103: 2026 | D103: =O103/D$1*10^3 -> 1163.5204 | E103: =P103/E$1*10^3 -> 1055.1504 | F103: =D103-E103 -> 108.37005 | G103: =F103/D103 -> 0.093139789 | M103: =M102+1 -> 3 | N103: 2026 | O103: =Chart!$BD$7 -> 28923.699 | P103: =Chart!$BH$7 -> 27210.348 | Q103: =O103-P103 -> 1713.3515 | R103: =Q103/O103 -> 0.05923694 | W103: =W102+1 -> 3 | X103: 2026 | Y103: =Chart!$AV$7 -> 1246450 | Z103: =Chart!$BD$7 -> 28923.699 | AA103: =Chart!$BH$7 -> 27210.348 | AB103: =Z103-AA103 -> 1713.3515 | AC103: =AB103/Z103 -> 0.05923694
B104: =B103+1 -> 4 | M104: =M103+1 -> 4 | W104: =W103+1 -> 4
B105: =B104+1 -> 5 | M105: =M104+1 -> 5 | W105: =W104+1 -> 5
B106: =B105+1 -> 6 | M106: =M105+1 -> 6 | W106: =W105+1 -> 6

Sheet Chart 2_Thi truong
D1: =Chart!BB1 -> 24858.781 | E1: =Chart!BC1 -> 25788.124 | F1: =Chart!BD1 -> 26183.994
AJ3: =Chart!$AT$2 -> SẢN LƯỢNG (Tấn) | BA3: =Chart!$AT$2 -> SẢN LƯỢNG (Tấn) | BQ3: =Chart!$AT$2 -> SẢN LƯỢNG (Tấn)
B4: =Chart!$AR$2 -> STT | C4: =Chart!$AS$4 -> Hạt iSS01084G | M4: =Chart!$AR$2 -> STT | N4: =Chart!$AS$4 -> Hạt iSS01084G | W4: =Chart!$AR$2 -> STT | X4: =Chart!$AS$4 -> Hạt iSS01084G | AI4: STT | AJ4: Năm | AK4: =Chart!$AS$4 -> Hạt iSS01084G | AL4: =Chart!$AS$5 -> Hạt iSS01G | AM4: =Chart!$AS$6 -> Hạt WSS01G | AN4: =Chart!$AS$7 -> Hạt WSS03G | AO4: =Chart!$AS$8 -> Hạt WSS03G-PW | AP4: =Chart!$AS$9 -> Hạt WSS05SB (sợi ngắn) | AQ4: =Chart!$AS$10 -> Vảy FPET201-Out | AR4: =Chart!$AS$11 -> Dây Đai | AZ4: STT | BA4: Năm | BB4: =Chart!$AS$4 -> Hạt iSS01084G | BC4: =Chart!$AS$5 -> Hạt iSS01G | BD4: =Chart!$AS$6 -> Hạt WSS01G | BE4: =Chart!$AS$7 -> Hạt WSS03G | BF4: =Chart!$AS$8 -> Hạt WSS03G-PW | BG4: =Chart!$AS$9 -> Hạt WSS05SB (sợi ngắn) | BH4: =Chart!$AS$10 -> Vảy FPET201-Out | BI4: =Chart!$AS$11 -> Dây Đai | BP4: STT | BQ4: Năm | BR4: =Chart!$AS$4 -> Hạt iSS01084G | BS4: =Chart!$AS$5 -> Hạt iSS01G | BT4: =Chart!$AS$6 -> Hạt WSS01G | BU4: =Chart!$AS$7 -> Hạt WSS03G | BV4: =Chart!$AS$8 -> Hạt WSS03G-PW | BW4: =Chart!$AS$9 -> Hạt WSS05SB (sợi ngắn) | BX4: =Chart!$AS$10 -> Vảy FPET201-Out | BY4: =Chart!$AS$11 -> Dây Đai
D5: DOANH THU (VND/kg) | E5: GIÁ VỐN ĐƠN VỊ (VND/kg) | F5: LG | G5: %LG | O5: DOANH THU (VND/kg) | P5: GIÁ VỐN ĐƠN VỊ (VND/kg) | Q5: LG | R5: %LG | Y5: SẢN LƯỢNG (Tấn) | Z5: DOANH THU (VND/kg) | AA5: GIÁ VỐN ĐƠN VỊ (VND/kg) | AB5: LG | AC5: %LG | AI5: 1 | AJ5: =$X$6 -> 2024 | AK5: =Chart!$AT$4 -> 3785943.2 | AL5: =Chart!$AT$5 -> 4414400 | AM5: =Chart!$AT$6 -> 19788700 | AN5: =Chart!$AT$7 -> 1740225 | AO5: =Chart!$AT$8 -> 2418500 | AP5: =Chart!$AT$9 -> 1362900 | AQ5: =Chart!$AT$10 -> 0 | AR5: =Chart!$AT$11 -> 1961000 | AZ5: 1 | BA5: =$X$6 -> 2024 | BB5: =Chart!$AT$4/12 -> 315495.27 | BC5: =Chart!$AT$5/12 -> 367866.67 | BD5: =Chart!$AT$6/12 -> 1649058.3 | BE5: =Chart!$AT$7/12 -> 145018.75 | BF5: =Chart!$AT$8/12 -> 201541.67 | BG5: =Chart!$AT$9/12 -> 113575 | BH5: =Chart!$AT$10/12 -> 0 | BI5: =Chart!$AT$11/12 -> 163416.67 | BP5: 1 | BQ5: =$X$6 -> 2024 | BR5: =Chart!$AT$4 -> 3785943.2 | BS5: =Chart!$AT$5 -> 4414400 | BT5: =Chart!$AT$6 -> 19788700 | BU5: =Chart!$AT$7 -> 1740225 | BV5: =Chart!$AT$8 -> 2418500 | BW5: =Chart!$AT$9 -> 1362900 | BX5: =Chart!$AT$10 -> 0 | BY5: =Chart!$AT$11 -> 1961000
B6: 1 | C6: 2024 | D6: =O6/D$1*10^3 -> 1396.9593 | E6: =P6/E$1*10^3 -> 1057.5121 | F6: =D6-E6 -> 339.44718 | G6: =F6/D6 -> 0.24299003 | M6: 1 | N6: 2024 | O6: =Chart!$BB$4 -> 34726.706 | P6: =Chart!$BF$4 -> 27271.253 | Q6: =O6-P6 -> 7455.4526 | R6: =Q6/O6 -> 0.21468931 | W6: 1 | X6: 2024 | Y6: =Chart!$AT$4 -> 3785943.2 | Z6: =Chart!$BB$4 -> 34726.706 | AA6: =Chart!$BF$4 -> 27271.253 | AB6: =Z6-AA6 -> 7455.4526 | AC6: =AB6/Z6 -> 0.21468931 | AI6: 2 | AJ6: =$X$7 -> 2025 | AK6: =Chart!$AU$4 -> 6408593.9 | AL6: =Chart!$AU$5 -> 10827736 | AM6: =Chart!$AU$6 -> 19703925 | AN6: =Chart!$AU$7 -> 1235050 | AO6: =Chart!$AU$8 -> 660000 | AP6: =Chart!$AU$9 -> 1543175 | AQ6: =Chart!$AU$10 -> 20000 | AR6: =Chart!$AU$11 -> 1544000 | AZ6: 2 | BA6: =$X$7 -> 2025 | BB6: =Chart!$AU$4/12 -> 534049.49 | BC6: =Chart!$AU$5/12 -> 902311.32 | BD6: =Chart!$AU$6/12 -> 1641993.8 | BE6: =Chart!$AU$7/12 -> 102920.83 | BF6: =Chart!$AU$8/12 -> 55000 | BG6: =Chart!$AU$9/12 -> 128597.92 | BH6: =Chart!$AU$10/12 -> 1666.6667 | BI6: =Chart!$AU$11/12 -> 128666.67 | BP6: 2 | BQ6: =$X$7 -> 2025 | BR6: =Chart!$AU$4 -> 6408593.9 | BS6: =Chart!$AU$5 -> 10827736 | BT6: =Chart!$AU$6 -> 19703925 | BU6: =Chart!$AU$7 -> 1235050 | BV6: =Chart!$AU$8 -> 660000 | BW6: =Chart!$AU$9 -> 1543175 | BX6: =Chart!$AU$10 -> 20000 | BY6: =Chart!$AU$11 -> 1544000
B7: 2 | C7: 2025 | D7: =O7/D$1*10^3 -> 1395.5723 | E7: =P7/E$1*10^3 -> 1091.147 | F7: =D7-E7 -> 304.42533 | G7: =F7/D7 -> 0.21813655 | M7: 2 | N7: 2025 | O7: =Chart!$BC$4 -> 34692.227 | P7: =Chart!$BG$4 -> 28138.633 | Q7: =O7-P7 -> 6553.5938 | R7: =Q7/O7 -> 0.18890669 | W7: 2 | X7: 2025 | Y7: =Chart!$AU$4 -> 6408593.9 | Z7: =Chart!$BC$4 -> 34692.227 | AA7: =Chart!$BG$4 -> 28138.633 | AB7: =Z7-AA7 -> 6553.5938 | AC7: =AB7/Z7 -> 0.18890669 | AI7: 3 | AJ7: =$X$8 -> 2026 | AK7: =Chart!$AV$4 -> 2666400 | AL7: =Chart!$AV$5 -> 1687500 | AM7: =Chart!$AV$6 -> 8529600 | AN7: =Chart!$AV$7 -> 1246450 | AO7: =Chart!$AV$8 -> 902000 | AP7: =Chart!$AV$9 -> 681800 | AQ7: =Chart!$AV$10 -> 660000 | AR7: =Chart!$AV$11 -> 155600 | AZ7: 3 | BA7: =$X$8 -> 2026 | BB7: =Chart!$AV$4/4 -> 666600 | BC7: =Chart!$AV$5/4 -> 421875 | BD7: =Chart!$AV$6/4 -> 2132400 | BE7: =Chart!$AV$7/4 -> 311612.5 | BF7: =Chart!$AV$8/4 -> 225500 | BG7: =Chart!$AV$9/4 -> 170450 | BH7: =Chart!$AV$10/4 -> 165000 | BI7: =Chart!$AV$11/4 -> 38900 | BP7: 3 | BQ7: =$X$8 -> 2026 | BR7: =Chart!$AV$4/4*12 -> 7999200 | BS7: =Chart!$AV$5/4*12 -> 5062500 | BT7: =Chart!$AV$6/4*12 -> 25588800 | BU7: =Chart!$AV$7/4*12 -> 3739350 | BV7: =Chart!$AV$8/4*12 -> 2706000 | BW7: =Chart!$AV$9/4*12 -> 2045400 | BX7: =Chart!$AV$10/4*12 -> 1980000 | BY7: =Chart!$AV$11/4*12 -> 466800
B8: =B7+1 -> 3 | C8: 2026 | D8: =O8/D$1*10^3 -> 1255.0778 | E8: =P8/E$1*10^3 -> 1111.0456 | F8: =D8-E8 -> 144.03216 | G8: =F8/D8 -> 0.11475955 | M8: =M7+1 -> 3 | N8: 2026 | O8: =Chart!$BD$4 -> 31199.703 | P8: =Chart!$BH$4 -> 28651.781 | Q8: =O8-P8 -> 2547.9223 | R8: =Q8/O8 -> 0.081664954 | W8: =W7+1 -> 3 | X8: 2026 | Y8: =Chart!$AV$4 -> 2666400 | Z8: =Chart!$BD$4 -> 31199.703 | AA8: =Chart!$BH$4 -> 28651.781 | AB8: =Z8-AA8 -> 2547.9223 | AC8: =AB8/Z8 -> 0.081664954
B9: =B8+1 -> 4 | C9: 2026 WF_TT | D9: =[1]Chart!$BF$14 -> 1284.4979 | E9: =SUM([1]Chart!$BF$7:$BF$9) -> 1044.4979 | F9: =D9-E9 -> 240 | G9: =F9/D9 -> 0.18684344 | M9: =M8+1 -> 4 | N9: 2026 WF_TT | O9: =[1]Chart!$BF$14 -> 1284.4979 | P9: =SUM([1]Chart!$BF$7:$BF$9) -> 1044.4979 | Q9: =O9-P9 -> 240 | R9: =Q9/O9 -> 0.18684344 | W9: =W8+1 -> 4
B10: =B9+1 -> 5 | M10: =M9+1 -> 5 | W10: =W9+1 -> 5
B11: =B10+1 -> 6 | M11: =M10+1 -> 6 | W11: =W10+1 -> 6
AJ32: =Chart!$BB$2 -> GIÁ BÁN (VND/kg)
AI33: STT | AJ33: Năm | AK33: =Chart!$AS$4 -> Hạt iSS01084G | AL33: =Chart!$AS$5 -> Hạt iSS01G | AM33: =Chart!$AS$6 -> Hạt WSS01G | AN33: =Chart!$AS$7 -> Hạt WSS03G | AO33: =Chart!$AS$8 -> Hạt WSS03G-PW | AP33: =Chart!$AS$9 -> Hạt WSS05SB (sợi ngắn) | AQ33: =Chart!$AS$10 -> Vảy FPET201-Out | AR33: =Chart!$AS$11 -> Dây Đai
AI34: 1 | AJ34: =$X$6 -> 2024 | AK34: =Chart!$BB$4 -> 34726.706 | AL34: =Chart!$BB$5 -> 30405.366 | AM34: =Chart!$BB$6 -> 30433.889 | AN34: =Chart!$BB$7 -> 26573.83 | AO34: =Chart!$BB$8 -> 26025.947 | AP34: =Chart!$BB$9 -> 17338.927 | AQ34: =Chart!$BB$10 -> 0 | AR34: =Chart!$BB$11 -> 17074.434
AI35: 2 | AJ35: =$X$7 -> 2025 | AK35: =Chart!$BC$4 -> 34692.227 | AL35: =Chart!$BC$5 -> 31926.562 | AM35: =Chart!$BC$6 -> 31056.008 | AN35: =Chart!$BC$7 -> 28135.738 | AO35: =Chart!$BC$8 -> 25142.339 | AP35: =Chart!$BC$9 -> 17160.715 | AQ35: =Chart!$BC$10 -> 23549.783 | AR35: =Chart!$BC$11 -> 17155.752
AI36: 3 | AJ36: =$X$8 -> 2026 | AK36: =Chart!$BD$4 -> 31199.703 | AL36: =Chart!$BD$5 -> 29887.029 | AM36: =Chart!$BD$6 -> 29154.336 | AN36: =Chart!$BD$7 -> 28923.699 | AO36: =Chart!$BD$8 -> 27079.242 | AP36: =Chart!$BD$9 -> 17735.2 | AQ36: =Chart!$BD$10 -> 20074.395 | AR36: =Chart!$BD$11 -> 16169.484
B37: =Chart!$AR$2 -> STT | C37: =Chart!$AS$5 -> Hạt iSS01G | M37: =Chart!$AR$2 -> STT | N37: =Chart!$AS$5 -> Hạt iSS01G | W37: =Chart!$AR$2 -> STT | X37: =Chart!$AS$5 -> Hạt iSS01G
D38: DOANH THU (VND/kg) | E38: GIÁ VỐN ĐƠN VỊ (VND/kg) | F38: LG | G38: %LG | O38: DOANH THU (VND/kg) | P38: GIÁ VỐN ĐƠN VỊ (VND/kg) | Q38: LG | R38: %LG | Y38: SẢN LƯỢNG (Tấn) | Z38: DOANH THU (VND/kg) | AA38: GIÁ VỐN ĐƠN VỊ (VND/kg) | AB38: LG | AC38: %LG
B39: 1 | C39: 2024 | D39: =O39/D$1*10^3 -> 1223.1237 | E39: =P39/E$1*10^3 -> 894.25382 | F39: =D39-E39 -> 328.86992 | G39: =F39/D39 -> 0.26887706 | M39: 1 | N39: 2024 | O39: =Chart!$BB$5 -> 30405.366 | P39: =Chart!$BF$5 -> 23061.128 | Q39: =O39-P39 -> 7344.2375 | R39: =Q39/O39 -> 0.24154413 | W39: 1 | X39: 2024 | Y39: =Chart!$AT$5 -> 4414400 | Z39: =Chart!$BB$5 -> 30405.366 | AA39: =Chart!$BF$5 -> 23061.128 | AB39: =Z39-AA39 -> 7344.2375 | AC39: =AB39/Z39 -> 0.24154413
B40: 2 | C40: 2025 | D40: =O40/D$1*10^3 -> 1284.3173 | E40: =P40/E$1*10^3 -> 999.3003 | F40: =D40-E40 -> 285.01698 | G40: =F40/D40 -> 0.221921 | M40: 2 | N40: 2025 | O40: =Chart!$BC$5 -> 31926.562 | P40: =Chart!$BG$5 -> 25770.08 | Q40: =O40-P40 -> 6156.4827 | R40: =Q40/O40 -> 0.19283262 | W40: 2 | X40: 2025 | Y40: =Chart!$AU$5 -> 10827736 | Z40: =Chart!$BC$5 -> 31926.562 | AA40: =Chart!$BG$5 -> 25770.08 | AB40: =Z40-AA40 -> 6156.4827 | AC40: =AB40/Z40 -> 0.19283262
B41: =B40+1 -> 3 | C41: 2026 | D41: =O41/D$1*10^3 -> 1202.2725 | E41: =P41/E$1*10^3 -> 1025.6974 | F41: =D41-E41 -> 176.57506 | G41: =F41/D41 -> 0.14686775 | M41: =M40+1 -> 3 | N41: 2026 | O41: =Chart!$BD$5 -> 29887.029 | P41: =Chart!$BH$5 -> 26450.813 | Q41: =O41-P41 -> 3436.2169 | R41: =Q41/O41 -> 0.11497352 | W41: =W40+1 -> 3 | X41: 2026 | Y41: =Chart!$AV$5 -> 1687500 | Z41: =Chart!$BD$5 -> 29887.029 | AA41: =Chart!$BH$5 -> 26450.813 | AB41: =Z41-AA41 -> 3436.2169 | AC41: =AB41/Z41 -> 0.11497352
B42: =B41+1 -> 4 | C42: 2026 WF_TT | D42: =[1]Chart!$BF$53 -> 1234.6978 | E42: =SUM([1]Chart!$BF$46:$BF$48) -> 1024.6978 | F42: =D42-E42 -> 210 | G42: =F42/D42 -> 0.17008211 | M42: =M41+1 -> 4 | N42: 2026 WF | O42: =[1]Chart!$BF$17 -> 0 | W42: =W41+1 -> 4
B43: =B42+1 -> 5 | M43: =M42+1 -> 5 | W43: =W42+1 -> 5
B44: =B43+1 -> 6 | M44: =M43+1 -> 6 | W44: =W43+1 -> 6
AJ64: =Chart!$BF$2 -> GIÁ VỐN ĐƠN VỊ (VND/kg)
AI65: STT | AJ65: Năm | AK65: =Chart!$AS$4 -> Hạt iSS01084G | AL65: =Chart!$AS$5 -> Hạt iSS01G | AM65: =Chart!$AS$6 -> Hạt WSS01G | AN65: =Chart!$AS$7 -> Hạt WSS03G | AO65: =Chart!$AS$8 -> Hạt WSS03G-PW | AP65: =Chart!$AS$9 -> Hạt WSS05SB (sợi ngắn) | AQ65: =Chart!$AS$10 -> Vảy FPET201-Out | AR65: =Chart!$AS$11 -> Dây Đai
AI66: 1 | AJ66: =$X$6 -> 2024 | AK66: =Chart!$BF$4 -> 27271.253 | AL66: =Chart!$BF$5 -> 23061.128 | AM66: =Chart!$BF$6 -> 24398.788 | AN66: =Chart!$BF$7 -> 29230.613 | AO66: =Chart!$BF$8 -> 30566.452 | AP66: =Chart!$BF$9 -> 22643.13 | AQ66: =Chart!$BF$10 -> 0 | AR66: =Chart!$BF$11 -> 23716.89
AI67: 2 | AJ67: =$X$7 -> 2025 | AK67: =Chart!$BG$4 -> 28138.633 | AL67: =Chart!$BG$5 -> 25770.08 | AM67: =Chart!$BG$6 -> 26749.126 | AN67: =Chart!$BG$7 -> 25739.277 | AO67: =Chart!$BG$8 -> 25324.245 | AP67: =Chart!$BG$9 -> 26664.426 | AQ67: =Chart!$BG$10 -> 25925.006 | AR67: =Chart!$BG$11 -> 21106.547
B68: =Chart!$AR$2 -> STT | C68: =Chart!$AS$6 -> Hạt WSS01G | M68: =Chart!$AR$2 -> STT | N68: =Chart!$AS$6 -> Hạt WSS01G | W68: =Chart!$AR$2 -> STT | X68: =Chart!$AS$6 -> Hạt WSS01G | AI68: 3 | AJ68: =$X$8 -> 2026 | AK68: =Chart!$BH$4 -> 28651.781 | AL68: =Chart!$BH$5 -> 26450.813 | AM68: =Chart!$BH$6 -> 26272.021 | AN68: =Chart!$BH$7 -> 27210.348 | AO68: =Chart!$BH$8 -> 27142.653 | AP68: =Chart!$BH$9 -> 28400.674 | AQ68: =Chart!$BH$10 -> 20405 | AR68: =Chart!$BH$11 -> 21246.657
D69: DOANH THU (VND/kg) | E69: GIÁ VỐN ĐƠN VỊ (VND/kg) | F69: LG | G69: %LG | O69: DOANH THU (VND/kg) | P69: GIÁ VỐN ĐƠN VỊ (VND/kg) | Q69: LG | R69: %LG | Y69: SẢN LƯỢNG (Tấn) | Z69: DOANH THU (VND/kg) | AA69: GIÁ VỐN ĐƠN VỊ (VND/kg) | AB69: LG | AC69: %LG
B70: 1 | C70: 2024 | D70: =O70/D$1*10^3 -> 1224.2712 | E70: =P70/E$1*10^3 -> 946.125 | F70: =D70-E70 -> 278.14617 | G70: =F70/D70 -> 0.22719327 | M70: 1 | N70: 2024 | O70: =Chart!$BB$6 -> 30433.889 | P70: =Chart!$BF$6 -> 24398.788 | Q70: =O70-P70 -> 6035.1009 | R70: =Q70/O70 -> 0.19830199 | W70: 1 | X70: 2024 | Y70: =Chart!$AT$6 -> 19788700 | Z70: =Chart!$BB$6 -> 30433.889 | AA70: =Chart!$BF$6 -> 24398.788 | AB70: =Z70-AA70 -> 6035.1009 | AC70: =AB70/Z70 -> 0.19830199
B71: 2 | C71: 2025 | D71: =O71/D$1*10^3 -> 1249.2973 | E71: =P71/E$1*10^3 -> 1037.2653 | F71: =D71-E71 -> 212.03196 | G71: =F71/D71 -> 0.16972098 | M71: 2 | N71: 2025 | O71: =Chart!$BC$6 -> 31056.008 | P71: =Chart!$BG$6 -> 26749.126 | Q71: =O71-P71 -> 4306.8816 | R71: =Q71/O71 -> 0.13868111 | W71: 2 | X71: 2025 | Y71: =Chart!$AU$6 -> 19703925 | Z71: =Chart!$BC$6 -> 31056.008 | AA71: =Chart!$BG$6 -> 26749.126 | AB71: =Z71-AA71 -> 4306.8816 | AC71: =AB71/Z71 -> 0.13868111
B72: =B71+1 -> 3 | C72: 2026 | D72: =O72/D$1*10^3 -> 1172.7983 | E72: =P72/E$1*10^3 -> 1018.7643 | F72: =D72-E72 -> 154.03394 | G72: =F72/D72 -> 0.13133882 | M72: =M71+1 -> 3 | N72: 2026 | O72: =Chart!$BD$6 -> 29154.336 | P72: =Chart!$BH$6 -> 26272.021 | Q72: =O72-P72 -> 2882.3153 | R72: =Q72/O72 -> 0.098864034 | W72: =W71+1 -> 3 | X72: 2026 | Y72: =Chart!$AV$6 -> 8529600 | Z72: =Chart!$BD$6 -> 29154.336 | AA72: =Chart!$BH$6 -> 26272.021 | AB72: =Z72-AA72 -> 2882.3153 | AC72: =AB72/Z72 -> 0.098864034
B73: =B72+1 -> 4 | C73: 2026 WF_TT | D73: =[1]Chart!$BF$89 -> 1156.6078 | E73: =SUM([1]Chart!$BF$82:$BF$84) -> 966.60784 | F73: =D73-E73 -> 190 | G73: =F73/D73 -> 0.16427349 | M73: =M72+1 -> 4 | W73: =W72+1 -> 4
B74: =B73+1 -> 5 | M74: =M73+1 -> 5 | W74: =W73+1 -> 5
B75: =B74+1 -> 6 | M75: =M74+1 -> 6 | W75: =W74+1 -> 6
B99: =Chart!$AR$2 -> STT | C99: =Chart!$AS$7 -> Hạt WSS03G | M99: =Chart!$AR$2 -> STT | N99: =Chart!$AS$7 -> Hạt WSS03G | W99: =Chart!$AR$2 -> STT | X99: =Chart!$AS$7 -> Hạt WSS03G
D100: DOANH THU (VND/kg) | E100: GIÁ VỐN ĐƠN VỊ (VND/kg) | F100: LG | G100: %LG | O100: DOANH THU (VND/kg) | P100: GIÁ VỐN ĐƠN VỊ (VND/kg) | Q100: LG | R100: %LG | Y100: SẢN LƯỢNG (Tấn) | Z100: DOANH THU (VND/kg) | AA100: GIÁ VỐN ĐƠN VỊ (VND/kg) | AB100: LG | AC100: %LG
B101: 1 | C101: 2024 | D101: =O101/D$1*10^3 -> 1068.9917 | E101: =P101/E$1*10^3 -> 1133.4913 | F101: =D101-E101 -> -64.49962 | G101: =F101/D101 -> -0.060336878 | M101: 1 | N101: 2024 | O101: =Chart!$BB$7 -> 26573.83 | P101: =Chart!$BF$7 -> 29230.613 | Q101: =O101-P101 -> -2656.7833 | R101: =Q101/O101 -> -0.099977432 | W101: 1 | X101: 2024 | Y101: =Chart!$AT$7 -> 1740225 | Z101: =Chart!$BB$7 -> 26573.83 | AA101: =Chart!$BF$7 -> 29230.613 | AB101: =Z101-AA101 -> -2656.7833 | AC101: =AB101/Z101 -> -0.099977432
B102: 2 | C102: 2025 | D102: =O102/D$1*10^3 -> 1131.8229 | E102: =P102/E$1*10^3 -> 998.10587 | F102: =D102-E102 -> 133.71705 | G102: =F102/D102 -> 0.11814308 | M102: 2 | N102: 2025 | O102: =Chart!$BC$7 -> 28135.738 | P102: =Chart!$BG$7 -> 25739.277 | Q102: =O102-P102 -> 2396.4609 | R102: =Q102/O102 -> 0.085174979 | W102: 2 | X102: 2025 | Y102: =Chart!$AU$7 -> 1235050 | Z102: =Chart!$BC$7 -> 28135.738 | AA102: =Chart!$BG$7 -> 25739.277 | AB102: =Z102-AA102 -> 2396.4609 | AC102: =AB102/Z102 -> 0.085174979
B103: =B102+1 -> 3 | C103: 2026 | D103: =O103/D$1*10^3 -> 1163.5204 | E103: =P103/E$1*10^3 -> 1055.1504 | F103: =D103-E103 -> 108.37005 | G103: =F103/D103 -> 0.093139789 | M103: =M102+1 -> 3 | N103: 2026 | O103: =Chart!$BD$7 -> 28923.699 | P103: =Chart!$BH$7 -> 27210.348 | Q103: =O103-P103 -> 1713.3515 | R103: =Q103/O103 -> 0.05923694 | W103: =W102+1 -> 3 | X103: 2026 | Y103: =Chart!$AV$7 -> 1246450 | Z103: =Chart!$BD$7 -> 28923.699 | AA103: =Chart!$BH$7 -> 27210.348 | AB103: =Z103-AA103 -> 1713.3515 | AC103: =AB103/Z103 -> 0.05923694
B104: =B103+1 -> 4 | C104: 2026 WF_TT | D104: =[1]Chart!$BF$134 -> 1134.591 | E104: =SUM([1]Chart!$BF$127:$BF$129) -> 944.591 | F104: =D104-E104 -> 190 | G104: =F104/D104 -> 0.16746123 | M104: =M103+1 -> 4 | W104: =W103+1 -> 4
B105: =B104+1 -> 5 | M105: =M104+1 -> 5 | W105: =W104+1 -> 5
B106: =B105+1 -> 6 | M106: =M105+1 -> 6 | W106: =W105+1 -> 6

Sheet Chart 2_KTQT
D1: =Chart!BB1 -> 24858.781 | E1: =Chart!BC1 -> 25788.124 | F1: =Chart!BD1 -> 26183.994
AJ3: =Chart!$AT$2 -> SẢN LƯỢNG (Tấn) | BA3: =Chart!$AT$2 -> SẢN LƯỢNG (Tấn) | BQ3: =Chart!$AT$2 -> SẢN LƯỢNG (Tấn)
B4: =Chart!$AR$2 -> STT | C4: =Chart!$AS$4 -> Hạt iSS01084G | M4: =Chart!$AR$2 -> STT | N4: =Chart!$AS$4 -> Hạt iSS01084G | W4: =Chart!$AR$2 -> STT | X4: =Chart!$AS$4 -> Hạt iSS01084G | AI4: STT | AJ4: Năm | AK4: =Chart!$AS$4 -> Hạt iSS01084G | AL4: =Chart!$AS$5 -> Hạt iSS01G | AM4: =Chart!$AS$6 -> Hạt WSS01G | AN4: =Chart!$AS$7 -> Hạt WSS03G | AO4: =Chart!$AS$8 -> Hạt WSS03G-PW | AP4: =Chart!$AS$9 -> Hạt WSS05SB (sợi ngắn) | AQ4: =Chart!$AS$10 -> Vảy FPET201-Out | AR4: =Chart!$AS$11 -> Dây Đai | AZ4: STT | BA4: Năm | BB4: =Chart!$AS$4 -> Hạt iSS01084G | BC4: =Chart!$AS$5 -> Hạt iSS01G | BD4: =Chart!$AS$6 -> Hạt WSS01G | BE4: =Chart!$AS$7 -> Hạt WSS03G | BF4: =Chart!$AS$8 -> Hạt WSS03G-PW | BG4: =Chart!$AS$9 -> Hạt WSS05SB (sợi ngắn) | BH4: =Chart!$AS$10 -> Vảy FPET201-Out | BI4: =Chart!$AS$11 -> Dây Đai | BP4: STT | BQ4: Năm | BR4: =Chart!$AS$4 -> Hạt iSS01084G | BS4: =Chart!$AS$5 -> Hạt iSS01G | BT4: =Chart!$AS$6 -> Hạt WSS01G | BU4: =Chart!$AS$7 -> Hạt WSS03G | BV4: =Chart!$AS$8 -> Hạt WSS03G-PW | BW4: =Chart!$AS$9 -> Hạt WSS05SB (sợi ngắn) | BX4: =Chart!$AS$10 -> Vảy FPET201-Out | BY4: =Chart!$AS$11 -> Dây Đai
D5: DOANH THU (VND/kg) | E5: GIÁ VỐN ĐƠN VỊ (VND/kg) | F5: LG | G5: %LG | O5: DOANH THU (VND/kg) | P5: GIÁ VỐN ĐƠN VỊ (VND/kg) | Q5: LG | R5: %LG | Y5: SẢN LƯỢNG (Tấn) | Z5: DOANH THU (VND/kg) | AA5: GIÁ VỐN ĐƠN VỊ (VND/kg) | AB5: LG | AC5: %LG | AI5: 1 | AJ5: =$X$6 -> 2024 | AK5: =Chart!$AT$4 -> 3785943.2 | AL5: =Chart!$AT$5 -> 4414400 | AM5: =Chart!$AT$6 -> 19788700 | AN5: =Chart!$AT$7 -> 1740225 | AO5: =Chart!$AT$8 -> 2418500 | AP5: =Chart!$AT$9 -> 1362900 | AQ5: =Chart!$AT$10 -> 0 | AR5: =Chart!$AT$11 -> 1961000 | AZ5: 1 | BA5: =$X$6 -> 2024 | BB5: =Chart!$AT$4/12 -> 315495.27 | BC5: =Chart!$AT$5/12 -> 367866.67 | BD5: =Chart!$AT$6/12 -> 1649058.3 | BE5: =Chart!$AT$7/12 -> 145018.75 | BF5: =Chart!$AT$8/12 -> 201541.67 | BG5: =Chart!$AT$9/12 -> 113575 | BH5: =Chart!$AT$10/12 -> 0 | BI5: =Chart!$AT$11/12 -> 163416.67 | BP5: 1 | BQ5: =$X$6 -> 2024 | BR5: =Chart!$AT$4 -> 3785943.2 | BS5: =Chart!$AT$5 -> 4414400 | BT5: =Chart!$AT$6 -> 19788700 | BU5: =Chart!$AT$7 -> 1740225 | BV5: =Chart!$AT$8 -> 2418500 | BW5: =Chart!$AT$9 -> 1362900 | BX5: =Chart!$AT$10 -> 0 | BY5: =Chart!$AT$11 -> 1961000
B6: 1 | C6: 2024 | D6: =O6/D$1*10^3 -> 1396.9593 | E6: =P6/E$1*10^3 -> 1057.5121 | F6: =D6-E6 -> 339.44718 | G6: =F6/D6 -> 0.24299003 | M6: 1 | N6: 2024 | O6: =Chart!$BB$4 -> 34726.706 | P6: =Chart!$BF$4 -> 27271.253 | Q6: =O6-P6 -> 7455.4526 | R6: =Q6/O6 -> 0.21468931 | W6: 1 | X6: 2024 | Y6: =Chart!$AT$4 -> 3785943.2 | Z6: =Chart!$BB$4 -> 34726.706 | AA6: =Chart!$BR$4 -> 0.21468931 | AB6: =Z6-AA6 -> 34726.491 | AC6: =AB6/Z6 -> 0.99999382 | AI6: 2 | AJ6: =$X$7 -> 2025 | AK6: =Chart!$AU$4 -> 6408593.9 | AL6: =Chart!$AU$5 -> 10827736 | AM6: =Chart!$AU$6 -> 19703925 | AN6: =Chart!$AU$7 -> 1235050 | AO6: =Chart!$AU$8 -> 660000 | AP6: =Chart!$AU$9 -> 1543175 | AQ6: =Chart!$AU$10 -> 20000 | AR6: =Chart!$AU$11 -> 1544000 | AZ6: 2 | BA6: =$X$7 -> 2025 | BB6: =Chart!$AU$4/12 -> 534049.49 | BC6: =Chart!$AU$5/12 -> 902311.32 | BD6: =Chart!$AU$6/12 -> 1641993.8 | BE6: =Chart!$AU$7/12 -> 102920.83 | BF6: =Chart!$AU$8/12 -> 55000 | BG6: =Chart!$AU$9/12 -> 128597.92 | BH6: =Chart!$AU$10/12 -> 1666.6667 | BI6: =Chart!$AU$11/12 -> 128666.67 | BP6: 2 | BQ6: =$X$7 -> 2025 | BR6: =Chart!$AU$4 -> 6408593.9 | BS6: =Chart!$AU$5 -> 10827736 | BT6: =Chart!$AU$6 -> 19703925 | BU6: =Chart!$AU$7 -> 1235050 | BV6: =Chart!$AU$8 -> 660000 | BW6: =Chart!$AU$9 -> 1543175 | BX6: =Chart!$AU$10 -> 20000 | BY6: =Chart!$AU$11 -> 1544000
B7: 2 | C7: 2025 | D7: =O7/D$1*10^3 -> 1395.5723 | E7: =P7/E$1*10^3 -> 1091.147 | F7: =D7-E7 -> 304.42533 | G7: =F7/D7 -> 0.21813655 | M7: 2 | N7: 2025 | O7: =Chart!$BC$4 -> 34692.227 | P7: =Chart!$BG$4 -> 28138.633 | Q7: =O7-P7 -> 6553.5938 | R7: =Q7/O7 -> 0.18890669 | W7: 2 | X7: 2025 | Y7: =Chart!$AU$4 -> 6408593.9 | Z7: =Chart!$BC$4 -> 34692.227 | AA7: =Chart!$BG$4 -> 28138.633 | AB7: =Z7-AA7 -> 6553.5938 | AC7: =AB7/Z7 -> 0.18890669 | AI7: 3 | AJ7: =$X$8 -> 2026 | AK7: =Chart!$AV$4 -> 2666400 | AL7: =Chart!$AV$5 -> 1687500 | AM7: =Chart!$AV$6 -> 8529600 | AN7: =Chart!$AV$7 -> 1246450 | AO7: =Chart!$AV$8 -> 902000 | AP7: =Chart!$AV$9 -> 681800 | AQ7: =Chart!$AV$10 -> 660000 | AR7: =Chart!$AV$11 -> 155600 | AZ7: 3 | BA7: =$X$8 -> 2026 | BB7: =Chart!$AV$4/4 -> 666600 | BC7: =Chart!$AV$5/4 -> 421875 | BD7: =Chart!$AV$6/4 -> 2132400 | BE7: =Chart!$AV$7/4 -> 311612.5 | BF7: =Chart!$AV$8/4 -> 225500 | BG7: =Chart!$AV$9/4 -> 170450 | BH7: =Chart!$AV$10/4 -> 165000 | BI7: =Chart!$AV$11/4 -> 38900 | BP7: 3 | BQ7: =$X$8 -> 2026 | BR7: =Chart!$AV$4/4*12 -> 7999200 | BS7: =Chart!$AV$5/4*12 -> 5062500 | BT7: =Chart!$AV$6/4*12 -> 25588800 | BU7: =Chart!$AV$7/4*12 -> 3739350 | BV7: =Chart!$AV$8/4*12 -> 2706000 | BW7: =Chart!$AV$9/4*12 -> 2045400 | BX7: =Chart!$AV$10/4*12 -> 1980000 | BY7: =Chart!$AV$11/4*12 -> 466800
B8: =B7+1 -> 3 | C8: 2026 | D8: =O8/D$1*10^3 -> 1255.0778 | E8: =P8/E$1*10^3 -> 1111.0456 | F8: =D8-E8 -> 144.03216 | G8: =F8/D8 -> 0.11475955 | M8: =M7+1 -> 3 | N8: 2026 | O8: =Chart!$BD$4 -> 31199.703 | P8: =Chart!$BH$4 -> 28651.781 | Q8: =O8-P8 -> 2547.9223 | R8: =Q8/O8 -> 0.081664954 | W8: =W7+1 -> 3 | X8: 2026 | Y8: =Chart!$AV$4 -> 2666400 | Z8: =Chart!$BD$4 -> 31199.703 | AA8: =Chart!$BH$4 -> 28651.781 | AB8: =Z8-AA8 -> 2547.9223 | AC8: =AB8/Z8 -> 0.081664954
B9: =B8+1 -> 4 | C9: 2026 WF_KTQT | D9: =[1]Chart!$BR$14 -> 1470 | E9: =SUM([1]Chart!$BR$7:$BR$9) -> 1044.4979 | F9: =D9-E9 -> 425.50214 | G9: =F9/D9 -> 0.28945724 | M9: =M8+1 -> 4 | W9: =W8+1 -> 4
B10: =B9+1 -> 5 | M10: =M9+1 -> 5 | W10: =W9+1 -> 5
B11: =B10+1 -> 6 | M11: =M10+1 -> 6 | W11: =W10+1 -> 6
AJ32: =Chart!$BB$2 -> GIÁ BÁN (VND/kg)
AI33: STT | AJ33: Năm | AK33: =Chart!$AS$4 -> Hạt iSS01084G | AL33: =Chart!$AS$5 -> Hạt iSS01G | AM33: =Chart!$AS$6 -> Hạt WSS01G | AN33: =Chart!$AS$7 -> Hạt WSS03G | AO33: =Chart!$AS$8 -> Hạt WSS03G-PW | AP33: =Chart!$AS$9 -> Hạt WSS05SB (sợi ngắn) | AQ33: =Chart!$AS$10 -> Vảy FPET201-Out | AR33: =Chart!$AS$11 -> Dây Đai
AI34: 1 | AJ34: =$X$6 -> 2024 | AK34: =Chart!$BB$4 -> 34726.706 | AL34: =Chart!$BB$5 -> 30405.366 | AM34: =Chart!$BB$6 -> 30433.889 | AN34: =Chart!$BB$7 -> 26573.83 | AO34: =Chart!$BB$8 -> 26025.947 | AP34: =Chart!$BB$9 -> 17338.927 | AQ34: =Chart!$BB$10 -> 0 | AR34: =Chart!$BB$11 -> 17074.434
AI35: 2 | AJ35: =$X$7 -> 2025 | AK35: =Chart!$BC$4 -> 34692.227 | AL35: =Chart!$BC$5 -> 31926.562 | AM35: =Chart!$BC$6 -> 31056.008 | AN35: =Chart!$BC$7 -> 28135.738 | AO35: =Chart!$BC$8 -> 25142.339 | AP35: =Chart!$BC$9 -> 17160.715 | AQ35: =Chart!$BC$10 -> 23549.783 | AR35: =Chart!$BC$11 -> 17155.752
AI36: 3 | AJ36: =$X$8 -> 2026 | AK36: =Chart!$BD$4 -> 31199.703 | AL36: =Chart!$BD$5 -> 29887.029 | AM36: =Chart!$BD$6 -> 29154.336 | AN36: =Chart!$BD$7 -> 28923.699 | AO36: =Chart!$BD$8 -> 27079.242 | AP36: =Chart!$BD$9 -> 17735.2 | AQ36: =Chart!$BD$10 -> 20074.395 | AR36: =Chart!$BD$11 -> 16169.484
B37: =Chart!$AR$2 -> STT | C37: =Chart!$AS$5 -> Hạt iSS01G | M37: =Chart!$AR$2 -> STT | N37: =Chart!$AS$5 -> Hạt iSS01G | W37: =Chart!$AR$2 -> STT | X37: =Chart!$AS$5 -> Hạt iSS01G
D38: DOANH THU (VND/kg) | E38: GIÁ VỐN ĐƠN VỊ (VND/kg) | F38: LG | G38: %LG | O38: DOANH THU (VND/kg) | P38: GIÁ VỐN ĐƠN VỊ (VND/kg) | Q38: LG | R38: %LG | Y38: SẢN LƯỢNG (Tấn) | Z38: DOANH THU (VND/kg) | AA38: GIÁ VỐN ĐƠN VỊ (VND/kg) | AB38: LG | AC38: %LG
B39: 1 | C39: 2024 | D39: =O39/D$1*10^3 -> 1223.1237 | E39: =P39/E$1*10^3 -> 894.25382 | F39: =D39-E39 -> 328.86992 | G39: =F39/D39 -> 0.26887706 | M39: 1 | N39: 2024 | O39: =Chart!$BB$5 -> 30405.366 | P39: =Chart!$BF$5 -> 23061.128 | Q39: =O39-P39 -> 7344.2375 | R39: =Q39/O39 -> 0.24154413 | W39: 1 | X39: 2024 | Y39: =Chart!$AT$5 -> 4414400 | Z39: =Chart!$BB$5 -> 30405.366 | AA39: =Chart!$BR$5 -> 0.24154413 | AB39: =Z39-AA39 -> 30405.124 | AC39: =AB39/Z39 -> 0.99999206
B40: 2 | C40: 2025 | D40: =O40/D$1*10^3 -> 1284.3173 | E40: =P40/E$1*10^3 -> 999.3003 | F40: =D40-E40 -> 285.01698 | G40: =F40/D40 -> 0.221921 | M40: 2 | N40: 2025 | O40: =Chart!$BC$5 -> 31926.562 | P40: =Chart!$BG$5 -> 25770.08 | Q40: =O40-P40 -> 6156.4827 | R40: =Q40/O40 -> 0.19283262 | W40: 2 | X40: 2025 | Y40: =Chart!$AU$5 -> 10827736 | Z40: =Chart!$BC$5 -> 31926.562 | AA40: =Chart!$BG$5 -> 25770.08 | AB40: =Z40-AA40 -> 6156.4827 | AC40: =AB40/Z40 -> 0.19283262
B41: =B40+1 -> 3 | C41: 2026 | D41: =O41/D$1*10^3 -> 1202.2725 | E41: =P41/E$1*10^3 -> 1025.6974 | F41: =D41-E41 -> 176.57506 | G41: =F41/D41 -> 0.14686775 | M41: =M40+1 -> 3 | N41: 2026 | O41: =Chart!$BD$5 -> 29887.029 | P41: =Chart!$BH$5 -> 26450.813 | Q41: =O41-P41 -> 3436.2169 | R41: =Q41/O41 -> 0.11497352 | W41: =W40+1 -> 3 | X41: 2026 | Y41: =Chart!$AV$5 -> 1687500 | Z41: =Chart!$BD$5 -> 29887.029 | AA41: =Chart!$BH$5 -> 26450.813 | AB41: =Z41-AA41 -> 3436.2169 | AC41: =AB41/Z41 -> 0.11497352
B42: =B41+1 -> 4 | C42: 2026 WF_KTQT | D42: =[1]Chart!$BR$53 -> 1410 | E42: =SUM([1]Chart!$BR$46:$BR$48) -> 1024.6978 | F42: =D42-E42 -> 385.30221 | G42: =F42/D42 -> 0.27326398 | M42: =M41+1 -> 4 | N42: 2026 WF | O42: =[1]Chart!$BR$17 -> 0 | W42: =W41+1 -> 4
B43: =B42+1 -> 5 | M43: =M42+1 -> 5 | W43: =W42+1 -> 5
B44: =B43+1 -> 6 | M44: =M43+1 -> 6 | W44: =W43+1 -> 6
AJ64: =Chart!$BR$2 -> % BIÊN LG
AI65: STT | AJ65: Năm | AK65: =Chart!$AS$4 -> Hạt iSS01084G | AL65: =Chart!$AS$5 -> Hạt iSS01G | AM65: =Chart!$AS$6 -> Hạt WSS01G | AN65: =Chart!$AS$7 -> Hạt WSS03G | AO65: =Chart!$AS$8 -> Hạt WSS03G-PW | AP65: =Chart!$AS$9 -> Hạt WSS05SB (sợi ngắn) | AQ65: =Chart!$AS$10 -> Vảy FPET201-Out | AR65: =Chart!$AS$11 -> Dây Đai
AI66: 1 | AJ66: =$X$6 -> 2024 | AK66: =Chart!$BR$4 -> 0.21468931 | AL66: =Chart!$BR$5 -> 0.24154413 | AM66: =Chart!$BR$6 -> 0.19830199 | AN66: =Chart!$BR$7 -> -0.099977432 | AO66: =Chart!$BR$8 -> -0.1744607 | AP66: =Chart!$BR$9 -> -0.30591295 | AQ66: =Chart!$BR$10 -> 0 | AR66: =Chart!$BR$11 -> -0.38902932
AI67: 2 | AJ67: =$X$7 -> 2025 | AK67: =Chart!$BG$4 -> 28138.633 | AL67: =Chart!$BG$5 -> 25770.08 | AM67: =Chart!$BG$6 -> 26749.126 | AN67: =Chart!$BG$7 -> 25739.277 | AO67: =Chart!$BG$8 -> 25324.245 | AP67: =Chart!$BG$9 -> 26664.426 | AQ67: =Chart!$BG$10 -> 25925.006 | AR67: =Chart!$BG$11 -> 21106.547
B68: =Chart!$AR$2 -> STT | C68: =Chart!$AS$6 -> Hạt WSS01G | M68: =Chart!$AR$2 -> STT | N68: =Chart!$AS$6 -> Hạt WSS01G | W68: =Chart!$AR$2 -> STT | X68: =Chart!$AS$6 -> Hạt WSS01G | AI68: 3 | AJ68: =$X$8 -> 2026 | AK68: =Chart!$BH$4 -> 28651.781 | AL68: =Chart!$BH$5 -> 26450.813 | AM68: =Chart!$BH$6 -> 26272.021 | AN68: =Chart!$BH$7 -> 27210.348 | AO68: =Chart!$BH$8 -> 27142.653 | AP68: =Chart!$BH$9 -> 28400.674 | AQ68: =Chart!$BH$10 -> 20405 | AR68: =Chart!$BH$11 -> 21246.657
D69: DOANH THU (VND/kg) | E69: GIÁ VỐN ĐƠN VỊ (VND/kg) | F69: LG | G69: %LG | O69: DOANH THU (VND/kg) | P69: GIÁ VỐN ĐƠN VỊ (VND/kg) | Q69: LG | R69: %LG | Y69: SẢN LƯỢNG (Tấn) | Z69: DOANH THU (VND/kg) | AA69: GIÁ VỐN ĐƠN VỊ (VND/kg) | AB69: LG | AC69: %LG
B70: 1 | C70: 2024 | D70: =O70/D$1*10^3 -> 1224.2712 | E70: =P70/E$1*10^3 -> 946.125 | F70: =D70-E70 -> 278.14617 | G70: =F70/D70 -> 0.22719327 | M70: 1 | N70: 2024 | O70: =Chart!$BB$6 -> 30433.889 | P70: =Chart!$BF$6 -> 24398.788 | Q70: =O70-P70 -> 6035.1009 | R70: =Q70/O70 -> 0.19830199 | W70: 1 | X70: 2024 | Y70: =Chart!$AT$6 -> 19788700 | Z70: =Chart!$BB$6 -> 30433.889 | AA70: =Chart!$BR$6 -> 0.19830199 | AB70: =Z70-AA70 -> 30433.691 | AC70: =AB70/Z70 -> 0.99999348
B71: 2 | C71: 2025 | D71: =O71/D$1*10^3 -> 1249.2973 | E71: =P71/E$1*10^3 -> 1037.2653 | F71: =D71-E71 -> 212.03196 | G71: =F71/D71 -> 0.16972098 | M71: 2 | N71: 2025 | O71: =Chart!$BC$6 -> 31056.008 | P71: =Chart!$BG$6 -> 26749.126 | Q71: =O71-P71 -> 4306.8816 | R71: =Q71/O71 -> 0.13868111 | W71: 2 | X71: 2025 | Y71: =Chart!$AU$6 -> 19703925 | Z71: =Chart!$BC$6 -> 31056.008 | AA71: =Chart!$BG$6 -> 26749.126 | AB71: =Z71-AA71 -> 4306.8816 | AC71: =AB71/Z71 -> 0.13868111
B72: =B71+1 -> 3 | C72: 2026 | D72: =O72/D$1*10^3 -> 1172.7983 | E72: =P72/E$1*10^3 -> 1018.7643 | F72: =D72-E72 -> 154.03394 | G72: =F72/D72 -> 0.13133882 | M72: =M71+1 -> 3 | N72: 2026 | O72: =Chart!$BD$6 -> 29154.336 | P72: =Chart!$BH$6 -> 26272.021 | Q72: =O72-P72 -> 2882.3153 | R72: =Q72/O72 -> 0.098864034 | W72: =W71+1 -> 3 | X72: 2026 | Y72: =Chart!$AV$6 -> 8529600 | Z72: =Chart!$BD$6 -> 29154.336 | AA72: =Chart!$BH$6 -> 26272.021 | AB72: =Z72-AA72 -> 2882.3153 | AC72: =AB72/Z72 -> 0.098864034
B73: =B72+1 -> 4 | C73: 2026 WF_KTQT | D73: =[1]Chart!$BR$89 -> 1380 | E73: =SUM([1]Chart!$BR$82:$BR$84) -> 966.60784 | F73: =D73-E73 -> 413.39216 | G73: =F73/D73 -> 0.29955954 | M73: =M72+1 -> 4 | W73: =W72+1 -> 4
B74: =B73+1 -> 5 | M74: =M73+1 -> 5 | W74: =W73+1 -> 5
B75: =B74+1 -> 6 | M75: =M74+1 -> 6 | W75: =W74+1 -> 6
B99: =Chart!$AR$2 -> STT | C99: =Chart!$AS$7 -> Hạt WSS03G | M99: =Chart!$AR$2 -> STT | N99: =Chart!$AS$7 -> Hạt WSS03G | W99: =Chart!$AR$2 -> STT | X99: =Chart!$AS$7 -> Hạt WSS03G
D100: DOANH THU (VND/kg) | E100: GIÁ VỐN ĐƠN VỊ (VND/kg) | F100: LG | G100: %LG | O100: DOANH THU (VND/kg) | P100: GIÁ VỐN ĐƠN VỊ (VND/kg) | Q100: LG | R100: %LG | Y100: SẢN LƯỢNG (Tấn) | Z100: DOANH THU (VND/kg) | AA100: GIÁ VỐN ĐƠN VỊ (VND/kg) | AB100: LG | AC100: %LG
B101: 1 | C101: 2024 | D101: =O101/D$1*10^3 -> 1068.9917 | E101: =P101/E$1*10^3 -> 1133.4913 | F101: =D101-E101 -> -64.49962 | G101: =F101/D101 -> -0.060336878 | M101: 1 | N101: 2024 | O101: =Chart!$BB$7 -> 26573.83 | P101: =Chart!$BF$7 -> 29230.613 | Q101: =O101-P101 -> -2656.7833 | R101: =Q101/O101 -> -0.099977432 | W101: 1 | X101: 2024 | Y101: =Chart!$AT$7 -> 1740225 | Z101: =Chart!$BB$7 -> 26573.83 | AA101: =Chart!$BR$7 -> -0.099977432 | AB101: =Z101-AA101 -> 26573.93 | AC101: =AB101/Z101 -> 1.0000038
B102: 2 | C102: 2025 | D102: =O102/D$1*10^3 -> 1131.8229 | E102: =P102/E$1*10^3 -> 998.10587 | F102: =D102-E102 -> 133.71705 | G102: =F102/D102 -> 0.11814308 | M102: 2 | N102: 2025 | O102: =Chart!$BC$7 -> 28135.738 | P102: =Chart!$BG$7 -> 25739.277 | Q102: =O102-P102 -> 2396.4609 | R102: =Q102/O102 -> 0.085174979 | W102: 2 | X102: 2025 | Y102: =Chart!$AU$7 -> 1235050 | Z102: =Chart!$BC$7 -> 28135.738 | AA102: =Chart!$BG$7 -> 25739.277 | AB102: =Z102-AA102 -> 2396.4609 | AC102: =AB102/Z102 -> 0.085174979
B103: =B102+1 -> 3 | C103: 2026 | D103: =O103/D$1*10^3 -> 1163.5204 | E103: =P103/E$1*10^3 -> 1055.1504 | F103: =D103-E103 -> 108.37005 | G103: =F103/D103 -> 0.093139789 | M103: =M102+1 -> 3 | N103: 2026 | O103: =Chart!$BD$7 -> 28923.699 | P103: =Chart!$BH$7 -> 27210.348 | Q103: =O103-P103 -> 1713.3515 | R103: =Q103/O103 -> 0.05923694 | W103: =W102+1 -> 3 | X103: 2026 | Y103: =Chart!$AV$7 -> 1246450 | Z103: =Chart!$BD$7 -> 28923.699 | AA103: =Chart!$BH$7 -> 27210.348 | AB103: =Z103-AA103 -> 1713.3515 | AC103: =AB103/Z103 -> 0.05923694
B104: =B103+1 -> 4 | C104: 2026 WF_KTQT | D104: =[1]Chart!$BR$134 -> 1310 | E104: =SUM([1]Chart!$BR$127:$BR$129) -> 944.591 | F104: =D104-E104 -> 365.409 | G104: =F104/D104 -> 0.27893817 | M104: =M103+1 -> 4 | W104: =W103+1 -> 4
B105: =B104+1 -> 5 | M105: =M104+1 -> 5 | W105: =W104+1 -> 5
B106: =B105+1 -> 6 | M106: =M105+1 -> 6 | W106: =W105+1 -> 6

Sheet Chart 2_TT&KTQT
D1: =Chart!BB1 -> 24858.781 | E1: =Chart!BC1 -> 25788.124 | F1: =Chart!BD1 -> 26183.994
AJ3: =Chart!$AT$2 -> SẢN LƯỢNG (Tấn) | BA3: =Chart!$AT$2 -> SẢN LƯỢNG (Tấn) | BQ3: =Chart!$AT$2 -> SẢN LƯỢNG (Tấn)
B4: =Chart!$AR$2 -> STT | C4: =Chart!$AS$4 -> Hạt iSS01084G | M4: =Chart!$AR$2 -> STT | N4: =Chart!$AS$4 -> Hạt iSS01084G | W4: =Chart!$AR$2 -> STT | X4: =Chart!$AS$4 -> Hạt iSS01084G | AI4: STT | AJ4: Năm | AK4: =Chart!$AS$4 -> Hạt iSS01084G | AL4: =Chart!$AS$5 -> Hạt iSS01G | AM4: =Chart!$AS$6 -> Hạt WSS01G | AN4: =Chart!$AS$7 -> Hạt WSS03G | AO4: =Chart!$AS$8 -> Hạt WSS03G-PW | AP4: =Chart!$AS$9 -> Hạt WSS05SB (sợi ngắn) | AQ4: =Chart!$AS$10 -> Vảy FPET201-Out | AR4: =Chart!$AS$11 -> Dây Đai | AZ4: STT | BA4: Năm | BB4: =Chart!$AS$4 -> Hạt iSS01084G | BC4: =Chart!$AS$5 -> Hạt iSS01G | BD4: =Chart!$AS$6 -> Hạt WSS01G | BE4: =Chart!$AS$7 -> Hạt WSS03G | BF4: =Chart!$AS$8 -> Hạt WSS03G-PW | BG4: =Chart!$AS$9 -> Hạt WSS05SB (sợi ngắn) | BH4: =Chart!$AS$10 -> Vảy FPET201-Out | BI4: =Chart!$AS$11 -> Dây Đai | BP4: STT | BQ4: Năm | BR4: =Chart!$AS$4 -> Hạt iSS01084G | BS4: =Chart!$AS$5 -> Hạt iSS01G | BT4: =Chart!$AS$6 -> Hạt WSS01G | BU4: =Chart!$AS$7 -> Hạt WSS03G | BV4: =Chart!$AS$8 -> Hạt WSS03G-PW | BW4: =Chart!$AS$9 -> Hạt WSS05SB (sợi ngắn) | BX4: =Chart!$AS$10 -> Vảy FPET201-Out | BY4: =Chart!$AS$11 -> Dây Đai
D5: GIÁ BÁN (USD/kg) | E5: GIÁ THÀNH (USDD/kg) | F5: LG | G5: %LG | O5: GIÁ BÁN (VND/kg) | P5: GIÁ THÀNH (VND/kg) | Q5: LG | R5: %LG | Y5: SẢN LƯỢNG (Tấn) | Z5: GIÁ BÁN (VND/kg) | AA5: GIÁ THÀNH (VND/kg) | AB5: LG | AC5: %LG | AI5: 1 | AJ5: =$X$6 -> 2024 | AK5: =Chart!$AT$4 -> 3785943.2 | AL5: =Chart!$AT$5 -> 4414400 | AM5: =Chart!$AT$6 -> 19788700 | AN5: =Chart!$AT$7 -> 1740225 | AO5: =Chart!$AT$8 -> 2418500 | AP5: =Chart!$AT$9 -> 1362900 | AQ5: =Chart!$AT$10 -> 0 | AR5: =Chart!$AT$11 -> 1961000 | AZ5: 1 | BA5: =$X$6 -> 2024 | BB5: =Chart!$AT$4/12 -> 315495.27 | BC5: =Chart!$AT$5/12 -> 367866.67 | BD5: =Chart!$AT$6/12 -> 1649058.3 | BE5: =Chart!$AT$7/12 -> 145018.75 | BF5: =Chart!$AT$8/12 -> 201541.67 | BG5: =Chart!$AT$9/12 -> 113575 | BH5: =Chart!$AT$10/12 -> 0 | BI5: =Chart!$AT$11/12 -> 163416.67 | BP5: 1 | BQ5: =$X$6 -> 2024 | BR5: =Chart!$AT$4 -> 3785943.2 | BS5: =Chart!$AT$5 -> 4414400 | BT5: =Chart!$AT$6 -> 19788700 | BU5: =Chart!$AT$7 -> 1740225 | BV5: =Chart!$AT$8 -> 2418500 | BW5: =Chart!$AT$9 -> 1362900 | BX5: =Chart!$AT$10 -> 0 | BY5: =Chart!$AT$11 -> 1961000
B6: 1 | C6: 2024 | D6: =O6/D$1*10^3 -> 1396.9593 | E6: =P6/D$1*10^3 -> 1097.0471 | F6: =D6-E6 -> 299.91223 | G6: =F6/D6 -> 0.21468931 | M6: 1 | N6: 2024 | O6: =Chart!$BB$4 -> 34726.706 | P6: =Chart!$BF$4 -> 27271.253 | Q6: =O6-P6 -> 7455.4526 | R6: =Q6/O6 -> 0.21468931 | W6: 1 | X6: 2024 | Y6: =Chart!$AT$4 -> 3785943.2 | Z6: =Chart!$BB$4 -> 34726.706 | AA6: =Chart!$BF$4 -> 27271.253 | AB6: =Z6-AA6 -> 7455.4526 | AC6: =AB6/Z6 -> 0.21468931 | AI6: 2 | AJ6: =$X$7 -> 2025 | AK6: =Chart!$AU$4 -> 6408593.9 | AL6: =Chart!$AU$5 -> 10827736 | AM6: =Chart!$AU$6 -> 19703925 | AN6: =Chart!$AU$7 -> 1235050 | AO6: =Chart!$AU$8 -> 660000 | AP6: =Chart!$AU$9 -> 1543175 | AQ6: =Chart!$AU$10 -> 20000 | AR6: =Chart!$AU$11 -> 1544000 | AZ6: 2 | BA6: =$X$7 -> 2025 | BB6: =Chart!$AU$4/12 -> 534049.49 | BC6: =Chart!$AU$5/12 -> 902311.32 | BD6: =Chart!$AU$6/12 -> 1641993.8 | BE6: =Chart!$AU$7/12 -> 102920.83 | BF6: =Chart!$AU$8/12 -> 55000 | BG6: =Chart!$AU$9/12 -> 128597.92 | BH6: =Chart!$AU$10/12 -> 1666.6667 | BI6: =Chart!$AU$11/12 -> 128666.67 | BP6: 2 | BQ6: =$X$7 -> 2025 | BR6: =Chart!$AU$4 -> 6408593.9 | BS6: =Chart!$AU$5 -> 10827736 | BT6: =Chart!$AU$6 -> 19703925 | BU6: =Chart!$AU$7 -> 1235050 | BV6: =Chart!$AU$8 -> 660000 | BW6: =Chart!$AU$9 -> 1543175 | BX6: =Chart!$AU$10 -> 20000 | BY6: =Chart!$AU$11 -> 1544000
B7: 2 | C7: 2025 | D7: =O7/E$1*10^3 -> 1345.2792 | E7: =P7/E$1*10^3 -> 1091.147 | F7: =D7-E7 -> 254.13225 | G7: =F7/D7 -> 0.18890669 | M7: 2 | N7: 2025 | O7: =Chart!$BC$4 -> 34692.227 | P7: =Chart!$BG$4 -> 28138.633 | Q7: =O7-P7 -> 6553.5938 | R7: =Q7/O7 -> 0.18890669 | W7: 2 | X7: 2025 | Y7: =Chart!$AU$4 -> 6408593.9 | Z7: =Chart!$BC$4 -> 34692.227 | AA7: =Chart!$BG$4 -> 28138.633 | AB7: =Z7-AA7 -> 6553.5938 | AC7: =AB7/Z7 -> 0.18890669 | AI7: 3 | AJ7: =$X$8 -> 2026 | AK7: =Chart!$AV$4 -> 2666400 | AL7: =Chart!$AV$5 -> 1687500 | AM7: =Chart!$AV$6 -> 8529600 | AN7: =Chart!$AV$7 -> 1246450 | AO7: =Chart!$AV$8 -> 902000 | AP7: =Chart!$AV$9 -> 681800 | AQ7: =Chart!$AV$10 -> 660000 | AR7: =Chart!$AV$11 -> 155600 | AZ7: 3 | BA7: =$X$8 -> 2026 | BB7: =Chart!$AV$4/4 -> 666600 | BC7: =Chart!$AV$5/4 -> 421875 | BD7: =Chart!$AV$6/4 -> 2132400 | BE7: =Chart!$AV$7/4 -> 311612.5 | BF7: =Chart!$AV$8/4 -> 225500 | BG7: =Chart!$AV$9/4 -> 170450 | BH7: =Chart!$AV$10/4 -> 165000 | BI7: =Chart!$AV$11/4 -> 38900 | BP7: 3 | BQ7: =$X$8 -> 2026 | BR7: =Chart!$AV$4/4*12 -> 7999200 | BS7: =Chart!$AV$5/4*12 -> 5062500 | BT7: =Chart!$AV$6/4*12 -> 25588800 | BU7: =Chart!$AV$7/4*12 -> 3739350 | BV7: =Chart!$AV$8/4*12 -> 2706000 | BW7: =Chart!$AV$9/4*12 -> 2045400 | BX7: =Chart!$AV$10/4*12 -> 1980000 | BY7: =Chart!$AV$11/4*12 -> 466800
B8: =B7+1 -> 3 | C8: 2026 | D8: =O8/F$1*10^3 -> 1191.5563 | E8: =P8/F$1*10^3 -> 1094.2479 | F8: =D8-E8 -> 97.308392 | G8: =F8/D8 -> 0.081664954 | M8: =M7+1 -> 3 | N8: 2026 | O8: =Chart!$BD$4 -> 31199.703 | P8: =Chart!$BH$4 -> 28651.781 | Q8: =O8-P8 -> 2547.9223 | R8: =Q8/O8 -> 0.081664954 | W8: =W7+1 -> 3 | X8: 2026 | Y8: =Chart!$AV$4 -> 2666400 | Z8: =Chart!$BD$4 -> 31199.703 | AA8: =Chart!$BH$4 -> 28651.781 | AB8: =Z8-AA8 -> 2547.9223 | AC8: =AB8/Z8 -> 0.081664954
B9: =B8+1 -> 4 | C9: 2026 WF_TT | D9: =[1]Chart!$BF$14 -> 1284.4979 | E9: =SUM([1]Chart!$BF$7:$BF$9) -> 1044.4979 | F9: =D9-E9 -> 240 | G9: =F9/D9 -> 0.18684344 | M9: =M8+1 -> 4 | N9: 2026 WF_TT | O9: =D9*26.5 -> 34039.193 | P9: =E9*26.5 -> 27679.193 | Q9: =O9-P9 -> 6360 | R9: =Q9/O9 -> 0.18684344 | W9: =W8+1 -> 4
B10: =B9+1 -> 5 | C10: 2026 WF_KTQT | D10: =[1]Chart!$BR$14 -> 1470 | E10: 1033 | F10: =D10-E10 -> 437 | G10: =F10/D10 -> 0.29727891 | M10: =M9+1 -> 5 | N10: 2026 WF_KTQT | O10: =D10*26.5 -> 38955 | P10: =E10*26.5 -> 27374.5 | Q10: =O10-P10 -> 11580.5 | R10: =Q10/O10 -> 0.29727891 | W10: =W9+1 -> 5
B11: =B10+1 -> 6 | C11: 2026 WF_Suntory | F11: =D11-E11 -> 0 | M11: =M10+1 -> 6 | W11: =W10+1 -> 6
AJ32: =Chart!$BB$2 -> GIÁ BÁN (VND/kg)
AI33: STT | AJ33: Năm | AK33: =Chart!$AS$4 -> Hạt iSS01084G | AL33: =Chart!$AS$5 -> Hạt iSS01G | AM33: =Chart!$AS$6 -> Hạt WSS01G | AN33: =Chart!$AS$7 -> Hạt WSS03G | AO33: =Chart!$AS$8 -> Hạt WSS03G-PW | AP33: =Chart!$AS$9 -> Hạt WSS05SB (sợi ngắn) | AQ33: =Chart!$AS$10 -> Vảy FPET201-Out | AR33: =Chart!$AS$11 -> Dây Đai
AI34: 1 | AJ34: =$X$6 -> 2024 | AK34: =Chart!$BB$4 -> 34726.706 | AL34: =Chart!$BB$5 -> 30405.366 | AM34: =Chart!$BB$6 -> 30433.889 | AN34: =Chart!$BB$7 -> 26573.83 | AO34: =Chart!$BB$8 -> 26025.947 | AP34: =Chart!$BB$9 -> 17338.927 | AQ34: =Chart!$BB$10 -> 0 | AR34: =Chart!$BB$11 -> 17074.434
AI35: 2 | AJ35: =$X$7 -> 2025 | AK35: =Chart!$BC$4 -> 34692.227 | AL35: =Chart!$BC$5 -> 31926.562 | AM35: =Chart!$BC$6 -> 31056.008 | AN35: =Chart!$BC$7 -> 28135.738 | AO35: =Chart!$BC$8 -> 25142.339 | AP35: =Chart!$BC$9 -> 17160.715 | AQ35: =Chart!$BC$10 -> 23549.783 | AR35: =Chart!$BC$11 -> 17155.752
AI36: 3 | AJ36: =$X$8 -> 2026 | AK36: =Chart!$BD$4 -> 31199.703 | AL36: =Chart!$BD$5 -> 29887.029 | AM36: =Chart!$BD$6 -> 29154.336 | AN36: =Chart!$BD$7 -> 28923.699 | AO36: =Chart!$BD$8 -> 27079.242 | AP36: =Chart!$BD$9 -> 17735.2 | AQ36: =Chart!$BD$10 -> 20074.395 | AR36: =Chart!$BD$11 -> 16169.484
B37: =Chart!$AR$2 -> STT | C37: =Chart!$AS$5 -> Hạt iSS01G | M37: =Chart!$AR$2 -> STT | N37: =Chart!$AS$5 -> Hạt iSS01G | W37: =Chart!$AR$2 -> STT | X37: =Chart!$AS$5 -> Hạt iSS01G
D38: GIÁ BÁN (VND/kg) | E38: GIÁ THÀNH (VND/kg) | F38: LG | G38: %LG | O38: GIÁ BÁN (VND/kg) | P38: GIÁ THÀNH (VND/kg) | Q38: LG | R38: %LG | Y38: SẢN LƯỢNG (Tấn) | Z38: GIÁ BÁN (VND/kg) | AA38: GIÁ THÀNH (VND/kg) | AB38: LG | AC38: %LG
B39: 1 | C39: 2024 | D39: =O39/D$1*10^3 -> 1223.1237 | E39: =P39/D$1*10^3 -> 927.68538 | F39: =D39-E39 -> 295.43836 | G39: =F39/D39 -> 0.24154413 | M39: 1 | N39: 2024 | O39: =Chart!$BB$5 -> 30405.366 | P39: =Chart!$BF$5 -> 23061.128 | Q39: =O39-P39 -> 7344.2375 | R39: =Q39/O39 -> 0.24154413 | W39: 1 | X39: 2024 | Y39: =Chart!$AT$5 -> 4414400 | Z39: =Chart!$BB$5 -> 30405.366 | AA39: =Chart!$BF$5 -> 23061.128 | AB39: =Z39-AA39 -> 7344.2375 | AC39: =AB39/Z39 -> 0.24154413
