Workbook

Sheet 18 KMP- Tháng (Tâm)
R1: =R22-R34 -> 7116.8543 | S1: =S22-S34 -> 7116.8543 | T1: =T22-T34 -> 7639.8543 | U1: =U22-U34 -> 6076.0361 | V1: =V22-V34 -> 6002.0361 | W1: =W22-W34 -> 6002.0361 | X1: =X22-X34 -> 6002.0361 | Y1: =Y22-Y34 -> 6002.0361 | ... AC1: =AC22-AC34 -> 1449.1667
D2: BÁO CÁO THÁNG
D3: TỔNG CHI PHÍ THÁNG (bao gồm chi phí thuê máy, thuê xưởng)
D4: 1 | AP4: =COUNTIFS($AE$10:$AP$10,"<>"&0) -> 12
E5: 2024 | F5: 2024 | G5: 2024 | H5: 2024 | I5: 2024 | J5: 2024 | K5: 2024 | L5: 2024 | M5: 2024 | N5: 2024 | O5: 2024 | P5: 2024 | R5: 2024 | S5: 2024 | T5: 2024 | U5: 2024 | V5: 2024 | W5: 2024 | X5: 2024 | Y5: 2024 | Z5: 2024 | AA5: 2024 | AB5: 2024 | AC5: 2024 | AD5: 2024 | AE5: 2025 | AF5: 2025 | AG5: 2025 | AH5: 2025 | AI5: 2025 | AJ5: 2025 | AK5: 2025 | AL5: 2025 | AM5: 2025 | AN5: 2025 | AO5: 2025 | AP5: 2025 | AQ5: 2025 | AS5: 2026 | AT5: 2026 | AU5: 2026 | AV5: 2026 | AW5: 2026 | AX5: 2026 | AY5: 2026 | AZ5: 2026 | BA5: 2026 | BB5: 2026 | BC5: 2026 | BD5: 2026 | BE5: 2026 | BF5: 2026 | BG5: 2026 | BH5: 2026 | BI5: 2026 | BJ5: 2026 | BK5: 2026 | BL5: 2026 | BM5: 2026 | BN5: 2026 | BO5: 2026 | BP5: 2026 | BQ5: 2026 | BR5: 2026
E6: TT | F6: TT | G6: TT | H6: TT | I6: TT | J6: TT | K6: TT | L6: TT | M6: TT | N6: TT | O6: TT | P6: TT | R6: TT | S6: TT | T6: TT | U6: TT | V6: TT | W6: TT | X6: TT | Y6: TT | Z6: TT | AA6: TT | AB6: TT | AC6: TT | AF6: TT | AG6: TT | AH6: TT | AI6: TT | AJ6: TT | AK6: TT | AL6: TT | AM6: TT | AN6: TT | AO6: TT | AP6: TT | AQ6: TT | AS6: KH | AT6: KH | AU6: KH | AV6: KH | AW6: KH | AX6: KH | AY6: KH | AZ6: KH | BA6: KH | BB6: KH | BC6: KH | BD6: KH | BE6: KH | BG6: TT | BH6: TT | BI6: TT | BJ6: TT | BK6: TT | BL6: TT | BM6: TT | BN6: TT | BO6: TT | BP6: TT | BQ6: TT | BR6: TT
E7: 1 | F7: 2 | G7: 3 | H7: 4 | I7: 5 | J7: 6 | K7: 7 | L7: 8 | M7: 9 | N7: 10 | O7: 11 | P7: 12 | R7: 1 | S7: 2 | T7: 3 | U7: 4 | V7: 5 | W7: 6 | X7: 7 | Y7: 8 | Z7: 9 | AA7: 10 | AB7: 11 | AC7: 12 | AE7: 1 | AF7: 2 | AG7: 3 | AH7: 4 | AI7: 5 | AJ7: 6 | AK7: 7 | AL7: 8 | AM7: 9 | AN7: 10 | AO7: 11 | AP7: 12 | AS7: 1 | AT7: 2 | AU7: 3 | AV7: 4 | AW7: 5 | AX7: 6 | AY7: 7 | AZ7: 8 | BA7: 9 | BB7: 10 | BC7: 11 | BD7: 12 | BF7: 1 | BG7: 2 | BH7: 3 | BI7: 4 | BJ7: 5 | BK7: 6 | BL7: 7 | BM7: 8 | BN7: 9 | BO7: 10 | BP7: 11 | BQ7: 12
A8: 1 | B8: STT | C8: Phân loại | D8: Chỉ tiêu ĐVT: triệu đồng | E8: T1.23 | F8: T2.23 | G8: T3.23 | H8: T4.23 | I8: T5.23 | J8: T6.23 | K8: T7.23 | L8: T8.23 | M8: T9.23 | N8: T10.23 | O8: T11.23 | P8: T12.23 | Q8: BQ TT 2023 | R8: T1.24 | S8: T2.24 | T8: T3.24 | U8: T4.24 | V8: T5.24 | W8: T6.24 | X8: T7.24 | Y8: T8.24 | Z8: T9.24 | AA8: T10.24 | AB8: T11.24 | AC8: T12.24 | AD8: BQ TT 2024 | AE8: T1.25 | AF8: T2.25 | AG8: T3.25 | AH8: T4.25 | AI8: T5.25 | AJ8: T6.25 | AK8: T7.25 | AL8: T8.25 | AM8: T9.25 | AN8: T10.25 | AO8: T11.25 | AP8: T12.25 | AQ8: BQ TT 2025 | AR8: Lũy kế 2025 | AS8: KH T1.2026 | AT8: KH T2.2026 | AU8: KH T3.2026 | AV8: KH T4.2026 | AW8: KH T5.2026 | AX8: KH T6.2026 | AY8: KH T7.2026 | AZ8: KH T8.2026 | BA8: KH T9.2026 | BB8: KH T10.2026 | BC8: KH T11.2026 | BD8: KH T12.2026 | BE8: BQ KH 2026 | BF8: T1.26 | BG8: T2.26 | BH8: T3.26 | BI8: T4.26 | BJ8: T5.26 | BK8: T6.26 | BL8: T7.26 | BM8: T8.26 | BN8: T9.26 | BO8: T10.26 | BP8: T11.26 | BQ8: T12.26 | BR8: BQ TT 2026 | BS8: Lũy kế 2026 | BT8: ="% +/- "&"T"&$D$4&".26"&" sv KH T"&$D$4&".26" -> % +/- T1.26 sv KH T1.26 | BU8: Tỷ trọng lũy kế 2026 | BV8: Giải trình
A9: 2 | B9: I | D9: BIẾN PHÍ | E9: =SUM(E10:E20) -> 21899.782 | F9: =SUM(F10:F20) -> 33453.411 | G9: =SUM(G10:G20) -> 42421.458 | H9: =SUM(H10:H20) -> 36738.301 | I9: =SUM(I10:I20) -> 45685.664 | J9: =SUM(J10:J20) -> 39025.693 | K9: =SUM(K10:K20) -> 46671.954 | L9: =SUM(L10:L20) -> 48424.686 | ... BS9: =SUM(BS10:BS20) -> 352178.69 | BT9: =IFERROR(BF9/AS9-1,"-") -> -0.22365911 | BU9: =BS9/$BS$29 -> 0.77340428
A10: 3 | B10: 1 | C10: Biến phí | D10: Nguyên liệu nhựa | E10: =INDEX('18 KMP- Tháng'!$E$6:$Q$29,MATCH($A10,'18 KMP- Tháng'!$A$6:$A$29,0),MATCH(E$7,'18 KMP- Tháng'!$E$2:$P$2,0)) -> 19184.787 | F10: =INDEX('18 KMP- Tháng'!$E$6:$Q$29,MATCH($A10,'18 KMP- Tháng'!$A$6:$A$29,0),MATCH(F$7,'18 KMP- Tháng'!$E$2:$P$2,0)) -> 29413.013 | G10: =INDEX('18 KMP- Tháng'!$E$6:$Q$29,MATCH($A10,'18 KMP- Tháng'!$A$6:$A$29,0),MATCH(G$7,'18 KMP- Tháng'!$E$2:$P$2,0)) -> 36905.746 | H10: =INDEX('18 KMP- Tháng'!$E$6:$Q$29,MATCH($A10,'18 KMP- Tháng'!$A$6:$A$29,0),MATCH(H$7,'18 KMP- Tháng'!$E$2:$P$2,0)) -> 31466.941 | I10: =INDEX('18 KMP- Tháng'!$E$6:$Q$29,MATCH($A10,'18 KMP- Tháng'!$A$6:$A$29,0),MATCH(I$7,'18 KMP- Tháng'!$E$2:$P$2,0)) -> 39521.728 | J10: =INDEX('18 KMP- Tháng'!$E$6:$Q$29,MATCH($A10,'18 KMP- Tháng'!$A$6:$A$29,0),MATCH(J$7,'18 KMP- Tháng'!$E$2:$P$2,0)) -> 33022.7 | K10: =INDEX('18 KMP- Tháng'!$E$6:$Q$29,MATCH($A10,'18 KMP- Tháng'!$A$6:$A$29,0),MATCH(K$7,'18 KMP- Tháng'!$E$2:$P$2,0)) -> 40067.115 | L10: =INDEX('18 KMP- Tháng'!$E$6:$Q$29,MATCH($A10,'18 KMP- Tháng'!$A$6:$A$29,0),MATCH(L$7,'18 KMP- Tháng'!$E$2:$P$2,0)) -> 41710.886 | ... P10: =INDEX('18 KMP- Tháng'!$E$6:$Q$29,MATCH($A10,'18 KMP- Tháng'!$A$6:$A$29,0),MATCH(P$7,'18 KMP- Tháng'!$E$2:$P$2,0)) -> 71767.131 | Q10: =AVERAGE(E10:P10) -> 37778.444 | R10: =INDEX('18 KMP- Tháng'!$R$6:$AC$24,MATCH($A10,'18 KMP- Tháng'!$A$6:$A$24,0),MATCH(R$7,'18 KMP- Tháng'!$R$2:$AC$2,0)) -> 82388.014 | S10: =INDEX('18 KMP- Tháng'!$R$6:$AC$24,MATCH($A10,'18 KMP- Tháng'!$A$6:$A$24,0),MATCH(S$7,'18 KMP- Tháng'!$R$2:$AC$2,0)) -> 54679.339 | T10: =INDEX('18 KMP- Tháng'!$R$6:$AC$24,MATCH($A10,'18 KMP- Tháng'!$A$6:$A$24,0),MATCH(T$7,'18 KMP- Tháng'!$R$2:$AC$2,0)) -> 92225.012 | U10: =INDEX('18 KMP- Tháng'!$R$6:$AC$24,MATCH($A10,'18 KMP- Tháng'!$A$6:$A$24,0),MATCH(U$7,'18 KMP- Tháng'!$R$2:$AC$2,0))+3500 -> 88305.105 | V10: =INDEX('18 KMP- Tháng'!$R$6:$AC$24,MATCH($A10,'18 KMP- Tháng'!$A$6:$A$24,0),MATCH(V$7,'18 KMP- Tháng'!$R$2:$AC$2,0))-3500 -> 82512.811 | W10: =INDEX('18 KMP- Tháng'!$R$6:$AC$24,MATCH($A10,'18 KMP- Tháng'!$A$6:$A$24,0),MATCH(W$7,'18 KMP- Tháng'!$R$2:$AC$2,0)) -> 63429.137 | X10: =INDEX('18 KMP- Tháng'!$R$6:$AC$24,MATCH($A10,'18 KMP- Tháng'!$A$6:$A$24,0),MATCH(X$7,'18 KMP- Tháng'!$R$2:$AC$2,0)) -> 34124.938 | Y10: =INDEX('18 KMP- Tháng'!$R$6:$AC$24,MATCH($A10,'18 KMP- Tháng'!$A$6:$A$24,0),MATCH(Y$7,'18 KMP- Tháng'!$R$2:$AC$2,0)) -> 39820.046 | Z10: =INDEX('18 KMP- Tháng'!$R$6:$AC$24,MATCH($A10,'18 KMP- Tháng'!$A$6:$A$24,0),MATCH(Z$7,'18 KMP- Tháng'!$R$2:$AC$2,0)) -> 53180.748 | AA10: =INDEX('18 KMP- Tháng'!$R$6:$AC$24,MATCH($A10,'18 KMP- Tháng'!$A$6:$A$24,0),MATCH(AA$7,'18 KMP- Tháng'!$R$2:$AC$2,0)) -> 80242.846 | AB10: =INDEX('18 KMP- Tháng'!$R$6:$AC$24,MATCH($A10,'18 KMP- Tháng'!$A$6:$A$24,0),MATCH(AB$7,'18 KMP- Tháng'!$R$2:$AC$2,0)) -> 87480.524 | AC10: =INDEX('18 KMP- Tháng'!$R$6:$AC$24,MATCH($A10,'18 KMP- Tháng'!$A$6:$A$24,0),MATCH(AC$7,'18 KMP- Tháng'!$R$2:$AC$2,0)) -> 60679.338 | AD10: =AVERAGE(R10:AC10) -> 68255.655 | AE10: =INDEX('18 KMP- Tháng'!$AF$6:$AQ$29,MATCH($A10,'18 KMP- Tháng'!$A$6:$A$29,0),MATCH(AE$7,'18 KMP- Tháng'!$AF$2:$AQ$2,0)) -> 33690.154 | AF10: =INDEX('18 KMP- Tháng'!$AF$6:$AQ$29,MATCH($A10,'18 KMP- Tháng'!$A$6:$A$29,0),MATCH(AF$7,'18 KMP- Tháng'!$AF$2:$AQ$2,0)) -> 54984.763 | AG10: =INDEX('18 KMP- Tháng'!$AF$6:$AQ$29,MATCH($A10,'18 KMP- Tháng'!$A$6:$A$29,0),MATCH(AG$7,'18 KMP- Tháng'!$AF$2:$AQ$2,0)) -> 93493.566 | AH10: =INDEX('18 KMP- Tháng'!$AF$6:$AQ$29,MATCH($A10,'18 KMP- Tháng'!$A$6:$A$29,0),MATCH(AH$7,'18 KMP- Tháng'!$AF$2:$AQ$2,0)) -> 81794.172 | AI10: =INDEX('18 KMP- Tháng'!$AF$6:$AQ$29,MATCH($A10,'18 KMP- Tháng'!$A$6:$A$29,0),MATCH(AI$7,'18 KMP- Tháng'!$AF$2:$AQ$2,0)) -> 97253.82 | AJ10: =INDEX('18 KMP- Tháng'!$AF$6:$AQ$29,MATCH($A10,'18 KMP- Tháng'!$A$6:$A$29,0),MATCH(AJ$7,'18 KMP- Tháng'!$AF$2:$AQ$2,0)) -> 84746.444 | AK10: =INDEX('18 KMP- Tháng'!$AF$6:$AQ$29,MATCH($A10,'18 KMP- Tháng'!$A$6:$A$29,0),MATCH(AK$7,'18 KMP- Tháng'!$AF$2:$AQ$2,0)) -> 93606.745 | AL10: =INDEX('18 KMP- Tháng'!$AF$6:$AQ$29,MATCH($A10,'18 KMP- Tháng'!$A$6:$A$29,0),MATCH(AL$7,'18 KMP- Tháng'!$AF$2:$AQ$2,0)) -> 93602.195 | ... AP10: =INDEX('18 KMP- Tháng'!$AF$6:$AQ$29,MATCH($A10,'18 KMP- Tháng'!$A$6:$A$29,0),MATCH(AP$7,'18 KMP- Tháng'!$AF$2:$AQ$2,0)) -> 66382.966 | AQ10: =SUM(AE10:AP10)/COUNTIFS($AE$29:$AP$29,"<>"&0) -> 74512.994 | AR10: =SUM(AE10:AP10) -> 894155.93 | AS10: =INDEX('18 KMP- Tháng'!$BH$6:$BS$29,MATCH($A10,'18 KMP- Tháng'!$A$6:$A$29,0),MATCH(AS$7,'18 KMP- Tháng'!$BH$2:$BS$2,0)) -> 70449.794 | AT10: =INDEX('18 KMP- Tháng'!$BH$6:$BS$29,MATCH($A10,'18 KMP- Tháng'!$A$6:$A$29,0),MATCH(AT$7,'18 KMP- Tháng'!$BH$2:$BS$2,0)) -> 57841.876 | AU10: =INDEX('18 KMP- Tháng'!$BH$6:$BS$29,MATCH($A10,'18 KMP- Tháng'!$A$6:$A$29,0),MATCH(AU$7,'18 KMP- Tháng'!$BH$2:$BS$2,0)) -> 73858.796 | AV10: =INDEX('18 KMP- Tháng'!$BH$6:$BS$29,MATCH($A10,'18 KMP- Tháng'!$A$6:$A$29,0),MATCH(AV$7,'18 KMP- Tháng'!$BH$2:$BS$2,0)) -> 74028.379 | AW10: =INDEX('18 KMP- Tháng'!$BH$6:$BS$29,MATCH($A10,'18 KMP- Tháng'!$A$6:$A$29,0),MATCH(AW$7,'18 KMP- Tháng'!$BH$2:$BS$2,0)) -> 73858.796 | AX10: =INDEX('18 KMP- Tháng'!$BH$6:$BS$29,MATCH($A10,'18 KMP- Tháng'!$A$6:$A$29,0),MATCH(AX$7,'18 KMP- Tháng'!$BH$2:$BS$2,0)) -> 75365.564 | AY10: =INDEX('18 KMP- Tháng'!$BH$6:$BS$29,MATCH($A10,'18 KMP- Tháng'!$A$6:$A$29,0),MATCH(AY$7,'18 KMP- Tháng'!$BH$2:$BS$2,0)) -> 77176.425 | AZ10: =INDEX('18 KMP- Tháng'!$BH$6:$BS$29,MATCH($A10,'18 KMP- Tháng'!$A$6:$A$29,0),MATCH(AZ$7,'18 KMP- Tháng'!$BH$2:$BS$2,0)) -> 77920.069 | ... BD10: =INDEX('18 KMP- Tháng'!$BH$6:$BS$29,MATCH($A10,'18 KMP- Tháng'!$A$6:$A$29,0),MATCH(BD$7,'18 KMP- Tháng'!$BH$2:$BS$2,0)) -> 77920.069 | BE10: =AVERAGE(AS10:BD10) -> 74259.721 | BF10: =INDEX('18 KMP- Tháng'!$AS$6:$BD$29,MATCH($A10,'18 KMP- Tháng'!$A$6:$A$29,0),MATCH(BF$7,'18 KMP- Tháng'!$AS$2:$BD$2,0)) -> 54282.956 | BG10: =INDEX('18 KMP- Tháng'!$AS$6:$BD$29,MATCH($A10,'18 KMP- Tháng'!$A$6:$A$29,0),MATCH(BG$7,'18 KMP- Tháng'!$AS$2:$BD$2,0)) -> 32788.527 | BH10: =INDEX('18 KMP- Tháng'!$AS$6:$BD$29,MATCH($A10,'18 KMP- Tháng'!$A$6:$A$29,0),MATCH(BH$7,'18 KMP- Tháng'!$AS$2:$BD$2,0)) -> 79002.1 | BI10: =INDEX('18 KMP- Tháng'!$AS$6:$BD$29,MATCH($A10,'18 KMP- Tháng'!$A$6:$A$29,0),MATCH(BI$7,'18 KMP- Tháng'!$AS$2:$BD$2,0)) -> 77706.01 | BJ10: =INDEX('18 KMP- Tháng'!$AS$6:$BD$29,MATCH($A10,'18 KMP- Tháng'!$A$6:$A$29,0),MATCH(BJ$7,'18 KMP- Tháng'!$AS$2:$BD$2,0)) -> 67389.496 | BK10: =INDEX('18 KMP- Tháng'!$AS$6:$BD$29,MATCH($A10,'18 KMP- Tháng'!$A$6:$A$29,0),MATCH(BK$7,'18 KMP- Tháng'!$AS$2:$BD$2,0)) -> 0 | BL10: =INDEX('18 KMP- Tháng'!$AS$6:$BD$29,MATCH($A10,'18 KMP- Tháng'!$A$6:$A$29,0),MATCH(BL$7,'18 KMP- Tháng'!$AS$2:$BD$2,0)) -> 0 | BM10: =INDEX('18 KMP- Tháng'!$AS$6:$BD$29,MATCH($A10,'18 KMP- Tháng'!$A$6:$A$29,0),MATCH(BM$7,'18 KMP- Tháng'!$AS$2:$BD$2,0)) -> 0 | ... BQ10: =INDEX('18 KMP- Tháng'!$AS$6:$BD$29,MATCH($A10,'18 KMP- Tháng'!$A$6:$A$29,0),MATCH(BQ$7,'18 KMP- Tháng'!$AS$2:$BD$2,0)) -> 0 | BR10: =SUM(BF10:BQ10)/COUNTIFS($BF$29:$BQ$29,"<>"&0) -> 62233.818 | BS10: =SUM(BF10:BQ10) -> 311169.09 | BT10: =IFERROR(BF10/AS10-1,"-") -> -0.22948028 | BU10: =BS10/$BS$29 -> 0.68334489
A11: 4 | B11: =B10+1 -> 2 | C11: Biến phí | D11: Điện | E11: =INDEX('18 KMP- Tháng'!$E$6:$Q$29,MATCH($A11,'18 KMP- Tháng'!$A$6:$A$29,0),MATCH(E$7,'18 KMP- Tháng'!$E$2:$P$2,0)) -> 1376.9572 | F11: =INDEX('18 KMP- Tháng'!$E$6:$Q$29,MATCH($A11,'18 KMP- Tháng'!$A$6:$A$29,0),MATCH(F$7,'18 KMP- Tháng'!$E$2:$P$2,0)) -> 2218.3915 | G11: =INDEX('18 KMP- Tháng'!$E$6:$Q$29,MATCH($A11,'18 KMP- Tháng'!$A$6:$A$29,0),MATCH(G$7,'18 KMP- Tháng'!$E$2:$P$2,0)) -> 2574.9329 | H11: =INDEX('18 KMP- Tháng'!$E$6:$Q$29,MATCH($A11,'18 KMP- Tháng'!$A$6:$A$29,0),MATCH(H$7,'18 KMP- Tháng'!$E$2:$P$2,0)) -> 2388.6837 | I11: =INDEX('18 KMP- Tháng'!$E$6:$Q$29,MATCH($A11,'18 KMP- Tháng'!$A$6:$A$29,0),MATCH(I$7,'18 KMP- Tháng'!$E$2:$P$2,0)) -> 2787.5241 | J11: =INDEX('18 KMP- Tháng'!$E$6:$Q$29,MATCH($A11,'18 KMP- Tháng'!$A$6:$A$29,0),MATCH(J$7,'18 KMP- Tháng'!$E$2:$P$2,0)) -> 2655.8263 | K11: =INDEX('18 KMP- Tháng'!$E$6:$Q$29,MATCH($A11,'18 KMP- Tháng'!$A$6:$A$29,0),MATCH(K$7,'18 KMP- Tháng'!$E$2:$P$2,0)) -> 3135.2611 | L11: =INDEX('18 KMP- Tháng'!$E$6:$Q$29,MATCH($A11,'18 KMP- Tháng'!$A$6:$A$29,0),MATCH(L$7,'18 KMP- Tháng'!$E$2:$P$2,0)) -> 2978.86 | ... P11: =INDEX('18 KMP- Tháng'!$E$6:$Q$29,MATCH($A11,'18 KMP- Tháng'!$A$6:$A$29,0),MATCH(P$7,'18 KMP- Tháng'!$E$2:$P$2,0)) -> 5223.2615 | Q11: =AVERAGE(E11:P11) -> 2867.0941 | R11: =INDEX('18 KMP- Tháng'!$R$6:$AC$24,MATCH($A11,'18 KMP- Tháng'!$A$6:$A$24,0),MATCH(R$7,'18 KMP- Tháng'!$R$2:$AC$2,0)) -> 5469.8475 | S11: =INDEX('18 KMP- Tháng'!$R$6:$AC$24,MATCH($A11,'18 KMP- Tháng'!$A$6:$A$24,0),MATCH(S$7,'18 KMP- Tháng'!$R$2:$AC$2,0)) -> 4124.0471 | T11: =INDEX('18 KMP- Tháng'!$R$6:$AC$24,MATCH($A11,'18 KMP- Tháng'!$A$6:$A$24,0),MATCH(T$7,'18 KMP- Tháng'!$R$2:$AC$2,0)) -> 5082.6309 | U11: =INDEX('18 KMP- Tháng'!$R$6:$AC$24,MATCH($A11,'18 KMP- Tháng'!$A$6:$A$24,0),MATCH(U$7,'18 KMP- Tháng'!$R$2:$AC$2,0))+380 -> 5884.6555 | V11: =INDEX('18 KMP- Tháng'!$R$6:$AC$24,MATCH($A11,'18 KMP- Tháng'!$A$6:$A$24,0),MATCH(V$7,'18 KMP- Tháng'!$R$2:$AC$2,0))-380 -> 5562.4358 | W11: =INDEX('18 KMP- Tháng'!$R$6:$AC$24,MATCH($A11,'18 KMP- Tháng'!$A$6:$A$24,0),MATCH(W$7,'18 KMP- Tháng'!$R$2:$AC$2,0)) -> 4785.0316 | X11: =INDEX('18 KMP- Tháng'!$R$6:$AC$24,MATCH($A11,'18 KMP- Tháng'!$A$6:$A$24,0),MATCH(X$7,'18 KMP- Tháng'!$R$2:$AC$2,0)) -> 3003.788 | Y11: =INDEX('18 KMP- Tháng'!$R$6:$AC$24,MATCH($A11,'18 KMP- Tháng'!$A$6:$A$24,0),MATCH(Y$7,'18 KMP- Tháng'!$R$2:$AC$2,0)) -> 3483.1443 | Z11: =INDEX('18 KMP- Tháng'!$R$6:$AC$24,MATCH($A11,'18 KMP- Tháng'!$A$6:$A$24,0),MATCH(Z$7,'18 KMP- Tháng'!$R$2:$AC$2,0)) -> 4629.7979 | AA11: =INDEX('18 KMP- Tháng'!$R$6:$AC$24,MATCH($A11,'18 KMP- Tháng'!$A$6:$A$24,0),MATCH(AA$7,'18 KMP- Tháng'!$R$2:$AC$2,0)) -> 5506.447 | AB11: =INDEX('18 KMP- Tháng'!$R$6:$AC$24,MATCH($A11,'18 KMP- Tháng'!$A$6:$A$24,0),MATCH(AB$7,'18 KMP- Tháng'!$R$2:$AC$2,0)) -> 6370.1385 | AC11: =INDEX('18 KMP- Tháng'!$R$6:$AC$24,MATCH($A11,'18 KMP- Tháng'!$A$6:$A$24,0),MATCH(AC$7,'18 KMP- Tháng'!$R$2:$AC$2,0)) -> 4868.7792 | AD11: =AVERAGE(R11:AC11) -> 4897.5619 | AE11: =INDEX('18 KMP- Tháng'!$AF$6:$AQ$29,MATCH($A11,'18 KMP- Tháng'!$A$6:$A$29,0),MATCH(AE$7,'18 KMP- Tháng'!$AF$2:$AQ$2,0)) -> 3129.9322 | AF11: =INDEX('18 KMP- Tháng'!$AF$6:$AQ$29,MATCH($A11,'18 KMP- Tháng'!$A$6:$A$29,0),MATCH(AF$7,'18 KMP- Tháng'!$AF$2:$AQ$2,0)) -> 4149.1147 | AG11: =INDEX('18 KMP- Tháng'!$AF$6:$AQ$29,MATCH($A11,'18 KMP- Tháng'!$A$6:$A$29,0),MATCH(AG$7,'18 KMP- Tháng'!$AF$2:$AQ$2,0)) -> 6492.4917 | AH11: =INDEX('18 KMP- Tháng'!$AF$6:$AQ$29,MATCH($A11,'18 KMP- Tháng'!$A$6:$A$29,0),MATCH(AH$7,'18 KMP- Tháng'!$AF$2:$AQ$2,0)) -> 6124.5742 | AI11: =INDEX('18 KMP- Tháng'!$AF$6:$AQ$29,MATCH($A11,'18 KMP- Tháng'!$A$6:$A$29,0),MATCH(AI$7,'18 KMP- Tháng'!$AF$2:$AQ$2,0)) -> 6554.5568 | AJ11: =INDEX('18 KMP- Tháng'!$AF$6:$AQ$29,MATCH($A11,'18 KMP- Tháng'!$A$6:$A$29,0),MATCH(AJ$7,'18 KMP- Tháng'!$AF$2:$AQ$2,0)) -> 6352.5089 | AK11: =INDEX('18 KMP- Tháng'!$AF$6:$AQ$29,MATCH($A11,'18 KMP- Tháng'!$A$6:$A$29,0),MATCH(AK$7,'18 KMP- Tháng'!$AF$2:$AQ$2,0)) -> 7055.0789 | AL11: =INDEX('18 KMP- Tháng'!$AF$6:$AQ$29,MATCH($A11,'18 KMP- Tháng'!$A$6:$A$29,0),MATCH(AL$7,'18 KMP- Tháng'!$AF$2:$AQ$2,0)) -> 7228.286 | ... AP11: =INDEX('18 KMP- Tháng'!$AF$6:$AQ$29,MATCH($A11,'18 KMP- Tháng'!$A$6:$A$29,0),MATCH(AP$7,'18 KMP- Tháng'!$AF$2:$AQ$2,0)) -> 4859.3911 | AQ11: =SUM(AE11:AP11)/COUNTIFS($AE$29:$AP$29,"<>"&0) -> 5786.8104 | AR11: =SUM(AE11:AP11) -> 69441.725 | AS11: =INDEX('18 KMP- Tháng'!$BH$6:$BS$29,MATCH($A11,'18 KMP- Tháng'!$A$6:$A$29,0),MATCH(AS$7,'18 KMP- Tháng'!$BH$2:$BS$2,0)) -> 4625.491 | AT11: =INDEX('18 KMP- Tháng'!$BH$6:$BS$29,MATCH($A11,'18 KMP- Tháng'!$A$6:$A$29,0),MATCH(AT$7,'18 KMP- Tháng'!$BH$2:$BS$2,0)) -> 3822.1486 | AU11: =INDEX('18 KMP- Tháng'!$BH$6:$BS$29,MATCH($A11,'18 KMP- Tháng'!$A$6:$A$29,0),MATCH(AU$7,'18 KMP- Tháng'!$BH$2:$BS$2,0)) -> 4770.531 | AV11: =INDEX('18 KMP- Tháng'!$BH$6:$BS$29,MATCH($A11,'18 KMP- Tháng'!$A$6:$A$29,0),MATCH(AV$7,'18 KMP- Tháng'!$BH$2:$BS$2,0)) -> 4814.412 | AW11: =INDEX('18 KMP- Tháng'!$BH$6:$BS$29,MATCH($A11,'18 KMP- Tháng'!$A$6:$A$29,0),MATCH(AW$7,'18 KMP- Tháng'!$BH$2:$BS$2,0)) -> 4778.7154 | AX11: =INDEX('18 KMP- Tháng'!$BH$6:$BS$29,MATCH($A11,'18 KMP- Tháng'!$A$6:$A$29,0),MATCH(AX$7,'18 KMP- Tháng'!$BH$2:$BS$2,0)) -> 4943.8433 | AY11: =INDEX('18 KMP- Tháng'!$BH$6:$BS$29,MATCH($A11,'18 KMP- Tháng'!$A$6:$A$29,0),MATCH(AY$7,'18 KMP- Tháng'!$BH$2:$BS$2,0)) -> 5284.2898 | AZ11: =INDEX('18 KMP- Tháng'!$BH$6:$BS$29,MATCH($A11,'18 KMP- Tháng'!$A$6:$A$29,0),MATCH(AZ$7,'18 KMP- Tháng'!$BH$2:$BS$2,0)) -> 5351.233 | ... BD11: =INDEX('18 KMP- Tháng'!$BH$6:$BS$29,MATCH($A11,'18 KMP- Tháng'!$A$6:$A$29,0),MATCH(BD$7,'18 KMP- Tháng'!$BH$2:$BS$2,0)) -> 5490.0689 | BE11: =AVERAGE(AS11:BD11) -> 5017.1449 | BF11: =INDEX('18 KMP- Tháng'!$AS$6:$BD$29,MATCH($A11,'18 KMP- Tháng'!$A$6:$A$29,0),MATCH(BF$7,'18 KMP- Tháng'!$AS$2:$BD$2,0)) -> 4042.8838 | BG11: =INDEX('18 KMP- Tháng'!$AS$6:$BD$29,MATCH($A11,'18 KMP- Tháng'!$A$6:$A$29,0),MATCH(BG$7,'18 KMP- Tháng'!$AS$2:$BD$2,0)) -> 2462.251 | BH11: =INDEX('18 KMP- Tháng'!$AS$6:$BD$29,MATCH($A11,'18 KMP- Tháng'!$A$6:$A$29,0),MATCH(BH$7,'18 KMP- Tháng'!$AS$2:$BD$2,0)) -> 5644.5231 | BI11: =INDEX('18 KMP- Tháng'!$AS$6:$BD$29,MATCH($A11,'18 KMP- Tháng'!$A$6:$A$29,0),MATCH(BI$7,'18 KMP- Tháng'!$AS$2:$BD$2,0)) -> 5669.3827 | BJ11: =INDEX('18 KMP- Tháng'!$AS$6:$BD$29,MATCH($A11,'18 KMP- Tháng'!$A$6:$A$29,0),MATCH(BJ$7,'18 KMP- Tháng'!$AS$2:$BD$2,0)) -> 5791.0108 | BK11: =INDEX('18 KMP- Tháng'!$AS$6:$BD$29,MATCH($A11,'18 KMP- Tháng'!$A$6:$A$29,0),MATCH(BK$7,'18 KMP- Tháng'!$AS$2:$BD$2,0)) -> 0 | BL11: =INDEX('18 KMP- Tháng'!$AS$6:$BD$29,MATCH($A11,'18 KMP- Tháng'!$A$6:$A$29,0),MATCH(BL$7,'18 KMP- Tháng'!$AS$2:$BD$2,0)) -> 0 | BM11: =INDEX('18 KMP- Tháng'!$AS$6:$BD$29,MATCH($A11,'18 KMP- Tháng'!$A$6:$A$29,0),MATCH(BM$7,'18 KMP- Tháng'!$AS$2:$BD$2,0)) -> 0 | ... BQ11: =INDEX('18 KMP- Tháng'!$AS$6:$BD$29,MATCH($A11,'18 KMP- Tháng'!$A$6:$A$29,0),MATCH(BQ$7,'18 KMP- Tháng'!$AS$2:$BD$2,0)) -> 0 | BR11: =SUM(BF11:BQ11)/COUNTIFS($BF$29:$BQ$29,"<>"&0) -> 4722.0103 | BS11: =SUM(BF11:BQ11) -> 23610.051 | BT11: =IFERROR(BF11/AS11-1,"-") -> -0.12595575 | BU11: =BS11/$BS$29 -> 0.051849006
A12: 6 | B12: =B11+1 -> 3 | C12: Biến phí | D12: Chi phí bán hàng | E12: =INDEX('18 KMP- Tháng'!$E$6:$Q$29,MATCH($A12,'18 KMP- Tháng'!$A$6:$A$29,0),MATCH(E$7,'18 KMP- Tháng'!$E$2:$P$2,0)) -> 0 | F12: =INDEX('18 KMP- Tháng'!$E$6:$Q$29,MATCH($A12,'18 KMP- Tháng'!$A$6:$A$29,0),MATCH(F$7,'18 KMP- Tháng'!$E$2:$P$2,0)) -> 0 | G12: =INDEX('18 KMP- Tháng'!$E$6:$Q$29,MATCH($A12,'18 KMP- Tháng'!$A$6:$A$29,0),MATCH(G$7,'18 KMP- Tháng'!$E$2:$P$2,0)) -> 505.50536 | H12: =INDEX('18 KMP- Tháng'!$E$6:$Q$29,MATCH($A12,'18 KMP- Tháng'!$A$6:$A$29,0),MATCH(H$7,'18 KMP- Tháng'!$E$2:$P$2,0)) -> 384.26619 | I12: =INDEX('18 KMP- Tháng'!$E$6:$Q$29,MATCH($A12,'18 KMP- Tháng'!$A$6:$A$29,0),MATCH(I$7,'18 KMP- Tháng'!$E$2:$P$2,0)) -> 373.59722 | J12: =INDEX('18 KMP- Tháng'!$E$6:$Q$29,MATCH($A12,'18 KMP- Tháng'!$A$6:$A$29,0),MATCH(J$7,'18 KMP- Tháng'!$E$2:$P$2,0)) -> 646.866 | K12: =INDEX('18 KMP- Tháng'!$E$6:$Q$29,MATCH($A12,'18 KMP- Tháng'!$A$6:$A$29,0),MATCH(K$7,'18 KMP- Tháng'!$E$2:$P$2,0)) -> 461.83938 | L12: =INDEX('18 KMP- Tháng'!$E$6:$Q$29,MATCH($A12,'18 KMP- Tháng'!$A$6:$A$29,0),MATCH(L$7,'18 KMP- Tháng'!$E$2:$P$2,0)) -> 712.82108 | ... P12: =INDEX('18 KMP- Tháng'!$E$6:$Q$29,MATCH($A12,'18 KMP- Tháng'!$A$6:$A$29,0),MATCH(P$7,'18 KMP- Tháng'!$E$2:$P$2,0)) -> 533.65458 | Q12: =AVERAGE(E12:P12) -> 446.99778 | R12: =INDEX('18 KMP- Tháng'!$R$6:$AC$24,MATCH($A12,'18 KMP- Tháng'!$A$6:$A$24,0),MATCH(R$7,'18 KMP- Tháng'!$R$2:$AC$2,0)) -> 10 | S12: =INDEX('18 KMP- Tháng'!$R$6:$AC$24,MATCH($A12,'18 KMP- Tháng'!$A$6:$A$24,0),MATCH(S$7,'18 KMP- Tháng'!$R$2:$AC$2,0)) -> 0 | T12: =INDEX('18 KMP- Tháng'!$R$6:$AC$24,MATCH($A12,'18 KMP- Tháng'!$A$6:$A$24,0),MATCH(T$7,'18 KMP- Tháng'!$R$2:$AC$2,0)) -> -5 | U12: =INDEX('18 KMP- Tháng'!$R$6:$AC$24,MATCH($A12,'18 KMP- Tháng'!$A$6:$A$24,0),MATCH(U$7,'18 KMP- Tháng'!$R$2:$AC$2,0)) -> 0 | V12: =INDEX('18 KMP- Tháng'!$R$6:$AC$24,MATCH($A12,'18 KMP- Tháng'!$A$6:$A$24,0),MATCH(V$7,'18 KMP- Tháng'!$R$2:$AC$2,0)) -> 32 | W12: =INDEX('18 KMP- Tháng'!$R$6:$AC$24,MATCH($A12,'18 KMP- Tháng'!$A$6:$A$24,0),MATCH(W$7,'18 KMP- Tháng'!$R$2:$AC$2,0)) -> 0 | X12: =INDEX('18 KMP- Tháng'!$R$6:$AC$24,MATCH($A12,'18 KMP- Tháng'!$A$6:$A$24,0),MATCH(X$7,'18 KMP- Tháng'!$R$2:$AC$2,0)) -> 0 | Y12: =INDEX('18 KMP- Tháng'!$R$6:$AC$24,MATCH($A12,'18 KMP- Tháng'!$A$6:$A$24,0),MATCH(Y$7,'18 KMP- Tháng'!$R$2:$AC$2,0)) -> 0 | ... AC12: =INDEX('18 KMP- Tháng'!$R$6:$AC$24,MATCH($A12,'18 KMP- Tháng'!$A$6:$A$24,0),MATCH(AC$7,'18 KMP- Tháng'!$R$2:$AC$2,0)) -> 0 | AD12: =AVERAGE(R12:AC12) -> 5.032258 | AE12: =INDEX('18 KMP- Tháng'!$AF$6:$AQ$29,MATCH($A12,'18 KMP- Tháng'!$A$6:$A$29,0),MATCH(AE$7,'18 KMP- Tháng'!$AF$2:$AQ$2,0)) -> 0 | AF12: =INDEX('18 KMP- Tháng'!$AF$6:$AQ$29,MATCH($A12,'18 KMP- Tháng'!$A$6:$A$29,0),MATCH(AF$7,'18 KMP- Tháng'!$AF$2:$AQ$2,0)) -> 0 | AG12: =INDEX('18 KMP- Tháng'!$AF$6:$AQ$29,MATCH($A12,'18 KMP- Tháng'!$A$6:$A$29,0),MATCH(AG$7,'18 KMP- Tháng'!$AF$2:$AQ$2,0)) -> 0 | AH12: =INDEX('18 KMP- Tháng'!$AF$6:$AQ$29,MATCH($A12,'18 KMP- Tháng'!$A$6:$A$29,0),MATCH(AH$7,'18 KMP- Tháng'!$AF$2:$AQ$2,0)) -> 0 | AI12: =INDEX('18 KMP- Tháng'!$AF$6:$AQ$29,MATCH($A12,'18 KMP- Tháng'!$A$6:$A$29,0),MATCH(AI$7,'18 KMP- Tháng'!$AF$2:$AQ$2,0)) -> 0 | AJ12: =INDEX('18 KMP- Tháng'!$AF$6:$AQ$29,MATCH($A12,'18 KMP- Tháng'!$A$6:$A$29,0),MATCH(AJ$7,'18 KMP- Tháng'!$AF$2:$AQ$2,0)) -> 0 | AK12: =INDEX('18 KMP- Tháng'!$AF$6:$AQ$29,MATCH($A12,'18 KMP- Tháng'!$A$6:$A$29,0),MATCH(AK$7,'18 KMP- Tháng'!$AF$2:$AQ$2,0)) -> 0 | AL12: =INDEX('18 KMP- Tháng'!$AF$6:$AQ$29,MATCH($A12,'18 KMP- Tháng'!$A$6:$A$29,0),MATCH(AL$7,'18 KMP- Tháng'!$AF$2:$AQ$2,0)) -> 0 | ... AP12: =INDEX('18 KMP- Tháng'!$AF$6:$AQ$29,MATCH($A12,'18 KMP- Tháng'!$A$6:$A$29,0),MATCH(AP$7,'18 KMP- Tháng'!$AF$2:$AQ$2,0)) -> 0 | AQ12: =SUM(AE12:AP12)/COUNTIFS($AE$29:$AP$29,"<>"&0) -> 0 | AR12: =SUM(AE12:AP12) -> 0 | AS12: =INDEX('18 KMP- Tháng'!$BH$6:$BS$29,MATCH($A12,'18 KMP- Tháng'!$A$6:$A$29,0),MATCH(AS$7,'18 KMP- Tháng'!$BH$2:$BS$2,0)) -> 0 | AT12: =INDEX('18 KMP- Tháng'!$BH$6:$BS$29,MATCH($A12,'18 KMP- Tháng'!$A$6:$A$29,0),MATCH(AT$7,'18 KMP- Tháng'!$BH$2:$BS$2,0)) -> 0 | AU12: =INDEX('18 KMP- Tháng'!$BH$6:$BS$29,MATCH($A12,'18 KMP- Tháng'!$A$6:$A$29,0),MATCH(AU$7,'18 KMP- Tháng'!$BH$2:$BS$2,0)) -> 0 | AV12: =INDEX('18 KMP- Tháng'!$BH$6:$BS$29,MATCH($A12,'18 KMP- Tháng'!$A$6:$A$29,0),MATCH(AV$7,'18 KMP- Tháng'!$BH$2:$BS$2,0)) -> 0 | AW12: =INDEX('18 KMP- Tháng'!$BH$6:$BS$29,MATCH($A12,'18 KMP- Tháng'!$A$6:$A$29,0),MATCH(AW$7,'18 KMP- Tháng'!$BH$2:$BS$2,0)) -> 0 | AX12: =INDEX('18 KMP- Tháng'!$BH$6:$BS$29,MATCH($A12,'18 KMP- Tháng'!$A$6:$A$29,0),MATCH(AX$7,'18 KMP- Tháng'!$BH$2:$BS$2,0)) -> 0 | AY12: =INDEX('18 KMP- Tháng'!$BH$6:$BS$29,MATCH($A12,'18 KMP- Tháng'!$A$6:$A$29,0),MATCH(AY$7,'18 KMP- Tháng'!$BH$2:$BS$2,0)) -> 0 | AZ12: =INDEX('18 KMP- Tháng'!$BH$6:$BS$29,MATCH($A12,'18 KMP- Tháng'!$A$6:$A$29,0),MATCH(AZ$7,'18 KMP- Tháng'!$BH$2:$BS$2,0)) -> 0 | ... BD12: =INDEX('18 KMP- Tháng'!$BH$6:$BS$29,MATCH($A12,'18 KMP- Tháng'!$A$6:$A$29,0),MATCH(BD$7,'18 KMP- Tháng'!$BH$2:$BS$2,0)) -> 0 | BE12: =AVERAGE(AS12:BD12) -> 0 | BF12: =INDEX('18 KMP- Tháng'!$AS$6:$BD$29,MATCH($A12,'18 KMP- Tháng'!$A$6:$A$29,0),MATCH(BF$7,'18 KMP- Tháng'!$AS$2:$BD$2,0)) -> 0 | BG12: =INDEX('18 KMP- Tháng'!$AS$6:$BD$29,MATCH($A12,'18 KMP- Tháng'!$A$6:$A$29,0),MATCH(BG$7,'18 KMP- Tháng'!$AS$2:$BD$2,0)) -> 0 | BH12: =INDEX('18 KMP- Tháng'!$AS$6:$BD$29,MATCH($A12,'18 KMP- Tháng'!$A$6:$A$29,0),MATCH(BH$7,'18 KMP- Tháng'!$AS$2:$BD$2,0)) -> 0 | BI12: =INDEX('18 KMP- Tháng'!$AS$6:$BD$29,MATCH($A12,'18 KMP- Tháng'!$A$6:$A$29,0),MATCH(BI$7,'18 KMP- Tháng'!$AS$2:$BD$2,0)) -> 0 | BJ12: =INDEX('18 KMP- Tháng'!$AS$6:$BD$29,MATCH($A12,'18 KMP- Tháng'!$A$6:$A$29,0),MATCH(BJ$7,'18 KMP- Tháng'!$AS$2:$BD$2,0)) -> 0 | BK12: =INDEX('18 KMP- Tháng'!$AS$6:$BD$29,MATCH($A12,'18 KMP- Tháng'!$A$6:$A$29,0),MATCH(BK$7,'18 KMP- Tháng'!$AS$2:$BD$2,0)) -> 0 | BL12: =INDEX('18 KMP- Tháng'!$AS$6:$BD$29,MATCH($A12,'18 KMP- Tháng'!$A$6:$A$29,0),MATCH(BL$7,'18 KMP- Tháng'!$AS$2:$BD$2,0)) -> 0 | BM12: =INDEX('18 KMP- Tháng'!$AS$6:$BD$29,MATCH($A12,'18 KMP- Tháng'!$A$6:$A$29,0),MATCH(BM$7,'18 KMP- Tháng'!$AS$2:$BD$2,0)) -> 0 | ... BQ12: =INDEX('18 KMP- Tháng'!$AS$6:$BD$29,MATCH($A12,'18 KMP- Tháng'!$A$6:$A$29,0),MATCH(BQ$7,'18 KMP- Tháng'!$AS$2:$BD$2,0)) -> 0 | BR12: =SUM(BF12:BQ12)/COUNTIFS($BF$29:$BQ$29,"<>"&0) -> 0 | BS12: =SUM(BF12:BQ12) -> 0 | BT12: =IFERROR(BF12/AS12-1,"-") -> - | BU12: =BS12/$BS$29 -> 0
A13: 7 | B13: =B12+1 -> 4 | C13: Biến phí | D13: Phụ gia theo Bom | E13: =INDEX('18 KMP- Tháng'!$E$6:$Q$29,MATCH($A13,'18 KMP- Tháng'!$A$6:$A$29,0),MATCH(E$7,'18 KMP- Tháng'!$E$2:$P$2,0)) -> 67.509566 | F13: =INDEX('18 KMP- Tháng'!$E$6:$Q$29,MATCH($A13,'18 KMP- Tháng'!$A$6:$A$29,0),MATCH(F$7,'18 KMP- Tháng'!$E$2:$P$2,0)) -> 146.57459 | G13: =INDEX('18 KMP- Tháng'!$E$6:$Q$29,MATCH($A13,'18 KMP- Tháng'!$A$6:$A$29,0),MATCH(G$7,'18 KMP- Tháng'!$E$2:$P$2,0)) -> 512.58851 | H13: =INDEX('18 KMP- Tháng'!$E$6:$Q$29,MATCH($A13,'18 KMP- Tháng'!$A$6:$A$29,0),MATCH(H$7,'18 KMP- Tháng'!$E$2:$P$2,0)) -> 669.23911 | I13: =INDEX('18 KMP- Tháng'!$E$6:$Q$29,MATCH($A13,'18 KMP- Tháng'!$A$6:$A$29,0),MATCH(I$7,'18 KMP- Tháng'!$E$2:$P$2,0)) -> 986.13165 | J13: =INDEX('18 KMP- Tháng'!$E$6:$Q$29,MATCH($A13,'18 KMP- Tháng'!$A$6:$A$29,0),MATCH(J$7,'18 KMP- Tháng'!$E$2:$P$2,0)) -> 456.94688 | K13: =INDEX('18 KMP- Tháng'!$E$6:$Q$29,MATCH($A13,'18 KMP- Tháng'!$A$6:$A$29,0),MATCH(K$7,'18 KMP- Tháng'!$E$2:$P$2,0)) -> 1054.6791 | L13: =INDEX('18 KMP- Tháng'!$E$6:$Q$29,MATCH($A13,'18 KMP- Tháng'!$A$6:$A$29,0),MATCH(L$7,'18 KMP- Tháng'!$E$2:$P$2,0)) -> 1179.6289 | ... P13: =INDEX('18 KMP- Tháng'!$E$6:$Q$29,MATCH($A13,'18 KMP- Tháng'!$A$6:$A$29,0),MATCH(P$7,'18 KMP- Tháng'!$E$2:$P$2,0)) -> 2043.1246 | Q13: =AVERAGE(E13:P13) -> 966.8118 | R13: =INDEX('18 KMP- Tháng'!$R$6:$AC$24,MATCH($A13,'18 KMP- Tháng'!$A$6:$A$24,0),MATCH(R$7,'18 KMP- Tháng'!$R$2:$AC$2,0)) -> 1729.6175 | S13: =INDEX('18 KMP- Tháng'!$R$6:$AC$24,MATCH($A13,'18 KMP- Tháng'!$A$6:$A$24,0),MATCH(S$7,'18 KMP- Tháng'!$R$2:$AC$2,0)) -> 1517.4507 | T13: =INDEX('18 KMP- Tháng'!$R$6:$AC$24,MATCH($A13,'18 KMP- Tháng'!$A$6:$A$24,0),MATCH(T$7,'18 KMP- Tháng'!$R$2:$AC$2,0)) -> 1767.7928 | U13: =INDEX('18 KMP- Tháng'!$R$6:$AC$24,MATCH($A13,'18 KMP- Tháng'!$A$6:$A$24,0),MATCH(U$7,'18 KMP- Tháng'!$R$2:$AC$2,0)) -> 1045.853 | V13: =INDEX('18 KMP- Tháng'!$R$6:$AC$24,MATCH($A13,'18 KMP- Tháng'!$A$6:$A$24,0),MATCH(V$7,'18 KMP- Tháng'!$R$2:$AC$2,0)) -> 972.02423 | W13: =INDEX('18 KMP- Tháng'!$R$6:$AC$24,MATCH($A13,'18 KMP- Tháng'!$A$6:$A$24,0),MATCH(W$7,'18 KMP- Tháng'!$R$2:$AC$2,0)) -> 591.19552 | X13: =INDEX('18 KMP- Tháng'!$R$6:$AC$24,MATCH($A13,'18 KMP- Tháng'!$A$6:$A$24,0),MATCH(X$7,'18 KMP- Tháng'!$R$2:$AC$2,0)) -> 1077.2919 | Y13: =INDEX('18 KMP- Tháng'!$R$6:$AC$24,MATCH($A13,'18 KMP- Tháng'!$A$6:$A$24,0),MATCH(Y$7,'18 KMP- Tháng'!$R$2:$AC$2,0)) -> 549.30052 | ... AC13: =INDEX('18 KMP- Tháng'!$R$6:$AC$24,MATCH($A13,'18 KMP- Tháng'!$A$6:$A$24,0),MATCH(AC$7,'18 KMP- Tháng'!$R$2:$AC$2,0)) -> 321.65228 | AD13: =AVERAGE(R13:AC13) -> 1188.1878 | AE13: =INDEX('18 KMP- Tháng'!$AF$6:$AQ$29,MATCH($A13,'18 KMP- Tháng'!$A$6:$A$29,0),MATCH(AE$7,'18 KMP- Tháng'!$AF$2:$AQ$2,0)) -> 333.0016 | AF13: =INDEX('18 KMP- Tháng'!$AF$6:$AQ$29,MATCH($A13,'18 KMP- Tháng'!$A$6:$A$29,0),MATCH(AF$7,'18 KMP- Tháng'!$AF$2:$AQ$2,0)) -> 880.94691 | AG13: =INDEX('18 KMP- Tháng'!$AF$6:$AQ$29,MATCH($A13,'18 KMP- Tháng'!$A$6:$A$29,0),MATCH(AG$7,'18 KMP- Tháng'!$AF$2:$AQ$2,0)) -> 1570.4421 | AH13: =INDEX('18 KMP- Tháng'!$AF$6:$AQ$29,MATCH($A13,'18 KMP- Tháng'!$A$6:$A$29,0),MATCH(AH$7,'18 KMP- Tháng'!$AF$2:$AQ$2,0)) -> 1637.6224 | AI13: =INDEX('18 KMP- Tháng'!$AF$6:$AQ$29,MATCH($A13,'18 KMP- Tháng'!$A$6:$A$29,0),MATCH(AI$7,'18 KMP- Tháng'!$AF$2:$AQ$2,0)) -> 1960.9722 | AJ13: =INDEX('18 KMP- Tháng'!$AF$6:$AQ$29,MATCH($A13,'18 KMP- Tháng'!$A$6:$A$29,0),MATCH(AJ$7,'18 KMP- Tháng'!$AF$2:$AQ$2,0)) -> 1965.8737 | AK13: =INDEX('18 KMP- Tháng'!$AF$6:$AQ$29,MATCH($A13,'18 KMP- Tháng'!$A$6:$A$29,0),MATCH(AK$7,'18 KMP- Tháng'!$AF$2:$AQ$2,0)) -> 2547.1121 | AL13: =INDEX('18 KMP- Tháng'!$AF$6:$AQ$29,MATCH($A13,'18 KMP- Tháng'!$A$6:$A$29,0),MATCH(AL$7,'18 KMP- Tháng'!$AF$2:$AQ$2,0)) -> 2288.5134 | ... AP13: =INDEX('18 KMP- Tháng'!$AF$6:$AQ$29,MATCH($A13,'18 KMP- Tháng'!$A$6:$A$29,0),MATCH(AP$7,'18 KMP- Tháng'!$AF$2:$AQ$2,0)) -> 1143.2731 | AQ13: =SUM(AE13:AP13)/COUNTIFS($AE$29:$AP$29,"<>"&0) -> 1457.5195 | AR13: =SUM(AE13:AP13) -> 17490.234 | AS13: =INDEX('18 KMP- Tháng'!$BH$6:$BS$29,MATCH($A13,'18 KMP- Tháng'!$A$6:$A$29,0),MATCH(AS$7,'18 KMP- Tháng'!$BH$2:$BS$2,0)) -> 1261.1159 | AT13: =INDEX('18 KMP- Tháng'!$BH$6:$BS$29,MATCH($A13,'18 KMP- Tháng'!$A$6:$A$29,0),MATCH(AT$7,'18 KMP- Tháng'!$BH$2:$BS$2,0)) -> 1061.7856 | AU13: =INDEX('18 KMP- Tháng'!$BH$6:$BS$29,MATCH($A13,'18 KMP- Tháng'!$A$6:$A$29,0),MATCH(AU$7,'18 KMP- Tháng'!$BH$2:$BS$2,0)) -> 1335.6927 | AV13: =INDEX('18 KMP- Tháng'!$BH$6:$BS$29,MATCH($A13,'18 KMP- Tháng'!$A$6:$A$29,0),MATCH(AV$7,'18 KMP- Tháng'!$BH$2:$BS$2,0)) -> 1335.6927 | AW13: =INDEX('18 KMP- Tháng'!$BH$6:$BS$29,MATCH($A13,'18 KMP- Tháng'!$A$6:$A$29,0),MATCH(AW$7,'18 KMP- Tháng'!$BH$2:$BS$2,0)) -> 1335.6927 | AX13: =INDEX('18 KMP- Tháng'!$BH$6:$BS$29,MATCH($A13,'18 KMP- Tháng'!$A$6:$A$29,0),MATCH(AX$7,'18 KMP- Tháng'!$BH$2:$BS$2,0)) -> 1367.5559 | AY13: =INDEX('18 KMP- Tháng'!$BH$6:$BS$29,MATCH($A13,'18 KMP- Tháng'!$A$6:$A$29,0),MATCH(AY$7,'18 KMP- Tháng'!$BH$2:$BS$2,0)) -> 1380.1001 | AZ13: =INDEX('18 KMP- Tháng'!$BH$6:$BS$29,MATCH($A13,'18 KMP- Tháng'!$A$6:$A$29,0),MATCH(AZ$7,'18 KMP- Tháng'!$BH$2:$BS$2,0)) -> 1411.9633 | ... BD13: =INDEX('18 KMP- Tháng'!$BH$6:$BS$29,MATCH($A13,'18 KMP- Tháng'!$A$6:$A$29,0),MATCH(BD$7,'18 KMP- Tháng'!$BH$2:$BS$2,0)) -> 1411.9633 | BE13: =AVERAGE(AS13:BD13) -> 1339.4771 | BF13: =INDEX('18 KMP- Tháng'!$AS$6:$BD$29,MATCH($A13,'18 KMP- Tháng'!$A$6:$A$29,0),MATCH(BF$7,'18 KMP- Tháng'!$AS$2:$BD$2,0)) -> 891.17734 | BG13: =INDEX('18 KMP- Tháng'!$AS$6:$BD$29,MATCH($A13,'18 KMP- Tháng'!$A$6:$A$29,0),MATCH(BG$7,'18 KMP- Tháng'!$AS$2:$BD$2,0)) -> 288.5613 | BH13: =INDEX('18 KMP- Tháng'!$AS$6:$BD$29,MATCH($A13,'18 KMP- Tháng'!$A$6:$A$29,0),MATCH(BH$7,'18 KMP- Tháng'!$AS$2:$BD$2,0)) -> 1763.3356 | BI13: =INDEX('18 KMP- Tháng'!$AS$6:$BD$29,MATCH($A13,'18 KMP- Tháng'!$A$6:$A$29,0),MATCH(BI$7,'18 KMP- Tháng'!$AS$2:$BD$2,0)) -> 1386.5964 | BJ13: =INDEX('18 KMP- Tháng'!$AS$6:$BD$29,MATCH($A13,'18 KMP- Tháng'!$A$6:$A$29,0),MATCH(BJ$7,'18 KMP- Tháng'!$AS$2:$BD$2,0)) -> 1815.0415 | BK13: =INDEX('18 KMP- Tháng'!$AS$6:$BD$29,MATCH($A13,'18 KMP- Tháng'!$A$6:$A$29,0),MATCH(BK$7,'18 KMP- Tháng'!$AS$2:$BD$2,0)) -> 0 | BL13: =INDEX('18 KMP- Tháng'!$AS$6:$BD$29,MATCH($A13,'18 KMP- Tháng'!$A$6:$A$29,0),MATCH(BL$7,'18 KMP- Tháng'!$AS$2:$BD$2,0)) -> 0 | BM13: =INDEX('18 KMP- Tháng'!$AS$6:$BD$29,MATCH($A13,'18 KMP- Tháng'!$A$6:$A$29,0),MATCH(BM$7,'18 KMP- Tháng'!$AS$2:$BD$2,0)) -> 0 | ... BQ13: =INDEX('18 KMP- Tháng'!$AS$6:$BD$29,MATCH($A13,'18 KMP- Tháng'!$A$6:$A$29,0),MATCH(BQ$7,'18 KMP- Tháng'!$AS$2:$BD$2,0)) -> 0 | BR13: =SUM(BF13:BQ13)/COUNTIFS($BF$29:$BQ$29,"<>"&0) -> 1228.9424 | BS13: =SUM(BF13:BQ13) -> 6144.712 | BT13: =IFERROR(BF13/AS13-1,"-") -> -0.29334225 | BU13: =BS13/$BS$29 -> 0.013494135
A14: 8 | B14: =B13+1 -> 5 | C14: Biến phí | D14: Vật liệu phục vụ SX | E14: =INDEX('18 KMP- Tháng'!$E$6:$Q$29,MATCH($A14,'18 KMP- Tháng'!$A$6:$A$29,0),MATCH(E$7,'18 KMP- Tháng'!$E$2:$P$2,0)) -> 506.18997 | F14: =INDEX('18 KMP- Tháng'!$E$6:$Q$29,MATCH($A14,'18 KMP- Tháng'!$A$6:$A$29,0),MATCH(F$7,'18 KMP- Tháng'!$E$2:$P$2,0)) -> 672.82796 | G14: =INDEX('18 KMP- Tháng'!$E$6:$Q$29,MATCH($A14,'18 KMP- Tháng'!$A$6:$A$29,0),MATCH(G$7,'18 KMP- Tháng'!$E$2:$P$2,0)) -> 560.09279 | H14: =INDEX('18 KMP- Tháng'!$E$6:$Q$29,MATCH($A14,'18 KMP- Tháng'!$A$6:$A$29,0),MATCH(H$7,'18 KMP- Tháng'!$E$2:$P$2,0)) -> 560.44612 | I14: =INDEX('18 KMP- Tháng'!$E$6:$Q$29,MATCH($A14,'18 KMP- Tháng'!$A$6:$A$29,0),MATCH(I$7,'18 KMP- Tháng'!$E$2:$P$2,0)) -> 799.14081 | J14: =INDEX('18 KMP- Tháng'!$E$6:$Q$29,MATCH($A14,'18 KMP- Tháng'!$A$6:$A$29,0),MATCH(J$7,'18 KMP- Tháng'!$E$2:$P$2,0)) -> 873.28511 | K14: =INDEX('18 KMP- Tháng'!$E$6:$Q$29,MATCH($A14,'18 KMP- Tháng'!$A$6:$A$29,0),MATCH(K$7,'18 KMP- Tháng'!$E$2:$P$2,0)) -> 761.83256 | L14: =INDEX('18 KMP- Tháng'!$E$6:$Q$29,MATCH($A14,'18 KMP- Tháng'!$A$6:$A$29,0),MATCH(L$7,'18 KMP- Tháng'!$E$2:$P$2,0)) -> 645.47634 | ... P14: =INDEX('18 KMP- Tháng'!$E$6:$Q$29,MATCH($A14,'18 KMP- Tháng'!$A$6:$A$29,0),MATCH(P$7,'18 KMP- Tháng'!$E$2:$P$2,0)) -> 659.73067 | Q14: =AVERAGE(E14:P14) -> 613.60756 | R14: =INDEX('18 KMP- Tháng'!$R$6:$AC$24,MATCH($A14,'18 KMP- Tháng'!$A$6:$A$24,0),MATCH(R$7,'18 KMP- Tháng'!$R$2:$AC$2,0)) -> 1024.1533 | S14: =INDEX('18 KMP- Tháng'!$R$6:$AC$24,MATCH($A14,'18 KMP- Tháng'!$A$6:$A$24,0),MATCH(S$7,'18 KMP- Tháng'!$R$2:$AC$2,0)) -> 494.67675 | T14: =INDEX('18 KMP- Tháng'!$R$6:$AC$24,MATCH($A14,'18 KMP- Tháng'!$A$6:$A$24,0),MATCH(T$7,'18 KMP- Tháng'!$R$2:$AC$2,0)) -> 832.50089 | U14: =INDEX('18 KMP- Tháng'!$R$6:$AC$24,MATCH($A14,'18 KMP- Tháng'!$A$6:$A$24,0),MATCH(U$7,'18 KMP- Tháng'!$R$2:$AC$2,0)) -> 1314.4848 | V14: =INDEX('18 KMP- Tháng'!$R$6:$AC$24,MATCH($A14,'18 KMP- Tháng'!$A$6:$A$24,0),MATCH(V$7,'18 KMP- Tháng'!$R$2:$AC$2,0)) -> 883.52531 | W14: =INDEX('18 KMP- Tháng'!$R$6:$AC$24,MATCH($A14,'18 KMP- Tháng'!$A$6:$A$24,0),MATCH(W$7,'18 KMP- Tháng'!$R$2:$AC$2,0)) -> 901.03992 | X14: =INDEX('18 KMP- Tháng'!$R$6:$AC$24,MATCH($A14,'18 KMP- Tháng'!$A$6:$A$24,0),MATCH(X$7,'18 KMP- Tháng'!$R$2:$AC$2,0)) -> 420.23725 | Y14: =INDEX('18 KMP- Tháng'!$R$6:$AC$24,MATCH($A14,'18 KMP- Tháng'!$A$6:$A$24,0),MATCH(Y$7,'18 KMP- Tháng'!$R$2:$AC$2,0)) -> 546.30616 | ... AC14: =INDEX('18 KMP- Tháng'!$R$6:$AC$24,MATCH($A14,'18 KMP- Tháng'!$A$6:$A$24,0),MATCH(AC$7,'18 KMP- Tháng'!$R$2:$AC$2,0)) -> 606.28838 | AD14: =AVERAGE(R14:AC14) -> 715.36335 | AE14: =INDEX('18 KMP- Tháng'!$AF$6:$AQ$29,MATCH($A14,'18 KMP- Tháng'!$A$6:$A$29,0),MATCH(AE$7,'18 KMP- Tháng'!$AF$2:$AQ$2,0)) -> 605.82139 | AF14: =INDEX('18 KMP- Tháng'!$AF$6:$AQ$29,MATCH($A14,'18 KMP- Tháng'!$A$6:$A$29,0),MATCH(AF$7,'18 KMP- Tháng'!$AF$2:$AQ$2,0)) -> 632.16747 | AG14: =INDEX('18 KMP- Tháng'!$AF$6:$AQ$29,MATCH($A14,'18 KMP- Tháng'!$A$6:$A$29,0),MATCH(AG$7,'18 KMP- Tháng'!$AF$2:$AQ$2,0)) -> 631.30053 | AH14: =INDEX('18 KMP- Tháng'!$AF$6:$AQ$29,MATCH($A14,'18 KMP- Tháng'!$A$6:$A$29,0),MATCH(AH$7,'18 KMP- Tháng'!$AF$2:$AQ$2,0)) -> 952.50042 | AI14: =INDEX('18 KMP- Tháng'!$AF$6:$AQ$29,MATCH($A14,'18 KMP- Tháng'!$A$6:$A$29,0),MATCH(AI$7,'18 KMP- Tháng'!$AF$2:$AQ$2,0)) -> 688.62718 | AJ14: =INDEX('18 KMP- Tháng'!$AF$6:$AQ$29,MATCH($A14,'18 KMP- Tháng'!$A$6:$A$29,0),MATCH(AJ$7,'18 KMP- Tháng'!$AF$2:$AQ$2,0)) -> 708.02669 | AK14: =INDEX('18 KMP- Tháng'!$AF$6:$AQ$29,MATCH($A14,'18 KMP- Tháng'!$A$6:$A$29,0),MATCH(AK$7,'18 KMP- Tháng'!$AF$2:$AQ$2,0)) -> 711.72475 | AL14: =INDEX('18 KMP- Tháng'!$AF$6:$AQ$29,MATCH($A14,'18 KMP- Tháng'!$A$6:$A$29,0),MATCH(AL$7,'18 KMP- Tháng'!$AF$2:$AQ$2,0)) -> 825.34859 | ... AP14: =INDEX('18 KMP- Tháng'!$AF$6:$AQ$29,MATCH($A14,'18 KMP- Tháng'!$A$6:$A$29,0),MATCH(AP$7,'18 KMP- Tháng'!$AF$2:$AQ$2,0)) -> 605.37268 | AQ14: =SUM(AE14:AP14)/COUNTIFS($AE$29:$AP$29,"<>"&0) -> 682.17334 | AR14: =SUM(AE14:AP14) -> 8186.0801 | AS14: =INDEX('18 KMP- Tháng'!$BH$6:$BS$29,MATCH($A14,'18 KMP- Tháng'!$A$6:$A$29,0),MATCH(AS$7,'18 KMP- Tháng'!$BH$2:$BS$2,0)) -> 830.57138 | AT14: =INDEX('18 KMP- Tháng'!$BH$6:$BS$29,MATCH($A14,'18 KMP- Tháng'!$A$6:$A$29,0),MATCH(AT$7,'18 KMP- Tháng'!$BH$2:$BS$2,0)) -> 821.44441 | AU14: =INDEX('18 KMP- Tháng'!$BH$6:$BS$29,MATCH($A14,'18 KMP- Tháng'!$A$6:$A$29,0),MATCH(AU$7,'18 KMP- Tháng'!$BH$2:$BS$2,0)) -> 888.06936 | AV14: =INDEX('18 KMP- Tháng'!$BH$6:$BS$29,MATCH($A14,'18 KMP- Tháng'!$A$6:$A$29,0),MATCH(AV$7,'18 KMP- Tháng'!$BH$2:$BS$2,0)) -> 885.34368 | AW14: =INDEX('18 KMP- Tháng'!$BH$6:$BS$29,MATCH($A14,'18 KMP- Tháng'!$A$6:$A$29,0),MATCH(AW$7,'18 KMP- Tháng'!$BH$2:$BS$2,0)) -> 869.69543 | AX14: =INDEX('18 KMP- Tháng'!$BH$6:$BS$29,MATCH($A14,'18 KMP- Tháng'!$A$6:$A$29,0),MATCH(AX$7,'18 KMP- Tháng'!$BH$2:$BS$2,0)) -> 895.74545 | AY14: =INDEX('18 KMP- Tháng'!$BH$6:$BS$29,MATCH($A14,'18 KMP- Tháng'!$A$6:$A$29,0),MATCH(AY$7,'18 KMP- Tháng'!$BH$2:$BS$2,0)) -> 884.57374 | AZ14: =INDEX('18 KMP- Tháng'!$BH$6:$BS$29,MATCH($A14,'18 KMP- Tháng'!$A$6:$A$29,0),MATCH(AZ$7,'18 KMP- Tháng'!$BH$2:$BS$2,0)) -> 863.51318 | ... BD14: =INDEX('18 KMP- Tháng'!$BH$6:$BS$29,MATCH($A14,'18 KMP- Tháng'!$A$6:$A$29,0),MATCH(BD$7,'18 KMP- Tháng'!$BH$2:$BS$2,0)) -> 862.72621 | BE14: =AVERAGE(AS14:BD14) -> 873.5228 | BF14: =INDEX('18 KMP- Tháng'!$AS$6:$BD$29,MATCH($A14,'18 KMP- Tháng'!$A$6:$A$29,0),MATCH(BF$7,'18 KMP- Tháng'!$AS$2:$BD$2,0)) -> 716.76955 | BG14: =INDEX('18 KMP- Tháng'!$AS$6:$BD$29,MATCH($A14,'18 KMP- Tháng'!$A$6:$A$29,0),MATCH(BG$7,'18 KMP- Tháng'!$AS$2:$BD$2,0)) -> 416.00508 | BH14: =INDEX('18 KMP- Tháng'!$AS$6:$BD$29,MATCH($A14,'18 KMP- Tháng'!$A$6:$A$29,0),MATCH(BH$7,'18 KMP- Tháng'!$AS$2:$BD$2,0)) -> 995.70252 | BI14: =INDEX('18 KMP- Tháng'!$AS$6:$BD$29,MATCH($A14,'18 KMP- Tháng'!$A$6:$A$29,0),MATCH(BI$7,'18 KMP- Tháng'!$AS$2:$BD$2,0)) -> 756.27039 | BJ14: =INDEX('18 KMP- Tháng'!$AS$6:$BD$29,MATCH($A14,'18 KMP- Tháng'!$A$6:$A$29,0),MATCH(BJ$7,'18 KMP- Tháng'!$AS$2:$BD$2,0)) -> 660.65853 | BK14: =INDEX('18 KMP- Tháng'!$AS$6:$BD$29,MATCH($A14,'18 KMP- Tháng'!$A$6:$A$29,0),MATCH(BK$7,'18 KMP- Tháng'!$AS$2:$BD$2,0)) -> 0 | BL14: =INDEX('18 KMP- Tháng'!$AS$6:$BD$29,MATCH($A14,'18 KMP- Tháng'!$A$6:$A$29,0),MATCH(BL$7,'18 KMP- Tháng'!$AS$2:$BD$2,0)) -> 0 | BM14: =INDEX('18 KMP- Tháng'!$AS$6:$BD$29,MATCH($A14,'18 KMP- Tháng'!$A$6:$A$29,0),MATCH(BM$7,'18 KMP- Tháng'!$AS$2:$BD$2,0)) -> 0 | ... BQ14: =INDEX('18 KMP- Tháng'!$AS$6:$BD$29,MATCH($A14,'18 KMP- Tháng'!$A$6:$A$29,0),MATCH(BQ$7,'18 KMP- Tháng'!$AS$2:$BD$2,0)) -> 0 | BR14: =SUM(BF14:BQ14)/COUNTIFS($BF$29:$BQ$29,"<>"&0) -> 709.08121 | BS14: =SUM(BF14:BQ14) -> 3545.4061 | BT14: =IFERROR(BF14/AS14-1,"-") -> -0.13701632 | BU14: =BS14/$BS$29 -> 0.0077859119
A15: 9 | B15: =B14+1 -> 6 | C15: Biến phí | D15: Bao bì theo Bom | E15: =INDEX('18 KMP- Tháng'!$E$6:$Q$29,MATCH($A15,'18 KMP- Tháng'!$A$6:$A$29,0),MATCH(E$7,'18 KMP- Tháng'!$E$2:$P$2,0)) -> 152.05215 | F15: =INDEX('18 KMP- Tháng'!$E$6:$Q$29,MATCH($A15,'18 KMP- Tháng'!$A$6:$A$29,0),MATCH(F$7,'18 KMP- Tháng'!$E$2:$P$2,0)) -> 295.56509 | G15: =INDEX('18 KMP- Tháng'!$E$6:$Q$29,MATCH($A15,'18 KMP- Tháng'!$A$6:$A$29,0),MATCH(G$7,'18 KMP- Tháng'!$E$2:$P$2,0)) -> 305.73982 | H15: =INDEX('18 KMP- Tháng'!$E$6:$Q$29,MATCH($A15,'18 KMP- Tháng'!$A$6:$A$29,0),MATCH(H$7,'18 KMP- Tháng'!$E$2:$P$2,0)) -> 277.99662 | I15: =INDEX('18 KMP- Tháng'!$E$6:$Q$29,MATCH($A15,'18 KMP- Tháng'!$A$6:$A$29,0),MATCH(I$7,'18 KMP- Tháng'!$E$2:$P$2,0)) -> 375.61648 | J15: =INDEX('18 KMP- Tháng'!$E$6:$Q$29,MATCH($A15,'18 KMP- Tháng'!$A$6:$A$29,0),MATCH(J$7,'18 KMP- Tháng'!$E$2:$P$2,0)) -> 369.88612 | K15: =INDEX('18 KMP- Tháng'!$E$6:$Q$29,MATCH($A15,'18 KMP- Tháng'!$A$6:$A$29,0),MATCH(K$7,'18 KMP- Tháng'!$E$2:$P$2,0)) -> 387.17142 | L15: =INDEX('18 KMP- Tháng'!$E$6:$Q$29,MATCH($A15,'18 KMP- Tháng'!$A$6:$A$29,0),MATCH(L$7,'18 KMP- Tháng'!$E$2:$P$2,0)) -> 391.41398 | ... P15: =INDEX('18 KMP- Tháng'!$E$6:$Q$29,MATCH($A15,'18 KMP- Tháng'!$A$6:$A$29,0),MATCH(P$7,'18 KMP- Tháng'!$E$2:$P$2,0)) -> 684.97182 | Q15: =AVERAGE(E15:P15) -> 363.45366 | R15: =INDEX('18 KMP- Tháng'!$R$6:$AC$24,MATCH($A15,'18 KMP- Tháng'!$A$6:$A$24,0),MATCH(R$7,'18 KMP- Tháng'!$R$2:$AC$2,0)) -> 914.03018 | S15: =INDEX('18 KMP- Tháng'!$R$6:$AC$24,MATCH($A15,'18 KMP- Tháng'!$A$6:$A$24,0),MATCH(S$7,'18 KMP- Tháng'!$R$2:$AC$2,0)) -> 427.32569 | T15: =INDEX('18 KMP- Tháng'!$R$6:$AC$24,MATCH($A15,'18 KMP- Tháng'!$A$6:$A$24,0),MATCH(T$7,'18 KMP- Tháng'!$R$2:$AC$2,0)) -> 761.12916 | U15: =INDEX('18 KMP- Tháng'!$R$6:$AC$24,MATCH($A15,'18 KMP- Tháng'!$A$6:$A$24,0),MATCH(U$7,'18 KMP- Tháng'!$R$2:$AC$2,0)) -> 676.13009 | V15: =INDEX('18 KMP- Tháng'!$R$6:$AC$24,MATCH($A15,'18 KMP- Tháng'!$A$6:$A$24,0),MATCH(V$7,'18 KMP- Tháng'!$R$2:$AC$2,0)) -> 693.03545 | W15: =INDEX('18 KMP- Tháng'!$R$6:$AC$24,MATCH($A15,'18 KMP- Tháng'!$A$6:$A$24,0),MATCH(W$7,'18 KMP- Tháng'!$R$2:$AC$2,0)) -> 782.9713 | X15: =INDEX('18 KMP- Tháng'!$R$6:$AC$24,MATCH($A15,'18 KMP- Tháng'!$A$6:$A$24,0),MATCH(X$7,'18 KMP- Tháng'!$R$2:$AC$2,0)) -> 321.45074 | Y15: =INDEX('18 KMP- Tháng'!$R$6:$AC$24,MATCH($A15,'18 KMP- Tháng'!$A$6:$A$24,0),MATCH(Y$7,'18 KMP- Tháng'!$R$2:$AC$2,0)) -> 361.48229 | ... AC15: =INDEX('18 KMP- Tháng'!$R$6:$AC$24,MATCH($A15,'18 KMP- Tháng'!$A$6:$A$24,0),MATCH(AC$7,'18 KMP- Tháng'!$R$2:$AC$2,0)) -> 612.23484 | AD15: =AVERAGE(R15:AC15) -> 633.15965 | AE15: =INDEX('18 KMP- Tháng'!$AF$6:$AQ$29,MATCH($A15,'18 KMP- Tháng'!$A$6:$A$29,0),MATCH(AE$7,'18 KMP- Tháng'!$AF$2:$AQ$2,0)) -> 300.54102 | AF15: =INDEX('18 KMP- Tháng'!$AF$6:$AQ$29,MATCH($A15,'18 KMP- Tháng'!$A$6:$A$29,0),MATCH(AF$7,'18 KMP- Tháng'!$AF$2:$AQ$2,0)) -> 507.62119 | AG15: =INDEX('18 KMP- Tháng'!$AF$6:$AQ$29,MATCH($A15,'18 KMP- Tháng'!$A$6:$A$29,0),MATCH(AG$7,'18 KMP- Tháng'!$AF$2:$AQ$2,0)) -> 790.04556 | AH15: =INDEX('18 KMP- Tháng'!$AF$6:$AQ$29,MATCH($A15,'18 KMP- Tháng'!$A$6:$A$29,0),MATCH(AH$7,'18 KMP- Tháng'!$AF$2:$AQ$2,0)) -> 662.42186 | AI15: =INDEX('18 KMP- Tháng'!$AF$6:$AQ$29,MATCH($A15,'18 KMP- Tháng'!$A$6:$A$29,0),MATCH(AI$7,'18 KMP- Tháng'!$AF$2:$AQ$2,0)) -> 955.79571 | AJ15: =INDEX('18 KMP- Tháng'!$AF$6:$AQ$29,MATCH($A15,'18 KMP- Tháng'!$A$6:$A$29,0),MATCH(AJ$7,'18 KMP- Tháng'!$AF$2:$AQ$2,0)) -> 756.01674 | AK15: =INDEX('18 KMP- Tháng'!$AF$6:$AQ$29,MATCH($A15,'18 KMP- Tháng'!$A$6:$A$29,0),MATCH(AK$7,'18 KMP- Tháng'!$AF$2:$AQ$2,0)) -> 856.03757 | AL15: =INDEX('18 KMP- Tháng'!$AF$6:$AQ$29,MATCH($A15,'18 KMP- Tháng'!$A$6:$A$29,0),MATCH(AL$7,'18 KMP- Tháng'!$AF$2:$AQ$2,0)) -> 870.71485 | ... AP15: =INDEX('18 KMP- Tháng'!$AF$6:$AQ$29,MATCH($A15,'18 KMP- Tháng'!$A$6:$A$29,0),MATCH(AP$7,'18 KMP- Tháng'!$AF$2:$AQ$2,0)) -> 735.36081 | AQ15: =SUM(AE15:AP15)/COUNTIFS($AE$29:$AP$29,"<>"&0) -> 707.55683 | AR15: =SUM(AE15:AP15) -> 8490.6819 | AS15: =INDEX('18 KMP- Tháng'!$BH$6:$BS$29,MATCH($A15,'18 KMP- Tháng'!$A$6:$A$29,0),MATCH(AS$7,'18 KMP- Tháng'!$BH$2:$BS$2,0)) -> 679.00817 | AT15: =INDEX('18 KMP- Tháng'!$BH$6:$BS$29,MATCH($A15,'18 KMP- Tháng'!$A$6:$A$29,0),MATCH(AT$7,'18 KMP- Tháng'!$BH$2:$BS$2,0)) -> 562.30503 | AU15: =INDEX('18 KMP- Tháng'!$BH$6:$BS$29,MATCH($A15,'18 KMP- Tháng'!$A$6:$A$29,0),MATCH(AU$7,'18 KMP- Tháng'!$BH$2:$BS$2,0)) -> 711.91298 | AV15: =INDEX('18 KMP- Tháng'!$BH$6:$BS$29,MATCH($A15,'18 KMP- Tháng'!$A$6:$A$29,0),MATCH(AV$7,'18 KMP- Tháng'!$BH$2:$BS$2,0)) -> 715.21167 | AW15: =INDEX('18 KMP- Tháng'!$BH$6:$BS$29,MATCH($A15,'18 KMP- Tháng'!$A$6:$A$29,0),MATCH(AW$7,'18 KMP- Tháng'!$BH$2:$BS$2,0)) -> 711.91298 | AX15: =INDEX('18 KMP- Tháng'!$BH$6:$BS$29,MATCH($A15,'18 KMP- Tháng'!$A$6:$A$29,0),MATCH(AX$7,'18 KMP- Tháng'!$BH$2:$BS$2,0)) -> 735.36096 | AY15: =INDEX('18 KMP- Tháng'!$BH$6:$BS$29,MATCH($A15,'18 KMP- Tháng'!$A$6:$A$29,0),MATCH(AY$7,'18 KMP- Tháng'!$BH$2:$BS$2,0)) -> 745.36358 | AZ15: =INDEX('18 KMP- Tháng'!$BH$6:$BS$29,MATCH($A15,'18 KMP- Tháng'!$A$6:$A$29,0),MATCH(AZ$7,'18 KMP- Tháng'!$BH$2:$BS$2,0)) -> 753.96743 | ... BD15: =INDEX('18 KMP- Tháng'!$BH$6:$BS$29,MATCH($A15,'18 KMP- Tháng'!$A$6:$A$29,0),MATCH(BD$7,'18 KMP- Tháng'!$BH$2:$BS$2,0)) -> 753.96743 | BE15: =AVERAGE(AS15:BD15) -> 718.49597 | BF15: =INDEX('18 KMP- Tháng'!$AS$6:$BD$29,MATCH($A15,'18 KMP- Tháng'!$A$6:$A$29,0),MATCH(BF$7,'18 KMP- Tháng'!$AS$2:$BD$2,0)) -> 606.64758 | BG15: =INDEX('18 KMP- Tháng'!$AS$6:$BD$29,MATCH($A15,'18 KMP- Tháng'!$A$6:$A$29,0),MATCH(BG$7,'18 KMP- Tháng'!$AS$2:$BD$2,0)) -> 347.65498 | BH15: =INDEX('18 KMP- Tháng'!$AS$6:$BD$29,MATCH($A15,'18 KMP- Tháng'!$A$6:$A$29,0),MATCH(BH$7,'18 KMP- Tháng'!$AS$2:$BD$2,0)) -> 813.9042 | BI15: =INDEX('18 KMP- Tháng'!$AS$6:$BD$29,MATCH($A15,'18 KMP- Tháng'!$A$6:$A$29,0),MATCH(BI$7,'18 KMP- Tháng'!$AS$2:$BD$2,0)) -> 1024.3973 | BJ15: =INDEX('18 KMP- Tháng'!$AS$6:$BD$29,MATCH($A15,'18 KMP- Tháng'!$A$6:$A$29,0),MATCH(BJ$7,'18 KMP- Tháng'!$AS$2:$BD$2,0)) -> 785.37371 | BK15: =INDEX('18 KMP- Tháng'!$AS$6:$BD$29,MATCH($A15,'18 KMP- Tháng'!$A$6:$A$29,0),MATCH(BK$7,'18 KMP- Tháng'!$AS$2:$BD$2,0)) -> 0 | BL15: =INDEX('18 KMP- Tháng'!$AS$6:$BD$29,MATCH($A15,'18 KMP- Tháng'!$A$6:$A$29,0),MATCH(BL$7,'18 KMP- Tháng'!$AS$2:$BD$2,0)) -> 0 | BM15: =INDEX('18 KMP- Tháng'!$AS$6:$BD$29,MATCH($A15,'18 KMP- Tháng'!$A$6:$A$29,0),MATCH(BM$7,'18 KMP- Tháng'!$AS$2:$BD$2,0)) -> 0 | ... BQ15: =INDEX('18 KMP- Tháng'!$AS$6:$BD$29,MATCH($A15,'18 KMP- Tháng'!$A$6:$A$29,0),MATCH(BQ$7,'18 KMP- Tháng'!$AS$2:$BD$2,0)) -> 0 | BR15: =SUM(BF15:BQ15)/COUNTIFS($BF$29:$BQ$29,"<>"&0) -> 715.59554 | BS15: =SUM(BF15:BQ15) -> 3577.9777 | BT15: =IFERROR(BF15/AS15-1,"-") -> -0.10656808 | BU15: =BS15/$BS$29 -> 0.0078574411
A16: 10 | B16: =B15+1 -> 7 | C16: Biến phí | D16: Xăng dầu | E16: =INDEX('18 KMP- Tháng'!$E$6:$Q$29,MATCH($A16,'18 KMP- Tháng'!$A$6:$A$29,0),MATCH(E$7,'18 KMP- Tháng'!$E$2:$P$2,0)) -> 182.59013 | F16: =INDEX('18 KMP- Tháng'!$E$6:$Q$29,MATCH($A16,'18 KMP- Tháng'!$A$6:$A$29,0),MATCH(F$7,'18 KMP- Tháng'!$E$2:$P$2,0)) -> 256.21135 | G16: =INDEX('18 KMP- Tháng'!$E$6:$Q$29,MATCH($A16,'18 KMP- Tháng'!$A$6:$A$29,0),MATCH(G$7,'18 KMP- Tháng'!$E$2:$P$2,0)) -> 301.6939 | H16: =INDEX('18 KMP- Tháng'!$E$6:$Q$29,MATCH($A16,'18 KMP- Tháng'!$A$6:$A$29,0),MATCH(H$7,'18 KMP- Tháng'!$E$2:$P$2,0)) -> 299.17255 | I16: =INDEX('18 KMP- Tháng'!$E$6:$Q$29,MATCH($A16,'18 KMP- Tháng'!$A$6:$A$29,0),MATCH(I$7,'18 KMP- Tháng'!$E$2:$P$2,0)) -> 189.9545 | J16: =INDEX('18 KMP- Tháng'!$E$6:$Q$29,MATCH($A16,'18 KMP- Tháng'!$A$6:$A$29,0),MATCH(J$7,'18 KMP- Tháng'!$E$2:$P$2,0)) -> 375.78277 | K16: =INDEX('18 KMP- Tháng'!$E$6:$Q$29,MATCH($A16,'18 KMP- Tháng'!$A$6:$A$29,0),MATCH(K$7,'18 KMP- Tháng'!$E$2:$P$2,0)) -> 320.30578 | L16: =INDEX('18 KMP- Tháng'!$E$6:$Q$29,MATCH($A16,'18 KMP- Tháng'!$A$6:$A$29,0),MATCH(L$7,'18 KMP- Tháng'!$E$2:$P$2,0)) -> 367.61022 | ... P16: =INDEX('18 KMP- Tháng'!$E$6:$Q$29,MATCH($A16,'18 KMP- Tháng'!$A$6:$A$29,0),MATCH(P$7,'18 KMP- Tháng'!$E$2:$P$2,0)) -> 393.87627 | Q16: =AVERAGE(E16:P16) -> 322.97646 | R16: =INDEX('18 KMP- Tháng'!$R$6:$AC$24,MATCH($A16,'18 KMP- Tháng'!$A$6:$A$24,0),MATCH(R$7,'18 KMP- Tháng'!$R$2:$AC$2,0)) -> 377.49691 | S16: =INDEX('18 KMP- Tháng'!$R$6:$AC$24,MATCH($A16,'18 KMP- Tháng'!$A$6:$A$24,0),MATCH(S$7,'18 KMP- Tháng'!$R$2:$AC$2,0)) -> 255.24873 | T16: =INDEX('18 KMP- Tháng'!$R$6:$AC$24,MATCH($A16,'18 KMP- Tháng'!$A$6:$A$24,0),MATCH(T$7,'18 KMP- Tháng'!$R$2:$AC$2,0)) -> 394.67352 | U16: =INDEX('18 KMP- Tháng'!$R$6:$AC$24,MATCH($A16,'18 KMP- Tháng'!$A$6:$A$24,0),MATCH(U$7,'18 KMP- Tháng'!$R$2:$AC$2,0)) -> 371.32545 | V16: =INDEX('18 KMP- Tháng'!$R$6:$AC$24,MATCH($A16,'18 KMP- Tháng'!$A$6:$A$24,0),MATCH(V$7,'18 KMP- Tháng'!$R$2:$AC$2,0)) -> 367.60268 | W16: =INDEX('18 KMP- Tháng'!$R$6:$AC$24,MATCH($A16,'18 KMP- Tháng'!$A$6:$A$24,0),MATCH(W$7,'18 KMP- Tháng'!$R$2:$AC$2,0)) -> 326.45109 | X16: =INDEX('18 KMP- Tháng'!$R$6:$AC$24,MATCH($A16,'18 KMP- Tháng'!$A$6:$A$24,0),MATCH(X$7,'18 KMP- Tháng'!$R$2:$AC$2,0)) -> 297.34215 | Y16: =INDEX('18 KMP- Tháng'!$R$6:$AC$24,MATCH($A16,'18 KMP- Tháng'!$A$6:$A$24,0),MATCH(Y$7,'18 KMP- Tháng'!$R$2:$AC$2,0)) -> 252.43173 | ... AC16: =INDEX('18 KMP- Tháng'!$R$6:$AC$24,MATCH($A16,'18 KMP- Tháng'!$A$6:$A$24,0),MATCH(AC$7,'18 KMP- Tháng'!$R$2:$AC$2,0)) -> 273.17536 | AD16: =AVERAGE(R16:AC16) -> 313.60796 | AE16: =INDEX('18 KMP- Tháng'!$AF$6:$AQ$29,MATCH($A16,'18 KMP- Tháng'!$A$6:$A$29,0),MATCH(AE$7,'18 KMP- Tháng'!$AF$2:$AQ$2,0)) -> 165.84903 | AF16: =INDEX('18 KMP- Tháng'!$AF$6:$AQ$29,MATCH($A16,'18 KMP- Tháng'!$A$6:$A$29,0),MATCH(AF$7,'18 KMP- Tháng'!$AF$2:$AQ$2,0)) -> 208.23159 | AG16: =INDEX('18 KMP- Tháng'!$AF$6:$AQ$29,MATCH($A16,'18 KMP- Tháng'!$A$6:$A$29,0),MATCH(AG$7,'18 KMP- Tháng'!$AF$2:$AQ$2,0)) -> 262.06535 | AH16: =INDEX('18 KMP- Tháng'!$AF$6:$AQ$29,MATCH($A16,'18 KMP- Tháng'!$A$6:$A$29,0),MATCH(AH$7,'18 KMP- Tháng'!$AF$2:$AQ$2,0)) -> 221.74891 | AI16: =INDEX('18 KMP- Tháng'!$AF$6:$AQ$29,MATCH($A16,'18 KMP- Tháng'!$A$6:$A$29,0),MATCH(AI$7,'18 KMP- Tháng'!$AF$2:$AQ$2,0)) -> 226.69143 | AJ16: =INDEX('18 KMP- Tháng'!$AF$6:$AQ$29,MATCH($A16,'18 KMP- Tháng'!$A$6:$A$29,0),MATCH(AJ$7,'18 KMP- Tháng'!$AF$2:$AQ$2,0)) -> 212.6532 | AK16: =INDEX('18 KMP- Tháng'!$AF$6:$AQ$29,MATCH($A16,'18 KMP- Tháng'!$A$6:$A$29,0),MATCH(AK$7,'18 KMP- Tháng'!$AF$2:$AQ$2,0)) -> 238.152 | AL16: =INDEX('18 KMP- Tháng'!$AF$6:$AQ$29,MATCH($A16,'18 KMP- Tháng'!$A$6:$A$29,0),MATCH(AL$7,'18 KMP- Tháng'!$AF$2:$AQ$2,0)) -> 172.60772 | ... AP16: =INDEX('18 KMP- Tháng'!$AF$6:$AQ$29,MATCH($A16,'18 KMP- Tháng'!$A$6:$A$29,0),MATCH(AP$7,'18 KMP- Tháng'!$AF$2:$AQ$2,0)) -> 180.05128 | AQ16: =SUM(AE16:AP16)/COUNTIFS($AE$29:$AP$29,"<>"&0) -> 210.66734 | AR16: =SUM(AE16:AP16) -> 2528.0081 | AS16: =INDEX('18 KMP- Tháng'!$BH$6:$BS$29,MATCH($A16,'18 KMP- Tháng'!$A$6:$A$29,0),MATCH(AS$7,'18 KMP- Tháng'!$BH$2:$BS$2,0)) -> 214.12 | AT16: =INDEX('18 KMP- Tháng'!$BH$6:$BS$29,MATCH($A16,'18 KMP- Tháng'!$A$6:$A$29,0),MATCH(AT$7,'18 KMP- Tháng'!$BH$2:$BS$2,0)) -> 214.12 | AU16: =INDEX('18 KMP- Tháng'!$BH$6:$BS$29,MATCH($A16,'18 KMP- Tháng'!$A$6:$A$29,0),MATCH(AU$7,'18 KMP- Tháng'!$BH$2:$BS$2,0)) -> 214.12 | AV16: =INDEX('18 KMP- Tháng'!$BH$6:$BS$29,MATCH($A16,'18 KMP- Tháng'!$A$6:$A$29,0),MATCH(AV$7,'18 KMP- Tháng'!$BH$2:$BS$2,0)) -> 214.12 | AW16: =INDEX('18 KMP- Tháng'!$BH$6:$BS$29,MATCH($A16,'18 KMP- Tháng'!$A$6:$A$29,0),MATCH(AW$7,'18 KMP- Tháng'!$BH$2:$BS$2,0)) -> 214.12 | AX16: =INDEX('18 KMP- Tháng'!$BH$6:$BS$29,MATCH($A16,'18 KMP- Tháng'!$A$6:$A$29,0),MATCH(AX$7,'18 KMP- Tháng'!$BH$2:$BS$2,0)) -> 214.12 | AY16: =INDEX('18 KMP- Tháng'!$BH$6:$BS$29,MATCH($A16,'18 KMP- Tháng'!$A$6:$A$29,0),MATCH(AY$7,'18 KMP- Tháng'!$BH$2:$BS$2,0)) -> 214.12 | AZ16: =INDEX('18 KMP- Tháng'!$BH$6:$BS$29,MATCH($A16,'18 KMP- Tháng'!$A$6:$A$29,0),MATCH(AZ$7,'18 KMP- Tháng'!$BH$2:$BS$2,0)) -> 214.12 | ... BD16: =INDEX('18 KMP- Tháng'!$BH$6:$BS$29,MATCH($A16,'18 KMP- Tháng'!$A$6:$A$29,0),MATCH(BD$7,'18 KMP- Tháng'!$BH$2:$BS$2,0)) -> 214.12 | BE16: =AVERAGE(AS16:BD16) -> 214.12 | BF16: =INDEX('18 KMP- Tháng'!$AS$6:$BD$29,MATCH($A16,'18 KMP- Tháng'!$A$6:$A$29,0),MATCH(BF$7,'18 KMP- Tháng'!$AS$2:$BD$2,0)) -> 150.19266 | BG16: =INDEX('18 KMP- Tháng'!$AS$6:$BD$29,MATCH($A16,'18 KMP- Tháng'!$A$6:$A$29,0),MATCH(BG$7,'18 KMP- Tháng'!$AS$2:$BD$2,0)) -> 102.02832 | BH16: =INDEX('18 KMP- Tháng'!$AS$6:$BD$29,MATCH($A16,'18 KMP- Tháng'!$A$6:$A$29,0),MATCH(BH$7,'18 KMP- Tháng'!$AS$2:$BD$2,0)) -> 337.28312 | BI16: =INDEX('18 KMP- Tháng'!$AS$6:$BD$29,MATCH($A16,'18 KMP- Tháng'!$A$6:$A$29,0),MATCH(BI$7,'18 KMP- Tháng'!$AS$2:$BD$2,0)) -> 388.21782 | BJ16: =INDEX('18 KMP- Tháng'!$AS$6:$BD$29,MATCH($A16,'18 KMP- Tháng'!$A$6:$A$29,0),MATCH(BJ$7,'18 KMP- Tháng'!$AS$2:$BD$2,0)) -> 352.8556 | BK16: =INDEX('18 KMP- Tháng'!$AS$6:$BD$29,MATCH($A16,'18 KMP- Tháng'!$A$6:$A$29,0),MATCH(BK$7,'18 KMP- Tháng'!$AS$2:$BD$2,0)) -> 0 | BL16: =INDEX('18 KMP- Tháng'!$AS$6:$BD$29,MATCH($A16,'18 KMP- Tháng'!$A$6:$A$29,0),MATCH(BL$7,'18 KMP- Tháng'!$AS$2:$BD$2,0)) -> 0 | BM16: =INDEX('18 KMP- Tháng'!$AS$6:$BD$29,MATCH($A16,'18 KMP- Tháng'!$A$6:$A$29,0),MATCH(BM$7,'18 KMP- Tháng'!$AS$2:$BD$2,0)) -> 0 | ... BQ16: =INDEX('18 KMP- Tháng'!$AS$6:$BD$29,MATCH($A16,'18 KMP- Tháng'!$A$6:$A$29,0),MATCH(BQ$7,'18 KMP- Tháng'!$AS$2:$BD$2,0)) -> 0 | BR16: =SUM(BF16:BQ16)/COUNTIFS($BF$29:$BQ$29,"<>"&0) -> 266.1155 | BS16: =SUM(BF16:BQ16) -> 1330.5775 | BT16: =IFERROR(BF16/AS16-1,"-") -> -0.29855849 | BU16: =BS16/$BS$29 -> 0.0029220234
A17: 11 | B17: =B16+1 -> 8 | C17: Biến phí | D17: Hóa chất theo Bom | E17: =INDEX('18 KMP- Tháng'!$E$6:$Q$29,MATCH($A17,'18 KMP- Tháng'!$A$6:$A$29,0),MATCH(E$7,'18 KMP- Tháng'!$E$2:$P$2,0)) -> 188.62548 | F17: =INDEX('18 KMP- Tháng'!$E$6:$Q$29,MATCH($A17,'18 KMP- Tháng'!$A$6:$A$29,0),MATCH(F$7,'18 KMP- Tháng'!$E$2:$P$2,0)) -> 196.28917 | G17: =INDEX('18 KMP- Tháng'!$E$6:$Q$29,MATCH($A17,'18 KMP- Tháng'!$A$6:$A$29,0),MATCH(G$7,'18 KMP- Tháng'!$E$2:$P$2,0)) -> 460.43098 | H17: =INDEX('18 KMP- Tháng'!$E$6:$Q$29,MATCH($A17,'18 KMP- Tháng'!$A$6:$A$29,0),MATCH(H$7,'18 KMP- Tháng'!$E$2:$P$2,0)) -> 381.88882 | I17: =INDEX('18 KMP- Tháng'!$E$6:$Q$29,MATCH($A17,'18 KMP- Tháng'!$A$6:$A$29,0),MATCH(I$7,'18 KMP- Tháng'!$E$2:$P$2,0)) -> 279.47783 | J17: =INDEX('18 KMP- Tháng'!$E$6:$Q$29,MATCH($A17,'18 KMP- Tháng'!$A$6:$A$29,0),MATCH(J$7,'18 KMP- Tháng'!$E$2:$P$2,0)) -> 269.28565 | K17: =INDEX('18 KMP- Tháng'!$E$6:$Q$29,MATCH($A17,'18 KMP- Tháng'!$A$6:$A$29,0),MATCH(K$7,'18 KMP- Tháng'!$E$2:$P$2,0)) -> 204.9691 | L17: =INDEX('18 KMP- Tháng'!$E$6:$Q$29,MATCH($A17,'18 KMP- Tháng'!$A$6:$A$29,0),MATCH(L$7,'18 KMP- Tháng'!$E$2:$P$2,0)) -> 144.5965 | ... P17: =INDEX('18 KMP- Tháng'!$E$6:$Q$29,MATCH($A17,'18 KMP- Tháng'!$A$6:$A$29,0),MATCH(P$7,'18 KMP- Tháng'!$E$2:$P$2,0)) -> 234.21601 | Q17: =AVERAGE(E17:P17) -> 240.68175 | R17: =INDEX('18 KMP- Tháng'!$R$6:$AC$24,MATCH($A17,'18 KMP- Tháng'!$A$6:$A$24,0),MATCH(R$7,'18 KMP- Tháng'!$R$2:$AC$2,0)) -> 168.93013 | S17: =INDEX('18 KMP- Tháng'!$R$6:$AC$24,MATCH($A17,'18 KMP- Tháng'!$A$6:$A$24,0),MATCH(S$7,'18 KMP- Tháng'!$R$2:$AC$2,0)) -> 139.05925 | T17: =INDEX('18 KMP- Tháng'!$R$6:$AC$24,MATCH($A17,'18 KMP- Tháng'!$A$6:$A$24,0),MATCH(T$7,'18 KMP- Tháng'!$R$2:$AC$2,0)) -> 130.9827 | U17: =INDEX('18 KMP- Tháng'!$R$6:$AC$24,MATCH($A17,'18 KMP- Tháng'!$A$6:$A$24,0),MATCH(U$7,'18 KMP- Tháng'!$R$2:$AC$2,0)) -> 216.14341 | V17: =INDEX('18 KMP- Tháng'!$R$6:$AC$24,MATCH($A17,'18 KMP- Tháng'!$A$6:$A$24,0),MATCH(V$7,'18 KMP- Tháng'!$R$2:$AC$2,0)) -> 304.87665 | W17: =INDEX('18 KMP- Tháng'!$R$6:$AC$24,MATCH($A17,'18 KMP- Tháng'!$A$6:$A$24,0),MATCH(W$7,'18 KMP- Tháng'!$R$2:$AC$2,0)) -> 295.18419 | X17: =INDEX('18 KMP- Tháng'!$R$6:$AC$24,MATCH($A17,'18 KMP- Tháng'!$A$6:$A$24,0),MATCH(X$7,'18 KMP- Tháng'!$R$2:$AC$2,0)) -> 186.81336 | Y17: =INDEX('18 KMP- Tháng'!$R$6:$AC$24,MATCH($A17,'18 KMP- Tháng'!$A$6:$A$24,0),MATCH(Y$7,'18 KMP- Tháng'!$R$2:$AC$2,0)) -> 232.26438 | ... AC17: =INDEX('18 KMP- Tháng'!$R$6:$AC$24,MATCH($A17,'18 KMP- Tháng'!$A$6:$A$24,0),MATCH(AC$7,'18 KMP- Tháng'!$R$2:$AC$2,0)) -> 306.84791 | AD17: =AVERAGE(R17:AC17) -> 222.55295 | AE17: =INDEX('18 KMP- Tháng'!$AF$6:$AQ$29,MATCH($A17,'18 KMP- Tháng'!$A$6:$A$29,0),MATCH(AE$7,'18 KMP- Tháng'!$AF$2:$AQ$2,0)) -> 210.76332 | AF17: =INDEX('18 KMP- Tháng'!$AF$6:$AQ$29,MATCH($A17,'18 KMP- Tháng'!$A$6:$A$29,0),MATCH(AF$7,'18 KMP- Tháng'!$AF$2:$AQ$2,0)) -> 188.40178 | AG17: =INDEX('18 KMP- Tháng'!$AF$6:$AQ$29,MATCH($A17,'18 KMP- Tháng'!$A$6:$A$29,0),MATCH(AG$7,'18 KMP- Tháng'!$AF$2:$AQ$2,0)) -> 282.89573 | AH17: =INDEX('18 KMP- Tháng'!$AF$6:$AQ$29,MATCH($A17,'18 KMP- Tháng'!$A$6:$A$29,0),MATCH(AH$7,'18 KMP- Tháng'!$AF$2:$AQ$2,0)) -> 195.67146 | AI17: =INDEX('18 KMP- Tháng'!$AF$6:$AQ$29,MATCH($A17,'18 KMP- Tháng'!$A$6:$A$29,0),MATCH(AI$7,'18 KMP- Tháng'!$AF$2:$AQ$2,0)) -> 294.51893 | AJ17: =INDEX('18 KMP- Tháng'!$AF$6:$AQ$29,MATCH($A17,'18 KMP- Tháng'!$A$6:$A$29,0),MATCH(AJ$7,'18 KMP- Tháng'!$AF$2:$AQ$2,0)) -> 310.99887 | AK17: =INDEX('18 KMP- Tháng'!$AF$6:$AQ$29,MATCH($A17,'18 KMP- Tháng'!$A$6:$A$29,0),MATCH(AK$7,'18 KMP- Tháng'!$AF$2:$AQ$2,0)) -> 473.82858 | AL17: =INDEX('18 KMP- Tháng'!$AF$6:$AQ$29,MATCH($A17,'18 KMP- Tháng'!$A$6:$A$29,0),MATCH(AL$7,'18 KMP- Tháng'!$AF$2:$AQ$2,0)) -> 440.19382 | ... AP17: =INDEX('18 KMP- Tháng'!$AF$6:$AQ$29,MATCH($A17,'18 KMP- Tháng'!$A$6:$A$29,0),MATCH(AP$7,'18 KMP- Tháng'!$AF$2:$AQ$2,0)) -> 280.2819 | AQ17: =SUM(AE17:AP17)/COUNTIFS($AE$29:$AP$29,"<>"&0) -> 314.06303 | AR17: =SUM(AE17:AP17) -> 3768.7564 | AS17: =INDEX('18 KMP- Tháng'!$BH$6:$BS$29,MATCH($A17,'18 KMP- Tháng'!$A$6:$A$29,0),MATCH(AS$7,'18 KMP- Tháng'!$BH$2:$BS$2,0)) -> 452.49026 | AT17: =INDEX('18 KMP- Tháng'!$BH$6:$BS$29,MATCH($A17,'18 KMP- Tháng'!$A$6:$A$29,0),MATCH(AT$7,'18 KMP- Tháng'!$BH$2:$BS$2,0)) -> 361.99221 | AU17: =INDEX('18 KMP- Tháng'!$BH$6:$BS$29,MATCH($A17,'18 KMP- Tháng'!$A$6:$A$29,0),MATCH(AU$7,'18 KMP- Tháng'!$BH$2:$BS$2,0)) -> 471.8827 | AV17: =INDEX('18 KMP- Tháng'!$BH$6:$BS$29,MATCH($A17,'18 KMP- Tháng'!$A$6:$A$29,0),MATCH(AV$7,'18 KMP- Tháng'!$BH$2:$BS$2,0)) -> 471.8827 | AW17: =INDEX('18 KMP- Tháng'!$BH$6:$BS$29,MATCH($A17,'18 KMP- Tháng'!$A$6:$A$29,0),MATCH(AW$7,'18 KMP- Tháng'!$BH$2:$BS$2,0)) -> 471.8827 | AX17: =INDEX('18 KMP- Tháng'!$BH$6:$BS$29,MATCH($A17,'18 KMP- Tháng'!$A$6:$A$29,0),MATCH(AX$7,'18 KMP- Tháng'!$BH$2:$BS$2,0)) -> 471.8827 | AY17: =INDEX('18 KMP- Tháng'!$BH$6:$BS$29,MATCH($A17,'18 KMP- Tháng'!$A$6:$A$29,0),MATCH(AY$7,'18 KMP- Tháng'!$BH$2:$BS$2,0)) -> 496.89226 | AZ17: =INDEX('18 KMP- Tháng'!$BH$6:$BS$29,MATCH($A17,'18 KMP- Tháng'!$A$6:$A$29,0),MATCH(AZ$7,'18 KMP- Tháng'!$BH$2:$BS$2,0)) -> 496.89226 | ... BD17: =INDEX('18 KMP- Tháng'!$BH$6:$BS$29,MATCH($A17,'18 KMP- Tháng'!$A$6:$A$29,0),MATCH(BD$7,'18 KMP- Tháng'!$BH$2:$BS$2,0)) -> 496.89226 | BE17: =AVERAGE(AS17:BD17) -> 473.6139 | BF17: =INDEX('18 KMP- Tháng'!$AS$6:$BD$29,MATCH($A17,'18 KMP- Tháng'!$A$6:$A$29,0),MATCH(BF$7,'18 KMP- Tháng'!$AS$2:$BD$2,0)) -> 252.3496 | BG17: =INDEX('18 KMP- Tháng'!$AS$6:$BD$29,MATCH($A17,'18 KMP- Tháng'!$A$6:$A$29,0),MATCH(BG$7,'18 KMP- Tháng'!$AS$2:$BD$2,0)) -> 80.021954 | BH17: =INDEX('18 KMP- Tháng'!$AS$6:$BD$29,MATCH($A17,'18 KMP- Tháng'!$A$6:$A$29,0),MATCH(BH$7,'18 KMP- Tháng'!$AS$2:$BD$2,0)) -> 348.78599 | BI17: =INDEX('18 KMP- Tháng'!$AS$6:$BD$29,MATCH($A17,'18 KMP- Tháng'!$A$6:$A$29,0),MATCH(BI$7,'18 KMP- Tháng'!$AS$2:$BD$2,0)) -> 458.30997 | BJ17: =INDEX('18 KMP- Tháng'!$AS$6:$BD$29,MATCH($A17,'18 KMP- Tháng'!$A$6:$A$29,0),MATCH(BJ$7,'18 KMP- Tháng'!$AS$2:$BD$2,0)) -> 385.67559 | BK17: =INDEX('18 KMP- Tháng'!$AS$6:$BD$29,MATCH($A17,'18 KMP- Tháng'!$A$6:$A$29,0),MATCH(BK$7,'18 KMP- Tháng'!$AS$2:$BD$2,0)) -> 0 | BL17: =INDEX('18 KMP- Tháng'!$AS$6:$BD$29,MATCH($A17,'18 KMP- Tháng'!$A$6:$A$29,0),MATCH(BL$7,'18 KMP- Tháng'!$AS$2:$BD$2,0)) -> 0 | BM17: =INDEX('18 KMP- Tháng'!$AS$6:$BD$29,MATCH($A17,'18 KMP- Tháng'!$A$6:$A$29,0),MATCH(BM$7,'18 KMP- Tháng'!$AS$2:$BD$2,0)) -> 0 | ... BQ17: =INDEX('18 KMP- Tháng'!$AS$6:$BD$29,MATCH($A17,'18 KMP- Tháng'!$A$6:$A$29,0),MATCH(BQ$7,'18 KMP- Tháng'!$AS$2:$BD$2,0)) -> 0 | BR17: =SUM(BF17:BQ17)/COUNTIFS($BF$29:$BQ$29,"<>"&0) -> 305.02862 | BS17: =SUM(BF17:BQ17) -> 1525.1431 | BT17: =IFERROR(BF17/AS17-1,"-") -> -0.44230932 | BU17: =BS17/$BS$29 -> 0.0033493004
A18: 12 | B18: =B17+1 -> 9 | C18: Biến phí | D18: Hóa chất XLNT | E18: =INDEX('18 KMP- Tháng'!$E$6:$Q$29,MATCH($A18,'18 KMP- Tháng'!$A$6:$A$29,0),MATCH(E$7,'18 KMP- Tháng'!$E$2:$P$2,0)) -> 92.851896 | F18: =INDEX('18 KMP- Tháng'!$E$6:$Q$29,MATCH($A18,'18 KMP- Tháng'!$A$6:$A$29,0),MATCH(F$7,'18 KMP- Tháng'!$E$2:$P$2,0)) -> 113.22258 | G18: =INDEX('18 KMP- Tháng'!$E$6:$Q$29,MATCH($A18,'18 KMP- Tháng'!$A$6:$A$29,0),MATCH(G$7,'18 KMP- Tháng'!$E$2:$P$2,0)) -> 159.68342 | H18: =INDEX('18 KMP- Tháng'!$E$6:$Q$29,MATCH($A18,'18 KMP- Tháng'!$A$6:$A$29,0),MATCH(H$7,'18 KMP- Tháng'!$E$2:$P$2,0)) -> 108.3091 | I18: =INDEX('18 KMP- Tháng'!$E$6:$Q$29,MATCH($A18,'18 KMP- Tháng'!$A$6:$A$29,0),MATCH(I$7,'18 KMP- Tháng'!$E$2:$P$2,0)) -> 162.76302 | J18: =INDEX('18 KMP- Tháng'!$E$6:$Q$29,MATCH($A18,'18 KMP- Tháng'!$A$6:$A$29,0),MATCH(J$7,'18 KMP- Tháng'!$E$2:$P$2,0)) -> 193.36062 | K18: =INDEX('18 KMP- Tháng'!$E$6:$Q$29,MATCH($A18,'18 KMP- Tháng'!$A$6:$A$29,0),MATCH(K$7,'18 KMP- Tháng'!$E$2:$P$2,0)) -> 135.11065 | L18: =INDEX('18 KMP- Tháng'!$E$6:$Q$29,MATCH($A18,'18 KMP- Tháng'!$A$6:$A$29,0),MATCH(L$7,'18 KMP- Tháng'!$E$2:$P$2,0)) -> 93.960159 | ... P18: =INDEX('18 KMP- Tháng'!$E$6:$Q$29,MATCH($A18,'18 KMP- Tháng'!$A$6:$A$29,0),MATCH(P$7,'18 KMP- Tháng'!$E$2:$P$2,0)) -> 118.63586 | Q18: =AVERAGE(E18:P18) -> 111.93389 | R18: =INDEX('18 KMP- Tháng'!$R$6:$AC$24,MATCH($A18,'18 KMP- Tháng'!$A$6:$A$24,0),MATCH(R$7,'18 KMP- Tháng'!$R$2:$AC$2,0)) -> 69.344239 | S18: =INDEX('18 KMP- Tháng'!$R$6:$AC$24,MATCH($A18,'18 KMP- Tháng'!$A$6:$A$24,0),MATCH(S$7,'18 KMP- Tháng'!$R$2:$AC$2,0)) -> 65.696956 | T18: =INDEX('18 KMP- Tháng'!$R$6:$AC$24,MATCH($A18,'18 KMP- Tháng'!$A$6:$A$24,0),MATCH(T$7,'18 KMP- Tháng'!$R$2:$AC$2,0)) -> 71.977481 | U18: =INDEX('18 KMP- Tháng'!$R$6:$AC$24,MATCH($A18,'18 KMP- Tháng'!$A$6:$A$24,0),MATCH(U$7,'18 KMP- Tháng'!$R$2:$AC$2,0))+67 -> 154.50454 | V18: =INDEX('18 KMP- Tháng'!$R$6:$AC$24,MATCH($A18,'18 KMP- Tháng'!$A$6:$A$24,0),MATCH(V$7,'18 KMP- Tháng'!$R$2:$AC$2,0))-67 -> 114.65413 | W18: =INDEX('18 KMP- Tháng'!$R$6:$AC$24,MATCH($A18,'18 KMP- Tháng'!$A$6:$A$24,0),MATCH(W$7,'18 KMP- Tháng'!$R$2:$AC$2,0)) -> 81.847181 | X18: =INDEX('18 KMP- Tháng'!$R$6:$AC$24,MATCH($A18,'18 KMP- Tháng'!$A$6:$A$24,0),MATCH(X$7,'18 KMP- Tháng'!$R$2:$AC$2,0)) -> 73.038004 | Y18: =INDEX('18 KMP- Tháng'!$R$6:$AC$24,MATCH($A18,'18 KMP- Tháng'!$A$6:$A$24,0),MATCH(Y$7,'18 KMP- Tháng'!$R$2:$AC$2,0)) -> 79.525663 | Z18: =INDEX('18 KMP- Tháng'!$R$6:$AC$24,MATCH($A18,'18 KMP- Tháng'!$A$6:$A$24,0),MATCH(Z$7,'18 KMP- Tháng'!$R$2:$AC$2,0)) -> 60.358 | AA18: =INDEX('18 KMP- Tháng'!$R$6:$AC$24,MATCH($A18,'18 KMP- Tháng'!$A$6:$A$24,0),MATCH(AA$7,'18 KMP- Tháng'!$R$2:$AC$2,0)) -> 87.399765 | AB18: =INDEX('18 KMP- Tháng'!$R$6:$AC$24,MATCH($A18,'18 KMP- Tháng'!$A$6:$A$24,0),MATCH(AB$7,'18 KMP- Tháng'!$R$2:$AC$2,0)) -> 74.767274 | AC18: =INDEX('18 KMP- Tháng'!$R$6:$AC$24,MATCH($A18,'18 KMP- Tháng'!$A$6:$A$24,0),MATCH(AC$7,'18 KMP- Tháng'!$R$2:$AC$2,0)) -> 71.777555 | AD18: =AVERAGE(R18:AC18) -> 83.740898 | AE18: =INDEX('18 KMP- Tháng'!$AF$6:$AQ$29,MATCH($A18,'18 KMP- Tháng'!$A$6:$A$29,0),MATCH(AE$7,'18 KMP- Tháng'!$AF$2:$AQ$2,0)) -> 45.727382 | AF18: =INDEX('18 KMP- Tháng'!$AF$6:$AQ$29,MATCH($A18,'18 KMP- Tháng'!$A$6:$A$29,0),MATCH(AF$7,'18 KMP- Tháng'!$AF$2:$AQ$2,0)) -> 53.04285 | AG18: =INDEX('18 KMP- Tháng'!$AF$6:$AQ$29,MATCH($A18,'18 KMP- Tháng'!$A$6:$A$29,0),MATCH(AG$7,'18 KMP- Tháng'!$AF$2:$AQ$2,0)) -> 68.456313 | AH18: =INDEX('18 KMP- Tháng'!$AF$6:$AQ$29,MATCH($A18,'18 KMP- Tháng'!$A$6:$A$29,0),MATCH(AH$7,'18 KMP- Tháng'!$AF$2:$AQ$2,0)) -> 99.335018 | AI18: =INDEX('18 KMP- Tháng'!$AF$6:$AQ$29,MATCH($A18,'18 KMP- Tháng'!$A$6:$A$29,0),MATCH(AI$7,'18 KMP- Tháng'!$AF$2:$AQ$2,0)) -> 84.974801 | AJ18: =INDEX('18 KMP- Tháng'!$AF$6:$AQ$29,MATCH($A18,'18 KMP- Tháng'!$A$6:$A$29,0),MATCH(AJ$7,'18 KMP- Tháng'!$AF$2:$AQ$2,0)) -> 72.702527 | AK18: =INDEX('18 KMP- Tháng'!$AF$6:$AQ$29,MATCH($A18,'18 KMP- Tháng'!$A$6:$A$29,0),MATCH(AK$7,'18 KMP- Tháng'!$AF$2:$AQ$2,0)) -> 138.85258 | AL18: =INDEX('18 KMP- Tháng'!$AF$6:$AQ$29,MATCH($A18,'18 KMP- Tháng'!$A$6:$A$29,0),MATCH(AL$7,'18 KMP- Tháng'!$AF$2:$AQ$2,0)) -> 95.803742 | ... AP18: =INDEX('18 KMP- Tháng'!$AF$6:$AQ$29,MATCH($A18,'18 KMP- Tháng'!$A$6:$A$29,0),MATCH(AP$7,'18 KMP- Tháng'!$AF$2:$AQ$2,0)) -> 79.98767 | AQ18: =SUM(AE18:AP18)/COUNTIFS($AE$29:$AP$29,"<>"&0) -> 89.266673 | AR18: =SUM(AE18:AP18) -> 1071.2001 | AS18: =INDEX('18 KMP- Tháng'!$BH$6:$BS$29,MATCH($A18,'18 KMP- Tháng'!$A$6:$A$29,0),MATCH(AS$7,'18 KMP- Tháng'!$BH$2:$BS$2,0)) -> 117.85858 | AT18: =INDEX('18 KMP- Tháng'!$BH$6:$BS$29,MATCH($A18,'18 KMP- Tháng'!$A$6:$A$29,0),MATCH(AT$7,'18 KMP- Tháng'!$BH$2:$BS$2,0)) -> 130.10858 | AU18: =INDEX('18 KMP- Tháng'!$BH$6:$BS$29,MATCH($A18,'18 KMP- Tháng'!$A$6:$A$29,0),MATCH(AU$7,'18 KMP- Tháng'!$BH$2:$BS$2,0)) -> 125.92057 | AV18: =INDEX('18 KMP- Tháng'!$BH$6:$BS$29,MATCH($A18,'18 KMP- Tháng'!$A$6:$A$29,0),MATCH(AV$7,'18 KMP- Tháng'!$BH$2:$BS$2,0)) -> 121.27057 | AW18: =INDEX('18 KMP- Tháng'!$BH$6:$BS$29,MATCH($A18,'18 KMP- Tháng'!$A$6:$A$29,0),MATCH(AW$7,'18 KMP- Tháng'!$BH$2:$BS$2,0)) -> 122.35858 | AX18: =INDEX('18 KMP- Tháng'!$BH$6:$BS$29,MATCH($A18,'18 KMP- Tháng'!$A$6:$A$29,0),MATCH(AX$7,'18 KMP- Tháng'!$BH$2:$BS$2,0)) -> 133.31657 | AY18: =INDEX('18 KMP- Tháng'!$BH$6:$BS$29,MATCH($A18,'18 KMP- Tháng'!$A$6:$A$29,0),MATCH(AY$7,'18 KMP- Tháng'!$BH$2:$BS$2,0)) -> 125.77057 | AZ18: =INDEX('18 KMP- Tháng'!$BH$6:$BS$29,MATCH($A18,'18 KMP- Tháng'!$A$6:$A$29,0),MATCH(AZ$7,'18 KMP- Tháng'!$BH$2:$BS$2,0)) -> 133.52057 | ... BD18: =INDEX('18 KMP- Tháng'!$BH$6:$BS$29,MATCH($A18,'18 KMP- Tháng'!$A$6:$A$29,0),MATCH(BD$7,'18 KMP- Tháng'!$BH$2:$BS$2,0)) -> 117.85858 | BE18: =AVERAGE(AS18:BD18) -> 125.44024 | BF18: =INDEX('18 KMP- Tháng'!$AS$6:$BD$29,MATCH($A18,'18 KMP- Tháng'!$A$6:$A$29,0),MATCH(BF$7,'18 KMP- Tháng'!$AS$2:$BD$2,0)) -> 70.029363 | BG18: =INDEX('18 KMP- Tháng'!$AS$6:$BD$29,MATCH($A18,'18 KMP- Tháng'!$A$6:$A$29,0),MATCH(BG$7,'18 KMP- Tháng'!$AS$2:$BD$2,0)) -> 41.454302 | BH18: =INDEX('18 KMP- Tháng'!$AS$6:$BD$29,MATCH($A18,'18 KMP- Tháng'!$A$6:$A$29,0),MATCH(BH$7,'18 KMP- Tháng'!$AS$2:$BD$2,0)) -> 99.310658 | BI18: =INDEX('18 KMP- Tháng'!$AS$6:$BD$29,MATCH($A18,'18 KMP- Tháng'!$A$6:$A$29,0),MATCH(BI$7,'18 KMP- Tháng'!$AS$2:$BD$2,0)) -> 109.59622 | BJ18: =INDEX('18 KMP- Tháng'!$AS$6:$BD$29,MATCH($A18,'18 KMP- Tháng'!$A$6:$A$29,0),MATCH(BJ$7,'18 KMP- Tháng'!$AS$2:$BD$2,0)) -> 84.135278 | BK18: =INDEX('18 KMP- Tháng'!$AS$6:$BD$29,MATCH($A18,'18 KMP- Tháng'!$A$6:$A$29,0),MATCH(BK$7,'18 KMP- Tháng'!$AS$2:$BD$2,0)) -> 0 | BL18: =INDEX('18 KMP- Tháng'!$AS$6:$BD$29,MATCH($A18,'18 KMP- Tháng'!$A$6:$A$29,0),MATCH(BL$7,'18 KMP- Tháng'!$AS$2:$BD$2,0)) -> 0 | BM18: =INDEX('18 KMP- Tháng'!$AS$6:$BD$29,MATCH($A18,'18 KMP- Tháng'!$A$6:$A$29,0),MATCH(BM$7,'18 KMP- Tháng'!$AS$2:$BD$2,0)) -> 0 | ... BQ18: =INDEX('18 KMP- Tháng'!$AS$6:$BD$29,MATCH($A18,'18 KMP- Tháng'!$A$6:$A$29,0),MATCH(BQ$7,'18 KMP- Tháng'!$AS$2:$BD$2,0)) -> 0 | BR18: =SUM(BF18:BQ18)/COUNTIFS($BF$29:$BQ$29,"<>"&0) -> 80.905165 | BS18: =SUM(BF18:BQ18) -> 404.52582 | BT18: =IFERROR(BF18/AS18-1,"-") -> -0.40581871 | BU18: =BS18/$BS$29 -> 0.00088836155
A19: 13 | B19: =B18+1 -> 10 | C19: Biến phí | D19: Nước | E19: =INDEX('18 KMP- Tháng'!$E$6:$Q$29,MATCH($A19,'18 KMP- Tháng'!$A$6:$A$29,0),MATCH(E$7,'18 KMP- Tháng'!$E$2:$P$2,0)) -> 148.218 | F19: =INDEX('18 KMP- Tháng'!$E$6:$Q$29,MATCH($A19,'18 KMP- Tháng'!$A$6:$A$29,0),MATCH(F$7,'18 KMP- Tháng'!$E$2:$P$2,0)) -> 141.316 | G19: =INDEX('18 KMP- Tháng'!$E$6:$Q$29,MATCH($A19,'18 KMP- Tháng'!$A$6:$A$29,0),MATCH(G$7,'18 KMP- Tháng'!$E$2:$P$2,0)) -> 135.044 | H19: =INDEX('18 KMP- Tháng'!$E$6:$Q$29,MATCH($A19,'18 KMP- Tháng'!$A$6:$A$29,0),MATCH(H$7,'18 KMP- Tháng'!$E$2:$P$2,0)) -> 119.938 | I19: =INDEX('18 KMP- Tháng'!$E$6:$Q$29,MATCH($A19,'18 KMP- Tháng'!$A$6:$A$29,0),MATCH(I$7,'18 KMP- Tháng'!$E$2:$P$2,0)) -> 155.708 | J19: =INDEX('18 KMP- Tháng'!$E$6:$Q$29,MATCH($A19,'18 KMP- Tháng'!$A$6:$A$29,0),MATCH(J$7,'18 KMP- Tháng'!$E$2:$P$2,0)) -> 100.156 | K19: =INDEX('18 KMP- Tháng'!$E$6:$Q$29,MATCH($A19,'18 KMP- Tháng'!$A$6:$A$29,0),MATCH(K$7,'18 KMP- Tháng'!$E$2:$P$2,0)) -> 110.04 | L19: =INDEX('18 KMP- Tháng'!$E$6:$Q$29,MATCH($A19,'18 KMP- Tháng'!$A$6:$A$29,0),MATCH(L$7,'18 KMP- Tháng'!$E$2:$P$2,0)) -> 130.928 | ... P19: =INDEX('18 KMP- Tháng'!$E$6:$Q$29,MATCH($A19,'18 KMP- Tháng'!$A$6:$A$29,0),MATCH(P$7,'18 KMP- Tháng'!$E$2:$P$2,0)) -> 133.602 | Q19: =AVERAGE(E19:P19) -> 128.42433 | R19: =INDEX('18 KMP- Tháng'!$R$6:$AC$24,MATCH($A19,'18 KMP- Tháng'!$A$6:$A$24,0),MATCH(R$7,'18 KMP- Tháng'!$R$2:$AC$2,0)) -> 106.22956 | S19: =INDEX('18 KMP- Tháng'!$R$6:$AC$24,MATCH($A19,'18 KMP- Tháng'!$A$6:$A$24,0),MATCH(S$7,'18 KMP- Tháng'!$R$2:$AC$2,0)) -> 95.315192 | T19: =INDEX('18 KMP- Tháng'!$R$6:$AC$24,MATCH($A19,'18 KMP- Tháng'!$A$6:$A$24,0),MATCH(T$7,'18 KMP- Tháng'!$R$2:$AC$2,0)) -> 119.12415 | U19: =INDEX('18 KMP- Tháng'!$R$6:$AC$24,MATCH($A19,'18 KMP- Tháng'!$A$6:$A$24,0),MATCH(U$7,'18 KMP- Tháng'!$R$2:$AC$2,0)) -> 121.11322 | V19: =INDEX('18 KMP- Tháng'!$R$6:$AC$24,MATCH($A19,'18 KMP- Tháng'!$A$6:$A$24,0),MATCH(V$7,'18 KMP- Tháng'!$R$2:$AC$2,0)) -> 108.69415 | W19: =INDEX('18 KMP- Tháng'!$R$6:$AC$24,MATCH($A19,'18 KMP- Tháng'!$A$6:$A$24,0),MATCH(W$7,'18 KMP- Tháng'!$R$2:$AC$2,0)) -> 114.62629 | X19: =INDEX('18 KMP- Tháng'!$R$6:$AC$24,MATCH($A19,'18 KMP- Tháng'!$A$6:$A$24,0),MATCH(X$7,'18 KMP- Tháng'!$R$2:$AC$2,0)) -> 91.745696 | Y19: =INDEX('18 KMP- Tháng'!$R$6:$AC$24,MATCH($A19,'18 KMP- Tháng'!$A$6:$A$24,0),MATCH(Y$7,'18 KMP- Tháng'!$R$2:$AC$2,0)) -> 93.112376 | ... AC19: =INDEX('18 KMP- Tháng'!$R$6:$AC$24,MATCH($A19,'18 KMP- Tháng'!$A$6:$A$24,0),MATCH(AC$7,'18 KMP- Tháng'!$R$2:$AC$2,0)) -> 105.80517 | AD19: =AVERAGE(R19:AC19) -> 105.78491 | AE19: =INDEX('18 KMP- Tháng'!$AF$6:$AQ$29,MATCH($A19,'18 KMP- Tháng'!$A$6:$A$29,0),MATCH(AE$7,'18 KMP- Tháng'!$AF$2:$AQ$2,0)) -> 79.40436 | AF19: =INDEX('18 KMP- Tháng'!$AF$6:$AQ$29,MATCH($A19,'18 KMP- Tháng'!$A$6:$A$29,0),MATCH(AF$7,'18 KMP- Tháng'!$AF$2:$AQ$2,0)) -> 119.94136 | AG19: =INDEX('18 KMP- Tháng'!$AF$6:$AQ$29,MATCH($A19,'18 KMP- Tháng'!$A$6:$A$29,0),MATCH(AG$7,'18 KMP- Tháng'!$AF$2:$AQ$2,0)) -> 104.15166 | AH19: =INDEX('18 KMP- Tháng'!$AF$6:$AQ$29,MATCH($A19,'18 KMP- Tháng'!$A$6:$A$29,0),MATCH(AH$7,'18 KMP- Tháng'!$AF$2:$AQ$2,0)) -> 104.03467 | AI19: =INDEX('18 KMP- Tháng'!$AF$6:$AQ$29,MATCH($A19,'18 KMP- Tháng'!$A$6:$A$29,0),MATCH(AI$7,'18 KMP- Tháng'!$AF$2:$AQ$2,0)) -> 141.02374 | AJ19: =INDEX('18 KMP- Tháng'!$AF$6:$AQ$29,MATCH($A19,'18 KMP- Tháng'!$A$6:$A$29,0),MATCH(AJ$7,'18 KMP- Tháng'!$AF$2:$AQ$2,0)) -> 134.20882 | AK19: =INDEX('18 KMP- Tháng'!$AF$6:$AQ$29,MATCH($A19,'18 KMP- Tháng'!$A$6:$A$29,0),MATCH(AK$7,'18 KMP- Tháng'!$AF$2:$AQ$2,0)) -> 136.27281 | AL19: =INDEX('18 KMP- Tháng'!$AF$6:$AQ$29,MATCH($A19,'18 KMP- Tháng'!$A$6:$A$29,0),MATCH(AL$7,'18 KMP- Tháng'!$AF$2:$AQ$2,0)) -> 171.71913 | ... AP19: =INDEX('18 KMP- Tháng'!$AF$6:$AQ$29,MATCH($A19,'18 KMP- Tháng'!$A$6:$A$29,0),MATCH(AP$7,'18 KMP- Tháng'!$AF$2:$AQ$2,0)) -> 108.98619 | AQ19: =SUM(AE19:AP19)/COUNTIFS($AE$29:$AP$29,"<>"&0) -> 126.30706 | AR19: =SUM(AE19:AP19) -> 1515.6847 | AS19: =INDEX('18 KMP- Tháng'!$BH$6:$BS$29,MATCH($A19,'18 KMP- Tháng'!$A$6:$A$29,0),MATCH(AS$7,'18 KMP- Tháng'!$BH$2:$BS$2,0)) -> 184.84067 | AT19: =INDEX('18 KMP- Tháng'!$BH$6:$BS$29,MATCH($A19,'18 KMP- Tháng'!$A$6:$A$29,0),MATCH(AT$7,'18 KMP- Tháng'!$BH$2:$BS$2,0)) -> 143.01355 | AU19: =INDEX('18 KMP- Tháng'!$BH$6:$BS$29,MATCH($A19,'18 KMP- Tháng'!$A$6:$A$29,0),MATCH(AU$7,'18 KMP- Tháng'!$BH$2:$BS$2,0)) -> 184.84067 | AV19: =INDEX('18 KMP- Tháng'!$BH$6:$BS$29,MATCH($A19,'18 KMP- Tháng'!$A$6:$A$29,0),MATCH(AV$7,'18 KMP- Tháng'!$BH$2:$BS$2,0)) -> 185.16814 | AW19: =INDEX('18 KMP- Tháng'!$BH$6:$BS$29,MATCH($A19,'18 KMP- Tháng'!$A$6:$A$29,0),MATCH(AW$7,'18 KMP- Tháng'!$BH$2:$BS$2,0)) -> 185.39188 | AX19: =INDEX('18 KMP- Tháng'!$BH$6:$BS$29,MATCH($A19,'18 KMP- Tháng'!$A$6:$A$29,0),MATCH(AX$7,'18 KMP- Tháng'!$BH$2:$BS$2,0)) -> 185.16814 | AY19: =INDEX('18 KMP- Tháng'!$BH$6:$BS$29,MATCH($A19,'18 KMP- Tháng'!$A$6:$A$29,0),MATCH(AY$7,'18 KMP- Tháng'!$BH$2:$BS$2,0)) -> 188.51543 | AZ19: =INDEX('18 KMP- Tháng'!$BH$6:$BS$29,MATCH($A19,'18 KMP- Tháng'!$A$6:$A$29,0),MATCH(AZ$7,'18 KMP- Tháng'!$BH$2:$BS$2,0)) -> 188.51543 | ... BD19: =INDEX('18 KMP- Tháng'!$BH$6:$BS$29,MATCH($A19,'18 KMP- Tháng'!$A$6:$A$29,0),MATCH(BD$7,'18 KMP- Tháng'!$BH$2:$BS$2,0)) -> 187.59674 | BE19: =AVERAGE(AS19:BD19) -> 183.23395 | BF19: =INDEX('18 KMP- Tháng'!$AS$6:$BD$29,MATCH($A19,'18 KMP- Tháng'!$A$6:$A$29,0),MATCH(BF$7,'18 KMP- Tháng'!$AS$2:$BD$2,0)) -> 97.199704 | BG19: =INDEX('18 KMP- Tháng'!$AS$6:$BD$29,MATCH($A19,'18 KMP- Tháng'!$A$6:$A$29,0),MATCH(BG$7,'18 KMP- Tháng'!$AS$2:$BD$2,0)) -> 70.051296 | BH19: =INDEX('18 KMP- Tháng'!$AS$6:$BD$29,MATCH($A19,'18 KMP- Tháng'!$A$6:$A$29,0),MATCH(BH$7,'18 KMP- Tháng'!$AS$2:$BD$2,0)) -> 90.323352 | BI19: =INDEX('18 KMP- Tháng'!$AS$6:$BD$29,MATCH($A19,'18 KMP- Tháng'!$A$6:$A$29,0),MATCH(BI$7,'18 KMP- Tháng'!$AS$2:$BD$2,0)) -> 105.70879 | BJ19: =INDEX('18 KMP- Tháng'!$AS$6:$BD$29,MATCH($A19,'18 KMP- Tháng'!$A$6:$A$29,0),MATCH(BJ$7,'18 KMP- Tháng'!$AS$2:$BD$2,0)) -> 105.29355 | BK19: =INDEX('18 KMP- Tháng'!$AS$6:$BD$29,MATCH($A19,'18 KMP- Tháng'!$A$6:$A$29,0),MATCH(BK$7,'18 KMP- Tháng'!$AS$2:$BD$2,0)) -> 0 | BL19: =INDEX('18 KMP- Tháng'!$AS$6:$BD$29,MATCH($A19,'18 KMP- Tháng'!$A$6:$A$29,0),MATCH(BL$7,'18 KMP- Tháng'!$AS$2:$BD$2,0)) -> 0 | BM19: =INDEX('18 KMP- Tháng'!$AS$6:$BD$29,MATCH($A19,'18 KMP- Tháng'!$A$6:$A$29,0),MATCH(BM$7,'18 KMP- Tháng'!$AS$2:$BD$2,0)) -> 0 | ... BQ19: =INDEX('18 KMP- Tháng'!$AS$6:$BD$29,MATCH($A19,'18 KMP- Tháng'!$A$6:$A$29,0),MATCH(BQ$7,'18 KMP- Tháng'!$AS$2:$BD$2,0)) -> 0 | BR19: =SUM(BF19:BQ19)/COUNTIFS($BF$29:$BQ$29,"<>"&0) -> 93.715339 | BS19: =SUM(BF19:BQ19) -> 468.5767 | BT19: =IFERROR(BF19/AS19-1,"-") -> -0.4741433 | BU19: =BS19/$BS$29 -> 0.0010290209
A20: 14 | B20: =B19+1 -> 11 | C20: Biến phí | D20: Màu theo Bom | E20: =INDEX('18 KMP- Tháng'!$E$6:$Q$29,MATCH($A20,'18 KMP- Tháng'!$A$6:$A$29,0),MATCH(E$7,'18 KMP- Tháng'!$E$2:$P$2,0)) -> 0 | F20: =INDEX('18 KMP- Tháng'!$E$6:$Q$29,MATCH($A20,'18 KMP- Tháng'!$A$6:$A$29,0),MATCH(F$7,'18 KMP- Tháng'!$E$2:$P$2,0)) -> 0 | G20: =INDEX('18 KMP- Tháng'!$E$6:$Q$29,MATCH($A20,'18 KMP- Tháng'!$A$6:$A$29,0),MATCH(G$7,'18 KMP- Tháng'!$E$2:$P$2,0)) -> 0 | H20: =INDEX('18 KMP- Tháng'!$E$6:$Q$29,MATCH($A20,'18 KMP- Tháng'!$A$6:$A$29,0),MATCH(H$7,'18 KMP- Tháng'!$E$2:$P$2,0)) -> 81.42 | I20: =INDEX('18 KMP- Tháng'!$E$6:$Q$29,MATCH($A20,'18 KMP- Tháng'!$A$6:$A$29,0),MATCH(I$7,'18 KMP- Tháng'!$E$2:$P$2,0)) -> 54.022097 | J20: =INDEX('18 KMP- Tháng'!$E$6:$Q$29,MATCH($A20,'18 KMP- Tháng'!$A$6:$A$29,0),MATCH(J$7,'18 KMP- Tháng'!$E$2:$P$2,0)) -> 61.597111 | K20: =INDEX('18 KMP- Tháng'!$E$6:$Q$29,MATCH($A20,'18 KMP- Tháng'!$A$6:$A$29,0),MATCH(K$7,'18 KMP- Tháng'!$E$2:$P$2,0)) -> 33.63 | L20: =INDEX('18 KMP- Tháng'!$E$6:$Q$29,MATCH($A20,'18 KMP- Tháng'!$A$6:$A$29,0),MATCH(L$7,'18 KMP- Tháng'!$E$2:$P$2,0)) -> 68.5046 | ... P20: =INDEX('18 KMP- Tháng'!$E$6:$Q$29,MATCH($A20,'18 KMP- Tháng'!$A$6:$A$29,0),MATCH(P$7,'18 KMP- Tháng'!$E$2:$P$2,0)) -> 0.135137 | Q20: =AVERAGE(E20:P20) -> 30.554301 | R20: =INDEX('18 KMP- Tháng'!$R$6:$AC$24,MATCH($A20,'18 KMP- Tháng'!$A$6:$A$24,0),MATCH(R$7,'18 KMP- Tháng'!$R$2:$AC$2,0)) -> 22.973269 | S20: =INDEX('18 KMP- Tháng'!$R$6:$AC$24,MATCH($A20,'18 KMP- Tháng'!$A$6:$A$24,0),MATCH(S$7,'18 KMP- Tháng'!$R$2:$AC$2,0)) -> 0 | T20: =INDEX('18 KMP- Tháng'!$R$6:$AC$24,MATCH($A20,'18 KMP- Tháng'!$A$6:$A$24,0),MATCH(T$7,'18 KMP- Tháng'!$R$2:$AC$2,0)) -> 23.04594 | U20: =INDEX('18 KMP- Tháng'!$R$6:$AC$24,MATCH($A20,'18 KMP- Tháng'!$A$6:$A$24,0),MATCH(U$7,'18 KMP- Tháng'!$R$2:$AC$2,0)) -> 0 | V20: =INDEX('18 KMP- Tháng'!$R$6:$AC$24,MATCH($A20,'18 KMP- Tháng'!$A$6:$A$24,0),MATCH(V$7,'18 KMP- Tháng'!$R$2:$AC$2,0)) -> 0 | W20: =INDEX('18 KMP- Tháng'!$R$6:$AC$24,MATCH($A20,'18 KMP- Tháng'!$A$6:$A$24,0),MATCH(W$7,'18 KMP- Tháng'!$R$2:$AC$2,0)) -> 10.511874 | X20: =INDEX('18 KMP- Tháng'!$R$6:$AC$24,MATCH($A20,'18 KMP- Tháng'!$A$6:$A$24,0),MATCH(X$7,'18 KMP- Tháng'!$R$2:$AC$2,0)) -> 20.243398 | Y20: =INDEX('18 KMP- Tháng'!$R$6:$AC$24,MATCH($A20,'18 KMP- Tháng'!$A$6:$A$24,0),MATCH(Y$7,'18 KMP- Tháng'!$R$2:$AC$2,0)) -> 29.591062 | ... AC20: =INDEX('18 KMP- Tháng'!$R$6:$AC$24,MATCH($A20,'18 KMP- Tháng'!$A$6:$A$24,0),MATCH(AC$7,'18 KMP- Tháng'!$R$2:$AC$2,0)) -> 7.5 | AD20: =AVERAGE(R20:AC20) -> 13.788188 | AE20: =INDEX('18 KMP- Tháng'!$AF$6:$AQ$29,MATCH($A20,'18 KMP- Tháng'!$A$6:$A$29,0),MATCH(AE$7,'18 KMP- Tháng'!$AF$2:$AQ$2,0)) -> 69.3505 | AF20: =INDEX('18 KMP- Tháng'!$AF$6:$AQ$29,MATCH($A20,'18 KMP- Tháng'!$A$6:$A$29,0),MATCH(AF$7,'18 KMP- Tháng'!$AF$2:$AQ$2,0)) -> 24.74162 | AG20: =INDEX('18 KMP- Tháng'!$AF$6:$AQ$29,MATCH($A20,'18 KMP- Tháng'!$A$6:$A$29,0),MATCH(AG$7,'18 KMP- Tháng'!$AF$2:$AQ$2,0)) -> 27.060865 | AH20: =INDEX('18 KMP- Tháng'!$AF$6:$AQ$29,MATCH($A20,'18 KMP- Tháng'!$A$6:$A$29,0),MATCH(AH$7,'18 KMP- Tháng'!$AF$2:$AQ$2,0)) -> 59.404618 | AI20: =INDEX('18 KMP- Tháng'!$AF$6:$AQ$29,MATCH($A20,'18 KMP- Tháng'!$A$6:$A$29,0),MATCH(AI$7,'18 KMP- Tháng'!$AF$2:$AQ$2,0)) -> 64.824845 | AJ20: =INDEX('18 KMP- Tháng'!$AF$6:$AQ$29,MATCH($A20,'18 KMP- Tháng'!$A$6:$A$29,0),MATCH(AJ$7,'18 KMP- Tháng'!$AF$2:$AQ$2,0)) -> 51.009451 | AK20: =INDEX('18 KMP- Tháng'!$AF$6:$AQ$29,MATCH($A20,'18 KMP- Tháng'!$A$6:$A$29,0),MATCH(AK$7,'18 KMP- Tháng'!$AF$2:$AQ$2,0)) -> 0.133182 | AL20: =INDEX('18 KMP- Tháng'!$AF$6:$AQ$29,MATCH($A20,'18 KMP- Tháng'!$A$6:$A$29,0),MATCH(AL$7,'18 KMP- Tháng'!$AF$2:$AQ$2,0)) -> 22.427802 | ... AP20: =INDEX('18 KMP- Tháng'!$AF$6:$AQ$29,MATCH($A20,'18 KMP- Tháng'!$A$6:$A$29,0),MATCH(AP$7,'18 KMP- Tháng'!$AF$2:$AQ$2,0)) -> 124.92765 | AQ20: =SUM(AE20:AP20)/COUNTIFS($AE$29:$AP$29,"<>"&0) -> 66.770332 | AR20: =SUM(AE20:AP20) -> 801.24398 | AS20: =INDEX('18 KMP- Tháng'!$BH$6:$BS$29,MATCH($A20,'18 KMP- Tháng'!$A$6:$A$29,0),MATCH(AS$7,'18 KMP- Tháng'!$BH$2:$BS$2,0)) -> 55.069493 | AT20: =INDEX('18 KMP- Tháng'!$BH$6:$BS$29,MATCH($A20,'18 KMP- Tháng'!$A$6:$A$29,0),MATCH(AT$7,'18 KMP- Tháng'!$BH$2:$BS$2,0)) -> 47.074623 | AU20: =INDEX('18 KMP- Tháng'!$BH$6:$BS$29,MATCH($A20,'18 KMP- Tháng'!$A$6:$A$29,0),MATCH(AU$7,'18 KMP- Tháng'!$BH$2:$BS$2,0)) -> 49.856553 | AV20: =INDEX('18 KMP- Tháng'!$BH$6:$BS$29,MATCH($A20,'18 KMP- Tháng'!$A$6:$A$29,0),MATCH(AV$7,'18 KMP- Tháng'!$BH$2:$BS$2,0)) -> 57.851423 | AW20: =INDEX('18 KMP- Tháng'!$BH$6:$BS$29,MATCH($A20,'18 KMP- Tháng'!$A$6:$A$29,0),MATCH(AW$7,'18 KMP- Tháng'!$BH$2:$BS$2,0)) -> 49.856553 | AX20: =INDEX('18 KMP- Tháng'!$BH$6:$BS$29,MATCH($A20,'18 KMP- Tháng'!$A$6:$A$29,0),MATCH(AX$7,'18 KMP- Tháng'!$BH$2:$BS$2,0)) -> 80.620527 | AY20: =INDEX('18 KMP- Tháng'!$BH$6:$BS$29,MATCH($A20,'18 KMP- Tháng'!$A$6:$A$29,0),MATCH(AY$7,'18 KMP- Tháng'!$BH$2:$BS$2,0)) -> 59.242387 | AZ20: =INDEX('18 KMP- Tháng'!$BH$6:$BS$29,MATCH($A20,'18 KMP- Tháng'!$A$6:$A$29,0),MATCH(AZ$7,'18 KMP- Tháng'!$BH$2:$BS$2,0)) -> 54.029447 | ... BD20: =INDEX('18 KMP- Tháng'!$BH$6:$BS$29,MATCH($A20,'18 KMP- Tháng'!$A$6:$A$29,0),MATCH(BD$7,'18 KMP- Tháng'!$BH$2:$BS$2,0)) -> 54.029447 | BE20: =AVERAGE(AS20:BD20) -> 58.344321 | BF20: =INDEX('18 KMP- Tháng'!$AS$6:$BD$29,MATCH($A20,'18 KMP- Tháng'!$A$6:$A$29,0),MATCH(BF$7,'18 KMP- Tháng'!$AS$2:$BD$2,0)) -> 120.08 | BG20: =INDEX('18 KMP- Tháng'!$AS$6:$BD$29,MATCH($A20,'18 KMP- Tháng'!$A$6:$A$29,0),MATCH(BG$7,'18 KMP- Tháng'!$AS$2:$BD$2,0)) -> 39.67 | BH20: =INDEX('18 KMP- Tháng'!$AS$6:$BD$29,MATCH($A20,'18 KMP- Tháng'!$A$6:$A$29,0),MATCH(BH$7,'18 KMP- Tháng'!$AS$2:$BD$2,0)) -> 199.76363 | BI20: =INDEX('18 KMP- Tháng'!$AS$6:$BD$29,MATCH($A20,'18 KMP- Tháng'!$A$6:$A$29,0),MATCH(BI$7,'18 KMP- Tháng'!$AS$2:$BD$2,0)) -> 40.458143 | BJ20: =INDEX('18 KMP- Tháng'!$AS$6:$BD$29,MATCH($A20,'18 KMP- Tháng'!$A$6:$A$29,0),MATCH(BJ$7,'18 KMP- Tháng'!$AS$2:$BD$2,0)) -> 2.655 | BK20: =INDEX('18 KMP- Tháng'!$AS$6:$BD$29,MATCH($A20,'18 KMP- Tháng'!$A$6:$A$29,0),MATCH(BK$7,'18 KMP- Tháng'!$AS$2:$BD$2,0)) -> 0 | BL20: =INDEX('18 KMP- Tháng'!$AS$6:$BD$29,MATCH($A20,'18 KMP- Tháng'!$A$6:$A$29,0),MATCH(BL$7,'18 KMP- Tháng'!$AS$2:$BD$2,0)) -> 0 | BM20: =INDEX('18 KMP- Tháng'!$AS$6:$BD$29,MATCH($A20,'18 KMP- Tháng'!$A$6:$A$29,0),MATCH(BM$7,'18 KMP- Tháng'!$AS$2:$BD$2,0)) -> 0 | ... BQ20: =INDEX('18 KMP- Tháng'!$AS$6:$BD$29,MATCH($A20,'18 KMP- Tháng'!$A$6:$A$29,0),MATCH(BQ$7,'18 KMP- Tháng'!$AS$2:$BD$2,0)) -> 0 | BR20: =SUM(BF20:BQ20)/COUNTIFS($BF$29:$BQ$29,"<>"&0) -> 80.525355 | BS20: =SUM(BF20:BQ20) -> 402.62677 | BT20: =IFERROR(BF20/AS20-1,"-") -> 1.1805176 | BU20: =BS20/$BS$29 -> 0.00088419113
A21: 15 | B21: II | D21: ĐỊNH PHÍ | E21: =SUM(E22:E28) -> 12541.13 | F21: =SUM(F22:F28) -> 12863.679 | G21: =SUM(G22:G28) -> 13575.679 | H21: =SUM(H22:H28) -> 12209.182 | I21: =SUM(I22:I28) -> 12913.787 | J21: =SUM(J22:J28) -> 13045.4 | K21: =SUM(K22:K28) -> 13363.307 | L21: =SUM(L22:L28) -> 13997.306 | ... BS21: =SUM(BS22:BS28) -> 103183.01 | BT21: =IFERROR(BF21/AS21-1,"-") -> -0.072166073 | BU21: =BS21/$BS$29 -> 0.22659572
A22: 16 | B22: 1 | C22: Định phí | D22: Thuê Xưởng, Kho, thuê máy | E22: =INDEX('18 KMP- Tháng'!$E$6:$Q$29,MATCH($A22,'18 KMP- Tháng'!$A$6:$A$29,0),MATCH(E$7,'18 KMP- Tháng'!$E$2:$P$2,0)) -> 3029.1394 | F22: =INDEX('18 KMP- Tháng'!$E$6:$Q$29,MATCH($A22,'18 KMP- Tháng'!$A$6:$A$29,0),MATCH(F$7,'18 KMP- Tháng'!$E$2:$P$2,0)) -> 3029.1394 | G22: =INDEX('18 KMP- Tháng'!$E$6:$Q$29,MATCH($A22,'18 KMP- Tháng'!$A$6:$A$29,0),MATCH(G$7,'18 KMP- Tháng'!$E$2:$P$2,0)) -> 3029.1394 | H22: =INDEX('18 KMP- Tháng'!$E$6:$Q$29,MATCH($A22,'18 KMP- Tháng'!$A$6:$A$29,0),MATCH(H$7,'18 KMP- Tháng'!$E$2:$P$2,0)) -> 1200 | I22: =INDEX('18 KMP- Tháng'!$E$6:$Q$29,MATCH($A22,'18 KMP- Tháng'!$A$6:$A$29,0),MATCH(I$7,'18 KMP- Tháng'!$E$2:$P$2,0)) -> 1381.6364 | J22: =INDEX('18 KMP- Tháng'!$E$6:$Q$29,MATCH($A22,'18 KMP- Tháng'!$A$6:$A$29,0),MATCH(J$7,'18 KMP- Tháng'!$E$2:$P$2,0)) -> 1317.8182 | K22: =INDEX('18 KMP- Tháng'!$E$6:$Q$29,MATCH($A22,'18 KMP- Tháng'!$A$6:$A$29,0),MATCH(K$7,'18 KMP- Tháng'!$E$2:$P$2,0)) -> 1317.8182 | L22: =INDEX('18 KMP- Tháng'!$E$6:$Q$29,MATCH($A22,'18 KMP- Tháng'!$A$6:$A$29,0),MATCH(L$7,'18 KMP- Tháng'!$E$2:$P$2,0)) -> 1179.4182 | ... P22: =INDEX('18 KMP- Tháng'!$E$6:$Q$29,MATCH($A22,'18 KMP- Tháng'!$A$6:$A$29,0),MATCH(P$7,'18 KMP- Tháng'!$E$2:$P$2,0)) -> 79.418182 | Q22: =AVERAGE(E22:P22) -> 1310.197 | R22: =INDEX('18 KMP- Tháng'!$R$6:$AC$24,MATCH($A22,'18 KMP- Tháng'!$A$6:$A$24,0),MATCH(R$7,'18 KMP- Tháng'!$R$2:$AC$2,0))+2727 -> 8656.4602 | S22: =INDEX('18 KMP- Tháng'!$R$6:$AC$24,MATCH($A22,'18 KMP- Tháng'!$A$6:$A$24,0),MATCH(S$7,'18 KMP- Tháng'!$R$2:$AC$2,0))+2727 -> 10256.46 | T22: =INDEX('18 KMP- Tháng'!$R$6:$AC$24,MATCH($A22,'18 KMP- Tháng'!$A$6:$A$24,0),MATCH(T$7,'18 KMP- Tháng'!$R$2:$AC$2,0)) -> 7579.4601 | U22: =INDEX('18 KMP- Tháng'!$R$6:$AC$24,MATCH($A22,'18 KMP- Tháng'!$A$6:$A$24,0),MATCH(U$7,'18 KMP- Tháng'!$R$2:$AC$2,0))+150 -> 7615.642 | V22: =INDEX('18 KMP- Tháng'!$R$6:$AC$24,MATCH($A22,'18 KMP- Tháng'!$A$6:$A$24,0),MATCH(V$7,'18 KMP- Tháng'!$R$2:$AC$2,0))-150 -> 7541.642 | W22: =INDEX('18 KMP- Tháng'!$R$6:$AC$24,MATCH($A22,'18 KMP- Tháng'!$A$6:$A$24,0),MATCH(W$7,'18 KMP- Tháng'!$R$2:$AC$2,0)) -> 7541.642 | X22: =INDEX('18 KMP- Tháng'!$R$6:$AC$24,MATCH($A22,'18 KMP- Tháng'!$A$6:$A$24,0),MATCH(X$7,'18 KMP- Tháng'!$R$2:$AC$2,0)) -> 7541.642 | Y22: =INDEX('18 KMP- Tháng'!$R$6:$AC$24,MATCH($A22,'18 KMP- Tháng'!$A$6:$A$24,0),MATCH(Y$7,'18 KMP- Tháng'!$R$2:$AC$2,0)) -> 7541.642 | Z22: =INDEX('18 KMP- Tháng'!$R$6:$AC$24,MATCH($A22,'18 KMP- Tháng'!$A$6:$A$24,0),MATCH(Z$7,'18 KMP- Tháng'!$R$2:$AC$2,0)) -> 7541.642 | AA22: =INDEX('18 KMP- Tháng'!$R$6:$AC$24,MATCH($A22,'18 KMP- Tháng'!$A$6:$A$24,0),MATCH(AA$7,'18 KMP- Tháng'!$R$2:$AC$2,0)) -> 6941.642 | AB22: =INDEX('18 KMP- Tháng'!$R$6:$AC$24,MATCH($A22,'18 KMP- Tháng'!$A$6:$A$24,0),MATCH(AB$7,'18 KMP- Tháng'!$R$2:$AC$2,0)) -> 6791.642 | AC22: =INDEX('18 KMP- Tháng'!$R$6:$AC$24,MATCH($A22,'18 KMP- Tháng'!$A$6:$A$24,0),MATCH(AC$7,'18 KMP- Tháng'!$R$2:$AC$2,0)) -> 7115.8333 | AD22: =AVERAGE(R22:AC22) -> 7722.1125 | AE22: =INDEX('18 KMP- Tháng'!$AF$6:$AQ$29,MATCH($A22,'18 KMP- Tháng'!$A$6:$A$29,0),MATCH(AE$7,'18 KMP- Tháng'!$AF$2:$AQ$2,0)) -> 7582.8695 | AF22: =INDEX('18 KMP- Tháng'!$AF$6:$AQ$29,MATCH($A22,'18 KMP- Tháng'!$A$6:$A$29,0),MATCH(AF$7,'18 KMP- Tháng'!$AF$2:$AQ$2,0)) -> 7582.8695 | AG22: =INDEX('18 KMP- Tháng'!$AF$6:$AQ$29,MATCH($A22,'18 KMP- Tháng'!$A$6:$A$29,0),MATCH(AG$7,'18 KMP- Tháng'!$AF$2:$AQ$2,0)) -> 7636.8695 | AH22: =INDEX('18 KMP- Tháng'!$AF$6:$AQ$29,MATCH($A22,'18 KMP- Tháng'!$A$6:$A$29,0),MATCH(AH$7,'18 KMP- Tháng'!$AF$2:$AQ$2,0)) -> 7486.8695 | AI22: =INDEX('18 KMP- Tháng'!$AF$6:$AQ$29,MATCH($A22,'18 KMP- Tháng'!$A$6:$A$29,0),MATCH(AI$7,'18 KMP- Tháng'!$AF$2:$AQ$2,0)) -> 7512.8695 | AJ22: =INDEX('18 KMP- Tháng'!$AF$6:$AQ$29,MATCH($A22,'18 KMP- Tháng'!$A$6:$A$29,0),MATCH(AJ$7,'18 KMP- Tháng'!$AF$2:$AQ$2,0)) -> 8266.7444 | AK22: =INDEX('18 KMP- Tháng'!$AF$6:$AQ$29,MATCH($A22,'18 KMP- Tháng'!$A$6:$A$29,0),MATCH(AK$7,'18 KMP- Tháng'!$AF$2:$AQ$2,0)) -> 8544.6586 | AL22: =INDEX('18 KMP- Tháng'!$AF$6:$AQ$29,MATCH($A22,'18 KMP- Tháng'!$A$6:$A$29,0),MATCH(AL$7,'18 KMP- Tháng'!$AF$2:$AQ$2,0)) -> 8994.6586 | ... AP22: =INDEX('18 KMP- Tháng'!$AF$6:$AQ$29,MATCH($A22,'18 KMP- Tháng'!$A$6:$A$29,0),MATCH(AP$7,'18 KMP- Tháng'!$AF$2:$AQ$2,0)) -> 8099.6586 | AQ22: =SUM(AE22:AP22)/COUNTIFS($AE$29:$AP$29,"<>"&0) -> 8224.3369 | AR22: =SUM(AE22:AP22) -> 98692.043 | AS22: =INDEX('18 KMP- Tháng'!$BH$6:$BS$29,MATCH($A22,'18 KMP- Tháng'!$A$6:$A$29,0),MATCH(AS$7,'18 KMP- Tháng'!$BH$2:$BS$2,0)) -> 5750 | AT22: =INDEX('18 KMP- Tháng'!$BH$6:$BS$29,MATCH($A22,'18 KMP- Tháng'!$A$6:$A$29,0),MATCH(AT$7,'18 KMP- Tháng'!$BH$2:$BS$2,0)) -> 5750 | AU22: =INDEX('18 KMP- Tháng'!$BH$6:$BS$29,MATCH($A22,'18 KMP- Tháng'!$A$6:$A$29,0),MATCH(AU$7,'18 KMP- Tháng'!$BH$2:$BS$2,0)) -> 5750 | AV22: =INDEX('18 KMP- Tháng'!$BH$6:$BS$29,MATCH($A22,'18 KMP- Tháng'!$A$6:$A$29,0),MATCH(AV$7,'18 KMP- Tháng'!$BH$2:$BS$2,0)) -> 5750 | AW22: =INDEX('18 KMP- Tháng'!$BH$6:$BS$29,MATCH($A22,'18 KMP- Tháng'!$A$6:$A$29,0),MATCH(AW$7,'18 KMP- Tháng'!$BH$2:$BS$2,0)) -> 5750 | AX22: =INDEX('18 KMP- Tháng'!$BH$6:$BS$29,MATCH($A22,'18 KMP- Tháng'!$A$6:$A$29,0),MATCH(AX$7,'18 KMP- Tháng'!$BH$2:$BS$2,0)) -> 5750 | AY22: =INDEX('18 KMP- Tháng'!$BH$6:$BS$29,MATCH($A22,'18 KMP- Tháng'!$A$6:$A$29,0),MATCH(AY$7,'18 KMP- Tháng'!$BH$2:$BS$2,0)) -> 5750 | AZ22: =INDEX('18 KMP- Tháng'!$BH$6:$BS$29,MATCH($A22,'18 KMP- Tháng'!$A$6:$A$29,0),MATCH(AZ$7,'18 KMP- Tháng'!$BH$2:$BS$2,0)) -> 5750 | ... BD22: =INDEX('18 KMP- Tháng'!$BH$6:$BS$29,MATCH($A22,'18 KMP- Tháng'!$A$6:$A$29,0),MATCH(BD$7,'18 KMP- Tháng'!$BH$2:$BS$2,0)) -> 5750 | BE22: =AVERAGE(AS22:BD22) -> 5750 | BF22: =INDEX('18 KMP- Tháng'!$AS$6:$BD$29,MATCH($A22,'18 KMP- Tháng'!$A$6:$A$29,0),MATCH(BF$7,'18 KMP- Tháng'!$AS$2:$BD$2,0)) -> 9266.6667 | BG22: =INDEX('18 KMP- Tháng'!$AS$6:$BD$29,MATCH($A22,'18 KMP- Tháng'!$A$6:$A$29,0),MATCH(BG$7,'18 KMP- Tháng'!$AS$2:$BD$2,0)) -> 9266.6667 | BH22: =INDEX('18 KMP- Tháng'!$AS$6:$BD$29,MATCH($A22,'18 KMP- Tháng'!$A$6:$A$29,0),MATCH(BH$7,'18 KMP- Tháng'!$AS$2:$BD$2,0)) -> 9266.6667 | BI22: =INDEX('18 KMP- Tháng'!$AS$6:$BD$29,MATCH($A22,'18 KMP- Tháng'!$A$6:$A$29,0),MATCH(BI$7,'18 KMP- Tháng'!$AS$2:$BD$2,0)) -> 9266.6667 | BJ22: =INDEX('18 KMP- Tháng'!$AS$6:$BD$29,MATCH($A22,'18 KMP- Tháng'!$A$6:$A$29,0),MATCH(BJ$7,'18 KMP- Tháng'!$AS$2:$BD$2,0)) -> 9266.6667 | BK22: =INDEX('18 KMP- Tháng'!$AS$6:$BD$29,MATCH($A22,'18 KMP- Tháng'!$A$6:$A$29,0),MATCH(BK$7,'18 KMP- Tháng'!$AS$2:$BD$2,0)) -> 0 | BL22: =INDEX('18 KMP- Tháng'!$AS$6:$BD$29,MATCH($A22,'18 KMP- Tháng'!$A$6:$A$29,0),MATCH(BL$7,'18 KMP- Tháng'!$AS$2:$BD$2,0)) -> 0 | BM22: =INDEX('18 KMP- Tháng'!$AS$6:$BD$29,MATCH($A22,'18 KMP- Tháng'!$A$6:$A$29,0),MATCH(BM$7,'18 KMP- Tháng'!$AS$2:$BD$2,0)) -> 0 | ... BQ22: =INDEX('18 KMP- Tháng'!$AS$6:$BD$29,MATCH($A22,'18 KMP- Tháng'!$A$6:$A$29,0),MATCH(BQ$7,'18 KMP- Tháng'!$AS$2:$BD$2,0)) -> 0 | BR22: =SUM(BF22:BQ22)/COUNTIFS($BF$29:$BQ$29,"<>"&0) -> 9266.6667 | BS22: =SUM(BF22:BQ22) -> 46333.333 | BT22: =IFERROR(BF22/AS22-1,"-") -> 0.6115942 | BU22: =BS22/$BS$29 -> 0.10175062
A23: 17 | B23: =B22+1 -> 2 | C23: Định phí | D23: Tổng Lương và Phụ Cấp | E23: =INDEX('18 KMP- Tháng'!$E$6:$Q$29,MATCH($A23,'18 KMP- Tháng'!$A$6:$A$29,0),MATCH(E$7,'18 KMP- Tháng'!$E$2:$P$2,0)) -> 6125.5391 | F23: =INDEX('18 KMP- Tháng'!$E$6:$Q$29,MATCH($A23,'18 KMP- Tháng'!$A$6:$A$29,0),MATCH(F$7,'18 KMP- Tháng'!$E$2:$P$2,0)) -> 6126.091 | G23: =INDEX('18 KMP- Tháng'!$E$6:$Q$29,MATCH($A23,'18 KMP- Tháng'!$A$6:$A$29,0),MATCH(G$7,'18 KMP- Tháng'!$E$2:$P$2,0)) -> 6407.0904 | H23: =INDEX('18 KMP- Tháng'!$E$6:$Q$29,MATCH($A23,'18 KMP- Tháng'!$A$6:$A$29,0),MATCH(H$7,'18 KMP- Tháng'!$E$2:$P$2,0)) -> 7043.8875 | I23: =INDEX('18 KMP- Tháng'!$E$6:$Q$29,MATCH($A23,'18 KMP- Tháng'!$A$6:$A$29,0),MATCH(I$7,'18 KMP- Tháng'!$E$2:$P$2,0)) -> 7372.1251 | J23: =INDEX('18 KMP- Tháng'!$E$6:$Q$29,MATCH($A23,'18 KMP- Tháng'!$A$6:$A$29,0),MATCH(J$7,'18 KMP- Tháng'!$E$2:$P$2,0)) -> 7571.5931 | K23: =INDEX('18 KMP- Tháng'!$E$6:$Q$29,MATCH($A23,'18 KMP- Tháng'!$A$6:$A$29,0),MATCH(K$7,'18 KMP- Tháng'!$E$2:$P$2,0)) -> 7495.9041 | L23: =INDEX('18 KMP- Tháng'!$E$6:$Q$29,MATCH($A23,'18 KMP- Tháng'!$A$6:$A$29,0),MATCH(L$7,'18 KMP- Tháng'!$E$2:$P$2,0)) -> 8307.0939 | ... P23: =INDEX('18 KMP- Tháng'!$E$6:$Q$29,MATCH($A23,'18 KMP- Tháng'!$A$6:$A$29,0),MATCH(P$7,'18 KMP- Tháng'!$E$2:$P$2,0)) -> 8517.54 | Q23: =AVERAGE(E23:P23) -> 7436.2421 | R23: =INDEX('18 KMP- Tháng'!$R$6:$AC$24,MATCH($A23,'18 KMP- Tháng'!$A$6:$A$24,0),MATCH(R$7,'18 KMP- Tháng'!$R$2:$AC$2,0)) -> 6073.4929 | S23: =INDEX('18 KMP- Tháng'!$R$6:$AC$24,MATCH($A23,'18 KMP- Tháng'!$A$6:$A$24,0),MATCH(S$7,'18 KMP- Tháng'!$R$2:$AC$2,0)) -> 5327.4856 | T23: =INDEX('18 KMP- Tháng'!$R$6:$AC$24,MATCH($A23,'18 KMP- Tháng'!$A$6:$A$24,0),MATCH(T$7,'18 KMP- Tháng'!$R$2:$AC$2,0)) -> 5623.892 | U23: =INDEX('18 KMP- Tháng'!$R$6:$AC$24,MATCH($A23,'18 KMP- Tháng'!$A$6:$A$24,0),MATCH(U$7,'18 KMP- Tháng'!$R$2:$AC$2,0)) -> 6329.4199 | V23: =INDEX('18 KMP- Tháng'!$R$6:$AC$24,MATCH($A23,'18 KMP- Tháng'!$A$6:$A$24,0),MATCH(V$7,'18 KMP- Tháng'!$R$2:$AC$2,0)) -> 6582.0558 | W23: =INDEX('18 KMP- Tháng'!$R$6:$AC$24,MATCH($A23,'18 KMP- Tháng'!$A$6:$A$24,0),MATCH(W$7,'18 KMP- Tháng'!$R$2:$AC$2,0)) -> 6501.2386 | X23: =INDEX('18 KMP- Tháng'!$R$6:$AC$24,MATCH($A23,'18 KMP- Tháng'!$A$6:$A$24,0),MATCH(X$7,'18 KMP- Tháng'!$R$2:$AC$2,0)) -> 6209.024 | Y23: =INDEX('18 KMP- Tháng'!$R$6:$AC$24,MATCH($A23,'18 KMP- Tháng'!$A$6:$A$24,0),MATCH(Y$7,'18 KMP- Tháng'!$R$2:$AC$2,0)) -> 6269.3938 | ... AC23: =INDEX('18 KMP- Tháng'!$R$6:$AC$24,MATCH($A23,'18 KMP- Tháng'!$A$6:$A$24,0),MATCH(AC$7,'18 KMP- Tháng'!$R$2:$AC$2,0)) -> 7756.3366 | AD23: =AVERAGE(R23:AC23) -> 6440.8143 | AE23: =INDEX('18 KMP- Tháng'!$AF$6:$AQ$29,MATCH($A23,'18 KMP- Tháng'!$A$6:$A$29,0),MATCH(AE$7,'18 KMP- Tháng'!$AF$2:$AQ$2,0)) -> 7630.4552 | AF23: =INDEX('18 KMP- Tháng'!$AF$6:$AQ$29,MATCH($A23,'18 KMP- Tháng'!$A$6:$A$29,0),MATCH(AF$7,'18 KMP- Tháng'!$AF$2:$AQ$2,0)) -> 7418.3428 | AG23: =INDEX('18 KMP- Tháng'!$AF$6:$AQ$29,MATCH($A23,'18 KMP- Tháng'!$A$6:$A$29,0),MATCH(AG$7,'18 KMP- Tháng'!$AF$2:$AQ$2,0)) -> 7287.936 | AH23: =INDEX('18 KMP- Tháng'!$AF$6:$AQ$29,MATCH($A23,'18 KMP- Tháng'!$A$6:$A$29,0),MATCH(AH$7,'18 KMP- Tháng'!$AF$2:$AQ$2,0)) -> 7981.2929 | AI23: =INDEX('18 KMP- Tháng'!$AF$6:$AQ$29,MATCH($A23,'18 KMP- Tháng'!$A$6:$A$29,0),MATCH(AI$7,'18 KMP- Tháng'!$AF$2:$AQ$2,0)) -> 8206.6729 | AJ23: =INDEX('18 KMP- Tháng'!$AF$6:$AQ$29,MATCH($A23,'18 KMP- Tháng'!$A$6:$A$29,0),MATCH(AJ$7,'18 KMP- Tháng'!$AF$2:$AQ$2,0)) -> 8358.0733 | AK23: =INDEX('18 KMP- Tháng'!$AF$6:$AQ$29,MATCH($A23,'18 KMP- Tháng'!$A$6:$A$29,0),MATCH(AK$7,'18 KMP- Tháng'!$AF$2:$AQ$2,0)) -> 9244.9189 | AL23: =INDEX('18 KMP- Tháng'!$AF$6:$AQ$29,MATCH($A23,'18 KMP- Tháng'!$A$6:$A$29,0),MATCH(AL$7,'18 KMP- Tháng'!$AF$2:$AQ$2,0)) -> 8836.0536 | ... AP23: =INDEX('18 KMP- Tháng'!$AF$6:$AQ$29,MATCH($A23,'18 KMP- Tháng'!$A$6:$A$29,0),MATCH(AP$7,'18 KMP- Tháng'!$AF$2:$AQ$2,0)) -> 9246.6499 | AQ23: =SUM(AE23:AP23)/COUNTIFS($AE$29:$AP$29,"<>"&0) -> 8371.2827 | AR23: =SUM(AE23:AP23) -> 100455.39 | AS23: =INDEX('18 KMP- Tháng'!$BH$6:$BS$29,MATCH($A23,'18 KMP- Tháng'!$A$6:$A$29,0),MATCH(AS$7,'18 KMP- Tháng'!$BH$2:$BS$2,0)) -> 9539.0332 | AT23: =INDEX('18 KMP- Tháng'!$BH$6:$BS$29,MATCH($A23,'18 KMP- Tháng'!$A$6:$A$29,0),MATCH(AT$7,'18 KMP- Tháng'!$BH$2:$BS$2,0)) -> 9278.2257 | AU23: =INDEX('18 KMP- Tháng'!$BH$6:$BS$29,MATCH($A23,'18 KMP- Tháng'!$A$6:$A$29,0),MATCH(AU$7,'18 KMP- Tháng'!$BH$2:$BS$2,0)) -> 9010.1469 | AV23: =INDEX('18 KMP- Tháng'!$BH$6:$BS$29,MATCH($A23,'18 KMP- Tháng'!$A$6:$A$29,0),MATCH(AV$7,'18 KMP- Tháng'!$BH$2:$BS$2,0)) -> 9803.137 | AW23: =INDEX('18 KMP- Tháng'!$BH$6:$BS$29,MATCH($A23,'18 KMP- Tháng'!$A$6:$A$29,0),MATCH(AW$7,'18 KMP- Tháng'!$BH$2:$BS$2,0)) -> 9369.8931 | AX23: =INDEX('18 KMP- Tháng'!$BH$6:$BS$29,MATCH($A23,'18 KMP- Tháng'!$A$6:$A$29,0),MATCH(AX$7,'18 KMP- Tháng'!$BH$2:$BS$2,0)) -> 9844.1966 | AY23: =INDEX('18 KMP- Tháng'!$BH$6:$BS$29,MATCH($A23,'18 KMP- Tháng'!$A$6:$A$29,0),MATCH(AY$7,'18 KMP- Tháng'!$BH$2:$BS$2,0)) -> 9597.9468 | AZ23: =INDEX('18 KMP- Tháng'!$BH$6:$BS$29,MATCH($A23,'18 KMP- Tháng'!$A$6:$A$29,0),MATCH(AZ$7,'18 KMP- Tháng'!$BH$2:$BS$2,0)) -> 9602.6762 | ... BD23: =INDEX('18 KMP- Tháng'!$BH$6:$BS$29,MATCH($A23,'18 KMP- Tháng'!$A$6:$A$29,0),MATCH(BD$7,'18 KMP- Tháng'!$BH$2:$BS$2,0)) -> 9646.0542 | BE23: =AVERAGE(AS23:BD23) -> 9570.3917 | BF23: =INDEX('18 KMP- Tháng'!$AS$6:$BD$29,MATCH($A23,'18 KMP- Tháng'!$A$6:$A$29,0),MATCH(BF$7,'18 KMP- Tháng'!$AS$2:$BD$2,0)) -> 8188.3543 | BG23: =INDEX('18 KMP- Tháng'!$AS$6:$BD$29,MATCH($A23,'18 KMP- Tháng'!$A$6:$A$29,0),MATCH(BG$7,'18 KMP- Tháng'!$AS$2:$BD$2,0)) -> 7018.1271 | BH23: =INDEX('18 KMP- Tháng'!$AS$6:$BD$29,MATCH($A23,'18 KMP- Tháng'!$A$6:$A$29,0),MATCH(BH$7,'18 KMP- Tháng'!$AS$2:$BD$2,0)) -> 4582.3588 | BI23: =INDEX('18 KMP- Tháng'!$AS$6:$BD$29,MATCH($A23,'18 KMP- Tháng'!$A$6:$A$29,0),MATCH(BI$7,'18 KMP- Tháng'!$AS$2:$BD$2,0)) -> 8507.0222 | BJ23: =INDEX('18 KMP- Tháng'!$AS$6:$BD$29,MATCH($A23,'18 KMP- Tháng'!$A$6:$A$29,0),MATCH(BJ$7,'18 KMP- Tháng'!$AS$2:$BD$2,0)) -> 8185.7247 | BK23: =INDEX('18 KMP- Tháng'!$AS$6:$BD$29,MATCH($A23,'18 KMP- Tháng'!$A$6:$A$29,0),MATCH(BK$7,'18 KMP- Tháng'!$AS$2:$BD$2,0)) -> 0 | BL23: =INDEX('18 KMP- Tháng'!$AS$6:$BD$29,MATCH($A23,'18 KMP- Tháng'!$A$6:$A$29,0),MATCH(BL$7,'18 KMP- Tháng'!$AS$2:$BD$2,0)) -> 0 | BM23: =INDEX('18 KMP- Tháng'!$AS$6:$BD$29,MATCH($A23,'18 KMP- Tháng'!$A$6:$A$29,0),MATCH(BM$7,'18 KMP- Tháng'!$AS$2:$BD$2,0)) -> 0 | ... BQ23: =INDEX('18 KMP- Tháng'!$AS$6:$BD$29,MATCH($A23,'18 KMP- Tháng'!$A$6:$A$29,0),MATCH(BQ$7,'18 KMP- Tháng'!$AS$2:$BD$2,0)) -> 0 | BR23: =SUM(BF23:BQ23)/COUNTIFS($BF$29:$BQ$29,"<>"&0) -> 7296.3174 | BS23: =SUM(BF23:BQ23) -> 36481.587 | BT23: =IFERROR(BF23/AS23-1,"-") -> -0.14159495 | BU23: =BS23/$BS$29 -> 0.080115626
A24: 5 | B24: =B23+1 -> 3 | C24: Biến phí | D24: Khấu hao | E24: =INDEX('18 KMP- Tháng'!$E$6:$Q$29,MATCH($A24,'18 KMP- Tháng'!$A$6:$A$29,0),MATCH(E$7,'18 KMP- Tháng'!$E$2:$P$2,0)) -> 1999.745 | F24: =INDEX('18 KMP- Tháng'!$E$6:$Q$29,MATCH($A24,'18 KMP- Tháng'!$A$6:$A$29,0),MATCH(F$7,'18 KMP- Tháng'!$E$2:$P$2,0)) -> 2159.0866 | G24: =INDEX('18 KMP- Tháng'!$E$6:$Q$29,MATCH($A24,'18 KMP- Tháng'!$A$6:$A$29,0),MATCH(G$7,'18 KMP- Tháng'!$E$2:$P$2,0)) -> 2355.4123 | H24: =INDEX('18 KMP- Tháng'!$E$6:$Q$29,MATCH($A24,'18 KMP- Tháng'!$A$6:$A$29,0),MATCH(H$7,'18 KMP- Tháng'!$E$2:$P$2,0)) -> 2503.3414 | I24: =INDEX('18 KMP- Tháng'!$E$6:$Q$29,MATCH($A24,'18 KMP- Tháng'!$A$6:$A$29,0),MATCH(I$7,'18 KMP- Tháng'!$E$2:$P$2,0)) -> 2453.5863 | J24: =INDEX('18 KMP- Tháng'!$E$6:$Q$29,MATCH($A24,'18 KMP- Tháng'!$A$6:$A$29,0),MATCH(J$7,'18 KMP- Tháng'!$E$2:$P$2,0)) -> 2496.081 | K24: =INDEX('18 KMP- Tháng'!$E$6:$Q$29,MATCH($A24,'18 KMP- Tháng'!$A$6:$A$29,0),MATCH(K$7,'18 KMP- Tháng'!$E$2:$P$2,0)) -> 2605.8116 | L24: =INDEX('18 KMP- Tháng'!$E$6:$Q$29,MATCH($A24,'18 KMP- Tháng'!$A$6:$A$29,0),MATCH(L$7,'18 KMP- Tháng'!$E$2:$P$2,0)) -> 2747.3791 | ... P24: =INDEX('18 KMP- Tháng'!$E$6:$Q$29,MATCH($A24,'18 KMP- Tháng'!$A$6:$A$29,0),MATCH(P$7,'18 KMP- Tháng'!$E$2:$P$2,0)) -> 3035.1713 | Q24: =AVERAGE(E24:P24) -> 2581.3797 | R24: =INDEX('18 KMP- Tháng'!$R$6:$AC$24,MATCH($A24,'18 KMP- Tháng'!$A$6:$A$24,0),MATCH(R$7,'18 KMP- Tháng'!$R$2:$AC$2,0))-2727 -> 131.54409 | S24: =INDEX('18 KMP- Tháng'!$R$6:$AC$24,MATCH($A24,'18 KMP- Tháng'!$A$6:$A$24,0),MATCH(S$7,'18 KMP- Tháng'!$R$2:$AC$2,0))-2727 -> 136.42335 | T24: =INDEX('18 KMP- Tháng'!$R$6:$AC$24,MATCH($A24,'18 KMP- Tháng'!$A$6:$A$24,0),MATCH(T$7,'18 KMP- Tháng'!$R$2:$AC$2,0)) -> 2863.4952 | U24: =INDEX('18 KMP- Tháng'!$R$6:$AC$24,MATCH($A24,'18 KMP- Tháng'!$A$6:$A$24,0),MATCH(U$7,'18 KMP- Tháng'!$R$2:$AC$2,0)) -> 2985.9269 | V24: =INDEX('18 KMP- Tháng'!$R$6:$AC$24,MATCH($A24,'18 KMP- Tháng'!$A$6:$A$24,0),MATCH(V$7,'18 KMP- Tháng'!$R$2:$AC$2,0)) -> 3039.1606 | W24: =INDEX('18 KMP- Tháng'!$R$6:$AC$24,MATCH($A24,'18 KMP- Tháng'!$A$6:$A$24,0),MATCH(W$7,'18 KMP- Tháng'!$R$2:$AC$2,0)) -> 3042.3352 | X24: =INDEX('18 KMP- Tháng'!$R$6:$AC$24,MATCH($A24,'18 KMP- Tháng'!$A$6:$A$24,0),MATCH(X$7,'18 KMP- Tháng'!$R$2:$AC$2,0)) -> 3076.3916 | Y24: =INDEX('18 KMP- Tháng'!$R$6:$AC$24,MATCH($A24,'18 KMP- Tháng'!$A$6:$A$24,0),MATCH(Y$7,'18 KMP- Tháng'!$R$2:$AC$2,0)) -> 3097.3249 | Z24: =INDEX('18 KMP- Tháng'!$R$6:$AC$24,MATCH($A24,'18 KMP- Tháng'!$A$6:$A$24,0),MATCH(Z$7,'18 KMP- Tháng'!$R$2:$AC$2,0)) -> 3236.6068 | AA24: =INDEX('18 KMP- Tháng'!$R$6:$AC$24,MATCH($A24,'18 KMP- Tháng'!$A$6:$A$24,0),MATCH(AA$7,'18 KMP- Tháng'!$R$2:$AC$2,0)) -> 3236.6876 | ... AC24: =INDEX('18 KMP- Tháng'!$R$6:$AC$24,MATCH($A24,'18 KMP- Tháng'!$A$6:$A$24,0),MATCH(AC$7,'18 KMP- Tháng'!$R$2:$AC$2,0)) -> 3545.8212 | AD24: =AVERAGE(R24:AC24) -> 2636.9596 | AE24: =INDEX('18 KMP- Tháng'!$AF$6:$AQ$29,MATCH($A24,'18 KMP- Tháng'!$A$6:$A$29,0),MATCH(AE$7,'18 KMP- Tháng'!$AF$2:$AQ$2,0)) -> 3572.7669 | AF24: =INDEX('18 KMP- Tháng'!$AF$6:$AQ$29,MATCH($A24,'18 KMP- Tháng'!$A$6:$A$29,0),MATCH(AF$7,'18 KMP- Tháng'!$AF$2:$AQ$2,0)) -> 3574.3113 | AG24: =INDEX('18 KMP- Tháng'!$AF$6:$AQ$29,MATCH($A24,'18 KMP- Tháng'!$A$6:$A$29,0),MATCH(AG$7,'18 KMP- Tháng'!$AF$2:$AQ$2,0)) -> 3768.342 | AH24: =INDEX('18 KMP- Tháng'!$AF$6:$AQ$29,MATCH($A24,'18 KMP- Tháng'!$A$6:$A$29,0),MATCH(AH$7,'18 KMP- Tháng'!$AF$2:$AQ$2,0)) -> 3654.4487 | AI24: =INDEX('18 KMP- Tháng'!$AF$6:$AQ$29,MATCH($A24,'18 KMP- Tháng'!$A$6:$A$29,0),MATCH(AI$7,'18 KMP- Tháng'!$AF$2:$AQ$2,0)) -> 3841.1077 | AJ24: =INDEX('18 KMP- Tháng'!$AF$6:$AQ$29,MATCH($A24,'18 KMP- Tháng'!$A$6:$A$29,0),MATCH(AJ$7,'18 KMP- Tháng'!$AF$2:$AQ$2,0)) -> 3837.2883 | AK24: =INDEX('18 KMP- Tháng'!$AF$6:$AQ$29,MATCH($A24,'18 KMP- Tháng'!$A$6:$A$29,0),MATCH(AK$7,'18 KMP- Tháng'!$AF$2:$AQ$2,0)) -> 3844.5911 | AL24: =INDEX('18 KMP- Tháng'!$AF$6:$AQ$29,MATCH($A24,'18 KMP- Tháng'!$A$6:$A$29,0),MATCH(AL$7,'18 KMP- Tháng'!$AF$2:$AQ$2,0)) -> 3844.3518 | ... AP24: =INDEX('18 KMP- Tháng'!$AF$6:$AQ$29,MATCH($A24,'18 KMP- Tháng'!$A$6:$A$29,0),MATCH(AP$7,'18 KMP- Tháng'!$AF$2:$AQ$2,0)) -> 4161.3882 | AQ24: =SUM(AE24:AP24)/COUNTIFS($AE$29:$AP$29,"<>"&0) -> 3863.7825 | AR24: =SUM(AE24:AP24) -> 46365.391 | AS24: =INDEX('18 KMP- Tháng'!$BH$6:$BS$29,MATCH($A24,'18 KMP- Tháng'!$A$6:$A$29,0),MATCH(AS$7,'18 KMP- Tháng'!$BH$2:$BS$2,0)) -> 5221.4244 | AT24: =INDEX('18 KMP- Tháng'!$BH$6:$BS$29,MATCH($A24,'18 KMP- Tháng'!$A$6:$A$29,0),MATCH(AT$7,'18 KMP- Tháng'!$BH$2:$BS$2,0)) -> 5605.8164 | AU24: =INDEX('18 KMP- Tháng'!$BH$6:$BS$29,MATCH($A24,'18 KMP- Tháng'!$A$6:$A$29,0),MATCH(AU$7,'18 KMP- Tháng'!$BH$2:$BS$2,0)) -> 5690.9189 | AV24: =INDEX('18 KMP- Tháng'!$BH$6:$BS$29,MATCH($A24,'18 KMP- Tháng'!$A$6:$A$29,0),MATCH(AV$7,'18 KMP- Tháng'!$BH$2:$BS$2,0)) -> 5725.1592 | AW24: =INDEX('18 KMP- Tháng'!$BH$6:$BS$29,MATCH($A24,'18 KMP- Tháng'!$A$6:$A$29,0),MATCH(AW$7,'18 KMP- Tháng'!$BH$2:$BS$2,0)) -> 5741.1122 | AX24: =INDEX('18 KMP- Tháng'!$BH$6:$BS$29,MATCH($A24,'18 KMP- Tháng'!$A$6:$A$29,0),MATCH(AX$7,'18 KMP- Tháng'!$BH$2:$BS$2,0)) -> 5883.0874 | AY24: =INDEX('18 KMP- Tháng'!$BH$6:$BS$29,MATCH($A24,'18 KMP- Tháng'!$A$6:$A$29,0),MATCH(AY$7,'18 KMP- Tháng'!$BH$2:$BS$2,0)) -> 5883.0874 | AZ24: =INDEX('18 KMP- Tháng'!$BH$6:$BS$29,MATCH($A24,'18 KMP- Tháng'!$A$6:$A$29,0),MATCH(AZ$7,'18 KMP- Tháng'!$BH$2:$BS$2,0)) -> 5883.0874 | ... BD24: =INDEX('18 KMP- Tháng'!$BH$6:$BS$29,MATCH($A24,'18 KMP- Tháng'!$A$6:$A$29,0),MATCH(BD$7,'18 KMP- Tháng'!$BH$2:$BS$2,0)) -> 5895.3624 | BE24: =AVERAGE(AS24:BD24) -> 5764.8598 | BF24: =INDEX('18 KMP- Tháng'!$AS$6:$BD$29,MATCH($A24,'18 KMP- Tháng'!$A$6:$A$29,0),MATCH(BF$7,'18 KMP- Tháng'!$AS$2:$BD$2,0)) -> 2044.9393 | BG24: =INDEX('18 KMP- Tháng'!$AS$6:$BD$29,MATCH($A24,'18 KMP- Tháng'!$A$6:$A$29,0),MATCH(BG$7,'18 KMP- Tháng'!$AS$2:$BD$2,0)) -> 2013.9804 | BH24: =INDEX('18 KMP- Tháng'!$AS$6:$BD$29,MATCH($A24,'18 KMP- Tháng'!$A$6:$A$29,0),MATCH(BH$7,'18 KMP- Tháng'!$AS$2:$BD$2,0)) -> 2036.7416 | BI24: =INDEX('18 KMP- Tháng'!$AS$6:$BD$29,MATCH($A24,'18 KMP- Tháng'!$A$6:$A$29,0),MATCH(BI$7,'18 KMP- Tháng'!$AS$2:$BD$2,0)) -> 2196.3093 | BJ24: =INDEX('18 KMP- Tháng'!$AS$6:$BD$29,MATCH($A24,'18 KMP- Tháng'!$A$6:$A$29,0),MATCH(BJ$7,'18 KMP- Tháng'!$AS$2:$BD$2,0)) -> 2247.3982 | BK24: =INDEX('18 KMP- Tháng'!$AS$6:$BD$29,MATCH($A24,'18 KMP- Tháng'!$A$6:$A$29,0),MATCH(BK$7,'18 KMP- Tháng'!$AS$2:$BD$2,0)) -> 0 | BL24: =INDEX('18 KMP- Tháng'!$AS$6:$BD$29,MATCH($A24,'18 KMP- Tháng'!$A$6:$A$29,0),MATCH(BL$7,'18 KMP- Tháng'!$AS$2:$BD$2,0)) -> 0 | BM24: =INDEX('18 KMP- Tháng'!$AS$6:$BD$29,MATCH($A24,'18 KMP- Tháng'!$A$6:$A$29,0),MATCH(BM$7,'18 KMP- Tháng'!$AS$2:$BD$2,0)) -> 0 | ... BQ24: =INDEX('18 KMP- Tháng'!$AS$6:$BD$29,MATCH($A24,'18 KMP- Tháng'!$A$6:$A$29,0),MATCH(BQ$7,'18 KMP- Tháng'!$AS$2:$BD$2,0)) -> 0 | BR24: =SUM(BF24:BQ24)/COUNTIFS($BF$29:$BQ$29,"<>"&0) -> 2107.8738 | BS24: =SUM(BF24:BQ24) -> 10539.369 | BT24: =IFERROR(BF24/AS24-1,"-") -> -0.60835604 | BU24: =BS24/$BS$29 -> 0.023145049
A25: 18 | B25: =B24+1 -> 4 | C25: Định phí | D25: Chi phí hoạt động quản lý | E25: =INDEX('18 KMP- Tháng'!$E$6:$Q$29,MATCH($A25,'18 KMP- Tháng'!$A$6:$A$29,0),MATCH(E$7,'18 KMP- Tháng'!$E$2:$P$2,0)) -> 630.61573 | F25: =INDEX('18 KMP- Tháng'!$E$6:$Q$29,MATCH($A25,'18 KMP- Tháng'!$A$6:$A$29,0),MATCH(F$7,'18 KMP- Tháng'!$E$2:$P$2,0)) -> 854.15766 | G25: =INDEX('18 KMP- Tháng'!$E$6:$Q$29,MATCH($A25,'18 KMP- Tháng'!$A$6:$A$29,0),MATCH(G$7,'18 KMP- Tháng'!$E$2:$P$2,0)) -> 966.3952 | H25: =INDEX('18 KMP- Tháng'!$E$6:$Q$29,MATCH($A25,'18 KMP- Tháng'!$A$6:$A$29,0),MATCH(H$7,'18 KMP- Tháng'!$E$2:$P$2,0)) -> 754.47364 | I25: =INDEX('18 KMP- Tháng'!$E$6:$Q$29,MATCH($A25,'18 KMP- Tháng'!$A$6:$A$29,0),MATCH(I$7,'18 KMP- Tháng'!$E$2:$P$2,0)) -> 658.77375 | J25: =INDEX('18 KMP- Tháng'!$E$6:$Q$29,MATCH($A25,'18 KMP- Tháng'!$A$6:$A$29,0),MATCH(J$7,'18 KMP- Tháng'!$E$2:$P$2,0)) -> 768.27695 | K25: =INDEX('18 KMP- Tháng'!$E$6:$Q$29,MATCH($A25,'18 KMP- Tháng'!$A$6:$A$29,0),MATCH(K$7,'18 KMP- Tháng'!$E$2:$P$2,0)) -> 802.81472 | L25: =INDEX('18 KMP- Tháng'!$E$6:$Q$29,MATCH($A25,'18 KMP- Tháng'!$A$6:$A$29,0),MATCH(L$7,'18 KMP- Tháng'!$E$2:$P$2,0)) -> 656.17439 | ... P25: =INDEX('18 KMP- Tháng'!$E$6:$Q$29,MATCH($A25,'18 KMP- Tháng'!$A$6:$A$29,0),MATCH(P$7,'18 KMP- Tháng'!$E$2:$P$2,0)) -> 1090.4575 | Q25: =AVERAGE(E25:P25) -> 753.41688 | R25: =INDEX('18 KMP- Tháng'!$R$6:$AC$24,MATCH($A25,'18 KMP- Tháng'!$A$6:$A$24,0),MATCH(R$7,'18 KMP- Tháng'!$R$2:$AC$2,0)) -> 131.21077 | S25: =INDEX('18 KMP- Tháng'!$R$6:$AC$24,MATCH($A25,'18 KMP- Tháng'!$A$6:$A$24,0),MATCH(S$7,'18 KMP- Tháng'!$R$2:$AC$2,0)) -> 180.7426 | T25: =INDEX('18 KMP- Tháng'!$R$6:$AC$24,MATCH($A25,'18 KMP- Tháng'!$A$6:$A$24,0),MATCH(T$7,'18 KMP- Tháng'!$R$2:$AC$2,0)) -> 206.0125 | U25: =INDEX('18 KMP- Tháng'!$R$6:$AC$24,MATCH($A25,'18 KMP- Tháng'!$A$6:$A$24,0),MATCH(U$7,'18 KMP- Tháng'!$R$2:$AC$2,0)) -> 230.52596 | V25: =INDEX('18 KMP- Tháng'!$R$6:$AC$24,MATCH($A25,'18 KMP- Tháng'!$A$6:$A$24,0),MATCH(V$7,'18 KMP- Tháng'!$R$2:$AC$2,0)) -> 228.19252 | W25: =INDEX('18 KMP- Tháng'!$R$6:$AC$24,MATCH($A25,'18 KMP- Tháng'!$A$6:$A$24,0),MATCH(W$7,'18 KMP- Tháng'!$R$2:$AC$2,0)) -> 219.52153 | X25: =INDEX('18 KMP- Tháng'!$R$6:$AC$24,MATCH($A25,'18 KMP- Tháng'!$A$6:$A$24,0),MATCH(X$7,'18 KMP- Tháng'!$R$2:$AC$2,0)) -> 210.42665 | Y25: =INDEX('18 KMP- Tháng'!$R$6:$AC$24,MATCH($A25,'18 KMP- Tháng'!$A$6:$A$24,0),MATCH(Y$7,'18 KMP- Tháng'!$R$2:$AC$2,0)) -> 234.97222 | ... AC25: =INDEX('18 KMP- Tháng'!$R$6:$AC$24,MATCH($A25,'18 KMP- Tháng'!$A$6:$A$24,0),MATCH(AC$7,'18 KMP- Tháng'!$R$2:$AC$2,0)) -> 393.7809 | AD25: =AVERAGE(R25:AC25) -> 227.38549 | AE25: =INDEX('18 KMP- Tháng'!$AF$6:$AQ$29,MATCH($A25,'18 KMP- Tháng'!$A$6:$A$29,0),MATCH(AE$7,'18 KMP- Tháng'!$AF$2:$AQ$2,0)) -> 407.86211 | AF25: =INDEX('18 KMP- Tháng'!$AF$6:$AQ$29,MATCH($A25,'18 KMP- Tháng'!$A$6:$A$29,0),MATCH(AF$7,'18 KMP- Tháng'!$AF$2:$AQ$2,0)) -> 363.49894 | AG25: =INDEX('18 KMP- Tháng'!$AF$6:$AQ$29,MATCH($A25,'18 KMP- Tháng'!$A$6:$A$29,0),MATCH(AG$7,'18 KMP- Tháng'!$AF$2:$AQ$2,0)) -> 408.9896 | AH25: =INDEX('18 KMP- Tháng'!$AF$6:$AQ$29,MATCH($A25,'18 KMP- Tháng'!$A$6:$A$29,0),MATCH(AH$7,'18 KMP- Tháng'!$AF$2:$AQ$2,0)) -> 345.36312 | AI25: =INDEX('18 KMP- Tháng'!$AF$6:$AQ$29,MATCH($A25,'18 KMP- Tháng'!$A$6:$A$29,0),MATCH(AI$7,'18 KMP- Tháng'!$AF$2:$AQ$2,0)) -> 348.18177 | AJ25: =INDEX('18 KMP- Tháng'!$AF$6:$AQ$29,MATCH($A25,'18 KMP- Tháng'!$A$6:$A$29,0),MATCH(AJ$7,'18 KMP- Tháng'!$AF$2:$AQ$2,0)) -> 677.55413 | AK25: =INDEX('18 KMP- Tháng'!$AF$6:$AQ$29,MATCH($A25,'18 KMP- Tháng'!$A$6:$A$29,0),MATCH(AK$7,'18 KMP- Tháng'!$AF$2:$AQ$2,0)) -> 702.19952 | AL25: =INDEX('18 KMP- Tháng'!$AF$6:$AQ$29,MATCH($A25,'18 KMP- Tháng'!$A$6:$A$29,0),MATCH(AL$7,'18 KMP- Tháng'!$AF$2:$AQ$2,0)) -> 663.37157 | ... AP25: =INDEX('18 KMP- Tháng'!$AF$6:$AQ$29,MATCH($A25,'18 KMP- Tháng'!$A$6:$A$29,0),MATCH(AP$7,'18 KMP- Tháng'!$AF$2:$AQ$2,0)) -> 556.22009 | AQ25: =SUM(AE25:AP25)/COUNTIFS($AE$29:$AP$29,"<>"&0) -> 555.28768 | AR25: =SUM(AE25:AP25) -> 6663.4522 | AS25: =INDEX('18 KMP- Tháng'!$BH$6:$BS$29,MATCH($A25,'18 KMP- Tháng'!$A$6:$A$29,0),MATCH(AS$7,'18 KMP- Tháng'!$BH$2:$BS$2,0)) -> 740.00024 | AT25: =INDEX('18 KMP- Tháng'!$BH$6:$BS$29,MATCH($A25,'18 KMP- Tháng'!$A$6:$A$29,0),MATCH(AT$7,'18 KMP- Tháng'!$BH$2:$BS$2,0)) -> 559.21883 | AU25: =INDEX('18 KMP- Tháng'!$BH$6:$BS$29,MATCH($A25,'18 KMP- Tháng'!$A$6:$A$29,0),MATCH(AU$7,'18 KMP- Tháng'!$BH$2:$BS$2,0)) -> 914.83884 | AV25: =INDEX('18 KMP- Tháng'!$BH$6:$BS$29,MATCH($A25,'18 KMP- Tháng'!$A$6:$A$29,0),MATCH(AV$7,'18 KMP- Tháng'!$BH$2:$BS$2,0)) -> 775.91501 | AW25: =INDEX('18 KMP- Tháng'!$BH$6:$BS$29,MATCH($A25,'18 KMP- Tháng'!$A$6:$A$29,0),MATCH(AW$7,'18 KMP- Tháng'!$BH$2:$BS$2,0)) -> 770.06053 | AX25: =INDEX('18 KMP- Tháng'!$BH$6:$BS$29,MATCH($A25,'18 KMP- Tháng'!$A$6:$A$29,0),MATCH(AX$7,'18 KMP- Tháng'!$BH$2:$BS$2,0)) -> 761.15352 | AY25: =INDEX('18 KMP- Tháng'!$BH$6:$BS$29,MATCH($A25,'18 KMP- Tháng'!$A$6:$A$29,0),MATCH(AY$7,'18 KMP- Tháng'!$BH$2:$BS$2,0)) -> 685.63323 | AZ25: =INDEX('18 KMP- Tháng'!$BH$6:$BS$29,MATCH($A25,'18 KMP- Tháng'!$A$6:$A$29,0),MATCH(AZ$7,'18 KMP- Tháng'!$BH$2:$BS$2,0)) -> 650.63784 | ... BD25: =INDEX('18 KMP- Tháng'!$BH$6:$BS$29,MATCH($A25,'18 KMP- Tháng'!$A$6:$A$29,0),MATCH(BD$7,'18 KMP- Tháng'!$BH$2:$BS$2,0)) -> 653.03633 | BE25: =AVERAGE(AS25:BD25) -> 714.56672 | BF25: =INDEX('18 KMP- Tháng'!$AS$6:$BD$29,MATCH($A25,'18 KMP- Tháng'!$A$6:$A$29,0),MATCH(BF$7,'18 KMP- Tháng'!$AS$2:$BD$2,0)) -> 660.8104 | BG25: =INDEX('18 KMP- Tháng'!$AS$6:$BD$29,MATCH($A25,'18 KMP- Tháng'!$A$6:$A$29,0),MATCH(BG$7,'18 KMP- Tháng'!$AS$2:$BD$2,0)) -> 495.21602 | BH25: =INDEX('18 KMP- Tháng'!$AS$6:$BD$29,MATCH($A25,'18 KMP- Tháng'!$A$6:$A$29,0),MATCH(BH$7,'18 KMP- Tháng'!$AS$2:$BD$2,0)) -> 489.98579 | BI25: =INDEX('18 KMP- Tháng'!$AS$6:$BD$29,MATCH($A25,'18 KMP- Tháng'!$A$6:$A$29,0),MATCH(BI$7,'18 KMP- Tháng'!$AS$2:$BD$2,0)) -> 634.15997 | BJ25: =INDEX('18 KMP- Tháng'!$AS$6:$BD$29,MATCH($A25,'18 KMP- Tháng'!$A$6:$A$29,0),MATCH(BJ$7,'18 KMP- Tháng'!$AS$2:$BD$2,0)) -> 659.26054 | BK25: =INDEX('18 KMP- Tháng'!$AS$6:$BD$29,MATCH($A25,'18 KMP- Tháng'!$A$6:$A$29,0),MATCH(BK$7,'18 KMP- Tháng'!$AS$2:$BD$2,0)) -> 0 | BL25: =INDEX('18 KMP- Tháng'!$AS$6:$BD$29,MATCH($A25,'18 KMP- Tháng'!$A$6:$A$29,0),MATCH(BL$7,'18 KMP- Tháng'!$AS$2:$BD$2,0)) -> 0 | BM25: =INDEX('18 KMP- Tháng'!$AS$6:$BD$29,MATCH($A25,'18 KMP- Tháng'!$A$6:$A$29,0),MATCH(BM$7,'18 KMP- Tháng'!$AS$2:$BD$2,0)) -> 0 | ... BQ25: =INDEX('18 KMP- Tháng'!$AS$6:$BD$29,MATCH($A25,'18 KMP- Tháng'!$A$6:$A$29,0),MATCH(BQ$7,'18 KMP- Tháng'!$AS$2:$BD$2,0)) -> 0 | BR25: =SUM(BF25:BQ25)/COUNTIFS($BF$29:$BQ$29,"<>"&0) -> 587.88654 | BS25: =SUM(BF25:BQ25) -> 2939.4327 | BT25: =IFERROR(BF25/AS25-1,"-") -> -0.10701326 | BU25: =BS25/$BS$29 -> 0.0064551603
A26: 19 | B26: =B25+1 -> 5 | C26: Định phí | D26: Công cụ dụng cụ | E26: =INDEX('18 KMP- Tháng'!$E$6:$Q$29,MATCH($A26,'18 KMP- Tháng'!$A$6:$A$29,0),MATCH(E$7,'18 KMP- Tháng'!$E$2:$P$2,0)) -> 465.27927 | F26: =INDEX('18 KMP- Tháng'!$E$6:$Q$29,MATCH($A26,'18 KMP- Tháng'!$A$6:$A$29,0),MATCH(F$7,'18 KMP- Tháng'!$E$2:$P$2,0)) -> 498.88963 | G26: =INDEX('18 KMP- Tháng'!$E$6:$Q$29,MATCH($A26,'18 KMP- Tháng'!$A$6:$A$29,0),MATCH(G$7,'18 KMP- Tháng'!$E$2:$P$2,0)) -> 485.24326 | H26: =INDEX('18 KMP- Tháng'!$E$6:$Q$29,MATCH($A26,'18 KMP- Tháng'!$A$6:$A$29,0),MATCH(H$7,'18 KMP- Tháng'!$E$2:$P$2,0)) -> 431.96917 | I26: =INDEX('18 KMP- Tháng'!$E$6:$Q$29,MATCH($A26,'18 KMP- Tháng'!$A$6:$A$29,0),MATCH(I$7,'18 KMP- Tháng'!$E$2:$P$2,0)) -> 578.64695 | J26: =INDEX('18 KMP- Tháng'!$E$6:$Q$29,MATCH($A26,'18 KMP- Tháng'!$A$6:$A$29,0),MATCH(J$7,'18 KMP- Tháng'!$E$2:$P$2,0)) -> 481.06259 | K26: =INDEX('18 KMP- Tháng'!$E$6:$Q$29,MATCH($A26,'18 KMP- Tháng'!$A$6:$A$29,0),MATCH(K$7,'18 KMP- Tháng'!$E$2:$P$2,0)) -> 502.90179 | L26: =INDEX('18 KMP- Tháng'!$E$6:$Q$29,MATCH($A26,'18 KMP- Tháng'!$A$6:$A$29,0),MATCH(L$7,'18 KMP- Tháng'!$E$2:$P$2,0)) -> 554.2707 | ... P26: =INDEX('18 KMP- Tháng'!$E$6:$Q$29,MATCH($A26,'18 KMP- Tháng'!$A$6:$A$29,0),MATCH(P$7,'18 KMP- Tháng'!$E$2:$P$2,0)) -> 681.05226 | Q26: =AVERAGE(E26:P26) -> 526.03819 | R26: =INDEX('18 KMP- Tháng'!$R$6:$AC$24,MATCH($A26,'18 KMP- Tháng'!$A$6:$A$24,0),MATCH(R$7,'18 KMP- Tháng'!$R$2:$AC$2,0)) -> 594.3238 | S26: =INDEX('18 KMP- Tháng'!$R$6:$AC$24,MATCH($A26,'18 KMP- Tháng'!$A$6:$A$24,0),MATCH(S$7,'18 KMP- Tháng'!$R$2:$AC$2,0)) -> 570.37826 | T26: =INDEX('18 KMP- Tháng'!$R$6:$AC$24,MATCH($A26,'18 KMP- Tháng'!$A$6:$A$24,0),MATCH(T$7,'18 KMP- Tháng'!$R$2:$AC$2,0)) -> 674.92623 | U26: =INDEX('18 KMP- Tháng'!$R$6:$AC$24,MATCH($A26,'18 KMP- Tháng'!$A$6:$A$24,0),MATCH(U$7,'18 KMP- Tháng'!$R$2:$AC$2,0)) -> 723.31254 | V26: =INDEX('18 KMP- Tháng'!$R$6:$AC$24,MATCH($A26,'18 KMP- Tháng'!$A$6:$A$24,0),MATCH(V$7,'18 KMP- Tháng'!$R$2:$AC$2,0)) -> 794.63473 | W26: =INDEX('18 KMP- Tháng'!$R$6:$AC$24,MATCH($A26,'18 KMP- Tháng'!$A$6:$A$24,0),MATCH(W$7,'18 KMP- Tháng'!$R$2:$AC$2,0)) -> 626.5075 | X26: =INDEX('18 KMP- Tháng'!$R$6:$AC$24,MATCH($A26,'18 KMP- Tháng'!$A$6:$A$24,0),MATCH(X$7,'18 KMP- Tháng'!$R$2:$AC$2,0)) -> 526.28646 | Y26: =INDEX('18 KMP- Tháng'!$R$6:$AC$24,MATCH($A26,'18 KMP- Tháng'!$A$6:$A$24,0),MATCH(Y$7,'18 KMP- Tháng'!$R$2:$AC$2,0)) -> 676.4475 | ... AC26: =INDEX('18 KMP- Tháng'!$R$6:$AC$24,MATCH($A26,'18 KMP- Tháng'!$A$6:$A$24,0),MATCH(AC$7,'18 KMP- Tháng'!$R$2:$AC$2,0)) -> 924.13167 | AD26: =AVERAGE(R26:AC26) -> 711.3389 | AE26: =INDEX('18 KMP- Tháng'!$AF$6:$AQ$29,MATCH($A26,'18 KMP- Tháng'!$A$6:$A$29,0),MATCH(AE$7,'18 KMP- Tháng'!$AF$2:$AQ$2,0)) -> 709.08019 | AF26: =INDEX('18 KMP- Tháng'!$AF$6:$AQ$29,MATCH($A26,'18 KMP- Tháng'!$A$6:$A$29,0),MATCH(AF$7,'18 KMP- Tháng'!$AF$2:$AQ$2,0)) -> 864.87729 | AG26: =INDEX('18 KMP- Tháng'!$AF$6:$AQ$29,MATCH($A26,'18 KMP- Tháng'!$A$6:$A$29,0),MATCH(AG$7,'18 KMP- Tháng'!$AF$2:$AQ$2,0)) -> 848.98558 | AH26: =INDEX('18 KMP- Tháng'!$AF$6:$AQ$29,MATCH($A26,'18 KMP- Tháng'!$A$6:$A$29,0),MATCH(AH$7,'18 KMP- Tháng'!$AF$2:$AQ$2,0)) -> 991.21176 | AI26: =INDEX('18 KMP- Tháng'!$AF$6:$AQ$29,MATCH($A26,'18 KMP- Tháng'!$A$6:$A$29,0),MATCH(AI$7,'18 KMP- Tháng'!$AF$2:$AQ$2,0)) -> 917.71572 | AJ26: =INDEX('18 KMP- Tháng'!$AF$6:$AQ$29,MATCH($A26,'18 KMP- Tháng'!$A$6:$A$29,0),MATCH(AJ$7,'18 KMP- Tháng'!$AF$2:$AQ$2,0)) -> 820.9021 | AK26: =INDEX('18 KMP- Tháng'!$AF$6:$AQ$29,MATCH($A26,'18 KMP- Tháng'!$A$6:$A$29,0),MATCH(AK$7,'18 KMP- Tháng'!$AF$2:$AQ$2,0)) -> 838.19858 | AL26: =INDEX('18 KMP- Tháng'!$AF$6:$AQ$29,MATCH($A26,'18 KMP- Tháng'!$A$6:$A$29,0),MATCH(AL$7,'18 KMP- Tháng'!$AF$2:$AQ$2,0)) -> 813.4129 | ... AP26: =INDEX('18 KMP- Tháng'!$AF$6:$AQ$29,MATCH($A26,'18 KMP- Tháng'!$A$6:$A$29,0),MATCH(AP$7,'18 KMP- Tháng'!$AF$2:$AQ$2,0)) -> 780.85826 | AQ26: =SUM(AE26:AP26)/COUNTIFS($AE$29:$AP$29,"<>"&0) -> 845.41642 | AR26: =SUM(AE26:AP26) -> 10144.997 | AS26: =INDEX('18 KMP- Tháng'!$BH$6:$BS$29,MATCH($A26,'18 KMP- Tháng'!$A$6:$A$29,0),MATCH(AS$7,'18 KMP- Tháng'!$BH$2:$BS$2,0)) -> 1004.1136 | AT26: =INDEX('18 KMP- Tháng'!$BH$6:$BS$29,MATCH($A26,'18 KMP- Tháng'!$A$6:$A$29,0),MATCH(AT$7,'18 KMP- Tháng'!$BH$2:$BS$2,0)) -> 620.476 | AU26: =INDEX('18 KMP- Tháng'!$BH$6:$BS$29,MATCH($A26,'18 KMP- Tháng'!$A$6:$A$29,0),MATCH(AU$7,'18 KMP- Tháng'!$BH$2:$BS$2,0)) -> 846.65024 | AV26: =INDEX('18 KMP- Tháng'!$BH$6:$BS$29,MATCH($A26,'18 KMP- Tháng'!$A$6:$A$29,0),MATCH(AV$7,'18 KMP- Tháng'!$BH$2:$BS$2,0)) -> 885.97974 | AW26: =INDEX('18 KMP- Tháng'!$BH$6:$BS$29,MATCH($A26,'18 KMP- Tháng'!$A$6:$A$29,0),MATCH(AW$7,'18 KMP- Tháng'!$BH$2:$BS$2,0)) -> 703.92064 | AX26: =INDEX('18 KMP- Tháng'!$BH$6:$BS$29,MATCH($A26,'18 KMP- Tháng'!$A$6:$A$29,0),MATCH(AX$7,'18 KMP- Tháng'!$BH$2:$BS$2,0)) -> 751.22791 | AY26: =INDEX('18 KMP- Tháng'!$BH$6:$BS$29,MATCH($A26,'18 KMP- Tháng'!$A$6:$A$29,0),MATCH(AY$7,'18 KMP- Tháng'!$BH$2:$BS$2,0)) -> 757.96857 | AZ26: =INDEX('18 KMP- Tháng'!$BH$6:$BS$29,MATCH($A26,'18 KMP- Tháng'!$A$6:$A$29,0),MATCH(AZ$7,'18 KMP- Tháng'!$BH$2:$BS$2,0)) -> 711.39021 | ... BD26: =INDEX('18 KMP- Tháng'!$BH$6:$BS$29,MATCH($A26,'18 KMP- Tháng'!$A$6:$A$29,0),MATCH(BD$7,'18 KMP- Tháng'!$BH$2:$BS$2,0)) -> 722.05437 | BE26: =AVERAGE(AS26:BD26) -> 758.06693 | BF26: =INDEX('18 KMP- Tháng'!$AS$6:$BD$29,MATCH($A26,'18 KMP- Tháng'!$A$6:$A$29,0),MATCH(BF$7,'18 KMP- Tháng'!$AS$2:$BD$2,0)) -> 537.39596 | BG26: =INDEX('18 KMP- Tháng'!$AS$6:$BD$29,MATCH($A26,'18 KMP- Tháng'!$A$6:$A$29,0),MATCH(BG$7,'18 KMP- Tháng'!$AS$2:$BD$2,0)) -> 457.20217 | BH26: =INDEX('18 KMP- Tháng'!$AS$6:$BD$29,MATCH($A26,'18 KMP- Tháng'!$A$6:$A$29,0),MATCH(BH$7,'18 KMP- Tháng'!$AS$2:$BD$2,0)) -> 543.72858 | BI26: =INDEX('18 KMP- Tháng'!$AS$6:$BD$29,MATCH($A26,'18 KMP- Tháng'!$A$6:$A$29,0),MATCH(BI$7,'18 KMP- Tháng'!$AS$2:$BD$2,0)) -> 511.43058 | BJ26: =INDEX('18 KMP- Tháng'!$AS$6:$BD$29,MATCH($A26,'18 KMP- Tháng'!$A$6:$A$29,0),MATCH(BJ$7,'18 KMP- Tháng'!$AS$2:$BD$2,0)) -> 531.58659 | BK26: =INDEX('18 KMP- Tháng'!$AS$6:$BD$29,MATCH($A26,'18 KMP- Tháng'!$A$6:$A$29,0),MATCH(BK$7,'18 KMP- Tháng'!$AS$2:$BD$2,0)) -> 0 | BL26: =INDEX('18 KMP- Tháng'!$AS$6:$BD$29,MATCH($A26,'18 KMP- Tháng'!$A$6:$A$29,0),MATCH(BL$7,'18 KMP- Tháng'!$AS$2:$BD$2,0)) -> 0 | BM26: =INDEX('18 KMP- Tháng'!$AS$6:$BD$29,MATCH($A26,'18 KMP- Tháng'!$A$6:$A$29,0),MATCH(BM$7,'18 KMP- Tháng'!$AS$2:$BD$2,0)) -> 0 | ... BQ26: =INDEX('18 KMP- Tháng'!$AS$6:$BD$29,MATCH($A26,'18 KMP- Tháng'!$A$6:$A$29,0),MATCH(BQ$7,'18 KMP- Tháng'!$AS$2:$BD$2,0)) -> 0 | BR26: =SUM(BF26:BQ26)/COUNTIFS($BF$29:$BQ$29,"<>"&0) -> 516.26878 | BS26: =SUM(BF26:BQ26) -> 2581.3439 | BT26: =IFERROR(BF26/AS26-1,"-") -> -0.4648056 | BU26: =BS26/$BS$29 -> 0.005668777
A27: 20 | B27: =B26+1 -> 6 | C27: Định phí | D27: Bảo Trì + Sữa Chữa | E27: =INDEX('18 KMP- Tháng'!$E$6:$Q$29,MATCH($A27,'18 KMP- Tháng'!$A$6:$A$29,0),MATCH(E$7,'18 KMP- Tháng'!$E$2:$P$2,0)) -> 246.48997 | F27: =INDEX('18 KMP- Tháng'!$E$6:$Q$29,MATCH($A27,'18 KMP- Tháng'!$A$6:$A$29,0),MATCH(F$7,'18 KMP- Tháng'!$E$2:$P$2,0)) -> 196.31483 | G27: =INDEX('18 KMP- Tháng'!$E$6:$Q$29,MATCH($A27,'18 KMP- Tháng'!$A$6:$A$29,0),MATCH(G$7,'18 KMP- Tháng'!$E$2:$P$2,0)) -> 283.67628 | H27: =INDEX('18 KMP- Tháng'!$E$6:$Q$29,MATCH($A27,'18 KMP- Tháng'!$A$6:$A$29,0),MATCH(H$7,'18 KMP- Tháng'!$E$2:$P$2,0)) -> 199.32285 | I27: =INDEX('18 KMP- Tháng'!$E$6:$Q$29,MATCH($A27,'18 KMP- Tháng'!$A$6:$A$29,0),MATCH(I$7,'18 KMP- Tháng'!$E$2:$P$2,0)) -> 400.21661 | J27: =INDEX('18 KMP- Tháng'!$E$6:$Q$29,MATCH($A27,'18 KMP- Tháng'!$A$6:$A$29,0),MATCH(J$7,'18 KMP- Tháng'!$E$2:$P$2,0)) -> 382.31869 | K27: =INDEX('18 KMP- Tháng'!$E$6:$Q$29,MATCH($A27,'18 KMP- Tháng'!$A$6:$A$29,0),MATCH(K$7,'18 KMP- Tháng'!$E$2:$P$2,0)) -> 546.65978 | L27: =INDEX('18 KMP- Tháng'!$E$6:$Q$29,MATCH($A27,'18 KMP- Tháng'!$A$6:$A$29,0),MATCH(L$7,'18 KMP- Tháng'!$E$2:$P$2,0)) -> 459.1241 | ... P27: =INDEX('18 KMP- Tháng'!$E$6:$Q$29,MATCH($A27,'18 KMP- Tháng'!$A$6:$A$29,0),MATCH(P$7,'18 KMP- Tháng'!$E$2:$P$2,0)) -> 848.89991 | Q27: =AVERAGE(E27:P27) -> 420.51581 | R27: =INDEX('18 KMP- Tháng'!$R$6:$AC$24,MATCH($A27,'18 KMP- Tháng'!$A$6:$A$24,0),MATCH(R$7,'18 KMP- Tháng'!$R$2:$AC$2,0)) -> 506.27463 | S27: =INDEX('18 KMP- Tháng'!$R$6:$AC$24,MATCH($A27,'18 KMP- Tháng'!$A$6:$A$24,0),MATCH(S$7,'18 KMP- Tháng'!$R$2:$AC$2,0)) -> 593.07692 | T27: =INDEX('18 KMP- Tháng'!$R$6:$AC$24,MATCH($A27,'18 KMP- Tháng'!$A$6:$A$24,0),MATCH(T$7,'18 KMP- Tháng'!$R$2:$AC$2,0)) -> 664.52971 | U27: =INDEX('18 KMP- Tháng'!$R$6:$AC$24,MATCH($A27,'18 KMP- Tháng'!$A$6:$A$24,0),MATCH(U$7,'18 KMP- Tháng'!$R$2:$AC$2,0)) -> 593.89188 | V27: =INDEX('18 KMP- Tháng'!$R$6:$AC$24,MATCH($A27,'18 KMP- Tháng'!$A$6:$A$24,0),MATCH(V$7,'18 KMP- Tháng'!$R$2:$AC$2,0)) -> 719.05267 | W27: =INDEX('18 KMP- Tháng'!$R$6:$AC$24,MATCH($A27,'18 KMP- Tháng'!$A$6:$A$24,0),MATCH(W$7,'18 KMP- Tháng'!$R$2:$AC$2,0)) -> 793.15192 | X27: =INDEX('18 KMP- Tháng'!$R$6:$AC$24,MATCH($A27,'18 KMP- Tháng'!$A$6:$A$24,0),MATCH(X$7,'18 KMP- Tháng'!$R$2:$AC$2,0)) -> 535.85659 | Y27: =INDEX('18 KMP- Tháng'!$R$6:$AC$24,MATCH($A27,'18 KMP- Tháng'!$A$6:$A$24,0),MATCH(Y$7,'18 KMP- Tháng'!$R$2:$AC$2,0)) -> 751.09911 | ... AC27: =INDEX('18 KMP- Tháng'!$R$6:$AC$24,MATCH($A27,'18 KMP- Tháng'!$A$6:$A$24,0),MATCH(AC$7,'18 KMP- Tháng'!$R$2:$AC$2,0)) -> 1241.5047 | AD27: =AVERAGE(R27:AC27) -> 770.93844 | AE27: =INDEX('18 KMP- Tháng'!$AF$6:$AQ$29,MATCH($A27,'18 KMP- Tháng'!$A$6:$A$29,0),MATCH(AE$7,'18 KMP- Tháng'!$AF$2:$AQ$2,0)) -> 910.58125 | AF27: =INDEX('18 KMP- Tháng'!$AF$6:$AQ$29,MATCH($A27,'18 KMP- Tháng'!$A$6:$A$29,0),MATCH(AF$7,'18 KMP- Tháng'!$AF$2:$AQ$2,0)) -> 892.28805 | AG27: =INDEX('18 KMP- Tháng'!$AF$6:$AQ$29,MATCH($A27,'18 KMP- Tháng'!$A$6:$A$29,0),MATCH(AG$7,'18 KMP- Tháng'!$AF$2:$AQ$2,0)) -> 942.31516 | AH27: =INDEX('18 KMP- Tháng'!$AF$6:$AQ$29,MATCH($A27,'18 KMP- Tháng'!$A$6:$A$29,0),MATCH(AH$7,'18 KMP- Tháng'!$AF$2:$AQ$2,0)) -> 1025.2084 | AI27: =INDEX('18 KMP- Tháng'!$AF$6:$AQ$29,MATCH($A27,'18 KMP- Tháng'!$A$6:$A$29,0),MATCH(AI$7,'18 KMP- Tháng'!$AF$2:$AQ$2,0)) -> 959.91747 | AJ27: =INDEX('18 KMP- Tháng'!$AF$6:$AQ$29,MATCH($A27,'18 KMP- Tháng'!$A$6:$A$29,0),MATCH(AJ$7,'18 KMP- Tháng'!$AF$2:$AQ$2,0)) -> 1191.2347 | AK27: =INDEX('18 KMP- Tháng'!$AF$6:$AQ$29,MATCH($A27,'18 KMP- Tháng'!$A$6:$A$29,0),MATCH(AK$7,'18 KMP- Tháng'!$AF$2:$AQ$2,0)) -> 1239.308 | AL27: =INDEX('18 KMP- Tháng'!$AF$6:$AQ$29,MATCH($A27,'18 KMP- Tháng'!$A$6:$A$29,0),MATCH(AL$7,'18 KMP- Tháng'!$AF$2:$AQ$2,0)) -> 1164.5996 | ... AP27: =INDEX('18 KMP- Tháng'!$AF$6:$AQ$29,MATCH($A27,'18 KMP- Tháng'!$A$6:$A$29,0),MATCH(AP$7,'18 KMP- Tháng'!$AF$2:$AQ$2,0)) -> 941.81425 | AQ27: =SUM(AE27:AP27)/COUNTIFS($AE$29:$AP$29,"<>"&0) -> 1027.5168 | AR27: =SUM(AE27:AP27) -> 12330.202 | AS27: =INDEX('18 KMP- Tháng'!$BH$6:$BS$29,MATCH($A27,'18 KMP- Tháng'!$A$6:$A$29,0),MATCH(AS$7,'18 KMP- Tháng'!$BH$2:$BS$2,0)) -> 950.28295 | AT27: =INDEX('18 KMP- Tháng'!$BH$6:$BS$29,MATCH($A27,'18 KMP- Tháng'!$A$6:$A$29,0),MATCH(AT$7,'18 KMP- Tháng'!$BH$2:$BS$2,0)) -> 726.7785 | AU27: =INDEX('18 KMP- Tháng'!$BH$6:$BS$29,MATCH($A27,'18 KMP- Tháng'!$A$6:$A$29,0),MATCH(AU$7,'18 KMP- Tháng'!$BH$2:$BS$2,0)) -> 1188.7319 | AV27: =INDEX('18 KMP- Tháng'!$BH$6:$BS$29,MATCH($A27,'18 KMP- Tháng'!$A$6:$A$29,0),MATCH(AV$7,'18 KMP- Tháng'!$BH$2:$BS$2,0)) -> 1114.8973 | AW27: =INDEX('18 KMP- Tháng'!$BH$6:$BS$29,MATCH($A27,'18 KMP- Tháng'!$A$6:$A$29,0),MATCH(AW$7,'18 KMP- Tháng'!$BH$2:$BS$2,0)) -> 1114.1351 | AX27: =INDEX('18 KMP- Tháng'!$BH$6:$BS$29,MATCH($A27,'18 KMP- Tháng'!$A$6:$A$29,0),MATCH(AX$7,'18 KMP- Tháng'!$BH$2:$BS$2,0)) -> 1396.9896 | AY27: =INDEX('18 KMP- Tháng'!$BH$6:$BS$29,MATCH($A27,'18 KMP- Tháng'!$A$6:$A$29,0),MATCH(AY$7,'18 KMP- Tháng'!$BH$2:$BS$2,0)) -> 1278.6137 | AZ27: =INDEX('18 KMP- Tháng'!$BH$6:$BS$29,MATCH($A27,'18 KMP- Tháng'!$A$6:$A$29,0),MATCH(AZ$7,'18 KMP- Tháng'!$BH$2:$BS$2,0)) -> 1141.9953 | ... BD27: =INDEX('18 KMP- Tháng'!$BH$6:$BS$29,MATCH($A27,'18 KMP- Tháng'!$A$6:$A$29,0),MATCH(BD$7,'18 KMP- Tháng'!$BH$2:$BS$2,0)) -> 1189.3321 | BE27: =AVERAGE(AS27:BD27) -> 1141.8221 | BF27: =INDEX('18 KMP- Tháng'!$AS$6:$BD$29,MATCH($A27,'18 KMP- Tháng'!$A$6:$A$29,0),MATCH(BF$7,'18 KMP- Tháng'!$AS$2:$BD$2,0)) -> 832.08448 | BG27: =INDEX('18 KMP- Tháng'!$AS$6:$BD$29,MATCH($A27,'18 KMP- Tháng'!$A$6:$A$29,0),MATCH(BG$7,'18 KMP- Tháng'!$AS$2:$BD$2,0)) -> 609.53175 | BH27: =INDEX('18 KMP- Tháng'!$AS$6:$BD$29,MATCH($A27,'18 KMP- Tháng'!$A$6:$A$29,0),MATCH(BH$7,'18 KMP- Tháng'!$AS$2:$BD$2,0)) -> 753.24308 | BI27: =INDEX('18 KMP- Tháng'!$AS$6:$BD$29,MATCH($A27,'18 KMP- Tháng'!$A$6:$A$29,0),MATCH(BI$7,'18 KMP- Tháng'!$AS$2:$BD$2,0)) -> 952.87036 | BJ27: =INDEX('18 KMP- Tháng'!$AS$6:$BD$29,MATCH($A27,'18 KMP- Tháng'!$A$6:$A$29,0),MATCH(BJ$7,'18 KMP- Tháng'!$AS$2:$BD$2,0)) -> 1160.2134 | BK27: =INDEX('18 KMP- Tháng'!$AS$6:$BD$29,MATCH($A27,'18 KMP- Tháng'!$A$6:$A$29,0),MATCH(BK$7,'18 KMP- Tháng'!$AS$2:$BD$2,0)) -> 0 | BL27: =INDEX('18 KMP- Tháng'!$AS$6:$BD$29,MATCH($A27,'18 KMP- Tháng'!$A$6:$A$29,0),MATCH(BL$7,'18 KMP- Tháng'!$AS$2:$BD$2,0)) -> 0 | BM27: =INDEX('18 KMP- Tháng'!$AS$6:$BD$29,MATCH($A27,'18 KMP- Tháng'!$A$6:$A$29,0),MATCH(BM$7,'18 KMP- Tháng'!$AS$2:$BD$2,0)) -> 0 | ... BQ27: =INDEX('18 KMP- Tháng'!$AS$6:$BD$29,MATCH($A27,'18 KMP- Tháng'!$A$6:$A$29,0),MATCH(BQ$7,'18 KMP- Tháng'!$AS$2:$BD$2,0)) -> 0 | BR27: =SUM(BF27:BQ27)/COUNTIFS($BF$29:$BQ$29,"<>"&0) -> 861.58861 | BS27: =SUM(BF27:BQ27) -> 4307.943 | BT27: =IFERROR(BF27/AS27-1,"-") -> -0.1243824 | BU27: =BS27/$BS$29 -> 0.0094604862
A28: 21 | B28: =B27+1 -> 7 | C28: Định phí | D28: Lãi Vay | E28: =INDEX('18 KMP- Tháng'!$E$6:$Q$29,MATCH($A28,'18 KMP- Tháng'!$A$6:$A$29,0),MATCH(E$7,'18 KMP- Tháng'!$E$2:$P$2,0)) -> 44.321388 | F28: =INDEX('18 KMP- Tháng'!$E$6:$Q$29,MATCH($A28,'18 KMP- Tháng'!$A$6:$A$29,0),MATCH(F$7,'18 KMP- Tháng'!$E$2:$P$2,0)) -> 0 | G28: =INDEX('18 KMP- Tháng'!$E$6:$Q$29,MATCH($A28,'18 KMP- Tháng'!$A$6:$A$29,0),MATCH(G$7,'18 KMP- Tháng'!$E$2:$P$2,0)) -> 48.722388 | H28: =INDEX('18 KMP- Tháng'!$E$6:$Q$29,MATCH($A28,'18 KMP- Tháng'!$A$6:$A$29,0),MATCH(H$7,'18 KMP- Tháng'!$E$2:$P$2,0)) -> 76.187496 | I28: =INDEX('18 KMP- Tháng'!$E$6:$Q$29,MATCH($A28,'18 KMP- Tháng'!$A$6:$A$29,0),MATCH(I$7,'18 KMP- Tháng'!$E$2:$P$2,0)) -> 68.801482 | J28: =INDEX('18 KMP- Tháng'!$E$6:$Q$29,MATCH($A28,'18 KMP- Tháng'!$A$6:$A$29,0),MATCH(J$7,'18 KMP- Tháng'!$E$2:$P$2,0)) -> 28.249626 | K28: =INDEX('18 KMP- Tháng'!$E$6:$Q$29,MATCH($A28,'18 KMP- Tháng'!$A$6:$A$29,0),MATCH(K$7,'18 KMP- Tháng'!$E$2:$P$2,0)) -> 91.396439 | L28: =INDEX('18 KMP- Tháng'!$E$6:$Q$29,MATCH($A28,'18 KMP- Tháng'!$A$6:$A$29,0),MATCH(L$7,'18 KMP- Tháng'!$E$2:$P$2,0)) -> 93.845376 | ... P28: =INDEX('18 KMP- Tháng'!$E$6:$Q$29,MATCH($A28,'18 KMP- Tháng'!$A$6:$A$29,0),MATCH(P$7,'18 KMP- Tháng'!$E$2:$P$2,0)) -> 316.88399 | Q28: =AVERAGE(E28:P28) -> 97.117227 | R28: =INDEX('18 KMP- Tháng'!$R$6:$AC$24,MATCH($A28,'18 KMP- Tháng'!$A$6:$A$24,0),MATCH(R$7,'18 KMP- Tháng'!$R$2:$AC$2,0)) -> 0 | S28: =INDEX('18 KMP- Tháng'!$R$6:$AC$24,MATCH($A28,'18 KMP- Tháng'!$A$6:$A$24,0),MATCH(S$7,'18 KMP- Tháng'!$R$2:$AC$2,0)) -> 0 | T28: =INDEX('18 KMP- Tháng'!$R$6:$AC$24,MATCH($A28,'18 KMP- Tháng'!$A$6:$A$24,0),MATCH(T$7,'18 KMP- Tháng'!$R$2:$AC$2,0)) -> 0 | U28: =INDEX('18 KMP- Tháng'!$R$6:$AC$24,MATCH($A28,'18 KMP- Tháng'!$A$6:$A$24,0),MATCH(U$7,'18 KMP- Tháng'!$R$2:$AC$2,0)) -> 0 | V28: =INDEX('18 KMP- Tháng'!$R$6:$AC$24,MATCH($A28,'18 KMP- Tháng'!$A$6:$A$24,0),MATCH(V$7,'18 KMP- Tháng'!$R$2:$AC$2,0)) -> 0 | W28: =INDEX('18 KMP- Tháng'!$R$6:$AC$24,MATCH($A28,'18 KMP- Tháng'!$A$6:$A$24,0),MATCH(W$7,'18 KMP- Tháng'!$R$2:$AC$2,0)) -> 0 | X28: =INDEX('18 KMP- Tháng'!$R$6:$AC$24,MATCH($A28,'18 KMP- Tháng'!$A$6:$A$24,0),MATCH(X$7,'18 KMP- Tháng'!$R$2:$AC$2,0)) -> 0 | Y28: =INDEX('18 KMP- Tháng'!$R$6:$AC$24,MATCH($A28,'18 KMP- Tháng'!$A$6:$A$24,0),MATCH(Y$7,'18 KMP- Tháng'!$R$2:$AC$2,0)) -> 0 | ... AC28: =INDEX('18 KMP- Tháng'!$R$6:$AC$24,MATCH($A28,'18 KMP- Tháng'!$A$6:$A$24,0),MATCH(AC$7,'18 KMP- Tháng'!$R$2:$AC$2,0)) -> 0 | AD28: =AVERAGE(R28:AC28) -> 0 | AE28: =INDEX('18 KMP- Tháng'!$AF$6:$AQ$29,MATCH($A28,'18 KMP- Tháng'!$A$6:$A$29,0),MATCH(AE$7,'18 KMP- Tháng'!$AF$2:$AQ$2,0)) -> 0 | AF28: =INDEX('18 KMP- Tháng'!$AF$6:$AQ$29,MATCH($A28,'18 KMP- Tháng'!$A$6:$A$29,0),MATCH(AF$7,'18 KMP- Tháng'!$AF$2:$AQ$2,0)) -> 0 | AG28: =INDEX('18 KMP- Tháng'!$AF$6:$AQ$29,MATCH($A28,'18 KMP- Tháng'!$A$6:$A$29,0),MATCH(AG$7,'18 KMP- Tháng'!$AF$2:$AQ$2,0)) -> 0 | AH28: =INDEX('18 KMP- Tháng'!$AF$6:$AQ$29,MATCH($A28,'18 KMP- Tháng'!$A$6:$A$29,0),MATCH(AH$7,'18 KMP- Tháng'!$AF$2:$AQ$2,0)) -> 0 | AI28: =INDEX('18 KMP- Tháng'!$AF$6:$AQ$29,MATCH($A28,'18 KMP- Tháng'!$A$6:$A$29,0),MATCH(AI$7,'18 KMP- Tháng'!$AF$2:$AQ$2,0)) -> 0 | AJ28: =INDEX('18 KMP- Tháng'!$AF$6:$AQ$29,MATCH($A28,'18 KMP- Tháng'!$A$6:$A$29,0),MATCH(AJ$7,'18 KMP- Tháng'!$AF$2:$AQ$2,0)) -> 0 | AK28: =INDEX('18 KMP- Tháng'!$AF$6:$AQ$29,MATCH($A28,'18 KMP- Tháng'!$A$6:$A$29,0),MATCH(AK$7,'18 KMP- Tháng'!$AF$2:$AQ$2,0)) -> 0 | AL28: =INDEX('18 KMP- Tháng'!$AF$6:$AQ$29,MATCH($A28,'18 KMP- Tháng'!$A$6:$A$29,0),MATCH(AL$7,'18 KMP- Tháng'!$AF$2:$AQ$2,0)) -> 0 | ... AP28: =INDEX('18 KMP- Tháng'!$AF$6:$AQ$29,MATCH($A28,'18 KMP- Tháng'!$A$6:$A$29,0),MATCH(AP$7,'18 KMP- Tháng'!$AF$2:$AQ$2,0)) -> 0 | AQ28: =SUM(AE28:AP28)/COUNTIFS($AE$29:$AP$29,"<>"&0) -> 0 | AR28: =SUM(AE28:AP28) -> 0 | AS28: =INDEX('18 KMP- Tháng'!$BH$6:$BS$29,MATCH($A28,'18 KMP- Tháng'!$A$6:$A$29,0),MATCH(AS$7,'18 KMP- Tháng'!$BH$2:$BS$2,0)) -> 0 | AT28: =INDEX('18 KMP- Tháng'!$BH$6:$BS$29,MATCH($A28,'18 KMP- Tháng'!$A$6:$A$29,0),MATCH(AT$7,'18 KMP- Tháng'!$BH$2:$BS$2,0)) -> 0 | AU28: =INDEX('18 KMP- Tháng'!$BH$6:$BS$29,MATCH($A28,'18 KMP- Tháng'!$A$6:$A$29,0),MATCH(AU$7,'18 KMP- Tháng'!$BH$2:$BS$2,0)) -> 0 | AV28: =INDEX('18 KMP- Tháng'!$BH$6:$BS$29,MATCH($A28,'18 KMP- Tháng'!$A$6:$A$29,0),MATCH(AV$7,'18 KMP- Tháng'!$BH$2:$BS$2,0)) -> 0 | AW28: =INDEX('18 KMP- Tháng'!$BH$6:$BS$29,MATCH($A28,'18 KMP- Tháng'!$A$6:$A$29,0),MATCH(AW$7,'18 KMP- Tháng'!$BH$2:$BS$2,0)) -> 0 | AX28: =INDEX('18 KMP- Tháng'!$BH$6:$BS$29,MATCH($A28,'18 KMP- Tháng'!$A$6:$A$29,0),MATCH(AX$7,'18 KMP- Tháng'!$BH$2:$BS$2,0)) -> 0 | AY28: =INDEX('18 KMP- Tháng'!$BH$6:$BS$29,MATCH($A28,'18 KMP- Tháng'!$A$6:$A$29,0),MATCH(AY$7,'18 KMP- Tháng'!$BH$2:$BS$2,0)) -> 0 | AZ28: =INDEX('18 KMP- Tháng'!$BH$6:$BS$29,MATCH($A28,'18 KMP- Tháng'!$A$6:$A$29,0),MATCH(AZ$7,'18 KMP- Tháng'!$BH$2:$BS$2,0)) -> 0 | ... BD28: =INDEX('18 KMP- Tháng'!$BH$6:$BS$29,MATCH($A28,'18 KMP- Tháng'!$A$6:$A$29,0),MATCH(BD$7,'18 KMP- Tháng'!$BH$2:$BS$2,0)) -> 0 | BE28: =AVERAGE(AS28:BD28) -> 0 | BF28: =INDEX('18 KMP- Tháng'!$AS$6:$BD$29,MATCH($A28,'18 KMP- Tháng'!$A$6:$A$29,0),MATCH(BF$7,'18 KMP- Tháng'!$AS$2:$BD$2,0)) -> 0 | BG28: =INDEX('18 KMP- Tháng'!$AS$6:$BD$29,MATCH($A28,'18 KMP- Tháng'!$A$6:$A$29,0),MATCH(BG$7,'18 KMP- Tháng'!$AS$2:$BD$2,0)) -> 0 | BH28: =INDEX('18 KMP- Tháng'!$AS$6:$BD$29,MATCH($A28,'18 KMP- Tháng'!$A$6:$A$29,0),MATCH(BH$7,'18 KMP- Tháng'!$AS$2:$BD$2,0)) -> 0 | BI28: =INDEX('18 KMP- Tháng'!$AS$6:$BD$29,MATCH($A28,'18 KMP- Tháng'!$A$6:$A$29,0),MATCH(BI$7,'18 KMP- Tháng'!$AS$2:$BD$2,0)) -> 0 | BJ28: =INDEX('18 KMP- Tháng'!$AS$6:$BD$29,MATCH($A28,'18 KMP- Tháng'!$A$6:$A$29,0),MATCH(BJ$7,'18 KMP- Tháng'!$AS$2:$BD$2,0)) -> 0 | BK28: =INDEX('18 KMP- Tháng'!$AS$6:$BD$29,MATCH($A28,'18 KMP- Tháng'!$A$6:$A$29,0),MATCH(BK$7,'18 KMP- Tháng'!$AS$2:$BD$2,0)) -> 0 | BL28: =INDEX('18 KMP- Tháng'!$AS$6:$BD$29,MATCH($A28,'18 KMP- Tháng'!$A$6:$A$29,0),MATCH(BL$7,'18 KMP- Tháng'!$AS$2:$BD$2,0)) -> 0 | BM28: =INDEX('18 KMP- Tháng'!$AS$6:$BD$29,MATCH($A28,'18 KMP- Tháng'!$A$6:$A$29,0),MATCH(BM$7,'18 KMP- Tháng'!$AS$2:$BD$2,0)) -> 0 | ... BQ28: =INDEX('18 KMP- Tháng'!$AS$6:$BD$29,MATCH($A28,'18 KMP- Tháng'!$A$6:$A$29,0),MATCH(BQ$7,'18 KMP- Tháng'!$AS$2:$BD$2,0)) -> 0 | BR28: =SUM(BF28:BQ28)/COUNTIFS($BF$29:$BQ$29,"<>"&0) -> 0 | BS28: =SUM(BF28:BQ28) -> 0 | BT28: =IFERROR(BF28/AS28-1,"-") -> - | BU28: =BS28/$BS$29 -> 0
A29: 22 | B29: Tổng chi phí | E29: =E9+E21 -> 34440.912 | F29: =F9+F21 -> 46317.09 | G29: =G9+G21 -> 55997.137 | H29: =H9+H21 -> 48947.483 | I29: =I9+I21 -> 58599.45 | J29: =J9+J21 -> 52071.093 | K29: =K9+K21 -> 60035.261 | L29: =L9+L21 -> 62421.992 | ... BS29: =BS9+BS21 -> 455361.7 | BT29: =IFERROR(BF29/AS29-1,"-") -> -0.18922005 | BU29: =BU21+BU9 -> 1
A30: 27 | B30: Tổng chi phí (không bao gồm thuê xưởng, kho, máy và khấu hao) | E30: =E29-E22-E24 -> 29412.027 | F30: =F29-F22-F24 -> 41128.864 | G30: =G29-G22-G24 -> 50612.585 | H30: =H29-H22-H24 -> 45244.142 | I30: =I29-I22-I24 -> 54764.228 | J30: =J29-J22-J24 -> 48257.194 | K30: =K29-K22-K24 -> 56111.631 | L30: =L29-L22-L24 -> 58495.195 | ... BS30: =BS29-BS22-BS24 -> 398488.99 | BT30: =IFERROR(BF30/AS30-1,"-") -> -0.2157414
A31: 23 | B31: Sản lượng thành phẩm SX | E31: =INDEX('18 KMP- Tháng'!$E$6:$Q$29,MATCH($A31,'18 KMP- Tháng'!$A$6:$A$29,0),MATCH(E$7,'18 KMP- Tháng'!$E$2:$P$2,0)) -> 841.882 | F31: =INDEX('18 KMP- Tháng'!$E$6:$Q$29,MATCH($A31,'18 KMP- Tháng'!$A$6:$A$29,0),MATCH(F$7,'18 KMP- Tháng'!$E$2:$P$2,0)) -> 1307.212 | G31: =INDEX('18 KMP- Tháng'!$E$6:$Q$29,MATCH($A31,'18 KMP- Tháng'!$A$6:$A$29,0),MATCH(G$7,'18 KMP- Tháng'!$E$2:$P$2,0)) -> 1683.515 | H31: =INDEX('18 KMP- Tháng'!$E$6:$Q$29,MATCH($A31,'18 KMP- Tháng'!$A$6:$A$29,0),MATCH(H$7,'18 KMP- Tháng'!$E$2:$P$2,0)) -> 1492.932 | I31: =INDEX('18 KMP- Tháng'!$E$6:$Q$29,MATCH($A31,'18 KMP- Tháng'!$A$6:$A$29,0),MATCH(I$7,'18 KMP- Tháng'!$E$2:$P$2,0)) -> 1899.635 | J31: =INDEX('18 KMP- Tháng'!$E$6:$Q$29,MATCH($A31,'18 KMP- Tháng'!$A$6:$A$29,0),MATCH(J$7,'18 KMP- Tháng'!$E$2:$P$2,0)) -> 1515.679 | K31: =INDEX('18 KMP- Tháng'!$E$6:$Q$29,MATCH($A31,'18 KMP- Tháng'!$A$6:$A$29,0),MATCH(K$7,'18 KMP- Tháng'!$E$2:$P$2,0)) -> 2178.257 | L31: =INDEX('18 KMP- Tháng'!$E$6:$Q$29,MATCH($A31,'18 KMP- Tháng'!$A$6:$A$29,0),MATCH(L$7,'18 KMP- Tháng'!$E$2:$P$2,0)) -> 2374.609 | ... P31: =INDEX('18 KMP- Tháng'!$E$6:$Q$29,MATCH($A31,'18 KMP- Tháng'!$A$6:$A$29,0),MATCH(P$7,'18 KMP- Tháng'!$E$2:$P$2,0)) -> 3906.031 | Q31: =AVERAGE(E31:P31) -> 1954.7762 | R31: =INDEX('18 KMP- Tháng'!$R$6:$AC$28,MATCH($A31,'18 KMP- Tháng'!$A$6:$A$28,0),MATCH(R$7,'18 KMP- Tháng'!$R$2:$AC$2,0)) -> 4748.313 | S31: =INDEX('18 KMP- Tháng'!$R$6:$AC$28,MATCH($A31,'18 KMP- Tháng'!$A$6:$A$28,0),MATCH(S$7,'18 KMP- Tháng'!$R$2:$AC$2,0)) -> 2926.502 | T31: =INDEX('18 KMP- Tháng'!$R$6:$AC$28,MATCH($A31,'18 KMP- Tháng'!$A$6:$A$28,0),MATCH(T$7,'18 KMP- Tháng'!$R$2:$AC$2,0)) -> 4896.438 | U31: =INDEX('18 KMP- Tháng'!$R$6:$AC$28,MATCH($A31,'18 KMP- Tháng'!$A$6:$A$28,0),MATCH(U$7,'18 KMP- Tháng'!$R$2:$AC$2,0)) -> 4526.369 | V31: =INDEX('18 KMP- Tháng'!$R$6:$AC$28,MATCH($A31,'18 KMP- Tháng'!$A$6:$A$28,0),MATCH(V$7,'18 KMP- Tháng'!$R$2:$AC$2,0)) -> 4417.875 | W31: =INDEX('18 KMP- Tháng'!$R$6:$AC$28,MATCH($A31,'18 KMP- Tháng'!$A$6:$A$28,0),MATCH(W$7,'18 KMP- Tháng'!$R$2:$AC$2,0)) -> 3495.0745 | X31: =INDEX('18 KMP- Tháng'!$R$6:$AC$28,MATCH($A31,'18 KMP- Tháng'!$A$6:$A$28,0),MATCH(X$7,'18 KMP- Tháng'!$R$2:$AC$2,0)) -> 1866.424 | Y31: =INDEX('18 KMP- Tháng'!$R$6:$AC$28,MATCH($A31,'18 KMP- Tháng'!$A$6:$A$28,0),MATCH(Y$7,'18 KMP- Tháng'!$R$2:$AC$2,0)) -> 2192.5825 | ... AC31: =INDEX('18 KMP- Tháng'!$R$6:$AC$28,MATCH($A31,'18 KMP- Tháng'!$A$6:$A$28,0),MATCH(AC$7,'18 KMP- Tháng'!$R$2:$AC$2,0)) -> 3318.6421 | AD31: =AVERAGE(R31:AC31) -> 3688.024 | AE31: =INDEX('18 KMP- Tháng'!$AF$6:$AQ$29,MATCH($A31,'18 KMP- Tháng'!$A$6:$A$29,0),MATCH(AE$7,'18 KMP- Tháng'!$AF$2:$AQ$2,0)) -> 1839.731 | AF31: =INDEX('18 KMP- Tháng'!$AF$6:$AQ$29,MATCH($A31,'18 KMP- Tháng'!$A$6:$A$29,0),MATCH(AF$7,'18 KMP- Tháng'!$AF$2:$AQ$2,0)) -> 2957.266 | AG31: =INDEX('18 KMP- Tháng'!$AF$6:$AQ$29,MATCH($A31,'18 KMP- Tháng'!$A$6:$A$29,0),MATCH(AG$7,'18 KMP- Tháng'!$AF$2:$AQ$2,0)) -> 4821.92 | AH31: =INDEX('18 KMP- Tháng'!$AF$6:$AQ$29,MATCH($A31,'18 KMP- Tháng'!$A$6:$A$29,0),MATCH(AH$7,'18 KMP- Tháng'!$AF$2:$AQ$2,0)) -> 4088.249 | AI31: =INDEX('18 KMP- Tháng'!$AF$6:$AQ$29,MATCH($A31,'18 KMP- Tháng'!$A$6:$A$29,0),MATCH(AI$7,'18 KMP- Tháng'!$AF$2:$AQ$2,0)) -> 4828.971 | AJ31: =INDEX('18 KMP- Tháng'!$AF$6:$AQ$29,MATCH($A31,'18 KMP- Tháng'!$A$6:$A$29,0),MATCH(AJ$7,'18 KMP- Tháng'!$AF$2:$AQ$2,0)) -> 4232.453 | AK31: =INDEX('18 KMP- Tháng'!$AF$6:$AQ$29,MATCH($A31,'18 KMP- Tháng'!$A$6:$A$29,0),MATCH(AK$7,'18 KMP- Tháng'!$AF$2:$AQ$2,0)) -> 4561.641 | AL31: =INDEX('18 KMP- Tháng'!$AF$6:$AQ$29,MATCH($A31,'18 KMP- Tháng'!$A$6:$A$29,0),MATCH(AL$7,'18 KMP- Tháng'!$AF$2:$AQ$2,0)) -> 4570.5645 | ... AP31: =INDEX('18 KMP- Tháng'!$AF$6:$AQ$29,MATCH($A31,'18 KMP- Tháng'!$A$6:$A$29,0),MATCH(AP$7,'18 KMP- Tháng'!$AF$2:$AQ$2,0)) -> 3552.8618 | AQ31: =SUM(AE31:AP31)/COUNTIFS($AE$29:$AP$29,"<>"&0) -> 3792.1955 | AR31: =SUM(AE31:AP31) -> 45506.346 | AS31: =INDEX('18 KMP- Tháng'!$BH$6:$BS$30,MATCH($A31,'18 KMP- Tháng'!$A$6:$A$29,0),MATCH(AS$7,'18 KMP- Tháng'!$BH$2:$BS$2,0)) -> 3955 | AT31: =INDEX('18 KMP- Tháng'!$BH$6:$BS$30,MATCH($A31,'18 KMP- Tháng'!$A$6:$A$29,0),MATCH(AT$7,'18 KMP- Tháng'!$BH$2:$BS$2,0)) -> 3245 | AU31: =INDEX('18 KMP- Tháng'!$BH$6:$BS$30,MATCH($A31,'18 KMP- Tháng'!$A$6:$A$29,0),MATCH(AU$7,'18 KMP- Tháng'!$BH$2:$BS$2,0)) -> 4145 | AV31: =INDEX('18 KMP- Tháng'!$BH$6:$BS$30,MATCH($A31,'18 KMP- Tháng'!$A$6:$A$29,0),MATCH(AV$7,'18 KMP- Tháng'!$BH$2:$BS$2,0)) -> 4155 | AW31: =INDEX('18 KMP- Tháng'!$BH$6:$BS$30,MATCH($A31,'18 KMP- Tháng'!$A$6:$A$29,0),MATCH(AW$7,'18 KMP- Tháng'!$BH$2:$BS$2,0)) -> 4145 | AX31: =INDEX('18 KMP- Tháng'!$BH$6:$BS$30,MATCH($A31,'18 KMP- Tháng'!$A$6:$A$29,0),MATCH(AX$7,'18 KMP- Tháng'!$BH$2:$BS$2,0)) -> 4230 | AY31: =INDEX('18 KMP- Tháng'!$BH$6:$BS$30,MATCH($A31,'18 KMP- Tháng'!$A$6:$A$29,0),MATCH(AY$7,'18 KMP- Tháng'!$BH$2:$BS$2,0)) -> 4330 | AZ31: =INDEX('18 KMP- Tháng'!$BH$6:$BS$30,MATCH($A31,'18 KMP- Tháng'!$A$6:$A$29,0),MATCH(AZ$7,'18 KMP- Tháng'!$BH$2:$BS$2,0)) -> 4370 | ... BD31: =INDEX('18 KMP- Tháng'!$BH$6:$BS$30,MATCH($A31,'18 KMP- Tháng'!$A$6:$A$29,0),MATCH(BD$7,'18 KMP- Tháng'!$BH$2:$BS$2,0)) -> 4370 | BE31: =AVERAGE(AS31:BD31) -> 4166.6667 | BF31: =INDEX('18 KMP- Tháng'!$AS$6:$BD$29,MATCH($A31,'18 KMP- Tháng'!$A$6:$A$29,0),MATCH(BF$7,'18 KMP- Tháng'!$AS$2:$BD$2,0)) -> 2868.5693 | BG31: =INDEX('18 KMP- Tháng'!$AS$6:$BD$29,MATCH($A31,'18 KMP- Tháng'!$A$6:$A$29,0),MATCH(BG$7,'18 KMP- Tháng'!$AS$2:$BD$2,0)) -> 1811.1 | BH31: =INDEX('18 KMP- Tháng'!$AS$6:$BD$29,MATCH($A31,'18 KMP- Tháng'!$A$6:$A$29,0),MATCH(BH$7,'18 KMP- Tháng'!$AS$2:$BD$2,0)) -> 4279.489 | BI31: =INDEX('18 KMP- Tháng'!$AS$6:$BD$29,MATCH($A31,'18 KMP- Tháng'!$A$6:$A$29,0),MATCH(BI$7,'18 KMP- Tháng'!$AS$2:$BD$2,0)) -> 4370.2854 | BJ31: =INDEX('18 KMP- Tháng'!$AS$6:$BD$29,MATCH($A31,'18 KMP- Tháng'!$A$6:$A$29,0),MATCH(BJ$7,'18 KMP- Tháng'!$AS$2:$BD$2,0)) -> 3592.682 | BK31: =INDEX('18 KMP- Tháng'!$AS$6:$BD$29,MATCH($A31,'18 KMP- Tháng'!$A$6:$A$29,0),MATCH(BK$7,'18 KMP- Tháng'!$AS$2:$BD$2,0)) -> 0 | BL31: =INDEX('18 KMP- Tháng'!$AS$6:$BD$29,MATCH($A31,'18 KMP- Tháng'!$A$6:$A$29,0),MATCH(BL$7,'18 KMP- Tháng'!$AS$2:$BD$2,0)) -> 0 | BM31: =INDEX('18 KMP- Tháng'!$AS$6:$BD$29,MATCH($A31,'18 KMP- Tháng'!$A$6:$A$29,0),MATCH(BM$7,'18 KMP- Tháng'!$AS$2:$BD$2,0)) -> 0 | ... BQ31: =INDEX('18 KMP- Tháng'!$AS$6:$BD$29,MATCH($A31,'18 KMP- Tháng'!$A$6:$A$29,0),MATCH(BQ$7,'18 KMP- Tháng'!$AS$2:$BD$2,0)) -> 0 | BR31: =SUM(BF31:BQ31)/COUNTIFS($BF$29:$BQ$29,"<>"&0) -> 3384.4251 | BS31: =SUM(BF31:BQ31) -> 16922.126 | BT31: =IFERROR(BF31/AS31-1,"-") -> -0.27469804
A32: 24 | B32: Chi phí / tấn TP (tính CP thuê máy, xưởng)
A33: 25 | B33: Chi phí/ tấn TP ( ko tính CP thuê máy, xưởng chỉ tính k.hao)
A34: 26 | B34: CP thuê hạch tóan vào 632 | E34: =INDEX('18 KMP- Tháng'!$E$6:$Q$29,MATCH($A34,'18 KMP- Tháng'!$A$6:$A$29,0),MATCH(E$7,'18 KMP- Tháng'!$E$2:$P$2,0)) -> 0 | F34: =INDEX('18 KMP- Tháng'!$E$6:$Q$29,MATCH($A34,'18 KMP- Tháng'!$A$6:$A$29,0),MATCH(F$7,'18 KMP- Tháng'!$E$2:$P$2,0)) -> 0 | G34: =INDEX('18 KMP- Tháng'!$E$6:$Q$29,MATCH($A34,'18 KMP- Tháng'!$A$6:$A$29,0),MATCH(G$7,'18 KMP- Tháng'!$E$2:$P$2,0)) -> 0 | H34: =INDEX('18 KMP- Tháng'!$E$6:$Q$29,MATCH($A34,'18 KMP- Tháng'!$A$6:$A$29,0),MATCH(H$7,'18 KMP- Tháng'!$E$2:$P$2,0)) -> 0 | I34: =INDEX('18 KMP- Tháng'!$E$6:$Q$29,MATCH($A34,'18 KMP- Tháng'!$A$6:$A$29,0),MATCH(I$7,'18 KMP- Tháng'!$E$2:$P$2,0)) -> 0 | J34: =INDEX('18 KMP- Tháng'!$E$6:$Q$29,MATCH($A34,'18 KMP- Tháng'!$A$6:$A$29,0),MATCH(J$7,'18 KMP- Tháng'!$E$2:$P$2,0)) -> 0 | K34: =INDEX('18 KMP- Tháng'!$E$6:$Q$29,MATCH($A34,'18 KMP- Tháng'!$A$6:$A$29,0),MATCH(K$7,'18 KMP- Tháng'!$E$2:$P$2,0)) -> 0 | L34: =INDEX('18 KMP- Tháng'!$E$6:$Q$29,MATCH($A34,'18 KMP- Tháng'!$A$6:$A$29,0),MATCH(L$7,'18 KMP- Tháng'!$E$2:$P$2,0)) -> 0 | ... P34: =INDEX('18 KMP- Tháng'!$E$6:$Q$29,MATCH($A34,'18 KMP- Tháng'!$A$6:$A$29,0),MATCH(P$7,'18 KMP- Tháng'!$E$2:$P$2,0)) -> 0 | Q34: =AVERAGE(E34:P34) -> 0 | R34: =INDEX('18 KMP- Tháng'!$R$6:$AC$29,MATCH($A34,'18 KMP- Tháng'!$A$6:$A$29,0),MATCH(R$7,'18 KMP- Tháng'!$R$2:$AC$2,0)) -> 1539.6059 | S34: =INDEX('18 KMP- Tháng'!$R$6:$AC$29,MATCH($A34,'18 KMP- Tháng'!$A$6:$A$29,0),MATCH(S$7,'18 KMP- Tháng'!$R$2:$AC$2,0)) -> 3139.6059 | T34: =INDEX('18 KMP- Tháng'!$R$6:$AC$29,MATCH($A34,'18 KMP- Tháng'!$A$6:$A$29,0),MATCH(T$7,'18 KMP- Tháng'!$R$2:$AC$2,0)) -> -60.394217 | U34: =INDEX('18 KMP- Tháng'!$R$6:$AC$29,MATCH($A34,'18 KMP- Tháng'!$A$6:$A$29,0),MATCH(U$7,'18 KMP- Tháng'!$R$2:$AC$2,0)) -> 1539.6059 | V34: =INDEX('18 KMP- Tháng'!$R$6:$AC$29,MATCH($A34,'18 KMP- Tháng'!$A$6:$A$29,0),MATCH(V$7,'18 KMP- Tháng'!$R$2:$AC$2,0)) -> 1539.6059 | W34: =INDEX('18 KMP- Tháng'!$R$6:$AC$29,MATCH($A34,'18 KMP- Tháng'!$A$6:$A$29,0),MATCH(W$7,'18 KMP- Tháng'!$R$2:$AC$2,0)) -> 1539.6059 | X34: =INDEX('18 KMP- Tháng'!$R$6:$AC$29,MATCH($A34,'18 KMP- Tháng'!$A$6:$A$29,0),MATCH(X$7,'18 KMP- Tháng'!$R$2:$AC$2,0)) -> 1539.6059 | Y34: =INDEX('18 KMP- Tháng'!$R$6:$AC$29,MATCH($A34,'18 KMP- Tháng'!$A$6:$A$29,0),MATCH(Y$7,'18 KMP- Tháng'!$R$2:$AC$2,0)) -> 1539.6059 | ... AC34: =INDEX('18 KMP- Tháng'!$R$6:$AC$29,MATCH($A34,'18 KMP- Tháng'!$A$6:$A$29,0),MATCH(AC$7,'18 KMP- Tháng'!$R$2:$AC$2,0)) -> 5666.6667 | AD34: =AVERAGE(R34:AC34) -> 1883.5276 | AE34: =INDEX('18 KMP- Tháng'!$AF$6:$AQ$29,MATCH($A34,'18 KMP- Tháng'!$A$6:$A$29,0),MATCH(AE$7,'18 KMP- Tháng'!$AF$2:$AQ$2,0)) -> 2190 | AF34: =INDEX('18 KMP- Tháng'!$AF$6:$AQ$29,MATCH($A34,'18 KMP- Tháng'!$A$6:$A$29,0),MATCH(AF$7,'18 KMP- Tháng'!$AF$2:$AQ$2,0)) -> 2310 | AG34: =INDEX('18 KMP- Tháng'!$AF$6:$AQ$29,MATCH($A34,'18 KMP- Tháng'!$A$6:$A$29,0),MATCH(AG$7,'18 KMP- Tháng'!$AF$2:$AQ$2,0)) -> 2250 | AH34: =INDEX('18 KMP- Tháng'!$AF$6:$AQ$29,MATCH($A34,'18 KMP- Tháng'!$A$6:$A$29,0),MATCH(AH$7,'18 KMP- Tháng'!$AF$2:$AQ$2,0)) -> 2100 | AI34: =INDEX('18 KMP- Tháng'!$AF$6:$AQ$29,MATCH($A34,'18 KMP- Tháng'!$A$6:$A$29,0),MATCH(AI$7,'18 KMP- Tháng'!$AF$2:$AQ$2,0)) -> 2100 | AJ34: =INDEX('18 KMP- Tháng'!$AF$6:$AQ$29,MATCH($A34,'18 KMP- Tháng'!$A$6:$A$29,0),MATCH(AJ$7,'18 KMP- Tháng'!$AF$2:$AQ$2,0)) -> 2767.9919 | AK34: =INDEX('18 KMP- Tháng'!$AF$6:$AQ$29,MATCH($A34,'18 KMP- Tháng'!$A$6:$A$29,0),MATCH(AK$7,'18 KMP- Tháng'!$AF$2:$AQ$2,0)) -> 3045.9061 | AL34: =INDEX('18 KMP- Tháng'!$AF$6:$AQ$29,MATCH($A34,'18 KMP- Tháng'!$A$6:$A$29,0),MATCH(AL$7,'18 KMP- Tháng'!$AF$2:$AQ$2,0)) -> 3495.9061 | ... AP34: =INDEX('18 KMP- Tháng'!$AF$6:$AQ$29,MATCH($A34,'18 KMP- Tháng'!$A$6:$A$29,0),MATCH(AP$7,'18 KMP- Tháng'!$AF$2:$AQ$2,0)) -> 2655.9061 | AR34: =SUM(AE34:AP34) -> 33403.428 | AS34: =INDEX('18 KMP- Tháng'!$BH$6:$BS$29,MATCH($A34,'18 KMP- Tháng'!$A$6:$A$29,0),MATCH(AS$7,'18 KMP- Tháng'!$BH$2:$BS$2,0)) -> 0 | AT34: =INDEX('18 KMP- Tháng'!$BH$6:$BS$29,MATCH($A34,'18 KMP- Tháng'!$A$6:$A$29,0),MATCH(AT$7,'18 KMP- Tháng'!$BH$2:$BS$2,0)) -> 0 | AU34: =INDEX('18 KMP- Tháng'!$BH$6:$BS$29,MATCH($A34,'18 KMP- Tháng'!$A$6:$A$29,0),MATCH(AU$7,'18 KMP- Tháng'!$BH$2:$BS$2,0)) -> 0 | AV34: =INDEX('18 KMP- Tháng'!$BH$6:$BS$29,MATCH($A34,'18 KMP- Tháng'!$A$6:$A$29,0),MATCH(AV$7,'18 KMP- Tháng'!$BH$2:$BS$2,0)) -> 0 | AW34: =INDEX('18 KMP- Tháng'!$BH$6:$BS$29,MATCH($A34,'18 KMP- Tháng'!$A$6:$A$29,0),MATCH(AW$7,'18 KMP- Tháng'!$BH$2:$BS$2,0)) -> 0 | AX34: =INDEX('18 KMP- Tháng'!$BH$6:$BS$29,MATCH($A34,'18 KMP- Tháng'!$A$6:$A$29,0),MATCH(AX$7,'18 KMP- Tháng'!$BH$2:$BS$2,0)) -> 0 | AY34: =INDEX('18 KMP- Tháng'!$BH$6:$BS$29,MATCH($A34,'18 KMP- Tháng'!$A$6:$A$29,0),MATCH(AY$7,'18 KMP- Tháng'!$BH$2:$BS$2,0)) -> 0 | AZ34: =INDEX('18 KMP- Tháng'!$BH$6:$BS$29,MATCH($A34,'18 KMP- Tháng'!$A$6:$A$29,0),MATCH(AZ$7,'18 KMP- Tháng'!$BH$2:$BS$2,0)) -> 0 | ... BD34: =INDEX('18 KMP- Tháng'!$BH$6:$BS$29,MATCH($A34,'18 KMP- Tháng'!$A$6:$A$29,0),MATCH(BD$7,'18 KMP- Tháng'!$BH$2:$BS$2,0)) -> 0 | BE34: =AVERAGE(AS34:BD34) -> 0 | BF34: =INDEX('18 KMP- Tháng'!$AS$6:$BD$29,MATCH($A34,'18 KMP- Tháng'!$A$6:$A$29,0),MATCH(BF$7,'18 KMP- Tháng'!$AS$2:$BD$2,0)) -> 0 | BG34: =INDEX('18 KMP- Tháng'!$AS$6:$BD$29,MATCH($A34,'18 KMP- Tháng'!$A$6:$A$29,0),MATCH(BG$7,'18 KMP- Tháng'!$AS$2:$BD$2,0)) -> 0 | BH34: =INDEX('18 KMP- Tháng'!$AS$6:$BD$29,MATCH($A34,'18 KMP- Tháng'!$A$6:$A$29,0),MATCH(BH$7,'18 KMP- Tháng'!$AS$2:$BD$2,0)) -> 0 | BI34: =INDEX('18 KMP- Tháng'!$AS$6:$BD$29,MATCH($A34,'18 KMP- Tháng'!$A$6:$A$29,0),MATCH(BI$7,'18 KMP- Tháng'!$AS$2:$BD$2,0)) -> 0 | BJ34: =INDEX('18 KMP- Tháng'!$AS$6:$BD$29,MATCH($A34,'18 KMP- Tháng'!$A$6:$A$29,0),MATCH(BJ$7,'18 KMP- Tháng'!$AS$2:$BD$2,0)) -> 0 | BK34: =INDEX('18 KMP- Tháng'!$AS$6:$BD$29,MATCH($A34,'18 KMP- Tháng'!$A$6:$A$29,0),MATCH(BK$7,'18 KMP- Tháng'!$AS$2:$BD$2,0)) -> 0 | BL34: =INDEX('18 KMP- Tháng'!$AS$6:$BD$29,MATCH($A34,'18 KMP- Tháng'!$A$6:$A$29,0),MATCH(BL$7,'18 KMP- Tháng'!$AS$2:$BD$2,0)) -> 0 | BM34: =INDEX('18 KMP- Tháng'!$AS$6:$BD$29,MATCH($A34,'18 KMP- Tháng'!$A$6:$A$29,0),MATCH(BM$7,'18 KMP- Tháng'!$AS$2:$BD$2,0)) -> 0 | ... BQ34: =INDEX('18 KMP- Tháng'!$AS$6:$BD$29,MATCH($A34,'18 KMP- Tháng'!$A$6:$A$29,0),MATCH(BQ$7,'18 KMP- Tháng'!$AS$2:$BD$2,0)) -> 0 | BR34: =SUM(BF34:BQ34)/COUNTIFS($BF$29:$BQ$29,"<>"&0) -> 0 | BS34: =SUM(BF34:BQ34) -> 0
D37: Sản lượng bán sản phẩm chính | E37: 651.8 | F37: 653.075 | G37: 1875.95 | H37: 1792.575 | I37: 1632.875 | J37: 1573.975 | K37: 1591.575 | L37: 2445.175 | M37: 1846.875 | N37: 2330.525 | O37: 2108.8 | P37: 3265.8 | Q37: =AVERAGE(E37:P37) -> 1814.0833 | R37: 2153 | S37: 2064 | T37: 2908 | U37: 3201 | V37: 3202 | W37: 1891 | X37: 1784 | Y37: 4611 | Z37: 4683.6 | AA37: 3573.525 | AB37: 1971.925 | AC37: 2927.35 | AD37: =AVERAGE(R37:AC37) -> 2914.2 | AE37: 3487.9993 | AF37: 5476.675 | AG37: 4580.05 | AH37: 3850.925 | AI37: 4582.7243 | AJ37: 3673.208 | AK37: 4560.4241 | AL37: 5189.368 | AM37: 2657.043 | AN37: 3219.195 | AO37: 2510.415 | AP37: 2781.111 | AQ37: =AVERAGE(AE37:AP37) -> 3880.7615 | AR37: =SUM(AE37:AP37) -> 46569.138 | AS37: ='18 KMP- Tháng'!BH30 -> 4307.2229 | AT37: ='18 KMP- Tháng'!BI30 -> 4242.3146 | AU37: ='18 KMP- Tháng'!BJ30 -> 4667.5574 | AV37: ='18 KMP- Tháng'!BK30 -> 4383.2315 | AW37: ='18 KMP- Tháng'!BL30 -> 4652.4364 | AX37: ='18 KMP- Tháng'!BM30 -> 4680.9522 | AY37: ='18 KMP- Tháng'!BN30 -> 4678.4225 | AZ37: ='18 KMP- Tháng'!BO30 -> 4551.8495 | ... BD37: ='18 KMP- Tháng'!BS30 -> 4773.5204 | BE37: =AVERAGE(AS37:BD37) -> 4572.3333 | BF37: 4106.85 | BG37: 3166.75 | BH37: 5734.125 | BI37: 5105.275 | BJ37: 4987.15 | BR37: =AVERAGE(BF37:BQ37) -> 4620.03 | BS37: =SUM(BF37:BQ37) -> 23100.15
A39: 1 | B39: STT | C39: Phân loại | D39: Chỉ tiêu ĐVT: triệu đồng/tấn | E39: T1.23 | F39: T2.23 | G39: T3.23 | H39: T4.23 | I39: T5.23 | J39: T6.23 | K39: T7.23 | L39: T8.23 | M39: T9.23 | N39: T10.23 | O39: T11.23 | P39: T12.23 | Q39: BQ TT 2023 | R39: T1.24 | S39: T2.24 | T39: T3.24 | U39: T4.24 | V39: T5.24 | W39: T6.24 | X39: T7.24 | Y39: T8.24 | Z39: T9.24 | AA39: T10.24 | AB39: T11.24 | AC39: T12.24 | AD39: BQ TT 2024 | AE39: T1.25 | AF39: T2.25 | AG39: T3.25 | AH39: T4.25 | AI39: T5.25 | AJ39: T6.25 | AK39: T7.25 | AL39: T8.25 | AM39: T9.25 | AN39: T10.25 | AO39: T11.25 | AP39: T12.25 | AQ39: BQ TT 2025 | AR39: BQ 2025 sv BQ 2024 | AS39: =AS8 -> KH T1.2026 | AT39: =AT8 -> KH T2.2026 | AU39: =AU8 -> KH T3.2026 | AV39: =AV8 -> KH T4.2026 | AW39: =AW8 -> KH T5.2026 | AX39: =AX8 -> KH T6.2026 | AY39: =AY8 -> KH T7.2026 | AZ39: =AZ8 -> KH T8.2026 | ... BR39: =BR8 -> BQ TT 2026 | BS39: BQ 2026 sv BQ 2025 | BT39: NS 2026 | BU39: ="KH T"&$D$4&".26" -> KH T1.26 | BV39: ="T"&$D$4&".26"& "sv KHT"&D4&".26" -> T1.26sv KHT1.26 | BW39: Tỷ trọng BQ 2024 | BX39: Tỷ trọng BQ 2025 | BY39: Tỷ trọng KH 2026 | BZ39: Tỷ trọng BQ 2026 | CA39: Tỷ trọng 2026 sv tỷ trọng 2025 | CB39: Tỷ trọng 2026 sv KH 2026 | CC39: Giải trình
A40: 2 | B40: I | D40: BIẾN PHÍ | E40: =SUM(E41:E51) -> 26.012888 | F40: =SUM(F41:F51) -> 25.59142 | G40: =SUM(G41:G51) -> 25.167345 | H40: =SUM(H41:H51) -> 24.56513 | I40: =SUM(I41:I51) -> 24.081836 | J40: =SUM(J41:J51) -> 25.732187 | K40: =SUM(K41:K51) -> 21.504439 | L40: =SUM(L41:L51) -> 20.384036 | ... BU40: =SUM(BU41:BU51) -> 19.941937 | BV40: {=INDEX($BF40:$BQ40,,$D$4)-BU40} -> 1.4032985 | BW40: =AD40/$AD$60 -> 0.80505043 | BX40: =AQ40/$AQ$60 -> 0.78578016 | BY40: =BE40/$BE$60 -> 0.77843042 | BZ40: =BR40/$BR$60 -> 0.77340428 | CA40: =BZ40-BX40 -> -0.012375874 | CB40: =BZ40-BY40 -> -0.0050261359
A41: 3 | B41: 1 | C41: Biến phí | D41: Nguyên liệu nhựa | E41: =E10/E$31 -> 22.787977 | F41: =F10/F$31 -> 22.500568 | G41: =G10/G$31 -> 21.92184 | H41: =H10/H$31 -> 21.077277 | I41: =I10/I$31 -> 20.804906 | J41: =J10/J$31 -> 21.787397 | K41: =K10/K$31 -> 18.394117 | L41: =L10/L$31 -> 17.56537 | ... AE41: =AE10/AE$31 -> 18.312543 | AF41: =IFERROR(AF10/AF$31,0) -> 18.593107 | AG41: =IFERROR(AG10/AG$31,0) -> 19.389282 | AH41: =IFERROR(AH10/AH$31,0) -> 20.00714 | AI41: =IFERROR(AI10/AI$31,0) -> 20.139657 | AJ41: =IFERROR(AJ10/AJ$31,0) -> 20.023009 | AK41: =IFERROR(AK10/AK$31,0) -> 20.52041 | AL41: =IFERROR(AL10/AL$31,0) -> 20.479351 | AM41: =IFERROR(AM10/AM$31,0) -> 20.244864 | ... AP41: =IFERROR(AP10/AP$31,0) -> 18.684365 | AQ41: =AQ10/AQ$31 -> 19.649038 | AR41: =AQ41-AD41 -> 1.1416601 | AS41: =AS10/AS$31 -> 17.812843 | AT41: =AT10/AT$31 -> 17.824923 | AU41: =AU10/AU$31 -> 17.818769 | AV41: =AV10/AV$31 -> 17.816698 | AW41: =AW10/AW$31 -> 17.818769 | AX41: =AX10/AX$31 -> 17.816918 | AY41: =AY10/AY$31 -> 17.823655 | AZ41: =AZ10/AZ$31 -> 17.830679 | ... BF41: =BF10/BF$31 -> 18.923356 | BG41: =IFERROR(BG10/BG$31,0) -> 18.104206 | BH41: =IFERROR(BH10/BH$31,0) -> 18.460639 | BI41: =IFERROR(BI10/BI$31,0) -> 17.780534 | BJ41: =IFERROR(BJ10/BJ$31,0) -> 18.757434 | BK41: =IFERROR(BK10/BK$31,0) -> 0 | BL41: =IFERROR(BL10/BL$31,0) -> 0 | BM41: =IFERROR(BM10/BM$31,0) -> 0 | BN41: =IFERROR(BN10/BN$31,0) -> 0 | ... BQ41: =IFERROR(BQ10/BQ$31,0) -> 0 | BR41: =BR10/BR$31 -> 18.388298 | BS41: =BR41-AQ41 -> -1.2607401 | BT41: =BE41 -> 17.822333 | BU41: {=INDEX($AS41:$BD41,,$D$4)} -> 17.812843 | BV41: {=INDEX($BF41:$BQ41,,$D$4)-BU41} -> 1.1105125 | BW41: =AD41/$AD$60 -> 0.71889436 | BX41: =AQ41/$AQ$60 -> 0.69741457 | BY41: =BE41/$BE$60 -> 0.69425731 | BZ41: =BR41/$BR$60 -> 0.68334489 | CA41: =BZ41-BX41 -> -0.014069675 | CB41: =BZ41-BY41 -> -0.010912418 | CD41: X
A42: 4 | B42: =B41+1 -> 2 | C42: Biến phí | D42: Điện | E42: =E11/E$31 -> 1.6355703 | F42: =F11/F$31 -> 1.6970403 | G42: =G11/G$31 -> 1.529498 | H42: =H11/H$31 -> 1.599995 | I42: =I11/I$31 -> 1.4673998 | J42: =J11/J$31 -> 1.7522353 | K42: =K11/K$31 -> 1.439344 | L42: =L11/L$31 -> 1.2544634 | ... P42: =P11/P$31 -> 1.3372299 | Q42: =Q11/$AD$31 -> 0.77740656 | R42: =R11/R$31 -> 1.151956 | S42: =S11/S$31 -> 1.409207 | T42: =T11/T$31 -> 1.0380262 | U42: =U11/U$31 -> 1.300083 | V42: =V11/V$31 -> 1.259075 | W42: =W11/W$31 -> 1.3690786 | X42: =X11/X$31 -> 1.6093814 | Y42: =Y11/Y$31 -> 1.5886035 | ... AC42: =AC11/AC$31 -> 1.4670998 | AD42: =AD11/$AD$31 -> 1.3279637 | AE42: =AE11/AE$31 -> 1.7012988 | AF42: =IFERROR(AF11/AF$31,0) -> 1.4030239 | AG42: =IFERROR(AG11/AG$31,0) -> 1.3464536 | AH42: =IFERROR(AH11/AH$31,0) -> 1.4980923 | AI42: =IFERROR(AI11/AI$31,0) -> 1.3573403 | AJ42: =IFERROR(AJ11/AJ$31,0) -> 1.5009048 | AK42: =IFERROR(AK11/AK$31,0) -> 1.5466098 | AL42: =IFERROR(AL11/AL$31,0) -> 1.5814865 | AM42: =IFERROR(AM11/AM$31,0) -> 1.538025 | ... AP42: =IFERROR(AP11/AP$31,0) -> 1.36774 | AQ42: =AQ11/AQ$31 -> 1.5259789 | AR42: =AQ42-AD42 -> 0.19801524 | AS42: =AS11/AS$31 -> 1.16953 | AT42: =AT11/AT$31 -> 1.1778578 | AU42: =AU11/AU$31 -> 1.1509122 | AV42: =AV11/AV$31 -> 1.1587033 | AW42: =AW11/AW$31 -> 1.1528867 | AX42: =AX11/AX$31 -> 1.1687573 | AY42: =AY11/AY$31 -> 1.2203903 | AZ42: =AZ11/AZ$31 -> 1.2245384 | ... BF42: =BF11/BF$31 -> 1.4093729 | BG42: =IFERROR(BG11/BG$31,0) -> 1.3595334 | BH42: =IFERROR(BH11/BH$31,0) -> 1.3189713 | BI42: =IFERROR(BI11/BI$31,0) -> 1.2972569 | BJ42: =IFERROR(BJ11/BJ$31,0) -> 1.6118907 | BK42: =IFERROR(BK11/BK$31,0) -> 0 | BL42: =IFERROR(BL11/BL$31,0) -> 0 | BM42: =IFERROR(BM11/BM$31,0) -> 0 | BN42: =IFERROR(BN11/BN$31,0) -> 0 | ... BQ42: =IFERROR(BQ11/BQ$31,0) -> 0 | BR42: =BR11/BR$31 -> 1.3952178 | BS42: =BR42-AQ42 -> -0.13076109 | BT42: =BE42 -> 1.2041148 | BU42: {=INDEX($AS42:$BD42,,$D$4)} -> 1.16953 | BV42: {=INDEX($BF42:$BQ42,,$D$4)-BU42} -> 0.23984295 | BW42: =AD42/$AD$60 -> 0.051582973 | BX42: =AQ42/$AQ$60 -> 0.054162444 | BY42: =BE42/$BE$60 -> 0.046905502 | BZ42: =BR42/$BR$60 -> 0.051849006 | CA42: =BZ42-BX42 -> -0.0023134379 | CB42: =BZ42-BY42 -> 0.0049435038
A43: 6 | B43: =B42+1 -> 3 | C43: Biến phí | D43: Chi phí bán hàng | E43: =E12/E37 -> 0 | F43: =F12/F37 -> 0 | G43: =G12/G37 -> 0.26946633 | H43: =H12/H37 -> 0.21436548 | I43: =I12/I37 -> 0.22879719 | J43: =J12/J37 -> 0.41097603 | K43: =K12/K37 -> 0.29017758 | L43: =L12/L37 -> 0.2915215 | ... AD43: =AD12/AD37 -> 0.001726806 | AE43: =IFERROR(AE12/AE37,0) -> 0 | AF43: =IFERROR(AF12/AF37,0) -> 0 | AG43: =IFERROR(AG12/AG37,0) -> 0 | AH43: =IFERROR(AH12/AH37,0) -> 0 | AI43: =IFERROR(AI12/AI37,0) -> 0 | AJ43: =IFERROR(AJ12/AJ37,0) -> 0 | AK43: =IFERROR(AK12/AK37,0) -> 0 | AL43: =IFERROR(AL12/AL37,0) -> 0 | ... AQ43: =IFERROR(AQ12/AQ37,0) -> 0 | AR43: =AQ43-AD43 -> -0.001726806 | AS43: =AS12/AS37 -> 0 | AT43: =AT12/AT37 -> 0 | AU43: =AU12/AU37 -> 0 | AV43: =AV12/AV37 -> 0 | AW43: =AW12/AW37 -> 0 | AX43: =AX12/AX37 -> 0 | AY43: =AY12/AY37 -> 0 | AZ43: =AZ12/AZ37 -> 0 | ... BE43: =BE12/BE37 -> 0 | BF43: =IFERROR(BF12/BF37,0) -> 0 | BG43: =IFERROR(BG12/BG37,0) -> 0 | BH43: =IFERROR(BH12/BH37,0) -> 0 | BI43: =IFERROR(BI12/BI37,0) -> 0 | BJ43: =IFERROR(BJ12/BJ37,0) -> 0 | BK43: =IFERROR(BK12/BK37,0) -> 0 | BL43: =IFERROR(BL12/BL37,0) -> 0 | BM43: =IFERROR(BM12/BM37,0) -> 0 | ... BR43: =IFERROR(BR12/BR37,0) -> 0 | BS43: =BR43-AQ43 -> 0 | BT43: =BE43 -> 0 | BU43: {=INDEX($AS43:$BD43,,$D$4)} -> 0 | BV43: {=INDEX($BF43:$BQ43,,$D$4)-BU43} -> 0 | BW43: =AD43/$AD$60 -> 6.707547e-05 | BX43: =AQ43/$AQ$60 -> 0 | BY43: =BE43/$BE$60 -> 0 | BZ43: =BR43/$BR$60 -> 0 | CA43: =BZ43-BX43 -> 0 | CB43: =BZ43-BY43 -> 0 | CD43: X
A44: 7 | B44: =B43+1 -> 4 | C44: Biến phí | D44: Phụ gia theo Bom | E44: =E13/E$31 -> 0.08018887 | F44: =F13/F$31 -> 0.11212764 | G44: =G13/G$31 -> 0.30447517 | H44: =H13/H$31 -> 0.44827166 | I44: =I13/I$31 -> 0.51911638 | J44: =J13/J$31 -> 0.30147998 | K44: =K13/K$31 -> 0.48418486 | L44: =L13/L$31 -> 0.49676765 | ... P44: =P13/P$31 -> 0.52306923 | Q44: =Q13/$AD$31 -> 0.262149 | R44: =R13/R$31 -> 0.36425937 | S44: =S13/S$31 -> 0.5185203 | T44: =T13/T$31 -> 0.36103649 | U44: =U13/U$31 -> 0.23105783 | V44: =V13/V$31 -> 0.22002076 | W44: =W13/W$31 -> 0.16915105 | X44: =X13/X$31 -> 0.57719569 | Y44: =Y13/Y$31 -> 0.25052673 | ... AC44: =AC13/AC$31 -> 0.09692286 | AD44: =AD13/$AD$31 -> 0.32217464 | AE44: =AE13/AE$31 -> 0.18100559 | AF44: =IFERROR(AF13/AF$31,0) -> 0.29789235 | AG44: =IFERROR(AG13/AG$31,0) -> 0.32568813 | AH44: =IFERROR(AH13/AH$31,0) -> 0.40056816 | AI44: =IFERROR(AI13/AI$31,0) -> 0.4060849 | AJ44: =IFERROR(AJ13/AJ$31,0) -> 0.4644762 | AK44: =IFERROR(AK13/AK$31,0) -> 0.55837627 | AL44: =IFERROR(AL13/AL$31,0) -> 0.50070695 | AM44: =IFERROR(AM13/AM$31,0) -> 0.43078914 | ... AP44: =IFERROR(AP13/AP$31,0) -> 0.32178934 | AQ44: =AQ13/AQ$31 -> 0.38434714 | AR44: =AQ44-AD44 -> 0.062172499 | AS44: =AS13/AS$31 -> 0.31886623 | AT44: =AT13/AT$31 -> 0.32720666 | AU44: =AU13/AU$31 -> 0.32224192 | AV44: =AV13/AV$31 -> 0.32146636 | AW44: =AW13/AW$31 -> 0.32224192 | AX44: =AX13/AX$31 -> 0.32329927 | AY44: =AY13/AY$31 -> 0.31872981 | AZ44: =AZ13/AZ$31 -> 0.32310372 | ... BF44: =BF13/BF$31 -> 0.31066963 | BG44: =IFERROR(BG13/BG$31,0) -> 0.1593293 | BH44: =IFERROR(BH13/BH$31,0) -> 0.4120435 | BI44: =IFERROR(BI13/BI$31,0) -> 0.31727822 | BJ44: =IFERROR(BJ13/BJ$31,0) -> 0.50520515 | BK44: =IFERROR(BK13/BK$31,0) -> 0 | BL44: =IFERROR(BL13/BL$31,0) -> 0 | BM44: =IFERROR(BM13/BM$31,0) -> 0 | BN44: =IFERROR(BN13/BN$31,0) -> 0 | ... BQ44: =IFERROR(BQ13/BQ$31,0) -> 0 | BR44: =BR13/BR$31 -> 0.36311703 | BS44: =BR44-AQ44 -> -0.021230103 | BT44: =BE44 -> 0.32147451 | BU44: {=INDEX($AS44:$BD44,,$D$4)} -> 0.31886623 | BV44: {=INDEX($BF44:$BQ44,,$D$4)-BU44} -> -0.0081965984 | BW44: =AD44/$AD$60 -> 0.012514443 | BX44: =AQ44/$AQ$60 -> 0.013641853 | BY44: =BE44/$BE$60 -> 0.012522829 | BZ44: =BR44/$BR$60 -> 0.013494135 | CA44: =BZ44-BX44 -> -0.00014771841 | CB44: =BZ44-BY44 -> 0.00097130544 | CD44: X
A45: 8 | B45: =B44+1 -> 5 | C45: Biến phí | D45: Vật liệu phục vụ SX | E45: =E14/E$31 -> 0.60126 | F45: =F14/F$31 -> 0.51470455 | G45: =G14/G$31 -> 0.33269249 | H45: =H14/H$31 -> 0.37539963 | I45: =I14/I$31 -> 0.42068124 | J45: =J14/J$31 -> 0.57616758 | K45: =K14/K$31 -> 0.34974411 | L45: =L14/L$31 -> 0.27182426 | ... P45: =P14/P$31 -> 0.16890052 | Q45: =Q14/$AD$31 -> 0.16637841 | R45: =R14/R$31 -> 0.21568783 | S45: =S14/S$31 -> 0.16903346 | T45: =T14/T$31 -> 0.17002174 | U45: =U14/U$31 -> 0.29040602 | V45: =V14/V$31 -> 0.19998875 | W45: =W14/W$31 -> 0.25780278 | X45: =X14/X$31 -> 0.22515637 | Y45: =Y14/Y$31 -> 0.24916105 | ... AC45: =AC14/AC$31 -> 0.1826917 | AD45: =AD14/$AD$31 -> 0.19396928 | AE45: =AE14/AE$31 -> 0.3292989 | AF45: =IFERROR(AF14/AF$31,0) -> 0.21376754 | AG45: =IFERROR(AG14/AG$31,0) -> 0.13092306 | AH45: =IFERROR(AH14/AH$31,0) -> 0.23298493 | AI45: =IFERROR(AI14/AI$31,0) -> 0.1426033 | AJ45: =IFERROR(AJ14/AJ$31,0) -> 0.16728519 | AK45: =IFERROR(AK14/AK$31,0) -> 0.15602384 | AL45: =IFERROR(AL14/AL$31,0) -> 0.18057914 | AM45: =IFERROR(AM14/AM$31,0) -> 0.16874712 | ... AP45: =IFERROR(AP14/AP$31,0) -> 0.17039016 | AQ45: =AQ14/AQ$31 -> 0.17988876 | AR45: =AQ45-AD45 -> -0.014080519 | AS45: =AS14/AS$31 -> 0.21000541 | AT45: =AT14/AT$31 -> 0.25314158 | AU45: =AU14/AU$31 -> 0.21425075 | AV45: =AV14/AV$31 -> 0.21307911 | AW45: =AW14/AW$31 -> 0.20981796 | AX45: =AX14/AX$31 -> 0.21176015 | AY45: =AY14/AY$31 -> 0.20428955 | AZ45: =AZ14/AZ$31 -> 0.19760027 | ... BF45: =BF14/BF$31 -> 0.24987005 | BG45: =IFERROR(BG14/BG$31,0) -> 0.22969746 | BH45: =IFERROR(BH14/BH$31,0) -> 0.23266855 | BI45: =IFERROR(BI14/BI$31,0) -> 0.17304828 | BJ45: =IFERROR(BJ14/BJ$31,0) -> 0.18389007 | BK45: =IFERROR(BK14/BK$31,0) -> 0 | BL45: =IFERROR(BL14/BL$31,0) -> 0 | BM45: =IFERROR(BM14/BM$31,0) -> 0 | BN45: =IFERROR(BN14/BN$31,0) -> 0 | ... BQ45: =IFERROR(BQ14/BQ$31,0) -> 0 | BR45: =BR14/BR$31 -> 0.20951304 | BS45: =BR45-AQ45 -> 0.029624286 | BT45: =BE45 -> 0.20964547 | BU45: {=INDEX($AS45:$BD45,,$D$4)} -> 0.21000541 | BV45: {=INDEX($BF45:$BQ45,,$D$4)-BU45} -> 0.039864647 | BW45: =AD45/$AD$60 -> 0.0075344772 | BX45: =AQ45/$AQ$60 -> 0.0063848948 | BY45: =BE45/$BE$60 -> 0.0081666022 | BZ45: =BR45/$BR$60 -> 0.0077859119 | CA45: =BZ45-BX45 -> 0.0014010172 | CB45: =BZ45-BY45 -> -0.00038069021
A46: 9 | B46: =B45+1 -> 6 | C46: Biến phí | D46: Bao bì theo Bom | E46: =E15/E$31 -> 0.18060981 | F46: =F15/F$31 -> 0.22610341 | G46: =G15/G$31 -> 0.18160802 | H46: =H15/H$31 -> 0.18620849 | I46: =I15/I$31 -> 0.19773087 | J46: =J15/J$31 -> 0.24403988 | K46: =K15/K$31 -> 0.17774368 | L46: =L15/L$31 -> 0.16483302 | ... P46: =P15/P$31 -> 0.17536262 | Q46: =Q15/$AD$31 -> 0.0985497 | R46: =R15/R$31 -> 0.19249577 | S46: =S15/S$31 -> 0.14601927 | T46: =T15/T$31 -> 0.15544548 | U46: =U15/U$31 -> 0.14937582 | V46: =V15/V$31 -> 0.15687077 | W46: =W15/W$31 -> 0.22402135 | X46: =X15/X$31 -> 0.17222814 | Y46: =Y15/Y$31 -> 0.16486599 | ... AC46: =AC15/AC$31 -> 0.18448354 | AD46: =AD15/$AD$31 -> 0.17167992 | AE46: =AE15/AE$31 -> 0.16336139 | AF46: =IFERROR(AF15/AF$31,0) -> 0.17165219 | AG46: =IFERROR(AG15/AG$31,0) -> 0.1638446 | AH46: =IFERROR(AH15/AH$31,0) -> 0.1620307 | AI46: =IFERROR(AI15/AI$31,0) -> 0.19792948 | AJ46: =IFERROR(AJ15/AJ$31,0) -> 0.17862378 | AK46: =IFERROR(AK15/AK$31,0) -> 0.18766 | AL46: =IFERROR(AL15/AL$31,0) -> 0.19050488 | AM46: =IFERROR(AM15/AM$31,0) -> 0.19457824 | ... AP46: =IFERROR(AP15/AP$31,0) -> 0.20697704 | AQ46: =AQ15/AQ$31 -> 0.18658237 | AR46: =AQ46-AD46 -> 0.014902453 | AS46: =AS15/AS$31 -> 0.17168348 | AT46: =AT15/AT$31 -> 0.17328352 | AU46: =AU15/AU$31 -> 0.17175223 | AV46: =AV15/AV$31 -> 0.17213277 | AW46: =AW15/AW$31 -> 0.17175223 | AX46: =AX15/AX$31 -> 0.1738442 | AY46: =AY15/AY$31 -> 0.1721394 | AZ46: =AZ15/AZ$31 -> 0.17253259 | ... BF46: =BF15/BF$31 -> 0.21148089 | BG46: =IFERROR(BG15/BG$31,0) -> 0.19195792 | BH46: =IFERROR(BH15/BH$31,0) -> 0.19018724 | BI46: =IFERROR(BI15/BI$31,0) -> 0.23440054 | BJ46: =IFERROR(BJ15/BJ$31,0) -> 0.21860374 | BK46: =IFERROR(BK15/BK$31,0) -> 0 | BL46: =IFERROR(BL15/BL$31,0) -> 0 | BM46: =IFERROR(BM15/BM$31,0) -> 0 | BN46: =IFERROR(BN15/BN$31,0) -> 0 | ... BQ46: =IFERROR(BQ15/BQ$31,0) -> 0 | BR46: =BR15/BR$31 -> 0.21143784 | BS46: =BR46-AQ46 -> 0.024855472 | BT46: =BE46 -> 0.17243903 | BU46: {=INDEX($AS46:$BD46,,$D$4)} -> 0.17168348 | BV46: {=INDEX($BF46:$BQ46,,$D$4)-BU46} -> 0.039797407 | BW46: =AD46/$AD$60 -> 0.0066686768 | BX46: =AQ46/$AQ$60 -> 0.0066224749 | BY46: =BE46/$BE$60 -> 0.0067172496 | BZ46: =BR46/$BR$60 -> 0.0078574411 | CA46: =BZ46-BX46 -> 0.0012349662 | CB46: =BZ46-BY46 -> 0.0011401916 | CD46: X
A47: 10 | B47: =B46+1 -> 7 | C47: Biến phí | D47: Xăng dầu | E47: =E16/E$31 -> 0.21688327 | F47: =F16/F$31 -> 0.19599832 | G47: =G16/G$31 -> 0.17920476 | H47: =H16/H$31 -> 0.20039262 | I47: =I16/I$31 -> 0.099995261 | J47: =J16/J$31 -> 0.24793032 | K47: =K16/K$31 -> 0.14704683 | L47: =L16/L$31 -> 0.15480874 | ... P47: =P16/P$31 -> 0.10083798 | Q47: =Q16/$AD$31 -> 0.087574391 | R47: =R16/R$31 -> 0.079501269 | S47: =S16/S$31 -> 0.087219735 | T47: =T16/T$31 -> 0.080604211 | U47: =U16/U$31 -> 0.082036054 | V47: =V16/V$31 -> 0.083208031 | W47: =W16/W$31 -> 0.093403186 | X47: =X16/X$31 -> 0.15931115 | Y47: =Y16/Y$31 -> 0.11512986 | ... AC47: =AC16/AC$31 -> 0.082315403 | AD47: =AD16/$AD$31 -> 0.085034142 | AE47: =AE16/AE$31 -> 0.090148521 | AF47: =IFERROR(AF16/AF$31,0) -> 0.070413549 | AG47: =IFERROR(AG16/AG$31,0) -> 0.054348755 | AH47: =IFERROR(AH16/AH$31,0) -> 0.054240559 | AI47: =IFERROR(AI16/AI$31,0) -> 0.046944044 | AJ47: =IFERROR(AJ16/AJ$31,0) -> 0.050243486 | AK47: =IFERROR(AK16/AK$31,0) -> 0.052207528 | AL47: =IFERROR(AL16/AL$31,0) -> 0.037765077 | AM47: =IFERROR(AM16/AM$31,0) -> 0.056932892 | ... AP47: =IFERROR(AP16/AP$31,0) -> 0.050677816 | AQ47: =AQ16/AQ$31 -> 0.055552869 | AR47: =AQ47-AD47 -> -0.029481273 | AS47: =AS16/AS$31 -> 0.054139064 | AT47: =AT16/AT$31 -> 0.065984592 | AU47: =AU16/AU$31 -> 0.051657419 | AV47: =AV16/AV$31 -> 0.051533093 | AW47: =AW16/AW$31 -> 0.051657419 | AX47: =AX16/AX$31 -> 0.050619385 | AY47: =AY16/AY$31 -> 0.049450346 | AZ47: =AZ16/AZ$31 -> 0.048997712 | ... BF47: =BF16/BF$31 -> 0.052358038 | BG47: =IFERROR(BG16/BG$31,0) -> 0.056334998 | BH47: =IFERROR(BH16/BH$31,0) -> 0.078813877 | BI47: =IFERROR(BI16/BI$31,0) -> 0.088831228 | BJ47: =IFERROR(BJ16/BJ$31,0) -> 0.098215094 | BK47: =IFERROR(BK16/BK$31,0) -> 0 | BL47: =IFERROR(BL16/BL$31,0) -> 0 | BM47: =IFERROR(BM16/BM$31,0) -> 0 | BN47: =IFERROR(BN16/BN$31,0) -> 0 | ... BQ47: =IFERROR(BQ16/BQ$31,0) -> 0 | BR47: =BR16/BR$31 -> 0.078629455 | BS47: =BR47-AQ47 -> 0.023076585 | BT47: =BE47 -> 0.0513888 | BU47: {=INDEX($AS47:$BD47,,$D$4)} -> 0.054139064 | BV47: {=INDEX($BF47:$BQ47,,$D$4)-BU47} -> -0.0017810268 | BW47: =AD47/$AD$60 -> 0.0033030376 | BX47: =AQ47/$AQ$60 -> 0.0019717698 | BY47: =BE47/$BE$60 -> 0.0020018171 | BZ47: =BR47/$BR$60 -> 0.0029220234 | CA47: =BZ47-BX47 -> 0.00095025354 | CB47: =BZ47-BY47 -> 0.0009202063
A48: 11 | B48: =B47+1 -> 8 | C48: Biến phí | D48: Hóa chất theo Bom | E48: =E17/E$31 -> 0.22405216 | F48: =F17/F$31 -> 0.15015864 | G48: =G17/G$31 -> 0.27349384 | H48: =H17/H$31 -> 0.25579787 | I48: =I17/I$31 -> 0.14712186 | J48: =J17/J$31 -> 0.17766667 | K48: =K17/K$31 -> 0.094097759 | L48: =L17/L$31 -> 0.060892762 | ... P48: =P17/P$31 -> 0.059962661 | Q48: =Q17/$AD$31 -> 0.065260354 | R48: =R17/R$31 -> 0.035576873 | S48: =S17/S$31 -> 0.047517225 | T48: =T17/T$31 -> 0.02675061 | U48: =U17/U$31 -> 0.047752052 | V48: =V17/V$31 -> 0.069009795 | W48: =W17/W$31 -> 0.084457197 | X48: =X17/X$31 -> 0.1000916 | Y48: =Y17/Y$31 -> 0.10593188 | ... AC48: =AC17/AC$31 -> 0.092461888 | AD48: =AD17/$AD$31 -> 0.060344766 | AE48: =AE17/AE$31 -> 0.11456203 | AF48: =IFERROR(AF17/AF$31,0) -> 0.063708096 | AG48: =IFERROR(AG17/AG$31,0) -> 0.05866869 | AH48: =IFERROR(AH17/AH$31,0) -> 0.047861924 | AI48: =IFERROR(AI17/AI$31,0) -> 0.060989997 | AJ48: =IFERROR(AJ17/AJ$31,0) -> 0.07347958 | AK48: =IFERROR(AK17/AK$31,0) -> 0.1038724 | AL48: =IFERROR(AL17/AL$31,0) -> 0.096310601 | AM48: =IFERROR(AM17/AM$31,0) -> 0.098462642 | ... AP48: =IFERROR(AP17/AP$31,0) -> 0.078889054 | AQ48: =AQ17/AQ$31 -> 0.082818259 | AR48: =AQ48-AD48 -> 0.022473493 | AS48: =AS17/AS$31 -> 0.11440967 | AT48: =AT17/AT$31 -> 0.11155384 | AU48: =AU17/AU$31 -> 0.11384384 | AV48: =AV17/AV$31 -> 0.11356984 | AW48: =AW17/AW$31 -> 0.11384384 | AX48: =AX17/AX$31 -> 0.11155619 | AY48: =AY17/AY$31 -> 0.11475572 | AZ48: =AZ17/AZ$31 -> 0.11370532 | ... BF48: =BF17/BF$31 -> 0.087970546 | BG48: =IFERROR(BG17/BG$31,0) -> 0.044184172 | BH48: =IFERROR(BH17/BH$31,0) -> 0.081501785 | BI48: =IFERROR(BI17/BI$31,0) -> 0.10486957 | BJ48: =IFERROR(BJ17/BJ$31,0) -> 0.10735033 | BK48: =IFERROR(BK17/BK$31,0) -> 0 | BL48: =IFERROR(BL17/BL$31,0) -> 0 | BM48: =IFERROR(BM17/BM$31,0) -> 0 | BN48: =IFERROR(BN17/BN$31,0) -> 0 | ... BQ48: =IFERROR(BQ17/BQ$31,0) -> 0 | BR48: =BR17/BR$31 -> 0.090127159 | BS48: =BR48-AQ48 -> 0.0073089001 | BT48: =BE48 -> 0.11366734 | BU48: {=INDEX($AS48:$BD48,,$D$4)} -> 0.11440967 | BV48: {=INDEX($BF48:$BQ48,,$D$4)-BU48} -> -0.026439129 | BW48: =AD48/$AD$60 -> 0.0023440118 | BX48: =AQ48/$AQ$60 -> 0.0029395159 | BY48: =BE48/$BE$60 -> 0.0044278367 | BZ48: =BR48/$BR$60 -> 0.0033493004 | CA48: =BZ48-BX48 -> 0.00040978449 | CB48: =BZ48-BY48 -> -0.0010785363 | CD48: X
A49: 12 | B49: =B48+1 -> 9 | C49: Biến phí | D49: Hóa chất XLNT | E49: =E18/E$31 -> 0.11029087 | F49: =F18/F$31 -> 0.086613786 | G49: =G18/G$31 -> 0.094851201 | H49: =H18/H$31 -> 0.07254791 | I49: =I18/I$31 -> 0.085681208 | J49: =J18/J$31 -> 0.1275736 | K49: =K18/K$31 -> 0.062026953 | L49: =L18/L$31 -> 0.039568686 | ... P49: =P18/P$31 -> 0.030372484 | Q49: =Q18/$AD$31 -> 0.030350639 | R49: =R18/R$31 -> 0.014603974 | S49: =S18/S$31 -> 0.02244897 | T49: =T18/T$31 -> 0.014699968 | U49: =U18/U$31 -> 0.034134322 | V49: =V18/V$31 -> 0.025952325 | W49: =W18/W$31 -> 0.023417864 | X49: =X18/X$31 -> 0.039132589 | Y49: =Y18/Y$31 -> 0.036270317 | ... AC49: =AC18/AC$31 -> 0.021628592 | AD49: =AD18/$AD$31 -> 0.022706169 | AE49: =AE18/AE$31 -> 0.024855472 | AF49: =IFERROR(AF18/AF$31,0) -> 0.017936449 | AG49: =IFERROR(AG18/AG$31,0) -> 0.014196899 | AH49: =IFERROR(AH18/AH$31,0) -> 0.024297693 | AI49: =IFERROR(AI18/AI$31,0) -> 0.017596875 | AJ49: =IFERROR(AJ18/AJ$31,0) -> 0.017177397 | AK49: =IFERROR(AK18/AK$31,0) -> 0.030439172 | AL49: =IFERROR(AL18/AL$31,0) -> 0.020961031 | AM49: =IFERROR(AM18/AM$31,0) -> 0.031065872 | ... AP49: =IFERROR(AP18/AP$31,0) -> 0.022513589 | AQ49: =AQ18/AQ$31 -> 0.023539575 | AR49: =AQ49-AD49 -> 0.00083340603 | AS49: =AS18/AS$31 -> 0.029799894 | AT49: =AT18/AT$31 -> 0.040095094 | AU49: =AU18/AU$31 -> 0.030378906 | AV49: =AV18/AV$31 -> 0.029186658 | AW49: =AW18/AW$31 -> 0.029519561 | AX49: =AX18/AX$31 -> 0.031516919 | AY49: =AY18/AY$31 -> 0.02904632 | AZ49: =AZ18/AZ$31 -> 0.030553905 | ... BF49: =BF18/BF$31 -> 0.024412645 | BG49: =IFERROR(BG18/BG$31,0) -> 0.022889019 | BH49: =IFERROR(BH18/BH$31,0) -> 0.023206195 | BI49: =IFERROR(BI18/BI$31,0) -> 0.025077589 | BJ49: =IFERROR(BJ18/BJ$31,0) -> 0.023418515 | BK49: =IFERROR(BK18/BK$31,0) -> 0 | BL49: =IFERROR(BL18/BL$31,0) -> 0 | BM49: =IFERROR(BM18/BM$31,0) -> 0 | BN49: =IFERROR(BN18/BN$31,0) -> 0 | ... BQ49: =IFERROR(BQ18/BQ$31,0) -> 0 | BR49: =BR18/BR$31 -> 0.023905142 | BS49: =BR49-AQ49 -> 0.00036556691 | BT49: =BE49 -> 0.030105657 | BU49: {=INDEX($AS49:$BD49,,$D$4)} -> 0.029799894 | BV49: {=INDEX($BF49:$BQ49,,$D$4)-BU49} -> -0.0053872485 | BW49: =AD49/$AD$60 -> 0.00088199079 | BX49: =AQ49/$AQ$60 -> 0.00083550364 | BY49: =BE49/$BE$60 -> 0.0011727462 | BZ49: =BR49/$BR$60 -> 0.00088836155 | CA49: =BZ49-BX49 -> 5.2857913e-05 | CB49: =BZ49-BY49 -> -0.00028438461
A50: 13 | B50: =B49+1 -> 10 | C50: Biến phí | D50: Nước | E50: =E19/E$31 -> 0.17605555 | F50: =F19/F$31 -> 0.10810488 | G50: =G19/G$31 -> 0.080215501 | H50: =H19/H$31 -> 0.080337216 | I50: =I19/I$31 -> 0.081967325 | J50: =J19/J$31 -> 0.066079955 | K50: =K19/K$31 -> 0.050517455 | L50: =L19/L$31 -> 0.055136656 | ... P50: =P19/P$31 -> 0.03420403 | Q50: =Q19/$AD$31 -> 0.034821989 | R50: =R19/R$31 -> 0.022372064 | S50: =S19/S$31 -> 0.032569666 | T50: =T19/T$31 -> 0.024328737 | U50: =U19/U$31 -> 0.026757256 | V50: =V19/V$31 -> 0.024603266 | W50: =W19/W$31 -> 0.032796522 | X50: =X19/X$31 -> 0.04915587 | Y50: =Y19/Y$31 -> 0.042466989 | ... AC50: =AC19/AC$31 -> 0.031882066 | AD50: =AD19/$AD$31 -> 0.028683358 | AE50: =AE19/AE$31 -> 0.043160853 | AF50: =IFERROR(AF19/AF$31,0) -> 0.040558191 | AG50: =IFERROR(AG19/AG$31,0) -> 0.021599623 | AH50: =IFERROR(AH19/AH$31,0) -> 0.025447245 | AI50: =IFERROR(AI19/AI$31,0) -> 0.029203683 | AJ50: =IFERROR(AJ19/AJ$31,0) -> 0.031709464 | AK50: =IFERROR(AK19/AK$31,0) -> 0.029873637 | AL50: =IFERROR(AL19/AL$31,0) -> 0.037570661 | AM50: =IFERROR(AM19/AM$31,0) -> 0.031964284 | ... AP50: =IFERROR(AP19/AP$31,0) -> 0.030675607 | AQ50: =AQ19/AQ$31 -> 0.033307106 | AR50: =AQ50-AD50 -> 0.0046237481 | AS50: =AS19/AS$31 -> 0.046735947 | AT50: =AT19/AT$31 -> 0.044071972 | AU50: =AU19/AU$31 -> 0.044593648 | AV50: =AV19/AV$31 -> 0.044565136 | AW50: =AW19/AW$31 -> 0.044726631 | AX50: =AX19/AX$31 -> 0.043774974 | AY50: =AY19/AY$31 -> 0.043537052 | AZ50: =AZ19/AZ$31 -> 0.043138543 | ... BF50: =BF19/BF$31 -> 0.033884385 | BG50: =IFERROR(BG19/BG$31,0) -> 0.038678867 | BH50: =IFERROR(BH19/BH$31,0) -> 0.021106107 | BI50: =IFERROR(BI19/BI$31,0) -> 0.024188075 | BJ50: =IFERROR(BJ19/BJ$31,0) -> 0.029307785 | BK50: =IFERROR(BK19/BK$31,0) -> 0 | BL50: =IFERROR(BL19/BL$31,0) -> 0 | BM50: =IFERROR(BM19/BM$31,0) -> 0 | BN50: =IFERROR(BN19/BN$31,0) -> 0 | ... BQ50: =IFERROR(BQ19/BQ$31,0) -> 0 | BR50: =BR19/BR$31 -> 0.027690179 | BS50: =BR50-AQ50 -> -0.0056169263 | BT50: =BE50 -> 0.043976147 | BU50: {=INDEX($AS50:$BD50,,$D$4)} -> 0.046735947 | BV50: {=INDEX($BF50:$BQ50,,$D$4)-BU50} -> -0.012851562 | BW50: =AD50/$AD$60 -> 0.0011141667 | BX50: =AQ50/$AQ$60 -> 0.0011821882 | BY50: =BE50/$BE$60 -> 0.001713062 | BZ50: =BR50/$BR$60 -> 0.0010290209 | CA50: =BZ50-BX50 -> -0.0001531673 | CB50: =BZ50-BY50 -> -0.00068404115
A51: 14 | B51: =B50+1 -> 11 | C51: Biến phí | D51: Màu theo Bom | E51: =E20/E$31 -> 0 | F51: =F20/F$31 -> 0 | G51: =G20/G$31 -> 0 | H51: =H20/H$31 -> 0.054536978 | I51: =I20/I$31 -> 0.028438146 | J51: =J20/J$31 -> 0.040639945 | K51: =K20/K$31 -> 0.01543895 | L51: =L20/L$31 -> 0.028848792 | ... P51: =P20/P$31 -> 3.4597012e-05 | Q51: =Q20/$AD$31 -> 0.0082847347 | R51: =R20/R$31 -> 0.004838196 | S51: =S20/S$31 -> 0 | T51: =T20/T$31 -> 0.0047066745 | U51: =U20/U$31 -> 0 | V51: =V20/V$31 -> 0 | W51: =W20/W$31 -> 0.0030076252 | X51: =X20/X$31 -> 0.010846087 | Y51: =Y20/Y$31 -> 0.013495986 | ... AC51: =AC20/AC$31 -> 0.0022599605 | AD51: =AD20/$AD$31 -> 0.0037386384 | AE51: =AE20/AE$31 -> 0.037696 | AF51: =IFERROR(AF20/AF$31,0) -> 0.008366383 | AG51: =IFERROR(AG20/AG$31,0) -> 0.0056120518 | AH51: =IFERROR(AH20/AH$31,0) -> 0.014530577 | AI51: =IFERROR(AI20/AI$31,0) -> 0.013424153 | AJ51: =IFERROR(AJ20/AJ$31,0) -> 0.012051983 | AK51: =IFERROR(AK20/AK$31,0) -> 2.9196072e-05 | AL51: =IFERROR(AL20/AL$31,0) -> 0.0049070092 | AM51: =IFERROR(AM20/AM$31,0) -> 0.022715366 | ... AP51: =IFERROR(AP20/AP$31,0) -> 0.035162542 | AQ51: =AQ20/AQ$31 -> 0.017607302 | AR51: =AQ51-AD51 -> 0.013868663 | AS51: =AS20/AS$31 -> 0.013924019 | AT51: =AT20/AT$31 -> 0.014506818 | AU51: =AU20/AU$31 -> 0.012028119 | AV51: =AV20/AV$31 -> 0.013923327 | AW51: =AW20/AW$31 -> 0.012028119 | AX51: =AX20/AX$31 -> 0.019059226 | AY51: =AY20/AY$31 -> 0.013681845 | AZ51: =AZ20/AZ$31 -> 0.012363718 | ... BF51: =BF20/BF$31 -> 0.04186059 | BG51: =IFERROR(BG20/BG$31,0) -> 0.021903815 | BH51: =IFERROR(BH20/BH$31,0) -> 0.046679319 | BI51: =IFERROR(BI20/BI$31,0) -> 0.0092575517 | BJ51: =IFERROR(BJ20/BJ$31,0) -> 0.00073900223 | BK51: =IFERROR(BK20/BK$31,0) -> 0 | BL51: =IFERROR(BL20/BL$31,0) -> 0 | BM51: =IFERROR(BM20/BM$31,0) -> 0 | BN51: =IFERROR(BN20/BN$31,0) -> 0 | ... BQ51: =IFERROR(BQ20/BQ$31,0) -> 0 | BR51: =BR20/BR$31 -> 0.02379292 | BS51: =BR51-AQ51 -> 0.0061856176 | BT51: =BE51 -> 0.014002637 | BU51: {=INDEX($AS51:$BD51,,$D$4)} -> 0.013924019 | BV51: {=INDEX($BF51:$BQ51,,$D$4)-BU51} -> 0.027936571 | BW51: =AD51/$AD$60 -> 0.00014522241 | BX51: =AQ51/$AQ$60 -> 0.00062494606 | BY51: =BE51/$BE$60 -> 0.00054546356 | BZ51: =BR51/$BR$60 -> 0.00088419113 | CA51: =BZ51-BX51 -> 0.00025924508 | CB51: =BZ51-BY51 -> 0.00033872758 | CD51: X
A52: 15 | B52: II | D52: ĐỊNH PHÍ | E52: =SUM(E53:E59) -> 14.896541 | F52: =SUM(F53:F59) -> 9.8405455 | G52: =SUM(G53:G59) -> 8.0638897 | H52: =SUM(H53:H59) -> 8.1779894 | I52: =SUM(I53:I59) -> 6.7980357 | J52: =SUM(J53:J59) -> 8.6069677 | K52: =SUM(K53:K59) -> 6.1348623 | L52: =SUM(L53:L59) -> 5.8945728 | ... BU52: =SUM(BU53:BU59) -> 5.8672198 | BV52: {=INDEX($BF52:$BQ52,,$D$4)-BU52} -> 1.6383515 | BW52: =AD52/$AD$60 -> 0.19494957 | BX52: =AQ52/$AQ$60 -> 0.21421984 | BY52: =BE52/$BE$60 -> 0.22156958 | BZ52: =BR52/$BR$60 -> 0.22659572 | CA52: =BZ52-BX52 -> 0.012375874 | CB52: =BZ52-BY52 -> 0.0050261359
A53: 16 | B53: 1 | C53: Định phí | D53: Thuê Xưởng, Kho, thuê máy | E53: =E22/E$31 -> 3.598057 | F53: =F22/F$31 -> 2.3172518 | G53: =G22/G$31 -> 1.7992946 | H53: =H22/H$31 -> 0.80378745 | I53: =I22/I$31 -> 0.72731676 | J53: =J22/J$31 -> 0.86945731 | K53: =K22/K$31 -> 0.60498747 | L53: =L22/L$31 -> 0.4966789 | ... P53: =P22/P$31 -> 0.020332194 | Q53: =Q22/$AD$31 -> 0.35525717 | R53: =R22/R$31 -> 1.8230601 | S53: =S22/S$31 -> 3.5046824 | T53: =T22/T$31 -> 1.5479539 | U53: =U22/U$31 -> 1.6825058 | V53: =V22/V$31 -> 1.7070746 | W53: =W22/W$31 -> 2.1577915 | X53: =X22/X$31 -> 4.0406906 | Y53: =Y22/Y$31 -> 3.4396161 | ... AC53: =AC22/AC$31 -> 2.1442003 | AD53: =AD22/$AD$31 -> 2.0938346 | AE53: =AE22/AE$31 -> 4.1217273 | AF53: =IFERROR(AF22/AF$31,0) -> 2.5641486 | AG53: =IFERROR(AG22/AG$31,0) -> 1.5837819 | AH53: =IFERROR(AH22/AH$31,0) -> 1.8313145 | AI53: =IFERROR(AI22/AI$31,0) -> 1.555791 | AJ53: =IFERROR(AJ22/AJ$31,0) -> 1.9531804 | AK53: =IFERROR(AK22/AK$31,0) -> 1.8731545 | AL53: =IFERROR(AL22/AL$31,0) -> 1.9679535 | AM53: =IFERROR(AM22/AM$31,0) -> 1.9744579 | ... AP53: =IFERROR(AP22/AP$31,0) -> 2.2797562 | AQ53: =AQ22/AQ$31 -> 2.1687534 | AR53: =AQ53-AD53 -> 0.074918755 | AS53: =AS22/AS$31 -> 1.4538559 | AT53: =AT22/AT$31 -> 1.7719569 | AU53: =AU22/AU$31 -> 1.3872135 | AV53: =AV22/AV$31 -> 1.3838748 | AW53: =AW22/AW$31 -> 1.3872135 | AX53: =AX22/AX$31 -> 1.3593381 | AY53: =AY22/AY$31 -> 1.3279446 | AZ53: =AZ22/AZ$31 -> 1.3157895 | ... BF53: =BF22/BF$31 -> 3.2304141 | BG53: =IFERROR(BG22/BG$31,0) -> 5.1165958 | BH53: =IFERROR(BH22/BH$31,0) -> 2.1653676 | BI53: =IFERROR(BI22/BI$31,0) -> 2.1203802 | BJ53: =IFERROR(BJ22/BJ$31,0) -> 2.5793173 | BK53: =IFERROR(BK22/BK$31,0) -> 0 | BL53: =IFERROR(BL22/BL$31,0) -> 0 | BM53: =IFERROR(BM22/BM$31,0) -> 0 | BN53: =IFERROR(BN22/BN$31,0) -> 0 | ... BQ53: =IFERROR(BQ22/BQ$31,0) -> 0 | BR53: =BR22/BR$31 -> 2.7380327 | BS53: =BR53-AQ53 -> 0.5692793 | BT53: =BE53 -> 1.38 | BU53: {=INDEX($AS53:$BD53,,$D$4)} -> 1.4538559 | BV53: {=INDEX($BF53:$BQ53,,$D$4)-BU53} -> 1.7765583 | BW53: =AD53/$AD$60 -> 0.081332207 | BX53: =AQ53/$AQ$60 -> 0.076976807 | BY53: =BE53/$BE$60 -> 0.053756997 | BZ53: =BR53/$BR$60 -> 0.10175062 | CA53: =BZ53-BX53 -> 0.02477381 | CB53: =BZ53-BY53 -> 0.04799362 | CD53: X
A54: 17 | B54: =B53+1 -> 2 | C54: Định phí | D54: Tổng Lương và Phụ Cấp | E54: =E23/E$31 -> 7.2760067 | F54: =F23/F$31 -> 4.6863791 | G54: =G23/G$31 -> 3.8057816 | H54: =H23/H$31 -> 4.718157 | I54: =I23/I$31 -> 3.8808114 | J54: =J23/J$31 -> 4.9955123 | K54: =K23/K$31 -> 3.4412395 | L54: =L23/L$31 -> 3.4982997 | ... P54: =P23/P$31 -> 2.1806125 | Q54: =Q23/$AD$31 -> 2.0163215 | R54: =R23/R$31 -> 1.2790844 | S54: =S23/S$31 -> 1.8204278 | T54: =T23/T$31 -> 1.148568 | U54: =U23/U$31 -> 1.3983438 | V54: =V23/V$31 -> 1.4898692 | W54: =W23/W$31 -> 1.8601145 | X54: =X23/X$31 -> 3.3266953 | Y54: =Y23/Y$31 -> 2.8593651 | ... AC54: =AC23/AC$31 -> 2.3372019 | AD54: =AD23/$AD$31 -> 1.7464133 | AE54: =AE23/AE$31 -> 4.1475929 | AF54: =IFERROR(AF23/AF$31,0) -> 2.5085139 | AG54: =IFERROR(AG23/AG$31,0) -> 1.5114179 | AH54: =IFERROR(AH23/AH$31,0) -> 1.9522521 | AI54: =IFERROR(AI23/AI$31,0) -> 1.6994662 | AJ54: =IFERROR(AJ23/AJ$31,0) -> 1.9747587 | AK54: =IFERROR(AK23/AK$31,0) -> 2.0266652 | AL54: =IFERROR(AL23/AL$31,0) -> 1.9332521 | AM54: =IFERROR(AM23/AM$31,0) -> 2.1033392 | ... AP54: =IFERROR(AP23/AP$31,0) -> 2.602592 | AQ54: =AQ23/AQ$31 -> 2.2075029 | AR54: =AQ54-AD54 -> 0.4610896 | AS54: =AS23/AS$31 -> 2.4118921 | AT54: =AT23/AT$31 -> 2.8592375 | AU54: =AU23/AU$31 -> 2.1737387 | AV54: =AV23/AV$31 -> 2.3593591 | AW54: =AW23/AW$31 -> 2.2605291 | AX54: =AX23/AX$31 -> 2.3272332 | AY54: =AY23/AY$31 -> 2.2166159 | AZ54: =AZ23/AZ$31 -> 2.1974087 | ... BF54: =BF23/BF$31 -> 2.8545081 | BG54: =IFERROR(BG23/BG$31,0) -> 3.8750633 | BH54: =IFERROR(BH23/BH$31,0) -> 1.0707724 | BI54: =IFERROR(BI23/BI$31,0) -> 1.9465599 | BJ54: =IFERROR(BJ23/BJ$31,0) -> 2.278444 | BK54: =IFERROR(BK23/BK$31,0) -> 0 | BL54: =IFERROR(BL23/BL$31,0) -> 0 | BM54: =IFERROR(BM23/BM$31,0) -> 0 | BN54: =IFERROR(BN23/BN$31,0) -> 0 | ... BQ54: =IFERROR(BQ23/BQ$31,0) -> 0 | BR54: =BR23/BR$31 -> 2.1558513 | BS54: =BR54-AQ54 -> -0.051651593 | BT54: =BE54 -> 2.296894 | BU54: {=INDEX($AS54:$BD54,,$D$4)} -> 2.4118921 | BV54: {=INDEX($BF54:$BQ54,,$D$4)-BU54} -> 0.44261606 | BW54: =AD54/$AD$60 -> 0.06783709 | BX54: =AQ54/$AQ$60 -> 0.078352166 | BY54: =BE54/$BE$60 -> 0.089474002 | BZ54: =BR54/$BR$60 -> 0.080115626 | CA54: =BZ54-BX54 -> 0.0017634594 | CB54: =BZ54-BY54 -> -0.0093583768
A55: 5 | B55: =B54+1 -> 3 | C55: Biến phí | D55: Khấu hao | E55: =E24/E$31 -> 2.375327 | F55: =F24/F$31 -> 1.6516729 | G55: =G24/G$31 -> 1.3991038 | H55: =H24/H$31 -> 1.6767953 | I55: =I24/I$31 -> 1.2916093 | J55: =J24/J$31 -> 1.6468401 | K55: =K24/K$31 -> 1.1962829 | L55: =L24/L$31 -> 1.1569817 | ... P55: =P24/P$31 -> 0.77704742 | Q55: =Q24/$AD$31 -> 0.6999357 | R55: =R24/R$31 -> 0.027703332 | S55: =S24/S$31 -> 0.046616522 | T55: =T24/T$31 -> 0.58481189 | U55: =U24/U$31 -> 0.65967377 | V55: =V24/V$31 -> 0.68792364 | W55: =W24/W$31 -> 0.87046361 | X55: =X24/X$31 -> 1.6482812 | Y55: =Y24/Y$31 -> 1.4126378 | ... AC55: =AC24/AC$31 -> 1.0684554 | AD55: =AD24/$AD$31 -> 0.71500609 | AE55: =AE24/AE$31 -> 1.942005 | AF55: =IFERROR(AF24/AF$31,0) -> 1.208654 | AG55: =IFERROR(AG24/AG$31,0) -> 0.78150238 | AH55: =IFERROR(AH24/AH$31,0) -> 0.89389092 | AI55: =IFERROR(AI24/AI$31,0) -> 0.79542986 | AJ55: =IFERROR(AJ24/AJ$31,0) -> 0.90663459 | AK55: =IFERROR(AK24/AK$31,0) -> 0.84280878 | AL55: =IFERROR(AL24/AL$31,0) -> 0.84111095 | AM55: =IFERROR(AM24/AM$31,0) -> 0.91400947 | ... AP55: =IFERROR(AP24/AP$31,0) -> 1.1712778 | AQ55: =AQ24/AQ$31 -> 1.0188775 | AR55: =AQ55-AD55 -> 0.30387137 | AS55: =AS24/AS$31 -> 1.3202084 | AT55: =AT24/AT$31 -> 1.7275243 | AU55: =AU24/AU$31 -> 1.3729599 | AV55: =AV24/AV$31 -> 1.3778963 | AW55: =AW24/AW$31 -> 1.3850693 | AX55: =AX24/AX$31 -> 1.3908008 | AY55: =AY24/AY$31 -> 1.3586807 | AZ55: =AZ24/AZ$31 -> 1.3462443 | ... BF55: =BF24/BF$31 -> 0.7128778 | BG55: =IFERROR(BG24/BG$31,0) -> 1.1120205 | BH55: =IFERROR(BH24/BH$31,0) -> 0.47593104 | BI55: =IFERROR(BI24/BI$31,0) -> 0.50255513 | BJ55: =IFERROR(BJ24/BJ$31,0) -> 0.62554889 | BK55: =IFERROR(BK24/BK$31,0) -> 0 | BL55: =IFERROR(BL24/BL$31,0) -> 0 | BM55: =IFERROR(BM24/BM$31,0) -> 0 | BN55: =IFERROR(BN24/BN$31,0) -> 0 | ... BQ55: =IFERROR(BQ24/BQ$31,0) -> 0 | BR55: =BR24/BR$31 -> 0.6228159 | BS55: =BR55-AQ55 -> -0.39606156 | BT55: =BE55 -> 1.3835664 | BU55: {=INDEX($AS55:$BD55,,$D$4)} -> 1.3202084 | BV55: {=INDEX($BF55:$BQ55,,$D$4)-BU55} -> -0.60733065 | BW55: =AD55/$AD$60 -> 0.027773456 | BX55: =AQ55/$AQ$60 -> 0.036163602 | BY55: =BE55/$BE$60 -> 0.053895922 | BZ55: =BR55/$BR$60 -> 0.023145049 | CA55: =BZ55-BX55 -> -0.013018552 | CB55: =BZ55-BY55 -> -0.030750872 | CD55: X
A56: 18 | B56: =B55+1 -> 4 | C56: Định phí | D56: Chi phí hoạt động quản lý | E56: =E25/E$31 -> 0.74905478 | F56: =F25/F$31 -> 0.65341938 | G56: =G25/G$31 -> 0.57403421 | H56: =H25/H$31 -> 0.5053637 | I56: =I25/I$31 -> 0.34678965 | J56: =J25/J$31 -> 0.50688632 | K56: =K25/K$31 -> 0.36855831 | L56: =L25/L$31 -> 0.27632945 | ... P56: =P25/P$31 -> 0.27917276 | Q56: =Q25/$AD$31 -> 0.20428741 | R56: =R25/R$31 -> 0.027633134 | S56: =S25/S$31 -> 0.061760627 | T56: =T25/T$31 -> 0.042073952 | U56: =U25/U$31 -> 0.050929554 | V56: =V25/V$31 -> 0.051652101 | W56: =W25/W$31 -> 0.062808828 | X56: =X25/X$31 -> 0.11274322 | Y56: =Y25/Y$31 -> 0.10716688 | ... AC56: =AC25/AC$31 -> 0.11865724 | AD56: =AD25/$AD$31 -> 0.061655099 | AE56: =AE25/AE$31 -> 0.2216966 | AF56: =IFERROR(AF25/AF$31,0) -> 0.12291723 | AG56: =IFERROR(AG25/AG$31,0) -> 0.084818827 | AH56: =IFERROR(AH25/AH$31,0) -> 0.084477027 | AI56: =IFERROR(AI25/AI$31,0) -> 0.072102683 | AJ56: =IFERROR(AJ25/AJ$31,0) -> 0.16008545 | AK56: =IFERROR(AK25/AK$31,0) -> 0.15393573 | AL56: =IFERROR(AL25/AL$31,0) -> 0.14513996 | AM56: =IFERROR(AM25/AM$31,0) -> 0.14153102 | ... AP56: =IFERROR(AP25/AP$31,0) -> 0.15655551 | AQ56: =AQ25/AQ$31 -> 0.14642907 | AR56: =AQ56-AD56 -> 0.084773975 | AS56: =AS25/AS$31 -> 0.18710499 | AT56: =AT25/AT$31 -> 0.17233246 | AU56: =AU25/AU$31 -> 0.22070901 | AV56: =AV25/AV$31 -> 0.18674248 | AW56: =AW25/AW$31 -> 0.18578059 | AX56: =AX25/AX$31 -> 0.17994173 | AY56: =AY25/AY$31 -> 0.15834486 | AZ56: =AZ25/AZ$31 -> 0.14888738 | ... BF56: =BF25/BF$31 -> 0.23036237 | BG56: =IFERROR(BG25/BG$31,0) -> 0.27343383 | BH56: =IFERROR(BH25/BH$31,0) -> 0.11449633 | BI56: =IFERROR(BI25/BI$31,0) -> 0.14510722 | BJ56: =IFERROR(BJ25/BJ$31,0) -> 0.18350095 | BK56: =IFERROR(BK25/BK$31,0) -> 0 | BL56: =IFERROR(BL25/BL$31,0) -> 0 | BM56: =IFERROR(BM25/BM$31,0) -> 0 | BN56: =IFERROR(BN25/BN$31,0) -> 0 | ... BQ56: =IFERROR(BQ25/BQ$31,0) -> 0 | BR56: =BR25/BR$31 -> 0.17370352 | BS56: =BR56-AQ56 -> 0.027274442 | BT56: =BE56 -> 0.17149601 | BU56: {=INDEX($AS56:$BD56,,$D$4)} -> 0.18710499 | BV56: {=INDEX($BF56:$BQ56,,$D$4)-BU56} -> 0.043257376 | BW56: =AD56/$AD$60 -> 0.0023949099 | BX56: =AQ56/$AQ$60 -> 0.005197291 | BY56: =BE56/$BE$60 -> 0.0066805149 | BZ56: =BR56/$BR$60 -> 0.0064551603 | CA56: =BZ56-BX56 -> 0.0012578692 | CB56: =BZ56-BY56 -> -0.0002253546
A57: 19 | B57: =B56+1 -> 5 | D57: Công cụ dụng cụ | E57: =E26/E$31 -> 0.55266566 | F57: =F26/F$31 -> 0.38164401 | G57: =G26/G$31 -> 0.28823222 | H57: =H26/H$31 -> 0.28934283 | I57: =I26/I$31 -> 0.30460954 | J57: =J26/J$31 -> 0.31739081 | K57: =K26/K$31 -> 0.23087349 | L57: =L26/L$31 -> 0.23341557 | ... P57: =P26/P$31 -> 0.17435915 | Q57: =Q26/$AD$31 -> 0.14263415 | R57: =R26/R$31 -> 0.12516525 | S57: =S26/S$31 -> 0.19490103 | T57: =T26/T$31 -> 0.13784025 | U57: =U26/U$31 -> 0.15979973 | V57: =V26/V$31 -> 0.17986809 | W57: =W26/W$31 -> 0.1792544 | X57: =X26/X$31 -> 0.28197583 | Y57: =Y26/Y$31 -> 0.30851633 | ... AC57: =AC26/AC$31 -> 0.27846681 | AD57: =AD26/$AD$31 -> 0.19287806 | AE57: =AE26/AE$31 -> 0.38542601 | AF57: =IFERROR(AF26/AF$31,0) -> 0.2924584 | AG57: =IFERROR(AG26/AG$31,0) -> 0.17606795 | AH57: =IFERROR(AH26/AH$31,0) -> 0.24245386 | AI57: =IFERROR(AI26/AI$31,0) -> 0.19004374 | AJ57: =IFERROR(AJ26/AJ$31,0) -> 0.19395422 | AK57: =IFERROR(AK26/AK$31,0) -> 0.18374935 | AL57: =IFERROR(AL26/AL$31,0) -> 0.17796771 | AM57: =IFERROR(AM26/AM$31,0) -> 0.18587337 | ... AP57: =IFERROR(AP26/AP$31,0) -> 0.2197829 | AQ57: =AQ26/AQ$31 -> 0.22293587 | AR57: =AQ57-AD57 -> 0.030057817 | AS57: =AS26/AS$31 -> 0.2538846 | AT57: =AT26/AT$31 -> 0.19120986 | AU57: =AU26/AU$31 -> 0.2042582 | AV57: =AV26/AV$31 -> 0.21323219 | AW57: =AW26/AW$31 -> 0.16982404 | AX57: =AX26/AX$31 -> 0.17759525 | AY57: =AY26/AY$31 -> 0.17505048 | AZ57: =AZ26/AZ$31 -> 0.16278952 | ... BF57: =BF26/BF$31 -> 0.18733937 | BG57: =IFERROR(BG26/BG$31,0) -> 0.25244446 | BH57: =IFERROR(BH26/BH$31,0) -> 0.12705456 | BI57: =IFERROR(BI26/BI$31,0) -> 0.11702453 | BJ57: =IFERROR(BJ26/BJ$31,0) -> 0.14796372 | BK57: =IFERROR(BK26/BK$31,0) -> 0 | BL57: =IFERROR(BL26/BL$31,0) -> 0 | BM57: =IFERROR(BM26/BM$31,0) -> 0 | BN57: =IFERROR(BN26/BN$31,0) -> 0 | ... BQ57: =IFERROR(BQ26/BQ$31,0) -> 0 | BR57: =BR26/BR$31 -> 0.15254253 | BS57: =BR57-AQ57 -> -0.070393341 | BT57: =BE57 -> 0.18193606 | BU57: {=INDEX($AS57:$BD57,,$D$4)} -> 0.2538846 | BV57: {=INDEX($BF57:$BQ57,,$D$4)-BU57} -> -0.066545222 | BW57: =AD57/$AD$60 -> 0.0074920902 | BX57: =AQ57/$AQ$60 -> 0.0079127907 | BY57: =BE57/$BE$60 -> 0.0070872002 | BZ57: =BR57/$BR$60 -> 0.005668777 | CA57: =BZ57-BX57 -> -0.0022440137 | CB57: =BZ57-BY57 -> -0.0014184233
A58: 20 | B58: =B57+1 -> 6 | D58: Bảo Trì + Sữa Chữa | E58: =E27/E$31 -> 0.29278446 | F58: =F27/F$31 -> 0.15017827 | G58: =G27/G$31 -> 0.16850238 | H58: =H27/H$31 -> 0.13351101 | I58: =I27/I$31 -> 0.21068079 | J58: =J27/J$31 -> 0.25224252 | K58: =K27/K$31 -> 0.25096202 | L58: =L27/L$31 -> 0.19334724 | ... P58: =P27/P$31 -> 0.21733056 | Q58: =Q27/$AD$31 -> 0.11402198 | R58: =R27/R$31 -> 0.106622 | S58: =S27/S$31 -> 0.20265727 | T58: =T27/T$31 -> 0.13571697 | U58: =U27/U$31 -> 0.13120713 | V58: =V27/V$31 -> 0.16275985 | W58: =W27/W$31 -> 0.2269342 | X58: =X27/X$31 -> 0.28710335 | Y58: =Y27/Y$31 -> 0.34256367 | ... AC58: =AC27/AC$31 -> 0.37410021 | AD58: =AD27/$AD$31 -> 0.20903835 | AE58: =AE27/AE$31 -> 0.49495347 | AF58: =IFERROR(AF27/AF$31,0) -> 0.30172735 | AG58: =IFERROR(AG27/AG$31,0) -> 0.19542322 | AH58: =IFERROR(AH27/AH$31,0) -> 0.25076956 | AI58: =IFERROR(AI27/AI$31,0) -> 0.19878303 | AJ58: =IFERROR(AJ27/AJ$31,0) -> 0.28145255 | AK58: =IFERROR(AK27/AK$31,0) -> 0.2716803 | AL58: =IFERROR(AL27/AL$31,0) -> 0.25480433 | AM58: =IFERROR(AM27/AM$31,0) -> 0.21410962 | ... AP58: =IFERROR(AP27/AP$31,0) -> 0.26508609 | AQ58: =AQ27/AQ$31 -> 0.27095566 | AR58: =AQ58-AD58 -> 0.061917316 | AS58: =AS27/AS$31 -> 0.24027382 | AT58: =AT27/AT$31 -> 0.22396872 | AU58: =AU27/AU$31 -> 0.28678696 | AV58: =AV27/AV$31 -> 0.26832667 | AW58: =AW27/AW$31 -> 0.26879013 | AX58: =AX27/AX$31 -> 0.33025758 | AY58: =AY27/AY$31 -> 0.29529186 | AZ58: =AZ27/AZ$31 -> 0.26132616 | ... BF58: =BF27/BF$31 -> 0.29006951 | BG58: =IFERROR(BG27/BG$31,0) -> 0.33655334 | BH58: =IFERROR(BH27/BH$31,0) -> 0.17601239 | BI58: =IFERROR(BI27/BI$31,0) -> 0.2180339 | BJ58: =IFERROR(BJ27/BJ$31,0) -> 0.32293795 | BK58: =IFERROR(BK27/BK$31,0) -> 0 | BL58: =IFERROR(BL27/BL$31,0) -> 0 | BM58: =IFERROR(BM27/BM$31,0) -> 0 | BN58: =IFERROR(BN27/BN$31,0) -> 0 | ... BQ58: =IFERROR(BQ27/BQ$31,0) -> 0 | BR58: =BR27/BR$31 -> 0.25457458 | BS58: =BR58-AQ58 -> -0.016381082 | BT58: =BE58 -> 0.2740373 | BU58: {=INDEX($AS58:$BD58,,$D$4)} -> 0.24027382 | BV58: {=INDEX($BF58:$BQ58,,$D$4)-BU58} -> 0.049795693 | BW58: =AD58/$AD$60 -> 0.0081198151 | BX58: =AQ58/$AQ$60 -> 0.0096171846 | BY58: =BE58/$BE$60 -> 0.010674944 | BZ58: =BR58/$BR$60 -> 0.0094604862 | CA58: =BZ58-BX58 -> -0.00015669838 | CB58: =BZ58-BY58 -> -0.0012144574
A59: 21 | B59: =B58+1 -> 7 | C59: Định phí | D59: Lãi Vay | E59: =E28/E$31 -> 0.052645606 | F59: =F28/F$31 -> 0 | G59: =G28/G$31 -> 0.02894087 | H59: =H28/H$31 -> 0.051032127 | I59: =I28/I$31 -> 0.036218264 | J59: =J28/J$31 -> 0.018638264 | K59: =K28/K$31 -> 0.04195852 | L59: =L28/L$31 -> 0.039520349 | ... P59: =P28/P$31 -> 0.08112685 | Q59: =Q28/$AD$31 -> 0.026333133 | R59: =R28/R$31 -> 0 | S59: =S28/S$31 -> 0 | T59: =T28/T$31 -> 0 | U59: =U28/U$31 -> 0 | V59: =V28/V$31 -> 0 | W59: =W28/W$31 -> 0 | X59: =X28/X$31 -> 0 | Y59: =Y28/Y$31 -> 0 | ... AC59: =AC28/AC$31 -> 0 | AD59: =AD28/$AD$31 -> 0 | AE59: =AE28/AE$31 -> 0 | AF59: =IFERROR(AF28/AF$31,0) -> 0 | AG59: =IFERROR(AG28/AG$31,0) -> 0 | AH59: =IFERROR(AH28/AH$31,0) -> 0 | AI59: =IFERROR(AI28/AI$31,0) -> 0 | AJ59: =IFERROR(AJ28/AJ$31,0) -> 0 | AK59: =IFERROR(AK28/AK$31,0) -> 0 | AL59: =IFERROR(AL28/AL$31,0) -> 0 | AM59: =IFERROR(AM28/AM$31,0) -> 0 | ... AP59: =IFERROR(AP28/AP$31,0) -> 0 | AQ59: =AQ28/AQ$31 -> 0 | AR59: =AQ59-AD59 -> 0 | AS59: =AS28/AS$31 -> 0 | AT59: =AT28/AT$31 -> 0 | AU59: =AU28/AU$31 -> 0 | AV59: =AV28/AV$31 -> 0 | AW59: =AW28/AW$31 -> 0 | AX59: =AX28/AX$31 -> 0 | AY59: =AY28/AY$31 -> 0 | AZ59: =AZ28/AZ$31 -> 0 | ... BF59: =BF28/BF$31 -> 0 | BG59: =IFERROR(BG28/BG$31,0) -> 0 | BH59: =IFERROR(BH28/BH$31,0) -> 0 | BI59: =IFERROR(BI28/BI$31,0) -> 0 | BJ59: =IFERROR(BJ28/BJ$31,0) -> 0 | BK59: =IFERROR(BK28/BK$31,0) -> 0 | BL59: =IFERROR(BL28/BL$31,0) -> 0 | BM59: =IFERROR(BM28/BM$31,0) -> 0 | BN59: =IFERROR(BN28/BN$31,0) -> 0 | ... BQ59: =IFERROR(BQ28/BQ$31,0) -> 0 | BR59: =BR28/BR$31 -> 0 | BS59: =BR59-AQ59 -> 0 | BT59: =BE59 -> 0 | BU59: {=INDEX($AS59:$BD59,,$D$4)} -> 0 | BV59: {=INDEX($BF59:$BQ59,,$D$4)-BU59} -> 0 | BW59: =AD59/$AD$60 -> 0 | BX59: =AQ59/$AQ$60 -> 0 | BY59: =BE59/$BE$60 -> 0 | BZ59: =BR59/$BR$60 -> 0 | CA59: =BZ59-BX59 -> 0 | CB59: =BZ59-BY59 -> 0 | CD59: X
A60: 22 | B60: Tổng chi phí / tấn | E60: =E40+E52 -> 40.909429 | F60: =F40+F52 -> 35.431965 | G60: =G40+G52 -> 33.231235 | H60: =H40+H52 -> 32.743119 | I60: =I40+I52 -> 30.879871 | J60: =J40+J52 -> 34.339154 | K60: =K40+K52 -> 27.639302 | L60: =L40+L52 -> 26.278609 | ... BU60: =BU40+BU52 -> 25.809157 | BV60: {=INDEX($BF60:$BQ60,,$D$4)-BU60} -> 3.04165 | BW60: =AD60/$AD$60 -> 1 | BX60: =AQ60/$AQ$60 -> 1 | BY60: =BE60/$BE$60 -> 1 | BZ60: =BR60/$BR$60 -> 1 | CA60: =BZ60-BX60 -> 0 | CB60: =BZ60-BY60 -> 0
A61: 27 | B61: Tổng chi phí / tấn (không gồm thuê xưởng, kho, máy và khấu hao) | E61: =E60-E53-E55 -> 34.936045 | F61: =F60-F53-F55 -> 31.463041 | G61: =G60-G53-G55 -> 30.032836 | H61: =H60-H53-H55 -> 30.262536 | I61: =I60-I53-I55 -> 28.860945 | J61: =J60-J53-J55 -> 31.822857 | K61: =K60-K53-K55 -> 25.838031 | L61: =L60-L53-L55 -> 24.624948 | ... AQ61: =AQ60-AQ53-AQ55 -> 24.986484 | AR61: =AQ61-AD61 -> 2.0510997 | AS61: =AS60-AS53-AS55 -> 23.035092 | AT61: =AT60-AT53-AT55 -> 23.479374 | AU61: =AU60-AU53-AU55 -> 22.815921 | AV61: =AV60-AV53-AV55 -> 22.962518 | AW61: =AW60-AW53-AW55 -> 22.812167 | AX61: =AX60-AX53-AX55 -> 22.966134 | AY61: =AY60-AY53-AY55 -> 22.834978 | AZ61: =AZ60-AZ53-AZ55 -> 22.767626 | ... BR61: =BR60-BR53-BR55 -> 23.548401 | BS61: =BR61-AD61 -> 0.61301631 | BT61: =BE61 -> 22.907511 | BU61: =BU60-BU53-BU55 -> 23.035092 | BV61: {=INDEX($BF61:$BQ61,,$D$4)-BU61} -> 1.8724224
A62: 24 | B62: Sản lượng thành phẩm SX | E62: =E31 -> 841.882 | F62: =F31 -> 1307.212 | G62: =G31 -> 1683.515 | H62: =H31 -> 1492.932 | I62: =I31 -> 1899.635 | J62: =J31 -> 1515.679 | K62: =K31 -> 2178.257 | L62: =L31 -> 2374.609 | ... P62: =P31 -> 3906.031 | Q62: =SUM(E62:P62)/(12-COUNTIF(E10:P10,0)) -> 1954.7762 | R62: =R31 -> 4748.313 | S62: =S31 -> 2926.502 | T62: =T31 -> 4896.438 | U62: =U31 -> 4526.369 | V62: =V31 -> 4417.875 | W62: =W31 -> 3495.0745 | X62: =X31 -> 1866.424 | Y62: =Y31 -> 2192.5825 | ... AC62: =AC31 -> 3318.6421 | AD62: =SUM(R62:AC62)/(12-COUNTIF(R10:AC10,0)) -> 3688.024 | AE62: =AE31 -> 1839.731 | AF62: =AF31 -> 2957.266 | AG62: =AG31 -> 4821.92 | AH62: =AH31 -> 4088.249 | AI62: =AI31 -> 4828.971 | AJ62: =AJ31 -> 4232.453 | AK62: =AK31 -> 4561.641 | AL62: =AL31 -> 4570.5645 | ... AP62: =AP31 -> 3552.8618 | AQ62: =SUM(AE62:AP62)/(12-COUNTIF(AE10:AP10,0)) -> 3792.1955 | AR62: =AQ62-AD62 -> 104.1715 | AS62: =AS31 -> 3955 | AT62: =AT31 -> 3245 | AU62: =AU31 -> 4145 | AV62: =AV31 -> 4155 | AW62: =AW31 -> 4145 | AX62: =AX31 -> 4230 | AY62: =AY31 -> 4330 | AZ62: =AZ31 -> 4370 | ... BD62: =BD31 -> 4370 | BE62: =SUM(AS62:BD62)/(12-COUNTIF(AS10:BD10,0)) -> 4166.6667 | BF62: =BF31 -> 2868.5693 | BG62: =BG31 -> 1811.1 | BH62: =BH31 -> 4279.489 | BI62: =BI31 -> 4370.2854 | BJ62: =BJ31 -> 3592.682 | BK62: =BK31 -> 0 | BL62: =BL31 -> 0 | BM62: =BM31 -> 0 | ... BQ62: =BQ31 -> 0 | BR62: =SUM(BF62:BQ62)/(12-COUNTIF(BF10:BQ10,0)) -> 3384.4251 | BS62: =BR62-AQ62 -> -407.77039 | BT62: =BE62 -> 4166.6667 | BU62: {=INDEX($AS62:$BD62,,$D$4)} -> 3955 | BV62: {=INDEX($BF62:$BQ62,,$D$4)-BU62} -> -1086.4307
A63: 25 | B63: Chi phí NVL/ tấn | E63: =SUM(E41,E44,E46,E48,E51) -> 23.272828 | F63: =SUM(F41,F44,F46,F48,F51) -> 22.988958 | G63: =SUM(G41,G44,G46,G48,G51) -> 22.681417 | H63: =SUM(H41,H44,H46,H48,H51) -> 22.022092 | I63: =SUM(I41,I44,I46,I48,I51) -> 21.697314 | J63: =SUM(J41,J44,J46,J48,J51) -> 22.551224 | K63: =SUM(K41,K44,K46,K48,K51) -> 19.165583 | L63: =SUM(L41,L44,L46,L48,L51) -> 18.316713 | ... AQ63: =SUM(AQ41,AQ44,AQ46,AQ48,AQ51) -> 20.320393 | AR63: =AQ63-AD63 -> 1.2550772 | AS63: =SUM(AS41,AS44,AS46,AS48,AS51) -> 18.431726 | AT63: =SUM(AT41,AT44,AT46,AT48,AT51) -> 18.451474 | AU63: =SUM(AU41,AU44,AU46,AU48,AU51) -> 18.438635 | AV63: =SUM(AV41,AV44,AV46,AV48,AV51) -> 18.43779 | AW63: =SUM(AW41,AW44,AW46,AW48,AW51) -> 18.438635 | AX63: =SUM(AX41,AX44,AX46,AX48,AX51) -> 18.444677 | AY63: =SUM(AY41,AY44,AY46,AY48,AY51) -> 18.442961 | AZ63: =SUM(AZ41,AZ44,AZ46,AZ48,AZ51) -> 18.452385 | ... BR63: =SUM(BR41,BR44,BR46,BR48,BR51) -> 19.076773 | BS63: =BR63-AQ63 -> -1.2436202 | BT63: =SUM(BT41,BT44,BT46,BT48,BT51) -> 18.443916 | BU63: =SUM(BU41,BU44,BU46,BU48,BU51) -> 18.431726 | BV63: {=INDEX($BF63:$BQ63,,$D$4)-BU63} -> 1.1436107 | BW63: =AD63/$AD$60 -> 0.74056671 | BX63: =AQ63/$AQ$60 -> 0.72124336 | BY63: =BE63/$BE$60 -> 0.71847069 | BZ63: =BR63/$BR$60 -> 0.70892996 | CA63: =BZ63-BX63 -> -0.012313397 | CB63: =BZ63-BY63 -> -0.0095407301
A64: 26 | B64: Chi phí sản suất / tấn | E64: =E60-E63 -> 17.636601 | F64: =F60-F63 -> 12.443007 | G64: =G60-G63 -> 10.549818 | H64: =H60-H63 -> 10.721027 | I64: =I60-I63 -> 9.1825578 | J64: =J60-J63 -> 11.787931 | K64: =K60-K63 -> 8.4737192 | L64: =L60-L63 -> 7.9618961 | ... AQ64: =AQ60-AQ63 -> 7.8537216 | AR64: =AQ64-AD64 -> 1.1748126 | AS64: =AS60-AS63 -> 7.3774301 | AT64: =AT60-AT63 -> 8.5273807 | AU64: =AU60-AU63 -> 7.1374592 | AV64: =AV60-AV63 -> 7.2864988 | AW64: =AW60-AW63 -> 7.1458149 | AX64: =AX60-AX63 -> 7.2715954 | AY64: =AY60-AY63 -> 7.0786419 | AZ64: =AZ60-AZ63 -> 6.9772744 | ... BR64: =BR60-BR63 -> 7.8324762 | BS64: =BR64-AQ64 -> -0.021245415 | BT64: =BT60-BT63 -> 7.2271606 | BU64: =BU60-BU63 -> 7.3774301 | BV64: {=INDEX($BF64:$BQ64,,$D$4)-BU64} -> 1.8980393 | BW64: =AD64/$AD$60 -> 0.25943329 | BX64: =AQ64/$AQ$60 -> 0.27875664 | BY64: =BE64/$BE$60 -> 0.28152931 | BZ64: =BR64/$BR$60 -> 0.29107004 | CA64: =BZ64-BX64 -> 0.012313397 | CB64: =BZ64-BY64 -> 0.0095407301
B67: CHI PHÍ /TẤN THÀNH PHẨM
D68: ĐVT: %
B69: STT | C69: Phân loại | D69: Chỉ tiêu | E69: T1.23 | F69: T2.23 | G69: T3.23 | H69: T4.23 | I69: T5.23 | J69: T6.23 | K69: T7.23 | L69: T8.23 | M69: T9.23 | N69: T10.23 | O69: T11.23 | P69: T12.23 | Q69: BQ TT 2023 | R69: T1.24 | S69: T2.24 | T69: T3.24 | U69: T4.24 | V69: T5.24 | W69: T6.24 | X69: T7.24 | Y69: T8.24 | Z69: T9.24 | AA69: T10.24 | AB69: T11.24 | AC69: T12.24 | AD69: BQ TT 2024 | AE69: T1.25 | AF69: T2.25 | AG69: T3.25 | AH69: T4.25 | AI69: T5.25 | AJ69: T6.25 | AK69: T7.25 | AL69: T8.25 | AM69: T9.25 | AN69: T10.25 | AO69: T11.25 | AP69: T12.25 | AQ69: BQ TT 2025 | AS69: KH T1.2026 | AT69: KH T2.2026 | AU69: KH T3.2026 | AV69: KH T4.2026 | AW69: KH T5.2026 | AX69: KH T6.2026 | AY69: KH T7.2026 | AZ69: KH T8.2026 | BA69: KH T9.2026 | BB69: KH T10.2026 | BC69: KH T11.2026 | BD69: KH T12.2026 | BE69: BQ KH 2026 | BF69: =BF8 -> T1.26 | BG69: =BG8 -> T2.26 | BH69: =BH8 -> T3.26 | BI69: =BI8 -> T4.26 | BJ69: =BJ8 -> T5.26 | BK69: =BK8 -> T6.26 | BL69: =BL8 -> T7.26 | BM69: =BM8 -> T8.26 | ... BR69: =BR8 -> BQ TT 2026 | BS69: BQ KH 2026
B70: I | D70: BIẾN PHÍ | E70: =SUM(E71:E81) -> 0.63586533 | F70: =SUM(F71:F81) -> 0.72226927 | G70: =SUM(G71:G81) -> 0.75734005 | H70: =SUM(H71:H81) -> 0.75023792 | I70: =SUM(I71:I81) -> 0.77985544 | J70: =SUM(J71:J81) -> 0.74935412 | K70: =SUM(K71:K81) -> 0.77803845 | L70: =SUM(L71:L81) -> 0.77568931 | ... AQ70: =SUM(AQ71:AQ81) -> 0.78578016 | AS70: =SUM(AS71:AS81) -> 0.77266906 | AT70: =SUM(AT71:AT81) -> 0.7425306 | AU70: =SUM(AU71:AU81) -> 0.77926003 | AV70: =SUM(AV71:AV81) -> 0.77494299 | AW70: =SUM(AW71:AW81) -> 0.77888105 | AX70: =SUM(AX71:AX81) -> 0.7758164 | AY70: =SUM(AY71:AY81) -> 0.78324527 | AZ70: =SUM(AZ71:AZ81) -> 0.78637364 | ... BS70: =SUM(BS71:BS81) -> 0.77843042
B71: 1 | C71: Biến phí | D71: Nguyên liệu nhựa | E71: =E41/E$60 -> 0.55703483 | F71: =F41/F$60 -> 0.63503585 | G71: =G41/G$60 -> 0.65967575 | H71: =H41/H$60 -> 0.64371622 | I71: =I41/I$60 -> 0.67373682 | J71: =J41/J$60 -> 0.63447682 | K71: =K41/K$60 -> 0.66550586 | L71: =L41/L$60 -> 0.66842848 | ... AD71: =AD41/AD$60 -> 0.71889436 | AE71: =IFERROR(AE41/AE$60,0) -> 0.56675296 | AF71: =IFERROR(AF41/AF$60,0) -> 0.6669253 | AG71: =IFERROR(AG41/AG$60,0) -> 0.75025383 | AH71: =IFERROR(AH41/AH$60,0) -> 0.72169707 | AI71: =IFERROR(AI41/AI$60,0) -> 0.7480357 | AJ71: =IFERROR(AJ41/AJ$60,0) -> 0.71538782 | AK71: =IFERROR(AK41/AK$60,0) -> 0.71906835 | AL71: =IFERROR(AL41/AL$60,0) -> 0.71982719 | ... AP71: =IFERROR(AP41/AP$60,0) -> 0.67539796 | AQ71: =AQ41/AQ$60 -> 0.69741457 | AS71: =AS41/AS$60 -> 0.69017533 | AT71: =AT41/AT$60 -> 0.66069977 | AU71: =AU41/AU$60 -> 0.69669625 | AV71: =AV41/AV$60 -> 0.69260215 | AW71: =AW41/AW$60 -> 0.69646871 | AX71: =AX41/AX$60 -> 0.69282662 | AY71: =AY41/AY$60 -> 0.6983752 | AZ71: =AZ41/AZ$60 -> 0.7011765 | ... BJ71: =BJ41/BJ$60 -> 0.67780559 | BK71: =IFERROR(BK41/BK$60,0) -> 0 | BL71: =IFERROR(BL41/BL$60,0) -> 0 | BM71: =IFERROR(BM41/BM$60,0) -> 0 | BN71: =IFERROR(BN41/BN$60,0) -> 0 | BO71: =IFERROR(BO41/BO$60,0) -> 0 | BP71: =IFERROR(BP41/BP$60,0) -> 0 | BQ71: =IFERROR(BQ41/BQ$60,0) -> 0 | BR71: =BR41/BR$60 -> 0.68334489 | BS71: =BE71 -> 0.69425731
B72: =B71+1 -> 2 | C72: Biến phí | D72: Điện | E72: =E42/E$60 -> 0.039980277 | F72: =F42/F$60 -> 0.047895744 | G72: =G42/G$60 -> 0.046025917 | H72: =H42/H$60 -> 0.048865076 | I72: =I42/I$60 -> 0.047519623 | J72: =J42/J$60 -> 0.051027329 | K72: =K42/K$60 -> 0.052075989 | L72: =L42/L$60 -> 0.047737054 | ... AD72: =AD42/AD$60 -> 0.051582973 | AE72: =IFERROR(AE42/AE$60,0) -> 0.052653318 | AF72: =IFERROR(AF42/AF$60,0) -> 0.050325753 | AG72: =IFERROR(AG42/AG$60,0) -> 0.052100021 | AH72: =IFERROR(AH42/AH$60,0) -> 0.054039146 | AI72: =IFERROR(AI42/AI$60,0) -> 0.050414909 | AJ72: =IFERROR(AJ42/AJ$60,0) -> 0.053624758 | AK72: =IFERROR(AK42/AK$60,0) -> 0.05419571 | AL72: =IFERROR(AL42/AL$60,0) -> 0.055587552 | ... AP72: =IFERROR(AP42/AP$60,0) -> 0.049440738 | AQ72: =AQ42/AQ$60 -> 0.054162444 | AS72: =AS42/AS$60 -> 0.045314536 | AT72: =AT42/AT$60 -> 0.043658554 | AU72: =AU42/AU$60 -> 0.044999529 | AV72: =AV42/AV$60 -> 0.04504316 | AW72: =AW42/AW$60 -> 0.045062009 | AX72: =AX42/AX$60 -> 0.04544816 | AY72: =AY42/AY$60 -> 0.04781793 | AZ72: =AZ42/AZ$60 -> 0.048153946 | ... BJ72: =BJ42/BJ$60 -> 0.058246162 | BK72: =IFERROR(BK42/BK$60,0) -> 0 | BL72: =IFERROR(BL42/BL$60,0) -> 0 | BM72: =IFERROR(BM42/BM$60,0) -> 0 | BN72: =IFERROR(BN42/BN$60,0) -> 0 | BO72: =IFERROR(BO42/BO$60,0) -> 0 | BP72: =IFERROR(BP42/BP$60,0) -> 0 | BQ72: =IFERROR(BQ42/BQ$60,0) -> 0 | BR72: =BR42/BR$60 -> 0.051849006 | BS72: =BE72 -> 0.046905502
B73: =B72+1 -> 3 | C73: Biến phí | D73: Chi phí bán hàng | E73: =E43/E$60 -> 0 | F73: =F43/F$60 -> 0 | G73: =G43/G$60 -> 0.0081088268 | H73: =H43/H$60 -> 0.0065468863 | I73: =I43/I$60 -> 0.0074092664 | J73: =J43/J$60 -> 0.011968147 | K73: =K43/K$60 -> 0.01049873 | L73: =L43/L$60 -> 0.011093491 | ... AD73: =AD43/AD$60 -> 6.707547e-05 | AE73: =IFERROR(AE43/AE$60,0) -> 0 | AF73: =IFERROR(AF43/AF$60,0) -> 0 | AG73: =IFERROR(AG43/AG$60,0) -> 0 | AH73: =IFERROR(AH43/AH$60,0) -> 0 | AI73: =IFERROR(AI43/AI$60,0) -> 0 | AJ73: =IFERROR(AJ43/AJ$60,0) -> 0 | AK73: =IFERROR(AK43/AK$60,0) -> 0 | AL73: =IFERROR(AL43/AL$60,0) -> 0 | ... AP73: =IFERROR(AP43/AP$60,0) -> 0 | AQ73: =AQ43/AQ$60 -> 0 | AS73: =AS43/AS$60 -> 0 | AT73: =AT43/AT$60 -> 0 | AU73: =AU43/AU$60 -> 0 | AV73: =AV43/AV$60 -> 0 | AW73: =AW43/AW$60 -> 0 | AX73: =AX43/AX$60 -> 0 | AY73: =AY43/AY$60 -> 0 | AZ73: =AZ43/AZ$60 -> 0 | ... BJ73: =BJ43/BJ$60 -> 0 | BK73: =IFERROR(BK43/BK$60,0) -> 0 | BL73: =IFERROR(BL43/BL$60,0) -> 0 | BM73: =IFERROR(BM43/BM$60,0) -> 0 | BN73: =IFERROR(BN43/BN$60,0) -> 0 | BO73: =IFERROR(BO43/BO$60,0) -> 0 | BP73: =IFERROR(BP43/BP$60,0) -> 0 | BQ73: =IFERROR(BQ43/BQ$60,0) -> 0 | BR73: =BR43/BR$60 -> 0 | BS73: =BE73 -> 0
B74: =B73+1 -> 4 | C74: Biến phí | D74: Phụ gia theo Bom | E74: =E44/E$60 -> 0.0019601562 | F74: =F44/F$60 -> 0.0031645898 | G74: =G44/G$60 -> 0.0091623188 | H74: =H44/H$60 -> 0.013690561 | I74: =I44/I$60 -> 0.016810834 | J74: =J44/J$60 -> 0.0087794819 | K74: =K44/K$60 -> 0.017517984 | L74: =L44/L$60 -> 0.01890388 | ... AD74: =AD44/AD$60 -> 0.012514443 | AE74: =IFERROR(AE44/AE$60,0) -> 0.005601923 | AF74: =IFERROR(AF44/AF$60,0) -> 0.010685247 | AG74: =IFERROR(AG44/AG$60,0) -> 0.01260226 | AH74: =IFERROR(AH44/AH$60,0) -> 0.014449285 | AI74: =IFERROR(AI44/AI$60,0) -> 0.015082978 | AJ74: =IFERROR(AJ44/AJ$60,0) -> 0.016594939 | AK74: =IFERROR(AK44/AK$60,0) -> 0.019566407 | AL74: =IFERROR(AL44/AL$60,0) -> 0.017599312 | ... AP74: =IFERROR(AP44/AP$60,0) -> 0.011631964 | AQ74: =AQ44/AQ$60 -> 0.013641853 | AS74: =AS44/AS$60 -> 0.012354771 | AT74: =AT44/AT$60 -> 0.012128263 | AU74: =AU44/AU$60 -> 0.01259934 | AV74: =AV44/AV$60 -> 0.012496608 | AW74: =AW44/AW$60 -> 0.012595226 | AX74: =AX44/AX$60 -> 0.012571778 | AY74: =AY44/AY$60 -> 0.012488628 | AZ74: =AZ44/AZ$60 -> 0.012705783 | ... BJ74: =BJ44/BJ$60 -> 0.018255742 | BK74: =IFERROR(BK44/BK$60,0) -> 0 | BL74: =IFERROR(BL44/BL$60,0) -> 0 | BM74: =IFERROR(BM44/BM$60,0) -> 0 | BN74: =IFERROR(BN44/BN$60,0) -> 0 | BO74: =IFERROR(BO44/BO$60,0) -> 0 | BP74: =IFERROR(BP44/BP$60,0) -> 0 | BQ74: =IFERROR(BQ44/BQ$60,0) -> 0 | BR74: =BR44/BR$60 -> 0.013494135 | BS74: =BE74 -> 0.012522829
B75: =B74+1 -> 5 | C75: Biến phí | D75: Vật liệu phục vụ SX | E75: =E45/E$60 -> 0.014697345 | F75: =F45/F$60 -> 0.014526559 | G75: =G45/G$60 -> 0.010011439 | H75: =H45/H$60 -> 0.011464993 | I75: =I45/I$60 -> 0.013623154 | J75: =J45/J$60 -> 0.016778735 | K75: =K45/K$60 -> 0.012653869 | L75: =L45/L$60 -> 0.010343937 | ... AD75: =AD45/AD$60 -> 0.0075344772 | AE75: =IFERROR(AE45/AE$60,0) -> 0.010191437 | AF75: =IFERROR(AF45/AF$60,0) -> 0.0076677329 | AG75: =IFERROR(AG45/AG$60,0) -> 0.0050659704 | AH75: =IFERROR(AH45/AH$60,0) -> 0.0084042267 | AI75: =IFERROR(AI45/AI$60,0) -> 0.0052966322 | AJ75: =IFERROR(AJ45/AJ$60,0) -> 0.0059768133 | AK75: =IFERROR(AK45/AK$60,0) -> 0.0054673277 | AL75: =IFERROR(AL45/AL$60,0) -> 0.0063471627 | ... AP75: =IFERROR(AP45/AP$60,0) -> 0.0061592227 | AQ75: =AQ45/AQ$60 -> 0.0063848948 | AS75: =AS45/AS$60 -> 0.0081368566 | AT75: =AT45/AT$60 -> 0.0093829622 | AU75: =AU45/AU$60 -> 0.0083769926 | AV75: =AV45/AV$60 -> 0.0082831874 | AW75: =AW45/AW$60 -> 0.0082009955 | AX75: =AX45/AX$60 -> 0.0082344808 | AY75: =AY45/AY$60 -> 0.0080045734 | AZ75: =AZ45/AZ$60 -> 0.0077704647 | ... BJ75: =BJ45/BJ$60 -> 0.0066449235 | BK75: =IFERROR(BK45/BK$60,0) -> 0 | BL75: =IFERROR(BL45/BL$60,0) -> 0 | BM75: =IFERROR(BM45/BM$60,0) -> 0 | BN75: =IFERROR(BN45/BN$60,0) -> 0 | BO75: =IFERROR(BO45/BO$60,0) -> 0 | BP75: =IFERROR(BP45/BP$60,0) -> 0 | BQ75: =IFERROR(BQ45/BQ$60,0) -> 0 | BR75: =BR45/BR$60 -> 0.0077859119 | BS75: =BE75 -> 0.0081666022
B76: =B75+1 -> 6 | C76: Biến phí | D76: Bao bì theo Bom | E76: =E46/E$60 -> 0.00441487 | F76: =F46/F$60 -> 0.0063813398 | G76: =G46/G$60 -> 0.0054649795 | H76: =H46/H$60 -> 0.0056869504 | I76: =I46/I$60 -> 0.0064032284 | J76: =J46/J$60 -> 0.0071067527 | K76: =K46/K$60 -> 0.0064308311 | L76: =L46/L$60 -> 0.0062725171 | ... AD76: =AD46/AD$60 -> 0.0066686768 | AE76: =IFERROR(AE46/AE$60,0) -> 0.0050558545 | AF76: =IFERROR(AF46/AF$60,0) -> 0.0061570769 | AG76: =IFERROR(AG46/AG$60,0) -> 0.0063398449 | AH76: =IFERROR(AH46/AH$60,0) -> 0.0058447675 | AI76: =IFERROR(AI46/AI$60,0) -> 0.0073515808 | AJ76: =IFERROR(AJ46/AJ$60,0) -> 0.0063819217 | AK76: =IFERROR(AK46/AK$60,0) -> 0.00657591 | AL76: =IFERROR(AL46/AL$60,0) -> 0.006696042 | ... AP76: =IFERROR(AP46/AP$60,0) -> 0.0074817565 | AQ76: =AQ46/AQ$60 -> 0.0066224749 | AS76: =AS46/AS$60 -> 0.0066520377 | AT76: =AT46/AT$60 -> 0.0064229383 | AU76: =AU46/AU$60 -> 0.0067153423 | AV76: =AV46/AV$60 -> 0.0066914492 | AW76: =AW46/AW$60 -> 0.0067131491 | AX76: =AX46/AX$60 -> 0.0067600854 | AY76: =AY46/AY$60 -> 0.0067448504 | AZ76: =AZ46/AZ$60 -> 0.0067846994 | ... BJ76: =BJ46/BJ$60 -> 0.0078993125 | BK76: =IFERROR(BK46/BK$60,0) -> 0 | BL76: =IFERROR(BL46/BL$60,0) -> 0 | BM76: =IFERROR(BM46/BM$60,0) -> 0 | BN76: =IFERROR(BN46/BN$60,0) -> 0 | BO76: =IFERROR(BO46/BO$60,0) -> 0 | BP76: =IFERROR(BP46/BP$60,0) -> 0 | BQ76: =IFERROR(BQ46/BQ$60,0) -> 0 | BR76: =BR46/BR$60 -> 0.0078574411 | BS76: =BE76 -> 0.0067172496
