Workbook
Name Data_Chitieu: #REF!
Name DS_sale_1: #REF!
Name DSsale: #REF!
Name DTR_MaNCC: #REF!
Name DTR_nam: #REF!
Name DTR_nhom: #REF!
Name DTR_sanluong: #REF!
Name DTR_tengoi: #REF!
Name DTR_tenNCC: #REF!
Name DTR_thang: #REF!
Name DTR_Tuan: #REF!
Name KH_NCC: #REF!
Name KH_NHOM: #REF!
Name KH_SL: #REF!
Name KH_TUAN: #REF!
Name NĂM: #REF!
Name nganh: #REF!
Name nhom: #REF!
Name NVL: #REF!
Name sanluong: #REF!
Name SL_PO: #REF!
Name tenncc: #REF!
Name THÁNG: #REF!

Sheet CS Thị trường
B1: CHÍNH SÁCH LƯƠNG VÀ THƯỞNG KPIs CỦA NHÂN SỰ MUA HÀNG THỊ TRƯỜNG
A3: Soạn Thảo | B3: Kiểm tra | C3: Kiểm tra | D3: Xem xét
A6: Nguyễn Trọng Tân | B6: Trần Nhựt Hiện | C6: Trần Thị Tuyết Xuân | D6: Huỳnh Ngọc Thạch
A7: Ngày: / / 2023 | B7: Ngày: / / 2023 | C7: Ngày: / / 2023 | D7: Ngày: / / 2023
A9: DANH MỤC | B9: Nhân viên mua hàng | C9: Giám sát mua hàng | D9: Nhóm trưởng mua hàng
A10: Sản lượng quản lý (Tấn/tháng) | B10: 300 | C10: 600-800 | D10: 1500
A11: Số tỉnh quản lý tối thiểu | B11: 3 | C11: 6-10 | D11: 15-20
A12: Số NCC quản lý tối thiểu | B12: 10 | C12: 15-20 | D12: 25-40
A13: Số nhân viên trực tiếp dưới quyền tối đa | B13: 0 | C13: 2 | D13: 3
A14: I. TỔNG THU NHẬP CĂN BẢN VÀ KPIS | B14: =B16+B18 -> 16300000 | C14: =C16+C18 -> 18700000 | D14: =D16+D18 -> 27000000
A16: 1. THU NHẬP CĂN BẢN | B16: 7300000 | C16: 8700000 | D16: 15000000
A18: 2. THƯỞNG CHỈ TIÊU | B18: =B19+B24 -> 9000000 | C18: =C19+C24 -> 10000000 | D18: =D19+D24 -> 12000000
A19: A. KPI sản lượng (KPI Lagging) | B19: =MAX(B20:B23) -> 8000000 | C19: =MAX(C20:C23) -> 9000000 | D19: =MAX(D20:D23) -> 11000000
A20: 70% <= x <=80% | B20: 3000000 | C20: 4000000 | D20: 6000000
A21: 80% < x <=95% | B21: 4000000 | C21: 5000000 | D21: 7000000
A22: 95% < x <=100% | B22: 6000000 | C22: 7000000 | D22: 9000000
A23: x>100% | B23: 8000000 | C23: 9000000 | D23: 11000000
A24: B. KPIs khác (KPIs Leading) | B24: =B25+B27 -> 1000000 | C24: =C25+C27 -> 1000000 | D24: =D25+D27 -> 1000000
A25: B1. Viếng thăm nhà cung cấp | B25: =B26 -> 500000 | C25: =C26 -> 500000 | D25: =D26 -> 500000
A26: Viếng thăm NCC theo lịch định kỳ được giao, báo cáo đầy đủ, chấp hành nội quy, chuyên cần,… | B26: 500000 | C26: 500000 | D26: 500000 | E26: Bảo cung cấp
A27: B2. Chỉ tiêu mở NCC mới: linh động theo từng tháng. | B27: =B28 -> 500000 | C27: =C28 -> 500000 | D27: =D28 -> 500000
A28: Đạt 100% chỉ tiêu mở mới NCC | B28: 500000 | C28: 500000 | D28: 500000 | E28: Admin miền
A30: II. TỔNG CHI PHÍ | B30: =SUM(B31,B35) -> 9100000 | C30: =SUM(C31,C35) -> 11200000 | D30: =SUM(D31,D35) -> 12200000
A31: 1.TRỢ CẤP CÔNG TÁC | B31: =SUM(B32:B34) -> 3600000 | C31: =SUM(C32:C34) -> 4600000 | D31: =SUM(D32:D34) -> 5600000
A32: Xăng xe | B32: =60000*26 -> 1560000 | C32: =60000*26 -> 1560000 | D32: =60000*26 -> 1560000
A33: Cơm trưa | B33: 1040000 | C33: 1040000 | D33: 1040000
A34: Giao tế | B34: 1000000 | C34: 2000000 | D34: 3000000
A35: 2. KHOÁN CÔNG TÁC TỈNH | B35: =B36+B37 -> 5500000 | C35: =C36+C37 -> 6600000 | D35: =D36+D37 -> 6600000
A36: Khoán công tác đi tỉnh | B36: 4500000 | C36: 5600000 | D36: 5600000
A37: Khoán công tác phí di chuyển về DTR/trạm họp, huấn luyện | B37: 1000000 | C37: 1000000 | D37: 1000000
A38: III. TỔNG THU NHẬP VÀ TRỢ CẤP | B38: =B14+B30 -> 25400000 | C38: =C14+C30 -> 29900000 | D38: =D14+D30 -> 39200000
A40: III. TỔNG THU NHẬP VÀ TRỢ CẤP NĂM 2022 ĐẾN THÁNG 1.2023 | B40: 16010000 | C40: 19410000
A42: CHÊNH LỆCH SO VS CHÍNH SÁCH CŨ | B42: =B38-B40 -> 9390000 | C42: =C38-C40 -> 10490000
A43: Tổng lương 2022 | B43: =B40*7 -> 112070000 | C43: =C40*5 -> 97050000
A44: Tổng lương tăng 2023 | B44: =B38*7 -> 177800000 | C44: =C38*5 -> 149500000
A45: Chênh lệch tổng lương | B45: =B44-B43 -> 65730000 | C45: =C44-C43 -> 52450000
B46: =B44/B43-1 -> 0.58650843 | C46: =C44/C43-1 -> 0.54044307

Sheet CS Admin
B1: CHÍNH SÁCH LƯƠNG VÀ THƯỞNG KPIs CỦA ADMIN DTR&TRẠM
A3: Soạn Thảo | B3: Kiểm tra | C3: Kiểm tra | D3: Xem xét
A6: Nguyễn Trọng Tân | B6: Trần Nhựt Hiện | C6: Trần Thị Tuyết Xuân | D6: Huỳnh Ngọc Thạch
A7: Ngày: / / 2023 | B7: Ngày: / / 2023 | C7: Ngày: / / 2023 | D7: Ngày: / / 2023
A9: DANH MỤC | B9: Admin Trạm | C9: Admin DTR | D9: Tổ Trưởng Admin DTR | E9: Cách tính
A10: Sản lượng quản lý (Tấn/tháng) | B10: 300 | C10: 600-800 | D10: 1500
A11: Số tỉnh quản lý tối thiểu | B11: 3 | C11: 6-10 | D11: 15-20
A12: Số NCC quản lý tối thiểu | B12: 10 | C12: 15-20 | D12: 25-40
A13: Số nhân viên trực tiếp dưới quyền tối đa | B13: 0 | C13: 2 | D13: 3
A14: 1. THƯỞNG CHỈ TIÊU | B14: =B15+B19+B29 -> 3000000 | C14: =C15+C20+C29 -> 3000000 | D14: =D15+D19+D29 -> 2000000
A15: A. KPI sản lượng (KPI Lagging) | B15: =MAX(B16:B18) -> 2000000 | C15: =MAX(C16:C18) -> 2000000 | D15: =MAX(D16:D18) -> 2000000
A16: 70% <= x <=80% | B16: 1000000 | C16: 1000000 | D16: 1000000
A17: 80% < x <=90% | B17: 1500000 | C17: 1500000 | D17: 1500000
A18: 90% < x <=100% | B18: 2000000 | C18: 2000000 | D18: 2000000
A19: B. KPIs khác (KPIs Leading) | D19: =D21+D23+D25+D27 -> 0
A20: B1.1 Nhân viên điều phối DTR | C20: =C22+C24+C26+C28 -> 1000000
A21: 1.Tỷ lệ hoàn thành PO | B21: =B22 -> 0 | C21: =C22 -> 400000 | D21: =D22 -> 0
A22: Đảm bảo các PO ký kết với NCC hoàn thành ≥ 90% | C22: 400000 | D22: 0 | E22: Các PO hoàn thành/ Tổng số PO đã ký trong tháng X $
A23: 2. Giá trị Tiết kiệm | B23: =B24 -> 0 | C23: =C24 -> 200000 | D23: =D24 -> 0 | F23: admin cung cấp
A24: Các PO ký kết với NCC có Giá mua thấp hơn Giá duyệt. | C24: 200000 | D24: 0 | E24: Các PO Giá mua thấp/ Tổng Số PO ký trong tháng X $
A25: 3. Hoàn thành công việc | C25: =C26 -> 200000
A26: Đảm bảo các báo cáo hoàn thành đúng tiến độ, cập nhật số liệu chính xác. | C26: 200000
A27: 4. Khiếu nại Nhà cung cấp | C27: =C28 -> 200000
A28: Đảm bảo không có khiếu nại hoặc tất cả các khiếu nại điều được giải quyết | C28: 200000
A29: B1.2 Nhân viên điều phối Trạm | B29: =B30+B32+B34+B36 -> 1000000 | C29: =C30+C32+C34+C36 -> 0 | D29: =D30+D32+D34+D36 -> 0
A30: 1. Tần suất liên hệ Nhà cung cấp: | B30: =B31 -> 300000 | C30: =C31 -> 0 | D30: =D31 -> 0
A31: Liên hệ tối thiểu 50 nhà cung cấp và 1 Nhà cung cấp liên hệ tối thiếu 2 lần/ tháng | B31: 300000
A32: 2. Duy trì số lượng NCC giao dịch trong tháng | B32: =B33 -> 300000 | C32: =C33 -> 0 | D32: =D33 -> 0
A33: Đảm bảo số NCC giao dịch trong tháng ≥ tháng trước | B33: 300000
A34: 3. Hoàn thành công việc | B34: =B35 -> 200000 | C34: =C35 -> 0 | D34: =D35 -> 0
A35: Đảm bảo các báo cáo hoàn thành đúng tiến độ, cập nhật số liệu chính xác. | B35: 200000
A36: 4. Khiếu nại Nhà cung cấp | B36: =B37 -> 200000 | C36: =C37 -> 0 | D36: =D37 -> 0
A37: Đảm bảo không có khiếu nại hoặc tất cả các khiếu nại điều được giải quyết | B37: 200000
A39: III. TỔNG THU NHẬP VÀ TRỢ CẤP NĂM 2022 ĐẾN THÁNG 1.2023 | B39: 16010000 | C39: 19410000
A41: CHÊNH LỆCH SO VS CHÍNH SÁCH CŨ | B41: =#REF!-B39 -> #REF! | C41: =#REF!-C39 -> #REF!
A42: Tổng lương 2022 | B42: =B39*7 -> 112070000 | C42: =C39*5 -> 97050000
A43: Tổng lương tăng 2023 | B43: =#REF!*7 -> #REF! | C43: =#REF!*5 -> #REF!
A44: Chênh lệch tổng lương | B44: =B43-B42 -> #REF! | C44: =C43-C42 -> #REF!
B45: =B43/B42-1 -> #REF! | C45: =C43/C42-1 -> #REF!

Sheet Thị trường
G1: =SUM(H1:K1) -> 6620 | H1: =SUMIFS('Chỉ tiêu'!$I:$I,'Chỉ tiêu'!$H:$H,'Thị trường'!H$3) -> 3000 | I1: =SUMIFS('Chỉ tiêu'!$I:$I,'Chỉ tiêu'!$H:$H,'Thị trường'!I$3) -> 3090 | J1: =SUMIFS('Chỉ tiêu'!$I:$I,'Chỉ tiêu'!$H:$H,'Thị trường'!J$3) -> 530 | K1: =SUMIFS('Chỉ tiêu'!$I:$I,'Chỉ tiêu'!$H:$H,'Thị trường'!K$3) -> 0 | L1: =SUM(M1:P1) -> 5762.3398 | M1: =SUMIFS('Chỉ tiêu'!$K:$K,'Chỉ tiêu'!$H:$H,'Thị trường'!H$3) -> 2544.518 | N1: =SUMIFS('Chỉ tiêu'!$K:$K,'Chỉ tiêu'!$H:$H,'Thị trường'!I$3) -> 2974.3168 | O1: =SUMIFS('Chỉ tiêu'!$K:$K,'Chỉ tiêu'!$H:$H,'Thị trường'!J$3) -> 243.505 | P1: =SUMIFS('Chỉ tiêu'!$K:$K,'Chỉ tiêu'!$H:$H,'Thị trường'!K$3) -> 0 | Q1: =L1/G1 -> 0.87044408
A2: KPI TÍNH LƯƠNG THÁNG 05/2026 | G2: Chỉ tiêu | L2: Thực đạt
A3: STT | B3: Mã nhân viên | C3: Họ và tên | D3: Chức vụ | E3: CV Kiêm nhiệm | F3: Pis | G3: Tổng | H3: PET vảy | I3: PET chai | J3: HDPE | K3: PP | L3: Tổng | M3: PET vảy | N3: PET chai | O3: HDPE | P3: PP | Q3: % | R3: Thưởng chỉ tiêu | S3: KPI T05/2026
A4: 1 | B4: 90027817 | C4: Nguyễn Thành Dân | D4: Giám sát mua hàng | E4: GS | F4: Sản lượng tất cả sản phẩm rPET, rHDPE, rPP | G4: =SUM(H4:K4) -> 999 | H4: =IF(E4="GS",SUMIFS(Chitieu[Chỉ tiêu],Chitieu[GS],'Thị trường'!C4,Chitieu[[qui đổi ]],'Thị trường'!$H$3),SUMIFS(Chitieu[Chỉ tiêu],Chitieu[NV],'Thị trường'!C4,Chitieu[[qui đổi ]],'Thị trường'!$H$3)) -> 200 | I4: =IF(E4="GS",SUMIFS(Chitieu[Chỉ tiêu],Chitieu[GS],'Thị trường'!C4,Chitieu[[qui đổi ]],'Thị trường'!$I$3),SUMIFS(Chitieu[Chỉ tiêu],Chitieu[NV],'Thị trường'!C4,Chitieu[[qui đổi ]],'Thị trường'!$I$3)) -> 799 | J4: =IF(E4="GS",SUMIFS(Chitieu[Chỉ tiêu],Chitieu[GS],'Thị trường'!C4,Chitieu[[qui đổi ]],'Thị trường'!$J$3),SUMIFS(Chitieu[Chỉ tiêu],Chitieu[NV],'Thị trường'!C4,Chitieu[[qui đổi ]],'Thị trường'!$J$3)) -> 0 | K4: =IF(E4="GS",SUMIFS(Chitieu[Chỉ tiêu],Chitieu[GS],'Thị trường'!C4,Chitieu[[qui đổi ]],'Thị trường'!$K$3),SUMIFS(Chitieu[Chỉ tiêu],Chitieu[NV],'Thị trường'!C4,Chitieu[[qui đổi ]],'Thị trường'!$K$3)) -> 0 | L4: =SUM(M4:P4) -> 805.9778 | M4: =IF(E4="GS",SUMIFS(Chitieu[Thực hiện],Chitieu[GS],'Thị trường'!C4,Chitieu[[qui đổi ]],'Thị trường'!$M$3),SUMIFS(Chitieu[Thực hiện],Chitieu[NV],'Thị trường'!C4,Chitieu[[qui đổi ]],'Thị trường'!$M$3)) -> 94.354 | N4: =IF(E4="GS",SUMIFS(Chitieu[Thực hiện],Chitieu[GS],'Thị trường'!C4,Chitieu[[qui đổi ]],'Thị trường'!$N$3),SUMIFS(Chitieu[Thực hiện],Chitieu[NV],'Thị trường'!C4,Chitieu[[qui đổi ]],'Thị trường'!$N$3)) -> 711.6238 | O4: =IF(E4="GS",SUMIFS(Chitieu[Thực hiện],Chitieu[GS],'Thị trường'!C4,Chitieu[[qui đổi ]],'Thị trường'!$O$3),SUMIFS(Chitieu[Thực hiện],Chitieu[NV],'Thị trường'!C4,Chitieu[[qui đổi ]],'Thị trường'!$O$3)) -> 0 | P4: =IF(E4="GS",SUMIFS(Chitieu[Thực hiện],Chitieu[GS],'Thị trường'!C4,Chitieu[[qui đổi ]],'Thị trường'!$P$3),SUMIFS(Chitieu[Thực hiện],Chitieu[NV],'Thị trường'!C4,Chitieu[[qui đổi ]],'Thị trường'!$P$3)) -> 0 | Q4: =L4/G4 -> 0.80678458 | R4: =IF(AND(Q4>=70%,Q4<=80%),4000000,IF(AND(Q4>80%,Q4<=95%),5000000,IF(AND(Q4>95%,Q4<=100%),7000000,IF(Q4>100%,9000000,0)))) -> 5000000 | S4: =SUM(R4,R5,R6) -> 6000000 | T4: ok
F5: Hoàn thành kế hoạch viếng thăm, gọi điện các NCC. | G5: 1 | L5: 0.905 | Q5: =IF(L5=0,0,L5/G5) -> 0.905 | R5: =IF(Q5>=90%,500000,0) -> 500000
F6: NCC Mới | G6: 0 | L6: =IF(E4="GS",SUMIFS(Table4[Đếm],Table4[Giám sát],'Thị trường'!C4),SUMIFS(Table4[Đếm],Table4[Nhân viên],'Thị trường'!C4)) -> 4 | Q6: =IFERROR((L6/G6),0) -> 0 | R6: =IF(L6>0,500000,0) -> 500000
A7: =A4+1 -> 2 | B7: 90026683 | C7: Nguyễn Duy Tân | D7: Nhân viên mua hàng thị trường | E7: NV | F7: Sản lượng tất cả sản phẩm rPET, rHDPE, rPP | G7: =SUM(H7:K7) -> 465 | H7: =IF(E7="GS",SUMIFS(Chitieu[Chỉ tiêu],Chitieu[GS],'Thị trường'!C7,Chitieu[[qui đổi ]],'Thị trường'!$H$3),SUMIFS(Chitieu[Chỉ tiêu],Chitieu[NV],'Thị trường'!C7,Chitieu[[qui đổi ]],'Thị trường'!$H$3)) -> 200 | I7: =IF(E7="GS",SUMIFS(Chitieu[Chỉ tiêu],Chitieu[GS],'Thị trường'!C7,Chitieu[[qui đổi ]],'Thị trường'!$I$3),SUMIFS(Chitieu[Chỉ tiêu],Chitieu[NV],'Thị trường'!C7,Chitieu[[qui đổi ]],'Thị trường'!$I$3)) -> 265 | J7: =IF(E7="GS",SUMIFS(Chitieu[Chỉ tiêu],Chitieu[GS],'Thị trường'!C7,Chitieu[[qui đổi ]],'Thị trường'!$J$3),SUMIFS(Chitieu[Chỉ tiêu],Chitieu[NV],'Thị trường'!C7,Chitieu[[qui đổi ]],'Thị trường'!$J$3)) -> 0 | K7: =IF(E7="GS",SUMIFS(Chitieu[Chỉ tiêu],Chitieu[GS],'Thị trường'!C7,Chitieu[[qui đổi ]],'Thị trường'!$K$3),SUMIFS(Chitieu[Chỉ tiêu],Chitieu[NV],'Thị trường'!C7,Chitieu[[qui đổi ]],'Thị trường'!$K$3)) -> 0 | L7: =SUM(M7:P7) -> 313.3828 | M7: =IF(E7="GS",SUMIFS(Chitieu[Thực hiện],Chitieu[GS],'Thị trường'!C7,Chitieu[[qui đổi ]],'Thị trường'!$M$3),SUMIFS(Chitieu[Thực hiện],Chitieu[NV],'Thị trường'!C7,Chitieu[[qui đổi ]],'Thị trường'!$M$3)) -> 94.354 | N7: =IF(E7="GS",SUMIFS(Chitieu[Thực hiện],Chitieu[GS],'Thị trường'!C7,Chitieu[[qui đổi ]],'Thị trường'!$N$3),SUMIFS(Chitieu[Thực hiện],Chitieu[NV],'Thị trường'!C7,Chitieu[[qui đổi ]],'Thị trường'!$N$3)) -> 219.0288 | O7: =IF(E7="GS",SUMIFS(Chitieu[Thực hiện],Chitieu[GS],'Thị trường'!C7,Chitieu[[qui đổi ]],'Thị trường'!$O$3),SUMIFS(Chitieu[Thực hiện],Chitieu[NV],'Thị trường'!C7,Chitieu[[qui đổi ]],'Thị trường'!$O$3)) -> 0 | P7: =IF(E7="GS",SUMIFS(Chitieu[Thực hiện],Chitieu[GS],'Thị trường'!C7,Chitieu[[qui đổi ]],'Thị trường'!$P$3),SUMIFS(Chitieu[Thực hiện],Chitieu[NV],'Thị trường'!C7,Chitieu[[qui đổi ]],'Thị trường'!$P$3)) -> 0 | Q7: =IFERROR((L7/G7),0) -> 0.67394151 | R7: =IF(AND(Q7>=70%,Q7<=80%),3000000,IF(AND(Q7>80%,Q7<=95%),4000000,IF(AND(Q7>95%,Q7<=100%),6000000,IF(Q7>100%,8000000,0)))) -> 0 | S7: =SUM(R7,R8,R9) -> 1000000 | T7: ok
F8: Hoàn thành kế hoạch viếng thăm, gọi điện các NCC. | G8: 0.9 | L8: 0.896 | Q8: =IF(L8=0,0,L8/G8) -> 0.99555556 | R8: =IF(Q8>=90%,500000,0) -> 500000
F9: NCC Mới | G9: 0 | L9: =IF(E7="GS",SUMIFS(Table4[Đếm],Table4[Giám sát],'Thị trường'!C7),SUMIFS(Table4[Đếm],Table4[Nhân viên],'Thị trường'!C7)) -> 2 | Q9: =IFERROR((L9/G9),0) -> 0 | R9: =IF(L9>0,500000,0) -> 500000
A10: =A7+1 -> 3 | B10: 90024356 | C10: Lâm Đỗ Anh Hào | D10: Nhân viên mua hàng thị trường | E10: NV | F10: Sản lượng tất cả sản phẩm rPET, rHDPE, rPP | G10: =SUM(H10:K10) -> 534 | H10: =IF(E10="GS",SUMIFS(Chitieu[Chỉ tiêu],Chitieu[GS],'Thị trường'!C10,Chitieu[[qui đổi ]],'Thị trường'!$H$3),SUMIFS(Chitieu[Chỉ tiêu],Chitieu[NV],'Thị trường'!C10,Chitieu[[qui đổi ]],'Thị trường'!$H$3)) -> 0 | I10: =IF(E10="GS",SUMIFS(Chitieu[Chỉ tiêu],Chitieu[GS],'Thị trường'!C10,Chitieu[[qui đổi ]],'Thị trường'!$I$3),SUMIFS(Chitieu[Chỉ tiêu],Chitieu[NV],'Thị trường'!C10,Chitieu[[qui đổi ]],'Thị trường'!$I$3)) -> 534 | J10: =IF(E10="GS",SUMIFS(Chitieu[Chỉ tiêu],Chitieu[GS],'Thị trường'!C10,Chitieu[[qui đổi ]],'Thị trường'!$J$3),SUMIFS(Chitieu[Chỉ tiêu],Chitieu[NV],'Thị trường'!C10,Chitieu[[qui đổi ]],'Thị trường'!$J$3)) -> 0 | K10: =IF(E10="GS",SUMIFS(Chitieu[Chỉ tiêu],Chitieu[GS],'Thị trường'!C10,Chitieu[[qui đổi ]],'Thị trường'!$K$3),SUMIFS(Chitieu[Chỉ tiêu],Chitieu[NV],'Thị trường'!C10,Chitieu[[qui đổi ]],'Thị trường'!$K$3)) -> 0 | L10: =SUM(M10:P10) -> 492.595 | M10: =IF(E10="GS",SUMIFS(Chitieu[Thực hiện],Chitieu[GS],'Thị trường'!C10,Chitieu[[qui đổi ]],'Thị trường'!$M$3),SUMIFS(Chitieu[Thực hiện],Chitieu[NV],'Thị trường'!C10,Chitieu[[qui đổi ]],'Thị trường'!$M$3)) -> 0 | N10: =IF(E10="GS",SUMIFS(Chitieu[Thực hiện],Chitieu[GS],'Thị trường'!C10,Chitieu[[qui đổi ]],'Thị trường'!$N$3),SUMIFS(Chitieu[Thực hiện],Chitieu[NV],'Thị trường'!C10,Chitieu[[qui đổi ]],'Thị trường'!$N$3)) -> 492.595 | O10: =IF(E10="GS",SUMIFS(Chitieu[Thực hiện],Chitieu[GS],'Thị trường'!C10,Chitieu[[qui đổi ]],'Thị trường'!$O$3),SUMIFS(Chitieu[Thực hiện],Chitieu[NV],'Thị trường'!C10,Chitieu[[qui đổi ]],'Thị trường'!$O$3)) -> 0 | P10: =IF(E10="GS",SUMIFS(Chitieu[Thực hiện],Chitieu[GS],'Thị trường'!C10,Chitieu[[qui đổi ]],'Thị trường'!$P$3),SUMIFS(Chitieu[Thực hiện],Chitieu[NV],'Thị trường'!C10,Chitieu[[qui đổi ]],'Thị trường'!$P$3)) -> 0 | Q10: =IFERROR((L10/G10),0) -> 0.92246255 | R10: =IF(AND(Q10>=70%,Q10<=80%),3000000,IF(AND(Q10>80%,Q10<=95%),4000000,IF(AND(Q10>95%,Q10<=100%),6000000,IF(Q10>100%,8000000,0)))) -> 4000000 | S10: =SUM(R10,R11,R12) -> 5000000 | T10: ok
F11: Hoàn thành kế hoạch viếng thăm, gọi điện các NCC. | G11: 0.9 | L11: 1 | Q11: =IF(L11=0,0,L11/G11) -> 1.1111111 | R11: =IF(Q11>=90%,500000,0) -> 500000
F12: NCC Mới | G12: 0 | L12: =IF(E10="GS",SUMIFS(Table4[Đếm],Table4[Giám sát],'Thị trường'!C10),SUMIFS(Table4[Đếm],Table4[Nhân viên],'Thị trường'!C10)) -> 2 | Q12: =IFERROR((L12/G12),0) -> 0 | R12: =IF(L12>0,500000,0) -> 500000
A13: =A10+1 -> 4 | B13: 90024839 | C13: Phạm Huỳnh Hữu Lộc | D13: Giám sát mua hàng | E13: GS | F13: Sản lượng tất cả sản phẩm rPET, rHDPE, rPP | G13: =SUM(H13:K13) -> 966 | H13: =IF(E13="GS",SUMIFS(Chitieu[Chỉ tiêu],Chitieu[GS],'Thị trường'!C13,Chitieu[[qui đổi ]],'Thị trường'!$H$3),SUMIFS(Chitieu[Chỉ tiêu],Chitieu[NV],'Thị trường'!C13,Chitieu[[qui đổi ]],'Thị trường'!$H$3)) -> 0 | I13: =IF(E13="GS",SUMIFS(Chitieu[Chỉ tiêu],Chitieu[GS],'Thị trường'!C13,Chitieu[[qui đổi ]],'Thị trường'!$I$3),SUMIFS(Chitieu[Chỉ tiêu],Chitieu[NV],'Thị trường'!C13,Chitieu[[qui đổi ]],'Thị trường'!$I$3)) -> 916 | J13: =IF(E13="GS",SUMIFS(Chitieu[Chỉ tiêu],Chitieu[GS],'Thị trường'!C13,Chitieu[[qui đổi ]],'Thị trường'!$J$3),SUMIFS(Chitieu[Chỉ tiêu],Chitieu[NV],'Thị trường'!C13,Chitieu[[qui đổi ]],'Thị trường'!$J$3)) -> 50 | K13: =IF(E13="GS",SUMIFS(Chitieu[Chỉ tiêu],Chitieu[GS],'Thị trường'!C13,Chitieu[[qui đổi ]],'Thị trường'!$K$3),SUMIFS(Chitieu[Chỉ tiêu],Chitieu[NV],'Thị trường'!C13,Chitieu[[qui đổi ]],'Thị trường'!$K$3)) -> 0 | L13: =SUM(M13:P13) -> 853.937 | M13: =IF(E13="GS",SUMIFS(Chitieu[Thực hiện],Chitieu[GS],'Thị trường'!C13,Chitieu[[qui đổi ]],'Thị trường'!$M$3),SUMIFS(Chitieu[Thực hiện],Chitieu[NV],'Thị trường'!C13,Chitieu[[qui đổi ]],'Thị trường'!$M$3)) -> 0 | N13: =IF(E13="GS",SUMIFS(Chitieu[Thực hiện],Chitieu[GS],'Thị trường'!C13,Chitieu[[qui đổi ]],'Thị trường'!$N$3),SUMIFS(Chitieu[Thực hiện],Chitieu[NV],'Thị trường'!C13,Chitieu[[qui đổi ]],'Thị trường'!$N$3)) -> 850.411 | O13: =IF(E13="GS",SUMIFS(Chitieu[Thực hiện],Chitieu[GS],'Thị trường'!C13,Chitieu[[qui đổi ]],'Thị trường'!$O$3),SUMIFS(Chitieu[Thực hiện],Chitieu[NV],'Thị trường'!C13,Chitieu[[qui đổi ]],'Thị trường'!$O$3)) -> 3.526 | P13: =IF(E13="GS",SUMIFS(Chitieu[Thực hiện],Chitieu[GS],'Thị trường'!C13,Chitieu[[qui đổi ]],'Thị trường'!$P$3),SUMIFS(Chitieu[Thực hiện],Chitieu[NV],'Thị trường'!C13,Chitieu[[qui đổi ]],'Thị trường'!$P$3)) -> 0 | Q13: =IFERROR((L13/G13),0) -> 0.88399275 | R13: =IF(AND(Q13>=70%,Q13<=80%),4000000,IF(AND(Q13>80%,Q13<=95%),5000000,IF(AND(Q13>95%,Q13<=100%),7000000,IF(Q13>100%,9000000,0)))) -> 5000000 | S13: =SUM(R13,R14,R15) -> 6000000 | T13: ok
F14: Hoàn thành kế hoạch viếng thăm, gọi điện các NCC. | G14: 0.9 | L14: 0.91 | Q14: =IF(L14=0,0,L14/G14) -> 1.0111111 | R14: =IF(Q14>=90%,500000,0) -> 500000
F15: NCC Mới | G15: 0 | L15: =IF(E13="GS",SUMIFS(Table4[Đếm],Table4[Giám sát],'Thị trường'!C13),SUMIFS(Table4[Đếm],Table4[Nhân viên],'Thị trường'!C13)) -> 7 | Q15: =IFERROR((L15/G15),0) -> 0 | R15: =IF(L15>0,500000,0) -> 500000
A16: =A13+1 -> 5 | B16: 90024169 | C16: Nguyễn Ngọc Lâm | D16: Giám sát mua hàng | E16: NV | F16: Sản lượng tất cả sản phẩm rPET, rHDPE, rPP | G16: =SUM(H16:K16) -> 181 | H16: =IF(E16="GS",SUMIFS(Chitieu[Chỉ tiêu],Chitieu[GS],'Thị trường'!C16,Chitieu[[qui đổi ]],'Thị trường'!$H$3),SUMIFS(Chitieu[Chỉ tiêu],Chitieu[NV],'Thị trường'!C16,Chitieu[[qui đổi ]],'Thị trường'!$H$3)) -> 0 | I16: =IF(E16="GS",SUMIFS(Chitieu[Chỉ tiêu],Chitieu[GS],'Thị trường'!C16,Chitieu[[qui đổi ]],'Thị trường'!$I$3),SUMIFS(Chitieu[Chỉ tiêu],Chitieu[NV],'Thị trường'!C16,Chitieu[[qui đổi ]],'Thị trường'!$I$3)) -> 181 | J16: =IF(E16="GS",SUMIFS(Chitieu[Chỉ tiêu],Chitieu[GS],'Thị trường'!C16,Chitieu[[qui đổi ]],'Thị trường'!$J$3),SUMIFS(Chitieu[Chỉ tiêu],Chitieu[NV],'Thị trường'!C16,Chitieu[[qui đổi ]],'Thị trường'!$J$3)) -> 0 | K16: =IF(E16="GS",SUMIFS(Chitieu[Chỉ tiêu],Chitieu[GS],'Thị trường'!C16,Chitieu[[qui đổi ]],'Thị trường'!$K$3),SUMIFS(Chitieu[Chỉ tiêu],Chitieu[NV],'Thị trường'!C16,Chitieu[[qui đổi ]],'Thị trường'!$K$3)) -> 0 | L16: =SUM(M16:P16) -> 165.808 | M16: =IF(E16="GS",SUMIFS(Chitieu[Thực hiện],Chitieu[GS],'Thị trường'!C16,Chitieu[[qui đổi ]],'Thị trường'!$M$3),SUMIFS(Chitieu[Thực hiện],Chitieu[NV],'Thị trường'!C16,Chitieu[[qui đổi ]],'Thị trường'!$M$3)) -> 0 | N16: =IF(E16="GS",SUMIFS(Chitieu[Thực hiện],Chitieu[GS],'Thị trường'!C16,Chitieu[[qui đổi ]],'Thị trường'!$N$3),SUMIFS(Chitieu[Thực hiện],Chitieu[NV],'Thị trường'!C16,Chitieu[[qui đổi ]],'Thị trường'!$N$3)) -> 165.808 | O16: =IF(E16="GS",SUMIFS(Chitieu[Thực hiện],Chitieu[GS],'Thị trường'!C16,Chitieu[[qui đổi ]],'Thị trường'!$O$3),SUMIFS(Chitieu[Thực hiện],Chitieu[NV],'Thị trường'!C16,Chitieu[[qui đổi ]],'Thị trường'!$O$3)) -> 0 | P16: =IF(E16="GS",SUMIFS(Chitieu[Thực hiện],Chitieu[GS],'Thị trường'!C16,Chitieu[[qui đổi ]],'Thị trường'!$P$3),SUMIFS(Chitieu[Thực hiện],Chitieu[NV],'Thị trường'!C16,Chitieu[[qui đổi ]],'Thị trường'!$P$3)) -> 0 | Q16: =IFERROR((L16/G16),0) -> 0.9160663 | R16: =IF(AND(Q16>=70%,Q16<=80%),4000000,IF(AND(Q16>80%,Q16<=95%),5000000,IF(AND(Q16>95%,Q16<=100%),7000000,IF(Q16>100%,9000000,0)))) -> 5000000 | S16: =SUM(R16,R17,R18) -> 6000000 | T16: ok
F17: Hoàn thành kế hoạch viếng thăm, gọi điện các NCC. | G17: 0.9 | L17: 0.94 | Q17: =IF(L17=0,0,L17/G17) -> 1.0444444 | R17: =IF(Q17>=90%,500000,0) -> 500000
F18: NCC Mới | G18: 0 | L18: =IF(E16="GS",SUMIFS(Table4[Đếm],Table4[Giám sát],'Thị trường'!C16),SUMIFS(Table4[Đếm],Table4[Nhân viên],'Thị trường'!C16)) -> 3 | Q18: =IFERROR((L18/G18),0) -> 0 | R18: =IF(L18>0,500000,0) -> 500000
A19: 6 | B19: 90024358 | C19: Thái Tân Văn | D19: Nhân viên mua hàng thị trường | E19: NV | F19: Sản lượng tất cả sản phẩm rPET, rHDPE, rPP | G19: =SUM(H19:K19) -> 123 | H19: =IF(E19="GS",SUMIFS(Chitieu[Chỉ tiêu],Chitieu[GS],'Thị trường'!C19,Chitieu[[qui đổi ]],'Thị trường'!$H$3),SUMIFS(Chitieu[Chỉ tiêu],Chitieu[NV],'Thị trường'!C19,Chitieu[[qui đổi ]],'Thị trường'!$H$3)) -> 0 | I19: =IF(E19="GS",SUMIFS(Chitieu[Chỉ tiêu],Chitieu[GS],'Thị trường'!C19,Chitieu[[qui đổi ]],'Thị trường'!$I$3),SUMIFS(Chitieu[Chỉ tiêu],Chitieu[NV],'Thị trường'!C19,Chitieu[[qui đổi ]],'Thị trường'!$I$3)) -> 123 | J19: =IF(E19="GS",SUMIFS(Chitieu[Chỉ tiêu],Chitieu[GS],'Thị trường'!C19,Chitieu[[qui đổi ]],'Thị trường'!$J$3),SUMIFS(Chitieu[Chỉ tiêu],Chitieu[NV],'Thị trường'!C19,Chitieu[[qui đổi ]],'Thị trường'!$J$3)) -> 0 | K19: =IF(E19="GS",SUMIFS(Chitieu[Chỉ tiêu],Chitieu[GS],'Thị trường'!C19,Chitieu[[qui đổi ]],'Thị trường'!$K$3),SUMIFS(Chitieu[Chỉ tiêu],Chitieu[NV],'Thị trường'!C19,Chitieu[[qui đổi ]],'Thị trường'!$K$3)) -> 0 | L19: =SUM(M19:P19) -> 147.589 | M19: =IF(E19="GS",SUMIFS(Chitieu[Thực hiện],Chitieu[GS],'Thị trường'!C19,Chitieu[[qui đổi ]],'Thị trường'!$M$3),SUMIFS(Chitieu[Thực hiện],Chitieu[NV],'Thị trường'!C19,Chitieu[[qui đổi ]],'Thị trường'!$M$3)) -> 0 | N19: =IF(E19="GS",SUMIFS(Chitieu[Thực hiện],Chitieu[GS],'Thị trường'!C19,Chitieu[[qui đổi ]],'Thị trường'!$N$3),SUMIFS(Chitieu[Thực hiện],Chitieu[NV],'Thị trường'!C19,Chitieu[[qui đổi ]],'Thị trường'!$N$3)) -> 147.589 | O19: =IF(E19="GS",SUMIFS(Chitieu[Thực hiện],Chitieu[GS],'Thị trường'!C19,Chitieu[[qui đổi ]],'Thị trường'!$O$3),SUMIFS(Chitieu[Thực hiện],Chitieu[NV],'Thị trường'!C19,Chitieu[[qui đổi ]],'Thị trường'!$O$3)) -> 0 | P19: =IF(E19="GS",SUMIFS(Chitieu[Thực hiện],Chitieu[GS],'Thị trường'!C19,Chitieu[[qui đổi ]],'Thị trường'!$P$3),SUMIFS(Chitieu[Thực hiện],Chitieu[NV],'Thị trường'!C19,Chitieu[[qui đổi ]],'Thị trường'!$P$3)) -> 0 | Q19: =IFERROR((L19/G19),0) -> 1.1999106 | R19: =IF(AND(Q19>=70%,Q19<=80%),3000000,IF(AND(Q19>80%,Q19<=95%),4000000,IF(AND(Q19>95%,Q19<=100%),6000000,IF(Q19>100%,8000000,0)))) -> 8000000 | S19: =SUM(R19,R20,R21) -> 8000000 | T19: ok
F20: Hoàn thành kế hoạch viếng thăm, gọi điện các NCC. | G20: 0.9 | L20: 0.66 | Q20: =IF(L20=0,0,L20/G20) -> 0.73333333 | R20: =IF(Q20>=90%,500000,0) -> 0
F21: NCC Mới | G21: 0 | L21: =IF(E19="GS",SUMIFS(Table4[Đếm],Table4[Giám sát],'Thị trường'!C19),SUMIFS(Table4[Đếm],Table4[Nhân viên],'Thị trường'!C19)) -> 0 | Q21: =IFERROR((L21/G21),0) -> 0 | R21: =IF(L21>0,500000,0) -> 0
A22: 7 | B22: 90027819 | C22: Lê Quốc Việt | D22: Nhân viên mua hàng thị trường | E22: NV | F22: Sản lượng tất cả sản phẩm rPET, rHDPE, rPP | G22: =SUM(H22:K22) -> 398 | H22: =IF(E22="GS",SUMIFS(Chitieu[Chỉ tiêu],Chitieu[GS],'Thị trường'!C22,Chitieu[[qui đổi ]],'Thị trường'!$H$3),SUMIFS(Chitieu[Chỉ tiêu],Chitieu[NV],'Thị trường'!C22,Chitieu[[qui đổi ]],'Thị trường'!$H$3)) -> 0 | I22: =IF(E22="GS",SUMIFS(Chitieu[Chỉ tiêu],Chitieu[GS],'Thị trường'!C22,Chitieu[[qui đổi ]],'Thị trường'!$I$3),SUMIFS(Chitieu[Chỉ tiêu],Chitieu[NV],'Thị trường'!C22,Chitieu[[qui đổi ]],'Thị trường'!$I$3)) -> 348 | J22: =IF(E22="GS",SUMIFS(Chitieu[Chỉ tiêu],Chitieu[GS],'Thị trường'!C22,Chitieu[[qui đổi ]],'Thị trường'!$J$3),SUMIFS(Chitieu[Chỉ tiêu],Chitieu[NV],'Thị trường'!C22,Chitieu[[qui đổi ]],'Thị trường'!$J$3)) -> 50 | K22: =IF(E22="GS",SUMIFS(Chitieu[Chỉ tiêu],Chitieu[GS],'Thị trường'!C22,Chitieu[[qui đổi ]],'Thị trường'!$K$3),SUMIFS(Chitieu[Chỉ tiêu],Chitieu[NV],'Thị trường'!C22,Chitieu[[qui đổi ]],'Thị trường'!$K$3)) -> 0 | L22: =SUM(M22:P22) -> 322.69 | M22: =IF(E22="GS",SUMIFS(Chitieu[Thực hiện],Chitieu[GS],'Thị trường'!C22,Chitieu[[qui đổi ]],'Thị trường'!$M$3),SUMIFS(Chitieu[Thực hiện],Chitieu[NV],'Thị trường'!C22,Chitieu[[qui đổi ]],'Thị trường'!$M$3)) -> 0 | N22: =IF(E22="GS",SUMIFS(Chitieu[Thực hiện],Chitieu[GS],'Thị trường'!C22,Chitieu[[qui đổi ]],'Thị trường'!$N$3),SUMIFS(Chitieu[Thực hiện],Chitieu[NV],'Thị trường'!C22,Chitieu[[qui đổi ]],'Thị trường'!$N$3)) -> 319.164 | O22: =IF(E22="GS",SUMIFS(Chitieu[Thực hiện],Chitieu[GS],'Thị trường'!C22,Chitieu[[qui đổi ]],'Thị trường'!$O$3),SUMIFS(Chitieu[Thực hiện],Chitieu[NV],'Thị trường'!C22,Chitieu[[qui đổi ]],'Thị trường'!$O$3)) -> 3.526 | P22: =IF(E22="GS",SUMIFS(Chitieu[Thực hiện],Chitieu[GS],'Thị trường'!C22,Chitieu[[qui đổi ]],'Thị trường'!$P$3),SUMIFS(Chitieu[Thực hiện],Chitieu[NV],'Thị trường'!C22,Chitieu[[qui đổi ]],'Thị trường'!$P$3)) -> 0 | Q22: =IFERROR((L22/G22),0) -> 0.81077889 | R22: =IF(AND(Q22>=70%,Q22<=80%),3000000,IF(AND(Q22>80%,Q22<=95%),4000000,IF(AND(Q22>95%,Q22<=100%),6000000,IF(Q22>100%,8000000,0)))) -> 4000000 | S22: =SUM(R22,R23,R24) -> 5000000 | T22: ok
F23: Hoàn thành kế hoạch viếng thăm, gọi điện các NCC. | G23: 0.9 | L23: 0.843 | Q23: =IF(L23=0,0,L23/G23) -> 0.93666667 | R23: =IF(Q23>=90%,500000,0) -> 500000
F24: NCC Mới | G24: 0 | L24: =IF(E22="GS",SUMIFS(Table4[Đếm],Table4[Giám sát],'Thị trường'!C22),SUMIFS(Table4[Đếm],Table4[Nhân viên],'Thị trường'!C22)) -> 3 | Q24: =IFERROR((L9/G9),0) -> 0 | R24: =IF(L24>0,500000,0) -> 500000
A25: 8 | B25: 90024168 | C25: Đặng Nguyễn Hoàng Lộc | D25: Giám sát mua hàng | E25: GS | F25: Sản lượng tất cả sản phẩm rPET, rHDPE, rPP | G25: =SUM(H25:K25) -> 3090 | H25: =IF(E25="GS",SUMIFS(Chitieu[Chỉ tiêu],Chitieu[GS],'Thị trường'!C25,Chitieu[[qui đổi ]],'Thị trường'!$H$3),SUMIFS(Chitieu[Chỉ tiêu],Chitieu[NV],'Thị trường'!C25,Chitieu[[qui đổi ]],'Thị trường'!$H$3)) -> 2100 | I25: =IF(E25="GS",SUMIFS(Chitieu[Chỉ tiêu],Chitieu[GS],'Thị trường'!C25,Chitieu[[qui đổi ]],'Thị trường'!$I$3),SUMIFS(Chitieu[Chỉ tiêu],Chitieu[NV],'Thị trường'!C25,Chitieu[[qui đổi ]],'Thị trường'!$I$3)) -> 510 | J25: =IF(E25="GS",SUMIFS(Chitieu[Chỉ tiêu],Chitieu[GS],'Thị trường'!C25,Chitieu[[qui đổi ]],'Thị trường'!$J$3),SUMIFS(Chitieu[Chỉ tiêu],Chitieu[NV],'Thị trường'!C25,Chitieu[[qui đổi ]],'Thị trường'!$J$3)) -> 480 | K25: =IF(E25="GS",SUMIFS(Chitieu[Chỉ tiêu],Chitieu[GS],'Thị trường'!C25,Chitieu[[qui đổi ]],'Thị trường'!$K$3),SUMIFS(Chitieu[Chỉ tiêu],Chitieu[NV],'Thị trường'!C25,Chitieu[[qui đổi ]],'Thị trường'!$K$3)) -> 0 | L25: =SUM(M25:P25) -> 3142.449 | M25: =IF(E25="GS",SUMIFS(Chitieu[Thực hiện],Chitieu[GS],'Thị trường'!C25,Chitieu[[qui đổi ]],'Thị trường'!$M$3),SUMIFS(Chitieu[Thực hiện],Chitieu[NV],'Thị trường'!C25,Chitieu[[qui đổi ]],'Thị trường'!$M$3)) -> 2362.04 | N25: =IF(E25="GS",SUMIFS(Chitieu[Thực hiện],Chitieu[GS],'Thị trường'!C25,Chitieu[[qui đổi ]],'Thị trường'!$N$3),SUMIFS(Chitieu[Thực hiện],Chitieu[NV],'Thị trường'!C25,Chitieu[[qui đổi ]],'Thị trường'!$N$3)) -> 543.518 | O25: =IF(E25="GS",SUMIFS(Chitieu[Thực hiện],Chitieu[GS],'Thị trường'!C25,Chitieu[[qui đổi ]],'Thị trường'!$O$3),SUMIFS(Chitieu[Thực hiện],Chitieu[NV],'Thị trường'!C25,Chitieu[[qui đổi ]],'Thị trường'!$O$3)) -> 236.891 | P25: =IF(E25="GS",SUMIFS(Chitieu[Thực hiện],Chitieu[GS],'Thị trường'!C25,Chitieu[[qui đổi ]],'Thị trường'!$P$3),SUMIFS(Chitieu[Thực hiện],Chitieu[NV],'Thị trường'!C25,Chitieu[[qui đổi ]],'Thị trường'!$P$3)) -> 0 | Q25: =IFERROR((L25/G25),0) -> 1.0169738 | R25: =IF(AND(Q25>=70%,Q25<=80%),4000000,IF(AND(Q25>80%,Q25<=95%),5000000,IF(AND(Q25>95%,Q25<=100%),7000000,IF(Q25>100%,9000000,0)))) -> 9000000 | S25: =SUM(R25,R26,R27) -> 10000000 | T25: ok
F26: Hoàn thành kế hoạch viếng thăm, gọi điện các NCC. | G26: 0.9 | L26: 0.95 | Q26: =IF(L26=0,0,L26/G26) -> 1.0555556 | R26: =IF(Q26>=90%,500000,0) -> 500000
F27: NCC Mới | G27: 0 | L27: =IF(E25="GS",SUMIFS(Table4[Đếm],Table4[Giám sát],'Thị trường'!C25),SUMIFS(Table4[Đếm],Table4[Nhân viên],'Thị trường'!C25)) -> 4 | Q27: =IFERROR((L9/G9),0) -> 0 | R27: =IF(L27>0,500000,0) -> 500000
A28: 9 | B28: 90026395 | C28: Bùi Vũ Thanh Huy | D28: Nhân viên mua hàng thị trường | E28: NV | F28: Sản lượng tất cả sản phẩm rPET, rHDPE, rPP | G28: =SUM(H28:K28) -> 2420 | H28: =IF(E28="GS",SUMIFS(Chitieu[Chỉ tiêu],Chitieu[GS],'Thị trường'!C28,Chitieu[[qui đổi ]],'Thị trường'!$H$3),SUMIFS(Chitieu[Chỉ tiêu],Chitieu[NV],'Thị trường'!C28,Chitieu[[qui đổi ]],'Thị trường'!$H$3)) -> 1900 | I28: =IF(E28="GS",SUMIFS(Chitieu[Chỉ tiêu],Chitieu[GS],'Thị trường'!C28,Chitieu[[qui đổi ]],'Thị trường'!$I$3),SUMIFS(Chitieu[Chỉ tiêu],Chitieu[NV],'Thị trường'!C28,Chitieu[[qui đổi ]],'Thị trường'!$I$3)) -> 40 | J28: =IF(E28="GS",SUMIFS(Chitieu[Chỉ tiêu],Chitieu[GS],'Thị trường'!C28,Chitieu[[qui đổi ]],'Thị trường'!$J$3),SUMIFS(Chitieu[Chỉ tiêu],Chitieu[NV],'Thị trường'!C28,Chitieu[[qui đổi ]],'Thị trường'!$J$3)) -> 480 | K28: =IF(E28="GS",SUMIFS(Chitieu[Chỉ tiêu],Chitieu[GS],'Thị trường'!C28,Chitieu[[qui đổi ]],'Thị trường'!$K$3),SUMIFS(Chitieu[Chỉ tiêu],Chitieu[NV],'Thị trường'!C28,Chitieu[[qui đổi ]],'Thị trường'!$K$3)) -> 0 | L28: =SUM(M28:P28) -> 2818.495 | M28: =IF(E28="GS",SUMIFS(Chitieu[Thực hiện],Chitieu[GS],'Thị trường'!C28,Chitieu[[qui đổi ]],'Thị trường'!$M$3),SUMIFS(Chitieu[Thực hiện],Chitieu[NV],'Thị trường'!C28,Chitieu[[qui đổi ]],'Thị trường'!$M$3)) -> 2362.04 | N28: =IF(E28="GS",SUMIFS(Chitieu[Thực hiện],Chitieu[GS],'Thị trường'!C28,Chitieu[[qui đổi ]],'Thị trường'!$N$3),SUMIFS(Chitieu[Thực hiện],Chitieu[NV],'Thị trường'!C28,Chitieu[[qui đổi ]],'Thị trường'!$N$3)) -> 250.968 | O28: =IF(E28="GS",SUMIFS(Chitieu[Thực hiện],Chitieu[GS],'Thị trường'!C28,Chitieu[[qui đổi ]],'Thị trường'!$O$3),SUMIFS(Chitieu[Thực hiện],Chitieu[NV],'Thị trường'!C28,Chitieu[[qui đổi ]],'Thị trường'!$O$3)) -> 205.487 | P28: =IF(E28="GS",SUMIFS(Chitieu[Thực hiện],Chitieu[GS],'Thị trường'!C28,Chitieu[[qui đổi ]],'Thị trường'!$P$3),SUMIFS(Chitieu[Thực hiện],Chitieu[NV],'Thị trường'!C28,Chitieu[[qui đổi ]],'Thị trường'!$P$3)) -> 0 | Q28: =IFERROR((L28/G28),0) -> 1.1646674 | R28: =IF(AND(Q28>=70%,Q28<=80%),3000000,IF(AND(Q28>80%,Q28<=95%),4000000,IF(AND(Q28>95%,Q28<=100%),6000000,IF(Q28>100%,8000000,0)))) -> 8000000 | S28: =SUM(R28,R29,R30) -> 8500000 | T28: ok
F29: Hoàn thành kế hoạch viếng thăm, gọi điện các NCC. | G29: 0.9 | L29: 0.99 | Q29: =IF(L29=0,0,L29/G29) -> 1.1 | R29: =IF(Q29>=90%,500000,0) -> 500000
F30: NCC Mới | G30: 0 | L30: =IF(E28="GS",SUMIFS(Table4[Đếm],Table4[Giám sát],'Thị trường'!C28),SUMIFS(Table4[Đếm],Table4[Nhân viên],'Thị trường'!C28)) -> 0 | Q30: =IFERROR((L9/G9),0) -> 0 | R30: =IF(L30>0,500000,0) -> 0
A31: 10 | B31: 90024315 | C31: Nguyễn Văn Phú | D31: Nhân viên mua hàng thị trường | E31: NV | F31: Sản lượng tất cả sản phẩm rPET, rHDPE, rPP | G31: =SUM(H31:K31) -> 240 | H31: =IF(E31="GS",SUMIFS(Chitieu[Chỉ tiêu],Chitieu[GS],'Thị trường'!C31,Chitieu[[qui đổi ]],'Thị trường'!$H$3),SUMIFS(Chitieu[Chỉ tiêu],Chitieu[NV],'Thị trường'!C31,Chitieu[[qui đổi ]],'Thị trường'!$H$3)) -> 0 | I31: =IF(E31="GS",SUMIFS(Chitieu[Chỉ tiêu],Chitieu[GS],'Thị trường'!C31,Chitieu[[qui đổi ]],'Thị trường'!$I$3),SUMIFS(Chitieu[Chỉ tiêu],Chitieu[NV],'Thị trường'!C31,Chitieu[[qui đổi ]],'Thị trường'!$I$3)) -> 240 | J31: =IF(E31="GS",SUMIFS(Chitieu[Chỉ tiêu],Chitieu[GS],'Thị trường'!C31,Chitieu[[qui đổi ]],'Thị trường'!$J$3),SUMIFS(Chitieu[Chỉ tiêu],Chitieu[NV],'Thị trường'!C31,Chitieu[[qui đổi ]],'Thị trường'!$J$3)) -> 0 | K31: =IF(E31="GS",SUMIFS(Chitieu[Chỉ tiêu],Chitieu[GS],'Thị trường'!C31,Chitieu[[qui đổi ]],'Thị trường'!$K$3),SUMIFS(Chitieu[Chỉ tiêu],Chitieu[NV],'Thị trường'!C31,Chitieu[[qui đổi ]],'Thị trường'!$K$3)) -> 0 | L31: =SUM(M31:P31) -> 98.027 | M31: =IF(E31="GS",SUMIFS(Chitieu[Thực hiện],Chitieu[GS],'Thị trường'!C31,Chitieu[[qui đổi ]],'Thị trường'!$M$3),SUMIFS(Chitieu[Thực hiện],Chitieu[NV],'Thị trường'!C31,Chitieu[[qui đổi ]],'Thị trường'!$M$3)) -> 0 | N31: =IF(E31="GS",SUMIFS(Chitieu[Thực hiện],Chitieu[GS],'Thị trường'!C31,Chitieu[[qui đổi ]],'Thị trường'!$N$3),SUMIFS(Chitieu[Thực hiện],Chitieu[NV],'Thị trường'!C31,Chitieu[[qui đổi ]],'Thị trường'!$N$3)) -> 66.623 | O31: =IF(E31="GS",SUMIFS(Chitieu[Thực hiện],Chitieu[GS],'Thị trường'!C31,Chitieu[[qui đổi ]],'Thị trường'!$O$3),SUMIFS(Chitieu[Thực hiện],Chitieu[NV],'Thị trường'!C31,Chitieu[[qui đổi ]],'Thị trường'!$O$3)) -> 31.404 | P31: =IF(E31="GS",SUMIFS(Chitieu[Thực hiện],Chitieu[GS],'Thị trường'!C31,Chitieu[[qui đổi ]],'Thị trường'!$P$3),SUMIFS(Chitieu[Thực hiện],Chitieu[NV],'Thị trường'!C31,Chitieu[[qui đổi ]],'Thị trường'!$P$3)) -> 0 | Q31: =IFERROR((L31/G31),0) -> 0.40844583 | R31: =IF(AND(Q31>=70%,Q31<=80%),3000000,IF(AND(Q31>80%,Q31<=95%),4000000,IF(AND(Q31>95%,Q31<=100%),6000000,IF(Q31>100%,8000000,0)))) -> 0 | S31: =SUM(R31,R32,R33) -> 1000000 | T31: ok
F32: Hoàn thành kế hoạch viếng thăm, gọi điện các NCC. | G32: 0.9 | L32: 0.99 | Q32: =IF(L32=0,0,L32/G32) -> 1.1 | R32: =IF(Q32>=90%,500000,0) -> 500000
F33: NCC Mới | G33: 0 | L33: =IF(E31="GS",SUMIFS(Table4[Đếm],Table4[Giám sát],'Thị trường'!C31),SUMIFS(Table4[Đếm],Table4[Nhân viên],'Thị trường'!C31)) -> 1 | Q33: =IFERROR((L33/G33),0) -> 0 | R33: =IF(L33>0,500000,0) -> 500000
A34: 11 | B34: 90024809 | C34: Phan Hiếu Lộc | D34: Nhân viên mua hàng thị trường | E34: NV | F34: Sản lượng tất cả sản phẩm rPET, rHDPE, rPP | G34: =SUM(H34:K34) -> 430 | H34: =IF(E34="GS",SUMIFS(Chitieu[Chỉ tiêu],Chitieu[GS],'Thị trường'!C34,Chitieu[[qui đổi ]],'Thị trường'!$H$3),SUMIFS(Chitieu[Chỉ tiêu],Chitieu[NV],'Thị trường'!C34,Chitieu[[qui đổi ]],'Thị trường'!$H$3)) -> 200 | I34: =IF(E34="GS",SUMIFS(Chitieu[Chỉ tiêu],Chitieu[GS],'Thị trường'!C34,Chitieu[[qui đổi ]],'Thị trường'!$I$3),SUMIFS(Chitieu[Chỉ tiêu],Chitieu[NV],'Thị trường'!C34,Chitieu[[qui đổi ]],'Thị trường'!$I$3)) -> 230 | J34: =IF(E34="GS",SUMIFS(Chitieu[Chỉ tiêu],Chitieu[GS],'Thị trường'!C34,Chitieu[[qui đổi ]],'Thị trường'!$J$3),SUMIFS(Chitieu[Chỉ tiêu],Chitieu[NV],'Thị trường'!C34,Chitieu[[qui đổi ]],'Thị trường'!$J$3)) -> 0 | K34: =IF(E34="GS",SUMIFS(Chitieu[Chỉ tiêu],Chitieu[GS],'Thị trường'!C34,Chitieu[[qui đổi ]],'Thị trường'!$K$3),SUMIFS(Chitieu[Chỉ tiêu],Chitieu[NV],'Thị trường'!C34,Chitieu[[qui đổi ]],'Thị trường'!$K$3)) -> 0 | L34: =SUM(M34:P34) -> 225.927 | M34: =IF(E34="GS",SUMIFS(Chitieu[Thực hiện],Chitieu[GS],'Thị trường'!C34,Chitieu[[qui đổi ]],'Thị trường'!$M$3),SUMIFS(Chitieu[Thực hiện],Chitieu[NV],'Thị trường'!C34,Chitieu[[qui đổi ]],'Thị trường'!$M$3)) -> 0 | N34: =IF(E34="GS",SUMIFS(Chitieu[Thực hiện],Chitieu[GS],'Thị trường'!C34,Chitieu[[qui đổi ]],'Thị trường'!$N$3),SUMIFS(Chitieu[Thực hiện],Chitieu[NV],'Thị trường'!C34,Chitieu[[qui đổi ]],'Thị trường'!$N$3)) -> 225.927 | O34: =IF(E34="GS",SUMIFS(Chitieu[Thực hiện],Chitieu[GS],'Thị trường'!C34,Chitieu[[qui đổi ]],'Thị trường'!$O$3),SUMIFS(Chitieu[Thực hiện],Chitieu[NV],'Thị trường'!C34,Chitieu[[qui đổi ]],'Thị trường'!$O$3)) -> 0 | P34: =IF(E34="GS",SUMIFS(Chitieu[Thực hiện],Chitieu[GS],'Thị trường'!C34,Chitieu[[qui đổi ]],'Thị trường'!$P$3),SUMIFS(Chitieu[Thực hiện],Chitieu[NV],'Thị trường'!C34,Chitieu[[qui đổi ]],'Thị trường'!$P$3)) -> 0 | Q34: =IFERROR((L34/G34),0) -> 0.52541163 | R34: =IF(AND(Q34>=70%,Q34<=80%),3000000,IF(AND(Q34>80%,Q34<=95%),4000000,IF(AND(Q34>95%,Q34<=100%),6000000,IF(Q34>100%,8000000,0)))) -> 0 | S34: =SUM(R34,R35,R36) -> 1000000 | T34: ok
F35: Hoàn thành kế hoạch viếng thăm, gọi điện các NCC. | G35: 0.9 | L35: 1 | Q35: =IF(L35=0,0,L35/G35) -> 1.1111111 | R35: =IF(Q35>=90%,500000,0) -> 500000
F36: NCC Mới | G36: 0 | L36: =IF(E34="GS",SUMIFS(Table4[Đếm],Table4[Giám sát],'Thị trường'!C34),SUMIFS(Table4[Đếm],Table4[Nhân viên],'Thị trường'!C34)) -> 3 | Q36: =IFERROR((L9/G9),0) -> 0 | R36: =IF(L36>0,500000,0) -> 500000
A37: 12 | B37: 90024355 | C37: Dương Quốc Trung | D37: Giám sát mua hàng | E37: GS | F37: Sản lượng tất cả sản phẩm rPET, rHDPE, rPP | G37: =SUM(H37:K37) -> 405 | H37: =IF(E37="GS",SUMIFS(Chitieu[Chỉ tiêu],Chitieu[GS],'Thị trường'!C37,Chitieu[[qui đổi ]],'Thị trường'!$H$3),SUMIFS(Chitieu[Chỉ tiêu],Chitieu[NV],'Thị trường'!C37,Chitieu[[qui đổi ]],'Thị trường'!$H$3)) -> 0 | I37: =IF(E37="GS",SUMIFS(Chitieu[Chỉ tiêu],Chitieu[GS],'Thị trường'!C37,Chitieu[[qui đổi ]],'Thị trường'!$I$3),SUMIFS(Chitieu[Chỉ tiêu],Chitieu[NV],'Thị trường'!C37,Chitieu[[qui đổi ]],'Thị trường'!$I$3)) -> 405 | J37: =IF(E37="GS",SUMIFS(Chitieu[Chỉ tiêu],Chitieu[GS],'Thị trường'!C37,Chitieu[[qui đổi ]],'Thị trường'!$J$3),SUMIFS(Chitieu[Chỉ tiêu],Chitieu[NV],'Thị trường'!C37,Chitieu[[qui đổi ]],'Thị trường'!$J$3)) -> 0 | K37: =IF(E37="GS",SUMIFS(Chitieu[Chỉ tiêu],Chitieu[GS],'Thị trường'!C37,Chitieu[[qui đổi ]],'Thị trường'!$K$3),SUMIFS(Chitieu[Chỉ tiêu],Chitieu[NV],'Thị trường'!C37,Chitieu[[qui đổi ]],'Thị trường'!$K$3)) -> 0 | L37: =SUM(M37:P37) -> 488.321 | M37: =IF(E37="GS",SUMIFS(Chitieu[Thực hiện],Chitieu[GS],'Thị trường'!C37,Chitieu[[qui đổi ]],'Thị trường'!$M$3),SUMIFS(Chitieu[Thực hiện],Chitieu[NV],'Thị trường'!C37,Chitieu[[qui đổi ]],'Thị trường'!$M$3)) -> 0 | N37: =IF(E37="GS",SUMIFS(Chitieu[Thực hiện],Chitieu[GS],'Thị trường'!C37,Chitieu[[qui đổi ]],'Thị trường'!$N$3),SUMIFS(Chitieu[Thực hiện],Chitieu[NV],'Thị trường'!C37,Chitieu[[qui đổi ]],'Thị trường'!$N$3)) -> 488.321 | O37: =IF(E37="GS",SUMIFS(Chitieu[Thực hiện],Chitieu[GS],'Thị trường'!C37,Chitieu[[qui đổi ]],'Thị trường'!$O$3),SUMIFS(Chitieu[Thực hiện],Chitieu[NV],'Thị trường'!C37,Chitieu[[qui đổi ]],'Thị trường'!$O$3)) -> 0 | P37: =IF(E37="GS",SUMIFS(Chitieu[Thực hiện],Chitieu[GS],'Thị trường'!C37,Chitieu[[qui đổi ]],'Thị trường'!$P$3),SUMIFS(Chitieu[Thực hiện],Chitieu[NV],'Thị trường'!C37,Chitieu[[qui đổi ]],'Thị trường'!$P$3)) -> 0 | Q37: =IFERROR((L37/G37),0) -> 1.2057309 | R37: =IF(AND(Q37>=70%,Q37<=80%),4000000,IF(AND(Q37>80%,Q37<=95%),5000000,IF(AND(Q37>95%,Q37<=100%),7000000,IF(Q37>100%,9000000,0)))) -> 9000000 | S37: =SUM(R37,R38,R39) -> 10000000 | T37: ok
F38: Hoàn thành kế hoạch viếng thăm, gọi điện các NCC. | G38: 0.9 | L38: 0.9 | Q38: =IF(L38=0,0,L38/G38) -> 1 | R38: =IF(Q38>=90%,500000,0) -> 500000
F39: NCC Mới | G39: 0 | L39: =IF(E37="GS",SUMIFS(Table4[Đếm],Table4[Giám sát],'Thị trường'!C37),SUMIFS(Table4[Đếm],Table4[Nhân viên],'Thị trường'!C37)) -> 1 | Q39: =IFERROR((L9/G9),0) -> 0 | R39: =IF(L39>0,500000,0) -> 500000
A40: =A37+1 -> 13 | B40: 90028045 | C40: Võ Văn Hảo | D40: Nhân viên mua hàng thị trường | E40: NV | F40: Sản lượng tất cả sản phẩm rPET, rHDPE, rPP | G40: =SUM(H40:K40) -> 70 | H40: =IF(E40="GS",SUMIFS(Chitieu[Chỉ tiêu],Chitieu[GS],'Thị trường'!C40,Chitieu[[qui đổi ]],'Thị trường'!$H$3),SUMIFS(Chitieu[Chỉ tiêu],Chitieu[NV],'Thị trường'!C40,Chitieu[[qui đổi ]],'Thị trường'!$H$3)) -> 0 | I40: =IF(E40="GS",SUMIFS(Chitieu[Chỉ tiêu],Chitieu[GS],'Thị trường'!C40,Chitieu[[qui đổi ]],'Thị trường'!$I$3),SUMIFS(Chitieu[Chỉ tiêu],Chitieu[NV],'Thị trường'!C40,Chitieu[[qui đổi ]],'Thị trường'!$I$3)) -> 70 | J40: =IF(E40="GS",SUMIFS(Chitieu[Chỉ tiêu],Chitieu[GS],'Thị trường'!C40,Chitieu[[qui đổi ]],'Thị trường'!$J$3),SUMIFS(Chitieu[Chỉ tiêu],Chitieu[NV],'Thị trường'!C40,Chitieu[[qui đổi ]],'Thị trường'!$J$3)) -> 0 | K40: =IF(E40="GS",SUMIFS(Chitieu[Chỉ tiêu],Chitieu[GS],'Thị trường'!C40,Chitieu[[qui đổi ]],'Thị trường'!$K$3),SUMIFS(Chitieu[Chỉ tiêu],Chitieu[NV],'Thị trường'!C40,Chitieu[[qui đổi ]],'Thị trường'!$K$3)) -> 0 | L40: =SUM(M40:P40) -> 63.267 | M40: =IF(E40="GS",SUMIFS(Chitieu[Thực hiện],Chitieu[GS],'Thị trường'!C40,Chitieu[[qui đổi ]],'Thị trường'!$M$3),SUMIFS(Chitieu[Thực hiện],Chitieu[NV],'Thị trường'!C40,Chitieu[[qui đổi ]],'Thị trường'!$M$3)) -> 0 | N40: =IF(E40="GS",SUMIFS(Chitieu[Thực hiện],Chitieu[GS],'Thị trường'!C40,Chitieu[[qui đổi ]],'Thị trường'!$N$3),SUMIFS(Chitieu[Thực hiện],Chitieu[NV],'Thị trường'!C40,Chitieu[[qui đổi ]],'Thị trường'!$N$3)) -> 63.267 | O40: =IF(E40="GS",SUMIFS(Chitieu[Thực hiện],Chitieu[GS],'Thị trường'!C40,Chitieu[[qui đổi ]],'Thị trường'!$O$3),SUMIFS(Chitieu[Thực hiện],Chitieu[NV],'Thị trường'!C40,Chitieu[[qui đổi ]],'Thị trường'!$O$3)) -> 0 | P40: =IF(E40="GS",SUMIFS(Chitieu[Thực hiện],Chitieu[GS],'Thị trường'!C40,Chitieu[[qui đổi ]],'Thị trường'!$P$3),SUMIFS(Chitieu[Thực hiện],Chitieu[NV],'Thị trường'!C40,Chitieu[[qui đổi ]],'Thị trường'!$P$3)) -> 0 | Q40: =IFERROR((L40/G40),0) -> 0.90381429 | R40: =IF(AND(Q40>=70%,Q40<=80%),3000000,IF(AND(Q40>80%,Q40<=95%),4000000,IF(AND(Q40>95%,Q40<=100%),6000000,IF(Q40>100%,8000000,0)))) -> 4000000 | S40: =SUM(R40,R41,R42) -> 5000000 | T40: ok
F41: Hoàn thành kế hoạch viếng thăm, gọi điện các NCC. | G41: 0.9 | L41: 0.96 | Q41: =IF(L41=0,0,L41/G41) -> 1.0666667 | R41: =IF(Q41>=90%,500000,0) -> 500000
F42: NCC Mới | G42: 0 | L42: =IF(E40="GS",SUMIFS(Table4[Đếm],Table4[Giám sát],'Thị trường'!C40),SUMIFS(Table4[Đếm],Table4[Nhân viên],'Thị trường'!C40)) -> 1 | Q42: =IFERROR((L42/G42),0) -> 0 | R42: =IF(L42>0,500000,0) -> 500000
A43: =A40+1 -> 14 | B43: 90027042 | C43: Trần Xuân Kiên | D43: Giám sát mua hàng | E43: GS | F43: Sản lượng tất cả sản phẩm rPET, rHDPE, rPP | G43: =SUM(H43:K43) -> 460 | H43: =IF(E43="GS",SUMIFS(Chitieu[Chỉ tiêu],Chitieu[GS],'Thị trường'!C43,Chitieu[[qui đổi ]],'Thị trường'!$H$3),SUMIFS(Chitieu[Chỉ tiêu],Chitieu[NV],'Thị trường'!C43,Chitieu[[qui đổi ]],'Thị trường'!$H$3)) -> 0 | I43: =IF(E43="GS",SUMIFS(Chitieu[Chỉ tiêu],Chitieu[GS],'Thị trường'!C43,Chitieu[[qui đổi ]],'Thị trường'!$I$3),SUMIFS(Chitieu[Chỉ tiêu],Chitieu[NV],'Thị trường'!C43,Chitieu[[qui đổi ]],'Thị trường'!$I$3)) -> 460 | J43: =IF(E43="GS",SUMIFS(Chitieu[Chỉ tiêu],Chitieu[GS],'Thị trường'!C43,Chitieu[[qui đổi ]],'Thị trường'!$J$3),SUMIFS(Chitieu[Chỉ tiêu],Chitieu[NV],'Thị trường'!C43,Chitieu[[qui đổi ]],'Thị trường'!$J$3)) -> 0 | K43: =IF(E43="GS",SUMIFS(Chitieu[Chỉ tiêu],Chitieu[GS],'Thị trường'!C43,Chitieu[[qui đổi ]],'Thị trường'!$K$3),SUMIFS(Chitieu[Chỉ tiêu],Chitieu[NV],'Thị trường'!C43,Chitieu[[qui đổi ]],'Thị trường'!$K$3)) -> 0 | L43: =SUM(M43:P43) -> 383.531 | M43: =IF(E43="GS",SUMIFS(Chitieu[Thực hiện],Chitieu[GS],'Thị trường'!C43,Chitieu[[qui đổi ]],'Thị trường'!$M$3),SUMIFS(Chitieu[Thực hiện],Chitieu[NV],'Thị trường'!C43,Chitieu[[qui đổi ]],'Thị trường'!$M$3)) -> 0 | N43: =IF(E43="GS",SUMIFS(Chitieu[Thực hiện],Chitieu[GS],'Thị trường'!C43,Chitieu[[qui đổi ]],'Thị trường'!$N$3),SUMIFS(Chitieu[Thực hiện],Chitieu[NV],'Thị trường'!C43,Chitieu[[qui đổi ]],'Thị trường'!$N$3)) -> 380.443 | O43: =IF(E43="GS",SUMIFS(Chitieu[Thực hiện],Chitieu[GS],'Thị trường'!C43,Chitieu[[qui đổi ]],'Thị trường'!$O$3),SUMIFS(Chitieu[Thực hiện],Chitieu[NV],'Thị trường'!C43,Chitieu[[qui đổi ]],'Thị trường'!$O$3)) -> 3.088 | P43: =IF(E43="GS",SUMIFS(Chitieu[Thực hiện],Chitieu[GS],'Thị trường'!C43,Chitieu[[qui đổi ]],'Thị trường'!$P$3),SUMIFS(Chitieu[Thực hiện],Chitieu[NV],'Thị trường'!C43,Chitieu[[qui đổi ]],'Thị trường'!$P$3)) -> 0 | Q43: =IFERROR((L43/G43),0) -> 0.83376304 | R43: =IF(AND(Q43>=70%,Q43<=80%),4000000,IF(AND(Q43>80%,Q43<=95%),5000000,IF(AND(Q43>95%,Q43<=100%),7000000,IF(Q43>100%,9000000,0)))) -> 5000000 | S43: =SUM(R43,R44,R45) -> 6000000 | T43: ok
F44: Hoàn thành kế hoạch viếng thăm, gọi điện các NCC. | G44: 0.9 | L44: 0.82 | Q44: =IF(L44=0,0,L44/G44) -> 0.91111111 | R44: =IF(Q44>=90%,500000,0) -> 500000
F45: NCC Mới | G45: 0 | L45: =IF(E43="GS",SUMIFS(Table4[Đếm],Table4[Giám sát],'Thị trường'!C43),SUMIFS(Table4[Đếm],Table4[Nhân viên],'Thị trường'!C43)) -> 2 | Q45: =IFERROR((L45/G45),0) -> 0 | R45: =IF(L45>0,500000,0) -> 500000
A46: 15 | B46: 90026945 | C46: Nguyễn Thị Hạnh Dung | D46: Nhân viên mua hàng thị trường | E46: NV | F46: Sản lượng tất cả sản phẩm rPET, rHDPE, rPP | G46: =SUM(H46:K46) -> 100 | H46: =IF(E46="GS",SUMIFS(Chitieu[Chỉ tiêu],Chitieu[GS],'Thị trường'!C46,Chitieu[[qui đổi ]],'Thị trường'!$H$3),SUMIFS(Chitieu[Chỉ tiêu],Chitieu[NV],'Thị trường'!C46,Chitieu[[qui đổi ]],'Thị trường'!$H$3)) -> 0 | I46: =IF(E46="GS",SUMIFS(Chitieu[Chỉ tiêu],Chitieu[GS],'Thị trường'!C46,Chitieu[[qui đổi ]],'Thị trường'!$I$3),SUMIFS(Chitieu[Chỉ tiêu],Chitieu[NV],'Thị trường'!C46,Chitieu[[qui đổi ]],'Thị trường'!$I$3)) -> 100 | J46: =IF(E46="GS",SUMIFS(Chitieu[Chỉ tiêu],Chitieu[GS],'Thị trường'!C46,Chitieu[[qui đổi ]],'Thị trường'!$J$3),SUMIFS(Chitieu[Chỉ tiêu],Chitieu[NV],'Thị trường'!C46,Chitieu[[qui đổi ]],'Thị trường'!$J$3)) -> 0 | K46: =IF(E46="GS",SUMIFS(Chitieu[Chỉ tiêu],Chitieu[GS],'Thị trường'!C46,Chitieu[[qui đổi ]],'Thị trường'!$K$3),SUMIFS(Chitieu[Chỉ tiêu],Chitieu[NV],'Thị trường'!C46,Chitieu[[qui đổi ]],'Thị trường'!$K$3)) -> 0 | L46: =SUM(M46:P46) -> 80.418 | M46: =IF(E46="GS",SUMIFS(Chitieu[Thực hiện],Chitieu[GS],'Thị trường'!C46,Chitieu[[qui đổi ]],'Thị trường'!$M$3),SUMIFS(Chitieu[Thực hiện],Chitieu[NV],'Thị trường'!C46,Chitieu[[qui đổi ]],'Thị trường'!$M$3)) -> 0 | N46: =IF(E46="GS",SUMIFS(Chitieu[Thực hiện],Chitieu[GS],'Thị trường'!C46,Chitieu[[qui đổi ]],'Thị trường'!$N$3),SUMIFS(Chitieu[Thực hiện],Chitieu[NV],'Thị trường'!C46,Chitieu[[qui đổi ]],'Thị trường'!$N$3)) -> 80.418 | O46: =IF(E46="GS",SUMIFS(Chitieu[Thực hiện],Chitieu[GS],'Thị trường'!C46,Chitieu[[qui đổi ]],'Thị trường'!$O$3),SUMIFS(Chitieu[Thực hiện],Chitieu[NV],'Thị trường'!C46,Chitieu[[qui đổi ]],'Thị trường'!$O$3)) -> 0 | P46: =IF(E46="GS",SUMIFS(Chitieu[Thực hiện],Chitieu[GS],'Thị trường'!C46,Chitieu[[qui đổi ]],'Thị trường'!$P$3),SUMIFS(Chitieu[Thực hiện],Chitieu[NV],'Thị trường'!C46,Chitieu[[qui đổi ]],'Thị trường'!$P$3)) -> 0 | Q46: =IFERROR((L46/G46),0) -> 0.80418 | R46: =IF(AND(Q46>=70%,Q46<=80%),3000000,IF(AND(Q46>80%,Q46<=95%),4000000,IF(AND(Q46>95%,Q46<=100%),6000000,IF(Q46>100%,8000000,0)))) -> 4000000 | S46: =SUM(R46,R47,R48) -> 4500000 | T46: ok
F47: Hoàn thành kế hoạch viếng thăm, gọi điện các NCC. | G47: 0.9 | L47: 1 | Q47: =IF(L47=0,0,L47/G47) -> 1.1111111 | R47: =IF(Q47>=90%,500000,0) -> 500000
F48: NCC Mới | G48: 0 | L48: =IF(E46="GS",SUMIFS(Table4[Đếm],Table4[Giám sát],'Thị trường'!C46),SUMIFS(Table4[Đếm],Table4[Nhân viên],'Thị trường'!C46)) -> 0 | Q48: =IFERROR((L48/G48),0) -> 0 | R48: =IF(L48>0,500000,0) -> 0
A49: 16 | B49: 90024359 | C49: Nguyễn Văn Cường | D49: Nhân viên mua hàng thị trường | E49: NV | F49: Sản lượng tất cả sản phẩm rPET, rHDPE, rPP | G49: =SUM(H49:K49) -> 150 | H49: =IF(E49="GS",SUMIFS(Chitieu[Chỉ tiêu],Chitieu[GS],'Thị trường'!C49,Chitieu[[qui đổi ]],'Thị trường'!$H$3),SUMIFS(Chitieu[Chỉ tiêu],Chitieu[NV],'Thị trường'!C49,Chitieu[[qui đổi ]],'Thị trường'!$H$3)) -> 0 | I49: =IF(E49="GS",SUMIFS(Chitieu[Chỉ tiêu],Chitieu[GS],'Thị trường'!C49,Chitieu[[qui đổi ]],'Thị trường'!$I$3),SUMIFS(Chitieu[Chỉ tiêu],Chitieu[NV],'Thị trường'!C49,Chitieu[[qui đổi ]],'Thị trường'!$I$3)) -> 150 | J49: =IF(E49="GS",SUMIFS(Chitieu[Chỉ tiêu],Chitieu[GS],'Thị trường'!C49,Chitieu[[qui đổi ]],'Thị trường'!$J$3),SUMIFS(Chitieu[Chỉ tiêu],Chitieu[NV],'Thị trường'!C49,Chitieu[[qui đổi ]],'Thị trường'!$J$3)) -> 0 | K49: =IF(E49="GS",SUMIFS(Chitieu[Chỉ tiêu],Chitieu[GS],'Thị trường'!C49,Chitieu[[qui đổi ]],'Thị trường'!$K$3),SUMIFS(Chitieu[Chỉ tiêu],Chitieu[NV],'Thị trường'!C49,Chitieu[[qui đổi ]],'Thị trường'!$K$3)) -> 0 | L49: =SUM(M49:P49) -> 175.47 | M49: =IF(E49="GS",SUMIFS(Chitieu[Thực hiện],Chitieu[GS],'Thị trường'!C49,Chitieu[[qui đổi ]],'Thị trường'!$M$3),SUMIFS(Chitieu[Thực hiện],Chitieu[NV],'Thị trường'!C49,Chitieu[[qui đổi ]],'Thị trường'!$M$3)) -> 0 | N49: =IF(E49="GS",SUMIFS(Chitieu[Thực hiện],Chitieu[GS],'Thị trường'!C49,Chitieu[[qui đổi ]],'Thị trường'!$N$3),SUMIFS(Chitieu[Thực hiện],Chitieu[NV],'Thị trường'!C49,Chitieu[[qui đổi ]],'Thị trường'!$N$3)) -> 175.47 | O49: =IF(E49="GS",SUMIFS(Chitieu[Thực hiện],Chitieu[GS],'Thị trường'!C49,Chitieu[[qui đổi ]],'Thị trường'!$O$3),SUMIFS(Chitieu[Thực hiện],Chitieu[NV],'Thị trường'!C49,Chitieu[[qui đổi ]],'Thị trường'!$O$3)) -> 0 | P49: =IF(E49="GS",SUMIFS(Chitieu[Thực hiện],Chitieu[GS],'Thị trường'!C49,Chitieu[[qui đổi ]],'Thị trường'!$P$3),SUMIFS(Chitieu[Thực hiện],Chitieu[NV],'Thị trường'!C49,Chitieu[[qui đổi ]],'Thị trường'!$P$3)) -> 0 | Q49: =IFERROR((L49/G49),0) -> 1.1698 | R49: =IF(AND(Q49>=70%,Q49<=80%),3000000,IF(AND(Q49>80%,Q49<=95%),4000000,IF(AND(Q49>95%,Q49<=100%),6000000,IF(Q49>100%,8000000,0)))) -> 8000000 | S49: =SUM(R49,R50,R51) -> 9000000 | T49: ok
F50: Hoàn thành kế hoạch viếng thăm, gọi điện các NCC. | G50: 0.9 | L50: 1 | Q50: =IF(L50=0,0,L50/G50) -> 1.1111111 | R50: =IF(Q50>=90%,500000,0) -> 500000
F51: NCC Mới | G51: 0 | L51: =IF(E49="GS",SUMIFS(Table4[Đếm],Table4[Giám sát],'Thị trường'!C49),SUMIFS(Table4[Đếm],Table4[Nhân viên],'Thị trường'!C49)) -> 1 | Q51: =IFERROR((L51/G51),0) -> 0 | R51: =IF(L51>0,500000,0) -> 500000
A52: 17 | B52: 0 | C52: Võ Thị Kim Thủy | D52: Nhân viên mua hàng thị trường | E52: NV | F52: Sản lượng tất cả sản phẩm rPET, rHDPE, rPP | G52: =SUM(H52:K52) -> 700 | H52: =IF(E52="GS",SUMIFS(Chitieu[Chỉ tiêu],Chitieu[GS],'Thị trường'!C52,Chitieu[[qui đổi ]],'Thị trường'!$H$3),SUMIFS(Chitieu[Chỉ tiêu],Chitieu[NV],'Thị trường'!C52,Chitieu[[qui đổi ]],'Thị trường'!$H$3)) -> 700 | I52: =IF(E52="GS",SUMIFS(Chitieu[Chỉ tiêu],Chitieu[GS],'Thị trường'!C52,Chitieu[[qui đổi ]],'Thị trường'!$I$3),SUMIFS(Chitieu[Chỉ tiêu],Chitieu[NV],'Thị trường'!C52,Chitieu[[qui đổi ]],'Thị trường'!$I$3)) -> 0 | J52: =IF(E52="GS",SUMIFS(Chitieu[Chỉ tiêu],Chitieu[GS],'Thị trường'!C52,Chitieu[[qui đổi ]],'Thị trường'!$J$3),SUMIFS(Chitieu[Chỉ tiêu],Chitieu[NV],'Thị trường'!C52,Chitieu[[qui đổi ]],'Thị trường'!$J$3)) -> 0 | K52: =IF(E52="GS",SUMIFS(Chitieu[Chỉ tiêu],Chitieu[GS],'Thị trường'!C52,Chitieu[[qui đổi ]],'Thị trường'!$K$3),SUMIFS(Chitieu[Chỉ tiêu],Chitieu[NV],'Thị trường'!C52,Chitieu[[qui đổi ]],'Thị trường'!$K$3)) -> 0 | L52: =SUM(M52:P52) -> 88.124 | M52: =IF(E52="GS",SUMIFS(Chitieu[Thực hiện],Chitieu[GS],'Thị trường'!C52,Chitieu[[qui đổi ]],'Thị trường'!$M$3),SUMIFS(Chitieu[Thực hiện],Chitieu[NV],'Thị trường'!C52,Chitieu[[qui đổi ]],'Thị trường'!$M$3)) -> 88.124 | N52: =IF(E52="GS",SUMIFS(Chitieu[Thực hiện],Chitieu[GS],'Thị trường'!C52,Chitieu[[qui đổi ]],'Thị trường'!$N$3),SUMIFS(Chitieu[Thực hiện],Chitieu[NV],'Thị trường'!C52,Chitieu[[qui đổi ]],'Thị trường'!$N$3)) -> 0 | O52: =IF(E52="GS",SUMIFS(Chitieu[Thực hiện],Chitieu[GS],'Thị trường'!C52,Chitieu[[qui đổi ]],'Thị trường'!$O$3),SUMIFS(Chitieu[Thực hiện],Chitieu[NV],'Thị trường'!C52,Chitieu[[qui đổi ]],'Thị trường'!$O$3)) -> 0 | P52: =IF(E52="GS",SUMIFS(Chitieu[Thực hiện],Chitieu[GS],'Thị trường'!C52,Chitieu[[qui đổi ]],'Thị trường'!$P$3),SUMIFS(Chitieu[Thực hiện],Chitieu[NV],'Thị trường'!C52,Chitieu[[qui đổi ]],'Thị trường'!$P$3)) -> 0 | Q52: =IFERROR((L52/G52),0) -> 0.12589143 | S52: =SUM(R52,R53,R54) -> 0
F53: Hoàn thành kế hoạch viếng thăm, gọi điện các NCC. | G53: 0.9 | L53: 0 | Q53: =IF(L53=0,0,L53/G53) -> 0
F54: NCC Mới | G54: 0 | L54: =IF(E52="GS",SUMIFS(Table4[Đếm],Table4[Giám sát],'Thị trường'!C52),SUMIFS(Table4[Đếm],Table4[Nhân viên],'Thị trường'!C52)) -> 0 | Q54: =IFERROR((L54/G54),0) -> 0
A55: 18 | B55: 90026610 | C55: Lê Nhật Huy | D55: Giám sát mua hàng | E55: GS | F55: Sản lượng tất cả sản phẩm rPET, rHDPE, rPP | G55: =G4+G13 -> 1965 | H55: =H4+H13 -> 200 | I55: =I4+I13 -> 1715 | J55: =J4+J13 -> 50 | K55: =K4+K13 -> 0 | L55: =L4+L13 -> 1659.9148 | M55: =M4+M13 -> 94.354 | N55: =N4+N13 -> 1562.0348 | ... P55: =P4+P13 -> 0 | Q55: =IFERROR((L55/G55),0) -> 0.84474036 | R55: =IF(AND(Q55>=70%,Q55<=80%),4000000,IF(AND(Q55>80%,Q55<=95%),5000000,IF(AND(Q55>95%,Q55<=100%),7000000,IF(Q55>100%,9000000,0)))) -> 5000000 | S55: =SUM(R55,R56,R57) -> 6000000 | T55: ok | U55: Thực tế = GS Thành Dân + Hữu Lộc
F56: Hoàn thành kế hoạch viếng thăm, gọi điện các NCC. | G56: 0.9 | L56: 0.94 | Q56: =IF(L56=0,0,L56/G56) -> 1.0444444 | R56: =IF(Q56>=90%,500000,0) -> 500000
F57: NCC Mới | G57: =G6+G15 -> 0 | L57: =L6+L15 -> 11 | Q57: =IFERROR((L57/G57),0) -> 0 | R57: =IF(L57>0,500000,0) -> 500000

Sheet Admin_DTR
G1: =G4 -> 6620 | H1: =H4 -> 3000 | I1: =I4 -> 3090 | J1: =J4 -> 530 | K1: =K4 -> 0 | L1: =L4 -> 5762.3398 | M1: =M4 -> 2544.518 | N1: =N4 -> 2974.3168 | ... P1: =P4 -> 0 | Q1: =L1/G1 -> 0.87044408
A2: ='Thị trường'!A2 -> KPI TÍNH LƯƠNG THÁNG 05/2026 | G2: Chỉ tiêu | L2: Thực đạt
A3: STT | B3: Mã nhân viên | C3: Họ và tên | D3: Chức vụ | E3: CV Kiêm nhiệm | F3: Pis | G3: Tổng | H3: PET vảy | I3: PET chai | J3: HDPE | K3: PP | L3: Tổng | M3: PET vảy | N3: PET chai | O3: HDPE | P3: PP | Q3: % | R3: Thưởng chỉ tiêu | S3: ='Thị trường'!S3 -> KPI T05/2026
A4: 1 | B4: 90026859 | C4: Trương Tường Vy | D4: Kiêm Tổ trưởng Admin | F4: Sản lượng tất cả sản phẩm rPET, rHDPE, rPP | G4: =G5+G10+G15+G20+G25 -> 6620 | H4: =H5+H10+H15+H20+H25 -> 3000 | I4: =I5+I10+I15+I20+I25 -> 3090 | J4: =J5+J10+J15+J20+J25 -> 530 | K4: =K5+K10+K15+K20+K25 -> 0 | L4: =L5+L10+L15+L20+L25 -> 5762.3398 | M4: =M5+M10+M15+M20+M25 -> 2544.518 | N4: =N5+N10+N15+N20+N25 -> 2974.3168 | ... P4: =P5+P10+P15+P20+P25 -> 0 | Q4: =L4/G4 -> 0.87044408 | R4: =IF(AND(Q4>70%,Q4<=80%),1000000,IF(AND(Q4>80%,Q4<=90%),1500000,IF(Q4>90%,2000000,0))) -> 1500000 | S4: =R4 -> 1500000
A5: =A4+1 -> 2 | B5: 90024840 | C5: Phạm Thị Thúy Duy | D5: Admin DTR | F5: Sản lượng tất cả sản phẩm rPET, rHDPE, rPP | G5: =SUM(H5:K5) -> 1915 | H5: =SUMIFS(Chitieu[Chỉ tiêu],Chitieu[[qui đổi ]],Admin_DTR!H$3,Chitieu[Admin Miền],Admin_DTR!$C5) -> 200 | I5: =SUMIFS(Chitieu[Chỉ tiêu],Chitieu[[qui đổi ]],Admin_DTR!I$3,Chitieu[Admin Miền],Admin_DTR!$C5) -> 1665 | J5: =SUMIFS(Chitieu[Chỉ tiêu],Chitieu[[qui đổi ]],Admin_DTR!J$3,Chitieu[Admin Miền],Admin_DTR!$C5) -> 50 | K5: =SUMIFS(Chitieu[Chỉ tiêu],Chitieu[[qui đổi ]],Admin_DTR!K$3,Chitieu[Admin Miền],Admin_DTR!$C5) -> 0 | L5: =SUM(M5:P5) -> 1611.394 | M5: =SUMIFS(Chitieu[Thực hiện],Chitieu[[qui đổi ]],Admin_DTR!$M$3,Chitieu[Admin Miền],Admin_DTR!C5) -> 94.354 | N5: =SUMIFS(Chitieu[Thực hiện],Chitieu[[qui đổi ]],Admin_DTR!$N$3,Chitieu[Admin Miền],Admin_DTR!C5) -> 1513.514 | O5: =SUMIFS(Chitieu[Thực hiện],Chitieu[[qui đổi ]],Admin_DTR!$O$3,Chitieu[Admin Miền],Admin_DTR!C5) -> 3.526 | P5: =SUMIFS(Chitieu[Thực hiện],Chitieu[[qui đổi ]],Admin_DTR!$P$3,Chitieu[Admin Miền],Admin_DTR!C5) -> 0 | Q5: =L5/G5 -> 0.84145901 | R5: =IF(AND(Q5>70%,Q5<=80%),1000000,IF(AND(Q5>80%,Q5<=90%),1500000,IF(Q5>90%,2000000,0))) -> 1500000 | S5: =SUM(R5:R9) -> 2366666.7
F6: Ký kết PO đạt 90% | G6: 6 | H6: =SUMIFS('Chỉ tiêu'!$P:$P,'Chỉ tiêu'!$B:$B,Admin_DTR!$C5,'Chỉ tiêu'!$H:$H,Admin_DTR!H$3) -> 0 | I6: =SUMIFS('Chỉ tiêu'!$P:$P,'Chỉ tiêu'!$B:$B,Admin_DTR!$C5,'Chỉ tiêu'!$H:$H,Admin_DTR!I$3) -> 0 | J6: =SUMIFS('Chỉ tiêu'!$P:$P,'Chỉ tiêu'!$B:$B,Admin_DTR!$C5,'Chỉ tiêu'!$H:$H,Admin_DTR!J$3) -> 0 | K6: =SUMIFS('Chỉ tiêu'!$P:$P,'Chỉ tiêu'!$B:$B,Admin_DTR!$C5,'Chỉ tiêu'!$H:$H,Admin_DTR!K$3) -> 0 | L6: 6 | M6: =SUMIFS('Chỉ tiêu'!$N:$N,'Chỉ tiêu'!$B:$B,Admin_DTR!$C5,'Chỉ tiêu'!$H:$H,Admin_DTR!M$3) -> 0 | N6: =SUMIFS('Chỉ tiêu'!$N:$N,'Chỉ tiêu'!$B:$B,Admin_DTR!$C5,'Chỉ tiêu'!$H:$H,Admin_DTR!N$3) -> 0 | O6: =SUMIFS('Chỉ tiêu'!$N:$N,'Chỉ tiêu'!$B:$B,Admin_DTR!$C5,'Chỉ tiêu'!$H:$H,Admin_DTR!O$3) -> 0 | P6: =SUMIFS('Chỉ tiêu'!$N:$N,'Chỉ tiêu'!$B:$B,Admin_DTR!$C5,'Chỉ tiêu'!$H:$H,Admin_DTR!P$3) -> 0 | Q6: =L6/G6 -> 1 | R6: =Q6*'CS Admin'!$C$21 -> 400000
F7: PO ký thấp hơn giá duyệt | G7: =G6 -> 6 | H7: =H6 -> 0 | I7: =I6 -> 0 | J7: =J6 -> 0 | K7: =K6 -> 0 | L7: 2 | M7: =SUMIFS('Giá mua'!$J:$J,'Giá mua'!$E:$E,Admin_DTR!M$3,'Giá mua'!$A:$A,Admin_DTR!$C5) -> 1 | N7: =SUMIFS('Giá mua'!$J:$J,'Giá mua'!$E:$E,Admin_DTR!N$3,'Giá mua'!$A:$A,Admin_DTR!$C5) -> 0 | O7: =SUMIFS('Giá mua'!$J:$J,'Giá mua'!$E:$E,Admin_DTR!O$3,'Giá mua'!$A:$A,Admin_DTR!$C5) -> 1 | P7: =SUMIFS('Giá mua'!$J:$J,'Giá mua'!$E:$E,Admin_DTR!P$3,'Giá mua'!$A:$A,Admin_DTR!$C5) -> 0 | Q7: =IFERROR((L7/G7),0) -> 0.33333333 | R7: =Q7*'CS Admin'!$C$23 -> 66666.667
F8: Báo cáo | G8: 4 | L8: 4 | Q8: =L8/G8 -> 1 | R8: 200000
F9: Khiếu nại NCC | G9: 1 | L9: 0 | Q9: =L9/G9 -> 0 | R9: 200000
A10: =A5+1 -> 3 | B10: 90027474 | C10: Nguyễn Hoàng Thúy KN | D10: Admin DTR | F10: Sản lượng tất cả sản phẩm rPET, rHDPE, rPP | G10: =SUM(H10:K10) -> 865 | H10: =SUMIFS(Chitieu[Chỉ tiêu],Chitieu[[qui đổi ]],Admin_DTR!H$3,Chitieu[Admin Miền],Admin_DTR!$C10) -> 0 | I10: =SUMIFS(Chitieu[Chỉ tiêu],Chitieu[[qui đổi ]],Admin_DTR!I$3,Chitieu[Admin Miền],Admin_DTR!$C10) -> 865 | J10: =SUMIFS(Chitieu[Chỉ tiêu],Chitieu[[qui đổi ]],Admin_DTR!J$3,Chitieu[Admin Miền],Admin_DTR!$C10) -> 0 | K10: =SUMIFS(Chitieu[Chỉ tiêu],Chitieu[[qui đổi ]],Admin_DTR!K$3,Chitieu[Admin Miền],Admin_DTR!$C10) -> 0 | L10: =SUM(M10:P10) -> 871.852 | M10: =SUMIFS(Chitieu[Thực hiện],Chitieu[[qui đổi ]],Admin_DTR!$M$3,Chitieu[Admin Miền],Admin_DTR!C10) -> 0 | N10: =SUMIFS(Chitieu[Thực hiện],Chitieu[[qui đổi ]],Admin_DTR!$N$3,Chitieu[Admin Miền],Admin_DTR!C10) -> 868.764 | O10: =SUMIFS(Chitieu[Thực hiện],Chitieu[[qui đổi ]],Admin_DTR!$O$3,Chitieu[Admin Miền],Admin_DTR!C10) -> 3.088 | P10: =SUMIFS(Chitieu[Thực hiện],Chitieu[[qui đổi ]],Admin_DTR!$P$3,Chitieu[Admin Miền],Admin_DTR!C10) -> 0 | Q10: =L10/G10 -> 1.0079214 | R10: =IF(AND(Q10>70%,Q10<=80%),1000000,IF(AND(Q10>80%,Q10<=90%),1500000,IF(Q10>90%,2000000,0))) -> 2000000 | S10: =SUM(R10:R14) -> 2400000
F11: Ký kết PO đạt 90% | G11: 0 | H11: =SUMIFS('Chỉ tiêu'!$P:$P,'Chỉ tiêu'!$B:$B,Admin_DTR!$C10,'Chỉ tiêu'!$H:$H,Admin_DTR!H$3) -> 0 | I11: =SUMIFS('Chỉ tiêu'!$P:$P,'Chỉ tiêu'!$B:$B,Admin_DTR!$C10,'Chỉ tiêu'!$H:$H,Admin_DTR!I$3) -> 0 | J11: =SUMIFS('Chỉ tiêu'!$P:$P,'Chỉ tiêu'!$B:$B,Admin_DTR!$C10,'Chỉ tiêu'!$H:$H,Admin_DTR!J$3) -> 0 | K11: =SUMIFS('Chỉ tiêu'!$P:$P,'Chỉ tiêu'!$B:$B,Admin_DTR!$C10,'Chỉ tiêu'!$H:$H,Admin_DTR!K$3) -> 0 | L11: 0 | M11: =SUMIFS('Chỉ tiêu'!$N:$N,'Chỉ tiêu'!$B:$B,Admin_DTR!$C10,'Chỉ tiêu'!$H:$H,Admin_DTR!M$3) -> 0 | N11: =SUMIFS('Chỉ tiêu'!$N:$N,'Chỉ tiêu'!$B:$B,Admin_DTR!$C10,'Chỉ tiêu'!$H:$H,Admin_DTR!N$3) -> 0 | O11: =SUMIFS('Chỉ tiêu'!$N:$N,'Chỉ tiêu'!$B:$B,Admin_DTR!$C10,'Chỉ tiêu'!$H:$H,Admin_DTR!O$3) -> 0 | P11: =SUMIFS('Chỉ tiêu'!$N:$N,'Chỉ tiêu'!$B:$B,Admin_DTR!$C10,'Chỉ tiêu'!$H:$H,Admin_DTR!P$3) -> 0 | Q11: =IFERROR(L11/G101,0) -> 0 | R11: =Q11*'CS Admin'!$C$21 -> 0
F12: PO ký thấp hơn giá duyệt | G12: 0 | H12: =H11 -> 0 | I12: =I11 -> 0 | J12: =J11 -> 0 | K12: =K11 -> 0 | L12: 0 | M12: =SUMIFS('Giá mua'!$J:$J,'Giá mua'!$E:$E,Admin_DTR!M$3,'Giá mua'!$A:$A,Admin_DTR!$C10) -> 0 | N12: =SUMIFS('Giá mua'!$J:$J,'Giá mua'!$E:$E,Admin_DTR!N$3,'Giá mua'!$A:$A,Admin_DTR!$C10) -> 0 | O12: =SUMIFS('Giá mua'!$J:$J,'Giá mua'!$E:$E,Admin_DTR!O$3,'Giá mua'!$A:$A,Admin_DTR!$C10) -> 0 | P12: =SUMIFS('Giá mua'!$J:$J,'Giá mua'!$E:$E,Admin_DTR!P$3,'Giá mua'!$A:$A,Admin_DTR!$C10) -> 0 | Q12: =IFERROR((L12/G12),0) -> 0 | R12: =Q12*'CS Admin'!$C$23 -> 0
F13: Báo cáo | G13: 4 | L13: 4 | Q13: =L13/G13 -> 1 | R13: 200000
F14: Khiếu nại NCC | G14: 1 | L14: 0 | Q14: =L14/G14 -> 0 | R14: 200000
A15: =A10+1 -> 4 | B15: 90027474 | C15: Nguyễn Hoàng Thúy | D15: Admin DTR | F15: Sản lượng tất cả sản phẩm rPET, rHDPE, rPP | G15: =SUM(H15:K15) -> 3060 | H15: =SUMIFS(Chitieu[Chỉ tiêu],Chitieu[[qui đổi ]],Admin_DTR!H$3,Chitieu[Admin Miền],Admin_DTR!$C15) -> 2100 | I15: =SUMIFS(Chitieu[Chỉ tiêu],Chitieu[[qui đổi ]],Admin_DTR!I$3,Chitieu[Admin Miền],Admin_DTR!$C15) -> 510 | J15: =SUMIFS(Chitieu[Chỉ tiêu],Chitieu[[qui đổi ]],Admin_DTR!J$3,Chitieu[Admin Miền],Admin_DTR!$C15) -> 450 | K15: =SUMIFS(Chitieu[Chỉ tiêu],Chitieu[[qui đổi ]],Admin_DTR!K$3,Chitieu[Admin Miền],Admin_DTR!$C15) -> 0 | L15: =SUM(M15:P15) -> 3132.789 | M15: =SUMIFS(Chitieu[Thực hiện],Chitieu[[qui đổi ]],Admin_DTR!$M$3,Chitieu[Admin Miền],Admin_DTR!C15) -> 2362.04 | N15: =SUMIFS(Chitieu[Thực hiện],Chitieu[[qui đổi ]],Admin_DTR!$N$3,Chitieu[Admin Miền],Admin_DTR!C15) -> 543.518 | O15: =SUMIFS(Chitieu[Thực hiện],Chitieu[[qui đổi ]],Admin_DTR!$O$3,Chitieu[Admin Miền],Admin_DTR!C15) -> 227.231 | P15: =SUMIFS(Chitieu[Thực hiện],Chitieu[[qui đổi ]],Admin_DTR!$P$3,Chitieu[Admin Miền],Admin_DTR!C15) -> 0 | Q15: =L15/G15 -> 1.0237873 | R15: =IF(AND(Q15>70%,Q15<=80%),1000000,IF(AND(Q15>80%,Q15<=90%),1500000,IF(Q15>90%,2000000,0))) -> 2000000 | S15: =SUM(R15:R19) -> 3000000
F16: Ký kết PO đạt 90% | G16: 5 | H16: =SUMIFS('Chỉ tiêu'!$P:$P,'Chỉ tiêu'!$B:$B,Admin_DTR!$C15,'Chỉ tiêu'!$H:$H,Admin_DTR!H$3) -> 0 | I16: =SUMIFS('Chỉ tiêu'!$P:$P,'Chỉ tiêu'!$B:$B,Admin_DTR!$C15,'Chỉ tiêu'!$H:$H,Admin_DTR!I$3) -> 0 | J16: =SUMIFS('Chỉ tiêu'!$P:$P,'Chỉ tiêu'!$B:$B,Admin_DTR!$C15,'Chỉ tiêu'!$H:$H,Admin_DTR!J$3) -> 0 | K16: =SUMIFS('Chỉ tiêu'!$P:$P,'Chỉ tiêu'!$B:$B,Admin_DTR!$C15,'Chỉ tiêu'!$H:$H,Admin_DTR!K$3) -> 0 | L16: 5 | M16: =SUMIFS('Chỉ tiêu'!$N:$N,'Chỉ tiêu'!$B:$B,Admin_DTR!$C15,'Chỉ tiêu'!$H:$H,Admin_DTR!M$3) -> 0 | N16: =SUMIFS('Chỉ tiêu'!$N:$N,'Chỉ tiêu'!$B:$B,Admin_DTR!$C15,'Chỉ tiêu'!$H:$H,Admin_DTR!N$3) -> 0 | O16: =SUMIFS('Chỉ tiêu'!$N:$N,'Chỉ tiêu'!$B:$B,Admin_DTR!$C15,'Chỉ tiêu'!$H:$H,Admin_DTR!O$3) -> 0 | P16: =SUMIFS('Chỉ tiêu'!$N:$N,'Chỉ tiêu'!$B:$B,Admin_DTR!$C15,'Chỉ tiêu'!$H:$H,Admin_DTR!P$3) -> 0 | Q16: =L16/G16 -> 1 | R16: =Q16*'CS Admin'!$C$21 -> 400000
F17: PO ký thấp hơn giá duyệt | G17: =G16 -> 5 | H17: =H16 -> 0 | I17: =I16 -> 0 | J17: =J16 -> 0 | K17: =K16 -> 0 | L17: 5 | M17: =SUMIFS('Giá mua'!$J:$J,'Giá mua'!$E:$E,Admin_DTR!M$3,'Giá mua'!$A:$A,Admin_DTR!$C15) -> 0 | N17: =SUMIFS('Giá mua'!$J:$J,'Giá mua'!$E:$E,Admin_DTR!N$3,'Giá mua'!$A:$A,Admin_DTR!$C15) -> 0 | O17: =SUMIFS('Giá mua'!$J:$J,'Giá mua'!$E:$E,Admin_DTR!O$3,'Giá mua'!$A:$A,Admin_DTR!$C15) -> 0 | P17: =SUMIFS('Giá mua'!$J:$J,'Giá mua'!$E:$E,Admin_DTR!P$3,'Giá mua'!$A:$A,Admin_DTR!$C15) -> 0 | Q17: =IFERROR((L17/G17),0) -> 1 | R17: =Q17*'CS Admin'!$C$23 -> 200000
F18: Báo cáo | G18: 4 | L18: 4 | Q18: =L18/G18 -> 1 | R18: 200000
F19: Khiếu nại NCC | G19: 1 | L19: 0 | Q19: =L19/G19 -> 0 | R19: 200000
A20: =A15+1 -> 5 | B20: 90026248 | C20: Trần Dương Quang Ngọc Linh | D20: Admin DTR | F20: Sản lượng tất cả sản phẩm rPET, rHDPE, rPP | G20: =SUM(H20:K20) -> 80 | H20: =SUMIFS(Chitieu[Chỉ tiêu],Chitieu[[qui đổi ]],Admin_DTR!H$3,Chitieu[Admin Miền],Admin_DTR!$C20) -> 0 | I20: =SUMIFS(Chitieu[Chỉ tiêu],Chitieu[[qui đổi ]],Admin_DTR!I$3,Chitieu[Admin Miền],Admin_DTR!$C20) -> 50 | J20: =SUMIFS(Chitieu[Chỉ tiêu],Chitieu[[qui đổi ]],Admin_DTR!J$3,Chitieu[Admin Miền],Admin_DTR!$C20) -> 30 | K20: =SUMIFS(Chitieu[Chỉ tiêu],Chitieu[[qui đổi ]],Admin_DTR!K$3,Chitieu[Admin Miền],Admin_DTR!$C20) -> 0 | L20: =SUM(M20:P20) -> 58.1808 | M20: =SUMIFS(Chitieu[Thực hiện],Chitieu[[qui đổi ]],Admin_DTR!$M$3,Chitieu[Admin Miền],Admin_DTR!C20) -> 0 | N20: =SUMIFS(Chitieu[Thực hiện],Chitieu[[qui đổi ]],Admin_DTR!$N$3,Chitieu[Admin Miền],Admin_DTR!C20) -> 48.5208 | O20: =SUMIFS(Chitieu[Thực hiện],Chitieu[[qui đổi ]],Admin_DTR!$O$3,Chitieu[Admin Miền],Admin_DTR!C20) -> 9.66 | P20: =SUMIFS(Chitieu[Thực hiện],Chitieu[[qui đổi ]],Admin_DTR!$P$3,Chitieu[Admin Miền],Admin_DTR!C20) -> 0 | Q20: =L20/G20 -> 0.72726 | R20: =IF(AND(Q20>70%,Q20<=80%),1000000,IF(AND(Q20>80%,Q20<=90%),1500000,IF(Q20>90%,2000000,0))) -> 1000000 | S20: =SUM(R20:R24) -> 1800000
F21: Ký kết PO đạt 90% | G21: 2 | H21: =SUMIFS('Chỉ tiêu'!$P:$P,'Chỉ tiêu'!$B:$B,Admin_DTR!$C20,'Chỉ tiêu'!$H:$H,Admin_DTR!H$3) -> 0 | I21: =SUMIFS('Chỉ tiêu'!$P:$P,'Chỉ tiêu'!$B:$B,Admin_DTR!$C20,'Chỉ tiêu'!$H:$H,Admin_DTR!I$3) -> 0 | J21: =SUMIFS('Chỉ tiêu'!$P:$P,'Chỉ tiêu'!$B:$B,Admin_DTR!$C20,'Chỉ tiêu'!$H:$H,Admin_DTR!J$3) -> 0 | K21: =SUMIFS('Chỉ tiêu'!$P:$P,'Chỉ tiêu'!$B:$B,Admin_DTR!$C20,'Chỉ tiêu'!$H:$H,Admin_DTR!K$3) -> 0 | L21: 2 | M21: =SUMIFS('Chỉ tiêu'!$N:$N,'Chỉ tiêu'!$B:$B,Admin_DTR!$C20,'Chỉ tiêu'!$H:$H,Admin_DTR!M$3) -> 0 | N21: =SUMIFS('Chỉ tiêu'!$N:$N,'Chỉ tiêu'!$B:$B,Admin_DTR!$C20,'Chỉ tiêu'!$H:$H,Admin_DTR!N$3) -> 0 | O21: =SUMIFS('Chỉ tiêu'!$N:$N,'Chỉ tiêu'!$B:$B,Admin_DTR!$C20,'Chỉ tiêu'!$H:$H,Admin_DTR!O$3) -> 0 | P21: =SUMIFS('Chỉ tiêu'!$N:$N,'Chỉ tiêu'!$B:$B,Admin_DTR!$C20,'Chỉ tiêu'!$H:$H,Admin_DTR!P$3) -> 0 | Q21: =L21/G21 -> 1 | R21: =Q21*'CS Admin'!$C$21 -> 400000
F22: PO ký thấp hơn giá duyệt | G22: =SUM(H22:K22) -> 0 | H22: =H21 -> 0 | I22: =I21 -> 0 | J22: =J21 -> 0 | K22: =K21 -> 0 | L22: 0 | M22: =SUMIFS('Giá mua'!$J:$J,'Giá mua'!$E:$E,Admin_DTR!M$3,'Giá mua'!$A:$A,Admin_DTR!$C20) -> 0 | N22: =SUMIFS('Giá mua'!$J:$J,'Giá mua'!$E:$E,Admin_DTR!N$3,'Giá mua'!$A:$A,Admin_DTR!$C20) -> 0 | O22: =SUMIFS('Giá mua'!$J:$J,'Giá mua'!$E:$E,Admin_DTR!O$3,'Giá mua'!$A:$A,Admin_DTR!$C20) -> 0 | P22: =SUMIFS('Giá mua'!$J:$J,'Giá mua'!$E:$E,Admin_DTR!P$3,'Giá mua'!$A:$A,Admin_DTR!$C20) -> 0 | Q22: =IFERROR((L22/G22),0) -> 0 | R22: =Q22*'CS Admin'!$C$23 -> 0
F23: Báo cáo | G23: 4 | L23: 4 | Q23: =L23/G23 -> 1 | R23: 200000
F24: Khiếu nại NCC | G24: 1 | L24: 0 | Q24: =IF(L24=0,0,L24/G24) -> 0 | R24: 200000
A25: =A20+1 -> 6 | C25: Từ Thị Yến Oanh | D25: Trưởng phòng điều phối | F25: Sản lượng tất cả sản phẩm rPET, rHDPE, rPP | G25: =SUM(H25:K25) -> 700 | H25: =SUMIFS(Chitieu[Chỉ tiêu],Chitieu[[qui đổi ]],Admin_DTR!H$3,Chitieu[Admin Miền],Admin_DTR!$C25) -> 700 | I25: =SUMIFS(Chitieu[Chỉ tiêu],Chitieu[[qui đổi ]],Admin_DTR!I$3,Chitieu[Admin Miền],Admin_DTR!$C25) -> 0 | J25: =SUMIFS(Chitieu[Chỉ tiêu],Chitieu[[qui đổi ]],Admin_DTR!J$3,Chitieu[Admin Miền],Admin_DTR!$C25) -> 0 | K25: =SUMIFS(Chitieu[Chỉ tiêu],Chitieu[[qui đổi ]],Admin_DTR!K$3,Chitieu[Admin Miền],Admin_DTR!$C25) -> 0 | L25: =SUM(M25:P25) -> 88.124 | M25: =SUMIFS(Chitieu[Thực hiện],Chitieu[[qui đổi ]],Admin_DTR!$M$3,Chitieu[Admin Miền],Admin_DTR!C25) -> 88.124 | N25: =SUMIFS(Chitieu[Thực hiện],Chitieu[[qui đổi ]],Admin_DTR!$N$3,Chitieu[Admin Miền],Admin_DTR!C25) -> 0 | O25: =SUMIFS(Chitieu[Thực hiện],Chitieu[[qui đổi ]],Admin_DTR!$O$3,Chitieu[Admin Miền],Admin_DTR!C25) -> 0 | P25: =SUMIFS(Chitieu[Thực hiện],Chitieu[[qui đổi ]],Admin_DTR!$P$3,Chitieu[Admin Miền],Admin_DTR!C25) -> 0 | Q25: =L25/G25 -> 0.12589143 | S25: =SUM(R25:R29) -> 0
F26: Ký kết PO đạt 90% | G26: =SUM(H26:K26) -> 0 | H26: =SUMIFS('Chỉ tiêu'!$P:$P,'Chỉ tiêu'!$B:$B,Admin_DTR!$C25,'Chỉ tiêu'!$H:$H,Admin_DTR!H$3) -> 0 | I26: =SUMIFS('Chỉ tiêu'!$P:$P,'Chỉ tiêu'!$B:$B,Admin_DTR!$C25,'Chỉ tiêu'!$H:$H,Admin_DTR!I$3) -> 0 | J26: =SUMIFS('Chỉ tiêu'!$P:$P,'Chỉ tiêu'!$B:$B,Admin_DTR!$C25,'Chỉ tiêu'!$H:$H,Admin_DTR!J$3) -> 0 | K26: =SUMIFS('Chỉ tiêu'!$P:$P,'Chỉ tiêu'!$B:$B,Admin_DTR!$C25,'Chỉ tiêu'!$H:$H,Admin_DTR!K$3) -> 0 | L26: =SUM(M26:P26) -> 0 | M26: =SUMIFS('Chỉ tiêu'!$N:$N,'Chỉ tiêu'!$B:$B,Admin_DTR!$C25,'Chỉ tiêu'!$H:$H,Admin_DTR!M$3) -> 0 | N26: =SUMIFS('Chỉ tiêu'!$N:$N,'Chỉ tiêu'!$B:$B,Admin_DTR!$C25,'Chỉ tiêu'!$H:$H,Admin_DTR!N$3) -> 0 | O26: =SUMIFS('Chỉ tiêu'!$N:$N,'Chỉ tiêu'!$B:$B,Admin_DTR!$C25,'Chỉ tiêu'!$H:$H,Admin_DTR!O$3) -> 0 | P26: =SUMIFS('Chỉ tiêu'!$N:$N,'Chỉ tiêu'!$B:$B,Admin_DTR!$C25,'Chỉ tiêu'!$H:$H,Admin_DTR!P$3) -> 0 | Q26: =L26/G26 -> #DIV/0!
F27: PO ký thấp hơn giá duyệt | G27: 12 | H27: =H26 -> 0 | I27: =I26 -> 0 | J27: =J26 -> 0 | K27: =K26 -> 0 | M27: =SUMIFS('Giá mua'!$J:$J,'Giá mua'!$E:$E,Admin_DTR!M$3,'Giá mua'!$A:$A,Admin_DTR!$C25) -> 0 | N27: =SUMIFS('Giá mua'!$J:$J,'Giá mua'!$E:$E,Admin_DTR!N$3,'Giá mua'!$A:$A,Admin_DTR!$C25) -> 0 | O27: =SUMIFS('Giá mua'!$J:$J,'Giá mua'!$E:$E,Admin_DTR!O$3,'Giá mua'!$A:$A,Admin_DTR!$C25) -> 0 | P27: =SUMIFS('Giá mua'!$J:$J,'Giá mua'!$E:$E,Admin_DTR!P$3,'Giá mua'!$A:$A,Admin_DTR!$C25) -> 0 | Q27: =IFERROR((L27/G27),0) -> 0
F28: Báo cáo | G28: 4 | Q28: =L28/G28 -> 0
F29: Khiếu nại NCC | G29: 1 | L29: 0 | Q29: =L29/G29 -> 0
A30: 7 | B30: 90024168 | F30: Sản lượng tất cả sản phẩm rPET, rHDPE, rPP | G30: =SUM(H30:K30) -> #REF! | H30: =SUMIFS('Chỉ tiêu'!$I:$I,'Chỉ tiêu'!$H:$H,Admin_DTR!H$3,'Chỉ tiêu'!#REF!,Admin_DTR!$C30)+H33 -> #REF! | I30: =SUMIFS('Chỉ tiêu'!$I:$I,'Chỉ tiêu'!$H:$H,Admin_DTR!I$3,'Chỉ tiêu'!#REF!,Admin_DTR!$C30)+I33 -> #REF! | J30: =SUMIFS('Chỉ tiêu'!$I:$I,'Chỉ tiêu'!$H:$H,Admin_DTR!J$3,'Chỉ tiêu'!#REF!,Admin_DTR!$C30)+J33 -> #REF! | K30: =SUMIFS('Chỉ tiêu'!$I:$I,'Chỉ tiêu'!$H:$H,Admin_DTR!K$3,'Chỉ tiêu'!#REF!,Admin_DTR!$C30)+K33 -> #REF! | L30: =SUM(M30:P30) -> #REF! | M30: =SUMIFS('Chỉ tiêu'!$K:$K,'Chỉ tiêu'!$H:$H,Admin_DTR!H$3,'Chỉ tiêu'!#REF!,Admin_DTR!$C30)+M33 -> #REF! | N30: =SUMIFS('Chỉ tiêu'!$K:$K,'Chỉ tiêu'!$H:$H,Admin_DTR!I$3,'Chỉ tiêu'!#REF!,Admin_DTR!$C30)+N33 -> #REF! | O30: =SUMIFS('Chỉ tiêu'!$K:$K,'Chỉ tiêu'!$H:$H,Admin_DTR!J$3,'Chỉ tiêu'!#REF!,Admin_DTR!$C30)+O33 -> #REF! | P30: =SUMIFS('Chỉ tiêu'!$K:$K,'Chỉ tiêu'!$H:$H,Admin_DTR!K$3,'Chỉ tiêu'!#REF!,Admin_DTR!$C30)+P33 -> #REF! | Q30: =IFERROR((L30/G30),0) -> 0 | R30: =IF(AND(Q30>70%,Q30<=80%),4000000,IF(Q30>80%,5000000,0)) -> 0 | S30: =SUM(R30,R31,R32) -> 1000000
F31: Hoàn thành kế hoạch viếng thăm, gọi điện các NCC. | G31: 1 | L31: 1 | Q31: =IF(L31=0,0,L31/G31) -> 1 | R31: =IF(Q31>=80%,500000,0) -> 500000
F32: NCC Mới/báo cáo | G32: 4 | L32: 4 | Q32: =IF(L32=0,0,L32/G32) -> 1 | R32: =IF(Q32>=100%,500000,0) -> 500000
A33: 8 | B33: 90026395 | F33: Sản lượng tất cả sản phẩm rPET, rHDPE, rPP | G33: =SUM(H33:K33) -> #REF! | H33: =SUMIFS('Chỉ tiêu'!$I:$I,'Chỉ tiêu'!$H:$H,Admin_DTR!H$3,'Chỉ tiêu'!#REF!,Admin_DTR!$C33) -> #REF! | I33: =SUMIFS('Chỉ tiêu'!$I:$I,'Chỉ tiêu'!$H:$H,Admin_DTR!I$3,'Chỉ tiêu'!#REF!,Admin_DTR!$C33) -> #REF! | J33: =SUMIFS('Chỉ tiêu'!$I:$I,'Chỉ tiêu'!$H:$H,Admin_DTR!J$3,'Chỉ tiêu'!#REF!,Admin_DTR!$C33) -> #REF! | K33: =SUMIFS('Chỉ tiêu'!$I:$I,'Chỉ tiêu'!$H:$H,Admin_DTR!K$3,'Chỉ tiêu'!#REF!,Admin_DTR!$C33) -> #REF! | L33: =SUM(M33:P33) -> #REF! | M33: =SUMIFS('Chỉ tiêu'!$K:$K,'Chỉ tiêu'!$H:$H,Admin_DTR!H$3,'Chỉ tiêu'!#REF!,Admin_DTR!$C33) -> #REF! | N33: =SUMIFS('Chỉ tiêu'!$K:$K,'Chỉ tiêu'!$H:$H,Admin_DTR!I$3,'Chỉ tiêu'!#REF!,Admin_DTR!$C33) -> #REF! | O33: =SUMIFS('Chỉ tiêu'!$K:$K,'Chỉ tiêu'!$H:$H,Admin_DTR!J$3,'Chỉ tiêu'!#REF!,Admin_DTR!$C33) -> #REF! | P33: =SUMIFS('Chỉ tiêu'!$K:$K,'Chỉ tiêu'!$H:$H,Admin_DTR!K$3,'Chỉ tiêu'!#REF!,Admin_DTR!$C33) -> #REF! | Q33: =IFERROR((L33/G33),0) -> 0 | R33: =IF(AND(Q33>70%,Q33<=80%),3000000,IF(Q33>80%,4000000,0)) -> 0 | S33: =SUM(R33,R34,R35) -> 1000000
F34: Hoàn thành kế hoạch viếng thăm, gọi điện các NCC. | G34: 1 | L34: 0.9808 | Q34: =IF(L34=0,0,L34/G34) -> 0.9808 | R34: =IF(Q34>=80%,500000,0) -> 500000
F35: NCC Mới/báo cáo | G35: 4 | L35: 4 | Q35: =IF(L35=0,0,L35/G35) -> 1 | R35: =IF(Q35>=100%,500000,0) -> 500000
A36: 9 | B36: 90026683 | F36: Sản lượng tất cả sản phẩm rPET, rHDPE, rPP | G36: =SUM(H36:K36) -> #REF! | H36: =SUMIFS('Chỉ tiêu'!$I:$I,'Chỉ tiêu'!$H:$H,Admin_DTR!H$3,'Chỉ tiêu'!#REF!,Admin_DTR!$C36)+H39 -> #REF! | I36: =SUMIFS('Chỉ tiêu'!$I:$I,'Chỉ tiêu'!$H:$H,Admin_DTR!I$3,'Chỉ tiêu'!#REF!,Admin_DTR!$C36)+I39 -> #REF! | J36: =SUMIFS('Chỉ tiêu'!$I:$I,'Chỉ tiêu'!$H:$H,Admin_DTR!J$3,'Chỉ tiêu'!#REF!,Admin_DTR!$C36)+J39 -> #REF! | K36: =SUMIFS('Chỉ tiêu'!$I:$I,'Chỉ tiêu'!$H:$H,Admin_DTR!K$3,'Chỉ tiêu'!#REF!,Admin_DTR!$C36)+K39 -> #REF! | L36: =SUM(M36:P36) -> #REF! | M36: =SUMIFS('Chỉ tiêu'!$K:$K,'Chỉ tiêu'!$H:$H,Admin_DTR!H$3,'Chỉ tiêu'!#REF!,Admin_DTR!$C36)+M39 -> #REF! | N36: =SUMIFS('Chỉ tiêu'!$K:$K,'Chỉ tiêu'!$H:$H,Admin_DTR!I$3,'Chỉ tiêu'!#REF!,Admin_DTR!$C36)+N39 -> #REF! | O36: =SUMIFS('Chỉ tiêu'!$K:$K,'Chỉ tiêu'!$H:$H,Admin_DTR!J$3,'Chỉ tiêu'!#REF!,Admin_DTR!$C36)+O39 -> #REF! | P36: =SUMIFS('Chỉ tiêu'!$K:$K,'Chỉ tiêu'!$H:$H,Admin_DTR!K$3,'Chỉ tiêu'!#REF!,Admin_DTR!$C36)+P39 -> #REF! | Q36: =IFERROR((L36/G36),0) -> 0 | R36: =IF(AND(Q36>70%,Q36<=80%),4000000,IF(Q36>80%,5000000,0)) -> 0 | S36: =SUM(R36,R37,R38) -> 1000000
F37: Hoàn thành kế hoạch viếng thăm, gọi điện các NCC. | G37: 1 | L37: 1 | Q37: =IF(L37=0,0,L37/G37) -> 1 | R37: =IF(Q37>=80%,500000,0) -> 500000
F38: NCC Mới/báo cáo | G38: 4 | L38: 4 | Q38: =IF(L38=0,0,L38/G38) -> 1 | R38: =IF(Q38>=100%,500000,0) -> 500000
A39: 10 | B39: 90024356 | F39: Sản lượng tất cả sản phẩm rPET, rHDPE, rPP | G39: =SUM(H39:K39) -> #REF! | H39: =SUMIFS('Chỉ tiêu'!$I:$I,'Chỉ tiêu'!$H:$H,Admin_DTR!H$3,'Chỉ tiêu'!#REF!,Admin_DTR!$C39) -> #REF! | I39: =SUMIFS('Chỉ tiêu'!$I:$I,'Chỉ tiêu'!$H:$H,Admin_DTR!I$3,'Chỉ tiêu'!#REF!,Admin_DTR!$C39) -> #REF! | J39: =SUMIFS('Chỉ tiêu'!$I:$I,'Chỉ tiêu'!$H:$H,Admin_DTR!J$3,'Chỉ tiêu'!#REF!,Admin_DTR!$C39) -> #REF! | K39: =SUMIFS('Chỉ tiêu'!$I:$I,'Chỉ tiêu'!$H:$H,Admin_DTR!K$3,'Chỉ tiêu'!#REF!,Admin_DTR!$C39) -> #REF! | L39: =SUM(M39:P39) -> #REF! | M39: =SUMIFS('Chỉ tiêu'!$K:$K,'Chỉ tiêu'!$H:$H,Admin_DTR!H$3,'Chỉ tiêu'!#REF!,Admin_DTR!$C39) -> #REF! | N39: =SUMIFS('Chỉ tiêu'!$K:$K,'Chỉ tiêu'!$H:$H,Admin_DTR!I$3,'Chỉ tiêu'!#REF!,Admin_DTR!$C39) -> #REF! | O39: =SUMIFS('Chỉ tiêu'!$K:$K,'Chỉ tiêu'!$H:$H,Admin_DTR!J$3,'Chỉ tiêu'!#REF!,Admin_DTR!$C39) -> #REF! | P39: =SUMIFS('Chỉ tiêu'!$K:$K,'Chỉ tiêu'!$H:$H,Admin_DTR!K$3,'Chỉ tiêu'!#REF!,Admin_DTR!$C39) -> #REF! | Q39: =IFERROR((L39/G39),0) -> 0 | R39: =IF(AND(Q39>70%,Q39<=80%),3000000,IF(Q39>80%,4000000,0)) -> 0 | S39: =SUM(R39,R40,R41) -> 1000000
F40: Hoàn thành kế hoạch viếng thăm, gọi điện các NCC. | G40: 1 | L40: 0.9652 | Q40: =IF(L40=0,0,L40/G40) -> 0.9652 | R40: =IF(Q40>=80%,500000,0) -> 500000
F41: NCC Mới/báo cáo | G41: 4 | L41: 4 | Q41: =IF(L41=0,0,L41/G41) -> 1 | R41: =IF(Q41>=100%,500000,0) -> 500000
A42: 11 | B42: 90024169 | F42: Sản lượng tất cả sản phẩm rPET, rHDPE, rPP | G42: =SUM(H42:K42) -> #REF! | H42: =SUMIFS('Chỉ tiêu'!$I:$I,'Chỉ tiêu'!$H:$H,Admin_DTR!H$3,'Chỉ tiêu'!#REF!,Admin_DTR!$C42) -> #REF! | I42: =SUMIFS('Chỉ tiêu'!$I:$I,'Chỉ tiêu'!$H:$H,Admin_DTR!I$3,'Chỉ tiêu'!#REF!,Admin_DTR!$C42) -> #REF! | J42: =SUMIFS('Chỉ tiêu'!$I:$I,'Chỉ tiêu'!$H:$H,Admin_DTR!J$3,'Chỉ tiêu'!#REF!,Admin_DTR!$C42) -> #REF! | K42: =SUMIFS('Chỉ tiêu'!$I:$I,'Chỉ tiêu'!$H:$H,Admin_DTR!K$3,'Chỉ tiêu'!#REF!,Admin_DTR!$C42) -> #REF! | L42: =SUM(M42:P42) -> #REF! | M42: =SUMIFS('Chỉ tiêu'!$K:$K,'Chỉ tiêu'!$H:$H,Admin_DTR!H$3,'Chỉ tiêu'!#REF!,Admin_DTR!$C42) -> #REF! | N42: =SUMIFS('Chỉ tiêu'!$K:$K,'Chỉ tiêu'!$H:$H,Admin_DTR!I$3,'Chỉ tiêu'!#REF!,Admin_DTR!$C42) -> #REF! | O42: =SUMIFS('Chỉ tiêu'!$K:$K,'Chỉ tiêu'!$H:$H,Admin_DTR!J$3,'Chỉ tiêu'!#REF!,Admin_DTR!$C42) -> #REF! | P42: =SUMIFS('Chỉ tiêu'!$K:$K,'Chỉ tiêu'!$H:$H,Admin_DTR!K$3,'Chỉ tiêu'!#REF!,Admin_DTR!$C42) -> #REF! | Q42: =IFERROR((L42/G42),0) -> 0 | R42: =IF(AND(Q42>70%,Q42<=80%),4000000,IF(Q42>80%,5000000,0)) -> 0 | S42: =SUM(R42,R43,R44) -> 1000000
F43: Hoàn thành kế hoạch viếng thăm, gọi điện các NCC. | G43: 1 | L43: 0.9583 | Q43: =IF(L43=0,0,L43/G43) -> 0.9583 | R43: =IF(Q43>=80%,500000,0) -> 500000
F44: NCC Mới/báo cáo | G44: 4 | L44: 4 | Q44: =IF(L44=0,0,L44/G44) -> 1 | R44: =IF(Q44>=100%,500000,0) -> 500000
A45: 12 | B45: 90024358 | F45: Sản lượng tất cả sản phẩm rPET, rHDPE, rPP | G45: =SUM(H45:K45) -> #REF! | H45: =SUMIFS('Chỉ tiêu'!$I:$I,'Chỉ tiêu'!$H:$H,Admin_DTR!H$3,'Chỉ tiêu'!#REF!,Admin_DTR!$C45) -> #REF! | I45: =SUMIFS('Chỉ tiêu'!$I:$I,'Chỉ tiêu'!$H:$H,Admin_DTR!I$3,'Chỉ tiêu'!#REF!,Admin_DTR!$C45) -> #REF! | J45: =SUMIFS('Chỉ tiêu'!$I:$I,'Chỉ tiêu'!$H:$H,Admin_DTR!J$3,'Chỉ tiêu'!#REF!,Admin_DTR!$C45) -> #REF! | K45: =SUMIFS('Chỉ tiêu'!$I:$I,'Chỉ tiêu'!$H:$H,Admin_DTR!K$3,'Chỉ tiêu'!#REF!,Admin_DTR!$C45) -> #REF! | L45: =SUM(M45:P45) -> #REF! | M45: =SUMIFS('Chỉ tiêu'!$K:$K,'Chỉ tiêu'!$H:$H,Admin_DTR!H$3,'Chỉ tiêu'!#REF!,Admin_DTR!$C45) -> #REF! | N45: =SUMIFS('Chỉ tiêu'!$K:$K,'Chỉ tiêu'!$H:$H,Admin_DTR!I$3,'Chỉ tiêu'!#REF!,Admin_DTR!$C45) -> #REF! | O45: =SUMIFS('Chỉ tiêu'!$K:$K,'Chỉ tiêu'!$H:$H,Admin_DTR!J$3,'Chỉ tiêu'!#REF!,Admin_DTR!$C45) -> #REF! | P45: =SUMIFS('Chỉ tiêu'!$K:$K,'Chỉ tiêu'!$H:$H,Admin_DTR!K$3,'Chỉ tiêu'!#REF!,Admin_DTR!$C45) -> #REF! | Q45: =IFERROR((L45/G45),0) -> 0 | R45: =IF(AND(Q45>70%,Q45<=80%),4000000,IF(Q45>80%,5000000,0)) -> 0 | S45: =SUM(R45,R46,R47) -> 1000000
F46: Hoàn thành kế hoạch viếng thăm, gọi điện các NCC. | G46: 1 | L46: 0.9779 | Q46: =IF(L46=0,0,L46/G46) -> 0.9779 | R46: =IF(Q46>=80%,500000,0) -> 500000
F47: NCC Mới/báo cáo | G47: 4 | L47: 4 | Q47: =IF(L47=0,0,L47/G47) -> 1 | R47: =IF(Q47>=100%,500000,0) -> 500000
A48: =A45+1 -> 13 | B48: 90024839 | F48: Sản lượng tất cả sản phẩm rPET, rHDPE, rPP | G48: =SUM(H48:K48) -> #REF! | H48: =SUMIFS('Chỉ tiêu'!$I:$I,'Chỉ tiêu'!$H:$H,Admin_DTR!H$3,'Chỉ tiêu'!#REF!,Admin_DTR!$C48) -> #REF! | I48: =SUMIFS('Chỉ tiêu'!$I:$I,'Chỉ tiêu'!$H:$H,Admin_DTR!I$3,'Chỉ tiêu'!#REF!,Admin_DTR!$C48) -> #REF! | J48: =SUMIFS('Chỉ tiêu'!$I:$I,'Chỉ tiêu'!$H:$H,Admin_DTR!J$3,'Chỉ tiêu'!#REF!,Admin_DTR!$C48) -> #REF! | K48: =SUMIFS('Chỉ tiêu'!$I:$I,'Chỉ tiêu'!$H:$H,Admin_DTR!K$3,'Chỉ tiêu'!#REF!,Admin_DTR!$C48) -> #REF! | L48: =SUM(M48:P48) -> #REF! | M48: =SUMIFS('Chỉ tiêu'!$K:$K,'Chỉ tiêu'!$H:$H,Admin_DTR!H$3,'Chỉ tiêu'!#REF!,Admin_DTR!$C48) -> #REF! | N48: =SUMIFS('Chỉ tiêu'!$K:$K,'Chỉ tiêu'!$H:$H,Admin_DTR!I$3,'Chỉ tiêu'!#REF!,Admin_DTR!$C48) -> #REF! | O48: =SUMIFS('Chỉ tiêu'!$K:$K,'Chỉ tiêu'!$H:$H,Admin_DTR!J$3,'Chỉ tiêu'!#REF!,Admin_DTR!$C48) -> #REF! | P48: =SUMIFS('Chỉ tiêu'!$K:$K,'Chỉ tiêu'!$H:$H,Admin_DTR!K$3,'Chỉ tiêu'!#REF!,Admin_DTR!$C48) -> #REF! | Q48: =IFERROR((L48/G48),0) -> 0 | R48: =IF(AND(Q48>70%,Q48<=80%),3000000,IF(Q48>80%,4000000,0)) -> 0 | S48: =SUM(R48,R49,R50) -> 1000000
F49: Hoàn thành kế hoạch viếng thăm, gọi điện các NCC. | G49: 1 | L49: 0.9951 | Q49: =IF(L49=0,0,L49/G49) -> 0.9951 | R49: =IF(Q49>=80%,500000,0) -> 500000
F50: NCC Mới/báo cáo | G50: 4 | L50: 4 | Q50: =IF(L50=0,0,L50/G50) -> 1 | R50: =IF(Q50>=100%,500000,0) -> 500000
A51: =A48+1 -> 14 | F51: Sản lượng tất cả sản phẩm rPET, rHDPE, rPP | G51: =SUM(H51:K51) -> #REF! | H51: =SUMIFS('Chỉ tiêu'!$I:$I,'Chỉ tiêu'!$H:$H,Admin_DTR!H$3,'Chỉ tiêu'!#REF!,Admin_DTR!$C51) -> #REF! | I51: =SUMIFS('Chỉ tiêu'!$I:$I,'Chỉ tiêu'!$H:$H,Admin_DTR!I$3,'Chỉ tiêu'!#REF!,Admin_DTR!$C51) -> #REF! | J51: =SUMIFS('Chỉ tiêu'!$I:$I,'Chỉ tiêu'!$H:$H,Admin_DTR!J$3,'Chỉ tiêu'!#REF!,Admin_DTR!$C51) -> #REF! | K51: =SUMIFS('Chỉ tiêu'!$I:$I,'Chỉ tiêu'!$H:$H,Admin_DTR!K$3,'Chỉ tiêu'!#REF!,Admin_DTR!$C51) -> #REF! | L51: =SUM(M51:P51) -> #REF! | M51: =SUMIFS('Chỉ tiêu'!$K:$K,'Chỉ tiêu'!$H:$H,Admin_DTR!H$3,'Chỉ tiêu'!#REF!,Admin_DTR!$C51) -> #REF! | N51: =SUMIFS('Chỉ tiêu'!$K:$K,'Chỉ tiêu'!$H:$H,Admin_DTR!I$3,'Chỉ tiêu'!#REF!,Admin_DTR!$C51) -> #REF! | O51: =SUMIFS('Chỉ tiêu'!$K:$K,'Chỉ tiêu'!$H:$H,Admin_DTR!J$3,'Chỉ tiêu'!#REF!,Admin_DTR!$C51) -> #REF! | P51: =SUMIFS('Chỉ tiêu'!$K:$K,'Chỉ tiêu'!$H:$H,Admin_DTR!K$3,'Chỉ tiêu'!#REF!,Admin_DTR!$C51) -> #REF! | Q51: =IFERROR((L51/G51),0) -> 0 | R51: =IF(AND(Q51>70%,Q51<=80%),3000000,IF(Q51>80%,4000000,0)) -> 0 | S51: =SUM(R51,R52,R53) -> 1000000
F52: Hoàn thành kế hoạch viếng thăm, gọi điện các NCC. | G52: 1 | L52: 0.975 | Q52: =IF(L52=0,0,L52/G52) -> 0.975 | R52: =IF(Q52>=80%,500000,0) -> 500000
F53: NCC Mới/báo cáo | G53: 4 | L53: 4 | Q53: =IF(L53=0,0,L53/G53) -> 1 | R53: =IF(Q53>=100%,500000,0) -> 500000
A54: 15 | F54: Sản lượng tất cả sản phẩm rPET, rHDPE, rPP | G54: =SUM(H54:K54) -> #REF! | H54: =SUMIFS('Chỉ tiêu'!$I:$I,'Chỉ tiêu'!$H:$H,Admin_DTR!H$3,'Chỉ tiêu'!#REF!,Admin_DTR!$C54) -> #REF! | I54: =SUMIFS('Chỉ tiêu'!$I:$I,'Chỉ tiêu'!$H:$H,Admin_DTR!I$3,'Chỉ tiêu'!#REF!,Admin_DTR!$C54) -> #REF! | J54: =SUMIFS('Chỉ tiêu'!$I:$I,'Chỉ tiêu'!$H:$H,Admin_DTR!J$3,'Chỉ tiêu'!#REF!,Admin_DTR!$C54) -> #REF! | K54: =SUMIFS('Chỉ tiêu'!$I:$I,'Chỉ tiêu'!$H:$H,Admin_DTR!K$3,'Chỉ tiêu'!#REF!,Admin_DTR!$C54) -> #REF! | L54: =SUM(M54:P54) -> #REF! | M54: =SUMIFS('Chỉ tiêu'!$K:$K,'Chỉ tiêu'!$H:$H,Admin_DTR!H$3,'Chỉ tiêu'!#REF!,Admin_DTR!$C54) -> #REF! | N54: =SUMIFS('Chỉ tiêu'!$K:$K,'Chỉ tiêu'!$H:$H,Admin_DTR!I$3,'Chỉ tiêu'!#REF!,Admin_DTR!$C54) -> #REF! | O54: =SUMIFS('Chỉ tiêu'!$K:$K,'Chỉ tiêu'!$H:$H,Admin_DTR!J$3,'Chỉ tiêu'!#REF!,Admin_DTR!$C54) -> #REF! | P54: =SUMIFS('Chỉ tiêu'!$K:$K,'Chỉ tiêu'!$H:$H,Admin_DTR!K$3,'Chỉ tiêu'!#REF!,Admin_DTR!$C54) -> #REF! | Q54: =IFERROR((L54/G54),0) -> 0
A55: 16 | F55: Sản lượng tất cả sản phẩm rPET, rHDPE, rPP | G55: =SUM(H55:K55) -> #REF! | H55: =SUMIFS('Chỉ tiêu'!$I:$I,'Chỉ tiêu'!$H:$H,Admin_DTR!H$3,'Chỉ tiêu'!#REF!,Admin_DTR!$C55) -> #REF! | I55: =SUMIFS('Chỉ tiêu'!$I:$I,'Chỉ tiêu'!$H:$H,Admin_DTR!I$3,'Chỉ tiêu'!#REF!,Admin_DTR!$C55) -> #REF! | J55: =SUMIFS('Chỉ tiêu'!$I:$I,'Chỉ tiêu'!$H:$H,Admin_DTR!J$3,'Chỉ tiêu'!#REF!,Admin_DTR!$C55) -> #REF! | K55: =SUMIFS('Chỉ tiêu'!$I:$I,'Chỉ tiêu'!$H:$H,Admin_DTR!K$3,'Chỉ tiêu'!#REF!,Admin_DTR!$C55) -> #REF! | L55: =SUM(M55:P55) -> #REF! | M55: =SUMIFS('Chỉ tiêu'!$K:$K,'Chỉ tiêu'!$H:$H,Admin_DTR!H$3,'Chỉ tiêu'!#REF!,Admin_DTR!$C55) -> #REF! | N55: =SUMIFS('Chỉ tiêu'!$K:$K,'Chỉ tiêu'!$H:$H,Admin_DTR!I$3,'Chỉ tiêu'!#REF!,Admin_DTR!$C55) -> #REF! | O55: =SUMIFS('Chỉ tiêu'!$K:$K,'Chỉ tiêu'!$H:$H,Admin_DTR!J$3,'Chỉ tiêu'!#REF!,Admin_DTR!$C55) -> #REF! | P55: =SUMIFS('Chỉ tiêu'!$K:$K,'Chỉ tiêu'!$H:$H,Admin_DTR!K$3,'Chỉ tiêu'!#REF!,Admin_DTR!$C55) -> #REF! | Q55: =IFERROR((L55/G55),0) -> 0

Sheet Admin_Tram
F1: =F4 -> 3040 | G1: =G4 -> 0 | H1: =H4 -> 3040 | I1: =I4 -> 0 | J1: =J4 -> 0 | K1: =K4 -> 2845.398 | L1: =L4 -> 0 | M1: =M4 -> 2810.906 | ... O1: =O4 -> 0 | P1: =K1/F1 -> 0.93598618 | U1: 46053
A2: ='Thị trường'!A2 -> KPI TÍNH LƯƠNG THÁNG 05/2026 | F2: Chỉ tiêu | K2: Thực đạt
A3: STT | B3: Mã nhân viên | C3: Họ và tên | D3: Chức vụ | E3: Pis | F3: Tổng | G3: PET vảy | H3: PET chai | I3: HDPE | J3: PP | K3: Tổng | L3: PET vảy | M3: PET chai | N3: HDPE | O3: PP | P3: % | Q3: Thưởng chỉ tiêu | R3: ='Thị trường'!S3 -> KPI T05/2026
A4: 1 | E4: Sản lượng tất cả sản phẩm rPET, rHDPE, rPP | F4: =F5+F10+F15+F20 -> 3040 | G4: =G5+G10+G15+G20 -> 0 | H4: =H5+H10+H15+H20 -> 3040 | I4: =I5+I10+I15+I20 -> 0 | J4: =J5+J10+J15+J20 -> 0 | K4: =K5+K10+K15+K20 -> 2845.398 | L4: =L5+L10+L15+L20 -> 0 | M4: =M5+M10+M15+M20 -> 2810.906 | ... O4: =O5+O10+O15+O20 -> 0 | P4: =K4/F4 -> 0.93598618
A5: =A4+1 -> 2 | B5: 90026947 | C5: Nguyễn Thị Ngọc Bích | D5: Admin Trạm | E5: Sản lượng tất cả sản phẩm rPET, rHDPE, rPP | F5: =SUM(G5:J5) -> 900 | G5: =SUMIFS('Chỉ tiêu'!$I:$I,'Chỉ tiêu'!$H:$H,Admin_Tram!G$3,'Chỉ tiêu'!$B:$B,Admin_Tram!$C5) -> 0 | H5: =SUMIFS('Chỉ tiêu'!$I:$I,'Chỉ tiêu'!$H:$H,Admin_Tram!H$3,'Chỉ tiêu'!$B:$B,Admin_Tram!$C5) -> 900 | I5: =SUMIFS('Chỉ tiêu'!$I:$I,'Chỉ tiêu'!$H:$H,Admin_Tram!I$3,'Chỉ tiêu'!$B:$B,Admin_Tram!$C5) -> 0 | J5: =SUMIFS('Chỉ tiêu'!$I:$I,'Chỉ tiêu'!$H:$H,Admin_Tram!J$3,'Chỉ tiêu'!$B:$B,Admin_Tram!$C5) -> 0 | K5: =SUM(L5:O5) -> 1145.714 | L5: =SUMIFS('Chỉ tiêu'!$K:$K,'Chỉ tiêu'!$H:$H,Admin_Tram!L$3,'Chỉ tiêu'!$B:$B,Admin_Tram!$C5) -> 0 | M5: =SUMIFS('Chỉ tiêu'!$K:$K,'Chỉ tiêu'!$H:$H,Admin_Tram!M$3,'Chỉ tiêu'!$B:$B,Admin_Tram!$C5) -> 1111.222 | N5: =SUMIFS('Chỉ tiêu'!$K:$K,'Chỉ tiêu'!$H:$H,Admin_Tram!N$3,'Chỉ tiêu'!$B:$B,Admin_Tram!$C5) -> 34.492 | O5: =SUMIFS('Chỉ tiêu'!$K:$K,'Chỉ tiêu'!$H:$H,Admin_Tram!O$3,'Chỉ tiêu'!$B:$B,Admin_Tram!$C5) -> 0 | P5: =K5/F5 -> 1.2730156 | Q5: =IF(AND(P5>70%,P5<=80%),1000000,IF(AND(P5>80%,P5<=90%),1500000,IF(P5>90%,2000000,0))) -> 2000000 | R5: =SUM(Q5:Q9) -> 3000000
E6: Liên hệ NCC | F6: 50 | K6: =SUMIFS('Data Gọi'!N:N,'Data Gọi'!P:P,Admin_Tram!C5) -> 71 | P6: =K6/F6 -> 1.42 | Q6: =IF(P6>100%,'CS Admin'!$B$30,0) -> 300000
E7: Đảm bảo số NCC giao dịch | F7: ='NCC giao dịch'!D48 -> 115 | K7: ='NCC giao dịch'!D51 -> 133 | P7: =K7/F7 -> 1.1565217 | Q7: =IF(P7>100%,'CS Admin'!$B$32,0) -> 300000
E8: Báo cáo | F8: 4 | K8: 4 | P8: =K8/F8 -> 1 | Q8: =IF(P8>100%,'CS Admin'!$B$34,Admin_Tram!P8*'CS Admin'!$B$34) -> 200000
E9: Khiếu nại NCC | F9: 1 | K9: 0 | P9: =K9/F9 -> 0 | Q9: =IF(P9>100%,Admin_Tram!P9*'CS Admin'!$B$36,'CS Admin'!$B$36) -> 200000
A10: =A5+1 -> 3 | B10: 90027036 | C10: Đào Dương Anh Thư | D10: Admin Trạm | E10: Sản lượng tất cả sản phẩm rPET, rHDPE, rPP | F10: =SUM(G10:J10) -> 1285 | G10: =SUMIFS('Chỉ tiêu'!$I:$I,'Chỉ tiêu'!$H:$H,Admin_Tram!G$3,'Chỉ tiêu'!$B:$B,Admin_Tram!$C10) -> 0 | H10: =SUMIFS('Chỉ tiêu'!$I:$I,'Chỉ tiêu'!$H:$H,Admin_Tram!H$3,'Chỉ tiêu'!$B:$B,Admin_Tram!$C10) -> 1285 | I10: =SUMIFS('Chỉ tiêu'!$I:$I,'Chỉ tiêu'!$H:$H,Admin_Tram!I$3,'Chỉ tiêu'!$B:$B,Admin_Tram!$C10) -> 0 | J10: =SUMIFS('Chỉ tiêu'!$I:$I,'Chỉ tiêu'!$H:$H,Admin_Tram!J$3,'Chỉ tiêu'!$B:$B,Admin_Tram!$C10) -> 0 | K10: =SUM(L10:O10) -> 905.321 | L10: =SUMIFS('Chỉ tiêu'!$K:$K,'Chỉ tiêu'!$H:$H,Admin_Tram!L$3,'Chỉ tiêu'!$B:$B,Admin_Tram!$C10) -> 0 | M10: =SUMIFS('Chỉ tiêu'!$K:$K,'Chỉ tiêu'!$H:$H,Admin_Tram!M$3,'Chỉ tiêu'!$B:$B,Admin_Tram!$C10) -> 905.321 | N10: =SUMIFS('Chỉ tiêu'!$K:$K,'Chỉ tiêu'!$H:$H,Admin_Tram!N$3,'Chỉ tiêu'!$B:$B,Admin_Tram!$C10) -> 0 | O10: =SUMIFS('Chỉ tiêu'!$K:$K,'Chỉ tiêu'!$H:$H,Admin_Tram!O$3,'Chỉ tiêu'!$B:$B,Admin_Tram!$C10) -> 0 | P10: =K10/F10 -> 0.70452996 | Q10: =IF(AND(P10>70%,P10<=80%),1000000,IF(AND(P10>80%,P10<=90%),1500000,IF(P10>90%,2000000,0))) -> 1000000 | R10: =SUM(Q10:Q14) -> 2000000
E11: Liên hệ NCC | F11: 50 | K11: =SUMIFS('Data Gọi'!N:N,'Data Gọi'!P:P,Admin_Tram!C10) -> 115 | P11: =K11/F11 -> 2.3 | Q11: =IF(P11>100%,'CS Admin'!$B$30,0) -> 300000
E12: Đảm bảo số NCC giao dịch | F12: ='NCC giao dịch'!D49 -> 52 | K12: ='NCC giao dịch'!D52 -> 59 | P12: =K12/F12 -> 1.1346154 | Q12: =IF(P12>100%,'CS Admin'!$B$32,0) -> 300000
E13: Báo cáo | F13: 4 | K13: 4 | P13: =K13/F13 -> 1 | Q13: =IF(P13>100%,'CS Admin'!$B$34,Admin_Tram!P13*'CS Admin'!$B$34) -> 200000
E14: Khiếu nại NCC | F14: 1 | K14: 0 | P14: =K14/F14 -> 0 | Q14: =IF(P14>100%,Admin_Tram!P14*'CS Admin'!$B$36,'CS Admin'!$B$36) -> 200000
A15: =A10+1 -> 4 | B15: 90024840 | C15: Phạm Thị Thúy Duy | D15: Kiêm Admin Trạm | E15: Sản lượng tất cả sản phẩm rPET, rHDPE, rPP | F15: =SUM(G15:J15) -> 855 | G15: =SUMIFS('Chỉ tiêu'!$I:$I,'Chỉ tiêu'!$H:$H,Admin_Tram!G$3,'Chỉ tiêu'!$B:$B,Admin_Tram!$C15) -> 0 | H15: =SUMIFS('Chỉ tiêu'!$I:$I,'Chỉ tiêu'!$H:$H,Admin_Tram!H$3,'Chỉ tiêu'!$B:$B,Admin_Tram!$C15) -> 855 | I15: =SUMIFS('Chỉ tiêu'!$I:$I,'Chỉ tiêu'!$H:$H,Admin_Tram!I$3,'Chỉ tiêu'!$B:$B,Admin_Tram!$C15) -> 0 | J15: =SUMIFS('Chỉ tiêu'!$I:$I,'Chỉ tiêu'!$H:$H,Admin_Tram!J$3,'Chỉ tiêu'!$B:$B,Admin_Tram!$C15) -> 0 | K15: =SUM(L15:O15) -> 794.363 | L15: =SUMIFS('Chỉ tiêu'!$K:$K,'Chỉ tiêu'!$H:$H,Admin_Tram!L$3,'Chỉ tiêu'!$B:$B,Admin_Tram!$C15) -> 0 | M15: =SUMIFS('Chỉ tiêu'!$K:$K,'Chỉ tiêu'!$H:$H,Admin_Tram!M$3,'Chỉ tiêu'!$B:$B,Admin_Tram!$C15) -> 794.363 | N15: =SUMIFS('Chỉ tiêu'!$K:$K,'Chỉ tiêu'!$H:$H,Admin_Tram!N$3,'Chỉ tiêu'!$B:$B,Admin_Tram!$C15) -> 0 | O15: =SUMIFS('Chỉ tiêu'!$K:$K,'Chỉ tiêu'!$H:$H,Admin_Tram!O$3,'Chỉ tiêu'!$B:$B,Admin_Tram!$C15) -> 0 | P15: =K15/F15 -> 0.92907953 | Q15: =IF(AND(P15>70%,P15<=80%),1000000,IF(AND(P15>80%,P15<=90%),1500000,IF(P15>90%,2000000,0))) -> 2000000 | R15: =SUM(Q15:Q19) -> 2700000
E16: Liên hệ NCC | F16: 50 | K16: =SUMIFS('NCC giao dịch'!$D:$D,'NCC giao dịch'!$B:$B,MONTH($U$1),'NCC giao dịch'!$C:$C,Admin_Tram!$C15,'NCC giao dịch'!$A:$A,YEAR(Admin_Tram!$U$1)) -> 0 | P16: =K16/F16 -> 0 | Q16: =IF(P16>100%,'CS Admin'!$B$30,0) -> 0
E17: Đảm bảo số NCC giao dịch | F17: ='NCC giao dịch'!D50 -> 87 | K17: ='NCC giao dịch'!D53 -> 96 | P17: =K17/F17 -> 1.1034483 | Q17: =IF(P17>100%,'CS Admin'!$B$32,0) -> 300000
E18: Báo cáo | F18: 4 | K18: 4 | P18: =K18/F18 -> 1 | Q18: =IF(P18>100%,'CS Admin'!$B$34,Admin_Tram!P18*'CS Admin'!$B$34) -> 200000
E19: Khiếu nại NCC | F19: 1 | K19: 0 | P19: =K19/F19 -> 0 | Q19: =IF(P19>100%,Admin_Tram!P19*'CS Admin'!$B$36,'CS Admin'!$B$36) -> 200000
A20: =A15+1 -> 5 | B20: 90024327 | D20: Admin DTR | E20: Sản lượng tất cả sản phẩm rPET, rHDPE, rPP | F20: =SUM(G20:J20) -> 0 | G20: =SUMIFS('Chỉ tiêu'!$I:$I,'Chỉ tiêu'!$H:$H,Admin_Tram!G$3,'Chỉ tiêu'!$B:$B,Admin_Tram!$C20) -> 0 | H20: =SUMIFS('Chỉ tiêu'!$I:$I,'Chỉ tiêu'!$H:$H,Admin_Tram!H$3,'Chỉ tiêu'!$B:$B,Admin_Tram!$C20) -> 0 | I20: =SUMIFS('Chỉ tiêu'!$I:$I,'Chỉ tiêu'!$H:$H,Admin_Tram!I$3,'Chỉ tiêu'!$B:$B,Admin_Tram!$C20) -> 0 | J20: =SUMIFS('Chỉ tiêu'!$I:$I,'Chỉ tiêu'!$H:$H,Admin_Tram!J$3,'Chỉ tiêu'!$B:$B,Admin_Tram!$C20) -> 0 | K20: =SUM(L20:O20) -> 0 | L20: =SUMIFS('Chỉ tiêu'!$K:$K,'Chỉ tiêu'!$H:$H,Admin_Tram!L$3,'Chỉ tiêu'!$B:$B,Admin_Tram!$C20) -> 0 | M20: =SUMIFS('Chỉ tiêu'!$K:$K,'Chỉ tiêu'!$H:$H,Admin_Tram!M$3,'Chỉ tiêu'!$B:$B,Admin_Tram!$C20) -> 0 | N20: =SUMIFS('Chỉ tiêu'!$K:$K,'Chỉ tiêu'!$H:$H,Admin_Tram!N$3,'Chỉ tiêu'!$B:$B,Admin_Tram!$C20) -> 0 | O20: =SUMIFS('Chỉ tiêu'!$K:$K,'Chỉ tiêu'!$H:$H,Admin_Tram!O$3,'Chỉ tiêu'!$B:$B,Admin_Tram!$C20) -> 0 | P20: =K20/F20 -> #DIV/0! | Q20: =IF(AND(P20>70%,P20<=80%),1000000,IF(AND(P20>80%,P20<=90%),1500000,IF(P20>90%,2000000,0))) -> #DIV/0! | R20: =SUM(Q20:Q24) -> #DIV/0!
E21: Ký kết PO đạt 90% | F21: =SUM(G21:J21) -> 0 | G21: =SUMIFS('Chỉ tiêu'!$P:$P,'Chỉ tiêu'!$B:$B,Admin_Tram!$C20,'Chỉ tiêu'!$H:$H,Admin_Tram!G$3) -> 0 | H21: =SUMIFS('Chỉ tiêu'!$P:$P,'Chỉ tiêu'!$B:$B,Admin_Tram!$C20,'Chỉ tiêu'!$H:$H,Admin_Tram!H$3) -> 0 | I21: =SUMIFS('Chỉ tiêu'!$P:$P,'Chỉ tiêu'!$B:$B,Admin_Tram!$C20,'Chỉ tiêu'!$H:$H,Admin_Tram!I$3) -> 0 | J21: =SUMIFS('Chỉ tiêu'!$P:$P,'Chỉ tiêu'!$B:$B,Admin_Tram!$C20,'Chỉ tiêu'!$H:$H,Admin_Tram!J$3) -> 0 | K21: =SUM(L21:O21) -> 0 | L21: =SUMIFS('Chỉ tiêu'!$N:$N,'Chỉ tiêu'!$B:$B,Admin_Tram!$C20,'Chỉ tiêu'!$H:$H,Admin_Tram!L$3) -> 0 | M21: =SUMIFS('Chỉ tiêu'!$N:$N,'Chỉ tiêu'!$B:$B,Admin_Tram!$C20,'Chỉ tiêu'!$H:$H,Admin_Tram!M$3) -> 0 | N21: =SUMIFS('Chỉ tiêu'!$N:$N,'Chỉ tiêu'!$B:$B,Admin_Tram!$C20,'Chỉ tiêu'!$H:$H,Admin_Tram!N$3) -> 0 | O21: =SUMIFS('Chỉ tiêu'!$N:$N,'Chỉ tiêu'!$B:$B,Admin_Tram!$C20,'Chỉ tiêu'!$H:$H,Admin_Tram!O$3) -> 0 | P21: =K21/F21 -> #DIV/0! | Q21: =P21*#REF! -> #DIV/0!
E22: PO ký thấp hơn giá duyệt | F22: =SUM(G22:J22) -> 0 | G22: =SUMIFS('Giá mua'!$K:$K,'Giá mua'!$E:$E,Admin_Tram!G$3,'Giá mua'!$A:$A,Admin_Tram!$C20) -> 0 | H22: =SUMIFS('Giá mua'!$K:$K,'Giá mua'!$E:$E,Admin_Tram!H$3,'Giá mua'!$A:$A,Admin_Tram!$C20) -> 0 | I22: =SUMIFS('Giá mua'!$K:$K,'Giá mua'!$E:$E,Admin_Tram!I$3,'Giá mua'!$A:$A,Admin_Tram!$C20) -> 0 | J22: =SUMIFS('Giá mua'!$K:$K,'Giá mua'!$E:$E,Admin_Tram!J$3,'Giá mua'!$A:$A,Admin_Tram!$C20) -> 0 | K22: =SUM(L22:O22) -> 0 | L22: =SUMIFS('Giá mua'!$J:$J,'Giá mua'!$E:$E,Admin_Tram!L$3,'Giá mua'!$A:$A,Admin_Tram!$C20) -> 0 | M22: =SUMIFS('Giá mua'!$J:$J,'Giá mua'!$E:$E,Admin_Tram!M$3,'Giá mua'!$A:$A,Admin_Tram!$C20) -> 0 | N22: =SUMIFS('Giá mua'!$J:$J,'Giá mua'!$E:$E,Admin_Tram!N$3,'Giá mua'!$A:$A,Admin_Tram!$C20) -> 0 | O22: =SUMIFS('Giá mua'!$J:$J,'Giá mua'!$E:$E,Admin_Tram!O$3,'Giá mua'!$A:$A,Admin_Tram!$C20) -> 0 | P22: =K22/F22 -> #DIV/0! | Q22: =P22*#REF! -> #DIV/0!
E23: Báo cáo
E24: Khiếu nại NCC | P24: =IF(K24=0,0,K24/F24) -> 0 | Q24: =IF(P24>=100%,500000,0) -> 0
A25: =A20+1 -> 6 | B25: 90024809 | E25: Sản lượng tất cả sản phẩm rPET, rHDPE, rPP | F25: =SUM(G25:J25) -> #REF! | G25: =SUMIFS('Chỉ tiêu'!$I:$I,'Chỉ tiêu'!$H:$H,Admin_Tram!G$3,'Chỉ tiêu'!#REF!,Admin_Tram!$C25) -> #REF! | H25: =SUMIFS('Chỉ tiêu'!$I:$I,'Chỉ tiêu'!$H:$H,Admin_Tram!H$3,'Chỉ tiêu'!#REF!,Admin_Tram!$C25) -> #REF! | I25: =SUMIFS('Chỉ tiêu'!$I:$I,'Chỉ tiêu'!$H:$H,Admin_Tram!I$3,'Chỉ tiêu'!#REF!,Admin_Tram!$C25) -> #REF! | J25: =SUMIFS('Chỉ tiêu'!$I:$I,'Chỉ tiêu'!$H:$H,Admin_Tram!J$3,'Chỉ tiêu'!#REF!,Admin_Tram!$C25) -> #REF! | K25: =SUM(L25:O25) -> #REF! | L25: =SUMIFS('Chỉ tiêu'!$K:$K,'Chỉ tiêu'!$H:$H,Admin_Tram!G$3,'Chỉ tiêu'!#REF!,Admin_Tram!$C25) -> #REF! | M25: =SUMIFS('Chỉ tiêu'!$K:$K,'Chỉ tiêu'!$H:$H,Admin_Tram!H$3,'Chỉ tiêu'!#REF!,Admin_Tram!$C25) -> #REF! | N25: =SUMIFS('Chỉ tiêu'!$K:$K,'Chỉ tiêu'!$H:$H,Admin_Tram!I$3,'Chỉ tiêu'!#REF!,Admin_Tram!$C25) -> #REF! | O25: =SUMIFS('Chỉ tiêu'!$K:$K,'Chỉ tiêu'!$H:$H,Admin_Tram!J$3,'Chỉ tiêu'!#REF!,Admin_Tram!$C25) -> #REF! | P25: =IFERROR((K25/F25),0) -> 0 | Q25: =IF(AND(P25>70%,P25<=80%),3000000,IF(P25>80%,4000000,0)) -> 0 | R25: =SUM(Q25,Q26,Q27) -> 1000000
E26: Hoàn thành kế hoạch viếng thăm, gọi điện các NCC. | F26: 1 | K26: 1 | P26: =IF(K26=0,0,K26/F26) -> 1 | Q26: =IF(P26>=80%,500000,0) -> 500000
E27: NCC Mới/báo cáo | F27: 4 | K27: 4 | P27: =IF(K27=0,0,K27/F27) -> 1 | Q27: =IF(P27>=100%,500000,0) -> 500000
A28: 7 | B28: 90024168 | E28: Sản lượng tất cả sản phẩm rPET, rHDPE, rPP | F28: =SUM(G28:J28) -> #REF! | G28: =SUMIFS('Chỉ tiêu'!$I:$I,'Chỉ tiêu'!$H:$H,Admin_Tram!G$3,'Chỉ tiêu'!#REF!,Admin_Tram!$C28)+G31 -> #REF! | H28: =SUMIFS('Chỉ tiêu'!$I:$I,'Chỉ tiêu'!$H:$H,Admin_Tram!H$3,'Chỉ tiêu'!#REF!,Admin_Tram!$C28)+H31 -> #REF! | I28: =SUMIFS('Chỉ tiêu'!$I:$I,'Chỉ tiêu'!$H:$H,Admin_Tram!I$3,'Chỉ tiêu'!#REF!,Admin_Tram!$C28)+I31 -> #REF! | J28: =SUMIFS('Chỉ tiêu'!$I:$I,'Chỉ tiêu'!$H:$H,Admin_Tram!J$3,'Chỉ tiêu'!#REF!,Admin_Tram!$C28)+J31 -> #REF! | K28: =SUM(L28:O28) -> #REF! | L28: =SUMIFS('Chỉ tiêu'!$K:$K,'Chỉ tiêu'!$H:$H,Admin_Tram!G$3,'Chỉ tiêu'!#REF!,Admin_Tram!$C28)+L31 -> #REF! | M28: =SUMIFS('Chỉ tiêu'!$K:$K,'Chỉ tiêu'!$H:$H,Admin_Tram!H$3,'Chỉ tiêu'!#REF!,Admin_Tram!$C28)+M31 -> #REF! | N28: =SUMIFS('Chỉ tiêu'!$K:$K,'Chỉ tiêu'!$H:$H,Admin_Tram!I$3,'Chỉ tiêu'!#REF!,Admin_Tram!$C28)+N31 -> #REF! | O28: =SUMIFS('Chỉ tiêu'!$K:$K,'Chỉ tiêu'!$H:$H,Admin_Tram!J$3,'Chỉ tiêu'!#REF!,Admin_Tram!$C28)+O31 -> #REF! | P28: =IFERROR((K28/F28),0) -> 0 | Q28: =IF(AND(P28>70%,P28<=80%),4000000,IF(P28>80%,5000000,0)) -> 0 | R28: =SUM(Q28,Q29,Q30) -> 1000000
E29: Hoàn thành kế hoạch viếng thăm, gọi điện các NCC. | F29: 1 | K29: 1 | P29: =IF(K29=0,0,K29/F29) -> 1 | Q29: =IF(P29>=80%,500000,0) -> 500000
E30: NCC Mới/báo cáo | F30: 4 | K30: 4 | P30: =IF(K30=0,0,K30/F30) -> 1 | Q30: =IF(P30>=100%,500000,0) -> 500000
A31: 8 | B31: 90026395 | E31: Sản lượng tất cả sản phẩm rPET, rHDPE, rPP | F31: =SUM(G31:J31) -> #REF! | G31: =SUMIFS('Chỉ tiêu'!$I:$I,'Chỉ tiêu'!$H:$H,Admin_Tram!G$3,'Chỉ tiêu'!#REF!,Admin_Tram!$C31) -> #REF! | H31: =SUMIFS('Chỉ tiêu'!$I:$I,'Chỉ tiêu'!$H:$H,Admin_Tram!H$3,'Chỉ tiêu'!#REF!,Admin_Tram!$C31) -> #REF! | I31: =SUMIFS('Chỉ tiêu'!$I:$I,'Chỉ tiêu'!$H:$H,Admin_Tram!I$3,'Chỉ tiêu'!#REF!,Admin_Tram!$C31) -> #REF! | J31: =SUMIFS('Chỉ tiêu'!$I:$I,'Chỉ tiêu'!$H:$H,Admin_Tram!J$3,'Chỉ tiêu'!#REF!,Admin_Tram!$C31) -> #REF! | K31: =SUM(L31:O31) -> #REF! | L31: =SUMIFS('Chỉ tiêu'!$K:$K,'Chỉ tiêu'!$H:$H,Admin_Tram!G$3,'Chỉ tiêu'!#REF!,Admin_Tram!$C31) -> #REF! | M31: =SUMIFS('Chỉ tiêu'!$K:$K,'Chỉ tiêu'!$H:$H,Admin_Tram!H$3,'Chỉ tiêu'!#REF!,Admin_Tram!$C31) -> #REF! | N31: =SUMIFS('Chỉ tiêu'!$K:$K,'Chỉ tiêu'!$H:$H,Admin_Tram!I$3,'Chỉ tiêu'!#REF!,Admin_Tram!$C31) -> #REF! | O31: =SUMIFS('Chỉ tiêu'!$K:$K,'Chỉ tiêu'!$H:$H,Admin_Tram!J$3,'Chỉ tiêu'!#REF!,Admin_Tram!$C31) -> #REF! | P31: =IFERROR((K31/F31),0) -> 0 | Q31: =IF(AND(P31>70%,P31<=80%),3000000,IF(P31>80%,4000000,0)) -> 0 | R31: =SUM(Q31,Q32,Q33) -> 1000000
E32: Hoàn thành kế hoạch viếng thăm, gọi điện các NCC. | F32: 1 | K32: 0.9808 | P32: =IF(K32=0,0,K32/F32) -> 0.9808 | Q32: =IF(P32>=80%,500000,0) -> 500000
E33: NCC Mới/báo cáo | F33: 4 | K33: 4 | P33: =IF(K33=0,0,K33/F33) -> 1 | Q33: =IF(P33>=100%,500000,0) -> 500000
A34: 9 | B34: 90026683 | E34: Sản lượng tất cả sản phẩm rPET, rHDPE, rPP | F34: =SUM(G34:J34) -> #REF! | G34: =SUMIFS('Chỉ tiêu'!$I:$I,'Chỉ tiêu'!$H:$H,Admin_Tram!G$3,'Chỉ tiêu'!#REF!,Admin_Tram!$C34)+G37 -> #REF! | H34: =SUMIFS('Chỉ tiêu'!$I:$I,'Chỉ tiêu'!$H:$H,Admin_Tram!H$3,'Chỉ tiêu'!#REF!,Admin_Tram!$C34)+H37 -> #REF! | I34: =SUMIFS('Chỉ tiêu'!$I:$I,'Chỉ tiêu'!$H:$H,Admin_Tram!I$3,'Chỉ tiêu'!#REF!,Admin_Tram!$C34)+I37 -> #REF! | J34: =SUMIFS('Chỉ tiêu'!$I:$I,'Chỉ tiêu'!$H:$H,Admin_Tram!J$3,'Chỉ tiêu'!#REF!,Admin_Tram!$C34)+J37 -> #REF! | K34: =SUM(L34:O34) -> #REF! | L34: =SUMIFS('Chỉ tiêu'!$K:$K,'Chỉ tiêu'!$H:$H,Admin_Tram!G$3,'Chỉ tiêu'!#REF!,Admin_Tram!$C34)+L37 -> #REF! | M34: =SUMIFS('Chỉ tiêu'!$K:$K,'Chỉ tiêu'!$H:$H,Admin_Tram!H$3,'Chỉ tiêu'!#REF!,Admin_Tram!$C34)+M37 -> #REF! | N34: =SUMIFS('Chỉ tiêu'!$K:$K,'Chỉ tiêu'!$H:$H,Admin_Tram!I$3,'Chỉ tiêu'!#REF!,Admin_Tram!$C34)+N37 -> #REF! | O34: =SUMIFS('Chỉ tiêu'!$K:$K,'Chỉ tiêu'!$H:$H,Admin_Tram!J$3,'Chỉ tiêu'!#REF!,Admin_Tram!$C34)+O37 -> #REF! | P34: =IFERROR((K34/F34),0) -> 0 | Q34: =IF(AND(P34>70%,P34<=80%),4000000,IF(P34>80%,5000000,0)) -> 0 | R34: =SUM(Q34,Q35,Q36) -> 1000000
E35: Hoàn thành kế hoạch viếng thăm, gọi điện các NCC. | F35: 1 | K35: 1 | P35: =IF(K35=0,0,K35/F35) -> 1 | Q35: =IF(P35>=80%,500000,0) -> 500000
E36: NCC Mới/báo cáo | F36: 4 | K36: 4 | P36: =IF(K36=0,0,K36/F36) -> 1 | Q36: =IF(P36>=100%,500000,0) -> 500000
A37: 10 | B37: 90024356 | E37: Sản lượng tất cả sản phẩm rPET, rHDPE, rPP | F37: =SUM(G37:J37) -> #REF! | G37: =SUMIFS('Chỉ tiêu'!$I:$I,'Chỉ tiêu'!$H:$H,Admin_Tram!G$3,'Chỉ tiêu'!#REF!,Admin_Tram!$C37) -> #REF! | H37: =SUMIFS('Chỉ tiêu'!$I:$I,'Chỉ tiêu'!$H:$H,Admin_Tram!H$3,'Chỉ tiêu'!#REF!,Admin_Tram!$C37) -> #REF! | I37: =SUMIFS('Chỉ tiêu'!$I:$I,'Chỉ tiêu'!$H:$H,Admin_Tram!I$3,'Chỉ tiêu'!#REF!,Admin_Tram!$C37) -> #REF! | J37: =SUMIFS('Chỉ tiêu'!$I:$I,'Chỉ tiêu'!$H:$H,Admin_Tram!J$3,'Chỉ tiêu'!#REF!,Admin_Tram!$C37) -> #REF! | K37: =SUM(L37:O37) -> #REF! | L37: =SUMIFS('Chỉ tiêu'!$K:$K,'Chỉ tiêu'!$H:$H,Admin_Tram!G$3,'Chỉ tiêu'!#REF!,Admin_Tram!$C37) -> #REF! | M37: =SUMIFS('Chỉ tiêu'!$K:$K,'Chỉ tiêu'!$H:$H,Admin_Tram!H$3,'Chỉ tiêu'!#REF!,Admin_Tram!$C37) -> #REF! | N37: =SUMIFS('Chỉ tiêu'!$K:$K,'Chỉ tiêu'!$H:$H,Admin_Tram!I$3,'Chỉ tiêu'!#REF!,Admin_Tram!$C37) -> #REF! | O37: =SUMIFS('Chỉ tiêu'!$K:$K,'Chỉ tiêu'!$H:$H,Admin_Tram!J$3,'Chỉ tiêu'!#REF!,Admin_Tram!$C37) -> #REF! | P37: =IFERROR((K37/F37),0) -> 0 | Q37: =IF(AND(P37>70%,P37<=80%),3000000,IF(P37>80%,4000000,0)) -> 0 | R37: =SUM(Q37,Q38,Q39) -> 1000000
E38: Hoàn thành kế hoạch viếng thăm, gọi điện các NCC. | F38: 1 | K38: 0.9652 | P38: =IF(K38=0,0,K38/F38) -> 0.9652 | Q38: =IF(P38>=80%,500000,0) -> 500000
E39: NCC Mới/báo cáo | F39: 4 | K39: 4 | P39: =IF(K39=0,0,K39/F39) -> 1 | Q39: =IF(P39>=100%,500000,0) -> 500000
A40: 11 | B40: 90024169 | E40: Sản lượng tất cả sản phẩm rPET, rHDPE, rPP | F40: =SUM(G40:J40) -> #REF! | G40: =SUMIFS('Chỉ tiêu'!$I:$I,'Chỉ tiêu'!$H:$H,Admin_Tram!G$3,'Chỉ tiêu'!#REF!,Admin_Tram!$C40) -> #REF! | H40: =SUMIFS('Chỉ tiêu'!$I:$I,'Chỉ tiêu'!$H:$H,Admin_Tram!H$3,'Chỉ tiêu'!#REF!,Admin_Tram!$C40) -> #REF! | I40: =SUMIFS('Chỉ tiêu'!$I:$I,'Chỉ tiêu'!$H:$H,Admin_Tram!I$3,'Chỉ tiêu'!#REF!,Admin_Tram!$C40) -> #REF! | J40: =SUMIFS('Chỉ tiêu'!$I:$I,'Chỉ tiêu'!$H:$H,Admin_Tram!J$3,'Chỉ tiêu'!#REF!,Admin_Tram!$C40) -> #REF! | K40: =SUM(L40:O40) -> #REF! | L40: =SUMIFS('Chỉ tiêu'!$K:$K,'Chỉ tiêu'!$H:$H,Admin_Tram!G$3,'Chỉ tiêu'!#REF!,Admin_Tram!$C40) -> #REF! | M40: =SUMIFS('Chỉ tiêu'!$K:$K,'Chỉ tiêu'!$H:$H,Admin_Tram!H$3,'Chỉ tiêu'!#REF!,Admin_Tram!$C40) -> #REF! | N40: =SUMIFS('Chỉ tiêu'!$K:$K,'Chỉ tiêu'!$H:$H,Admin_Tram!I$3,'Chỉ tiêu'!#REF!,Admin_Tram!$C40) -> #REF! | O40: =SUMIFS('Chỉ tiêu'!$K:$K,'Chỉ tiêu'!$H:$H,Admin_Tram!J$3,'Chỉ tiêu'!#REF!,Admin_Tram!$C40) -> #REF! | P40: =IFERROR((K40/F40),0) -> 0 | Q40: =IF(AND(P40>70%,P40<=80%),4000000,IF(P40>80%,5000000,0)) -> 0 | R40: =SUM(Q40,Q41,Q42) -> 1000000
E41: Hoàn thành kế hoạch viếng thăm, gọi điện các NCC. | F41: 1 | K41: 0.9583 | P41: =IF(K41=0,0,K41/F41) -> 0.9583 | Q41: =IF(P41>=80%,500000,0) -> 500000
E42: NCC Mới/báo cáo | F42: 4 | K42: 4 | P42: =IF(K42=0,0,K42/F42) -> 1 | Q42: =IF(P42>=100%,500000,0) -> 500000
A43: 12 | B43: 90024358 | E43: Sản lượng tất cả sản phẩm rPET, rHDPE, rPP | F43: =SUM(G43:J43) -> #REF! | G43: =SUMIFS('Chỉ tiêu'!$I:$I,'Chỉ tiêu'!$H:$H,Admin_Tram!G$3,'Chỉ tiêu'!#REF!,Admin_Tram!$C43) -> #REF! | H43: =SUMIFS('Chỉ tiêu'!$I:$I,'Chỉ tiêu'!$H:$H,Admin_Tram!H$3,'Chỉ tiêu'!#REF!,Admin_Tram!$C43) -> #REF! | I43: =SUMIFS('Chỉ tiêu'!$I:$I,'Chỉ tiêu'!$H:$H,Admin_Tram!I$3,'Chỉ tiêu'!#REF!,Admin_Tram!$C43) -> #REF! | J43: =SUMIFS('Chỉ tiêu'!$I:$I,'Chỉ tiêu'!$H:$H,Admin_Tram!J$3,'Chỉ tiêu'!#REF!,Admin_Tram!$C43) -> #REF! | K43: =SUM(L43:O43) -> #REF! | L43: =SUMIFS('Chỉ tiêu'!$K:$K,'Chỉ tiêu'!$H:$H,Admin_Tram!G$3,'Chỉ tiêu'!#REF!,Admin_Tram!$C43) -> #REF! | M43: =SUMIFS('Chỉ tiêu'!$K:$K,'Chỉ tiêu'!$H:$H,Admin_Tram!H$3,'Chỉ tiêu'!#REF!,Admin_Tram!$C43) -> #REF! | N43: =SUMIFS('Chỉ tiêu'!$K:$K,'Chỉ tiêu'!$H:$H,Admin_Tram!I$3,'Chỉ tiêu'!#REF!,Admin_Tram!$C43) -> #REF! | O43: =SUMIFS('Chỉ tiêu'!$K:$K,'Chỉ tiêu'!$H:$H,Admin_Tram!J$3,'Chỉ tiêu'!#REF!,Admin_Tram!$C43) -> #REF! | P43: =IFERROR((K43/F43),0) -> 0 | Q43: =IF(AND(P43>70%,P43<=80%),4000000,IF(P43>80%,5000000,0)) -> 0 | R43: =SUM(Q43,Q44,Q45) -> 1000000
E44: Hoàn thành kế hoạch viếng thăm, gọi điện các NCC. | F44: 1 | K44: 0.9779 | P44: =IF(K44=0,0,K44/F44) -> 0.9779 | Q44: =IF(P44>=80%,500000,0) -> 500000
E45: NCC Mới/báo cáo | F45: 4 | K45: 4 | P45: =IF(K45=0,0,K45/F45) -> 1 | Q45: =IF(P45>=100%,500000,0) -> 500000
A46: =A43+1 -> 13 | B46: 90024839 | E46: Sản lượng tất cả sản phẩm rPET, rHDPE, rPP | F46: =SUM(G46:J46) -> #REF! | G46: =SUMIFS('Chỉ tiêu'!$I:$I,'Chỉ tiêu'!$H:$H,Admin_Tram!G$3,'Chỉ tiêu'!#REF!,Admin_Tram!$C46) -> #REF! | H46: =SUMIFS('Chỉ tiêu'!$I:$I,'Chỉ tiêu'!$H:$H,Admin_Tram!H$3,'Chỉ tiêu'!#REF!,Admin_Tram!$C46) -> #REF! | I46: =SUMIFS('Chỉ tiêu'!$I:$I,'Chỉ tiêu'!$H:$H,Admin_Tram!I$3,'Chỉ tiêu'!#REF!,Admin_Tram!$C46) -> #REF! | J46: =SUMIFS('Chỉ tiêu'!$I:$I,'Chỉ tiêu'!$H:$H,Admin_Tram!J$3,'Chỉ tiêu'!#REF!,Admin_Tram!$C46) -> #REF! | K46: =SUM(L46:O46) -> #REF! | L46: =SUMIFS('Chỉ tiêu'!$K:$K,'Chỉ tiêu'!$H:$H,Admin_Tram!G$3,'Chỉ tiêu'!#REF!,Admin_Tram!$C46) -> #REF! | M46: =SUMIFS('Chỉ tiêu'!$K:$K,'Chỉ tiêu'!$H:$H,Admin_Tram!H$3,'Chỉ tiêu'!#REF!,Admin_Tram!$C46) -> #REF! | N46: =SUMIFS('Chỉ tiêu'!$K:$K,'Chỉ tiêu'!$H:$H,Admin_Tram!I$3,'Chỉ tiêu'!#REF!,Admin_Tram!$C46) -> #REF! | O46: =SUMIFS('Chỉ tiêu'!$K:$K,'Chỉ tiêu'!$H:$H,Admin_Tram!J$3,'Chỉ tiêu'!#REF!,Admin_Tram!$C46) -> #REF! | P46: =IFERROR((K46/F46),0) -> 0 | Q46: =IF(AND(P46>70%,P46<=80%),3000000,IF(P46>80%,4000000,0)) -> 0 | R46: =SUM(Q46,Q47,Q48) -> 1000000
E47: Hoàn thành kế hoạch viếng thăm, gọi điện các NCC. | F47: 1 | K47: 0.9951 | P47: =IF(K47=0,0,K47/F47) -> 0.9951 | Q47: =IF(P47>=80%,500000,0) -> 500000
E48: NCC Mới/báo cáo | F48: 4 | K48: 4 | P48: =IF(K48=0,0,K48/F48) -> 1 | Q48: =IF(P48>=100%,500000,0) -> 500000
A49: =A46+1 -> 14 | E49: Sản lượng tất cả sản phẩm rPET, rHDPE, rPP | F49: =SUM(G49:J49) -> #REF! | G49: =SUMIFS('Chỉ tiêu'!$I:$I,'Chỉ tiêu'!$H:$H,Admin_Tram!G$3,'Chỉ tiêu'!#REF!,Admin_Tram!$C49) -> #REF! | H49: =SUMIFS('Chỉ tiêu'!$I:$I,'Chỉ tiêu'!$H:$H,Admin_Tram!H$3,'Chỉ tiêu'!#REF!,Admin_Tram!$C49) -> #REF! | I49: =SUMIFS('Chỉ tiêu'!$I:$I,'Chỉ tiêu'!$H:$H,Admin_Tram!I$3,'Chỉ tiêu'!#REF!,Admin_Tram!$C49) -> #REF! | J49: =SUMIFS('Chỉ tiêu'!$I:$I,'Chỉ tiêu'!$H:$H,Admin_Tram!J$3,'Chỉ tiêu'!#REF!,Admin_Tram!$C49) -> #REF! | K49: =SUM(L49:O49) -> #REF! | L49: =SUMIFS('Chỉ tiêu'!$K:$K,'Chỉ tiêu'!$H:$H,Admin_Tram!G$3,'Chỉ tiêu'!#REF!,Admin_Tram!$C49) -> #REF! | M49: =SUMIFS('Chỉ tiêu'!$K:$K,'Chỉ tiêu'!$H:$H,Admin_Tram!H$3,'Chỉ tiêu'!#REF!,Admin_Tram!$C49) -> #REF! | N49: =SUMIFS('Chỉ tiêu'!$K:$K,'Chỉ tiêu'!$H:$H,Admin_Tram!I$3,'Chỉ tiêu'!#REF!,Admin_Tram!$C49) -> #REF! | O49: =SUMIFS('Chỉ tiêu'!$K:$K,'Chỉ tiêu'!$H:$H,Admin_Tram!J$3,'Chỉ tiêu'!#REF!,Admin_Tram!$C49) -> #REF! | P49: =IFERROR((K49/F49),0) -> 0 | Q49: =IF(AND(P49>70%,P49<=80%),3000000,IF(P49>80%,4000000,0)) -> 0 | R49: =SUM(Q49,Q50,Q51) -> 1000000
E50: Hoàn thành kế hoạch viếng thăm, gọi điện các NCC. | F50: 1 | K50: 0.975 | P50: =IF(K50=0,0,K50/F50) -> 0.975 | Q50: =IF(P50>=80%,500000,0) -> 500000
E51: NCC Mới/báo cáo | F51: 4 | K51: 4 | P51: =IF(K51=0,0,K51/F51) -> 1 | Q51: =IF(P51>=100%,500000,0) -> 500000
A52: 15 | E52: Sản lượng tất cả sản phẩm rPET, rHDPE, rPP | F52: =SUM(G52:J52) -> #REF! | G52: =SUMIFS('Chỉ tiêu'!$I:$I,'Chỉ tiêu'!$H:$H,Admin_Tram!G$3,'Chỉ tiêu'!#REF!,Admin_Tram!$C52) -> #REF! | H52: =SUMIFS('Chỉ tiêu'!$I:$I,'Chỉ tiêu'!$H:$H,Admin_Tram!H$3,'Chỉ tiêu'!#REF!,Admin_Tram!$C52) -> #REF! | I52: =SUMIFS('Chỉ tiêu'!$I:$I,'Chỉ tiêu'!$H:$H,Admin_Tram!I$3,'Chỉ tiêu'!#REF!,Admin_Tram!$C52) -> #REF! | J52: =SUMIFS('Chỉ tiêu'!$I:$I,'Chỉ tiêu'!$H:$H,Admin_Tram!J$3,'Chỉ tiêu'!#REF!,Admin_Tram!$C52) -> #REF! | K52: =SUM(L52:O52) -> #REF! | L52: =SUMIFS('Chỉ tiêu'!$K:$K,'Chỉ tiêu'!$H:$H,Admin_Tram!G$3,'Chỉ tiêu'!#REF!,Admin_Tram!$C52) -> #REF! | M52: =SUMIFS('Chỉ tiêu'!$K:$K,'Chỉ tiêu'!$H:$H,Admin_Tram!H$3,'Chỉ tiêu'!#REF!,Admin_Tram!$C52) -> #REF! | N52: =SUMIFS('Chỉ tiêu'!$K:$K,'Chỉ tiêu'!$H:$H,Admin_Tram!I$3,'Chỉ tiêu'!#REF!,Admin_Tram!$C52) -> #REF! | O52: =SUMIFS('Chỉ tiêu'!$K:$K,'Chỉ tiêu'!$H:$H,Admin_Tram!J$3,'Chỉ tiêu'!#REF!,Admin_Tram!$C52) -> #REF! | P52: =IFERROR((K52/F52),0) -> 0
A53: 16 | E53: Sản lượng tất cả sản phẩm rPET, rHDPE, rPP | F53: =SUM(G53:J53) -> #REF! | G53: =SUMIFS('Chỉ tiêu'!$I:$I,'Chỉ tiêu'!$H:$H,Admin_Tram!G$3,'Chỉ tiêu'!#REF!,Admin_Tram!$C53) -> #REF! | H53: =SUMIFS('Chỉ tiêu'!$I:$I,'Chỉ tiêu'!$H:$H,Admin_Tram!H$3,'Chỉ tiêu'!#REF!,Admin_Tram!$C53) -> #REF! | I53: =SUMIFS('Chỉ tiêu'!$I:$I,'Chỉ tiêu'!$H:$H,Admin_Tram!I$3,'Chỉ tiêu'!#REF!,Admin_Tram!$C53) -> #REF! | J53: =SUMIFS('Chỉ tiêu'!$I:$I,'Chỉ tiêu'!$H:$H,Admin_Tram!J$3,'Chỉ tiêu'!#REF!,Admin_Tram!$C53) -> #REF! | K53: =SUM(L53:O53) -> #REF! | L53: =SUMIFS('Chỉ tiêu'!$K:$K,'Chỉ tiêu'!$H:$H,Admin_Tram!G$3,'Chỉ tiêu'!#REF!,Admin_Tram!$C53) -> #REF! | M53: =SUMIFS('Chỉ tiêu'!$K:$K,'Chỉ tiêu'!$H:$H,Admin_Tram!H$3,'Chỉ tiêu'!#REF!,Admin_Tram!$C53) -> #REF! | N53: =SUMIFS('Chỉ tiêu'!$K:$K,'Chỉ tiêu'!$H:$H,Admin_Tram!I$3,'Chỉ tiêu'!#REF!,Admin_Tram!$C53) -> #REF! | O53: =SUMIFS('Chỉ tiêu'!$K:$K,'Chỉ tiêu'!$H:$H,Admin_Tram!J$3,'Chỉ tiêu'!#REF!,Admin_Tram!$C53) -> #REF! | P53: =IFERROR((K53/F53),0) -> 0

Sheet Data Gọi
G1: Nhập | L1: Nhập | M1: Nhập
N2: =SUBTOTAL(9,Table42[Đếm]) -> 269
A3: STT | B3: Năm | C3: Tháng | D3: Tuần | E3: Mã VMS | F3: Mã NCC thống nhất | G3: Mã NCC | H3: Tên NCC | I3: Tỉnh | J3: Nhân viên | K3: Khu vực | L3: Ngày gọi | M3: Nội dung làm việc | N3: Đếm | O3: số lần gọi | P3: Admin
A4: =ROW()-3 -> 1 | B4: =YEAR(Table42[[#This Row],[Ngày gọi]]) -> 2026 | C4: =MONTH(Table42[[#This Row],[Ngày gọi]]) -> 12 | D4: =WEEKNUM(Table42[[#This Row],[Ngày gọi]]) -> 52 | E4: 001J3000002HLpGIAW | H4: Bùi Chí Nghĩa | I4: Sóc Trăng | J4: Nguyễn Ngọc Lâm | K4: Miền Tây 3 | L4: 46382 | M4: Thông báo kế hoạch nhận hàng/ lịch nghỉ/thanh toán tiền hàng dịp tết dương lịch để ncc sắp xếp giao hàng sớm | N4: =IF(COUNTIF(H4:H9420,Table42[[#This Row],[Tên NCC]])=1,1,0) -> 0 | O4: =COUNTIF(Table42[Tên NCC],Table42[[#This Row],[Tên NCC]]) -> 2 | P4: Trần Thị Lan
A5: =ROW()-3 -> 2 | B5: =YEAR(Table42[[#This Row],[Ngày gọi]]) -> 2026 | C5: =MONTH(Table42[[#This Row],[Ngày gọi]]) -> 1 | D5: =WEEKNUM(Table42[[#This Row],[Ngày gọi]]) -> 4 | E5: 001J3000002HLpGIAW | H5: Bùi Chí Nghĩa | I5: Sóc Trăng | J5: Nguyễn Ngọc Lâm | K5: Miền Tây 3 | L5: 46043 | M5: Thông báo điều chỉnh tỉ lệ hỗ trợ bì tạp, ncc xem xét loại bớt tạp ra từ đầu nguồn và khâu ép hàng tránh ảnh hưởng lợi nhuận | N5: =IF(COUNTIF(H5:H9421,Table42[[#This Row],[Tên NCC]])=1,1,0) -> 1 | O5: =COUNTIF(Table42[Tên NCC],Table42[[#This Row],[Tên NCC]]) -> 2 | P5: Trần Thị Lan
A6: =ROW()-3 -> 3 | B6: =YEAR(Table42[[#This Row],[Ngày gọi]]) -> 2026 | C6: =MONTH(Table42[[#This Row],[Ngày gọi]]) -> 12 | D6: =WEEKNUM(Table42[[#This Row],[Ngày gọi]]) -> 53 | E6: 001J3000002HM0pIAG | H6: Bùi Tân Hoa | I6: An Giang | J6: Phạm Huỳnh Hữu Lộc | K6: Miền Tây 2 | L6: 46385 | M6: Báo giá đàu tháng sau có thể giảm NCC cân đối giá mua vào | N6: =IF(COUNTIF(H6:H9422,Table42[[#This Row],[Tên NCC]])=1,1,0) -> 0 | O6: =COUNTIF(Table42[Tên NCC],Table42[[#This Row],[Tên NCC]]) -> 2 | P6: Trần Thị Lan
A7: =ROW()-3 -> 4 | B7: =YEAR(Table42[[#This Row],[Ngày gọi]]) -> 2026 | C7: =MONTH(Table42[[#This Row],[Ngày gọi]]) -> 1 | D7: =WEEKNUM(Table42[[#This Row],[Ngày gọi]]) -> 4 | E7: 001J3000002HM0pIAG | H7: Bùi Tân Hoa | I7: An Giang | J7: Phạm Huỳnh Hữu Lộc | K7: Miền Tây 2 | L7: 46043 | M7: Thông báo điều chỉnh tỉ lệ hỗ trợ bì tạp, ncc xem xét loại bớt tạp ra từ đầu nguồn và khâu ép hàng tránh ảnh hưởng lợi nhuận | N7: =IF(COUNTIF(H7:H9423,Table42[[#This Row],[Tên NCC]])=1,1,0) -> 1 | O7: =COUNTIF(Table42[Tên NCC],Table42[[#This Row],[Tên NCC]]) -> 2 | P7: Trần Thị Lan
A8: =ROW()-3 -> 5 | B8: =YEAR(Table42[[#This Row],[Ngày gọi]]) -> 2026 | C8: =MONTH(Table42[[#This Row],[Ngày gọi]]) -> 12 | D8: =WEEKNUM(Table42[[#This Row],[Ngày gọi]]) -> 53 | E8: 001J3000002J4XyIAK | H8: Bùi Thanh Tùng | I8: Tiền Giang | J8: Nguyễn Duy Tân | K8: Miền Tây 1 | L8: 46385 | M8: Báo giá đàu tháng sau có thể giảm NCC cân đối giá mua vào | N8: =IF(COUNTIF(H8:H9424,Table42[[#This Row],[Tên NCC]])=1,1,0) -> 1 | O8: =COUNTIF(Table42[Tên NCC],Table42[[#This Row],[Tên NCC]]) -> 1 | P8: Trần Thị Lan
A9: =ROW()-3 -> 6 | B9: =YEAR(Table42[[#This Row],[Ngày gọi]]) -> 2026 | C9: =MONTH(Table42[[#This Row],[Ngày gọi]]) -> 1 | D9: =WEEKNUM(Table42[[#This Row],[Ngày gọi]]) -> 4 | E9: 001J3000002HM0PIAW | H9: Cao Nguyên Chương | I9: Cần Thơ | J9: Lâm Đỗ Anh Hào | K9: Miền Tây 2 | L9: 46044 | M9: NCC phản ánh chai dính thực phẩm ít trạm cũng trả về | N9: =IF(COUNTIF(H9:H9425,Table42[[#This Row],[Tên NCC]])=1,1,0) -> 1 | O9: =COUNTIF(Table42[Tên NCC],Table42[[#This Row],[Tên NCC]]) -> 1 | P9: Trần Thị Lan
A10: =ROW()-3 -> 7 | B10: =YEAR(Table42[[#This Row],[Ngày gọi]]) -> 2026 | C10: =MONTH(Table42[[#This Row],[Ngày gọi]]) -> 1 | D10: =WEEKNUM(Table42[[#This Row],[Ngày gọi]]) -> 4 | E10: 001dc00000ScS6PAAV | H10: CÔNG TY CP SX TM ĐẠI HỒNG PHÚC | I10: Cần Thơ | J10: Lâm Đỗ Anh Hào | K10: Miền Tây 2 | L10: 46043 | M10: Thông báo điều chỉnh tỉ lệ hỗ trợ bì tạp, ncc xem xét loại bớt tạp ra từ đầu nguồn và khâu ép hàng tránh ảnh hưởng lợi nhuận | N10: =IF(COUNTIF(H10:H9426,Table42[[#This Row],[Tên NCC]])=1,1,0) -> 1 | O10: =COUNTIF(Table42[Tên NCC],Table42[[#This Row],[Tên NCC]]) -> 1 | P10: Trần Thị Lan
A11: =ROW()-3 -> 8 | B11: =YEAR(Table42[[#This Row],[Ngày gọi]]) -> 2026 | C11: =MONTH(Table42[[#This Row],[Ngày gọi]]) -> 12 | D11: =WEEKNUM(Table42[[#This Row],[Ngày gọi]]) -> 52 | E11: 001dc000014o4lcAAA | H11: Công Ty TNHH Thiện An Recycling | I11: Cà Mau | J11: Thái Tân Văn | K11: Miền Tây 3 | L11: 46382 | M11: Thông báo kế hoạch nhận hàng/ lịch nghỉ/thanh toán tiền hàng dịp tết dương lịch để ncc sắp xếp giao hàng sớm | N11: =IF(COUNTIF(H11:H9427,Table42[[#This Row],[Tên NCC]])=1,1,0) -> 0 | O11: =COUNTIF(Table42[Tên NCC],Table42[[#This Row],[Tên NCC]]) -> 3 | P11: Trần Thị Lan
A12: =ROW()-3 -> 9 | B12: =YEAR(Table42[[#This Row],[Ngày gọi]]) -> 2026 | C12: =MONTH(Table42[[#This Row],[Ngày gọi]]) -> 1 | D12: =WEEKNUM(Table42[[#This Row],[Ngày gọi]]) -> 4 | E12: 001dc000014o4lcAAA | H12: Công Ty TNHH Thiện An Recycling | I12: Cà Mau | J12: Thái Tân Văn | K12: Miền Tây 3 | L12: 46043 | M12: Thông báo điều chỉnh tỉ lệ hỗ trợ bì tạp, ncc xem xét loại bớt tạp ra từ đầu nguồn và khâu ép hàng tránh ảnh hưởng lợi nhuận | N12: =IF(COUNTIF(H12:H9428,Table42[[#This Row],[Tên NCC]])=1,1,0) -> 0 | O12: =COUNTIF(Table42[Tên NCC],Table42[[#This Row],[Tên NCC]]) -> 3 | P12: Trần Thị Lan
A13: =ROW()-3 -> 10 | B13: =YEAR(Table42[[#This Row],[Ngày gọi]]) -> 2026 | C13: =MONTH(Table42[[#This Row],[Ngày gọi]]) -> 1 | D13: =WEEKNUM(Table42[[#This Row],[Ngày gọi]]) -> 2 | E13: 001dc000014o4lcAAA | H13: Công Ty TNHH Thiện An Recycling | L13: 46030 | M13: Báo ncc chuyến này có xe xuống bốc hàng gửi chứng từ điều chỉnh hóa đơn về giúp | N13: =IF(COUNTIF(H13:H9429,Table42[[#This Row],[Tên NCC]])=1,1,0) -> 1 | O13: =COUNTIF(Table42[Tên NCC],Table42[[#This Row],[Tên NCC]]) -> 3 | P13: Trần Thị Lan
A14: =ROW()-3 -> 11 | B14: =YEAR(Table42[[#This Row],[Ngày gọi]]) -> 2026 | C14: =MONTH(Table42[[#This Row],[Ngày gọi]]) -> 1 | D14: =WEEKNUM(Table42[[#This Row],[Ngày gọi]]) -> 4 | E14: 001J3000005FmsdIAC | H14: Đặng Hoài Phương | I14: Đồng Tháp | J14: Lâm Đỗ Anh Hào | K14: Miền Tây 2 | L14: 46043 | M14: Thông báo điều chỉnh tỉ lệ hỗ trợ bì tạp, ncc xem xét loại bớt tạp ra từ đầu nguồn và khâu ép hàng tránh ảnh hưởng lợi nhuận | N14: =IF(COUNTIF(H14:H9430,Table42[[#This Row],[Tên NCC]])=1,1,0) -> 1 | O14: =COUNTIF(Table42[Tên NCC],Table42[[#This Row],[Tên NCC]]) -> 1 | P14: Trần Thị Lan
A15: =ROW()-3 -> 12 | B15: =YEAR(Table42[[#This Row],[Ngày gọi]]) -> 2026 | C15: =MONTH(Table42[[#This Row],[Ngày gọi]]) -> 1 | D15: =WEEKNUM(Table42[[#This Row],[Ngày gọi]]) -> 2 | E15: 001J3000002HLk5IAG | H15: Đặng Nguyễn Minh Trường | I15: Vĩnh Long | J15: Phạm Huỳnh Hữu Lộc | K15: Miền Tây 2 | L15: 46031 | M15: Báo giá tuần sau giảm ncc tranh thủ về hàng sớm, giải quyết tồn kho | N15: =IF(COUNTIF(H15:H9431,Table42[[#This Row],[Tên NCC]])=1,1,0) -> 1 | O15: =COUNTIF(Table42[Tên NCC],Table42[[#This Row],[Tên NCC]]) -> 1 | P15: Trần Thị Lan
A16: =ROW()-3 -> 13 | B16: =YEAR(Table42[[#This Row],[Ngày gọi]]) -> 2026 | C16: =MONTH(Table42[[#This Row],[Ngày gọi]]) -> 1 | D16: =WEEKNUM(Table42[[#This Row],[Ngày gọi]]) -> 4 | E16: 001J3000005FhTaIAK | H16: Đặng Thành Phận | I16: Kiên Giang | J16: Phạm Huỳnh Hữu Lộc | K16: Miền Tây 2 | L16: 46043 | M16: Thông báo điều chỉnh tỉ lệ hỗ trợ bì tạp, ncc xem xét loại bớt tạp ra từ đầu nguồn và khâu ép hàng tránh ảnh hưởng lợi nhuận | N16: =IF(COUNTIF(H16:H9432,Table42[[#This Row],[Tên NCC]])=1,1,0) -> 1 | O16: =COUNTIF(Table42[Tên NCC],Table42[[#This Row],[Tên NCC]]) -> 1 | P16: Trần Thị Lan
A17: =ROW()-3 -> 14 | B17: =YEAR(Table42[[#This Row],[Ngày gọi]]) -> 2026 | C17: =MONTH(Table42[[#This Row],[Ngày gọi]]) -> 12 | D17: =WEEKNUM(Table42[[#This Row],[Ngày gọi]]) -> 52 | E17: 001dc00000ucOPFAA2 | H17: Đặng Thị Cà Phol | I17: Cà Mau | J17: Thái Tân Văn | K17: Miền Tây 3 | L17: 46382 | M17: Thông báo kế hoạch nhận hàng/ lịch nghỉ/thanh toán tiền hàng dịp tết dương lịch để ncc sắp xếp giao hàng sớm | N17: =IF(COUNTIF(H17:H9433,Table42[[#This Row],[Tên NCC]])=1,1,0) -> 0 | O17: =COUNTIF(Table42[Tên NCC],Table42[[#This Row],[Tên NCC]]) -> 2 | P17: Trần Thị Lan
A18: =ROW()-3 -> 15 | B18: =YEAR(Table42[[#This Row],[Ngày gọi]]) -> 2026 | C18: =MONTH(Table42[[#This Row],[Ngày gọi]]) -> 1 | D18: =WEEKNUM(Table42[[#This Row],[Ngày gọi]]) -> 4 | E18: 001dc00000ucOPFAA2 | H18: Đặng Thị Cà Phol | I18: Cà Mau | J18: Thái Tân Văn | K18: Miền Tây 3 | L18: 46043 | M18: Thông báo điều chỉnh tỉ lệ hỗ trợ bì tạp, ncc xem xét loại bớt tạp ra từ đầu nguồn và khâu ép hàng tránh ảnh hưởng lợi nhuận | N18: =IF(COUNTIF(H18:H9434,Table42[[#This Row],[Tên NCC]])=1,1,0) -> 1 | O18: =COUNTIF(Table42[Tên NCC],Table42[[#This Row],[Tên NCC]]) -> 2 | P18: Trần Thị Lan
A19: =ROW()-3 -> 16 | B19: =YEAR(Table42[[#This Row],[Ngày gọi]]) -> 2026 | C19: =MONTH(Table42[[#This Row],[Ngày gọi]]) -> 12 | D19: =WEEKNUM(Table42[[#This Row],[Ngày gọi]]) -> 53 | E19: 001J3000002HM0pIAG | H19: Diệp Thị Nhớ | I19: An Giang | J19: Phạm Huỳnh Hữu Lộc | K19: Miền Tây 2 | L19: 46385 | M19: Báo giá đàu tháng sau có thể giảm NCC cân đối giá mua vào | N19: =IF(COUNTIF(H19:H9435,Table42[[#This Row],[Tên NCC]])=1,1,0) -> 0 | O19: =COUNTIF(Table42[Tên NCC],Table42[[#This Row],[Tên NCC]]) -> 2 | P19: Trần Thị Lan
A20: =ROW()-3 -> 17 | B20: =YEAR(Table42[[#This Row],[Ngày gọi]]) -> 2026 | C20: =MONTH(Table42[[#This Row],[Ngày gọi]]) -> 1 | D20: =WEEKNUM(Table42[[#This Row],[Ngày gọi]]) -> 4 | E20: 001J3000002HM0pIAG | H20: Diệp Thị Nhớ | I20: An Giang | J20: Phạm Huỳnh Hữu Lộc | K20: Miền Tây 2 | L20: 46043 | M20: Thông báo điều chỉnh tỉ lệ hỗ trợ bì tạp, ncc xem xét loại bớt tạp ra từ đầu nguồn và khâu ép hàng tránh ảnh hưởng lợi nhuận | N20: =IF(COUNTIF(H20:H9436,Table42[[#This Row],[Tên NCC]])=1,1,0) -> 1 | O20: =COUNTIF(Table42[Tên NCC],Table42[[#This Row],[Tên NCC]]) -> 2 | P20: Trần Thị Lan
A21: =ROW()-3 -> 18 | B21: =YEAR(Table42[[#This Row],[Ngày gọi]]) -> 2026 | C21: =MONTH(Table42[[#This Row],[Ngày gọi]]) -> 12 | D21: =WEEKNUM(Table42[[#This Row],[Ngày gọi]]) -> 52 | E21: 001J3000002HLYuIAO | H21: Đoàn Lý Gia Ngân | I21: Hậu Giang | J21: Nguyễn Ngọc Lâm | K21: Miền Tây 3 | L21: 46382 | M21: Thông báo kế hoạch nhận hàng/ lịch nghỉ/thanh toán tiền hàng dịp tết dương lịch để ncc sắp xếp giao hàng sớm | N21: =IF(COUNTIF(H21:H9437,Table42[[#This Row],[Tên NCC]])=1,1,0) -> 0 | O21: =COUNTIF(Table42[Tên NCC],Table42[[#This Row],[Tên NCC]]) -> 2 | P21: Trần Thị Lan
A22: =ROW()-3 -> 19 | B22: =YEAR(Table42[[#This Row],[Ngày gọi]]) -> 2026 | C22: =MONTH(Table42[[#This Row],[Ngày gọi]]) -> 1 | D22: =WEEKNUM(Table42[[#This Row],[Ngày gọi]]) -> 4 | E22: 001J3000002HLYuIAO | H22: Đoàn Lý Gia Ngân | I22: Hậu Giang | J22: Nguyễn Ngọc Lâm | K22: Miền Tây 3 | L22: 46043 | M22: Thông báo điều chỉnh tỉ lệ hỗ trợ bì tạp, ncc xem xét loại bớt tạp ra từ đầu nguồn và khâu ép hàng tránh ảnh hưởng lợi nhuận | N22: =IF(COUNTIF(H22:H9438,Table42[[#This Row],[Tên NCC]])=1,1,0) -> 1 | O22: =COUNTIF(Table42[Tên NCC],Table42[[#This Row],[Tên NCC]]) -> 2 | P22: Trần Thị Lan
A23: =ROW()-3 -> 20 | B23: =YEAR(Table42[[#This Row],[Ngày gọi]]) -> 2026 | C23: =MONTH(Table42[[#This Row],[Ngày gọi]]) -> 1 | D23: =WEEKNUM(Table42[[#This Row],[Ngày gọi]]) -> 3 | E23: 001J3000002HM1hIAG | H23: Dương Sen | I23: Vĩnh Long | J23: Phạm Huỳnh Hữu Lộc | K23: Miền Tây 2 | L23: 46039 | M23: Hướng dẫn ncc check thông tin chuyển khoản, KT đã thay đổi nội dung ck theo số phiếu | N23: =IF(COUNTIF(H23:H9439,Table42[[#This Row],[Tên NCC]])=1,1,0) -> 0 | O23: =COUNTIF(Table42[Tên NCC],Table42[[#This Row],[Tên NCC]]) -> 3 | P23: Trần Thị Lan
A24: =ROW()-3 -> 21 | B24: =YEAR(Table42[[#This Row],[Ngày gọi]]) -> 2026 | C24: =MONTH(Table42[[#This Row],[Ngày gọi]]) -> 1 | D24: =WEEKNUM(Table42[[#This Row],[Ngày gọi]]) -> 2 | E24: 001J3000002HM1hIAG | H24: Dương Sen | I24: Vĩnh Long | J24: Phạm Huỳnh Hữu Lộc | K24: Miền Tây 2 | L24: 46032 | M24: NCC còn kẹt chuyến xe chưa đến kịp xin qua trễ 10phút | N24: =IF(COUNTIF(H24:H9440,Table42[[#This Row],[Tên NCC]])=1,1,0) -> 0 | O24: =COUNTIF(Table42[Tên NCC],Table42[[#This Row],[Tên NCC]]) -> 3 | P24: Trần Thị Lan
A25: =ROW()-3 -> 22 | B25: =YEAR(Table42[[#This Row],[Ngày gọi]]) -> 2026 | C25: =MONTH(Table42[[#This Row],[Ngày gọi]]) -> 1 | D25: =WEEKNUM(Table42[[#This Row],[Ngày gọi]]) -> 2 | E25: 001J3000002HM1hIAG | H25: Dương Sen | I25: Vĩnh Long | J25: Phạm Huỳnh Hữu Lộc | K25: Miền Tây 2 | L25: 46031 | M25: Báo giá tuần sau giảm ncc tranh thủ về hàng sớm, giải quyết tồn kho | N25: =IF(COUNTIF(H25:H9441,Table42[[#This Row],[Tên NCC]])=1,1,0) -> 1 | O25: =COUNTIF(Table42[Tên NCC],Table42[[#This Row],[Tên NCC]]) -> 3 | P25: Trần Thị Lan
... A28: =ROW()-3 -> 25 | B28: =YEAR(Table42[[#This Row],[Ngày gọi]]) -> 2026 | C28: =MONTH(Table42[[#This Row],[Ngày gọi]]) -> 1 | D28: =WEEKNUM(Table42[[#This Row],[Ngày gọi]]) -> 4 | E28: 001dc000014oE0DAAU | H28: Hộ Kinh Doanh An Tâm | I28: Kiên Giang | J28: Phạm Huỳnh Hữu Lộc | K28: Miền Tây 2 | L28: 46043 | M28: Thông báo điều chỉnh tỉ lệ hỗ trợ bì tạp, ncc xem xét loại bớt tạp ra từ đầu nguồn và khâu ép hàng tránh ảnh hưởng lợi nhuận | N28: =IF(COUNTIF(H28:H9444,Table42[[#This Row],[Tên NCC]])=1,1,0) -> 0 | O28: =COUNTIF(Table42[Tên NCC],Table42[[#This Row],[Tên NCC]]) -> 2 | P28: Trần Thị Lan
A29: =ROW()-3 -> 26 | B29: =YEAR(Table42[[#This Row],[Ngày gọi]]) -> 2026 | C29: =MONTH(Table42[[#This Row],[Ngày gọi]]) -> 1 | D29: =WEEKNUM(Table42[[#This Row],[Ngày gọi]]) -> 4 | E29: 001dc000014oE0DAAU | H29: Hộ Kinh Doanh An Tâm | L29: 46046 | M29: Mai xe ncc về hàng, tách riêng 2 lô, 12 kiện thương mại tính phiếu riêng | N29: =IF(COUNTIF(H29:H9445,Table42[[#This Row],[Tên NCC]])=1,1,0) -> 1 | O29: =COUNTIF(Table42[Tên NCC],Table42[[#This Row],[Tên NCC]]) -> 2 | P29: Trần Thị Lan
A30: =ROW()-3 -> 27 | B30: =YEAR(Table42[[#This Row],[Ngày gọi]]) -> 2026 | C30: =MONTH(Table42[[#This Row],[Ngày gọi]]) -> 12 | D30: =WEEKNUM(Table42[[#This Row],[Ngày gọi]]) -> 52 | E30: 001J3000002HLdTIAW | H30: Hộ Kinh Doanh Châu Long CM | I30: Cà Mau | J30: Thái Tân Văn | K30: Miền Tây 3 | L30: 46382 | M30: Thông báo kế hoạch nhận hàng/ lịch nghỉ/thanh toán tiền hàng dịp tết dương lịch để ncc sắp xếp giao hàng sớm | N30: =IF(COUNTIF(H30:H9446,Table42[[#This Row],[Tên NCC]])=1,1,0) -> 0 | O30: =COUNTIF(Table42[Tên NCC],Table42[[#This Row],[Tên NCC]]) -> 2 | P30: Trần Thị Lan
A31: =ROW()-3 -> 28 | B31: =YEAR(Table42[[#This Row],[Ngày gọi]]) -> 2026 | C31: =MONTH(Table42[[#This Row],[Ngày gọi]]) -> 1 | D31: =WEEKNUM(Table42[[#This Row],[Ngày gọi]]) -> 4 | E31: 001J3000002HLdTIAW | H31: Hộ Kinh Doanh Châu Long CM | I31: Cà Mau | J31: Thái Tân Văn | K31: Miền Tây 3 | L31: 46043 | M31: Thông báo điều chỉnh tỉ lệ hỗ trợ bì tạp, ncc xem xét loại bớt tạp ra từ đầu nguồn và khâu ép hàng tránh ảnh hưởng lợi nhuận | N31: =IF(COUNTIF(H31:H9447,Table42[[#This Row],[Tên NCC]])=1,1,0) -> 1 | O31: =COUNTIF(Table42[Tên NCC],Table42[[#This Row],[Tên NCC]]) -> 2 | P31: Trần Thị Lan
A32: =ROW()-3 -> 29 | B32: =YEAR(Table42[[#This Row],[Ngày gọi]]) -> 2026 | C32: =MONTH(Table42[[#This Row],[Ngày gọi]]) -> 12 | D32: =WEEKNUM(Table42[[#This Row],[Ngày gọi]]) -> 52 | E32: 001J3000002HjIAIA0 | H32: Hộ Kinh Doanh Dầu nhớt Lộc Phát | I32: Hậu Giang | J32: Nguyễn Ngọc Lâm | K32: Miền Tây 3 | L32: 46382 | M32: Thông báo kế hoạch nhận hàng/ lịch nghỉ/thanh toán tiền hàng dịp tết dương lịch để ncc sắp xếp giao hàng sớm | N32: =IF(COUNTIF(H32:H9448,Table42[[#This Row],[Tên NCC]])=1,1,0) -> 0 | O32: =COUNTIF(Table42[Tên NCC],Table42[[#This Row],[Tên NCC]]) -> 2 | P32: Trần Thị Lan
A33: =ROW()-3 -> 30 | B33: =YEAR(Table42[[#This Row],[Ngày gọi]]) -> 2026 | C33: =MONTH(Table42[[#This Row],[Ngày gọi]]) -> 1 | D33: =WEEKNUM(Table42[[#This Row],[Ngày gọi]]) -> 4 | E33: 001J3000002HjIAIA0 | H33: Hộ Kinh Doanh Dầu nhớt Lộc Phát | I33: Hậu Giang | J33: Nguyễn Ngọc Lâm | K33: Miền Tây 3 | L33: 46043 | M33: Thông báo điều chỉnh tỉ lệ hỗ trợ bì tạp, ncc xem xét loại bớt tạp ra từ đầu nguồn và khâu ép hàng tránh ảnh hưởng lợi nhuận | N33: =IF(COUNTIF(H33:H9449,Table42[[#This Row],[Tên NCC]])=1,1,0) -> 1 | O33: =COUNTIF(Table42[Tên NCC],Table42[[#This Row],[Tên NCC]]) -> 2 | P33: Trần Thị Lan
A34: =ROW()-3 -> 31 | B34: =YEAR(Table42[[#This Row],[Ngày gọi]]) -> 2026 | C34: =MONTH(Table42[[#This Row],[Ngày gọi]]) -> 12 | D34: =WEEKNUM(Table42[[#This Row],[Ngày gọi]]) -> 53 | E34: 001J3000002HM0LIAW | H34: Hộ Kinh Doanh Đỗ Thị Lành | I34: An Giang | J34: Phạm Huỳnh Hữu Lộc | K34: Miền Tây 2 | L34: 46385 | M34: Báo giá đàu tháng sau có thể giảm NCC cân đối giá mua vào | N34: =IF(COUNTIF(H34:H9450,Table42[[#This Row],[Tên NCC]])=1,1,0) -> 0 | O34: =COUNTIF(Table42[Tên NCC],Table42[[#This Row],[Tên NCC]]) -> 2 | P34: Trần Thị Lan
A35: =ROW()-3 -> 32 | B35: =YEAR(Table42[[#This Row],[Ngày gọi]]) -> 2026 | C35: =MONTH(Table42[[#This Row],[Ngày gọi]]) -> 1 | D35: =WEEKNUM(Table42[[#This Row],[Ngày gọi]]) -> 4 | E35: 001J3000002HM0LIAW | H35: Hộ Kinh Doanh Đỗ Thị Lành | I35: An Giang | J35: Phạm Huỳnh Hữu Lộc | K35: Miền Tây 2 | L35: 46043 | M35: Thông báo điều chỉnh tỉ lệ hỗ trợ bì tạp, ncc xem xét loại bớt tạp ra từ đầu nguồn và khâu ép hàng tránh ảnh hưởng lợi nhuận | N35: =IF(COUNTIF(H35:H9451,Table42[[#This Row],[Tên NCC]])=1,1,0) -> 1 | O35: =COUNTIF(Table42[Tên NCC],Table42[[#This Row],[Tên NCC]]) -> 2 | P35: Trần Thị Lan
A36: =ROW()-3 -> 33 | B36: =YEAR(Table42[[#This Row],[Ngày gọi]]) -> 2026 | C36: =MONTH(Table42[[#This Row],[Ngày gọi]]) -> 12 | D36: =WEEKNUM(Table42[[#This Row],[Ngày gọi]]) -> 52 | E36: 001J3000002HLZYIA4 | H36: Hộ Kinh Doanh Ngọc Thúy | I36: Hậu Giang | J36: Nguyễn Ngọc Lâm | K36: Miền Tây 3 | L36: 46382 | M36: Thông báo kế hoạch nhận hàng/ lịch nghỉ/thanh toán tiền hàng dịp tết dương lịch để ncc sắp xếp giao hàng sớm | N36: =IF(COUNTIF(H36:H9452,Table42[[#This Row],[Tên NCC]])=1,1,0) -> 0 | O36: =COUNTIF(Table42[Tên NCC],Table42[[#This Row],[Tên NCC]]) -> 2 | P36: Trần Thị Lan
A37: =ROW()-3 -> 34 | B37: =YEAR(Table42[[#This Row],[Ngày gọi]]) -> 2026 | C37: =MONTH(Table42[[#This Row],[Ngày gọi]]) -> 1 | D37: =WEEKNUM(Table42[[#This Row],[Ngày gọi]]) -> 4 | E37: 001J3000002HLZYIA4 | H37: Hộ Kinh Doanh Ngọc Thúy | I37: Hậu Giang | J37: Nguyễn Ngọc Lâm | K37: Miền Tây 3 | L37: 46043 | M37: Thông báo điều chỉnh tỉ lệ hỗ trợ bì tạp, ncc xem xét loại bớt tạp ra từ đầu nguồn và khâu ép hàng tránh ảnh hưởng lợi nhuận | N37: =IF(COUNTIF(H37:H9453,Table42[[#This Row],[Tên NCC]])=1,1,0) -> 1 | O37: =COUNTIF(Table42[Tên NCC],Table42[[#This Row],[Tên NCC]]) -> 2 | P37: Trần Thị Lan
A38: =ROW()-3 -> 35 | B38: =YEAR(Table42[[#This Row],[Ngày gọi]]) -> 2026 | C38: =MONTH(Table42[[#This Row],[Ngày gọi]]) -> 1 | D38: =WEEKNUM(Table42[[#This Row],[Ngày gọi]]) -> 4 | E38: 001J3000002HLlSIAW | H38: Hộ Kinh Doanh Vựa Phế Liệu Như Ý | I38: Kiên Giang | J38: Phạm Huỳnh Hữu Lộc | K38: Miền Tây 2 | L38: 46043 | M38: Thông báo điều chỉnh tỉ lệ hỗ trợ bì tạp, ncc xem xét loại bớt tạp ra từ đầu nguồn và khâu ép hàng tránh ảnh hưởng lợi nhuận | N38: =IF(COUNTIF(H38:H9454,Table42[[#This Row],[Tên NCC]])=1,1,0) -> 1 | O38: =COUNTIF(Table42[Tên NCC],Table42[[#This Row],[Tên NCC]]) -> 1 | P38: Trần Thị Lan
A39: =ROW()-3 -> 36 | B39: =YEAR(Table42[[#This Row],[Ngày gọi]]) -> 2026 | C39: =MONTH(Table42[[#This Row],[Ngày gọi]]) -> 12 | D39: =WEEKNUM(Table42[[#This Row],[Ngày gọi]]) -> 52 | E39: 001dc00000tdpnlAAA | H39: Hoàng Ngọc Phanh | I39: Cà Mau | J39: Thái Tân Văn | K39: Miền Tây 3 | L39: 46382 | M39: Thông báo kế hoạch nhận hàng/ lịch nghỉ/thanh toán tiền hàng dịp tết dương lịch để ncc sắp xếp giao hàng sớm | N39: =IF(COUNTIF(H39:H9455,Table42[[#This Row],[Tên NCC]])=1,1,0) -> 0 | O39: =COUNTIF(Table42[Tên NCC],Table42[[#This Row],[Tên NCC]]) -> 2 | P39: Trần Thị Lan
A40: =ROW()-3 -> 37 | B40: =YEAR(Table42[[#This Row],[Ngày gọi]]) -> 2026 | C40: =MONTH(Table42[[#This Row],[Ngày gọi]]) -> 1 | D40: =WEEKNUM(Table42[[#This Row],[Ngày gọi]]) -> 4 | E40: 001dc00000tdpnlAAA | H40: Hoàng Ngọc Phanh | I40: Cà Mau | J40: Thái Tân Văn | K40: Miền Tây 3 | L40: 46043 | M40: Thông báo điều chỉnh tỉ lệ hỗ trợ bì tạp, ncc xem xét loại bớt tạp ra từ đầu nguồn và khâu ép hàng tránh ảnh hưởng lợi nhuận | N40: =IF(COUNTIF(H40:H9456,Table42[[#This Row],[Tên NCC]])=1,1,0) -> 1 | O40: =COUNTIF(Table42[Tên NCC],Table42[[#This Row],[Tên NCC]]) -> 2 | P40: Trần Thị Lan
A41: =ROW()-3 -> 38 | B41: =YEAR(Table42[[#This Row],[Ngày gọi]]) -> 2026 | C41: =MONTH(Table42[[#This Row],[Ngày gọi]]) -> 12 | D41: =WEEKNUM(Table42[[#This Row],[Ngày gọi]]) -> 53 | E41: 001J3000002HM0cIAG | H41: Huỳnh Long Hậu | I41: An Giang | J41: Phạm Huỳnh Hữu Lộc | K41: Miền Tây 2 | L41: 46385 | M41: Báo giá đàu tháng sau có thể giảm NCC cân đối giá mua vào | N41: =IF(COUNTIF(H41:H9457,Table42[[#This Row],[Tên NCC]])=1,1,0) -> 0 | O41: =COUNTIF(Table42[Tên NCC],Table42[[#This Row],[Tên NCC]]) -> 2 | P41: Trần Thị Lan
... A54: =ROW()-3 -> 51 | B54: =YEAR(Table42[[#This Row],[Ngày gọi]]) -> 2026 | C54: =MONTH(Table42[[#This Row],[Ngày gọi]]) -> 1 | D54: =WEEKNUM(Table42[[#This Row],[Ngày gọi]]) -> 2 | E54: 001dc00000dpemjAAA | H54: Lê Kim Tiên | I54: Vĩnh Long | J54: Phạm Huỳnh Hữu Lộc | K54: Miền Tây 2 | L54: 46031 | M54: Báo giá tuần sau giảm ncc tranh thủ về hàng sớm, giải quyết tồn kho | N54: =IF(COUNTIF(H54:H9470,Table42[[#This Row],[Tên NCC]])=1,1,0) -> 1 | O54: =COUNTIF(Table42[Tên NCC],Table42[[#This Row],[Tên NCC]]) -> 1 | P54: Trần Thị Lan
A55: =ROW()-3 -> 52 | B55: =YEAR(Table42[[#This Row],[Ngày gọi]]) -> 2026 | C55: =MONTH(Table42[[#This Row],[Ngày gọi]]) -> 1 | D55: =WEEKNUM(Table42[[#This Row],[Ngày gọi]]) -> 3 | E55: 001J3000002HLbAIAW | H55: Lê Minh Luân | L55: 46035 | M55: Báo ncc chuyến tới qua giao hàng đem hợp đồng gửi lại giúp | N55: =IF(COUNTIF(H55:H9471,Table42[[#This Row],[Tên NCC]])=1,1,0) -> 1 | O55: =COUNTIF(Table42[Tên NCC],Table42[[#This Row],[Tên NCC]]) -> 1 | P55: Trần Thị Lan
A56: =ROW()-3 -> 53 | B56: =YEAR(Table42[[#This Row],[Ngày gọi]]) -> 2026 | C56: =MONTH(Table42[[#This Row],[Ngày gọi]]) -> 1 | D56: =WEEKNUM(Table42[[#This Row],[Ngày gọi]]) -> 4 | E56: 001J3000002HjEJIA0 | H56: Lê Thành Ích | I56: Kiên Giang | J56: Phạm Huỳnh Hữu Lộc | K56: Miền Tây 2 | L56: 46043 | M56: Thông báo điều chỉnh tỉ lệ hỗ trợ bì tạp, ncc xem xét loại bớt tạp ra từ đầu nguồn và khâu ép hàng tránh ảnh hưởng lợi nhuận | N56: =IF(COUNTIF(H56:H9472,Table42[[#This Row],[Tên NCC]])=1,1,0) -> 1 | O56: =COUNTIF(Table42[Tên NCC],Table42[[#This Row],[Tên NCC]]) -> 1 | P56: Trần Thị Lan
A57: =ROW()-3 -> 54 | B57: =YEAR(Table42[[#This Row],[Ngày gọi]]) -> 2026 | C57: =MONTH(Table42[[#This Row],[Ngày gọi]]) -> 1 | D57: =WEEKNUM(Table42[[#This Row],[Ngày gọi]]) -> 2 | E57: 001dc00001AZdUrAAL | H57: Lê Thị Bích Ngọc | I57: Vĩnh Long | J57: Phạm Huỳnh Hữu Lộc | K57: Miền Tây 2 | L57: 46031 | M57: Báo giá tuần sau giảm ncc tranh thủ về hàng sớm, giải quyết tồn kho | N57: =IF(COUNTIF(H57:H9473,Table42[[#This Row],[Tên NCC]])=1,1,0) -> 1 | O57: =COUNTIF(Table42[Tên NCC],Table42[[#This Row],[Tên NCC]]) -> 1 | P57: Trần Thị Lan
A58: =ROW()-3 -> 55 | B58: =YEAR(Table42[[#This Row],[Ngày gọi]]) -> 2026 | C58: =MONTH(Table42[[#This Row],[Ngày gọi]]) -> 1 | D58: =WEEKNUM(Table42[[#This Row],[Ngày gọi]]) -> 2 | E58: 001J3000002HLkRIAW | H58: Lê Thị Kỳ Duyên | I58: Vĩnh Long | J58: Phạm Huỳnh Hữu Lộc | K58: Miền Tây 2 | L58: 46031 | M58: Báo giá tuần sau giảm ncc tranh thủ về hàng sớm, giải quyết tồn kho | N58: =IF(COUNTIF(H58:H9474,Table42[[#This Row],[Tên NCC]])=1,1,0) -> 1 | O58: =COUNTIF(Table42[Tên NCC],Table42[[#This Row],[Tên NCC]]) -> 1 | P58: Trần Thị Lan
A59: =ROW()-3 -> 56 | B59: =YEAR(Table42[[#This Row],[Ngày gọi]]) -> 2026 | C59: =MONTH(Table42[[#This Row],[Ngày gọi]]) -> 1 | D59: =WEEKNUM(Table42[[#This Row],[Ngày gọi]]) -> 4 | E59: 001J3000002HLcIIAW | H59: Lê Thị Ngọc Dung | I59: Đồng Tháp | J59: Lâm Đỗ Anh Hào | K59: Miền Tây 2 | L59: 46043 | M59: Thông báo điều chỉnh tỉ lệ hỗ trợ bì tạp, ncc xem xét loại bớt tạp ra từ đầu nguồn và khâu ép hàng tránh ảnh hưởng lợi nhuận | N59: =IF(COUNTIF(H59:H9475,Table42[[#This Row],[Tên NCC]])=1,1,0) -> 1 | O59: =COUNTIF(Table42[Tên NCC],Table42[[#This Row],[Tên NCC]]) -> 1 | P59: Trần Thị Lan
A60: =ROW()-3 -> 57 | B60: =YEAR(Table42[[#This Row],[Ngày gọi]]) -> 2026 | C60: =MONTH(Table42[[#This Row],[Ngày gọi]]) -> 1 | D60: =WEEKNUM(Table42[[#This Row],[Ngày gọi]]) -> 4 | E60: 001J3000002HLwzIAG | H60: Lê Thị Thoảng | I60: Kiên Giang | J60: Phạm Huỳnh Hữu Lộc | K60: Miền Tây 2 | L60: 46043 | M60: Thông báo điều chỉnh tỉ lệ hỗ trợ bì tạp, ncc xem xét loại bớt tạp ra từ đầu nguồn và khâu ép hàng tránh ảnh hưởng lợi nhuận | N60: =IF(COUNTIF(H60:H9476,Table42[[#This Row],[Tên NCC]])=1,1,0) -> 1 | O60: =COUNTIF(Table42[Tên NCC],Table42[[#This Row],[Tên NCC]]) -> 1 | P60: Trần Thị Lan
A61: =ROW()-3 -> 58 | B61: =YEAR(Table42[[#This Row],[Ngày gọi]]) -> 2026 | C61: =MONTH(Table42[[#This Row],[Ngày gọi]]) -> 1 | D61: =WEEKNUM(Table42[[#This Row],[Ngày gọi]]) -> 2 | E61: 001J3000002HLkWIAW | H61: Lê Trầm Thị Thúy Ái | I61: Vĩnh Long | J61: Phạm Huỳnh Hữu Lộc | K61: Miền Tây 2 | L61: 46031 | M61: Báo giá tuần sau giảm ncc tranh thủ về hàng sớm, giải quyết tồn kho | N61: =IF(COUNTIF(H61:H9477,Table42[[#This Row],[Tên NCC]])=1,1,0) -> 1 | O61: =COUNTIF(Table42[Tên NCC],Table42[[#This Row],[Tên NCC]]) -> 1 | P61: Trần Thị Lan
A62: =ROW()-3 -> 59 | B62: =YEAR(Table42[[#This Row],[Ngày gọi]]) -> 2026 | C62: =MONTH(Table42[[#This Row],[Ngày gọi]]) -> 12 | D62: =WEEKNUM(Table42[[#This Row],[Ngày gọi]]) -> 52 | E62: 001J3000002HLr7IAG | H62: Lê Văn Tài | I62: Cà Mau | J62: Thái Tân Văn | K62: Miền Tây 3 | L62: 46382 | M62: Thông báo kế hoạch nhận hàng/ lịch nghỉ/thanh toán tiền hàng dịp tết dương lịch để ncc sắp xếp giao hàng sớm | N62: =IF(COUNTIF(H62:H9478,Table42[[#This Row],[Tên NCC]])=1,1,0) -> 0 | O62: =COUNTIF(Table42[Tên NCC],Table42[[#This Row],[Tên NCC]]) -> 2 | P62: Trần Thị Lan
A63: =ROW()-3 -> 60 | B63: =YEAR(Table42[[#This Row],[Ngày gọi]]) -> 2026 | C63: =MONTH(Table42[[#This Row],[Ngày gọi]]) -> 1 | D63: =WEEKNUM(Table42[[#This Row],[Ngày gọi]]) -> 4 | E63: 001J3000002HLr7IAG | H63: Lê Văn Tài | I63: Cà Mau | J63: Thái Tân Văn | K63: Miền Tây 3 | L63: 46043 | M63: Thông báo điều chỉnh tỉ lệ hỗ trợ bì tạp, ncc xem xét loại bớt tạp ra từ đầu nguồn và khâu ép hàng tránh ảnh hưởng lợi nhuận | N63: =IF(COUNTIF(H63:H9479,Table42[[#This Row],[Tên NCC]])=1,1,0) -> 1 | O63: =COUNTIF(Table42[Tên NCC],Table42[[#This Row],[Tên NCC]]) -> 2 | P63: Trần Thị Lan
A64: =ROW()-3 -> 61 | B64: =YEAR(Table42[[#This Row],[Ngày gọi]]) -> 2026 | C64: =MONTH(Table42[[#This Row],[Ngày gọi]]) -> 12 | D64: =WEEKNUM(Table42[[#This Row],[Ngày gọi]]) -> 53 | E64: 001dc00000nWEmpAAG | H64: Lư Chí Tài | I64: An Giang | J64: Phạm Huỳnh Hữu Lộc | K64: Miền Tây 2 | L64: 46385 | M64: Báo giá đàu tháng sau có thể giảm NCC cân đối giá mua vào | N64: =IF(COUNTIF(H64:H9480,Table42[[#This Row],[Tên NCC]])=1,1,0) -> 0 | O64: =COUNTIF(Table42[Tên NCC],Table42[[#This Row],[Tên NCC]]) -> 2 | P64: Trần Thị Lan
A65: =ROW()-3 -> 62 | B65: =YEAR(Table42[[#This Row],[Ngày gọi]]) -> 2026 | C65: =MONTH(Table42[[#This Row],[Ngày gọi]]) -> 1 | D65: =WEEKNUM(Table42[[#This Row],[Ngày gọi]]) -> 4 | E65: 001dc00000nWEmpAAG | H65: Lư Chí Tài | I65: An Giang | J65: Phạm Huỳnh Hữu Lộc | K65: Miền Tây 2 | L65: 46043 | M65: Thông báo điều chỉnh tỉ lệ hỗ trợ bì tạp, ncc xem xét loại bớt tạp ra từ đầu nguồn và khâu ép hàng tránh ảnh hưởng lợi nhuận | N65: =IF(COUNTIF(H65:H9481,Table42[[#This Row],[Tên NCC]])=1,1,0) -> 1 | O65: =COUNTIF(Table42[Tên NCC],Table42[[#This Row],[Tên NCC]]) -> 2 | P65: Trần Thị Lan
A66: =ROW()-3 -> 63 | B66: =YEAR(Table42[[#This Row],[Ngày gọi]]) -> 2026 | C66: =MONTH(Table42[[#This Row],[Ngày gọi]]) -> 1 | D66: =WEEKNUM(Table42[[#This Row],[Ngày gọi]]) -> 4 | E66: 001J3000002HjDMIA0 | H66: Mai Thị Bích Trâm | I66: Kiên Giang | J66: Phạm Huỳnh Hữu Lộc | K66: Miền Tây 2 | L66: 46043 | M66: Thông báo điều chỉnh tỉ lệ hỗ trợ bì tạp, ncc xem xét loại bớt tạp ra từ đầu nguồn và khâu ép hàng tránh ảnh hưởng lợi nhuận | N66: =IF(COUNTIF(H66:H9482,Table42[[#This Row],[Tên NCC]])=1,1,0) -> 1 | O66: =COUNTIF(Table42[Tên NCC],Table42[[#This Row],[Tên NCC]]) -> 1 | P66: Trần Thị Lan
A67: =ROW()-3 -> 64 | B67: =YEAR(Table42[[#This Row],[Ngày gọi]]) -> 2026 | C67: =MONTH(Table42[[#This Row],[Ngày gọi]]) -> 1 | D67: =WEEKNUM(Table42[[#This Row],[Ngày gọi]]) -> 4 | E67: 001J3000002HLztIAG | H67: Nghị Thị Tuyền | I67: Trà Vinh | J67: Lê Quốc Việt | K67: Miền Tây 2 | L67: 46043 | M67: Thông báo điều chỉnh tỉ lệ hỗ trợ bì tạp, ncc xem xét loại bớt tạp ra từ đầu nguồn và khâu ép hàng tránh ảnh hưởng lợi nhuận | N67: =IF(COUNTIF(H67:H9483,Table42[[#This Row],[Tên NCC]])=1,1,0) -> 1 | O67: =COUNTIF(Table42[Tên NCC],Table42[[#This Row],[Tên NCC]]) -> 1 | P67: Trần Thị Lan
... A93: =ROW()-3 -> 90 | B93: =YEAR(Table42[[#This Row],[Ngày gọi]]) -> 2026 | C93: =MONTH(Table42[[#This Row],[Ngày gọi]]) -> 1 | D93: =WEEKNUM(Table42[[#This Row],[Ngày gọi]]) -> 2 | E93: 001J3000002HLy8IAG | H93: Phạm Minh Nhã | I93: Vĩnh Long | J93: Phạm Huỳnh Hữu Lộc | K93: Miền Tây 2 | L93: 46031 | M93: Báo giá tuần sau giảm ncc tranh thủ về hàng sớm, giải quyết tồn kho | N93: =IF(COUNTIF(H93:H9509,Table42[[#This Row],[Tên NCC]])=1,1,0) -> 0 | O93: =COUNTIF(Table42[Tên NCC],Table42[[#This Row],[Tên NCC]]) -> 3 | P93: Trần Thị Lan
A94: =ROW()-3 -> 91 | B94: =YEAR(Table42[[#This Row],[Ngày gọi]]) -> 2026 | C94: =MONTH(Table42[[#This Row],[Ngày gọi]]) -> 1 | D94: =WEEKNUM(Table42[[#This Row],[Ngày gọi]]) -> 4 | E94: 001J3000002HLy8IAG | H94: Phạm Minh Nhã | L94: 46046 | M94: Xử lí phiếu bị thiếu tạp cho ncc | N94: =IF(COUNTIF(H94:H9510,Table42[[#This Row],[Tên NCC]])=1,1,0) -> 0 | O94: =COUNTIF(Table42[Tên NCC],Table42[[#This Row],[Tên NCC]]) -> 3 | P94: Trần Thị Lan
A95: =ROW()-3 -> 92 | B95: =YEAR(Table42[[#This Row],[Ngày gọi]]) -> 2026 | C95: =MONTH(Table42[[#This Row],[Ngày gọi]]) -> 1 | D95: =WEEKNUM(Table42[[#This Row],[Ngày gọi]]) -> 2 | E95: 001J3000002HLy8IAG | H95: Phạm Minh Nhã | L95: 46028 | M95: Báo tình hình chạy sản xuất mấy hôm nay hơi chậm do lượng hàng dồn về nhiều | N95: =IF(COUNTIF(H95:H9511,Table42[[#This Row],[Tên NCC]])=1,1,0) -> 1 | O95: =COUNTIF(Table42[Tên NCC],Table42[[#This Row],[Tên NCC]]) -> 3 | P95: Trần Thị Lan
A96: =ROW()-3 -> 93 | B96: =YEAR(Table42[[#This Row],[Ngày gọi]]) -> 2026 | C96: =MONTH(Table42[[#This Row],[Ngày gọi]]) -> 12 | D96: =WEEKNUM(Table42[[#This Row],[Ngày gọi]]) -> 52 | E96: 001J3000005FLkGIAW | H96: Phạm Văn Bé | I96: Bạc Liêu | J96: Thái Tân Văn | K96: Miền Tây 3 | L96: 46382 | M96: Thông báo kế hoạch nhận hàng/ lịch nghỉ/thanh toán tiền hàng dịp tết dương lịch để ncc sắp xếp giao hàng sớm | N96: =IF(COUNTIF(H96:H9512,Table42[[#This Row],[Tên NCC]])=1,1,0) -> 0 | O96: =COUNTIF(Table42[Tên NCC],Table42[[#This Row],[Tên NCC]]) -> 2 | P96: Trần Thị Lan
A97: =ROW()-3 -> 94 | B97: =YEAR(Table42[[#This Row],[Ngày gọi]]) -> 2026 | C97: =MONTH(Table42[[#This Row],[Ngày gọi]]) -> 1 | D97: =WEEKNUM(Table42[[#This Row],[Ngày gọi]]) -> 4 | E97: 001J3000005FLkGIAW | H97: Phạm Văn Bé | I97: Bạc Liêu | J97: Thái Tân Văn | K97: Miền Tây 3 | L97: 46043 | M97: Thông báo điều chỉnh tỉ lệ hỗ trợ bì tạp, ncc xem xét loại bớt tạp ra từ đầu nguồn và khâu ép hàng tránh ảnh hưởng lợi nhuận | N97: =IF(COUNTIF(H97:H9513,Table42[[#This Row],[Tên NCC]])=1,1,0) -> 1 | O97: =COUNTIF(Table42[Tên NCC],Table42[[#This Row],[Tên NCC]]) -> 2 | P97: Trần Thị Lan
A98: =ROW()-3 -> 95 | B98: =YEAR(Table42[[#This Row],[Ngày gọi]]) -> 2026 | C98: =MONTH(Table42[[#This Row],[Ngày gọi]]) -> 1 | D98: =WEEKNUM(Table42[[#This Row],[Ngày gọi]]) -> 2 | E98: 001dc00000zEx9xAAC | H98: Phạm Văn Nhờ | I98: Vĩnh Long | J98: Phạm Huỳnh Hữu Lộc | K98: Miền Tây 2 | L98: 46031 | M98: Báo giá tuần sau giảm ncc tranh thủ về hàng sớm, giải quyết tồn kho | N98: =IF(COUNTIF(H98:H9514,Table42[[#This Row],[Tên NCC]])=1,1,0) -> 1 | O98: =COUNTIF(Table42[Tên NCC],Table42[[#This Row],[Tên NCC]]) -> 1 | P98: Trần Thị Lan
A99: =ROW()-3 -> 96 | B99: =YEAR(Table42[[#This Row],[Ngày gọi]]) -> 2026 | C99: =MONTH(Table42[[#This Row],[Ngày gọi]]) -> 1 | D99: =WEEKNUM(Table42[[#This Row],[Ngày gọi]]) -> 2 | E99: 001dc00000tGtVXAA0 | H99: Phan Huy Tâm | I99: Vĩnh Long | J99: Phạm Huỳnh Hữu Lộc | K99: Miền Tây 2 | L99: 46031 | M99: Báo giá tuần sau giảm ncc tranh thủ về hàng sớm, giải quyết tồn kho | N99: =IF(COUNTIF(H99:H9515,Table42[[#This Row],[Tên NCC]])=1,1,0) -> 0 | O99: =COUNTIF(Table42[Tên NCC],Table42[[#This Row],[Tên NCC]]) -> 4 | P99: Trần Thị Lan
A100: =ROW()-3 -> 97 | B100: =YEAR(Table42[[#This Row],[Ngày gọi]]) -> 2026 | C100: =MONTH(Table42[[#This Row],[Ngày gọi]]) -> 1 | D100: =WEEKNUM(Table42[[#This Row],[Ngày gọi]]) -> 4 | E100: 001dc00000tGtVXAA0 | H100: Phan Huy Tâm | I100: Vĩnh Long | J100: Phạm Huỳnh Hữu Lộc | K100: Miền Tây 2 | L100: 46046 | M100: Báo mã cũ đã chạy sản xuất xong lát ncc qua lấy về | N100: =IF(COUNTIF(H100:H9516,Table42[[#This Row],[Tên NCC]])=1,1,0) -> 0 | O100: =COUNTIF(Table42[Tên NCC],Table42[[#This Row],[Tên NCC]]) -> 4 | P100: Trần Thị Lan
A101: =ROW()-3 -> 98 | B101: =YEAR(Table42[[#This Row],[Ngày gọi]]) -> 2026 | C101: =MONTH(Table42[[#This Row],[Ngày gọi]]) -> 1 | D101: =WEEKNUM(Table42[[#This Row],[Ngày gọi]]) -> 3 | E101: 001dc00000tGtVXAA0 | H101: Phan Huy Tâm | I101: Vĩnh Long | J101: Phạm Huỳnh Hữu Lộc | K101: Miền Tây 2 | L101: 46036 | M101: NCC phản ánh chai còn sạch mà trạm trả về | N101: =IF(COUNTIF(H101:H9517,Table42[[#This Row],[Tên NCC]])=1,1,0) -> 0 | O101: =COUNTIF(Table42[Tên NCC],Table42[[#This Row],[Tên NCC]]) -> 4 | P101: Trần Thị Lan
A102: =ROW()-3 -> 99 | B102: =YEAR(Table42[[#This Row],[Ngày gọi]]) -> 2026 | C102: =MONTH(Table42[[#This Row],[Ngày gọi]]) -> 1 | D102: =WEEKNUM(Table42[[#This Row],[Ngày gọi]]) -> 3 | E102: 001dc00000tGtVXAA0 | H102: Phan Huy Tâm | I102: Vĩnh Long | J102: Phạm Huỳnh Hữu Lộc | K102: Miền Tây 2 | L102: 46034 | M102: Lát xe chị qua tới sắp xếp chỗ cho tài xế tự xuống hàng giúp chị do xe đang gấp về | N102: =IF(COUNTIF(H102:H9518,Table42[[#This Row],[Tên NCC]])=1,1,0) -> 1 | O102: =COUNTIF(Table42[Tên NCC],Table42[[#This Row],[Tên NCC]]) -> 4 | P102: Trần Thị Lan
A103: =ROW()-3 -> 100 | B103: =YEAR(Table42[[#This Row],[Ngày gọi]]) -> 2026 | C103: =MONTH(Table42[[#This Row],[Ngày gọi]]) -> 12 | D103: =WEEKNUM(Table42[[#This Row],[Ngày gọi]]) -> 52 | E103: 001J3000002HLcyIAG | H103: Phan Thị Hon | I103: Sóc Trăng | J103: Nguyễn Ngọc Lâm | K103: Miền Tây 3 | L103: 46382 | M103: Thông báo kế hoạch nhận hàng/ lịch nghỉ/thanh toán tiền hàng dịp tết dương lịch để ncc sắp xếp giao hàng sớm | N103: =IF(COUNTIF(H103:H9519,Table42[[#This Row],[Tên NCC]])=1,1,0) -> 0 | O103: =COUNTIF(Table42[Tên NCC],Table42[[#This Row],[Tên NCC]]) -> 2 | P103: Trần Thị Lan
A104: =ROW()-3 -> 101 | B104: =YEAR(Table42[[#This Row],[Ngày gọi]]) -> 2026 | C104: =MONTH(Table42[[#This Row],[Ngày gọi]]) -> 1 | D104: =WEEKNUM(Table42[[#This Row],[Ngày gọi]]) -> 4 | E104: 001J3000002HLcyIAG | H104: Phan Thị Hon | I104: Sóc Trăng | J104: Nguyễn Ngọc Lâm | K104: Miền Tây 3 | L104: 46043 | M104: Thông báo điều chỉnh tỉ lệ hỗ trợ bì tạp, ncc xem xét loại bớt tạp ra từ đầu nguồn và khâu ép hàng tránh ảnh hưởng lợi nhuận | N104: =IF(COUNTIF(H104:H9520,Table42[[#This Row],[Tên NCC]])=1,1,0) -> 1 | O104: =COUNTIF(Table42[Tên NCC],Table42[[#This Row],[Tên NCC]]) -> 2 | P104: Trần Thị Lan
A105: =ROW()-3 -> 102 | B105: =YEAR(Table42[[#This Row],[Ngày gọi]]) -> 2026 | C105: =MONTH(Table42[[#This Row],[Ngày gọi]]) -> 1 | D105: =WEEKNUM(Table42[[#This Row],[Ngày gọi]]) -> 4 | E105: 001J3000002HLbFIAW | H105: Trần Dương Kiến Trúc | I105: Đồng Tháp | J105: Lâm Đỗ Anh Hào | K105: Miền Tây 2 | L105: 46043 | M105: Thông báo điều chỉnh tỉ lệ hỗ trợ bì tạp, ncc xem xét loại bớt tạp ra từ đầu nguồn và khâu ép hàng tránh ảnh hưởng lợi nhuận | N105: =IF(COUNTIF(H105:H9521,Table42[[#This Row],[Tên NCC]])=1,1,0) -> 1 | O105: =COUNTIF(Table42[Tên NCC],Table42[[#This Row],[Tên NCC]]) -> 1 | P105: Trần Thị Lan
A106: =ROW()-3 -> 103 | B106: =YEAR(Table42[[#This Row],[Ngày gọi]]) -> 2026 | C106: =MONTH(Table42[[#This Row],[Ngày gọi]]) -> 12 | D106: =WEEKNUM(Table42[[#This Row],[Ngày gọi]]) -> 53 | E106: 001J3000002HLrIIAW | H106: Trần Quốc Cường | I106: Tiền Giang | J106: Nguyễn Duy Tân | K106: Miền Tây 1 | L106: 46385 | M106: Báo giá đàu tháng sau có thể giảm NCC cân đối giá mua vào | N106: =IF(COUNTIF(H106:H9522,Table42[[#This Row],[Tên NCC]])=1,1,0) -> 1 | O106: =COUNTIF(Table42[Tên NCC],Table42[[#This Row],[Tên NCC]]) -> 1 | P106: Trần Thị Lan
A107: =ROW()-3 -> 104 | B107: =YEAR(Table42[[#This Row],[Ngày gọi]]) -> 2026 | C107: =MONTH(Table42[[#This Row],[Ngày gọi]]) -> 1 | D107: =WEEKNUM(Table42[[#This Row],[Ngày gọi]]) -> 2 | E107: 001dc00000dpemjAAA | H107: Trần Thái Ngọc Anh | I107: Vĩnh Long | J107: Phạm Huỳnh Hữu Lộc | K107: Miền Tây 2 | L107: 46031 | M107: Báo giá tuần sau giảm ncc tranh thủ về hàng sớm, giải quyết tồn kho | N107: =IF(COUNTIF(H107:H9523,Table42[[#This Row],[Tên NCC]])=1,1,0) -> 1 | O107: =COUNTIF(Table42[Tên NCC],Table42[[#This Row],[Tên NCC]]) -> 1 | P107: Trần Thị Lan
... A109: =ROW()-3 -> 106 | B109: =YEAR(Table42[[#This Row],[Ngày gọi]]) -> 2026 | C109: =MONTH(Table42[[#This Row],[Ngày gọi]]) -> 1 | D109: =WEEKNUM(Table42[[#This Row],[Ngày gọi]]) -> 4 | E109: 001J3000002HLpHIAW | H109: Trần Thị Diệu Hiện | I109: Sóc Trăng | J109: Nguyễn Ngọc Lâm | K109: Miền Tây 3 | L109: 46043 | M109: Thông báo điều chỉnh tỉ lệ hỗ trợ bì tạp, ncc xem xét loại bớt tạp ra từ đầu nguồn và khâu ép hàng tránh ảnh hưởng lợi nhuận | N109: =IF(COUNTIF(H109:H9525,Table42[[#This Row],[Tên NCC]])=1,1,0) -> 0 | O109: =COUNTIF(Table42[Tên NCC],Table42[[#This Row],[Tên NCC]]) -> 3 | P109: Trần Thị Lan
A110: =ROW()-3 -> 107 | B110: =YEAR(Table42[[#This Row],[Ngày gọi]]) -> 2026 | C110: =MONTH(Table42[[#This Row],[Ngày gọi]]) -> 1 | D110: =WEEKNUM(Table42[[#This Row],[Ngày gọi]]) -> 4 | E110: 001J3000002HLpHIAW | H110: Trần Thị Diệu Hiện | L110: 46044 | M110: Báo chất lượng lô hàng ncc giao, các loại tạp trạm k nhận để ncc cải thiện | N110: =IF(COUNTIF(H110:H9526,Table42[[#This Row],[Tên NCC]])=1,1,0) -> 1 | O110: =COUNTIF(Table42[Tên NCC],Table42[[#This Row],[Tên NCC]]) -> 3 | P110: Trần Thị Lan
A111: =ROW()-3 -> 108 | B111: =YEAR(Table42[[#This Row],[Ngày gọi]]) -> 2026 | C111: =MONTH(Table42[[#This Row],[Ngày gọi]]) -> 12 | D111: =WEEKNUM(Table42[[#This Row],[Ngày gọi]]) -> 52 | E111: 001J3000002HLjiIAG | H111: Trần Thị Hương | I111: Sóc Trăng | J111: Nguyễn Ngọc Lâm | K111: Miền Tây 3 | L111: 46382 | M111: Thông báo kế hoạch nhận hàng/ lịch nghỉ/thanh toán tiền hàng dịp tết dương lịch để ncc sắp xếp giao hàng sớm | N111: =IF(COUNTIF(H111:H9527,Table42[[#This Row],[Tên NCC]])=1,1,0) -> 1 | O111: =COUNTIF(Table42[Tên NCC],Table42[[#This Row],[Tên NCC]]) -> 1 | P111: Trần Thị Lan
A112: =ROW()-3 -> 109 | B112: =YEAR(Table42[[#This Row],[Ngày gọi]]) -> 2026 | C112: =MONTH(Table42[[#This Row],[Ngày gọi]]) -> 12 | D112: =WEEKNUM(Table42[[#This Row],[Ngày gọi]]) -> 53 | E112: 001J3000002HLodIAG | H112: Trần Thị Ngọt | I112: An Giang | J112: Phạm Huỳnh Hữu Lộc | K112: Miền Tây 2 | L112: 46385 | M112: Báo giá đàu tháng sau có thể giảm NCC cân đối giá mua vào | N112: =IF(COUNTIF(H112:H9528,Table42[[#This Row],[Tên NCC]])=1,1,0) -> 1 | O112: =COUNTIF(Table42[Tên NCC],Table42[[#This Row],[Tên NCC]]) -> 1 | P112: Trần Thị Lan
A113: =ROW()-3 -> 110 | B113: =YEAR(Table42[[#This Row],[Ngày gọi]]) -> 2026 | C113: =MONTH(Table42[[#This Row],[Ngày gọi]]) -> 1 | D113: =WEEKNUM(Table42[[#This Row],[Ngày gọi]]) -> 2 | E113: 001dc00000zEx9xAAC | H113: Trần Tuấn Anh | I113: Vĩnh Long | J113: Phạm Huỳnh Hữu Lộc | K113: Miền Tây 2 | L113: 46031 | M113: Báo giá tuần sau giảm ncc tranh thủ về hàng sớm, giải quyết tồn kho | N113: =IF(COUNTIF(H113:H9529,Table42[[#This Row],[Tên NCC]])=1,1,0) -> 1 | O113: =COUNTIF(Table42[Tên NCC],Table42[[#This Row],[Tên NCC]]) -> 1 | P113: Trần Thị Lan
A114: =ROW()-3 -> 111 | B114: =YEAR(Table42[[#This Row],[Ngày gọi]]) -> 2026 | C114: =MONTH(Table42[[#This Row],[Ngày gọi]]) -> 12 | D114: =WEEKNUM(Table42[[#This Row],[Ngày gọi]]) -> 52 | E114: 001J3000002HLapIAG | H114: Trần Văn Còn | I114: Cà Mau | J114: Thái Tân Văn | K114: Miền Tây 3 | L114: 46382 | M114: Thông báo kế hoạch nhận hàng/ lịch nghỉ/thanh toán tiền hàng dịp tết dương lịch để ncc sắp xếp giao hàng sớm | N114: =IF(COUNTIF(H114:H9530,Table42[[#This Row],[Tên NCC]])=1,1,0) -> 0 | O114: =COUNTIF(Table42[Tên NCC],Table42[[#This Row],[Tên NCC]]) -> 2 | P114: Trần Thị Lan
A115: =ROW()-3 -> 112 | B115: =YEAR(Table42[[#This Row],[Ngày gọi]]) -> 2026 | C115: =MONTH(Table42[[#This Row],[Ngày gọi]]) -> 1 | D115: =WEEKNUM(Table42[[#This Row],[Ngày gọi]]) -> 4 | E115: 001J3000002HLapIAG | H115: Trần Văn Còn | I115: Cà Mau | J115: Thái Tân Văn | K115: Miền Tây 3 | L115: 46043 | M115: Thông báo điều chỉnh tỉ lệ hỗ trợ bì tạp, ncc xem xét loại bớt tạp ra từ đầu nguồn và khâu ép hàng tránh ảnh hưởng lợi nhuận | N115: =IF(COUNTIF(H115:H9531,Table42[[#This Row],[Tên NCC]])=1,1,0) -> 1 | O115: =COUNTIF(Table42[Tên NCC],Table42[[#This Row],[Tên NCC]]) -> 2 | P115: Trần Thị Lan
A116: =ROW()-3 -> 113 | B116: =YEAR(Table42[[#This Row],[Ngày gọi]]) -> 2026 | C116: =MONTH(Table42[[#This Row],[Ngày gọi]]) -> 1 | D116: =WEEKNUM(Table42[[#This Row],[Ngày gọi]]) -> 2 | E116: 001dc00000p9YEnAAM | H116: Trương Ngọc Hoàng Kim | I116: Vĩnh Long | J116: Phạm Huỳnh Hữu Lộc | K116: Miền Tây 2 | L116: 46031 | M116: Báo giá tuần sau giảm ncc tranh thủ về hàng sớm, giải quyết tồn kho | N116: =IF(COUNTIF(H116:H9532,Table42[[#This Row],[Tên NCC]])=1,1,0) -> 1 | O116: =COUNTIF(Table42[Tên NCC],Table42[[#This Row],[Tên NCC]]) -> 1 | P116: Trần Thị Lan
A117: =ROW()-3 -> 114 | B117: =YEAR(Table42[[#This Row],[Ngày gọi]]) -> 2026 | C117: =MONTH(Table42[[#This Row],[Ngày gọi]]) -> 1 | D117: =WEEKNUM(Table42[[#This Row],[Ngày gọi]]) -> 2 | E117: 001dc00001D4MtBAAV | H117: Trương Văn Quỳnh Tấn | I117: Vĩnh Long | J117: Phạm Huỳnh Hữu Lộc | K117: Miền Tây 2 | L117: 46031 | M117: Báo giá tuần sau giảm ncc tranh thủ về hàng sớm, giải quyết tồn kho | N117: =IF(COUNTIF(H117:H9533,Table42[[#This Row],[Tên NCC]])=1,1,0) -> 1 | O117: =COUNTIF(Table42[Tên NCC],Table42[[#This Row],[Tên NCC]]) -> 1 | P117: Trần Thị Lan
A118: =ROW()-3 -> 115 | B118: =YEAR(Table42[[#This Row],[Ngày gọi]]) -> 2026 | C118: =MONTH(Table42[[#This Row],[Ngày gọi]]) -> 12 | D118: =WEEKNUM(Table42[[#This Row],[Ngày gọi]]) -> 53 | E118: 001dc00000age2lAAA | H118: Văn Cao Cát Tường | I118: An Giang | J118: Phạm Huỳnh Hữu Lộc | K118: Miền Tây 2 | L118: 46385 | M118: Báo giá đàu tháng sau có thể giảm NCC cân đối giá mua vào | N118: =IF(COUNTIF(H118:H9534,Table42[[#This Row],[Tên NCC]])=1,1,0) -> 0 | O118: =COUNTIF(Table42[Tên NCC],Table42[[#This Row],[Tên NCC]]) -> 2 | P118: Trần Thị Lan
A119: =ROW()-3 -> 116 | B119: =YEAR(Table42[[#This Row],[Ngày gọi]]) -> 2026 | C119: =MONTH(Table42[[#This Row],[Ngày gọi]]) -> 1 | D119: =WEEKNUM(Table42[[#This Row],[Ngày gọi]]) -> 4 | E119: 001dc00000age2lAAA | H119: Văn Cao Cát Tường | I119: An Giang | J119: Phạm Huỳnh Hữu Lộc | K119: Miền Tây 2 | L119: 46043 | M119: Thông báo điều chỉnh tỉ lệ hỗ trợ bì tạp, ncc xem xét loại bớt tạp ra từ đầu nguồn và khâu ép hàng tránh ảnh hưởng lợi nhuận | N119: =IF(COUNTIF(H119:H9535,Table42[[#This Row],[Tên NCC]])=1,1,0) -> 1 | O119: =COUNTIF(Table42[Tên NCC],Table42[[#This Row],[Tên NCC]]) -> 2 | P119: Trần Thị Lan
A120: =ROW()-3 -> 117 | B120: =YEAR(Table42[[#This Row],[Ngày gọi]]) -> 2026 | C120: =MONTH(Table42[[#This Row],[Ngày gọi]]) -> 1 | D120: =WEEKNUM(Table42[[#This Row],[Ngày gọi]]) -> 2 | E120: 001J300000HZs5NIAT | H120: Võ Nhật Trường | I120: Vĩnh Long | J120: Phạm Huỳnh Hữu Lộc | K120: Miền Tây 2 | L120: 46031 | M120: Báo giá tuần sau giảm ncc tranh thủ về hàng sớm, giải quyết tồn kho | N120: =IF(COUNTIF(H120:H9536,Table42[[#This Row],[Tên NCC]])=1,1,0) -> 1 | O120: =COUNTIF(Table42[Tên NCC],Table42[[#This Row],[Tên NCC]]) -> 1 | P120: Trần Thị Lan
A121: =ROW()-3 -> 118 | B121: =YEAR(Table42[[#This Row],[Ngày gọi]]) -> 2026 | C121: =MONTH(Table42[[#This Row],[Ngày gọi]]) -> 1 | D121: =WEEKNUM(Table42[[#This Row],[Ngày gọi]]) -> 2 | E121: 001J3000002HLkUIAW | H121: Võ Quốc Duy Phương | I121: Vĩnh Long | J121: Phạm Huỳnh Hữu Lộc | K121: Miền Tây 2 | L121: 46031 | M121: Báo giá tuần sau giảm ncc tranh thủ về hàng sớm, giải quyết tồn kho | N121: =IF(COUNTIF(H121:H9537,Table42[[#This Row],[Tên NCC]])=1,1,0) -> 0 | O121: =COUNTIF(Table42[Tên NCC],Table42[[#This Row],[Tên NCC]]) -> 2 | P121: Trần Thị Lan
A122: =ROW()-3 -> 119 | B122: =YEAR(Table42[[#This Row],[Ngày gọi]]) -> 2026 | C122: =MONTH(Table42[[#This Row],[Ngày gọi]]) -> 1 | D122: =WEEKNUM(Table42[[#This Row],[Ngày gọi]]) -> 4 | E122: 001J3000002HLkUIAW | H122: Võ Quốc Duy Phương | I122: Vĩnh Long | J122: Phạm Huỳnh Hữu Lộc | K122: Miền Tây 2 | L122: 46046 | M122: NCC còn kẹt chuyến xe chưa đến kịp xin qua trễ 10phút | N122: =IF(COUNTIF(H122:H9538,Table42[[#This Row],[Tên NCC]])=1,1,0) -> 1 | O122: =COUNTIF(Table42[Tên NCC],Table42[[#This Row],[Tên NCC]]) -> 2 | P122: Trần Thị Lan
... A127: =ROW()-3 -> 124 | B127: =YEAR(Table42[[#This Row],[Ngày gọi]]) -> 2026 | C127: =MONTH(Table42[[#This Row],[Ngày gọi]]) -> 1 | D127: =WEEKNUM(Table42[[#This Row],[Ngày gọi]]) -> 2 | E127: 001J3000002HLkSIAW | H127: Võ Thị Lan | I127: Vĩnh Long | J127: Phạm Huỳnh Hữu Lộc | K127: Miền Tây 2 | L127: 46031 | M127: Báo giá tuần sau giảm ncc tranh thủ về hàng sớm, giải quyết tồn kho | N127: =IF(COUNTIF(H127:H9543,Table42[[#This Row],[Tên NCC]])=1,1,0) -> 1 | O127: =COUNTIF(Table42[Tên NCC],Table42[[#This Row],[Tên NCC]]) -> 1 | P127: Trần Thị Lan
A128: =ROW()-3 -> 125 | B128: =YEAR(Table42[[#This Row],[Ngày gọi]]) -> 2026 | C128: =MONTH(Table42[[#This Row],[Ngày gọi]]) -> 1 | D128: =WEEKNUM(Table42[[#This Row],[Ngày gọi]]) -> 2 | E128: 001dc00000jIVWTAA4 | H128: Võ Thị Phượng Hoàng | L128: 46029 | M128: Nay trạm có chạy hàng xá, ncc sắp xếp qua giao hàng | N128: =IF(COUNTIF(H128:H9544,Table42[[#This Row],[Tên NCC]])=1,1,0) -> 0 | O128: =COUNTIF(Table42[Tên NCC],Table42[[#This Row],[Tên NCC]]) -> 2 | P128: Trần Thị Lan
A129: =ROW()-3 -> 126 | B129: =YEAR(Table42[[#This Row],[Ngày gọi]]) -> 2026 | C129: =MONTH(Table42[[#This Row],[Ngày gọi]]) -> 1 | D129: =WEEKNUM(Table42[[#This Row],[Ngày gọi]]) -> 3 | E129: 001dc00000jIVWTAA4 | H129: Võ Thị Phượng Hoàng | L129: 46038 | M129: Nay trạm có chạy hàng xá, ncc sắp xếp qua giao hàng | N129: =IF(COUNTIF(H129:H9545,Table42[[#This Row],[Tên NCC]])=1,1,0) -> 1 | O129: =COUNTIF(Table42[Tên NCC],Table42[[#This Row],[Tên NCC]]) -> 2 | P129: Trần Thị Lan
A130: =ROW()-3 -> 127 | B130: =YEAR(Table42[[#This Row],[Ngày gọi]]) -> 2026 | C130: =MONTH(Table42[[#This Row],[Ngày gọi]]) -> 12 | D130: =WEEKNUM(Table42[[#This Row],[Ngày gọi]]) -> 53 | E130: 001J3000002HLodIAG | H130: Võ Văn Ướt | I130: An Giang | J130: Phạm Huỳnh Hữu Lộc | K130: Miền Tây 2 | L130: 46385 | M130: Báo giá đàu tháng sau có thể giảm NCC cân đối giá mua vào | N130: =IF(COUNTIF(H130:H9546,Table42[[#This Row],[Tên NCC]])=1,1,0) -> 1 | O130: =COUNTIF(Table42[Tên NCC],Table42[[#This Row],[Tên NCC]]) -> 1 | P130: Trần Thị Lan
A131: =ROW()-3 -> 128 | B131: =YEAR(Table42[[#This Row],[Ngày gọi]]) -> 2026 | C131: =MONTH(Table42[[#This Row],[Ngày gọi]]) -> 1 | D131: =WEEKNUM(Table42[[#This Row],[Ngày gọi]]) -> 1 | E131: 001J3000002HLbQIAW | G131: 100386 | H131: Thương Viên (Pleiku) | I131: Gia Lai | J131: Trần Xuân Kiên | K131: Tây Nguyên | L131: 46024 | M131: Gọi hỏi thăm có GPKD chưa để làm HĐNT | N131: =IF(COUNTIF(H131:H9547,Table42[[#This Row],[Tên NCC]])=1,1,0) -> 0 | O131: =COUNTIF(Table42[Tên NCC],Table42[[#This Row],[Tên NCC]]) -> 2 | P131: Đào Dương Anh Thư
A132: =ROW()-3 -> 129 | B132: =YEAR(Table42[[#This Row],[Ngày gọi]]) -> 2026 | C132: =MONTH(Table42[[#This Row],[Ngày gọi]]) -> 1 | D132: =WEEKNUM(Table42[[#This Row],[Ngày gọi]]) -> 1 | E132: 001J3000002HLitIAG | G132: 100283 | H132: HTX Quang Chiến | I132: Quảng Nam | J132: Dương Quốc Trung | K132: Miền Trung 2 | L132: 46024 | M132: Gọi tương tác về giá tháng mới 10k thông báo ngày 24.1 tất niên nên chỉ nhận hàng đến 11h00. | N132: =IF(COUNTIF(H132:H9548,Table42[[#This Row],[Tên NCC]])=1,1,0) -> 1 | O132: =COUNTIF(Table42[Tên NCC],Table42[[#This Row],[Tên NCC]]) -> 1 | P132: Đào Dương Anh Thư
A133: =ROW()-3 -> 130 | B133: =YEAR(Table42[[#This Row],[Ngày gọi]]) -> 2026 | C133: =MONTH(Table42[[#This Row],[Ngày gọi]]) -> 1 | D133: =WEEKNUM(Table42[[#This Row],[Ngày gọi]]) -> 1 | E133: 001J3000005FhuJIAS | G133: 100025 | H133: Anh Dũng (Huỳnh) | I133: Đồng Nai | J133: Phan Hiếu Lộc | K133: Đông Nam Bộ 2 | L133: 46024 | M133: Gọi tương tác về việc lên HKD xuất hóa đơn + thông báo ngày 24.1 tất niên nên chỉ nhận xếp tài đến 11h00. | N133: =IF(COUNTIF(H133:H9549,Table42[[#This Row],[Tên NCC]])=1,1,0) -> 1 | O133: =COUNTIF(Table42[Tên NCC],Table42[[#This Row],[Tên NCC]]) -> 1 | P133: Đào Dương Anh Thư
A134: =ROW()-3 -> 131 | B134: =YEAR(Table42[[#This Row],[Ngày gọi]]) -> 2026 | C134: =MONTH(Table42[[#This Row],[Ngày gọi]]) -> 1 | D134: =WEEKNUM(Table42[[#This Row],[Ngày gọi]]) -> 1 | E134: 001J3000002HLYHIA4 | G134: 100027 | H134: HKD Cô Tư | I134: Đồng Nai | J134: Phan Hiếu Lộc | K134: Đông Nam Bộ 2 | L134: 46024 | M134: Gọi tương tác về giá tháng mới 9.7 + thông báo ngày 24.1 tất niên nên chỉ nhận xếp tài đến 11h00. | N134: =IF(COUNTIF(H134:H9550,Table42[[#This Row],[Tên NCC]])=1,1,0) -> 1 | O134: =COUNTIF(Table42[Tên NCC],Table42[[#This Row],[Tên NCC]]) -> 1 | P134: Đào Dương Anh Thư
A135: =ROW()-3 -> 132 | B135: =YEAR(Table42[[#This Row],[Ngày gọi]]) -> 2026 | C135: =MONTH(Table42[[#This Row],[Ngày gọi]]) -> 1 | D135: =WEEKNUM(Table42[[#This Row],[Ngày gọi]]) -> 1 | E135: 001J3000002HLkFIAW | G135: 100030 | H135: HKD Tạ Khánh Linh | I135: Đồng Nai | J135: Phan Hiếu Lộc | K135: Đông Nam Bộ 2 | L135: 46024 | M135: Gọi tương tác xuất hóa đơn và hướng dẫn nộp tờ khai thuế 2025 quý 4 + thông báo ngày 24.1 tất niên nên chỉ nhận xếp tài đến 11h00. | N135: =IF(COUNTIF(H135:H9551,Table42[[#This Row],[Tên NCC]])=1,1,0) -> 1 | O135: =COUNTIF(Table42[Tên NCC],Table42[[#This Row],[Tên NCC]]) -> 1 | P135: Đào Dương Anh Thư
A136: =ROW()-3 -> 133 | B136: =YEAR(Table42[[#This Row],[Ngày gọi]]) -> 2026 | C136: =MONTH(Table42[[#This Row],[Ngày gọi]]) -> 1 | D136: =WEEKNUM(Table42[[#This Row],[Ngày gọi]]) -> 1 | E136: 001J3000002HLahIAG | G136: 100066 | H136: Anh Chương (Trảng Bom) | I136: Đồng Nai | J136: Phan Hiếu Lộc | K136: Đông Nam Bộ 2 | L136: 46024 | M136: Gọi tương tác về việc lên HKD xuất hóa đơn + thông báo ngày 24.1 tất niên nên chỉ nhận xếp tài đến 11h00. | N136: =IF(COUNTIF(H136:H9552,Table42[[#This Row],[Tên NCC]])=1,1,0) -> 1 | O136: =COUNTIF(Table42[Tên NCC],Table42[[#This Row],[Tên NCC]]) -> 1 | P136: Đào Dương Anh Thư
A137: =ROW()-3 -> 134 | B137: =YEAR(Table42[[#This Row],[Ngày gọi]]) -> 2026 | C137: =MONTH(Table42[[#This Row],[Ngày gọi]]) -> 1 | D137: =WEEKNUM(Table42[[#This Row],[Ngày gọi]]) -> 1 | E137: 001J3000002HLkLIAW | G137: 100166 | H137: Phan Thị Mỹ Hòa | I137: Đồng Nai | J137: Phan Hiếu Lộc | K137: Đông Nam Bộ 2 | L137: 46024 | M137: Gọi tương tác về việc lên HKD xuất hóa đơn - Mua ít lắm không phải xuất HĐ đâu + thông báo ngày 24.1 tất niên nên chỉ nhận xếp tài đến 11h00. | N137: =IF(COUNTIF(H137:H9553,Table42[[#This Row],[Tên NCC]])=1,1,0) -> 1 | O137: =COUNTIF(Table42[Tên NCC],Table42[[#This Row],[Tên NCC]]) -> 1 | P137: Đào Dương Anh Thư
A138: =ROW()-3 -> 135 | B138: =YEAR(Table42[[#This Row],[Ngày gọi]]) -> 2026 | C138: =MONTH(Table42[[#This Row],[Ngày gọi]]) -> 1 | D138: =WEEKNUM(Table42[[#This Row],[Ngày gọi]]) -> 1 | E138: 001J3000002HLYIIA4 | G138: 100179 | H138: Anh Lương (Ông Đồn) | I138: Đồng Nai | J138: Phan Hiếu Lộc | K138: Đông Nam Bộ 2 | L138: 46024 | M138: Gọi tương tác về việc lên HKD xuất hóa đơn - để ít bữa nữa xem sao + thông báo ngày 24.1 tất niên nên chỉ nhận xếp tài đến 11h00. | N138: =IF(COUNTIF(H138:H9554,Table42[[#This Row],[Tên NCC]])=1,1,0) -> 1 | O138: =COUNTIF(Table42[Tên NCC],Table42[[#This Row],[Tên NCC]]) -> 1 | P138: Đào Dương Anh Thư
A139: =ROW()-3 -> 136 | B139: =YEAR(Table42[[#This Row],[Ngày gọi]]) -> 2026 | C139: =MONTH(Table42[[#This Row],[Ngày gọi]]) -> 1 | D139: =WEEKNUM(Table42[[#This Row],[Ngày gọi]]) -> 1 | E139: 001J3000002HLYMIA4 | G139: 100181 | H139: Anh Tiên (Xuân Lộc) | I139: Đồng Nai | J139: Phan Hiếu Lộc | K139: Đông Nam Bộ 2 | L139: 46024 | M139: Gọi tương tác về việc lên HKD xuất hóa đơn - anh mua bán ít lắm em + thông báo ngày 24.1 tất niên nên chỉ nhận xếp tài đến 11h00. | N139: =IF(COUNTIF(H139:H9555,Table42[[#This Row],[Tên NCC]])=1,1,0) -> 1 | O139: =COUNTIF(Table42[Tên NCC],Table42[[#This Row],[Tên NCC]]) -> 1 | P139: Đào Dương Anh Thư
A140: =ROW()-3 -> 137 | B140: =YEAR(Table42[[#This Row],[Ngày gọi]]) -> 2026 | C140: =MONTH(Table42[[#This Row],[Ngày gọi]]) -> 1 | D140: =WEEKNUM(Table42[[#This Row],[Ngày gọi]]) -> 1 | E140: 001J3000002HLnZIAW | G140: 100186 | H140: Anh Liêm (Anh Lãng) | I140: Đồng Nai | J140: Phan Hiếu Lộc | K140: Đông Nam Bộ 2 | L140: 46025 | M140: Gọi tương tác về việc lên HKD xuất hóa đơn + thông báo ngày 24.1 tất niên nên chỉ nhận xếp tài đến 11h00. | N140: =IF(COUNTIF(H140:H9556,Table42[[#This Row],[Tên NCC]])=1,1,0) -> 1 | O140: =COUNTIF(Table42[Tên NCC],Table42[[#This Row],[Tên NCC]]) -> 1 | P140: Đào Dương Anh Thư
A141: =ROW()-3 -> 138 | B141: =YEAR(Table42[[#This Row],[Ngày gọi]]) -> 2026 | C141: =MONTH(Table42[[#This Row],[Ngày gọi]]) -> 1 | D141: =WEEKNUM(Table42[[#This Row],[Ngày gọi]]) -> 1 | E141: 001J3000002HLf4IAG | G141: 100189 | H141: Anh Khánh (Gia Kiệm) | I141: Đồng Nai | J141: Phan Hiếu Lộc | K141: Đông Nam Bộ 2 | L141: 46025 | M141: Gọi tương tác về việc lên HKD xuất hóa đơn - NCC đang kẹt vướng nợ thuế,hẹn qua tét xuất HD + thông báo ngày 24.1 tất niên nên chỉ nhận xếp tài đến 11h00. | N141: =IF(COUNTIF(H141:H9557,Table42[[#This Row],[Tên NCC]])=1,1,0) -> 1 | O141: =COUNTIF(Table42[Tên NCC],Table42[[#This Row],[Tên NCC]]) -> 1 | P141: Đào Dương Anh Thư
A142: =ROW()-3 -> 139 | B142: =YEAR(Table42[[#This Row],[Ngày gọi]]) -> 2026 | C142: =MONTH(Table42[[#This Row],[Ngày gọi]]) -> 1 | D142: =WEEKNUM(Table42[[#This Row],[Ngày gọi]]) -> 1 | E142: 001J3000002HLYAIA4 | G142: 100191 | H142: Anh Toản (Châu Đức) | I142: BRVT | J142: Phan Hiếu Lộc | K142: Đông Nam Bộ 2 | L142: 46025 | M142: Hỏi thăm NCC về hàng Thông báo ngày 24.1 tất niên nên chỉ nhận xếp tài đến 11h00.- NCC cười cười chứ hông nói gì | N142: =IF(COUNTIF(H142:H9558,Table42[[#This Row],[Tên NCC]])=1,1,0) -> 1 | O142: =COUNTIF(Table42[Tên NCC],Table42[[#This Row],[Tên NCC]]) -> 1 | P142: Đào Dương Anh Thư
... A171: =ROW()-3 -> 168 | B171: =YEAR(Table42[[#This Row],[Ngày gọi]]) -> 2026 | C171: =MONTH(Table42[[#This Row],[Ngày gọi]]) -> 1 | D171: =WEEKNUM(Table42[[#This Row],[Ngày gọi]]) -> 2 | E171: 001dc00000qh5PtAAI | G171: 100424 | H171: Hải Suối Nho | I171: Đồng Nai | J171: Phan Hiếu Lộc | K171: Đông Nam Bộ 2 | L171: 46030 | M171: Gọi tương tác về việc lên HKD xuất hóa đơn + thông báo ngày 24.1 tất niên nên chỉ nhận xếp tài đến 11h00. | N171: =IF(COUNTIF(H171:H9587,Table42[[#This Row],[Tên NCC]])=1,1,0) -> 1 | O171: =COUNTIF(Table42[Tên NCC],Table42[[#This Row],[Tên NCC]]) -> 1 | P171: Đào Dương Anh Thư
