Workbook

Sheet 2024-2026
D1: 2026 | E1: 2026 | F1: 2026 | G1: 2026 | H1: 2026 | I1: 2026 | J1: 2026 | K1: 2026 | L1: 2026 | M1: 2026 | N1: 2026 | O1: 2026 | P1: 2026 | Q1: 2026 | R1: 2026 | S1: 2026 | T1: 2026 | V1: 2026 | W1: 2026 | X1: 2026 | Y1: 2026 | Z1: 2026 | AA1: 2026 | AB1: 2026 | AC1: 2026 | AD1: 2026 | AE1: 2026 | AF1: 2026 | AG1: 2026 | AH1: 2026 | AI1: 2026 | AJ1: 2026 | AK1: 2026 | AN1: 2026 | AO1: 2026 | AP1: 2026 | AQ1: 2026 | AR1: 2026 | AS1: 2026 | AT1: 2026 | AU1: 2026 | AV1: 2026 | AW1: 2026 | AX1: 2026 | AY1: 2026 | AZ1: 2026 | BA1: 2026 | BB1: 2026 | BC1: 2026 | BF1: 2026 | BG1: 2026 | BH1: 2026 | BI1: 2026 | BJ1: 2026 | BK1: 2026 | BL1: 2026 | BM1: 2026 | BN1: 2026 | BO1: 2026 | BP1: 2026 | BQ1: 2026 | BR1: 2026 | BS1: 2026 | BT1: 2026 | BU1: 2026 | BX1: 2026 | BY1: 2026 | BZ1: 2026 | CA1: 2026 | CB1: 2026 | CC1: 2026 | CD1: 2026 | CE1: 2026 | CF1: 2026 | CG1: 2026 | CH1: 2026 | CI1: 2026 | CJ1: 2026 | CK1: 2026 | CL1: 2026 | CM1: 2026 | CP1: 2026 | CQ1: 2026 | CR1: 2026 | CS1: 2026 | CT1: 2026 | CU1: 2026 | CV1: 2026 | CW1: 2026 | CX1: 2026 | CY1: 2026 | CZ1: 2026 | DA1: 2026 | DB1: 2026 | DC1: 2026 | DD1: 2026 | DE1: 2026 | DH1: 2026 | DI1: 2026 | DJ1: 2026 | DK1: 2026 | DL1: 2026 | DM1: 2026 | DN1: 2026 | DO1: 2026 | DP1: 2026 | DQ1: 2026 | DR1: 2026 | DS1: 2026 | DT1: 2026 | DU1: 2026 | DV1: 2026 | DW1: 2026 | DZ1: 2026 | EA1: 2026 | EB1: 2026 | EC1: 2026 | ED1: 2026 | EE1: 2026 | EF1: 2026 | EG1: 2026 | EH1: 2026 | EI1: 2026 | EJ1: 2026 | EK1: 2026 | EL1: 2026 | EM1: 2026 | EN1: 2026 | EO1: 2026 | ER1: 2026 | ES1: 2026 | ET1: 2026 | EU1: 2026 | EV1: 2026 | EW1: 2026 | EX1: 2026 | EY1: 2026 | EZ1: 2026 | FA1: 2026 | FB1: 2026 | FC1: 2026 | FD1: 2026 | FE1: 2026 | FF1: 2026 | FG1: 2026 | FJ1: 2026 | FK1: 2026 | FL1: 2026 | FM1: 2026 | FN1: 2026 | FO1: 2026 | FP1: 2026 | FQ1: 2026 | FR1: 2026 | FS1: 2026 | FT1: 2026 | FU1: 2026 | FV1: 2026 | FW1: 2026 | FX1: 2026 | FY1: 2026 | GB1: 2026 | GC1: 2026 | GD1: 2026 | GE1: 2026 | GF1: 2026 | GG1: 2026 | GH1: 2026 | GI1: 2026 | GJ1: 2026 | GK1: 2026 | GL1: 2026 | GM1: 2026 | GN1: 2026 | GO1: 2026 | GP1: 2026 | GQ1: 2026 | GT1: 2026 | GU1: 2026 | GV1: 2026 | GW1: 2026 | GX1: 2026 | GY1: 2026 | GZ1: 2026 | HA1: 2026 | HB1: 2026 | HC1: 2026 | HD1: 2026 | HE1: 2026 | HF1: 2026 | HG1: 2026 | HH1: 2026 | HI1: 2026 | HL1: 2026 | HM1: 2026 | HN1: 2026 | HO1: 2026 | HP1: 2026 | HQ1: 2026 | HR1: 2026 | HS1: 2026 | HT1: 2026 | HU1: 2026 | HV1: 2026 | HW1: 2026 | HX1: 2026 | HY1: 2026 | HZ1: 2026 | IA1: 2026
D2: FY | E2: FY | F2: FY | G2: FY | H2: FY | I2: FY | J2: FY | K2: FY | L2: FY | M2: FY | N2: FY | O2: FY | P2: FY | Q2: FY | R2: FY | S2: FY | T2: FY | V2: 1 | W2: 1 | X2: =W2 -> 1 | Y2: =X2 -> 1 | Z2: =Y2 -> 1 | AA2: =Z2 -> 1 | AB2: =AA2 -> 1 | AC2: =AB2 -> 1 | AD2: =AC2 -> 1 | AE2: =AD2 -> 1 | ... AK2: =AJ2 -> 1 | AN2: =V2+1 -> 2 | AO2: =AN2 -> 2 | AP2: =AO2 -> 2 | AQ2: =AP2 -> 2 | AR2: =AQ2 -> 2 | AS2: =AR2 -> 2 | AT2: =AS2 -> 2 | AU2: =AT2 -> 2 | AV2: =AU2 -> 2 | ... BC2: =BB2 -> 2 | BF2: =AN2+1 -> 3 | BG2: =BF2 -> 3 | BH2: =BG2 -> 3 | BI2: =BH2 -> 3 | BJ2: =BI2 -> 3 | BK2: =BJ2 -> 3 | BL2: =BK2 -> 3 | BM2: =BL2 -> 3 | BN2: =BM2 -> 3 | ... BU2: =BT2 -> 3 | BX2: =BF2+1 -> 4 | BY2: =BX2 -> 4 | BZ2: =BY2 -> 4 | CA2: =BZ2 -> 4 | CB2: =CA2 -> 4 | CC2: =CB2 -> 4 | CD2: =CC2 -> 4 | CE2: =CD2 -> 4 | CF2: =CE2 -> 4 | ... CM2: =CL2 -> 4 | CP2: =BX2+1 -> 5 | CQ2: =CP2 -> 5 | CR2: =CQ2 -> 5 | CS2: =CR2 -> 5 | CT2: =CS2 -> 5 | CU2: =CT2 -> 5 | CV2: =CU2 -> 5 | CW2: =CV2 -> 5 | CX2: =CW2 -> 5 | ... DE2: =DD2 -> 5 | DH2: =CP2+1 -> 6 | DI2: =DH2 -> 6 | DJ2: =DI2 -> 6 | DK2: =DJ2 -> 6 | DL2: =DK2 -> 6 | DM2: =DL2 -> 6 | DN2: =DM2 -> 6 | DO2: =DN2 -> 6 | DP2: =DO2 -> 6 | ... DW2: =DV2 -> 6 | DZ2: =DH2+1 -> 7 | EA2: =DZ2 -> 7 | EB2: =EA2 -> 7 | EC2: =EB2 -> 7 | ED2: =EC2 -> 7 | EE2: =ED2 -> 7 | EF2: =EE2 -> 7 | EG2: =EF2 -> 7 | EH2: =EG2 -> 7 | ... EO2: =EN2 -> 7 | ER2: =DZ2+1 -> 8 | ES2: =ER2 -> 8 | ET2: =ES2 -> 8 | EU2: =ET2 -> 8 | EV2: =EU2 -> 8 | EW2: =EV2 -> 8 | EX2: =EW2 -> 8 | EY2: =EX2 -> 8 | EZ2: =EY2 -> 8 | ... FG2: =FF2 -> 8 | FJ2: =ER2+1 -> 9 | FK2: =FJ2 -> 9 | FL2: =FK2 -> 9 | FM2: =FL2 -> 9 | FN2: =FM2 -> 9 | FO2: =FN2 -> 9 | FP2: =FO2 -> 9 | FQ2: =FP2 -> 9 | FR2: =FQ2 -> 9 | ... FY2: =FX2 -> 9 | GB2: =FJ2+1 -> 10 | GC2: =GB2 -> 10 | GD2: =GC2 -> 10 | GE2: =GD2 -> 10 | GF2: =GE2 -> 10 | GG2: =GF2 -> 10 | GH2: =GG2 -> 10 | GI2: =GH2 -> 10 | GJ2: =GI2 -> 10 | ... GQ2: =GP2 -> 10 | GT2: =GB2+1 -> 11 | GU2: =GT2 -> 11 | GV2: =GU2 -> 11 | GW2: =GV2 -> 11 | GX2: =GW2 -> 11 | GY2: =GX2 -> 11 | GZ2: =GY2 -> 11 | HA2: =GZ2 -> 11 | HB2: =HA2 -> 11 | ... HI2: =HH2 -> 11 | HL2: =GT2+1 -> 12 | HM2: =HL2 -> 12 | HN2: =HM2 -> 12 | HO2: =HN2 -> 12 | HP2: =HO2 -> 12 | HQ2: =HP2 -> 12 | HR2: =HQ2 -> 12 | HS2: =HR2 -> 12 | HT2: =HS2 -> 12 | ... IA2: =HZ2 -> 12
E3: iSS01084 | F3: iSS01 | G3: WSS01 | H3: WSS02 | I3: WSS03 | J3: WSS04 | K3: WSS05 | L3: WSS06 | M3: iSS01084-PL | N3: iSS01-PL | O3: WSS01-PL | P3: WSS03-PL | Q3: WSS05 PL | R3: Phó sản | S3: Khác | W3: iSS01084 | X3: iSS01 | Y3: WSS01 | Z3: WSS02 | AA3: WSS03 | AB3: WSS04 | AC3: WSS05 | AD3: WSS06 | AE3: iSS01084-PL | AF3: iSS01-PL | AG3: WSS01-PL | AH3: WSS03-PL | AI3: WSS05 PL | AJ3: Phó sản | AK3: Khác | AO3: iSS01084 | AP3: iSS01 | AQ3: WSS01 | AR3: WSS02 | AS3: WSS03 | AT3: WSS04 | AU3: WSS05 | AV3: WSS06 | AW3: iSS01084-PL | AX3: iSS01-PL | AY3: WSS01-PL | AZ3: WSS03-PL | BA3: WSS05 PL | BB3: Phó sản | BC3: Khác | BG3: iSS01084 | BH3: iSS01 | BI3: WSS01 | BJ3: WSS02 | BK3: WSS03 | BL3: WSS04 | BM3: WSS05 | BN3: WSS06 | BO3: iSS01084-PL | BP3: iSS01-PL | BQ3: WSS01-PL | BR3: WSS03-PL | BS3: WSS05 PL | BT3: Phó sản | BU3: Khác | BY3: iSS01084 | BZ3: iSS01 | CA3: WSS01 | CB3: WSS02 | CC3: WSS03 | CD3: WSS04 | CE3: WSS05 | CF3: WSS06 | CG3: iSS01084-PL | CH3: iSS01-PL | CI3: WSS01-PL | CJ3: WSS03-PL | CK3: WSS05 PL | CL3: Phó sản | CM3: Khác | CQ3: iSS01084 | CR3: iSS01 | CS3: WSS01 | CT3: WSS02 | CU3: WSS03 | CV3: WSS04 | CW3: WSS05 | CX3: WSS06 | CY3: iSS01084-PL | CZ3: iSS01-PL | DA3: WSS01-PL | DB3: WSS03-PL | DC3: WSS05 PL | DD3: Phó sản | DE3: Khác | DI3: iSS01084 | DJ3: iSS01 | DK3: WSS01 | DL3: WSS02 | DM3: WSS03 | DN3: WSS04 | DO3: WSS05 | DP3: WSS06 | DQ3: iSS01084-PL | DR3: iSS01-PL | DS3: WSS01-PL | DT3: WSS03-PL | DU3: WSS05 PL | DV3: Phó sản | DW3: Khác | EA3: iSS01084 | EB3: iSS01 | EC3: WSS01 | ED3: WSS02 | EE3: WSS03 | EF3: WSS04 | EG3: WSS05 | EH3: WSS06 | EI3: iSS01084-PL | EJ3: iSS01-PL | EK3: WSS01-PL | EL3: WSS03-PL | EM3: WSS05 PL | EN3: Phó sản | EO3: Khác | ES3: iSS01084 | ET3: iSS01 | EU3: WSS01 | EV3: WSS02 | EW3: WSS03 | EX3: WSS04 | EY3: WSS05 | EZ3: WSS06 | FA3: iSS01084-PL | FB3: iSS01-PL | FC3: WSS01-PL | FD3: WSS03-PL | FE3: WSS05 PL | FF3: Phó sản | FG3: Khác | FK3: iSS01084 | FL3: iSS01 | FM3: WSS01 | FN3: WSS02 | FO3: WSS03 | FP3: WSS04 | FQ3: WSS05 | FR3: WSS06 | FS3: iSS01084-PL | FT3: iSS01-PL | FU3: WSS01-PL | FV3: WSS03-PL | FW3: WSS05 PL | FX3: Phó sản | FY3: Khác | GC3: iSS01084 | GD3: iSS01 | GE3: WSS01 | GF3: WSS02 | GG3: WSS03 | GH3: WSS04 | GI3: WSS05 | GJ3: WSS06 | GK3: iSS01084-PL | GL3: iSS01-PL | GM3: WSS01-PL | GN3: WSS03-PL | GO3: WSS05 PL | GP3: Phó sản | GQ3: Khác | GU3: iSS01084 | GV3: iSS01 | GW3: WSS01 | GX3: WSS02 | GY3: WSS03 | GZ3: WSS04 | HA3: WSS05 | HB3: WSS06 | HC3: iSS01084-PL | HD3: iSS01-PL | HE3: WSS01-PL | HF3: WSS03-PL | HG3: WSS05 PL | HH3: Phó sản | HI3: Khác | HM3: iSS01084 | HN3: iSS01 | HO3: WSS01 | HP3: WSS02 | HQ3: WSS03 | HR3: WSS04 | HS3: WSS05 | HT3: WSS06 | HU3: iSS01084-PL | HV3: iSS01-PL | HW3: WSS01-PL | HX3: WSS03-PL | HY3: WSS05 PL | HZ3: Phó sản | IA3: Khác
B4: Main SKU name (Đvt: tấn) | D4: NĂM 2026-THU HỒI | V4: ="THÁNG "&W2&"-THU HỒI" -> THÁNG 1-THU HỒI | AN4: ="THÁNG "&AO2&"-THU HỒI" -> THÁNG 2-THU HỒI | BF4: ="THÁNG "&BG2&"-THU HỒI" -> THÁNG 3-THU HỒI | BX4: ="THÁNG "&BY2&"-THU HỒI" -> THÁNG 4-THU HỒI | CP4: ="THÁNG "&CQ2&"-THU HỒI" -> THÁNG 5-THU HỒI | DH4: ="THÁNG "&DI2&"-THU HỒI" -> THÁNG 6-THU HỒI | DZ4: ="THÁNG "&EA2&"-THU HỒI" -> THÁNG 7-THU HỒI | ER4: ="THÁNG "&ES2&"-THU HỒI" -> THÁNG 8-THU HỒI | FJ4: ="THÁNG "&FK2&"-THU HỒI" -> THÁNG 9-THU HỒI | GB4: ="THÁNG "&GC2&"-THU HỒI" -> THÁNG 10-THU HỒI | GT4: ="THÁNG "&GU2&"-THU HỒI" -> THÁNG 11-THU HỒI | HL4: ="THÁNG "&HM2&"-THU HỒI" -> THÁNG 12-THU HỒI
D5: TỔNG-XUẤT | E5: iSS01084 | F5: iSS01 | G5: WSS01 | H5: WSS02 | I5: WSS03 | J5: WSS04 | K5: WSS05 | L5: WSS06 | M5: iSS01084-PL | N5: iSS01-PL | O5: WSS01-PL | P5: WSS03-PL | Q5: WSS05 PL | R5: Phó sản | S5: Khác | T5: TỔNG-NHẬP | V5: TỔNG-XUẤT | W5: iSS01084 | X5: iSS01 | Y5: WSS01 | Z5: WSS02 | AA5: WSS03 | AB5: WSS04 | AC5: WSS05 | AD5: WSS06 | AE5: iSS01084-PL | AF5: iSS01-PL | AG5: WSS01-PL | AH5: WSS03-PL | AI5: WSS05 PL | AJ5: Phó sản | AK5: Khác | AL5: TỔNG-NHẬP | AN5: TỔNG-XUẤT | AO5: iSS01084 | AP5: iSS01 | AQ5: WSS01 | AR5: WSS02 | AS5: WSS03 | AT5: WSS04 | AU5: WSS05 | AV5: WSS06 | AW5: iSS01084-PL | AX5: iSS01-PL | AY5: WSS01-PL | AZ5: WSS03-PL | BA5: WSS05 PL | BB5: Phó sản | BC5: Khác | BD5: TỔNG-NHẬP | BF5: TỔNG-XUẤT | BG5: iSS01084 | BH5: iSS01 | BI5: WSS01 | BJ5: WSS02 | BK5: WSS03 | BL5: WSS04 | BM5: WSS05 | BN5: WSS06 | BO5: iSS01084-PL | BP5: iSS01-PL | BQ5: WSS01-PL | BR5: WSS03-PL | BS5: WSS05 PL | BT5: Phó sản | BU5: Khác | BV5: TỔNG-NHẬP | BX5: TỔNG-XUẤT | BY5: iSS01084 | BZ5: iSS01 | CA5: WSS01 | CB5: WSS02 | CC5: WSS03 | CD5: WSS04 | CE5: WSS05 | CF5: WSS06 | CG5: iSS01084-PL | CH5: iSS01-PL | CI5: WSS01-PL | CJ5: WSS03-PL | CK5: WSS05 PL | CL5: Phó sản | CM5: Khác | CN5: TỔNG-NHẬP | CP5: TỔNG-XUẤT | CQ5: iSS01084 | CR5: iSS01 | CS5: WSS01 | CT5: WSS02 | CU5: WSS03 | CV5: WSS04 | CW5: WSS05 | CX5: WSS06 | CY5: iSS01084-PL | CZ5: iSS01-PL | DA5: WSS01-PL | DB5: WSS03-PL | DC5: WSS05 PL | DD5: Phó sản | DE5: Khác | DF5: TỔNG-NHẬP | DH5: TỔNG-XUẤT | DI5: iSS01084 | DJ5: iSS01 | DK5: WSS01 | DL5: WSS02 | DM5: WSS03 | DN5: WSS04 | DO5: WSS05 | DP5: WSS06 | DQ5: iSS01084-PL | DR5: iSS01-PL | DS5: WSS01-PL | DT5: WSS03-PL | DU5: WSS05 PL | DV5: Phó sản | DW5: Khác | DX5: TỔNG-NHẬP | DZ5: TỔNG-XUẤT | EA5: iSS01084 | EB5: iSS01 | EC5: WSS01 | ED5: WSS02 | EE5: WSS03 | EF5: WSS04 | EG5: WSS05 | EH5: WSS06 | EI5: iSS01084-PL | EJ5: iSS01-PL | EK5: WSS01-PL | EL5: WSS03-PL | EM5: WSS05 PL | EN5: Phó sản | EO5: Khác | EP5: TỔNG-NHẬP | ER5: TỔNG-XUẤT | ES5: iSS01084 | ET5: iSS01 | EU5: WSS01 | EV5: WSS02 | EW5: WSS03 | EX5: WSS04 | EY5: WSS05 | EZ5: WSS06 | FA5: iSS01084-PL | FB5: iSS01-PL | FC5: WSS01-PL | FD5: WSS03-PL | FE5: WSS05 PL | FF5: Phó sản | FG5: Khác | FH5: TỔNG-NHẬP | FJ5: TỔNG-XUẤT | FK5: iSS01084 | FL5: iSS01 | FM5: WSS01 | FN5: WSS02 | FO5: WSS03 | FP5: WSS04 | FQ5: WSS05 | FR5: WSS06 | FS5: iSS01084-PL | FT5: iSS01-PL | FU5: WSS01-PL | FV5: WSS03-PL | FW5: WSS05 PL | FX5: Phó sản | FY5: Khác | FZ5: TỔNG-NHẬP | GB5: TỔNG-XUẤT | GC5: iSS01084 | GD5: iSS01 | GE5: WSS01 | GF5: WSS02 | GG5: WSS03 | GH5: WSS04 | GI5: WSS05 | GJ5: WSS06 | GK5: iSS01084-PL | GL5: iSS01-PL | GM5: WSS01-PL | GN5: WSS03-PL | GO5: WSS05 PL | GP5: Phó sản | GQ5: Khác | GR5: TỔNG-NHẬP | GT5: TỔNG-XUẤT | GU5: iSS01084 | GV5: iSS01 | GW5: WSS01 | GX5: WSS02 | GY5: WSS03 | GZ5: WSS04 | HA5: WSS05 | HB5: WSS06 | HC5: iSS01084-PL | HD5: iSS01-PL | HE5: WSS01-PL | HF5: WSS03-PL | HG5: WSS05 PL | HH5: Phó sản | HI5: Khác | HJ5: TỔNG-NHẬP | HL5: TỔNG-XUẤT | HM5: iSS01084 | HN5: iSS01 | HO5: WSS01 | HP5: WSS02 | HQ5: WSS03 | HR5: WSS04 | HS5: WSS05 | HT5: WSS06 | HU5: iSS01084-PL | HV5: iSS01-PL | HW5: WSS01-PL | HX5: WSS03-PL | HY5: WSS05 PL | HZ5: Phó sản | IA5: Khác | IB5: TỔNG-NHẬP
A6: iSS01084 | B6: iSS01084 | D6: =SUM('2026:2024'!D6) -> 15928682 | E6: =SUM('2026:2024'!E6) -> 13340733 | F6: =SUM('2026:2024'!F6) -> 603400 | G6: =SUM('2026:2024'!G6) -> 199061 | H6: =SUM('2026:2024'!H6) -> 17600 | I6: =SUM('2026:2024'!I6) -> 790003.5 | J6: =SUM('2026:2024'!J6) -> 0 | K6: =SUM('2026:2024'!K6) -> 0 | ... S6: =SUM('2026:2024'!S6) -> 0 | T6: =SUM(E6:S6) -> 15793833 | V6: =SUM('2026:2024'!V6) -> 1008496 | W6: =SUM('2026:2024'!W6) -> 895498 | X6: =SUM('2026:2024'!X6) -> 17600 | Y6: =SUM('2026:2024'!Y6) -> 2161 | Z6: =SUM('2026:2024'!Z6) -> 5500 | AA6: =SUM('2026:2024'!AA6) -> 44000 | AB6: =SUM('2026:2024'!AB6) -> 0 | AC6: =SUM('2026:2024'!AC6) -> 0 | ... AK6: =SUM('2026:2024'!AK6) -> 0 | AL6: =SUM(W6:AK6) -> 1001694 | AN6: =SUM('2026:2024'!AN6) -> 1270781 | AO6: =SUM('2026:2024'!AO6) -> 1067133 | AP6: =SUM('2026:2024'!AP6) -> 64900 | AQ6: =SUM('2026:2024'!AQ6) -> 2200 | AR6: =SUM('2026:2024'!AR6) -> 6600 | AS6: =SUM('2026:2024'!AS6) -> 57200 | AT6: =SUM('2026:2024'!AT6) -> 0 | AU6: =SUM('2026:2024'!AU6) -> 0 | ... BC6: =SUM('2026:2024'!BC6) -> 0 | BD6: =SUM(AO6:BC6) -> 1261861 | BF6: =SUM('2026:2024'!BF6) -> 714030 | BG6: =SUM('2026:2024'!BG6) -> 644600 | BH6: =SUM('2026:2024'!BH6) -> 11000 | BI6: =SUM('2026:2024'!BI6) -> 1100 | BJ6: =SUM('2026:2024'!BJ6) -> 0 | BK6: =SUM('2026:2024'!BK6) -> 11000 | BL6: =SUM('2026:2024'!BL6) -> 0 | BM6: =SUM('2026:2024'!BM6) -> 0 | ... BU6: =SUM('2026:2024'!BU6) -> 0 | BV6: =SUM(BG6:BU6) -> 703885 | BX6: =SUM('2026:2024'!BX6) -> 1111086 | BY6: =SUM('2026:2024'!BY6) -> 980100 | BZ6: =SUM('2026:2024'!BZ6) -> 20900 | CA6: =SUM('2026:2024'!CA6) -> 47300 | CB6: =SUM('2026:2024'!CB6) -> 0 | CC6: =SUM('2026:2024'!CC6) -> 14300 | CD6: =SUM('2026:2024'!CD6) -> 0 | CE6: =SUM('2026:2024'!CE6) -> 0 | ... CM6: =SUM('2026:2024'!CM6) -> 0 | CN6: =SUM(BY6:CM6) -> 1094563 | CP6: =SUM('2026:2024'!CP6) -> 732096 | CQ6: =SUM('2026:2024'!CQ6) -> 526900 | CR6: =SUM('2026:2024'!CR6) -> 129800 | CS6: =SUM('2026:2024'!CS6) -> 0 | CT6: =SUM('2026:2024'!CT6) -> 4400 | CU6: =SUM('2026:2024'!CU6) -> 17600 | CV6: =SUM('2026:2024'!CV6) -> 0 | CW6: =SUM('2026:2024'!CW6) -> 0 | ... DE6: =SUM('2026:2024'!DE6) -> 0 | DF6: =SUM(CQ6:DE6) -> 727404.5 | DH6: =SUM('2026:2024'!DH6) -> 770583 | DI6: =SUM('2026:2024'!DI6) -> 669900 | DJ6: =SUM('2026:2024'!DJ6) -> 30800 | DK6: =SUM('2026:2024'!DK6) -> 0 | DL6: =SUM('2026:2024'!DL6) -> 0 | DM6: =SUM('2026:2024'!DM6) -> 7700 | DN6: =SUM('2026:2024'!DN6) -> 0 | DO6: =SUM('2026:2024'!DO6) -> 0 | ... DW6: =SUM('2026:2024'!DW6) -> 0 | DX6: =SUM(DI6:DW6) -> 760193.5 | DZ6: =SUM('2026:2024'!DZ6) -> 848454.68 | EA6: =SUM('2026:2024'!EA6) -> 657800 | EB6: =SUM('2026:2024'!EB6) -> 70400 | EC6: =SUM('2026:2024'!EC6) -> 7700 | ED6: =SUM('2026:2024'!ED6) -> 0 | EE6: =SUM('2026:2024'!EE6) -> 28600 | EF6: =SUM('2026:2024'!EF6) -> 0 | EG6: =SUM('2026:2024'!EG6) -> 0 | ... EO6: =SUM('2026:2024'!EO6) -> 0 | EP6: =SUM(EA6:EO6) -> 842958.4 | ER6: =SUM('2026:2024'!ER6) -> 1301515.9 | ES6: =SUM('2026:2024'!ES6) -> 1119800 | ET6: =SUM('2026:2024'!ET6) -> 44245 | EU6: =SUM('2026:2024'!EU6) -> 1100 | EV6: =SUM('2026:2024'!EV6) -> 0 | EW6: =SUM('2026:2024'!EW6) -> 59399 | EX6: =SUM('2026:2024'!EX6) -> 0 | EY6: =SUM('2026:2024'!EY6) -> 0 | ... FG6: =SUM('2026:2024'!FG6) -> 0 | FH6: =SUM(ES6:FG6) -> 1290208 | FJ6: =SUM('2026:2024'!FJ6) -> 1894393.7 | FK6: =SUM('2026:2024'!FK6) -> 1568600 | FL6: =SUM('2026:2024'!FL6) -> 93855 | FM6: =SUM('2026:2024'!FM6) -> 3300 | FN6: =SUM('2026:2024'!FN6) -> 0 | FO6: =SUM('2026:2024'!FO6) -> 159704.5 | FP6: =SUM('2026:2024'!FP6) -> 0 | FQ6: =SUM('2026:2024'!FQ6) -> 0 | ... FY6: =SUM('2026:2024'!FY6) -> 0 | FZ6: =SUM(FK6:FY6) -> 1887493.9 | GB6: =SUM('2026:2024'!GB6) -> 2004780 | GC6: =SUM('2026:2024'!GC6) -> 1432202 | GD6: =SUM('2026:2024'!GD6) -> 85800 | GE6: =SUM('2026:2024'!GE6) -> 105600 | GF6: =SUM('2026:2024'!GF6) -> 1100 | GG6: =SUM('2026:2024'!GG6) -> 189200 | GH6: =SUM('2026:2024'!GH6) -> 0 | GI6: =SUM('2026:2024'!GI6) -> 0 | ... GQ6: =SUM('2026:2024'!GQ6) -> 0 | GR6: =SUM(GC6:GQ6) -> 1988284.4 | GT6: =SUM('2026:2024'!GT6) -> 2202565.8 | GU6: =SUM('2026:2024'!GU6) -> 1910400 | GV6: =SUM('2026:2024'!GV6) -> 26400 | GW6: =SUM('2026:2024'!GW6) -> 12100 | GX6: =SUM('2026:2024'!GX6) -> 0 | GY6: =SUM('2026:2024'!GY6) -> 147400 | GZ6: =SUM('2026:2024'!GZ6) -> 0 | HA6: =SUM('2026:2024'!HA6) -> 0 | ... HI6: =SUM('2026:2024'!HI6) -> 0 | HJ6: =SUM(GU6:HI6) -> 2183041 | HL6: =SUM('2026:2024'!HL6) -> 2069900 | HM6: =SUM('2026:2024'!HM6) -> 1867800 | HN6: =SUM('2026:2024'!HN6) -> 7700 | HO6: =SUM('2026:2024'!HO6) -> 16500 | HP6: =SUM('2026:2024'!HP6) -> 0 | HQ6: =SUM('2026:2024'!HQ6) -> 53900 | HR6: =SUM('2026:2024'!HR6) -> 0 | HS6: =SUM('2026:2024'!HS6) -> 0 | ... IA6: =SUM('2026:2024'!IA6) -> 0 | IB6: =SUM(HM6:IA6) -> 2052246
A7: iSS01 | B7: iSS01 | D7: =SUM('2026:2024'!D7) -> 15035790 | E7: =SUM('2026:2024'!E7) -> 293538 | F7: =SUM('2026:2024'!F7) -> 12990577 | G7: =SUM('2026:2024'!G7) -> 432300 | H7: =SUM('2026:2024'!H7) -> 0 | I7: =SUM('2026:2024'!I7) -> 189276.5 | J7: =SUM('2026:2024'!J7) -> 0 | K7: =SUM('2026:2024'!K7) -> 0 | ... S7: =SUM('2026:2024'!S7) -> 3500 | T7: =SUM(E7:S7) -> 14899004 | V7: =SUM('2026:2024'!V7) -> 535000 | W7: =SUM('2026:2024'!W7) -> 8800 | X7: =SUM('2026:2024'!X7) -> 492800 | Y7: =SUM('2026:2024'!Y7) -> 2200 | Z7: =SUM('2026:2024'!Z7) -> 0 | AA7: =SUM('2026:2024'!AA7) -> 5500 | AB7: =SUM('2026:2024'!AB7) -> 0 | AC7: =SUM('2026:2024'!AC7) -> 0 | ... AK7: =SUM('2026:2024'!AK7) -> 0 | AL7: =SUM(W7:AK7) -> 530877.5 | AN7: =SUM('2026:2024'!AN7) -> 857700 | AO7: =SUM('2026:2024'!AO7) -> 1100 | AP7: =SUM('2026:2024'!AP7) -> 737440 | AQ7: =SUM('2026:2024'!AQ7) -> 6600 | AR7: =SUM('2026:2024'!AR7) -> 0 | AS7: =SUM('2026:2024'!AS7) -> 19800 | AT7: =SUM('2026:2024'!AT7) -> 0 | AU7: =SUM('2026:2024'!AU7) -> 0 | ... BC7: =SUM('2026:2024'!BC7) -> 0 | BD7: =SUM(AO7:BC7) -> 855684 | BF7: =SUM('2026:2024'!BF7) -> 2126499 | BG7: =SUM('2026:2024'!BG7) -> 11000 | BH7: =SUM('2026:2024'!BH7) -> 1915100 | BI7: =SUM('2026:2024'!BI7) -> 39600 | BJ7: =SUM('2026:2024'!BJ7) -> 0 | BK7: =SUM('2026:2024'!BK7) -> 23015 | BL7: =SUM('2026:2024'!BL7) -> 0 | BM7: =SUM('2026:2024'!BM7) -> 0 | ... BU7: =SUM('2026:2024'!BU7) -> 3500 | BV7: =SUM(BG7:BU7) -> 2111500 | BX7: =SUM('2026:2024'!BX7) -> 1737443 | BY7: =SUM('2026:2024'!BY7) -> 0 | BZ7: =SUM('2026:2024'!BZ7) -> 1502936 | CA7: =SUM('2026:2024'!CA7) -> 39600 | CB7: =SUM('2026:2024'!CB7) -> 0 | CC7: =SUM('2026:2024'!CC7) -> 12745 | CD7: =SUM('2026:2024'!CD7) -> 0 | CE7: =SUM('2026:2024'!CE7) -> 0 | ... CM7: =SUM('2026:2024'!CM7) -> 0 | CN7: =SUM(BY7:CM7) -> 1727054 | CP7: =SUM('2026:2024'!CP7) -> 1457049 | CQ7: =SUM('2026:2024'!CQ7) -> 2200 | CR7: =SUM('2026:2024'!CR7) -> 1322200 | CS7: =SUM('2026:2024'!CS7) -> 23100 | CT7: =SUM('2026:2024'!CT7) -> 0 | CU7: =SUM('2026:2024'!CU7) -> 18700 | CV7: =SUM('2026:2024'!CV7) -> 0 | CW7: =SUM('2026:2024'!CW7) -> 0 | ... DE7: =SUM('2026:2024'!DE7) -> 0 | DF7: =SUM(CQ7:DE7) -> 1438901 | DH7: =SUM('2026:2024'!DH7) -> 2115446.8 | DI7: =SUM('2026:2024'!DI7) -> 37400 | DJ7: =SUM('2026:2024'!DJ7) -> 1905200 | DK7: =SUM('2026:2024'!DK7) -> 27500 | DL7: =SUM('2026:2024'!DL7) -> 0 | DM7: =SUM('2026:2024'!DM7) -> 4400 | DN7: =SUM('2026:2024'!DN7) -> 0 | DO7: =SUM('2026:2024'!DO7) -> 0 | ... DW7: =SUM('2026:2024'!DW7) -> 0 | DX7: =SUM(DI7:DW7) -> 2084373 | DZ7: =SUM('2026:2024'!DZ7) -> 1613617.8 | EA7: =SUM('2026:2024'!EA7) -> 112200 | EB7: =SUM('2026:2024'!EB7) -> 1305700 | EC7: =SUM('2026:2024'!EC7) -> 68200 | ED7: =SUM('2026:2024'!ED7) -> 0 | EE7: =SUM('2026:2024'!EE7) -> 22000 | EF7: =SUM('2026:2024'!EF7) -> 0 | EG7: =SUM('2026:2024'!EG7) -> 0 | ... EO7: =SUM('2026:2024'!EO7) -> 0 | EP7: =SUM(EA7:EO7) -> 1597027 | ER7: =SUM('2026:2024'!ER7) -> 1403140.9 | ES7: =SUM('2026:2024'!ES7) -> 91300 | ET7: =SUM('2026:2024'!ET7) -> 1106600 | EU7: =SUM('2026:2024'!EU7) -> 69300 | EV7: =SUM('2026:2024'!EV7) -> 0 | EW7: =SUM('2026:2024'!EW7) -> 14300 | EX7: =SUM('2026:2024'!EX7) -> 0 | EY7: =SUM('2026:2024'!EY7) -> 0 | ... FG7: =SUM('2026:2024'!FG7) -> 0 | FH7: =SUM(ES7:FG7) -> 1386295 | FJ7: =SUM('2026:2024'!FJ7) -> 961238 | FK7: =SUM('2026:2024'!FK7) -> 0 | FL7: =SUM('2026:2024'!FL7) -> 847000 | FM7: =SUM('2026:2024'!FM7) -> 40700 | FN7: =SUM('2026:2024'!FN7) -> 0 | FO7: =SUM('2026:2024'!FO7) -> 13200 | FP7: =SUM('2026:2024'!FP7) -> 0 | FQ7: =SUM('2026:2024'!FQ7) -> 0 | ... FY7: =SUM('2026:2024'!FY7) -> 0 | FZ7: =SUM(FK7:FY7) -> 947732 | GB7: =SUM('2026:2024'!GB7) -> 578641.5 | GC7: =SUM('2026:2024'!GC7) -> 16338 | GD7: =SUM('2026:2024'!GD7) -> 484000 | GE7: =SUM('2026:2024'!GE7) -> 11000 | GF7: =SUM('2026:2024'!GF7) -> 0 | GG7: =SUM('2026:2024'!GG7) -> 13816.5 | GH7: =SUM('2026:2024'!GH7) -> 0 | GI7: =SUM('2026:2024'!GI7) -> 0 | ... GQ7: =SUM('2026:2024'!GQ7) -> 0 | GR7: =SUM(GC7:GQ7) -> 575612.5 | GT7: =SUM('2026:2024'!GT7) -> 1447334 | GU7: =SUM('2026:2024'!GU7) -> 13200 | GV7: =SUM('2026:2024'!GV7) -> 1211001 | GW7: =SUM('2026:2024'!GW7) -> 82500 | GX7: =SUM('2026:2024'!GX7) -> 0 | GY7: =SUM('2026:2024'!GY7) -> 41800 | GZ7: =SUM('2026:2024'!GZ7) -> 0 | HA7: =SUM('2026:2024'!HA7) -> 0 | ... HI7: =SUM('2026:2024'!HI7) -> 0 | HJ7: =SUM(GU7:HI7) -> 1442629 | HL7: =SUM('2026:2024'!HL7) -> 202680 | HM7: =SUM('2026:2024'!HM7) -> 0 | HN7: =SUM('2026:2024'!HN7) -> 160600 | HO7: =SUM('2026:2024'!HO7) -> 22000 | HP7: =SUM('2026:2024'!HP7) -> 0 | HQ7: =SUM('2026:2024'!HQ7) -> 0 | HR7: =SUM('2026:2024'!HR7) -> 0 | HS7: =SUM('2026:2024'!HS7) -> 0 | ... IA7: =SUM('2026:2024'!IA7) -> 0 | IB7: =SUM(HM7:IA7) -> 201319
A8: WSS01 | B8: WSS01 | D8: =SUM('2026:2024'!D8) -> 58251712 | E8: =SUM('2026:2024'!E8) -> 58300 | F8: =SUM('2026:2024'!F8) -> 3794120 | G8: =SUM('2026:2024'!G8) -> 48333936 | H8: =SUM('2026:2024'!H8) -> 895544 | I8: =SUM('2026:2024'!I8) -> 1775747.5 | J8: =SUM('2026:2024'!J8) -> 0 | K8: =SUM('2026:2024'!K8) -> 0 | ... S8: =SUM('2026:2024'!S8) -> 0 | T8: =SUM(E8:S8) -> 57778169 | V8: =SUM('2026:2024'!V8) -> 7368506 | W8: =SUM('2026:2024'!W8) -> 1100 | X8: =SUM('2026:2024'!X8) -> 500500 | Y8: =SUM('2026:2024'!Y8) -> 6360658 | Z8: =SUM('2026:2024'!Z8) -> 164344 | AA8: =SUM('2026:2024'!AA8) -> 44892 | AB8: =SUM('2026:2024'!AB8) -> 0 | AC8: =SUM('2026:2024'!AC8) -> 0 | ... AK8: =SUM('2026:2024'!AK8) -> 0 | AL8: =SUM(W8:AK8) -> 7313147.7 | AN8: =SUM('2026:2024'!AN8) -> 4457183.8 | AO8: =SUM('2026:2024'!AO8) -> 0 | AP8: =SUM('2026:2024'!AP8) -> 266200 | AQ8: =SUM('2026:2024'!AQ8) -> 3754482 | AR8: =SUM('2026:2024'!AR8) -> 150700 | AS8: =SUM('2026:2024'!AS8) -> 21931 | AT8: =SUM('2026:2024'!AT8) -> 0 | AU8: =SUM('2026:2024'!AU8) -> 0 | ... BC8: =SUM('2026:2024'!BC8) -> 0 | BD8: =SUM(AO8:BC8) -> 4426661 | BF8: =SUM('2026:2024'!BF8) -> 8081225 | BG8: =SUM('2026:2024'!BG8) -> 0 | BH8: =SUM('2026:2024'!BH8) -> 487300 | BI8: =SUM('2026:2024'!BI8) -> 7017929 | BJ8: =SUM('2026:2024'!BJ8) -> 118800 | BK8: =SUM('2026:2024'!BK8) -> 62700 | BL8: =SUM('2026:2024'!BL8) -> 0 | BM8: =SUM('2026:2024'!BM8) -> 0 | ... BU8: =SUM('2026:2024'!BU8) -> 0 | BV8: =SUM(BG8:BU8) -> 8026094 | BX8: =SUM('2026:2024'!BX8) -> 6517599.4 | BY8: =SUM('2026:2024'!BY8) -> 3300 | BZ8: =SUM('2026:2024'!BZ8) -> 398201 | CA8: =SUM('2026:2024'!CA8) -> 5655100 | CB8: =SUM('2026:2024'!CB8) -> 47300 | CC8: =SUM('2026:2024'!CC8) -> 69300 | CD8: =SUM('2026:2024'!CD8) -> 0 | CE8: =SUM('2026:2024'!CE8) -> 0 | ... CM8: =SUM('2026:2024'!CM8) -> 0 | CN8: =SUM(BY8:CM8) -> 6462272 | CP8: =SUM('2026:2024'!CP8) -> 6084751.1 | CQ8: =SUM('2026:2024'!CQ8) -> 0 | CR8: =SUM('2026:2024'!CR8) -> 586300 | CS8: =SUM('2026:2024'!CS8) -> 4692600 | CT8: =SUM('2026:2024'!CT8) -> 238700 | CU8: =SUM('2026:2024'!CU8) -> 286000 | CV8: =SUM('2026:2024'!CV8) -> 0 | CW8: =SUM('2026:2024'!CW8) -> 0 | ... DE8: =SUM('2026:2024'!DE8) -> 0 | DF8: =SUM(CQ8:DE8) -> 6038461.2 | DH8: =SUM('2026:2024'!DH8) -> 5594326.8 | DI8: =SUM('2026:2024'!DI8) -> 16500 | DJ8: =SUM('2026:2024'!DJ8) -> 558800 | DK8: =SUM('2026:2024'!DK8) -> 4226200 | DL8: =SUM('2026:2024'!DL8) -> 105600 | DM8: =SUM('2026:2024'!DM8) -> 390700 | DN8: =SUM('2026:2024'!DN8) -> 0 | DO8: =SUM('2026:2024'!DO8) -> 0 | ... DW8: =SUM('2026:2024'!DW8) -> 0 | DX8: =SUM(DI8:DW8) -> 5551255.4 | DZ8: =SUM('2026:2024'!DZ8) -> 2527587.9 | EA8: =SUM('2026:2024'!EA8) -> 1100 | EB8: =SUM('2026:2024'!EB8) -> 78100 | EC8: =SUM('2026:2024'!EC8) -> 2125300 | ED8: =SUM('2026:2024'!ED8) -> 3300 | EE8: =SUM('2026:2024'!EE8) -> 47000 | EF8: =SUM('2026:2024'!EF8) -> 0 | EG8: =SUM('2026:2024'!EG8) -> 0 | ... EO8: =SUM('2026:2024'!EO8) -> 0 | EP8: =SUM(EA8:EO8) -> 2494531 | ER8: =SUM('2026:2024'!ER8) -> 3456680.1 | ES8: =SUM('2026:2024'!ES8) -> 2200 | ET8: =SUM('2026:2024'!ET8) -> 214719 | EU8: =SUM('2026:2024'!EU8) -> 2836456 | EV8: =SUM('2026:2024'!EV8) -> 2200 | EW8: =SUM('2026:2024'!EW8) -> 88251 | EX8: =SUM('2026:2024'!EX8) -> 0 | EY8: =SUM('2026:2024'!EY8) -> 0 | ... FG8: =SUM('2026:2024'!FG8) -> 0 | FH8: =SUM(ES8:FG8) -> 3417228.2 | FJ8: =SUM('2026:2024'!FJ8) -> 3300896.3 | FK8: =SUM('2026:2024'!FK8) -> 9900 | FL8: =SUM('2026:2024'!FL8) -> 159500 | FM8: =SUM('2026:2024'!FM8) -> 2840201 | FN8: =SUM('2026:2024'!FN8) -> 4100 | FO8: =SUM('2026:2024'!FO8) -> 96032.5 | FP8: =SUM('2026:2024'!FP8) -> 0 | FQ8: =SUM('2026:2024'!FQ8) -> 0 | ... FY8: =SUM('2026:2024'!FY8) -> 0 | FZ8: =SUM(FK8:FY8) -> 3272454.5 | GB8: =SUM('2026:2024'!GB8) -> 4835544 | GC8: =SUM('2026:2024'!GC8) -> 12100 | GD8: =SUM('2026:2024'!GD8) -> 141900 | GE8: =SUM('2026:2024'!GE8) -> 3730910 | GF8: =SUM('2026:2024'!GF8) -> 52800 | GG8: =SUM('2026:2024'!GG8) -> 604006 | GH8: =SUM('2026:2024'!GH8) -> 0 | GI8: =SUM('2026:2024'!GI8) -> 0 | ... GQ8: =SUM('2026:2024'!GQ8) -> 0 | GR8: =SUM(GC8:GQ8) -> 4792019 | GT8: =SUM('2026:2024'!GT8) -> 2412321 | GU8: =SUM('2026:2024'!GU8) -> 0 | GV8: =SUM('2026:2024'!GV8) -> 247500 | GW8: =SUM('2026:2024'!GW8) -> 1930500 | GX8: =SUM('2026:2024'!GX8) -> 5500 | GY8: =SUM('2026:2024'!GY8) -> 30835 | GZ8: =SUM('2026:2024'!GZ8) -> 0 | HA8: =SUM('2026:2024'!HA8) -> 0 | ... HI8: =SUM('2026:2024'!HI8) -> 0 | HJ8: =SUM(GU8:HI8) -> 2400386 | HL8: =SUM('2026:2024'!HL8) -> 3615090.5 | HM8: =SUM('2026:2024'!HM8) -> 12100 | HN8: =SUM('2026:2024'!HN8) -> 155100 | HO8: =SUM('2026:2024'!HO8) -> 3163600 | HP8: =SUM('2026:2024'!HP8) -> 2200 | HQ8: =SUM('2026:2024'!HQ8) -> 34100 | HR8: =SUM('2026:2024'!HR8) -> 0 | HS8: =SUM('2026:2024'!HS8) -> 0 | ... IA8: =SUM('2026:2024'!IA8) -> 0 | IB8: =SUM(HM8:IA8) -> 3583659
A9: WSS03 | B9: WSS03 | D9: =SUM('2026:2024'!D9) -> 3382548 | E9: =SUM('2026:2024'!E9) -> 0 | F9: =SUM('2026:2024'!F9) -> 0 | G9: =SUM('2026:2024'!G9) -> 0 | H9: =SUM('2026:2024'!H9) -> 2200 | I9: =SUM('2026:2024'!I9) -> 3087891 | J9: =SUM('2026:2024'!J9) -> 0 | K9: =SUM('2026:2024'!K9) -> 6994 | ... S9: =SUM('2026:2024'!S9) -> 0 | T9: =SUM(E9:S9) -> 3342813 | V9: =SUM('2026:2024'!V9) -> 403783 | W9: =SUM('2026:2024'!W9) -> 0 | X9: =SUM('2026:2024'!X9) -> 0 | Y9: =SUM('2026:2024'!Y9) -> 0 | Z9: =SUM('2026:2024'!Z9) -> 0 | AA9: =SUM('2026:2024'!AA9) -> 376761 | AB9: =SUM('2026:2024'!AB9) -> 0 | AC9: =SUM('2026:2024'!AC9) -> 4130 | ... AK9: =SUM('2026:2024'!AK9) -> 0 | AL9: =SUM(W9:AK9) -> 397586 | AN9: =SUM('2026:2024'!AN9) -> 12600 | AO9: =SUM('2026:2024'!AO9) -> 0 | AP9: =SUM('2026:2024'!AP9) -> 0 | AQ9: =SUM('2026:2024'!AQ9) -> 0 | AR9: =SUM('2026:2024'!AR9) -> 0 | AS9: =SUM('2026:2024'!AS9) -> 5500 | AT9: =SUM('2026:2024'!AT9) -> 0 | AU9: =SUM('2026:2024'!AU9) -> 2864 | ... BC9: =SUM('2026:2024'!BC9) -> 0 | BD9: =SUM(AO9:BC9) -> 12550 | BF9: =SUM('2026:2024'!BF9) -> 713578 | BG9: =SUM('2026:2024'!BG9) -> 0 | BH9: =SUM('2026:2024'!BH9) -> 0 | BI9: =SUM('2026:2024'!BI9) -> 0 | BJ9: =SUM('2026:2024'!BJ9) -> 0 | BK9: =SUM('2026:2024'!BK9) -> 640630 | BL9: =SUM('2026:2024'!BL9) -> 0 | BM9: =SUM('2026:2024'!BM9) -> 0 | ... BU9: =SUM('2026:2024'!BU9) -> 0 | BV9: =SUM(BG9:BU9) -> 708155 | BX9: =SUM('2026:2024'!BX9) -> 1192892 | BY9: =SUM('2026:2024'!BY9) -> 0 | BZ9: =SUM('2026:2024'!BZ9) -> 0 | CA9: =SUM('2026:2024'!CA9) -> 0 | CB9: =SUM('2026:2024'!CB9) -> 0 | CC9: =SUM('2026:2024'!CC9) -> 1137400 | CD9: =SUM('2026:2024'!CD9) -> 0 | CE9: =SUM('2026:2024'!CE9) -> 0 | ... CM9: =SUM('2026:2024'!CM9) -> 0 | CN9: =SUM(BY9:CM9) -> 1178259 | CP9: =SUM('2026:2024'!CP9) -> 39600 | CQ9: =SUM('2026:2024'!CQ9) -> 0 | CR9: =SUM('2026:2024'!CR9) -> 0 | CS9: =SUM('2026:2024'!CS9) -> 0 | CT9: =SUM('2026:2024'!CT9) -> 0 | CU9: =SUM('2026:2024'!CU9) -> 39600 | CV9: =SUM('2026:2024'!CV9) -> 0 | CW9: =SUM('2026:2024'!CW9) -> 0 | ... DE9: =SUM('2026:2024'!DE9) -> 0 | DF9: =SUM(CQ9:DE9) -> 39600 | DH9: =SUM('2026:2024'!DH9) -> 1400 | DI9: =SUM('2026:2024'!DI9) -> 0 | DJ9: =SUM('2026:2024'!DJ9) -> 0 | DK9: =SUM('2026:2024'!DK9) -> 0 | DL9: =SUM('2026:2024'!DL9) -> 0 | DM9: =SUM('2026:2024'!DM9) -> 1400 | DN9: =SUM('2026:2024'!DN9) -> 0 | DO9: =SUM('2026:2024'!DO9) -> 0 | ... DW9: =SUM('2026:2024'!DW9) -> 0 | DX9: =SUM(DI9:DW9) -> 1400 | DZ9: =SUM('2026:2024'!DZ9) -> 0 | EA9: =SUM('2026:2024'!EA9) -> 0 | EB9: =SUM('2026:2024'!EB9) -> 0 | EC9: =SUM('2026:2024'!EC9) -> 0 | ED9: =SUM('2026:2024'!ED9) -> 0 | EE9: =SUM('2026:2024'!EE9) -> 0 | EF9: =SUM('2026:2024'!EF9) -> 0 | EG9: =SUM('2026:2024'!EG9) -> 0 | ... EO9: =SUM('2026:2024'!EO9) -> 0 | EP9: =SUM(EA9:EO9) -> 0 | ER9: =SUM('2026:2024'!ER9) -> 0 | ES9: =SUM('2026:2024'!ES9) -> 0 | ET9: =SUM('2026:2024'!ET9) -> 0 | EU9: =SUM('2026:2024'!EU9) -> 0 | EV9: =SUM('2026:2024'!EV9) -> 0 | EW9: =SUM('2026:2024'!EW9) -> 0 | EX9: =SUM('2026:2024'!EX9) -> 0 | EY9: =SUM('2026:2024'!EY9) -> 0 | ... FG9: =SUM('2026:2024'!FG9) -> 0 | FH9: =SUM(ES9:FG9) -> 0 | FJ9: =SUM('2026:2024'!FJ9) -> 168000 | FK9: =SUM('2026:2024'!FK9) -> 0 | FL9: =SUM('2026:2024'!FL9) -> 0 | FM9: =SUM('2026:2024'!FM9) -> 0 | FN9: =SUM('2026:2024'!FN9) -> 0 | FO9: =SUM('2026:2024'!FO9) -> 157300 | FP9: =SUM('2026:2024'!FP9) -> 0 | FQ9: =SUM('2026:2024'!FQ9) -> 0 | ... FY9: =SUM('2026:2024'!FY9) -> 0 | FZ9: =SUM(FK9:FY9) -> 165520 | GB9: =SUM('2026:2024'!GB9) -> 157250 | GC9: =SUM('2026:2024'!GC9) -> 0 | GD9: =SUM('2026:2024'!GD9) -> 0 | GE9: =SUM('2026:2024'!GE9) -> 0 | GF9: =SUM('2026:2024'!GF9) -> 0 | GG9: =SUM('2026:2024'!GG9) -> 108900 | GH9: =SUM('2026:2024'!GH9) -> 0 | GI9: =SUM('2026:2024'!GI9) -> 0 | ... GQ9: =SUM('2026:2024'!GQ9) -> 0 | GR9: =SUM(GC9:GQ9) -> 156190 | GT9: =SUM('2026:2024'!GT9) -> 105000 | GU9: =SUM('2026:2024'!GU9) -> 0 | GV9: =SUM('2026:2024'!GV9) -> 0 | GW9: =SUM('2026:2024'!GW9) -> 0 | GX9: =SUM('2026:2024'!GX9) -> 1100 | GY9: =SUM('2026:2024'!GY9) -> 93500 | GZ9: =SUM('2026:2024'!GZ9) -> 0 | HA9: =SUM('2026:2024'!HA9) -> 0 | ... HI9: =SUM('2026:2024'!HI9) -> 0 | HJ9: =SUM(GU9:HI9) -> 103700 | HL9: =SUM('2026:2024'!HL9) -> 588445 | HM9: =SUM('2026:2024'!HM9) -> 0 | HN9: =SUM('2026:2024'!HN9) -> 0 | HO9: =SUM('2026:2024'!HO9) -> 0 | HP9: =SUM('2026:2024'!HP9) -> 1100 | HQ9: =SUM('2026:2024'!HQ9) -> 526900 | HR9: =SUM('2026:2024'!HR9) -> 0 | HS9: =SUM('2026:2024'!HS9) -> 0 | ... IA9: =SUM('2026:2024'!IA9) -> 0 | IB9: =SUM(HM9:IA9) -> 579853
A10: WSS04 | B10: WSS04 | D10: =SUM('2026:2024'!D10) -> 64880 | E10: =SUM('2026:2024'!E10) -> 0 | F10: =SUM('2026:2024'!F10) -> 0 | G10: =SUM('2026:2024'!G10) -> 0 | H10: =SUM('2026:2024'!H10) -> 0 | I10: =SUM('2026:2024'!I10) -> 0 | J10: =SUM('2026:2024'!J10) -> 23818 | K10: =SUM('2026:2024'!K10) -> 29980 | ... S10: =SUM('2026:2024'!S10) -> 0 | T10: =SUM(E10:S10) -> 61824 | V10: =SUM('2026:2024'!V10) -> 16970 | W10: =SUM('2026:2024'!W10) -> 0 | X10: =SUM('2026:2024'!X10) -> 0 | Y10: =SUM('2026:2024'!Y10) -> 0 | Z10: =SUM('2026:2024'!Z10) -> 0 | AA10: =SUM('2026:2024'!AA10) -> 0 | AB10: =SUM('2026:2024'!AB10) -> 1365 | AC10: =SUM('2026:2024'!AC10) -> 11705 | ... AK10: =SUM('2026:2024'!AK10) -> 0 | AL10: =SUM(W10:AK10) -> 15110 | AN10: =SUM('2026:2024'!AN10) -> 18500 | AO10: =SUM('2026:2024'!AO10) -> 0 | AP10: =SUM('2026:2024'!AP10) -> 0 | AQ10: =SUM('2026:2024'!AQ10) -> 0 | AR10: =SUM('2026:2024'!AR10) -> 0 | AS10: =SUM('2026:2024'!AS10) -> 0 | AT10: =SUM('2026:2024'!AT10) -> 11550 | AU10: =SUM('2026:2024'!AU10) -> 4782 | ... BC10: =SUM('2026:2024'!BC10) -> 0 | BD10: =SUM(AO10:BC10) -> 17756 | BF10: =SUM('2026:2024'!BF10) -> 8500 | BG10: =SUM('2026:2024'!BG10) -> 0 | BH10: =SUM('2026:2024'!BH10) -> 0 | BI10: =SUM('2026:2024'!BI10) -> 0 | BJ10: =SUM('2026:2024'!BJ10) -> 0 | BK10: =SUM('2026:2024'!BK10) -> 0 | BL10: =SUM('2026:2024'!BL10) -> 4423 | BM10: =SUM('2026:2024'!BM10) -> 2793 | ... BU10: =SUM('2026:2024'!BU10) -> 0 | BV10: =SUM(BG10:BU10) -> 8176 | BX10: =SUM('2026:2024'!BX10) -> 1600 | BY10: =SUM('2026:2024'!BY10) -> 0 | BZ10: =SUM('2026:2024'!BZ10) -> 0 | CA10: =SUM('2026:2024'!CA10) -> 0 | CB10: =SUM('2026:2024'!CB10) -> 0 | CC10: =SUM('2026:2024'!CC10) -> 0 | CD10: =SUM('2026:2024'!CD10) -> 0 | CE10: =SUM('2026:2024'!CE10) -> 0 | ... CM10: =SUM('2026:2024'!CM10) -> 0 | CN10: =SUM(BY10:CM10) -> 1522 | CP10: =SUM('2026:2024'!CP10) -> 0 | CQ10: =SUM('2026:2024'!CQ10) -> 0 | CR10: =SUM('2026:2024'!CR10) -> 0 | CS10: =SUM('2026:2024'!CS10) -> 0 | CT10: =SUM('2026:2024'!CT10) -> 0 | CU10: =SUM('2026:2024'!CU10) -> 0 | CV10: =SUM('2026:2024'!CV10) -> 0 | CW10: =SUM('2026:2024'!CW10) -> 0 | ... DE10: =SUM('2026:2024'!DE10) -> 0 | DF10: =SUM(CQ10:DE10) -> 0 | DH10: =SUM('2026:2024'!DH10) -> 0 | DI10: =SUM('2026:2024'!DI10) -> 0 | DJ10: =SUM('2026:2024'!DJ10) -> 0 | DK10: =SUM('2026:2024'!DK10) -> 0 | DL10: =SUM('2026:2024'!DL10) -> 0 | DM10: =SUM('2026:2024'!DM10) -> 0 | DN10: =SUM('2026:2024'!DN10) -> 0 | DO10: =SUM('2026:2024'!DO10) -> 0 | ... DW10: =SUM('2026:2024'!DW10) -> 0 | DX10: =SUM(DI10:DW10) -> 0 | DZ10: =SUM('2026:2024'!DZ10) -> 0 | EA10: =SUM('2026:2024'!EA10) -> 0 | EB10: =SUM('2026:2024'!EB10) -> 0 | EC10: =SUM('2026:2024'!EC10) -> 0 | ED10: =SUM('2026:2024'!ED10) -> 0 | EE10: =SUM('2026:2024'!EE10) -> 0 | EF10: =SUM('2026:2024'!EF10) -> 0 | EG10: =SUM('2026:2024'!EG10) -> 0 | ... EO10: =SUM('2026:2024'!EO10) -> 0 | EP10: =SUM(EA10:EO10) -> 0 | ER10: =SUM('2026:2024'!ER10) -> 0 | ES10: =SUM('2026:2024'!ES10) -> 0 | ET10: =SUM('2026:2024'!ET10) -> 0 | EU10: =SUM('2026:2024'!EU10) -> 0 | EV10: =SUM('2026:2024'!EV10) -> 0 | EW10: =SUM('2026:2024'!EW10) -> 0 | EX10: =SUM('2026:2024'!EX10) -> 0 | EY10: =SUM('2026:2024'!EY10) -> 0 | ... FG10: =SUM('2026:2024'!FG10) -> 0 | FH10: =SUM(ES10:FG10) -> 0 | FJ10: =SUM('2026:2024'!FJ10) -> 8310 | FK10: =SUM('2026:2024'!FK10) -> 0 | FL10: =SUM('2026:2024'!FL10) -> 0 | FM10: =SUM('2026:2024'!FM10) -> 0 | FN10: =SUM('2026:2024'!FN10) -> 0 | FO10: =SUM('2026:2024'!FO10) -> 0 | FP10: =SUM('2026:2024'!FP10) -> 2200 | FQ10: =SUM('2026:2024'!FQ10) -> 5450 | ... FY10: =SUM('2026:2024'!FY10) -> 0 | FZ10: =SUM(FK10:FY10) -> 8310 | GB10: =SUM('2026:2024'!GB10) -> 0 | GC10: =SUM('2026:2024'!GC10) -> 0 | GD10: =SUM('2026:2024'!GD10) -> 0 | GE10: =SUM('2026:2024'!GE10) -> 0 | GF10: =SUM('2026:2024'!GF10) -> 0 | GG10: =SUM('2026:2024'!GG10) -> 0 | GH10: =SUM('2026:2024'!GH10) -> 0 | GI10: =SUM('2026:2024'!GI10) -> 0 | ... GQ10: =SUM('2026:2024'!GQ10) -> 0 | GR10: =SUM(GC10:GQ10) -> 0 | GT10: =SUM('2026:2024'!GT10) -> 7500 | GU10: =SUM('2026:2024'!GU10) -> 0 | GV10: =SUM('2026:2024'!GV10) -> 0 | GW10: =SUM('2026:2024'!GW10) -> 0 | GX10: =SUM('2026:2024'!GX10) -> 0 | GY10: =SUM('2026:2024'!GY10) -> 0 | GZ10: =SUM('2026:2024'!GZ10) -> 1850 | HA10: =SUM('2026:2024'!HA10) -> 5250 | ... HI10: =SUM('2026:2024'!HI10) -> 0 | HJ10: =SUM(GU10:HI10) -> 7450 | HL10: =SUM('2026:2024'!HL10) -> 3500 | HM10: =SUM('2026:2024'!HM10) -> 0 | HN10: =SUM('2026:2024'!HN10) -> 0 | HO10: =SUM('2026:2024'!HO10) -> 0 | HP10: =SUM('2026:2024'!HP10) -> 0 | HQ10: =SUM('2026:2024'!HQ10) -> 0 | HR10: =SUM('2026:2024'!HR10) -> 2430 | HS10: =SUM('2026:2024'!HS10) -> 0 | ... IA10: =SUM('2026:2024'!IA10) -> 0 | IB10: =SUM(HM10:IA10) -> 3500
A11: WSS05 | B11: WSS05 | D11: =SUM('2026:2024'!D11) -> 3963044 | E11: =SUM('2026:2024'!E11) -> 0 | F11: =SUM('2026:2024'!F11) -> 0 | G11: =SUM('2026:2024'!G11) -> 0 | H11: =SUM('2026:2024'!H11) -> 0 | I11: =SUM('2026:2024'!I11) -> 0 | J11: =SUM('2026:2024'!J11) -> 6300 | K11: =SUM('2026:2024'!K11) -> 3498076 | ... S11: =SUM('2026:2024'!S11) -> 0 | T11: =SUM(E11:S11) -> 3920819.5 | V11: =SUM('2026:2024'!V11) -> 206381 | W11: =SUM('2026:2024'!W11) -> 0 | X11: =SUM('2026:2024'!X11) -> 0 | Y11: =SUM('2026:2024'!Y11) -> 0 | Z11: =SUM('2026:2024'!Z11) -> 0 | AA11: =SUM('2026:2024'!AA11) -> 0 | AB11: =SUM('2026:2024'!AB11) -> 5250 | AC11: =SUM('2026:2024'!AC11) -> 142300 | ... AK11: =SUM('2026:2024'!AK11) -> 0 | AL11: =SUM(W11:AK11) -> 193255.5 | AN11: =SUM('2026:2024'!AN11) -> 256600 | AO11: =SUM('2026:2024'!AO11) -> 0 | AP11: =SUM('2026:2024'!AP11) -> 0 | AQ11: =SUM('2026:2024'!AQ11) -> 0 | AR11: =SUM('2026:2024'!AR11) -> 0 | AS11: =SUM('2026:2024'!AS11) -> 0 | AT11: =SUM('2026:2024'!AT11) -> 0 | AU11: =SUM('2026:2024'!AU11) -> 224133 | ... BC11: =SUM('2026:2024'!BC11) -> 0 | BD11: =SUM(AO11:BC11) -> 255020 | BF11: =SUM('2026:2024'!BF11) -> 474791 | BG11: =SUM('2026:2024'!BG11) -> 0 | BH11: =SUM('2026:2024'!BH11) -> 0 | BI11: =SUM('2026:2024'!BI11) -> 0 | BJ11: =SUM('2026:2024'!BJ11) -> 0 | BK11: =SUM('2026:2024'!BK11) -> 0 | BL11: =SUM('2026:2024'!BL11) -> 1050 | BM11: =SUM('2026:2024'!BM11) -> 415989 | ... BU11: =SUM('2026:2024'!BU11) -> 0 | BV11: =SUM(BG11:BU11) -> 471874 | BX11: =SUM('2026:2024'!BX11) -> 194973 | BY11: =SUM('2026:2024'!BY11) -> 0 | BZ11: =SUM('2026:2024'!BZ11) -> 0 | CA11: =SUM('2026:2024'!CA11) -> 0 | CB11: =SUM('2026:2024'!CB11) -> 0 | CC11: =SUM('2026:2024'!CC11) -> 0 | CD11: =SUM('2026:2024'!CD11) -> 0 | CE11: =SUM('2026:2024'!CE11) -> 176328 | ... CM11: =SUM('2026:2024'!CM11) -> 0 | CN11: =SUM(BY11:CM11) -> 192568 | CP11: =SUM('2026:2024'!CP11) -> 520534 | CQ11: =SUM('2026:2024'!CQ11) -> 0 | CR11: =SUM('2026:2024'!CR11) -> 0 | CS11: =SUM('2026:2024'!CS11) -> 0 | CT11: =SUM('2026:2024'!CT11) -> 0 | CU11: =SUM('2026:2024'!CU11) -> 0 | CV11: =SUM('2026:2024'!CV11) -> 0 | CW11: =SUM('2026:2024'!CW11) -> 499750 | ... DE11: =SUM('2026:2024'!DE11) -> 0 | DF11: =SUM(CQ11:DE11) -> 518460 | DH11: =SUM('2026:2024'!DH11) -> 346396 | DI11: =SUM('2026:2024'!DI11) -> 0 | DJ11: =SUM('2026:2024'!DJ11) -> 0 | DK11: =SUM('2026:2024'!DK11) -> 0 | DL11: =SUM('2026:2024'!DL11) -> 0 | DM11: =SUM('2026:2024'!DM11) -> 0 | DN11: =SUM('2026:2024'!DN11) -> 0 | DO11: =SUM('2026:2024'!DO11) -> 339408 | ... DW11: =SUM('2026:2024'!DW11) -> 0 | DX11: =SUM(DI11:DW11) -> 345564 | DZ11: =SUM('2026:2024'!DZ11) -> 583953 | EA11: =SUM('2026:2024'!EA11) -> 0 | EB11: =SUM('2026:2024'!EB11) -> 0 | EC11: =SUM('2026:2024'!EC11) -> 0 | ED11: =SUM('2026:2024'!ED11) -> 0 | EE11: =SUM('2026:2024'!EE11) -> 0 | EF11: =SUM('2026:2024'!EF11) -> 0 | EG11: =SUM('2026:2024'!EG11) -> 514889 | ... EO11: =SUM('2026:2024'!EO11) -> 0 | EP11: =SUM(EA11:EO11) -> 580343 | ER11: =SUM('2026:2024'!ER11) -> 326514 | ES11: =SUM('2026:2024'!ES11) -> 0 | ET11: =SUM('2026:2024'!ET11) -> 0 | EU11: =SUM('2026:2024'!EU11) -> 0 | EV11: =SUM('2026:2024'!EV11) -> 0 | EW11: =SUM('2026:2024'!EW11) -> 0 | EX11: =SUM('2026:2024'!EX11) -> 0 | EY11: =SUM('2026:2024'!EY11) -> 290278 | ... FG11: =SUM('2026:2024'!FG11) -> 0 | FH11: =SUM(ES11:FG11) -> 321572 | FJ11: =SUM('2026:2024'!FJ11) -> 350947 | FK11: =SUM('2026:2024'!FK11) -> 0 | FL11: =SUM('2026:2024'!FL11) -> 0 | FM11: =SUM('2026:2024'!FM11) -> 0 | FN11: =SUM('2026:2024'!FN11) -> 0 | FO11: =SUM('2026:2024'!FO11) -> 0 | FP11: =SUM('2026:2024'!FP11) -> 0 | FQ11: =SUM('2026:2024'!FQ11) -> 309183 | ... FY11: =SUM('2026:2024'!FY11) -> 0 | FZ11: =SUM(FK11:FY11) -> 346403 | GB11: =SUM('2026:2024'!GB11) -> 351968 | GC11: =SUM('2026:2024'!GC11) -> 0 | GD11: =SUM('2026:2024'!GD11) -> 0 | GE11: =SUM('2026:2024'!GE11) -> 0 | GF11: =SUM('2026:2024'!GF11) -> 0 | GG11: =SUM('2026:2024'!GG11) -> 0 | GH11: =SUM('2026:2024'!GH11) -> 0 | GI11: =SUM('2026:2024'!GI11) -> 285800 | ... GQ11: =SUM('2026:2024'!GQ11) -> 0 | GR11: =SUM(GC11:GQ11) -> 347580 | GT11: =SUM('2026:2024'!GT11) -> 187437 | GU11: =SUM('2026:2024'!GU11) -> 0 | GV11: =SUM('2026:2024'!GV11) -> 0 | GW11: =SUM('2026:2024'!GW11) -> 0 | GX11: =SUM('2026:2024'!GX11) -> 0 | GY11: =SUM('2026:2024'!GY11) -> 0 | GZ11: =SUM('2026:2024'!GZ11) -> 0 | HA11: =SUM('2026:2024'!HA11) -> 163136 | ... HI11: =SUM('2026:2024'!HI11) -> 0 | HJ11: =SUM(GU11:HI11) -> 186962 | HL11: =SUM('2026:2024'!HL11) -> 162550 | HM11: =SUM('2026:2024'!HM11) -> 0 | HN11: =SUM('2026:2024'!HN11) -> 0 | HO11: =SUM('2026:2024'!HO11) -> 0 | HP11: =SUM('2026:2024'!HP11) -> 0 | HQ11: =SUM('2026:2024'!HQ11) -> 0 | HR11: =SUM('2026:2024'!HR11) -> 0 | HS11: =SUM('2026:2024'!HS11) -> 136882 | ... IA11: =SUM('2026:2024'!IA11) -> 0 | IB11: =SUM(HM11:IA11) -> 161218
A12: Khác | B12: Khác | D12: =SUM('2026:2024'!D12) -> 30000 | E12: =SUM('2026:2024'!E12) -> 0 | F12: =SUM('2026:2024'!F12) -> 0 | G12: =SUM('2026:2024'!G12) -> 0 | H12: =SUM('2026:2024'!H12) -> 0 | I12: =SUM('2026:2024'!I12) -> 0 | J12: =SUM('2026:2024'!J12) -> 0 | K12: =SUM('2026:2024'!K12) -> 0 | ... S12: =SUM('2026:2024'!S12) -> 28925 | T12: =SUM(E12:S12) -> 29680 | V12: =SUM('2026:2024'!V12) -> 6000 | W12: =SUM('2026:2024'!W12) -> 0 | X12: =SUM('2026:2024'!X12) -> 0 | Y12: =SUM('2026:2024'!Y12) -> 0 | Z12: =SUM('2026:2024'!Z12) -> 0 | AA12: =SUM('2026:2024'!AA12) -> 0 | AB12: =SUM('2026:2024'!AB12) -> 0 | AC12: =SUM('2026:2024'!AC12) -> 0 | ... AK12: =SUM('2026:2024'!AK12) -> 6000 | AL12: =SUM(W12:AK12) -> 6000 | AN12: =SUM('2026:2024'!AN12) -> 0 | AO12: =SUM('2026:2024'!AO12) -> 0 | AP12: =SUM('2026:2024'!AP12) -> 0 | AQ12: =SUM('2026:2024'!AQ12) -> 0 | AR12: =SUM('2026:2024'!AR12) -> 0 | AS12: =SUM('2026:2024'!AS12) -> 0 | AT12: =SUM('2026:2024'!AT12) -> 0 | AU12: =SUM('2026:2024'!AU12) -> 0 | ... BC12: =SUM('2026:2024'!BC12) -> 0 | BD12: =SUM(AO12:BC12) -> 0 | BF12: =SUM('2026:2024'!BF12) -> 0 | BG12: =SUM('2026:2024'!BG12) -> 0 | BH12: =SUM('2026:2024'!BH12) -> 0 | BI12: =SUM('2026:2024'!BI12) -> 0 | BJ12: =SUM('2026:2024'!BJ12) -> 0 | BK12: =SUM('2026:2024'!BK12) -> 0 | BL12: =SUM('2026:2024'!BL12) -> 0 | BM12: =SUM('2026:2024'!BM12) -> 0 | ... BU12: =SUM('2026:2024'!BU12) -> 0 | BV12: =SUM(BG12:BU12) -> 0 | BX12: =SUM('2026:2024'!BX12) -> 0 | BY12: =SUM('2026:2024'!BY12) -> 0 | BZ12: =SUM('2026:2024'!BZ12) -> 0 | CA12: =SUM('2026:2024'!CA12) -> 0 | CB12: =SUM('2026:2024'!CB12) -> 0 | CC12: =SUM('2026:2024'!CC12) -> 0 | CD12: =SUM('2026:2024'!CD12) -> 0 | CE12: =SUM('2026:2024'!CE12) -> 0 | ... CM12: =SUM('2026:2024'!CM12) -> 0 | CN12: =SUM(BY12:CM12) -> 0 | CP12: =SUM('2026:2024'!CP12) -> 0 | CQ12: =SUM('2026:2024'!CQ12) -> 0 | CR12: =SUM('2026:2024'!CR12) -> 0 | CS12: =SUM('2026:2024'!CS12) -> 0 | CT12: =SUM('2026:2024'!CT12) -> 0 | CU12: =SUM('2026:2024'!CU12) -> 0 | CV12: =SUM('2026:2024'!CV12) -> 0 | CW12: =SUM('2026:2024'!CW12) -> 0 | ... DE12: =SUM('2026:2024'!DE12) -> 0 | DF12: =SUM(CQ12:DE12) -> 0 | DH12: =SUM('2026:2024'!DH12) -> 0 | DI12: =SUM('2026:2024'!DI12) -> 0 | DJ12: =SUM('2026:2024'!DJ12) -> 0 | DK12: =SUM('2026:2024'!DK12) -> 0 | DL12: =SUM('2026:2024'!DL12) -> 0 | DM12: =SUM('2026:2024'!DM12) -> 0 | DN12: =SUM('2026:2024'!DN12) -> 0 | DO12: =SUM('2026:2024'!DO12) -> 0 | ... DW12: =SUM('2026:2024'!DW12) -> 0 | DX12: =SUM(DI12:DW12) -> 0 | DZ12: =SUM('2026:2024'!DZ12) -> 0 | EA12: =SUM('2026:2024'!EA12) -> 0 | EB12: =SUM('2026:2024'!EB12) -> 0 | EC12: =SUM('2026:2024'!EC12) -> 0 | ED12: =SUM('2026:2024'!ED12) -> 0 | EE12: =SUM('2026:2024'!EE12) -> 0 | EF12: =SUM('2026:2024'!EF12) -> 0 | EG12: =SUM('2026:2024'!EG12) -> 0 | ... EO12: =SUM('2026:2024'!EO12) -> 0 | EP12: =SUM(EA12:EO12) -> 0 | ER12: =SUM('2026:2024'!ER12) -> 0 | ES12: =SUM('2026:2024'!ES12) -> 0 | ET12: =SUM('2026:2024'!ET12) -> 0 | EU12: =SUM('2026:2024'!EU12) -> 0 | EV12: =SUM('2026:2024'!EV12) -> 0 | EW12: =SUM('2026:2024'!EW12) -> 0 | EX12: =SUM('2026:2024'!EX12) -> 0 | EY12: =SUM('2026:2024'!EY12) -> 0 | ... FG12: =SUM('2026:2024'!FG12) -> 0 | FH12: =SUM(ES12:FG12) -> 0 | FJ12: =SUM('2026:2024'!FJ12) -> 22000 | FK12: =SUM('2026:2024'!FK12) -> 0 | FL12: =SUM('2026:2024'!FL12) -> 0 | FM12: =SUM('2026:2024'!FM12) -> 0 | FN12: =SUM('2026:2024'!FN12) -> 0 | FO12: =SUM('2026:2024'!FO12) -> 0 | FP12: =SUM('2026:2024'!FP12) -> 0 | FQ12: =SUM('2026:2024'!FQ12) -> 0 | ... FY12: =SUM('2026:2024'!FY12) -> 21000 | FZ12: =SUM(FK12:FY12) -> 21700 | GB12: =SUM('2026:2024'!GB12) -> 2000 | GC12: =SUM('2026:2024'!GC12) -> 0 | GD12: =SUM('2026:2024'!GD12) -> 0 | GE12: =SUM('2026:2024'!GE12) -> 0 | GF12: =SUM('2026:2024'!GF12) -> 0 | GG12: =SUM('2026:2024'!GG12) -> 0 | GH12: =SUM('2026:2024'!GH12) -> 0 | GI12: =SUM('2026:2024'!GI12) -> 0 | ... GQ12: =SUM('2026:2024'!GQ12) -> 1925 | GR12: =SUM(GC12:GQ12) -> 1980 | GT12: =SUM('2026:2024'!GT12) -> 0 | GU12: =SUM('2026:2024'!GU12) -> 0 | GV12: =SUM('2026:2024'!GV12) -> 0 | GW12: =SUM('2026:2024'!GW12) -> 0 | GX12: =SUM('2026:2024'!GX12) -> 0 | GY12: =SUM('2026:2024'!GY12) -> 0 | GZ12: =SUM('2026:2024'!GZ12) -> 0 | HA12: =SUM('2026:2024'!HA12) -> 0 | ... HI12: =SUM('2026:2024'!HI12) -> 0 | HJ12: =SUM(GU12:HI12) -> 0 | HL12: =SUM('2026:2024'!HL12) -> 0 | HM12: =SUM('2026:2024'!HM12) -> 0 | HN12: =SUM('2026:2024'!HN12) -> 0 | HO12: =SUM('2026:2024'!HO12) -> 0 | HP12: =SUM('2026:2024'!HP12) -> 0 | HQ12: =SUM('2026:2024'!HQ12) -> 0 | HR12: =SUM('2026:2024'!HR12) -> 0 | HS12: =SUM('2026:2024'!HS12) -> 0 | ... IA12: =SUM('2026:2024'!IA12) -> 0 | IB12: =SUM(HM12:IA12) -> 0
B13: TỔNG | D13: =SUM(D6:D12) -> 96656656 | E13: =SUM(E6:E12) -> 13692571 | F13: =SUM(F6:F12) -> 17388097 | G13: =SUM(G6:G12) -> 48965297 | H13: =SUM(H6:H12) -> 915344 | I13: =SUM(I6:I12) -> 5842918.5 | J13: =SUM(J6:J12) -> 30118 | K13: =SUM(K6:K12) -> 3535050 | ... T13: =SUM(T6:T12) -> 95826142 | V13: =SUM(V6:V12) -> 9545136 | W13: =SUM(W6:W12) -> 905398 | X13: =SUM(X6:X12) -> 1010900 | Y13: =SUM(Y6:Y12) -> 6365019 | Z13: =SUM(Z6:Z12) -> 169844 | AA13: =SUM(AA6:AA12) -> 471153 | AB13: =SUM(AB6:AB12) -> 6615 | AC13: =SUM(AC6:AC12) -> 158135 | ... AL13: =SUM(AL6:AL12) -> 9457670.8 | AN13: =SUM(AN6:AN12) -> 6873364.8 | AO13: =SUM(AO6:AO12) -> 1068233 | AP13: =SUM(AP6:AP12) -> 1068540 | AQ13: =SUM(AQ6:AQ12) -> 3763282 | AR13: =SUM(AR6:AR12) -> 157300 | AS13: =SUM(AS6:AS12) -> 104431 | AT13: =SUM(AT6:AT12) -> 11550 | AU13: =SUM(AU6:AU12) -> 231779 | ... BD13: =SUM(BD6:BD12) -> 6829532 | BF13: =SUM(BF6:BF12) -> 12118623 | BG13: =SUM(BG6:BG12) -> 655600 | BH13: =SUM(BH6:BH12) -> 2413400 | BI13: =SUM(BI6:BI12) -> 7058629 | BJ13: =SUM(BJ6:BJ12) -> 118800 | BK13: =SUM(BK6:BK12) -> 737345 | BL13: =SUM(BL6:BL12) -> 5473 | BM13: =SUM(BM6:BM12) -> 418782 | ... BV13: =SUM(BV6:BV12) -> 12029684 | BX13: =SUM(BX6:BX12) -> 10755593 | BY13: =SUM(BY6:BY12) -> 983400 | BZ13: =SUM(BZ6:BZ12) -> 1922037 | CA13: =SUM(CA6:CA12) -> 5742000 | CB13: =SUM(CB6:CB12) -> 47300 | CC13: =SUM(CC6:CC12) -> 1233745 | CD13: =SUM(CD6:CD12) -> 0 | CE13: =SUM(CE6:CE12) -> 176328 | ... CN13: =SUM(CN6:CN12) -> 10656238 | CP13: =SUM(CP6:CP12) -> 8834030.1 | CQ13: =SUM(CQ6:CQ12) -> 529100 | CR13: =SUM(CR6:CR12) -> 2038300 | CS13: =SUM(CS6:CS12) -> 4715700 | CT13: =SUM(CT6:CT12) -> 243100 | CU13: =SUM(CU6:CU12) -> 361900 | CV13: =SUM(CV6:CV12) -> 0 | CW13: =SUM(CW6:CW12) -> 499750 | ... DF13: =SUM(DF6:DF12) -> 8762826.7 | DH13: =SUM(DH6:DH12) -> 8828152.6 | DI13: =SUM(DI6:DI12) -> 723800 | DJ13: =SUM(DJ6:DJ12) -> 2494800 | DK13: =SUM(DK6:DK12) -> 4253700 | DL13: =SUM(DL6:DL12) -> 105600 | DM13: =SUM(DM6:DM12) -> 404200 | DN13: =SUM(DN6:DN12) -> 0 | DO13: =SUM(DO6:DO12) -> 339408 | ... DX13: =SUM(DX6:DX12) -> 8742785.9 | DZ13: =SUM(DZ6:DZ12) -> 5573613.4 | EA13: =SUM(EA6:EA12) -> 771100 | EB13: =SUM(EB6:EB12) -> 1454200 | EC13: =SUM(EC6:EC12) -> 2201200 | ED13: =SUM(ED6:ED12) -> 3300 | EE13: =SUM(EE6:EE12) -> 97600 | EF13: =SUM(EF6:EF12) -> 0 | EG13: =SUM(EG6:EG12) -> 514889 | ... EP13: =SUM(EP6:EP12) -> 5514859.4 | ER13: =SUM(ER6:ER12) -> 6487850.9 | ES13: =SUM(ES6:ES12) -> 1213300 | ET13: =SUM(ET6:ET12) -> 1365564 | EU13: =SUM(EU6:EU12) -> 2906856 | EV13: =SUM(EV6:EV12) -> 2200 | EW13: =SUM(EW6:EW12) -> 161950 | EX13: =SUM(EX6:EX12) -> 0 | EY13: =SUM(EY6:EY12) -> 290278 | ... FH13: =SUM(FH6:FH12) -> 6415303.2 | FJ13: =SUM(FJ6:FJ12) -> 6705785 | FK13: =SUM(FK6:FK12) -> 1578500 | FL13: =SUM(FL6:FL12) -> 1100355 | FM13: =SUM(FM6:FM12) -> 2884201 | FN13: =SUM(FN6:FN12) -> 4100 | FO13: =SUM(FO6:FO12) -> 426237 | FP13: =SUM(FP6:FP12) -> 2200 | FQ13: =SUM(FQ6:FQ12) -> 314633 | ... FZ13: =SUM(FZ6:FZ12) -> 6649613.4 | GB13: =SUM(GB6:GB12) -> 7930183.5 | GC13: =SUM(GC6:GC12) -> 1460640 | GD13: =SUM(GD6:GD12) -> 711700 | GE13: =SUM(GE6:GE12) -> 3847510 | GF13: =SUM(GF6:GF12) -> 53900 | GG13: =SUM(GG6:GG12) -> 915922.5 | GH13: =SUM(GH6:GH12) -> 0 | GI13: =SUM(GI6:GI12) -> 285800 | ... GR13: =SUM(GR6:GR12) -> 7861665.9 | GT13: =SUM(GT6:GT12) -> 6362157.8 | GU13: =SUM(GU6:GU12) -> 1923600 | GV13: =SUM(GV6:GV12) -> 1484901 | GW13: =SUM(GW6:GW12) -> 2025100 | GX13: =SUM(GX6:GX12) -> 6600 | GY13: =SUM(GY6:GY12) -> 313535 | GZ13: =SUM(GZ6:GZ12) -> 1850 | HA13: =SUM(HA6:HA12) -> 168386 | ... HJ13: =SUM(HJ6:HJ12) -> 6324168 | HL13: =SUM(HL6:HL12) -> 6642165.5 | HM13: =SUM(HM6:HM12) -> 1879900 | HN13: =SUM(HN6:HN12) -> 323400 | HO13: =SUM(HO6:HO12) -> 3202100 | HP13: =SUM(HP6:HP12) -> 3300 | HQ13: =SUM(HQ6:HQ12) -> 614900 | HR13: =SUM(HR6:HR12) -> 2430 | HS13: =SUM(HS6:HS12) -> 136882 | ... IB13: =SUM(IB6:IB12) -> 6581795
T14: =D13-T13 -> 830513.55 | AL14: =V13-AL13 -> 87465.25 | BD14: =AN13-BD13 -> 43832.8 | BV14: =BF13-BV13 -> 88939 | CN14: =BX13-CN13 -> 99355.4
T15: =T14/D13 -> 0.0085924093 | AL15: =AL14/V13 -> 0.009163332 | BD15: =BD14/AN13 -> 0.0063771968 | BV15: =BV14/BF13 -> 0.0073390351 | CN15: =CN14/BX13 -> 0.0092375563
B16: %Thu hồi
B17: iSS01084 | D17: =IFERROR(D6/T6,0) -> 1.0085381 | E17: =IFERROR(E6/T6,0) -> 0.8446799 | F17: =IFERROR(F6/T6,0) -> 0.038204786 | G17: =IFERROR(G6/T6,0) -> 0.012603717 | H17: =IFERROR(H6/T6,0) -> 0.001114359 | I17: =IFERROR(I6/T6,0) -> 0.050019746 | J17: =IFERROR(J6/T6,0) -> 0 | K17: =IFERROR(K6/T6,0) -> 0 | L17: =IFERROR(L6/T6,0) -> 0 | M17: =IFERROR(M6/T6,0) -> 0.0065468593 | N17: =IFERROR(N6/T6,0) -> 0.0014625962 | O17: =IFERROR(O6/T6,0) -> 0.0025073078 | P17: =IFERROR(P6/T6,0) -> 0.0045587415 | Q17: =IFERROR(Q6/T6,0) -> 0 | R17: =IFERROR(R6/T6,0) -> 0.038301991 | S17: =IFERROR(S6/T6,0) -> 0 | T17: =IFERROR(T6/T6,0) -> 1 | V17: =IFERROR(V6/AL6,0) -> 1.0067905 | W17: =IFERROR(W6/AL6,0) -> 0.89398359 | X17: =IFERROR(X6/AL6,0) -> 0.017570236 | Y17: =IFERROR(Y6/AL6,0) -> 0.0021573455 | Z17: =IFERROR(Z6/AL6,0) -> 0.0054906988 | AA17: =IFERROR(AA6/AL6,0) -> 0.04392559 | AB17: =IFERROR(AB6/AL6,0) -> 0 | AC17: =IFERROR(AC6/AL6,0) -> 0 | AD17: =IFERROR(AD6/AL6,0) -> 0 | AE17: =IFERROR(AE6/AL6,0) -> 0.0010981398 | AF17: =IFERROR(AF6/AL6,0) -> 0.0021962795 | AG17: =IFERROR(AG6/AL6,0) -> 0 | AH17: =IFERROR(AH6/AL6,0) -> 0 | AI17: =IFERROR(AI6/AL6,0) -> 0 | AJ17: =IFERROR(AJ6/AL6,0) -> 0.033578119 | AK17: =IFERROR(AK6/AL6,0) -> 0 | AL17: =IFERROR(AL6/AL6,0) -> 1 | AN17: =IFERROR(AN6/BD6,0) -> 1.0070689 | AO17: =IFERROR(AO6/BD6,0) -> 0.84568189 | AP17: =IFERROR(AP6/BD6,0) -> 0.051431972 | AQ17: =IFERROR(AQ6/BD6,0) -> 0.0017434567 | AR17: =IFERROR(AR6/BD6,0) -> 0.0052303701 | AS17: =IFERROR(AS6/BD6,0) -> 0.045329874 | AT17: =IFERROR(AT6/BD6,0) -> 0 | AU17: =IFERROR(AU6/BD6,0) -> 0 | AV17: =IFERROR(AV6/BD6,0) -> 0 | AW17: =IFERROR(AW6/BD6,0) -> 0.0034869134 | AX17: =IFERROR(AX6/BD6,0) -> 0.0034869134 | AY17: =IFERROR(AY6/BD6,0) -> 0 | AZ17: =IFERROR(AZ6/BD6,0) -> 0.0034869134 | BA17: =IFERROR(BA6/BD6,0) -> 0 | BB17: =IFERROR(BB6/BD6,0) -> 0.040121693 | BC17: =IFERROR(BC6/BD6,0) -> 0 | BD17: =IFERROR(BD6/BD6,0) -> 1 | BF17: =IFERROR(BF6/BV6,0) -> 1.0144129 | BG17: =IFERROR(BG6/BV6,0) -> 0.91577459 | BH17: =IFERROR(BH6/BV6,0) -> 0.015627553 | BI17: =IFERROR(BI6/BV6,0) -> 0.0015627553 | BJ17: =IFERROR(BJ6/BV6,0) -> 0 | BK17: =IFERROR(BK6/BV6,0) -> 0.015627553 | BL17: =IFERROR(BL6/BV6,0) -> 0 | BM17: =IFERROR(BM6/BV6,0) -> 0 | BN17: =IFERROR(BN6/BV6,0) -> 0 | BO17: =IFERROR(BO6/BV6,0) -> 0 | BP17: =IFERROR(BP6/BV6,0) -> 0.0093765317 | BQ17: =IFERROR(BQ6/BV6,0) -> 0 | BR17: =IFERROR(BR6/BV6,0) -> 0 | BS17: =IFERROR(BS6/BV6,0) -> 0 | BT17: =IFERROR(BT6/BV6,0) -> 0.042031014 | BU17: =IFERROR(BU6/BV6,0) -> 0 | BV17: =IFERROR(BV6/BV6,0) -> 1 | BX17: =IFERROR(BX6/CN6,0) -> 1.0150955 | BY17: =IFERROR(BY6/CN6,0) -> 0.89542585 | BZ17: =IFERROR(BZ6/CN6,0) -> 0.019094378 | CA17: =IFERROR(CA6/CN6,0) -> 0.043213593 | CB17: =IFERROR(CB6/CN6,0) -> 0 | CC17: =IFERROR(CC6/CN6,0) -> 0.013064575 | CD17: =IFERROR(CD6/CN6,0) -> 0 | CE17: =IFERROR(CE6/CN6,0) -> 0 | CF17: =IFERROR(CF6/CN6,0) -> 0 | CG17: =IFERROR(CG6/CN6,0) -> 0.0020099346 | CH17: =IFERROR(CH6/CN6,0) -> 0.0020099346 | CI17: =IFERROR(CI6/CN6,0) -> 0 | CJ17: =IFERROR(CJ6/CN6,0) -> 0.0020099346 | CK17: =IFERROR(CK6/CN6,0) -> 0 | CL17: =IFERROR(CL6/CN6,0) -> 0.023171805 | CM17: =IFERROR(CM6/CN6,0) -> 0 | CN17: =IFERROR(CN6/CN6,0) -> 1 | CP17: =IFERROR(CP6/DF6,0) -> 1.0064496 | CQ17: =IFERROR(CQ6/DF6,0) -> 0.72435626 | CR17: =IFERROR(CR6/DF6,0) -> 0.17844267 | CS17: =IFERROR(CS6/DF6,0) -> 0 | CT17: =IFERROR(CT6/DF6,0) -> 0.006048904 | CU17: =IFERROR(CU6/DF6,0) -> 0.024195616 | CV17: =IFERROR(CV6/DF6,0) -> 0 | CW17: =IFERROR(CW6/DF6,0) -> 0 | CX17: =IFERROR(CX6/DF6,0) -> 0 | CY17: =IFERROR(CY6/DF6,0) -> 0.001512226 | CZ17: =IFERROR(CZ6/DF6,0) -> 0 | DA17: =IFERROR(DA6/DF6,0) -> 0.019658938 | DB17: =IFERROR(DB6/DF6,0) -> 0 | DC17: =IFERROR(DC6/DF6,0) -> 0 | DD17: =IFERROR(DD6/DF6,0) -> 0.045785392 | DE17: =IFERROR(DE6/DF6,0) -> 0 | DF17: =IFERROR(DF6/DF6,0) -> 1 | DH17: =IFERROR(DH6/DX6,0) -> 1.0136669 | DI17: =IFERROR(DI6/DX6,0) -> 0.881223 | DJ17: =IFERROR(DJ6/DX6,0) -> 0.040516 | DK17: =IFERROR(DK6/DX6,0) -> 0 | DL17: =IFERROR(DL6/DX6,0) -> 0 | DM17: =IFERROR(DM6/DX6,0) -> 0.010129 | DN17: =IFERROR(DN6/DX6,0) -> 0 | DO17: =IFERROR(DO6/DX6,0) -> 0 | DP17: =IFERROR(DP6/DX6,0) -> 0 | DQ17: =IFERROR(DQ6/DX6,0) -> 0.008682 | DR17: =IFERROR(DR6/DX6,0) -> 0.005788 | DS17: =IFERROR(DS6/DX6,0) -> 0.002894 | DT17: =IFERROR(DT6/DX6,0) -> 0.008682 | DU17: =IFERROR(DU6/DX6,0) -> 0 | DV17: =IFERROR(DV6/DX6,0) -> 0.042085995 | DW17: =IFERROR(DW6/DX6,0) -> 0 | DX17: =IFERROR(DX6/DX6,0) -> 1 | DZ17: =IFERROR(DZ6/EP6,0) -> 1.0065202 | EA17: =IFERROR(EA6/EP6,0) -> 0.78034693 | EB17: =IFERROR(EB6/EP6,0) -> 0.083515391 | EC17: =IFERROR(EC6/EP6,0) -> 0.0091344958 | ED17: =IFERROR(ED6/EP6,0) -> 0 | EE17: =IFERROR(EE6/EP6,0) -> 0.033928127 | EF17: =IFERROR(EF6/EP6,0) -> 0 | EG17: =IFERROR(EG6/EP6,0) -> 0 | EH17: =IFERROR(EH6/EP6,0) -> 0 | EI17: =IFERROR(EI6/EP6,0) -> 0.01304928 | EJ17: =IFERROR(EJ6/EP6,0) -> 0 | EK17: =IFERROR(EK6/EP6,0) -> 0 | EL17: =IFERROR(EL6/EP6,0) -> 0.0078295679 | EM17: =IFERROR(EM6/EP6,0) -> 0 | EN17: =IFERROR(EN6/EP6,0) -> 0.072196208 | EO17: =IFERROR(EO6/EP6,0) -> 0 | EP17: =IFERROR(EP6/EP6,0) -> 1 | ER17: =IFERROR(ER6/FH6,0) -> 1.0087644 | ES17: =IFERROR(ES6/FH6,0) -> 0.86792207 | ET17: =IFERROR(ET6/FH6,0) -> 0.03429292 | EU17: =IFERROR(EU6/FH6,0) -> 0.00085257571 | EV17: =IFERROR(EV6/FH6,0) -> 0 | EW17: =IFERROR(EW6/FH6,0) -> 0.046038313 | EX17: =IFERROR(EX6/FH6,0) -> 0 | EY17: =IFERROR(EY6/FH6,0) -> 0 | EZ17: =IFERROR(EZ6/FH6,0) -> 0 | FA17: =IFERROR(FA6/FH6,0) -> 0 | FB17: =IFERROR(FB6/FH6,0) -> 0.00085257571 | FC17: =IFERROR(FC6/FH6,0) -> 0.0051154543 | FD17: =IFERROR(FD6/FH6,0) -> 0.0080607158 | FE17: =IFERROR(FE6/FH6,0) -> 0 | FF17: =IFERROR(FF6/FH6,0) -> 0.036865374 | FG17: =IFERROR(FG6/FH6,0) -> 0 | FH17: =IFERROR(FH6/FH6,0) -> 1 | FJ17: =IFERROR(FJ6/FZ6,0) -> 1.0036555 | FK17: =IFERROR(FK6/FZ6,0) -> 0.83104902 | FL17: =IFERROR(FL6/FZ6,0) -> 0.049724663 | FM17: =IFERROR(FM6/FZ6,0) -> 0.00174835 | FN17: =IFERROR(FN6/FZ6,0) -> 0 | FO17: =IFERROR(FO6/FZ6,0) -> 0.084611927 | FP17: =IFERROR(FP6/FZ6,0) -> 0 | FQ17: =IFERROR(FQ6/FZ6,0) -> 0 | FR17: =IFERROR(FR6/FZ6,0) -> 0 | FS17: =IFERROR(FS6/FZ6,0) -> 0 | FT17: =IFERROR(FT6/FZ6,0) -> 0 | FU17: =IFERROR(FU6/FZ6,0) -> 0 | FV17: =IFERROR(FV6/FZ6,0) -> 0.00058278333 | FW17: =IFERROR(FW6/FZ6,0) -> 0 | FX17: =IFERROR(FX6/FZ6,0) -> 0.032283253 | FY17: =IFERROR(FY6/FZ6,0) -> 0 | FZ17: =IFERROR(FZ6/FZ6,0) -> 1 | GB17: =IFERROR(GB6/GR6,0) -> 1.0082964 | GC17: =IFERROR(GC6/GR6,0) -> 0.72032049 | GD17: =IFERROR(GD6/GR6,0) -> 0.04315278 | GE17: =IFERROR(GE6/GR6,0) -> 0.053111114 | GF17: =IFERROR(GF6/GR6,0) -> 0.00055324077 | GG17: =IFERROR(GG6/GR6,0) -> 0.095157413 | GH17: =IFERROR(GH6/GR6,0) -> 0 | GI17: =IFERROR(GI6/GR6,0) -> 0 | GJ17: =IFERROR(GJ6/GR6,0) -> 0 | GK17: =IFERROR(GK6/GR6,0) -> 0.029875002 | GL17: =IFERROR(GL6/GR6,0) -> 0 | GM17: =IFERROR(GM6/GR6,0) -> 0.0082986116 | GN17: =IFERROR(GN6/GR6,0) -> 0.010511575 | GO17: =IFERROR(GO6/GR6,0) -> 0 | GP17: =IFERROR(GP6/GR6,0) -> 0.03901977 | GQ17: =IFERROR(GQ6/GR6,0) -> 0 | GR17: =IFERROR(GR6/GR6,0) -> 1 | GT17: =IFERROR(GT6/HJ6,0) -> 1.0089438 | GU17: =IFERROR(GU6/HJ6,0) -> 0.87510954 | GV17: =IFERROR(GV6/HJ6,0) -> 0.012093222 | GW17: =IFERROR(GW6/HJ6,0) -> 0.0055427269 | GX17: =IFERROR(GX6/HJ6,0) -> 0 | GY17: =IFERROR(GY6/HJ6,0) -> 0.067520491 | GZ17: =IFERROR(GZ6/HJ6,0) -> 0 | HA17: =IFERROR(HA6/HJ6,0) -> 0 | HB17: =IFERROR(HB6/HJ6,0) -> 0 | HC17: =IFERROR(HC6/HJ6,0) -> 0.0010077685 | HD17: =IFERROR(HD6/HJ6,0) -> 0 | HE17: =IFERROR(HE6/HJ6,0) -> 0 | HF17: =IFERROR(HF6/HJ6,0) -> 0.0035271898 | HG17: =IFERROR(HG6/HJ6,0) -> 0 | HH17: =IFERROR(HH6/HJ6,0) -> 0.035199064 | HI17: =IFERROR(HI6/HJ6,0) -> 0 | HJ17: =IFERROR(HJ6/HJ6,0) -> 1 | HL17: =IFERROR(HL6/IB6,0) -> 1.0086023 | HM17: =IFERROR(HM6/IB6,0) -> 0.91012481 | HN17: =IFERROR(HN6/IB6,0) -> 0.0037519868 | HO17: =IFERROR(HO6/IB6,0) -> 0.0080399718 | HP17: =IFERROR(HP6/IB6,0) -> 0 | HQ17: =IFERROR(HQ6/IB6,0) -> 0.026263908 | HR17: =IFERROR(HR6/IB6,0) -> 0 | HS17: =IFERROR(HS6/IB6,0) -> 0 | HT17: =IFERROR(HT6/IB6,0) -> 0 | HU17: =IFERROR(HU6/IB6,0) -> 0.0075039737 | HV17: =IFERROR(HV6/IB6,0) -> 0.0010719962 | HW17: =IFERROR(HW6/IB6,0) -> 0 | HX17: =IFERROR(HX6/IB6,0) -> 0.0058959793 | HY17: =IFERROR(HY6/IB6,0) -> 0 | HZ17: =IFERROR(HZ6/IB6,0) -> 0.037347375 | IA17: =IFERROR(IA6/IB6,0) -> 0 | IB17: =IFERROR(IB6/IB6,0) -> 1
B18: iSS01 | D18: =IFERROR(D7/T7,0) -> 1.0091809 | E18: =IFERROR(E7/T7,0) -> 0.019701854 | F18: =IFERROR(F7/T7,0) -> 0.87190909 | G18: =IFERROR(G7/T7,0) -> 0.029015362 | H18: =IFERROR(H7/T7,0) -> 0 | I18: =IFERROR(I7/T7,0) -> 0.01270397 | J18: =IFERROR(J7/T7,0) -> 0 | K18: =IFERROR(K7/T7,0) -> 0 | L18: =IFERROR(L7/T7,0) -> 0 | M18: =IFERROR(M7/T7,0) -> 0.00022149132 | N18: =IFERROR(N7/T7,0) -> 0.0095241266 | O18: =IFERROR(O7/T7,0) -> 0.0011074566 | P18: =IFERROR(P7/T7,0) -> 0.0019229473 | Q18: =IFERROR(Q7/T7,0) -> 0 | R18: =IFERROR(R7/T7,0) -> 0.053658788 | S18: =IFERROR(S7/T7,0) -> 0.00023491503 | T18: =IFERROR(T7/T7,0) -> 1 | V18: =IFERROR(V7/AL7,0) -> 1.0077654 | W18: =IFERROR(W7/AL7,0) -> 0.016576329 | X18: =IFERROR(X7/AL7,0) -> 0.92827441 | Y18: =IFERROR(Y7/AL7,0) -> 0.0041440822 | Z18: =IFERROR(Z7/AL7,0) -> 0 | AA18: =IFERROR(AA7/AL7,0) -> 0.010360206 | AB18: =IFERROR(AB7/AL7,0) -> 0 | AC18: =IFERROR(AC7/AL7,0) -> 0 | AD18: =IFERROR(AD7/AL7,0) -> 0 | AE18: =IFERROR(AE7/AL7,0) -> 0 | AF18: =IFERROR(AF7/AL7,0) -> 0.0020720411 | AG18: =IFERROR(AG7/AL7,0) -> 0 | AH18: =IFERROR(AH7/AL7,0) -> 0.0041440822 | AI18: =IFERROR(AI7/AL7,0) -> 0 | AJ18: =IFERROR(AJ7/AL7,0) -> 0.034428847 | AK18: =IFERROR(AK7/AL7,0) -> 0 | AL18: =IFERROR(AL7/AL7,0) -> 1 | AN18: =IFERROR(AN7/BD7,0) -> 1.002356 | AO18: =IFERROR(AO7/BD7,0) -> 0.0012855213 | AP18: =IFERROR(AP7/BD7,0) -> 0.86181347 | AQ18: =IFERROR(AQ7/BD7,0) -> 0.0077131277 | AR18: =IFERROR(AR7/BD7,0) -> 0 | AS18: =IFERROR(AS7/BD7,0) -> 0.023139383 | AT18: =IFERROR(AT7/BD7,0) -> 0 | AU18: =IFERROR(AU7/BD7,0) -> 0 | AV18: =IFERROR(AV7/BD7,0) -> 0 | AW18: =IFERROR(AW7/BD7,0) -> 0 | AX18: =IFERROR(AX7/BD7,0) -> 0.028281468 | AY18: =IFERROR(AY7/BD7,0) -> 0 | AZ18: =IFERROR(AZ7/BD7,0) -> 0.0064276065 | BA18: =IFERROR(BA7/BD7,0) -> 0 | BB18: =IFERROR(BB7/BD7,0) -> 0.07133942 | BC18: =IFERROR(BC7/BD7,0) -> 0 | BD18: =IFERROR(BD7/BD7,0) -> 1 | BF18: =IFERROR(BF7/BV7,0) -> 1.0071035 | BG18: =IFERROR(BG7/BV7,0) -> 0.0052095667 | BH18: =IFERROR(BH7/BV7,0) -> 0.90698556 | BI18: =IFERROR(BI7/BV7,0) -> 0.01875444 | BJ18: =IFERROR(BJ7/BV7,0) -> 0 | BK18: =IFERROR(BK7/BV7,0) -> 0.010899834 | BL18: =IFERROR(BL7/BV7,0) -> 0 | BM18: =IFERROR(BM7/BV7,0) -> 0 | BN18: =IFERROR(BN7/BV7,0) -> 0 | BO18: =IFERROR(BO7/BV7,0) -> 0 | BP18: =IFERROR(BP7/BV7,0) -> 0.00625148 | BQ18: =IFERROR(BQ7/BV7,0) -> 0.00052095667 | BR18: =IFERROR(BR7/BV7,0) -> 0.00052095667 | BS18: =IFERROR(BS7/BV7,0) -> 0 | BT18: =IFERROR(BT7/BV7,0) -> 0.049199621 | BU18: =IFERROR(BU7/BV7,0) -> 0.0016575894 | BV18: =IFERROR(BV7/BV7,0) -> 1 | BX18: =IFERROR(BX7/CN7,0) -> 1.0060154 | BY18: =IFERROR(BY7/CN7,0) -> 0 | BZ18: =IFERROR(BZ7/CN7,0) -> 0.87023104 | CA18: =IFERROR(CA7/CN7,0) -> 0.022929219 | CB18: =IFERROR(CB7/CN7,0) -> 0 | CC18: =IFERROR(CC7/CN7,0) -> 0.0073796187 | CD18: =IFERROR(CD7/CN7,0) -> 0 | CE18: =IFERROR(CE7/CN7,0) -> 0 | CF18: =IFERROR(CF7/CN7,0) -> 0 | CG18: =IFERROR(CG7/CN7,0) -> 0 | CH18: =IFERROR(CH7/CN7,0) -> 0.019107683 | CI18: =IFERROR(CI7/CN7,0) -> 0.0044584593 | CJ18: =IFERROR(CJ7/CN7,0) -> 0.0070351014 | CK18: =IFERROR(CK7/CN7,0) -> 0 | CL18: =IFERROR(CL7/CN7,0) -> 0.068858878 | CM18: =IFERROR(CM7/CN7,0) -> 0 | CN18: =IFERROR(CN7/CN7,0) -> 1 | CP18: =IFERROR(CP7/DF7,0) -> 1.0126124 | CQ18: =IFERROR(CQ7/DF7,0) -> 0.0015289447 | CR18: =IFERROR(CR7/DF7,0) -> 0.91889574 | CS18: =IFERROR(CS7/DF7,0) -> 0.016053919 | CT18: =IFERROR(CT7/DF7,0) -> 0 | CU18: =IFERROR(CU7/DF7,0) -> 0.01299603 | CV18: =IFERROR(CV7/DF7,0) -> 0 | CW18: =IFERROR(CW7/DF7,0) -> 0 | CX18: =IFERROR(CX7/DF7,0) -> 0 | CY18: =IFERROR(CY7/DF7,0) -> 0 | CZ18: =IFERROR(CZ7/DF7,0) -> 0.0076447233 | DA18: =IFERROR(DA7/DF7,0) -> 0.0015289447 | DB18: =IFERROR(DB7/DF7,0) -> 0.00076447233 | DC18: =IFERROR(DC7/DF7,0) -> 0 | DD18: =IFERROR(DD7/DF7,0) -> 0.040587226 | DE18: =IFERROR(DE7/DF7,0) -> 0 | DF18: =IFERROR(DF7/DF7,0) -> 1 | DH18: =IFERROR(DH7/DX7,0) -> 1.014908 | DI18: =IFERROR(DI7/DX7,0) -> 0.017943046 | DJ18: =IFERROR(DJ7/DX7,0) -> 0.91403986 | DK18: =IFERROR(DK7/DX7,0) -> 0.013193416 | DL18: =IFERROR(DL7/DX7,0) -> 0 | DM18: =IFERROR(DM7/DX7,0) -> 0.0021109466 | DN18: =IFERROR(DN7/DX7,0) -> 0 | DO18: =IFERROR(DO7/DX7,0) -> 0 | DP18: =IFERROR(DP7/DX7,0) -> 0 | DQ18: =IFERROR(DQ7/DX7,0) -> 0 | DR18: =IFERROR(DR7/DX7,0) -> 0.005805103 | DS18: =IFERROR(DS7/DX7,0) -> 0.0010554733 | DT18: =IFERROR(DT7/DX7,0) -> 0.0021109466 | DU18: =IFERROR(DU7/DX7,0) -> 0 | DV18: =IFERROR(DV7/DX7,0) -> 0.043741211 | DW18: =IFERROR(DW7/DX7,0) -> 0 | DX18: =IFERROR(DX7/DX7,0) -> 1 | DZ18: =IFERROR(DZ7/EP7,0) -> 1.0103885 | EA18: =IFERROR(EA7/EP7,0) -> 0.070255544 | EB18: =IFERROR(EB7/EP7,0) -> 0.81758167 | EC18: =IFERROR(EC7/EP7,0) -> 0.04270435 | ED18: =IFERROR(ED7/EP7,0) -> 0 | EE18: =IFERROR(EE7/EP7,0) -> 0.013775597 | EF18: =IFERROR(EF7/EP7,0) -> 0 | EG18: =IFERROR(EG7/EP7,0) -> 0 | EH18: =IFERROR(EH7/EP7,0) -> 0 | EI18: =IFERROR(EI7/EP7,0) -> 0 | EJ18: =IFERROR(EJ7/EP7,0) -> 0.0075765782 | EK18: =IFERROR(EK7/EP7,0) -> 0 | EL18: =IFERROR(EL7/EP7,0) -> 0 | EM18: =IFERROR(EM7/EP7,0) -> 0 | EN18: =IFERROR(EN7/EP7,0) -> 0.048106262 | EO18: =IFERROR(EO7/EP7,0) -> 0 | EP18: =IFERROR(EP7/EP7,0) -> 1 | ER18: =IFERROR(ER7/FH7,0) -> 1.0121517 | ES18: =IFERROR(ES7/FH7,0) -> 0.065858998 | ET18: =IFERROR(ET7/FH7,0) -> 0.7982428 | EU18: =IFERROR(EU7/FH7,0) -> 0.04998936 | EV18: =IFERROR(EV7/FH7,0) -> 0 | EW18: =IFERROR(EW7/FH7,0) -> 0.010315265 | EX18: =IFERROR(EX7/FH7,0) -> 0 | EY18: =IFERROR(EY7/FH7,0) -> 0 | EZ18: =IFERROR(EZ7/FH7,0) -> 0 | FA18: =IFERROR(FA7/FH7,0) -> 0 | FB18: =IFERROR(FB7/FH7,0) -> 0.010315265 | FC18: =IFERROR(FC7/FH7,0) -> 0.0023804457 | FD18: =IFERROR(FD7/FH7,0) -> 0.0015869638 | FE18: =IFERROR(FE7/FH7,0) -> 0 | FF18: =IFERROR(FF7/FH7,0) -> 0.061310904 | FG18: =IFERROR(FG7/FH7,0) -> 0 | FH18: =IFERROR(FH7/FH7,0) -> 1 | FJ18: =IFERROR(FJ7/FZ7,0) -> 1.0142509 | FK18: =IFERROR(FK7/FZ7,0) -> 0 | FL18: =IFERROR(FL7/FZ7,0) -> 0.89371257 | FM18: =IFERROR(FM7/FZ7,0) -> 0.04294463 | FN18: =IFERROR(FN7/FZ7,0) -> 0 | FO18: =IFERROR(FO7/FZ7,0) -> 0.013927988 | FP18: =IFERROR(FP7/FZ7,0) -> 0 | FQ18: =IFERROR(FQ7/FZ7,0) -> 0 | FR18: =IFERROR(FR7/FZ7,0) -> 0 | FS18: =IFERROR(FS7/FZ7,0) -> 0 | FT18: =IFERROR(FT7/FZ7,0) -> 0.0092853254 | FU18: =IFERROR(FU7/FZ7,0) -> 0 | FV18: =IFERROR(FV7/FZ7,0) -> 0 | FW18: =IFERROR(FW7/FZ7,0) -> 0 | FX18: =IFERROR(FX7/FZ7,0) -> 0.040129488 | FY18: =IFERROR(FY7/FZ7,0) -> 0 | FZ18: =IFERROR(FZ7/FZ7,0) -> 1 | GB18: =IFERROR(GB7/GR7,0) -> 1.0052622 | GC18: =IFERROR(GC7/GR7,0) -> 0.028383678 | GD18: =IFERROR(GD7/GR7,0) -> 0.84084345 | GE18: =IFERROR(GE7/GR7,0) -> 0.019110078 | GF18: =IFERROR(GF7/GR7,0) -> 0 | GG18: =IFERROR(GG7/GR7,0) -> 0.024003127 | GH18: =IFERROR(GH7/GR7,0) -> 0 | GI18: =IFERROR(GI7/GR7,0) -> 0 | GJ18: =IFERROR(GJ7/GR7,0) -> 0 | GK18: =IFERROR(GK7/GR7,0) -> 0 | GL18: =IFERROR(GL7/GR7,0) -> 0.021021086 | GM18: =IFERROR(GM7/GR7,0) -> 0 | GN18: =IFERROR(GN7/GR7,0) -> 0 | GO18: =IFERROR(GO7/GR7,0) -> 0 | GP18: =IFERROR(GP7/GR7,0) -> 0.066638581 | GQ18: =IFERROR(GQ7/GR7,0) -> 0 | GR18: =IFERROR(GR7/GR7,0) -> 1 | GT18: =IFERROR(GT7/HJ7,0) -> 1.0032614 | GU18: =IFERROR(GU7/HJ7,0) -> 0.0091499616 | GV18: =IFERROR(GV7/HJ7,0) -> 0.83944036 | GW18: =IFERROR(GW7/HJ7,0) -> 0.05718726 | GX18: =IFERROR(GX7/HJ7,0) -> 0 | GY18: =IFERROR(GY7/HJ7,0) -> 0.028974879 | GZ18: =IFERROR(GZ7/HJ7,0) -> 0 | HA18: =IFERROR(HA7/HJ7,0) -> 0 | HB18: =IFERROR(HB7/HJ7,0) -> 0 | HC18: =IFERROR(HC7/HJ7,0) -> 0 | HD18: =IFERROR(HD7/HJ7,0) -> 0 | HE18: =IFERROR(HE7/HJ7,0) -> 0 | HF18: =IFERROR(HF7/HJ7,0) -> 0 | HG18: =IFERROR(HG7/HJ7,0) -> 0 | HH18: =IFERROR(HH7/HJ7,0) -> 0.065247545 | HI18: =IFERROR(HI7/HJ7,0) -> 0 | HJ18: =IFERROR(HJ7/HJ7,0) -> 1 | HL18: =IFERROR(HL7/IB7,0) -> 1.0067604 | HM18: =IFERROR(HM7/IB7,0) -> 0 | HN18: =IFERROR(HN7/IB7,0) -> 0.79773891 | HO18: =IFERROR(HO7/IB7,0) -> 0.1092793 | HP18: =IFERROR(HP7/IB7,0) -> 0 | HQ18: =IFERROR(HQ7/IB7,0) -> 0 | HR18: =IFERROR(HR7/IB7,0) -> 0 | HS18: =IFERROR(HS7/IB7,0) -> 0 | HT18: =IFERROR(HT7/IB7,0) -> 0 | HU18: =IFERROR(HU7/IB7,0) -> 0.016391895 | HV18: =IFERROR(HV7/IB7,0) -> 0 | HW18: =IFERROR(HW7/IB7,0) -> 0 | HX18: =IFERROR(HX7/IB7,0) -> 0 | HY18: =IFERROR(HY7/IB7,0) -> 0 | HZ18: =IFERROR(HZ7/IB7,0) -> 0.07658989 | IA18: =IFERROR(IA7/IB7,0) -> 0 | IB18: =IFERROR(IB7/IB7,0) -> 1
B19: WSS01 | D19: =IFERROR(D8/T8,0) -> 1.0081959 | E19: =IFERROR(E8/T8,0) -> 0.0010090316 | F19: =IFERROR(F8/T8,0) -> 0.065667017 | G19: =IFERROR(G8/T8,0) -> 0.83654323 | H19: =IFERROR(H8/T8,0) -> 0.015499695 | I19: =IFERROR(I8/T8,0) -> 0.030733883 | J19: =IFERROR(J8/T8,0) -> 0 | K19: =IFERROR(K8/T8,0) -> 0 | L19: =IFERROR(L8/T8,0) -> 0 | M19: =IFERROR(M8/T8,0) -> 3.8076665e-05 | N19: =IFERROR(N8/T8,0) -> 0.00019038333 | O19: =IFERROR(O8/T8,0) -> 0.0094049363 | P19: =IFERROR(P8/T8,0) -> 0.0027029629 | Q19: =IFERROR(Q8/T8,0) -> 0 | R19: =IFERROR(R8/T8,0) -> 0.038210786 | S19: =IFERROR(S8/T8,0) -> 0 | T19: =IFERROR(T8/T8,0) -> 1 | V19: =IFERROR(V8/AL8,0) -> 1.0075697 | W19: =IFERROR(W8/AL8,0) -> 0.00015041403 | X19: =IFERROR(X8/AL8,0) -> 0.068438382 | Y19: =IFERROR(Y8/AL8,0) -> 0.86975653 | Z19: =IFERROR(Z8/AL8,0) -> 0.022472403 | AA19: =IFERROR(AA8/AL8,0) -> 0.0061385332 | AB19: =IFERROR(AB8/AL8,0) -> 0 | AC19: =IFERROR(AC8/AL8,0) -> 0 | AD19: =IFERROR(AD8/AL8,0) -> 0 | AE19: =IFERROR(AE8/AL8,0) -> 0 | AF19: =IFERROR(AF8/AL8,0) -> 0.00075207013 | AG19: =IFERROR(AG8/AL8,0) -> 0.0025570385 | AH19: =IFERROR(AH8/AL8,0) -> 0.0024028299 | AI19: =IFERROR(AI8/AL8,0) -> 0 | AJ19: =IFERROR(AJ8/AL8,0) -> 0.027331801 | AK19: =IFERROR(AK8/AL8,0) -> 0 | AL19: =IFERROR(AL8/AL8,0) -> 1 | AN19: =IFERROR(AN8/BD8,0) -> 1.0068952 | AO19: =IFERROR(AO8/BD8,0) -> 0 | AP19: =IFERROR(AP8/BD8,0) -> 0.060135619 | AQ19: =IFERROR(AQ8/BD8,0) -> 0.84815214 | AR19: =IFERROR(AR8/BD8,0) -> 0.034043718 | AS19: =IFERROR(AS8/BD8,0) -> 0.0049542985 | AT19: =IFERROR(AT8/BD8,0) -> 0 | AU19: =IFERROR(AU8/BD8,0) -> 0 | AV19: =IFERROR(AV8/BD8,0) -> 0 | AW19: =IFERROR(AW8/BD8,0) -> 0 | AX19: =IFERROR(AX8/BD8,0) -> 0.00024849429 | AY19: =IFERROR(AY8/BD8,0) -> 0.011679232 | AZ19: =IFERROR(AZ8/BD8,0) -> 0.0019879544 | BA19: =IFERROR(BA8/BD8,0) -> 0 | BB19: =IFERROR(BB8/BD8,0) -> 0.038798544 | BC19: =IFERROR(BC8/BD8,0) -> 0 | BD19: =IFERROR(BD8/BD8,0) -> 1 | BF19: =IFERROR(BF8/BV8,0) -> 1.006869 | BG19: =IFERROR(BG8/BV8,0) -> 0 | BH19: =IFERROR(BH8/BV8,0) -> 0.060714465 | BI19: =IFERROR(BI8/BV8,0) -> 0.87438909 | BJ19: =IFERROR(BJ8/BV8,0) -> 0.01480172 | BK19: =IFERROR(BK8/BV8,0) -> 0.0078120191 | BL19: =IFERROR(BL8/BV8,0) -> 0 | BM19: =IFERROR(BM8/BV8,0) -> 0 | BN19: =IFERROR(BN8/BV8,0) -> 0 | BO19: =IFERROR(BO8/BV8,0) -> 0 | BP19: =IFERROR(BP8/BV8,0) -> 0.0004111589 | BQ19: =IFERROR(BQ8/BV8,0) -> 0.0019187415 | BR19: =IFERROR(BR8/BV8,0) -> 0.0008223178 | BS19: =IFERROR(BS8/BV8,0) -> 0 | BT19: =IFERROR(BT8/BV8,0) -> 0.039130491 | BU19: =IFERROR(BU8/BV8,0) -> 0 | BV19: =IFERROR(BV8/BV8,0) -> 1 | BX19: =IFERROR(BX8/CN8,0) -> 1.0085616 | BY19: =IFERROR(BY8/CN8,0) -> 0.00051065631 | BZ19: =IFERROR(BZ8/CN8,0) -> 0.06161935 | CA19: =IFERROR(CA8/CN8,0) -> 0.8750947 | CB19: =IFERROR(CB8/CN8,0) -> 0.0073194072 | CC19: =IFERROR(CC8/CN8,0) -> 0.010723783 | CD19: =IFERROR(CD8/CN8,0) -> 0 | CE19: =IFERROR(CE8/CN8,0) -> 0 | CF19: =IFERROR(CF8/CN8,0) -> 0 | CG19: =IFERROR(CG8/CN8,0) -> 0 | CH19: =IFERROR(CH8/CN8,0) -> 0 | CI19: =IFERROR(CI8/CN8,0) -> 0.0027235003 | CJ19: =IFERROR(CJ8/CN8,0) -> 0.0017021877 | CK19: =IFERROR(CK8/CN8,0) -> 0 | CL19: =IFERROR(CL8/CN8,0) -> 0.040306412 | CM19: =IFERROR(CM8/CN8,0) -> 0 | CN19: =IFERROR(CN8/CN8,0) -> 1 | CP19: =IFERROR(CP8/DF8,0) -> 1.0076658 | CQ19: =IFERROR(CQ8/DF8,0) -> 0 | CR19: =IFERROR(CR8/DF8,0) -> 0.097094273 | CS19: =IFERROR(CS8/DF8,0) -> 0.77711851 | CT19: =IFERROR(CT8/DF8,0) -> 0.039529939 | CU19: =IFERROR(CU8/DF8,0) -> 0.04736306 | CV19: =IFERROR(CV8/DF8,0) -> 0 | CW19: =IFERROR(CW8/DF8,0) -> 0 | CX19: =IFERROR(CX8/DF8,0) -> 0 | CY19: =IFERROR(CY8/DF8,0) -> 0 | CZ19: =IFERROR(CZ8/DF8,0) -> 0 | DA19: =IFERROR(DA8/DF8,0) -> 0.0030968155 | DB19: =IFERROR(DB8/DF8,0) -> 0.0010929937 | DC19: =IFERROR(DC8/DF8,0) -> 0 | DD19: =IFERROR(DD8/DF8,0) -> 0.034704404 | DE19: =IFERROR(DE8/DF8,0) -> 0 | DF19: =IFERROR(DF8/DF8,0) -> 1 | DH19: =IFERROR(DH8/DX8,0) -> 1.0077589 | DI19: =IFERROR(DI8/DX8,0) -> 0.0029723006 | DJ19: =IFERROR(DJ8/DX8,0) -> 0.10066192 | DK19: =IFERROR(DK8/DX8,0) -> 0.76130527 | DL19: =IFERROR(DL8/DX8,0) -> 0.019022724 | DM19: =IFERROR(DM8/DX8,0) -> 0.070380476 | DN19: =IFERROR(DN8/DX8,0) -> 0 | DO19: =IFERROR(DO8/DX8,0) -> 0 | DP19: =IFERROR(DP8/DX8,0) -> 0 | DQ19: =IFERROR(DQ8/DX8,0) -> 0.00039630675 | DR19: =IFERROR(DR8/DX8,0) -> 0 | DS19: =IFERROR(DS8/DX8,0) -> 0.0049538344 | DT19: =IFERROR(DT8/DX8,0) -> 0.0013870736 | DU19: =IFERROR(DU8/DX8,0) -> 0 | DV19: =IFERROR(DV8/DX8,0) -> 0.038920097 | DW19: =IFERROR(DW8/DX8,0) -> 0 | DX19: =IFERROR(DX8/DX8,0) -> 1 | DZ19: =IFERROR(DZ8/EP8,0) -> 1.0132518 | EA19: =IFERROR(EA8/EP8,0) -> 0.00044096465 | EB19: =IFERROR(EB8/EP8,0) -> 0.03130849 | EC19: =IFERROR(EC8/EP8,0) -> 0.8519838 | ED19: =IFERROR(ED8/EP8,0) -> 0.001322894 | EE19: =IFERROR(EE8/EP8,0) -> 0.018841217 | EF19: =IFERROR(EF8/EP8,0) -> 0 | EG19: =IFERROR(EG8/EP8,0) -> 0 | EH19: =IFERROR(EH8/EP8,0) -> 0 | EI19: =IFERROR(EI8/EP8,0) -> 0 | EJ19: =IFERROR(EJ8/EP8,0) -> 0 | EK19: =IFERROR(EK8/EP8,0) -> 0.045419359 | EL19: =IFERROR(EL8/EP8,0) -> 0.0039686819 | EM19: =IFERROR(EM8/EP8,0) -> 0 | EN19: =IFERROR(EN8/EP8,0) -> 0.046714593 | EO19: =IFERROR(EO8/EP8,0) -> 0 | EP19: =IFERROR(EP8/EP8,0) -> 1 | ER19: =IFERROR(ER8/FH8,0) -> 1.011545 | ES19: =IFERROR(ES8/FH8,0) -> 0.00064379664 | ET19: =IFERROR(ET8/FH8,0) -> 0.062834259 | EU19: =IFERROR(EU8/FH8,0) -> 0.83004583 | EV19: =IFERROR(EV8/FH8,0) -> 0.00064379664 | EW19: =IFERROR(EW8/FH8,0) -> 0.025825317 | EX19: =IFERROR(EX8/FH8,0) -> 0 | EY19: =IFERROR(EY8/FH8,0) -> 0 | EZ19: =IFERROR(EZ8/FH8,0) -> 0 | FA19: =IFERROR(FA8/FH8,0) -> 0 | FB19: =IFERROR(FB8/FH8,0) -> 0 | FC19: =IFERROR(FC8/FH8,0) -> 0.027683255 | FD19: =IFERROR(FD8/FH8,0) -> 0.0045065765 | FE19: =IFERROR(FE8/FH8,0) -> 0 | FF19: =IFERROR(FF8/FH8,0) -> 0.047817166 | FG19: =IFERROR(FG8/FH8,0) -> 0 | FH19: =IFERROR(FH8/FH8,0) -> 1 | FJ19: =IFERROR(FJ8/FZ8,0) -> 1.0086913 | FK19: =IFERROR(FK8/FZ8,0) -> 0.0030252521 | FL19: =IFERROR(FL8/FZ8,0) -> 0.048740173 | FM19: =IFERROR(FM8/FZ8,0) -> 0.86791153 | FN19: =IFERROR(FN8/FZ8,0) -> 0.0012528822 | FO19: =IFERROR(FO8/FZ8,0) -> 0.02934571 | FP19: =IFERROR(FP8/FZ8,0) -> 0 | FQ19: =IFERROR(FQ8/FZ8,0) -> 0 | FR19: =IFERROR(FR8/FZ8,0) -> 0 | FS19: =IFERROR(FS8/FZ8,0) -> 0 | FT19: =IFERROR(FT8/FZ8,0) -> 0.00033613913 | FU19: =IFERROR(FU8/FZ8,0) -> 0.0073950608 | FV19: =IFERROR(FV8/FZ8,0) -> 0.0023529739 | FW19: =IFERROR(FW8/FZ8,0) -> 0 | FX19: =IFERROR(FX8/FZ8,0) -> 0.039640276 | FY19: =IFERROR(FY8/FZ8,0) -> 0 | FZ19: =IFERROR(FZ8/FZ8,0) -> 1 | GB19: =IFERROR(GB8/GR8,0) -> 1.0090828 | GC19: =IFERROR(GC8/GR8,0) -> 0.0025250317 | GD19: =IFERROR(GD8/GR8,0) -> 0.029611736 | GE19: =IFERROR(GE8/GR8,0) -> 0.77856745 | GF19: =IFERROR(GF8/GR8,0) -> 0.01101832 | GG19: =IFERROR(GG8/GR8,0) -> 0.12604416 | GH19: =IFERROR(GH8/GR8,0) -> 0 | GI19: =IFERROR(GI8/GR8,0) -> 0 | GJ19: =IFERROR(GJ8/GR8,0) -> 0 | GK19: =IFERROR(GK8/GR8,0) -> 0 | GL19: =IFERROR(GL8/GR8,0) -> 0 | GM19: =IFERROR(GM8/GR8,0) -> 0.0057387085 | GN19: =IFERROR(GN8/GR8,0) -> 0.0068864502 | GO19: =IFERROR(GO8/GR8,0) -> 0 | GP19: =IFERROR(GP8/GR8,0) -> 0.039608148 | GQ19: =IFERROR(GQ8/GR8,0) -> 0 | GR19: =IFERROR(GR8/GR8,0) -> 1 | GT19: =IFERROR(GT8/HJ8,0) -> 1.0049721 | GU19: =IFERROR(GU8/HJ8,0) -> 0 | GV19: =IFERROR(GV8/HJ8,0) -> 0.10310842 | GW19: =IFERROR(GW8/HJ8,0) -> 0.80424565 | GX19: =IFERROR(GX8/HJ8,0) -> 0.0022912981 | GY19: =IFERROR(GY8/HJ8,0) -> 0.012845851 | GZ19: =IFERROR(GZ8/HJ8,0) -> 0 | HA19: =IFERROR(HA8/HJ8,0) -> 0 | HB19: =IFERROR(HB8/HJ8,0) -> 0 | HC19: =IFERROR(HC8/HJ8,0) -> 0 | HD19: =IFERROR(HD8/HJ8,0) -> 0 | HE19: =IFERROR(HE8/HJ8,0) -> 0.033911213 | HF19: =IFERROR(HF8/HJ8,0) -> 0.0045825963 | HG19: =IFERROR(HG8/HJ8,0) -> 0 | HH19: =IFERROR(HH8/HJ8,0) -> 0.039014975 | HI19: =IFERROR(HI8/HJ8,0) -> 0 | HJ19: =IFERROR(HJ8/HJ8,0) -> 1 | HL19: =IFERROR(HL8/IB8,0) -> 1.0087708 | HM19: =IFERROR(HM8/IB8,0) -> 0.0033764373 | HN19: =IFERROR(HN8/IB8,0) -> 0.043279788 | HO19: =IFERROR(HO8/IB8,0) -> 0.88278489 | HP19: =IFERROR(HP8/IB8,0) -> 0.0006138977 | HQ19: =IFERROR(HQ8/IB8,0) -> 0.0095154143 | HR19: =IFERROR(HR8/IB8,0) -> 0 | HS19: =IFERROR(HS8/IB8,0) -> 0 | HT19: =IFERROR(HT8/IB8,0) -> 0 | HU19: =IFERROR(HU8/IB8,0) -> 0 | HV19: =IFERROR(HV8/IB8,0) -> 0 | HW19: =IFERROR(HW8/IB8,0) -> 0.014733545 | HX19: =IFERROR(HX8/IB8,0) -> 0.0058320281 | HY19: =IFERROR(HY8/IB8,0) -> 0 | HZ19: =IFERROR(HZ8/IB8,0) -> 0.039864005 | IA19: =IFERROR(IA8/IB8,0) -> 0 | IB19: =IFERROR(IB8/IB8,0) -> 1
B20: WSS03 | D20: =IFERROR(D9/T9,0) -> 1.0118867 | E20: =IFERROR(E9/T9,0) -> 0 | F20: =IFERROR(F9/T9,0) -> 0 | G20: =IFERROR(G9/T9,0) -> 0 | H20: =IFERROR(H9/T9,0) -> 0.00065812835 | I20: =IFERROR(I9/T9,0) -> 0.92374028 | J20: =IFERROR(J9/T9,0) -> 0 | K20: =IFERROR(K9/T9,0) -> 0.0020922499 | L20: =IFERROR(L9/T9,0) -> 0 | M20: =IFERROR(M9/T9,0) -> 0 | N20: =IFERROR(N9/T9,0) -> 0 | O20: =IFERROR(O9/T9,0) -> 0 | P20: =IFERROR(P9/T9,0) -> 0.022376364 | Q20: =IFERROR(Q9/T9,0) -> 0 | R20: =IFERROR(R9/T9,0) -> 0.051132983 | S20: =IFERROR(S9/T9,0) -> 0 | T20: =IFERROR(T9/T9,0) -> 1 | V20: =IFERROR(V9/AL9,0) -> 1.0155866 | W20: =IFERROR(W9/AL9,0) -> 0 | X20: =IFERROR(X9/AL9,0) -> 0 | Y20: =IFERROR(Y9/AL9,0) -> 0 | Z20: =IFERROR(Z9/AL9,0) -> 0 | AA20: =IFERROR(AA9/AL9,0) -> 0.9476214 | AB20: =IFERROR(AB9/AL9,0) -> 0 | AC20: =IFERROR(AC9/AL9,0) -> 0.01038769 | AD20: =IFERROR(AD9/AL9,0) -> 0 | AE20: =IFERROR(AE9/AL9,0) -> 0 | AF20: =IFERROR(AF9/AL9,0) -> 0 | AG20: =IFERROR(AG9/AL9,0) -> 0 | AH20: =IFERROR(AH9/AL9,0) -> 0.005533394 | AI20: =IFERROR(AI9/AL9,0) -> 0 | AJ20: =IFERROR(AJ9/AL9,0) -> 0.036457521 | AK20: =IFERROR(AK9/AL9,0) -> 0 | AL20: =IFERROR(AL9/AL9,0) -> 1 | AN20: =IFERROR(AN9/BD9,0) -> 1.0039841 | AO20: =IFERROR(AO9/BD9,0) -> 0 | AP20: =IFERROR(AP9/BD9,0) -> 0 | AQ20: =IFERROR(AQ9/BD9,0) -> 0 | AR20: =IFERROR(AR9/BD9,0) -> 0 | AS20: =IFERROR(AS9/BD9,0) -> 0.43824701 | AT20: =IFERROR(AT9/BD9,0) -> 0 | AU20: =IFERROR(AU9/BD9,0) -> 0.22820717 | AV20: =IFERROR(AV9/BD9,0) -> 0 | AW20: =IFERROR(AW9/BD9,0) -> 0 | AX20: =IFERROR(AX9/BD9,0) -> 0 | AY20: =IFERROR(AY9/BD9,0) -> 0 | AZ20: =IFERROR(AZ9/BD9,0) -> 0.1752988 | BA20: =IFERROR(BA9/BD9,0) -> 0 | BB20: =IFERROR(BB9/BD9,0) -> 0.15824701 | BC20: =IFERROR(BC9/BD9,0) -> 0 | BD20: =IFERROR(BD9/BD9,0) -> 1 | BF20: =IFERROR(BF9/BV9,0) -> 1.0076579 | BG20: =IFERROR(BG9/BV9,0) -> 0 | BH20: =IFERROR(BH9/BV9,0) -> 0 | BI20: =IFERROR(BI9/BV9,0) -> 0 | BJ20: =IFERROR(BJ9/BV9,0) -> 0 | BK20: =IFERROR(BK9/BV9,0) -> 0.90464658 | BL20: =IFERROR(BL9/BV9,0) -> 0 | BM20: =IFERROR(BM9/BV9,0) -> 0 | BN20: =IFERROR(BN9/BV9,0) -> 0 | BO20: =IFERROR(BO9/BV9,0) -> 0 | BP20: =IFERROR(BP9/BV9,0) -> 0 | BQ20: =IFERROR(BQ9/BV9,0) -> 0 | BR20: =IFERROR(BR9/BV9,0) -> 0.032619977 | BS20: =IFERROR(BS9/BV9,0) -> 0 | BT20: =IFERROR(BT9/BV9,0) -> 0.062733441 | BU20: =IFERROR(BU9/BV9,0) -> 0 | BV20: =IFERROR(BV9/BV9,0) -> 1 | BX20: =IFERROR(BX9/CN9,0) -> 1.0124192 | BY20: =IFERROR(BY9/CN9,0) -> 0 | BZ20: =IFERROR(BZ9/CN9,0) -> 0 | CA20: =IFERROR(CA9/CN9,0) -> 0 | CB20: =IFERROR(CB9/CN9,0) -> 0 | CC20: =IFERROR(CC9/CN9,0) -> 0.96532256 | CD20: =IFERROR(CD9/CN9,0) -> 0 | CE20: =IFERROR(CE9/CN9,0) -> 0 | CF20: =IFERROR(CF9/CN9,0) -> 0 | CG20: =IFERROR(CG9/CN9,0) -> 0 | CH20: =IFERROR(CH9/CN9,0) -> 0 | CI20: =IFERROR(CI9/CN9,0) -> 0 | CJ20: =IFERROR(CJ9/CN9,0) -> 0.0065350657 | CK20: =IFERROR(CK9/CN9,0) -> 0 | CL20: =IFERROR(CL9/CN9,0) -> 0.028142369 | CM20: =IFERROR(CM9/CN9,0) -> 0 | CN20: =IFERROR(CN9/CN9,0) -> 1 | CP20: =IFERROR(CP9/DF9,0) -> 1 | CQ20: =IFERROR(CQ9/DF9,0) -> 0 | CR20: =IFERROR(CR9/DF9,0) -> 0 | CS20: =IFERROR(CS9/DF9,0) -> 0 | CT20: =IFERROR(CT9/DF9,0) -> 0 | CU20: =IFERROR(CU9/DF9,0) -> 1 | CV20: =IFERROR(CV9/DF9,0) -> 0 | CW20: =IFERROR(CW9/DF9,0) -> 0 | CX20: =IFERROR(CX9/DF9,0) -> 0 | CY20: =IFERROR(CY9/DF9,0) -> 0 | CZ20: =IFERROR(CZ9/DF9,0) -> 0 | DA20: =IFERROR(DA9/DF9,0) -> 0 | DB20: =IFERROR(DB9/DF9,0) -> 0 | DC20: =IFERROR(DC9/DF9,0) -> 0 | DD20: =IFERROR(DD9/DF9,0) -> 0 | DE20: =IFERROR(DE9/DF9,0) -> 0 | DF20: =IFERROR(DF9/DF9,0) -> 1 | DH20: =IFERROR(DH9/DX9,0) -> 1 | DI20: =IFERROR(DI9/DX9,0) -> 0 | DJ20: =IFERROR(DJ9/DX9,0) -> 0 | DK20: =IFERROR(DK9/DX9,0) -> 0 | DL20: =IFERROR(DL9/DX9,0) -> 0 | DM20: =IFERROR(DM9/DX9,0) -> 1 | DN20: =IFERROR(DN9/DX9,0) -> 0 | DO20: =IFERROR(DO9/DX9,0) -> 0 | DP20: =IFERROR(DP9/DX9,0) -> 0 | DQ20: =IFERROR(DQ9/DX9,0) -> 0 | DR20: =IFERROR(DR9/DX9,0) -> 0 | DS20: =IFERROR(DS9/DX9,0) -> 0 | DT20: =IFERROR(DT9/DX9,0) -> 0 | DU20: =IFERROR(DU9/DX9,0) -> 0 | DV20: =IFERROR(DV9/DX9,0) -> 0 | DW20: =IFERROR(DW9/DX9,0) -> 0 | DX20: =IFERROR(DX9/DX9,0) -> 1 | DZ20: =IFERROR(DZ9/EP9,0) -> 0 | EA20: =IFERROR(EA9/EP9,0) -> 0 | EB20: =IFERROR(EB9/EP9,0) -> 0 | EC20: =IFERROR(EC9/EP9,0) -> 0 | ED20: =IFERROR(ED9/EP9,0) -> 0 | EE20: =IFERROR(EE9/EP9,0) -> 0 | EF20: =IFERROR(EF9/EP9,0) -> 0 | EG20: =IFERROR(EG9/EP9,0) -> 0 | EH20: =IFERROR(EH9/EP9,0) -> 0 | EI20: =IFERROR(EI9/EP9,0) -> 0 | EJ20: =IFERROR(EJ9/EP9,0) -> 0 | EK20: =IFERROR(EK9/EP9,0) -> 0 | EL20: =IFERROR(EL9/EP9,0) -> 0 | EM20: =IFERROR(EM9/EP9,0) -> 0 | EN20: =IFERROR(EN9/EP9,0) -> 0 | EO20: =IFERROR(EO9/EP9,0) -> 0 | EP20: =IFERROR(EP9/EP9,0) -> 0 | ER20: =IFERROR(ER9/FH9,0) -> 0 | ES20: =IFERROR(ES9/FH9,0) -> 0 | ET20: =IFERROR(ET9/FH9,0) -> 0 | EU20: =IFERROR(EU9/FH9,0) -> 0 | EV20: =IFERROR(EV9/FH9,0) -> 0 | EW20: =IFERROR(EW9/FH9,0) -> 0 | EX20: =IFERROR(EX9/FH9,0) -> 0 | EY20: =IFERROR(EY9/FH9,0) -> 0 | EZ20: =IFERROR(EZ9/FH9,0) -> 0 | FA20: =IFERROR(FA9/FH9,0) -> 0 | FB20: =IFERROR(FB9/FH9,0) -> 0 | FC20: =IFERROR(FC9/FH9,0) -> 0 | FD20: =IFERROR(FD9/FH9,0) -> 0 | FE20: =IFERROR(FE9/FH9,0) -> 0 | FF20: =IFERROR(FF9/FH9,0) -> 0 | FG20: =IFERROR(FG9/FH9,0) -> 0 | FH20: =IFERROR(FH9/FH9,0) -> 0 | FJ20: =IFERROR(FJ9/FZ9,0) -> 1.0149831 | FK20: =IFERROR(FK9/FZ9,0) -> 0 | FL20: =IFERROR(FL9/FZ9,0) -> 0 | FM20: =IFERROR(FM9/FZ9,0) -> 0 | FN20: =IFERROR(FN9/FZ9,0) -> 0 | FO20: =IFERROR(FO9/FZ9,0) -> 0.95033833 | FP20: =IFERROR(FP9/FZ9,0) -> 0 | FQ20: =IFERROR(FQ9/FZ9,0) -> 0 | FR20: =IFERROR(FR9/FZ9,0) -> 0 | FS20: =IFERROR(FS9/FZ9,0) -> 0 | FT20: =IFERROR(FT9/FZ9,0) -> 0 | FU20: =IFERROR(FU9/FZ9,0) -> 0 | FV20: =IFERROR(FV9/FZ9,0) -> 0 | FW20: =IFERROR(FW9/FZ9,0) -> 0 | FX20: =IFERROR(FX9/FZ9,0) -> 0.049661672 | FY20: =IFERROR(FY9/FZ9,0) -> 0 | FZ20: =IFERROR(FZ9/FZ9,0) -> 1 | GB20: =IFERROR(GB9/GR9,0) -> 1.0067866 | GC20: =IFERROR(GC9/GR9,0) -> 0 | GD20: =IFERROR(GD9/GR9,0) -> 0 | GE20: =IFERROR(GE9/GR9,0) -> 0 | GF20: =IFERROR(GF9/GR9,0) -> 0 | GG20: =IFERROR(GG9/GR9,0) -> 0.69722774 | GH20: =IFERROR(GH9/GR9,0) -> 0 | GI20: =IFERROR(GI9/GR9,0) -> 0 | GJ20: =IFERROR(GJ9/GR9,0) -> 0 | GK20: =IFERROR(GK9/GR9,0) -> 0 | GL20: =IFERROR(GL9/GR9,0) -> 0 | GM20: =IFERROR(GM9/GR9,0) -> 0 | GN20: =IFERROR(GN9/GR9,0) -> 0.21128113 | GO20: =IFERROR(GO9/GR9,0) -> 0 | GP20: =IFERROR(GP9/GR9,0) -> 0.091491133 | GQ20: =IFERROR(GQ9/GR9,0) -> 0 | GR20: =IFERROR(GR9/GR9,0) -> 1 | GT20: =IFERROR(GT9/HJ9,0) -> 1.0125362 | GU20: =IFERROR(GU9/HJ9,0) -> 0 | GV20: =IFERROR(GV9/HJ9,0) -> 0 | GW20: =IFERROR(GW9/HJ9,0) -> 0 | GX20: =IFERROR(GX9/HJ9,0) -> 0.010607522 | GY20: =IFERROR(GY9/HJ9,0) -> 0.90163934 | GZ20: =IFERROR(GZ9/HJ9,0) -> 0 | HA20: =IFERROR(HA9/HJ9,0) -> 0 | HB20: =IFERROR(HB9/HJ9,0) -> 0 | HC20: =IFERROR(HC9/HJ9,0) -> 0 | HD20: =IFERROR(HD9/HJ9,0) -> 0 | HE20: =IFERROR(HE9/HJ9,0) -> 0 | HF20: =IFERROR(HF9/HJ9,0) -> 0 | HG20: =IFERROR(HG9/HJ9,0) -> 0 | HH20: =IFERROR(HH9/HJ9,0) -> 0.087753134 | HI20: =IFERROR(HI9/HJ9,0) -> 0 | HJ20: =IFERROR(HJ9/HJ9,0) -> 1 | HL20: =IFERROR(HL9/IB9,0) -> 1.0148175 | HM20: =IFERROR(HM9/IB9,0) -> 0 | HN20: =IFERROR(HN9/IB9,0) -> 0 | HO20: =IFERROR(HO9/IB9,0) -> 0 | HP20: =IFERROR(HP9/IB9,0) -> 0.0018970325 | HQ20: =IFERROR(HQ9/IB9,0) -> 0.90867858 | HR20: =IFERROR(HR9/IB9,0) -> 0 | HS20: =IFERROR(HS9/IB9,0) -> 0 | HT20: =IFERROR(HT9/IB9,0) -> 0 | HU20: =IFERROR(HU9/IB9,0) -> 0 | HV20: =IFERROR(HV9/IB9,0) -> 0 | HW20: =IFERROR(HW9/IB9,0) -> 0 | HX20: =IFERROR(HX9/IB9,0) -> 0.011382195 | HY20: =IFERROR(HY9/IB9,0) -> 0 | HZ20: =IFERROR(HZ9/IB9,0) -> 0.078042193 | IA20: =IFERROR(IA9/IB9,0) -> 0 | IB20: =IFERROR(IB9/IB9,0) -> 1
B21: WSS04 | D21: =IFERROR(D10/T10,0) -> 1.0494306 | E21: =IFERROR(E10/T10,0) -> 0 | F21: =IFERROR(F10/T10,0) -> 0 | G21: =IFERROR(G10/T10,0) -> 0 | H21: =IFERROR(H10/T10,0) -> 0 | I21: =IFERROR(I10/T10,0) -> 0 | J21: =IFERROR(J10/T10,0) -> 0.38525492 | K21: =IFERROR(K10/T10,0) -> 0.48492495 | L21: =IFERROR(L10/T10,0) -> 0 | M21: =IFERROR(M10/T10,0) -> 0 | N21: =IFERROR(N10/T10,0) -> 0 | O21: =IFERROR(O10/T10,0) -> 0 | P21: =IFERROR(P10/T10,0) -> 0 | Q21: =IFERROR(Q10/T10,0) -> 0.022677277 | R21: =IFERROR(R10/T10,0) -> 0.10714286 | S21: =IFERROR(S10/T10,0) -> 0 | T21: =IFERROR(T10/T10,0) -> 1 | V21: =IFERROR(V10/AL10,0) -> 1.1230973 | W21: =IFERROR(W10/AL10,0) -> 0 | X21: =IFERROR(X10/AL10,0) -> 0 | Y21: =IFERROR(Y10/AL10,0) -> 0 | Z21: =IFERROR(Z10/AL10,0) -> 0 | AA21: =IFERROR(AA10/AL10,0) -> 0 | AB21: =IFERROR(AB10/AL10,0) -> 0.090337525 | AC21: =IFERROR(AC10/AL10,0) -> 0.77465255 | AD21: =IFERROR(AD10/AL10,0) -> 0 | AE21: =IFERROR(AE10/AL10,0) -> 0 | AF21: =IFERROR(AF10/AL10,0) -> 0 | AG21: =IFERROR(AG10/AL10,0) -> 0 | AH21: =IFERROR(AH10/AL10,0) -> 0 | AI21: =IFERROR(AI10/AL10,0) -> 0 | AJ21: =IFERROR(AJ10/AL10,0) -> 0.13500993 | AK21: =IFERROR(AK10/AL10,0) -> 0 | AL21: =IFERROR(AL10/AL10,0) -> 1 | AN21: =IFERROR(AN10/BD10,0) -> 1.0419013 | AO21: =IFERROR(AO10/BD10,0) -> 0 | AP21: =IFERROR(AP10/BD10,0) -> 0 | AQ21: =IFERROR(AQ10/BD10,0) -> 0 | AR21: =IFERROR(AR10/BD10,0) -> 0 | AS21: =IFERROR(AS10/BD10,0) -> 0 | AT21: =IFERROR(AT10/BD10,0) -> 0.65048434 | AU21: =IFERROR(AU10/BD10,0) -> 0.26931741 | AV21: =IFERROR(AV10/BD10,0) -> 0 | AW21: =IFERROR(AW10/BD10,0) -> 0 | AX21: =IFERROR(AX10/BD10,0) -> 0 | AY21: =IFERROR(AY10/BD10,0) -> 0 | AZ21: =IFERROR(AZ10/BD10,0) -> 0 | BA21: =IFERROR(BA10/BD10,0) -> 0 | BB21: =IFERROR(BB10/BD10,0) -> 0.080198243 | BC21: =IFERROR(BC10/BD10,0) -> 0 | BD21: =IFERROR(BD10/BD10,0) -> 1 | BF21: =IFERROR(BF10/BV10,0) -> 1.0396282 | BG21: =IFERROR(BG10/BV10,0) -> 0 | BH21: =IFERROR(BH10/BV10,0) -> 0 | BI21: =IFERROR(BI10/BV10,0) -> 0 | BJ21: =IFERROR(BJ10/BV10,0) -> 0 | BK21: =IFERROR(BK10/BV10,0) -> 0 | BL21: =IFERROR(BL10/BV10,0) -> 0.54097358 | BM21: =IFERROR(BM10/BV10,0) -> 0.34160959 | BN21: =IFERROR(BN10/BV10,0) -> 0 | BO21: =IFERROR(BO10/BV10,0) -> 0 | BP21: =IFERROR(BP10/BV10,0) -> 0 | BQ21: =IFERROR(BQ10/BV10,0) -> 0 | BR21: =IFERROR(BR10/BV10,0) -> 0 | BS21: =IFERROR(BS10/BV10,0) -> 0 | BT21: =IFERROR(BT10/BV10,0) -> 0.11741683 | BU21: =IFERROR(BU10/BV10,0) -> 0 | BV21: =IFERROR(BV10/BV10,0) -> 1 | BX21: =IFERROR(BX10/CN10,0) -> 1.0512484 | BY21: =IFERROR(BY10/CN10,0) -> 0 | BZ21: =IFERROR(BZ10/CN10,0) -> 0 | CA21: =IFERROR(CA10/CN10,0) -> 0 | CB21: =IFERROR(CB10/CN10,0) -> 0 | CC21: =IFERROR(CC10/CN10,0) -> 0 | CD21: =IFERROR(CD10/CN10,0) -> 0 | CE21: =IFERROR(CE10/CN10,0) -> 0 | CF21: =IFERROR(CF10/CN10,0) -> 0 | CG21: =IFERROR(CG10/CN10,0) -> 0 | CH21: =IFERROR(CH10/CN10,0) -> 0 | CI21: =IFERROR(CI10/CN10,0) -> 0 | CJ21: =IFERROR(CJ10/CN10,0) -> 0 | CK21: =IFERROR(CK10/CN10,0) -> 0.92115637 | CL21: =IFERROR(CL10/CN10,0) -> 0.078843627 | CM21: =IFERROR(CM10/CN10,0) -> 0 | CN21: =IFERROR(CN10/CN10,0) -> 1 | CP21: =IFERROR(CP10/DF10,0) -> 0 | CQ21: =IFERROR(CQ10/DF10,0) -> 0 | CR21: =IFERROR(CR10/DF10,0) -> 0 | CS21: =IFERROR(CS10/DF10,0) -> 0 | CT21: =IFERROR(CT10/DF10,0) -> 0 | CU21: =IFERROR(CU10/DF10,0) -> 0 | CV21: =IFERROR(CV10/DF10,0) -> 0 | CW21: =IFERROR(CW10/DF10,0) -> 0 | CX21: =IFERROR(CX10/DF10,0) -> 0 | CY21: =IFERROR(CY10/DF10,0) -> 0 | CZ21: =IFERROR(CZ10/DF10,0) -> 0 | DA21: =IFERROR(DA10/DF10,0) -> 0 | DB21: =IFERROR(DB10/DF10,0) -> 0 | DC21: =IFERROR(DC10/DF10,0) -> 0 | DD21: =IFERROR(DD10/DF10,0) -> 0 | DE21: =IFERROR(DE10/DF10,0) -> 0 | DF21: =IFERROR(DF10/DF10,0) -> 0 | DH21: =IFERROR(DH10/DX10,0) -> 0 | DI21: =IFERROR(DI10/DX10,0) -> 0 | DJ21: =IFERROR(DJ10/DX10,0) -> 0 | DK21: =IFERROR(DK10/DX10,0) -> 0 | DL21: =IFERROR(DL10/DX10,0) -> 0 | DM21: =IFERROR(DM10/DX10,0) -> 0 | DN21: =IFERROR(DN10/DX10,0) -> 0 | DO21: =IFERROR(DO10/DX10,0) -> 0 | DP21: =IFERROR(DP10/DX10,0) -> 0 | DQ21: =IFERROR(DQ10/DX10,0) -> 0 | DR21: =IFERROR(DR10/DX10,0) -> 0 | DS21: =IFERROR(DS10/DX10,0) -> 0 | DT21: =IFERROR(DT10/DX10,0) -> 0 | DU21: =IFERROR(DU10/DX10,0) -> 0 | DV21: =IFERROR(DV10/DX10,0) -> 0 | DW21: =IFERROR(DW10/DX10,0) -> 0 | DX21: =IFERROR(DX10/DX10,0) -> 0 | DZ21: =IFERROR(DZ10/EP10,0) -> 0 | EA21: =IFERROR(EA10/EP10,0) -> 0 | EB21: =IFERROR(EB10/EP10,0) -> 0 | EC21: =IFERROR(EC10/EP10,0) -> 0 | ED21: =IFERROR(ED10/EP10,0) -> 0 | EE21: =IFERROR(EE10/EP10,0) -> 0 | EF21: =IFERROR(EF10/EP10,0) -> 0 | EG21: =IFERROR(EG10/EP10,0) -> 0 | EH21: =IFERROR(EH10/EP10,0) -> 0 | EI21: =IFERROR(EI10/EP10,0) -> 0 | EJ21: =IFERROR(EJ10/EP10,0) -> 0 | EK21: =IFERROR(EK10/EP10,0) -> 0 | EL21: =IFERROR(EL10/EP10,0) -> 0 | EM21: =IFERROR(EM10/EP10,0) -> 0 | EN21: =IFERROR(EN10/EP10,0) -> 0 | EO21: =IFERROR(EO10/EP10,0) -> 0 | EP21: =IFERROR(EP10/EP10,0) -> 0 | ER21: =IFERROR(ER10/FH10,0) -> 0 | ES21: =IFERROR(ES10/FH10,0) -> 0 | ET21: =IFERROR(ET10/FH10,0) -> 0 | EU21: =IFERROR(EU10/FH10,0) -> 0 | EV21: =IFERROR(EV10/FH10,0) -> 0 | EW21: =IFERROR(EW10/FH10,0) -> 0 | EX21: =IFERROR(EX10/FH10,0) -> 0 | EY21: =IFERROR(EY10/FH10,0) -> 0 | EZ21: =IFERROR(EZ10/FH10,0) -> 0 | FA21: =IFERROR(FA10/FH10,0) -> 0 | FB21: =IFERROR(FB10/FH10,0) -> 0 | FC21: =IFERROR(FC10/FH10,0) -> 0 | FD21: =IFERROR(FD10/FH10,0) -> 0 | FE21: =IFERROR(FE10/FH10,0) -> 0 | FF21: =IFERROR(FF10/FH10,0) -> 0 | FG21: =IFERROR(FG10/FH10,0) -> 0 | FH21: =IFERROR(FH10/FH10,0) -> 0 | FJ21: =IFERROR(FJ10/FZ10,0) -> 1 | FK21: =IFERROR(FK10/FZ10,0) -> 0 | FL21: =IFERROR(FL10/FZ10,0) -> 0 | FM21: =IFERROR(FM10/FZ10,0) -> 0 | FN21: =IFERROR(FN10/FZ10,0) -> 0 | FO21: =IFERROR(FO10/FZ10,0) -> 0 | FP21: =IFERROR(FP10/FZ10,0) -> 0.26474128 | FQ21: =IFERROR(FQ10/FZ10,0) -> 0.65583634 | FR21: =IFERROR(FR10/FZ10,0) -> 0 | FS21: =IFERROR(FS10/FZ10,0) -> 0 | FT21: =IFERROR(FT10/FZ10,0) -> 0 | FU21: =IFERROR(FU10/FZ10,0) -> 0 | FV21: =IFERROR(FV10/FZ10,0) -> 0 | FW21: =IFERROR(FW10/FZ10,0) -> 0 | FX21: =IFERROR(FX10/FZ10,0) -> 0.079422383 | FY21: =IFERROR(FY10/FZ10,0) -> 0 | FZ21: =IFERROR(FZ10/FZ10,0) -> 1 | GB21: =IFERROR(GB10/GR10,0) -> 0 | GC21: =IFERROR(GC10/GR10,0) -> 0 | GD21: =IFERROR(GD10/GR10,0) -> 0 | GE21: =IFERROR(GE10/GR10,0) -> 0 | GF21: =IFERROR(GF10/GR10,0) -> 0 | GG21: =IFERROR(GG10/GR10,0) -> 0 | GH21: =IFERROR(GH10/GR10,0) -> 0 | GI21: =IFERROR(GI10/GR10,0) -> 0 | GJ21: =IFERROR(GJ10/GR10,0) -> 0 | GK21: =IFERROR(GK10/GR10,0) -> 0 | GL21: =IFERROR(GL10/GR10,0) -> 0 | GM21: =IFERROR(GM10/GR10,0) -> 0 | GN21: =IFERROR(GN10/GR10,0) -> 0 | GO21: =IFERROR(GO10/GR10,0) -> 0 | GP21: =IFERROR(GP10/GR10,0) -> 0 | GQ21: =IFERROR(GQ10/GR10,0) -> 0 | GR21: =IFERROR(GR10/GR10,0) -> 0 | GT21: =IFERROR(GT10/HJ10,0) -> 1.0067114 | GU21: =IFERROR(GU10/HJ10,0) -> 0 | GV21: =IFERROR(GV10/HJ10,0) -> 0 | GW21: =IFERROR(GW10/HJ10,0) -> 0 | GX21: =IFERROR(GX10/HJ10,0) -> 0 | GY21: =IFERROR(GY10/HJ10,0) -> 0 | GZ21: =IFERROR(GZ10/HJ10,0) -> 0.24832215 | HA21: =IFERROR(HA10/HJ10,0) -> 0.70469799 | HB21: =IFERROR(HB10/HJ10,0) -> 0 | HC21: =IFERROR(HC10/HJ10,0) -> 0 | HD21: =IFERROR(HD10/HJ10,0) -> 0 | HE21: =IFERROR(HE10/HJ10,0) -> 0 | HF21: =IFERROR(HF10/HJ10,0) -> 0 | HG21: =IFERROR(HG10/HJ10,0) -> 0 | HH21: =IFERROR(HH10/HJ10,0) -> 0.046979866 | HI21: =IFERROR(HI10/HJ10,0) -> 0 | HJ21: =IFERROR(HJ10/HJ10,0) -> 1 | HL21: =IFERROR(HL10/IB10,0) -> 1 | HM21: =IFERROR(HM10/IB10,0) -> 0 | HN21: =IFERROR(HN10/IB10,0) -> 0 | HO21: =IFERROR(HO10/IB10,0) -> 0 | HP21: =IFERROR(HP10/IB10,0) -> 0 | HQ21: =IFERROR(HQ10/IB10,0) -> 0 | HR21: =IFERROR(HR10/IB10,0) -> 0.69428571 | HS21: =IFERROR(HS10/IB10,0) -> 0 | HT21: =IFERROR(HT10/IB10,0) -> 0 | HU21: =IFERROR(HU10/IB10,0) -> 0 | HV21: =IFERROR(HV10/IB10,0) -> 0 | HW21: =IFERROR(HW10/IB10,0) -> 0 | HX21: =IFERROR(HX10/IB10,0) -> 0 | HY21: =IFERROR(HY10/IB10,0) -> 0 | HZ21: =IFERROR(HZ10/IB10,0) -> 0.30571429 | IA21: =IFERROR(IA10/IB10,0) -> 0 | IB21: =IFERROR(IB10/IB10,0) -> 1
B22: WSS05 | D22: =IFERROR(D11/T11,0) -> 1.0107693 | E22: =IFERROR(E11/T11,0) -> 0 | F22: =IFERROR(F11/T11,0) -> 0 | G22: =IFERROR(G11/T11,0) -> 0 | H22: =IFERROR(H11/T11,0) -> 0 | I22: =IFERROR(I11/T11,0) -> 0 | J22: =IFERROR(J11/T11,0) -> 0.0016068069 | K22: =IFERROR(K11/T11,0) -> 0.89217981 | L22: =IFERROR(L11/T11,0) -> 0.025225211 | M22: =IFERROR(M11/T11,0) -> 0 | N22: =IFERROR(N11/T11,0) -> 0 | O22: =IFERROR(O11/T11,0) -> 0 | P22: =IFERROR(P11/T11,0) -> 0 | Q22: =IFERROR(Q11/T11,0) -> 0.007972823 | R22: =IFERROR(R11/T11,0) -> 0.073015348 | S22: =IFERROR(S11/T11,0) -> 0 | T22: =IFERROR(T11/T11,0) -> 1 | V22: =IFERROR(V11/AL11,0) -> 1.0679179 | W22: =IFERROR(W11/AL11,0) -> 0 | X22: =IFERROR(X11/AL11,0) -> 0 | Y22: =IFERROR(Y11/AL11,0) -> 0 | Z22: =IFERROR(Z11/AL11,0) -> 0 | AA22: =IFERROR(AA11/AL11,0) -> 0 | AB22: =IFERROR(AB11/AL11,0) -> 0.027166109 | AC22: =IFERROR(AC11/AL11,0) -> 0.73633092 | AD22: =IFERROR(AD11/AL11,0) -> 0.006330997 | AE22: =IFERROR(AE11/AL11,0) -> 0 | AF22: =IFERROR(AF11/AL11,0) -> 0 | AG22: =IFERROR(AG11/AL11,0) -> 0 | AH22: =IFERROR(AH11/AL11,0) -> 0 | AI22: =IFERROR(AI11/AL11,0) -> 0.14126377 | AJ22: =IFERROR(AJ11/AL11,0) -> 0.088908207 | AK22: =IFERROR(AK11/AL11,0) -> 0 | AL22: =IFERROR(AL11/AL11,0) -> 1 | AN22: =IFERROR(AN11/BD11,0) -> 1.0061956 | AO22: =IFERROR(AO11/BD11,0) -> 0 | AP22: =IFERROR(AP11/BD11,0) -> 0 | AQ22: =IFERROR(AQ11/BD11,0) -> 0 | AR22: =IFERROR(AR11/BD11,0) -> 0 | AS22: =IFERROR(AS11/BD11,0) -> 0 | AT22: =IFERROR(AT11/BD11,0) -> 0 | AU22: =IFERROR(AU11/BD11,0) -> 0.87888401 | AV22: =IFERROR(AV11/BD11,0) -> 0.0082346483 | AW22: =IFERROR(AW11/BD11,0) -> 0 | AX22: =IFERROR(AX11/BD11,0) -> 0 | AY22: =IFERROR(AY11/BD11,0) -> 0 | AZ22: =IFERROR(AZ11/BD11,0) -> 0 | BA22: =IFERROR(BA11/BD11,0) -> 0 | BB22: =IFERROR(BB11/BD11,0) -> 0.11288134 | BC22: =IFERROR(BC11/BD11,0) -> 0 | BD22: =IFERROR(BD11/BD11,0) -> 1 | BF22: =IFERROR(BF11/BV11,0) -> 1.0061817 | BG22: =IFERROR(BG11/BV11,0) -> 0 | BH22: =IFERROR(BH11/BV11,0) -> 0 | BI22: =IFERROR(BI11/BV11,0) -> 0 | BJ22: =IFERROR(BJ11/BV11,0) -> 0 | BK22: =IFERROR(BK11/BV11,0) -> 0 | BL22: =IFERROR(BL11/BV11,0) -> 0.0022251703 | BM22: =IFERROR(BM11/BV11,0) -> 0.88156796 | BN22: =IFERROR(BN11/BV11,0) -> 0 | BO22: =IFERROR(BO11/BV11,0) -> 0 | BP22: =IFERROR(BP11/BV11,0) -> 0 | BQ22: =IFERROR(BQ11/BV11,0) -> 0 | BR22: =IFERROR(BR11/BV11,0) -> 0 | BS22: =IFERROR(BS11/BV11,0) -> 0.0074278303 | BT22: =IFERROR(BT11/BV11,0) -> 0.10877904 | BU22: =IFERROR(BU11/BV11,0) -> 0 | BV22: =IFERROR(BV11/BV11,0) -> 1 | BX22: =IFERROR(BX11/CN11,0) -> 1.0124891 | BY22: =IFERROR(BY11/CN11,0) -> 0 | BZ22: =IFERROR(BZ11/CN11,0) -> 0 | CA22: =IFERROR(CA11/CN11,0) -> 0 | CB22: =IFERROR(CB11/CN11,0) -> 0 | CC22: =IFERROR(CC11/CN11,0) -> 0 | CD22: =IFERROR(CD11/CN11,0) -> 0 | CE22: =IFERROR(CE11/CN11,0) -> 0.91566615 | CF22: =IFERROR(CF11/CN11,0) -> 0.016357858 | CG22: =IFERROR(CG11/CN11,0) -> 0 | CH22: =IFERROR(CH11/CN11,0) -> 0 | CI22: =IFERROR(CI11/CN11,0) -> 0 | CJ22: =IFERROR(CJ11/CN11,0) -> 0 | CK22: =IFERROR(CK11/CN11,0) -> 0.0023628017 | CL22: =IFERROR(CL11/CN11,0) -> 0.065613186 | CM22: =IFERROR(CM11/CN11,0) -> 0 | CN22: =IFERROR(CN11/CN11,0) -> 1 | CP22: =IFERROR(CP11/DF11,0) -> 1.0040003 | CQ22: =IFERROR(CQ11/DF11,0) -> 0 | CR22: =IFERROR(CR11/DF11,0) -> 0 | CS22: =IFERROR(CS11/DF11,0) -> 0 | CT22: =IFERROR(CT11/DF11,0) -> 0 | CU22: =IFERROR(CU11/DF11,0) -> 0 | CV22: =IFERROR(CV11/DF11,0) -> 0 | CW22: =IFERROR(CW11/DF11,0) -> 0.96391236 | CX22: =IFERROR(CX11/DF11,0) -> 0.0020252286 | CY22: =IFERROR(CY11/DF11,0) -> 0 | CZ22: =IFERROR(CZ11/DF11,0) -> 0 | DA22: =IFERROR(DA11/DF11,0) -> 0 | DB22: =IFERROR(DB11/DF11,0) -> 0 | DC22: =IFERROR(DC11/DF11,0) -> 0 | DD22: =IFERROR(DD11/DF11,0) -> 0.034062416 | DE22: =IFERROR(DE11/DF11,0) -> 0 | DF22: =IFERROR(DF11/DF11,0) -> 1 | DH22: =IFERROR(DH11/DX11,0) -> 1.0024077 | DI22: =IFERROR(DI11/DX11,0) -> 0 | DJ22: =IFERROR(DJ11/DX11,0) -> 0 | DK22: =IFERROR(DK11/DX11,0) -> 0 | DL22: =IFERROR(DL11/DX11,0) -> 0 | DM22: =IFERROR(DM11/DX11,0) -> 0 | DN22: =IFERROR(DN11/DX11,0) -> 0 | DO22: =IFERROR(DO11/DX11,0) -> 0.98218564 | DP22: =IFERROR(DP11/DX11,0) -> 0 | DQ22: =IFERROR(DQ11/DX11,0) -> 0 | DR22: =IFERROR(DR11/DX11,0) -> 0 | DS22: =IFERROR(DS11/DX11,0) -> 0 | DT22: =IFERROR(DT11/DX11,0) -> 0 | DU22: =IFERROR(DU11/DX11,0) -> 0 | DV22: =IFERROR(DV11/DX11,0) -> 0.017814356 | DW22: =IFERROR(DW11/DX11,0) -> 0 | DX22: =IFERROR(DX11/DX11,0) -> 1 | DZ22: =IFERROR(DZ11/EP11,0) -> 1.0062205 | EA22: =IFERROR(EA11/EP11,0) -> 0 | EB22: =IFERROR(EB11/EP11,0) -> 0 | EC22: =IFERROR(EC11/EP11,0) -> 0 | ED22: =IFERROR(ED11/EP11,0) -> 0 | EE22: =IFERROR(EE11/EP11,0) -> 0 | EF22: =IFERROR(EF11/EP11,0) -> 0 | EG22: =IFERROR(EG11/EP11,0) -> 0.88721497 | EH22: =IFERROR(EH11/EP11,0) -> 0.030757673 | EI22: =IFERROR(EI11/EP11,0) -> 0 | EJ22: =IFERROR(EJ11/EP11,0) -> 0 | EK22: =IFERROR(EK11/EP11,0) -> 0 | EL22: =IFERROR(EL11/EP11,0) -> 0 | EM22: =IFERROR(EM11/EP11,0) -> 0 | EN22: =IFERROR(EN11/EP11,0) -> 0.082027353 | EO22: =IFERROR(EO11/EP11,0) -> 0 | EP22: =IFERROR(EP11/EP11,0) -> 1 | ER22: =IFERROR(ER11/FH11,0) -> 1.0153683 | ES22: =IFERROR(ES11/FH11,0) -> 0 | ET22: =IFERROR(ET11/FH11,0) -> 0 | EU22: =IFERROR(EU11/FH11,0) -> 0 | EV22: =IFERROR(EV11/FH11,0) -> 0 | EW22: =IFERROR(EW11/FH11,0) -> 0 | EX22: =IFERROR(EX11/FH11,0) -> 0 | EY22: =IFERROR(EY11/FH11,0) -> 0.90268431 | EZ22: =IFERROR(EZ11/FH11,0) -> 0.0065304193 | FA22: =IFERROR(FA11/FH11,0) -> 0 | FB22: =IFERROR(FB11/FH11,0) -> 0 | FC22: =IFERROR(FC11/FH11,0) -> 0 | FD22: =IFERROR(FD11/FH11,0) -> 0 | FE22: =IFERROR(FE11/FH11,0) -> 0 | FF22: =IFERROR(FF11/FH11,0) -> 0.090785267 | FG22: =IFERROR(FG11/FH11,0) -> 0 | FH22: =IFERROR(FH11/FH11,0) -> 1 | FJ22: =IFERROR(FJ11/FZ11,0) -> 1.0131177 | FK22: =IFERROR(FK11/FZ11,0) -> 0 | FL22: =IFERROR(FL11/FZ11,0) -> 0 | FM22: =IFERROR(FM11/FZ11,0) -> 0 | FN22: =IFERROR(FN11/FZ11,0) -> 0 | FO22: =IFERROR(FO11/FZ11,0) -> 0 | FP22: =IFERROR(FP11/FZ11,0) -> 0 | FQ22: =IFERROR(FQ11/FZ11,0) -> 0.89255289 | FR22: =IFERROR(FR11/FZ11,0) -> 0.033342667 | FS22: =IFERROR(FS11/FZ11,0) -> 0 | FT22: =IFERROR(FT11/FZ11,0) -> 0 | FU22: =IFERROR(FU11/FZ11,0) -> 0 | FV22: =IFERROR(FV11/FZ11,0) -> 0 | FW22: =IFERROR(FW11/FZ11,0) -> 0 | FX22: =IFERROR(FX11/FZ11,0) -> 0.074104439 | FY22: =IFERROR(FY11/FZ11,0) -> 0 | FZ22: =IFERROR(FZ11/FZ11,0) -> 1 | GB22: =IFERROR(GB11/GR11,0) -> 1.0126244 | GC22: =IFERROR(GC11/GR11,0) -> 0 | GD22: =IFERROR(GD11/GR11,0) -> 0 | GE22: =IFERROR(GE11/GR11,0) -> 0 | GF22: =IFERROR(GF11/GR11,0) -> 0 | GG22: =IFERROR(GG11/GR11,0) -> 0 | GH22: =IFERROR(GH11/GR11,0) -> 0 | GI22: =IFERROR(GI11/GR11,0) -> 0.82225675 | GJ22: =IFERROR(GJ11/GR11,0) -> 0.12673341 | GK22: =IFERROR(GK11/GR11,0) -> 0 | GL22: =IFERROR(GL11/GR11,0) -> 0 | GM22: =IFERROR(GM11/GR11,0) -> 0 | GN22: =IFERROR(GN11/GR11,0) -> 0 | GO22: =IFERROR(GO11/GR11,0) -> 0 | GP22: =IFERROR(GP11/GR11,0) -> 0.051009839 | GQ22: =IFERROR(GQ11/GR11,0) -> 0 | GR22: =IFERROR(GR11/GR11,0) -> 1 | GT22: =IFERROR(GT11/HJ11,0) -> 1.0025406 | GU22: =IFERROR(GU11/HJ11,0) -> 0 | GV22: =IFERROR(GV11/HJ11,0) -> 0 | GW22: =IFERROR(GW11/HJ11,0) -> 0 | GX22: =IFERROR(GX11/HJ11,0) -> 0 | GY22: =IFERROR(GY11/HJ11,0) -> 0 | GZ22: =IFERROR(GZ11/HJ11,0) -> 0 | HA22: =IFERROR(HA11/HJ11,0) -> 0.87256234 | HB22: =IFERROR(HB11/HJ11,0) -> 0.055251869 | HC22: =IFERROR(HC11/HJ11,0) -> 0 | HD22: =IFERROR(HD11/HJ11,0) -> 0 | HE22: =IFERROR(HE11/HJ11,0) -> 0 | HF22: =IFERROR(HF11/HJ11,0) -> 0 | HG22: =IFERROR(HG11/HJ11,0) -> 0 | HH22: =IFERROR(HH11/HJ11,0) -> 0.072185792 | HI22: =IFERROR(HI11/HJ11,0) -> 0 | HJ22: =IFERROR(HJ11/HJ11,0) -> 1 | HL22: =IFERROR(HL11/IB11,0) -> 1.0082621 | HM22: =IFERROR(HM11/IB11,0) -> 0 | HN22: =IFERROR(HN11/IB11,0) -> 0 | HO22: =IFERROR(HO11/IB11,0) -> 0 | HP22: =IFERROR(HP11/IB11,0) -> 0 | HQ22: =IFERROR(HQ11/IB11,0) -> 0 | HR22: =IFERROR(HR11/IB11,0) -> 0 | HS22: =IFERROR(HS11/IB11,0) -> 0.84904911 | HT22: =IFERROR(HT11/IB11,0) -> 0.034115297 | HU22: =IFERROR(HU11/IB11,0) -> 0 | HV22: =IFERROR(HV11/IB11,0) -> 0 | HW22: =IFERROR(HW11/IB11,0) -> 0 | HX22: =IFERROR(HX11/IB11,0) -> 0 | HY22: =IFERROR(HY11/IB11,0) -> 0 | HZ22: =IFERROR(HZ11/IB11,0) -> 0.11683559 | IA22: =IFERROR(IA11/IB11,0) -> 0 | IB22: =IFERROR(IB11/IB11,0) -> 1
B23: Khác | D23: =IFERROR(D12/T12,0) -> 1.0107817 | E23: =IFERROR(E12/T12,0) -> 0 | F23: =IFERROR(F12/T12,0) -> 0 | G23: =IFERROR(G12/T12,0) -> 0 | H23: =IFERROR(H12/T12,0) -> 0 | I23: =IFERROR(I12/T12,0) -> 0 | J23: =IFERROR(J12/T12,0) -> 0 | K23: =IFERROR(K12/T12,0) -> 0 | L23: =IFERROR(L12/T12,0) -> 0 | M23: =IFERROR(M12/T12,0) -> 0 | N23: =IFERROR(N12/T12,0) -> 0 | O23: =IFERROR(O12/T12,0) -> 0 | P23: =IFERROR(P12/T12,0) -> 0 | Q23: =IFERROR(Q12/T12,0) -> 0 | R23: =IFERROR(R12/T12,0) -> 0.025438005 | S23: =IFERROR(S12/T12,0) -> 0.97456199 | T23: =IFERROR(T12/T12,0) -> 1 | V23: =IFERROR(V12/AL12,0) -> 1 | W23: =IFERROR(W12/AL12,0) -> 0 | X23: =IFERROR(X12/AL12,0) -> 0 | Y23: =IFERROR(Y12/AL12,0) -> 0 | Z23: =IFERROR(Z12/AL12,0) -> 0 | AA23: =IFERROR(AA12/AL12,0) -> 0 | AB23: =IFERROR(AB12/AL12,0) -> 0 | AC23: =IFERROR(AC12/AL12,0) -> 0 | AD23: =IFERROR(AD12/AL12,0) -> 0 | AE23: =IFERROR(AE12/AL12,0) -> 0 | AF23: =IFERROR(AF12/AL12,0) -> 0 | AG23: =IFERROR(AG12/AL12,0) -> 0 | AH23: =IFERROR(AH12/AL12,0) -> 0 | AI23: =IFERROR(AI12/AL12,0) -> 0 | AJ23: =IFERROR(AJ12/AL12,0) -> 0 | AK23: =IFERROR(AK12/AL12,0) -> 1 | AL23: =IFERROR(AL12/AL12,0) -> 1 | AN23: =IFERROR(AN12/BD12,0) -> 0 | AO23: =IFERROR(AO12/BD12,0) -> 0 | AP23: =IFERROR(AP12/BD12,0) -> 0 | AQ23: =IFERROR(AQ12/BD12,0) -> 0 | AR23: =IFERROR(AR12/BD12,0) -> 0 | AS23: =IFERROR(AS12/BD12,0) -> 0 | AT23: =IFERROR(AT12/BD12,0) -> 0 | AU23: =IFERROR(AU12/BD12,0) -> 0 | AV23: =IFERROR(AV12/BD12,0) -> 0 | AW23: =IFERROR(AW12/BD12,0) -> 0 | AX23: =IFERROR(AX12/BD12,0) -> 0 | AY23: =IFERROR(AY12/BD12,0) -> 0 | AZ23: =IFERROR(AZ12/BD12,0) -> 0 | BA23: =IFERROR(BA12/BD12,0) -> 0 | BB23: =IFERROR(BB12/BD12,0) -> 0 | BC23: =IFERROR(BC12/BD12,0) -> 0 | BD23: =IFERROR(BD12/BD12,0) -> 0 | BF23: =IFERROR(BF12/BV12,0) -> 0 | BG23: =IFERROR(BG12/BV12,0) -> 0 | BH23: =IFERROR(BH12/BV12,0) -> 0 | BI23: =IFERROR(BI12/BV12,0) -> 0 | BJ23: =IFERROR(BJ12/BV12,0) -> 0 | BK23: =IFERROR(BK12/BV12,0) -> 0 | BL23: =IFERROR(BL12/BV12,0) -> 0 | BM23: =IFERROR(BM12/BV12,0) -> 0 | BN23: =IFERROR(BN12/BV12,0) -> 0 | BO23: =IFERROR(BO12/BV12,0) -> 0 | BP23: =IFERROR(BP12/BV12,0) -> 0 | BQ23: =IFERROR(BQ12/BV12,0) -> 0 | BR23: =IFERROR(BR12/BV12,0) -> 0 | BS23: =IFERROR(BS12/BV12,0) -> 0 | BT23: =IFERROR(BT12/BV12,0) -> 0 | BU23: =IFERROR(BU12/BV12,0) -> 0 | BV23: =IFERROR(BV12/BV12,0) -> 0 | BX23: =IFERROR(BX12/CN12,0) -> 0 | BY23: =IFERROR(BY12/CN12,0) -> 0 | BZ23: =IFERROR(BZ12/CN12,0) -> 0 | CA23: =IFERROR(CA12/CN12,0) -> 0 | CB23: =IFERROR(CB12/CN12,0) -> 0 | CC23: =IFERROR(CC12/CN12,0) -> 0 | CD23: =IFERROR(CD12/CN12,0) -> 0 | CE23: =IFERROR(CE12/CN12,0) -> 0 | CF23: =IFERROR(CF12/CN12,0) -> 0 | CG23: =IFERROR(CG12/CN12,0) -> 0 | CH23: =IFERROR(CH12/CN12,0) -> 0 | CI23: =IFERROR(CI12/CN12,0) -> 0 | CJ23: =IFERROR(CJ12/CN12,0) -> 0 | CK23: =IFERROR(CK12/CN12,0) -> 0 | CL23: =IFERROR(CL12/CN12,0) -> 0 | CM23: =IFERROR(CM12/CN12,0) -> 0 | CN23: =IFERROR(CN12/CN12,0) -> 0 | CP23: =IFERROR(CP12/DF12,0) -> 0 | CQ23: =IFERROR(CQ12/DF12,0) -> 0 | CR23: =IFERROR(CR12/DF12,0) -> 0 | CS23: =IFERROR(CS12/DF12,0) -> 0 | CT23: =IFERROR(CT12/DF12,0) -> 0 | CU23: =IFERROR(CU12/DF12,0) -> 0 | CV23: =IFERROR(CV12/DF12,0) -> 0 | CW23: =IFERROR(CW12/DF12,0) -> 0 | CX23: =IFERROR(CX12/DF12,0) -> 0 | CY23: =IFERROR(CY12/DF12,0) -> 0 | CZ23: =IFERROR(CZ12/DF12,0) -> 0 | DA23: =IFERROR(DA12/DF12,0) -> 0 | DB23: =IFERROR(DB12/DF12,0) -> 0 | DC23: =IFERROR(DC12/DF12,0) -> 0 | DD23: =IFERROR(DD12/DF12,0) -> 0 | DE23: =IFERROR(DE12/DF12,0) -> 0 | DF23: =IFERROR(DF12/DF12,0) -> 0 | DH23: =IFERROR(DH12/DX12,0) -> 0 | DI23: =IFERROR(DI12/DX12,0) -> 0 | DJ23: =IFERROR(DJ12/DX12,0) -> 0 | DK23: =IFERROR(DK12/DX12,0) -> 0 | DL23: =IFERROR(DL12/DX12,0) -> 0 | DM23: =IFERROR(DM12/DX12,0) -> 0 | DN23: =IFERROR(DN12/DX12,0) -> 0 | DO23: =IFERROR(DO12/DX12,0) -> 0 | DP23: =IFERROR(DP12/DX12,0) -> 0 | DQ23: =IFERROR(DQ12/DX12,0) -> 0 | DR23: =IFERROR(DR12/DX12,0) -> 0 | DS23: =IFERROR(DS12/DX12,0) -> 0 | DT23: =IFERROR(DT12/DX12,0) -> 0 | DU23: =IFERROR(DU12/DX12,0) -> 0 | DV23: =IFERROR(DV12/DX12,0) -> 0 | DW23: =IFERROR(DW12/DX12,0) -> 0 | DX23: =IFERROR(DX12/DX12,0) -> 0 | DZ23: =IFERROR(DZ12/EP12,0) -> 0 | EA23: =IFERROR(EA12/EP12,0) -> 0 | EB23: =IFERROR(EB12/EP12,0) -> 0 | EC23: =IFERROR(EC12/EP12,0) -> 0 | ED23: =IFERROR(ED12/EP12,0) -> 0 | EE23: =IFERROR(EE12/EP12,0) -> 0 | EF23: =IFERROR(EF12/EP12,0) -> 0 | EG23: =IFERROR(EG12/EP12,0) -> 0 | EH23: =IFERROR(EH12/EP12,0) -> 0 | EI23: =IFERROR(EI12/EP12,0) -> 0 | EJ23: =IFERROR(EJ12/EP12,0) -> 0 | EK23: =IFERROR(EK12/EP12,0) -> 0 | EL23: =IFERROR(EL12/EP12,0) -> 0 | EM23: =IFERROR(EM12/EP12,0) -> 0 | EN23: =IFERROR(EN12/EP12,0) -> 0 | EO23: =IFERROR(EO12/EP12,0) -> 0 | EP23: =IFERROR(EP12/EP12,0) -> 0 | ER23: =IFERROR(ER12/FH12,0) -> 0 | ES23: =IFERROR(ES12/FH12,0) -> 0 | ET23: =IFERROR(ET12/FH12,0) -> 0 | EU23: =IFERROR(EU12/FH12,0) -> 0 | EV23: =IFERROR(EV12/FH12,0) -> 0 | EW23: =IFERROR(EW12/FH12,0) -> 0 | EX23: =IFERROR(EX12/FH12,0) -> 0 | EY23: =IFERROR(EY12/FH12,0) -> 0 | EZ23: =IFERROR(EZ12/FH12,0) -> 0 | FA23: =IFERROR(FA12/FH12,0) -> 0 | FB23: =IFERROR(FB12/FH12,0) -> 0 | FC23: =IFERROR(FC12/FH12,0) -> 0 | FD23: =IFERROR(FD12/FH12,0) -> 0 | FE23: =IFERROR(FE12/FH12,0) -> 0 | FF23: =IFERROR(FF12/FH12,0) -> 0 | FG23: =IFERROR(FG12/FH12,0) -> 0 | FH23: =IFERROR(FH12/FH12,0) -> 0 | FJ23: =IFERROR(FJ12/FZ12,0) -> 1.0138249 | FK23: =IFERROR(FK12/FZ12,0) -> 0 | FL23: =IFERROR(FL12/FZ12,0) -> 0 | FM23: =IFERROR(FM12/FZ12,0) -> 0 | FN23: =IFERROR(FN12/FZ12,0) -> 0 | FO23: =IFERROR(FO12/FZ12,0) -> 0 | FP23: =IFERROR(FP12/FZ12,0) -> 0 | FQ23: =IFERROR(FQ12/FZ12,0) -> 0 | FR23: =IFERROR(FR12/FZ12,0) -> 0 | FS23: =IFERROR(FS12/FZ12,0) -> 0 | FT23: =IFERROR(FT12/FZ12,0) -> 0 | FU23: =IFERROR(FU12/FZ12,0) -> 0 | FV23: =IFERROR(FV12/FZ12,0) -> 0 | FW23: =IFERROR(FW12/FZ12,0) -> 0 | FX23: =IFERROR(FX12/FZ12,0) -> 0.032258065 | FY23: =IFERROR(FY12/FZ12,0) -> 0.96774194 | FZ23: =IFERROR(FZ12/FZ12,0) -> 1 | GB23: =IFERROR(GB12/GR12,0) -> 1.010101 | GC23: =IFERROR(GC12/GR12,0) -> 0 | GD23: =IFERROR(GD12/GR12,0) -> 0 | GE23: =IFERROR(GE12/GR12,0) -> 0 | GF23: =IFERROR(GF12/GR12,0) -> 0 | GG23: =IFERROR(GG12/GR12,0) -> 0 | GH23: =IFERROR(GH12/GR12,0) -> 0 | GI23: =IFERROR(GI12/GR12,0) -> 0 | GJ23: =IFERROR(GJ12/GR12,0) -> 0 | GK23: =IFERROR(GK12/GR12,0) -> 0 | GL23: =IFERROR(GL12/GR12,0) -> 0 | GM23: =IFERROR(GM12/GR12,0) -> 0 | GN23: =IFERROR(GN12/GR12,0) -> 0 | GO23: =IFERROR(GO12/GR12,0) -> 0 | GP23: =IFERROR(GP12/GR12,0) -> 0.027777778 | GQ23: =IFERROR(GQ12/GR12,0) -> 0.97222222 | GR23: =IFERROR(GR12/GR12,0) -> 1 | GT23: =IFERROR(GT12/HJ12,0) -> 0 | GU23: =IFERROR(GU12/HJ12,0) -> 0 | GV23: =IFERROR(GV12/HJ12,0) -> 0 | GW23: =IFERROR(GW12/HJ12,0) -> 0 | GX23: =IFERROR(GX12/HJ12,0) -> 0 | GY23: =IFERROR(GY12/HJ12,0) -> 0 | GZ23: =IFERROR(GZ12/HJ12,0) -> 0 | HA23: =IFERROR(HA12/HJ12,0) -> 0 | HB23: =IFERROR(HB12/HJ12,0) -> 0 | HC23: =IFERROR(HC12/HJ12,0) -> 0 | HD23: =IFERROR(HD12/HJ12,0) -> 0 | HE23: =IFERROR(HE12/HJ12,0) -> 0 | HF23: =IFERROR(HF12/HJ12,0) -> 0 | HG23: =IFERROR(HG12/HJ12,0) -> 0 | HH23: =IFERROR(HH12/HJ12,0) -> 0 | HI23: =IFERROR(HI12/HJ12,0) -> 0 | HJ23: =IFERROR(HJ12/HJ12,0) -> 0 | HL23: =IFERROR(HL12/IB12,0) -> 0 | HM23: =IFERROR(HM12/IB12,0) -> 0 | HN23: =IFERROR(HN12/IB12,0) -> 0 | HO23: =IFERROR(HO12/IB12,0) -> 0 | HP23: =IFERROR(HP12/IB12,0) -> 0 | HQ23: =IFERROR(HQ12/IB12,0) -> 0 | HR23: =IFERROR(HR12/IB12,0) -> 0 | HS23: =IFERROR(HS12/IB12,0) -> 0 | HT23: =IFERROR(HT12/IB12,0) -> 0 | HU23: =IFERROR(HU12/IB12,0) -> 0 | HV23: =IFERROR(HV12/IB12,0) -> 0 | HW23: =IFERROR(HW12/IB12,0) -> 0 | HX23: =IFERROR(HX12/IB12,0) -> 0 | HY23: =IFERROR(HY12/IB12,0) -> 0 | HZ23: =IFERROR(HZ12/IB12,0) -> 0 | IA23: =IFERROR(IA12/IB12,0) -> 0 | IB23: =IFERROR(IB12/IB12,0) -> 0
B24: Tổng | D24: =IFERROR(D13/T13,0) -> 1.0086669 | E24: =IFERROR(E13/T13,0) -> 0.14288972 | F24: =IFERROR(F13/T13,0) -> 0.18145463 | G24: =IFERROR(G13/T13,0) -> 0.51098057 | H24: =IFERROR(H13/T13,0) -> 0.0095521324 | I24: =IFERROR(I13/T13,0) -> 0.06097416 | J24: =IFERROR(J13/T13,0) -> 0.00031429837 | K24: =IFERROR(K13/T13,0) -> 0.036890246 | L24: =IFERROR(L13/T13,0) -> 0.001032114 | M24: =IFERROR(M13/T13,0) -> 0.0011364331 | N24: =IFERROR(N13/T13,0) -> 0.0018366596 | O24: =IFERROR(O13/T13,0) -> 0.0062561216 | P24: =IFERROR(P13/T13,0) -> 0.0034606658 | Q24: =IFERROR(Q13/T13,0) -> 0.00034084645 | R24: =IFERROR(R13/T13,0) -> 0.042543025 | S24: =IFERROR(S13/T13,0) -> 0.00033837322 | T24: =IFERROR(T13/T13,0) -> 1 | V24: =IFERROR(V13/AL13,0) -> 1.0092481 | W24: =IFERROR(W13/AL13,0) -> 0.095731605 | X24: =IFERROR(X13/AL13,0) -> 0.10688678 | Y24: =IFERROR(Y13/AL13,0) -> 0.6730007 | Z24: =IFERROR(Z13/AL13,0) -> 0.017958333 | AA24: =IFERROR(AA13/AL13,0) -> 0.049817023 | AB24: =IFERROR(AB13/AL13,0) -> 0.00069943226 | AC24: =IFERROR(AC13/AL13,0) -> 0.01672029 | AD24: =IFERROR(AD13/AL13,0) -> 0.00012936589 | AE24: =IFERROR(AE13/AL13,0) -> 0.00011630771 | AF24: =IFERROR(AF13/AL13,0) -> 0.00093046166 | AG24: =IFERROR(AG13/AL13,0) -> 0.001977231 | AH24: =IFERROR(AH13/AL13,0) -> 0.00232322 | AI24: =IFERROR(AI13/AL13,0) -> 0.0028865458 | AJ24: =IFERROR(AJ13/AL13,0) -> 0.0301883 | AK24: =IFERROR(AK13/AL13,0) -> 0.00063440568 | AL24: =IFERROR(AL13/AL13,0) -> 1 | AN24: =IFERROR(AN13/BD13,0) -> 1.0064181 | AO24: =IFERROR(AO13/BD13,0) -> 0.15641379 | AP24: =IFERROR(AP13/BD13,0) -> 0.15645874 | AQ24: =IFERROR(AQ13/BD13,0) -> 0.55103073 | AR24: =IFERROR(AR13/BD13,0) -> 0.023032325 | AS24: =IFERROR(AS13/BD13,0) -> 0.015291092 | AT24: =IFERROR(AT13/BD13,0) -> 0.0016911847 | AU24: =IFERROR(AU13/BD13,0) -> 0.033937757 | AV24: =IFERROR(AV13/BD13,0) -> 0.00030748813 | AW24: =IFERROR(AW13/BD13,0) -> 0.00064426084 | AX24: =IFERROR(AX13/BD13,0) -> 0.0043487606 | AY24: =IFERROR(AY13/BD13,0) -> 0.0075700648 | AZ24: =IFERROR(AZ13/BD13,0) -> 0.003060239 | BA24: =IFERROR(BA13/BD13,0) -> 0 | BB24: =IFERROR(BB13/BD13,0) -> 0.046213562 | BC24: =IFERROR(BC13/BD13,0) -> 0 | BD24: =IFERROR(BD13/BD13,0) -> 1 | BF24: =IFERROR(BF13/BV13,0) -> 1.0073933 | BG24: =IFERROR(BG13/BV13,0) -> 0.054498522 | BH24: =IFERROR(BH13/BV13,0) -> 0.2006204 | BI24: =IFERROR(BI13/BV13,0) -> 0.58676762 | BJ24: =IFERROR(BJ13/BV13,0) -> 0.0098755711 | BK24: =IFERROR(BK13/BV13,0) -> 0.061293796 | BL24: =IFERROR(BL13/BV13,0) -> 0.00045495792 | BM24: =IFERROR(BM13/BV13,0) -> 0.034812386 | BN24: =IFERROR(BN13/BV13,0) -> 0 | BO24: =IFERROR(BO13/BV13,0) -> 0 | BP24: =IFERROR(BP13/BV13,0) -> 0.0019202499 | BQ24: =IFERROR(BQ13/BV13,0) -> 0.0013716071 | BR24: =IFERROR(BR13/BV13,0) -> 0.0025603333 | BS24: =IFERROR(BS13/BV13,0) -> 0.0002913626 | BT24: =IFERROR(BT13/BV13,0) -> 0.045242252 | BU24: =IFERROR(BU13/BV13,0) -> 0.00029094696 | BV24: =IFERROR(BV13/BV13,0) -> 1 | BX24: =IFERROR(BX13/CN13,0) -> 1.0093237 | BY24: =IFERROR(BY13/CN13,0) -> 0.092283975 | BZ24: =IFERROR(BZ13/CN13,0) -> 0.18036731 | CA24: =IFERROR(CA13/CN13,0) -> 0.53883932 | CB24: =IFERROR(CB13/CN13,0) -> 0.0044387147 | CC24: =IFERROR(CC13/CN13,0) -> 0.11577679 | CD24: =IFERROR(CD13/CN13,0) -> 0 | CE24: =IFERROR(CE13/CN13,0) -> 0.016546928 | CF24: =IFERROR(CF13/CN13,0) -> 0.00029560151 | CG24: =IFERROR(CG13/CN13,0) -> 0.00020645185 | CH24: =IFERROR(CH13/CN13,0) -> 0.0033032295 | CI24: =IFERROR(CI13/CN13,0) -> 0.0023741962 | CJ24: =IFERROR(CJ13/CN13,0) -> 0.0031014698 | CK24: =IFERROR(CK13/CN13,0) -> 0.00017426413 | CL24: =IFERROR(CL13/CN13,0) -> 0.042291754 | CM24: =IFERROR(CM13/CN13,0) -> 0 | CN24: =IFERROR(CN13/CN13,0) -> 1 | CP24: =IFERROR(CP13/DF13,0) -> 1.0081256 | CQ24: =IFERROR(CQ13/DF13,0) -> 0.06038006 | CR24: =IFERROR(CR13/DF13,0) -> 0.23260759 | CS24: =IFERROR(CS13/DF13,0) -> 0.53814827 | CT24: =IFERROR(CT13/DF13,0) -> 0.02774219 | CU24: =IFERROR(CU13/DF13,0) -> 0.041299459 | CV24: =IFERROR(CV13/DF13,0) -> 0 | CW24: =IFERROR(CW13/DF13,0) -> 0.057030684 | CX24: =IFERROR(CX13/DF13,0) -> 0.00011982435 | CY24: =IFERROR(CY13/DF13,0) -> 0.00012553027 | CZ24: =IFERROR(CZ13/DF13,0) -> 0.0012553027 | DA24: =IFERROR(DA13/DF13,0) -> 0.0040169686 | DB24: =IFERROR(DB13/DF13,0) -> 0.00087871189 | DC24: =IFERROR(DC13/DF13,0) -> 0 | DD24: =IFERROR(DD13/DF13,0) -> 0.036395413 | DE24: =IFERROR(DE13/DF13,0) -> 0 | DF24: =IFERROR(DF13/DF13,0) -> 1 | DH24: =IFERROR(DH13/DX13,0) -> 1.0097642 | DI24: =IFERROR(DI13/DX13,0) -> 0.082788256 | DJ24: =IFERROR(DJ13/DX13,0) -> 0.28535527 | DK24: =IFERROR(DK13/DX13,0) -> 0.48653828 | DL24: =IFERROR(DL13/DX13,0) -> 0.01207853 | DM24: =IFERROR(DM13/DX13,0) -> 0.046232403 | DN24: =IFERROR(DN13/DX13,0) -> 0 | DO24: =IFERROR(DO13/DX13,0) -> 0.038821493 | DP24: =IFERROR(DP13/DX13,0) -> 0 | DQ24: =IFERROR(DQ13/DX13,0) -> 0.0010065441 | DR24: =IFERROR(DR13/DX13,0) -> 0.0018872703 | DS24: =IFERROR(DS13/DX13,0) -> 0.0036487225 | DT24: =IFERROR(DT13/DX13,0) -> 0.0021389063 | DU24: =IFERROR(DU13/DX13,0) -> 0 | DV24: =IFERROR(DV13/DX13,0) -> 0.03950433 | DW24: =IFERROR(DW13/DX13,0) -> 0 | DX24: =IFERROR(DX13/DX13,0) -> 1 | DZ24: =IFERROR(DZ13/EP13,0) -> 1.0106538 | EA24: =IFERROR(EA13/EP13,0) -> 0.13982224 | EB24: =IFERROR(EB13/EP13,0) -> 0.26368759 | EC24: =IFERROR(EC13/EP13,0) -> 0.39913982 | ED24: =IFERROR(ED13/EP13,0) -> 0.00059838334 | EE24: =IFERROR(EE13/EP13,0) -> 0.017697641 | EF24: =IFERROR(EF13/EP13,0) -> 0 | EG24: =IFERROR(EG13/EP13,0) -> 0.09336394 | EH24: =IFERROR(EH13/EP13,0) -> 0.0032367099 | EI24: =IFERROR(EI13/EP13,0) -> 0.0019946111 | EJ24: =IFERROR(EJ13/EP13,0) -> 0.0021940723 | EK24: =IFERROR(EK13/EP13,0) -> 0.020544495 | EL24: =IFERROR(EL13/EP13,0) -> 0.0029919167 | EM24: =IFERROR(EM13/EP13,0) -> 0 | EN24: =IFERROR(EN13/EP13,0) -> 0.054728576 | EO24: =IFERROR(EO13/EP13,0) -> 0 | EP24: =IFERROR(EP13/EP13,0) -> 1 | ER24: =IFERROR(ER13/FH13,0) -> 1.0113085 | ES24: =IFERROR(ES13/FH13,0) -> 0.1891259 | ET24: =IFERROR(ET13/FH13,0) -> 0.2128604 | EU24: =IFERROR(EU13/FH13,0) -> 0.4531128 | EV24: =IFERROR(EV13/FH13,0) -> 0.00034293001 | EW24: =IFERROR(EW13/FH13,0) -> 0.025244325 | EX24: =IFERROR(EX13/FH13,0) -> 0 | EY24: =IFERROR(EY13/FH13,0) -> 0.045247745 | EZ24: =IFERROR(EZ13/FH13,0) -> 0.00032734229 | FA24: =IFERROR(FA13/FH13,0) -> 0 | FB24: =IFERROR(FB13/FH13,0) -> 0.0024005101 | FC24: =IFERROR(FC13/FH13,0) -> 0.016289176 | FD24: =IFERROR(FD13/FH13,0) -> 0.0043645638 | FE24: =IFERROR(FE13/FH13,0) -> 0 | FF24: =IFERROR(FF13/FH13,0) -> 0.050684302 | FG24: =IFERROR(FG13/FH13,0) -> 0 | FH24: =IFERROR(FH13/FH13,0) -> 1 | FJ24: =IFERROR(FJ13/FZ13,0) -> 1.0084473 | FK24: =IFERROR(FK13/FZ13,0) -> 0.23738222 | FL24: =IFERROR(FL13/FZ13,0) -> 0.16547654 | FM24: =IFERROR(FM13/FZ13,0) -> 0.43373965 | FN24: =IFERROR(FN13/FZ13,0) -> 0.00061657719 | FO24: =IFERROR(FO13/FZ13,0) -> 0.064099515 | FP24: =IFERROR(FP13/FZ13,0) -> 0.0003308463 | FQ24: =IFERROR(FQ13/FZ13,0) -> 0.047315983 | FR24: =IFERROR(FR13/FZ13,0) -> 0.0017369431 | FS24: =IFERROR(FS13/FZ13,0) -> 0 | FT24: =IFERROR(FT13/FZ13,0) -> 0.0014888083 | FU24: =IFERROR(FU13/FZ13,0) -> 0.0036393093 | FV24: =IFERROR(FV13/FZ13,0) -> 0.0013233852 | FW24: =IFERROR(FW13/FZ13,0) -> 0 | FX24: =IFERROR(FX13/FZ13,0) -> 0.039692149 | FY24: =IFERROR(FY13/FZ13,0) -> 0.0031580783 | FZ24: =IFERROR(FZ13/FZ13,0) -> 1 | GB24: =IFERROR(GB13/GR13,0) -> 1.0087154 | GC24: =IFERROR(GC13/GR13,0) -> 0.18579268 | GD24: =IFERROR(GD13/GR13,0) -> 0.090527887 | GE24: =IFERROR(GE13/GR13,0) -> 0.48940136 | GF24: =IFERROR(GF13/GR13,0) -> 0.0068560532 | GG24: =IFERROR(GG13/GR13,0) -> 0.11650489 | GH24: =IFERROR(GH13/GR13,0) -> 0 | GI24: =IFERROR(GI13/GR13,0) -> 0.036353618 | GJ24: =IFERROR(GJ13/GR13,0) -> 0.0056031381 | GK24: =IFERROR(GK13/GR13,0) -> 0.0075556505 | GL24: =IFERROR(GL13/GR13,0) -> 0.001539114 | GM24: =IFERROR(GM13/GR13,0) -> 0.0055967782 | GN24: =IFERROR(GN13/GR13,0) -> 0.011053637 | GO24: =IFERROR(GO13/GR13,0) -> 0 | GP24: =IFERROR(GP13/GR13,0) -> 0.042970333 | GQ24: =IFERROR(GQ13/GR13,0) -> 0.00024485904 | GR24: =IFERROR(GR13/GR13,0) -> 1 | GT24: =IFERROR(GT13/HJ13,0) -> 1.0060071 | GU24: =IFERROR(GU13/HJ13,0) -> 0.30416649 | GV24: =IFERROR(GV13/HJ13,0) -> 0.23479784 | GW24: =IFERROR(GW13/HJ13,0) -> 0.32021603 | GX24: =IFERROR(GX13/HJ13,0) -> 0.0010436155 | GY24: =IFERROR(GY13/HJ13,0) -> 0.049577272 | GZ24: =IFERROR(GZ13/HJ13,0) -> 0.0002925286 | HA24: =IFERROR(HA13/HJ13,0) -> 0.026625795 | HB24: =IFERROR(HB13/HJ13,0) -> 0.0016334164 | HC24: =IFERROR(HC13/HJ13,0) -> 0.00034787185 | HD24: =IFERROR(HD13/HJ13,0) -> 0 | HE24: =IFERROR(HE13/HJ13,0) -> 0.012871258 | HF24: =IFERROR(HF13/HJ13,0) -> 0.0029569107 | HG24: =IFERROR(HG13/HJ13,0) -> 0 | HH24: =IFERROR(HH13/HJ13,0) -> 0.045470962 | HI24: =IFERROR(HI13/HJ13,0) -> 0 | HJ24: =IFERROR(HJ13/HJ13,0) -> 1 | HL24: =IFERROR(HL13/IB13,0) -> 1.0091723 | HM24: =IFERROR(HM13/IB13,0) -> 0.28562117 | HN24: =IFERROR(HN13/IB13,0) -> 0.049135532 | HO24: =IFERROR(HO13/IB13,0) -> 0.48650862 | HP24: =IFERROR(HP13/IB13,0) -> 0.00050138298 | HQ24: =IFERROR(HQ13/IB13,0) -> 0.093424362 | HR24: =IFERROR(HR13/IB13,0) -> 0.0003692002 | HS24: =IFERROR(HS13/IB13,0) -> 0.020797062 | HT24: =IFERROR(HT13/IB13,0) -> 0.0008356383 | HU24: =IFERROR(HU13/IB13,0) -> 0.0028411702 | HV24: =IFERROR(HV13/IB13,0) -> 0.00033425532 | HW24: =IFERROR(HW13/IB13,0) -> 0.0080221277 | HX24: =IFERROR(HX13/IB13,0) -> 0.0060165958 | HY24: =IFERROR(HY13/IB13,0) -> 0 | HZ24: =IFERROR(HZ13/IB13,0) -> 0.045592882 | IA24: =IFERROR(IA13/IB13,0) -> 0 | IB24: =IFERROR(IB13/IB13,0) -> 1
B26: % Cơ cấu thành phẩm
B27: iSS01084 | D27: =IFERROR(D6/D$13,0) -> 0.16479654 | E27: =IFERROR(E6/E$13,0) -> 0.97430446 | F27: =IFERROR(F6/F$13,0) -> 0.0347019 | G27: =IFERROR(G6/G$13,0) -> 0.0040653486 | H27: =IFERROR(H6/H$13,0) -> 0.019227744 | I27: =IFERROR(I6/I$13,0) -> 0.135207 | J27: =IFERROR(J6/J$13,0) -> 0 | K27: =IFERROR(K6/K$13,0) -> 0 | ... T27: =IFERROR(T6/T$13,0) -> 0.16481758 | V27: =IFERROR(V6/V$13,0) -> 0.10565549 | W27: =IFERROR(W6/W$13,0) -> 0.98906558 | X27: =IFERROR(X6/X$13,0) -> 0.017410229 | Y27: =IFERROR(Y6/Y$13,0) -> 0.00033951195 | Z27: =IFERROR(Z6/Z$13,0) -> 0.032382657 | AA27: =IFERROR(AA6/AA$13,0) -> 0.093387923 | AB27: =IFERROR(AB6/AB$13,0) -> 0 | AC27: =IFERROR(AC6/AC$13,0) -> 0 | ... AL27: =IFERROR(AL6/AL$13,0) -> 0.10591339 | AN27: =IFERROR(AN6/AN$13,0) -> 0.18488485 | AO27: =IFERROR(AO6/AO$13,0) -> 0.99897026 | AP27: =IFERROR(AP6/AP$13,0) -> 0.060737081 | AQ27: =IFERROR(AQ6/AQ$13,0) -> 0.00058459611 | AR27: =IFERROR(AR6/AR$13,0) -> 0.041958042 | AS27: =IFERROR(AS6/AS$13,0) -> 0.54773008 | AT27: =IFERROR(AT6/AT$13,0) -> 0 | AU27: =IFERROR(AU6/AU$13,0) -> 0 | ... BD27: =IFERROR(BD6/BD$13,0) -> 0.18476537 | BF27: =IFERROR(BF6/BF$13,0) -> 0.05892006 | BG27: =IFERROR(BG6/BG$13,0) -> 0.98322148 | BH27: =IFERROR(BH6/BH$13,0) -> 0.0045578851 | BI27: =IFERROR(BI6/BI$13,0) -> 0.00015583763 | BJ27: =IFERROR(BJ6/BJ$13,0) -> 0 | BK27: =IFERROR(BK6/BK$13,0) -> 0.01491839 | BL27: =IFERROR(BL6/BL$13,0) -> 0 | BM27: =IFERROR(BM6/BM$13,0) -> 0 | ... BV27: =IFERROR(BV6/BV$13,0) -> 0.058512343 | BX27: =IFERROR(BX6/BX$13,0) -> 0.10330309 | BY27: =IFERROR(BY6/BY$13,0) -> 0.9966443 | BZ27: =IFERROR(BZ6/BZ$13,0) -> 0.01087388 | CA27: =IFERROR(CA6/CA$13,0) -> 0.0082375479 | CB27: =IFERROR(CB6/CB$13,0) -> 0 | CC27: =IFERROR(CC6/CC$13,0) -> 0.011590726 | CD27: =IFERROR(CD6/CD$13,0) -> 0 | CE27: =IFERROR(CE6/CE$13,0) -> 0 | ... CN27: =IFERROR(CN6/CN$13,0) -> 0.10271571 | CP27: =IFERROR(CP6/CP$13,0) -> 0.082872256 | CQ27: =IFERROR(CQ6/CQ$13,0) -> 0.995842 | CR27: =IFERROR(CR6/CR$13,0) -> 0.063680518 | CS27: =IFERROR(CS6/CS$13,0) -> 0 | CT27: =IFERROR(CT6/CT$13,0) -> 0.018099548 | CU27: =IFERROR(CU6/CU$13,0) -> 0.048632219 | CV27: =IFERROR(CV6/CV$13,0) -> 0 | CW27: =IFERROR(CW6/CW$13,0) -> 0 | ... DF27: =IFERROR(DF6/DF$13,0) -> 0.083010257 | DH27: =IFERROR(DH6/DH$13,0) -> 0.087287005 | DI27: =IFERROR(DI6/DI$13,0) -> 0.92553191 | DJ27: =IFERROR(DJ6/DJ$13,0) -> 0.012345679 | DK27: =IFERROR(DK6/DK$13,0) -> 0 | DL27: =IFERROR(DL6/DL$13,0) -> 0 | DM27: =IFERROR(DM6/DM$13,0) -> 0.019049975 | DN27: =IFERROR(DN6/DN$13,0) -> 0 | DO27: =IFERROR(DO6/DO$13,0) -> 0 | ... DX27: =IFERROR(DX6/DX$13,0) -> 0.086950945 | DZ27: =IFERROR(DZ6/DZ$13,0) -> 0.15222704 | EA27: =IFERROR(EA6/EA$13,0) -> 0.85306705 | EB27: =IFERROR(EB6/EB$13,0) -> 0.048411498 | EC27: =IFERROR(EC6/EC$13,0) -> 0.0034980919 | ED27: =IFERROR(ED6/ED$13,0) -> 0 | EE27: =IFERROR(EE6/EE$13,0) -> 0.29303279 | EF27: =IFERROR(EF6/EF$13,0) -> 0 | EG27: =IFERROR(EG6/EG$13,0) -> 0 | ... EP27: =IFERROR(EP6/EP$13,0) -> 0.1528522 | ER27: =IFERROR(ER6/ER$13,0) -> 0.20060817 | ES27: =IFERROR(ES6/ES$13,0) -> 0.92293744 | ET27: =IFERROR(ET6/ET$13,0) -> 0.032400532 | EU27: =IFERROR(EU6/EU$13,0) -> 0.00037841572 | EV27: =IFERROR(EV6/EV$13,0) -> 0 | EW27: =IFERROR(EW6/EW$13,0) -> 0.3667737 | EX27: =IFERROR(EX6/EX$13,0) -> 0 | EY27: =IFERROR(EY6/EY$13,0) -> 0 | ... FH27: =IFERROR(FH6/FH$13,0) -> 0.20111411 | FJ27: =IFERROR(FJ6/FJ$13,0) -> 0.2825014 | FK27: =IFERROR(FK6/FK$13,0) -> 0.99372822 | FL27: =IFERROR(FL6/FL$13,0) -> 0.0852952 | FM27: =IFERROR(FM6/FM$13,0) -> 0.0011441644 | FN27: =IFERROR(FN6/FN$13,0) -> 0 | FO27: =IFERROR(FO6/FO$13,0) -> 0.37468474 | FP27: =IFERROR(FP6/FP$13,0) -> 0 | FQ27: =IFERROR(FQ6/FQ$13,0) -> 0 | ... FZ27: =IFERROR(FZ6/FZ$13,0) -> 0.28385018 | GB27: =IFERROR(GB6/GB$13,0) -> 0.25280373 | GC27: =IFERROR(GC6/GC$13,0) -> 0.98053045 | GD27: =IFERROR(GD6/GD$13,0) -> 0.12055641 | GE27: =IFERROR(GE6/GE$13,0) -> 0.027446322 | GF27: =IFERROR(GF6/GF$13,0) -> 0.020408163 | GG27: =IFERROR(GG6/GG$13,0) -> 0.2065677 | GH27: =IFERROR(GH6/GH$13,0) -> 0 | GI27: =IFERROR(GI6/GI$13,0) -> 0 | ... GR27: =IFERROR(GR6/GR$13,0) -> 0.25290879 | GT27: =IFERROR(GT6/GT$13,0) -> 0.34619792 | GU27: =IFERROR(GU6/GU$13,0) -> 0.99313787 | GV27: =IFERROR(GV6/GV$13,0) -> 0.017778963 | GW27: =IFERROR(GW6/GW$13,0) -> 0.0059750136 | GX27: =IFERROR(GX6/GX$13,0) -> 0 | GY27: =IFERROR(GY6/GY$13,0) -> 0.47012295 | GZ27: =IFERROR(GZ6/GZ$13,0) -> 0 | HA27: =IFERROR(HA6/HA$13,0) -> 0 | ... HJ27: =IFERROR(HJ6/HJ$13,0) -> 0.34519023 | HL27: =IFERROR(HL6/HL$13,0) -> 0.3116303 | HM27: =IFERROR(HM6/HM$13,0) -> 0.99356349 | HN27: =IFERROR(HN6/HN$13,0) -> 0.023809524 | HO27: =IFERROR(HO6/HO$13,0) -> 0.0051528684 | HP27: =IFERROR(HP6/HP$13,0) -> 0 | HQ27: =IFERROR(HQ6/HQ$13,0) -> 0.08765653 | HR27: =IFERROR(HR6/HR$13,0) -> 0 | HS27: =IFERROR(HS6/HS$13,0) -> 0 | ... IB27: =IFERROR(IB6/IB$13,0) -> 0.31180643
B28: iSS01 | D28: =IFERROR(D7/D$13,0) -> 0.15555876 | E28: =IFERROR(E7/E$13,0) -> 0.021437756 | F28: =IFERROR(F7/F$13,0) -> 0.74709596 | G28: =IFERROR(G7/G$13,0) -> 0.0088287017 | H28: =IFERROR(H7/H$13,0) -> 0 | I28: =IFERROR(I7/I$13,0) -> 0.032394171 | J28: =IFERROR(J7/J$13,0) -> 0 | K28: =IFERROR(K7/K$13,0) -> 0 | ... T28: =IFERROR(T7/T$13,0) -> 0.15547953 | V28: =IFERROR(V7/V$13,0) -> 0.056049489 | W28: =IFERROR(W7/W$13,0) -> 0.0097194825 | X28: =IFERROR(X7/X$13,0) -> 0.4874864 | Y28: =IFERROR(Y7/Y$13,0) -> 0.00034563919 | Z28: =IFERROR(Z7/Z$13,0) -> 0 | AA28: =IFERROR(AA7/AA$13,0) -> 0.01167349 | AB28: =IFERROR(AB7/AB$13,0) -> 0 | AC28: =IFERROR(AC7/AC$13,0) -> 0 | ... AL28: =IFERROR(AL7/AL$13,0) -> 0.05613195 | AN28: =IFERROR(AN7/AN$13,0) -> 0.12478604 | AO28: =IFERROR(AO7/AO$13,0) -> 0.0010297379 | AP28: =IFERROR(AP7/AP$13,0) -> 0.69013795 | AQ28: =IFERROR(AQ7/AQ$13,0) -> 0.0017537883 | AR28: =IFERROR(AR7/AR$13,0) -> 0 | AS28: =IFERROR(AS7/AS$13,0) -> 0.18959887 | AT28: =IFERROR(AT7/AT$13,0) -> 0 | AU28: =IFERROR(AU7/AU$13,0) -> 0 | ... BD28: =IFERROR(BD7/BD$13,0) -> 0.12529175 | BF28: =IFERROR(BF7/BF$13,0) -> 0.17547365 | BG28: =IFERROR(BG7/BG$13,0) -> 0.016778523 | BH28: =IFERROR(BH7/BH$13,0) -> 0.7935278 | BI28: =IFERROR(BI7/BI$13,0) -> 0.0056101546 | BJ28: =IFERROR(BJ7/BJ$13,0) -> 0 | BK28: =IFERROR(BK7/BK$13,0) -> 0.03121334 | BL28: =IFERROR(BL7/BL$13,0) -> 0 | BM28: =IFERROR(BM7/BM$13,0) -> 0 | ... BV28: =IFERROR(BV7/BV$13,0) -> 0.17552415 | BX28: =IFERROR(BX7/BX$13,0) -> 0.16153855 | BY28: =IFERROR(BY7/BY$13,0) -> 0 | BZ28: =IFERROR(BZ7/BZ$13,0) -> 0.78194957 | CA28: =IFERROR(CA7/CA$13,0) -> 0.0068965517 | CB28: =IFERROR(CB7/CB$13,0) -> 0 | CC28: =IFERROR(CC7/CC$13,0) -> 0.010330336 | CD28: =IFERROR(CD7/CD$13,0) -> 0 | CE28: =IFERROR(CE7/CE$13,0) -> 0 | ... CN28: =IFERROR(CN7/CN$13,0) -> 0.16206977 | CP28: =IFERROR(CP7/CP$13,0) -> 0.16493593 | CQ28: =IFERROR(CQ7/CQ$13,0) -> 0.0041580042 | CR28: =IFERROR(CR7/CR$13,0) -> 0.64867782 | CS28: =IFERROR(CS7/CS$13,0) -> 0.0048985304 | CT28: =IFERROR(CT7/CT$13,0) -> 0 | CU28: =IFERROR(CU7/CU$13,0) -> 0.051671733 | CV28: =IFERROR(CV7/CV$13,0) -> 0 | CW28: =IFERROR(CW7/CW$13,0) -> 0 | ... DF28: =IFERROR(DF7/DF$13,0) -> 0.16420512 | DH28: =IFERROR(DH7/DH$13,0) -> 0.23962508 | DI28: =IFERROR(DI7/DI$13,0) -> 0.051671733 | DJ28: =IFERROR(DJ7/DJ$13,0) -> 0.76366843 | DK28: =IFERROR(DK7/DK$13,0) -> 0.0064649599 | DL28: =IFERROR(DL7/DL$13,0) -> 0 | DM28: =IFERROR(DM7/DM$13,0) -> 0.0108857 | DN28: =IFERROR(DN7/DN$13,0) -> 0 | DO28: =IFERROR(DO7/DO$13,0) -> 0 | ... DX28: =IFERROR(DX7/DX$13,0) -> 0.23841062 | DZ28: =IFERROR(DZ7/DZ$13,0) -> 0.28951018 | EA28: =IFERROR(EA7/EA$13,0) -> 0.14550642 | EB28: =IFERROR(EB7/EB$13,0) -> 0.897882 | EC28: =IFERROR(EC7/EC$13,0) -> 0.0309831 | ED28: =IFERROR(ED7/ED$13,0) -> 0 | EE28: =IFERROR(EE7/EE$13,0) -> 0.22540984 | EF28: =IFERROR(EF7/EF$13,0) -> 0 | EG28: =IFERROR(EG7/EG$13,0) -> 0 | ... EP28: =IFERROR(EP7/EP$13,0) -> 0.28958617 | ER28: =IFERROR(ER7/ER$13,0) -> 0.21627206 | ES28: =IFERROR(ES7/ES$13,0) -> 0.07524932 | ET28: =IFERROR(ET7/ET$13,0) -> 0.81036114 | EU28: =IFERROR(EU7/EU$13,0) -> 0.02384019 | EV28: =IFERROR(EV7/EV$13,0) -> 0 | EW28: =IFERROR(EW7/EW$13,0) -> 0.088298858 | EX28: =IFERROR(EX7/EX$13,0) -> 0 | EY28: =IFERROR(EY7/EY$13,0) -> 0 | ... FH28: =IFERROR(FH7/FH$13,0) -> 0.21609189 | FJ28: =IFERROR(FJ7/FJ$13,0) -> 0.14334459 | FK28: =IFERROR(FK7/FK$13,0) -> 0 | FL28: =IFERROR(FL7/FL$13,0) -> 0.76975158 | FM28: =IFERROR(FM7/FM$13,0) -> 0.01411136 | FN28: =IFERROR(FN7/FN$13,0) -> 0 | FO28: =IFERROR(FO7/FO$13,0) -> 0.030968686 | FP28: =IFERROR(FP7/FP$13,0) -> 0 | FQ28: =IFERROR(FQ7/FQ$13,0) -> 0 | ... FZ28: =IFERROR(FZ7/FZ$13,0) -> 0.14252437 | GB28: =IFERROR(GB7/GB$13,0) -> 0.072966975 | GC28: =IFERROR(GC7/GC$13,0) -> 0.011185508 | GD28: =IFERROR(GD7/GD$13,0) -> 0.68006182 | GE28: =IFERROR(GE7/GE$13,0) -> 0.0028589919 | GF28: =IFERROR(GF7/GF$13,0) -> 0 | GG28: =IFERROR(GG7/GG$13,0) -> 0.015084792 | GH28: =IFERROR(GH7/GH$13,0) -> 0 | GI28: =IFERROR(GI7/GI$13,0) -> 0 | ... GR28: =IFERROR(GR7/GR$13,0) -> 0.073217624 | GT28: =IFERROR(GT7/GT$13,0) -> 0.22749106 | GU28: =IFERROR(GU7/GU$13,0) -> 0.0068621335 | GV28: =IFERROR(GV7/GV$13,0) -> 0.81554326 | GW28: =IFERROR(GW7/GW$13,0) -> 0.040738729 | GX28: =IFERROR(GX7/GX$13,0) -> 0 | GY28: =IFERROR(GY7/GY$13,0) -> 0.13331845 | GZ28: =IFERROR(GZ7/GZ$13,0) -> 0 | HA28: =IFERROR(HA7/HA$13,0) -> 0 | ... HJ28: =IFERROR(HJ7/HJ$13,0) -> 0.22811364 | HL28: =IFERROR(HL7/HL$13,0) -> 0.030514145 | HM28: =IFERROR(HM7/HM$13,0) -> 0 | HN28: =IFERROR(HN7/HN$13,0) -> 0.49659864 | HO28: =IFERROR(HO7/HO$13,0) -> 0.0068704912 | HP28: =IFERROR(HP7/HP$13,0) -> 0 | HQ28: =IFERROR(HQ7/HQ$13,0) -> 0 | HR28: =IFERROR(HR7/HR$13,0) -> 0 | HS28: =IFERROR(HS7/HS$13,0) -> 0 | ... IB28: =IFERROR(IB7/IB$13,0) -> 0.030587249
B29: WSS01 | D29: =IFERROR(D8/D$13,0) -> 0.60266633 | E29: =IFERROR(E8/E$13,0) -> 0.0042577833 | F29: =IFERROR(F8/F$13,0) -> 0.21820214 | G29: =IFERROR(G8/G$13,0) -> 0.98710595 | H29: =IFERROR(H8/H$13,0) -> 0.97836879 | I29: =IFERROR(I8/I$13,0) -> 0.30391447 | J29: =IFERROR(J8/J$13,0) -> 0 | K29: =IFERROR(K8/K$13,0) -> 0 | ... T29: =IFERROR(T8/T$13,0) -> 0.60294788 | V29: =IFERROR(V8/V$13,0) -> 0.77196449 | W29: =IFERROR(W8/W$13,0) -> 0.0012149353 | X29: =IFERROR(X8/X$13,0) -> 0.49510337 | Y29: =IFERROR(Y8/Y$13,0) -> 0.99931485 | Z29: =IFERROR(Z8/Z$13,0) -> 0.96761734 | AA29: =IFERROR(AA8/AA$13,0) -> 0.095281151 | AB29: =IFERROR(AB8/AB$13,0) -> 0 | AC29: =IFERROR(AC8/AC$13,0) -> 0 | ... AL29: =IFERROR(AL8/AL$13,0) -> 0.77325041 | AN29: =IFERROR(AN8/AN$13,0) -> 0.64847188 | AO29: =IFERROR(AO8/AO$13,0) -> 0 | AP29: =IFERROR(AP8/AP$13,0) -> 0.24912497 | AQ29: =IFERROR(AQ8/AQ$13,0) -> 0.99766162 | AR29: =IFERROR(AR8/AR$13,0) -> 0.95804196 | AS29: =IFERROR(AS8/AS$13,0) -> 0.21000469 | AT29: =IFERROR(AT8/AT$13,0) -> 0 | AU29: =IFERROR(AU8/AU$13,0) -> 0 | ... BD29: =IFERROR(BD8/BD$13,0) -> 0.64816462 | BF29: =IFERROR(BF8/BF$13,0) -> 0.6668435 | BG29: =IFERROR(BG8/BG$13,0) -> 0 | BH29: =IFERROR(BH8/BH$13,0) -> 0.20191431 | BI29: =IFERROR(BI8/BI$13,0) -> 0.99423401 | BJ29: =IFERROR(BJ8/BJ$13,0) -> 1 | BK29: =IFERROR(BK8/BK$13,0) -> 0.085034821 | BL29: =IFERROR(BL8/BL$13,0) -> 0 | BM29: =IFERROR(BM8/BM$13,0) -> 0 | ... BV29: =IFERROR(BV8/BV$13,0) -> 0.66719076 | BX29: =IFERROR(BX8/BX$13,0) -> 0.60597302 | BY29: =IFERROR(BY8/BY$13,0) -> 0.0033557047 | BZ29: =IFERROR(BZ8/BZ$13,0) -> 0.20717655 | CA29: =IFERROR(CA8/CA$13,0) -> 0.9848659 | CB29: =IFERROR(CB8/CB$13,0) -> 1 | CC29: =IFERROR(CC8/CC$13,0) -> 0.05617044 | CD29: =IFERROR(CD8/CD$13,0) -> 0 | CE29: =IFERROR(CE8/CE$13,0) -> 0 | ... CN29: =IFERROR(CN8/CN$13,0) -> 0.6064309 | CP29: =IFERROR(CP8/CP$13,0) -> 0.68878542 | CQ29: =IFERROR(CQ8/CQ$13,0) -> 0 | CR29: =IFERROR(CR8/CR$13,0) -> 0.28764166 | CS29: =IFERROR(CS8/CS$13,0) -> 0.99510147 | CT29: =IFERROR(CT8/CT$13,0) -> 0.98190045 | CU29: =IFERROR(CU8/CU$13,0) -> 0.79027356 | CV29: =IFERROR(CV8/CV$13,0) -> 0 | CW29: =IFERROR(CW8/CW$13,0) -> 0 | ... DF29: =IFERROR(DF8/DF$13,0) -> 0.68909969 | DH29: =IFERROR(DH8/DH$13,0) -> 0.63369168 | DI29: =IFERROR(DI8/DI$13,0) -> 0.022796353 | DJ29: =IFERROR(DJ8/DJ$13,0) -> 0.22398589 | DK29: =IFERROR(DK8/DK$13,0) -> 0.99353504 | DL29: =IFERROR(DL8/DL$13,0) -> 1 | DM29: =IFERROR(DM8/DM$13,0) -> 0.96660069 | DN29: =IFERROR(DN8/DN$13,0) -> 0 | DO29: =IFERROR(DO8/DO$13,0) -> 0 | ... DX29: =IFERROR(DX8/DX$13,0) -> 0.63495269 | DZ29: =IFERROR(DZ8/DZ$13,0) -> 0.45349179 | EA29: =IFERROR(EA8/EA$13,0) -> 0.0014265335 | EB29: =IFERROR(EB8/EB$13,0) -> 0.053706505 | EC29: =IFERROR(EC8/EC$13,0) -> 0.96551881 | ED29: =IFERROR(ED8/ED$13,0) -> 1 | EE29: =IFERROR(EE8/EE$13,0) -> 0.48155738 | EF29: =IFERROR(EF8/EF$13,0) -> 0 | EG29: =IFERROR(EG8/EG$13,0) -> 0 | ... EP29: =IFERROR(EP8/EP$13,0) -> 0.45232903 | ER29: =IFERROR(ER8/ER$13,0) -> 0.53279278 | ES29: =IFERROR(ES8/ES$13,0) -> 0.0018132366 | ET29: =IFERROR(ET8/ET$13,0) -> 0.15723833 | EU29: =IFERROR(EU8/EU$13,0) -> 0.97578139 | EV29: =IFERROR(EV8/EV$13,0) -> 1 | EW29: =IFERROR(EW8/EW$13,0) -> 0.54492745 | EX29: =IFERROR(EX8/EX$13,0) -> 0 | EY29: =IFERROR(EY8/EY$13,0) -> 0 | ... FH29: =IFERROR(FH8/FH$13,0) -> 0.53266823 | FJ29: =IFERROR(FJ8/FJ$13,0) -> 0.49224607 | FK29: =IFERROR(FK8/FK$13,0) -> 0.006271777 | FL29: =IFERROR(FL8/FL$13,0) -> 0.14495322 | FM29: =IFERROR(FM8/FM$13,0) -> 0.98474448 | FN29: =IFERROR(FN8/FN$13,0) -> 1 | FO29: =IFERROR(FO8/FO$13,0) -> 0.22530306 | FP29: =IFERROR(FP8/FP$13,0) -> 0 | FQ29: =IFERROR(FQ8/FQ$13,0) -> 0 | ... FZ29: =IFERROR(FZ8/FZ$13,0) -> 0.49212703 | GB29: =IFERROR(GB8/GB$13,0) -> 0.60976445 | GC29: =IFERROR(GC8/GC$13,0) -> 0.0082840399 | GD29: =IFERROR(GD8/GD$13,0) -> 0.19938176 | GE29: =IFERROR(GE8/GE$13,0) -> 0.96969469 | GF29: =IFERROR(GF8/GF$13,0) -> 0.97959184 | GG29: =IFERROR(GG8/GG$13,0) -> 0.65945099 | GH29: =IFERROR(GH8/GH$13,0) -> 0 | GI29: =IFERROR(GI8/GI$13,0) -> 0 | ... GR29: =IFERROR(GR8/GR$13,0) -> 0.60954244 | GT29: =IFERROR(GT8/GT$13,0) -> 0.37916711 | GU29: =IFERROR(GU8/GU$13,0) -> 0 | GV29: =IFERROR(GV8/GV$13,0) -> 0.16667778 | GW29: =IFERROR(GW8/GW$13,0) -> 0.95328626 | GX29: =IFERROR(GX8/GX$13,0) -> 0.83333333 | GY29: =IFERROR(GY8/GY$13,0) -> 0.098346277 | GZ29: =IFERROR(GZ8/GZ$13,0) -> 0 | HA29: =IFERROR(HA8/HA$13,0) -> 0 | ... HJ29: =IFERROR(HJ8/HJ$13,0) -> 0.3795576 | HL29: =IFERROR(HL8/HL$13,0) -> 0.54426384 | HM29: =IFERROR(HM8/HM$13,0) -> 0.0064365126 | HN29: =IFERROR(HN8/HN$13,0) -> 0.47959184 | HO29: =IFERROR(HO8/HO$13,0) -> 0.98797664 | HP29: =IFERROR(HP8/HP$13,0) -> 0.66666667 | HQ29: =IFERROR(HQ8/HQ$13,0) -> 0.055456172 | HR29: =IFERROR(HR8/HR$13,0) -> 0 | HS29: =IFERROR(HS8/HS$13,0) -> 0 | ... IB29: =IFERROR(IB8/IB$13,0) -> 0.5444805
B30: WSS03 | D30: =IFERROR(D9/D$13,0) -> 0.0349955 | E30: =IFERROR(E9/E$13,0) -> 0 | F30: =IFERROR(F9/F$13,0) -> 0 | G30: =IFERROR(G9/G$13,0) -> 0 | H30: =IFERROR(H9/H$13,0) -> 0.002403468 | I30: =IFERROR(I9/I$13,0) -> 0.52848435 | J30: =IFERROR(J9/J$13,0) -> 0 | K30: =IFERROR(K9/K$13,0) -> 0.0019784727 | ... T30: =IFERROR(T9/T$13,0) -> 0.034884145 | V30: =IFERROR(V9/V$13,0) -> 0.042302488 | W30: =IFERROR(W9/W$13,0) -> 0 | X30: =IFERROR(X9/X$13,0) -> 0 | Y30: =IFERROR(Y9/Y$13,0) -> 0 | Z30: =IFERROR(Z9/Z$13,0) -> 0 | AA30: =IFERROR(AA9/AA$13,0) -> 0.79965744 | AB30: =IFERROR(AB9/AB$13,0) -> 0 | AC30: =IFERROR(AC9/AC$13,0) -> 0.026116925 | ... AL30: =IFERROR(AL9/AL$13,0) -> 0.042038469 | AN30: =IFERROR(AN9/AN$13,0) -> 0.0018331633 | AO30: =IFERROR(AO9/AO$13,0) -> 0 | AP30: =IFERROR(AP9/AP$13,0) -> 0 | AQ30: =IFERROR(AQ9/AQ$13,0) -> 0 | AR30: =IFERROR(AR9/AR$13,0) -> 0 | AS30: =IFERROR(AS9/AS$13,0) -> 0.052666354 | AT30: =IFERROR(AT9/AT$13,0) -> 0 | AU30: =IFERROR(AU9/AU$13,0) -> 0.012356598 | ... BD30: =IFERROR(BD9/BD$13,0) -> 0.0018376076 | BF30: =IFERROR(BF9/BF$13,0) -> 0.058882763 | BG30: =IFERROR(BG9/BG$13,0) -> 0 | BH30: =IFERROR(BH9/BH$13,0) -> 0 | BI30: =IFERROR(BI9/BI$13,0) -> 0 | BJ30: =IFERROR(BJ9/BJ$13,0) -> 0 | BK30: =IFERROR(BK9/BK$13,0) -> 0.86883345 | BL30: =IFERROR(BL9/BL$13,0) -> 0 | BM30: =IFERROR(BM9/BM$13,0) -> 0 | ... BV30: =IFERROR(BV9/BV$13,0) -> 0.058867299 | BX30: =IFERROR(BX9/BX$13,0) -> 0.11090899 | BY30: =IFERROR(BY9/BY$13,0) -> 0 | BZ30: =IFERROR(BZ9/BZ$13,0) -> 0 | CA30: =IFERROR(CA9/CA$13,0) -> 0 | CB30: =IFERROR(CB9/CB$13,0) -> 0 | CC30: =IFERROR(CC9/CC$13,0) -> 0.9219085 | CD30: =IFERROR(CD9/CD$13,0) -> 0 | CE30: =IFERROR(CE9/CE$13,0) -> 0 | ... CN30: =IFERROR(CN9/CN$13,0) -> 0.11056988 | CP30: =IFERROR(CP9/CP$13,0) -> 0.0044826653 | CQ30: =IFERROR(CQ9/CQ$13,0) -> 0 | CR30: =IFERROR(CR9/CR$13,0) -> 0 | CS30: =IFERROR(CS9/CS$13,0) -> 0 | CT30: =IFERROR(CT9/CT$13,0) -> 0 | CU30: =IFERROR(CU9/CU$13,0) -> 0.10942249 | CV30: =IFERROR(CV9/CV$13,0) -> 0 | CW30: =IFERROR(CW9/CW$13,0) -> 0 | ... DF30: =IFERROR(DF9/DF$13,0) -> 0.0045190897 | DH30: =IFERROR(DH9/DH$13,0) -> 0.00015858358 | DI30: =IFERROR(DI9/DI$13,0) -> 0 | DJ30: =IFERROR(DJ9/DJ$13,0) -> 0 | DK30: =IFERROR(DK9/DK$13,0) -> 0 | DL30: =IFERROR(DL9/DL$13,0) -> 0 | DM30: =IFERROR(DM9/DM$13,0) -> 0.0034636319 | DN30: =IFERROR(DN9/DN$13,0) -> 0 | DO30: =IFERROR(DO9/DO$13,0) -> 0 | ... DX30: =IFERROR(DX9/DX$13,0) -> 0.00016013202 | DZ30: =IFERROR(DZ9/DZ$13,0) -> 0 | EA30: =IFERROR(EA9/EA$13,0) -> 0 | EB30: =IFERROR(EB9/EB$13,0) -> 0 | EC30: =IFERROR(EC9/EC$13,0) -> 0 | ED30: =IFERROR(ED9/ED$13,0) -> 0 | EE30: =IFERROR(EE9/EE$13,0) -> 0 | EF30: =IFERROR(EF9/EF$13,0) -> 0 | EG30: =IFERROR(EG9/EG$13,0) -> 0 | ... EP30: =IFERROR(EP9/EP$13,0) -> 0 | ER30: =IFERROR(ER9/ER$13,0) -> 0 | ES30: =IFERROR(ES9/ES$13,0) -> 0 | ET30: =IFERROR(ET9/ET$13,0) -> 0 | EU30: =IFERROR(EU9/EU$13,0) -> 0 | EV30: =IFERROR(EV9/EV$13,0) -> 0 | EW30: =IFERROR(EW9/EW$13,0) -> 0 | EX30: =IFERROR(EX9/EX$13,0) -> 0 | EY30: =IFERROR(EY9/EY$13,0) -> 0 | ... FH30: =IFERROR(FH9/FH$13,0) -> 0 | FJ30: =IFERROR(FJ9/FJ$13,0) -> 0.025052995 | FK30: =IFERROR(FK9/FK$13,0) -> 0 | FL30: =IFERROR(FL9/FL$13,0) -> 0 | FM30: =IFERROR(FM9/FM$13,0) -> 0 | FN30: =IFERROR(FN9/FN$13,0) -> 0 | FO30: =IFERROR(FO9/FO$13,0) -> 0.36904351 | FP30: =IFERROR(FP9/FP$13,0) -> 0 | FQ30: =IFERROR(FQ9/FQ$13,0) -> 0 | ... FZ30: =IFERROR(FZ9/FZ$13,0) -> 0.024891672 | GB30: =IFERROR(GB9/GB$13,0) -> 0.019829302 | GC30: =IFERROR(GC9/GC$13,0) -> 0 | GD30: =IFERROR(GD9/GD$13,0) -> 0 | GE30: =IFERROR(GE9/GE$13,0) -> 0 | GF30: =IFERROR(GF9/GF$13,0) -> 0 | GG30: =IFERROR(GG9/GG$13,0) -> 0.11889652 | GH30: =IFERROR(GH9/GH$13,0) -> 0 | GI30: =IFERROR(GI9/GI$13,0) -> 0 | ... GR30: =IFERROR(GR9/GR$13,0) -> 0.01986729 | GT30: =IFERROR(GT9/GT$13,0) -> 0.016503835 | GU30: =IFERROR(GU9/GU$13,0) -> 0 | GV30: =IFERROR(GV9/GV$13,0) -> 0 | GW30: =IFERROR(GW9/GW$13,0) -> 0 | GX30: =IFERROR(GX9/GX$13,0) -> 0.16666667 | GY30: =IFERROR(GY9/GY$13,0) -> 0.29821232 | GZ30: =IFERROR(GZ9/GZ$13,0) -> 0 | HA30: =IFERROR(HA9/HA$13,0) -> 0 | ... HJ30: =IFERROR(HJ9/HJ$13,0) -> 0.016397414 | HL30: =IFERROR(HL9/HL$13,0) -> 0.088592342 | HM30: =IFERROR(HM9/HM$13,0) -> 0 | HN30: =IFERROR(HN9/HN$13,0) -> 0 | HO30: =IFERROR(HO9/HO$13,0) -> 0 | HP30: =IFERROR(HP9/HP$13,0) -> 0.33333333 | HQ30: =IFERROR(HQ9/HQ$13,0) -> 0.8568873 | HR30: =IFERROR(HR9/HR$13,0) -> 0 | HS30: =IFERROR(HS9/HS$13,0) -> 0 | ... IB30: =IFERROR(IB9/IB$13,0) -> 0.088099523
B31: WSS04 | D31: =IFERROR(D10/D$13,0) -> 0.00067124193 | E31: =IFERROR(E10/E$13,0) -> 0 | F31: =IFERROR(F10/F$13,0) -> 0 | G31: =IFERROR(G10/G$13,0) -> 0 | H31: =IFERROR(H10/H$13,0) -> 0 | I31: =IFERROR(I10/I$13,0) -> 0 | J31: =IFERROR(J10/J$13,0) -> 0.79082276 | K31: =IFERROR(K10/K$13,0) -> 0.0084807853 | ... T31: =IFERROR(T10/T$13,0) -> 0.00064516841 | V31: =IFERROR(V10/V$13,0) -> 0.0017778689 | W31: =IFERROR(W10/W$13,0) -> 0 | X31: =IFERROR(X10/X$13,0) -> 0 | Y31: =IFERROR(Y10/Y$13,0) -> 0 | Z31: =IFERROR(Z10/Z$13,0) -> 0 | AA31: =IFERROR(AA10/AA$13,0) -> 0 | AB31: =IFERROR(AB10/AB$13,0) -> 0.20634921 | AC31: =IFERROR(AC10/AC$13,0) -> 0.074019034 | ... AL31: =IFERROR(AL10/AL$13,0) -> 0.001597645 | AN31: =IFERROR(AN10/AN$13,0) -> 0.0026915493 | AO31: =IFERROR(AO10/AO$13,0) -> 0 | AP31: =IFERROR(AP10/AP$13,0) -> 0 | AQ31: =IFERROR(AQ10/AQ$13,0) -> 0 | AR31: =IFERROR(AR10/AR$13,0) -> 0 | AS31: =IFERROR(AS10/AS$13,0) -> 0 | AT31: =IFERROR(AT10/AT$13,0) -> 1 | AU31: =IFERROR(AU10/AU$13,0) -> 0.020631722 | ... BD31: =IFERROR(BD10/BD$13,0) -> 0.0025998853 | BF31: =IFERROR(BF10/BF$13,0) -> 0.00070139982 | BG31: =IFERROR(BG10/BG$13,0) -> 0 | BH31: =IFERROR(BH10/BH$13,0) -> 0 | BI31: =IFERROR(BI10/BI$13,0) -> 0 | BJ31: =IFERROR(BJ10/BJ$13,0) -> 0 | BK31: =IFERROR(BK10/BK$13,0) -> 0 | BL31: =IFERROR(BL10/BL$13,0) -> 0.8081491 | BM31: =IFERROR(BM10/BM$13,0) -> 0.0066693411 | ... BV31: =IFERROR(BV10/BV$13,0) -> 0.0006796521 | BX31: =IFERROR(BX10/BX$13,0) -> 0.00014875981 | BY31: =IFERROR(BY10/BY$13,0) -> 0 | BZ31: =IFERROR(BZ10/BZ$13,0) -> 0 | CA31: =IFERROR(CA10/CA$13,0) -> 0 | CB31: =IFERROR(CB10/CB$13,0) -> 0 | CC31: =IFERROR(CC10/CC$13,0) -> 0 | CD31: =IFERROR(CD10/CD$13,0) -> 0 | CE31: =IFERROR(CE10/CE$13,0) -> 0 | ... CN31: =IFERROR(CN10/CN$13,0) -> 0.00014282714 | CP31: =IFERROR(CP10/CP$13,0) -> 0 | CQ31: =IFERROR(CQ10/CQ$13,0) -> 0 | CR31: =IFERROR(CR10/CR$13,0) -> 0 | CS31: =IFERROR(CS10/CS$13,0) -> 0 | CT31: =IFERROR(CT10/CT$13,0) -> 0 | CU31: =IFERROR(CU10/CU$13,0) -> 0 | CV31: =IFERROR(CV10/CV$13,0) -> 0 | CW31: =IFERROR(CW10/CW$13,0) -> 0 | ... DF31: =IFERROR(DF10/DF$13,0) -> 0 | DH31: =IFERROR(DH10/DH$13,0) -> 0 | DI31: =IFERROR(DI10/DI$13,0) -> 0 | DJ31: =IFERROR(DJ10/DJ$13,0) -> 0 | DK31: =IFERROR(DK10/DK$13,0) -> 0 | DL31: =IFERROR(DL10/DL$13,0) -> 0 | DM31: =IFERROR(DM10/DM$13,0) -> 0 | DN31: =IFERROR(DN10/DN$13,0) -> 0 | DO31: =IFERROR(DO10/DO$13,0) -> 0 | ... DX31: =IFERROR(DX10/DX$13,0) -> 0 | DZ31: =IFERROR(DZ10/DZ$13,0) -> 0 | EA31: =IFERROR(EA10/EA$13,0) -> 0 | EB31: =IFERROR(EB10/EB$13,0) -> 0 | EC31: =IFERROR(EC10/EC$13,0) -> 0 | ED31: =IFERROR(ED10/ED$13,0) -> 0 | EE31: =IFERROR(EE10/EE$13,0) -> 0 | EF31: =IFERROR(EF10/EF$13,0) -> 0 | EG31: =IFERROR(EG10/EG$13,0) -> 0 | ... EP31: =IFERROR(EP10/EP$13,0) -> 0 | ER31: =IFERROR(ER10/ER$13,0) -> 0 | ES31: =IFERROR(ES10/ES$13,0) -> 0 | ET31: =IFERROR(ET10/ET$13,0) -> 0 | EU31: =IFERROR(EU10/EU$13,0) -> 0 | EV31: =IFERROR(EV10/EV$13,0) -> 0 | EW31: =IFERROR(EW10/EW$13,0) -> 0 | EX31: =IFERROR(EX10/EX$13,0) -> 0 | EY31: =IFERROR(EY10/EY$13,0) -> 0 | ... FH31: =IFERROR(FH10/FH$13,0) -> 0 | FJ31: =IFERROR(FJ10/FJ$13,0) -> 0.0012392285 | FK31: =IFERROR(FK10/FK$13,0) -> 0 | FL31: =IFERROR(FL10/FL$13,0) -> 0 | FM31: =IFERROR(FM10/FM$13,0) -> 0 | FN31: =IFERROR(FN10/FN$13,0) -> 0 | FO31: =IFERROR(FO10/FO$13,0) -> 0 | FP31: =IFERROR(FP10/FP$13,0) -> 1 | FQ31: =IFERROR(FQ10/FQ$13,0) -> 0.017321769 | ... FZ31: =IFERROR(FZ10/FZ$13,0) -> 0.0012496967 | GB31: =IFERROR(GB10/GB$13,0) -> 0 | GC31: =IFERROR(GC10/GC$13,0) -> 0 | GD31: =IFERROR(GD10/GD$13,0) -> 0 | GE31: =IFERROR(GE10/GE$13,0) -> 0 | GF31: =IFERROR(GF10/GF$13,0) -> 0 | GG31: =IFERROR(GG10/GG$13,0) -> 0 | GH31: =IFERROR(GH10/GH$13,0) -> 0 | GI31: =IFERROR(GI10/GI$13,0) -> 0 | ... GR31: =IFERROR(GR10/GR$13,0) -> 0 | GT31: =IFERROR(GT10/GT$13,0) -> 0.0011788453 | GU31: =IFERROR(GU10/GU$13,0) -> 0 | GV31: =IFERROR(GV10/GV$13,0) -> 0 | GW31: =IFERROR(GW10/GW$13,0) -> 0 | GX31: =IFERROR(GX10/GX$13,0) -> 0 | GY31: =IFERROR(GY10/GY$13,0) -> 0 | GZ31: =IFERROR(GZ10/GZ$13,0) -> 1 | HA31: =IFERROR(HA10/HA$13,0) -> 0.031178364 | ... HJ31: =IFERROR(HJ10/HJ$13,0) -> 0.0011780206 | HL31: =IFERROR(HL10/HL$13,0) -> 0.00052693658 | HM31: =IFERROR(HM10/HM$13,0) -> 0 | HN31: =IFERROR(HN10/HN$13,0) -> 0 | HO31: =IFERROR(HO10/HO$13,0) -> 0 | HP31: =IFERROR(HP10/HP$13,0) -> 0 | HQ31: =IFERROR(HQ10/HQ$13,0) -> 0 | HR31: =IFERROR(HR10/HR$13,0) -> 1 | HS31: =IFERROR(HS10/HS$13,0) -> 0 | ... IB31: =IFERROR(IB10/IB$13,0) -> 0.00053176983
B32: WSS05 | D32: =IFERROR(D11/D$13,0) -> 0.041001253 | E32: =IFERROR(E11/E$13,0) -> 0 | F32: =IFERROR(F11/F$13,0) -> 0 | G32: =IFERROR(G11/G$13,0) -> 0 | H32: =IFERROR(H11/H$13,0) -> 0 | I32: =IFERROR(I11/I$13,0) -> 0 | J32: =IFERROR(J11/J$13,0) -> 0.20917724 | K32: =IFERROR(K11/K$13,0) -> 0.98954074 | ... T32: =IFERROR(T11/T$13,0) -> 0.040915969 | V32: =IFERROR(V11/V$13,0) -> 0.021621588 | W32: =IFERROR(W11/W$13,0) -> 0 | X32: =IFERROR(X11/X$13,0) -> 0 | Y32: =IFERROR(Y11/Y$13,0) -> 0 | Z32: =IFERROR(Z11/Z$13,0) -> 0 | AA32: =IFERROR(AA11/AA$13,0) -> 0 | AB32: =IFERROR(AB11/AB$13,0) -> 0.79365079 | AC32: =IFERROR(AC11/AC$13,0) -> 0.89986404 | ... AL32: =IFERROR(AL11/AL$13,0) -> 0.020433731 | AN32: =IFERROR(AN11/AN$13,0) -> 0.037332516 | AO32: =IFERROR(AO11/AO$13,0) -> 0 | AP32: =IFERROR(AP11/AP$13,0) -> 0 | AQ32: =IFERROR(AQ11/AQ$13,0) -> 0 | AR32: =IFERROR(AR11/AR$13,0) -> 0 | AS32: =IFERROR(AS11/AS$13,0) -> 0 | AT32: =IFERROR(AT11/AT$13,0) -> 0 | AU32: =IFERROR(AU11/AU$13,0) -> 0.96701168 | ... BD32: =IFERROR(BD11/BD$13,0) -> 0.037340772 | BF32: =IFERROR(BF11/BF$13,0) -> 0.039178626 | BG32: =IFERROR(BG11/BG$13,0) -> 0 | BH32: =IFERROR(BH11/BH$13,0) -> 0 | BI32: =IFERROR(BI11/BI$13,0) -> 0 | BJ32: =IFERROR(BJ11/BJ$13,0) -> 0 | BK32: =IFERROR(BK11/BK$13,0) -> 0 | BL32: =IFERROR(BL11/BL$13,0) -> 0.1918509 | BM32: =IFERROR(BM11/BM$13,0) -> 0.99333066 | ... BV32: =IFERROR(BV11/BV$13,0) -> 0.039225802 | BX32: =IFERROR(BX11/BX$13,0) -> 0.018127591 | BY32: =IFERROR(BY11/BY$13,0) -> 0 | BZ32: =IFERROR(BZ11/BZ$13,0) -> 0 | CA32: =IFERROR(CA11/CA$13,0) -> 0 | CB32: =IFERROR(CB11/CB$13,0) -> 0 | CC32: =IFERROR(CC11/CC$13,0) -> 0 | CD32: =IFERROR(CD11/CD$13,0) -> 0 | CE32: =IFERROR(CE11/CE$13,0) -> 1 | ... CN32: =IFERROR(CN11/CN$13,0) -> 0.018070918 | CP32: =IFERROR(CP11/CP$13,0) -> 0.058923729 | CQ32: =IFERROR(CQ11/CQ$13,0) -> 0 | CR32: =IFERROR(CR11/CR$13,0) -> 0 | CS32: =IFERROR(CS11/CS$13,0) -> 0 | CT32: =IFERROR(CT11/CT$13,0) -> 0 | CU32: =IFERROR(CU11/CU$13,0) -> 0 | CV32: =IFERROR(CV11/CV$13,0) -> 0 | CW32: =IFERROR(CW11/CW$13,0) -> 1 | ... DF32: =IFERROR(DF11/DF$13,0) -> 0.05916584 | DH32: =IFERROR(DH11/DH$13,0) -> 0.039237655 | DI32: =IFERROR(DI11/DI$13,0) -> 0 | DJ32: =IFERROR(DJ11/DJ$13,0) -> 0 | DK32: =IFERROR(DK11/DK$13,0) -> 0 | DL32: =IFERROR(DL11/DL$13,0) -> 0 | DM32: =IFERROR(DM11/DM$13,0) -> 0 | DN32: =IFERROR(DN11/DN$13,0) -> 0 | DO32: =IFERROR(DO11/DO$13,0) -> 1 | ... DX32: =IFERROR(DX11/DX$13,0) -> 0.039525616 | DZ32: =IFERROR(DZ11/DZ$13,0) -> 0.10477099 | EA32: =IFERROR(EA11/EA$13,0) -> 0 | EB32: =IFERROR(EB11/EB$13,0) -> 0 | EC32: =IFERROR(EC11/EC$13,0) -> 0 | ED32: =IFERROR(ED11/ED$13,0) -> 0 | EE32: =IFERROR(EE11/EE$13,0) -> 0 | EF32: =IFERROR(EF11/EF$13,0) -> 0 | EG32: =IFERROR(EG11/EG$13,0) -> 1 | ... EP32: =IFERROR(EP11/EP$13,0) -> 0.1052326 | ER32: =IFERROR(ER11/ER$13,0) -> 0.050326989 | ES32: =IFERROR(ES11/ES$13,0) -> 0 | ET32: =IFERROR(ET11/ET$13,0) -> 0 | EU32: =IFERROR(EU11/EU$13,0) -> 0 | EV32: =IFERROR(EV11/EV$13,0) -> 0 | EW32: =IFERROR(EW11/EW$13,0) -> 0 | EX32: =IFERROR(EX11/EX$13,0) -> 0 | EY32: =IFERROR(EY11/EY$13,0) -> 1 | ... FH32: =IFERROR(FH11/FH$13,0) -> 0.050125768 | FJ32: =IFERROR(FJ11/FJ$13,0) -> 0.052334962 | FK32: =IFERROR(FK11/FK$13,0) -> 0 | FL32: =IFERROR(FL11/FL$13,0) -> 0 | FM32: =IFERROR(FM11/FM$13,0) -> 0 | FN32: =IFERROR(FN11/FN$13,0) -> 0 | FO32: =IFERROR(FO11/FO$13,0) -> 0 | FP32: =IFERROR(FP11/FP$13,0) -> 0 | FQ32: =IFERROR(FQ11/FQ$13,0) -> 0.98267823 | ... FZ32: =IFERROR(FZ11/FZ$13,0) -> 0.052093705 | GB32: =IFERROR(GB11/GB$13,0) -> 0.044383336 | GC32: =IFERROR(GC11/GC$13,0) -> 0 | GD32: =IFERROR(GD11/GD$13,0) -> 0 | GE32: =IFERROR(GE11/GE$13,0) -> 0 | GF32: =IFERROR(GF11/GF$13,0) -> 0 | GG32: =IFERROR(GG11/GG$13,0) -> 0 | GH32: =IFERROR(GH11/GH$13,0) -> 0 | GI32: =IFERROR(GI11/GI$13,0) -> 1 | ... GR32: =IFERROR(GR11/GR$13,0) -> 0.044212003 | GT32: =IFERROR(GT11/GT$13,0) -> 0.029461231 | GU32: =IFERROR(GU11/GU$13,0) -> 0 | GV32: =IFERROR(GV11/GV$13,0) -> 0 | GW32: =IFERROR(GW11/GW$13,0) -> 0 | GX32: =IFERROR(GX11/GX$13,0) -> 0 | GY32: =IFERROR(GY11/GY$13,0) -> 0 | GZ32: =IFERROR(GZ11/GZ$13,0) -> 0 | HA32: =IFERROR(HA11/HA$13,0) -> 0.96882164 | ... HJ32: =IFERROR(HJ11/HJ$13,0) -> 0.029563098 | HL32: =IFERROR(HL11/HL$13,0) -> 0.024472441 | HM32: =IFERROR(HM11/HM$13,0) -> 0 | HN32: =IFERROR(HN11/HN$13,0) -> 0 | HO32: =IFERROR(HO11/HO$13,0) -> 0 | HP32: =IFERROR(HP11/HP$13,0) -> 0 | HQ32: =IFERROR(HQ11/HQ$13,0) -> 0 | HR32: =IFERROR(HR11/HR$13,0) -> 0 | HS32: =IFERROR(HS11/HS$13,0) -> 1 | ... IB32: =IFERROR(IB11/IB$13,0) -> 0.024494534
B33: Khác | D33: =IFERROR(D12/D$13,0) -> 0.00031037697 | E33: =IFERROR(E12/E$13,0) -> 0 | F33: =IFERROR(F12/F$13,0) -> 0 | G33: =IFERROR(G12/G$13,0) -> 0 | H33: =IFERROR(H12/H$13,0) -> 0 | I33: =IFERROR(I12/I$13,0) -> 0 | J33: =IFERROR(J12/J$13,0) -> 0 | K33: =IFERROR(K12/K$13,0) -> 0 | ... T33: =IFERROR(T12/T$13,0) -> 0.00030972759 | V33: =IFERROR(V12/V$13,0) -> 0.00062859241 | W33: =IFERROR(W12/W$13,0) -> 0 | X33: =IFERROR(X12/X$13,0) -> 0 | Y33: =IFERROR(Y12/Y$13,0) -> 0 | Z33: =IFERROR(Z12/Z$13,0) -> 0 | AA33: =IFERROR(AA12/AA$13,0) -> 0 | AB33: =IFERROR(AB12/AB$13,0) -> 0 | AC33: =IFERROR(AC12/AC$13,0) -> 0 | ... AL33: =IFERROR(AL12/AL$13,0) -> 0.00063440568 | AN33: =IFERROR(AN12/AN$13,0) -> 0 | AO33: =IFERROR(AO12/AO$13,0) -> 0 | AP33: =IFERROR(AP12/AP$13,0) -> 0 | AQ33: =IFERROR(AQ12/AQ$13,0) -> 0 | AR33: =IFERROR(AR12/AR$13,0) -> 0 | AS33: =IFERROR(AS12/AS$13,0) -> 0 | AT33: =IFERROR(AT12/AT$13,0) -> 0 | AU33: =IFERROR(AU12/AU$13,0) -> 0 | ... BD33: =IFERROR(BD12/BD$13,0) -> 0 | BF33: =IFERROR(BF12/BF$13,0) -> 0 | BG33: =IFERROR(BG12/BG$13,0) -> 0 | BH33: =IFERROR(BH12/BH$13,0) -> 0 | BI33: =IFERROR(BI12/BI$13,0) -> 0 | BJ33: =IFERROR(BJ12/BJ$13,0) -> 0 | BK33: =IFERROR(BK12/BK$13,0) -> 0 | BL33: =IFERROR(BL12/BL$13,0) -> 0 | BM33: =IFERROR(BM12/BM$13,0) -> 0 | ... BV33: =IFERROR(BV12/BV$13,0) -> 0 | BX33: =IFERROR(BX12/BX$13,0) -> 0 | BY33: =IFERROR(BY12/BY$13,0) -> 0 | BZ33: =IFERROR(BZ12/BZ$13,0) -> 0 | CA33: =IFERROR(CA12/CA$13,0) -> 0 | CB33: =IFERROR(CB12/CB$13,0) -> 0 | CC33: =IFERROR(CC12/CC$13,0) -> 0 | CD33: =IFERROR(CD12/CD$13,0) -> 0 | CE33: =IFERROR(CE12/CE$13,0) -> 0 | ... CN33: =IFERROR(CN12/CN$13,0) -> 0 | CP33: =IFERROR(CP12/CP$13,0) -> 0 | CQ33: =IFERROR(CQ12/CQ$13,0) -> 0 | CR33: =IFERROR(CR12/CR$13,0) -> 0 | CS33: =IFERROR(CS12/CS$13,0) -> 0 | CT33: =IFERROR(CT12/CT$13,0) -> 0 | CU33: =IFERROR(CU12/CU$13,0) -> 0 | CV33: =IFERROR(CV12/CV$13,0) -> 0 | CW33: =IFERROR(CW12/CW$13,0) -> 0 | ... DF33: =IFERROR(DF12/DF$13,0) -> 0 | DH33: =IFERROR(DH12/DH$13,0) -> 0 | DI33: =IFERROR(DI12/DI$13,0) -> 0 | DJ33: =IFERROR(DJ12/DJ$13,0) -> 0 | DK33: =IFERROR(DK12/DK$13,0) -> 0 | DL33: =IFERROR(DL12/DL$13,0) -> 0 | DM33: =IFERROR(DM12/DM$13,0) -> 0 | DN33: =IFERROR(DN12/DN$13,0) -> 0 | DO33: =IFERROR(DO12/DO$13,0) -> 0 | ... DX33: =IFERROR(DX12/DX$13,0) -> 0 | DZ33: =IFERROR(DZ12/DZ$13,0) -> 0 | EA33: =IFERROR(EA12/EA$13,0) -> 0 | EB33: =IFERROR(EB12/EB$13,0) -> 0 | EC33: =IFERROR(EC12/EC$13,0) -> 0 | ED33: =IFERROR(ED12/ED$13,0) -> 0 | EE33: =IFERROR(EE12/EE$13,0) -> 0 | EF33: =IFERROR(EF12/EF$13,0) -> 0 | EG33: =IFERROR(EG12/EG$13,0) -> 0 | ... EP33: =IFERROR(EP12/EP$13,0) -> 0 | ER33: =IFERROR(ER12/ER$13,0) -> 0 | ES33: =IFERROR(ES12/ES$13,0) -> 0 | ET33: =IFERROR(ET12/ET$13,0) -> 0 | EU33: =IFERROR(EU12/EU$13,0) -> 0 | EV33: =IFERROR(EV12/EV$13,0) -> 0 | EW33: =IFERROR(EW12/EW$13,0) -> 0 | EX33: =IFERROR(EX12/EX$13,0) -> 0 | EY33: =IFERROR(EY12/EY$13,0) -> 0 | ... FH33: =IFERROR(FH12/FH$13,0) -> 0 | FJ33: =IFERROR(FJ12/FJ$13,0) -> 0.0032807494 | FK33: =IFERROR(FK12/FK$13,0) -> 0 | FL33: =IFERROR(FL12/FL$13,0) -> 0 | FM33: =IFERROR(FM12/FM$13,0) -> 0 | FN33: =IFERROR(FN12/FN$13,0) -> 0 | FO33: =IFERROR(FO12/FO$13,0) -> 0 | FP33: =IFERROR(FP12/FP$13,0) -> 0 | FQ33: =IFERROR(FQ12/FQ$13,0) -> 0 | ... FZ33: =IFERROR(FZ12/FZ$13,0) -> 0.0032633476 | GB33: =IFERROR(GB12/GB$13,0) -> 0.00025220097 | GC33: =IFERROR(GC12/GC$13,0) -> 0 | GD33: =IFERROR(GD12/GD$13,0) -> 0 | GE33: =IFERROR(GE12/GE$13,0) -> 0 | GF33: =IFERROR(GF12/GF$13,0) -> 0 | GG33: =IFERROR(GG12/GG$13,0) -> 0 | GH33: =IFERROR(GH12/GH$13,0) -> 0 | GI33: =IFERROR(GI12/GI$13,0) -> 0 | ... GR33: =IFERROR(GR12/GR$13,0) -> 0.00025185502 | GT33: =IFERROR(GT12/GT$13,0) -> 0 | GU33: =IFERROR(GU12/GU$13,0) -> 0 | GV33: =IFERROR(GV12/GV$13,0) -> 0 | GW33: =IFERROR(GW12/GW$13,0) -> 0 | GX33: =IFERROR(GX12/GX$13,0) -> 0 | GY33: =IFERROR(GY12/GY$13,0) -> 0 | GZ33: =IFERROR(GZ12/GZ$13,0) -> 0 | HA33: =IFERROR(HA12/HA$13,0) -> 0 | ... HJ33: =IFERROR(HJ12/HJ$13,0) -> 0 | HL33: =IFERROR(HL12/HL$13,0) -> 0 | HM33: =IFERROR(HM12/HM$13,0) -> 0 | HN33: =IFERROR(HN12/HN$13,0) -> 0 | HO33: =IFERROR(HO12/HO$13,0) -> 0 | HP33: =IFERROR(HP12/HP$13,0) -> 0 | HQ33: =IFERROR(HQ12/HQ$13,0) -> 0 | HR33: =IFERROR(HR12/HR$13,0) -> 0 | HS33: =IFERROR(HS12/HS$13,0) -> 0 | ... IB33: =IFERROR(IB12/IB$13,0) -> 0
B34: Tổng | D34: =IFERROR(D13/D$13,0) -> 1 | E34: =IFERROR(E13/E$13,0) -> 1 | F34: =IFERROR(F13/F$13,0) -> 1 | G34: =IFERROR(G13/G$13,0) -> 1 | H34: =IFERROR(H13/H$13,0) -> 1 | I34: =IFERROR(I13/I$13,0) -> 1 | J34: =IFERROR(J13/J$13,0) -> 1 | K34: =IFERROR(K13/K$13,0) -> 1 | ... T34: =IFERROR(T13/T$13,0) -> 1 | V34: =IFERROR(V13/V$13,0) -> 1 | W34: =IFERROR(W13/W$13,0) -> 1 | X34: =IFERROR(X13/X$13,0) -> 1 | Y34: =IFERROR(Y13/Y$13,0) -> 1 | Z34: =IFERROR(Z13/Z$13,0) -> 1 | AA34: =IFERROR(AA13/AA$13,0) -> 1 | AB34: =IFERROR(AB13/AB$13,0) -> 1 | AC34: =IFERROR(AC13/AC$13,0) -> 1 | ... AL34: =IFERROR(AL13/AL$13,0) -> 1 | AN34: =IFERROR(AN13/AN$13,0) -> 1 | AO34: =IFERROR(AO13/AO$13,0) -> 1 | AP34: =IFERROR(AP13/AP$13,0) -> 1 | AQ34: =IFERROR(AQ13/AQ$13,0) -> 1 | AR34: =IFERROR(AR13/AR$13,0) -> 1 | AS34: =IFERROR(AS13/AS$13,0) -> 1 | AT34: =IFERROR(AT13/AT$13,0) -> 1 | AU34: =IFERROR(AU13/AU$13,0) -> 1 | ... BD34: =IFERROR(BD13/BD$13,0) -> 1 | BF34: =IFERROR(BF13/BF$13,0) -> 1 | BG34: =IFERROR(BG13/BG$13,0) -> 1 | BH34: =IFERROR(BH13/BH$13,0) -> 1 | BI34: =IFERROR(BI13/BI$13,0) -> 1 | BJ34: =IFERROR(BJ13/BJ$13,0) -> 1 | BK34: =IFERROR(BK13/BK$13,0) -> 1 | BL34: =IFERROR(BL13/BL$13,0) -> 1 | BM34: =IFERROR(BM13/BM$13,0) -> 1 | ... BV34: =IFERROR(BV13/BV$13,0) -> 1 | BX34: =IFERROR(BX13/BX$13,0) -> 1 | BY34: =IFERROR(BY13/BY$13,0) -> 1 | BZ34: =IFERROR(BZ13/BZ$13,0) -> 1 | CA34: =IFERROR(CA13/CA$13,0) -> 1 | CB34: =IFERROR(CB13/CB$13,0) -> 1 | CC34: =IFERROR(CC13/CC$13,0) -> 1 | CD34: =IFERROR(CD13/CD$13,0) -> 0 | CE34: =IFERROR(CE13/CE$13,0) -> 1 | ... CN34: =IFERROR(CN13/CN$13,0) -> 1 | CP34: =IFERROR(CP13/CP$13,0) -> 1 | CQ34: =IFERROR(CQ13/CQ$13,0) -> 1 | CR34: =IFERROR(CR13/CR$13,0) -> 1 | CS34: =IFERROR(CS13/CS$13,0) -> 1 | CT34: =IFERROR(CT13/CT$13,0) -> 1 | CU34: =IFERROR(CU13/CU$13,0) -> 1 | CV34: =IFERROR(CV13/CV$13,0) -> 0 | CW34: =IFERROR(CW13/CW$13,0) -> 1 | ... DF34: =IFERROR(DF13/DF$13,0) -> 1 | DH34: =IFERROR(DH13/DH$13,0) -> 1 | DI34: =IFERROR(DI13/DI$13,0) -> 1 | DJ34: =IFERROR(DJ13/DJ$13,0) -> 1 | DK34: =IFERROR(DK13/DK$13,0) -> 1 | DL34: =IFERROR(DL13/DL$13,0) -> 1 | DM34: =IFERROR(DM13/DM$13,0) -> 1 | DN34: =IFERROR(DN13/DN$13,0) -> 0 | DO34: =IFERROR(DO13/DO$13,0) -> 1 | ... DX34: =IFERROR(DX13/DX$13,0) -> 1 | DZ34: =IFERROR(DZ13/DZ$13,0) -> 1 | EA34: =IFERROR(EA13/EA$13,0) -> 1 | EB34: =IFERROR(EB13/EB$13,0) -> 1 | EC34: =IFERROR(EC13/EC$13,0) -> 1 | ED34: =IFERROR(ED13/ED$13,0) -> 1 | EE34: =IFERROR(EE13/EE$13,0) -> 1 | EF34: =IFERROR(EF13/EF$13,0) -> 0 | EG34: =IFERROR(EG13/EG$13,0) -> 1 | ... EP34: =IFERROR(EP13/EP$13,0) -> 1 | ER34: =IFERROR(ER13/ER$13,0) -> 1 | ES34: =IFERROR(ES13/ES$13,0) -> 1 | ET34: =IFERROR(ET13/ET$13,0) -> 1 | EU34: =IFERROR(EU13/EU$13,0) -> 1 | EV34: =IFERROR(EV13/EV$13,0) -> 1 | EW34: =IFERROR(EW13/EW$13,0) -> 1 | EX34: =IFERROR(EX13/EX$13,0) -> 0 | EY34: =IFERROR(EY13/EY$13,0) -> 1 | ... FH34: =IFERROR(FH13/FH$13,0) -> 1 | FJ34: =IFERROR(FJ13/FJ$13,0) -> 1 | FK34: =IFERROR(FK13/FK$13,0) -> 1 | FL34: =IFERROR(FL13/FL$13,0) -> 1 | FM34: =IFERROR(FM13/FM$13,0) -> 1 | FN34: =IFERROR(FN13/FN$13,0) -> 1 | FO34: =IFERROR(FO13/FO$13,0) -> 1 | FP34: =IFERROR(FP13/FP$13,0) -> 1 | FQ34: =IFERROR(FQ13/FQ$13,0) -> 1 | ... FZ34: =IFERROR(FZ13/FZ$13,0) -> 1 | GB34: =IFERROR(GB13/GB$13,0) -> 1 | GC34: =IFERROR(GC13/GC$13,0) -> 1 | GD34: =IFERROR(GD13/GD$13,0) -> 1 | GE34: =IFERROR(GE13/GE$13,0) -> 1 | GF34: =IFERROR(GF13/GF$13,0) -> 1 | GG34: =IFERROR(GG13/GG$13,0) -> 1 | GH34: =IFERROR(GH13/GH$13,0) -> 0 | GI34: =IFERROR(GI13/GI$13,0) -> 1 | ... GR34: =IFERROR(GR13/GR$13,0) -> 1 | GT34: =IFERROR(GT13/GT$13,0) -> 1 | GU34: =IFERROR(GU13/GU$13,0) -> 1 | GV34: =IFERROR(GV13/GV$13,0) -> 1 | GW34: =IFERROR(GW13/GW$13,0) -> 1 | GX34: =IFERROR(GX13/GX$13,0) -> 1 | GY34: =IFERROR(GY13/GY$13,0) -> 1 | GZ34: =IFERROR(GZ13/GZ$13,0) -> 1 | HA34: =IFERROR(HA13/HA$13,0) -> 1 | ... HJ34: =IFERROR(HJ13/HJ$13,0) -> 1 | HL34: =IFERROR(HL13/HL$13,0) -> 1 | HM34: =IFERROR(HM13/HM$13,0) -> 1 | HN34: =IFERROR(HN13/HN$13,0) -> 1 | HO34: =IFERROR(HO13/HO$13,0) -> 1 | HP34: =IFERROR(HP13/HP$13,0) -> 1 | HQ34: =IFERROR(HQ13/HQ$13,0) -> 1 | HR34: =IFERROR(HR13/HR$13,0) -> 1 | HS34: =IFERROR(HS13/HS$13,0) -> 1 | ... IB34: =IFERROR(IB13/IB$13,0) -> 1

Sheet 2026
D1: 2026 | E1: 2026 | F1: 2026 | G1: 2026 | H1: 2026 | I1: 2026 | J1: 2026 | K1: 2026 | L1: 2026 | M1: 2026 | N1: 2026 | O1: 2026 | P1: 2026 | Q1: 2026 | R1: 2026 | S1: 2026 | T1: 2026 | V1: 2026 | W1: 2026 | X1: 2026 | Y1: 2026 | Z1: 2026 | AA1: 2026 | AB1: 2026 | AC1: 2026 | AD1: 2026 | AE1: 2026 | AF1: 2026 | AG1: 2026 | AH1: 2026 | AI1: 2026 | AJ1: 2026 | AK1: 2026 | AN1: 2026 | AO1: 2026 | AP1: 2026 | AQ1: 2026 | AR1: 2026 | AS1: 2026 | AT1: 2026 | AU1: 2026 | AV1: 2026 | AW1: 2026 | AX1: 2026 | AY1: 2026 | AZ1: 2026 | BA1: 2026 | BB1: 2026 | BC1: 2026 | BF1: 2026 | BG1: 2026 | BH1: 2026 | BI1: 2026 | BJ1: 2026 | BK1: 2026 | BL1: 2026 | BM1: 2026 | BN1: 2026 | BO1: 2026 | BP1: 2026 | BQ1: 2026 | BR1: 2026 | BS1: 2026 | BT1: 2026 | BU1: 2026 | BX1: 2026 | BY1: 2026 | BZ1: 2026 | CA1: 2026 | CB1: 2026 | CC1: 2026 | CD1: 2026 | CE1: 2026 | CF1: 2026 | CG1: 2026 | CH1: 2026 | CI1: 2026 | CJ1: 2026 | CK1: 2026 | CL1: 2026 | CM1: 2026 | CP1: 2026 | CQ1: 2026 | CR1: 2026 | CS1: 2026 | CT1: 2026 | CU1: 2026 | CV1: 2026 | CW1: 2026 | CX1: 2026 | CY1: 2026 | CZ1: 2026 | DA1: 2026 | DB1: 2026 | DC1: 2026 | DD1: 2026 | DE1: 2026 | DH1: 2026 | DI1: 2026 | DJ1: 2026 | DK1: 2026 | DL1: 2026 | DM1: 2026 | DN1: 2026 | DO1: 2026 | DP1: 2026 | DQ1: 2026 | DR1: 2026 | DS1: 2026 | DT1: 2026 | DU1: 2026 | DV1: 2026 | DW1: 2026 | DZ1: 2026 | EA1: 2026 | EB1: 2026 | EC1: 2026 | ED1: 2026 | EE1: 2026 | EF1: 2026 | EG1: 2026 | EH1: 2026 | EI1: 2026 | EJ1: 2026 | EK1: 2026 | EL1: 2026 | EM1: 2026 | EN1: 2026 | EO1: 2026 | ER1: 2026 | ES1: 2026 | ET1: 2026 | EU1: 2026 | EV1: 2026 | EW1: 2026 | EX1: 2026 | EY1: 2026 | EZ1: 2026 | FA1: 2026 | FB1: 2026 | FC1: 2026 | FD1: 2026 | FE1: 2026 | FF1: 2026 | FG1: 2026 | FJ1: 2026 | FK1: 2026 | FL1: 2026 | FM1: 2026 | FN1: 2026 | FO1: 2026 | FP1: 2026 | FQ1: 2026 | FR1: 2026 | FS1: 2026 | FT1: 2026 | FU1: 2026 | FV1: 2026 | FW1: 2026 | FX1: 2026 | FY1: 2026 | GB1: 2026 | GC1: 2026 | GD1: 2026 | GE1: 2026 | GF1: 2026 | GG1: 2026 | GH1: 2026 | GI1: 2026 | GJ1: 2026 | GK1: 2026 | GL1: 2026 | GM1: 2026 | GN1: 2026 | GO1: 2026 | GP1: 2026 | GQ1: 2026 | GT1: 2026 | GU1: 2026 | GV1: 2026 | GW1: 2026 | GX1: 2026 | GY1: 2026 | GZ1: 2026 | HA1: 2026 | HB1: 2026 | HC1: 2026 | HD1: 2026 | HE1: 2026 | HF1: 2026 | HG1: 2026 | HH1: 2026 | HI1: 2026 | HL1: 2026 | HM1: 2026 | HN1: 2026 | HO1: 2026 | HP1: 2026 | HQ1: 2026 | HR1: 2026 | HS1: 2026 | HT1: 2026 | HU1: 2026 | HV1: 2026 | HW1: 2026 | HX1: 2026 | HY1: 2026 | HZ1: 2026 | IA1: 2026
D2: FY | E2: FY | F2: FY | G2: FY | H2: FY | I2: FY | J2: FY | K2: FY | L2: FY | M2: FY | N2: FY | O2: FY | P2: FY | Q2: FY | R2: FY | S2: FY | T2: FY | V2: 1 | W2: 1 | X2: =W2 -> 1 | Y2: =X2 -> 1 | Z2: =Y2 -> 1 | AA2: =Z2 -> 1 | AB2: =AA2 -> 1 | AC2: =AB2 -> 1 | AD2: =AC2 -> 1 | AE2: =AD2 -> 1 | ... AK2: =AJ2 -> 1 | AN2: =V2+1 -> 2 | AO2: =AN2 -> 2 | AP2: =AO2 -> 2 | AQ2: =AP2 -> 2 | AR2: =AQ2 -> 2 | AS2: =AR2 -> 2 | AT2: =AS2 -> 2 | AU2: =AT2 -> 2 | AV2: =AU2 -> 2 | ... BC2: =BB2 -> 2 | BF2: =AN2+1 -> 3 | BG2: =BF2 -> 3 | BH2: =BG2 -> 3 | BI2: =BH2 -> 3 | BJ2: =BI2 -> 3 | BK2: =BJ2 -> 3 | BL2: =BK2 -> 3 | BM2: =BL2 -> 3 | BN2: =BM2 -> 3 | ... BU2: =BT2 -> 3 | BX2: =BF2+1 -> 4 | BY2: =BX2 -> 4 | BZ2: =BY2 -> 4 | CA2: =BZ2 -> 4 | CB2: =CA2 -> 4 | CC2: =CB2 -> 4 | CD2: =CC2 -> 4 | CE2: =CD2 -> 4 | CF2: =CE2 -> 4 | ... CM2: =CL2 -> 4 | CP2: =BX2+1 -> 5 | CQ2: =CP2 -> 5 | CR2: =CQ2 -> 5 | CS2: =CR2 -> 5 | CT2: =CS2 -> 5 | CU2: =CT2 -> 5 | CV2: =CU2 -> 5 | CW2: =CV2 -> 5 | CX2: =CW2 -> 5 | ... DE2: =DD2 -> 5 | DH2: =CP2+1 -> 6 | DI2: =DH2 -> 6 | DJ2: =DI2 -> 6 | DK2: =DJ2 -> 6 | DL2: =DK2 -> 6 | DM2: =DL2 -> 6 | DN2: =DM2 -> 6 | DO2: =DN2 -> 6 | DP2: =DO2 -> 6 | ... DW2: =DV2 -> 6 | DZ2: =DH2+1 -> 7 | EA2: =DZ2 -> 7 | EB2: =EA2 -> 7 | EC2: =EB2 -> 7 | ED2: =EC2 -> 7 | EE2: =ED2 -> 7 | EF2: =EE2 -> 7 | EG2: =EF2 -> 7 | EH2: =EG2 -> 7 | ... EO2: =EN2 -> 7 | ER2: =DZ2+1 -> 8 | ES2: =ER2 -> 8 | ET2: =ES2 -> 8 | EU2: =ET2 -> 8 | EV2: =EU2 -> 8 | EW2: =EV2 -> 8 | EX2: =EW2 -> 8 | EY2: =EX2 -> 8 | EZ2: =EY2 -> 8 | ... FG2: =FF2 -> 8 | FJ2: =ER2+1 -> 9 | FK2: =FJ2 -> 9 | FL2: =FK2 -> 9 | FM2: =FL2 -> 9 | FN2: =FM2 -> 9 | FO2: =FN2 -> 9 | FP2: =FO2 -> 9 | FQ2: =FP2 -> 9 | FR2: =FQ2 -> 9 | ... FY2: =FX2 -> 9 | GB2: =FJ2+1 -> 10 | GC2: =GB2 -> 10 | GD2: =GC2 -> 10 | GE2: =GD2 -> 10 | GF2: =GE2 -> 10 | GG2: =GF2 -> 10 | GH2: =GG2 -> 10 | GI2: =GH2 -> 10 | GJ2: =GI2 -> 10 | ... GQ2: =GP2 -> 10 | GT2: =GB2+1 -> 11 | GU2: =GT2 -> 11 | GV2: =GU2 -> 11 | GW2: =GV2 -> 11 | GX2: =GW2 -> 11 | GY2: =GX2 -> 11 | GZ2: =GY2 -> 11 | HA2: =GZ2 -> 11 | HB2: =HA2 -> 11 | ... HI2: =HH2 -> 11 | HL2: =GT2+1 -> 12 | HM2: =HL2 -> 12 | HN2: =HM2 -> 12 | HO2: =HN2 -> 12 | HP2: =HO2 -> 12 | HQ2: =HP2 -> 12 | HR2: =HQ2 -> 12 | HS2: =HR2 -> 12 | HT2: =HS2 -> 12 | ... IA2: =HZ2 -> 12
E3: iSS01084 | F3: iSS01 | G3: WSS01 | H3: WSS02 | I3: WSS03 | J3: WSS04 | K3: WSS05 | L3: WSS06 | M3: iSS01084-PL | N3: iSS01-PL | O3: WSS01-PL | P3: WSS03-PL | Q3: WSS05 PL | R3: Phó sản | S3: Khác | W3: iSS01084 | X3: iSS01 | Y3: WSS01 | Z3: WSS02 | AA3: WSS03 | AB3: WSS04 | AC3: WSS05 | AD3: WSS06 | AE3: iSS01084-PL | AF3: iSS01-PL | AG3: WSS01-PL | AH3: WSS03-PL | AI3: WSS05 PL | AJ3: Phó sản | AK3: Khác | AO3: iSS01084 | AP3: iSS01 | AQ3: WSS01 | AR3: WSS02 | AS3: WSS03 | AT3: WSS04 | AU3: WSS05 | AV3: WSS06 | AW3: iSS01084-PL | AX3: iSS01-PL | AY3: WSS01-PL | AZ3: WSS03-PL | BA3: WSS05 PL | BB3: Phó sản | BC3: Khác | BG3: iSS01084 | BH3: iSS01 | BI3: WSS01 | BJ3: WSS02 | BK3: WSS03 | BL3: WSS04 | BM3: WSS05 | BN3: WSS06 | BO3: iSS01084-PL | BP3: iSS01-PL | BQ3: WSS01-PL | BR3: WSS03-PL | BS3: WSS05 PL | BT3: Phó sản | BU3: Khác | BY3: iSS01084 | BZ3: iSS01 | CA3: WSS01 | CB3: WSS02 | CC3: WSS03 | CD3: WSS04 | CE3: WSS05 | CF3: WSS06 | CG3: iSS01084-PL | CH3: iSS01-PL | CI3: WSS01-PL | CJ3: WSS03-PL | CK3: WSS05 PL | CL3: Phó sản | CM3: Khác | CQ3: iSS01084 | CR3: iSS01 | CS3: WSS01 | CT3: WSS02 | CU3: WSS03 | CV3: WSS04 | CW3: WSS05 | CX3: WSS06 | CY3: iSS01084-PL | CZ3: iSS01-PL | DA3: WSS01-PL | DB3: WSS03-PL | DC3: WSS05 PL | DD3: Phó sản | DE3: Khác | DI3: iSS01084 | DJ3: iSS01 | DK3: WSS01 | DL3: WSS02 | DM3: WSS03 | DN3: WSS04 | DO3: WSS05 | DP3: WSS06 | DQ3: iSS01084-PL | DR3: iSS01-PL | DS3: WSS01-PL | DT3: WSS03-PL | DU3: WSS05 PL | DV3: Phó sản | DW3: Khác | EA3: iSS01084 | EB3: iSS01 | EC3: WSS01 | ED3: WSS02 | EE3: WSS03 | EF3: WSS04 | EG3: WSS05 | EH3: WSS06 | EI3: iSS01084-PL | EJ3: iSS01-PL | EK3: WSS01-PL | EL3: WSS03-PL | EM3: WSS05 PL | EN3: Phó sản | EO3: Khác | ES3: iSS01084 | ET3: iSS01 | EU3: WSS01 | EV3: WSS02 | EW3: WSS03 | EX3: WSS04 | EY3: WSS05 | EZ3: WSS06 | FA3: iSS01084-PL | FB3: iSS01-PL | FC3: WSS01-PL | FD3: WSS03-PL | FE3: WSS05 PL | FF3: Phó sản | FG3: Khác | FK3: iSS01084 | FL3: iSS01 | FM3: WSS01 | FN3: WSS02 | FO3: WSS03 | FP3: WSS04 | FQ3: WSS05 | FR3: WSS06 | FS3: iSS01084-PL | FT3: iSS01-PL | FU3: WSS01-PL | FV3: WSS03-PL | FW3: WSS05 PL | FX3: Phó sản | FY3: Khác | GC3: iSS01084 | GD3: iSS01 | GE3: WSS01 | GF3: WSS02 | GG3: WSS03 | GH3: WSS04 | GI3: WSS05 | GJ3: WSS06 | GK3: iSS01084-PL | GL3: iSS01-PL | GM3: WSS01-PL | GN3: WSS03-PL | GO3: WSS05 PL | GP3: Phó sản | GQ3: Khác | GU3: iSS01084 | GV3: iSS01 | GW3: WSS01 | GX3: WSS02 | GY3: WSS03 | GZ3: WSS04 | HA3: WSS05 | HB3: WSS06 | HC3: iSS01084-PL | HD3: iSS01-PL | HE3: WSS01-PL | HF3: WSS03-PL | HG3: WSS05 PL | HH3: Phó sản | HI3: Khác | HM3: iSS01084 | HN3: iSS01 | HO3: WSS01 | HP3: WSS02 | HQ3: WSS03 | HR3: WSS04 | HS3: WSS05 | HT3: WSS06 | HU3: iSS01084-PL | HV3: iSS01-PL | HW3: WSS01-PL | HX3: WSS03-PL | HY3: WSS05 PL | HZ3: Phó sản | IA3: Khác
B4: Main SKU name (Đvt: tấn) | D4: NĂM 2026-THU HỒI | V4: ="THÁNG "&W2&"-THU HỒI" -> THÁNG 1-THU HỒI | AN4: ="THÁNG "&AO2&"-THU HỒI" -> THÁNG 2-THU HỒI | BF4: ="THÁNG "&BG2&"-THU HỒI" -> THÁNG 3-THU HỒI | BX4: ="THÁNG "&BY2&"-THU HỒI" -> THÁNG 4-THU HỒI | CP4: ="THÁNG "&CQ2&"-THU HỒI" -> THÁNG 5-THU HỒI | DH4: ="THÁNG "&DI2&"-THU HỒI" -> THÁNG 6-THU HỒI | DZ4: ="THÁNG "&EA2&"-THU HỒI" -> THÁNG 7-THU HỒI | ER4: ="THÁNG "&ES2&"-THU HỒI" -> THÁNG 8-THU HỒI | FJ4: ="THÁNG "&FK2&"-THU HỒI" -> THÁNG 9-THU HỒI | GB4: ="THÁNG "&GC2&"-THU HỒI" -> THÁNG 10-THU HỒI | GT4: ="THÁNG "&GU2&"-THU HỒI" -> THÁNG 11-THU HỒI | HL4: ="THÁNG "&HM2&"-THU HỒI" -> THÁNG 12-THU HỒI
D5: TỔNG-XUẤT | E5: iSS01084 | F5: iSS01 | G5: WSS01 | H5: WSS02 | I5: WSS03 | J5: WSS04 | K5: WSS05 | L5: WSS06 | M5: iSS01084-PL | N5: iSS01-PL | O5: WSS01-PL | P5: WSS03-PL | Q5: WSS05 PL | R5: Phó sản | S5: Khác | T5: TỔNG-NHẬP | V5: TỔNG-XUẤT | W5: iSS01084 | X5: iSS01 | Y5: WSS01 | Z5: WSS02 | AA5: WSS03 | AB5: WSS04 | AC5: WSS05 | AD5: WSS06 | AE5: iSS01084-PL | AF5: iSS01-PL | AG5: WSS01-PL | AH5: WSS03-PL | AI5: WSS05 PL | AJ5: Phó sản | AK5: Khác | AL5: TỔNG-NHẬP | AN5: TỔNG-XUẤT | AO5: iSS01084 | AP5: iSS01 | AQ5: WSS01 | AR5: WSS02 | AS5: WSS03 | AT5: WSS04 | AU5: WSS05 | AV5: WSS06 | AW5: iSS01084-PL | AX5: iSS01-PL | AY5: WSS01-PL | AZ5: WSS03-PL | BA5: WSS05 PL | BB5: Phó sản | BC5: Khác | BD5: TỔNG-NHẬP | BF5: TỔNG-XUẤT | BG5: iSS01084 | BH5: iSS01 | BI5: WSS01 | BJ5: WSS02 | BK5: WSS03 | BL5: WSS04 | BM5: WSS05 | BN5: WSS06 | BO5: iSS01084-PL | BP5: iSS01-PL | BQ5: WSS01-PL | BR5: WSS03-PL | BS5: WSS05 PL | BT5: Phó sản | BU5: Khác | BV5: TỔNG-NHẬP | BX5: TỔNG-XUẤT | BY5: iSS01084 | BZ5: iSS01 | CA5: WSS01 | CB5: WSS02 | CC5: WSS03 | CD5: WSS04 | CE5: WSS05 | CF5: WSS06 | CG5: iSS01084-PL | CH5: iSS01-PL | CI5: WSS01-PL | CJ5: WSS03-PL | CK5: WSS05 PL | CL5: Phó sản | CM5: Khác | CN5: TỔNG-NHẬP | CP5: TỔNG-XUẤT | CQ5: iSS01084 | CR5: iSS01 | CS5: WSS01 | CT5: WSS02 | CU5: WSS03 | CV5: WSS04 | CW5: WSS05 | CX5: WSS06 | CY5: iSS01084-PL | CZ5: iSS01-PL | DA5: WSS01-PL | DB5: WSS03-PL | DC5: WSS05 PL | DD5: Phó sản | DE5: Khác | DF5: TỔNG-NHẬP | DH5: TỔNG-XUẤT | DI5: iSS01084 | DJ5: iSS01 | DK5: WSS01 | DL5: WSS02 | DM5: WSS03 | DN5: WSS04 | DO5: WSS05 | DP5: WSS06 | DQ5: iSS01084-PL | DR5: iSS01-PL | DS5: WSS01-PL | DT5: WSS03-PL | DU5: WSS05 PL | DV5: Phó sản | DW5: Khác | DX5: TỔNG-NHẬP | DZ5: TỔNG-XUẤT | EA5: iSS01084 | EB5: iSS01 | EC5: WSS01 | ED5: WSS02 | EE5: WSS03 | EF5: WSS04 | EG5: WSS05 | EH5: WSS06 | EI5: iSS01084-PL | EJ5: iSS01-PL | EK5: WSS01-PL | EL5: WSS03-PL | EM5: WSS05 PL | EN5: Phó sản | EO5: Khác | EP5: TỔNG-NHẬP | ER5: TỔNG-XUẤT | ES5: iSS01084 | ET5: iSS01 | EU5: WSS01 | EV5: WSS02 | EW5: WSS03 | EX5: WSS04 | EY5: WSS05 | EZ5: WSS06 | FA5: iSS01084-PL | FB5: iSS01-PL | FC5: WSS01-PL | FD5: WSS03-PL | FE5: WSS05 PL | FF5: Phó sản | FG5: Khác | FH5: TỔNG-NHẬP | FJ5: TỔNG-XUẤT | FK5: iSS01084 | FL5: iSS01 | FM5: WSS01 | FN5: WSS02 | FO5: WSS03 | FP5: WSS04 | FQ5: WSS05 | FR5: WSS06 | FS5: iSS01084-PL | FT5: iSS01-PL | FU5: WSS01-PL | FV5: WSS03-PL | FW5: WSS05 PL | FX5: Phó sản | FY5: Khác | FZ5: TỔNG-NHẬP | GB5: TỔNG-XUẤT | GC5: iSS01084 | GD5: iSS01 | GE5: WSS01 | GF5: WSS02 | GG5: WSS03 | GH5: WSS04 | GI5: WSS05 | GJ5: WSS06 | GK5: iSS01084-PL | GL5: iSS01-PL | GM5: WSS01-PL | GN5: WSS03-PL | GO5: WSS05 PL | GP5: Phó sản | GQ5: Khác | GR5: TỔNG-NHẬP | GT5: TỔNG-XUẤT | GU5: iSS01084 | GV5: iSS01 | GW5: WSS01 | GX5: WSS02 | GY5: WSS03 | GZ5: WSS04 | HA5: WSS05 | HB5: WSS06 | HC5: iSS01084-PL | HD5: iSS01-PL | HE5: WSS01-PL | HF5: WSS03-PL | HG5: WSS05 PL | HH5: Phó sản | HI5: Khác | HJ5: TỔNG-NHẬP | HL5: TỔNG-XUẤT | HM5: iSS01084 | HN5: iSS01 | HO5: WSS01 | HP5: WSS02 | HQ5: WSS03 | HR5: WSS04 | HS5: WSS05 | HT5: WSS06 | HU5: iSS01084-PL | HV5: iSS01-PL | HW5: WSS01-PL | HX5: WSS03-PL | HY5: WSS05 PL | HZ5: Phó sản | IA5: Khác | IB5: TỔNG-NHẬP
