Workbook

Sheet PnL đầy đủ
A1: BẢNG TÍNH PnL
A3: DANH MỤC | F3: NGUỒN VỐN | H3: =SUM(H5:H8) -> 4909500000 | J3: DANH MỤC | O3: NGUỒN VỐN | Q3: =SUM(Q5:Q8) -> 4909500000 | S3: DANH MỤC | X3: NGUỒN VỐN | Z3: =SUM(Z5:Z8) -> 4909500000 | AB3: DANH MỤC | AG3: NGUỒN VỐN | AI3: =SUM(AI5:AI8) -> 4909500000 | AK3: DANH MỤC | AP3: NGUỒN VỐN | AR3: =SUM(AR5:AR8) -> 4909500000 | AT3: DANH MỤC | AY3: NGUỒN VỐN | BA3: =SUM(BA5:BA8) -> 4909500000
A5: 1 | B5: Sản lượng chai xá/ngày | C5: =C6/26 -> 23076.923 | D5: Kg | F5: 1 | G5: Chi phí đầu tư 1 chuyền | H5: =G43+G53 -> 2103000000 | J5: 1 | K5: Sản lượng chai xá/ngày | L5: =L6/26 -> 1153.8462 | M5: Kg | O5: 1 | P5: Chi phí đầu tư 1 chuyền | Q5: =P43+P53 -> 2103000000 | S5: 1 | T5: Sản lượng chai xá/ngày | U5: =U6/26 -> 1923.0769 | V5: Kg | X5: 1 | Y5: Chi phí đầu tư 1 chuyền | Z5: =Y43+Y53 -> 2103000000 | AB5: 1 | AC5: Sản lượng chai xá/ngày | AD5: =AD6/26 -> 3461.5385 | AE5: Kg | AG5: 1 | AH5: Chi phí đầu tư 1 chuyền | AI5: =AH43+AH53 -> 2103000000 | AK5: 1 | AL5: Sản lượng chai xá/ngày | AM5: =AM6/26 -> 3846.1538 | AN5: Kg | AP5: 1 | AQ5: Chi phí đầu tư 1 chuyền | AR5: =AQ43+AQ53 -> 2103000000 | AT5: 1 | AU5: Sản lượng chai xá/ngày | AV5: =AV6/26 -> 5769.2308 | AW5: Kg | AY5: 1 | AZ5: Chi phí đầu tư 1 chuyền | BA5: =AZ43+AZ53 -> 2103000000
A6: 2 | B6: Sản lượng sản xuất / tháng (26 ngày) | C6: 600000 | D6: Kg | F6: 2 | G6: Đầu tư CSHT | H6: =G57 -> 806500000 | J6: 2 | K6: Sản lượng sản xuất / tháng (26 ngày) | L6: 30000 | M6: Kg | O6: 2 | P6: Đầu tư CSHT | Q6: =P57 -> 806500000 | S6: 2 | T6: Sản lượng sản xuất / tháng (26 ngày) | U6: 50000 | V6: Kg | X6: 2 | Y6: Đầu tư CSHT | Z6: =Y57 -> 806500000 | AB6: 2 | AC6: Sản lượng sản xuất / tháng (26 ngày) | AD6: 90000 | AE6: Kg | AG6: 2 | AH6: Đầu tư CSHT | AI6: =AH57 -> 806500000 | AK6: 2 | AL6: Sản lượng sản xuất / tháng (26 ngày) | AM6: 100000 | AN6: Kg | AP6: 2 | AQ6: Đầu tư CSHT | AR6: =AQ57 -> 806500000 | AT6: 2 | AU6: Sản lượng sản xuất / tháng (26 ngày) | AV6: 150000 | AW6: Kg | AY6: 2 | AZ6: Đầu tư CSHT | BA6: =AZ57 -> 806500000
A7: 3 | B7: Giá chai xá mua trung bình tại vựa (GV) | C7: 8000 | D7: Vnđ/Kg | F7: 3 | G7: Xe | H7: 0 | J7: 3 | K7: Giá chai xá mua trung bình tại vựa (GV) | L7: 8000 | M7: Vnđ/Kg | O7: 3 | P7: Xe | Q7: 0 | S7: 3 | T7: Giá chai xá mua trung bình tại vựa (GV) | U7: 8000 | V7: Vnđ/Kg | X7: 3 | Y7: Xe | Z7: 0 | AB7: 3 | AC7: Giá chai xá mua trung bình tại vựa (GV) | AD7: 8000 | AE7: Vnđ/Kg | AG7: 3 | AH7: Xe | AI7: 0 | AK7: 3 | AL7: Giá chai xá mua trung bình tại vựa (GV) | AM7: 8000 | AN7: Vnđ/Kg | AP7: 3 | AQ7: Xe | AR7: 0 | AT7: 3 | AU7: Giá chai xá mua trung bình tại vựa (GV) | AV7: 8000 | AW7: Vnđ/Kg | AY7: 3 | AZ7: Xe | BA7: 0
A8: 4 | B8: Đơn giá gia công (CP+KH-GV) | C8: =F13-C7 -> 1203 | D8: Vnđ/Kg | F8: 4 | G8: Vốn lưu động + dự phòng | H8: 2000000000 | J8: 4 | K8: Đơn giá gia công (CP+KH-GV) | L8: =O13-L7 -> 2404 | M8: Vnđ/Kg | O8: 4 | P8: Vốn lưu động + dự phòng | Q8: 2000000000 | S8: 4 | T8: Đơn giá gia công (CP+KH-GV) | U8: =X13-U7 -> 1838 | V8: Vnđ/Kg | X8: 4 | Y8: Vốn lưu động + dự phòng | Z8: 2000000000 | AB8: 4 | AC8: Đơn giá gia công (CP+KH-GV) | AD8: =AG13-AD7 -> 1736 | AE8: Vnđ/Kg | AG8: 4 | AH8: Vốn lưu động + dự phòng | AI8: 2000000000 | AK8: 4 | AL8: Đơn giá gia công (CP+KH-GV) | AM8: =AP13-AM7 -> 1651 | AN8: Vnđ/Kg | AP8: 4 | AQ8: Vốn lưu động + dự phòng | AR8: 2000000000 | AT8: 4 | AU8: Đơn giá gia công (CP+KH-GV) | AV8: =AY13-AV7 -> 1423 | AW8: Vnđ/Kg | AY8: 4 | AZ8: Vốn lưu động + dự phòng | BA8: 2000000000
A9: 5 | B9: Lãi gộp kỳ vọng (LG) | C9: 500 | D9: Vnđ/Kg | J9: 5 | K9: Lãi gộp kỳ vọng (LG) | L9: 500 | M9: Vnđ/Kg | S9: 5 | T9: Lãi gộp kỳ vọng (LG) | U9: 500 | V9: Vnđ/Kg | AB9: 5 | AC9: Lãi gộp kỳ vọng (LG) | AD9: 500 | AE9: Vnđ/Kg | AK9: 5 | AL9: Lãi gộp kỳ vọng (LG) | AM9: 500 | AN9: Vnđ/Kg | AT9: 5 | AU9: Lãi gộp kỳ vọng (LG) | AV9: 500 | AW9: Vnđ/Kg
A11: STT | B11: DANH MỤC | C11: CHI TIẾT | D11: TỈ LỆ/ĐVT | E11: SL | F11: ĐƠN GIÁ | G11: THÀNH TIỀN | H11: GHI CHÚ | J11: STT | K11: DANH MỤC | L11: CHI TIẾT | M11: TỈ LỆ/ĐVT | N11: SL | O11: ĐƠN GIÁ | P11: THÀNH TIỀN | Q11: GHI CHÚ | S11: STT | T11: DANH MỤC | U11: CHI TIẾT | V11: TỈ LỆ/ĐVT | W11: SL | X11: ĐƠN GIÁ | Y11: THÀNH TIỀN | Z11: GHI CHÚ | AB11: STT | AC11: DANH MỤC | AD11: CHI TIẾT | AE11: TỈ LỆ/ĐVT | AF11: SL | AG11: ĐƠN GIÁ | AH11: THÀNH TIỀN | AI11: GHI CHÚ | AK11: STT | AL11: DANH MỤC | AM11: CHI TIẾT | AN11: TỈ LỆ/ĐVT | AO11: SL | AP11: ĐƠN GIÁ | AQ11: THÀNH TIỀN | AR11: GHI CHÚ | AT11: STT | AU11: DANH MỤC | AV11: CHI TIẾT | AW11: TỈ LỆ/ĐVT | AX11: SL | AY11: ĐƠN GIÁ | AZ11: THÀNH TIỀN | BA11: GHI CHÚ
A12: A | B12: Doanh thu | D12: Kg | E12: =E13 -> 570000 | F12: =IF(SUM(C7:C9)>9700,9700,SUM(C7:C9)) -> 9700 | G12: =E12*F12 -> 5529000000 | J12: A | K12: Doanh thu | M12: Kg | N12: =N13 -> 28500 | O12: =IF(SUM(L7:L9)>9700,9700,SUM(L7:L9)) -> 9700 | P12: =N12*O12 -> 276450000 | S12: A | T12: Doanh thu | V12: Kg | W12: =W13 -> 47500 | X12: =IF(SUM(U7:U9)>9700,9700,SUM(U7:U9)) -> 9700 | Y12: =W12*X12 -> 460750000 | AB12: A | AC12: Doanh thu | AE12: Kg | AF12: =AF13 -> 85500 | AG12: =IF(SUM(AD7:AD9)>9700,9700,SUM(AD7:AD9)) -> 9700 | AH12: =AF12*AG12 -> 829350000 | AK12: A | AL12: Doanh thu | AN12: Kg | AO12: =AO13 -> 95000 | AP12: =IF(SUM(AM7:AM9)>9700,9700,SUM(AM7:AM9)) -> 9700 | AQ12: =AO12*AP12 -> 921500000 | AT12: A | AU12: Doanh thu | AW12: Kg | AX12: =AX13 -> 142500 | AY12: =IF(SUM(AV7:AV9)>9700,9700,SUM(AV7:AV9)) -> 9700 | AZ12: =AX12*AY12 -> 1382250000
A13: B | B13: Tổng chi phí gia công thành phẩm (CP) | D13: Kg | E13: =C6-E18 -> 570000 | F13: =ROUNDUP(G13/E13,0) -> 9203 | G13: =G14+G25+G32+G38+G40+G56 -> 5.2454529e+09 | J13: B | K13: Tổng chi phí gia công thành phẩm (CP) | M13: Kg | N13: =L6-N18 -> 28500 | O13: =ROUNDUP(P13/N13,0) -> 10404 | P13: =P14+P25+P32+P38+P40+P56 -> 2.9650198e+08 | S13: B | T13: Tổng chi phí gia công thành phẩm (CP) | V13: Kg | W13: =U6-W18 -> 47500 | X13: =ROUNDUP(Y13/W13,0) -> 9838 | Y13: =Y14+Y25+Y32+Y38+Y40+Y56 -> 4.6728885e+08 | AB13: B | AC13: Tổng chi phí gia công thành phẩm (CP) | AE13: Kg | AF13: =AD6-AF18 -> 85500 | AG13: =ROUNDUP(AH13/AF13,0) -> 9736 | AH13: =AH14+AH25+AH32+AH38+AH40+AH56 -> 8.3238759e+08 | AK13: B | AL13: Tổng chi phí gia công thành phẩm (CP) | AN13: Kg | AO13: =AM6-AO18 -> 95000 | AP13: =ROUNDUP(AQ13/AO13,0) -> 9651 | AQ13: =AQ14+AQ25+AQ32+AQ38+AQ40+AQ56 -> 9.1678103e+08 | AT13: B | AU13: Tổng chi phí gia công thành phẩm (CP) | AW13: Kg | AX13: =AV6-AX18 -> 142500 | AY13: =ROUNDUP(AZ13/AX13,0) -> 9423 | AZ13: =AZ14+AZ25+AZ32+AZ38+AZ40+AZ56 -> 1.3427482e+09
A14: 1 | B14: COGS | D14: Kg | E14: =E13 -> 570000 | F14: =G14/E14 -> 8421.0526 | G14: =SUM(G15:G18) -> 4800000000 | J14: 1 | K14: COGS | M14: Kg | N14: =N13 -> 28500 | O14: =P14/N14 -> 8421.0526 | P14: =SUM(P15:P18) -> 240000000 | S14: 1 | T14: COGS | V14: Kg | W14: =W13 -> 47500 | X14: =Y14/W14 -> 8421.0526 | Y14: =SUM(Y15:Y18) -> 400000000 | AB14: 1 | AC14: COGS | AE14: Kg | AF14: =AF13 -> 85500 | AG14: =AH14/AF14 -> 8421.0526 | AH14: =SUM(AH15:AH18) -> 720000000 | AK14: 1 | AL14: COGS | AN14: Kg | AO14: =AO13 -> 95000 | AP14: =AQ14/AO14 -> 8421.0526 | AQ14: =SUM(AQ15:AQ18) -> 800000000 | AT14: 1 | AU14: COGS | AW14: Kg | AX14: =AX13 -> 142500 | AY14: =AZ14/AX14 -> 8421.0526 | AZ14: =SUM(AZ15:AZ18) -> 1200000000
A15: 1.1 | B15: B0 nhập đến kho | D15: 1 | E15: =C6 -> 600000 | F15: =C7 -> 8000 | G15: =E15*F15 -> 4800000000 | J15: 1.1 | K15: B0 nhập đến kho | M15: 1 | N15: =L6 -> 30000 | O15: =L7 -> 8000 | P15: =N15*O15 -> 240000000 | S15: 1.1 | T15: B0 nhập đến kho | V15: 1 | W15: =U6 -> 50000 | X15: =U7 -> 8000 | Y15: =W15*X15 -> 400000000 | AB15: 1.1 | AC15: B0 nhập đến kho | AE15: 1 | AF15: =AD6 -> 90000 | AG15: =AD7 -> 8000 | AH15: =AF15*AG15 -> 720000000 | AK15: 1.1 | AL15: B0 nhập đến kho | AN15: 1 | AO15: =AM6 -> 100000 | AP15: =AM7 -> 8000 | AQ15: =AO15*AP15 -> 800000000 | AT15: 1.1 | AU15: B0 nhập đến kho | AW15: 1 | AX15: =AV6 -> 150000 | AY15: =AV7 -> 8000 | AZ15: =AX15*AY15 -> 1200000000
B16: Mua chai xá | C16: Chi phí mua chai xá giao đến trạm | E16: =C6 -> 600000 | F16: =C7 -> 8000 | K16: Mua chai xá | L16: Chi phí mua chai xá giao đến trạm | N16: =L6 -> 30000 | O16: =L7 -> 8000 | T16: Mua chai xá | U16: Chi phí mua chai xá giao đến trạm | W16: =U6 -> 50000 | X16: =U7 -> 8000 | AC16: Mua chai xá | AD16: Chi phí mua chai xá giao đến trạm | AF16: =AD6 -> 90000 | AG16: =AD7 -> 8000 | AL16: Mua chai xá | AM16: Chi phí mua chai xá giao đến trạm | AO16: =AM6 -> 100000 | AP16: =AM7 -> 8000 | AU16: Mua chai xá | AV16: Chi phí mua chai xá giao đến trạm | AX16: =AV6 -> 150000 | AY16: =AV7 -> 8000
B17: Chi phí thu gom | C17: Nếu gom từ vựa | E17: =E16 -> 600000 | F17: 0 | K17: Chi phí thu gom | L17: Nếu gom từ vựa | N17: =N16 -> 30000 | O17: 0 | T17: Chi phí thu gom | U17: Nếu gom từ vựa | W17: =W16 -> 50000 | X17: 0 | AC17: Chi phí thu gom | AD17: Nếu gom từ vựa | AF17: =AF16 -> 90000 | AG17: 0 | AL17: Chi phí thu gom | AM17: Nếu gom từ vựa | AO17: =AO16 -> 100000 | AP17: 0 | AU17: Chi phí thu gom | AV17: Nếu gom từ vựa | AX17: =AX16 -> 150000 | AY17: 0
A18: 1.2 | B18: Hao hụt | D18: 0.05 | E18: =E15*D18 -> 30000 | F18: 0 | G18: =F18*E18 -> 0 | H18: Tính mất đi hoàn toàn và không thu hồi được | J18: 1.2 | K18: Hao hụt | M18: 0.05 | N18: =N15*M18 -> 1500 | O18: 0 | P18: =O18*N18 -> 0 | Q18: Tính mất đi hoàn toàn và không thu hồi được | S18: 1.2 | T18: Hao hụt | V18: 0.05 | W18: =W15*V18 -> 2500 | X18: 0 | Y18: =X18*W18 -> 0 | Z18: Tính mất đi hoàn toàn và không thu hồi được | AB18: 1.2 | AC18: Hao hụt | AE18: 0.05 | AF18: =AF15*AE18 -> 4500 | AG18: 0 | AH18: =AG18*AF18 -> 0 | AI18: Tính mất đi hoàn toàn và không thu hồi được | AK18: 1.2 | AL18: Hao hụt | AN18: 0.05 | AO18: =AO15*AN18 -> 5000 | AP18: 0 | AQ18: =AP18*AO18 -> 0 | AR18: Tính mất đi hoàn toàn và không thu hồi được | AT18: 1.2 | AU18: Hao hụt | AW18: 0.05 | AX18: =AX15*AW18 -> 7500 | AY18: 0 | AZ18: =AY18*AX18 -> 0 | BA18: Tính mất đi hoàn toàn và không thu hồi được
B19: Công đoạn 1: Nhập hàng | K19: Công đoạn 1: Nhập hàng | T19: Công đoạn 1: Nhập hàng | AC19: Công đoạn 1: Nhập hàng | AL19: Công đoạn 1: Nhập hàng | AU19: Công đoạn 1: Nhập hàng
B20: Công đoạn 2: Sạc bì | K20: Công đoạn 2: Sạc bì | T20: Công đoạn 2: Sạc bì | AC20: Công đoạn 2: Sạc bì | AL20: Công đoạn 2: Sạc bì | AU20: Công đoạn 2: Sạc bì
B21: Công đoạn 3: Ép kiện và lưu kho | K21: Công đoạn 3: Ép kiện và lưu kho | T21: Công đoạn 3: Ép kiện và lưu kho | AC21: Công đoạn 3: Ép kiện và lưu kho | AL21: Công đoạn 3: Ép kiện và lưu kho | AU21: Công đoạn 3: Ép kiện và lưu kho
B22: Công đoạn 4: Nhập kho thanh toán hàng | K22: Công đoạn 4: Nhập kho thanh toán hàng | T22: Công đoạn 4: Nhập kho thanh toán hàng | AC22: Công đoạn 4: Nhập kho thanh toán hàng | AL22: Công đoạn 4: Nhập kho thanh toán hàng | AU22: Công đoạn 4: Nhập kho thanh toán hàng
B23: Công đoạn 5: Xuất kho bán hàng | H23: Không bao gồm vận chuyển | K23: Công đoạn 5: Xuất kho bán hàng | Q23: Không bao gồm vận chuyển | T23: Công đoạn 5: Xuất kho bán hàng | Z23: Không bao gồm vận chuyển | AC23: Công đoạn 5: Xuất kho bán hàng | AI23: Không bao gồm vận chuyển | AL23: Công đoạn 5: Xuất kho bán hàng | AR23: Không bao gồm vận chuyển | AU23: Công đoạn 5: Xuất kho bán hàng | BA23: Không bao gồm vận chuyển
A25: 2 | B25: CHI PHÍ SẢN XUẤT | D25: Kg | E25: =E13 -> 570000 | F25: =G25/E25 -> 380.01086 | G25: =G26+G27 -> 2.1660619e+08 | J25: 2 | K25: CHI PHÍ SẢN XUẤT | M25: Kg | N25: =N13 -> 28500 | O25: =P25/N25 -> 602.81787 | P25: =P26+P27 -> 17180309 | S25: 2 | T25: CHI PHÍ SẢN XUẤT | V25: Kg | W25: =W13 -> 47500 | X25: =Y25/W25 -> 567.73015 | Y25: =Y26+Y27 -> 26967182 | AB25: 2 | AC25: CHI PHÍ SẢN XUẤT | AE25: Kg | AF25: =AF13 -> 85500 | AG25: =AH25/AF25 -> 544.33834 | AH25: =AH26+AH27 -> 46540928 | AK25: 2 | AL25: CHI PHÍ SẢN XUẤT | AN25: Kg | AO25: =AO13 -> 95000 | AP25: =AQ25/AO25 -> 536.15121 | AQ25: =AQ26+AQ27 -> 50934365 | AT25: 2 | AU25: CHI PHÍ SẢN XUẤT | AW25: Kg | AX25: =AX13 -> 142500 | AY25: =AZ25/AX25 -> 525.62489 | AZ25: =AZ26+AZ27 -> 74901547
A26: 2.1 | B26: Chi phí nhân công sản xuất theo sản phẩm | C26: 3 nhân công cơ bản | D26: Kg | E26: =E13 -> 570000 | F26: =(3*10000000)/C6 -> 50 | G26: =F26*E26 -> 28500000 | H26: Áp dụng cho sản lượng của 1 chuyền, công suất 900 kg/giờ | J26: 2.1 | K26: Chi phí nhân công sản xuất theo sản phẩm | L26: 3 nhân công cơ bản | M26: Kg | N26: =N13 -> 28500 | O26: =(3*10000000)/200000 -> 150 | P26: =O26*N26 -> 4275000 | Q26: Áp dụng cho sản lượng của 1 chuyền, công suất 900 kg/giờ | S26: 2.1 | T26: Chi phí nhân công sản xuất theo sản phẩm | U26: 3 nhân công cơ bản | V26: Kg | W26: =W13 -> 47500 | X26: =(3*10000000)/200000 -> 150 | Y26: =X26*W26 -> 7125000 | Z26: Áp dụng cho sản lượng của 1 chuyền, công suất 900 kg/giờ | AB26: 2.1 | AC26: Chi phí nhân công sản xuất theo sản phẩm | AD26: 3 nhân công cơ bản | AE26: Kg | AF26: =AF13 -> 85500 | AG26: =(3*10000000)/200000 -> 150 | AH26: =AG26*AF26 -> 12825000 | AI26: Áp dụng cho sản lượng của 1 chuyền, công suất 900 kg/giờ | AK26: 2.1 | AL26: Chi phí nhân công sản xuất theo sản phẩm | AM26: 3 nhân công cơ bản | AN26: Kg | AO26: =AO13 -> 95000 | AP26: =(3*10000000)/200000 -> 150 | AQ26: =AP26*AO26 -> 14250000 | AR26: Áp dụng cho sản lượng của 1 chuyền, công suất 900 kg/giờ | AT26: 2.1 | AU26: Chi phí nhân công sản xuất theo sản phẩm | AV26: 3 nhân công cơ bản | AW26: Kg | AX26: =AX13 -> 142500 | AY26: =(3*10000000)/200000 -> 150 | AZ26: =AY26*AX26 -> 21375000 | BA26: Áp dụng cho sản lượng của 1 chuyền, công suất 900 kg/giờ
A27: 2.2 | B27: Chi phí sản xuất chung | D27: Kg | E27: =E13 -> 570000 | F27: =G27/E27 -> 330.01086 | G27: =SUM(G28:G31) -> 1.8810619e+08 | J27: 2.2 | K27: Chi phí sản xuất chung | M27: Kg | N27: =N13 -> 28500 | O27: =P27/N27 -> 452.81787 | P27: =SUM(P28:P31) -> 12905309 | S27: 2.2 | T27: Chi phí sản xuất chung | V27: Kg | W27: =W13 -> 47500 | X27: =Y27/W27 -> 417.73015 | Y27: =SUM(Y28:Y31) -> 19842182 | AB27: 2.2 | AC27: Chi phí sản xuất chung | AE27: Kg | AF27: =AF13 -> 85500 | AG27: =AH27/AF27 -> 394.33834 | AH27: =SUM(AH28:AH31) -> 33715928 | AK27: 2.2 | AL27: Chi phí sản xuất chung | AN27: Kg | AO27: =AO13 -> 95000 | AP27: =AQ27/AO27 -> 386.15121 | AQ27: =SUM(AQ28:AQ31) -> 36684365 | AT27: 2.2 | AU27: Chi phí sản xuất chung | AW27: Kg | AX27: =AX13 -> 142500 | AY27: =AZ27/AX27 -> 375.62489 | AZ27: =SUM(AZ28:AZ31) -> 53526547
A28: 2.2.1 | B28: Chi phí điện nhà xưởng | C28: Băng tải 2 kW Quạt thổi 10 kW Vít tải 7,5 kW (40%) Máy ép 75 kW (40%) Quạt đèn 1 kW | D28: Kwh | E28: =(2+10+(7.5+75)*0.4+1)*8*26*(C5/900/8) -> 30666.667 | F28: =(1.5*3640+6.5*1987)/8 -> 2296.9375 | G28: =F28*E28 -> 70439417 | H28: Cao điểm: 3,640 đ/kWh; 1,5 giờ/ngày Bình thường: 1,987 đ/kWh; 6,5 giờ/ngày. Công suất máy 900 kg/giờ | J28: 2.2.1 | K28: Chi phí điện nhà xưởng | L28: Băng tải 2 kW Quạt thổi 10 kW Vít tải 7,5 kW (40%) Máy ép 75 kW (40%) Quạt đèn 1 kW | M28: Kwh | N28: =(2+10+(7.5+75)*0.4+1)*8*26*(L5/900/8) -> 1533.3333 | O28: =(1.5*3640+6.5*1987)/8 -> 2296.9375 | P28: =O28*N28 -> 3521970.8 | Q28: Cao điểm: 3,640 đ/kWh; 1,5 giờ/ngày Bình thường: 1,987 đ/kWh; 6,5 giờ/ngày. Công suất máy 900 kg/giờ | S28: 2.2.1 | T28: Chi phí điện nhà xưởng | U28: Băng tải 2 kW Quạt thổi 10 kW Vít tải 7,5 kW (40%) Máy ép 75 kW (40%) Quạt đèn 1 kW | V28: Kwh | W28: =(2+10+(7.5+75)*0.4+1)*8*26*(U5/900/8) -> 2555.5556 | X28: =(1.5*3640+6.5*1987)/8 -> 2296.9375 | Y28: =X28*W28 -> 5869951.4 | Z28: Cao điểm: 3,640 đ/kWh; 1,5 giờ/ngày Bình thường: 1,987 đ/kWh; 6,5 giờ/ngày. Công suất máy 900 kg/giờ | AB28: 2.2.1 | AC28: Chi phí điện nhà xưởng | AD28: Băng tải 2 kW Quạt thổi 10 kW Vít tải 7,5 kW (40%) Máy ép 75 kW (40%) Quạt đèn 1 kW | AE28: Kwh | AF28: =(2+10+(7.5+75)*0.4+1)*8*26*(AD5/900/8) -> 4600 | AG28: =(1.5*3640+6.5*1987)/8 -> 2296.9375 | AH28: =AG28*AF28 -> 10565912 | AI28: Cao điểm: 3,640 đ/kWh; 1,5 giờ/ngày Bình thường: 1,987 đ/kWh; 6,5 giờ/ngày. Công suất máy 900 kg/giờ | AK28: 2.2.1 | AL28: Chi phí điện nhà xưởng | AM28: Băng tải 2 kW Quạt thổi 10 kW Vít tải 7,5 kW (40%) Máy ép 75 kW (40%) Quạt đèn 1 kW | AN28: Kwh | AO28: =(2+10+(7.5+75)*0.4+1)*8*26*(AM5/900/8) -> 5111.1111 | AP28: =(1.5*3640+6.5*1987)/8 -> 2296.9375 | AQ28: =AP28*AO28 -> 11739903 | AR28: Cao điểm: 3,640 đ/kWh; 1,5 giờ/ngày Bình thường: 1,987 đ/kWh; 6,5 giờ/ngày. Công suất máy 900 kg/giờ | AT28: 2.2.1 | AU28: Chi phí điện nhà xưởng | AV28: Băng tải 2 kW Quạt thổi 10 kW Vít tải 7,5 kW (40%) Máy ép 75 kW (40%) Quạt đèn 1 kW | AW28: Kwh | AX28: =(2+10+(7.5+75)*0.4+1)*8*26*(AV5/900/8) -> 7666.6667 | AY28: =(1.5*3640+6.5*1987)/8 -> 2296.9375 | AZ28: =AY28*AX28 -> 17609854 | BA28: Cao điểm: 3,640 đ/kWh; 1,5 giờ/ngày Bình thường: 1,987 đ/kWh; 6,5 giờ/ngày. Công suất máy 900 kg/giờ
A29: 2.2.2 | B29: Chi phí dây cột kiện | D29: Kg | E29: =0.26*(E27/110)*1.05 -> 1414.6364 | F29: 50926 | G29: =F29*E29 -> 72041771 | H29: ="110 kg/kiện <=> ~"& ROUNDUP(E27/110,0)&" kiện, 0,26kg dây/kiện, hao hụt đứt dây 5%" -> 110 kg/kiện <=> ~5182 kiện, 0,26kg dây/kiện, hao hụt đứt dây 5% | J29: 2.2.2 | K29: Chi phí dây cột kiện | M29: Kg | N29: =0.26*(N27/110)*1.05 -> 70.731818 | O29: 50926 | P29: =O29*N29 -> 3602088.6 | Q29: ="110 kg/kiện <=> ~"& ROUNDUP(N27/110,0)&" kiện, 0,26kg dây/kiện, hao hụt đứt dây 5%" -> 110 kg/kiện <=> ~260 kiện, 0,26kg dây/kiện, hao hụt đứt dây 5% | S29: 2.2.2 | T29: Chi phí dây cột kiện | V29: Kg | W29: =0.26*(W27/110)*1.05 -> 117.88636 | X29: 50926 | Y29: =X29*W29 -> 6003481 | Z29: ="110 kg/kiện <=> ~"& ROUNDUP(W27/110,0)&" kiện, 0,26kg dây/kiện, hao hụt đứt dây 5%" -> 110 kg/kiện <=> ~432 kiện, 0,26kg dây/kiện, hao hụt đứt dây 5% | AB29: 2.2.2 | AC29: Chi phí dây cột kiện | AE29: Kg | AF29: =0.26*(AF27/110)*1.05 -> 212.19545 | AG29: 50926 | AH29: =AG29*AF29 -> 10806266 | AI29: ="110 kg/kiện <=> ~"& ROUNDUP(AF27/110,0)&" kiện, 0,26kg dây/kiện, hao hụt đứt dây 5%" -> 110 kg/kiện <=> ~778 kiện, 0,26kg dây/kiện, hao hụt đứt dây 5% | AK29: 2.2.2 | AL29: Chi phí dây cột kiện | AN29: Kg | AO29: =0.26*(AO27/110)*1.05 -> 235.77273 | AP29: 50926 | AQ29: =AP29*AO29 -> 12006962 | AR29: ="110 kg/kiện <=> ~"& ROUNDUP(AO27/110,0)&" kiện, 0,26kg dây/kiện, hao hụt đứt dây 5%" -> 110 kg/kiện <=> ~864 kiện, 0,26kg dây/kiện, hao hụt đứt dây 5% | AT29: 2.2.2 | AU29: Chi phí dây cột kiện | AW29: Kg | AX29: =0.26*(AX27/110)*1.05 -> 353.65909 | AY29: 50926 | AZ29: =AY29*AX29 -> 18010443 | BA29: ="110 kg/kiện <=> ~"& ROUNDUP(AX27/110,0)&" kiện, 0,26kg dây/kiện, hao hụt đứt dây 5%" -> 110 kg/kiện <=> ~1296 kiện, 0,26kg dây/kiện, hao hụt đứt dây 5%
A30: 2.2.3 | B30: Chi phí xăng dầu xe nâng | D30: Kg | E30: =E27 -> 570000 | F30: =10000000/160000 -> 62.5 | G30: =F30*E30 -> 35625000 | H30: 10tr tiền dầu sản xuất được 160 tấn thành phẩm | J30: 2.2.3 | K30: Chi phí xăng dầu xe nâng | M30: Kg | N30: =N27 -> 28500 | O30: =10000000/160000 -> 62.5 | P30: =O30*N30 -> 1781250 | Q30: 10tr tiền dầu sản xuất được 160 tấn thành phẩm | S30: 2.2.3 | T30: Chi phí xăng dầu xe nâng | V30: Kg | W30: =W27 -> 47500 | X30: =10000000/160000 -> 62.5 | Y30: =X30*W30 -> 2968750 | Z30: 10tr tiền dầu sản xuất được 160 tấn thành phẩm | AB30: 2.2.3 | AC30: Chi phí xăng dầu xe nâng | AE30: Kg | AF30: =AF27 -> 85500 | AG30: =10000000/160000 -> 62.5 | AH30: =AG30*AF30 -> 5343750 | AI30: 10tr tiền dầu sản xuất được 160 tấn thành phẩm | AK30: 2.2.3 | AL30: Chi phí xăng dầu xe nâng | AN30: Kg | AO30: =AO27 -> 95000 | AP30: =10000000/160000 -> 62.5 | AQ30: =AP30*AO30 -> 5937500 | AR30: 10tr tiền dầu sản xuất được 160 tấn thành phẩm | AT30: 2.2.3 | AU30: Chi phí xăng dầu xe nâng | AW30: Kg | AX30: =AX27 -> 142500 | AY30: =10000000/160000 -> 62.5 | AZ30: =AY30*AX30 -> 8906250 | BA30: 10tr tiền dầu sản xuất được 160 tấn thành phẩm
A31: 2.2.4 | B31: Chi phí CCDC, thiết bị - phục vụ sản xuất (bảo dưỡng MMTB) | D31: Tháng | E31: 1 | F31: 10000000 | G31: =F31*E31 -> 10000000 | H31: sửa chữa,bơm dầu, mỡ,… hàng tháng | J31: 2.2.4 | K31: Chi phí CCDC, thiết bị - phục vụ sản xuất (bảo dưỡng MMTB) | M31: Tháng | N31: 1 | O31: 4000000 | P31: =O31*N31 -> 4000000 | Q31: sửa chữa,bơm dầu, mỡ,… hàng tháng | S31: 2.2.4 | T31: Chi phí CCDC, thiết bị - phục vụ sản xuất (bảo dưỡng MMTB) | V31: Tháng | W31: 1 | X31: 5000000 | Y31: =X31*W31 -> 5000000 | Z31: bơm dầu, mỡ,… hàng tháng | AB31: 2.2.4 | AC31: Chi phí CCDC, thiết bị - phục vụ sản xuất (bảo dưỡng MMTB) | AE31: Tháng | AF31: 1 | AG31: 7000000 | AH31: =AG31*AF31 -> 7000000 | AI31: bơm dầu, mỡ,… hàng tháng | AK31: 2.2.4 | AL31: Chi phí CCDC, thiết bị - phục vụ sản xuất (bảo dưỡng MMTB) | AN31: Tháng | AO31: 1 | AP31: 7000000 | AQ31: =AP31*AO31 -> 7000000 | AR31: bơm dầu, mỡ,… hàng tháng | AT31: 2.2.4 | AU31: Chi phí CCDC, thiết bị - phục vụ sản xuất (bảo dưỡng MMTB) | AW31: Tháng | AX31: 1 | AY31: 9000000 | AZ31: =AY31*AX31 -> 9000000 | BA31: bơm dầu, mỡ,… hàng tháng
A32: 3 | B32: Chi phí quản lý chung | D32: Kg | E32: =E13 -> 570000 | F32: =G32/E32 -> 377.90351 | G32: =SUM(G33:G37) -> 215405000 | J32: 3 | K32: Chi phí quản lý chung | M32: Kg | N32: =N13 -> 28500 | O32: =P32/N32 -> 908.07018 | P32: =SUM(P33:P37) -> 25880000 | S32: 3 | T32: Chi phí quản lý chung | V32: Kg | W32: =W13 -> 47500 | X32: =Y32/W32 -> 565.89474 | Y32: =SUM(Y33:Y37) -> 26880000 | AB32: 3 | AC32: Chi phí quản lý chung | AE32: Kg | AF32: =AF13 -> 85500 | AG32: =AH32/AF32 -> 612.92398 | AH32: =SUM(AH33:AH37) -> 52405000 | AK32: 3 | AL32: Chi phí quản lý chung | AN32: Kg | AO32: =AO13 -> 95000 | AP32: =AQ32/AO32 -> 551.63158 | AQ32: =SUM(AQ33:AQ37) -> 52405000 | AT32: 3 | AU32: Chi phí quản lý chung | AW32: Kg | AX32: =AX13 -> 142500 | AY32: =AZ32/AX32 -> 381.78947 | AZ32: =SUM(AZ33:AZ37) -> 54405000
A33: 3.1 | B33: Tổ Trưởng Trạm | D33: Người | E33: 1 | F33: ='Chi phí sản xuất'!$D$18 -> 23525000 | G33: =F33*E33 -> 23525000 | H33: 1 nhân sự kiểm tra và coi hàng | J33: 3.1 | K33: Tổ Trưởng Trạm | M33: Người | N33: 0 | O33: ='Chi phí sản xuất'!$D$18 -> 23525000 | P33: =O33*N33 -> 0 | Q33: 1 nhân sự kiểm tra và coi hàng | S33: 3.1 | T33: Tổ Trưởng Trạm | V33: Người | W33: 0 | X33: ='Chi phí sản xuất'!$D$18 -> 23525000 | Y33: =X33*W33 -> 0 | Z33: 1 nhân sự kiểm tra và coi hàng | AB33: 3.1 | AC33: Tổ Trưởng Trạm | AE33: Người | AF33: 1 | AG33: ='Chi phí sản xuất'!$D$18 -> 23525000 | AH33: =AG33*AF33 -> 23525000 | AI33: 1 nhân sự kiểm tra và coi hàng | AK33: 3.1 | AL33: Tổ Trưởng Trạm | AN33: Người | AO33: 1 | AP33: ='Chi phí sản xuất'!$D$18 -> 23525000 | AQ33: =AP33*AO33 -> 23525000 | AR33: 1 nhân sự kiểm tra và coi hàng | AT33: 3.1 | AU33: Tổ Trưởng Trạm | AW33: Người | AX33: 1 | AY33: ='Chi phí sản xuất'!$D$18 -> 23525000 | AZ33: =AY33*AX33 -> 23525000 | BA33: 1 nhân sự kiểm tra và coi hàng
A34: 3.2 | B34: Admin mua/bán hàng & kế toán | D34: Người | E34: 1 | F34: ='Chi phí sản xuất'!$E$10 -> 11880000 | G34: =F34*E34 -> 11880000 | J34: 3.2 | K34: Admin mua/bán hàng & kế toán | M34: Người | N34: 1 | O34: ='Chi phí sản xuất'!$E$10 -> 11880000 | P34: =O34*N34 -> 11880000 | S34: 3.2 | T34: Admin mua/bán hàng & kế toán | V34: Người | W34: 1 | X34: ='Chi phí sản xuất'!$E$10 -> 11880000 | Y34: =X34*W34 -> 11880000 | AB34: 3.2 | AC34: Admin mua/bán hàng & kế toán | AE34: Người | AF34: 1 | AG34: ='Chi phí sản xuất'!$E$10 -> 11880000 | AH34: =AG34*AF34 -> 11880000 | AK34: 3.2 | AL34: Admin mua/bán hàng & kế toán | AN34: Người | AO34: 1 | AP34: ='Chi phí sản xuất'!$E$10 -> 11880000 | AQ34: =AP34*AO34 -> 11880000 | AT34: 3.2 | AU34: Admin mua/bán hàng & kế toán | AW34: Người | AX34: 1 | AY34: ='Chi phí sản xuất'!$E$10 -> 11880000 | AZ34: =AY34*AX34 -> 11880000
A35: 3.3 | B35: Chi phí bảo vệ | D35: Người | E35: 1 | F35: ='Chi phí sản xuất'!$D$16 -> 10000000 | G35: =F35*E35 -> 10000000 | J35: 3.3 | K35: Chi phí bảo vệ | M35: Người | N35: 1 | O35: ='Chi phí sản xuất'!$D$16 -> 10000000 | P35: =O35*N35 -> 10000000 | S35: 3.3 | T35: Chi phí bảo vệ | V35: Người | W35: 1 | X35: ='Chi phí sản xuất'!$D$16 -> 10000000 | Y35: =X35*W35 -> 10000000 | AB35: 3.3 | AC35: Chi phí bảo vệ | AE35: Người | AF35: 1 | AG35: ='Chi phí sản xuất'!$D$16 -> 10000000 | AH35: =AG35*AF35 -> 10000000 | AK35: 3.3 | AL35: Chi phí bảo vệ | AN35: Người | AO35: 1 | AP35: ='Chi phí sản xuất'!$D$16 -> 10000000 | AQ35: =AP35*AO35 -> 10000000 | AT35: 3.3 | AU35: Chi phí bảo vệ | AW35: Người | AX35: 1 | AY35: ='Chi phí sản xuất'!$D$16 -> 10000000 | AZ35: =AY35*AX35 -> 10000000
A36: 3.4 | B36: Mặt bằng thuê | D36: Người | E36: 1 | F36: 160000000 | G36: =F36*E36 -> 160000000 | J36: 3.4 | K36: Mặt bằng thuê | M36: Người | N36: 0 | O36: 60000000 | P36: =O36*N36 -> 0 | S36: 3.4 | T36: Mặt bằng thuê | V36: Người | W36: 0 | X36: 60000000 | Y36: =X36*W36 -> 0 | AB36: 3.4 | AC36: Mặt bằng thuê | AE36: Người | AF36: 0 | AG36: 60000000 | AH36: =AG36*AF36 -> 0 | AK36: 3.4 | AL36: Mặt bằng thuê | AN36: Người | AO36: 0 | AP36: 60000000 | AQ36: =AP36*AO36 -> 0 | AT36: 3.4 | AU36: Mặt bằng thuê | AW36: Người | AX36: 0 | AY36: 60000000 | AZ36: =AY36*AX36 -> 0
A37: 3.5 | B37: Dịch vụ xưởng (wifi, nước sinh hoạt, VPP) | D37: Tháng | E37: 1 | F37: 10000000 | G37: =F37*E37 -> 10000000 | J37: 3.5 | K37: Dịch vụ xưởng (wifi, nước sinh hoạt, VPP) | M37: Tháng | N37: 1 | O37: 4000000 | P37: =O37*N37 -> 4000000 | S37: 3.5 | T37: Dịch vụ xưởng (wifi, nước sinh hoạt, VPP) | V37: Tháng | W37: 1 | X37: 5000000 | Y37: =X37*W37 -> 5000000 | AB37: 3.5 | AC37: Dịch vụ xưởng (wifi, nước sinh hoạt, VPP) | AE37: Tháng | AF37: 1 | AG37: 7000000 | AH37: =AG37*AF37 -> 7000000 | AK37: 3.5 | AL37: Dịch vụ xưởng (wifi, nước sinh hoạt, VPP) | AN37: Tháng | AO37: 1 | AP37: 7000000 | AQ37: =AP37*AO37 -> 7000000 | AT37: 3.5 | AU37: Dịch vụ xưởng (wifi, nước sinh hoạt, VPP) | AW37: Tháng | AX37: 1 | AY37: 9000000 | AZ37: =AY37*AX37 -> 9000000
A38: 4 | B38: Chi phí bán hàng | D38: Kg | E38: =E39 -> 0 | F38: =IFERROR(G38/E38,0) -> 0 | G38: =SUM(G39:G39) -> 0 | J38: 4 | K38: Chi phí bán hàng | M38: Kg | N38: =N39 -> 0 | O38: =IFERROR(P38/N38,0) -> 0 | P38: =SUM(P39:P39) -> 0 | S38: 4 | T38: Chi phí bán hàng | V38: Kg | W38: =W39 -> 0 | X38: =IFERROR(Y38/W38,0) -> 0 | Y38: =SUM(Y39:Y39) -> 0 | AB38: 4 | AC38: Chi phí bán hàng | AE38: Kg | AF38: =AF39 -> 0 | AG38: =IFERROR(AH38/AF38,0) -> 0 | AH38: =SUM(AH39:AH39) -> 0 | AK38: 4 | AL38: Chi phí bán hàng | AN38: Kg | AO38: =AO39 -> 0 | AP38: =IFERROR(AQ38/AO38,0) -> 0 | AQ38: =SUM(AQ39:AQ39) -> 0 | AT38: 4 | AU38: Chi phí bán hàng | AW38: Kg | AX38: =AX39 -> 0 | AY38: =IFERROR(AZ38/AX38,0) -> 0 | AZ38: =SUM(AZ39:AZ39) -> 0
A39: 4.1 | B39: Chi phí vận chuyển đến trạm TPHCM | D39: Kg | F39: =900000/6000 -> 150 | G39: =E39*F39 -> 0 | H39: Trung bình xe 7 tấn chở đc 6 tấn/chuyến, đơn giá 900K (từ TLP=> TPHCM), DTR hỗ trợ tính 0 VNĐ | J39: 4.1 | K39: Chi phí vận chuyển đến trạm TPHCM | M39: Kg | O39: =900000/6000 -> 150 | P39: =N39*O39 -> 0 | Q39: Trung bình xe 7 tấn chở đc 6 tấn/chuyến, đơn giá 900K (từ TLP=> TPHCM), DTR hỗ trợ tính 0 VNĐ | S39: 4.1 | T39: Chi phí vận chuyển đến trạm TPHCM | V39: Kg | X39: =900000/6000 -> 150 | Y39: =W39*X39 -> 0 | Z39: Trung bình xe 7 tấn chở đc 6 tấn/chuyến, đơn giá 900K (từ TLP=> TPHCM), DTR hỗ trợ tính 0 VNĐ | AB39: 4.1 | AC39: Chi phí vận chuyển đến trạm TPHCM | AE39: Kg | AG39: =900000/6000 -> 150 | AH39: =AF39*AG39 -> 0 | AI39: Trung bình xe 7 tấn chở đc 6 tấn/chuyến, đơn giá 900K (từ TLP=> TPHCM), DTR hỗ trợ tính 0 VNĐ | AK39: 4.1 | AL39: Chi phí vận chuyển đến trạm TPHCM | AN39: Kg | AP39: =900000/6000 -> 150 | AQ39: =AO39*AP39 -> 0 | AR39: Trung bình xe 7 tấn chở đc 6 tấn/chuyến, đơn giá 900K (từ TLP=> TPHCM), DTR hỗ trợ tính 0 VNĐ | AT39: 4.1 | AU39: Chi phí vận chuyển đến trạm TPHCM | AW39: Kg | AY39: =900000/6000 -> 150 | AZ39: =AX39*AY39 -> 0 | BA39: Trung bình xe 7 tấn chở đc 6 tấn/chuyến, đơn giá 900K (từ TLP=> TPHCM), DTR hỗ trợ tính 0 VNĐ
A40: 5 | B40: Chi phí lãi vay | D40: Tháng | E40: 1 | G40: ='Phân tích đầu tư'!B19*'Phân tích đầu tư'!C19/12 -> 0 | J40: 5 | K40: Chi phí lãi vay | M40: Tháng | N40: 1 | P40: ='Phân tích đầu tư'!K19*'Phân tích đầu tư'!L19/12 -> 0 | S40: 5 | T40: Chi phí lãi vay | V40: Tháng | W40: 1 | Y40: ='Phân tích đầu tư'!T19*'Phân tích đầu tư'!U19/12 -> 0 | AB40: 5 | AC40: Chi phí lãi vay | AE40: Tháng | AF40: 1 | AH40: ='Phân tích đầu tư'!AC19*'Phân tích đầu tư'!AD19/12 -> 0 | AK40: 5 | AL40: Chi phí lãi vay | AN40: Tháng | AO40: 1 | AQ40: ='Phân tích đầu tư'!AL19*'Phân tích đầu tư'!AM19/12 -> 0 | AT40: 5 | AU40: Chi phí lãi vay | AW40: Tháng | AX40: 1 | AZ40: ='Phân tích đầu tư'!AU19*'Phân tích đầu tư'!AV19/12 -> 0
A42: 6 | B42: Chi phí khấu hao DTR trên kg sản phẩm (KH) | D42: Kg | E42: =E13 -> 570000 | F42: =(G43+G53)/(5*12*200000*0.95) -> 184.47368 | G42: =E42*F42 -> 1.0515e+08 | J42: 6 | K42: Chi phí khấu hao DTR trên kg sản phẩm (KH) | M42: Kg | N42: =N13 -> 28500 | O42: =(P43+P53)/(5*12*200000*0.95) -> 184.47368 | P42: =N42*O42 -> 5257500 | S42: 6 | T42: Chi phí khấu hao DTR trên kg sản phẩm (KH) | V42: Kg | W42: =W13 -> 47500 | X42: =(Y43+Y53)/(5*12*200000*0.95) -> 184.47368 | Y42: =W42*X42 -> 8762500 | AB42: 6 | AC42: Chi phí khấu hao DTR trên kg sản phẩm (KH) | AE42: Kg | AF42: =AF13 -> 85500 | AG42: =(AH43+AH53)/(5*12*200000*0.95) -> 184.47368 | AH42: =AF42*AG42 -> 15772500 | AK42: 6 | AL42: Chi phí khấu hao DTR trên kg sản phẩm (KH) | AN42: Kg | AO42: =AO13 -> 95000 | AP42: =(AQ43+AQ53)/(5*12*200000*0.95) -> 184.47368 | AQ42: =AO42*AP42 -> 17525000 | AT42: 6 | AU42: Chi phí khấu hao DTR trên kg sản phẩm (KH) | AW42: Kg | AX42: =AX13 -> 142500 | AY42: =(AZ43+AZ53)/(5*12*200000*0.95) -> 184.47368 | AZ42: =AX42*AY42 -> 26287500
A43: 6.1 | B43: Máy móc thiết bị | C43: Tất cả máy móc của tất cả các chuyền | G43: =SUM(G44:G52) -> 2083000000 | H43: ="5 năm <=> "&5*12*200000*0.95&" kg" -> 5 năm <=> 11400000 kg | J43: 6.1 | K43: Máy móc thiết bị | L43: Tất cả máy móc của tất cả các chuyền | P43: =SUM(P44:P52) -> 2083000000 | Q43: ="5 năm <=> "&5*12*200000*0.95&" kg" -> 5 năm <=> 11400000 kg | S43: 6.1 | T43: Máy móc thiết bị | U43: Tất cả máy móc của tất cả các chuyền | Y43: =SUM(Y44:Y52) -> 2083000000 | Z43: ="5 năm <=> "&5*12*200000*0.95&" kg" -> 5 năm <=> 11400000 kg | AB43: 6.1 | AC43: Máy móc thiết bị | AD43: Tất cả máy móc của tất cả các chuyền | AH43: =SUM(AH44:AH52) -> 2083000000 | AI43: ="5 năm <=> "&5*12*200000*0.95&" kg" -> 5 năm <=> 11400000 kg | AK43: 6.1 | AL43: Máy móc thiết bị | AM43: Tất cả máy móc của tất cả các chuyền | AQ43: =SUM(AQ44:AQ52) -> 2083000000 | AR43: ="5 năm <=> "&5*12*200000*0.95&" kg" -> 5 năm <=> 11400000 kg | AT43: 6.1 | AU43: Máy móc thiết bị | AV43: Tất cả máy móc của tất cả các chuyền | AZ43: =SUM(AZ44:AZ52) -> 2083000000 | BA43: ="5 năm <=> "&5*12*200000*0.95&" kg" -> 5 năm <=> 11400000 kg
A44: 6.1.1 | B44: Sàn thao tác | E44: 1 | F44: 59000000 | G44: =F44*E44 -> 59000000 | J44: 6.1.1 | K44: Sàn thao tác | N44: 1 | O44: 59000000 | P44: =O44*N44 -> 59000000 | S44: 6.1.1 | T44: Sàn thao tác | W44: 1 | X44: 59000000 | Y44: =X44*W44 -> 59000000 | AB44: 6.1.1 | AC44: Sàn thao tác | AF44: 1 | AG44: 59000000 | AH44: =AG44*AF44 -> 59000000 | AK44: 6.1.1 | AL44: Sàn thao tác | AO44: 1 | AP44: 59000000 | AQ44: =AP44*AO44 -> 59000000 | AT44: 6.1.1 | AU44: Sàn thao tác | AX44: 1 | AY44: 59000000 | AZ44: =AY44*AX44 -> 59000000
A45: 6.1.2 | B45: Băng tải lựa | E45: 1 | F45: 129000000 | G45: =F45*E45 -> 129000000 | J45: 6.1.2 | K45: Băng tải lựa | N45: 1 | O45: 129000000 | P45: =O45*N45 -> 129000000 | S45: 6.1.2 | T45: Băng tải lựa | W45: 1 | X45: 129000000 | Y45: =X45*W45 -> 129000000 | AB45: 6.1.2 | AC45: Băng tải lựa | AF45: 1 | AG45: 129000000 | AH45: =AG45*AF45 -> 129000000 | AK45: 6.1.2 | AL45: Băng tải lựa | AO45: 1 | AP45: 129000000 | AQ45: =AP45*AO45 -> 129000000 | AT45: 6.1.2 | AU45: Băng tải lựa | AX45: 1 | AY45: 129000000 | AZ45: =AY45*AX45 -> 129000000
A46: 6.1.3 | B46: Nam châm | E46: 1 | F46: 60000000 | G46: =F46*E46 -> 60000000 | J46: 6.1.3 | K46: Nam châm | N46: 1 | O46: 60000000 | P46: =O46*N46 -> 60000000 | S46: 6.1.3 | T46: Nam châm | W46: 1 | X46: 60000000 | Y46: =X46*W46 -> 60000000 | AB46: 6.1.3 | AC46: Nam châm | AF46: 1 | AG46: 60000000 | AH46: =AG46*AF46 -> 60000000 | AK46: 6.1.3 | AL46: Nam châm | AO46: 1 | AP46: 60000000 | AQ46: =AP46*AO46 -> 60000000 | AT46: 6.1.3 | AU46: Nam châm | AX46: 1 | AY46: 60000000 | AZ46: =AY46*AX46 -> 60000000
A47: 6.1.4 | B47: Quạt thổi | E47: 1 | F47: 157000000 | G47: =F47*E47 -> 157000000 | J47: 6.1.4 | K47: Quạt thổi | N47: 1 | O47: 157000000 | P47: =O47*N47 -> 157000000 | S47: 6.1.4 | T47: Quạt thổi | W47: 1 | X47: 157000000 | Y47: =X47*W47 -> 157000000 | AB47: 6.1.4 | AC47: Quạt thổi | AF47: 1 | AG47: 157000000 | AH47: =AG47*AF47 -> 157000000 | AK47: 6.1.4 | AL47: Quạt thổi | AO47: 1 | AP47: 157000000 | AQ47: =AP47*AO47 -> 157000000 | AT47: 6.1.4 | AU47: Quạt thổi | AX47: 1 | AY47: 157000000 | AZ47: =AY47*AX47 -> 157000000
A48: 6.1.5 | B48: Lồng chứa 7 tấn | E48: 1 | F48: 440000000 | G48: =F48*E48 -> 440000000 | J48: 6.1.5 | K48: Lồng chứa 7 tấn | N48: 1 | O48: 440000000 | P48: =O48*N48 -> 440000000 | S48: 6.1.5 | T48: Lồng chứa 7 tấn | W48: 1 | X48: 440000000 | Y48: =X48*W48 -> 440000000 | AB48: 6.1.5 | AC48: Lồng chứa 7 tấn | AF48: 1 | AG48: 440000000 | AH48: =AG48*AF48 -> 440000000 | AK48: 6.1.5 | AL48: Lồng chứa 7 tấn | AO48: 1 | AP48: 440000000 | AQ48: =AP48*AO48 -> 440000000 | AT48: 6.1.5 | AU48: Lồng chứa 7 tấn | AX48: 1 | AY48: 440000000 | AZ48: =AY48*AX48 -> 440000000
A49: 6.1.6 | B49: Vít tải liệu | E49: 2 | F49: =220000000 -> 220000000 | G49: =F49*E49 -> 440000000 | J49: 6.1.6 | K49: Vít tải liệu | N49: 2 | O49: =220000000 -> 220000000 | P49: =O49*N49 -> 440000000 | S49: 6.1.6 | T49: Vít tải liệu | W49: 2 | X49: =220000000 -> 220000000 | Y49: =X49*W49 -> 440000000 | AB49: 6.1.6 | AC49: Vít tải liệu | AF49: 2 | AG49: =220000000 -> 220000000 | AH49: =AG49*AF49 -> 440000000 | AK49: 6.1.6 | AL49: Vít tải liệu | AO49: 2 | AP49: =220000000 -> 220000000 | AQ49: =AP49*AO49 -> 440000000 | AT49: 6.1.6 | AU49: Vít tải liệu | AX49: 2 | AY49: =220000000 -> 220000000 | AZ49: =AY49*AX49 -> 440000000
A50: 6.1.7 | B50: Máy ép kiện | E50: 1 | F50: =650000000 -> 650000000 | G50: =F50*E50 -> 650000000 | J50: 6.1.7 | K50: Máy ép kiện | N50: 1 | O50: =650000000 -> 650000000 | P50: =O50*N50 -> 650000000 | S50: 6.1.7 | T50: Máy ép kiện | W50: 1 | X50: =650000000 -> 650000000 | Y50: =X50*W50 -> 650000000 | AB50: 6.1.7 | AC50: Máy ép kiện | AF50: 1 | AG50: =650000000 -> 650000000 | AH50: =AG50*AF50 -> 650000000 | AK50: 6.1.7 | AL50: Máy ép kiện | AO50: 1 | AP50: =650000000 -> 650000000 | AQ50: =AP50*AO50 -> 650000000 | AT50: 6.1.7 | AU50: Máy ép kiện | AX50: 1 | AY50: =650000000 -> 650000000 | AZ50: =AY50*AX50 -> 650000000
A51: 6.1.8 | B51: Băng tải con lăn | E51: 1 | F51: 44000000 | G51: =F51*E51 -> 44000000 | J51: 6.1.8 | K51: Băng tải con lăn | N51: 1 | O51: 44000000 | P51: =O51*N51 -> 44000000 | S51: 6.1.8 | T51: Băng tải con lăn | W51: 1 | X51: 44000000 | Y51: =X51*W51 -> 44000000 | AB51: 6.1.8 | AC51: Băng tải con lăn | AF51: 1 | AG51: 44000000 | AH51: =AG51*AF51 -> 44000000 | AK51: 6.1.8 | AL51: Băng tải con lăn | AO51: 1 | AP51: 44000000 | AQ51: =AP51*AO51 -> 44000000 | AT51: 6.1.8 | AU51: Băng tải con lăn | AX51: 1 | AY51: 44000000 | AZ51: =AY51*AX51 -> 44000000
A52: 6.1.9 | B52: Chi phí lắp đặt | E52: 1 | F52: 104000000 | G52: =F52*E52 -> 104000000 | J52: 6.1.9 | K52: Chi phí lắp đặt | N52: 1 | O52: 104000000 | P52: =O52*N52 -> 104000000 | S52: 6.1.9 | T52: Chi phí lắp đặt | W52: 1 | X52: 104000000 | Y52: =X52*W52 -> 104000000 | AB52: 6.1.9 | AC52: Chi phí lắp đặt | AF52: 1 | AG52: 104000000 | AH52: =AG52*AF52 -> 104000000 | AK52: 6.1.9 | AL52: Chi phí lắp đặt | AO52: 1 | AP52: 104000000 | AQ52: =AP52*AO52 -> 104000000 | AT52: 6.1.9 | AU52: Chi phí lắp đặt | AX52: 1 | AY52: 104000000 | AZ52: =AY52*AX52 -> 104000000
A53: 6.2 | B53: Thiết bị phụ | G53: =SUM(G54:G55) -> 20000000 | J53: 6.2 | K53: Thiết bị phụ | P53: =SUM(P54:P55) -> 20000000 | S53: 6.2 | T53: Thiết bị phụ | Y53: =SUM(Y54:Y55) -> 20000000 | AB53: 6.2 | AC53: Thiết bị phụ | AH53: =SUM(AH54:AH55) -> 20000000 | AK53: 6.2 | AL53: Thiết bị phụ | AQ53: =SUM(AQ54:AQ55) -> 20000000 | AT53: 6.2 | AU53: Thiết bị phụ | AZ53: =SUM(AZ54:AZ55) -> 20000000
A54: 6.2.1 | B54: Xe nâng dầu | E54: 0 | F54: 500000000 | G54: =F54*E54 -> 0 | H54: Mượn DTR | J54: 6.2.1 | K54: Xe nâng dầu | N54: 0 | O54: 500000000 | P54: =O54*N54 -> 0 | Q54: Mượn DTR | S54: 6.2.1 | T54: Xe nâng dầu | W54: 0 | X54: 500000000 | Y54: =X54*W54 -> 0 | Z54: Mượn DTR | AB54: 6.2.1 | AC54: Xe nâng dầu | AF54: 0 | AG54: 500000000 | AH54: =AG54*AF54 -> 0 | AI54: Mượn DTR | AK54: 6.2.1 | AL54: Xe nâng dầu | AO54: 0 | AP54: 500000000 | AQ54: =AP54*AO54 -> 0 | AR54: Mượn DTR | AT54: 6.2.1 | AU54: Xe nâng dầu | AX54: 0 | AY54: 500000000 | AZ54: =AY54*AX54 -> 0 | BA54: Mượn DTR
A55: 6.2.2 | B55: Xe nâng tay | E55: 1 | F55: 20000000 | G55: =F55*E55 -> 20000000 | J55: 6.2.2 | K55: Xe nâng tay | N55: 1 | O55: 20000000 | P55: =O55*N55 -> 20000000 | S55: 6.2.2 | T55: Xe nâng tay | W55: 1 | X55: 20000000 | Y55: =X55*W55 -> 20000000 | AB55: 6.2.2 | AC55: Xe nâng tay | AF55: 1 | AG55: 20000000 | AH55: =AG55*AF55 -> 20000000 | AK55: 6.2.2 | AL55: Xe nâng tay | AO55: 1 | AP55: 20000000 | AQ55: =AP55*AO55 -> 20000000 | AT55: 6.2.2 | AU55: Xe nâng tay | AX55: 1 | AY55: 20000000 | AZ55: =AY55*AX55 -> 20000000
A56: 7 | B56: Chi phí khấu hao TLP theo năm (KH) | D56: Kg | E56: =E27 -> 570000 | F56: =G56/E56 -> 23.581871 | G56: =G57/(5*12) -> 13441667 | J56: 7 | K56: Chi phí khấu hao TLP theo năm (KH) | M56: Kg | N56: =N27 -> 28500 | O56: =P56/N56 -> 471.63743 | P56: =P57/(5*12) -> 13441667 | S56: 7 | T56: Chi phí khấu hao TLP theo năm (KH) | V56: Kg | W56: =W27 -> 47500 | X56: =Y56/W56 -> 282.98246 | Y56: =Y57/(5*12) -> 13441667 | AB56: 7 | AC56: Chi phí khấu hao TLP theo năm (KH) | AE56: Kg | AF56: =AF27 -> 85500 | AG56: =AH56/AF56 -> 157.21248 | AH56: =AH57/(5*12) -> 13441667 | AK56: 7 | AL56: Chi phí khấu hao TLP theo năm (KH) | AN56: Kg | AO56: =AO27 -> 95000 | AP56: =AQ56/AO56 -> 141.49123 | AQ56: =AQ57/(5*12) -> 13441667 | AT56: 7 | AU56: Chi phí khấu hao TLP theo năm (KH) | AW56: Kg | AX56: =AX27 -> 142500 | AY56: =AZ56/AX56 -> 94.327485 | AZ56: =AZ57/(5*12) -> 13441667
B57: Cơ sở hạ tầng | G57: =SUM(G58:G66) -> 806500000 | H57: Khấu hao 5 năm | K57: Cơ sở hạ tầng | P57: =SUM(P58:P66) -> 806500000 | Q57: Khấu hao 5 năm | T57: Cơ sở hạ tầng | Y57: =SUM(Y58:Y66) -> 806500000 | Z57: Khấu hao 5 năm | AC57: Cơ sở hạ tầng | AH57: =SUM(AH58:AH66) -> 806500000 | AI57: Khấu hao 5 năm | AL57: Cơ sở hạ tầng | AQ57: =SUM(AQ58:AQ66) -> 806500000 | AR57: Khấu hao 5 năm | AU57: Cơ sở hạ tầng | AZ57: =SUM(AZ58:AZ66) -> 806500000 | BA57: Khấu hao 5 năm
A58: 7.1 | B58: Trạm cân 80T | E58: 1 | F58: 308000000 | G58: =F58*E58 -> 308000000 | J58: 7.1 | K58: Trạm cân 80T | N58: 1 | O58: 308000000 | P58: =O58*N58 -> 308000000 | S58: 7.1 | T58: Trạm cân 80T | W58: 1 | X58: 308000000 | Y58: =X58*W58 -> 308000000 | AB58: 7.1 | AC58: Trạm cân 80T | AF58: 1 | AG58: 308000000 | AH58: =AG58*AF58 -> 308000000 | AK58: 7.1 | AL58: Trạm cân 80T | AO58: 1 | AP58: 308000000 | AQ58: =AP58*AO58 -> 308000000 | AT58: 7.1 | AU58: Trạm cân 80T | AX58: 1 | AY58: 308000000 | AZ58: =AY58*AX58 -> 308000000
A59: 7.2 | B59: Nhà xưởng | E59: 1 | F59: 70000000 | G59: =F59*E59 -> 70000000 | J59: 7.2 | K59: Nhà xưởng | N59: 1 | O59: 70000000 | P59: =O59*N59 -> 70000000 | S59: 7.2 | T59: Nhà xưởng | W59: 1 | X59: 70000000 | Y59: =X59*W59 -> 70000000 | AB59: 7.2 | AC59: Nhà xưởng | AF59: 1 | AG59: 70000000 | AH59: =AG59*AF59 -> 70000000 | AK59: 7.2 | AL59: Nhà xưởng | AO59: 1 | AP59: 70000000 | AQ59: =AP59*AO59 -> 70000000 | AT59: 7.2 | AU59: Nhà xưởng | AX59: 1 | AY59: 70000000 | AZ59: =AY59*AX59 -> 70000000
A60: 7.3 | B60: Văn phòng + Thiết bị | E60: 1 | F60: 40000000 | G60: =F60*E60 -> 40000000 | J60: 7.3 | K60: Văn phòng + Thiết bị | N60: 1 | O60: 40000000 | P60: =O60*N60 -> 40000000 | S60: 7.3 | T60: Văn phòng + Thiết bị | W60: 1 | X60: 40000000 | Y60: =X60*W60 -> 40000000 | AB60: 7.3 | AC60: Văn phòng + Thiết bị | AF60: 1 | AG60: 40000000 | AH60: =AG60*AF60 -> 40000000 | AK60: 7.3 | AL60: Văn phòng + Thiết bị | AO60: 1 | AP60: 40000000 | AQ60: =AP60*AO60 -> 40000000 | AT60: 7.3 | AU60: Văn phòng + Thiết bị | AX60: 1 | AY60: 40000000 | AZ60: =AY60*AX60 -> 40000000
A61: 7.4 | B61: Quạt công nghiệp | E61: 3 | F61: 1500000 | G61: =F61*E61 -> 4500000 | J61: 7.4 | K61: Quạt công nghiệp | N61: 3 | O61: 1500000 | P61: =O61*N61 -> 4500000 | S61: 7.4 | T61: Quạt công nghiệp | W61: 3 | X61: 1500000 | Y61: =X61*W61 -> 4500000 | AB61: 7.4 | AC61: Quạt công nghiệp | AF61: 3 | AG61: 1500000 | AH61: =AG61*AF61 -> 4500000 | AK61: 7.4 | AL61: Quạt công nghiệp | AO61: 3 | AP61: 1500000 | AQ61: =AP61*AO61 -> 4500000 | AT61: 7.4 | AU61: Quạt công nghiệp | AX61: 3 | AY61: 1500000 | AZ61: =AY61*AX61 -> 4500000
A62: 7.5 | B62: Tủ điện phân phối | E62: 1 | F62: 137000000 | G62: =F62*E62 -> 137000000 | J62: 7.5 | K62: Tủ điện phân phối | N62: 1 | O62: 137000000 | P62: =O62*N62 -> 137000000 | S62: 7.5 | T62: Tủ điện phân phối | W62: 1 | X62: 137000000 | Y62: =X62*W62 -> 137000000 | AB62: 7.5 | AC62: Tủ điện phân phối | AF62: 1 | AG62: 137000000 | AH62: =AG62*AF62 -> 137000000 | AK62: 7.5 | AL62: Tủ điện phân phối | AO62: 1 | AP62: 137000000 | AQ62: =AP62*AO62 -> 137000000 | AT62: 7.5 | AU62: Tủ điện phân phối | AX62: 1 | AY62: 137000000 | AZ62: =AY62*AX62 -> 137000000
A63: 7.6 | B63: Dây điện động lực | E63: 1 | F63: 170000000 | G63: =F63*E63 -> 170000000 | J63: 7.6 | K63: Dây điện động lực | N63: 1 | O63: 170000000 | P63: =O63*N63 -> 170000000 | S63: 7.6 | T63: Dây điện động lực | W63: 1 | X63: 170000000 | Y63: =X63*W63 -> 170000000 | AB63: 7.6 | AC63: Dây điện động lực | AF63: 1 | AG63: 170000000 | AH63: =AG63*AF63 -> 170000000 | AK63: 7.6 | AL63: Dây điện động lực | AO63: 1 | AP63: 170000000 | AQ63: =AP63*AO63 -> 170000000 | AT63: 7.6 | AU63: Dây điện động lực | AX63: 1 | AY63: 170000000 | AZ63: =AY63*AX63 -> 170000000
A64: 7.7 | B64: Điện chiếu sáng | E64: 1 | F64: 25000000 | G64: =F64*E64 -> 25000000 | J64: 7.7 | K64: Điện chiếu sáng | N64: 1 | O64: 25000000 | P64: =O64*N64 -> 25000000 | S64: 7.7 | T64: Điện chiếu sáng | W64: 1 | X64: 25000000 | Y64: =X64*W64 -> 25000000 | AB64: 7.7 | AC64: Điện chiếu sáng | AF64: 1 | AG64: 25000000 | AH64: =AG64*AF64 -> 25000000 | AK64: 7.7 | AL64: Điện chiếu sáng | AO64: 1 | AP64: 25000000 | AQ64: =AP64*AO64 -> 25000000 | AT64: 7.7 | AU64: Điện chiếu sáng | AX64: 1 | AY64: 25000000 | AZ64: =AY64*AX64 -> 25000000
A65: 7.8 | B65: Camera giám sát (gói tiêu chuẩn 12 cam) | E65: 1 | F65: 40000000 | G65: =F65*E65 -> 40000000 | J65: 7.8 | K65: Camera giám sát (gói tiêu chuẩn 12 cam) | N65: 1 | O65: 40000000 | P65: =O65*N65 -> 40000000 | S65: 7.8 | T65: Camera giám sát (gói tiêu chuẩn 12 cam) | W65: 1 | X65: 40000000 | Y65: =X65*W65 -> 40000000 | AB65: 7.8 | AC65: Camera giám sát (gói tiêu chuẩn 12 cam) | AF65: 1 | AG65: 40000000 | AH65: =AG65*AF65 -> 40000000 | AK65: 7.8 | AL65: Camera giám sát (gói tiêu chuẩn 12 cam) | AO65: 1 | AP65: 40000000 | AQ65: =AP65*AO65 -> 40000000 | AT65: 7.8 | AU65: Camera giám sát (gói tiêu chuẩn 12 cam) | AX65: 1 | AY65: 40000000 | AZ65: =AY65*AX65 -> 40000000
A66: 7.9 | B66: Đèn NLMT ngoài xưởng 1000W (tầm chiếu 500m2, 12 giờ) | E66: 4 | F66: 3000000 | G66: =F66*E66 -> 12000000 | J66: 7.9 | K66: Đèn NLMT ngoài xưởng 1000W (tầm chiếu 500m2, 12 giờ) | N66: 4 | O66: 3000000 | P66: =O66*N66 -> 12000000 | S66: 7.9 | T66: Đèn NLMT ngoài xưởng 1000W (tầm chiếu 500m2, 12 giờ) | W66: 4 | X66: 3000000 | Y66: =X66*W66 -> 12000000 | AB66: 7.9 | AC66: Đèn NLMT ngoài xưởng 1000W (tầm chiếu 500m2, 12 giờ) | AF66: 4 | AG66: 3000000 | AH66: =AG66*AF66 -> 12000000 | AK66: 7.9 | AL66: Đèn NLMT ngoài xưởng 1000W (tầm chiếu 500m2, 12 giờ) | AO66: 4 | AP66: 3000000 | AQ66: =AP66*AO66 -> 12000000 | AT66: 7.9 | AU66: Đèn NLMT ngoài xưởng 1000W (tầm chiếu 500m2, 12 giờ) | AX66: 4 | AY66: 3000000 | AZ66: =AY66*AX66 -> 12000000
A67: C | B67: Lợi nhuận ròng | D67: Kg | E67: =E13 -> 570000 | F67: =G67/E67 -> 497.45113 | G67: =G12-G13 -> 2.8354715e+08 | J67: C | K67: Lợi nhuận ròng | M67: Kg | N67: =N13 -> 28500 | O67: =P67/N67 -> -703.57811 | P67: =P12-P13 -> -20051976 | S67: C | T67: Lợi nhuận ròng | V67: Kg | W67: =W13 -> 47500 | X67: =Y67/W67 -> -137.65998 | Y67: =Y12-Y13 -> -6538849 | AB67: C | AC67: Lợi nhuận ròng | AE67: Kg | AF67: =AF13 -> 85500 | AG67: =AH67/AF67 -> -35.527426 | AH67: =AH12-AH13 -> -3037594.9 | AK67: C | AL67: Lợi nhuận ròng | AN67: Kg | AO67: =AO13 -> 95000 | AP67: =AQ67/AO67 -> 49.673354 | AQ67: =AQ12-AQ13 -> 4718968.6 | AT67: C | AU67: Lợi nhuận ròng | AW67: Kg | AX67: =AX13 -> 142500 | AY67: =AZ67/AX67 -> 277.20552 | AZ67: =AZ12-AZ13 -> 39501786
E71: Gía duyệt về trạm | F71: 9700
E72: Chênh lệch | F72: =F12-F71 -> 0

Sheet Phân tích đầu tư
A1: Hạng mục | B1: Thông tin
A2: Tên dự án | B2: Trạm ép phế liệu Tân Lợi Phát
A3: Địa điểm
A4: Mục tiêu | B4: Thu gom – lựa bì - ép kiện nguyên liệu nhựa tái chế
A5: Thời gian đầu tư | B5: 1 năm
A7: TỔNG VỐN ĐẦU TƯ BAN ĐẦU | B7: =SUM(B8+B13) -> 4909500000 | K7: 913000000
A8: Đầu tư mới | B8: =SUM(B9:B11) -> 4909500000 | K8: 440000000
A9: Đầu tư CSHT | B9: ='PnL đầy đủ'!H6 -> 806500000 | K9: =K8+K7 -> 1353000000
A10: Đầu tư máy móc thiết bị | B10: ='PnL đầy đủ'!H5 -> 2103000000 | K10: =K9*1.1 -> 1.4883e+09
A11: Vốn lưu động | B11: 2000000000
A13: Đang sở hữu | B13: =SUM(B14) -> 0
A14: Xe vận chuyển | B14: 0
A16: CƠ CẤU NGUỒN VỐN | B16: =B8 -> 4909500000
A17: Vốn TLP | B17: =B9 -> 806500000
A18: Vốn DTR | B18: =B10 -> 2103000000
A19: Vốn vay | B19: 2000000000 | C19: 0
A21: KẾT QUẢ KINH DOANH/THÁNG DỰ KIẾN
A22: Sản lượng bán | B22: ='PnL đầy đủ'!E12 -> 570000 | C22: Kg/tháng
A23: Chi phí xử lý, sản xuất,… | B23: ='PnL đầy đủ'!G13-'PnL đầy đủ'!G42 -> 5.1403029e+09 | C23: VNĐ/tháng
A24: Giá vốn nguyên liệu | B24: ='PnL đầy đủ'!C7 -> 8000 | C24: VNĐ/kg
A25: Đơn giá sản xuất | B25: =ROUNDUP(B23/B22,0)-B24 -> 1019 | C25: VNĐ/kg
A26: Khấu hao MMTB | B26: ='PnL đầy đủ'!F42 -> 184.47368 | C26: VNĐ/kg
A27: LG kỳ vọng | B27: ='PnL đầy đủ'!C9 -> 500 | C27: VNĐ/kg
A28: Đơn giá bán | B28: =B25+B26+B27+B24 -> 9703.4737 | C28: VNĐ/kg
A29: Lợi nhuận ròng | B29: ='PnL đầy đủ'!G67 -> 2.8354715e+08 | C29: VNĐ/tháng
B30: =B29/B22 -> 497.45113 | C30: VNĐ/kg
A31: HIỆU QUẢ ĐẦU TƯ
A32: ROI (vốn 100% DTR) | B32: =B29*12/SUM(B17:B18) -> 1.1694675 | C32: %
A33: Thời gian hoàn vốn (năm) | B33: =1/B32 -> 0.85509002 | C33: Năm | E33: =B33*12 -> 10.26108
A35: TLP đầu tư một phần
A36: ROI | B36: =B29*12/B18 -> 1.617958 | C36: %
A37: Thời gian hoàn vốn | B37: =1/B36 -> 0.618063 | C37: Năm | E37: =B37*12 -> 7.416756
A39: Với đơn giá bán = giá vốn (GV) + gia công (GC) + Khấu hao (KH) + Lãi gộp (LG)
A40: PHƯƠNG ÁN HOÀN VỐN | B40: Sản lượng (tấn/tháng)
A41: Kịch bản Bi quan | B41: 70 | C41: ~2,7 tấn/ngày
A42: ROI (KN 100%) | B42: 0.19
A43: Thời gian hoàn vốn (năm) | B43: =1/B42 -> 5.2631579 | C43: Năm | E43: =B43*12 -> 63.157895
A45: Kịch bản khả quan | B45: 200 | C45: ~7,7 tấn/ngày
A46: ROI KN 100%) | B46: 0.54
A47: Thời gian hoàn vốn (năm) | B47: =1/B46 -> 1.8518519 | C47: Năm | E47: =B47*12 -> 22.222222
A49: Kịch bản Lạc quan | B49: 400 | C49: ~17 tấn/ngày
A50: ROI (KN 100%) | B50: 1.07
A51: Thời gian hoàn vốn (năm) | B51: =1/B50 -> 0.93457944 | C51: Năm | E51: =B51*12 -> 11.214953

Sheet Chi phí sản xuất
C2: Nhân sự | D2: Đơn giá | E2: Thành tiền
B3: Tổng cộng | C3: =SUM(C4:C18) -> 6 | E3: =SUM(E4:E18) -> 75405000
B4: Nhập hàng | C4: 3 | D4: =10000000 -> 10000000 | E4: =D4*C4 -> 30000000
B5: Lựa bì | F5: Khoán sản lượng
B6: Ép kiện
B7: Xuất hàng
B8: Kho
B10: Admin mua/bán hàng | C10: 1 | D10: =10000000+8000000*23.5% -> 11880000 | E10: =D10*C10 -> 11880000 | F10: Đóng BHXH mức 8 triệu
B11: Kế toán
B14: Dự phòng | C14: 0 | D14: 10000000 | E14: =D14*C14 -> 0
B16: Bảo vệ | C16: 1 | D16: 10000000 | E16: =D16*C16 -> 10000000
B18: Tổ trưởng trạm | C18: 1 | D18: =20000000+15000000*23.5% -> 23525000 | E18: =D18*C18 -> 23525000 | F18: Đóng BHXH mức 15 triệu
B19: QC

Sheet Sheet1
B1: Cấp 0: Nhà máy Tái chế | C1: Cấp 1: Nhà SX vảy nóng | D1: Cấp 2: Nhà Xử lý chai/ xử lý thô | E1: Cấp 3: Đại lý | F1: Cấp 4: Vựa | G1: Tỉnh | H1: Sản lượng
A2: TPHCM | B2: 24 | C2: 95 | D2: 51 | E2: 77 | F2: 889 | G2: TPHCM | H2: 2602
A3: BR-VT | B3: 1 | C3: 3 | D3: 8 | E3: 31 | F3: 31 | G3: BR-VT | H3: 75
A4: Bình Dương | B4: 3 | C4: 21 | D4: 17 | E4: 7 | F4: 119 | G4: Bình Dương | H4: 522
A5: Long An | B5: 6 | C5: 14 | D5: 15 | E5: 40 | F5: 163 | G5: Long An | H5: 551
