Workbook
Name mth: Mth!$B$2
Name year: Mth!$B$1

Sheet Mth
B1: 2025
B2: 11

Sheet S6
C4: =C12/C7 -> 0.010874696
A5: ĐVT: VND; kg; VND/kg; USD/ton | K5: TÁC ĐỘNG
B6: KH | C6: TT | D6: +/ | F6: %Cơ cấu SL-KH | G6: %Cơ cấu SL-TT | H6: SL-TT-Cơ cấu KH | I6: DT-TT-Cơ cấu KH | K6: Sản lượng | L6: Cơ cấu ngành | M6: Giá bán | N6: Tỷ giá | O6: Khác | P6: Cp vận chuyển, hoa hồng, chiết khấu | U6: Label chart-SL-KH | V6: Label chart-SL-TT
A7: Sản lượng SPC | B7: =SUM(B8:B12) -> 5968970 | C7: =SUM(C8:C12) -> 2510415 | D7: =C7-B7 -> -3458555 | E7: =D7/B7 -> -0.57942241 | H7: =SUM(H8:H12) -> 2510415
A8: rPET | B8: ='S7'!P43*10^6 -> 4678780 | C8: ='S7'!Q43*10^6 -> 2027640 | D8: =C8-B8 -> -2651140 | E8: =D8/B8 -> -0.56663062 | F8: =B8/B$7 -> 0.78385048 | G8: =C8/C$7 -> 0.80769116 | H8: =F8*C$7 -> 1967790 | K8: =I14-B20 -> -8.7707975e+10 | L8: =C8*B14-I14 -> 1.9363118e+09 | M8: =D33*C8/10^3*$B$39 -> -3.5577563e+09 | N8: =IFERROR(C20-C20/C40*B40,0) -> 2.9478354e+09 | Q8: =SUM(K8:P8) -> -8.6381584e+10 | R8: =SUM(K8:L8) -> -8.5771663e+10 | S8: -2.4223451e+10 | U8: =_xlfn.TEXTJOIN(" | ",FALSE,TEXT(B8/10^3,"#,###"),TEXT(F8,"0.0%")) -> 4,679 | 78.4% | V8: =_xlfn.TEXTJOIN(" | ",FALSE,TEXT(C8/10^3,"#,###"),TEXT(G8,"0.0%")) -> 2,028 | 80.8%
A9: rHDPE thổi | B9: ='S7'!P44*10^6 -> 927000 | C9: ='S7'!Q44*10^6 -> 268725 | D9: =C9-B9 -> -658275 | E9: =D9/B9 -> -0.71011327 | F9: =B9/B$7 -> 0.15530318 | G9: =C9/C$7 -> 0.10704405 | H9: =F9*C$7 -> 389875.42 | K9: =I15-B21 -> -1.7952969e+10 | L9: =C9*B15-I15 -> -4.0493581e+09 | M9: =D34*C9/10^3*$B$39 -> -2.1972615e+09 | N9: =IFERROR(C21-C21/C41*B41,0) -> 3.2332892e+08 | Q9: =SUM(K9:P9) -> -2.387626e+10 | R9: =SUM(K9:L9) -> -2.2002327e+10 | S9: -1.6262315e+10 | U9: =_xlfn.TEXTJOIN(" | ",FALSE,TEXT(B9/10^3,"#,###"),TEXT(F9,"0.0%")) -> 927 | 15.5% | V9: =_xlfn.TEXTJOIN(" | ",FALSE,TEXT(C9/10^3,"#,###"),TEXT(G9,"0.0%")) -> 269 | 10.7%
A10: rHDPE ép | B10: ='S7'!P45*10^6 -> 155750 | C10: ='S7'!Q45*10^6 -> 186750 | D10: =C10-B10 -> 31000 | E10: =D10/B10 -> 0.19903692 | F10: =B10/B$7 -> 0.026093279 | G10: =C10/C$7 -> 0.074390091 | H10: =F10*C$7 -> 65504.959 | K10: =I16-B22 -> -1.8805517e+09 | L10: =C10*B16-I16 -> 2.5265384e+09 | M10: =D35*C10/10^3*$B$39 -> -9.226508e+08 | N10: =IFERROR(C22-C22/C42*B42,0) -> 1.4111161e+08 | Q10: =SUM(K10:P10) -> -1.3555243e+08 | R10: =SUM(K10:L10) -> 6.4598676e+08 | S10: -1.6304001e+09 | U10: =_xlfn.TEXTJOIN(" | ",FALSE,TEXT(B10/10^3,"#,###"),TEXT(F10,"0.0%")) -> 156 | 2.6% | V10: =_xlfn.TEXTJOIN(" | ",FALSE,TEXT(C10/10^3,"#,###"),TEXT(G10,"0.0%")) -> 187 | 7.4%
A11: rPP | B11: ='S7'!P46*10^6 -> 107440 | C11: ='S7'!Q46*10^6 -> 0 | D11: =C11-B11 -> -107440 | E11: =D11/B11 -> -1 | F11: =B11/B$7 -> 0.017999755 | G11: =C11/C$7 -> 0 | H11: =F11*C$7 -> 45186.856 | K11: =I17-B23 -> -1.3770698e+09 | L11: =C11*B17-I17 -> -9.9955521e+08 | M11: =D36*C11/10^3*$B$39 -> 0 | N11: =IFERROR(C23-C23/C43*B43,0) -> 0 | Q11: =SUM(K11:P11) -> -2.376625e+09 | R11: =SUM(K11:L11) -> -2.376625e+09 | S11: -1.1216801e+09 | U11: =_xlfn.TEXTJOIN(" | ",FALSE,TEXT(B11/10^3,"#,###"),TEXT(F11,"0.0%")) -> 107 | 1.8% | V11: =_xlfn.TEXTJOIN(" | ",FALSE,TEXT(C11/10^3,"#,###"),TEXT(G11,"0.0%")) -> | 0.0%
A12: Xơ sợi | B12: ='S7'!P47*10^6 -> 100000 | C12: ='S7'!Q47*10^6 -> 27300 | D12: =C12-B12 -> -72700 | E12: =D12/B12 -> -0.727 | F12: =B12/B$7 -> 0.016753309 | G12: =C12/C$7 -> 0.010874696 | H12: =F12*C$7 -> 42057.759 | K12: =I18-B24 -> -1.5934116e+09 | L12: =C12*B18-I18 -> -4.0583836e+08 | M12: =D37*C12/10^3*$B$39 -> -3.2015983e+08 | N12: =IFERROR(C24-C24/C44*B44,0) -> 20488657 | Q12: =SUM(K12:P12) -> -2.2989212e+09 | R12: =SUM(K12:L12) -> -1.99925e+09 | S12: 1.28645e+10 | U12: =_xlfn.TEXTJOIN(" | ",FALSE,TEXT(B12/10^3,"#,###"),TEXT(F12,"0.0%")) -> 100 | 1.7% | V12: =_xlfn.TEXTJOIN(" | ",FALSE,TEXT(C12/10^3,"#,###"),TEXT(G12,"0.0%")) -> 27 | 1.1%
A13: GB EXW (VND/kg) | B13: 30553.285 | C13: 28801.443 | D13: =C13-B13 -> -1751.8418 | I13: =SUM(I14:I18) -> 8.0215848e+10
A14: rPET | B14: =B33*B40/10^3 -> 32352.747 | C14: =C33*C40/10^3 -> 32051.944 | I14: =H8*B14 -> 6.3663413e+10
A15: rHDPE thổi | B15: =B34*B41/10^3 -> 33424.218 | C15: =C34*C41/10^3 -> 26450.797 | I15: =H9*B15 -> 1.3031281e+10
A16: rHDPE ép | B16: =B35*B42/10^3 -> 20838.283 | C16: =C35*C42/10^3 -> 16653.334 | I16: =H10*B16 -> 1.3650108e+09
A17: rPP | B17: =B36*B43/10^3 -> 22120.486 | C17: =C36*C43/10^3 -> 0 | I17: =H11*B17 -> 9.9955521e+08
A18: Xơ sợi | B18: =B37*B44/10^3 -> 27500 | C18: =C37*C44/10^3 -> 16523.034 | I18: =H12*B18 -> 1.1565884e+09
A19: Doanh thu SPC | B19: =SUM(B20:B24) -> 1.9072782e+11 | C19: =SUM(C20:C24) -> 7.5658883e+10 | D19: =C19-B19 -> -1.1506894e+11
A20: rPET | B20: =B8*B14 -> 1.5137139e+11 | C20: =C8*C14 -> 6.4989804e+10 | E20: =C20-B20 -> -8.6381584e+10 | F20: =E20/B20 -> -0.57065992
A21: rHDPE thổi | B21: =B9*B15 -> 3.098425e+10 | C21: =C9*C15 -> 7107990427 | E21: =C21-B21 -> -2.387626e+10 | F21: =E21/B21 -> -0.77059343
A22: rHDPE ép | B22: =B10*B16 -> 3.2455625e+09 | C22: =C10*C16 -> 3.1100101e+09 | E22: =C22-B22 -> -1.3555243e+08 | F22: =E22/B22 -> -0.041765467
A23: rPP | B23: =B11*B17 -> 2.376625e+09 | C23: =C11*C17 -> 0 | E23: =C23-B23 -> -2.376625e+09 | F23: =E23/B23 -> -1
A24: Xơ sợi | B24: =B12*B18 -> 2.75e+09 | C24: =C12*C18 -> 4.5107882e+08 | E24: =C24-B24 -> -2.2989212e+09 | F24: =E24/B24 -> -0.83597134
A25: Tài trợ | B25: 3408550000 | C25: 3395251201 | D25: =C25-B25 -> -13298799 | O25: =D25 -> -13298799 | Q25: =SUM(K25:P25) -> -13298799
A26: Dây đai, phó sản | B26: 2640000000 | C26: 6989889073 | D26: =C26-B26 -> 4349889073 | O26: =D26 -> 4349889073 | Q26: =SUM(K26:P26) -> 4349889073
A27: Khác | C27: 63558813 | D27: =C27-B27 -> 63558813 | O27: =D27 -> 63558813 | Q27: =SUM(K27:P27) -> 63558813
A28: Cp vận chuyển, hoa hồng, chiết khấu | B28: ='S7'!C20 -> 12485577500 | C28: ='S7'!G20 -> 2.2402986e+09 | D28: =C28-B28 -> -1.0245279e+10 | P28: =D28 -> -1.0245279e+10
A29: Tổng dthu thuần | B29: =B19+B25+B26+B27+B28 -> 2.0926195e+11 | C29: =C19+C25+C26+C27+C28 -> 88347880802 | D29: =C29-B29 -> -1.2091407e+11 | K29: =SUM(K7:K28) -> -1.1051198e+11 | L29: =SUM(L7:L28) -> -9.9190147e+08 | M29: =SUM(M7:M28) -> -6.9978284e+09 | N29: =SUM(N7:N28) -> 3.4327645e+09 | O29: =SUM(O7:O28) -> 4.4001491e+09 | P29: =SUM(P7:P28) -> -1.0245279e+10 | Q29: =SUM(K29:P29) -> -1.2091407e+11
A30: check | B30: =B29-'S7'!C3 -> 0 | C30: =C29-'S7'!G17 -> 0 | D30: =D29/B29 -> -0.57781202 | P30: Check | Q30: =Q29-D29 -> 0
A32: GB EXW (USD/ton) | B32: KH | C32: TT
A33: rPET | B33: 1294.1099 | C33: 1223.9247 | D33: =C33-B33 -> -70.185167 | E33: =IFERROR(D33/B33,0) -> -0.054234317 | Q33: -52808442002
A34: rHDPE thổi | B34: 1336.9687 | C34: 1009.904 | D34: =C34-B34 -> -327.06469 | E34: =IFERROR(D34/B34,0) -> -0.24463152 | Q34: =Q33-Q29 -> 6.810563e+10
A35: rHDPE ép | B35: 833.5313 | C35: 635.90864 | D35: =C35-B35 -> -197.62266 | E35: =IFERROR(D35/B35,0) -> -0.23709087
A36: rPP | B36: 884.81943 | C36: 0 | D36: =C36-B36 -> -884.81943 | E36: =IFERROR(D36/B36,0) -> -1
A37: Xơ sợi | B37: 1100 | C37: 630.90134 | D37: =C37-B37 -> -469.09866 | E37: =IFERROR(D37/B37,0) -> -0.42645332
A39: Exchange rate | B39: 25000 | C39: 26188.206 | D39: =C39-B39 -> 1188.2064 | E39: =IFERROR(D39/B39,0) -> 0.047528257
A40: rPET | B40: 25000 | C40: 26187.839
A41: rHDPE thổi | B41: 25000 | C41: 26191.397
A42: rHDPE ép | B42: 25000 | C42: 26188.249
A43: rPP | B43: 25000 | C43: 0
A44: Xơ sợi | B44: 25000 | C44: 26189.568
A47: Vẽ (VND nhưng thể hiện là tỷ)
C48: Start | D48: Hidden | E48: Increase | F48: Decrease | G48: End
A49: ='S7'!$A$3 -> KH T11 | C49: =B29 -> 2.0926195e+11
A50: rPET | B50: Sản lượng | D50: =C49-F50 -> 1.2155398e+11 | E50: =IF(H50>0,H50,0) -> 0 | F50: =IF(H50<0,-H50,0) -> 8.7707975e+10 | H50: {=TRANSPOSE(K8:M8)} -> -8.7707975e+10
B51: Cơ cấu | D51: =D50+E50-F51 -> 1.2155398e+11 | E51: =IF(H51>0,H51,0) -> 1.9363118e+09 | F51: =IF(H51<0,-H51,0) -> 0 | H51: 1.9363118e+09
B52: Giá bán | D52: =D51+E51-F52 -> 1.1993253e+11 | E52: =IF(H52>0,H52,0) -> 0 | F52: =IF(H52<0,-H52,0) -> 3.5577563e+09 | H52: -3.5577563e+09
A53: rHDPE thổi | B53: Sản lượng | D53: =D52+E52-F53 -> 1.0197956e+11 | E53: =IF(H53>0,H53,0) -> 0 | F53: =IF(H53<0,-H53,0) -> 1.7952969e+10 | H53: {=TRANSPOSE(K9:M9)} -> -1.7952969e+10
B54: Cơ cấu | D54: =D53+E53-F54 -> 9.7930206e+10 | E54: =IF(H54>0,H54,0) -> 0 | F54: =IF(H54<0,-H54,0) -> 4.0493581e+09 | H54: -4.0493581e+09
B55: Giá bán | D55: =D54+E54-F55 -> 9.5732945e+10 | E55: =IF(H55>0,H55,0) -> 0 | F55: =IF(H55<0,-H55,0) -> 2.1972615e+09 | H55: -2.1972615e+09
A56: rHDPE ép | B56: Sản lượng | D56: =D55+E55-F56 -> 9.3852393e+10 | E56: =IF(H56>0,H56,0) -> 0 | F56: =IF(H56<0,-H56,0) -> 1.8805517e+09 | H56: {=TRANSPOSE(K10:M10)} -> -1.8805517e+09
B57: Cơ cấu | D57: =D56+E56-F57 -> 9.3852393e+10 | E57: =IF(H57>0,H57,0) -> 2.5265384e+09 | F57: =IF(H57<0,-H57,0) -> 0 | H57: 2.5265384e+09
B58: Giá bán | D58: =D57+E57-F58 -> 9.5456281e+10 | E58: =IF(H58>0,H58,0) -> 0 | F58: =IF(H58<0,-H58,0) -> 9.226508e+08 | H58: -9.226508e+08
A59: rPP | B59: Sản lượng | D59: =D58+E58-F59 -> 9.4079211e+10 | E59: =IF(H59>0,H59,0) -> 0 | F59: =IF(H59<0,-H59,0) -> 1.3770698e+09 | H59: {=TRANSPOSE(K11:M11)} -> -1.3770698e+09
B60: Cơ cấu | D60: =D59+E59-F60 -> 9.3079656e+10 | E60: =IF(H60>0,H60,0) -> 0 | F60: =IF(H60<0,-H60,0) -> 9.9955521e+08 | H60: -9.9955521e+08
B61: Giá bán | D61: =D60+E60-F61 -> 9.3079656e+10 | E61: =IF(H61>0,H61,0) -> 0 | F61: =IF(H61<0,-H61,0) -> 0 | H61: 0
A62: Xơ sợi | B62: Sản lượng | D62: =D61+E61-F62 -> 9.1486244e+10 | E62: =IF(H62>0,H62,0) -> 0 | F62: =IF(H62<0,-H62,0) -> 1.5934116e+09 | H62: {=TRANSPOSE(K12:M12)} -> -1.5934116e+09
B63: Cơ cấu | D63: =D62+E62-F63 -> 9.1080406e+10 | E63: =IF(H63>0,H63,0) -> 0 | F63: =IF(H63<0,-H63,0) -> 4.0583836e+08 | H63: -4.0583836e+08
B64: Giá bán | D64: =D63+E63-F64 -> 9.0760246e+10 | E64: =IF(H64>0,H64,0) -> 0 | F64: =IF(H64<0,-H64,0) -> 3.2015983e+08 | H64: -3.2015983e+08
A65: Tỷ giá | D65: =D64+E64-F65 -> 9.0760246e+10 | E65: =IF(H65>0,H65,0) -> 3.4327645e+09 | F65: =IF(H65<0,-H65,0) -> 0 | H65: =N29 -> 3.4327645e+09
A66: Khác | D66: =D65+E65-F66 -> 94193010635 | E66: =IF(H66>0,H66,0) -> 4.4001491e+09 | F66: =IF(H66<0,-H66,0) -> 0 | H66: =O29 -> 4.4001491e+09
A67: Cp vận chuyển, hoa hồng, chiết khấu | D67: =D66+E66-F67 -> 8.8347881e+10 | E67: =IF(H67>0,H67,0) -> 0 | F67: =IF(H67<0,-H67,0) -> 1.0245279e+10 | H67: =P29 -> -1.0245279e+10
A68: ='S7'!$A$17 -> TT T11 | G68: =D67+E67 -> 8.8347881e+10
A69: Check | G69: =G68-C29 -> 0
A101: Vẽ (VND nhưng thể hiện là tỷ)
C102: Start | D102: Hidden | E102: Increase | F102: Decrease | G102: End
B103: =A49 -> KH T11 | C103: =B29 -> 2.0926195e+11
B104: Sản lượng | D104: =C103-F104 -> 9.8749976e+10 | E104: =IF(H104>0,H104,0) -> 0 | F104: =IF(H104<0,-H104,0) -> 1.1051198e+11 | H104: =SUMIFS($H$50:$H$66,$B$50:$B$66,$B104) -> -1.1051198e+11
B105: Cơ cấu | D105: =D104+E104-F105 -> 9.7758074e+10 | E105: =IF(H105>0,H105,0) -> 0 | F105: =IF(H105<0,-H105,0) -> 9.9190147e+08 | H105: =SUMIFS($H$50:$H$66,$B$50:$B$66,$B105) -> -9.9190147e+08
B106: Giá bán | D106: =D105+E105-F106 -> 9.0760246e+10 | E106: =IF(H106>0,H106,0) -> 0 | F106: =IF(H106<0,-H106,0) -> 6.9978284e+09 | H106: =SUMIFS($H$50:$H$66,$B$50:$B$66,$B106) -> -6.9978284e+09
B107: Tỷ giá | D107: =D106+E106-F107 -> 9.0760246e+10 | E107: =IF(H107>0,H107,0) -> 3.4327645e+09 | F107: =IF(H107<0,-H107,0) -> 0 | H107: =H65 -> 3.4327645e+09
B108: Khác | D108: =D107+E107-F108 -> 8.8347881e+10 | E108: =IF(H108>0,H108,0) -> 0 | F108: =IF(H108<0,-H108,0) -> 5.8451298e+09 | H108: =H66+H67 -> -5.8451298e+09 | I108: gom lại cp vận chuyển vào đây
B109: =A68 -> TT T11 | G109: =D108+E108 -> 8.8347881e+10
A110: Check | G110: =G109-C29 -> 0

Sheet S7
A1: ĐVT: VND nhưng show là tỷ đồng | AE1: Dthu (theo tỷ giá KH)
C2: Start | D2: Hidden | E2: Increase | F2: Decrease | G2: End | H2: Chênh lệch | K2: T/Đ làm từng SKU | M2: T/Đ nếu như nhóm ngành | P2: KH | Q2: TT | U2: KH | V2: TT | Z2: Tổng tác động | AA2: SL | AB2: GB | AC2: EXR | AE2: KH | AF2: TT
A3: KH T11 | C3: =H3 -> 209261952500 | H3: 209261952500
A4: rPET | B4: Sản lượng | D4: =C3+E3-F4 -> 1.2349029e+11 | E4: =IF(H4>0,H4,0) -> 0 | F4: =IF(H4<0,-H4,0) -> 8.5771663e+10 | H4: =M4 -> -8.5771663e+10 | K4: -8.5106687e+10 | M4: =AA4 -> -8.5771663e+10 | O4: tấn | P4: 4678.78 | Q4: 2027.64 | R4: =Q4-P4 -> -2651.14 | S4: =R4/P4 -> -0.56663062 | Z4: =SUM(AA4:AC4) -> -8.6381584e+10 | AA4: =R4*P5*U5 -> -8.5771663e+10 | AB4: =R5*Q4*U5 -> -3.5577563e+09 | AC4: =Q4*Q5*W5 -> 2.9478354e+09 | AE4: =P4*P5*U5 -> 151371387500 | AF4: =Q4*Q5*U5 -> 6.2041968e+10 | AH4: =Q4*Q5*V5 -> 6.4989804e+10 | AI4: =AH4-AF4-AC4 -> 0 | AK4: =AF4-AE4 -> -8.9329419e+10 | AL4: =AK4/AE4 -> -0.59013411
B5: Giá bán | D5: =D4+E4-F5 -> 1.1993253e+11 | E5: =IF(H5>0,H5,0) -> 0 | F5: =IF(H5<0,-H5,0) -> 3.5577563e+09 | H5: =M5 -> -3.5577563e+09 | K5: -3.8258734e+09 | L5: =SUM(K4:K5)-SUM(M4:M5) -> 3.9685854e+08 | M5: =AB4 -> -3.5577563e+09 | O5: $/tấn | P5: 1294.1099 | Q5: 1223.9247 | R5: =Q5-P5 -> -70.185167 | S5: =R5/P5 -> -0.054234317 | U5: 25000 | V5: 26187.839 | W5: =V5-U5 -> 1187.8392 | X5: =W5/U5 -> 0.047513569
A6: rHDPE thổi | B6: Sản lượng | D6: =D5+E5-F6 -> 9.7930206e+10 | E6: =IF(H6>0,H6,0) -> 0 | F6: =IF(H6<0,-H6,0) -> 2.2002327e+10 | H6: =M6 -> -2.2002327e+10 | K6: -2.3477828e+10 | M6: =AA6 -> -2.2002327e+10 | O6: tấn | P6: 927 | Q6: 268.725 | R6: =Q6-P6 -> -658.275 | S6: =R6/P6 -> -0.71011327 | Z6: =SUM(AA6:AC6) -> -2.387626e+10 | AA6: =R6*P7*U7 -> -2.2002327e+10 | AB6: =R7*Q6*U7 -> -2.1972615e+09 | AC6: =Q6*Q7*W7 -> 3.2332892e+08 | AE6: =P6*P7*U7 -> 30984250000 | AF6: =Q6*Q7*U7 -> 6.7846615e+09 | AH6: =Q6*Q7*V7 -> 7107990427 | AI6: =AH6-AF6-AC6 -> 0 | AK6: =AF6-AE6 -> -2.4199588e+10 | AL6: =AK6/AE6 -> -0.7810287
B7: Giá bán | D7: =D6+E6-F7 -> 9.5732945e+10 | E7: =IF(H7>0,H7,0) -> 0 | F7: =IF(H7<0,-H7,0) -> 2.1972615e+09 | H7: =M7 -> -2.1972615e+09 | K7: -6.6481021e+08 | L7: =SUM(K6:K7)-SUM(M6:M7) -> 56950537 | M7: =AB6 -> -2.1972615e+09 | O7: $/tấn | P7: 1336.9687 | Q7: 1009.904 | R7: =Q7-P7 -> -327.06469 | S7: =R7/P7 -> -0.24463152 | U7: 25000 | V7: 26191.397 | W7: =V7-U7 -> 1191.3967 | X7: =W7/U7 -> 0.047655866
A8: rHDPE ép | B8: Sản lượng | D8: =D7+E7-F8 -> 9.5732945e+10 | E8: =IF(H8>0,H8,0) -> 6.4598676e+08 | F8: =IF(H8<0,-H8,0) -> 0 | H8: =M8 -> 6.4598676e+08 | K8: -77313570 | M8: =AA8 -> 6.4598676e+08 | O8: tấn | P8: 155.75 | Q8: 186.75 | R8: =Q8-P8 -> 31 | S8: =R8/P8 -> 0.19903692 | Z8: =SUM(AA8:AC8) -> -1.3555243e+08 | AA8: =R8*P9*U9 -> 6.4598676e+08 | AB8: =R9*Q8*U9 -> -9.226508e+08 | AC8: =Q8*Q9*W9 -> 1.4111161e+08 | AE8: =P8*P9*U9 -> 3245562500 | AF8: =Q8*Q9*U9 -> 2.9688985e+09 | AH8: =Q8*Q9*V9 -> 3.1100101e+09 | AI8: =AH8-AF8-AC8 -> 2.682209e-07 | AK8: =AF8-AE8 -> -2.7666404e+08 | AL8: =AK8/AE8 -> -0.085243789
B9: Giá bán | D9: =D8+E8-F9 -> 9.5456281e+10 | E9: =IF(H9>0,H9,0) -> 0 | F9: =IF(H9<0,-H9,0) -> 9.226508e+08 | H9: =M9 -> -9.226508e+08 | K9: -66770463 | L9: =SUM(K8:K9)-SUM(M8:M9) -> 1.3258001e+08 | M9: =AB8 -> -9.226508e+08 | O9: $/tấn | P9: 833.5313 | Q9: 635.90864 | R9: =Q9-P9 -> -197.62266 | S9: =R9/P9 -> -0.23709087 | U9: 25000 | V9: 26188.249 | W9: =V9-U9 -> 1188.2489 | X9: =W9/U9 -> 0.047529955
A10: rPP | B10: Sản lượng | D10: =D9+E9-F10 -> 9.3079656e+10 | E10: =IF(H10>0,H10,0) -> 0 | F10: =IF(H10<0,-H10,0) -> 2.376625e+09 | H10: =M10 -> -2.376625e+09 | K10: -2376625000 | M10: =AA10 -> -2.376625e+09 | O10: tấn | P10: 107.44 | Q10: 0 | R10: =Q10-P10 -> -107.44 | S10: =R10/P10 -> -1 | Z10: =SUM(AA10:AC10) -> -2.376625e+09 | AA10: =R10*P11*U11 -> -2.376625e+09 | AB10: =R11*Q10*U11 -> 0 | AC10: =Q10*Q11*W11 -> 0 | AE10: =P10*P11*U11 -> 2.376625e+09 | AF10: =Q10*Q11*U11 -> 0 | AH10: =Q10*Q11*V11 -> 0 | AI10: =AH10-AF10-AC10 -> 0 | AK10: =AF10-AE10 -> -2.376625e+09 | AL10: =AK10/AE10 -> -1
B11: Giá bán | D11: =D10+E10-F11 -> 9.3079656e+10 | E11: =IF(H11>0,H11,0) -> 0 | F11: =IF(H11<0,-H11,0) -> 0 | H11: =M11 -> 0 | K11: 0 | L11: =SUM(K10:K11)-SUM(M10:M11) -> 0 | M11: =AB10 -> 0 | O11: $/tấn | P11: 884.81943 | Q11: 0 | R11: =Q11-P11 -> -884.81943 | S11: =R11/P11 -> -1 | U11: 25000 | V11: 0 | W11: =V11-U11 -> -25000 | X11: =W11/U11 -> -1
A12: Xơ sợi | B12: Sản lượng | D12: =D11+E11-F12 -> 9.1080406e+10 | E12: =IF(H12>0,H12,0) -> 0 | F12: =IF(H12<0,-H12,0) -> 1999250000 | H12: =M12 -> -1999250000 | K12: -2.2989212e+09 | M12: =AA12 -> -1999250000 | O12: tấn | P12: 100 | Q12: 27.3 | R12: =Q12-P12 -> -72.7 | S12: =R12/P12 -> -0.727 | Z12: =SUM(AA12:AC12) -> -2.2989212e+09 | AA12: =R12*P13*U13 -> -1999250000 | AB12: =R13*Q12*U13 -> -3.2015983e+08 | AC12: =Q12*Q13*W13 -> 20488657 | AE12: =P12*P13*U13 -> 2750000000 | AF12: =Q12*Q13*U13 -> 4.3059017e+08 | AH12: =Q12*Q13*V13 -> 4.5107882e+08 | AI12: =AH12-AF12-AC12 -> 0 | AK12: =AF12-AE12 -> -2.3194098e+09 | AL12: =AK12/AE12 -> -0.84342176
B13: Giá bán | D13: =D12+E12-F13 -> 9.0760246e+10 | E13: =IF(H13>0,H13,0) -> 0 | F13: =IF(H13<0,-H13,0) -> 3.2015983e+08 | H13: =M13 -> -3.2015983e+08 | K13: 0 | L13: =SUM(K12:K13)-SUM(M12:M13) -> 20488657 | M13: =AB12 -> -3.2015983e+08 | O13: $/tấn | P13: 1100 | Q13: 630.90134 | R13: =Q13-P13 -> -469.09866 | S13: =R13/P13 -> -0.42645332 | U13: 25000 | V13: 26189.568 | W13: =V13-U13 -> 1189.5683 | X13: =W13/U13 -> 0.047582733
A14: Tỷ giá | D14: =D13+E13-F14 -> 9.0760246e+10 | E14: =IF(H14>0,H14,0) -> 3.4327645e+09 | F14: =IF(H14<0,-H14,0) -> 0 | H14: =M14 -> 3.4327645e+09 | K14: 2.9466752e+09 | M14: =AC4+AC6+AC8+AC10+AC12 -> 3.4327645e+09
A15: Khác | D15: =D14+E14-F15 -> 9.4193011e+10 | E15: =IF(H15>0,H15,0) -> 4.4001491e+09 | F15: =IF(H15<0,-H15,0) -> 0 | H15: =H17-SUM(H3:H14,H16) -> 4.4001491e+09 | AE15: =AE17-SUM(AE3:AE14) -> 18534127500 | AF15: =AF17-SUM(AF3:AF14) -> 1.2688998e+10
A16: hoa hồng, chiết khấu | B16: Cp vận chuyển | D16: =D15+E15-F16 -> 88347880802 | E16: =IF(H16>0,H16,0) -> 0 | F16: =IF(H16<0,-H16,0) -> 1.0245279e+10 | H16: =G20-C20 -> -1.0245279e+10
A17: TT T11 | G17: =D16+E16 -> 88347880802 | H17: 88347880802 | I17: =H17-H3 -> -120914071698 | J17: =H17/H3-1 -> -0.57781202 | U17: 25000 | V17: 26188.206 | W17: =V17-U17 -> 1188.2064 | X17: =W17/U17 -> 0.047528257 | AE17: =C3 -> 209261952500 | AF17: =G17-H14 -> 8.4915116e+10 | AH17: =G17-AF17 -> 3.4327645e+09
A18: Check | G18: =G17-H17 -> 0
O19: Dthu (tỷ VND) | P19: KH | Q19: TT
A20: Cp vận chuyển, hoa hồng, chiết khấu | C20: =C3-C21 -> 12485577500 | G20: =H17-G21 -> 2.2402986e+09 | O20: rPET | P20: =P4*P5*U5/10^9 -> 151.37139 | Q20: =Q4*Q5*V5/10^9 -> 64.989804 | R20: =Q20-P20 -> -86.381584 | S20: =IFERROR(R20/P20,0) -> -0.57065992 | U20: =Q20/Q27 -> 0.73561248
A21: Doanh thu EXW | C21: 196776375000 | G21: 8.6107582e+10 | O21: rHDPE thổi | P21: =P6*P7*U7/10^9 -> 30.98425 | Q21: =Q6*Q7*V7/10^9 -> 7.1079904 | R21: =Q21-P21 -> -23.87626 | S21: =IFERROR(R21/P21,0) -> -0.77059343
O22: rHDPE ép | P22: =P8*P9*U9/10^9 -> 3.2455625 | Q22: =Q8*Q9*V9/10^9 -> 3.1100101 | R22: =Q22-P22 -> -0.13555243 | S22: =IFERROR(R22/P22,0) -> -0.041765467
C23: 12485577500 | O23: rPP | P23: =P10*P11*U11/10^9 -> 2.376625 | Q23: =Q10*Q11*V11/10^9 -> 0 | R23: =Q23-P23 -> -2.376625 | S23: =IFERROR(R23/P23,0) -> -1
O24: Xơ sợi | P24: =P12*P13*U13/10^9 -> 2.75 | Q24: =Q12*Q13*V13/10^9 -> 0.45107882 | R24: =Q24-P24 -> -2.2989212 | S24: =IFERROR(R24/P24,0) -> -0.83597134
O25: Khác | P25: =C3/10^9-SUM(P20:P24,P26) -> 6.04855 | Q25: =G17/10^9-SUM(Q20:Q24,Q26) -> 10.448699 | R25: =Q25-P25 -> 4.4001491 | S25: =IFERROR(R25/P25,0) -> 0.72747172
O26: Cp vận chuyển, hoa hồng, chiết khấu | P26: =C20/10^9 -> 12.485577 | Q26: =G20/10^9 -> 2.2402986 | R26: =Q26-P26 -> -10.245279 | S26: =IFERROR(R26/P26,0) -> -0.82056909
G27: SL | H27: =H4+H6+H8+H10+H12 -> -1.1150388e+11 | O27: Tổng | P27: =SUM(P20:P26) -> 209.26195 | Q27: =SUM(Q20:Q26) -> 88.347881 | R27: =Q27-P27 -> -120.91407 | S27: =IFERROR(R27/P27,0) -> -0.57781202
G28: GB | H28: =H5+H7+H9+H11+H13 -> -6.9978284e+09
O30: Dthu (tỷ VND) | P30: KH | Q30: TT | R30: - Loại trừ chênh lệch tỷ giá
O31: rPET | P31: =P4*P5*U5/10^9 -> 151.37139 | Q31: =Q4*Q5*U5/10^9 -> 62.041968 | R31: =Q31-P31 -> -89.329419 | S31: =IFERROR(R31/P31,0) -> -0.59013411
O32: rHDPE thổi | P32: =P6*P7*U7/10^9 -> 30.98425 | Q32: =Q6*Q7*U7/10^9 -> 6.7846615 | R32: =Q32-P32 -> -24.199588 | S32: =IFERROR(R32/P32,0) -> -0.7810287
O33: rHDPE ép | P33: =P8*P9*U9/10^9 -> 3.2455625 | Q33: =Q8*Q9*U9/10^9 -> 2.9688985 | R33: =Q33-P33 -> -0.27666404 | S33: =IFERROR(R33/P33,0) -> -0.085243789
O34: rPP | P34: =P10*P11*U11/10^9 -> 2.376625 | Q34: =Q10*Q11*U11/10^9 -> 0 | R34: =Q34-P34 -> -2.376625 | S34: =IFERROR(R34/P34,0) -> -1
O35: Xơ sợi | P35: =P12*P13*U13/10^9 -> 2.75 | Q35: =Q12*Q13*U13/10^9 -> 0.43059017 | R35: =Q35-P35 -> -2.3194098 | S35: =IFERROR(R35/P35,0) -> -0.84342176
O36: Chênh lệch tỷ giá | Q36: =(AC4+AC6+AC8+AC10+AC12)/10^9 -> 3.4327645 | R36: =Q36-P36 -> 3.4327645 | S36: =IFERROR(R36/P36,0) -> 0
O37: Khác | P37: =C3/10^9-SUM(P31:P36,P38) -> 6.04855 | Q37: =G17/10^9-SUM(Q31:Q36,Q38) -> 10.448699 | R37: =Q37-P37 -> 4.4001491 | S37: =IFERROR(R37/P37,0) -> 0.72747172
O38: Cp vận chuyển, hoa hồng, chiết khấu | P38: =C20/10^9 -> 12.485577 | Q38: =G20/10^9 -> 2.2402986 | R38: =Q38-P38 -> -10.245279 | S38: =IFERROR(R38/P38,0) -> -0.82056909
O39: Tổng | P39: =SUM(P31:P38) -> 209.26195 | Q39: =SUM(Q31:Q38) -> 88.347881 | R39: =Q39-P39 -> -120.91407 | S39: =IFERROR(R39/P39,0) -> -0.57781202
O42: Sản lượng (ng.tấn) | P42: KH | Q42: TT | R42: +-/- | S42: %+-/- | T42: %Thực hiện
O43: rPET | P43: =P4/10^3 -> 4.67878 | Q43: =Q4/10^3 -> 2.02764 | R43: =Q43-P43 -> -2.65114 | S43: =IFERROR(R43/P43,0) -> -0.56663062 | T43: =Q43/P43 -> 0.43336938
O44: rHDPE thổi | P44: =P6/10^3 -> 0.927 | Q44: =Q6/10^3 -> 0.268725 | R44: =Q44-P44 -> -0.658275 | S44: =IFERROR(R44/P44,0) -> -0.71011327 | T44: =Q44/P44 -> 0.28988673
O45: rHDPE ép | P45: =P8/10^3 -> 0.15575 | Q45: =Q8/10^3 -> 0.18675 | R45: =Q45-P45 -> 0.031 | S45: =IFERROR(R45/P45,0) -> 0.19903692 | T45: =Q45/P45 -> 1.1990369
O46: rPP | P46: =P10/10^3 -> 0.10744 | Q46: =Q10/10^3 -> 0 | R46: =Q46-P46 -> -0.10744 | S46: =IFERROR(R46/P46,0) -> -1 | T46: =Q46/P46 -> 0
O47: Xơ sợi | P47: =P12/10^3 -> 0.1 | Q47: =Q12/10^3 -> 0.0273 | R47: =Q47-P47 -> -0.0727 | S47: =IFERROR(R47/P47,0) -> -0.727 | T47: =Q47/P47 -> 0.273
O48: Tổng | P48: =SUM(P43:P47) -> 5.96897 | Q48: =SUM(Q43:Q47) -> 2.510415 | R48: =Q48-P48 -> -3.458555 | S48: =IFERROR(R48/P48,0) -> -0.57942241 | T48: =Q48/P48 -> 0.42057759

Sheet S8
A1: ĐVT: VND nhưng show là tỷ đồng | AH1: LG EXW (THEO TỶ GIÁ KH) | AO1: DTHU EXW (THEO TỶ GIÁ KH) | AR1: %Biên
C2: Start | D2: Hidden | E2: Increase | F2: Decrease | G2: End | H2: Chênh lệch | M2: T/Đ nếu như nhóm ngành | P2: KH | Q2: TT | U2: KH | V2: TT | Z2: Tổng tác động | AA2: SL | AB2: GB | AC2: GV | AD2: EXR | AE2: Model | AH2: KH | AI2: TT | AJ2: +/- | AK2: %+/- | AO2: KH | AP2: TT
A3: ='S7'!A3 -> KH T11 | C3: =H3 -> 4.8459973e+10 | H3: 4.8459973e+10
A4: rPET | B4: Sản lượng | D4: =C3+E3-F4 -> 3.2103197e+10 | E4: =IF(H4>0,H4,0) -> 0 | F4: =IF(H4<0,-H4,0) -> 1.6356776e+10 | H4: =M4 -> -1.6356776e+10 | M4: {=TRANSPOSE(AA4:AC4)} -> -1.6356776e+10 | O4: tấn | P4: 4678.78 | Q4: 2027.64 | R4: =Q4-P4 -> -2651.14 | S4: =R4/P4 -> -0.56663062 | Z4: =SUM(AA4:AD4) -> -2.1969183e+10 | AA4: =R4*(P5*U5-P6*10^3) -> -1.6356776e+10 | AB4: =R5*Q4*U5 -> -3.5577563e+09 | AC4: =-R6*Q4*10^3 -> -5.0024859e+09 | AD4: =Q4*Q5*W5 -> 2.9478354e+09 | AE4: -2.1969183e+10 | AF4: =Z4-AE4 -> 0 | AH4: =P4*(P5*U5-P6*10^3) -> 2.8866735e+10 | AI4: =Q4*(Q5*U5-Q6*10^3) -> 3.9497169e+09 | AJ4: =AI4-AH4 -> -2.4917018e+10 | AK4: =AJ4/AH4 -> -0.8631741 | AM4: =Q4*(Q5*V5-Q6*10^3) -> 6.8975523e+09 | AN4: =AM4-AI4-AD4 -> 0 | AO4: ='S7'!AE4 -> 151371387500 | AP4: ='S7'!AF4 -> 6.2041968e+10 | AR4: =AH4/AO4 -> 0.1907014 | AS4: =AI4/AP4 -> 0.063662019
B5: Giá bán | D5: =D4+E4-F5 -> 2.8545441e+10 | E5: =IF(H5>0,H5,0) -> 0 | F5: =IF(H5<0,-H5,0) -> 3.5577563e+09 | H5: =M5 -> -3.5577563e+09 | I5: =H5*(1-13.11%) -> -3.0913344e+09 | M5: -3.5577563e+09 | O5: $/tấn | P5: 1294.1099 | Q5: 1223.9247 | R5: =Q5-P5 -> -70.185167 | S5: =R5/P5 -> -0.054234317 | U5: 25000 | V5: 26187.839 | W5: =V5-U5 -> 1187.8392 | X5: =W5/U5 -> 0.047513569
B6: Giá vốn | D6: =D5+E5-F6 -> 2.3542955e+10 | E6: =IF(H6>0,H6,0) -> 0 | F6: =IF(H6<0,-H6,0) -> 5.0024859e+09 | H6: =M6 -> -5.0024859e+09 | I6: =H6*(1-13.11%) -> -4.34666e+09 | M6: -5.0024859e+09 | O6: VND/kg | P6: 26183.033 | Q6: 28650.18 | R6: =Q6-P6 -> 2467.147 | S6: =R6/P6 -> 0.094226936
A7: rHDPE thổi | B7: Sản lượng | D7: =D6+E6-F7 -> 1.9768025e+10 | E7: =IF(H7>0,H7,0) -> 0 | F7: =IF(H7<0,-H7,0) -> 3.77493e+09 | H7: =M7 -> -3.77493e+09 | M7: {=TRANSPOSE(AA7:AC7)} -> -3.77493e+09 | O7: tấn | P7: 927 | Q7: 268.725 | R7: =Q7-P7 -> -658.275 | S7: =R7/P7 -> -0.71011327 | Z7: =SUM(AA7:AD7) -> -5.2640945e+09 | AA7: =R7*(P8*U8-P9*10^3) -> -3.77493e+09 | AB7: =R8*Q7*U8 -> -2.1972615e+09 | AC7: =-R9*Q7*10^3 -> 3.84768e+08 | AD7: =Q7*Q8*W8 -> 3.2332892e+08 | AE7: -5.2640945e+09 | AF7: =Z7-AE7 -> 0 | AH7: =P7*(P8*U8-P9*10^3) -> 5.3159547e+09 | AI7: =Q7*(Q8*U8-Q9*10^3) -> -2.7146872e+08 | AJ7: =AI7-AH7 -> -5.5874234e+09 | AK7: =AJ7/AH7 -> -1.0510668 | AM7: =Q7*(Q8*V8-Q9*10^3) -> 51860203 | AN7: =AM7-AI7-AD7 -> -5.9604645e-07 | AO7: ='S7'!AE6 -> 30984250000 | AP7: ='S7'!AF6 -> 6.7846615e+09 | AR7: =AH7/AO7 -> 0.17156958 | AS7: =AI7/AP7 -> -0.040012124
B8: Giá bán | D8: =D7+E7-F8 -> 1.7570764e+10 | E8: =IF(H8>0,H8,0) -> 0 | F8: =IF(H8<0,-H8,0) -> 2.1972615e+09 | H8: =M8 -> -2.1972615e+09 | M8: -2.1972615e+09 | O8: $/tấn | P8: 1336.9687 | Q8: 1009.904 | R8: =Q8-P8 -> -327.06469 | S8: =R8/P8 -> -0.24463152 | U8: 25000 | V8: 26191.397 | W8: =V8-U8 -> 1191.3967 | X8: =W8/U8 -> 0.047655866
B9: Giá vốn | D9: =D8+E8-F9 -> 1.7570764e+10 | E9: =IF(H9>0,H9,0) -> 3.84768e+08 | F9: =IF(H9<0,-H9,0) -> 0 | H9: =M9 -> 3.84768e+08 | M9: 3.84768e+08 | O9: VND/kg | P9: 27689.639 | Q9: 26257.811 | R9: =Q9-P9 -> -1431.8281 | S9: =R9/P9 -> -0.051709886
A10: rHDPE ép | B10: Sản lượng | D10: =D9+E9-F10 -> 1.7955532e+10 | E10: =IF(H10>0,H10,0) -> 1.6391134e+08 | F10: =IF(H10<0,-H10,0) -> 0 | H10: =M10 -> 1.6391134e+08 | M10: {=TRANSPOSE(AA10:AC10)} -> 1.6391134e+08 | O10: tấn | P10: 155.75 | Q10: 186.75 | R10: =Q10-P10 -> 31 | S10: =R10/P10 -> 0.19903692 | Z10: =SUM(AA10:AD10) -> -2.3913266e+09 | AA10: =R10*(P11*U11-P12*10^3) -> 1.6391134e+08 | AB10: =R11*Q10*U11 -> -9.226508e+08 | AC10: =-R12*Q10*10^3 -> -1.7736988e+09 | AD10: =Q10*Q11*W11 -> 1.4111161e+08 | AE10: -2.3913266e+09 | AF10: =Z10-AE10 -> 0 | AH10: =P10*(P11*U11-P12*10^3) -> 8.2352231e+08 | AI10: =Q10*(Q11*U11-Q12*10^3) -> -1.708916e+09 | AJ10: =AI10-AH10 -> -2.5324383e+09 | AK10: =AJ10/AH10 -> -3.0751301 | AM10: =Q10*(Q11*V11-Q12*10^3) -> -1.5678043e+09 | AN10: =AM10-AI10-AD10 -> 0 | AO10: ='S7'!AE8 -> 3245562500 | AP10: ='S7'!AF8 -> 2.9688985e+09 | AR10: =AH10/AO10 -> 0.25373793 | AS10: =AI10/AP10 -> -0.57560606
B11: Giá bán | D11: =D10+E10-F11 -> 1.7196792e+10 | E11: =IF(H11>0,H11,0) -> 0 | F11: =IF(H11<0,-H11,0) -> 9.226508e+08 | H11: =M11 -> -9.226508e+08 | M11: -9.226508e+08 | O11: $/tấn | P11: 833.5313 | Q11: 635.90864 | R11: =Q11-P11 -> -197.62266 | S11: =R11/P11 -> -0.23709087 | U11: 25000 | V11: 26188.249 | W11: =V11-U11 -> 1188.2489 | X11: =W11/U11 -> 0.047529955
B12: Giá vốn | D12: =D11+E11-F12 -> 1.5423093e+10 | E12: =IF(H12>0,H12,0) -> 0 | F12: =IF(H12<0,-H12,0) -> 1.7736988e+09 | H12: =M12 -> -1.7736988e+09 | M12: -1.7736988e+09 | O12: VND/kg | P12: 15550.82 | Q12: 25048.538 | R12: =Q12-P12 -> 9497.7178 | S12: =R12/P12 -> 0.61075351
A13: rPP | B13: Sản lượng | D13: =D12+E12-F13 -> 1.5423093e+10 | E13: =IF(H13>0,H13,0) -> 4.5543577e+08 | F13: =IF(H13<0,-H13,0) -> 0 | H13: =M13 -> 4.5543577e+08 | M13: {=TRANSPOSE(AA13:AC13)} -> 4.5543577e+08 | O13: tấn | P13: 107.44 | Q13: 0 | R13: =Q13-P13 -> -107.44 | S13: =R13/P13 -> -1 | Z13: =SUM(AA13:AD13) -> 4.5543577e+08 | AA13: =R13*(P14*U14-P15*10^3) -> 4.5543577e+08 | AB13: =R14*Q13*U14 -> 0 | AC13: =-R15*Q13*10^3 -> 0 | AD13: =Q13*Q14*W14 -> 0 | AE13: 4.5543577e+08 | AF13: =Z13-AE13 -> 5.364418e-07 | AH13: =P13*(P14*U14-P15*10^3) -> -4.5543577e+08 | AI13: =Q13*(Q14*U14-Q15*10^3) -> 0 | AJ13: =AI13-AH13 -> 4.5543577e+08 | AK13: =AJ13/AH13 -> -1 | AM13: =Q13*(Q14*V14-Q15*10^3) -> 0 | AN13: =AM13-AI13-AD13 -> 0 | AO13: ='S7'!AE10 -> 2.376625e+09 | AP13: ='S7'!AF10 -> 0 | AR13: =AH13/AO13 -> -0.19163131 | AS13: =AI13/AP13 -> #DIV/0!
B14: Giá bán | D14: =D13+E13-F14 -> 1.5878529e+10 | E14: =IF(H14>0,H14,0) -> 0 | F14: =IF(H14<0,-H14,0) -> 0 | H14: =M14 -> 0 | M14: 0 | O14: $/tấn | P14: 884.81943 | Q14: 0 | R14: =Q14-P14 -> -884.81943 | S14: =R14/P14 -> -1 | U14: 25000 | V14: 0 | W14: =V14-U14 -> -25000 | X14: =W14/U14 -> -1
B15: Giá vốn | D15: =D14+E14-F15 -> 1.5878529e+10 | E15: =IF(H15>0,H15,0) -> 0 | F15: =IF(H15<0,-H15,0) -> 0 | H15: =M15 -> 0 | M15: 0 | O15: VND/kg | P15: 26359.464 | Q15: 0 | R15: =Q15-P15 -> -26359.464 | S15: =R15/P15 -> -1
A16: Xơ sợi | B16: Sản lượng | D16: =D15+E15-F16 -> 1.5878529e+10 | E16: =IF(H16>0,H16,0) -> 11327184 | F16: =IF(H16<0,-H16,0) -> 0 | H16: =M16 -> 11327184 | M16: {=TRANSPOSE(AA16:AC16)} -> 11327184 | O16: tấn | P16: 100 | Q16: 27.3 | R16: =Q16-P16 -> -72.7 | S16: =R16/P16 -> -0.727 | Z16: =SUM(AA16:AD16) -> -3.2523057e+08 | AA16: =R16*(P17*U17-P18*10^3) -> 11327184 | AB16: =R17*Q16*U17 -> -3.2015983e+08 | AC16: =-R18*Q16*10^3 -> -36886578 | AD16: =Q16*Q17*W17 -> 20488657 | AE16: -3.2523057e+08 | AF16: =Z16-AE16 -> 0 | AH16: =P16*(P17*U17-P18*10^3) -> -15580720 | AI16: =Q16*(Q17*U17-Q18*10^3) -> -3.6129995e+08 | AJ16: =AI16-AH16 -> -3.4571923e+08 | AK16: =AJ16/AH16 -> 22.188912 | AM16: =Q16*(Q17*V17-Q18*10^3) -> -3.4081129e+08 | AN16: =AM16-AI16-AD16 -> 0 | AO16: ='S7'!AE12 -> 2750000000 | AP16: ='S7'!AF12 -> 4.3059017e+08 | AR16: =AH16/AO16 -> -0.0056657165 | AS16: =AI16/AP16 -> -0.83908081
B17: Giá bán | D17: =D16+E16-F17 -> 1.5569696e+10 | E17: =IF(H17>0,H17,0) -> 0 | F17: =IF(H17<0,-H17,0) -> 3.2015983e+08 | H17: =M17 -> -3.2015983e+08 | M17: -3.2015983e+08 | O17: $/tấn | P17: 1100 | Q17: 630.90134 | R17: =Q17-P17 -> -469.09866 | S17: =R17/P17 -> -0.42645332 | U17: 25000 | V17: 26189.568 | W17: =V17-U17 -> 1189.5683 | X17: =W17/U17 -> 0.047582733
B18: Giá vốn | D18: =D17+E17-F18 -> 1.553281e+10 | E18: =IF(H18>0,H18,0) -> 0 | F18: =IF(H18<0,-H18,0) -> 36886578 | H18: =M18 -> -36886578 | M18: -36886578 | O18: VND/kg | P18: 27655.807 | Q18: 29006.964 | R18: =Q18-P18 -> 1351.1567 | S18: =R18/P18 -> 0.048856166
A19: Tỷ giá | D19: =D18+E18-F19 -> 1.553281e+10 | E19: =IF(H19>0,H19,0) -> 3.4327645e+09 | F19: =IF(H19<0,-H19,0) -> 0 | H19: =M19 -> 3.4327645e+09 | M19: =AD4+AD7+AD10+AD13+AD16 -> 3.4327645e+09
A20: Khác | D20: =D19+E19-F20 -> 1.7652559e+10 | E20: =IF(H20>0,H20,0) -> 0 | F20: =IF(H20<0,-H20,0) -> 1.3130155e+09 | H20: =H22-SUM(H3:H19,H21) -> -1.3130155e+09 | AH20: =AH22-SUM(AH3:AH19) -> 1.3924777e+10 | AI20: =AI22-SUM(AI3:AI19) -> 2.3664831e+09 | AJ20: =AI20-AH20 -> -1.1558294e+10 | AK20: =AJ20/AH20 -> -0.83005236 | AO20: ='S7'!AE15 -> 18534127500 | AP20: ='S7'!AF15 -> 1.2688998e+10
A21: Cp vận chuyển, hoa hồng, chiết khấu | D21: =D20+E20-F21 -> 7.40728e+09 | E21: =IF(H21>0,H21,0) -> 0 | F21: =IF(H21<0,-H21,0) -> 1.0245279e+10 | H21: =G27-C27 -> -1.0245279e+10
A22: ='S7'!A17 -> TT T11 | G22: =D21+E21 -> 7.40728e+09 | H22: 7.40728e+09 | I22: =H22-H3 -> -4.1052693e+10 | J22: =H22/H3-1 -> -0.84714643 | U22: 25000 | V22: 26188.206 | W22: =V22-U22 -> 1188.2064 | X22: =W22/U22 -> 0.047528257 | AH22: =C3 -> 4.8459973e+10 | AI22: =G22-H19 -> 3.9745154e+09 | AJ22: =AI22-AH22 -> -4.4485458e+10 | AK22: =AJ22/AH22 -> -0.91798354 | AO22: =SUM(AO3:AO20) -> 209261952500 | AP22: =SUM(AP3:AP20) -> 8.4915116e+10
A23: Check | F23: =G22-C3 -> -4.1052693e+10 | G23: =G22-H22 -> 0 | AO23: =AO22-'S7'!AE17 -> 0 | AP23: =AP22-'S7'!AF17 -> 0
F24: =F23/C3 -> -0.84714643 | AI24: =G24 -> 0
C26: KH | G26: TT
A27: Cp vận chuyển, hoa hồng, chiết khấu | C27: ='S7'!C20 -> 12485577500 | G27: ='S7'!G20 -> 2.2402986e+09
A28: Trong đó: Pallet | C28: 0 | G28: 2.4096988e+08
A29: LG EXW | C29: =C3-C27 -> 3.5974396e+10 | G29: =G22-G27 -> 5.1669814e+09 | H29: =G29-C29 -> -3.0807414e+10
A31: Tài trợ | C31: ='S6'!B25 -> 3408550000 | G31: ='S6'!C25 -> 3395251201
A32: LG EXW không gồm tài trợ | C32: =C29-C31 -> 3.2565846e+10 | G32: =G29-G31 -> 1.7717302e+09 | H32: =G32-G23 -> 1.7717302e+09
A33: Dthu EXW không gồm tài trợ | C33: ='S6'!B29-'S6'!B28-C31 -> 1.9336782e+11 | G33: ='S6'!C29-'S6'!C28-'S6'!C25 -> 8.2712331e+10
A34: %Biên | C34: =IFERROR(C32/C33,0) -> 0.16841398 | G34: =IFERROR(G32/G33,0) -> 0.021420387
H39: =SUM(H5:H6,H8:H9,H11:H12,H14:H15,H17:H18) -> -1.3426132e+10
G40: Tổng t/đ SL | H40: =H4+H7+H10+H13+H16 -> -1.9501032e+10
G41: SL-LNST | H41: =H40*(1-13.11%) -> -1.6944446e+10
G43: Tổng t/đ LG đơn vị | H43: =H5+H6+H8+H9+H11+H12+H14+H15+H17+H18 -> -1.3426132e+10
G44: LGĐV-LNST | H44: =H43*(1-13.11%) -> -1.1665966e+10
G46: PET | H46: =SUM(H5:H6) -> -8.5602422e+09
G47: PET-LNST | H47: =H46*(1-13.11%) -> -7.4379945e+09
G49: Xơ sợi | H49: =SUM(H17:H18) -> -3.5704641e+08
H50: =H49*(1-13.11%) -> -3.1023763e+08
G52: Tài trợ | H52: -3459806000
H53: =H52*(1-13.11%) -> -3.0062254e+09
P63: 4349.54 | Q63: 4344.593
A67: ĐVT: VND nhưng show là tỷ đồng | I67: (format âm để chỉnh) | O67: $/tấn LG đang quy về cùng tỷ giá KH | AB67: LG/kg ở đây là gom lại ở tác động GB và tác động GV
C68: Start | D68: Hidden | E68: Increase | F68: Decrease | G68: End | H68: Chênh lệch | I68: Cộng dồn | J68: Label-Increase | K68: Label-Decrease | M68: T/Đ nếu như nhóm ngành | P68: KH | Q68: TT | U68: KH | V68: TT | Z68: Tổng tác động | AA68: SL | AB68: LG/kg | AC68: EXR | AD68: Model
A69: =A3 -> KH T11 | C69: =H69 -> 4.8459973e+10 | H69: =H3 -> 4.8459973e+10
A70: rPET | B70: Sản lượng | D70: =C69-F70 -> 3.2103197e+10 | E70: =IF(H70>0,H70,0) -> 0 | F70: =IF(H70<0,-H70,0) -> 1.6356776e+10 | H70: =M70 -> -1.6356776e+10 | I70: =SUM(H$69:H70) -> 3.2103197e+10 | J70: =IF(H70>0,H70,0) -> 0 | K70: =IF(H70<0,-H70,0) -> 1.6356776e+10 | M70: {=TRANSPOSE(AA70:AB70)} -> -1.6356776e+10 | O70: tấn | P70: 4678.78 | Q70: 2027.64 | R70: =Q70-P70 -> -2651.14 | S70: =R70/P70 -> -0.56663062 | Z70: =SUM(AA70:AC70) -> -2.1969183e+10 | AA70: =R70*P71*U71 -> -1.6356776e+10 | AB70: =AB4+AC4 -> -8.5602422e+09 | AC70: =AD4 -> 2.9478354e+09 | AD70: -2.1969183e+10 | AE70: =Z70-AD70 -> 0
B71: LG đơn vị | D71: =D70-F71+E70 -> 2.3542955e+10 | E71: =IF(H71>0,H71,0) -> 0 | F71: =IF(H71<0,-H71,0) -> 8.5602422e+09 | H71: =M71 -> -8.5602422e+09 | I71: =SUM(H$69:H71) -> 2.3542955e+10 | J71: =IF(H71>0,H71,0) -> 0 | K71: =IF(H71<0,-H71,0) -> 8.5602422e+09 | M71: -8.5602422e+09 | O71: $/tấn | P71: =(P5-P6/U5*10^3) -> 246.78857 | Q71: =(Q5-Q6/U5*10^3) -> 77.917519 | R71: =Q71-P71 -> -168.87105 | S71: =R71/P71 -> -0.68427419 | U71: 25000 | V71: 26187.839 | W71: =V71-U71 -> 1187.8392 | X71: =W71/U71 -> 0.047513569
A72: rHDPE thổi | B72: Sản lượng | D72: =D71-F72+E71 -> 1.9768025e+10 | E72: =IF(H72>0,H72,0) -> 0 | F72: =IF(H72<0,-H72,0) -> 3.77493e+09 | H72: =M72 -> -3.77493e+09 | I72: =SUM(H$69:H72) -> 1.9768025e+10 | J72: =IF(H72>0,H72,0) -> 0 | K72: =IF(H72<0,-H72,0) -> 3.77493e+09 | M72: {=TRANSPOSE(AA72:AB72)} -> -3.77493e+09 | O72: tấn | P72: 927 | Q72: 268.725 | R72: =Q72-P72 -> -658.275 | S72: =R72/P72 -> -0.71011327 | Z72: =SUM(AA72:AC72) -> -5.2640945e+09 | AA72: =R72*P73*U73 -> -3.77493e+09 | AB72: =AB7+AC7 -> -1.8124935e+09 | AC72: =AD7 -> 3.2332892e+08 | AD72: -5.2640945e+09 | AE72: =Z72-AD72 -> 0
B73: LG đơn vị | D73: =D72-F73+E72 -> 1.7955532e+10 | E73: =IF(H73>0,H73,0) -> 0 | F73: =IF(H73<0,-H73,0) -> 1.8124935e+09 | H73: =M73 -> -1.8124935e+09 | I73: =SUM(H$69:H73) -> 1.7955532e+10 | J73: =IF(H73>0,H73,0) -> 0 | K73: =IF(H73<0,-H73,0) -> 1.8124935e+09 | M73: -1.8124935e+09 | O73: $/tấn | P73: =(P8-P9/U8*10^3) -> 229.38316 | Q73: =(Q8-Q9/U8*10^3) -> -40.408405 | R73: =Q73-P73 -> -269.79156 | S73: =R73/P73 -> -1.1761612 | U73: 25000 | V73: 26191.397 | W73: =V73-U73 -> 1191.3967 | X73: =W73/U73 -> 0.047655866
A74: rHDPE ép | B74: Sản lượng | D74: =D73-F74+E73 -> 1.7955532e+10 | E74: =IF(H74>0,H74,0) -> 1.6391134e+08 | F74: =IF(H74<0,-H74,0) -> 0 | H74: =M74 -> 1.6391134e+08 | I74: =SUM(H$69:H74) -> 1.8119443e+10 | J74: =IF(H74>0,H74,0) -> 1.6391134e+08 | K74: =IF(H74<0,-H74,0) -> 0 | M74: {=TRANSPOSE(AA74:AB74)} -> 1.6391134e+08 | O74: tấn | P74: 155.75 | Q74: 186.75 | R74: =Q74-P74 -> 31 | S74: =R74/P74 -> 0.19903692 | Z74: =SUM(AA74:AC74) -> -2.3913266e+09 | AA74: =R74*P75*U75 -> 1.6391134e+08 | AB74: =AB10+AC10 -> -2.6963496e+09 | AC74: =AD10 -> 1.4111161e+08 | AD74: -2.3913266e+09 | AE74: =Z74-AD74 -> 0
B75: LG đơn vị | D75: =D74-F75+E74 -> 1.5423093e+10 | E75: =IF(H75>0,H75,0) -> 0 | F75: =IF(H75<0,-H75,0) -> 2.6963496e+09 | H75: =M75 -> -2.6963496e+09 | I75: =SUM(H$69:H75) -> 1.5423093e+10 | J75: =IF(H75>0,H75,0) -> 0 | K75: =IF(H75<0,-H75,0) -> 2.6963496e+09 | M75: -2.6963496e+09 | O75: $/tấn | P75: =(P11-P12/U11*10^3) -> 211.49851 | Q75: =(Q11-Q12/U11*10^3) -> -366.03287 | R75: =Q75-P75 -> -577.53137 | S75: =R75/P75 -> -2.7306641 | U75: 25000 | V75: 26188.249 | W75: =V75-U75 -> 1188.2489 | X75: =W75/U75 -> 0.047529955
A76: rPP | B76: Sản lượng | D76: =D75-F76+E75 -> 1.5423093e+10 | E76: =IF(H76>0,H76,0) -> 4.5543577e+08 | F76: =IF(H76<0,-H76,0) -> 0 | H76: =M76 -> 4.5543577e+08 | I76: =SUM(H$69:H76) -> 1.5878529e+10 | J76: =IF(H76>0,H76,0) -> 4.5543577e+08 | K76: =IF(H76<0,-H76,0) -> 0 | M76: {=TRANSPOSE(AA76:AB76)} -> 4.5543577e+08 | O76: tấn | P76: 107.44 | Q76: 0 | R76: =Q76-P76 -> -107.44 | S76: =R76/P76 -> -1 | Z76: =SUM(AA76:AC76) -> 4.5543577e+08 | AA76: =R76*P77*U77 -> 4.5543577e+08 | AB76: =AB13+AC13 -> 0 | AC76: =AD13 -> 0 | AD76: 4.5543577e+08 | AE76: =Z76-AD76 -> 0
B77: LG đơn vị | D77: =D76-F77+E76 -> 1.5878529e+10 | E77: =IF(H77>0,H77,0) -> 0 | F77: =IF(H77<0,-H77,0) -> 0 | H77: =M77 -> 0 | I77: =SUM(H$69:H77) -> 1.5878529e+10 | J77: =IF(H77>0,H77,0) -> 0 | K77: =IF(H77<0,-H77,0) -> 0 | M77: 0 | O77: $/tấn | P77: =(P14-P15/U14*10^3) -> -169.55911 | Q77: =(Q14-Q15/U14*10^3) -> 0 | R77: =Q77-P77 -> 169.55911 | S77: =R77/P77 -> -1 | U77: 25000 | V77: 0 | W77: =V77-U77 -> -25000 | X77: =W77/U77 -> -1
A78: Xơ sợi | B78: Sản lượng | D78: =D77-F78+E77 -> 1.5878529e+10 | E78: =IF(H78>0,H78,0) -> 11327184 | F78: =IF(H78<0,-H78,0) -> 0 | H78: =M78 -> 11327184 | I78: =SUM(H$69:H78) -> 1.5889856e+10 | J78: =IF(H78>0,H78,0) -> 11327184 | K78: =IF(H78<0,-H78,0) -> 0 | M78: {=TRANSPOSE(AA78:AB78)} -> 11327184 | O78: tấn | P78: 100 | Q78: 27.3 | R78: =Q78-P78 -> -72.7 | S78: =R78/P78 -> -0.727 | Z78: =SUM(AA78:AC78) -> -3.2523057e+08 | AA78: =R78*P79*U79 -> 11327184 | AB78: =AB16+AC16 -> -3.5704641e+08 | AC78: =AD16 -> 20488657 | AD78: -3.2523057e+08 | AE78: =Z78-AD78 -> 0
B79: LG đơn vị | D79: =D78-F79+E78 -> 1.553281e+10 | E79: =IF(H79>0,H79,0) -> 0 | F79: =IF(H79<0,-H79,0) -> 3.5704641e+08 | H79: =M79 -> -3.5704641e+08 | I79: =SUM(H$69:H79) -> 1.553281e+10 | J79: =IF(H79>0,H79,0) -> 0 | K79: =IF(H79<0,-H79,0) -> 3.5704641e+08 | M79: -3.5704641e+08 | O79: $/tấn | P79: =(P17-P18/U17*10^3) -> -6.2322881 | Q79: =(Q17-Q18/V17*10^3) -> -476.67567 | R79: =Q79-P79 -> -470.44338 | S79: =R79/P79 -> 75.484858 | U79: 25000 | V79: 26189.568 | W79: =V79-U79 -> 1189.5683 | X79: =W79/U79 -> 0.047582733
A80: Tỷ giá | D80: =D79-F80+E79 -> 1.553281e+10 | E80: =IF(H80>0,H80,0) -> 3.4327645e+09 | F80: =IF(H80<0,-H80,0) -> 0 | H80: =M80 -> 3.4327645e+09 | I80: =SUM(H$69:H80) -> 1.8965574e+10 | J80: =IF(H80>0,H80,0) -> 3.4327645e+09 | K80: =IF(H80<0,-H80,0) -> 0 | M80: =AC70+AC72+AC74+AC76+AC78 -> 3.4327645e+09
A81: Khác | D81: =D80-F81+E80 -> 1.7652559e+10 | E81: =IF(H81>0,H81,0) -> 0 | F81: =IF(H81<0,-H81,0) -> 1313015498 | H81: =H83-SUM(H69:H80,H82) -> -1313015498 | I81: =SUM(H$69:H81) -> 1.7652559e+10 | J81: =IF(H81>0,H81,0) -> 0 | K81: =IF(H81<0,-H81,0) -> 1313015498 | O81: ng. tấn
A82: hoa hồng, chiết khấu | B82: Cp vận chuyển | D82: =D81-F82+E81 -> 7.40728e+09 | E82: =IF(H82>0,H82,0) -> 0 | F82: =IF(H82<0,-H82,0) -> 1.0245279e+10 | H82: =H21 -> -1.0245279e+10 | I82: =SUM(H$69:H82) -> 7.40728e+09 | J82: =IF(H82>0,H82,0) -> 0 | K82: =IF(H82<0,-H82,0) -> 1.0245279e+10
A83: =A22 -> TT T11 | G83: =D82 -> 7.40728e+09 | H83: =H22 -> 7.40728e+09 | O83: rPET | P83: =P70/10^3 -> 4.67878 | Q83: =Q70/10^3 -> 2.02764 | R83: =Q83-P83 -> -2.65114 | S83: =R83/P83 -> -0.56663062 | U83: 25000 | V83: 26188.206 | W83: =V83-U83 -> 1188.2064 | X83: =W83/U83 -> 0.047528257
A84: Check | F84: =G83-C69 -> -4.1052693e+10 | G84: =G83-H83 -> 0 | H84: =H83/H69-1 -> -0.84714643 | O84: rHDPE thổi | P84: =P72/10^3 -> 0.927 | Q84: =Q72/10^3 -> 0.268725 | R84: =Q84-P84 -> -0.658275 | S84: =R84/P84 -> -0.71011327
F85: =F84/C69 -> -0.84714643 | G85: =G24 -> 0 | O85: rHDPE ép | P85: =P74/10^3 -> 0.15575 | Q85: =Q74/10^3 -> 0.18675 | R85: =Q85-P85 -> 0.031 | S85: =R85/P85 -> 0.19903692
O86: rPP | P86: =P76/10^3 -> 0.10744 | Q86: =Q76/10^3 -> 0 | R86: =Q86-P86 -> -0.10744 | S86: =R86/P86 -> -1
O87: Xơ sợi | P87: =P78/10^3 -> 0.1 | Q87: =Q78/10^3 -> 0.0273 | R87: =Q87-P87 -> -0.0727 | S87: =R87/P87 -> -0.727

Sheet BĐ-LG EXW-v2
C4: =C12/C7 -> 0.010874696
A5: ĐVT: VND; kg; VND/kg; USD/ton | K5: TÁC ĐỘNG
B6: KH | C6: TT | D6: +/ | F6: %Cơ cấu SL-KH | G6: %Cơ cấu SL-TT | H6: SL-TT-Cơ cấu KH | I6: DT-TT-Cơ cấu KH | K6: Sản lượng | L6: Cơ cấu ngành | M6: Giá bán | N6: Tỷ giá | O6: Khác | P6: Cp vận chuyển, hoa hồng, chiết khấu
A7: Sản lượng SPC | B7: =SUM(B8:B12) -> 5968970 | C7: =SUM(C8:C12) -> 2510415 | D7: =C7-B7 -> -3458555 | E7: =D7/B7 -> -0.57942241 | H7: =SUM(H8:H12) -> 2510415
A8: rPET | B8: ='S6'!B8 -> 4678780 | C8: ='S6'!C8 -> 2027640 | D8: =C8-B8 -> -2651140 | F8: =B8/B$7 -> 0.78385048 | G8: =C8/C$7 -> 0.80769116 | H8: =F8*C$7 -> 1967790
A9: rHDPE thổi | B9: ='S6'!B9 -> 927000 | C9: ='S6'!C9 -> 268725 | D9: =C9-B9 -> -658275 | F9: =B9/B$7 -> 0.15530318 | G9: =C9/C$7 -> 0.10704405 | H9: =F9*C$7 -> 389875.42
A10: rHDPE ép | B10: ='S6'!B10 -> 155750 | C10: ='S6'!C10 -> 186750 | D10: =C10-B10 -> 31000 | F10: =B10/B$7 -> 0.026093279 | G10: =C10/C$7 -> 0.074390091 | H10: =F10*C$7 -> 65504.959
A11: rPP | B11: ='S6'!B11 -> 107440 | C11: ='S6'!C11 -> 0 | D11: =C11-B11 -> -107440 | F11: =B11/B$7 -> 0.017999755 | G11: =C11/C$7 -> 0 | H11: =F11*C$7 -> 45186.856
A12: Xơ sợi | B12: ='S6'!B12 -> 100000 | C12: ='S6'!C12 -> 27300 | D12: =C12-B12 -> -72700 | F12: =B12/B$7 -> 0.016753309 | G12: =C12/C$7 -> 0.010874696 | H12: =F12*C$7 -> 42057.759
A13: GB EXW (VND/kg) | B13: 30553.285 | C13: 28801.443 | D13: =C13-B13 -> -1751.8418 | I13: =SUM(I14:I18) -> 8.0215848e+10
A14: rPET | B14: ='S6'!B14 -> 32352.747 | C14: ='S6'!C14 -> 32051.944 | I14: =H8*B14 -> 6.3663413e+10
A15: rHDPE thổi | B15: ='S6'!B15 -> 33424.218 | C15: ='S6'!C15 -> 26450.797 | I15: =H9*B15 -> 1.3031281e+10
A16: rHDPE ép | B16: ='S6'!B16 -> 20838.283 | C16: ='S6'!C16 -> 16653.334 | I16: =H10*B16 -> 1.3650108e+09
A17: rPP | B17: ='S6'!B17 -> 22120.486 | C17: ='S6'!C17 -> 0 | I17: =H11*B17 -> 9.9955521e+08
A18: Xơ sợi | B18: ='S6'!B18 -> 27500 | C18: ='S6'!C18 -> 16523.034 | I18: =H12*B18 -> 1.1565884e+09
A19: Doanh thu SPC | B19: =SUM(B20:B24) -> 1.9072782e+11 | C19: =SUM(C20:C24) -> 7.5658883e+10 | D19: =C19-B19 -> -1.1506894e+11
A20: rPET | B20: =B8*B14 -> 1.5137139e+11 | C20: =C8*C14 -> 6.4989804e+10 | D20: =C20-B20 -> -8.6381584e+10 | K20: =I14-B20 -> -8.7707975e+10 | L20: =C8*B14-I14 -> 1.9363118e+09 | M20: =D63*C8/10^3*$B$69 -> -3.5577563e+09 | N20: =IFERROR(C20-C20/C70*B70,0) -> 2.9478354e+09
A21: rHDPE thổi | B21: =B9*B15 -> 3.098425e+10 | C21: =C9*C15 -> 7107990427 | D21: =C21-B21 -> -2.387626e+10 | K21: =I15-B21 -> -1.7952969e+10 | L21: =C9*B15-I15 -> -4.0493581e+09 | M21: =D64*C9/10^3*$B$69 -> -2.1972615e+09 | N21: =IFERROR(C21-C21/C71*B71,0) -> 3.2332892e+08
A22: rHDPE ép | B22: =B10*B16 -> 3.2455625e+09 | C22: =C10*C16 -> 3.1100101e+09 | D22: =C22-B22 -> -1.3555243e+08 | K22: =I16-B22 -> -1.8805517e+09 | L22: =C10*B16-I16 -> 2.5265384e+09 | M22: =D65*C10/10^3*$B$69 -> -9.226508e+08 | N22: =IFERROR(C22-C22/C72*B72,0) -> 1.4111161e+08
A23: rPP | B23: =B11*B17 -> 2.376625e+09 | C23: =C11*C17 -> 0 | D23: =C23-B23 -> -2.376625e+09 | K23: =I17-B23 -> -1.3770698e+09 | L23: =C11*B17-I17 -> -9.9955521e+08 | M23: =D66*C11/10^3*$B$69 -> 0 | N23: =IFERROR(C23-C23/C73*B73,0) -> 0
A24: Xơ sợi | B24: =B12*B18 -> 2.75e+09 | C24: =C12*C18 -> 4.5107882e+08 | D24: =C24-B24 -> -2.2989212e+09 | K24: =I18-B24 -> -1.5934116e+09 | L24: =C12*B18-I18 -> -4.0583836e+08 | M24: =D67*C12/10^3*$B$69 -> -3.2015983e+08 | N24: =IFERROR(C24-C24/C74*B74,0) -> 20488657
A25: Tài trợ | B25: ='S6'!B25 -> 3408550000 | C25: ='S6'!C25 -> 3395251201 | D25: =C25-B25 -> -13298799 | O25: =D25 -> -13298799 | Q25: =SUM(K25:P25) -> -13298799
A26: Dây đai, phó sản | B26: ='S6'!B26 -> 2640000000 | C26: ='S6'!C26 -> 6989889073 | D26: =C26-B26 -> 4349889073 | O26: =D26 -> 4349889073 | Q26: =SUM(K26:P26) -> 4349889073
A27: Khác | B27: ='S6'!B27 -> 0 | C27: ='S6'!C27 -> 63558813 | D27: =C27-B27 -> 63558813 | O27: =D27 -> 63558813 | Q27: =SUM(K27:P27) -> 63558813
A28: Cp vận chuyển, hoa hồng, chiết khấu | B28: ='S8'!C27 -> 12485577500 | C28: ='S8'!G27 -> 2.2402986e+09 | D28: =C28-B28 -> -1.0245279e+10 | P28: =D28 -> -1.0245279e+10 | Q28: =SUM(K28:P28) -> -1.0245279e+10
A29: Tổng dthu thuần | B29: =B19+B25+B26+B27+B28 -> 2.0926195e+11 | C29: =C19+C25+C26+C27+C28 -> 88347880802 | D29: =C29-B29 -> -1.2091407e+11 | K29: =SUM(K7:K28) -> -1.1051198e+11 | L29: =SUM(L7:L28) -> -9.9190147e+08 | M29: =SUM(M7:M28) -> -6.9978284e+09 | N29: =SUM(N7:N28) -> 3.4327645e+09 | O29: =SUM(O7:O28) -> 4.4001491e+09 | P29: =SUM(P7:P28) -> -1.0245279e+10 | Q29: =SUM(K29:P29) -> -1.2091407e+11
P30: Check | Q30: =Q29-D29 -> 0
A31: GVĐV (đ/kg)
A32: rPET | B32: 26183.033 | C32: 28650.18 | D32: =C32-B32 -> 2467.147
A33: rHDPE thổi | B33: 27689.639 | C33: 26257.811 | D33: =C33-B33 -> -1431.8281
A34: rHDPE ép | B34: 15550.82 | C34: 25048.538 | D34: =C34-B34 -> 9497.7178
A35: rPP | B35: 26359.464 | C35: 0 | D35: =C35-B35 -> -26359.464
A36: Xơ sợi | B36: 27655.807 | C36: 29006.964 | D36: =C36-B36 -> 1351.1567
A38: GVHB-SPC | B38: =SUM(B39:B43) -> 1.5619263e+11 | C38: =SUM(C39:C43) -> 7.0618086e+10
A39: rPET | B39: =B32*B8 -> 1.2250465e+11 | C39: =C32*C8 -> 5.8092252e+10
A40: rHDPE thổi | B40: =B33*B9 -> 2.5668295e+10 | C40: =C33*C9 -> 7.0561302e+09
A41: rHDPE ép | B41: =B34*B10 -> 2.4220402e+09 | C41: =C34*C10 -> 4677814409
A42: rPP | B42: =B35*B11 -> 2.8320608e+09 | C42: =C35*C11 -> 0
A43: Xơ sợi | B43: =B36*B12 -> 2.7655807e+09 | C43: =C36*C12 -> 791890115
A44: Tài trợ
A45: Dây đai, phó sản | B45: 2359350000 | C45: 6217736669
A46: Khác | B46: 2250000000 | C46: 4.1047779e+09
A47: Tổng GVHB | B47: =B38+B44+B45+B46 -> 1.6080198e+11 | C47: =C38+C44+C45+C46 -> 8.0940601e+10 | K47: TÁC ĐỘNG | S47: TÁC ĐỘNG-GOM
A48: GVHB | B48: ='S7'!C3-'S8'!C3-B47 -> 0 | C48: ='S7'!G17-'S8'!G22-C47 -> 0 | F48: LG EXW ĐV-KH | G48: LG EXW ĐV-TT | H48: LG EXW-TT-Cơ cấu KH | K48: Sản lượng | L48: Cơ cấu ngành | M48: Giá bán | N48: Giá vốn | O48: Tỷ giá | P48: Khác | Q48: Cp vận chuyển, hoa hồng, chiết khấu | S48: Sản lượng | T48: Cơ cấu ngành | U48: LG đơn vị | V48: Tỷ giá | W48: Khác | X48: Cp vận chuyển, hoa hồng, chiết khấu
A49: LG EXW-SPC | B49: =SUM(B50:B54) -> 3.4535196e+10 | C49: =SUM(C50:C54) -> 5.0407969e+09 | D49: =C49-B49 -> -2.9494399e+10 | H49: =SUM(H50:H54) -> 1.4524729e+10
A50: rPET | B50: =B20-B39 -> 2.8866735e+10 | C50: =C20-C39 -> 6.8975523e+09 | D50: =C50-B50 -> -2.1969183e+10 | F50: =B63*B70/10^3-B32 -> 6169.7141 | G50: =C63*C70/10^3-C32 -> 3401.7638 | H50: =F50*H8 -> 1.2140702e+10 | K50: =H50-B50 -> -1.6726033e+10 | L50: =C8*F50-H50 -> 3.6925737e+08 | M50: =C8*D63*B70/10^3 -> -3.5577563e+09 | N50: =-D32*C8 -> -5.0024859e+09 | O50: =N20 -> 2.9478354e+09 | S50: =K50 -> -1.6726033e+10 | T50: =L50 -> 3.6925737e+08 | U50: =M50+N50 -> -8.5602422e+09 | V50: =O50 -> 2.9478354e+09
A51: rHDPE thổi | B51: =B21-B40 -> 5.3159547e+09 | C51: =C21-C40 -> 51860203 | D51: =C51-B51 -> -5.2640945e+09 | F51: =B64*B71/10^3-B33 -> 5734.579 | G51: =C64*C71/10^3-C33 -> 192.98615 | H51: =F51*H9 -> 2.2357714e+09 | K51: =H51-B51 -> -3.0801833e+09 | L51: =C9*F51-H51 -> -6.9474667e+08 | M51: =C9*D64*B71/10^3 -> -2.1972615e+09 | N51: =-D33*C9 -> 3.84768e+08 | O51: =N21 -> 3.2332892e+08 | S51: =K51 -> -3.0801833e+09 | T51: =L51 -> -6.9474667e+08 | U51: =M51+N51 -> -1.8124935e+09 | V51: =O51 -> 3.2332892e+08
A52: rHDPE ép | B52: =B22-B41 -> 8.2352231e+08 | C52: =C22-C41 -> -1.5678043e+09 | D52: =C52-B52 -> -2.3913266e+09 | F52: =B65*B72/10^3-B34 -> 5287.4626 | G52: =C65*C72/10^3-C34 -> -8395.204 | H52: =F52*H10 -> 3.4635502e+08 | K52: =H52-B52 -> -4.7716728e+08 | L52: =C10*F52-H52 -> 6.4107862e+08 | M52: =C10*D65*B72/10^3 -> -9.226508e+08 | N52: =-D34*C10 -> -1.7736988e+09 | O52: =N22 -> 1.4111161e+08 | S52: =K52 -> -4.7716728e+08 | T52: =L52 -> 6.4107862e+08 | U52: =M52+N52 -> -2.6963496e+09 | V52: =O52 -> 1.4111161e+08
A53: rPP | B53: =B23-B42 -> -4.5543577e+08 | C53: =C23-C42 -> 0 | D53: =C53-B53 -> 4.5543577e+08 | F53: =B66*B73/10^3-B35 -> -4238.9777 | G53: =C66*C73/10^3-C35 -> 0 | H53: =F53*H11 -> -1.9154608e+08 | K53: =H53-B53 -> 2.6388969e+08 | L53: =C11*F53-H53 -> 1.9154608e+08 | M53: =C11*D66*B73/10^3 -> 0 | N53: =-D35*C11 -> 0 | O53: =N23 -> 0 | S53: =K53 -> 2.6388969e+08 | T53: =L53 -> 1.9154608e+08 | U53: =M53+N53 -> 0 | V53: =O53 -> 0
A54: Xơ sợi | B54: =B24-B43 -> -15580720 | C54: =C24-C43 -> -3.4081129e+08 | D54: =C54-B54 -> -3.2523057e+08 | F54: =B67*B74/10^3-B36 -> -155.8072 | G54: =C67*C74/10^3-C36 -> -12483.93 | H54: =F54*H12 -> -6552901.8 | K54: =H54-B54 -> 9027818.6 | L54: =C12*F54-H54 -> 2299365.1 | M54: =C12*D67*B74/10^3 -> -3.2015983e+08 | N54: =-D36*C12 -> -36886578 | O54: =N24 -> 20488657 | S54: =K54 -> 9027818.6 | T54: =L54 -> 2299365.1 | U54: =M54+N54 -> -3.5704641e+08 | V54: =O54 -> 20488657
A55: Tài trợ | B55: =B25-B44 -> 3408550000 | C55: =C25-C44 -> 3395251201 | D55: =C55-B55 -> -13298799 | P55: =D55 -> -13298799 | W55: =P55 -> -13298799
A56: Dây đai, phó sản | B56: =B26-B45 -> 280650000 | C56: =C26-C45 -> 772152404 | D56: =C56-B56 -> 491502404 | P56: =D56 -> 491502404 | W56: =P56 -> 491502404
A57: Khác | B57: =B27-B46 -> -2250000000 | C57: =C27-C46 -> -4.0412191e+09 | D57: =C57-B57 -> -1.7912191e+09 | P57: =D57 -> -1.7912191e+09 | W57: =P57 -> -1.7912191e+09
A58: Cp vận chuyển, hoa hồng, chiết khấu | B58: =B28 -> 12485577500 | C58: =C28 -> 2.2402986e+09 | D58: =C58-B58 -> -1.0245279e+10 | Q58: =D58 -> -1.0245279e+10 | X58: =Q58 -> -1.0245279e+10
A59: Tổng LG EXW | B59: =B49+B55+B56+B57+B58 -> 4.8459973e+10 | C59: =C49+C55+C56+C57+C58 -> 7.40728e+09 | D59: =C59-B59 -> -4.1052693e+10 | K59: =SUM(K49:K58) -> -2.0010466e+10 | L59: =SUM(L49:L58) -> 5.0943477e+08 | M59: =SUM(M49:M58) -> -6.9978284e+09 | N59: =SUM(N49:N58) -> -6.4283033e+09 | O59: =SUM(O49:O58) -> 3.4327645e+09 | P59: =SUM(P49:P58) -> -1.3130155e+09 | Q59: =SUM(Q49:Q58) -> -1.0245279e+10 | S59: =SUM(S49:S58) -> -2.0010466e+10 | T59: =SUM(T49:T58) -> 5.0943477e+08 | U59: =SUM(U49:U58) -> -1.3426132e+10 | V59: =SUM(V49:V58) -> 3.4327645e+09 | W59: =SUM(W49:W58) -> -1.3130155e+09 | X59: =SUM(X49:X58) -> -1.0245279e+10 | Y59: =SUM(S59:X59) -> -4.1052693e+10
A60: Check | B60: =B59-'S8'!C3 -> 0 | C60: =C59-'S8'!G22 -> 0 | X60: Check | Y60: =Y59-D59 -> 0
A62: GB EXW (USD/ton) | B62: KH | C62: TT
A63: rPET | B63: ='S6'!B33 -> 1294.1099 | C63: ='S6'!C33 -> 1223.9247 | D63: =C63-B63 -> -70.185167
A64: rHDPE thổi | B64: ='S6'!B34 -> 1336.9687 | C64: ='S6'!C34 -> 1009.904 | D64: =C64-B64 -> -327.06469
A65: rHDPE ép | B65: ='S6'!B35 -> 833.5313 | C65: ='S6'!C35 -> 635.90864 | D65: =C65-B65 -> -197.62266
A66: rPP | B66: ='S6'!B36 -> 884.81943 | C66: ='S6'!C36 -> 0 | D66: =C66-B66 -> -884.81943
A67: Xơ sợi | B67: ='S6'!B37 -> 1100 | C67: ='S6'!C37 -> 630.90134 | D67: =C67-B67 -> -469.09866
A69: Exchange rate | B69: ='S6'!B39 -> 25000 | C69: ='S6'!C39 -> 26188.206
A70: rPET | B70: ='S6'!B40 -> 25000 | C70: ='S6'!C40 -> 26187.839
A71: rHDPE thổi | B71: ='S6'!B41 -> 25000 | C71: ='S6'!C41 -> 26191.397
A72: rHDPE ép | B72: ='S6'!B42 -> 25000 | C72: ='S6'!C42 -> 26188.249
A73: rPP | B73: ='S6'!B43 -> 25000 | C73: ='S6'!C43 -> 0
A74: Xơ sợi | B74: ='S6'!B44 -> 25000 | C74: ='S6'!C44 -> 26189.568
A77: Vẽ (VND nhưng thể hiện là tỷ)
C78: Start | D78: Hidden | E78: Increase | F78: Decrease | G78: End
A79: ='S7'!A3 -> KH T11 | C79: =B59 -> 4.8459973e+10
A80: rPET | B80: Sản lượng | D80: =C79-F80 -> 3.173394e+10 | E80: =IF(H80>0,H80,0) -> 0 | F80: =IF(H80<0,-H80,0) -> 1.6726033e+10 | H80: {=TRANSPOSE(S50:U50)} -> -1.6726033e+10
B81: Cơ cấu | D81: =D80+E80-F81 -> 3.173394e+10 | E81: =IF(H81>0,H81,0) -> 3.6925737e+08 | F81: =IF(H81<0,-H81,0) -> 0 | H81: 3.6925737e+08
B82: LG đơn vị | D82: =D81+E81-F82 -> 2.3542955e+10 | E82: =IF(H82>0,H82,0) -> 0 | F82: =IF(H82<0,-H82,0) -> 8.5602422e+09 | H82: -8.5602422e+09
A83: rHDPE thổi | B83: Sản lượng | D83: =D82+E82-F83 -> 2.0462772e+10 | E83: =IF(H83>0,H83,0) -> 0 | F83: =IF(H83<0,-H83,0) -> 3.0801833e+09 | H83: {=TRANSPOSE(S51:U51)} -> -3.0801833e+09
B84: Cơ cấu | D84: =D83+E83-F84 -> 1.9768025e+10 | E84: =IF(H84>0,H84,0) -> 0 | F84: =IF(H84<0,-H84,0) -> 6.9474667e+08 | H84: -6.9474667e+08
B85: LG đơn vị | D85: =D84+E84-F85 -> 1.7955532e+10 | E85: =IF(H85>0,H85,0) -> 0 | F85: =IF(H85<0,-H85,0) -> 1.8124935e+09 | H85: -1.8124935e+09
A86: rHDPE ép | B86: Sản lượng | D86: =D85+E85-F86 -> 1.7478364e+10 | E86: =IF(H86>0,H86,0) -> 0 | F86: =IF(H86<0,-H86,0) -> 4.7716728e+08 | H86: {=TRANSPOSE(S52:U52)} -> -4.7716728e+08
B87: Cơ cấu | D87: =D86+E86-F87 -> 1.7478364e+10 | E87: =IF(H87>0,H87,0) -> 6.4107862e+08 | F87: =IF(H87<0,-H87,0) -> 0 | H87: 6.4107862e+08
B88: LG đơn vị | D88: =D87+E87-F88 -> 1.5423093e+10 | E88: =IF(H88>0,H88,0) -> 0 | F88: =IF(H88<0,-H88,0) -> 2.6963496e+09 | H88: -2.6963496e+09
A89: rPP | B89: Sản lượng | D89: =D88+E88-F89 -> 1.5423093e+10 | E89: =IF(H89>0,H89,0) -> 2.6388969e+08 | F89: =IF(H89<0,-H89,0) -> 0 | H89: {=TRANSPOSE(S53:U53)} -> 2.6388969e+08
B90: Cơ cấu | D90: =D89+E89-F90 -> 1.5686983e+10 | E90: =IF(H90>0,H90,0) -> 1.9154608e+08 | F90: =IF(H90<0,-H90,0) -> 0 | H90: 1.9154608e+08
B91: LG đơn vị | D91: =D90+E90-F91 -> 1.5878529e+10 | E91: =IF(H91>0,H91,0) -> 0 | F91: =IF(H91<0,-H91,0) -> 0 | H91: 0
A92: Xơ sợi | B92: Sản lượng | D92: =D91+E91-F92 -> 1.5878529e+10 | E92: =IF(H92>0,H92,0) -> 9027818.6 | F92: =IF(H92<0,-H92,0) -> 0 | H92: {=TRANSPOSE(S54:U54)} -> 9027818.6
B93: Cơ cấu | D93: =D92+E92-F93 -> 1.5887557e+10 | E93: =IF(H93>0,H93,0) -> 2299365.1 | F93: =IF(H93<0,-H93,0) -> 0 | H93: 2299365.1
B94: LG đơn vị | D94: =D93+E93-F94 -> 1.553281e+10 | E94: =IF(H94>0,H94,0) -> 0 | F94: =IF(H94<0,-H94,0) -> 3.5704641e+08 | H94: -3.5704641e+08
A95: Tỷ giá | D95: =D94+E94-F95 -> 1.553281e+10 | E95: =IF(H95>0,H95,0) -> 3.4327645e+09 | F95: =IF(H95<0,-H95,0) -> 0 | H95: =V59 -> 3.4327645e+09
A96: Khác | D96: =D95+E95-F96 -> 1.7652559e+10 | E96: =IF(H96>0,H96,0) -> 0 | F96: =IF(H96<0,-H96,0) -> 1.3130155e+09 | H96: =W59 -> -1.3130155e+09
A97: Cp vận chuyển, hoa hồng, chiết khấu | D97: =D96+E96-F97 -> 7.40728e+09 | E97: =IF(H97>0,H97,0) -> 0 | F97: =IF(H97<0,-H97,0) -> 1.0245279e+10 | H97: =X59 -> -1.0245279e+10
A98: ='S7'!A17 -> TT T11 | G98: =D97+E97 -> 7.40728e+09
A99: Check | G99: =G98-C59 -> 0
A131: Vẽ (VND nhưng thể hiện là tỷ)
C132: Start | D132: Hidden | E132: Increase | F132: Decrease | G132: End
B133: =A79 -> KH T11 | C133: =B59 -> 4.8459973e+10
B134: Sản lượng | D134: =C133-F134 -> 2.8449507e+10 | E134: =IF(H134>0,H134,0) -> 0 | F134: =IF(H134<0,-H134,0) -> 2.0010466e+10 | H134: =SUMIFS($H$80:$H$96,$B$80:$B$96,$B134) -> -2.0010466e+10
B135: Cơ cấu | D135: =D134+E134-F135 -> 2.8449507e+10 | E135: =IF(H135>0,H135,0) -> 5.0943477e+08 | F135: =IF(H135<0,-H135,0) -> 0 | H135: =SUMIFS($H$80:$H$96,$B$80:$B$96,$B135) -> 5.0943477e+08
B136: LG đơn vị | D136: =D135+E135-F136 -> 1.553281e+10 | E136: =IF(H136>0,H136,0) -> 0 | F136: =IF(H136<0,-H136,0) -> 1.3426132e+10 | H136: =SUMIFS($H$80:$H$96,$B$80:$B$96,$B136) -> -1.3426132e+10
B137: Tỷ giá | D137: =D136+E136-F137 -> 1.553281e+10 | E137: =IF(H137>0,H137,0) -> 3.4327645e+09 | F137: =IF(H137<0,-H137,0) -> 0 | H137: =H95 -> 3.4327645e+09
B138: Khác | D138: =D137+E137-F138 -> 7.40728e+09 | E138: =IF(H138>0,H138,0) -> 0 | F138: =IF(H138<0,-H138,0) -> 1.1558294e+10 | H138: =H96+H97 -> -1.1558294e+10 | I138: gom lại cp vận chuyển, hoa hồng, chiết khấu
B139: =A98 -> TT T11 | G139: =D138+E138 -> 7.40728e+09
...

Sheet S10
A1: -1
A2: CHỈ TIÊU | B2: KH | C2: TT | D2: +/- | E2: %+/-
A3: LG EXW | B3: ='S8'!C3-('S8'!C27-'S8'!C28) -> 3.5974396e+10 | C3: ='S8'!G22-('S8'!G27-'S8'!G28) -> 5.4079513e+09 | D3: =C3-B3 -> -3.0566444e+10 | E3: =IFERROR(D3/B3,0) -> -0.84967221
A4: CPBH | B4: -1.7088592e+09 | C4: -1414420938 | D4: =C4-B4 -> 2.9443822e+08 | E4: =IFERROR(D4/B4,0) -> -0.17230105
A5: CPQLDN | B5: -7.7451752e+09 | C5: -9875644458 | D5: =C5-B5 -> -2.1304693e+09 | E5: =IFERROR(D5/B5,0) -> 0.27507051
A6: Cp lãi vay | B6: -4874877877 | C6: -1256132292 | D6: =C6-B6 -> 3618745585 | E6: =IFERROR(D6/B6,0) -> -0.74232538
A7: Dthu/Cp tài chính-Tỷ giá | C7: 130246672 | D7: =C7-B7 -> 130246672 | E7: =IFERROR(D7/B7,0) -> 0
A8: Lãi tiền gửi | B8: 326826000 | C8: 339620636 | D8: =C8-B8 -> 12794636 | E8: =IFERROR(D8/B8,0) -> 0.039148158
A9: Thu nhập/Chi phí khác | C9: -1106151805 | D9: =C9-B9 -> -1106151805 | E9: =IFERROR(D9/B9,0) -> 0
A10: Thuế TNDN | B10: -3.0761233e+09 | C10: 8.54241e+08 | D10: =C10-B10 -> 3.9303643e+09 | E10: =IFERROR(D10/B10,0) -> -1.2777005
A11: LNST | B11: =SUM(B3:B10) -> 1.8896186e+10 | C11: =SUM(C3:C10) -> -6.9202899e+09 | D11: =C11-B11 -> -2.5816476e+10 | E11: =IFERROR(D11/B11,0) -> -1.3662268
B14: Start | C14: Hidden | D14: Increase | E14: Decrease | F14: End | I14: Increase | J14: Decrease
A15: ='S7'!A3 -> KH T11 | B15: =B11 -> 1.8896186e+10
A16: LG EXW | D16: =B15 -> 1.8896186e+10 | E16: =H16 -> -1.1670258e+10 | G16: =D3 -> -3.0566444e+10 | H16: =B15+G16 -> -1.1670258e+10 | J16: =ABS($G16) -> 3.0566444e+10
A17: CPBH | C17: =E16+G17 -> -1.137582e+10 | D17: =-G17 -> -2.9443822e+08 | G17: =D4 -> 2.9443822e+08 | H17: =H16+G17 -> -1.137582e+10 | I17: =ABS($G17) -> 2.9443822e+08
A18: CPQLDN | C18: =C17 -> -1.137582e+10 | E18: =G18 -> -2.1304693e+09 | G18: =D5 -> -2.1304693e+09 | H18: =H17+G18 -> -1.3506289e+10 | J18: =ABS($G18) -> 2.1304693e+09
A19: Cp lãi vay | C19: =C18+G18+G19 -> -9.8875437e+09 | D19: =-G19 -> -3618745585 | G19: =D6 -> 3618745585 | H19: =H18+G19 -> -9.8875437e+09 | I19: =ABS($G19) -> 3618745585
A20: Dthu/Cp tài chính-Tỷ giá | C20: =C19+G20 -> -9.7572971e+09 | D20: =-G20 -> -130246672 | G20: =D7 -> 130246672 | H20: =H19+G20 -> -9.7572971e+09 | I20: =ABS($G20) -> 130246672
A21: Lãi tiền gửi | C21: =C20+G21 -> -9.7445024e+09 | D21: =-G21 -> -12794636 | G21: =D8 -> 12794636 | H21: =H20+G21 -> -9.7445024e+09 | I21: =ABS($G21) -> 12794636
A22: Thu nhập khác | C22: =C21 -> -9.7445024e+09 | E22: =G22 -> -1106151805 | G22: =D9 -> -1106151805 | H22: =H21+G22 -> -1.0850654e+10 | J22: =ABS($G22) -> 1106151805
A23: Thuế TNDN | C23: =C22+G22+G23 -> -6.9202899e+09 | D23: =-G23 -> -3.9303643e+09 | G23: =D10 -> 3.9303643e+09 | H23: =H22+G23 -> -6.9202899e+09 | I23: =ABS($G23) -> 3.9303643e+09
A24: ='S7'!A17 -> TT T11 | F24: =C23 -> -6.9202899e+09
F25: =F24-C11 -> 0
A27: Dthu | B27: ='S7'!C3 -> 209261952500 | C27: ='S7'!G17 -> 88347880802
B28: =B11/B27 -> 0.090299196 | C28: =C11/C27 -> -0.078330005
B58: Tổng t/đ SL | C58: -2.2184183e+10
B59: SL-LNST | C59: -1.9275837e+10
B61: Tổng t/đ LG đơn vị | C61: -1.4265745e+10
B62: LGĐV-LNST | C62: -1.2395506e+10

Sheet BĐ-LG EXW-v2 (PDM)
C4: =C12/C7 -> 0.010874696
A5: ĐVT: VND; kg; VND/kg; USD/ton | K5: TÁC ĐỘNG
B6: KH | C6: TT | D6: +/ | F6: %Cơ cấu SL-KH | G6: %Cơ cấu SL-TT | H6: SL-TT-Cơ cấu KH | I6: DT-TT-Cơ cấu KH | K6: Sản lượng | L6: Cơ cấu ngành | M6: Giá bán | N6: Tỷ giá | O6: Khác | P6: Cp vận chuyển, hoa hồng, chiết khấu
A7: Sản lượng SPC | B7: =SUM(B8:B12) -> 5968970 | C7: =SUM(C8:C12) -> 2510415 | D7: =C7-B7 -> -3458555 | E7: =D7/B7 -> -0.57942241 | H7: =SUM(H8:H12) -> 2510415
A8: rPET | B8: ='S6'!B8 -> 4678780 | C8: ='S6'!C8 -> 2027640 | D8: =C8-B8 -> -2651140 | F8: =B8/B$7 -> 0.78385048 | G8: =C8/C$7 -> 0.80769116 | H8: =F8*C$7 -> 1967790
A9: rHDPE thổi | B9: ='S6'!B9 -> 927000 | C9: ='S6'!C9 -> 268725 | D9: =C9-B9 -> -658275 | F9: =B9/B$7 -> 0.15530318 | G9: =C9/C$7 -> 0.10704405 | H9: =F9*C$7 -> 389875.42
A10: rHDPE ép | B10: ='S6'!B10 -> 155750 | C10: ='S6'!C10 -> 186750 | D10: =C10-B10 -> 31000 | F10: =B10/B$7 -> 0.026093279 | G10: =C10/C$7 -> 0.074390091 | H10: =F10*C$7 -> 65504.959
A11: rPP | B11: ='S6'!B11 -> 107440 | C11: ='S6'!C11 -> 0 | D11: =C11-B11 -> -107440 | F11: =B11/B$7 -> 0.017999755 | G11: =C11/C$7 -> 0 | H11: =F11*C$7 -> 45186.856
A12: Xơ sợi | B12: ='S6'!B12 -> 100000 | C12: ='S6'!C12 -> 27300 | D12: =C12-B12 -> -72700 | F12: =B12/B$7 -> 0.016753309 | G12: =C12/C$7 -> 0.010874696 | H12: =F12*C$7 -> 42057.759
A13: GB EXW (VND/kg) | B13: 30553.285 | C13: 28801.443 | D13: =C13-B13 -> -1751.8418 | I13: =SUM(I14:I18) -> 8.0215848e+10
A14: rPET | B14: ='S6'!B14 -> 32352.747 | C14: ='S6'!C14 -> 32051.944 | I14: =H8*B14 -> 6.3663413e+10
A15: rHDPE thổi | B15: ='S6'!B15 -> 33424.218 | C15: ='S6'!C15 -> 26450.797 | I15: =H9*B15 -> 1.3031281e+10
A16: rHDPE ép | B16: ='S6'!B16 -> 20838.283 | C16: ='S6'!C16 -> 16653.334 | I16: =H10*B16 -> 1.3650108e+09
A17: rPP | B17: ='S6'!B17 -> 22120.486 | C17: ='S6'!C17 -> 0 | I17: =H11*B17 -> 9.9955521e+08
A18: Xơ sợi | B18: ='S6'!B18 -> 27500 | C18: ='S6'!C18 -> 16523.034 | I18: =H12*B18 -> 1.1565884e+09
A19: Doanh thu SPC | B19: =SUM(B20:B24) -> 1.9072782e+11 | C19: =SUM(C20:C24) -> 7.5658883e+10 | D19: =C19-B19 -> -1.1506894e+11
A20: rPET | B20: =B8*B14 -> 1.5137139e+11 | C20: =C8*C14 -> 6.4989804e+10 | D20: =C20-B20 -> -8.6381584e+10 | K20: =I14-B20 -> -8.7707975e+10 | L20: =C8*B14-I14 -> 1.9363118e+09 | M20: =D63*C8/10^3*$B$69 -> -3.5577563e+09 | N20: =IFERROR(C20-C20/C70*B70,0) -> 2.9478354e+09
A21: rHDPE thổi | B21: =B9*B15 -> 3.098425e+10 | C21: =C9*C15 -> 7107990427 | D21: =C21-B21 -> -2.387626e+10 | K21: =I15-B21 -> -1.7952969e+10 | L21: =C9*B15-I15 -> -4.0493581e+09 | M21: =D64*C9/10^3*$B$69 -> -2.1972615e+09 | N21: =IFERROR(C21-C21/C71*B71,0) -> 3.2332892e+08
A22: rHDPE ép | B22: =B10*B16 -> 3.2455625e+09 | C22: =C10*C16 -> 3.1100101e+09 | D22: =C22-B22 -> -1.3555243e+08 | K22: =I16-B22 -> -1.8805517e+09 | L22: =C10*B16-I16 -> 2.5265384e+09 | M22: =D65*C10/10^3*$B$69 -> -9.226508e+08 | N22: =IFERROR(C22-C22/C72*B72,0) -> 1.4111161e+08
A23: rPP | B23: =B11*B17 -> 2.376625e+09 | C23: =C11*C17 -> 0 | D23: =C23-B23 -> -2.376625e+09 | K23: =I17-B23 -> -1.3770698e+09 | L23: =C11*B17-I17 -> -9.9955521e+08 | M23: =D66*C11/10^3*$B$69 -> 0 | N23: =IFERROR(C23-C23/C73*B73,0) -> 0
A24: Xơ sợi | B24: =B12*B18 -> 2.75e+09 | C24: =C12*C18 -> 4.5107882e+08 | D24: =C24-B24 -> -2.2989212e+09 | K24: =I18-B24 -> -1.5934116e+09 | L24: =C12*B18-I18 -> -4.0583836e+08 | M24: =D67*C12/10^3*$B$69 -> -3.2015983e+08 | N24: =IFERROR(C24-C24/C74*B74,0) -> 20488657
A25: Tài trợ | B25: ='S6'!B25 -> 3408550000 | C25: ='S6'!C25 -> 3395251201 | D25: =C25-B25 -> -13298799 | O25: =D25 -> -13298799 | Q25: =SUM(K25:P25) -> -13298799
A26: Dây đai, phó sản | B26: ='S6'!B26 -> 2640000000 | C26: ='S6'!C26 -> 6989889073 | D26: =C26-B26 -> 4349889073 | O26: =D26 -> 4349889073 | Q26: =SUM(K26:P26) -> 4349889073
A27: Khác | B27: ='S6'!B27 -> 0 | C27: ='S6'!C27 -> 63558813 | D27: =C27-B27 -> 63558813 | O27: =D27 -> 63558813 | Q27: =SUM(K27:P27) -> 63558813
A28: Cp vận chuyển, hoa hồng, chiết khấu | B28: ='S8'!C27 -> 12485577500 | C28: ='S8'!G27 -> 2.2402986e+09 | D28: =C28-B28 -> -1.0245279e+10 | P28: =D28 -> -1.0245279e+10 | Q28: =SUM(K28:P28) -> -1.0245279e+10
A29: Tổng dthu thuần | B29: =B19+B25+B26+B27+B28 -> 2.0926195e+11 | C29: =C19+C25+C26+C27+C28 -> 88347880802 | D29: =C29-B29 -> -1.2091407e+11 | K29: =SUM(K7:K28) -> -1.1051198e+11 | L29: =SUM(L7:L28) -> -9.9190147e+08 | M29: =SUM(M7:M28) -> -6.9978284e+09 | N29: =SUM(N7:N28) -> 3.4327645e+09 | O29: =SUM(O7:O28) -> 4.4001491e+09 | P29: =SUM(P7:P28) -> -1.0245279e+10 | Q29: =SUM(K29:P29) -> -1.2091407e+11
P30: Check | Q30: =Q29-D29 -> 0
A31: GVĐV (đ/kg)
A32: rPET | B32: 26183.033 | C32: 28650.18 | D32: =C32-B32 -> 2467.147
A33: rHDPE thổi | B33: 27689.639 | C33: 26257.811 | D33: =C33-B33 -> -1431.8281
A34: rHDPE ép | B34: 15550.82 | C34: 25048.538 | D34: =C34-B34 -> 9497.7178
A35: rPP | B35: 26359.464 | C35: 0 | D35: =C35-B35 -> -26359.464
A36: Xơ sợi | B36: 27655.807 | C36: 29006.964 | D36: =C36-B36 -> 1351.1567
A38: GVHB-SPC | B38: =SUM(B39:B43) -> 1.5619263e+11 | C38: =SUM(C39:C43) -> 7.0618086e+10
A39: rPET | B39: =B32*B8 -> 1.2250465e+11 | C39: =C32*C8 -> 5.8092252e+10
A40: rHDPE thổi | B40: =B33*B9 -> 2.5668295e+10 | C40: =C33*C9 -> 7.0561302e+09
A41: rHDPE ép | B41: =B34*B10 -> 2.4220402e+09 | C41: =C34*C10 -> 4677814409
A42: rPP | B42: =B35*B11 -> 2.8320608e+09 | C42: =C35*C11 -> 0
A43: Xơ sợi | B43: =B36*B12 -> 2.7655807e+09 | C43: =C36*C12 -> 791890115
A44: Tài trợ
A45: Dây đai, phó sản | B45: 2359350000 | C45: 6217736669
A46: Khác | B46: 2250000000 | C46: 4.1047779e+09
A47: Tổng GVHB | B47: =B38+B44+B45+B46 -> 1.6080198e+11 | C47: =C38+C44+C45+C46 -> 8.0940601e+10 | K47: TÁC ĐỘNG | S47: TÁC ĐỘNG-GOM
A48: GVHB | B48: ='S7'!C3-'S8'!C3-B47 -> 0 | C48: ='S7'!G17-'S8'!G22-C47 -> 0 | F48: LG EXW ĐV-KH | G48: LG EXW ĐV-TT | H48: LG EXW-TT-Cơ cấu KH | K48: Sản lượng | L48: Cơ cấu ngành | M48: Giá bán | N48: Giá vốn | O48: Tỷ giá | P48: Khác | Q48: Cp vận chuyển, hoa hồng, chiết khấu | S48: Sản lượng | T48: Cơ cấu ngành | U48: LG đơn vị | V48: Tỷ giá | W48: Khác | X48: Cp vận chuyển, hoa hồng, chiết khấu
A49: LG EXW-SPC | B49: =SUM(B50:B54) -> 3.4535196e+10 | C49: =SUM(C50:C54) -> 5.0407969e+09 | D49: =C49-B49 -> -2.9494399e+10 | H49: =SUM(H50:H54) -> 1.4524729e+10
A50: rPET | B50: =B20-B39 -> 2.8866735e+10 | C50: =C20-C39 -> 6.8975523e+09 | D50: =C50-B50 -> -2.1969183e+10 | F50: =B63*B70/10^3-B32 -> 6169.7141 | G50: =C63*C70/10^3-C32 -> 3401.7638 | H50: =F50*H8 -> 1.2140702e+10 | K50: =H50-B50 -> -1.6726033e+10 | L50: =C8*F50-H50 -> 3.6925737e+08 | M50: =C8*D63*B70/10^3 -> -3.5577563e+09 | N50: =-D32*C8 -> -5.0024859e+09 | O50: =N20 -> 2.9478354e+09 | S50: =K50 -> -1.6726033e+10 | T50: =L50 -> 3.6925737e+08 | U50: =M50+N50 -> -8.5602422e+09 | V50: =O50 -> 2.9478354e+09
A51: rHDPE thổi | B51: =B21-B40 -> 5.3159547e+09 | C51: =C21-C40 -> 51860203 | D51: =C51-B51 -> -5.2640945e+09 | F51: =B64*B71/10^3-B33 -> 5734.579 | G51: =C64*C71/10^3-C33 -> 192.98615 | H51: =F51*H9 -> 2.2357714e+09 | K51: =H51-B51 -> -3.0801833e+09 | L51: =C9*F51-H51 -> -6.9474667e+08 | M51: =C9*D64*B71/10^3 -> -2.1972615e+09 | N51: =-D33*C9 -> 3.84768e+08 | O51: =N21 -> 3.2332892e+08 | S51: =K51 -> -3.0801833e+09 | T51: =L51 -> -6.9474667e+08 | U51: =M51+N51 -> -1.8124935e+09 | V51: =O51 -> 3.2332892e+08
A52: rHDPE ép | B52: =B22-B41 -> 8.2352231e+08 | C52: =C22-C41 -> -1.5678043e+09 | D52: =C52-B52 -> -2.3913266e+09 | F52: =B65*B72/10^3-B34 -> 5287.4626 | G52: =C65*C72/10^3-C34 -> -8395.204 | H52: =F52*H10 -> 3.4635502e+08 | K52: =H52-B52 -> -4.7716728e+08 | L52: =C10*F52-H52 -> 6.4107862e+08 | M52: =C10*D65*B72/10^3 -> -9.226508e+08 | N52: =-D34*C10 -> -1.7736988e+09 | O52: =N22 -> 1.4111161e+08 | S52: =K52 -> -4.7716728e+08 | T52: =L52 -> 6.4107862e+08 | U52: =M52+N52 -> -2.6963496e+09 | V52: =O52 -> 1.4111161e+08
A53: rPP | B53: =B23-B42 -> -4.5543577e+08 | C53: =C23-C42 -> 0 | D53: =C53-B53 -> 4.5543577e+08 | F53: =B66*B73/10^3-B35 -> -4238.9777 | G53: =C66*C73/10^3-C35 -> 0 | H53: =F53*H11 -> -1.9154608e+08 | K53: =H53-B53 -> 2.6388969e+08 | L53: =C11*F53-H53 -> 1.9154608e+08 | M53: =C11*D66*B73/10^3 -> 0 | N53: =-D35*C11 -> 0 | O53: =N23 -> 0 | S53: =K53 -> 2.6388969e+08 | T53: =L53 -> 1.9154608e+08 | U53: =M53+N53 -> 0 | V53: =O53 -> 0
A54: Xơ sợi | B54: =B24-B43 -> -15580720 | C54: =C24-C43 -> -3.4081129e+08 | D54: =C54-B54 -> -3.2523057e+08 | F54: =B67*B74/10^3-B36 -> -155.8072 | G54: =C67*C74/10^3-C36 -> -12483.93 | H54: =F54*H12 -> -6552901.8 | K54: =H54-B54 -> 9027818.6 | L54: =C12*F54-H54 -> 2299365.1 | M54: =C12*D67*B74/10^3 -> -3.2015983e+08 | N54: =-D36*C12 -> -36886578 | O54: =N24 -> 20488657 | S54: =K54 -> 9027818.6 | T54: =L54 -> 2299365.1 | U54: =M54+N54 -> -3.5704641e+08 | V54: =O54 -> 20488657
A55: Tài trợ | B55: =B25-B44 -> 3408550000 | C55: =C25-C44 -> 3395251201 | D55: =C55-B55 -> -13298799 | P55: =D55 -> -13298799 | W55: =P55 -> -13298799
A56: Dây đai, phó sản | B56: =B26-B45 -> 280650000 | C56: =C26-C45 -> 772152404 | D56: =C56-B56 -> 491502404 | P56: =D56 -> 491502404 | W56: =P56 -> 491502404
A57: Khác | B57: =B27-B46 -> -2250000000 | C57: =C27-C46 -> -4.0412191e+09 | D57: =C57-B57 -> -1.7912191e+09 | P57: =D57 -> -1.7912191e+09 | W57: =P57 -> -1.7912191e+09
A58: Cp vận chuyển, hoa hồng, chiết khấu | B58: =B28 -> 12485577500 | C58: =C28 -> 2.2402986e+09 | D58: =C58-B58 -> -1.0245279e+10 | Q58: =D58 -> -1.0245279e+10 | X58: =Q58 -> -1.0245279e+10
A59: Tổng LG EXW | B59: =B49+B55+B56+B57+B58 -> 4.8459973e+10 | C59: =C49+C55+C56+C57+C58 -> 7.40728e+09 | D59: =C59-B59 -> -4.1052693e+10 | K59: =SUM(K49:K58) -> -2.0010466e+10 | L59: =SUM(L49:L58) -> 5.0943477e+08 | M59: =SUM(M49:M58) -> -6.9978284e+09 | N59: =SUM(N49:N58) -> -6.4283033e+09 | O59: =SUM(O49:O58) -> 3.4327645e+09 | P59: =SUM(P49:P58) -> -1.3130155e+09 | Q59: =SUM(Q49:Q58) -> -1.0245279e+10 | S59: =SUM(S49:S58) -> -2.0010466e+10 | T59: =SUM(T49:T58) -> 5.0943477e+08 | U59: =SUM(U49:U58) -> -1.3426132e+10 | V59: =SUM(V49:V58) -> 3.4327645e+09 | W59: =SUM(W49:W58) -> -1.3130155e+09 | X59: =SUM(X49:X58) -> -1.0245279e+10 | Y59: =SUM(S59:X59) -> -4.1052693e+10
A60: Check | B60: =B59-'S8'!C3 -> 0 | C60: =C59-'S8'!G22 -> 0 | X60: Check | Y60: =Y59-D59 -> 0
A62: GB EXW (USD/ton) | B62: KH | C62: TT
A63: rPET | B63: ='S6'!B33 -> 1294.1099 | C63: ='S6'!C33 -> 1223.9247 | D63: =C63-B63 -> -70.185167
A64: rHDPE thổi | B64: ='S6'!B34 -> 1336.9687 | C64: ='S6'!C34 -> 1009.904 | D64: =C64-B64 -> -327.06469
A65: rHDPE ép | B65: ='S6'!B35 -> 833.5313 | C65: ='S6'!C35 -> 635.90864 | D65: =C65-B65 -> -197.62266
A66: rPP | B66: ='S6'!B36 -> 884.81943 | C66: ='S6'!C36 -> 0 | D66: =C66-B66 -> -884.81943
A67: Xơ sợi | B67: ='S6'!B37 -> 1100 | C67: ='S6'!C37 -> 630.90134 | D67: =C67-B67 -> -469.09866
A69: Exchange rate | B69: ='S6'!B39 -> 25000 | C69: ='S6'!C39 -> 26188.206
A70: rPET | B70: ='S6'!B40 -> 25000 | C70: ='S6'!C40 -> 26187.839
A71: rHDPE thổi | B71: ='S6'!B41 -> 25000 | C71: ='S6'!C41 -> 26191.397
A72: rHDPE ép | B72: ='S6'!B42 -> 25000 | C72: ='S6'!C42 -> 26188.249
A73: rPP | B73: ='S6'!B43 -> 25000 | C73: ='S6'!C43 -> 0
A74: Xơ sợi | B74: ='S6'!B44 -> 25000 | C74: ='S6'!C44 -> 26189.568
A77: Vẽ (VND nhưng thể hiện là tỷ)
C78: Start | D78: Hidden | E78: Increase | F78: Decrease | G78: End
A79: ='S7'!A3 -> KH T11 | C79: =B59 -> 4.8459973e+10
A80: rPET | B80: Sản lượng | D80: =C79-F80 -> 3.173394e+10 | E80: =IF(H80>0,H80,0) -> 0 | F80: =IF(H80<0,-H80,0) -> 1.6726033e+10 | H80: {=TRANSPOSE(S50:U50)} -> -1.6726033e+10
B81: Cơ cấu | D81: =D80+E80-F81 -> 3.173394e+10 | E81: =IF(H81>0,H81,0) -> 3.6925737e+08 | F81: =IF(H81<0,-H81,0) -> 0 | H81: 3.6925737e+08
B82: LG đơn vị | D82: =D81+E81-F82 -> 2.3542955e+10 | E82: =IF(H82>0,H82,0) -> 0 | F82: =IF(H82<0,-H82,0) -> 8.5602422e+09 | H82: -8.5602422e+09
A83: rHDPE thổi | B83: Sản lượng | D83: =D82+E82-F83 -> 2.0462772e+10 | E83: =IF(H83>0,H83,0) -> 0 | F83: =IF(H83<0,-H83,0) -> 3.0801833e+09 | H83: {=TRANSPOSE(S51:U51)} -> -3.0801833e+09
B84: Cơ cấu | D84: =D83+E83-F84 -> 1.9768025e+10 | E84: =IF(H84>0,H84,0) -> 0 | F84: =IF(H84<0,-H84,0) -> 6.9474667e+08 | H84: -6.9474667e+08
B85: LG đơn vị | D85: =D84+E84-F85 -> 1.7955532e+10 | E85: =IF(H85>0,H85,0) -> 0 | F85: =IF(H85<0,-H85,0) -> 1.8124935e+09 | H85: -1.8124935e+09
A86: rHDPE ép | B86: Sản lượng | D86: =D85+E85-F86 -> 1.7478364e+10 | E86: =IF(H86>0,H86,0) -> 0 | F86: =IF(H86<0,-H86,0) -> 4.7716728e+08 | H86: {=TRANSPOSE(S52:U52)} -> -4.7716728e+08
B87: Cơ cấu | D87: =D86+E86-F87 -> 1.7478364e+10 | E87: =IF(H87>0,H87,0) -> 6.4107862e+08 | F87: =IF(H87<0,-H87,0) -> 0 | H87: 6.4107862e+08
B88: LG đơn vị | D88: =D87+E87-F88 -> 1.5423093e+10 | E88: =IF(H88>0,H88,0) -> 0 | F88: =IF(H88<0,-H88,0) -> 2.6963496e+09 | H88: -2.6963496e+09
A89: rPP | B89: Sản lượng | D89: =D88+E88-F89 -> 1.5423093e+10 | E89: =IF(H89>0,H89,0) -> 2.6388969e+08 | F89: =IF(H89<0,-H89,0) -> 0 | H89: {=TRANSPOSE(S53:U53)} -> 2.6388969e+08
B90: Cơ cấu | D90: =D89+E89-F90 -> 1.5686983e+10 | E90: =IF(H90>0,H90,0) -> 1.9154608e+08 | F90: =IF(H90<0,-H90,0) -> 0 | H90: 1.9154608e+08
B91: LG đơn vị | D91: =D90+E90-F91 -> 1.5878529e+10 | E91: =IF(H91>0,H91,0) -> 0 | F91: =IF(H91<0,-H91,0) -> 0 | H91: 0
A92: Xơ sợi | B92: Sản lượng | D92: =D91+E91-F92 -> 1.5878529e+10 | E92: =IF(H92>0,H92,0) -> 9027818.6 | F92: =IF(H92<0,-H92,0) -> 0 | H92: {=TRANSPOSE(S54:U54)} -> 9027818.6
B93: Cơ cấu | D93: =D92+E92-F93 -> 1.5887557e+10 | E93: =IF(H93>0,H93,0) -> 2299365.1 | F93: =IF(H93<0,-H93,0) -> 0 | H93: 2299365.1
B94: LG đơn vị | D94: =D93+E93-F94 -> 1.553281e+10 | E94: =IF(H94>0,H94,0) -> 0 | F94: =IF(H94<0,-H94,0) -> 3.5704641e+08 | H94: -3.5704641e+08
A95: Tỷ giá | D95: =D94+E94-F95 -> 1.553281e+10 | E95: =IF(H95>0,H95,0) -> 3.4327645e+09 | F95: =IF(H95<0,-H95,0) -> 0 | H95: =V59 -> 3.4327645e+09
A96: Khác | D96: =D95+E95-F96 -> 1.7652559e+10 | E96: =IF(H96>0,H96,0) -> 0 | F96: =IF(H96<0,-H96,0) -> 1.3130155e+09 | H96: =W59 -> -1.3130155e+09
A97: Cp vận chuyển, hoa hồng, chiết khấu | D97: =D96+E96-F97 -> 7.40728e+09 | E97: =IF(H97>0,H97,0) -> 0 | F97: =IF(H97<0,-H97,0) -> 1.0245279e+10 | H97: =X59 -> -1.0245279e+10
A98: ='S7'!A17 -> TT T11 | G98: =D97+E97 -> 7.40728e+09
A99: Check | G99: =G98-C59 -> 0
A131: Vẽ (VND nhưng thể hiện là tỷ)
C132: Start | D132: Hidden | E132: Increase | F132: Decrease | G132: End
B133: =A79 -> KH T11 | C133: =B59 -> 4.8459973e+10
B134: Sản lượng | D134: =C133-F134 -> 2.8449507e+10 | E134: =IF(H134>0,H134,0) -> 0 | F134: =IF(H134<0,-H134,0) -> 2.0010466e+10 | H134: =SUMIFS($H$80:$H$96,$B$80:$B$96,$B134) -> -2.0010466e+10
B135: Cơ cấu | D135: =D134+E134-F135 -> 2.8449507e+10 | E135: =IF(H135>0,H135,0) -> 5.0943477e+08 | F135: =IF(H135<0,-H135,0) -> 0 | H135: =SUMIFS($H$80:$H$96,$B$80:$B$96,$B135) -> 5.0943477e+08
B136: LG đơn vị | D136: =D135+E135-F136 -> 1.553281e+10 | E136: =IF(H136>0,H136,0) -> 0 | F136: =IF(H136<0,-H136,0) -> 1.3426132e+10 | H136: =SUMIFS($H$80:$H$96,$B$80:$B$96,$B136) -> -1.3426132e+10
B137: Tỷ giá | D137: =D136+E136-F137 -> 1.553281e+10 | E137: =IF(H137>0,H137,0) -> 3.4327645e+09 | F137: =IF(H137<0,-H137,0) -> 0 | H137: =H95 -> 3.4327645e+09
B138: Khác | D138: =D137+E137-F138 -> 7.40728e+09 | E138: =IF(H138>0,H138,0) -> 0 | F138: =IF(H138<0,-H138,0) -> 1.1558294e+10 | H138: =H96+H97 -> -1.1558294e+10 | I138: gom lại cp vận chuyển, hoa hồng, chiết khấu
B139: =A98 -> TT T11 | G139: =D138+E138 -> 7.40728e+09
...

Sheet Sheet3
C3: Sản lượng | F3: Giá | I3: Doanh thu | L3: GVHB (ĐV) | O3: GVHB | R3: LNG
C4: KH | D4: TT | E4: +/ | F4: KH | G4: TT | H4: +/ | I4: KH | J4: TT | K4: +/ | L4: KH | M4: TT | N4: +/ | O4: KH | P4: TT | Q4: +/ | R4: KH | S4: TT | T4: +/
B5: Cộng | C5: =SUM(C6:C10) -> 5968970 | D5: =SUM(D6:D10) -> 2510415 | I5: =SUM(I6:I14) -> 2.0926195e+11 | J5: =SUM(J6:J14) -> 88347880802 | O5: =SUM(O6:O14) -> 1.6080198e+11 | P5: =SUM(P6:P14) -> 8.0940601e+10 | R5: =SUM(R6:R14) -> 3.5974396e+10 | S5: =SUM(S6:S14) -> 5.1669814e+09
B6: ='BĐ-LG EXW-v2 (PDM)'!A8 -> rPET | C6: ='BĐ-LG EXW-v2 (PDM)'!B8 -> 4678780 | D6: ='BĐ-LG EXW-v2 (PDM)'!C8 -> 2027640 | F6: ='BĐ-LG EXW-v2 (PDM)'!B14 -> 32352.747 | G6: ='BĐ-LG EXW-v2 (PDM)'!C14 -> 32051.944 | I6: ='BĐ-LG EXW-v2 (PDM)'!B20 -> 1.5137139e+11 | J6: ='BĐ-LG EXW-v2 (PDM)'!C20 -> 6.4989804e+10 | L6: ='BĐ-LG EXW-v2 (PDM)'!B32 -> 26183.033 | M6: ='BĐ-LG EXW-v2 (PDM)'!C32 -> 28650.18 | O6: ='BĐ-LG EXW-v2 (PDM)'!B39 -> 1.2250465e+11 | P6: ='BĐ-LG EXW-v2 (PDM)'!C39 -> 5.8092252e+10 | R6: =I6-O6 -> 2.8866735e+10 | S6: =J6-P6 -> 6.8975523e+09
B7: ='BĐ-LG EXW-v2 (PDM)'!A9 -> rHDPE thổi | C7: ='BĐ-LG EXW-v2 (PDM)'!B9 -> 927000 | D7: ='BĐ-LG EXW-v2 (PDM)'!C9 -> 268725 | F7: ='BĐ-LG EXW-v2 (PDM)'!B15 -> 33424.218 | G7: ='BĐ-LG EXW-v2 (PDM)'!C15 -> 26450.797 | I7: ='BĐ-LG EXW-v2 (PDM)'!B21 -> 3.098425e+10 | J7: ='BĐ-LG EXW-v2 (PDM)'!C21 -> 7107990427 | L7: ='BĐ-LG EXW-v2 (PDM)'!B33 -> 27689.639 | M7: ='BĐ-LG EXW-v2 (PDM)'!C33 -> 26257.811 | O7: ='BĐ-LG EXW-v2 (PDM)'!B40 -> 2.5668295e+10 | P7: ='BĐ-LG EXW-v2 (PDM)'!C40 -> 7.0561302e+09 | R7: =I7-O7 -> 5.3159547e+09 | S7: =J7-P7 -> 51860203
B8: ='BĐ-LG EXW-v2 (PDM)'!A10 -> rHDPE ép | C8: ='BĐ-LG EXW-v2 (PDM)'!B10 -> 155750 | D8: ='BĐ-LG EXW-v2 (PDM)'!C10 -> 186750 | F8: ='BĐ-LG EXW-v2 (PDM)'!B16 -> 20838.283 | G8: ='BĐ-LG EXW-v2 (PDM)'!C16 -> 16653.334 | I8: ='BĐ-LG EXW-v2 (PDM)'!B22 -> 3.2455625e+09 | J8: ='BĐ-LG EXW-v2 (PDM)'!C22 -> 3.1100101e+09 | L8: ='BĐ-LG EXW-v2 (PDM)'!B34 -> 15550.82 | M8: ='BĐ-LG EXW-v2 (PDM)'!C34 -> 25048.538 | O8: ='BĐ-LG EXW-v2 (PDM)'!B41 -> 2.4220402e+09 | P8: ='BĐ-LG EXW-v2 (PDM)'!C41 -> 4677814409 | R8: =I8-O8 -> 8.2352231e+08 | S8: =J8-P8 -> -1.5678043e+09
B9: ='BĐ-LG EXW-v2 (PDM)'!A11 -> rPP | C9: ='BĐ-LG EXW-v2 (PDM)'!B11 -> 107440 | D9: ='BĐ-LG EXW-v2 (PDM)'!C11 -> 0 | F9: ='BĐ-LG EXW-v2 (PDM)'!B17 -> 22120.486 | G9: ='BĐ-LG EXW-v2 (PDM)'!C17 -> 0 | I9: ='BĐ-LG EXW-v2 (PDM)'!B23 -> 2.376625e+09 | J9: ='BĐ-LG EXW-v2 (PDM)'!C23 -> 0 | L9: ='BĐ-LG EXW-v2 (PDM)'!B35 -> 26359.464 | M9: ='BĐ-LG EXW-v2 (PDM)'!C35 -> 0 | O9: ='BĐ-LG EXW-v2 (PDM)'!B42 -> 2.8320608e+09 | P9: ='BĐ-LG EXW-v2 (PDM)'!C42 -> 0 | R9: =I9-O9 -> -4.5543577e+08 | S9: =J9-P9 -> 0
B10: ='BĐ-LG EXW-v2 (PDM)'!A12 -> Xơ sợi | C10: ='BĐ-LG EXW-v2 (PDM)'!B12 -> 100000 | D10: ='BĐ-LG EXW-v2 (PDM)'!C12 -> 27300 | F10: ='BĐ-LG EXW-v2 (PDM)'!B18 -> 27500 | G10: ='BĐ-LG EXW-v2 (PDM)'!C18 -> 16523.034 | I10: ='BĐ-LG EXW-v2 (PDM)'!B24 -> 2.75e+09 | J10: ='BĐ-LG EXW-v2 (PDM)'!C24 -> 4.5107882e+08 | L10: ='BĐ-LG EXW-v2 (PDM)'!B36 -> 27655.807 | M10: ='BĐ-LG EXW-v2 (PDM)'!C36 -> 29006.964 | O10: ='BĐ-LG EXW-v2 (PDM)'!B43 -> 2.7655807e+09 | P10: ='BĐ-LG EXW-v2 (PDM)'!C43 -> 791890115 | R10: =I10-O10 -> -15580720 | S10: =J10-P10 -> -3.4081129e+08
B11: ='BĐ-LG EXW-v2 (PDM)'!A25 -> Tài trợ | I11: ='BĐ-LG EXW-v2 (PDM)'!B25 -> 3408550000 | J11: ='BĐ-LG EXW-v2 (PDM)'!C25 -> 3395251201 | O11: ='BĐ-LG EXW-v2 (PDM)'!B44 -> 0 | P11: ='BĐ-LG EXW-v2 (PDM)'!C44 -> 0 | R11: =I11-O11 -> 3408550000 | S11: =J11-P11 -> 3395251201
B12: ='BĐ-LG EXW-v2 (PDM)'!A26 -> Dây đai, phó sản | I12: ='BĐ-LG EXW-v2 (PDM)'!B26 -> 2640000000 | J12: ='BĐ-LG EXW-v2 (PDM)'!C26 -> 6989889073 | O12: ='BĐ-LG EXW-v2 (PDM)'!B45 -> 2359350000 | P12: ='BĐ-LG EXW-v2 (PDM)'!C45 -> 6217736669 | R12: =I12-O12 -> 280650000 | S12: =J12-P12 -> 772152404
B13: ='BĐ-LG EXW-v2 (PDM)'!A27 -> Khác | I13: ='BĐ-LG EXW-v2 (PDM)'!B27 -> 0 | J13: ='BĐ-LG EXW-v2 (PDM)'!C27 -> 63558813 | O13: ='BĐ-LG EXW-v2 (PDM)'!B46 -> 2250000000 | P13: ='BĐ-LG EXW-v2 (PDM)'!C46 -> 4.1047779e+09 | R13: =I13-O13 -> -2250000000 | S13: =J13-P13 -> -4.0412191e+09
B14: ='BĐ-LG EXW-v2 (PDM)'!A28 -> Cp vận chuyển, hoa hồng, chiết khấu | I14: ='BĐ-LG EXW-v2 (PDM)'!B28 -> 12485577500 | J14: ='BĐ-LG EXW-v2 (PDM)'!C28 -> 2.2402986e+09

Sheet Sheet3 (2)
B3: Nhóm SP | C3: Sản lượng | H3: Giá | K3: Doanh thu | P3: GVHB (ĐV) | S3: GVHB | X3: LNG
C4: KH | E4: TT | G4: +/ | H4: KH | I4: TT | J4: +/ | K4: KH | M4: TT | O4: +/ | P4: KH | Q4: TT | R4: +/ | S4: KH | U4: TT | W4: +/ | X4: KH | Z4: TT | AB4: +/
C5: GT | D5: % | E5: GT | F5: % | K5: GT | L5: % | M5: GT | N5: % | S5: GT | T5: % | U5: GT | V5: % | X5: GT | Y5: % | Z5: GT | AA5: %
B6: Cộng | C6: =SUM(C7:C11) -> 5968970 | D6: =C6/$C$6 -> 1 | E6: =SUM(E7:E11) -> 2510415 | F6: =E6/$E$6 -> 1 | K6: =SUM(K7:K15) -> 2.0926195e+11 | L6: =K6/$K$6 -> 1 | M6: =SUM(M7:M15) -> 88347880802 | N6: =M6/M$6 -> 1 | S6: =SUM(S7:S15) -> 1.6080198e+11 | T6: =S6/S$6 -> 1 | U6: =SUM(U7:U15) -> 8.0940601e+10 | V6: =U6/U$6 -> 1 | X6: =SUM(X7:X15) -> 3.5974396e+10 | Y6: =X6/X$6 -> 1 | Z6: =SUM(Z7:Z15) -> 5.1669814e+09 | AA6: =Z6/Z$6 -> 1
B7: ='BĐ-LG EXW-v2 (PDM)'!A8 -> rPET | C7: ='BĐ-LG EXW-v2 (PDM)'!B8 -> 4678780 | D7: =C7/$C$6 -> 0.78385048 | E7: ='BĐ-LG EXW-v2 (PDM)'!C8 -> 2027640 | F7: =E7/$E$6 -> 0.80769116 | H7: ='BĐ-LG EXW-v2 (PDM)'!B14 -> 32352.747 | I7: ='BĐ-LG EXW-v2 (PDM)'!C14 -> 32051.944 | J7: =I7-H7 -> -300.80336 | K7: ='BĐ-LG EXW-v2 (PDM)'!B20 -> 1.5137139e+11 | L7: =K7/$K$6 -> 0.72335838 | M7: ='BĐ-LG EXW-v2 (PDM)'!C20 -> 6.4989804e+10 | N7: =M7/M$6 -> 0.73561248 | P7: ='BĐ-LG EXW-v2 (PDM)'!B32 -> 26183.033 | Q7: ='BĐ-LG EXW-v2 (PDM)'!C32 -> 28650.18 | R7: =Q7-P7 -> 2467.147 | S7: ='BĐ-LG EXW-v2 (PDM)'!B39 -> 1.2250465e+11 | T7: =S7/S$6 -> 0.76183548 | U7: ='BĐ-LG EXW-v2 (PDM)'!C39 -> 5.8092252e+10 | V7: =U7/U$6 -> 0.71771461 | X7: =K7-S7 -> 2.8866735e+10 | Y7: =X7/X$6 -> 0.80242446 | Z7: =M7-U7 -> 6.8975523e+09 | AA7: =Z7/Z$6 -> 1.3349288
B8: ='BĐ-LG EXW-v2 (PDM)'!A9 -> rHDPE thổi | C8: ='BĐ-LG EXW-v2 (PDM)'!B9 -> 927000 | D8: =C8/$C$6 -> 0.15530318 | E8: ='BĐ-LG EXW-v2 (PDM)'!C9 -> 268725 | F8: =E8/$E$6 -> 0.10704405 | H8: ='BĐ-LG EXW-v2 (PDM)'!B15 -> 33424.218 | I8: ='BĐ-LG EXW-v2 (PDM)'!C15 -> 26450.797 | J8: =I8-H8 -> -6973.4209 | K8: ='BĐ-LG EXW-v2 (PDM)'!B21 -> 3.098425e+10 | L8: =K8/$K$6 -> 0.14806442 | M8: ='BĐ-LG EXW-v2 (PDM)'!C21 -> 7107990427 | N8: =M8/M$6 -> 0.080454566 | P8: ='BĐ-LG EXW-v2 (PDM)'!B33 -> 27689.639 | Q8: ='BĐ-LG EXW-v2 (PDM)'!C33 -> 26257.811 | R8: =Q8-P8 -> -1431.8281 | S8: ='BĐ-LG EXW-v2 (PDM)'!B40 -> 2.5668295e+10 | T8: =S8/S$6 -> 0.15962674 | U8: ='BĐ-LG EXW-v2 (PDM)'!C40 -> 7.0561302e+09 | V8: =U8/U$6 -> 0.087176647 | X8: =K8-S8 -> 5.3159547e+09 | Y8: =X8/X$6 -> 0.14777051 | Z8: =M8-U8 -> 51860203 | AA8: =Z8/Z$6 -> 0.010036847
B9: ='BĐ-LG EXW-v2 (PDM)'!A10 -> rHDPE ép | C9: ='BĐ-LG EXW-v2 (PDM)'!B10 -> 155750 | D9: =C9/$C$6 -> 0.026093279 | E9: ='BĐ-LG EXW-v2 (PDM)'!C10 -> 186750 | F9: =E9/$E$6 -> 0.074390091 | H9: ='BĐ-LG EXW-v2 (PDM)'!B16 -> 20838.283 | I9: ='BĐ-LG EXW-v2 (PDM)'!C16 -> 16653.334 | J9: =I9-H9 -> -4184.9488 | K9: ='BĐ-LG EXW-v2 (PDM)'!B22 -> 3.2455625e+09 | L9: =K9/$K$6 -> 0.015509568 | M9: ='BĐ-LG EXW-v2 (PDM)'!C22 -> 3.1100101e+09 | N9: =M9/M$6 -> 0.035201864 | P9: ='BĐ-LG EXW-v2 (PDM)'!B34 -> 15550.82 | Q9: ='BĐ-LG EXW-v2 (PDM)'!C34 -> 25048.538 | R9: =Q9-P9 -> 9497.7178 | S9: ='BĐ-LG EXW-v2 (PDM)'!B41 -> 2.4220402e+09 | T9: =S9/S$6 -> 0.015062254 | U9: ='BĐ-LG EXW-v2 (PDM)'!C41 -> 4677814409 | V9: =U9/U$6 -> 0.057793176 | X9: =K9-S9 -> 8.2352231e+08 | Y9: =X9/X$6 -> 0.022891901 | Z9: =M9-U9 -> -1.5678043e+09 | AA9: =Z9/Z$6 -> -0.30342752
B10: ='BĐ-LG EXW-v2 (PDM)'!A11 -> rPP | C10: ='BĐ-LG EXW-v2 (PDM)'!B11 -> 107440 | D10: =C10/$C$6 -> 0.017999755 | E10: ='BĐ-LG EXW-v2 (PDM)'!C11 -> 0 | F10: =E10/$E$6 -> 0 | H10: ='BĐ-LG EXW-v2 (PDM)'!B17 -> 22120.486 | I10: ='BĐ-LG EXW-v2 (PDM)'!C17 -> 0 | J10: =I10-H10 -> -22120.486 | K10: ='BĐ-LG EXW-v2 (PDM)'!B23 -> 2.376625e+09 | L10: =K10/$K$6 -> 0.011357177 | M10: ='BĐ-LG EXW-v2 (PDM)'!C23 -> 0 | N10: =M10/M$6 -> 0 | P10: ='BĐ-LG EXW-v2 (PDM)'!B35 -> 26359.464 | Q10: ='BĐ-LG EXW-v2 (PDM)'!C35 -> 0 | R10: =Q10-P10 -> -26359.464 | S10: ='BĐ-LG EXW-v2 (PDM)'!B42 -> 2.8320608e+09 | T10: =S10/S$6 -> 0.017612101 | U10: ='BĐ-LG EXW-v2 (PDM)'!C42 -> 0 | V10: =U10/U$6 -> 0 | X10: =K10-S10 -> -4.5543577e+08 | Y10: =X10/X$6 -> -0.012659998 | Z10: =M10-U10 -> 0 | AA10: =Z10/Z$6 -> 0
B11: ='BĐ-LG EXW-v2 (PDM)'!A12 -> Xơ sợi | C11: ='BĐ-LG EXW-v2 (PDM)'!B12 -> 100000 | D11: =C11/$C$6 -> 0.016753309 | E11: ='BĐ-LG EXW-v2 (PDM)'!C12 -> 27300 | F11: =E11/$E$6 -> 0.010874696 | H11: ='BĐ-LG EXW-v2 (PDM)'!B18 -> 27500 | I11: ='BĐ-LG EXW-v2 (PDM)'!C18 -> 16523.034 | J11: =I11-H11 -> -10976.966 | K11: ='BĐ-LG EXW-v2 (PDM)'!B24 -> 2.75e+09 | L11: =K11/$K$6 -> 0.013141424 | M11: ='BĐ-LG EXW-v2 (PDM)'!C24 -> 4.5107882e+08 | N11: =M11/M$6 -> 0.0051057119 | P11: ='BĐ-LG EXW-v2 (PDM)'!B36 -> 27655.807 | Q11: ='BĐ-LG EXW-v2 (PDM)'!C36 -> 29006.964 | R11: =Q11-P11 -> 1351.1567 | S11: ='BĐ-LG EXW-v2 (PDM)'!B43 -> 2.7655807e+09 | T11: =S11/S$6 -> 0.017198673 | U11: ='BĐ-LG EXW-v2 (PDM)'!C43 -> 791890115 | V11: =U11/U$6 -> 0.0097835957 | X11: =K11-S11 -> -15580720 | Y11: =X11/X$6 -> -0.00043310583 | Z11: =M11-U11 -> -3.4081129e+08 | AA11: =Z11/Z$6 -> -0.065959458
B12: ='BĐ-LG EXW-v2 (PDM)'!A25 -> Tài trợ | D12: =C12/$C$6 -> 0 | F12: =E12/$E$6 -> 0 | K12: ='BĐ-LG EXW-v2 (PDM)'!B25 -> 3408550000 | L12: =K12/$K$6 -> 0.016288436 | M12: ='BĐ-LG EXW-v2 (PDM)'!C25 -> 3395251201 | N12: =M12/M$6 -> 0.038430477 | S12: ='BĐ-LG EXW-v2 (PDM)'!B44 -> 0 | T12: =S12/S$6 -> 0 | U12: ='BĐ-LG EXW-v2 (PDM)'!C44 -> 0 | V12: =U12/U$6 -> 0 | X12: =K12-S12 -> 3408550000 | Y12: =X12/X$6 -> 0.094749333 | Z12: =M12-U12 -> 3395251201 | AA12: =Z12/Z$6 -> 0.65710537
B13: ='BĐ-LG EXW-v2 (PDM)'!A26 -> Dây đai, phó sản | D13: =C13/$C$6 -> 0 | F13: =E13/$E$6 -> 0 | K13: ='BĐ-LG EXW-v2 (PDM)'!B26 -> 2640000000 | L13: =K13/$K$6 -> 0.012615767 | M13: ='BĐ-LG EXW-v2 (PDM)'!C26 -> 6989889073 | N13: =M13/M$6 -> 0.07911779 | S13: ='BĐ-LG EXW-v2 (PDM)'!B45 -> 2359350000 | T13: =S13/S$6 -> 0.014672394 | U13: ='BĐ-LG EXW-v2 (PDM)'!C45 -> 6217736669 | V13: =U13/U$6 -> 0.076818514 | X13: =K13-S13 -> 280650000 | Y13: =X13/X$6 -> 0.0078013819 | Z13: =M13-U13 -> 772152404 | AA13: =Z13/Z$6 -> 0.14943975
B14: ='BĐ-LG EXW-v2 (PDM)'!A27 -> Khác | D14: =C14/$C$6 -> 0 | F14: =E14/$E$6 -> 0 | K14: ='BĐ-LG EXW-v2 (PDM)'!B27 -> 0 | L14: =K14/$K$6 -> 0 | M14: ='BĐ-LG EXW-v2 (PDM)'!C27 -> 63558813 | N14: =M14/M$6 -> 0.00071941525 | S14: ='BĐ-LG EXW-v2 (PDM)'!B46 -> 2250000000 | T14: =S14/S$6 -> 0.013992365 | U14: ='BĐ-LG EXW-v2 (PDM)'!C46 -> 4.1047779e+09 | V14: =U14/U$6 -> 0.05071346 | X14: =K14-S14 -> -2250000000 | Y14: =X14/X$6 -> -0.062544484 | Z14: =M14-U14 -> -4.0412191e+09 | AA14: =Z14/Z$6 -> -0.7821238
B15: ='BĐ-LG EXW-v2 (PDM)'!A28 -> Cp vận chuyển, hoa hồng, chiết khấu | D15: =C15/$C$6 -> 0 | F15: =E15/$E$6 -> 0 | K15: ='BĐ-LG EXW-v2 (PDM)'!B28 -> 12485577500 | L15: =K15/$K$6 -> 0.059664824 | M15: ='BĐ-LG EXW-v2 (PDM)'!C28 -> 2.2402986e+09 | N15: =M15/M$6 -> 0.025357695 | T15: =S15/S$6 -> 0 | V15: =U15/U$6 -> 0 | Y15: =X15/X$6 -> 0 | AA15: =Z15/Z$6 -> 0
B18: Nhóm SP/SP

Sheet S11
A1: ĐVT: VND nhưng show là tỷ đồng | AH1: LG EXW (THEO TỶ GIÁ KH) | AO1: DTHU EXW (THEO TỶ GIÁ KH) | AR1: %Biên
C2: Start | D2: Hidden | E2: Increase | F2: Decrease | G2: End | H2: Chênh lệch | M2: T/Đ nếu như nhóm ngành | P2: KH | Q2: TT | U2: KH | V2: TT | Z2: Tổng tác động | AA2: SL | AB2: GB | AC2: GV | AD2: EXR | AE2: Model | AH2: KH | AI2: TT | AJ2: +/- | AK2: %+/- | AO2: KH | AP2: TT
A3: ='S7'!A3 -> KH T11 | C3: =H3 -> 4.8459973e+10 | H3: 4.8459973e+10
A4: rPET | B4: Sản lượng | D4: =C3+E3-F4 -> 3.2103197e+10 | E4: =IF(H4>0,H4,0) -> 0 | F4: =IF(H4<0,-H4,0) -> 1.6356776e+10 | H4: =M4 -> -1.6356776e+10 | M4: {=TRANSPOSE(AA4:AC4)} -> -1.6356776e+10 | O4: tấn | P4: 4678.78 | Q4: 2027.64 | R4: =Q4-P4 -> -2651.14 | S4: =R4/P4 -> -0.56663062 | Z4: =SUM(AA4:AD4) -> -2.1969183e+10 | AA4: =R4*(P5*U5-P6*10^3) -> -1.6356776e+10 | AB4: =R5*Q4*U5 -> -3.5577563e+09 | AC4: =-R6*Q4*10^3 -> -5.0024859e+09 | AD4: =Q4*Q5*W5 -> 2.9478354e+09 | AE4: -2.1969183e+10 | AF4: =Z4-AE4 -> 0 | AH4: =P4*(P5*U5-P6*10^3) -> 2.8866735e+10 | AI4: =Q4*(Q5*U5-Q6*10^3) -> 3.9497169e+09 | AJ4: =AI4-AH4 -> -2.4917018e+10 | AK4: =AJ4/AH4 -> -0.8631741 | AM4: =Q4*(Q5*V5-Q6*10^3) -> 6.8975523e+09 | AN4: =AM4-AI4-AD4 -> 0 | AO4: ='S7'!AE4 -> 151371387500 | AP4: ='S7'!AF4 -> 6.2041968e+10 | AR4: =AH4/AO4 -> 0.1907014 | AS4: =AI4/AP4 -> 0.063662019
B5: Giá bán | D5: =D4+E4-F5 -> 2.8545441e+10 | E5: =IF(H5>0,H5,0) -> 0 | F5: =IF(H5<0,-H5,0) -> 3.5577563e+09 | H5: =M5 -> -3.5577563e+09 | I5: =H5*(1-13.11%) -> -3.0913344e+09 | M5: -3.5577563e+09 | O5: $/tấn | P5: 1294.1099 | Q5: 1223.9247 | R5: =Q5-P5 -> -70.185167 | S5: =R5/P5 -> -0.054234317 | U5: 25000 | V5: 26187.839 | W5: =V5-U5 -> 1187.8392 | X5: =W5/U5 -> 0.047513569
B6: Giá vốn | D6: =D5+E5-F6 -> 2.3542955e+10 | E6: =IF(H6>0,H6,0) -> 0 | F6: =IF(H6<0,-H6,0) -> 5.0024859e+09 | H6: =M6 -> -5.0024859e+09 | I6: =H6*(1-13.11%) -> -4.34666e+09 | M6: -5.0024859e+09 | O6: VND/kg | P6: 26183.033 | Q6: 28650.18 | R6: =Q6-P6 -> 2467.147 | S6: =R6/P6 -> 0.094226936
A7: rHDPE thổi | B7: Sản lượng | D7: =D6+E6-F7 -> 1.9768025e+10 | E7: =IF(H7>0,H7,0) -> 0 | F7: =IF(H7<0,-H7,0) -> 3.77493e+09 | H7: =M7 -> -3.77493e+09 | M7: {=TRANSPOSE(AA7:AC7)} -> -3.77493e+09 | O7: tấn | P7: 927 | Q7: 268.725 | R7: =Q7-P7 -> -658.275 | S7: =R7/P7 -> -0.71011327 | Z7: =SUM(AA7:AD7) -> -5.2640945e+09 | AA7: =R7*(P8*U8-P9*10^3) -> -3.77493e+09 | AB7: =R8*Q7*U8 -> -2.1972615e+09 | AC7: =-R9*Q7*10^3 -> 3.84768e+08 | AD7: =Q7*Q8*W8 -> 3.2332892e+08 | AE7: -5.2640945e+09 | AF7: =Z7-AE7 -> 0 | AH7: =P7*(P8*U8-P9*10^3) -> 5.3159547e+09 | AI7: =Q7*(Q8*U8-Q9*10^3) -> -2.7146872e+08 | AJ7: =AI7-AH7 -> -5.5874234e+09 | AK7: =AJ7/AH7 -> -1.0510668 | AM7: =Q7*(Q8*V8-Q9*10^3) -> 51860203 | AN7: =AM7-AI7-AD7 -> -5.9604645e-07 | AO7: ='S7'!AE6 -> 30984250000 | AP7: ='S7'!AF6 -> 6.7846615e+09 | AR7: =AH7/AO7 -> 0.17156958 | AS7: =AI7/AP7 -> -0.040012124
B8: Giá bán | D8: =D7+E7-F8 -> 1.7570764e+10 | E8: =IF(H8>0,H8,0) -> 0 | F8: =IF(H8<0,-H8,0) -> 2.1972615e+09 | H8: =M8 -> -2.1972615e+09 | M8: -2.1972615e+09 | O8: $/tấn | P8: 1336.9687 | Q8: 1009.904 | R8: =Q8-P8 -> -327.06469 | S8: =R8/P8 -> -0.24463152 | U8: 25000 | V8: 26191.397 | W8: =V8-U8 -> 1191.3967 | X8: =W8/U8 -> 0.047655866
B9: Giá vốn | D9: =D8+E8-F9 -> 1.7570764e+10 | E9: =IF(H9>0,H9,0) -> 3.84768e+08 | F9: =IF(H9<0,-H9,0) -> 0 | H9: =M9 -> 3.84768e+08 | M9: 3.84768e+08 | O9: VND/kg | P9: 27689.639 | Q9: 26257.811 | R9: =Q9-P9 -> -1431.8281 | S9: =R9/P9 -> -0.051709886
A10: rHDPE ép | B10: Sản lượng | D10: =D9+E9-F10 -> 1.7955532e+10 | E10: =IF(H10>0,H10,0) -> 1.6391134e+08 | F10: =IF(H10<0,-H10,0) -> 0 | H10: =M10 -> 1.6391134e+08 | M10: {=TRANSPOSE(AA10:AC10)} -> 1.6391134e+08 | O10: tấn | P10: 155.75 | Q10: 186.75 | R10: =Q10-P10 -> 31 | S10: =R10/P10 -> 0.19903692 | Z10: =SUM(AA10:AD10) -> -2.3913266e+09 | AA10: =R10*(P11*U11-P12*10^3) -> 1.6391134e+08 | AB10: =R11*Q10*U11 -> -9.226508e+08 | AC10: =-R12*Q10*10^3 -> -1.7736988e+09 | AD10: =Q10*Q11*W11 -> 1.4111161e+08 | AE10: -2.3913266e+09 | AF10: =Z10-AE10 -> 0 | AH10: =P10*(P11*U11-P12*10^3) -> 8.2352231e+08 | AI10: =Q10*(Q11*U11-Q12*10^3) -> -1.708916e+09 | AJ10: =AI10-AH10 -> -2.5324383e+09 | AK10: =AJ10/AH10 -> -3.0751301 | AM10: =Q10*(Q11*V11-Q12*10^3) -> -1.5678043e+09 | AN10: =AM10-AI10-AD10 -> 0 | AO10: ='S7'!AE8 -> 3245562500 | AP10: ='S7'!AF8 -> 2.9688985e+09 | AR10: =AH10/AO10 -> 0.25373793 | AS10: =AI10/AP10 -> -0.57560606
B11: Giá bán | D11: =D10+E10-F11 -> 1.7196792e+10 | E11: =IF(H11>0,H11,0) -> 0 | F11: =IF(H11<0,-H11,0) -> 9.226508e+08 | H11: =M11 -> -9.226508e+08 | M11: -9.226508e+08 | O11: $/tấn | P11: 833.5313 | Q11: 635.90864 | R11: =Q11-P11 -> -197.62266 | S11: =R11/P11 -> -0.23709087 | U11: 25000 | V11: 26188.249 | W11: =V11-U11 -> 1188.2489 | X11: =W11/U11 -> 0.047529955
B12: Giá vốn | D12: =D11+E11-F12 -> 1.5423093e+10 | E12: =IF(H12>0,H12,0) -> 0 | F12: =IF(H12<0,-H12,0) -> 1.7736988e+09 | H12: =M12 -> -1.7736988e+09 | M12: -1.7736988e+09 | O12: VND/kg | P12: 15550.82 | Q12: 25048.538 | R12: =Q12-P12 -> 9497.7178 | S12: =R12/P12 -> 0.61075351
A13: rPP | B13: Sản lượng | D13: =D12+E12-F13 -> 1.5423093e+10 | E13: =IF(H13>0,H13,0) -> 4.5543577e+08 | F13: =IF(H13<0,-H13,0) -> 0 | H13: =M13 -> 4.5543577e+08 | M13: {=TRANSPOSE(AA13:AC13)} -> 4.5543577e+08 | O13: tấn | P13: 107.44 | Q13: 0 | R13: =Q13-P13 -> -107.44 | S13: =R13/P13 -> -1 | Z13: =SUM(AA13:AD13) -> 4.5543577e+08 | AA13: =R13*(P14*U14-P15*10^3) -> 4.5543577e+08 | AB13: =R14*Q13*U14 -> 0 | AC13: =-R15*Q13*10^3 -> 0 | AD13: =Q13*Q14*W14 -> 0 | AE13: 4.5543577e+08 | AF13: =Z13-AE13 -> 5.364418e-07 | AH13: =P13*(P14*U14-P15*10^3) -> -4.5543577e+08 | AI13: =Q13*(Q14*U14-Q15*10^3) -> 0 | AJ13: =AI13-AH13 -> 4.5543577e+08 | AK13: =AJ13/AH13 -> -1 | AM13: =Q13*(Q14*V14-Q15*10^3) -> 0 | AN13: =AM13-AI13-AD13 -> 0 | AO13: ='S7'!AE10 -> 2.376625e+09 | AP13: ='S7'!AF10 -> 0 | AR13: =AH13/AO13 -> -0.19163131 | AS13: =AI13/AP13 -> #DIV/0!
B14: Giá bán | D14: =D13+E13-F14 -> 1.5878529e+10 | E14: =IF(H14>0,H14,0) -> 0 | F14: =IF(H14<0,-H14,0) -> 0 | H14: =M14 -> 0 | M14: 0 | O14: $/tấn | P14: 884.81943 | Q14: 0 | R14: =Q14-P14 -> -884.81943 | S14: =R14/P14 -> -1 | U14: 25000 | V14: 0 | W14: =V14-U14 -> -25000 | X14: =W14/U14 -> -1
B15: Giá vốn | D15: =D14+E14-F15 -> 1.5878529e+10 | E15: =IF(H15>0,H15,0) -> 0 | F15: =IF(H15<0,-H15,0) -> 0 | H15: =M15 -> 0 | M15: 0 | O15: VND/kg | P15: 26359.464 | Q15: 0 | R15: =Q15-P15 -> -26359.464 | S15: =R15/P15 -> -1
A16: Xơ sợi | B16: Sản lượng | D16: =D15+E15-F16 -> 1.5878529e+10 | E16: =IF(H16>0,H16,0) -> 11327184 | F16: =IF(H16<0,-H16,0) -> 0 | H16: =M16 -> 11327184 | M16: {=TRANSPOSE(AA16:AC16)} -> 11327184 | O16: tấn | P16: 100 | Q16: 27.3 | R16: =Q16-P16 -> -72.7 | S16: =R16/P16 -> -0.727 | Z16: =SUM(AA16:AD16) -> -3.2523057e+08 | AA16: =R16*(P17*U17-P18*10^3) -> 11327184 | AB16: =R17*Q16*U17 -> -3.2015983e+08 | AC16: =-R18*Q16*10^3 -> -36886578 | AD16: =Q16*Q17*W17 -> 20488657 | AE16: -3.2523057e+08 | AF16: =Z16-AE16 -> 0 | AH16: =P16*(P17*U17-P18*10^3) -> -15580720 | AI16: =Q16*(Q17*U17-Q18*10^3) -> -3.6129995e+08 | AJ16: =AI16-AH16 -> -3.4571923e+08 | AK16: =AJ16/AH16 -> 22.188912 | AM16: =Q16*(Q17*V17-Q18*10^3) -> -3.4081129e+08 | AN16: =AM16-AI16-AD16 -> 0 | AO16: ='S7'!AE12 -> 2750000000 | AP16: ='S7'!AF12 -> 4.3059017e+08 | AR16: =AH16/AO16 -> -0.0056657165 | AS16: =AI16/AP16 -> -0.83908081
B17: Giá bán | D17: =D16+E16-F17 -> 1.5569696e+10 | E17: =IF(H17>0,H17,0) -> 0 | F17: =IF(H17<0,-H17,0) -> 3.2015983e+08 | H17: =M17 -> -3.2015983e+08 | M17: -3.2015983e+08 | O17: $/tấn | P17: 1100 | Q17: 630.90134 | R17: =Q17-P17 -> -469.09866 | S17: =R17/P17 -> -0.42645332 | U17: 25000 | V17: 26189.568 | W17: =V17-U17 -> 1189.5683 | X17: =W17/U17 -> 0.047582733
B18: Giá vốn | D18: =D17+E17-F18 -> 1.553281e+10 | E18: =IF(H18>0,H18,0) -> 0 | F18: =IF(H18<0,-H18,0) -> 36886578 | H18: =M18 -> -36886578 | M18: -36886578 | O18: VND/kg | P18: 27655.807 | Q18: 29006.964 | R18: =Q18-P18 -> 1351.1567 | S18: =R18/P18 -> 0.048856166
A19: Tỷ giá | D19: =D18+E18-F19 -> 1.553281e+10 | E19: =IF(H19>0,H19,0) -> 3.4327645e+09 | F19: =IF(H19<0,-H19,0) -> 0 | H19: =M19 -> 3.4327645e+09 | M19: =AD4+AD7+AD10+AD13+AD16 -> 3.4327645e+09
A20: Khác | D20: =D19+E19-F20 -> 1.7652559e+10 | E20: =IF(H20>0,H20,0) -> 0 | F20: =IF(H20<0,-H20,0) -> 1.3130155e+09 | H20: =H22-SUM(H3:H19,H21) -> -1.3130155e+09 | AH20: =AH22-SUM(AH3:AH19) -> 1.3924777e+10 | AI20: =AI22-SUM(AI3:AI19) -> 2.3664831e+09 | AJ20: =AI20-AH20 -> -1.1558294e+10 | AK20: =AJ20/AH20 -> -0.83005236 | AO20: ='S7'!AE15 -> 18534127500 | AP20: ='S7'!AF15 -> 1.2688998e+10
A21: Cp vận chuyển, hoa hồng, chiết khấu | D21: =D20+E20-F21 -> 7.40728e+09 | E21: =IF(H21>0,H21,0) -> 0 | F21: =IF(H21<0,-H21,0) -> 1.0245279e+10 | H21: =G27-C27 -> -1.0245279e+10
A22: ='S7'!A17 -> TT T11 | G22: =D21+E21 -> 7.40728e+09 | H22: 7.40728e+09 | I22: =H22-H3 -> -4.1052693e+10 | J22: =H22/H3-1 -> -0.84714643 | U22: 25000 | V22: 26188.206 | W22: =V22-U22 -> 1188.2064 | X22: =W22/U22 -> 0.047528257 | AH22: =C3 -> 4.8459973e+10 | AI22: =G22-H19 -> 3.9745154e+09 | AJ22: =AI22-AH22 -> -4.4485458e+10 | AK22: =AJ22/AH22 -> -0.91798354 | AO22: =SUM(AO3:AO20) -> 209261952500 | AP22: =SUM(AP3:AP20) -> 8.4915116e+10
A23: Check | F23: =G22-C3 -> -4.1052693e+10 | G23: =G22-H22 -> 0 | AO23: =AO22-'S7'!AE17 -> 0 | AP23: =AP22-'S7'!AF17 -> 0
F24: =F23/C3 -> -0.84714643 | AI24: =G24 -> 0
C26: KH | G26: TT
A27: Cp vận chuyển, hoa hồng, chiết khấu | C27: ='S7'!C20 -> 12485577500 | G27: ='S7'!G20 -> 2.2402986e+09
A28: Trong đó: Pallet | C28: 0 | G28: 2.4096988e+08
A29: LG EXW | C29: =C3-C27 -> 3.5974396e+10 | G29: =G22-G27 -> 5.1669814e+09 | H29: =G29-C29 -> -3.0807414e+10
A31: Tài trợ | C31: ='S6'!B25 -> 3408550000 | G31: ='S6'!C25 -> 3395251201
A32: LG EXW không gồm tài trợ | C32: =C29-C31 -> 3.2565846e+10 | G32: =G29-G31 -> 1.7717302e+09 | H32: =G32-G23 -> 1.7717302e+09
A33: Dthu EXW không gồm tài trợ | C33: ='S6'!B29-'S6'!B28-C31 -> 1.9336782e+11 | G33: ='S6'!C29-'S6'!C28-'S6'!C25 -> 8.2712331e+10
A34: %Biên | C34: =IFERROR(C32/C33,0) -> 0.16841398 | G34: =IFERROR(G32/G33,0) -> 0.021420387
H39: =SUM(H5:H6,H8:H9,H11:H12,H14:H15,H17:H18) -> -1.3426132e+10
G40: Tổng t/đ SL | H40: =H4+H7+H10+H13+H16 -> -1.9501032e+10
G41: SL-LNST | H41: =H40*(1-13.11%) -> -1.6944446e+10
G43: Tổng t/đ LG đơn vị | H43: =H5+H6+H8+H9+H11+H12+H14+H15+H17+H18 -> -1.3426132e+10
G44: LGĐV-LNST | H44: =H43*(1-13.11%) -> -1.1665966e+10
G46: PET | H46: =SUM(H5:H6) -> -8.5602422e+09
G47: PET-LNST | H47: =H46*(1-13.11%) -> -7.4379945e+09
G49: Xơ sợi | H49: =SUM(H17:H18) -> -3.5704641e+08
H50: =H49*(1-13.11%) -> -3.1023763e+08
G52: Tài trợ | H52: -3459806000
H53: =H52*(1-13.11%) -> -3.0062254e+09
P63: 4349.54 | Q63: 4344.593
A67: ĐVT: VND nhưng show là tỷ đồng | I67: (format âm để chỉnh) | O67: $/tấn LG đang quy về cùng tỷ giá KH | AB67: LG/kg ở đây là gom lại ở tác động GB và tác động GV
C68: Start | D68: Hidden | E68: Increase | F68: Decrease | G68: End | H68: Chênh lệch | I68: Cộng dồn | J68: Label-Increase | K68: Label-Decrease | M68: T/Đ nếu như nhóm ngành | P68: KH | Q68: TT | U68: KH | V68: TT | Z68: Tổng tác động | AA68: SL | AB68: LG/kg | AC68: EXR | AD68: Model
A69: =A3 -> KH T11 | C69: =H69 -> 4.8459973e+10 | H69: =H3 -> 4.8459973e+10
A70: rPET | B70: Sản lượng | D70: =C69-F70 -> 3.2103197e+10 | E70: =IF(H70>0,H70,0) -> 0 | F70: =IF(H70<0,-H70,0) -> 1.6356776e+10 | H70: =M70 -> -1.6356776e+10 | I70: =SUM(H$69:H70) -> 3.2103197e+10 | J70: =IF(H70>0,H70,0) -> 0 | K70: =IF(H70<0,-H70,0) -> 1.6356776e+10 | M70: {=TRANSPOSE(AA70:AB70)} -> -1.6356776e+10 | O70: tấn | P70: 4678.78 | Q70: 2027.64 | R70: =Q70-P70 -> -2651.14 | S70: =R70/P70 -> -0.56663062 | Z70: =SUM(AA70:AC70) -> -2.1969183e+10 | AA70: =R70*P71*U71 -> -1.6356776e+10 | AB70: =AB4+AC4 -> -8.5602422e+09 | AC70: =AD4 -> 2.9478354e+09 | AD70: -2.1969183e+10 | AE70: =Z70-AD70 -> 0
B71: LG đơn vị | D71: =D70-F71+E70 -> 2.3542955e+10 | E71: =IF(H71>0,H71,0) -> 0 | F71: =IF(H71<0,-H71,0) -> 8.5602422e+09 | H71: =M71 -> -8.5602422e+09 | I71: =SUM(H$69:H71) -> 2.3542955e+10 | J71: =IF(H71>0,H71,0) -> 0 | K71: =IF(H71<0,-H71,0) -> 8.5602422e+09 | M71: -8.5602422e+09 | O71: $/tấn | P71: =(P5-P6/U5*10^3) -> 246.78857 | Q71: =(Q5-Q6/U5*10^3) -> 77.917519 | R71: =Q71-P71 -> -168.87105 | S71: =R71/P71 -> -0.68427419 | U71: 25000 | V71: 26187.839 | W71: =V71-U71 -> 1187.8392 | X71: =W71/U71 -> 0.047513569
A72: rHDPE thổi | B72: Sản lượng | D72: =D71-F72+E71 -> 1.9768025e+10 | E72: =IF(H72>0,H72,0) -> 0 | F72: =IF(H72<0,-H72,0) -> 3.77493e+09 | H72: =M72 -> -3.77493e+09 | I72: =SUM(H$69:H72) -> 1.9768025e+10 | J72: =IF(H72>0,H72,0) -> 0 | K72: =IF(H72<0,-H72,0) -> 3.77493e+09 | M72: {=TRANSPOSE(AA72:AB72)} -> -3.77493e+09 | O72: tấn | P72: 927 | Q72: 268.725 | R72: =Q72-P72 -> -658.275 | S72: =R72/P72 -> -0.71011327 | Z72: =SUM(AA72:AC72) -> -5.2640945e+09 | AA72: =R72*P73*U73 -> -3.77493e+09 | AB72: =AB7+AC7 -> -1.8124935e+09 | AC72: =AD7 -> 3.2332892e+08 | AD72: -5.2640945e+09 | AE72: =Z72-AD72 -> 0
B73: LG đơn vị | D73: =D72-F73+E72 -> 1.7955532e+10 | E73: =IF(H73>0,H73,0) -> 0 | F73: =IF(H73<0,-H73,0) -> 1.8124935e+09 | H73: =M73 -> -1.8124935e+09 | I73: =SUM(H$69:H73) -> 1.7955532e+10 | J73: =IF(H73>0,H73,0) -> 0 | K73: =IF(H73<0,-H73,0) -> 1.8124935e+09 | M73: -1.8124935e+09 | O73: $/tấn | P73: =(P8-P9/U8*10^3) -> 229.38316 | Q73: =(Q8-Q9/U8*10^3) -> -40.408405 | R73: =Q73-P73 -> -269.79156 | S73: =R73/P73 -> -1.1761612 | U73: 25000 | V73: 26191.397 | W73: =V73-U73 -> 1191.3967 | X73: =W73/U73 -> 0.047655866
A74: rHDPE ép | B74: Sản lượng | D74: =D73-F74+E73 -> 1.7955532e+10 | E74: =IF(H74>0,H74,0) -> 1.6391134e+08 | F74: =IF(H74<0,-H74,0) -> 0 | H74: =M74 -> 1.6391134e+08 | I74: =SUM(H$69:H74) -> 1.8119443e+10 | J74: =IF(H74>0,H74,0) -> 1.6391134e+08 | K74: =IF(H74<0,-H74,0) -> 0 | M74: {=TRANSPOSE(AA74:AB74)} -> 1.6391134e+08 | O74: tấn | P74: 155.75 | Q74: 186.75 | R74: =Q74-P74 -> 31 | S74: =R74/P74 -> 0.19903692 | Z74: =SUM(AA74:AC74) -> -2.3913266e+09 | AA74: =R74*P75*U75 -> 1.6391134e+08 | AB74: =AB10+AC10 -> -2.6963496e+09 | AC74: =AD10 -> 1.4111161e+08 | AD74: -2.3913266e+09 | AE74: =Z74-AD74 -> 0
B75: LG đơn vị | D75: =D74-F75+E74 -> 1.5423093e+10 | E75: =IF(H75>0,H75,0) -> 0 | F75: =IF(H75<0,-H75,0) -> 2.6963496e+09 | H75: =M75 -> -2.6963496e+09 | I75: =SUM(H$69:H75) -> 1.5423093e+10 | J75: =IF(H75>0,H75,0) -> 0 | K75: =IF(H75<0,-H75,0) -> 2.6963496e+09 | M75: -2.6963496e+09 | O75: $/tấn | P75: =(P11-P12/U11*10^3) -> 211.49851 | Q75: =(Q11-Q12/U11*10^3) -> -366.03287 | R75: =Q75-P75 -> -577.53137 | S75: =R75/P75 -> -2.7306641 | U75: 25000 | V75: 26188.249 | W75: =V75-U75 -> 1188.2489 | X75: =W75/U75 -> 0.047529955
A76: rPP | B76: Sản lượng | D76: =D75-F76+E75 -> 1.5423093e+10 | E76: =IF(H76>0,H76,0) -> 4.5543577e+08 | F76: =IF(H76<0,-H76,0) -> 0 | H76: =M76 -> 4.5543577e+08 | I76: =SUM(H$69:H76) -> 1.5878529e+10 | J76: =IF(H76>0,H76,0) -> 4.5543577e+08 | K76: =IF(H76<0,-H76,0) -> 0 | M76: {=TRANSPOSE(AA76:AB76)} -> 4.5543577e+08 | O76: tấn | P76: 107.44 | Q76: 0 | R76: =Q76-P76 -> -107.44 | S76: =R76/P76 -> -1 | Z76: =SUM(AA76:AC76) -> 4.5543577e+08 | AA76: =R76*P77*U77 -> 4.5543577e+08 | AB76: =AB13+AC13 -> 0 | AC76: =AD13 -> 0 | AD76: 4.5543577e+08 | AE76: =Z76-AD76 -> 0
B77: LG đơn vị | D77: =D76-F77+E76 -> 1.5878529e+10 | E77: =IF(H77>0,H77,0) -> 0 | F77: =IF(H77<0,-H77,0) -> 0 | H77: =M77 -> 0 | I77: =SUM(H$69:H77) -> 1.5878529e+10 | J77: =IF(H77>0,H77,0) -> 0 | K77: =IF(H77<0,-H77,0) -> 0 | M77: 0 | O77: $/tấn | P77: =(P14-P15/U14*10^3) -> -169.55911 | Q77: =(Q14-Q15/U14*10^3) -> 0 | R77: =Q77-P77 -> 169.55911 | S77: =R77/P77 -> -1 | U77: 25000 | V77: 0 | W77: =V77-U77 -> -25000 | X77: =W77/U77 -> -1
A78: Xơ sợi | B78: Sản lượng | D78: =D77-F78+E77 -> 1.5878529e+10 | E78: =IF(H78>0,H78,0) -> 11327184 | F78: =IF(H78<0,-H78,0) -> 0 | H78: =M78 -> 11327184 | I78: =SUM(H$69:H78) -> 1.5889856e+10 | J78: =IF(H78>0,H78,0) -> 11327184 | K78: =IF(H78<0,-H78,0) -> 0 | M78: {=TRANSPOSE(AA78:AB78)} -> 11327184 | O78: tấn | P78: 100 | Q78: 27.3 | R78: =Q78-P78 -> -72.7 | S78: =R78/P78 -> -0.727 | Z78: =SUM(AA78:AC78) -> -3.2523057e+08 | AA78: =R78*P79*U79 -> 11327184 | AB78: =AB16+AC16 -> -3.5704641e+08 | AC78: =AD16 -> 20488657 | AD78: -3.2523057e+08 | AE78: =Z78-AD78 -> 0
B79: LG đơn vị | D79: =D78-F79+E78 -> 1.553281e+10 | E79: =IF(H79>0,H79,0) -> 0 | F79: =IF(H79<0,-H79,0) -> 3.5704641e+08 | H79: =M79 -> -3.5704641e+08 | I79: =SUM(H$69:H79) -> 1.553281e+10 | J79: =IF(H79>0,H79,0) -> 0 | K79: =IF(H79<0,-H79,0) -> 3.5704641e+08 | M79: -3.5704641e+08 | O79: $/tấn | P79: =(P17-P18/U17*10^3) -> -6.2322881 | Q79: =(Q17-Q18/V17*10^3) -> -476.67567 | R79: =Q79-P79 -> -470.44338 | S79: =R79/P79 -> 75.484858 | U79: 25000 | V79: 26189.568 | W79: =V79-U79 -> 1189.5683 | X79: =W79/U79 -> 0.047582733
A80: Tỷ giá | D80: =D79-F80+E79 -> 1.553281e+10 | E80: =IF(H80>0,H80,0) -> 3.4327645e+09 | F80: =IF(H80<0,-H80,0) -> 0 | H80: =M80 -> 3.4327645e+09 | I80: =SUM(H$69:H80) -> 1.8965574e+10 | J80: =IF(H80>0,H80,0) -> 3.4327645e+09 | K80: =IF(H80<0,-H80,0) -> 0 | M80: =AC70+AC72+AC74+AC76+AC78 -> 3.4327645e+09
A81: Khác | D81: =D80-F81+E80 -> 1.7652559e+10 | E81: =IF(H81>0,H81,0) -> 0 | F81: =IF(H81<0,-H81,0) -> 1313015498 | H81: =H83-SUM(H69:H80,H82) -> -1313015498 | I81: =SUM(H$69:H81) -> 1.7652559e+10 | J81: =IF(H81>0,H81,0) -> 0 | K81: =IF(H81<0,-H81,0) -> 1313015498 | O81: ng. tấn
A82: hoa hồng, chiết khấu | B82: Cp vận chuyển | D82: =D81-F82+E81 -> 7.40728e+09 | E82: =IF(H82>0,H82,0) -> 0 | F82: =IF(H82<0,-H82,0) -> 1.0245279e+10 | H82: =H21 -> -1.0245279e+10 | I82: =SUM(H$69:H82) -> 7.40728e+09 | J82: =IF(H82>0,H82,0) -> 0 | K82: =IF(H82<0,-H82,0) -> 1.0245279e+10
A83: =A22 -> TT T11 | G83: =D82 -> 7.40728e+09 | H83: =H22 -> 7.40728e+09 | O83: rPET | P83: =P70/10^3 -> 4.67878 | Q83: =Q70/10^3 -> 2.02764 | R83: =Q83-P83 -> -2.65114 | S83: =R83/P83 -> -0.56663062 | U83: 25000 | V83: 26188.206 | W83: =V83-U83 -> 1188.2064 | X83: =W83/U83 -> 0.047528257
A84: Check | F84: =G83-C69 -> -4.1052693e+10 | G84: =G83-H83 -> 0 | H84: =H83/H69-1 -> -0.84714643 | O84: rHDPE thổi | P84: =P72/10^3 -> 0.927 | Q84: =Q72/10^3 -> 0.268725 | R84: =Q84-P84 -> -0.658275 | S84: =R84/P84 -> -0.71011327
F85: =F84/C69 -> -0.84714643 | G85: =G24 -> 0 | O85: rHDPE ép | P85: =P74/10^3 -> 0.15575 | Q85: =Q74/10^3 -> 0.18675 | R85: =Q85-P85 -> 0.031 | S85: =R85/P85 -> 0.19903692
O86: rPP | P86: =P76/10^3 -> 0.10744 | Q86: =Q76/10^3 -> 0 | R86: =Q86-P86 -> -0.10744 | S86: =R86/P86 -> -1
O87: Xơ sợi | P87: =P78/10^3 -> 0.1 | Q87: =Q78/10^3 -> 0.0273 | R87: =Q87-P87 -> -0.0727 | S87: =R87/P87 -> -0.727

Sheet Giải trình
C2: Thuế suất | D2: 0.1311
A3: STT | B3: Tác động | C3: LNTT | D3: LNST | E3: Ghi chú
A4: =IF(B4<>"",SUBTOTAL(3,B$4:B4),"") -> 1 | B4: Tác động sản lượng | C4: ='S8'!H4+'S8'!H7+'S8'!H10+'S8'!H13+'S8'!H16 -> -1.9501032e+10 | D4: =C4*(1-$D$2) -> -1.6944446e+10 | E4: Sản lượng sản phẩm chính đạt 2.5/5.9 ngàn tấn (đạt 42%)
A5: =IF(B5<>"",SUBTOTAL(3,B$4:B5),"") -> 2 | B5: Giá bán trung bình ngành rPET thấp sv KH | C5: ='S8'!$H$5 -> -3.5577563e+09 | D5: =C5*(1-$D$2) -> -3.0913344e+09 | E5: Đạt $1,224; KH là $1,294 (giảm $70 ~ -5.42%)
A6: =IF(B6<>"",SUBTOTAL(3,B$4:B6),"") -> 3 | B6: Giá vốn trung bình rPET tăng | C6: ='S8'!$H$6 -> -5.0024859e+09 | D6: =C6*(1-$D$2) -> -4.34666e+09 | E6: Mặc dù giá mua chai/vảy giảm nhưng tỷ lệ hao hụt cao hơn so với kế hoạch | F6: Giá mua T11: + Giá mua chai B1: 14,872 đ/kg (KH là 17,400 đ/kg ~ -2,528 đ/kg; -14.5%). + Giá mua vảy B1: 15,748 đ/kg (KH là 19,300 đ/kg ~ -3,552 đ/kg; -18%)
A7: =IF(B7<>"",SUBTOTAL(3,B$4:B7),"") -> 4 | B7: Đẩy bán HD ép | C7: ='S8'!H11+'S8'!H12 -> -2.6963496e+09 | D7: =C7*(1-$D$2) -> -2.3428582e+09 | E7: Giá bán trung bình đạt $597/tấn (KH là $828/tấn)
A8: =IF(B8<>"",SUBTOTAL(3,B$4:B8),"") -> 5 | B8: Ghi nhận chi phí chống phá giá EU | C8: -1453024773 | D8: =C8*(1-$D$2) -> -1.2625332e+09
A9: =IF(B9<>"",SUBTOTAL(3,B$4:B9),"") -> 6 | B9: Xử lý khiếu nại khách hàng Nestle | C9: -536599922 | D9: =C9*(1-$D$2) -> -4.6625167e+08
A10: =IF(B10<>"",SUBTOTAL(3,B$4:B10),"") -> 7 | B10: Tổng | C10: =SUM(C4:C9) -> -3.2747248e+10 | D10: =SUM(D4:D9) -> -2.8454084e+10
