Workbook
Name \T: #REF!
Name \T: #REF!
Name \T: #REF!
Name \T: #REF!
Name \T: #REF!
Name \T: #REF!
Name \T: #REF!
Name \T: #REF!
Name \T: #REF!
Name \T: #REF!
Name \T: #REF!
Name \T: #REF!
Name \T: #REF!
Name \T: #REF!
Name __dao1: '[1]CT Thang Mo'!$B$189:$H$189
Name __dao2: '[1]CT Thang Mo'!$B$161:$H$161
Name __dap2: '[1]CT Thang Mo'!$B$162:$H$162
Name __day1: '[2]Chiet tinh dz22'!#REF!
Name __day2: '[3]Chiet tinh dz35'!$H$3
Name __dbu1: '[1]CT Thang Mo'!#REF!
Name __dbu2: '[1]CT Thang Mo'!$B$93:$F$93
Name __doi3: '[4]truc tiep'!#REF!
Name __E99999: #REF!
Name __Jan02: '[5]FG waste'!#REF!
Name __lap1: #REF!
Name __lap2: #REF!
Name __vc1: '[1]CT Thang Mo'!$B$34:$H$34
Name __vc2: '[1]CT Thang Mo'!$B$35:$H$35
Name __vc3: '[1]CT Thang Mo'!$B$36:$H$36
Name _01_01_99: #REF!
Name _01_02_99: #REF!
Name _01_03_99: #REF!
Name _01_04_99: #REF!
Name _01_05_99: #REF!
Name _01_06_99: #REF!
Name _01_07_99: #REF!
Name _01_08_1999: #REF!
Name _1CAP002: [6]MTP!#REF!
Name _2STREO7: [7]MTP!#REF!
Name _4GOIC01: [8]MTP!#REF!
Name _4OSLCTT: [8]MTP!#REF!
Name _6BNTTTH: [7]MTP1!#REF!
Name _6DCTTBO: [7]MTP1!#REF!
Name _6DD24TT: [7]MTP1!#REF!
Name _6FCOTBU: [7]MTP1!#REF!
Name _6LATUBU: [7]MTP1!#REF!
Name _6SDTT24: [7]MTP1!#REF!
Name _6TBUDTT: [7]MTP1!#REF!
Name _6TDDDTT: [7]MTP1!#REF!
Name _6TLTTTH: [7]MTP1!#REF!
Name _6TUBUTT: [7]MTP1!#REF!
Name _6UCLVIS: [7]MTP1!#REF!
Name _7DNCABC: [7]MTP1!#REF!
Name _7HDCTBU: [7]MTP1!#REF!
Name _7PKTUBU: [7]MTP1!#REF!
Name _7TBHT20: [7]MTP1!#REF!
Name _7TBHT30: [7]MTP1!#REF!
Name _7TDCABC: [7]MTP1!#REF!
Name _dao1: '[1]CT Thang Mo'!$B$189:$H$189
Name _dao2: '[1]CT Thang Mo'!$B$161:$H$161

Sheet Nguyên tắc trình bày
A2: 1 | B2: Tiêu đề các biểu đồ font chữ size 24
A3: 2 | B3: Không để số âm vùng chênh lệch
A4: 3 | B4: font Size số, chữ đều là 14, time new roman , chữ đen
A5: 4 | B5: Zoom 90%, theo khung canh của anh Lộc, đã chỉnh làm mẫu tại sheet "vảy HDPE 2023-Tuần"
A6: 5 | B6: Kéo ngang và dọc cho nó cân xứng
A7: 6 | B7: trình bày 25 tuần gần nhất
A8: 7 | B8: Giá mua trung bình các loại vảy: (HDPE: vảy trong, PET: vảy A4 đến A6)

Sheet Chai B1- Tháng
BK2: Năm 2022 | BP2: Năm 2022
BI3: Data | BJ3: 13 | BK3: 1 | BL3: 2 | BM3: 3 | BN3: 4 | BO3: 5 | BP3: T6/22 | BQ3: 7 | BR3: 8 | BS3: 9 | BT3: 10 | BU3: 11 | BV3: 12 | BW3: 1/23 | BX3: 2 | BY3: 3 | BZ3: 4 | CA3: 5 | CB3: 6 | CC3: 7 | CD3: 8 | CE3: 9 | CF3: 10 | CG3: 11 | CH3: 12 | CI3: 1.24 | CJ3: 2 | CK3: 3 | CL3: 4 | CM3: 5 | CN3: 6 | CO3: 7 | CP3: 8 | CQ3: 9 | CR3: 10 | CS3: 11 | CT3: 12 | CU3: 1.25 | CV3: 2 | CW3: 3 | CX3: 4 | CY3: 5 | CZ3: 6 | DA3: 7 | DB3: 8 | DC3: 9 | DD3: 10 | DE3: 11 | DF3: 12
BI4: Tỷ giá USD | BJ4: 22920 | BK4: 23180 | BL4: 23108 | BM4: 23108 | BN4: 23108 | BO4: 23108 | BP4: 23150 | BQ4: 23150 | BR4: 23150 | BS4: 23150 | BT4: 23500 | BU4: 23500 | BV4: 23380 | BW4: 23250 | BX4: 23570 | BY4: 23260 | BZ4: 23260 | CA4: 23295 | CB4: 23330 | CC4: 23380 | CD4: 23840 | CE4: 23960 | CF4: 24280 | CG4: 24730 | CH4: 24930 | CI4: 24210 | CJ4: 24250 | CK4: 24490 | CL4: 24690 | CM4: 25475 | CN4: 25250 | CO4: 25750 | CP4: 25130 | CQ4: 24580 | CR4: 24410 | CS4: 25120 | CT4: 25140 | CU4: 25290 | CV4: 25050 | CW4: 25400 | CX4: 25460 | CY4: 25830 | CZ4: 25880 | DA4: 25920 | DB4: 26030 | DC4: 26180 | DD4: 26183 | DE4: 26107 | DF4: 26181
BI5: Giá keo chính phẩm | BJ5: 1122 | BK5: 1165 | BL5: 1272.5 | BM5: 1346 | BN5: 1297.5 | BO5: 1316.6667 | BP5: =B36*BP4/1000 -> 32178.5 | BQ5: =C36*BQ4/1000 -> 28243 | BR5: =D36*BR4/1000 -> 29400.5 | BS5: =E36*BS4/1000 -> 27548.5 | BT5: =F36*BT4/1000 -> 26555 | BU5: =G36*BU4/1000 -> 24440 | BV5: =H36*BV4/1000 -> 22853.95 | BW5: =I36*BW4/1000 -> 23250 | ... DF5: =AR36*DF4/1000 -> 20159.37
BI6: Giá duyệt mua chai B1 | BJ6: 688.17627 | BK6: =BK16/BK4*1000 -> 0 | BL6: =BL16/BL4*1000 -> 0 | BM6: =BM16/BM4*1000 -> 0 | BN6: =BN16/BN4*1000 -> 0 | BO6: =BO16/BO4*1000 -> 0 | BP6: 18000 | BQ6: 18000 | BR6: 18000 | BS6: 16500 | BT6: 16500 | BU6: 16500 | BV6: 15500 | BW6: 14500 | BX6: 14500 | BY6: 15500 | BZ6: 15500 | CA6: 15500 | CB6: 13500 | CC6: 13000 | CD6: 13000 | CE6: 13500 | CF6: 14500 | CG6: 15000 | CH6: 15000 | CI6: 16500 | CJ6: 16500 | CK6: 16500 | CL6: 17500 | CM6: 17500 | CN6: 17500 | CO6: 16500 | CP6: 17000 | CQ6: 17500 | CR6: 17400 | CS6: 17700 | CT6: 17700 | CU6: =+(16800) -> 16800 | CV6: =+(16800) -> 16800 | CW6: =+(17200) -> 17200 | CX6: 18000 | CY6: 17500 | CZ6: 17500 | DA6: 17800 | DB6: 16150 | DC6: =(14500+13500+13000)/3 -> 13666.667 | DD6: 13500 | DE6: 12700 | DF6: 12700
BI7: Giá bale ĐNA | BP7: =BP16*BP4/1000 -> 14237.25 | BQ7: =BQ16*BQ4/1000 -> 13890 | BR7: =BR16*BR4/1000 -> 13156.917 | BS7: =BS16*BS4/1000 -> 13156.917 | BT7: =BT16*BT4/1000 -> 13351.917 | BU7: =BU16*BU4/1000 -> 12220 | BV7: =BV16*BV4/1000 -> 10918.46 | BW7: =BW16*BW4/1000 -> 10776.375 | ... DF7: =DF16*DF4/1000 -> 11710.761
BI8: Giá chai B1 thực tế mua trung bình | BJ8: 15773 | BK8: 15974 | BL8: 15997 | BM8: 16512 | BN8: 17232 | BO8: 17845 | BP8: 17949.169 | BQ8: 18008.203 | BR8: 17709.211 | BS8: 16436.763 | BT8: 16498.897 | BU8: 16968.763 | BV8: 16873.812 | BW8: 14486.456 | BX8: 14337.016 | BY8: 15026.124 | BZ8: 14967.788 | CA8: 14928.984 | CB8: 13867.306 | CC8: 12969.009 | CD8: 12977.364 | CE8: 13498.82 | CF8: 14413.011 | CG8: 15100 | CH8: 15100 | CI8: 16099.441 | CJ8: 16332.331 | CK8: =16233.8475760353+377 -> 16610.848 | CL8: 17757.505 | CM8: 17263.633 | CN8: 17209.798 | CO8: 16215.033 | CP8: 16527.439 | CQ8: 16645.01 | CR8: 16492.39 | CS8: 16673.362 | CT8: 16581.723 | CU8: 16882.91 | CV8: 17290.286 | CW8: 17728.513 | CX8: 18247.4 | CY8: 18386.5 | CZ8: 18684.129 | DA8: 18901.794 | DB8: 18476.756 | DC8: 15949.265 | DD8: 14931.922 | DE8: 14871.888 | DF8: =DE8 -> 14871.888
BI9: Giá chai B1 thể hiện | BJ9: 688.17627 | BK9: 689.12856 | BL9: 692.27107 | BM9: 714.55773 | BN9: 745.71577 | BO9: 772.24338 | BP9: =BP6 -> 18000 | BQ9: =BQ6 -> 18000 | BR9: =BR6 -> 18000 | BS9: =BS6 -> 16500 | BT9: =BT6 -> 16500 | BU9: =BU6 -> 16500 | BV9: =BV6 -> 15500 | BW9: =BW6 -> 14500 | ... DF9: =DF6 -> 12700
BI10: % Keo chính phẩm so với chai B1 | BJ10: 0.63039625 | BK10: 0.69054088 | BL10: 0.83815278 | BM10: 0.88368266 | BN10: 0.73993907 | BO10: 0.70498926 | BP10: =BP13/BP6 -> 0.78769444 | BQ10: =BQ13/BQ6 -> 0.56905556 | BR10: =BR13/BR6 -> 0.63336111 | BS10: =BS13/BS6 -> 0.66960606 | BT10: =BT13/BT6 -> 0.60939394 | BU10: =BU13/BU6 -> 0.48121212 | BV10: =BV13/BV6 -> 0.47444839 | BW10: =BW13/BW6 -> 0.60344828 | ... DE10: =DE13/DE6 -> 0.58286535 | DF10: =IFERROR(DF13/DF6,0) -> 0.58735197
BI11: % Giá chính phẩm tháng sau so với tháng trước | BK11: 0.038324421 | BL11: 0.092274678 | BM11: 0.057760314 | BN11: -0.036032689 | BO11: 0.014771997 | BP11: 0.055696203 | BQ11: -0.12230216 | BR11: 0.040983607 | BS11: -0.062992126 | BT11: -0.050420168 | BU11: -0.079646018 | BV11: -0.13495575 | BW11: -0.038461538 | BX11: 0.069053708 | BY11: 0.02 | BZ11: 0.009569378 | CA11: -0.045098039 | CB11: -0.14691943 | CC11: -0.14691943 | CD11: -0.14691943 | CE11: -0.14691943 | CF11: -0.14691943 | CG11: -0.14691943 | CH11: -0.14691943 | CI11: -0.14691943 | CJ11: -0.14691943 | CK11: -0.14691943 | CL11: -0.14691943 | CM11: -0.14691943 | CN11: -0.14691943 | CO11: -0.14691943 | CP11: -0.14691943 | CQ11: -0.14691943 | CR11: -0.14691943 | CS11: -0.14691943 | CT11: -0.14691943 | CU11: -0.14691943 | CV11: -0.14691943 | CW11: -0.14691943 | CX11: -0.14691943 | CY11: -0.14691943 | CZ11: -0.14691943 | DA11: -0.14691943 | DB11: -0.14691943 | DC11: -0.14691943 | DD11: -0.14691943 | DE11: -0.14691943
BI12: % Giá chai B1 tháng sau so với tháng trước | BK12: 0.0013837935 | BL12: 0.00456013 | BM12: 0.032193536 | BN12: 0.043604651 | BO12: 0.035573352 | BP12: 0.0040031347 | BQ12: 0.0032870912 | BR12: -0.017658818 | BS12: -0.070830978 | BT12: -0.011177818 | BU12: 0.028486575 | BV12: -0.0059372285 | BW12: -0.16408421 | BX12: -0.14405873 | BY12: 0.037253294 | BZ12: 0.04399603 | CA12: -0.0064647859 | CB12: -0.06465806 | CC12: -0.06465806 | CD12: -0.06465806 | CE12: -0.06465806 | CF12: -0.06465806 | CG12: -0.06465806 | CH12: -0.06465806 | CI12: -0.06465806 | CJ12: -0.06465806 | CK12: -0.06465806 | CL12: -0.06465806 | CM12: -0.06465806 | CN12: -0.06465806 | CO12: -0.06465806 | CP12: -0.06465806 | CQ12: -0.06465806 | CR12: -0.06465806 | CS12: -0.06465806 | CT12: -0.06465806 | CU12: -0.06465806 | CV12: -0.06465806 | CW12: -0.06465806 | CX12: -0.06465806 | CY12: -0.06465806 | CZ12: -0.06465806 | DA12: -0.06465806 | DB12: -0.06465806 | DC12: -0.06465806 | DD12: -0.06465806 | DE12: -0.06465806
BI13: Chênh lệch | BJ13: 433.82373 | BK13: 475.87144 | BL13: 580.22893 | BM13: 631.44227 | BN13: 551.78423 | BO13: 544.42329 | BP13: =BP5-BP6 -> 14178.5 | BQ13: =BQ5-BQ6 -> 10243 | BR13: =BR5-BR6 -> 11400.5 | BS13: =BS5-BS6 -> 11048.5 | BT13: =BT5-BT6 -> 10055 | BU13: =BU5-BU6 -> 7940 | BV13: =BV5-BV6 -> 7353.95 | BW13: =BW5-BW6 -> 8750 | ... DF13: =DF5-DF6 -> 7459.37
BI14: Giá bán rPET | BK14: 1300 | BL14: 1300 | BM14: 1450 | BN14: 1550 | BO14: 1550 | BP14: 1550 | BQ14: 1550 | BR14: 1480 | BS14: 1409.7447 | BT14: 1409.7447 | BU14: 1379.9766 | BV14: 1330 | BW14: 1330 | BX14: 1330 | BY14: 1380 | BZ14: 1380 | CA14: 1380 | CB14: 1350 | CC14: 1300 | CD14: 1250 | CE14: 1250 | CF14: 1250 | CG14: 1250 | CH14: 1250 | CI14: 1250 | CJ14: 1250 | CK14: 1250 | CL14: 1250 | CM14: 1300 | CN14: 1300 | CO14: 1300 | CP14: 1300 | CQ14: 1310 | CR14: 1325 | CS14: 1325 | CT14: 1325 | CU14: 1325 | CV14: 1250 | CW14: 1250 | CX14: 1250 | CY14: 1250 | CZ14: 1250 | DA14: 1250 | DB14: 1250 | DC14: 1250
BI15: Giá chính phẩm dự báo | BK15: 1165 | BL15: 1272.5 | BM15: 1346 | BN15: 1297.5 | BO15: 1316.6667 | BP15: 1390 | BQ15: 1220 | BR15: 1270 | BS15: 1190 | BT15: 1130 | BU15: 1040 | BV15: 977.5 | BW15: 1000 | BX15: 1045 | BY15: 1020 | BZ15: 1055 | CA15: 974 | CB15: =CB5 -> 20880.35 | CC15: =CC5 -> 21112.14 | CD15: =CD5 -> 21885.12 | CE15: =CE5 -> 22282.8 | CF15: =CF5 -> 22398.3 | CG15: =CG5 -> 22257 | CH15: =CH5 -> 22437 | CI15: =CI5 -> 22515.3 | ... DF15: =DF5 -> 20159.37
BI16: Giá bale ĐNA ( USD) | BP16: 615 | BQ16: 600 | BR16: 568.33333 | BS16: 568.33333 | BT16: 568.16667 | BU16: 520 | BV16: 467 | BW16: 463.5 | BX16: 451.5 | BY16: 471.66667 | BZ16: 501.66667 | CA16: 472.5 | CB16: 454.33333 | CC16: 453 | CD16: 433.2 | CE16: 412.7 | CF16: 419.2 | CG16: 457.4 | CH16: 474.1 | CI16: 474.1 | CJ16: 495.7 | CK16: 494.3 | CL16: 515.7 | CM16: 560 | CN16: 563.5 | CO16: 567.2 | CP16: 579.4 | CQ16: 602 | CR16: 635.5 | CS16: 630.7 | CT16: 613.3 | CU16: 588.8 | CV16: 595.2 | CW16: 595.2 | CX16: 581.8 | CY16: 577.2 | CZ16: 578.7 | DA16: 555 | DB16: 522.6 | DC16: 496.7 | DD16: 463 | DE16: 447.3 | DF16: 447.3
BI17: Giá duyệt mua chai B0 | BW17: 8708.4662 | BX17: 9206.5027 | BY17: 10350.583 | BZ17: 10630.801 | CA17: 9861.484 | CB17: 9199.095 | CC17: 8896.0365 | CD17: 9246.3978 | CE17: 9607.8931 | CF17: 10586.188 | CG17: 11153.125 | CH17: 11113.72 | CI17: 11099.755 | CJ17: 11015.602 | CK17: 11145.196 | CL17: 12500 | CM17: 13000 | CN17: 13000 | CO17: 11500 | CP17: 11500 | CQ17: 12000 | CR17: 11700 | CS17: 12000 | CT17: 12000 | CU17: 12300 | CV17: 12300 | CW17: 12500 | CX17: 13500 | CY17: 13000 | CZ17: 13500 | DA17: 13800 | DB17: 12350 | DC17: =(10500+10300+10000)/3 -> 10266.667 | DD17: 10000 | DE17: 9700 | DF17: 9700
A35: Tháng | B35: 06/22 | C35: 7 | D35: 8 | E35: 9 | F35: 10 | G35: 11 | H35: 12 | I35: 1/23 | J35: 2 | K35: 3 | L35: 4 | M35: 5 | N35: 6 | O35: 7 | P35: 8 | Q35: 9 | R35: 10 | S35: 11 | T35: 12 | U35: 1.24 | V35: 2 | W35: 3 | X35: 4 | Y35: 5 | Z35: 6 | AA35: 7 | AB35: 8 | AC35: 9 | AD35: 10 | AE35: 11 | AF35: 12 | AG35: 1.25 | AH35: 2 | AI35: 3 | AJ35: 4 | AK35: 5 | AL35: 6 | AM35: 7 | AN35: 8 | AO35: 9 | AP35: 10 | AQ35: 11 | AR35: 12
A36: Giá RESIN (USD/ Tấn) | B36: 1390 | C36: 1220 | D36: 1270 | E36: 1190 | F36: 1130 | G36: 1040 | H36: 977.5 | I36: 1000 | J36: 1045 | K36: 1020 | L36: 1055 | M36: 974 | N36: 895 | O36: 903 | P36: 918 | Q36: 930 | R36: 922.5 | S36: 900 | T36: 900 | U36: 930 | V36: 943 | W36: 940 | X36: 940 | Y36: 942 | Z36: 950 | AA36: 948 | AB36: 930 | AC36: 880 | AD36: 862.5 | AE36: 852 | AF36: 840 | AG36: 828 | AH36: 840 | AI36: 823 | AJ36: 765 | AK36: 782 | AL36: 807.5 | AM36: 802 | AN36: 795 | AO36: 783 | AP36: 772 | AQ36: 770 | AR36: 770
A45: 1. Sửa lại Tiêu đề (đã chỉnh biểu đồ bên dưới)
A46: 2. chỉnh lại size để thấy 1 màn hình
A47: 3. biểu đồ trình bày bằng VNĐ/kg, lấy tỷ giá tại ngày cuối tháng
A48: 4. Bảng số liệu chỉ trình bày 1 dòng giá keo chính phẩm bằng usd/tấn
A49: 5. Thêm 1 đường giá thực mua trung bình hàng tháng

Sheet Chart B1_Tuần
AM43: Năm 2022
AK44: Data | AL44: 33 | AM44: 34 | AN44: 35 | AO44: 36 | AP44: 37 | AQ44: 38 | AR44: 39 | AS44: 40 | AT44: 41 | AU44: 42 | AV44: 43 | AW44: 44 | AX44: 45 | AY44: 46 | AZ44: 47 | BA44: 48 | BB44: 49 | BC44: 50 | BD44: 51 | BE44: 52 | BF44: 1 | BG44: 2 | BH44: 3 | BI44: 4 | BJ44: 5 | BK44: 6 | BL44: 7 | BM44: 8 | BN44: 9 | BO44: 10 | BP44: 11 | BQ44: 12 | BR44: 13 | BS44: 14 | BT44: 15 | BU44: 16 | BV44: 17 | BW44: 18 | BX44: 19 | BY44: 20 | BZ44: 21 | CA44: 22 | CB44: 23 | CC44: 24 | CD44: 25 | CE44: 26 | CF44: 27 | CG44: 28 | CH44: 29 | CI44: 30 | CJ44: 31 | CK44: 32 | CL44: 33 | CM44: 34
AK45: Tỷ giá USD | AL45: 23150 | AM45: 23150 | AN45: 23150 | AO45: 23500 | AP45: 23500 | AQ45: 23500 | AR45: 23500 | AS45: 23500 | AT45: 23500 | AU45: 23500 | AV45: 23500 | AW45: 24600 | AX45: 24600 | AY45: 24600 | AZ45: 24600 | BA45: 24600 | BB45: 24000 | BC45: 24000 | BD45: 24000 | BE45: 24000 | BF45: 24760 | BG45: 24200 | BH45: 24330 | BI45: 24410 | BJ45: 24380 | BK45: 24220 | BL45: 24250 | BM45: 24380 | BN45: 24550 | BO45: 24530 | BP45: 24500 | BQ45: 24570 | BR45: 24620 | BS45: 24650 | BT45: 24810 | BU45: 25020 | BV45: 25240 | BW45: 25150 | BX45: 25180 | BY45: 25230 | BZ45: 25250 | CA45: 25280 | CB45: 25260 | CC45: 25250 | CD45: 25260 | CE45: 25260 | CF45: 25260 | CG45: 25220 | CH45: 25190 | CI45: 25170 | CJ45: 25120 | CK45: 24930 | CL45: 24970 | CM45: 24810
AK46: Giá bale ĐNA | AL46: 1220 | AM46: 1190 | AN46: 1160 | AO46: 1160 | AP46: 1160 | AQ46: 1130 | AR46: 1130 | AS46: 1100 | AT46: 1100 | AU46: 1070 | AV46: 1040 | AW46: 995 | AX46: 538.5 | AY46: 520.66667 | AZ46: 520.66667 | BA46: 508 | BB46: 520 | BC46: 512.83333 | BD46: 464 | BE46: 467 | BF46: =BF55*BF45/1000 -> 12273.532 | BG46: =BG55*BG45/1000 -> 11995.94 | BH46: =BH55*BH45/1000 -> 12060.381 | BI46: =BI55*BI45/1000 -> 12100.037 | BJ46: =BJ55*BJ45/1000 -> 12085.166 | BK46: =BK55*BK45/1000 -> 11970.735 | BL46: =BL55*BL45/1000 -> 11985.562 | BM46: =BM55*BM45/1000 -> 12049.815 | ... CM46: =CM55*CM45/1000 -> 14375.658
AK47: Giá duyệt mua chai B1 | AL47: 774.65803 | AM47: 773.14615 | AN47: 776.38589 | AO47: 702.12766 | AP47: 702.12766 | AQ47: 702.12766 | AR47: 702.12766 | AS47: 702.12766 | AT47: 702.12766 | AU47: 702.12766 | AV47: 702.12766 | AW47: 670.73171 | AX47: 670.73171 | AY47: 695.81402 | AZ47: 706.10846 | BA47: 719.78422 | BB47: 714.51263 | BC47: 723.60817 | BD47: 716.11607 | BE47: 658.89104 | BF47: 16500 | BG47: 16500 | BH47: 16500 | BI47: 16500 | BJ47: 16500 | BK47: 16500 | BL47: 16500 | BM47: 16500 | BN47: 16500 | BO47: 16500 | BP47: 16500 | BQ47: 16500 | BR47: 16500 | BS47: 17500 | BT47: 17500 | BU47: 17500 | BV47: 17500 | BW47: 17500 | BX47: 17500 | BY47: 17500 | BZ47: 17500 | CA47: 17500 | CB47: 17000 | CC47: 17000 | CD47: 17000 | CE47: 17000 | CF47: 16000 | CG47: 16000 | CH47: 16500 | CI47: 16500 | CJ47: 16500 | CK47: 16500 | CL47: 17000 | CM47: 17000
AK48: Giá chai B1 thực tế mua trung bình | AL48: 17933.333 | AM48: 17898.333 | AN48: 17973.333 | AO48: 16500 | AP48: 16500 | AQ48: 16500 | AR48: 16500 | AS48: 16500 | AT48: 16500 | AU48: 16500 | AV48: 16500 | AW48: 16500 | AX48: 16500 | AY48: 17117.025 | AZ48: 17370.268 | BA48: 17706.692 | BB48: 17148.303 | BC48: 17366.596 | BD48: 17186.786 | BE48: 15813.385 | BF48: 16071.933 | BG48: 16132.36 | BH48: 15988.717 | BI48: 16054.687 | BJ48: 16330.181 | BK48: 16448.82 | BM48: 16368.322 | BN48: 16350.379 | BO48: 16240.766 | BP48: 16182.893 | BQ48: 16213.85 | BR48: 16205.294 | BS48: 17370.845 | BT48: 17486.483 | BU48: 17457.58 | BV48: 17456.87 | BW48: 17193.951 | BX48: 17260.101 | BY48: 17277.914 | BZ48: 17254.469 | CA48: 17259.324 | CB48: 17143.286 | CC48: 17175.785 | CD48: 17311.471 | CE48: 17213.644 | CF48: 16000 | CG48: 15933.143 | CH48: 16357.132 | CI48: 16422.84 | CJ48: 16500 | CK48: 16471.302 | CL48: 16618.706 | CM48: 17000
AK49: Giá chai B1 thể hiện | AL49: 774.65803 | AM49: 773.14615 | AN49: 776.38589 | AO49: 702.12766 | AP49: 702.12766 | AQ49: 702.12766 | AR49: 702.12766 | AS49: 702.12766 | AT49: 702.12766 | AU49: 702.12766 | AV49: 702.12766 | AW49: 670.73171 | AX49: 670.73171 | AY49: 695.81402 | AZ49: 706.10846 | BA49: 719.78422 | BB49: 714.51263 | BC49: 723.60817 | BD49: 716.11607 | BE49: 658.89104 | BF49: =BF47 -> 16500 | BG49: =BG47 -> 16500 | BH49: =BH47 -> 16500 | BI49: =BI47 -> 16500 | BJ49: =BJ47 -> 16500 | BK49: =BK47 -> 16500 | BL49: =BL47 -> 16500 | BM49: =BM47 -> 16500 | ... CM49: =CM47 -> 17000
AK50: % Giá chính phẩm so với với chai B1 | AL50: 0.57488848 | AM50: 0.53916566 | AN50: 0.49410237 | AO50: 0.65212121 | AP50: 0.65212121 | AQ50: 0.60939394 | AR50: 0.60939394 | AS50: 0.56666667 | AT50: 0.56666667 | AU50: 0.52393939 | AV50: 0.48121212 | AW50: 0.48345455 | AX50: 0.19714545 | AY50: 0.25171576 | AZ50: 0.26262508 | BA50: 0.29423293 | BB50: 0.27223119 | BC50: 0.29128311 | BD50: 0.35206034 | BE50: 0.29123335 | BF50: =BF53/BF47 -> 0.35054545 | BG50: =BG53/BG47 -> 0.37866667 | BH50: =BH53/BH47 -> 0.38607273 | BI50: =BI53/BI47 -> 0.3906303 | BJ50: =BJ53/BJ47 -> 0.40369697 | BK50: =BK53/BK47 -> 0.37980606 | BL50: =BL53/BL47 -> 0.38151515 | BM50: =BM53/BM47 -> 0.38892121 | ... CM50: =CM53/CM47 -> 0.37184706
AK51: % Giá chính phẩm tuần sau so với tuần trước | AM51: -0.024590164 | AN51: -0.025210084 | AO51: 0 | AP51: 0 | AQ51: -0.025862069 | AR51: 0 | AS51: -0.026548673 | AT51: 0 | AU51: -0.027272727 | AV51: -0.028037383 | AW51: -0.043269231 | AX51: -0.45879397 | AY51: -0.033116682 | AZ51: 0 | BA51: -0.024327785 | BB51: 0.023622047 | BC51: -0.013782051 | BD51: -0.095222619 | BE51: 0.0064655172 | BF51: -0.021413276 | BG51: 0.014587892 | BH51: 0.0082674335 | BI51: 0.0082674335 | BJ51: -0.0085561497 | BK51: -0.016540813 | BL51: -0.058590942 | BM51: -0.029475198 | BN51: -0.034224599 | BO51: -0.023013305 | BP51: 0.024497258 | BQ51: 0.073310424 | BR51: 0.048888889 | BS51: 0.080841639 | BT51: 0.081339713 | BU51: 0.057815846 | BV51: 0.070793312 | BW51: 0.069915254 | BX51: 0.039275956 | BY51: -0.0030633084 | BZ51: -0.040148448 | CA51: -0.058139535 | CB51: -0.07029703 | CC51: -0.074268814 | CD51: -0.074268814 | CE51: -0.074268814 | CF51: -0.074268814 | CG51: -0.074268814 | CH51: -0.074268814 | CI51: -0.074268814 | CJ51: -0.074268814 | CK51: -0.074268814 | CL51: -0.074268814 | CM51: -0.074268814
AK52: % Giá chai B1 tuần sau so với tuần trước | AM52: -0.0019516729 | AN52: 0.0041903343 | AO52: -0.095646032 | AP52: 0 | AQ52: 0 | AR52: 0 | AS52: 0 | AT52: 0 | AU52: 0 | AV52: 0 | AW52: -0.044715447 | AX52: 0 | AY52: 0.037395451 | AZ52: 0.014794811 | BA52: 0.019367794 | BB52: -0.0073238572 | BC52: 0.012729718 | BD52: -0.01035381 | BE52: -0.079910267 | BF52: -0.0844465 | BG52: -0.00020721094 | BH52: 0.0060794473 | BI52: 0.0060794473 | BJ52: -0.0050127034 | BK52: -0.0053830228 | BL52: -0.013195164 | BM52: -0.011813472 | BN52: 0.02087482 | BO52: 0.036783989 | BP52: 0.044407438 | BQ52: 0.048655839 | BR52: 0.05033557 | BS52: 0.0078697787 | BT52: -0.0061905079 | BU52: -0.0041190539 | BV52: -0.00013352026 | BW52: 0.002329606 | BX52: -0.0043379605 | BY52: -0.0050234427 | BZ52: -0.009006004 | CA52: 0.04199773 | CB52: -0.045487748 | CC52: -0.063543133 | CD52: -0.063543133 | CE52: -0.063543133 | CF52: -0.063543133 | CG52: -0.063543133 | CH52: -0.063543133 | CI52: -0.063543133 | CJ52: -0.063543133 | CK52: -0.063543133 | CL52: -0.063543133 | CM52: -0.063543133
AK53: Chênh lệch | AL53: 445.34197 | AM53: 416.85385 | AN53: 383.61411 | AO53: 457.87234 | AP53: 457.87234 | AQ53: 427.87234 | AR53: 427.87234 | AS53: 397.87234 | AT53: 397.87234 | AU53: 367.87234 | AV53: 337.87234 | AW53: 324.26829 | AX53: -132.23171 | AY53: -175.14736 | AZ53: -185.44179 | BA53: -211.78422 | BB53: -194.51263 | BC53: -210.77484 | BD53: -252.11607 | BE53: -191.89104 | BF53: =BF54-BF47 -> 5784 | BG53: =BG54-BG47 -> 6248 | BH53: =BH54-BH47 -> 6370.2 | BI53: =BI54-BI47 -> 6445.4 | BJ53: =BJ54-BJ47 -> 6661 | BK53: =BK54-BK47 -> 6266.8 | BL53: =BL54-BL47 -> 6295 | BM53: =BM54-BM47 -> 6417.2 | ... CM53: =CM54-CM47 -> 6321.4
AK54: Giá chính phẩm | BF54: =BF56*BF45/1000 -> 22284 | BG54: =BG56*BG45/1000 -> 22748 | BH54: =BH56*BH45/1000 -> 22870.2 | BI54: =BI56*BI45/1000 -> 22945.4 | BJ54: =BJ56*BJ45/1000 -> 23161 | BK54: =BK56*BK45/1000 -> 22766.8 | BL54: =BL56*BL45/1000 -> 22795 | BM54: =BM56*BM45/1000 -> 22917.2 | ... CM54: =CM56*CM45/1000 -> 23321.4
AK55: Giá bale ĐNA USD | BF55: 495.7 | BG55: 495.7 | BH55: 495.7 | BI55: 495.7 | BJ55: 495.7 | BK55: 494.25 | BL55: 494.25 | BM55: 494.25 | BN55: 494.25 | BO55: 514.42 | BP55: 514.42 | BQ55: 514.42 | BR55: 514.42 | BS55: 551 | BT55: 551 | BU55: 551 | BV55: 551 | BW55: 569.88 | BX55: 569.88 | BY55: 569.88 | BZ55: 569.88 | CA55: 569.88 | CB55: 567.17 | CC55: 567.17 | CD55: 567.17 | CE55: 567.17 | CF55: 579.43 | CG55: 579.43 | CH55: 579.43 | CI55: 579.43 | CJ55: 579.43 | CK55: 579.43 | CL55: 579.43 | CM55: 579.43
AK56: Giá chính phẩm USD | BF56: 900 | BG56: 940 | BH56: 940 | BI56: 940 | BJ56: 950 | BK56: 940 | BL56: 940 | BM56: 940 | BN56: 940 | BO56: 940 | BP56: 940 | BQ56: 940 | BR56: 940 | BS56: 940 | BT56: 940 | BU56: 940 | BV56: 940 | BW56: 940 | BX56: 940 | BY56: 950 | BZ56: 950 | CA56: 950 | CB56: 950 | CC56: 950 | CD56: 950 | CE56: 950 | CF56: 950 | CG56: 940 | CH56: 940 | CI56: 940 | CJ56: 940 | CK56: 940 | CL56: 940 | CM56: 940
AK57: Giá mua chai B0 | BF57: 11099.755 | BG57: 11099.755 | BH57: 11099.755 | BI57: 11099.755 | BJ57: 11015.602 | BK57: 11015.602 | BL57: 11015.602 | BM57: 11015.602 | BN57: 11145.196 | BO57: 11145.196 | BP57: 11145.196 | BQ57: 11145.196 | BR57: 11145.196 | BS57: 11936.111 | BT57: 12163.111 | BU57: 12344.4 | BV57: 12384.111 | BW57: 12580.25 | BX57: 12764.889 | BY57: 12785.778 | BZ57: 12764.056 | CA57: 12808.067 | CB57: 12816.278 | CC57: 12793.5 | CD57: 12766.722 | CE57: 12278.111 | CF57: 11307.167 | CG57: 11044.611 | CH57: 11307.111 | CI57: 11363.81 | CJ57: 11350.278 | CK57: 11352.056 | CL57: 11366.889 | CM57: 11454.42
B69: Tháng | P69: T6 | X69: T12 | Z69: GAP giữa T6 & T12
B70: % chênh lệch giữa keo chính phẩm so với chai B1 | P70: 0.85859936 | X70: 0.49014925 | Z70: 0.36845011
E71: 1165, | F71: 1272.5, | P71: 1346, | Q71: 1297.5, | R71: 1316.66666666665,1390,1220,1270,1190,1130,1040,1040 | T71: 1270 | U71: 1190 | V71: 1130 | W71: 1040 | X71: 1040
V72: -13700
E73: 1165,1272.5,1346,1297.5,1316.66666666665,1390,1220,1270,1190,1130,1040,1040
E75: 1165 | F75: 1272.5 | P75: 1346 | Q75: 1297.5 | R75: 1316.6667 | S75: 1390 | T75: 1220 | U75: 1270 | V75: 1190 | W75: 1130 | X75: 1040 | Y75: 1040
B76: tỉ lệ | E76: 27960 | F76: 30540 | P76: 32304 | Q76: 31140 | R76: 31600 | S76: 33360 | T76: 29280 | U76: 30480 | V76: 28560 | W76: 27120 | X76: 24960 | Y76: 24960

Sheet Chai B1- Tháng - Danh
BK2: Năm 2022 | BP2: Năm 2022 | CI2: 2024 | CU2: 2025
BI3: Data | BJ3: 13 | BK3: 1 | BL3: 2 | BM3: 3 | BN3: 4 | BO3: 5 | BP3: T6/22 | BQ3: 7 | BR3: 8 | BS3: 9 | BT3: 10 | BU3: 11 | BV3: 12 | BW3: 1/23 | BX3: 2 | BY3: 3 | BZ3: 4 | CA3: 5 | CB3: 6 | CC3: 7 | CD3: 8 | CE3: 9 | CF3: 10 | CG3: 11 | CH3: 12 | CI3: 1 | CJ3: 2 | CK3: 3 | CL3: 4 | CM3: 5 | CN3: 6 | CO3: 7 | CP3: 8 | CQ3: 9 | CR3: 10 | CS3: 11 | CT3: 12 | CU3: 1 | CV3: 2 | CW3: 3 | CX3: 4 | CY3: 5 | CZ3: 6 | DA3: 7 | DB3: 8 | DC3: 9 | DD3: 10 | DE3: 11
BI4: Tỷ giá USD | BJ4: 22920 | BK4: 23180 | BL4: 23108 | BM4: 23108 | BN4: 23108 | BO4: 23108 | BP4: 23150 | BQ4: 23150 | BR4: 23150 | BS4: 23150 | BT4: 23500 | BU4: 23500 | BV4: 23380 | BW4: 23250 | BX4: 23570 | BY4: 23260 | BZ4: 23260 | CA4: 23295 | CB4: 23330 | CC4: 23380 | CD4: 23840 | CE4: 23960 | CF4: 24280 | CG4: 24730 | CH4: 24930 | CI4: 24210 | CJ4: 24250 | CK4: 24490 | CL4: 24690 | CM4: 25475 | CN4: 25250 | CO4: 25750 | CP4: 25130 | CQ4: 24580 | CR4: 24410 | CS4: 25120 | CT4: 25140 | CU4: 25290 | CV4: 25050 | CW4: 25400 | CX4: 25460 | CY4: 25830 | CZ4: 25880 | DA4: 25920 | DB4: 26030 | DC4: 26180 | DD4: 26183 | DE4: 26107
BI5: Giá keo chính phẩm | BJ5: 1122 | BK5: 1165 | BL5: 1272.5 | BM5: 1346 | BN5: 1297.5 | BO5: 1316.6667 | BP5: =B36*BP4/1000 -> 32178.5 | BQ5: =C36*BQ4/1000 -> 28243 | BR5: =D36*BR4/1000 -> 29400.5 | BS5: =E36*BS4/1000 -> 27548.5 | BT5: =F36*BT4/1000 -> 26555 | BU5: =G36*BU4/1000 -> 24440 | BV5: =H36*BV4/1000 -> 22853.95 | BW5: =I36*BW4/1000 -> 23250 | ... DE5: =AQ36*DE4/1000 -> 20102.39 | DF5: x
BI6: Giá duyệt mua chai B1 | BJ6: 688.17627 | BK6: =BK16/BK4*1000 -> 0 | BL6: =BL16/BL4*1000 -> 0 | BM6: =BM16/BM4*1000 -> 0 | BN6: =BN16/BN4*1000 -> 0 | BO6: =BO16/BO4*1000 -> 0 | BP6: 18000 | BQ6: 18000 | BR6: 18000 | BS6: 16500 | BT6: 16500 | BU6: 16500 | BV6: 15500 | BW6: 14500 | BX6: 14500 | BY6: 15500 | BZ6: 15500 | CA6: 15500 | CB6: 13500 | CC6: 13000 | CD6: 13000 | CE6: 13500 | CF6: 14500 | CG6: 15000 | CH6: 15000 | CI6: 16500 | CJ6: 16500 | CK6: 16500 | CL6: 17500 | CM6: 17500 | CN6: 17500 | CO6: 16500 | CP6: 17000 | CQ6: 17500 | CR6: 17400 | CS6: 17700 | CT6: 17700 | CU6: =+(16800) -> 16800 | CV6: =+(16800) -> 16800 | CW6: =+(17200) -> 17200 | CX6: 18000 | CY6: 17500 | CZ6: 17500 | DA6: 17800 | DB6: 16150 | DC6: =(14500+13500+13000)/3 -> 13666.667 | DD6: 13500 | DE6: 12700
BI7: Giá bale ĐNA | BP7: =BP16*BP4/1000 -> 14237.25 | BQ7: =BQ16*BQ4/1000 -> 13890 | BR7: =BR16*BR4/1000 -> 13156.917 | BS7: =BS16*BS4/1000 -> 13156.917 | BT7: =BT16*BT4/1000 -> 13351.917 | BU7: =BU16*BU4/1000 -> 12220 | BV7: =BV16*BV4/1000 -> 10918.46 | BW7: =BW16*BW4/1000 -> 10776.375 | ... DE7: =DE16*DE4/1000 -> 12087.541
BI8: Giá chai B1 thực tế mua trung bình | BJ8: 15773 | BK8: 15974 | BL8: 15997 | BM8: 16512 | BN8: 17232 | BO8: 17845 | BP8: 17949.169 | BQ8: 18008.203 | BR8: 17709.211 | BS8: 16436.763 | BT8: 16498.897 | BU8: 16968.763 | BV8: 16873.812 | BW8: 14486.456 | BX8: 14337.016 | BY8: 15026.124 | BZ8: 14967.788 | CA8: 14928.984 | CB8: 13867.306 | CC8: 12969.009 | CD8: 12977.364 | CE8: 13498.82 | CF8: 14413.011 | CG8: 15100 | CH8: 15100 | CI8: 16099.441 | CJ8: 16332.331 | CK8: =16233.8475760353+377 -> 16610.848 | CL8: 17757.505 | CM8: 17263.633 | CN8: 17209.798 | CO8: 16215.033 | CP8: 16527.439 | CQ8: 16645.01 | CR8: 16492.39 | CS8: 16673.362 | CT8: 16581.723 | CU8: 16882.91 | CV8: 17173.91 | CW8: 17728.513 | CX8: 18247.4 | CY8: 18589.095 | CZ8: 18684.129 | DA8: 18901.794 | DB8: 18476.756 | DC8: 15949.265 | DD8: 14931.922 | DE8: 14927.828
BI9: Giá chai B1 thể hiện | BJ9: 688.17627 | BK9: 689.12856 | BL9: 692.27107 | BM9: 714.55773 | BN9: 745.71577 | BO9: 772.24338 | BP9: =BP6 -> 18000 | BQ9: =BQ6 -> 18000 | BR9: =BR6 -> 18000 | BS9: =BS6 -> 16500 | BT9: =BT6 -> 16500 | BU9: =BU6 -> 16500 | BV9: =BV6 -> 15500 | BW9: =BW6 -> 14500 | ... DE9: =DE6 -> 12700
BI10: % Keo chính phẩm so với chai B1 | BJ10: 0.63039625 | BK10: 0.69054088 | BL10: 0.83815278 | BM10: 0.88368266 | BN10: 0.73993907 | BO10: 0.70498926 | BP10: =BP13/BP6 -> 0.78769444 | BQ10: =BQ13/BQ6 -> 0.56905556 | BR10: =BR13/BR6 -> 0.63336111 | BS10: =BS13/BS6 -> 0.66960606 | BT10: =BT13/BT6 -> 0.60939394 | BU10: =BU13/BU6 -> 0.48121212 | BV10: =BV13/BV6 -> 0.47444839 | BW10: =BW13/BW6 -> 0.60344828 | ... DE10: =DE13/DE6 -> 0.58286535
BI11: % Giá chính phẩm tháng sau so với tháng trước | BK11: 0.038324421 | BL11: 0.092274678 | BM11: 0.057760314 | BN11: -0.036032689 | BO11: 0.014771997 | BP11: 0.055696203 | BQ11: -0.12230216 | BR11: 0.040983607 | BS11: -0.062992126 | BT11: -0.050420168 | BU11: -0.079646018 | BV11: -0.13495575 | BW11: -0.038461538 | BX11: 0.069053708 | BY11: 0.02 | BZ11: 0.009569378 | CA11: -0.045098039 | CB11: -0.14691943 | CC11: -0.14691943 | CD11: -0.14691943 | CE11: -0.14691943 | CF11: -0.14691943 | CG11: -0.14691943 | CH11: -0.14691943 | CI11: -0.14691943 | CJ11: -0.14691943 | CK11: -0.14691943 | CL11: -0.14691943 | CM11: -0.14691943 | CN11: -0.14691943 | CO11: -0.14691943 | CP11: -0.14691943 | CQ11: -0.14691943 | CR11: -0.14691943 | CS11: -0.14691943 | CT11: -0.14691943 | CU11: -0.14691943 | CV11: -0.14691943 | CW11: -0.14691943 | CX11: -0.14691943 | CY11: -0.14691943 | CZ11: -0.14691943 | DA11: -0.14691943 | DB11: -0.14691943 | DC11: -0.14691943 | DD11: -0.14691943 | DE11: -0.14691943
BI12: % Giá chai B1 tháng sau so với tháng trước | BK12: 0.0013837935 | BL12: 0.00456013 | BM12: 0.032193536 | BN12: 0.043604651 | BO12: 0.035573352 | BP12: 0.0040031347 | BQ12: 0.0032870912 | BR12: -0.017658818 | BS12: -0.070830978 | BT12: -0.011177818 | BU12: 0.028486575 | BV12: -0.0059372285 | BW12: -0.16408421 | BX12: -0.14405873 | BY12: 0.037253294 | BZ12: 0.04399603 | CA12: -0.0064647859 | CB12: -0.06465806 | CC12: -0.06465806 | CD12: -0.06465806 | CE12: -0.06465806 | CF12: -0.06465806 | CG12: -0.06465806 | CH12: -0.06465806 | CI12: -0.06465806 | CJ12: -0.06465806 | CK12: -0.06465806 | CL12: -0.06465806 | CM12: -0.06465806 | CN12: -0.06465806 | CO12: -0.06465806 | CP12: -0.06465806 | CQ12: -0.06465806 | CR12: -0.06465806 | CS12: -0.06465806 | CT12: -0.06465806 | CU12: -0.06465806 | CV12: -0.06465806 | CW12: -0.06465806 | CX12: -0.06465806 | CY12: -0.06465806 | CZ12: -0.06465806 | DA12: -0.06465806 | DB12: -0.06465806 | DC12: -0.06465806 | DD12: -0.06465806 | DE12: -0.06465806
BI13: Chênh lệch | BJ13: 433.82373 | BK13: 475.87144 | BL13: 580.22893 | BM13: 631.44227 | BN13: 551.78423 | BO13: 544.42329 | BP13: =BP5-BP6 -> 14178.5 | BQ13: =BQ5-BQ6 -> 10243 | BR13: =BR5-BR6 -> 11400.5 | BS13: =BS5-BS6 -> 11048.5 | BT13: =BT5-BT6 -> 10055 | BU13: =BU5-BU6 -> 7940 | BV13: =BV5-BV6 -> 7353.95 | BW13: =BW5-BW6 -> 8750 | ... DE13: =DE5-DE6 -> 7402.39
BI14: Giá bán rPET | BK14: 1300 | BL14: 1300 | BM14: 1450 | BN14: 1550 | BO14: 1550 | BP14: 1550 | BQ14: 1550 | BR14: 1480 | BS14: 1409.7447 | BT14: 1409.7447 | BU14: 1379.9766 | BV14: 1330 | BW14: 1330 | BX14: 1330 | BY14: 1380 | BZ14: 1380 | CA14: 1380 | CB14: 1350 | CC14: 1300 | CD14: 1250 | CE14: 1250 | CF14: 1250 | CG14: 1250 | CH14: 1250 | CI14: 1250 | CJ14: 1250 | CK14: 1250 | CL14: 1250 | CM14: 1300 | CN14: 1300 | CO14: 1300 | CP14: 1300 | CQ14: 1310 | CR14: 1325 | CS14: 1325 | CT14: 1325 | CU14: 1325 | CV14: 1250 | CW14: 1250 | CX14: 1250 | CY14: 1250 | CZ14: 1250 | DA14: 1250 | DB14: 1250 | DC14: 1250 | DD14: 1250 | DE14: 1250
BI15: Giá chính phẩm dự báo | BK15: 1165 | BL15: 1272.5 | BM15: 1346 | BN15: 1297.5 | BO15: 1316.6667 | BP15: 1390 | BQ15: 1220 | BR15: 1270 | BS15: 1190 | BT15: 1130 | BU15: 1040 | BV15: 977.5 | BW15: 1000 | BX15: 1045 | BY15: 1020 | BZ15: 1055 | CA15: 974 | CB15: =CB5 -> 20880.35 | CC15: =CC5 -> 21112.14 | CD15: =CD5 -> 21885.12 | CE15: =CE5 -> 22282.8 | CF15: =CF5 -> 22398.3 | CG15: =CG5 -> 22257 | CH15: =CH5 -> 22437 | CI15: =CI5 -> 22515.3 | ... DE15: =DE5 -> 20102.39
BI16: Giá bale ĐNA ( USD) | BP16: 615 | BQ16: 600 | BR16: 568.33333 | BS16: 568.33333 | BT16: 568.16667 | BU16: 520 | BV16: 467 | BW16: 463.5 | BX16: 451.5 | BY16: 471.66667 | BZ16: 501.66667 | CA16: 472.5 | CB16: 454.33333 | CC16: 453 | CD16: 433.2 | CE16: 412.7 | CF16: 419.2 | CG16: 457.4 | CH16: 474.1 | CI16: 474.1 | CJ16: 495.7 | CK16: 494.3 | CL16: 515.7 | CM16: 560 | CN16: 563.5 | CO16: 567.2 | CP16: 579.4 | CQ16: 602 | CR16: 635.5 | CS16: 630.7 | CT16: 613.3 | CU16: 588.8 | CV16: 595.2 | CW16: 595.2 | CX16: 581.8 | CY16: 577.2 | CZ16: 578.7 | DA16: 555 | DB16: 522.6 | DC16: 496.7 | DD16: 463 | DE16: 463
BI17: Giá mua chai B0 | BW17: 8708.4662 | BX17: 9206.5027 | BY17: 10350.583 | BZ17: 10630.801 | CA17: 9861.484 | CB17: 9199.095 | CC17: 8896.0365 | CD17: 9246.3978 | CE17: 9607.8931 | CF17: 10586.188 | CG17: 11153.125 | CH17: 11113.72 | CI17: 11037.143 | CJ17: 11020.853 | CK17: 11214.841 | CL17: 12186.078 | CM17: 12797.389 | CN17: 12681.898 | CO17: 11321.884 | CP17: 11447.006 | CQ17: 11654.137 | CR17: 11518.17 | CS17: 12011.497 | CT17: 11852.302 | CU17: 12060.749 | CV17: 12125.305 | CW17: 12519.736 | CX17: 13075.123 | CY17: 12848.716 | CZ17: 13370.127 | DA17: 13565.086 | DB17: 12327.306 | DC17: 9962.9823 | DD17: 9535.2548 | DE17: 9525.0112 | DF17: Dòng này xin lại của Huyền
BI18: Chênh lệch B1 thực tế và giá keo | CI18: =CI5-CI8 -> 6415.8586 | CJ18: =CJ5-CJ8 -> 6535.419 | CK18: =CK5-CK8 -> 6409.7524 | CL18: =CL5-CL8 -> 5451.0949 | CM18: =CM5-CM8 -> 6733.817 | CN18: =CN5-CN8 -> 6777.7024 | CO18: =CO5-CO8 -> 8195.9673 | CP18: =CP5-CP8 -> 6843.461 | ... DE18: =DE5-DE8 -> 5174.5622
BI19: % B1 TT sv Giá keo | CI19: =IFERROR(CI18/CI15,0) -> 0.2849555 | CJ19: =IFERROR(CJ18/CJ15,0) -> 0.28579196 | CK19: =IFERROR(CK18/CK15,0) -> 0.27843551 | CL19: =IFERROR(CL18/CL15,0) -> 0.23487392 | CM19: =IFERROR(CM18/CM15,0) -> 0.28060552 | CN19: =IFERROR(CN18/CN15,0) -> 0.28255143 | CO19: =IFERROR(CO18/CO15,0) -> 0.33574894 | CP19: =IFERROR(CP18/CP15,0) -> 0.29281975 | ... DE19: =IFERROR(DE18/DE15,0) -> 0.2574103
BI20: Label - Chênh lệch chai B0 TT và giá keo | CI20: =_xlfn.TEXTJOIN(CHAR(10),FALSE,TEXT(CI18,"#,###"),TEXT(CI19,"0.0%")) -> 6,416 28.5% | CJ20: =_xlfn.TEXTJOIN(CHAR(10),FALSE,TEXT(CJ18,"#,###"),TEXT(CJ19,"0.0%")) -> 6,535 28.6% | CK20: =_xlfn.TEXTJOIN(CHAR(10),FALSE,TEXT(CK18,"#,###"),TEXT(CK19,"0.0%")) -> 6,410 27.8% | CL20: =_xlfn.TEXTJOIN(CHAR(10),FALSE,TEXT(CL18,"#,###"),TEXT(CL19,"0.0%")) -> 5,451 23.5% | CM20: =_xlfn.TEXTJOIN(CHAR(10),FALSE,TEXT(CM18,"#,###"),TEXT(CM19,"0.0%")) -> 6,734 28.1% | CN20: =_xlfn.TEXTJOIN(CHAR(10),FALSE,TEXT(CN18,"#,###"),TEXT(CN19,"0.0%")) -> 6,778 28.3% | CO20: =_xlfn.TEXTJOIN(CHAR(10),FALSE,TEXT(CO18,"#,###"),TEXT(CO19,"0.0%")) -> 8,196 33.6% | CP20: =_xlfn.TEXTJOIN(CHAR(10),FALSE,TEXT(CP18,"#,###"),TEXT(CP19,"0.0%")) -> 6,843 29.3% | ... DE20: =_xlfn.TEXTJOIN(CHAR(10),FALSE,TEXT(DE18,"#,###"),TEXT(DE19,"0.0%")) -> 5,175 25.7%
BI21: Line-Trình bày-Chênh lệch B1 thực tế và giá keo | CI21: =CI8+CI18/2 -> 19307.371 | CJ21: =CJ8+CJ18/2 -> 19600.041 | CK21: =CK8+CK18/2 -> 19815.724 | CL21: =CL8+CL18/2 -> 20483.053 | CM21: =CM8+CM18/2 -> 20630.541 | CN21: =CN8+CN18/2 -> 20598.649 | CO21: =CO8+CO18/2 -> 20313.016 | CP21: =CP8+CP18/2 -> 19949.169 | ... DE21: =DE8+DE18/2 -> 17515.109
A35: Tháng | B35: 06/22 | C35: 7 | D35: 8 | E35: 9 | F35: 10 | G35: 11 | H35: 12 | I35: 1/23 | J35: 2 | K35: 3 | L35: 4 | M35: 5 | N35: 6 | O35: 7 | P35: 8 | Q35: 9 | R35: 10 | S35: 11 | T35: 12 | U35: 1.24 | V35: 2 | W35: 3 | X35: 4 | Y35: 5 | Z35: 6 | AA35: 7 | AB35: 8 | AC35: 9 | AD35: 10 | AE35: 11 | AF35: 12 | AG35: 1.25 | AH35: 2 | AI35: 3 | AJ35: 4 | AK35: 5 | AL35: 6 | AM35: 7 | AN35: 8 | AO35: 9 | AP35: 10 | AQ35: 11
A36: Giá RESIN (USD/ Tấn) | B36: 1390 | C36: 1220 | D36: 1270 | E36: 1190 | F36: 1130 | G36: 1040 | H36: 977.5 | I36: 1000 | J36: 1045 | K36: 1020 | L36: 1055 | M36: 974 | N36: 895 | O36: 903 | P36: 918 | Q36: 930 | R36: 922.5 | S36: 900 | T36: 900 | U36: 930 | V36: 943 | W36: 940 | X36: 940 | Y36: 942 | Z36: 950 | AA36: 948 | AB36: 930 | AC36: 880 | AD36: 862.5 | AE36: 852 | AF36: 840 | AG36: 828 | AH36: 840 | AI36: 823 | AJ36: 765 | AK36: 782 | AL36: 807.5 | AM36: 802 | AN36: 795 | AO36: 783 | AP36: 773 | AQ36: 770
A45: 1. Sửa lại Tiêu đề (đã chỉnh biểu đồ bên dưới)
A46: 2. chỉnh lại size để thấy 1 màn hình
A47: 3. biểu đồ trình bày bằng VNĐ/kg, lấy tỷ giá tại ngày cuối tháng
A48: 4. Bảng số liệu chỉ trình bày 1 dòng giá keo chính phẩm bằng usd/tấn
A49: 5. Thêm 1 đường giá thực mua trung bình hàng tháng

Sheet Vảy PET- Tháng
AR3: Data | AS3: 1.23 | AT3: 2 | AU3: 3 | AV3: 4 | AW3: 5 | AX3: 6 | AY3: 7 | AZ3: 8 | BA3: 9 | BB3: 10 | BC3: 11 | BD3: 12 | BE3: 1.24 | BF3: 2 | BG3: 3 | BH3: 4 | BI3: 5 | BJ3: 6 | BK3: 7 | BL3: 8 | BM3: 9 | BN3: 10 | BO3: 11 | BP3: 12 | BQ3: 1.25 | BR3: 2 | BS3: 3 | BT3: 4 | BU3: 5 | BV3: 6 | BW3: 7 | BX3: 8 | BY3: 9 | BZ3: 10 | CA3: 11 | CB3: 12
AR4: Tỷ giá USD | AS4: 23250 | AT4: 23570 | AU4: 23260 | AV4: 23260 | AW4: 23295 | AX4: 23330 | AY4: 23380 | AZ4: 23840 | BA4: 23960 | BB4: 24280 | BC4: 24730 | BD4: 24930 | BE4: 24210 | BF4: 24250 | BG4: 24490 | BH4: 24690 | BI4: 25475 | BJ4: 25250 | BK4: 25270 | BL4: 25130 | BM4: ='Chai B1- Tháng'!CQ4 -> 24580 | BN4: ='Chai B1- Tháng'!CR4 -> 24410 | BO4: ='Chai B1- Tháng'!CS4 -> 25120 | BP4: ='Chai B1- Tháng'!CT4 -> 25140 | BQ4: ='Chai B1- Tháng'!CU4 -> 25290 | BR4: ='Chai B1- Tháng'!CV4 -> 25050 | BS4: ='Chai B1- Tháng'!CW4 -> 25400 | BT4: ='Chai B1- Tháng'!CX4 -> 25460 | ... CB4: ='Chai B1- Tháng'!DF4 -> 26181
AR5: Giá keo chính phẩm | AS5: =C40*AS4/1000 -> 23250 | AT5: =D40*AT4/1000 -> 24630.65 | AU5: =E40*AU4/1000 -> 23725.2 | AV5: =F40*AV4/1000 -> 24539.3 | AW5: =G40*AW4/1000 -> 22689.33 | AX5: =H40*AX4/1000 -> 20880.35 | AY5: =I40*AY4/1000 -> 21112.14 | AZ5: =J40*AZ4/1000 -> 21885.12 | ... BY5: =AI40*BY4/1000 -> 20498.94 | BZ5: ='Chai B1- Tháng'!DD5 -> 20213.276 | CA5: ='Chai B1- Tháng'!DE5 -> 20102.39 | CB5: ='Chai B1- Tháng'!DF5 -> 20159.37
AR6: Giá duyệt mua vảy PET | AS6: 17500 | AT6: 17500 | AU6: 18500 | AV6: 18500 | AW6: 18500 | AX6: 17500 | AY6: 16000 | AZ6: 16000 | BA6: 16500 | BB6: 17500 | BC6: 18100 | BD6: 18100 | BE6: 18100 | BF6: =18500+100 -> 18600 | BG6: =18800+100 -> 18900 | BH6: 19300 | BI6: 19800 | BJ6: 19800 | BK6: 18300 | BL6: 18300 | BM6: =18300+350 -> 18650 | BN6: =18000+350 -> 18350 | BO6: =18000+350+200 -> 18550 | BP6: =18200+350 -> 18550 | BQ6: =18200+350 -> 18550 | BR6: =18500+350 -> 18850 | BS6: =19000+350+200 -> 19550 | BT6: =19700+350 -> 20050 | BU6: =19000+350 -> 19350 | BV6: =19500+350 -> 19850 | BW6: =19500+350 -> 19850 | BX6: =18500+350 -> 18850 | BY6: =(17000+16700+16300)/3 -> 16666.667 | BZ6: 16500 | CA6: 16000 | CB6: 16000
AR7: Giá vảy ĐNA | AS7: =AS14*AS4/1000 -> 22227 | AT7: =AT14*AT4/1000 -> 22462.21 | AU7: =AU14*AU4/1000 -> 21980.7 | AV7: =AV14*AV4/1000 -> 21282.9 | AW7: =AW14*AW4/1000 -> 20336.535 | AX7: =AX14*AX4/1000 -> 19958.815 | AY7: =AY14*AY4/1000 -> 20001.59 | AZ7: =AZ14*AZ4/1000 -> 21587.12 | ... CB7: =CB14*CB4/1000 -> 20562.557
AR8: Giá vảy thể hiện | AS8: =AS6 -> 17500 | AT8: =AT6 -> 17500 | AU8: =AU6 -> 18500 | AV8: =AV6 -> 18500 | AW8: =AW6 -> 18500 | AX8: =AX6 -> 17500 | AY8: =AY6 -> 16000 | AZ8: =AZ6 -> 16000 | ... CB8: =CB6 -> 16000
AR9: Giá vảy PET B1 thực tế mua trung bình | AS9: 17112 | AT9: 17235 | AU9: 17583 | AV9: 17672 | AW9: 17728 | AX9: 16972.6 | AY9: 15973.539 | AZ9: 15985.32 | BA9: 16507.339 | BB9: 16955.713 | BC9: 18100 | BD9: 18100 | BE9: 17983.907 | BF9: 18622.996 | BG9: 19295.577 | BH9: 19576.984 | BI9: 19725.621 | BJ9: 19648.515 | BK9: 17863.337 | BL9: 17899.536 | BM9: 18513.416 | BN9: 18204.855 | BO9: 18460.149 | BP9: 18530.381 | BQ9: 18233.79 | BR9: 18955.246 | BS9: 19549.833 | BT9: 20207.22 | BU9: 19559.258 | BV9: 20221.371 | BW9: 20096.025 | BX9: 19291.318 | BY9: 16751.836 | BZ9: 16016.425 | CA9: 15747.969 | CB9: =CB6 -> 16000
AR10: % Keo chính phẩm so với vảy PET | AS10: =AS5/AS6-1 -> 0.32857143 | AT10: =AT5/AT6-1 -> 0.40746571 | AU10: =AU5/AU6-1 -> 0.28244324 | AV10: =AV5/AV6-1 -> 0.32644865 | AW10: =AW5/AW6-1 -> 0.22645027 | AX10: =AX5/AX6-1 -> 0.19316286 | AY10: =AY5/AY6-1 -> 0.31950875 | AZ10: =AZ5/AZ6-1 -> 0.36782 | ... CB10: =CB5/CB6-1 -> 0.25996062
AR11: Chênh lệch | AS11: =AS5-AS6 -> 5750 | AT11: =AT5-AT6 -> 7130.65 | AU11: =AU5-AU6 -> 5225.2 | AV11: =AV5-AV6 -> 6039.3 | AW11: =AW5-AW6 -> 4189.33 | AX11: =AX5-AX6 -> 3380.35 | AY11: =AY5-AY6 -> 5112.14 | AZ11: =AZ5-AZ6 -> 5885.12 | ... CB11: =CB5-CB6 -> 4159.37
AR12: Giá bán rPET | AS12: 1330 | AT12: 1330 | AU12: 1380 | AV12: 1380 | AW12: 1380 | AX12: 1350 | AY12: 1300 | AZ12: 1250 | BA12: 1250 | BB12: 1250 | BC12: 1250 | BD12: 1250 | BE12: 1250 | BF12: 1250 | BG12: 1250 | BH12: 1250 | BI12: 1300 | BJ12: 1300 | BK12: 1300 | BL12: 1300
AR13: Giá chính phẩm dự báo | AS13: =AS5 -> 23250 | AT13: =AT5 -> 24630.65 | AU13: =AU5 -> 23725.2 | AV13: =AV5 -> 24539.3 | AW13: =AW5 -> 22689.33 | AX13: =AX5 -> 20880.35 | AY13: =AY5 -> 21112.14 | AZ13: =AZ5 -> 21885.12 | ... CB13: =CB5 -> 20159.37
AR14: Giá vảy ĐNA (usd) | AS14: 956 | AT14: 953 | AU14: 945 | AV14: 915 | AW14: 873 | AX14: =+(851+860)/2 -> 855.5 | AY14: =+(851+860)/2 -> 855.5 | AZ14: =(859+952)/2 -> 905.5 | BA14: =(825+941)/2 -> 883 | BB14: =(825+927)/2 -> 876 | BC14: =(840+945)/2 -> 892.5 | BD14: =(840+945)/2 -> 892.5 | BE14: =(840+955)/2 -> 897.5 | BF14: =(840+955)/2 -> 897.5 | BG14: =(840+955)/2 -> 897.5 | BH14: =(860+955)/2 -> 907.5 | BI14: 955 | BJ14: 1015 | BK14: 995 | BL14: 995 | BM14: 1020 | BN14: 1020 | BO14: 1020 | BP14: 1025 | BQ14: 1025 | BR14: 1010 | BS14: 1012.5 | BT14: 1015 | BU14: 1016.5 | BV14: 1047 | BW14: 961.9 | BX14: 914.0625 | BY14: 853.25 | BZ14: 810.2 | CA14: 785.4 | CB14: 785.4
K29: -13700
C30: 1165,1272.5,1346,1297.5,1316.66666666665,1390,1220,1270,1190,1130,1040,1040
C32: 1165 | D32: 1272.5 | E32: 1346 | F32: 1297.5 | G32: 1316.6667 | H32: 1390 | I32: 1220 | J32: 1270 | K32: 1190 | L32: 1130 | M32: 1040 | N32: 1040
B33: tỉ lệ | C33: 27960 | D33: 30540 | E33: 32304 | F33: 31140 | G33: 31600 | H33: 33360 | I33: 29280 | J33: 30480 | K33: 28560 | L33: 27120 | M33: 24960 | N33: 24960
B39: Tháng | C39: 01/23 | D39: 2 | E39: 3 | F39: 4 | G39: 5 | H39: 6 | I39: 7 | J39: 8 | K39: 9 | L39: 10 | M39: 11 | N39: 12 | O39: 1.24 | P39: 2 | Q39: 3 | R39: 4 | S39: 5 | T39: 6 | U39: 7 | V39: 8 | W39: 9 | X39: 10 | Y39: 11 | Z39: 12 | AA39: 1.25 | AB39: 2 | AC39: 3 | AD39: 4 | AE39: 5 | AF39: 6 | AG39: 7 | AH39: 8 | AI39: 9 | AJ39: 10 | AK39: 11 | AL39: 12
B40: Giá Resin (USD/ Tấn) | C40: 1000 | D40: 1045 | E40: 1020 | F40: 1055 | G40: 974 | H40: 895 | I40: 903 | J40: 918 | K40: 930 | L40: 922.5 | M40: 900 | N40: 900 | O40: 930 | P40: 943 | Q40: 940 | R40: 940 | S40: 942 | T40: 950 | U40: 948 | V40: 930 | W40: 880 | X40: 862.5 | Y40: 852 | Z40: 830 | AA40: 828 | AB40: 840 | AC40: 823 | AD40: 765 | AE40: 782 | AF40: 807.5 | AG40: 802 | AH40: 795 | AI40: ='Chai B1- Tháng'!AO36 -> 783 | AJ40: ='Chai B1- Tháng'!AP36 -> 772 | AK40: ='Chai B1- Tháng'!AQ36 -> 770 | AL40: ='Chai B1- Tháng'!AR36 -> 770

Sheet Chart Vảy PET_Tuần
V45: Data | W45: 1 | X45: 2 | Y45: 3 | Z45: 4 | AA45: 5 | AB45: 6 | AC45: 7 | AD45: 8 | AE45: 9 | AF45: 10 | AG45: 11 | AH45: 12 | AI45: 13 | AJ45: 14 | AK45: 15 | AL45: 16 | AM45: 17 | AN45: 18 | AO45: 19 | AP45: 20 | AQ45: 21 | AR45: 22 | AS45: 23 | AT45: 24 | AU45: 25 | AV45: 26 | AW45: 27 | AX45: 28 | AY45: 29 | AZ45: 30 | BA45: 31 | BB45: 32 | BC45: 33 | BD45: 34
V46: Tỷ giá USD | W46: ='Chart B1_Tuần'!BF45 -> 24760 | X46: ='Chart B1_Tuần'!BG45 -> 24200 | Y46: ='Chart B1_Tuần'!BH45 -> 24330 | Z46: ='Chart B1_Tuần'!BI45 -> 24410 | AA46: ='Chart B1_Tuần'!BJ45 -> 24380 | AB46: ='Chart B1_Tuần'!BK45 -> 24220 | AC46: ='Chart B1_Tuần'!BL45 -> 24250 | AD46: ='Chart B1_Tuần'!BM45 -> 24380 | ... BE46: ='Chart B1_Tuần'!CN45 -> 0
V47: Giá keo chính phẩm | W47: =W46*W53/1000 -> 22284 | X47: =X46*X53/1000 -> 22748 | Y47: =Y46*Y53/1000 -> 22870.2 | Z47: =Z46*Z53/1000 -> 22945.4 | AA47: =AA46*AA53/1000 -> 23161 | AB47: =AB46*AB53/1000 -> 22766.8 | AC47: =AC46*AC53/1000 -> 22795 | AD47: =AD46*AD53/1000 -> 22917.2 | ... BD47: =BD46*BD53/1000 -> 23321.4
V48: Giá duyệt mua vảy PET | W48: 18000 | X48: 18000 | Y48: 18000 | Z48: 18000 | AA48: 18500 | AB48: 18500 | AC48: 18500 | AD48: 18500 | AE48: 18500 | AF48: 18500 | AG48: 18500 | AH48: 18500 | AI48: 18500 | AJ48: 19000 | AK48: 19000 | AL48: 19000 | AM48: 19000 | AN48: 19500 | AO48: 19500 | AP48: 19500 | AQ48: 19500 | AR48: 19500 | AS48: 19500 | AT48: 19500 | AU48: 19500 | AV48: 19500 | AW48: 18000 | AX48: 18000 | AY48: 18000 | AZ48: 18000 | BA48: 18000 | BB48: 18000 | BC48: 18000 | BD48: 18000
V49: Giá vảy PET thể hiện | W49: =W48 -> 18000 | X49: =X48 -> 18000 | Y49: =Y48 -> 18000 | Z49: =Z48 -> 18000 | AA49: =AA48 -> 18500 | AB49: =AB48 -> 18500 | AC49: =AC48 -> 18500 | AD49: =AD48 -> 18500 | ... BD49: =BD48 -> 18000
V50: Giá vảy PET thực tế mua trung bình | W50: 17788.268 | X50: 17828.592 | Y50: 17854.223 | Z50: 17920.599 | AA50: 17910.699 | AB50: 17862.172 | AC50: 17862.172 | AD50: 17947.186 | AE50: 18173.051 | AF50: 18673.486 | AG50: 18747.334 | AH50: 18761.632 | AI50: 18757.926 | AJ50: 19026.001 | AK50: 18925.617 | AL50: 18914.749 | AM50: 18943.065 | AN50: 19077.338 | AO50: 19443.202 | AP50: 19415.534 | AQ50: 19403.916 | AR50: 19281.645 | AS50: 19318.549 | AT50: 19421.069 | AU50: 19388.157 | AV50: 19218.54 | AW50: 17763.704 | AX50: 17851.469 | AY50: 17795.9 | AZ50: 17825.036 | BA50: 17796.164 | BB50: 17664.788 | BC50: 17690.789 | BD50: 17605.585
V51: % chính phẩm với vảy PET | W51: =W52/W48 -> 0.238 | X51: =X52/X48 -> 0.26377778 | Y51: =Y52/Y48 -> 0.27056667 | Z51: =Z52/Z48 -> 0.27474444 | AA51: =AA52/AA48 -> 0.25194595 | AB51: =AB52/AB48 -> 0.23063784 | AC51: =AC52/AC48 -> 0.23216216 | AD51: =AD52/AD48 -> 0.23876757 | ... BD51: =BD52/BD48 -> 0.29563333
V52: Chênh lệch | W52: =W47-W48 -> 4284 | X52: =X47-X48 -> 4748 | Y52: =Y47-Y48 -> 4870.2 | Z52: =Z47-Z48 -> 4945.4 | AA52: =AA47-AA48 -> 4661 | AB52: =AB47-AB48 -> 4266.8 | AC52: =AC47-AC48 -> 4295 | AD52: =AD47-AD48 -> 4417.2 | ... BD52: =BD47-BD48 -> 5321.4
V53: Giá chính phẩm USD | W53: ='Chart B1_Tuần'!BF56 -> 900 | X53: ='Chart B1_Tuần'!BG56 -> 940 | Y53: ='Chart B1_Tuần'!BH56 -> 940 | Z53: ='Chart B1_Tuần'!BI56 -> 940 | AA53: ='Chart B1_Tuần'!BJ56 -> 950 | AB53: ='Chart B1_Tuần'!BK56 -> 940 | AC53: ='Chart B1_Tuần'!BL56 -> 940 | AD53: ='Chart B1_Tuần'!BM56 -> 940 | ... BD53: ='Chart B1_Tuần'!CM56 -> 940
B67: Tháng | P67: T6
B68: % chênh lệch giữa keo chính phẩm so với chai B1 | P68: 0.85859936
C69: 1165, | O69: 1272.5, | P69: 1346, | Q69: 1297.5, | R69: 1316.66666666665,1390,1220,1270,1190,1130,1040,1040 | T69: 1270
C71: 1165,1272.5,1346,1297.5,1316.66666666665,1390,1220,1270,1190,1130,1040,1040
C73: 1165 | O73: 1272.5 | P73: 1346 | Q73: 1297.5 | R73: 1316.6667 | S73: 1390 | T73: 1220
B74: tỉ lệ | C74: 27960 | O74: 30540 | P74: 32304 | Q74: 31140 | R74: 31600 | S74: 33360 | T74: 29280

Sheet Vảy PET- Tháng  - Danh
BE2: 2024 | BQ2: 2025
AR3: Data | AS3: 1.23 | AT3: 2 | AU3: 3 | AV3: 4 | AW3: 5 | AX3: 6 | AY3: 7 | AZ3: 8 | BA3: 9 | BB3: 10 | BC3: 11 | BD3: 12 | BE3: 1 | BF3: 2 | BG3: 3 | BH3: 4 | BI3: 5 | BJ3: 6 | BK3: 7 | BL3: 8 | BM3: 9 | BN3: 10 | BO3: 11 | BP3: 12 | BQ3: 1 | BR3: 2 | BS3: 3 | BT3: 4 | BU3: 5 | BV3: 6 | BW3: 7 | BX3: 8 | BY3: 9 | BZ3: 10 | CA3: 11
AR4: Tỷ giá USD | AS4: 23250 | AT4: 23570 | AU4: 23260 | AV4: 23260 | AW4: 23295 | AX4: 23330 | AY4: 23380 | AZ4: 23840 | BA4: 23960 | BB4: 24280 | BC4: 24730 | BD4: 24930 | BE4: 24210 | BF4: 24250 | BG4: 24490 | BH4: 24690 | BI4: 25475 | BJ4: 25250 | BK4: 25270 | BL4: 25130 | BM4: ='Chai B1- Tháng'!CQ4 -> 24580 | BN4: ='Chai B1- Tháng'!CR4 -> 24410 | BO4: ='Chai B1- Tháng'!CS4 -> 25120 | BP4: ='Chai B1- Tháng'!CT4 -> 25140 | BQ4: ='Chai B1- Tháng'!CU4 -> 25290 | BR4: ='Chai B1- Tháng'!CV4 -> 25050 | BS4: ='Chai B1- Tháng'!CW4 -> 25400 | BT4: ='Chai B1- Tháng'!CX4 -> 25460 | ... CA4: ='Chai B1- Tháng'!DE4 -> 26107
AR5: Giá keo chính phẩm | AS5: =C40*AS4/1000 -> 23250 | AT5: =D40*AT4/1000 -> 24630.65 | AU5: =E40*AU4/1000 -> 23725.2 | AV5: =F40*AV4/1000 -> 24539.3 | AW5: =G40*AW4/1000 -> 22689.33 | AX5: =H40*AX4/1000 -> 20880.35 | AY5: =I40*AY4/1000 -> 21112.14 | AZ5: =J40*AZ4/1000 -> 21885.12 | ... CA5: =AK40*CA4/1000 -> 20102.39
AR6: Giá duyệt mua vảy PET | AS6: 17500 | AT6: 17500 | AU6: 18500 | AV6: 18500 | AW6: 18500 | AX6: 17500 | AY6: 16000 | AZ6: 16000 | BA6: 16500 | BB6: 17500 | BC6: 18100 | BD6: 18100 | BE6: 18100 | BF6: =18500+100 -> 18600 | BG6: =18800+100 -> 18900 | BH6: 19300 | BI6: 19800 | BJ6: 19800 | BK6: 18300 | BL6: 18300 | BM6: =18300+350 -> 18650 | BN6: =18000+350 -> 18350 | BO6: =18000+350+200 -> 18550 | BP6: =18200+350 -> 18550 | BQ6: =18200+350 -> 18550 | BR6: =18500+350 -> 18850 | BS6: =19000+350+200 -> 19550 | BT6: =19700+350 -> 20050 | BU6: =19000+350 -> 19350 | BV6: =19500+350 -> 19850 | BW6: =19500+350 -> 19850 | BX6: =18500+350 -> 18850 | BY6: =(17000+16700+16300)/3 -> 16666.667 | BZ6: 16500 | CA6: 16000
AR7: Giá vảy ĐNA | AS7: =AS14*AS4/1000 -> 22227 | AT7: =AT14*AT4/1000 -> 22462.21 | AU7: =AU14*AU4/1000 -> 21980.7 | AV7: =AV14*AV4/1000 -> 21282.9 | AW7: =AW14*AW4/1000 -> 20336.535 | AX7: =AX14*AX4/1000 -> 19958.815 | AY7: =AY14*AY4/1000 -> 20001.59 | AZ7: =AZ14*AZ4/1000 -> 21587.12 | ... CA7: =CA14*CA4/1000 -> 21804.24
AR8: Giá vảy thể hiện | AS8: =AS6 -> 17500 | AT8: =AT6 -> 17500 | AU8: =AU6 -> 18500 | AV8: =AV6 -> 18500 | AW8: =AW6 -> 18500 | AX8: =AX6 -> 17500 | AY8: =AY6 -> 16000 | AZ8: =AZ6 -> 16000 | ... CA8: =CA6 -> 16000
AR9: Giá vảy PET B1 thực tế mua trung bình | AS9: 17112 | AT9: 17235 | AU9: 17583 | AV9: 17672 | AW9: 17728 | AX9: 16972.6 | AY9: 15973.539 | AZ9: 15985.32 | BA9: 16507.339 | BB9: 16955.713 | BC9: 18100 | BD9: 18100 | BE9: 17983.907 | BF9: 18622.996 | BG9: 19295.577 | BH9: 19569.896 | BI9: 19725.621 | BJ9: 19648.515 | BK9: 17878.189 | BL9: 17899.536 | BM9: 18513.416 | BN9: 18204.855 | BO9: 18460.149 | BP9: 18530.381 | BQ9: 18233.79 | BR9: 18955.246 | BS9: 19549.833 | BT9: 20207.22 | BU9: 19559.258 | BV9: 20221.371 | BW9: 20096.025 | BX9: 19291.318 | BY9: 16751.836 | BZ9: 16016.425 | CA9: 15757.62
AR10: % Keo chính phẩm so với vảy PET | AS10: =AS5/AS6-1 -> 0.32857143 | AT10: =AT5/AT6-1 -> 0.40746571 | AU10: =AU5/AU6-1 -> 0.28244324 | AV10: =AV5/AV6-1 -> 0.32644865 | AW10: =AW5/AW6-1 -> 0.22645027 | AX10: =AX5/AX6-1 -> 0.19316286 | AY10: =AY5/AY6-1 -> 0.31950875 | AZ10: =AZ5/AZ6-1 -> 0.36782 | ... CA10: =CA5/CA6-1 -> 0.25639937
AR11: Chênh lệch | AS11: =AS5-AS6 -> 5750 | AT11: =AT5-AT6 -> 7130.65 | AU11: =AU5-AU6 -> 5225.2 | AV11: =AV5-AV6 -> 6039.3 | AW11: =AW5-AW6 -> 4189.33 | AX11: =AX5-AX6 -> 3380.35 | AY11: =AY5-AY6 -> 5112.14 | AZ11: =AZ5-AZ6 -> 5885.12 | ... CA11: =CA5-CA6 -> 4102.39
AR12: Giá bán rPET | AS12: 1330 | AT12: 1330 | AU12: 1380 | AV12: 1380 | AW12: 1380 | AX12: 1350 | AY12: 1300 | AZ12: 1250 | BA12: 1250 | BB12: 1250 | BC12: 1250 | BD12: 1250 | BE12: 1250 | BF12: 1250 | BG12: 1250 | BH12: 1250 | BI12: 1300 | BJ12: 1300 | BK12: 1300 | BL12: 1300
AR13: Giá chính phẩm dự báo | AS13: =AS5 -> 23250 | AT13: =AT5 -> 24630.65 | AU13: =AU5 -> 23725.2 | AV13: =AV5 -> 24539.3 | AW13: =AW5 -> 22689.33 | AX13: =AX5 -> 20880.35 | AY13: =AY5 -> 21112.14 | AZ13: =AZ5 -> 21885.12 | ... CA13: =CA5 -> 20102.39
AR14: Giá vảy ĐNA (usd) | AS14: 956 | AT14: 953 | AU14: 945 | AV14: 915 | AW14: 873 | AX14: =+(851+860)/2 -> 855.5 | AY14: =+(851+860)/2 -> 855.5 | AZ14: =(859+952)/2 -> 905.5 | BA14: =(825+941)/2 -> 883 | BB14: =(825+927)/2 -> 876 | BC14: =(840+945)/2 -> 892.5 | BD14: =(840+945)/2 -> 892.5 | BE14: =(840+955)/2 -> 897.5 | BF14: =(840+955)/2 -> 897.5 | BG14: =(840+955)/2 -> 897.5 | BH14: =(860+955)/2 -> 907.5 | BI14: 955 | BJ14: 1015 | BK14: 995 | BL14: 995 | BM14: 1020 | BN14: 1020 | BO14: 1020 | BP14: 1025 | BQ14: 1025 | BR14: 1010 | BS14: 1012.5 | BT14: 1015 | BU14: 1016.5 | BV14: 1047 | BW14: 961.9 | BX14: 914.0625 | BY14: 853.25 | BZ14: 835.1875 | CA14: 835.1875
AR15: Chênh lệch Vảy thực tế và giá keo | BE15: =BE13-BE9 -> 4531.393 | BF15: =BF13-BF9 -> 4244.7539 | BG15: =BG13-BG9 -> 3725.0231 | BH15: =BH13-BH9 -> 3638.7041 | BI15: =BI13-BI9 -> 4271.8289 | BJ15: =BJ13-BJ9 -> 4338.9852 | BK15: =BK13-BK9 -> 6077.7713 | BL15: =BL13-BL9 -> 5471.3637 | ... CA15: =CA13-CA9 -> 4344.77
AR16: % | BE16: =IFERROR(BE15/BE13,0) -> 0.20125839 | BF16: =IFERROR(BF15/BF13,0) -> 0.18562184 | BG16: =IFERROR(BG15/BG13,0) -> 0.1618126 | BH16: =IFERROR(BH15/BH13,0) -> 0.15678258 | BI16: =IFERROR(BI15/BI13,0) -> 0.17801179 | BJ16: =IFERROR(BJ15/BJ13,0) -> 0.18088526 | BK16: =IFERROR(BK15/BK13,0) -> 0.25370602 | BL16: =IFERROR(BL15/BL13,0) -> 0.2341101 | ... CA16: =IFERROR(CA15/CA13,0) -> 0.21613201
AR17: Label - Chênh lệch Vảy thực tế và giá keo | BE17: =_xlfn.TEXTJOIN(CHAR(10),FALSE,TEXT(BE15,"#,###"),TEXT(BE16,"0.0%")) -> 4,531 20.1% | BF17: =_xlfn.TEXTJOIN(CHAR(10),FALSE,TEXT(BF15,"#,###"),TEXT(BF16,"0.0%")) -> 4,245 18.6% | BG17: =_xlfn.TEXTJOIN(CHAR(10),FALSE,TEXT(BG15,"#,###"),TEXT(BG16,"0.0%")) -> 3,725 16.2% | BH17: =_xlfn.TEXTJOIN(CHAR(10),FALSE,TEXT(BH15,"#,###"),TEXT(BH16,"0.0%")) -> 3,639 15.7% | BI17: =_xlfn.TEXTJOIN(CHAR(10),FALSE,TEXT(BI15,"#,###"),TEXT(BI16,"0.0%")) -> 4,272 17.8% | BJ17: =_xlfn.TEXTJOIN(CHAR(10),FALSE,TEXT(BJ15,"#,###"),TEXT(BJ16,"0.0%")) -> 4,339 18.1% | BK17: =_xlfn.TEXTJOIN(CHAR(10),FALSE,TEXT(BK15,"#,###"),TEXT(BK16,"0.0%")) -> 6,078 25.4% | BL17: =_xlfn.TEXTJOIN(CHAR(10),FALSE,TEXT(BL15,"#,###"),TEXT(BL16,"0.0%")) -> 5,471 23.4% | ... CA17: =_xlfn.TEXTJOIN(CHAR(10),FALSE,TEXT(CA15,"#,###"),TEXT(CA16,"0.0%")) -> 4,345 21.6%
AR18: Line-Trình bày-Chênh lệch Vảy thực tế và giá keo | BE18: =BE9+BE15/2 -> 20249.604 | BF18: =BF9+BF15/2 -> 20745.373 | BG18: =BG9+BG15/2 -> 21158.088 | BH18: =BH9+BH15/2 -> 21389.248 | BI18: =BI9+BI15/2 -> 21861.536 | BJ18: =BJ9+BJ15/2 -> 21818.007 | BK18: =BK9+BK15/2 -> 20917.074 | BL18: =BL9+BL15/2 -> 20635.218 | ... CA18: =CA9+CA15/2 -> 17930.005
K29: -13700
C30: 1165,1272.5,1346,1297.5,1316.66666666665,1390,1220,1270,1190,1130,1040,1040
C32: 1165 | D32: 1272.5 | E32: 1346 | F32: 1297.5 | G32: 1316.6667 | H32: 1390 | I32: 1220 | J32: 1270 | K32: 1190 | L32: 1130 | M32: 1040 | N32: 1040
B33: tỉ lệ | C33: 27960 | D33: 30540 | E33: 32304 | F33: 31140 | G33: 31600 | H33: 33360 | I33: 29280 | J33: 30480 | K33: 28560 | L33: 27120 | M33: 24960 | N33: 24960
B39: Tháng | C39: 01/23 | D39: 2 | E39: 3 | F39: 4 | G39: 5 | H39: 6 | I39: 7 | J39: 8 | K39: 9 | L39: 10 | M39: 11 | N39: 12 | O39: 1.24 | P39: 2 | Q39: 3 | R39: 4 | S39: 5 | T39: 6 | U39: 7 | V39: 8 | W39: 9 | X39: 10 | Y39: 11 | Z39: 12 | AA39: 1.25 | AB39: 2 | AC39: 3 | AD39: 4 | AE39: 5 | AF39: 6 | AG39: 7 | AH39: 8 | AI39: 9 | AJ39: 10 | AK39: 11
B40: Giá Resin (USD/ Tấn) | C40: 1000 | D40: 1045 | E40: 1020 | F40: 1055 | G40: 974 | H40: 895 | I40: 903 | J40: 918 | K40: 930 | L40: 922.5 | M40: 900 | N40: 900 | O40: 930 | P40: 943 | Q40: 940 | R40: 940 | S40: 942 | T40: 950 | U40: 948 | V40: 930 | W40: 880 | X40: 862.5 | Y40: 852 | Z40: 830 | AA40: 828 | AB40: 840 | AC40: 823 | AD40: 765 | AE40: 782 | AF40: 807.5 | AG40: 802 | AH40: 795 | AI40: 783 | AJ40: 773 | AK40: 770

Sheet HDPE- Tháng
AP3: Data | AQ3: 1.23 | AR3: 2 | AS3: 3 | AT3: 4 | AU3: 5 | AV3: 6 | AW3: 7 | AX3: 8 | AY3: 9 | AZ3: 10 | BA3: 11 | BB3: 12 | BC3: 1.24 | BD3: 2 | BE3: 3 | BF3: 4 | BG3: 5 | BH3: 6 | BI3: 7 | BJ3: 8 | BK3: 9 | BL3: 10 | BM3: 11 | BN3: 12 | BO3: 1.25 | BP3: 2 | BQ3: 3 | BR3: 4 | BS3: 5 | BT3: 6 | BU3: 7 | BV3: 8 | BW3: 9 | BX3: 10 | BY3: 11 | BZ3: 12
AP4: Tỷ giá USD | AQ4: 23250 | AR4: 23570 | AS4: 23260 | AT4: 23260 | AU4: 23295 | AV4: 23330 | AW4: 23380 | AX4: 23840 | AY4: 23960 | AZ4: 24280 | BA4: 24730 | BB4: 24930 | BC4: 24210 | BD4: 24250 | BE4: 24490 | BF4: 24690 | BG4: 25475 | BH4: 25250 | BI4: 25270 | BJ4: 25130 | BK4: ='Chai B1- Tháng'!CQ4 -> 24580 | BL4: ='Chai B1- Tháng'!CR4 -> 24410 | BM4: ='Chai B1- Tháng'!CS4 -> 25120 | BN4: ='Chai B1- Tháng'!CT4 -> 25140 | BO4: ='Chai B1- Tháng'!CU4 -> 25290 | BP4: ='Chai B1- Tháng'!CV4 -> 25050 | BQ4: ='Chai B1- Tháng'!CW4 -> 25400 | BR4: ='Chai B1- Tháng'!CX4 -> 25460 | ... BZ4: ='Chai B1- Tháng'!DF4 -> 26181
AP5: Giá keo chính phẩm | AQ5: =C37*AQ4/1000 -> 23656.875 | AR5: =D37*AR4/1000 -> 25750.225 | AS5: =E37*AS4/1000 -> 24946.35 | AT5: =F37*AT4/1000 -> 24423 | AU5: =G37*AU4/1000 -> 24319.98 | AV5: =H37*AV4/1000 -> 22630.1 | AW5: =I37*AW4/1000 -> 22444.8 | AX5: =J37*AX4/1000 -> 24030.72 | ... BZ5: =AL37*BZ4/1000 -> 21075.705
AP6: Giá duyệt mua vảy HDPE | AQ6: 21500 | AR6: 21500 | AS6: 21500 | AT6: 21500 | AU6: 21500 | AV6: 23000 | AW6: 23000 | AX6: 22500 | AY6: 22500 | AZ6: 22500 | BA6: 22500 | BB6: 22500 | BC6: 22500 | BD6: 22500 | BE6: 22000 | BF6: 22000 | BG6: 22000 | BH6: 22000 | BI6: 22000 | BJ6: 22000 | BK6: 22000 | BL6: 22000 | BM6: 21500 | BN6: 21500 | BO6: 21500 | BP6: 21500 | BQ6: 21500 | BR6: 21500 | BS6: 21500 | BT6: 21500 | BU6: 21500 | BV6: 21500 | BW6: 21500 | BX6: 19000 | BY6: 19000 | BZ6: 19000
AP7: Giá vảy thể hiện | AQ7: =AQ6 -> 21500 | AR7: =AR6 -> 21500 | AS7: =AS6 -> 21500 | AT7: =AT6 -> 21500 | AU7: =AU6 -> 21500 | AV7: =AV6 -> 23000 | AW7: =AW6 -> 23000 | AX7: =AX6 -> 22500 | ... BZ7: =BZ6 -> 19000
AP8: Giá vảy HDPE thực tế mua trung bình | AQ8: 21459.854 | AR8: 21913.814 | AS8: 23693.617 | AT8: 23254.478 | AU8: 21149.963 | AV8: 22556.707 | AW8: 21609.954 | AX8: 22500 | AY8: 21919.955 | AZ8: 22500 | BA8: 21972.366 | BB8: 21437.84 | BC8: 21039.935 | BD8: 20908.249 | BE8: 20865.772 | BF8: 20642.052 | BG8: 20686.277 | BH8: 21223.584 | BI8: 21243.396 | BJ8: 21527.191 | BK8: 21819.831 | BL8: 21769.364 | BM8: 21713.979 | BN8: 19595.344 | BO8: 21500 | BP8: 21500 | BQ8: 21500 | BR8: 21500 | BS8: 19979.618 | BT8: 19768.934 | BU8: 19426.363 | BV8: 19500 | BW8: 19470.422 | BX8: 18500 | BY8: 18018.325 | BZ8: =BZ7 -> 19000
AP9: % Keo chính phẩm so với vảy HDPE | AQ9: =AQ5/AQ6-1 -> 0.10031977 | AR9: =AR5/AR6-1 -> 0.19768488 | AS9: =AS5/AS6-1 -> 0.16029535 | AT9: =AT5/AT6-1 -> 0.13595349 | AU9: =AU5/AU6-1 -> 0.13116186 | AV9: =AV5/AV6-1 -> -0.016082609 | AW9: =AW5/AW6-1 -> -0.02413913 | AX9: =AX5/AX6-1 -> 0.068032 | ... BZ9: =BZ5/BZ6-1 -> 0.10924763
AP10: Chênh lệch | AQ10: =AQ5-AQ6 -> 2156.875 | AR10: =AR5-AR6 -> 4250.225 | AS10: =AS5-AS6 -> 3446.35 | AT10: =AT5-AT6 -> 2923 | AU10: =AU5-AU6 -> 2819.98 | AV10: =AV5-AV6 -> -369.9 | AW10: =AW5-AW6 -> -555.2 | AX10: =AX5-AX6 -> 1530.72 | ... BZ10: =BZ5-BZ6 -> 2075.705
AP11: Giá bán rHDPE | AQ11: 1400 | AR11: 1400 | AS11: 1400 | AT11: 1530 | AU11: 1530 | AV11: 1530 | AW11: 1450 | AX11: 1400 | AY11: 1400 | AZ11: 1400 | BA11: 1400 | BB11: 1400 | BC11: 1400 | BD11: 1400 | BE11: 1400 | BF11: 1400 | BG11: 1400 | BH11: 1400 | BI11: 1400 | BJ11: 1400 | BK11: 1400 | BL11: 1400 | BM11: 1400 | BN11: 1400
AP12: Giá chính phẩm dự báo | AQ12: =AQ5 -> 23656.875 | AR12: =AR5 -> 25750.225 | AS12: =AS5 -> 24946.35 | AT12: =AT5 -> 24423 | AU12: =AU5 -> 24319.98 | AV12: =AV5 -> 22630.1 | AW12: =AW5 -> 22444.8 | AX12: =AX5 -> 24030.72 | ... BZ12: =BZ5 -> 21075.705
AP13: Giá vảy ĐNA (USD) | AQ13: 779.5 | AR13: 785.25 | AS13: 763 | AT13: 802.25 | AU13: 804.38 | AV13: 749.25 | AW13: 719.94 | AX13: 714.7 | AY13: 723.13 | AZ13: 721.69 | BA13: 730.15 | BB13: 738.25 | BC13: 733.5 | BD13: 725.75 | BE13: 722.25 | BF13: 727 | BG13: 716.75
B36: Tháng | C36: 01/23 | D36: 2 | E36: 3 | F36: 4 | G36: 5 | H36: 6 | I36: 7 | J36: 8 | K36: 9 | L36: 10 | M36: 11 | N36: 12 | O36: 1.24 | P36: 2 | Q36: 3 | R36: 4 | S36: 5 | T36: 6 | U36: 7 | V36: 8 | W36: 9 | X36: 10 | Y36: 11 | Z36: 12 | AA36: 1.25 | AB36: 2 | AC36: 3 | AD36: 4 | AE36: 5 | AF36: 6 | AG36: 7 | AH36: 8 | AI36: 9 | AJ36: 10 | AK36: 11 | AL36: 12
B37: Giá Resin (USD/ Tấn) | C37: 1017.5 | D37: 1092.5 | E37: 1072.5 | F37: 1050 | G37: 1044 | H37: 970 | I37: 960 | J37: 1008 | K37: 1027.5 | L37: 1020 | M37: 955 | N37: 928 | O37: 940 | P37: 990 | Q37: 985 | R37: 963 | S37: 982 | T37: 1000 | U37: 1000 | V37: 984 | W37: 968 | X37: 965 | Y37: 974 | Z37: 956 | AA37: 940 | AB37: 918 | AC37: 896 | AD37: 891.5 | AE37: 864 | AF37: 833 | AG37: 833 | AH37: 815 | AI37: 813 | AJ37: 805 | AK37: 805 | AL37: 805

Sheet Chart HDPE_Tuần
AK48: Data | AL48: 1 | AM48: 2 | AN48: 3 | AO48: 4 | AP48: 5 | AQ48: 6 | AR48: 7 | AS48: 8 | AT48: 9 | AU48: 10 | AV48: 11 | AW48: 12 | AX48: 13 | AY48: 14 | AZ48: 15 | BA48: 16 | BB48: 17 | BC48: 18 | BD48: 19 | BE48: 20 | BF48: 21 | BG48: 22 | BH48: 23 | BI48: 24 | BJ48: 25 | BK48: 26 | BL48: 27 | BM48: 28 | BN48: 29 | BO48: 30 | BP48: 31 | BQ48: 32 | BR48: 33 | BS48: 34 | BT48: 35 | BU48: 36 | BV48: 37 | BW48: 38
AK49: Tỷ giá USD | AL49: ='Chart Vảy PET_Tuần'!W46 -> 24760 | AM49: ='Chart Vảy PET_Tuần'!X46 -> 24200 | AN49: ='Chart Vảy PET_Tuần'!Y46 -> 24330 | AO49: ='Chart Vảy PET_Tuần'!Z46 -> 24410 | AP49: ='Chart Vảy PET_Tuần'!AA46 -> 24380 | AQ49: ='Chart Vảy PET_Tuần'!AB46 -> 24220 | AR49: ='Chart Vảy PET_Tuần'!AC46 -> 24250 | AS49: ='Chart Vảy PET_Tuần'!AD46 -> 24380 | ... BW49: ='Chart Vảy PET_Tuần'!BH46 -> 0
AK50: Giá keo chính phẩm | AL50: =AL57*AL49/1000 -> 22779.2 | AM50: =AM57*AM49/1000 -> 22990 | AN50: =AN57*AN49/1000 -> 23113.5 | AO50: =AO57*AO49/1000 -> 23677.7 | AP50: =AP57*AP49/1000 -> 23892.4 | AQ50: =AQ57*AQ49/1000 -> 24220 | AR50: =AR57*AR49/1000 -> 24250 | AS50: =AS57*AS49/1000 -> 24380 | ... BS50: =BS57*BS49/1000 -> 24065.7
AK51: Giá duyệt mua vảy HDPE | AL51: 22500 | AM51: 22500 | AN51: 22500 | AO51: 22500 | AP51: 22500 | AQ51: 22500 | AR51: 22500 | AS51: 22500 | AT51: 22000 | AU51: 22000 | AV51: 22000 | AW51: 22000 | AX51: 22000 | AY51: 22000 | AZ51: 22000 | BA51: 22000 | BB51: 22000 | BC51: 22000 | BD51: 22000 | BE51: 22000 | BF51: 22000 | BG51: 22000 | BH51: 22000 | BI51: 22000 | BJ51: 22000 | BK51: 22000 | BL51: 22000 | BM51: 22000 | BN51: 22000 | BO51: 22000 | BP51: 22000 | BQ51: 22000 | BR51: 22000 | BS51: 22000
AK52: Giá chai B1 (VND) | AL52: 14478 | AM52: 14475 | AN52: 14563 | AP52: 14490 | AQ52: 14412 | AR52: 14284 | AS52: 14304 | AT52: 14867 | AU52: 15023 | AV52: 15052 | AW52: 14979 | AX52: 15024 | AY52: 14984 | AZ52: 14930 | BA52: 14990 | BB52: 14977 | BC52: 15059 | BD52: 14919 | BE52: 14855 | BF52: 14855 | BG52: 15606 | BH52: 14374 | BI52: 13971 | BJ52: 13972 | BK52: 13973
AK53: Giá vảy HDPE thể hiện | AL53: =AL51 -> 22500 | AM53: =AM51 -> 22500 | AN53: =AN51 -> 22500 | AO53: =AO51 -> 22500 | AP53: =AP51 -> 22500 | AQ53: =AQ51 -> 22500 | AR53: =AR51 -> 22500 | AS53: =AS51 -> 22500 | ... BS53: =BS51 -> 22000
AK54: Giá vảy HDPE thực tế mua trung bình | AL54: 19562.767 | AM54: 21250.051 | AN54: 21289.924 | AO54: 20703.298 | AP54: 21219.147 | AQ54: 20903.511 | AR54: 20903.511 | AS54: 21130.708 | AT54: 20482.665 | AU54: 20918.067 | AV54: 20783.794 | AW54: 20829.489 | AX54: 21098.585 | AY54: 20626.811 | AZ54: 20556.872 | BA54: 20627.343 | BB54: 20654.791 | BC54: 20800 | BD54: 20910.271 | BE54: 20428.294 | BF54: 20745.82 | BG54: 20769.394 | BH54: 21233.117 | BI54: 21200 | BJ54: 21229.627 | BK54: 21226.434 | BL54: 21200 | BM54: 21246.761 | BN54: 21243.721 | BO54: 21262.867 | BP54: 21200 | BQ54: 21517.662 | BR54: 21200 | BS54: 21863.485
AK55: % chính phẩm với vảy HDPE | AL55: =AL56/AL51 -> 0.012408889 | AM55: =AM56/AM51 -> 0.021777778 | AN55: =AN56/AN51 -> 0.027266667 | AO55: =AO56/AO51 -> 0.052342222 | AP55: =AP56/AP51 -> 0.061884444 | AQ55: =AQ56/AQ51 -> 0.076444444 | AR55: =AR56/AR51 -> 0.077777778 | AS55: =AS56/AS51 -> 0.083555556 | ... BS55: =BS56/BS51 -> 0.093895455
AK56: Chênh lệch | AL56: =AL50-AL51 -> 279.2 | AM56: =AM50-AM51 -> 490 | AN56: =AN50-AN51 -> 613.5 | AO56: =AO50-AO51 -> 1177.7 | AP56: =AP50-AP51 -> 1392.4 | AQ56: =AQ50-AQ51 -> 1720 | AR56: =AR50-AR51 -> 1750 | AS56: =AS50-AS51 -> 1880 | ... BS56: =BS50-BS51 -> 2065.7
AK57: Giá chính phẩm USD | AL57: 920 | AM57: 950 | AN57: 950 | AO57: 970 | AP57: 980 | AQ57: 1000 | AR57: 1000 | AS57: 1000 | AT57: 1000 | AU57: 1000 | AV57: 980 | AW57: 980 | AX57: 980 | AY57: 960 | AZ57: 960 | BA57: 960 | BB57: 970 | BC57: 970 | BD57: 980 | BE57: 980 | BF57: 980 | BG57: 1000 | BH57: 1000 | BI57: 1000 | BJ57: 1000 | BK57: 1000 | BL57: 1000 | BM57: 1000 | BN57: 1000 | BO57: 1000 | BP57: 1000 | BQ57: 1000 | BR57: 980 | BS57: 970
B72: Tháng | P72: T6 | X72: T12 | Z72: GAP giữa T6 & T12
B73: % chênh lệch giữa keo chính phẩm so với chai B1 | P73: 0.85859936 | X73: 0.49014925 | Z73: 0.36845011
N74: 1165, | O74: 1272.5, | P74: 1346, | Q74: 1297.5, | R74: 1316.66666666665,1390,1220,1270,1190,1130,1040,1040 | T74: 1270 | U74: 1190 | V74: 1130 | W74: 1040 | X74: 1040
V75: -13700
N76: 1165,1272.5,1346,1297.5,1316.66666666665,1390,1220,1270,1190,1130,1040,1040
N78: 1165 | O78: 1272.5 | P78: 1346 | Q78: 1297.5 | R78: 1316.6667 | S78: 1390 | T78: 1220 | U78: 1270 | V78: 1190 | W78: 1130 | X78: 1040 | Y78: 1040
B79: tỉ lệ | N79: 27960 | O79: 30540 | P79: 32304 | Q79: 31140 | R79: 31600 | S79: 33360 | T79: 29280 | U79: 30480 | V79: 28560 | W79: 27120 | X79: 24960 | Y79: 24960

Sheet PP- Tháng
AP3: Data | AQ3: 1.23 | AR3: 2 | AS3: 3 | AT3: 4 | AU3: 5 | AV3: 6 | AW3: 7 | AX3: 8 | AY3: 9 | AZ3: 10 | BA3: 11 | BB3: 12 | BC3: 1.24 | BD3: 2 | BE3: 3 | BF3: 4 | BG3: 5 | BH3: 6 | BI3: 7 | BJ3: 8 | BK3: 9 | BL3: 10 | BM3: 11 | BN3: 12 | BO3: 1.25 | BP3: 2 | BQ3: 3 | BR3: 4 | BS3: 5 | BT3: 6 | BU3: 7 | BV3: 8 | BW3: 9 | BX3: 10 | BY3: 11 | BZ3: 12
AP4: Tỷ giá USD | AQ4: 23250 | AR4: 23570 | AS4: 23260 | AT4: 23260 | AU4: 23295 | AV4: 23330 | AW4: 23380 | AX4: 23840 | AY4: 23960 | AZ4: 24280 | BA4: 24730 | BB4: 24930 | BC4: 24210 | BD4: 24250 | BE4: 24490 | BF4: 24690 | BG4: 25475 | BH4: 25250 | BI4: 25270 | BJ4: 25130 | BK4: ='Chai B1- Tháng'!CQ4 -> 24580 | BL4: ='Chai B1- Tháng'!CR4 -> 24410 | BM4: ='Chai B1- Tháng'!CS4 -> 25120 | BN4: ='Chai B1- Tháng'!CT4 -> 25140 | BO4: ='Chai B1- Tháng'!CU4 -> 25290 | BP4: ='Chai B1- Tháng'!CV4 -> 25050 | BQ4: ='Chai B1- Tháng'!CW4 -> 25400 | BR4: ='Chai B1- Tháng'!CX4 -> 25460 | ... BZ4: ='Chai B1- Tháng'!DF4 -> 26181
AP5: Giá keo chính phẩm | AQ5: =C37*AQ4/1000 -> 24296.25 | AR5: =D37*AR4/1000 -> 25632.375 | AS5: =E37*AS4/1000 -> 24190.4 | AT5: =F37*AT4/1000 -> 23899.65 | AU5: =G37*AU4/1000 -> 22537.912 | AV5: =H37*AV4/1000 -> 20705.375 | AW5: =I37*AW4/1000 -> 21042 | AX5: =J37*AX4/1000 -> 22838.72 | ... BZ5: =AL37*BZ4/1000 -> 21730.23
AP6: Giá duyệt mua PP | AQ6: 16000 | AR6: 16000 | AS6: 16000 | AT6: 16000 | AU6: 16000 | AV6: 16000 | AW6: 16000 | AX6: 16000 | AY6: 16000 | AZ6: 16000 | BA6: 16000 | BB6: 16000 | BC6: 16000 | BD6: 16000 | BE6: 16000 | BF6: 16000 | BG6: 16000 | BH6: 16000 | BI6: 16000 | BJ6: 16000 | BK6: 16000 | BL6: 16000 | BM6: 16000 | BN6: 16000 | BO6: 18500 | BP6: 19000 | BQ6: 19000 | BR6: 19000 | BS6: 19000 | BT6: 19000 | BU6: 19000 | BV6: 19000 | BW6: 19000 | BX6: 19000 | BY6: 19000 | BZ6: 19000
AP7: Giá PP ĐNA | AQ7: =AQ14*AQ4/1000 -> 10776.375 | AR7: =AR14*AR4/1000 -> 10641.855 | AS7: =AS14*AS4/1000 -> 10970.967 | AT7: =AT14*AT4/1000 -> 11668.767 | AU7: =AU14*AU4/1000 -> 11006.888 | AV7: =AV14*AV4/1000 -> 10599.597 | AW7: =AW14*AW4/1000 -> 10622.313 | AX7: =AX14*AX4/1000 -> 10831.307 | AY7: =AY14*AY4/1000 -> 10885.827
AP8: Giá PP thực tế mua trung bình | AQ8: 12425.041 | AR8: 14989.244 | AS8: 14008.541 | AT8: 14615.755 | AV8: 14005.42 | AW8: 13649.971 | AX8: 14742.557 | AY8: 14761.513 | AZ8: 15600.855 | BA8: 14540.123 | BB8: 16000 | BC8: 15533.659 | BD8: 15648.437 | BE8: 15420.187 | BF8: 15972.617 | BG8: 15813.837 | BH8: 15714.946 | BI8: 15790.001 | BJ8: 15000 | BK8: 16000 | BL8: 16000 | BM8: 16000 | BN8: 16000 | BO8: =BO6 -> 18500 | BP8: 18500 | BQ8: 19000 | BR8: =BR6 -> 19000 | BS8: =BS6 -> 19000 | BT8: 14200 | BU8: =BU6 -> 19000 | BV8: 18044.319 | BW8: 19000 | BX8: =BX6 -> 19000 | BY8: =BY6 -> 19000 | BZ8: =BZ6 -> 19000
AP9: Giá PP thể hiện | AQ9: =AQ6 -> 16000 | AR9: =AR6 -> 16000 | AS9: =AS6 -> 16000 | AT9: =AT6 -> 16000 | AU9: =AU6 -> 16000 | AV9: =AV6 -> 16000 | AW9: =AW6 -> 16000 | AX9: =AX6 -> 16000 | ... BZ9: =BZ6 -> 19000
AP10: % Keo chính phẩm so với PP | AQ10: =AQ11/AQ13 -> 0.34146216 | AR10: =AR11/AR13 -> 0.37578941 | AS10: =AS11/AS13 -> 0.33858059 | AT10: =AT11/AT13 -> 0.33053413 | AU10: =AU11/AU13 -> 0.2900851 | AV10: =AV11/AV13 -> 0.22725379 | AW10: =AW11/AW13 -> 0.23961601 | AX10: =AX11/AX13 -> 0.29943534 | ... BZ10: =BZ11/BZ13 -> 0.12564202
AP11: Chênh lệch | AQ11: =AQ5-AQ6 -> 8296.25 | AR11: =AR5-AR6 -> 9632.375 | AS11: =AS5-AS6 -> 8190.4 | AT11: =AT5-AT6 -> 7899.65 | AU11: =AU5-AU6 -> 6537.9125 | AV11: =AV5-AV6 -> 4705.375 | AW11: =AW5-AW6 -> 5042 | AX11: =AX5-AX6 -> 6838.72 | ... BZ11: =BZ5-BZ6 -> 2730.23
AP12: Giá bán rPP | AQ12: 1100 | AR12: 1100 | AS12: 1100 | AT12: 1100 | AU12: 1087.5 | AV12: 1050 | AW12: 1050 | AX12: 950 | AY12: 950 | AZ12: 950 | BA12: 950 | BB12: 950 | BC12: 930
AP13: Giá chính phẩm dự báo | AQ13: =AQ5 -> 24296.25 | AR13: =AR5 -> 25632.375 | AS13: =AS5 -> 24190.4 | AT13: =AT5 -> 23899.65 | AU13: =AU5 -> 22537.912 | AV13: =AV5 -> 20705.375 | AW13: =AW5 -> 21042 | AX13: =AX5 -> 22838.72 | ... BZ13: =BZ5 -> 21730.23
AP14: Giá PP ĐNA (USD) | AQ14: 463.5 | AR14: 451.5 | AS14: 471.66667 | AT14: 501.66667 | AU14: 472.5 | AV14: 454.33333 | AW14: 454.33333 | AX14: 454.33333 | AY14: 454.33333
B36: Tháng | C36: 1 | D36: 2 | E36: 3 | F36: 4 | G36: 5 | H36: 6 | I36: 7 | J36: 8 | K36: 9 | L36: 10 | M36: 11 | N36: 12 | O36: 1.24 | P36: 2 | Q36: 3 | R36: 4 | S36: 5 | T36: 6 | U36: 7 | V36: 8 | W36: 9 | X36: 10 | Y36: 11 | Z36: 12 | AA36: 1.25 | AB36: 2 | AC36: 3 | AD36: 4 | AE36: 5 | AF36: 6 | AG36: 7 | AH36: 8 | AI36: 9 | AJ36: 10 | AK36: 11 | AL36: 12
B37: Giá Resin (USD/ Tấn) | C37: 1045 | D37: 1087.5 | E37: 1040 | F37: 1027.5 | G37: 967.5 | H37: 887.5 | I37: 900 | J37: 958 | K37: 980 | L37: 967.5 | M37: 927.5 | N37: 926 | O37: 962.5 | P37: 986.66667 | Q37: 990 | R37: 993 | S37: 1002 | T37: 1025 | U37: 1020 | V37: 970 | W37: 955 | X37: 957 | Y37: 968 | Z37: 960 | AA37: 970 | AB37: 985 | AC37: 980 | AD37: 965 | AE37: 932 | AF37: 922.5 | AG37: 918 | AH37: 895 | AI37: 870 | AJ37: 842 | AK37: 830 | AL37: 830

Sheet Chart PP- Tuần
Z3: Data | AA3: 1 | AB3: 2 | AC3: 3 | AD3: 4 | AE3: 5 | AF3: 6 | AG3: 7 | AH3: 8 | AI3: 9 | AJ3: 10 | AK3: 11 | AL3: 12 | AM3: 13 | AN3: 14 | AO3: 15 | AP3: 16 | AQ3: 17 | AR3: 18 | AS3: 19 | AT3: 20 | AU3: 21 | AV3: 22 | AW3: 23 | AX3: 24 | AY3: 25 | AZ3: 26 | BA3: 27 | BB3: 28 | BC3: 29 | BD3: 30 | BE3: 31 | BF3: 32 | BG3: 33 | BH3: 34 | BI3: 35 | BJ3: 36 | BK3: 37 | BL3: 38
Z4: Tỷ giá USD | AA4: ='Chart HDPE_Tuần'!AL49 -> 24760 | AB4: ='Chart HDPE_Tuần'!AM49 -> 24200 | AC4: ='Chart HDPE_Tuần'!AN49 -> 24330 | AD4: ='Chart HDPE_Tuần'!AO49 -> 24410 | AE4: ='Chart HDPE_Tuần'!AP49 -> 24380 | AF4: ='Chart HDPE_Tuần'!AQ49 -> 24220 | AG4: ='Chart HDPE_Tuần'!AR49 -> 24250 | AH4: ='Chart HDPE_Tuần'!AS49 -> 24380 | ... BG4: ='Chart HDPE_Tuần'!BR49 -> 24970
Z5: Giá keo chính phẩm | AA5: =AA12*AA4/1000 -> 23026.8 | AB5: =AB12*AB4/1000 -> 23474 | AC5: =AC12*AC4/1000 -> 23600.1 | AD5: =AD12*AD4/1000 -> 23921.8 | AE5: =AE12*AE4/1000 -> 24380 | AF5: =AF12*AF4/1000 -> 23735.6 | AG5: =AG12*AG4/1000 -> 23765 | AH5: =AH12*AH4/1000 -> 23892.4 | ... BG5: =BG12*BG4/1000 -> 24220.9
Z6: Giá duyệt mua PP | AA6: 16000 | AB6: 16000 | AC6: 16000 | AD6: 16000 | AE6: 16000 | AF6: 16000 | AG6: 16000 | AH6: 16000 | AI6: 16000 | AJ6: 16000 | AK6: 16000 | AL6: 16000 | AM6: 16000 | AN6: 16000 | AO6: 16000 | AP6: 16000 | AQ6: 16000 | AR6: 16000 | AS6: 16000 | AT6: 16000 | AU6: 16000 | AV6: 16000 | AW6: 16000 | AX6: 16000 | AY6: 16000 | AZ6: 16000 | BA6: 16000 | BB6: 16000 | BC6: 16000 | BD6: 16000 | BE6: 16000 | BF6: 16000 | BG6: 16000
Z7: Giá PP ĐNA | AA7: =#REF!*AA4/1000 -> #REF! | AB7: =#REF!*AB4/1000 -> #REF! | AC7: =#REF!*AC4/1000 -> #REF! | AD7: =#REF!*AD4/1000 -> #REF! | AE7: =#REF!*AE4/1000 -> #REF! | AF7: =#REF!*AF4/1000 -> #REF! | AG7: =#REF!*AG4/1000 -> #REF! | AH7: =#REF!*AH4/1000 -> #REF! | AI7: =#REF!*AI4/1000 -> #REF!
Z8: Giá PP thực tế mua trung bình | AA8: 15756.954 | AB8: 15913.348 | AC8: 14862.72 | AD8: 15432.377 | AH8: 15920.135 | AI8: 15534.328 | AJ8: 15429.433 | AK8: 15715.491 | AL8: 15416.287 | AM8: 15255.335 | AN8: 15921.436 | AO8: 15754.021 | AP8: 15830.912 | AQ8: 15433.527 | AR8: 16000 | AS8: 15829.519 | AT8: 15815.815 | AU8: 15808.779 | AV8: 15725.891 | AW8: 16000 | AX8: 15717.656 | AY8: 15808.753 | AZ8: 15499.943 | BA8: 15602.37 | BB8: 15749.952 | BC8: 16000 | BE8: 16400
Z9: Giá PP thể hiện | AA9: =AA6 -> 16000 | AB9: =AB6 -> 16000 | AC9: =AC6 -> 16000 | AD9: =AD6 -> 16000 | AE9: =AE6 -> 16000 | AF9: =AF6 -> 16000 | AG9: =AG6 -> 16000 | AH9: =AH6 -> 16000 | ... BG9: =BG6 -> 16000
Z10: % Keo chính phẩm so với PP | AA10: =AA11/AA6 -> 0.439175 | AB10: =AB11/AB6 -> 0.467125 | AC10: =AC11/AC6 -> 0.47500625 | AD10: =AD11/AD6 -> 0.4951125 | AE10: =AE11/AE6 -> 0.52375 | AF10: =AF11/AF6 -> 0.483475 | AG10: =AG11/AG6 -> 0.4853125 | AH10: =AH11/AH6 -> 0.493275 | ... BG10: =BG11/BG6 -> 0.51380625
Z11: Chênh lệch | AA11: =AA5-AA6 -> 7026.8 | AB11: =AB5-AB6 -> 7474 | AC11: =AC5-AC6 -> 7600.1 | AD11: =AD5-AD6 -> 7921.8 | AE11: =AE5-AE6 -> 8380 | AF11: =AF5-AF6 -> 7735.6 | AG11: =AG5-AG6 -> 7765 | AH11: =AH5-AH6 -> 7892.4 | ... BG11: =BG5-BG6 -> 8220.9
Z12: Giá keo chính phẩm USD | AA12: 930 | AB12: 970 | AC12: 970 | AD12: 980 | AE12: 1000 | AF12: 980 | AG12: 980 | AH12: 980 | AI12: 980 | AJ12: 980 | AK12: 980 | AL12: 1000 | AM12: 1000 | AN12: 1000 | AO12: 990 | AP12: 990 | AQ12: 990 | AR12: 990 | AS12: 1000 | AT12: 1000 | AU12: 1000 | AV12: 1020 | AW12: 1020 | AX12: 1020 | AY12: 1030 | AZ12: 1030 | BA12: 1030 | BB12: 1030 | BC12: 1030 | BD12: 990 | BE12: 980 | BF12: 980 | BG12: 970

Sheet Giá mua thực tế PET
A48: Tên SP | B48: Tên thị trường | C48: T1.22 | D48: 2 | E48: 3 | F48: 4 | G48: 5 | H48: 6 | I48: 7 | J48: 8 | K48: 9 | L48: 10 | M48: 11 | N48: 12 | O48: T1.23 | P48: 2 | Q48: 3 | R48: 4 | S48: 5 | T48: 6 | U48: 7 | V48: 8 | W48: 9 | X48: 10 | Y48: 11 | Z48: 12 | AA48: T1.24 | AB48: 2 | AC48: 3 | AD48: 4 | AE48: 5 | AF48: 6 | AG48: 7 | AH48: 8 | AI48: 9 | AJ48: 10 | AK48: 11 | AL48: 12 | AM48: T1.25 | AN48: 2 | AO48: 3 | AP48: 4 | AQ48: 5 | AR48: 6 | AS48: 7 | AT48: 8 | AU48: 9 | AV48: 10 | AW48: 11
A49: B0 | B49: Chai B0 | C49: 14255.824 | J49: 13000 | K49: 10500 | O49: 8708.4662 | P49: 9206.5027 | Q49: 10350.583 | R49: 10630.801 | S49: 9861.484 | T49: 9199.095 | U49: 8896.0365 | V49: 9246.3978 | W49: 9607.8931 | X49: 10586.188 | Y49: 11153.125 | Z49: 11113.72 | AA49: 11099.755 | AB49: 11015.602 | AC49: 11145.196 | AD49: 12500 | AE49: 13000 | AF49: 13000 | AG49: 11500 | AH49: 11449.41 | AI49: 11668.66 | AJ49: 11469.02 | AK49: 12047.76 | AL49: 11779 | AM49: 12060.749 | AN49: 12125.305 | AO49: 12519.736 | AP49: 13075.123 | AQ49: 12848.716 | AR49: 13370.127 | AS49: 13565.086 | AT49: 12327.306 | AU49: 9962.9823 | AV49: 9535.2548 | AW49: 9556.9816
A50: B1 | B50: Chai B1 | C50: 15974.446 | D50: 15997.372 | E50: 16512.109 | F50: 17238.351 | G50: 17844.954 | H50: 17949.169 | I50: 18008.203 | J50: 17709.211 | K50: 16347.374 | L50: 16498.897 | M50: 16968.763 | N50: 16873.812 | O50: 14455.482 | P50: 14038.069 | Q50: 15057.018 | R50: 14924.561 | S50: 14835.583 | T50: 13384.367 | U50: 12774.641 | V50: 13000 | W50: 13500 | X50: 14500 | Y50: 15011.713 | Z50: 15047.008 | AA50: 15583.785 | AB50: 15797.136 | AC50: 15815.178 | AD50: 16623.127 | AE50: 17000 | AF50: 16751.644 | AG50: 15000 | AH50: 14000 | AI50: 17591.063 | AJ50: 16991.396 | AK50: 17312.462 | AL50: 17285.992 | AM50: 17403.263 | AN50: 17590.561 | AO50: 18228.238 | AP50: 18384.378 | AQ50: 18589.095 | AR50: 18500.484 | AS50: 18590.918 | AT50: 18034.643 | AU50: 15376.19 | AV50: 14775.021 | AW50: 14842.864
A51: B1 KPL | B51: Chai B1 KPL | V51: 13967.502 | W51: 15143.394 | X51: 16026.367 | Y51: 16453.473 | Z51: 16480.886 | AA51: 16468.716 | AB51: 16420.592 | AC51: 16566.959 | AD51: 17802.055 | AE51: 17283.849 | AF51: 17228.391 | AG51: 16215.033 | AH51: 16531.01 | AI51: 15736.355 | AJ51: 15142.878 | AK51: 15388.66 | AL51: 15430.158 | AM51: 15926.472 | AN51: 16078.364 | AO51: 16453.863 | AP51: 16477.615 | AQ51: 15813.538 | AR51: 19152.513 | AS51: 19335.815 | AT51: 19254.754 | AU51: 16570.656 | AV51: 15000 | AW51: 15000
A52: Tuyển xô | B52: Chai tuyển xô (trạm) | AM52: 15501.697 | AN52: 15783.829 | AO52: 16040.038 | AP52: 16272.466 | AQ52: 15883.314 | AR52: 16274.596 | AS52: 16115.416 | AT52: 15895.487 | AU52: 13000 | AV52: 13000
A53: B2.1 | B53: Chai B2.1 | E53: 16835.728 | F53: 14340.355 | G53: 15353.033 | H53: 16373.818 | I53: 15233.147 | J53: 15576.231 | K53: 12500 | L53: 12500 | M53: 13038.404 | N53: 12953.997 | O53: 10500 | P53: 10500 | Q53: 11000 | R53: 11000 | S53: 11000.246 | T53: 9980.5578 | U53: 9000 | V53: 9000 | W53: 9394.7876 | AK53: 11000 | AL53: 11709.605 | AM53: 12300 | AN53: 16394 | AU53: 15500
A54: B2.2 | B54: Chai B2.2 | Y54: 12500 | Z54: 12500 | AA54: 13000 | AB54: 13000 | AC54: 13000 | AD54: 13000 | AE54: 13500 | AF54: 15000 | AG54: 12000 | AH54: 11996.6 | AI54: 14000 | AJ54: 13700 | AK54: 13909.496 | AL54: 13991.676 | AM54: 15469.628 | AN54: 16866.232 | AO54: 17274.018 | AP54: 18252.968 | AQ54: 18398.163 | AR54: 18498.438 | AS54: 18788.049 | AT54: 18402.853 | AU54: 14258.036 | AV54: 13500 | AW54: 13500
A55: B3 | B55: Chai B3 | E55: 15735.684 | F55: 16788.098 | G55: 17702.694 | H55: 17974.766 | I55: 17968.952 | J55: 17933.896 | K55: 16462.974 | L55: 16500 | M55: 16945.253 | N55: 16534.627 | O55: 14465.461 | P55: 14509.576 | Q55: 15025.379 | R55: 14910.678 | S55: 14831.036 | T55: 14808.45 | U55: =15519.2770426906-1500 -> 14019.277 | V55: =15979.3954889592-1500 -> 14479.395 | W55: 14998.539 | X55: 14535.256 | Y55: 14855.148 | Z55: 15392.891 | AA55: 15365.226 | AB55: 15345.865 | AC55: 15465.209 | AD55: 16247.504 | AE55: 16000 | AI55: 16000 | AJ55: 16447.587 | AK55: 16464.667 | AL55: 16000 | AN55: 17008.322 | AP55: 17500 | AQ55: 17500 | AR55: 17500 | AS55: 17500 | AU55: 13006.448
A56: B4 | B56: Chai B4 | E56: 12000 | U56: 9000 | V56: 9000 | W56: 9594.9788 | X56: 10500 | Y56: 12341.137 | Z56: 12441.934 | AB56: 13000 | AC56: 12851.445 | AD56: 12994.024 | AE56: 13500 | AF56: 13500 | AG56: 12000 | AH56: 12000 | AI56: 14000 | AJ56: 13700 | AK56: 14000 | AL56: 13970.906 | AM56: 14300 | AN56: 17098.762 | AO56: 17143.565 | AP56: 18357.714 | AQ56: 18565.783 | AR56: 18738.859 | AS56: 19064.543 | AT56: 18858.494 | AU56: 13884.44 | AV56: 12000 | AW56: 12000
A57: B5 | B57: Chai B5 | E57: 15635.402 | F57: 16665.116 | G57: 17764.022 | H57: 15399.916 | I57: 14015.531 | J57: 13946.483 | K57: 12498.653 | L57: 12498.578 | M57: 12623.743 | N57: 12187.368 | O57: 10563.825 | P57: 10507.268 | Q57: 10891.883 | R57: 11017.156 | S57: 11015.531 | T57: 9991.5837 | U57: 9000 | V57: 9000 | W57: 9837.9698 | X57: 10500 | Y57: 12500 | Z57: 12500 | AA57: 13000 | AB57: 13000 | AC57: 13000 | AD57: 12990.833 | AE57: 13391.564 | AF57: 13500 | AG57: 12000 | AH57: 12000 | AI57: 14000 | AJ57: 13700 | AK57: 13943.332 | AL57: 13949.37 | AM57: 15373.679 | AN57: 17075.292 | AO57: 17383.624 | AP57: 18207.6 | AQ57: 18606.748 | AR57: 18588.058 | AS57: 19053.152 | AT57: 18469.11 | AU57: 13985.617 | AV57: 12000 | AW57: 12000
A58: B6.1 | B58: Chai B6.1 | F58: 11500 | G58: 12669.593 | H58: 13057.475 | J58: 12500 | N58: 10000 | AK58: 12000 | AL58: 12000 | AN58: 12300 | AO58: 12300 | AP58: 12300 | AQ58: 12300 | AR58: 12300 | AS58: 12300 | AT58: 11500 | AU58: 15500
A59: B6.2 | B59: Chai B6.2 | AB59: 12500 | AC59: 10000 | AD59: 10000 | AE59: 10000 | AF59: 10000 | AG59: 10000 | AH59: 10000 | AI59: 10000 | AJ59: 10000 | AL59: 16000 | AM59: 16000 | AN59: 17587.441 | AO59: 18055.743 | AP59: 18333.17 | AQ59: 18776.241 | AR59: 18836.575 | AS59: 19060.695 | AT59: 18649.861 | AU59: 14268.285 | AV59: 13500 | AW59: 13479.587
A60: A4 | B60: Vảy PET B1_A4 | H60: 21349.246 | I60: 21211.173 | J60: 21091.354 | K60: 19915.202 | L60: 19299.883 | M60: 19279.184
A61: A5.1 | B61: Vảy PET-A5.1 | O61: 17439.487 | P61: 17645.066 | Q61: 17973.426 | R61: 17990.91 | S61: 18000 | T61: 17169.677 | U61: 16000 | V61: 16000 | W61: 16512.641 | X61: 16986.563 | Y61: 17463.277 | Z61: 17515.851 | AA61: 18079.107 | AB61: 18687.315 | AC61: 19368.429 | AD61: 19638.667 | AE61: 19875.003 | AF61: 19827.457 | AG61: 18009.736 | AH61: 18071.759 | AI61: 18638.22 | AJ61: 18318.107 | AK61: 18531.213 | AL61: 18573.925 | AM61: 18380.107 | AN61: 19051.959 | AO61: 19580.029 | AP61: 20282.386 | AQ61: 19485.82 | AR61: 20355.36 | AS61: 20339.853 | AT61: 19342.628 | AU61: 16728.955 | AV61: 16041.349 | AW61: 16027.581
A62: A5.2 | B62: Vảy PET-A5.2 | O62: 16955.379 | P62: 17082.559 | Q62: 17500 | R62: 17500 | S62: 17500 | T62: 16603.495 | U62: 15500 | V62: 15500 | W62: 16000 | X62: 16000 | Y62: 16726.574 | Z62: 17000 | AA62: 17592.653 | AB62: 18299.451 | AC62: 18940.193 | AD62: 19310.529 | AE62: 19287.173 | AF62: 19363.33 | AG62: 17650.239 | AH62: 17736.825 | AI62: 18190.836 | AJ62: 17864.15 | AK62: 18156.671 | AL62: 18186.882 | AM62: 18120.206 | AN62: 18344.625 | AO62: 18952.432 | AP62: 19780.994 | AQ62: 18857.268 | AR62: 19732.977 | AS62: 19747.751 | AT62: 18919.843 | AU62: 16260.177 | AV62: 15609.633 | AW62: 15642.643
A63: A6 | B63: Vảy PET-A6 | O63: 16500 | P63: 16830 | Q63: 16949.308 | R63: 17000 | S63: 17000 | T63: 16000 | AD63: 18782.967 | AE63: 18069.053 | AF63: 18292.592 | AG63: 17132.194 | AH63: 16934.051 | AI63: 16200 | AM63: 11293.478 | AP63: 19872.02 | AQ63: 19800 | AR63: 19760.264 | AS63: 19855.617 | AT63: 19314.982 | AU63: 17762.571 | AW63: 14519.268
A64: A5.1.B3 | B64: Vảy PET-A5.1.B3 | U64: 17000 | W64: 17500 | X64: 18000
A65: A5.2.B3 | B65: Vảy PET-A5.2.B3
A66: A6 | B66: Vảy PET-A6.B3 | O66: 16000 | P66: 16320 | Q66: 16323.886 | T66: 16000 | U66: 16000 | V66: 16000 | W66: 16344.566 | X66: 16500 | Y66: 16800 | Z66: 16800 | AA66: 17300
A67: B2 | B67: Vảy PET B2.2_A6 | Z67: 17000 | AA67: 18750 | AB67: 18750
A68: B6 | B68: Vảy PET B6.2_A6 | X68: 16000 | Y68: 16000 | Z68: 17000 | AC68: 18750 | AD68: 18750 | AE68: 18750 | AF68: 18250 | AG68: 18250 | AH68: 18250 | AI68: 18250 | AJ68: 18250 | AK68: 18250 | AL68: 18250 | AM68: 18250 | AN68: Không mua | AO68: 19674.73 | AP68: 19886.693 | AQ68: 19467.028 | AR68: 19801.351 | AS68: 20231.894 | AT68: 20330 | AU68: 18120.95 | AV68: 16500 | AW68: 16500
A69: B7.1 | B69: Chai B7 | C69: 11248.573 | D69: 11290.323 | E69: 11290.323 | F69: 11290.323 | G69: 11290.323 | H69: 11290.323 | I69: 11290.323 | J69: 11290.323 | K69: 11290.323 | L69: 11290.323 | M69: 11290.323 | N69: 11290.323 | O69: 9355 | P69: 9355 | Q69: 9355 | R69: 9354.8387 | S69: 9354.8387 | T69: 9355 | U69: 8548 | V69: 8548 | W69: 8548.3871 | X69: 8548.3871 | Y69: 8548.3871 | Z69: 8548.3871 | AA69: 8548.3871 | AB69: 8548.3871 | AC69: 8548.3871 | AD69: 8548.3871 | AE69: 8548.3871 | AF69: 8548.3871 | AG69: 8548.3871 | AH69: =5300/0.62 -> 8548.3871 | AI69: =5300/0.62 -> 8548.3871 | AJ69: =4605.26327891469/0.66 -> 6977.6716 | AK69: =4450/0.66 -> 6742.4242 | AL69: =4450/0.66 -> 6742.4242 | AM69: =4450/0.66 -> 6742.4242 | AN69: 6742.4242 | AO69: 6742.4242 | AP69: 6742.4242 | AQ69: =4450/0.69 -> 6449.2754 | AR69: =4450/0.69 -> 6449.2754 | AS69: =4450/0.69 -> 6449.2754 | AT69: 8417.548 | AU69: 8710.8536 | AV69: =5500/0.69 -> 7971.0145 | AW69: =5500/0.69 -> 7971.0145
AE70: \

Sheet Giá duyệt PET
C40: T1.23 | D40: 2 | E40: 3 | F40: 4 | G40: 5 | H40: 6 | I40: 7 | J40: 8 | K40: 9 | L40: 10 | M40: 11 | N40: 12 | O40: T1.24 | P40: 2 | Q40: 3 | R40: 4 | S40: 5 | T40: 6 | U40: 7 | V40: 8 | W40: 9 | X40: 10 | Y40: 11 | Z40: 12 | AA40: T1.25 | AB40: 2 | AC40: 3 | AD40: 4 | AE40: 5 | AF40: 6 | AG40: 7 | AH40: 8 | AI40: 9 | AJ40: 10 | AK40: 11 | AL40: 12
A41: B0 | B41: Chai B0 | C41: 8800 | D41: 9500 | E41: 10500 | F41: 11000 | G41: 10000 | H41: 9500 | I41: 9500 | J41: 9500 | K41: 9500 | L41: 10500 | M41: 11000 | N41: 11000 | O41: 11000 | P41: 11000 | Q41: 11000 | R41: 12500 | S41: 13000 | T41: 13000 | U41: 11500 | V41: 11500 | W41: 12000 | X41: 11700 | Y41: 12000 | Z41: 12000 | AA41: 12300 | AB41: 12300 | AC41: 12500 | AD41: 13500 | AE41: 13000 | AF41: 13500 | AG41: 13800 | AH41: =(13300+12800+12300+11000)/4 -> 12350 | AI41: =(10500+10300+10000)/3 -> 10266.667 | AJ41: =(10000+9700)/2 -> 9850 | AK41: 9700 | AL41: 9700
A42: B1 | B42: Chai B1 | C42: 14500 | D42: 14500 | E42: 15500 | F42: 15500 | G42: 15500 | H42: 13500 | I42: 13000 | J42: 13000 | K42: 13500 | L42: 14500 | M42: 15000 | N42: 15000 | O42: 15000 | P42: 15000 | Q42: 15000 | R42: 16000 | S42: 16500 | T42: 16500 | U42: 15000 | V42: 15000 | W42: 16000 | X42: 15700 | Y42: 16500 | Z42: 16500 | AA42: 17000 | AB42: 16800 | AC42: 17200 | AD42: 18000 | AE42: 17500 | AF42: 17500 | AG42: 17800 | AH42: =(17300+15000)/2 -> 16150 | AI42: =(14500+13500+13000)/3 -> 13666.667 | AJ42: =(13000+12700)/2 -> 12850 | AK42: 11200 | AL42: 11200
A43: B2 | B43: Chai B2.1 | C43: 10500 | D43: 10500 | E43: 11500 | F43: 11500 | G43: 11500 | H43: 9500 | I43: 9000 | J43: 9000 | K43: 9500 | L43: 10500
A44: B3 | B44: Chai B3 | C44: 14500 | D44: 14500 | E44: 15000 | F44: 15000 | G44: 15000 | H44: 15000 | I44: 14500 | J44: 14500 | K44: 15000 | L44: 14500 | M44: 15000 | N44: 15000 | O44: 16500 | P44: 16500 | Q44: 16500 | R44: 16500 | S44: 16000 | W44: 16000 | X44: 15700 | Y44: 16500 | Z44: 16500 | AA44: 16800 | AB44: 16800 | AC44: 17200 | AD44: 18000 | AE44: 17500 | AF44: 17500 | AG44: 17800 | AH44: =(17300+15000)/2 -> 16150 | AI44: 14500 | AJ44: =(13000+12700)/2 -> 12850
A45: B5 | B45: Chai B5 | C45: 10500 | D45: 10500 | E45: 11500 | F45: 11500 | G45: 11500 | H45: 9500 | I45: 9000 | J45: 9000 | K45: 9500 | L45: 10500 | M45: 12500 | N45: 12500 | O45: 12500 | P45: 13000 | Q45: 13000 | R45: 13000 | S45: 13500 | T45: 13500 | U45: 12000 | V45: 12000 | W45: 12000 | X45: 12000 | Y45: 12000 | Z45: 12000 | AA45: 12300 | AB45: 12300 | AC45: 12300 | AD45: 12300 | AE45: 12300 | AF45: 12300 | AG45: 12300 | AH45: 12300 | AI45: 10500 | AJ45: 10000
A46: A4 | B46: Vảy A4 (rửa nóng) | C46: 18000 | D46: 18000 | E46: 19000 | F46: 19000 | G46: 19000 | H46: 18000 | I46: 16500 | J46: 16500
A47: A5.1 | B47: Vảy A5.1 (rửa nóng) | C47: 17500 | D47: 17500 | E47: 18500 | F47: 18500 | G47: 18500 | H47: 17500 | I47: 16000 | J47: 16000 | K47: 16500 | L47: 17500 | M47: 18000 | N47: 18000 | O47: 18000 | P47: 18500 | Q47: 18800 | R47: 19300 | S47: 19500 | T47: 19500 | U47: 18000 | V47: 18000 | W47: 18300 | X47: 18000 | Y47: 18200 | Z47: 18200 | AA47: 18200 | AB47: =(18500+19000)/2 -> 18750 | AC47: 19200 | AD47: 19700 | AE47: 19000 | AF47: 19500 | AG47: 19500 | AH47: =(18500+17500)/2 -> 18000 | AI47: =(17000+16700+16300)/3 -> 16666.667 | AJ47: =(16300+16000)/2 -> 16150 | AK47: 16000 | AL47: 16000
A48: A5.2 | B48: Vảy A5.2 (rửa nóng) | C48: 17000 | D48: 17000 | E48: 18000 | F48: 18000 | G48: 18000 | H48: 17000 | I48: 15500 | J48: 15500 | K48: 16000 | L48: 16500 | M48: 17000 | N48: 17500 | O48: 17500 | P48: 18000 | Q48: 18300 | R48: 18800 | S48: 19000 | T48: 19000 | U48: 17500 | V48: 17500 | W48: 17800 | X48: 17500 | Y48: 17700 | Z48: 17700 | AA48: 17700 | AB48: 18000 | AC48: 18700 | AD48: 19200 | AE48: 18500 | AF48: 19000 | AG48: 19000 | AH48: =(18000+17000)/2 -> 17500 | AI48: =(16500+16200+15800)/3 -> 16166.667 | AJ48: =AJ47-500 -> 15650 | AK48: 15500 | AL48: 15500
A49: A6 | B49: Vảy A6 (rửa lạnh) | C49: 16500 | D49: 16500 | E49: 17500 | F49: 17500 | G49: 17500 | H49: 16500 | I49: 15000 | J49: 15000 | K49: 15500 | L49: 16000 | M49: 16000 | N49: 17000 | O49: 17000 | P49: 17500 | Q49: 17500 | R49: 17800 | V49: 17000 | W49: 17300 | X49: 17000 | Y49: 17200 | Z49: 17200 | AA49: 17200 | AB49: 17500 | AC49: 18200 | AD49: 18700 | AE49: 18000 | AF49: 18500 | AG49: 18500 | AH49: =(17500+16500)/2 -> 17000 | AI49: =(16000+15700+15300)/3 -> 15666.667 | AJ49: =AJ47-1000 -> 15150 | AK49: 15000 | AL49: 15000
A50: A6 | B50: Vảy A6.B3 (rửa lạnh) | C50: 16500 | D50: 16500 | E50: 17200 | F50: 17200 | G50: 17200 | H50: 16200 | I50: 16000 | J50: 16000 | K50: 16500 | L50: 17000 | M50: 17000 | N50: 17300 | O50: 17300 | P50: 17500 | Q50: 17500 | R50: 17800

Sheet Giá duyệt HDPE
C43: T1.23 | D43: 2 | E43: 3 | F43: 4 | G43: 5 | H43: 6 | I43: 7 | J43: 8 | K43: 9 | L43: 10 | M43: 11 | N43: T12.23 | O43: T1.24 | P43: 2 | Q43: 3 | R43: 4 | S43: 5 | T43: 6 | U43: 7 | V43: 8 | W43: 9 | X43: 10 | Y43: 11 | Z43: 12 | AA43: T1.25 | AB43: 2 | AC43: 3 | AD43: 4 | AE43: 5 | AF43: 6 | AG43: 7 | AH43: 8 | AI43: 9 | AJ43: 10 | AK43: 11 | AL43: 12
A44: HV-01.1 | B44: Vảy HD trong HV01.1 (Đại Lộc) | D44: 25000 | E44: 25000 | F44: 25000 | G44: 25000 | H44: 25000 | I44: 25000 | J44: 25000 | K44: 22500 | L44: 22500 | M44: 22500 | N44: 22500 | O44: 22500 | P44: 22500 | Q44: 22000 | R44: 22000 | S44: 22000 | T44: 22000 | U44: 22000 | V44: 22000 | W44: 22000 | X44: 22000 | Y44: 21500 | Z44: 21500 | AA44: 21500 | AB44: 21500 | AC44: 21500 | AD44: 21500 | AE44: 21500 | AF44: 21500 | AG44: 21500 | AH44: 21500 | AI44: 21500 | AJ44: 21500
A45: HV-01.1 | B45: Vảy HD trong HV01.1- KR | G45: 23000 | H45: 23000 | I45: 23000 | J45: 22500 | K45: 22500 | L45: 22500 | M45: 22500
B46: Vảy HD trong HV01.1 (NCC ngoài) | E46: 21500 | F46: 21500 | G46: 21500 | H46: 21500 | I46: 21500 | J46: 22500 | K46: 22500 | L46: 22500 | M46: 22500 | N46: 22500 | O46: 22500 | P46: 22500 | Q46: 22000 | R46: 22000 | S46: 22000 | T46: 22000 | U46: 22000 | V46: 22000 | W46: 22000 | X46: 22000 | Y46: 21500 | Z46: 21500 | AA46: 21500 | AB46: 21500 | AC46: 21500 | AD46: 21500 | AE46: 21500 | AF46: 21500 | AG46: 21500 | AH46: 21500 | AI46: 21500 | AJ46: 21500
A47: HV-01.1 | B47: Vảy HD trong HV01.1- TM | G47: 21200 | H47: 21200 | I47: 21200 | J47: 20000 | M47: 21200 | N47: 21200 | O47: 21200 | P47: 20200 | Q47: 20200 | R47: 20200 | S47: 20200 | T47: 21200 | U47: 21200 | V47: 21200 | W47: 21200 | X47: 21200 | Y47: 21200 | Z47: 21200 | AA47: 21200 | AB47: 21200 | AC47: 21200 | AD47: 21200 | AE47: 21200 | AF47: 21200 | AG47: 21200 | AH47: 21200 | AI47: 21200 | AJ47: 21200
A48: HV-01.2 | B48: Vảy HD trong HV01.2 (Đại Lộc) | D48: 24500 | E48: 24500 | F48: 24500 | G48: 24500 | H48: 24500 | I48: 20500
B49: Vảy HD trong HV01.2 (NCC ngoài) | E49: 20500 | F49: 20500 | G49: 20500 | O49: 21000 | P49: 21000 | Q49: 21000 | R49: 21000 | S49: 21000 | T49: 21000 | U49: 21000 | V49: 21000 | W49: 21000 | X49: 21000 | Y49: 21000 | Z49: 21000 | AA49: 21000 | AB49: 21000 | AC49: 21000 | AD49: 21000 | AE49: 21000 | AF49: 21000 | AG49: 21000 | AH49: 21000 | AI49: 21000 | AJ49: 21000
A50: HV01.3 | B50: Vảy HD trong HV01.3 (Đại Lộc) | D50: 23000
A51: HV-02.1 | B51: Vảy HD trắng sữa loại 1 | E51: 18000 | I51: 19500 | J51: 22000 | K51: 19500 | L51: 19500 | M51: 19500 | N51: 19500 | O51: 19500 | P51: 19500 | Q51: 19500 | R51: 19500 | S51: 19500 | T51: 19500 | U51: 19500 | V51: 19500 | W51: 19500 | X51: 19500 | Y51: 19500 | Z51: 19500 | AA51: 19500
A52: HV-02.2 | B52: Vảy HD trắng loại 2 | E52: 17000 | I52: 18000 | J52: 18000 | K52: 18000 | L52: 18000 | M52: 18000 | N52: 18000 | O52: 18000 | P52: 18000 | Q52: 18000 | R52: 18000 | S52: 18000 | T52: 18000 | U52: 18000 | V52: 18000 | W52: 18000 | X52: 18000 | Y52: 18000 | Z52: 18000 | AA52: 18000
A53: HV-03.1 | B53: Vảy HD vàng chanh | I53: 18000 | J53: 21000 | Q53: 18000 | R53: 19000 | S53: 19000 | T53: 19000 | U53: 19000 | V53: 19000 | W53: 19000 | X53: 19000 | Y53: 19000 | Z53: 19000 | AA53: 19000 | AB53: 19000 | AC53: 19000 | AD53: 19500 | AE53: 19500 | AF53: 19500 | AG53: 19500 | AH53: 19500 | AI53: 19500 | AJ53: 19500 | AK53: 19000 | AL53: 19000
A54: HV-03.2 | B54: Vảy HD vàng nghệ | I54: 16500 | Q54: 17000 | R54: 18000 | S54: 18000 | T54: 18000 | U54: 18000 | V54: 18000 | W54: 18000 | X54: 18000 | Y54: 18000 | Z54: 18000 | AA54: 18000 | AB54: 18000 | AC54: 18000 | AD54: 18500 | AE54: 18500 | AF54: 18500 | AG54: 18500 | AH54: 18500 | AI54: 18500 | AJ54: 18500
A55: HV-04.1 | B55: Vảy HD lá sáng | I55: 18000 | J55: 21000
A56: HV-04.2 | B56: Vảy HD lá đậm | I56: 16500
B57: Vảy HD ép dương loại 1 | F57: 18000 | G57: 18000 | H57: 18000 | I57: 18000 | J57: 18000 | R57: 17500 | S57: 17500 | T57: 17500 | U57: 17500 | V57: 17500 | W57: 17500 | X57: 17500 | Y57: 17500 | Z57: 17500 | AA57: 17500 | AB57: 17500 | AC57: 17500 | AD57: 17500 | AE57: 17500 | AF57: 17500 | AG57: 17500 | AH57: 17500 | AI57: 17500 | AJ57: 17500
B58: Vảy HD ép dương loại 2 | G58: 17000 | H58: 17000 | I58: 17000 | J58: 17000 | R58: 17500 | S58: 17500 | T58: 17500 | U58: 17500 | V58: 17500 | W58: 17500 | X58: 17500 | Y58: 17500 | Z58: 17500 | AA58: 17500 | AB58: 17500 | AC58: 17500
B59: HD ép thô thử nghiệm dương | F59: 16000 | G59: 16000 | H59: 16000 | I59: 16000 | V59: 16000 | W59: 16000 | X59: 16000 | Y59: 16000 | Z59: 16000 | AA59: 16000 | AB59: 16000 | AC59: 16000 | AD59: 16000 | AE59: 16000 | AF59: 16000 | AG59: 16000 | AH59: 16000 | AI59: 16000 | AJ59: 16000
A60: HD-01.2 | B60: Bình HD Trong HD-01.2 | E60: 16500 | F60: 18000 | G60: 17000 | H60: 17500 | W60: 18200 | X60: 18200 | Y60: 18200 | Z60: 18200 | AA60: 18200 | AB60: 18200 | AC60: 18200 | AD60: 18200 | AE60: 18200
A61: HD-03.1 | B61: Bình HD màu HD-03.1 | E61: 14000 | F61: 14000 | G61: 14000 | H61: 13500 | W61: 16200 | X61: 16200 | Y61: 16200 | Z61: 16200 | AA61: 16200 | AB61: 16200 | AC61: 16200 | AD61: 16200 | AE61: 16200

Sheet Giá mua_T6
C1: MA TRẬN GIÁ MUA NGUYÊN LIỆU NĂM 2025
E2: ĐVT: đồng/kg
A3: Stt | B3: Stt | C3: Mã SAP | D3: Tên SP | E3: Tên thị trường | F3: Giá duyệt T1 | G3: 45292 | H3: =G3+1 -> 45293 | I3: =H3+1 -> 45294 | J3: =I3+1 -> 45295 | K3: =J3+1 -> 45296 | L3: =K3+1 -> 45297 | M3: =L3+1 -> 45298 | N3: =M3+1 -> 45299 | O3: =N3+1 -> 45300 | ... AK3: =AJ3+1 -> 45322 | AL3: Giá duyệt T2 | AM3: 45689 | AN3: =AM3+1 -> 45690 | AO3: =AN3+1 -> 45691 | AP3: =AO3+1 -> 45692 | AQ3: =AP3+1 -> 45693 | AR3: =AQ3+1 -> 45694 | AS3: =AR3+1 -> 45695 | AT3: =AS3+1 -> 45696 | AU3: =AT3+1 -> 45697 | ... BN3: =BM3+1 -> 45716 | BO3: Giá duyệt T3 | BP3: 45717 | BQ3: =BP3+1 -> 45718 | BR3: =BQ3+1 -> 45719 | BS3: =BR3+1 -> 45720 | BT3: =BS3+1 -> 45721 | BU3: =BT3+1 -> 45722 | BV3: =BU3+1 -> 45723 | BW3: =BV3+1 -> 45724 | BX3: =BW3+1 -> 45725 | ... CT3: =CS3+1 -> 45747 | CU3: Giá duyệt T4 | CV3: 45748 | CW3: =CV3+1 -> 45749 | CX3: =CW3+1 -> 45750 | CY3: =CX3+1 -> 45751 | CZ3: =CY3+1 -> 45752 | DA3: =CZ3+1 -> 45753 | DB3: =DA3+1 -> 45754 | DC3: =DB3+1 -> 45755 | DD3: =DC3+1 -> 45756 | ... DY3: =DX3+1 -> 45777 | DZ3: Giá duyệt T5 | EA3: 45778 | EB3: =EA3+1 -> 45779 | EC3: =EB3+1 -> 45780 | ED3: =EC3+1 -> 45781 | EE3: =ED3+1 -> 45782 | EF3: =EE3+1 -> 45783 | EG3: =EF3+1 -> 45784 | EH3: =EG3+1 -> 45785 | EI3: =EH3+1 -> 45786 | ... FE3: =FD3+1 -> 45808 | FF3: Giá duyệt T6 | FG3: =FE3+1 -> 45809 | FH3: =FG3+1 -> 45810 | FI3: =FH3+1 -> 45811 | FJ3: =FI3+1 -> 45812 | FK3: =FJ3+1 -> 45813 | FL3: =FK3+1 -> 45814 | FM3: =FL3+1 -> 45815 | FN3: =FM3+1 -> 45816 | FO3: =FN3+1 -> 45817 | ... GJ3: =GI3+1 -> 45838 | GK3: Giá duyệt T7 | GL3: =GJ3+1 -> 45839 | GM3: =GL3+1 -> 45840 | GN3: =GM3+1 -> 45841 | GO3: =GN3+1 -> 45842 | GP3: =GO3+1 -> 45843 | GQ3: =GP3+1 -> 45844 | GR3: =GQ3+1 -> 45845
G4: Tuần 1 | H4: Tuần 1 | L4: Tuần 2 | S4: Tuần 3 | Z4: Tuần 4 | AI4: Tuần 5 | AM4: Tuần 5 | AO4: Tuần 6 | AV4: Tuần 7 | BC4: Tuần 8 | BJ4: Tuần 9 | BP4: Tuần 9 | BR4: Tuần 10 | BY4: Tuần 11 | CF4: Tuần 12 | CM4: Tuần 13 | CT4: Tuần 14 | CV4: Tuần 14 | DB4: Tuần 15 | DI4: Tuần 16 | DP4: Tuần 17 | DW4: Tuần 18 | EB4: Tuần 18 | EE4: Tuần 19 | EL4: Tuần 20 | ES4: Tuần 21 | EZ4: Tuần 22 | FG4: Tuần 22 | FH4: Tuần 23 | FO4: Tuần 25
A5: I. Chai + Vảy PET | B5: I. Chai xá mua tại trạm
A6: 1 | B6: 1 | C6: 150000006 | D6: B0 | E6: Chai xá | F6: 9000 | AL6: 9000 | BO6: 9000 | CU6: 9000 | DZ6: 9000 | FF6: 9000 | GK6: 9000
A7: =A6+1 -> 2 | B7: 1 | C7: 150000006 | D7: B0 | E7: Chai PET nước suối | F7: 12300 | H7: 12000.667 | I7: 11991.667 | J7: 11982 | L7: 11992.5 | M7: 12022.667 | N7: 12060.667 | O7: 12030.333 | P7: 12008.333 | Q7: 11971.667 | S7: 11899.333 | T7: 11936.667 | U7: 11748 | V7: 11700 | W7: 11824 | X7: 11884.5 | Z7: 11914.5 | AA7: 11802 | AB7: 11583 | AC7: 11538 | AD7: 11806 | AL7: 12300 | AO7: 12000 | AP7: 12000 | AQ7: 12000 | AR7: 12160 | AS7: 11985 | AT7: 11958.5 | AV7: 12278 | AW7: 11822.5 | AX7: 12009.5 | AY7: 12105 | AZ7: 12000 | BA7: 11967 | BC7: 11881 | BD7: 12150 | BE7: 12150 | BF7: 12338 | BG7: 12109 | BH7: 12154 | BJ7: 12133 | BK7: 12335 | BL7: 12150 | BM7: 12733 | BN7: 12133 | BO7: 12500 | BP7: 12153.333 | BR7: 12117.667 | BS7: 12084.333 | BT7: 12115.667 | BU7: 12213.667 | BV7: 12139 | BW7: 12109.333 | BY7: 12194.667 | BZ7: 12166.667 | CA7: 12156.667 | CB7: 12415.333 | CC7: 12538 | CD7: 12577 | CF7: 12563.667 | CG7: 12626.333 | CH7: 12726.333 | CI7: 12642.333 | CJ7: 12651 | CK7: 12661.333 | CM7: 12638 | CN7: 12678.667 | CO7: 12737.667 | CP7: 12792.667 | CQ7: 12763.333 | CR7: 12751 | CT7: 12827 | CU7: 13500 | CV7: 12694 | CW7: 12617.5 | CX7: 12744.5 | CY7: 12788 | CZ7: 13053.5 | DB7: 13500 | DC7: 13037.5 | DD7: 12959.5 | DE7: 12956 | DF7: 12707 | DG7: 12973.5 | DI7: 12852 | DJ7: 12717.5 | DK7: 13064 | DL7: 12741.5 | DM7: 12841 | DN7: 13031 | DP7: 12926.5 | DQ7: 12979 | DR7: 13041.5 | DS7: 12958 | DT7: 12928.5 | DU7: 12874.5 | DW7: 13017.5 | DX7: 12888.5 | DY7: Không mua | DZ7: 13000 | EB7: 12440.333 | EC7: 12566.333 | ED7: 13000 | EE7: 12665.333 | EF7: 12742.333 | EG7: 12723.333 | EH7: 12767.667 | EI7: 12724.333 | EJ7: 12705.333 | EK7: 13000 | EL7: 12724.333 | EM7: 12751 | EN7: 12696.667 | EO7: 12698.333 | EP7: 12792 | EQ7: 12716.667 | ER7: 13000 | ES7: 12811.333 | ET7: 12840.333 | EU7: 12782.667 | EV7: 12767 | EW7: 12875 | EX7: 12764 | EY7: 13000 | EZ7: 12856.667 | FA7: 12782.333 | FB7: 12922.667 | FC7: 12881 | FD7: 13114.333 | FE7: 12823 | FF7: 13500 | FH7: 12919.667 | FI7: 13042 | FJ7: 13051.5 | FK7: 13059.5 | FL7: 13040 | FM7: 13089.5 | FO7: 12884 | FP7: 12790.5 | FQ7: 12994 | FR7: 13164 | FS7: 13280 | FT7: 13200 | FV7: 13074 | FW7: 12784.333 | FX7: 12967 | FY7: 13001.333 | FZ7: 12550 | GA7: 12998.5 | GC7: 12768 | GD7: 13295 | GE7: 13270 | GF7: 13224 | GG7: 13287 | GH7: 13210 | GK7: 13800 | GL7: 13489 | GM7: 13425 | GN7: 13467 | GO7: 13480 | GP7: 13444
A8: I. Chai + Vảy PET | B8: II. Chai + Vảy PET
A9: 2 | B9: =ROW()-ROW($B$8) -> 1 | C9: 150000003 | D9: B1.1 | E9: Chai PET tuyển dày (mua ngoài) | F9: 16800 | H9: K | I9: K | J9: K | L9: K | M9: K | N9: K | O9: K | P9: 16800 | Q9: 16811.814 | S9: K | T9: K | U9: 16800 | V9: 16800 | W9: K | X9: K | Z9: 16800 | AA9: 16800 | AB9: 17389.854 | AC9: K | AD9: K | AL9: 16800 | AO9: K | AP9: K | AQ9: K | AR9: K | AS9: 16800 | AT9: 16800 | AV9: 16800 | AW9: 16800 | AX9: 16800 | AY9: 16800 | AZ9: 16800 | BA9: 16800 | BC9: K | BD9: 16800 | BE9: K | BF9: K | BG9: 16800 | BH9: K | BJ9: 16800 | BK9: 16800 | BL9: 16800 | BM9: K | BN9: 16800 | BO9: 17200 | BP9: K | BR9: K | BS9: 17200 | BT9: K | BU9: K | BV9: 17406.246 | BW9: 17200 | BY9: K | BZ9: K | CA9: K | CB9: K | CC9: 17200 | CD9: K | CF9: K | CG9: 17211.864 | CH9: K | CI9: 16711.906 | CJ9: 16400 | CK9: K | CM9: K | CN9: 16896.353 | CO9: 16700 | CP9: K | CQ9: 16623.406 | CR9: 16779.47 | CT9: K | CU9: 18000 | CV9: 18000 | CW9: K | CX9: 18120.113 | CY9: 17331.31 | CZ9: 18000 | DA9: K | DB9: K | DC9: 18122.51 | DD9: 17933.801 | DE9: 17839.957 | DF9: 17797.924 | DG9: 17574.315 | DH9: K | DI9: K | DJ9: 18185.722 | DK9: 17974.137 | DL9: 18183.593 | DM9: 17674.232 | DN9: 17679.927 | DO9: K | DP9: K | DQ9: 17779.645 | DR9: 17390.018 | DS9: 17470.664 | DT9: 17898.205 | DU9: 18000 | DV9: K | DW9: 17448.032 | DX9: 17500 | DY9: K | DZ9: 17500 | EB9: K | EC9: K | EE9: 17500 | EF9: 17424.009 | EG9: 17700 | EH9: 17692.5 | EI9: K | EJ9: K | EL9: 17600.472 | EM9: 17524.632 | EN9: K | EO9: K | EP9: K | EQ9: 16000 | ES9: K | ET9: 18916.012 | EU9: 17729.877 | EV9: 17118.275 | EW9: 17500 | EX9: 17000 | EZ9: 17500 | FA9: K | FB9: 17500 | FC9: 16960.454 | FD9: 17500 | FE9: 17500 | FF9: 17500 | FH9: K | FI9: K | FJ9: K | FK9: 17500 | FL9: 16650 | FM9: 17938 | FO9: 18089 | FP9: 18027 | FQ9: 17708 | FR9: 17500 | FS9: 18043 | FT9: 17350 | FV9: 17755 | FW9: 18200 | FX9: 16800 | FY9: 17402.99 | FZ9: 17300 | GA9: K | GC9: 17500 | GD9: 17371.706 | GE9: 18200 | GF9: 16300 | GG9: 17791.167 | GH9: 18112.508 | GJ9: 17753.684 | GK9: 17800 | GL9: K | GM9: K | GN9: 17500 | GO9: 17500 | GP9: K | GR9: 17500
B10: =ROW()-ROW($B$8) -> 2 | C10: 150000003 | D10: B1.1 | E10: Chai PET tuyển dày (mua từ Trạm - Mô hình gia công) | F10: =F9+1200 -> 18000 | H10: K | I10: 17900 | J10: 17964.593 | L10: 17900 | M10: 17660.312 | N10: 17971.47 | O10: 17949.398 | P10: 17893.638 | Q10: 17800 | S10: 17817.221 | T10: K | U10: K | V10: 17120.28 | W10: 17030 | X10: 17649.716 | Z10: 17719.634 | AA10: 17030 | AB10: 17306.864 | AC10: 17030 | AD10: 17522 | AL10: =(17522+17030)/2 -> 17276 | AO10: 17030 | AP10: 17223.031 | AQ10: 16954.34 | AR10: 16387.455 | AS10: 16879.083 | AT10: 18453.866 | AV10: 17398.848 | AW10: 19090 | AX10: 17030 | AY10: K | AZ10: 19099.282 | BA10: 18151.713 | BC10: 19846 | BD10: K | BE10: K | BF10: 17830.154 | BG10: K | BH10: 18982.044 | BJ10: 17522 | BK10: 17522 | BL10: 19090 | BM10: 18652.313 | BN10: 18518.354 | BO10: =(17750+17250+19300+18800)/4 -> 18275 | BP10: K | BR10: 19090 | BS10: 18376.949 | BT10: 19090 | BU10: 19208.428 | BV10: 17522 | BW10: 19300 | BY10: 18092.811 | BZ10: 17388.805 | CA10: 17403.158 | CB10: 17775 | CC10: 19203.644 | CD10: 18381.537 | CF10: 18794.789 | CG10: 19300 | CH10: K | CI10: 18621.546 | CJ10: 18509.767 | CK10: 19300 | CM10: 18177.768 | CN10: 19105.482 | CO10: 19300 | CP10: 17529.426 | CQ10: 19014.668 | CR10: 18721.955 | CT10: 18685.532 | CU10: =(17750+17250+19300+18800)/4 -> 18275 | CV10: K | CW10: 18088.564 | CX10: K | CY10: 18827.173 | CZ10: 19300 | DA10: K | DB10: K | DC10: 17833.92 | DD10: 18082.933 | DE10: 18960 | DF10: 18890 | DG10: K | DH10: K | DI10: K | DJ10: 18648.647 | DK10: 19045.563 | DL10: 19192.35 | DM10: 18833.799 | DN10: 18924.89 | DO10: K | DP10: 17750 | DQ10: 19302.041 | DR10: 19025 | DS10: 19267.63 | DT10: 19074.493 | DU10: 18996.418 | DV10: K | DW10: 19290.496 | DX10: 19170.866 | DY10: 19285.604 | DZ10: =(18450+19460+18320+18960)/4 -> 18797.5 | EB10: K | EC10: 19219.731 | EE10: 19224.167 | EF10: 18890 | EG10: 18890 | EH10: 19341.619 | EI10: 19141.115 | EJ10: 19256.465 | EL10: 18996.196 | EM10: 19314.629 | EN10: 18950.412 | EO10: 18931.125 | EP10: 18654.014 | EQ10: 18780.336 | ES10: 18909.026 | ET10: 17298.6 | EU10: 18854.05 | EV10: 18435.987 | EW10: 18720.677 | EX10: 18758.51 | EZ10: 18933.647 | FA10: 18939.735 | FB10: 18787.625 | FC10: 18334.031 | FD10: 18910.327 | FE10: 18830.48 | FF10: =(19025+19460+18890+18960)/4 -> 19083.75 | FH10: 18772.803 | FI10: 18320 | FJ10: 18597.164 | FK10: 18611.425 | FL10: 18744.627 | FM10: 19069.806 | FO10: 18627 | FP10: 18933 | FQ10: 19142 | FR10: 18903 | FS10: 18922 | FT10: 18945 | FV10: 19005 | FW10: 18949.112 | FX10: 18752.706 | FY10: 18918.933 | FZ10: 18890 | GA10: 18890 | GC10: 18903.671 | GD10: 18915.836 | GE10: 18779.17 | GF10: 18914.181 | GG10: 18896.592 | GH10: 18890 | GJ10: 18909.429 | GK10: =(19370+19460+19232+18960)/4 -> 19255.5 | GL10: K | GM10: 18890 | GN10: 18890 | GO10: 18890 | GP10: 18657.017 | GR10: 18657.718
B11: =ROW()-ROW($B$8) -> 3 | C11: 150000113 | D11: B1.2 | E11: Chai PET không phân loại (mua ngoài) | F11: 15800 | H11: K | I11: 15789.817 | J11: 15800 | L11: 15762.557 | M11: 15800 | N11: 15800 | O11: 15765.764 | P11: 15800 | Q11: 15857.775 | S11: 15800 | T11: 15800 | U11: 15800 | V11: K | W11: 15763.504 | X11: 15800 | Z11: 15800 | AA11: K | AB11: 15573.994 | AC11: 15500 | AD11: K | AL11: 15800 | AO11: K | AP11: K | AQ11: 15800 | AR11: 15800 | AS11: K | AT11: 15800 | AV11: 16175.644 | AW11: K | AX11: K | AY11: K | AZ11: 15800 | BA11: K | BC11: 15800 | BD11: K | BE11: 15800 | BF11: 16195 | BG11: 15800 | BH11: K | BJ11: 15800 | BK11: K | BL11: K | BM11: 15800 | BN11: K | BO11: 16000 | BP11: 16191.502 | BR11: 16000 | BS11: K | BT11: 16000 | BU11: 16000 | BV11: 16000 | BW11: 16000 | BY11: 16165.022 | BZ11: 16000 | CA11: K | CB11: 16000 | CC11: 16000 | CD11: K | CF11: K | CG11: K | CH11: K | CI11: 16000 | CJ11: 16000 | CK11: K | CM11: 16000 | CN11: K | CO11: K | CP11: K | CQ11: K | CR11: K | CT11: K | CV11: K | CW11: K | CX11: K | CY11: K | CZ11: K | DA11: K | DB11: K | DC11: K | DD11: K | DE11: K | DF11: K | DG11: K | DH11: K | DI11: K | DJ11: 16500 | DK11: 16500 | DL11: 16500 | DM11: 16500 | DN11: 16500 | DO11: K | DP11: K | DQ11: 16500 | DR11: K | DS11: 16000 | DT11: K | DU11: 16500 | DV11: K | DW11: 16500 | DX11: K | DY11: K | DZ11: 16000 | EB11: K | EC11: K | EE11: 15725.942 | EF11: K | EG11: 15768.38 | EH11: 16000 | EI11: 15500 | EJ11: 15500 | EL11: K | EM11: K | EN11: K | EO11: K | EP11: K | EQ11: K | ES11: K | ET11: 16000 | EU11: K | EV11: 16000 | EW11: K | EX11: 16000 | EZ11: 16000 | FA11: 16000 | FB11: K | FC11: K | FD11: K | FE11: K | FF11: 16000 | FH11: 16400 | FI11: K | FJ11: K | FK11: K | FL11: K | FM11: K | FO11: K | FP11: K | FQ11: K | FR11: K | FS11: K | FT11: K | FV11: K | FW11: K | FX11: K | FY11: K | FZ11: K | GA11: K | GC11: K | GD11: 19111.36 | GE11: 19384.957 | GF11: 16000 | GG11: 19131.375 | GH11: K | GJ11: 19151.784 | GK11: 16000 | GL11: K | GM11: K | GN11: K | GO11: K | GP11: K | GR11: K
B12: =ROW()-ROW($B$8) -> 4 | C12: 150000113 | D12: B1.2 | E12: Chai PET không phân loại (mua từ Trạm) | H12: K | I12: K | J12: K | L12: K | M12: K | N12: K | O12: K | P12: K | Q12: K | S12: K | T12: K | U12: K | V12: K | W12: K | X12: K | Z12: K | AA12: K | AB12: K | AC12: K | AD12: K | AL12: 16394 | AO12: K | AP12: K | AQ12: K | AR12: K | AS12: K | AT12: K | AV12: K | AW12: K | AX12: K | AY12: K | AZ12: K | BA12: 16394 | BC12: 16394 | BD12: 16394 | BE12: 16394 | BF12: K | BG12: K | BH12: K | BJ12: K | BK12: K | BL12: K | BM12: K | BN12: K | BP12: K | BR12: K | BS12: K | BT12: K | BU12: K | BV12: K | BW12: K | BY12: K | BZ12: K | CA12: K | CB12: K | CC12: K | CD12: K | CF12: K | CG12: K | CH12: K | CI12: K | CJ12: 17190 | CK12: 17190 | CM12: 17190 | CN12: 17190 | CO12: 17190 | CP12: K | CQ12: K | CR12: K | CT12: K | CU12: 16500 | CV12: K | CW12: K | CX12: K | CY12: K | CZ12: K | DA12: K | DB12: K | DC12: K | DD12: K | DE12: K | DF12: K | DG12: K | DH12: K | DI12: K | DJ12: K | DK12: K | DL12: K | DM12: K | DN12: K | DO12: K | DP12: K | DQ12: K | DR12: K | DS12: K | DT12: K | DU12: K | DV12: K | DW12: K | DX12: K | DY12: K | EB12: K | EC12: K | EE12: K | EF12: K | EG12: K | EH12: K | EI12: K | EJ12: K | EL12: K | EM12: K | EN12: K | EO12: K | EP12: K | EQ12: K | ES12: K | ET12: K | EU12: K | EV12: K | EW12: K | EX12: K | EZ12: K | FA12: K | FB12: K | FC12: K | FD12: K | FE12: K | FF12: =(19025+19460)/2 -> 19242.5 | FH12: K | FI12: K | FJ12: K | FK12: K | FL12: K | FM12: K | FO12: K | FP12: K | FQ12: K | FR12: K | FS12: K | FT12: K | FV12: K | FW12: 19460 | FX12: 19104.185 | FY12: 19245.236 | FZ12: 19215.396 | GA12: 19250.04 | GC12: 19171.561 | GD12: K | GE12: K | GF12: 19055.99 | GG12: K | GH12: 19198.741 | GJ12: K | GK12: =(19370+19460+19232+18960)/4 -> 19255.5 | GL12: K | GM12: 19082.605 | GN12: 19025 | GO12: 19025 | GP12: 19306 | GR12: 19368.138
B13: =ROW()-ROW($B$8) -> 5 | C13: 150000004 | D13: B2.1 | E13: Chai PET nước suối | H13: K | I13: K | J13: K | L13: K | M13: K | N13: K | O13: K | P13: K | Q13: K | S13: K | T13: K | U13: K | V13: K | W13: K | X13: K | Z13: K | AD13: K | AO13: K | AP13: K | AQ13: K | AR13: K | AS13: K | AT13: K | AV13: K | AW13: K | AX13: K | AY13: K | AZ13: K | BA13: K | BC13: K | BD13: K | BE13: K | BF13: K | BG13: K | BH13: K | BJ13: K | BK13: K | BL13: K | BM13: K | BN13: K | BO13: 12300 | BP13: K | BR13: K | BS13: K | BT13: K | BU13: K | BV13: K | BW13: K | BY13: K | BZ13: K | CA13: K | CB13: K | CC13: K | CD13: K | CF13: K | CG13: K | CH13: K | CI13: K | CJ13: K | CK13: K | CM13: K | CN13: K | CO13: K | CP13: K | CQ13: K | CR13: K | CT13: K | CU13: 12300 | CV13: K | CW13: K | CX13: K | CY13: K | CZ13: K | DA13: K | DB13: K | DC13: K | DD13: K | DE13: K | DF13: K | DG13: K | DH13: K | DI13: K | DJ13: K | DK13: K | DL13: K | DM13: K | DN13: K | DO13: K | DP13: K | DQ13: K | DR13: K | DS13: K | DT13: K | DU13: K | DV13: K | DW13: K | DX13: K | DY13: K | DZ13: 12300 | EB13: K | EC13: K | EE13: K | EF13: K | EG13: K | EH13: K | EI13: K | EJ13: K | EL13: K | EM13: K | EN13: K | EO13: K | EP13: K | EQ13: K | ES13: K | ET13: K | EU13: K | EV13: K | EW13: K | EX13: K | EZ13: K | FA13: K | FB13: K | FC13: K | FD13: K | FE13: K | FF13: 12300 | FH13: K | FI13: K | FJ13: K | FK13: K | FL13: K | FM13: K | FO13: K | FP13: K | FQ13: K | FR13: K | FS13: K | FT13: K | FV13: K | FW13: K | FX13: K | FY13: K | FZ13: K | GA13: K | GC13: K | GD13: K | GE13: K | GF13: K | GG13: K | GH13: K | GJ13: K | GK13: 12300 | GL13: K | GM13: K | GN13: K | GO13: K | GP13: K | GR13: K
B14: =ROW()-ROW($B$8) -> 6 | C14: 150000187 | D14: B1.3 | E14: Chai PET B1.3 | H14: K | I14: K | J14: K | L14: K | M14: K | N14: K | O14: K | P14: K | Q14: K | S14: K | T14: K | U14: K | V14: K | W14: K | X14: K | Z14: K | AA14: K | AB14: K | AC14: 17030 | AD14: K | AO14: K | AP14: K | AQ14: K | AR14: 17522 | AS14: K | AT14: 17522 | AV14: K | AW14: 17030 | AX14: 17236.562 | AY14: 17030 | AZ14: 17308.226 | BA14: 17162.252 | BC14: 17216.206 | BD14: 17030 | BE14: 17030 | BF14: 17230.532 | BG14: 17030 | BH14: 17030 | BJ14: 17322.17 | BK14: 17030 | BL14: 17151.322 | BM14: 17030 | BN14: 17205.945 | BO14: 17030 | BP14: K | BR14: 17177.28 | BS14: 17248.898 | BT14: 17030 | BU14: 17030 | BV14: 17030 | BW14: 17030 | BY14: 17030 | BZ14: 17574.115 | CA14: 17649.088 | CB14: 17750 | CC14: 17429.314 | CD14: 17750 | CF14: 17750 | CG14: 17750 | CH14: 17577.187 | CI14: 17750 | CJ14: 17750 | CK14: 17750 | CM14: 17750 | CN14: 17750 | CO14: 17682.25 | CP14: 17750 | CQ14: 17750 | CR14: 17750 | CT14: 17750 | CU14: 17030 | CV14: K | CW14: 17838.349 | CX14: 17750 | CY14: 17829.136 | CZ14: 18012.632 | DA14: K | DB14: K | DC14: 18139.268 | DD14: 18976.703 | DE14: 18890 | DF14: 17931.481 | DG14: 18890 | DH14: K | DI14: K | DJ14: 18890 | DK14: 18890 | DL14: 18890 | DM14: 18890 | DN14: 18929.362 | DO14: K | DP14: 18890 | DQ14: 18890 | DR14: 18954.721 | DS14: 18890 | DT14: 18890 | DU14: 18890 | DV14: K | DW14: 18947.458 | DX14: 18890 | DY14: 19025 | DZ14: =(18450+19460+18320+18960)/4 -> 18797.5 | EB14: 18890 | EC14: 18890 | EE14: 18970.826 | EF14: 18890 | EG14: 18890 | EH14: 19149.282 | EI14: 19188.284 | EJ14: 19500 | EL14: 19500 | EM14: K | EN14: 18405.325 | EO14: K | EP14: 18320 | EQ14: 18389.783 | ES14: K | ET14: 18320 | EU14: K | EV14: K | EW14: 18503.342 | EX14: K | EZ14: K | FA14: K | FB14: K | FC14: K | FD14: K | FE14: K | FF14: =(19025+19460+18890+18960)/4 -> 19083.75 | FH14: K | FI14: K | FJ14: K | FK14: K | FL14: K | FM14: 19025 | FO14: K | FP14: 19025 | FQ14: 19025 | FR14: K | FS14: 18976 | FT14: K | FV14: K | FW14: K | FX14: 19025 | FY14: K | FZ14: K | GA14: K | GC14: K | GD14: K | GE14: K | GF14: K | GG14: K | GH14: K | GJ14: K | GK14: =(19370+19460+19232+18960)/4 -> 19255.5 | GL14: K | GM14: K | GN14: K | GO14: K | GP14: K | GR14: K
B15: =ROW()-ROW($B$8) -> 7 | C15: 150000004 | D15: B2.1 | E15: Chai PET B2.1 (có thương hiệu) | F15: 12300 | H15: K | I15: K | J15: K | L15: K | M15: K | N15: K | O15: K | P15: K | Q15: K | S15: K | T15: K | U15: K | V15: K | W15: K | X15: K | Z15: K | AA15: K | AB15: K | AC15: K | AD15: 12300 | AL15: 12300 | AO15: K | AP15: K | AQ15: K | AR15: K | AS15: K | AT15: K | AV15: K | AW15: K | AX15: K | AY15: K | AZ15: K | BA15: K | BC15: K | BD15: 16394 | BE15: K | BF15: K | BG15: K | BH15: K | BJ15: K | BK15: K | BL15: K | BM15: K | BN15: K | BO15: 12300 | BP15: K | BR15: K | BS15: K | BT15: K | BU15: K | BV15: K | BW15: K | BY15: K | BZ15: K | CA15: K | CB15: K | CC15: K | CD15: K | CF15: K | CG15: K | CH15: K | CI15: K | CJ15: K | CK15: K | CM15: K | CN15: K | CO15: K | CP15: K | CQ15: K | CR15: K | CT15: K | CU15: 12300 | CV15: K | CW15: K | CX15: K | CY15: K | CZ15: K | DA15: K | DB15: K | DC15: K | DD15: K | DE15: K | DF15: K | DG15: K | DH15: K | DI15: K | DJ15: K | DK15: K | DL15: K | DM15: K | DN15: K | DO15: K | DP15: K | DQ15: K | DR15: K | DS15: K | DT15: K | DU15: K | DV15: K | DW15: K | DX15: K | DY15: K | DZ15: 12300 | EB15: K | EC15: K | EE15: K | EF15: K | EG15: K | EH15: K | EI15: K | EJ15: K | EL15: K | EM15: K | EN15: K | EO15: K | EP15: K | EQ15: K | ES15: K | ET15: K | EU15: K | EV15: K | EW15: K | EX15: K | EZ15: K | FA15: K | FB15: K | FC15: K | FD15: K | FE15: K | FF15: 12300 | FH15: K | FI15: K | FJ15: K | FK15: K | FL15: K | FM15: K | FO15: K | FP15: K | FQ15: K | FR15: K | FS15: K | FT15: K | FV15: K | FW15: K | FX15: K | FY15: K | FZ15: K | GA15: K | GC15: K | GD15: K | GE15: K | GF15: K | GG15: K | GH15: 12300 | GJ15: K | GK15: 12300 | GL15: K | GM15: K | GN15: K | GO15: K | GP15: K | GR15: K
B16: =ROW()-ROW($B$8) -> 8 | C16: 150000050 | D16: B2.2 | E16: Chai PET B2.2 (không thương hiệu - NCC ngoài) | F16: 12300 | H16: K | I16: K | J16: K | K16: K | L16: K | M16: K | N16: K | O16: K | P16: K | Q16: K | R16: K | S16: K | T16: K | U16: K | V16: K | W16: K | X16: K | Y16: K | Z16: K | AA16: K | AB16: K | AC16: K | AD16: K | AL16: 12300 | AO16: K | AP16: K | AQ16: K | AR16: K | AS16: K | AT16: K | AV16: K | AW16: K | AX16: K | AY16: K | AZ16: K | BA16: K | BC16: K | BD16: K | BE16: K | BF16: K | BG16: K | BH16: 17060.843 | BJ16: K | BK16: K | BL16: 12300 | BM16: K | BN16: K | BO16: 12300 | BP16: K | BR16: K | BS16: K | BT16: K | BU16: K | BV16: K | BW16: K | BY16: K | BZ16: K | CA16: K | CB16: K | CC16: K | CD16: K | CF16: K | CG16: K | CH16: K | CI16: K | CJ16: K | CK16: K | CM16: K | CN16: K | CO16: K | CP16: K | CQ16: 12300 | CR16: K | CT16: K | CU16: 12300 | CV16: K | CW16: K | CX16: K | CY16: K | CZ16: K | DA16: K | DB16: K | DC16: K | DD16: K | DE16: K | DF16: K | DG16: K | DH16: K | DI16: K | DJ16: K | DK16: K | DL16: K | DM16: K | DN16: K | DO16: K | DP16: K | DQ16: K | DR16: K | DS16: K | DT16: K | DU16: K | DV16: K | DW16: K | DX16: K | DY16: K | DZ16: 12300 | EB16: K | EC16: K | EE16: K | EF16: K | EG16: K | EH16: K | EI16: K | EJ16: K | EL16: K | EM16: K | EN16: K | EO16: K | EP16: K | EQ16: K | ES16: K | ET16: K | EU16: K | EV16: K | EW16: K | EX16: K | EZ16: K | FA16: K | FB16: K | FC16: K | FD16: K | FE16: 12300 | FF16: 12300 | FH16: K | FI16: K | FJ16: K | FK16: K | FL16: K | FM16: K | FO16: K | FP16: K | FQ16: K | FR16: K | FS16: K | FT16: K | FV16: K | FW16: K | FX16: K | FY16: K | FZ16: K | GA16: K | GC16: K | GD16: K | GE16: K | GF16: K | GG16: K | GH16: K | GJ16: K | GK16: 12300 | GL16: K | GM16: K | GN16: K | GO16: K | GP16: K | GR16: K
B17: =ROW()-ROW($B$8) -> 9 | C17: 150000050 | D17: B2.2 | E17: Chai PET B2.2 (mua từ Trạm - Mô hình gia công) | F17: 14000 | H17: K | I17: K | J17: K | L17: K | M17: 14300 | N17: K | O17: 14300 | P17: 14300 | Q17: K | S17: 14300 | T17: K | U17: K | V17: 17030 | W17: K | X17: K | Z17: 14300 | AA17: 16914.363 | AB17: 15765.843 | AC17: 17030 | AD17: 17522 | AL17: =(17522+17030)/2 -> 17276 | AO17: K | AP17: 17030 | AQ17: 17030 | AR17: 17030 | AS17: 17030 | AT17: 17290.861 | AV17: 17030 | AW17: K | AX17: 17030 | AY17: 17030 | AZ17: 17030 | BA17: 17030 | BC17: 17522 | BD17: 17030 | BE17: K | BF17: 17060.679 | BG17: K | BH17: K | BJ17: K | BK17: K | BL17: 17030 | BM17: 16832.084 | BN17: K | BO17: =(17750+17250+19300+18800)/4 -> 18275 | BP17: K | BR17: 17030 | BS17: 17522 | BT17: 17030 | BU17: K | BV17: 17030 | BW17: 17030 | BY17: K | BZ17: 17118.862 | CA17: 17030 | CB17: 13500 | CC17: 17030 | CD17: 17030 | CF17: K | CG17: 17750 | CH17: 17750 | CI17: 18000.041 | CJ17: 17750 | CK17: 17750 | CM17: K | CN17: 17217.19 | CO17: K | CP17: 17750 | CQ17: 17750 | CR17: 17750 | CT17: 17748.867 | CU17: =(17750+17250+19300+18800)/4 -> 18275 | CV17: K | CW17: 17750 | CX17: K | CY17: 17750 | CZ17: 17750 | DA17: K | DB17: K | DC17: 18361.668 | DD17: K | DE17: 17750 | DF17: K | DG17: 18890 | DH17: K | DI17: K | DJ17: 17750 | DK17: 18731.787 | DL17: 18388.588 | DM17: 17750 | DN17: 17750 | DO17: K | DP17: 18103.722 | DQ17: 18890 | DR17: 18769.135 | DS17: K | DT17: 17750 | DU17: 18890 | DV17: K | DW17: 18724.728 | DX17: 18890 | DY17: 18890 | DZ17: =(18450+19460+18320+18960)/4 -> 18797.5 | EB17: K | EC17: 18890 | EE17: K | EF17: K | EG17: K | EH17: K | EI17: 18890 | EJ17: 18890 | EL17: 18890 | EM17: K | EN17: 18320 | EO17: 18898.804 | EP17: K | EQ17: 18441.653 | ES17: 18890 | ET17: 18320 | EU17: 18320 | EV17: 18490.869 | EW17: 18407.836 | EX17: 18320 | EZ17: K | FA17: 18320 | FB17: 18450 | FC17: 18556.999 | FD17: 18450 | FE17: 18320 | FF17: =(19025+19460+18890+18960)/4 -> 19083.75 | FH17: 18320 | FI17: K | FJ17: 18320 | FK17: 18320 | FL17: 18463.998 | FM17: 18320 | FO17: 18320 | FP17: 18772 | FQ17: 18692 | FR17: 18760 | FS17: 18890 | FT17: 18320 | FV17: 18570 | FW17: K | FX17: 18616.325 | FY17: K | FZ17: K | GA17: 18890 | GC17: 18976.023 | GD17: K | GE17: 18843.715 | GF17: 18890 | GG17: 18890 | GH17: K | GJ17: 18933.819 | GK17: =(19370+19460+19232+18960)/4 -> 19255.5 | GL17: K | GM17: 18890 | GN17: 18890 | GO17: K | GP17: 18700 | GR17: 18629.278
B18: =ROW()-ROW($B$8) -> 10 | C18: 150000005 | D18: B3 | E18: Chai sting ,chai 247 | F18: 16800 | H18: K | I18: K | J18: K | L18: K | M18: K | N18: K | O18: K | P18: K | Q18: K | S18: K | T18: K | U18: K | V18: K | W18: K | X18: K | Z18: K | AA18: K | AB18: K | AC18: K | AD18: K | AL18: 16800 | AO18: K | AP18: K | AQ18: K | AR18: 17030 | AS18: K | AT18: 17030 | AV18: K | AW18: K | AX18: 17030 | AY18: 17030 | AZ18: K | BA18: K | BC18: K | BD18: K | BE18: K | BF18: K | BG18: K | BH18: K | BJ18: K | BK18: K | BL18: K | BM18: K | BN18: 16600 | BO18: 17200 | BP18: K | BR18: K | BS18: K | BT18: K | BU18: K | BV18: K | BW18: K | BY18: K | BZ18: K | CA18: K | CB18: K | CC18: K | CD18: K | CF18: K | CG18: K | CH18: K | CI18: K | CJ18: K | CK18: K | CM18: K | CN18: K | CO18: K | CP18: K | CQ18: K | CR18: K | CT18: K | CU18: 18000 | CV18: K | CW18: K | CX18: K | CY18: K | CZ18: K | DA18: K | DB18: K | DC18: K | DD18: K | DE18: K | DF18: K | DG18: K | DH18: K | DI18: K | DJ18: K | DK18: K | DL18: K | DM18: K | DN18: K | DO18: K | DP18: K | DQ18: K | DR18: 17500 | DS18: K | DT18: K | DU18: K | DV18: K | DW18: K | DX18: K | DY18: K | DZ18: 17500 | EB18: K | EC18: K | EE18: K | EF18: K | EG18: K | EH18: K | EI18: K | EJ18: K | EL18: K | EM18: K | EN18: K | EO18: K | EP18: K | EQ18: K | ES18: K | ET18: K | EU18: K | EV18: K | EW18: K | EX18: K | EZ18: 17500 | FA18: K | FB18: K | FC18: K | FD18: K | FE18: K | FF18: 17500 | FH18: K | FI18: K | FJ18: K | FK18: K | FL18: K | FM18: K | FO18: K | FP18: K | FQ18: K | FR18: K | FS18: K | FT18: K | FV18: K | FW18: K | FX18: K | FY18: K | FZ18: K | GA18: K | GC18: K | GD18: K | GE18: K | GF18: K | GG18: 17500 | GH18: K | GJ18: K | GK18: 17800 | GL18: K | GM18: K | GN18: K | GO18: K | GP18: K | GR18: K
B19: =ROW()-ROW($B$8) -> 11 | C19: 150000014 | D19: B4 | E19: Chai PET xanh lá (NCC ngoài) | F19: 12300 | H19: K | I19: K | J19: K | K19: K | L19: K | M19: K | N19: K | O19: K | P19: K | Q19: K | R19: K | S19: K | T19: K | U19: K | V19: K | W19: K | X19: K | Y19: K | Z19: K | AA19: K | AB19: K | AC19: K | AD19: K | AE19: K | AF19: K | AG19: K | AH19: K | AI19: K | AJ19: K | AK19: K | AL19: 12300 | AO19: K | AP19: K | AQ19: K | AR19: K | AS19: K | AT19: K | AV19: K | AW19: K | AX19: K | AY19: K | AZ19: K | BA19: K | BC19: K | BD19: K | BE19: K | BF19: K | BG19: K | BH19: K | BJ19: K | BK19: K | BL19: K | BM19: K | BN19: K | BO19: 12300 | BP19: K | BR19: 17522 | BS19: K | BT19: K | BU19: K | BV19: K | BW19: K | BY19: K | BZ19: K | CA19: K | CB19: K | CC19: K | CD19: K | CF19: K | CG19: K | CH19: K | CI19: K | CJ19: K | CK19: K | CM19: K | CN19: K | CO19: K | CP19: K | CQ19: 12300 | CR19: K | CT19: K | CU19: 12300 | CV19: K | CW19: K | CX19: K | CY19: K | CZ19: K | DA19: K | DB19: K | DC19: K | DD19: K | DE19: K | DF19: K | DG19: K | DH19: K | DI19: K | DJ19: K | DK19: K | DL19: K | DM19: 18890 | DN19: K | DO19: K | DP19: K | DQ19: K | DR19: K | DS19: K | DT19: K | DU19: K | DV19: K | DW19: K | DX19: K | DY19: K | DZ19: 12300 | EB19: K | EC19: K | EE19: K | EF19: K | EG19: K | EH19: K | EI19: K | EJ19: K | EL19: K | EM19: K | EN19: K | EO19: K | EP19: K | EQ19: K | ES19: K | ET19: K | EU19: K | EV19: K | EW19: K | EX19: K | EZ19: K | FA19: K | FB19: K | FC19: K | FD19: K | FE19: 12300 | FF19: 12300 | FH19: K | FI19: K | FJ19: K | FK19: K | FL19: K | FM19: K | FO19: K | FP19: K | FQ19: K | FR19: K | FS19: K | FT19: K | FV19: K | FW19: K | FX19: K | FY19: K | FZ19: K | GA19: K | GC19: K | GD19: K | GE19: K | GF19: K | GG19: K | GH19: K | GJ19: K | GK19: 12300 | GL19: K | GM19: K | GN19: K | GO19: K | GP19: K | GR19: K
B20: =ROW()-ROW($B$8) -> 12 | C20: 150000014 | D20: B4 | E20: Chai PET xanh lá (mua từ Trạm - Mô hình gia công) | F20: 14300 | H20: K | I20: K | J20: 14300 | L20: K | M20: K | N20: 14300 | O20: 14300 | P20: K | Q20: 14300 | S20: 14300 | T20: K | U20: K | V20: K | W20: K | X20: K | Z20: 14300 | AA20: K | AB20: 14300 | AC20: K | AD20: K | AL20: =(17522+17030)/2 -> 17276 | AO20: K | AP20: K | AQ20: 16922.167 | AR20: 17030 | AS20: 17522 | AT20: 17030 | AV20: K | AW20: 17522 | AX20: 17030 | AY20: K | AZ20: 17030 | BA20: K | BC20: K | BD20: 17170.645 | BE20: K | BF20: K | BG20: K | BH20: K | BJ20: K | BK20: 17030 | BL20: 17522 | BM20: 16964.975 | BN20: K | BO20: =(17750+17250+19300+18800)/4 -> 18275 | BP20: K | BR20: K | BS20: 17030 | BT20: K | BU20: K | BV20: K | BW20: K | BY20: K | BZ20: 17030 | CA20: 17030 | CB20: 13500 | CC20: K | CD20: 17030 | CF20: K | CG20: K | CH20: K | CI20: K | CJ20: 17577.431 | CK20: K | CM20: 17750 | CN20: 17750 | CO20: 17030 | CP20: K | CQ20: K | CR20: K | CT20: 17750 | CU20: =(17750+17250+19300+18800)/4 -> 18275 | CV20: K | CW20: 17750 | CX20: K | CY20: 17750 | CZ20: K | DA20: K | DB20: K | DC20: K | DD20: 17888.406 | DE20: K | DF20: K | DG20: K | DH20: K | DI20: K | DJ20: K | DK20: 18890 | DL20: 18480.57 | DM20: K | DN20: K | DO20: K | DP20: K | DQ20: 18385.109 | DR20: K | DS20: K | DT20: 18890 | DU20: K | DV20: K | DW20: 18907.876 | DX20: K | DY20: 18890 | DZ20: =(18450+19460+18320+18960)/4 -> 18797.5 | EB20: K | EC20: 18890 | EE20: K | EF20: K | EG20: K | EH20: K | EI20: K | EJ20: 18890 | EL20: K | EM20: K | EN20: 18543.407 | EO20: 18630.679 | EP20: 18890 | EQ20: K | ES20: 18634.607 | ET20: 18320 | EU20: K | EV20: 18890 | EW20: 18457.725 | EX20: 18411.598 | EZ20: K | FA20: K | FB20: 18450 | FC20: 18890 | FD20: K | FE20: 18450 | FF20: =(19025+19460+18890+18960)/4 -> 19083.75 | FH20: 18320 | FI20: K | FJ20: 18320 | FK20: 18890 | FL20: K | FM20: 18320 | FO20: K | FP20: 18399 | FQ20: 18890 | FR20: K | FS20: 18890 | FT20: 18890 | FV20: 18576 | FW20: 19025 | FX20: K | FY20: 18890 | FZ20: K | GA20: 18890 | GC20: 19025 | GD20: K | GE20: 18320 | GF20: 18890 | GG20: K | GH20: K | GJ20: 18994.504 | GK20: =(19370+19460+19232+18960)/4 -> 19255.5 | GL20: K | GM20: 18994.817 | GN20: K | GO20: K | GP20: 18700 | GR20: K
B21: =ROW()-ROW($B$8) -> 13 | C21: 150000015 | D21: B5 | E21: Chai PET nước ngọt màu lơ/ màu dương (NCC ngoài) | F21: 12300 | H21: K | I21: K | J21: K | K21: K | L21: K | M21: K | N21: K | O21: K | P21: K | Q21: K | R21: K | S21: K | T21: K | U21: K | V21: K | W21: K | X21: K | Y21: K | Z21: K | AA21: K | AB21: K | AC21: K | AD21: K | AE21: K | AF21: K | AG21: K | AH21: K | AI21: K | AJ21: K | AK21: K | AL21: 12300 | AO21: K | AP21: K | AQ21: K | AR21: K | AS21: K | AT21: K | AV21: K | AW21: K | AX21: K | AY21: 17030 | AZ21: K | BA21: K | BC21: K | BD21: K | BE21: K | BF21: K | BG21: K | BH21: K | BJ21: K | BK21: K | BL21: 12300 | BM21: K | BN21: K | BO21: 12300 | BP21: K | BR21: K | BS21: K | BT21: K | BU21: K | BV21: K | BW21: K | BY21: K | BZ21: K | CA21: K | CB21: K | CC21: K | CD21: K | CF21: K | CG21: K | CH21: K | CI21: K | CJ21: K | CK21: K | CM21: K | CN21: K | CO21: K | CP21: K | CQ21: K | CR21: K | CT21: K | CU21: 12300 | CV21: K | CW21: K | CX21: K | CY21: K | CZ21: K | DA21: K | DB21: K | DC21: K | DD21: K | DE21: K | DF21: K | DG21: K | DH21: K | DI21: K | DJ21: K | DK21: K | DL21: K | DM21: K | DN21: K | DO21: K | DP21: K | DQ21: K | DR21: K | DS21: K | DT21: K | DU21: K | DV21: K | DW21: K | DX21: K | DY21: K | DZ21: 12300 | EB21: K | EC21: K | EE21: K | EF21: K | EG21: K | EH21: K | EI21: K | EJ21: K | EL21: K | EM21: K | EN21: K | EO21: K | EP21: K | EQ21: K | ES21: K | ET21: K | EU21: K | EV21: K | EW21: K | EX21: K | EZ21: K | FA21: K | FB21: K | FC21: K | FD21: K | FE21: K | FF21: 12300 | FH21: K | FI21: K | FJ21: K | FK21: K | FL21: K | FM21: K | FO21: K | FP21: K | FQ21: K | FR21: K | FS21: K | FT21: K | FV21: K | FW21: K | FX21: K | FY21: K | FZ21: K | GA21: K | GC21: K | GD21: K | GE21: K | GF21: K | GG21: K | GH21: 12300 | GJ21: K | GK21: 12300 | GL21: K | GM21: K | GN21: K | GO21: K | GP21: K | GR21: K
B22: =ROW()-ROW($B$8) -> 14 | C22: 150000015 | D22: B5 | E22: Chai PET nước ngọt màu lơ/ màu dương (mua từ Trạm - Mô hình gia công) | F22: 14300 | H22: K | I22: K | J22: K | L22: K | M22: K | N22: K | O22: 14300 | P22: 14300 | Q22: 14300 | S22: 14300 | T22: K | U22: K | V22: K | W22: 17030 | X22: K | Z22: 14300 | AA22: K | AB22: 14300 | AC22: 17030 | AD22: 17522 | AL22: =(17522+17030)/2 -> 17276 | AO22: 17030 | AP22: K | AQ22: K | AR22: K | AS22: 17030 | AT22: 17522 | AV22: K | AW22: K | AX22: 17030 | AY22: K | AZ22: 17251.416 | BA22: K | BC22: K | BD22: 17522 | BE22: K | BF22: K | BG22: K | BH22: K | BJ22: K | BK22: 17030 | BL22: K | BM22: 17265.486 | BN22: 17030 | BO22: =(17750+17250+19300+18800)/4 -> 18275 | BP22: K | BR22: K | BS22: 17030 | BT22: K | BU22: K | BV22: K | BW22: K | BY22: K | BZ22: 17263.511 | CA22: K | CB22: K | CC22: K | CD22: 17030 | CF22: K | CG22: K | CH22: K | CI22: 18321 | CJ22: 17631.02 | CK22: K | CM22: K | CN22: K | CO22: K | CP22: K | CQ22: K | CR22: 17750 | CT22: 17750 | CU22: =(17750+17250+19300+18800)/4 -> 18275 | CV22: K | CW22: K | CX22: K | CY22: 17750 | CZ22: K | DA22: K | DB22: K | DC22: 17750 | DD22: 17750 | DE22: K | DF22: 17750 | DG22: 18890 | DH22: K | DI22: K | DJ22: K | DK22: 17795.968 | DL22: K | DM22: K | DN22: K | DO22: K | DP22: K | DQ22: 18044.839 | DR22: 18918.234 | DS22: K | DT22: 18890 | DU22: K | DV22: K | DW22: 18907.421 | DX22: K | DY22: 18890 | DZ22: =(18450+19460+18320+18960)/4 -> 18797.5 | EB22: K | EC22: K | EE22: K | EF22: K | EG22: K | EH22: K | EI22: K | EJ22: K | EL22: K | EM22: 18890 | EN22: 18320 | EO22: K | EP22: 18733.243 | EQ22: K | ES22: K | ET22: K | EU22: 18320 | EV22: K | EW22: 18320 | EX22: 18450 | EZ22: 18890 | FA22: K | FB22: 18450 | FC22: 18890 | FD22: K | FE22: K | FF22: =(19025+19460+18890+18960)/4 -> 19083.75 | FH22: 18320 | FI22: K | FJ22: 18320 | FK22: 18450 | FL22: K | FM22: K | FO22: 18436 | FP22: K | FQ22: 18811 | FR22: 18890 | FS22: K | FT22: 18890 | FV22: K | FW22: 18320 | FX22: K | FY22: K | FZ22: K | GA22: 18890 | GC22: 18890 | GD22: K | GE22: 19025 | GF22: 18890 | GG22: K | GH22: K | GJ22: 18890 | GK22: =(19370+19460+19232+18960)/4 -> 19255.5 | GL22: K | GM22: 19011.306 | GN22: K | GO22: K | GP22: 18700 | GR22: K
B23: =ROW()-ROW($B$8) -> 15 | C23: 150000016 | D23: B6.1 | E23: Chai PET B6.1 (có thương hiệu) | F23: 12300 | H23: K | I23: K | J23: K | K23: K | L23: K | M23: K | N23: K | O23: K | P23: K | Q23: K | R23: K | S23: K | T23: K | U23: K | V23: K | W23: K | X23: K | Y23: K | Z23: K | AA23: K | AB23: K | AC23: K | AD23: K | AL23: 12300 | AO23: K | AP23: K | AQ23: K | AR23: K | AS23: K | AT23: K | AV23: K | AW23: K | AX23: K | AY23: K | AZ23: K | BA23: K | BC23: K | BD23: K | BE23: K | BF23: K | BG23: K | BH23: K | BJ23: K | BK23: K | BL23: 12300 | BM23: K | BN23: K | BO23: 12300 | BP23: K | BR23: K | BS23: K | BT23: K | BU23: K | BV23: K | BW23: K | BY23: K | BZ23: K | CA23: K | CB23: K | CC23: K | CD23: K | CF23: K | CG23: K | CH23: K | CI23: K | CJ23: K | CK23: K | CM23: K | CN23: K | CO23: K | CP23: K | CQ23: 12300 | CR23: K | CT23: K | CU23: 12300 | CV23: K | CW23: K | CX23: K | CY23: K | CZ23: K | DA23: K | DB23: K | DC23: K | DD23: K | DE23: K | DF23: K | DG23: K | DH23: K | DI23: K | DJ23: K | DK23: K | DL23: K | DM23: K | DN23: K | DO23: K | DP23: K | DQ23: K | DR23: K | DS23: K | DT23: K | DU23: K | DV23: K | DW23: K | DX23: K | DY23: K | DZ23: 12300 | EB23: K | EC23: K | EE23: K | EF23: K | EG23: K | EH23: K | EI23: K | EJ23: K | EL23: K | EM23: K | EN23: K | EO23: K | EP23: K | EQ23: K | ES23: K | ET23: K | EU23: K | EV23: K | EW23: K | EX23: K | EZ23: K | FA23: K | FB23: K | FC23: K | FD23: K | FE23: 12300 | FF23: 12300 | FH23: K | FI23: K | FJ23: K | FK23: K | FL23: K | FM23: K | FO23: K | FP23: K | FQ23: K | FR23: K | FS23: K | FT23: K | FV23: K | FW23: K | FX23: K | FY23: K | FZ23: K | GA23: K | GC23: K | GD23: K | GE23: K | GF23: K | GG23: K | GH23: 12300 | GJ23: K | GK23: 12300 | GL23: K | GM23: K | GN23: K | GO23: K | GP23: K | GR23: K
A24: =A9+1 -> 3 | B24: =ROW()-ROW($B$8) -> 16 | C24: 150000114 | D24: B6.2 | E24: Chai PET B6.2 (không thương hiệu - NCC ngoài) | F24: 10000 | H24: K | I24: K | J24: K | L24: K | M24: K | N24: K | O24: K | P24: K | Q24: K | R24: K | S24: K | T24: K | U24: K | V24: K | W24: K | X24: K | Y24: K | Z24: K | AA24: K | AB24: K | AC24: K | AD24: K | AE24: K | AF24: K | AG24: K | AH24: K | AI24: K | AJ24: K | AK24: K | AL24: 10000 | AO24: K | AP24: K | AQ24: K | AR24: K | AS24: K | AT24: K | AV24: K | AW24: K | AX24: K | AY24: K | AZ24: K | BA24: K | BC24: K | BD24: 16946.313 | BE24: K | BF24: K | BG24: K | BH24: K | BJ24: K | BK24: K | BL24: K | BM24: 17956.951 | BN24: K | BO24: 10000 | BP24: K | BR24: K | BS24: K | BT24: K | BU24: K | BV24: K | BW24: K | BY24: K | BZ24: K | CA24: K | CB24: K | CC24: K | CD24: K | CF24: K | CG24: K | CH24: K | CI24: K | CJ24: K | CK24: K | CM24: K | CN24: K | CO24: K | CP24: K | CQ24: K | CR24: K | CT24: K | CU24: 10000 | CV24: K | CW24: K | CX24: K | CY24: K | CZ24: K | DA24: K | DB24: K | DC24: K | DD24: K | DE24: K | DF24: K | DG24: K | DH24: K | DI24: K | DJ24: K | DK24: K | DL24: K | DM24: K | DN24: K | DO24: K | DP24: 18220.829 | DQ24: K | DR24: K | DS24: K | DT24: K | DU24: K | DV24: K | DW24: K | DX24: K | DY24: K | DZ24: 10000 | EB24: 18890 | EC24: K | EE24: K | EF24: K | EG24: K | EH24: K | EI24: K | EJ24: K | EL24: K | EM24: K | EN24: K | EO24: K | EP24: K | EQ24: K | ES24: K | ET24: K | EU24: K | EV24: K | EW24: K | EX24: K | EZ24: K | FA24: K | FB24: K | FC24: K | FD24: K | FE24: K | FF24: 10000 | FH24: K | FI24: 18320 | FJ24: K | FK24: K | FL24: K | FM24: K | FO24: K | FP24: K | FQ24: K | FR24: K | FS24: K | FT24: K | FV24: K | FW24: K | FX24: K | FY24: K | FZ24: K | GA24: K | GC24: K | GD24: K | GE24: K | GF24: K | GG24: K | GH24: K | GJ24: K | GK24: 12300 | GL24: K | GM24: K | GN24: K | GO24: K | GP24: K | GR24: K
A25: =A24+1 -> 4 | B25: =ROW()-ROW($B$8) -> 17 | C25: 150000016 | D25: B6 | E25: Chai PET còn lại | H25: K | I25: K | J25: K | L25: K | M25: K | N25: K | O25: K | P25: K | Q25: K | S25: K | T25: K | U25: K | V25: K | W25: K | X25: K | Z25: K | AA25: K | AD25: K | AO25: K | AP25: K | AQ25: K | AT25: K | AW25: K | AX25: K | AY25: K | BH25: K | BL25: K | CF25: K | CV25: K | DA25: K | DB25: K | DH25: K | DI25: K | DO25: K | DV25: K | EE25: K | EH25: K | EJ25: K | FB25: K | FE25: K | FZ25: K | GL25: K
A26: =A25+1 -> 5 | B26: =ROW()-ROW($B$8) -> 18 | C26: 150000019 | D26: A4 | E26: Vảy PET-A4 (rửa nóng) | H26: K | I26: K | J26: K | L26: K | M26: K | N26: K | O26: K | P26: K | Q26: K | S26: K | T26: K | U26: K | V26: K | W26: K | X26: K | Z26: K | AA26: K | AD26: K | AO26: K | AP26: K | AQ26: K | AT26: K | AW26: K | AX26: K | AY26: K | BH26: K | BL26: K | CF26: K | CV26: K | DA26: K | DB26: K | DH26: K | DI26: K | DO26: K | DV26: K | EE26: K | EH26: K | EJ26: K | FB26: K | FE26: K | FZ26: K | GL26: K
B27: 15 | C27: 150000114 | D27: B6.2 | E27: Chai PET B6.2 (không thương hiệu) (mua từ Trạm - Mô hình gia công) | F27: 16000 | H27: K | I27: K | J27: K | L27: K | M27: K | N27: K | O27: K | P27: K | Q27: 16000 | S27: K | T27: K | U27: K | V27: K | W27: K | X27: 16000 | Z27: 16000 | AA27: K | AB27: K | AC27: K | AD27: K | AL27: =(17522+17030)/2 -> 17276 | AO27: K | AP27: K | AQ27: K | AR27: K | AS27: 17030 | AT27: K | AV27: 19846 | AW27: K | AX27: K | AY27: K | AZ27: 18028.265 | BA27: 17030 | BC27: 17030 | BD27: K | BE27: 17636.169 | BF27: 17380.577 | BG27: 17030 | BH27: K | BJ27: 17522 | BK27: 17176.571 | BL27: K | BM27: K | BN27: 17414.762 | BO27: =(17750+17250+19300+18800)/4 -> 18275 | BP27: K | BR27: 19090 | BS27: 19090 | BT27: 17522 | BU27: 19073.632 | BV27: 18284.154 | BW27: 17522 | BY27: 17030 | BZ27: 17855.714 | CA27: 17030 | CB27: 17030 | CC27: 18341.837 | CD27: 17030 | CF27: 17574.226 | CG27: 17921.714 | CH27: 17279.073 | CI27: 18109.003 | CJ27: 18196.309 | CK27: 17139.476 | CM27: 18986.906 | CN27: 18356.313 | CO27: 17109.264 | CP27: 18935.163 | CQ27: 18894.895 | CR27: 18149.028 | CT27: 18115.862 | CU27: =(17750+17250+19300+18800)/4 -> 18275 | CV27: K | CW27: 17030 | CX27: 17750 | CY27: 18045.268 | CZ27: 18890 | DA27: K | DB27: K | DC27: 18110.571 | DD27: 18272.142 | DE27: 18890 | DF27: 18890 | DG27: 18890 | DH27: K | DI27: K | DJ27: 17630.574 | DK27: 18521.237 | DL27: 18305.293 | DM27: 19460 | DN27: 19003.513 | DO27: K | DP27: K | DQ27: 18999.076 | DR27: 18963.653 | DS27: 17903.667 | DT27: 18890 | DU27: 18716.564 | DV27: K | DW27: 18885.389 | DX27: 19305.692 | DY27: 18890 | DZ27: =(18450+19460+18320+18960)/4 -> 18797.5 | EB27: K | EC27: 18890 | EE27: K | EF27: 18890 | EG27: 18890 | EH27: K | EI27: 18507.993 | EJ27: K | EL27: 18890 | EM27: 18942.71 | EN27: 18431.933 | EO27: 18890 | EP27: 18926.072 | EQ27: 19303.666 | ES27: 18392.963 | ET27: 18683.611 | EU27: 18506.278 | EV27: 18379.317 | EW27: 18855.346 | EX27: 18510.771 | EZ27: 18890 | FA27: 18896.974 | FB27: K | FC27: 18718.25 | FD27: 19043.531 | FE27: K | FF27: =(19025+19460+18890+18960)/4 -> 19083.75 | FH27: 18991.512 | FI27: K | FJ27: 18320 | FK27: 18966.036 | FL27: 18523.366 | FM27: 18486.724 | FO27: 18430 | FP27: 19500 | FQ27: 19038 | FR27: 18833 | FS27: 18681 | FT27: 19248 | FV27: 18830 | FW27: 18320 | FX27: 18890 | FY27: 18924.172 | FZ27: K | GA27: 18890 | GC27: 19100.38 | GD27: 18616.244 | GE27: 18890 | GF27: 18956.481 | GG27: 18959.956 | GH27: 19051.371 | GJ27: 18890 | GK27: =(19370+19460+19232+18960)/4 -> 19255.5 | GL27: K | GM27: 18890 | GN27: 18890 | GO27: 18890 | GP27: 18661.817 | GR27: 18607
A28: =A26+1 -> 6 | B28: 16 | C28: 150000051 | D28: A5.1 | E28: Vảy PET-A5.1 (rửa nóng) | F28: 18200 | H28: K | I28: 18200 | J28: 18200 | L28: 18200 | M28: 18200 | N28: 18200 | O28: K | P28: 18200 | Q28: 18200 | S28: 18200 | T28: 18200 | U28: K | V28: K | W28: K | X28: K | Z28: K | AA28: 18200 | AB28: 18200 | AC28: 18200 | AD28: 18200 | AL28: =((18200+300)+19000)/2 -> 18750 | AO28: K | AP28: K | AQ28: K | AR28: 18500 | AS28: 18500 | AT28: 18500 | AV28: 18500 | AW28: K | AX28: K | AY28: 18500 | AZ28: K | BA28: K | BC28: 18500 | BD28: K | BE28: 18500 | BF28: 18500 | BG28: 18681.038 | BH28: 18782.775 | BJ28: 19000 | BK28: 18253.947 | BL28: 18887.186 | BM28: 19000 | BN28: 19000 | BO28: 19200 | BP28: 19200 | BR28: 19200 | BS28: 19200 | BT28: 19200 | BU28: 19200 | BV28: 19200 | BW28: 19200 | BY28: 19137.983 | BZ28: 19200 | CA28: 19200 | CB28: 19200 | CC28: 19200 | CD28: 19200 | CF28: 19200 | CG28: 19200 | CH28: 19200 | CI28: 19200 | CJ28: 19200 | CK28: 19200 | CM28: 19200 | CN28: 19200 | CO28: 19200 | CP28: 19200 | CQ28: 19200 | CR28: 19200 | CT28: 19200 | CU28: 19700 | CV28: 19700 | CW28: 20082.766 | CX28: 20256.887 | CY28: 20117.282 | CZ28: 20003.598 | DA28: 19976.598 | DB28: K | DC28: 19839.247 | DD28: 19963.593 | DE28: 19803.617 | DF28: 19852.978 | DG28: 19973.038 | DH28: 19976.598 | DI28: 19976.598 | DJ28: 19833.197 | DK28: 19891.575 | DL28: 19860.761 | DM28: 19791.283 | DN28: 19913.516 | DO28: 19976.598 | DP28: K | DQ28: 19880.072 | DR28: 19837.44 | DS28: 19844.963 | DT28: 19839.525 | DU28: 19783.976 | DV28: 19976.598 | DW28: 19700 | DX28: 19700 | DY28: 19700 | DZ28: 19000 | EB28: 19000 | EC28: 19000 | EE28: 19188.089 | EF28: 19275.195 | EG28: 19000 | EH28: 19000 | EI28: K | EJ28: 19000 | EL28: 19000 | EM28: 19111.549 | EN28: 19192.838 | EO28: 19087.784 | EP28: 19063.367 | EQ28: 19132.032 | ES28: 19057.689 | ET28: 19090.135 | EU28: 19114.167 | EV28: 19134.284 | EW28: 19090.926 | EX28: 19058.136 | EZ28: 19000 | FA28: 19000 | FB28: 19000 | FC28: 19000 | FD28: 19000 | FE28: 19000 | FF28: 19500 | FH28: 19000 | FI28: 19000 | FJ28: K | FK28: K | FL28: 19500 | FM28: 19500 | FO28: 19500 | FP28: 20011 | FQ28: 20074 | FR28: 20097 | FS28: 19827 | FT28: 20040 | FV28: 19829 | FW28: 20022.118 | FX28: 19794.366 | FY28: 19921.781 | FZ28: 19967.348 | GA28: 19500 | GC28: 20122.826 | GD28: 19650.71 | GE28: 19976.45 | GF28: 19985.694 | GG28: 19714.805 | GH28: 19985.991 | GJ28: 19842.58 | GK28: 19500 | GL28: K | GM28: 19601.744 | GN28: 19025.142 | GO28: 19500 | GP28: 19500 | GR28: 19500
B29: 17 | C29: 150000052 | D29: A5.2 | E29: Vảy PET-A5.2 (rửa nóng) | F29: 17700 | H29: K | I29: 17700 | J29: K | L29: K | M29: K | N29: K | O29: K | P29: K | Q29: K | S29: K | T29: K | U29: K | V29: K | W29: K | X29: K | Z29: 17700 | AA29: K | AB29: 17700 | AC29: K | AD29: 17700 | AL29: =17700+300 -> 18000 | AO29: K | AP29: K | AQ29: K | AR29: K | AS29: K | AT29: K | AV29: 18000 | AW29: 18000 | AX29: 17887.956 | AY29: 18000 | AZ29: K | BA29: K | BC29: K | BD29: K | BE29: K | BF29: K | BG29: K | BH29: K | BJ29: K | BK29: 18000 | BL29: K | BM29: K | BN29: K | BO29: 18700 | BP29: K | BR29: K | BS29: K | BT29: K | BU29: K | BV29: K | BW29: K | BY29: 18700 | BZ29: K | CA29: 18700 | CB29: K | CC29: 18700 | CD29: K | CF29: 18700 | CG29: K | CH29: K | CI29: 18700 | CJ29: 18700 | CK29: K | CM29: K | CN29: 18700 | CO29: K | CP29: K | CQ29: K | CR29: K | CT29: K | CU29: 19200 | CV29: K | CW29: K | CX29: K | CY29: K | CZ29: K | DA29: 19200 | DB29: K | DC29: K | DD29: K | DE29: 19660.168 | DF29: K | DG29: K | DH29: 19200 | DI29: 19200 | DJ29: 19900 | DK29: K | DL29: 19900 | DM29: K | DN29: 19900 | DO29: 19200 | DP29: K | DQ29: 19628.945 | DR29: 19900 | DS29: 19900 | DT29: K | DU29: 19200 | DV29: 19200 | DW29: K | DX29: 19632.186 | DY29: K | DZ29: 18500 | EB29: K | EC29: 19000 | EE29: 19000 | EF29: K | EG29: K | EH29: 18500 | EI29: K | EJ29: K | EL29: K | EM29: K | EN29: K | EO29: K | EP29: 18500 | EQ29: K | ES29: K | ET29: 18500 | EU29: K | EV29: K | EW29: K | EX29: K | EZ29: K | FA29: K | FB29: K | FC29: K | FD29: K | FE29: K | FF29: 19000 | FH29: K | FI29: K | FJ29: K | FK29: K | FL29: K | FM29: K | FO29: K | FP29: K | FQ29: 19000 | FR29: 19000 | FS29: K | FT29: K | FV29: K | FW29: 20000 | FX29: K | FY29: K | FZ29: K | GA29: K | GC29: 19000 | GD29: K | GE29: K | GF29: K | GG29: K | GH29: K | GJ29: 19000 | GK29: 19000 | GL29: K | GM29: K | GN29: 19000 | GO29: 19000 | GP29: K | GR29: 19000
B30: 18 | C30: 150000053 | D30: A6 | E30: Vảy PET-A6 (rửa lạnh) | F30: 17200 | H30: K | I30: K | J30: K | L30: K | M30: K | N30: K | O30: K | P30: K | Q30: 11293.478 | S30: K | T30: K | U30: K | V30: K | W30: K | X30: K | Z30: K | AA30: K | AB30: K | AC30: K | AD30: K | AL30: =17200+300 -> 17500 | AO30: K | AP30: K | AQ30: K | AR30: K | AS30: K | AT30: K | AV30: K | AW30: K | AX30: K | AY30: K | AZ30: K | BA30: K | BC30: K | BD30: K | BE30: K | BF30: K | BG30: K | BH30: K | BJ30: K | BK30: K | BL30: K | BM30: K | BN30: K | BO30: 18200 | BP30: K | BR30: K | BS30: K | BT30: K | BU30: K | BV30: K | BW30: K | BY30: K | BZ30: K | CA30: K | CB30: K | CC30: K | CD30: K | CF30: K | CG30: K | CH30: K | CI30: K | CJ30: K | CK30: K | CM30: K | CN30: K | CO30: K | CP30: K | CQ30: K | CR30: K | CT30: K | CU30: 18700 | CV30: K | CW30: K | CX30: 19791.678 | CY30: K | CZ30: K | DA30: K | DB30: K | DC30: K | DD30: K | DE30: K | DF30: K | DG30: K | DH30: K | DI30: K | DJ30: K | DK30: K | DL30: K | DM30: 20300 | DN30: 20300 | DO30: K | DP30: K | DQ30: 19800 | DR30: 19709.575 | DS30: 20000 | DT30: 20052.127 | DU30: 19800 | DV30: K | DW30: K | DX30: K | DY30: K | DZ30: 18000 | EB30: K | EC30: K | EE30: K | EF30: K | EG30: K | EH30: K | EI30: K | EJ30: K | EL30: K | EM30: K | EN30: K | EO30: K | EP30: K | EQ30: 19800 | ES30: K | ET30: 19800 | EU30: K | EV30: 19800 | EW30: 19800 | EX30: 19800 | EZ30: 19800 | FA30: 19800 | FB30: 19800 | FC30: 19800 | FD30: K | FE30: K | FF30: 18500 | FH30: K | FI30: K | FJ30: K | FK30: K | FL30: K | FM30: K | FO30: K | FP30: K | FQ30: K | FR30: K | FS30: K | FT30: K | FV30: K | FW30: K | FX30: 19800 | FY30: 19800 | FZ30: 19800 | GA30: K | GC30: 19800 | GD30: 19800 | GE30: K | GF30: 19664.064 | GG30: 19800 | GH30: 19800 | GJ30: 19800 | GK30: 18500 | GL30: K | GM30: K | GN30: K | GO30: K | GP30: 19565.44 | GR30: 19800
A31: =#REF!+1 -> #REF! | B31: =ROW()-ROW($B$8) -> 23 | C31: 150000078 | D31: A5.1 | E31: Vảy PET-A5.1.B3 (rửa nóng) | H31: K | I31: K | J31: K | L31: K | M31: K | N31: K | O31: K | P31: K | Q31: K | S31: K | T31: K | U31: K | V31: K | W31: K | X31: K | Z31: K | AA31: K | AD31: K | AO31: K | AP31: K | AQ31: K | AR31: K | AS31: K | AT31: K | AV31: K | AW31: K | AX31: K | AY31: K | AZ31: K | BA31: K | BC31: K | BD31: K | BE31: K | BF31: K | BG31: K | BH31: K | BJ31: K | BK31: K | BL31: K | BM31: K | BN31: K | BP31: K | BR31: K | BS31: K | BU31: K | BV31: K | BW31: K | BY31: K | BZ31: K | CA31: K | CB31: K | CC31: K | CD31: K | CF31: K | CG31: K | CH31: K | CI31: K | CJ31: K | CM31: K | CN31: K | CQ31: K | CV31: K | CZ31: K | DA31: K | DB31: K | DC31: K | DD31: K | DE31: K | DF31: K | DH31: K | DI31: K | DJ31: K | DK31: K | DL31: K | DO31: K | DP31: K | DV31: K | DX31: K | EB31: K | EC31: K | EE31: K | EG31: K | EH31: K | EI31: K | EJ31: K | EL31: K | EM31: K | EO31: K | EP31: K | EU31: K | FD31: K | FH31: K | FI31: K | FJ31: K | FK31: K | FL31: K | FM31: K | FO31: K | FP31: K | FR31: K | FS31: K | FV31: K | FW31: K | GA31: K | GL31: K | GM31: K
A32: =A31+1 -> #REF! | B32: =ROW()-ROW($B$8) -> 24 | C32: 150000079 | D32: A5.2 | E32: Vảy PET-A5.2.B3 (rửa nóng) | H32: K | I32: K | J32: K | L32: K | M32: K | N32: K | O32: K | P32: K | Q32: K | S32: K | T32: K | U32: K | V32: K | W32: K | X32: K | Z32: K | AA32: K | AD32: K | AO32: K | AP32: K | AQ32: K | AR32: K | AS32: K | AT32: K | AV32: K | AW32: K | AX32: K | AY32: K | AZ32: K | BA32: K | BC32: K | BD32: K | BE32: K | BF32: K | BG32: K | BH32: K | BJ32: K | BK32: K | BL32: K | BM32: K | BN32: K | BP32: K | BR32: K | BS32: K | BU32: K | BV32: K | BW32: K | BY32: K | BZ32: K | CA32: K | CB32: K | CC32: K | CD32: K | CF32: K | CG32: K | CH32: K | CI32: K | CJ32: K | CM32: K | CN32: K | CQ32: K | CV32: K | CZ32: K | DA32: K | DB32: K | DC32: K | DD32: K | DE32: K | DF32: K | DH32: K | DI32: K | DJ32: K | DK32: K | DL32: K | DO32: K | DP32: K | DV32: K | DX32: K | EB32: K | EC32: K | EE32: K | EG32: K | EH32: K | EI32: K | EJ32: K | EL32: K | EM32: K | EO32: K | EP32: K | EU32: K | FD32: K | FH32: K | FI32: K | FJ32: K | FK32: K | FL32: K | FM32: K | FO32: K | FP32: K | FR32: K | FS32: K | FV32: K | FW32: K | GA32: K | GL32: K | GM32: K
A33: =#REF!+1 -> #REF! | B33: =ROW()-ROW($B$8) -> 25 | C33: 150000018 | D33: A6 | E33: Vảy PET-A6.B3 (rửa lạnh) | H33: K | I33: K | J33: K | L33: K | M33: K | N33: K | O33: K | P33: K | Q33: K | S33: K | T33: K | U33: K | V33: K | W33: K | X33: K | Z33: K | AA33: K | AD33: K | AO33: K | AP33: K | AQ33: K | AR33: K | AS33: K | AT33: K | AV33: K | AW33: K | AX33: K | AY33: K | AZ33: K | BA33: K | BC33: K | BD33: K | BE33: K | BF33: K | BG33: K | BH33: K | BJ33: K | BK33: K | BL33: K | BM33: K | BN33: K | BP33: K | BR33: K | BS33: K | BU33: K | BV33: K | BW33: K | BY33: K | BZ33: K | CA33: K | CB33: K | CC33: K | CD33: K | CF33: K | CG33: K | CH33: K | CI33: K | CJ33: K | CM33: K | CN33: K | CQ33: K | CV33: K | CZ33: K | DA33: K | DB33: K | DC33: K | DD33: K | DE33: K | DF33: K | DH33: K | DI33: K | DJ33: K | DK33: K | DL33: K | DO33: K | DP33: K | DV33: K | DX33: K | EB33: K | EC33: K | EE33: K | EG33: K | EH33: K | EI33: K | EJ33: K | EL33: K | EM33: K | EO33: K | EP33: K | EU33: K | FD33: K | FH33: K | FI33: K | FJ33: K | FK33: K | FL33: K | FM33: K | FO33: K | FP33: K | FR33: K | FS33: K | FV33: K | FW33: K | GA33: K | GL33: K | GM33: K
B34: 19 | C34: 150000061 | D34: B6 | E34: Vảy PET B6 thử nghiệm | F34: 18250 | H34: K | I34: 18250 | J34: 18250 | L34: 18250 | M34: 18250 | N34: K | O34: 18250 | P34: K | Q34: 18250 | S34: 18250 | T34: 18250 | U34: 18250 | V34: K | W34: 18250 | X34: K | Z34: 18250 | AA34: K | AB34: 18250 | AC34: 18250 | AD34: K | AL34: 18250 | AO34: K | AP34: K | AQ34: K | AR34: K | AS34: K | AT34: K | AV34: K | AW34: K | AX34: K | AY34: K | AZ34: K | BA34: K | BC34: K | BD34: K | BE34: K | BF34: K | BG34: K | BH34: K | BJ34: K | BK34: K | BL34: K | BM34: K | BN34: K | BO34: 18250 | BP34: K | BR34: K | BS34: K | BT34: 18250 | BU34: K | BV34: K | BW34: K | BY34: K | BZ34: K | CA34: K | CB34: K | CC34: K | CD34: K | CF34: 22721 | CG34: K | CH34: K | CI34: K | CJ34: K | CK34: 19000 | CM34: K | CN34: K | CO34: 19000 | CP34: 19000 | CQ34: K | CR34: 19000 | CT34: 19000 | CU34: =13500+6500 -> 20000 | CV34: K | CW34: 19000 | CX34: K | CY34: 20000 | CZ34: K | DA34: K | DB34: K | DC34: K | DD34: K | DE34: K | DF34: K | DG34: 20000 | DH34: K | DI34: K | DJ34: K | DK34: K | DL34: K | DM34: 20000 | DN34: K | DO34: K | DP34: K | DQ34: K | DR34: K | DS34: K | DT34: 20000 | DU34: K | DV34: K | DW34: 20000 | DX34: K | DY34: 20000 | DZ34: =13500+6500 -> 20000 | EB34: K | EC34: K | EE34: K | EF34: 20000 | EG34: K | EH34: K | EI34: K | EJ34: K | EL34: K | EM34: K | EN34: 19500 | EO34: K | EP34: K | EQ34: K | ES34: 19500 | ET34: K | EU34: K | EV34: K | EW34: 19217.921 | EX34: K | EZ34: 19500 | FA34: 19500 | FB34: 19500 | FC34: 19500 | FD34: K | FE34: 19500 | FF34: =13500+6500 -> 20000 | FH34: K | FI34: K | FJ34: K | FK34: K | FL34: K | FM34: K | FO34: K | FP34: K | FQ34: 19500 | FR34: K | FS34: K | FT34: 19727 | FV34: K | FW34: K | FX34: K | FY34: K | FZ34: K | GA34: K | GC34: 20000 | GD34: K | GE34: 20000 | GF34: 20000 | GG34: K | GH34: K | GJ34: 20000 | GK34: =13500+6500 -> 20000 | GL34: K | GM34: K | GN34: 20000 | GO34: 20000 | GP34: K | GR34: K
B35: 20 | C35: 150000182 | E35: Cổ Chai PET (mua từ Trạm - Mô hình gia công) | F35: 14000 | H35: K | I35: K | J35: K | L35: K | M35: 14000 | N35: K | O35: K | P35: K | Q35: K | S35: K | T35: K | U35: K | V35: K | W35: K | X35: K | Z35: K | AA35: K | AB35: K | AC35: K | AD35: K | AL35: 2800 | AO35: K | AP35: K | AQ35: K | AR35: K | AS35: K | AT35: K | AV35: K | AW35: K | AX35: K | AY35: K | AZ35: K | BA35: K | BC35: K | BD35: K | BE35: K | BF35: K | BG35: K | BH35: K | BJ35: K | BK35: K | BL35: K | BM35: K | BN35: K | BO35: 10000 | BP35: K | BR35: K | BS35: K | BT35: K | BU35: K | BV35: K | BW35: K | BY35: K | BZ35: K | CA35: K | CB35: K | CC35: K | CD35: K | CF35: K | CG35: K | CH35: K | CI35: K | CJ35: K | CK35: K | CM35: K | CN35: K | CO35: K | CP35: K | CQ35: K | CR35: K | CT35: K | CU35: 10000 | CV35: K | CW35: K | CX35: K | CY35: K | CZ35: K | DA35: K | DB35: K | DC35: K | DD35: K | DE35: K | DF35: K | DG35: K | DH35: K | DI35: K | DJ35: K | DK35: K | DL35: K | DM35: K | DN35: K | DO35: K | DP35: K | DQ35: K | DR35: K | DS35: K | DT35: K | DU35: K | DV35: K | DW35: K | DX35: K | DY35: K | DZ35: 10000 | EB35: K | EC35: K | EE35: K | EF35: K | EG35: K | EH35: K | EI35: K | EJ35: K | EL35: K | EM35: K | EN35: K | EO35: K | EP35: K | EQ35: K | ES35: K | ET35: K | EU35: K | EV35: K | EW35: K | EX35: 10000 | EZ35: 10000 | FA35: K | FB35: 10000 | FC35: 10000 | FD35: K | FE35: K | FF35: 10000 | FH35: K | FI35: K | FJ35: K | FK35: K | FL35: K | FM35: K | FO35: K | FP35: K | FQ35: K | FR35: K | FS35: K | FT35: K | FV35: K | FW35: K | FX35: K | FY35: K | FZ35: K | GA35: K | GC35: 10000 | GD35: K | GE35: 10000 | GF35: K | GG35: K | GH35: K | GJ35: K | GK35: 10000 | GL35: K | GM35: K | GN35: 10000 | GO35: K | GP35: K | GR35: K
A36: II. Vảy HDPE | B36: III. HD
A37: 1 | B37: =ROW()-ROW($B$36) -> 1 | C37: 150000008 | D37: HV-01.1 | E37: Vảy HD trong loại 1 | F37: 21500 | H37: K | I37: K | J37: K | L37: K | M37: K | N37: 21500 | O37: K | P37: K | Q37: K | S37: K | T37: K | U37: K | V37: K | W37: K | X37: K | Z37: 21500 | AA37: K | AB37: K | AC37: 21500 | AD37: K | AL37: 21500 | AO37: K | AP37: K | AQ37: K | AR37: K | AS37: K | AT37: K | AV37: K | AW37: K | AX37: K | AY37: 21500 | AZ37: K | BA37: K | BC37: K | BD37: K | BE37: K | BF37: K | BG37: K | BH37: K | BJ37: 21500 | BK37: K | BL37: K | BM37: K | BN37: 21500 | BO37: 21500 | BP37: K | BR37: K | BS37: K | BT37: K | BU37: K | BV37: K | BW37: 21500 | BY37: K | BZ37: K | CA37: K | CB37: K | CC37: K | CD37: 21500 | CF37: K | CG37: K | CH37: K | CI37: K | CJ37: 21500 | CK37: K | CM37: K | CN37: K | CO37: K | CP37: K | CQ37: 21500 | CR37: K | CT37: K | CU37: 21500 | CV37: K | CW37: K | CX37: K | CY37: 21500 | CZ37: K | DA37: K | DB37: K | DC37: K | DD37: K | DE37: K | DF37: K | DG37: 21500 | DH37: K | DI37: K | DJ37: K | DK37: K | DL37: K | DM37: K | DN37: 21500 | DO37: K | DP37: K | DQ37: K | DR37: K | DS37: K | DT37: 21500 | DU37: K | DV37: K | DW37: K | DX37: K | DY37: K | DZ37: 21500 | EB37: K | EC37: K | EE37: K | EF37: K | EG37: K | EH37: K | EI37: 21500 | EJ37: K | EL37: K | EM37: K | EN37: 21500 | EO37: K | EP37: K | EQ37: K | ES37: K | ET37: K | EU37: K | EV37: K | EW37: 21500 | EX37: K | EZ37: K | FA37: K | FB37: K | FC37: K | FD37: K | FE37: K | FF37: 21500 | FH37: K | FI37: K | FJ37: 21281.868 | FK37: K | FL37: K | FM37: K | FO37: K | FP37: K | FQ37: 21500 | FR37: K | FS37: K | FT37: K | FV37: K | FW37: K | FX37: K | FY37: K | FZ37: K | GA37: K | GC37: K | GD37: K | GE37: K | GF37: K | GG37: K | GH37: K | GJ37: K | GK37: 21500 | GL37: K | GM37: K | GN37: K | GO37: K | GP37: K | GR37: K
B38: =ROW()-ROW($B$36) -> 2 | C38: 150000106 | D38: HV-01.1_TM | E38: Vảy HD thổi trong L1 HV01.1_TM | F38: 21200 | H38: K | I38: K | J38: K | L38: K | M38: K | N38: K | O38: K | P38: K | Q38: K | S38: K | T38: K | U38: K | V38: K | W38: K | X38: K | Z38: K | AA38: K | AB38: K | AC38: K | AD38: K | AL38: 21200 | AO38: K | AP38: K | AQ38: K | AR38: K | AS38: K | AT38: K | AV38: K | AW38: K | AX38: K | AY38: K | AZ38: K | BA38: K | BC38: K | BD38: K | BE38: K | BF38: K | BG38: K | BH38: K | BJ38: K | BK38: K | BL38: K | BM38: K | BN38: K | BO38: 21200 | BP38: K | BR38: K | BS38: K | BT38: K | BU38: K | BV38: K | BW38: K | BY38: K | BZ38: K | CA38: K | CB38: K | CC38: K | CD38: K | CF38: K | CG38: K | CH38: K | CI38: K | CJ38: K | CK38: K | CM38: K | CN38: K | CO38: K | CP38: K | CQ38: K | CR38: K | CT38: K | CU38: 21200 | CV38: K | CW38: K | CX38: K | CY38: K | CZ38: K | DA38: K | DB38: K | DC38: K | DD38: K | DE38: K | DF38: K | DG38: K | DH38: K | DI38: K | DJ38: K | DK38: K | DL38: K | DM38: K | DN38: K | DO38: K | DP38: K | DQ38: K | DR38: K | DS38: K | DT38: K | DU38: K | DV38: K | DW38: K | DX38: K | DY38: K | DZ38: 21200 | EB38: K | EC38: K | EE38: K | EF38: 20000 | EG38: 19500 | EH38: 19737.558 | EI38: 20000 | EJ38: 20000 | EL38: K | EM38: K | EN38: 20000 | EO38: 20000 | EP38: 20000 | EQ38: 20000 | ES38: 20000 | ET38: 20000 | EU38: 20000 | EV38: 20000 | EW38: 20000 | EX38: 20000 | EZ38: K | FA38: K | FB38: K | FC38: K | FD38: K | FE38: K | FF38: 21200 | FH38: 19500 | FI38: 19500 | FJ38: 19500 | FK38: 19500 | FL38: 19500 | FM38: 19500 | FO38: 19500 | FP38: K | FQ38: 19500 | FR38: K | FS38: K | FT38: K | FV38: K | FW38: K | FX38: 19500 | FY38: K | FZ38: K | GA38: K | GC38: K | GD38: K | GE38: K | GF38: K | GG38: K | GH38: K | GJ38: K | GK38: 21200 | GL38: K | GM38: K | GN38: K | GO38: 19500 | GP38: 19500 | GR38: 19500
B39: =ROW()-ROW($B$36) -> 3 | C39: 150000036 | D39: HV-01.2 | E39: Vảy HD trong loại 2 | F39: 21000 | H39: K | I39: K | J39: K | L39: K | M39: K | N39: K | O39: K | P39: K | Q39: K | S39: K | T39: K | U39: K | V39: K | W39: K | X39: K | Z39: K | AA39: K | AB39: K | AC39: K | AD39: K | AL39: 21000 | AO39: K | AP39: K | AQ39: K | AR39: K | AS39: K | AT39: K | AV39: K | AW39: K | AX39: K | AY39: K | AZ39: K | BA39: K | BC39: K | BD39: K | BE39: K | BF39: K | BG39: K | BH39: K | BJ39: K | BK39: K | BL39: K | BM39: K | BN39: K | BO39: 21000 | BP39: K | BR39: K | BS39: K | BT39: K | BU39: K | BV39: K | BW39: K | BY39: K | BZ39: K | CA39: K | CB39: K | CC39: K | CD39: K | CF39: K | CG39: K | CH39: K | CI39: K | CJ39: K | CK39: K | CM39: K | CN39: K | CO39: K | CP39: K | CQ39: K | CR39: K | CT39: K | CU39: 21000 | CV39: K | CW39: K | CX39: K | CY39: K | CZ39: K | DA39: K | DB39: K | DC39: K | DD39: K | DE39: K | DF39: K | DG39: K | DH39: K | DI39: K | DJ39: K | DK39: K | DL39: K | DM39: K | DN39: K | DO39: K | DP39: K | DQ39: K | DR39: K | DS39: K | DT39: K | DU39: K | DV39: K | DW39: K | DX39: K | DY39: K | DZ39: 21000 | EB39: K | EC39: K | EE39: K | EF39: K | EG39: K | EH39: K | EI39: K | EJ39: K | EL39: K | EM39: K | EN39: K | EO39: K | EP39: K | EQ39: K | ES39: K | ET39: K | EU39: K | EV39: K | EW39: K | EX39: K | EZ39: K | FA39: K | FB39: K | FC39: K | FD39: K | FE39: K | FF39: 21000 | FH39: K | FI39: K | FJ39: K | FK39: K | FL39: K | FM39: K | FO39: K | FP39: K | FQ39: K | FR39: K | FS39: K | FT39: K | FV39: K | FW39: K | FX39: K | FY39: K | FZ39: K | GA39: K | GC39: K | GD39: K | GE39: K | GF39: K | GG39: K | GH39: K | GJ39: K | GK39: 21000 | GL39: K | GM39: K | GN39: K | GO39: K | GP39: K | GR39: K
B40: =ROW()-ROW($B$36) -> 4 | C40: 150000104 | D40: HV-01.1 | E40: Vảy HD thổi trong L1 HV01.1_KR | H40: K | I40: K | J40: K | L40: K | M40: K | N40: K | O40: K | P40: K | Q40: K | S40: K | T40: K | U40: K | V40: K | W40: K | X40: K | Z40: K | AA40: K | AB40: K | AC40: K | AD40: K | AO40: K | AP40: K | AQ40: K | AR40: K | AS40: K | AT40: K | AV40: K | AW40: K | AX40: K | AY40: K | AZ40: K | BA40: K | BC40: K | BD40: K | BE40: K | BF40: K | BG40: K | BH40: K | BJ40: K | BK40: K | BL40: K | BM40: K | BN40: K | BP40: K | BR40: K | BS40: K | BT40: K | BU40: K | BV40: K | BW40: K | BY40: K | BZ40: K | CA40: K | CB40: K | CC40: K | CD40: K | CF40: K | CG40: K | CH40: K | CI40: K | CJ40: K | CK40: K | CM40: K | CN40: K | CO40: K | CP40: K | CQ40: K | CR40: K | CT40: K | CV40: K | CW40: K | CX40: K | CY40: K | CZ40: K | DA40: K | DB40: K | DC40: K | DD40: K | DE40: K | DF40: K | DG40: K | DH40: K | DI40: K | DJ40: K | DK40: K | DL40: K | DM40: K | DN40: K | DO40: K | DP40: K | DQ40: K | DR40: K | DS40: K | DT40: K | DU40: K | DV40: K | DW40: K | DX40: K | DY40: K | EB40: K | EC40: K | EE40: K | EF40: K | EG40: K | EH40: K | EI40: K | EJ40: K | EL40: K | EM40: K | EN40: K | EO40: K | EP40: K | EQ40: K | ES40: K | ET40: K | EU40: K | EV40: K | EW40: K | EX40: K | EZ40: K | FA40: K | FB40: K | FC40: K | FD40: K | FE40: K | FH40: K | FI40: K | FJ40: K | FK40: K | FL40: K | FM40: K | FO40: K | FP40: K | FQ40: K | FR40: K | FS40: K | FT40: K | FV40: K | FW40: K | FX40: K | FY40: K | FZ40: K | GA40: K | GC40: K | GD40: K | GE40: K | GF40: K | GG40: K | GH40: K | GJ40: K | GL40: K | GM40: K | GN40: K | GO40: K | GP40: K | GR40: K
B41: =ROW()-ROW($B$36) -> 5 | C41: 150000105 | D41: HV-01.1 | E41: Vảy HD thổi trong L1 HV01.1_RL | H41: K | I41: K | J41: K | L41: K | M41: K | N41: K | O41: K | P41: K | Q41: K | S41: K | T41: K | U41: K | V41: K | W41: K | X41: K | Z41: K | AA41: K | AB41: K | AC41: K | AD41: K | AO41: K | AP41: K | AQ41: K | AR41: K | AS41: K | AT41: K | AV41: K | AW41: K | AX41: K | AY41: K | AZ41: K | BA41: K | BC41: K | BD41: K | BE41: K | BF41: K | BG41: K | BH41: K | BJ41: K | BK41: K | BL41: K | BM41: K | BN41: K | BP41: K | BR41: K | BS41: K | BT41: K | BU41: K | BV41: K | BW41: K | BY41: K | BZ41: K | CA41: K | CB41: K | CC41: K | CD41: K | CF41: K | CG41: K | CH41: K | CI41: K | CJ41: K | CK41: K | CM41: K | CN41: K | CO41: K | CP41: K | CQ41: K | CR41: K | CT41: K | CV41: K | CW41: K | CX41: K | CY41: K | CZ41: K | DA41: K | DB41: K | DC41: K | DD41: K | DE41: K | DF41: K | DG41: K | DH41: K | DI41: K | DJ41: K | DK41: K | DL41: K | DM41: K | DN41: K | DO41: K | DP41: K | DQ41: K | DR41: K | DS41: K | DT41: K | DU41: K | DV41: K | DW41: K | DX41: K | DY41: K | EB41: K | EC41: K | EE41: K | EF41: K | EG41: K | EH41: K | EI41: K | EJ41: K | EL41: K | EM41: K | EN41: K | EO41: K | EP41: K | EQ41: K | ES41: K | ET41: K | EU41: K | EV41: K | EW41: K | EX41: K | EZ41: K | FA41: K | FB41: K | FC41: K | FD41: K | FE41: K | FH41: K | FI41: K | FJ41: K | FK41: K | FL41: K | FM41: K | FO41: K | FP41: K | FQ41: K | FR41: K | FS41: K | FT41: K | FV41: K | FW41: K | FX41: K | FY41: K | FZ41: K | GA41: K | GC41: K | GD41: K | GE41: K | GF41: K | GG41: K | GH41: K | GJ41: K | GL41: K | GM41: K | GN41: K | GO41: K | GP41: K | GR41: K
B42: 4 | C42: 150000047 | D42: HV-01.3 | E42: Vảy HD trong loại 3 | F42: 22000 | H42: K | I42: K | J42: K | L42: K | M42: K | N42: K | O42: K | P42: K | Q42: K | S42: K | T42: K | U42: K | V42: K | W42: K | X42: K | Z42: K | AA42: K | AB42: K | AC42: K | AD42: K | AL42: 22000 | AO42: K | AP42: K | AQ42: K | AR42: K | AS42: K | AT42: K | AV42: K | AW42: K | AX42: K | AY42: K | AZ42: K | BA42: K | BC42: K | BD42: K | BE42: K | BF42: K | BG42: K | BH42: K | BJ42: K | BK42: K | BL42: K | BM42: K | BN42: K | BO42: 22000 | BP42: K | BR42: K | BS42: K | BT42: K | BU42: K | BV42: K | BW42: K | BY42: K | BZ42: K | CA42: K | CB42: K | CC42: K | CD42: K | CF42: K | CG42: K | CH42: K | CI42: K | CJ42: K | CK42: K | CM42: K | CN42: K | CO42: K | CP42: K | CQ42: K | CR42: K | CT42: K | CU42: 22000 | CV42: K | CW42: K | CX42: K | CY42: K | CZ42: K | DA42: K | DB42: K | DC42: K | DD42: K | DE42: K | DF42: K | DG42: K | DH42: K | DI42: K | DJ42: K | DK42: K | DL42: K | DM42: K | DN42: K | DO42: K | DP42: K | DQ42: K | DR42: K | DS42: K | DT42: K | DU42: K | DV42: K | DW42: K | DX42: K | DY42: K | DZ42: 22000 | EB42: K | EC42: K | EE42: K | EF42: K | EG42: K | EH42: K | EI42: K | EJ42: K | EL42: K | EM42: K | EN42: K | EO42: K | EP42: K | EQ42: K | ES42: K | ET42: K | EU42: K | EV42: K | EW42: K | EX42: K | EZ42: K | FA42: K | FB42: K | FC42: K | FD42: K | FE42: K | FF42: 22000 | FH42: K | FI42: K | FJ42: K | FK42: K | FL42: K | FM42: K | FO42: K | FP42: K | FQ42: K | FR42: K | FS42: K | FT42: K | FV42: K | FW42: K | FX42: K | FY42: K | FZ42: K | GA42: K | GC42: K | GD42: K | GE42: K | GF42: K | GG42: K | GH42: K | GJ42: K | GK42: 22000 | GL42: K | GM42: K | GN42: K | GO42: K | GP42: K | GR42: K
B43: 20 | C43: 150000037 | D43: HV-02.1 | E43: Vảy HD trắng sữa loại 1 | F43: 19500 | H43: K | I43: K | J43: K | L43: K | M43: K | N43: K | O43: K | P43: K | Q43: K | S43: K | T43: K | U43: K | V43: K | W43: K | X43: K | Z43: K | AA43: K | AB43: K | AC43: K | AD43: K | AO43: K | AP43: K | AQ43: K | AR43: K | AS43: K | AT43: K | AV43: K | AW43: K | AX43: K | AY43: K | AZ43: K | BA43: K | BC43: K | BD43: K | BE43: K | BF43: K | BG43: K | BH43: K | BJ43: K | BK43: K | BL43: K | BM43: K | BO43: 19500 | BP43: K | BR43: K | BS43: K | BT43: K | BU43: K | BV43: K | BW43: K | BY43: K | BZ43: K | CA43: K | CB43: K | CC43: K | CD43: K | CF43: K | CG43: K | CH43: K | CI43: K | CJ43: K | CK43: K | CM43: K | CN43: K | CO43: K | CP43: K | CQ43: K | CR43: K | CT43: K | CU43: 19500 | CV43: K | CW43: K | CX43: K | CY43: K | CZ43: K | DB43: K | DC43: K | DD43: K | DE43: K | DF43: K | DG43: K | DK43: K | DL43: K | DM43: K | DN43: K | DP43: K | DQ43: K | DR43: K | DS43: K | DT43: K | DU43: K | DW43: K | DX43: K | DY43: K | DZ43: 19500 | EB43: K | EC43: K | EE43: K | EF43: K | EG43: K | EI43: K | EJ43: K | EL43: K | EM43: K | EN43: K | EO43: K | EP43: K | EQ43: K | ES43: K | ET43: K | EU43: K | EV43: K | EW43: K | EX43: K | EZ43: K | FA43: K | FB43: K | FC43: K | FD43: K | FE43: K | FF43: 19500 | FH43: K | FI43: K | FJ43: K | FK43: K | FL43: K | FM43: K | FO43: K | FP43: K | FQ43: K | FR43: K | FS43: K | FT43: K | FV43: K | FW43: K | FX43: K | FY43: K | FZ43: K | GA43: K | GC43: K | GD43: K | GE43: K | GF43: K | GG43: K | GH43: K | GJ43: K | GK43: 19500 | GL43: K | GM43: K | GN43: K | GO43: K | GP43: K | GR43: K
B44: 21 | C44: 150000048 | D44: HV-02.2 | E44: Vảy HD trắng sữa loại 2 | F44: 18000 | H44: K | I44: K | J44: K | L44: K | M44: K | N44: K | O44: K | P44: K | Q44: K | S44: K | T44: K | U44: K | V44: K | W44: K | X44: K | Z44: K | AA44: K | AB44: K | AC44: K | AD44: K | AO44: K | AP44: K | AQ44: K | AR44: K | AS44: K | AT44: K | AV44: K | AW44: K | AX44: K | AY44: K | AZ44: K | BA44: K | BC44: K | BD44: K | BE44: K | BF44: K | BG44: K | BH44: K | BJ44: K | BK44: K | BL44: K | BM44: K | BO44: 18000 | BP44: K | BR44: K | BS44: K | BT44: K | BU44: K | BV44: K | BW44: K | BY44: K | BZ44: K | CA44: K | CB44: K | CC44: K | CD44: K | CF44: K | CG44: K | CH44: K | CI44: K | CJ44: K | CK44: K | CM44: K | CN44: K | CO44: K | CP44: K | CQ44: K | CR44: K | CT44: K | CU44: 18000 | CV44: K | CW44: K | CX44: K | CY44: K | CZ44: K | DB44: K | DC44: K | DD44: K | DE44: K | DF44: K | DG44: K | DK44: K | DL44: K | DM44: K | DN44: K | DP44: K | DQ44: K | DR44: K | DS44: K | DT44: K | DU44: K | DW44: K | DX44: K | DY44: K | DZ44: 18000 | EB44: K | EC44: K | EE44: K | EF44: K | EG44: K | EI44: K | EJ44: K | EL44: K | EM44: K | EN44: K | EO44: K | EP44: K | EQ44: K | ES44: K | ET44: K | EU44: K | EV44: K | EW44: K | EX44: K | EZ44: K | FA44: K | FB44: K | FC44: K | FD44: K | FE44: K | FF44: 18000 | FH44: K | FI44: K | FJ44: K | FK44: K | FL44: K | FM44: K | FO44: K | FP44: K | FQ44: K | FR44: K | FS44: K | FT44: K | FV44: K | FW44: K | FX44: K | FY44: K | FZ44: K | GA44: K | GC44: K | GD44: K | GE44: K | GF44: K | GG44: K | GH44: K | GJ44: K | GK44: 18000 | GL44: K | GM44: K | GN44: K | GO44: K | GP44: K | GR44: K
B45: 5 | C45: 150000012 | D45: HV-03.1 | E45: Vảy HD Thổi Vàng | F45: 19000 | H45: K | I45: K | J45: K | L45: K | M45: K | N45: K | O45: K | P45: K | Q45: K | S45: K | T45: K | U45: K | V45: K | W45: K | X45: K | Z45: K | AA45: K | AB45: K | AC45: 19000 | AD45: K | AL45: 19000 | AO45: K | AP45: K | AQ45: K | AR45: K | AS45: K | AT45: K | AV45: K | AW45: K | AX45: K | AY45: K | AZ45: K | BA45: K | BC45: K | BD45: K | BE45: K | BF45: K | BG45: K | BH45: K | BJ45: K | BK45: K | BL45: K | BM45: K | BN45: 19475 | BO45: 19000 | BP45: K | BR45: K | BS45: K | BT45: K | BU45: K | BV45: K | BW45: K | BY45: K | BZ45: K | CA45: K | CB45: K | CC45: K | CD45: K | CF45: K | CG45: K | CH45: K | CI45: K | CJ45: K | CK45: K | CM45: K | CN45: K | CO45: K | CP45: K | CQ45: K | CR45: K | CT45: K | CU45: 19500 | CV45: K | CW45: K | CX45: K | CY45: K | CZ45: K | DA45: 19500 | DB45: K | DC45: K | DD45: K | DE45: K | DF45: K | DG45: K | DH45: 19500 | DI45: 19500 | DJ45: 19500 | DK45: K | DL45: K | DM45: K | DN45: K | DO45: 19500 | DP45: K | DQ45: K | DR45: K | DS45: K | DT45: K | DU45: K | DV45: 19500 | DW45: K | DX45: K | DY45: K | DZ45: 19500 | EB45: K | EC45: K | EE45: K | EF45: K | EG45: K | EH45: 19745 | EI45: K | EJ45: K | EL45: K | EM45: K | EN45: K | EO45: K | EP45: K | EQ45: K | ES45: K | ET45: K | EU45: K | EV45: K | EW45: K | EX45: K | EZ45: K | FA45: K | FB45: K | FC45: K | FD45: K | FE45: K | FF45: 19500 | FH45: K | FI45: K | FJ45: K | FK45: K | FL45: K | FM45: K | FO45: K | FP45: K | FQ45: K | FR45: K | FS45: K | FT45: K | FV45: K | FW45: K | FX45: K | FY45: K | FZ45: K | GA45: K | GC45: K | GD45: K | GE45: K | GF45: K | GG45: K | GH45: K | GJ45: K | GK45: 19500 | GL45: K | GM45: K | GN45: K | GO45: K | GP45: K | GR45: K
B46: 6 | C46: 150000179 | D46: HV-03.1_TM | E46: Vảy HD Thổi Vàng HV-03.1_TM | F46: 19000 | H46: K | I46: K | J46: K | K46: K | L46: K | M46: K | N46: K | O46: K | P46: K | Q46: K | R46: K | S46: K | T46: K | U46: K | V46: K | W46: K | X46: K | Y46: K | Z46: K | AA46: K | AB46: K | AC46: K | AD46: K | AL46: 19000 | AO46: K | AP46: K | AQ46: K | AR46: K | AS46: K | AT46: K | AV46: K | AW46: K | AX46: K | AY46: K | AZ46: K | BA46: K | BC46: K | BD46: K | BE46: K | BF46: K | BG46: K | BH46: K | BJ46: K | BK46: K | BL46: K | BM46: K | BN46: K | BO46: 19000 | BP46: K | BR46: K | BS46: K | BT46: K | BU46: K | BV46: K | BW46: K | BY46: K | BZ46: K | CA46: K | CB46: K | CC46: K | CD46: K | CF46: K | CG46: K | CH46: K | CI46: K | CJ46: K | CK46: K | CM46: K | CN46: K | CO46: K | CP46: K | CQ46: K | CR46: K | CT46: K | CU46: 19500 | CV46: K | CW46: K | CX46: K | CY46: K | CZ46: K | DA46: K | DB46: K | DC46: K | DD46: K | DE46: K | DF46: K | DG46: K | DH46: K | DI46: K | DJ46: K | DK46: K | DL46: K | DM46: K | DN46: K | DO46: K | DP46: K | DQ46: K | DR46: K | DS46: K | DT46: K | DU46: K | DV46: K | DW46: K | DX46: K | DY46: K | DZ46: 19500 | EB46: K | EC46: K | EE46: K | EF46: K | EG46: K | EH46: K | EI46: K | EJ46: K | EL46: K | EM46: K | EN46: 19500 | EO46: K | EP46: K | EQ46: K | ES46: K | ET46: K | EU46: K | EV46: K | EW46: K | EX46: K | EZ46: K | FA46: K | FB46: K | FC46: K | FD46: 19500 | FE46: 19500 | FF46: 19500 | FH46: K | FI46: K | FJ46: K | FK46: 19500 | FL46: K | FM46: K | FO46: 19500 | FP46: K | FQ46: K | FR46: 19500 | FS46: 19500 | FT46: K | FV46: K | FW46: K | FX46: K | FY46: K | FZ46: K | GA46: 19500 | GC46: 19500 | GD46: K | GE46: K | GF46: K | GG46: K | GH46: 19500 | GJ46: 19500 | GK46: 19500 | GL46: K | GM46: K | GN46: K | GO46: K | GP46: K | GR46: K
B47: 7 | C47: 150000038 | D47: HV-03.2 | E47: Vảy HD Thổi Vàng Nhạt | F47: 18000 | H47: K | I47: K | J47: K | L47: K | M47: K | N47: K | O47: K | P47: K | Q47: K | S47: K | T47: K | U47: K | V47: K | W47: K | X47: K | Z47: K | AA47: K | AB47: K | AC47: K | AD47: K | AL47: 18200 | AO47: K | AP47: K | AQ47: K | AR47: K | AS47: K | AT47: K | AV47: K | AW47: K | AX47: K | AY47: K | AZ47: K | BA47: K | BC47: K | BD47: K | BE47: K | BF47: K | BG47: K | BH47: K | BJ47: K | BK47: K | BL47: K | BM47: K | BN47: K | BO47: 18000 | BP47: K | BR47: K | BS47: K | BT47: K | BU47: K | BV47: K | BW47: K | BY47: K | BZ47: K | CA47: K | CB47: K | CC47: K | CD47: K | CF47: K | CG47: K | CH47: K | CI47: K | CJ47: K | CK47: K | CM47: K | CN47: K | CO47: K | CP47: K | CQ47: K | CR47: K | CT47: K | CU47: 18500 | CV47: K | CW47: K | CX47: K | CY47: K | CZ47: K | DA47: K | DB47: K | DC47: K | DD47: K | DE47: K | DF47: K | DG47: K | DH47: K | DI47: K | DJ47: K | DK47: K | DL47: K | DM47: K | DN47: K | DO47: K | DP47: K | DQ47: K | DR47: K | DS47: K | DT47: K | DU47: K | DV47: K | DW47: K | DX47: K | DY47: K | DZ47: 18500 | EB47: K | EC47: K | EE47: K | EF47: K | EG47: K | EH47: K | EI47: K | EJ47: K | EL47: K | EM47: K | EN47: K | EO47: K | EP47: K | EQ47: K | ES47: K | ET47: K | EU47: K | EV47: K | EW47: K | EX47: K | EZ47: K | FA47: K | FB47: K | FC47: K | FD47: K | FE47: K | FF47: 18500 | FH47: K | FI47: K | FJ47: K | FK47: K | FL47: K | FM47: K | FO47: K | FP47: K | FQ47: K | FR47: K | FS47: K | FT47: K | FV47: K | FW47: K | FX47: K | FY47: K | FZ47: K | GA47: K | GC47: K | GD47: K | GE47: K | GF47: K | GG47: K | GH47: K | GJ47: K | GK47: 18500 | GL47: K | GM47: K | GN47: K | GO47: K | GP47: K | GR47: K
B48: =ROW()-ROW($B$36) -> 12 | C48: 150000039 | D48: HV-04.1 | E48: Vảy màu lá sáng | H48: K | I48: K | J48: K | L48: K | M48: K | N48: K | O48: K | P48: K | Q48: K | S48: K | T48: K | U48: K | V48: K | W48: K | X48: K | Z48: K | AA48: K | AB48: K | AC48: K | AD48: K | AO48: K | AP48: K | AT48: K | AV48: K | AX48: K | AY48: K | AZ48: K | BA48: K | BC48: K | BG48: K | BH48: K | BJ48: K | BK48: K | BM48: K | BN48: K | BP48: K | BR48: K | BS48: K | BT48: K | BU48: K | BV48: K | BW48: K | BY48: K | BZ48: K | CA48: K | CB48: K | CC48: K | CD48: K | CF48: K | CG48: K | CH48: K | CI48: K | CJ48: K | CK48: K | CM48: K | CN48: K | CP48: K | CQ48: K | CR48: K | CT48: K | CV48: K | CW48: K | CX48: K | CY48: K | CZ48: K | DA48: K | DB48: K | DC48: K | DD48: K | DE48: K | DF48: K | DG48: K | DH48: K | DI48: K | DJ48: K | DK48: K | DL48: K | DM48: K | DN48: K | DO48: K | DP48: K | DQ48: K | DR48: K | DS48: K | DT48: K | DU48: K | DV48: K | DW48: K | DX48: K | DY48: K | EB48: K | EC48: K | EE48: K | EF48: K | EG48: K | EH48: K | EI48: K | EJ48: K | EL48: K | EM48: K | EN48: K | EO48: K | EP48: K | EQ48: K | ES48: K | ET48: K | EU48: K | EV48: K | EW48: K | EX48: K | EZ48: K | FA48: K | FB48: K | FC48: K | FD48: K | FE48: K | FH48: K | FI48: K | FJ48: K | FK48: K | FL48: K | FM48: K | FO48: K | FP48: K | FQ48: K | FR48: K | FS48: K | FT48: K | FV48: K | FW48: K | FX48: K | FY48: K | FZ48: K | GA48: K | GC48: K | GD48: K | GE48: K | GF48: K | GG48: K | GH48: K | GJ48: K | GL48: K | GM48: K | GN48: K | GO48: K | GP48: K | GR48: K
B49: =ROW()-ROW($B$36) -> 13 | C49: 150000009 | D49: HV-04.2 | E49: Vảy màu lá đậm | H49: K | I49: K | J49: K | L49: K | M49: K | N49: K | O49: K | P49: K | Q49: K | S49: K | T49: K | U49: K | V49: K | W49: K | X49: K | Z49: K | AA49: K | AB49: K | AC49: K | AD49: K | AO49: K | AP49: K | AT49: K | AV49: K | AX49: K | AY49: K | AZ49: K | BA49: K | BC49: K | BG49: K | BH49: K | BJ49: K | BK49: K | BM49: K | BN49: K | BP49: K | BR49: K | BS49: K | BT49: K | BU49: K | BV49: K | BW49: K | BY49: K | BZ49: K | CA49: K | CB49: K | CC49: K | CD49: K | CF49: K | CG49: K | CH49: K | CI49: K | CJ49: K | CK49: K | CM49: K | CN49: K | CP49: K | CQ49: K | CR49: K | CT49: K | CV49: K | CW49: K | CX49: K | CY49: K | CZ49: K | DA49: K | DB49: K | DC49: K | DD49: K | DE49: K | DF49: K | DG49: K | DH49: K | DI49: K | DJ49: K | DK49: K | DL49: K | DM49: K | DN49: K | DO49: K | DP49: K | DQ49: K | DR49: K | DS49: K | DT49: K | DU49: K | DV49: K | DW49: K | DX49: K | DY49: K | EB49: K | EC49: K | EE49: K | EF49: K | EG49: K | EH49: K | EI49: K | EJ49: K | EL49: K | EM49: K | EN49: K | EO49: K | EP49: K | EQ49: K | ES49: K | ET49: K | EU49: K | EV49: K | EW49: K | EX49: K | EZ49: K | FA49: K | FB49: K | FC49: K | FD49: K | FE49: K | FH49: K | FI49: K | FJ49: K | FK49: K | FL49: K | FM49: K | FO49: K | FP49: K | FQ49: K | FR49: K | FS49: K | FT49: K | FV49: K | FW49: K | FX49: K | FY49: K | FZ49: K | GA49: K | GC49: K | GD49: K | GE49: K | GF49: K | GG49: K | GH49: K | GJ49: K | GL49: K | GM49: K | GN49: K | GO49: K | GP49: K | GR49: K
B50: =ROW()-ROW($B$36) -> 14 | C50: 150000011 | D50: HV-07.1 | E50: Vảy màu dương đậm | H50: K | I50: K | J50: K | L50: K | M50: K | N50: K | O50: K | P50: K | Q50: K | S50: K | T50: K | U50: K | V50: K | W50: K | X50: K | Z50: K | AA50: K | AB50: K | AC50: K | AD50: K | AO50: K | AP50: K | AT50: K | AV50: K | AX50: K | AY50: K | AZ50: K | BA50: K | BC50: K | BG50: K | BH50: K | BJ50: K | BK50: K | BM50: K | BN50: K | BP50: K | BR50: K | BS50: K | BT50: K | BU50: K | BV50: K | BW50: K | BY50: K | BZ50: K | CA50: K | CB50: K | CC50: K | CD50: K | CF50: K | CG50: K | CH50: K | CI50: K | CJ50: K | CK50: K | CM50: K | CN50: K | CP50: K | CQ50: K | CR50: K | CT50: K | CV50: K | CW50: K | CX50: K | CY50: K | CZ50: K | DA50: K | DB50: K | DC50: K | DD50: K | DE50: K | DF50: K | DG50: K | DH50: K | DI50: K | DJ50: K | DK50: K | DL50: K | DM50: K | DN50: K | DO50: K | DP50: K | DQ50: K | DR50: K | DS50: K | DT50: K | DU50: K | DV50: K | DW50: K | DX50: K | DY50: K | EB50: K | EC50: K | EE50: K | EF50: K | EG50: K | EH50: K | EI50: K | EJ50: K | EL50: K | EM50: K | EN50: K | EO50: K | EP50: K | EQ50: K | ES50: K | ET50: K | EU50: K | EV50: K | EW50: K | EX50: K | EZ50: K | FA50: K | FB50: K | FC50: K | FD50: K | FE50: K | FH50: K | FI50: K | FJ50: K | FK50: K | FL50: K | FM50: K | FO50: K | FP50: K | FQ50: K | FR50: K | FS50: K | FT50: K | FV50: K | FW50: K | FX50: K | FY50: K | FZ50: K | GA50: K | GC50: K | GD50: K | GE50: K | GF50: K | GG50: K | GH50: K | GJ50: K | GL50: K | GM50: K | GN50: K | GO50: K | GP50: K | GR50: K
B51: =ROW()-ROW($B$36) -> 15 | C51: 150000041 | D51: HV-07.2 | E51: Vảy màu dương nhạt | H51: K | I51: K | J51: K | L51: K | M51: K | N51: K | O51: K | P51: K | Q51: K | S51: K | T51: K | U51: K | V51: K | W51: K | X51: K | Z51: K | AA51: K | AB51: K | AC51: K | AD51: K | AO51: K | AP51: K | AT51: K | AV51: K | AX51: K | AY51: K | AZ51: K | BA51: K | BC51: K | BG51: K | BH51: K | BJ51: K | BK51: K | BM51: K | BN51: K | BP51: K | BR51: K | BS51: K | BT51: K | BU51: K | BV51: K | BW51: K | BY51: K | BZ51: K | CA51: K | CB51: K | CC51: K | CD51: K | CF51: K | CG51: K | CH51: K | CI51: K | CJ51: K | CK51: K | CM51: K | CN51: K | CP51: K | CQ51: K | CR51: K | CT51: K | CV51: K | CW51: K | CX51: K | CY51: K | CZ51: K | DA51: K | DB51: K | DC51: K | DD51: K | DE51: K | DF51: K | DG51: K | DH51: K | DI51: K | DJ51: K | DK51: K | DL51: K | DM51: K | DN51: K | DO51: K | DP51: K | DQ51: K | DR51: K | DS51: K | DT51: K | DU51: K | DV51: K | DW51: K | DX51: K | DY51: K | EB51: K | EC51: K | EE51: K | EF51: K | EG51: K | EH51: K | EI51: K | EJ51: K | EL51: K | EM51: K | EN51: K | EO51: K | EP51: K | EQ51: K | ES51: K | ET51: K | EU51: K | EV51: K | EW51: K | EX51: K | EZ51: K | FA51: K | FB51: K | FC51: K | FD51: K | FE51: K | FH51: K | FI51: K | FJ51: K | FK51: K | FL51: K | FM51: K | FO51: K | FP51: K | FQ51: K | FR51: K | FS51: K | FT51: K | FV51: K | FW51: K | FX51: K | FY51: K | FZ51: K | GA51: K | GC51: K | GD51: K | GE51: K | GF51: K | GG51: K | GH51: K | GJ51: K | GL51: K | GM51: K | GN51: K | GO51: K | GP51: K | GR51: K
B52: =ROW()-ROW($B$36) -> 16 | C52: 150000013 | D52: HV-05 | E52: Vảy màu đỏ tươi | H52: K | I52: K | J52: K | L52: K | M52: K | N52: K | O52: K | P52: K | Q52: K | S52: K | T52: K | U52: K | V52: K | W52: K | X52: K | Z52: K | AA52: K | AB52: K | AC52: K | AD52: K | AO52: K | AP52: K | AT52: K | AV52: K | AX52: K | AY52: K | AZ52: K | BA52: K | BC52: K | BG52: K | BH52: K | BJ52: K | BK52: K | BM52: K | BN52: K | BP52: K | BR52: K | BS52: K | BT52: K | BU52: K | BV52: K | BW52: K | BY52: K | BZ52: K | CA52: K | CB52: K | CC52: K | CD52: K | CF52: K | CG52: K | CH52: K | CI52: K | CJ52: K | CK52: K | CM52: K | CN52: K | CP52: K | CQ52: K | CR52: K | CT52: K | CV52: K | CW52: K | CX52: K | CY52: K | CZ52: K | DA52: K | DB52: K | DC52: K | DD52: K | DE52: K | DF52: K | DG52: K | DH52: K | DI52: K | DJ52: K | DK52: K | DL52: K | DM52: K | DN52: K | DO52: K | DP52: K | DQ52: K | DR52: K | DS52: K | DT52: K | DU52: K | DV52: K | DW52: K | DX52: K | DY52: K | EB52: K | EC52: K | EE52: K | EF52: K | EG52: K | EH52: K | EI52: K | EJ52: K | EL52: K | EM52: K | EN52: K | EO52: K | EP52: K | EQ52: K | ES52: K | ET52: K | EU52: K | EV52: K | EW52: K | EX52: K | EZ52: K | FA52: K | FB52: K | FC52: K | FD52: K | FE52: K | FH52: K | FI52: K | FJ52: K | FK52: K | FL52: K | FM52: K | FO52: K | FP52: K | FQ52: K | FR52: K | FS52: K | FT52: K | FV52: K | FW52: K | FX52: K | FY52: K | FZ52: K | GA52: K | GC52: K | GD52: K | GE52: K | GF52: K | GG52: K | GH52: K | GJ52: K | GL52: K | GM52: K | GN52: K | GO52: K | GP52: K | GR52: K
B53: =ROW()-ROW($B$36) -> 17 | C53: 150000021 | E53: Bình HD-01 Trong | H53: K | I53: K | J53: K | L53: K | M53: K | N53: K | O53: K | P53: K | Q53: K | S53: K | T53: K | U53: K | V53: K | W53: K | X53: K | Z53: K | AA53: K | AB53: K | AC53: K | AD53: K | AO53: K | AP53: K | AT53: K | AV53: K | AX53: K | AY53: K | AZ53: K | BA53: K | BC53: K | BG53: K | BH53: K | BJ53: K | BK53: K | BM53: K | BN53: K | BP53: K | BR53: K | BS53: K | BT53: K | BU53: K | BV53: K | BW53: K | BY53: K | BZ53: K | CA53: K | CB53: K | CC53: K | CD53: K | CF53: K | CG53: K | CH53: K | CI53: K | CJ53: K | CK53: K | CM53: K | CN53: K | CP53: K | CQ53: K | CR53: K | CT53: K | CV53: K | CW53: K | CX53: K | CY53: K | CZ53: K | DA53: K | DB53: K | DC53: K | DD53: K | DE53: K | DF53: K | DG53: K | DH53: K | DI53: K | DJ53: K | DK53: K | DL53: K | DM53: K | DN53: K | DO53: K | DP53: K | DQ53: K | DR53: K | DS53: K | DT53: K | DU53: K | DV53: K | DW53: K | DX53: K | DY53: K | EB53: K | EC53: K | EE53: K | EF53: K | EG53: K | EH53: K | EI53: K | EJ53: K | EL53: K | EM53: K | EN53: K | EO53: K | EP53: K | EQ53: K | ES53: K | ET53: K | EU53: K | EV53: K | EW53: K | EX53: K | EZ53: K | FA53: K | FB53: K | FC53: K | FD53: K | FE53: K | FH53: K | FI53: K | FJ53: K | FK53: K | FL53: K | FM53: K | FO53: K | FP53: K | FQ53: K | FR53: K | FS53: K | FT53: K | FV53: K | FW53: K | FX53: K | FY53: K | FZ53: K | GA53: K | GC53: K | GD53: K | GE53: K | GF53: K | GG53: K | GH53: K | GJ53: K | GL53: K | GM53: K | GN53: K | GO53: K | GP53: K | GR53: K
B54: =ROW()-ROW($B$36) -> 18 | C54: 150000022 | E54: Bình HD-02 Trắng | H54: K | I54: K | J54: K | L54: K | M54: K | N54: K | O54: K | P54: K | Q54: K | S54: K | T54: K | U54: K | V54: K | W54: K | X54: K | Z54: K | AA54: K | AB54: K | AC54: K | AD54: K | AO54: K | AP54: K | AT54: K | AV54: K | AX54: K | AY54: K | AZ54: K | BA54: K | BC54: K | BG54: K | BH54: K | BJ54: K | BK54: K | BM54: K | BN54: K | BP54: K | BR54: K | BS54: K | BT54: K | BU54: K | BV54: K | BW54: K | BY54: K | BZ54: K | CA54: K | CB54: K | CC54: K | CD54: K | CF54: K | CG54: K | CH54: K | CI54: K | CJ54: K | CK54: K | CM54: K | CN54: K | CP54: K | CQ54: K | CR54: K | CT54: K | CV54: K | CW54: K | CX54: K | CY54: K | CZ54: K | DA54: K | DB54: K | DC54: K | DD54: K | DE54: K | DF54: K | DG54: K | DH54: K | DI54: K | DJ54: K | DK54: K | DL54: K | DM54: K | DN54: K | DO54: K | DP54: K | DQ54: K | DR54: K | DS54: K | DT54: K | DU54: K | DV54: K | DW54: K | DX54: K | DY54: K | EB54: K | EC54: K | EE54: K | EF54: K | EG54: K | EH54: K | EI54: K | EJ54: K | EL54: K | EM54: K | EN54: K | EO54: K | EP54: K | EQ54: K | ES54: K | ET54: K | EU54: K | EV54: K | EW54: K | EX54: K | EZ54: K | FA54: K | FB54: K | FC54: K | FD54: K | FE54: K | FH54: K | FI54: K | FJ54: K | FK54: K | FL54: K | FM54: K | FO54: K | FP54: K | FQ54: K | FR54: K | FS54: K | FT54: K | FV54: K | FW54: K | FX54: K | FY54: K | FZ54: K | GA54: K | GC54: K | GD54: K | GE54: K | GF54: K | GG54: K | GH54: K | GJ54: K | GL54: K | GM54: K | GN54: K | GO54: K | GP54: K | GR54: K
B55: =ROW()-ROW($B$36) -> 19 | C55: 150000023 | E55: Bình HD-03.1 Vàng chanh | H55: K | I55: K | J55: K | L55: K | M55: K | N55: K | O55: K | P55: K | Q55: K | S55: K | T55: K | U55: K | V55: K | W55: K | X55: K | Z55: K | AA55: K | AB55: K | AC55: K | AD55: K | AO55: K | AP55: K | AT55: K | AV55: K | AX55: K | AY55: K | AZ55: K | BA55: K | BC55: K | BG55: K | BH55: K | BJ55: K | BK55: K | BM55: K | BN55: K | BP55: K | BR55: K | BS55: K | BT55: K | BU55: K | BV55: K | BW55: K | BY55: K | BZ55: K | CA55: K | CB55: K | CC55: K | CD55: K | CF55: K | CG55: K | CH55: K | CI55: K | CJ55: K | CK55: K | CM55: K | CN55: K | CP55: K | CQ55: K | CR55: K | CT55: K | CV55: K | CW55: K | CX55: K | CY55: K | CZ55: K | DA55: K | DB55: K | DC55: K | DD55: K | DE55: K | DF55: K | DG55: K | DH55: K | DI55: K | DJ55: K | DK55: K | DL55: K | DM55: K | DN55: K | DO55: K | DP55: K | DQ55: K | DR55: K | DS55: K | DT55: K | DU55: K | DV55: K | DW55: K | DX55: K | DY55: K | EB55: K | EC55: K | EE55: K | EF55: K | EG55: K | EH55: K | EI55: K | EJ55: K | EL55: K | EM55: K | EN55: K | EO55: K | EP55: K | EQ55: K | ES55: K | ET55: K | EU55: K | EV55: K | EW55: K | EX55: K | EZ55: K | FA55: K | FB55: K | FC55: K | FD55: K | FE55: K | FH55: K | FI55: K | FJ55: K | FK55: K | FL55: K | FM55: K | FO55: K | FP55: K | FQ55: K | FR55: K | FS55: K | FT55: K | FV55: K | FW55: K | FX55: K | FY55: K | FZ55: K | GA55: K | GC55: K | GD55: K | GE55: K | GF55: K | GG55: K | GH55: K | GJ55: K | GL55: K | GM55: K | GN55: K | GO55: K | GP55: K | GR55: K
B56: =ROW()-ROW($B$36) -> 20 | C56: 150000025 | E56: Bình HD-04.1 Lá sáng | H56: K | I56: K | J56: K | L56: K | M56: K | N56: K | O56: K | P56: K | Q56: K | S56: K | T56: K | U56: K | V56: K | W56: K | X56: K | Z56: K | AA56: K | AB56: K | AC56: K | AD56: K | AO56: K | AP56: K | AT56: K | AV56: K | AX56: K | AY56: K | AZ56: K | BA56: K | BC56: K | BG56: K | BH56: K | BJ56: K | BK56: K | BM56: K | BN56: K | BP56: K | BR56: K | BS56: K | BT56: K | BU56: K | BV56: K | BW56: K | BY56: K | BZ56: K | CA56: K | CB56: K | CC56: K | CD56: K | CF56: K | CG56: K | CH56: K | CI56: K | CJ56: K | CK56: K | CM56: K | CN56: K | CP56: K | CQ56: K | CR56: K | CT56: K | CV56: K | CW56: K | CX56: K | CY56: K | CZ56: K | DA56: K | DB56: K | DC56: K | DD56: K | DE56: K | DF56: K | DG56: K | DH56: K | DI56: K | DJ56: K | DK56: K | DL56: K | DM56: K | DN56: K | DO56: K | DP56: K | DQ56: K | DR56: K | DS56: K | DT56: K | DU56: K | DV56: K | DW56: K | DX56: K | DY56: K | EB56: K | EC56: K | EE56: K | EF56: K | EG56: K | EH56: K | EI56: K | EJ56: K | EL56: K | EM56: K | EN56: K | EO56: K | EP56: K | EQ56: K | ES56: K | ET56: K | EU56: K | EV56: K | EW56: K | EX56: K | EZ56: K | FA56: K | FB56: K | FC56: K | FD56: K | FE56: K | FH56: K | FI56: K | FJ56: K | FK56: K | FL56: K | FM56: K | FO56: K | FP56: K | FQ56: K | FR56: K | FS56: K | FT56: K | FV56: K | FW56: K | FX56: K | FY56: K | FZ56: K | GA56: K | GC56: K | GD56: K | GE56: K | GF56: K | GG56: K | GH56: K | GJ56: K | GL56: K | GM56: K | GN56: K | GO56: K | GP56: K | GR56: K
B57: =ROW()-ROW($B$36) -> 21 | C57: 150000032 | E57: Bình HD-08_Cam | H57: K | I57: K | J57: K | L57: K | M57: K | N57: K | O57: K | P57: K | Q57: K | S57: K | T57: K | U57: K | V57: K | W57: K | X57: K | Z57: K | AA57: K | AB57: K | AC57: K | AD57: K | AO57: K | AP57: K | AT57: K | AV57: K | AX57: K | AY57: K | AZ57: K | BA57: K | BC57: K | BG57: K | BH57: K | BJ57: K | BK57: K | BM57: K | BN57: K | BP57: K | BR57: K | BS57: K | BT57: K | BU57: K | BV57: K | BW57: K | BY57: K | BZ57: K | CA57: K | CB57: K | CC57: K | CD57: K | CF57: K | CG57: K | CH57: K | CI57: K | CJ57: K | CK57: K | CM57: K | CN57: K | CP57: K | CQ57: K | CR57: K | CT57: K | CV57: K | CW57: K | CX57: K | CY57: K | CZ57: K | DA57: K | DB57: K | DC57: K | DD57: K | DE57: K | DF57: K | DG57: K | DH57: K | DI57: K | DJ57: K | DK57: K | DL57: K | DM57: K | DN57: K | DO57: K | DP57: K | DQ57: K | DR57: K | DS57: K | DT57: K | DU57: K | DV57: K | DW57: K | DX57: K | DY57: K | EB57: K | EC57: K | EE57: K | EF57: K | EG57: K | EH57: K | EI57: K | EJ57: K | EL57: K | EM57: K | EN57: K | EO57: K | EP57: K | EQ57: K | ES57: K | ET57: K | EU57: K | EV57: K | EW57: K | EX57: K | EZ57: K | FA57: K | FB57: K | FC57: K | FD57: K | FE57: K | FH57: K | FI57: K | FJ57: K | FK57: K | FL57: K | FM57: K | FO57: K | FP57: K | FQ57: K | FR57: K | FS57: K | FT57: K | FV57: K | FW57: K | FX57: K | FY57: K | FZ57: K | GA57: K | GC57: K | GD57: K | GE57: K | GF57: K | GG57: K | GH57: K | GJ57: K | GL57: K | GM57: K | GN57: K | GO57: K | GP57: K | GR57: K
B58: =ROW()-ROW($B$36) -> 22 | C58: 150000027 | E58: Bình HD-05_ Đỏ | H58: K | I58: K | J58: K | L58: K | M58: K | N58: K | O58: K | P58: K | Q58: K | S58: K | T58: K | U58: K | V58: K | W58: K | X58: K | Z58: K | AA58: K | AB58: K | AC58: K | AD58: K | AO58: K | AP58: K | AT58: K | AV58: K | AX58: K | AY58: K | AZ58: K | BA58: K | BC58: K | BG58: K | BH58: K | BJ58: K | BK58: K | BM58: K | BN58: K | BP58: K | BR58: K | BS58: K | BT58: K | BU58: K | BV58: K | BW58: K | BY58: K | BZ58: K | CA58: K | CB58: K | CC58: K | CD58: K | CF58: K | CG58: K | CH58: K | CI58: K | CJ58: K | CK58: K | CM58: K | CN58: K | CP58: K | CQ58: K | CR58: K | CT58: K | CV58: K | CW58: K | CX58: K | CY58: K | CZ58: K | DA58: K | DB58: K | DC58: K | DD58: K | DE58: K | DF58: K | DG58: K | DH58: K | DI58: K | DJ58: K | DK58: K | DL58: K | DM58: K | DN58: K | DO58: K | DP58: K | DQ58: K | DR58: K | DS58: K | DT58: K | DU58: K | DV58: K | DW58: K | DX58: K | DY58: K | EB58: K | EC58: K | EE58: K | EF58: K | EG58: K | EH58: K | EI58: K | EJ58: K | EL58: K | EM58: K | EN58: K | EO58: K | EP58: K | EQ58: K | ES58: K | ET58: K | EU58: K | EV58: K | EW58: K | EX58: K | EZ58: K | FA58: K | FB58: K | FC58: K | FD58: K | FE58: K | FH58: K | FI58: K | FJ58: K | FK58: K | FL58: K | FM58: K | FO58: K | FP58: K | FQ58: K | FR58: K | FS58: K | FT58: K | FV58: K | FW58: K | FX58: K | FY58: K | FZ58: K | GA58: K | GC58: K | GD58: K | GE58: K | GF58: K | GG58: K | GH58: K | GJ58: K | GL58: K | GM58: K | GN58: K | GO58: K | GP58: K | GR58: K
B59: =ROW()-ROW($B$36) -> 23 | C59: 150000034 | E59: Bình HD-10_Hồng | H59: K | I59: K | J59: K | L59: K | M59: K | N59: K | O59: K | P59: K | Q59: K | S59: K | T59: K | U59: K | V59: K | W59: K | X59: K | Z59: K | AA59: K | AB59: K | AC59: K | AD59: K | AO59: K | AP59: K | AT59: K | AV59: K | AX59: K | AY59: K | AZ59: K | BA59: K | BC59: K | BG59: K | BH59: K | BJ59: K | BK59: K | BM59: K | BN59: K | BP59: K | BR59: K | BS59: K | BT59: K | BU59: K | BV59: K | BW59: K | BY59: K | BZ59: K | CA59: K | CB59: K | CC59: K | CD59: K | CF59: K | CG59: K | CH59: K | CI59: K | CJ59: K | CK59: K | CM59: K | CN59: K | CP59: K | CQ59: K | CR59: K | CT59: K | CV59: K | CW59: K | CX59: K | CY59: K | CZ59: K | DA59: K | DB59: K | DC59: K | DD59: K | DE59: K | DF59: K | DG59: K | DH59: K | DI59: K | DJ59: K | DK59: K | DL59: K | DM59: K | DN59: K | DO59: K | DP59: K | DQ59: K | DR59: K | DS59: K | DT59: K | DU59: K | DV59: K | DW59: K | DX59: K | DY59: K | EB59: K | EC59: K | EE59: K | EF59: K | EG59: K | EH59: K | EI59: K | EJ59: K | EL59: K | EM59: K | EN59: K | EO59: K | EP59: K | EQ59: K | ES59: K | ET59: K | EU59: K | EV59: K | EW59: K | EX59: K | EZ59: K | FA59: K | FB59: K | FC59: K | FD59: K | FE59: K | FH59: K | FI59: K | FJ59: K | FK59: K | FL59: K | FM59: K | FO59: K | FP59: K | FQ59: K | FR59: K | FS59: K | FT59: K | FV59: K | FW59: K | FX59: K | FY59: K | FZ59: K | GA59: K | GC59: K | GD59: K | GE59: K | GF59: K | GG59: K | GH59: K | GJ59: K | GL59: K | GM59: K | GN59: K | GO59: K | GP59: K | GR59: K
B60: =ROW()-ROW($B$36) -> 24 | C60: 150000031 | E60: Bình HD-07.3_Xanh ngọc | H60: K | I60: K | J60: K | L60: K | M60: K | N60: K | O60: K | P60: K | Q60: K | S60: K | T60: K | U60: K | V60: K | W60: K | X60: K | Z60: K | AA60: K | AB60: K | AC60: K | AD60: K | AO60: K | AP60: K | AT60: K | AV60: K | AX60: K | AY60: K | AZ60: K | BA60: K | BC60: K | BG60: K | BH60: K | BJ60: K | BK60: K | BM60: K | BN60: K | BP60: K | BR60: K | BS60: K | BT60: K | BU60: K | BV60: K | BW60: K | BY60: K | BZ60: K | CA60: K | CB60: K | CC60: K | CD60: K | CF60: K | CG60: K | CH60: K | CI60: K | CJ60: K | CK60: K | CM60: K | CN60: K | CP60: K | CQ60: K | CR60: K | CT60: K | CV60: K | CW60: K | CX60: K | CY60: K | CZ60: K | DA60: K | DB60: K | DC60: K | DD60: K | DE60: K | DF60: K | DG60: K | DH60: K | DI60: K | DJ60: K | DK60: K | DL60: K | DM60: K | DN60: K | DO60: K | DP60: K | DQ60: K | DR60: K | DS60: K | DT60: K | DU60: K | DV60: K | DW60: K | DX60: K | DY60: K | EB60: K | EC60: K | EE60: K | EF60: K | EG60: K | EH60: K | EI60: K | EJ60: K | EL60: K | EM60: K | EN60: K | EO60: K | EP60: K | EQ60: K | ES60: K | ET60: K | EU60: K | EV60: K | EW60: K | EX60: K | EZ60: K | FA60: K | FB60: K | FC60: K | FD60: K | FE60: K | FH60: K | FI60: K | FJ60: K | FK60: K | FL60: K | FM60: K | FO60: K | FP60: K | FQ60: K | FR60: K | FS60: K | FT60: K | FV60: K | FW60: K | FX60: K | FY60: K | FZ60: K | GA60: K | GC60: K | GD60: K | GE60: K | GF60: K | GG60: K | GH60: K | GJ60: K | GL60: K | GM60: K | GN60: K | GO60: K | GP60: K | GR60: K
B61: 24 | C61: 150000115 | E61: Bình HD Thổi Trong HD-01.1 (Đại Lộc) | F61: 24000 | H61: K | I61: K | J61: K | L61: K | M61: K | N61: K | O61: K | P61: K | Q61: K | S61: K | T61: K | U61: K | V61: K | W61: K | X61: K | Z61: K | AA61: K | AB61: K | AC61: K | AD61: K | AL61: 24000 | AO61: K | AP61: K | AT61: K | AV61: K | AX61: K | AY61: K | AZ61: K | BA61: K | BC61: K | BG61: K | BH61: K | BJ61: 24000 | BK61: K | BL61: 24000 | BM61: K | BN61: K | BO61: 24000 | BP61: K | BR61: K | BS61: K | BT61: K | BU61: K | BV61: K | BW61: K | BY61: K | BZ61: K | CA61: K | CB61: K | CC61: K | CD61: K | CF61: K | CG61: K | CH61: K | CI61: K | CJ61: K | CK61: K | CM61: K | CN61: K | CO61: 24000 | CP61: K | CQ61: K | CR61: K | CT61: K | CU61: 24000 | CV61: K | CW61: K | CX61: K | CY61: K | CZ61: K | DA61: K | DB61: K | DC61: K | DD61: K | DE61: K | DF61: K | DG61: K | DH61: K | DI61: K | DJ61: K | DK61: K | DL61: K | DM61: K | DN61: K | DO61: K | DP61: K | DQ61: K | DR61: K | DS61: K | DT61: K | DU61: K | DV61: K | DW61: K | DX61: K | DY61: K | DZ61: 24000 | EB61: K | EC61: K | EE61: K | EF61: K | EG61: K | EH61: K | EI61: K | EJ61: K | EL61: K | EM61: K | EN61: K | EO61: K | EP61: K | EQ61: K | ES61: K | ET61: K | EU61: K | EV61: K | EW61: K | EX61: K | EZ61: K | FA61: K | FB61: K | FC61: K | FD61: K | FE61: K | FF61: 24000 | FH61: K | FI61: K | FJ61: K | FK61: K | FL61: K | FM61: K | FO61: K | FP61: K | FQ61: K | FR61: K | FS61: K | FT61: K | FV61: K | FW61: K | FX61: K | FY61: K | FZ61: K | GA61: K | GC61: K | GD61: K | GE61: K | GF61: K | GG61: K | GH61: K | GJ61: K | GK61: 24000 | GL61: K | GM61: K | GN61: K | GO61: K | GP61: K | GR61: K
B62: 24 | C62: 150000115 | E62: Bình HD Thổi Trong HD-01.1 | F62: 16000 | H62: K | I62: K | J62: K | K62: K | L62: K | M62: K | N62: K | O62: K | P62: K | Q62: K | R62: K | S62: K | T62: K | U62: K | V62: K | W62: K | X62: K | Y62: K | Z62: K | AA62: K | AB62: K | AC62: K | AD62: K | AL62: 16000 | AO62: K | AP62: K | AT62: K | AV62: K | AX62: K | AY62: K | AZ62: K | BA62: K | BC62: K | BG62: K | BH62: K | BJ62: 24000 | BM62: K | BN62: K | BP62: K | BR62: K | BV62: K | BY62: K | CD62: K | CF62: K | CG62: K | CH62: K | CI62: K | CJ62: K | CK62: K | CM62: K | CN62: K | CP62: K | CQ62: K | CT62: K | CZ62: K | DA62: K | DD62: K | DE62: K | DF62: K | DG62: K | DH62: K | DI62: K | DM62: K | DN62: K | DO62: K | DP62: K | DS62: K | DU62: K | DV62: K | DW62: K | DX62: K | DY62: K | EB62: K | EC62: K | EE62: K | EF62: K | EG62: K | EH62: K | EI62: K | EJ62: K | EL62: K | EM62: K | EN62: K | EO62: K | EP62: K | EQ62: K | ES62: K | ET62: K | EU62: K | EV62: K | EW62: K | EX62: K | EZ62: K | FA62: K | FB62: K | FC62: K | FD62: K | FE62: K | FH62: K | FI62: K | FJ62: K | FK62: K | FL62: K | FM62: K | FO62: K | FP62: K | FQ62: K | FR62: K | FS62: K | FT62: K | FV62: K | FW62: K | FX62: K | FY62: K | FZ62: K | GA62: K | GC62: K | GD62: K | GE62: K | GF62: K | GG62: K | GH62: K | GJ62: K | GL62: K | GM62: K | GN62: K | GO62: K | GP62: K | GR62: K
B63: 8 | C63: 150000116 | D63: HD-01.2 | E63: Bình HD Thổi Trong HD-01.2 | F63: 18200 | H63: 17280 | I63: 17280 | J63: K | L63: 17280 | M63: 17280 | N63: 17280 | O63: 17280 | P63: 17280 | Q63: K | S63: K | T63: 17280 | U63: 17280 | V63: 17280 | W63: K | X63: K | Z63: K | AA63: 17223.184 | AB63: K | AC63: K | AD63: K | AL63: 18200 | AO63: K | AP63: K | AQ63: 16380 | AR63: 16380 | AS63: 16380 | AT63: K | AV63: K | AW63: 16380 | AX63: K | AY63: K | AZ63: K | BA63: K | BC63: K | BD63: 16380 | BE63: 16380 | BF63: 16380 | BG63: K | BH63: K | BJ63: 16380 | BK63: 16380 | BL63: 16380 | BM63: K | BN63: K | BO63: 18200 | BP63: K | BR63: 16650 | BS63: 16650 | BT63: 16650 | BU63: 16650 | BV63: K | BW63: 16650 | BY63: K | BZ63: 16650 | CA63: 16650 | CB63: 16650 | CC63: 16650 | CD63: K | CF63: K | CG63: K | CH63: K | CI63: K | CJ63: K | CK63: K | CM63: K | CN63: K | CO63: K | CP63: K | CQ63: K | CR63: 16650 | CT63: K | CU63: 18200 | CV63: 16650 | CW63: 16650 | CX63: 16650 | CY63: 16650 | CZ63: K | DA63: K | DB63: 16650 | DC63: 16650 | DD63: K | DE63: K | DF63: K | DG63: K | DH63: K | DI63: K | DJ63: 16650 | DK63: 16650 | DL63: 16650 | DM63: K | DN63: K | DO63: K | DP63: K | DQ63: 16650 | DR63: 16650 | DS63: K | DT63: 16650 | DU63: K | DV63: K | DW63: K | DX63: K | DY63: K | DZ63: 18200 | EB63: K | EC63: K | EE63: K | EF63: K | EG63: K | EH63: K | EI63: K | EJ63: K | EL63: K | EM63: K | EN63: K | EO63: K | EP63: K | EQ63: K | ES63: K | ET63: K | EU63: K | EV63: K | EW63: K | EX63: K | EZ63: K | FA63: K | FB63: K | FC63: K | FD63: K | FE63: K | FF63: 18200 | FH63: K | FI63: K | FJ63: K | FK63: K | FL63: K | FM63: K | FO63: K | FP63: K | FQ63: K | FR63: K | FS63: K | FT63: K | FV63: K | FW63: K | FX63: K | FY63: K | FZ63: K | GA63: K | GC63: K | GD63: K | GE63: K | GF63: K | GG63: K | GH63: K | GJ63: K | GK63: 18200 | GL63: K | GM63: K | GN63: K | GO63: K | GP63: K | GR63: K
B64: 9 | C64: 150000119 | D64: HD-03.1 | E64: Bình HD Thổi Vàng Nhạt HD-03.1 | F64: 16200 | H64: K | I64: K | J64: K | L64: K | M64: K | N64: K | O64: K | P64: 16200 | Q64: K | S64: K | T64: K | U64: K | V64: K | W64: K | X64: K | Z64: K | AA64: 16200 | AB64: K | AC64: K | AD64: K | AL64: 16200 | AO64: K | AP64: K | AQ64: K | AR64: K | AS64: K | AT64: K | AV64: K | AW64: 16200 | AX64: 16200 | AY64: 16200 | AZ64: K | BA64: K | BC64: K | BD64: K | BE64: K | BF64: K | BG64: K | BH64: K | BJ64: K | BK64: K | BL64: 16200 | BM64: K | BN64: K | BO64: 16200 | BP64: K | BR64: K | BS64: 16200 | BT64: K | BU64: K | BV64: K | BW64: K | BY64: K | BZ64: K | CA64: K | CB64: K | CC64: K | CD64: K | CF64: K | CG64: 16200 | CH64: 16200 | CI64: K | CJ64: K | CK64: K | CM64: K | CN64: K | CO64: K | CP64: K | CQ64: K | CR64: 16200 | CT64: K | CU64: 16200 | CV64: K | CW64: K | CX64: K | CY64: K | CZ64: K | DA64: K | DB64: K | DC64: 16650 | DD64: K | DE64: K | DF64: K | DG64: K | DH64: K | DI64: K | DJ64: K | DK64: K | DL64: K | DM64: K | DN64: K | DO64: K | DP64: K | DQ64: K | DR64: K | DS64: K | DT64: K | DU64: K | DV64: K | DW64: K | DX64: K | DY64: K | DZ64: 16200 | EB64: K | EC64: K | EE64: K | EF64: K | EG64: K | EH64: K | EI64: K | EJ64: K | EL64: K | EM64: K | EN64: K | EO64: K | EP64: K | EQ64: K | ES64: K | ET64: K | EU64: K | EV64: K | EW64: K | EX64: K | EZ64: K | FA64: K | FB64: K | FC64: K | FD64: K | FE64: K | FF64: 16200 | FH64: K | FI64: K | FJ64: K | FK64: K | FL64: K | FM64: K | FO64: K | FP64: K | FQ64: K | FR64: K | FS64: K | FT64: K | FV64: K | FW64: K | FX64: K | FY64: K | FZ64: K | GA64: K | GC64: K | GD64: K | GE64: K | GF64: K | GG64: K | GH64: K | GJ64: K | GK64: 16200 | GL64: K | GM64: K | GN64: K | GO64: K | GP64: K | GR64: K
B65: 10 | C65: 150000072 | E65: Nắp HD Ép Các Màu HDE-06 (mua từ trạm - Mô hình gia công) | F65: 14300 | H65: 13000 | I65: K | J65: K | L65: K | M65: 14300 | N65: 14300 | O65: K | P65: K | Q65: 14300 | S65: K | T65: K | U65: K | V65: K | W65: K | X65: K | Z65: K | AA65: K | AB65: K | AC65: K | AD65: K | AL65: 1500 | AO65: K | AP65: K | AQ65: K | AR65: 1500 | AS65: K | AT65: K | AV65: K | AW65: 1500 | AX65: K | AY65: K | AZ65: K | BA65: K | BC65: K | BD65: K | BE65: K | BF65: K | BG65: K | BH65: K | BJ65: K | BK65: 1500 | BL65: K | BM65: K | BN65: K | BO65: =(1500+10000)/2 -> 5750 | BP65: K | BR65: K | BS65: K | BT65: K | BU65: K | BV65: 1500 | BW65: K | BY65: K | BZ65: K | CA65: 1500 | CB65: K | CC65: K | CD65: K | CF65: K | CG65: K | CH65: K | CI65: K | CJ65: 10000 | CK65: K | CM65: 10000 | CN65: 10000 | CO65: K | CP65: K | CQ65: K | CR65: 8397.9441 | CT65: K | CU65: 10000 | CV65: K | CW65: K | CX65: 10000 | CY65: K | CZ65: 10000 | DA65: K | DB65: K | DC65: 10000 | DD65: 10000 | DE65: K | DF65: K | DG65: K | DH65: K | DI65: K | DJ65: K | DK65: K | DL65: K | DM65: K | DN65: 10000 | DO65: K | DP65: K | DQ65: K | DR65: K | DS65: 10000 | DT65: K | DU65: K | DV65: K | DW65: 10000 | DX65: 10000 | DY65: 10000 | DZ65: 13000 | EB65: 10000 | EC65: 10000 | EE65: K | EF65: K | EG65: 10000 | EH65: K | EI65: K | EJ65: K | EL65: K | EM65: K | EN65: 10000 | EO65: K | EP65: K | EQ65: 10000 | ES65: K | ET65: K | EU65: K | EV65: 10000 | EW65: K | EX65: 10000 | EZ65: K | FA65: 10000 | FB65: K | FC65: 10000 | FD65: K | FE65: 10000 | FF65: 13000 | FH65: K | FI65: K | FJ65: 10000 | FK65: K | FL65: K | FM65: K | FO65: 10000 | FP65: K | FQ65: 10000 | FR65: K | FS65: 10000 | FT65: K | FV65: K | FW65: 10000 | FX65: K | FY65: K | FZ65: K | GA65: K | GC65: 10000 | GD65: K | GE65: 10000 | GF65: 10000 | GG65: 10000 | GH65: K | GJ65: K | GK65: 13000 | GL65: K | GM65: K | GN65: 10000 | GO65: 10000 | GP65: K | GR65: K
B66: =ROW()-ROW($B$36) -> 30 | C66: 150000074 | E66: Vảy HD ép dương loại 1 | F66: 17500 | H66: K | I66: K | J66: K | L66: K | M66: K | N66: K | O66: K | P66: K | Q66: K | S66: K | T66: K | U66: K | V66: K | W66: K | X66: K | Z66: K | AA66: K | AB66: K | AC66: K | AD66: K | AO66: K | AP66: K | AQ66: K | AS66: K | AT66: K | AV66: K | AX66: K | AY66: K | AZ66: K | BA66: K | BC66: K | BD66: K | BE66: K | BF66: K | BG66: K | BH66: K | BJ66: K | BL66: K | BM66: K | BN66: K | BO66: 17500 | BP66: K | BR66: K | BS66: K | BT66: K | BU66: K | BY66: K | BZ66: K | CB66: K | CC66: K | CD66: K | CF66: K | CH66: K | CI66: K | CK66: K | CO66: K | CP66: K | CQ66: K | CT66: K | CU66: 17500 | CV66: K | CW66: K | CY66: K | DA66: K | DB66: K | DE66: K | DF66: K | DG66: K | DH66: K | DI66: K | DJ66: K | DK66: K | DM66: K | DO66: K | DP66: K | DQ66: K | DR66: K | DT66: K | DU66: K | DV66: K | DZ66: 17500 | EE66: K | EF66: K | EH66: K | EI66: K | EJ66: K | EL66: K | EM66: K | EO66: K | EP66: K | ES66: K | ET66: K | EU66: K | EW66: K | EZ66: K | FB66: K | FD66: K | FF66: 17500 | FH66: K | FI66: K | FK66: K | FL66: K | FM66: K | FP66: K | FR66: K | FT66: K | FX66: K | FY66: K | FZ66: K | GA66: K | GD66: K | GH66: K | GJ66: K | GK66: 17500 | GL66: K | GM66: K | GP66: K | GR66: K
B67: =ROW()-ROW($B$36) -> 31 | C67: 150000075 | E67: Vảy HD ép dương loại 2 | H67: K | I67: K | J67: K | L67: K | M67: K | N67: K | O67: K | P67: K | Q67: K | S67: K | T67: K | U67: K | V67: K | W67: K | X67: K | Z67: K | AA67: K | AB67: K | AC67: K | AD67: K | AO67: K | AP67: K | AQ67: K | AS67: K | AT67: K | AV67: K | AX67: K | AY67: K | AZ67: K | BA67: K | BC67: K | BD67: K | BE67: K | BF67: K | BG67: K | BH67: K | BJ67: K | BL67: K | BM67: K | BN67: K | BP67: K | BR67: K | BS67: K | BT67: K | BU67: K | BY67: K | BZ67: K | CB67: K | CC67: K | CD67: K | CF67: K | CH67: K | CI67: K | CK67: K | CO67: K | CP67: K | CQ67: K | CT67: K | CV67: K | CW67: K | CY67: K | DA67: K | DB67: K | DE67: K | DF67: K | DG67: K | DH67: K | DI67: K | DJ67: K | DK67: K | DM67: K | DO67: K | DP67: K | DQ67: K | DR67: K | DT67: K | DU67: K | DV67: K | EE67: K | EF67: K | EH67: K | EI67: K | EJ67: K | EL67: K | EM67: K | EO67: K | EP67: K | ES67: K | ET67: K | EU67: K | EW67: K | EZ67: K | FB67: K | FD67: K | FH67: K | FI67: K | FK67: K | FL67: K | FM67: K | FP67: K | FR67: K | FT67: K | FX67: K | FY67: K | FZ67: K | GA67: K | GD67: K | GH67: K | GJ67: K | GL67: K | GM67: K | GP67: K | GR67: K
B68: 11 | C68: 150000180 | E68: Vảy HD Ép Dương Đậm Tiger | F68: 19000 | H68: K | I68: K | J68: K | L68: 19000 | M68: K | N68: K | O68: K | P68: K | Q68: K | S68: K | T68: K | U68: K | V68: K | W68: K | X68: K | Z68: K | AA68: K | AB68: K | AC68: K | AD68: K | AL68: 19000 | AO68: K | AP68: K | AQ68: K | AR68: K | AS68: K | AT68: K | AV68: K | AW68: K | AX68: K | AY68: K | AZ68: K | BA68: K | BC68: K | BD68: K | BE68: K | BF68: K | BG68: K | BH68: K | BJ68: K | BK68: K | BL68: K | BM68: K | BN68: K | BO68: 19000 | BP68: K | BR68: K | BS68: K | BT68: K | BU68: K | BV68: K | BW68: 19000 | BY68: K | BZ68: K | CA68: K | CB68: K | CC68: K | CD68: K | CF68: K | CG68: 19000 | CH68: K | CI68: K | CJ68: K | CK68: K | CM68: K | CN68: K | CO68: K | CP68: K | CQ68: K | CR68: K | CT68: K | CU68: 19000 | CV68: K | CW68: K | CX68: K | CY68: K | CZ68: K | DA68: K | DB68: K | DC68: K | DD68: K | DE68: K | DF68: K | DG68: K | DH68: K | DI68: K | DJ68: K | DK68: K | DL68: 19000 | DM68: K | DN68: K | DO68: K | DP68: K | DQ68: K | DR68: K | DS68: K | DT68: K | DU68: K | DV68: K | DW68: K | DX68: 19000 | DY68: K | DZ68: 19000 | EB68: K | EC68: K | EE68: K | EF68: K | EG68: K | EH68: K | EI68: K | EJ68: K | EL68: K | EM68: K | EN68: K | EO68: K | EP68: K | EQ68: K | ES68: K | ET68: K | EU68: K | EV68: K | EW68: K | EX68: K | EZ68: K | FA68: K | FB68: K | FC68: K | FD68: K | FE68: K | FF68: 19000 | FH68: K | FI68: K | FJ68: K | FK68: K | FL68: K | FM68: K | FO68: K | FP68: K | FQ68: K | FR68: K | FS68: K | FT68: K | FV68: 19000 | FW68: K | FX68: K | FY68: K | FZ68: K | GA68: K | GC68: K | GD68: K | GE68: K | GF68: K | GG68: K | GH68: K | GJ68: K | GK68: 19000 | GL68: K | GM68: K | GN68: K | GO68: K | GP68: K | GR68: K
B69: =ROW()-ROW($B$36) -> 33 | C69: 150000181 | E69: Vảy HD Ép Dương Két Kiên Giang | H69: K | I69: K | J69: K | L69: K | M69: K | N69: K | O69: K | P69: K | Q69: K | S69: K | T69: K | U69: K | V69: K | W69: K | X69: K | Z69: K | AA69: K | AB69: K | AC69: K | AD69: K | AO69: K | AP69: K | AQ69: K | AR69: K | AS69: K | AT69: K | AV69: K | AW69: K | AZ69: K | BA69: K | BC69: K | BD69: K | BE69: K | BF69: K | BH69: K | BJ69: K | BK69: K | BL69: K | BM69: K | BN69: K | BP69: K | BR69: K | BS69: K | BT69: K | BU69: K | BV69: K | BY69: K | BZ69: K | CB69: K | CC69: K | CD69: K | CF69: K | CH69: K | CI69: K | CJ69: K | CK69: K | CM69: K | CN69: K | CO69: K | CP69: K | CQ69: K | CR69: K | CT69: K | CV69: K | CW69: K | CX69: K | CY69: K | CZ69: K | DA69: K | DB69: K | DC69: K | DD69: K | DE69: K | DF69: K | DG69: K | DH69: K | DI69: K | DJ69: K | DM69: K | DN69: K | DO69: K | DP69: K | DQ69: K | DR69: K | DS69: K | DT69: K | DU69: K | DV69: K | DW69: K | DY69: K | EB69: K | EC69: K | EE69: K | EF69: K | EG69: K | EH69: K | EI69: K | EJ69: K | EL69: K | EM69: K | EN69: K | EO69: K | EP69: K | EQ69: K | ES69: K | ET69: K | EU69: K | EV69: K | EW69: K | EX69: K | EZ69: K | FA69: K | FB69: K | FC69: K | FD69: K | FE69: K | FH69: K | FI69: K | FJ69: K | FK69: K | FL69: K | FM69: K | FO69: K | FP69: K | FQ69: K | FR69: K | FS69: K | FT69: K | FW69: K | FX69: K | FY69: K | FZ69: K | GA69: K | GC69: K | GD69: K | GE69: K | GF69: K | GG69: K | GH69: K | GJ69: K | GL69: K | GM69: K | GN69: K | GO69: K | GP69: K | GR69: K
