Workbook

Sheet 0.KQKD
B2: KẾT QUẢ KINH DOANH (ĐVT: triệu đồng) | F2: TỔNG CỘNG NĂM | AJ2: THỰC HIỆN CHI TIẾT THÁNG 2026 | AV2: THỰC HIỆN THÁNG 5, 2026 | BA2: THỰC HIỆN LŨY KẾ 5 THÁNG 2026
B3: STT | C3: CHỈ TIÊU | E3: Mã tham chiếu | F3: 2022 | G3: 2023 | H3: 2024 | I3: 1 | J3: 2 | K3: 3 | L3: 4 | M3: 5 | N3: 6 | O3: 7 | P3: 8 | Q3: 9 | R3: 10 | S3: 11 | T3: 12 | U3: 2025 | V3: 1 | W3: 2 | X3: 3 | Y3: 4 | Z3: 5 | AA3: 6 | AB3: 7 | AC3: 8 | AD3: 9 | AE3: 10 | AF3: 11 | AG3: 12 | AH3: Kế hoạch 2026 | AI3: Ước thực hiện 2026 | AJ3: 1 | AK3: 2 | AL3: 3 | AM3: 4 | AN3: 5 | AO3: 6 | AP3: 7 | AQ3: 8 | AR3: 9 | AS3: 10 | AT3: 11 | AU3: 12 | AV3: Thực hiện T4.2026 | AW3: Thực hiện T5.2026 | AX3: Kế hoạch T5.2026 | AY3: So với TH T4.2026 | AZ3: So với KH T5.2026 | BA3: Thực hiện LK 2025 | BB3: Thực hiện LK 2026 | BC3: Kế hoạch LK 2026P | BD3: So với TH LK 2025 | BE3: So với KH LK 2026 | BF3: So với KH Năm 2026
B4: 1 | C4: SẢN LƯỢNG BÁN (Tấn) | E4: (*) | U4: =SUM(I4:T4) -> 0 | V4: 760725 | W4: 591675 | X4: 845250 | Y4: 1055250 | Z4: 1055250 | AA4: 1055250 | AB4: 1055250 | AC4: 1055250 | AD4: 1055250 | AE4: 1057212 | AF4: 1057212 | AG4: 1057212 | AH4: =SUM(V4:AG4) -> 11700786 | AI4: =SUM(AJ4:AU4) -> 4015498 | AJ4: 783082 | AK4: 523873 | AL4: 990114 | AM4: 915417 | AN4: 803012 | AV4: =AM4 -> 915417 | AW4: =AN4 -> 803012 | AX4: =Z4 -> 1055250 | AY4: =IFERROR(AW4/AV4,0) -> 0.87720897 | AZ4: =IFERROR(AW4/AX4,0) -> 0.76096849 | BA4: =SUM(I4:M4) -> 0 | BB4: =SUM(AJ4:AN4) -> 4015498 | BC4: =SUM(V4:Z4) -> 4308150 | BD4: =IFERROR(BB4/BA4,0) -> 0 | BE4: =IFERROR(BB4/BC4,0) -> 0.93207015 | BF4: =IFERROR(BB4/AH4,0) -> 0.3431819
B5: 2 | C5: DOANH THU THUẦN | E5: (**) | U5: =SUM(I5:T5) -> 0 | V5: 11515218750 | W5: 8956281250 | X5: 12794687500 | Y5: 15974312500 | Z5: 15974312500 | AA5: 15974312500 | AB5: 15974312500 | AC5: 15974312500 | AD5: 15974312500 | AE5: 17334395000 | AF5: 17334395000 | AG5: 17334395000 | AH5: =SUM(V5:AG5) -> 181115247500 | AI5: =SUM(AJ5:AU5) -> 62246190240 | AJ5: 11775760050 | AK5: 8275817930 | AL5: 14654267870 | AM5: 14396490230 | AN5: 13143854160 | AV5: =AM5 -> 14396490230 | AW5: =AN5 -> 13143854160 | AX5: =Z5 -> 15974312500 | AY5: =IFERROR(AW5/AV5,0) -> 0.91299018 | AZ5: =IFERROR(AW5/AX5,0) -> 0.82281188 | BA5: =SUM(I5:M5) -> 0 | BB5: =SUM(AJ5:AN5) -> 62246190240 | BC5: =SUM(V5:Z5) -> 65214812500 | BD5: =IFERROR(BB5/BA5,0) -> 0 | BE5: =IFERROR(BB5/BC5,0) -> 0.95447933 | BF5: =IFERROR(BB5/AH5,0) -> 0.34368277
D6: Giá bán / Tấn (Triệu đồng/Tấn) | F6: =IFERROR(F5/F$4,0)*1000 -> 0 | G6: =IFERROR(G5/G$4,0)*1000 -> 0 | H6: =IFERROR(H5/H$4,0)*1000 -> 0 | I6: =IFERROR(I5/I$4,0)*1000 -> 0 | J6: =IFERROR(J5/J$4,0)*1000 -> 0 | K6: =IFERROR(K5/K$4,0)*1000 -> 0 | L6: =IFERROR(L5/L$4,0)*1000 -> 0 | M6: =IFERROR(M5/M$4,0)*1000 -> 0 | ... AX6: =IFERROR(AX5/AX$4,0)*1000 -> 15137941 | AY6: =IFERROR(AW6/AV6,0) -> 1.0407898 | AZ6: =IFERROR(AW6/AX6,0) -> 1.0812693 | BA6: =IFERROR(BA5/BA$4,0)*1000 -> 0 | BB6: =IFERROR(BB5/BB$4,0)*1000 -> 15501487 | BC6: =IFERROR(BC5/BC$4,0)*1000 -> 15137545 | BD6: =IFERROR(BB6/BA6,0) -> 0 | BE6: =IFERROR(BB6/BC6,0) -> 1.0240424 | BF6: =IFERROR(BB6/AH6,0) -> 1.0014595
B7: 3 | C7: BIẾN PHÍ | F7: =F10+F13 -> 0 | G7: =G10+G13 -> 0 | H7: =H10+H13 -> 0 | I7: =I10+I13 -> 0 | J7: =J10+J13 -> 0 | K7: =K10+K13 -> 0 | L7: =L10+L13 -> 0 | M7: =M10+M13 -> 0 | ... AU7: =AU10+AU13 -> 0 | AV7: =AM7 -> 11553794740 | AW7: =AN7 -> 10545666331 | AX7: =Z7 -> 1.3465381e+10 | AY7: =IFERROR(AW7/AV7,0) -> 0.91274482 | AZ7: =IFERROR(AW7/AX7,0) -> 0.78316879 | BA7: =SUM(I7:M7) -> 0 | BB7: =SUM(AJ7:AN7) -> 50157535139 | BC7: =SUM(V7:Z7) -> 5.4960776e+10 | BD7: =IFERROR(BB7/BA7,0) -> 0 | BE7: =IFERROR(BB7/BC7,0) -> 0.91260602 | BF7: =IFERROR(BB7/AH7,0) -> 0.33017268
D8: Biến phí / Doanh thu (%) | F8: =IFERROR(F7/F$5,0) -> 0 | G8: =IFERROR(G7/G$5,0) -> 0 | H8: =IFERROR(H7/H$5,0) -> 0 | I8: =IFERROR(I7/I$5,0) -> 0 | J8: =IFERROR(J7/J$5,0) -> 0 | K8: =IFERROR(K7/K$5,0) -> 0 | L8: =IFERROR(L7/L$5,0) -> 0 | M8: =IFERROR(M7/M$5,0) -> 0 | ... AX8: =IFERROR(AX7/AX$5,0) -> 0.84293964 | AY8: =IFERROR(AW8/AV8,0) -> 0.99973126 | AZ8: =IFERROR(AW8/AX8,0) -> 0.95181998 | BA8: =IFERROR(BA7/BA$5,0) -> 0 | BB8: =IFERROR(BB7/BB$5,0) -> 0.80579285 | BC8: =IFERROR(BC7/BC$5,0) -> 0.84276522 | BD8: =IFERROR(BB8/BA8,0) -> 0 | BE8: =IFERROR(BB8/BC8,0) -> 0.95612969 | BF8: =IFERROR(BB8/AH8,0) -> 0.96069024
D9: Biến phí / Tấn (Triệu đồng/Tấn) | F9: =IFERROR(F7/F$4,0)*1000 -> 0 | G9: =IFERROR(G7/G$4,0)*1000 -> 0 | H9: =IFERROR(H7/H$4,0)*1000 -> 0 | I9: =IFERROR(I7/I$4,0)*1000 -> 0 | J9: =IFERROR(J7/J$4,0)*1000 -> 0 | K9: =IFERROR(K7/K$4,0)*1000 -> 0 | L9: =IFERROR(L7/L$4,0)*1000 -> 0 | M9: =IFERROR(M7/M$4,0)*1000 -> 0 | ... AX9: =IFERROR(AX7/AX$4,0)*1000 -> 12760371 | AY9: =IFERROR(AW9/AV9,0) -> 1.0405101 | AZ9: =IFERROR(AW9/AX9,0) -> 1.0291737 | BA9: =IFERROR(BA7/BA$4,0)*1000 -> 0 | BB9: =IFERROR(BB7/BB$4,0)*1000 -> 12490987 | BC9: =IFERROR(BC7/BC$4,0)*1000 -> 12757396 | BD9: =IFERROR(BB9/BA9,0) -> 0 | BE9: =IFERROR(BB9/BC9,0) -> 0.97911732 | BF9: =IFERROR(BB9/AH9,0) -> 0.96209235
B10: 3.1 | C10: Biến phí bán hàng | E10: 01,02,03 | F10: =SUMIF('10. 170KMP'!$J:$J,"1",'10. 170KMP'!L:L) -> 0 | G10: =SUMIF('10. 170KMP'!$J:$J,"1",'10. 170KMP'!M:M) -> 0 | H10: =SUMIF('10. 170KMP'!$J:$J,"1",'10. 170KMP'!N:N) -> 0 | I10: =SUMIF('10. 170KMP'!$J:$J,"1",'10. 170KMP'!O:O) -> 0 | J10: =SUMIF('10. 170KMP'!$J:$J,"1",'10. 170KMP'!P:P) -> 0 | K10: =SUMIF('10. 170KMP'!$J:$J,"1",'10. 170KMP'!Q:Q) -> 0 | L10: =SUMIF('10. 170KMP'!$J:$J,"1",'10. 170KMP'!R:R) -> 0 | M10: =SUMIF('10. 170KMP'!$J:$J,"1",'10. 170KMP'!S:S) -> 0 | N10: =SUMIF('10. 170KMP'!$J:$J,"1",'10. 170KMP'!T:T) -> 0 | O10: =SUMIF('10. 170KMP'!$J:$J,"1",'10. 170KMP'!U:U) -> 0 | P10: =SUMIF('10. 170KMP'!$J:$J,"1",'10. 170KMP'!V:V) -> 0 | Q10: =SUMIF('10. 170KMP'!$J:$J,"1",'10. 170KMP'!W:W) -> 0 | R10: =SUMIF('10. 170KMP'!$J:$J,"1",'10. 170KMP'!X:X) -> 0 | S10: =SUMIF('10. 170KMP'!$J:$J,"1",'10. 170KMP'!Y:Y) -> 0 | T10: =SUMIF('10. 170KMP'!$J:$J,"1",'10. 170KMP'!Z:Z) -> 0 | U10: =SUMIF('10. 170KMP'!$J:$J,"1",'10. 170KMP'!AA:AA) -> 0 | V10: =SUMIF('10. 170KMP'!$J:$J,"1",'10. 170KMP'!AB:AB) -> 259100625 | W10: =SUMIF('10. 170KMP'!$J:$J,"1",'10. 170KMP'!AC:AC) -> 2.0152271e+08 | X10: =SUMIF('10. 170KMP'!$J:$J,"1",'10. 170KMP'!AD:AD) -> 2.8788958e+08 | Y10: =SUMIF('10. 170KMP'!$J:$J,"1",'10. 170KMP'!AE:AE) -> 359368750 | Z10: =SUMIF('10. 170KMP'!$J:$J,"1",'10. 170KMP'!AF:AF) -> 359368750 | AA10: =SUMIF('10. 170KMP'!$J:$J,"1",'10. 170KMP'!AG:AG) -> 359368750 | AB10: =SUMIF('10. 170KMP'!$J:$J,"1",'10. 170KMP'!AH:AH) -> 359368750 | AC10: =SUMIF('10. 170KMP'!$J:$J,"1",'10. 170KMP'!AI:AI) -> 359368750 | AD10: =SUMIF('10. 170KMP'!$J:$J,"1",'10. 170KMP'!AJ:AJ) -> 359368750 | AE10: =SUMIF('10. 170KMP'!$J:$J,"1",'10. 170KMP'!AK:AK) -> 3.2965703e+08 | AF10: =SUMIF('10. 170KMP'!$J:$J,"1",'10. 170KMP'!AL:AL) -> 3.2965703e+08 | AG10: =SUMIF('10. 170KMP'!$J:$J,"1",'10. 170KMP'!AM:AM) -> 3.2965703e+08 | AH10: =SUMIF('10. 170KMP'!$J:$J,"1",'10. 170KMP'!AN:AN) -> 3.8936965e+09 | AI10: =SUMIF('10. 170KMP'!$J:$J,"1",'10. 170KMP'!AO:AO) -> 1403800000 | AJ10: =SUMIF('10. 170KMP'!$J:$J,"1",'10. 170KMP'!AP:AP) -> 252400000 | AK10: =SUMIF('10. 170KMP'!$J:$J,"1",'10. 170KMP'!AQ:AQ) -> 167700000 | AL10: =SUMIF('10. 170KMP'!$J:$J,"1",'10. 170KMP'!AR:AR) -> 349500000 | AM10: =SUMIF('10. 170KMP'!$J:$J,"1",'10. 170KMP'!AS:AS) -> 338100000 | AN10: =SUMIF('10. 170KMP'!$J:$J,"1",'10. 170KMP'!AT:AT) -> 296100000 | AO10: =SUMIF('10. 170KMP'!$J:$J,"1",'10. 170KMP'!AU:AU) -> 0 | AP10: =SUMIF('10. 170KMP'!$J:$J,"1",'10. 170KMP'!AV:AV) -> 0 | AQ10: =SUMIF('10. 170KMP'!$J:$J,"1",'10. 170KMP'!AW:AW) -> 0 | AR10: =SUMIF('10. 170KMP'!$J:$J,"1",'10. 170KMP'!AX:AX) -> 0 | AS10: =SUMIF('10. 170KMP'!$J:$J,"1",'10. 170KMP'!AY:AY) -> 0 | AT10: =SUMIF('10. 170KMP'!$J:$J,"1",'10. 170KMP'!AZ:AZ) -> 0 | AU10: =SUMIF('10. 170KMP'!$J:$J,"1",'10. 170KMP'!BA:BA) -> 0 | AV10: =AM10 -> 338100000 | AW10: =AN10 -> 296100000 | AX10: =Z10 -> 359368750 | AY10: =IFERROR(AW10/AV10,0) -> 0.8757764 | AZ10: =IFERROR(AW10/AX10,0) -> 0.82394476 | BA10: =SUM(I10:M10) -> 0 | BB10: =SUM(AJ10:AN10) -> 1403800000 | BC10: =SUM(V10:Z10) -> 1.4672504e+09 | BD10: =IFERROR(BB10/BA10,0) -> 0 | BE10: =IFERROR(BB10/BC10,0) -> 0.95675556 | BF10: =IFERROR(BB10/AH10,0) -> 0.36053144
D11: Biến phí / Doanh thu (%) | F11: =IFERROR(F10/F$5,0) -> 0 | G11: =IFERROR(G10/G$5,0) -> 0 | H11: =IFERROR(H10/H$5,0) -> 0 | I11: =IFERROR(I10/I$5,0) -> 0 | J11: =IFERROR(J10/J$5,0) -> 0 | K11: =IFERROR(K10/K$5,0) -> 0 | L11: =IFERROR(L10/L$5,0) -> 0 | M11: =IFERROR(M10/M$5,0) -> 0 | ... AX11: =IFERROR(AX10/AX$5,0) -> 0.022496665 | AY11: =IFERROR(AW11/AV11,0) -> 0.95923967 | AZ11: =IFERROR(AW11/AX11,0) -> 1.0013768 | BA11: =IFERROR(BA10/BA$5,0) -> 0 | BB11: =IFERROR(BB10/BB$5,0) -> 0.022552384 | BC11: =IFERROR(BC10/BC$5,0) -> 0.022498729 | BD11: =IFERROR(BB11/BA11,0) -> 0 | BE11: =IFERROR(BB11/BC11,0) -> 1.0023848 | BF11: =IFERROR(BB11/AH11,0) -> 1.0490239
D12: Biến phí / Tấn (Triệu đồng/Tấn) | F12: =IFERROR(F10/F$4,0)*1000 -> 0 | G12: =IFERROR(G10/G$4,0)*1000 -> 0 | H12: =IFERROR(H10/H$4,0)*1000 -> 0 | I12: =IFERROR(I10/I$4,0)*1000 -> 0 | J12: =IFERROR(J10/J$4,0)*1000 -> 0 | K12: =IFERROR(K10/K$4,0)*1000 -> 0 | L12: =IFERROR(L10/L$4,0)*1000 -> 0 | M12: =IFERROR(M10/M$4,0)*1000 -> 0 | ... AX12: =IFERROR(AX10/AX$4,0)*1000 -> 340553.19 | AY12: =IFERROR(AW12/AV12,0) -> 0.9983669 | AZ12: =IFERROR(AW12/AX12,0) -> 1.0827581 | BA12: =IFERROR(BA10/BA$4,0)*1000 -> 0 | BB12: =IFERROR(BB10/BB$4,0)*1000 -> 349595.49 | BC12: =IFERROR(BC10/BC$4,0)*1000 -> 340575.52 | BD12: =IFERROR(BB12/BA12,0) -> 0 | BE12: =IFERROR(BB12/BC12,0) -> 1.0264845 | BF12: =IFERROR(BB12/AH12,0) -> 1.0505549
B13: 3.2 | C13: Biến phí sản xuất | F13: =F16+F17+F19+F20+F21+F22+F23+F24+F25+F26 -> 0 | G13: =G16+G17+G19+G20+G21+G22+G23+G24+G25+G26 -> 0 | H13: =H16+H17+H19+H20+H21+H22+H23+H24+H25+H26 -> 0 | I13: =I16+I17+I19+I20+I21+I22+I23+I24+I25+I26 -> 0 | J13: =J16+J17+J19+J20+J21+J22+J23+J24+J25+J26 -> 0 | K13: =K16+K17+K19+K20+K21+K22+K23+K24+K25+K26 -> 0 | L13: =L16+L17+L19+L20+L21+L22+L23+L24+L25+L26 -> 0 | M13: =M16+M17+M19+M20+M21+M22+M23+M24+M25+M26 -> 0 | ... AU13: =AU16+AU17+AU19+AU20+AU21+AU22+AU23+AU24+AU25+AU26 -> 0 | AV13: =AM13 -> 11215694740 | AW13: =AN13 -> 10249566331 | AX13: =Z13 -> 1.3106012e+10 | AY13: =IFERROR(AW13/AV13,0) -> 0.91385925 | AZ13: =IFERROR(AW13/AX13,0) -> 0.78205071 | BA13: =SUM(I13:M13) -> 0 | BB13: =SUM(AJ13:AN13) -> 48753735139 | BC13: =SUM(V13:Z13) -> 5.3493525e+10 | BD13: =IFERROR(BB13/BA13,0) -> 0 | BE13: =IFERROR(BB13/BC13,0) -> 0.91139507 | BF13: =IFERROR(BB13/AH13,0) -> 0.32937409
D14: Biến phí sản xuất/ Doanh thu (%) | F14: =IFERROR(F13/F$5,0) -> 0 | G14: =IFERROR(G13/G$5,0) -> 0 | H14: =IFERROR(H13/H$5,0) -> 0 | I14: =IFERROR(I13/I$5,0) -> 0 | J14: =IFERROR(J13/J$5,0) -> 0 | K14: =IFERROR(K13/K$5,0) -> 0 | L14: =IFERROR(L13/L$5,0) -> 0 | M14: =IFERROR(M13/M$5,0) -> 0 | ... AX14: =IFERROR(AX13/AX$5,0) -> 0.82044297 | AY14: =IFERROR(AW14/AV14,0) -> 1.0009519 | AZ14: =IFERROR(AW14/AX14,0) -> 0.95046112 | BA14: =IFERROR(BA13/BA$5,0) -> 0 | BB14: =IFERROR(BB13/BB$5,0) -> 0.78324047 | BC14: =IFERROR(BC13/BC$5,0) -> 0.82026649 | BD14: =IFERROR(BB14/BA14,0) -> 0 | BE14: =IFERROR(BB14/BC14,0) -> 0.95486098 | BF14: =IFERROR(BB14/AH14,0) -> 0.95836659
D15: Biến phí sản xuất/ Tấn (Triệu đồng/Tấn) | F15: =IFERROR(F13/F$4,0)*1000 -> 0 | G15: =IFERROR(G13/G$4,0)*1000 -> 0 | H15: =IFERROR(H13/H$4,0)*1000 -> 0 | I15: =IFERROR(I13/I$4,0)*1000 -> 0 | J15: =IFERROR(J13/J$4,0)*1000 -> 0 | K15: =IFERROR(K13/K$4,0)*1000 -> 0 | L15: =IFERROR(L13/L$4,0)*1000 -> 0 | M15: =IFERROR(M13/M$4,0)*1000 -> 0 | ... AX15: =IFERROR(AX13/AX$4,0)*1000 -> 12419818 | AY15: =IFERROR(AW15/AV15,0) -> 1.0417806 | AZ15: =IFERROR(AW15/AX15,0) -> 1.0277045 | BA15: =IFERROR(BA13/BA$4,0)*1000 -> 0 | BB15: =IFERROR(BB13/BB$4,0)*1000 -> 12141392 | BC15: =IFERROR(BC13/BC$4,0)*1000 -> 12416821 | BD15: =IFERROR(BB15/BA15,0) -> 0 | BE15: =IFERROR(BB15/BC15,0) -> 0.97781811 | BF15: =IFERROR(BB15/AH15,0) -> 0.95976532
D16: Chi phí nguyên liệu vật chính | E16: 04 | F16: =SUMIF('10. 170KMP'!$J:$J,'0.KQKD'!$E16,'10. 170KMP'!L:L) -> 0 | G16: =SUMIF('10. 170KMP'!$J:$J,'0.KQKD'!$E16,'10. 170KMP'!M:M) -> 0 | H16: =SUMIF('10. 170KMP'!$J:$J,'0.KQKD'!$E16,'10. 170KMP'!N:N) -> 0 | I16: =SUMIF('10. 170KMP'!$J:$J,'0.KQKD'!$E16,'10. 170KMP'!O:O) -> 0 | J16: =SUMIF('10. 170KMP'!$J:$J,'0.KQKD'!$E16,'10. 170KMP'!P:P) -> 0 | K16: =SUMIF('10. 170KMP'!$J:$J,'0.KQKD'!$E16,'10. 170KMP'!Q:Q) -> 0 | L16: =SUMIF('10. 170KMP'!$J:$J,'0.KQKD'!$E16,'10. 170KMP'!R:R) -> 0 | M16: =SUMIF('10. 170KMP'!$J:$J,'0.KQKD'!$E16,'10. 170KMP'!S:S) -> 0 | N16: =SUMIF('10. 170KMP'!$J:$J,'0.KQKD'!$E16,'10. 170KMP'!T:T) -> 0 | O16: =SUMIF('10. 170KMP'!$J:$J,'0.KQKD'!$E16,'10. 170KMP'!U:U) -> 0 | P16: =SUMIF('10. 170KMP'!$J:$J,'0.KQKD'!$E16,'10. 170KMP'!V:V) -> 0 | Q16: =SUMIF('10. 170KMP'!$J:$J,'0.KQKD'!$E16,'10. 170KMP'!W:W) -> 0 | R16: =SUMIF('10. 170KMP'!$J:$J,'0.KQKD'!$E16,'10. 170KMP'!X:X) -> 0 | S16: =SUMIF('10. 170KMP'!$J:$J,'0.KQKD'!$E16,'10. 170KMP'!Y:Y) -> 0 | T16: =SUMIF('10. 170KMP'!$J:$J,'0.KQKD'!$E16,'10. 170KMP'!Z:Z) -> 0 | U16: =SUM(I16:T16) -> 0 | V16: =SUMIF('10. 170KMP'!$J:$J,'0.KQKD'!$E16,'10. 170KMP'!AB:AB) -> 9000000000 | W16: =SUMIF('10. 170KMP'!$J:$J,'0.KQKD'!$E16,'10. 170KMP'!AC:AC) -> 7000000000 | X16: =SUMIF('10. 170KMP'!$J:$J,'0.KQKD'!$E16,'10. 170KMP'!AD:AD) -> 10000000000 | Y16: =SUMIF('10. 170KMP'!$J:$J,'0.KQKD'!$E16,'10. 170KMP'!AE:AE) -> 12500000000 | Z16: =SUMIF('10. 170KMP'!$J:$J,'0.KQKD'!$E16,'10. 170KMP'!AF:AF) -> 12500000000 | AA16: =SUMIF('10. 170KMP'!$J:$J,'0.KQKD'!$E16,'10. 170KMP'!AG:AG) -> 12500000000 | AB16: =SUMIF('10. 170KMP'!$J:$J,'0.KQKD'!$E16,'10. 170KMP'!AH:AH) -> 12500000000 | AC16: =SUMIF('10. 170KMP'!$J:$J,'0.KQKD'!$E16,'10. 170KMP'!AI:AI) -> 12500000000 | AD16: =SUMIF('10. 170KMP'!$J:$J,'0.KQKD'!$E16,'10. 170KMP'!AJ:AJ) -> 12500000000 | AE16: =SUMIF('10. 170KMP'!$J:$J,'0.KQKD'!$E16,'10. 170KMP'!AK:AK) -> 13000000000 | AF16: =SUMIF('10. 170KMP'!$J:$J,'0.KQKD'!$E16,'10. 170KMP'!AL:AL) -> 13000000000 | AG16: =SUMIF('10. 170KMP'!$J:$J,'0.KQKD'!$E16,'10. 170KMP'!AM:AM) -> 13000000000 | AH16: =SUM(V16:AG16) -> 140000000000 | AI16: =SUM(AJ16:AU16) -> 46516650441 | AJ16: =SUMIF('10. 170KMP'!$J:$J,'0.KQKD'!$E16,'10. 170KMP'!AP:AP) -> 9069607859 | AK16: =SUMIF('10. 170KMP'!$J:$J,'0.KQKD'!$E16,'10. 170KMP'!AQ:AQ) -> 5963035131 | AL16: =SUMIF('10. 170KMP'!$J:$J,'0.KQKD'!$E16,'10. 170KMP'!AR:AR) -> 11064188424 | AM16: =SUMIF('10. 170KMP'!$J:$J,'0.KQKD'!$E16,'10. 170KMP'!AS:AS) -> 10571670369 | AN16: =SUMIF('10. 170KMP'!$J:$J,'0.KQKD'!$E16,'10. 170KMP'!AT:AT) -> 9848148658 | AO16: =SUMIF('10. 170KMP'!$J:$J,'0.KQKD'!$E16,'10. 170KMP'!AU:AU) -> 0 | AP16: =SUMIF('10. 170KMP'!$J:$J,'0.KQKD'!$E16,'10. 170KMP'!AV:AV) -> 0 | AQ16: =SUMIF('10. 170KMP'!$J:$J,'0.KQKD'!$E16,'10. 170KMP'!AW:AW) -> 0 | AR16: =SUMIF('10. 170KMP'!$J:$J,'0.KQKD'!$E16,'10. 170KMP'!AX:AX) -> 0 | AS16: =SUMIF('10. 170KMP'!$J:$J,'0.KQKD'!$E16,'10. 170KMP'!AY:AY) -> 0 | AT16: =SUMIF('10. 170KMP'!$J:$J,'0.KQKD'!$E16,'10. 170KMP'!AZ:AZ) -> 0 | AU16: =SUMIF('10. 170KMP'!$J:$J,'0.KQKD'!$E16,'10. 170KMP'!BA:BA) -> 0 | AV16: =AM16 -> 10571670369 | AW16: =AN16 -> 9848148658 | AX16: =Z16 -> 12500000000 | AY16: =IFERROR(AW16/AV16,0) -> 0.93156032 | AZ16: =IFERROR(AW16/AX16,0) -> 0.78785189 | BA16: =SUM(I16:M16) -> 0 | BB16: =SUM(AJ16:AN16) -> 46516650441 | BC16: =SUM(V16:Z16) -> 51000000000 | BD16: =IFERROR(BB16/BA16,0) -> 0 | BE16: =IFERROR(BB16/BC16,0) -> 0.91209119 | BF16: =IFERROR(BB16/AH16,0) -> 0.33226179
D17: Chi phí nguyên vật liệu phụ | E17: 05 | F17: =SUMIF('10. 170KMP'!$J:$J,'0.KQKD'!$E17,'10. 170KMP'!L:L) -> 0 | G17: =SUMIF('10. 170KMP'!$J:$J,'0.KQKD'!$E17,'10. 170KMP'!M:M) -> 0 | H17: =SUMIF('10. 170KMP'!$J:$J,'0.KQKD'!$E17,'10. 170KMP'!N:N) -> 0 | I17: =SUMIF('10. 170KMP'!$J:$J,'0.KQKD'!$E17,'10. 170KMP'!O:O) -> 0 | J17: =SUMIF('10. 170KMP'!$J:$J,'0.KQKD'!$E17,'10. 170KMP'!P:P) -> 0 | K17: =SUMIF('10. 170KMP'!$J:$J,'0.KQKD'!$E17,'10. 170KMP'!Q:Q) -> 0 | L17: =SUMIF('10. 170KMP'!$J:$J,'0.KQKD'!$E17,'10. 170KMP'!R:R) -> 0 | M17: =SUMIF('10. 170KMP'!$J:$J,'0.KQKD'!$E17,'10. 170KMP'!S:S) -> 0 | N17: =SUMIF('10. 170KMP'!$J:$J,'0.KQKD'!$E17,'10. 170KMP'!T:T) -> 0 | O17: =SUMIF('10. 170KMP'!$J:$J,'0.KQKD'!$E17,'10. 170KMP'!U:U) -> 0 | P17: =SUMIF('10. 170KMP'!$J:$J,'0.KQKD'!$E17,'10. 170KMP'!V:V) -> 0 | Q17: =SUMIF('10. 170KMP'!$J:$J,'0.KQKD'!$E17,'10. 170KMP'!W:W) -> 0 | R17: =SUMIF('10. 170KMP'!$J:$J,'0.KQKD'!$E17,'10. 170KMP'!X:X) -> 0 | S17: =SUMIF('10. 170KMP'!$J:$J,'0.KQKD'!$E17,'10. 170KMP'!Y:Y) -> 0 | T17: =SUMIF('10. 170KMP'!$J:$J,'0.KQKD'!$E17,'10. 170KMP'!Z:Z) -> 0 | U17: =SUM(I17:T17) -> 0 | V17: =SUMIF('10. 170KMP'!$J:$J,'0.KQKD'!$E17,'10. 170KMP'!AB:AB) -> 0 | W17: =SUMIF('10. 170KMP'!$J:$J,'0.KQKD'!$E17,'10. 170KMP'!AC:AC) -> 0 | X17: =SUMIF('10. 170KMP'!$J:$J,'0.KQKD'!$E17,'10. 170KMP'!AD:AD) -> 0 | Y17: =SUMIF('10. 170KMP'!$J:$J,'0.KQKD'!$E17,'10. 170KMP'!AE:AE) -> 0 | Z17: =SUMIF('10. 170KMP'!$J:$J,'0.KQKD'!$E17,'10. 170KMP'!AF:AF) -> 0 | AA17: =SUMIF('10. 170KMP'!$J:$J,'0.KQKD'!$E17,'10. 170KMP'!AG:AG) -> 0 | AB17: =SUMIF('10. 170KMP'!$J:$J,'0.KQKD'!$E17,'10. 170KMP'!AH:AH) -> 0 | AC17: =SUMIF('10. 170KMP'!$J:$J,'0.KQKD'!$E17,'10. 170KMP'!AI:AI) -> 0 | AD17: =SUMIF('10. 170KMP'!$J:$J,'0.KQKD'!$E17,'10. 170KMP'!AJ:AJ) -> 0 | AE17: =SUMIF('10. 170KMP'!$J:$J,'0.KQKD'!$E17,'10. 170KMP'!AK:AK) -> 0 | AF17: =SUMIF('10. 170KMP'!$J:$J,'0.KQKD'!$E17,'10. 170KMP'!AL:AL) -> 0 | AG17: =SUMIF('10. 170KMP'!$J:$J,'0.KQKD'!$E17,'10. 170KMP'!AM:AM) -> 0 | AH17: =SUM(V17:AG17) -> 0 | AI17: =SUM(AJ17:AU17) -> 19346564 | AJ17: =SUMIF('10. 170KMP'!$J:$J,'0.KQKD'!$E17,'10. 170KMP'!AP:AP) -> 1000000 | AK17: =SUMIF('10. 170KMP'!$J:$J,'0.KQKD'!$E17,'10. 170KMP'!AQ:AQ) -> 1000000 | AL17: =SUMIF('10. 170KMP'!$J:$J,'0.KQKD'!$E17,'10. 170KMP'!AR:AR) -> 2000000 | AM17: =SUMIF('10. 170KMP'!$J:$J,'0.KQKD'!$E17,'10. 170KMP'!AS:AS) -> 14346564 | AN17: =SUMIF('10. 170KMP'!$J:$J,'0.KQKD'!$E17,'10. 170KMP'!AT:AT) -> 1000000 | AO17: =SUMIF('10. 170KMP'!$J:$J,'0.KQKD'!$E17,'10. 170KMP'!AU:AU) -> 0 | AP17: =SUMIF('10. 170KMP'!$J:$J,'0.KQKD'!$E17,'10. 170KMP'!AV:AV) -> 0 | AQ17: =SUMIF('10. 170KMP'!$J:$J,'0.KQKD'!$E17,'10. 170KMP'!AW:AW) -> 0 | AR17: =SUMIF('10. 170KMP'!$J:$J,'0.KQKD'!$E17,'10. 170KMP'!AX:AX) -> 0 | AS17: =SUMIF('10. 170KMP'!$J:$J,'0.KQKD'!$E17,'10. 170KMP'!AY:AY) -> 0 | AT17: =SUMIF('10. 170KMP'!$J:$J,'0.KQKD'!$E17,'10. 170KMP'!AZ:AZ) -> 0 | AU17: =SUMIF('10. 170KMP'!$J:$J,'0.KQKD'!$E17,'10. 170KMP'!BA:BA) -> 0 | AV17: =AM17 -> 14346564 | AW17: =AN17 -> 1000000 | AX17: =Z17 -> 0 | AY17: =IFERROR(AW17/AV17,0) -> 0.069703101 | AZ17: =IFERROR(AW17/AX17,0) -> 0 | BA17: =SUM(I17:M17) -> 0 | BB17: =SUM(AJ17:AN17) -> 19346564 | BC17: =SUM(V17:Z17) -> 0 | BD17: =IFERROR(BB17/BA17,0) -> 0 | BE17: =IFERROR(BB17/BC17,0) -> 0 | BF17: =IFERROR(BB17/AH17,0) -> 0
D18: Lãi nguyên liệu / Doanh thu (%) | F18: =IFERROR((F5-F16-F17)/F$5,0) -> 0 | G18: =IFERROR((G5-G16-G17)/G$5,0) -> 0 | H18: =IFERROR((H5-H16-H17)/H$5,0) -> 0 | I18: =IFERROR((I5-I16-I17)/I$5,0) -> 0 | J18: =IFERROR((J5-J16-J17)/J$5,0) -> 0 | K18: =IFERROR((K5-K16-K17)/K$5,0) -> 0 | L18: =IFERROR((L5-L16-L17)/L$5,0) -> 0 | M18: =IFERROR((M5-M16-M17)/M$5,0) -> 0 | ... AX18: =IFERROR((AX5-AX16-AX17)/AX$5,0) -> 0.21749371 | AY18: =IFERROR(AW18/AV18,0) -> 0.94704709 | AZ18: =IFERROR(AW18/AX18,0) -> 1.1525165 | BA18: =IFERROR((BA5-BA16-BA17)/BA$5,0) -> 0 | BB18: =IFERROR((BB5-BB16-BB17)/BB$5,0) -> 0.25238803 | BC18: =IFERROR((BC5-BC16-BC17)/BC$5,0) -> 0.21796908 | BD18: =IFERROR(BB18/BA18,0) -> 0 | BE18: =IFERROR(BB18/BC18,0) -> 1.1579075 | BF18: =IFERROR(BB18/AH18,0) -> 1.1117851
D19: Chi phí vật tư kỹ thuật phục vụ sản xuất | E19: 06 | F19: =SUMIF('10. 170KMP'!$J:$J,'0.KQKD'!$E19,'10. 170KMP'!L:L) -> 0 | G19: =SUMIF('10. 170KMP'!$J:$J,'0.KQKD'!$E19,'10. 170KMP'!M:M) -> 0 | H19: =SUMIF('10. 170KMP'!$J:$J,'0.KQKD'!$E19,'10. 170KMP'!N:N) -> 0 | I19: =SUMIF('10. 170KMP'!$J:$J,'0.KQKD'!$E19,'10. 170KMP'!O:O) -> 0 | J19: =SUMIF('10. 170KMP'!$J:$J,'0.KQKD'!$E19,'10. 170KMP'!P:P) -> 0 | K19: =SUMIF('10. 170KMP'!$J:$J,'0.KQKD'!$E19,'10. 170KMP'!Q:Q) -> 0 | L19: =SUMIF('10. 170KMP'!$J:$J,'0.KQKD'!$E19,'10. 170KMP'!R:R) -> 0 | M19: =SUMIF('10. 170KMP'!$J:$J,'0.KQKD'!$E19,'10. 170KMP'!S:S) -> 0 | N19: =SUMIF('10. 170KMP'!$J:$J,'0.KQKD'!$E19,'10. 170KMP'!T:T) -> 0 | O19: =SUMIF('10. 170KMP'!$J:$J,'0.KQKD'!$E19,'10. 170KMP'!U:U) -> 0 | P19: =SUMIF('10. 170KMP'!$J:$J,'0.KQKD'!$E19,'10. 170KMP'!V:V) -> 0 | Q19: =SUMIF('10. 170KMP'!$J:$J,'0.KQKD'!$E19,'10. 170KMP'!W:W) -> 0 | R19: =SUMIF('10. 170KMP'!$J:$J,'0.KQKD'!$E19,'10. 170KMP'!X:X) -> 0 | S19: =SUMIF('10. 170KMP'!$J:$J,'0.KQKD'!$E19,'10. 170KMP'!Y:Y) -> 0 | T19: =SUMIF('10. 170KMP'!$J:$J,'0.KQKD'!$E19,'10. 170KMP'!Z:Z) -> 0 | U19: =SUM(I19:T19) -> 0 | V19: =SUMIF('10. 170KMP'!$J:$J,'0.KQKD'!$E19,'10. 170KMP'!AB:AB) -> 1.4012364e+08 | W19: =SUMIF('10. 170KMP'!$J:$J,'0.KQKD'!$E19,'10. 170KMP'!AC:AC) -> 1.0830394e+08 | X19: =SUMIF('10. 170KMP'!$J:$J,'0.KQKD'!$E19,'10. 170KMP'!AD:AD) -> 1.5155499e+08 | Y19: =SUMIF('10. 170KMP'!$J:$J,'0.KQKD'!$E19,'10. 170KMP'!AE:AE) -> 1.8921165e+08 | Z19: =SUMIF('10. 170KMP'!$J:$J,'0.KQKD'!$E19,'10. 170KMP'!AF:AF) -> 1.8791165e+08 | AA19: =SUMIF('10. 170KMP'!$J:$J,'0.KQKD'!$E19,'10. 170KMP'!AG:AG) -> 1.8756999e+08 | AB19: =SUMIF('10. 170KMP'!$J:$J,'0.KQKD'!$E19,'10. 170KMP'!AH:AH) -> 1.8694665e+08 | AC19: =SUMIF('10. 170KMP'!$J:$J,'0.KQKD'!$E19,'10. 170KMP'!AI:AI) -> 1.8706165e+08 | AD19: =SUMIF('10. 170KMP'!$J:$J,'0.KQKD'!$E19,'10. 170KMP'!AJ:AJ) -> 1.8679665e+08 | AE19: =SUMIF('10. 170KMP'!$J:$J,'0.KQKD'!$E19,'10. 170KMP'!AK:AK) -> 3.5043588e+08 | AF19: =SUMIF('10. 170KMP'!$J:$J,'0.KQKD'!$E19,'10. 170KMP'!AL:AL) -> 3.4889588e+08 | AG19: =SUMIF('10. 170KMP'!$J:$J,'0.KQKD'!$E19,'10. 170KMP'!AM:AM) -> 3.4901088e+08 | AH19: =SUM(V19:AG19) -> 2.5738235e+09 | AI19: =SUM(AJ19:AU19) -> 770434165 | AJ19: =SUMIF('10. 170KMP'!$J:$J,'0.KQKD'!$E19,'10. 170KMP'!AP:AP) -> 135630857 | AK19: =SUMIF('10. 170KMP'!$J:$J,'0.KQKD'!$E19,'10. 170KMP'!AQ:AQ) -> 152677040 | AL19: =SUMIF('10. 170KMP'!$J:$J,'0.KQKD'!$E19,'10. 170KMP'!AR:AR) -> 138976171 | AM19: =SUMIF('10. 170KMP'!$J:$J,'0.KQKD'!$E19,'10. 170KMP'!AS:AS) -> 180279734 | AN19: =SUMIF('10. 170KMP'!$J:$J,'0.KQKD'!$E19,'10. 170KMP'!AT:AT) -> 162870363 | AO19: =SUMIF('10. 170KMP'!$J:$J,'0.KQKD'!$E19,'10. 170KMP'!AU:AU) -> 0 | AP19: =SUMIF('10. 170KMP'!$J:$J,'0.KQKD'!$E19,'10. 170KMP'!AV:AV) -> 0 | AQ19: =SUMIF('10. 170KMP'!$J:$J,'0.KQKD'!$E19,'10. 170KMP'!AW:AW) -> 0 | AR19: =SUMIF('10. 170KMP'!$J:$J,'0.KQKD'!$E19,'10. 170KMP'!AX:AX) -> 0 | AS19: =SUMIF('10. 170KMP'!$J:$J,'0.KQKD'!$E19,'10. 170KMP'!AY:AY) -> 0 | AT19: =SUMIF('10. 170KMP'!$J:$J,'0.KQKD'!$E19,'10. 170KMP'!AZ:AZ) -> 0 | AU19: =SUMIF('10. 170KMP'!$J:$J,'0.KQKD'!$E19,'10. 170KMP'!BA:BA) -> 0 | AV19: =AM19 -> 180279734 | AW19: =AN19 -> 162870363 | AX19: =Z19 -> 1.8791165e+08 | AY19: =IFERROR(AW19/AV19,0) -> 0.90343135 | AZ19: =IFERROR(AW19/AX19,0) -> 0.86673902 | BA19: =SUM(I19:M19) -> 0 | BB19: =SUM(AJ19:AN19) -> 770434165 | BC19: =SUM(V19:Z19) -> 7.7710587e+08 | BD19: =IFERROR(BB19/BA19,0) -> 0 | BE19: =IFERROR(BB19/BC19,0) -> 0.99141467 | BF19: =IFERROR(BB19/AH19,0) -> 0.2993345
D20: Chi phí bao bì | E20: 07 | F20: =SUMIF('10. 170KMP'!$J:$J,'0.KQKD'!$E20,'10. 170KMP'!L:L) -> 0 | G20: =SUMIF('10. 170KMP'!$J:$J,'0.KQKD'!$E20,'10. 170KMP'!M:M) -> 0 | H20: =SUMIF('10. 170KMP'!$J:$J,'0.KQKD'!$E20,'10. 170KMP'!N:N) -> 0 | I20: =SUMIF('10. 170KMP'!$J:$J,'0.KQKD'!$E20,'10. 170KMP'!O:O) -> 0 | J20: =SUMIF('10. 170KMP'!$J:$J,'0.KQKD'!$E20,'10. 170KMP'!P:P) -> 0 | K20: =SUMIF('10. 170KMP'!$J:$J,'0.KQKD'!$E20,'10. 170KMP'!Q:Q) -> 0 | L20: =SUMIF('10. 170KMP'!$J:$J,'0.KQKD'!$E20,'10. 170KMP'!R:R) -> 0 | M20: =SUMIF('10. 170KMP'!$J:$J,'0.KQKD'!$E20,'10. 170KMP'!S:S) -> 0 | N20: =SUMIF('10. 170KMP'!$J:$J,'0.KQKD'!$E20,'10. 170KMP'!T:T) -> 0 | O20: =SUMIF('10. 170KMP'!$J:$J,'0.KQKD'!$E20,'10. 170KMP'!U:U) -> 0 | P20: =SUMIF('10. 170KMP'!$J:$J,'0.KQKD'!$E20,'10. 170KMP'!V:V) -> 0 | Q20: =SUMIF('10. 170KMP'!$J:$J,'0.KQKD'!$E20,'10. 170KMP'!W:W) -> 0 | R20: =SUMIF('10. 170KMP'!$J:$J,'0.KQKD'!$E20,'10. 170KMP'!X:X) -> 0 | S20: =SUMIF('10. 170KMP'!$J:$J,'0.KQKD'!$E20,'10. 170KMP'!Y:Y) -> 0 | T20: =SUMIF('10. 170KMP'!$J:$J,'0.KQKD'!$E20,'10. 170KMP'!Z:Z) -> 0 | U20: =SUM(I20:T20) -> 0 | V20: =SUMIF('10. 170KMP'!$J:$J,'0.KQKD'!$E20,'10. 170KMP'!AB:AB) -> 77386422 | W20: =SUMIF('10. 170KMP'!$J:$J,'0.KQKD'!$E20,'10. 170KMP'!AC:AC) -> 60189440 | X20: =SUMIF('10. 170KMP'!$J:$J,'0.KQKD'!$E20,'10. 170KMP'!AD:AD) -> 85984914 | Y20: =SUMIF('10. 170KMP'!$J:$J,'0.KQKD'!$E20,'10. 170KMP'!AE:AE) -> 1.0745956e+08 | Z20: =SUMIF('10. 170KMP'!$J:$J,'0.KQKD'!$E20,'10. 170KMP'!AF:AF) -> 1.0745956e+08 | AA20: =SUMIF('10. 170KMP'!$J:$J,'0.KQKD'!$E20,'10. 170KMP'!AG:AG) -> 1.0745956e+08 | AB20: =SUMIF('10. 170KMP'!$J:$J,'0.KQKD'!$E20,'10. 170KMP'!AH:AH) -> 1.0745956e+08 | AC20: =SUMIF('10. 170KMP'!$J:$J,'0.KQKD'!$E20,'10. 170KMP'!AI:AI) -> 1.0745956e+08 | AD20: =SUMIF('10. 170KMP'!$J:$J,'0.KQKD'!$E20,'10. 170KMP'!AJ:AJ) -> 1.0745956e+08 | AE20: =SUMIF('10. 170KMP'!$J:$J,'0.KQKD'!$E20,'10. 170KMP'!AK:AK) -> 1.4211633e+08 | AF20: =SUMIF('10. 170KMP'!$J:$J,'0.KQKD'!$E20,'10. 170KMP'!AL:AL) -> 1.4211633e+08 | AG20: =SUMIF('10. 170KMP'!$J:$J,'0.KQKD'!$E20,'10. 170KMP'!AM:AM) -> 1.4211633e+08 | AH20: =SUM(V20:AG20) -> 1.2946671e+09 | AI20: =SUM(AJ20:AU20) -> 221985940 | AJ20: =SUMIF('10. 170KMP'!$J:$J,'0.KQKD'!$E20,'10. 170KMP'!AP:AP) -> 34725069 | AK20: =SUMIF('10. 170KMP'!$J:$J,'0.KQKD'!$E20,'10. 170KMP'!AQ:AQ) -> 23690775 | AL20: =SUMIF('10. 170KMP'!$J:$J,'0.KQKD'!$E20,'10. 170KMP'!AR:AR) -> 83036407 | AM20: =SUMIF('10. 170KMP'!$J:$J,'0.KQKD'!$E20,'10. 170KMP'!AS:AS) -> 46534296 | AN20: =SUMIF('10. 170KMP'!$J:$J,'0.KQKD'!$E20,'10. 170KMP'!AT:AT) -> 33999393 | AO20: =SUMIF('10. 170KMP'!$J:$J,'0.KQKD'!$E20,'10. 170KMP'!AU:AU) -> 0 | AP20: =SUMIF('10. 170KMP'!$J:$J,'0.KQKD'!$E20,'10. 170KMP'!AV:AV) -> 0 | AQ20: =SUMIF('10. 170KMP'!$J:$J,'0.KQKD'!$E20,'10. 170KMP'!AW:AW) -> 0 | AR20: =SUMIF('10. 170KMP'!$J:$J,'0.KQKD'!$E20,'10. 170KMP'!AX:AX) -> 0 | AS20: =SUMIF('10. 170KMP'!$J:$J,'0.KQKD'!$E20,'10. 170KMP'!AY:AY) -> 0 | AT20: =SUMIF('10. 170KMP'!$J:$J,'0.KQKD'!$E20,'10. 170KMP'!AZ:AZ) -> 0 | AU20: =SUMIF('10. 170KMP'!$J:$J,'0.KQKD'!$E20,'10. 170KMP'!BA:BA) -> 0 | AV20: =AM20 -> 46534296 | AW20: =AN20 -> 33999393 | AX20: =Z20 -> 1.0745956e+08 | AY20: =IFERROR(AW20/AV20,0) -> 0.73063087 | AZ20: =IFERROR(AW20/AX20,0) -> 0.31639246 | BA20: =SUM(I20:M20) -> 0 | BB20: =SUM(AJ20:AN20) -> 221985940 | BC20: =SUM(V20:Z20) -> 4.3847989e+08 | BD20: =IFERROR(BB20/BA20,0) -> 0 | BE20: =IFERROR(BB20/BC20,0) -> 0.50626253 | BF20: =IFERROR(BB20/AH20,0) -> 0.17146179
D21: Chi phí điện | E21: 08 | F21: =SUMIF('10. 170KMP'!$J:$J,'0.KQKD'!$E21,'10. 170KMP'!L:L) -> 0 | G21: =SUMIF('10. 170KMP'!$J:$J,'0.KQKD'!$E21,'10. 170KMP'!M:M) -> 0 | H21: =SUMIF('10. 170KMP'!$J:$J,'0.KQKD'!$E21,'10. 170KMP'!N:N) -> 0 | I21: =SUMIF('10. 170KMP'!$J:$J,'0.KQKD'!$E21,'10. 170KMP'!O:O) -> 0 | J21: =SUMIF('10. 170KMP'!$J:$J,'0.KQKD'!$E21,'10. 170KMP'!P:P) -> 0 | K21: =SUMIF('10. 170KMP'!$J:$J,'0.KQKD'!$E21,'10. 170KMP'!Q:Q) -> 0 | L21: =SUMIF('10. 170KMP'!$J:$J,'0.KQKD'!$E21,'10. 170KMP'!R:R) -> 0 | M21: =SUMIF('10. 170KMP'!$J:$J,'0.KQKD'!$E21,'10. 170KMP'!S:S) -> 0 | N21: =SUMIF('10. 170KMP'!$J:$J,'0.KQKD'!$E21,'10. 170KMP'!T:T) -> 0 | O21: =SUMIF('10. 170KMP'!$J:$J,'0.KQKD'!$E21,'10. 170KMP'!U:U) -> 0 | P21: =SUMIF('10. 170KMP'!$J:$J,'0.KQKD'!$E21,'10. 170KMP'!V:V) -> 0 | Q21: =SUMIF('10. 170KMP'!$J:$J,'0.KQKD'!$E21,'10. 170KMP'!W:W) -> 0 | R21: =SUMIF('10. 170KMP'!$J:$J,'0.KQKD'!$E21,'10. 170KMP'!X:X) -> 0 | S21: =SUMIF('10. 170KMP'!$J:$J,'0.KQKD'!$E21,'10. 170KMP'!Y:Y) -> 0 | T21: =SUMIF('10. 170KMP'!$J:$J,'0.KQKD'!$E21,'10. 170KMP'!Z:Z) -> 0 | U21: =SUM(I21:T21) -> 0 | V21: =SUMIF('10. 170KMP'!$J:$J,'0.KQKD'!$E21,'10. 170KMP'!AB:AB) -> 1.1567843e+08 | W21: =SUMIF('10. 170KMP'!$J:$J,'0.KQKD'!$E21,'10. 170KMP'!AC:AC) -> 89972114 | X21: =SUMIF('10. 170KMP'!$J:$J,'0.KQKD'!$E21,'10. 170KMP'!AD:AD) -> 1.2853159e+08 | Y21: =SUMIF('10. 170KMP'!$J:$J,'0.KQKD'!$E21,'10. 170KMP'!AE:AE) -> 1.6071292e+08 | Z21: =SUMIF('10. 170KMP'!$J:$J,'0.KQKD'!$E21,'10. 170KMP'!AF:AF) -> 1.6071292e+08 | AA21: =SUMIF('10. 170KMP'!$J:$J,'0.KQKD'!$E21,'10. 170KMP'!AG:AG) -> 1.6071292e+08 | AB21: =SUMIF('10. 170KMP'!$J:$J,'0.KQKD'!$E21,'10. 170KMP'!AH:AH) -> 1.6071292e+08 | AC21: =SUMIF('10. 170KMP'!$J:$J,'0.KQKD'!$E21,'10. 170KMP'!AI:AI) -> 1.6071292e+08 | AD21: =SUMIF('10. 170KMP'!$J:$J,'0.KQKD'!$E21,'10. 170KMP'!AJ:AJ) -> 1.6071292e+08 | AE21: =SUMIF('10. 170KMP'!$J:$J,'0.KQKD'!$E21,'10. 170KMP'!AK:AK) -> 3.4009604e+08 | AF21: =SUMIF('10. 170KMP'!$J:$J,'0.KQKD'!$E21,'10. 170KMP'!AL:AL) -> 3.4009604e+08 | AG21: =SUMIF('10. 170KMP'!$J:$J,'0.KQKD'!$E21,'10. 170KMP'!AM:AM) -> 3.4009604e+08 | AH21: =SUM(V21:AG21) -> 2.3187478e+09 | AI21: =SUM(AJ21:AU21) -> 762782095 | AJ21: =SUMIF('10. 170KMP'!$J:$J,'0.KQKD'!$E21,'10. 170KMP'!AP:AP) -> 143712301 | AK21: =SUMIF('10. 170KMP'!$J:$J,'0.KQKD'!$E21,'10. 170KMP'!AQ:AQ) -> 97799305 | AL21: =SUMIF('10. 170KMP'!$J:$J,'0.KQKD'!$E21,'10. 170KMP'!AR:AR) -> 189407823 | AM21: =SUMIF('10. 170KMP'!$J:$J,'0.KQKD'!$E21,'10. 170KMP'!AS:AS) -> 173664681 | AN21: =SUMIF('10. 170KMP'!$J:$J,'0.KQKD'!$E21,'10. 170KMP'!AT:AT) -> 158197985 | AO21: =SUMIF('10. 170KMP'!$J:$J,'0.KQKD'!$E21,'10. 170KMP'!AU:AU) -> 0 | AP21: =SUMIF('10. 170KMP'!$J:$J,'0.KQKD'!$E21,'10. 170KMP'!AV:AV) -> 0 | AQ21: =SUMIF('10. 170KMP'!$J:$J,'0.KQKD'!$E21,'10. 170KMP'!AW:AW) -> 0 | AR21: =SUMIF('10. 170KMP'!$J:$J,'0.KQKD'!$E21,'10. 170KMP'!AX:AX) -> 0 | AS21: =SUMIF('10. 170KMP'!$J:$J,'0.KQKD'!$E21,'10. 170KMP'!AY:AY) -> 0 | AT21: =SUMIF('10. 170KMP'!$J:$J,'0.KQKD'!$E21,'10. 170KMP'!AZ:AZ) -> 0 | AU21: =SUMIF('10. 170KMP'!$J:$J,'0.KQKD'!$E21,'10. 170KMP'!BA:BA) -> 0 | AV21: =AM21 -> 173664681 | AW21: =AN21 -> 158197985 | AX21: =Z21 -> 1.6071292e+08 | AY21: =IFERROR(AW21/AV21,0) -> 0.91093931 | AZ21: =IFERROR(AW21/AX21,0) -> 0.98435137 | BA21: =SUM(I21:M21) -> 0 | BB21: =SUM(AJ21:AN21) -> 762782095 | BC21: =SUM(V21:Z21) -> 6.5560798e+08 | BD21: =IFERROR(BB21/BA21,0) -> 0 | BE21: =IFERROR(BB21/BC21,0) -> 1.1634729 | BF21: =IFERROR(BB21/AH21,0) -> 0.32896294
D22: Chi phí nước | E22: 09 | F22: =SUMIF('10. 170KMP'!$J:$J,'0.KQKD'!$E22,'10. 170KMP'!L:L) -> 0 | G22: =SUMIF('10. 170KMP'!$J:$J,'0.KQKD'!$E22,'10. 170KMP'!M:M) -> 0 | H22: =SUMIF('10. 170KMP'!$J:$J,'0.KQKD'!$E22,'10. 170KMP'!N:N) -> 0 | I22: =SUMIF('10. 170KMP'!$J:$J,'0.KQKD'!$E22,'10. 170KMP'!O:O) -> 0 | J22: =SUMIF('10. 170KMP'!$J:$J,'0.KQKD'!$E22,'10. 170KMP'!P:P) -> 0 | K22: =SUMIF('10. 170KMP'!$J:$J,'0.KQKD'!$E22,'10. 170KMP'!Q:Q) -> 0 | L22: =SUMIF('10. 170KMP'!$J:$J,'0.KQKD'!$E22,'10. 170KMP'!R:R) -> 0 | M22: =SUMIF('10. 170KMP'!$J:$J,'0.KQKD'!$E22,'10. 170KMP'!S:S) -> 0 | N22: =SUMIF('10. 170KMP'!$J:$J,'0.KQKD'!$E22,'10. 170KMP'!T:T) -> 0 | O22: =SUMIF('10. 170KMP'!$J:$J,'0.KQKD'!$E22,'10. 170KMP'!U:U) -> 0 | P22: =SUMIF('10. 170KMP'!$J:$J,'0.KQKD'!$E22,'10. 170KMP'!V:V) -> 0 | Q22: =SUMIF('10. 170KMP'!$J:$J,'0.KQKD'!$E22,'10. 170KMP'!W:W) -> 0 | R22: =SUMIF('10. 170KMP'!$J:$J,'0.KQKD'!$E22,'10. 170KMP'!X:X) -> 0 | S22: =SUMIF('10. 170KMP'!$J:$J,'0.KQKD'!$E22,'10. 170KMP'!Y:Y) -> 0 | T22: =SUMIF('10. 170KMP'!$J:$J,'0.KQKD'!$E22,'10. 170KMP'!Z:Z) -> 0 | U22: =SUM(I22:T22) -> 0 | V22: =SUMIF('10. 170KMP'!$J:$J,'0.KQKD'!$E22,'10. 170KMP'!AB:AB) -> 14685000 | W22: =SUMIF('10. 170KMP'!$J:$J,'0.KQKD'!$E22,'10. 170KMP'!AC:AC) -> 11421667 | X22: =SUMIF('10. 170KMP'!$J:$J,'0.KQKD'!$E22,'10. 170KMP'!AD:AD) -> 16316667 | Y22: =SUMIF('10. 170KMP'!$J:$J,'0.KQKD'!$E22,'10. 170KMP'!AE:AE) -> 17948333 | Z22: =SUMIF('10. 170KMP'!$J:$J,'0.KQKD'!$E22,'10. 170KMP'!AF:AF) -> 17979279 | AA22: =SUMIF('10. 170KMP'!$J:$J,'0.KQKD'!$E22,'10. 170KMP'!AG:AG) -> 18010224 | AB22: =SUMIF('10. 170KMP'!$J:$J,'0.KQKD'!$E22,'10. 170KMP'!AH:AH) -> 18010224 | AC22: =SUMIF('10. 170KMP'!$J:$J,'0.KQKD'!$E22,'10. 170KMP'!AI:AI) -> 18010224 | AD22: =SUMIF('10. 170KMP'!$J:$J,'0.KQKD'!$E22,'10. 170KMP'!AJ:AJ) -> 18010224 | AE22: =SUMIF('10. 170KMP'!$J:$J,'0.KQKD'!$E22,'10. 170KMP'!AK:AK) -> 18010224 | AF22: =SUMIF('10. 170KMP'!$J:$J,'0.KQKD'!$E22,'10. 170KMP'!AL:AL) -> 18010224 | AG22: =SUMIF('10. 170KMP'!$J:$J,'0.KQKD'!$E22,'10. 170KMP'!AM:AM) -> 18010224 | AH22: =SUM(V22:AG22) -> 2.0442251e+08 | AI22: =SUM(AJ22:AU22) -> 74301500 | AJ22: =SUMIF('10. 170KMP'!$J:$J,'0.KQKD'!$E22,'10. 170KMP'!AP:AP) -> 10833000 | AK22: =SUMIF('10. 170KMP'!$J:$J,'0.KQKD'!$E22,'10. 170KMP'!AQ:AQ) -> 16525500 | AL22: =SUMIF('10. 170KMP'!$J:$J,'0.KQKD'!$E22,'10. 170KMP'!AR:AR) -> 9602500 | AM22: =SUMIF('10. 170KMP'!$J:$J,'0.KQKD'!$E22,'10. 170KMP'!AS:AS) -> 18733500 | AN22: =SUMIF('10. 170KMP'!$J:$J,'0.KQKD'!$E22,'10. 170KMP'!AT:AT) -> 18607000 | AO22: =SUMIF('10. 170KMP'!$J:$J,'0.KQKD'!$E22,'10. 170KMP'!AU:AU) -> 0 | AP22: =SUMIF('10. 170KMP'!$J:$J,'0.KQKD'!$E22,'10. 170KMP'!AV:AV) -> 0 | AQ22: =SUMIF('10. 170KMP'!$J:$J,'0.KQKD'!$E22,'10. 170KMP'!AW:AW) -> 0 | AR22: =SUMIF('10. 170KMP'!$J:$J,'0.KQKD'!$E22,'10. 170KMP'!AX:AX) -> 0 | AS22: =SUMIF('10. 170KMP'!$J:$J,'0.KQKD'!$E22,'10. 170KMP'!AY:AY) -> 0 | AT22: =SUMIF('10. 170KMP'!$J:$J,'0.KQKD'!$E22,'10. 170KMP'!AZ:AZ) -> 0 | AU22: =SUMIF('10. 170KMP'!$J:$J,'0.KQKD'!$E22,'10. 170KMP'!BA:BA) -> 0 | AV22: =AM22 -> 18733500 | AW22: =AN22 -> 18607000 | AX22: =Z22 -> 17979279 | AY22: =IFERROR(AW22/AV22,0) -> 0.99324739 | AZ22: =IFERROR(AW22/AX22,0) -> 1.0349136 | BA22: =SUM(I22:M22) -> 0 | BB22: =SUM(AJ22:AN22) -> 74301500 | BC22: =SUM(V22:Z22) -> 78350945 | BD22: =IFERROR(BB22/BA22,0) -> 0 | BE22: =IFERROR(BB22/BC22,0) -> 0.94831657 | BF22: =IFERROR(BB22/AH22,0) -> 0.36347024
D23: Chi phí xăng, dầu | E23: 10 | F23: =SUMIF('10. 170KMP'!$J:$J,'0.KQKD'!$E23,'10. 170KMP'!L:L) -> 0 | G23: =SUMIF('10. 170KMP'!$J:$J,'0.KQKD'!$E23,'10. 170KMP'!M:M) -> 0 | H23: =SUMIF('10. 170KMP'!$J:$J,'0.KQKD'!$E23,'10. 170KMP'!N:N) -> 0 | I23: =SUMIF('10. 170KMP'!$J:$J,'0.KQKD'!$E23,'10. 170KMP'!O:O) -> 0 | J23: =SUMIF('10. 170KMP'!$J:$J,'0.KQKD'!$E23,'10. 170KMP'!P:P) -> 0 | K23: =SUMIF('10. 170KMP'!$J:$J,'0.KQKD'!$E23,'10. 170KMP'!Q:Q) -> 0 | L23: =SUMIF('10. 170KMP'!$J:$J,'0.KQKD'!$E23,'10. 170KMP'!R:R) -> 0 | M23: =SUMIF('10. 170KMP'!$J:$J,'0.KQKD'!$E23,'10. 170KMP'!S:S) -> 0 | N23: =SUMIF('10. 170KMP'!$J:$J,'0.KQKD'!$E23,'10. 170KMP'!T:T) -> 0 | O23: =SUMIF('10. 170KMP'!$J:$J,'0.KQKD'!$E23,'10. 170KMP'!U:U) -> 0 | P23: =SUMIF('10. 170KMP'!$J:$J,'0.KQKD'!$E23,'10. 170KMP'!V:V) -> 0 | Q23: =SUMIF('10. 170KMP'!$J:$J,'0.KQKD'!$E23,'10. 170KMP'!W:W) -> 0 | R23: =SUMIF('10. 170KMP'!$J:$J,'0.KQKD'!$E23,'10. 170KMP'!X:X) -> 0 | S23: =SUMIF('10. 170KMP'!$J:$J,'0.KQKD'!$E23,'10. 170KMP'!Y:Y) -> 0 | T23: =SUMIF('10. 170KMP'!$J:$J,'0.KQKD'!$E23,'10. 170KMP'!Z:Z) -> 0 | U23: =SUM(I23:T23) -> 0 | V23: =SUMIF('10. 170KMP'!$J:$J,'0.KQKD'!$E23,'10. 170KMP'!AB:AB) -> 33298364 | W23: =SUMIF('10. 170KMP'!$J:$J,'0.KQKD'!$E23,'10. 170KMP'!AC:AC) -> 25898727 | X23: =SUMIF('10. 170KMP'!$J:$J,'0.KQKD'!$E23,'10. 170KMP'!AD:AD) -> 36998182 | Y23: =SUMIF('10. 170KMP'!$J:$J,'0.KQKD'!$E23,'10. 170KMP'!AE:AE) -> 46218068 | Z23: =SUMIF('10. 170KMP'!$J:$J,'0.KQKD'!$E23,'10. 170KMP'!AF:AF) -> 46218068 | AA23: =SUMIF('10. 170KMP'!$J:$J,'0.KQKD'!$E23,'10. 170KMP'!AG:AG) -> 46218068 | AB23: =SUMIF('10. 170KMP'!$J:$J,'0.KQKD'!$E23,'10. 170KMP'!AH:AH) -> 46218068 | AC23: =SUMIF('10. 170KMP'!$J:$J,'0.KQKD'!$E23,'10. 170KMP'!AI:AI) -> 46218068 | AD23: =SUMIF('10. 170KMP'!$J:$J,'0.KQKD'!$E23,'10. 170KMP'!AJ:AJ) -> 46218068 | AE23: =SUMIF('10. 170KMP'!$J:$J,'0.KQKD'!$E23,'10. 170KMP'!AK:AK) -> 63543976 | AF23: =SUMIF('10. 170KMP'!$J:$J,'0.KQKD'!$E23,'10. 170KMP'!AL:AL) -> 63543976 | AG23: =SUMIF('10. 170KMP'!$J:$J,'0.KQKD'!$E23,'10. 170KMP'!AM:AM) -> 63543976 | AH23: =SUM(V23:AG23) -> 5.6413561e+08 | AI23: =SUM(AJ23:AU23) -> 237880457 | AJ23: =SUMIF('10. 170KMP'!$J:$J,'0.KQKD'!$E23,'10. 170KMP'!AP:AP) -> 27244448 | AK23: =SUMIF('10. 170KMP'!$J:$J,'0.KQKD'!$E23,'10. 170KMP'!AQ:AQ) -> 19797175 | AL23: =SUMIF('10. 170KMP'!$J:$J,'0.KQKD'!$E23,'10. 170KMP'!AR:AR) -> 58970664 | AM23: =SUMIF('10. 170KMP'!$J:$J,'0.KQKD'!$E23,'10. 170KMP'!AS:AS) -> 78006420 | AN23: =SUMIF('10. 170KMP'!$J:$J,'0.KQKD'!$E23,'10. 170KMP'!AT:AT) -> 53861750 | AO23: =SUMIF('10. 170KMP'!$J:$J,'0.KQKD'!$E23,'10. 170KMP'!AU:AU) -> 0 | AP23: =SUMIF('10. 170KMP'!$J:$J,'0.KQKD'!$E23,'10. 170KMP'!AV:AV) -> 0 | AQ23: =SUMIF('10. 170KMP'!$J:$J,'0.KQKD'!$E23,'10. 170KMP'!AW:AW) -> 0 | AR23: =SUMIF('10. 170KMP'!$J:$J,'0.KQKD'!$E23,'10. 170KMP'!AX:AX) -> 0 | AS23: =SUMIF('10. 170KMP'!$J:$J,'0.KQKD'!$E23,'10. 170KMP'!AY:AY) -> 0 | AT23: =SUMIF('10. 170KMP'!$J:$J,'0.KQKD'!$E23,'10. 170KMP'!AZ:AZ) -> 0 | AU23: =SUMIF('10. 170KMP'!$J:$J,'0.KQKD'!$E23,'10. 170KMP'!BA:BA) -> 0 | AV23: =AM23 -> 78006420 | AW23: =AN23 -> 53861750 | AX23: =Z23 -> 46218068 | AY23: =IFERROR(AW23/AV23,0) -> 0.69047842 | AZ23: =IFERROR(AW23/AX23,0) -> 1.165383 | BA23: =SUM(I23:M23) -> 0 | BB23: =SUM(AJ23:AN23) -> 237880457 | BC23: =SUM(V23:Z23) -> 1.8863141e+08 | BD23: =IFERROR(BB23/BA23,0) -> 0 | BE23: =IFERROR(BB23/BC23,0) -> 1.2610861 | BF23: =IFERROR(BB23/AH23,0) -> 0.42167247
D24: Chi phí môi trường | E24: 11 | F24: =SUMIF('10. 170KMP'!$J:$J,'0.KQKD'!$E24,'10. 170KMP'!L:L) -> 0 | G24: =SUMIF('10. 170KMP'!$J:$J,'0.KQKD'!$E24,'10. 170KMP'!M:M) -> 0 | H24: =SUMIF('10. 170KMP'!$J:$J,'0.KQKD'!$E24,'10. 170KMP'!N:N) -> 0 | I24: =SUMIF('10. 170KMP'!$J:$J,'0.KQKD'!$E24,'10. 170KMP'!O:O) -> 0 | J24: =SUMIF('10. 170KMP'!$J:$J,'0.KQKD'!$E24,'10. 170KMP'!P:P) -> 0 | K24: =SUMIF('10. 170KMP'!$J:$J,'0.KQKD'!$E24,'10. 170KMP'!Q:Q) -> 0 | L24: =SUMIF('10. 170KMP'!$J:$J,'0.KQKD'!$E24,'10. 170KMP'!R:R) -> 0 | M24: =SUMIF('10. 170KMP'!$J:$J,'0.KQKD'!$E24,'10. 170KMP'!S:S) -> 0 | N24: =SUMIF('10. 170KMP'!$J:$J,'0.KQKD'!$E24,'10. 170KMP'!T:T) -> 0 | O24: =SUMIF('10. 170KMP'!$J:$J,'0.KQKD'!$E24,'10. 170KMP'!U:U) -> 0 | P24: =SUMIF('10. 170KMP'!$J:$J,'0.KQKD'!$E24,'10. 170KMP'!V:V) -> 0 | Q24: =SUMIF('10. 170KMP'!$J:$J,'0.KQKD'!$E24,'10. 170KMP'!W:W) -> 0 | R24: =SUMIF('10. 170KMP'!$J:$J,'0.KQKD'!$E24,'10. 170KMP'!X:X) -> 0 | S24: =SUMIF('10. 170KMP'!$J:$J,'0.KQKD'!$E24,'10. 170KMP'!Y:Y) -> 0 | T24: =SUMIF('10. 170KMP'!$J:$J,'0.KQKD'!$E24,'10. 170KMP'!Z:Z) -> 0 | U24: =SUM(I24:T24) -> 0 | V24: =SUMIF('10. 170KMP'!$J:$J,'0.KQKD'!$E24,'10. 170KMP'!AB:AB) -> 63414998 | W24: =SUMIF('10. 170KMP'!$J:$J,'0.KQKD'!$E24,'10. 170KMP'!AC:AC) -> 50699776 | X24: =SUMIF('10. 170KMP'!$J:$J,'0.KQKD'!$E24,'10. 170KMP'!AD:AD) -> 69772609 | Y24: =SUMIF('10. 170KMP'!$J:$J,'0.KQKD'!$E24,'10. 170KMP'!AE:AE) -> 85730980 | Z24: =SUMIF('10. 170KMP'!$J:$J,'0.KQKD'!$E24,'10. 170KMP'!AF:AF) -> 85730980 | AA24: =SUMIF('10. 170KMP'!$J:$J,'0.KQKD'!$E24,'10. 170KMP'!AG:AG) -> 85730980 | AB24: =SUMIF('10. 170KMP'!$J:$J,'0.KQKD'!$E24,'10. 170KMP'!AH:AH) -> 85730980 | AC24: =SUMIF('10. 170KMP'!$J:$J,'0.KQKD'!$E24,'10. 170KMP'!AI:AI) -> 85730980 | AD24: =SUMIF('10. 170KMP'!$J:$J,'0.KQKD'!$E24,'10. 170KMP'!AJ:AJ) -> 85730980 | AE24: =SUMIF('10. 170KMP'!$J:$J,'0.KQKD'!$E24,'10. 170KMP'!AK:AK) -> 1.2175687e+08 | AF24: =SUMIF('10. 170KMP'!$J:$J,'0.KQKD'!$E24,'10. 170KMP'!AL:AL) -> 1.2175687e+08 | AG24: =SUMIF('10. 170KMP'!$J:$J,'0.KQKD'!$E24,'10. 170KMP'!AM:AM) -> 1.2175687e+08 | AH24: =SUM(V24:AG24) -> 1.0635439e+09 | AI24: =SUM(AJ24:AU24) -> 333847543 | AJ24: =SUMIF('10. 170KMP'!$J:$J,'0.KQKD'!$E24,'10. 170KMP'!AP:AP) -> 83507301 | AK24: =SUMIF('10. 170KMP'!$J:$J,'0.KQKD'!$E24,'10. 170KMP'!AQ:AQ) -> 55749730 | AL24: =SUMIF('10. 170KMP'!$J:$J,'0.KQKD'!$E24,'10. 170KMP'!AR:AR) -> 56842126 | AM24: =SUMIF('10. 170KMP'!$J:$J,'0.KQKD'!$E24,'10. 170KMP'!AS:AS) -> 96189917 | AN24: =SUMIF('10. 170KMP'!$J:$J,'0.KQKD'!$E24,'10. 170KMP'!AT:AT) -> 41558469 | AO24: =SUMIF('10. 170KMP'!$J:$J,'0.KQKD'!$E24,'10. 170KMP'!AU:AU) -> 0 | AP24: =SUMIF('10. 170KMP'!$J:$J,'0.KQKD'!$E24,'10. 170KMP'!AV:AV) -> 0 | AQ24: =SUMIF('10. 170KMP'!$J:$J,'0.KQKD'!$E24,'10. 170KMP'!AW:AW) -> 0 | AR24: =SUMIF('10. 170KMP'!$J:$J,'0.KQKD'!$E24,'10. 170KMP'!AX:AX) -> 0 | AS24: =SUMIF('10. 170KMP'!$J:$J,'0.KQKD'!$E24,'10. 170KMP'!AY:AY) -> 0 | AT24: =SUMIF('10. 170KMP'!$J:$J,'0.KQKD'!$E24,'10. 170KMP'!AZ:AZ) -> 0 | AU24: =SUMIF('10. 170KMP'!$J:$J,'0.KQKD'!$E24,'10. 170KMP'!BA:BA) -> 0 | AV24: =AM24 -> 96189917 | AW24: =AN24 -> 41558469 | AX24: =Z24 -> 85730980 | AY24: =IFERROR(AW24/AV24,0) -> 0.432046 | AZ24: =IFERROR(AW24/AX24,0) -> 0.48475439 | BA24: =SUM(I24:M24) -> 0 | BB24: =SUM(AJ24:AN24) -> 333847543 | BC24: =SUM(V24:Z24) -> 3.5534934e+08 | BD24: =IFERROR(BB24/BA24,0) -> 0 | BE24: =IFERROR(BB24/BC24,0) -> 0.93949109 | BF24: =IFERROR(BB24/AH24,0) -> 0.31390105
D25: Chi phí gia công thuê ngoài | E25: 12 | F25: =SUMIF('10. 170KMP'!$J:$J,'0.KQKD'!$E25,'10. 170KMP'!L:L) -> 0 | G25: =SUMIF('10. 170KMP'!$J:$J,'0.KQKD'!$E25,'10. 170KMP'!M:M) -> 0 | H25: =SUMIF('10. 170KMP'!$J:$J,'0.KQKD'!$E25,'10. 170KMP'!N:N) -> 0 | I25: =SUMIF('10. 170KMP'!$J:$J,'0.KQKD'!$E25,'10. 170KMP'!O:O) -> 0 | J25: =SUMIF('10. 170KMP'!$J:$J,'0.KQKD'!$E25,'10. 170KMP'!P:P) -> 0 | K25: =SUMIF('10. 170KMP'!$J:$J,'0.KQKD'!$E25,'10. 170KMP'!Q:Q) -> 0 | L25: =SUMIF('10. 170KMP'!$J:$J,'0.KQKD'!$E25,'10. 170KMP'!R:R) -> 0 | M25: =SUMIF('10. 170KMP'!$J:$J,'0.KQKD'!$E25,'10. 170KMP'!S:S) -> 0 | N25: =SUMIF('10. 170KMP'!$J:$J,'0.KQKD'!$E25,'10. 170KMP'!T:T) -> 0 | O25: =SUMIF('10. 170KMP'!$J:$J,'0.KQKD'!$E25,'10. 170KMP'!U:U) -> 0 | P25: =SUMIF('10. 170KMP'!$J:$J,'0.KQKD'!$E25,'10. 170KMP'!V:V) -> 0 | Q25: =SUMIF('10. 170KMP'!$J:$J,'0.KQKD'!$E25,'10. 170KMP'!W:W) -> 0 | R25: =SUMIF('10. 170KMP'!$J:$J,'0.KQKD'!$E25,'10. 170KMP'!X:X) -> 0 | S25: =SUMIF('10. 170KMP'!$J:$J,'0.KQKD'!$E25,'10. 170KMP'!Y:Y) -> 0 | T25: =SUMIF('10. 170KMP'!$J:$J,'0.KQKD'!$E25,'10. 170KMP'!Z:Z) -> 0 | U25: =SUM(I25:T25) -> 0 | V25: =SUMIF('10. 170KMP'!$J:$J,'0.KQKD'!$E25,'10. 170KMP'!AB:AB) -> 0 | W25: =SUMIF('10. 170KMP'!$J:$J,'0.KQKD'!$E25,'10. 170KMP'!AC:AC) -> 0 | X25: =SUMIF('10. 170KMP'!$J:$J,'0.KQKD'!$E25,'10. 170KMP'!AD:AD) -> 0 | Y25: =SUMIF('10. 170KMP'!$J:$J,'0.KQKD'!$E25,'10. 170KMP'!AE:AE) -> 0 | Z25: =SUMIF('10. 170KMP'!$J:$J,'0.KQKD'!$E25,'10. 170KMP'!AF:AF) -> 0 | AA25: =SUMIF('10. 170KMP'!$J:$J,'0.KQKD'!$E25,'10. 170KMP'!AG:AG) -> 0 | AB25: =SUMIF('10. 170KMP'!$J:$J,'0.KQKD'!$E25,'10. 170KMP'!AH:AH) -> 0 | AC25: =SUMIF('10. 170KMP'!$J:$J,'0.KQKD'!$E25,'10. 170KMP'!AI:AI) -> 0 | AD25: =SUMIF('10. 170KMP'!$J:$J,'0.KQKD'!$E25,'10. 170KMP'!AJ:AJ) -> 0 | AE25: =SUMIF('10. 170KMP'!$J:$J,'0.KQKD'!$E25,'10. 170KMP'!AK:AK) -> 0 | AF25: =SUMIF('10. 170KMP'!$J:$J,'0.KQKD'!$E25,'10. 170KMP'!AL:AL) -> 0 | AG25: =SUMIF('10. 170KMP'!$J:$J,'0.KQKD'!$E25,'10. 170KMP'!AM:AM) -> 0 | AH25: =SUM(V25:AG25) -> 0 | AI25: =SUM(AJ25:AU25) -> 0 | AJ25: =SUMIF('10. 170KMP'!$J:$J,'0.KQKD'!$E25,'10. 170KMP'!AP:AP) -> 0 | AK25: =SUMIF('10. 170KMP'!$J:$J,'0.KQKD'!$E25,'10. 170KMP'!AQ:AQ) -> 0 | AL25: =SUMIF('10. 170KMP'!$J:$J,'0.KQKD'!$E25,'10. 170KMP'!AR:AR) -> 0 | AM25: =SUMIF('10. 170KMP'!$J:$J,'0.KQKD'!$E25,'10. 170KMP'!AS:AS) -> 0 | AN25: =SUMIF('10. 170KMP'!$J:$J,'0.KQKD'!$E25,'10. 170KMP'!AT:AT) -> 0 | AO25: =SUMIF('10. 170KMP'!$J:$J,'0.KQKD'!$E25,'10. 170KMP'!AU:AU) -> 0 | AP25: =SUMIF('10. 170KMP'!$J:$J,'0.KQKD'!$E25,'10. 170KMP'!AV:AV) -> 0 | AQ25: =SUMIF('10. 170KMP'!$J:$J,'0.KQKD'!$E25,'10. 170KMP'!AW:AW) -> 0 | AR25: =SUMIF('10. 170KMP'!$J:$J,'0.KQKD'!$E25,'10. 170KMP'!AX:AX) -> 0 | AS25: =SUMIF('10. 170KMP'!$J:$J,'0.KQKD'!$E25,'10. 170KMP'!AY:AY) -> 0 | AT25: =SUMIF('10. 170KMP'!$J:$J,'0.KQKD'!$E25,'10. 170KMP'!AZ:AZ) -> 0 | AU25: =SUMIF('10. 170KMP'!$J:$J,'0.KQKD'!$E25,'10. 170KMP'!BA:BA) -> 0 | AV25: =AM25 -> 0 | AW25: =AN25 -> 0 | AX25: =Z25 -> 0 | AY25: =IFERROR(AW25/AV25,0) -> 0 | AZ25: =IFERROR(AW25/AX25,0) -> 0 | BA25: =SUM(I25:M25) -> 0 | BB25: =SUM(AJ25:AN25) -> 0 | BC25: =SUM(V25:Z25) -> 0 | BD25: =IFERROR(BB25/BA25,0) -> 0 | BE25: =IFERROR(BB25/BC25,0) -> 0 | BF25: =IFERROR(BB25/AH25,0) -> 0
D26: Điều chỉnh giá vốn trong hàng tồn kho | U26: =SUM(I26:T26) -> 0 | AH26: =SUM(V26:AG26) -> 0 | AI26: =SUM(AJ26:AU26) -> -183493566 | AJ26: -5748175 | AK26: -56304451 | AL26: -89032912 | AM26: 36269259 | AN26: -68677287 | AV26: =AM26 -> 36269259 | AW26: =AN26 -> -68677287 | AX26: =Z26 -> 0 | AY26: =IFERROR(AW26/AV26,0) -> -1.8935398 | AZ26: =IFERROR(AW26/AX26,0) -> 0 | BA26: =SUM(I26:M26) -> 0 | BB26: =SUM(AJ26:AN26) -> -183493566 | BC26: =SUM(V26:Z26) -> 0 | BD26: =IFERROR(BB26/BA26,0) -> 0 | BE26: =IFERROR(BB26/BC26,0) -> 0 | BF26: =IFERROR(BB26/AH26,0) -> 0
D27: Đ/C lãi chưa thực hiện trong HTK khi Hợp nhất | AI27: =SUM(AJ27:AU27) -> 0 | AV27: =AM27 -> 0 | AW27: =AN27 -> 0 | AX27: =Z27 -> 0 | AY27: =IFERROR(AW27/AV27,0) -> 0 | AZ27: =IFERROR(AW27/AX27,0) -> 0 | BA27: =SUM(I27:L27) -> 0 | BB27: =SUM(AJ27:AM27) -> 0 | BC27: =SUM(V27:Y27) -> 0 | BD27: =IFERROR(BB27/BA27,0) -> 0 | BE27: =IFERROR(BB27/BC27,0) -> 0 | BF27: =IFERROR(BB27/AH27,0) -> 0
B28: 4 | C28: LÃI BIẾN PHÍ | F28: =F5-F10-F13 -> 0 | G28: =G5-G10-G13 -> 0 | H28: =H5-H10-H13 -> 0 | I28: =I5-I10-I13 -> 0 | J28: =J5-J10-J13 -> 0 | K28: =K5-K10-K13 -> 0 | L28: =L5-L10-L13 -> 0 | M28: =M5-M10-M13 -> 0 | ... AU28: =AU5-AU10-AU13 -> 0 | AV28: =AM28 -> 2842695490 | AW28: =AN28 -> 2598187829 | AX28: =Z28 -> 2.5089313e+09 | AY28: =IFERROR(AW28/AV28,0) -> 0.91398739 | AZ28: =IFERROR(AW28/AX28,0) -> 1.0355755 | BA28: =SUM(I28:M28) -> 0 | BB28: =SUM(AJ28:AN28) -> 12088655101 | BC28: =SUM(V28:Z28) -> 1.0254037e+10 | BD28: =IFERROR(BB28/BA28,0) -> 0 | BE28: =IFERROR(BB28/BC28,0) -> 1.1789167 | BF28: =IFERROR(BB28/AH28,0) -> 0.4139637
D29: Tỷ lệ Lãi biến phí (%) | F29: =IFERROR(F28/F$5,0) -> 0 | G29: =IFERROR(G28/G$5,0) -> 0 | H29: =IFERROR(H28/H$5,0) -> 0 | I29: =IFERROR(I28/I$5,0) -> 0 | J29: =IFERROR(J28/J$5,0) -> 0 | K29: =IFERROR(K28/K$5,0) -> 0 | L29: =IFERROR(L28/L$5,0) -> 0 | M29: =IFERROR(M28/M$5,0) -> 0 | ... AX29: =IFERROR(AX28/AX$5,0) -> 0.15706036 | AY29: =IFERROR(AW29/AV29,0) -> 1.0010922 | AZ29: =IFERROR(AW29/AX29,0) -> 1.2585811 | BA29: =IFERROR(BA28/BA$5,0) -> 0 | BB29: =IFERROR(BB28/BB$5,0) -> 0.19420715 | BC29: =IFERROR(BC28/BC$5,0) -> 0.15723478 | BD29: =IFERROR(BB29/BA29,0) -> 0 | BE29: =IFERROR(BB29/BC29,0) -> 1.2351412 | BF29: =IFERROR(BB29/AH29,0) -> 1.2044936
D30: Lãi biến phí / Tấn (Triệu đồng/Tấn) | F30: =IFERROR(F28/F$4,0)*1000 -> 0 | G30: =IFERROR(G28/G$4,0)*1000 -> 0 | H30: =IFERROR(H28/H$4,0)*1000 -> 0 | I30: =IFERROR(I28/I$4,0)*1000 -> 0 | J30: =IFERROR(J28/J$4,0)*1000 -> 0 | K30: =IFERROR(K28/K$4,0)*1000 -> 0 | L30: =IFERROR(L28/L$4,0)*1000 -> 0 | M30: =IFERROR(M28/M$4,0)*1000 -> 0 | ... AX30: =IFERROR(AX28/AX$4,0)*1000 -> 2377570.5 | AY30: =IFERROR(AW30/AV30,0) -> 1.0419266 | AZ30: =IFERROR(AW30/AX30,0) -> 1.3608652 | BA30: =IFERROR(BA28/BA$4,0)*1000 -> 0 | BB30: =IFERROR(BB28/BB$4,0)*1000 -> 3010499.6 | BC30: =IFERROR(BC28/BC$4,0)*1000 -> 2380148.5 | BD30: =IFERROR(BB30/BA30,0) -> 0 | BE30: =IFERROR(BB30/BC30,0) -> 1.2648369 | BF30: =IFERROR(BB30/AH30,0) -> 1.2062515
B31: 5 | C31: ĐỊNH PHÍ | F31: =F34+F61+F63+F65 -> 0 | G31: =G34+G61+G63+G65 -> 0 | H31: =H34+H61+H63+H65 -> 0 | I31: =I34+I61+I63+I65 -> 0 | J31: =J34+J61+J63+J65 -> 0 | K31: =K34+K61+K63+K65 -> 0 | L31: =L34+L61+L63+L65 -> 0 | M31: =M34+M61+M63+M65 -> 0 | ... AU31: =AU34+AU61+AU63+AU65 -> 0 | AV31: =AM31 -> 2903101307 | AW31: =AN31 -> 2427435730 | AX31: =Z31 -> 2.6416917e+09 | AY31: =IFERROR(AW31/AV31,0) -> 0.83615261 | AZ31: =IFERROR(AW31/AX31,0) -> 0.91889441 | BA31: =SUM(I31:M31) -> 0 | BB31: =SUM(AJ31:AN31) -> 13049782943 | BC31: =SUM(V31:Z31) -> 1.2815118e+10 | BD31: =IFERROR(BB31/BA31,0) -> 0 | BE31: =IFERROR(BB31/BC31,0) -> 1.0183116 | BF31: =IFERROR(BB31/AH31,0) -> 0.40430311
D32: Định phí / Doanh thu (%) | F32: =IFERROR(F31/F$5,0) -> 0 | G32: =IFERROR(G31/G$5,0) -> 0 | H32: =IFERROR(H31/H$5,0) -> 0 | I32: =IFERROR(I31/I$5,0) -> 0 | J32: =IFERROR(J31/J$5,0) -> 0 | K32: =IFERROR(K31/K$5,0) -> 0 | L32: =IFERROR(L31/L$5,0) -> 0 | M32: =IFERROR(M31/M$5,0) -> 0 | ... AX32: =IFERROR(AX31/AX$5,0) -> 0.16537123 | AY32: =IFERROR(AW32/AV32,0) -> 0.91583965 | AZ32: =IFERROR(AW32/AX32,0) -> 1.1167734 | BA32: =IFERROR(BA31/BA$5,0) -> 0 | BB32: =IFERROR(BB31/BB$5,0) -> 0.2096479 | BC32: =IFERROR(BC31/BC$5,0) -> 0.19650625 | BD32: =IFERROR(BB32/BA32,0) -> 0 | BE32: =IFERROR(BB32/BC32,0) -> 1.0668765 | BF32: =IFERROR(BB32/AH32,0) -> 1.1763846
D33: Định phí / Tấn (Triệu đồng/Tấn) | F33: =IFERROR(F31/F$4,0)*1000 -> 0 | G33: =IFERROR(G31/G$4,0)*1000 -> 0 | H33: =IFERROR(H31/H$4,0)*1000 -> 0 | I33: =IFERROR(I31/I$4,0)*1000 -> 0 | J33: =IFERROR(J31/J$4,0)*1000 -> 0 | K33: =IFERROR(K31/K$4,0)*1000 -> 0 | L33: =IFERROR(L31/L$4,0)*1000 -> 0 | M33: =IFERROR(M31/M$4,0)*1000 -> 0 | ... AX33: =IFERROR(AX31/AX$4,0)*1000 -> 2503379.9 | AY33: =IFERROR(AW33/AV33,0) -> 0.95319661 | AZ33: =IFERROR(AW33/AX33,0) -> 1.2075328 | BA33: =IFERROR(BA31/BA$4,0)*1000 -> 0 | BB33: =IFERROR(BB31/BB$4,0)*1000 -> 3249854.2 | BC33: =IFERROR(BC31/BC$4,0)*1000 -> 2974622 | BD33: =IFERROR(BB33/BA33,0) -> 0 | BE33: =IFERROR(BB33/BC33,0) -> 1.0925268 | BF33: =IFERROR(BB33/AH33,0) -> 1.1781015
B34: 5.1 | C34: Chi phí hoạt động | F34: =SUM(F36:F60) -> 0 | G34: =SUM(G36:G60) -> 0 | H34: =SUM(H36:H60) -> 0 | I34: =SUM(I36:I60) -> 0 | J34: =SUM(J36:J60) -> 0 | K34: =SUM(K36:K60) -> 0 | L34: =SUM(L36:L60) -> 0 | M34: =SUM(M36:M60) -> 0 | ... AU34: =SUM(AU36:AU60) -> 0 | AV34: =AM34 -> 1141642817 | AW34: =AN34 -> 912123006 | AX34: =Z34 -> 8.0659871e+08 | AY34: =IFERROR(AW34/AV34,0) -> 0.79895655 | AZ34: =IFERROR(AW34/AX34,0) -> 1.1308263 | BA34: =SUM(I34:M34) -> 0 | BB34: =SUM(AJ34:AN34) -> 4675330374 | BC34: =SUM(V34:Z34) -> 3.9265097e+09 | BD34: =IFERROR(BB34/BA34,0) -> 0 | BE34: =IFERROR(BB34/BC34,0) -> 1.190709 | BF34: =IFERROR(BB34/AH34,0) -> 0.46986556
D35: Chi phí hoạt động / Doanh thu (%) | F35: =IFERROR(F34/F$5,0) -> 0 | G35: =IFERROR(G34/G$5,0) -> 0 | H35: =IFERROR(H34/H$5,0) -> 0 | I35: =IFERROR(I34/I$5,0) -> 0 | J35: =IFERROR(J34/J$5,0) -> 0 | K35: =IFERROR(K34/K$5,0) -> 0 | L35: =IFERROR(L34/L$5,0) -> 0 | M35: =IFERROR(M34/M$5,0) -> 0 | ... AX35: =IFERROR(AX34/AX$5,0) -> 0.050493485 | AY35: =IFERROR(AW35/AV35,0) -> 0.87509874 | AZ35: =IFERROR(AW35/AX35,0) -> 1.3743436 | BA35: =IFERROR(BA34/BA$5,0) -> 0 | BB35: =IFERROR(BB34/BB$5,0) -> 0.075110306 | BC35: =IFERROR(BC34/BC$5,0) -> 0.060208863 | BD35: =IFERROR(BB35/BA35,0) -> 0 | BE35: =IFERROR(BB35/BC35,0) -> 1.2474958 | BF35: =IFERROR(BB35/AH35,0) -> 1.367149
D36: Chi phí sửa chữa, bảo trì | E36: 13 | F36: =SUMIF('10. 170KMP'!$J:$J,'0.KQKD'!$E36,'10. 170KMP'!L:L) -> 0 | G36: =SUMIF('10. 170KMP'!$J:$J,'0.KQKD'!$E36,'10. 170KMP'!M:M) -> 0 | H36: =SUMIF('10. 170KMP'!$J:$J,'0.KQKD'!$E36,'10. 170KMP'!N:N) -> 0 | I36: =SUMIF('10. 170KMP'!$J:$J,'0.KQKD'!$E36,'10. 170KMP'!O:O) -> 0 | J36: =SUMIF('10. 170KMP'!$J:$J,'0.KQKD'!$E36,'10. 170KMP'!P:P) -> 0 | K36: =SUMIF('10. 170KMP'!$J:$J,'0.KQKD'!$E36,'10. 170KMP'!Q:Q) -> 0 | L36: =SUMIF('10. 170KMP'!$J:$J,'0.KQKD'!$E36,'10. 170KMP'!R:R) -> 0 | M36: =SUMIF('10. 170KMP'!$J:$J,'0.KQKD'!$E36,'10. 170KMP'!S:S) -> 0 | N36: =SUMIF('10. 170KMP'!$J:$J,'0.KQKD'!$E36,'10. 170KMP'!T:T) -> 0 | O36: =SUMIF('10. 170KMP'!$J:$J,'0.KQKD'!$E36,'10. 170KMP'!U:U) -> 0 | P36: =SUMIF('10. 170KMP'!$J:$J,'0.KQKD'!$E36,'10. 170KMP'!V:V) -> 0 | Q36: =SUMIF('10. 170KMP'!$J:$J,'0.KQKD'!$E36,'10. 170KMP'!W:W) -> 0 | R36: =SUMIF('10. 170KMP'!$J:$J,'0.KQKD'!$E36,'10. 170KMP'!X:X) -> 0 | S36: =SUMIF('10. 170KMP'!$J:$J,'0.KQKD'!$E36,'10. 170KMP'!Y:Y) -> 0 | T36: =SUMIF('10. 170KMP'!$J:$J,'0.KQKD'!$E36,'10. 170KMP'!Z:Z) -> 0 | U36: =SUM(I36:T36) -> 0 | V36: =SUMIF('10. 170KMP'!$J:$J,'0.KQKD'!$E36,'10. 170KMP'!AB:AB) -> 1.7935325e+08 | W36: =SUMIF('10. 170KMP'!$J:$J,'0.KQKD'!$E36,'10. 170KMP'!AC:AC) -> 1.6965775e+08 | X36: =SUMIF('10. 170KMP'!$J:$J,'0.KQKD'!$E36,'10. 170KMP'!AD:AD) -> 1.5663343e+08 | Y36: =SUMIF('10. 170KMP'!$J:$J,'0.KQKD'!$E36,'10. 170KMP'!AE:AE) -> 1.5774093e+08 | Z36: =SUMIF('10. 170KMP'!$J:$J,'0.KQKD'!$E36,'10. 170KMP'!AF:AF) -> 1.8036165e+08 | AA36: =SUMIF('10. 170KMP'!$J:$J,'0.KQKD'!$E36,'10. 170KMP'!AG:AG) -> 1.9764366e+08 | AB36: =SUMIF('10. 170KMP'!$J:$J,'0.KQKD'!$E36,'10. 170KMP'!AH:AH) -> 2.0732248e+08 | AC36: =SUMIF('10. 170KMP'!$J:$J,'0.KQKD'!$E36,'10. 170KMP'!AI:AI) -> 2.1352517e+08 | AD36: =SUMIF('10. 170KMP'!$J:$J,'0.KQKD'!$E36,'10. 170KMP'!AJ:AJ) -> 2.560274e+08 | AE36: =SUMIF('10. 170KMP'!$J:$J,'0.KQKD'!$E36,'10. 170KMP'!AK:AK) -> 2.495229e+08 | AF36: =SUMIF('10. 170KMP'!$J:$J,'0.KQKD'!$E36,'10. 170KMP'!AL:AL) -> 2.7490302e+08 | AG36: =SUMIF('10. 170KMP'!$J:$J,'0.KQKD'!$E36,'10. 170KMP'!AM:AM) -> 2.7916358e+08 | AH36: =SUM(V36:AG36) -> 2.5218552e+09 | AI36: =SUM(AJ36:AU36) -> 581194724 | AJ36: =SUMIF('10. 170KMP'!$J:$J,'0.KQKD'!$E36,'10. 170KMP'!AP:AP) -> 119569951 | AK36: =SUMIF('10. 170KMP'!$J:$J,'0.KQKD'!$E36,'10. 170KMP'!AQ:AQ) -> 112133103 | AL36: =SUMIF('10. 170KMP'!$J:$J,'0.KQKD'!$E36,'10. 170KMP'!AR:AR) -> 117289856 | AM36: =SUMIF('10. 170KMP'!$J:$J,'0.KQKD'!$E36,'10. 170KMP'!AS:AS) -> 115465878 | AN36: =SUMIF('10. 170KMP'!$J:$J,'0.KQKD'!$E36,'10. 170KMP'!AT:AT) -> 116735936 | AO36: =SUMIF('10. 170KMP'!$J:$J,'0.KQKD'!$E36,'10. 170KMP'!AU:AU) -> 0 | AP36: =SUMIF('10. 170KMP'!$J:$J,'0.KQKD'!$E36,'10. 170KMP'!AV:AV) -> 0 | AQ36: =SUMIF('10. 170KMP'!$J:$J,'0.KQKD'!$E36,'10. 170KMP'!AW:AW) -> 0 | AR36: =SUMIF('10. 170KMP'!$J:$J,'0.KQKD'!$E36,'10. 170KMP'!AX:AX) -> 0 | AS36: =SUMIF('10. 170KMP'!$J:$J,'0.KQKD'!$E36,'10. 170KMP'!AY:AY) -> 0 | AT36: =SUMIF('10. 170KMP'!$J:$J,'0.KQKD'!$E36,'10. 170KMP'!AZ:AZ) -> 0 | AU36: =SUMIF('10. 170KMP'!$J:$J,'0.KQKD'!$E36,'10. 170KMP'!BA:BA) -> 0 | AV36: =AM36 -> 115465878 | AW36: =AN36 -> 116735936 | AX36: =Z36 -> 1.8036165e+08 | AY36: =IFERROR(AW36/AV36,0) -> 1.0109994 | AZ36: =IFERROR(AW36/AX36,0) -> 0.64723258 | BA36: =SUM(I36:M36) -> 0 | BB36: =SUM(AJ36:AN36) -> 581194724 | BC36: =SUM(V36:Z36) -> 8.43747e+08 | BD36: =IFERROR(BB36/BA36,0) -> 0 | BE36: =IFERROR(BB36/BC36,0) -> 0.68882583 | BF36: =IFERROR(BB36/AH36,0) -> 0.23046316
D37: Chi phí thử mẫu, thử khuôn, phát triển sản phẩm | E37: 14 | F37: =SUMIF('10. 170KMP'!$J:$J,'0.KQKD'!$E37,'10. 170KMP'!L:L) -> 0 | G37: =SUMIF('10. 170KMP'!$J:$J,'0.KQKD'!$E37,'10. 170KMP'!M:M) -> 0 | H37: =SUMIF('10. 170KMP'!$J:$J,'0.KQKD'!$E37,'10. 170KMP'!N:N) -> 0 | I37: =SUMIF('10. 170KMP'!$J:$J,'0.KQKD'!$E37,'10. 170KMP'!O:O) -> 0 | J37: =SUMIF('10. 170KMP'!$J:$J,'0.KQKD'!$E37,'10. 170KMP'!P:P) -> 0 | K37: =SUMIF('10. 170KMP'!$J:$J,'0.KQKD'!$E37,'10. 170KMP'!Q:Q) -> 0 | L37: =SUMIF('10. 170KMP'!$J:$J,'0.KQKD'!$E37,'10. 170KMP'!R:R) -> 0 | M37: =SUMIF('10. 170KMP'!$J:$J,'0.KQKD'!$E37,'10. 170KMP'!S:S) -> 0 | N37: =SUMIF('10. 170KMP'!$J:$J,'0.KQKD'!$E37,'10. 170KMP'!T:T) -> 0 | O37: =SUMIF('10. 170KMP'!$J:$J,'0.KQKD'!$E37,'10. 170KMP'!U:U) -> 0 | P37: =SUMIF('10. 170KMP'!$J:$J,'0.KQKD'!$E37,'10. 170KMP'!V:V) -> 0 | Q37: =SUMIF('10. 170KMP'!$J:$J,'0.KQKD'!$E37,'10. 170KMP'!W:W) -> 0 | R37: =SUMIF('10. 170KMP'!$J:$J,'0.KQKD'!$E37,'10. 170KMP'!X:X) -> 0 | S37: =SUMIF('10. 170KMP'!$J:$J,'0.KQKD'!$E37,'10. 170KMP'!Y:Y) -> 0 | T37: =SUMIF('10. 170KMP'!$J:$J,'0.KQKD'!$E37,'10. 170KMP'!Z:Z) -> 0 | U37: =SUM(I37:T37) -> 0 | V37: =SUMIF('10. 170KMP'!$J:$J,'0.KQKD'!$E37,'10. 170KMP'!AB:AB) -> 0 | W37: =SUMIF('10. 170KMP'!$J:$J,'0.KQKD'!$E37,'10. 170KMP'!AC:AC) -> 0 | X37: =SUMIF('10. 170KMP'!$J:$J,'0.KQKD'!$E37,'10. 170KMP'!AD:AD) -> 0 | Y37: =SUMIF('10. 170KMP'!$J:$J,'0.KQKD'!$E37,'10. 170KMP'!AE:AE) -> 0 | Z37: =SUMIF('10. 170KMP'!$J:$J,'0.KQKD'!$E37,'10. 170KMP'!AF:AF) -> 0 | AA37: =SUMIF('10. 170KMP'!$J:$J,'0.KQKD'!$E37,'10. 170KMP'!AG:AG) -> 0 | AB37: =SUMIF('10. 170KMP'!$J:$J,'0.KQKD'!$E37,'10. 170KMP'!AH:AH) -> 0 | AC37: =SUMIF('10. 170KMP'!$J:$J,'0.KQKD'!$E37,'10. 170KMP'!AI:AI) -> 0 | AD37: =SUMIF('10. 170KMP'!$J:$J,'0.KQKD'!$E37,'10. 170KMP'!AJ:AJ) -> 0 | AE37: =SUMIF('10. 170KMP'!$J:$J,'0.KQKD'!$E37,'10. 170KMP'!AK:AK) -> 0 | AF37: =SUMIF('10. 170KMP'!$J:$J,'0.KQKD'!$E37,'10. 170KMP'!AL:AL) -> 0 | AG37: =SUMIF('10. 170KMP'!$J:$J,'0.KQKD'!$E37,'10. 170KMP'!AM:AM) -> 0 | AH37: =SUM(V37:AG37) -> 0 | AI37: =SUM(AJ37:AU37) -> 0 | AJ37: =SUMIF('10. 170KMP'!$J:$J,'0.KQKD'!$E37,'10. 170KMP'!AP:AP) -> 0 | AK37: =SUMIF('10. 170KMP'!$J:$J,'0.KQKD'!$E37,'10. 170KMP'!AQ:AQ) -> 0 | AL37: =SUMIF('10. 170KMP'!$J:$J,'0.KQKD'!$E37,'10. 170KMP'!AR:AR) -> 0 | AM37: =SUMIF('10. 170KMP'!$J:$J,'0.KQKD'!$E37,'10. 170KMP'!AS:AS) -> 0 | AN37: =SUMIF('10. 170KMP'!$J:$J,'0.KQKD'!$E37,'10. 170KMP'!AT:AT) -> 0 | AO37: =SUMIF('10. 170KMP'!$J:$J,'0.KQKD'!$E37,'10. 170KMP'!AU:AU) -> 0 | AP37: =SUMIF('10. 170KMP'!$J:$J,'0.KQKD'!$E37,'10. 170KMP'!AV:AV) -> 0 | AQ37: =SUMIF('10. 170KMP'!$J:$J,'0.KQKD'!$E37,'10. 170KMP'!AW:AW) -> 0 | AR37: =SUMIF('10. 170KMP'!$J:$J,'0.KQKD'!$E37,'10. 170KMP'!AX:AX) -> 0 | AS37: =SUMIF('10. 170KMP'!$J:$J,'0.KQKD'!$E37,'10. 170KMP'!AY:AY) -> 0 | AT37: =SUMIF('10. 170KMP'!$J:$J,'0.KQKD'!$E37,'10. 170KMP'!AZ:AZ) -> 0 | AU37: =SUMIF('10. 170KMP'!$J:$J,'0.KQKD'!$E37,'10. 170KMP'!BA:BA) -> 0 | AV37: =AM37 -> 0 | AW37: =AN37 -> 0 | AX37: =Z37 -> 0 | AY37: =IFERROR(AW37/AV37,0) -> 0 | AZ37: =IFERROR(AW37/AX37,0) -> 0 | BA37: =SUM(I37:M37) -> 0 | BB37: =SUM(AJ37:AN37) -> 0 | BC37: =SUM(V37:Z37) -> 0 | BD37: =IFERROR(BB37/BA37,0) -> 0 | BE37: =IFERROR(BB37/BC37,0) -> 0 | BF37: =IFERROR(BB37/AH37,0) -> 0
D38: Chi phí kiểm định tài sản | E38: 15 | F38: =SUMIF('10. 170KMP'!$J:$J,'0.KQKD'!$E38,'10. 170KMP'!L:L) -> 0 | G38: =SUMIF('10. 170KMP'!$J:$J,'0.KQKD'!$E38,'10. 170KMP'!M:M) -> 0 | H38: =SUMIF('10. 170KMP'!$J:$J,'0.KQKD'!$E38,'10. 170KMP'!N:N) -> 0 | I38: =SUMIF('10. 170KMP'!$J:$J,'0.KQKD'!$E38,'10. 170KMP'!O:O) -> 0 | J38: =SUMIF('10. 170KMP'!$J:$J,'0.KQKD'!$E38,'10. 170KMP'!P:P) -> 0 | K38: =SUMIF('10. 170KMP'!$J:$J,'0.KQKD'!$E38,'10. 170KMP'!Q:Q) -> 0 | L38: =SUMIF('10. 170KMP'!$J:$J,'0.KQKD'!$E38,'10. 170KMP'!R:R) -> 0 | M38: =SUMIF('10. 170KMP'!$J:$J,'0.KQKD'!$E38,'10. 170KMP'!S:S) -> 0 | N38: =SUMIF('10. 170KMP'!$J:$J,'0.KQKD'!$E38,'10. 170KMP'!T:T) -> 0 | O38: =SUMIF('10. 170KMP'!$J:$J,'0.KQKD'!$E38,'10. 170KMP'!U:U) -> 0 | P38: =SUMIF('10. 170KMP'!$J:$J,'0.KQKD'!$E38,'10. 170KMP'!V:V) -> 0 | Q38: =SUMIF('10. 170KMP'!$J:$J,'0.KQKD'!$E38,'10. 170KMP'!W:W) -> 0 | R38: =SUMIF('10. 170KMP'!$J:$J,'0.KQKD'!$E38,'10. 170KMP'!X:X) -> 0 | S38: =SUMIF('10. 170KMP'!$J:$J,'0.KQKD'!$E38,'10. 170KMP'!Y:Y) -> 0 | T38: =SUMIF('10. 170KMP'!$J:$J,'0.KQKD'!$E38,'10. 170KMP'!Z:Z) -> 0 | U38: =SUM(I38:T38) -> 0 | V38: =SUMIF('10. 170KMP'!$J:$J,'0.KQKD'!$E38,'10. 170KMP'!AB:AB) -> 6695000.7 | W38: =SUMIF('10. 170KMP'!$J:$J,'0.KQKD'!$E38,'10. 170KMP'!AC:AC) -> 5986667.7 | X38: =SUMIF('10. 170KMP'!$J:$J,'0.KQKD'!$E38,'10. 170KMP'!AD:AD) -> 5986667.7 | Y38: =SUMIF('10. 170KMP'!$J:$J,'0.KQKD'!$E38,'10. 170KMP'!AE:AE) -> 11820001 | Z38: =SUMIF('10. 170KMP'!$J:$J,'0.KQKD'!$E38,'10. 170KMP'!AF:AF) -> 11903334 | AA38: =SUMIF('10. 170KMP'!$J:$J,'0.KQKD'!$E38,'10. 170KMP'!AG:AG) -> 12070001 | AB38: =SUMIF('10. 170KMP'!$J:$J,'0.KQKD'!$E38,'10. 170KMP'!AH:AH) -> 9908334 | AC38: =SUMIF('10. 170KMP'!$J:$J,'0.KQKD'!$E38,'10. 170KMP'!AI:AI) -> 9991667.3 | AD38: =SUMIF('10. 170KMP'!$J:$J,'0.KQKD'!$E38,'10. 170KMP'!AJ:AJ) -> 14183333 | AE38: =SUMIF('10. 170KMP'!$J:$J,'0.KQKD'!$E38,'10. 170KMP'!AK:AK) -> 9266666.7 | AF38: =SUMIF('10. 170KMP'!$J:$J,'0.KQKD'!$E38,'10. 170KMP'!AL:AL) -> 9266666.7 | AG38: =SUMIF('10. 170KMP'!$J:$J,'0.KQKD'!$E38,'10. 170KMP'!AM:AM) -> 9266666.7 | AH38: =SUM(V38:AG38) -> 116345007 | AI38: =SUM(AJ38:AU38) -> 23123341 | AJ38: =SUMIF('10. 170KMP'!$J:$J,'0.KQKD'!$E38,'10. 170KMP'!AP:AP) -> 4278334 | AK38: =SUMIF('10. 170KMP'!$J:$J,'0.KQKD'!$E38,'10. 170KMP'!AQ:AQ) -> 3570001 | AL38: =SUMIF('10. 170KMP'!$J:$J,'0.KQKD'!$E38,'10. 170KMP'!AR:AR) -> 4278338 | AM38: =SUMIF('10. 170KMP'!$J:$J,'0.KQKD'!$E38,'10. 170KMP'!AS:AS) -> 4278334 | AN38: =SUMIF('10. 170KMP'!$J:$J,'0.KQKD'!$E38,'10. 170KMP'!AT:AT) -> 6718334 | AO38: =SUMIF('10. 170KMP'!$J:$J,'0.KQKD'!$E38,'10. 170KMP'!AU:AU) -> 0 | AP38: =SUMIF('10. 170KMP'!$J:$J,'0.KQKD'!$E38,'10. 170KMP'!AV:AV) -> 0 | AQ38: =SUMIF('10. 170KMP'!$J:$J,'0.KQKD'!$E38,'10. 170KMP'!AW:AW) -> 0 | AR38: =SUMIF('10. 170KMP'!$J:$J,'0.KQKD'!$E38,'10. 170KMP'!AX:AX) -> 0 | AS38: =SUMIF('10. 170KMP'!$J:$J,'0.KQKD'!$E38,'10. 170KMP'!AY:AY) -> 0 | AT38: =SUMIF('10. 170KMP'!$J:$J,'0.KQKD'!$E38,'10. 170KMP'!AZ:AZ) -> 0 | AU38: =SUMIF('10. 170KMP'!$J:$J,'0.KQKD'!$E38,'10. 170KMP'!BA:BA) -> 0 | AV38: =AM38 -> 4278334 | AW38: =AN38 -> 6718334 | AX38: =Z38 -> 11903334 | AY38: =IFERROR(AW38/AV38,0) -> 1.5703155 | AZ38: =IFERROR(AW38/AX38,0) -> 0.56440774 | BA38: =SUM(I38:M38) -> 0 | BB38: =SUM(AJ38:AN38) -> 23123341 | BC38: =SUM(V38:Z38) -> 42391671 | BD38: =IFERROR(BB38/BA38,0) -> 0 | BE38: =IFERROR(BB38/BC38,0) -> 0.54546896 | BF38: =IFERROR(BB38/AH38,0) -> 0.19874803
D39: Công cụ dụng cụ | E39: 16 | F39: =SUMIF('10. 170KMP'!$J:$J,'0.KQKD'!$E39,'10. 170KMP'!L:L) -> 0 | G39: =SUMIF('10. 170KMP'!$J:$J,'0.KQKD'!$E39,'10. 170KMP'!M:M) -> 0 | H39: =SUMIF('10. 170KMP'!$J:$J,'0.KQKD'!$E39,'10. 170KMP'!N:N) -> 0 | I39: =SUMIF('10. 170KMP'!$J:$J,'0.KQKD'!$E39,'10. 170KMP'!O:O) -> 0 | J39: =SUMIF('10. 170KMP'!$J:$J,'0.KQKD'!$E39,'10. 170KMP'!P:P) -> 0 | K39: =SUMIF('10. 170KMP'!$J:$J,'0.KQKD'!$E39,'10. 170KMP'!Q:Q) -> 0 | L39: =SUMIF('10. 170KMP'!$J:$J,'0.KQKD'!$E39,'10. 170KMP'!R:R) -> 0 | M39: =SUMIF('10. 170KMP'!$J:$J,'0.KQKD'!$E39,'10. 170KMP'!S:S) -> 0 | N39: =SUMIF('10. 170KMP'!$J:$J,'0.KQKD'!$E39,'10. 170KMP'!T:T) -> 0 | O39: =SUMIF('10. 170KMP'!$J:$J,'0.KQKD'!$E39,'10. 170KMP'!U:U) -> 0 | P39: =SUMIF('10. 170KMP'!$J:$J,'0.KQKD'!$E39,'10. 170KMP'!V:V) -> 0 | Q39: =SUMIF('10. 170KMP'!$J:$J,'0.KQKD'!$E39,'10. 170KMP'!W:W) -> 0 | R39: =SUMIF('10. 170KMP'!$J:$J,'0.KQKD'!$E39,'10. 170KMP'!X:X) -> 0 | S39: =SUMIF('10. 170KMP'!$J:$J,'0.KQKD'!$E39,'10. 170KMP'!Y:Y) -> 0 | T39: =SUMIF('10. 170KMP'!$J:$J,'0.KQKD'!$E39,'10. 170KMP'!Z:Z) -> 0 | U39: =SUM(I39:T39) -> 0 | V39: =SUMIF('10. 170KMP'!$J:$J,'0.KQKD'!$E39,'10. 170KMP'!AB:AB) -> 10925795 | W39: =SUMIF('10. 170KMP'!$J:$J,'0.KQKD'!$E39,'10. 170KMP'!AC:AC) -> 11142462 | X39: =SUMIF('10. 170KMP'!$J:$J,'0.KQKD'!$E39,'10. 170KMP'!AD:AD) -> 12441073 | Y39: =SUMIF('10. 170KMP'!$J:$J,'0.KQKD'!$E39,'10. 170KMP'!AE:AE) -> 12391073 | Z39: =SUMIF('10. 170KMP'!$J:$J,'0.KQKD'!$E39,'10. 170KMP'!AF:AF) -> 13224407 | AA39: =SUMIF('10. 170KMP'!$J:$J,'0.KQKD'!$E39,'10. 170KMP'!AG:AG) -> 16939684 | AB39: =SUMIF('10. 170KMP'!$J:$J,'0.KQKD'!$E39,'10. 170KMP'!AH:AH) -> 15577185 | AC39: =SUMIF('10. 170KMP'!$J:$J,'0.KQKD'!$E39,'10. 170KMP'!AI:AI) -> 15302185 | AD39: =SUMIF('10. 170KMP'!$J:$J,'0.KQKD'!$E39,'10. 170KMP'!AJ:AJ) -> 16776490 | AE39: =SUMIF('10. 170KMP'!$J:$J,'0.KQKD'!$E39,'10. 170KMP'!AK:AK) -> 33743777 | AF39: =SUMIF('10. 170KMP'!$J:$J,'0.KQKD'!$E39,'10. 170KMP'!AL:AL) -> 33743777 | AG39: =SUMIF('10. 170KMP'!$J:$J,'0.KQKD'!$E39,'10. 170KMP'!AM:AM) -> 34577110 | AH39: =SUM(V39:AG39) -> 2.2678502e+08 | AI39: =SUM(AJ39:AU39) -> 121541778 | AJ39: =SUMIF('10. 170KMP'!$J:$J,'0.KQKD'!$E39,'10. 170KMP'!AP:AP) -> 20725617 | AK39: =SUMIF('10. 170KMP'!$J:$J,'0.KQKD'!$E39,'10. 170KMP'!AQ:AQ) -> 20949521 | AL39: =SUMIF('10. 170KMP'!$J:$J,'0.KQKD'!$E39,'10. 170KMP'!AR:AR) -> 25835779 | AM39: =SUMIF('10. 170KMP'!$J:$J,'0.KQKD'!$E39,'10. 170KMP'!AS:AS) -> 25294092 | AN39: =SUMIF('10. 170KMP'!$J:$J,'0.KQKD'!$E39,'10. 170KMP'!AT:AT) -> 28736769 | AO39: =SUMIF('10. 170KMP'!$J:$J,'0.KQKD'!$E39,'10. 170KMP'!AU:AU) -> 0 | AP39: =SUMIF('10. 170KMP'!$J:$J,'0.KQKD'!$E39,'10. 170KMP'!AV:AV) -> 0 | AQ39: =SUMIF('10. 170KMP'!$J:$J,'0.KQKD'!$E39,'10. 170KMP'!AW:AW) -> 0 | AR39: =SUMIF('10. 170KMP'!$J:$J,'0.KQKD'!$E39,'10. 170KMP'!AX:AX) -> 0 | AS39: =SUMIF('10. 170KMP'!$J:$J,'0.KQKD'!$E39,'10. 170KMP'!AY:AY) -> 0 | AT39: =SUMIF('10. 170KMP'!$J:$J,'0.KQKD'!$E39,'10. 170KMP'!AZ:AZ) -> 0 | AU39: =SUMIF('10. 170KMP'!$J:$J,'0.KQKD'!$E39,'10. 170KMP'!BA:BA) -> 0 | AV39: =AM39 -> 25294092 | AW39: =AN39 -> 28736769 | AX39: =Z39 -> 13224407 | AY39: =IFERROR(AW39/AV39,0) -> 1.136106 | AZ39: =IFERROR(AW39/AX39,0) -> 2.1730101 | BA39: =SUM(I39:M39) -> 0 | BB39: =SUM(AJ39:AN39) -> 121541778 | BC39: =SUM(V39:Z39) -> 60124810 | BD39: =IFERROR(BB39/BA39,0) -> 0 | BE39: =IFERROR(BB39/BC39,0) -> 2.0214913 | BF39: =IFERROR(BB39/AH39,0) -> 0.53593389
D40: Chi phí thuê nhà, văn phòng, xưởng, kho | E40: 17 | F40: =SUMIF('10. 170KMP'!$J:$J,'0.KQKD'!$E40,'10. 170KMP'!L:L) -> 0 | G40: =SUMIF('10. 170KMP'!$J:$J,'0.KQKD'!$E40,'10. 170KMP'!M:M) -> 0 | H40: =SUMIF('10. 170KMP'!$J:$J,'0.KQKD'!$E40,'10. 170KMP'!N:N) -> 0 | I40: =SUMIF('10. 170KMP'!$J:$J,'0.KQKD'!$E40,'10. 170KMP'!O:O) -> 0 | J40: =SUMIF('10. 170KMP'!$J:$J,'0.KQKD'!$E40,'10. 170KMP'!P:P) -> 0 | K40: =SUMIF('10. 170KMP'!$J:$J,'0.KQKD'!$E40,'10. 170KMP'!Q:Q) -> 0 | L40: =SUMIF('10. 170KMP'!$J:$J,'0.KQKD'!$E40,'10. 170KMP'!R:R) -> 0 | M40: =SUMIF('10. 170KMP'!$J:$J,'0.KQKD'!$E40,'10. 170KMP'!S:S) -> 0 | N40: =SUMIF('10. 170KMP'!$J:$J,'0.KQKD'!$E40,'10. 170KMP'!T:T) -> 0 | O40: =SUMIF('10. 170KMP'!$J:$J,'0.KQKD'!$E40,'10. 170KMP'!U:U) -> 0 | P40: =SUMIF('10. 170KMP'!$J:$J,'0.KQKD'!$E40,'10. 170KMP'!V:V) -> 0 | Q40: =SUMIF('10. 170KMP'!$J:$J,'0.KQKD'!$E40,'10. 170KMP'!W:W) -> 0 | R40: =SUMIF('10. 170KMP'!$J:$J,'0.KQKD'!$E40,'10. 170KMP'!X:X) -> 0 | S40: =SUMIF('10. 170KMP'!$J:$J,'0.KQKD'!$E40,'10. 170KMP'!Y:Y) -> 0 | T40: =SUMIF('10. 170KMP'!$J:$J,'0.KQKD'!$E40,'10. 170KMP'!Z:Z) -> 0 | U40: =SUM(I40:T40) -> 0 | V40: =SUMIF('10. 170KMP'!$J:$J,'0.KQKD'!$E40,'10. 170KMP'!AB:AB) -> 461679352 | W40: =SUMIF('10. 170KMP'!$J:$J,'0.KQKD'!$E40,'10. 170KMP'!AC:AC) -> 461679352 | X40: =SUMIF('10. 170KMP'!$J:$J,'0.KQKD'!$E40,'10. 170KMP'!AD:AD) -> 461679352 | Y40: =SUMIF('10. 170KMP'!$J:$J,'0.KQKD'!$E40,'10. 170KMP'!AE:AE) -> 461679352 | Z40: =SUMIF('10. 170KMP'!$J:$J,'0.KQKD'!$E40,'10. 170KMP'!AF:AF) -> 461679352 | AA40: =SUMIF('10. 170KMP'!$J:$J,'0.KQKD'!$E40,'10. 170KMP'!AG:AG) -> 461679352 | AB40: =SUMIF('10. 170KMP'!$J:$J,'0.KQKD'!$E40,'10. 170KMP'!AH:AH) -> 461679352 | AC40: =SUMIF('10. 170KMP'!$J:$J,'0.KQKD'!$E40,'10. 170KMP'!AI:AI) -> 461679352 | AD40: =SUMIF('10. 170KMP'!$J:$J,'0.KQKD'!$E40,'10. 170KMP'!AJ:AJ) -> 461679352 | AE40: =SUMIF('10. 170KMP'!$J:$J,'0.KQKD'!$E40,'10. 170KMP'!AK:AK) -> 461679352 | AF40: =SUMIF('10. 170KMP'!$J:$J,'0.KQKD'!$E40,'10. 170KMP'!AL:AL) -> 461679352 | AG40: =SUMIF('10. 170KMP'!$J:$J,'0.KQKD'!$E40,'10. 170KMP'!AM:AM) -> 461679352 | AH40: =SUM(V40:AG40) -> 5540152224 | AI40: =SUM(AJ40:AU40) -> 2308396760 | AJ40: =SUMIF('10. 170KMP'!$J:$J,'0.KQKD'!$E40,'10. 170KMP'!AP:AP) -> 461679352 | AK40: =SUMIF('10. 170KMP'!$J:$J,'0.KQKD'!$E40,'10. 170KMP'!AQ:AQ) -> 461679352 | AL40: =SUMIF('10. 170KMP'!$J:$J,'0.KQKD'!$E40,'10. 170KMP'!AR:AR) -> 461679352 | AM40: =SUMIF('10. 170KMP'!$J:$J,'0.KQKD'!$E40,'10. 170KMP'!AS:AS) -> 461679352 | AN40: =SUMIF('10. 170KMP'!$J:$J,'0.KQKD'!$E40,'10. 170KMP'!AT:AT) -> 461679352 | AO40: =SUMIF('10. 170KMP'!$J:$J,'0.KQKD'!$E40,'10. 170KMP'!AU:AU) -> 0 | AP40: =SUMIF('10. 170KMP'!$J:$J,'0.KQKD'!$E40,'10. 170KMP'!AV:AV) -> 0 | AQ40: =SUMIF('10. 170KMP'!$J:$J,'0.KQKD'!$E40,'10. 170KMP'!AW:AW) -> 0 | AR40: =SUMIF('10. 170KMP'!$J:$J,'0.KQKD'!$E40,'10. 170KMP'!AX:AX) -> 0 | AS40: =SUMIF('10. 170KMP'!$J:$J,'0.KQKD'!$E40,'10. 170KMP'!AY:AY) -> 0 | AT40: =SUMIF('10. 170KMP'!$J:$J,'0.KQKD'!$E40,'10. 170KMP'!AZ:AZ) -> 0 | AU40: =SUMIF('10. 170KMP'!$J:$J,'0.KQKD'!$E40,'10. 170KMP'!BA:BA) -> 0 | AV40: =AM40 -> 461679352 | AW40: =AN40 -> 461679352 | AX40: =Z40 -> 461679352 | AY40: =IFERROR(AW40/AV40,0) -> 1 | AZ40: =IFERROR(AW40/AX40,0) -> 1 | BA40: =SUM(I40:M40) -> 0 | BB40: =SUM(AJ40:AN40) -> 2308396760 | BC40: =SUM(V40:Z40) -> 2308396760 | BD40: =IFERROR(BB40/BA40,0) -> 0 | BE40: =IFERROR(BB40/BC40,0) -> 1 | BF40: =IFERROR(BB40/AH40,0) -> 0.41666667
D41: Chi phí thuê máy móc thiết bị, phương tiện vận tải | E41: 18 | F41: =SUMIF('10. 170KMP'!$J:$J,'0.KQKD'!$E41,'10. 170KMP'!L:L) -> 0 | G41: =SUMIF('10. 170KMP'!$J:$J,'0.KQKD'!$E41,'10. 170KMP'!M:M) -> 0 | H41: =SUMIF('10. 170KMP'!$J:$J,'0.KQKD'!$E41,'10. 170KMP'!N:N) -> 0 | I41: =SUMIF('10. 170KMP'!$J:$J,'0.KQKD'!$E41,'10. 170KMP'!O:O) -> 0 | J41: =SUMIF('10. 170KMP'!$J:$J,'0.KQKD'!$E41,'10. 170KMP'!P:P) -> 0 | K41: =SUMIF('10. 170KMP'!$J:$J,'0.KQKD'!$E41,'10. 170KMP'!Q:Q) -> 0 | L41: =SUMIF('10. 170KMP'!$J:$J,'0.KQKD'!$E41,'10. 170KMP'!R:R) -> 0 | M41: =SUMIF('10. 170KMP'!$J:$J,'0.KQKD'!$E41,'10. 170KMP'!S:S) -> 0 | N41: =SUMIF('10. 170KMP'!$J:$J,'0.KQKD'!$E41,'10. 170KMP'!T:T) -> 0 | O41: =SUMIF('10. 170KMP'!$J:$J,'0.KQKD'!$E41,'10. 170KMP'!U:U) -> 0 | P41: =SUMIF('10. 170KMP'!$J:$J,'0.KQKD'!$E41,'10. 170KMP'!V:V) -> 0 | Q41: =SUMIF('10. 170KMP'!$J:$J,'0.KQKD'!$E41,'10. 170KMP'!W:W) -> 0 | R41: =SUMIF('10. 170KMP'!$J:$J,'0.KQKD'!$E41,'10. 170KMP'!X:X) -> 0 | S41: =SUMIF('10. 170KMP'!$J:$J,'0.KQKD'!$E41,'10. 170KMP'!Y:Y) -> 0 | T41: =SUMIF('10. 170KMP'!$J:$J,'0.KQKD'!$E41,'10. 170KMP'!Z:Z) -> 0 | U41: =SUM(I41:T41) -> 0 | V41: =SUMIF('10. 170KMP'!$J:$J,'0.KQKD'!$E41,'10. 170KMP'!AB:AB) -> 0 | W41: =SUMIF('10. 170KMP'!$J:$J,'0.KQKD'!$E41,'10. 170KMP'!AC:AC) -> 0 | X41: =SUMIF('10. 170KMP'!$J:$J,'0.KQKD'!$E41,'10. 170KMP'!AD:AD) -> 0 | Y41: =SUMIF('10. 170KMP'!$J:$J,'0.KQKD'!$E41,'10. 170KMP'!AE:AE) -> 0 | Z41: =SUMIF('10. 170KMP'!$J:$J,'0.KQKD'!$E41,'10. 170KMP'!AF:AF) -> 0 | AA41: =SUMIF('10. 170KMP'!$J:$J,'0.KQKD'!$E41,'10. 170KMP'!AG:AG) -> 0 | AB41: =SUMIF('10. 170KMP'!$J:$J,'0.KQKD'!$E41,'10. 170KMP'!AH:AH) -> 0 | AC41: =SUMIF('10. 170KMP'!$J:$J,'0.KQKD'!$E41,'10. 170KMP'!AI:AI) -> 0 | AD41: =SUMIF('10. 170KMP'!$J:$J,'0.KQKD'!$E41,'10. 170KMP'!AJ:AJ) -> 0 | AE41: =SUMIF('10. 170KMP'!$J:$J,'0.KQKD'!$E41,'10. 170KMP'!AK:AK) -> 0 | AF41: =SUMIF('10. 170KMP'!$J:$J,'0.KQKD'!$E41,'10. 170KMP'!AL:AL) -> 0 | AG41: =SUMIF('10. 170KMP'!$J:$J,'0.KQKD'!$E41,'10. 170KMP'!AM:AM) -> 0 | AH41: =SUM(V41:AG41) -> 0 | AI41: =SUM(AJ41:AU41) -> 0 | AJ41: =SUMIF('10. 170KMP'!$J:$J,'0.KQKD'!$E41,'10. 170KMP'!AP:AP) -> 0 | AK41: =SUMIF('10. 170KMP'!$J:$J,'0.KQKD'!$E41,'10. 170KMP'!AQ:AQ) -> 0 | AL41: =SUMIF('10. 170KMP'!$J:$J,'0.KQKD'!$E41,'10. 170KMP'!AR:AR) -> 0 | AM41: =SUMIF('10. 170KMP'!$J:$J,'0.KQKD'!$E41,'10. 170KMP'!AS:AS) -> 0 | AN41: =SUMIF('10. 170KMP'!$J:$J,'0.KQKD'!$E41,'10. 170KMP'!AT:AT) -> 0 | AO41: =SUMIF('10. 170KMP'!$J:$J,'0.KQKD'!$E41,'10. 170KMP'!AU:AU) -> 0 | AP41: =SUMIF('10. 170KMP'!$J:$J,'0.KQKD'!$E41,'10. 170KMP'!AV:AV) -> 0 | AQ41: =SUMIF('10. 170KMP'!$J:$J,'0.KQKD'!$E41,'10. 170KMP'!AW:AW) -> 0 | AR41: =SUMIF('10. 170KMP'!$J:$J,'0.KQKD'!$E41,'10. 170KMP'!AX:AX) -> 0 | AS41: =SUMIF('10. 170KMP'!$J:$J,'0.KQKD'!$E41,'10. 170KMP'!AY:AY) -> 0 | AT41: =SUMIF('10. 170KMP'!$J:$J,'0.KQKD'!$E41,'10. 170KMP'!AZ:AZ) -> 0 | AU41: =SUMIF('10. 170KMP'!$J:$J,'0.KQKD'!$E41,'10. 170KMP'!BA:BA) -> 0 | AV41: =AM41 -> 0 | AW41: =AN41 -> 0 | AX41: =Z41 -> 0 | AY41: =IFERROR(AW41/AV41,0) -> 0 | AZ41: =IFERROR(AW41/AX41,0) -> 0 | BA41: =SUM(I41:M41) -> 0 | BB41: =SUM(AJ41:AN41) -> 0 | BC41: =SUM(V41:Z41) -> 0 | BD41: =IFERROR(BB41/BA41,0) -> 0 | BE41: =IFERROR(BB41/BC41,0) -> 0 | BF41: =IFERROR(BB41/AH41,0) -> 0
D42: Chi phí công nghệ thông tin | E42: 19 | F42: =SUMIF('10. 170KMP'!$J:$J,'0.KQKD'!$E42,'10. 170KMP'!L:L) -> 0 | G42: =SUMIF('10. 170KMP'!$J:$J,'0.KQKD'!$E42,'10. 170KMP'!M:M) -> 0 | H42: =SUMIF('10. 170KMP'!$J:$J,'0.KQKD'!$E42,'10. 170KMP'!N:N) -> 0 | I42: =SUMIF('10. 170KMP'!$J:$J,'0.KQKD'!$E42,'10. 170KMP'!O:O) -> 0 | J42: =SUMIF('10. 170KMP'!$J:$J,'0.KQKD'!$E42,'10. 170KMP'!P:P) -> 0 | K42: =SUMIF('10. 170KMP'!$J:$J,'0.KQKD'!$E42,'10. 170KMP'!Q:Q) -> 0 | L42: =SUMIF('10. 170KMP'!$J:$J,'0.KQKD'!$E42,'10. 170KMP'!R:R) -> 0 | M42: =SUMIF('10. 170KMP'!$J:$J,'0.KQKD'!$E42,'10. 170KMP'!S:S) -> 0 | N42: =SUMIF('10. 170KMP'!$J:$J,'0.KQKD'!$E42,'10. 170KMP'!T:T) -> 0 | O42: =SUMIF('10. 170KMP'!$J:$J,'0.KQKD'!$E42,'10. 170KMP'!U:U) -> 0 | P42: =SUMIF('10. 170KMP'!$J:$J,'0.KQKD'!$E42,'10. 170KMP'!V:V) -> 0 | Q42: =SUMIF('10. 170KMP'!$J:$J,'0.KQKD'!$E42,'10. 170KMP'!W:W) -> 0 | R42: =SUMIF('10. 170KMP'!$J:$J,'0.KQKD'!$E42,'10. 170KMP'!X:X) -> 0 | S42: =SUMIF('10. 170KMP'!$J:$J,'0.KQKD'!$E42,'10. 170KMP'!Y:Y) -> 0 | T42: =SUMIF('10. 170KMP'!$J:$J,'0.KQKD'!$E42,'10. 170KMP'!Z:Z) -> 0 | U42: =SUM(I42:T42) -> 0 | V42: =SUMIF('10. 170KMP'!$J:$J,'0.KQKD'!$E42,'10. 170KMP'!AB:AB) -> 41440541 | W42: =SUMIF('10. 170KMP'!$J:$J,'0.KQKD'!$E42,'10. 170KMP'!AC:AC) -> 41440541 | X42: =SUMIF('10. 170KMP'!$J:$J,'0.KQKD'!$E42,'10. 170KMP'!AD:AD) -> 41440541 | Y42: =SUMIF('10. 170KMP'!$J:$J,'0.KQKD'!$E42,'10. 170KMP'!AE:AE) -> 40731768 | Z42: =SUMIF('10. 170KMP'!$J:$J,'0.KQKD'!$E42,'10. 170KMP'!AF:AF) -> 40731768 | AA42: =SUMIF('10. 170KMP'!$J:$J,'0.KQKD'!$E42,'10. 170KMP'!AG:AG) -> 40731768 | AB42: =SUMIF('10. 170KMP'!$J:$J,'0.KQKD'!$E42,'10. 170KMP'!AH:AH) -> 40731768 | AC42: =SUMIF('10. 170KMP'!$J:$J,'0.KQKD'!$E42,'10. 170KMP'!AI:AI) -> 40731768 | AD42: =SUMIF('10. 170KMP'!$J:$J,'0.KQKD'!$E42,'10. 170KMP'!AJ:AJ) -> 40731768 | AE42: =SUMIF('10. 170KMP'!$J:$J,'0.KQKD'!$E42,'10. 170KMP'!AK:AK) -> 40731768 | AF42: =SUMIF('10. 170KMP'!$J:$J,'0.KQKD'!$E42,'10. 170KMP'!AL:AL) -> 40731768 | AG42: =SUMIF('10. 170KMP'!$J:$J,'0.KQKD'!$E42,'10. 170KMP'!AM:AM) -> 40731768 | AH42: =SUM(V42:AG42) -> 4.9090753e+08 | AI42: =SUM(AJ42:AU42) -> 148019259 | AJ42: =SUMIF('10. 170KMP'!$J:$J,'0.KQKD'!$E42,'10. 170KMP'!AP:AP) -> 29887361 | AK42: =SUMIF('10. 170KMP'!$J:$J,'0.KQKD'!$E42,'10. 170KMP'!AQ:AQ) -> 29887361 | AL42: =SUMIF('10. 170KMP'!$J:$J,'0.KQKD'!$E42,'10. 170KMP'!AR:AR) -> 29887361 | AM42: =SUMIF('10. 170KMP'!$J:$J,'0.KQKD'!$E42,'10. 170KMP'!AS:AS) -> 29178588 | AN42: =SUMIF('10. 170KMP'!$J:$J,'0.KQKD'!$E42,'10. 170KMP'!AT:AT) -> 29178588 | AO42: =SUMIF('10. 170KMP'!$J:$J,'0.KQKD'!$E42,'10. 170KMP'!AU:AU) -> 0 | AP42: =SUMIF('10. 170KMP'!$J:$J,'0.KQKD'!$E42,'10. 170KMP'!AV:AV) -> 0 | AQ42: =SUMIF('10. 170KMP'!$J:$J,'0.KQKD'!$E42,'10. 170KMP'!AW:AW) -> 0 | AR42: =SUMIF('10. 170KMP'!$J:$J,'0.KQKD'!$E42,'10. 170KMP'!AX:AX) -> 0 | AS42: =SUMIF('10. 170KMP'!$J:$J,'0.KQKD'!$E42,'10. 170KMP'!AY:AY) -> 0 | AT42: =SUMIF('10. 170KMP'!$J:$J,'0.KQKD'!$E42,'10. 170KMP'!AZ:AZ) -> 0 | AU42: =SUMIF('10. 170KMP'!$J:$J,'0.KQKD'!$E42,'10. 170KMP'!BA:BA) -> 0 | AV42: =AM42 -> 29178588 | AW42: =AN42 -> 29178588 | AX42: =Z42 -> 40731768 | AY42: =IFERROR(AW42/AV42,0) -> 1 | AZ42: =IFERROR(AW42/AX42,0) -> 0.71635948 | BA42: =SUM(I42:M42) -> 0 | BB42: =SUM(AJ42:AN42) -> 148019259 | BC42: =SUM(V42:Z42) -> 2.0578516e+08 | BD42: =IFERROR(BB42/BA42,0) -> 0 | BE42: =IFERROR(BB42/BC42,0) -> 0.71929026 | BF42: =IFERROR(BB42/AH42,0) -> 0.30152167
D43: Chi phí ISO, giấy chứng nhận | E43: 20 | F43: =SUMIF('10. 170KMP'!$J:$J,'0.KQKD'!$E43,'10. 170KMP'!L:L) -> 0 | G43: =SUMIF('10. 170KMP'!$J:$J,'0.KQKD'!$E43,'10. 170KMP'!M:M) -> 0 | H43: =SUMIF('10. 170KMP'!$J:$J,'0.KQKD'!$E43,'10. 170KMP'!N:N) -> 0 | I43: =SUMIF('10. 170KMP'!$J:$J,'0.KQKD'!$E43,'10. 170KMP'!O:O) -> 0 | J43: =SUMIF('10. 170KMP'!$J:$J,'0.KQKD'!$E43,'10. 170KMP'!P:P) -> 0 | K43: =SUMIF('10. 170KMP'!$J:$J,'0.KQKD'!$E43,'10. 170KMP'!Q:Q) -> 0 | L43: =SUMIF('10. 170KMP'!$J:$J,'0.KQKD'!$E43,'10. 170KMP'!R:R) -> 0 | M43: =SUMIF('10. 170KMP'!$J:$J,'0.KQKD'!$E43,'10. 170KMP'!S:S) -> 0 | N43: =SUMIF('10. 170KMP'!$J:$J,'0.KQKD'!$E43,'10. 170KMP'!T:T) -> 0 | O43: =SUMIF('10. 170KMP'!$J:$J,'0.KQKD'!$E43,'10. 170KMP'!U:U) -> 0 | P43: =SUMIF('10. 170KMP'!$J:$J,'0.KQKD'!$E43,'10. 170KMP'!V:V) -> 0 | Q43: =SUMIF('10. 170KMP'!$J:$J,'0.KQKD'!$E43,'10. 170KMP'!W:W) -> 0 | R43: =SUMIF('10. 170KMP'!$J:$J,'0.KQKD'!$E43,'10. 170KMP'!X:X) -> 0 | S43: =SUMIF('10. 170KMP'!$J:$J,'0.KQKD'!$E43,'10. 170KMP'!Y:Y) -> 0 | T43: =SUMIF('10. 170KMP'!$J:$J,'0.KQKD'!$E43,'10. 170KMP'!Z:Z) -> 0 | U43: =SUM(I43:T43) -> 0 | V43: =SUMIF('10. 170KMP'!$J:$J,'0.KQKD'!$E43,'10. 170KMP'!AB:AB) -> 0 | W43: =SUMIF('10. 170KMP'!$J:$J,'0.KQKD'!$E43,'10. 170KMP'!AC:AC) -> 0 | X43: =SUMIF('10. 170KMP'!$J:$J,'0.KQKD'!$E43,'10. 170KMP'!AD:AD) -> 0 | Y43: =SUMIF('10. 170KMP'!$J:$J,'0.KQKD'!$E43,'10. 170KMP'!AE:AE) -> 0 | Z43: =SUMIF('10. 170KMP'!$J:$J,'0.KQKD'!$E43,'10. 170KMP'!AF:AF) -> 0 | AA43: =SUMIF('10. 170KMP'!$J:$J,'0.KQKD'!$E43,'10. 170KMP'!AG:AG) -> 0 | AB43: =SUMIF('10. 170KMP'!$J:$J,'0.KQKD'!$E43,'10. 170KMP'!AH:AH) -> 0 | AC43: =SUMIF('10. 170KMP'!$J:$J,'0.KQKD'!$E43,'10. 170KMP'!AI:AI) -> 0 | AD43: =SUMIF('10. 170KMP'!$J:$J,'0.KQKD'!$E43,'10. 170KMP'!AJ:AJ) -> 0 | AE43: =SUMIF('10. 170KMP'!$J:$J,'0.KQKD'!$E43,'10. 170KMP'!AK:AK) -> 0 | AF43: =SUMIF('10. 170KMP'!$J:$J,'0.KQKD'!$E43,'10. 170KMP'!AL:AL) -> 0 | AG43: =SUMIF('10. 170KMP'!$J:$J,'0.KQKD'!$E43,'10. 170KMP'!AM:AM) -> 0 | AH43: =SUM(V43:AG43) -> 0 | AI43: =SUM(AJ43:AU43) -> 0 | AJ43: =SUMIF('10. 170KMP'!$J:$J,'0.KQKD'!$E43,'10. 170KMP'!AP:AP) -> 0 | AK43: =SUMIF('10. 170KMP'!$J:$J,'0.KQKD'!$E43,'10. 170KMP'!AQ:AQ) -> 0 | AL43: =SUMIF('10. 170KMP'!$J:$J,'0.KQKD'!$E43,'10. 170KMP'!AR:AR) -> 0 | AM43: =SUMIF('10. 170KMP'!$J:$J,'0.KQKD'!$E43,'10. 170KMP'!AS:AS) -> 0 | AN43: =SUMIF('10. 170KMP'!$J:$J,'0.KQKD'!$E43,'10. 170KMP'!AT:AT) -> 0 | AO43: =SUMIF('10. 170KMP'!$J:$J,'0.KQKD'!$E43,'10. 170KMP'!AU:AU) -> 0 | AP43: =SUMIF('10. 170KMP'!$J:$J,'0.KQKD'!$E43,'10. 170KMP'!AV:AV) -> 0 | AQ43: =SUMIF('10. 170KMP'!$J:$J,'0.KQKD'!$E43,'10. 170KMP'!AW:AW) -> 0 | AR43: =SUMIF('10. 170KMP'!$J:$J,'0.KQKD'!$E43,'10. 170KMP'!AX:AX) -> 0 | AS43: =SUMIF('10. 170KMP'!$J:$J,'0.KQKD'!$E43,'10. 170KMP'!AY:AY) -> 0 | AT43: =SUMIF('10. 170KMP'!$J:$J,'0.KQKD'!$E43,'10. 170KMP'!AZ:AZ) -> 0 | AU43: =SUMIF('10. 170KMP'!$J:$J,'0.KQKD'!$E43,'10. 170KMP'!BA:BA) -> 0 | AV43: =AM43 -> 0 | AW43: =AN43 -> 0 | AX43: =Z43 -> 0 | AY43: =IFERROR(AW43/AV43,0) -> 0 | AZ43: =IFERROR(AW43/AX43,0) -> 0 | BA43: =SUM(I43:M43) -> 0 | BB43: =SUM(AJ43:AN43) -> 0 | BC43: =SUM(V43:Z43) -> 0 | BD43: =IFERROR(BB43/BA43,0) -> 0 | BE43: =IFERROR(BB43/BC43,0) -> 0 | BF43: =IFERROR(BB43/AH43,0) -> 0
D44: Chi phí tư vấn | E44: 21 | F44: =SUMIF('10. 170KMP'!$J:$J,'0.KQKD'!$E44,'10. 170KMP'!L:L) -> 0 | G44: =SUMIF('10. 170KMP'!$J:$J,'0.KQKD'!$E44,'10. 170KMP'!M:M) -> 0 | H44: =SUMIF('10. 170KMP'!$J:$J,'0.KQKD'!$E44,'10. 170KMP'!N:N) -> 0 | I44: =SUMIF('10. 170KMP'!$J:$J,'0.KQKD'!$E44,'10. 170KMP'!O:O) -> 0 | J44: =SUMIF('10. 170KMP'!$J:$J,'0.KQKD'!$E44,'10. 170KMP'!P:P) -> 0 | K44: =SUMIF('10. 170KMP'!$J:$J,'0.KQKD'!$E44,'10. 170KMP'!Q:Q) -> 0 | L44: =SUMIF('10. 170KMP'!$J:$J,'0.KQKD'!$E44,'10. 170KMP'!R:R) -> 0 | M44: =SUMIF('10. 170KMP'!$J:$J,'0.KQKD'!$E44,'10. 170KMP'!S:S) -> 0 | N44: =SUMIF('10. 170KMP'!$J:$J,'0.KQKD'!$E44,'10. 170KMP'!T:T) -> 0 | O44: =SUMIF('10. 170KMP'!$J:$J,'0.KQKD'!$E44,'10. 170KMP'!U:U) -> 0 | P44: =SUMIF('10. 170KMP'!$J:$J,'0.KQKD'!$E44,'10. 170KMP'!V:V) -> 0 | Q44: =SUMIF('10. 170KMP'!$J:$J,'0.KQKD'!$E44,'10. 170KMP'!W:W) -> 0 | R44: =SUMIF('10. 170KMP'!$J:$J,'0.KQKD'!$E44,'10. 170KMP'!X:X) -> 0 | S44: =SUMIF('10. 170KMP'!$J:$J,'0.KQKD'!$E44,'10. 170KMP'!Y:Y) -> 0 | T44: =SUMIF('10. 170KMP'!$J:$J,'0.KQKD'!$E44,'10. 170KMP'!Z:Z) -> 0 | U44: =SUM(I44:T44) -> 0 | V44: =SUMIF('10. 170KMP'!$J:$J,'0.KQKD'!$E44,'10. 170KMP'!AB:AB) -> 0 | W44: =SUMIF('10. 170KMP'!$J:$J,'0.KQKD'!$E44,'10. 170KMP'!AC:AC) -> 0 | X44: =SUMIF('10. 170KMP'!$J:$J,'0.KQKD'!$E44,'10. 170KMP'!AD:AD) -> 0 | Y44: =SUMIF('10. 170KMP'!$J:$J,'0.KQKD'!$E44,'10. 170KMP'!AE:AE) -> 0 | Z44: =SUMIF('10. 170KMP'!$J:$J,'0.KQKD'!$E44,'10. 170KMP'!AF:AF) -> 0 | AA44: =SUMIF('10. 170KMP'!$J:$J,'0.KQKD'!$E44,'10. 170KMP'!AG:AG) -> 0 | AB44: =SUMIF('10. 170KMP'!$J:$J,'0.KQKD'!$E44,'10. 170KMP'!AH:AH) -> 0 | AC44: =SUMIF('10. 170KMP'!$J:$J,'0.KQKD'!$E44,'10. 170KMP'!AI:AI) -> 0 | AD44: =SUMIF('10. 170KMP'!$J:$J,'0.KQKD'!$E44,'10. 170KMP'!AJ:AJ) -> 0 | AE44: =SUMIF('10. 170KMP'!$J:$J,'0.KQKD'!$E44,'10. 170KMP'!AK:AK) -> 0 | AF44: =SUMIF('10. 170KMP'!$J:$J,'0.KQKD'!$E44,'10. 170KMP'!AL:AL) -> 0 | AG44: =SUMIF('10. 170KMP'!$J:$J,'0.KQKD'!$E44,'10. 170KMP'!AM:AM) -> 0 | AH44: =SUM(V44:AG44) -> 0 | AI44: =SUM(AJ44:AU44) -> 0 | AJ44: =SUMIF('10. 170KMP'!$J:$J,'0.KQKD'!$E44,'10. 170KMP'!AP:AP) -> 0 | AK44: =SUMIF('10. 170KMP'!$J:$J,'0.KQKD'!$E44,'10. 170KMP'!AQ:AQ) -> 0 | AL44: =SUMIF('10. 170KMP'!$J:$J,'0.KQKD'!$E44,'10. 170KMP'!AR:AR) -> 0 | AM44: =SUMIF('10. 170KMP'!$J:$J,'0.KQKD'!$E44,'10. 170KMP'!AS:AS) -> 0 | AN44: =SUMIF('10. 170KMP'!$J:$J,'0.KQKD'!$E44,'10. 170KMP'!AT:AT) -> 0 | AO44: =SUMIF('10. 170KMP'!$J:$J,'0.KQKD'!$E44,'10. 170KMP'!AU:AU) -> 0 | AP44: =SUMIF('10. 170KMP'!$J:$J,'0.KQKD'!$E44,'10. 170KMP'!AV:AV) -> 0 | AQ44: =SUMIF('10. 170KMP'!$J:$J,'0.KQKD'!$E44,'10. 170KMP'!AW:AW) -> 0 | AR44: =SUMIF('10. 170KMP'!$J:$J,'0.KQKD'!$E44,'10. 170KMP'!AX:AX) -> 0 | AS44: =SUMIF('10. 170KMP'!$J:$J,'0.KQKD'!$E44,'10. 170KMP'!AY:AY) -> 0 | AT44: =SUMIF('10. 170KMP'!$J:$J,'0.KQKD'!$E44,'10. 170KMP'!AZ:AZ) -> 0 | AU44: =SUMIF('10. 170KMP'!$J:$J,'0.KQKD'!$E44,'10. 170KMP'!BA:BA) -> 0 | AV44: =AM44 -> 0 | AW44: =AN44 -> 0 | AX44: =Z44 -> 0 | AY44: =IFERROR(AW44/AV44,0) -> 0 | AZ44: =IFERROR(AW44/AX44,0) -> 0 | BA44: =SUM(I44:M44) -> 0 | BB44: =SUM(AJ44:AN44) -> 0 | BC44: =SUM(V44:Z44) -> 0 | BD44: =IFERROR(BB44/BA44,0) -> 0 | BE44: =IFERROR(BB44/BC44,0) -> 0 | BF44: =IFERROR(BB44/AH44,0) -> 0
D45: Chi phí dịch vụ thuê ngoài | E45: 22 | F45: =SUMIF('10. 170KMP'!$J:$J,'0.KQKD'!$E45,'10. 170KMP'!L:L) -> 0 | G45: =SUMIF('10. 170KMP'!$J:$J,'0.KQKD'!$E45,'10. 170KMP'!M:M) -> 0 | H45: =SUMIF('10. 170KMP'!$J:$J,'0.KQKD'!$E45,'10. 170KMP'!N:N) -> 0 | I45: =SUMIF('10. 170KMP'!$J:$J,'0.KQKD'!$E45,'10. 170KMP'!O:O) -> 0 | J45: =SUMIF('10. 170KMP'!$J:$J,'0.KQKD'!$E45,'10. 170KMP'!P:P) -> 0 | K45: =SUMIF('10. 170KMP'!$J:$J,'0.KQKD'!$E45,'10. 170KMP'!Q:Q) -> 0 | L45: =SUMIF('10. 170KMP'!$J:$J,'0.KQKD'!$E45,'10. 170KMP'!R:R) -> 0 | M45: =SUMIF('10. 170KMP'!$J:$J,'0.KQKD'!$E45,'10. 170KMP'!S:S) -> 0 | N45: =SUMIF('10. 170KMP'!$J:$J,'0.KQKD'!$E45,'10. 170KMP'!T:T) -> 0 | O45: =SUMIF('10. 170KMP'!$J:$J,'0.KQKD'!$E45,'10. 170KMP'!U:U) -> 0 | P45: =SUMIF('10. 170KMP'!$J:$J,'0.KQKD'!$E45,'10. 170KMP'!V:V) -> 0 | Q45: =SUMIF('10. 170KMP'!$J:$J,'0.KQKD'!$E45,'10. 170KMP'!W:W) -> 0 | R45: =SUMIF('10. 170KMP'!$J:$J,'0.KQKD'!$E45,'10. 170KMP'!X:X) -> 0 | S45: =SUMIF('10. 170KMP'!$J:$J,'0.KQKD'!$E45,'10. 170KMP'!Y:Y) -> 0 | T45: =SUMIF('10. 170KMP'!$J:$J,'0.KQKD'!$E45,'10. 170KMP'!Z:Z) -> 0 | U45: =SUM(I45:T45) -> 0 | V45: =SUMIF('10. 170KMP'!$J:$J,'0.KQKD'!$E45,'10. 170KMP'!AB:AB) -> 36000000 | W45: =SUMIF('10. 170KMP'!$J:$J,'0.KQKD'!$E45,'10. 170KMP'!AC:AC) -> 36000000 | X45: =SUMIF('10. 170KMP'!$J:$J,'0.KQKD'!$E45,'10. 170KMP'!AD:AD) -> 36000000 | Y45: =SUMIF('10. 170KMP'!$J:$J,'0.KQKD'!$E45,'10. 170KMP'!AE:AE) -> 36000000 | Z45: =SUMIF('10. 170KMP'!$J:$J,'0.KQKD'!$E45,'10. 170KMP'!AF:AF) -> 36000000 | AA45: =SUMIF('10. 170KMP'!$J:$J,'0.KQKD'!$E45,'10. 170KMP'!AG:AG) -> 36000000 | AB45: =SUMIF('10. 170KMP'!$J:$J,'0.KQKD'!$E45,'10. 170KMP'!AH:AH) -> 36000000 | AC45: =SUMIF('10. 170KMP'!$J:$J,'0.KQKD'!$E45,'10. 170KMP'!AI:AI) -> 36000000 | AD45: =SUMIF('10. 170KMP'!$J:$J,'0.KQKD'!$E45,'10. 170KMP'!AJ:AJ) -> 36000000 | AE45: =SUMIF('10. 170KMP'!$J:$J,'0.KQKD'!$E45,'10. 170KMP'!AK:AK) -> 36000000 | AF45: =SUMIF('10. 170KMP'!$J:$J,'0.KQKD'!$E45,'10. 170KMP'!AL:AL) -> 36000000 | AG45: =SUMIF('10. 170KMP'!$J:$J,'0.KQKD'!$E45,'10. 170KMP'!AM:AM) -> 36000000 | AH45: =SUM(V45:AG45) -> 432000000 | AI45: =SUM(AJ45:AU45) -> 117000000 | AJ45: =SUMIF('10. 170KMP'!$J:$J,'0.KQKD'!$E45,'10. 170KMP'!AP:AP) -> 9000000 | AK45: =SUMIF('10. 170KMP'!$J:$J,'0.KQKD'!$E45,'10. 170KMP'!AQ:AQ) -> 27000000 | AL45: =SUMIF('10. 170KMP'!$J:$J,'0.KQKD'!$E45,'10. 170KMP'!AR:AR) -> 27000000 | AM45: =SUMIF('10. 170KMP'!$J:$J,'0.KQKD'!$E45,'10. 170KMP'!AS:AS) -> 27000000 | AN45: =SUMIF('10. 170KMP'!$J:$J,'0.KQKD'!$E45,'10. 170KMP'!AT:AT) -> 27000000 | AO45: =SUMIF('10. 170KMP'!$J:$J,'0.KQKD'!$E45,'10. 170KMP'!AU:AU) -> 0 | AP45: =SUMIF('10. 170KMP'!$J:$J,'0.KQKD'!$E45,'10. 170KMP'!AV:AV) -> 0 | AQ45: =SUMIF('10. 170KMP'!$J:$J,'0.KQKD'!$E45,'10. 170KMP'!AW:AW) -> 0 | AR45: =SUMIF('10. 170KMP'!$J:$J,'0.KQKD'!$E45,'10. 170KMP'!AX:AX) -> 0 | AS45: =SUMIF('10. 170KMP'!$J:$J,'0.KQKD'!$E45,'10. 170KMP'!AY:AY) -> 0 | AT45: =SUMIF('10. 170KMP'!$J:$J,'0.KQKD'!$E45,'10. 170KMP'!AZ:AZ) -> 0 | AU45: =SUMIF('10. 170KMP'!$J:$J,'0.KQKD'!$E45,'10. 170KMP'!BA:BA) -> 0 | AV45: =AM45 -> 27000000 | AW45: =AN45 -> 27000000 | AX45: =Z45 -> 36000000 | AY45: =IFERROR(AW45/AV45,0) -> 1 | AZ45: =IFERROR(AW45/AX45,0) -> 0.75 | BA45: =SUM(I45:M45) -> 0 | BB45: =SUM(AJ45:AN45) -> 117000000 | BC45: =SUM(V45:Z45) -> 180000000 | BD45: =IFERROR(BB45/BA45,0) -> 0 | BE45: =IFERROR(BB45/BC45,0) -> 0.65 | BF45: =IFERROR(BB45/AH45,0) -> 0.27083333
D46: Chi phí quảng cáo, hoạt động PR, sự kiện, giải thưởng | E46: 23 | F46: =SUMIF('10. 170KMP'!$J:$J,'0.KQKD'!$E46,'10. 170KMP'!L:L) -> 0 | G46: =SUMIF('10. 170KMP'!$J:$J,'0.KQKD'!$E46,'10. 170KMP'!M:M) -> 0 | H46: =SUMIF('10. 170KMP'!$J:$J,'0.KQKD'!$E46,'10. 170KMP'!N:N) -> 0 | I46: =SUMIF('10. 170KMP'!$J:$J,'0.KQKD'!$E46,'10. 170KMP'!O:O) -> 0 | J46: =SUMIF('10. 170KMP'!$J:$J,'0.KQKD'!$E46,'10. 170KMP'!P:P) -> 0 | K46: =SUMIF('10. 170KMP'!$J:$J,'0.KQKD'!$E46,'10. 170KMP'!Q:Q) -> 0 | L46: =SUMIF('10. 170KMP'!$J:$J,'0.KQKD'!$E46,'10. 170KMP'!R:R) -> 0 | M46: =SUMIF('10. 170KMP'!$J:$J,'0.KQKD'!$E46,'10. 170KMP'!S:S) -> 0 | N46: =SUMIF('10. 170KMP'!$J:$J,'0.KQKD'!$E46,'10. 170KMP'!T:T) -> 0 | O46: =SUMIF('10. 170KMP'!$J:$J,'0.KQKD'!$E46,'10. 170KMP'!U:U) -> 0 | P46: =SUMIF('10. 170KMP'!$J:$J,'0.KQKD'!$E46,'10. 170KMP'!V:V) -> 0 | Q46: =SUMIF('10. 170KMP'!$J:$J,'0.KQKD'!$E46,'10. 170KMP'!W:W) -> 0 | R46: =SUMIF('10. 170KMP'!$J:$J,'0.KQKD'!$E46,'10. 170KMP'!X:X) -> 0 | S46: =SUMIF('10. 170KMP'!$J:$J,'0.KQKD'!$E46,'10. 170KMP'!Y:Y) -> 0 | T46: =SUMIF('10. 170KMP'!$J:$J,'0.KQKD'!$E46,'10. 170KMP'!Z:Z) -> 0 | U46: =SUM(I46:T46) -> 0 | V46: =SUMIF('10. 170KMP'!$J:$J,'0.KQKD'!$E46,'10. 170KMP'!AB:AB) -> 0 | W46: =SUMIF('10. 170KMP'!$J:$J,'0.KQKD'!$E46,'10. 170KMP'!AC:AC) -> 0 | X46: =SUMIF('10. 170KMP'!$J:$J,'0.KQKD'!$E46,'10. 170KMP'!AD:AD) -> 0 | Y46: =SUMIF('10. 170KMP'!$J:$J,'0.KQKD'!$E46,'10. 170KMP'!AE:AE) -> 0 | Z46: =SUMIF('10. 170KMP'!$J:$J,'0.KQKD'!$E46,'10. 170KMP'!AF:AF) -> 0 | AA46: =SUMIF('10. 170KMP'!$J:$J,'0.KQKD'!$E46,'10. 170KMP'!AG:AG) -> 0 | AB46: =SUMIF('10. 170KMP'!$J:$J,'0.KQKD'!$E46,'10. 170KMP'!AH:AH) -> 0 | AC46: =SUMIF('10. 170KMP'!$J:$J,'0.KQKD'!$E46,'10. 170KMP'!AI:AI) -> 0 | AD46: =SUMIF('10. 170KMP'!$J:$J,'0.KQKD'!$E46,'10. 170KMP'!AJ:AJ) -> 0 | AE46: =SUMIF('10. 170KMP'!$J:$J,'0.KQKD'!$E46,'10. 170KMP'!AK:AK) -> 0 | AF46: =SUMIF('10. 170KMP'!$J:$J,'0.KQKD'!$E46,'10. 170KMP'!AL:AL) -> 0 | AG46: =SUMIF('10. 170KMP'!$J:$J,'0.KQKD'!$E46,'10. 170KMP'!AM:AM) -> 0 | AH46: =SUM(V46:AG46) -> 0 | AI46: =SUM(AJ46:AU46) -> 0 | AJ46: =SUMIF('10. 170KMP'!$J:$J,'0.KQKD'!$E46,'10. 170KMP'!AP:AP) -> 0 | AK46: =SUMIF('10. 170KMP'!$J:$J,'0.KQKD'!$E46,'10. 170KMP'!AQ:AQ) -> 0 | AL46: =SUMIF('10. 170KMP'!$J:$J,'0.KQKD'!$E46,'10. 170KMP'!AR:AR) -> 0 | AM46: =SUMIF('10. 170KMP'!$J:$J,'0.KQKD'!$E46,'10. 170KMP'!AS:AS) -> 0 | AN46: =SUMIF('10. 170KMP'!$J:$J,'0.KQKD'!$E46,'10. 170KMP'!AT:AT) -> 0 | AO46: =SUMIF('10. 170KMP'!$J:$J,'0.KQKD'!$E46,'10. 170KMP'!AU:AU) -> 0 | AP46: =SUMIF('10. 170KMP'!$J:$J,'0.KQKD'!$E46,'10. 170KMP'!AV:AV) -> 0 | AQ46: =SUMIF('10. 170KMP'!$J:$J,'0.KQKD'!$E46,'10. 170KMP'!AW:AW) -> 0 | AR46: =SUMIF('10. 170KMP'!$J:$J,'0.KQKD'!$E46,'10. 170KMP'!AX:AX) -> 0 | AS46: =SUMIF('10. 170KMP'!$J:$J,'0.KQKD'!$E46,'10. 170KMP'!AY:AY) -> 0 | AT46: =SUMIF('10. 170KMP'!$J:$J,'0.KQKD'!$E46,'10. 170KMP'!AZ:AZ) -> 0 | AU46: =SUMIF('10. 170KMP'!$J:$J,'0.KQKD'!$E46,'10. 170KMP'!BA:BA) -> 0 | AV46: =AM46 -> 0 | AW46: =AN46 -> 0 | AX46: =Z46 -> 0 | AY46: =IFERROR(AW46/AV46,0) -> 0 | AZ46: =IFERROR(AW46/AX46,0) -> 0 | BA46: =SUM(I46:M46) -> 0 | BB46: =SUM(AJ46:AN46) -> 0 | BC46: =SUM(V46:Z46) -> 0 | BD46: =IFERROR(BB46/BA46,0) -> 0 | BE46: =IFERROR(BB46/BC46,0) -> 0 | BF46: =IFERROR(BB46/AH46,0) -> 0
D47: Chi phí ủng hộ, hỗ trợ, tài trợ | E47: 24 | F47: =SUMIF('10. 170KMP'!$J:$J,'0.KQKD'!$E47,'10. 170KMP'!L:L) -> 0 | G47: =SUMIF('10. 170KMP'!$J:$J,'0.KQKD'!$E47,'10. 170KMP'!M:M) -> 0 | H47: =SUMIF('10. 170KMP'!$J:$J,'0.KQKD'!$E47,'10. 170KMP'!N:N) -> 0 | I47: =SUMIF('10. 170KMP'!$J:$J,'0.KQKD'!$E47,'10. 170KMP'!O:O) -> 0 | J47: =SUMIF('10. 170KMP'!$J:$J,'0.KQKD'!$E47,'10. 170KMP'!P:P) -> 0 | K47: =SUMIF('10. 170KMP'!$J:$J,'0.KQKD'!$E47,'10. 170KMP'!Q:Q) -> 0 | L47: =SUMIF('10. 170KMP'!$J:$J,'0.KQKD'!$E47,'10. 170KMP'!R:R) -> 0 | M47: =SUMIF('10. 170KMP'!$J:$J,'0.KQKD'!$E47,'10. 170KMP'!S:S) -> 0 | N47: =SUMIF('10. 170KMP'!$J:$J,'0.KQKD'!$E47,'10. 170KMP'!T:T) -> 0 | O47: =SUMIF('10. 170KMP'!$J:$J,'0.KQKD'!$E47,'10. 170KMP'!U:U) -> 0 | P47: =SUMIF('10. 170KMP'!$J:$J,'0.KQKD'!$E47,'10. 170KMP'!V:V) -> 0 | Q47: =SUMIF('10. 170KMP'!$J:$J,'0.KQKD'!$E47,'10. 170KMP'!W:W) -> 0 | R47: =SUMIF('10. 170KMP'!$J:$J,'0.KQKD'!$E47,'10. 170KMP'!X:X) -> 0 | S47: =SUMIF('10. 170KMP'!$J:$J,'0.KQKD'!$E47,'10. 170KMP'!Y:Y) -> 0 | T47: =SUMIF('10. 170KMP'!$J:$J,'0.KQKD'!$E47,'10. 170KMP'!Z:Z) -> 0 | U47: =SUM(I47:T47) -> 0 | V47: =SUMIF('10. 170KMP'!$J:$J,'0.KQKD'!$E47,'10. 170KMP'!AB:AB) -> 0 | W47: =SUMIF('10. 170KMP'!$J:$J,'0.KQKD'!$E47,'10. 170KMP'!AC:AC) -> 0 | X47: =SUMIF('10. 170KMP'!$J:$J,'0.KQKD'!$E47,'10. 170KMP'!AD:AD) -> 0 | Y47: =SUMIF('10. 170KMP'!$J:$J,'0.KQKD'!$E47,'10. 170KMP'!AE:AE) -> 0 | Z47: =SUMIF('10. 170KMP'!$J:$J,'0.KQKD'!$E47,'10. 170KMP'!AF:AF) -> 0 | AA47: =SUMIF('10. 170KMP'!$J:$J,'0.KQKD'!$E47,'10. 170KMP'!AG:AG) -> 0 | AB47: =SUMIF('10. 170KMP'!$J:$J,'0.KQKD'!$E47,'10. 170KMP'!AH:AH) -> 0 | AC47: =SUMIF('10. 170KMP'!$J:$J,'0.KQKD'!$E47,'10. 170KMP'!AI:AI) -> 0 | AD47: =SUMIF('10. 170KMP'!$J:$J,'0.KQKD'!$E47,'10. 170KMP'!AJ:AJ) -> 0 | AE47: =SUMIF('10. 170KMP'!$J:$J,'0.KQKD'!$E47,'10. 170KMP'!AK:AK) -> 0 | AF47: =SUMIF('10. 170KMP'!$J:$J,'0.KQKD'!$E47,'10. 170KMP'!AL:AL) -> 0 | AG47: =SUMIF('10. 170KMP'!$J:$J,'0.KQKD'!$E47,'10. 170KMP'!AM:AM) -> 0 | AH47: =SUM(V47:AG47) -> 0 | AI47: =SUM(AJ47:AU47) -> 0 | AJ47: =SUMIF('10. 170KMP'!$J:$J,'0.KQKD'!$E47,'10. 170KMP'!AP:AP) -> 0 | AK47: =SUMIF('10. 170KMP'!$J:$J,'0.KQKD'!$E47,'10. 170KMP'!AQ:AQ) -> 0 | AL47: =SUMIF('10. 170KMP'!$J:$J,'0.KQKD'!$E47,'10. 170KMP'!AR:AR) -> 0 | AM47: =SUMIF('10. 170KMP'!$J:$J,'0.KQKD'!$E47,'10. 170KMP'!AS:AS) -> 0 | AN47: =SUMIF('10. 170KMP'!$J:$J,'0.KQKD'!$E47,'10. 170KMP'!AT:AT) -> 0 | AO47: =SUMIF('10. 170KMP'!$J:$J,'0.KQKD'!$E47,'10. 170KMP'!AU:AU) -> 0 | AP47: =SUMIF('10. 170KMP'!$J:$J,'0.KQKD'!$E47,'10. 170KMP'!AV:AV) -> 0 | AQ47: =SUMIF('10. 170KMP'!$J:$J,'0.KQKD'!$E47,'10. 170KMP'!AW:AW) -> 0 | AR47: =SUMIF('10. 170KMP'!$J:$J,'0.KQKD'!$E47,'10. 170KMP'!AX:AX) -> 0 | AS47: =SUMIF('10. 170KMP'!$J:$J,'0.KQKD'!$E47,'10. 170KMP'!AY:AY) -> 0 | AT47: =SUMIF('10. 170KMP'!$J:$J,'0.KQKD'!$E47,'10. 170KMP'!AZ:AZ) -> 0 | AU47: =SUMIF('10. 170KMP'!$J:$J,'0.KQKD'!$E47,'10. 170KMP'!BA:BA) -> 0 | AV47: =AM47 -> 0 | AW47: =AN47 -> 0 | AX47: =Z47 -> 0 | AY47: =IFERROR(AW47/AV47,0) -> 0 | AZ47: =IFERROR(AW47/AX47,0) -> 0 | BA47: =SUM(I47:M47) -> 0 | BB47: =SUM(AJ47:AN47) -> 0 | BC47: =SUM(V47:Z47) -> 0 | BD47: =IFERROR(BB47/BA47,0) -> 0 | BE47: =IFERROR(BB47/BC47,0) -> 0 | BF47: =IFERROR(BB47/AH47,0) -> 0
... D60: Chi phí khác | E60: 37 | F60: =SUMIF('10. 170KMP'!$J:$J,'0.KQKD'!$E60,'10. 170KMP'!L:L) -> 0 | G60: =SUMIF('10. 170KMP'!$J:$J,'0.KQKD'!$E60,'10. 170KMP'!M:M) -> 0 | H60: =SUMIF('10. 170KMP'!$J:$J,'0.KQKD'!$E60,'10. 170KMP'!N:N) -> 0 | I60: =SUMIF('10. 170KMP'!$J:$J,'0.KQKD'!$E60,'10. 170KMP'!O:O) -> 0 | J60: =SUMIF('10. 170KMP'!$J:$J,'0.KQKD'!$E60,'10. 170KMP'!P:P) -> 0 | K60: =SUMIF('10. 170KMP'!$J:$J,'0.KQKD'!$E60,'10. 170KMP'!Q:Q) -> 0 | L60: =SUMIF('10. 170KMP'!$J:$J,'0.KQKD'!$E60,'10. 170KMP'!R:R) -> 0 | M60: =SUMIF('10. 170KMP'!$J:$J,'0.KQKD'!$E60,'10. 170KMP'!S:S) -> 0 | N60: =SUMIF('10. 170KMP'!$J:$J,'0.KQKD'!$E60,'10. 170KMP'!T:T) -> 0 | O60: =SUMIF('10. 170KMP'!$J:$J,'0.KQKD'!$E60,'10. 170KMP'!U:U) -> 0 | P60: =SUMIF('10. 170KMP'!$J:$J,'0.KQKD'!$E60,'10. 170KMP'!V:V) -> 0 | Q60: =SUMIF('10. 170KMP'!$J:$J,'0.KQKD'!$E60,'10. 170KMP'!W:W) -> 0 | R60: =SUMIF('10. 170KMP'!$J:$J,'0.KQKD'!$E60,'10. 170KMP'!X:X) -> 0 | S60: =SUMIF('10. 170KMP'!$J:$J,'0.KQKD'!$E60,'10. 170KMP'!Y:Y) -> 0 | T60: =SUMIF('10. 170KMP'!$J:$J,'0.KQKD'!$E60,'10. 170KMP'!Z:Z) -> 0 | U60: =SUM(I60:T60) -> 0 | V60: =SUMIF('10. 170KMP'!$J:$J,'0.KQKD'!$E60,'10. 170KMP'!AB:AB) -> 17698334 | W60: =SUMIF('10. 170KMP'!$J:$J,'0.KQKD'!$E60,'10. 170KMP'!AC:AC) -> 15698334 | X60: =SUMIF('10. 170KMP'!$J:$J,'0.KQKD'!$E60,'10. 170KMP'!AD:AD) -> 26291667 | Y60: =SUMIF('10. 170KMP'!$J:$J,'0.KQKD'!$E60,'10. 170KMP'!AE:AE) -> 15291667 | Z60: =SUMIF('10. 170KMP'!$J:$J,'0.KQKD'!$E60,'10. 170KMP'!AF:AF) -> 15291667 | AA60: =SUMIF('10. 170KMP'!$J:$J,'0.KQKD'!$E60,'10. 170KMP'!AG:AG) -> 15291667 | AB60: =SUMIF('10. 170KMP'!$J:$J,'0.KQKD'!$E60,'10. 170KMP'!AH:AH) -> 15291667 | AC60: =SUMIF('10. 170KMP'!$J:$J,'0.KQKD'!$E60,'10. 170KMP'!AI:AI) -> 16791667 | AD60: =SUMIF('10. 170KMP'!$J:$J,'0.KQKD'!$E60,'10. 170KMP'!AJ:AJ) -> 15291667 | AE60: =SUMIF('10. 170KMP'!$J:$J,'0.KQKD'!$E60,'10. 170KMP'!AK:AK) -> 15291667 | AF60: =SUMIF('10. 170KMP'!$J:$J,'0.KQKD'!$E60,'10. 170KMP'!AL:AL) -> 15291667 | AG60: =SUMIF('10. 170KMP'!$J:$J,'0.KQKD'!$E60,'10. 170KMP'!AM:AM) -> 17152635 | AH60: =SUM(V60:AG60) -> 2.006743e+08 | AI60: =SUM(AJ60:AU60) -> 1234467506 | AJ60: =SUMIF('10. 170KMP'!$J:$J,'0.KQKD'!$E60,'10. 170KMP'!AP:AP) -> 406667 | AK60: =SUMIF('10. 170KMP'!$J:$J,'0.KQKD'!$E60,'10. 170KMP'!AQ:AQ) -> 374219449 | AL60: =SUMIF('10. 170KMP'!$J:$J,'0.KQKD'!$E60,'10. 170KMP'!AR:AR) -> 214944790 | AM60: =SUMIF('10. 170KMP'!$J:$J,'0.KQKD'!$E60,'10. 170KMP'!AS:AS) -> 435367300 | AN60: =SUMIF('10. 170KMP'!$J:$J,'0.KQKD'!$E60,'10. 170KMP'!AT:AT) -> 209529300 | AO60: =SUMIF('10. 170KMP'!$J:$J,'0.KQKD'!$E60,'10. 170KMP'!AU:AU) -> 0 | AP60: =SUMIF('10. 170KMP'!$J:$J,'0.KQKD'!$E60,'10. 170KMP'!AV:AV) -> 0 | AQ60: =SUMIF('10. 170KMP'!$J:$J,'0.KQKD'!$E60,'10. 170KMP'!AW:AW) -> 0 | AR60: =SUMIF('10. 170KMP'!$J:$J,'0.KQKD'!$E60,'10. 170KMP'!AX:AX) -> 0 | AS60: =SUMIF('10. 170KMP'!$J:$J,'0.KQKD'!$E60,'10. 170KMP'!AY:AY) -> 0 | AT60: =SUMIF('10. 170KMP'!$J:$J,'0.KQKD'!$E60,'10. 170KMP'!AZ:AZ) -> 0 | AU60: =SUMIF('10. 170KMP'!$J:$J,'0.KQKD'!$E60,'10. 170KMP'!BA:BA) -> 0 | AV60: =AM60 -> 435367300 | AW60: =AN60 -> 209529300 | AX60: =Z60 -> 15291667 | AY60: =IFERROR(AW60/AV60,0) -> 0.48127018 | AZ60: =IFERROR(AW60/AX60,0) -> 13.702189 | BA60: =SUM(I60:M60) -> 0 | BB60: =SUM(AJ60:AN60) -> 1234467506 | BC60: =SUM(V60:Z60) -> 90271667 | BD60: =IFERROR(BB60/BA60,0) -> 0 | BE60: =IFERROR(BB60/BC60,0) -> 13.675027 | BF60: =IFERROR(BB60/AH60,0) -> 6.1515974
B61: 5.2 | C61: Chi phí nhân sự | E61: 38 | F61: =SUMIF('10. 170KMP'!$J:$J,'0.KQKD'!$E61,'10. 170KMP'!L:L) -> 0 | G61: =SUMIF('10. 170KMP'!$J:$J,'0.KQKD'!$E61,'10. 170KMP'!M:M) -> 0 | H61: =SUMIF('10. 170KMP'!$J:$J,'0.KQKD'!$E61,'10. 170KMP'!N:N) -> 0 | I61: =SUMIF('10. 170KMP'!$J:$J,'0.KQKD'!$E61,'10. 170KMP'!O:O) -> 0 | J61: =SUMIF('10. 170KMP'!$J:$J,'0.KQKD'!$E61,'10. 170KMP'!P:P) -> 0 | K61: =SUMIF('10. 170KMP'!$J:$J,'0.KQKD'!$E61,'10. 170KMP'!Q:Q) -> 0 | L61: =SUMIF('10. 170KMP'!$J:$J,'0.KQKD'!$E61,'10. 170KMP'!R:R) -> 0 | M61: =SUMIF('10. 170KMP'!$J:$J,'0.KQKD'!$E61,'10. 170KMP'!S:S) -> 0 | N61: =SUMIF('10. 170KMP'!$J:$J,'0.KQKD'!$E61,'10. 170KMP'!T:T) -> 0 | O61: =SUMIF('10. 170KMP'!$J:$J,'0.KQKD'!$E61,'10. 170KMP'!U:U) -> 0 | P61: =SUMIF('10. 170KMP'!$J:$J,'0.KQKD'!$E61,'10. 170KMP'!V:V) -> 0 | Q61: =SUMIF('10. 170KMP'!$J:$J,'0.KQKD'!$E61,'10. 170KMP'!W:W) -> 0 | R61: =SUMIF('10. 170KMP'!$J:$J,'0.KQKD'!$E61,'10. 170KMP'!X:X) -> 0 | S61: =SUMIF('10. 170KMP'!$J:$J,'0.KQKD'!$E61,'10. 170KMP'!Y:Y) -> 0 | T61: =SUMIF('10. 170KMP'!$J:$J,'0.KQKD'!$E61,'10. 170KMP'!Z:Z) -> 0 | U61: =SUM(I61:T61) -> 0 | V61: =SUMIF('10. 170KMP'!$J:$J,'0.KQKD'!$E61,'10. 170KMP'!AB:AB) -> 1.4289785e+09 | W61: =SUMIF('10. 170KMP'!$J:$J,'0.KQKD'!$E61,'10. 170KMP'!AC:AC) -> 1.1994824e+09 | X61: =SUMIF('10. 170KMP'!$J:$J,'0.KQKD'!$E61,'10. 170KMP'!AD:AD) -> 1.4342178e+09 | Y61: =SUMIF('10. 170KMP'!$J:$J,'0.KQKD'!$E61,'10. 170KMP'!AE:AE) -> 1.4726515e+09 | Z61: =SUMIF('10. 170KMP'!$J:$J,'0.KQKD'!$E61,'10. 170KMP'!AF:AF) -> 1.4568285e+09 | AA61: =SUMIF('10. 170KMP'!$J:$J,'0.KQKD'!$E61,'10. 170KMP'!AG:AG) -> 1.6580757e+09 | AB61: =SUMIF('10. 170KMP'!$J:$J,'0.KQKD'!$E61,'10. 170KMP'!AH:AH) -> 1.5041374e+09 | AC61: =SUMIF('10. 170KMP'!$J:$J,'0.KQKD'!$E61,'10. 170KMP'!AI:AI) -> 1.5041374e+09 | AD61: =SUMIF('10. 170KMP'!$J:$J,'0.KQKD'!$E61,'10. 170KMP'!AJ:AJ) -> 1.4516779e+09 | AE61: =SUMIF('10. 170KMP'!$J:$J,'0.KQKD'!$E61,'10. 170KMP'!AK:AK) -> 1.5278318e+09 | AF61: =SUMIF('10. 170KMP'!$J:$J,'0.KQKD'!$E61,'10. 170KMP'!AL:AL) -> 1.558697e+09 | AG61: =SUMIF('10. 170KMP'!$J:$J,'0.KQKD'!$E61,'10. 170KMP'!AM:AM) -> 1.5337687e+09 | AH61: =SUM(V61:AG61) -> 1.7730485e+10 | AI61: =SUM(AJ61:AU61) -> 6546201377 | AJ61: =SUMIF('10. 170KMP'!$J:$J,'0.KQKD'!$E61,'10. 170KMP'!AP:AP) -> 1402508508 | AK61: =SUMIF('10. 170KMP'!$J:$J,'0.KQKD'!$E61,'10. 170KMP'!AQ:AQ) -> 1314629614 | AL61: =SUMIF('10. 170KMP'!$J:$J,'0.KQKD'!$E61,'10. 170KMP'!AR:AR) -> 1281666691 | AM61: =SUMIF('10. 170KMP'!$J:$J,'0.KQKD'!$E61,'10. 170KMP'!AS:AS) -> 1396220341 | AN61: =SUMIF('10. 170KMP'!$J:$J,'0.KQKD'!$E61,'10. 170KMP'!AT:AT) -> 1151176223 | AO61: =SUMIF('10. 170KMP'!$J:$J,'0.KQKD'!$E61,'10. 170KMP'!AU:AU) -> 0 | AP61: =SUMIF('10. 170KMP'!$J:$J,'0.KQKD'!$E61,'10. 170KMP'!AV:AV) -> 0 | AQ61: =SUMIF('10. 170KMP'!$J:$J,'0.KQKD'!$E61,'10. 170KMP'!AW:AW) -> 0 | AR61: =SUMIF('10. 170KMP'!$J:$J,'0.KQKD'!$E61,'10. 170KMP'!AX:AX) -> 0 | AS61: =SUMIF('10. 170KMP'!$J:$J,'0.KQKD'!$E61,'10. 170KMP'!AY:AY) -> 0 | AT61: =SUMIF('10. 170KMP'!$J:$J,'0.KQKD'!$E61,'10. 170KMP'!AZ:AZ) -> 0 | AU61: =SUMIF('10. 170KMP'!$J:$J,'0.KQKD'!$E61,'10. 170KMP'!BA:BA) -> 0 | AV61: =AM61 -> 1396220341 | AW61: =AN61 -> 1151176223 | AX61: =Z61 -> 1.4568285e+09 | AY61: =IFERROR(AW61/AV61,0) -> 0.82449467 | AZ61: =IFERROR(AW61/AX61,0) -> 0.79019336 | BA61: =SUM(I61:M61) -> 0 | BB61: =SUM(AJ61:AN61) -> 6546201377 | BC61: =SUM(V61:Z61) -> 6.9921588e+09 | BD61: =IFERROR(BB61/BA61,0) -> 0 | BE61: =IFERROR(BB61/BC61,0) -> 0.93622036 | BF61: =IFERROR(BB61/AH61,0) -> 0.369206
D62: (%) Chi phí nhân sự / Doanh thu | F62: =IFERROR(F61/F$5,0) -> 0 | G62: =IFERROR(G61/G$5,0) -> 0 | H62: =IFERROR(H61/H$5,0) -> 0 | I62: =IFERROR(I61/I$5,0) -> 0 | J62: =IFERROR(J61/J$5,0) -> 0 | K62: =IFERROR(K61/K$5,0) -> 0 | L62: =IFERROR(L61/L$5,0) -> 0 | M62: =IFERROR(M61/M$5,0) -> 0 | ... AX62: =IFERROR(AX61/AX$5,0) -> 0.091198199 | AY62: =IFERROR(AW62/AV62,0) -> 0.90307069 | AZ62: =IFERROR(AW62/AX62,0) -> 0.96035725 | BA62: =IFERROR(BA61/BA$5,0) -> 0 | BB62: =IFERROR(BB61/BB$5,0) -> 0.1051663 | BC62: =IFERROR(BC61/BC$5,0) -> 0.10721734 | BD62: =IFERROR(BB62/BA62,0) -> 0 | BE62: =IFERROR(BB62/BC62,0) -> 0.98087023 | BF62: =IFERROR(BB62/AH62,0) -> 1.0742639
B63: 5.3 | C63: Chi phí tài chính | E63: 39 | F63: =SUMIF('10. 170KMP'!$J:$J,'0.KQKD'!$E63,'10. 170KMP'!L:L) -> 0 | G63: =SUMIF('10. 170KMP'!$J:$J,'0.KQKD'!$E63,'10. 170KMP'!M:M) -> 0 | H63: =SUMIF('10. 170KMP'!$J:$J,'0.KQKD'!$E63,'10. 170KMP'!N:N) -> 0 | I63: =SUMIF('10. 170KMP'!$J:$J,'0.KQKD'!$E63,'10. 170KMP'!O:O) -> 0 | J63: =SUMIF('10. 170KMP'!$J:$J,'0.KQKD'!$E63,'10. 170KMP'!P:P) -> 0 | K63: =SUMIF('10. 170KMP'!$J:$J,'0.KQKD'!$E63,'10. 170KMP'!Q:Q) -> 0 | L63: =SUMIF('10. 170KMP'!$J:$J,'0.KQKD'!$E63,'10. 170KMP'!R:R) -> 0 | M63: =SUMIF('10. 170KMP'!$J:$J,'0.KQKD'!$E63,'10. 170KMP'!S:S) -> 0 | N63: =SUMIF('10. 170KMP'!$J:$J,'0.KQKD'!$E63,'10. 170KMP'!T:T) -> 0 | O63: =SUMIF('10. 170KMP'!$J:$J,'0.KQKD'!$E63,'10. 170KMP'!U:U) -> 0 | P63: =SUMIF('10. 170KMP'!$J:$J,'0.KQKD'!$E63,'10. 170KMP'!V:V) -> 0 | Q63: =SUMIF('10. 170KMP'!$J:$J,'0.KQKD'!$E63,'10. 170KMP'!W:W) -> 0 | R63: =SUMIF('10. 170KMP'!$J:$J,'0.KQKD'!$E63,'10. 170KMP'!X:X) -> 0 | S63: =SUMIF('10. 170KMP'!$J:$J,'0.KQKD'!$E63,'10. 170KMP'!Y:Y) -> 0 | T63: =SUMIF('10. 170KMP'!$J:$J,'0.KQKD'!$E63,'10. 170KMP'!Z:Z) -> 0 | U63: =SUM(I63:T63) -> 0 | V63: =SUMIF('10. 170KMP'!$J:$J,'0.KQKD'!$E63,'10. 170KMP'!AB:AB) -> 700000 | W63: =SUMIF('10. 170KMP'!$J:$J,'0.KQKD'!$E63,'10. 170KMP'!AC:AC) -> 700000 | X63: =SUMIF('10. 170KMP'!$J:$J,'0.KQKD'!$E63,'10. 170KMP'!AD:AD) -> 700000 | Y63: =SUMIF('10. 170KMP'!$J:$J,'0.KQKD'!$E63,'10. 170KMP'!AE:AE) -> 700000 | Z63: =SUMIF('10. 170KMP'!$J:$J,'0.KQKD'!$E63,'10. 170KMP'!AF:AF) -> 700000 | AA63: =SUMIF('10. 170KMP'!$J:$J,'0.KQKD'!$E63,'10. 170KMP'!AG:AG) -> 700000 | AB63: =SUMIF('10. 170KMP'!$J:$J,'0.KQKD'!$E63,'10. 170KMP'!AH:AH) -> 700000 | AC63: =SUMIF('10. 170KMP'!$J:$J,'0.KQKD'!$E63,'10. 170KMP'!AI:AI) -> 700000 | AD63: =SUMIF('10. 170KMP'!$J:$J,'0.KQKD'!$E63,'10. 170KMP'!AJ:AJ) -> 700000 | AE63: =SUMIF('10. 170KMP'!$J:$J,'0.KQKD'!$E63,'10. 170KMP'!AK:AK) -> 700000 | AF63: =SUMIF('10. 170KMP'!$J:$J,'0.KQKD'!$E63,'10. 170KMP'!AL:AL) -> 700000 | AG63: =SUMIF('10. 170KMP'!$J:$J,'0.KQKD'!$E63,'10. 170KMP'!AM:AM) -> 700000 | AH63: =SUM(V63:AG63) -> 8400000 | AI63: =SUM(AJ63:AU63) -> 23188576 | AJ63: =SUMIF('10. 170KMP'!$J:$J,'0.KQKD'!$E63,'10. 170KMP'!AP:AP) -> 7327109 | AK63: =SUMIF('10. 170KMP'!$J:$J,'0.KQKD'!$E63,'10. 170KMP'!AQ:AQ) -> 10485372 | AL63: =SUMIF('10. 170KMP'!$J:$J,'0.KQKD'!$E63,'10. 170KMP'!AR:AR) -> 1167109 | AM63: =SUMIF('10. 170KMP'!$J:$J,'0.KQKD'!$E63,'10. 170KMP'!AS:AS) -> 2655321 | AN63: =SUMIF('10. 170KMP'!$J:$J,'0.KQKD'!$E63,'10. 170KMP'!AT:AT) -> 1553665 | AO63: =SUMIF('10. 170KMP'!$J:$J,'0.KQKD'!$E63,'10. 170KMP'!AU:AU) -> 0 | AP63: =SUMIF('10. 170KMP'!$J:$J,'0.KQKD'!$E63,'10. 170KMP'!AV:AV) -> 0 | AQ63: =SUMIF('10. 170KMP'!$J:$J,'0.KQKD'!$E63,'10. 170KMP'!AW:AW) -> 0 | AR63: =SUMIF('10. 170KMP'!$J:$J,'0.KQKD'!$E63,'10. 170KMP'!AX:AX) -> 0 | AS63: =SUMIF('10. 170KMP'!$J:$J,'0.KQKD'!$E63,'10. 170KMP'!AY:AY) -> 0 | AT63: =SUMIF('10. 170KMP'!$J:$J,'0.KQKD'!$E63,'10. 170KMP'!AZ:AZ) -> 0 | AU63: =SUMIF('10. 170KMP'!$J:$J,'0.KQKD'!$E63,'10. 170KMP'!BA:BA) -> 0 | AV63: =AM63 -> 2655321 | AW63: =AN63 -> 1553665 | AX63: =Z63 -> 700000 | AY63: =IFERROR(AW63/AV63,0) -> 0.58511381 | AZ63: =IFERROR(AW63/AX63,0) -> 2.2195214 | BA63: =SUM(I63:M63) -> 0 | BB63: =SUM(AJ63:AN63) -> 23188576 | BC63: =SUM(V63:Z63) -> 3500000 | BD63: =IFERROR(BB63/BA63,0) -> 0 | BE63: =IFERROR(BB63/BC63,0) -> 6.6253074 | BF63: =IFERROR(BB63/AH63,0) -> 2.7605448
D64: (%) Doanh thu tài chính / Doanh thu | F64: =IFERROR(F63/F$5,0) -> 0 | G64: =IFERROR(G63/G$5,0) -> 0 | H64: =IFERROR(H63/H$5,0) -> 0 | I64: =IFERROR(I63/I$5,0) -> 0 | J64: =IFERROR(J63/J$5,0) -> 0 | K64: =IFERROR(K63/K$5,0) -> 0 | L64: =IFERROR(L63/L$5,0) -> 0 | M64: =IFERROR(M63/M$5,0) -> 0 | ... AX64: =IFERROR(AX63/AX$5,0) -> 4.3820352e-05 | AY64: =IFERROR(AW64/AV64,0) -> 0.64087635 | AZ64: =IFERROR(AW64/AX64,0) -> 2.6974834 | BA64: =IFERROR(BA63/BA$5,0) -> 0 | BB64: =IFERROR(BB63/BB$5,0) -> 0.00037253004 | BC64: =IFERROR(BC63/BC$5,0) -> 5.3668789e-05 | BD64: =IFERROR(BB64/BA64,0) -> 0 | BE64: =IFERROR(BB64/BC64,0) -> 6.9412791 | BF64: =IFERROR(BB64/AH64,0) -> 8.0322466
B65: 5.4 | C65: Chi phí khấu hao | E65: 40 | F65: =SUMIF('10. 170KMP'!$J:$J,'0.KQKD'!$E65,'10. 170KMP'!L:L) -> 0 | G65: =SUMIF('10. 170KMP'!$J:$J,'0.KQKD'!$E65,'10. 170KMP'!M:M) -> 0 | H65: =SUMIF('10. 170KMP'!$J:$J,'0.KQKD'!$E65,'10. 170KMP'!N:N) -> 0 | I65: =SUMIF('10. 170KMP'!$J:$J,'0.KQKD'!$E65,'10. 170KMP'!O:O) -> 0 | J65: =SUMIF('10. 170KMP'!$J:$J,'0.KQKD'!$E65,'10. 170KMP'!P:P) -> 0 | K65: =SUMIF('10. 170KMP'!$J:$J,'0.KQKD'!$E65,'10. 170KMP'!Q:Q) -> 0 | L65: =SUMIF('10. 170KMP'!$J:$J,'0.KQKD'!$E65,'10. 170KMP'!R:R) -> 0 | M65: =SUMIF('10. 170KMP'!$J:$J,'0.KQKD'!$E65,'10. 170KMP'!S:S) -> 0 | N65: =SUMIF('10. 170KMP'!$J:$J,'0.KQKD'!$E65,'10. 170KMP'!T:T) -> 0 | O65: =SUMIF('10. 170KMP'!$J:$J,'0.KQKD'!$E65,'10. 170KMP'!U:U) -> 0 | P65: =SUMIF('10. 170KMP'!$J:$J,'0.KQKD'!$E65,'10. 170KMP'!V:V) -> 0 | Q65: =SUMIF('10. 170KMP'!$J:$J,'0.KQKD'!$E65,'10. 170KMP'!W:W) -> 0 | R65: =SUMIF('10. 170KMP'!$J:$J,'0.KQKD'!$E65,'10. 170KMP'!X:X) -> 0 | S65: =SUMIF('10. 170KMP'!$J:$J,'0.KQKD'!$E65,'10. 170KMP'!Y:Y) -> 0 | T65: =SUMIF('10. 170KMP'!$J:$J,'0.KQKD'!$E65,'10. 170KMP'!Z:Z) -> 0 | U65: =SUM(I65:T65) -> 0 | V65: =SUMIF('10. 170KMP'!$J:$J,'0.KQKD'!$E65,'10. 170KMP'!AB:AB) -> 3.8012808e+08 | W65: =SUMIF('10. 170KMP'!$J:$J,'0.KQKD'!$E65,'10. 170KMP'!AC:AC) -> 3.8012808e+08 | X65: =SUMIF('10. 170KMP'!$J:$J,'0.KQKD'!$E65,'10. 170KMP'!AD:AD) -> 3.7756444e+08 | Y65: =SUMIF('10. 170KMP'!$J:$J,'0.KQKD'!$E65,'10. 170KMP'!AE:AE) -> 3.7756444e+08 | Z65: =SUMIF('10. 170KMP'!$J:$J,'0.KQKD'!$E65,'10. 170KMP'!AF:AF) -> 3.7756444e+08 | AA65: =SUMIF('10. 170KMP'!$J:$J,'0.KQKD'!$E65,'10. 170KMP'!AG:AG) -> 3.7756444e+08 | AB65: =SUMIF('10. 170KMP'!$J:$J,'0.KQKD'!$E65,'10. 170KMP'!AH:AH) -> 3.7756444e+08 | AC65: =SUMIF('10. 170KMP'!$J:$J,'0.KQKD'!$E65,'10. 170KMP'!AI:AI) -> 3.7756444e+08 | AD65: =SUMIF('10. 170KMP'!$J:$J,'0.KQKD'!$E65,'10. 170KMP'!AJ:AJ) -> 3.7756444e+08 | AE65: =SUMIF('10. 170KMP'!$J:$J,'0.KQKD'!$E65,'10. 170KMP'!AK:AK) -> 3.9492555e+08 | AF65: =SUMIF('10. 170KMP'!$J:$J,'0.KQKD'!$E65,'10. 170KMP'!AL:AL) -> 3.9492555e+08 | AG65: =SUMIF('10. 170KMP'!$J:$J,'0.KQKD'!$E65,'10. 170KMP'!AM:AM) -> 3.9492555e+08 | AH65: =SUM(V65:AG65) -> 4.5879839e+09 | AI65: =SUM(AJ65:AU65) -> 1805062616 | AJ65: =SUMIF('10. 170KMP'!$J:$J,'0.KQKD'!$E65,'10. 170KMP'!AP:AP) -> 359209321 | AK65: =SUMIF('10. 170KMP'!$J:$J,'0.KQKD'!$E65,'10. 170KMP'!AQ:AQ) -> 361625637 | AL65: =SUMIF('10. 170KMP'!$J:$J,'0.KQKD'!$E65,'10. 170KMP'!AR:AR) -> 359061994 | AM65: =SUMIF('10. 170KMP'!$J:$J,'0.KQKD'!$E65,'10. 170KMP'!AS:AS) -> 362582828 | AN65: =SUMIF('10. 170KMP'!$J:$J,'0.KQKD'!$E65,'10. 170KMP'!AT:AT) -> 362582836 | AO65: =SUMIF('10. 170KMP'!$J:$J,'0.KQKD'!$E65,'10. 170KMP'!AU:AU) -> 0 | AP65: =SUMIF('10. 170KMP'!$J:$J,'0.KQKD'!$E65,'10. 170KMP'!AV:AV) -> 0 | AQ65: =SUMIF('10. 170KMP'!$J:$J,'0.KQKD'!$E65,'10. 170KMP'!AW:AW) -> 0 | AR65: =SUMIF('10. 170KMP'!$J:$J,'0.KQKD'!$E65,'10. 170KMP'!AX:AX) -> 0 | AS65: =SUMIF('10. 170KMP'!$J:$J,'0.KQKD'!$E65,'10. 170KMP'!AY:AY) -> 0 | AT65: =SUMIF('10. 170KMP'!$J:$J,'0.KQKD'!$E65,'10. 170KMP'!AZ:AZ) -> 0 | AU65: =SUMIF('10. 170KMP'!$J:$J,'0.KQKD'!$E65,'10. 170KMP'!BA:BA) -> 0 | AV65: =AM65 -> 362582828 | AW65: =AN65 -> 362582836 | AX65: =Z65 -> 3.7756444e+08 | AY65: =IFERROR(AW65/AV65,0) -> 1 | AZ65: =IFERROR(AW65/AX65,0) -> 0.9603204 | BA65: =SUM(I65:M65) -> 0 | BB65: =SUM(AJ65:AN65) -> 1805062616 | BC65: =SUM(V65:Z65) -> 1.8929495e+09 | BD65: =IFERROR(BB65/BA65,0) -> 0 | BE65: =IFERROR(BB65/BC65,0) -> 0.95357147 | BF65: =IFERROR(BB65/AH65,0) -> 0.39343264
D66: Tổng Chi phí Khấu hao / Doanh thu (%) | F66: =IFERROR(F65/F$5,0) -> 0 | G66: =IFERROR(G65/G$5,0) -> 0 | H66: =IFERROR(H65/H$5,0) -> 0 | I66: =IFERROR(I65/I$5,0) -> 0 | J66: =IFERROR(J65/J$5,0) -> 0 | K66: =IFERROR(K65/K$5,0) -> 0 | L66: =IFERROR(L65/L$5,0) -> 0 | M66: =IFERROR(M65/M$5,0) -> 0 | ... AX66: =IFERROR(AX65/AX$5,0) -> 0.023635724 | AY66: =IFERROR(AW66/AV66,0) -> 1.0953021 | AZ66: =IFERROR(AW66/AX66,0) -> 1.1671202 | BA66: =IFERROR(BA65/BA$5,0) -> 0 | BB66: =IFERROR(BB65/BB$5,0) -> 0.028998765 | BC66: =IFERROR(BC65/BC$5,0) -> 0.029026373 | BD66: =IFERROR(BB66/BA66,0) -> 0 | BE66: =IFERROR(BB66/BC66,0) -> 0.99904884 | BF66: =IFERROR(BB66/AH66,0) -> 1.1447552
B67: 6 | C67: TỔNG GIÁ VỐN (BIẾN PHÍ + ĐỊNH PHÍ) | F67: =F7+F31 -> 0 | G67: =G7+G31 -> 0 | H67: =H7+H31 -> 0 | I67: =I7+I31 -> 0 | J67: =J7+J31 -> 0 | K67: =K7+K31 -> 0 | L67: =L7+L31 -> 0 | M67: =M7+M31 -> 0 | ... AU67: =AU7+AU31 -> 0 | AV67: =AM67 -> 14456896047 | AW67: =AN67 -> 12973102061 | AX67: =Z67 -> 1.6107073e+10 | AY67: =IFERROR(AW67/AV67,0) -> 0.89736428 | AZ67: =IFERROR(AW67/AX67,0) -> 0.8054289 | BA67: =SUM(I67:M67) -> 0 | BB67: =SUM(AJ67:AN67) -> 63207318082 | BC67: =SUM(V67:Z67) -> 6.7775894e+10 | BD67: =IFERROR(BB67/BA67,0) -> 0 | BE67: =IFERROR(BB67/BC67,0) -> 0.93259291 | BF67: =IFERROR(BB67/AH67,0) -> 0.34316319
D68: Biến phí / Doanh thu (%) | F68: =IFERROR(F67/F$5,0) -> 0 | G68: =IFERROR(G67/G$5,0) -> 0 | H68: =IFERROR(H67/H$5,0) -> 0 | I68: =IFERROR(I67/I$5,0) -> 0 | J68: =IFERROR(J67/J$5,0) -> 0 | K68: =IFERROR(K67/K$5,0) -> 0 | L68: =IFERROR(L67/L$5,0) -> 0 | M68: =IFERROR(M67/M$5,0) -> 0 | ... AX68: =IFERROR(AX67/AX$5,0) -> 1.0083109 | AY68: =IFERROR(AW68/AV68,0) -> 0.98288492 | AZ68: =IFERROR(AW68/AX68,0) -> 0.97887369 | BA68: =IFERROR(BA67/BA$5,0) -> 0 | BB68: =IFERROR(BB67/BB$5,0) -> 1.0154407 | BC68: =IFERROR(BC67/BC$5,0) -> 1.0392715 | BD68: =IFERROR(BB68/BA68,0) -> 0 | BE68: =IFERROR(BB68/BC68,0) -> 0.97706979 | BF68: =IFERROR(BB68/AH68,0) -> 0.99848819
D69: Biến phí / Tấn (Triệu đồng/Tấn) | F69: =IFERROR(F67/F$4,0)*1000 -> 0 | J69: =IFERROR(J67/J$4,0)*1000 -> 0 | K69: =IFERROR(K67/K$4,0)*1000 -> 0 | L69: =IFERROR(L67/L$4,0)*1000 -> 0 | M69: =IFERROR(M67/M$4,0)*1000 -> 0 | N69: =IFERROR(N67/N$4,0)*1000 -> 0 | O69: =IFERROR(O67/O$4,0)*1000 -> 0 | P69: =IFERROR(P67/P$4,0)*1000 -> 0 | Q69: =IFERROR(Q67/Q$4,0)*1000 -> 0 | ... AX69: =IFERROR(AX67/AX$4,0)*1000 -> 15263751 | AY69: =IFERROR(AW69/AV69,0) -> 1.0229766 | AZ69: =IFERROR(AW69/AX69,0) -> 1.0584261 | BA69: =IFERROR(BA67/BA$4,0)*1000 -> 0 | BB69: =IFERROR(BB67/BB$4,0)*1000 -> 15740842 | BC69: =IFERROR(BC67/BC$4,0)*1000 -> 15732018 | BD69: =IFERROR(BB69/BA69,0) -> 0 | BE69: =IFERROR(BB69/BC69,0) -> 1.0005609 | BF69: =IFERROR(BB69/AH69,0) -> 0.99994547
B70: 7 | C70: Doanh thu tài chính | U70: =SUM(I70:T70) -> 0 | AH70: =SUM(V70:AG70) -> 0 | AI70: =SUM(AJ70:AU70) -> 96473 | AJ70: 10853 | AK70: 7889 | AL70: 4769 | AM70: 40928 | AN70: 32034 | AV70: =AM70 -> 40928 | AW70: =AN70 -> 32034 | AX70: =Z70 -> 0 | AY70: =IFERROR(AW70/AV70,0) -> 0.78269156 | AZ70: =IFERROR(AW70/AX70,0) -> 0 | BA70: =SUM(I70:M70) -> 0 | BB70: =SUM(AJ70:AN70) -> 96473 | BC70: =SUM(V70:Z70) -> 0 | BD70: =IFERROR(BB70/BA70,0) -> 0 | BE70: =IFERROR(BB70/BC70,0) -> 0 | BF70: =IFERROR(BB70/AH70,0) -> 0
B71: 8 | C71: Thu nhập khác | U71: =SUM(I71:T71) -> 0 | AH71: =SUM(V71:AG71) -> 0 | AI71: =SUM(AJ71:AU71) -> -519018321 | AJ71: -128152205 | AK71: -37583728 | AL71: 9104140 | AM71: -355839097 | AN71: -6547431 | AV71: =AM71 -> -355839097 | AW71: =AN71 -> -6547431 | AX71: =Z71 -> 0 | AY71: =IFERROR(AW71/AV71,0) -> 0.018399976 | AZ71: =IFERROR(AW71/AX71,0) -> 0 | BA71: =SUM(I71:M71) -> 0 | BB71: =SUM(AJ71:AN71) -> -519018321 | BC71: =SUM(V71:Z71) -> 0 | BD71: =IFERROR(BB71/BA71,0) -> 0 | BE71: =IFERROR(BB71/BC71,0) -> 0 | BF71: =IFERROR(BB71/AH71,0) -> 0
B72: 9 | C72: LỢI NHUẬN TRƯỚC THUẾ | F72: =F5-F67+F70+F71 -> 0 | G72: =G5-G67+G70+G71 -> 0 | H72: =H5-H67+H70+H71 -> 0 | I72: =I5-I67+I70+I71 -> 0 | J72: =J5-J67+J70+J71 -> 0 | K72: =K5-K67+K70+K71 -> 0 | L72: =L5-L67+L70+L71 -> 0 | M72: =M5-M67+M70+M71 -> 0 | ... AU72: =AU5-AU67+AU70+AU71 -> 0 | AV72: =AM72 -> -416203986 | AW72: =AN72 -> 164236702 | AX72: =Z72 -> -1.3276039e+08 | AY72: =IFERROR(AW72/AV72,0) -> -0.39460627 | AZ72: =IFERROR(AW72/AX72,0) -> -1.2370911 | BA72: =SUM(I72:M72) -> 0 | BB72: =SUM(AJ72:AN72) -> -1480049690 | BC72: =SUM(V72:Z72) -> -2.5610813e+09 | BD72: =IFERROR(BB72/BA72,0) -> 0 | BE72: =IFERROR(BB72/BC72,0) -> 0.57790031 | BF72: =IFERROR(BB72/AH72,0) -> 0.48131452
D73: Tỷ lệ Lợi nhuận trước thuế (%) | F73: =IFERROR(F72/F$5,0) -> 0 | G73: =IFERROR(G72/G$5,0) -> 0 | H73: =IFERROR(H72/H$5,0) -> 0 | I73: =IFERROR(I72/I$5,0) -> 0 | J73: =IFERROR(J72/J$5,0) -> 0 | K73: =IFERROR(K72/K$5,0) -> 0 | L73: =IFERROR(L72/L$5,0) -> 0 | M73: =IFERROR(M72/M$5,0) -> 0 | ... AX73: =IFERROR(AX72/AX$5,0) -> -0.0083108673 | AY73: =IFERROR(AW73/AV73,0) -> -0.43221305 | AZ73: =IFERROR(AW73/AX73,0) -> -1.5034921 | BA73: =IFERROR(BA72/BA$5,0) -> 0 | BB73: =IFERROR(BB72/BB$5,0) -> -0.023777354 | BC73: =IFERROR(BC72/BC$5,0) -> -0.039271467 | BD73: =IFERROR(BB73/BA73,0) -> 0 | BE73: =IFERROR(BB73/BC73,0) -> 0.60546132 | BF73: =IFERROR(BB73/AH73,0) -> 1.4004616
B74: 10 | C74: Thuế TNDN | F74: =F75+F76 -> 0 | G74: =G75+G76 -> 0 | H74: =H75+H76 -> 0 | I74: =I75+I76 -> 0 | J74: =J75+J76 -> 0 | K74: =K75+K76 -> 0 | L74: =L75+L76 -> 0 | M74: =M75+M76 -> 0 | ... AU74: =AU75+AU76 -> 0 | AV74: =AL74 -> 0 | AW74: =AM74 -> 0 | AX74: =Y74 -> 0 | AY74: =IFERROR(AW74/AV74,0) -> 0 | AZ74: =IFERROR(AW74/AX74,0) -> 0 | BA74: =SUM(I74:M74) -> 0 | BB74: =SUM(AJ74:AN74) -> 0 | BC74: =SUM(V74:Z74) -> 0 | BD74: =IFERROR(BB74/BA74,0) -> 0 | BE74: =IFERROR(BB74/BC74,0) -> 0 | BF74: =IFERROR(BB74/AH74,0) -> 0
C75: Thuế TNDN hiện hành | U75: =SUM(I75:T75) -> 0 | AH75: =SUM(V75:AG75) -> 0 | AI75: =SUM(AJ75:AU75) -> 0 | AJ75: 0 | AK75: 0 | AV75: =AL75 -> 0 | AW75: =AM75 -> 0 | AX75: =Y75 -> 0 | AY75: =IFERROR(AW75/AV75,0) -> 0 | AZ75: =IFERROR(AW75/AX75,0) -> 0 | BA75: =SUM(I75:M75) -> 0 | BB75: =SUM(AJ75:AN75) -> 0 | BC75: =SUM(V75:Z75) -> 0 | BD75: =IFERROR(BB75/BA75,0) -> 0 | BE75: =IFERROR(BB75/BC75,0) -> 0 | BF75: =IFERROR(BB75/AH75,0) -> 0
C76: Thuế TNDN hoãn lại | U76: =SUM(I76:T76) -> 0 | AH76: =SUM(V76:AG76) -> 0 | AI76: =SUM(AJ76:AU76) -> 0 | AJ76: 0 | AK76: 0 | AL76: 0 | AM76: 0 | AV76: =AL76 -> 0 | AW76: =AM76 -> 0 | AX76: =Y76 -> 0 | AY76: =IFERROR(AW76/AV76,0) -> 0 | AZ76: =IFERROR(AW76/AX76,0) -> 0 | BA76: =SUM(I76:M76) -> 0 | BB76: =SUM(AJ76:AN76) -> 0 | BC76: =SUM(V76:Z76) -> 0 | BD76: =IFERROR(BB76/BA76,0) -> 0 | BE76: =IFERROR(BB76/BC76,0) -> 0 | BF76: =IFERROR(BB76/AH76,0) -> 0
B77: 11 | C77: LỢI NHUẬN SAU THUẾ | F77: =F72-F74 -> 0 | G77: =G72-G74 -> 0 | H77: =H72-H74 -> 0 | I77: =I72-I74 -> 0 | J77: =J72-J74 -> 0 | K77: =K72-K74 -> 0 | L77: =L72-L74 -> 0 | M77: =M72-M74 -> 0 | ... AU77: =AU72-AU74 -> 0 | AV77: =AM77 -> -416203986 | AW77: =AN77 -> 164236702 | AX77: =Z77 -> -1.3276039e+08 | AY77: =IFERROR(AW77/AV77,0) -> -0.39460627 | AZ77: =IFERROR(AW77/AX77,0) -> -1.2370911 | BA77: =SUM(I77:M77) -> 0 | BB77: =SUM(AJ77:AN77) -> -1480049690 | BC77: =SUM(V77:Z77) -> -2.5610813e+09 | BD77: =IFERROR(BB77/BA77,0) -> 0 | BE77: =IFERROR(BB77/BC77,0) -> 0.57790031 | BF77: =IFERROR(BB77/AH77,0) -> 0.48131452
D78: Tỷ lệ LNST (%) | F78: =IFERROR(F77/F$5,0) -> 0 | G78: =IFERROR(G77/G$5,0) -> 0 | H78: =IFERROR(H77/H$5,0) -> 0 | I78: =IFERROR(I77/I$5,0) -> 0 | J78: =IFERROR(J77/J$5,0) -> 0 | K78: =IFERROR(K77/K$5,0) -> 0 | L78: =IFERROR(L77/L$5,0) -> 0 | M78: =IFERROR(M77/M$5,0) -> 0 | ... AX78: =IFERROR(AX77/AX$5,0) -> -0.0083108673 | AY78: =IFERROR(AW78/AV78,0) -> -0.43221305 | AZ78: =IFERROR(AW78/AX78,0) -> -1.5034921 | BA78: =IFERROR(BA77/BA$5,0) -> 0 | BB78: =IFERROR(BB77/BB$5,0) -> -0.023777354 | BC78: =IFERROR(BC77/BC$5,0) -> -0.039271467 | BD78: =IFERROR(BB78/BA78,0) -> 0 | BE78: =IFERROR(BB78/BC78,0) -> 0.60546132 | BF78: =IFERROR(BB78/AH78,0) -> 1.4004616
B79: 12 | C79: EBIT | F79: =F77+F74+'10. 170KMP'!L180 -> 0 | G79: =G77+G74+'10. 170KMP'!M180 -> 0 | H79: =H77+H74+'10. 170KMP'!N180 -> 0 | I79: =I77+I74+'10. 170KMP'!O180 -> 0 | J79: =J77+J74+'10. 170KMP'!P180 -> 0 | K79: =K77+K74+'10. 170KMP'!Q180 -> 0 | L79: =L77+L74+'10. 170KMP'!R180 -> 0 | M79: =M77+M74+'10. 170KMP'!S180 -> 0 | ... AU79: =AU77+AU74+'10. 170KMP'!BA180 -> 0 | AV79: =AM79 -> -416203986 | AW79: =AN79 -> 164236702 | AX79: =Z79 -> -1.3276039e+08 | AY79: =IFERROR(AW79/AV79,0) -> -0.39460627 | AZ79: =IFERROR(AW79/AX79,0) -> -1.2370911 | BA79: =SUM(I79:M79) -> 0 | BB79: =SUM(AJ79:AN79) -> -1480049690 | BC79: =SUM(V79:Z79) -> -2.5610813e+09 | BD79: =IFERROR(BB79/BA79,0) -> 0 | BE79: =IFERROR(BB79/BC79,0) -> 0.57790031 | BF79: =IFERROR(BB79/AH79,0) -> 0.48131452
D80: Tỷ lệ EBIT (%) | F80: =IFERROR(F79/F$5,0) -> 0 | G80: =IFERROR(G79/G$5,0) -> 0 | H80: =IFERROR(H79/H$5,0) -> 0 | I80: =IFERROR(I79/I$5,0) -> 0 | J80: =IFERROR(J79/J$5,0) -> 0 | K80: =IFERROR(K79/K$5,0) -> 0 | L80: =IFERROR(L79/L$5,0) -> 0 | M80: =IFERROR(M79/M$5,0) -> 0 | ... AX80: =IFERROR(AX79/AX$5,0) -> -0.0083108673 | AY80: =IFERROR(AW80/AV80,0) -> -0.43221305 | AZ80: =IFERROR(AW80/AX80,0) -> -1.5034921 | BA80: =IFERROR(BA79/BA$5,0) -> 0 | BB80: =IFERROR(BB79/BB$5,0) -> -0.023777354 | BC80: =IFERROR(BC79/BC$5,0) -> -0.039271467 | BD80: =IFERROR(BB80/BA80,0) -> 0 | BE80: =IFERROR(BB80/BC80,0) -> 0.60546132 | BF80: =IFERROR(BB80/AH80,0) -> 1.4004616
B81: 13 | C81: EBITDA | F81: =F79+F65 -> 0 | G81: =G79+G65 -> 0 | H81: =H79+H65 -> 0 | I81: =I79+I65 -> 0 | J81: =J79+J65 -> 0 | K81: =K79+K65 -> 0 | L81: =L79+L65 -> 0 | M81: =M79+M65 -> 0 | ... AU81: =AU79+AU65 -> 0 | AV81: =AM81 -> -53621158 | AW81: =AN81 -> 526819538 | AX81: =Z81 -> 2.4480405e+08 | AY81: =IFERROR(AW81/AV81,0) -> -9.8248445 | AZ81: =IFERROR(AW81/AX81,0) -> 2.152005 | BA81: =SUM(I81:M81) -> 0 | BB81: =SUM(AJ81:AN81) -> 325012926 | BC81: =SUM(V81:Z81) -> -6.6813184e+08 | BD81: =IFERROR(BB81/BA81,0) -> 0 | BE81: =IFERROR(BB81/BC81,0) -> -0.48645029 | BF81: =IFERROR(BB81/AH81,0) -> 0.21481807
D82: Tỷ lệ EBITDA (%) | F82: =IFERROR(F81/F$5,0) -> 0 | G82: =IFERROR(G81/G$5,0) -> 0 | H82: =IFERROR(H81/H$5,0) -> 0 | I82: =IFERROR(I81/I$5,0) -> 0 | J82: =IFERROR(J81/J$5,0) -> 0 | K82: =IFERROR(K81/K$5,0) -> 0 | L82: =IFERROR(L81/L$5,0) -> 0 | M82: =IFERROR(M81/M$5,0) -> 0 | ... AX82: =IFERROR(AX81/AX$5,0) -> 0.015324857 | AY82: =IFERROR(AW82/AV82,0) -> -10.761172 | AZ82: =IFERROR(AW82/AX82,0) -> 2.6154277 | BA82: =IFERROR(BA81/BA$5,0) -> 0 | BB82: =IFERROR(BB81/BB$5,0) -> 0.0052214107 | BC82: =IFERROR(BC81/BC$5,0) -> -0.010245093 | BD82: =IFERROR(BB82/BA82,0) -> 0 | BE82: =IFERROR(BB82/BC82,0) -> -0.50964989 | BF82: =IFERROR(BB82/AH82,0) -> 0.62504755
D84: Check-Tổng chi phí | F84: =F67-F26-SUM('10. 170KMP'!L8,'10. 170KMP'!L14,'10. 170KMP'!L52,'10. 170KMP'!L130,'10. 170KMP'!L159,'10. 170KMP'!L167) -> 0 | G84: =G67-G26-SUM('10. 170KMP'!M8,'10. 170KMP'!M14,'10. 170KMP'!M52,'10. 170KMP'!M130,'10. 170KMP'!M159,'10. 170KMP'!M167) -> 0 | H84: =H67-H26-SUM('10. 170KMP'!N8,'10. 170KMP'!N14,'10. 170KMP'!N52,'10. 170KMP'!N130,'10. 170KMP'!N159,'10. 170KMP'!N167) -> 0 | I84: =I67-I26-SUM('10. 170KMP'!O8,'10. 170KMP'!O14,'10. 170KMP'!O52,'10. 170KMP'!O130,'10. 170KMP'!O159,'10. 170KMP'!O167) -> 0 | J84: =J67-J26-SUM('10. 170KMP'!P8,'10. 170KMP'!P14,'10. 170KMP'!P52,'10. 170KMP'!P130,'10. 170KMP'!P159,'10. 170KMP'!P167) -> 0 | K84: =K67-K26-SUM('10. 170KMP'!Q8,'10. 170KMP'!Q14,'10. 170KMP'!Q52,'10. 170KMP'!Q130,'10. 170KMP'!Q159,'10. 170KMP'!Q167) -> 0 | L84: =L67-L26-SUM('10. 170KMP'!R8,'10. 170KMP'!R14,'10. 170KMP'!R52,'10. 170KMP'!R130,'10. 170KMP'!R159,'10. 170KMP'!R167) -> 0 | M84: =M67-M26-SUM('10. 170KMP'!S8,'10. 170KMP'!S14,'10. 170KMP'!S52,'10. 170KMP'!S130,'10. 170KMP'!S159,'10. 170KMP'!S167) -> 0 | ... AG84: =AG67-AG26-SUM('10. 170KMP'!AM8,'10. 170KMP'!AM14,'10. 170KMP'!AM52,'10. 170KMP'!AM130,'10. 170KMP'!AM159,'10. 170KMP'!AM167) -> 0 | AJ84: =AJ67-AJ26-SUM('10. 170KMP'!AP8,'10. 170KMP'!AP14,'10. 170KMP'!AP52,'10. 170KMP'!AP130,'10. 170KMP'!AP159,'10. 170KMP'!AP167) -> 0 | AK84: =AK67-AK26-SUM('10. 170KMP'!AQ8,'10. 170KMP'!AQ14,'10. 170KMP'!AQ52,'10. 170KMP'!AQ130,'10. 170KMP'!AQ159,'10. 170KMP'!AQ167) -> 0 | AL84: =AL67-AL26-SUM('10. 170KMP'!AR8,'10. 170KMP'!AR14,'10. 170KMP'!AR52,'10. 170KMP'!AR130,'10. 170KMP'!AR159,'10. 170KMP'!AR167) -> 0 | AM84: =AM67-AM26-SUM('10. 170KMP'!AS8,'10. 170KMP'!AS14,'10. 170KMP'!AS52,'10. 170KMP'!AS130,'10. 170KMP'!AS159,'10. 170KMP'!AS167) -> 0 | AN84: =AN67-AN26-SUM('10. 170KMP'!AT8,'10. 170KMP'!AT14,'10. 170KMP'!AT52,'10. 170KMP'!AT130,'10. 170KMP'!AT159,'10. 170KMP'!AT167) -> 0
D86: LNST-BCTC | U86: =SUM(I86:T86) -> 0 | V86: -7.7942746e+08 | W86: -9.3400257e+08 | X86: -5.8567586e+08 | Y86: -1.3068171e+08 | Z86: -1.3312706e+08 | AA86: -3.3522744e+08 | AB86: -1.8682051e+08 | AC86: -2.2444654e+08 | AD86: -1.9239024e+08 | AE86: 1.7167867e+08 | AF86: 1.1697334e+08 | AG86: 1.3483173e+08 | AJ86: -545598431 | AK86: -937890122 | AL86: 254999480 | AM86: -416203986 | AN86: 164236702
D87: Check | F87: =F86-F77 -> 0 | G87: =G86-G77 -> 0 | H87: =H86-H77 -> 0 | I87: =I86-I77 -> 0 | J87: =J86-J77 -> 0 | K87: =K86-K77 -> 0 | L87: =L86-L77 -> 0 | M87: =M86-M77 -> 0 | ... AG87: =AG86-AG77 -> -1.6666665 | AJ87: =AJ86-AJ77 -> 0 | AK87: =AK86-AK77 -> -406667 | AL87: =AL86-AL77 -> 0 | AM87: =AM86-AM77 -> 0 | AN87: =AN86-AN77 -> 0
V90: -

Sheet DB7.80KMP
C1: 7 - 80 KHOẢN MỤC PHÍ (ĐVT: TRIỆU ĐỒNG) | D1: =IF($B$1="x","",C1) -> 7 - 80 KHOẢN MỤC PHÍ (ĐVT: TRIỆU ĐỒNG)
B2: KHOẢN MỤC PHÍ | F2: Phân loại chi phí | G2: TỔNG CỘNG NĂM | AK2: THỰC HIỆN CHI TIẾT THÁNG 2026 | AW2: THỰC HIỆN THÁNG 5, 2026 | BB2: THỰC HIỆN LŨY KẾ 5 THÁNG 2026
B3: Mã số (cấp 1) | C3: Mục phí cấp 1 (40) | D3: Mã số (cấp 2) | E3: Mục phí cấp 2 (80) | G3: 2022 | H3: 2023 | I3: 2024 | J3: 1 | K3: 2 | L3: 3 | M3: 4 | N3: 5 | O3: 6 | P3: 7 | Q3: 8 | R3: 9 | S3: 10 | T3: 11 | U3: 12 | V3: 2025 | W3: 1 | X3: 2 | Y3: 3 | Z3: 4 | AA3: 5 | AB3: 6 | AC3: 7 | AD3: 8 | AE3: 9 | AF3: 10 | AG3: 11 | AH3: 12 | AI3: 2026P | AJ3: 2026E | AK3: 1 | AL3: 2 | AM3: 3 | AN3: 4 | AO3: 5 | AP3: 6 | AQ3: 7 | AR3: 8 | AS3: 9 | AT3: 10 | AU3: 11 | AV3: 12 | AW3: Thực hiện T4.2026 | AX3: Thực hiện T5.2026 | AY3: Kế hoạch T5.2026 | AZ3: So với TH T4.2026 | BA3: So với KH T5.2026 | BB3: Thực hiện LK 2025 | BC3: Thực hiện LK 2026 | BD3: Kế hoạch LK 2026P | BE3: So với TH LK 2025 | BF3: So với KH LK 2026 | BG3: So với KH Năm 2026
B4: A | C4: Doanh thu | D4: =IF($B$1="x","",B4) -> A | E4: =IF($B$1="x","",C4) -> Doanh thu | W4: ='10. 170KMP'!AB5 -> 11515218750 | X4: ='10. 170KMP'!AC5 -> 8956281250 | Y4: ='10. 170KMP'!AD5 -> 12794687500 | Z4: ='10. 170KMP'!AE5 -> 15974312500 | AA4: ='10. 170KMP'!AF5 -> 15974312500 | AB4: ='10. 170KMP'!AG5 -> 15974312500 | AC4: ='10. 170KMP'!AH5 -> 15974312500 | AD4: ='10. 170KMP'!AI5 -> 15974312500 | ... AH4: ='10. 170KMP'!AM5 -> 17334395000 | AI4: =SUM(W4:AH4) -> 181115247500 | AJ4: =SUM(AK4:AV4) -> 62246190240 | AK4: ='10. 170KMP'!AP5 -> 11775760050 | AL4: ='10. 170KMP'!AQ5 -> 8275817930 | AM4: ='10. 170KMP'!AR5 -> 14654267870 | AN4: ='10. 170KMP'!AS5 -> 14396490230 | AO4: ='10. 170KMP'!AT5 -> 13143854160 | AP4: ='10. 170KMP'!AU5 -> 0 | AQ4: ='10. 170KMP'!AV5 -> 0 | AR4: ='10. 170KMP'!AW5 -> 0 | ... AV4: ='10. 170KMP'!BA5 -> 0 | AW4: =AN4 -> 14396490230 | AX4: =AO4 -> 13143854160 | AY4: =AA4 -> 15974312500 | AZ4: =IFERROR(AX4/AW4,"") -> 0.91299018 | BA4: =IFERROR(AX4/AY4,"") -> 0.82281188 | BB4: =SUM(J4:N4) -> 0 | BC4: =SUM(AK4:AO4) -> 62246190240 | BD4: =SUM(W4:AA4) -> 65214812500 | BE4: =IFERROR(BC4/BB4,"") | BF4: =IFERROR(BC4/BD4,"") -> 0.95447933 | BG4: =IFERROR(BC4/AI4,"") -> 0.34368277
B5: B | C5: Tổng chi phí | D5: =IF($B$1="x","",B5) -> B | E5: =IF($B$1="x","",C5) -> Tổng chi phí | W5: ='10. 170KMP'!AB6 -> 1.229428e+10 | X5: ='10. 170KMP'!AC6 -> 9.8899172e+09 | Y5: ='10. 170KMP'!AD6 -> 1.3379997e+10 | Z5: ='10. 170KMP'!AE6 -> 1.6104628e+10 | AA5: ='10. 170KMP'!AF6 -> 1.6107073e+10 | AB5: ='10. 170KMP'!AG6 -> 1.6309173e+10 | AC5: ='10. 170KMP'!AH6 -> 1.6160766e+10 | AD5: ='10. 170KMP'!AI6 -> 1.6198392e+10 | ... AH5: ='10. 170KMP'!AM6 -> 1.7199563e+10 | AI5: =SUM(W5:AH5) -> 1.8419026e+11 | AJ5: =SUM(AK5:AV5) -> 63390811648 | AK5: ='10. 170KMP'!AP6 -> 12198965304 | AL5: ='10. 170KMP'!AQ6 -> 9232029997 | AM5: ='10. 170KMP'!AR6 -> 14497410211 | AN5: ='10. 170KMP'!AS6 -> 14420626788 | AO5: ='10. 170KMP'!AT6 -> 13041779348 | AP5: ='10. 170KMP'!AU6 -> 0 | AQ5: ='10. 170KMP'!AV6 -> 0 | AR5: ='10. 170KMP'!AW6 -> 0 | ... AV5: ='10. 170KMP'!BA6 -> 0 | AW5: =AN5 -> 14420626788 | AX5: =AO5 -> 13041779348 | AY5: =AA5 -> 1.6107073e+10 | AZ5: =IFERROR(AX5/AW5,"") -> 0.90438367 | BA5: =IFERROR(AX5/AY5,"") -> 0.8096927 | BB5: =SUM(J5:N5) -> 0 | BC5: =SUM(AK5:AO5) -> 63390811648 | BD5: =SUM(W5:AA5) -> 6.7775894e+10 | BE5: =IFERROR(BC5/BB5,"") | BF5: =IFERROR(BC5/BD5,"") -> 0.93530027 | BG5: =IFERROR(BC5/AI5,"") -> 0.34415941
C6: % chi phí / Doanh thu | D6: =IF($B$1="x","",B6) -> 0 | E6: =IF($B$1="x","",C6) -> % chi phí / Doanh thu | G6: ='10. 170KMP'!L7 -> 0 | H6: ='10. 170KMP'!M7 -> 0 | I6: ='10. 170KMP'!N7 -> 0 | J6: ='10. 170KMP'!O7 -> 0 | K6: ='10. 170KMP'!P7 -> 0 | L6: ='10. 170KMP'!Q7 -> 0 | M6: ='10. 170KMP'!R7 -> 0 | N6: ='10. 170KMP'!S7 -> 0 | ... AV6: ='10. 170KMP'!BA7 -> 0 | AW6: =AM6 -> 0.98929611 | AX6: =AN6 -> 1.0016766 | AY6: =Z6 -> 1.0081578 | AZ6: =IFERROR(AX6/AW6,"") -> 1.0125144 | BA6: =IFERROR(AX6/AY6,"") -> 0.99357122 | BB6: =IFERROR(BB5/BB4,0) -> 0 | BC6: =IFERROR(BC5/BC4,0) -> 1.0183886 | BD6: =IFERROR(BD5/BD4,0) -> 1.0392715 | BE6: =IFERROR(BC6/BB6,"") | BF6: =IFERROR(BC6/BD6,"") -> 0.97990626 | BG6: =IFERROR(BC6/AI6,"") -> 1.0013868
B7: I | C7: Biến phí bán hàng | D7: =IF($B$1="x","",B7) -> I | E7: =IF($B$1="x","",C7) -> Biến phí bán hàng | G7: =SUM(G8:G10) -> 0 | H7: =SUM(H8:H10) -> 0 | I7: =SUM(I8:I10) -> 0 | J7: =SUM(J8:J10) -> 0 | K7: =SUM(K8:K10) -> 0 | L7: =SUM(L8:L10) -> 0 | M7: =SUM(M8:M10) -> 0 | N7: =SUM(N8:N10) -> 0 | ... AV7: =SUM(AV8:AV10) -> 0 | AW7: =AN7 -> 338100000 | AX7: =AO7 -> 296100000 | AY7: =AA7 -> 359368750 | AZ7: =IFERROR(AX7/AW7,"") -> 0.8757764 | BA7: =IFERROR(AX7/AY7,"") -> 0.82394476 | BB7: =SUM(J7:N7) -> 0 | BC7: =SUM(AK7:AO7) -> 1403800000 | BD7: =SUM(W7:AA7) -> 1.4672504e+09 | BE7: =IFERROR(BC7/BB7,"") | BF7: =IFERROR(BC7/BD7,"") -> 0.95675556 | BG7: =IFERROR(BC7/AI7,"") -> 0.36053144
B8: 01 | C8: Chi phí vận chuyển bán hàng | D8: 001 | E8: Chi phí vận chuyển bán hàng | F8: Biến phí | G8: =SUMIF('10. 170KMP'!$K:$K,$D8,'10. 170KMP'!L:L) -> 0 | H8: =SUMIF('10. 170KMP'!$K:$K,$D8,'10. 170KMP'!M:M) -> 0 | I8: =SUMIF('10. 170KMP'!$K:$K,$D8,'10. 170KMP'!N:N) -> 0 | J8: =SUMIF('10. 170KMP'!$K:$K,$D8,'10. 170KMP'!O:O) -> 0 | K8: =SUMIF('10. 170KMP'!$K:$K,$D8,'10. 170KMP'!P:P) -> 0 | L8: =SUMIF('10. 170KMP'!$K:$K,$D8,'10. 170KMP'!Q:Q) -> 0 | M8: =SUMIF('10. 170KMP'!$K:$K,$D8,'10. 170KMP'!R:R) -> 0 | N8: =SUMIF('10. 170KMP'!$K:$K,$D8,'10. 170KMP'!S:S) -> 0 | O8: =SUMIF('10. 170KMP'!$K:$K,$D8,'10. 170KMP'!T:T) -> 0 | P8: =SUMIF('10. 170KMP'!$K:$K,$D8,'10. 170KMP'!U:U) -> 0 | Q8: =SUMIF('10. 170KMP'!$K:$K,$D8,'10. 170KMP'!V:V) -> 0 | R8: =SUMIF('10. 170KMP'!$K:$K,$D8,'10. 170KMP'!W:W) -> 0 | S8: =SUMIF('10. 170KMP'!$K:$K,$D8,'10. 170KMP'!X:X) -> 0 | T8: =SUMIF('10. 170KMP'!$K:$K,$D8,'10. 170KMP'!Y:Y) -> 0 | U8: =SUMIF('10. 170KMP'!$K:$K,$D8,'10. 170KMP'!Z:Z) -> 0 | V8: =SUMIF('10. 170KMP'!$K:$K,$D8,'10. 170KMP'!AA:AA) -> 0 | W8: =SUMIF('10. 170KMP'!$K:$K,$D8,'10. 170KMP'!AB:AB) -> 259100625 | X8: =SUMIF('10. 170KMP'!$K:$K,$D8,'10. 170KMP'!AC:AC) -> 2.0152271e+08 | Y8: =SUMIF('10. 170KMP'!$K:$K,$D8,'10. 170KMP'!AD:AD) -> 2.8788958e+08 | Z8: =SUMIF('10. 170KMP'!$K:$K,$D8,'10. 170KMP'!AE:AE) -> 359368750 | AA8: =SUMIF('10. 170KMP'!$K:$K,$D8,'10. 170KMP'!AF:AF) -> 359368750 | AB8: =SUMIF('10. 170KMP'!$K:$K,$D8,'10. 170KMP'!AG:AG) -> 359368750 | AC8: =SUMIF('10. 170KMP'!$K:$K,$D8,'10. 170KMP'!AH:AH) -> 359368750 | AD8: =SUMIF('10. 170KMP'!$K:$K,$D8,'10. 170KMP'!AI:AI) -> 359368750 | AE8: =SUMIF('10. 170KMP'!$K:$K,$D8,'10. 170KMP'!AJ:AJ) -> 359368750 | AF8: =SUMIF('10. 170KMP'!$K:$K,$D8,'10. 170KMP'!AK:AK) -> 3.2965703e+08 | AG8: =SUMIF('10. 170KMP'!$K:$K,$D8,'10. 170KMP'!AL:AL) -> 3.2965703e+08 | AH8: =SUMIF('10. 170KMP'!$K:$K,$D8,'10. 170KMP'!AM:AM) -> 3.2965703e+08 | AI8: =SUMIF('10. 170KMP'!$K:$K,$D8,'10. 170KMP'!AN:AN) -> 3.8936965e+09 | AJ8: =SUMIF('10. 170KMP'!$K:$K,$D8,'10. 170KMP'!AO:AO) -> 1403800000 | AK8: =SUMIF('10. 170KMP'!$K:$K,$D8,'10. 170KMP'!AP:AP) -> 252400000 | AL8: =SUMIF('10. 170KMP'!$K:$K,$D8,'10. 170KMP'!AQ:AQ) -> 167700000 | AM8: =SUMIF('10. 170KMP'!$K:$K,$D8,'10. 170KMP'!AR:AR) -> 349500000 | AN8: =SUMIF('10. 170KMP'!$K:$K,$D8,'10. 170KMP'!AS:AS) -> 338100000 | AO8: =SUMIF('10. 170KMP'!$K:$K,$D8,'10. 170KMP'!AT:AT) -> 296100000 | AP8: =SUMIF('10. 170KMP'!$K:$K,$D8,'10. 170KMP'!AU:AU) -> 0 | AQ8: =SUMIF('10. 170KMP'!$K:$K,$D8,'10. 170KMP'!AV:AV) -> 0 | AR8: =SUMIF('10. 170KMP'!$K:$K,$D8,'10. 170KMP'!AW:AW) -> 0 | AS8: =SUMIF('10. 170KMP'!$K:$K,$D8,'10. 170KMP'!AX:AX) -> 0 | AT8: =SUMIF('10. 170KMP'!$K:$K,$D8,'10. 170KMP'!AY:AY) -> 0 | AU8: =SUMIF('10. 170KMP'!$K:$K,$D8,'10. 170KMP'!AZ:AZ) -> 0 | AV8: =SUMIF('10. 170KMP'!$K:$K,$D8,'10. 170KMP'!BA:BA) -> 0 | AW8: =AN8 -> 338100000 | AX8: =AO8 -> 296100000 | AY8: =AA8 -> 359368750 | AZ8: =IFERROR(AX8/AW8,"") -> 0.8757764 | BA8: =IFERROR(AX8/AY8,"") -> 0.82394476 | BB8: =SUM(J8:N8) -> 0 | BC8: =SUM(AK8:AO8) -> 1403800000 | BD8: =SUM(W8:AA8) -> 1.4672504e+09 | BE8: =IFERROR(BC8/BB8,"") | BF8: =IFERROR(BC8/BD8,"") -> 0.95675556 | BG8: =IFERROR(BC8/AI8,"") -> 0.36053144
B9: 02 | C9: Chi phí hoa hồng, chiết khấu bán hàng | D9: 002 | E9: Chi phí hoa hồng, chiết khấu bán hàng | F9: Biến phí | G9: =SUMIF('10. 170KMP'!$K:$K,$D9,'10. 170KMP'!L:L) -> 0 | H9: =SUMIF('10. 170KMP'!$K:$K,$D9,'10. 170KMP'!M:M) -> 0 | I9: =SUMIF('10. 170KMP'!$K:$K,$D9,'10. 170KMP'!N:N) -> 0 | J9: =SUMIF('10. 170KMP'!$K:$K,$D9,'10. 170KMP'!O:O) -> 0 | K9: =SUMIF('10. 170KMP'!$K:$K,$D9,'10. 170KMP'!P:P) -> 0 | L9: =SUMIF('10. 170KMP'!$K:$K,$D9,'10. 170KMP'!Q:Q) -> 0 | M9: =SUMIF('10. 170KMP'!$K:$K,$D9,'10. 170KMP'!R:R) -> 0 | N9: =SUMIF('10. 170KMP'!$K:$K,$D9,'10. 170KMP'!S:S) -> 0 | O9: =SUMIF('10. 170KMP'!$K:$K,$D9,'10. 170KMP'!T:T) -> 0 | P9: =SUMIF('10. 170KMP'!$K:$K,$D9,'10. 170KMP'!U:U) -> 0 | Q9: =SUMIF('10. 170KMP'!$K:$K,$D9,'10. 170KMP'!V:V) -> 0 | R9: =SUMIF('10. 170KMP'!$K:$K,$D9,'10. 170KMP'!W:W) -> 0 | S9: =SUMIF('10. 170KMP'!$K:$K,$D9,'10. 170KMP'!X:X) -> 0 | T9: =SUMIF('10. 170KMP'!$K:$K,$D9,'10. 170KMP'!Y:Y) -> 0 | U9: =SUMIF('10. 170KMP'!$K:$K,$D9,'10. 170KMP'!Z:Z) -> 0 | V9: =SUMIF('10. 170KMP'!$K:$K,$D9,'10. 170KMP'!AA:AA) -> 0 | W9: =SUMIF('10. 170KMP'!$K:$K,$D9,'10. 170KMP'!AB:AB) -> 0 | X9: =SUMIF('10. 170KMP'!$K:$K,$D9,'10. 170KMP'!AC:AC) -> 0 | Y9: =SUMIF('10. 170KMP'!$K:$K,$D9,'10. 170KMP'!AD:AD) -> 0 | Z9: =SUMIF('10. 170KMP'!$K:$K,$D9,'10. 170KMP'!AE:AE) -> 0 | AA9: =SUMIF('10. 170KMP'!$K:$K,$D9,'10. 170KMP'!AF:AF) -> 0 | AB9: =SUMIF('10. 170KMP'!$K:$K,$D9,'10. 170KMP'!AG:AG) -> 0 | AC9: =SUMIF('10. 170KMP'!$K:$K,$D9,'10. 170KMP'!AH:AH) -> 0 | AD9: =SUMIF('10. 170KMP'!$K:$K,$D9,'10. 170KMP'!AI:AI) -> 0 | AE9: =SUMIF('10. 170KMP'!$K:$K,$D9,'10. 170KMP'!AJ:AJ) -> 0 | AF9: =SUMIF('10. 170KMP'!$K:$K,$D9,'10. 170KMP'!AK:AK) -> 0 | AG9: =SUMIF('10. 170KMP'!$K:$K,$D9,'10. 170KMP'!AL:AL) -> 0 | AH9: =SUMIF('10. 170KMP'!$K:$K,$D9,'10. 170KMP'!AM:AM) -> 0 | AI9: =SUMIF('10. 170KMP'!$K:$K,$D9,'10. 170KMP'!AN:AN) -> 0 | AJ9: =SUMIF('10. 170KMP'!$K:$K,$D9,'10. 170KMP'!AO:AO) -> 0 | AK9: =SUMIF('10. 170KMP'!$K:$K,$D9,'10. 170KMP'!AP:AP) -> 0 | AL9: =SUMIF('10. 170KMP'!$K:$K,$D9,'10. 170KMP'!AQ:AQ) -> 0 | AM9: =SUMIF('10. 170KMP'!$K:$K,$D9,'10. 170KMP'!AR:AR) -> 0 | AN9: =SUMIF('10. 170KMP'!$K:$K,$D9,'10. 170KMP'!AS:AS) -> 0 | AO9: =SUMIF('10. 170KMP'!$K:$K,$D9,'10. 170KMP'!AT:AT) -> 0 | AP9: =SUMIF('10. 170KMP'!$K:$K,$D9,'10. 170KMP'!AU:AU) -> 0 | AQ9: =SUMIF('10. 170KMP'!$K:$K,$D9,'10. 170KMP'!AV:AV) -> 0 | AR9: =SUMIF('10. 170KMP'!$K:$K,$D9,'10. 170KMP'!AW:AW) -> 0 | AS9: =SUMIF('10. 170KMP'!$K:$K,$D9,'10. 170KMP'!AX:AX) -> 0 | AT9: =SUMIF('10. 170KMP'!$K:$K,$D9,'10. 170KMP'!AY:AY) -> 0 | AU9: =SUMIF('10. 170KMP'!$K:$K,$D9,'10. 170KMP'!AZ:AZ) -> 0 | AV9: =SUMIF('10. 170KMP'!$K:$K,$D9,'10. 170KMP'!BA:BA) -> 0 | AW9: =AN9 -> 0 | AX9: =AO9 -> 0 | AY9: =AA9 -> 0 | AZ9: =IFERROR(AX9/AW9,"") | BA9: =IFERROR(AX9/AY9,"") | BB9: =SUM(J9:N9) -> 0 | BC9: =SUM(AK9:AO9) -> 0 | BD9: =SUM(W9:AA9) -> 0 | BE9: =IFERROR(BC9/BB9,"") | BF9: =IFERROR(BC9/BD9,"") | BG9: =IFERROR(BC9/AI9,"")
B10: 03 | C10: Chi phí bán hàng khác | D10: 003 | E10: Chi phí bán hàng khác | F10: Biến phí | G10: =SUMIF('10. 170KMP'!$K:$K,$D10,'10. 170KMP'!L:L) -> 0 | H10: =SUMIF('10. 170KMP'!$K:$K,$D10,'10. 170KMP'!M:M) -> 0 | I10: =SUMIF('10. 170KMP'!$K:$K,$D10,'10. 170KMP'!N:N) -> 0 | J10: =SUMIF('10. 170KMP'!$K:$K,$D10,'10. 170KMP'!O:O) -> 0 | K10: =SUMIF('10. 170KMP'!$K:$K,$D10,'10. 170KMP'!P:P) -> 0 | L10: =SUMIF('10. 170KMP'!$K:$K,$D10,'10. 170KMP'!Q:Q) -> 0 | M10: =SUMIF('10. 170KMP'!$K:$K,$D10,'10. 170KMP'!R:R) -> 0 | N10: =SUMIF('10. 170KMP'!$K:$K,$D10,'10. 170KMP'!S:S) -> 0 | O10: =SUMIF('10. 170KMP'!$K:$K,$D10,'10. 170KMP'!T:T) -> 0 | P10: =SUMIF('10. 170KMP'!$K:$K,$D10,'10. 170KMP'!U:U) -> 0 | Q10: =SUMIF('10. 170KMP'!$K:$K,$D10,'10. 170KMP'!V:V) -> 0 | R10: =SUMIF('10. 170KMP'!$K:$K,$D10,'10. 170KMP'!W:W) -> 0 | S10: =SUMIF('10. 170KMP'!$K:$K,$D10,'10. 170KMP'!X:X) -> 0 | T10: =SUMIF('10. 170KMP'!$K:$K,$D10,'10. 170KMP'!Y:Y) -> 0 | U10: =SUMIF('10. 170KMP'!$K:$K,$D10,'10. 170KMP'!Z:Z) -> 0 | V10: =SUMIF('10. 170KMP'!$K:$K,$D10,'10. 170KMP'!AA:AA) -> 0 | W10: =SUMIF('10. 170KMP'!$K:$K,$D10,'10. 170KMP'!AB:AB) -> 0 | X10: =SUMIF('10. 170KMP'!$K:$K,$D10,'10. 170KMP'!AC:AC) -> 0 | Y10: =SUMIF('10. 170KMP'!$K:$K,$D10,'10. 170KMP'!AD:AD) -> 0 | Z10: =SUMIF('10. 170KMP'!$K:$K,$D10,'10. 170KMP'!AE:AE) -> 0 | AA10: =SUMIF('10. 170KMP'!$K:$K,$D10,'10. 170KMP'!AF:AF) -> 0 | AB10: =SUMIF('10. 170KMP'!$K:$K,$D10,'10. 170KMP'!AG:AG) -> 0 | AC10: =SUMIF('10. 170KMP'!$K:$K,$D10,'10. 170KMP'!AH:AH) -> 0 | AD10: =SUMIF('10. 170KMP'!$K:$K,$D10,'10. 170KMP'!AI:AI) -> 0 | AE10: =SUMIF('10. 170KMP'!$K:$K,$D10,'10. 170KMP'!AJ:AJ) -> 0 | AF10: =SUMIF('10. 170KMP'!$K:$K,$D10,'10. 170KMP'!AK:AK) -> 0 | AG10: =SUMIF('10. 170KMP'!$K:$K,$D10,'10. 170KMP'!AL:AL) -> 0 | AH10: =SUMIF('10. 170KMP'!$K:$K,$D10,'10. 170KMP'!AM:AM) -> 0 | AI10: =SUMIF('10. 170KMP'!$K:$K,$D10,'10. 170KMP'!AN:AN) -> 0 | AJ10: =SUMIF('10. 170KMP'!$K:$K,$D10,'10. 170KMP'!AO:AO) -> 0 | AK10: =SUMIF('10. 170KMP'!$K:$K,$D10,'10. 170KMP'!AP:AP) -> 0 | AL10: =SUMIF('10. 170KMP'!$K:$K,$D10,'10. 170KMP'!AQ:AQ) -> 0 | AM10: =SUMIF('10. 170KMP'!$K:$K,$D10,'10. 170KMP'!AR:AR) -> 0 | AN10: =SUMIF('10. 170KMP'!$K:$K,$D10,'10. 170KMP'!AS:AS) -> 0 | AO10: =SUMIF('10. 170KMP'!$K:$K,$D10,'10. 170KMP'!AT:AT) -> 0 | AP10: =SUMIF('10. 170KMP'!$K:$K,$D10,'10. 170KMP'!AU:AU) -> 0 | AQ10: =SUMIF('10. 170KMP'!$K:$K,$D10,'10. 170KMP'!AV:AV) -> 0 | AR10: =SUMIF('10. 170KMP'!$K:$K,$D10,'10. 170KMP'!AW:AW) -> 0 | AS10: =SUMIF('10. 170KMP'!$K:$K,$D10,'10. 170KMP'!AX:AX) -> 0 | AT10: =SUMIF('10. 170KMP'!$K:$K,$D10,'10. 170KMP'!AY:AY) -> 0 | AU10: =SUMIF('10. 170KMP'!$K:$K,$D10,'10. 170KMP'!AZ:AZ) -> 0 | AV10: =SUMIF('10. 170KMP'!$K:$K,$D10,'10. 170KMP'!BA:BA) -> 0 | AW10: =AN10 -> 0 | AX10: =AO10 -> 0 | AY10: =AA10 -> 0 | AZ10: =IFERROR(AX10/AW10,"") | BA10: =IFERROR(AX10/AY10,"") | BB10: =SUM(J10:N10) -> 0 | BC10: =SUM(AK10:AO10) -> 0 | BD10: =SUM(W10:AA10) -> 0 | BE10: =IFERROR(BC10/BB10,"") | BF10: =IFERROR(BC10/BD10,"") | BG10: =IFERROR(BC10/AI10,"")
B11: II | C11: Biến phí sản xuất | D11: =IF($B$1="x","",B11) -> II | E11: =IF($B$1="x","",C11) -> Biến phí sản xuất | G11: =SUM(G12:G29) -> 0 | H11: =SUM(H12:H29) -> 0 | I11: =SUM(I12:I29) -> 0 | J11: =SUM(J12:J29) -> 0 | K11: =SUM(K12:K29) -> 0 | L11: =SUM(L12:L29) -> 0 | M11: =SUM(M12:M29) -> 0 | N11: =SUM(N12:N29) -> 0 | ... AV11: =SUM(AV12:AV29) -> 0 | AW11: =AN11 -> 11179425481 | AX11: =AO11 -> 10318243618 | AY11: =AA11 -> 1.3106012e+10 | AZ11: =IFERROR(AX11/AW11,"") -> 0.92296725 | BA11: =IFERROR(AX11/AY11,"") -> 0.78729084 | BB11: =SUM(J11:N11) -> 0 | BC11: =SUM(AK11:AO11) -> 48937228705 | BD11: =SUM(W11:AA11) -> 5.3493525e+10 | BE11: =IFERROR(BC11/BB11,"") | BF11: =IFERROR(BC11/BD11,"") -> 0.91482527 | BG11: =IFERROR(BC11/AI11,"") -> 0.33061375
B12: 04 | C12: Chi phí nguyên liệu vật chính | D12: 004 | E12: Chi phí nguyên liệu vật chính | F12: Biến phí | G12: =SUMIF('10. 170KMP'!$K:$K,$D12,'10. 170KMP'!L:L) -> 0 | H12: =SUMIF('10. 170KMP'!$K:$K,$D12,'10. 170KMP'!M:M) -> 0 | I12: =SUMIF('10. 170KMP'!$K:$K,$D12,'10. 170KMP'!N:N) -> 0 | J12: =SUMIF('10. 170KMP'!$K:$K,$D12,'10. 170KMP'!O:O) -> 0 | K12: =SUMIF('10. 170KMP'!$K:$K,$D12,'10. 170KMP'!P:P) -> 0 | L12: =SUMIF('10. 170KMP'!$K:$K,$D12,'10. 170KMP'!Q:Q) -> 0 | M12: =SUMIF('10. 170KMP'!$K:$K,$D12,'10. 170KMP'!R:R) -> 0 | N12: =SUMIF('10. 170KMP'!$K:$K,$D12,'10. 170KMP'!S:S) -> 0 | O12: =SUMIF('10. 170KMP'!$K:$K,$D12,'10. 170KMP'!T:T) -> 0 | P12: =SUMIF('10. 170KMP'!$K:$K,$D12,'10. 170KMP'!U:U) -> 0 | Q12: =SUMIF('10. 170KMP'!$K:$K,$D12,'10. 170KMP'!V:V) -> 0 | R12: =SUMIF('10. 170KMP'!$K:$K,$D12,'10. 170KMP'!W:W) -> 0 | S12: =SUMIF('10. 170KMP'!$K:$K,$D12,'10. 170KMP'!X:X) -> 0 | T12: =SUMIF('10. 170KMP'!$K:$K,$D12,'10. 170KMP'!Y:Y) -> 0 | U12: =SUMIF('10. 170KMP'!$K:$K,$D12,'10. 170KMP'!Z:Z) -> 0 | V12: =SUMIF('10. 170KMP'!$K:$K,$D12,'10. 170KMP'!AA:AA) -> 0 | W12: =SUMIF('10. 170KMP'!$K:$K,$D12,'10. 170KMP'!AB:AB) -> 9000000000 | X12: =SUMIF('10. 170KMP'!$K:$K,$D12,'10. 170KMP'!AC:AC) -> 7000000000 | Y12: =SUMIF('10. 170KMP'!$K:$K,$D12,'10. 170KMP'!AD:AD) -> 10000000000 | Z12: =SUMIF('10. 170KMP'!$K:$K,$D12,'10. 170KMP'!AE:AE) -> 12500000000 | AA12: =SUMIF('10. 170KMP'!$K:$K,$D12,'10. 170KMP'!AF:AF) -> 12500000000 | AB12: =SUMIF('10. 170KMP'!$K:$K,$D12,'10. 170KMP'!AG:AG) -> 12500000000 | AC12: =SUMIF('10. 170KMP'!$K:$K,$D12,'10. 170KMP'!AH:AH) -> 12500000000 | AD12: =SUMIF('10. 170KMP'!$K:$K,$D12,'10. 170KMP'!AI:AI) -> 12500000000 | AE12: =SUMIF('10. 170KMP'!$K:$K,$D12,'10. 170KMP'!AJ:AJ) -> 12500000000 | AF12: =SUMIF('10. 170KMP'!$K:$K,$D12,'10. 170KMP'!AK:AK) -> 13000000000 | AG12: =SUMIF('10. 170KMP'!$K:$K,$D12,'10. 170KMP'!AL:AL) -> 13000000000 | AH12: =SUMIF('10. 170KMP'!$K:$K,$D12,'10. 170KMP'!AM:AM) -> 13000000000 | AI12: =SUMIF('10. 170KMP'!$K:$K,$D12,'10. 170KMP'!AN:AN) -> 140000000000 | AJ12: =SUMIF('10. 170KMP'!$K:$K,$D12,'10. 170KMP'!AO:AO) -> 46516650441 | AK12: =SUMIF('10. 170KMP'!$K:$K,$D12,'10. 170KMP'!AP:AP) -> 9069607859 | AL12: =SUMIF('10. 170KMP'!$K:$K,$D12,'10. 170KMP'!AQ:AQ) -> 5963035131 | AM12: =SUMIF('10. 170KMP'!$K:$K,$D12,'10. 170KMP'!AR:AR) -> 11064188424 | AN12: =SUMIF('10. 170KMP'!$K:$K,$D12,'10. 170KMP'!AS:AS) -> 10571670369 | AO12: =SUMIF('10. 170KMP'!$K:$K,$D12,'10. 170KMP'!AT:AT) -> 9848148658 | AP12: =SUMIF('10. 170KMP'!$K:$K,$D12,'10. 170KMP'!AU:AU) -> 0 | AQ12: =SUMIF('10. 170KMP'!$K:$K,$D12,'10. 170KMP'!AV:AV) -> 0 | AR12: =SUMIF('10. 170KMP'!$K:$K,$D12,'10. 170KMP'!AW:AW) -> 0 | AS12: =SUMIF('10. 170KMP'!$K:$K,$D12,'10. 170KMP'!AX:AX) -> 0 | AT12: =SUMIF('10. 170KMP'!$K:$K,$D12,'10. 170KMP'!AY:AY) -> 0 | AU12: =SUMIF('10. 170KMP'!$K:$K,$D12,'10. 170KMP'!AZ:AZ) -> 0 | AV12: =SUMIF('10. 170KMP'!$K:$K,$D12,'10. 170KMP'!BA:BA) -> 0 | AW12: =AN12 -> 10571670369 | AX12: =AO12 -> 9848148658 | AY12: =AA12 -> 12500000000 | AZ12: =IFERROR(AX12/AW12,"") -> 0.93156032 | BA12: =IFERROR(AX12/AY12,"") -> 0.78785189 | BB12: =SUM(J12:N12) -> 0 | BC12: =SUM(AK12:AO12) -> 46516650441 | BD12: =SUM(W12:AA12) -> 51000000000 | BE12: =IFERROR(BC12/BB12,"") | BF12: =IFERROR(BC12/BD12,"") -> 0.91209119 | BG12: =IFERROR(BC12/AI12,"") -> 0.33226179
B13: 05 | C13: Chi phí nguyên vật liệu phụ | D13: 005 | E13: Chi phí hóa chất, dung môi, mực in, hạt màu, … | F13: Biến phí | G13: =SUMIF('10. 170KMP'!$K:$K,$D13,'10. 170KMP'!L:L) -> 0 | H13: =SUMIF('10. 170KMP'!$K:$K,$D13,'10. 170KMP'!M:M) -> 0 | I13: =SUMIF('10. 170KMP'!$K:$K,$D13,'10. 170KMP'!N:N) -> 0 | J13: =SUMIF('10. 170KMP'!$K:$K,$D13,'10. 170KMP'!O:O) -> 0 | K13: =SUMIF('10. 170KMP'!$K:$K,$D13,'10. 170KMP'!P:P) -> 0 | L13: =SUMIF('10. 170KMP'!$K:$K,$D13,'10. 170KMP'!Q:Q) -> 0 | M13: =SUMIF('10. 170KMP'!$K:$K,$D13,'10. 170KMP'!R:R) -> 0 | N13: =SUMIF('10. 170KMP'!$K:$K,$D13,'10. 170KMP'!S:S) -> 0 | O13: =SUMIF('10. 170KMP'!$K:$K,$D13,'10. 170KMP'!T:T) -> 0 | P13: =SUMIF('10. 170KMP'!$K:$K,$D13,'10. 170KMP'!U:U) -> 0 | Q13: =SUMIF('10. 170KMP'!$K:$K,$D13,'10. 170KMP'!V:V) -> 0 | R13: =SUMIF('10. 170KMP'!$K:$K,$D13,'10. 170KMP'!W:W) -> 0 | S13: =SUMIF('10. 170KMP'!$K:$K,$D13,'10. 170KMP'!X:X) -> 0 | T13: =SUMIF('10. 170KMP'!$K:$K,$D13,'10. 170KMP'!Y:Y) -> 0 | U13: =SUMIF('10. 170KMP'!$K:$K,$D13,'10. 170KMP'!Z:Z) -> 0 | V13: =SUMIF('10. 170KMP'!$K:$K,$D13,'10. 170KMP'!AA:AA) -> 0 | W13: =SUMIF('10. 170KMP'!$K:$K,$D13,'10. 170KMP'!AB:AB) -> 0 | X13: =SUMIF('10. 170KMP'!$K:$K,$D13,'10. 170KMP'!AC:AC) -> 0 | Y13: =SUMIF('10. 170KMP'!$K:$K,$D13,'10. 170KMP'!AD:AD) -> 0 | Z13: =SUMIF('10. 170KMP'!$K:$K,$D13,'10. 170KMP'!AE:AE) -> 0 | AA13: =SUMIF('10. 170KMP'!$K:$K,$D13,'10. 170KMP'!AF:AF) -> 0 | AB13: =SUMIF('10. 170KMP'!$K:$K,$D13,'10. 170KMP'!AG:AG) -> 0 | AC13: =SUMIF('10. 170KMP'!$K:$K,$D13,'10. 170KMP'!AH:AH) -> 0 | AD13: =SUMIF('10. 170KMP'!$K:$K,$D13,'10. 170KMP'!AI:AI) -> 0 | AE13: =SUMIF('10. 170KMP'!$K:$K,$D13,'10. 170KMP'!AJ:AJ) -> 0 | AF13: =SUMIF('10. 170KMP'!$K:$K,$D13,'10. 170KMP'!AK:AK) -> 0 | AG13: =SUMIF('10. 170KMP'!$K:$K,$D13,'10. 170KMP'!AL:AL) -> 0 | AH13: =SUMIF('10. 170KMP'!$K:$K,$D13,'10. 170KMP'!AM:AM) -> 0 | AI13: =SUMIF('10. 170KMP'!$K:$K,$D13,'10. 170KMP'!AN:AN) -> 0 | AJ13: =SUMIF('10. 170KMP'!$K:$K,$D13,'10. 170KMP'!AO:AO) -> 0 | AK13: =SUMIF('10. 170KMP'!$K:$K,$D13,'10. 170KMP'!AP:AP) -> 0 | AL13: =SUMIF('10. 170KMP'!$K:$K,$D13,'10. 170KMP'!AQ:AQ) -> 0 | AM13: =SUMIF('10. 170KMP'!$K:$K,$D13,'10. 170KMP'!AR:AR) -> 0 | AN13: =SUMIF('10. 170KMP'!$K:$K,$D13,'10. 170KMP'!AS:AS) -> 0 | AO13: =SUMIF('10. 170KMP'!$K:$K,$D13,'10. 170KMP'!AT:AT) -> 0 | AP13: =SUMIF('10. 170KMP'!$K:$K,$D13,'10. 170KMP'!AU:AU) -> 0 | AQ13: =SUMIF('10. 170KMP'!$K:$K,$D13,'10. 170KMP'!AV:AV) -> 0 | AR13: =SUMIF('10. 170KMP'!$K:$K,$D13,'10. 170KMP'!AW:AW) -> 0 | AS13: =SUMIF('10. 170KMP'!$K:$K,$D13,'10. 170KMP'!AX:AX) -> 0 | AT13: =SUMIF('10. 170KMP'!$K:$K,$D13,'10. 170KMP'!AY:AY) -> 0 | AU13: =SUMIF('10. 170KMP'!$K:$K,$D13,'10. 170KMP'!AZ:AZ) -> 0 | AV13: =SUMIF('10. 170KMP'!$K:$K,$D13,'10. 170KMP'!BA:BA) -> 0 | AW13: =AN13 -> 0 | AX13: =AO13 -> 0 | AY13: =AA13 -> 0 | AZ13: =IFERROR(AX13/AW13,"") | BA13: =IFERROR(AX13/AY13,"") | BB13: =SUM(J13:N13) -> 0 | BC13: =SUM(AK13:AO13) -> 0 | BD13: =SUM(W13:AA13) -> 0 | BE13: =IFERROR(BC13/BB13,"") | BF13: =IFERROR(BC13/BD13,"") | BG13: =IFERROR(BC13/AI13,"")
D14: 006 | E14: Chi phí nguyên vật liệu phụ khác | F14: Biến phí | G14: =SUMIF('10. 170KMP'!$K:$K,$D14,'10. 170KMP'!L:L) -> 0 | H14: =SUMIF('10. 170KMP'!$K:$K,$D14,'10. 170KMP'!M:M) -> 0 | I14: =SUMIF('10. 170KMP'!$K:$K,$D14,'10. 170KMP'!N:N) -> 0 | J14: =SUMIF('10. 170KMP'!$K:$K,$D14,'10. 170KMP'!O:O) -> 0 | K14: =SUMIF('10. 170KMP'!$K:$K,$D14,'10. 170KMP'!P:P) -> 0 | L14: =SUMIF('10. 170KMP'!$K:$K,$D14,'10. 170KMP'!Q:Q) -> 0 | M14: =SUMIF('10. 170KMP'!$K:$K,$D14,'10. 170KMP'!R:R) -> 0 | N14: =SUMIF('10. 170KMP'!$K:$K,$D14,'10. 170KMP'!S:S) -> 0 | O14: =SUMIF('10. 170KMP'!$K:$K,$D14,'10. 170KMP'!T:T) -> 0 | P14: =SUMIF('10. 170KMP'!$K:$K,$D14,'10. 170KMP'!U:U) -> 0 | Q14: =SUMIF('10. 170KMP'!$K:$K,$D14,'10. 170KMP'!V:V) -> 0 | R14: =SUMIF('10. 170KMP'!$K:$K,$D14,'10. 170KMP'!W:W) -> 0 | S14: =SUMIF('10. 170KMP'!$K:$K,$D14,'10. 170KMP'!X:X) -> 0 | T14: =SUMIF('10. 170KMP'!$K:$K,$D14,'10. 170KMP'!Y:Y) -> 0 | U14: =SUMIF('10. 170KMP'!$K:$K,$D14,'10. 170KMP'!Z:Z) -> 0 | V14: =SUMIF('10. 170KMP'!$K:$K,$D14,'10. 170KMP'!AA:AA) -> 0 | W14: =SUMIF('10. 170KMP'!$K:$K,$D14,'10. 170KMP'!AB:AB) -> 0 | X14: =SUMIF('10. 170KMP'!$K:$K,$D14,'10. 170KMP'!AC:AC) -> 0 | Y14: =SUMIF('10. 170KMP'!$K:$K,$D14,'10. 170KMP'!AD:AD) -> 0 | Z14: =SUMIF('10. 170KMP'!$K:$K,$D14,'10. 170KMP'!AE:AE) -> 0 | AA14: =SUMIF('10. 170KMP'!$K:$K,$D14,'10. 170KMP'!AF:AF) -> 0 | AB14: =SUMIF('10. 170KMP'!$K:$K,$D14,'10. 170KMP'!AG:AG) -> 0 | AC14: =SUMIF('10. 170KMP'!$K:$K,$D14,'10. 170KMP'!AH:AH) -> 0 | AD14: =SUMIF('10. 170KMP'!$K:$K,$D14,'10. 170KMP'!AI:AI) -> 0 | AE14: =SUMIF('10. 170KMP'!$K:$K,$D14,'10. 170KMP'!AJ:AJ) -> 0 | AF14: =SUMIF('10. 170KMP'!$K:$K,$D14,'10. 170KMP'!AK:AK) -> 0 | AG14: =SUMIF('10. 170KMP'!$K:$K,$D14,'10. 170KMP'!AL:AL) -> 0 | AH14: =SUMIF('10. 170KMP'!$K:$K,$D14,'10. 170KMP'!AM:AM) -> 0 | AI14: =SUMIF('10. 170KMP'!$K:$K,$D14,'10. 170KMP'!AN:AN) -> 0 | AJ14: =SUMIF('10. 170KMP'!$K:$K,$D14,'10. 170KMP'!AO:AO) -> 19346564 | AK14: =SUMIF('10. 170KMP'!$K:$K,$D14,'10. 170KMP'!AP:AP) -> 1000000 | AL14: =SUMIF('10. 170KMP'!$K:$K,$D14,'10. 170KMP'!AQ:AQ) -> 1000000 | AM14: =SUMIF('10. 170KMP'!$K:$K,$D14,'10. 170KMP'!AR:AR) -> 2000000 | AN14: =SUMIF('10. 170KMP'!$K:$K,$D14,'10. 170KMP'!AS:AS) -> 14346564 | AO14: =SUMIF('10. 170KMP'!$K:$K,$D14,'10. 170KMP'!AT:AT) -> 1000000 | AP14: =SUMIF('10. 170KMP'!$K:$K,$D14,'10. 170KMP'!AU:AU) -> 0 | AQ14: =SUMIF('10. 170KMP'!$K:$K,$D14,'10. 170KMP'!AV:AV) -> 0 | AR14: =SUMIF('10. 170KMP'!$K:$K,$D14,'10. 170KMP'!AW:AW) -> 0 | AS14: =SUMIF('10. 170KMP'!$K:$K,$D14,'10. 170KMP'!AX:AX) -> 0 | AT14: =SUMIF('10. 170KMP'!$K:$K,$D14,'10. 170KMP'!AY:AY) -> 0 | AU14: =SUMIF('10. 170KMP'!$K:$K,$D14,'10. 170KMP'!AZ:AZ) -> 0 | AV14: =SUMIF('10. 170KMP'!$K:$K,$D14,'10. 170KMP'!BA:BA) -> 0 | AW14: =AN14 -> 14346564 | AX14: =AO14 -> 1000000 | AY14: =AA14 -> 0 | AZ14: =IFERROR(AX14/AW14,"") -> 0.069703101 | BA14: =IFERROR(AX14/AY14,"") | BB14: =SUM(J14:N14) -> 0 | BC14: =SUM(AK14:AO14) -> 19346564 | BD14: =SUM(W14:AA14) -> 0 | BE14: =IFERROR(BC14/BB14,"") | BF14: =IFERROR(BC14/BD14,"") | BG14: =IFERROR(BC14/AI14,"")
B15: 06 | C15: Chi phí vật tư kỹ thuật phục vụ sản xuất | D15: 007 | E15: Chi phí lưới, dao, khuôn, xi, khắc | F15: Biến phí | G15: =SUMIF('10. 170KMP'!$K:$K,$D15,'10. 170KMP'!L:L) -> 0 | H15: =SUMIF('10. 170KMP'!$K:$K,$D15,'10. 170KMP'!M:M) -> 0 | I15: =SUMIF('10. 170KMP'!$K:$K,$D15,'10. 170KMP'!N:N) -> 0 | J15: =SUMIF('10. 170KMP'!$K:$K,$D15,'10. 170KMP'!O:O) -> 0 | K15: =SUMIF('10. 170KMP'!$K:$K,$D15,'10. 170KMP'!P:P) -> 0 | L15: =SUMIF('10. 170KMP'!$K:$K,$D15,'10. 170KMP'!Q:Q) -> 0 | M15: =SUMIF('10. 170KMP'!$K:$K,$D15,'10. 170KMP'!R:R) -> 0 | N15: =SUMIF('10. 170KMP'!$K:$K,$D15,'10. 170KMP'!S:S) -> 0 | O15: =SUMIF('10. 170KMP'!$K:$K,$D15,'10. 170KMP'!T:T) -> 0 | P15: =SUMIF('10. 170KMP'!$K:$K,$D15,'10. 170KMP'!U:U) -> 0 | Q15: =SUMIF('10. 170KMP'!$K:$K,$D15,'10. 170KMP'!V:V) -> 0 | R15: =SUMIF('10. 170KMP'!$K:$K,$D15,'10. 170KMP'!W:W) -> 0 | S15: =SUMIF('10. 170KMP'!$K:$K,$D15,'10. 170KMP'!X:X) -> 0 | T15: =SUMIF('10. 170KMP'!$K:$K,$D15,'10. 170KMP'!Y:Y) -> 0 | U15: =SUMIF('10. 170KMP'!$K:$K,$D15,'10. 170KMP'!Z:Z) -> 0 | V15: =SUMIF('10. 170KMP'!$K:$K,$D15,'10. 170KMP'!AA:AA) -> 0 | W15: =SUMIF('10. 170KMP'!$K:$K,$D15,'10. 170KMP'!AB:AB) -> 1.3009814e+08 | X15: =SUMIF('10. 170KMP'!$K:$K,$D15,'10. 170KMP'!AC:AC) -> 1.0118744e+08 | Y15: =SUMIF('10. 170KMP'!$K:$K,$D15,'10. 170KMP'!AD:AD) -> 1.4455349e+08 | Z15: =SUMIF('10. 170KMP'!$K:$K,$D15,'10. 170KMP'!AE:AE) -> 1.8067015e+08 | AA15: =SUMIF('10. 170KMP'!$K:$K,$D15,'10. 170KMP'!AF:AF) -> 1.8067015e+08 | AB15: =SUMIF('10. 170KMP'!$K:$K,$D15,'10. 170KMP'!AG:AG) -> 1.8067015e+08 | AC15: =SUMIF('10. 170KMP'!$K:$K,$D15,'10. 170KMP'!AH:AH) -> 1.8067015e+08 | AD15: =SUMIF('10. 170KMP'!$K:$K,$D15,'10. 170KMP'!AI:AI) -> 1.8067015e+08 | AE15: =SUMIF('10. 170KMP'!$K:$K,$D15,'10. 170KMP'!AJ:AJ) -> 1.8067015e+08 | AF15: =SUMIF('10. 170KMP'!$K:$K,$D15,'10. 170KMP'!AK:AK) -> 3.4276938e+08 | AG15: =SUMIF('10. 170KMP'!$K:$K,$D15,'10. 170KMP'!AL:AL) -> 3.4276938e+08 | AH15: =SUMIF('10. 170KMP'!$K:$K,$D15,'10. 170KMP'!AM:AM) -> 3.4276938e+08 | AI15: =SUMIF('10. 170KMP'!$K:$K,$D15,'10. 170KMP'!AN:AN) -> 2.4881681e+09 | AJ15: =SUMIF('10. 170KMP'!$K:$K,$D15,'10. 170KMP'!AO:AO) -> 712720001 | AK15: =SUMIF('10. 170KMP'!$K:$K,$D15,'10. 170KMP'!AP:AP) -> 124830001 | AL15: =SUMIF('10. 170KMP'!$K:$K,$D15,'10. 170KMP'!AQ:AQ) -> 142163333 | AM15: =SUMIF('10. 170KMP'!$K:$K,$D15,'10. 170KMP'!AR:AR) -> 125498333 | AN15: =SUMIF('10. 170KMP'!$K:$K,$D15,'10. 170KMP'!AS:AS) -> 166685000 | AO15: =SUMIF('10. 170KMP'!$K:$K,$D15,'10. 170KMP'!AT:AT) -> 153543334 | AP15: =SUMIF('10. 170KMP'!$K:$K,$D15,'10. 170KMP'!AU:AU) -> 0 | AQ15: =SUMIF('10. 170KMP'!$K:$K,$D15,'10. 170KMP'!AV:AV) -> 0 | AR15: =SUMIF('10. 170KMP'!$K:$K,$D15,'10. 170KMP'!AW:AW) -> 0 | AS15: =SUMIF('10. 170KMP'!$K:$K,$D15,'10. 170KMP'!AX:AX) -> 0 | AT15: =SUMIF('10. 170KMP'!$K:$K,$D15,'10. 170KMP'!AY:AY) -> 0 | AU15: =SUMIF('10. 170KMP'!$K:$K,$D15,'10. 170KMP'!AZ:AZ) -> 0 | AV15: =SUMIF('10. 170KMP'!$K:$K,$D15,'10. 170KMP'!BA:BA) -> 0 | AW15: =AN15 -> 166685000 | AX15: =AO15 -> 153543334 | AY15: =AA15 -> 1.8067015e+08 | AZ15: =IFERROR(AX15/AW15,"") -> 0.92115868 | BA15: =IFERROR(AX15/AY15,"") -> 0.84985445 | BB15: =SUM(J15:N15) -> 0 | BC15: =SUM(AK15:AO15) -> 712720001 | BD15: =SUM(W15:AA15) -> 7.3717937e+08 | BE15: =IFERROR(BC15/BB15,"") | BF15: =IFERROR(BC15/BD15,"") -> 0.96682033 | BG15: =IFERROR(BC15/AI15,"") -> 0.28644367
D16: 008 | E16: Chi phí vật tư kỹ thuật phục vụ sản xuất khác | F16: Biến phí | G16: =SUMIF('10. 170KMP'!$K:$K,$D16,'10. 170KMP'!L:L) -> 0 | H16: =SUMIF('10. 170KMP'!$K:$K,$D16,'10. 170KMP'!M:M) -> 0 | I16: =SUMIF('10. 170KMP'!$K:$K,$D16,'10. 170KMP'!N:N) -> 0 | J16: =SUMIF('10. 170KMP'!$K:$K,$D16,'10. 170KMP'!O:O) -> 0 | K16: =SUMIF('10. 170KMP'!$K:$K,$D16,'10. 170KMP'!P:P) -> 0 | L16: =SUMIF('10. 170KMP'!$K:$K,$D16,'10. 170KMP'!Q:Q) -> 0 | M16: =SUMIF('10. 170KMP'!$K:$K,$D16,'10. 170KMP'!R:R) -> 0 | N16: =SUMIF('10. 170KMP'!$K:$K,$D16,'10. 170KMP'!S:S) -> 0 | O16: =SUMIF('10. 170KMP'!$K:$K,$D16,'10. 170KMP'!T:T) -> 0 | P16: =SUMIF('10. 170KMP'!$K:$K,$D16,'10. 170KMP'!U:U) -> 0 | Q16: =SUMIF('10. 170KMP'!$K:$K,$D16,'10. 170KMP'!V:V) -> 0 | R16: =SUMIF('10. 170KMP'!$K:$K,$D16,'10. 170KMP'!W:W) -> 0 | S16: =SUMIF('10. 170KMP'!$K:$K,$D16,'10. 170KMP'!X:X) -> 0 | T16: =SUMIF('10. 170KMP'!$K:$K,$D16,'10. 170KMP'!Y:Y) -> 0 | U16: =SUMIF('10. 170KMP'!$K:$K,$D16,'10. 170KMP'!Z:Z) -> 0 | V16: =SUMIF('10. 170KMP'!$K:$K,$D16,'10. 170KMP'!AA:AA) -> 0 | W16: =SUMIF('10. 170KMP'!$K:$K,$D16,'10. 170KMP'!AB:AB) -> 10025500 | X16: =SUMIF('10. 170KMP'!$K:$K,$D16,'10. 170KMP'!AC:AC) -> 7116500 | Y16: =SUMIF('10. 170KMP'!$K:$K,$D16,'10. 170KMP'!AD:AD) -> 7001500 | Z16: =SUMIF('10. 170KMP'!$K:$K,$D16,'10. 170KMP'!AE:AE) -> 8541500 | AA16: =SUMIF('10. 170KMP'!$K:$K,$D16,'10. 170KMP'!AF:AF) -> 7241500 | AB16: =SUMIF('10. 170KMP'!$K:$K,$D16,'10. 170KMP'!AG:AG) -> 6899833 | AC16: =SUMIF('10. 170KMP'!$K:$K,$D16,'10. 170KMP'!AH:AH) -> 6276500 | AD16: =SUMIF('10. 170KMP'!$K:$K,$D16,'10. 170KMP'!AI:AI) -> 6391500 | AE16: =SUMIF('10. 170KMP'!$K:$K,$D16,'10. 170KMP'!AJ:AJ) -> 6126500 | AF16: =SUMIF('10. 170KMP'!$K:$K,$D16,'10. 170KMP'!AK:AK) -> 7666500 | AG16: =SUMIF('10. 170KMP'!$K:$K,$D16,'10. 170KMP'!AL:AL) -> 6126500 | AH16: =SUMIF('10. 170KMP'!$K:$K,$D16,'10. 170KMP'!AM:AM) -> 6241500 | AI16: =SUMIF('10. 170KMP'!$K:$K,$D16,'10. 170KMP'!AN:AN) -> 85655333 | AJ16: =SUMIF('10. 170KMP'!$K:$K,$D16,'10. 170KMP'!AO:AO) -> 57714164 | AK16: =SUMIF('10. 170KMP'!$K:$K,$D16,'10. 170KMP'!AP:AP) -> 10800856 | AL16: =SUMIF('10. 170KMP'!$K:$K,$D16,'10. 170KMP'!AQ:AQ) -> 10513707 | AM16: =SUMIF('10. 170KMP'!$K:$K,$D16,'10. 170KMP'!AR:AR) -> 13477838 | AN16: =SUMIF('10. 170KMP'!$K:$K,$D16,'10. 170KMP'!AS:AS) -> 13594734 | AO16: =SUMIF('10. 170KMP'!$K:$K,$D16,'10. 170KMP'!AT:AT) -> 9327029 | AP16: =SUMIF('10. 170KMP'!$K:$K,$D16,'10. 170KMP'!AU:AU) -> 0 | AQ16: =SUMIF('10. 170KMP'!$K:$K,$D16,'10. 170KMP'!AV:AV) -> 0 | AR16: =SUMIF('10. 170KMP'!$K:$K,$D16,'10. 170KMP'!AW:AW) -> 0 | AS16: =SUMIF('10. 170KMP'!$K:$K,$D16,'10. 170KMP'!AX:AX) -> 0 | AT16: =SUMIF('10. 170KMP'!$K:$K,$D16,'10. 170KMP'!AY:AY) -> 0 | AU16: =SUMIF('10. 170KMP'!$K:$K,$D16,'10. 170KMP'!AZ:AZ) -> 0 | AV16: =SUMIF('10. 170KMP'!$K:$K,$D16,'10. 170KMP'!BA:BA) -> 0 | AW16: =AN16 -> 13594734 | AX16: =AO16 -> 9327029 | AY16: =AA16 -> 7241500 | AZ16: =IFERROR(AX16/AW16,"") -> 0.68607661 | BA16: =IFERROR(AX16/AY16,"") -> 1.2879968 | BB16: =SUM(J16:N16) -> 0 | BC16: =SUM(AK16:AO16) -> 57714164 | BD16: =SUM(W16:AA16) -> 39926500 | BE16: =IFERROR(BC16/BB16,"") | BF16: =IFERROR(BC16/BD16,"") -> 1.4455102 | BG16: =IFERROR(BC16/AI16,"") -> 0.67379534
B17: 07 | C17: Chi phí bao bì | D17: 009 | E17: Chi phí bao jumbo | F17: Biến phí | G17: =SUMIF('10. 170KMP'!$K:$K,$D17,'10. 170KMP'!L:L) -> 0 | H17: =SUMIF('10. 170KMP'!$K:$K,$D17,'10. 170KMP'!M:M) -> 0 | I17: =SUMIF('10. 170KMP'!$K:$K,$D17,'10. 170KMP'!N:N) -> 0 | J17: =SUMIF('10. 170KMP'!$K:$K,$D17,'10. 170KMP'!O:O) -> 0 | K17: =SUMIF('10. 170KMP'!$K:$K,$D17,'10. 170KMP'!P:P) -> 0 | L17: =SUMIF('10. 170KMP'!$K:$K,$D17,'10. 170KMP'!Q:Q) -> 0 | M17: =SUMIF('10. 170KMP'!$K:$K,$D17,'10. 170KMP'!R:R) -> 0 | N17: =SUMIF('10. 170KMP'!$K:$K,$D17,'10. 170KMP'!S:S) -> 0 | O17: =SUMIF('10. 170KMP'!$K:$K,$D17,'10. 170KMP'!T:T) -> 0 | P17: =SUMIF('10. 170KMP'!$K:$K,$D17,'10. 170KMP'!U:U) -> 0 | Q17: =SUMIF('10. 170KMP'!$K:$K,$D17,'10. 170KMP'!V:V) -> 0 | R17: =SUMIF('10. 170KMP'!$K:$K,$D17,'10. 170KMP'!W:W) -> 0 | S17: =SUMIF('10. 170KMP'!$K:$K,$D17,'10. 170KMP'!X:X) -> 0 | T17: =SUMIF('10. 170KMP'!$K:$K,$D17,'10. 170KMP'!Y:Y) -> 0 | U17: =SUMIF('10. 170KMP'!$K:$K,$D17,'10. 170KMP'!Z:Z) -> 0 | V17: =SUMIF('10. 170KMP'!$K:$K,$D17,'10. 170KMP'!AA:AA) -> 0 | W17: =SUMIF('10. 170KMP'!$K:$K,$D17,'10. 170KMP'!AB:AB) -> 0 | X17: =SUMIF('10. 170KMP'!$K:$K,$D17,'10. 170KMP'!AC:AC) -> 0 | Y17: =SUMIF('10. 170KMP'!$K:$K,$D17,'10. 170KMP'!AD:AD) -> 0 | Z17: =SUMIF('10. 170KMP'!$K:$K,$D17,'10. 170KMP'!AE:AE) -> 0 | AA17: =SUMIF('10. 170KMP'!$K:$K,$D17,'10. 170KMP'!AF:AF) -> 0 | AB17: =SUMIF('10. 170KMP'!$K:$K,$D17,'10. 170KMP'!AG:AG) -> 0 | AC17: =SUMIF('10. 170KMP'!$K:$K,$D17,'10. 170KMP'!AH:AH) -> 0 | AD17: =SUMIF('10. 170KMP'!$K:$K,$D17,'10. 170KMP'!AI:AI) -> 0 | AE17: =SUMIF('10. 170KMP'!$K:$K,$D17,'10. 170KMP'!AJ:AJ) -> 0 | AF17: =SUMIF('10. 170KMP'!$K:$K,$D17,'10. 170KMP'!AK:AK) -> 0 | AG17: =SUMIF('10. 170KMP'!$K:$K,$D17,'10. 170KMP'!AL:AL) -> 0 | AH17: =SUMIF('10. 170KMP'!$K:$K,$D17,'10. 170KMP'!AM:AM) -> 0 | AI17: =SUMIF('10. 170KMP'!$K:$K,$D17,'10. 170KMP'!AN:AN) -> 0 | AJ17: =SUMIF('10. 170KMP'!$K:$K,$D17,'10. 170KMP'!AO:AO) -> 0 | AK17: =SUMIF('10. 170KMP'!$K:$K,$D17,'10. 170KMP'!AP:AP) -> 0 | AL17: =SUMIF('10. 170KMP'!$K:$K,$D17,'10. 170KMP'!AQ:AQ) -> 0 | AM17: =SUMIF('10. 170KMP'!$K:$K,$D17,'10. 170KMP'!AR:AR) -> 0 | AN17: =SUMIF('10. 170KMP'!$K:$K,$D17,'10. 170KMP'!AS:AS) -> 0 | AO17: =SUMIF('10. 170KMP'!$K:$K,$D17,'10. 170KMP'!AT:AT) -> 0 | AP17: =SUMIF('10. 170KMP'!$K:$K,$D17,'10. 170KMP'!AU:AU) -> 0 | AQ17: =SUMIF('10. 170KMP'!$K:$K,$D17,'10. 170KMP'!AV:AV) -> 0 | AR17: =SUMIF('10. 170KMP'!$K:$K,$D17,'10. 170KMP'!AW:AW) -> 0 | AS17: =SUMIF('10. 170KMP'!$K:$K,$D17,'10. 170KMP'!AX:AX) -> 0 | AT17: =SUMIF('10. 170KMP'!$K:$K,$D17,'10. 170KMP'!AY:AY) -> 0 | AU17: =SUMIF('10. 170KMP'!$K:$K,$D17,'10. 170KMP'!AZ:AZ) -> 0 | AV17: =SUMIF('10. 170KMP'!$K:$K,$D17,'10. 170KMP'!BA:BA) -> 0 | AW17: =AN17 -> 0 | AX17: =AO17 -> 0 | AY17: =AA17 -> 0 | AZ17: =IFERROR(AX17/AW17,"") | BA17: =IFERROR(AX17/AY17,"") | BB17: =SUM(J17:N17) -> 0 | BC17: =SUM(AK17:AO17) -> 0 | BD17: =SUM(W17:AA17) -> 0 | BE17: =IFERROR(BC17/BB17,"") | BF17: =IFERROR(BC17/BD17,"") | BG17: =IFERROR(BC17/AI17,"")
D18: 010 | E18: Chi phí bao PE | F18: Biến phí | G18: =SUMIF('10. 170KMP'!$K:$K,$D18,'10. 170KMP'!L:L) -> 0 | H18: =SUMIF('10. 170KMP'!$K:$K,$D18,'10. 170KMP'!M:M) -> 0 | I18: =SUMIF('10. 170KMP'!$K:$K,$D18,'10. 170KMP'!N:N) -> 0 | J18: =SUMIF('10. 170KMP'!$K:$K,$D18,'10. 170KMP'!O:O) -> 0 | K18: =SUMIF('10. 170KMP'!$K:$K,$D18,'10. 170KMP'!P:P) -> 0 | L18: =SUMIF('10. 170KMP'!$K:$K,$D18,'10. 170KMP'!Q:Q) -> 0 | M18: =SUMIF('10. 170KMP'!$K:$K,$D18,'10. 170KMP'!R:R) -> 0 | N18: =SUMIF('10. 170KMP'!$K:$K,$D18,'10. 170KMP'!S:S) -> 0 | O18: =SUMIF('10. 170KMP'!$K:$K,$D18,'10. 170KMP'!T:T) -> 0 | P18: =SUMIF('10. 170KMP'!$K:$K,$D18,'10. 170KMP'!U:U) -> 0 | Q18: =SUMIF('10. 170KMP'!$K:$K,$D18,'10. 170KMP'!V:V) -> 0 | R18: =SUMIF('10. 170KMP'!$K:$K,$D18,'10. 170KMP'!W:W) -> 0 | S18: =SUMIF('10. 170KMP'!$K:$K,$D18,'10. 170KMP'!X:X) -> 0 | T18: =SUMIF('10. 170KMP'!$K:$K,$D18,'10. 170KMP'!Y:Y) -> 0 | U18: =SUMIF('10. 170KMP'!$K:$K,$D18,'10. 170KMP'!Z:Z) -> 0 | V18: =SUMIF('10. 170KMP'!$K:$K,$D18,'10. 170KMP'!AA:AA) -> 0 | W18: =SUMIF('10. 170KMP'!$K:$K,$D18,'10. 170KMP'!AB:AB) -> 0 | X18: =SUMIF('10. 170KMP'!$K:$K,$D18,'10. 170KMP'!AC:AC) -> 0 | Y18: =SUMIF('10. 170KMP'!$K:$K,$D18,'10. 170KMP'!AD:AD) -> 0 | Z18: =SUMIF('10. 170KMP'!$K:$K,$D18,'10. 170KMP'!AE:AE) -> 0 | AA18: =SUMIF('10. 170KMP'!$K:$K,$D18,'10. 170KMP'!AF:AF) -> 0 | AB18: =SUMIF('10. 170KMP'!$K:$K,$D18,'10. 170KMP'!AG:AG) -> 0 | AC18: =SUMIF('10. 170KMP'!$K:$K,$D18,'10. 170KMP'!AH:AH) -> 0 | AD18: =SUMIF('10. 170KMP'!$K:$K,$D18,'10. 170KMP'!AI:AI) -> 0 | AE18: =SUMIF('10. 170KMP'!$K:$K,$D18,'10. 170KMP'!AJ:AJ) -> 0 | AF18: =SUMIF('10. 170KMP'!$K:$K,$D18,'10. 170KMP'!AK:AK) -> 0 | AG18: =SUMIF('10. 170KMP'!$K:$K,$D18,'10. 170KMP'!AL:AL) -> 0 | AH18: =SUMIF('10. 170KMP'!$K:$K,$D18,'10. 170KMP'!AM:AM) -> 0 | AI18: =SUMIF('10. 170KMP'!$K:$K,$D18,'10. 170KMP'!AN:AN) -> 0 | AJ18: =SUMIF('10. 170KMP'!$K:$K,$D18,'10. 170KMP'!AO:AO) -> 0 | AK18: =SUMIF('10. 170KMP'!$K:$K,$D18,'10. 170KMP'!AP:AP) -> 0 | AL18: =SUMIF('10. 170KMP'!$K:$K,$D18,'10. 170KMP'!AQ:AQ) -> 0 | AM18: =SUMIF('10. 170KMP'!$K:$K,$D18,'10. 170KMP'!AR:AR) -> 0 | AN18: =SUMIF('10. 170KMP'!$K:$K,$D18,'10. 170KMP'!AS:AS) -> 0 | AO18: =SUMIF('10. 170KMP'!$K:$K,$D18,'10. 170KMP'!AT:AT) -> 0 | AP18: =SUMIF('10. 170KMP'!$K:$K,$D18,'10. 170KMP'!AU:AU) -> 0 | AQ18: =SUMIF('10. 170KMP'!$K:$K,$D18,'10. 170KMP'!AV:AV) -> 0 | AR18: =SUMIF('10. 170KMP'!$K:$K,$D18,'10. 170KMP'!AW:AW) -> 0 | AS18: =SUMIF('10. 170KMP'!$K:$K,$D18,'10. 170KMP'!AX:AX) -> 0 | AT18: =SUMIF('10. 170KMP'!$K:$K,$D18,'10. 170KMP'!AY:AY) -> 0 | AU18: =SUMIF('10. 170KMP'!$K:$K,$D18,'10. 170KMP'!AZ:AZ) -> 0 | AV18: =SUMIF('10. 170KMP'!$K:$K,$D18,'10. 170KMP'!BA:BA) -> 0 | AW18: =AN18 -> 0 | AX18: =AO18 -> 0 | AY18: =AA18 -> 0 | AZ18: =IFERROR(AX18/AW18,"") | BA18: =IFERROR(AX18/AY18,"") | BB18: =SUM(J18:N18) -> 0 | BC18: =SUM(AK18:AO18) -> 0 | BD18: =SUM(W18:AA18) -> 0 | BE18: =IFERROR(BC18/BB18,"") | BF18: =IFERROR(BC18/BD18,"") | BG18: =IFERROR(BC18/AI18,"")
D19: 011 | E19: Chi phí pallet | F19: Biến phí | G19: =SUMIF('10. 170KMP'!$K:$K,$D19,'10. 170KMP'!L:L) -> 0 | H19: =SUMIF('10. 170KMP'!$K:$K,$D19,'10. 170KMP'!M:M) -> 0 | I19: =SUMIF('10. 170KMP'!$K:$K,$D19,'10. 170KMP'!N:N) -> 0 | J19: =SUMIF('10. 170KMP'!$K:$K,$D19,'10. 170KMP'!O:O) -> 0 | K19: =SUMIF('10. 170KMP'!$K:$K,$D19,'10. 170KMP'!P:P) -> 0 | L19: =SUMIF('10. 170KMP'!$K:$K,$D19,'10. 170KMP'!Q:Q) -> 0 | M19: =SUMIF('10. 170KMP'!$K:$K,$D19,'10. 170KMP'!R:R) -> 0 | N19: =SUMIF('10. 170KMP'!$K:$K,$D19,'10. 170KMP'!S:S) -> 0 | O19: =SUMIF('10. 170KMP'!$K:$K,$D19,'10. 170KMP'!T:T) -> 0 | P19: =SUMIF('10. 170KMP'!$K:$K,$D19,'10. 170KMP'!U:U) -> 0 | Q19: =SUMIF('10. 170KMP'!$K:$K,$D19,'10. 170KMP'!V:V) -> 0 | R19: =SUMIF('10. 170KMP'!$K:$K,$D19,'10. 170KMP'!W:W) -> 0 | S19: =SUMIF('10. 170KMP'!$K:$K,$D19,'10. 170KMP'!X:X) -> 0 | T19: =SUMIF('10. 170KMP'!$K:$K,$D19,'10. 170KMP'!Y:Y) -> 0 | U19: =SUMIF('10. 170KMP'!$K:$K,$D19,'10. 170KMP'!Z:Z) -> 0 | V19: =SUMIF('10. 170KMP'!$K:$K,$D19,'10. 170KMP'!AA:AA) -> 0 | W19: =SUMIF('10. 170KMP'!$K:$K,$D19,'10. 170KMP'!AB:AB) -> 77386422 | X19: =SUMIF('10. 170KMP'!$K:$K,$D19,'10. 170KMP'!AC:AC) -> 60189440 | Y19: =SUMIF('10. 170KMP'!$K:$K,$D19,'10. 170KMP'!AD:AD) -> 85984914 | Z19: =SUMIF('10. 170KMP'!$K:$K,$D19,'10. 170KMP'!AE:AE) -> 1.0745956e+08 | AA19: =SUMIF('10. 170KMP'!$K:$K,$D19,'10. 170KMP'!AF:AF) -> 1.0745956e+08 | AB19: =SUMIF('10. 170KMP'!$K:$K,$D19,'10. 170KMP'!AG:AG) -> 1.0745956e+08 | AC19: =SUMIF('10. 170KMP'!$K:$K,$D19,'10. 170KMP'!AH:AH) -> 1.0745956e+08 | AD19: =SUMIF('10. 170KMP'!$K:$K,$D19,'10. 170KMP'!AI:AI) -> 1.0745956e+08 | AE19: =SUMIF('10. 170KMP'!$K:$K,$D19,'10. 170KMP'!AJ:AJ) -> 1.0745956e+08 | AF19: =SUMIF('10. 170KMP'!$K:$K,$D19,'10. 170KMP'!AK:AK) -> 1.4211633e+08 | AG19: =SUMIF('10. 170KMP'!$K:$K,$D19,'10. 170KMP'!AL:AL) -> 1.4211633e+08 | AH19: =SUMIF('10. 170KMP'!$K:$K,$D19,'10. 170KMP'!AM:AM) -> 1.4211633e+08 | AI19: =SUMIF('10. 170KMP'!$K:$K,$D19,'10. 170KMP'!AN:AN) -> 1.2946671e+09 | AJ19: =SUMIF('10. 170KMP'!$K:$K,$D19,'10. 170KMP'!AO:AO) -> 221985940 | AK19: =SUMIF('10. 170KMP'!$K:$K,$D19,'10. 170KMP'!AP:AP) -> 34725069 | AL19: =SUMIF('10. 170KMP'!$K:$K,$D19,'10. 170KMP'!AQ:AQ) -> 23690775 | AM19: =SUMIF('10. 170KMP'!$K:$K,$D19,'10. 170KMP'!AR:AR) -> 83036407 | AN19: =SUMIF('10. 170KMP'!$K:$K,$D19,'10. 170KMP'!AS:AS) -> 46534296 | AO19: =SUMIF('10. 170KMP'!$K:$K,$D19,'10. 170KMP'!AT:AT) -> 33999393 | AP19: =SUMIF('10. 170KMP'!$K:$K,$D19,'10. 170KMP'!AU:AU) -> 0 | AQ19: =SUMIF('10. 170KMP'!$K:$K,$D19,'10. 170KMP'!AV:AV) -> 0 | AR19: =SUMIF('10. 170KMP'!$K:$K,$D19,'10. 170KMP'!AW:AW) -> 0 | AS19: =SUMIF('10. 170KMP'!$K:$K,$D19,'10. 170KMP'!AX:AX) -> 0 | AT19: =SUMIF('10. 170KMP'!$K:$K,$D19,'10. 170KMP'!AY:AY) -> 0 | AU19: =SUMIF('10. 170KMP'!$K:$K,$D19,'10. 170KMP'!AZ:AZ) -> 0 | AV19: =SUMIF('10. 170KMP'!$K:$K,$D19,'10. 170KMP'!BA:BA) -> 0 | AW19: =AN19 -> 46534296 | AX19: =AO19 -> 33999393 | AY19: =AA19 -> 1.0745956e+08 | AZ19: =IFERROR(AX19/AW19,"") -> 0.73063087 | BA19: =IFERROR(AX19/AY19,"") -> 0.31639246 | BB19: =SUM(J19:N19) -> 0 | BC19: =SUM(AK19:AO19) -> 221985940 | BD19: =SUM(W19:AA19) -> 4.3847989e+08 | BE19: =IFERROR(BC19/BB19,"") | BF19: =IFERROR(BC19/BD19,"") -> 0.50626253 | BG19: =IFERROR(BC19/AI19,"") -> 0.17146179
D20: 012 | E20: Chi phí dây đai | F20: Biến phí | G20: =SUMIF('10. 170KMP'!$K:$K,$D20,'10. 170KMP'!L:L) -> 0 | H20: =SUMIF('10. 170KMP'!$K:$K,$D20,'10. 170KMP'!M:M) -> 0 | I20: =SUMIF('10. 170KMP'!$K:$K,$D20,'10. 170KMP'!N:N) -> 0 | J20: =SUMIF('10. 170KMP'!$K:$K,$D20,'10. 170KMP'!O:O) -> 0 | K20: =SUMIF('10. 170KMP'!$K:$K,$D20,'10. 170KMP'!P:P) -> 0 | L20: =SUMIF('10. 170KMP'!$K:$K,$D20,'10. 170KMP'!Q:Q) -> 0 | M20: =SUMIF('10. 170KMP'!$K:$K,$D20,'10. 170KMP'!R:R) -> 0 | N20: =SUMIF('10. 170KMP'!$K:$K,$D20,'10. 170KMP'!S:S) -> 0 | O20: =SUMIF('10. 170KMP'!$K:$K,$D20,'10. 170KMP'!T:T) -> 0 | P20: =SUMIF('10. 170KMP'!$K:$K,$D20,'10. 170KMP'!U:U) -> 0 | Q20: =SUMIF('10. 170KMP'!$K:$K,$D20,'10. 170KMP'!V:V) -> 0 | R20: =SUMIF('10. 170KMP'!$K:$K,$D20,'10. 170KMP'!W:W) -> 0 | S20: =SUMIF('10. 170KMP'!$K:$K,$D20,'10. 170KMP'!X:X) -> 0 | T20: =SUMIF('10. 170KMP'!$K:$K,$D20,'10. 170KMP'!Y:Y) -> 0 | U20: =SUMIF('10. 170KMP'!$K:$K,$D20,'10. 170KMP'!Z:Z) -> 0 | V20: =SUMIF('10. 170KMP'!$K:$K,$D20,'10. 170KMP'!AA:AA) -> 0 | W20: =SUMIF('10. 170KMP'!$K:$K,$D20,'10. 170KMP'!AB:AB) -> 0 | X20: =SUMIF('10. 170KMP'!$K:$K,$D20,'10. 170KMP'!AC:AC) -> 0 | Y20: =SUMIF('10. 170KMP'!$K:$K,$D20,'10. 170KMP'!AD:AD) -> 0 | Z20: =SUMIF('10. 170KMP'!$K:$K,$D20,'10. 170KMP'!AE:AE) -> 0 | AA20: =SUMIF('10. 170KMP'!$K:$K,$D20,'10. 170KMP'!AF:AF) -> 0 | AB20: =SUMIF('10. 170KMP'!$K:$K,$D20,'10. 170KMP'!AG:AG) -> 0 | AC20: =SUMIF('10. 170KMP'!$K:$K,$D20,'10. 170KMP'!AH:AH) -> 0 | AD20: =SUMIF('10. 170KMP'!$K:$K,$D20,'10. 170KMP'!AI:AI) -> 0 | AE20: =SUMIF('10. 170KMP'!$K:$K,$D20,'10. 170KMP'!AJ:AJ) -> 0 | AF20: =SUMIF('10. 170KMP'!$K:$K,$D20,'10. 170KMP'!AK:AK) -> 0 | AG20: =SUMIF('10. 170KMP'!$K:$K,$D20,'10. 170KMP'!AL:AL) -> 0 | AH20: =SUMIF('10. 170KMP'!$K:$K,$D20,'10. 170KMP'!AM:AM) -> 0 | AI20: =SUMIF('10. 170KMP'!$K:$K,$D20,'10. 170KMP'!AN:AN) -> 0 | AJ20: =SUMIF('10. 170KMP'!$K:$K,$D20,'10. 170KMP'!AO:AO) -> 0 | AK20: =SUMIF('10. 170KMP'!$K:$K,$D20,'10. 170KMP'!AP:AP) -> 0 | AL20: =SUMIF('10. 170KMP'!$K:$K,$D20,'10. 170KMP'!AQ:AQ) -> 0 | AM20: =SUMIF('10. 170KMP'!$K:$K,$D20,'10. 170KMP'!AR:AR) -> 0 | AN20: =SUMIF('10. 170KMP'!$K:$K,$D20,'10. 170KMP'!AS:AS) -> 0 | AO20: =SUMIF('10. 170KMP'!$K:$K,$D20,'10. 170KMP'!AT:AT) -> 0 | AP20: =SUMIF('10. 170KMP'!$K:$K,$D20,'10. 170KMP'!AU:AU) -> 0 | AQ20: =SUMIF('10. 170KMP'!$K:$K,$D20,'10. 170KMP'!AV:AV) -> 0 | AR20: =SUMIF('10. 170KMP'!$K:$K,$D20,'10. 170KMP'!AW:AW) -> 0 | AS20: =SUMIF('10. 170KMP'!$K:$K,$D20,'10. 170KMP'!AX:AX) -> 0 | AT20: =SUMIF('10. 170KMP'!$K:$K,$D20,'10. 170KMP'!AY:AY) -> 0 | AU20: =SUMIF('10. 170KMP'!$K:$K,$D20,'10. 170KMP'!AZ:AZ) -> 0 | AV20: =SUMIF('10. 170KMP'!$K:$K,$D20,'10. 170KMP'!BA:BA) -> 0 | AW20: =AN20 -> 0 | AX20: =AO20 -> 0 | AY20: =AA20 -> 0 | AZ20: =IFERROR(AX20/AW20,"") | BA20: =IFERROR(AX20/AY20,"") | BB20: =SUM(J20:N20) -> 0 | BC20: =SUM(AK20:AO20) -> 0 | BD20: =SUM(W20:AA20) -> 0 | BE20: =IFERROR(BC20/BB20,"") | BF20: =IFERROR(BC20/BD20,"") | BG20: =IFERROR(BC20/AI20,"")
D21: 013 | E21: Chi phí bao bì khác | F21: Biến phí | G21: =SUMIF('10. 170KMP'!$K:$K,$D21,'10. 170KMP'!L:L) -> 0 | H21: =SUMIF('10. 170KMP'!$K:$K,$D21,'10. 170KMP'!M:M) -> 0 | I21: =SUMIF('10. 170KMP'!$K:$K,$D21,'10. 170KMP'!N:N) -> 0 | J21: =SUMIF('10. 170KMP'!$K:$K,$D21,'10. 170KMP'!O:O) -> 0 | K21: =SUMIF('10. 170KMP'!$K:$K,$D21,'10. 170KMP'!P:P) -> 0 | L21: =SUMIF('10. 170KMP'!$K:$K,$D21,'10. 170KMP'!Q:Q) -> 0 | M21: =SUMIF('10. 170KMP'!$K:$K,$D21,'10. 170KMP'!R:R) -> 0 | N21: =SUMIF('10. 170KMP'!$K:$K,$D21,'10. 170KMP'!S:S) -> 0 | O21: =SUMIF('10. 170KMP'!$K:$K,$D21,'10. 170KMP'!T:T) -> 0 | P21: =SUMIF('10. 170KMP'!$K:$K,$D21,'10. 170KMP'!U:U) -> 0 | Q21: =SUMIF('10. 170KMP'!$K:$K,$D21,'10. 170KMP'!V:V) -> 0 | R21: =SUMIF('10. 170KMP'!$K:$K,$D21,'10. 170KMP'!W:W) -> 0 | S21: =SUMIF('10. 170KMP'!$K:$K,$D21,'10. 170KMP'!X:X) -> 0 | T21: =SUMIF('10. 170KMP'!$K:$K,$D21,'10. 170KMP'!Y:Y) -> 0 | U21: =SUMIF('10. 170KMP'!$K:$K,$D21,'10. 170KMP'!Z:Z) -> 0 | V21: =SUMIF('10. 170KMP'!$K:$K,$D21,'10. 170KMP'!AA:AA) -> 0 | W21: =SUMIF('10. 170KMP'!$K:$K,$D21,'10. 170KMP'!AB:AB) -> 0 | X21: =SUMIF('10. 170KMP'!$K:$K,$D21,'10. 170KMP'!AC:AC) -> 0 | Y21: =SUMIF('10. 170KMP'!$K:$K,$D21,'10. 170KMP'!AD:AD) -> 0 | Z21: =SUMIF('10. 170KMP'!$K:$K,$D21,'10. 170KMP'!AE:AE) -> 0 | AA21: =SUMIF('10. 170KMP'!$K:$K,$D21,'10. 170KMP'!AF:AF) -> 0 | AB21: =SUMIF('10. 170KMP'!$K:$K,$D21,'10. 170KMP'!AG:AG) -> 0 | AC21: =SUMIF('10. 170KMP'!$K:$K,$D21,'10. 170KMP'!AH:AH) -> 0 | AD21: =SUMIF('10. 170KMP'!$K:$K,$D21,'10. 170KMP'!AI:AI) -> 0 | AE21: =SUMIF('10. 170KMP'!$K:$K,$D21,'10. 170KMP'!AJ:AJ) -> 0 | AF21: =SUMIF('10. 170KMP'!$K:$K,$D21,'10. 170KMP'!AK:AK) -> 0 | AG21: =SUMIF('10. 170KMP'!$K:$K,$D21,'10. 170KMP'!AL:AL) -> 0 | AH21: =SUMIF('10. 170KMP'!$K:$K,$D21,'10. 170KMP'!AM:AM) -> 0 | AI21: =SUMIF('10. 170KMP'!$K:$K,$D21,'10. 170KMP'!AN:AN) -> 0 | AJ21: =SUMIF('10. 170KMP'!$K:$K,$D21,'10. 170KMP'!AO:AO) -> 0 | AK21: =SUMIF('10. 170KMP'!$K:$K,$D21,'10. 170KMP'!AP:AP) -> 0 | AL21: =SUMIF('10. 170KMP'!$K:$K,$D21,'10. 170KMP'!AQ:AQ) -> 0 | AM21: =SUMIF('10. 170KMP'!$K:$K,$D21,'10. 170KMP'!AR:AR) -> 0 | AN21: =SUMIF('10. 170KMP'!$K:$K,$D21,'10. 170KMP'!AS:AS) -> 0 | AO21: =SUMIF('10. 170KMP'!$K:$K,$D21,'10. 170KMP'!AT:AT) -> 0 | AP21: =SUMIF('10. 170KMP'!$K:$K,$D21,'10. 170KMP'!AU:AU) -> 0 | AQ21: =SUMIF('10. 170KMP'!$K:$K,$D21,'10. 170KMP'!AV:AV) -> 0 | AR21: =SUMIF('10. 170KMP'!$K:$K,$D21,'10. 170KMP'!AW:AW) -> 0 | AS21: =SUMIF('10. 170KMP'!$K:$K,$D21,'10. 170KMP'!AX:AX) -> 0 | AT21: =SUMIF('10. 170KMP'!$K:$K,$D21,'10. 170KMP'!AY:AY) -> 0 | AU21: =SUMIF('10. 170KMP'!$K:$K,$D21,'10. 170KMP'!AZ:AZ) -> 0 | AV21: =SUMIF('10. 170KMP'!$K:$K,$D21,'10. 170KMP'!BA:BA) -> 0 | AW21: =AN21 -> 0 | AX21: =AO21 -> 0 | AY21: =AA21 -> 0 | AZ21: =IFERROR(AX21/AW21,"") | BA21: =IFERROR(AX21/AY21,"") | BB21: =SUM(J21:N21) -> 0 | BC21: =SUM(AK21:AO21) -> 0 | BD21: =SUM(W21:AA21) -> 0 | BE21: =IFERROR(BC21/BB21,"") | BF21: =IFERROR(BC21/BD21,"") | BG21: =IFERROR(BC21/AI21,"")
B22: 08 | C22: Chi phí điện | D22: 014 | E22: Chi phí điện | F22: Biến phí | G22: =SUMIF('10. 170KMP'!$K:$K,$D22,'10. 170KMP'!L:L) -> 0 | H22: =SUMIF('10. 170KMP'!$K:$K,$D22,'10. 170KMP'!M:M) -> 0 | I22: =SUMIF('10. 170KMP'!$K:$K,$D22,'10. 170KMP'!N:N) -> 0 | J22: =SUMIF('10. 170KMP'!$K:$K,$D22,'10. 170KMP'!O:O) -> 0 | K22: =SUMIF('10. 170KMP'!$K:$K,$D22,'10. 170KMP'!P:P) -> 0 | L22: =SUMIF('10. 170KMP'!$K:$K,$D22,'10. 170KMP'!Q:Q) -> 0 | M22: =SUMIF('10. 170KMP'!$K:$K,$D22,'10. 170KMP'!R:R) -> 0 | N22: =SUMIF('10. 170KMP'!$K:$K,$D22,'10. 170KMP'!S:S) -> 0 | O22: =SUMIF('10. 170KMP'!$K:$K,$D22,'10. 170KMP'!T:T) -> 0 | P22: =SUMIF('10. 170KMP'!$K:$K,$D22,'10. 170KMP'!U:U) -> 0 | Q22: =SUMIF('10. 170KMP'!$K:$K,$D22,'10. 170KMP'!V:V) -> 0 | R22: =SUMIF('10. 170KMP'!$K:$K,$D22,'10. 170KMP'!W:W) -> 0 | S22: =SUMIF('10. 170KMP'!$K:$K,$D22,'10. 170KMP'!X:X) -> 0 | T22: =SUMIF('10. 170KMP'!$K:$K,$D22,'10. 170KMP'!Y:Y) -> 0 | U22: =SUMIF('10. 170KMP'!$K:$K,$D22,'10. 170KMP'!Z:Z) -> 0 | V22: =SUMIF('10. 170KMP'!$K:$K,$D22,'10. 170KMP'!AA:AA) -> 0 | W22: =SUMIF('10. 170KMP'!$K:$K,$D22,'10. 170KMP'!AB:AB) -> 1.1567843e+08 | X22: =SUMIF('10. 170KMP'!$K:$K,$D22,'10. 170KMP'!AC:AC) -> 89972114 | Y22: =SUMIF('10. 170KMP'!$K:$K,$D22,'10. 170KMP'!AD:AD) -> 1.2853159e+08 | Z22: =SUMIF('10. 170KMP'!$K:$K,$D22,'10. 170KMP'!AE:AE) -> 1.6071292e+08 | AA22: =SUMIF('10. 170KMP'!$K:$K,$D22,'10. 170KMP'!AF:AF) -> 1.6071292e+08 | AB22: =SUMIF('10. 170KMP'!$K:$K,$D22,'10. 170KMP'!AG:AG) -> 1.6071292e+08 | AC22: =SUMIF('10. 170KMP'!$K:$K,$D22,'10. 170KMP'!AH:AH) -> 1.6071292e+08 | AD22: =SUMIF('10. 170KMP'!$K:$K,$D22,'10. 170KMP'!AI:AI) -> 1.6071292e+08 | AE22: =SUMIF('10. 170KMP'!$K:$K,$D22,'10. 170KMP'!AJ:AJ) -> 1.6071292e+08 | AF22: =SUMIF('10. 170KMP'!$K:$K,$D22,'10. 170KMP'!AK:AK) -> 3.4009604e+08 | AG22: =SUMIF('10. 170KMP'!$K:$K,$D22,'10. 170KMP'!AL:AL) -> 3.4009604e+08 | AH22: =SUMIF('10. 170KMP'!$K:$K,$D22,'10. 170KMP'!AM:AM) -> 3.4009604e+08 | AI22: =SUMIF('10. 170KMP'!$K:$K,$D22,'10. 170KMP'!AN:AN) -> 2.3187478e+09 | AJ22: =SUMIF('10. 170KMP'!$K:$K,$D22,'10. 170KMP'!AO:AO) -> 762782095 | AK22: =SUMIF('10. 170KMP'!$K:$K,$D22,'10. 170KMP'!AP:AP) -> 143712301 | AL22: =SUMIF('10. 170KMP'!$K:$K,$D22,'10. 170KMP'!AQ:AQ) -> 97799305 | AM22: =SUMIF('10. 170KMP'!$K:$K,$D22,'10. 170KMP'!AR:AR) -> 189407823 | AN22: =SUMIF('10. 170KMP'!$K:$K,$D22,'10. 170KMP'!AS:AS) -> 173664681 | AO22: =SUMIF('10. 170KMP'!$K:$K,$D22,'10. 170KMP'!AT:AT) -> 158197985 | AP22: =SUMIF('10. 170KMP'!$K:$K,$D22,'10. 170KMP'!AU:AU) -> 0 | AQ22: =SUMIF('10. 170KMP'!$K:$K,$D22,'10. 170KMP'!AV:AV) -> 0 | AR22: =SUMIF('10. 170KMP'!$K:$K,$D22,'10. 170KMP'!AW:AW) -> 0 | AS22: =SUMIF('10. 170KMP'!$K:$K,$D22,'10. 170KMP'!AX:AX) -> 0 | AT22: =SUMIF('10. 170KMP'!$K:$K,$D22,'10. 170KMP'!AY:AY) -> 0 | AU22: =SUMIF('10. 170KMP'!$K:$K,$D22,'10. 170KMP'!AZ:AZ) -> 0 | AV22: =SUMIF('10. 170KMP'!$K:$K,$D22,'10. 170KMP'!BA:BA) -> 0 | AW22: =AN22 -> 173664681 | AX22: =AO22 -> 158197985 | AY22: =AA22 -> 1.6071292e+08 | AZ22: =IFERROR(AX22/AW22,"") -> 0.91093931 | BA22: =IFERROR(AX22/AY22,"") -> 0.98435137 | BB22: =SUM(J22:N22) -> 0 | BC22: =SUM(AK22:AO22) -> 762782095 | BD22: =SUM(W22:AA22) -> 6.5560798e+08 | BE22: =IFERROR(BC22/BB22,"") | BF22: =IFERROR(BC22/BD22,"") -> 1.1634729 | BG22: =IFERROR(BC22/AI22,"") -> 0.32896294
B23: 09 | C23: Chi phí nước | D23: 015 | E23: Chi phí nước | F23: Biến phí | G23: =SUMIF('10. 170KMP'!$K:$K,$D23,'10. 170KMP'!L:L) -> 0 | H23: =SUMIF('10. 170KMP'!$K:$K,$D23,'10. 170KMP'!M:M) -> 0 | I23: =SUMIF('10. 170KMP'!$K:$K,$D23,'10. 170KMP'!N:N) -> 0 | J23: =SUMIF('10. 170KMP'!$K:$K,$D23,'10. 170KMP'!O:O) -> 0 | K23: =SUMIF('10. 170KMP'!$K:$K,$D23,'10. 170KMP'!P:P) -> 0 | L23: =SUMIF('10. 170KMP'!$K:$K,$D23,'10. 170KMP'!Q:Q) -> 0 | M23: =SUMIF('10. 170KMP'!$K:$K,$D23,'10. 170KMP'!R:R) -> 0 | N23: =SUMIF('10. 170KMP'!$K:$K,$D23,'10. 170KMP'!S:S) -> 0 | O23: =SUMIF('10. 170KMP'!$K:$K,$D23,'10. 170KMP'!T:T) -> 0 | P23: =SUMIF('10. 170KMP'!$K:$K,$D23,'10. 170KMP'!U:U) -> 0 | Q23: =SUMIF('10. 170KMP'!$K:$K,$D23,'10. 170KMP'!V:V) -> 0 | R23: =SUMIF('10. 170KMP'!$K:$K,$D23,'10. 170KMP'!W:W) -> 0 | S23: =SUMIF('10. 170KMP'!$K:$K,$D23,'10. 170KMP'!X:X) -> 0 | T23: =SUMIF('10. 170KMP'!$K:$K,$D23,'10. 170KMP'!Y:Y) -> 0 | U23: =SUMIF('10. 170KMP'!$K:$K,$D23,'10. 170KMP'!Z:Z) -> 0 | V23: =SUMIF('10. 170KMP'!$K:$K,$D23,'10. 170KMP'!AA:AA) -> 0 | W23: =SUMIF('10. 170KMP'!$K:$K,$D23,'10. 170KMP'!AB:AB) -> 14685000 | X23: =SUMIF('10. 170KMP'!$K:$K,$D23,'10. 170KMP'!AC:AC) -> 11421667 | Y23: =SUMIF('10. 170KMP'!$K:$K,$D23,'10. 170KMP'!AD:AD) -> 16316667 | Z23: =SUMIF('10. 170KMP'!$K:$K,$D23,'10. 170KMP'!AE:AE) -> 17948333 | AA23: =SUMIF('10. 170KMP'!$K:$K,$D23,'10. 170KMP'!AF:AF) -> 17979279 | AB23: =SUMIF('10. 170KMP'!$K:$K,$D23,'10. 170KMP'!AG:AG) -> 18010224 | AC23: =SUMIF('10. 170KMP'!$K:$K,$D23,'10. 170KMP'!AH:AH) -> 18010224 | AD23: =SUMIF('10. 170KMP'!$K:$K,$D23,'10. 170KMP'!AI:AI) -> 18010224 | AE23: =SUMIF('10. 170KMP'!$K:$K,$D23,'10. 170KMP'!AJ:AJ) -> 18010224 | AF23: =SUMIF('10. 170KMP'!$K:$K,$D23,'10. 170KMP'!AK:AK) -> 18010224 | AG23: =SUMIF('10. 170KMP'!$K:$K,$D23,'10. 170KMP'!AL:AL) -> 18010224 | AH23: =SUMIF('10. 170KMP'!$K:$K,$D23,'10. 170KMP'!AM:AM) -> 18010224 | AI23: =SUMIF('10. 170KMP'!$K:$K,$D23,'10. 170KMP'!AN:AN) -> 2.0442251e+08 | AJ23: =SUMIF('10. 170KMP'!$K:$K,$D23,'10. 170KMP'!AO:AO) -> 74301500 | AK23: =SUMIF('10. 170KMP'!$K:$K,$D23,'10. 170KMP'!AP:AP) -> 10833000 | AL23: =SUMIF('10. 170KMP'!$K:$K,$D23,'10. 170KMP'!AQ:AQ) -> 16525500 | AM23: =SUMIF('10. 170KMP'!$K:$K,$D23,'10. 170KMP'!AR:AR) -> 9602500 | AN23: =SUMIF('10. 170KMP'!$K:$K,$D23,'10. 170KMP'!AS:AS) -> 18733500 | AO23: =SUMIF('10. 170KMP'!$K:$K,$D23,'10. 170KMP'!AT:AT) -> 18607000 | AP23: =SUMIF('10. 170KMP'!$K:$K,$D23,'10. 170KMP'!AU:AU) -> 0 | AQ23: =SUMIF('10. 170KMP'!$K:$K,$D23,'10. 170KMP'!AV:AV) -> 0 | AR23: =SUMIF('10. 170KMP'!$K:$K,$D23,'10. 170KMP'!AW:AW) -> 0 | AS23: =SUMIF('10. 170KMP'!$K:$K,$D23,'10. 170KMP'!AX:AX) -> 0 | AT23: =SUMIF('10. 170KMP'!$K:$K,$D23,'10. 170KMP'!AY:AY) -> 0 | AU23: =SUMIF('10. 170KMP'!$K:$K,$D23,'10. 170KMP'!AZ:AZ) -> 0 | AV23: =SUMIF('10. 170KMP'!$K:$K,$D23,'10. 170KMP'!BA:BA) -> 0 | AW23: =AN23 -> 18733500 | AX23: =AO23 -> 18607000 | AY23: =AA23 -> 17979279 | AZ23: =IFERROR(AX23/AW23,"") -> 0.99324739 | BA23: =IFERROR(AX23/AY23,"") -> 1.0349136 | BB23: =SUM(J23:N23) -> 0 | BC23: =SUM(AK23:AO23) -> 74301500 | BD23: =SUM(W23:AA23) -> 78350945 | BE23: =IFERROR(BC23/BB23,"") | BF23: =IFERROR(BC23/BD23,"") -> 0.94831657 | BG23: =IFERROR(BC23/AI23,"") -> 0.36347024
B24: 10 | C24: Chi phí xăng, dầu | D24: 016 | E24: Chi phí xăng, dầu | F24: Biến phí | G24: =SUMIF('10. 170KMP'!$K:$K,$D24,'10. 170KMP'!L:L) -> 0 | H24: =SUMIF('10. 170KMP'!$K:$K,$D24,'10. 170KMP'!M:M) -> 0 | I24: =SUMIF('10. 170KMP'!$K:$K,$D24,'10. 170KMP'!N:N) -> 0 | J24: =SUMIF('10. 170KMP'!$K:$K,$D24,'10. 170KMP'!O:O) -> 0 | K24: =SUMIF('10. 170KMP'!$K:$K,$D24,'10. 170KMP'!P:P) -> 0 | L24: =SUMIF('10. 170KMP'!$K:$K,$D24,'10. 170KMP'!Q:Q) -> 0 | M24: =SUMIF('10. 170KMP'!$K:$K,$D24,'10. 170KMP'!R:R) -> 0 | N24: =SUMIF('10. 170KMP'!$K:$K,$D24,'10. 170KMP'!S:S) -> 0 | O24: =SUMIF('10. 170KMP'!$K:$K,$D24,'10. 170KMP'!T:T) -> 0 | P24: =SUMIF('10. 170KMP'!$K:$K,$D24,'10. 170KMP'!U:U) -> 0 | Q24: =SUMIF('10. 170KMP'!$K:$K,$D24,'10. 170KMP'!V:V) -> 0 | R24: =SUMIF('10. 170KMP'!$K:$K,$D24,'10. 170KMP'!W:W) -> 0 | S24: =SUMIF('10. 170KMP'!$K:$K,$D24,'10. 170KMP'!X:X) -> 0 | T24: =SUMIF('10. 170KMP'!$K:$K,$D24,'10. 170KMP'!Y:Y) -> 0 | U24: =SUMIF('10. 170KMP'!$K:$K,$D24,'10. 170KMP'!Z:Z) -> 0 | V24: =SUMIF('10. 170KMP'!$K:$K,$D24,'10. 170KMP'!AA:AA) -> 0 | W24: =SUMIF('10. 170KMP'!$K:$K,$D24,'10. 170KMP'!AB:AB) -> 33298364 | X24: =SUMIF('10. 170KMP'!$K:$K,$D24,'10. 170KMP'!AC:AC) -> 25898727 | Y24: =SUMIF('10. 170KMP'!$K:$K,$D24,'10. 170KMP'!AD:AD) -> 36998182 | Z24: =SUMIF('10. 170KMP'!$K:$K,$D24,'10. 170KMP'!AE:AE) -> 46218068 | AA24: =SUMIF('10. 170KMP'!$K:$K,$D24,'10. 170KMP'!AF:AF) -> 46218068 | AB24: =SUMIF('10. 170KMP'!$K:$K,$D24,'10. 170KMP'!AG:AG) -> 46218068 | AC24: =SUMIF('10. 170KMP'!$K:$K,$D24,'10. 170KMP'!AH:AH) -> 46218068 | AD24: =SUMIF('10. 170KMP'!$K:$K,$D24,'10. 170KMP'!AI:AI) -> 46218068 | AE24: =SUMIF('10. 170KMP'!$K:$K,$D24,'10. 170KMP'!AJ:AJ) -> 46218068 | AF24: =SUMIF('10. 170KMP'!$K:$K,$D24,'10. 170KMP'!AK:AK) -> 63543976 | AG24: =SUMIF('10. 170KMP'!$K:$K,$D24,'10. 170KMP'!AL:AL) -> 63543976 | AH24: =SUMIF('10. 170KMP'!$K:$K,$D24,'10. 170KMP'!AM:AM) -> 63543976 | AI24: =SUMIF('10. 170KMP'!$K:$K,$D24,'10. 170KMP'!AN:AN) -> 5.6413561e+08 | AJ24: =SUMIF('10. 170KMP'!$K:$K,$D24,'10. 170KMP'!AO:AO) -> 237880457 | AK24: =SUMIF('10. 170KMP'!$K:$K,$D24,'10. 170KMP'!AP:AP) -> 27244448 | AL24: =SUMIF('10. 170KMP'!$K:$K,$D24,'10. 170KMP'!AQ:AQ) -> 19797175 | AM24: =SUMIF('10. 170KMP'!$K:$K,$D24,'10. 170KMP'!AR:AR) -> 58970664 | AN24: =SUMIF('10. 170KMP'!$K:$K,$D24,'10. 170KMP'!AS:AS) -> 78006420 | AO24: =SUMIF('10. 170KMP'!$K:$K,$D24,'10. 170KMP'!AT:AT) -> 53861750 | AP24: =SUMIF('10. 170KMP'!$K:$K,$D24,'10. 170KMP'!AU:AU) -> 0 | AQ24: =SUMIF('10. 170KMP'!$K:$K,$D24,'10. 170KMP'!AV:AV) -> 0 | AR24: =SUMIF('10. 170KMP'!$K:$K,$D24,'10. 170KMP'!AW:AW) -> 0 | AS24: =SUMIF('10. 170KMP'!$K:$K,$D24,'10. 170KMP'!AX:AX) -> 0 | AT24: =SUMIF('10. 170KMP'!$K:$K,$D24,'10. 170KMP'!AY:AY) -> 0 | AU24: =SUMIF('10. 170KMP'!$K:$K,$D24,'10. 170KMP'!AZ:AZ) -> 0 | AV24: =SUMIF('10. 170KMP'!$K:$K,$D24,'10. 170KMP'!BA:BA) -> 0 | AW24: =AN24 -> 78006420 | AX24: =AO24 -> 53861750 | AY24: =AA24 -> 46218068 | AZ24: =IFERROR(AX24/AW24,"") -> 0.69047842 | BA24: =IFERROR(AX24/AY24,"") -> 1.165383 | BB24: =SUM(J24:N24) -> 0 | BC24: =SUM(AK24:AO24) -> 237880457 | BD24: =SUM(W24:AA24) -> 1.8863141e+08 | BE24: =IFERROR(BC24/BB24,"") | BF24: =IFERROR(BC24/BD24,"") -> 1.2610861 | BG24: =IFERROR(BC24/AI24,"") -> 0.42167247
B25: 11 | C25: Chi phí môi trường | D25: 017 | E25: Chi phí hóa chất xử lý nước thải | F25: Biến phí | G25: =SUMIF('10. 170KMP'!$K:$K,$D25,'10. 170KMP'!L:L) -> 0 | H25: =SUMIF('10. 170KMP'!$K:$K,$D25,'10. 170KMP'!M:M) -> 0 | I25: =SUMIF('10. 170KMP'!$K:$K,$D25,'10. 170KMP'!N:N) -> 0 | J25: =SUMIF('10. 170KMP'!$K:$K,$D25,'10. 170KMP'!O:O) -> 0 | K25: =SUMIF('10. 170KMP'!$K:$K,$D25,'10. 170KMP'!P:P) -> 0 | L25: =SUMIF('10. 170KMP'!$K:$K,$D25,'10. 170KMP'!Q:Q) -> 0 | M25: =SUMIF('10. 170KMP'!$K:$K,$D25,'10. 170KMP'!R:R) -> 0 | N25: =SUMIF('10. 170KMP'!$K:$K,$D25,'10. 170KMP'!S:S) -> 0 | O25: =SUMIF('10. 170KMP'!$K:$K,$D25,'10. 170KMP'!T:T) -> 0 | P25: =SUMIF('10. 170KMP'!$K:$K,$D25,'10. 170KMP'!U:U) -> 0 | Q25: =SUMIF('10. 170KMP'!$K:$K,$D25,'10. 170KMP'!V:V) -> 0 | R25: =SUMIF('10. 170KMP'!$K:$K,$D25,'10. 170KMP'!W:W) -> 0 | S25: =SUMIF('10. 170KMP'!$K:$K,$D25,'10. 170KMP'!X:X) -> 0 | T25: =SUMIF('10. 170KMP'!$K:$K,$D25,'10. 170KMP'!Y:Y) -> 0 | U25: =SUMIF('10. 170KMP'!$K:$K,$D25,'10. 170KMP'!Z:Z) -> 0 | V25: =SUMIF('10. 170KMP'!$K:$K,$D25,'10. 170KMP'!AA:AA) -> 0 | W25: =SUMIF('10. 170KMP'!$K:$K,$D25,'10. 170KMP'!AB:AB) -> 6196500 | X25: =SUMIF('10. 170KMP'!$K:$K,$D25,'10. 170KMP'!AC:AC) -> 6196500 | Y25: =SUMIF('10. 170KMP'!$K:$K,$D25,'10. 170KMP'!AD:AD) -> 6196500 | Z25: =SUMIF('10. 170KMP'!$K:$K,$D25,'10. 170KMP'!AE:AE) -> 6196500 | AA25: =SUMIF('10. 170KMP'!$K:$K,$D25,'10. 170KMP'!AF:AF) -> 6196500 | AB25: =SUMIF('10. 170KMP'!$K:$K,$D25,'10. 170KMP'!AG:AG) -> 6196500 | AC25: =SUMIF('10. 170KMP'!$K:$K,$D25,'10. 170KMP'!AH:AH) -> 6196500 | AD25: =SUMIF('10. 170KMP'!$K:$K,$D25,'10. 170KMP'!AI:AI) -> 6196500 | AE25: =SUMIF('10. 170KMP'!$K:$K,$D25,'10. 170KMP'!AJ:AJ) -> 6196500 | AF25: =SUMIF('10. 170KMP'!$K:$K,$D25,'10. 170KMP'!AK:AK) -> 6196500 | AG25: =SUMIF('10. 170KMP'!$K:$K,$D25,'10. 170KMP'!AL:AL) -> 6196500 | AH25: =SUMIF('10. 170KMP'!$K:$K,$D25,'10. 170KMP'!AM:AM) -> 6196500 | AI25: =SUMIF('10. 170KMP'!$K:$K,$D25,'10. 170KMP'!AN:AN) -> 74358000 | AJ25: =SUMIF('10. 170KMP'!$K:$K,$D25,'10. 170KMP'!AO:AO) -> 77677446 | AK25: =SUMIF('10. 170KMP'!$K:$K,$D25,'10. 170KMP'!AP:AP) -> 8385707 | AL25: =SUMIF('10. 170KMP'!$K:$K,$D25,'10. 170KMP'!AQ:AQ) -> 16893930 | AM25: =SUMIF('10. 170KMP'!$K:$K,$D25,'10. 170KMP'!AR:AR) -> 23515453 | AN25: =SUMIF('10. 170KMP'!$K:$K,$D25,'10. 170KMP'!AS:AS) -> 17354416 | AO25: =SUMIF('10. 170KMP'!$K:$K,$D25,'10. 170KMP'!AT:AT) -> 11527940 | AP25: =SUMIF('10. 170KMP'!$K:$K,$D25,'10. 170KMP'!AU:AU) -> 0 | AQ25: =SUMIF('10. 170KMP'!$K:$K,$D25,'10. 170KMP'!AV:AV) -> 0 | AR25: =SUMIF('10. 170KMP'!$K:$K,$D25,'10. 170KMP'!AW:AW) -> 0 | AS25: =SUMIF('10. 170KMP'!$K:$K,$D25,'10. 170KMP'!AX:AX) -> 0 | AT25: =SUMIF('10. 170KMP'!$K:$K,$D25,'10. 170KMP'!AY:AY) -> 0 | AU25: =SUMIF('10. 170KMP'!$K:$K,$D25,'10. 170KMP'!AZ:AZ) -> 0 | AV25: =SUMIF('10. 170KMP'!$K:$K,$D25,'10. 170KMP'!BA:BA) -> 0 | AW25: =AN25 -> 17354416 | AX25: =AO25 -> 11527940 | AY25: =AA25 -> 6196500 | AZ25: =IFERROR(AX25/AW25,"") -> 0.66426551 | BA25: =IFERROR(AX25/AY25,"") -> 1.8603954 | BB25: =SUM(J25:N25) -> 0 | BC25: =SUM(AK25:AO25) -> 77677446 | BD25: =SUM(W25:AA25) -> 30982500 | BE25: =IFERROR(BC25/BB25,"") | BF25: =IFERROR(BC25/BD25,"") -> 2.5071394 | BG25: =IFERROR(BC25/AI25,"") -> 1.0446414
D26: 018 | E26: Chi phí xử lý bùn thải | F26: Biến phí | G26: =SUMIF('10. 170KMP'!$K:$K,$D26,'10. 170KMP'!L:L) -> 0 | H26: =SUMIF('10. 170KMP'!$K:$K,$D26,'10. 170KMP'!M:M) -> 0 | I26: =SUMIF('10. 170KMP'!$K:$K,$D26,'10. 170KMP'!N:N) -> 0 | J26: =SUMIF('10. 170KMP'!$K:$K,$D26,'10. 170KMP'!O:O) -> 0 | K26: =SUMIF('10. 170KMP'!$K:$K,$D26,'10. 170KMP'!P:P) -> 0 | L26: =SUMIF('10. 170KMP'!$K:$K,$D26,'10. 170KMP'!Q:Q) -> 0 | M26: =SUMIF('10. 170KMP'!$K:$K,$D26,'10. 170KMP'!R:R) -> 0 | N26: =SUMIF('10. 170KMP'!$K:$K,$D26,'10. 170KMP'!S:S) -> 0 | O26: =SUMIF('10. 170KMP'!$K:$K,$D26,'10. 170KMP'!T:T) -> 0 | P26: =SUMIF('10. 170KMP'!$K:$K,$D26,'10. 170KMP'!U:U) -> 0 | Q26: =SUMIF('10. 170KMP'!$K:$K,$D26,'10. 170KMP'!V:V) -> 0 | R26: =SUMIF('10. 170KMP'!$K:$K,$D26,'10. 170KMP'!W:W) -> 0 | S26: =SUMIF('10. 170KMP'!$K:$K,$D26,'10. 170KMP'!X:X) -> 0 | T26: =SUMIF('10. 170KMP'!$K:$K,$D26,'10. 170KMP'!Y:Y) -> 0 | U26: =SUMIF('10. 170KMP'!$K:$K,$D26,'10. 170KMP'!Z:Z) -> 0 | V26: =SUMIF('10. 170KMP'!$K:$K,$D26,'10. 170KMP'!AA:AA) -> 0 | W26: =SUMIF('10. 170KMP'!$K:$K,$D26,'10. 170KMP'!AB:AB) -> 0 | X26: =SUMIF('10. 170KMP'!$K:$K,$D26,'10. 170KMP'!AC:AC) -> 0 | Y26: =SUMIF('10. 170KMP'!$K:$K,$D26,'10. 170KMP'!AD:AD) -> 0 | Z26: =SUMIF('10. 170KMP'!$K:$K,$D26,'10. 170KMP'!AE:AE) -> 0 | AA26: =SUMIF('10. 170KMP'!$K:$K,$D26,'10. 170KMP'!AF:AF) -> 0 | AB26: =SUMIF('10. 170KMP'!$K:$K,$D26,'10. 170KMP'!AG:AG) -> 0 | AC26: =SUMIF('10. 170KMP'!$K:$K,$D26,'10. 170KMP'!AH:AH) -> 0 | AD26: =SUMIF('10. 170KMP'!$K:$K,$D26,'10. 170KMP'!AI:AI) -> 0 | AE26: =SUMIF('10. 170KMP'!$K:$K,$D26,'10. 170KMP'!AJ:AJ) -> 0 | AF26: =SUMIF('10. 170KMP'!$K:$K,$D26,'10. 170KMP'!AK:AK) -> 0 | AG26: =SUMIF('10. 170KMP'!$K:$K,$D26,'10. 170KMP'!AL:AL) -> 0 | AH26: =SUMIF('10. 170KMP'!$K:$K,$D26,'10. 170KMP'!AM:AM) -> 0 | AI26: =SUMIF('10. 170KMP'!$K:$K,$D26,'10. 170KMP'!AN:AN) -> 0 | AJ26: =SUMIF('10. 170KMP'!$K:$K,$D26,'10. 170KMP'!AO:AO) -> 0 | AK26: =SUMIF('10. 170KMP'!$K:$K,$D26,'10. 170KMP'!AP:AP) -> 0 | AL26: =SUMIF('10. 170KMP'!$K:$K,$D26,'10. 170KMP'!AQ:AQ) -> 0 | AM26: =SUMIF('10. 170KMP'!$K:$K,$D26,'10. 170KMP'!AR:AR) -> 0 | AN26: =SUMIF('10. 170KMP'!$K:$K,$D26,'10. 170KMP'!AS:AS) -> 0 | AO26: =SUMIF('10. 170KMP'!$K:$K,$D26,'10. 170KMP'!AT:AT) -> 0 | AP26: =SUMIF('10. 170KMP'!$K:$K,$D26,'10. 170KMP'!AU:AU) -> 0 | AQ26: =SUMIF('10. 170KMP'!$K:$K,$D26,'10. 170KMP'!AV:AV) -> 0 | AR26: =SUMIF('10. 170KMP'!$K:$K,$D26,'10. 170KMP'!AW:AW) -> 0 | AS26: =SUMIF('10. 170KMP'!$K:$K,$D26,'10. 170KMP'!AX:AX) -> 0 | AT26: =SUMIF('10. 170KMP'!$K:$K,$D26,'10. 170KMP'!AY:AY) -> 0 | AU26: =SUMIF('10. 170KMP'!$K:$K,$D26,'10. 170KMP'!AZ:AZ) -> 0 | AV26: =SUMIF('10. 170KMP'!$K:$K,$D26,'10. 170KMP'!BA:BA) -> 0 | AW26: =AN26 -> 0 | AX26: =AO26 -> 0 | AY26: =AA26 -> 0 | AZ26: =IFERROR(AX26/AW26,"") | BA26: =IFERROR(AX26/AY26,"") | BB26: =SUM(J26:N26) -> 0 | BC26: =SUM(AK26:AO26) -> 0 | BD26: =SUM(W26:AA26) -> 0 | BE26: =IFERROR(BC26/BB26,"") | BF26: =IFERROR(BC26/BD26,"") | BG26: =IFERROR(BC26/AI26,"")
D27: 019 | E27: Chi phí xử lý rác thải công nghiệp | F27: Biến phí | G27: =SUMIF('10. 170KMP'!$K:$K,$D27,'10. 170KMP'!L:L) -> 0 | H27: =SUMIF('10. 170KMP'!$K:$K,$D27,'10. 170KMP'!M:M) -> 0 | I27: =SUMIF('10. 170KMP'!$K:$K,$D27,'10. 170KMP'!N:N) -> 0 | J27: =SUMIF('10. 170KMP'!$K:$K,$D27,'10. 170KMP'!O:O) -> 0 | K27: =SUMIF('10. 170KMP'!$K:$K,$D27,'10. 170KMP'!P:P) -> 0 | L27: =SUMIF('10. 170KMP'!$K:$K,$D27,'10. 170KMP'!Q:Q) -> 0 | M27: =SUMIF('10. 170KMP'!$K:$K,$D27,'10. 170KMP'!R:R) -> 0 | N27: =SUMIF('10. 170KMP'!$K:$K,$D27,'10. 170KMP'!S:S) -> 0 | O27: =SUMIF('10. 170KMP'!$K:$K,$D27,'10. 170KMP'!T:T) -> 0 | P27: =SUMIF('10. 170KMP'!$K:$K,$D27,'10. 170KMP'!U:U) -> 0 | Q27: =SUMIF('10. 170KMP'!$K:$K,$D27,'10. 170KMP'!V:V) -> 0 | R27: =SUMIF('10. 170KMP'!$K:$K,$D27,'10. 170KMP'!W:W) -> 0 | S27: =SUMIF('10. 170KMP'!$K:$K,$D27,'10. 170KMP'!X:X) -> 0 | T27: =SUMIF('10. 170KMP'!$K:$K,$D27,'10. 170KMP'!Y:Y) -> 0 | U27: =SUMIF('10. 170KMP'!$K:$K,$D27,'10. 170KMP'!Z:Z) -> 0 | V27: =SUMIF('10. 170KMP'!$K:$K,$D27,'10. 170KMP'!AA:AA) -> 0 | W27: =SUMIF('10. 170KMP'!$K:$K,$D27,'10. 170KMP'!AB:AB) -> 0 | X27: =SUMIF('10. 170KMP'!$K:$K,$D27,'10. 170KMP'!AC:AC) -> 0 | Y27: =SUMIF('10. 170KMP'!$K:$K,$D27,'10. 170KMP'!AD:AD) -> 0 | Z27: =SUMIF('10. 170KMP'!$K:$K,$D27,'10. 170KMP'!AE:AE) -> 0 | AA27: =SUMIF('10. 170KMP'!$K:$K,$D27,'10. 170KMP'!AF:AF) -> 0 | AB27: =SUMIF('10. 170KMP'!$K:$K,$D27,'10. 170KMP'!AG:AG) -> 0 | AC27: =SUMIF('10. 170KMP'!$K:$K,$D27,'10. 170KMP'!AH:AH) -> 0 | AD27: =SUMIF('10. 170KMP'!$K:$K,$D27,'10. 170KMP'!AI:AI) -> 0 | AE27: =SUMIF('10. 170KMP'!$K:$K,$D27,'10. 170KMP'!AJ:AJ) -> 0 | AF27: =SUMIF('10. 170KMP'!$K:$K,$D27,'10. 170KMP'!AK:AK) -> 0 | AG27: =SUMIF('10. 170KMP'!$K:$K,$D27,'10. 170KMP'!AL:AL) -> 0 | AH27: =SUMIF('10. 170KMP'!$K:$K,$D27,'10. 170KMP'!AM:AM) -> 0 | AI27: =SUMIF('10. 170KMP'!$K:$K,$D27,'10. 170KMP'!AN:AN) -> 0 | AJ27: =SUMIF('10. 170KMP'!$K:$K,$D27,'10. 170KMP'!AO:AO) -> 0 | AK27: =SUMIF('10. 170KMP'!$K:$K,$D27,'10. 170KMP'!AP:AP) -> 0 | AL27: =SUMIF('10. 170KMP'!$K:$K,$D27,'10. 170KMP'!AQ:AQ) -> 0 | AM27: =SUMIF('10. 170KMP'!$K:$K,$D27,'10. 170KMP'!AR:AR) -> 0 | AN27: =SUMIF('10. 170KMP'!$K:$K,$D27,'10. 170KMP'!AS:AS) -> 0 | AO27: =SUMIF('10. 170KMP'!$K:$K,$D27,'10. 170KMP'!AT:AT) -> 0 | AP27: =SUMIF('10. 170KMP'!$K:$K,$D27,'10. 170KMP'!AU:AU) -> 0 | AQ27: =SUMIF('10. 170KMP'!$K:$K,$D27,'10. 170KMP'!AV:AV) -> 0 | AR27: =SUMIF('10. 170KMP'!$K:$K,$D27,'10. 170KMP'!AW:AW) -> 0 | AS27: =SUMIF('10. 170KMP'!$K:$K,$D27,'10. 170KMP'!AX:AX) -> 0 | AT27: =SUMIF('10. 170KMP'!$K:$K,$D27,'10. 170KMP'!AY:AY) -> 0 | AU27: =SUMIF('10. 170KMP'!$K:$K,$D27,'10. 170KMP'!AZ:AZ) -> 0 | AV27: =SUMIF('10. 170KMP'!$K:$K,$D27,'10. 170KMP'!BA:BA) -> 0 | AW27: =AN27 -> 0 | AX27: =AO27 -> 0 | AY27: =AA27 -> 0 | AZ27: =IFERROR(AX27/AW27,"") | BA27: =IFERROR(AX27/AY27,"") | BB27: =SUM(J27:N27) -> 0 | BC27: =SUM(AK27:AO27) -> 0 | BD27: =SUM(W27:AA27) -> 0 | BE27: =IFERROR(BC27/BB27,"") | BF27: =IFERROR(BC27/BD27,"") | BG27: =IFERROR(BC27/AI27,"")
D28: 020 | E28: Chi phí giấy phép môi trường, DTM, phí quan trắc môi trường… | F28: Biến phí | G28: =SUMIF('10. 170KMP'!$K:$K,$D28,'10. 170KMP'!L:L) -> 0 | H28: =SUMIF('10. 170KMP'!$K:$K,$D28,'10. 170KMP'!M:M) -> 0 | I28: =SUMIF('10. 170KMP'!$K:$K,$D28,'10. 170KMP'!N:N) -> 0 | J28: =SUMIF('10. 170KMP'!$K:$K,$D28,'10. 170KMP'!O:O) -> 0 | K28: =SUMIF('10. 170KMP'!$K:$K,$D28,'10. 170KMP'!P:P) -> 0 | L28: =SUMIF('10. 170KMP'!$K:$K,$D28,'10. 170KMP'!Q:Q) -> 0 | M28: =SUMIF('10. 170KMP'!$K:$K,$D28,'10. 170KMP'!R:R) -> 0 | N28: =SUMIF('10. 170KMP'!$K:$K,$D28,'10. 170KMP'!S:S) -> 0 | O28: =SUMIF('10. 170KMP'!$K:$K,$D28,'10. 170KMP'!T:T) -> 0 | P28: =SUMIF('10. 170KMP'!$K:$K,$D28,'10. 170KMP'!U:U) -> 0 | Q28: =SUMIF('10. 170KMP'!$K:$K,$D28,'10. 170KMP'!V:V) -> 0 | R28: =SUMIF('10. 170KMP'!$K:$K,$D28,'10. 170KMP'!W:W) -> 0 | S28: =SUMIF('10. 170KMP'!$K:$K,$D28,'10. 170KMP'!X:X) -> 0 | T28: =SUMIF('10. 170KMP'!$K:$K,$D28,'10. 170KMP'!Y:Y) -> 0 | U28: =SUMIF('10. 170KMP'!$K:$K,$D28,'10. 170KMP'!Z:Z) -> 0 | V28: =SUMIF('10. 170KMP'!$K:$K,$D28,'10. 170KMP'!AA:AA) -> 0 | W28: =SUMIF('10. 170KMP'!$K:$K,$D28,'10. 170KMP'!AB:AB) -> 57218498 | X28: =SUMIF('10. 170KMP'!$K:$K,$D28,'10. 170KMP'!AC:AC) -> 44503276 | Y28: =SUMIF('10. 170KMP'!$K:$K,$D28,'10. 170KMP'!AD:AD) -> 63576109 | Z28: =SUMIF('10. 170KMP'!$K:$K,$D28,'10. 170KMP'!AE:AE) -> 79534480 | AA28: =SUMIF('10. 170KMP'!$K:$K,$D28,'10. 170KMP'!AF:AF) -> 79534480 | AB28: =SUMIF('10. 170KMP'!$K:$K,$D28,'10. 170KMP'!AG:AG) -> 79534480 | AC28: =SUMIF('10. 170KMP'!$K:$K,$D28,'10. 170KMP'!AH:AH) -> 79534480 | AD28: =SUMIF('10. 170KMP'!$K:$K,$D28,'10. 170KMP'!AI:AI) -> 79534480 | AE28: =SUMIF('10. 170KMP'!$K:$K,$D28,'10. 170KMP'!AJ:AJ) -> 79534480 | AF28: =SUMIF('10. 170KMP'!$K:$K,$D28,'10. 170KMP'!AK:AK) -> 1.1556037e+08 | AG28: =SUMIF('10. 170KMP'!$K:$K,$D28,'10. 170KMP'!AL:AL) -> 1.1556037e+08 | AH28: =SUMIF('10. 170KMP'!$K:$K,$D28,'10. 170KMP'!AM:AM) -> 1.1556037e+08 | AI28: =SUMIF('10. 170KMP'!$K:$K,$D28,'10. 170KMP'!AN:AN) -> 9.8918589e+08 | AJ28: =SUMIF('10. 170KMP'!$K:$K,$D28,'10. 170KMP'!AO:AO) -> 256170097 | AK28: =SUMIF('10. 170KMP'!$K:$K,$D28,'10. 170KMP'!AP:AP) -> 75121594 | AL28: =SUMIF('10. 170KMP'!$K:$K,$D28,'10. 170KMP'!AQ:AQ) -> 38855800 | AM28: =SUMIF('10. 170KMP'!$K:$K,$D28,'10. 170KMP'!AR:AR) -> 33326673 | AN28: =SUMIF('10. 170KMP'!$K:$K,$D28,'10. 170KMP'!AS:AS) -> 78835501 | AO28: =SUMIF('10. 170KMP'!$K:$K,$D28,'10. 170KMP'!AT:AT) -> 30030529 | AP28: =SUMIF('10. 170KMP'!$K:$K,$D28,'10. 170KMP'!AU:AU) -> 0 | AQ28: =SUMIF('10. 170KMP'!$K:$K,$D28,'10. 170KMP'!AV:AV) -> 0 | AR28: =SUMIF('10. 170KMP'!$K:$K,$D28,'10. 170KMP'!AW:AW) -> 0 | AS28: =SUMIF('10. 170KMP'!$K:$K,$D28,'10. 170KMP'!AX:AX) -> 0 | AT28: =SUMIF('10. 170KMP'!$K:$K,$D28,'10. 170KMP'!AY:AY) -> 0 | AU28: =SUMIF('10. 170KMP'!$K:$K,$D28,'10. 170KMP'!AZ:AZ) -> 0 | AV28: =SUMIF('10. 170KMP'!$K:$K,$D28,'10. 170KMP'!BA:BA) -> 0 | AW28: =AN28 -> 78835501 | AX28: =AO28 -> 30030529 | AY28: =AA28 -> 79534480 | AZ28: =IFERROR(AX28/AW28,"") -> 0.38092647 | BA28: =IFERROR(AX28/AY28,"") -> 0.37757874 | BB28: =SUM(J28:N28) -> 0 | BC28: =SUM(AK28:AO28) -> 256170097 | BD28: =SUM(W28:AA28) -> 3.2436684e+08 | BE28: =IFERROR(BC28/BB28,"") | BF28: =IFERROR(BC28/BD28,"") -> 0.78975426 | BG28: =IFERROR(BC28/AI28,"") -> 0.25897063
B29: 12 | C29: Chi phí gia công thuê ngoài | D29: 021 | E29: Chi phí gia công thuê ngoài | F29: Biến phí | G29: =SUMIF('10. 170KMP'!$K:$K,$D29,'10. 170KMP'!L:L) -> 0 | H29: =SUMIF('10. 170KMP'!$K:$K,$D29,'10. 170KMP'!M:M) -> 0 | I29: =SUMIF('10. 170KMP'!$K:$K,$D29,'10. 170KMP'!N:N) -> 0 | J29: =SUMIF('10. 170KMP'!$K:$K,$D29,'10. 170KMP'!O:O) -> 0 | K29: =SUMIF('10. 170KMP'!$K:$K,$D29,'10. 170KMP'!P:P) -> 0 | L29: =SUMIF('10. 170KMP'!$K:$K,$D29,'10. 170KMP'!Q:Q) -> 0 | M29: =SUMIF('10. 170KMP'!$K:$K,$D29,'10. 170KMP'!R:R) -> 0 | N29: =SUMIF('10. 170KMP'!$K:$K,$D29,'10. 170KMP'!S:S) -> 0 | O29: =SUMIF('10. 170KMP'!$K:$K,$D29,'10. 170KMP'!T:T) -> 0 | P29: =SUMIF('10. 170KMP'!$K:$K,$D29,'10. 170KMP'!U:U) -> 0 | Q29: =SUMIF('10. 170KMP'!$K:$K,$D29,'10. 170KMP'!V:V) -> 0 | R29: =SUMIF('10. 170KMP'!$K:$K,$D29,'10. 170KMP'!W:W) -> 0 | S29: =SUMIF('10. 170KMP'!$K:$K,$D29,'10. 170KMP'!X:X) -> 0 | T29: =SUMIF('10. 170KMP'!$K:$K,$D29,'10. 170KMP'!Y:Y) -> 0 | U29: =SUMIF('10. 170KMP'!$K:$K,$D29,'10. 170KMP'!Z:Z) -> 0 | V29: =SUMIF('10. 170KMP'!$K:$K,$D29,'10. 170KMP'!AA:AA) -> 0 | W29: =SUMIF('10. 170KMP'!$K:$K,$D29,'10. 170KMP'!AB:AB) -> 0 | X29: =SUMIF('10. 170KMP'!$K:$K,$D29,'10. 170KMP'!AC:AC) -> 0 | Y29: =SUMIF('10. 170KMP'!$K:$K,$D29,'10. 170KMP'!AD:AD) -> 0 | Z29: =SUMIF('10. 170KMP'!$K:$K,$D29,'10. 170KMP'!AE:AE) -> 0 | AA29: =SUMIF('10. 170KMP'!$K:$K,$D29,'10. 170KMP'!AF:AF) -> 0 | AB29: =SUMIF('10. 170KMP'!$K:$K,$D29,'10. 170KMP'!AG:AG) -> 0 | AC29: =SUMIF('10. 170KMP'!$K:$K,$D29,'10. 170KMP'!AH:AH) -> 0 | AD29: =SUMIF('10. 170KMP'!$K:$K,$D29,'10. 170KMP'!AI:AI) -> 0 | AE29: =SUMIF('10. 170KMP'!$K:$K,$D29,'10. 170KMP'!AJ:AJ) -> 0 | AF29: =SUMIF('10. 170KMP'!$K:$K,$D29,'10. 170KMP'!AK:AK) -> 0 | AG29: =SUMIF('10. 170KMP'!$K:$K,$D29,'10. 170KMP'!AL:AL) -> 0 | AH29: =SUMIF('10. 170KMP'!$K:$K,$D29,'10. 170KMP'!AM:AM) -> 0 | AI29: =SUMIF('10. 170KMP'!$K:$K,$D29,'10. 170KMP'!AN:AN) -> 0 | AJ29: =SUMIF('10. 170KMP'!$K:$K,$D29,'10. 170KMP'!AO:AO) -> 0 | AK29: =SUMIF('10. 170KMP'!$K:$K,$D29,'10. 170KMP'!AP:AP) -> 0 | AL29: =SUMIF('10. 170KMP'!$K:$K,$D29,'10. 170KMP'!AQ:AQ) -> 0 | AM29: =SUMIF('10. 170KMP'!$K:$K,$D29,'10. 170KMP'!AR:AR) -> 0 | AN29: =SUMIF('10. 170KMP'!$K:$K,$D29,'10. 170KMP'!AS:AS) -> 0 | AO29: =SUMIF('10. 170KMP'!$K:$K,$D29,'10. 170KMP'!AT:AT) -> 0 | AP29: =SUMIF('10. 170KMP'!$K:$K,$D29,'10. 170KMP'!AU:AU) -> 0 | AQ29: =SUMIF('10. 170KMP'!$K:$K,$D29,'10. 170KMP'!AV:AV) -> 0 | AR29: =SUMIF('10. 170KMP'!$K:$K,$D29,'10. 170KMP'!AW:AW) -> 0 | AS29: =SUMIF('10. 170KMP'!$K:$K,$D29,'10. 170KMP'!AX:AX) -> 0 | AT29: =SUMIF('10. 170KMP'!$K:$K,$D29,'10. 170KMP'!AY:AY) -> 0 | AU29: =SUMIF('10. 170KMP'!$K:$K,$D29,'10. 170KMP'!AZ:AZ) -> 0 | AV29: =SUMIF('10. 170KMP'!$K:$K,$D29,'10. 170KMP'!BA:BA) -> 0 | AW29: =AN29 -> 0 | AX29: =AO29 -> 0 | AY29: =AA29 -> 0 | AZ29: =IFERROR(AX29/AW29,"") | BA29: =IFERROR(AX29/AY29,"") | BB29: =SUM(J29:N29) -> 0 | BC29: =SUM(AK29:AO29) -> 0 | BD29: =SUM(W29:AA29) -> 0 | BE29: =IFERROR(BC29/BB29,"") | BF29: =IFERROR(BC29/BD29,"") | BG29: =IFERROR(BC29/AI29,"")
B30: III | C30: Định phí hoạt động | D30: =IF($B$1="x","",B30) -> III | E30: =IF($B$1="x","",C30) -> Định phí hoạt động | G30: =SUM(G31:G67) -> 0 | H30: =SUM(H31:H67) -> 0 | I30: =SUM(I31:I67) -> 0 | J30: =SUM(J31:J67) -> 0 | K30: =SUM(K31:K67) -> 0 | L30: =SUM(L31:L67) -> 0 | M30: =SUM(M31:M67) -> 0 | N30: =SUM(N31:N67) -> 0 | ... AV30: =SUM(AV31:AV67) -> 0 | AW30: =AN30 -> 1141642817 | AX30: =AO30 -> 912123006 | AY30: =AA30 -> 8.0659871e+08 | AZ30: =IFERROR(AX30/AW30,"") -> 0.79895655 | BA30: =IFERROR(AX30/AY30,"") -> 1.1308263 | BB30: =SUM(J30:N30) -> 0 | BC30: =SUM(AK30:AO30) -> 4675330374 | BD30: =SUM(W30:AA30) -> 3.9265097e+09 | BE30: =IFERROR(BC30/BB30,"") | BF30: =IFERROR(BC30/BD30,"") -> 1.190709 | BG30: =IFERROR(BC30/AI30,"") -> 0.46986556
B31: 13 | C31: Chi phí sửa chữa, bảo trì | D31: 022 | E31: Chi phí sửa chữa, bảo trì công trình xây dựng (nhà xưởng, văn phòng, ... ) | F31: Định phí | G31: =SUMIF('10. 170KMP'!$K:$K,$D31,'10. 170KMP'!L:L) -> 0 | H31: =SUMIF('10. 170KMP'!$K:$K,$D31,'10. 170KMP'!M:M) -> 0 | I31: =SUMIF('10. 170KMP'!$K:$K,$D31,'10. 170KMP'!N:N) -> 0 | J31: =SUMIF('10. 170KMP'!$K:$K,$D31,'10. 170KMP'!O:O) -> 0 | K31: =SUMIF('10. 170KMP'!$K:$K,$D31,'10. 170KMP'!P:P) -> 0 | L31: =SUMIF('10. 170KMP'!$K:$K,$D31,'10. 170KMP'!Q:Q) -> 0 | M31: =SUMIF('10. 170KMP'!$K:$K,$D31,'10. 170KMP'!R:R) -> 0 | N31: =SUMIF('10. 170KMP'!$K:$K,$D31,'10. 170KMP'!S:S) -> 0 | O31: =SUMIF('10. 170KMP'!$K:$K,$D31,'10. 170KMP'!T:T) -> 0 | P31: =SUMIF('10. 170KMP'!$K:$K,$D31,'10. 170KMP'!U:U) -> 0 | Q31: =SUMIF('10. 170KMP'!$K:$K,$D31,'10. 170KMP'!V:V) -> 0 | R31: =SUMIF('10. 170KMP'!$K:$K,$D31,'10. 170KMP'!W:W) -> 0 | S31: =SUMIF('10. 170KMP'!$K:$K,$D31,'10. 170KMP'!X:X) -> 0 | T31: =SUMIF('10. 170KMP'!$K:$K,$D31,'10. 170KMP'!Y:Y) -> 0 | U31: =SUMIF('10. 170KMP'!$K:$K,$D31,'10. 170KMP'!Z:Z) -> 0 | V31: =SUMIF('10. 170KMP'!$K:$K,$D31,'10. 170KMP'!AA:AA) -> 0 | W31: =SUMIF('10. 170KMP'!$K:$K,$D31,'10. 170KMP'!AB:AB) -> 21577548 | X31: =SUMIF('10. 170KMP'!$K:$K,$D31,'10. 170KMP'!AC:AC) -> 18994215 | Y31: =SUMIF('10. 170KMP'!$K:$K,$D31,'10. 170KMP'!AD:AD) -> 24183784 | Z31: =SUMIF('10. 170KMP'!$K:$K,$D31,'10. 170KMP'!AE:AE) -> 24581562 | AA31: =SUMIF('10. 170KMP'!$K:$K,$D31,'10. 170KMP'!AF:AF) -> 22586284 | AB31: =SUMIF('10. 170KMP'!$K:$K,$D31,'10. 170KMP'!AG:AG) -> 25220298 | AC31: =SUMIF('10. 170KMP'!$K:$K,$D31,'10. 170KMP'!AH:AH) -> 24636965 | AD31: =SUMIF('10. 170KMP'!$K:$K,$D31,'10. 170KMP'!AI:AI) -> 24132090 | AE31: =SUMIF('10. 170KMP'!$K:$K,$D31,'10. 170KMP'!AJ:AJ) -> 26687645 | AF31: =SUMIF('10. 170KMP'!$K:$K,$D31,'10. 170KMP'!AK:AK) -> 33437645 | AG31: =SUMIF('10. 170KMP'!$K:$K,$D31,'10. 170KMP'!AL:AL) -> 33932770 | AH31: =SUMIF('10. 170KMP'!$K:$K,$D31,'10. 170KMP'!AM:AM) -> 36488326 | AI31: =SUMIF('10. 170KMP'!$K:$K,$D31,'10. 170KMP'!AN:AN) -> 3.1645913e+08 | AJ31: =SUMIF('10. 170KMP'!$K:$K,$D31,'10. 170KMP'!AO:AO) -> 85777281 | AK31: =SUMIF('10. 170KMP'!$K:$K,$D31,'10. 170KMP'!AP:AP) -> 16844410 | AL31: =SUMIF('10. 170KMP'!$K:$K,$D31,'10. 170KMP'!AQ:AQ) -> 15933430 | AM31: =SUMIF('10. 170KMP'!$K:$K,$D31,'10. 170KMP'!AR:AR) -> 18525826 | AN31: =SUMIF('10. 170KMP'!$K:$K,$D31,'10. 170KMP'!AS:AS) -> 17005315 | AO31: =SUMIF('10. 170KMP'!$K:$K,$D31,'10. 170KMP'!AT:AT) -> 17468300 | AP31: =SUMIF('10. 170KMP'!$K:$K,$D31,'10. 170KMP'!AU:AU) -> 0 | AQ31: =SUMIF('10. 170KMP'!$K:$K,$D31,'10. 170KMP'!AV:AV) -> 0 | AR31: =SUMIF('10. 170KMP'!$K:$K,$D31,'10. 170KMP'!AW:AW) -> 0 | AS31: =SUMIF('10. 170KMP'!$K:$K,$D31,'10. 170KMP'!AX:AX) -> 0 | AT31: =SUMIF('10. 170KMP'!$K:$K,$D31,'10. 170KMP'!AY:AY) -> 0 | AU31: =SUMIF('10. 170KMP'!$K:$K,$D31,'10. 170KMP'!AZ:AZ) -> 0 | AV31: =SUMIF('10. 170KMP'!$K:$K,$D31,'10. 170KMP'!BA:BA) -> 0 | AW31: =AN31 -> 17005315 | AX31: =AO31 -> 17468300 | AY31: =AA31 -> 22586284 | AZ31: =IFERROR(AX31/AW31,"") -> 1.0272259 | BA31: =IFERROR(AX31/AY31,"") -> 0.77340301 | BB31: =SUM(J31:N31) -> 0 | BC31: =SUM(AK31:AO31) -> 85777281 | BD31: =SUM(W31:AA31) -> 1.1192339e+08 | BE31: =IFERROR(BC31/BB31,"") | BF31: =IFERROR(BC31/BD31,"") -> 0.76639279 | BG31: =IFERROR(BC31/AI31,"") -> 0.27105327
D32: 023 | E32: Chi phí sửa chữa, bảo trì máy móc thiết bị sản xuất | F32: Định phí | G32: =SUMIF('10. 170KMP'!$K:$K,$D32,'10. 170KMP'!L:L) -> 0 | H32: =SUMIF('10. 170KMP'!$K:$K,$D32,'10. 170KMP'!M:M) -> 0 | I32: =SUMIF('10. 170KMP'!$K:$K,$D32,'10. 170KMP'!N:N) -> 0 | J32: =SUMIF('10. 170KMP'!$K:$K,$D32,'10. 170KMP'!O:O) -> 0 | K32: =SUMIF('10. 170KMP'!$K:$K,$D32,'10. 170KMP'!P:P) -> 0 | L32: =SUMIF('10. 170KMP'!$K:$K,$D32,'10. 170KMP'!Q:Q) -> 0 | M32: =SUMIF('10. 170KMP'!$K:$K,$D32,'10. 170KMP'!R:R) -> 0 | N32: =SUMIF('10. 170KMP'!$K:$K,$D32,'10. 170KMP'!S:S) -> 0 | O32: =SUMIF('10. 170KMP'!$K:$K,$D32,'10. 170KMP'!T:T) -> 0 | P32: =SUMIF('10. 170KMP'!$K:$K,$D32,'10. 170KMP'!U:U) -> 0 | Q32: =SUMIF('10. 170KMP'!$K:$K,$D32,'10. 170KMP'!V:V) -> 0 | R32: =SUMIF('10. 170KMP'!$K:$K,$D32,'10. 170KMP'!W:W) -> 0 | S32: =SUMIF('10. 170KMP'!$K:$K,$D32,'10. 170KMP'!X:X) -> 0 | T32: =SUMIF('10. 170KMP'!$K:$K,$D32,'10. 170KMP'!Y:Y) -> 0 | U32: =SUMIF('10. 170KMP'!$K:$K,$D32,'10. 170KMP'!Z:Z) -> 0 | V32: =SUMIF('10. 170KMP'!$K:$K,$D32,'10. 170KMP'!AA:AA) -> 0 | W32: =SUMIF('10. 170KMP'!$K:$K,$D32,'10. 170KMP'!AB:AB) -> 1.4184098e+08 | X32: =SUMIF('10. 170KMP'!$K:$K,$D32,'10. 170KMP'!AC:AC) -> 1.3261214e+08 | Y32: =SUMIF('10. 170KMP'!$K:$K,$D32,'10. 170KMP'!AD:AD) -> 1.1213992e+08 | Z32: =SUMIF('10. 170KMP'!$K:$K,$D32,'10. 170KMP'!AE:AE) -> 1.0217298e+08 | AA32: =SUMIF('10. 170KMP'!$K:$K,$D32,'10. 170KMP'!AF:AF) -> 1.2458898e+08 | AB32: =SUMIF('10. 170KMP'!$K:$K,$D32,'10. 170KMP'!AG:AG) -> 1.3154364e+08 | AC32: =SUMIF('10. 170KMP'!$K:$K,$D32,'10. 170KMP'!AH:AH) -> 1.3901413e+08 | AD32: =SUMIF('10. 170KMP'!$K:$K,$D32,'10. 170KMP'!AI:AI) -> 1.3252003e+08 | AE32: =SUMIF('10. 170KMP'!$K:$K,$D32,'10. 170KMP'!AJ:AJ) -> 1.7214169e+08 | AF32: =SUMIF('10. 170KMP'!$K:$K,$D32,'10. 170KMP'!AK:AK) -> 153678861 | AG32: =SUMIF('10. 170KMP'!$K:$K,$D32,'10. 170KMP'!AL:AL) -> 1.6894053e+08 | AH32: =SUMIF('10. 170KMP'!$K:$K,$D32,'10. 170KMP'!AM:AM) -> 1.6130719e+08 | AI32: =SUMIF('10. 170KMP'!$K:$K,$D32,'10. 170KMP'!AN:AN) -> 1.6725011e+09 | AJ32: =SUMIF('10. 170KMP'!$K:$K,$D32,'10. 170KMP'!AO:AO) -> 422607058 | AK32: =SUMIF('10. 170KMP'!$K:$K,$D32,'10. 170KMP'!AP:AP) -> 85937902 | AL32: =SUMIF('10. 170KMP'!$K:$K,$D32,'10. 170KMP'!AQ:AQ) -> 82202033 | AM32: =SUMIF('10. 170KMP'!$K:$K,$D32,'10. 170KMP'!AR:AR) -> 80944168 | AN32: =SUMIF('10. 170KMP'!$K:$K,$D32,'10. 170KMP'!AS:AS) -> 86771253 | AO32: =SUMIF('10. 170KMP'!$K:$K,$D32,'10. 170KMP'!AT:AT) -> 86751702 | AP32: =SUMIF('10. 170KMP'!$K:$K,$D32,'10. 170KMP'!AU:AU) -> 0 | AQ32: =SUMIF('10. 170KMP'!$K:$K,$D32,'10. 170KMP'!AV:AV) -> 0 | AR32: =SUMIF('10. 170KMP'!$K:$K,$D32,'10. 170KMP'!AW:AW) -> 0 | AS32: =SUMIF('10. 170KMP'!$K:$K,$D32,'10. 170KMP'!AX:AX) -> 0 | AT32: =SUMIF('10. 170KMP'!$K:$K,$D32,'10. 170KMP'!AY:AY) -> 0 | AU32: =SUMIF('10. 170KMP'!$K:$K,$D32,'10. 170KMP'!AZ:AZ) -> 0 | AV32: =SUMIF('10. 170KMP'!$K:$K,$D32,'10. 170KMP'!BA:BA) -> 0 | AW32: =AN32 -> 86771253 | AX32: =AO32 -> 86751702 | AY32: =AA32 -> 1.2458898e+08 | AZ32: =IFERROR(AX32/AW32,"") -> 0.99977468 | BA32: =IFERROR(AX32/AY32,"") -> 0.69630319 | BB32: =SUM(J32:N32) -> 0 | BC32: =SUM(AK32:AO32) -> 422607058 | BD32: =SUM(W32:AA32) -> 6.13355e+08 | BE32: =IFERROR(BC32/BB32,"") | BF32: =IFERROR(BC32/BD32,"") -> 0.68900891 | BG32: =IFERROR(BC32/AI32,"") -> 0.25267969
