Workbook

Sheet Nhập liệu
A1: Tham số | B1: Giá trị
A2: Giá mua B0 | B2: 11300
A3: Giá bán vảy | B3: =D3/1000 -> 24366 | D3: =F3*E3 -> 24366000 | E3: 26200 | F3: 930
A4: Giá bán hạt | B4: =D4/1000 -> 34322 | D4: =F4*E4 -> 34322000 | E4: =E3 -> 26200 | F4: 1310 | H4: Sorting | I4: Băm | J4: Rữa | K4: Tạo hạt
A5: Hiệu suất TH chai B0->Vảy | B5: ='[1]H_Tỷ lệ HH&PS (-PS)'!$AK$3 -> 0.79912222 | F5: 1 | H5: 0.1 | L5: =L8-H5 -> 0.05
A6: Hiệu suất TH Vảy->Hạt | B6: ='[1]H_Tỷ lệ HH&PS (-PS)'!$BA$3 -> 0.91786555 | F6: 1
A7: Chi phí phân loại | B7: =3000 -> 3000 | C7: =B7/$E$3*1000 -> 114.50382 | I7: =15%-M8 -> 0.07
A8: Chi phí rữa | B8: =2000+1500 -> 3500 | C8: =B8/$E$3*1000 -> 133.58779 | J8: 0.09 | L8: =L9-M8 -> 0.15 | M8: 0.08 | N8: Olefin | O8: =100%-L8 -> 0.85
A9: Pelletizing cost | B9: =2000+1300 -> 3300 | C9: =B9/$E$3*1000 -> 125.9542 | D9: =SUM(C7:C9) -> 374.0458 | E9: =SUM(B7:B9) -> 9800 | K9: 0.05 | L9: =L10-K9 -> 0.23 | N9: Tạo hạt
A10: Target profit | B10: =D10/1000 -> 1716.1 | D10: =D4*0.05 -> 1716100 | L10: 0.28

Sheet Tính toán
A1: Số liệu | B1: Công thức | C1: ='Nhập liệu'!E3 -> 26200
A2: Tổng hiệu suất hạt | B2: ='Nhập liệu'!B5*'Nhập liệu'!B6 -> 0.73348676
A3: Chi phí vảy/kg | B3: =('Nhập liệu'!B2+'Nhập liệu'!B7+'Nhập liệu'!B8)/'Nhập liệu'!B5 -> 22274.44 | C3: =B3/C$1*1000 -> 850.16947 | D3: ='[1]Hảo_R&D (Vảy sạch) (-PS)'!$CF$8*C1/1000 -> 27047.795 | E3: =D3-B3 -> 4773.355 | F3: =E3/D3 -> 0.17647853 | H3: 24663.806
A4: Giá vảy cần phải bán | B4: =B3+'Nhập liệu'!B10 -> 23990.54 | C4: =B4/C$1*1000 -> 915.66947
A5: Chi phí hạt/kg | B5: =('Nhập liệu'!B2+'Nhập liệu'!B7+'Nhập liệu'!B8+'Nhập liệu'!B9)/B2 -> 28766.709 | C5: =B5/C$1*1000 -> 1097.966 | D5: ='[1]Hảo_R&D (Vảy sạch) (-PS)'!$CF$4*C1/1000 -> 31501.504 | E5: =D5-B5 -> 2734.7952 | F5: =E5/D5 -> 0.08681475
A6: Giá Hạt cần phải bán | B6: =B5+'Nhập liệu'!B10 -> 30482.809 | C6: =B6/C$1*1000 -> 1163.466
E7: =E5-E3 -> -2038.5598

Sheet Lựa chon
A1: Kiểm tra | B1: Kết quả
A2: Vảy OK? | B2: =IF('Nhập liệu'!B3>='Tính toán'!B4,"OK","NO") -> OK
A3: Hạt OK? | B3: =IF('Nhập liệu'!B4>='Tính toán'!B6,"OK","NO") -> OK
A4: Lựa chọn tốt nhất | B4: =IF(AND(B2="OK",B3="OK"),IF('Nhập liệu'!B4-'Tính toán'!B6>'Nhập liệu'!B3-'Tính toán'!B4,"PELLET","FLAKE"),IF(B3="OK","PELLET",IF(B2="OK","FLAKE","DO NOT BUY"))) -> PELLET

Sheet Giá mua_tối đa
A1: Số liệu | B1: Formula
A2: Giá mua tối đa B0 (Vảy) | B2: ='Nhập liệu'!B3*'Nhập liệu'!B5-'Nhập liệu'!B7-'Nhập liệu'!B8-'Nhập liệu'!B10 -> 11255.312 | C2: 11300 | D2: =C2-B2 -> 44.687999 | E2: ='Nhập liệu'!B10 -> 1716.1
A3: Giá mua tối đa B0 (Hạt) | B3: ='Nhập liệu'!B4*('Nhập liệu'!B5*'Nhập liệu'!B6)-'Nhập liệu'!B7-'Nhập liệu'!B8-'Nhập liệu'!B9-'Nhập liệu'!B10 -> 13658.632
