Workbook
Name _1: #REF!
Name _2: #REF!
Name _3: #REF!
Name _4: #REF!
Name _5: #REF!
Name a: #REF!
Name Accounts: #REF!
Name Activity_Reports: #REF!
Name ADM: #REF!
Name Application: #REF!
Name B: #REF!
Name back: #REF!
Name Calendar: #REF!
Name Catalogue_xls: #REF!
Name CompanyCode: #REF!
Name Contractingdiv: #REF!
Name corporate_affairs: #REF!
Name CTY: #REF!
Name Data_Values: #REF!
Name DATA13: #REF!
Name DATA14: #REF!
Name DATA15: #REF!
Name DATA16: #REF!
Name DATA17: #REF!
Name DATA18: #REF!
Name DATA19: #REF!
Name DATA20: #REF!
Name DATA21: #REF!
Name DATA22: #REF!
Name DATA23: #REF!
Name DATA24: #REF!
Name DATA25: #REF!
Name DATA26: #REF!
Name DATA27: #REF!
Name DATA28: #REF!
Name DATA29: #REF!
Name DATA30: #REF!
Name DATA31: #REF!
Name DATA32: #REF!
Name DATA33: #REF!
Name DATA34: #REF!
Name DATA35: #REF!
Name DATA36: #REF!
Name DATA37: #REF!
Name Date_of_separation: #REF!
Name DeptCode: #REF!
Name dinhbien2021: #REF!
Name DivisionCode: #REF!
Name DoCty: #REF!
Name DoDM: #REF!
Name DoMD: #REF!
Name dow: #REF!
Name DT: #REF!
Name ERP: #REF!
Name Excise: #REF!
Name Expectations: #REF!
Name EXR: #REF!
Name fdg: #REF!
Name Finanacialsys: #REF!
Name Financialsys: #REF!

Sheet 0.KQKD
B2: KẾT QUẢ KINH DOANH (ĐVT: triệu đồng) | F2: TỔNG CỘNG NĂM | AJ2: THỰC HIỆN CHI TIẾT THÁNG 2026 | AV2: THỰC HIỆN THÁNG 5, 2026 | BA2: THỰC HIỆN LŨY KẾ 5 THÁNG 2026
B3: STT | C3: CHỈ TIÊU | E3: Mã tham chiếu | F3: 2022 | G3: 2023 | H3: 2024 | I3: 1 | J3: 2 | K3: 3 | L3: 4 | M3: 5 | N3: 6 | O3: 7 | P3: 8 | Q3: 9 | R3: 10 | S3: 11 | T3: 12 | U3: 2025 | V3: 1 | W3: 2 | X3: 3 | Y3: 4 | Z3: 5 | AA3: 6 | AB3: 7 | AC3: 8 | AD3: 9 | AE3: 10 | AF3: 11 | AG3: 12 | AH3: Kế hoạch 2026 | AI3: Ước thực hiện 2026 | AJ3: 1 | AK3: 2 | AL3: 3 | AM3: 4 | AN3: 5 | AO3: 6 | AP3: 7 | AQ3: 8 | AR3: 9 | AS3: 10 | AT3: 11 | AU3: 12 | AV3: Thực hiện T4.2026 | AW3: Thực hiện T5.2026 | AX3: Kế hoạch T5.2026 | AY3: So với TH T4.2026 | AZ3: So với KH T5.2026 | BA3: Thực hiện LK 2025 | BB3: Thực hiện LK 2026 | BC3: Kế hoạch LK 2026P | BD3: So với TH LK 2025 | BE3: So với KH LK 2026 | BF3: So với KH Năm 2026
B4: 1 | C4: SẢN LƯỢNG BÁN (Tấn) | E4: (*) | U4: =SUM(I4:T4) -> 0 | V4: 667500 | W4: 400500 | X4: 884000 | Y4: 984348 | Z4: 1025362.5 | AA4: 1025362.5 | AB4: 1066377 | AC4: 1067144 | AD4: 1026100 | AE4: 1066546 | AF4: 1025525 | AG4: 1066377 | AH4: =SUM(V4:AG4) -> 11305142 | AI4: =SUM(AJ4:AU4) -> 2738069 | AJ4: 513461 | AK4: 321709 | AL4: 698891 | AM4: 493240 | AN4: 710768 | AV4: =AM4 -> 493240 | AW4: =AN4 -> 710768 | AX4: =Z4 -> 1025362.5 | AY4: =IFERROR(AW4/AV4,0) -> 1.4410186 | AZ4: =IFERROR(AW4/AX4,0) -> 0.69318704 | BA4: =SUM(I4:M4) -> 0 | BB4: =SUM(AJ4:AN4) -> 2738069 | BC4: =SUM(V4:Z4) -> 3961710.5 | BD4: =IFERROR(BB4/BA4,0) -> 0 | BE4: =IFERROR(BB4/BC4,0) -> 0.69113303 | BF4: =IFERROR(BB4/AH4,0) -> 0.24219678
B5: 2 | C5: DOANH THU THUẦN | E5: (**) | U5: =SUM(I5:T5) -> 0 | V5: 9420187500 | W5: 5652112500 | X5: 12443100000 | Y5: 15779640000 | Z5: 16437125000 | AA5: 16437125000 | AB5: 17094610000 | AC5: 17118140000 | AD5: 16459750000 | AE5: 17105172500 | AF5: 16447281250 | AG5: 17094610000 | AH5: =SUM(V5:AG5) -> 177488853750 | AI5: =SUM(AJ5:AU5) -> 39568213997 | AJ5: 7320017770 | AK5: 4596489350 | AL5: 9617317135 | AM5: 7009495222 | AN5: 11024894520 | AV5: =AM5 -> 7009495222 | AW5: =AN5 -> 11024894520 | AX5: =Z5 -> 16437125000 | AY5: =IFERROR(AW5/AV5,0) -> 1.5728514 | AZ5: =IFERROR(AW5/AX5,0) -> 0.67073132 | BA5: =SUM(I5:M5) -> 0 | BB5: =SUM(AJ5:AN5) -> 39568213997 | BC5: =SUM(V5:Z5) -> 59732165000 | BD5: =IFERROR(BB5/BA5,0) -> 0 | BE5: =IFERROR(BB5/BC5,0) -> 0.66242725 | BF5: =IFERROR(BB5/AH5,0) -> 0.22293351
D6: Giá bán / Tấn (Triệu đồng/Tấn) | F6: =IFERROR(F5/F$4,0)*1000 -> 0 | G6: =IFERROR(G5/G$4,0)*1000 -> 0 | H6: =IFERROR(H5/H$4,0)*1000 -> 0 | I6: =IFERROR(I5/I$4,0)*1000 -> 0 | J6: =IFERROR(J5/J$4,0)*1000 -> 0 | K6: =IFERROR(K5/K$4,0)*1000 -> 0 | L6: =IFERROR(L5/L$4,0)*1000 -> 0 | M6: =IFERROR(M5/M$4,0)*1000 -> 0 | ... AX6: =IFERROR(AX5/AX$4,0)*1000 -> 16030550 | AY6: =IFERROR(AW6/AV6,0) -> 1.0914859 | AZ6: =IFERROR(AW6/AX6,0) -> 0.9676051 | BA6: =IFERROR(BA5/BA$4,0)*1000 -> 0 | BB6: =IFERROR(BB5/BB$4,0)*1000 -> 14451138 | BC6: =IFERROR(BC5/BC$4,0)*1000 -> 15077367 | BD6: =IFERROR(BB6/BA6,0) -> 0 | BE6: =IFERROR(BB6/BC6,0) -> 0.95846562 | BF6: =IFERROR(BB6/AH6,0) -> 0.9204644
B7: 3 | C7: BIẾN PHÍ | F7: =F10+F13 -> #REF! | G7: =G10+G13 -> #REF! | H7: =H10+H13 -> #REF! | I7: =I10+I13 -> #REF! | J7: =J10+J13 -> #REF! | K7: =K10+K13 -> #REF! | L7: =L10+L13 -> #REF! | M7: =M10+M13 -> #REF! | ... AU7: =AU10+AU13 -> 0 | AV7: =AM7 -> 5580731745 | AW7: =AN7 -> 8790464926 | AX7: =Z7 -> 1.4171683e+10 | AY7: =IFERROR(AW7/AV7,0) -> 1.5751456 | AZ7: =IFERROR(AW7/AX7,0) -> 0.62028376 | BA7: =SUM(I7:M7) -> #REF! | BB7: =SUM(AJ7:AN7) -> 31873001564 | BC7: =SUM(V7:Z7) -> 5.0855535e+10 | BD7: =IFERROR(BB7/BA7,0) -> 0 | BE7: =IFERROR(BB7/BC7,0) -> 0.62673614 | BF7: =IFERROR(BB7/AH7,0) -> 0.20924708
D8: Biến phí / Doanh thu (%) | F8: =IFERROR(F7/F$5,0) -> 0 | G8: =IFERROR(G7/G$5,0) -> 0 | H8: =IFERROR(H7/H$5,0) -> 0 | I8: =IFERROR(I7/I$5,0) -> 0 | J8: =IFERROR(J7/J$5,0) -> 0 | K8: =IFERROR(K7/K$5,0) -> 0 | L8: =IFERROR(L7/L$5,0) -> 0 | M8: =IFERROR(M7/M$5,0) -> 0 | ... AX8: =IFERROR(AX7/AX$5,0) -> 0.8621753 | AY8: =IFERROR(AW8/AV8,0) -> 1.0014586 | AZ8: =IFERROR(AW8/AX8,0) -> 0.92478723 | BA8: =IFERROR(BA7/BA$5,0) -> 0 | BB8: =IFERROR(BB7/BB$5,0) -> 0.80552035 | BC8: =IFERROR(BC7/BC$5,0) -> 0.85139279 | BD8: =IFERROR(BB8/BA8,0) -> 0 | BE8: =IFERROR(BB8/BC8,0) -> 0.94612071 | BF8: =IFERROR(BB8/AH8,0) -> 0.93860754
D9: Biến phí / Tấn (Triệu đồng/Tấn) | F9: =IFERROR(F7/F$4,0)*1000 -> 0 | G9: =IFERROR(G7/G$4,0)*1000 -> 0 | H9: =IFERROR(H7/H$4,0)*1000 -> 0 | I9: =IFERROR(I7/I$4,0)*1000 -> 0 | J9: =IFERROR(J7/J$4,0)*1000 -> 0 | K9: =IFERROR(K7/K$4,0)*1000 -> 0 | L9: =IFERROR(L7/L$4,0)*1000 -> 0 | M9: =IFERROR(M7/M$4,0)*1000 -> 0 | ... AX9: =IFERROR(AX7/AX$4,0)*1000 -> 13821144 | AY9: =IFERROR(AW9/AV9,0) -> 1.0930779 | AZ9: =IFERROR(AW9/AX9,0) -> 0.89482884 | BA9: =IFERROR(BA7/BA$4,0)*1000 -> 0 | BB9: =IFERROR(BB7/BB$4,0)*1000 -> 11640686 | BC9: =IFERROR(BC7/BC$4,0)*1000 -> 12836762 | BD9: =IFERROR(BB9/BA9,0) -> 0 | BE9: =IFERROR(BB9/BC9,0) -> 0.90682417 | BF9: =IFERROR(BB9/AH9,0) -> 0.86395483
B10: 3.1 | C10: Biến phí bán hàng | E10: 01,02,03 | F10: =SUMIF('10. 170KMP'!$J:$J,"1",'10. 170KMP'!L:L) -> #REF! | G10: =SUMIF('10. 170KMP'!$J:$J,"1",'10. 170KMP'!M:M) -> #REF! | H10: =SUMIF('10. 170KMP'!$J:$J,"1",'10. 170KMP'!N:N) -> #REF! | I10: =SUMIF('10. 170KMP'!$J:$J,"1",'10. 170KMP'!O:O) -> #REF! | J10: =SUMIF('10. 170KMP'!$J:$J,"1",'10. 170KMP'!P:P) -> #REF! | K10: =SUMIF('10. 170KMP'!$J:$J,"1",'10. 170KMP'!Q:Q) -> #REF! | L10: =SUMIF('10. 170KMP'!$J:$J,"1",'10. 170KMP'!R:R) -> #REF! | M10: =SUMIF('10. 170KMP'!$J:$J,"1",'10. 170KMP'!S:S) -> #REF! | N10: =SUMIF('10. 170KMP'!$J:$J,"1",'10. 170KMP'!T:T) -> #REF! | O10: =SUMIF('10. 170KMP'!$J:$J,"1",'10. 170KMP'!U:U) -> #REF! | P10: =SUMIF('10. 170KMP'!$J:$J,"1",'10. 170KMP'!V:V) -> #REF! | Q10: =SUMIF('10. 170KMP'!$J:$J,"1",'10. 170KMP'!W:W) -> #REF! | R10: =SUMIF('10. 170KMP'!$J:$J,"1",'10. 170KMP'!X:X) -> #REF! | S10: =SUMIF('10. 170KMP'!$J:$J,"1",'10. 170KMP'!Y:Y) -> #REF! | T10: =SUMIF('10. 170KMP'!$J:$J,"1",'10. 170KMP'!Z:Z) -> #REF! | U10: =SUMIF('10. 170KMP'!$J:$J,"1",'10. 170KMP'!AA:AA) -> #REF! | V10: =SUMIF('10. 170KMP'!$J:$J,"1",'10. 170KMP'!AB:AB) -> 267000000 | W10: =SUMIF('10. 170KMP'!$J:$J,"1",'10. 170KMP'!AC:AC) -> 160200000 | X10: =SUMIF('10. 170KMP'!$J:$J,"1",'10. 170KMP'!AD:AD) -> 353600000 | Y10: =SUMIF('10. 170KMP'!$J:$J,"1",'10. 170KMP'!AE:AE) -> 317703360 | Z10: =SUMIF('10. 170KMP'!$J:$J,"1",'10. 170KMP'!AF:AF) -> 330941000 | AA10: =SUMIF('10. 170KMP'!$J:$J,"1",'10. 170KMP'!AG:AG) -> 330941000 | AB10: =SUMIF('10. 170KMP'!$J:$J,"1",'10. 170KMP'!AH:AH) -> 344178640 | AC10: =SUMIF('10. 170KMP'!$J:$J,"1",'10. 170KMP'!AI:AI) -> 344398080 | AD10: =SUMIF('10. 170KMP'!$J:$J,"1",'10. 170KMP'!AJ:AJ) -> 331152000 | AE10: =SUMIF('10. 170KMP'!$J:$J,"1",'10. 170KMP'!AK:AK) -> 344232720 | AF10: =SUMIF('10. 170KMP'!$J:$J,"1",'10. 170KMP'!AL:AL) -> 330993000 | AG10: =SUMIF('10. 170KMP'!$J:$J,"1",'10. 170KMP'!AM:AM) -> 344178640 | AH10: =SUMIF('10. 170KMP'!$J:$J,"1",'10. 170KMP'!AN:AN) -> 3799518440 | AI10: =SUMIF('10. 170KMP'!$J:$J,"1",'10. 170KMP'!AO:AO) -> 1047100000 | AJ10: =SUMIF('10. 170KMP'!$J:$J,"1",'10. 170KMP'!AP:AP) -> 195900000 | AK10: =SUMIF('10. 170KMP'!$J:$J,"1",'10. 170KMP'!AQ:AQ) -> 121800000 | AL10: =SUMIF('10. 170KMP'!$J:$J,"1",'10. 170KMP'!AR:AR) -> 271300000 | AM10: =SUMIF('10. 170KMP'!$J:$J,"1",'10. 170KMP'!AS:AS) -> 195300000 | AN10: =SUMIF('10. 170KMP'!$J:$J,"1",'10. 170KMP'!AT:AT) -> 262800000 | AO10: =SUMIF('10. 170KMP'!$J:$J,"1",'10. 170KMP'!AU:AU) -> 0 | AP10: =SUMIF('10. 170KMP'!$J:$J,"1",'10. 170KMP'!AV:AV) -> 0 | AQ10: =SUMIF('10. 170KMP'!$J:$J,"1",'10. 170KMP'!AW:AW) -> 0 | AR10: =SUMIF('10. 170KMP'!$J:$J,"1",'10. 170KMP'!AX:AX) -> 0 | AS10: =SUMIF('10. 170KMP'!$J:$J,"1",'10. 170KMP'!AY:AY) -> 0 | AT10: =SUMIF('10. 170KMP'!$J:$J,"1",'10. 170KMP'!AZ:AZ) -> 0 | AU10: =SUMIF('10. 170KMP'!$J:$J,"1",'10. 170KMP'!BA:BA) -> 0 | AV10: =AM10 -> 195300000 | AW10: =AN10 -> 262800000 | AX10: =Z10 -> 330941000 | AY10: =IFERROR(AW10/AV10,0) -> 1.3456221 | AZ10: =IFERROR(AW10/AX10,0) -> 0.79409925 | BA10: =SUM(I10:M10) -> #REF! | BB10: =SUM(AJ10:AN10) -> 1047100000 | BC10: =SUM(V10:Z10) -> 1429444360 | BD10: =IFERROR(BB10/BA10,0) -> 0 | BE10: =IFERROR(BB10/BC10,0) -> 0.73252239 | BF10: =IFERROR(BB10/AH10,0) -> 0.27558756
D11: Biến phí / Doanh thu (%) | F11: =IFERROR(F10/F$5,0) -> 0 | G11: =IFERROR(G10/G$5,0) -> 0 | H11: =IFERROR(H10/H$5,0) -> 0 | I11: =IFERROR(I10/I$5,0) -> 0 | J11: =IFERROR(J10/J$5,0) -> 0 | K11: =IFERROR(K10/K$5,0) -> 0 | L11: =IFERROR(L10/L$5,0) -> 0 | M11: =IFERROR(M10/M$5,0) -> 0 | ... AX11: =IFERROR(AX10/AX$5,0) -> 0.020133752 | AY11: =IFERROR(AW11/AV11,0) -> 0.85553035 | AZ11: =IFERROR(AW11/AX11,0) -> 1.1839305 | BA11: =IFERROR(BA10/BA$5,0) -> 0 | BB11: =IFERROR(BB10/BB$5,0) -> 0.026463161 | BC11: =IFERROR(BC10/BC$5,0) -> 0.023930898 | BD11: =IFERROR(BB11/BA11,0) -> 0 | BE11: =IFERROR(BB11/BC11,0) -> 1.1058156 | BF11: =IFERROR(BB11/AH11,0) -> 1.2361872
D12: Biến phí / Tấn (Triệu đồng/Tấn) | F12: =IFERROR(F10/F$4,0)*1000 -> 0 | G12: =IFERROR(G10/G$4,0)*1000 -> 0 | H12: =IFERROR(H10/H$4,0)*1000 -> 0 | I12: =IFERROR(I10/I$4,0)*1000 -> 0 | J12: =IFERROR(J10/J$4,0)*1000 -> 0 | K12: =IFERROR(K10/K$4,0)*1000 -> 0 | L12: =IFERROR(L10/L$4,0)*1000 -> 0 | M12: =IFERROR(M10/M$4,0)*1000 -> 0 | ... AX12: =IFERROR(AX10/AX$4,0)*1000 -> 322755.12 | AY12: =IFERROR(AW12/AV12,0) -> 0.93379929 | AZ12: =IFERROR(AW12/AX12,0) -> 1.1455772 | BA12: =IFERROR(BA10/BA$4,0)*1000 -> 0 | BB12: =IFERROR(BB10/BB$4,0)*1000 -> 382422.8 | BC12: =IFERROR(BC10/BC$4,0)*1000 -> 360814.95 | BD12: =IFERROR(BB12/BA12,0) -> 0 | BE12: =IFERROR(BB12/BC12,0) -> 1.0598862 | BF12: =IFERROR(BB12/AH12,0) -> 1.1378663
B13: 3.2 | C13: Biến phí sản xuất | F13: =F16+F17+F19+F20+F21+F22+F23+F24+F25+F26 -> #REF! | G13: =G16+G17+G19+G20+G21+G22+G23+G24+G25+G26 -> #REF! | H13: =H16+H17+H19+H20+H21+H22+H23+H24+H25+H26 -> #REF! | I13: =I16+I17+I19+I20+I21+I22+I23+I24+I25+I26 -> #REF! | J13: =J16+J17+J19+J20+J21+J22+J23+J24+J25+J26 -> #REF! | K13: =K16+K17+K19+K20+K21+K22+K23+K24+K25+K26 -> #REF! | L13: =L16+L17+L19+L20+L21+L22+L23+L24+L25+L26 -> #REF! | M13: =M16+M17+M19+M20+M21+M22+M23+M24+M25+M26 -> #REF! | ... AU13: =AU16+AU17+AU19+AU20+AU21+AU22+AU23+AU24+AU25+AU26 -> 0 | AV13: =AM13 -> 5385431745 | AW13: =AN13 -> 8527664926 | AX13: =Z13 -> 1.3840742e+10 | AY13: =IFERROR(AW13/AV13,0) -> 1.5834691 | AZ13: =IFERROR(AW13/AX13,0) -> 0.61612772 | BA13: =SUM(I13:M13) -> #REF! | BB13: =SUM(AJ13:AN13) -> 30825901564 | BC13: =SUM(V13:Z13) -> 4.942609e+10 | BD13: =IFERROR(BB13/BA13,0) -> 0 | BE13: =IFERROR(BB13/BC13,0) -> 0.62367671 | BF13: =IFERROR(BB13/AH13,0) -> 0.20754995
D14: Biến phí sản xuất/ Doanh thu (%) | F14: =IFERROR(F13/F$5,0) -> 0 | G14: =IFERROR(G13/G$5,0) -> 0 | H14: =IFERROR(H13/H$5,0) -> 0 | I14: =IFERROR(I13/I$5,0) -> 0 | J14: =IFERROR(J13/J$5,0) -> 0 | K14: =IFERROR(K13/K$5,0) -> 0 | L14: =IFERROR(L13/L$5,0) -> 0 | M14: =IFERROR(M13/M$5,0) -> 0 | ... AX14: =IFERROR(AX13/AX$5,0) -> 0.84204155 | AY14: =IFERROR(AW14/AV14,0) -> 1.0067506 | AZ14: =IFERROR(AW14/AX14,0) -> 0.91859095 | BA14: =IFERROR(BA13/BA$5,0) -> 0 | BB14: =IFERROR(BB13/BB$5,0) -> 0.77905719 | BC14: =IFERROR(BC13/BC$5,0) -> 0.82746189 | BD14: =IFERROR(BB14/BA14,0) -> 0 | BE14: =IFERROR(BB14/BC14,0) -> 0.9415022 | BF14: =IFERROR(BB14/AH14,0) -> 0.93099484
D15: Biến phí sản xuất/ Tấn (Triệu đồng/Tấn) | F15: =IFERROR(F13/F$4,0)*1000 -> 0 | G15: =IFERROR(G13/G$4,0)*1000 -> 0 | H15: =IFERROR(H13/H$4,0)*1000 -> 0 | I15: =IFERROR(I13/I$4,0)*1000 -> 0 | J15: =IFERROR(J13/J$4,0)*1000 -> 0 | K15: =IFERROR(K13/K$4,0)*1000 -> 0 | L15: =IFERROR(L13/L$4,0)*1000 -> 0 | M15: =IFERROR(M13/M$4,0)*1000 -> 0 | ... AX15: =IFERROR(AX13/AX$4,0)*1000 -> 13498389 | AY15: =IFERROR(AW15/AV15,0) -> 1.0988541 | AZ15: =IFERROR(AW15/AX15,0) -> 0.88883328 | BA15: =IFERROR(BA13/BA$4,0)*1000 -> 0 | BB15: =IFERROR(BB13/BB$4,0)*1000 -> 11258263 | BC15: =IFERROR(BC13/BC$4,0)*1000 -> 12475947 | BD15: =IFERROR(BB15/BA15,0) -> 0 | BE15: =IFERROR(BB15/BC15,0) -> 0.90239749 | BF15: =IFERROR(BB15/AH15,0) -> 0.85694761
D16: Chi phí nguyên liệu vật chính | E16: 04 | F16: =SUMIF('10. 170KMP'!$J:$J,'0.KQKD'!$E16,'10. 170KMP'!L:L) -> #REF! | G16: =SUMIF('10. 170KMP'!$J:$J,'0.KQKD'!$E16,'10. 170KMP'!M:M) -> #REF! | H16: =SUMIF('10. 170KMP'!$J:$J,'0.KQKD'!$E16,'10. 170KMP'!N:N) -> #REF! | I16: =SUMIF('10. 170KMP'!$J:$J,'0.KQKD'!$E16,'10. 170KMP'!O:O) -> #REF! | J16: =SUMIF('10. 170KMP'!$J:$J,'0.KQKD'!$E16,'10. 170KMP'!P:P) -> #REF! | K16: =SUMIF('10. 170KMP'!$J:$J,'0.KQKD'!$E16,'10. 170KMP'!Q:Q) -> #REF! | L16: =SUMIF('10. 170KMP'!$J:$J,'0.KQKD'!$E16,'10. 170KMP'!R:R) -> #REF! | M16: =SUMIF('10. 170KMP'!$J:$J,'0.KQKD'!$E16,'10. 170KMP'!S:S) -> #REF! | N16: =SUMIF('10. 170KMP'!$J:$J,'0.KQKD'!$E16,'10. 170KMP'!T:T) -> #REF! | O16: =SUMIF('10. 170KMP'!$J:$J,'0.KQKD'!$E16,'10. 170KMP'!U:U) -> #REF! | P16: =SUMIF('10. 170KMP'!$J:$J,'0.KQKD'!$E16,'10. 170KMP'!V:V) -> #REF! | Q16: =SUMIF('10. 170KMP'!$J:$J,'0.KQKD'!$E16,'10. 170KMP'!W:W) -> #REF! | R16: =SUMIF('10. 170KMP'!$J:$J,'0.KQKD'!$E16,'10. 170KMP'!X:X) -> #REF! | S16: =SUMIF('10. 170KMP'!$J:$J,'0.KQKD'!$E16,'10. 170KMP'!Y:Y) -> #REF! | T16: =SUMIF('10. 170KMP'!$J:$J,'0.KQKD'!$E16,'10. 170KMP'!Z:Z) -> #REF! | U16: =SUM(I16:T16) -> #REF! | V16: =SUMIF('10. 170KMP'!$J:$J,'0.KQKD'!$E16,'10. 170KMP'!AB:AB) -> 7275000000 | W16: =SUMIF('10. 170KMP'!$J:$J,'0.KQKD'!$E16,'10. 170KMP'!AC:AC) -> 4275000000 | X16: =SUMIF('10. 170KMP'!$J:$J,'0.KQKD'!$E16,'10. 170KMP'!AD:AD) -> 10000000000 | Y16: =SUMIF('10. 170KMP'!$J:$J,'0.KQKD'!$E16,'10. 170KMP'!AE:AE) -> 12000000000 | Z16: =SUMIF('10. 170KMP'!$J:$J,'0.KQKD'!$E16,'10. 170KMP'!AF:AF) -> 12500000000 | AA16: =SUMIF('10. 170KMP'!$J:$J,'0.KQKD'!$E16,'10. 170KMP'!AG:AG) -> 12500000000 | AB16: =SUMIF('10. 170KMP'!$J:$J,'0.KQKD'!$E16,'10. 170KMP'!AH:AH) -> 13000000000 | AC16: =SUMIF('10. 170KMP'!$J:$J,'0.KQKD'!$E16,'10. 170KMP'!AI:AI) -> 13000000000 | AD16: =SUMIF('10. 170KMP'!$J:$J,'0.KQKD'!$E16,'10. 170KMP'!AJ:AJ) -> 12500000000 | AE16: =SUMIF('10. 170KMP'!$J:$J,'0.KQKD'!$E16,'10. 170KMP'!AK:AK) -> 13000000000 | AF16: =SUMIF('10. 170KMP'!$J:$J,'0.KQKD'!$E16,'10. 170KMP'!AL:AL) -> 12500000000 | AG16: =SUMIF('10. 170KMP'!$J:$J,'0.KQKD'!$E16,'10. 170KMP'!AM:AM) -> 13000000000 | AH16: =SUM(V16:AG16) -> 135550000000 | AI16: =SUM(AJ16:AU16) -> 29843104307 | AJ16: =SUMIF('10. 170KMP'!$J:$J,'0.KQKD'!$E16,'10. 170KMP'!AP:AP) -> 5578831855 | AK16: =SUMIF('10. 170KMP'!$J:$J,'0.KQKD'!$E16,'10. 170KMP'!AQ:AQ) -> 3437777528 | AL16: =SUMIF('10. 170KMP'!$J:$J,'0.KQKD'!$E16,'10. 170KMP'!AR:AR) -> 7441576343 | AM16: =SUMIF('10. 170KMP'!$J:$J,'0.KQKD'!$E16,'10. 170KMP'!AS:AS) -> 5155085629 | AN16: =SUMIF('10. 170KMP'!$J:$J,'0.KQKD'!$E16,'10. 170KMP'!AT:AT) -> 8229832952 | AO16: =SUMIF('10. 170KMP'!$J:$J,'0.KQKD'!$E16,'10. 170KMP'!AU:AU) -> 0 | AP16: =SUMIF('10. 170KMP'!$J:$J,'0.KQKD'!$E16,'10. 170KMP'!AV:AV) -> 0 | AQ16: =SUMIF('10. 170KMP'!$J:$J,'0.KQKD'!$E16,'10. 170KMP'!AW:AW) -> 0 | AR16: =SUMIF('10. 170KMP'!$J:$J,'0.KQKD'!$E16,'10. 170KMP'!AX:AX) -> 0 | AS16: =SUMIF('10. 170KMP'!$J:$J,'0.KQKD'!$E16,'10. 170KMP'!AY:AY) -> 0 | AT16: =SUMIF('10. 170KMP'!$J:$J,'0.KQKD'!$E16,'10. 170KMP'!AZ:AZ) -> 0 | AU16: =SUMIF('10. 170KMP'!$J:$J,'0.KQKD'!$E16,'10. 170KMP'!BA:BA) -> 0 | AV16: =AM16 -> 5155085629 | AW16: =AN16 -> 8229832952 | AX16: =Z16 -> 12500000000 | AY16: =IFERROR(AW16/AV16,0) -> 1.5964493 | AZ16: =IFERROR(AW16/AX16,0) -> 0.65838664 | BA16: =SUM(I16:M16) -> #REF! | BB16: =SUM(AJ16:AN16) -> 29843104307 | BC16: =SUM(V16:Z16) -> 46050000000 | BD16: =IFERROR(BB16/BA16,0) -> 0 | BE16: =IFERROR(BB16/BC16,0) -> 0.64805873 | BF16: =IFERROR(BB16/AH16,0) -> 0.22016307
D17: Chi phí nguyên vật liệu phụ | E17: 05 | F17: =SUMIF('10. 170KMP'!$J:$J,'0.KQKD'!$E17,'10. 170KMP'!L:L) -> #REF! | G17: =SUMIF('10. 170KMP'!$J:$J,'0.KQKD'!$E17,'10. 170KMP'!M:M) -> #REF! | H17: =SUMIF('10. 170KMP'!$J:$J,'0.KQKD'!$E17,'10. 170KMP'!N:N) -> #REF! | I17: =SUMIF('10. 170KMP'!$J:$J,'0.KQKD'!$E17,'10. 170KMP'!O:O) -> #REF! | J17: =SUMIF('10. 170KMP'!$J:$J,'0.KQKD'!$E17,'10. 170KMP'!P:P) -> #REF! | K17: =SUMIF('10. 170KMP'!$J:$J,'0.KQKD'!$E17,'10. 170KMP'!Q:Q) -> #REF! | L17: =SUMIF('10. 170KMP'!$J:$J,'0.KQKD'!$E17,'10. 170KMP'!R:R) -> #REF! | M17: =SUMIF('10. 170KMP'!$J:$J,'0.KQKD'!$E17,'10. 170KMP'!S:S) -> #REF! | N17: =SUMIF('10. 170KMP'!$J:$J,'0.KQKD'!$E17,'10. 170KMP'!T:T) -> #REF! | O17: =SUMIF('10. 170KMP'!$J:$J,'0.KQKD'!$E17,'10. 170KMP'!U:U) -> #REF! | P17: =SUMIF('10. 170KMP'!$J:$J,'0.KQKD'!$E17,'10. 170KMP'!V:V) -> #REF! | Q17: =SUMIF('10. 170KMP'!$J:$J,'0.KQKD'!$E17,'10. 170KMP'!W:W) -> #REF! | R17: =SUMIF('10. 170KMP'!$J:$J,'0.KQKD'!$E17,'10. 170KMP'!X:X) -> #REF! | S17: =SUMIF('10. 170KMP'!$J:$J,'0.KQKD'!$E17,'10. 170KMP'!Y:Y) -> #REF! | T17: =SUMIF('10. 170KMP'!$J:$J,'0.KQKD'!$E17,'10. 170KMP'!Z:Z) -> #REF! | U17: =SUM(I17:T17) -> #REF! | V17: =SUMIF('10. 170KMP'!$J:$J,'0.KQKD'!$E17,'10. 170KMP'!AB:AB) -> 0 | W17: =SUMIF('10. 170KMP'!$J:$J,'0.KQKD'!$E17,'10. 170KMP'!AC:AC) -> 0 | X17: =SUMIF('10. 170KMP'!$J:$J,'0.KQKD'!$E17,'10. 170KMP'!AD:AD) -> 0 | Y17: =SUMIF('10. 170KMP'!$J:$J,'0.KQKD'!$E17,'10. 170KMP'!AE:AE) -> 0 | Z17: =SUMIF('10. 170KMP'!$J:$J,'0.KQKD'!$E17,'10. 170KMP'!AF:AF) -> 0 | AA17: =SUMIF('10. 170KMP'!$J:$J,'0.KQKD'!$E17,'10. 170KMP'!AG:AG) -> 0 | AB17: =SUMIF('10. 170KMP'!$J:$J,'0.KQKD'!$E17,'10. 170KMP'!AH:AH) -> 0 | AC17: =SUMIF('10. 170KMP'!$J:$J,'0.KQKD'!$E17,'10. 170KMP'!AI:AI) -> 0 | AD17: =SUMIF('10. 170KMP'!$J:$J,'0.KQKD'!$E17,'10. 170KMP'!AJ:AJ) -> 0 | AE17: =SUMIF('10. 170KMP'!$J:$J,'0.KQKD'!$E17,'10. 170KMP'!AK:AK) -> 0 | AF17: =SUMIF('10. 170KMP'!$J:$J,'0.KQKD'!$E17,'10. 170KMP'!AL:AL) -> 0 | AG17: =SUMIF('10. 170KMP'!$J:$J,'0.KQKD'!$E17,'10. 170KMP'!AM:AM) -> 0 | AH17: =SUM(V17:AG17) -> 0 | AI17: =SUM(AJ17:AU17) -> 0 | AJ17: =SUMIF('10. 170KMP'!$J:$J,'0.KQKD'!$E17,'10. 170KMP'!AP:AP) -> 0 | AK17: =SUMIF('10. 170KMP'!$J:$J,'0.KQKD'!$E17,'10. 170KMP'!AQ:AQ) -> 0 | AL17: =SUMIF('10. 170KMP'!$J:$J,'0.KQKD'!$E17,'10. 170KMP'!AR:AR) -> 0 | AM17: =SUMIF('10. 170KMP'!$J:$J,'0.KQKD'!$E17,'10. 170KMP'!AS:AS) -> 0 | AN17: =SUMIF('10. 170KMP'!$J:$J,'0.KQKD'!$E17,'10. 170KMP'!AT:AT) -> 0 | AO17: =SUMIF('10. 170KMP'!$J:$J,'0.KQKD'!$E17,'10. 170KMP'!AU:AU) -> 0 | AP17: =SUMIF('10. 170KMP'!$J:$J,'0.KQKD'!$E17,'10. 170KMP'!AV:AV) -> 0 | AQ17: =SUMIF('10. 170KMP'!$J:$J,'0.KQKD'!$E17,'10. 170KMP'!AW:AW) -> 0 | AR17: =SUMIF('10. 170KMP'!$J:$J,'0.KQKD'!$E17,'10. 170KMP'!AX:AX) -> 0 | AS17: =SUMIF('10. 170KMP'!$J:$J,'0.KQKD'!$E17,'10. 170KMP'!AY:AY) -> 0 | AT17: =SUMIF('10. 170KMP'!$J:$J,'0.KQKD'!$E17,'10. 170KMP'!AZ:AZ) -> 0 | AU17: =SUMIF('10. 170KMP'!$J:$J,'0.KQKD'!$E17,'10. 170KMP'!BA:BA) -> 0 | AV17: =AM17 -> 0 | AW17: =AN17 -> 0 | AX17: =Z17 -> 0 | AY17: =IFERROR(AW17/AV17,0) -> 0 | AZ17: =IFERROR(AW17/AX17,0) -> 0 | BA17: =SUM(I17:M17) -> #REF! | BB17: =SUM(AJ17:AN17) -> 0 | BC17: =SUM(V17:Z17) -> 0 | BD17: =IFERROR(BB17/BA17,0) -> 0 | BE17: =IFERROR(BB17/BC17,0) -> 0 | BF17: =IFERROR(BB17/AH17,0) -> 0
D18: Lãi nguyên liệu / Doanh thu (%) | F18: =IFERROR((F5-F16-F17)/F$5,0) -> 0 | G18: =IFERROR((G5-G16-G17)/G$5,0) -> 0 | H18: =IFERROR((H5-H16-H17)/H$5,0) -> 0 | I18: =IFERROR((I5-I16-I17)/I$5,0) -> 0 | J18: =IFERROR((J5-J16-J17)/J$5,0) -> 0 | K18: =IFERROR((K5-K16-K17)/K$5,0) -> 0 | L18: =IFERROR((L5-L16-L17)/L$5,0) -> 0 | M18: =IFERROR((M5-M16-M17)/M$5,0) -> 0 | ... AX18: =IFERROR((AX5-AX16-AX17)/AX$5,0) -> 0.23952638 | AY18: =IFERROR(AW18/AV18,0) -> 0.95829234 | AZ18: =IFERROR(AW18/AX18,0) -> 1.0584335 | BA18: =IFERROR((BA5-BA16-BA17)/BA$5,0) -> 0 | BB18: =IFERROR((BB5-BB16-BB17)/BB$5,0) -> 0.24578086 | BC18: =IFERROR((BC5-BC16-BC17)/BC$5,0) -> 0.22905858 | BD18: =IFERROR(BB18/BA18,0) -> 0 | BE18: =IFERROR(BB18/BC18,0) -> 1.0730044 | BF18: =IFERROR(BB18/AH18,0) -> 1.0401658
D19: Chi phí vật tư kỹ thuật phục vụ sản xuất | E19: 06 | F19: =SUMIF('10. 170KMP'!$J:$J,'0.KQKD'!$E19,'10. 170KMP'!L:L) -> #REF! | G19: =SUMIF('10. 170KMP'!$J:$J,'0.KQKD'!$E19,'10. 170KMP'!M:M) -> #REF! | H19: =SUMIF('10. 170KMP'!$J:$J,'0.KQKD'!$E19,'10. 170KMP'!N:N) -> #REF! | I19: =SUMIF('10. 170KMP'!$J:$J,'0.KQKD'!$E19,'10. 170KMP'!O:O) -> #REF! | J19: =SUMIF('10. 170KMP'!$J:$J,'0.KQKD'!$E19,'10. 170KMP'!P:P) -> #REF! | K19: =SUMIF('10. 170KMP'!$J:$J,'0.KQKD'!$E19,'10. 170KMP'!Q:Q) -> #REF! | L19: =SUMIF('10. 170KMP'!$J:$J,'0.KQKD'!$E19,'10. 170KMP'!R:R) -> #REF! | M19: =SUMIF('10. 170KMP'!$J:$J,'0.KQKD'!$E19,'10. 170KMP'!S:S) -> #REF! | N19: =SUMIF('10. 170KMP'!$J:$J,'0.KQKD'!$E19,'10. 170KMP'!T:T) -> #REF! | O19: =SUMIF('10. 170KMP'!$J:$J,'0.KQKD'!$E19,'10. 170KMP'!U:U) -> #REF! | P19: =SUMIF('10. 170KMP'!$J:$J,'0.KQKD'!$E19,'10. 170KMP'!V:V) -> #REF! | Q19: =SUMIF('10. 170KMP'!$J:$J,'0.KQKD'!$E19,'10. 170KMP'!W:W) -> #REF! | R19: =SUMIF('10. 170KMP'!$J:$J,'0.KQKD'!$E19,'10. 170KMP'!X:X) -> #REF! | S19: =SUMIF('10. 170KMP'!$J:$J,'0.KQKD'!$E19,'10. 170KMP'!Y:Y) -> #REF! | T19: =SUMIF('10. 170KMP'!$J:$J,'0.KQKD'!$E19,'10. 170KMP'!Z:Z) -> #REF! | U19: =SUM(I19:T19) -> #REF! | V19: =SUMIF('10. 170KMP'!$J:$J,'0.KQKD'!$E19,'10. 170KMP'!AB:AB) -> 44281989 | W19: =SUMIF('10. 170KMP'!$J:$J,'0.KQKD'!$E19,'10. 170KMP'!AC:AC) -> 27769193 | X19: =SUMIF('10. 170KMP'!$J:$J,'0.KQKD'!$E19,'10. 170KMP'!AD:AD) -> 57671578 | Y19: =SUMIF('10. 170KMP'!$J:$J,'0.KQKD'!$E19,'10. 170KMP'!AE:AE) -> 73568786 | Z19: =SUMIF('10. 170KMP'!$J:$J,'0.KQKD'!$E19,'10. 170KMP'!AF:AF) -> 1.7969125e+08 | AA19: =SUMIF('10. 170KMP'!$J:$J,'0.KQKD'!$E19,'10. 170KMP'!AG:AG) -> 1.7969125e+08 | AB19: =SUMIF('10. 170KMP'!$J:$J,'0.KQKD'!$E19,'10. 170KMP'!AH:AH) -> 1.865589e+08 | AC19: =SUMIF('10. 170KMP'!$J:$J,'0.KQKD'!$E19,'10. 170KMP'!AI:AI) -> 1.8671313e+08 | AD19: =SUMIF('10. 170KMP'!$J:$J,'0.KQKD'!$E19,'10. 170KMP'!AJ:AJ) -> 1.7983955e+08 | AE19: =SUMIF('10. 170KMP'!$J:$J,'0.KQKD'!$E19,'10. 170KMP'!AK:AK) -> 1.8657654e+08 | AF19: =SUMIF('10. 170KMP'!$J:$J,'0.KQKD'!$E19,'10. 170KMP'!AL:AL) -> 1.7970822e+08 | AG19: =SUMIF('10. 170KMP'!$J:$J,'0.KQKD'!$E19,'10. 170KMP'!AM:AM) -> 1.865589e+08 | AH19: =SUM(V19:AG19) -> 1.6686293e+09 | AI19: =SUM(AJ19:AU19) -> 123875011 | AJ19: =SUMIF('10. 170KMP'!$J:$J,'0.KQKD'!$E19,'10. 170KMP'!AP:AP) -> 12043011 | AK19: =SUMIF('10. 170KMP'!$J:$J,'0.KQKD'!$E19,'10. 170KMP'!AQ:AQ) -> 0 | AL19: =SUMIF('10. 170KMP'!$J:$J,'0.KQKD'!$E19,'10. 170KMP'!AR:AR) -> 0 | AM19: =SUMIF('10. 170KMP'!$J:$J,'0.KQKD'!$E19,'10. 170KMP'!AS:AS) -> 56483000 | AN19: =SUMIF('10. 170KMP'!$J:$J,'0.KQKD'!$E19,'10. 170KMP'!AT:AT) -> 55349000 | AO19: =SUMIF('10. 170KMP'!$J:$J,'0.KQKD'!$E19,'10. 170KMP'!AU:AU) -> 0 | AP19: =SUMIF('10. 170KMP'!$J:$J,'0.KQKD'!$E19,'10. 170KMP'!AV:AV) -> 0 | AQ19: =SUMIF('10. 170KMP'!$J:$J,'0.KQKD'!$E19,'10. 170KMP'!AW:AW) -> 0 | AR19: =SUMIF('10. 170KMP'!$J:$J,'0.KQKD'!$E19,'10. 170KMP'!AX:AX) -> 0 | AS19: =SUMIF('10. 170KMP'!$J:$J,'0.KQKD'!$E19,'10. 170KMP'!AY:AY) -> 0 | AT19: =SUMIF('10. 170KMP'!$J:$J,'0.KQKD'!$E19,'10. 170KMP'!AZ:AZ) -> 0 | AU19: =SUMIF('10. 170KMP'!$J:$J,'0.KQKD'!$E19,'10. 170KMP'!BA:BA) -> 0 | AV19: =AM19 -> 56483000 | AW19: =AN19 -> 55349000 | AX19: =Z19 -> 1.7969125e+08 | AY19: =IFERROR(AW19/AV19,0) -> 0.97992316 | AZ19: =IFERROR(AW19/AX19,0) -> 0.3080228 | BA19: =SUM(I19:M19) -> #REF! | BB19: =SUM(AJ19:AN19) -> 123875011 | BC19: =SUM(V19:Z19) -> 3.8298279e+08 | BD19: =IFERROR(BB19/BA19,0) -> 0 | BE19: =IFERROR(BB19/BC19,0) -> 0.32344798 | BF19: =IFERROR(BB19/AH19,0) -> 0.074237587
D20: Chi phí bao bì | E20: 07 | F20: =SUMIF('10. 170KMP'!$J:$J,'0.KQKD'!$E20,'10. 170KMP'!L:L) -> #REF! | G20: =SUMIF('10. 170KMP'!$J:$J,'0.KQKD'!$E20,'10. 170KMP'!M:M) -> #REF! | H20: =SUMIF('10. 170KMP'!$J:$J,'0.KQKD'!$E20,'10. 170KMP'!N:N) -> #REF! | I20: =SUMIF('10. 170KMP'!$J:$J,'0.KQKD'!$E20,'10. 170KMP'!O:O) -> #REF! | J20: =SUMIF('10. 170KMP'!$J:$J,'0.KQKD'!$E20,'10. 170KMP'!P:P) -> #REF! | K20: =SUMIF('10. 170KMP'!$J:$J,'0.KQKD'!$E20,'10. 170KMP'!Q:Q) -> #REF! | L20: =SUMIF('10. 170KMP'!$J:$J,'0.KQKD'!$E20,'10. 170KMP'!R:R) -> #REF! | M20: =SUMIF('10. 170KMP'!$J:$J,'0.KQKD'!$E20,'10. 170KMP'!S:S) -> #REF! | N20: =SUMIF('10. 170KMP'!$J:$J,'0.KQKD'!$E20,'10. 170KMP'!T:T) -> #REF! | O20: =SUMIF('10. 170KMP'!$J:$J,'0.KQKD'!$E20,'10. 170KMP'!U:U) -> #REF! | P20: =SUMIF('10. 170KMP'!$J:$J,'0.KQKD'!$E20,'10. 170KMP'!V:V) -> #REF! | Q20: =SUMIF('10. 170KMP'!$J:$J,'0.KQKD'!$E20,'10. 170KMP'!W:W) -> #REF! | R20: =SUMIF('10. 170KMP'!$J:$J,'0.KQKD'!$E20,'10. 170KMP'!X:X) -> #REF! | S20: =SUMIF('10. 170KMP'!$J:$J,'0.KQKD'!$E20,'10. 170KMP'!Y:Y) -> #REF! | T20: =SUMIF('10. 170KMP'!$J:$J,'0.KQKD'!$E20,'10. 170KMP'!Z:Z) -> #REF! | U20: =SUM(I20:T20) -> #REF! | V20: =SUMIF('10. 170KMP'!$J:$J,'0.KQKD'!$E20,'10. 170KMP'!AB:AB) -> 54093661 | W20: =SUMIF('10. 170KMP'!$J:$J,'0.KQKD'!$E20,'10. 170KMP'!AC:AC) -> 60737290 | X20: =SUMIF('10. 170KMP'!$J:$J,'0.KQKD'!$E20,'10. 170KMP'!AD:AD) -> 1.1063872e+08 | Y20: =SUMIF('10. 170KMP'!$J:$J,'0.KQKD'!$E20,'10. 170KMP'!AE:AE) -> 1.3739306e+08 | Z20: =SUMIF('10. 170KMP'!$J:$J,'0.KQKD'!$E20,'10. 170KMP'!AF:AF) -> 1.4311777e+08 | AA20: =SUMIF('10. 170KMP'!$J:$J,'0.KQKD'!$E20,'10. 170KMP'!AG:AG) -> 1.4311777e+08 | AB20: =SUMIF('10. 170KMP'!$J:$J,'0.KQKD'!$E20,'10. 170KMP'!AH:AH) -> 1.4884248e+08 | AC20: =SUMIF('10. 170KMP'!$J:$J,'0.KQKD'!$E20,'10. 170KMP'!AI:AI) -> 1.4848162e+08 | AD20: =SUMIF('10. 170KMP'!$J:$J,'0.KQKD'!$E20,'10. 170KMP'!AJ:AJ) -> 1.4277079e+08 | AE20: =SUMIF('10. 170KMP'!$J:$J,'0.KQKD'!$E20,'10. 170KMP'!AK:AK) -> 1.4838615e+08 | AF20: =SUMIF('10. 170KMP'!$J:$J,'0.KQKD'!$E20,'10. 170KMP'!AL:AL) -> 1.4267899e+08 | AG20: =SUMIF('10. 170KMP'!$J:$J,'0.KQKD'!$E20,'10. 170KMP'!AM:AM) -> 1.4884248e+08 | AH20: =SUM(V20:AG20) -> 1.5291008e+09 | AI20: =SUM(AJ20:AU20) -> 109875448 | AJ20: =SUMIF('10. 170KMP'!$J:$J,'0.KQKD'!$E20,'10. 170KMP'!AP:AP) -> 18966344 | AK20: =SUMIF('10. 170KMP'!$J:$J,'0.KQKD'!$E20,'10. 170KMP'!AQ:AQ) -> 20394307 | AL20: =SUMIF('10. 170KMP'!$J:$J,'0.KQKD'!$E20,'10. 170KMP'!AR:AR) -> 26965725 | AM20: =SUMIF('10. 170KMP'!$J:$J,'0.KQKD'!$E20,'10. 170KMP'!AS:AS) -> 12536111 | AN20: =SUMIF('10. 170KMP'!$J:$J,'0.KQKD'!$E20,'10. 170KMP'!AT:AT) -> 31012961 | AO20: =SUMIF('10. 170KMP'!$J:$J,'0.KQKD'!$E20,'10. 170KMP'!AU:AU) -> 0 | AP20: =SUMIF('10. 170KMP'!$J:$J,'0.KQKD'!$E20,'10. 170KMP'!AV:AV) -> 0 | AQ20: =SUMIF('10. 170KMP'!$J:$J,'0.KQKD'!$E20,'10. 170KMP'!AW:AW) -> 0 | AR20: =SUMIF('10. 170KMP'!$J:$J,'0.KQKD'!$E20,'10. 170KMP'!AX:AX) -> 0 | AS20: =SUMIF('10. 170KMP'!$J:$J,'0.KQKD'!$E20,'10. 170KMP'!AY:AY) -> 0 | AT20: =SUMIF('10. 170KMP'!$J:$J,'0.KQKD'!$E20,'10. 170KMP'!AZ:AZ) -> 0 | AU20: =SUMIF('10. 170KMP'!$J:$J,'0.KQKD'!$E20,'10. 170KMP'!BA:BA) -> 0 | AV20: =AM20 -> 12536111 | AW20: =AN20 -> 31012961 | AX20: =Z20 -> 1.4311777e+08 | AY20: =IFERROR(AW20/AV20,0) -> 2.4738901 | AZ20: =IFERROR(AW20/AX20,0) -> 0.21669539 | BA20: =SUM(I20:M20) -> #REF! | BB20: =SUM(AJ20:AN20) -> 109875448 | BC20: =SUM(V20:Z20) -> 5.059805e+08 | BD20: =IFERROR(BB20/BA20,0) -> 0 | BE20: =IFERROR(BB20/BC20,0) -> 0.21715352 | BF20: =IFERROR(BB20/AH20,0) -> 0.07185625
D21: Chi phí điện | E21: 08 | F21: =SUMIF('10. 170KMP'!$J:$J,'0.KQKD'!$E21,'10. 170KMP'!L:L) -> #REF! | G21: =SUMIF('10. 170KMP'!$J:$J,'0.KQKD'!$E21,'10. 170KMP'!M:M) -> #REF! | H21: =SUMIF('10. 170KMP'!$J:$J,'0.KQKD'!$E21,'10. 170KMP'!N:N) -> #REF! | I21: =SUMIF('10. 170KMP'!$J:$J,'0.KQKD'!$E21,'10. 170KMP'!O:O) -> #REF! | J21: =SUMIF('10. 170KMP'!$J:$J,'0.KQKD'!$E21,'10. 170KMP'!P:P) -> #REF! | K21: =SUMIF('10. 170KMP'!$J:$J,'0.KQKD'!$E21,'10. 170KMP'!Q:Q) -> #REF! | L21: =SUMIF('10. 170KMP'!$J:$J,'0.KQKD'!$E21,'10. 170KMP'!R:R) -> #REF! | M21: =SUMIF('10. 170KMP'!$J:$J,'0.KQKD'!$E21,'10. 170KMP'!S:S) -> #REF! | N21: =SUMIF('10. 170KMP'!$J:$J,'0.KQKD'!$E21,'10. 170KMP'!T:T) -> #REF! | O21: =SUMIF('10. 170KMP'!$J:$J,'0.KQKD'!$E21,'10. 170KMP'!U:U) -> #REF! | P21: =SUMIF('10. 170KMP'!$J:$J,'0.KQKD'!$E21,'10. 170KMP'!V:V) -> #REF! | Q21: =SUMIF('10. 170KMP'!$J:$J,'0.KQKD'!$E21,'10. 170KMP'!W:W) -> #REF! | R21: =SUMIF('10. 170KMP'!$J:$J,'0.KQKD'!$E21,'10. 170KMP'!X:X) -> #REF! | S21: =SUMIF('10. 170KMP'!$J:$J,'0.KQKD'!$E21,'10. 170KMP'!Y:Y) -> #REF! | T21: =SUMIF('10. 170KMP'!$J:$J,'0.KQKD'!$E21,'10. 170KMP'!Z:Z) -> #REF! | U21: =SUM(I21:T21) -> #REF! | V21: =SUMIF('10. 170KMP'!$J:$J,'0.KQKD'!$E21,'10. 170KMP'!AB:AB) -> 1.1441557e+08 | W21: =SUMIF('10. 170KMP'!$J:$J,'0.KQKD'!$E21,'10. 170KMP'!AC:AC) -> 68649341 | X21: =SUMIF('10. 170KMP'!$J:$J,'0.KQKD'!$E21,'10. 170KMP'!AD:AD) -> 1.7292809e+08 | Y21: =SUMIF('10. 170KMP'!$J:$J,'0.KQKD'!$E21,'10. 170KMP'!AE:AE) -> 4.4672949e+08 | Z21: =SUMIF('10. 170KMP'!$J:$J,'0.KQKD'!$E21,'10. 170KMP'!AF:AF) -> 4.6534322e+08 | AA21: =SUMIF('10. 170KMP'!$J:$J,'0.KQKD'!$E21,'10. 170KMP'!AG:AG) -> 4.6534322e+08 | AB21: =SUMIF('10. 170KMP'!$J:$J,'0.KQKD'!$E21,'10. 170KMP'!AH:AH) -> 4.8395695e+08 | AC21: =SUMIF('10. 170KMP'!$J:$J,'0.KQKD'!$E21,'10. 170KMP'!AI:AI) -> 4.8435908e+08 | AD21: =SUMIF('10. 170KMP'!$J:$J,'0.KQKD'!$E21,'10. 170KMP'!AJ:AJ) -> 4.6572989e+08 | AE21: =SUMIF('10. 170KMP'!$J:$J,'0.KQKD'!$E21,'10. 170KMP'!AK:AK) -> 4.8399951e+08 | AF21: =SUMIF('10. 170KMP'!$J:$J,'0.KQKD'!$E21,'10. 170KMP'!AL:AL) -> 4.6538414e+08 | AG21: =SUMIF('10. 170KMP'!$J:$J,'0.KQKD'!$E21,'10. 170KMP'!AM:AM) -> 4.8395695e+08 | AH21: =SUM(V21:AG21) -> 4.6007954e+09 | AI21: =SUM(AJ21:AU21) -> 439933572 | AJ21: =SUMIF('10. 170KMP'!$J:$J,'0.KQKD'!$E21,'10. 170KMP'!AP:AP) -> 55733801 | AK21: =SUMIF('10. 170KMP'!$J:$J,'0.KQKD'!$E21,'10. 170KMP'!AQ:AQ) -> 34523239 | AL21: =SUMIF('10. 170KMP'!$J:$J,'0.KQKD'!$E21,'10. 170KMP'!AR:AR) -> 120602820 | AM21: =SUMIF('10. 170KMP'!$J:$J,'0.KQKD'!$E21,'10. 170KMP'!AS:AS) -> 105676472 | AN21: =SUMIF('10. 170KMP'!$J:$J,'0.KQKD'!$E21,'10. 170KMP'!AT:AT) -> 123397240 | AO21: =SUMIF('10. 170KMP'!$J:$J,'0.KQKD'!$E21,'10. 170KMP'!AU:AU) -> 0 | AP21: =SUMIF('10. 170KMP'!$J:$J,'0.KQKD'!$E21,'10. 170KMP'!AV:AV) -> 0 | AQ21: =SUMIF('10. 170KMP'!$J:$J,'0.KQKD'!$E21,'10. 170KMP'!AW:AW) -> 0 | AR21: =SUMIF('10. 170KMP'!$J:$J,'0.KQKD'!$E21,'10. 170KMP'!AX:AX) -> 0 | AS21: =SUMIF('10. 170KMP'!$J:$J,'0.KQKD'!$E21,'10. 170KMP'!AY:AY) -> 0 | AT21: =SUMIF('10. 170KMP'!$J:$J,'0.KQKD'!$E21,'10. 170KMP'!AZ:AZ) -> 0 | AU21: =SUMIF('10. 170KMP'!$J:$J,'0.KQKD'!$E21,'10. 170KMP'!BA:BA) -> 0 | AV21: =AM21 -> 105676472 | AW21: =AN21 -> 123397240 | AX21: =Z21 -> 4.6534322e+08 | AY21: =IFERROR(AW21/AV21,0) -> 1.1676889 | AZ21: =IFERROR(AW21/AX21,0) -> 0.26517468 | BA21: =SUM(I21:M21) -> #REF! | BB21: =SUM(AJ21:AN21) -> 439933572 | BC21: =SUM(V21:Z21) -> 1.2680657e+09 | BD21: =IFERROR(BB21/BA21,0) -> 0 | BE21: =IFERROR(BB21/BC21,0) -> 0.34693279 | BF21: =IFERROR(BB21/AH21,0) -> 0.095621198
D22: Chi phí nước | E22: 09 | F22: =SUMIF('10. 170KMP'!$J:$J,'0.KQKD'!$E22,'10. 170KMP'!L:L) -> #REF! | G22: =SUMIF('10. 170KMP'!$J:$J,'0.KQKD'!$E22,'10. 170KMP'!M:M) -> #REF! | H22: =SUMIF('10. 170KMP'!$J:$J,'0.KQKD'!$E22,'10. 170KMP'!N:N) -> #REF! | I22: =SUMIF('10. 170KMP'!$J:$J,'0.KQKD'!$E22,'10. 170KMP'!O:O) -> #REF! | J22: =SUMIF('10. 170KMP'!$J:$J,'0.KQKD'!$E22,'10. 170KMP'!P:P) -> #REF! | K22: =SUMIF('10. 170KMP'!$J:$J,'0.KQKD'!$E22,'10. 170KMP'!Q:Q) -> #REF! | L22: =SUMIF('10. 170KMP'!$J:$J,'0.KQKD'!$E22,'10. 170KMP'!R:R) -> #REF! | M22: =SUMIF('10. 170KMP'!$J:$J,'0.KQKD'!$E22,'10. 170KMP'!S:S) -> #REF! | N22: =SUMIF('10. 170KMP'!$J:$J,'0.KQKD'!$E22,'10. 170KMP'!T:T) -> #REF! | O22: =SUMIF('10. 170KMP'!$J:$J,'0.KQKD'!$E22,'10. 170KMP'!U:U) -> #REF! | P22: =SUMIF('10. 170KMP'!$J:$J,'0.KQKD'!$E22,'10. 170KMP'!V:V) -> #REF! | Q22: =SUMIF('10. 170KMP'!$J:$J,'0.KQKD'!$E22,'10. 170KMP'!W:W) -> #REF! | R22: =SUMIF('10. 170KMP'!$J:$J,'0.KQKD'!$E22,'10. 170KMP'!X:X) -> #REF! | S22: =SUMIF('10. 170KMP'!$J:$J,'0.KQKD'!$E22,'10. 170KMP'!Y:Y) -> #REF! | T22: =SUMIF('10. 170KMP'!$J:$J,'0.KQKD'!$E22,'10. 170KMP'!Z:Z) -> #REF! | U22: =SUM(I22:T22) -> #REF! | V22: =SUMIF('10. 170KMP'!$J:$J,'0.KQKD'!$E22,'10. 170KMP'!AB:AB) -> 5000000 | W22: =SUMIF('10. 170KMP'!$J:$J,'0.KQKD'!$E22,'10. 170KMP'!AC:AC) -> 5000000 | X22: =SUMIF('10. 170KMP'!$J:$J,'0.KQKD'!$E22,'10. 170KMP'!AD:AD) -> 5000000 | Y22: =SUMIF('10. 170KMP'!$J:$J,'0.KQKD'!$E22,'10. 170KMP'!AE:AE) -> 5000000 | Z22: =SUMIF('10. 170KMP'!$J:$J,'0.KQKD'!$E22,'10. 170KMP'!AF:AF) -> 5000000 | AA22: =SUMIF('10. 170KMP'!$J:$J,'0.KQKD'!$E22,'10. 170KMP'!AG:AG) -> 5000000 | AB22: =SUMIF('10. 170KMP'!$J:$J,'0.KQKD'!$E22,'10. 170KMP'!AH:AH) -> 5000000 | AC22: =SUMIF('10. 170KMP'!$J:$J,'0.KQKD'!$E22,'10. 170KMP'!AI:AI) -> 5000000 | AD22: =SUMIF('10. 170KMP'!$J:$J,'0.KQKD'!$E22,'10. 170KMP'!AJ:AJ) -> 5000000 | AE22: =SUMIF('10. 170KMP'!$J:$J,'0.KQKD'!$E22,'10. 170KMP'!AK:AK) -> 5000000 | AF22: =SUMIF('10. 170KMP'!$J:$J,'0.KQKD'!$E22,'10. 170KMP'!AL:AL) -> 5000000 | AG22: =SUMIF('10. 170KMP'!$J:$J,'0.KQKD'!$E22,'10. 170KMP'!AM:AM) -> 5000000 | AH22: =SUM(V22:AG22) -> 60000000 | AI22: =SUM(AJ22:AU22) -> 0 | AJ22: =SUMIF('10. 170KMP'!$J:$J,'0.KQKD'!$E22,'10. 170KMP'!AP:AP) -> 0 | AK22: =SUMIF('10. 170KMP'!$J:$J,'0.KQKD'!$E22,'10. 170KMP'!AQ:AQ) -> 0 | AL22: =SUMIF('10. 170KMP'!$J:$J,'0.KQKD'!$E22,'10. 170KMP'!AR:AR) -> 0 | AM22: =SUMIF('10. 170KMP'!$J:$J,'0.KQKD'!$E22,'10. 170KMP'!AS:AS) -> 0 | AN22: =SUMIF('10. 170KMP'!$J:$J,'0.KQKD'!$E22,'10. 170KMP'!AT:AT) -> 0 | AO22: =SUMIF('10. 170KMP'!$J:$J,'0.KQKD'!$E22,'10. 170KMP'!AU:AU) -> 0 | AP22: =SUMIF('10. 170KMP'!$J:$J,'0.KQKD'!$E22,'10. 170KMP'!AV:AV) -> 0 | AQ22: =SUMIF('10. 170KMP'!$J:$J,'0.KQKD'!$E22,'10. 170KMP'!AW:AW) -> 0 | AR22: =SUMIF('10. 170KMP'!$J:$J,'0.KQKD'!$E22,'10. 170KMP'!AX:AX) -> 0 | AS22: =SUMIF('10. 170KMP'!$J:$J,'0.KQKD'!$E22,'10. 170KMP'!AY:AY) -> 0 | AT22: =SUMIF('10. 170KMP'!$J:$J,'0.KQKD'!$E22,'10. 170KMP'!AZ:AZ) -> 0 | AU22: =SUMIF('10. 170KMP'!$J:$J,'0.KQKD'!$E22,'10. 170KMP'!BA:BA) -> 0 | AV22: =AM22 -> 0 | AW22: =AN22 -> 0 | AX22: =Z22 -> 5000000 | AY22: =IFERROR(AW22/AV22,0) -> 0 | AZ22: =IFERROR(AW22/AX22,0) -> 0 | BA22: =SUM(I22:M22) -> #REF! | BB22: =SUM(AJ22:AN22) -> 0 | BC22: =SUM(V22:Z22) -> 25000000 | BD22: =IFERROR(BB22/BA22,0) -> 0 | BE22: =IFERROR(BB22/BC22,0) -> 0 | BF22: =IFERROR(BB22/AH22,0) -> 0
D23: Chi phí xăng, dầu | E23: 10 | F23: =SUMIF('10. 170KMP'!$J:$J,'0.KQKD'!$E23,'10. 170KMP'!L:L) -> #REF! | G23: =SUMIF('10. 170KMP'!$J:$J,'0.KQKD'!$E23,'10. 170KMP'!M:M) -> #REF! | H23: =SUMIF('10. 170KMP'!$J:$J,'0.KQKD'!$E23,'10. 170KMP'!N:N) -> #REF! | I23: =SUMIF('10. 170KMP'!$J:$J,'0.KQKD'!$E23,'10. 170KMP'!O:O) -> #REF! | J23: =SUMIF('10. 170KMP'!$J:$J,'0.KQKD'!$E23,'10. 170KMP'!P:P) -> #REF! | K23: =SUMIF('10. 170KMP'!$J:$J,'0.KQKD'!$E23,'10. 170KMP'!Q:Q) -> #REF! | L23: =SUMIF('10. 170KMP'!$J:$J,'0.KQKD'!$E23,'10. 170KMP'!R:R) -> #REF! | M23: =SUMIF('10. 170KMP'!$J:$J,'0.KQKD'!$E23,'10. 170KMP'!S:S) -> #REF! | N23: =SUMIF('10. 170KMP'!$J:$J,'0.KQKD'!$E23,'10. 170KMP'!T:T) -> #REF! | O23: =SUMIF('10. 170KMP'!$J:$J,'0.KQKD'!$E23,'10. 170KMP'!U:U) -> #REF! | P23: =SUMIF('10. 170KMP'!$J:$J,'0.KQKD'!$E23,'10. 170KMP'!V:V) -> #REF! | Q23: =SUMIF('10. 170KMP'!$J:$J,'0.KQKD'!$E23,'10. 170KMP'!W:W) -> #REF! | R23: =SUMIF('10. 170KMP'!$J:$J,'0.KQKD'!$E23,'10. 170KMP'!X:X) -> #REF! | S23: =SUMIF('10. 170KMP'!$J:$J,'0.KQKD'!$E23,'10. 170KMP'!Y:Y) -> #REF! | T23: =SUMIF('10. 170KMP'!$J:$J,'0.KQKD'!$E23,'10. 170KMP'!Z:Z) -> #REF! | U23: =SUM(I23:T23) -> #REF! | V23: =SUMIF('10. 170KMP'!$J:$J,'0.KQKD'!$E23,'10. 170KMP'!AB:AB) -> 18221016 | W23: =SUMIF('10. 170KMP'!$J:$J,'0.KQKD'!$E23,'10. 170KMP'!AC:AC) -> 10932610 | X23: =SUMIF('10. 170KMP'!$J:$J,'0.KQKD'!$E23,'10. 170KMP'!AD:AD) -> 25970903 | Y23: =SUMIF('10. 170KMP'!$J:$J,'0.KQKD'!$E23,'10. 170KMP'!AE:AE) -> 44160617 | Z23: =SUMIF('10. 170KMP'!$J:$J,'0.KQKD'!$E23,'10. 170KMP'!AF:AF) -> 45923976 | AA23: =SUMIF('10. 170KMP'!$J:$J,'0.KQKD'!$E23,'10. 170KMP'!AG:AG) -> 45923976 | AB23: =SUMIF('10. 170KMP'!$J:$J,'0.KQKD'!$E23,'10. 170KMP'!AH:AH) -> 47687335 | AC23: =SUMIF('10. 170KMP'!$J:$J,'0.KQKD'!$E23,'10. 170KMP'!AI:AI) -> 47720451 | AD23: =SUMIF('10. 170KMP'!$J:$J,'0.KQKD'!$E23,'10. 170KMP'!AJ:AJ) -> 45955818 | AE23: =SUMIF('10. 170KMP'!$J:$J,'0.KQKD'!$E23,'10. 170KMP'!AK:AK) -> 47689714 | AF23: =SUMIF('10. 170KMP'!$J:$J,'0.KQKD'!$E23,'10. 170KMP'!AL:AL) -> 45926263 | AG23: =SUMIF('10. 170KMP'!$J:$J,'0.KQKD'!$E23,'10. 170KMP'!AM:AM) -> 47687335 | AH23: =SUM(V23:AG23) -> 4.7380001e+08 | AI23: =SUM(AJ23:AU23) -> 202367103 | AJ23: =SUMIF('10. 170KMP'!$J:$J,'0.KQKD'!$E23,'10. 170KMP'!AP:AP) -> 35286568 | AK23: =SUMIF('10. 170KMP'!$J:$J,'0.KQKD'!$E23,'10. 170KMP'!AQ:AQ) -> 20200309 | AL23: =SUMIF('10. 170KMP'!$J:$J,'0.KQKD'!$E23,'10. 170KMP'!AR:AR) -> 50686792 | AM23: =SUMIF('10. 170KMP'!$J:$J,'0.KQKD'!$E23,'10. 170KMP'!AS:AS) -> 44676097 | AN23: =SUMIF('10. 170KMP'!$J:$J,'0.KQKD'!$E23,'10. 170KMP'!AT:AT) -> 51517337 | AO23: =SUMIF('10. 170KMP'!$J:$J,'0.KQKD'!$E23,'10. 170KMP'!AU:AU) -> 0 | AP23: =SUMIF('10. 170KMP'!$J:$J,'0.KQKD'!$E23,'10. 170KMP'!AV:AV) -> 0 | AQ23: =SUMIF('10. 170KMP'!$J:$J,'0.KQKD'!$E23,'10. 170KMP'!AW:AW) -> 0 | AR23: =SUMIF('10. 170KMP'!$J:$J,'0.KQKD'!$E23,'10. 170KMP'!AX:AX) -> 0 | AS23: =SUMIF('10. 170KMP'!$J:$J,'0.KQKD'!$E23,'10. 170KMP'!AY:AY) -> 0 | AT23: =SUMIF('10. 170KMP'!$J:$J,'0.KQKD'!$E23,'10. 170KMP'!AZ:AZ) -> 0 | AU23: =SUMIF('10. 170KMP'!$J:$J,'0.KQKD'!$E23,'10. 170KMP'!BA:BA) -> 0 | AV23: =AM23 -> 44676097 | AW23: =AN23 -> 51517337 | AX23: =Z23 -> 45923976 | AY23: =IFERROR(AW23/AV23,0) -> 1.1531298 | AZ23: =IFERROR(AW23/AX23,0) -> 1.1217961 | BA23: =SUM(I23:M23) -> #REF! | BB23: =SUM(AJ23:AN23) -> 202367103 | BC23: =SUM(V23:Z23) -> 1.4520912e+08 | BD23: =IFERROR(BB23/BA23,0) -> 0 | BE23: =IFERROR(BB23/BC23,0) -> 1.3936253 | BF23: =IFERROR(BB23/AH23,0) -> 0.42711502
D24: Chi phí môi trường | E24: 11 | F24: =SUMIF('10. 170KMP'!$J:$J,'0.KQKD'!$E24,'10. 170KMP'!L:L) -> #REF! | G24: =SUMIF('10. 170KMP'!$J:$J,'0.KQKD'!$E24,'10. 170KMP'!M:M) -> #REF! | H24: =SUMIF('10. 170KMP'!$J:$J,'0.KQKD'!$E24,'10. 170KMP'!N:N) -> #REF! | I24: =SUMIF('10. 170KMP'!$J:$J,'0.KQKD'!$E24,'10. 170KMP'!O:O) -> #REF! | J24: =SUMIF('10. 170KMP'!$J:$J,'0.KQKD'!$E24,'10. 170KMP'!P:P) -> #REF! | K24: =SUMIF('10. 170KMP'!$J:$J,'0.KQKD'!$E24,'10. 170KMP'!Q:Q) -> #REF! | L24: =SUMIF('10. 170KMP'!$J:$J,'0.KQKD'!$E24,'10. 170KMP'!R:R) -> #REF! | M24: =SUMIF('10. 170KMP'!$J:$J,'0.KQKD'!$E24,'10. 170KMP'!S:S) -> #REF! | N24: =SUMIF('10. 170KMP'!$J:$J,'0.KQKD'!$E24,'10. 170KMP'!T:T) -> #REF! | O24: =SUMIF('10. 170KMP'!$J:$J,'0.KQKD'!$E24,'10. 170KMP'!U:U) -> #REF! | P24: =SUMIF('10. 170KMP'!$J:$J,'0.KQKD'!$E24,'10. 170KMP'!V:V) -> #REF! | Q24: =SUMIF('10. 170KMP'!$J:$J,'0.KQKD'!$E24,'10. 170KMP'!W:W) -> #REF! | R24: =SUMIF('10. 170KMP'!$J:$J,'0.KQKD'!$E24,'10. 170KMP'!X:X) -> #REF! | S24: =SUMIF('10. 170KMP'!$J:$J,'0.KQKD'!$E24,'10. 170KMP'!Y:Y) -> #REF! | T24: =SUMIF('10. 170KMP'!$J:$J,'0.KQKD'!$E24,'10. 170KMP'!Z:Z) -> #REF! | U24: =SUM(I24:T24) -> #REF! | V24: =SUMIF('10. 170KMP'!$J:$J,'0.KQKD'!$E24,'10. 170KMP'!AB:AB) -> 24439522 | W24: =SUMIF('10. 170KMP'!$J:$J,'0.KQKD'!$E24,'10. 170KMP'!AC:AC) -> 14436764 | X24: =SUMIF('10. 170KMP'!$J:$J,'0.KQKD'!$E24,'10. 170KMP'!AD:AD) -> 26273250 | Y24: =SUMIF('10. 170KMP'!$J:$J,'0.KQKD'!$E24,'10. 170KMP'!AE:AE) -> 4.8203661e+08 | Z24: =SUMIF('10. 170KMP'!$J:$J,'0.KQKD'!$E24,'10. 170KMP'!AF:AF) -> 5.0166604e+08 | AA24: =SUMIF('10. 170KMP'!$J:$J,'0.KQKD'!$E24,'10. 170KMP'!AG:AG) -> 5.0172712e+08 | AB24: =SUMIF('10. 170KMP'!$J:$J,'0.KQKD'!$E24,'10. 170KMP'!AH:AH) -> 5.21403e+08 | AC24: =SUMIF('10. 170KMP'!$J:$J,'0.KQKD'!$E24,'10. 170KMP'!AI:AI) -> 5.2193494e+08 | AD24: =SUMIF('10. 170KMP'!$J:$J,'0.KQKD'!$E24,'10. 170KMP'!AJ:AJ) -> 5.0219992e+08 | AE24: =SUMIF('10. 170KMP'!$J:$J,'0.KQKD'!$E24,'10. 170KMP'!AK:AK) -> 5.2142237e+08 | AF24: =SUMIF('10. 170KMP'!$J:$J,'0.KQKD'!$E24,'10. 170KMP'!AL:AL) -> 5.017434e+08 | AG24: =SUMIF('10. 170KMP'!$J:$J,'0.KQKD'!$E24,'10. 170KMP'!AM:AM) -> 5.2119916e+08 | AH24: =SUM(V24:AG24) -> 4.6404821e+09 | AI24: =SUM(AJ24:AU24) -> 106746123 | AJ24: =SUMIF('10. 170KMP'!$J:$J,'0.KQKD'!$E24,'10. 170KMP'!AP:AP) -> 41433379 | AK24: =SUMIF('10. 170KMP'!$J:$J,'0.KQKD'!$E24,'10. 170KMP'!AQ:AQ) -> 6749436 | AL24: =SUMIF('10. 170KMP'!$J:$J,'0.KQKD'!$E24,'10. 170KMP'!AR:AR) -> 11033436 | AM24: =SUMIF('10. 170KMP'!$J:$J,'0.KQKD'!$E24,'10. 170KMP'!AS:AS) -> 10974436 | AN24: =SUMIF('10. 170KMP'!$J:$J,'0.KQKD'!$E24,'10. 170KMP'!AT:AT) -> 36555436 | AO24: =SUMIF('10. 170KMP'!$J:$J,'0.KQKD'!$E24,'10. 170KMP'!AU:AU) -> 0 | AP24: =SUMIF('10. 170KMP'!$J:$J,'0.KQKD'!$E24,'10. 170KMP'!AV:AV) -> 0 | AQ24: =SUMIF('10. 170KMP'!$J:$J,'0.KQKD'!$E24,'10. 170KMP'!AW:AW) -> 0 | AR24: =SUMIF('10. 170KMP'!$J:$J,'0.KQKD'!$E24,'10. 170KMP'!AX:AX) -> 0 | AS24: =SUMIF('10. 170KMP'!$J:$J,'0.KQKD'!$E24,'10. 170KMP'!AY:AY) -> 0 | AT24: =SUMIF('10. 170KMP'!$J:$J,'0.KQKD'!$E24,'10. 170KMP'!AZ:AZ) -> 0 | AU24: =SUMIF('10. 170KMP'!$J:$J,'0.KQKD'!$E24,'10. 170KMP'!BA:BA) -> 0 | AV24: =AM24 -> 10974436 | AW24: =AN24 -> 36555436 | AX24: =Z24 -> 5.0166604e+08 | AY24: =IFERROR(AW24/AV24,0) -> 3.3309626 | AZ24: =IFERROR(AW24/AX24,0) -> 0.072868069 | BA24: =SUM(I24:M24) -> #REF! | BB24: =SUM(AJ24:AN24) -> 106746123 | BC24: =SUM(V24:Z24) -> 1.0488522e+09 | BD24: =IFERROR(BB24/BA24,0) -> 0 | BE24: =IFERROR(BB24/BC24,0) -> 0.10177423 | BF24: =IFERROR(BB24/AH24,0) -> 0.02300324
D25: Chi phí gia công thuê ngoài | E25: 12 | F25: =SUMIF('10. 170KMP'!$J:$J,'0.KQKD'!$E25,'10. 170KMP'!L:L) -> #REF! | G25: =SUMIF('10. 170KMP'!$J:$J,'0.KQKD'!$E25,'10. 170KMP'!M:M) -> #REF! | H25: =SUMIF('10. 170KMP'!$J:$J,'0.KQKD'!$E25,'10. 170KMP'!N:N) -> #REF! | I25: =SUMIF('10. 170KMP'!$J:$J,'0.KQKD'!$E25,'10. 170KMP'!O:O) -> #REF! | J25: =SUMIF('10. 170KMP'!$J:$J,'0.KQKD'!$E25,'10. 170KMP'!P:P) -> #REF! | K25: =SUMIF('10. 170KMP'!$J:$J,'0.KQKD'!$E25,'10. 170KMP'!Q:Q) -> #REF! | L25: =SUMIF('10. 170KMP'!$J:$J,'0.KQKD'!$E25,'10. 170KMP'!R:R) -> #REF! | M25: =SUMIF('10. 170KMP'!$J:$J,'0.KQKD'!$E25,'10. 170KMP'!S:S) -> #REF! | N25: =SUMIF('10. 170KMP'!$J:$J,'0.KQKD'!$E25,'10. 170KMP'!T:T) -> #REF! | O25: =SUMIF('10. 170KMP'!$J:$J,'0.KQKD'!$E25,'10. 170KMP'!U:U) -> #REF! | P25: =SUMIF('10. 170KMP'!$J:$J,'0.KQKD'!$E25,'10. 170KMP'!V:V) -> #REF! | Q25: =SUMIF('10. 170KMP'!$J:$J,'0.KQKD'!$E25,'10. 170KMP'!W:W) -> #REF! | R25: =SUMIF('10. 170KMP'!$J:$J,'0.KQKD'!$E25,'10. 170KMP'!X:X) -> #REF! | S25: =SUMIF('10. 170KMP'!$J:$J,'0.KQKD'!$E25,'10. 170KMP'!Y:Y) -> #REF! | T25: =SUMIF('10. 170KMP'!$J:$J,'0.KQKD'!$E25,'10. 170KMP'!Z:Z) -> #REF! | U25: =SUM(I25:T25) -> #REF! | V25: =SUMIF('10. 170KMP'!$J:$J,'0.KQKD'!$E25,'10. 170KMP'!AB:AB) -> 0 | W25: =SUMIF('10. 170KMP'!$J:$J,'0.KQKD'!$E25,'10. 170KMP'!AC:AC) -> 0 | X25: =SUMIF('10. 170KMP'!$J:$J,'0.KQKD'!$E25,'10. 170KMP'!AD:AD) -> 0 | Y25: =SUMIF('10. 170KMP'!$J:$J,'0.KQKD'!$E25,'10. 170KMP'!AE:AE) -> 0 | Z25: =SUMIF('10. 170KMP'!$J:$J,'0.KQKD'!$E25,'10. 170KMP'!AF:AF) -> 0 | AA25: =SUMIF('10. 170KMP'!$J:$J,'0.KQKD'!$E25,'10. 170KMP'!AG:AG) -> 0 | AB25: =SUMIF('10. 170KMP'!$J:$J,'0.KQKD'!$E25,'10. 170KMP'!AH:AH) -> 0 | AC25: =SUMIF('10. 170KMP'!$J:$J,'0.KQKD'!$E25,'10. 170KMP'!AI:AI) -> 0 | AD25: =SUMIF('10. 170KMP'!$J:$J,'0.KQKD'!$E25,'10. 170KMP'!AJ:AJ) -> 0 | AE25: =SUMIF('10. 170KMP'!$J:$J,'0.KQKD'!$E25,'10. 170KMP'!AK:AK) -> 0 | AF25: =SUMIF('10. 170KMP'!$J:$J,'0.KQKD'!$E25,'10. 170KMP'!AL:AL) -> 0 | AG25: =SUMIF('10. 170KMP'!$J:$J,'0.KQKD'!$E25,'10. 170KMP'!AM:AM) -> 0 | AH25: =SUM(V25:AG25) -> 0 | AI25: =SUM(AJ25:AU25) -> 0 | AJ25: =SUMIF('10. 170KMP'!$J:$J,'0.KQKD'!$E25,'10. 170KMP'!AP:AP) -> 0 | AK25: =SUMIF('10. 170KMP'!$J:$J,'0.KQKD'!$E25,'10. 170KMP'!AQ:AQ) -> 0 | AL25: =SUMIF('10. 170KMP'!$J:$J,'0.KQKD'!$E25,'10. 170KMP'!AR:AR) -> 0 | AM25: =SUMIF('10. 170KMP'!$J:$J,'0.KQKD'!$E25,'10. 170KMP'!AS:AS) -> 0 | AN25: =SUMIF('10. 170KMP'!$J:$J,'0.KQKD'!$E25,'10. 170KMP'!AT:AT) -> 0 | AO25: =SUMIF('10. 170KMP'!$J:$J,'0.KQKD'!$E25,'10. 170KMP'!AU:AU) -> 0 | AP25: =SUMIF('10. 170KMP'!$J:$J,'0.KQKD'!$E25,'10. 170KMP'!AV:AV) -> 0 | AQ25: =SUMIF('10. 170KMP'!$J:$J,'0.KQKD'!$E25,'10. 170KMP'!AW:AW) -> 0 | AR25: =SUMIF('10. 170KMP'!$J:$J,'0.KQKD'!$E25,'10. 170KMP'!AX:AX) -> 0 | AS25: =SUMIF('10. 170KMP'!$J:$J,'0.KQKD'!$E25,'10. 170KMP'!AY:AY) -> 0 | AT25: =SUMIF('10. 170KMP'!$J:$J,'0.KQKD'!$E25,'10. 170KMP'!AZ:AZ) -> 0 | AU25: =SUMIF('10. 170KMP'!$J:$J,'0.KQKD'!$E25,'10. 170KMP'!BA:BA) -> 0 | AV25: =AM25 -> 0 | AW25: =AN25 -> 0 | AX25: =Z25 -> 0 | AY25: =IFERROR(AW25/AV25,0) -> 0 | AZ25: =IFERROR(AW25/AX25,0) -> 0 | BA25: =SUM(I25:M25) -> #REF! | BB25: =SUM(AJ25:AN25) -> 0 | BC25: =SUM(V25:Z25) -> 0 | BD25: =IFERROR(BB25/BA25,0) -> 0 | BE25: =IFERROR(BB25/BC25,0) -> 0 | BF25: =IFERROR(BB25/AH25,0) -> 0
D26: Điều chỉnh giá vốn trong hàng tồn kho | AI26: =SUM(AJ26:AU26) -> 0 | AV26: =AM26 -> 0 | AW26: =AN26 -> 0 | AX26: =Z26 -> 0 | AY26: =IFERROR(AW26/AV26,0) -> 0 | AZ26: =IFERROR(AW26/AX26,0) -> 0 | BA26: =SUM(I26:M26) -> 0 | BB26: =SUM(AJ26:AN26) -> 0 | BC26: =SUM(V26:Z26) -> 0 | BD26: =IFERROR(BB26/BA26,0) -> 0 | BE26: =IFERROR(BB26/BC26,0) -> 0 | BF26: =IFERROR(BB26/AH26,0) -> 0
D27: Đ/C lãi chưa thực hiện trong HTK khi Hợp nhất | AI27: =SUM(AJ27:AU27) -> 0 | AV27: =AM27 -> 0 | AW27: =AN27 -> 0 | AX27: =Z27 -> 0 | AY27: =IFERROR(AW27/AV27,0) -> 0 | AZ27: =IFERROR(AW27/AX27,0) -> 0 | BA27: =SUM(I27:L27) -> 0 | BB27: =SUM(AJ27:AM27) -> 0 | BC27: =SUM(V27:Y27) -> 0 | BD27: =IFERROR(BB27/BA27,0) -> 0 | BE27: =IFERROR(BB27/BC27,0) -> 0 | BF27: =IFERROR(BB27/AH27,0) -> 0
B28: 4 | C28: LÃI BIẾN PHÍ | F28: =F5-F10-F13 -> #REF! | G28: =G5-G10-G13 -> #REF! | H28: =H5-H10-H13 -> #REF! | I28: =I5-I10-I13 -> #REF! | J28: =J5-J10-J13 -> #REF! | K28: =K5-K10-K13 -> #REF! | L28: =L5-L10-L13 -> #REF! | M28: =M5-M10-M13 -> #REF! | ... AU28: =AU5-AU10-AU13 -> 0 | AV28: =AM28 -> 1428763477 | AW28: =AN28 -> 2234429594 | AX28: =Z28 -> 2.2654417e+09 | AY28: =IFERROR(AW28/AV28,0) -> 1.5638905 | AZ28: =IFERROR(AW28/AX28,0) -> 0.98631077 | BA28: =SUM(I28:M28) -> #REF! | BB28: =SUM(AJ28:AN28) -> 7695212433 | BC28: =SUM(V28:Z28) -> 8.8766303e+09 | BD28: =IFERROR(BB28/BA28,0) -> 0 | BE28: =IFERROR(BB28/BC28,0) -> 0.86690694 | BF28: =IFERROR(BB28/AH28,0) -> 0.30577172
D29: Tỷ lệ Lãi biến phí (%) | F29: =IFERROR(F28/F$5,0) -> 0 | G29: =IFERROR(G28/G$5,0) -> 0 | H29: =IFERROR(H28/H$5,0) -> 0 | I29: =IFERROR(I28/I$5,0) -> 0 | J29: =IFERROR(J28/J$5,0) -> 0 | K29: =IFERROR(K28/K$5,0) -> 0 | L29: =IFERROR(L28/L$5,0) -> 0 | M29: =IFERROR(M28/M$5,0) -> 0 | ... AX29: =IFERROR(AX28/AX$5,0) -> 0.1378247 | AY29: =IFERROR(AW29/AV29,0) -> 0.99430274 | AZ29: =IFERROR(AW29/AX29,0) -> 1.4705005 | BA29: =IFERROR(BA28/BA$5,0) -> 0 | BB29: =IFERROR(BB28/BB$5,0) -> 0.19447965 | BC29: =IFERROR(BC28/BC$5,0) -> 0.14860721 | BD29: =IFERROR(BB29/BA29,0) -> 0 | BE29: =IFERROR(BB29/BC29,0) -> 1.3086825 | BF29: =IFERROR(BB29/AH29,0) -> 1.3715826
D30: Lãi biến phí / Tấn (Triệu đồng/Tấn) | F30: =IFERROR(F28/F$4,0)*1000 -> 0 | G30: =IFERROR(G28/G$4,0)*1000 -> 0 | H30: =IFERROR(H28/H$4,0)*1000 -> 0 | I30: =IFERROR(I28/I$4,0)*1000 -> 0 | J30: =IFERROR(J28/J$4,0)*1000 -> 0 | K30: =IFERROR(K28/K$4,0)*1000 -> 0 | L30: =IFERROR(L28/L$4,0)*1000 -> 0 | M30: =IFERROR(M28/M$4,0)*1000 -> 0 | ... AX30: =IFERROR(AX28/AX$4,0)*1000 -> 2209405.7 | AY30: =IFERROR(AW30/AV30,0) -> 1.0852674 | AZ30: =IFERROR(AW30/AX30,0) -> 1.4228638 | BA30: =IFERROR(BA28/BA$4,0)*1000 -> 0 | BB30: =IFERROR(BB28/BB$4,0)*1000 -> 2810452.3 | BC30: =IFERROR(BC28/BC$4,0)*1000 -> 2240605.5 | BD30: =IFERROR(BB30/BA30,0) -> 0 | BE30: =IFERROR(BB30/BC30,0) -> 1.2543272 | BF30: =IFERROR(BB30/AH30,0) -> 1.2624929
B31: 5 | C31: ĐỊNH PHÍ | F31: =F34+F61+F63+F65 -> #REF! | G31: =G34+G61+G63+G65 -> #REF! | H31: =H34+H61+H63+H65 -> #REF! | I31: =I34+I61+I63+I65 -> #REF! | J31: =J34+J61+J63+J65 -> #REF! | K31: =K34+K61+K63+K65 -> #REF! | L31: =L34+L61+L63+L65 -> #REF! | M31: =M34+M61+M63+M65 -> #REF! | ... AU31: =AU34+AU61+AU63+AU65 -> 0 | AV31: =AM31 -> 990061974 | AW31: =AN31 -> 1115395366 | AX31: =Z31 -> 2.1605429e+09 | AY31: =IFERROR(AW31/AV31,0) -> 1.1265915 | AZ31: =IFERROR(AW31/AX31,0) -> 0.516257 | BA31: =SUM(I31:M31) -> #REF! | BB31: =SUM(AJ31:AN31) -> 5152487527 | BC31: =SUM(V31:Z31) -> 8.032541e+09 | BD31: =IFERROR(BB31/BA31,0) -> 0 | BE31: =IFERROR(BB31/BC31,0) -> 0.64145176 | BF31: =IFERROR(BB31/AH31,0) -> 0.21633817
D32: Định phí / Doanh thu (%) | F32: =IFERROR(F31/F$5,0) -> 0 | G32: =IFERROR(G31/G$5,0) -> 0 | H32: =IFERROR(H31/H$5,0) -> 0 | I32: =IFERROR(I31/I$5,0) -> 0 | J32: =IFERROR(J31/J$5,0) -> 0 | K32: =IFERROR(K31/K$5,0) -> 0 | L32: =IFERROR(L31/L$5,0) -> 0 | M32: =IFERROR(M31/M$5,0) -> 0 | ... AX32: =IFERROR(AX31/AX$5,0) -> 0.13144287 | AY32: =IFERROR(AW32/AV32,0) -> 0.71627329 | AZ32: =IFERROR(AW32/AX32,0) -> 0.7696927 | BA32: =IFERROR(BA31/BA$5,0) -> 0 | BB32: =IFERROR(BB31/BB$5,0) -> 0.13021784 | BC32: =IFERROR(BC31/BC$5,0) -> 0.13447597 | BD32: =IFERROR(BB32/BA32,0) -> 0 | BE32: =IFERROR(BB32/BC32,0) -> 0.9683354 | BF32: =IFERROR(BB32/AH32,0) -> 0.97041565
D33: Định phí / Tấn (Triệu đồng/Tấn) | F33: =IFERROR(F31/F$4,0)*1000 -> 0 | G33: =IFERROR(G31/G$4,0)*1000 -> 0 | H33: =IFERROR(H31/H$4,0)*1000 -> 0 | I33: =IFERROR(I31/I$4,0)*1000 -> 0 | J33: =IFERROR(J31/J$4,0)*1000 -> 0 | K33: =IFERROR(K31/K$4,0)*1000 -> 0 | L33: =IFERROR(L31/L$4,0)*1000 -> 0 | M33: =IFERROR(M31/M$4,0)*1000 -> 0 | ... AX33: =IFERROR(AX31/AX$4,0)*1000 -> 2107101.5 | AY33: =IFERROR(AW33/AV33,0) -> 0.78180218 | AZ33: =IFERROR(AW33/AX33,0) -> 0.74475858 | BA33: =IFERROR(BA31/BA$4,0)*1000 -> 0 | BB33: =IFERROR(BB31/BB$4,0)*1000 -> 1881796.1 | BC33: =IFERROR(BC31/BC$4,0)*1000 -> 2027543.6 | BD33: =IFERROR(BB33/BA33,0) -> 0 | BE33: =IFERROR(BB33/BC33,0) -> 0.92811619 | BF33: =IFERROR(BB33/AH33,0) -> 0.89323306
B34: 5.1 | C34: Chi phí hoạt động | F34: =SUM(F36:F60) -> #REF! | G34: =SUM(G36:G60) -> #REF! | H34: =SUM(H36:H60) -> #REF! | I34: =SUM(I36:I60) -> #REF! | J34: =SUM(J36:J60) -> #REF! | K34: =SUM(K36:K60) -> #REF! | L34: =SUM(L36:L60) -> #REF! | M34: =SUM(M36:M60) -> #REF! | ... AU34: =SUM(AU36:AU60) -> 0 | AV34: =AM34 -> 172118323 | AW34: =AN34 -> 287665915 | AX34: =Z34 -> 5.8530496e+08 | AY34: =IFERROR(AW34/AV34,0) -> 1.6713265 | AZ34: =IFERROR(AW34/AX34,0) -> 0.4914804 | BA34: =SUM(I34:M34) -> #REF! | BB34: =SUM(AJ34:AN34) -> 1021658996 | BC34: =SUM(V34:Z34) -> 1.7421535e+09 | BD34: =IFERROR(BB34/BA34,0) -> 0 | BE34: =IFERROR(BB34/BC34,0) -> 0.58643454 | BF34: =IFERROR(BB34/AH34,0) -> 0.16610026
D35: Chi phí hoạt động / Doanh thu (%) | F35: =IFERROR(F34/F$5,0) -> 0 | G35: =IFERROR(G34/G$5,0) -> 0 | H35: =IFERROR(H34/H$5,0) -> 0 | I35: =IFERROR(I34/I$5,0) -> 0 | J35: =IFERROR(J34/J$5,0) -> 0 | K35: =IFERROR(K34/K$5,0) -> 0 | L35: =IFERROR(L34/L$5,0) -> 0 | M35: =IFERROR(M34/M$5,0) -> 0 | ... AX35: =IFERROR(AX34/AX$5,0) -> 0.035608719 | AY35: =IFERROR(AW35/AV35,0) -> 1.0626093 | AZ35: =IFERROR(AW35/AX35,0) -> 0.73275302 | BA35: =IFERROR(BA34/BA$5,0) -> 0 | BB35: =IFERROR(BB34/BB$5,0) -> 0.025820195 | BC35: =IFERROR(BC34/BC$5,0) -> 0.029166087 | BD35: =IFERROR(BB35/BA35,0) -> 0 | BE35: =IFERROR(BB35/BC35,0) -> 0.88528142 | BF35: =IFERROR(BB35/AH35,0) -> 0.74506636
D36: Chi phí sửa chữa, bảo trì | E36: 13 | F36: =SUMIF('10. 170KMP'!$J:$J,'0.KQKD'!$E36,'10. 170KMP'!L:L) -> #REF! | G36: =SUMIF('10. 170KMP'!$J:$J,'0.KQKD'!$E36,'10. 170KMP'!M:M) -> #REF! | H36: =SUMIF('10. 170KMP'!$J:$J,'0.KQKD'!$E36,'10. 170KMP'!N:N) -> #REF! | I36: =SUMIF('10. 170KMP'!$J:$J,'0.KQKD'!$E36,'10. 170KMP'!O:O) -> #REF! | J36: =SUMIF('10. 170KMP'!$J:$J,'0.KQKD'!$E36,'10. 170KMP'!P:P) -> #REF! | K36: =SUMIF('10. 170KMP'!$J:$J,'0.KQKD'!$E36,'10. 170KMP'!Q:Q) -> #REF! | L36: =SUMIF('10. 170KMP'!$J:$J,'0.KQKD'!$E36,'10. 170KMP'!R:R) -> #REF! | M36: =SUMIF('10. 170KMP'!$J:$J,'0.KQKD'!$E36,'10. 170KMP'!S:S) -> #REF! | N36: =SUMIF('10. 170KMP'!$J:$J,'0.KQKD'!$E36,'10. 170KMP'!T:T) -> #REF! | O36: =SUMIF('10. 170KMP'!$J:$J,'0.KQKD'!$E36,'10. 170KMP'!U:U) -> #REF! | P36: =SUMIF('10. 170KMP'!$J:$J,'0.KQKD'!$E36,'10. 170KMP'!V:V) -> #REF! | Q36: =SUMIF('10. 170KMP'!$J:$J,'0.KQKD'!$E36,'10. 170KMP'!W:W) -> #REF! | R36: =SUMIF('10. 170KMP'!$J:$J,'0.KQKD'!$E36,'10. 170KMP'!X:X) -> #REF! | S36: =SUMIF('10. 170KMP'!$J:$J,'0.KQKD'!$E36,'10. 170KMP'!Y:Y) -> #REF! | T36: =SUMIF('10. 170KMP'!$J:$J,'0.KQKD'!$E36,'10. 170KMP'!Z:Z) -> #REF! | U36: =SUM(I36:T36) -> #REF! | V36: =SUMIF('10. 170KMP'!$J:$J,'0.KQKD'!$E36,'10. 170KMP'!AB:AB) -> 57866887 | W36: =SUMIF('10. 170KMP'!$J:$J,'0.KQKD'!$E36,'10. 170KMP'!AC:AC) -> 74341222 | X36: =SUMIF('10. 170KMP'!$J:$J,'0.KQKD'!$E36,'10. 170KMP'!AD:AD) -> 156561428 | Y36: =SUMIF('10. 170KMP'!$J:$J,'0.KQKD'!$E36,'10. 170KMP'!AE:AE) -> 2.2372083e+08 | Z36: =SUMIF('10. 170KMP'!$J:$J,'0.KQKD'!$E36,'10. 170KMP'!AF:AF) -> 280012500 | AA36: =SUMIF('10. 170KMP'!$J:$J,'0.KQKD'!$E36,'10. 170KMP'!AG:AG) -> 284050000 | AB36: =SUMIF('10. 170KMP'!$J:$J,'0.KQKD'!$E36,'10. 170KMP'!AH:AH) -> 3.1427222e+08 | AC36: =SUMIF('10. 170KMP'!$J:$J,'0.KQKD'!$E36,'10. 170KMP'!AI:AI) -> 3.1717222e+08 | AD36: =SUMIF('10. 170KMP'!$J:$J,'0.KQKD'!$E36,'10. 170KMP'!AJ:AJ) -> 3.2029722e+08 | AE36: =SUMIF('10. 170KMP'!$J:$J,'0.KQKD'!$E36,'10. 170KMP'!AK:AK) -> 3.2029722e+08 | AF36: =SUMIF('10. 170KMP'!$J:$J,'0.KQKD'!$E36,'10. 170KMP'!AL:AL) -> 3.2048722e+08 | AG36: =SUMIF('10. 170KMP'!$J:$J,'0.KQKD'!$E36,'10. 170KMP'!AM:AM) -> 3.1279279e+08 | AH36: =SUM(V36:AG36) -> 2.9818718e+09 | AI36: =SUM(AJ36:AU36) -> 247537013 | AJ36: =SUMIF('10. 170KMP'!$J:$J,'0.KQKD'!$E36,'10. 170KMP'!AP:AP) -> 44138249 | AK36: =SUMIF('10. 170KMP'!$J:$J,'0.KQKD'!$E36,'10. 170KMP'!AQ:AQ) -> 43901457 | AL36: =SUMIF('10. 170KMP'!$J:$J,'0.KQKD'!$E36,'10. 170KMP'!AR:AR) -> 65626478 | AM36: =SUMIF('10. 170KMP'!$J:$J,'0.KQKD'!$E36,'10. 170KMP'!AS:AS) -> 38302564 | AN36: =SUMIF('10. 170KMP'!$J:$J,'0.KQKD'!$E36,'10. 170KMP'!AT:AT) -> 55568265 | AO36: =SUMIF('10. 170KMP'!$J:$J,'0.KQKD'!$E36,'10. 170KMP'!AU:AU) -> 0 | AP36: =SUMIF('10. 170KMP'!$J:$J,'0.KQKD'!$E36,'10. 170KMP'!AV:AV) -> 0 | AQ36: =SUMIF('10. 170KMP'!$J:$J,'0.KQKD'!$E36,'10. 170KMP'!AW:AW) -> 0 | AR36: =SUMIF('10. 170KMP'!$J:$J,'0.KQKD'!$E36,'10. 170KMP'!AX:AX) -> 0 | AS36: =SUMIF('10. 170KMP'!$J:$J,'0.KQKD'!$E36,'10. 170KMP'!AY:AY) -> 0 | AT36: =SUMIF('10. 170KMP'!$J:$J,'0.KQKD'!$E36,'10. 170KMP'!AZ:AZ) -> 0 | AU36: =SUMIF('10. 170KMP'!$J:$J,'0.KQKD'!$E36,'10. 170KMP'!BA:BA) -> 0 | AV36: =AM36 -> 38302564 | AW36: =AN36 -> 55568265 | AX36: =Z36 -> 280012500 | AY36: =IFERROR(AW36/AV36,0) -> 1.4507714 | AZ36: =IFERROR(AW36/AX36,0) -> 0.19844923 | BA36: =SUM(I36:M36) -> #REF! | BB36: =SUM(AJ36:AN36) -> 247537013 | BC36: =SUM(V36:Z36) -> 7.9250287e+08 | BD36: =IFERROR(BB36/BA36,0) -> 0 | BE36: =IFERROR(BB36/BC36,0) -> 0.31234841 | BF36: =IFERROR(BB36/AH36,0) -> 0.08301397
D37: Chi phí thử mẫu, thử khuôn, phát triển sản phẩm | E37: 14 | F37: =SUMIF('10. 170KMP'!$J:$J,'0.KQKD'!$E37,'10. 170KMP'!L:L) -> #REF! | G37: =SUMIF('10. 170KMP'!$J:$J,'0.KQKD'!$E37,'10. 170KMP'!M:M) -> #REF! | H37: =SUMIF('10. 170KMP'!$J:$J,'0.KQKD'!$E37,'10. 170KMP'!N:N) -> #REF! | I37: =SUMIF('10. 170KMP'!$J:$J,'0.KQKD'!$E37,'10. 170KMP'!O:O) -> #REF! | J37: =SUMIF('10. 170KMP'!$J:$J,'0.KQKD'!$E37,'10. 170KMP'!P:P) -> #REF! | K37: =SUMIF('10. 170KMP'!$J:$J,'0.KQKD'!$E37,'10. 170KMP'!Q:Q) -> #REF! | L37: =SUMIF('10. 170KMP'!$J:$J,'0.KQKD'!$E37,'10. 170KMP'!R:R) -> #REF! | M37: =SUMIF('10. 170KMP'!$J:$J,'0.KQKD'!$E37,'10. 170KMP'!S:S) -> #REF! | N37: =SUMIF('10. 170KMP'!$J:$J,'0.KQKD'!$E37,'10. 170KMP'!T:T) -> #REF! | O37: =SUMIF('10. 170KMP'!$J:$J,'0.KQKD'!$E37,'10. 170KMP'!U:U) -> #REF! | P37: =SUMIF('10. 170KMP'!$J:$J,'0.KQKD'!$E37,'10. 170KMP'!V:V) -> #REF! | Q37: =SUMIF('10. 170KMP'!$J:$J,'0.KQKD'!$E37,'10. 170KMP'!W:W) -> #REF! | R37: =SUMIF('10. 170KMP'!$J:$J,'0.KQKD'!$E37,'10. 170KMP'!X:X) -> #REF! | S37: =SUMIF('10. 170KMP'!$J:$J,'0.KQKD'!$E37,'10. 170KMP'!Y:Y) -> #REF! | T37: =SUMIF('10. 170KMP'!$J:$J,'0.KQKD'!$E37,'10. 170KMP'!Z:Z) -> #REF! | U37: =SUM(I37:T37) -> #REF! | V37: =SUMIF('10. 170KMP'!$J:$J,'0.KQKD'!$E37,'10. 170KMP'!AB:AB) -> 0 | W37: =SUMIF('10. 170KMP'!$J:$J,'0.KQKD'!$E37,'10. 170KMP'!AC:AC) -> 0 | X37: =SUMIF('10. 170KMP'!$J:$J,'0.KQKD'!$E37,'10. 170KMP'!AD:AD) -> 0 | Y37: =SUMIF('10. 170KMP'!$J:$J,'0.KQKD'!$E37,'10. 170KMP'!AE:AE) -> 0 | Z37: =SUMIF('10. 170KMP'!$J:$J,'0.KQKD'!$E37,'10. 170KMP'!AF:AF) -> 0 | AA37: =SUMIF('10. 170KMP'!$J:$J,'0.KQKD'!$E37,'10. 170KMP'!AG:AG) -> 0 | AB37: =SUMIF('10. 170KMP'!$J:$J,'0.KQKD'!$E37,'10. 170KMP'!AH:AH) -> 0 | AC37: =SUMIF('10. 170KMP'!$J:$J,'0.KQKD'!$E37,'10. 170KMP'!AI:AI) -> 0 | AD37: =SUMIF('10. 170KMP'!$J:$J,'0.KQKD'!$E37,'10. 170KMP'!AJ:AJ) -> 0 | AE37: =SUMIF('10. 170KMP'!$J:$J,'0.KQKD'!$E37,'10. 170KMP'!AK:AK) -> 0 | AF37: =SUMIF('10. 170KMP'!$J:$J,'0.KQKD'!$E37,'10. 170KMP'!AL:AL) -> 0 | AG37: =SUMIF('10. 170KMP'!$J:$J,'0.KQKD'!$E37,'10. 170KMP'!AM:AM) -> 0 | AH37: =SUM(V37:AG37) -> 0 | AI37: =SUM(AJ37:AU37) -> 0 | AJ37: =SUMIF('10. 170KMP'!$J:$J,'0.KQKD'!$E37,'10. 170KMP'!AP:AP) -> 0 | AK37: =SUMIF('10. 170KMP'!$J:$J,'0.KQKD'!$E37,'10. 170KMP'!AQ:AQ) -> 0 | AL37: =SUMIF('10. 170KMP'!$J:$J,'0.KQKD'!$E37,'10. 170KMP'!AR:AR) -> 0 | AM37: =SUMIF('10. 170KMP'!$J:$J,'0.KQKD'!$E37,'10. 170KMP'!AS:AS) -> 0 | AN37: =SUMIF('10. 170KMP'!$J:$J,'0.KQKD'!$E37,'10. 170KMP'!AT:AT) -> 0 | AO37: =SUMIF('10. 170KMP'!$J:$J,'0.KQKD'!$E37,'10. 170KMP'!AU:AU) -> 0 | AP37: =SUMIF('10. 170KMP'!$J:$J,'0.KQKD'!$E37,'10. 170KMP'!AV:AV) -> 0 | AQ37: =SUMIF('10. 170KMP'!$J:$J,'0.KQKD'!$E37,'10. 170KMP'!AW:AW) -> 0 | AR37: =SUMIF('10. 170KMP'!$J:$J,'0.KQKD'!$E37,'10. 170KMP'!AX:AX) -> 0 | AS37: =SUMIF('10. 170KMP'!$J:$J,'0.KQKD'!$E37,'10. 170KMP'!AY:AY) -> 0 | AT37: =SUMIF('10. 170KMP'!$J:$J,'0.KQKD'!$E37,'10. 170KMP'!AZ:AZ) -> 0 | AU37: =SUMIF('10. 170KMP'!$J:$J,'0.KQKD'!$E37,'10. 170KMP'!BA:BA) -> 0 | AV37: =AM37 -> 0 | AW37: =AN37 -> 0 | AX37: =Z37 -> 0 | AY37: =IFERROR(AW37/AV37,0) -> 0 | AZ37: =IFERROR(AW37/AX37,0) -> 0 | BA37: =SUM(I37:M37) -> #REF! | BB37: =SUM(AJ37:AN37) -> 0 | BC37: =SUM(V37:Z37) -> 0 | BD37: =IFERROR(BB37/BA37,0) -> 0 | BE37: =IFERROR(BB37/BC37,0) -> 0 | BF37: =IFERROR(BB37/AH37,0) -> 0
D38: Chi phí kiểm định tài sản | E38: 15 | F38: =SUMIF('10. 170KMP'!$J:$J,'0.KQKD'!$E38,'10. 170KMP'!L:L) -> #REF! | G38: =SUMIF('10. 170KMP'!$J:$J,'0.KQKD'!$E38,'10. 170KMP'!M:M) -> #REF! | H38: =SUMIF('10. 170KMP'!$J:$J,'0.KQKD'!$E38,'10. 170KMP'!N:N) -> #REF! | I38: =SUMIF('10. 170KMP'!$J:$J,'0.KQKD'!$E38,'10. 170KMP'!O:O) -> #REF! | J38: =SUMIF('10. 170KMP'!$J:$J,'0.KQKD'!$E38,'10. 170KMP'!P:P) -> #REF! | K38: =SUMIF('10. 170KMP'!$J:$J,'0.KQKD'!$E38,'10. 170KMP'!Q:Q) -> #REF! | L38: =SUMIF('10. 170KMP'!$J:$J,'0.KQKD'!$E38,'10. 170KMP'!R:R) -> #REF! | M38: =SUMIF('10. 170KMP'!$J:$J,'0.KQKD'!$E38,'10. 170KMP'!S:S) -> #REF! | N38: =SUMIF('10. 170KMP'!$J:$J,'0.KQKD'!$E38,'10. 170KMP'!T:T) -> #REF! | O38: =SUMIF('10. 170KMP'!$J:$J,'0.KQKD'!$E38,'10. 170KMP'!U:U) -> #REF! | P38: =SUMIF('10. 170KMP'!$J:$J,'0.KQKD'!$E38,'10. 170KMP'!V:V) -> #REF! | Q38: =SUMIF('10. 170KMP'!$J:$J,'0.KQKD'!$E38,'10. 170KMP'!W:W) -> #REF! | R38: =SUMIF('10. 170KMP'!$J:$J,'0.KQKD'!$E38,'10. 170KMP'!X:X) -> #REF! | S38: =SUMIF('10. 170KMP'!$J:$J,'0.KQKD'!$E38,'10. 170KMP'!Y:Y) -> #REF! | T38: =SUMIF('10. 170KMP'!$J:$J,'0.KQKD'!$E38,'10. 170KMP'!Z:Z) -> #REF! | U38: =SUM(I38:T38) -> #REF! | V38: =SUMIF('10. 170KMP'!$J:$J,'0.KQKD'!$E38,'10. 170KMP'!AB:AB) -> 1904166.7 | W38: =SUMIF('10. 170KMP'!$J:$J,'0.KQKD'!$E38,'10. 170KMP'!AC:AC) -> 1904166.7 | X38: =SUMIF('10. 170KMP'!$J:$J,'0.KQKD'!$E38,'10. 170KMP'!AD:AD) -> 1904166.7 | Y38: =SUMIF('10. 170KMP'!$J:$J,'0.KQKD'!$E38,'10. 170KMP'!AE:AE) -> 2087500 | Z38: =SUMIF('10. 170KMP'!$J:$J,'0.KQKD'!$E38,'10. 170KMP'!AF:AF) -> 2087500 | AA38: =SUMIF('10. 170KMP'!$J:$J,'0.KQKD'!$E38,'10. 170KMP'!AG:AG) -> 5420833.3 | AB38: =SUMIF('10. 170KMP'!$J:$J,'0.KQKD'!$E38,'10. 170KMP'!AH:AH) -> 5190990.3 | AC38: =SUMIF('10. 170KMP'!$J:$J,'0.KQKD'!$E38,'10. 170KMP'!AI:AI) -> 4629166.3 | AD38: =SUMIF('10. 170KMP'!$J:$J,'0.KQKD'!$E38,'10. 170KMP'!AJ:AJ) -> 4720833 | AE38: =SUMIF('10. 170KMP'!$J:$J,'0.KQKD'!$E38,'10. 170KMP'!AK:AK) -> 4625000 | AF38: =SUMIF('10. 170KMP'!$J:$J,'0.KQKD'!$E38,'10. 170KMP'!AL:AL) -> 4625000 | AG38: =SUMIF('10. 170KMP'!$J:$J,'0.KQKD'!$E38,'10. 170KMP'!AM:AM) -> 4625000 | AH38: =SUM(V38:AG38) -> 43724323 | AI38: =SUM(AJ38:AU38) -> 5566670 | AJ38: =SUMIF('10. 170KMP'!$J:$J,'0.KQKD'!$E38,'10. 170KMP'!AP:AP) -> 983334 | AK38: =SUMIF('10. 170KMP'!$J:$J,'0.KQKD'!$E38,'10. 170KMP'!AQ:AQ) -> 983334 | AL38: =SUMIF('10. 170KMP'!$J:$J,'0.KQKD'!$E38,'10. 170KMP'!AR:AR) -> 983334 | AM38: =SUMIF('10. 170KMP'!$J:$J,'0.KQKD'!$E38,'10. 170KMP'!AS:AS) -> 983334 | AN38: =SUMIF('10. 170KMP'!$J:$J,'0.KQKD'!$E38,'10. 170KMP'!AT:AT) -> 1633334 | AO38: =SUMIF('10. 170KMP'!$J:$J,'0.KQKD'!$E38,'10. 170KMP'!AU:AU) -> 0 | AP38: =SUMIF('10. 170KMP'!$J:$J,'0.KQKD'!$E38,'10. 170KMP'!AV:AV) -> 0 | AQ38: =SUMIF('10. 170KMP'!$J:$J,'0.KQKD'!$E38,'10. 170KMP'!AW:AW) -> 0 | AR38: =SUMIF('10. 170KMP'!$J:$J,'0.KQKD'!$E38,'10. 170KMP'!AX:AX) -> 0 | AS38: =SUMIF('10. 170KMP'!$J:$J,'0.KQKD'!$E38,'10. 170KMP'!AY:AY) -> 0 | AT38: =SUMIF('10. 170KMP'!$J:$J,'0.KQKD'!$E38,'10. 170KMP'!AZ:AZ) -> 0 | AU38: =SUMIF('10. 170KMP'!$J:$J,'0.KQKD'!$E38,'10. 170KMP'!BA:BA) -> 0 | AV38: =AM38 -> 983334 | AW38: =AN38 -> 1633334 | AX38: =Z38 -> 2087500 | AY38: =IFERROR(AW38/AV38,0) -> 1.6610165 | AZ38: =IFERROR(AW38/AX38,0) -> 0.78243545 | BA38: =SUM(I38:M38) -> #REF! | BB38: =SUM(AJ38:AN38) -> 5566670 | BC38: =SUM(V38:Z38) -> 9887500 | BD38: =IFERROR(BB38/BA38,0) -> 0 | BE38: =IFERROR(BB38/BC38,0) -> 0.56300076 | BF38: =IFERROR(BB38/AH38,0) -> 0.12731289
D39: Công cụ dụng cụ | E39: 16 | F39: =SUMIF('10. 170KMP'!$J:$J,'0.KQKD'!$E39,'10. 170KMP'!L:L) -> #REF! | G39: =SUMIF('10. 170KMP'!$J:$J,'0.KQKD'!$E39,'10. 170KMP'!M:M) -> #REF! | H39: =SUMIF('10. 170KMP'!$J:$J,'0.KQKD'!$E39,'10. 170KMP'!N:N) -> #REF! | I39: =SUMIF('10. 170KMP'!$J:$J,'0.KQKD'!$E39,'10. 170KMP'!O:O) -> #REF! | J39: =SUMIF('10. 170KMP'!$J:$J,'0.KQKD'!$E39,'10. 170KMP'!P:P) -> #REF! | K39: =SUMIF('10. 170KMP'!$J:$J,'0.KQKD'!$E39,'10. 170KMP'!Q:Q) -> #REF! | L39: =SUMIF('10. 170KMP'!$J:$J,'0.KQKD'!$E39,'10. 170KMP'!R:R) -> #REF! | M39: =SUMIF('10. 170KMP'!$J:$J,'0.KQKD'!$E39,'10. 170KMP'!S:S) -> #REF! | N39: =SUMIF('10. 170KMP'!$J:$J,'0.KQKD'!$E39,'10. 170KMP'!T:T) -> #REF! | O39: =SUMIF('10. 170KMP'!$J:$J,'0.KQKD'!$E39,'10. 170KMP'!U:U) -> #REF! | P39: =SUMIF('10. 170KMP'!$J:$J,'0.KQKD'!$E39,'10. 170KMP'!V:V) -> #REF! | Q39: =SUMIF('10. 170KMP'!$J:$J,'0.KQKD'!$E39,'10. 170KMP'!W:W) -> #REF! | R39: =SUMIF('10. 170KMP'!$J:$J,'0.KQKD'!$E39,'10. 170KMP'!X:X) -> #REF! | S39: =SUMIF('10. 170KMP'!$J:$J,'0.KQKD'!$E39,'10. 170KMP'!Y:Y) -> #REF! | T39: =SUMIF('10. 170KMP'!$J:$J,'0.KQKD'!$E39,'10. 170KMP'!Z:Z) -> #REF! | U39: =SUM(I39:T39) -> #REF! | V39: =SUMIF('10. 170KMP'!$J:$J,'0.KQKD'!$E39,'10. 170KMP'!AB:AB) -> 45181209 | W39: =SUMIF('10. 170KMP'!$J:$J,'0.KQKD'!$E39,'10. 170KMP'!AC:AC) -> 46948263 | X39: =SUMIF('10. 170KMP'!$J:$J,'0.KQKD'!$E39,'10. 170KMP'!AD:AD) -> 49427622 | Y39: =SUMIF('10. 170KMP'!$J:$J,'0.KQKD'!$E39,'10. 170KMP'!AE:AE) -> 54584709 | Z39: =SUMIF('10. 170KMP'!$J:$J,'0.KQKD'!$E39,'10. 170KMP'!AF:AF) -> 53608158 | AA39: =SUMIF('10. 170KMP'!$J:$J,'0.KQKD'!$E39,'10. 170KMP'!AG:AG) -> 53046018 | AB39: =SUMIF('10. 170KMP'!$J:$J,'0.KQKD'!$E39,'10. 170KMP'!AH:AH) -> 52793002 | AC39: =SUMIF('10. 170KMP'!$J:$J,'0.KQKD'!$E39,'10. 170KMP'!AI:AI) -> 52393873 | AD39: =SUMIF('10. 170KMP'!$J:$J,'0.KQKD'!$E39,'10. 170KMP'!AJ:AJ) -> 51922439 | AE39: =SUMIF('10. 170KMP'!$J:$J,'0.KQKD'!$E39,'10. 170KMP'!AK:AK) -> 51602599 | AF39: =SUMIF('10. 170KMP'!$J:$J,'0.KQKD'!$E39,'10. 170KMP'!AL:AL) -> 51602608 | AG39: =SUMIF('10. 170KMP'!$J:$J,'0.KQKD'!$E39,'10. 170KMP'!AM:AM) -> 51459830 | AH39: =SUM(V39:AG39) -> 6.1457033e+08 | AI39: =SUM(AJ39:AU39) -> 99991165 | AJ39: =SUMIF('10. 170KMP'!$J:$J,'0.KQKD'!$E39,'10. 170KMP'!AP:AP) -> 22244312 | AK39: =SUMIF('10. 170KMP'!$J:$J,'0.KQKD'!$E39,'10. 170KMP'!AQ:AQ) -> 15890424 | AL39: =SUMIF('10. 170KMP'!$J:$J,'0.KQKD'!$E39,'10. 170KMP'!AR:AR) -> 17395768 | AM39: =SUMIF('10. 170KMP'!$J:$J,'0.KQKD'!$E39,'10. 170KMP'!AS:AS) -> 24001248 | AN39: =SUMIF('10. 170KMP'!$J:$J,'0.KQKD'!$E39,'10. 170KMP'!AT:AT) -> 20459413 | AO39: =SUMIF('10. 170KMP'!$J:$J,'0.KQKD'!$E39,'10. 170KMP'!AU:AU) -> 0 | AP39: =SUMIF('10. 170KMP'!$J:$J,'0.KQKD'!$E39,'10. 170KMP'!AV:AV) -> 0 | AQ39: =SUMIF('10. 170KMP'!$J:$J,'0.KQKD'!$E39,'10. 170KMP'!AW:AW) -> 0 | AR39: =SUMIF('10. 170KMP'!$J:$J,'0.KQKD'!$E39,'10. 170KMP'!AX:AX) -> 0 | AS39: =SUMIF('10. 170KMP'!$J:$J,'0.KQKD'!$E39,'10. 170KMP'!AY:AY) -> 0 | AT39: =SUMIF('10. 170KMP'!$J:$J,'0.KQKD'!$E39,'10. 170KMP'!AZ:AZ) -> 0 | AU39: =SUMIF('10. 170KMP'!$J:$J,'0.KQKD'!$E39,'10. 170KMP'!BA:BA) -> 0 | AV39: =AM39 -> 24001248 | AW39: =AN39 -> 20459413 | AX39: =Z39 -> 53608158 | AY39: =IFERROR(AW39/AV39,0) -> 0.85243122 | AZ39: =IFERROR(AW39/AX39,0) -> 0.38164738 | BA39: =SUM(I39:M39) -> #REF! | BB39: =SUM(AJ39:AN39) -> 99991165 | BC39: =SUM(V39:Z39) -> 2.4974996e+08 | BD39: =IFERROR(BB39/BA39,0) -> 0 | BE39: =IFERROR(BB39/BC39,0) -> 0.40036509 | BF39: =IFERROR(BB39/AH39,0) -> 0.16270093
D40: Chi phí thuê nhà, văn phòng, xưởng, kho | E40: 17 | F40: =SUMIF('10. 170KMP'!$J:$J,'0.KQKD'!$E40,'10. 170KMP'!L:L) -> #REF! | G40: =SUMIF('10. 170KMP'!$J:$J,'0.KQKD'!$E40,'10. 170KMP'!M:M) -> #REF! | H40: =SUMIF('10. 170KMP'!$J:$J,'0.KQKD'!$E40,'10. 170KMP'!N:N) -> #REF! | I40: =SUMIF('10. 170KMP'!$J:$J,'0.KQKD'!$E40,'10. 170KMP'!O:O) -> #REF! | J40: =SUMIF('10. 170KMP'!$J:$J,'0.KQKD'!$E40,'10. 170KMP'!P:P) -> #REF! | K40: =SUMIF('10. 170KMP'!$J:$J,'0.KQKD'!$E40,'10. 170KMP'!Q:Q) -> #REF! | L40: =SUMIF('10. 170KMP'!$J:$J,'0.KQKD'!$E40,'10. 170KMP'!R:R) -> #REF! | M40: =SUMIF('10. 170KMP'!$J:$J,'0.KQKD'!$E40,'10. 170KMP'!S:S) -> #REF! | N40: =SUMIF('10. 170KMP'!$J:$J,'0.KQKD'!$E40,'10. 170KMP'!T:T) -> #REF! | O40: =SUMIF('10. 170KMP'!$J:$J,'0.KQKD'!$E40,'10. 170KMP'!U:U) -> #REF! | P40: =SUMIF('10. 170KMP'!$J:$J,'0.KQKD'!$E40,'10. 170KMP'!V:V) -> #REF! | Q40: =SUMIF('10. 170KMP'!$J:$J,'0.KQKD'!$E40,'10. 170KMP'!W:W) -> #REF! | R40: =SUMIF('10. 170KMP'!$J:$J,'0.KQKD'!$E40,'10. 170KMP'!X:X) -> #REF! | S40: =SUMIF('10. 170KMP'!$J:$J,'0.KQKD'!$E40,'10. 170KMP'!Y:Y) -> #REF! | T40: =SUMIF('10. 170KMP'!$J:$J,'0.KQKD'!$E40,'10. 170KMP'!Z:Z) -> #REF! | U40: =SUM(I40:T40) -> #REF! | V40: =SUMIF('10. 170KMP'!$J:$J,'0.KQKD'!$E40,'10. 170KMP'!AB:AB) -> 0 | W40: =SUMIF('10. 170KMP'!$J:$J,'0.KQKD'!$E40,'10. 170KMP'!AC:AC) -> 0 | X40: =SUMIF('10. 170KMP'!$J:$J,'0.KQKD'!$E40,'10. 170KMP'!AD:AD) -> 0 | Y40: =SUMIF('10. 170KMP'!$J:$J,'0.KQKD'!$E40,'10. 170KMP'!AE:AE) -> 0 | Z40: =SUMIF('10. 170KMP'!$J:$J,'0.KQKD'!$E40,'10. 170KMP'!AF:AF) -> 0 | AA40: =SUMIF('10. 170KMP'!$J:$J,'0.KQKD'!$E40,'10. 170KMP'!AG:AG) -> 0 | AB40: =SUMIF('10. 170KMP'!$J:$J,'0.KQKD'!$E40,'10. 170KMP'!AH:AH) -> 0 | AC40: =SUMIF('10. 170KMP'!$J:$J,'0.KQKD'!$E40,'10. 170KMP'!AI:AI) -> 0 | AD40: =SUMIF('10. 170KMP'!$J:$J,'0.KQKD'!$E40,'10. 170KMP'!AJ:AJ) -> 0 | AE40: =SUMIF('10. 170KMP'!$J:$J,'0.KQKD'!$E40,'10. 170KMP'!AK:AK) -> 0 | AF40: =SUMIF('10. 170KMP'!$J:$J,'0.KQKD'!$E40,'10. 170KMP'!AL:AL) -> 0 | AG40: =SUMIF('10. 170KMP'!$J:$J,'0.KQKD'!$E40,'10. 170KMP'!AM:AM) -> 0 | AH40: =SUM(V40:AG40) -> 0 | AI40: =SUM(AJ40:AU40) -> 0 | AJ40: =SUMIF('10. 170KMP'!$J:$J,'0.KQKD'!$E40,'10. 170KMP'!AP:AP) -> 0 | AK40: =SUMIF('10. 170KMP'!$J:$J,'0.KQKD'!$E40,'10. 170KMP'!AQ:AQ) -> 0 | AL40: =SUMIF('10. 170KMP'!$J:$J,'0.KQKD'!$E40,'10. 170KMP'!AR:AR) -> 0 | AM40: =SUMIF('10. 170KMP'!$J:$J,'0.KQKD'!$E40,'10. 170KMP'!AS:AS) -> 0 | AN40: =SUMIF('10. 170KMP'!$J:$J,'0.KQKD'!$E40,'10. 170KMP'!AT:AT) -> 0 | AO40: =SUMIF('10. 170KMP'!$J:$J,'0.KQKD'!$E40,'10. 170KMP'!AU:AU) -> 0 | AP40: =SUMIF('10. 170KMP'!$J:$J,'0.KQKD'!$E40,'10. 170KMP'!AV:AV) -> 0 | AQ40: =SUMIF('10. 170KMP'!$J:$J,'0.KQKD'!$E40,'10. 170KMP'!AW:AW) -> 0 | AR40: =SUMIF('10. 170KMP'!$J:$J,'0.KQKD'!$E40,'10. 170KMP'!AX:AX) -> 0 | AS40: =SUMIF('10. 170KMP'!$J:$J,'0.KQKD'!$E40,'10. 170KMP'!AY:AY) -> 0 | AT40: =SUMIF('10. 170KMP'!$J:$J,'0.KQKD'!$E40,'10. 170KMP'!AZ:AZ) -> 0 | AU40: =SUMIF('10. 170KMP'!$J:$J,'0.KQKD'!$E40,'10. 170KMP'!BA:BA) -> 0 | AV40: =AM40 -> 0 | AW40: =AN40 -> 0 | AX40: =Z40 -> 0 | AY40: =IFERROR(AW40/AV40,0) -> 0 | AZ40: =IFERROR(AW40/AX40,0) -> 0 | BA40: =SUM(I40:M40) -> #REF! | BB40: =SUM(AJ40:AN40) -> 0 | BC40: =SUM(V40:Z40) -> 0 | BD40: =IFERROR(BB40/BA40,0) -> 0 | BE40: =IFERROR(BB40/BC40,0) -> 0 | BF40: =IFERROR(BB40/AH40,0) -> 0
D41: Chi phí thuê máy móc thiết bị, phương tiện vận tải | E41: 18 | F41: =SUMIF('10. 170KMP'!$J:$J,'0.KQKD'!$E41,'10. 170KMP'!L:L) -> #REF! | G41: =SUMIF('10. 170KMP'!$J:$J,'0.KQKD'!$E41,'10. 170KMP'!M:M) -> #REF! | H41: =SUMIF('10. 170KMP'!$J:$J,'0.KQKD'!$E41,'10. 170KMP'!N:N) -> #REF! | I41: =SUMIF('10. 170KMP'!$J:$J,'0.KQKD'!$E41,'10. 170KMP'!O:O) -> #REF! | J41: =SUMIF('10. 170KMP'!$J:$J,'0.KQKD'!$E41,'10. 170KMP'!P:P) -> #REF! | K41: =SUMIF('10. 170KMP'!$J:$J,'0.KQKD'!$E41,'10. 170KMP'!Q:Q) -> #REF! | L41: =SUMIF('10. 170KMP'!$J:$J,'0.KQKD'!$E41,'10. 170KMP'!R:R) -> #REF! | M41: =SUMIF('10. 170KMP'!$J:$J,'0.KQKD'!$E41,'10. 170KMP'!S:S) -> #REF! | N41: =SUMIF('10. 170KMP'!$J:$J,'0.KQKD'!$E41,'10. 170KMP'!T:T) -> #REF! | O41: =SUMIF('10. 170KMP'!$J:$J,'0.KQKD'!$E41,'10. 170KMP'!U:U) -> #REF! | P41: =SUMIF('10. 170KMP'!$J:$J,'0.KQKD'!$E41,'10. 170KMP'!V:V) -> #REF! | Q41: =SUMIF('10. 170KMP'!$J:$J,'0.KQKD'!$E41,'10. 170KMP'!W:W) -> #REF! | R41: =SUMIF('10. 170KMP'!$J:$J,'0.KQKD'!$E41,'10. 170KMP'!X:X) -> #REF! | S41: =SUMIF('10. 170KMP'!$J:$J,'0.KQKD'!$E41,'10. 170KMP'!Y:Y) -> #REF! | T41: =SUMIF('10. 170KMP'!$J:$J,'0.KQKD'!$E41,'10. 170KMP'!Z:Z) -> #REF! | U41: =SUM(I41:T41) -> #REF! | V41: =SUMIF('10. 170KMP'!$J:$J,'0.KQKD'!$E41,'10. 170KMP'!AB:AB) -> 0 | W41: =SUMIF('10. 170KMP'!$J:$J,'0.KQKD'!$E41,'10. 170KMP'!AC:AC) -> 0 | X41: =SUMIF('10. 170KMP'!$J:$J,'0.KQKD'!$E41,'10. 170KMP'!AD:AD) -> 0 | Y41: =SUMIF('10. 170KMP'!$J:$J,'0.KQKD'!$E41,'10. 170KMP'!AE:AE) -> 1.9260139e+08 | Z41: =SUMIF('10. 170KMP'!$J:$J,'0.KQKD'!$E41,'10. 170KMP'!AF:AF) -> 1.9260139e+08 | AA41: =SUMIF('10. 170KMP'!$J:$J,'0.KQKD'!$E41,'10. 170KMP'!AG:AG) -> 1.9260139e+08 | AB41: =SUMIF('10. 170KMP'!$J:$J,'0.KQKD'!$E41,'10. 170KMP'!AH:AH) -> 1.9260139e+08 | AC41: =SUMIF('10. 170KMP'!$J:$J,'0.KQKD'!$E41,'10. 170KMP'!AI:AI) -> 1.9260139e+08 | AD41: =SUMIF('10. 170KMP'!$J:$J,'0.KQKD'!$E41,'10. 170KMP'!AJ:AJ) -> 1.9260139e+08 | AE41: =SUMIF('10. 170KMP'!$J:$J,'0.KQKD'!$E41,'10. 170KMP'!AK:AK) -> 1.9260139e+08 | AF41: =SUMIF('10. 170KMP'!$J:$J,'0.KQKD'!$E41,'10. 170KMP'!AL:AL) -> 1.9260139e+08 | AG41: =SUMIF('10. 170KMP'!$J:$J,'0.KQKD'!$E41,'10. 170KMP'!AM:AM) -> 1.9260139e+08 | AH41: =SUM(V41:AG41) -> 1.7334125e+09 | AI41: =SUM(AJ41:AU41) -> 0 | AJ41: =SUMIF('10. 170KMP'!$J:$J,'0.KQKD'!$E41,'10. 170KMP'!AP:AP) -> 0 | AK41: =SUMIF('10. 170KMP'!$J:$J,'0.KQKD'!$E41,'10. 170KMP'!AQ:AQ) -> 0 | AL41: =SUMIF('10. 170KMP'!$J:$J,'0.KQKD'!$E41,'10. 170KMP'!AR:AR) -> 0 | AM41: =SUMIF('10. 170KMP'!$J:$J,'0.KQKD'!$E41,'10. 170KMP'!AS:AS) -> 0 | AN41: =SUMIF('10. 170KMP'!$J:$J,'0.KQKD'!$E41,'10. 170KMP'!AT:AT) -> 0 | AO41: =SUMIF('10. 170KMP'!$J:$J,'0.KQKD'!$E41,'10. 170KMP'!AU:AU) -> 0 | AP41: =SUMIF('10. 170KMP'!$J:$J,'0.KQKD'!$E41,'10. 170KMP'!AV:AV) -> 0 | AQ41: =SUMIF('10. 170KMP'!$J:$J,'0.KQKD'!$E41,'10. 170KMP'!AW:AW) -> 0 | AR41: =SUMIF('10. 170KMP'!$J:$J,'0.KQKD'!$E41,'10. 170KMP'!AX:AX) -> 0 | AS41: =SUMIF('10. 170KMP'!$J:$J,'0.KQKD'!$E41,'10. 170KMP'!AY:AY) -> 0 | AT41: =SUMIF('10. 170KMP'!$J:$J,'0.KQKD'!$E41,'10. 170KMP'!AZ:AZ) -> 0 | AU41: =SUMIF('10. 170KMP'!$J:$J,'0.KQKD'!$E41,'10. 170KMP'!BA:BA) -> 0 | AV41: =AM41 -> 0 | AW41: =AN41 -> 0 | AX41: =Z41 -> 1.9260139e+08 | AY41: =IFERROR(AW41/AV41,0) -> 0 | AZ41: =IFERROR(AW41/AX41,0) -> 0 | BA41: =SUM(I41:M41) -> #REF! | BB41: =SUM(AJ41:AN41) -> 0 | BC41: =SUM(V41:Z41) -> 3.8520278e+08 | BD41: =IFERROR(BB41/BA41,0) -> 0 | BE41: =IFERROR(BB41/BC41,0) -> 0 | BF41: =IFERROR(BB41/AH41,0) -> 0
D42: Chi phí công nghệ thông tin | E42: 19 | F42: =SUMIF('10. 170KMP'!$J:$J,'0.KQKD'!$E42,'10. 170KMP'!L:L) -> #REF! | G42: =SUMIF('10. 170KMP'!$J:$J,'0.KQKD'!$E42,'10. 170KMP'!M:M) -> #REF! | H42: =SUMIF('10. 170KMP'!$J:$J,'0.KQKD'!$E42,'10. 170KMP'!N:N) -> #REF! | I42: =SUMIF('10. 170KMP'!$J:$J,'0.KQKD'!$E42,'10. 170KMP'!O:O) -> #REF! | J42: =SUMIF('10. 170KMP'!$J:$J,'0.KQKD'!$E42,'10. 170KMP'!P:P) -> #REF! | K42: =SUMIF('10. 170KMP'!$J:$J,'0.KQKD'!$E42,'10. 170KMP'!Q:Q) -> #REF! | L42: =SUMIF('10. 170KMP'!$J:$J,'0.KQKD'!$E42,'10. 170KMP'!R:R) -> #REF! | M42: =SUMIF('10. 170KMP'!$J:$J,'0.KQKD'!$E42,'10. 170KMP'!S:S) -> #REF! | N42: =SUMIF('10. 170KMP'!$J:$J,'0.KQKD'!$E42,'10. 170KMP'!T:T) -> #REF! | O42: =SUMIF('10. 170KMP'!$J:$J,'0.KQKD'!$E42,'10. 170KMP'!U:U) -> #REF! | P42: =SUMIF('10. 170KMP'!$J:$J,'0.KQKD'!$E42,'10. 170KMP'!V:V) -> #REF! | Q42: =SUMIF('10. 170KMP'!$J:$J,'0.KQKD'!$E42,'10. 170KMP'!W:W) -> #REF! | R42: =SUMIF('10. 170KMP'!$J:$J,'0.KQKD'!$E42,'10. 170KMP'!X:X) -> #REF! | S42: =SUMIF('10. 170KMP'!$J:$J,'0.KQKD'!$E42,'10. 170KMP'!Y:Y) -> #REF! | T42: =SUMIF('10. 170KMP'!$J:$J,'0.KQKD'!$E42,'10. 170KMP'!Z:Z) -> #REF! | U42: =SUM(I42:T42) -> #REF! | V42: =SUMIF('10. 170KMP'!$J:$J,'0.KQKD'!$E42,'10. 170KMP'!AB:AB) -> 0 | W42: =SUMIF('10. 170KMP'!$J:$J,'0.KQKD'!$E42,'10. 170KMP'!AC:AC) -> 0 | X42: =SUMIF('10. 170KMP'!$J:$J,'0.KQKD'!$E42,'10. 170KMP'!AD:AD) -> 0 | Y42: =SUMIF('10. 170KMP'!$J:$J,'0.KQKD'!$E42,'10. 170KMP'!AE:AE) -> 0 | Z42: =SUMIF('10. 170KMP'!$J:$J,'0.KQKD'!$E42,'10. 170KMP'!AF:AF) -> 0 | AA42: =SUMIF('10. 170KMP'!$J:$J,'0.KQKD'!$E42,'10. 170KMP'!AG:AG) -> 0 | AB42: =SUMIF('10. 170KMP'!$J:$J,'0.KQKD'!$E42,'10. 170KMP'!AH:AH) -> 0 | AC42: =SUMIF('10. 170KMP'!$J:$J,'0.KQKD'!$E42,'10. 170KMP'!AI:AI) -> 0 | AD42: =SUMIF('10. 170KMP'!$J:$J,'0.KQKD'!$E42,'10. 170KMP'!AJ:AJ) -> 0 | AE42: =SUMIF('10. 170KMP'!$J:$J,'0.KQKD'!$E42,'10. 170KMP'!AK:AK) -> 0 | AF42: =SUMIF('10. 170KMP'!$J:$J,'0.KQKD'!$E42,'10. 170KMP'!AL:AL) -> 0 | AG42: =SUMIF('10. 170KMP'!$J:$J,'0.KQKD'!$E42,'10. 170KMP'!AM:AM) -> 0 | AH42: =SUM(V42:AG42) -> 0 | AI42: =SUM(AJ42:AU42) -> 23378517 | AJ42: =SUMIF('10. 170KMP'!$J:$J,'0.KQKD'!$E42,'10. 170KMP'!AP:AP) -> 5337125 | AK42: =SUMIF('10. 170KMP'!$J:$J,'0.KQKD'!$E42,'10. 170KMP'!AQ:AQ) -> 4376700 | AL42: =SUMIF('10. 170KMP'!$J:$J,'0.KQKD'!$E42,'10. 170KMP'!AR:AR) -> 4900506 | AM42: =SUMIF('10. 170KMP'!$J:$J,'0.KQKD'!$E42,'10. 170KMP'!AS:AS) -> 4377569 | AN42: =SUMIF('10. 170KMP'!$J:$J,'0.KQKD'!$E42,'10. 170KMP'!AT:AT) -> 4386617 | AO42: =SUMIF('10. 170KMP'!$J:$J,'0.KQKD'!$E42,'10. 170KMP'!AU:AU) -> 0 | AP42: =SUMIF('10. 170KMP'!$J:$J,'0.KQKD'!$E42,'10. 170KMP'!AV:AV) -> 0 | AQ42: =SUMIF('10. 170KMP'!$J:$J,'0.KQKD'!$E42,'10. 170KMP'!AW:AW) -> 0 | AR42: =SUMIF('10. 170KMP'!$J:$J,'0.KQKD'!$E42,'10. 170KMP'!AX:AX) -> 0 | AS42: =SUMIF('10. 170KMP'!$J:$J,'0.KQKD'!$E42,'10. 170KMP'!AY:AY) -> 0 | AT42: =SUMIF('10. 170KMP'!$J:$J,'0.KQKD'!$E42,'10. 170KMP'!AZ:AZ) -> 0 | AU42: =SUMIF('10. 170KMP'!$J:$J,'0.KQKD'!$E42,'10. 170KMP'!BA:BA) -> 0 | AV42: =AM42 -> 4377569 | AW42: =AN42 -> 4386617 | AX42: =Z42 -> 0 | AY42: =IFERROR(AW42/AV42,0) -> 1.0020669 | AZ42: =IFERROR(AW42/AX42,0) -> 0 | BA42: =SUM(I42:M42) -> #REF! | BB42: =SUM(AJ42:AN42) -> 23378517 | BC42: =SUM(V42:Z42) -> 0 | BD42: =IFERROR(BB42/BA42,0) -> 0 | BE42: =IFERROR(BB42/BC42,0) -> 0 | BF42: =IFERROR(BB42/AH42,0) -> 0
D43: Chi phí ISO, giấy chứng nhận | E43: 20 | F43: =SUMIF('10. 170KMP'!$J:$J,'0.KQKD'!$E43,'10. 170KMP'!L:L) -> #REF! | G43: =SUMIF('10. 170KMP'!$J:$J,'0.KQKD'!$E43,'10. 170KMP'!M:M) -> #REF! | H43: =SUMIF('10. 170KMP'!$J:$J,'0.KQKD'!$E43,'10. 170KMP'!N:N) -> #REF! | I43: =SUMIF('10. 170KMP'!$J:$J,'0.KQKD'!$E43,'10. 170KMP'!O:O) -> #REF! | J43: =SUMIF('10. 170KMP'!$J:$J,'0.KQKD'!$E43,'10. 170KMP'!P:P) -> #REF! | K43: =SUMIF('10. 170KMP'!$J:$J,'0.KQKD'!$E43,'10. 170KMP'!Q:Q) -> #REF! | L43: =SUMIF('10. 170KMP'!$J:$J,'0.KQKD'!$E43,'10. 170KMP'!R:R) -> #REF! | M43: =SUMIF('10. 170KMP'!$J:$J,'0.KQKD'!$E43,'10. 170KMP'!S:S) -> #REF! | N43: =SUMIF('10. 170KMP'!$J:$J,'0.KQKD'!$E43,'10. 170KMP'!T:T) -> #REF! | O43: =SUMIF('10. 170KMP'!$J:$J,'0.KQKD'!$E43,'10. 170KMP'!U:U) -> #REF! | P43: =SUMIF('10. 170KMP'!$J:$J,'0.KQKD'!$E43,'10. 170KMP'!V:V) -> #REF! | Q43: =SUMIF('10. 170KMP'!$J:$J,'0.KQKD'!$E43,'10. 170KMP'!W:W) -> #REF! | R43: =SUMIF('10. 170KMP'!$J:$J,'0.KQKD'!$E43,'10. 170KMP'!X:X) -> #REF! | S43: =SUMIF('10. 170KMP'!$J:$J,'0.KQKD'!$E43,'10. 170KMP'!Y:Y) -> #REF! | T43: =SUMIF('10. 170KMP'!$J:$J,'0.KQKD'!$E43,'10. 170KMP'!Z:Z) -> #REF! | U43: =SUM(I43:T43) -> #REF! | V43: =SUMIF('10. 170KMP'!$J:$J,'0.KQKD'!$E43,'10. 170KMP'!AB:AB) -> 0 | W43: =SUMIF('10. 170KMP'!$J:$J,'0.KQKD'!$E43,'10. 170KMP'!AC:AC) -> 0 | X43: =SUMIF('10. 170KMP'!$J:$J,'0.KQKD'!$E43,'10. 170KMP'!AD:AD) -> 0 | Y43: =SUMIF('10. 170KMP'!$J:$J,'0.KQKD'!$E43,'10. 170KMP'!AE:AE) -> 0 | Z43: =SUMIF('10. 170KMP'!$J:$J,'0.KQKD'!$E43,'10. 170KMP'!AF:AF) -> 0 | AA43: =SUMIF('10. 170KMP'!$J:$J,'0.KQKD'!$E43,'10. 170KMP'!AG:AG) -> 0 | AB43: =SUMIF('10. 170KMP'!$J:$J,'0.KQKD'!$E43,'10. 170KMP'!AH:AH) -> 0 | AC43: =SUMIF('10. 170KMP'!$J:$J,'0.KQKD'!$E43,'10. 170KMP'!AI:AI) -> 0 | AD43: =SUMIF('10. 170KMP'!$J:$J,'0.KQKD'!$E43,'10. 170KMP'!AJ:AJ) -> 0 | AE43: =SUMIF('10. 170KMP'!$J:$J,'0.KQKD'!$E43,'10. 170KMP'!AK:AK) -> 0 | AF43: =SUMIF('10. 170KMP'!$J:$J,'0.KQKD'!$E43,'10. 170KMP'!AL:AL) -> 0 | AG43: =SUMIF('10. 170KMP'!$J:$J,'0.KQKD'!$E43,'10. 170KMP'!AM:AM) -> 0 | AH43: =SUM(V43:AG43) -> 0 | AI43: =SUM(AJ43:AU43) -> 0 | AJ43: =SUMIF('10. 170KMP'!$J:$J,'0.KQKD'!$E43,'10. 170KMP'!AP:AP) -> 0 | AK43: =SUMIF('10. 170KMP'!$J:$J,'0.KQKD'!$E43,'10. 170KMP'!AQ:AQ) -> 0 | AL43: =SUMIF('10. 170KMP'!$J:$J,'0.KQKD'!$E43,'10. 170KMP'!AR:AR) -> 0 | AM43: =SUMIF('10. 170KMP'!$J:$J,'0.KQKD'!$E43,'10. 170KMP'!AS:AS) -> 0 | AN43: =SUMIF('10. 170KMP'!$J:$J,'0.KQKD'!$E43,'10. 170KMP'!AT:AT) -> 0 | AO43: =SUMIF('10. 170KMP'!$J:$J,'0.KQKD'!$E43,'10. 170KMP'!AU:AU) -> 0 | AP43: =SUMIF('10. 170KMP'!$J:$J,'0.KQKD'!$E43,'10. 170KMP'!AV:AV) -> 0 | AQ43: =SUMIF('10. 170KMP'!$J:$J,'0.KQKD'!$E43,'10. 170KMP'!AW:AW) -> 0 | AR43: =SUMIF('10. 170KMP'!$J:$J,'0.KQKD'!$E43,'10. 170KMP'!AX:AX) -> 0 | AS43: =SUMIF('10. 170KMP'!$J:$J,'0.KQKD'!$E43,'10. 170KMP'!AY:AY) -> 0 | AT43: =SUMIF('10. 170KMP'!$J:$J,'0.KQKD'!$E43,'10. 170KMP'!AZ:AZ) -> 0 | AU43: =SUMIF('10. 170KMP'!$J:$J,'0.KQKD'!$E43,'10. 170KMP'!BA:BA) -> 0 | AV43: =AM43 -> 0 | AW43: =AN43 -> 0 | AX43: =Z43 -> 0 | AY43: =IFERROR(AW43/AV43,0) -> 0 | AZ43: =IFERROR(AW43/AX43,0) -> 0 | BA43: =SUM(I43:M43) -> #REF! | BB43: =SUM(AJ43:AN43) -> 0 | BC43: =SUM(V43:Z43) -> 0 | BD43: =IFERROR(BB43/BA43,0) -> 0 | BE43: =IFERROR(BB43/BC43,0) -> 0 | BF43: =IFERROR(BB43/AH43,0) -> 0
D44: Chi phí tư vấn | E44: 21 | F44: =SUMIF('10. 170KMP'!$J:$J,'0.KQKD'!$E44,'10. 170KMP'!L:L) -> #REF! | G44: =SUMIF('10. 170KMP'!$J:$J,'0.KQKD'!$E44,'10. 170KMP'!M:M) -> #REF! | H44: =SUMIF('10. 170KMP'!$J:$J,'0.KQKD'!$E44,'10. 170KMP'!N:N) -> #REF! | I44: =SUMIF('10. 170KMP'!$J:$J,'0.KQKD'!$E44,'10. 170KMP'!O:O) -> #REF! | J44: =SUMIF('10. 170KMP'!$J:$J,'0.KQKD'!$E44,'10. 170KMP'!P:P) -> #REF! | K44: =SUMIF('10. 170KMP'!$J:$J,'0.KQKD'!$E44,'10. 170KMP'!Q:Q) -> #REF! | L44: =SUMIF('10. 170KMP'!$J:$J,'0.KQKD'!$E44,'10. 170KMP'!R:R) -> #REF! | M44: =SUMIF('10. 170KMP'!$J:$J,'0.KQKD'!$E44,'10. 170KMP'!S:S) -> #REF! | N44: =SUMIF('10. 170KMP'!$J:$J,'0.KQKD'!$E44,'10. 170KMP'!T:T) -> #REF! | O44: =SUMIF('10. 170KMP'!$J:$J,'0.KQKD'!$E44,'10. 170KMP'!U:U) -> #REF! | P44: =SUMIF('10. 170KMP'!$J:$J,'0.KQKD'!$E44,'10. 170KMP'!V:V) -> #REF! | Q44: =SUMIF('10. 170KMP'!$J:$J,'0.KQKD'!$E44,'10. 170KMP'!W:W) -> #REF! | R44: =SUMIF('10. 170KMP'!$J:$J,'0.KQKD'!$E44,'10. 170KMP'!X:X) -> #REF! | S44: =SUMIF('10. 170KMP'!$J:$J,'0.KQKD'!$E44,'10. 170KMP'!Y:Y) -> #REF! | T44: =SUMIF('10. 170KMP'!$J:$J,'0.KQKD'!$E44,'10. 170KMP'!Z:Z) -> #REF! | U44: =SUM(I44:T44) -> #REF! | V44: =SUMIF('10. 170KMP'!$J:$J,'0.KQKD'!$E44,'10. 170KMP'!AB:AB) -> 0 | W44: =SUMIF('10. 170KMP'!$J:$J,'0.KQKD'!$E44,'10. 170KMP'!AC:AC) -> 0 | X44: =SUMIF('10. 170KMP'!$J:$J,'0.KQKD'!$E44,'10. 170KMP'!AD:AD) -> 0 | Y44: =SUMIF('10. 170KMP'!$J:$J,'0.KQKD'!$E44,'10. 170KMP'!AE:AE) -> 0 | Z44: =SUMIF('10. 170KMP'!$J:$J,'0.KQKD'!$E44,'10. 170KMP'!AF:AF) -> 0 | AA44: =SUMIF('10. 170KMP'!$J:$J,'0.KQKD'!$E44,'10. 170KMP'!AG:AG) -> 0 | AB44: =SUMIF('10. 170KMP'!$J:$J,'0.KQKD'!$E44,'10. 170KMP'!AH:AH) -> 0 | AC44: =SUMIF('10. 170KMP'!$J:$J,'0.KQKD'!$E44,'10. 170KMP'!AI:AI) -> 0 | AD44: =SUMIF('10. 170KMP'!$J:$J,'0.KQKD'!$E44,'10. 170KMP'!AJ:AJ) -> 0 | AE44: =SUMIF('10. 170KMP'!$J:$J,'0.KQKD'!$E44,'10. 170KMP'!AK:AK) -> 0 | AF44: =SUMIF('10. 170KMP'!$J:$J,'0.KQKD'!$E44,'10. 170KMP'!AL:AL) -> 0 | AG44: =SUMIF('10. 170KMP'!$J:$J,'0.KQKD'!$E44,'10. 170KMP'!AM:AM) -> 0 | AH44: =SUM(V44:AG44) -> 0 | AI44: =SUM(AJ44:AU44) -> 1797778 | AJ44: =SUMIF('10. 170KMP'!$J:$J,'0.KQKD'!$E44,'10. 170KMP'!AP:AP) -> 138889 | AK44: =SUMIF('10. 170KMP'!$J:$J,'0.KQKD'!$E44,'10. 170KMP'!AQ:AQ) -> 138889 | AL44: =SUMIF('10. 170KMP'!$J:$J,'0.KQKD'!$E44,'10. 170KMP'!AR:AR) -> 138889 | AM44: =SUMIF('10. 170KMP'!$J:$J,'0.KQKD'!$E44,'10. 170KMP'!AS:AS) -> 472222 | AN44: =SUMIF('10. 170KMP'!$J:$J,'0.KQKD'!$E44,'10. 170KMP'!AT:AT) -> 908889 | AO44: =SUMIF('10. 170KMP'!$J:$J,'0.KQKD'!$E44,'10. 170KMP'!AU:AU) -> 0 | AP44: =SUMIF('10. 170KMP'!$J:$J,'0.KQKD'!$E44,'10. 170KMP'!AV:AV) -> 0 | AQ44: =SUMIF('10. 170KMP'!$J:$J,'0.KQKD'!$E44,'10. 170KMP'!AW:AW) -> 0 | AR44: =SUMIF('10. 170KMP'!$J:$J,'0.KQKD'!$E44,'10. 170KMP'!AX:AX) -> 0 | AS44: =SUMIF('10. 170KMP'!$J:$J,'0.KQKD'!$E44,'10. 170KMP'!AY:AY) -> 0 | AT44: =SUMIF('10. 170KMP'!$J:$J,'0.KQKD'!$E44,'10. 170KMP'!AZ:AZ) -> 0 | AU44: =SUMIF('10. 170KMP'!$J:$J,'0.KQKD'!$E44,'10. 170KMP'!BA:BA) -> 0 | AV44: =AM44 -> 472222 | AW44: =AN44 -> 908889 | AX44: =Z44 -> 0 | AY44: =IFERROR(AW44/AV44,0) -> 1.924707 | AZ44: =IFERROR(AW44/AX44,0) -> 0 | BA44: =SUM(I44:M44) -> #REF! | BB44: =SUM(AJ44:AN44) -> 1797778 | BC44: =SUM(V44:Z44) -> 0 | BD44: =IFERROR(BB44/BA44,0) -> 0 | BE44: =IFERROR(BB44/BC44,0) -> 0 | BF44: =IFERROR(BB44/AH44,0) -> 0
D45: Chi phí dịch vụ thuê ngoài | E45: 22 | F45: =SUMIF('10. 170KMP'!$J:$J,'0.KQKD'!$E45,'10. 170KMP'!L:L) -> #REF! | G45: =SUMIF('10. 170KMP'!$J:$J,'0.KQKD'!$E45,'10. 170KMP'!M:M) -> #REF! | H45: =SUMIF('10. 170KMP'!$J:$J,'0.KQKD'!$E45,'10. 170KMP'!N:N) -> #REF! | I45: =SUMIF('10. 170KMP'!$J:$J,'0.KQKD'!$E45,'10. 170KMP'!O:O) -> #REF! | J45: =SUMIF('10. 170KMP'!$J:$J,'0.KQKD'!$E45,'10. 170KMP'!P:P) -> #REF! | K45: =SUMIF('10. 170KMP'!$J:$J,'0.KQKD'!$E45,'10. 170KMP'!Q:Q) -> #REF! | L45: =SUMIF('10. 170KMP'!$J:$J,'0.KQKD'!$E45,'10. 170KMP'!R:R) -> #REF! | M45: =SUMIF('10. 170KMP'!$J:$J,'0.KQKD'!$E45,'10. 170KMP'!S:S) -> #REF! | N45: =SUMIF('10. 170KMP'!$J:$J,'0.KQKD'!$E45,'10. 170KMP'!T:T) -> #REF! | O45: =SUMIF('10. 170KMP'!$J:$J,'0.KQKD'!$E45,'10. 170KMP'!U:U) -> #REF! | P45: =SUMIF('10. 170KMP'!$J:$J,'0.KQKD'!$E45,'10. 170KMP'!V:V) -> #REF! | Q45: =SUMIF('10. 170KMP'!$J:$J,'0.KQKD'!$E45,'10. 170KMP'!W:W) -> #REF! | R45: =SUMIF('10. 170KMP'!$J:$J,'0.KQKD'!$E45,'10. 170KMP'!X:X) -> #REF! | S45: =SUMIF('10. 170KMP'!$J:$J,'0.KQKD'!$E45,'10. 170KMP'!Y:Y) -> #REF! | T45: =SUMIF('10. 170KMP'!$J:$J,'0.KQKD'!$E45,'10. 170KMP'!Z:Z) -> #REF! | U45: =SUM(I45:T45) -> #REF! | V45: =SUMIF('10. 170KMP'!$J:$J,'0.KQKD'!$E45,'10. 170KMP'!AB:AB) -> 12500000 | W45: =SUMIF('10. 170KMP'!$J:$J,'0.KQKD'!$E45,'10. 170KMP'!AC:AC) -> 12500000 | X45: =SUMIF('10. 170KMP'!$J:$J,'0.KQKD'!$E45,'10. 170KMP'!AD:AD) -> 12500000 | Y45: =SUMIF('10. 170KMP'!$J:$J,'0.KQKD'!$E45,'10. 170KMP'!AE:AE) -> 12500000 | Z45: =SUMIF('10. 170KMP'!$J:$J,'0.KQKD'!$E45,'10. 170KMP'!AF:AF) -> 12500000 | AA45: =SUMIF('10. 170KMP'!$J:$J,'0.KQKD'!$E45,'10. 170KMP'!AG:AG) -> 25000000 | AB45: =SUMIF('10. 170KMP'!$J:$J,'0.KQKD'!$E45,'10. 170KMP'!AH:AH) -> 25000000 | AC45: =SUMIF('10. 170KMP'!$J:$J,'0.KQKD'!$E45,'10. 170KMP'!AI:AI) -> 25000000 | AD45: =SUMIF('10. 170KMP'!$J:$J,'0.KQKD'!$E45,'10. 170KMP'!AJ:AJ) -> 25000000 | AE45: =SUMIF('10. 170KMP'!$J:$J,'0.KQKD'!$E45,'10. 170KMP'!AK:AK) -> 25000000 | AF45: =SUMIF('10. 170KMP'!$J:$J,'0.KQKD'!$E45,'10. 170KMP'!AL:AL) -> 25000000 | AG45: =SUMIF('10. 170KMP'!$J:$J,'0.KQKD'!$E45,'10. 170KMP'!AM:AM) -> 25000000 | AH45: =SUM(V45:AG45) -> 237500000 | AI45: =SUM(AJ45:AU45) -> 66444400 | AJ45: =SUMIF('10. 170KMP'!$J:$J,'0.KQKD'!$E45,'10. 170KMP'!AP:AP) -> 12500000 | AK45: =SUMIF('10. 170KMP'!$J:$J,'0.KQKD'!$E45,'10. 170KMP'!AQ:AQ) -> 16444400 | AL45: =SUMIF('10. 170KMP'!$J:$J,'0.KQKD'!$E45,'10. 170KMP'!AR:AR) -> 12500000 | AM45: =SUMIF('10. 170KMP'!$J:$J,'0.KQKD'!$E45,'10. 170KMP'!AS:AS) -> 12500000 | AN45: =SUMIF('10. 170KMP'!$J:$J,'0.KQKD'!$E45,'10. 170KMP'!AT:AT) -> 12500000 | AO45: =SUMIF('10. 170KMP'!$J:$J,'0.KQKD'!$E45,'10. 170KMP'!AU:AU) -> 0 | AP45: =SUMIF('10. 170KMP'!$J:$J,'0.KQKD'!$E45,'10. 170KMP'!AV:AV) -> 0 | AQ45: =SUMIF('10. 170KMP'!$J:$J,'0.KQKD'!$E45,'10. 170KMP'!AW:AW) -> 0 | AR45: =SUMIF('10. 170KMP'!$J:$J,'0.KQKD'!$E45,'10. 170KMP'!AX:AX) -> 0 | AS45: =SUMIF('10. 170KMP'!$J:$J,'0.KQKD'!$E45,'10. 170KMP'!AY:AY) -> 0 | AT45: =SUMIF('10. 170KMP'!$J:$J,'0.KQKD'!$E45,'10. 170KMP'!AZ:AZ) -> 0 | AU45: =SUMIF('10. 170KMP'!$J:$J,'0.KQKD'!$E45,'10. 170KMP'!BA:BA) -> 0 | AV45: =AM45 -> 12500000 | AW45: =AN45 -> 12500000 | AX45: =Z45 -> 12500000 | AY45: =IFERROR(AW45/AV45,0) -> 1 | AZ45: =IFERROR(AW45/AX45,0) -> 1 | BA45: =SUM(I45:M45) -> #REF! | BB45: =SUM(AJ45:AN45) -> 66444400 | BC45: =SUM(V45:Z45) -> 62500000 | BD45: =IFERROR(BB45/BA45,0) -> 0 | BE45: =IFERROR(BB45/BC45,0) -> 1.0631104 | BF45: =IFERROR(BB45/AH45,0) -> 0.27976589
D46: Chi phí quảng cáo, hoạt động PR, sự kiện, giải thưởng | E46: 23 | F46: =SUMIF('10. 170KMP'!$J:$J,'0.KQKD'!$E46,'10. 170KMP'!L:L) -> #REF! | G46: =SUMIF('10. 170KMP'!$J:$J,'0.KQKD'!$E46,'10. 170KMP'!M:M) -> #REF! | H46: =SUMIF('10. 170KMP'!$J:$J,'0.KQKD'!$E46,'10. 170KMP'!N:N) -> #REF! | I46: =SUMIF('10. 170KMP'!$J:$J,'0.KQKD'!$E46,'10. 170KMP'!O:O) -> #REF! | J46: =SUMIF('10. 170KMP'!$J:$J,'0.KQKD'!$E46,'10. 170KMP'!P:P) -> #REF! | K46: =SUMIF('10. 170KMP'!$J:$J,'0.KQKD'!$E46,'10. 170KMP'!Q:Q) -> #REF! | L46: =SUMIF('10. 170KMP'!$J:$J,'0.KQKD'!$E46,'10. 170KMP'!R:R) -> #REF! | M46: =SUMIF('10. 170KMP'!$J:$J,'0.KQKD'!$E46,'10. 170KMP'!S:S) -> #REF! | N46: =SUMIF('10. 170KMP'!$J:$J,'0.KQKD'!$E46,'10. 170KMP'!T:T) -> #REF! | O46: =SUMIF('10. 170KMP'!$J:$J,'0.KQKD'!$E46,'10. 170KMP'!U:U) -> #REF! | P46: =SUMIF('10. 170KMP'!$J:$J,'0.KQKD'!$E46,'10. 170KMP'!V:V) -> #REF! | Q46: =SUMIF('10. 170KMP'!$J:$J,'0.KQKD'!$E46,'10. 170KMP'!W:W) -> #REF! | R46: =SUMIF('10. 170KMP'!$J:$J,'0.KQKD'!$E46,'10. 170KMP'!X:X) -> #REF! | S46: =SUMIF('10. 170KMP'!$J:$J,'0.KQKD'!$E46,'10. 170KMP'!Y:Y) -> #REF! | T46: =SUMIF('10. 170KMP'!$J:$J,'0.KQKD'!$E46,'10. 170KMP'!Z:Z) -> #REF! | U46: =SUM(I46:T46) -> #REF! | V46: =SUMIF('10. 170KMP'!$J:$J,'0.KQKD'!$E46,'10. 170KMP'!AB:AB) -> 3500000 | W46: =SUMIF('10. 170KMP'!$J:$J,'0.KQKD'!$E46,'10. 170KMP'!AC:AC) -> 0 | X46: =SUMIF('10. 170KMP'!$J:$J,'0.KQKD'!$E46,'10. 170KMP'!AD:AD) -> 0 | Y46: =SUMIF('10. 170KMP'!$J:$J,'0.KQKD'!$E46,'10. 170KMP'!AE:AE) -> 0 | Z46: =SUMIF('10. 170KMP'!$J:$J,'0.KQKD'!$E46,'10. 170KMP'!AF:AF) -> 0 | AA46: =SUMIF('10. 170KMP'!$J:$J,'0.KQKD'!$E46,'10. 170KMP'!AG:AG) -> 0 | AB46: =SUMIF('10. 170KMP'!$J:$J,'0.KQKD'!$E46,'10. 170KMP'!AH:AH) -> 0 | AC46: =SUMIF('10. 170KMP'!$J:$J,'0.KQKD'!$E46,'10. 170KMP'!AI:AI) -> 0 | AD46: =SUMIF('10. 170KMP'!$J:$J,'0.KQKD'!$E46,'10. 170KMP'!AJ:AJ) -> 0 | AE46: =SUMIF('10. 170KMP'!$J:$J,'0.KQKD'!$E46,'10. 170KMP'!AK:AK) -> 0 | AF46: =SUMIF('10. 170KMP'!$J:$J,'0.KQKD'!$E46,'10. 170KMP'!AL:AL) -> 0 | AG46: =SUMIF('10. 170KMP'!$J:$J,'0.KQKD'!$E46,'10. 170KMP'!AM:AM) -> 0 | AH46: =SUM(V46:AG46) -> 3500000 | AI46: =SUM(AJ46:AU46) -> 0 | AJ46: =SUMIF('10. 170KMP'!$J:$J,'0.KQKD'!$E46,'10. 170KMP'!AP:AP) -> 0 | AK46: =SUMIF('10. 170KMP'!$J:$J,'0.KQKD'!$E46,'10. 170KMP'!AQ:AQ) -> 0 | AL46: =SUMIF('10. 170KMP'!$J:$J,'0.KQKD'!$E46,'10. 170KMP'!AR:AR) -> 0 | AM46: =SUMIF('10. 170KMP'!$J:$J,'0.KQKD'!$E46,'10. 170KMP'!AS:AS) -> 0 | AN46: =SUMIF('10. 170KMP'!$J:$J,'0.KQKD'!$E46,'10. 170KMP'!AT:AT) -> 0 | AO46: =SUMIF('10. 170KMP'!$J:$J,'0.KQKD'!$E46,'10. 170KMP'!AU:AU) -> 0 | AP46: =SUMIF('10. 170KMP'!$J:$J,'0.KQKD'!$E46,'10. 170KMP'!AV:AV) -> 0 | AQ46: =SUMIF('10. 170KMP'!$J:$J,'0.KQKD'!$E46,'10. 170KMP'!AW:AW) -> 0 | AR46: =SUMIF('10. 170KMP'!$J:$J,'0.KQKD'!$E46,'10. 170KMP'!AX:AX) -> 0 | AS46: =SUMIF('10. 170KMP'!$J:$J,'0.KQKD'!$E46,'10. 170KMP'!AY:AY) -> 0 | AT46: =SUMIF('10. 170KMP'!$J:$J,'0.KQKD'!$E46,'10. 170KMP'!AZ:AZ) -> 0 | AU46: =SUMIF('10. 170KMP'!$J:$J,'0.KQKD'!$E46,'10. 170KMP'!BA:BA) -> 0 | AV46: =AM46 -> 0 | AW46: =AN46 -> 0 | AX46: =Z46 -> 0 | AY46: =IFERROR(AW46/AV46,0) -> 0 | AZ46: =IFERROR(AW46/AX46,0) -> 0 | BA46: =SUM(I46:M46) -> #REF! | BB46: =SUM(AJ46:AN46) -> 0 | BC46: =SUM(V46:Z46) -> 3500000 | BD46: =IFERROR(BB46/BA46,0) -> 0 | BE46: =IFERROR(BB46/BC46,0) -> 0 | BF46: =IFERROR(BB46/AH46,0) -> 0
D47: Chi phí ủng hộ, hỗ trợ, tài trợ | E47: 24 | F47: =SUMIF('10. 170KMP'!$J:$J,'0.KQKD'!$E47,'10. 170KMP'!L:L) -> #REF! | G47: =SUMIF('10. 170KMP'!$J:$J,'0.KQKD'!$E47,'10. 170KMP'!M:M) -> #REF! | H47: =SUMIF('10. 170KMP'!$J:$J,'0.KQKD'!$E47,'10. 170KMP'!N:N) -> #REF! | I47: =SUMIF('10. 170KMP'!$J:$J,'0.KQKD'!$E47,'10. 170KMP'!O:O) -> #REF! | J47: =SUMIF('10. 170KMP'!$J:$J,'0.KQKD'!$E47,'10. 170KMP'!P:P) -> #REF! | K47: =SUMIF('10. 170KMP'!$J:$J,'0.KQKD'!$E47,'10. 170KMP'!Q:Q) -> #REF! | L47: =SUMIF('10. 170KMP'!$J:$J,'0.KQKD'!$E47,'10. 170KMP'!R:R) -> #REF! | M47: =SUMIF('10. 170KMP'!$J:$J,'0.KQKD'!$E47,'10. 170KMP'!S:S) -> #REF! | N47: =SUMIF('10. 170KMP'!$J:$J,'0.KQKD'!$E47,'10. 170KMP'!T:T) -> #REF! | O47: =SUMIF('10. 170KMP'!$J:$J,'0.KQKD'!$E47,'10. 170KMP'!U:U) -> #REF! | P47: =SUMIF('10. 170KMP'!$J:$J,'0.KQKD'!$E47,'10. 170KMP'!V:V) -> #REF! | Q47: =SUMIF('10. 170KMP'!$J:$J,'0.KQKD'!$E47,'10. 170KMP'!W:W) -> #REF! | R47: =SUMIF('10. 170KMP'!$J:$J,'0.KQKD'!$E47,'10. 170KMP'!X:X) -> #REF! | S47: =SUMIF('10. 170KMP'!$J:$J,'0.KQKD'!$E47,'10. 170KMP'!Y:Y) -> #REF! | T47: =SUMIF('10. 170KMP'!$J:$J,'0.KQKD'!$E47,'10. 170KMP'!Z:Z) -> #REF! | U47: =SUM(I47:T47) -> #REF! | V47: =SUMIF('10. 170KMP'!$J:$J,'0.KQKD'!$E47,'10. 170KMP'!AB:AB) -> 5000000 | W47: =SUMIF('10. 170KMP'!$J:$J,'0.KQKD'!$E47,'10. 170KMP'!AC:AC) -> 5000000 | X47: =SUMIF('10. 170KMP'!$J:$J,'0.KQKD'!$E47,'10. 170KMP'!AD:AD) -> 0 | Y47: =SUMIF('10. 170KMP'!$J:$J,'0.KQKD'!$E47,'10. 170KMP'!AE:AE) -> 0 | Z47: =SUMIF('10. 170KMP'!$J:$J,'0.KQKD'!$E47,'10. 170KMP'!AF:AF) -> 0 | AA47: =SUMIF('10. 170KMP'!$J:$J,'0.KQKD'!$E47,'10. 170KMP'!AG:AG) -> 0 | AB47: =SUMIF('10. 170KMP'!$J:$J,'0.KQKD'!$E47,'10. 170KMP'!AH:AH) -> 0 | AC47: =SUMIF('10. 170KMP'!$J:$J,'0.KQKD'!$E47,'10. 170KMP'!AI:AI) -> 0 | AD47: =SUMIF('10. 170KMP'!$J:$J,'0.KQKD'!$E47,'10. 170KMP'!AJ:AJ) -> 20000000 | AE47: =SUMIF('10. 170KMP'!$J:$J,'0.KQKD'!$E47,'10. 170KMP'!AK:AK) -> 15000000 | AF47: =SUMIF('10. 170KMP'!$J:$J,'0.KQKD'!$E47,'10. 170KMP'!AL:AL) -> 0 | AG47: =SUMIF('10. 170KMP'!$J:$J,'0.KQKD'!$E47,'10. 170KMP'!AM:AM) -> 0 | AH47: =SUM(V47:AG47) -> 45000000 | AI47: =SUM(AJ47:AU47) -> 0 | AJ47: =SUMIF('10. 170KMP'!$J:$J,'0.KQKD'!$E47,'10. 170KMP'!AP:AP) -> 0 | AK47: =SUMIF('10. 170KMP'!$J:$J,'0.KQKD'!$E47,'10. 170KMP'!AQ:AQ) -> 0 | AL47: =SUMIF('10. 170KMP'!$J:$J,'0.KQKD'!$E47,'10. 170KMP'!AR:AR) -> 0 | AM47: =SUMIF('10. 170KMP'!$J:$J,'0.KQKD'!$E47,'10. 170KMP'!AS:AS) -> 0 | AN47: =SUMIF('10. 170KMP'!$J:$J,'0.KQKD'!$E47,'10. 170KMP'!AT:AT) -> 0 | AO47: =SUMIF('10. 170KMP'!$J:$J,'0.KQKD'!$E47,'10. 170KMP'!AU:AU) -> 0 | AP47: =SUMIF('10. 170KMP'!$J:$J,'0.KQKD'!$E47,'10. 170KMP'!AV:AV) -> 0 | AQ47: =SUMIF('10. 170KMP'!$J:$J,'0.KQKD'!$E47,'10. 170KMP'!AW:AW) -> 0 | AR47: =SUMIF('10. 170KMP'!$J:$J,'0.KQKD'!$E47,'10. 170KMP'!AX:AX) -> 0 | AS47: =SUMIF('10. 170KMP'!$J:$J,'0.KQKD'!$E47,'10. 170KMP'!AY:AY) -> 0 | AT47: =SUMIF('10. 170KMP'!$J:$J,'0.KQKD'!$E47,'10. 170KMP'!AZ:AZ) -> 0 | AU47: =SUMIF('10. 170KMP'!$J:$J,'0.KQKD'!$E47,'10. 170KMP'!BA:BA) -> 0 | AV47: =AM47 -> 0 | AW47: =AN47 -> 0 | AX47: =Z47 -> 0 | AY47: =IFERROR(AW47/AV47,0) -> 0 | AZ47: =IFERROR(AW47/AX47,0) -> 0 | BA47: =SUM(I47:M47) -> #REF! | BB47: =SUM(AJ47:AN47) -> 0 | BC47: =SUM(V47:Z47) -> 10000000 | BD47: =IFERROR(BB47/BA47,0) -> 0 | BE47: =IFERROR(BB47/BC47,0) -> 0 | BF47: =IFERROR(BB47/AH47,0) -> 0
... D60: Chi phí khác | E60: 37 | F60: =SUMIF('10. 170KMP'!$J:$J,'0.KQKD'!$E60,'10. 170KMP'!L:L) -> #REF! | G60: =SUMIF('10. 170KMP'!$J:$J,'0.KQKD'!$E60,'10. 170KMP'!M:M) -> #REF! | H60: =SUMIF('10. 170KMP'!$J:$J,'0.KQKD'!$E60,'10. 170KMP'!N:N) -> #REF! | I60: =SUMIF('10. 170KMP'!$J:$J,'0.KQKD'!$E60,'10. 170KMP'!O:O) -> #REF! | J60: =SUMIF('10. 170KMP'!$J:$J,'0.KQKD'!$E60,'10. 170KMP'!P:P) -> #REF! | K60: =SUMIF('10. 170KMP'!$J:$J,'0.KQKD'!$E60,'10. 170KMP'!Q:Q) -> #REF! | L60: =SUMIF('10. 170KMP'!$J:$J,'0.KQKD'!$E60,'10. 170KMP'!R:R) -> #REF! | M60: =SUMIF('10. 170KMP'!$J:$J,'0.KQKD'!$E60,'10. 170KMP'!S:S) -> #REF! | N60: =SUMIF('10. 170KMP'!$J:$J,'0.KQKD'!$E60,'10. 170KMP'!T:T) -> #REF! | O60: =SUMIF('10. 170KMP'!$J:$J,'0.KQKD'!$E60,'10. 170KMP'!U:U) -> #REF! | P60: =SUMIF('10. 170KMP'!$J:$J,'0.KQKD'!$E60,'10. 170KMP'!V:V) -> #REF! | Q60: =SUMIF('10. 170KMP'!$J:$J,'0.KQKD'!$E60,'10. 170KMP'!W:W) -> #REF! | R60: =SUMIF('10. 170KMP'!$J:$J,'0.KQKD'!$E60,'10. 170KMP'!X:X) -> #REF! | S60: =SUMIF('10. 170KMP'!$J:$J,'0.KQKD'!$E60,'10. 170KMP'!Y:Y) -> #REF! | T60: =SUMIF('10. 170KMP'!$J:$J,'0.KQKD'!$E60,'10. 170KMP'!Z:Z) -> #REF! | U60: =SUM(I60:T60) -> #REF! | V60: =SUMIF('10. 170KMP'!$J:$J,'0.KQKD'!$E60,'10. 170KMP'!AB:AB) -> 11000000 | W60: =SUMIF('10. 170KMP'!$J:$J,'0.KQKD'!$E60,'10. 170KMP'!AC:AC) -> 18000000 | X60: =SUMIF('10. 170KMP'!$J:$J,'0.KQKD'!$E60,'10. 170KMP'!AD:AD) -> 11000000 | Y60: =SUMIF('10. 170KMP'!$J:$J,'0.KQKD'!$E60,'10. 170KMP'!AE:AE) -> 11000000 | Z60: =SUMIF('10. 170KMP'!$J:$J,'0.KQKD'!$E60,'10. 170KMP'!AF:AF) -> 11000000 | AA60: =SUMIF('10. 170KMP'!$J:$J,'0.KQKD'!$E60,'10. 170KMP'!AG:AG) -> 11000000 | AB60: =SUMIF('10. 170KMP'!$J:$J,'0.KQKD'!$E60,'10. 170KMP'!AH:AH) -> 11000000 | AC60: =SUMIF('10. 170KMP'!$J:$J,'0.KQKD'!$E60,'10. 170KMP'!AI:AI) -> 11000000 | AD60: =SUMIF('10. 170KMP'!$J:$J,'0.KQKD'!$E60,'10. 170KMP'!AJ:AJ) -> 11000000 | AE60: =SUMIF('10. 170KMP'!$J:$J,'0.KQKD'!$E60,'10. 170KMP'!AK:AK) -> 11000000 | AF60: =SUMIF('10. 170KMP'!$J:$J,'0.KQKD'!$E60,'10. 170KMP'!AL:AL) -> 11000000 | AG60: =SUMIF('10. 170KMP'!$J:$J,'0.KQKD'!$E60,'10. 170KMP'!AM:AM) -> 11000000 | AH60: =SUM(V60:AG60) -> 139000000 | AI60: =SUM(AJ60:AU60) -> 279859426 | AJ60: =SUMIF('10. 170KMP'!$J:$J,'0.KQKD'!$E60,'10. 170KMP'!AP:AP) -> 31293873 | AK60: =SUMIF('10. 170KMP'!$J:$J,'0.KQKD'!$E60,'10. 170KMP'!AQ:AQ) -> 21533742 | AL60: =SUMIF('10. 170KMP'!$J:$J,'0.KQKD'!$E60,'10. 170KMP'!AR:AR) -> 56249697 | AM60: =SUMIF('10. 170KMP'!$J:$J,'0.KQKD'!$E60,'10. 170KMP'!AS:AS) -> 32927412 | AN60: =SUMIF('10. 170KMP'!$J:$J,'0.KQKD'!$E60,'10. 170KMP'!AT:AT) -> 137854702 | AO60: =SUMIF('10. 170KMP'!$J:$J,'0.KQKD'!$E60,'10. 170KMP'!AU:AU) -> 0 | AP60: =SUMIF('10. 170KMP'!$J:$J,'0.KQKD'!$E60,'10. 170KMP'!AV:AV) -> 0 | AQ60: =SUMIF('10. 170KMP'!$J:$J,'0.KQKD'!$E60,'10. 170KMP'!AW:AW) -> 0 | AR60: =SUMIF('10. 170KMP'!$J:$J,'0.KQKD'!$E60,'10. 170KMP'!AX:AX) -> 0 | AS60: =SUMIF('10. 170KMP'!$J:$J,'0.KQKD'!$E60,'10. 170KMP'!AY:AY) -> 0 | AT60: =SUMIF('10. 170KMP'!$J:$J,'0.KQKD'!$E60,'10. 170KMP'!AZ:AZ) -> 0 | AU60: =SUMIF('10. 170KMP'!$J:$J,'0.KQKD'!$E60,'10. 170KMP'!BA:BA) -> 0 | AV60: =AM60 -> 32927412 | AW60: =AN60 -> 137854702 | AX60: =Z60 -> 11000000 | AY60: =IFERROR(AW60/AV60,0) -> 4.1866243 | AZ60: =IFERROR(AW60/AX60,0) -> 12.532246 | BA60: =SUM(I60:M60) -> #REF! | BB60: =SUM(AJ60:AN60) -> 279859426 | BC60: =SUM(V60:Z60) -> 62000000 | BD60: =IFERROR(BB60/BA60,0) -> 0 | BE60: =IFERROR(BB60/BC60,0) -> 4.5138617 | BF60: =IFERROR(BB60/AH60,0) -> 2.0133772
B61: 5.2 | C61: Chi phí nhân sự | E61: 38 | F61: =SUMIF('10. 170KMP'!$J:$J,'0.KQKD'!$E61,'10. 170KMP'!L:L) -> #REF! | G61: =SUMIF('10. 170KMP'!$J:$J,'0.KQKD'!$E61,'10. 170KMP'!M:M) -> #REF! | H61: =SUMIF('10. 170KMP'!$J:$J,'0.KQKD'!$E61,'10. 170KMP'!N:N) -> #REF! | I61: =SUMIF('10. 170KMP'!$J:$J,'0.KQKD'!$E61,'10. 170KMP'!O:O) -> #REF! | J61: =SUMIF('10. 170KMP'!$J:$J,'0.KQKD'!$E61,'10. 170KMP'!P:P) -> #REF! | K61: =SUMIF('10. 170KMP'!$J:$J,'0.KQKD'!$E61,'10. 170KMP'!Q:Q) -> #REF! | L61: =SUMIF('10. 170KMP'!$J:$J,'0.KQKD'!$E61,'10. 170KMP'!R:R) -> #REF! | M61: =SUMIF('10. 170KMP'!$J:$J,'0.KQKD'!$E61,'10. 170KMP'!S:S) -> #REF! | N61: =SUMIF('10. 170KMP'!$J:$J,'0.KQKD'!$E61,'10. 170KMP'!T:T) -> #REF! | O61: =SUMIF('10. 170KMP'!$J:$J,'0.KQKD'!$E61,'10. 170KMP'!U:U) -> #REF! | P61: =SUMIF('10. 170KMP'!$J:$J,'0.KQKD'!$E61,'10. 170KMP'!V:V) -> #REF! | Q61: =SUMIF('10. 170KMP'!$J:$J,'0.KQKD'!$E61,'10. 170KMP'!W:W) -> #REF! | R61: =SUMIF('10. 170KMP'!$J:$J,'0.KQKD'!$E61,'10. 170KMP'!X:X) -> #REF! | S61: =SUMIF('10. 170KMP'!$J:$J,'0.KQKD'!$E61,'10. 170KMP'!Y:Y) -> #REF! | T61: =SUMIF('10. 170KMP'!$J:$J,'0.KQKD'!$E61,'10. 170KMP'!Z:Z) -> #REF! | U61: =SUM(I61:T61) -> #REF! | V61: =SUMIF('10. 170KMP'!$J:$J,'0.KQKD'!$E61,'10. 170KMP'!AB:AB) -> 8.5377629e+08 | W61: =SUMIF('10. 170KMP'!$J:$J,'0.KQKD'!$E61,'10. 170KMP'!AC:AC) -> 7.1170775e+08 | X61: =SUMIF('10. 170KMP'!$J:$J,'0.KQKD'!$E61,'10. 170KMP'!AD:AD) -> 9.3657395e+08 | Y61: =SUMIF('10. 170KMP'!$J:$J,'0.KQKD'!$E61,'10. 170KMP'!AE:AE) -> 1.3519031e+09 | Z61: =SUMIF('10. 170KMP'!$J:$J,'0.KQKD'!$E61,'10. 170KMP'!AF:AF) -> 1.3235276e+09 | AA61: =SUMIF('10. 170KMP'!$J:$J,'0.KQKD'!$E61,'10. 170KMP'!AG:AG) -> 1.3599031e+09 | AB61: =SUMIF('10. 170KMP'!$J:$J,'0.KQKD'!$E61,'10. 170KMP'!AH:AH) -> 1.3654891e+09 | AC61: =SUMIF('10. 170KMP'!$J:$J,'0.KQKD'!$E61,'10. 170KMP'!AI:AI) -> 1.4947956e+09 | AD61: =SUMIF('10. 170KMP'!$J:$J,'0.KQKD'!$E61,'10. 170KMP'!AJ:AJ) -> 1.3652991e+09 | AE61: =SUMIF('10. 170KMP'!$J:$J,'0.KQKD'!$E61,'10. 170KMP'!AK:AK) -> 1.3120447e+09 | AF61: =SUMIF('10. 170KMP'!$J:$J,'0.KQKD'!$E61,'10. 170KMP'!AL:AL) -> 1.3582092e+09 | AG61: =SUMIF('10. 170KMP'!$J:$J,'0.KQKD'!$E61,'10. 170KMP'!AM:AM) -> 1.3639744e+09 | AH61: =SUM(V61:AG61) -> 1.4797204e+10 | AI61: =SUM(AJ61:AU61) -> 3119305179 | AJ61: =SUMIF('10. 170KMP'!$J:$J,'0.KQKD'!$E61,'10. 170KMP'!AP:AP) -> 673690015 | AK61: =SUMIF('10. 170KMP'!$J:$J,'0.KQKD'!$E61,'10. 170KMP'!AQ:AQ) -> 612653993 | AL61: =SUMIF('10. 170KMP'!$J:$J,'0.KQKD'!$E61,'10. 170KMP'!AR:AR) -> 590911391 | AM61: =SUMIF('10. 170KMP'!$J:$J,'0.KQKD'!$E61,'10. 170KMP'!AS:AS) -> 614793438 | AN61: =SUMIF('10. 170KMP'!$J:$J,'0.KQKD'!$E61,'10. 170KMP'!AT:AT) -> 627256342 | AO61: =SUMIF('10. 170KMP'!$J:$J,'0.KQKD'!$E61,'10. 170KMP'!AU:AU) -> 0 | AP61: =SUMIF('10. 170KMP'!$J:$J,'0.KQKD'!$E61,'10. 170KMP'!AV:AV) -> 0 | AQ61: =SUMIF('10. 170KMP'!$J:$J,'0.KQKD'!$E61,'10. 170KMP'!AW:AW) -> 0 | AR61: =SUMIF('10. 170KMP'!$J:$J,'0.KQKD'!$E61,'10. 170KMP'!AX:AX) -> 0 | AS61: =SUMIF('10. 170KMP'!$J:$J,'0.KQKD'!$E61,'10. 170KMP'!AY:AY) -> 0 | AT61: =SUMIF('10. 170KMP'!$J:$J,'0.KQKD'!$E61,'10. 170KMP'!AZ:AZ) -> 0 | AU61: =SUMIF('10. 170KMP'!$J:$J,'0.KQKD'!$E61,'10. 170KMP'!BA:BA) -> 0 | AV61: =AM61 -> 614793438 | AW61: =AN61 -> 627256342 | AX61: =Z61 -> 1.3235276e+09 | AY61: =IFERROR(AW61/AV61,0) -> 1.0202717 | AZ61: =IFERROR(AW61/AX61,0) -> 0.47392767 | BA61: =SUM(I61:M61) -> #REF! | BB61: =SUM(AJ61:AN61) -> 3119305179 | BC61: =SUM(V61:Z61) -> 5.1774887e+09 | BD61: =IFERROR(BB61/BA61,0) -> 0 | BE61: =IFERROR(BB61/BC61,0) -> 0.60247456 | BF61: =IFERROR(BB61/AH61,0) -> 0.21080369
D62: (%) Chi phí nhân sự / Doanh thu | F62: =IFERROR(F61/F$5,0) -> 0 | G62: =IFERROR(G61/G$5,0) -> 0 | H62: =IFERROR(H61/H$5,0) -> 0 | I62: =IFERROR(I61/I$5,0) -> 0 | J62: =IFERROR(J61/J$5,0) -> 0 | K62: =IFERROR(K61/K$5,0) -> 0 | L62: =IFERROR(L61/L$5,0) -> 0 | M62: =IFERROR(M61/M$5,0) -> 0 | ... AX62: =IFERROR(AX61/AX$5,0) -> 0.080520625 | AY62: =IFERROR(AW62/AV62,0) -> 0.64867646 | AZ62: =IFERROR(AW62/AX62,0) -> 0.70658348 | BA62: =IFERROR(BA61/BA$5,0) -> 0 | BB62: =IFERROR(BB61/BB$5,0) -> 0.078833611 | BC62: =IFERROR(BC61/BC$5,0) -> 0.086678403 | BD62: =IFERROR(BB62/BA62,0) -> 0 | BE62: =IFERROR(BB62/BC62,0) -> 0.90949542 | BF62: =IFERROR(BB62/AH62,0) -> 0.94558994
B63: 5.3 | C63: Chi phí tài chính | E63: 39 | F63: =SUMIF('10. 170KMP'!$J:$J,'0.KQKD'!$E63,'10. 170KMP'!L:L) -> #REF! | G63: =SUMIF('10. 170KMP'!$J:$J,'0.KQKD'!$E63,'10. 170KMP'!M:M) -> #REF! | H63: =SUMIF('10. 170KMP'!$J:$J,'0.KQKD'!$E63,'10. 170KMP'!N:N) -> #REF! | I63: =SUMIF('10. 170KMP'!$J:$J,'0.KQKD'!$E63,'10. 170KMP'!O:O) -> #REF! | J63: =SUMIF('10. 170KMP'!$J:$J,'0.KQKD'!$E63,'10. 170KMP'!P:P) -> #REF! | K63: =SUMIF('10. 170KMP'!$J:$J,'0.KQKD'!$E63,'10. 170KMP'!Q:Q) -> #REF! | L63: =SUMIF('10. 170KMP'!$J:$J,'0.KQKD'!$E63,'10. 170KMP'!R:R) -> #REF! | M63: =SUMIF('10. 170KMP'!$J:$J,'0.KQKD'!$E63,'10. 170KMP'!S:S) -> #REF! | N63: =SUMIF('10. 170KMP'!$J:$J,'0.KQKD'!$E63,'10. 170KMP'!T:T) -> #REF! | O63: =SUMIF('10. 170KMP'!$J:$J,'0.KQKD'!$E63,'10. 170KMP'!U:U) -> #REF! | P63: =SUMIF('10. 170KMP'!$J:$J,'0.KQKD'!$E63,'10. 170KMP'!V:V) -> #REF! | Q63: =SUMIF('10. 170KMP'!$J:$J,'0.KQKD'!$E63,'10. 170KMP'!W:W) -> #REF! | R63: =SUMIF('10. 170KMP'!$J:$J,'0.KQKD'!$E63,'10. 170KMP'!X:X) -> #REF! | S63: =SUMIF('10. 170KMP'!$J:$J,'0.KQKD'!$E63,'10. 170KMP'!Y:Y) -> #REF! | T63: =SUMIF('10. 170KMP'!$J:$J,'0.KQKD'!$E63,'10. 170KMP'!Z:Z) -> #REF! | U63: =SUM(I63:T63) -> #REF! | V63: =SUMIF('10. 170KMP'!$J:$J,'0.KQKD'!$E63,'10. 170KMP'!AB:AB) -> 0 | W63: =SUMIF('10. 170KMP'!$J:$J,'0.KQKD'!$E63,'10. 170KMP'!AC:AC) -> 0 | X63: =SUMIF('10. 170KMP'!$J:$J,'0.KQKD'!$E63,'10. 170KMP'!AD:AD) -> 0 | Y63: =SUMIF('10. 170KMP'!$J:$J,'0.KQKD'!$E63,'10. 170KMP'!AE:AE) -> 0 | Z63: =SUMIF('10. 170KMP'!$J:$J,'0.KQKD'!$E63,'10. 170KMP'!AF:AF) -> 0 | AA63: =SUMIF('10. 170KMP'!$J:$J,'0.KQKD'!$E63,'10. 170KMP'!AG:AG) -> 0 | AB63: =SUMIF('10. 170KMP'!$J:$J,'0.KQKD'!$E63,'10. 170KMP'!AH:AH) -> 0 | AC63: =SUMIF('10. 170KMP'!$J:$J,'0.KQKD'!$E63,'10. 170KMP'!AI:AI) -> 0 | AD63: =SUMIF('10. 170KMP'!$J:$J,'0.KQKD'!$E63,'10. 170KMP'!AJ:AJ) -> 0 | AE63: =SUMIF('10. 170KMP'!$J:$J,'0.KQKD'!$E63,'10. 170KMP'!AK:AK) -> 0 | AF63: =SUMIF('10. 170KMP'!$J:$J,'0.KQKD'!$E63,'10. 170KMP'!AL:AL) -> 0 | AG63: =SUMIF('10. 170KMP'!$J:$J,'0.KQKD'!$E63,'10. 170KMP'!AM:AM) -> 0 | AH63: =SUM(V63:AG63) -> 0 | AI63: =SUM(AJ63:AU63) -> 1879909 | AJ63: =SUMIF('10. 170KMP'!$J:$J,'0.KQKD'!$E63,'10. 170KMP'!AP:AP) -> 455909 | AK63: =SUMIF('10. 170KMP'!$J:$J,'0.KQKD'!$E63,'10. 170KMP'!AQ:AQ) -> 443818 | AL63: =SUMIF('10. 170KMP'!$J:$J,'0.KQKD'!$E63,'10. 170KMP'!AR:AR) -> 315909 | AM63: =SUMIF('10. 170KMP'!$J:$J,'0.KQKD'!$E63,'10. 170KMP'!AS:AS) -> 359818 | AN63: =SUMIF('10. 170KMP'!$J:$J,'0.KQKD'!$E63,'10. 170KMP'!AT:AT) -> 304455 | AO63: =SUMIF('10. 170KMP'!$J:$J,'0.KQKD'!$E63,'10. 170KMP'!AU:AU) -> 0 | AP63: =SUMIF('10. 170KMP'!$J:$J,'0.KQKD'!$E63,'10. 170KMP'!AV:AV) -> 0 | AQ63: =SUMIF('10. 170KMP'!$J:$J,'0.KQKD'!$E63,'10. 170KMP'!AW:AW) -> 0 | AR63: =SUMIF('10. 170KMP'!$J:$J,'0.KQKD'!$E63,'10. 170KMP'!AX:AX) -> 0 | AS63: =SUMIF('10. 170KMP'!$J:$J,'0.KQKD'!$E63,'10. 170KMP'!AY:AY) -> 0 | AT63: =SUMIF('10. 170KMP'!$J:$J,'0.KQKD'!$E63,'10. 170KMP'!AZ:AZ) -> 0 | AU63: =SUMIF('10. 170KMP'!$J:$J,'0.KQKD'!$E63,'10. 170KMP'!BA:BA) -> 0 | AV63: =AM63 -> 359818 | AW63: =AN63 -> 304455 | AX63: =Z63 -> 0 | AY63: =IFERROR(AW63/AV63,0) -> 0.8461361 | AZ63: =IFERROR(AW63/AX63,0) -> 0 | BA63: =SUM(I63:M63) -> #REF! | BB63: =SUM(AJ63:AN63) -> 1879909 | BC63: =SUM(V63:Z63) -> 0 | BD63: =IFERROR(BB63/BA63,0) -> 0 | BE63: =IFERROR(BB63/BC63,0) -> 0 | BF63: =IFERROR(BB63/AH63,0) -> 0
D64: (%) Doanh thu tài chính / Doanh thu | F64: =IFERROR(F63/F$5,0) -> 0 | G64: =IFERROR(G63/G$5,0) -> 0 | H64: =IFERROR(H63/H$5,0) -> 0 | I64: =IFERROR(I63/I$5,0) -> 0 | J64: =IFERROR(J63/J$5,0) -> 0 | K64: =IFERROR(K63/K$5,0) -> 0 | L64: =IFERROR(L63/L$5,0) -> 0 | M64: =IFERROR(M63/M$5,0) -> 0 | ... AX64: =IFERROR(AX63/AX$5,0) -> 0 | AY64: =IFERROR(AW64/AV64,0) -> 0.53796315 | AZ64: =IFERROR(AW64/AX64,0) -> 0 | BA64: =IFERROR(BA63/BA$5,0) -> 0 | BB64: =IFERROR(BB63/BB$5,0) -> 4.7510585e-05 | BC64: =IFERROR(BC63/BC$5,0) -> 0 | BD64: =IFERROR(BB64/BA64,0) -> 0 | BE64: =IFERROR(BB64/BC64,0) -> 0 | BF64: =IFERROR(BB64/AH64,0) -> 0
B65: 5.4 | C65: Chi phí khấu hao | E65: 40 | F65: =SUMIF('10. 170KMP'!$J:$J,'0.KQKD'!$E65,'10. 170KMP'!L:L) -> #REF! | G65: =SUMIF('10. 170KMP'!$J:$J,'0.KQKD'!$E65,'10. 170KMP'!M:M) -> #REF! | H65: =SUMIF('10. 170KMP'!$J:$J,'0.KQKD'!$E65,'10. 170KMP'!N:N) -> #REF! | I65: =SUMIF('10. 170KMP'!$J:$J,'0.KQKD'!$E65,'10. 170KMP'!O:O) -> #REF! | J65: =SUMIF('10. 170KMP'!$J:$J,'0.KQKD'!$E65,'10. 170KMP'!P:P) -> #REF! | K65: =SUMIF('10. 170KMP'!$J:$J,'0.KQKD'!$E65,'10. 170KMP'!Q:Q) -> #REF! | L65: =SUMIF('10. 170KMP'!$J:$J,'0.KQKD'!$E65,'10. 170KMP'!R:R) -> #REF! | M65: =SUMIF('10. 170KMP'!$J:$J,'0.KQKD'!$E65,'10. 170KMP'!S:S) -> #REF! | N65: =SUMIF('10. 170KMP'!$J:$J,'0.KQKD'!$E65,'10. 170KMP'!T:T) -> #REF! | O65: =SUMIF('10. 170KMP'!$J:$J,'0.KQKD'!$E65,'10. 170KMP'!U:U) -> #REF! | P65: =SUMIF('10. 170KMP'!$J:$J,'0.KQKD'!$E65,'10. 170KMP'!V:V) -> #REF! | Q65: =SUMIF('10. 170KMP'!$J:$J,'0.KQKD'!$E65,'10. 170KMP'!W:W) -> #REF! | R65: =SUMIF('10. 170KMP'!$J:$J,'0.KQKD'!$E65,'10. 170KMP'!X:X) -> #REF! | S65: =SUMIF('10. 170KMP'!$J:$J,'0.KQKD'!$E65,'10. 170KMP'!Y:Y) -> #REF! | T65: =SUMIF('10. 170KMP'!$J:$J,'0.KQKD'!$E65,'10. 170KMP'!Z:Z) -> #REF! | U65: =SUM(I65:T65) -> #REF! | V65: =SUMIF('10. 170KMP'!$J:$J,'0.KQKD'!$E65,'10. 170KMP'!AB:AB) -> 1.9819643e+08 | W65: =SUMIF('10. 170KMP'!$J:$J,'0.KQKD'!$E65,'10. 170KMP'!AC:AC) -> 1.9855754e+08 | X65: =SUMIF('10. 170KMP'!$J:$J,'0.KQKD'!$E65,'10. 170KMP'!AD:AD) -> 2.127242e+08 | Y65: =SUMIF('10. 170KMP'!$J:$J,'0.KQKD'!$E65,'10. 170KMP'!AE:AE) -> 2.5171032e+08 | Z65: =SUMIF('10. 170KMP'!$J:$J,'0.KQKD'!$E65,'10. 170KMP'!AF:AF) -> 2.5171032e+08 | AA65: =SUMIF('10. 170KMP'!$J:$J,'0.KQKD'!$E65,'10. 170KMP'!AG:AG) -> 2.5171032e+08 | AB65: =SUMIF('10. 170KMP'!$J:$J,'0.KQKD'!$E65,'10. 170KMP'!AH:AH) -> 2.5171032e+08 | AC65: =SUMIF('10. 170KMP'!$J:$J,'0.KQKD'!$E65,'10. 170KMP'!AI:AI) -> 2.5171032e+08 | AD65: =SUMIF('10. 170KMP'!$J:$J,'0.KQKD'!$E65,'10. 170KMP'!AJ:AJ) -> 2.5171032e+08 | AE65: =SUMIF('10. 170KMP'!$J:$J,'0.KQKD'!$E65,'10. 170KMP'!AK:AK) -> 2.5171032e+08 | AF65: =SUMIF('10. 170KMP'!$J:$J,'0.KQKD'!$E65,'10. 170KMP'!AL:AL) -> 2.5171032e+08 | AG65: =SUMIF('10. 170KMP'!$J:$J,'0.KQKD'!$E65,'10. 170KMP'!AM:AM) -> 2.455992e+08 | AH65: =SUM(V65:AG65) -> 2.8687599e+09 | AI65: =SUM(AJ65:AU65) -> 1009643443 | AJ65: =SUMIF('10. 170KMP'!$J:$J,'0.KQKD'!$E65,'10. 170KMP'!AP:AP) -> 199573727 | AK65: =SUMIF('10. 170KMP'!$J:$J,'0.KQKD'!$E65,'10. 170KMP'!AQ:AQ) -> 204598038 | AL65: =SUMIF('10. 170KMP'!$J:$J,'0.KQKD'!$E65,'10. 170KMP'!AR:AR) -> 202512629 | AM65: =SUMIF('10. 170KMP'!$J:$J,'0.KQKD'!$E65,'10. 170KMP'!AS:AS) -> 202790395 | AN65: =SUMIF('10. 170KMP'!$J:$J,'0.KQKD'!$E65,'10. 170KMP'!AT:AT) -> 200168654 | AO65: =SUMIF('10. 170KMP'!$J:$J,'0.KQKD'!$E65,'10. 170KMP'!AU:AU) -> 0 | AP65: =SUMIF('10. 170KMP'!$J:$J,'0.KQKD'!$E65,'10. 170KMP'!AV:AV) -> 0 | AQ65: =SUMIF('10. 170KMP'!$J:$J,'0.KQKD'!$E65,'10. 170KMP'!AW:AW) -> 0 | AR65: =SUMIF('10. 170KMP'!$J:$J,'0.KQKD'!$E65,'10. 170KMP'!AX:AX) -> 0 | AS65: =SUMIF('10. 170KMP'!$J:$J,'0.KQKD'!$E65,'10. 170KMP'!AY:AY) -> 0 | AT65: =SUMIF('10. 170KMP'!$J:$J,'0.KQKD'!$E65,'10. 170KMP'!AZ:AZ) -> 0 | AU65: =SUMIF('10. 170KMP'!$J:$J,'0.KQKD'!$E65,'10. 170KMP'!BA:BA) -> 0 | AV65: =AM65 -> 202790395 | AW65: =AN65 -> 200168654 | AX65: =Z65 -> 2.5171032e+08 | AY65: =IFERROR(AW65/AV65,0) -> 0.98707167 | AZ65: =IFERROR(AW65/AX65,0) -> 0.79523421 | BA65: =SUM(I65:M65) -> #REF! | BB65: =SUM(AJ65:AN65) -> 1009643443 | BC65: =SUM(V65:Z65) -> 1.1128988e+09 | BD65: =IFERROR(BB65/BA65,0) -> 0 | BE65: =IFERROR(BB65/BC65,0) -> 0.90721946 | BF65: =IFERROR(BB65/AH65,0) -> 0.35194421
D66: Tổng Chi phí Khấu hao / Doanh thu (%) | F66: =IFERROR(F65/F$5,0) -> 0 | G66: =IFERROR(G65/G$5,0) -> 0 | H66: =IFERROR(H65/H$5,0) -> 0 | I66: =IFERROR(I65/I$5,0) -> 0 | J66: =IFERROR(J65/J$5,0) -> 0 | K66: =IFERROR(K65/K$5,0) -> 0 | L66: =IFERROR(L65/L$5,0) -> 0 | M66: =IFERROR(M65/M$5,0) -> 0 | ... AX66: =IFERROR(AX65/AX$5,0) -> 0.015313524 | AY66: =IFERROR(AW66/AV66,0) -> 0.62756829 | AZ66: =IFERROR(AW66/AX66,0) -> 1.1856226 | BA66: =IFERROR(BA65/BA$5,0) -> 0 | BB66: =IFERROR(BB65/BB$5,0) -> 0.025516528 | BC66: =IFERROR(BC65/BC$5,0) -> 0.018631483 | BD66: =IFERROR(BB66/BA66,0) -> 0 | BE66: =IFERROR(BB66/BC66,0) -> 1.3695382 | BF66: =IFERROR(BB66/AH66,0) -> 1.5786958
B67: 6 | C67: TỔNG GIÁ VỐN (BIẾN PHÍ + ĐỊNH PHÍ) | F67: =F7+F31 -> #REF! | G67: =G7+G31 -> #REF! | H67: =H7+H31 -> #REF! | I67: =I7+I31 -> #REF! | J67: =J7+J31 -> #REF! | K67: =K7+K31 -> #REF! | L67: =L7+L31 -> #REF! | M67: =M7+M31 -> #REF! | ... AU67: =AU7+AU31 -> 0 | AV67: =AM67 -> 6570793719 | AW67: =AN67 -> 9905860292 | AX67: =Z67 -> 1.6332226e+10 | AY67: =IFERROR(AW67/AV67,0) -> 1.5075592 | AZ67: =IFERROR(AW67/AX67,0) -> 0.60652236 | BA67: =SUM(I67:M67) -> #REF! | BB67: =SUM(AJ67:AN67) -> 37025489091 | BC67: =SUM(V67:Z67) -> 5.8888076e+10 | BD67: =IFERROR(BB67/BA67,0) -> 0 | BE67: =IFERROR(BB67/BC67,0) -> 0.6287434 | BF67: =IFERROR(BB67/AH67,0) -> 0.21020591
D68: Biến phí / Doanh thu (%) | F68: =IFERROR(F67/F$5,0) -> 0 | G68: =IFERROR(G67/G$5,0) -> 0 | H68: =IFERROR(H67/H$5,0) -> 0 | I68: =IFERROR(I67/I$5,0) -> 0 | J68: =IFERROR(J67/J$5,0) -> 0 | K68: =IFERROR(K67/K$5,0) -> 0 | L68: =IFERROR(L67/L$5,0) -> 0 | M68: =IFERROR(M67/M$5,0) -> 0 | ... AX68: =IFERROR(AX67/AX$5,0) -> 0.99361817 | AY68: =IFERROR(AW68/AV68,0) -> 0.95848797 | AZ68: =IFERROR(AW68/AX68,0) -> 0.90427022 | BA68: =IFERROR(BA67/BA$5,0) -> 0 | BB68: =IFERROR(BB67/BB$5,0) -> 0.93573819 | BC68: =IFERROR(BC67/BC$5,0) -> 0.98586876 | BD68: =IFERROR(BB68/BA68,0) -> 0 | BE68: =IFERROR(BB68/BC68,0) -> 0.94915087 | BF68: =IFERROR(BB68/AH68,0) -> 0.9429085
D69: Biến phí / Tấn (Triệu đồng/Tấn) | F69: =IFERROR(F67/F$4,0)*1000 -> 0 | G69: =IFERROR(G67/G$4,0)*1000 -> 0 | H69: =IFERROR(H67/H$4,0)*1000 -> 0 | I69: =IFERROR(I67/I$4,0)*1000 -> 0 | J69: =IFERROR(J67/J$4,0)*1000 -> 0 | K69: =IFERROR(K67/K$4,0)*1000 -> 0 | L69: =IFERROR(L67/L$4,0)*1000 -> 0 | M69: =IFERROR(M67/M$4,0)*1000 -> 0 | ... AX69: =IFERROR(AX67/AX$4,0)*1000 -> 15928246 | AY69: =IFERROR(AW69/AV69,0) -> 1.0461761 | AZ69: =IFERROR(AW69/AX69,0) -> 0.87497648 | BA69: =IFERROR(BA67/BA$4,0)*1000 -> 0 | BB69: =IFERROR(BB67/BB$4,0)*1000 -> 13522482 | BC69: =IFERROR(BC67/BC$4,0)*1000 -> 14864306 | BD69: =IFERROR(BB69/BA69,0) -> 0 | BE69: =IFERROR(BB69/BC69,0) -> 0.90972848 | BF69: =IFERROR(BB69/AH69,0) -> 0.86791371
B70: 7 | C70: Doanh thu tài chính | F70: 17450233847 | G70: 9282695737 | H70: 15099094600 | I70: 773999253 | J70: 1788435256 | K70: 931124505 | L70: 1307926421 | M70: 2429341904 | N70: 1641453607 | O70: 1393514763 | P70: 1498736488 | Q70: 1228780215 | R70: 2716737103 | S70: 515476780 | T70: 680982457 | U70: =SUM(I70:T70) -> 16906508752 | V70: 20000000 | W70: 20000000 | X70: 20000000 | Y70: 10000000 | Z70: 10000000 | AA70: 10000000 | AB70: 10000000 | AC70: 10000000 | AD70: 10000000 | AE70: 10000000 | AF70: 10000000 | AG70: 10000000 | AH70: =SUM(V70:AG70) -> 150000000 | AI70: =SUM(AJ70:AU70) -> 173991944 | AJ70: 65571081 | AK70: 20192380 | AL70: 18234753 | AM70: 58991700 | AN70: 11002030 | AV70: =AM70 -> 58991700 | AW70: =AN70 -> 11002030 | AX70: =Z70 -> 10000000 | AY70: =IFERROR(AW70/AV70,0) -> 0.18650132 | AZ70: =IFERROR(AW70/AX70,0) -> 1.100203 | BA70: =SUM(I70:M70) -> 7230827339 | BB70: =SUM(AJ70:AN70) -> 173991944 | BC70: =SUM(V70:Z70) -> 80000000 | BD70: =IFERROR(BB70/BA70,0) -> 0.024062522 | BE70: =IFERROR(BB70/BC70,0) -> 2.1748993 | BF70: =IFERROR(BB70/AH70,0) -> 1.1599463
B71: 8 | C71: Thu nhập khác | F71: 20067679586 | G71: 17391162 | H71: 120366408 | I71: 500207 | J71: 2492480 | K71: 2600082 | L71: 43440 | M71: 20000000 | N71: 2020926 | O71: 9788652 | P71: 18500606 | Q71: 742 | R71: 819591 | S71: 110446 | T71: 42486461 | U71: =SUM(I71:T71) -> 99363633 | AH71: =SUM(V71:AG71) -> 0 | AI71: =SUM(AJ71:AU71) -> 58404766 | AJ71: 32987038 | AK71: 2504914 | AL71: 4888439 | AM71: -8836736 | AN71: 26861111 | AV71: =AM71 -> -8836736 | AW71: =AN71 -> 26861111 | AX71: =Z71 -> 0 | AY71: =IFERROR(AW71/AV71,0) -> -3.0397096 | AZ71: =IFERROR(AW71/AX71,0) -> 0 | BA71: =SUM(I71:M71) -> 25636209 | BB71: =SUM(AJ71:AN71) -> 58404766 | BC71: =SUM(V71:Z71) -> 0 | BD71: =IFERROR(BB71/BA71,0) -> 2.2782138 | BE71: =IFERROR(BB71/BC71,0) -> 0 | BF71: =IFERROR(BB71/AH71,0) -> 0
B72: 9 | C72: LỢI NHUẬN TRƯỚC THUẾ | F72: =F5-F67+F70+F71 -> #REF! | G72: =G5-G67+G70+G71 -> #REF! | H72: =H5-H67+H70+H71 -> #REF! | I72: =I5-I67+I70+I71 -> #REF! | J72: =J5-J67+J70+J71 -> #REF! | K72: =K5-K67+K70+K71 -> #REF! | L72: =L5-L67+L70+L71 -> #REF! | M72: =M5-M67+M70+M71 -> #REF! | ... AU72: =AU5-AU67+AU70+AU71 -> 0 | AV72: =AM72 -> 488856467 | AW72: =AN72 -> 1156897369 | AX72: =Z72 -> 1.1489889e+08 | AY72: =IFERROR(AW72/AV72,0) -> 2.3665379 | AZ72: =IFERROR(AW72/AX72,0) -> 10.06883 | BA72: =SUM(I72:M72) -> #REF! | BB72: =SUM(AJ72:AN72) -> 2775121616 | BC72: =SUM(V72:Z72) -> 9.2408936e+08 | BD72: =IFERROR(BB72/BA72,0) -> 0 | BE72: =IFERROR(BB72/BC72,0) -> 3.0030879 | BF72: =IFERROR(BB72/AH72,0) -> 1.8504429
D73: Tỷ lệ Lợi nhuận trước thuế (%) | F73: =IFERROR(F72/F$5,0) -> 0 | G73: =IFERROR(G72/G$5,0) -> 0 | H73: =IFERROR(H72/H$5,0) -> 0 | I73: =IFERROR(I72/I$5,0) -> 0 | J73: =IFERROR(J72/J$5,0) -> 0 | K73: =IFERROR(K72/K$5,0) -> 0 | L73: =IFERROR(L72/L$5,0) -> 0 | M73: =IFERROR(M72/M$5,0) -> 0 | ... AX73: =IFERROR(AX72/AX$5,0) -> 0.0069902062 | AY73: =IFERROR(AW73/AV73,0) -> 1.5046163 | AZ73: =IFERROR(AW73/AX73,0) -> 15.011718 | BA73: =IFERROR(BA72/BA$5,0) -> 0 | BB73: =IFERROR(BB72/BB$5,0) -> 0.070135125 | BC73: =IFERROR(BC72/BC$5,0) -> 0.015470549 | BD73: =IFERROR(BB73/BA73,0) -> 0 | BE73: =IFERROR(BB73/BC73,0) -> 4.5334607 | BF73: =IFERROR(BB73/AH73,0) -> 8.300425
B74: 10 | C74: Thuế TNDN | F74: =F75+F76 -> 0 | G74: =G75+G76 -> 0 | H74: =H75+H76 -> 0 | I74: =I75+I76 -> 0 | J74: =J75+J76 -> 0 | K74: =K75+K76 -> 0 | L74: =L75+L76 -> 0 | M74: =M75+M76 -> 0 | ... AU74: =AU75+AU76 -> 0 | AV74: =AL74 -> 0 | AW74: =AM74 -> 0 | AX74: =Y74 -> 0 | AY74: =IFERROR(AW74/AV74,0) -> 0 | AZ74: =IFERROR(AW74/AX74,0) -> 0 | BA74: =SUM(I74:M74) -> 0 | BB74: =SUM(AJ74:AN74) -> 0 | BC74: =SUM(V74:Z74) -> 0 | BD74: =IFERROR(BB74/BA74,0) -> 0 | BE74: =IFERROR(BB74/BC74,0) -> 0 | BF74: =IFERROR(BB74/AH74,0) -> 0
C75: Thuế TNDN hiện hành | AH75: =SUM(V75:AG75) -> 0 | AI75: =SUM(AJ75:AU75) -> 0 | AV75: =AL75 -> 0 | AW75: =AM75 -> 0 | AX75: =Y75 -> 0 | AY75: =IFERROR(AW75/AV75,0) -> 0 | AZ75: =IFERROR(AW75/AX75,0) -> 0 | BA75: =SUM(I75:M75) -> 0 | BB75: =SUM(AJ75:AN75) -> 0 | BC75: =SUM(V75:Z75) -> 0 | BD75: =IFERROR(BB75/BA75,0) -> 0 | BE75: =IFERROR(BB75/BC75,0) -> 0 | BF75: =IFERROR(BB75/AH75,0) -> 0
C76: Thuế TNDN hoãn lại | AH76: =SUM(V76:AG76) -> 0 | AI76: =SUM(AJ76:AU76) -> 0 | AV76: =AL76 -> 0 | AW76: =AM76 -> 0 | AX76: =Y76 -> 0 | AY76: =IFERROR(AW76/AV76,0) -> 0 | AZ76: =IFERROR(AW76/AX76,0) -> 0 | BA76: =SUM(I76:M76) -> 0 | BB76: =SUM(AJ76:AN76) -> 0 | BC76: =SUM(V76:Z76) -> 0 | BD76: =IFERROR(BB76/BA76,0) -> 0 | BE76: =IFERROR(BB76/BC76,0) -> 0 | BF76: =IFERROR(BB76/AH76,0) -> 0
B77: 11 | C77: LỢI NHUẬN SAU THUẾ | F77: =F72-F74 -> #REF! | G77: =G72-G74 -> #REF! | H77: =H72-H74 -> #REF! | I77: =I72-I74 -> #REF! | J77: =J72-J74 -> #REF! | K77: =K72-K74 -> #REF! | L77: =L72-L74 -> #REF! | M77: =M72-M74 -> #REF! | ... AU77: =AU72-AU74 -> 0 | AV77: =AM77 -> 488856467 | AW77: =AN77 -> 1156897369 | AX77: =Z77 -> 1.1489889e+08 | AY77: =IFERROR(AW77/AV77,0) -> 2.3665379 | AZ77: =IFERROR(AW77/AX77,0) -> 10.06883 | BA77: =SUM(I77:M77) -> #REF! | BB77: =SUM(AJ77:AN77) -> 2775121616 | BC77: =SUM(V77:Z77) -> 9.2408936e+08 | BD77: =IFERROR(BB77/BA77,0) -> 0 | BE77: =IFERROR(BB77/BC77,0) -> 3.0030879 | BF77: =IFERROR(BB77/AH77,0) -> 1.8504429
D78: Tỷ lệ LNST (%) | F78: =IFERROR(F77/F$5,0) -> 0 | G78: =IFERROR(G77/G$5,0) -> 0 | H78: =IFERROR(H77/H$5,0) -> 0 | I78: =IFERROR(I77/I$5,0) -> 0 | J78: =IFERROR(J77/J$5,0) -> 0 | K78: =IFERROR(K77/K$5,0) -> 0 | L78: =IFERROR(L77/L$5,0) -> 0 | M78: =IFERROR(M77/M$5,0) -> 0 | ... AX78: =IFERROR(AX77/AX$5,0) -> 0.0069902062 | AY78: =IFERROR(AW78/AV78,0) -> 1.5046163 | AZ78: =IFERROR(AW78/AX78,0) -> 15.011718 | BA78: =IFERROR(BA77/BA$5,0) -> 0 | BB78: =IFERROR(BB77/BB$5,0) -> 0.070135125 | BC78: =IFERROR(BC77/BC$5,0) -> 0.015470549 | BD78: =IFERROR(BB78/BA78,0) -> 0 | BE78: =IFERROR(BB78/BC78,0) -> 4.5334607 | BF78: =IFERROR(BB78/AH78,0) -> 8.300425
B79: 12 | C79: EBIT | F79: =F77+F74+'10. 170KMP'!L180 -> #REF! | G79: =G77+G74+'10. 170KMP'!M180 -> #REF! | H79: =H77+H74+'10. 170KMP'!N180 -> #REF! | I79: =I77+I74+'10. 170KMP'!O180 -> #REF! | J79: =J77+J74+'10. 170KMP'!P180 -> #REF! | K79: =K77+K74+'10. 170KMP'!Q180 -> #REF! | L79: =L77+L74+'10. 170KMP'!R180 -> #REF! | M79: =M77+M74+'10. 170KMP'!S180 -> #REF! | ... AU79: =AU77+AU74+'10. 170KMP'!BA180 -> 0 | AV79: =AM79 -> 488856467 | AW79: =AN79 -> 1156897369 | AX79: =Z79 -> 1.1489889e+08 | AY79: =IFERROR(AW79/AV79,0) -> 2.3665379 | AZ79: =IFERROR(AW79/AX79,0) -> 10.06883 | BA79: =SUM(I79:M79) -> #REF! | BB79: =SUM(AJ79:AN79) -> 2775121616 | BC79: =SUM(V79:Z79) -> 9.2408936e+08 | BD79: =IFERROR(BB79/BA79,0) -> 0 | BE79: =IFERROR(BB79/BC79,0) -> 3.0030879 | BF79: =IFERROR(BB79/AH79,0) -> 1.8504429
D80: Tỷ lệ EBIT (%) | F80: =IFERROR(F79/F$5,0) -> 0 | G80: =IFERROR(G79/G$5,0) -> 0 | H80: =IFERROR(H79/H$5,0) -> 0 | I80: =IFERROR(I79/I$5,0) -> 0 | J80: =IFERROR(J79/J$5,0) -> 0 | K80: =IFERROR(K79/K$5,0) -> 0 | L80: =IFERROR(L79/L$5,0) -> 0 | M80: =IFERROR(M79/M$5,0) -> 0 | ... AX80: =IFERROR(AX79/AX$5,0) -> 0.0069902062 | AY80: =IFERROR(AW80/AV80,0) -> 1.5046163 | AZ80: =IFERROR(AW80/AX80,0) -> 15.011718 | BA80: =IFERROR(BA79/BA$5,0) -> 0 | BB80: =IFERROR(BB79/BB$5,0) -> 0.070135125 | BC80: =IFERROR(BC79/BC$5,0) -> 0.015470549 | BD80: =IFERROR(BB80/BA80,0) -> 0 | BE80: =IFERROR(BB80/BC80,0) -> 4.5334607 | BF80: =IFERROR(BB80/AH80,0) -> 8.300425
B81: 13 | C81: EBITDA | F81: =F79+F65 -> #REF! | G81: =G79+G65 -> #REF! | H81: =H79+H65 -> #REF! | I81: =I79+I65 -> #REF! | J81: =J79+J65 -> #REF! | K81: =K79+K65 -> #REF! | L81: =L79+L65 -> #REF! | M81: =M79+M65 -> #REF! | ... AU81: =AU79+AU65 -> 0 | AV81: =AM81 -> 691646862 | AW81: =AN81 -> 1357066023 | AX81: =Z81 -> 3.6660921e+08 | AY81: =IFERROR(AW81/AV81,0) -> 1.9620793 | AZ81: =IFERROR(AW81/AX81,0) -> 3.7016692 | BA81: =SUM(I81:M81) -> #REF! | BB81: =SUM(AJ81:AN81) -> 3784765059 | BC81: =SUM(V81:Z81) -> 2.0369882e+09 | BD81: =IFERROR(BB81/BA81,0) -> 0 | BE81: =IFERROR(BB81/BC81,0) -> 1.8580202 | BF81: =IFERROR(BB81/AH81,0) -> 0.86638297
D82: Tỷ lệ EBITDA (%) | F82: =IFERROR(F81/F$5,0) -> 0 | G82: =IFERROR(G81/G$5,0) -> 0 | H82: =IFERROR(H81/H$5,0) -> 0 | I82: =IFERROR(I81/I$5,0) -> 0 | J82: =IFERROR(J81/J$5,0) -> 0 | K82: =IFERROR(K81/K$5,0) -> 0 | L82: =IFERROR(L81/L$5,0) -> 0 | M82: =IFERROR(M81/M$5,0) -> 0 | ... AX82: =IFERROR(AX81/AX$5,0) -> 0.022303731 | AY82: =IFERROR(AW82/AV82,0) -> 1.2474664 | AZ82: =IFERROR(AW82/AX82,0) -> 5.5188555 | BA82: =IFERROR(BA81/BA$5,0) -> 0 | BB82: =IFERROR(BB81/BB$5,0) -> 0.095651653 | BC82: =IFERROR(BC81/BC$5,0) -> 0.034102031 | BD82: =IFERROR(BB82/BA82,0) -> 0 | BE82: =IFERROR(BB82/BC82,0) -> 2.8048667 | BF82: =IFERROR(BB82/AH82,0) -> 3.8862841
D84: Check-Tổng chi phí | F84: =F67-F26-SUM('10. 170KMP'!L8,'10. 170KMP'!L14,'10. 170KMP'!L52,'10. 170KMP'!L130,'10. 170KMP'!L159,'10. 170KMP'!L167) -> #REF! | G84: =G67-G26-SUM('10. 170KMP'!M8,'10. 170KMP'!M14,'10. 170KMP'!M52,'10. 170KMP'!M130,'10. 170KMP'!M159,'10. 170KMP'!M167) -> #REF! | H84: =H67-H26-SUM('10. 170KMP'!N8,'10. 170KMP'!N14,'10. 170KMP'!N52,'10. 170KMP'!N130,'10. 170KMP'!N159,'10. 170KMP'!N167) -> #REF! | I84: =I67-I26-SUM('10. 170KMP'!O8,'10. 170KMP'!O14,'10. 170KMP'!O52,'10. 170KMP'!O130,'10. 170KMP'!O159,'10. 170KMP'!O167) -> #REF! | J84: =J67-J26-SUM('10. 170KMP'!P8,'10. 170KMP'!P14,'10. 170KMP'!P52,'10. 170KMP'!P130,'10. 170KMP'!P159,'10. 170KMP'!P167) -> #REF! | K84: =K67-K26-SUM('10. 170KMP'!Q8,'10. 170KMP'!Q14,'10. 170KMP'!Q52,'10. 170KMP'!Q130,'10. 170KMP'!Q159,'10. 170KMP'!Q167) -> #REF! | L84: =L67-L26-SUM('10. 170KMP'!R8,'10. 170KMP'!R14,'10. 170KMP'!R52,'10. 170KMP'!R130,'10. 170KMP'!R159,'10. 170KMP'!R167) -> #REF! | M84: =M67-M26-SUM('10. 170KMP'!S8,'10. 170KMP'!S14,'10. 170KMP'!S52,'10. 170KMP'!S130,'10. 170KMP'!S159,'10. 170KMP'!S167) -> #REF! | ... AG84: =AG67-AG26-SUM('10. 170KMP'!AM8,'10. 170KMP'!AM14,'10. 170KMP'!AM52,'10. 170KMP'!AM130,'10. 170KMP'!AM159,'10. 170KMP'!AM167) -> 0 | AJ84: =AJ67-AJ26-SUM('10. 170KMP'!AP8,'10. 170KMP'!AP14,'10. 170KMP'!AP52,'10. 170KMP'!AP130,'10. 170KMP'!AP159,'10. 170KMP'!AP167) -> 0 | AK84: =AK67-AK26-SUM('10. 170KMP'!AQ8,'10. 170KMP'!AQ14,'10. 170KMP'!AQ52,'10. 170KMP'!AQ130,'10. 170KMP'!AQ159,'10. 170KMP'!AQ167) -> 0 | AL84: =AL67-AL26-SUM('10. 170KMP'!AR8,'10. 170KMP'!AR14,'10. 170KMP'!AR52,'10. 170KMP'!AR130,'10. 170KMP'!AR159,'10. 170KMP'!AR167) -> 0 | AM84: =AM67-AM26-SUM('10. 170KMP'!AS8,'10. 170KMP'!AS14,'10. 170KMP'!AS52,'10. 170KMP'!AS130,'10. 170KMP'!AS159,'10. 170KMP'!AS167) -> 0 | AN84: =AN67-AN26-SUM('10. 170KMP'!AT8,'10. 170KMP'!AT14,'10. 170KMP'!AT52,'10. 170KMP'!AT130,'10. 170KMP'!AT159,'10. 170KMP'!AT167) -> 0
D86: LNST-BCTC | V86: 4.2564869e+08 | W86: -57733715 | X86: 2.8883067e+08 | Y86: 1.5244482e+08 | Z86: 1.1489889e+08 | AA86: 66153608 | AB86: 1.2243023e+08 | AC86: 13734723 | AD86: 28055370 | AE86: 1.6748883e+08 | AF86: 44116089 | AG86: 1.3363847e+08 | AH86: =SUM(V86:AG86) -> 1.4997067e+09 | AJ86: 431875647 | AK86: -16596905 | AL86: 714089038 | AM86: 488856467 | AN86: 1156897369
D87: Check | F87: =F86-F77 -> #REF! | G87: =G86-G77 -> #REF! | H87: =H86-H77 -> #REF! | I87: =I86-I77 -> #REF! | J87: =J86-J77 -> #REF! | K87: =K86-K77 -> #REF! | L87: =L86-L77 -> #REF! | M87: =M86-M77 -> #REF! | ... AH87: =AH86-AH77 -> -5.7220459e-06 | AJ87: =AJ86-AJ77 -> 0 | AK87: =AK86-AK77 -> 0 | AL87: =AL86-AL77 -> 0 | AM87: =AM86-AM77 -> 0 | AN87: =AN86-AN77 -> 0

Sheet DB7.80KMP
C1: 7 - 80 KHOẢN MỤC PHÍ (ĐVT: TRIỆU ĐỒNG) | D1: =IF($B$1="x","",C1) -> 7 - 80 KHOẢN MỤC PHÍ (ĐVT: TRIỆU ĐỒNG)
B2: KHOẢN MỤC PHÍ | F2: Phân loại chi phí | G2: TỔNG CỘNG NĂM | AK2: THỰC HIỆN CHI TIẾT THÁNG 2026 | AW2: THỰC HIỆN THÁNG 5, 2026 | BB2: THỰC HIỆN LŨY KẾ 5 THÁNG 2026
B3: Mã số (cấp 1) | C3: Mục phí cấp 1 (40) | D3: Mã số (cấp 2) | E3: Mục phí cấp 2 (80) | G3: 2022 | H3: 2023 | I3: 2024 | J3: 1 | K3: 2 | L3: 3 | M3: 4 | N3: 5 | O3: 6 | P3: 7 | Q3: 8 | R3: 9 | S3: 10 | T3: 11 | U3: 12 | V3: 2025 | W3: 1 | X3: 2 | Y3: 3 | Z3: 4 | AA3: 5 | AB3: 6 | AC3: 7 | AD3: 8 | AE3: 9 | AF3: 10 | AG3: 11 | AH3: 12 | AI3: 2026P | AJ3: 2026E | AK3: 1 | AL3: 2 | AM3: 3 | AN3: 4 | AO3: 5 | AP3: 6 | AQ3: 7 | AR3: 8 | AS3: 9 | AT3: 10 | AU3: 11 | AV3: 12 | AW3: Thực hiện T4.2026 | AX3: Thực hiện T5.2026 | AY3: Kế hoạch T5.2026 | AZ3: So với TH T4.2026 | BA3: So với KH T5.2026 | BB3: Thực hiện LK 2025 | BC3: Thực hiện LK 2026 | BD3: Kế hoạch LK 2026P | BE3: So với TH LK 2025 | BF3: So với KH LK 2026 | BG3: So với KH Năm 2026
B4: A | C4: Doanh thu | D4: =IF($B$1="x","",B4) -> A | E4: =IF($B$1="x","",C4) -> Doanh thu | G4: 20000000 | H4: 35000000 | I4: 40000000 | J4: 3000000 | K4: 3000000 | L4: 3000000 | M4: 3000000 | N4: 3000000 | O4: 3000000 | P4: 3000000 | Q4: 3000000 | R4: 3000000 | S4: 3000000 | T4: 3000000 | U4: 3000000 | V4: 36000000 | W4: ='0.KQKD'!V$5 -> 9420187500 | X4: ='0.KQKD'!W$5 -> 5652112500 | Y4: ='0.KQKD'!X$5 -> 12443100000 | Z4: ='0.KQKD'!Y$5 -> 15779640000 | AA4: ='0.KQKD'!Z$5 -> 16437125000 | AB4: ='0.KQKD'!AA$5 -> 16437125000 | AC4: ='0.KQKD'!AB$5 -> 17094610000 | AD4: ='0.KQKD'!AC$5 -> 17118140000 | ... AH4: ='0.KQKD'!AG$5 -> 17094610000 | AI4: =SUM(W4:AH4) -> 177488853750 | AJ4: 15000000 | AK4: ='0.KQKD'!AJ5 -> 7320017770 | AL4: ='0.KQKD'!AK5 -> 4596489350 | AM4: ='0.KQKD'!AL5 -> 9617317135 | AN4: ='0.KQKD'!AM5 -> 7009495222 | AO4: ='0.KQKD'!AN5 -> 11024894520 | AP4: ='0.KQKD'!AO5 -> 0 | AQ4: ='0.KQKD'!AP5 -> 0 | AR4: ='0.KQKD'!AQ5 -> 0 | ... AV4: ='0.KQKD'!AU5 -> 0 | AW4: =AN4 -> 7009495222 | AX4: =AO4 -> 11024894520 | AY4: =AA4 -> 16437125000 | AZ4: =IFERROR(AX4/AW4,"") -> 1.5728514 | BA4: =IFERROR(AX4/AY4,"") -> 0.67073132 | BB4: =SUM(J4:N4) -> 15000000 | BC4: =SUM(AK4:AO4) -> 39568213997 | BD4: =SUM(W4:AA4) -> 59732165000 | BE4: =IFERROR(BC4/BB4,"") -> 2637.8809 | BF4: =IFERROR(BC4/BD4,"") -> 0.66242725 | BG4: =IFERROR(BC4/AI4,"") -> 0.22293351
B5: B | C5: Tổng chi phí | D5: =IF($B$1="x","",B5) -> B | E5: =IF($B$1="x","",C5) -> Tổng chi phí | G5: 600000000000 | H5: 1300000000000 | I5: 1500000000000 | J5: 1000000000 | K5: 1000000000 | L5: 1000000000 | M5: 1000000000 | N5: 1000000000 | O5: 1000000000 | P5: 1000000000 | Q5: 1000000000 | R5: 1000000000 | S5: 1000000000 | T5: 1000000000 | U5: 1000000000 | V5: 12000000000 | W5: =W7+W11+W30+W68+W86+W91 -> 9.0145388e+09 | X5: =X7+X11+X30+X68+X86+X91 -> 5.7298462e+09 | Y5: =Y7+Y11+Y30+Y68+Y86+Y91 -> 1.2174269e+10 | Z5: =Z7+Z11+Z30+Z68+Z86+Z91 -> 1.5637195e+10 | AA5: =AA7+AA11+AA30+AA68+AA86+AA91 -> 1.6332226e+10 | AB5: =AB7+AB11+AB30+AB68+AB86+AB91 -> 1.6380971e+10 | AC5: =AC7+AC11+AC30+AC68+AC86+AC91 -> 1.698218e+10 | AD5: =AD7+AD11+AD30+AD68+AD86+AD91 -> 1.7114405e+10 | ... AH5: =AH7+AH11+AH30+AH68+AH86+AH91 -> 1.6970972e+10 | AI5: =SUM(W5:AH5) -> 1.7613915e+11 | AJ5: 5000000000 | AK5: =AK7+AK11+AK30+AK68+AK86+AK91 -> 6986700242 | AL5: =AL7+AL11+AL30+AL68+AL86+AL91 -> 4635783549 | AM5: =AM7+AM11+AM30+AM68+AM86+AM91 -> 8926351289 | AN5: =AN7+AN11+AN30+AN68+AN86+AN91 -> 6570793719 | AO5: =AO7+AO11+AO30+AO68+AO86+AO91 -> 9905860292 | AP5: =AP7+AP11+AP30+AP68+AP86+AP91 -> 0 | AQ5: =AQ7+AQ11+AQ30+AQ68+AQ86+AQ91 -> 0 | AR5: =AR7+AR11+AR30+AR68+AR86+AR91 -> 0 | ... AV5: =AV7+AV11+AV30+AV68+AV86+AV91 -> 0 | AW5: =AN5 -> 6570793719 | AX5: =AO5 -> 9905860292 | AY5: =AA5 -> 1.6332226e+10 | AZ5: =IFERROR(AX5/AW5,"") -> 1.5075592 | BA5: =IFERROR(AX5/AY5,"") -> 0.60652236 | BB5: =SUM(J5:N5) -> 5000000000 | BC5: =SUM(AK5:AO5) -> 37025489091 | BD5: =SUM(W5:AA5) -> 5.8888076e+10 | BE5: =IFERROR(BC5/BB5,"") -> 7.4050978 | BF5: =IFERROR(BC5/BD5,"") -> 0.6287434 | BG5: =IFERROR(BC5/AI5,"") -> 0.21020591
C6: % chi phí / Doanh thu | D6: =IF($B$1="x","",B6) -> 0 | E6: =IF($B$1="x","",C6) -> % chi phí / Doanh thu | G6: ='10. 170KMP'!L7 -> 0 | H6: ='10. 170KMP'!M7 -> 0 | I6: ='10. 170KMP'!N7 -> 0 | J6: ='10. 170KMP'!O7 -> 0 | K6: ='10. 170KMP'!P7 -> 0 | L6: ='10. 170KMP'!Q7 -> 0 | M6: ='10. 170KMP'!R7 -> 0 | N6: ='10. 170KMP'!S7 -> 0 | ... AV6: ='10. 170KMP'!BA7 -> 0 | AW6: =AM6 -> 0.92815399 | AX6: =AN6 -> 0.93741325 | AY6: =Z6 -> 0.99097287 | AZ6: =IFERROR(AX6/AW6,"") -> 1.009976 | BA6: =IFERROR(AX6/AY6,"") -> 0.94595249 | BB6: =IFERROR(BB5/BB4,0) -> 333.33333 | BC6: =IFERROR(BC5/BC4,0) -> 0.93573819 | BD6: =IFERROR(BD5/BD4,0) -> 0.98586876 | BE6: =IFERROR(BC6/BB6,"") -> 0.0028072146 | BF6: =IFERROR(BC6/BD6,"") -> 0.94915087 | BG6: =IFERROR(BC6/AI6,"") -> 0.9429085
B7: I | C7: Biến phí bán hàng | D7: =IF($B$1="x","",B7) -> I | E7: =IF($B$1="x","",C7) -> Biến phí bán hàng | G7: =SUM(G8:G10) -> #REF! | H7: =SUM(H8:H10) -> #REF! | I7: =SUM(I8:I10) -> #REF! | J7: =SUM(J8:J10) -> #REF! | K7: =SUM(K8:K10) -> #REF! | L7: =SUM(L8:L10) -> #REF! | M7: =SUM(M8:M10) -> #REF! | N7: =SUM(N8:N10) -> #REF! | ... AV7: =SUM(AV8:AV10) -> 0 | AW7: =AN7 -> 195300000 | AX7: =AO7 -> 262800000 | AY7: =AA7 -> 330941000 | AZ7: =IFERROR(AX7/AW7,"") -> 1.3456221 | BA7: =IFERROR(AX7/AY7,"") -> 0.79409925 | BB7: =SUM(J7:N7) -> #REF! | BC7: =SUM(AK7:AO7) -> 1047100000 | BD7: =SUM(W7:AA7) -> 1429444360 | BE7: =IFERROR(BC7/BB7,"") | BF7: =IFERROR(BC7/BD7,"") -> 0.73252239 | BG7: =IFERROR(BC7/AI7,"") -> 0.27558756
B8: 01 | C8: Chi phí vận chuyển bán hàng | D8: 001 | E8: Chi phí vận chuyển bán hàng | F8: Biến phí | G8: =SUMIF('10. 170KMP'!$K:$K,$D8,'10. 170KMP'!L:L) -> #REF! | H8: =SUMIF('10. 170KMP'!$K:$K,$D8,'10. 170KMP'!M:M) -> #REF! | I8: =SUMIF('10. 170KMP'!$K:$K,$D8,'10. 170KMP'!N:N) -> #REF! | J8: =SUMIF('10. 170KMP'!$K:$K,$D8,'10. 170KMP'!O:O) -> #REF! | K8: =SUMIF('10. 170KMP'!$K:$K,$D8,'10. 170KMP'!P:P) -> #REF! | L8: =SUMIF('10. 170KMP'!$K:$K,$D8,'10. 170KMP'!Q:Q) -> #REF! | M8: =SUMIF('10. 170KMP'!$K:$K,$D8,'10. 170KMP'!R:R) -> #REF! | N8: =SUMIF('10. 170KMP'!$K:$K,$D8,'10. 170KMP'!S:S) -> #REF! | O8: =SUMIF('10. 170KMP'!$K:$K,$D8,'10. 170KMP'!T:T) -> #REF! | P8: =SUMIF('10. 170KMP'!$K:$K,$D8,'10. 170KMP'!U:U) -> #REF! | Q8: =SUMIF('10. 170KMP'!$K:$K,$D8,'10. 170KMP'!V:V) -> #REF! | R8: =SUMIF('10. 170KMP'!$K:$K,$D8,'10. 170KMP'!W:W) -> #REF! | S8: =SUMIF('10. 170KMP'!$K:$K,$D8,'10. 170KMP'!X:X) -> #REF! | T8: =SUMIF('10. 170KMP'!$K:$K,$D8,'10. 170KMP'!Y:Y) -> #REF! | U8: =SUMIF('10. 170KMP'!$K:$K,$D8,'10. 170KMP'!Z:Z) -> #REF! | V8: =SUMIF('10. 170KMP'!$K:$K,$D8,'10. 170KMP'!AA:AA) -> #REF! | W8: =SUMIF('10. 170KMP'!$K:$K,$D8,'10. 170KMP'!AB:AB) -> 267000000 | X8: =SUMIF('10. 170KMP'!$K:$K,$D8,'10. 170KMP'!AC:AC) -> 160200000 | Y8: =SUMIF('10. 170KMP'!$K:$K,$D8,'10. 170KMP'!AD:AD) -> 353600000 | Z8: =SUMIF('10. 170KMP'!$K:$K,$D8,'10. 170KMP'!AE:AE) -> 317703360 | AA8: =SUMIF('10. 170KMP'!$K:$K,$D8,'10. 170KMP'!AF:AF) -> 330941000 | AB8: =SUMIF('10. 170KMP'!$K:$K,$D8,'10. 170KMP'!AG:AG) -> 330941000 | AC8: =SUMIF('10. 170KMP'!$K:$K,$D8,'10. 170KMP'!AH:AH) -> 344178640 | AD8: =SUMIF('10. 170KMP'!$K:$K,$D8,'10. 170KMP'!AI:AI) -> 344398080 | AE8: =SUMIF('10. 170KMP'!$K:$K,$D8,'10. 170KMP'!AJ:AJ) -> 331152000 | AF8: =SUMIF('10. 170KMP'!$K:$K,$D8,'10. 170KMP'!AK:AK) -> 344232720 | AG8: =SUMIF('10. 170KMP'!$K:$K,$D8,'10. 170KMP'!AL:AL) -> 330993000 | AH8: =SUMIF('10. 170KMP'!$K:$K,$D8,'10. 170KMP'!AM:AM) -> 344178640 | AI8: =SUMIF('10. 170KMP'!$K:$K,$D8,'10. 170KMP'!AN:AN) -> 3799518440 | AJ8: =SUMIF('10. 170KMP'!$K:$K,$D8,'10. 170KMP'!AO:AO) -> 1047100000 | AK8: =SUMIF('10. 170KMP'!$K:$K,$D8,'10. 170KMP'!AP:AP) -> 195900000 | AL8: =SUMIF('10. 170KMP'!$K:$K,$D8,'10. 170KMP'!AQ:AQ) -> 121800000 | AM8: =SUMIF('10. 170KMP'!$K:$K,$D8,'10. 170KMP'!AR:AR) -> 271300000 | AN8: =SUMIF('10. 170KMP'!$K:$K,$D8,'10. 170KMP'!AS:AS) -> 195300000 | AO8: =SUMIF('10. 170KMP'!$K:$K,$D8,'10. 170KMP'!AT:AT) -> 262800000 | AP8: =SUMIF('10. 170KMP'!$K:$K,$D8,'10. 170KMP'!AU:AU) -> 0 | AQ8: =SUMIF('10. 170KMP'!$K:$K,$D8,'10. 170KMP'!AV:AV) -> 0 | AR8: =SUMIF('10. 170KMP'!$K:$K,$D8,'10. 170KMP'!AW:AW) -> 0 | AS8: =SUMIF('10. 170KMP'!$K:$K,$D8,'10. 170KMP'!AX:AX) -> 0 | AT8: =SUMIF('10. 170KMP'!$K:$K,$D8,'10. 170KMP'!AY:AY) -> 0 | AU8: =SUMIF('10. 170KMP'!$K:$K,$D8,'10. 170KMP'!AZ:AZ) -> 0 | AV8: =SUMIF('10. 170KMP'!$K:$K,$D8,'10. 170KMP'!BA:BA) -> 0 | AW8: =AN8 -> 195300000 | AX8: =AO8 -> 262800000 | AY8: =AA8 -> 330941000 | AZ8: =IFERROR(AX8/AW8,"") -> 1.3456221 | BA8: =IFERROR(AX8/AY8,"") -> 0.79409925 | BB8: =SUM(J8:N8) -> #REF! | BC8: =SUM(AK8:AO8) -> 1047100000 | BD8: =SUM(W8:AA8) -> 1429444360 | BE8: =IFERROR(BC8/BB8,"") | BF8: =IFERROR(BC8/BD8,"") -> 0.73252239 | BG8: =IFERROR(BC8/AI8,"") -> 0.27558756
B9: 02 | C9: Chi phí hoa hồng, chiết khấu bán hàng | D9: 002 | E9: Chi phí hoa hồng, chiết khấu bán hàng | F9: Biến phí | G9: =SUMIF('10. 170KMP'!$K:$K,$D9,'10. 170KMP'!L:L) -> #REF! | H9: =SUMIF('10. 170KMP'!$K:$K,$D9,'10. 170KMP'!M:M) -> #REF! | I9: =SUMIF('10. 170KMP'!$K:$K,$D9,'10. 170KMP'!N:N) -> #REF! | J9: =SUMIF('10. 170KMP'!$K:$K,$D9,'10. 170KMP'!O:O) -> #REF! | K9: =SUMIF('10. 170KMP'!$K:$K,$D9,'10. 170KMP'!P:P) -> #REF! | L9: =SUMIF('10. 170KMP'!$K:$K,$D9,'10. 170KMP'!Q:Q) -> #REF! | M9: =SUMIF('10. 170KMP'!$K:$K,$D9,'10. 170KMP'!R:R) -> #REF! | N9: =SUMIF('10. 170KMP'!$K:$K,$D9,'10. 170KMP'!S:S) -> #REF! | O9: =SUMIF('10. 170KMP'!$K:$K,$D9,'10. 170KMP'!T:T) -> #REF! | P9: =SUMIF('10. 170KMP'!$K:$K,$D9,'10. 170KMP'!U:U) -> #REF! | Q9: =SUMIF('10. 170KMP'!$K:$K,$D9,'10. 170KMP'!V:V) -> #REF! | R9: =SUMIF('10. 170KMP'!$K:$K,$D9,'10. 170KMP'!W:W) -> #REF! | S9: =SUMIF('10. 170KMP'!$K:$K,$D9,'10. 170KMP'!X:X) -> #REF! | T9: =SUMIF('10. 170KMP'!$K:$K,$D9,'10. 170KMP'!Y:Y) -> #REF! | U9: =SUMIF('10. 170KMP'!$K:$K,$D9,'10. 170KMP'!Z:Z) -> #REF! | V9: =SUMIF('10. 170KMP'!$K:$K,$D9,'10. 170KMP'!AA:AA) -> #REF! | W9: =SUMIF('10. 170KMP'!$K:$K,$D9,'10. 170KMP'!AB:AB) -> 0 | X9: =SUMIF('10. 170KMP'!$K:$K,$D9,'10. 170KMP'!AC:AC) -> 0 | Y9: =SUMIF('10. 170KMP'!$K:$K,$D9,'10. 170KMP'!AD:AD) -> 0 | Z9: =SUMIF('10. 170KMP'!$K:$K,$D9,'10. 170KMP'!AE:AE) -> 0 | AA9: =SUMIF('10. 170KMP'!$K:$K,$D9,'10. 170KMP'!AF:AF) -> 0 | AB9: =SUMIF('10. 170KMP'!$K:$K,$D9,'10. 170KMP'!AG:AG) -> 0 | AC9: =SUMIF('10. 170KMP'!$K:$K,$D9,'10. 170KMP'!AH:AH) -> 0 | AD9: =SUMIF('10. 170KMP'!$K:$K,$D9,'10. 170KMP'!AI:AI) -> 0 | AE9: =SUMIF('10. 170KMP'!$K:$K,$D9,'10. 170KMP'!AJ:AJ) -> 0 | AF9: =SUMIF('10. 170KMP'!$K:$K,$D9,'10. 170KMP'!AK:AK) -> 0 | AG9: =SUMIF('10. 170KMP'!$K:$K,$D9,'10. 170KMP'!AL:AL) -> 0 | AH9: =SUMIF('10. 170KMP'!$K:$K,$D9,'10. 170KMP'!AM:AM) -> 0 | AI9: =SUMIF('10. 170KMP'!$K:$K,$D9,'10. 170KMP'!AN:AN) -> 0 | AJ9: =SUMIF('10. 170KMP'!$K:$K,$D9,'10. 170KMP'!AO:AO) -> 0 | AK9: =SUMIF('10. 170KMP'!$K:$K,$D9,'10. 170KMP'!AP:AP) -> 0 | AL9: =SUMIF('10. 170KMP'!$K:$K,$D9,'10. 170KMP'!AQ:AQ) -> 0 | AM9: =SUMIF('10. 170KMP'!$K:$K,$D9,'10. 170KMP'!AR:AR) -> 0 | AN9: =SUMIF('10. 170KMP'!$K:$K,$D9,'10. 170KMP'!AS:AS) -> 0 | AO9: =SUMIF('10. 170KMP'!$K:$K,$D9,'10. 170KMP'!AT:AT) -> 0 | AP9: =SUMIF('10. 170KMP'!$K:$K,$D9,'10. 170KMP'!AU:AU) -> 0 | AQ9: =SUMIF('10. 170KMP'!$K:$K,$D9,'10. 170KMP'!AV:AV) -> 0 | AR9: =SUMIF('10. 170KMP'!$K:$K,$D9,'10. 170KMP'!AW:AW) -> 0 | AS9: =SUMIF('10. 170KMP'!$K:$K,$D9,'10. 170KMP'!AX:AX) -> 0 | AT9: =SUMIF('10. 170KMP'!$K:$K,$D9,'10. 170KMP'!AY:AY) -> 0 | AU9: =SUMIF('10. 170KMP'!$K:$K,$D9,'10. 170KMP'!AZ:AZ) -> 0 | AV9: =SUMIF('10. 170KMP'!$K:$K,$D9,'10. 170KMP'!BA:BA) -> 0 | AW9: =AN9 -> 0 | AX9: =AO9 -> 0 | AY9: =AA9 -> 0 | AZ9: =IFERROR(AX9/AW9,"") | BA9: =IFERROR(AX9/AY9,"") | BB9: =SUM(J9:N9) -> #REF! | BC9: =SUM(AK9:AO9) -> 0 | BD9: =SUM(W9:AA9) -> 0 | BE9: =IFERROR(BC9/BB9,"") | BF9: =IFERROR(BC9/BD9,"") | BG9: =IFERROR(BC9/AI9,"")
B10: 03 | C10: Chi phí bán hàng khác | D10: 003 | E10: Chi phí bán hàng khác | F10: Biến phí | G10: =SUMIF('10. 170KMP'!$K:$K,$D10,'10. 170KMP'!L:L) -> #REF! | H10: =SUMIF('10. 170KMP'!$K:$K,$D10,'10. 170KMP'!M:M) -> #REF! | I10: =SUMIF('10. 170KMP'!$K:$K,$D10,'10. 170KMP'!N:N) -> #REF! | J10: =SUMIF('10. 170KMP'!$K:$K,$D10,'10. 170KMP'!O:O) -> #REF! | K10: =SUMIF('10. 170KMP'!$K:$K,$D10,'10. 170KMP'!P:P) -> #REF! | L10: =SUMIF('10. 170KMP'!$K:$K,$D10,'10. 170KMP'!Q:Q) -> #REF! | M10: =SUMIF('10. 170KMP'!$K:$K,$D10,'10. 170KMP'!R:R) -> #REF! | N10: =SUMIF('10. 170KMP'!$K:$K,$D10,'10. 170KMP'!S:S) -> #REF! | O10: =SUMIF('10. 170KMP'!$K:$K,$D10,'10. 170KMP'!T:T) -> #REF! | P10: =SUMIF('10. 170KMP'!$K:$K,$D10,'10. 170KMP'!U:U) -> #REF! | Q10: =SUMIF('10. 170KMP'!$K:$K,$D10,'10. 170KMP'!V:V) -> #REF! | R10: =SUMIF('10. 170KMP'!$K:$K,$D10,'10. 170KMP'!W:W) -> #REF! | S10: =SUMIF('10. 170KMP'!$K:$K,$D10,'10. 170KMP'!X:X) -> #REF! | T10: =SUMIF('10. 170KMP'!$K:$K,$D10,'10. 170KMP'!Y:Y) -> #REF! | U10: =SUMIF('10. 170KMP'!$K:$K,$D10,'10. 170KMP'!Z:Z) -> #REF! | V10: =SUMIF('10. 170KMP'!$K:$K,$D10,'10. 170KMP'!AA:AA) -> #REF! | W10: =SUMIF('10. 170KMP'!$K:$K,$D10,'10. 170KMP'!AB:AB) -> 0 | X10: =SUMIF('10. 170KMP'!$K:$K,$D10,'10. 170KMP'!AC:AC) -> 0 | Y10: =SUMIF('10. 170KMP'!$K:$K,$D10,'10. 170KMP'!AD:AD) -> 0 | Z10: =SUMIF('10. 170KMP'!$K:$K,$D10,'10. 170KMP'!AE:AE) -> 0 | AA10: =SUMIF('10. 170KMP'!$K:$K,$D10,'10. 170KMP'!AF:AF) -> 0 | AB10: =SUMIF('10. 170KMP'!$K:$K,$D10,'10. 170KMP'!AG:AG) -> 0 | AC10: =SUMIF('10. 170KMP'!$K:$K,$D10,'10. 170KMP'!AH:AH) -> 0 | AD10: =SUMIF('10. 170KMP'!$K:$K,$D10,'10. 170KMP'!AI:AI) -> 0 | AE10: =SUMIF('10. 170KMP'!$K:$K,$D10,'10. 170KMP'!AJ:AJ) -> 0 | AF10: =SUMIF('10. 170KMP'!$K:$K,$D10,'10. 170KMP'!AK:AK) -> 0 | AG10: =SUMIF('10. 170KMP'!$K:$K,$D10,'10. 170KMP'!AL:AL) -> 0 | AH10: =SUMIF('10. 170KMP'!$K:$K,$D10,'10. 170KMP'!AM:AM) -> 0 | AI10: =SUMIF('10. 170KMP'!$K:$K,$D10,'10. 170KMP'!AN:AN) -> 0 | AJ10: =SUMIF('10. 170KMP'!$K:$K,$D10,'10. 170KMP'!AO:AO) -> 0 | AK10: =SUMIF('10. 170KMP'!$K:$K,$D10,'10. 170KMP'!AP:AP) -> 0 | AL10: =SUMIF('10. 170KMP'!$K:$K,$D10,'10. 170KMP'!AQ:AQ) -> 0 | AM10: =SUMIF('10. 170KMP'!$K:$K,$D10,'10. 170KMP'!AR:AR) -> 0 | AN10: =SUMIF('10. 170KMP'!$K:$K,$D10,'10. 170KMP'!AS:AS) -> 0 | AO10: =SUMIF('10. 170KMP'!$K:$K,$D10,'10. 170KMP'!AT:AT) -> 0 | AP10: =SUMIF('10. 170KMP'!$K:$K,$D10,'10. 170KMP'!AU:AU) -> 0 | AQ10: =SUMIF('10. 170KMP'!$K:$K,$D10,'10. 170KMP'!AV:AV) -> 0 | AR10: =SUMIF('10. 170KMP'!$K:$K,$D10,'10. 170KMP'!AW:AW) -> 0 | AS10: =SUMIF('10. 170KMP'!$K:$K,$D10,'10. 170KMP'!AX:AX) -> 0 | AT10: =SUMIF('10. 170KMP'!$K:$K,$D10,'10. 170KMP'!AY:AY) -> 0 | AU10: =SUMIF('10. 170KMP'!$K:$K,$D10,'10. 170KMP'!AZ:AZ) -> 0 | AV10: =SUMIF('10. 170KMP'!$K:$K,$D10,'10. 170KMP'!BA:BA) -> 0 | AW10: =AN10 -> 0 | AX10: =AO10 -> 0 | AY10: =AA10 -> 0 | AZ10: =IFERROR(AX10/AW10,"") | BA10: =IFERROR(AX10/AY10,"") | BB10: =SUM(J10:N10) -> #REF! | BC10: =SUM(AK10:AO10) -> 0 | BD10: =SUM(W10:AA10) -> 0 | BE10: =IFERROR(BC10/BB10,"") | BF10: =IFERROR(BC10/BD10,"") | BG10: =IFERROR(BC10/AI10,"")
B11: II | C11: Biến phí sản xuất | D11: =IF($B$1="x","",B11) -> II | E11: =IF($B$1="x","",C11) -> Biến phí sản xuất | G11: =SUM(G12:G29) -> #REF! | H11: =SUM(H12:H29) -> #REF! | I11: =SUM(I12:I29) -> #REF! | J11: =SUM(J12:J29) -> #REF! | K11: =SUM(K12:K29) -> #REF! | L11: =SUM(L12:L29) -> #REF! | M11: =SUM(M12:M29) -> #REF! | N11: =SUM(N12:N29) -> #REF! | ... AV11: =SUM(AV12:AV29) -> 0 | AW11: =AN11 -> 5385431745 | AX11: =AO11 -> 8527664926 | AY11: =AA11 -> 1.3840742e+10 | AZ11: =IFERROR(AX11/AW11,"") -> 1.5834691 | BA11: =IFERROR(AX11/AY11,"") -> 0.61612772 | BB11: =SUM(J11:N11) -> #REF! | BC11: =SUM(AK11:AO11) -> 30825901564 | BD11: =SUM(W11:AA11) -> 4.942609e+10 | BE11: =IFERROR(BC11/BB11,"") | BF11: =IFERROR(BC11/BD11,"") -> 0.62367671 | BG11: =IFERROR(BC11/AI11,"") -> 0.20754995
B12: 04 | C12: Chi phí nguyên liệu vật chính | D12: 004 | E12: Chi phí nguyên liệu vật chính | F12: Biến phí | G12: =SUMIF('10. 170KMP'!$K:$K,$D12,'10. 170KMP'!L:L) -> #REF! | H12: =SUMIF('10. 170KMP'!$K:$K,$D12,'10. 170KMP'!M:M) -> #REF! | I12: =SUMIF('10. 170KMP'!$K:$K,$D12,'10. 170KMP'!N:N) -> #REF! | J12: =SUMIF('10. 170KMP'!$K:$K,$D12,'10. 170KMP'!O:O) -> #REF! | K12: =SUMIF('10. 170KMP'!$K:$K,$D12,'10. 170KMP'!P:P) -> #REF! | L12: =SUMIF('10. 170KMP'!$K:$K,$D12,'10. 170KMP'!Q:Q) -> #REF! | M12: =SUMIF('10. 170KMP'!$K:$K,$D12,'10. 170KMP'!R:R) -> #REF! | N12: =SUMIF('10. 170KMP'!$K:$K,$D12,'10. 170KMP'!S:S) -> #REF! | O12: =SUMIF('10. 170KMP'!$K:$K,$D12,'10. 170KMP'!T:T) -> #REF! | P12: =SUMIF('10. 170KMP'!$K:$K,$D12,'10. 170KMP'!U:U) -> #REF! | Q12: =SUMIF('10. 170KMP'!$K:$K,$D12,'10. 170KMP'!V:V) -> #REF! | R12: =SUMIF('10. 170KMP'!$K:$K,$D12,'10. 170KMP'!W:W) -> #REF! | S12: =SUMIF('10. 170KMP'!$K:$K,$D12,'10. 170KMP'!X:X) -> #REF! | T12: =SUMIF('10. 170KMP'!$K:$K,$D12,'10. 170KMP'!Y:Y) -> #REF! | U12: =SUMIF('10. 170KMP'!$K:$K,$D12,'10. 170KMP'!Z:Z) -> #REF! | V12: =SUMIF('10. 170KMP'!$K:$K,$D12,'10. 170KMP'!AA:AA) -> #REF! | W12: =SUMIF('10. 170KMP'!$K:$K,$D12,'10. 170KMP'!AB:AB) -> 7275000000 | X12: =SUMIF('10. 170KMP'!$K:$K,$D12,'10. 170KMP'!AC:AC) -> 4275000000 | Y12: =SUMIF('10. 170KMP'!$K:$K,$D12,'10. 170KMP'!AD:AD) -> 10000000000 | Z12: =SUMIF('10. 170KMP'!$K:$K,$D12,'10. 170KMP'!AE:AE) -> 12000000000 | AA12: =SUMIF('10. 170KMP'!$K:$K,$D12,'10. 170KMP'!AF:AF) -> 12500000000 | AB12: =SUMIF('10. 170KMP'!$K:$K,$D12,'10. 170KMP'!AG:AG) -> 12500000000 | AC12: =SUMIF('10. 170KMP'!$K:$K,$D12,'10. 170KMP'!AH:AH) -> 13000000000 | AD12: =SUMIF('10. 170KMP'!$K:$K,$D12,'10. 170KMP'!AI:AI) -> 13000000000 | AE12: =SUMIF('10. 170KMP'!$K:$K,$D12,'10. 170KMP'!AJ:AJ) -> 12500000000 | AF12: =SUMIF('10. 170KMP'!$K:$K,$D12,'10. 170KMP'!AK:AK) -> 13000000000 | AG12: =SUMIF('10. 170KMP'!$K:$K,$D12,'10. 170KMP'!AL:AL) -> 12500000000 | AH12: =SUMIF('10. 170KMP'!$K:$K,$D12,'10. 170KMP'!AM:AM) -> 13000000000 | AI12: =SUMIF('10. 170KMP'!$K:$K,$D12,'10. 170KMP'!AN:AN) -> 135550000000 | AJ12: =SUMIF('10. 170KMP'!$K:$K,$D12,'10. 170KMP'!AO:AO) -> 29843104307 | AK12: =SUMIF('10. 170KMP'!$K:$K,$D12,'10. 170KMP'!AP:AP) -> 5578831855 | AL12: =SUMIF('10. 170KMP'!$K:$K,$D12,'10. 170KMP'!AQ:AQ) -> 3437777528 | AM12: =SUMIF('10. 170KMP'!$K:$K,$D12,'10. 170KMP'!AR:AR) -> 7441576343 | AN12: =SUMIF('10. 170KMP'!$K:$K,$D12,'10. 170KMP'!AS:AS) -> 5155085629 | AO12: =SUMIF('10. 170KMP'!$K:$K,$D12,'10. 170KMP'!AT:AT) -> 8229832952 | AP12: =SUMIF('10. 170KMP'!$K:$K,$D12,'10. 170KMP'!AU:AU) -> 0 | AQ12: =SUMIF('10. 170KMP'!$K:$K,$D12,'10. 170KMP'!AV:AV) -> 0 | AR12: =SUMIF('10. 170KMP'!$K:$K,$D12,'10. 170KMP'!AW:AW) -> 0 | AS12: =SUMIF('10. 170KMP'!$K:$K,$D12,'10. 170KMP'!AX:AX) -> 0 | AT12: =SUMIF('10. 170KMP'!$K:$K,$D12,'10. 170KMP'!AY:AY) -> 0 | AU12: =SUMIF('10. 170KMP'!$K:$K,$D12,'10. 170KMP'!AZ:AZ) -> 0 | AV12: =SUMIF('10. 170KMP'!$K:$K,$D12,'10. 170KMP'!BA:BA) -> 0 | AW12: =AN12 -> 5155085629 | AX12: =AO12 -> 8229832952 | AY12: =AA12 -> 12500000000 | AZ12: =IFERROR(AX12/AW12,"") -> 1.5964493 | BA12: =IFERROR(AX12/AY12,"") -> 0.65838664 | BB12: =SUM(J12:N12) -> #REF! | BC12: =SUM(AK12:AO12) -> 29843104307 | BD12: =SUM(W12:AA12) -> 46050000000 | BE12: =IFERROR(BC12/BB12,"") | BF12: =IFERROR(BC12/BD12,"") -> 0.64805873 | BG12: =IFERROR(BC12/AI12,"") -> 0.22016307
B13: 05 | C13: Chi phí nguyên vật liệu phụ | D13: 005 | E13: Chi phí hóa chất, dung môi, mực in, hạt màu, … | F13: Biến phí | G13: =SUMIF('10. 170KMP'!$K:$K,$D13,'10. 170KMP'!L:L) -> #REF! | H13: =SUMIF('10. 170KMP'!$K:$K,$D13,'10. 170KMP'!M:M) -> #REF! | I13: =SUMIF('10. 170KMP'!$K:$K,$D13,'10. 170KMP'!N:N) -> #REF! | J13: =SUMIF('10. 170KMP'!$K:$K,$D13,'10. 170KMP'!O:O) -> #REF! | K13: =SUMIF('10. 170KMP'!$K:$K,$D13,'10. 170KMP'!P:P) -> #REF! | L13: =SUMIF('10. 170KMP'!$K:$K,$D13,'10. 170KMP'!Q:Q) -> #REF! | M13: =SUMIF('10. 170KMP'!$K:$K,$D13,'10. 170KMP'!R:R) -> #REF! | N13: =SUMIF('10. 170KMP'!$K:$K,$D13,'10. 170KMP'!S:S) -> #REF! | O13: =SUMIF('10. 170KMP'!$K:$K,$D13,'10. 170KMP'!T:T) -> #REF! | P13: =SUMIF('10. 170KMP'!$K:$K,$D13,'10. 170KMP'!U:U) -> #REF! | Q13: =SUMIF('10. 170KMP'!$K:$K,$D13,'10. 170KMP'!V:V) -> #REF! | R13: =SUMIF('10. 170KMP'!$K:$K,$D13,'10. 170KMP'!W:W) -> #REF! | S13: =SUMIF('10. 170KMP'!$K:$K,$D13,'10. 170KMP'!X:X) -> #REF! | T13: =SUMIF('10. 170KMP'!$K:$K,$D13,'10. 170KMP'!Y:Y) -> #REF! | U13: =SUMIF('10. 170KMP'!$K:$K,$D13,'10. 170KMP'!Z:Z) -> #REF! | V13: =SUMIF('10. 170KMP'!$K:$K,$D13,'10. 170KMP'!AA:AA) -> #REF! | W13: =SUMIF('10. 170KMP'!$K:$K,$D13,'10. 170KMP'!AB:AB) -> 0 | X13: =SUMIF('10. 170KMP'!$K:$K,$D13,'10. 170KMP'!AC:AC) -> 0 | Y13: =SUMIF('10. 170KMP'!$K:$K,$D13,'10. 170KMP'!AD:AD) -> 0 | Z13: =SUMIF('10. 170KMP'!$K:$K,$D13,'10. 170KMP'!AE:AE) -> 0 | AA13: =SUMIF('10. 170KMP'!$K:$K,$D13,'10. 170KMP'!AF:AF) -> 0 | AB13: =SUMIF('10. 170KMP'!$K:$K,$D13,'10. 170KMP'!AG:AG) -> 0 | AC13: =SUMIF('10. 170KMP'!$K:$K,$D13,'10. 170KMP'!AH:AH) -> 0 | AD13: =SUMIF('10. 170KMP'!$K:$K,$D13,'10. 170KMP'!AI:AI) -> 0 | AE13: =SUMIF('10. 170KMP'!$K:$K,$D13,'10. 170KMP'!AJ:AJ) -> 0 | AF13: =SUMIF('10. 170KMP'!$K:$K,$D13,'10. 170KMP'!AK:AK) -> 0 | AG13: =SUMIF('10. 170KMP'!$K:$K,$D13,'10. 170KMP'!AL:AL) -> 0 | AH13: =SUMIF('10. 170KMP'!$K:$K,$D13,'10. 170KMP'!AM:AM) -> 0 | AI13: =SUMIF('10. 170KMP'!$K:$K,$D13,'10. 170KMP'!AN:AN) -> 0 | AJ13: =SUMIF('10. 170KMP'!$K:$K,$D13,'10. 170KMP'!AO:AO) -> 0 | AK13: =SUMIF('10. 170KMP'!$K:$K,$D13,'10. 170KMP'!AP:AP) -> 0 | AL13: =SUMIF('10. 170KMP'!$K:$K,$D13,'10. 170KMP'!AQ:AQ) -> 0 | AM13: =SUMIF('10. 170KMP'!$K:$K,$D13,'10. 170KMP'!AR:AR) -> 0 | AN13: =SUMIF('10. 170KMP'!$K:$K,$D13,'10. 170KMP'!AS:AS) -> 0 | AO13: =SUMIF('10. 170KMP'!$K:$K,$D13,'10. 170KMP'!AT:AT) -> 0 | AP13: =SUMIF('10. 170KMP'!$K:$K,$D13,'10. 170KMP'!AU:AU) -> 0 | AQ13: =SUMIF('10. 170KMP'!$K:$K,$D13,'10. 170KMP'!AV:AV) -> 0 | AR13: =SUMIF('10. 170KMP'!$K:$K,$D13,'10. 170KMP'!AW:AW) -> 0 | AS13: =SUMIF('10. 170KMP'!$K:$K,$D13,'10. 170KMP'!AX:AX) -> 0 | AT13: =SUMIF('10. 170KMP'!$K:$K,$D13,'10. 170KMP'!AY:AY) -> 0 | AU13: =SUMIF('10. 170KMP'!$K:$K,$D13,'10. 170KMP'!AZ:AZ) -> 0 | AV13: =SUMIF('10. 170KMP'!$K:$K,$D13,'10. 170KMP'!BA:BA) -> 0 | AW13: =AN13 -> 0 | AX13: =AO13 -> 0 | AY13: =AA13 -> 0 | AZ13: =IFERROR(AX13/AW13,"") | BA13: =IFERROR(AX13/AY13,"") | BB13: =SUM(J13:N13) -> #REF! | BC13: =SUM(AK13:AO13) -> 0 | BD13: =SUM(W13:AA13) -> 0 | BE13: =IFERROR(BC13/BB13,"") | BF13: =IFERROR(BC13/BD13,"") | BG13: =IFERROR(BC13/AI13,"")
D14: 006 | E14: Chi phí nguyên vật liệu phụ khác | F14: Biến phí | G14: =SUMIF('10. 170KMP'!$K:$K,$D14,'10. 170KMP'!L:L) -> #REF! | H14: =SUMIF('10. 170KMP'!$K:$K,$D14,'10. 170KMP'!M:M) -> #REF! | I14: =SUMIF('10. 170KMP'!$K:$K,$D14,'10. 170KMP'!N:N) -> #REF! | J14: =SUMIF('10. 170KMP'!$K:$K,$D14,'10. 170KMP'!O:O) -> #REF! | K14: =SUMIF('10. 170KMP'!$K:$K,$D14,'10. 170KMP'!P:P) -> #REF! | L14: =SUMIF('10. 170KMP'!$K:$K,$D14,'10. 170KMP'!Q:Q) -> #REF! | M14: =SUMIF('10. 170KMP'!$K:$K,$D14,'10. 170KMP'!R:R) -> #REF! | N14: =SUMIF('10. 170KMP'!$K:$K,$D14,'10. 170KMP'!S:S) -> #REF! | O14: =SUMIF('10. 170KMP'!$K:$K,$D14,'10. 170KMP'!T:T) -> #REF! | P14: =SUMIF('10. 170KMP'!$K:$K,$D14,'10. 170KMP'!U:U) -> #REF! | Q14: =SUMIF('10. 170KMP'!$K:$K,$D14,'10. 170KMP'!V:V) -> #REF! | R14: =SUMIF('10. 170KMP'!$K:$K,$D14,'10. 170KMP'!W:W) -> #REF! | S14: =SUMIF('10. 170KMP'!$K:$K,$D14,'10. 170KMP'!X:X) -> #REF! | T14: =SUMIF('10. 170KMP'!$K:$K,$D14,'10. 170KMP'!Y:Y) -> #REF! | U14: =SUMIF('10. 170KMP'!$K:$K,$D14,'10. 170KMP'!Z:Z) -> #REF! | V14: =SUMIF('10. 170KMP'!$K:$K,$D14,'10. 170KMP'!AA:AA) -> #REF! | W14: =SUMIF('10. 170KMP'!$K:$K,$D14,'10. 170KMP'!AB:AB) -> 0 | X14: =SUMIF('10. 170KMP'!$K:$K,$D14,'10. 170KMP'!AC:AC) -> 0 | Y14: =SUMIF('10. 170KMP'!$K:$K,$D14,'10. 170KMP'!AD:AD) -> 0 | Z14: =SUMIF('10. 170KMP'!$K:$K,$D14,'10. 170KMP'!AE:AE) -> 0 | AA14: =SUMIF('10. 170KMP'!$K:$K,$D14,'10. 170KMP'!AF:AF) -> 0 | AB14: =SUMIF('10. 170KMP'!$K:$K,$D14,'10. 170KMP'!AG:AG) -> 0 | AC14: =SUMIF('10. 170KMP'!$K:$K,$D14,'10. 170KMP'!AH:AH) -> 0 | AD14: =SUMIF('10. 170KMP'!$K:$K,$D14,'10. 170KMP'!AI:AI) -> 0 | AE14: =SUMIF('10. 170KMP'!$K:$K,$D14,'10. 170KMP'!AJ:AJ) -> 0 | AF14: =SUMIF('10. 170KMP'!$K:$K,$D14,'10. 170KMP'!AK:AK) -> 0 | AG14: =SUMIF('10. 170KMP'!$K:$K,$D14,'10. 170KMP'!AL:AL) -> 0 | AH14: =SUMIF('10. 170KMP'!$K:$K,$D14,'10. 170KMP'!AM:AM) -> 0 | AI14: =SUMIF('10. 170KMP'!$K:$K,$D14,'10. 170KMP'!AN:AN) -> 0 | AJ14: =SUMIF('10. 170KMP'!$K:$K,$D14,'10. 170KMP'!AO:AO) -> 0 | AK14: =SUMIF('10. 170KMP'!$K:$K,$D14,'10. 170KMP'!AP:AP) -> 0 | AL14: =SUMIF('10. 170KMP'!$K:$K,$D14,'10. 170KMP'!AQ:AQ) -> 0 | AM14: =SUMIF('10. 170KMP'!$K:$K,$D14,'10. 170KMP'!AR:AR) -> 0 | AN14: =SUMIF('10. 170KMP'!$K:$K,$D14,'10. 170KMP'!AS:AS) -> 0 | AO14: =SUMIF('10. 170KMP'!$K:$K,$D14,'10. 170KMP'!AT:AT) -> 0 | AP14: =SUMIF('10. 170KMP'!$K:$K,$D14,'10. 170KMP'!AU:AU) -> 0 | AQ14: =SUMIF('10. 170KMP'!$K:$K,$D14,'10. 170KMP'!AV:AV) -> 0 | AR14: =SUMIF('10. 170KMP'!$K:$K,$D14,'10. 170KMP'!AW:AW) -> 0 | AS14: =SUMIF('10. 170KMP'!$K:$K,$D14,'10. 170KMP'!AX:AX) -> 0 | AT14: =SUMIF('10. 170KMP'!$K:$K,$D14,'10. 170KMP'!AY:AY) -> 0 | AU14: =SUMIF('10. 170KMP'!$K:$K,$D14,'10. 170KMP'!AZ:AZ) -> 0 | AV14: =SUMIF('10. 170KMP'!$K:$K,$D14,'10. 170KMP'!BA:BA) -> 0 | AW14: =AN14 -> 0 | AX14: =AO14 -> 0 | AY14: =AA14 -> 0 | AZ14: =IFERROR(AX14/AW14,"") | BA14: =IFERROR(AX14/AY14,"") | BB14: =SUM(J14:N14) -> #REF! | BC14: =SUM(AK14:AO14) -> 0 | BD14: =SUM(W14:AA14) -> 0 | BE14: =IFERROR(BC14/BB14,"") | BF14: =IFERROR(BC14/BD14,"") | BG14: =IFERROR(BC14/AI14,"")
B15: 06 | C15: Chi phí vật tư kỹ thuật phục vụ sản xuất | D15: 007 | E15: Chi phí lưới, dao, khuôn, xi, khắc | F15: Biến phí | G15: =SUMIF('10. 170KMP'!$K:$K,$D15,'10. 170KMP'!L:L) -> #REF! | H15: =SUMIF('10. 170KMP'!$K:$K,$D15,'10. 170KMP'!M:M) -> #REF! | I15: =SUMIF('10. 170KMP'!$K:$K,$D15,'10. 170KMP'!N:N) -> #REF! | J15: =SUMIF('10. 170KMP'!$K:$K,$D15,'10. 170KMP'!O:O) -> #REF! | K15: =SUMIF('10. 170KMP'!$K:$K,$D15,'10. 170KMP'!P:P) -> #REF! | L15: =SUMIF('10. 170KMP'!$K:$K,$D15,'10. 170KMP'!Q:Q) -> #REF! | M15: =SUMIF('10. 170KMP'!$K:$K,$D15,'10. 170KMP'!R:R) -> #REF! | N15: =SUMIF('10. 170KMP'!$K:$K,$D15,'10. 170KMP'!S:S) -> #REF! | O15: =SUMIF('10. 170KMP'!$K:$K,$D15,'10. 170KMP'!T:T) -> #REF! | P15: =SUMIF('10. 170KMP'!$K:$K,$D15,'10. 170KMP'!U:U) -> #REF! | Q15: =SUMIF('10. 170KMP'!$K:$K,$D15,'10. 170KMP'!V:V) -> #REF! | R15: =SUMIF('10. 170KMP'!$K:$K,$D15,'10. 170KMP'!W:W) -> #REF! | S15: =SUMIF('10. 170KMP'!$K:$K,$D15,'10. 170KMP'!X:X) -> #REF! | T15: =SUMIF('10. 170KMP'!$K:$K,$D15,'10. 170KMP'!Y:Y) -> #REF! | U15: =SUMIF('10. 170KMP'!$K:$K,$D15,'10. 170KMP'!Z:Z) -> #REF! | V15: =SUMIF('10. 170KMP'!$K:$K,$D15,'10. 170KMP'!AA:AA) -> #REF! | W15: =SUMIF('10. 170KMP'!$K:$K,$D15,'10. 170KMP'!AB:AB) -> 41281989 | X15: =SUMIF('10. 170KMP'!$K:$K,$D15,'10. 170KMP'!AC:AC) -> 24769193 | Y15: =SUMIF('10. 170KMP'!$K:$K,$D15,'10. 170KMP'!AD:AD) -> 54671578 | Z15: =SUMIF('10. 170KMP'!$K:$K,$D15,'10. 170KMP'!AE:AE) -> 65568786 | AA15: =SUMIF('10. 170KMP'!$K:$K,$D15,'10. 170KMP'!AF:AF) -> 1.7169125e+08 | AB15: =SUMIF('10. 170KMP'!$K:$K,$D15,'10. 170KMP'!AG:AG) -> 1.7169125e+08 | AC15: =SUMIF('10. 170KMP'!$K:$K,$D15,'10. 170KMP'!AH:AH) -> 1.785589e+08 | AD15: =SUMIF('10. 170KMP'!$K:$K,$D15,'10. 170KMP'!AI:AI) -> 1.7871313e+08 | AE15: =SUMIF('10. 170KMP'!$K:$K,$D15,'10. 170KMP'!AJ:AJ) -> 1.7183955e+08 | AF15: =SUMIF('10. 170KMP'!$K:$K,$D15,'10. 170KMP'!AK:AK) -> 1.7857654e+08 | AG15: =SUMIF('10. 170KMP'!$K:$K,$D15,'10. 170KMP'!AL:AL) -> 1.7170822e+08 | AH15: =SUMIF('10. 170KMP'!$K:$K,$D15,'10. 170KMP'!AM:AM) -> 1.785589e+08 | AI15: =SUMIF('10. 170KMP'!$K:$K,$D15,'10. 170KMP'!AN:AN) -> 1.5876293e+09 | AJ15: =SUMIF('10. 170KMP'!$K:$K,$D15,'10. 170KMP'!AO:AO) -> 118851011 | AK15: =SUMIF('10. 170KMP'!$K:$K,$D15,'10. 170KMP'!AP:AP) -> 12043011 | AL15: =SUMIF('10. 170KMP'!$K:$K,$D15,'10. 170KMP'!AQ:AQ) -> 0 | AM15: =SUMIF('10. 170KMP'!$K:$K,$D15,'10. 170KMP'!AR:AR) -> 0 | AN15: =SUMIF('10. 170KMP'!$K:$K,$D15,'10. 170KMP'!AS:AS) -> 53404000 | AO15: =SUMIF('10. 170KMP'!$K:$K,$D15,'10. 170KMP'!AT:AT) -> 53404000 | AP15: =SUMIF('10. 170KMP'!$K:$K,$D15,'10. 170KMP'!AU:AU) -> 0 | AQ15: =SUMIF('10. 170KMP'!$K:$K,$D15,'10. 170KMP'!AV:AV) -> 0 | AR15: =SUMIF('10. 170KMP'!$K:$K,$D15,'10. 170KMP'!AW:AW) -> 0 | AS15: =SUMIF('10. 170KMP'!$K:$K,$D15,'10. 170KMP'!AX:AX) -> 0 | AT15: =SUMIF('10. 170KMP'!$K:$K,$D15,'10. 170KMP'!AY:AY) -> 0 | AU15: =SUMIF('10. 170KMP'!$K:$K,$D15,'10. 170KMP'!AZ:AZ) -> 0 | AV15: =SUMIF('10. 170KMP'!$K:$K,$D15,'10. 170KMP'!BA:BA) -> 0 | AW15: =AN15 -> 53404000 | AX15: =AO15 -> 53404000 | AY15: =AA15 -> 1.7169125e+08 | AZ15: =IFERROR(AX15/AW15,"") -> 1 | BA15: =IFERROR(AX15/AY15,"") -> 0.31104673 | BB15: =SUM(J15:N15) -> #REF! | BC15: =SUM(AK15:AO15) -> 118851011 | BD15: =SUM(W15:AA15) -> 3.5798279e+08 | BE15: =IFERROR(BC15/BB15,"") | BF15: =IFERROR(BC15/BD15,"") -> 0.33200202 | BG15: =IFERROR(BC15/AI15,"") -> 0.074860682
D16: 008 | E16: Chi phí vật tư kỹ thuật phục vụ sản xuất khác | F16: Biến phí | G16: =SUMIF('10. 170KMP'!$K:$K,$D16,'10. 170KMP'!L:L) -> #REF! | H16: =SUMIF('10. 170KMP'!$K:$K,$D16,'10. 170KMP'!M:M) -> #REF! | I16: =SUMIF('10. 170KMP'!$K:$K,$D16,'10. 170KMP'!N:N) -> #REF! | J16: =SUMIF('10. 170KMP'!$K:$K,$D16,'10. 170KMP'!O:O) -> #REF! | K16: =SUMIF('10. 170KMP'!$K:$K,$D16,'10. 170KMP'!P:P) -> #REF! | L16: =SUMIF('10. 170KMP'!$K:$K,$D16,'10. 170KMP'!Q:Q) -> #REF! | M16: =SUMIF('10. 170KMP'!$K:$K,$D16,'10. 170KMP'!R:R) -> #REF! | N16: =SUMIF('10. 170KMP'!$K:$K,$D16,'10. 170KMP'!S:S) -> #REF! | O16: =SUMIF('10. 170KMP'!$K:$K,$D16,'10. 170KMP'!T:T) -> #REF! | P16: =SUMIF('10. 170KMP'!$K:$K,$D16,'10. 170KMP'!U:U) -> #REF! | Q16: =SUMIF('10. 170KMP'!$K:$K,$D16,'10. 170KMP'!V:V) -> #REF! | R16: =SUMIF('10. 170KMP'!$K:$K,$D16,'10. 170KMP'!W:W) -> #REF! | S16: =SUMIF('10. 170KMP'!$K:$K,$D16,'10. 170KMP'!X:X) -> #REF! | T16: =SUMIF('10. 170KMP'!$K:$K,$D16,'10. 170KMP'!Y:Y) -> #REF! | U16: =SUMIF('10. 170KMP'!$K:$K,$D16,'10. 170KMP'!Z:Z) -> #REF! | V16: =SUMIF('10. 170KMP'!$K:$K,$D16,'10. 170KMP'!AA:AA) -> #REF! | W16: =SUMIF('10. 170KMP'!$K:$K,$D16,'10. 170KMP'!AB:AB) -> 3000000 | X16: =SUMIF('10. 170KMP'!$K:$K,$D16,'10. 170KMP'!AC:AC) -> 3000000 | Y16: =SUMIF('10. 170KMP'!$K:$K,$D16,'10. 170KMP'!AD:AD) -> 3000000 | Z16: =SUMIF('10. 170KMP'!$K:$K,$D16,'10. 170KMP'!AE:AE) -> 8000000 | AA16: =SUMIF('10. 170KMP'!$K:$K,$D16,'10. 170KMP'!AF:AF) -> 8000000 | AB16: =SUMIF('10. 170KMP'!$K:$K,$D16,'10. 170KMP'!AG:AG) -> 8000000 | AC16: =SUMIF('10. 170KMP'!$K:$K,$D16,'10. 170KMP'!AH:AH) -> 8000000 | AD16: =SUMIF('10. 170KMP'!$K:$K,$D16,'10. 170KMP'!AI:AI) -> 8000000 | AE16: =SUMIF('10. 170KMP'!$K:$K,$D16,'10. 170KMP'!AJ:AJ) -> 8000000 | AF16: =SUMIF('10. 170KMP'!$K:$K,$D16,'10. 170KMP'!AK:AK) -> 8000000 | AG16: =SUMIF('10. 170KMP'!$K:$K,$D16,'10. 170KMP'!AL:AL) -> 8000000 | AH16: =SUMIF('10. 170KMP'!$K:$K,$D16,'10. 170KMP'!AM:AM) -> 8000000 | AI16: =SUMIF('10. 170KMP'!$K:$K,$D16,'10. 170KMP'!AN:AN) -> 81000000 | AJ16: =SUMIF('10. 170KMP'!$K:$K,$D16,'10. 170KMP'!AO:AO) -> 5024000 | AK16: =SUMIF('10. 170KMP'!$K:$K,$D16,'10. 170KMP'!AP:AP) -> 0 | AL16: =SUMIF('10. 170KMP'!$K:$K,$D16,'10. 170KMP'!AQ:AQ) -> 0 | AM16: =SUMIF('10. 170KMP'!$K:$K,$D16,'10. 170KMP'!AR:AR) -> 0 | AN16: =SUMIF('10. 170KMP'!$K:$K,$D16,'10. 170KMP'!AS:AS) -> 3079000 | AO16: =SUMIF('10. 170KMP'!$K:$K,$D16,'10. 170KMP'!AT:AT) -> 1945000 | AP16: =SUMIF('10. 170KMP'!$K:$K,$D16,'10. 170KMP'!AU:AU) -> 0 | AQ16: =SUMIF('10. 170KMP'!$K:$K,$D16,'10. 170KMP'!AV:AV) -> 0 | AR16: =SUMIF('10. 170KMP'!$K:$K,$D16,'10. 170KMP'!AW:AW) -> 0 | AS16: =SUMIF('10. 170KMP'!$K:$K,$D16,'10. 170KMP'!AX:AX) -> 0 | AT16: =SUMIF('10. 170KMP'!$K:$K,$D16,'10. 170KMP'!AY:AY) -> 0 | AU16: =SUMIF('10. 170KMP'!$K:$K,$D16,'10. 170KMP'!AZ:AZ) -> 0 | AV16: =SUMIF('10. 170KMP'!$K:$K,$D16,'10. 170KMP'!BA:BA) -> 0 | AW16: =AN16 -> 3079000 | AX16: =AO16 -> 1945000 | AY16: =AA16 -> 8000000 | AZ16: =IFERROR(AX16/AW16,"") -> 0.6316986 | BA16: =IFERROR(AX16/AY16,"") -> 0.243125 | BB16: =SUM(J16:N16) -> #REF! | BC16: =SUM(AK16:AO16) -> 5024000 | BD16: =SUM(W16:AA16) -> 25000000 | BE16: =IFERROR(BC16/BB16,"") | BF16: =IFERROR(BC16/BD16,"") -> 0.20096 | BG16: =IFERROR(BC16/AI16,"") -> 0.062024691
B17: 07 | C17: Chi phí bao bì | D17: 009 | E17: Chi phí bao jumbo | F17: Biến phí | G17: =SUMIF('10. 170KMP'!$K:$K,$D17,'10. 170KMP'!L:L) -> #REF! | H17: =SUMIF('10. 170KMP'!$K:$K,$D17,'10. 170KMP'!M:M) -> #REF! | I17: =SUMIF('10. 170KMP'!$K:$K,$D17,'10. 170KMP'!N:N) -> #REF! | J17: =SUMIF('10. 170KMP'!$K:$K,$D17,'10. 170KMP'!O:O) -> #REF! | K17: =SUMIF('10. 170KMP'!$K:$K,$D17,'10. 170KMP'!P:P) -> #REF! | L17: =SUMIF('10. 170KMP'!$K:$K,$D17,'10. 170KMP'!Q:Q) -> #REF! | M17: =SUMIF('10. 170KMP'!$K:$K,$D17,'10. 170KMP'!R:R) -> #REF! | N17: =SUMIF('10. 170KMP'!$K:$K,$D17,'10. 170KMP'!S:S) -> #REF! | O17: =SUMIF('10. 170KMP'!$K:$K,$D17,'10. 170KMP'!T:T) -> #REF! | P17: =SUMIF('10. 170KMP'!$K:$K,$D17,'10. 170KMP'!U:U) -> #REF! | Q17: =SUMIF('10. 170KMP'!$K:$K,$D17,'10. 170KMP'!V:V) -> #REF! | R17: =SUMIF('10. 170KMP'!$K:$K,$D17,'10. 170KMP'!W:W) -> #REF! | S17: =SUMIF('10. 170KMP'!$K:$K,$D17,'10. 170KMP'!X:X) -> #REF! | T17: =SUMIF('10. 170KMP'!$K:$K,$D17,'10. 170KMP'!Y:Y) -> #REF! | U17: =SUMIF('10. 170KMP'!$K:$K,$D17,'10. 170KMP'!Z:Z) -> #REF! | V17: =SUMIF('10. 170KMP'!$K:$K,$D17,'10. 170KMP'!AA:AA) -> #REF! | W17: =SUMIF('10. 170KMP'!$K:$K,$D17,'10. 170KMP'!AB:AB) -> 1380380 | X17: =SUMIF('10. 170KMP'!$K:$K,$D17,'10. 170KMP'!AC:AC) -> 828228 | Y17: =SUMIF('10. 170KMP'!$K:$K,$D17,'10. 170KMP'!AD:AD) -> 1828098.7 | Z17: =SUMIF('10. 170KMP'!$K:$K,$D17,'10. 170KMP'!AE:AE) -> 86676744 | AA17: =SUMIF('10. 170KMP'!$K:$K,$D17,'10. 170KMP'!AF:AF) -> 90288275 | AB17: =SUMIF('10. 170KMP'!$K:$K,$D17,'10. 170KMP'!AG:AG) -> 90288275 | AC17: =SUMIF('10. 170KMP'!$K:$K,$D17,'10. 170KMP'!AH:AH) -> 93899806 | AD17: =SUMIF('10. 170KMP'!$K:$K,$D17,'10. 170KMP'!AI:AI) -> 93998217 | AE17: =SUMIF('10. 170KMP'!$K:$K,$D17,'10. 170KMP'!AJ:AJ) -> 90382901 | AF17: =SUMIF('10. 170KMP'!$K:$K,$D17,'10. 170KMP'!AK:AK) -> 93914829 | AG17: =SUMIF('10. 170KMP'!$K:$K,$D17,'10. 170KMP'!AL:AL) -> 90302720 | AH17: =SUMIF('10. 170KMP'!$K:$K,$D17,'10. 170KMP'!AM:AM) -> 93899806 | AI17: =SUMIF('10. 170KMP'!$K:$K,$D17,'10. 170KMP'!AN:AN) -> 8.2768828e+08 | AJ17: =SUMIF('10. 170KMP'!$K:$K,$D17,'10. 170KMP'!AO:AO) -> 28003226 | AK17: =SUMIF('10. 170KMP'!$K:$K,$D17,'10. 170KMP'!AP:AP) -> 0 | AL17: =SUMIF('10. 170KMP'!$K:$K,$D17,'10. 170KMP'!AQ:AQ) -> 0 | AM17: =SUMIF('10. 170KMP'!$K:$K,$D17,'10. 170KMP'!AR:AR) -> 2536560 | AN17: =SUMIF('10. 170KMP'!$K:$K,$D17,'10. 170KMP'!AS:AS) -> 10733333 | AO17: =SUMIF('10. 170KMP'!$K:$K,$D17,'10. 170KMP'!AT:AT) -> 14733333 | AP17: =SUMIF('10. 170KMP'!$K:$K,$D17,'10. 170KMP'!AU:AU) -> 0 | AQ17: =SUMIF('10. 170KMP'!$K:$K,$D17,'10. 170KMP'!AV:AV) -> 0 | AR17: =SUMIF('10. 170KMP'!$K:$K,$D17,'10. 170KMP'!AW:AW) -> 0 | AS17: =SUMIF('10. 170KMP'!$K:$K,$D17,'10. 170KMP'!AX:AX) -> 0 | AT17: =SUMIF('10. 170KMP'!$K:$K,$D17,'10. 170KMP'!AY:AY) -> 0 | AU17: =SUMIF('10. 170KMP'!$K:$K,$D17,'10. 170KMP'!AZ:AZ) -> 0 | AV17: =SUMIF('10. 170KMP'!$K:$K,$D17,'10. 170KMP'!BA:BA) -> 0 | AW17: =AN17 -> 10733333 | AX17: =AO17 -> 14733333 | AY17: =AA17 -> 90288275 | AZ17: =IFERROR(AX17/AW17,"") -> 1.3726708 | BA17: =IFERROR(AX17/AY17,"") -> 0.16318102 | BB17: =SUM(J17:N17) -> #REF! | BC17: =SUM(AK17:AO17) -> 28003226 | BD17: =SUM(W17:AA17) -> 1.8100173e+08 | BE17: =IFERROR(BC17/BB17,"") | BF17: =IFERROR(BC17/BD17,"") -> 0.15471248 | BG17: =IFERROR(BC17/AI17,"") -> 0.033833058
D18: 010 | E18: Chi phí bao PE | F18: Biến phí | G18: =SUMIF('10. 170KMP'!$K:$K,$D18,'10. 170KMP'!L:L) -> #REF! | H18: =SUMIF('10. 170KMP'!$K:$K,$D18,'10. 170KMP'!M:M) -> #REF! | I18: =SUMIF('10. 170KMP'!$K:$K,$D18,'10. 170KMP'!N:N) -> #REF! | J18: =SUMIF('10. 170KMP'!$K:$K,$D18,'10. 170KMP'!O:O) -> #REF! | K18: =SUMIF('10. 170KMP'!$K:$K,$D18,'10. 170KMP'!P:P) -> #REF! | L18: =SUMIF('10. 170KMP'!$K:$K,$D18,'10. 170KMP'!Q:Q) -> #REF! | M18: =SUMIF('10. 170KMP'!$K:$K,$D18,'10. 170KMP'!R:R) -> #REF! | N18: =SUMIF('10. 170KMP'!$K:$K,$D18,'10. 170KMP'!S:S) -> #REF! | O18: =SUMIF('10. 170KMP'!$K:$K,$D18,'10. 170KMP'!T:T) -> #REF! | P18: =SUMIF('10. 170KMP'!$K:$K,$D18,'10. 170KMP'!U:U) -> #REF! | Q18: =SUMIF('10. 170KMP'!$K:$K,$D18,'10. 170KMP'!V:V) -> #REF! | R18: =SUMIF('10. 170KMP'!$K:$K,$D18,'10. 170KMP'!W:W) -> #REF! | S18: =SUMIF('10. 170KMP'!$K:$K,$D18,'10. 170KMP'!X:X) -> #REF! | T18: =SUMIF('10. 170KMP'!$K:$K,$D18,'10. 170KMP'!Y:Y) -> #REF! | U18: =SUMIF('10. 170KMP'!$K:$K,$D18,'10. 170KMP'!Z:Z) -> #REF! | V18: =SUMIF('10. 170KMP'!$K:$K,$D18,'10. 170KMP'!AA:AA) -> #REF! | W18: =SUMIF('10. 170KMP'!$K:$K,$D18,'10. 170KMP'!AB:AB) -> 0 | X18: =SUMIF('10. 170KMP'!$K:$K,$D18,'10. 170KMP'!AC:AC) -> 0 | Y18: =SUMIF('10. 170KMP'!$K:$K,$D18,'10. 170KMP'!AD:AD) -> 0 | Z18: =SUMIF('10. 170KMP'!$K:$K,$D18,'10. 170KMP'!AE:AE) -> 0 | AA18: =SUMIF('10. 170KMP'!$K:$K,$D18,'10. 170KMP'!AF:AF) -> 0 | AB18: =SUMIF('10. 170KMP'!$K:$K,$D18,'10. 170KMP'!AG:AG) -> 0 | AC18: =SUMIF('10. 170KMP'!$K:$K,$D18,'10. 170KMP'!AH:AH) -> 0 | AD18: =SUMIF('10. 170KMP'!$K:$K,$D18,'10. 170KMP'!AI:AI) -> 0 | AE18: =SUMIF('10. 170KMP'!$K:$K,$D18,'10. 170KMP'!AJ:AJ) -> 0 | AF18: =SUMIF('10. 170KMP'!$K:$K,$D18,'10. 170KMP'!AK:AK) -> 0 | AG18: =SUMIF('10. 170KMP'!$K:$K,$D18,'10. 170KMP'!AL:AL) -> 0 | AH18: =SUMIF('10. 170KMP'!$K:$K,$D18,'10. 170KMP'!AM:AM) -> 0 | AI18: =SUMIF('10. 170KMP'!$K:$K,$D18,'10. 170KMP'!AN:AN) -> 0 | AJ18: =SUMIF('10. 170KMP'!$K:$K,$D18,'10. 170KMP'!AO:AO) -> 0 | AK18: =SUMIF('10. 170KMP'!$K:$K,$D18,'10. 170KMP'!AP:AP) -> 0 | AL18: =SUMIF('10. 170KMP'!$K:$K,$D18,'10. 170KMP'!AQ:AQ) -> 0 | AM18: =SUMIF('10. 170KMP'!$K:$K,$D18,'10. 170KMP'!AR:AR) -> 0 | AN18: =SUMIF('10. 170KMP'!$K:$K,$D18,'10. 170KMP'!AS:AS) -> 0 | AO18: =SUMIF('10. 170KMP'!$K:$K,$D18,'10. 170KMP'!AT:AT) -> 0 | AP18: =SUMIF('10. 170KMP'!$K:$K,$D18,'10. 170KMP'!AU:AU) -> 0 | AQ18: =SUMIF('10. 170KMP'!$K:$K,$D18,'10. 170KMP'!AV:AV) -> 0 | AR18: =SUMIF('10. 170KMP'!$K:$K,$D18,'10. 170KMP'!AW:AW) -> 0 | AS18: =SUMIF('10. 170KMP'!$K:$K,$D18,'10. 170KMP'!AX:AX) -> 0 | AT18: =SUMIF('10. 170KMP'!$K:$K,$D18,'10. 170KMP'!AY:AY) -> 0 | AU18: =SUMIF('10. 170KMP'!$K:$K,$D18,'10. 170KMP'!AZ:AZ) -> 0 | AV18: =SUMIF('10. 170KMP'!$K:$K,$D18,'10. 170KMP'!BA:BA) -> 0 | AW18: =AN18 -> 0 | AX18: =AO18 -> 0 | AY18: =AA18 -> 0 | AZ18: =IFERROR(AX18/AW18,"") | BA18: =IFERROR(AX18/AY18,"") | BB18: =SUM(J18:N18) -> #REF! | BC18: =SUM(AK18:AO18) -> 0 | BD18: =SUM(W18:AA18) -> 0 | BE18: =IFERROR(BC18/BB18,"") | BF18: =IFERROR(BC18/BD18,"") | BG18: =IFERROR(BC18/AI18,"")
D19: 011 | E19: Chi phí pallet | F19: Biến phí | G19: =SUMIF('10. 170KMP'!$K:$K,$D19,'10. 170KMP'!L:L) -> #REF! | H19: =SUMIF('10. 170KMP'!$K:$K,$D19,'10. 170KMP'!M:M) -> #REF! | I19: =SUMIF('10. 170KMP'!$K:$K,$D19,'10. 170KMP'!N:N) -> #REF! | J19: =SUMIF('10. 170KMP'!$K:$K,$D19,'10. 170KMP'!O:O) -> #REF! | K19: =SUMIF('10. 170KMP'!$K:$K,$D19,'10. 170KMP'!P:P) -> #REF! | L19: =SUMIF('10. 170KMP'!$K:$K,$D19,'10. 170KMP'!Q:Q) -> #REF! | M19: =SUMIF('10. 170KMP'!$K:$K,$D19,'10. 170KMP'!R:R) -> #REF! | N19: =SUMIF('10. 170KMP'!$K:$K,$D19,'10. 170KMP'!S:S) -> #REF! | O19: =SUMIF('10. 170KMP'!$K:$K,$D19,'10. 170KMP'!T:T) -> #REF! | P19: =SUMIF('10. 170KMP'!$K:$K,$D19,'10. 170KMP'!U:U) -> #REF! | Q19: =SUMIF('10. 170KMP'!$K:$K,$D19,'10. 170KMP'!V:V) -> #REF! | R19: =SUMIF('10. 170KMP'!$K:$K,$D19,'10. 170KMP'!W:W) -> #REF! | S19: =SUMIF('10. 170KMP'!$K:$K,$D19,'10. 170KMP'!X:X) -> #REF! | T19: =SUMIF('10. 170KMP'!$K:$K,$D19,'10. 170KMP'!Y:Y) -> #REF! | U19: =SUMIF('10. 170KMP'!$K:$K,$D19,'10. 170KMP'!Z:Z) -> #REF! | V19: =SUMIF('10. 170KMP'!$K:$K,$D19,'10. 170KMP'!AA:AA) -> #REF! | W19: =SUMIF('10. 170KMP'!$K:$K,$D19,'10. 170KMP'!AB:AB) -> 0 | X19: =SUMIF('10. 170KMP'!$K:$K,$D19,'10. 170KMP'!AC:AC) -> 0 | Y19: =SUMIF('10. 170KMP'!$K:$K,$D19,'10. 170KMP'!AD:AD) -> 0 | Z19: =SUMIF('10. 170KMP'!$K:$K,$D19,'10. 170KMP'!AE:AE) -> 0 | AA19: =SUMIF('10. 170KMP'!$K:$K,$D19,'10. 170KMP'!AF:AF) -> 0 | AB19: =SUMIF('10. 170KMP'!$K:$K,$D19,'10. 170KMP'!AG:AG) -> 0 | AC19: =SUMIF('10. 170KMP'!$K:$K,$D19,'10. 170KMP'!AH:AH) -> 0 | AD19: =SUMIF('10. 170KMP'!$K:$K,$D19,'10. 170KMP'!AI:AI) -> 0 | AE19: =SUMIF('10. 170KMP'!$K:$K,$D19,'10. 170KMP'!AJ:AJ) -> 0 | AF19: =SUMIF('10. 170KMP'!$K:$K,$D19,'10. 170KMP'!AK:AK) -> 0 | AG19: =SUMIF('10. 170KMP'!$K:$K,$D19,'10. 170KMP'!AL:AL) -> 0 | AH19: =SUMIF('10. 170KMP'!$K:$K,$D19,'10. 170KMP'!AM:AM) -> 0 | AI19: =SUMIF('10. 170KMP'!$K:$K,$D19,'10. 170KMP'!AN:AN) -> 0 | AJ19: =SUMIF('10. 170KMP'!$K:$K,$D19,'10. 170KMP'!AO:AO) -> 0 | AK19: =SUMIF('10. 170KMP'!$K:$K,$D19,'10. 170KMP'!AP:AP) -> 0 | AL19: =SUMIF('10. 170KMP'!$K:$K,$D19,'10. 170KMP'!AQ:AQ) -> 0 | AM19: =SUMIF('10. 170KMP'!$K:$K,$D19,'10. 170KMP'!AR:AR) -> 0 | AN19: =SUMIF('10. 170KMP'!$K:$K,$D19,'10. 170KMP'!AS:AS) -> 0 | AO19: =SUMIF('10. 170KMP'!$K:$K,$D19,'10. 170KMP'!AT:AT) -> 0 | AP19: =SUMIF('10. 170KMP'!$K:$K,$D19,'10. 170KMP'!AU:AU) -> 0 | AQ19: =SUMIF('10. 170KMP'!$K:$K,$D19,'10. 170KMP'!AV:AV) -> 0 | AR19: =SUMIF('10. 170KMP'!$K:$K,$D19,'10. 170KMP'!AW:AW) -> 0 | AS19: =SUMIF('10. 170KMP'!$K:$K,$D19,'10. 170KMP'!AX:AX) -> 0 | AT19: =SUMIF('10. 170KMP'!$K:$K,$D19,'10. 170KMP'!AY:AY) -> 0 | AU19: =SUMIF('10. 170KMP'!$K:$K,$D19,'10. 170KMP'!AZ:AZ) -> 0 | AV19: =SUMIF('10. 170KMP'!$K:$K,$D19,'10. 170KMP'!BA:BA) -> 0 | AW19: =AN19 -> 0 | AX19: =AO19 -> 0 | AY19: =AA19 -> 0 | AZ19: =IFERROR(AX19/AW19,"") | BA19: =IFERROR(AX19/AY19,"") | BB19: =SUM(J19:N19) -> #REF! | BC19: =SUM(AK19:AO19) -> 0 | BD19: =SUM(W19:AA19) -> 0 | BE19: =IFERROR(BC19/BB19,"") | BF19: =IFERROR(BC19/BD19,"") | BG19: =IFERROR(BC19/AI19,"")
D20: 012 | E20: Chi phí dây đai | F20: Biến phí | G20: =SUMIF('10. 170KMP'!$K:$K,$D20,'10. 170KMP'!L:L) -> #REF! | H20: =SUMIF('10. 170KMP'!$K:$K,$D20,'10. 170KMP'!M:M) -> #REF! | I20: =SUMIF('10. 170KMP'!$K:$K,$D20,'10. 170KMP'!N:N) -> #REF! | J20: =SUMIF('10. 170KMP'!$K:$K,$D20,'10. 170KMP'!O:O) -> #REF! | K20: =SUMIF('10. 170KMP'!$K:$K,$D20,'10. 170KMP'!P:P) -> #REF! | L20: =SUMIF('10. 170KMP'!$K:$K,$D20,'10. 170KMP'!Q:Q) -> #REF! | M20: =SUMIF('10. 170KMP'!$K:$K,$D20,'10. 170KMP'!R:R) -> #REF! | N20: =SUMIF('10. 170KMP'!$K:$K,$D20,'10. 170KMP'!S:S) -> #REF! | O20: =SUMIF('10. 170KMP'!$K:$K,$D20,'10. 170KMP'!T:T) -> #REF! | P20: =SUMIF('10. 170KMP'!$K:$K,$D20,'10. 170KMP'!U:U) -> #REF! | Q20: =SUMIF('10. 170KMP'!$K:$K,$D20,'10. 170KMP'!V:V) -> #REF! | R20: =SUMIF('10. 170KMP'!$K:$K,$D20,'10. 170KMP'!W:W) -> #REF! | S20: =SUMIF('10. 170KMP'!$K:$K,$D20,'10. 170KMP'!X:X) -> #REF! | T20: =SUMIF('10. 170KMP'!$K:$K,$D20,'10. 170KMP'!Y:Y) -> #REF! | U20: =SUMIF('10. 170KMP'!$K:$K,$D20,'10. 170KMP'!Z:Z) -> #REF! | V20: =SUMIF('10. 170KMP'!$K:$K,$D20,'10. 170KMP'!AA:AA) -> #REF! | W20: =SUMIF('10. 170KMP'!$K:$K,$D20,'10. 170KMP'!AB:AB) -> 52713281 | X20: =SUMIF('10. 170KMP'!$K:$K,$D20,'10. 170KMP'!AC:AC) -> 59909062 | Y20: =SUMIF('10. 170KMP'!$K:$K,$D20,'10. 170KMP'!AD:AD) -> 108810625 | Z20: =SUMIF('10. 170KMP'!$K:$K,$D20,'10. 170KMP'!AE:AE) -> 50716312 | AA20: =SUMIF('10. 170KMP'!$K:$K,$D20,'10. 170KMP'!AF:AF) -> 52829492 | AB20: =SUMIF('10. 170KMP'!$K:$K,$D20,'10. 170KMP'!AG:AG) -> 52829492 | AC20: =SUMIF('10. 170KMP'!$K:$K,$D20,'10. 170KMP'!AH:AH) -> 54942672 | AD20: =SUMIF('10. 170KMP'!$K:$K,$D20,'10. 170KMP'!AI:AI) -> 54483406 | AE20: =SUMIF('10. 170KMP'!$K:$K,$D20,'10. 170KMP'!AJ:AJ) -> 52387891 | AF20: =SUMIF('10. 170KMP'!$K:$K,$D20,'10. 170KMP'!AK:AK) -> 54471320 | AG20: =SUMIF('10. 170KMP'!$K:$K,$D20,'10. 170KMP'!AL:AL) -> 52376270 | AH20: =SUMIF('10. 170KMP'!$K:$K,$D20,'10. 170KMP'!AM:AM) -> 54942672 | AI20: =SUMIF('10. 170KMP'!$K:$K,$D20,'10. 170KMP'!AN:AN) -> 7.014125e+08 | AJ20: =SUMIF('10. 170KMP'!$K:$K,$D20,'10. 170KMP'!AO:AO) -> 81872222 | AK20: =SUMIF('10. 170KMP'!$K:$K,$D20,'10. 170KMP'!AP:AP) -> 18966344 | AL20: =SUMIF('10. 170KMP'!$K:$K,$D20,'10. 170KMP'!AQ:AQ) -> 20394307 | AM20: =SUMIF('10. 170KMP'!$K:$K,$D20,'10. 170KMP'!AR:AR) -> 24429165 | AN20: =SUMIF('10. 170KMP'!$K:$K,$D20,'10. 170KMP'!AS:AS) -> 1802778 | AO20: =SUMIF('10. 170KMP'!$K:$K,$D20,'10. 170KMP'!AT:AT) -> 16279628 | AP20: =SUMIF('10. 170KMP'!$K:$K,$D20,'10. 170KMP'!AU:AU) -> 0 | AQ20: =SUMIF('10. 170KMP'!$K:$K,$D20,'10. 170KMP'!AV:AV) -> 0 | AR20: =SUMIF('10. 170KMP'!$K:$K,$D20,'10. 170KMP'!AW:AW) -> 0 | AS20: =SUMIF('10. 170KMP'!$K:$K,$D20,'10. 170KMP'!AX:AX) -> 0 | AT20: =SUMIF('10. 170KMP'!$K:$K,$D20,'10. 170KMP'!AY:AY) -> 0 | AU20: =SUMIF('10. 170KMP'!$K:$K,$D20,'10. 170KMP'!AZ:AZ) -> 0 | AV20: =SUMIF('10. 170KMP'!$K:$K,$D20,'10. 170KMP'!BA:BA) -> 0 | AW20: =AN20 -> 1802778 | AX20: =AO20 -> 16279628 | AY20: =AA20 -> 52829492 | AZ20: =IFERROR(AX20/AW20,"") -> 9.030301 | BA20: =IFERROR(AX20/AY20,"") -> 0.30815416 | BB20: =SUM(J20:N20) -> #REF! | BC20: =SUM(AK20:AO20) -> 81872222 | BD20: =SUM(W20:AA20) -> 3.2497877e+08 | BE20: =IFERROR(BC20/BB20,"") | BF20: =IFERROR(BC20/BD20,"") -> 0.25193098 | BG20: =IFERROR(BC20/AI20,"") -> 0.11672478
D21: 013 | E21: Chi phí bao bì khác | F21: Biến phí | G21: =SUMIF('10. 170KMP'!$K:$K,$D21,'10. 170KMP'!L:L) -> #REF! | H21: =SUMIF('10. 170KMP'!$K:$K,$D21,'10. 170KMP'!M:M) -> #REF! | I21: =SUMIF('10. 170KMP'!$K:$K,$D21,'10. 170KMP'!N:N) -> #REF! | J21: =SUMIF('10. 170KMP'!$K:$K,$D21,'10. 170KMP'!O:O) -> #REF! | K21: =SUMIF('10. 170KMP'!$K:$K,$D21,'10. 170KMP'!P:P) -> #REF! | L21: =SUMIF('10. 170KMP'!$K:$K,$D21,'10. 170KMP'!Q:Q) -> #REF! | M21: =SUMIF('10. 170KMP'!$K:$K,$D21,'10. 170KMP'!R:R) -> #REF! | N21: =SUMIF('10. 170KMP'!$K:$K,$D21,'10. 170KMP'!S:S) -> #REF! | O21: =SUMIF('10. 170KMP'!$K:$K,$D21,'10. 170KMP'!T:T) -> #REF! | P21: =SUMIF('10. 170KMP'!$K:$K,$D21,'10. 170KMP'!U:U) -> #REF! | Q21: =SUMIF('10. 170KMP'!$K:$K,$D21,'10. 170KMP'!V:V) -> #REF! | R21: =SUMIF('10. 170KMP'!$K:$K,$D21,'10. 170KMP'!W:W) -> #REF! | S21: =SUMIF('10. 170KMP'!$K:$K,$D21,'10. 170KMP'!X:X) -> #REF! | T21: =SUMIF('10. 170KMP'!$K:$K,$D21,'10. 170KMP'!Y:Y) -> #REF! | U21: =SUMIF('10. 170KMP'!$K:$K,$D21,'10. 170KMP'!Z:Z) -> #REF! | V21: =SUMIF('10. 170KMP'!$K:$K,$D21,'10. 170KMP'!AA:AA) -> #REF! | W21: =SUMIF('10. 170KMP'!$K:$K,$D21,'10. 170KMP'!AB:AB) -> 0 | X21: =SUMIF('10. 170KMP'!$K:$K,$D21,'10. 170KMP'!AC:AC) -> 0 | Y21: =SUMIF('10. 170KMP'!$K:$K,$D21,'10. 170KMP'!AD:AD) -> 0 | Z21: =SUMIF('10. 170KMP'!$K:$K,$D21,'10. 170KMP'!AE:AE) -> 0 | AA21: =SUMIF('10. 170KMP'!$K:$K,$D21,'10. 170KMP'!AF:AF) -> 0 | AB21: =SUMIF('10. 170KMP'!$K:$K,$D21,'10. 170KMP'!AG:AG) -> 0 | AC21: =SUMIF('10. 170KMP'!$K:$K,$D21,'10. 170KMP'!AH:AH) -> 0 | AD21: =SUMIF('10. 170KMP'!$K:$K,$D21,'10. 170KMP'!AI:AI) -> 0 | AE21: =SUMIF('10. 170KMP'!$K:$K,$D21,'10. 170KMP'!AJ:AJ) -> 0 | AF21: =SUMIF('10. 170KMP'!$K:$K,$D21,'10. 170KMP'!AK:AK) -> 0 | AG21: =SUMIF('10. 170KMP'!$K:$K,$D21,'10. 170KMP'!AL:AL) -> 0 | AH21: =SUMIF('10. 170KMP'!$K:$K,$D21,'10. 170KMP'!AM:AM) -> 0 | AI21: =SUMIF('10. 170KMP'!$K:$K,$D21,'10. 170KMP'!AN:AN) -> 0 | AJ21: =SUMIF('10. 170KMP'!$K:$K,$D21,'10. 170KMP'!AO:AO) -> 0 | AK21: =SUMIF('10. 170KMP'!$K:$K,$D21,'10. 170KMP'!AP:AP) -> 0 | AL21: =SUMIF('10. 170KMP'!$K:$K,$D21,'10. 170KMP'!AQ:AQ) -> 0 | AM21: =SUMIF('10. 170KMP'!$K:$K,$D21,'10. 170KMP'!AR:AR) -> 0 | AN21: =SUMIF('10. 170KMP'!$K:$K,$D21,'10. 170KMP'!AS:AS) -> 0 | AO21: =SUMIF('10. 170KMP'!$K:$K,$D21,'10. 170KMP'!AT:AT) -> 0 | AP21: =SUMIF('10. 170KMP'!$K:$K,$D21,'10. 170KMP'!AU:AU) -> 0 | AQ21: =SUMIF('10. 170KMP'!$K:$K,$D21,'10. 170KMP'!AV:AV) -> 0 | AR21: =SUMIF('10. 170KMP'!$K:$K,$D21,'10. 170KMP'!AW:AW) -> 0 | AS21: =SUMIF('10. 170KMP'!$K:$K,$D21,'10. 170KMP'!AX:AX) -> 0 | AT21: =SUMIF('10. 170KMP'!$K:$K,$D21,'10. 170KMP'!AY:AY) -> 0 | AU21: =SUMIF('10. 170KMP'!$K:$K,$D21,'10. 170KMP'!AZ:AZ) -> 0 | AV21: =SUMIF('10. 170KMP'!$K:$K,$D21,'10. 170KMP'!BA:BA) -> 0 | AW21: =AN21 -> 0 | AX21: =AO21 -> 0 | AY21: =AA21 -> 0 | AZ21: =IFERROR(AX21/AW21,"") | BA21: =IFERROR(AX21/AY21,"") | BB21: =SUM(J21:N21) -> #REF! | BC21: =SUM(AK21:AO21) -> 0 | BD21: =SUM(W21:AA21) -> 0 | BE21: =IFERROR(BC21/BB21,"") | BF21: =IFERROR(BC21/BD21,"") | BG21: =IFERROR(BC21/AI21,"")
B22: 08 | C22: Chi phí điện | D22: 014 | E22: Chi phí điện | F22: Biến phí | G22: =SUMIF('10. 170KMP'!$K:$K,$D22,'10. 170KMP'!L:L) -> #REF! | H22: =SUMIF('10. 170KMP'!$K:$K,$D22,'10. 170KMP'!M:M) -> #REF! | I22: =SUMIF('10. 170KMP'!$K:$K,$D22,'10. 170KMP'!N:N) -> #REF! | J22: =SUMIF('10. 170KMP'!$K:$K,$D22,'10. 170KMP'!O:O) -> #REF! | K22: =SUMIF('10. 170KMP'!$K:$K,$D22,'10. 170KMP'!P:P) -> #REF! | L22: =SUMIF('10. 170KMP'!$K:$K,$D22,'10. 170KMP'!Q:Q) -> #REF! | M22: =SUMIF('10. 170KMP'!$K:$K,$D22,'10. 170KMP'!R:R) -> #REF! | N22: =SUMIF('10. 170KMP'!$K:$K,$D22,'10. 170KMP'!S:S) -> #REF! | O22: =SUMIF('10. 170KMP'!$K:$K,$D22,'10. 170KMP'!T:T) -> #REF! | P22: =SUMIF('10. 170KMP'!$K:$K,$D22,'10. 170KMP'!U:U) -> #REF! | Q22: =SUMIF('10. 170KMP'!$K:$K,$D22,'10. 170KMP'!V:V) -> #REF! | R22: =SUMIF('10. 170KMP'!$K:$K,$D22,'10. 170KMP'!W:W) -> #REF! | S22: =SUMIF('10. 170KMP'!$K:$K,$D22,'10. 170KMP'!X:X) -> #REF! | T22: =SUMIF('10. 170KMP'!$K:$K,$D22,'10. 170KMP'!Y:Y) -> #REF! | U22: =SUMIF('10. 170KMP'!$K:$K,$D22,'10. 170KMP'!Z:Z) -> #REF! | V22: =SUMIF('10. 170KMP'!$K:$K,$D22,'10. 170KMP'!AA:AA) -> #REF! | W22: =SUMIF('10. 170KMP'!$K:$K,$D22,'10. 170KMP'!AB:AB) -> 1.1441557e+08 | X22: =SUMIF('10. 170KMP'!$K:$K,$D22,'10. 170KMP'!AC:AC) -> 68649341 | Y22: =SUMIF('10. 170KMP'!$K:$K,$D22,'10. 170KMP'!AD:AD) -> 1.7292809e+08 | Z22: =SUMIF('10. 170KMP'!$K:$K,$D22,'10. 170KMP'!AE:AE) -> 4.4672949e+08 | AA22: =SUMIF('10. 170KMP'!$K:$K,$D22,'10. 170KMP'!AF:AF) -> 4.6534322e+08 | AB22: =SUMIF('10. 170KMP'!$K:$K,$D22,'10. 170KMP'!AG:AG) -> 4.6534322e+08 | AC22: =SUMIF('10. 170KMP'!$K:$K,$D22,'10. 170KMP'!AH:AH) -> 4.8395695e+08 | AD22: =SUMIF('10. 170KMP'!$K:$K,$D22,'10. 170KMP'!AI:AI) -> 4.8435908e+08 | AE22: =SUMIF('10. 170KMP'!$K:$K,$D22,'10. 170KMP'!AJ:AJ) -> 4.6572989e+08 | AF22: =SUMIF('10. 170KMP'!$K:$K,$D22,'10. 170KMP'!AK:AK) -> 4.8399951e+08 | AG22: =SUMIF('10. 170KMP'!$K:$K,$D22,'10. 170KMP'!AL:AL) -> 4.6538414e+08 | AH22: =SUMIF('10. 170KMP'!$K:$K,$D22,'10. 170KMP'!AM:AM) -> 4.8395695e+08 | AI22: =SUMIF('10. 170KMP'!$K:$K,$D22,'10. 170KMP'!AN:AN) -> 4.6007954e+09 | AJ22: =SUMIF('10. 170KMP'!$K:$K,$D22,'10. 170KMP'!AO:AO) -> 439933572 | AK22: =SUMIF('10. 170KMP'!$K:$K,$D22,'10. 170KMP'!AP:AP) -> 55733801 | AL22: =SUMIF('10. 170KMP'!$K:$K,$D22,'10. 170KMP'!AQ:AQ) -> 34523239 | AM22: =SUMIF('10. 170KMP'!$K:$K,$D22,'10. 170KMP'!AR:AR) -> 120602820 | AN22: =SUMIF('10. 170KMP'!$K:$K,$D22,'10. 170KMP'!AS:AS) -> 105676472 | AO22: =SUMIF('10. 170KMP'!$K:$K,$D22,'10. 170KMP'!AT:AT) -> 123397240 | AP22: =SUMIF('10. 170KMP'!$K:$K,$D22,'10. 170KMP'!AU:AU) -> 0 | AQ22: =SUMIF('10. 170KMP'!$K:$K,$D22,'10. 170KMP'!AV:AV) -> 0 | AR22: =SUMIF('10. 170KMP'!$K:$K,$D22,'10. 170KMP'!AW:AW) -> 0 | AS22: =SUMIF('10. 170KMP'!$K:$K,$D22,'10. 170KMP'!AX:AX) -> 0 | AT22: =SUMIF('10. 170KMP'!$K:$K,$D22,'10. 170KMP'!AY:AY) -> 0 | AU22: =SUMIF('10. 170KMP'!$K:$K,$D22,'10. 170KMP'!AZ:AZ) -> 0 | AV22: =SUMIF('10. 170KMP'!$K:$K,$D22,'10. 170KMP'!BA:BA) -> 0 | AW22: =AN22 -> 105676472 | AX22: =AO22 -> 123397240 | AY22: =AA22 -> 4.6534322e+08 | AZ22: =IFERROR(AX22/AW22,"") -> 1.1676889 | BA22: =IFERROR(AX22/AY22,"") -> 0.26517468 | BB22: =SUM(J22:N22) -> #REF! | BC22: =SUM(AK22:AO22) -> 439933572 | BD22: =SUM(W22:AA22) -> 1.2680657e+09 | BE22: =IFERROR(BC22/BB22,"") | BF22: =IFERROR(BC22/BD22,"") -> 0.34693279 | BG22: =IFERROR(BC22/AI22,"") -> 0.095621198
B23: 09 | C23: Chi phí nước | D23: 015 | E23: Chi phí nước | F23: Biến phí | G23: =SUMIF('10. 170KMP'!$K:$K,$D23,'10. 170KMP'!L:L) -> #REF! | H23: =SUMIF('10. 170KMP'!$K:$K,$D23,'10. 170KMP'!M:M) -> #REF! | I23: =SUMIF('10. 170KMP'!$K:$K,$D23,'10. 170KMP'!N:N) -> #REF! | J23: =SUMIF('10. 170KMP'!$K:$K,$D23,'10. 170KMP'!O:O) -> #REF! | K23: =SUMIF('10. 170KMP'!$K:$K,$D23,'10. 170KMP'!P:P) -> #REF! | L23: =SUMIF('10. 170KMP'!$K:$K,$D23,'10. 170KMP'!Q:Q) -> #REF! | M23: =SUMIF('10. 170KMP'!$K:$K,$D23,'10. 170KMP'!R:R) -> #REF! | N23: =SUMIF('10. 170KMP'!$K:$K,$D23,'10. 170KMP'!S:S) -> #REF! | O23: =SUMIF('10. 170KMP'!$K:$K,$D23,'10. 170KMP'!T:T) -> #REF! | P23: =SUMIF('10. 170KMP'!$K:$K,$D23,'10. 170KMP'!U:U) -> #REF! | Q23: =SUMIF('10. 170KMP'!$K:$K,$D23,'10. 170KMP'!V:V) -> #REF! | R23: =SUMIF('10. 170KMP'!$K:$K,$D23,'10. 170KMP'!W:W) -> #REF! | S23: =SUMIF('10. 170KMP'!$K:$K,$D23,'10. 170KMP'!X:X) -> #REF! | T23: =SUMIF('10. 170KMP'!$K:$K,$D23,'10. 170KMP'!Y:Y) -> #REF! | U23: =SUMIF('10. 170KMP'!$K:$K,$D23,'10. 170KMP'!Z:Z) -> #REF! | V23: =SUMIF('10. 170KMP'!$K:$K,$D23,'10. 170KMP'!AA:AA) -> #REF! | W23: =SUMIF('10. 170KMP'!$K:$K,$D23,'10. 170KMP'!AB:AB) -> 5000000 | X23: =SUMIF('10. 170KMP'!$K:$K,$D23,'10. 170KMP'!AC:AC) -> 5000000 | Y23: =SUMIF('10. 170KMP'!$K:$K,$D23,'10. 170KMP'!AD:AD) -> 5000000 | Z23: =SUMIF('10. 170KMP'!$K:$K,$D23,'10. 170KMP'!AE:AE) -> 5000000 | AA23: =SUMIF('10. 170KMP'!$K:$K,$D23,'10. 170KMP'!AF:AF) -> 5000000 | AB23: =SUMIF('10. 170KMP'!$K:$K,$D23,'10. 170KMP'!AG:AG) -> 5000000 | AC23: =SUMIF('10. 170KMP'!$K:$K,$D23,'10. 170KMP'!AH:AH) -> 5000000 | AD23: =SUMIF('10. 170KMP'!$K:$K,$D23,'10. 170KMP'!AI:AI) -> 5000000 | AE23: =SUMIF('10. 170KMP'!$K:$K,$D23,'10. 170KMP'!AJ:AJ) -> 5000000 | AF23: =SUMIF('10. 170KMP'!$K:$K,$D23,'10. 170KMP'!AK:AK) -> 5000000 | AG23: =SUMIF('10. 170KMP'!$K:$K,$D23,'10. 170KMP'!AL:AL) -> 5000000 | AH23: =SUMIF('10. 170KMP'!$K:$K,$D23,'10. 170KMP'!AM:AM) -> 5000000 | AI23: =SUMIF('10. 170KMP'!$K:$K,$D23,'10. 170KMP'!AN:AN) -> 60000000 | AJ23: =SUMIF('10. 170KMP'!$K:$K,$D23,'10. 170KMP'!AO:AO) -> 0 | AK23: =SUMIF('10. 170KMP'!$K:$K,$D23,'10. 170KMP'!AP:AP) -> 0 | AL23: =SUMIF('10. 170KMP'!$K:$K,$D23,'10. 170KMP'!AQ:AQ) -> 0 | AM23: =SUMIF('10. 170KMP'!$K:$K,$D23,'10. 170KMP'!AR:AR) -> 0 | AN23: =SUMIF('10. 170KMP'!$K:$K,$D23,'10. 170KMP'!AS:AS) -> 0 | AO23: =SUMIF('10. 170KMP'!$K:$K,$D23,'10. 170KMP'!AT:AT) -> 0 | AP23: =SUMIF('10. 170KMP'!$K:$K,$D23,'10. 170KMP'!AU:AU) -> 0 | AQ23: =SUMIF('10. 170KMP'!$K:$K,$D23,'10. 170KMP'!AV:AV) -> 0 | AR23: =SUMIF('10. 170KMP'!$K:$K,$D23,'10. 170KMP'!AW:AW) -> 0 | AS23: =SUMIF('10. 170KMP'!$K:$K,$D23,'10. 170KMP'!AX:AX) -> 0 | AT23: =SUMIF('10. 170KMP'!$K:$K,$D23,'10. 170KMP'!AY:AY) -> 0 | AU23: =SUMIF('10. 170KMP'!$K:$K,$D23,'10. 170KMP'!AZ:AZ) -> 0 | AV23: =SUMIF('10. 170KMP'!$K:$K,$D23,'10. 170KMP'!BA:BA) -> 0 | AW23: =AN23 -> 0 | AX23: =AO23 -> 0 | AY23: =AA23 -> 5000000 | AZ23: =IFERROR(AX23/AW23,"") | BA23: =IFERROR(AX23/AY23,"") -> 0 | BB23: =SUM(J23:N23) -> #REF! | BC23: =SUM(AK23:AO23) -> 0 | BD23: =SUM(W23:AA23) -> 25000000 | BE23: =IFERROR(BC23/BB23,"") | BF23: =IFERROR(BC23/BD23,"") -> 0 | BG23: =IFERROR(BC23/AI23,"") -> 0
B24: 10 | C24: Chi phí xăng, dầu | D24: 016 | E24: Chi phí xăng, dầu | F24: Biến phí | G24: =SUMIF('10. 170KMP'!$K:$K,$D24,'10. 170KMP'!L:L) -> #REF! | H24: =SUMIF('10. 170KMP'!$K:$K,$D24,'10. 170KMP'!M:M) -> #REF! | I24: =SUMIF('10. 170KMP'!$K:$K,$D24,'10. 170KMP'!N:N) -> #REF! | J24: =SUMIF('10. 170KMP'!$K:$K,$D24,'10. 170KMP'!O:O) -> #REF! | K24: =SUMIF('10. 170KMP'!$K:$K,$D24,'10. 170KMP'!P:P) -> #REF! | L24: =SUMIF('10. 170KMP'!$K:$K,$D24,'10. 170KMP'!Q:Q) -> #REF! | M24: =SUMIF('10. 170KMP'!$K:$K,$D24,'10. 170KMP'!R:R) -> #REF! | N24: =SUMIF('10. 170KMP'!$K:$K,$D24,'10. 170KMP'!S:S) -> #REF! | O24: =SUMIF('10. 170KMP'!$K:$K,$D24,'10. 170KMP'!T:T) -> #REF! | P24: =SUMIF('10. 170KMP'!$K:$K,$D24,'10. 170KMP'!U:U) -> #REF! | Q24: =SUMIF('10. 170KMP'!$K:$K,$D24,'10. 170KMP'!V:V) -> #REF! | R24: =SUMIF('10. 170KMP'!$K:$K,$D24,'10. 170KMP'!W:W) -> #REF! | S24: =SUMIF('10. 170KMP'!$K:$K,$D24,'10. 170KMP'!X:X) -> #REF! | T24: =SUMIF('10. 170KMP'!$K:$K,$D24,'10. 170KMP'!Y:Y) -> #REF! | U24: =SUMIF('10. 170KMP'!$K:$K,$D24,'10. 170KMP'!Z:Z) -> #REF! | V24: =SUMIF('10. 170KMP'!$K:$K,$D24,'10. 170KMP'!AA:AA) -> #REF! | W24: =SUMIF('10. 170KMP'!$K:$K,$D24,'10. 170KMP'!AB:AB) -> 18221016 | X24: =SUMIF('10. 170KMP'!$K:$K,$D24,'10. 170KMP'!AC:AC) -> 10932610 | Y24: =SUMIF('10. 170KMP'!$K:$K,$D24,'10. 170KMP'!AD:AD) -> 25970903 | Z24: =SUMIF('10. 170KMP'!$K:$K,$D24,'10. 170KMP'!AE:AE) -> 44160617 | AA24: =SUMIF('10. 170KMP'!$K:$K,$D24,'10. 170KMP'!AF:AF) -> 45923976 | AB24: =SUMIF('10. 170KMP'!$K:$K,$D24,'10. 170KMP'!AG:AG) -> 45923976 | AC24: =SUMIF('10. 170KMP'!$K:$K,$D24,'10. 170KMP'!AH:AH) -> 47687335 | AD24: =SUMIF('10. 170KMP'!$K:$K,$D24,'10. 170KMP'!AI:AI) -> 47720451 | AE24: =SUMIF('10. 170KMP'!$K:$K,$D24,'10. 170KMP'!AJ:AJ) -> 45955818 | AF24: =SUMIF('10. 170KMP'!$K:$K,$D24,'10. 170KMP'!AK:AK) -> 47689714 | AG24: =SUMIF('10. 170KMP'!$K:$K,$D24,'10. 170KMP'!AL:AL) -> 45926263 | AH24: =SUMIF('10. 170KMP'!$K:$K,$D24,'10. 170KMP'!AM:AM) -> 47687335 | AI24: =SUMIF('10. 170KMP'!$K:$K,$D24,'10. 170KMP'!AN:AN) -> 4.7380001e+08 | AJ24: =SUMIF('10. 170KMP'!$K:$K,$D24,'10. 170KMP'!AO:AO) -> 202367103 | AK24: =SUMIF('10. 170KMP'!$K:$K,$D24,'10. 170KMP'!AP:AP) -> 35286568 | AL24: =SUMIF('10. 170KMP'!$K:$K,$D24,'10. 170KMP'!AQ:AQ) -> 20200309 | AM24: =SUMIF('10. 170KMP'!$K:$K,$D24,'10. 170KMP'!AR:AR) -> 50686792 | AN24: =SUMIF('10. 170KMP'!$K:$K,$D24,'10. 170KMP'!AS:AS) -> 44676097 | AO24: =SUMIF('10. 170KMP'!$K:$K,$D24,'10. 170KMP'!AT:AT) -> 51517337 | AP24: =SUMIF('10. 170KMP'!$K:$K,$D24,'10. 170KMP'!AU:AU) -> 0 | AQ24: =SUMIF('10. 170KMP'!$K:$K,$D24,'10. 170KMP'!AV:AV) -> 0 | AR24: =SUMIF('10. 170KMP'!$K:$K,$D24,'10. 170KMP'!AW:AW) -> 0 | AS24: =SUMIF('10. 170KMP'!$K:$K,$D24,'10. 170KMP'!AX:AX) -> 0 | AT24: =SUMIF('10. 170KMP'!$K:$K,$D24,'10. 170KMP'!AY:AY) -> 0 | AU24: =SUMIF('10. 170KMP'!$K:$K,$D24,'10. 170KMP'!AZ:AZ) -> 0 | AV24: =SUMIF('10. 170KMP'!$K:$K,$D24,'10. 170KMP'!BA:BA) -> 0 | AW24: =AN24 -> 44676097 | AX24: =AO24 -> 51517337 | AY24: =AA24 -> 45923976 | AZ24: =IFERROR(AX24/AW24,"") -> 1.1531298 | BA24: =IFERROR(AX24/AY24,"") -> 1.1217961 | BB24: =SUM(J24:N24) -> #REF! | BC24: =SUM(AK24:AO24) -> 202367103 | BD24: =SUM(W24:AA24) -> 1.4520912e+08 | BE24: =IFERROR(BC24/BB24,"") | BF24: =IFERROR(BC24/BD24,"") -> 1.3936253 | BG24: =IFERROR(BC24/AI24,"") -> 0.42711502
B25: 11 | C25: Chi phí môi trường | D25: 017 | E25: Chi phí hóa chất xử lý nước thải | F25: Biến phí | G25: =SUMIF('10. 170KMP'!$K:$K,$D25,'10. 170KMP'!L:L) -> #REF! | H25: =SUMIF('10. 170KMP'!$K:$K,$D25,'10. 170KMP'!M:M) -> #REF! | I25: =SUMIF('10. 170KMP'!$K:$K,$D25,'10. 170KMP'!N:N) -> #REF! | J25: =SUMIF('10. 170KMP'!$K:$K,$D25,'10. 170KMP'!O:O) -> #REF! | K25: =SUMIF('10. 170KMP'!$K:$K,$D25,'10. 170KMP'!P:P) -> #REF! | L25: =SUMIF('10. 170KMP'!$K:$K,$D25,'10. 170KMP'!Q:Q) -> #REF! | M25: =SUMIF('10. 170KMP'!$K:$K,$D25,'10. 170KMP'!R:R) -> #REF! | N25: =SUMIF('10. 170KMP'!$K:$K,$D25,'10. 170KMP'!S:S) -> #REF! | O25: =SUMIF('10. 170KMP'!$K:$K,$D25,'10. 170KMP'!T:T) -> #REF! | P25: =SUMIF('10. 170KMP'!$K:$K,$D25,'10. 170KMP'!U:U) -> #REF! | Q25: =SUMIF('10. 170KMP'!$K:$K,$D25,'10. 170KMP'!V:V) -> #REF! | R25: =SUMIF('10. 170KMP'!$K:$K,$D25,'10. 170KMP'!W:W) -> #REF! | S25: =SUMIF('10. 170KMP'!$K:$K,$D25,'10. 170KMP'!X:X) -> #REF! | T25: =SUMIF('10. 170KMP'!$K:$K,$D25,'10. 170KMP'!Y:Y) -> #REF! | U25: =SUMIF('10. 170KMP'!$K:$K,$D25,'10. 170KMP'!Z:Z) -> #REF! | V25: =SUMIF('10. 170KMP'!$K:$K,$D25,'10. 170KMP'!AA:AA) -> #REF! | W25: =SUMIF('10. 170KMP'!$K:$K,$D25,'10. 170KMP'!AB:AB) -> 0 | X25: =SUMIF('10. 170KMP'!$K:$K,$D25,'10. 170KMP'!AC:AC) -> 0 | Y25: =SUMIF('10. 170KMP'!$K:$K,$D25,'10. 170KMP'!AD:AD) -> 0 | Z25: =SUMIF('10. 170KMP'!$K:$K,$D25,'10. 170KMP'!AE:AE) -> 0 | AA25: =SUMIF('10. 170KMP'!$K:$K,$D25,'10. 170KMP'!AF:AF) -> 0 | AB25: =SUMIF('10. 170KMP'!$K:$K,$D25,'10. 170KMP'!AG:AG) -> 0 | AC25: =SUMIF('10. 170KMP'!$K:$K,$D25,'10. 170KMP'!AH:AH) -> 0 | AD25: =SUMIF('10. 170KMP'!$K:$K,$D25,'10. 170KMP'!AI:AI) -> 0 | AE25: =SUMIF('10. 170KMP'!$K:$K,$D25,'10. 170KMP'!AJ:AJ) -> 0 | AF25: =SUMIF('10. 170KMP'!$K:$K,$D25,'10. 170KMP'!AK:AK) -> 0 | AG25: =SUMIF('10. 170KMP'!$K:$K,$D25,'10. 170KMP'!AL:AL) -> 0 | AH25: =SUMIF('10. 170KMP'!$K:$K,$D25,'10. 170KMP'!AM:AM) -> 0 | AI25: =SUMIF('10. 170KMP'!$K:$K,$D25,'10. 170KMP'!AN:AN) -> 0 | AJ25: =SUMIF('10. 170KMP'!$K:$K,$D25,'10. 170KMP'!AO:AO) -> 0 | AK25: =SUMIF('10. 170KMP'!$K:$K,$D25,'10. 170KMP'!AP:AP) -> 0 | AL25: =SUMIF('10. 170KMP'!$K:$K,$D25,'10. 170KMP'!AQ:AQ) -> 0 | AM25: =SUMIF('10. 170KMP'!$K:$K,$D25,'10. 170KMP'!AR:AR) -> 0 | AN25: =SUMIF('10. 170KMP'!$K:$K,$D25,'10. 170KMP'!AS:AS) -> 0 | AO25: =SUMIF('10. 170KMP'!$K:$K,$D25,'10. 170KMP'!AT:AT) -> 0 | AP25: =SUMIF('10. 170KMP'!$K:$K,$D25,'10. 170KMP'!AU:AU) -> 0 | AQ25: =SUMIF('10. 170KMP'!$K:$K,$D25,'10. 170KMP'!AV:AV) -> 0 | AR25: =SUMIF('10. 170KMP'!$K:$K,$D25,'10. 170KMP'!AW:AW) -> 0 | AS25: =SUMIF('10. 170KMP'!$K:$K,$D25,'10. 170KMP'!AX:AX) -> 0 | AT25: =SUMIF('10. 170KMP'!$K:$K,$D25,'10. 170KMP'!AY:AY) -> 0 | AU25: =SUMIF('10. 170KMP'!$K:$K,$D25,'10. 170KMP'!AZ:AZ) -> 0 | AV25: =SUMIF('10. 170KMP'!$K:$K,$D25,'10. 170KMP'!BA:BA) -> 0 | AW25: =AN25 -> 0 | AX25: =AO25 -> 0 | AY25: =AA25 -> 0 | AZ25: =IFERROR(AX25/AW25,"") | BA25: =IFERROR(AX25/AY25,"") | BB25: =SUM(J25:N25) -> #REF! | BC25: =SUM(AK25:AO25) -> 0 | BD25: =SUM(W25:AA25) -> 0 | BE25: =IFERROR(BC25/BB25,"") | BF25: =IFERROR(BC25/BD25,"") | BG25: =IFERROR(BC25/AI25,"")
D26: 018 | E26: Chi phí xử lý bùn thải | F26: Biến phí | G26: =SUMIF('10. 170KMP'!$K:$K,$D26,'10. 170KMP'!L:L) -> #REF! | H26: =SUMIF('10. 170KMP'!$K:$K,$D26,'10. 170KMP'!M:M) -> #REF! | I26: =SUMIF('10. 170KMP'!$K:$K,$D26,'10. 170KMP'!N:N) -> #REF! | J26: =SUMIF('10. 170KMP'!$K:$K,$D26,'10. 170KMP'!O:O) -> #REF! | K26: =SUMIF('10. 170KMP'!$K:$K,$D26,'10. 170KMP'!P:P) -> #REF! | L26: =SUMIF('10. 170KMP'!$K:$K,$D26,'10. 170KMP'!Q:Q) -> #REF! | M26: =SUMIF('10. 170KMP'!$K:$K,$D26,'10. 170KMP'!R:R) -> #REF! | N26: =SUMIF('10. 170KMP'!$K:$K,$D26,'10. 170KMP'!S:S) -> #REF! | O26: =SUMIF('10. 170KMP'!$K:$K,$D26,'10. 170KMP'!T:T) -> #REF! | P26: =SUMIF('10. 170KMP'!$K:$K,$D26,'10. 170KMP'!U:U) -> #REF! | Q26: =SUMIF('10. 170KMP'!$K:$K,$D26,'10. 170KMP'!V:V) -> #REF! | R26: =SUMIF('10. 170KMP'!$K:$K,$D26,'10. 170KMP'!W:W) -> #REF! | S26: =SUMIF('10. 170KMP'!$K:$K,$D26,'10. 170KMP'!X:X) -> #REF! | T26: =SUMIF('10. 170KMP'!$K:$K,$D26,'10. 170KMP'!Y:Y) -> #REF! | U26: =SUMIF('10. 170KMP'!$K:$K,$D26,'10. 170KMP'!Z:Z) -> #REF! | V26: =SUMIF('10. 170KMP'!$K:$K,$D26,'10. 170KMP'!AA:AA) -> #REF! | W26: =SUMIF('10. 170KMP'!$K:$K,$D26,'10. 170KMP'!AB:AB) -> 0 | X26: =SUMIF('10. 170KMP'!$K:$K,$D26,'10. 170KMP'!AC:AC) -> 0 | Y26: =SUMIF('10. 170KMP'!$K:$K,$D26,'10. 170KMP'!AD:AD) -> 0 | Z26: =SUMIF('10. 170KMP'!$K:$K,$D26,'10. 170KMP'!AE:AE) -> 452427250 | AA26: =SUMIF('10. 170KMP'!$K:$K,$D26,'10. 170KMP'!AF:AF) -> 4.7127839e+08 | AB26: =SUMIF('10. 170KMP'!$K:$K,$D26,'10. 170KMP'!AG:AG) -> 4.7127839e+08 | AC26: =SUMIF('10. 170KMP'!$K:$K,$D26,'10. 170KMP'!AH:AH) -> 4.9012952e+08 | AD26: =SUMIF('10. 170KMP'!$K:$K,$D26,'10. 170KMP'!AI:AI) -> 4.9064933e+08 | AE26: =SUMIF('10. 170KMP'!$K:$K,$D26,'10. 170KMP'!AJ:AJ) -> 4.717782e+08 | AF26: =SUMIF('10. 170KMP'!$K:$K,$D26,'10. 170KMP'!AK:AK) -> 4.9020997e+08 | AG26: =SUMIF('10. 170KMP'!$K:$K,$D26,'10. 170KMP'!AL:AL) -> 4.7135574e+08 | AH26: =SUMIF('10. 170KMP'!$K:$K,$D26,'10. 170KMP'!AM:AM) -> 4.9012952e+08 | AI26: =SUMIF('10. 170KMP'!$K:$K,$D26,'10. 170KMP'!AN:AN) -> 4.2992363e+09 | AJ26: =SUMIF('10. 170KMP'!$K:$K,$D26,'10. 170KMP'!AO:AO) -> 0 | AK26: =SUMIF('10. 170KMP'!$K:$K,$D26,'10. 170KMP'!AP:AP) -> 0 | AL26: =SUMIF('10. 170KMP'!$K:$K,$D26,'10. 170KMP'!AQ:AQ) -> 0 | AM26: =SUMIF('10. 170KMP'!$K:$K,$D26,'10. 170KMP'!AR:AR) -> 0 | AN26: =SUMIF('10. 170KMP'!$K:$K,$D26,'10. 170KMP'!AS:AS) -> 0 | AO26: =SUMIF('10. 170KMP'!$K:$K,$D26,'10. 170KMP'!AT:AT) -> 0 | AP26: =SUMIF('10. 170KMP'!$K:$K,$D26,'10. 170KMP'!AU:AU) -> 0 | AQ26: =SUMIF('10. 170KMP'!$K:$K,$D26,'10. 170KMP'!AV:AV) -> 0 | AR26: =SUMIF('10. 170KMP'!$K:$K,$D26,'10. 170KMP'!AW:AW) -> 0 | AS26: =SUMIF('10. 170KMP'!$K:$K,$D26,'10. 170KMP'!AX:AX) -> 0 | AT26: =SUMIF('10. 170KMP'!$K:$K,$D26,'10. 170KMP'!AY:AY) -> 0 | AU26: =SUMIF('10. 170KMP'!$K:$K,$D26,'10. 170KMP'!AZ:AZ) -> 0 | AV26: =SUMIF('10. 170KMP'!$K:$K,$D26,'10. 170KMP'!BA:BA) -> 0 | AW26: =AN26 -> 0 | AX26: =AO26 -> 0 | AY26: =AA26 -> 4.7127839e+08 | AZ26: =IFERROR(AX26/AW26,"") | BA26: =IFERROR(AX26/AY26,"") -> 0 | BB26: =SUM(J26:N26) -> #REF! | BC26: =SUM(AK26:AO26) -> 0 | BD26: =SUM(W26:AA26) -> 9.2370564e+08 | BE26: =IFERROR(BC26/BB26,"") | BF26: =IFERROR(BC26/BD26,"") -> 0 | BG26: =IFERROR(BC26/AI26,"") -> 0
D27: 019 | E27: Chi phí xử lý rác thải công nghiệp | F27: Biến phí | G27: =SUMIF('10. 170KMP'!$K:$K,$D27,'10. 170KMP'!L:L) -> #REF! | H27: =SUMIF('10. 170KMP'!$K:$K,$D27,'10. 170KMP'!M:M) -> #REF! | I27: =SUMIF('10. 170KMP'!$K:$K,$D27,'10. 170KMP'!N:N) -> #REF! | J27: =SUMIF('10. 170KMP'!$K:$K,$D27,'10. 170KMP'!O:O) -> #REF! | K27: =SUMIF('10. 170KMP'!$K:$K,$D27,'10. 170KMP'!P:P) -> #REF! | L27: =SUMIF('10. 170KMP'!$K:$K,$D27,'10. 170KMP'!Q:Q) -> #REF! | M27: =SUMIF('10. 170KMP'!$K:$K,$D27,'10. 170KMP'!R:R) -> #REF! | N27: =SUMIF('10. 170KMP'!$K:$K,$D27,'10. 170KMP'!S:S) -> #REF! | O27: =SUMIF('10. 170KMP'!$K:$K,$D27,'10. 170KMP'!T:T) -> #REF! | P27: =SUMIF('10. 170KMP'!$K:$K,$D27,'10. 170KMP'!U:U) -> #REF! | Q27: =SUMIF('10. 170KMP'!$K:$K,$D27,'10. 170KMP'!V:V) -> #REF! | R27: =SUMIF('10. 170KMP'!$K:$K,$D27,'10. 170KMP'!W:W) -> #REF! | S27: =SUMIF('10. 170KMP'!$K:$K,$D27,'10. 170KMP'!X:X) -> #REF! | T27: =SUMIF('10. 170KMP'!$K:$K,$D27,'10. 170KMP'!Y:Y) -> #REF! | U27: =SUMIF('10. 170KMP'!$K:$K,$D27,'10. 170KMP'!Z:Z) -> #REF! | V27: =SUMIF('10. 170KMP'!$K:$K,$D27,'10. 170KMP'!AA:AA) -> #REF! | W27: =SUMIF('10. 170KMP'!$K:$K,$D27,'10. 170KMP'!AB:AB) -> 12462243 | X27: =SUMIF('10. 170KMP'!$K:$K,$D27,'10. 170KMP'!AC:AC) -> 7477345.9 | Y27: =SUMIF('10. 170KMP'!$K:$K,$D27,'10. 170KMP'!AD:AD) -> 16504304 | Z27: =SUMIF('10. 170KMP'!$K:$K,$D27,'10. 170KMP'!AE:AE) -> 19793963 | AA27: =SUMIF('10. 170KMP'!$K:$K,$D27,'10. 170KMP'!AF:AF) -> 20618711 | AB27: =SUMIF('10. 170KMP'!$K:$K,$D27,'10. 170KMP'!AG:AG) -> 20618711 | AC27: =SUMIF('10. 170KMP'!$K:$K,$D27,'10. 170KMP'!AH:AH) -> 21443460 | AD27: =SUMIF('10. 170KMP'!$K:$K,$D27,'10. 170KMP'!AI:AI) -> 21455595 | AE27: =SUMIF('10. 170KMP'!$K:$K,$D27,'10. 170KMP'!AJ:AJ) -> 20630380 | AF27: =SUMIF('10. 170KMP'!$K:$K,$D27,'10. 170KMP'!AK:AK) -> 21443460 | AG27: =SUMIF('10. 170KMP'!$K:$K,$D27,'10. 170KMP'!AL:AL) -> 20618711 | AH27: =SUMIF('10. 170KMP'!$K:$K,$D27,'10. 170KMP'!AM:AM) -> 21443460 | AI27: =SUMIF('10. 170KMP'!$K:$K,$D27,'10. 170KMP'!AN:AN) -> 2.2451034e+08 | AJ27: =SUMIF('10. 170KMP'!$K:$K,$D27,'10. 170KMP'!AO:AO) -> 85901000 | AK27: =SUMIF('10. 170KMP'!$K:$K,$D27,'10. 170KMP'!AP:AP) -> 37722000 | AL27: =SUMIF('10. 170KMP'!$K:$K,$D27,'10. 170KMP'!AQ:AQ) -> 3216000 | AM27: =SUMIF('10. 170KMP'!$K:$K,$D27,'10. 170KMP'!AR:AR) -> 6500000 | AN27: =SUMIF('10. 170KMP'!$K:$K,$D27,'10. 170KMP'!AS:AS) -> 6441000 | AO27: =SUMIF('10. 170KMP'!$K:$K,$D27,'10. 170KMP'!AT:AT) -> 32022000 | AP27: =SUMIF('10. 170KMP'!$K:$K,$D27,'10. 170KMP'!AU:AU) -> 0 | AQ27: =SUMIF('10. 170KMP'!$K:$K,$D27,'10. 170KMP'!AV:AV) -> 0 | AR27: =SUMIF('10. 170KMP'!$K:$K,$D27,'10. 170KMP'!AW:AW) -> 0 | AS27: =SUMIF('10. 170KMP'!$K:$K,$D27,'10. 170KMP'!AX:AX) -> 0 | AT27: =SUMIF('10. 170KMP'!$K:$K,$D27,'10. 170KMP'!AY:AY) -> 0 | AU27: =SUMIF('10. 170KMP'!$K:$K,$D27,'10. 170KMP'!AZ:AZ) -> 0 | AV27: =SUMIF('10. 170KMP'!$K:$K,$D27,'10. 170KMP'!BA:BA) -> 0 | AW27: =AN27 -> 6441000 | AX27: =AO27 -> 32022000 | AY27: =AA27 -> 20618711 | AZ27: =IFERROR(AX27/AW27,"") -> 4.9715883 | BA27: =IFERROR(AX27/AY27,"") -> 1.5530554 | BB27: =SUM(J27:N27) -> #REF! | BC27: =SUM(AK27:AO27) -> 85901000 | BD27: =SUM(W27:AA27) -> 76856567 | BE27: =IFERROR(BC27/BB27,"") | BF27: =IFERROR(BC27/BD27,"") -> 1.1176794 | BG27: =IFERROR(BC27/AI27,"") -> 0.38261489
D28: 020 | E28: Chi phí giấy phép môi trường, DTM, phí quan trắc môi trường… | F28: Biến phí | G28: =SUMIF('10. 170KMP'!$K:$K,$D28,'10. 170KMP'!L:L) -> #REF! | H28: =SUMIF('10. 170KMP'!$K:$K,$D28,'10. 170KMP'!M:M) -> #REF! | I28: =SUMIF('10. 170KMP'!$K:$K,$D28,'10. 170KMP'!N:N) -> #REF! | J28: =SUMIF('10. 170KMP'!$K:$K,$D28,'10. 170KMP'!O:O) -> #REF! | K28: =SUMIF('10. 170KMP'!$K:$K,$D28,'10. 170KMP'!P:P) -> #REF! | L28: =SUMIF('10. 170KMP'!$K:$K,$D28,'10. 170KMP'!Q:Q) -> #REF! | M28: =SUMIF('10. 170KMP'!$K:$K,$D28,'10. 170KMP'!R:R) -> #REF! | N28: =SUMIF('10. 170KMP'!$K:$K,$D28,'10. 170KMP'!S:S) -> #REF! | O28: =SUMIF('10. 170KMP'!$K:$K,$D28,'10. 170KMP'!T:T) -> #REF! | P28: =SUMIF('10. 170KMP'!$K:$K,$D28,'10. 170KMP'!U:U) -> #REF! | Q28: =SUMIF('10. 170KMP'!$K:$K,$D28,'10. 170KMP'!V:V) -> #REF! | R28: =SUMIF('10. 170KMP'!$K:$K,$D28,'10. 170KMP'!W:W) -> #REF! | S28: =SUMIF('10. 170KMP'!$K:$K,$D28,'10. 170KMP'!X:X) -> #REF! | T28: =SUMIF('10. 170KMP'!$K:$K,$D28,'10. 170KMP'!Y:Y) -> #REF! | U28: =SUMIF('10. 170KMP'!$K:$K,$D28,'10. 170KMP'!Z:Z) -> #REF! | V28: =SUMIF('10. 170KMP'!$K:$K,$D28,'10. 170KMP'!AA:AA) -> #REF! | W28: =SUMIF('10. 170KMP'!$K:$K,$D28,'10. 170KMP'!AB:AB) -> 11977279 | X28: =SUMIF('10. 170KMP'!$K:$K,$D28,'10. 170KMP'!AC:AC) -> 6959418.3 | Y28: =SUMIF('10. 170KMP'!$K:$K,$D28,'10. 170KMP'!AD:AD) -> 9768945.7 | Z28: =SUMIF('10. 170KMP'!$K:$K,$D28,'10. 170KMP'!AE:AE) -> 9815398 | AA28: =SUMIF('10. 170KMP'!$K:$K,$D28,'10. 170KMP'!AF:AF) -> 9768946 | AB28: =SUMIF('10. 170KMP'!$K:$K,$D28,'10. 170KMP'!AG:AG) -> 9830020.1 | AC28: =SUMIF('10. 170KMP'!$K:$K,$D28,'10. 170KMP'!AH:AH) -> 9830020.1 | AD28: =SUMIF('10. 170KMP'!$K:$K,$D28,'10. 170KMP'!AI:AI) -> 9830020.1 | AE28: =SUMIF('10. 170KMP'!$K:$K,$D28,'10. 170KMP'!AJ:AJ) -> 9791342.1 | AF28: =SUMIF('10. 170KMP'!$K:$K,$D28,'10. 170KMP'!AK:AK) -> 9768946.1 | AG28: =SUMIF('10. 170KMP'!$K:$K,$D28,'10. 170KMP'!AL:AL) -> 9768955.1 | AH28: =SUMIF('10. 170KMP'!$K:$K,$D28,'10. 170KMP'!AM:AM) -> 9626177.1 | AI28: =SUMIF('10. 170KMP'!$K:$K,$D28,'10. 170KMP'!AN:AN) -> 1.1673547e+08 | AJ28: =SUMIF('10. 170KMP'!$K:$K,$D28,'10. 170KMP'!AO:AO) -> 20845123 | AK28: =SUMIF('10. 170KMP'!$K:$K,$D28,'10. 170KMP'!AP:AP) -> 3711379 | AL28: =SUMIF('10. 170KMP'!$K:$K,$D28,'10. 170KMP'!AQ:AQ) -> 3533436 | AM28: =SUMIF('10. 170KMP'!$K:$K,$D28,'10. 170KMP'!AR:AR) -> 4533436 | AN28: =SUMIF('10. 170KMP'!$K:$K,$D28,'10. 170KMP'!AS:AS) -> 4533436 | AO28: =SUMIF('10. 170KMP'!$K:$K,$D28,'10. 170KMP'!AT:AT) -> 4533436 | AP28: =SUMIF('10. 170KMP'!$K:$K,$D28,'10. 170KMP'!AU:AU) -> 0 | AQ28: =SUMIF('10. 170KMP'!$K:$K,$D28,'10. 170KMP'!AV:AV) -> 0 | AR28: =SUMIF('10. 170KMP'!$K:$K,$D28,'10. 170KMP'!AW:AW) -> 0 | AS28: =SUMIF('10. 170KMP'!$K:$K,$D28,'10. 170KMP'!AX:AX) -> 0 | AT28: =SUMIF('10. 170KMP'!$K:$K,$D28,'10. 170KMP'!AY:AY) -> 0 | AU28: =SUMIF('10. 170KMP'!$K:$K,$D28,'10. 170KMP'!AZ:AZ) -> 0 | AV28: =SUMIF('10. 170KMP'!$K:$K,$D28,'10. 170KMP'!BA:BA) -> 0 | AW28: =AN28 -> 4533436 | AX28: =AO28 -> 4533436 | AY28: =AA28 -> 9768946 | AZ28: =IFERROR(AX28/AW28,"") -> 1 | BA28: =IFERROR(AX28/AY28,"") -> 0.46406603 | BB28: =SUM(J28:N28) -> #REF! | BC28: =SUM(AK28:AO28) -> 20845123 | BD28: =SUM(W28:AA28) -> 48289987 | BE28: =IFERROR(BC28/BB28,"") | BF28: =IFERROR(BC28/BD28,"") -> 0.43166553 | BG28: =IFERROR(BC28/AI28,"") -> 0.17856718
B29: 12 | C29: Chi phí gia công thuê ngoài | D29: 021 | E29: Chi phí gia công thuê ngoài | F29: Biến phí | G29: =SUMIF('10. 170KMP'!$K:$K,$D29,'10. 170KMP'!L:L) -> #REF! | H29: =SUMIF('10. 170KMP'!$K:$K,$D29,'10. 170KMP'!M:M) -> #REF! | I29: =SUMIF('10. 170KMP'!$K:$K,$D29,'10. 170KMP'!N:N) -> #REF! | J29: =SUMIF('10. 170KMP'!$K:$K,$D29,'10. 170KMP'!O:O) -> #REF! | K29: =SUMIF('10. 170KMP'!$K:$K,$D29,'10. 170KMP'!P:P) -> #REF! | L29: =SUMIF('10. 170KMP'!$K:$K,$D29,'10. 170KMP'!Q:Q) -> #REF! | M29: =SUMIF('10. 170KMP'!$K:$K,$D29,'10. 170KMP'!R:R) -> #REF! | N29: =SUMIF('10. 170KMP'!$K:$K,$D29,'10. 170KMP'!S:S) -> #REF! | O29: =SUMIF('10. 170KMP'!$K:$K,$D29,'10. 170KMP'!T:T) -> #REF! | P29: =SUMIF('10. 170KMP'!$K:$K,$D29,'10. 170KMP'!U:U) -> #REF! | Q29: =SUMIF('10. 170KMP'!$K:$K,$D29,'10. 170KMP'!V:V) -> #REF! | R29: =SUMIF('10. 170KMP'!$K:$K,$D29,'10. 170KMP'!W:W) -> #REF! | S29: =SUMIF('10. 170KMP'!$K:$K,$D29,'10. 170KMP'!X:X) -> #REF! | T29: =SUMIF('10. 170KMP'!$K:$K,$D29,'10. 170KMP'!Y:Y) -> #REF! | U29: =SUMIF('10. 170KMP'!$K:$K,$D29,'10. 170KMP'!Z:Z) -> #REF! | V29: =SUMIF('10. 170KMP'!$K:$K,$D29,'10. 170KMP'!AA:AA) -> #REF! | W29: =SUMIF('10. 170KMP'!$K:$K,$D29,'10. 170KMP'!AB:AB) -> 0 | X29: =SUMIF('10. 170KMP'!$K:$K,$D29,'10. 170KMP'!AC:AC) -> 0 | Y29: =SUMIF('10. 170KMP'!$K:$K,$D29,'10. 170KMP'!AD:AD) -> 0 | Z29: =SUMIF('10. 170KMP'!$K:$K,$D29,'10. 170KMP'!AE:AE) -> 0 | AA29: =SUMIF('10. 170KMP'!$K:$K,$D29,'10. 170KMP'!AF:AF) -> 0 | AB29: =SUMIF('10. 170KMP'!$K:$K,$D29,'10. 170KMP'!AG:AG) -> 0 | AC29: =SUMIF('10. 170KMP'!$K:$K,$D29,'10. 170KMP'!AH:AH) -> 0 | AD29: =SUMIF('10. 170KMP'!$K:$K,$D29,'10. 170KMP'!AI:AI) -> 0 | AE29: =SUMIF('10. 170KMP'!$K:$K,$D29,'10. 170KMP'!AJ:AJ) -> 0 | AF29: =SUMIF('10. 170KMP'!$K:$K,$D29,'10. 170KMP'!AK:AK) -> 0 | AG29: =SUMIF('10. 170KMP'!$K:$K,$D29,'10. 170KMP'!AL:AL) -> 0 | AH29: =SUMIF('10. 170KMP'!$K:$K,$D29,'10. 170KMP'!AM:AM) -> 0 | AI29: =SUMIF('10. 170KMP'!$K:$K,$D29,'10. 170KMP'!AN:AN) -> 0 | AJ29: =SUMIF('10. 170KMP'!$K:$K,$D29,'10. 170KMP'!AO:AO) -> 0 | AK29: =SUMIF('10. 170KMP'!$K:$K,$D29,'10. 170KMP'!AP:AP) -> 0 | AL29: =SUMIF('10. 170KMP'!$K:$K,$D29,'10. 170KMP'!AQ:AQ) -> 0 | AM29: =SUMIF('10. 170KMP'!$K:$K,$D29,'10. 170KMP'!AR:AR) -> 0 | AN29: =SUMIF('10. 170KMP'!$K:$K,$D29,'10. 170KMP'!AS:AS) -> 0 | AO29: =SUMIF('10. 170KMP'!$K:$K,$D29,'10. 170KMP'!AT:AT) -> 0 | AP29: =SUMIF('10. 170KMP'!$K:$K,$D29,'10. 170KMP'!AU:AU) -> 0 | AQ29: =SUMIF('10. 170KMP'!$K:$K,$D29,'10. 170KMP'!AV:AV) -> 0 | AR29: =SUMIF('10. 170KMP'!$K:$K,$D29,'10. 170KMP'!AW:AW) -> 0 | AS29: =SUMIF('10. 170KMP'!$K:$K,$D29,'10. 170KMP'!AX:AX) -> 0 | AT29: =SUMIF('10. 170KMP'!$K:$K,$D29,'10. 170KMP'!AY:AY) -> 0 | AU29: =SUMIF('10. 170KMP'!$K:$K,$D29,'10. 170KMP'!AZ:AZ) -> 0 | AV29: =SUMIF('10. 170KMP'!$K:$K,$D29,'10. 170KMP'!BA:BA) -> 0 | AW29: =AN29 -> 0 | AX29: =AO29 -> 0 | AY29: =AA29 -> 0 | AZ29: =IFERROR(AX29/AW29,"") | BA29: =IFERROR(AX29/AY29,"") | BB29: =SUM(J29:N29) -> #REF! | BC29: =SUM(AK29:AO29) -> 0 | BD29: =SUM(W29:AA29) -> 0 | BE29: =IFERROR(BC29/BB29,"") | BF29: =IFERROR(BC29/BD29,"") | BG29: =IFERROR(BC29/AI29,"")
B30: III | C30: Định phí hoạt động | D30: =IF($B$1="x","",B30) -> III | E30: =IF($B$1="x","",C30) -> Định phí hoạt động | G30: =SUM(G31:G67) -> #REF! | H30: =SUM(H31:H67) -> #REF! | I30: =SUM(I31:I67) -> #REF! | J30: =SUM(J31:J67) -> #REF! | K30: =SUM(K31:K67) -> #REF! | L30: =SUM(L31:L67) -> #REF! | M30: =SUM(M31:M67) -> #REF! | N30: =SUM(N31:N67) -> #REF! | ... AV30: =SUM(AV31:AV67) -> 0 | AW30: =AN30 -> 172118323 | AX30: =AO30 -> 287665915 | AY30: =AA30 -> 5.8530496e+08 | AZ30: =IFERROR(AX30/AW30,"") -> 1.6713265 | BA30: =IFERROR(AX30/AY30,"") -> 0.4914804 | BB30: =SUM(J30:N30) -> #REF! | BC30: =SUM(AK30:AO30) -> 1021658996 | BD30: =SUM(W30:AA30) -> 1.7421535e+09 | BE30: =IFERROR(BC30/BB30,"") | BF30: =IFERROR(BC30/BD30,"") -> 0.58643454 | BG30: =IFERROR(BC30/AI30,"") -> 0.16610026
B31: 13 | C31: Chi phí sửa chữa, bảo trì | D31: 022 | E31: Chi phí sửa chữa, bảo trì công trình xây dựng (nhà xưởng, văn phòng, ... ) | F31: Định phí | G31: =SUMIF('10. 170KMP'!$K:$K,$D31,'10. 170KMP'!L:L) -> #REF! | H31: =SUMIF('10. 170KMP'!$K:$K,$D31,'10. 170KMP'!M:M) -> #REF! | I31: =SUMIF('10. 170KMP'!$K:$K,$D31,'10. 170KMP'!N:N) -> #REF! | J31: =SUMIF('10. 170KMP'!$K:$K,$D31,'10. 170KMP'!O:O) -> #REF! | K31: =SUMIF('10. 170KMP'!$K:$K,$D31,'10. 170KMP'!P:P) -> #REF! | L31: =SUMIF('10. 170KMP'!$K:$K,$D31,'10. 170KMP'!Q:Q) -> #REF! | M31: =SUMIF('10. 170KMP'!$K:$K,$D31,'10. 170KMP'!R:R) -> #REF! | N31: =SUMIF('10. 170KMP'!$K:$K,$D31,'10. 170KMP'!S:S) -> #REF! | O31: =SUMIF('10. 170KMP'!$K:$K,$D31,'10. 170KMP'!T:T) -> #REF! | P31: =SUMIF('10. 170KMP'!$K:$K,$D31,'10. 170KMP'!U:U) -> #REF! | Q31: =SUMIF('10. 170KMP'!$K:$K,$D31,'10. 170KMP'!V:V) -> #REF! | R31: =SUMIF('10. 170KMP'!$K:$K,$D31,'10. 170KMP'!W:W) -> #REF! | S31: =SUMIF('10. 170KMP'!$K:$K,$D31,'10. 170KMP'!X:X) -> #REF! | T31: =SUMIF('10. 170KMP'!$K:$K,$D31,'10. 170KMP'!Y:Y) -> #REF! | U31: =SUMIF('10. 170KMP'!$K:$K,$D31,'10. 170KMP'!Z:Z) -> #REF! | V31: =SUMIF('10. 170KMP'!$K:$K,$D31,'10. 170KMP'!AA:AA) -> #REF! | W31: =SUMIF('10. 170KMP'!$K:$K,$D31,'10. 170KMP'!AB:AB) -> 890298 | X31: =SUMIF('10. 170KMP'!$K:$K,$D31,'10. 170KMP'!AC:AC) -> 5095389 | Y31: =SUMIF('10. 170KMP'!$K:$K,$D31,'10. 170KMP'!AD:AD) -> 8333333.3 | Z31: =SUMIF('10. 170KMP'!$K:$K,$D31,'10. 170KMP'!AE:AE) -> 8333333.3 | AA31: =SUMIF('10. 170KMP'!$K:$K,$D31,'10. 170KMP'!AF:AF) -> 8333333.3 | AB31: =SUMIF('10. 170KMP'!$K:$K,$D31,'10. 170KMP'!AG:AG) -> 8333333.3 | AC31: =SUMIF('10. 170KMP'!$K:$K,$D31,'10. 170KMP'!AH:AH) -> 8333333.3 | AD31: =SUMIF('10. 170KMP'!$K:$K,$D31,'10. 170KMP'!AI:AI) -> 8333333.3 | AE31: =SUMIF('10. 170KMP'!$K:$K,$D31,'10. 170KMP'!AJ:AJ) -> 8333333.3 | AF31: =SUMIF('10. 170KMP'!$K:$K,$D31,'10. 170KMP'!AK:AK) -> 8333333.3 | AG31: =SUMIF('10. 170KMP'!$K:$K,$D31,'10. 170KMP'!AL:AL) -> 8333333.3 | AH31: =SUMIF('10. 170KMP'!$K:$K,$D31,'10. 170KMP'!AM:AM) -> 8333333.3 | AI31: =SUMIF('10. 170KMP'!$K:$K,$D31,'10. 170KMP'!AN:AN) -> 89319020 | AJ31: =SUMIF('10. 170KMP'!$K:$K,$D31,'10. 170KMP'!AO:AO) -> 13505827 | AK31: =SUMIF('10. 170KMP'!$K:$K,$D31,'10. 170KMP'!AP:AP) -> 3394326 | AL31: =SUMIF('10. 170KMP'!$K:$K,$D31,'10. 170KMP'!AQ:AQ) -> 3394326 | AM31: =SUMIF('10. 170KMP'!$K:$K,$D31,'10. 170KMP'!AR:AR) -> 1709119 | AN31: =SUMIF('10. 170KMP'!$K:$K,$D31,'10. 170KMP'!AS:AS) -> 2504028 | AO31: =SUMIF('10. 170KMP'!$K:$K,$D31,'10. 170KMP'!AT:AT) -> 2504028 | AP31: =SUMIF('10. 170KMP'!$K:$K,$D31,'10. 170KMP'!AU:AU) -> 0 | AQ31: =SUMIF('10. 170KMP'!$K:$K,$D31,'10. 170KMP'!AV:AV) -> 0 | AR31: =SUMIF('10. 170KMP'!$K:$K,$D31,'10. 170KMP'!AW:AW) -> 0 | AS31: =SUMIF('10. 170KMP'!$K:$K,$D31,'10. 170KMP'!AX:AX) -> 0 | AT31: =SUMIF('10. 170KMP'!$K:$K,$D31,'10. 170KMP'!AY:AY) -> 0 | AU31: =SUMIF('10. 170KMP'!$K:$K,$D31,'10. 170KMP'!AZ:AZ) -> 0 | AV31: =SUMIF('10. 170KMP'!$K:$K,$D31,'10. 170KMP'!BA:BA) -> 0 | AW31: =AN31 -> 2504028 | AX31: =AO31 -> 2504028 | AY31: =AA31 -> 8333333.3 | AZ31: =IFERROR(AX31/AW31,"") -> 1 | BA31: =IFERROR(AX31/AY31,"") -> 0.30048336 | BB31: =SUM(J31:N31) -> #REF! | BC31: =SUM(AK31:AO31) -> 13505827 | BD31: =SUM(W31:AA31) -> 30985687 | BE31: =IFERROR(BC31/BB31,"") | BF31: =IFERROR(BC31/BD31,"") -> 0.43587309 | BG31: =IFERROR(BC31/AI31,"") -> 0.15120886
